case,replicate,reference_mode,reference_real,reference_imag,matched,distance,mu_real,mu_imag,lambda_real,lambda_imag,gram_kept,trivial_error
driven_dt1e-3,0,0,-0.9401735849314701,0.0,1,0.004288400062637865,0.6236094471759503,0.0,-0.9444619849941079,0.0,500,2.220446049250313e-16
driven_dt1e-3,0,1,-1.7527488199044507,0.0,1,0.10430712002530163,0.4385765763410771,0.0,-1.6484416998791491,0.0,500,2.220446049250313e-16
driven_dt1e-3,0,2,-2.2396104765324987,0.0,1,0.25835077125134553,0.3713427261514593,0.0,-1.9812597052811531,0.0,500,2.220446049250313e-16
driven_dt1e-3,0,3,-2.3174426658637897,0.0,1,0.3361829605826365,0.3713427261514593,0.0,-1.9812597052811531,0.0,500,2.220446049250313e-16
driven_dt1e-3,0,4,-2.6524200481523486,3.060159041643113,1,0.18639578435339257,0.031624210408197254,0.2528530414038846,-2.734372340471751,2.892745750031271,500,2.220446049250313e-16
driven_dt1e-3,0,5,-2.7189907205137063,0.0,1,0.009442989192421258,0.25800563178863456,0.0,-2.709547731321285,0.0,500,2.220446049250313e-16
driven_dt1e-3,0,6,-2.9604741803555354,5.370695425996387,1,0.043041478045873494,-0.201871798970484,0.10451621196638126,-2.9627644965648585,5.327714927115677,500,2.220446049250313e-16
driven_dt1e-3,1,0,-0.9401735849314701,0.0,1,6.758350191549134e-05,0.6249691435935683,0.0,-0.9401060014295546,0.0,500,2.3314683517128287e-15
driven_dt1e-3,1,1,-1.7527488199044507,0.0,1,0.09039287816803632,0.43553593538073415,0.0,-1.6623559417364144,0.0,500,2.3314683517128287e-15
driven_dt1e-3,1,2,-2.2396104765324987,0.0,1,0.15507251272516376,0.3526536088355382,0.0,-2.084537963807335,0.0,500,2.3314683517128287e-15
driven_dt1e-3,1,3,-2.3174426658637897,0.0,1,0.23290470205645475,0.3526536088355382,0.0,-2.084537963807335,0.0,500,2.3314683517128287e-15
driven_dt1e-3,1,4,-2.6524200481523486,3.060159041643113,1,0.4260846023388139,-0.013319906202846097,0.32290159609102514,-2.2591151450687934,3.224047239999982,500,2.3314683517128287e-15
driven_dt1e-3,1,5,-2.7189907205137063,0.0,1,0.17051824094515045,0.23580396386655403,0.0,-2.8895089614588567,0.0,500,2.3314683517128287e-15
driven_dt1e-3,1,6,-2.9604741803555354,5.370695425996387,1,0.1997147967142719,-0.18315384137277105,0.09559720301034831,-3.1539275088095096,5.321078798373162,500,2.3314683517128287e-15
driven_dt1e-3,2,0,-0.9401735849314701,0.0,1,0.010403998500033373,0.6282074747838582,0.0,-0.9297695864314367,0.0,500,1.7763568394002505e-15
driven_dt1e-3,2,1,-1.7527488199044507,0.0,1,0.09694431584025254,0.3965922644019956,0.0,-1.8496931357447033,0.0,500,1.7763568394002505e-15
driven_dt1e-3,2,2,-2.2396104765324987,0.0,1,0.19807724987211017,0.2955716907698861,0.0,-2.437687726404609,0.0,500,1.7763568394002505e-15
driven_dt1e-3,2,3,-2.3174426658637897,0.0,1,0.12024506054081918,0.2955716907698861,0.0,-2.437687726404609,0.0,500,1.7763568394002505e-15
driven_dt1e-3,2,4,-2.6524200481523486,3.060159041643113,1,0.4183365682243958,0.03971737500673467,0.2228895767643627,-2.9708985332129054,2.788908347879397,500,1.7763568394002505e-15
driven_dt1e-3,2,5,-2.7189907205137063,0.0,1,0.0341834290447518,0.2612170401586228,0.0,-2.6848072914689545,0.0,500,1.7763568394002505e-15
driven_dt1e-3,2,6,-2.9604741803555354,5.370695425996387,1,0.3958670606989835,-0.16294405027855563,0.1042911376890661,-3.2853520909772156,5.144498447819082,500,1.7763568394002505e-15
driven_dt1e-3,3,0,-0.9401735849314701,0.0,1,0.011535302589256835,0.6213539176053168,0.0,-0.9517088875207269,0.0,500,2.220446049250313e-15
driven_dt1e-3,3,1,-1.7527488199044507,0.0,1,0.2977221609311316,0.35871198222429146,0.0,-2.0504709808355823,0.0,500,2.220446049250313e-15
driven_dt1e-3,3,2,-2.2396104765324987,0.0,1,0.08258429905674314,0.34010084964946163,0.0,-2.1570261774757555,0.0,500,2.220446049250313e-15
driven_dt1e-3,3,3,-2.3174426658637897,0.0,1,0.16041648838803413,0.34010084964946163,0.0,-2.1570261774757555,0.0,500,2.220446049250313e-15
driven_dt1e-3,3,4,-2.6524200481523486,3.060159041643113,1,0.24216244637650938,0.022774854421394805,0.29716658196156825,-2.4210683201551286,2.988611656032204,500,2.220446049250313e-15
driven_dt1e-3,3,5,-2.7189907205137063,0.0,1,0.006002766628097511,0.25602076012022557,0.0,-2.724993487141804,0.0,500,2.220446049250313e-15
driven_dt1e-3,3,6,-2.9604741803555354,5.370695425996387,1,0.3996779219975971,-0.1854570397613122,0.06252801246882617,-3.2621992281081966,5.632810738198806,500,2.220446049250313e-15
driven_dt1e-3,4,0,-0.9401735849314701,0.0,1,0.0032398646675059206,0.62596121909283,0.0,-0.9369337202639642,0.0,500,1.5543122344752192e-15
driven_dt1e-3,4,1,-1.7527488199044507,0.0,1,0.04480684479058805,0.4070668597962378,0.0,-1.7975556646950388,0.0,500,1.5543122344752192e-15
driven_dt1e-3,4,2,-2.2396104765324987,0.0,1,0.2233163570782306,0.29186514464322527,0.0,-2.4629268336107293,0.0,500,1.5543122344752192e-15
driven_dt1e-3,4,3,-2.3174426658637897,0.0,1,0.14548416774693962,0.29186514464322527,0.0,-2.4629268336107293,0.0,500,1.5543122344752192e-15
driven_dt1e-3,4,4,-2.6524200481523486,3.060159041643113,1,0.15286136444407908,0.030914500867481202,0.2692340931533164,-2.6112497239795105,2.91294626656157,500,1.5543122344752192e-15
driven_dt1e-3,4,5,-2.7189907205137063,0.0,1,0.04912114170916082,0.2505602342908141,0.0,-2.768111862222867,0.0,500,1.5543122344752192e-15
driven_dt1e-3,4,6,-2.9604741803555354,5.370695425996387,1,0.04747713077847196,-0.20172843062495613,0.09557950407029603,-2.999142053838425,5.398243084830985,500,1.5543122344752192e-15
driven_dt1e-3,5,0,-0.9401735849314701,0.0,1,0.0054469354016468685,0.6232483149910015,0.0,-0.9456205203331169,0.0,500,5.10702591327572e-15
driven_dt1e-3,5,1,-1.7527488199044507,0.0,1,0.12715834266502113,0.39064596822163367,0.0,-1.8799071625694719,0.0,500,5.10702591327572e-15
driven_dt1e-3,5,2,-2.2396104765324987,0.0,1,0.3597033139630268,0.39064596822163367,0.0,-1.8799071625694719,0.0,500,5.10702591327572e-15
driven_dt1e-3,5,3,-2.3174426658637897,0.0,1,0.30383003431869016,0.2696484109862628,0.0,-2.62127270018248,0.0,500,5.10702591327572e-15
driven_dt1e-3,5,4,-2.6524200481523486,3.060159041643113,1,0.6205393121712125,0.02622672890448007,0.19568145144548046,-3.244730398710152,2.8751252972287134,500,5.10702591327572e-15
driven_dt1e-3,5,5,-2.7189907205137063,0.0,1,0.09771802033122645,0.2696484109862628,0.0,-2.62127270018248,0.0,500,5.10702591327572e-15
driven_dt1e-3,5,6,-2.9604741803555354,5.370695425996387,1,0.28520834791951694,-0.21530026743944752,0.06985657647671513,-2.97134904664195,5.655696371619788,500,5.10702591327572e-15
driven_dt1e-3,6,0,-0.9401735849314701,0.0,1,0.009209782646185438,0.6220768232703023,0.0,-0.9493833675776555,0.0,500,7.993605777301127e-15
driven_dt1e-3,6,1,-1.7527488199044507,0.0,1,0.14033418614740611,0.38808088172623123,0.0,-1.8930830060518569,0.0,500,7.993605777301127e-15
driven_dt1e-3,6,2,-2.2396104765324987,0.0,1,0.30299845773350187,0.37972574542314186,0.0,-1.9366120187989968,0.0,500,7.993605777301127e-15
driven_dt1e-3,6,3,-2.3174426658637897,0.0,1,0.3532743518890631,0.2630638478238806,0.0,-2.6707170177528528,0.0,500,7.993605777301127e-15
driven_dt1e-3,6,4,-2.6524200481523486,3.060159041643113,1,0.47088340391543776,-0.011936339590187603,0.3314545708716298,-2.2072330162991487,3.213585528120277,500,7.993605777301127e-15
driven_dt1e-3,6,5,-2.7189907205137063,0.0,1,0.04827370276085352,0.2630638478238806,0.0,-2.6707170177528528,0.0,500,7.993605777301127e-15
driven_dt1e-3,6,6,-2.9604741803555354,5.370695425996387,1,0.47354918235094867,-0.18971579716353576,0.15405901847737144,-2.8179834078010164,4.919092494382709,500,7.993605777301127e-15
driven_dt1e-3,7,0,-0.9401735849314701,0.0,1,0.004381048910054419,0.6235805594967986,0.0,-0.9445546338415245,0.0,500,3.774758283725532e-15
driven_dt1e-3,7,1,-1.7527488199044507,0.0,1,0.07235916024566236,0.401497492849214,0.0,-1.825107980150113,0.0,500,3.774758283725532e-15
driven_dt1e-3,7,2,-2.2396104765324987,0.0,1,0.06633484408269341,0.3373488178210013,0.0,-2.1732756324498053,0.0,500,3.774758283725532e-15
driven_dt1e-3,7,3,-2.3174426658637897,0.0,1,0.1441670334139844,0.3373488178210013,0.0,-2.1732756324498053,0.0,500,3.774758283725532e-15
driven_dt1e-3,7,4,-2.6524200481523486,3.060159041643113,1,0.22965351690067518,-0.002138975884799917,0.29466615052729805,-2.4437718218248032,3.156110359899915,500,3.774758283725532e-15
driven_dt1e-3,7,5,-2.7189907205137063,0.0,1,0.0349602183275306,0.26131851516215815,0.0,-2.6840305021861757,0.0,500,3.774758283725532e-15
driven_dt1e-3,7,6,-2.9604741803555354,5.370695425996387,1,0.6052496068340292,-0.15617065521474288,0.14621362433644855,-3.084176731638299,4.778221995892655,500,3.774758283725532e-15
driven_dt1e-3,8,0,-0.9401735849314701,0.0,1,0.022128162937470885,0.6319008936372313,0.0,-0.9180454219939992,0.0,500,3.774758283725532e-15
driven_dt1e-3,8,1,-1.7527488199044507,0.0,1,0.13365469104478245,0.4450596039031553,0.0,-1.6190941288596683,0.0,500,3.774758283725532e-15
driven_dt1e-3,8,2,-2.2396104765324987,0.0,1,0.03997990762211501,0.3329325758407582,0.0,-2.1996305689103837,0.0,500,3.774758283725532e-15
driven_dt1e-3,8,3,-2.3174426658637897,0.0,1,0.117812096953406,0.3329325758407582,0.0,-2.1996305689103837,0.0,500,3.774758283725532e-15
driven_dt1e-3,8,4,-2.6524200481523486,3.060159041643113,1,0.3645041650227517,-0.026300864486530982,0.23817100336760766,-2.8574120252618633,3.3615584040174644,500,3.774758283725532e-15
driven_dt1e-3,8,5,-2.7189907205137063,0.0,1,0.019499018077836716,0.2593061546154783,0.0,-2.6994917024358696,0.0,500,3.774758283725532e-15
driven_dt1e-3,8,6,-2.9604741803555354,5.370695425996387,1,0.3700353705580153,-0.25019527606770214,0.10122672526063495,-2.61942788885402,5.5142698057341075,500,3.774758283725532e-15
driven_dt1e-3,9,0,-0.9401735849314701,0.0,1,0.00694185865191832,0.6227826348533128,0.0,-0.9471154435833884,0.0,500,3.552713678800501e-15
driven_dt1e-3,9,1,-1.7527488199044507,0.0,1,0.06007151671217881,0.40397181499912654,0.0,-1.8128203366166296,0.0,500,3.552713678800501e-15
driven_dt1e-3,9,2,-2.2396104765324987,0.0,1,0.04233326104893376,0.33332456042422365,0.0,-2.197277215483565,0.0,500,3.552713678800501e-15
driven_dt1e-3,9,3,-2.3174426658637897,0.0,1,0.12016545038022475,0.33332456042422365,0.0,-2.197277215483565,0.0,500,3.552713678800501e-15
driven_dt1e-3,9,4,-2.6524200481523486,3.060159041643113,1,0.22639073411225707,0.030221105688046278,0.24384116027124822,-2.8072327286982097,2.894974906708514,500,3.552713678800501e-15
driven_dt1e-3,9,5,-2.7189907205137063,0.0,1,0.05029119565536577,0.25041369266494856,0.0,-2.769281916169072,0.0,500,3.552713678800501e-15
driven_dt1e-3,9,6,-2.9604741803555354,5.370695425996387,1,0.5844612039305097,-0.16761672811939152,0.15566063305308406,-2.9502695395656158,4.786323314917967,500,3.552713678800501e-15
driven_dt1e-3,10,0,-0.9401735849314701,0.0,1,0.01522378531984414,0.6297232134881853,0.0,-0.9249497996116259,0.0,500,5.551115123125783e-15
driven_dt1e-3,10,1,-1.7527488199044507,0.0,1,0.05346076478486084,0.40530930295896944,0.0,-1.8062095846893116,0.0,500,5.551115123125783e-15
driven_dt1e-3,10,2,-2.2396104765324987,0.0,1,0.23108011259618486,0.29393882232836893,0.015266796645313588,-2.4460732460339627,0.10378411847315952,500,5.551115123125783e-15
driven_dt1e-3,10,3,-2.3174426658637897,0.0,1,0.1652784601881507,0.29393882232836893,0.015266796645313588,-2.4460732460339627,0.10378411847315952,500,5.551115123125783e-15
driven_dt1e-3,10,4,-2.6524200481523486,3.060159041643113,1,0.34498965826170647,0.05162516786459209,0.24723803158999325,-2.752130588712538,2.729892978583761,500,5.551115123125783e-15
driven_dt1e-3,10,5,-2.7189907205137063,0.0,1,0.005631062712979418,0.25751435086921365,0.0,-2.713359657800727,0.0,500,5.551115123125783e-15
driven_dt1e-3,10,6,-2.9604741803555354,5.370695425996387,1,0.28089991018554944,-0.195082713525036,0.07116606212361443,-3.143724904473845,5.583589605466764,500,5.551115123125783e-15
driven_dt1e-3,11,0,-0.9401735849314701,0.0,1,0.0031502597182392345,0.6259331751094147,0.0,-0.9370233252132308,0.0,500,4.440892098500626e-16
driven_dt1e-3,11,1,-1.7527488199044507,0.0,1,0.0944339484779324,0.39709037308389483,0.0,-1.8471827683823832,0.0,500,4.440892098500626e-16
driven_dt1e-3,11,2,-2.2396104765324987,0.0,1,0.04397784298132601,0.31924572984034816,0.0,-2.2835883195138247,0.0,500,4.440892098500626e-16
driven_dt1e-3,11,3,-2.3174426658637897,0.0,1,0.03385434634996498,0.31924572984034816,0.0,-2.2835883195138247,0.0,500,4.440892098500626e-16
driven_dt1e-3,11,4,-2.6524200481523486,3.060159041643113,1,0.6310592541193499,0.09299312715907529,0.24992243035360379,-2.643542171001231,2.4291622385553637,500,4.440892098500626e-16
driven_dt1e-3,11,5,-2.7189907205137063,0.0,1,0.057840128131807056,0.26432515229686565,0.0,-2.661150592381899,0.0,500,4.440892098500626e-16
driven_dt1e-3,11,6,-2.9604741803555354,5.370695425996387,1,0.6456045705798695,-0.163068981239128,0.05153247223185799,-3.531975254303748,5.6710148959440705,500,4.440892098500626e-16
driven_dt1e-3,12,0,-0.9401735849314701,0.0,1,0.006488273123729904,0.6269787340538786,0.0,-0.9336853118077402,0.0,500,3.552713678800501e-15
driven_dt1e-3,12,1,-1.7527488199044507,0.0,1,0.03339118580128253,0.42329801659172234,0.0,-1.7193576341031682,0.0,500,3.552713678800501e-15
driven_dt1e-3,12,2,-2.2396104765324987,0.0,1,0.03204341539870681,0.32115643247820297,0.0,-2.2716538919312055,0.0,500,3.552713678800501e-15
driven_dt1e-3,12,3,-2.3174426658637897,0.0,1,0.04578877393258418,0.32115643247820297,0.0,-2.2716538919312055,0.0,500,3.552713678800501e-15
driven_dt1e-3,12,4,-2.6524200481523486,3.060159041643113,1,0.5127094921682158,0.0593154485894691,0.2242286257583362,-2.9225413107806735,2.624377528915153,500,3.552713678800501e-15
driven_dt1e-3,12,5,-2.7189907205137063,0.0,1,0.03047086979489322,0.26073259805839855,0.0,-2.688519850718813,0.0,500,3.552713678800501e-15
driven_dt1e-3,12,6,-2.9604741803555354,5.370695425996387,1,0.210757253154779,-0.22761846025158658,0.0915228086647757,-2.810305742964281,5.518573957801435,500,3.552713678800501e-15
driven_dt1e-3,13,0,-0.9401735849314701,0.0,1,0.00492154778710574,0.6264877746445384,0.0,-0.9352520371443643,0.0,500,2.6645352591003757e-15
driven_dt1e-3,13,1,-1.7527488199044507,0.0,1,0.0754753830767192,0.4322994677935,0.0,-1.6772734368277316,0.0,500,2.6645352591003757e-15
driven_dt1e-3,13,2,-2.2396104765324987,0.0,1,0.18764659472900283,0.3570127134251697,0.00927241263018778,-2.059293443217168,0.05193276431838194,500,2.6645352591003757e-15
driven_dt1e-3,13,3,-2.3174426658637897,0.0,1,0.26332115973237624,0.3570127134251697,0.00927241263018778,-2.059293443217168,0.05193276431838194,500,2.6645352591003757e-15
driven_dt1e-3,13,4,-2.6524200481523486,3.060159041643113,1,0.2883548665443969,-0.023426893541388164,0.25058978123191983,-2.7591741761588615,3.3280248386635725,500,2.6645352591003757e-15
driven_dt1e-3,13,5,-2.7189907205137063,0.0,1,0.05720219945241478,0.2642408554437579,0.0,-2.6617885210612915,0.0,500,2.6645352591003757e-15
driven_dt1e-3,13,6,-2.9604741803555354,5.370695425996387,1,0.15257100867130932,-0.22213403791179076,0.09829211162605463,-2.830135295992935,5.450002978663793,500,2.6645352591003757e-15
driven_dt1e-3,14,0,-0.9401735849314701,0.0,1,0.0038756793698201397,0.6237381487164839,0.0,-0.9440492643012902,0.0,500,6.661338147750939e-16
driven_dt1e-3,14,1,-1.7527488199044507,0.0,1,0.0339798159073208,0.4092764976774186,0.0,-1.7867286358117715,0.0,500,6.661338147750939e-16
driven_dt1e-3,14,2,-2.2396104765324987,0.0,1,0.0478263025594905,0.3186320183472842,0.0,-2.287436779091989,0.0,500,6.661338147750939e-16
driven_dt1e-3,14,3,-2.3174426658637897,0.0,1,0.030005886771800494,0.3186320183472842,0.0,-2.287436779091989,0.0,500,6.661338147750939e-16
driven_dt1e-3,14,4,-2.6524200481523486,3.060159041643113,1,0.35379345321231115,0.05417965401059019,0.24984693798328791,-2.7278612403102875,2.714502515505271,500,6.661338147750939e-16
driven_dt1e-3,14,5,-2.7189907205137063,0.0,1,0.20332938699873537,0.23196702436956843,0.0,-2.9223201075124416,0.0,500,6.661338147750939e-16
driven_dt1e-3,14,6,-2.9604741803555354,5.370695425996387,1,0.2177370123971019,-0.21684931118509757,0.12296995633078944,-2.778281150668365,5.251468304497017,500,6.661338147750939e-16
driven_dt1e-3,15,0,-0.9401735849314701,0.0,1,0.005424187695090121,0.6232554037662055,0.0,-0.9455977726265602,0.0,500,4.440892098500626e-16
driven_dt1e-3,15,1,-1.7527488199044507,0.0,1,0.07237677158881684,0.4316302223117435,0.0,-1.680372048315634,0.0,500,4.440892098500626e-16
driven_dt1e-3,15,2,-2.2396104765324987,0.0,1,0.10043430760560668,0.34314983706008156,0.0,-2.139176168926892,0.0,500,4.440892098500626e-16
driven_dt1e-3,15,3,-2.3174426658637897,0.0,1,0.17826649693689767,0.34314983706008156,0.0,-2.139176168926892,0.0,500,4.440892098500626e-16
driven_dt1e-3,15,4,-2.6524200481523486,3.060159041643113,1,0.31088357835832936,0.029108291368950327,0.23118850032830815,-2.9133154881948746,2.8910964240782113,500,4.440892098500626e-16
driven_dt1e-3,15,5,-2.7189907205137063,0.0,1,0.016717471699597475,0.2589457692331188,0.0,-2.702273248814109,0.0,500,4.440892098500626e-16
driven_dt1e-3,15,6,-2.9604741803555354,5.370695425996387,1,0.13015754841748967,-0.208922331514216,0.0862522879655011,-2.974205686373717,5.500126616798774,500,4.440892098500626e-16
driven_dt1e-3,16,0,-0.9401735849314701,0.0,1,0.009333327165997884,0.6278712629174505,0.0,-0.9308402577654722,0.0,500,3.9968028886505635e-15
driven_dt1e-3,16,1,-1.7527488199044507,0.0,1,0.07163152622662583,0.431469417062766,0.0,-1.681117293677825,0.0,500,3.9968028886505635e-15
driven_dt1e-3,16,2,-2.2396104765324987,0.0,1,0.11971533907817955,0.34647397592539453,0.0,-2.119895137454319,0.0,500,3.9968028886505635e-15
driven_dt1e-3,16,3,-2.3174426658637897,0.0,1,0.19754752840947054,0.34647397592539453,0.0,-2.119895137454319,0.0,500,3.9968028886505635e-15
driven_dt1e-3,16,4,-2.6524200481523486,3.060159041643113,1,0.07344324724687862,0.015389896868602862,0.25682902146335534,-2.715105100614804,3.021890323818428,500,3.9968028886505635e-15
driven_dt1e-3,16,5,-2.7189907205137063,0.0,1,0.011141734240801782,0.25822486777669407,0.0,-2.7078489862729045,0.0,500,3.9968028886505635e-15
driven_dt1e-3,16,6,-2.9604741803555354,5.370695425996387,1,0.44402421317314056,-0.2530653187787021,0.07607157644867481,-2.661706737494205,5.69916995616597,500,3.9968028886505635e-15
driven_dt1e-3,17,0,-0.9401735849314701,0.0,1,0.006831655122672253,0.6228169522209348,0.0,-0.9470052400541423,0.0,500,3.1086244689504383e-15
driven_dt1e-3,17,1,-1.7527488199044507,0.0,1,0.07506297836559184,0.4009550714858691,0.0,-1.8278117982700426,0.0,500,3.1086244689504383e-15
driven_dt1e-3,17,2,-2.2396104765324987,0.0,1,0.10222147684924154,0.3100827825429201,0.0,-2.34183195338174,0.0,500,3.1086244689504383e-15
driven_dt1e-3,17,3,-2.3174426658637897,0.0,1,0.024389287517950553,0.3100827825429201,0.0,-2.34183195338174,0.0,500,3.1086244689504383e-15
driven_dt1e-3,17,4,-2.6524200481523486,3.060159041643113,1,0.48483214732686264,0.07483097620542242,0.25737730431503886,-2.633275551485526,2.575705019749445,500,3.1086244689504383e-15
driven_dt1e-3,17,5,-2.7189907205137063,0.0,1,0.02398732567198812,0.25945107575963455,0.0015825523562062749,-2.698337049094635,0.012199083974096553,500,3.1086244689504383e-15
driven_dt1e-3,17,6,-2.9604741803555354,5.370695425996387,1,0.4485731906771138,-0.26096078255152505,0.10472024659697958,-2.5374614543588856,5.519954064068458,500,3.1086244689504383e-15
driven_dt1e-3,18,0,-0.9401735849314701,0.0,1,0.014096954567454745,0.6293685176768791,0.0,-0.9260766303640153,0.0,500,4.440892098500626e-16
driven_dt1e-3,18,1,-1.7527488199044507,0.0,1,0.14039641677150638,0.44656237018049466,0.0,-1.6123524031329444,0.0,500,4.440892098500626e-16
driven_dt1e-3,18,2,-2.2396104765324987,0.0,1,0.20879312539672495,0.3307435162040614,0.03409136835412205,-2.2022557583630764,0.20542442465153835,500,4.440892098500626e-16
driven_dt1e-3,18,3,-2.3174426658637897,0.0,1,0.23551479338460554,0.3307435162040614,0.03409136835412205,-2.2022557583630764,0.20542442465153835,500,4.440892098500626e-16
driven_dt1e-3,18,4,-2.6524200481523486,3.060159041643113,1,0.334466951178121,0.055596179599675194,0.2650437042186493,-2.612661383498706,2.728063588474379,500,4.440892098500626e-16
driven_dt1e-3,18,5,-2.7189907205137063,0.0,1,0.002581198826368425,0.25712195827175643,0.0,-2.716409521687338,0.0,500,4.440892098500626e-16
driven_dt1e-3,18,6,-2.9604741803555354,5.370695425996387,1,0.1562535609977363,-0.21966460062098414,0.09056966164753415,-2.8743043264090695,5.501040857812458,500,4.440892098500626e-16
driven_dt1e-3,19,0,-0.9401735849314701,0.0,1,0.0023697078890771994,0.6256889361304279,0.0,-0.9378038770423929,0.0,500,4.107825191113079e-15
driven_dt1e-3,19,1,-1.7527488199044507,0.0,1,0.017119247816356653,0.4127413993378067,0.0,-1.7698680677208074,0.0,500,4.107825191113079e-15
driven_dt1e-3,19,2,-2.2396104765324987,0.0,1,0.051000524162708505,0.31812671512139895,0.0,-2.290611000695207,0.0,500,4.107825191113079e-15
driven_dt1e-3,19,3,-2.3174426658637897,0.0,1,0.026831665168582486,0.31812671512139895,0.0,-2.290611000695207,0.0,500,4.107825191113079e-15
driven_dt1e-3,19,4,-2.6524200481523486,3.060159041643113,1,0.18257183172363434,0.035072292040355876,0.26834339599618684,-2.614037537566387,2.881667426657866,500,4.107825191113079e-15
driven_dt1e-3,19,5,-2.7189907205137063,0.0,1,0.11296590162481435,0.271712051005982,0.0,-2.606024818888892,0.0,500,4.107825191113079e-15
driven_dt1e-3,19,6,-2.9604741803555354,5.370695425996387,1,0.32235212150065334,-0.19111377204244476,0.06824109751089502,-3.189770493055457,5.597265704758169,500,4.107825191113079e-15
driven_dt1e-3,20,0,-0.9401735849314701,0.0,1,0.002478206623447554,0.6257228802799837,0.0,-0.9376953783080225,0.0,500,5.773159728050814e-15
driven_dt1e-3,20,1,-1.7527488199044507,0.0,1,0.13410022223067042,0.3892924100079663,0.0,-1.8868490421351212,0.0,500,5.773159728050814e-15
driven_dt1e-3,20,2,-2.2396104765324987,0.0,1,0.31366035746764437,0.28793774130153393,0.0291343351622155,-2.4798360985740233,0.2016791272330704,500,5.773159728050814e-15
driven_dt1e-3,20,3,-2.3174426658637897,0.0,1,0.2589326115978947,0.28793774130153393,0.0291343351622155,-2.4798360985740233,0.2016791272330704,500,5.773159728050814e-15
driven_dt1e-3,20,4,-2.6524200481523486,3.060159041643113,1,0.1556768067025822,0.02776660219478065,0.2541493385005207,-2.7278009117433424,2.92394966770215,500,5.773159728050814e-15
driven_dt1e-3,20,5,-2.7189907205137063,0.0,1,0.016277758722439195,0.2547088273873091,0.0,-2.7352684792361455,0.0,500,5.773159728050814e-15
driven_dt1e-3,20,6,-2.9604741803555354,5.370695425996387,1,0.33933564607739347,-0.17398466580014318,0.12195881110273403,-3.097884263391865,5.060425946706672,500,5.773159728050814e-15
driven_dt1e-3,21,0,-0.9401735849314701,0.0,1,0.02014799398551459,0.6312755679857766,0.0,-0.9200255909459555,0.0,500,1.3322676295501878e-15
driven_dt1e-3,21,1,-1.7527488199044507,0.0,1,0.15292654514365767,0.38564513084394836,0.0,-1.9056753650481084,0.0,500,1.3322676295501878e-15
driven_dt1e-3,21,2,-2.2396104765324987,0.0,1,0.2413964345437314,0.3682080965083248,0.0,-1.9982140419887673,0.0,500,1.3322676295501878e-15
driven_dt1e-3,21,3,-2.3174426658637897,0.0,1,0.3192286238750224,0.3682080965083248,0.0,-1.9982140419887673,0.0,500,1.3322676295501878e-15
driven_dt1e-3,21,4,-2.6524200481523486,3.060159041643113,1,0.326376803328567,0.05460516778187824,0.27086142059772084,-2.5724582429949425,2.743729069189581,500,1.3322676295501878e-15
driven_dt1e-3,21,5,-2.7189907205137063,0.0,1,0.07004243343941852,0.2659427700498367,0.0,-2.6489482870742878,0.0,500,1.3322676295501878e-15
driven_dt1e-3,21,6,-2.9604741803555354,5.370695425996387,1,0.3552654137604651,-0.1980850126853021,0.0621848930389264,-3.1441247894411597,5.674810483165337,500,1.3322676295501878e-15
driven_dt1e-3,22,0,-0.9401735849314701,0.0,1,0.0018883077589179065,0.624358256506311,0.0,-0.942061892690388,0.0,500,1.887379141862766e-15
driven_dt1e-3,22,1,-1.7527488199044507,0.0,1,0.03382341764491459,0.4233895079187911,0.0,-1.7189254022595362,0.0,500,1.887379141862766e-15
driven_dt1e-3,22,2,-2.2396104765324987,0.0,1,0.16131553429033696,0.3010547896413227,0.0,-2.4009260108228356,0.0,500,1.887379141862766e-15
driven_dt1e-3,22,3,-2.3174426658637897,0.0,1,0.08348334495904597,0.3010547896413227,0.0,-2.4009260108228356,0.0,500,1.887379141862766e-15
driven_dt1e-3,22,4,-2.6524200481523486,3.060159041643113,1,0.5332649386451103,-0.058952938115289774,0.25664288113190137,-2.6687186669536227,3.593174847987863,500,1.887379141862766e-15
driven_dt1e-3,22,5,-2.7189907205137063,0.0,1,0.004292104543289099,0.2562398363018295,0.0,-2.7232828250569954,0.0,500,1.887379141862766e-15
driven_dt1e-3,22,6,-2.9604741803555354,5.370695425996387,1,0.19666197056327225,-0.18936123960094814,0.11656762383285121,-3.006880383675684,5.179587092951388,500,1.887379141862766e-15
driven_dt1e-3,23,0,-0.9401735849314701,0.0,1,0.0036450459144160563,0.626088045812983,0.0,-0.936528539017054,0.0,500,4.440892098500626e-16
driven_dt1e-3,23,1,-1.7527488199044507,0.0,1,0.1365185980714403,0.3888219668127226,0.0,-1.889267417975891,0.0,500,4.440892098500626e-16
driven_dt1e-3,23,2,-2.2396104765324987,0.0,1,0.28913197611212926,0.2954097216169168,0.03270541111648037,-2.4266013550571692,0.22052598703798326,500,4.440892098500626e-16
driven_dt1e-3,23,3,-2.3174426658637897,0.0,1,0.24606367140537752,0.2954097216169168,0.03270541111648037,-2.4266013550571692,0.22052598703798326,500,4.440892098500626e-16
driven_dt1e-3,23,4,-2.6524200481523486,3.060159041643113,1,0.2744823886902452,0.01597241008231262,0.23156230529106783,-2.9210661022193287,3.003857360182041,500,4.440892098500626e-16
driven_dt1e-3,23,5,-2.7189907205137063,0.0,1,0.1122904458046059,0.27162030175685875,0.0,-2.6067002747091004,0.0,500,4.440892098500626e-16
driven_dt1e-3,23,6,-2.9604741803555354,5.370695425996387,1,0.1736881601205233,-0.18530714076767787,0.09965923232271923,-3.1174322427389405,5.296319733603646,500,4.440892098500626e-16
driven_dt1e-3,24,0,-0.9401735849314701,0.0,1,0.011730916110462508,0.6286244028565121,0.0,-0.9284426688210076,0.0,500,2.220446049250313e-16
driven_dt1e-3,24,1,-1.7527488199044507,0.0,1,0.08469093990087151,0.43429600421498754,0.0,-1.6680578800035792,0.0,500,2.220446049250313e-16
driven_dt1e-3,24,2,-2.2396104765324987,0.0,1,0.11264961532813134,0.34525209087159425,0.0,-2.1269608612043673,0.0,500,2.220446049250313e-16
driven_dt1e-3,24,3,-2.3174426658637897,0.0,1,0.19048180465942233,0.34525209087159425,0.0,-2.1269608612043673,0.0,500,2.220446049250313e-16
driven_dt1e-3,24,4,-2.6524200481523486,3.060159041643113,1,0.5826490123514525,0.09030234802985851,0.26774455663131275,-2.52770983475307,2.4910129845821603,500,2.220446049250313e-16
driven_dt1e-3,24,5,-2.7189907205137063,0.0,1,0.006199052791844295,0.2575874940531023,0.0,-2.712791667721862,0.0,500,2.220446049250313e-16
driven_dt1e-3,24,6,-2.9604741803555354,5.370695425996387,1,0.2930966540048302,-0.20739660230410145,0.06778343930381604,-3.0447556137929155,5.651412879259571,500,2.220446049250313e-16
driven_dt1e-3,25,0,-0.9401735849314701,0.0,1,0.011169900853395642,0.628448093645224,0.0,-0.9290036840780744,0.0,500,6.8833827526759706e-15
driven_dt1e-3,25,1,-1.7527488199044507,0.0,1,0.10362299929656471,0.3952701160855645,0.0,-1.8563718192010155,0.0,500,6.8833827526759706e-15
driven_dt1e-3,25,2,-2.2396104765324987,0.0,1,0.2697899954058607,0.28516131651932713,0.0,-2.5094004719383594,0.0,500,6.8833827526759706e-15
driven_dt1e-3,25,3,-2.3174426658637897,0.0,1,0.1919578060745697,0.28516131651932713,0.0,-2.5094004719383594,0.0,500,6.8833827526759706e-15
driven_dt1e-3,25,4,-2.6524200481523486,3.060159041643113,1,0.6982238423836961,-0.0625026343516345,0.22058862120131886,-2.945687295005083,3.693807884454705,500,6.8833827526759706e-15
driven_dt1e-3,25,5,-2.7189907205137063,0.0,1,0.07021798384090072,0.2659661142543696,0.0,-2.6487727366728056,0.0,500,6.8833827526759706e-15
driven_dt1e-3,25,6,-2.9604741803555354,5.370695425996387,1,0.616146742593661,-0.14283085758509126,0.11253943521314276,-3.409256417936425,4.948520922217832,500,6.8833827526759706e-15
driven_dt1e-3,26,0,-0.9401735849314701,0.0,1,0.0017272842476981909,0.6254879897229766,0.0,-0.9384463006837719,0.0,500,4.218847493575595e-15
driven_dt1e-3,26,1,-1.7527488199044507,0.0,1,0.05774530265361788,0.4044419508129174,0.0,-1.8104941225580686,0.0,500,4.218847493575595e-15
driven_dt1e-3,26,2,-2.2396104765324987,0.0,1,0.15016736915738926,0.3517897603033018,0.0,-2.0894431073751094,0.0,500,4.218847493575595e-15
driven_dt1e-3,26,3,-2.3174426658637897,0.0,1,0.22799955848868025,0.3517897603033018,0.0,-2.0894431073751094,0.0,500,4.218847493575595e-15
driven_dt1e-3,26,4,-2.6524200481523486,3.060159041643113,1,0.3399623904843932,0.053156593422486784,0.25194946364502036,-2.7135027041875284,2.7257291744429017,500,4.218847493575595e-15
driven_dt1e-3,26,5,-2.7189907205137063,0.0,1,0.08992074336074217,0.2514320873973702,0.010094351733014663,-2.7595541938444375,0.08025175834768679,500,4.218847493575595e-15
driven_dt1e-3,26,6,-2.9604741803555354,5.370695425996387,1,0.09555772419185721,-0.19845613403296047,0.10940694523286985,-2.96899849092545,5.275518670525134,500,4.218847493575595e-15
driven_dt1e-3,27,0,-0.9401735849314701,0.0,1,0.007795428819381667,0.6273886474060657,0.0,-0.9323781561120884,0.0,500,7.993605777301127e-15
driven_dt1e-3,27,1,-1.7527488199044507,0.0,1,0.024944284904076408,0.421514008380653,0.0,-1.7278045350003743,0.0,500,7.993605777301127e-15
driven_dt1e-3,27,2,-2.2396104765324987,0.0,1,0.1659436201425959,0.35457569553731205,0.0,-2.073666856389903,0.0,500,7.993605777301127e-15
driven_dt1e-3,27,3,-2.3174426658637897,0.0,1,0.24377580947388688,0.35457569553731205,0.0,-2.073666856389903,0.0,500,7.993605777301127e-15
driven_dt1e-3,27,4,-2.6524200481523486,3.060159041643113,1,0.1691874025221561,0.01252402432091219,0.288633305975291,-2.483315478331996,3.0548654948106417,500,7.993605777301127e-15
driven_dt1e-3,27,5,-2.7189907205137063,0.0,1,0.12478937505310217,0.27332309846580843,0.0,-2.594201345460604,0.0,500,7.993605777301127e-15
driven_dt1e-3,27,6,-2.9604741803555354,5.370695425996387,1,0.13045970623232042,-0.21298095149827578,0.08810969540257658,-2.9351226330253852,5.4986682121588775,500,7.993605777301127e-15
driven_dt1e-3,28,0,-0.9401735849314701,0.0,1,0.004120533700511797,0.6262369121177116,0.0,-0.9360530512309583,0.0,500,5.329070518200751e-15
driven_dt1e-3,28,1,-1.7527488199044507,0.0,1,0.05662986664081315,0.40466757828383343,0.0,-1.809378686545264,0.0,500,5.329070518200751e-15
driven_dt1e-3,28,2,-2.2396104765324987,0.0,1,0.04304737552729199,0.31939428827559374,0.0,-2.2826578520597907,0.0,500,5.329070518200751e-15
driven_dt1e-3,28,3,-2.3174426658637897,0.0,1,0.034784813803999004,0.31939428827559374,0.0,-2.2826578520597907,0.0,500,5.329070518200751e-15
driven_dt1e-3,28,4,-2.6524200481523486,3.060159041643113,1,0.3259216536398778,0.04890778147886714,0.24730406693436588,-2.755908256189792,2.7511038441321323,500,5.329070518200751e-15
driven_dt1e-3,28,5,-2.7189907205137063,0.0,1,0.08382453378506183,0.26778172390586413,0.0,-2.6351661867286444,0.0,500,5.329070518200751e-15
driven_dt1e-3,28,6,-2.9604741803555354,5.370695425996387,1,0.30127898466607717,-0.17296932917445562,0.1088449912280611,-3.1756817431606708,5.159852518805047,500,5.329070518200751e-15
driven_dt1e-3,29,0,-0.9401735849314701,0.0,1,0.011444974609991498,0.6285345343784543,0.0,-0.9287286103214786,0.0,500,3.552713678800501e-15
driven_dt1e-3,29,1,-1.7527488199044507,0.0,1,0.1858320610449018,0.45682340758469614,0.0,-1.566916758859549,0.0,500,3.552713678800501e-15
driven_dt1e-3,29,2,-2.2396104765324987,0.0,1,0.19473389073532196,0.33145790829439903,0.03167406289772408,-2.1994186614973237,0.1905410879707959,500,3.552713678800501e-15
driven_dt1e-3,29,3,-2.3174426658637897,0.0,1,0.22413293334936335,0.33145790829439903,0.03167406289772408,-2.1994186614973237,0.1905410879707959,500,3.552713678800501e-15
driven_dt1e-3,29,4,-2.6524200481523486,3.060159041643113,1,0.1612300646219138,0.031164692984739367,0.259272500667524,-2.685406500373679,2.9023394366891138,500,3.552713678800501e-15
driven_dt1e-3,29,5,-2.7189907205137063,0.0,1,0.020831677792583658,0.25947899562666743,0.0,-2.6981590427211226,0.0,500,3.552713678800501e-15
driven_dt1e-3,29,6,-2.9604741803555354,5.370695425996387,1,0.20087135033950357,-0.18390061126122959,0.09272780053080786,-3.1601853119165795,5.349137055978621,500,3.552713678800501e-15
driven_dt1e-3,30,0,-0.9401735849314701,0.0,1,0.00432871241765076,0.6263021001088357,0.0,-0.9358448725138193,0.0,500,6.661338147750939e-16
driven_dt1e-3,30,1,-1.7527488199044507,0.0,1,0.13176165818951402,0.4446385469768686,0.0,-1.6209871617149367,0.0,500,6.661338147750939e-16
driven_dt1e-3,30,2,-2.2396104765324987,0.0,1,0.14205170194224828,0.3421635296500528,0.017713382016631453,-2.142256578842429,0.10344517692594833,500,6.661338147750939e-16
driven_dt1e-3,30,3,-2.3174426658637897,0.0,1,0.20344795333228732,0.3421635296500528,0.017713382016631453,-2.142256578842429,0.10344517692594833,500,6.661338147750939e-16
driven_dt1e-3,30,4,-2.6524200481523486,3.060159041643113,1,0.07098839622347153,0.0015337536901706714,0.2670887751079571,-2.640315393999785,3.130107806794668,500,6.661338147750939e-16
driven_dt1e-3,30,5,-2.7189907205137063,0.0,1,0.011482664907844775,0.258268889916921,0.0,-2.7075080556058615,0.0,500,6.661338147750939e-16
driven_dt1e-3,30,6,-2.9604741803555354,5.370695425996387,1,0.41072651517787595,-0.2482208611576539,0.12784700304672592,-2.55157925956969,5.331949922699886,500,6.661338147750939e-16
driven_dt1e-3,31,0,-0.9401735849314701,0.0,1,0.011955265831708584,0.6286949226664877,0.0,-0.9282183190997615,0.0,500,2.220446049250313e-15
driven_dt1e-3,31,1,-1.7527488199044507,0.0,1,0.1425062196550686,0.38765964816159054,0.0,-1.8952550395595193,0.0,500,2.220446049250313e-15
driven_dt1e-3,31,2,-2.2396104765324987,0.0,1,0.05744110177228201,0.33585200163473755,0.0,-2.1821693747602167,0.0,500,2.220446049250313e-15
driven_dt1e-3,31,3,-2.3174426658637897,0.0,1,0.135273291103573,0.33585200163473755,0.0,-2.1821693747602167,0.0,500,2.220446049250313e-15
driven_dt1e-3,31,4,-2.6524200481523486,3.060159041643113,1,0.24220333016930853,0.03545790028226405,0.24627339925805478,-2.782108291911235,2.8556024172677614,500,2.220446049250313e-15
driven_dt1e-3,31,5,-2.7189907205137063,0.0,1,0.08707256253356777,0.26821695859268513,0.0,-2.6319181579801385,0.0,500,2.220446049250313e-15
driven_dt1e-3,31,6,-2.9604741803555354,5.370695425996387,1,0.20764711046921105,-0.18913309483414056,0.08361250917042756,-3.152096552387403,5.450684106589914,500,2.220446049250313e-15
driven_dt1e-3,32,0,-0.9401735849314701,0.0,1,0.009738074406478336,0.6279983403560989,0.0,-0.9304355105249917,0.0,500,4.440892098500626e-16
driven_dt1e-3,32,1,-1.7527488199044507,0.0,1,0.05478222151319745,0.40504159205807533,0.0,-1.8075310414176482,0.0,500,4.440892098500626e-16
driven_dt1e-3,32,2,-2.2396104765324987,0.0,1,0.2070937683698286,0.3270858403180783,0.033897610289520465,-2.2243822776239286,0.2065331229019143,500,4.440892098500626e-16
driven_dt1e-3,32,3,-2.3174426658637897,0.0,1,0.2265307191419542,0.3270858403180783,0.033897610289520465,-2.2243822776239286,0.2065331229019143,500,4.440892098500626e-16
driven_dt1e-3,32,4,-2.6524200481523486,3.060159041643113,1,0.2866578847184833,0.046947705270095494,0.28094284477716613,-2.511665876898009,2.8104371840779825,500,4.440892098500626e-16
driven_dt1e-3,32,5,-2.7189907205137063,0.0,1,0.023777054067669834,0.2598614087840135,0.0,-2.6952136664460364,0.0,500,4.440892098500626e-16
driven_dt1e-3,32,6,-2.9604741803555354,5.370695425996387,1,0.30793160225308314,-0.2236998735114614,0.13232150916392788,-2.6948781073418524,5.214873098758403,500,4.440892098500626e-16
driven_dt1e-3,33,0,-0.9401735849314701,0.0,1,0.004005669086128538,0.6236976102613926,0.0,-0.9441792540175986,0.0,500,1.5543122344752192e-15
driven_dt1e-3,33,1,-1.7527488199044507,0.0,1,0.16224227932506108,0.38385302401809157,0.0,-1.9149910992295118,0.0,500,1.5543122344752192e-15
driven_dt1e-3,33,2,-2.2396104765324987,0.0,1,0.11183792479839827,0.30859541374050176,0.0,-2.351448401330897,0.0,500,1.5543122344752192e-15
driven_dt1e-3,33,3,-2.3174426658637897,0.0,1,0.03400573546710728,0.30859541374050176,0.0,-2.351448401330897,0.0,500,1.5543122344752192e-15
driven_dt1e-3,33,4,-2.6524200481523486,3.060159041643113,1,0.7669118586443079,-0.03197674307952331,0.18965883981369736,-3.297026908152488,3.4756536805616283,500,1.5543122344752192e-15
driven_dt1e-3,33,5,-2.7189907205137063,0.0,1,0.04815835190398151,0.26164808554065355,0.0039196268321197245,-2.6812853350408736,0.029958817807998042,500,1.5543122344752192e-15
driven_dt1e-3,33,6,-2.9604741803555354,5.370695425996387,1,0.7762813148015745,-0.13301631346899817,0.13830295162572387,-3.301685693008532,4.673424041711104,500,1.5543122344752192e-15
driven_dt1e-3,34,0,-0.9401735849314701,0.0,1,0.01638866703791686,0.6198479171297809,0.0,-0.9565622519693869,0.0,500,2.220446049250313e-15
driven_dt1e-3,34,1,-1.7527488199044507,0.0,1,0.30619024940531014,0.48515867080503267,0.0,-1.4465585704991406,0.0,500,2.220446049250313e-15
driven_dt1e-3,34,2,-2.2396104765324987,0.0,1,0.2100993182193562,0.35063124461156214,0.02600608614846581,-2.0905543713589205,0.14806755561810803,500,2.220446049250313e-15
driven_dt1e-3,34,3,-2.3174426658637897,0.0,1,0.2709285869192281,0.35063124461156214,0.02600608614846581,-2.0905543713589205,0.14806755561810803,500,2.220446049250313e-15
driven_dt1e-3,34,4,-2.6524200481523486,3.060159041643113,1,0.7631001469897465,-0.0560010962317523,0.20444069635787482,-3.102602347879046,3.6763227628638244,500,2.220446049250313e-15
driven_dt1e-3,34,5,-2.7189907205137063,0.0,1,0.02528027675743827,0.2535648934840621,0.0,-2.7442709972711445,0.0,500,2.220446049250313e-15
driven_dt1e-3,34,6,-2.9604741803555354,5.370695425996387,1,0.17447030104277614,-0.22449150350060476,0.09631213415862053,-2.8188846325018324,5.472637987689435,500,2.220446049250313e-15
driven_dt1e-3,35,0,-0.9401735849314701,0.0,1,0.005881644060402147,0.6267885911308094,0.0,-0.9342919408710679,0.0,500,1.4432899320127035e-15
driven_dt1e-3,35,1,-1.7527488199044507,0.0,1,0.14738472409662617,0.3867152008447981,0.0,-1.900133544001077,0.0,500,1.4432899320127035e-15
driven_dt1e-3,35,2,-2.2396104765324987,0.0,1,0.09400492971110408,0.3113593078047383,0.0,-2.3336154062436028,0.0,500,1.4432899320127035e-15
driven_dt1e-3,35,3,-2.3174426658637897,0.0,1,0.01617274037981309,0.3113593078047383,0.0,-2.3336154062436028,0.0,500,1.4432899320127035e-15
driven_dt1e-3,35,4,-2.6524200481523486,3.060159041643113,1,0.40131582573926755,0.06485424288277523,0.2665211400570737,-2.5870777116026273,2.664198474107641,500,1.4432899320127035e-15
driven_dt1e-3,35,5,-2.7189907205137063,0.0,1,0.33099695318712147,0.27476541636897933,0.040344762772038446,-2.562344212897156,0.29158335801395713,500,1.4432899320127035e-15
driven_dt1e-3,35,6,-2.9604741803555354,5.370695425996387,1,0.06453834031098872,-0.20570381320540884,0.09308929925467765,-2.976328227583292,5.43325616893153,500,1.4432899320127035e-15
driven_dt1e-3,36,0,-0.9401735849314701,0.0,1,0.010428638397222079,0.6282152143153293,0.0,-0.929744946534248,0.0,500,1.3322676295501878e-15
driven_dt1e-3,36,1,-1.7527488199044507,0.0,1,0.15430225264426034,0.38537995460610225,0.0,-1.907051072548711,0.0,500,1.3322676295501878e-15
driven_dt1e-3,36,2,-2.2396104765324987,0.0,1,0.20929488761361492,0.2939185231857006,0.0,-2.4489053641461136,0.0,500,1.3322676295501878e-15
driven_dt1e-3,36,3,-2.3174426658637897,0.0,1,0.13146269828232393,0.2939185231857006,0.0,-2.4489053641461136,0.0,500,1.3322676295501878e-15
driven_dt1e-3,36,4,-2.6524200481523486,3.060159041643113,1,0.7703327802060111,0.018344741450307754,0.18055420905610894,-3.4131783087944902,2.939082780036364,500,1.3322676295501878e-15
driven_dt1e-3,36,5,-2.7189907205137063,0.0,1,0.11707292609426201,0.2421902212656405,0.0,-2.8360636466079683,0.0,500,1.3322676295501878e-15
driven_dt1e-3,36,6,-2.9604741803555354,5.370695425996387,1,0.265211987591857,-0.1758462799589802,0.099892589549828,-3.1966143694791858,5.2499675938984405,500,1.3322676295501878e-15
driven_dt1e-3,37,0,-0.9401735849314701,0.0,1,0.005261947779963361,0.6233059642688153,0.0,-0.9454355327114334,0.0,500,1.7763568394002505e-15
driven_dt1e-3,37,1,-1.7527488199044507,0.0,1,0.18135808738852166,0.45580264178461366,0.0,-1.571390732515929,0.0,500,1.7763568394002505e-15
driven_dt1e-3,37,2,-2.2396104765324987,0.0,1,0.2835349619640283,0.37460795680787395,0.011507330806406972,-1.9628073259057515,0.06141734656470662,500,1.7763568394002505e-15
driven_dt1e-3,37,3,-2.3174426658637897,0.0,1,0.35991431592283546,0.37460795680787395,0.011507330806406972,-1.9628073259057515,0.06141734656470662,500,1.7763568394002505e-15
driven_dt1e-3,37,4,-2.6524200481523486,3.060159041643113,1,0.3440536333945812,-0.02148065327339784,0.23657268550898594,-2.87478883290521,3.3226948034348136,500,1.7763568394002505e-15
driven_dt1e-3,37,5,-2.7189907205137063,0.0,1,0.002717576367883723,0.25644164415040155,0.0,-2.72170829688159,0.0,500,1.7763568394002505e-15
driven_dt1e-3,37,6,-2.9604741803555354,5.370695425996387,1,0.31724272392149405,-0.19843276490200257,0.06617767278709341,-3.1291483228383776,5.639381077899884,500,1.7763568394002505e-15
driven_dt1e-3,38,0,-0.9401735849314701,0.0,1,0.006338492854694122,0.6269317812903168,0.0,-0.933835092076776,0.0,500,1.3322676295501878e-15
driven_dt1e-3,38,1,-1.7527488199044507,0.0,1,0.07143077731982306,0.4016839078205501,0.0,-1.8241795972242738,0.0,500,1.3322676295501878e-15
driven_dt1e-3,38,2,-2.2396104765324987,0.0,1,0.11288885492585132,0.3084333002279786,0.0,-2.35249933145835,0.0,500,1.3322676295501878e-15
driven_dt1e-3,38,3,-2.3174426658637897,0.0,1,0.03505666559456033,0.3084333002279786,0.0,-2.35249933145835,0.0,500,1.3322676295501878e-15
driven_dt1e-3,38,4,-2.6524200481523486,3.060159041643113,1,0.5530408129811738,-0.023541644251114786,0.20949180150269978,-3.113592274177018,3.365403728355804,500,1.3322676295501878e-15
driven_dt1e-3,38,5,-2.7189907205137063,0.0,1,0.03047085031750507,0.2607325955192035,0.0,-2.688519870196201,0.0,500,1.3322676295501878e-15
driven_dt1e-3,38,6,-2.9604741803555354,5.370695425996387,1,0.16234711751980596,-0.19266163735727654,0.11442112558441143,-2.9915271178440253,5.211345805223931,500,1.3322676295501878e-15
driven_dt1e-3,39,0,-0.9401735849314701,0.0,1,0.007511073078684927,0.6226054116437618,0.0,-0.947684658010155,0.0,500,2.220446049250313e-16
driven_dt1e-3,39,1,-1.7527488199044507,0.0,1,0.043534332981781665,0.40732594090147134,0.0,-1.7962831528862324,0.0,500,2.220446049250313e-16
driven_dt1e-3,39,2,-2.2396104765324987,0.0,1,0.28902325923432826,0.3770816228823202,0.0,-1.9505872172981704,0.0,500,2.220446049250313e-16
driven_dt1e-3,39,3,-2.3174426658637897,0.0,1,0.29774962166854646,0.2704694452152252,0.0,-2.615192287532336,0.0,500,2.220446049250313e-16
driven_dt1e-3,39,4,-2.6524200481523486,3.060159041643113,1,0.24731034378399047,0.01643865790006948,0.29973399022374136,-2.406716426971945,3.0320141188080365,500,2.220446049250313e-16
driven_dt1e-3,39,5,-2.7189907205137063,0.0,1,0.10379843298137015,0.2704694452152252,0.0,-2.615192287532336,0.0,500,2.220446049250313e-16
driven_dt1e-3,39,6,-2.9604741803555354,5.370695425996387,1,0.5632951491541298,-0.24790085117094546,0.04889550839457572,-2.7512875672785206,5.893708223134221,500,2.220446049250313e-16
driven_dt1e-3,40,0,-0.9401735849314701,0.0,1,0.004449460809672234,0.6263399137360618,0.0,-0.9357241241217978,0.0,500,1.5543122344752192e-15
driven_dt1e-3,40,1,-1.7527488199044507,0.0,1,0.16494352003393087,0.3833349342607844,0.0,-1.9176923399383816,0.0,500,1.5543122344752192e-15
driven_dt1e-3,40,2,-2.2396104765324987,0.0,1,0.15846329007413415,0.30168550884666645,0.0032236805522994584,-2.396626156459176,0.021370319564347554,500,1.5543122344752192e-15
driven_dt1e-3,40,3,-2.3174426658637897,0.0,1,0.08201655772557151,0.30168550884666645,0.0032236805522994584,-2.396626156459176,0.021370319564347554,500,1.5543122344752192e-15
driven_dt1e-3,40,4,-2.6524200481523486,3.060159041643113,1,0.3662239282424343,0.03457018299921776,0.22680287817982056,-2.94438076189935,2.8390732952783573,500,1.5543122344752192e-15
driven_dt1e-3,40,5,-2.7189907205137063,0.0,1,0.23895277847749483,0.24587370188581323,0.028054825967196398,-2.7929391867735394,0.22722247837732307,500,1.5543122344752192e-15
driven_dt1e-3,40,6,-2.9604741803555354,5.370695425996387,1,0.33137782301827523,-0.17665015493697697,0.07912486735737352,-3.2843208401186414,5.440942152244736,500,1.5543122344752192e-15
driven_dt1e-3,41,0,-0.9401735849314701,0.0,1,0.015003578768925996,0.6296538827165902,0.0,-0.9251700061625441,0.0,500,1.7763568394002505e-15
driven_dt1e-3,41,1,-1.7527488199044507,0.0,1,0.09090263837253043,0.3977921170440844,0.0,-1.8436514582769812,0.0,500,1.7763568394002505e-15
driven_dt1e-3,41,2,-2.2396104765324987,0.0,1,0.12523655744212808,0.31261884982684773,0.01456323627032541,-2.3233733480609224,0.09310196922336404,500,1.7763568394002505e-15
driven_dt1e-3,41,3,-2.3174426658637897,0.0,1,0.09329067297748267,0.31261884982684773,0.01456323627032541,-2.3233733480609224,0.09310196922336404,500,1.7763568394002505e-15
driven_dt1e-3,41,4,-2.6524200481523486,3.060159041643113,1,0.24267908289997692,-0.014645190365602719,0.24736283633086503,-2.790298956334762,3.2598651856537555,500,1.7763568394002505e-15
driven_dt1e-3,41,5,-2.7189907205137063,0.0,1,0.012147563139582651,0.25523536951757353,0.0,-2.731138283653289,0.0,500,1.7763568394002505e-15
driven_dt1e-3,41,6,-2.9604741803555354,5.370695425996387,1,0.4517218031195562,-0.19383603214945633,0.05315247433516138,-3.208985077785282,5.747915416548644,500,1.7763568394002505e-15
driven_dt1e-3,42,0,-0.9401735849314701,0.0,1,0.013422012391100968,0.6291561598326861,0.0,-0.9267515725403691,0.0,500,2.6645352591003757e-15
driven_dt1e-3,42,1,-1.7527488199044507,0.0,1,0.17692386946635708,0.38104555476697305,0.0,-1.9296726893708078,0.0,500,2.6645352591003757e-15
driven_dt1e-3,42,2,-2.2396104765324987,0.0,1,0.30993778716169085,0.38104555476697305,0.0,-1.9296726893708078,0.0,500,2.6645352591003757e-15
driven_dt1e-3,42,3,-2.3174426658637897,0.0,1,0.28823953194970064,0.2717586021307749,0.0,-2.6056821978134903,0.0,500,2.6645352591003757e-15
driven_dt1e-3,42,4,-2.6524200481523486,3.060159041643113,1,0.7062080573572102,0.04307481837263655,0.19123691819222519,-3.258994971196846,2.6985008010211047,500,2.6645352591003757e-15
driven_dt1e-3,42,5,-2.7189907205137063,0.0,1,0.11330852270021596,0.2717586021307749,0.0,-2.6056821978134903,0.0,500,2.6645352591003757e-15
driven_dt1e-3,42,6,-2.9604741803555354,5.370695425996387,1,0.04573990113856138,-0.20148102548712132,0.09595724015557454,-2.999692192300918,5.394234459434853,500,2.6645352591003757e-15
driven_dt1e-3,43,0,-0.9401735849314701,0.0,1,0.008040403673922558,0.6274654993339865,0.0,-0.9321331812575475,0.0,500,1.021405182655144e-14
driven_dt1e-3,43,1,-1.7527488199044507,0.0,1,0.11118196117217649,0.3937790197765334,0.0,-1.8639307810766272,0.0,500,1.021405182655144e-14
driven_dt1e-3,43,2,-2.2396104765324987,0.0,1,0.12779728234305843,0.34787690011282807,0.0,-2.1118131941894402,0.0,500,1.021405182655144e-14
driven_dt1e-3,43,3,-2.3174426658637897,0.0,1,0.20562947167434942,0.34787690011282807,0.0,-2.1118131941894402,0.0,500,1.021405182655144e-14
driven_dt1e-3,43,4,-2.6524200481523486,3.060159041643113,1,0.5220710396507129,0.07892835342340508,0.2946562057620311,-2.3745971830785346,2.618149283737076,500,1.021405182655144e-14
driven_dt1e-3,43,5,-2.7189907205137063,0.0,1,0.12366367978933024,0.27316930249300697,0.0,-2.595327040724376,0.0,500,1.021405182655144e-14
driven_dt1e-3,43,6,-2.9604741803555354,5.370695425996387,1,0.09968704268071751,-0.19974129052587433,0.11067363503055054,-2.9537224414613084,5.271237291586318,500,1.021405182655144e-14
driven_dt1e-3,44,0,-0.9401735849314701,0.0,1,0.005450097034761403,0.626653361344733,0.0,-0.9347234878967087,0.0,500,1.3322676295501878e-15
driven_dt1e-3,44,1,-1.7527488199044507,0.0,1,0.02262045822962322,0.4210245300532542,0.0,-1.7301283616748275,0.0,500,1.3322676295501878e-15
driven_dt1e-3,44,2,-2.2396104765324987,0.0,1,0.03899767707494739,0.32004166875579554,0.0,-2.278608153607446,0.0,500,1.3322676295501878e-15
driven_dt1e-3,44,3,-2.3174426658637897,0.0,1,0.0388345122563436,0.32004166875579554,0.0,-2.278608153607446,0.0,500,1.3322676295501878e-15
driven_dt1e-3,44,4,-2.6524200481523486,3.060159041643113,1,0.4826838402173966,-0.00050201716653473,0.20936576563011797,-3.1273392142304144,3.1463882437658732,500,1.3322676295501878e-15
driven_dt1e-3,44,5,-2.7189907205137063,0.0,1,0.04854455239382549,0.25063247988129256,0.0,-2.7675352729075318,0.0,500,1.3322676295501878e-15
driven_dt1e-3,44,6,-2.9604741803555354,5.370695425996387,1,0.6208708965437194,-0.15661716076468749,0.06221675590708013,-3.5613710717992406,5.526911929696521,500,1.3322676295501878e-15
driven_dt1e-3,45,0,-0.9401735849314701,0.0,1,0.006661527641955045,0.6228699336138153,0.0,-0.9468351125734251,0.0,500,4.440892098500626e-16
driven_dt1e-3,45,1,-1.7527488199044507,0.0,1,0.08135518501824235,0.3996956076422983,0.0,-1.834104004922693,0.0,500,4.440892098500626e-16
driven_dt1e-3,45,2,-2.2396104765324987,0.0,1,0.023417162202612918,0.33018682209031597,0.0,-2.2161933143298858,0.0,500,4.440892098500626e-16
driven_dt1e-3,45,3,-2.3174426658637897,0.0,1,0.10124935153390391,0.33018682209031597,0.0,-2.2161933143298858,0.0,500,4.440892098500626e-16
driven_dt1e-3,45,4,-2.6524200481523486,3.060159041643113,1,0.15890937263725918,0.012267563685952582,0.2871669393696304,-2.4935598507472103,3.0562060184496813,500,4.440892098500626e-16
driven_dt1e-3,45,5,-2.7189907205137063,0.0,1,0.01846935832132557,0.2544298703737752,0.0,-2.737460078835032,0.0,500,4.440892098500626e-16
driven_dt1e-3,45,6,-2.9604741803555354,5.370695425996387,1,0.1257688732406148,-0.2127564251644296,0.08861015167137593,-2.9352572078057446,5.493910334881785,500,4.440892098500626e-16
driven_dt1e-3,46,0,-0.9401735849314701,0.0,1,0.014043210778535875,0.629351605579727,0.0,-0.9261303741529342,0.0,500,6.661338147750939e-16
driven_dt1e-3,46,1,-1.7527488199044507,0.0,1,0.20222962123208085,0.39091101318128935,0.03201367406533236,-1.8718662578564391,0.1634253826044935,500,6.661338147750939e-16
driven_dt1e-3,46,2,-2.2396104765324987,0.0,1,0.25241006471359984,0.3702413436283433,0.0,-1.9872004118188988,0.0,500,6.661338147750939e-16
driven_dt1e-3,46,3,-2.3174426658637897,0.0,1,0.3302422540448908,0.3702413436283433,0.0,-1.9872004118188988,0.0,500,6.661338147750939e-16
driven_dt1e-3,46,4,-2.6524200481523486,3.060159041643113,1,0.3272876211857366,-0.032479207189318154,0.27469840332515777,-2.5702800886381354,3.3769716266715832,500,6.661338147750939e-16
driven_dt1e-3,46,5,-2.7189907205137063,0.0,1,0.025618761826649017,0.2601008133818309,0.0,-2.6933719586870573,0.0,500,6.661338147750939e-16
driven_dt1e-3,46,6,-2.9604741803555354,5.370695425996387,1,0.2606322201957292,-0.21246545206242967,0.13020983712706993,-2.779070966586359,5.183553692974676,500,6.661338147750939e-16
driven_dt1e-3,47,0,-0.9401735849314701,0.0,1,0.009457503513663479,0.621999777336723,0.0,-0.9496310884451336,0.0,500,2.6645352591003757e-15
driven_dt1e-3,47,1,-1.7527488199044507,0.0,1,0.2797053092056825,0.36195801137700295,0.0,-2.0324541291101332,0.0,500,2.6645352591003757e-15
driven_dt1e-3,47,2,-2.2396104765324987,0.0,1,0.20715634742236544,0.36195801137700295,0.0,-2.0324541291101332,0.0,500,2.6645352591003757e-15
driven_dt1e-3,47,3,-2.3174426658637897,0.0,1,0.28498853675365643,0.36195801137700295,0.0,-2.0324541291101332,0.0,500,2.6645352591003757e-15
driven_dt1e-3,47,4,-2.6524200481523486,3.060159041643113,1,0.48833432478702965,0.0008349749868247797,0.2085431425055944,-3.1352026506436816,3.133585000927957,500,2.6645352591003757e-15
driven_dt1e-3,47,5,-2.7189907205137063,0.0,1,0.019439705704702437,0.254306457635018,0.0,-2.7384304262184087,0.0,500,2.6645352591003757e-15
driven_dt1e-3,47,6,-2.9604741803555354,5.370695425996387,1,0.42573856708674696,-0.24902061895959166,0.07423130115933664,-2.6953084026143617,5.703772651005836,500,2.6645352591003757e-15
driven_dt1e-3,48,0,-0.9401735849314701,0.0,1,0.0024543770020173383,0.6241815665093421,0.0,-0.9426279619334874,0.0,500,2.220446049250313e-15
driven_dt1e-3,48,1,-1.7527488199044507,0.0,1,0.06959805254221396,0.40205216454840287,0.0,-1.8223468724466647,0.0,500,2.220446049250313e-15
driven_dt1e-3,48,2,-2.2396104765324987,0.0,1,0.17103827304040742,0.35548006696028694,0.0,-2.0685722034920913,0.0,500,2.220446049250313e-15
driven_dt1e-3,48,3,-2.3174426658637897,0.0,1,0.2488704623716984,0.35548006696028694,0.0,-2.0685722034920913,0.0,500,2.220446049250313e-15
driven_dt1e-3,48,4,-2.6524200481523486,3.060159041643113,1,0.18222048067801158,0.001955152101055709,0.24383033061206413,-2.822501029641565,3.1255560088066625,500,2.220446049250313e-15
driven_dt1e-3,48,5,-2.7189907205137063,0.0,1,0.012676877528095432,0.25842314995103605,0.0,-2.706313842985611,0.0,500,2.220446049250313e-15
driven_dt1e-3,48,6,-2.9604741803555354,5.370695425996387,1,0.24259599802371232,-0.20226386419828812,0.07351168360877913,-3.0722972039840357,5.585982280318013,500,2.220446049250313e-15
driven_dt1e-3,49,0,-0.9401735849314701,0.0,1,0.0023898700602995593,0.6242016988559754,0.0,-0.9425634549917696,0.0,500,7.993605777301127e-15
driven_dt1e-3,49,1,-1.7527488199044507,0.0,1,0.11380110076221284,0.3932636761791768,0.0,-1.8665499206666636,0.0,500,7.993605777301127e-15
driven_dt1e-3,49,2,-2.2396104765324987,0.0,1,0.12710862644098064,0.3062481519817419,0.0,-2.3667191029734793,0.0,500,7.993605777301127e-15
driven_dt1e-3,49,3,-2.3174426658637897,0.0,1,0.04927643710968965,0.3062481519817419,0.0,-2.3667191029734793,0.0,500,7.993605777301127e-15
driven_dt1e-3,49,4,-2.6524200481523486,3.060159041643113,1,0.08582859682857676,0.019560595420360365,0.2581933492157769,-2.7023700267933863,2.9903625684705935,500,7.993605777301127e-15
driven_dt1e-3,49,5,-2.7189907205137063,0.0,1,0.017070164876216154,0.25460793095524586,0.0,-2.7360608853899224,0.0,500,7.993605777301127e-15
driven_dt1e-3,49,6,-2.9604741803555354,5.370695425996387,1,0.14046110538171747,-0.19946586796477944,0.0854313693408939,-3.0557975856172264,5.4738592303774265,500,7.993605777301127e-15
driven_dt1e-3,50,0,-0.9401735849314701,0.0,1,0.0054974121345523486,0.6266681866032602,0.0,-0.9346761727969177,0.0,500,8.659739592076221e-15
driven_dt1e-3,50,1,-1.7527488199044507,0.0,1,0.1311825809401479,0.3898607322520509,0.0,-1.8839314008445986,0.0,500,8.659739592076221e-15
driven_dt1e-3,50,2,-2.2396104765324987,0.0,1,0.3556790756879,0.3898607322520509,0.0,-1.8839314008445986,0.0,500,8.659739592076221e-15
driven_dt1e-3,50,3,-2.3174426658637897,0.0,1,0.3632747457490628,0.31454448933341533,0.05746247022484857,-2.2804306133312258,0.36138435061077695,500,8.659739592076221e-15
driven_dt1e-3,50,4,-2.6524200481523486,3.060159041643113,1,0.6153094154647495,-0.00902884906033037,0.1974003185241793,-3.2429532263516965,3.2330064952122903,500,8.659739592076221e-15
driven_dt1e-3,50,5,-2.7189907205137063,0.0,1,0.012788902065617336,0.2551535364500714,0.0,-2.7317796225793236,0.0,500,8.659739592076221e-15
driven_dt1e-3,50,6,-2.9604741803555354,5.370695425996387,1,0.3432565079523714,-0.17483773806447012,0.07970678839341644,-3.298963766945192,5.427702706426345,500,8.659739592076221e-15
driven_dt1e-3,51,0,-0.9401735849314701,0.0,1,0.002447890714237899,0.6241835908232581,0.0,-0.942621475645708,0.0,500,3.3306690738754696e-15
driven_dt1e-3,51,1,-1.7527488199044507,0.0,1,0.09022664039727113,0.3979265931020378,0.0,-1.8429754603017219,0.0,500,3.3306690738754696e-15
driven_dt1e-3,51,2,-2.2396104765324987,0.0,1,0.08765407104336731,0.3409640601374154,0.0,-2.1519564054891314,0.0,500,3.3306690738754696e-15
driven_dt1e-3,51,3,-2.3174426658637897,0.0,1,0.1654862603746583,0.3409640601374154,0.0,-2.1519564054891314,0.0,500,3.3306690738754696e-15
driven_dt1e-3,51,4,-2.6524200481523486,3.060159041643113,1,0.18402629203102805,0.02447891305022262,0.2867111847352214,-2.491296775585752,2.9712491591995995,500,3.3306690738754696e-15
driven_dt1e-3,51,5,-2.7189907205137063,0.0,1,0.05738341329664909,0.26426479857905777,0.0,-2.661607307217057,0.0,500,3.3306690738754696e-15
driven_dt1e-3,51,6,-2.9604741803555354,5.370695425996387,1,0.12005155657640923,-0.20101585095420776,0.08727388980439284,-3.0360522237772107,5.463971015455635,500,3.3306690738754696e-15
driven_dt1e-3,52,0,-0.9401735849314701,0.0,1,0.013334619217718169,0.6291286684566496,0.0,-0.9268389657137519,0.0,500,4.218847493575595e-15
driven_dt1e-3,52,1,-1.7527488199044507,0.0,1,0.17297351966246644,0.3817989301624034,0.0,-1.9257223395669172,0.0,500,4.218847493575595e-15
driven_dt1e-3,52,2,-2.2396104765324987,0.0,1,0.005340519193218984,0.3254730886002377,0.0,-2.2449509957257177,0.0,500,4.218847493575595e-15
driven_dt1e-3,52,3,-2.3174426658637897,0.0,1,0.072491670138072,0.3254730886002377,0.0,-2.2449509957257177,0.0,500,4.218847493575595e-15
driven_dt1e-3,52,4,-2.6524200481523486,3.060159041643113,1,0.4867948466247332,-0.01597971266960629,0.21367066432070528,-3.081061342601029,3.2908880242043796,500,4.218847493575595e-15
driven_dt1e-3,52,5,-2.7189907205137063,0.0,1,0.08312764026432351,0.26768843248617347,0.0,-2.6358630802493828,0.0,500,4.218847493575595e-15
driven_dt1e-3,52,6,-2.9604741803555354,5.370695425996387,1,0.33352135602078664,-0.16932835068032065,0.10695431177102314,-3.2160968111430734,5.15646759038392,500,4.218847493575595e-15
driven_dt1e-3,53,0,-0.9401735849314701,0.0,1,0.0015200857724366745,0.6254231930005976,0.0,-0.9386534991590334,0.0,500,1.3322676295501878e-15
driven_dt1e-3,53,1,-1.7527488199044507,0.0,1,0.1938906794818469,0.37782666388179287,0.0,-1.9466394993862977,0.0,500,1.3322676295501878e-15
driven_dt1e-3,53,2,-2.2396104765324987,0.0,1,0.04198565710194169,0.33326663299190407,0.0,-2.197624819430557,0.0,500,1.3322676295501878e-15
driven_dt1e-3,53,3,-2.3174426658637897,0.0,1,0.11981784643323268,0.33326663299190407,0.0,-2.197624819430557,0.0,500,1.3322676295501878e-15
driven_dt1e-3,53,4,-2.6524200481523486,3.060159041643113,1,0.43966325842931014,0.022656279704712914,0.2139832322940958,-3.072567299227719,2.9306211389794985,500,1.3322676295501878e-15
driven_dt1e-3,53,5,-2.7189907205137063,0.0,1,0.03050994784308322,0.2594436581859331,0.0029094393018900375,-2.6983056843488353,0.02242735375040131,500,1.3322676295501878e-15
driven_dt1e-3,53,6,-2.9604741803555354,5.370695425996387,1,0.34995316954642824,-0.1715328707724498,0.1198111755342932,-3.128618307876194,5.0637837558762895,500,1.3322676295501878e-15
driven_dt1e-3,54,0,-0.9401735849314701,0.0,1,0.002726563116124292,0.6240966255118705,0.0,-0.9429001480475944,0.0,500,2.4424906541753444e-15
driven_dt1e-3,54,1,-1.7527488199044507,0.0,1,0.038950241996167145,0.4082606212441583,0.0,-1.791699061900618,0.0,500,2.4424906541753444e-15
driven_dt1e-3,54,2,-2.2396104765324987,0.0,1,0.12412110879662037,0.3072429757468898,0.0046376222414152065,-2.3600049725746857,0.030186337499774514,500,2.4424906541753444e-15
driven_dt1e-3,54,3,-2.3174426658637897,0.0,1,0.052180120009469845,0.3072429757468898,0.0046376222414152065,-2.3600049725746857,0.030186337499774514,500,2.4424906541753444e-15
driven_dt1e-3,54,4,-2.6524200481523486,3.060159041643113,1,0.42537826301612086,-0.027285287168812365,0.2289707561354409,-2.9342215679811305,3.378803938148299,500,2.4424906541753444e-15
driven_dt1e-3,54,5,-2.7189907205137063,0.0,1,0.04372935631637054,0.2512366291307396,0.0,-2.762720076830077,0.0,500,2.4424906541753444e-15
driven_dt1e-3,54,6,-2.9604741803555354,5.370695425996387,1,0.33251738570077566,-0.1784188587642955,0.0767312498989802,-3.2775390030503475,5.470883798589147,500,2.4424906541753444e-15
driven_dt1e-3,55,0,-0.9401735849314701,0.0,1,0.009827623609530378,0.6280264593610513,0.0,-0.9303459613219397,0.0,500,2.220446049250313e-15
driven_dt1e-3,55,1,-1.7527488199044507,0.0,1,0.02076504470302787,0.4206341238684385,0.0,-1.7319837752014229,0.0,500,2.220446049250313e-15
driven_dt1e-3,55,2,-2.2396104765324987,0.0,1,0.2199996124168342,0.3642898518033856,0.0,-2.0196108641156645,0.0,500,2.220446049250313e-15
driven_dt1e-3,55,3,-2.3174426658637897,0.0,1,0.2978318017481252,0.3642898518033856,0.0,-2.0196108641156645,0.0,500,2.220446049250313e-15
driven_dt1e-3,55,4,-2.6524200481523486,3.060159041643113,1,0.2425893695614521,-0.009459439853229275,0.29231744793368947,-2.458783201404121,3.206290399693417,500,2.220446049250313e-15
driven_dt1e-3,55,5,-2.7189907205137063,0.0,1,0.06702785603032169,0.2655422194650052,0.0,-2.6519628644833846,0.0,500,2.220446049250313e-15
driven_dt1e-3,55,6,-2.9604741803555354,5.370695425996387,1,0.2840095125166757,-0.1966341448349102,0.07028454914702412,-3.1325856403726093,5.5966136601669625,500,2.220446049250313e-15
driven_dt1e-3,56,0,-0.9401735849314701,0.0,1,0.008831431027336856,0.6277137196046552,0.0,-0.9313421539041332,0.0,500,9.992007221626409e-16
driven_dt1e-3,56,1,-1.7527488199044507,0.0,1,0.11501544878753744,0.39302496917055635,0.0,-1.8677642686919882,0.0,500,9.992007221626409e-16
driven_dt1e-3,56,2,-2.2396104765324987,0.0,1,0.1232224836597542,0.3253391663315588,0.020066239745675313,-2.2419771571818132,0.1231997536603972,500,9.992007221626409e-16
driven_dt1e-3,56,3,-2.3174426658637897,0.0,1,0.1444756806615287,0.3253391663315588,0.020066239745675313,-2.2419771571818132,0.1231997536603972,500,9.992007221626409e-16
driven_dt1e-3,56,4,-2.6524200481523486,3.060159041643113,1,0.3669408920564627,-0.011983472381837775,0.22640948912540124,-2.9680225511403227,3.24735059693052,500,9.992007221626409e-16
driven_dt1e-3,56,5,-2.7189907205137063,0.0,1,0.007682708754391587,0.25580580038277806,0.0,-2.726673429268098,0.0,500,9.992007221626409e-16
driven_dt1e-3,56,6,-2.9604741803555354,5.370695425996387,1,0.4569087545778603,-0.15768665255646214,0.09547476735068888,-3.3819681070797465,5.194319464639697,500,9.992007221626409e-16
driven_dt1e-3,57,0,-0.9401735849314701,0.0,1,0.0029583978064247063,0.6240242860807024,0.0,-0.9431319827378948,0.0,500,6.661338147750939e-16
driven_dt1e-3,57,1,-1.7527488199044507,0.0,1,0.1052610498488078,0.39494651240748035,0.0,-1.8580098697532585,0.0,500,6.661338147750939e-16
driven_dt1e-3,57,2,-2.2396104765324987,0.0,1,0.10006464469596077,0.31041736117576635,0.0,-2.3396751212284594,0.0,500,6.661338147750939e-16
driven_dt1e-3,57,3,-2.3174426658637897,0.0,1,0.02223245536466978,0.31041736117576635,0.0,-2.3396751212284594,0.0,500,6.661338147750939e-16
driven_dt1e-3,57,4,-2.6524200481523486,3.060159041643113,1,0.9148311941464696,-0.08195707063482602,0.20569578814376116,-3.0153694533200195,3.89991129265045,500,6.661338147750939e-16
driven_dt1e-3,57,5,-2.7189907205137063,0.0,1,0.03100864608882592,0.2608027153899814,0.0,-2.6879820744248804,0.0,500,6.661338147750939e-16
driven_dt1e-3,57,6,-2.9604741803555354,5.370695425996387,1,0.173367458130522,-0.1937148373631727,0.11683593359810068,-2.972483168771003,5.197744393227353,500,6.661338147750939e-16
driven_dt1e-3,58,0,-0.9401735849314701,0.0,1,0.0009530274714028009,0.6252458924301003,0.0,-0.9392205574600673,0.0,500,3.4416913763379853e-15
driven_dt1e-3,58,1,-1.7527488199044507,0.0,1,0.03599370223072773,0.4088645869269973,0.0,-1.7887425221351785,0.0,500,3.4416913763379853e-15
driven_dt1e-3,58,2,-2.2396104765324987,0.0,1,0.157389497564556,0.353062392108595,0.0,-2.0822209789679427,0.0,500,3.4416913763379853e-15
driven_dt1e-3,58,3,-2.3174426658637897,0.0,1,0.235221686895847,0.353062392108595,0.0,-2.0822209789679427,0.0,500,3.4416913763379853e-15
driven_dt1e-3,58,4,-2.6524200481523486,3.060159041643113,1,0.11673310391396553,-0.001038012290371967,0.25572349409750605,-2.7273005625101043,3.149710848542285,500,3.4416913763379853e-15
driven_dt1e-3,58,5,-2.7189907205137063,0.0,1,0.14487335865426876,0.24109440394219128,0.008875624803504184,-2.8437790636322644,0.07359456141246712,500,3.4416913763379853e-15
driven_dt1e-3,58,6,-2.9604741803555354,5.370695425996387,1,0.8044667795273356,-0.13632828953586268,0.15370995702263773,-3.16504710377084,4.592674399051486,500,3.4416913763379853e-15
driven_dt1e-3,59,0,-0.9401735849314701,0.0,1,0.0006674696469312069,0.6251566268744704,0.0,-0.9395061152845389,0.0,500,2.6645352591003757e-15
driven_dt1e-3,59,1,-1.7527488199044507,0.0,1,0.024637202932007662,0.4214492936724861,0.0,-1.728111616972443,0.0,500,2.6645352591003757e-15
driven_dt1e-3,59,2,-2.2396104765324987,0.0,1,0.24489926581957322,0.3688535469875991,0.0,-1.9947112107129255,0.0,500,2.6645352591003757e-15
driven_dt1e-3,59,3,-2.3174426658637897,0.0,1,0.29722816666237817,0.2705399732322341,0.0,-2.614670832526168,0.0,500,2.6645352591003757e-15
driven_dt1e-3,59,4,-2.6524200481523486,3.060159041643113,1,0.276647593390695,0.04145459096053816,0.24704557414980388,-2.7685967197955543,2.809087593854301,500,2.6645352591003757e-15
driven_dt1e-3,59,5,-2.7189907205137063,0.0,1,0.00223645981420173,0.25650334073094266,0.0,-2.721227180327908,0.0,500,2.6645352591003757e-15
driven_dt1e-3,59,6,-2.9604741803555354,5.370695425996387,1,0.4358614482890548,-0.17042366042647197,0.07103840518961155,-3.3787312738449997,5.4933176338152725,500,2.6645352591003757e-15
driven_dt1e-3,60,0,-0.9401735849314701,0.0,1,0.015012385508139103,0.6202746065439415,0.0,-0.9551859704396092,0.0,500,6.217248937900877e-15
driven_dt1e-3,60,1,-1.7527488199044507,0.0,1,0.03692716486637826,0.40867380154574834,0.0,-1.789675984770829,0.0,500,6.217248937900877e-15
driven_dt1e-3,60,2,-2.2396104765324987,0.0,1,0.023324600322180977,0.3225595403884052,0.0,-2.2629350768546797,0.0,500,6.217248937900877e-15
driven_dt1e-3,60,3,-2.3174426658637897,0.0,1,0.054507589009110013,0.3225595403884052,0.0,-2.2629350768546797,0.0,500,6.217248937900877e-15
driven_dt1e-3,60,4,-2.6524200481523486,3.060159041643113,1,0.1556282684454465,0.01532966866484142,0.2458778090930898,-2.801961579879447,3.017060454334001,500,6.217248937900877e-15
driven_dt1e-3,60,5,-2.7189907205137063,0.0,1,0.0397637653360734,0.25173527417814806,0.0,-2.7587544858497797,0.0,500,6.217248937900877e-15
driven_dt1e-3,60,6,-2.9604741803555354,5.370695425996387,1,0.464386400993241,-0.2286028019155485,0.15309439538737069,-2.5810149667759195,5.1029914203166165,500,6.217248937900877e-15
driven_dt1e-3,61,0,-0.9401735849314701,0.0,1,0.010725234412537143,0.6283083842882824,0.0,-0.9294483505189329,0.0,500,3.1086244689504383e-15
driven_dt1e-3,61,1,-1.7527488199044507,0.0,1,0.19046036623735785,0.37847525184237885,0.0,-1.9432091861418086,0.0,500,3.1086244689504383e-15
driven_dt1e-3,61,2,-2.2396104765324987,0.0,1,0.08612732348241625,0.312588109230789,0.0,-2.325737800014915,0.0,500,3.1086244689504383e-15
driven_dt1e-3,61,3,-2.3174426658637897,0.0,1,0.00829513415112526,0.312588109230789,0.0,-2.325737800014915,0.0,500,3.1086244689504383e-15
driven_dt1e-3,61,4,-2.6524200481523486,3.060159041643113,1,0.6072026297710827,-0.010198116089801042,0.198524850914889,-3.231046639607386,3.244241363613594,500,3.1086244689504383e-15
driven_dt1e-3,61,5,-2.7189907205137063,0.0,1,0.0726589283573178,0.24762870190451952,0.0,-2.791649648871024,0.0,500,3.1086244689504383e-15
driven_dt1e-3,61,6,-2.9604741803555354,5.370695425996387,1,0.1923729691572925,-0.18746753577827868,0.08790826952206471,-3.1495377271519844,5.4062247735155795,500,3.1086244689504383e-15
driven_dt1e-3,62,0,-0.9401735849314701,0.0,1,0.011766212462796743,0.6212821833691634,0.0,-0.9519397973942668,0.0,500,3.774758283725532e-15
driven_dt1e-3,62,1,-1.7527488199044507,0.0,1,0.12963530001070445,0.3901624609898584,0.0,-1.8823841199151552,0.0,500,3.774758283725532e-15
driven_dt1e-3,62,2,-2.2396104765324987,0.0,1,0.1538935025594368,0.3021740843176592,0.0,-2.3935039790919355,0.0,500,3.774758283725532e-15
driven_dt1e-3,62,3,-2.3174426658637897,0.0,1,0.0760613132281458,0.3021740843176592,0.0,-2.3935039790919355,0.0,500,3.774758283725532e-15
driven_dt1e-3,62,4,-2.6524200481523486,3.060159041643113,1,0.2804730642320438,-0.0180291441314523,0.24414370249759157,-2.8145580829438606,3.289017944536705,500,3.774758283725532e-15
driven_dt1e-3,62,5,-2.7189907205137063,0.0,1,0.022354981176149646,0.25393604097816513,0.0,-2.741345701689856,0.0,500,3.774758283725532e-15
driven_dt1e-3,62,6,-2.9604741803555354,5.370695425996387,1,0.283427542821744,-0.23682119114397904,0.11220173417939391,-2.678391805843762,5.398276325542469,500,3.774758283725532e-15
driven_dt1e-3,63,0,-0.9401735849314701,0.0,1,0.00838376874432234,0.6223337983849279,0.0,-0.9485573536757924,0.0,500,1.9984014443252818e-14
driven_dt1e-3,63,1,-1.7527488199044507,0.0,1,0.17822489004116226,0.38079776131845994,0.0,-1.930973709945613,0.0,500,1.9984014443252818e-14
driven_dt1e-3,63,2,-2.2396104765324987,0.0,1,0.30863676658688566,0.38079776131845994,0.0,-1.930973709945613,0.0,500,1.9984014443252818e-14
driven_dt1e-3,63,3,-2.3174426658637897,0.0,1,0.38646895591817665,0.38079776131845994,0.0,-1.930973709945613,0.0,500,1.9984014443252818e-14
driven_dt1e-3,63,4,-2.6524200481523486,3.060159041643113,1,0.7807017827060604,0.022206400545020776,0.179893520949867,-3.41565733150048,2.8959514814402256,500,1.9984014443252818e-14
driven_dt1e-3,63,5,-2.7189907205137063,0.0,1,0.010162011718317654,0.2580984043945658,0.0,-2.7088287087953886,0.0,500,1.9984014443252818e-14
driven_dt1e-3,63,6,-2.9604741803555354,5.370695425996387,1,0.4953441623908251,-0.2123507388039177,0.04591927054567617,-3.053331393662094,5.857258245323561,500,1.9984014443252818e-14
driven_dt1e-3,64,0,-0.9401735849314701,0.0,1,0.002367128830611742,0.62420879645343,0.0,-0.9425407137620818,0.0,500,1.5543122344752192e-15
driven_dt1e-3,64,1,-1.7527488199044507,0.0,1,0.1286304913350207,0.44394297286832896,0.0,-1.62411832856943,0.0,500,1.5543122344752192e-15
driven_dt1e-3,64,2,-2.2396104765324987,0.0,1,0.14690692071565126,0.3512167313251697,0.0,-2.0927035558168474,0.0,500,1.5543122344752192e-15
driven_dt1e-3,64,3,-2.3174426658637897,0.0,1,0.22473911004694225,0.3512167313251697,0.0,-2.0927035558168474,0.0,500,1.5543122344752192e-15
driven_dt1e-3,64,4,-2.6524200481523486,3.060159041643113,1,0.08765258467423623,0.008101830121898218,0.27683422531988433,-2.56781670088726,3.083077358152337,500,1.5543122344752192e-15
driven_dt1e-3,64,5,-2.7189907205137063,0.0,1,0.1168370556841718,0.2722384799180974,0.0,-2.6021536648295345,0.0,500,1.5543122344752192e-15
driven_dt1e-3,64,6,-2.9604741803555354,5.370695425996387,1,0.06872890601589227,-0.20311563834377355,0.0926151875571679,-2.999067117850183,5.427565872606868,500,1.5543122344752192e-15
driven_dt1e-3,65,0,-0.9401735849314701,0.0,1,0.00541541717120908,0.6266424953124085,0.0,-0.934758167760261,0.0,500,1.7763568394002505e-15
driven_dt1e-3,65,1,-1.7527488199044507,0.0,1,0.06442196668514288,0.4299168648221111,0.0,-1.6883268532193079,0.0,500,1.7763568394002505e-15
driven_dt1e-3,65,2,-2.2396104765324987,0.0,1,0.043158823092175336,0.33346217887799584,0.0,-2.1964516534403233,0.0,500,1.7763568394002505e-15
driven_dt1e-3,65,3,-2.3174426658637897,0.0,1,0.12099101242346633,0.33346217887799584,0.0,-2.1964516534403233,0.0,500,1.7763568394002505e-15
driven_dt1e-3,65,4,-2.6524200481523486,3.060159041643113,1,0.29018371373730306,0.019652517697960524,0.23039189188600234,-2.9286972718685353,2.971403853771929,500,1.7763568394002505e-15
driven_dt1e-3,65,5,-2.7189907205137063,0.0,1,0.07576841595660046,0.2611559958460458,0.008788490053063919,-2.6841428959496176,0.06727913480212812,500,1.7763568394002505e-15
driven_dt1e-3,65,6,-2.9604741803555354,5.370695425996387,1,0.5521459806229351,-0.15195691183257673,0.1262778110555818,-3.2432456562043024,4.896453424098229,500,1.7763568394002505e-15
driven_dt1e-3,66,0,-0.9401735849314701,0.0,1,0.004144385117605953,0.6262443804811396,0.0,-0.9360291998138641,0.0,500,8.881784197001252e-16
driven_dt1e-3,66,1,-1.7527488199044507,0.0,1,0.145471450001043,0.44769696853664226,0.0,-1.6072773699034077,0.0,500,8.881784197001252e-16
driven_dt1e-3,66,2,-2.2396104765324987,0.0,1,0.3018083919045007,0.3794998633164407,0.0,-1.937802084627998,0.0,500,8.881784197001252e-16
driven_dt1e-3,66,3,-2.3174426658637897,0.0,1,0.3796405812357917,0.3794998633164407,0.0,-1.937802084627998,0.0,500,8.881784197001252e-16
driven_dt1e-3,66,4,-2.6524200481523486,3.060159041643113,1,0.08585915071678746,0.0006029858210625282,0.27057749444159496,-2.614388505344232,3.13713563232783,500,8.881784197001252e-16
driven_dt1e-3,66,5,-2.7189907205137063,0.0,1,0.015254311367645101,0.2548392012799841,0.0,-2.7342450318813514,0.0,500,8.881784197001252e-16
driven_dt1e-3,66,6,-2.9604741803555354,5.370695425996387,1,0.5538024128875271,-0.2403428147702596,0.04597554474096515,-2.8154391171418545,5.905168945414001,500,8.881784197001252e-16
driven_dt1e-3,67,0,-0.9401735849314701,0.0,1,0.002984978171805208,0.6258814496451871,0.0,-0.9371886067596649,0.0,500,1.5543122344752192e-15
driven_dt1e-3,67,1,-1.7527488199044507,0.0,1,0.03186374807629555,0.42297485932835116,0.0,-1.7208850718281552,0.0,500,1.5543122344752192e-15
driven_dt1e-3,67,2,-2.2396104765324987,0.0,1,0.10237249252536942,0.33720687093436497,0.013058058478379535,-2.1726189146047727,0.07740967546980468,500,1.5543122344752192e-15
driven_dt1e-3,67,3,-2.3174426658637897,0.0,1,0.16421381423337708,0.33720687093436497,0.013058058478379535,-2.1726189146047727,0.07740967546980468,500,1.5543122344752192e-15
driven_dt1e-3,67,4,-2.6524200481523486,3.060159041643113,1,0.37524129818745117,0.051475335404529615,0.29973797533714097,-2.3806270267306173,2.8014418497677953,500,1.5543122344752192e-15
driven_dt1e-3,67,5,-2.7189907205137063,0.0,1,0.0113206755772981,0.2582479723617483,0.0,-2.707670044936408,0.0,500,1.5543122344752192e-15
driven_dt1e-3,67,6,-2.9604741803555354,5.370695425996387,1,0.5337648787166446,-0.24645839645347462,0.05241138541015105,-2.756893428256743,5.864111906392294,500,1.5543122344752192e-15
driven_dt1e-3,68,0,-0.9401735849314701,0.0,1,0.0011203753529942517,0.6252982114067233,0.0,-0.9390532095784758,0.0,500,3.9968028886505635e-15
driven_dt1e-3,68,1,-1.7527488199044507,0.0,1,0.15086291433847787,0.3860432507877107,0.0,-1.9036117342429286,0.0,500,3.9968028886505635e-15
driven_dt1e-3,68,2,-2.2396104765324987,0.0,1,0.19875141877857416,0.29547207493852934,0.0,-2.438361895311073,0.0,500,3.9968028886505635e-15
driven_dt1e-3,68,3,-2.3174426658637897,0.0,1,0.12091922944728317,0.29547207493852934,0.0,-2.438361895311073,0.0,500,3.9968028886505635e-15
driven_dt1e-3,68,4,-2.6524200481523486,3.060159041643113,1,0.5974985135660376,0.09138117895320227,0.2611569533755345,-2.5697657736722452,2.468405085489213,500,3.9968028886505635e-15
driven_dt1e-3,68,5,-2.7189907205137063,0.0,1,0.04046113204726387,0.26203824981061324,0.0,-2.6785295884664424,0.0,500,3.9968028886505635e-15
driven_dt1e-3,68,6,-2.9604741803555354,5.370695425996387,1,0.28688713202756794,-0.23239902723139927,0.12124952004021668,-2.677849556806466,5.321425265790133,500,3.9968028886505635e-15
driven_dt1e-3,69,0,-0.9401735849314701,0.0,1,0.0001953876293995238,0.6250090816876687,0.0,-0.9399781973020706,0.0,500,3.552713678800501e-15
driven_dt1e-3,69,1,-1.7527488199044507,0.0,1,0.05537723475830081,0.427977013091379,0.0,-1.69737158514615,0.0,500,3.552713678800501e-15
driven_dt1e-3,69,2,-2.2396104765324987,0.0,1,0.24279269003254236,0.3284022964677241,0.0398097869119227,-2.212443817541061,0.24126803139347144,500,3.552713678800501e-15
driven_dt1e-3,69,3,-2.3174426658637897,0.0,1,0.2631254855037431,0.3284022964677241,0.0398097869119227,-2.212443817541061,0.24126803139347144,500,3.552713678800501e-15
driven_dt1e-3,69,4,-2.6524200481523486,3.060159041643113,1,0.12612952635175714,0.0272263873021451,0.26927094485275305,-2.613902725511704,2.940054615103892,500,3.552713678800501e-15
driven_dt1e-3,69,5,-2.7189907205137063,0.0,1,0.02845211235140832,0.26046955290028,0.0,-2.690538608162298,0.0,500,3.552713678800501e-15
driven_dt1e-3,69,6,-2.9604741803555354,5.370695425996387,1,0.1294303936291599,-0.21458947516367008,0.0895087972715701,-2.917652087782378,5.492836717878597,500,3.552713678800501e-15
driven_dt1e-3,70,0,-0.9401735849314701,0.0,1,0.012588204085799415,0.6210268914595847,0.0,-0.9527617890172695,0.0,500,1.7763568394002505e-15
driven_dt1e-3,70,1,-1.7527488199044507,0.0,1,0.21303488807981963,0.3742273217697195,0.0,-1.9657837079842704,0.0,500,1.7763568394002505e-15
driven_dt1e-3,70,2,-2.2396104765324987,0.0,1,0.03837109100101532,0.33266486979681786,0.0,-2.2012393855314834,0.0,500,1.7763568394002505e-15
driven_dt1e-3,70,3,-2.3174426658637897,0.0,1,0.11620328033230631,0.33266486979681786,0.0,-2.2012393855314834,0.0,500,1.7763568394002505e-15
driven_dt1e-3,70,4,-2.6524200481523486,3.060159041643113,1,0.7267115007023359,0.10146592559602158,0.23790804884728575,-2.7046224760191184,2.3353249145644717,500,1.7763568394002505e-15
driven_dt1e-3,70,5,-2.7189907205137063,0.0,1,0.0970581240560886,0.24462608393112842,0.0,-2.816048844569795,0.0,500,1.7763568394002505e-15
driven_dt1e-3,70,6,-2.9604741803555354,5.370695425996387,1,0.604110326829191,-0.20809861899518434,0.03441832153522617,-3.112498564358032,5.955364455149064,500,1.7763568394002505e-15
driven_dt1e-3,71,0,-0.9401735849314701,0.0,1,0.0013696558544974424,0.6253761535898532,0.0,-0.9388039290769726,0.0,500,5.773159728050814e-15
driven_dt1e-3,71,1,-1.7527488199044507,0.0,1,0.01675451599968736,0.4197914863925547,0.0,-1.7359943039047634,0.0,500,5.773159728050814e-15
driven_dt1e-3,71,2,-2.2396104765324987,0.0,1,0.12826020607435362,0.347957429668545,0.0,-2.111350270458145,0.0,500,5.773159728050814e-15
driven_dt1e-3,71,3,-2.3174426658637897,0.0,1,0.2060923954056446,0.347957429668545,0.0,-2.111350270458145,0.0,500,5.773159728050814e-15
driven_dt1e-3,71,4,-2.6524200481523486,3.060159041643113,1,0.4137907629982255,-0.04296399091058095,0.25732200907414243,-2.687357956854361,3.4724721969973698,500,5.773159728050814e-15
driven_dt1e-3,71,5,-2.7189907205137063,0.0,1,0.01302695490057948,0.25512316824606524,0.0,-2.7320176754142858,0.0,500,5.773159728050814e-15
driven_dt1e-3,71,6,-2.9604741803555354,5.370695425996387,1,0.09567263249534019,-0.19374891005444222,0.0988999100852144,-3.050825782520918,5.339233693769174,500,5.773159728050814e-15
driven_dt1e-3,72,0,-0.9401735849314701,0.0,1,0.00965276016105232,0.627971552325185,0.0,-0.9305208247704178,0.0,500,1.1102230246251565e-15
driven_dt1e-3,72,1,-1.7527488199044507,0.0,1,0.12689423302342973,0.4435577402700907,0.0,-1.625854586881021,0.0,500,1.1102230246251565e-15
driven_dt1e-3,72,2,-2.2396104765324987,0.0,1,0.30923795253487163,0.38091224365545556,0.0,-1.930372523997627,0.0,500,1.1102230246251565e-15
driven_dt1e-3,72,3,-2.3174426658637897,0.0,1,0.3870701418661626,0.38091224365545556,0.0,-1.930372523997627,0.0,500,1.1102230246251565e-15
driven_dt1e-3,72,4,-2.6524200481523486,3.060159041643113,1,0.38642457840458433,0.0574424518166755,0.2932713222186438,-2.4156675271096364,2.754754066937263,500,1.1102230246251565e-15
driven_dt1e-3,72,5,-2.7189907205137063,0.0,1,0.1063247261835709,0.25460068140682446,0.01342373341197828,-2.733341800329411,0.10535176271014453,500,1.1102230246251565e-15
driven_dt1e-3,72,6,-2.9604741803555354,5.370695425996387,1,0.3262630329839157,-0.17676149711591,0.12362438744367044,-3.067709249480465,5.062558757224825,500,1.1102230246251565e-15
driven_dt1e-3,73,0,-0.9401735849314701,0.0,1,0.009161526878421755,0.6278173310020984,0.0,-0.9310120580530483,0.0,500,5.773159728050814e-15
driven_dt1e-3,73,1,-1.7527488199044507,0.0,1,0.19231632125328613,0.3781241982314678,0.0,-1.9450651411577369,0.0,500,5.773159728050814e-15
driven_dt1e-3,73,2,-2.2396104765324987,0.0,1,0.07267693267091913,0.33842026376832834,0.0,-2.1669335438615795,0.0,500,5.773159728050814e-15
driven_dt1e-3,73,3,-2.3174426658637897,0.0,1,0.15050912200221012,0.33842026376832834,0.0,-2.1669335438615795,0.0,500,5.773159728050814e-15
driven_dt1e-3,73,4,-2.6524200481523486,3.060159041643113,1,0.2997595645385409,0.042090150870023754,0.2933503327259174,-2.432397711573296,2.856576213441347,500,5.773159728050814e-15
driven_dt1e-3,73,5,-2.7189907205137063,0.0,1,0.11409235250137328,0.24255142323503243,0.0,-2.8330830730150796,0.0,500,5.773159728050814e-15
driven_dt1e-3,73,6,-2.9604741803555354,5.370695425996387,1,0.40803730093215657,-0.2552554371641167,0.10555214740799644,-2.573126980950424,5.4989786519653965,500,5.773159728050814e-15
driven_dt1e-3,74,0,-0.9401735849314701,0.0,1,0.009006786759120367,0.6277687586167974,0.0,-0.9311667981723497,0.0,500,1.9984014443252818e-15
driven_dt1e-3,74,1,-1.7527488199044507,0.0,1,0.20180247086982184,0.4604858392760678,0.0,-1.550946349034629,0.0,500,1.9984014443252818e-15
driven_dt1e-3,74,2,-2.2396104765324987,0.0,1,0.18808001077757996,0.3585220075797759,0.0,-2.0515304657549187,0.0,500,1.9984014443252818e-15
driven_dt1e-3,74,3,-2.3174426658637897,0.0,1,0.26591220010887096,0.3585220075797759,0.0,-2.0515304657549187,0.0,500,1.9984014443252818e-15
driven_dt1e-3,74,4,-2.6524200481523486,3.060159041643113,1,0.30983973290607236,-0.029174711582586634,0.2788781138790235,-2.5430761688298626,3.35006346751829,500,1.9984014443252818e-15
driven_dt1e-3,74,5,-2.7189907205137063,0.0,1,0.03959710021993379,0.26192506956629974,0.0,-2.6793936202937725,0.0,500,1.9984014443252818e-15
driven_dt1e-3,74,6,-2.9604741803555354,5.370695425996387,1,0.21026704861723164,-0.2218292194971268,0.11831840260779493,-2.761333152201975,5.303204073660372,500,1.9984014443252818e-15
driven_dt1e-3,75,0,-0.9401735849314701,0.0,1,0.008097282395893357,0.6224229498386457,0.0,-0.9482708673273634,0.0,500,2.4424906541753444e-15
driven_dt1e-3,75,1,-1.7527488199044507,0.0,1,0.027610563472241445,0.41058196795626023,0.0,-1.7803593833766922,0.0,500,2.4424906541753444e-15
driven_dt1e-3,75,2,-2.2396104765324987,0.0,1,0.33848563168048074,0.27553295074623196,0.0,-2.5780961082129794,0.0,500,2.4424906541753444e-15
driven_dt1e-3,75,3,-2.3174426658637897,0.0,1,0.26065344234918975,0.27553295074623196,0.0,-2.5780961082129794,0.0,500,2.4424906541753444e-15
driven_dt1e-3,75,4,-2.6524200481523486,3.060159041643113,1,0.1525533055210611,0.02608775521742271,0.25266148887582385,-2.740804841079025,2.9358182220997677,500,2.4424906541753444e-15
driven_dt1e-3,75,5,-2.7189907205137063,0.0,1,0.14089461230072686,0.27553295074623196,0.0,-2.5780961082129794,0.0,500,2.4424906541753444e-15
driven_dt1e-3,75,6,-2.9604741803555354,5.370695425996387,1,0.5095682442060294,-0.2539148530965293,0.06291734298935349,-2.6819243038838634,5.797391760432051,500,2.4424906541753444e-15
driven_dt1e-3,76,0,-0.9401735849314701,0.0,1,0.00023388102991561688,0.625021111165886,0.0,-0.9399397039015545,0.0,500,4.218847493575595e-15
driven_dt1e-3,76,1,-1.7527488199044507,0.0,1,0.04027431046861518,0.40799042818398923,0.0,-1.793023130373066,0.0,500,4.218847493575595e-15
driven_dt1e-3,76,2,-2.2396104765324987,0.0,1,0.18738649551185294,0.3583977088891034,0.0,-2.0522239810206457,0.0,500,4.218847493575595e-15
driven_dt1e-3,76,3,-2.3174426658637897,0.0,1,0.2652186848431439,0.3583977088891034,0.0,-2.0522239810206457,0.0,500,4.218847493575595e-15
driven_dt1e-3,76,4,-2.6524200481523486,3.060159041643113,1,0.2387315932205811,-0.014726869878645051,0.28602588504334386,-2.500698434914358,3.2444775856860244,500,4.218847493575595e-15
driven_dt1e-3,76,5,-2.7189907205137063,0.0,1,0.105034604286947,0.27063667017318027,0.0,-2.6139561162267593,0.0,500,4.218847493575595e-15
driven_dt1e-3,76,6,-2.9604741803555354,5.370695425996387,1,0.23368705639367163,-0.18959272728303023,0.12226217215998812,-2.978021224634715,5.137668085190628,500,4.218847493575595e-15
driven_dt1e-3,77,0,-0.9401735849314701,0.0,1,0.00795128951685764,0.6224683861561826,0.0,-0.9481248744483277,0.0,500,2.886579864025407e-15
driven_dt1e-3,77,1,-1.7527488199044507,0.0,1,0.11287458146205931,0.3934459015777697,0.0,-1.86562340136651,0.0,500,2.886579864025407e-15
driven_dt1e-3,77,2,-2.2396104765324987,0.0,1,0.11177074198246784,0.3086057800690497,0.0,-2.3513812185149665,0.0,500,2.886579864025407e-15
driven_dt1e-3,77,3,-2.3174426658637897,0.0,1,0.033938552651176845,0.3086057800690497,0.0,-2.3513812185149665,0.0,500,2.886579864025407e-15
driven_dt1e-3,77,4,-2.6524200481523486,3.060159041643113,1,0.4739647380583123,-0.043756414399553384,0.239855668702254,-2.8226976133042885,3.502480331802892,500,2.886579864025407e-15
driven_dt1e-3,77,5,-2.7189907205137063,0.0,1,0.10937295368205735,0.27122436556689833,0.0,-2.609617766831649,0.0,500,2.886579864025407e-15
driven_dt1e-3,77,6,-2.9604741803555354,5.370695425996387,1,0.19718702675204242,-0.1974402282475036,0.0796809715986999,-3.093748690680022,5.5160248050533385,500,2.886579864025407e-15
driven_dt1e-3,78,0,-0.9401735849314701,0.0,1,0.001255205509081203,0.625340367355403,0.0,-0.9389183794223889,0.0,500,5.773159728050814e-15
driven_dt1e-3,78,1,-1.7527488199044507,0.0,1,0.024093116206239884,0.411304703526361,0.0,-1.7768419361106906,0.0,500,5.773159728050814e-15
driven_dt1e-3,78,2,-2.2396104765324987,0.0,1,0.11312370015664941,0.3453339399612121,0.0,-2.1264867763758493,0.0,500,5.773159728050814e-15
driven_dt1e-3,78,3,-2.3174426658637897,0.0,1,0.1909558894879404,0.3453339399612121,0.0,-2.1264867763758493,0.0,500,5.773159728050814e-15
driven_dt1e-3,78,4,-2.6524200481523486,3.060159041643113,1,0.10023860026299913,-0.00249146701172311,0.26596945016044493,-2.648659905555185,3.160327091990189,500,5.773159728050814e-15
driven_dt1e-3,78,5,-2.7189907205137063,0.0,1,0.08753479131678253,0.25706924100324136,0.01124617041887841,-2.714907594083886,0.0874395092016805,500,5.773159728050814e-15
driven_dt1e-3,78,6,-2.9604741803555354,5.370695425996387,1,0.21979602862309364,-0.19101315627262822,0.1213577664917717,-2.971747553272895,5.151188694296537,500,5.773159728050814e-15
driven_dt1e-3,79,0,-0.9401735849314701,0.0,1,0.009404923503981144,0.6220161299288343,0.0,-0.9495785084354512,0.0,500,8.881784197001252e-16
driven_dt1e-3,79,1,-1.7527488199044507,0.0,1,0.2528034985899448,0.36685956558252397,0.0,-2.0055523184943955,0.0,500,8.881784197001252e-16
driven_dt1e-3,79,2,-2.2396104765324987,0.0,1,0.07856404578156218,0.3137724425178144,0.0,-2.318174522314061,0.0,500,8.881784197001252e-16
driven_dt1e-3,79,3,-2.3174426658637897,0.0,1,0.0007318564502711844,0.3137724425178144,0.0,-2.318174522314061,0.0,500,8.881784197001252e-16
driven_dt1e-3,79,4,-2.6524200481523486,3.060159041643113,1,0.673654018494204,-0.011164659193020574,0.19206652391098747,-3.296453677195298,3.257720225318342,500,8.881784197001252e-16
driven_dt1e-3,79,5,-2.7189907205137063,0.0,1,0.04545301530011159,0.26269309887859393,0.0,-2.6735377052135947,0.0,500,8.881784197001252e-16
driven_dt1e-3,79,6,-2.9604741803555354,5.370695425996387,1,0.37453891420222174,-0.19079150355664237,0.14160654712599138,-2.8743324615548524,5.006197137202265,500,8.881784197001252e-16
driven_dt1e-3,80,0,-0.9401735849314701,0.0,1,0.007040371781548371,0.6271518350037558,0.0,-0.9331332131499217,0.0,500,3.1086244689504383e-15
driven_dt1e-3,80,1,-1.7527488199044507,0.0,1,0.07715903174561256,0.40053507998904786,0.0,-1.8299078516500633,0.0,500,3.1086244689504383e-15
driven_dt1e-3,80,2,-2.2396104765324987,0.0,1,0.032001944617725986,0.32116309185128106,0.0,-2.2716124211502247,0.0,500,3.1086244689504383e-15
driven_dt1e-3,80,3,-2.3174426658637897,0.0,1,0.045830244713565005,0.32116309185128106,0.0,-2.2716124211502247,0.0,500,3.1086244689504383e-15
driven_dt1e-3,80,4,-2.6524200481523486,3.060159041643113,1,0.5878406576904168,-0.002138306543442137,0.19876228198965362,-3.2311757321261094,3.163108044076192,500,3.1086244689504383e-15
driven_dt1e-3,80,5,-2.7189907205137063,0.0,1,0.019083500749409676,0.2543517542788068,0.0,-2.738074221263116,0.0,500,3.1086244689504383e-15
driven_dt1e-3,80,6,-2.9604741803555354,5.370695425996387,1,0.33415393643743063,-0.240832455046899,0.08339974413251192,-2.734048413966563,5.616439653907841,500,3.1086244689504383e-15
driven_dt1e-3,81,0,-0.9401735849314701,0.0,1,0.009645960337207216,0.6219411700468613,0.0,-0.9498195452686773,0.0,500,5.551115123125783e-15
driven_dt1e-3,81,1,-1.7527488199044507,0.0,1,0.10381095935688145,0.43846778761217176,0.0,-1.6489378605475693,0.0,500,5.551115123125783e-15
driven_dt1e-3,81,2,-2.2396104765324987,0.0,1,0.06489912564462896,0.33710673576291333,0.0,-2.1747113508878697,0.0,500,5.551115123125783e-15
driven_dt1e-3,81,3,-2.3174426658637897,0.0,1,0.14273131497591995,0.33710673576291333,0.0,-2.1747113508878697,0.0,500,5.551115123125783e-15
driven_dt1e-3,81,4,-2.6524200481523486,3.060159041643113,1,0.46157101108461673,-0.051238822529334926,0.27066763648734027,-2.578517973305166,3.5157754171246762,500,5.551115123125783e-15
driven_dt1e-3,81,5,-2.7189907205137063,0.0,1,0.045711684628648275,0.2627270763995313,0.0,-2.673279035885058,0.0,500,5.551115123125783e-15
driven_dt1e-3,81,6,-2.9604741803555354,5.370695425996387,1,0.20053399604605263,-0.22813391116397877,0.09904675211178328,-2.7829568374385025,5.463977131243851,500,5.551115123125783e-15
driven_dt1e-3,82,0,-0.9401735849314701,0.0,1,0.0014785529433853917,0.624486186511958,0.0,-0.9416521378748555,0.0,500,2.220446049250313e-16
driven_dt1e-3,82,1,-1.7527488199044507,0.0,1,0.17530758907985078,0.45442580890933626,0.0,-1.5774412308246,0.0,500,2.220446049250313e-16
driven_dt1e-3,82,2,-2.2396104765324987,0.0,1,0.12926931626622054,0.3175223400603032,0.018861119726310892,-2.2908919423804246,0.11866240933178528,500,2.220446049250313e-16
driven_dt1e-3,82,3,-2.3174426658637897,0.0,1,0.1215964979179675,0.3175223400603032,0.018861119726310892,-2.2908919423804246,0.11866240933178528,500,2.220446049250313e-16
driven_dt1e-3,82,4,-2.6524200481523486,3.060159041643113,1,0.19030016160347837,0.020651076106903764,0.2897931600383707,-2.472110362026824,2.9993103062772506,500,2.220446049250313e-16
driven_dt1e-3,82,5,-2.7189907205137063,0.0,1,0.07304777215853865,0.26551476899335036,0.003854163478400217,-2.651958938795067,0.02902959277961852,500,2.220446049250313e-16
driven_dt1e-3,82,6,-2.9604741803555354,5.370695425996387,1,0.5821633080544223,-0.20909824063096405,0.03666837692380187,-3.099612904754736,5.935986972561017,500,2.220446049250313e-16
driven_dt1e-3,83,0,-0.9401735849314701,0.0,1,0.0036221352035261667,0.6260808737929575,0.0,-0.9365514497279439,0.0,500,3.1086244689504383e-15
driven_dt1e-3,83,1,-1.7527488199044507,0.0,1,0.0032156305813137998,0.4169593288550896,0.0,-1.749533189323137,0.0,500,3.1086244689504383e-15
driven_dt1e-3,83,2,-2.2396104765324987,0.0,1,0.22543176960322509,0.3652806365871662,0.0,-2.0141787069292736,0.0,500,3.1086244689504383e-15
driven_dt1e-3,83,3,-2.3174426658637897,0.0,1,0.1924787338859102,0.2850870519611187,0.0,-2.5099213997497,0.0,500,3.1086244689504383e-15
driven_dt1e-3,83,4,-2.6524200481523486,3.060159041643113,1,0.2778479486505341,-0.025040255075246633,0.25861118977521924,-2.695527510547737,3.334642609922054,500,3.1086244689504383e-15
driven_dt1e-3,83,5,-2.7189907205137063,0.0,1,0.009715485377068678,0.25804078695863253,0.0,-2.7092752351366376,0.0,500,3.1086244689504383e-15
driven_dt1e-3,83,6,-2.9604741803555354,5.370695425996387,1,0.5175893764009566,-0.16371132335585564,0.14057310452179247,-3.0669663308408097,4.864179696281946,500,3.1086244689504383e-15
driven_dt1e-3,84,0,-0.9401735849314701,0.0,1,0.004338341966889425,0.6235938752487235,0.0,-0.9445119268983595,0.0,500,7.327471962526033e-15
driven_dt1e-3,84,1,-1.7527488199044507,0.0,1,0.08883677979208127,0.43519719879382746,0.0,-1.6639120401123695,0.0,500,7.327471962526033e-15
driven_dt1e-3,84,2,-2.2396104765324987,0.0,1,0.20561131059659132,0.36167850012621683,0.0,-2.0339991659359073,0.0,500,7.327471962526033e-15
driven_dt1e-3,84,3,-2.3174426658637897,0.0,1,0.2834434999278823,0.36167850012621683,0.0,-2.0339991659359073,0.0,500,7.327471962526033e-15
driven_dt1e-3,84,4,-2.6524200481523486,3.060159041643113,1,0.20656061992678218,0.004099591452715244,0.24005334840158274,-2.8534965807476236,3.1074403037243843,500,7.327471962526033e-15
driven_dt1e-3,84,5,-2.7189907205137063,0.0,1,0.0845601826715372,0.2678802386863305,0.0,-2.634430537842169,0.0,500,7.327471962526033e-15
driven_dt1e-3,84,6,-2.9604741803555354,5.370695425996387,1,0.29902470214835103,-0.2333428584855267,0.12263389427895895,-2.6666017553395553,5.315425449425583,500,7.327471962526033e-15
driven_dt1e-3,85,0,-0.9401735849314701,0.0,1,0.007648964377908185,0.6273427040244396,0.0,-0.9325246205535619,0.0,500,8.881784197001252e-16
driven_dt1e-3,85,1,-1.7527488199044507,0.0,1,0.1498335177625978,0.4486744763947277,0.0,-1.602915302141853,0.0,500,8.881784197001252e-16
driven_dt1e-3,85,2,-2.2396104765324987,0.0,1,0.005768414241841491,0.32540346188719876,0.0,-2.24537889077434,0.0,500,8.881784197001252e-16
driven_dt1e-3,85,3,-2.3174426658637897,0.0,1,0.0720637750894495,0.32540346188719876,0.0,-2.24537889077434,0.0,500,8.881784197001252e-16
driven_dt1e-3,85,4,-2.6524200481523486,3.060159041643113,1,0.4965926376288201,-0.04848640967645458,0.30424232564989195,-2.354780640182237,3.457670086232254,500,8.881784197001252e-16
driven_dt1e-3,85,5,-2.7189907205137063,0.0,1,0.20209759934537627,0.24495635250369577,0.022463074426198472,-2.8049763141378934,0.18289318563101356,500,8.881784197001252e-16
driven_dt1e-3,85,6,-2.9604741803555354,5.370695425996387,1,0.37382282136922235,-0.2483936109818397,0.08791667517025359,-2.6674545526021953,5.6028225453248695,500,8.881784197001252e-16
driven_dt1e-3,86,0,-0.9401735849314701,0.0,1,0.004297655736386186,0.6236065612198335,0.0,-0.9444712406678563,0.0,500,1.3322676295501878e-15
driven_dt1e-3,86,1,-1.7527488199044507,0.0,1,0.04401609523871519,0.4072278355855072,0.0,-1.796764915143166,0.0,500,1.3322676295501878e-15
driven_dt1e-3,86,2,-2.2396104765324987,0.0,1,0.0943774922258469,0.34211221142450193,0.0,-2.1452329843066518,0.0,500,1.3322676295501878e-15
driven_dt1e-3,86,3,-2.3174426658637897,0.0,1,0.1722096815571379,0.34211221142450193,0.0,-2.1452329843066518,0.0,500,1.3322676295501878e-15
driven_dt1e-3,86,4,-2.6524200481523486,3.060159041643113,1,0.6652085344116402,0.011493530035724633,0.1901282322517015,-3.316465337252924,3.0208366780644105,500,1.3322676295501878e-15
driven_dt1e-3,86,5,-2.7189907205137063,0.0,1,0.007799484526673339,0.257793702147582,0.0,-2.711191235987033,0.0,500,1.3322676295501878e-15
driven_dt1e-3,86,6,-2.9604741803555354,5.370695425996387,1,0.2961805289944282,-0.21036347908303565,0.1350620297664592,-2.7726760025837245,5.141665405734836,500,1.3322676295501878e-15
driven_dt1e-3,87,0,-0.9401735849314701,0.0,1,0.00681039702164099,0.622823572208964,0.0,-0.9469839819531111,0.0,500,2.6645352591003757e-15
driven_dt1e-3,87,1,-1.7527488199044507,0.0,1,0.04796523172849798,0.42639386501906806,0.0,-1.7047835881759528,0.0,500,2.6645352591003757e-15
driven_dt1e-3,87,2,-2.2396104765324987,0.0,1,0.01604187752126407,0.3289714534844945,0.0,-2.2235685990112346,0.0,500,2.6645352591003757e-15
driven_dt1e-3,87,3,-2.3174426658637897,0.0,1,0.09387406685255506,0.3289714534844945,0.0,-2.2235685990112346,0.0,500,2.6645352591003757e-15
driven_dt1e-3,87,4,-2.6524200481523486,3.060159041643113,1,0.36987026404886514,0.0031709887973610535,0.2210518649541159,-3.018510086066944,3.1129046231383195,500,2.6645352591003757e-15
driven_dt1e-3,87,5,-2.7189907205137063,0.0,1,0.023708588938885278,0.25376423422630834,0.0,-2.7426993094525915,0.0,500,2.6645352591003757e-15
driven_dt1e-3,87,6,-2.9604741803555354,5.370695425996387,1,0.26128829840383594,-0.23188489764476128,0.11601496338948414,-2.699634549951138,5.355389803066582,500,2.6645352591003757e-15
driven_dt1e-3,88,0,-0.9401735849314701,0.0,1,0.0029095445185426394,0.6258578438282302,0.0,-0.9372640404129274,0.0,500,8.881784197001252e-16
driven_dt1e-3,88,1,-1.7527488199044507,0.0,1,0.14438568966825183,0.38729552193744665,0.0,-1.8971345095727026,0.0,500,8.881784197001252e-16
driven_dt1e-3,88,2,-2.2396104765324987,0.0,1,0.2488306654064353,0.2907565042719418,0.014332721005552366,-2.4681112258592184,0.09850942900929308,500,8.881784197001252e-16
driven_dt1e-3,88,3,-2.3174426658637897,0.0,1,0.1800142288121499,0.2907565042719418,0.014332721005552366,-2.4681112258592184,0.09850942900929308,500,8.881784197001252e-16
driven_dt1e-3,88,4,-2.6524200481523486,3.060159041643113,1,0.2750558131378512,0.014232554708462714,0.23129651315440075,-2.9243303108552445,3.0186800182967684,500,8.881784197001252e-16
driven_dt1e-3,88,5,-2.7189907205137063,0.0,1,0.0977626504431166,0.24453992634155075,0.0,-2.816753370956823,0.0,500,8.881784197001252e-16
driven_dt1e-3,88,6,-2.9604741803555354,5.370695425996387,1,0.15698463959363448,-0.20000687218321997,0.08337732425859888,-3.0585756536731212,5.4932526697695,500,8.881784197001252e-16
driven_dt1e-3,89,0,-0.9401735849314701,0.0,1,0.0044542967592899885,0.626341428212026,0.0,-0.9357192881721801,0.0,500,5.551115123125783e-15
driven_dt1e-3,89,1,-1.7527488199044507,0.0,1,0.0043857745385436075,0.417203351453056,0.0,-1.7483630453659071,0.0,500,5.551115123125783e-15
driven_dt1e-3,89,2,-2.2396104765324987,0.0,1,0.23334188286912072,0.29040575471944985,0.0,-2.4729523594016194,0.0,500,5.551115123125783e-15
driven_dt1e-3,89,3,-2.3174426658637897,0.0,1,0.15550969353782973,0.29040575471944985,0.0,-2.4729523594016194,0.0,500,5.551115123125783e-15
driven_dt1e-3,89,4,-2.6524200481523486,3.060159041643113,1,0.442735430420457,0.04175084298661591,0.3225849920269439,-2.2461649685621192,2.884171906724893,500,5.551115123125783e-15
driven_dt1e-3,89,5,-2.7189907205137063,0.0,1,0.16708407591694074,0.23620920654765956,0.0,-2.886074796430647,0.0,500,5.551115123125783e-15
driven_dt1e-3,89,6,-2.9604741803555354,5.370695425996387,1,0.35415186647226155,-0.23458272954034726,0.13202043819755813,-2.6247419420666427,5.257968283305211,500,5.551115123125783e-15
driven_dt1e-3,90,0,-0.9401735849314701,0.0,1,0.008892964015151383,0.6277330324520777,0.0,-0.9312806209163187,0.0,500,1.5543122344752192e-15
driven_dt1e-3,90,1,-1.7527488199044507,0.0,1,0.07704384573070056,0.4005581486731871,0.0,-1.8297926656351513,0.0,500,1.5543122344752192e-15
driven_dt1e-3,90,2,-2.2396104765324987,0.0,1,0.39597465038323254,0.3641192527884829,0.05731066291762821,-1.996076293286802,0.3122291231403224,500,1.5543122344752192e-15
driven_dt1e-3,90,3,-2.3174426658637897,0.0,1,0.36822365557937475,0.2611048676166059,0.0,-2.6856663214431644,0.0,500,1.5543122344752192e-15
driven_dt1e-3,90,4,-2.6524200481523486,3.060159041643113,1,0.3847309266294013,0.02502197006349935,0.3196363661523349,-2.275033103511905,2.9853460753867984,500,1.5543122344752192e-15
driven_dt1e-3,90,5,-2.7189907205137063,0.0,1,0.033324399070541855,0.2611048676166059,0.0,-2.6856663214431644,0.0,500,1.5543122344752192e-15
driven_dt1e-3,90,6,-2.9604741803555354,5.370695425996387,1,0.12960100104469038,-0.21054236616245298,0.08690148335231307,-2.958822772307643,5.50028590528883,500,1.5543122344752192e-15
driven_dt1e-3,91,0,-0.9401735849314701,0.0,1,0.015254069905125567,0.6297327490135612,0.0,-0.9249195150263445,0.0,500,0.0
driven_dt1e-3,91,1,-1.7527488199044507,0.0,1,0.13395722999049342,0.4451269329271116,0.0,-1.6187915899139573,0.0,500,0.0
driven_dt1e-3,91,2,-2.2396104765324987,0.0,1,0.18258979155525168,0.35753917497975124,0.0,-2.057020684977247,0.0,500,0.0
driven_dt1e-3,91,3,-2.3174426658637897,0.0,1,0.18651296825799513,0.2859387027847281,0.0,-2.503955634121785,0.0,500,0.0
driven_dt1e-3,91,4,-2.6524200481523486,3.060159041643113,1,0.11854144430632252,0.023624948215623297,0.27490572319444423,-2.575295865753334,2.97013718592178,500,0.0
driven_dt1e-3,91,5,-2.7189907205137063,0.0,1,0.056096991575459665,0.26409487524466435,0.0,-2.6628937289382466,0.0,500,0.0
driven_dt1e-3,91,6,-2.9604741803555354,5.370695425996387,1,0.3855982497306084,-0.22383715377666935,0.06059185265268752,-2.9229569429106093,5.75446419373265,500,0.0
driven_dt1e-3,92,0,-0.9401735849314701,0.0,1,0.0032288209407242974,0.6239399164830431,0.0,-0.9434024058721944,0.0,500,1.3322676295501878e-15
driven_dt1e-3,92,1,-1.7527488199044507,0.0,1,0.16903258418434763,0.38255199433776443,0.0,-1.9217814040887984,0.0,500,1.3322676295501878e-15
driven_dt1e-3,92,2,-2.2396104765324987,0.0,1,0.3178290724437003,0.38255199433776443,0.0,-1.9217814040887984,0.0,500,1.3322676295501878e-15
driven_dt1e-3,92,3,-2.3174426658637897,0.0,1,0.3408003801047289,0.3144398343077458,0.0538549893652242,-2.285012702995806,0.3392538822002026,500,1.3322676295501878e-15
driven_dt1e-3,92,4,-2.6524200481523486,3.060159041643113,1,0.10463693823468789,0.020948569424149667,0.2561040775691186,-2.7176742473989934,2.978361863673399,500,1.3322676295501878e-15
driven_dt1e-3,92,5,-2.7189907205137063,0.0,1,0.011577112685184687,0.258281086666212,0.0,-2.7074136078285216,0.0,500,1.3322676295501878e-15
driven_dt1e-3,92,6,-2.9604741803555354,5.370695425996387,1,0.45410354911066575,-0.2218633148870689,0.1537520644065441,-2.61917393182881,5.07115548930931,500,1.3322676295501878e-15
driven_dt1e-3,93,0,-0.9401735849314701,0.0,1,0.011534396134229019,0.6285626372647504,0.0,-0.928639188797241,0.0,500,2.6645352591003757e-15
driven_dt1e-3,93,1,-1.7527488199044507,0.0,1,0.00888741639934798,0.41814345909882605,0.0,-1.7438614035051028,0.0,500,2.6645352591003757e-15
driven_dt1e-3,93,2,-2.2396104765324987,0.0,1,0.12720900739324303,0.3062327816269056,0.0,-2.3668194839257417,0.0,500,2.6645352591003757e-15
driven_dt1e-3,93,3,-2.3174426658637897,0.0,1,0.049376818061952044,0.3062327816269056,0.0,-2.3668194839257417,0.0,500,2.6645352591003757e-15
driven_dt1e-3,93,4,-2.6524200481523486,3.060159041643113,1,0.36002126914379834,0.05549488364166809,0.28817356567353514,-2.451970805922583,2.7611014961348546,500,2.6645352591003757e-15
driven_dt1e-3,93,5,-2.7189907205137063,0.0,1,0.012360684760141183,0.25838229741489704,0.0,-2.706630035753565,0.0,500,2.6645352591003757e-15
driven_dt1e-3,93,6,-2.9604741803555354,5.370695425996387,1,0.4937257612332563,-0.15584020413654007,0.11953512116427882,-3.255155691708133,4.974554120182026,500,2.6645352591003757e-15
driven_dt1e-3,94,0,-0.9401735849314701,0.0,1,0.0011024163271197152,0.6246036436171409,0.0,-0.9412760012585898,0.0,500,2.220446049250313e-16
driven_dt1e-3,94,1,-1.7527488199044507,0.0,1,0.1534967182783764,0.3855352042674169,0.0,-1.9062455381828272,0.0,500,2.220446049250313e-16
driven_dt1e-3,94,2,-2.2396104765324987,0.0,1,0.2343262756412443,0.2902628532271693,0.0,-2.473936752173743,0.0,500,2.220446049250313e-16
driven_dt1e-3,94,3,-2.3174426658637897,0.0,1,0.15649408630995332,0.2902628532271693,0.0,-2.473936752173743,0.0,500,2.220446049250313e-16
driven_dt1e-3,94,4,-2.6524200481523486,3.060159041643113,1,0.7121479509032089,-0.03722512689092091,0.19821423476117073,-3.2021516336959723,3.512872955535024,500,2.220446049250313e-16
driven_dt1e-3,94,5,-2.7189907205137063,0.0,1,0.03710648471800537,0.25206996210132476,0.0,-2.7560972052317116,0.0,500,2.220446049250313e-16
driven_dt1e-3,94,6,-2.9604741803555354,5.370695425996387,1,0.4153457817967711,-0.16149285093722907,0.09618428466717235,-3.342984394325216,5.20883729470469,500,2.220446049250313e-16
driven_dt1e-3,95,0,-0.9401735849314701,0.0,1,0.008955148025782123,0.6277525502342812,0.0,-0.931218436905688,0.0,500,5.773159728050814e-15
driven_dt1e-3,95,1,-1.7527488199044507,0.0,1,0.1527987709260692,0.3856697693834127,0.0,-1.90554759083052,0.0,500,5.773159728050814e-15
driven_dt1e-3,95,2,-2.2396104765324987,0.0,1,0.24300172418789323,0.28900649983034005,0.0,-2.482612200720392,0.0,500,5.773159728050814e-15
driven_dt1e-3,95,3,-2.3174426658637897,0.0,1,0.16516953485660224,0.28900649983034005,0.0,-2.482612200720392,0.0,500,5.773159728050814e-15
driven_dt1e-3,95,4,-2.6524200481523486,3.060159041643113,1,0.3676212075365275,0.020608928762862112,0.22161490854060295,-3.005017333977919,2.9561373791921817,500,5.773159728050814e-15
driven_dt1e-3,95,5,-2.7189907205137063,0.0,1,0.10235490035655367,0.24688325960030955,0.008245823858195705,-2.796564457143997,0.06677455362796769,500,5.773159728050814e-15
driven_dt1e-3,95,6,-2.9604741803555354,5.370695425996387,1,0.11774783541446436,-0.19249201959595885,0.1060841961456177,-3.030178091660754,5.275795913386753,500,5.773159728050814e-15
driven_dt1e-3,96,0,-0.9401735849314701,0.0,1,0.0038201679115714704,0.6261428691076282,0.0,-0.9363534170198986,0.0,500,3.552713678800501e-15
driven_dt1e-3,96,1,-1.7527488199044507,0.0,1,0.21066494138245995,0.3746710340140361,0.0,-1.9634137612869107,0.0,500,3.552713678800501e-15
driven_dt1e-3,96,2,-2.2396104765324987,0.0,1,0.23465491720766704,0.30830771130591245,0.032657386061113826,-2.3421563105304535,0.21106227066768937,500,3.552713678800501e-15
driven_dt1e-3,96,3,-2.3174426658637897,0.0,1,0.21250422662175708,0.30830771130591245,0.032657386061113826,-2.3421563105304535,0.21106227066768937,500,3.552713678800501e-15
driven_dt1e-3,96,4,-2.6524200481523486,3.060159041643113,1,0.6487467561263891,0.020978384414533865,0.19218515055039914,-3.286747235122843,2.924139287729897,500,3.552713678800501e-15
driven_dt1e-3,96,5,-2.7189907205137063,0.0,1,0.01179476113923883,0.2552803972633886,0.0,-2.730785481652945,0.0,500,3.552713678800501e-15
driven_dt1e-3,96,6,-2.9604741803555354,5.370695425996387,1,0.17372514619329593,-0.18528285594125635,0.10112741649700686,-3.1109974325789294,5.2839591765964125,500,3.552713678800501e-15
driven_dt1e-3,97,0,-0.9401735849314701,0.0,1,0.011039222871628507,0.6215080572589119,0.0,-0.9512128078030986,0.0,500,2.6645352591003757e-15
driven_dt1e-3,97,1,-1.7527488199044507,0.0,1,0.22875611448728828,0.37129719691956126,0.0,-1.981504934391739,0.0,500,2.6645352591003757e-15
driven_dt1e-3,97,2,-2.2396104765324987,0.0,1,0.06008859195004135,0.3362968784592846,0.0,-2.1795218845824573,0.0,500,2.6645352591003757e-15
driven_dt1e-3,97,3,-2.3174426658637897,0.0,1,0.13792078128133234,0.3362968784592846,0.0,-2.1795218845824573,0.0,500,2.6645352591003757e-15
driven_dt1e-3,97,4,-2.6524200481523486,3.060159041643113,1,0.10794006315381653,0.019175212430321664,0.27730032744178335,-2.5605380169235064,3.003513215928309,500,2.6645352591003757e-15
driven_dt1e-3,97,5,-2.7189907205137063,0.0,1,0.08381465696945298,0.24925891881003637,0.007465857761978774,-2.7776294431382147,0.05988653381080789,500,2.6645352591003757e-15
driven_dt1e-3,97,6,-2.9604741803555354,5.370695425996387,1,0.15141177011132126,-0.1880439653316411,0.10427707385299731,-3.0740346075952,5.270547767544537,500,2.6645352591003757e-15
driven_dt1e-3,98,0,-0.9401735849314701,0.0,1,0.005895068191485664,0.6231086816320778,0.0,-0.9460686531229557,0.0,500,7.771561172376096e-16
driven_dt1e-3,98,1,-1.7527488199044507,0.0,1,0.03706081559235508,0.4240754030598592,0.0,-1.7156880043120957,0.0,500,7.771561172376096e-16
driven_dt1e-3,98,2,-2.2396104765324987,0.0,1,0.22022621921905294,0.36433112942098755,0.0,-2.0193842573134457,0.0,500,7.771561172376096e-16
driven_dt1e-3,98,3,-2.3174426658637897,0.0,1,0.29805840855034393,0.36433112942098755,0.0,-2.0193842573134457,0.0,500,7.771561172376096e-16
driven_dt1e-3,98,4,-2.6524200481523486,3.060159041643113,1,0.41627299057092304,-0.0394806918385103,0.24687829211798423,-2.7724668713096645,3.4587465012159098,500,7.771561172376096e-16
driven_dt1e-3,98,5,-2.7189907205137063,0.0,1,0.09417637129849021,0.26917133350420835,0.0,-2.624814349215216,0.0,500,7.771561172376096e-16
driven_dt1e-3,98,6,-2.9604741803555354,5.370695425996387,1,0.17793081664254973,-0.215324685557157,0.08312065937581367,-2.9323112974118017,5.546383295627111,500,7.771561172376096e-16
driven_dt1e-3,99,0,-0.9401735849314701,0.0,1,0.01737312662300272,0.6304003223136635,0.0,-0.9228004583084674,0.0,500,1.3322676295501878e-15
driven_dt1e-3,99,1,-1.7527488199044507,0.0,1,0.045189267824728985,0.40698903136551035,0.0,-1.7979380877291797,0.0,500,1.3322676295501878e-15
driven_dt1e-3,99,2,-2.2396104765324987,0.0,1,0.16668704048779848,0.30024731563044643,0.0,-2.406297517020297,0.0,500,1.3322676295501878e-15
driven_dt1e-3,99,3,-2.3174426658637897,0.0,1,0.08885485115650749,0.30024731563044643,0.0,-2.406297517020297,0.0,500,1.3322676295501878e-15
driven_dt1e-3,99,4,-2.6524200481523486,3.060159041643113,1,0.559488687322192,-0.0012954782759874639,0.20149844563945504,-3.2039058891029524,3.1544509207871565,500,1.3322676295501878e-15
driven_dt1e-3,99,5,-2.7189907205137063,0.0,1,0.02725202753574152,0.253315033281773,0.0,-2.746242748049448,0.0,500,1.3322676295501878e-15
driven_dt1e-3,99,6,-2.9604741803555354,5.370695425996387,1,0.2942797618279005,-0.1729315805268446,0.09970767371472691,-3.2227093699937597,5.2371541082820166,500,1.3322676295501878e-15
driven_dt1e-3,100,0,-0.9401735849314701,0.0,1,0.0025461561160411428,0.6257441394172282,0.0,-0.9376274288154289,0.0,500,8.881784197001252e-16
driven_dt1e-3,100,1,-1.7527488199044507,0.0,1,0.0035306438414077768,0.4155552372554349,0.0,-1.7562794637458585,0.0,500,8.881784197001252e-16
driven_dt1e-3,100,2,-2.2396104765324987,0.0,1,0.19349342615337473,0.347293268851663,0.02499166631630686,-2.1100063384507393,0.1436748877036475,500,8.881784197001252e-16
driven_dt1e-3,100,3,-2.3174426658637897,0.0,1,0.25233371413124717,0.347293268851663,0.02499166631630686,-2.1100063384507393,0.1436748877036475,500,8.881784197001252e-16
driven_dt1e-3,100,4,-2.6524200481523486,3.060159041643113,1,0.3468685533307824,0.009874775572179135,0.31552359094230786,-2.3060646633463397,3.079020131369621,500,8.881784197001252e-16
driven_dt1e-3,100,5,-2.7189907205137063,0.0,1,0.07840987201724081,0.2670577306614396,0.0,-2.6405808484964655,0.0,500,8.881784197001252e-16
driven_dt1e-3,100,6,-2.9604741803555354,5.370695425996387,1,0.6411879766497811,-0.16701951526701325,0.16379646832251088,-2.9054382625335498,4.731873800540789,500,8.881784197001252e-16
driven_dt1e-3,101,0,-0.9401735849314701,0.0,1,0.006219853516507223,0.6230075015699061,0.0,-0.9463934384479773,0.0,500,3.552713678800501e-15
driven_dt1e-3,101,1,-1.7527488199044507,0.0,1,0.08556006243102687,0.39885615488421733,0.0,-1.8383088823354776,0.0,500,3.552713678800501e-15
driven_dt1e-3,101,2,-2.2396104765324987,0.0,1,0.2395676551942021,0.28950316022985945,0.0,-2.4791781317267008,0.0,500,3.552713678800501e-15
driven_dt1e-3,101,3,-2.3174426658637897,0.0,1,0.1617354658629111,0.28950316022985945,0.0,-2.4791781317267008,0.0,500,3.552713678800501e-15
driven_dt1e-3,101,4,-2.6524200481523486,3.060159041643113,1,0.7389747337944872,0.09274114320728813,0.22157630157944905,-2.8525504973947333,2.3488001586082032,500,3.552713678800501e-15
driven_dt1e-3,101,5,-2.7189907205137063,0.0,1,0.10689273583222869,0.27088822627824877,0.0,-2.6120979846814776,0.0,500,3.552713678800501e-15
driven_dt1e-3,101,6,-2.9604741803555354,5.370695425996387,1,0.19902482587790024,-0.20208561417819942,0.0782851327358123,-3.0583066988659935,5.544015014149687,500,3.552713678800501e-15
driven_dt1e-3,102,0,-0.9401735849314701,0.0,1,0.009833414042144328,0.6280282776361298,0.0,-0.9303401708893257,0.0,500,1.7763568394002505e-15
driven_dt1e-3,102,1,-1.7527488199044507,0.0,1,0.05112361503150886,0.405783214074072,0.0,-1.8038724349359596,0.0,500,1.7763568394002505e-15
driven_dt1e-3,102,2,-2.2396104765324987,0.0,1,0.03236133355879911,0.321105385804419,0.0,-2.271971810091298,0.0,500,1.7763568394002505e-15
driven_dt1e-3,102,3,-2.3174426658637897,0.0,1,0.04547085577249188,0.321105385804419,0.0,-2.271971810091298,0.0,500,1.7763568394002505e-15
driven_dt1e-3,102,4,-2.6524200481523486,3.060159041643113,1,0.43169716082920995,0.034497563469664344,0.21856903678508582,-3.0167004630332634,2.8285079721394535,500,1.7763568394002505e-15
driven_dt1e-3,102,5,-2.7189907205137063,0.0,1,0.00887000391661763,0.25565398695444186,0.0,-2.727860724430324,0.0,500,1.7763568394002505e-15
driven_dt1e-3,102,6,-2.9604741803555354,5.370695425996387,1,0.5781425065541638,-0.14597501114888,0.1036861825487413,-3.440160843966142,5.047973467278273,500,1.7763568394002505e-15
driven_dt1e-3,103,0,-0.9401735849314701,0.0,1,0.0036292989251287544,0.626083116331514,0.0,-0.9365442860063413,0.0,500,1.1102230246251565e-15
driven_dt1e-3,103,1,-1.7527488199044507,0.0,1,0.0735707033215447,0.43188796774631366,0.0,-1.679178116582906,0.0,500,1.1102230246251565e-15
driven_dt1e-3,103,2,-2.2396104765324987,0.0,1,0.24331833830768335,0.3685620968330212,0.0,-1.9962921382248153,0.0,500,1.1102230246251565e-15
driven_dt1e-3,103,3,-2.3174426658637897,0.0,1,0.27399409338441555,0.29851568623249075,0.039180635145258345,-2.400785336943814,0.26101103882172244,500,1.1102230246251565e-15
driven_dt1e-3,103,4,-2.6524200481523486,3.060159041643113,1,0.4486372724762117,-0.004298545780972487,0.33005085199386525,-2.216847471574398,3.167638959712212,500,1.1102230246251565e-15
driven_dt1e-3,103,5,-2.7189907205137063,0.0,1,0.009831881692992539,0.25805580489411645,0.0,-2.7091588388207137,0.0,500,1.1102230246251565e-15
driven_dt1e-3,103,6,-2.9604741803555354,5.370695425996387,1,0.47664523332207265,-0.18493925079613438,0.05426871082448282,-3.2928555890212743,5.712328676166847,500,1.1102230246251565e-15
driven_dt1e-3,104,0,-0.9401735849314701,0.0,1,0.005690093364831061,0.626728563110154,0.0,-0.934483491566639,0.0,500,1.3322676295501878e-15
driven_dt1e-3,104,1,-1.7527488199044507,0.0,1,0.023378129135864567,0.4211840592876288,0.0,-1.7293706907685862,0.0,500,1.3322676295501878e-15
driven_dt1e-3,104,2,-2.2396104765324987,0.0,1,0.036364243407084995,0.3204633505654504,0.0,-2.2759747199395837,0.0,500,1.3322676295501878e-15
driven_dt1e-3,104,3,-2.3174426658637897,0.0,1,0.041467945924205996,0.3204633505654504,0.0,-2.2759747199395837,0.0,500,1.3322676295501878e-15
driven_dt1e-3,104,4,-2.6524200481523486,3.060159041643113,1,0.06538692451542145,0.006723278588207931,0.27306139644643496,-2.5955111752050617,3.0923588875659584,500,1.3322676295501878e-15
driven_dt1e-3,104,5,-2.7189907205137063,0.0,1,0.001193909109110436,0.2569436687893006,0.0,-2.717796811404596,0.0,500,1.3322676295501878e-15
driven_dt1e-3,104,6,-2.9604741803555354,5.370695425996387,1,0.5286446340829047,-0.15319031383536647,0.12264876744600198,-3.2568375282729303,4.93293531457023,500,1.3322676295501878e-15
driven_dt1e-3,105,0,-0.9401735849314701,0.0,1,0.006970551260152114,0.6271299413518573,0.0,-0.933203033671318,0.0,500,1.4432899320127035e-14
driven_dt1e-3,105,1,-1.7527488199044507,0.0,1,0.031094549353038348,0.4098673596686305,0.0,-1.783843369257489,0.0,500,1.4432899320127035e-14
driven_dt1e-3,105,2,-2.2396104765324987,0.0,1,0.08287600898512038,0.3401504586644804,0.0,-2.1567344675473783,0.0,500,1.4432899320127035e-14
driven_dt1e-3,105,3,-2.3174426658637897,0.0,1,0.16070819831641137,0.3401504586644804,0.0,-2.1567344675473783,0.0,500,1.4432899320127035e-14
driven_dt1e-3,105,4,-2.6524200481523486,3.060159041643113,1,0.08846637617029623,-0.0007693873080058546,0.26747819120980415,-2.637426214391488,3.1473455352178408,500,1.4432899320127035e-14
driven_dt1e-3,105,5,-2.7189907205137063,0.0,1,0.12971079107950612,0.24066466263424646,0.0,-2.8487015115932124,0.0,500,1.4432899320127035e-14
driven_dt1e-3,105,6,-2.9604741803555354,5.370695425996387,1,0.2626296126423795,-0.18500426590071128,0.07979969745110775,-3.2041209623346014,5.468728884916961,500,1.4432899320127035e-14
driven_dt1e-3,106,0,-0.9401735849314701,0.0,1,0.0020809951334378463,0.6255986204609445,0.0,-0.9380925897980322,0.0,500,4.6629367034256575e-15
driven_dt1e-3,106,1,-1.7527488199044507,0.0,1,0.12188205157127396,0.4424475360480245,0.0,-1.6308667683331768,0.0,500,4.6629367034256575e-15
driven_dt1e-3,106,2,-2.2396104765324987,0.0,1,0.12497920944092966,0.3473870740525137,0.0,-2.114631267091569,0.0,500,4.6629367034256575e-15
driven_dt1e-3,106,3,-2.3174426658637897,0.0,1,0.07756320482603885,0.3019472531381105,0.0,-2.3950058706898285,0.0,500,4.6629367034256575e-15
driven_dt1e-3,106,4,-2.6524200481523486,3.060159041643113,1,0.522518391720113,0.07642151846060166,0.2466232849905068,-2.7081008046325548,2.5406158547533555,500,4.6629367034256575e-15
driven_dt1e-3,106,5,-2.7189907205137063,0.0,1,0.052118145550015704,0.25018505047558687,0.0,-2.771108866063722,0.0,500,4.6629367034256575e-15
driven_dt1e-3,106,6,-2.9604741803555354,5.370695425996387,1,0.4382997255293872,-0.15899661630720135,0.09932694014655637,-3.348251150600947,5.166402325901388,500,4.6629367034256575e-15
driven_dt1e-3,107,0,-0.9401735849314701,0.0,1,0.0027991288330417863,0.6258232925205643,0.0,-0.9373744560984283,0.0,500,6.439293542825908e-15
driven_dt1e-3,107,1,-1.7527488199044507,0.0,1,0.05317349610933597,0.4275056980605432,0.0,-1.6995753237951148,0.0,500,6.439293542825908e-15
driven_dt1e-3,107,2,-2.2396104765324987,0.0,1,0.08840995443059763,0.34109294902647397,0.0,-2.151200522101901,0.0,500,6.439293542825908e-15
driven_dt1e-3,107,3,-2.3174426658637897,0.0,1,0.16624214376188862,0.34109294902647397,0.0,-2.151200522101901,0.0,500,6.439293542825908e-15
driven_dt1e-3,107,4,-2.6524200481523486,3.060159041643113,1,0.5130213269922534,-0.025704860934328562,0.2156154670532989,-3.054404949606041,3.378905054876468,500,6.439293542825908e-15
driven_dt1e-3,107,5,-2.7189907205137063,0.0,1,0.06587535742194106,0.26538924502574557,0.0,-2.653115363091765,0.0,500,6.439293542825908e-15
driven_dt1e-3,107,6,-2.9604741803555354,5.370695425996387,1,0.2948356277523034,-0.1821175625269312,0.07815034594296145,-3.2371853470310774,5.47247448881952,500,6.439293542825908e-15
driven_dt1e-3,108,0,-0.9401735849314701,0.0,1,0.01767284230625743,0.6304947998242477,0.0,-0.9225007426252126,0.0,500,4.218847493575595e-15
driven_dt1e-3,108,1,-1.7527488199044507,0.0,1,0.1561817816339779,0.4501008909954428,0.0,-1.5965670382704729,0.0,500,4.218847493575595e-15
driven_dt1e-3,108,2,-2.2396104765324987,0.0,1,0.2324146925470667,0.3665582288905482,0.0,-2.007195783985432,0.0,500,4.218847493575595e-15
driven_dt1e-3,108,3,-2.3174426658637897,0.0,1,0.3102468818783577,0.3665582288905482,0.0,-2.007195783985432,0.0,500,4.218847493575595e-15
driven_dt1e-3,108,4,-2.6524200481523486,3.060159041643113,1,0.3936698774572735,-0.039653317750994135,0.285591919454548,-2.487287921970728,3.417520697840252,500,4.218847493575595e-15
driven_dt1e-3,108,5,-2.7189907205137063,0.0,1,0.03350105543055948,0.2525247821454523,0.0,-2.7524917759442658,0.0,500,4.218847493575595e-15
driven_dt1e-3,108,6,-2.9604741803555354,5.370695425996387,1,0.29380913697862915,-0.19615090293715784,0.1333866715875213,-2.8776438466629766,5.088803700696572,500,4.218847493575595e-15
driven_dt1e-3,109,0,-0.9401735849314701,0.0,1,0.014499450867823671,0.6204337071112197,0.0,-0.9546730357992937,0.0,500,8.881784197001252e-16
driven_dt1e-3,109,1,-1.7527488199044507,0.0,1,0.06732593900518302,0.40250917817879567,0.0,-1.8200747589096338,0.0,500,8.881784197001252e-16
driven_dt1e-3,109,2,-2.2396104765324987,0.0,1,0.27870655937893485,0.2838928167246114,0.0,-2.5183170359114335,0.0,500,8.881784197001252e-16
driven_dt1e-3,109,3,-2.3174426658637897,0.0,1,0.20087437004764386,0.2838928167246114,0.0,-2.5183170359114335,0.0,500,8.881784197001252e-16
driven_dt1e-3,109,4,-2.6524200481523486,3.060159041643113,1,0.30346563093378415,0.03186925828579827,0.2336643334203474,-2.88930825755686,2.870487311005245,500,8.881784197001252e-16
driven_dt1e-3,109,5,-2.7189907205137063,0.0,1,0.0840550478651294,0.2462217111298715,0.0,-2.8030457683788357,0.0,500,8.881784197001252e-16
driven_dt1e-3,109,6,-2.9604741803555354,5.370695425996387,1,0.31699600978820097,-0.17371196183732218,0.0869630603515863,-3.2770766172083587,5.354904061251842,500,8.881784197001252e-16
driven_dt1e-3,110,0,-0.9401735849314701,0.0,1,0.008395529379994104,0.6275769237903592,0.0,-0.931778055551476,0.0,500,8.881784197001252e-16
driven_dt1e-3,110,1,-1.7527488199044507,0.0,1,0.10373100804809332,0.39524877034607386,0.0,-1.856479827952544,0.0,500,8.881784197001252e-16
driven_dt1e-3,110,2,-2.2396104765324987,0.0,1,0.023973017710599898,0.3224549807315018,0.0,-2.2635834942430986,0.0,500,8.881784197001252e-16
driven_dt1e-3,110,3,-2.3174426658637897,0.0,1,0.05385917162069109,0.3224549807315018,0.0,-2.2635834942430986,0.0,500,8.881784197001252e-16
driven_dt1e-3,110,4,-2.6524200481523486,3.060159041643113,1,0.7708088007321334,0.025789595985698008,0.18118036615408473,-3.3964657433144114,2.8588080774117186,500,8.881784197001252e-16
driven_dt1e-3,110,5,-2.7189907205137063,0.0,1,0.007841929127205383,0.25779917318098944,0.0,-2.711148791386501,0.0,500,8.881784197001252e-16
driven_dt1e-3,110,6,-2.9604741803555354,5.370695425996387,1,0.3137968171221828,-0.21122304470460088,0.06578418054381878,-3.0171043781438605,5.679339983917741,500,8.881784197001252e-16
driven_dt1e-3,111,0,-0.9401735849314701,0.0,1,0.0027119370559587352,0.6257960097927686,0.0,-0.9374616478755113,0.0,500,5.995204332975845e-15
driven_dt1e-3,111,1,-1.7527488199044507,0.0,1,0.03266605880795814,0.4095454309482099,0.0,-1.785414878712409,0.0,500,5.995204332975845e-15
driven_dt1e-3,111,2,-2.2396104765324987,0.0,1,0.12919682351942363,0.3059285656024872,0.0,-2.3688073000519223,0.0,500,5.995204332975845e-15
driven_dt1e-3,111,3,-2.3174426658637897,0.0,1,0.05136463418813264,0.3059285656024872,0.0,-2.3688073000519223,0.0,500,5.995204332975845e-15
driven_dt1e-3,111,4,-2.6524200481523486,3.060159041643113,1,0.7752968677183194,-0.017261965503095986,0.18374391807543725,-3.3796373911177455,3.3289343552122457,500,5.995204332975845e-15
driven_dt1e-3,111,5,-2.7189907205137063,0.0,1,0.05839511060404537,0.2545604552630183,0.0071255014714817246,-2.735650640694532,0.055968169543296795,500,5.995204332975845e-15
driven_dt1e-3,111,6,-2.9604741803555354,5.370695425996387,1,0.3585653203243524,-0.23796552755498784,0.12948239006908568,-2.6119228783066317,5.286546279956042,500,5.995204332975845e-15
driven_dt1e-3,112,0,-0.9401735849314701,0.0,1,0.009798401029748605,0.6280172831514327,0.0,-0.9303751839017215,0.0,500,3.1086244689504383e-15
driven_dt1e-3,112,1,-1.7527488199044507,0.0,1,0.05582916537724669,0.4280737319767344,0.0,-1.696919654527204,0.0,500,3.1086244689504383e-15
driven_dt1e-3,112,2,-2.2396104765324987,0.0,1,0.024504192558835847,0.3303663324186094,0.0,-2.215106283973663,0.0,500,3.1086244689504383e-15
driven_dt1e-3,112,3,-2.3174426658637897,0.0,1,0.10233638189012684,0.3303663324186094,0.0,-2.215106283973663,0.0,500,3.1086244689504383e-15
driven_dt1e-3,112,4,-2.6524200481523486,3.060159041643113,1,0.13255750128990604,0.006009626248799404,0.24890760528276662,-2.7807642659038017,3.093314024948659,500,3.1086244689504383e-15
driven_dt1e-3,112,5,-2.7189907205137063,0.0,1,0.02359363911762502,0.2598375786430759,0.0,-2.6953970813960813,0.0,500,3.1086244689504383e-15
driven_dt1e-3,112,6,-2.9604741803555354,5.370695425996387,1,0.3690216122883405,-0.18858983414192032,0.0642567359680371,-3.2265286920250684,5.626413918006982,500,3.1086244689504383e-15
driven_dt1e-3,113,0,-0.9401735849314701,0.0,1,0.00101805386677567,0.6252662215038833,0.0,-0.9391555310646944,0.0,500,8.881784197001252e-16
driven_dt1e-3,113,1,-1.7527488199044507,0.0,1,0.1822129451004466,0.4559975066287983,0.0,-1.5705358748040041,0.0,500,8.881784197001252e-16
driven_dt1e-3,113,2,-2.2396104765324987,0.0,1,0.23236457366186355,0.3519040203685755,0.030038768494835943,-2.081533591176121,0.17030852418210368,500,8.881784197001252e-16
driven_dt1e-3,113,3,-2.3174426658637897,0.0,1,0.29096062436192,0.3519040203685755,0.030038768494835943,-2.081533591176121,0.17030852418210368,500,8.881784197001252e-16
driven_dt1e-3,113,4,-2.6524200481523486,3.060159041643113,1,0.21663753673185063,0.035575320214971395,0.28171741296926356,-2.517880717769783,2.890362130889546,500,8.881784197001252e-16
driven_dt1e-3,113,5,-2.7189907205137063,0.0,1,0.09998603824472854,0.26884862544101035,0.0052154815650959285,-2.626837313978416,0.038793781818969426,500,8.881784197001252e-16
driven_dt1e-3,113,6,-2.9604741803555354,5.370695425996387,1,0.3576481880327517,-0.2413132782942179,0.07845614301112121,-2.742836312997062,5.65450167169011,500,8.881784197001252e-16
driven_dt1e-3,114,0,-0.9401735849314701,0.0,1,0.0004208697584555665,0.6248165281227981,0.0,-0.9405944546899256,0.0,500,4.884981308350689e-15
driven_dt1e-3,114,1,-1.7527488199044507,0.0,1,0.0002832567313479917,0.4163484364895086,0.0,-1.7524655631731028,0.0,500,4.884981308350689e-15
driven_dt1e-3,114,2,-2.2396104765324987,0.0,1,0.09637417545109139,0.3424539268273245,0.0,-2.1432363010814073,0.0,500,4.884981308350689e-15
driven_dt1e-3,114,3,-2.3174426658637897,0.0,1,0.17420636478238238,0.3424539268273245,0.0,-2.1432363010814073,0.0,500,4.884981308350689e-15
driven_dt1e-3,114,4,-2.6524200481523486,3.060159041643113,1,0.5302293584450416,-0.027694675063489077,0.33456275162721105,-2.1830326920037413,3.3067734825115687,500,4.884981308350689e-15
driven_dt1e-3,114,5,-2.7189907205137063,0.0,1,0.027999918894642928,0.25322032492853075,0.0,-2.746990639408349,0.0,500,4.884981308350689e-15
driven_dt1e-3,114,6,-2.9604741803555354,5.370695425996387,1,0.40301858302643645,-0.16408514244318434,0.08953976925129749,-3.3540856467480737,5.284127580990563,500,4.884981308350689e-15
driven_dt1e-3,115,0,-0.9401735849314701,0.0,1,0.0010176214673934814,0.625266086321534,0.0,-0.9391559634640766,0.0,500,2.220446049250313e-16
driven_dt1e-3,115,1,-1.7527488199044507,0.0,1,0.15193862566146546,0.3925534258205949,0.019518164430438942,-1.867696137600063,0.0993602542392024,500,2.220446049250313e-16
driven_dt1e-3,115,2,-2.2396104765324987,0.0,1,0.0909491808468883,0.31183538933411636,0.0,-2.330559657379387,0.0,500,2.220446049250313e-16
driven_dt1e-3,115,3,-2.3174426658637897,0.0,1,0.01311699151559731,0.31183538933411636,0.0,-2.330559657379387,0.0,500,2.220446049250313e-16
driven_dt1e-3,115,4,-2.6524200481523486,3.060159041643113,1,0.5229707447134405,0.032041735143672076,0.2072191769961936,-3.124328206057869,2.8347680694895043,500,2.220446049250313e-16
driven_dt1e-3,115,5,-2.7189907205137063,0.0,1,0.06758426337448897,0.24825781605403213,0.0,-2.7865749838881952,0.0,500,2.220446049250313e-16
driven_dt1e-3,115,6,-2.9604741803555354,5.370695425996387,1,0.28758775135089126,-0.2390332060356595,0.09721480283002086,-2.7092370329541042,5.510647598157642,500,2.220446049250313e-16
driven_dt1e-3,116,0,-0.9401735849314701,0.0,1,0.0018074283860415319,0.624383505868964,0.0,-0.9419810133175116,0.0,500,2.220446049250313e-15
driven_dt1e-3,116,1,-1.7527488199044507,0.0,1,0.08937165468075081,0.3980967402444537,0.0,-1.8421204745852016,0.0,500,2.220446049250313e-15
driven_dt1e-3,116,2,-2.2396104765324987,0.0,1,0.27023801471876885,0.2850974447849894,0.0,-2.5098484912512675,0.0,500,2.220446049250313e-15
driven_dt1e-3,116,3,-2.3174426658637897,0.0,1,0.19240582538747786,0.2850974447849894,0.0,-2.5098484912512675,0.0,500,2.220446049250313e-15
driven_dt1e-3,116,4,-2.6524200481523486,3.060159041643113,1,0.4048253439395842,0.022858970110055353,0.2178880310363633,-3.0366016320418256,2.9325343195240214,500,2.220446049250313e-15
driven_dt1e-3,116,5,-2.7189907205137063,0.0,1,0.007214369613772753,0.25771829370898114,0.0,-2.7117763508999335,0.0,500,2.220446049250313e-15
driven_dt1e-3,116,6,-2.9604741803555354,5.370695425996387,1,0.5610776503913149,-0.15456811780765134,0.07525478920533414,-3.521516341050098,5.377006027537855,500,2.220446049250313e-15
driven_dt1e-3,117,0,-0.9401735849314701,0.0,1,0.00017799296883935778,0.6250036458008961,0.0,-0.9399955919626307,0.0,500,0.0
driven_dt1e-3,117,1,-1.7527488199044507,0.0,1,0.07798983644235769,0.4003687313294188,0.0,-1.8307386563468084,0.0,500,0.0
driven_dt1e-3,117,2,-2.2396104765324987,0.0,1,0.08713768338275685,0.34087603668477734,0.0,-2.152472793149742,0.0,500,0.0
driven_dt1e-3,117,3,-2.3174426658637897,0.0,1,0.16496987271404784,0.34087603668477734,0.0,-2.152472793149742,0.0,500,0.0
driven_dt1e-3,117,4,-2.6524200481523486,3.060159041643113,1,0.06124818355012098,0.01797496161480682,0.26923576989732173,-2.619888249515176,3.0082647060599323,500,0.0
driven_dt1e-3,117,5,-2.7189907205137063,0.0,1,0.00757162659768662,0.25582000850734377,0.0,-2.726562347111393,0.0,500,0.0
driven_dt1e-3,117,6,-2.9604741803555354,5.370695425996387,1,0.41823682378549915,-0.1890000240287969,0.058622707081993734,-3.240159961911263,5.681658292534732,500,0.0
driven_dt1e-3,118,0,-0.9401735849314701,0.0,1,0.005336283485622095,0.6232827977549952,0.0,-0.9455098684170922,0.0,500,8.881784197001252e-16
driven_dt1e-3,118,1,-1.7527488199044507,0.0,1,0.05249903459373462,0.4055042489232678,0.0,-1.8052478544981854,0.0,500,8.881784197001252e-16
driven_dt1e-3,118,2,-2.2396104765324987,0.0,1,0.010031008487864757,0.32471066896109246,0.0,-2.2496414850203634,0.0,500,8.881784197001252e-16
driven_dt1e-3,118,3,-2.3174426658637897,0.0,1,0.06780118084342623,0.32471066896109246,0.0,-2.2496414850203634,0.0,500,8.881784197001252e-16
driven_dt1e-3,118,4,-2.6524200481523486,3.060159041643113,1,0.38958367578418635,0.005374111347686006,0.21857311889541645,-3.0406650102668134,3.0924280644088533,500,8.881784197001252e-16
driven_dt1e-3,118,5,-2.7189907205137063,0.0,1,0.03873582947820742,0.25186469129093053,0.0,-2.7577265499919137,0.0,500,8.881784197001252e-16
driven_dt1e-3,118,6,-2.9604741803555354,5.370695425996387,1,0.40419872872270335,-0.17573431664221767,0.13547574930466658,-3.0111255708637295,4.969682896340971,500,8.881784197001252e-16
driven_dt1e-3,119,0,-0.9401735849314701,0.0,1,0.019282192894711003,0.6310023475909925,0.0,-0.9208913920367591,0.0,500,3.774758283725532e-15
driven_dt1e-3,119,1,-1.7527488199044507,0.0,1,0.21126211036343534,0.3745591797540492,0.0,-1.964010930267886,0.0,500,3.774758283725532e-15
driven_dt1e-3,119,2,-2.2396104765324987,0.0,1,0.26194605917716407,0.28628190613213367,0.0,-2.5015565357096627,0.0,500,3.774758283725532e-15
driven_dt1e-3,119,3,-2.3174426658637897,0.0,1,0.18411386984587308,0.28628190613213367,0.0,-2.5015565357096627,0.0,500,3.774758283725532e-15
driven_dt1e-3,119,4,-2.6524200481523486,3.060159041643113,1,0.42381451502513395,0.0001107315891338719,0.21561329729387052,-3.0685372684285275,3.140565522324806,500,3.774758283725532e-15
driven_dt1e-3,119,5,-2.7189907205137063,0.0,1,0.1564907268845047,0.2449685179980793,0.015687461057241465,-2.8091585825001437,0.12790271406672887,500,3.774758283725532e-15
driven_dt1e-3,119,6,-2.9604741803555354,5.370695425996387,1,0.24449187720428103,-0.20310265363531127,0.07320892264666773,-3.0659351424614165,5.591272540608432,500,3.774758283725532e-15
driven_dt1e-3,120,0,-0.9401735849314701,0.0,1,0.012345445978303227,0.6288175867699178,0.0,-0.9278281389531668,0.0,500,2.220446049250313e-16
driven_dt1e-3,120,1,-1.7527488199044507,0.0,1,0.22165433464811407,0.44234569440669874,0.0398909958226587,-1.6232275291375822,0.17987462107363125,500,2.220446049250313e-16
driven_dt1e-3,120,2,-2.2396104765324987,0.0,1,0.18526948900484186,0.3580185444569901,0.0,-2.054340987527657,0.0,500,2.220446049250313e-16
driven_dt1e-3,120,3,-2.3174426658637897,0.0,1,0.26310167833613285,0.3580185444569901,0.0,-2.054340987527657,0.0,500,2.220446049250313e-16
driven_dt1e-3,120,4,-2.6524200481523486,3.060159041643113,1,0.1728752676818253,0.0252808375007815,0.24835955724400782,-2.7754473575402003,2.9387088900547,500,2.220446049250313e-16
driven_dt1e-3,120,5,-2.7189907205137063,0.0,1,0.10510788500899083,0.270541723605322,0.0016802078110501367,-2.614619322766105,0.012420902675542383,500,2.220446049250313e-16
driven_dt1e-3,120,6,-2.9604741803555354,5.370695425996387,1,0.23034559534685786,-0.20535024990979822,0.1272471271628551,-2.8411150195742443,5.173686583470768,500,2.220446049250313e-16
driven_dt1e-3,121,0,-0.9401735849314701,0.0,1,0.004781558058936319,0.6264439252525354,0.0,-0.9353920268725338,0.0,500,3.774758283725532e-15
driven_dt1e-3,121,1,-1.7527488199044507,0.0,1,0.06502397066008969,0.4029727265894518,0.0,-1.8177727905645404,0.0,500,3.774758283725532e-15
driven_dt1e-3,121,2,-2.2396104765324987,0.0,1,0.42183768596795823,0.4029727265894518,0.0,-1.8177727905645404,0.0,500,3.774758283725532e-15
driven_dt1e-3,121,3,-2.3174426658637897,0.0,1,0.4289804513439795,0.29696754132305314,0.06390867614049225,-2.382992439380727,0.42394274946879623,500,3.774758283725532e-15
driven_dt1e-3,121,4,-2.6524200481523486,3.060159041643113,1,0.2492517015745453,-0.02193834618031046,0.27262686227956856,-2.59284786499444,3.3021870683912704,500,3.774758283725532e-15
driven_dt1e-3,121,5,-2.7189907205137063,0.0,1,0.15394085173994326,0.24761648433271433,0.017127051662715765,-2.786975571035914,0.13811533562169068,500,3.774758283725532e-15
driven_dt1e-3,121,6,-2.9604741803555354,5.370695425996387,1,0.285377056138069,-0.2142941534038185,0.13296210339339679,-2.75512757726161,5.17252167201313,500,3.774758283725532e-15
driven_dt1e-3,122,0,-0.9401735849314701,0.0,1,0.003133591090723753,0.6239696260426748,0.0,-0.9433071760221938,0.0,500,3.1086244689504383e-15
driven_dt1e-3,122,1,-1.7527488199044507,0.0,1,0.031763870150269824,0.40973021624418077,0.0,-1.7845126900547206,0.0,500,3.1086244689504383e-15
driven_dt1e-3,122,2,-2.2396104765324987,0.0,1,0.18831224619662157,0.2970183488747986,0.0,-2.4279227227291202,0.0,500,3.1086244689504383e-15
driven_dt1e-3,122,3,-2.3174426658637897,0.0,1,0.11048005686533058,0.2970183488747986,0.0,-2.4279227227291202,0.0,500,3.1086244689504383e-15
driven_dt1e-3,122,4,-2.6524200481523486,3.060159041643113,1,0.059192109438000004,0.0031492100615699587,0.2636275578925055,-2.666293185867051,3.117702432833319,500,3.1086244689504383e-15
driven_dt1e-3,122,5,-2.7189907205137063,0.0,1,0.03682687704227661,0.2521052049129196,0.0,-2.755817597555983,0.0,500,3.1086244689504383e-15
driven_dt1e-3,122,6,-2.9604741803555354,5.370695425996387,1,0.3869976600170554,-0.1637667109053102,0.10197160873499146,-3.290969626359984,5.169350078324788,500,3.1086244689504383e-15
driven_dt1e-3,123,0,-0.9401735849314701,0.0,1,0.005575436049789162,0.6266926346328764,0.0,-0.9345981488816809,0.0,500,8.881784197001252e-16
driven_dt1e-3,123,1,-1.7527488199044507,0.0,1,0.2860937463445983,0.480308085213198,0.0,-1.4666550735598525,0.0,500,8.881784197001252e-16
driven_dt1e-3,123,2,-2.2396104765324987,0.0,1,0.050242013868911695,0.31824738919716034,0.0,-2.2898524904014104,0.0,500,8.881784197001252e-16
driven_dt1e-3,123,3,-2.3174426658637897,0.0,1,0.027590175462379296,0.31824738919716034,0.0,-2.2898524904014104,0.0,500,8.881784197001252e-16
driven_dt1e-3,123,4,-2.6524200481523486,3.060159041643113,1,0.41024225052117486,0.05454860188596381,0.23702381789174362,-2.827579957748072,2.689190430864389,500,8.881784197001252e-16
driven_dt1e-3,123,5,-2.7189907205137063,0.0,1,0.030405161098903122,0.2607240319996052,0.0,-2.688585559414803,0.0,500,8.881784197001252e-16
driven_dt1e-3,123,6,-2.9604741803555354,5.370695425996387,1,0.3625132747164835,-0.17559604670718765,0.07559953980274257,-3.309094283480487,5.470093102240939,500,8.881784197001252e-16
driven_dt1e-3,124,0,-0.9401735849314701,0.0,1,0.011307080182128226,0.6284912001673528,0.0,-0.9288665047493418,0.0,500,3.774758283725532e-15
driven_dt1e-3,124,1,-1.7527488199044507,0.0,1,0.19687333318639344,0.37726362077744463,0.0,-1.9496221530908442,0.0,500,3.774758283725532e-15
driven_dt1e-3,124,2,-2.2396104765324987,0.0,1,0.07933374712322028,0.3136517102162675,0.0,-2.318944223655719,0.0,500,3.774758283725532e-15
driven_dt1e-3,124,3,-2.3174426658637897,0.0,1,0.0015015577919292866,0.3136517102162675,0.0,-2.318944223655719,0.0,500,3.774758283725532e-15
driven_dt1e-3,124,4,-2.6524200481523486,3.060159041643113,1,0.9741516236643697,0.09799925569252324,0.18981077342992791,-3.087146408626818,2.188388213158614,500,3.774758283725532e-15
driven_dt1e-3,124,5,-2.7189907205137063,0.0,1,0.039090145598643655,0.25182007538293455,0.0,-2.75808086611235,0.0,500,3.774758283725532e-15
driven_dt1e-3,124,6,-2.9604741803555354,5.370695425996387,1,0.3871804565932157,-0.21305811302198263,0.05783341044585196,-3.02128676824819,5.753070288038244,500,3.774758283725532e-15
driven_dt1e-3,125,0,-0.9401735849314701,0.0,1,0.019333841413294417,0.6310186429696375,0.0,-0.9208397435181757,0.0,500,2.886579864025407e-15
driven_dt1e-3,125,1,-1.7527488199044507,0.0,1,0.06778098267233124,0.4024176089699382,0.0,-1.820529802576782,0.0,500,2.886579864025407e-15
driven_dt1e-3,125,2,-2.2396104765324987,0.0,1,0.11453500988714005,0.3081795401707004,0.0,-2.3541454864196387,0.0,500,2.886579864025407e-15
driven_dt1e-3,125,3,-2.3174426658637897,0.0,1,0.03670282055584906,0.3081795401707004,0.0,-2.3541454864196387,0.0,500,2.886579864025407e-15
driven_dt1e-3,125,4,-2.6524200481523486,3.060159041643113,1,0.6925557955492161,0.0730968309093269,0.20920418475741276,-3.0137020143896764,2.469304684952314,500,2.886579864025407e-15
driven_dt1e-3,125,5,-2.7189907205137063,0.0,1,0.12638956596735743,0.26556265466891393,0.013990238102614037,-2.649037461430534,0.10526568258012477,500,2.886579864025407e-15
driven_dt1e-3,125,6,-2.9604741803555354,5.370695425996387,1,0.45035356051911485,-0.15781216105669194,0.10633112965995979,-3.3183926892922275,5.097359240260252,500,2.886579864025407e-15
driven_dt1e-3,126,0,-0.9401735849314701,0.0,1,0.006933636481264438,0.627118366277121,0.0,-0.9332399484502056,0.0,500,2.220446049250313e-16
driven_dt1e-3,126,1,-1.7527488199044507,0.0,1,0.04911921495084082,0.40619009388100735,0.0,-1.8018680348552916,0.0,500,2.220446049250313e-16
driven_dt1e-3,126,2,-2.2396104765324987,0.0,1,0.07806501929507048,0.33933321182523635,0.0,-2.161545457237428,0.0,500,2.220446049250313e-16
driven_dt1e-3,126,3,-2.3174426658637897,0.0,1,0.15589720862636147,0.33933321182523635,0.0,-2.161545457237428,0.0,500,2.220446049250313e-16
driven_dt1e-3,126,4,-2.6524200481523486,3.060159041643113,1,0.3857539500218487,0.05940959390677797,0.25168928728241885,-2.704900209824605,2.6779916142133113,500,2.220446049250313e-16
driven_dt1e-3,126,5,-2.7189907205137063,0.0,1,0.08576829013516285,0.26804210162622255,0.0,-2.6332224303785434,0.0,500,2.220446049250313e-16
driven_dt1e-3,126,6,-2.9604741803555354,5.370695425996387,1,0.3074280308589801,-0.18993787850620641,0.07054632206088737,-3.19288694918614,5.571932348658015,500,2.220446049250313e-16
driven_dt1e-3,127,0,-0.9401735849314701,0.0,1,0.01414884676509287,0.6293848475464796,0.0,-0.9260247381663772,0.0,500,8.881784197001252e-16
driven_dt1e-3,127,1,-1.7527488199044507,0.0,1,0.07149062258230465,0.43143902032689263,0.0,-1.681258197322146,0.0,500,8.881784197001252e-16
driven_dt1e-3,127,2,-2.2396104765324987,0.0,1,0.3356174961050682,0.2759283671345352,0.0,-2.575227972637567,0.0,500,8.881784197001252e-16
driven_dt1e-3,127,3,-2.3174426658637897,0.0,1,0.2577853067737772,0.2759283671345352,0.0,-2.575227972637567,0.0,500,8.881784197001252e-16
driven_dt1e-3,127,4,-2.6524200481523486,3.060159041643113,1,0.44093334870708323,-0.03129279419006123,0.23028647856789422,-2.918565676149283,3.4117109193228656,500,8.881784197001252e-16
driven_dt1e-3,127,5,-2.7189907205137063,0.0,1,0.1437627478761394,0.2759283671345352,0.0,-2.575227972637567,0.0,500,8.881784197001252e-16
driven_dt1e-3,127,6,-2.9604741803555354,5.370695425996387,1,0.5413004461049821,-0.14947488854957905,0.10953665701687156,-3.371414676216741,5.018368756817344,500,8.881784197001252e-16
driven_dt1e-3,128,0,-0.9401735849314701,0.0,1,0.003625089375289936,0.6238163048823075,0.0,-0.94379867430676,0.0,500,0.0
driven_dt1e-3,128,1,-1.7527488199044507,0.0,1,0.0031419485132211378,0.4156360072935772,0.0,-1.7558907684176719,0.0,500,0.0
driven_dt1e-3,128,2,-2.2396104765324987,0.0,1,0.23024548876911322,0.3661608746675966,0.0,-2.0093649877633855,0.0,500,0.0
driven_dt1e-3,128,3,-2.3174426658637897,0.0,1,0.17167248415453473,0.28806832856932657,0.0,-2.4891151500183244,0.0,500,0.0
driven_dt1e-3,128,4,-2.6524200481523486,3.060159041643113,1,0.28292132056352987,0.044948645925758396,0.25149091897199444,-2.7292524420329145,2.787870119944133,500,0.0
driven_dt1e-3,128,5,-2.7189907205137063,0.0,1,0.038050192758159795,0.2519510499331651,0.0,-2.757040913271866,0.0,500,0.0
driven_dt1e-3,128,6,-2.9604741803555354,5.370695425996387,1,0.5176476119752419,-0.17955075720272134,0.052906159706959124,-3.351335330825438,5.710086956882199,500,0.0
driven_dt1e-3,129,0,-0.9401735849314701,0.0,1,0.002408934427520326,0.6241957488791302,0.0,-0.9425825193589904,0.0,500,1.5543122344752192e-15
driven_dt1e-3,129,1,-1.7527488199044507,0.0,1,0.019332906819750972,0.4122848177060699,0.0,-1.7720817267242017,0.0,500,1.5543122344752192e-15
driven_dt1e-3,129,2,-2.2396104765324987,0.0,1,0.17734088170362866,0.3279434054486179,0.02901102284224436,-2.2220331307948578,0.1764676322735698,500,1.5543122344752192e-15
driven_dt1e-3,129,3,-2.3174426658637897,0.0,1,0.20060858561464812,0.3279434054486179,0.02901102284224436,-2.2220331307948578,0.1764676322735698,500,1.5543122344752192e-15
driven_dt1e-3,129,4,-2.6524200481523486,3.060159041643113,1,0.37166871862969797,0.06087393787439757,0.27114816705836264,-2.5610065978148997,2.699907438585966,500,1.5543122344752192e-15
driven_dt1e-3,129,5,-2.7189907205137063,0.0,1,0.0752728010510455,0.26663916948470606,0.0,-2.6437179194626608,0.0,500,1.5543122344752192e-15
driven_dt1e-3,129,6,-2.9604741803555354,5.370695425996387,1,0.348932395919856,-0.1690579866286845,0.09078137238815047,-3.301663577141866,5.297595409286737,500,1.5543122344752192e-15
driven_dt1e-3,130,0,-0.9401735849314701,0.0,1,0.016220539447368787,0.6300371313125307,0.0,-0.9239530454841013,0.0,500,7.549516567451064e-15
driven_dt1e-3,130,1,-1.7527488199044507,0.0,1,0.20315950322397214,0.46079839239151194,0.0,-1.5495893166804786,0.0,500,7.549516567451064e-15
driven_dt1e-3,130,2,-2.2396104765324987,0.0,1,0.2792100298621514,0.3752359603339531,0.0,-1.9604004466703473,0.0,500,7.549516567451064e-15
driven_dt1e-3,130,3,-2.3174426658637897,0.0,1,0.2502435448788294,0.2769708244129033,0.0,-2.567686210742619,0.0,500,7.549516567451064e-15
driven_dt1e-3,130,4,-2.6524200481523486,3.060159041643113,1,0.39127056186438997,0.00705753247298202,0.32247716402946613,-2.2629670541207143,3.0978288972503654,500,7.549516567451064e-15
driven_dt1e-3,130,5,-2.7189907205137063,0.0,1,0.15130450977108723,0.2769708244129033,0.0,-2.567686210742619,0.0,500,7.549516567451064e-15
driven_dt1e-3,130,6,-2.9604741803555354,5.370695425996387,1,0.14785459077871435,-0.19042793938234037,0.10923669496743044,-3.0324905440132857,5.241565168582194,500,7.549516567451064e-15
driven_dt1e-3,131,0,-0.9401735849314701,0.0,1,0.012100416203053577,0.6287405519729893,0.0,-0.9280731687284165,0.0,500,1.1102230246251565e-15
driven_dt1e-3,131,1,-1.7527488199044507,0.0,1,0.04352421117906724,0.40732800234309485,0.0,-1.796273031083518,0.0,500,1.1102230246251565e-15
driven_dt1e-3,131,2,-2.2396104765324987,0.0,1,0.2338135237027914,0.3668146951038053,0.0,-2.0057969528297073,0.0,500,1.1102230246251565e-15
driven_dt1e-3,131,3,-2.3174426658637897,0.0,1,0.2566558500787961,0.27608423571289276,0.0,-2.5740985159425858,0.0,500,1.1102230246251565e-15
driven_dt1e-3,131,4,-2.6524200481523486,3.060159041643113,1,0.516045514995347,0.04147021199996646,0.33653143876105,-2.1630563277338224,2.896372220790666,500,1.1102230246251565e-15
driven_dt1e-3,131,5,-2.7189907205137063,0.0,1,0.1448922045711205,0.27608423571289276,0.0,-2.5740985159425858,0.0,500,1.1102230246251565e-15
driven_dt1e-3,131,6,-2.9604741803555354,5.370695425996387,1,0.5784128745416217,-0.16883397845528822,0.05413505720952131,-3.459816920186006,5.662617130592158,500,1.1102230246251565e-15
driven_dt1e-3,132,0,-0.9401735849314701,0.0,1,0.012226655454467883,0.6287802390938017,0.0,-0.9279469294770022,0.0,500,1.5543122344752192e-15
driven_dt1e-3,132,1,-1.7527488199044507,0.0,1,0.0490613586241484,0.42662761996128057,0.0,-1.7036874612803024,0.0,500,1.5543122344752192e-15
driven_dt1e-3,132,2,-2.2396104765324987,0.0,1,0.04592015909834757,0.3339228974150965,0.0,-2.193690317434151,0.0,500,1.5543122344752192e-15
driven_dt1e-3,132,3,-2.3174426658637897,0.0,1,0.12375234842963856,0.3339228974150965,0.0,-2.193690317434151,0.0,500,1.5543122344752192e-15
driven_dt1e-3,132,4,-2.6524200481523486,3.060159041643113,1,0.19003566150298973,0.033686238930264914,0.25556600697212767,-2.711324356108457,2.879482991356721,500,1.5543122344752192e-15
driven_dt1e-3,132,5,-2.7189907205137063,0.0,1,0.00680164491566293,0.2559185158285582,0.0,-2.725792365429369,0.0,500,1.5543122344752192e-15
driven_dt1e-3,132,6,-2.9604741803555354,5.370695425996387,1,0.4296708068004292,-0.15970974845115155,0.10115339102441512,-3.331506810174551,5.15401180911196,500,1.5543122344752192e-15
driven_dt1e-3,133,0,-0.9401735849314701,0.0,1,0.014263906927742043,0.6294210571495041,0.0,-0.925909678003728,0.0,500,0.0
driven_dt1e-3,133,1,-1.7527488199044507,0.0,1,0.197198530736367,0.3837877683205153,0.02235796219476858,-1.9119431093257988,0.1163805771605123,500,0.0
driven_dt1e-3,133,2,-2.2396104765324987,0.0,1,0.030376815167104887,0.33133781640669857,0.0,-2.209233661365394,0.0,500,0.0
driven_dt1e-3,133,3,-2.3174426658637897,0.0,1,0.10820900449839588,0.33133781640669857,0.0,-2.209233661365394,0.0,500,0.0
driven_dt1e-3,133,4,-2.6524200481523486,3.060159041643113,1,0.3674822229613895,-0.021904987603549687,0.233187054992022,-2.903043142102102,3.3289177605187943,500,0.0
driven_dt1e-3,133,5,-2.7189907205137063,0.0,1,0.15293438299205908,0.277196630073907,0.0,-2.566056337521647,0.0,500,0.0
driven_dt1e-3,133,6,-2.9604741803555354,5.370695425996387,1,0.24935530634046038,-0.17861882558060854,0.10926139590055371,-3.127146195638248,5.18522707796432,500,0.0
driven_dt1e-3,134,0,-0.9401735849314701,0.0,1,0.000305625492645456,0.6250435324699424,0.0,-0.9398679594388246,0.0,500,5.551115123125783e-16
driven_dt1e-3,134,1,-1.7527488199044507,0.0,1,0.038436333821994406,0.4243671651031862,0.0,-1.7143124860824563,0.0,500,5.551115123125783e-16
driven_dt1e-3,134,2,-2.2396104765324987,0.0,1,0.025556836280306694,0.3305402572076066,0.0,-2.214053640252192,0.0,500,5.551115123125783e-16
driven_dt1e-3,134,3,-2.3174426658637897,0.0,1,0.10338902561159768,0.3305402572076066,0.0,-2.214053640252192,0.0,500,5.551115123125783e-16
driven_dt1e-3,134,4,-2.6524200481523486,3.060159041643113,1,0.22057694932307848,-0.018112023439703542,0.2717807155263893,-2.601088131827236,3.274679961226886,500,5.551115123125783e-16
driven_dt1e-3,134,5,-2.7189907205137063,0.0,1,0.0022448381015176544,0.2565022662038503,0.0,-2.721235558615224,0.0,500,5.551115123125783e-16
driven_dt1e-3,134,6,-2.9604741803555354,5.370695425996387,1,0.6944287459755696,-0.13608035459695275,0.11615345587993374,-3.441722913254259,4.870064883259954,500,5.551115123125783e-16
driven_dt1e-3,135,0,-0.9401735849314701,0.0,1,0.005982918261791648,0.6230813121624398,0.0,-0.9461565031932617,0.0,500,2.220446049250313e-16
driven_dt1e-3,135,1,-1.7527488199044507,0.0,1,0.04985264672287837,0.4060411648298312,0.0,-1.8026014666273291,0.0,500,2.220446049250313e-16
driven_dt1e-3,135,2,-2.2396104765324987,0.0,1,0.1697959700266014,0.35525932854411774,0.0,-2.0698145065058973,0.0,500,2.220446049250313e-16
driven_dt1e-3,135,3,-2.3174426658637897,0.0,1,0.2476281593578924,0.35525932854411774,0.0,-2.0698145065058973,0.0,500,2.220446049250313e-16
driven_dt1e-3,135,4,-2.6524200481523486,3.060159041643113,1,0.38441146266862347,-0.035631568848758594,0.24807646480202505,-2.767616447117206,3.4269041333574535,500,2.220446049250313e-16
driven_dt1e-3,135,5,-2.7189907205137063,0.0,1,0.03946606589205803,0.26190790954072174,0.0,-2.6795246546216482,0.0,500,2.220446049250313e-16
driven_dt1e-3,135,6,-2.9604741803555354,5.370695425996387,1,0.34800959968467315,-0.1697912729795362,0.11514978486349425,-3.167979562602114,5.091317191677055,500,2.220446049250313e-16
driven_dt1e-3,136,0,-0.9401735849314701,0.0,1,0.003461879454491057,0.6238672134643322,0.0,-0.9436354643859611,0.0,500,3.774758283725532e-15
driven_dt1e-3,136,1,-1.7527488199044507,0.0,1,0.24970317092307193,0.4716477688157053,0.0,-1.5030456489813788,0.0,500,3.774758283725532e-15
driven_dt1e-3,136,2,-2.2396104765324987,0.0,1,0.34346920696411537,0.3736362619507628,0.03715166306548142,-1.959106725914715,0.19821387948858313,500,3.774758283725532e-15
driven_dt1e-3,136,3,-2.3174426658637897,0.0,1,0.3680617194204099,0.261126009632183,0.0,-2.6855043852841995,0.0,500,3.774758283725532e-15
driven_dt1e-3,136,4,-2.6524200481523486,3.060159041643113,1,0.7204475909185919,-0.009237102879879456,0.18708096561152146,-3.3499926559297393,3.2402623124047887,500,3.774758283725532e-15
driven_dt1e-3,136,5,-2.7189907205137063,0.0,1,0.033486335229506725,0.261126009632183,0.0,-2.6855043852841995,0.0,500,3.774758283725532e-15
driven_dt1e-3,136,6,-2.9604741803555354,5.370695425996387,1,0.12468300283801848,-0.21780290112199202,0.10593432442675378,-2.8359940645869783,5.377805417202566,500,3.774758283725532e-15
driven_dt1e-3,137,0,-0.9401735849314701,0.0,1,0.0025547374485492824,0.6241502457248247,0.0,-0.9427283223800194,0.0,500,9.992007221626409e-16
driven_dt1e-3,137,1,-1.7527488199044507,0.0,1,0.041874805580369934,0.4250973798852448,0.0,-1.7108740143240808,0.0,500,9.992007221626409e-16
driven_dt1e-3,137,2,-2.2396104765324987,0.0,1,0.019431976588743183,0.32318795319486193,0.0,-2.259042453121242,0.0,500,9.992007221626409e-16
driven_dt1e-3,137,3,-2.3174426658637897,0.0,1,0.05840021274254781,0.32318795319486193,0.0,-2.259042453121242,0.0,500,9.992007221626409e-16
driven_dt1e-3,137,4,-2.6524200481523486,3.060159041643113,1,0.5471644879605386,0.031017567949628247,0.20430943029360263,-3.1534525508241646,2.8402604101068185,500,9.992007221626409e-16
driven_dt1e-3,137,5,-2.7189907205137063,0.0,1,0.014785608516004967,0.25869576609645667,0.0,-2.7042051119977013,0.0,500,9.992007221626409e-16
driven_dt1e-3,137,6,-2.9604741803555354,5.370695425996387,1,0.1958188285103694,-0.21675525748598748,0.08156400356862367,-2.925543588585824,5.563373570469992,500,9.992007221626409e-16
driven_dt1e-3,138,0,-0.9401735849314701,0.0,1,0.008193146136760476,0.6275134214767568,0.0,-0.9319804387947096,0.0,500,1.9984014443252818e-15
driven_dt1e-3,138,1,-1.7527488199044507,0.0,1,0.005050455081756056,0.41523957444731285,0.0,-1.7577992749862068,0.0,500,1.9984014443252818e-15
driven_dt1e-3,138,2,-2.2396104765324987,0.0,1,0.1804114335194842,0.3571499628116326,0.0,-2.0591990430130145,0.0,500,1.9984014443252818e-15
driven_dt1e-3,138,3,-2.3174426658637897,0.0,1,0.2582436228507752,0.3571499628116326,0.0,-2.0591990430130145,0.0,500,1.9984014443252818e-15
driven_dt1e-3,138,4,-2.6524200481523486,3.060159041643113,1,0.1829717529915093,-0.012374156610320559,0.2736932904319316,-2.589452337784412,3.2319546464873743,500,1.9984014443252818e-15
driven_dt1e-3,138,5,-2.7189907205137063,0.0,1,0.1351359361954363,0.2747407393059883,0.0,-2.58385478431827,0.0,500,1.9984014443252818e-15
driven_dt1e-3,138,6,-2.9604741803555354,5.370695425996387,1,0.4755787662372861,-0.15600360860895107,0.11205567142814304,-3.2997172010238773,5.037394757194781,500,1.9984014443252818e-15
driven_dt1e-3,139,0,-0.9401735849314701,0.0,1,0.0045127137534696216,0.6235395090296778,0.0,-0.9446862986849397,0.0,500,5.329070518200751e-15
driven_dt1e-3,139,1,-1.7527488199044507,0.0,1,0.01370570982239494,0.4134464550744473,0.0,-1.7664545297268457,0.0,500,5.329070518200751e-15
driven_dt1e-3,139,2,-2.2396104765324987,0.0,1,0.23977041538501553,0.367908861455631,0.0,-1.9998400611474831,0.0,500,5.329070518200751e-15
driven_dt1e-3,139,3,-2.3174426658637897,0.0,1,0.197420486155635,0.28438350671259394,0.0,-2.5148631520194247,0.0,500,5.329070518200751e-15
driven_dt1e-3,139,4,-2.6524200481523486,3.060159041643113,1,0.23909050739309703,0.03287228451556895,0.2901913141494424,-2.4616794706505463,2.9159983576139106,500,5.329070518200751e-15
driven_dt1e-3,139,5,-2.7189907205137063,0.0,1,0.09971401884412812,0.2699176542298614,0.0,-2.619276701669578,0.0,500,5.329070518200751e-15
driven_dt1e-3,139,6,-2.9604741803555354,5.370695425996387,1,0.06141989584996947,-0.20609369566592906,0.10709903703133285,-2.9197936970626674,5.324679104052105,500,5.329070518200751e-15
driven_dt1e-3,140,0,-0.9401735849314701,0.0,1,0.014279800479864657,0.6205018501052949,0.0,-0.9544533854113347,0.0,500,1.5543122344752192e-15
driven_dt1e-3,140,1,-1.7527488199044507,0.0,1,0.08873578232474388,0.43517522244128587,0.0,-1.6640130375797069,0.0,500,1.5543122344752192e-15
driven_dt1e-3,140,2,-2.2396104765324987,0.0,1,0.3574859047509116,0.27292774459511593,0.0,-2.5970963812834102,0.0,500,1.5543122344752192e-15
driven_dt1e-3,140,3,-2.3174426658637897,0.0,1,0.2796537154196206,0.27292774459511593,0.0,-2.5970963812834102,0.0,500,1.5543122344752192e-15
driven_dt1e-3,140,4,-2.6524200481523486,3.060159041643113,1,0.36815463399622594,0.032444263121554226,0.31402538016862486,-2.3059450352881115,2.9356885632411167,500,1.5543122344752192e-15
driven_dt1e-3,140,5,-2.7189907205137063,0.0,1,0.12189433923029602,0.27292774459511593,0.0,-2.5970963812834102,0.0,500,1.5543122344752192e-15
driven_dt1e-3,140,6,-2.9604741803555354,5.370695425996387,1,0.6872806298509936,-0.22916280399803132,0.18584111577387896,-2.4412437671377933,4.920412801239323,500,1.5543122344752192e-15
driven_dt1e-3,141,0,-0.9401735849314701,0.0,1,0.004526145909734103,0.6235353213036792,0.0,-0.9446997308412042,0.0,500,2.220446049250313e-16
driven_dt1e-3,141,1,-1.7527488199044507,0.0,1,0.1623097120905137,0.38384008210080167,0.0,-1.9150585319949645,0.0,500,2.220446049250313e-16
driven_dt1e-3,141,2,-2.2396104765324987,0.0,1,0.07721660008872178,0.3139839094079545,0.0,-2.3168270766212204,0.0,500,2.220446049250313e-16
driven_dt1e-3,141,3,-2.3174426658637897,0.0,1,0.0006155892425692144,0.3139839094079545,0.0,-2.3168270766212204,0.0,500,2.220446049250313e-16
driven_dt1e-3,141,4,-2.6524200481523486,3.060159041643113,1,0.9534348813238548,-0.11256432968650651,0.24161483216696522,-2.644393163720457,4.013560133551104,500,2.220446049250313e-16
driven_dt1e-3,141,5,-2.7189907205137063,0.0,1,0.04043881097849811,0.26203532534003593,0.0,-2.678551909535208,0.0,500,2.220446049250313e-16
driven_dt1e-3,141,6,-2.9604741803555354,5.370695425996387,1,0.4159449123705857,-0.21849280338925794,0.0554396960266814,-2.9796096438874455,5.786199943616103,500,2.220446049250313e-16
driven_dt1e-3,142,0,-0.9401735849314701,0.0,1,0.004091252734581552,0.6262277437739823,0.0,-0.9360823321968885,0.0,500,2.55351295663786e-15
driven_dt1e-3,142,1,-1.7527488199044507,0.0,1,0.15212698494033905,0.38579933491536744,0.0,-1.9048758048447898,0.0,500,2.55351295663786e-15
driven_dt1e-3,142,2,-2.2396104765324987,0.0,1,0.14803048105432692,0.30306121056974117,0.0,-2.3876409575868256,0.0,500,2.55351295663786e-15
driven_dt1e-3,142,3,-2.3174426658637897,0.0,1,0.07019829172303593,0.30306121056974117,0.0,-2.3876409575868256,0.0,500,2.55351295663786e-15
driven_dt1e-3,142,4,-2.6524200481523486,3.060159041643113,1,0.913147503178852,-0.10346518281492531,0.23505653729020762,-2.7187580291504516,3.9708937092817544,500,2.55351295663786e-15
driven_dt1e-3,142,5,-2.7189907205137063,0.0,1,0.06410176870934103,0.24869047088424603,0.0,-2.7830924892230473,0.0,500,2.55351295663786e-15
driven_dt1e-3,142,6,-2.9604741803555354,5.370695425996387,1,0.4491914055711702,-0.1584679371185706,0.09507858378769946,-3.3769334212317563,5.2023665231668215,500,2.55351295663786e-15
driven_dt1e-3,143,0,-0.9401735849314701,0.0,1,0.0008463017976808596,0.6252125284257515,0.0,-0.9393272831337892,0.0,500,6.217248937900877e-15
driven_dt1e-3,143,1,-1.7527488199044507,0.0,1,0.1681669252505027,0.3827176099526174,0.0,-1.9209157451549534,0.0,500,6.217248937900877e-15
driven_dt1e-3,143,2,-2.2396104765324987,0.0,1,0.2906503974026355,0.2838241516636709,0.012368124929839146,-2.516903704119644,0.08709833204266049,500,6.217248937900877e-15
driven_dt1e-3,143,3,-2.3174426658637897,0.0,1,0.21764839817172313,0.2838241516636709,0.012368124929839146,-2.516903704119644,0.08709833204266049,500,6.217248937900877e-15
driven_dt1e-3,143,4,-2.6524200481523486,3.060159041643113,1,0.4078393731547533,-0.004754532891041406,0.2185886590071768,-3.040654173094566,3.185087895498468,500,6.217248937900877e-15
driven_dt1e-3,143,5,-2.7189907205137063,0.0,1,0.22005745077062835,0.2838241516636709,0.012368124929839146,-2.516903704119644,0.08709833204266049,500,6.217248937900877e-15
driven_dt1e-3,143,6,-2.9604741803555354,5.370695425996387,1,0.46699555286324795,-0.23611331932818747,0.14994422098721172,-2.548066678645837,5.151595223058061,500,6.217248937900877e-15
driven_dt1e-3,144,0,-0.9401735849314701,0.0,1,0.01482519290499451,0.6295977245451603,0.0,-0.9253483920264756,0.0,500,2.220446049250313e-16
driven_dt1e-3,144,1,-1.7527488199044507,0.0,1,0.044598292112551174,0.40710930945132195,0.0,-1.797347112017002,0.0,500,2.220446049250313e-16
driven_dt1e-3,144,2,-2.2396104765324987,0.0,1,0.09539477955820974,0.31114301162507213,0.0,-2.3350052560907084,0.0,500,2.220446049250313e-16
driven_dt1e-3,144,3,-2.3174426658637897,0.0,1,0.01756259022691875,0.31114301162507213,0.0,-2.3350052560907084,0.0,500,2.220446049250313e-16
driven_dt1e-3,144,4,-2.6524200481523486,3.060159041643113,1,0.2027187205856908,-0.0014368540878132417,0.24262954898621472,-2.8324039076925343,3.1534365307866254,500,2.220446049250313e-16
driven_dt1e-3,144,5,-2.7189907205137063,0.0,1,0.05157837326659864,0.2634988768012772,0.0,-2.6674123472471076,0.0,500,2.220446049250313e-16
driven_dt1e-3,144,6,-2.9604741803555354,5.370695425996387,1,0.3655141454170987,-0.2486960957520689,0.11042055582733343,-2.6031167395332186,5.447482469102085,500,2.220446049250313e-16
driven_dt1e-3,145,0,-0.9401735849314701,0.0,1,0.01054839499201643,0.6282528318989887,0.0,-0.9296251899394536,0.0,500,1.3322676295501878e-15
driven_dt1e-3,145,1,-1.7527488199044507,0.0,1,0.1070018269063151,0.3946029050512526,0.0,-1.8597506468107659,0.0,500,1.3322676295501878e-15
driven_dt1e-3,145,2,-2.2396104765324987,0.0,1,0.2744441813769294,0.2844984911471663,0.0,-2.514054657909428,0.0,500,1.3322676295501878e-15
driven_dt1e-3,145,3,-2.3174426658637897,0.0,1,0.1966119920456384,0.2844984911471663,0.0,-2.514054657909428,0.0,500,1.3322676295501878e-15
driven_dt1e-3,145,4,-2.6524200481523486,3.060159041643113,1,0.3303542973500852,0.019050541282976362,0.22557560404484556,-2.971092808456482,2.973086464916494,500,1.3322676295501878e-15
driven_dt1e-3,145,5,-2.7189907205137063,0.0,1,0.2049360626042782,0.2844984911471663,0.0,-2.514054657909428,0.0,500,1.3322676295501878e-15
driven_dt1e-3,145,6,-2.9604741803555354,5.370695425996387,1,0.36319705201492136,-0.23328948173151534,0.13470346724534704,-2.6232173577456273,5.235899527707907,500,1.3322676295501878e-15
driven_dt1e-3,146,0,-0.9401735849314701,0.0,1,0.004627484690178707,0.6263956679484,0.0,-0.9355461002412914,0.0,500,3.9968028886505635e-15
driven_dt1e-3,146,1,-1.7527488199044507,0.0,1,0.17394406823895125,0.38161369790617783,0.0,-1.926692888143402,0.0,500,3.9968028886505635e-15
driven_dt1e-3,146,2,-2.2396104765324987,0.0,1,0.12891201427929655,0.3059721343457599,0.0,-2.3685224908117952,0.0,500,3.9968028886505635e-15
driven_dt1e-3,146,3,-2.3174426658637897,0.0,1,0.05107982494800556,0.3059721343457599,0.0,-2.3685224908117952,0.0,500,3.9968028886505635e-15
driven_dt1e-3,146,4,-2.6524200481523486,3.060159041643113,1,0.5298724900180757,0.00012439063036799342,0.34494665557194015,-2.128730860834709,3.140871437001855,500,3.9968028886505635e-15
driven_dt1e-3,146,5,-2.7189907205137063,0.0,1,0.08216235196954402,0.26755926540428554,0.0,-2.6368283685441622,0.0,500,3.9968028886505635e-15
driven_dt1e-3,146,6,-2.9604741803555354,5.370695425996387,1,0.18373023889009255,-0.21888581751627784,0.08484083438443411,-2.8984428122055044,5.5436373528043354,500,3.9968028886505635e-15
driven_dt1e-3,147,0,-0.9401735849314701,0.0,1,0.007305751331035615,0.62266933214038,0.0,-0.9474793362625057,0.0,500,1.7763568394002505e-15
driven_dt1e-3,147,1,-1.7527488199044507,0.0,1,0.05649675537689247,0.4046945120865282,0.0,-1.8092455752813432,0.0,500,1.7763568394002505e-15
driven_dt1e-3,147,2,-2.2396104765324987,0.0,1,0.1256497662870686,0.30647162008707984,0.0,-2.3652602428195673,0.0,500,1.7763568394002505e-15
driven_dt1e-3,147,3,-2.3174426658637897,0.0,1,0.047817576955777596,0.30647162008707984,0.0,-2.3652602428195673,0.0,500,1.7763568394002505e-15
driven_dt1e-3,147,4,-2.6524200481523486,3.060159041643113,1,0.603527476644439,-0.06506836018730111,0.3080961011246461,-2.311049827732483,3.5578655693030345,500,1.7763568394002505e-15
driven_dt1e-3,147,5,-2.7189907205137063,0.0,1,0.06873488910719035,0.2592061180462034,0.00853331451177557,-2.6991802196192065,0.06581815125698061,500,1.7763568394002505e-15
driven_dt1e-3,147,6,-2.9604741803555354,5.370695425996387,1,0.27093386659929436,-0.20408554798434717,0.13212029242665002,-2.828411288763029,5.134127142545984,500,1.7763568394002505e-15
driven_dt1e-3,148,0,-0.9401735849314701,0.0,1,0.019034697388018884,0.6190283911713735,0.0,-0.959208282319489,0.0,500,2.6645352591003757e-15
driven_dt1e-3,148,1,-1.7527488199044507,0.0,1,0.09108983191031705,0.3977548867295836,0.0,-1.8438386518147678,0.0,500,2.6645352591003757e-15
driven_dt1e-3,148,2,-2.2396104765324987,0.0,1,0.2766594991396682,0.2865513082243335,0.014504573673448823,-2.4971164683434286,0.10114911094854641,500,2.6645352591003757e-15
driven_dt1e-3,148,3,-2.3174426658637897,0.0,1,0.20618879199212953,0.2865513082243335,0.014504573673448823,-2.4971164683434286,0.10114911094854641,500,2.6645352591003757e-15
driven_dt1e-3,148,4,-2.6524200481523486,3.060159041643113,1,0.23544192240851555,0.04197000652917987,0.27146495783118174,-2.584222739471863,2.834810365329814,500,2.6645352591003757e-15
driven_dt1e-3,148,5,-2.7189907205137063,0.0,1,0.2002805531980787,0.23232090848676973,0.0,-2.919271273711785,0.0,500,2.6645352591003757e-15
driven_dt1e-3,148,6,-2.9604741803555354,5.370695425996387,1,0.1247506463461115,-0.21854948736643554,0.09728021807790586,-2.8607238852200525,5.445612729632841,500,2.6645352591003757e-15
driven_dt1e-3,149,0,-0.9401735849314701,0.0,1,0.018140028102818118,0.6306420961349056,0.0,-0.922033556828652,0.0,500,3.9968028886505635e-15
driven_dt1e-3,149,1,-1.7527488199044507,0.0,1,0.019187872441346565,0.41231471652627677,0.0,-1.7719366923457973,0.0,500,3.9968028886505635e-15
driven_dt1e-3,149,2,-2.2396104765324987,0.0,1,0.335224610611876,0.2949325997457217,0.04173392735369661,-2.4221915002748196,0.28114001730292665,500,3.9968028886505635e-15
driven_dt1e-3,149,3,-2.3174426658637897,0.0,1,0.30002004539623556,0.2949325997457217,0.04173392735369661,-2.4221915002748196,0.28114001730292665,500,3.9968028886505635e-15
driven_dt1e-3,149,4,-2.6524200481523486,3.060159041643113,1,0.5401375284556681,0.02274646007732465,0.20329866483704903,-3.1737172810905427,2.918745659754482,500,3.9968028886505635e-15
driven_dt1e-3,149,5,-2.7189907205137063,0.0,1,0.08184398739852039,0.2675166780985709,0.0,-2.637146733115186,0.0,500,3.9968028886505635e-15
driven_dt1e-3,149,6,-2.9604741803555354,5.370695425996387,1,0.26401146169169554,-0.18227512416287067,0.11972509148468188,-3.0457985648156365,5.120851872305101,500,3.9968028886505635e-15
driven_dt1e-3,150,0,-0.9401735849314701,0.0,1,0.0029664308087903324,0.6240217796914527,0.0,-0.9431400157402604,0.0,500,2.886579864025407e-15
driven_dt1e-3,150,1,-1.7527488199044507,0.0,1,0.1461443151264734,0.38695511773788543,0.0,-1.8988931350309242,0.0,500,2.886579864025407e-15
driven_dt1e-3,150,2,-2.2396104765324987,0.0,1,0.3407173415015745,0.38695511773788543,0.0,-1.8988931350309242,0.0,500,2.886579864025407e-15
driven_dt1e-3,150,3,-2.3174426658637897,0.0,1,0.268500092156426,0.27445406325577726,0.0,-2.5859427580202157,0.0,500,2.886579864025407e-15
driven_dt1e-3,150,4,-2.6524200481523486,3.060159041643113,1,0.40630584565350003,0.056026697130711525,0.2398277128907274,-2.802531400686339,2.6825997455681496,500,2.886579864025407e-15
driven_dt1e-3,150,5,-2.7189907205137063,0.0,1,0.04519102378595319,0.2510530840054098,0.0,-2.7641817442996595,0.0,500,2.886579864025407e-15
driven_dt1e-3,150,6,-2.9604741803555354,5.370695425996387,1,0.6060702114189563,-0.14541640985512375,0.08929256753990446,-3.5363611387939486,5.181816331679489,500,2.886579864025407e-15
driven_dt1e-3,151,0,-0.9401735849314701,0.0,1,0.005871828106348231,0.6231159222235512,0.0,-0.9460454130378183,0.0,500,2.4424906541753444e-15
driven_dt1e-3,151,1,-1.7527488199044507,0.0,1,0.20688437231991297,0.4616573989105598,0.0,-1.5458644475845378,0.0,500,2.4424906541753444e-15
driven_dt1e-3,151,2,-2.2396104765324987,0.0,1,0.06239395382886492,0.3366847449612846,0.0,-2.1772165227036337,0.0,500,2.4424906541753444e-15
driven_dt1e-3,151,3,-2.3174426658637897,0.0,1,0.1402261431601559,0.3366847449612846,0.0,-2.1772165227036337,0.0,500,2.4424906541753444e-15
driven_dt1e-3,151,4,-2.6524200481523486,3.060159041643113,1,0.688773010165674,-0.02377724288314558,0.194497079713713,-3.259841806413295,3.384885183374671,500,2.4424906541753444e-15
driven_dt1e-3,151,5,-2.7189907205137063,0.0,1,0.06746420098597028,0.2482727197145519,0.0,-2.7864549214996766,0.0,500,2.4424906541753444e-15
driven_dt1e-3,151,6,-2.9604741803555354,5.370695425996387,1,0.3629308490323895,-0.24920350383513612,0.10355049416700524,-2.6196947242879247,5.495547993057039,500,2.4424906541753444e-15
driven_dt1e-3,152,0,-0.9401735849314701,0.0,1,0.014404208820903208,0.6204632535028507,0.0,-0.9545777937523733,0.0,500,4.440892098500626e-16
driven_dt1e-3,152,1,-1.7527488199044507,0.0,1,0.19895707228405413,0.37687076598633384,0.0,-1.9517058921885049,0.0,500,4.440892098500626e-16
driven_dt1e-3,152,2,-2.2396104765324987,0.0,1,0.19288675253108156,0.29633976905336623,0.0,-2.4324972290635802,0.0,500,4.440892098500626e-16
driven_dt1e-3,152,3,-2.3174426658637897,0.0,1,0.11505456319979057,0.29633976905336623,0.0,-2.4324972290635802,0.0,500,4.440892098500626e-16
driven_dt1e-3,152,4,-2.6524200481523486,3.060159041643113,1,0.3473387926044908,0.04667640495849222,0.23948453078744672,-2.821249236739706,2.7566117769068286,500,4.440892098500626e-16
driven_dt1e-3,152,5,-2.7189907205137063,0.0,1,0.04395932525898383,0.26249698108967284,0.0,-2.6750313952547224,0.0,500,4.440892098500626e-16
driven_dt1e-3,152,6,-2.9604741803555354,5.370695425996387,1,0.2666992160816438,-0.20793746072421096,0.13160960533606222,-2.804135931046891,5.154624086708476,500,4.440892098500626e-16
driven_dt1e-3,153,0,-0.9401735849314701,0.0,1,0.014294833971307153,0.6204971859681977,0.0,-0.9544684189027772,0.0,500,2.220446049250313e-15
driven_dt1e-3,153,1,-1.7527488199044507,0.0,1,0.170351357690681,0.38229982776708543,0.0,-1.9231001775951317,0.0,500,2.220446049250313e-15
driven_dt1e-3,153,2,-2.2396104765324987,0.0,1,0.09305615187480587,0.3418862627367306,0.0,-2.146554324657693,0.0,500,2.220446049250313e-15
driven_dt1e-3,153,3,-2.3174426658637897,0.0,1,0.17088834120609686,0.3418862627367306,0.0,-2.146554324657693,0.0,500,2.220446049250313e-15
driven_dt1e-3,153,4,-2.6524200481523486,3.060159041643113,1,0.5698572921607616,0.0347402000771551,0.2029497099604801,-3.1607138499509104,2.8025260769783404,500,2.220446049250313e-15
driven_dt1e-3,153,5,-2.7189907205137063,0.0,1,0.08945574282194135,0.24555772385475125,0.0,-2.8084464633356476,0.0,500,2.220446049250313e-15
driven_dt1e-3,153,6,-2.9604741803555354,5.370695425996387,1,0.13123418870613954,-0.2164108460777413,0.10982539743145135,-2.8319944594399526,5.343948957092762,500,2.220446049250313e-15
driven_dt1e-3,154,0,-0.9401735849314701,0.0,1,0.006053508613836689,0.6230593207859477,0.0,-0.9462270935453068,0.0,500,9.103828801926284e-15
driven_dt1e-3,154,1,-1.7527488199044507,0.0,1,0.010581135846321477,0.41409288191209864,0.0,-1.7633299557507722,0.0,500,9.103828801926284e-15
driven_dt1e-3,154,2,-2.2396104765324987,0.0,1,0.20426963578348545,0.36143595402278167,0.0,-2.0353408407490132,0.0,500,9.103828801926284e-15
driven_dt1e-3,154,3,-2.3174426658637897,0.0,1,0.23934963772836948,0.2784835878711192,0.0,-2.556792303592159,0.0,500,9.103828801926284e-15
driven_dt1e-3,154,4,-2.6524200481523486,3.060159041643113,1,0.43232701610802093,0.0077111546338663305,0.21374453946319993,-3.0846467681901633,3.0694709341584683,500,9.103828801926284e-15
driven_dt1e-3,154,5,-2.7189907205137063,0.0,1,0.040713910595500113,0.25161571004252553,0.0,-2.7597046311092064,0.0,500,9.103828801926284e-15
driven_dt1e-3,154,6,-2.9604741803555354,5.370695425996387,1,0.12336977522598927,-0.19548231338958433,0.11107649705734561,-2.9847661608280127,5.249740884436196,500,9.103828801926284e-15
driven_dt1e-3,155,0,-0.9401735849314701,0.0,1,0.006928335126880181,0.6227868459758279,0.0,-0.9471019200583503,0.0,500,3.3306690738754696e-16
driven_dt1e-3,155,1,-1.7527488199044507,0.0,1,0.026306516612177866,0.41084976431457887,0.0,-1.7790553365166286,0.0,500,3.3306690738754696e-16
driven_dt1e-3,155,2,-2.2396104765324987,0.0,1,0.12939283807670732,0.3481545393366062,0.0,-2.1102176384557914,0.0,500,3.3306690738754696e-16
driven_dt1e-3,155,3,-2.3174426658637897,0.0,1,0.19010848755270437,0.28542511551480304,0.0,-2.507551153416494,0.0,500,3.3306690738754696e-16
driven_dt1e-3,155,4,-2.6524200481523486,3.060159041643113,1,0.14352126976307888,0.02943293805395037,0.27021473691150877,-2.6052819670351766,2.924599622261805,500,3.3306690738754696e-16
driven_dt1e-3,155,5,-2.7189907205137063,0.0,1,0.014853104954631657,0.2548903279688219,0.0,-2.733843825468338,0.0,500,3.3306690738754696e-16
driven_dt1e-3,155,6,-2.9604741803555354,5.370695425996387,1,0.27186532173754535,-0.1933658519649817,0.07289456650873559,-3.1534633763576814,5.562178906719671,500,3.3306690738754696e-16
driven_dt1e-3,156,0,-0.9401735849314701,0.0,1,0.012162395854075747,0.6287600368349013,0.0,-0.9280111890773943,0.0,500,2.220446049250313e-16
driven_dt1e-3,156,1,-1.7527488199044507,0.0,1,0.15545137429644962,0.38515859397968527,0.0,-1.9082001942009004,0.0,500,2.220446049250313e-16
driven_dt1e-3,156,2,-2.2396104765324987,0.0,1,0.023361210390435705,0.3301775849439988,0.0,-2.216249266142063,0.0,500,2.220446049250313e-16
driven_dt1e-3,156,3,-2.3174426658637897,0.0,1,0.1011933997217267,0.3301775849439988,0.0,-2.216249266142063,0.0,500,2.220446049250313e-16
driven_dt1e-3,156,4,-2.6524200481523486,3.060159041643113,1,0.531464297009942,0.012899370766468863,0.20331794426307512,-3.181951490955129,3.014873833467845,500,2.220446049250313e-16
driven_dt1e-3,156,5,-2.7189907205137063,0.0,1,0.16571636595022188,0.23637079463578486,0.0,-2.884707086463928,0.0,500,2.220446049250313e-16
driven_dt1e-3,156,6,-2.9604741803555354,5.370695425996387,1,0.17318760039817924,-0.18599009372958644,0.10571481426995226,-3.084171500235902,5.249481078718131,500,2.220446049250313e-16
driven_dt1e-3,157,0,-0.9401735849314701,0.0,1,0.022097472456322986,0.6318911970403981,0.0,-0.9180761124751471,0.0,500,3.552713678800501e-15
driven_dt1e-3,157,1,-1.7527488199044507,0.0,1,0.0989668063647251,0.39619141506623495,0.0,-1.8517156262691759,0.0,500,3.552713678800501e-15
driven_dt1e-3,157,2,-2.2396104765324987,0.0,1,0.128497520917636,0.30603555262641674,0.0,-2.3681079974501347,0.0,500,3.552713678800501e-15
driven_dt1e-3,157,3,-2.3174426658637897,0.0,1,0.05066533158634501,0.30603555262641674,0.0,-2.3681079974501347,0.0,500,3.552713678800501e-15
driven_dt1e-3,157,4,-2.6524200481523486,3.060159041643113,1,0.7497555043388239,0.05745049892620433,0.19230617186428403,-3.211845009975016,2.560982691666403,500,3.552713678800501e-15
driven_dt1e-3,157,5,-2.7189907205137063,0.0,1,0.04542641104982392,0.26268960452535944,0.0,-2.6735643094638823,0.0,500,3.552713678800501e-15
driven_dt1e-3,157,6,-2.9604741803555354,5.370695425996387,1,0.730659873483235,-0.13438851107927635,0.1267500416892315,-3.377700264513921,4.770873581265473,500,3.552713678800501e-15
driven_dt1e-3,158,0,-0.9401735849314701,0.0,1,0.002426433617088053,0.6241902874431544,0.0,-0.9426000185485581,0.0,500,4.884981308350689e-15
driven_dt1e-3,158,1,-1.7527488199044507,0.0,1,0.06768215809415912,0.43061824195737197,0.0,-1.6850666618102916,0.0,500,4.884981308350689e-15
driven_dt1e-3,158,2,-2.2396104765324987,0.0,1,0.032243806552182175,0.33164726324226207,0.0,-2.2073666699803165,0.0,500,4.884981308350689e-15
driven_dt1e-3,158,3,-2.3174426658637897,0.0,1,0.11007599588347317,0.33164726324226207,0.0,-2.2073666699803165,0.0,500,4.884981308350689e-15
driven_dt1e-3,158,4,-2.6524200481523486,3.060159041643113,1,0.39390600702559037,-0.03720158667231095,0.24861923513150871,-2.7615224656960113,3.4386542263640982,500,4.884981308350689e-15
driven_dt1e-3,158,5,-2.7189907205137063,0.0,1,0.0011379197654401985,0.25693647583629536,0.0,-2.717852800748266,0.0,500,4.884981308350689e-15
driven_dt1e-3,158,6,-2.9604741803555354,5.370695425996387,1,0.2525897309025046,-0.1838449077681414,0.11968093677154511,-3.034005919150508,5.129045564529041,500,4.884981308350689e-15
driven_dt1e-3,159,0,-0.9401735849314701,0.0,1,0.013242531208068842,0.6290997015200859,0.0,-0.9269310537234012,0.0,500,3.1086244689504383e-15
driven_dt1e-3,159,1,-1.7527488199044507,0.0,1,0.055057251096017,0.42790854574262216,0.0,-1.6976915688084337,0.0,500,3.1086244689504383e-15
driven_dt1e-3,159,2,-2.2396104765324987,0.0,1,0.18428430455920264,0.35784223073531457,0.0,-2.055326171973296,0.0,500,3.1086244689504383e-15
driven_dt1e-3,159,3,-2.3174426658637897,0.0,1,0.26211649389049363,0.35784223073531457,0.0,-2.055326171973296,0.0,500,3.1086244689504383e-15
driven_dt1e-3,159,4,-2.6524200481523486,3.060159041643113,1,0.7884500791900758,0.0019018092318096188,0.17918431044268085,-3.438568026847251,3.1203660426376465,500,3.1086244689504383e-15
driven_dt1e-3,159,5,-2.7189907205137063,0.0,1,0.0047391703243122585,0.25739953892633444,0.0,-2.714251550189394,0.0,500,3.1086244689504383e-15
driven_dt1e-3,159,6,-2.9604741803555354,5.370695425996387,1,0.4409527283867492,-0.15903899960086765,0.09647085864112243,-3.3639007309939717,5.192688889847594,500,3.1086244689504383e-15
driven_dt1e-3,160,0,-0.9401735849314701,0.0,1,0.005815758729637577,0.6267679433840841,0.0,-0.9343578262018325,0.0,500,7.993605777301127e-15
driven_dt1e-3,160,1,-1.7527488199044507,0.0,1,0.042737814167457255,0.42528085081123884,0.0,-1.7100110057369935,0.0,500,7.993605777301127e-15
driven_dt1e-3,160,2,-2.2396104765324987,0.0,1,0.10653991657635187,0.3441990070624364,0.0,-2.133070559956147,0.0,500,7.993605777301127e-15
driven_dt1e-3,160,3,-2.3174426658637897,0.0,1,0.18437210590764286,0.3441990070624364,0.0,-2.133070559956147,0.0,500,7.993605777301127e-15
driven_dt1e-3,160,4,-2.6524200481523486,3.060159041643113,1,0.4977353628946079,0.06335275063759205,0.2311172062661744,-2.857210507782109,2.6065056947796093,500,7.993605777301127e-15
driven_dt1e-3,160,5,-2.7189907205137063,0.0,1,0.03633949666635061,0.2521666479639215,0.0,-2.755330217180057,0.0,500,7.993605777301127e-15
driven_dt1e-3,160,6,-2.9604741803555354,5.370695425996387,1,0.14954257382328973,-0.20286627125361373,0.0836240314559987,-3.0334818542480573,5.501205429208774,500,7.993605777301127e-15
driven_dt1e-3,161,0,-0.9401735849314701,0.0,1,0.01330127820776228,0.6291181806514691,0.0,-0.9268723067237078,0.0,500,3.552713678800501e-15
driven_dt1e-3,161,1,-1.7527488199044507,0.0,1,0.11812909736405763,0.392413574393265,0.0,-1.8708779172685084,0.0,500,3.552713678800501e-15
driven_dt1e-3,161,2,-2.2396104765324987,0.0,1,0.15296506391469622,0.30231439193055176,0.0,-2.392575540447195,0.0,500,3.552713678800501e-15
driven_dt1e-3,161,3,-2.3174426658637897,0.0,1,0.07513287458340523,0.30231439193055176,0.0,-2.392575540447195,0.0,500,3.552713678800501e-15
driven_dt1e-3,161,4,-2.6524200481523486,3.060159041643113,1,0.573812611697315,-1.2461181371302991e-05,0.3526734642582857,-2.0844253599181464,3.141663320553027,500,3.552713678800501e-15
driven_dt1e-3,161,5,-2.7189907205137063,0.0,1,0.04324003382590247,0.25129810451728674,0.0,-2.7622307543396087,0.0,500,3.552713678800501e-15
driven_dt1e-3,161,6,-2.9604741803555354,5.370695425996387,1,0.20341289230679394,-0.22123682442178347,0.11769467080081064,-2.767835747299678,5.305371319677209,500,3.552713678800501e-15
driven_dt1e-3,162,0,-0.9401735849314701,0.0,1,0.007885514737835164,0.622488857853085,0.0,-0.9480590996693052,0.0,500,3.1086244689504383e-15
driven_dt1e-3,162,1,-1.7527488199044507,0.0,1,0.06171803650759822,0.4036393780638074,0.0,-1.814466856412049,0.0,500,3.1086244689504383e-15
driven_dt1e-3,162,2,-2.2396104765324987,0.0,1,0.08024689129752627,0.3135085382869353,0.0,-2.319857367830025,0.0,500,3.1086244689504383e-15
driven_dt1e-3,162,3,-2.3174426658637897,0.0,1,0.0024147019662352776,0.3135085382869353,0.0,-2.319857367830025,0.0,500,3.1086244689504383e-15
driven_dt1e-3,162,4,-2.6524200481523486,3.060159041643113,1,0.4258919549017498,-0.022725995077928683,0.2252355668489844,-2.9710878294199867,3.342709572401763,500,3.1086244689504383e-15
driven_dt1e-3,162,5,-2.7189907205137063,0.0,1,0.04201546528528244,0.26224197634574686,0.0,-2.676975255228424,0.0,500,3.1086244689504383e-15
driven_dt1e-3,162,6,-2.9604741803555354,5.370695425996387,1,0.33575403464722253,-0.17616832311333197,0.12454938350395528,-3.067274957341592,5.0523805413034735,500,3.1086244689504383e-15
driven_dt1e-3,163,0,-0.9401735849314701,0.0,1,0.008706895651551583,0.6276746345395579,0.0,-0.9314666892799185,0.0,500,2.220446049250313e-16
driven_dt1e-3,163,1,-1.7527488199044507,0.0,1,0.003863846626708467,0.4170944906210332,0.0,-1.7488849732777423,0.0,500,2.220446049250313e-16
driven_dt1e-3,163,2,-2.2396104765324987,0.0,1,0.1594477834460486,0.3534259308116352,0.0,-2.08016269308645,0.0,500,2.220446049250313e-16
driven_dt1e-3,163,3,-2.3174426658637897,0.0,1,0.2372799727773396,0.3534259308116352,0.0,-2.08016269308645,0.0,500,2.220446049250313e-16
driven_dt1e-3,163,4,-2.6524200481523486,3.060159041643113,1,0.5180762259021382,-0.058921809499611,0.2794820088046908,-2.506146962004239,3.5571571906474238,500,2.220446049250313e-16
driven_dt1e-3,163,5,-2.7189907205137063,0.0,1,0.008814390508703251,0.25566109594801095,0.0,-2.7278051110224095,0.0,500,2.220446049250313e-16
driven_dt1e-3,163,6,-2.9604741803555354,5.370695425996387,1,0.023860968059696053,-0.20489965314277955,0.09762343237124159,-2.9658977344580704,5.393931838319349,500,2.220446049250313e-16
driven_dt1e-3,164,0,-0.9401735849314701,0.0,1,0.0007515879394729419,0.6247132175718777,0.0,-0.940925172870943,0.0,500,0.0
driven_dt1e-3,164,1,-1.7527488199044507,0.0,1,0.1515605983913173,0.3859086061640373,0.0,-1.904309418295768,0.0,500,0.0
driven_dt1e-3,164,2,-2.2396104765324987,0.0,1,0.058078012521832534,0.3170029356167207,0.0,-2.297688489054331,0.0,500,0.0
driven_dt1e-3,164,3,-2.3174426658637897,0.0,1,0.019754176809458457,0.3170029356167207,0.0,-2.297688489054331,0.0,500,0.0
driven_dt1e-3,164,4,-2.6524200481523486,3.060159041643113,1,0.45390653118957003,0.005687296014863338,0.21159065759276605,-3.105481255202605,3.0878480597317495,500,0.0
driven_dt1e-3,164,5,-2.7189907205137063,0.0,1,0.02168150776933997,0.25402156496220385,0.0,-2.7406722282830462,0.0,500,0.0
driven_dt1e-3,164,6,-2.9604741803555354,5.370695425996387,1,0.21360493865749872,-0.20919717928281045,0.07673141919444766,-3.002733313512485,5.580078413566287,500,0.0
driven_dt1e-3,165,0,-0.9401735849314701,0.0,1,0.0025349528976983393,0.6257406342529351,0.0,-0.9376386320337717,0.0,500,4.440892098500626e-16
driven_dt1e-3,165,1,-1.7527488199044507,0.0,1,0.17700260296474934,0.38103055453744333,0.0,-1.9297514228692,0.0,500,4.440892098500626e-16
driven_dt1e-3,165,2,-2.2396104765324987,0.0,1,0.01854182777544544,0.3233318278964649,0.0,-2.258152304307944,0.0,500,4.440892098500626e-16
driven_dt1e-3,165,3,-2.3174426658637897,0.0,1,0.05929036155584555,0.3233318278964649,0.0,-2.258152304307944,0.0,500,4.440892098500626e-16
driven_dt1e-3,165,4,-2.6524200481523486,3.060159041643113,1,0.05924181768199364,0.01867633685448173,0.2652475352869539,-2.6492381310724786,3.001002737110431,500,4.440892098500626e-16
driven_dt1e-3,165,5,-2.7189907205137063,0.0,1,0.06995982347469631,0.247963115427251,0.0,-2.7889505439884026,0.0,500,4.440892098500626e-16
driven_dt1e-3,165,6,-2.9604741803555354,5.370695425996387,1,0.2329535935056462,-0.2011018227750878,0.07473869644059483,-3.0785093724394983,5.571531354447687,500,4.440892098500626e-16
driven_dt1e-3,166,0,-0.9401735849314701,0.0,1,0.013611668864418558,0.6292158244308057,0.0,-0.9265619160670515,0.0,500,1.5543122344752192e-15
driven_dt1e-3,166,1,-1.7527488199044507,0.0,1,0.04387831621681171,0.4255234368130738,0.0,-1.708870503687639,0.0,500,1.5543122344752192e-15
driven_dt1e-3,166,2,-2.2396104765324987,0.0,1,0.4091409484911227,0.3599349524846621,0.06207268121867329,-2.0143567614653426,0.3415509911867626,500,1.5543122344752192e-15
driven_dt1e-3,166,3,-2.3174426658637897,0.0,1,0.3997226313896367,0.2570248133810628,0.0,-2.7171652972534264,0.0,500,1.5543122344752192e-15
driven_dt1e-3,166,4,-2.6524200481523486,3.060159041643113,1,0.31784521401663524,0.02143104457348255,0.30967543326260993,-2.3396831587240765,3.0034032660426564,500,1.5543122344752192e-15
driven_dt1e-3,166,5,-2.7189907205137063,0.0,1,0.0018254232602799014,0.2570248133810628,0.0,-2.7171652972534264,0.0,500,1.5543122344752192e-15
driven_dt1e-3,166,6,-2.9604741803555354,5.370695425996387,1,0.2305395096249614,-0.2044371151997211,0.07462564226304122,-3.0499029551397077,5.583182977958189,500,1.5543122344752192e-15
driven_dt1e-3,167,0,-0.9401735849314701,0.0,1,0.017565617731065353,0.630460998461804,0.0,-0.9226079672004047,0.0,500,1.2212453270876722e-15
driven_dt1e-3,167,1,-1.7527488199044507,0.0,1,0.13309077857924323,0.44493413426318557,0.0,-1.6196580413252075,0.0,500,1.2212453270876722e-15
driven_dt1e-3,167,2,-2.2396104765324987,0.0,1,0.07641016303655679,0.3260015547636781,0.012460547422518703,-2.240246374489032,0.07640751696699787,500,1.2212453270876722e-15
driven_dt1e-3,167,3,-2.3174426658637897,0.0,1,0.10861572653662324,0.3260015547636781,0.012460547422518703,-2.240246374489032,0.07640751696699787,500,1.2212453270876722e-15
driven_dt1e-3,167,4,-2.6524200481523486,3.060159041643113,1,0.43935225974676706,0.0075674039007523446,0.33037736371631515,-2.214514986125624,3.0957899944224216,500,1.2212453270876722e-15
driven_dt1e-3,167,5,-2.7189907205137063,0.0,1,0.06335644595262968,0.2650552094148695,0.0,-2.6556342745610766,0.0,500,1.2212453270876722e-15
driven_dt1e-3,167,6,-2.9604741803555354,5.370695425996387,1,0.1693592124117103,-0.2242862398942561,0.10200795126630145,-2.8016478459290415,5.4294894590385105,500,1.2212453270876722e-15
driven_dt1e-3,168,0,-0.9401735849314701,0.0,1,0.003944993286528087,0.6261819495863807,0.0,-0.936228591644942,0.0,500,1.1102230246251565e-16
driven_dt1e-3,168,1,-1.7527488199044507,0.0,1,0.139737619636066,0.446415297399471,0.0,-1.6130112002683847,0.0,500,1.1102230246251565e-16
driven_dt1e-3,168,2,-2.2396104765324987,0.0,1,0.2877042154893366,0.3747351909179629,0.013943246152623705,-1.9616878225378367,0.07438221566273777,500,1.1102230246251565e-16
driven_dt1e-3,168,3,-2.3174426658637897,0.0,1,0.36344768888627066,0.3747351909179629,0.013943246152623705,-1.9616878225378367,0.07438221566273777,500,1.1102230246251565e-16
driven_dt1e-3,168,4,-2.6524200481523486,3.060159041643113,1,0.2676589294067437,-0.023299707620047093,0.2572938408068264,-2.7069059026768296,3.3222136049460658,500,1.1102230246251565e-16
driven_dt1e-3,168,5,-2.7189907205137063,0.0,1,0.02455353055116083,0.25365704888863805,0.0,-2.743544251064867,0.0,500,1.1102230246251565e-16
driven_dt1e-3,168,6,-2.9604741803555354,5.370695425996387,1,0.3036451357299633,-0.197713144553404,0.1350647843072644,-2.8588791927886126,5.0845506602680155,500,1.1102230246251565e-16
driven_dt1e-3,169,0,-0.9401735849314701,0.0,1,0.006077147995548815,0.6230519564609132,0.0,-0.9462507329270189,0.0,500,1.1102230246251565e-15
driven_dt1e-3,169,1,-1.7527488199044507,0.0,1,0.21954852837601968,0.3730105132270442,0.0,-1.9722973482804704,0.0,500,1.1102230246251565e-15
driven_dt1e-3,169,2,-2.2396104765324987,0.0,1,0.22183763007727067,0.33413091652680793,0.03588051689947725,-2.180979321117426,0.213949343848009,500,1.1102230246251565e-15
driven_dt1e-3,169,3,-2.3174426658637897,0.0,1,0.25376478516996487,0.33413091652680793,0.03588051689947725,-2.180979321117426,0.213949343848009,500,1.1102230246251565e-15
driven_dt1e-3,169,4,-2.6524200481523486,3.060159041643113,1,0.5016516608545987,-0.015417432214796889,0.21170212451257361,-3.0998605101299845,3.2869881002388253,500,1.1102230246251565e-15
driven_dt1e-3,169,5,-2.7189907205137063,0.0,1,0.047138452145758514,0.26291456849772477,0.0,-2.6718522683679478,0.0,500,1.1102230246251565e-15
driven_dt1e-3,169,6,-2.9604741803555354,5.370695425996387,1,0.28910908215653786,-0.23169932056735987,0.12258730132767186,-2.6778281974946325,5.309906366470927,500,1.1102230246251565e-15
driven_dt1e-3,170,0,-0.9401735849314701,0.0,1,0.00018991230703813144,0.624888685305497,0.0,-0.9403634972385082,0.0,500,1.5543122344752192e-15
driven_dt1e-3,170,1,-1.7527488199044507,0.0,1,0.02000495853750417,0.41214630261972723,0.0,-1.772753778441955,0.0,500,1.5543122344752192e-15
driven_dt1e-3,170,2,-2.2396104765324987,0.0,1,0.08946306410737748,0.3120671873392056,0.0,-2.329073540639876,0.0,500,1.5543122344752192e-15
driven_dt1e-3,170,3,-2.3174426658637897,0.0,1,0.011630874776086486,0.3120671873392056,0.0,-2.329073540639876,0.0,500,1.5543122344752192e-15
driven_dt1e-3,170,4,-2.6524200481523486,3.060159041643113,1,0.5757503480467903,-0.04175315325366971,0.21905815761859354,-3.0011508832214315,3.5182804970979085,500,1.5543122344752192e-15
driven_dt1e-3,170,5,-2.7189907205137063,0.0,1,0.00550259112065854,0.2574978097611342,0.0,-2.7134881293930477,0.0,500,1.5543122344752192e-15
driven_dt1e-3,170,6,-2.9604741803555354,5.370695425996387,1,0.4057300120958525,-0.17910776742406487,0.13873667548013596,-2.9695294365626226,4.965066476030628,500,1.5543122344752192e-15
driven_dt1e-3,171,0,-0.9401735849314701,0.0,1,0.006299883419238594,0.6229825724538024,0.0,-0.9464734683507087,0.0,500,1.3322676295501878e-15
driven_dt1e-3,171,1,-1.7527488199044507,0.0,1,0.17002284799348066,0.38236262752485634,0.0,-1.9227716678979314,0.0,500,1.3322676295501878e-15
driven_dt1e-3,171,2,-2.2396104765324987,0.0,1,0.31683880863456726,0.38236262752485634,0.0,-1.9227716678979314,0.0,500,1.3322676295501878e-15
driven_dt1e-3,171,3,-2.3174426658637897,0.0,1,0.3339293538246162,0.26562067817277335,0.0,-2.651372019688406,0.0,500,1.3322676295501878e-15
driven_dt1e-3,171,4,-2.6524200481523486,3.060159041643113,1,0.32948809028626275,0.029436000667859938,0.22895856908920903,-2.9320346465932925,2.885865960945117,500,1.3322676295501878e-15
driven_dt1e-3,171,5,-2.7189907205137063,0.0,1,0.040659604607343525,0.2516225422551674,0.0,-2.75965032512105,0.0,500,1.3322676295501878e-15
driven_dt1e-3,171,6,-2.9604741803555354,5.370695425996387,1,0.3291875623189279,-0.22127163889397578,0.13655069152907875,-2.69404035585424,5.177362892916486,500,1.3322676295501878e-15
driven_dt1e-3,172,0,-0.9401735849314701,0.0,1,0.006645099340689797,0.6270278993329426,0.0,-0.9335284855907803,0.0,500,2.3314683517128287e-15
driven_dt1e-3,172,1,-1.7527488199044507,0.0,1,0.13386278794362805,0.38933862843428246,0.0,-1.8866116078480788,0.0,500,2.3314683517128287e-15
driven_dt1e-3,172,2,-2.2396104765324987,0.0,1,0.3123620464786709,0.28017139075568226,0.010194693675663868,-2.543384343197219,0.07274260108016435,500,2.3314683517128287e-15
driven_dt1e-3,172,3,-2.3174426658637897,0.0,1,0.2373628605493107,0.28017139075568226,0.010194693675663868,-2.543384343197219,0.07274260108016435,500,2.3314683517128287e-15
driven_dt1e-3,172,4,-2.6524200481523486,3.060159041643113,1,0.32641633812919385,-0.0159968065453636,0.23453114260925698,-2.895692302807528,3.277796896605566,500,2.3314683517128287e-15
driven_dt1e-3,172,5,-2.7189907205137063,0.0,1,0.13397059362633312,0.24015261616062827,0.0,-2.8529613141400394,0.0,500,2.3314683517128287e-15
driven_dt1e-3,172,6,-2.9604741803555354,5.370695425996387,1,0.2453050894318006,-0.1798055686004486,0.09077019528755184,-3.2047443745091964,5.348186335626572,500,2.3314683517128287e-15
driven_dt1e-3,173,0,-0.9401735849314701,0.0,1,0.003997121602743903,0.6261982707044162,0.0,-0.9361764633287262,0.0,500,3.9968028886505635e-15
driven_dt1e-3,173,1,-1.7527488199044507,0.0,1,0.018840400394632306,0.42022953303681176,0.0,-1.7339084195098184,0.0,500,3.9968028886505635e-15
driven_dt1e-3,173,2,-2.2396104765324987,0.0,1,0.0431654272210773,0.3193754363136176,0.0,-2.282775903753576,0.0,500,3.9968028886505635e-15
driven_dt1e-3,173,3,-2.3174426658637897,0.0,1,0.03466676211021369,0.3193754363136176,0.0,-2.282775903753576,0.0,500,3.9968028886505635e-15
driven_dt1e-3,173,4,-2.6524200481523486,3.060159041643113,1,0.8430274989081954,-0.04206471855596251,0.18625872439858537,-3.3114914318478705,3.5858207913539677,500,3.9968028886505635e-15
driven_dt1e-3,173,5,-2.7189907205137063,0.0,1,0.010821640026847046,0.2581835429407053,0.0,-2.7081690804868592,0.0,500,3.9968028886505635e-15
driven_dt1e-3,173,6,-2.9604741803555354,5.370695425996387,1,0.39165246876660714,-0.2524726882962155,0.09429781197335334,-2.6223147722091484,5.568280524050525,500,3.9968028886505635e-15
driven_dt1e-3,174,0,-0.9401735849314701,0.0,1,0.0038876708272221894,0.6261640026989103,0.0,-0.9362859141042479,0.0,500,6.661338147750939e-16
driven_dt1e-3,174,1,-1.7527488199044507,0.0,1,0.01525012481071486,0.41947583981475267,0.0,-1.737498695093736,0.0,500,6.661338147750939e-16
driven_dt1e-3,174,2,-2.2396104765324987,0.0,1,0.0915239258458711,0.34162443952727045,0.0,-2.1480865506866276,0.0,500,6.661338147750939e-16
driven_dt1e-3,174,3,-2.3174426658637897,0.0,1,0.1693561151771621,0.34162443952727045,0.0,-2.1480865506866276,0.0,500,6.661338147750939e-16
driven_dt1e-3,174,4,-2.6524200481523486,3.060159041643113,1,0.35781527636144705,-0.026377888968844417,0.2395188987542523,-2.8461905549139987,3.3609658944688956,500,6.661338147750939e-16
driven_dt1e-3,174,5,-2.7189907205137063,0.0,1,0.07745943597480115,0.2632062568056973,0.007762769422718557,-2.6687651504401164,0.058969113375709106,500,6.661338147750939e-16
driven_dt1e-3,174,6,-2.9604741803555354,5.370695425996387,1,0.09652280426487346,-0.19423643299116491,0.1042013021171003,-3.024425962874625,5.298398667730292,500,6.661338147750939e-16
driven_dt1e-3,175,0,-0.9401735849314701,0.0,1,0.003099216489798051,0.6259172004882416,0.0,-0.937074368441672,0.0,500,4.440892098500626e-16
driven_dt1e-3,175,1,-1.7527488199044507,0.0,1,0.03650215521229505,0.42395696253971205,0.0,-1.7162466646921557,0.0,500,4.440892098500626e-16
driven_dt1e-3,175,2,-2.2396104765324987,0.0,1,0.18637232773498758,0.3582160172556178,0.0,-2.053238148797511,0.0,500,4.440892098500626e-16
driven_dt1e-3,175,3,-2.3174426658637897,0.0,1,0.26420451706627857,0.3582160172556178,0.0,-2.053238148797511,0.0,500,4.440892098500626e-16
driven_dt1e-3,175,4,-2.6524200481523486,3.060159041643113,1,0.08106866211370212,0.0189385779797236,0.2725443158599334,-2.595091130833896,3.002839557905036,500,4.440892098500626e-16
driven_dt1e-3,175,5,-2.7189907205137063,0.0,1,0.012381230152750167,0.2583849517114022,0.0,-2.706609490360956,0.0,500,4.440892098500626e-16
driven_dt1e-3,175,6,-2.9604741803555354,5.370695425996387,1,0.14844621699053942,-0.2166937294657202,0.08844248809921668,-2.904462132984655,5.508168804830707,500,4.440892098500626e-16
driven_dt1e-3,176,0,-0.9401735849314701,0.0,1,0.00790999040525564,0.6274245857545475,0.0,-0.9322635945262144,0.0,500,6.439293542825908e-15
driven_dt1e-3,176,1,-1.7527488199044507,0.0,1,0.13763644758367044,0.3886047053118213,0.0,-1.8903852674881212,0.0,500,6.439293542825908e-15
driven_dt1e-3,176,2,-2.2396104765324987,0.0,1,0.24427745602061135,0.28882221121645335,0.0,-2.48388793255311,0.0,500,6.439293542825908e-15
driven_dt1e-3,176,3,-2.3174426658637897,0.0,1,0.16644526668932036,0.28882221121645335,0.0,-2.48388793255311,0.0,500,6.439293542825908e-15
driven_dt1e-3,176,4,-2.6524200481523486,3.060159041643113,1,0.23803363229223087,0.02003189718027123,0.29746804130537025,-2.420372363004082,3.0071130057915636,500,6.439293542825908e-15
driven_dt1e-3,176,5,-2.7189907205137063,0.0,1,0.23505520759018106,0.22831638371420354,0.0,-2.9540459281038873,0.0,500,6.439293542825908e-15
driven_dt1e-3,176,6,-2.9604741803555354,5.370695425996387,1,0.35373965625549314,-0.24755670414853342,0.09565641112706433,-2.653072494196095,5.545726702498866,500,6.439293542825908e-15
driven_dt1e-3,177,0,-0.9401735849314701,0.0,1,0.008392809306775995,0.6275760702633483,0.0,-0.9317807756246941,0.0,500,2.220446049250313e-16
driven_dt1e-3,177,1,-1.7527488199044507,0.0,1,0.0007808207681190282,0.4164520293793799,0.0,-1.7519679991363317,0.0,500,2.220446049250313e-16
driven_dt1e-3,177,2,-2.2396104765324987,0.0,1,0.1238413186889944,0.34718948599679583,0.0,-2.1157691578435043,0.0,500,2.220446049250313e-16
driven_dt1e-3,177,3,-2.3174426658637897,0.0,1,0.09441419258099071,0.29941388582759554,0.0,-2.4118568584447804,0.0,500,2.220446049250313e-16
driven_dt1e-3,177,4,-2.6524200481523486,3.060159041643113,1,0.2092294486415807,0.027921405396695145,0.2887177664549951,-2.4753022772338285,2.948775661358106,500,2.220446049250313e-16
driven_dt1e-3,177,5,-2.7189907205137063,0.0,1,0.04804135563595979,0.25069554654034054,0.0,-2.767032076149666,0.0,500,2.220446049250313e-16
driven_dt1e-3,177,6,-2.9604741803555354,5.370695425996387,1,0.5279791800787825,-0.2544210231386441,0.05997728509282309,-2.683445420534515,5.820158528852106,500,2.220446049250313e-16
driven_dt1e-3,178,0,-0.9401735849314701,0.0,1,0.009513713490247655,0.6279278951659428,0.0,-0.9306598714412224,0.0,500,6.661338147750939e-16
driven_dt1e-3,178,1,-1.7527488199044507,0.0,1,0.21768855118831265,0.37335757010418785,0.0,-1.9704373710927634,0.0,500,6.661338147750939e-16
driven_dt1e-3,178,2,-2.2396104765324987,0.0,1,0.26917310543973527,0.37335757010418785,0.0,-1.9704373710927634,0.0,500,6.661338147750939e-16
driven_dt1e-3,178,3,-2.3174426658637897,0.0,1,0.2089759015653283,0.28274515943815837,0.0,-2.526418567429118,0.0,500,6.661338147750939e-16
driven_dt1e-3,178,4,-2.6524200481523486,3.060159041643113,1,0.452543892228767,0.012633412548042615,0.2115130897777764,-3.103375609309556,3.0222769052863807,500,6.661338147750939e-16
driven_dt1e-3,178,5,-2.7189907205137063,0.0,1,0.1925721530845883,0.28274515943815837,0.0,-2.526418567429118,0.0,500,6.661338147750939e-16
driven_dt1e-3,178,6,-2.9604741803555354,5.370695425996387,1,0.12188931941247344,-0.2067520025766445,0.11418456272289869,-2.8862591375184112,5.274004508100652,500,6.661338147750939e-16
driven_dt1e-3,179,0,-0.9401735849314701,0.0,1,0.0011736078335200517,0.6253148547156442,0.0,-0.93899997709795,0.0,500,2.220446049250313e-15
driven_dt1e-3,179,1,-1.7527488199044507,0.0,1,0.020453340870919545,0.420568572342574,0.0,-1.7322954790335312,0.0,500,2.220446049250313e-15
driven_dt1e-3,179,2,-2.2396104765324987,0.0,1,0.2266971250163645,0.34921514639935275,0.03076413754899368,-2.0964033786721563,0.1757364891338834,500,2.220446049250313e-15
driven_dt1e-3,179,3,-2.3174426658637897,0.0,1,0.28238569385733564,0.34921514639935275,0.03076413754899368,-2.0964033786721563,0.1757364891338834,500,2.220446049250313e-15
driven_dt1e-3,179,4,-2.6524200481523486,3.060159041643113,1,0.17585244696965158,-0.007029293143512293,0.28137101453211594,-2.535538367937846,3.191546849050988,500,2.220446049250313e-15
driven_dt1e-3,179,5,-2.7189907205137063,0.0,1,0.025147068919158855,0.2535817824621542,0.0,-2.744137789432865,0.0,500,2.220446049250313e-15
driven_dt1e-3,179,6,-2.9604741803555354,5.370695425996387,1,0.4448756701885807,-0.21885617397891544,0.1531522489890584,-2.640106972670498,5.0620221129843435,500,2.220446049250313e-15
driven_dt1e-3,180,0,-0.9401735849314701,0.0,1,0.0022723482018686125,0.6256584784322161,0.0,-0.9379012367296015,0.0,500,1.1102230246251565e-15
driven_dt1e-3,180,1,-1.7527488199044507,0.0,1,0.12117333066183877,0.44229077791404403,0.0,-1.631575489242612,0.0,500,1.1102230246251565e-15
driven_dt1e-3,180,2,-2.2396104765324987,0.0,1,0.247482903973017,0.36385176369514427,0.020383646495222077,-2.018883941489936,0.11192669246887396,500,1.1102230246251565e-15
driven_dt1e-3,180,3,-2.3174426658637897,0.0,1,0.31884933179601394,0.36385176369514427,0.020383646495222077,-2.018883941489936,0.11192669246887396,500,1.1102230246251565e-15
driven_dt1e-3,180,4,-2.6524200481523486,3.060159041643113,1,0.5486970101103998,0.04726480717499023,0.33981765979811773,-2.139531273357865,2.865188496190971,500,1.1102230246251565e-15
driven_dt1e-3,180,5,-2.7189907205137063,0.0,1,0.06983989550472902,0.2659158396637702,0.0,-2.6491508250089773,0.0,500,1.1102230246251565e-15
driven_dt1e-3,180,6,-2.9604741803555354,5.370695425996387,1,0.11794866514157307,-0.21438766180214092,0.10970314757802294,-2.8473665781602118,5.337250576851813,500,1.1102230246251565e-15
driven_dt1e-3,181,0,-0.9401735849314701,0.0,1,0.004113910511631014,0.6236638562155887,0.0,-0.9442874954431011,0.0,500,2.3314683517128287e-15
driven_dt1e-3,181,1,-1.7527488199044507,0.0,1,0.2002688813247715,0.3766236557965367,0.0,-1.9530177012292222,0.0,500,2.3314683517128287e-15
driven_dt1e-3,181,2,-2.2396104765324987,0.0,1,0.284723303289931,0.28304004490697343,0.0,-2.5243337798224297,0.0,500,2.3314683517128287e-15
driven_dt1e-3,181,3,-2.3174426658637897,0.0,1,0.20689111395864002,0.28304004490697343,0.0,-2.5243337798224297,0.0,500,2.3314683517128287e-15
driven_dt1e-3,181,4,-2.6524200481523486,3.060159041643113,1,0.6495387378189512,0.012359478739008932,0.19162982425446762,-3.3002283454713015,3.012777802189556,500,2.3314683517128287e-15
driven_dt1e-3,181,5,-2.7189907205137063,0.0,1,0.1764367292058939,0.242918110424112,0.017150688069783503,-2.8250894067320154,0.14097158648331487,500,2.3314683517128287e-15
driven_dt1e-3,181,6,-2.9604741803555354,5.370695425996387,1,0.5988384482477151,-0.23891779555835424,0.039369372164288687,-2.8364804467445395,5.956556366087922,500,2.3314683517128287e-15
driven_dt1e-3,182,0,-0.9401735849314701,0.0,1,0.023564716848492262,0.6323549365320508,0.0,-0.9166088680829778,0.0,500,4.440892098500626e-16
driven_dt1e-3,182,1,-1.7527488199044507,0.0,1,0.09673610509333996,0.39663355393698496,0.0,-1.8494849249977907,0.0,500,4.440892098500626e-16
driven_dt1e-3,182,2,-2.2396104765324987,0.0,1,0.09340477643214351,0.34194586290460344,0.0,-2.146205700100355,0.0,500,4.440892098500626e-16
driven_dt1e-3,182,3,-2.3174426658637897,0.0,1,0.1712369657634345,0.34194586290460344,0.0,-2.146205700100355,0.0,500,4.440892098500626e-16
driven_dt1e-3,182,4,-2.6524200481523486,3.060159041643113,1,0.5619784861651456,-0.057512806458087706,0.24238363487391407,-2.7796931089565953,3.6075358651440603,500,4.440892098500626e-16
driven_dt1e-3,182,5,-2.7189907205137063,0.0,1,0.039543127569865444,0.25176304686433093,0.0,-2.7585338480835717,0.0,500,4.440892098500626e-16
driven_dt1e-3,182,6,-2.9604741803555354,5.370695425996387,1,0.11867968135866132,-0.19881358744931094,0.08826174795621382,-3.0508860900347794,5.4475755492763716,500,4.440892098500626e-16
driven_dt1e-3,183,0,-0.9401735849314701,0.0,1,0.005106881288720944,0.6233542930767606,0.0,-0.945280466220191,0.0,500,1.5543122344752192e-15
driven_dt1e-3,183,1,-1.7527488199044507,0.0,1,0.05269372317280818,0.4054647773214509,0.0,-1.805442543077259,0.0,500,1.5543122344752192e-15
driven_dt1e-3,183,2,-2.2396104765324987,0.0,1,0.27104523199885033,0.28498240021107435,0.0,-2.510655708531349,0.0,500,1.5543122344752192e-15
driven_dt1e-3,183,3,-2.3174426658637897,0.0,1,0.19321304266755934,0.28498240021107435,0.0,-2.510655708531349,0.0,500,1.5543122344752192e-15
driven_dt1e-3,183,4,-2.6524200481523486,3.060159041643113,1,0.2640987638614567,-0.003996120445085724,0.23571189313822866,-2.8900026462087176,3.1754962263405697,500,1.5543122344752192e-15
driven_dt1e-3,183,5,-2.7189907205137063,0.0,1,0.06068045620886098,0.24911625887725153,0.0,-2.7796711767225672,0.0,500,1.5543122344752192e-15
driven_dt1e-3,183,6,-2.9604741803555354,5.370695425996387,1,0.3024993180376592,-0.1834657284873658,0.1272117345314409,-2.998887266676843,5.0706449765507635,500,1.5543122344752192e-15
driven_dt1e-3,184,0,-0.9401735849314701,0.0,1,0.0035711449781160587,0.6260649119939925,0.0,-0.936602439953354,0.0,500,1.5543122344752192e-15
driven_dt1e-3,184,1,-1.7527488199044507,0.0,1,0.060152208875016155,0.40395551664817725,0.0,-1.812901028779467,0.0,500,1.5543122344752192e-15
driven_dt1e-3,184,2,-2.2396104765324987,0.0,1,0.15123520841141147,0.3025759851511633,0.0,-2.39084568494391,0.0,500,1.5543122344752192e-15
driven_dt1e-3,184,3,-2.3174426658637897,0.0,1,0.07340301908012048,0.3025759851511633,0.0,-2.39084568494391,0.0,500,1.5543122344752192e-15
driven_dt1e-3,184,4,-2.6524200481523486,3.060159041643113,1,0.5217527433669764,0.03077530142681839,0.2069832587984652,-3.1283683276681105,2.846385422042957,500,1.5543122344752192e-15
driven_dt1e-3,184,5,-2.7189907205137063,0.0,1,0.04344352219107783,0.25127253769771646,0.0,-2.762434242704784,0.0,500,1.5543122344752192e-15
driven_dt1e-3,184,6,-2.9604741803555354,5.370695425996387,1,0.10871399412026041,-0.19228413946032802,0.10159244901167294,-3.0513672745938867,5.3110533440629215,500,1.5543122344752192e-15
driven_dt1e-3,185,0,-0.9401735849314701,0.0,1,0.0022141792288572493,0.625640281741265,0.0,-0.9379594057026128,0.0,500,2.6645352591003757e-15
driven_dt1e-3,185,1,-1.7527488199044507,0.0,1,0.21097881901369475,0.37461223819950523,0.0,-1.9637276389181455,0.0,500,2.6645352591003757e-15
driven_dt1e-3,185,2,-2.2396104765324987,0.0,1,0.27588283761435317,0.37461223819950523,0.0,-1.9637276389181455,0.0,500,2.6645352591003757e-15
driven_dt1e-3,185,3,-2.3174426658637897,0.0,1,0.24431434692613418,0.27779315016620465,0.0,-2.561757012789924,0.0,500,2.6645352591003757e-15
driven_dt1e-3,185,4,-2.6524200481523486,3.060159041643113,1,0.7890276666248136,0.014699321860243433,0.17872226839290598,-3.4371027550139903,2.9774686053660875,500,2.6645352591003757e-15
driven_dt1e-3,185,5,-2.7189907205137063,0.0,1,0.15723370772378242,0.27779315016620465,0.0,-2.561757012789924,0.0,500,2.6645352591003757e-15
driven_dt1e-3,185,6,-2.9604741803555354,5.370695425996387,1,0.6513830131316544,-0.16030479544233234,0.15917198522072515,-2.9752759713044554,4.719480609840322,500,2.6645352591003757e-15
driven_dt1e-3,186,0,-0.9401735849314701,0.0,1,0.001117784096389185,0.6245988442532399,0.0,-0.9412913690278593,0.0,500,1.1102230246251565e-16
driven_dt1e-3,186,1,-1.7527488199044507,0.0,1,0.2207251597113935,0.37279112983757107,0.0,-1.9734739796158443,0.0,500,1.1102230246251565e-16
driven_dt1e-3,186,2,-2.2396104765324987,0.0,1,0.02952257276933956,0.3215614801027523,0.0,-2.2691330493018382,0.0,500,1.1102230246251565e-16
driven_dt1e-3,186,3,-2.3174426658637897,0.0,1,0.04830961656195143,0.3215614801027523,0.0,-2.2691330493018382,0.0,500,1.1102230246251565e-16
driven_dt1e-3,186,4,-2.6524200481523486,3.060159041643113,1,0.5815177086914228,0.060876496637184294,0.21523651240868988,-2.9950784050391444,2.5903206694582055,500,1.1102230246251565e-16
driven_dt1e-3,186,5,-2.7189907205137063,0.0,1,0.15186712688956527,0.2380132525919077,0.0,-2.8708578474032715,0.0,500,1.1102230246251565e-16
driven_dt1e-3,186,6,-2.9604741803555354,5.370695425996387,1,0.024940071191856025,-0.20609407322586748,0.09806073834436431,-2.954769320838164,5.3949742589366645,500,1.1102230246251565e-16
driven_dt1e-3,187,0,-0.9401735849314701,0.0,1,0.010033274191921238,0.621820738492452,0.0,-0.9502068591233913,0.0,500,3.9968028886505635e-15
driven_dt1e-3,187,1,-1.7527488199044507,0.0,1,0.02318934781155768,0.41149060762257483,0.0,-1.7759381677160084,0.0,500,3.9968028886505635e-15
driven_dt1e-3,187,2,-2.2396104765324987,0.0,1,0.022823823155159406,0.3300888802519632,0.0,-2.2167866533773393,0.0,500,3.9968028886505635e-15
driven_dt1e-3,187,3,-2.3174426658637897,0.0,1,0.1006560124864504,0.3300888802519632,0.0,-2.2167866533773393,0.0,500,3.9968028886505635e-15
driven_dt1e-3,187,4,-2.6524200481523486,3.060159041643113,1,0.17804293739759694,0.004919111524635452,0.24340201279746707,-2.825673304370114,3.101178509790639,500,3.9968028886505635e-15
driven_dt1e-3,187,5,-2.7189907205137063,0.0,1,0.06625932321996597,0.2654402001134685,0.0,-2.6527313972937403,0.0,500,3.9968028886505635e-15
driven_dt1e-3,187,6,-2.9604741803555354,5.370695425996387,1,0.2923657188388904,-0.23929554702386197,0.09492219221912197,-2.7139790208545653,5.527914540275702,500,3.9968028886505635e-15
driven_dt1e-3,188,0,-0.9401735849314701,0.0,1,0.0021090822130478415,0.6256074061417638,0.0,-0.9380645027184222,0.0,500,6.661338147750939e-16
driven_dt1e-3,188,1,-1.7527488199044507,0.0,1,0.04676991901430361,0.4066675045893806,0.0,-1.7995187389187544,0.0,500,6.661338147750939e-16
driven_dt1e-3,188,2,-2.2396104765324987,0.0,1,0.05226260135102434,0.3349835216100146,0.0,-2.1873478751814743,0.0,500,6.661338147750939e-16
driven_dt1e-3,188,3,-2.3174426658637897,0.0,1,0.13009479068231533,0.3349835216100146,0.0,-2.1873478751814743,0.0,500,6.661338147750939e-16
driven_dt1e-3,188,4,-2.6524200481523486,3.060159041643113,1,0.30651610395255235,-0.010139685862796191,0.23334281860424871,-2.9086066923204363,3.228446074215874,500,6.661338147750939e-16
driven_dt1e-3,188,5,-2.7189907205137063,0.0,1,0.09042184687063992,0.2686665023292505,0.0,-2.6285688736430664,0.0,500,6.661338147750939e-16
driven_dt1e-3,188,6,-2.9604741803555354,5.370695425996387,1,0.33902257542991143,-0.2223239215349953,0.06580173473765553,-2.923266610744602,5.707670059188231,500,6.661338147750939e-16
driven_dt1e-3,189,0,-0.9401735849314701,0.0,1,0.013099231814700851,0.6208682307494888,0.0,-0.9532728167461709,0.0,500,4.6629367034256575e-15
driven_dt1e-3,189,1,-1.7527488199044507,0.0,1,0.2578282589601786,0.47356775601336043,0.0,-1.4949205609442722,0.0,500,4.6629367034256575e-15
driven_dt1e-3,189,2,-2.2396104765324987,0.0,1,0.21196062827645878,0.36282853048500124,0.0,-2.02764984825604,0.0,500,4.6629367034256575e-15
driven_dt1e-3,189,3,-2.3174426658637897,0.0,1,0.2897928176077498,0.36282853048500124,0.0,-2.02764984825604,0.0,500,4.6629367034256575e-15
driven_dt1e-3,189,4,-2.6524200481523486,3.060159041643113,1,0.37236531568178066,-0.027933721869986914,0.3010586045282697,-2.3923284583438686,3.326632855053905,500,4.6629367034256575e-15
driven_dt1e-3,189,5,-2.7189907205137063,0.0,1,0.10343407853591255,0.2679739952636302,0.00768559254025052,-2.6329084462218812,0.05734501421501544,500,4.6629367034256575e-15
driven_dt1e-3,189,6,-2.9604741803555354,5.370695425996387,1,0.38025115193023007,-0.16761976419154134,0.11876369123866067,-3.1653066293333705,5.050329063233363,500,4.6629367034256575e-15
driven_dt1e-3,190,0,-0.9401735849314701,0.0,1,0.009902933638040401,0.628050108151576,0.0,-0.9302706512934297,0.0,500,6.661338147750939e-15
driven_dt1e-3,190,1,-1.7527488199044507,0.0,1,0.08017600285255067,0.3999313340926949,0.0,-1.8329248227570014,0.0,500,6.661338147750939e-15
driven_dt1e-3,190,2,-2.2396104765324987,0.0,1,0.046602762469465375,0.3340368853138555,0.0,-2.1930077140630333,0.0,500,6.661338147750939e-15
driven_dt1e-3,190,3,-2.3174426658637897,0.0,1,0.12443495180075637,0.3340368853138555,0.0,-2.1930077140630333,0.0,500,6.661338147750939e-15
driven_dt1e-3,190,4,-2.6524200481523486,3.060159041643113,1,0.45817860948434264,0.014339453267434564,0.21098044504882466,-3.107370942012897,3.005869794415934,500,6.661338147750939e-15
driven_dt1e-3,190,5,-2.7189907205137063,0.0,1,0.027965268566870538,0.2604061566251683,0.0,-2.6910254519468357,0.0,500,6.661338147750939e-15
driven_dt1e-3,190,6,-2.9604741803555354,5.370695425996387,1,0.4645119050940115,-0.18549735115901117,0.05529914890203139,-3.2842877097756107,5.703736126419897,500,6.661338147750939e-15
driven_dt1e-3,191,0,-0.9401735849314701,0.0,1,0.0005157352955211802,0.6247868920479103,0.0,-0.9406893202269913,0.0,500,3.9968028886505635e-15
driven_dt1e-3,191,1,-1.7527488199044507,0.0,1,0.014139666199328271,0.4192429991814105,0.0,-1.7386091537051225,0.0,500,3.9968028886505635e-15
driven_dt1e-3,191,2,-2.2396104765324987,0.0,1,0.0894830776862352,0.34127601552327785,0.0,-2.1501273988462635,0.0,500,3.9968028886505635e-15
driven_dt1e-3,191,3,-2.3174426658637897,0.0,1,0.1673152670175262,0.34127601552327785,0.0,-2.1501273988462635,0.0,500,3.9968028886505635e-15
driven_dt1e-3,191,4,-2.6524200481523486,3.060159041643113,1,0.444319423516206,-0.04591277467173367,0.25331238271684425,-2.7139403221207967,3.5001988193957847,500,3.9968028886505635e-15
driven_dt1e-3,191,5,-2.7189907205137063,0.0,1,0.131702143404173,0.2408025920147273,0.0035568302898923592,-2.8473374521541643,0.029539313710132013,500,3.9968028886505635e-15
driven_dt1e-3,191,6,-2.9604741803555354,5.370695425996387,1,0.31274725401551084,-0.18046922077721017,0.1258418427243695,-3.0281457806098766,5.065357253778665,500,3.9968028886505635e-15
driven_dt1e-3,192,0,-0.9401735849314701,0.0,1,0.00019257008467610248,0.6248878548984618,0.0,-0.9403661550161462,0.0,500,2.220446049250313e-15
driven_dt1e-3,192,1,-1.7527488199044507,0.0,1,0.1766242517048464,0.3811026430511087,0.0,-1.9293730716092972,0.0,500,2.220446049250313e-15
driven_dt1e-3,192,2,-2.2396104765324987,0.0,1,0.3102374049232015,0.3811026430511087,0.0,-1.9293730716092972,0.0,500,2.220446049250313e-15
driven_dt1e-3,192,3,-2.3174426658637897,0.0,1,0.33165729754471324,0.3251941075418652,0.05205214131603999,-2.2213680013744224,0.31743695729690635,500,2.220446049250313e-15
driven_dt1e-3,192,4,-2.6524200481523486,3.060159041643113,1,0.37865813191324615,0.03760086706501774,0.2268984067217854,-2.939414093714295,2.8131440650202033,500,2.220446049250313e-15
driven_dt1e-3,192,5,-2.7189907205137063,0.0,1,0.1260532849149838,0.24110518155522714,0.0,-2.84504400542869,0.0,500,2.220446049250313e-15
driven_dt1e-3,192,6,-2.9604741803555354,5.370695425996387,1,0.27872233008650793,-0.17697186500643008,0.0888827689482736,-3.238589171845946,5.352305515797011,500,2.220446049250313e-15
driven_dt1e-3,193,0,-0.9401735849314701,0.0,1,0.0015606840643498376,0.6244605421632489,0.0,-0.9417342689958199,0.0,500,1.7763568394002505e-15
driven_dt1e-3,193,1,-1.7527488199044507,0.0,1,0.06228114183475153,0.4035257483189184,0.0,-1.8150299617392023,0.0,500,1.7763568394002505e-15
driven_dt1e-3,193,2,-2.2396104765324987,0.0,1,0.09971882310343005,0.31047104032958067,0.0,-2.3393292996359287,0.0,500,1.7763568394002505e-15
driven_dt1e-3,193,3,-2.3174426658637897,0.0,1,0.021886633772139064,0.31047104032958067,0.0,-2.3393292996359287,0.0,500,1.7763568394002505e-15
driven_dt1e-3,193,4,-2.6524200481523486,3.060159041643113,1,0.4005061966339052,0.02217069952173646,0.21822474110351364,-3.0341908642192505,2.9390960103669714,500,1.7763568394002505e-15
driven_dt1e-3,193,5,-2.7189907205137063,0.0,1,0.210242779802444,0.28525437003047666,0.0,-2.5087479407112623,0.0,500,1.7763568394002505e-15
driven_dt1e-3,193,6,-2.9604741803555354,5.370695425996387,1,0.4167427746821351,-0.23838790240524724,0.1399855172074055,-2.571448851957007,5.2212503387095115,500,1.7763568394002505e-15
driven_dt1e-3,194,0,-0.9401735849314701,0.0,1,0.010615379215412446,0.6282738737653756,0.0,-0.9295582057160576,0.0,500,4.6629367034256575e-15
driven_dt1e-3,194,1,-1.7527488199044507,0.0,1,0.05896145378263129,0.40419609430261033,0.0,-1.811710273687082,0.0,500,4.6629367034256575e-15
driven_dt1e-3,194,2,-2.2396104765324987,0.0,1,0.0443366255383566,0.3191884650772646,0.0,-2.2839471020708553,0.0,500,4.6629367034256575e-15
driven_dt1e-3,194,3,-2.3174426658637897,0.0,1,0.03349556379293439,0.3191884650772646,0.0,-2.2839471020708553,0.0,500,4.6629367034256575e-15
driven_dt1e-3,194,4,-2.6524200481523486,3.060159041643113,1,0.5661127891987243,-0.0566744208507033,0.23967092027910347,-2.8025673853084547,3.6059973576665394,500,4.6629367034256575e-15
driven_dt1e-3,194,5,-2.7189907205137063,0.0,1,0.06803774270345997,0.2656763370973546,0.0,-2.6509529778102463,0.0,500,4.6629367034256575e-15
driven_dt1e-3,194,6,-2.9604741803555354,5.370695425996387,1,0.20404865472918798,-0.1949688482791354,0.12164075900314629,-2.941067474129351,5.167571736461557,500,4.6629367034256575e-15
driven_dt1e-3,195,0,-0.9401735849314701,0.0,1,0.003284927477645194,0.6259753230375055,0.0,-0.9368886574538249,0.0,500,2.4424906541753444e-15
driven_dt1e-3,195,1,-1.7527488199044507,0.0,1,0.16063597490873627,0.38416144025795484,0.0,-1.913384794813187,0.0,500,2.4424906541753444e-15
driven_dt1e-3,195,2,-2.2396104765324987,0.0,1,0.013662015211326484,0.32858023291183386,0.0,-2.225948461321172,0.0,500,2.4424906541753444e-15
driven_dt1e-3,195,3,-2.3174426658637897,0.0,1,0.09149420454261747,0.32858023291183386,0.0,-2.225948461321172,0.0,500,2.4424906541753444e-15
driven_dt1e-3,195,4,-2.6524200481523486,3.060159041643113,1,0.41694329261314445,0.05835724562959822,0.2409464232206028,-2.7893565684279307,2.6663442391408387,500,2.4424906541753444e-15
driven_dt1e-3,195,5,-2.7189907205137063,0.0,1,0.056070665760091565,0.24969110798163952,0.0,-2.775061386273798,0.0,500,2.4424906541753444e-15
driven_dt1e-3,195,6,-2.9604741803555354,5.370695425996387,1,0.6437206803281257,-0.15649701217669018,0.05919123603117225,-3.575732312316064,5.559993459104356,500,2.4424906541753444e-15
driven_dt1e-3,196,0,-0.9401735849314701,0.0,1,0.020480463295816542,0.6313805165849313,0.0,-0.9196931216356535,0.0,500,1.5543122344752192e-15
driven_dt1e-3,196,1,-1.7527488199044507,0.0,1,0.11417560575830876,0.39319004346759046,0.0,-1.8669244256627595,0.0,500,1.5543122344752192e-15
driven_dt1e-3,196,2,-2.2396104765324987,0.0,1,0.050448688785715845,0.3182145040199822,0.0,-2.2900591653182145,0.0,500,1.5543122344752192e-15
driven_dt1e-3,196,3,-2.3174426658637897,0.0,1,0.027383500545575146,0.3182145040199822,0.0,-2.2900591653182145,0.0,500,1.5543122344752192e-15
driven_dt1e-3,196,4,-2.6524200481523486,3.060159041643113,1,0.5036758064194391,0.052033919516806894,0.21948910591007706,-2.9782264703028813,2.6760503418487174,500,1.5543122344752192e-15
driven_dt1e-3,196,5,-2.7189907205137063,0.0,1,0.08833185376799024,0.2683858934040753,0.0,-2.630658866745716,0.0,500,1.5543122344752192e-15
driven_dt1e-3,196,6,-2.9604741803555354,5.370695425996387,1,0.05977308584192115,-0.20881168560041669,0.10548882155793486,-2.9053394090983664,5.347609092604414,500,1.5543122344752192e-15
driven_dt1e-3,197,0,-0.9401735849314701,0.0,1,0.006317780062578993,0.6269252885701093,0.0,-0.9338558048688911,0.0,500,2.6645352591003757e-15
driven_dt1e-3,197,1,-1.7527488199044507,0.0,1,0.10004246364747438,0.39597838926656875,0.0,-1.8527912835519251,0.0,500,2.6645352591003757e-15
driven_dt1e-3,197,2,-2.2396104765324987,0.0,1,0.38681919298057355,0.39597838926656875,0.0,-1.8527912835519251,0.0,500,2.6645352591003757e-15
driven_dt1e-3,197,3,-2.3174426658637897,0.0,1,0.3521979225834304,0.26320547074975387,0.0,-2.66964058844722,0.0,500,2.6645352591003757e-15
driven_dt1e-3,197,4,-2.6524200481523486,3.060159041643113,1,0.6152928090226093,-0.06980194250861432,0.2552751951193691,-2.6587210904589824,3.675419586210033,500,2.6645352591003757e-15
driven_dt1e-3,197,5,-2.7189907205137063,0.0,1,0.049350132066486196,0.26320547074975387,0.0,-2.66964058844722,0.0,500,2.6645352591003757e-15
driven_dt1e-3,197,6,-2.9604741803555354,5.370695425996387,1,0.26090867251485633,-0.1769409813286823,0.10756835033831615,-3.149371663857195,5.190720216258477,500,2.6645352591003757e-15
driven_dt1e-3,198,0,-0.9401735849314701,0.0,1,0.0022948439331976767,0.625665515794311,0.0,-0.9378787409982724,0.0,500,8.881784197001252e-16
driven_dt1e-3,198,1,-1.7527488199044507,0.0,1,0.01978541401277223,0.4204281412707202,0.0,-1.7329634058916785,0.0,500,8.881784197001252e-16
driven_dt1e-3,198,2,-2.2396104765324987,0.0,1,0.2674519426914836,0.3308480929404122,0.0438709447341763,-2.19476152958267,0.2636647750590512,500,8.881784197001252e-16
driven_dt1e-3,198,3,-2.3174426658637897,0.0,1,0.20709146930991507,0.2830116920333485,0.0,-2.5245341351737047,0.0,500,8.881784197001252e-16
driven_dt1e-3,198,4,-2.6524200481523486,3.060159041643113,1,0.42281835093803066,0.022649605310573837,0.21583820182040014,-3.0555006648424214,2.932482206082757,500,8.881784197001252e-16
driven_dt1e-3,198,5,-2.7189907205137063,0.0,1,0.017128885666625404,0.2589990416652692,0.0,-2.701861834847081,0.0,500,8.881784197001252e-16
driven_dt1e-3,198,6,-2.9604741803555354,5.370695425996387,1,0.48232442329163605,-0.16611776188022126,0.0696710271802062,-3.4280806346104655,5.4889369298888075,500,8.881784197001252e-16
driven_dt1e-3,199,0,-0.9401735849314701,0.0,1,0.0038572616542629223,0.6261544822065586,0.0,-0.9363163232772072,0.0,500,2.886579864025407e-15
driven_dt1e-3,199,1,-1.7527488199044507,0.0,1,0.20162829868959786,0.37636774840877885,0.0,-1.9543771185940486,0.0,500,2.886579864025407e-15
driven_dt1e-3,199,2,-2.2396104765324987,0.0,1,0.20278965913127944,0.36116859456980804,0.0,-2.0368208174012192,0.0,500,2.886579864025407e-15
driven_dt1e-3,199,3,-2.3174426658637897,0.0,1,0.14177533194542136,0.29240688674493664,0.0,-2.459217997809211,0.0,500,2.886579864025407e-15
driven_dt1e-3,199,4,-2.6524200481523486,3.060159041643113,1,0.71611469901915,0.11055295332601123,0.28176305175228794,-2.3901889419492717,2.3937844404683695,500,2.886579864025407e-15
driven_dt1e-3,199,5,-2.7189907205137063,0.0,1,0.04115487635909876,0.25156023920107956,0.0,-2.760145596872805,0.0,500,2.886579864025407e-15
driven_dt1e-3,199,6,-2.9604741803555354,5.370695425996387,1,0.4451660398336762,-0.16702283095327689,0.13191887259520796,-3.0944655754195054,4.946173213303094,500,2.886579864025407e-15
driven_dt1e-3,200,0,-0.9401735849314701,0.0,1,0.0018355764983166711,0.6255218583909679,0.0,-0.9383380084331534,0.0,500,6.661338147750939e-16
driven_dt1e-3,200,1,-1.7527488199044507,0.0,1,0.15975555539068864,0.45090588937782766,0.0,-1.592993264513762,0.0,500,6.661338147750939e-16
driven_dt1e-3,200,2,-2.2396104765324987,0.0,1,0.1744576251300125,0.2990830302996439,0.0,-2.414068101662511,0.0,500,6.661338147750939e-16
driven_dt1e-3,200,3,-2.3174426658637897,0.0,1,0.09662543579872152,0.2990830302996439,0.0,-2.414068101662511,0.0,500,6.661338147750939e-16
driven_dt1e-3,200,4,-2.6524200481523486,3.060159041643113,1,0.3025475221959963,0.050014627430781694,0.27871232506306426,-2.5234559401192835,2.7864744384478057,500,6.661338147750939e-16
driven_dt1e-3,200,5,-2.7189907205137063,0.0,1,0.1688753677334165,0.23599774145138724,0.0,-2.8878660882471228,0.0,500,6.661338147750939e-16
driven_dt1e-3,200,6,-2.9604741803555354,5.370695425996387,1,0.5183351052736669,-0.27012244926004314,0.09323012008331268,-2.505215572317664,5.61850761529805,500,6.661338147750939e-16
driven_dt1e-3,201,0,-0.9401735849314701,0.0,1,0.0014666072335870473,0.6244899164884758,0.0,-0.9416401921650571,0.0,500,2.6645352591003757e-15
driven_dt1e-3,201,1,-1.7527488199044507,0.0,1,0.09773199565237545,0.43713709605979967,0.0,-1.6550168242520753,0.0,500,2.6645352591003757e-15
driven_dt1e-3,201,2,-2.2396104765324987,0.0,1,0.0734564266296136,0.3385521877506988,0.0,-2.166154049902885,0.0,500,2.6645352591003757e-15
driven_dt1e-3,201,3,-2.3174426658637897,0.0,1,0.1512886159609046,0.3385521877506988,0.0,-2.166154049902885,0.0,500,2.6645352591003757e-15
driven_dt1e-3,201,4,-2.6524200481523486,3.060159041643113,1,0.9764651786611093,0.09208691035704106,0.1854394720616422,-3.1496343909313076,2.2197650016401154,500,2.6645352591003757e-15
driven_dt1e-3,201,5,-2.7189907205137063,0.0,1,0.19082390732430526,0.23525819798145609,0.0093290054492787,-2.8925720757382245,0.07926712259780003,500,2.6645352591003757e-15
driven_dt1e-3,201,6,-2.9604741803555354,5.370695425996387,1,0.3142434448350192,-0.23587313994135095,0.08021285403878262,-2.779488630369451,5.627586790814308,500,2.6645352591003757e-15
driven_dt1e-3,202,0,-0.9401735849314701,0.0,1,0.006463001073075514,0.6269708115847699,0.0,-0.9337105838583946,0.0,500,6.661338147750939e-16
driven_dt1e-3,202,1,-1.7527488199044507,0.0,1,0.015900702710913706,0.4129929479668512,0.0,-1.7686495226153645,0.0,500,6.661338147750939e-16
driven_dt1e-3,202,2,-2.2396104765324987,0.0,1,0.01854490702086009,0.32333133008782394,0.0,-2.2581553835533588,0.0,500,6.661338147750939e-16
driven_dt1e-3,202,3,-2.3174426658637897,0.0,1,0.0592872823104309,0.32333133008782394,0.0,-2.2581553835533588,0.0,500,6.661338147750939e-16
driven_dt1e-3,202,4,-2.6524200481523486,3.060159041643113,1,0.17090783468495513,0.019915460572045317,0.28705908747339764,-2.491332709503873,3.00305950325749,500,6.661338147750939e-16
driven_dt1e-3,202,5,-2.7189907205137063,0.0,1,0.17971594636560795,0.28093347341969716,0.0,-2.5392747741480983,0.0,500,6.661338147750939e-16
driven_dt1e-3,202,6,-2.9604741803555354,5.370695425996387,1,0.12484038477130151,-0.19355900517225416,0.09163876241565484,-3.082102010758196,5.398834234453538,500,6.661338147750939e-16
driven_dt1e-3,203,0,-0.9401735849314701,0.0,1,0.009190073975981594,0.6278262922473515,0.0,-0.9309835109554885,0.0,500,4.440892098500626e-16
driven_dt1e-3,203,1,-1.7527488199044507,0.0,1,0.015610717891413328,0.41305283315093044,0.0,-1.768359537795864,0.0,500,4.440892098500626e-16
driven_dt1e-3,203,2,-2.2396104765324987,0.0,1,0.2508896227597155,0.36995998535316776,0.0,-1.9887208537727832,0.0,500,4.440892098500626e-16
driven_dt1e-3,203,3,-2.3174426658637897,0.0,1,0.2617883823034446,0.27537663842444365,0.0,-2.5792310481672343,0.0,500,4.440892098500626e-16
driven_dt1e-3,203,4,-2.6524200481523486,3.060159041643113,1,0.3193888110620924,0.053502714054982636,0.2645370122941176,-2.6194574699471405,2.7424757385412306,500,4.440892098500626e-16
driven_dt1e-3,203,5,-2.7189907205137063,0.0,1,0.024689790733719796,0.25363976779943137,0.0,-2.743680511247426,0.0,500,4.440892098500626e-16
driven_dt1e-3,203,6,-2.9604741803555354,5.370695425996387,1,0.24444753542170305,-0.19673334291595362,0.07462004204308824,-3.117399267007468,5.558123051369565,500,4.440892098500626e-16
driven_dt1e-3,204,0,-0.9401735849314701,0.0,1,0.004514704997972907,0.6263603465889772,0.0,-0.9356588799334972,0.0,500,4.3298697960381105e-15
driven_dt1e-3,204,1,-1.7527488199044507,0.0,1,0.15583686564137067,0.45002327419065896,0.0,-1.59691195426308,0.0,500,4.3298697960381105e-15
driven_dt1e-3,204,2,-2.2396104765324987,0.0,1,0.22535832051298188,0.3652672220682684,0.0,-2.014252156019517,0.0,500,4.3298697960381105e-15
driven_dt1e-3,204,3,-2.3174426658637897,0.0,1,0.30319050984427287,0.3652672220682684,0.0,-2.014252156019517,0.0,500,4.3298697960381105e-15
driven_dt1e-3,204,4,-2.6524200481523486,3.060159041643113,1,0.2768723139229994,0.0065736396540393375,0.3044237646498254,-2.3782029913541805,3.0984119366711522,500,4.3298697960381105e-15
driven_dt1e-3,204,5,-2.7189907205137063,0.0,1,0.027059919150296263,0.25333936642143073,0.0,-2.7460506396640025,0.0,500,4.3298697960381105e-15
driven_dt1e-3,204,6,-2.9604741803555354,5.370695425996387,1,0.29919965758461886,-0.2365987448967269,0.08487101463392864,-2.761734954670682,5.594353994517555,500,4.3298697960381105e-15
driven_dt1e-3,205,0,-0.9401735849314701,0.0,1,0.00650418517994511,0.626983722334153,0.0,-0.933669399751525,0.0,500,3.9968028886505635e-15
driven_dt1e-3,205,1,-1.7527488199044507,0.0,1,0.08541535846553061,0.39888501396184767,0.0,-1.8381641783699814,0.0,500,3.9968028886505635e-15
driven_dt1e-3,205,2,-2.2396104765324987,0.0,1,0.1873263811714514,0.29716479496684806,0.0,-2.42693685770395,0.0,500,3.9968028886505635e-15
driven_dt1e-3,205,3,-2.3174426658637897,0.0,1,0.1094941918401604,0.29716479496684806,0.0,-2.42693685770395,0.0,500,3.9968028886505635e-15
driven_dt1e-3,205,4,-2.6524200481523486,3.060159041643113,1,0.46681736178400496,0.06316866251582096,0.3077168058155863,-2.315873873971304,2.7366546028681857,500,3.9968028886505635e-15
driven_dt1e-3,205,5,-2.7189907205137063,0.0,1,0.06131074374906431,0.24903776380950077,0.0,-2.7803014642627706,0.0,500,3.9968028886505635e-15
driven_dt1e-3,205,6,-2.9604741803555354,5.370695425996387,1,0.7458977382108124,-0.30130449813763466,0.1341985844792666,-2.2183022121198497,5.445154847382628,500,3.9968028886505635e-15
driven_dt1e-3,206,0,-0.9401735849314701,0.0,1,0.0014520586783595135,0.625401920501182,0.0,-0.9387215262531106,0.0,500,6.661338147750939e-16
driven_dt1e-3,206,1,-1.7527488199044507,0.0,1,0.19725309102455468,0.45943956720135964,0.0,-1.555495728879896,0.0,500,6.661338147750939e-16
driven_dt1e-3,206,2,-2.2396104765324987,0.0,1,0.046919408093294646,0.31877653391699656,0.0,-2.2865298846257933,0.0,500,6.661338147750939e-16
driven_dt1e-3,206,3,-2.3174426658637897,0.0,1,0.030912781237996345,0.31877653391699656,0.0,-2.2865298846257933,0.0,500,6.661338147750939e-16
driven_dt1e-3,206,4,-2.6524200481523486,3.060159041643113,1,0.12290979835086012,0.008165833713104175,0.2818700185741438,-2.5317795615995387,3.083668434126765,500,6.661338147750939e-16
driven_dt1e-3,206,5,-2.7189907205137063,0.0,1,0.049920015165392684,0.26328047961047685,0.0,-2.6690707053483136,0.0,500,6.661338147750939e-16
driven_dt1e-3,206,6,-2.9604741803555354,5.370695425996387,1,0.3133313772871115,-0.23348680420151907,0.1253992626509823,-2.655822198652886,5.297457989959298,500,6.661338147750939e-16
driven_dt1e-3,207,0,-0.9401735849314701,0.0,1,0.01223742662146432,0.6287836254514001,0.0,-0.9279361583100058,0.0,500,8.215650382226158e-15
driven_dt1e-3,207,1,-1.7527488199044507,0.0,1,0.04638560912043621,0.4260572272821512,0.0,-1.7063632107840145,0.0,500,8.215650382226158e-15
driven_dt1e-3,207,2,-2.2396104765324987,0.0,1,0.14116518092693126,0.3379812137923898,0.020370240835172065,-2.165903999491989,0.12039503124469066,500,8.215650382226158e-15
driven_dt1e-3,207,3,-2.3174426658637897,0.0,1,0.1935430984410294,0.3379812137923898,0.020370240835172065,-2.165903999491989,0.12039503124469066,500,8.215650382226158e-15
driven_dt1e-3,207,4,-2.6524200481523486,3.060159041643113,1,0.4339065502017478,0.06942921661960258,0.2676076713651926,-2.5713239675636226,2.6338981825191152,500,8.215650382226158e-15
driven_dt1e-3,207,5,-2.7189907205137063,0.0,1,0.04413256782347208,0.2511859834862023,0.0,-2.7631232883371784,0.0,500,8.215650382226158e-15
driven_dt1e-3,207,6,-2.9604741803555354,5.370695425996387,1,0.06843871464489337,-0.20682938927909758,0.09291727135793292,-2.96788336757223,5.438731898619776,500,8.215650382226158e-15
driven_dt1e-3,208,0,-0.9401735849314701,0.0,1,0.0020805805848140846,0.6255984907904344,0.0,-0.938093004346656,0.0,500,3.552713678800501e-15
driven_dt1e-3,208,1,-1.7527488199044507,0.0,1,0.13041610945226423,0.3900101694528187,0.0,-1.883164929356715,0.0,500,3.552713678800501e-15
driven_dt1e-3,208,2,-2.2396104765324987,0.0,1,0.054344811994088804,0.33533245634437525,0.0,-2.18526566453841,0.0,500,3.552713678800501e-15
driven_dt1e-3,208,3,-2.3174426658637897,0.0,1,0.1321770013253798,0.33533245634437525,0.0,-2.18526566453841,0.0,500,3.552713678800501e-15
driven_dt1e-3,208,4,-2.6524200481523486,3.060159041643113,1,0.34981708332668754,-0.014059977282507064,0.22985605238224702,-2.936869432825269,3.263777654118465,500,3.552713678800501e-15
driven_dt1e-3,208,5,-2.7189907205137063,0.0,1,0.010960895891889422,0.258201520352869,0.0,-2.708029824621817,0.0,500,3.552713678800501e-15
driven_dt1e-3,208,6,-2.9604741803555354,5.370695425996387,1,0.4981576548802466,-0.15858389067488082,0.0795859355005031,-3.458314818931108,5.352926135114273,500,3.552713678800501e-15
driven_dt1e-3,209,0,-0.9401735849314701,0.0,1,0.01182084788412563,0.6212652115940532,0.0,-0.9519944328155957,0.0,500,1.7763568394002505e-15
driven_dt1e-3,209,1,-1.7527488199044507,0.0,1,0.18238078834408977,0.3800073044824291,0.0,-1.9351296082485405,0.0,500,1.7763568394002505e-15
driven_dt1e-3,209,2,-2.2396104765324987,0.0,1,0.30448086828395815,0.3800073044824291,0.0,-1.9351296082485405,0.0,500,1.7763568394002505e-15
driven_dt1e-3,209,3,-2.3174426658637897,0.0,1,0.2757228970594121,0.2734646867725475,0.0,-2.5931655629232018,0.0,500,1.7763568394002505e-15
driven_dt1e-3,209,4,-2.6524200481523486,3.060159041643113,1,0.7465909713104429,-0.034942518950545814,0.3745511208121331,-1.9553882727689267,3.3276376062947604,500,1.7763568394002505e-15
driven_dt1e-3,209,5,-2.7189907205137063,0.0,1,0.024333673433118097,0.2599337407951271,0.0,-2.694657047080588,0.0,500,1.7763568394002505e-15
driven_dt1e-3,209,6,-2.9604741803555354,5.370695425996387,1,0.3141637295651298,-0.18834816658906253,0.07067798455813563,-3.2071842050315764,5.565202527919734,500,1.7763568394002505e-15
driven_dt1e-3,210,0,-0.9401735849314701,0.0,1,0.013501926841924083,0.6207432330593563,0.0,-0.9536755117733942,0.0,500,3.552713678800501e-15
driven_dt1e-3,210,1,-1.7527488199044507,0.0,1,0.0623100362078588,0.4035199185492652,0.0,-1.8150588561123095,0.0,500,3.552713678800501e-15
driven_dt1e-3,210,2,-2.2396104765324987,0.0,1,0.36740043072569556,0.29033234568539806,0.043976596539807365,-2.4507741056579686,0.3006542835749852,500,3.552713678800501e-15
driven_dt1e-3,210,3,-2.3174426658637897,0.0,1,0.3288924916588647,0.29033234568539806,0.043976596539807365,-2.4507741056579686,0.3006542835749852,500,3.552713678800501e-15
driven_dt1e-3,210,4,-2.6524200481523486,3.060159041643113,1,0.11055689468344611,0.02329245463722625,0.25790333870727317,-2.7022171878585817,2.9614520416931374,500,3.552713678800501e-15
driven_dt1e-3,210,5,-2.7189907205137063,0.0,1,0.13495333613501467,0.24562294927895895,0.012760772783363268,-2.8052198448188803,0.10381204677460656,500,3.552713678800501e-15
driven_dt1e-3,210,6,-2.9604741803555354,5.370695425996387,1,0.4575857537168274,-0.15716373203067935,0.10696859343685146,-3.320279771199931,5.087985930574474,500,3.552713678800501e-15
driven_dt1e-3,211,0,-0.9401735849314701,0.0,1,0.003260030139915271,0.6239301802264402,0.0,-0.9434336150713853,0.0,500,4.884981308350689e-15
driven_dt1e-3,211,1,-1.7527488199044507,0.0,1,0.22160878752996638,0.4650687586846137,0.0,-1.5311400323744844,0.0,500,4.884981308350689e-15
driven_dt1e-3,211,2,-2.2396104765324987,0.0,1,0.2642364596381217,0.2859542436826159,0.0,-2.5038469361706204,0.0,500,4.884981308350689e-15
driven_dt1e-3,211,3,-2.3174426658637897,0.0,1,0.1864042703068307,0.2859542436826159,0.0,-2.5038469361706204,0.0,500,4.884981308350689e-15
driven_dt1e-3,211,4,-2.6524200481523486,3.060159041643113,1,0.4438253877001676,0.04081209728277871,0.32333746343756253,-2.242311191055169,2.890477869742253,500,4.884981308350689e-15
driven_dt1e-3,211,5,-2.7189907205137063,0.0,1,0.005944893952930297,0.25602816853055443,0.0,-2.7249356144666366,0.0,500,4.884981308350689e-15
driven_dt1e-3,211,6,-2.9604741803555354,5.370695425996387,1,0.10504284021997783,-0.20043739223595727,0.11162854552691348,-2.9443534555503907,5.266896964961377,500,4.884981308350689e-15
driven_dt1e-3,212,0,-0.9401735849314701,0.0,1,0.0028080139128480175,0.6240712094457235,0.0,-0.9429815988443181,0.0,500,0.0
driven_dt1e-3,212,1,-1.7527488199044507,0.0,1,0.22796529448203517,0.3714440405749823,0.0,-1.980714114386486,0.0,500,0.0
driven_dt1e-3,212,2,-2.2396104765324987,0.0,1,0.1581326598219741,0.3531936078078885,0.0,-2.0814778167105246,0.0,500,0.0
driven_dt1e-3,212,3,-2.3174426658637897,0.0,1,0.1315417930354048,0.2939068997090325,0.0,-2.4489844588991945,0.0,500,0.0
driven_dt1e-3,212,4,-2.6524200481523486,3.060159041643113,1,0.46888099271962025,0.003557180462762991,0.21022377555471167,-3.1188791587857585,3.1077540355061735,500,0.0
driven_dt1e-3,212,5,-2.7189907205137063,0.0,1,0.006741586579720682,0.25592620096404545,0.0,-2.725732307093427,0.0,500,0.0
driven_dt1e-3,212,6,-2.9604741803555354,5.370695425996387,1,0.2946886765545634,-0.22574375711543135,0.0735901009629433,-2.87571623359601,5.652932040471883,500,0.0
driven_dt1e-3,213,0,-0.9401735849314701,0.0,1,0.013798072942131534,0.6292744713614877,0.0,-0.9263755119893385,0.0,500,1.3322676295501878e-15
driven_dt1e-3,213,1,-1.7527488199044507,0.0,1,0.07743088933129005,0.4004806394392383,0.0,-1.8301797092357408,0.0,500,1.3322676295501878e-15
driven_dt1e-3,213,2,-2.2396104765324987,0.0,1,0.24630853585390722,0.36911354570435523,0.0,-1.9933019406785915,0.0,500,1.3322676295501878e-15
driven_dt1e-3,213,3,-2.3174426658637897,0.0,1,0.3241407251851982,0.36911354570435523,0.0,-1.9933019406785915,0.0,500,1.3322676295501878e-15
driven_dt1e-3,213,4,-2.6524200481523486,3.060159041643113,1,0.15111988548105246,0.005030657330320064,0.28524195352840276,-2.5085240020177917,3.1063233968822788,500,1.3322676295501878e-15
driven_dt1e-3,213,5,-2.7189907205137063,0.0,1,0.0714669589589847,0.26613225865600465,0.0,-2.6475237615547216,0.0,500,1.3322676295501878e-15
driven_dt1e-3,213,6,-2.9604741803555354,5.370695425996387,1,0.27294531766080815,-0.23732526694369463,0.09924242199176254,-2.7154927182622397,5.491041716606404,500,1.3322676295501878e-15
driven_dt1e-3,214,0,-0.9401735849314701,0.0,1,0.008124379957822114,0.627491845997561,0.0,-0.932049204973648,0.0,500,3.552713678800501e-15
driven_dt1e-3,214,1,-1.7527488199044507,0.0,1,0.06719885098019063,0.4025347560396951,0.0,-1.8199476708846414,0.0,500,3.552713678800501e-15
driven_dt1e-3,214,2,-2.2396104765324987,0.0,1,0.3271967441969909,0.2863783830123233,0.030316129115504957,-2.4897385533591625,0.2109351905114594,500,3.552713678800501e-15
driven_dt1e-3,214,3,-2.3174426658637897,0.0,1,0.2723591882862112,0.2863783830123233,0.030316129115504957,-2.4897385533591625,0.2109351905114594,500,3.552713678800501e-15
driven_dt1e-3,214,4,-2.6524200481523486,3.060159041643113,1,0.44852414832906606,-0.003110227655121591,0.2135981269317674,-3.0871058782611738,3.170712832789847,500,3.552713678800501e-15
driven_dt1e-3,214,5,-2.7189907205137063,0.0,1,0.029197209629098886,0.26056660855552727,0.0,-2.6897935108846074,0.0,500,3.552713678800501e-15
driven_dt1e-3,214,6,-2.9604741803555354,5.370695425996387,1,0.4442398403409356,-0.21834635883356363,0.052172561255130125,-2.987821475316482,5.814092720986398,500,3.552713678800501e-15
driven_dt1e-3,215,0,-0.9401735849314701,0.0,1,0.0035004382462388017,0.6260427788832997,0.0,-0.9366731466852313,0.0,500,8.881784197001252e-16
driven_dt1e-3,215,1,-1.7527488199044507,0.0,1,0.08771130488076828,0.39842736738616136,0.0,-1.840460124785219,0.0,500,8.881784197001252e-16
driven_dt1e-3,215,2,-2.2396104765324987,0.0,1,0.38676450989742567,0.27310494560685017,0.022733289972115517,-2.5888932591823957,0.1660973324907438,500,8.881784197001252e-16
driven_dt1e-3,215,3,-2.3174426658637897,0.0,1,0.3182353664719934,0.27310494560685017,0.022733289972115517,-2.5888932591823957,0.1660973324907438,500,8.881784197001252e-16
driven_dt1e-3,215,4,-2.6524200481523486,3.060159041643113,1,0.6656299431547037,0.07816061759391373,0.2180134357655949,-2.925479976226493,2.4531158002638214,500,8.881784197001252e-16
driven_dt1e-3,215,5,-2.7189907205137063,0.0,1,0.007039961495543423,0.2576958206075487,0.0,-2.711950759018163,0.0,500,8.881784197001252e-16
driven_dt1e-3,215,6,-2.9604741803555354,5.370695425996387,1,0.19260776834649232,-0.19088065523667486,0.11736878353488521,-2.991524022834223,5.180606868451582,500,8.881784197001252e-16
driven_dt1e-3,216,0,-0.9401735849314701,0.0,1,0.0007513438765202052,0.6251828446894421,0.0,-0.9394222410549499,0.0,500,4.884981308350689e-15
driven_dt1e-3,216,1,-1.7527488199044507,0.0,1,0.0029269811080703256,0.41568068379151946,0.0,-1.755675801012521,0.0,500,4.884981308350689e-15
driven_dt1e-3,216,2,-2.2396104765324987,0.0,1,0.2835330832823193,0.37604792010502897,0.0,-1.9560773932501794,0.0,500,4.884981308350689e-15
driven_dt1e-3,216,3,-2.3174426658637897,0.0,1,0.2474317377395603,0.2773604925373499,0.0,-2.56487440360335,0.0,500,4.884981308350689e-15
driven_dt1e-3,216,4,-2.6524200481523486,3.060159041643113,1,0.3766550617487534,0.03984813004196943,0.31126583877524805,-2.317959720632576,2.886938590032099,500,4.884981308350689e-15
driven_dt1e-3,216,5,-2.7189907205137063,0.0,1,0.15411631691035632,0.2773604925373499,0.0,-2.56487440360335,0.0,500,4.884981308350689e-15
driven_dt1e-3,216,6,-2.9604741803555354,5.370695425996387,1,0.27835585501653054,-0.23342219107962428,0.11777936396684811,-2.6829981721606404,5.348581021229125,500,4.884981308350689e-15
driven_dt1e-3,217,0,-0.9401735849314701,0.0,1,0.005425448581856229,0.6232550108390841,0.0,-0.9455990335133263,0.0,500,4.218847493575595e-15
driven_dt1e-3,217,1,-1.7527488199044507,0.0,1,0.036214343443251806,0.42389595702765004,0.0,-1.716534476461199,0.0,500,4.218847493575595e-15
driven_dt1e-3,217,2,-2.2396104765324987,0.0,1,0.1805747999778924,0.35717913716541666,0.0,-2.0590356765546063,0.0,500,4.218847493575595e-15
driven_dt1e-3,217,3,-2.3174426658637897,0.0,1,0.2584069893091834,0.35717913716541666,0.0,-2.0590356765546063,0.0,500,4.218847493575595e-15
driven_dt1e-3,217,4,-2.6524200481523486,3.060159041643113,1,0.08647780210530054,0.009960972396120683,0.2540587135366364,-2.738843728976573,3.063218069226529,500,4.218847493575595e-15
driven_dt1e-3,217,5,-2.7189907205137063,0.0,1,0.03577183121363836,0.2614245814190299,0.0,-2.683218889300068,0.0,500,4.218847493575595e-15
driven_dt1e-3,217,6,-2.9604741803555354,5.370695425996387,1,0.23412307333970744,-0.20744720906188435,0.07425696328216282,-3.0251931930310647,5.595695565703754,500,4.218847493575595e-15
driven_dt1e-3,218,0,-0.9401735849314701,0.0,1,0.010501417608900887,0.6216752048831334,0.0,-0.950675002540371,0.0,500,3.9968028886505635e-15
driven_dt1e-3,218,1,-1.7527488199044507,0.0,1,0.023932405009372992,0.4213008015449205,0.0,-1.7288164148950778,0.0,500,3.9968028886505635e-15
driven_dt1e-3,218,2,-2.2396104765324987,0.0,1,0.1285019431567922,0.34799948931726843,0.0,-2.1111085333757065,0.0,500,3.9968028886505635e-15
driven_dt1e-3,218,3,-2.3174426658637897,0.0,1,0.2063341324880832,0.34799948931726843,0.0,-2.1111085333757065,0.0,500,3.9968028886505635e-15
driven_dt1e-3,218,4,-2.6524200481523486,3.060159041643113,1,0.4602444911640779,0.0017008228540605487,0.2113935726985073,-3.108002486803952,3.1255014722616536,500,3.9968028886505635e-15
driven_dt1e-3,218,5,-2.7189907205137063,0.0,1,0.019915363403949282,0.2593601406872487,0.0,-2.699075357109757,0.0,500,3.9968028886505635e-15
driven_dt1e-3,218,6,-2.9604741803555354,5.370695425996387,1,0.3731097466379141,-0.17228298911989104,0.12598592208433068,-3.0888594579500537,5.020369715359576,500,3.9968028886505635e-15
driven_dt1e-3,219,0,-0.9401735849314701,0.0,1,0.011634912900571726,0.6285942286004793,0.0,-0.9285386720308983,0.0,500,4.440892098500626e-16
driven_dt1e-3,219,1,-1.7527488199044507,0.0,1,0.012985366895504669,0.41900110304221744,0.0,-1.739763453008946,0.0,500,4.440892098500626e-16
driven_dt1e-3,219,2,-2.2396104765324987,0.0,1,0.025763093327906272,0.33057434709417843,0.0,-2.2138473832045924,0.0,500,4.440892098500626e-16
driven_dt1e-3,219,3,-2.3174426658637897,0.0,1,0.10359528265919726,0.33057434709417843,0.0,-2.2138473832045924,0.0,500,4.440892098500626e-16
driven_dt1e-3,219,4,-2.6524200481523486,3.060159041643113,1,0.21553608705487665,0.038706446118132336,0.27384991021496874,-2.570569611697884,2.8607691951735874,500,4.440892098500626e-16
driven_dt1e-3,219,5,-2.7189907205137063,0.0,1,0.09690802766624884,0.24464444336607033,0.0,-2.815898748179955,0.0,500,4.440892098500626e-16
driven_dt1e-3,219,6,-2.9604741803555354,5.370695425996387,1,0.28313264701845753,-0.20010539430291707,0.1330894721025788,-2.8515457616275346,5.109355235055354,500,4.440892098500626e-16
driven_dt1e-3,220,0,-0.9401735849314701,0.0,1,0.011789686291231227,0.6286428753128139,0.0,-0.9283838986402388,0.0,500,8.881784197001252e-16
driven_dt1e-3,220,1,-1.7527488199044507,0.0,1,0.16915963648404686,0.38252769305433854,0.0,-1.9219084563884976,0.0,500,8.881784197001252e-16
driven_dt1e-3,220,2,-2.2396104765324987,0.0,1,0.06281833076363075,0.3162524779209109,0.0,-2.3024288072961294,0.0,500,8.881784197001252e-16
driven_dt1e-3,220,3,-2.3174426658637897,0.0,1,0.015013858567660243,0.3162524779209109,0.0,-2.3024288072961294,0.0,500,8.881784197001252e-16
driven_dt1e-3,220,4,-2.6524200481523486,3.060159041643113,1,0.6946765951614086,-0.07404267648677709,0.23840640735360583,-2.7754739523788396,3.7438499868220476,500,8.881784197001252e-16
driven_dt1e-3,220,5,-2.7189907205137063,0.0,1,0.12418238670186099,0.27324015908380783,0.0,-2.5948083338118453,0.0,500,8.881784197001252e-16
driven_dt1e-3,220,6,-2.9604741803555354,5.370695425996387,1,0.27429995442580796,-0.23348092976044646,0.08566922113374864,-2.7830017903540387,5.579846127131136,500,8.881784197001252e-16
driven_dt1e-3,221,0,-0.9401735849314701,0.0,1,0.015606048128333772,0.6298435848732743,0.0,-0.9245675368031363,0.0,500,3.552713678800501e-15
driven_dt1e-3,221,1,-1.7527488199044507,0.0,1,0.18624674711138622,0.4569181365560375,0.0,-1.5665020727930645,0.0,500,3.552713678800501e-15
driven_dt1e-3,221,2,-2.2396104765324987,0.0,1,0.2798340799072667,0.37535306161125503,0.0,-1.959776396625232,0.0,500,3.552713678800501e-15
driven_dt1e-3,221,3,-2.3174426658637897,0.0,1,0.3576662692385577,0.37535306161125503,0.0,-1.959776396625232,0.0,500,3.552713678800501e-15
driven_dt1e-3,221,4,-2.6524200481523486,3.060159041643113,1,0.6123092367674788,0.03757574501026865,0.3561363890753177,-2.0538122811557984,2.931351655511042,500,3.552713678800501e-15
driven_dt1e-3,221,5,-2.7189907205137063,0.0,1,0.01753187422987379,0.2545491603076276,0.0,-2.73652259474358,0.0,500,3.552713678800501e-15
driven_dt1e-3,221,6,-2.9604741803555354,5.370695425996387,1,0.052953949164288625,-0.20183854139881477,0.10577075582395815,-2.957930844385353,5.317802589295782,500,3.552713678800501e-15
driven_dt1e-3,222,0,-0.9401735849314701,0.0,1,0.006484040863528162,0.6229252116555074,0.0,-0.9466576257949982,0.0,500,1.6653345369377348e-15
driven_dt1e-3,222,1,-1.7527488199044507,0.0,1,0.08369236161032823,0.39922880083883383,0.0,-1.836441181514779,0.0,500,1.6653345369377348e-15
driven_dt1e-3,222,2,-2.2396104765324987,0.0,1,0.19795795665719057,0.3107652182570889,0.027464064226721745,-2.329655248753769,0.17629319782541156,500,1.6653345369377348e-15
driven_dt1e-3,222,3,-2.3174426658637897,0.0,1,0.17671570043534418,0.3107652182570889,0.027464064226721745,-2.329655248753769,0.17629319782541156,500,1.6653345369377348e-15
driven_dt1e-3,222,4,-2.6524200481523486,3.060159041643113,1,0.3074424704588949,0.04759498883764333,0.24979482928444785,-2.738570136724105,2.7650335854707473,500,1.6653345369377348e-15
driven_dt1e-3,222,5,-2.7189907205137063,0.0,1,0.07542114324968852,0.266658947138485,0.0,-2.6435695772640178,0.0,500,1.6653345369377348e-15
driven_dt1e-3,222,6,-2.9604741803555354,5.370695425996387,1,0.4141363845084671,-0.20870127649596004,0.05466833733501728,-3.0673389168679446,5.770806501903913,500,1.6653345369377348e-15
driven_dt1e-3,223,0,-0.9401735849314701,0.0,1,0.017136666273250944,0.6303257943791267,0.0,-0.9230369186582191,0.0,500,3.3306690738754696e-15
driven_dt1e-3,223,1,-1.7527488199044507,0.0,1,0.09632113482087812,0.3967158580421013,0.0,-1.8490699547253289,0.0,500,3.3306690738754696e-15
driven_dt1e-3,223,2,-2.2396104765324987,0.0,1,0.08092873208806889,0.3385255721466913,0.005702983704123899,-2.1660275224400074,0.033689887865719505,500,3.3306690738754696e-15
driven_dt1e-3,223,3,-2.3174426658637897,0.0,1,0.15511787196338567,0.3385255721466913,0.005702983704123899,-2.1660275224400074,0.033689887865719505,500,3.3306690738754696e-15
driven_dt1e-3,223,4,-2.6524200481523486,3.060159041643113,1,0.48562296742526717,0.042165959524685694,0.2156658508606413,-3.0305364247932656,2.755433472963906,500,3.3306690738754696e-15
driven_dt1e-3,223,5,-2.7189907205137063,0.0,1,0.009885167271323159,0.2580626803121089,0.0,-2.709105553242383,0.0,500,3.3306690738754696e-15
driven_dt1e-3,223,6,-2.9604741803555354,5.370695425996387,1,0.3780389033516021,-0.21369378660629518,0.058927201362050007,-3.0131338160749226,5.745048701944633,500,3.3306690738754696e-15
driven_dt1e-3,224,0,-0.9401735849314701,0.0,1,0.01711527916780864,0.6303190539930524,0.0,-0.9230583057636614,0.0,500,1.2212453270876722e-15
driven_dt1e-3,224,1,-1.7527488199044507,0.0,1,0.06821200755855483,0.4307323384926317,0.0,-1.684536812345896,0.0,500,1.2212453270876722e-15
driven_dt1e-3,224,2,-2.2396104765324987,0.0,1,0.08743084750565044,0.31238444255422027,0.0,-2.327041324038149,0.0,500,1.2212453270876722e-15
driven_dt1e-3,224,3,-2.3174426658637897,0.0,1,0.009598658174359453,0.31238444255422027,0.0,-2.327041324038149,0.0,500,1.2212453270876722e-15
driven_dt1e-3,224,4,-2.6524200481523486,3.060159041643113,1,0.3297621720257819,-0.028061774555109865,0.2894784384515901,-2.4699956195803714,3.334866919140918,500,1.2212453270876722e-15
driven_dt1e-3,224,5,-2.7189907205137063,0.0,1,0.21878866812183606,0.2500788553462173,0.0269666158562068,-2.7603972252784055,0.21483477991632985,500,1.2212453270876722e-15
driven_dt1e-3,224,6,-2.9604741803555354,5.370695425996387,1,0.38495836605783235,-0.1678275924556767,0.12048506981196096,-3.1539603551660313,5.0378951198740545,500,1.2212453270876722e-15
driven_dt1e-3,225,0,-0.9401735849314701,0.0,1,0.0033050912938153987,0.6239161228778638,0.0,-0.9434786762252855,0.0,500,1.3322676295501878e-15
driven_dt1e-3,225,1,-1.7527488199044507,0.0,1,0.04996300657203978,0.40601876012712984,0.0,-1.8027118264764905,0.0,500,1.3322676295501878e-15
driven_dt1e-3,225,2,-2.2396104765324987,0.0,1,0.043185721316211456,0.33346666367835154,0.0,-2.196424755216287,0.0,500,1.3322676295501878e-15
driven_dt1e-3,225,3,-2.3174426658637897,0.0,1,0.12101791064750245,0.33346666367835154,0.0,-2.196424755216287,0.0,500,1.3322676295501878e-15
driven_dt1e-3,225,4,-2.6524200481523486,3.060159041643113,1,0.5837558842054227,0.03689740459795221,0.2021386672668957,-3.164826673670357,2.780497849359124,500,1.3322676295501878e-15
driven_dt1e-3,225,5,-2.7189907205137063,0.0,1,0.06539605836712825,0.2485295841961272,0.0,-2.7843867788808345,0.0,500,1.3322676295501878e-15
driven_dt1e-3,225,6,-2.9604741803555354,5.370695425996387,1,0.21917713473795605,-0.19324054600624258,0.12268719617027346,-2.948962115368089,5.151820830047782,500,1.3322676295501878e-15
driven_dt1e-3,226,0,-0.9401735849314701,0.0,1,0.00905853704323134,0.6221238682412258,0.0,-0.9492321219747014,0.0,500,0.0
driven_dt1e-3,226,1,-1.7527488199044507,0.0,1,0.21661248964697233,0.46390839763820235,0.0,-1.5361363302574784,0.0,500,0.0
driven_dt1e-3,226,2,-2.2396104765324987,0.0,1,0.10834357829510566,0.3445095563591943,0.0,-2.131266898237393,0.0,500,0.0
driven_dt1e-3,226,3,-2.3174426658637897,0.0,1,0.18617576762639665,0.3445095563591943,0.0,-2.131266898237393,0.0,500,0.0
driven_dt1e-3,226,4,-2.6524200481523486,3.060159041643113,1,0.3954805286681264,-0.016687959836200653,0.315563506174238,-2.303997946276635,3.247260317641249,500,0.0
driven_dt1e-3,226,5,-2.7189907205137063,0.0,1,0.08458960579669617,0.24615591003958268,0.0,-2.8035803263104024,0.0,500,0.0
driven_dt1e-3,226,6,-2.9604741803555354,5.370695425996387,1,0.2594526369831023,-0.17715593060726736,0.09453106740415354,-3.2108990626494034,5.302849651142032,500,0.0
driven_dt1e-3,227,0,-0.9401735849314701,0.0,1,0.006589951211516842,0.6228922254159425,0.0,-0.9467635361429869,0.0,500,1.1102230246251565e-15
driven_dt1e-3,227,1,-1.7527488199044507,0.0,1,0.2178011088212839,0.46418418478983753,0.0,-1.5349477110831669,0.0,500,1.1102230246251565e-15
driven_dt1e-3,227,2,-2.2396104765324987,0.0,1,0.21918571009293022,0.3615568788200648,0.013387477550839222,-2.033301734779522,0.07402079832888592,500,1.1102230246251565e-15
driven_dt1e-3,227,3,-2.3174426658637897,0.0,1,0.29362415994376245,0.3615568788200648,0.013387477550839222,-2.033301734779522,0.07402079832888592,500,1.1102230246251565e-15
driven_dt1e-3,227,4,-2.6524200481523486,3.060159041643113,1,0.1879622877407867,-0.011717115471612676,0.2772214327880022,-2.5640925479315753,3.2260749068203154,500,1.1102230246251565e-15
driven_dt1e-3,227,5,-2.7189907205137063,0.0,1,0.058711034137355345,0.24936168722472277,0.0,-2.7777017546510616,0.0,500,1.1102230246251565e-15
driven_dt1e-3,227,6,-2.9604741803555354,5.370695425996387,1,0.34998641041056155,-0.24732569886571515,0.09787620411129387,-2.6486062385687874,5.5295314243020846,500,1.1102230246251565e-15
driven_dt1e-3,228,0,-0.9401735849314701,0.0,1,0.002648334985075218,0.6241210369455865,0.0,-0.9428219199165453,0.0,500,4.6629367034256575e-15
driven_dt1e-3,228,1,-1.7527488199044507,0.0,1,0.007466672288670706,0.41784652714892606,0.0,-1.74528214761578,0.0,500,4.6629367034256575e-15
driven_dt1e-3,228,2,-2.2396104765324987,0.0,1,0.045995953544764996,0.3321274242195398,0.004886518350569501,-2.20425670909633,0.02942344083484265,500,4.6629367034256575e-15
driven_dt1e-3,228,3,-2.3174426658637897,0.0,1,0.11694785025782525,0.3321274242195398,0.004886518350569501,-2.20425670909633,0.02942344083484265,500,4.6629367034256575e-15
driven_dt1e-3,228,4,-2.6524200481523486,3.060159041643113,1,0.2088307445907074,0.0384257752681329,0.27049101551405863,-2.5950528696316866,2.8593624114052334,500,4.6629367034256575e-15
driven_dt1e-3,228,5,-2.7189907205137063,0.0,1,0.0009664298958598216,0.25691444577942596,0.0,-2.7180242906178465,0.0,500,4.6629367034256575e-15
driven_dt1e-3,228,6,-2.9604741803555354,5.370695425996387,1,0.4695310878998512,-0.23404692764562463,0.054261922521162395,-2.852111341864376,5.827550914896933,500,4.6629367034256575e-15
driven_dt1e-3,229,0,-0.9401735849314701,0.0,1,0.0025312616140786837,0.6257394793609242,0.0,-0.9376423233173914,0.0,500,8.215650382226158e-15
driven_dt1e-3,229,1,-1.7527488199044507,0.0,1,0.008642222955641321,0.41449452158006356,0.0,-1.761391042860092,0.0,500,8.215650382226158e-15
driven_dt1e-3,229,2,-2.2396104765324987,0.0,1,0.047324438039729966,0.3187119834322084,0.0,-2.2869349145722286,0.0,500,8.215650382226158e-15
driven_dt1e-3,229,3,-2.3174426658637897,0.0,1,0.030507751291561025,0.3187119834322084,0.0,-2.2869349145722286,0.0,500,8.215650382226158e-15
driven_dt1e-3,229,4,-2.6524200481523486,3.060159041643113,1,0.44957475498819754,-0.04028179554181867,0.23989338587568984,-2.827315954033061,3.4743194965743665,500,8.215650382226158e-15
driven_dt1e-3,229,5,-2.7189907205137063,0.0,1,0.06696563840843117,0.2483346171727072,0.0,-2.7859563589221374,0.0,500,8.215650382226158e-15
driven_dt1e-3,229,6,-2.9604741803555354,5.370695425996387,1,0.40856995679544983,-0.24457883825055182,0.0720481570832706,-2.733218096338051,5.710230522669579,500,8.215650382226158e-15
driven_dt1e-3,230,0,-0.9401735849314701,0.0,1,0.003921496692537496,0.6261745930580773,0.0,-0.9362520882389326,0.0,500,2.220446049250313e-15
driven_dt1e-3,230,1,-1.7527488199044507,0.0,1,0.09386094282613389,0.3972041568968344,0.0,-1.8466097627305846,0.0,500,2.220446049250313e-15
driven_dt1e-3,230,2,-2.2396104765324987,0.0,1,0.2020796980006354,0.2949807770621809,0.0,-2.441690174533134,0.0,500,2.220446049250313e-15
driven_dt1e-3,230,3,-2.3174426658637897,0.0,1,0.12424750866934442,0.2949807770621809,0.0,-2.441690174533134,0.0,500,2.220446049250313e-15
driven_dt1e-3,230,4,-2.6524200481523486,3.060159041643113,1,0.9326750578655582,-0.07646250481293555,0.19802640787489567,-3.099738753929198,3.8785652604774072,500,2.220446049250313e-15
driven_dt1e-3,230,5,-2.7189907205137063,0.0,1,0.05653829637510599,0.24963273320316934,0.0,-2.7755290168888123,0.0,500,2.220446049250313e-15
driven_dt1e-3,230,6,-2.9604741803555354,5.370695425996387,1,0.2045220454080751,-0.21398657761116935,0.12247627412474094,-2.8003185753911346,5.243496961947526,500,2.220446049250313e-15
driven_dt1e-3,231,0,-0.9401735849314701,0.0,1,0.0016989002759056904,0.6254791128692384,0.0,-0.9384746846555644,0.0,500,2.886579864025407e-15
driven_dt1e-3,231,1,-1.7527488199044507,0.0,1,0.025401901251876524,0.4145342344544872,0.004975763363477539,-1.7610553633545494,0.024005372796974216,500,2.886579864025407e-15
driven_dt1e-3,231,2,-2.2396104765324987,0.0,1,0.16998571739101598,0.35529303490365316,0.0,-2.0696247591414827,0.0,500,2.886579864025407e-15
driven_dt1e-3,231,3,-2.3174426658637897,0.0,1,0.24781790672230697,0.35529303490365316,0.0,-2.0696247591414827,0.0,500,2.886579864025407e-15
driven_dt1e-3,231,4,-2.6524200481523486,3.060159041643113,1,0.10595114514026385,0.02048651064437594,0.27586370738091515,-2.570196833223386,2.993338475323462,500,2.886579864025407e-15
driven_dt1e-3,231,5,-2.7189907205137063,0.0,1,0.005145252125504651,0.25613055441347726,0.0,-2.724135972639211,0.0,500,2.886579864025407e-15
driven_dt1e-3,231,6,-2.9604741803555354,5.370695425996387,1,0.2706614242231702,-0.22720495879383007,0.07844200550662238,-2.851194942330093,5.618315406408093,500,2.886579864025407e-15
driven_dt1e-3,232,0,-0.9401735849314701,0.0,1,0.008196971827442723,0.62239192611681,0.0,-0.9483705567589128,0.0,500,0.0
driven_dt1e-3,232,1,-1.7527488199044507,0.0,1,0.023320046003153738,0.42117182762043737,0.0,-1.729428773901297,0.0,500,0.0
driven_dt1e-3,232,2,-2.2396104765324987,0.0,1,0.01604271365583987,0.3289715910167266,0.0,-2.223567762876659,0.0,500,0.0
driven_dt1e-3,232,3,-2.3174426658637897,0.0,1,0.09387490298713086,0.3289715910167266,0.0,-2.223567762876659,0.0,500,0.0
driven_dt1e-3,232,4,-2.6524200481523486,3.060159041643113,1,0.7759374917956006,-0.006132128553801627,0.18131391155271812,-3.413907690802438,3.2092078969398163,500,0.0
driven_dt1e-3,232,5,-2.7189907205137063,0.0,1,0.006276279825787601,0.25759744060421,0.0,-2.7127144406879187,0.0,500,0.0
driven_dt1e-3,232,6,-2.9604741803555354,5.370695425996387,1,0.5068744735760545,-0.15281517262159242,0.11067912206950577,-3.3353437712305976,5.029529012350252,500,0.0
driven_dt1e-3,233,0,-0.9401735849314701,0.0,1,0.004018842333839867,0.626205071483471,0.0,-0.9361547425976302,0.0,500,1.1102230246251565e-16
driven_dt1e-3,233,1,-1.7527488199044507,0.0,1,0.1215877888476633,0.39173554209447575,0.0,-1.874336608752114,0.0,500,1.1102230246251565e-16
driven_dt1e-3,233,2,-2.2396104765324987,0.0,1,0.13495426882949646,0.30504914851612336,0.0,-2.374564745361995,0.0,500,1.1102230246251565e-16
driven_dt1e-3,233,3,-2.3174426658637897,0.0,1,0.05712207949820547,0.30504914851612336,0.0,-2.374564745361995,0.0,500,1.1102230246251565e-16
driven_dt1e-3,233,4,-2.6524200481523486,3.060159041643113,1,0.7313349970238905,0.06859797761606178,0.20069636184178044,-3.1014325760541492,2.4828907957996678,500,1.1102230246251565e-16
driven_dt1e-3,233,5,-2.7189907205137063,0.0,1,0.004749137329449482,0.25618128798855383,0.0,-2.7237398578431558,0.0,500,1.1102230246251565e-16
driven_dt1e-3,233,6,-2.9604741803555354,5.370695425996387,1,0.32510350780630826,-0.18066125064157237,0.12801235692640692,-3.015411627860289,5.050267325403401,500,1.1102230246251565e-16
driven_dt1e-3,234,0,-0.9401735849314701,0.0,1,0.00032632062352500046,0.6248460667521177,0.0,-0.9404999055549951,0.0,500,4.440892098500626e-16
driven_dt1e-3,234,1,-1.7527488199044507,0.0,1,0.10447473322961187,0.3951018194388045,0.0,-1.8572235531340626,0.0,500,4.440892098500626e-16
driven_dt1e-3,234,2,-2.2396104765324987,0.0,1,0.03639463006656207,0.3323362826237779,0.0,-2.2032158464659366,0.0,500,4.440892098500626e-16
driven_dt1e-3,234,3,-2.3174426658637897,0.0,1,0.11422681939785306,0.3323362826237779,0.0,-2.2032158464659366,0.0,500,4.440892098500626e-16
driven_dt1e-3,234,4,-2.6524200481523486,3.060159041643113,1,0.39761878000903284,0.049273568943354565,0.23333531218891068,-2.8669301272694314,2.725366389135543,500,4.440892098500626e-16
driven_dt1e-3,234,5,-2.7189907205137063,0.0,1,0.05372239742753848,0.2637815022422756,0.0,-2.665268323086168,0.0,500,4.440892098500626e-16
driven_dt1e-3,234,6,-2.9604741803555354,5.370695425996387,1,0.502866254402399,-0.1753944847296391,0.14993479873745902,-2.932876370737151,4.868587040564551,500,4.440892098500626e-16
driven_dt1e-3,235,0,-0.9401735849314701,0.0,1,0.0034380475028368274,0.6238746474952589,0.0,-0.9436116324343069,0.0,500,3.3306690738754696e-16
driven_dt1e-3,235,1,-1.7527488199044507,0.0,1,0.20979518442722012,0.37483400581681275,0.0,-1.9625440043316709,0.0,500,3.3306690738754696e-16
driven_dt1e-3,235,2,-2.2396104765324987,0.0,1,0.2678274621277428,0.2854412731395598,0.0,-2.5074379386602414,0.0,500,3.3306690738754696e-16
driven_dt1e-3,235,3,-2.3174426658637897,0.0,1,0.1899952727964518,0.2854412731395598,0.0,-2.5074379386602414,0.0,500,3.3306690738754696e-16
driven_dt1e-3,235,4,-2.6524200481523486,3.060159041643113,1,0.32731777510714755,0.0155992497124821,0.22542240780564282,-2.9747813150095315,3.0034127683617307,500,3.3306690738754696e-16
driven_dt1e-3,235,5,-2.7189907205137063,0.0,1,0.21155278185346482,0.2854412731395598,0.0,-2.5074379386602414,0.0,500,3.3306690738754696e-16
driven_dt1e-3,235,6,-2.9604741803555354,5.370695425996387,1,0.3458933267971194,-0.22568743742825284,0.0664949725311676,-2.893962984510761,5.710133865702436,500,3.3306690738754696e-16
driven_dt1e-3,236,0,-0.9401735849314701,0.0,1,0.006460110631049565,0.6269699054740332,0.0,-0.9337134743004205,0.0,500,2.6645352591003757e-15
driven_dt1e-3,236,1,-1.7527488199044507,0.0,1,0.014693018234485322,0.41324240586194516,0.0,-1.767441838138936,0.0,500,2.6645352591003757e-15
driven_dt1e-3,236,2,-2.2396104765324987,0.0,1,0.0961989678254227,0.31101792799476735,0.0,-2.3358094443579214,0.0,500,2.6645352591003757e-15
driven_dt1e-3,236,3,-2.3174426658637897,0.0,1,0.018366778494131708,0.31101792799476735,0.0,-2.3358094443579214,0.0,500,2.6645352591003757e-15
driven_dt1e-3,236,4,-2.6524200481523486,3.060159041643113,1,0.5306953905816705,0.07967258846433165,0.25215878265472536,-2.660235183340388,2.5295211978676955,500,2.6645352591003757e-15
driven_dt1e-3,236,5,-2.7189907205137063,0.0,1,0.12725811102615586,0.25417316016397506,0.016057507112845718,-2.735495826941175,0.12618323297397063,500,2.6645352591003757e-15
driven_dt1e-3,236,6,-2.9604741803555354,5.370695425996387,1,0.14043814793398238,-0.2205351280396066,0.10343422174675294,-2.824566361427476,5.4060781640100695,500,2.6645352591003757e-15
driven_dt1e-3,237,0,-0.9401735849314701,0.0,1,0.0035986214966083896,0.6238245604840731,0.0,-0.9437722064280785,0.0,500,6.8833827526759706e-15
driven_dt1e-3,237,1,-1.7527488199044507,0.0,1,0.23250050864223215,0.3748793695542151,0.019964110004347325,-1.9594699167375345,0.10640899700224361,500,6.8833827526759706e-15
driven_dt1e-3,237,2,-2.2396104765324987,0.0,1,0.2996691640547279,0.3748793695542151,0.019964110004347325,-1.9594699167375345,0.10640899700224361,500,6.8833827526759706e-15
driven_dt1e-3,237,3,-2.3174426658637897,0.0,1,0.3734532952860804,0.3748793695542151,0.019964110004347325,-1.9594699167375345,0.10640899700224361,500,6.8833827526759706e-15
driven_dt1e-3,237,4,-2.6524200481523486,3.060159041643113,1,0.08510450143207833,0.000609478742656873,0.2606460978734606,-2.6891780094535407,3.1369159855959743,500,6.8833827526759706e-15
driven_dt1e-3,237,5,-2.7189907205137063,0.0,1,0.009829680910535377,0.2555313437564172,0.0,-2.7288204014242416,0.0,500,6.8833827526759706e-15
driven_dt1e-3,237,6,-2.9604741803555354,5.370695425996387,1,0.37959550141141324,-0.1776737125146611,0.13355128375526287,-3.0077260418734078,4.994052350559073,500,6.8833827526759706e-15
driven_dt1e-3,238,0,-0.9401735849314701,0.0,1,0.012523125648698175,0.6288734533022458,0.0,-0.9276504592827719,0.0,500,8.881784197001252e-16
driven_dt1e-3,238,1,-1.7527488199044507,0.0,1,0.14337415325273106,0.4472277379104381,0.0,-1.6093746666517197,0.0,500,8.881784197001252e-16
driven_dt1e-3,238,2,-2.2396104765324987,0.0,1,0.0553071725200982,0.3354938505306475,0.0,-2.1843033040124005,0.0,500,8.881784197001252e-16
driven_dt1e-3,238,3,-2.3174426658637897,0.0,1,0.1331393618513892,0.3354938505306475,0.0,-2.1843033040124005,0.0,500,8.881784197001252e-16
driven_dt1e-3,238,4,-2.6524200481523486,3.060159041643113,1,0.35968804919163994,-0.01964689309736918,0.2324598551415056,-2.9109576775136023,3.3102266063842256,500,8.881784197001252e-16
driven_dt1e-3,238,5,-2.7189907205137063,0.0,1,0.0012394658842893591,0.25663123874353516,0.0,-2.7202301863979956,0.0,500,8.881784197001252e-16
driven_dt1e-3,238,6,-2.9604741803555354,5.370695425996387,1,0.2960085989954828,-0.22579433856590223,0.07343451535383819,-2.8757168626372875,5.654310107866837,500,8.881784197001252e-16
driven_dt1e-3,239,0,-0.9401735849314701,0.0,1,0.012201802827171648,0.6287724257218807,0.0,-0.9279717821042984,0.0,500,1.1102230246251565e-15
driven_dt1e-3,239,1,-1.7527488199044507,0.0,1,0.2237061385371446,0.46555672071152454,0.0,-1.5290426813673061,0.0,500,1.1102230246251565e-15
driven_dt1e-3,239,2,-2.2396104765324987,0.0,1,0.17981510202144735,0.35704348879969955,0.0,-2.0597953745110513,0.0,500,1.1102230246251565e-15
driven_dt1e-3,239,3,-2.3174426658637897,0.0,1,0.25764729135273834,0.35704348879969955,0.0,-2.0597953745110513,0.0,500,1.1102230246251565e-15
driven_dt1e-3,239,4,-2.6524200481523486,3.060159041643113,1,0.22012595338579297,-0.012333368709693815,0.28478365642168185,-2.510177161061483,3.2281542690338325,500,1.1102230246251565e-15
driven_dt1e-3,239,5,-2.7189907205137063,0.0,1,0.008441749673675059,0.2557087352681013,0.0,-2.7274324701873813,0.0,500,1.1102230246251565e-15
driven_dt1e-3,239,6,-2.9604741803555354,5.370695425996387,1,0.5431683123460088,-0.16550133201502815,0.14704761046460008,-3.015655619037532,4.830337373995867,500,1.1102230246251565e-15
driven_dt1e-3,240,0,-0.9401735849314701,0.0,1,0.0003729974121616797,0.6248314840183931,0.0,-0.9405465823436318,0.0,500,0.0
driven_dt1e-3,240,1,-1.7527488199044507,0.0,1,0.024349652883229433,0.4213887041457443,0.0,-1.7283991670212213,0.0,500,0.0
driven_dt1e-3,240,2,-2.2396104765324987,0.0,1,0.01883691440385471,0.3294315185572327,0.0,-2.220773562128644,0.0,500,0.0
driven_dt1e-3,240,3,-2.3174426658637897,0.0,1,0.0966691037351457,0.3294315185572327,0.0,-2.220773562128644,0.0,500,0.0
driven_dt1e-3,240,4,-2.6524200481523486,3.060159041643113,1,0.4102331170317335,0.05822803745621749,0.2423085308436419,-2.7789460317278234,2.6699252837622365,500,0.0
driven_dt1e-3,240,5,-2.7189907205137063,0.0,1,0.23659804551400443,0.2332222435991358,0.016885401104625025,-2.9062987515296723,0.14454873454295203,500,0.0
driven_dt1e-3,240,6,-2.9604741803555354,5.370695425996387,1,0.418132125243801,-0.20245322131481358,0.05469071040827326,-3.1240571152313175,5.755500698281375,500,0.0
driven_dt1e-3,241,0,-0.9401735849314701,0.0,1,0.003769795636582529,0.6237711714524933,0.0,-0.9439433805680526,0.0,500,4.884981308350689e-15
driven_dt1e-3,241,1,-1.7527488199044507,0.0,1,0.07187239514966959,0.40159522222436755,0.0,-1.8246212150541203,0.0,500,4.884981308350689e-15
driven_dt1e-3,241,2,-2.2396104765324987,0.0,1,0.05038734772626441,0.3346695792818199,0.0,-2.1892231288062343,0.0,500,4.884981308350689e-15
driven_dt1e-3,241,3,-2.3174426658637897,0.0,1,0.1282195370575554,0.3346695792818199,0.0,-2.1892231288062343,0.0,500,4.884981308350689e-15
driven_dt1e-3,241,4,-2.6524200481523486,3.060159041643113,1,0.4356835725871668,0.028734448157292175,0.21596252182771392,-3.047752582782484,2.8770406032344433,500,4.884981308350689e-15
driven_dt1e-3,241,5,-2.7189907205137063,0.0,1,0.05580755338348897,0.2640566584384821,0.0,-2.6631831671302173,0.0,500,4.884981308350689e-15
driven_dt1e-3,241,6,-2.9604741803555354,5.370695425996387,1,0.4282781442160398,-0.1818143665835443,0.06154703626087668,-3.3010488826420796,5.6303703015149225,500,4.884981308350689e-15
driven_dt1e-3,242,0,-0.9401735849314701,0.0,1,0.009400759073615372,0.6220174251016124,0.0,-0.9495743440050854,0.0,500,1.7763568394002505e-15
driven_dt1e-3,242,1,-1.7527488199044507,0.0,1,0.11667248808471475,0.3926994751189407,0.0,-1.8694213079891655,0.0,500,1.7763568394002505e-15
driven_dt1e-3,242,2,-2.2396104765324987,0.0,1,0.1583460034440609,0.3015021173896601,0.0,-2.3979564799765596,0.0,500,1.7763568394002505e-15
driven_dt1e-3,242,3,-2.3174426658637897,0.0,1,0.08051381411276992,0.3015021173896601,0.0,-2.3979564799765596,0.0,500,1.7763568394002505e-15
driven_dt1e-3,242,4,-2.6524200481523486,3.060159041643113,1,0.4760480954458098,-0.03581709416666684,0.22909407955657785,-2.9230960985461576,3.451766325692824,500,1.7763568394002505e-15
driven_dt1e-3,242,5,-2.7189907205137063,0.0,1,0.19348612869738213,0.2828744000567836,0.0,-2.525504591816324,0.0,500,1.7763568394002505e-15
driven_dt1e-3,242,6,-2.9604741803555354,5.370695425996387,1,0.6094800206515439,-0.16899526852010738,0.05035185133000182,-3.470717579908297,5.704038445701686,500,1.7763568394002505e-15
driven_dt1e-3,243,0,-0.9401735849314701,0.0,1,0.0011970445116489259,0.6253221824100679,0.0,-0.9389765404198211,0.0,500,1.5543122344752192e-15
driven_dt1e-3,243,1,-1.7527488199044507,0.0,1,0.1740125573279816,0.3816006299426668,0.0,-1.9267613772324323,0.0,500,1.5543122344752192e-15
driven_dt1e-3,243,2,-2.2396104765324987,0.0,1,0.11339057314347872,0.3378181536833018,0.014933861970521052,-2.168542735509996,0.08835608787041835,500,1.5543122344752192e-15
driven_dt1e-3,243,3,-2.3174426658637897,0.0,1,0.17314152454893567,0.3378181536833018,0.014933861970521052,-2.168542735509996,0.08835608787041835,500,1.5543122344752192e-15
driven_dt1e-3,243,4,-2.6524200481523486,3.060159041643113,1,0.44620873156352464,0.0456481714341089,0.2229240143013261,-2.960773095017906,2.7376367468908636,500,1.5543122344752192e-15
driven_dt1e-3,243,5,-2.7189907205137063,0.0,1,0.07022261971824939,0.24793053568011966,0.0,-2.7892133402319557,0.0,500,1.5543122344752192e-15
driven_dt1e-3,243,6,-2.9604741803555354,5.370695425996387,1,0.4046924501189693,-0.192721098003873,0.058544520677860826,-3.2047539467026933,5.693345972155343,500,1.5543122344752192e-15
driven_dt1e-3,244,0,-0.9401735849314701,0.0,1,0.011905176764056224,0.6286791774923968,0.0,-0.9282684081674138,0.0,500,1.9984014443252818e-15
driven_dt1e-3,244,1,-1.7527488199044507,0.0,1,0.007347312947500573,0.4178215909499302,0.0,-1.7454015069569502,0.0,500,1.9984014443252818e-15
driven_dt1e-3,244,2,-2.2396104765324987,0.0,1,0.13676034092826272,0.34943941925340377,0.0,-2.102850135604236,0.0,500,1.9984014443252818e-15
driven_dt1e-3,244,3,-2.3174426658637897,0.0,1,0.21459253025955372,0.34943941925340377,0.0,-2.102850135604236,0.0,500,1.9984014443252818e-15
driven_dt1e-3,244,4,-2.6524200481523486,3.060159041643113,1,0.31474701083194,0.0526779357789394,0.2741756575783702,-2.551722884528154,2.761954812857397,500,1.9984014443252818e-15
driven_dt1e-3,244,5,-2.7189907205137063,0.0,1,0.015632636934416855,0.2588053506329261,0.0,-2.7033580835792894,0.0,500,1.9984014443252818e-15
driven_dt1e-3,244,6,-2.9604741803555354,5.370695425996387,1,0.3156104950595691,-0.1936457552198531,0.1352333026497843,-2.8862193472145594,5.06394437979287,500,1.9984014443252818e-15
driven_dt1e-3,245,0,-0.9401735849314701,0.0,1,0.0004889926574243031,0.6251008413272491,0.0,-0.9396845922740458,0.0,500,3.3306690738754696e-16
driven_dt1e-3,245,1,-1.7527488199044507,0.0,1,0.12231908075223319,0.4425442278540732,0.0,-1.6304297391522176,0.0,500,3.3306690738754696e-16
driven_dt1e-3,245,2,-2.2396104765324987,0.0,1,0.1930036451232211,0.3040178418300593,0.0206798443724508,-2.3767214827824215,0.13583438075827453,500,3.3306690738754696e-16
driven_dt1e-3,245,3,-2.3174426658637897,0.0,1,0.14820579317711088,0.3040178418300593,0.0206798443724508,-2.3767214827824215,0.13583438075827453,500,3.3306690738754696e-16
driven_dt1e-3,245,4,-2.6524200481523486,3.060159041643113,1,0.19178620767753246,0.03610615157090302,0.2626715880779659,-2.654983233157559,2.868389962962637,500,3.3306690738754696e-16
driven_dt1e-3,245,5,-2.7189907205137063,0.0,1,0.017164293828148658,0.2545959482483807,0.0,-2.736155014341855,0.0,500,3.3306690738754696e-16
driven_dt1e-3,245,6,-2.9604741803555354,5.370695425996387,1,0.2655096059072832,-0.1904986764823752,0.12722917440281553,-2.947380137480885,5.105508893777578,500,3.3306690738754696e-16
driven_dt1e-3,246,0,-0.9401735849314701,0.0,1,0.011797063492049675,0.6286451941294576,0.0,-0.9283765214394204,0.0,500,1.6653345369377348e-15
driven_dt1e-3,246,1,-1.7527488199044507,0.0,1,0.1956895252547617,0.3774869907109941,0.0,-1.9484383451592124,0.0,500,1.6653345369377348e-15
driven_dt1e-3,246,2,-2.2396104765324987,0.0,1,0.03481394960108375,0.3320737276563652,0.0,-2.204796526931415,0.0,500,1.6653345369377348e-15
driven_dt1e-3,246,3,-2.3174426658637897,0.0,1,0.11264613893237474,0.3320737276563652,0.0,-2.204796526931415,0.0,500,1.6653345369377348e-15
driven_dt1e-3,246,4,-2.6524200481523486,3.060159041643113,1,0.30561714181098326,-0.012211370969264999,0.23479193176305854,-2.8954097890540074,3.2455176756078123,500,1.6653345369377348e-15
driven_dt1e-3,246,5,-2.7189907205137063,0.0,1,0.002587294155157238,0.25645834958691854,0.0,-2.7215780146688635,0.0,500,1.6653345369377348e-15
driven_dt1e-3,246,6,-2.9604741803555354,5.370695425996387,1,0.3658844772956423,-0.2172466177366593,0.06094540292364084,-2.977687365523123,5.736174778330129,500,1.6653345369377348e-15
driven_dt1e-3,247,0,-0.9401735849314701,0.0,1,0.0017160208852498027,0.6254844671839278,0.0,-0.9384575640462203,0.0,500,4.218847493575595e-15
driven_dt1e-3,247,1,-1.7527488199044507,0.0,1,0.12498500923323497,0.39107070092264734,0.0,-1.8777338291376857,0.0,500,4.218847493575595e-15
driven_dt1e-3,247,2,-2.2396104765324987,0.0,1,0.20589582953176366,0.36172995597703633,0.0,-2.033714647000735,0.0,500,4.218847493575595e-15
driven_dt1e-3,247,3,-2.3174426658637897,0.0,1,0.28372801886305465,0.36172995597703633,0.0,-2.033714647000735,0.0,500,4.218847493575595e-15
driven_dt1e-3,247,4,-2.6524200481523486,3.060159041643113,1,0.43685683117973956,-0.04354658985163684,0.2934865512551933,-2.4300701018327313,3.4361967954924664,500,4.218847493575595e-15
driven_dt1e-3,247,5,-2.7189907205137063,0.0,1,0.02245134020940176,0.2596892149248377,0.0,-2.6965393803043045,0.0,500,4.218847493575595e-15
driven_dt1e-3,247,6,-2.9604741803555354,5.370695425996387,1,0.3632739079114023,-0.2418619412963814,0.12559015546031974,-2.6000470221083645,5.325306046543802,500,4.218847493575595e-15
driven_dt1e-3,248,0,-0.9401735849314701,0.0,1,0.009166743450784387,0.6278189685315028,0.0,-0.9310068414806857,0.0,500,3.1086244689504383e-15
driven_dt1e-3,248,1,-1.7527488199044507,0.0,1,0.00622242854687971,0.4149963208445048,0.0,-1.7589712484513305,0.0,500,3.1086244689504383e-15
driven_dt1e-3,248,2,-2.2396104765324987,0.0,1,0.04243795558788843,0.31949162572859013,0.0,-2.282048432120387,0.0,500,3.1086244689504383e-15
driven_dt1e-3,248,3,-2.3174426658637897,0.0,1,0.03539423374340256,0.31949162572859013,0.0,-2.282048432120387,0.0,500,3.1086244689504383e-15
driven_dt1e-3,248,4,-2.6524200481523486,3.060159041643113,1,0.19116053884018502,-0.006405422742863178,0.2477985318582109,-2.789610504979064,3.193279776937608,500,3.1086244689504383e-15
driven_dt1e-3,248,5,-2.7189907205137063,0.0,1,0.0478484079529089,0.2630079139268716,0.0,-2.6711423125607974,0.0,500,3.1086244689504383e-15
driven_dt1e-3,248,6,-2.9604741803555354,5.370695425996387,1,0.33222598078921545,-0.16951498038424578,0.09627336965357931,-3.27006674872932,5.250169312979001,500,3.1086244689504383e-15
driven_dt1e-3,249,0,-0.9401735849314701,0.0,1,0.004196409412386082,0.6262606706541372,0.0,-0.935977175519084,0.0,500,1.5543122344752192e-15
driven_dt1e-3,249,1,-1.7527488199044507,0.0,1,0.07385190465285119,0.4011979380843196,0.0,-1.826600724557302,0.0,500,1.5543122344752192e-15
driven_dt1e-3,249,2,-2.2396104765324987,0.0,1,0.07441388836100238,0.31442422104515133,0.0,-2.314024364893501,0.0,500,1.5543122344752192e-15
driven_dt1e-3,249,3,-2.3174426658637897,0.0,1,0.0034183009702886125,0.31442422104515133,0.0,-2.314024364893501,0.0,500,1.5543122344752192e-15
driven_dt1e-3,249,4,-2.6524200481523486,3.060159041643113,1,0.4153879926848134,-0.010869873469220866,0.21990489193222607,-3.026679937531452,3.240372025827549,500,1.5543122344752192e-15
driven_dt1e-3,249,5,-2.7189907205137063,0.0,1,0.16274536944881,0.24381588524924416,0.015717399892731677,-2.8185367899985363,0.1287502828235769,500,1.5543122344752192e-15
driven_dt1e-3,249,6,-2.9604741803555354,5.370695425996387,1,0.2845589016207883,-0.17397166070062897,0.09871061953617981,-3.2186277272431814,5.2509852981000495,500,1.5543122344752192e-15
driven_dt1e-3,250,0,-0.9401735849314701,0.0,1,0.0029629334925160844,0.6258745510052915,0.0,-0.937210651438954,0.0,500,3.9968028886505635e-15
driven_dt1e-3,250,1,-1.7527488199044507,0.0,1,0.06158417382288617,0.4036663950933419,0.0,-1.814332993727337,0.0,500,3.9968028886505635e-15
driven_dt1e-3,250,2,-2.2396104765324987,0.0,1,0.047101094252866016,0.3187475765901985,0.0,-2.2867115707853647,0.0,500,3.9968028886505635e-15
driven_dt1e-3,250,3,-2.3174426658637897,0.0,1,0.030731095078424975,0.3187475765901985,0.0,-2.2867115707853647,0.0,500,3.9968028886505635e-15
driven_dt1e-3,250,4,-2.6524200481523486,3.060159041643113,1,0.2827154139514052,-0.00037984210817273967,0.23198681740921087,-2.922146779994353,3.144867337668626,500,3.9968028886505635e-15
driven_dt1e-3,250,5,-2.7189907205137063,0.0,1,0.08034086966874204,0.26300970088393716,0.008387802264287833,-2.6701121662019105,0.06376160496347802,500,3.9968028886505635e-15
driven_dt1e-3,250,6,-2.9604741803555354,5.370695425996387,1,0.4801564397885608,-0.25582706624212714,0.13422258657023892,-2.483349575845151,5.316822256039207,500,3.9968028886505635e-15
driven_dt1e-3,251,0,-0.9401735849314701,0.0,1,0.0029491783398374327,0.6258702465200904,0.0,-0.9372244065916326,0.0,500,4.6629367034256575e-15
driven_dt1e-3,251,1,-1.7527488199044507,0.0,1,0.233710112548573,0.3703786322342851,0.0,-1.9864589324530237,0.0,500,4.6629367034256575e-15
driven_dt1e-3,251,2,-2.2396104765324987,0.0,1,0.25315154407947493,0.3703786322342851,0.0,-1.9864589324530237,0.0,500,4.6629367034256575e-15
driven_dt1e-3,251,3,-2.3174426658637897,0.0,1,0.2709852440322365,0.291198519230207,0.03425673554624994,-2.453755699778092,0.23420452444026146,500,4.6629367034256575e-15
driven_dt1e-3,251,4,-2.6524200481523486,3.060159041643113,1,0.36672861370153487,-0.018489638473710344,0.23052264410527254,-2.9283997310287235,3.301664923035068,500,4.6629367034256575e-15
driven_dt1e-3,251,5,-2.7189907205137063,0.0,1,0.28594489483135643,0.22922834272205989,0.02119087227187845,-2.9375636313103346,0.18436476221340303,500,4.6629367034256575e-15
driven_dt1e-3,251,6,-2.9604741803555354,5.370695425996387,1,0.17379130998825543,-0.19671914349271763,0.11862572333928399,-2.941803266280112,5.19790996250185,500,4.6629367034256575e-15
driven_dt1e-3,252,0,-0.9401735849314701,0.0,1,0.0019310810643043963,0.6243449037159092,0.0,-0.9421046659957745,0.0,500,1.3322676295501878e-15
driven_dt1e-3,252,1,-1.7527488199044507,0.0,1,0.07875645161892364,0.40021529636486075,0.0,-1.8315052715233744,0.0,500,1.3322676295501878e-15
driven_dt1e-3,252,2,-2.2396104765324987,0.0,1,0.027999223409928664,0.3309441574125899,0.0,-2.21161125312257,0.0,500,1.3322676295501878e-15
driven_dt1e-3,252,3,-2.3174426658637897,0.0,1,0.10583141274121965,0.3309441574125899,0.0,-2.21161125312257,0.0,500,1.3322676295501878e-15
driven_dt1e-3,252,4,-2.6524200481523486,3.060159041643113,1,0.1428826275485452,0.016081315323300108,0.24769405295272223,-2.786915622775501,3.0119264213331576,500,1.3322676295501878e-15
driven_dt1e-3,252,5,-2.7189907205137063,0.0,1,0.031587820519513254,0.2608782514586973,0.0,-2.687402899994193,0.0,500,1.3322676295501878e-15
driven_dt1e-3,252,6,-2.9604741803555354,5.370695425996387,1,0.4913027979076336,-0.18222042832643864,0.05418158174151548,-3.3203569777856208,5.70515440905076,500,1.3322676295501878e-15
driven_dt1e-3,253,0,-0.9401735849314701,0.0,1,0.023547138661591305,0.6176333009479448,0.0,-0.9637207235930614,0.0,500,3.1086244689504383e-15
driven_dt1e-3,253,1,-1.7527488199044507,0.0,1,0.0017612063742717954,0.4159230494398407,0.0,-1.7545100262787225,0.0,500,3.1086244689504383e-15
driven_dt1e-3,253,2,-2.2396104765324987,0.0,1,0.12854113376687692,0.3480063085402283,0.0,-2.1110693427656217,0.0,500,3.1086244689504383e-15
driven_dt1e-3,253,3,-2.3174426658637897,0.0,1,0.20637332309816792,0.3480063085402283,0.0,-2.1110693427656217,0.0,500,3.1086244689504383e-15
driven_dt1e-3,253,4,-2.6524200481523486,3.060159041643113,1,0.591163818403494,-0.003447955577841563,0.19865574239664216,-3.232062579578773,3.176302039499057,500,3.1086244689504383e-15
driven_dt1e-3,253,5,-2.7189907205137063,0.0,1,0.023232009672516263,0.2597906004306885,0.0,-2.69575871084119,0.0,500,3.1086244689504383e-15
driven_dt1e-3,253,6,-2.9604741803555354,5.370695425996387,1,0.5977109599358419,-0.15899747152645183,0.06231622849102733,-3.534837067516437,5.536121135847121,500,3.1086244689504383e-15
driven_dt1e-3,254,0,-0.9401735849314701,0.0,1,0.004848369773936212,0.6234348704154663,0.0,-0.9450219547054063,0.0,500,1.5543122344752192e-15
driven_dt1e-3,254,1,-1.7527488199044507,0.0,1,0.14865157475557966,0.3864703232053267,0.0,-1.9014003946600304,0.0,500,1.5543122344752192e-15
driven_dt1e-3,254,2,-2.2396104765324987,0.0,1,0.33821008187246826,0.3864703232053267,0.0,-1.9014003946600304,0.0,500,1.5543122344752192e-15
driven_dt1e-3,254,3,-2.3174426658637897,0.0,1,0.2709652450080302,0.2741159860432456,0.0,-2.58840791087182,0.0,500,1.5543122344752192e-15
driven_dt1e-3,254,4,-2.6524200481523486,3.060159041643113,1,0.714564821547687,-0.043377747385557955,0.20160180777359513,-3.1576650721347193,3.565461277868653,500,1.5543122344752192e-15
driven_dt1e-3,254,5,-2.7189907205137063,0.0,1,0.1305828096418864,0.2741159860432456,0.0,-2.58840791087182,0.0,500,1.5543122344752192e-15
driven_dt1e-3,254,6,-2.9604741803555354,5.370695425996387,1,0.20379035308056204,-0.22038116222119764,0.08301650041260121,-2.8921005233013606,5.562673422208813,500,1.5543122344752192e-15
driven_dt1e-3,255,0,-0.9401735849314701,0.0,1,0.006416550949987387,0.6269562503181783,0.0,-0.9337570339814827,0.0,500,2.886579864025407e-15
driven_dt1e-3,255,1,-1.7527488199044507,0.0,1,0.007681344691298886,0.4178913796149861,0.0,-1.7450674752131519,0.0,500,2.886579864025407e-15
driven_dt1e-3,255,2,-2.2396104765324987,0.0,1,0.0599535568873133,0.33627417329075265,0.0,-2.1796569196451854,0.0,500,2.886579864025407e-15
driven_dt1e-3,255,3,-2.3174426658637897,0.0,1,0.1377857462186043,0.33627417329075265,0.0,-2.1796569196451854,0.0,500,2.886579864025407e-15
driven_dt1e-3,255,4,-2.6524200481523486,3.060159041643113,1,0.4049412699309179,0.05431491682673677,0.2377741362130034,-2.82200336065152,2.692437771908722,500,2.886579864025407e-15
driven_dt1e-3,255,5,-2.7189907205137063,0.0,1,0.0492525466929479,0.252986404916283,0.004993512790376277,-2.748449531169341,0.039471405225764165,500,2.886579864025407e-15
driven_dt1e-3,255,6,-2.9604741803555354,5.370695425996387,1,0.28088493497807604,-0.20077555201920577,0.13293770373423655,-2.8476010107600387,5.1134873501451334,500,2.886579864025407e-15
driven_dt1e-3,256,0,-0.9401735849314701,0.0,1,0.0016652933488662258,0.6244278808321637,0.0,-0.9418388782803363,0.0,500,5.773159728050814e-15
driven_dt1e-3,256,1,-1.7527488199044507,0.0,1,0.016535692363856658,0.41974555875544206,0.0,-1.736213127540594,0.0,500,5.773159728050814e-15
driven_dt1e-3,256,2,-2.2396104765324987,0.0,1,0.09632232713808664,0.34244504911320467,0.0,-2.143288149394412,0.0,500,5.773159728050814e-15
driven_dt1e-3,256,3,-2.3174426658637897,0.0,1,0.17415451646937763,0.34244504911320467,0.0,-2.143288149394412,0.0,500,5.773159728050814e-15
driven_dt1e-3,256,4,-2.6524200481523486,3.060159041643113,1,0.19149535784169405,-0.014591922555186765,0.26490239254417225,-2.653758032478672,3.2516497251576406,500,5.773159728050814e-15
driven_dt1e-3,256,5,-2.7189907205137063,0.0,1,0.005612369368397818,0.25751194397821414,0.0,-2.7133783511453085,0.0,500,5.773159728050814e-15
driven_dt1e-3,256,6,-2.9604741803555354,5.370695425996387,1,0.4052997652671437,-0.217863686181286,0.14799802548344307,-2.6683295941162544,5.089769385094727,500,5.773159728050814e-15
driven_dt1e-3,257,0,-0.9401735849314701,0.0,1,0.004635342737517645,0.6263981290766407,0.0,-0.9355382421939524,0.0,500,8.881784197001252e-16
driven_dt1e-3,257,1,-1.7527488199044507,0.0,1,0.18746793462361633,0.37904195634709203,0.0,-1.940216754528067,0.0,500,8.881784197001252e-16
driven_dt1e-3,257,2,-2.2396104765324987,0.0,1,0.011449121194146095,0.328216877349953,0.0,-2.2281613553383526,0.0,500,8.881784197001252e-16
driven_dt1e-3,257,3,-2.3174426658637897,0.0,1,0.08928131052543709,0.328216877349953,0.0,-2.2281613553383526,0.0,500,8.881784197001252e-16
driven_dt1e-3,257,4,-2.6524200481523486,3.060159041643113,1,0.7199505918526466,0.0507460903485997,0.19261454316838603,-3.2270207064040193,2.626381520042785,500,8.881784197001252e-16
driven_dt1e-3,257,5,-2.7189907205137063,0.0,1,0.10947610006101627,0.27123835383320183,0.0,-2.60951462045269,0.0,500,8.881784197001252e-16
driven_dt1e-3,257,6,-2.9604741803555354,5.370695425996387,1,0.3328149909950235,-0.22397592172630698,0.06734789925980215,-2.905874146527606,5.699001159325865,500,8.881784197001252e-16
driven_dt1e-3,258,0,-0.9401735849314701,0.0,1,0.005808134797579023,0.6231357666969561,0.0,-0.9459817197290491,0.0,500,4.884981308350689e-15
driven_dt1e-3,258,1,-1.7527488199044507,0.0,1,0.22373124817871248,0.40637827574534185,0.045051347962232834,-1.788726511591712,0.22081955781239354,500,4.884981308350689e-15
driven_dt1e-3,258,2,-2.2396104765324987,0.0,1,0.22278628750127227,0.3647977843086923,0.0,-2.0168241890312264,0.0,500,4.884981308350689e-15
driven_dt1e-3,258,3,-2.3174426658637897,0.0,1,0.2904481457971366,0.2714586628678455,0.0,-2.6078908116609263,0.0,500,4.884981308350689e-15
driven_dt1e-3,258,4,-2.6524200481523486,3.060159041643113,1,0.5073367396671038,-0.05321969918786887,0.2977333523974767,-2.3916623969621313,3.4953555659419724,500,4.884981308350689e-15
driven_dt1e-3,258,5,-2.7189907205137063,0.0,1,0.0329017125969151,0.2610496906995756,0.0,-2.686089007916791,0.0,500,4.884981308350689e-15
driven_dt1e-3,258,6,-2.9604741803555354,5.370695425996387,1,0.4173773013135744,-0.16095147639409446,0.10594524146432288,-3.293336152951187,5.118888518125427,500,4.884981308350689e-15
driven_dt1e-3,259,0,-0.9401735849314701,0.0,1,0.02071482732440877,0.6314545073607615,0.0,-0.9194587576070613,0.0,500,4.440892098500626e-16
driven_dt1e-3,259,1,-1.7527488199044507,0.0,1,0.04600222232208906,0.4068236332013706,0.0,-1.7987510422265398,0.0,500,4.440892098500626e-16
driven_dt1e-3,259,2,-2.2396104765324987,0.0,1,0.0782442162057646,0.3393636169189682,0.0,-2.161366260326734,0.0,500,4.440892098500626e-16
driven_dt1e-3,259,3,-2.3174426658637897,0.0,1,0.1560764055370556,0.3393636169189682,0.0,-2.161366260326734,0.0,500,4.440892098500626e-16
driven_dt1e-3,259,4,-2.6524200481523486,3.060159041643113,1,0.4469374329651731,0.011988848818708419,0.2120956053441897,-3.098246215609123,3.028661464017165,500,4.440892098500626e-16
driven_dt1e-3,259,5,-2.7189907205137063,0.0,1,0.05949208363478675,0.2645435691831486,0.0,-2.6594986368789195,0.0,500,4.440892098500626e-16
driven_dt1e-3,259,6,-2.9604741803555354,5.370695425996387,1,0.07408465753914892,-0.19605747271402651,0.10120857559328457,-3.022451917381781,5.330108524220093,500,4.440892098500626e-16
driven_dt1e-3,260,0,-0.9401735849314701,0.0,1,0.01124624737788471,0.6284720840170023,0.0,-0.9289273375535854,0.0,500,4.440892098500626e-16
driven_dt1e-3,260,1,-1.7527488199044507,0.0,1,0.045688983005912176,0.40688735476959975,0.0,-1.798437802910363,0.0,500,4.440892098500626e-16
driven_dt1e-3,260,2,-2.2396104765324987,0.0,1,0.09215228042141499,0.3417317870293083,0.0,-2.1474581961110837,0.0,500,4.440892098500626e-16
driven_dt1e-3,260,3,-2.3174426658637897,0.0,1,0.12898415698566296,0.3069101313135289,0.01877865856364794,-2.358663854006516,0.12221999182377691,500,4.440892098500626e-16
driven_dt1e-3,260,4,-2.6524200481523486,3.060159041643113,1,0.008975485602175226,0.010117722544135767,0.2642921475961681,-2.6599358711076144,3.065065338321867,500,4.440892098500626e-16
driven_dt1e-3,260,5,-2.7189907205137063,0.0,1,0.022579921582136286,0.2597059110594046,0.0,-2.69641079893157,0.0,500,4.440892098500626e-16
driven_dt1e-3,260,6,-2.9604741803555354,5.370695425996387,1,0.1830506241824592,-0.22580044481349612,0.09761104335962476,-2.8048845569213836,5.467128823184326,500,4.440892098500626e-16
driven_dt1e-3,261,0,-0.9401735849314701,0.0,1,0.003120103110266448,0.6259237371698795,0.0,-0.9370534818212036,0.0,500,5.10702591327572e-15
driven_dt1e-3,261,1,-1.7527488199044507,0.0,1,0.0889296122270915,0.39818473779868485,0.0,-1.8416784321315423,0.0,500,5.10702591327572e-15
driven_dt1e-3,261,2,-2.2396104765324987,0.0,1,0.18350278516138063,0.357702427729444,0.0,-2.056107691371118,0.0,500,5.10702591327572e-15
driven_dt1e-3,261,3,-2.3174426658637897,0.0,1,0.2613349744926716,0.357702427729444,0.0,-2.056107691371118,0.0,500,5.10702591327572e-15
driven_dt1e-3,261,4,-2.6524200481523486,3.060159041643113,1,0.25474290375021996,0.023515963673634562,0.23592801136364755,-2.8785711718183293,2.9429002838648213,500,5.10702591327572e-15
driven_dt1e-3,261,5,-2.7189907205137063,0.0,1,0.08597363138702097,0.2459856259264185,0.0,-2.8049643519007272,0.0,500,5.10702591327572e-15
driven_dt1e-3,261,6,-2.9604741803555354,5.370695425996387,1,0.23458208687908771,-0.23235638806035744,0.10346096898617062,-2.738092023910011,5.445360893109277,500,5.10702591327572e-15
driven_dt1e-3,262,0,-0.9401735849314701,0.0,1,0.012300921397298215,0.6288035880059509,0.0,-0.9278726635341719,0.0,500,2.220446049250313e-15
driven_dt1e-3,262,1,-1.7527488199044507,0.0,1,0.10639645451193114,0.3947223639823562,0.0,-1.8591452744163819,0.0,500,2.220446049250313e-15
driven_dt1e-3,262,2,-2.2396104765324987,0.0,1,0.2687558239894238,0.2939856131488055,0.026318163307853693,-2.440466660112041,0.17856787629944926,500,2.220446049250313e-15
driven_dt1e-3,262,3,-2.3174426658637897,0.0,1,0.21684415972511029,0.2939856131488055,0.026318163307853693,-2.440466660112041,0.17856787629944926,500,2.220446049250313e-15
driven_dt1e-3,262,4,-2.6524200481523486,3.060159041643113,1,0.35069200533744255,-0.030646932133344323,0.24754812765557627,-2.7770898779796855,3.387942988990172,500,2.220446049250313e-15
driven_dt1e-3,262,5,-2.7189907205137063,0.0,1,0.04850002812282339,0.2630936185186046,0.0,-2.670490692390883,0.0,500,2.220446049250313e-15
driven_dt1e-3,262,6,-2.9604741803555354,5.370695425996387,1,0.22558040123141354,-0.19616874788976119,0.12489484341762154,-2.9172742134924845,5.1492901860341025,500,2.220446049250313e-15
driven_dt1e-3,263,0,-0.9401735849314701,0.0,1,0.0022821443420207865,0.6242353210496411,0.0,-0.9424557292734909,0.0,500,1.7763568394002505e-15
driven_dt1e-3,263,1,-1.7527488199044507,0.0,1,0.1451514458716021,0.38714726334751487,0.0,-1.8979002657760529,0.0,500,1.7763568394002505e-15
driven_dt1e-3,263,2,-2.2396104765324987,0.0,1,0.2817593739603763,0.2903978348423074,0.024420558730042338,-2.4659600809254525,0.16779213749665536,500,1.7763568394002505e-15
driven_dt1e-3,263,3,-2.3174426658637897,0.0,1,0.224079503708605,0.2903978348423074,0.024420558730042338,-2.4659600809254525,0.16779213749665536,500,1.7763568394002505e-15
driven_dt1e-3,263,4,-2.6524200481523486,3.060159041643113,1,0.33920314685065855,-0.012007029245402031,0.23004299054377328,-2.9362575596942944,3.24588745054995,500,1.7763568394002505e-15
driven_dt1e-3,263,5,-2.7189907205137063,0.0,1,0.05119932048385589,0.250300015029421,0.0,-2.770190040997562,0.0,500,1.7763568394002505e-15
driven_dt1e-3,263,6,-2.9604741803555354,5.370695425996387,1,0.4007070635700808,-0.20609045876362547,0.05618864265797184,-3.0871802247174225,5.750842409566059,500,1.7763568394002505e-15
driven_dt1e-3,264,0,-0.9401735849314701,0.0,1,0.0030068502738469505,0.624009168505628,0.0,-0.943180435205317,0.0,500,3.774758283725532e-15
driven_dt1e-3,264,1,-1.7527488199044507,0.0,1,0.009042705574766163,0.41817592693577066,0.0,-1.7437061143296846,0.0,500,3.774758283725532e-15
driven_dt1e-3,264,2,-2.2396104765324987,0.0,1,0.15813692163520665,0.3531943604312861,0.0,-2.081473554897292,0.0,500,3.774758283725532e-15
driven_dt1e-3,264,3,-2.3174426658637897,0.0,1,0.23596911096649764,0.3531943604312861,0.0,-2.081473554897292,0.0,500,3.774758283725532e-15
driven_dt1e-3,264,4,-2.6524200481523486,3.060159041643113,1,0.5005141899209856,0.017921957636236396,0.20680174602367404,-3.1445070592036735,2.9686996087406854,500,3.774758283725532e-15
driven_dt1e-3,264,5,-2.7189907205137063,0.0,1,0.14519148131519266,0.2761255515996136,0.0,-2.5737992391985136,0.0,500,3.774758283725532e-15
driven_dt1e-3,264,6,-2.9604741803555354,5.370695425996387,1,0.6685831527210057,-0.1666168527874759,0.1676191931262105,-2.8849538098516314,4.70639119919867,500,3.774758283725532e-15
driven_dt1e-3,265,0,-0.9401735849314701,0.0,1,0.009151341268816338,0.6278141336591215,0.0,-0.9310222436626537,0.0,500,2.4424906541753444e-15
driven_dt1e-3,265,1,-1.7527488199044507,0.0,1,0.09666537387829388,0.43690402824166813,0.0,-1.6560834460261569,0.0,500,2.4424906541753444e-15
driven_dt1e-3,265,2,-2.2396104765324987,0.0,1,0.10100906190792847,0.31027081402950724,0.0,-2.340619538440427,0.0,500,2.4424906541753444e-15
driven_dt1e-3,265,3,-2.3174426658637897,0.0,1,0.023176872576637475,0.31027081402950724,0.0,-2.340619538440427,0.0,500,2.4424906541753444e-15
driven_dt1e-3,265,4,-2.6524200481523486,3.060159041643113,1,0.5888968519081974,0.014290740501547002,0.3560917450816112,-2.0635244440368266,3.0613713290676983,500,2.4424906541753444e-15
driven_dt1e-3,265,5,-2.7189907205137063,0.0,1,0.078421833758485,0.24691619852804308,0.0,-2.7974125542721913,0.0,500,2.4424906541753444e-15
driven_dt1e-3,265,6,-2.9604741803555354,5.370695425996387,1,0.35797906663810214,-0.24546056163583047,0.08601474461449372,-2.693416444583841,5.609084137800412,500,2.4424906541753444e-15
driven_dt1e-3,266,0,-0.9401735849314701,0.0,1,0.005472941541651011,0.6232402109022221,0.0,-0.9456465264731211,0.0,500,5.773159728050814e-15
driven_dt1e-3,266,1,-1.7527488199044507,0.0,1,0.13261277143142514,0.4448278061218516,0.0,-1.6201360484730256,0.0,500,5.773159728050814e-15
driven_dt1e-3,266,2,-2.2396104765324987,0.0,1,0.15818812644843927,0.3532034031726739,0.0,-2.0814223500840594,0.0,500,5.773159728050814e-15
driven_dt1e-3,266,3,-2.3174426658637897,0.0,1,0.23602031577973026,0.3532034031726739,0.0,-2.0814223500840594,0.0,500,5.773159728050814e-15
driven_dt1e-3,266,4,-2.6524200481523486,3.060159041643113,1,0.09310999197084428,0.022516923220659825,0.2615350236131298,-2.67498908658406,2.969825719391141,500,5.773159728050814e-15
driven_dt1e-3,266,5,-2.7189907205137063,0.0,1,0.05517290427730417,0.25081616366256243,0.0036511018617114803,-2.7658581673387848,0.029111712324956244,500,5.773159728050814e-15
driven_dt1e-3,266,6,-2.9604741803555354,5.370695425996387,1,0.6343996839236715,-0.28178581388533275,0.0741729132042521,-2.466223873288082,5.768413407644417,500,5.773159728050814e-15
driven_dt1e-3,267,0,-0.9401735849314701,0.0,1,0.01432458252881219,0.6204879565887288,0.0,-0.9544981674602823,0.0,500,4.440892098500626e-16
driven_dt1e-3,267,1,-1.7527488199044507,0.0,1,0.18520053813560833,0.37947191922543505,0.0,-1.937949358040059,0.0,500,4.440892098500626e-16
driven_dt1e-3,267,2,-2.2396104765324987,0.0,1,0.1151920339302066,0.3456912576179992,0.0,-2.124418442602292,0.0,500,4.440892098500626e-16
driven_dt1e-3,267,3,-2.3174426658637897,0.0,1,0.1930242232614976,0.3456912576179992,0.0,-2.124418442602292,0.0,500,4.440892098500626e-16
driven_dt1e-3,267,4,-2.6524200481523486,3.060159041643113,1,0.16989675781826227,0.027866773670237512,0.2513567448259881,-2.749547888784415,2.9207635937572185,500,4.440892098500626e-16
driven_dt1e-3,267,5,-2.7189907205137063,0.0,1,0.020137732806394304,0.25421771672202714,0.0,-2.7391284533201006,0.0,500,4.440892098500626e-16
driven_dt1e-3,267,6,-2.9604741803555354,5.370695425996387,1,0.2887094029282507,-0.22497880243601331,0.07392480302040964,-2.880970008329087,5.648242189568899,500,4.440892098500626e-16
driven_dt1e-3,268,0,-0.9401735849314701,0.0,1,0.0193630718131087,0.631027865500644,0.0,-0.9208105131183614,0.0,500,8.881784197001252e-16
driven_dt1e-3,268,1,-1.7527488199044507,0.0,1,0.02753675098606423,0.4220607430367679,0.0,-1.7252120689183865,0.0,500,8.881784197001252e-16
driven_dt1e-3,268,2,-2.2396104765324987,0.0,1,0.30086114611405207,0.37179648225012907,0.026257535493055224,-1.9738420614134011,0.14101269008902725,500,8.881784197001252e-16
driven_dt1e-3,268,3,-2.3174426658637897,0.0,1,0.3714107620207261,0.37179648225012907,0.026257535493055224,-1.9738420614134011,0.14101269008902725,500,8.881784197001252e-16
driven_dt1e-3,268,4,-2.6524200481523486,3.060159041643113,1,0.28258305439981446,0.03428890164820573,0.297459498932792,-2.4117541599673356,2.9120607199171484,500,8.881784197001252e-16
driven_dt1e-3,268,5,-2.7189907205137063,0.0,1,0.021038223660030386,0.25950579416754355,0.0,-2.697952496853676,0.0,500,8.881784197001252e-16
driven_dt1e-3,268,6,-2.9604741803555354,5.370695425996387,1,0.3620459351132928,-0.22386554533345396,0.0635497758122422,-2.9159168582959234,5.72998904434068,500,8.881784197001252e-16
driven_dt1e-3,269,0,-0.9401735849314701,0.0,1,0.003624346533420697,0.6260815660290165,0.0,-0.9365492383980494,0.0,500,5.773159728050814e-15
driven_dt1e-3,269,1,-1.7527488199044507,0.0,1,0.013043812591488235,0.41358330725058834,0.0,-1.765792632495939,0.0,500,5.773159728050814e-15
driven_dt1e-3,269,2,-2.2396104765324987,0.0,1,0.13785944400241368,0.349631506999593,0.0,-2.101751032530085,0.0,500,5.773159728050814e-15
driven_dt1e-3,269,3,-2.3174426658637897,0.0,1,0.21569163333370467,0.349631506999593,0.0,-2.101751032530085,0.0,500,5.773159728050814e-15
driven_dt1e-3,269,4,-2.6524200481523486,3.060159041643113,1,0.2916234706881715,0.042053736497015715,0.29144807029872694,-2.445180359450265,2.8549860412681167,500,5.773159728050814e-15
driven_dt1e-3,269,5,-2.7189907205137063,0.0,1,0.05487896505278078,0.26393408692946635,0.0,-2.6641117554609255,0.0,500,5.773159728050814e-15
driven_dt1e-3,269,6,-2.9604741803555354,5.370695425996387,1,0.3542012819340356,-0.24802051360586252,0.0997136755494021,-2.638659517100729,5.518661201221301,500,5.773159728050814e-15
driven_dt1e-3,270,0,-0.9401735849314701,0.0,1,0.005565368104161972,0.6266894798871316,0.0,-0.9346082168273081,0.0,500,5.995204332975845e-15
driven_dt1e-3,270,1,-1.7527488199044507,0.0,1,0.13368715951234478,0.44506682916345974,0.0,-1.619061660392106,0.0,500,5.995204332975845e-15
driven_dt1e-3,270,2,-2.2396104765324987,0.0,1,0.24242099231092862,0.36839677006354904,0.0,-1.99718948422157,0.0,500,5.995204332975845e-15
driven_dt1e-3,270,3,-2.3174426658637897,0.0,1,0.16967663080532835,0.2883559431237636,0.0,-2.487119296669118,0.0,500,5.995204332975845e-15
driven_dt1e-3,270,4,-2.6524200481523486,3.060159041643113,1,0.071458968264747,0.019390139471200333,0.2613704038756405,-2.6781448735071036,2.9934910770279437,500,5.995204332975845e-15
driven_dt1e-3,270,5,-2.7189907205137063,0.0,1,0.115940177274092,0.24232743046155902,0.0,-2.8349308977877983,0.0,500,5.995204332975845e-15
driven_dt1e-3,270,6,-2.9604741803555354,5.370695425996387,1,0.301049620217756,-0.21381004829902558,0.135108631441711,-2.7493554523146146,5.156080057246526,500,5.995204332975845e-15
driven_dt1e-3,271,0,-0.9401735849314701,0.0,1,0.013351118226028191,0.6291338584776216,0.0,-0.9268224667054419,0.0,500,0.0
driven_dt1e-3,271,1,-1.7527488199044507,0.0,1,0.15975612032205877,0.38433048054056335,0.0,-1.9125049402265095,0.0,500,0.0
driven_dt1e-3,271,2,-2.2396104765324987,0.0,1,0.32710553630598915,0.38433048054056335,0.0,-1.9125049402265095,0.0,500,0.0
driven_dt1e-3,271,3,-2.3174426658637897,0.0,1,0.40493772563728014,0.38433048054056335,0.0,-1.9125049402265095,0.0,500,0.0
driven_dt1e-3,271,4,-2.6524200481523486,3.060159041643113,1,0.591489052134594,-0.01465343374458104,0.20148858428492197,-3.1987699906603306,3.2867887817846158,500,0.0
driven_dt1e-3,271,5,-2.7189907205137063,0.0,1,0.034126161751851125,0.2524458670598735,0.0,-2.7531168822655574,0.0,500,0.0
driven_dt1e-3,271,6,-2.9604741803555354,5.370695425996387,1,0.31215721611122255,-0.1880683217571181,0.07108630796511141,-3.20835741706839,5.560421619567721,500,0.0
driven_dt1e-3,272,0,-0.9401735849314701,0.0,1,0.007441482627828955,0.6226270757163136,0.0,-0.947615067559299,0.0,500,4.440892098500626e-15
driven_dt1e-3,272,1,-1.7527488199044507,0.0,1,0.049525605929476635,0.4061075662710281,0.0,-1.8022744258339274,0.0,500,4.440892098500626e-15
driven_dt1e-3,272,2,-2.2396104765324987,0.0,1,0.19209713674502105,0.3592428452946844,0.0,-2.0475133397874776,0.0,500,4.440892098500626e-15
driven_dt1e-3,272,3,-2.3174426658637897,0.0,1,0.11941204365051128,0.29569482451658274,0.0,-2.436854709514301,0.0,500,4.440892098500626e-15
driven_dt1e-3,272,4,-2.6524200481523486,3.060159041643113,1,0.3605840986869333,-0.03392803656750035,0.28746715706577924,-2.4794597743027023,3.3765537885902193,500,4.440892098500626e-15
driven_dt1e-3,272,5,-2.7189907205137063,0.0,1,0.04775141926708004,0.2629951598401575,0.0,-2.6712393012466262,0.0,500,4.440892098500626e-15
driven_dt1e-3,272,6,-2.9604741803555354,5.370695425996387,1,0.4811309491137766,-0.2573253989071795,0.1321598063531837,-2.480724503110774,5.3342641567531865,500,4.440892098500626e-15
driven_dt1e-3,273,0,-0.9401735849314701,0.0,1,0.011630573827428714,0.6285928648437911,0.0,-0.9285430111040414,0.0,500,4.440892098500626e-15
driven_dt1e-3,273,1,-1.7527488199044507,0.0,1,0.10846075582444659,0.4394883665085,0.0,-1.6442880640800042,0.0,500,4.440892098500626e-15
driven_dt1e-3,273,2,-2.2396104765324987,0.0,1,0.1683273536378831,0.3342285995477316,0.02669350781252461,-2.1855018566736635,0.15939371141831482,500,4.440892098500626e-15
driven_dt1e-3,273,3,-2.3174426658637897,0.0,1,0.20691721139008787,0.3342285995477316,0.02669350781252461,-2.1855018566736635,0.15939371141831482,500,4.440892098500626e-15
driven_dt1e-3,273,4,-2.6524200481523486,3.060159041643113,1,0.28124041350574336,0.04183934519099627,0.2891468437250265,-2.460919518668367,2.854188855945677,500,4.440892098500626e-15
driven_dt1e-3,273,5,-2.7189907205137063,0.0,1,0.05253912272229977,0.2636254854098628,0.0,-2.6664515977914065,0.0,500,4.440892098500626e-15
driven_dt1e-3,273,6,-2.9604741803555354,5.370695425996387,1,0.18987901563977747,-0.21986565629287008,0.1166620849051659,-2.7814123542928146,5.307521831612224,500,4.440892098500626e-15
driven_dt1e-3,274,0,-0.9401735849314701,0.0,1,0.0161762364371536,0.6300231751963735,0.0,-0.9239973484943165,0.0,500,2.1094237467877974e-15
driven_dt1e-3,274,1,-1.7527488199044507,0.0,1,0.01880897715825447,0.41239283597643656,0.0,-1.7715577970627052,0.0,500,2.1094237467877974e-15
driven_dt1e-3,274,2,-2.2396104765324987,0.0,1,0.040779102424843394,0.3197567305028184,0.0,-2.280389578957342,0.0,500,2.1094237467877974e-15
driven_dt1e-3,274,3,-2.3174426658637897,0.0,1,0.037053086906447597,0.3197567305028184,0.0,-2.280389578957342,0.0,500,2.1094237467877974e-15
driven_dt1e-3,274,4,-2.6524200481523486,3.060159041643113,1,0.3747652054378002,0.06028894398897601,0.27994569369228345,-2.500983006487653,2.717353292539219,500,2.1094237467877974e-15
driven_dt1e-3,274,5,-2.7189907205137063,0.0,1,0.004232260978436209,0.25733430807726243,0.0,-2.71475845953527,0.0,500,2.1094237467877974e-15
driven_dt1e-3,274,6,-2.9604741803555354,5.370695425996387,1,0.41584091110662796,-0.17440356243312607,0.06933015064249869,-3.3460482677521255,5.526439724377667,500,2.1094237467877974e-15
driven_dt1e-3,275,0,-0.9401735849314701,0.0,1,0.0068927642695816305,0.6227979226053417,0.0,-0.9470663492010517,0.0,500,3.3306690738754696e-15
driven_dt1e-3,275,1,-1.7527488199044507,0.0,1,0.019845144866186493,0.42044069772405995,0.0,-1.7329036750382643,0.0,500,3.3306690738754696e-15
driven_dt1e-3,275,2,-2.2396104765324987,0.0,1,0.04484901970041877,0.31910670039859623,0.0,-2.2844594962329174,0.0,500,3.3306690738754696e-15
driven_dt1e-3,275,3,-2.3174426658637897,0.0,1,0.03298316963087222,0.31910670039859623,0.0,-2.2844594962329174,0.0,500,3.3306690738754696e-15
driven_dt1e-3,275,4,-2.6524200481523486,3.060159041643113,1,0.022848534295603167,0.007883042217319104,0.2660839700417781,-2.647009362841121,3.0823576903389283,500,3.3306690738754696e-15
driven_dt1e-3,275,5,-2.7189907205137063,0.0,1,0.019146857092588565,0.25434369700791115,0.0,-2.738137577606295,0.0,500,3.3306690738754696e-15
driven_dt1e-3,275,6,-2.9604741803555354,5.370695425996387,1,0.6684352225562921,-0.2200745769857101,0.02721485519069411,-3.012401073738671,6.037110645283474,500,3.3306690738754696e-15
driven_dt1e-3,276,0,-0.9401735849314701,0.0,1,0.0060172867238974526,0.6230706050812036,0.0,-0.9461908716553675,0.0,500,3.552713678800501e-15
driven_dt1e-3,276,1,-1.7527488199044507,0.0,1,0.12554119949130693,0.3909619611863084,0.0,-1.8782900193957577,0.0,500,3.552713678800501e-15
driven_dt1e-3,276,2,-2.2396104765324987,0.0,1,0.13616616078872923,0.3048643612022136,0.0,-2.375776637321228,0.0,500,3.552713678800501e-15
driven_dt1e-3,276,3,-2.3174426658637897,0.0,1,0.05833397145743824,0.3048643612022136,0.0,-2.375776637321228,0.0,500,3.552713678800501e-15
driven_dt1e-3,276,4,-2.6524200481523486,3.060159041643113,1,0.5771358377243127,0.018459430187644222,0.19901424573156964,-3.220191175388577,2.9566132920314225,500,3.552713678800501e-15
driven_dt1e-3,276,5,-2.7189907205137063,0.0,1,0.04256331678550085,0.2513831477588018,0.0,-2.761554037299207,0.0,500,3.552713678800501e-15
driven_dt1e-3,276,6,-2.9604741803555354,5.370695425996387,1,0.222893048324583,-0.1855994942205263,0.08517344693092117,-3.1772136637785104,5.422707994832841,500,3.552713678800501e-15
driven_dt1e-3,277,0,-0.9401735849314701,0.0,1,0.012571105435331464,0.6210322008431546,0.0,-0.9527446903668015,0.0,500,4.440892098500626e-15
driven_dt1e-3,277,1,-1.7527488199044507,0.0,1,0.13373333971660029,0.44507710592064403,0.0,-1.6190154801878505,0.0,500,4.440892098500626e-15
driven_dt1e-3,277,2,-2.2396104765324987,0.0,1,0.22818497269732374,0.3657838287446868,0.0,-2.011425503835175,0.0,500,4.440892098500626e-15
driven_dt1e-3,277,3,-2.3174426658637897,0.0,1,0.30601716202861473,0.3657838287446868,0.0,-2.011425503835175,0.0,500,4.440892098500626e-15
driven_dt1e-3,277,4,-2.6524200481523486,3.060159041643113,1,0.4474468350944451,0.04938951441508438,0.22555401733691327,-2.9315574647208766,2.7104577792669478,500,4.440892098500626e-15
driven_dt1e-3,277,5,-2.7189907205137063,0.0,1,0.018856259867479963,0.25922283242526334,0.0,-2.7001344606462263,0.0,500,4.440892098500626e-15
driven_dt1e-3,277,6,-2.9604741803555354,5.370695425996387,1,0.2555202918535048,-0.22057476446171595,0.12635006436965493,-2.739268993644639,5.242793569398847,500,4.440892098500626e-15
driven_dt1e-3,278,0,-0.9401735849314701,0.0,1,0.009354123295495897,0.6278777915974392,0.0,-0.9308194616359742,0.0,500,5.551115123125783e-15
driven_dt1e-3,278,1,-1.7527488199044507,0.0,1,0.1333300529155046,0.38944234941020267,0.0,-1.8860788728199553,0.0,500,5.551115123125783e-15
driven_dt1e-3,278,2,-2.2396104765324987,0.0,1,0.35353160371254333,0.38944234941020267,0.0,-1.8860788728199553,0.0,500,5.551115123125783e-15
driven_dt1e-3,278,3,-2.3174426658637897,0.0,1,0.41055145314074126,0.25563693609570415,0.0,-2.727994119004531,0.0,500,5.551115123125783e-15
driven_dt1e-3,278,4,-2.6524200481523486,3.060159041643113,1,0.8357135545333978,-0.0710961988209218,0.20726204774154938,-3.036299593823063,3.802488914170477,500,5.551115123125783e-15
driven_dt1e-3,278,5,-2.7189907205137063,0.0,1,0.009003398490824654,0.25563693609570415,0.0,-2.727994119004531,0.0,500,5.551115123125783e-15
driven_dt1e-3,278,6,-2.9604741803555354,5.370695425996387,1,0.346548730048593,-0.16854014767583997,0.0938172928535442,-3.291245843835039,5.2673216917245975,500,5.551115123125783e-15
driven_dt1e-3,279,0,-0.9401735849314701,0.0,1,0.004126576129672377,0.6236599066840001,0.0,-0.9443001610611425,0.0,500,2.220446049250313e-16
driven_dt1e-3,279,1,-1.7527488199044507,0.0,1,0.1607874263197433,0.4511385877408291,0.0,-1.5919613935847075,0.0,500,2.220446049250313e-16
driven_dt1e-3,279,2,-2.2396104765324987,0.0,1,0.16373905400496325,0.3541850680820745,0.0,-2.0758714225275354,0.0,500,2.220446049250313e-16
driven_dt1e-3,279,3,-2.3174426658637897,0.0,1,0.24157124333625424,0.3541850680820745,0.0,-2.0758714225275354,0.0,500,2.220446049250313e-16
driven_dt1e-3,279,4,-2.6524200481523486,3.060159041643113,1,0.27997708808088584,-0.017744244985849554,0.2918282334006981,-2.4594895070708533,3.2630505795845797,500,2.220446049250313e-16
driven_dt1e-3,279,5,-2.7189907205137063,0.0,1,0.006759490041201577,0.25592390999185904,0.0,-2.725750210554908,0.0,500,2.220446049250313e-16
driven_dt1e-3,279,6,-2.9604741803555354,5.370695425996387,1,0.4882642508250777,-0.2634596796301988,0.12162122740011115,-2.474527985987559,5.41821673503828,500,2.220446049250313e-16
driven_dt1e-3,280,0,-0.9401735849314701,0.0,1,0.0006964967969564917,0.6251657001979122,0.0,-0.9394770881345136,0.0,500,2.220446049250313e-15
driven_dt1e-3,280,1,-1.7527488199044507,0.0,1,0.029171875009301962,0.4102615698511067,0.0,-1.7819206949137527,0.0,500,2.220446049250313e-15
driven_dt1e-3,280,2,-2.2396104765324987,0.0,1,0.0995317381962737,0.3429950137245368,0.0,-2.140078738336225,0.0,500,2.220446049250313e-15
driven_dt1e-3,280,3,-2.3174426658637897,0.0,1,0.1773639275275647,0.3429950137245368,0.0,-2.140078738336225,0.0,500,2.220446049250313e-15
driven_dt1e-3,280,4,-2.6524200481523486,3.060159041643113,1,0.589939693694228,0.04433051030332918,0.20430196147040522,-3.1303045367384663,2.714246830576744,500,2.220446049250313e-15
driven_dt1e-3,280,5,-2.7189907205137063,0.0,1,0.1472657230454913,0.2426189104884638,0.01172075750201874,-2.8301956000180195,0.0965436065130287,500,2.220446049250313e-15
driven_dt1e-3,280,6,-2.9604741803555354,5.370695425996387,1,0.1425017390933744,-0.2138808891433897,0.11399427696645549,-2.8346389510793677,5.303820612219821,500,2.220446049250313e-15
driven_dt1e-3,281,0,-0.9401735849314701,0.0,1,0.009781240677331327,0.6280118946755983,0.0,-0.9303923442541387,0.0,500,1.1102230246251565e-15
driven_dt1e-3,281,1,-1.7527488199044507,0.0,1,0.025850498365095786,0.4109434524897207,0.0,-1.7785993182695465,0.0,500,1.1102230246251565e-15
driven_dt1e-3,281,2,-2.2396104765324987,0.0,1,0.09609797526278463,0.3110336336400896,0.0,-2.3357084517952833,0.0,500,1.1102230246251565e-15
driven_dt1e-3,281,3,-2.3174426658637897,0.0,1,0.01826578593149364,0.3110336336400896,0.0,-2.3357084517952833,0.0,500,1.1102230246251565e-15
driven_dt1e-3,281,4,-2.6524200481523486,3.060159041643113,1,0.3810567912323218,-0.024455520561941495,0.23337291782829336,-2.8993137761306613,3.3504136974701026,500,1.1102230246251565e-15
driven_dt1e-3,281,5,-2.7189907205137063,0.0,1,0.03925358516079225,0.25179949754232395,0.0,-2.7582443056744985,0.0,500,1.1102230246251565e-15
driven_dt1e-3,281,6,-2.9604741803555354,5.370695425996387,1,0.45527469494879186,-0.23430597345163953,0.056324124107187123,-2.8460768912842216,5.811363450833508,500,1.1102230246251565e-15
driven_dt1e-3,282,0,-0.9401735849314701,0.0,1,0.0020846371986371626,0.625599759697464,0.0,-0.9380889477328329,0.0,500,1.887379141862766e-15
driven_dt1e-3,282,1,-1.7527488199044507,0.0,1,0.018280708768767084,0.4201119500148463,0.0,-1.7344681111356837,0.0,500,1.887379141862766e-15
driven_dt1e-3,282,2,-2.2396104765324987,0.0,1,0.26075132742495444,0.3717887082861021,0.0,-1.9788591491075442,0.0,500,1.887379141862766e-15
driven_dt1e-3,282,3,-2.3174426658637897,0.0,1,0.33858351675624543,0.3717887082861021,0.0,-1.9788591491075442,0.0,500,1.887379141862766e-15
driven_dt1e-3,282,4,-2.6524200481523486,3.060159041643113,1,0.6985802002092284,0.08386080758988913,0.3437859748234463,-2.0776716565714337,2.663071415923654,500,1.887379141862766e-15
driven_dt1e-3,282,5,-2.7189907205137063,0.0,1,0.03801818772911236,0.26171837278406895,0.0,-2.680972532784594,0.0,500,1.887379141862766e-15
driven_dt1e-3,282,6,-2.9604741803555354,5.370695425996387,1,0.45105905086432296,-0.21074246730050358,0.15488551578225845,-2.68235452312032,5.01558456496002,500,1.887379141862766e-15
driven_dt1e-3,283,0,-0.9401735849314701,0.0,1,0.012054568391445253,0.6287261389490026,0.0,-0.9281190165400248,0.0,500,3.552713678800501e-15
driven_dt1e-3,283,1,-1.7527488199044507,0.0,1,0.2630277034908586,0.4748005023575761,0.0,-1.4897211164135922,0.0,500,3.552713678800501e-15
driven_dt1e-3,283,2,-2.2396104765324987,0.0,1,0.26514884796680915,0.36077664318443076,0.029857137734967877,-2.0321669258221666,0.1651395920026932,500,3.552713678800501e-15
driven_dt1e-3,283,3,-2.3174426658637897,0.0,1,0.32962604979447796,0.36077664318443076,0.029857137734967877,-2.0321669258221666,0.1651395920026932,500,3.552713678800501e-15
driven_dt1e-3,283,4,-2.6524200481523486,3.060159041643113,1,0.39859032088024154,0.04379485967903195,0.3126581523297772,-2.3058593479955674,2.8632582417304273,500,3.552713678800501e-15
driven_dt1e-3,283,5,-2.7189907205137063,0.0,1,0.009359812936236445,0.25799490204048775,0.0,-2.70963090757747,0.0,500,3.552713678800501e-15
driven_dt1e-3,283,6,-2.9604741803555354,5.370695425996387,1,0.3454059249049719,-0.17029157896845531,0.088113899229422,-3.303255727997384,5.328197619515134,500,3.552713678800501e-15
driven_dt1e-3,284,0,-0.9401735849314701,0.0,1,0.006139976897544197,0.6230323839331896,0.0,-0.9463135618290143,0.0,500,2.220446049250313e-15
driven_dt1e-3,284,1,-1.7527488199044507,0.0,1,0.001888122248189017,0.4158966566586143,0.0,-1.7546369421526398,0.0,500,2.220446049250313e-15
driven_dt1e-3,284,2,-2.2396104765324987,0.0,1,0.04906623699772217,0.3344485844936489,0.0,-2.1905442395347765,0.0,500,2.220446049250313e-15
driven_dt1e-3,284,3,-2.3174426658637897,0.0,1,0.12689842632901316,0.3344485844936489,0.0,-2.1905442395347765,0.0,500,2.220446049250313e-15
driven_dt1e-3,284,4,-2.6524200481523486,3.060159041643113,1,0.3001726133563247,0.05100908828829081,0.2704429829275264,-2.580431242420932,2.768746602549429,500,2.220446049250313e-15
driven_dt1e-3,284,5,-2.7189907205137063,0.0,1,0.022316170205544328,0.2596716644218282,0.0,-2.696674550308162,0.0,500,2.220446049250313e-15
driven_dt1e-3,284,6,-2.9604741803555354,5.370695425996387,1,0.47010928585493544,-0.15592625216182043,0.10610735898750899,-3.3362029966312523,5.0881523367744315,500,2.220446049250313e-15
driven_dt1e-3,285,0,-0.9401735849314701,0.0,1,0.004450268650056932,0.6263401667274513,0.0,-0.9357233162814131,0.0,500,1.7763568394002505e-15
driven_dt1e-3,285,1,-1.7527488199044507,0.0,1,0.15920788412616993,0.4507824321827814,0.0,-1.5935409357782808,0.0,500,1.7763568394002505e-15
driven_dt1e-3,285,2,-2.2396104765324987,0.0,1,0.039830330608403575,0.3199084545748629,0.0,-2.2794408071409022,0.0,500,1.7763568394002505e-15
driven_dt1e-3,285,3,-2.3174426658637897,0.0,1,0.038001858722887416,0.3199084545748629,0.0,-2.2794408071409022,0.0,500,1.7763568394002505e-15
driven_dt1e-3,285,4,-2.6524200481523486,3.060159041643113,1,0.32870068041733724,0.04901902669544659,0.2908331743211621,-2.4419988929430496,2.8076376074098888,500,1.7763568394002505e-15
driven_dt1e-3,285,5,-2.7189907205137063,0.0,1,0.010813157585484845,0.2581824479296455,0.0,-2.7081775629282214,0.0,500,1.7763568394002505e-15
driven_dt1e-3,285,6,-2.9604741803555354,5.370695425996387,1,0.09539478417409282,-0.19853684218195133,0.09133083972044244,-3.041604499309405,5.420875463800928,500,1.7763568394002505e-15
driven_dt1e-3,286,0,-0.9401735849314701,0.0,1,0.004469552486776163,0.6263462058773187,0.0,-0.9357040324446939,0.0,500,6.661338147750939e-16
driven_dt1e-3,286,1,-1.7527488199044507,0.0,1,0.1381754970712039,0.3884999808417475,0.0,-1.8909243169756547,0.0,500,6.661338147750939e-16
driven_dt1e-3,286,2,-2.2396104765324987,0.0,1,0.348686159556844,0.3884999808417475,0.0,-1.8909243169756547,0.0,500,6.661338147750939e-16
driven_dt1e-3,286,3,-2.3174426658637897,0.0,1,0.3758530413851271,0.2601107301014116,0.0,-2.6932957072489168,0.0,500,6.661338147750939e-16
driven_dt1e-3,286,4,-2.6524200481523486,3.060159041643113,1,0.5684353905059765,0.06433823545242176,0.2201272804074199,-2.9451260808734983,2.572878863933895,500,6.661338147750939e-16
driven_dt1e-3,286,5,-2.7189907205137063,0.0,1,0.025695013264789512,0.2601107301014116,0.0,-2.6932957072489168,0.0,500,6.661338147750939e-16
driven_dt1e-3,286,6,-2.9604741803555354,5.370695425996387,1,0.27635298948619386,-0.18196998749018523,0.08108622240715607,-3.2267050985155623,5.444803947865505,500,6.661338147750939e-16
driven_dt1e-3,287,0,-0.9401735849314701,0.0,1,0.004150724108333836,0.6262463653629458,0.0,-0.9360228608231362,0.0,500,1.5543122344752192e-15
driven_dt1e-3,287,1,-1.7527488199044507,0.0,1,0.20304343184654283,0.46077165041545287,0.0,-1.549705388057908,0.0,500,1.5543122344752192e-15
driven_dt1e-3,287,2,-2.2396104765324987,0.0,1,0.21574248689584635,0.3130517504673491,0.03189633048033933,-2.3124458067382445,0.20307593487615513,500,1.5543122344752192e-15
driven_dt1e-3,287,3,-2.3174426658637897,0.0,1,0.20313740159543478,0.3130517504673491,0.03189633048033933,-2.3124458067382445,0.20307593487615513,500,1.5543122344752192e-15
driven_dt1e-3,287,4,-2.6524200481523486,3.060159041643113,1,0.32665721704101275,0.02912979351741638,0.30841247756341084,-2.3437529682911538,2.9532498687207576,500,1.5543122344752192e-15
driven_dt1e-3,287,5,-2.7189907205137063,0.0,1,0.09243192502493969,0.2689366583987755,0.0,-2.6265587954887666,0.0,500,1.5543122344752192e-15
driven_dt1e-3,287,6,-2.9604741803555354,5.370695425996387,1,0.24771597943699825,-0.23393531582042104,0.10444432466112588,-2.7236561081494868,5.443361836015336,500,1.5543122344752192e-15
driven_dt1e-3,288,0,-0.9401735849314701,0.0,1,0.006832111265514418,0.6270865329213814,0.0,-0.9333414736659557,0.0,500,4.440892098500626e-16
driven_dt1e-3,288,1,-1.7527488199044507,0.0,1,0.13035037630233903,0.444324902486236,0.0,-1.6223984436021117,0.0,500,4.440892098500626e-16
driven_dt1e-3,288,2,-2.2396104765324987,0.0,1,0.17829881877029452,0.29850916364233226,0.0,-2.417909295302793,0.0,500,4.440892098500626e-16
driven_dt1e-3,288,3,-2.3174426658637897,0.0,1,0.10046662943900353,0.29850916364233226,0.0,-2.417909295302793,0.0,500,4.440892098500626e-16
driven_dt1e-3,288,4,-2.6524200481523486,3.060159041643113,1,0.2324416657377213,-0.019154820993957412,0.2746859747557473,-2.579402508230285,3.2808342936190797,500,4.440892098500626e-16
driven_dt1e-3,288,5,-2.7189907205137063,0.0,1,0.01307511277731832,0.2584746116780973,0.0,-2.705915607736388,0.0,500,4.440892098500626e-16
driven_dt1e-3,288,6,-2.9604741803555354,5.370695425996387,1,0.0994830357119588,-0.19380054122497015,0.0968515655287661,-3.058909044439207,5.356292234430071,500,4.440892098500626e-16
driven_dt1e-3,289,0,-0.9401735849314701,0.0,1,0.008533716225126886,0.6276202867259771,0.0,-0.9316398687063432,0.0,500,3.9968028886505635e-15
driven_dt1e-3,289,1,-1.7527488199044507,0.0,1,0.056156744181677265,0.4281438516596726,0.0,-1.6965920757227735,0.0,500,3.9968028886505635e-15
driven_dt1e-3,289,2,-2.2396104765324987,0.0,1,0.14801442684300392,0.35141127252507687,0.0,-2.0915960496894948,0.0,500,3.9968028886505635e-15
driven_dt1e-3,289,3,-2.3174426658637897,0.0,1,0.2258466161742949,0.35141127252507687,0.0,-2.0915960496894948,0.0,500,3.9968028886505635e-15
driven_dt1e-3,289,4,-2.6524200481523486,3.060159041643113,1,0.11045252630623893,0.02454360406194169,0.2604578007713759,-2.681788267131117,2.9536824325618434,500,3.9968028886505635e-15
driven_dt1e-3,289,5,-2.7189907205137063,0.0,1,0.006370315251999159,0.25760955253150447,0.0,-2.712620405261707,0.0,500,3.9968028886505635e-15
driven_dt1e-3,289,6,-2.9604741803555354,5.370695425996387,1,0.340484283040331,-0.23653168377499223,0.07581687936884202,-2.7855453114759965,5.662807455584375,500,3.9968028886505635e-15
driven_dt1e-3,290,0,-0.9401735849314701,0.0,1,0.0015283081414046995,0.6244706509882669,0.0,-0.9417018930728748,0.0,500,1.3322676295501878e-15
driven_dt1e-3,290,1,-1.7527488199044507,0.0,1,0.28704455254790573,0.4805364794520209,0.0,-1.465704267356545,0.0,500,1.3322676295501878e-15
driven_dt1e-3,290,2,-2.2396104765324987,0.0,1,0.1592087366735888,0.35338369067199565,0.0,-2.08040173985891,0.0,500,1.3322676295501878e-15
driven_dt1e-3,290,3,-2.3174426658637897,0.0,1,0.2370409260048798,0.35338369067199565,0.0,-2.08040173985891,0.0,500,1.3322676295501878e-15
driven_dt1e-3,290,4,-2.6524200481523486,3.060159041643113,1,0.7918320928731146,-0.031660243626528944,0.3855313703221755,-1.8995441973894425,3.305467045266817,500,1.3322676295501878e-15
driven_dt1e-3,290,5,-2.7189907205137063,0.0,1,0.17149310065611711,0.23568905398205342,0.0,-2.8904838211698234,0.0,500,1.3322676295501878e-15
driven_dt1e-3,290,6,-2.9604741803555354,5.370695425996387,1,0.5581978924534841,-0.1503796031501273,0.08661793293766847,-3.5026757310223884,5.238021519013999,500,1.3322676295501878e-15
driven_dt1e-3,291,0,-0.9401735849314701,0.0,1,0.00045475766125857575,0.6248059413516018,0.0,-0.9406283425927287,0.0,500,2.4424906541753444e-15
driven_dt1e-3,291,1,-1.7527488199044507,0.0,1,0.0564587292858485,0.4047022066348571,0.0,-1.8092075491902992,0.0,500,2.4424906541753444e-15
driven_dt1e-3,291,2,-2.2396104765324987,0.0,1,0.04017997050380462,0.3198525330838037,0.0,-2.2797904470363033,0.0,500,2.4424906541753444e-15
driven_dt1e-3,291,3,-2.3174426658637897,0.0,1,0.02849047743272326,0.3094475798469703,0.0,-2.345933143296513,0.0,500,2.4424906541753444e-15
driven_dt1e-3,291,4,-2.6524200481523486,3.060159041643113,1,0.3763622468023527,0.0021315675934280263,0.2204997895429651,-3.0236236309154743,3.1222592909335494,500,2.4424906541753444e-15
driven_dt1e-3,291,5,-2.7189907205137063,0.0,1,0.09305571674297308,0.2451161207129383,0.0,-2.8120464372566794,0.0,500,2.4424906541753444e-15
driven_dt1e-3,291,6,-2.9604741803555354,5.370695425996387,1,0.46797894037702226,-0.17358060637342218,0.14325311897792173,-2.982782820688105,4.9032485164944495,500,2.4424906541753444e-15
driven_dt1e-3,292,0,-0.9401735849314701,0.0,1,0.0037552253774824074,0.626122537785411,0.0,-0.9364183595539877,0.0,500,1.5543122344752192e-15
driven_dt1e-3,292,1,-1.7527488199044507,0.0,1,0.07420940160506184,0.40112623097322975,0.0,-1.8269582215095126,0.0,500,1.5543122344752192e-15
driven_dt1e-3,292,2,-2.2396104765324987,0.0,1,0.10069817547491411,0.3431951131549216,0.0,-2.1389123010575846,0.0,500,1.5543122344752192e-15
driven_dt1e-3,292,3,-2.3174426658637897,0.0,1,0.1785303648062051,0.3431951131549216,0.0,-2.1389123010575846,0.0,500,1.5543122344752192e-15
driven_dt1e-3,292,4,-2.6524200481523486,3.060159041643113,1,0.7648746764269342,0.07249759469545217,0.19901649364222207,-3.1041314907642796,2.4429151325985154,500,1.5543122344752192e-15
driven_dt1e-3,292,5,-2.7189907205137063,0.0,1,0.1511367642809249,0.24485544883465565,0.014738532646269661,-2.8105578705219547,0.12024050297913254,500,1.5543122344752192e-15
driven_dt1e-3,292,6,-2.9604741803555354,5.370695425996387,1,0.24386658700721797,-0.20824676191275973,0.07323937242189553,-3.021445656795493,5.606816986467431,500,1.5543122344752192e-15
driven_dt1e-3,293,0,-0.9401735849314701,0.0,1,0.003844388886833028,0.6261504520490161,0.0,-0.936329196044637,0.0,500,6.661338147750939e-16
driven_dt1e-3,293,1,-1.7527488199044507,0.0,1,0.08407694116971798,0.3991520406010138,0.0,-1.8368257610741687,0.0,500,6.661338147750939e-16
driven_dt1e-3,293,2,-2.2396104765324987,0.0,1,0.012916538865472837,0.3284577813387639,0.0,-2.226693937667026,0.0,500,6.661338147750939e-16
driven_dt1e-3,293,3,-2.3174426658637897,0.0,1,0.09074872819676383,0.3284577813387639,0.0,-2.226693937667026,0.0,500,6.661338147750939e-16
driven_dt1e-3,293,4,-2.6524200481523486,3.060159041643113,1,0.5764416613823012,-0.0036680595636059896,0.2001901883124667,-3.216639174098847,3.1782343010896072,500,6.661338147750939e-16
driven_dt1e-3,293,5,-2.7189907205137063,0.0,1,0.14901499402643967,0.2763156734992456,0.0035866015543786008,-2.5722541760862585,0.025958716728519193,500,6.661338147750939e-16
driven_dt1e-3,293,6,-2.9604741803555354,5.370695425996387,1,0.3475347040123682,-0.20652296850372245,0.06188107325152825,-3.0687115714403608,5.700945388394742,500,6.661338147750939e-16
driven_dt1e-3,294,0,-0.9401735849314701,0.0,1,0.009898258231269774,0.6218627177715845,0.0,-0.9500718431627398,0.0,500,2.3314683517128287e-15
driven_dt1e-3,294,1,-1.7527488199044507,0.0,1,0.022321585033294067,0.4116691844768101,0.0,-1.7750704049377448,0.0,500,2.3314683517128287e-15
driven_dt1e-3,294,2,-2.2396104765324987,0.0,1,0.2784960873561655,0.28392269404436166,0.0,-2.518106563888664,0.0,500,2.3314683517128287e-15
driven_dt1e-3,294,3,-2.3174426658637897,0.0,1,0.2006638980248745,0.28392269404436166,0.0,-2.518106563888664,0.0,500,2.3314683517128287e-15
driven_dt1e-3,294,4,-2.6524200481523486,3.060159041643113,1,0.35556333916325517,0.05088666271308787,0.2953998247589124,-2.4096080017767147,2.8004137851093294,500,2.3314683517128287e-15
driven_dt1e-3,294,5,-2.7189907205137063,0.0,1,0.001998471991771833,0.25653386488275404,0.0,-2.720989192505478,0.0,500,2.3314683517128287e-15
driven_dt1e-3,294,6,-2.9604741803555354,5.370695425996387,1,0.3050025879327832,-0.20230359800271983,0.06676961630381144,-3.0925752240749085,5.645606125849898,500,2.3314683517128287e-15
driven_dt1e-3,295,0,-0.9401735849314701,0.0,1,0.013749964051004704,0.6292593346950247,0.0,-0.9264236208804654,0.0,500,6.8833827526759706e-15
driven_dt1e-3,295,1,-1.7527488199044507,0.0,1,0.05028050222046443,0.42688775940550344,0.0,-1.7024683176839863,0.0,500,6.8833827526759706e-15
driven_dt1e-3,295,2,-2.2396104765324987,0.0,1,0.25205295657740256,0.3701752414318438,0.0,-1.987557519955096,0.0,500,6.8833827526759706e-15
driven_dt1e-3,295,3,-2.3174426658637897,0.0,1,0.27905894174976925,0.27750820160296497,0.019440111292903076,-2.558914246940176,0.13987626139903545,500,6.8833827526759706e-15
driven_dt1e-3,295,4,-2.6524200481523486,3.060159041643113,1,0.29471130943783713,-0.012094409123142273,0.30001256003282284,-2.406238057242527,3.2221750385762586,500,6.8833827526759706e-15
driven_dt1e-3,295,5,-2.7189907205137063,0.0,1,0.21257903446649773,0.27750820160296497,0.019440111292903076,-2.558914246940176,0.13987626139903545,500,6.8833827526759706e-15
driven_dt1e-3,295,6,-2.9604741803555354,5.370695425996387,1,0.4945279464779904,-0.19345420811229297,0.0487697683611784,-3.223812466497932,5.789277361702317,500,6.8833827526759706e-15
driven_dt1e-3,296,0,-0.9401735849314701,0.0,1,0.012563414206305246,0.6210345890981914,0.0,-0.9527369991377753,0.0,500,3.3306690738754696e-16
driven_dt1e-3,296,1,-1.7527488199044507,0.0,1,0.02852471752614849,0.41039434325376317,0.0,-1.7812735374305992,0.0,500,3.3306690738754696e-16
driven_dt1e-3,296,2,-2.2396104765324987,0.0,1,0.059599730527710726,0.3167618328134492,0.0,-2.2992102070602094,0.0,500,3.3306690738754696e-16
driven_dt1e-3,296,3,-2.3174426658637897,0.0,1,0.018232458803580265,0.3167618328134492,0.0,-2.2992102070602094,0.0,500,3.3306690738754696e-16
driven_dt1e-3,296,4,-2.6524200481523486,3.060159041643113,1,0.2584456167597342,0.03826057768656176,0.2884147571775031,-2.469266273090511,2.877816420451804,500,3.3306690738754696e-16
driven_dt1e-3,296,5,-2.7189907205137063,0.0,1,0.31186859077437834,0.2197137633063618,0.0,-3.0308593112880846,0.0,500,3.3306690738754696e-16
driven_dt1e-3,296,6,-2.9604741803555354,5.370695425996387,1,0.3457801048071507,-0.18927027644928454,0.13715033008360805,-2.907108935669125,5.029058145331639,500,3.3306690738754696e-16
driven_dt1e-3,297,0,-0.9401735849314701,0.0,1,0.0070276272337645995,0.6227559278342777,0.0,-0.9472012121652347,0.0,500,2.220446049250313e-16
driven_dt1e-3,297,1,-1.7527488199044507,0.0,1,0.1141358824741543,0.3931978529450564,0.0,-1.866884702378605,0.0,500,2.220446049250313e-16
driven_dt1e-3,297,2,-2.2396104765324987,0.0,1,0.03928797142964857,0.3328174117140261,0.0,-2.20032250510285,0.0,500,2.220446049250313e-16
driven_dt1e-3,297,3,-2.3174426658637897,0.0,1,0.11712016076093956,0.3328174117140261,0.0,-2.20032250510285,0.0,500,2.220446049250313e-16
driven_dt1e-3,297,4,-2.6524200481523486,3.060159041643113,1,0.8076640104868068,0.019570751456284632,0.17726328183358908,-3.4481227954919103,2.921673332229086,500,2.220446049250313e-16
driven_dt1e-3,297,5,-2.7189907205137063,0.0,1,0.05851951621814815,0.2513922747439394,0.005112762254205414,-2.7610678844657897,0.0406699649883744,500,2.220446049250313e-16
driven_dt1e-3,297,6,-2.9604741803555354,5.370695425996387,1,0.0896091742517512,-0.19800546468184096,0.0925116153707777,-3.0414712737918594,5.40902654866385,500,2.220446049250313e-16
driven_dt1e-3,298,0,-0.9401735849314701,0.0,1,0.0043503528531478874,0.6263088768705982,0.0,-0.9358232320783222,0.0,500,5.773159728050814e-15
driven_dt1e-3,298,1,-1.7527488199044507,0.0,1,0.10282754141883244,0.3954273577171015,0.0,-1.8555763613232832,0.0,500,5.773159728050814e-15
driven_dt1e-3,298,2,-2.2396104765324987,0.0,1,0.0813855925761211,0.31333009280408175,0.0,-2.3209960691086198,0.0,500,5.773159728050814e-15
driven_dt1e-3,298,3,-2.3174426658637897,0.0,1,0.003553403244830111,0.31333009280408175,0.0,-2.3209960691086198,0.0,500,5.773159728050814e-15
driven_dt1e-3,298,4,-2.6524200481523486,3.060159041643113,1,0.871294799688458,-0.0916807455232855,0.22547661626903356,-2.8260728174784884,3.9139736255367783,500,5.773159728050814e-15
driven_dt1e-3,298,5,-2.7189907205137063,0.0,1,0.019281592240030676,0.25927796621876975,0.0,-2.6997091282736756,0.0,500,5.773159728050814e-15
driven_dt1e-3,298,6,-2.9604741803555354,5.370695425996387,1,0.36917757520024963,-0.23315311786852166,0.13582671357686554,-2.6199119624822607,5.228184171044464,500,5.773159728050814e-15
driven_dt1e-3,299,0,-0.9401735849314701,0.0,1,0.003980437773133283,0.6237054786658345,0.0,-0.9441540227046034,0.0,500,1.7763568394002505e-15
driven_dt1e-3,299,1,-1.7527488199044507,0.0,1,0.152267641231302,0.3857722033176835,0.0,-1.9050164611357527,0.0,500,1.7763568394002505e-15
driven_dt1e-3,299,2,-2.2396104765324987,0.0,1,0.33459401539674594,0.3857722033176835,0.0,-1.9050164611357527,0.0,500,1.7763568394002505e-15
driven_dt1e-3,299,3,-2.3174426658637897,0.0,1,0.3144075515718261,0.26822607015055383,0.0,-2.6318502174356158,0.0,500,1.7763568394002505e-15
driven_dt1e-3,299,4,-2.6524200481523486,3.060159041643113,1,0.8452920782768701,0.044452895508215004,0.17789450131827783,-3.3925593912042507,2.651854681558226,500,1.7763568394002505e-15
driven_dt1e-3,299,5,-2.7189907205137063,0.0,1,0.08714050307809051,0.26822607015055383,0.0,-2.6318502174356158,0.0,500,1.7763568394002505e-15
driven_dt1e-3,299,6,-2.9604741803555354,5.370695425996387,1,0.11833210273267875,-0.2096259491229289,0.11297365747835231,-2.869873740150716,5.294576789830004,500,1.7763568394002505e-15
driven_dt1e-3,300,0,-0.9401735849314701,0.0,1,0.005111008762229918,0.6265471249479794,0.0,-0.9350625761692402,0.0,500,4.218847493575595e-15
driven_dt1e-3,300,1,-1.7527488199044507,0.0,1,0.02702350972173062,0.4219524474381138,0.0,-1.7257253101827201,0.0,500,4.218847493575595e-15
driven_dt1e-3,300,2,-2.2396104765324987,0.0,1,0.06763033948395547,0.3375674055292553,0.0,-2.171980137048543,0.0,500,4.218847493575595e-15
driven_dt1e-3,300,3,-2.3174426658637897,0.0,1,0.14546252881524646,0.3375674055292553,0.0,-2.171980137048543,0.0,500,4.218847493575595e-15
driven_dt1e-3,300,4,-2.6524200481523486,3.060159041643113,1,0.5329630382326522,-0.01920458739875834,0.20974507114336732,-3.1153762912266436,3.3242066076624077,500,4.218847493575595e-15
driven_dt1e-3,300,5,-2.7189907205137063,0.0,1,0.05504049691095059,0.2498197531110216,0.0,-2.774031217424657,0.0,500,4.218847493575595e-15
driven_dt1e-3,300,6,-2.9604741803555354,5.370695425996387,1,0.44719973440927807,-0.15802451606890394,0.10402370852587138,-3.3300118865322346,5.118843314293125,500,4.218847493575595e-15
driven_dt1e-3,301,0,-0.9401735849314701,0.0,1,0.0024196533318437963,0.6257045614810054,0.0,-0.9377539315996263,0.0,500,2.220446049250313e-15
driven_dt1e-3,301,1,-1.7527488199044507,0.0,1,0.04299869523799282,0.40743504508488443,0.0,-1.7957475151424436,0.0,500,2.220446049250313e-15
driven_dt1e-3,301,2,-2.2396104765324987,0.0,1,0.1000210049682635,0.3430789320203134,0.0,-2.139589471564235,0.0,500,2.220446049250313e-15
driven_dt1e-3,301,3,-2.3174426658637897,0.0,1,0.17785319429955448,0.3430789320203134,0.0,-2.139589471564235,0.0,500,2.220446049250313e-15
driven_dt1e-3,301,4,-2.6524200481523486,3.060159041643113,1,0.44167375941909887,0.017731997957580084,0.21301264168452336,-3.085901884832419,2.975487871650768,500,2.220446049250313e-15
driven_dt1e-3,301,5,-2.7189907205137063,0.0,1,0.05986553879430289,0.2629952738192687,0.004692406897664181,-2.670920142030061,0.035680558002641485,500,2.220446049250313e-15
driven_dt1e-3,301,6,-2.9604741803555354,5.370695425996387,1,0.2344839688472247,-0.1866353004157682,0.11978354681387669,-3.012251295436585,5.141999422532772,500,2.220446049250313e-15
driven_dt1e-3,302,0,-0.9401735849314701,0.0,1,0.00020135942346133362,0.6248851087289663,0.0,-0.9403749443549314,0.0,500,3.3306690738754696e-15
driven_dt1e-3,302,1,-1.7527488199044507,0.0,1,0.16818230593125505,0.38271466673524607,0.0,-1.9209311258357058,0.0,500,3.3306690738754696e-15
driven_dt1e-3,302,2,-2.2396104765324987,0.0,1,0.21339038311788494,0.3630880011428426,0.0,-2.0262200934146137,0.0,500,3.3306690738754696e-15
driven_dt1e-3,302,3,-2.3174426658637897,0.0,1,0.29122257244917593,0.3630880011428426,0.0,-2.0262200934146137,0.0,500,3.3306690738754696e-15
driven_dt1e-3,302,4,-2.6524200481523486,3.060159041643113,1,0.43631404357298254,-0.008797742919763468,0.21664941058689524,-3.0573020348762965,3.222764458051901,500,3.3306690738754696e-15
driven_dt1e-3,302,5,-2.7189907205137063,0.0,1,0.019015089670143315,0.25436045466661844,0.0,-2.7380058101838496,0.0,500,3.3306690738754696e-15
driven_dt1e-3,302,6,-2.9604741803555354,5.370695425996387,1,0.3266387113349638,-0.242375200514359,0.08933988852628383,-2.7071403125823785,5.576886597440895,500,3.3306690738754696e-15
driven_dt1e-3,303,0,-0.9401735849314701,0.0,1,0.004447938081683422,0.6263394368635847,0.0,-0.9357256468497867,0.0,500,3.1086244689504383e-15
driven_dt1e-3,303,1,-1.7527488199044507,0.0,1,0.16206938785113056,0.4514278515946126,0.0,-1.5906794320533202,0.0,500,3.1086244689504383e-15
driven_dt1e-3,303,2,-2.2396104765324987,0.0,1,0.05807335922854984,0.33595819088470746,0.0,-2.181537117303949,0.0,500,3.1086244689504383e-15
driven_dt1e-3,303,3,-2.3174426658637897,0.0,1,0.13590554855984083,0.33595819088470746,0.0,-2.181537117303949,0.0,500,3.1086244689504383e-15
driven_dt1e-3,303,4,-2.6524200481523486,3.060159041643113,1,0.7701880534283725,-0.020911846083946237,0.3850102741512325,-1.9060247380544078,3.2501160860178464,500,3.1086244689504383e-15
driven_dt1e-3,303,5,-2.7189907205137063,0.0,1,0.07574968745665567,0.2472463171136041,0.0,-2.794740407970362,0.0,500,3.1086244689504383e-15
driven_dt1e-3,303,6,-2.9604741803555354,5.370695425996387,1,0.16082300565164975,-0.21912419203987138,0.08894230280895205,-2.883723302149182,5.512022499982174,500,3.1086244689504383e-15
driven_dt1e-3,304,0,-0.9401735849314701,0.0,1,0.00537658841644173,0.6266303295566155,0.0,-0.9347969965150283,0.0,500,7.771561172376096e-16
driven_dt1e-3,304,1,-1.7527488199044507,0.0,1,0.13328526757174664,0.4449774037627634,0.0,-1.6194635523327041,0.0,500,7.771561172376096e-16
driven_dt1e-3,304,2,-2.2396104765324987,0.0,1,0.13137527171370067,0.348499807060751,0.0,-2.108235204818798,0.0,500,7.771561172376096e-16
driven_dt1e-3,304,3,-2.3174426658637897,0.0,1,0.20920746104499166,0.348499807060751,0.0,-2.108235204818798,0.0,500,7.771561172376096e-16
driven_dt1e-3,304,4,-2.6524200481523486,3.060159041643113,1,0.36849469772312277,0.05659884930503364,0.2506697489160184,-2.7175135461734596,2.697459194985534,500,7.771561172376096e-16
driven_dt1e-3,304,5,-2.7189907205137063,0.0,1,0.036361692419372815,0.26150169489943575,0.0,-2.6826290280943335,0.0,500,7.771561172376096e-16
driven_dt1e-3,304,6,-2.9604741803555354,5.370695425996387,1,0.35381242583346906,-0.2226818366838352,0.13945063922907508,-2.673160760580322,5.164214842184649,500,7.771561172376096e-16
driven_dt1e-3,305,0,-0.9401735849314701,0.0,1,0.002238855937127915,0.6256480011602448,0.0,-0.9379347289943422,0.0,500,0.0
driven_dt1e-3,305,1,-1.7527488199044507,0.0,1,0.14145037958159934,0.38786435548708365,0.0,-1.89419919948605,0.0,500,0.0
driven_dt1e-3,305,2,-2.2396104765324987,0.0,1,0.21728809173685779,0.3025921200764285,0.024600374237347865,-2.3841512905186706,0.1622407713950472,500,0.0
driven_dt1e-3,305,3,-2.3174426658637897,0.0,1,0.17541980648206676,0.3025921200764285,0.024600374237347865,-2.3841512905186706,0.1622407713950472,500,0.0
driven_dt1e-3,305,4,-2.6524200481523486,3.060159041643113,1,0.5995228728757188,0.05784527619288339,0.21057252477465827,-3.0430993033358127,2.6054092261726183,500,0.0
driven_dt1e-3,305,5,-2.7189907205137063,0.0,1,0.002514888899366241,0.2571134335439339,0.0,-2.71647583161434,0.0,500,0.0
driven_dt1e-3,305,6,-2.9604741803555354,5.370695425996387,1,0.45736827763525933,-0.19958977104658263,0.051044111443465906,-3.1596267835647307,5.782428327307473,500,0.0
driven_dt1e-3,306,0,-0.9401735849314701,0.0,1,0.002522061381821872,0.6257366008932737,0.0,-0.9376515235496482,0.0,500,8.881784197001252e-16
driven_dt1e-3,306,1,-1.7527488199044507,0.0,1,0.15919033763036272,0.3844392196874105,0.0,-1.9119391575348135,0.0,500,8.881784197001252e-16
driven_dt1e-3,306,2,-2.2396104765324987,0.0,1,0.1903148546328457,0.2967210919963328,0.0,-2.4299253311653444,0.0,500,8.881784197001252e-16
driven_dt1e-3,306,3,-2.3174426658637897,0.0,1,0.11248266530155471,0.2967210919963328,0.0,-2.4299253311653444,0.0,500,8.881784197001252e-16
driven_dt1e-3,306,4,-2.6524200481523486,3.060159041643113,1,0.3773963696778595,0.015660192100081866,0.2198139619755099,-3.0248847167533186,2.999347114441312,500,8.881784197001252e-16
driven_dt1e-3,306,5,-2.7189907205137063,0.0,1,0.15546862839281195,0.27754809484380966,0.0,-2.5635220921208943,0.0,500,8.881784197001252e-16
driven_dt1e-3,306,6,-2.9604741803555354,5.370695425996387,1,0.4578831906751369,-0.1636472774145205,0.07754257951796792,-3.4175315698229944,5.39818286014429,500,8.881784197001252e-16
driven_dt1e-3,307,0,-0.9401735849314701,0.0,1,0.01028730350304563,0.6217417631611494,0.0,-0.9504608884345157,0.0,500,4.218847493575595e-15
driven_dt1e-3,307,1,-1.7527488199044507,0.0,1,0.08886935576566057,0.4352042873377812,0.0,-1.6638794641387902,0.0,500,4.218847493575595e-15
driven_dt1e-3,307,2,-2.2396104765324987,0.0,1,0.15526519976105568,0.3526875863615606,0.0,-2.084345276771443,0.0,500,4.218847493575595e-15
driven_dt1e-3,307,3,-2.3174426658637897,0.0,1,0.23309738909234667,0.3526875863615606,0.0,-2.084345276771443,0.0,500,4.218847493575595e-15
driven_dt1e-3,307,4,-2.6524200481523486,3.060159041643113,1,0.4110467503628789,0.00924311326911353,0.21596516515955264,-3.063446226663691,3.0560466746549793,500,4.218847493575595e-15
driven_dt1e-3,307,5,-2.7189907205137063,0.0,1,0.006765101701888376,0.2576604079309457,0.0,-2.712225618811818,0.0,500,4.218847493575595e-15
driven_dt1e-3,307,6,-2.9604741803555354,5.370695425996387,1,0.4144694963362268,-0.1642587274307412,0.11977081295467705,-3.186263989505229,5.0231268349566465,500,4.218847493575595e-15
driven_dt1e-3,308,0,-0.9401735849314701,0.0,1,0.0020013917892275357,0.6255737210853052,0.0,-0.9381721931422425,0.0,500,1.7763568394002505e-15
driven_dt1e-3,308,1,-1.7527488199044507,0.0,1,0.07822606264910492,0.4328944354986999,0.0,-1.6745227572553458,0.0,500,1.7763568394002505e-15
driven_dt1e-3,308,2,-2.2396104765324987,0.0,1,0.2491434111148847,0.36963711210766137,0.0,-1.990467065417614,0.0,500,1.7763568394002505e-15
driven_dt1e-3,308,3,-2.3174426658637897,0.0,1,0.3269756004461757,0.36963711210766137,0.0,-1.990467065417614,0.0,500,1.7763568394002505e-15
driven_dt1e-3,308,4,-2.6524200481523486,3.060159041643113,1,0.31200359489624285,-0.027454613060888172,0.252144965391217,-2.7437161460699473,3.3585066002609087,500,1.7763568394002505e-15
driven_dt1e-3,308,5,-2.7189907205137063,0.0,1,0.0013261982705690123,0.2566201098649804,0.0,-2.7203169187842753,0.0,500,1.7763568394002505e-15
driven_dt1e-3,308,6,-2.9604741803555354,5.370695425996387,1,0.21551863146593364,-0.22979213505011692,0.10452308521065429,-2.753107704727506,5.429410205179816,500,1.7763568394002505e-15
driven_dt1e-3,309,0,-0.9401735849314701,0.0,1,0.017174921998313164,0.6303378512795824,0.0,-0.9229986629331569,0.0,500,4.440892098500626e-15
driven_dt1e-3,309,1,-1.7527488199044507,0.0,1,0.19011495333558437,0.3785406226046867,0.0,-1.9428637732400351,0.0,500,4.440892098500626e-15
driven_dt1e-3,309,2,-2.2396104765324987,0.0,1,0.29674670329246355,0.3785406226046867,0.0,-1.9428637732400351,0.0,500,4.440892098500626e-15
driven_dt1e-3,309,3,-2.3174426658637897,0.0,1,0.24155205075367636,0.27817708872089175,0.0,-2.558994716617466,0.0,500,4.440892098500626e-15
driven_dt1e-3,309,4,-2.6524200481523486,3.060159041643113,1,0.8766155955911161,-0.00685340979149055,0.17241316095435796,-3.5141443586819774,3.221050666893786,500,4.440892098500626e-15
driven_dt1e-3,309,5,-2.7189907205137063,0.0,1,0.034288050413167515,0.25242543382512533,0.0,-2.753278770926874,0.0,500,4.440892098500626e-15
driven_dt1e-3,309,6,-2.9604741803555354,5.370695425996387,1,0.2513397844163186,-0.18686128237464972,0.07961996775330762,-3.187947133301787,5.477596047642634,500,4.440892098500626e-15
driven_dt1e-3,310,0,-0.9401735849314701,0.0,1,0.018629047127382115,0.6307963129792304,0.0,-0.921544537804088,0.0,500,3.774758283725532e-15
driven_dt1e-3,310,1,-1.7527488199044507,0.0,1,0.03815221344729802,0.4084235555641222,0.0,-1.7909010333517488,0.0,500,3.774758283725532e-15
driven_dt1e-3,310,2,-2.2396104765324987,0.0,1,0.11309634559936033,0.30840130337117116,0.0,-2.352706822131859,0.0,500,3.774758283725532e-15
driven_dt1e-3,310,3,-2.3174426658637897,0.0,1,0.035264156268069335,0.30840130337117116,0.0,-2.352706822131859,0.0,500,3.774758283725532e-15
driven_dt1e-3,310,4,-2.6524200481523486,3.060159041643113,1,0.2770009061648675,-0.013093351881079605,0.23973530920487593,-2.853461232157977,3.25071597368646,500,3.774758283725532e-15
driven_dt1e-3,310,5,-2.7189907205137063,0.0,1,0.05165003523315814,0.26350831839427585,0.0,-2.667340685280548,0.0,500,3.774758283725532e-15
driven_dt1e-3,310,6,-2.9604741803555354,5.370695425996387,1,0.2224927143703736,-0.18496486947647472,0.11576365733601357,-3.044644671888269,5.164738303509607,500,3.774758283725532e-15
driven_dt1e-3,311,0,-0.9401735849314701,0.0,1,0.006521153206993202,0.6269890416950974,0.0,-0.9336524317244769,0.0,500,3.219646771412954e-15
driven_dt1e-3,311,1,-1.7527488199044507,0.0,1,0.05213492727197888,0.40557807917661587,0.0,-1.8048837471764296,0.0,500,3.219646771412954e-15
driven_dt1e-3,311,2,-2.2396104765324987,0.0,1,0.27343067923022335,0.2846631668780453,0.0013583075930426263,-2.512874568350094,0.009543189582422496,500,3.219646771412954e-15
driven_dt1e-3,311,3,-2.3174426658637897,0.0,1,0.19566476682536,0.2846631668780453,0.0013583075930426263,-2.512874568350094,0.009543189582422496,500,3.219646771412954e-15
driven_dt1e-3,311,4,-2.6524200481523486,3.060159041643113,1,0.8256333104678014,0.0902911230525506,0.20443304404208118,-2.996825743206038,2.309789079178859,500,3.219646771412954e-15
driven_dt1e-3,311,5,-2.7189907205137063,0.0,1,0.20633695900186996,0.2846631668780453,0.0013583075930426263,-2.512874568350094,0.009543189582422496,500,3.219646771412954e-15
driven_dt1e-3,311,6,-2.9604741803555354,5.370695425996387,1,0.5146289788831614,-0.18201907869854722,0.1559150022949587,-2.857006816824459,4.86657491402504,500,3.219646771412954e-15
driven_dt1e-3,312,0,-0.9401735849314701,0.0,1,0.007398652454544963,0.6272641932581612,0.0,-0.9327749324769251,0.0,500,2.220446049250313e-16
driven_dt1e-3,312,1,-1.7527488199044507,0.0,1,0.07621191682191841,0.40072480128332993,0.0,-1.8289607367263692,0.0,500,2.220446049250313e-16
driven_dt1e-3,312,2,-2.2396104765324987,0.0,1,0.07355527561396169,0.3385689209341639,0.0,-2.166055200918537,0.0,500,2.220446049250313e-16
driven_dt1e-3,312,3,-2.3174426658637897,0.0,1,0.09541050434634046,0.29926476818401543,0.0,-2.41285317021013,0.0,500,2.220446049250313e-16
driven_dt1e-3,312,4,-2.6524200481523486,3.060159041643113,1,0.4653299025504513,0.058206118651277956,0.23107037602310543,-2.868545222603503,2.6480646020105567,500,2.220446049250313e-16
driven_dt1e-3,312,5,-2.7189907205137063,0.0,1,0.016963993205532546,0.25897768905080215,0.0,-2.7020267273081737,0.0,500,2.220446049250313e-16
driven_dt1e-3,312,6,-2.9604741803555354,5.370695425996387,1,0.19661841495493163,-0.18288409107807027,0.10139925871608506,-3.129757492373493,5.27068561961911,500,2.220446049250313e-16
driven_dt1e-3,313,0,-0.9401735849314701,0.0,1,0.005227322037939741,0.6233167555779896,0.0,-0.9454009069694098,0.0,500,2.4424906541753444e-15
driven_dt1e-3,313,1,-1.7527488199044507,0.0,1,0.18974441070075354,0.3786107618217238,0.0,-1.9424932306052043,0.0,500,2.4424906541753444e-15
driven_dt1e-3,313,2,-2.2396104765324987,0.0,1,0.2965663549760116,0.2813689685104231,0.0,-2.5361768315085103,0.0,500,2.4424906541753444e-15
driven_dt1e-3,313,3,-2.3174426658637897,0.0,1,0.2187341656447206,0.2813689685104231,0.0,-2.5361768315085103,0.0,500,2.4424906541753444e-15
driven_dt1e-3,313,4,-2.6524200481523486,3.060159041643113,1,0.506083225068821,-0.05447740135576705,0.2539000346379223,-2.6966205464592945,3.56430837135156,500,2.4424906541753444e-15
driven_dt1e-3,313,5,-2.7189907205137063,0.0,1,0.05087673469139098,0.2503403898997745,0.0,-2.7698674552050973,0.0,500,2.4424906541753444e-15
driven_dt1e-3,313,6,-2.9604741803555354,5.370695425996387,1,0.3390031266675341,-0.23839709906213594,0.12478781383985704,-2.6254774997671344,5.318730592838596,500,2.4424906541753444e-15
driven_dt1e-3,314,0,-0.9401735849314701,0.0,1,0.01120906175627423,0.6284603990630762,0.0,-0.9289645231751958,0.0,500,2.4424906541753444e-15
driven_dt1e-3,314,1,-1.7527488199044507,0.0,1,0.015253029216061753,0.41312671191750305,0.0,-1.7680018491205125,0.0,500,2.4424906541753444e-15
driven_dt1e-3,314,2,-2.2396104765324987,0.0,1,0.451349452648353,0.28432582303306164,0.05512850765123674,-2.4783641864600194,0.3830313230035021,500,2.4424906541753444e-15
driven_dt1e-3,314,3,-2.3174426658637897,0.0,1,0.3799394227874586,0.2595798168396119,0.0,-2.6973820886512483,0.0,500,2.4424906541753444e-15
driven_dt1e-3,314,4,-2.6524200481523486,3.060159041643113,1,0.45331729722463815,-0.02667286977310861,0.2243166900107369,-2.975352961605585,3.378295655964155,500,2.4424906541753444e-15
driven_dt1e-3,314,5,-2.7189907205137063,0.0,1,0.021608631862457983,0.2595798168396119,0.0,-2.6973820886512483,0.0,500,2.4424906541753444e-15
driven_dt1e-3,314,6,-2.9604741803555354,5.370695425996387,1,0.31565011013276034,-0.1707705403259493,0.10277440787076728,-3.2257706305972227,5.199660968894949,500,2.4424906541753444e-15
driven_dt1e-3,315,0,-0.9401735849314701,0.0,1,0.0035263418886868347,0.6238471057887839,0.0,-0.9436999268201569,0.0,500,3.1086244689504383e-15
driven_dt1e-3,315,1,-1.7527488199044507,0.0,1,0.03190131183788081,0.4097020602054523,0.0,-1.7846501317423316,0.0,500,3.1086244689504383e-15
driven_dt1e-3,315,2,-2.2396104765324987,0.0,1,0.07216093196387385,0.3383329624830023,0.0,-2.167449544568625,0.0,500,3.1086244689504383e-15
driven_dt1e-3,315,3,-2.3174426658637897,0.0,1,0.14999312129516484,0.3383329624830023,0.0,-2.167449544568625,0.0,500,3.1086244689504383e-15
driven_dt1e-3,315,4,-2.6524200481523486,3.060159041643113,1,0.556121541570151,0.0691152119667329,0.22714968612257902,-2.8757491278127305,2.5508504012526245,500,3.1086244689504383e-15
driven_dt1e-3,315,5,-2.7189907205137063,0.0,1,0.005799048473214441,0.2575359811495968,0.0,-2.713191672040492,0.0,500,3.1086244689504383e-15
driven_dt1e-3,315,6,-2.9604741803555354,5.370695425996387,1,0.38958090706059967,-0.2471712040673696,0.08012688128019423,-2.695421462015625,5.656213095584074,500,3.1086244689504383e-15
driven_dt1e-3,316,0,-0.9401735849314701,0.0,1,0.003923297892582833,0.626175156991184,0.0,-0.9362502870388872,0.0,500,3.774758283725532e-15
driven_dt1e-3,316,1,-1.7527488199044507,0.0,1,0.033210175369307926,0.4232597076469095,0.0,-1.7195386445351428,0.0,500,3.774758283725532e-15
driven_dt1e-3,316,2,-2.2396104765324987,0.0,1,0.12288704718180465,0.34702386899379334,0.0,-2.116723429350694,0.0,500,3.774758283725532e-15
driven_dt1e-3,316,3,-2.3174426658637897,0.0,1,0.20071923651309564,0.34702386899379334,0.0,-2.116723429350694,0.0,500,3.774758283725532e-15
driven_dt1e-3,316,4,-2.6524200481523486,3.060159041643113,1,0.5254954671405181,-0.05920978603823958,0.26276543465216284,-2.623459004742319,3.58485585309696,500,3.774758283725532e-15
driven_dt1e-3,316,5,-2.7189907205137063,0.0,1,0.03850361063761243,0.26178190254031924,0.0,-2.680487109876094,0.0,500,3.774758283725532e-15
driven_dt1e-3,316,6,-2.9604741803555354,5.370695425996387,1,0.275293542909271,-0.1754879522827679,0.10787714568225547,-3.1598171353793654,5.180829891867873,500,3.774758283725532e-15
driven_dt1e-3,317,0,-0.9401735849314701,0.0,1,0.0019275717974063244,0.6243459992133221,0.0,-0.9421011567288764,0.0,500,5.329070518200751e-15
driven_dt1e-3,317,1,-1.7527488199044507,0.0,1,0.3360017090523908,0.3519116023962621,0.0,-2.0887505289568415,0.0,500,5.329070518200751e-15
driven_dt1e-3,317,2,-2.2396104765324987,0.0,1,0.15085994757565713,0.3519116023962621,0.0,-2.0887505289568415,0.0,500,5.329070518200751e-15
driven_dt1e-3,317,3,-2.3174426658637897,0.0,1,0.22869213690694812,0.3519116023962621,0.0,-2.0887505289568415,0.0,500,5.329070518200751e-15
driven_dt1e-3,317,4,-2.6524200481523486,3.060159041643113,1,0.3927709810745846,0.06253229174274709,0.28181709806760413,-2.4849326788406056,2.704888687271511,500,5.329070518200751e-15
driven_dt1e-3,317,5,-2.7189907205137063,0.0,1,0.02620713239351735,0.2601773424696508,0.0,-2.692783588120189,0.0,500,5.329070518200751e-15
driven_dt1e-3,317,6,-2.9604741803555354,5.370695425996387,1,0.44095203691353196,-0.2091833368227909,0.15359631085419,-2.6978598726299703,5.016474556712807,500,5.329070518200751e-15
driven_dt1e-3,318,0,-0.9401735849314701,0.0,1,0.0020903227096339405,0.6256015381271485,0.0,-0.9380832622218361,0.0,500,1.5543122344752192e-15
driven_dt1e-3,318,1,-1.7527488199044507,0.0,1,0.0423072147086343,0.40757593613966353,0.0,-1.795056034613085,0.0,500,1.5543122344752192e-15
driven_dt1e-3,318,2,-2.2396104765324987,0.0,1,0.16510971867765578,0.35442788575818085,0.0,-2.074500757854843,0.0,500,1.5543122344752192e-15
driven_dt1e-3,318,3,-2.3174426658637897,0.0,1,0.24294190800894677,0.35442788575818085,0.0,-2.074500757854843,0.0,500,1.5543122344752192e-15
driven_dt1e-3,318,4,-2.6524200481523486,3.060159041643113,1,0.34597362078356303,0.05588157066584003,0.257668752914701,-2.666199255304674,2.7144599243050123,500,1.5543122344752192e-15
driven_dt1e-3,318,5,-2.7189907205137063,0.0,1,0.055414382031268694,0.2497730555318152,0.0,-2.774405102544975,0.0,500,1.5543122344752192e-15
driven_dt1e-3,318,6,-2.9604741803555354,5.370695425996387,1,0.20026961187610623,-0.19538840838903443,0.12136272136607412,-2.93924721459651,5.171553935177243,500,1.5543122344752192e-15
driven_dt1e-3,319,0,-0.9401735849314701,0.0,1,0.003737058439681862,0.6237813817958879,0.0,-0.9439106433711519,0.0,500,4.440892098500626e-16
driven_dt1e-3,319,1,-1.7527488199044507,0.0,1,0.12364514203421928,0.44283774553198935,0.0,-1.6291036778702315,0.0,500,4.440892098500626e-16
driven_dt1e-3,319,2,-2.2396104765324987,0.0,1,0.1357904949860362,0.34729523156641473,0.009154204925312772,-2.1144655658238123,0.0527049319539229,500,4.440892098500626e-16
driven_dt1e-3,319,3,-2.3174426658637897,0.0,1,0.20970816148377877,0.34729523156641473,0.009154204925312772,-2.1144655658238123,0.0527049319539229,500,4.440892098500626e-16
driven_dt1e-3,319,4,-2.6524200481523486,3.060159041643113,1,0.4311675714419099,-0.00981861889171576,0.32527924486471294,-2.2452317697702338,3.201944727138243,500,4.440892098500626e-16
driven_dt1e-3,319,5,-2.7189907205137063,0.0,1,0.03150304464932674,0.2608671936026687,0.0,-2.6874876758643795,0.0,500,4.440892098500626e-16
driven_dt1e-3,319,6,-2.9604741803555354,5.370695425996387,1,0.28827985049371313,-0.18736344226345994,0.0744434081317508,-3.2028331861277493,5.526795985001733,500,4.440892098500626e-16
driven_dt1e-3,320,0,-0.9401735849314701,0.0,1,0.007493376976372312,0.6272939026120896,0.0,-0.9326802079550978,0.0,500,1.1102230246251565e-15
driven_dt1e-3,320,1,-1.7527488199044507,0.0,1,0.06648275213086974,0.40267890918293586,0.0,-1.8192315720353205,0.0,500,1.1102230246251565e-15
driven_dt1e-3,320,2,-2.2396104765324987,0.0,1,0.04292740045168175,0.3334235957613202,0.0,-2.196683076080817,0.0,500,1.1102230246251565e-15
driven_dt1e-3,320,3,-2.3174426658637897,0.0,1,0.12075958978297274,0.3334235957613202,0.0,-2.196683076080817,0.0,500,1.1102230246251565e-15
driven_dt1e-3,320,4,-2.6524200481523486,3.060159041643113,1,0.21615377484737927,-0.013867496795989424,0.2520838968214159,-2.7529649579338162,3.2515047379569,500,1.1102230246251565e-15
driven_dt1e-3,320,5,-2.7189907205137063,0.0,1,0.06643404552555232,0.2654633902882936,0.0,-2.652556674988154,0.0,500,1.1102230246251565e-15
driven_dt1e-3,320,6,-2.9604741803555354,5.370695425996387,1,0.5300334579290221,-0.1517291349303774,0.11762783792904719,-3.300681539155052,4.964254262304945,500,1.1102230246251565e-15
driven_dt1e-3,321,0,-0.9401735849314701,0.0,1,0.010411134301626213,0.621703268963332,0.0,-0.9505847192330963,0.0,500,3.1086244689504383e-15
driven_dt1e-3,321,1,-1.7527488199044507,0.0,1,0.08101992057564922,0.3997626151209992,0.0,-1.8337687404801,0.0,500,3.1086244689504383e-15
driven_dt1e-3,321,2,-2.2396104765324987,0.0,1,0.28514940959727575,0.2829797487561611,0.0,-2.5247598861297744,0.0,500,3.1086244689504383e-15
driven_dt1e-3,321,3,-2.3174426658637897,0.0,1,0.20731722026598476,0.2829797487561611,0.0,-2.5247598861297744,0.0,500,3.1086244689504383e-15
driven_dt1e-3,321,4,-2.6524200481523486,3.060159041643113,1,0.5518312042806297,0.07830174835891239,0.24180102174833729,-2.7395579284845817,2.515251097280934,500,3.1086244689504383e-15
driven_dt1e-3,321,5,-2.7189907205137063,0.0,1,0.14407887567238697,0.23894191308077156,0.0,-2.8630695961860932,0.0,500,3.1086244689504383e-15
driven_dt1e-3,321,6,-2.9604741803555354,5.370695425996387,1,0.5565572194821996,-0.14851257415729935,0.11387983753646924,-3.3517045478468734,4.974848564053097,500,3.1086244689504383e-15
driven_dt1e-3,322,0,-0.9401735849314701,0.0,1,0.008499661646135914,0.6276096001446438,0.0,-0.9316739232853342,0.0,500,2.6645352591003757e-15
driven_dt1e-3,322,1,-1.7527488199044507,0.0,1,0.11061176715970689,0.43996129300951686,0.0,-1.6421370527447439,0.0,500,2.6645352591003757e-15
driven_dt1e-3,322,2,-2.2396104765324987,0.0,1,0.1608062526934526,0.34500612993200197,0.019512251578938513,-2.1251926840777475,0.11299212218155756,500,2.6645352591003757e-15
driven_dt1e-3,322,3,-2.3174426658637897,0.0,1,0.22299613263871992,0.34500612993200197,0.019512251578938513,-2.1251926840777475,0.11299212218155756,500,2.6645352591003757e-15
driven_dt1e-3,322,4,-2.6524200481523486,3.060159041643113,1,0.22144409109900506,0.026522379719395632,0.24191083212928638,-2.8264235623154956,2.923190933889739,500,2.6645352591003757e-15
driven_dt1e-3,322,5,-2.7189907205137063,0.0,1,0.028877826135496054,0.2531091973418504,0.0,-2.7478685466492023,0.0,500,2.6645352591003757e-15
driven_dt1e-3,322,6,-2.9604741803555354,5.370695425996387,1,0.14107900978031768,-0.21854286654954014,0.10886428369292865,-2.8198913913132317,5.358873140866933,500,2.6645352591003757e-15
driven_dt1e-3,323,0,-0.9401735849314701,0.0,1,0.0032713236690616876,0.6259710652277498,0.0,-0.9369022612624084,0.0,500,4.440892098500626e-15
driven_dt1e-3,323,1,-1.7527488199044507,0.0,1,0.06061202396130372,0.40386265490302214,0.0,-1.8133608438657545,0.0,500,4.440892098500626e-15
driven_dt1e-3,323,2,-2.2396104765324987,0.0,1,0.1434716616190732,0.30375279914556874,0.0,-2.383082138151572,0.0,500,4.440892098500626e-15
driven_dt1e-3,323,3,-2.3174426658637897,0.0,1,0.06563947228778222,0.30375279914556874,0.0,-2.383082138151572,0.0,500,4.440892098500626e-15
driven_dt1e-3,323,4,-2.6524200481523486,3.060159041643113,1,0.3485501599719666,0.002766657154030543,0.2235227682069535,-2.9963308066650542,3.116838881054485,500,4.440892098500626e-15
driven_dt1e-3,323,5,-2.7189907205137063,0.0,1,0.052363825005290465,0.25015431969964624,0.0,-2.7713545455189967,0.0,500,4.440892098500626e-15
driven_dt1e-3,323,6,-2.9604741803555354,5.370695425996387,1,0.3580001047069734,-0.1697420472828127,0.08622032391580338,-3.3174177822671895,5.343211975984816,500,4.440892098500626e-15
driven_dt1e-3,324,0,-0.9401735849314701,0.0,1,0.0012353201178271211,0.6253341498173767,0.0,-0.938938264813643,0.0,500,5.10702591327572e-15
driven_dt1e-3,324,1,-1.7527488199044507,0.0,1,0.18460999746406803,0.42173458992300594,0.03835846990338205,-1.718519584398368,0.18140895953715278,500,5.10702591327572e-15
driven_dt1e-3,324,2,-2.2396104765324987,0.0,1,0.28585437271140013,0.3230816735365116,0.046494135685060375,-2.2392021853056816,0.28585408112619654,500,5.10702591327572e-15
driven_dt1e-3,324,3,-2.3174426658637897,0.0,1,0.2963682312503583,0.3230816735365116,0.046494135685060375,-2.2392021853056816,0.28585408112619654,500,5.10702591327572e-15
driven_dt1e-3,324,4,-2.6524200481523486,3.060159041643113,1,0.1783346198996568,-0.010597725323474905,0.256163283061753,-2.7221703320299824,3.2242874503776906,500,5.10702591327572e-15
driven_dt1e-3,324,5,-2.7189907205137063,0.0,1,0.023462748382629517,0.2537954289137489,0.0,-2.742453468896336,0.0,500,5.10702591327572e-15
driven_dt1e-3,324,6,-2.9604741803555354,5.370695425996387,1,0.39807559167930734,-0.24569043171253735,0.07570775209340276,-2.7166553399057807,5.6853643785998615,500,5.10702591327572e-15
driven_dt1e-3,325,0,-0.9401735849314701,0.0,1,0.004893732656566341,0.6234207301744004,0.0,-0.9450673175880364,0.0,500,5.551115123125783e-15
driven_dt1e-3,325,1,-1.7527488199044507,0.0,1,0.15353083668580791,0.38552862739992594,0.0,-1.9062796565902587,0.0,500,5.551115123125783e-15
driven_dt1e-3,325,2,-2.2396104765324987,0.0,1,0.3006898253434196,0.2807894578125199,0.0,-2.5403003018759183,0.0,500,5.551115123125783e-15
driven_dt1e-3,325,3,-2.3174426658637897,0.0,1,0.2228576360121286,0.2807894578125199,0.0,-2.5403003018759183,0.0,500,5.551115123125783e-15
driven_dt1e-3,325,4,-2.6524200481523486,3.060159041643113,1,0.9370284065139503,0.0338490150745602,0.1674553098777421,-3.534030619387189,2.7426924523757528,500,5.551115123125783e-15
driven_dt1e-3,325,5,-2.7189907205137063,0.0,1,0.0508145046869628,0.2633982567612432,0.0,-2.6681762158267435,0.0,500,5.551115123125783e-15
driven_dt1e-3,325,6,-2.9604741803555354,5.370695425996387,1,0.27346487932730884,-0.20318812137720293,0.07006429900946295,-3.074896296320377,5.619071390219232,500,5.551115123125783e-15
driven_dt1e-3,326,0,-0.9401735849314701,0.0,1,0.017715820992464715,0.630508348888906,0.0,-0.9224577639390054,0.0,500,3.3306690738754696e-15
driven_dt1e-3,326,1,-1.7527488199044507,0.0,1,0.10421513283165318,0.3951531070620846,0.0,-1.856963952736104,0.0,500,3.3306690738754696e-15
driven_dt1e-3,326,2,-2.2396104765324987,0.0,1,0.38264652379639474,0.3951531070620846,0.0,-1.856963952736104,0.0,500,3.3306690738754696e-15
driven_dt1e-3,326,3,-2.3174426658637897,0.0,1,0.3942157119139025,0.25773349607322815,0.0,-2.711658377777692,0.0,500,3.3306690738754696e-15
driven_dt1e-3,326,4,-2.6524200481523486,3.060159041643113,1,0.527412312322113,-0.02790212289371919,0.21515162383224967,-3.0561459864961273,3.3995247940362994,500,3.3306690738754696e-15
driven_dt1e-3,326,5,-2.7189907205137063,0.0,1,0.00733234273601413,0.25773349607322815,0.0,-2.711658377777692,0.0,500,3.3306690738754696e-15
driven_dt1e-3,326,6,-2.9604741803555354,5.370695425996387,1,0.31216810125997135,-0.19070291588615512,0.06959793966431442,-3.1890385339082514,5.583315415012671,500,3.3306690738754696e-15
driven_dt1e-3,327,0,-0.9401735849314701,0.0,1,0.008020600689385815,0.6224468145231205,0.0,-0.9481941856208559,0.0,500,2.6645352591003757e-15
driven_dt1e-3,327,1,-1.7527488199044507,0.0,1,0.1358598954441128,0.38895004692879315,0.0,-1.8886087153485636,0.0,500,2.6645352591003757e-15
driven_dt1e-3,327,2,-2.2396104765324987,0.0,1,0.03855660189034982,0.33269572770583844,0.0,-2.201053874642149,0.0,500,2.6645352591003757e-15
driven_dt1e-3,327,3,-2.3174426658637897,0.0,1,0.11638879122164081,0.33269572770583844,0.0,-2.201053874642149,0.0,500,2.6645352591003757e-15
driven_dt1e-3,327,4,-2.6524200481523486,3.060159041643113,1,0.7545813754269619,-0.07493863015518984,0.22586065538962843,-2.8712369898759604,3.782317056315782,500,2.6645352591003757e-15
driven_dt1e-3,327,5,-2.7189907205137063,0.0,1,0.004559563030096303,0.2562055718335228,0.0,-2.7235502835438026,0.0,500,2.6645352591003757e-15
driven_dt1e-3,327,6,-2.9604741803555354,5.370695425996387,1,0.05089530630397105,-0.20608892990236413,0.10583319081499282,-2.9248393971675615,5.334356818002669,500,2.6645352591003757e-15
driven_dt1e-3,328,0,-0.9401735849314701,0.0,1,0.009769365974820032,0.6219027957074523,0.0,-0.9499429509062901,0.0,500,1.7763568394002505e-15
driven_dt1e-3,328,1,-1.7527488199044507,0.0,1,0.020669604179679446,0.4120093597536199,0.0,-1.7734184240841302,0.0,500,1.7763568394002505e-15
driven_dt1e-3,328,2,-2.2396104765324987,0.0,1,0.07127028724772286,0.3363725309117962,0.006232401568354459,-2.1787287825621946,0.0370523033518723,500,1.7763568394002505e-15
driven_dt1e-3,328,3,-2.3174426658637897,0.0,1,0.14357720781617012,0.3363725309117962,0.006232401568354459,-2.1787287825621946,0.0370523033518723,500,1.7763568394002505e-15
driven_dt1e-3,328,4,-2.6524200481523486,3.060159041643113,1,0.4208202730210948,-0.031991219572851774,0.30775698183904854,-2.34614209506879,3.34874788002827,500,1.7763568394002505e-15
driven_dt1e-3,328,5,-2.7189907205137063,0.0,1,0.1791307654804899,0.23479071338135496,0.0,-2.898121485994196,0.0,500,1.7763568394002505e-15
driven_dt1e-3,328,6,-2.9604741803555354,5.370695425996387,1,0.26945905016508903,-0.22754735537170095,0.07896548859898934,-2.847082168594643,5.6151344396269645,500,1.7763568394002505e-15
driven_dt1e-3,329,0,-0.9401735849314701,0.0,1,0.0022401200958122036,0.6256483966195467,0.0,-0.9379334648356579,0.0,500,4.884981308350689e-15
driven_dt1e-3,329,1,-1.7527488199044507,0.0,1,0.22112040024004154,0.4649552057142935,0.0,-1.5316284196644092,0.0,500,4.884981308350689e-15
driven_dt1e-3,329,2,-2.2396104765324987,0.0,1,0.2790760415591728,0.35457144607559726,0.03832242081719012,-2.0620770346991995,0.21532606438413288,500,4.884981308350689e-15
driven_dt1e-3,329,3,-2.3174426658637897,0.0,1,0.22264624478299755,0.2808191375953107,0.0,-2.540088910646787,0.0,500,4.884981308350689e-15
driven_dt1e-3,329,4,-2.6524200481523486,3.060159041643113,1,0.3709321324061303,0.0015501685136762157,0.3184615702035892,-2.2884832458899056,3.1318573736344955,500,4.884981308350689e-15
driven_dt1e-3,329,5,-2.7189907205137063,0.0,1,0.17890180986691906,0.2808191375953107,0.0,-2.540088910646787,0.0,500,4.884981308350689e-15
driven_dt1e-3,329,6,-2.9604741803555354,5.370695425996387,1,0.30428190647558434,-0.1805368923012532,0.0785024987889825,-3.2504642315680137,5.462854249807243,500,4.884981308350689e-15
driven_dt1e-3,330,0,-0.9401735849314701,0.0,1,0.000536067332953416,0.6247805404849572,0.0,-0.9407096522644235,0.0,500,5.329070518200751e-15
driven_dt1e-3,330,1,-1.7527488199044507,0.0,1,0.012423297987077087,0.41888336584078895,0.0,-1.7403255219173737,0.0,500,5.329070518200751e-15
driven_dt1e-3,330,2,-2.2396104765324987,0.0,1,0.09574353458408469,0.3423459611294522,0.0,-2.143866941948414,0.0,500,5.329070518200751e-15
driven_dt1e-3,330,3,-2.3174426658637897,0.0,1,0.17357572391537568,0.3423459611294522,0.0,-2.143866941948414,0.0,500,5.329070518200751e-15
driven_dt1e-3,330,4,-2.6524200481523486,3.060159041643113,1,0.44101317126421263,-0.030363911610184383,0.22936077576736086,-2.92754418415826,3.4048318241710036,500,5.329070518200751e-15
driven_dt1e-3,330,5,-2.7189907205137063,0.0,1,0.028784771016911126,0.2605128802304191,0.0,-2.690205949496795,0.0,500,5.329070518200751e-15
driven_dt1e-3,330,6,-2.9604741803555354,5.370695425996387,1,0.34954160903044884,-0.16740977475023938,0.101694133552117,-3.2605385508071745,5.1914171227105275,500,5.329070518200751e-15
driven_dt1e-3,331,0,-0.9401735849314701,0.0,1,0.005613617111922098,0.6231963751078543,0.0,-0.9457872020433922,0.0,500,4.6629367034256575e-15
driven_dt1e-3,331,1,-1.7527488199044507,0.0,1,0.1280995591713774,0.4438251367082132,0.0,-1.6246492607330734,0.0,500,4.6629367034256575e-15
driven_dt1e-3,331,2,-2.2396104765324987,0.0,1,0.34647070617171805,0.3880698673110095,0.0,-1.8931397703607806,0.0,500,4.6629367034256575e-15
driven_dt1e-3,331,3,-2.3174426658637897,0.0,1,0.3346484912811552,0.27464733163543764,0.02981525998304052,-2.572818856372399,0.2162697714385065,500,4.6629367034256575e-15
driven_dt1e-3,331,4,-2.6524200481523486,3.060159041643113,1,0.7570877906305001,0.020577728863872616,0.38701923166774316,-1.895738748526262,3.0353531246483993,500,4.6629367034256575e-15
driven_dt1e-3,331,5,-2.7189907205137063,0.0,1,0.09562804642103506,0.2448010636281012,0.0,-2.8146187669347413,0.0,500,4.6629367034256575e-15
driven_dt1e-3,331,6,-2.9604741803555354,5.370695425996387,1,0.4896787642838402,-0.17354767006104865,0.1464965584310944,-2.9646205919108404,4.881034217136871,500,4.6629367034256575e-15
driven_dt1e-3,332,0,-0.9401735849314701,0.0,1,0.018235904983081475,0.6192756781394785,0.0,-0.9584094899145515,0.0,500,5.995204332975845e-15
driven_dt1e-3,332,1,-1.7527488199044507,0.0,1,0.15593423345984458,0.3850656165256591,0.0,-1.9086830533642953,0.0,500,5.995204332975845e-15
driven_dt1e-3,332,2,-2.2396104765324987,0.0,1,0.33092742316820334,0.3850656165256591,0.0,-1.9086830533642953,0.0,500,5.995204332975845e-15
driven_dt1e-3,332,3,-2.3174426658637897,0.0,1,0.37148101350306195,0.26067995772670915,0.0,-2.6889236793668516,0.0,500,5.995204332975845e-15
driven_dt1e-3,332,4,-2.6524200481523486,3.060159041643113,1,0.4305382347139308,-0.046915379476391586,0.27396304500121504,-2.5606203041980744,3.4807966274108586,500,5.995204332975845e-15
driven_dt1e-3,332,5,-2.7189907205137063,0.0,1,0.030067041146854656,0.26067995772670915,0.0,-2.6889236793668516,0.0,500,5.995204332975845e-15
driven_dt1e-3,332,6,-2.9604741803555354,5.370695425996387,1,0.8200212434089978,-0.13508679032075063,0.0675732421264972,-3.7803552996737557,5.35553660587274,500,5.995204332975845e-15
driven_dt1e-3,333,0,-0.9401735849314701,0.0,1,0.010560627239804998,0.6282566743828961,0.0,-0.9296129576916651,0.0,500,1.3322676295501878e-15
driven_dt1e-3,333,1,-1.7527488199044507,0.0,1,0.12897184782275906,0.4440187507419494,0.0,-1.6237769720816917,0.0,500,1.3322676295501878e-15
driven_dt1e-3,333,2,-2.2396104765324987,0.0,1,0.2055235603012595,0.36166263177673186,0.0,-2.034086916231239,0.0,500,1.3322676295501878e-15
driven_dt1e-3,333,3,-2.3174426658637897,0.0,1,0.2833557496325505,0.36166263177673186,0.0,-2.034086916231239,0.0,500,1.3322676295501878e-15
driven_dt1e-3,333,4,-2.6524200481523486,3.060159041643113,1,0.518395329607337,0.04084586236781062,0.21105078686350948,-3.074541328477433,2.759248186977797,500,1.3322676295501878e-15
driven_dt1e-3,333,5,-2.7189907205137063,0.0,1,0.008959101052198548,0.2579432164067882,0.0,-2.7100316194615077,0.0,500,1.3322676295501878e-15
driven_dt1e-3,333,6,-2.9604741803555354,5.370695425996387,1,0.17026096159536608,-0.18574103493967203,0.09870317542099095,-3.118079609579919,5.3062801815089475,500,1.3322676295501878e-15
driven_dt1e-3,334,0,-0.9401735849314701,0.0,1,0.004982600511934332,0.6265068993292974,0.0,-0.9351909844195357,0.0,500,1.2212453270876722e-15
driven_dt1e-3,334,1,-1.7527488199044507,0.0,1,0.0012893004525851293,0.41655792153805943,0.0,-1.7514595194518656,0.0,500,1.2212453270876722e-15
driven_dt1e-3,334,2,-2.2396104765324987,0.0,1,0.03514502941929187,0.32065876682274946,0.0,-2.2747555059517905,0.0,500,1.2212453270876722e-15
driven_dt1e-3,334,3,-2.3174426658637897,0.0,1,0.04268715991199912,0.32065876682274946,0.0,-2.2747555059517905,0.0,500,1.2212453270876722e-15
driven_dt1e-3,334,4,-2.6524200481523486,3.060159041643113,1,0.20910572115562143,-0.007254966034847112,0.2878338846840085,-2.490108399004158,3.1919927671112465,500,1.2212453270876722e-15
driven_dt1e-3,334,5,-2.7189907205137063,0.0,1,0.15990191110080731,0.27816400179878886,0.0,-2.559088809412899,0.0,500,1.2212453270876722e-15
driven_dt1e-3,334,6,-2.9604741803555354,5.370695425996387,1,0.21492869810541088,-0.189577909804798,0.08219903921545206,-3.153639127186833,5.464937924822282,500,1.2212453270876722e-15
driven_dt1e-3,335,0,-0.9401735849314701,0.0,1,0.014580998488124886,0.6295208571133013,0.0,-0.9255925864433452,0.0,500,1.1102230246251565e-15
driven_dt1e-3,335,1,-1.7527488199044507,0.0,1,0.12636026199347428,0.443439332585654,0.0,-1.6263885579109765,0.0,500,1.1102230246251565e-15
driven_dt1e-3,335,2,-2.2396104765324987,0.0,1,0.1495389577216924,0.34324687470664533,0.018476790921041552,-2.1357172589168947,0.10755509848429717,500,1.1102230246251565e-15
driven_dt1e-3,335,3,-2.3174426658637897,0.0,1,0.21116870681988242,0.34324687470664533,0.018476790921041552,-2.1357172589168947,0.10755509848429717,500,1.1102230246251565e-15
driven_dt1e-3,335,4,-2.6524200481523486,3.060159041643113,1,0.23748022837471114,-0.02009659775511973,0.27370051472002244,-2.5860647413545297,3.288180602309363,500,1.1102230246251565e-15
driven_dt1e-3,335,5,-2.7189907205137063,0.0,1,0.030879213167241293,0.26078583770741415,0.0,-2.688111507346465,0.0,500,1.1102230246251565e-15
driven_dt1e-3,335,6,-2.9604741803555354,5.370695425996387,1,0.1467557632811279,-0.1934036123364573,0.11273349613670908,-2.9934588913267994,5.227694506774276,500,1.1102230246251565e-15
driven_dt1e-3,336,0,-0.9401735849314701,0.0,1,0.0065904829096795625,0.6228920598206386,0.0,-0.9467640678411496,0.0,500,2.220446049250313e-16
driven_dt1e-3,336,1,-1.7527488199044507,0.0,1,0.17315594551100588,0.4539371906049428,0.0,-1.5795928743934449,0.0,500,2.220446049250313e-16
driven_dt1e-3,336,2,-2.2396104765324987,0.0,1,0.23507561870942562,0.3670462456533447,0.0,-2.004534857823073,0.0,500,2.220446049250313e-16
driven_dt1e-3,336,3,-2.3174426658637897,0.0,1,0.30455744710484467,0.26955035596800336,0.0,-2.6220001129686343,0.0,500,2.220446049250313e-16
driven_dt1e-3,336,4,-2.6524200481523486,3.060159041643113,1,0.03975267932159905,0.011605694195721123,0.2600972590589407,-2.6914102712218964,3.052410621272948,500,2.220446049250313e-16
driven_dt1e-3,336,5,-2.7189907205137063,0.0,1,0.09699060754507194,0.26955035596800336,0.0,-2.6220001129686343,0.0,500,2.220446049250313e-16
driven_dt1e-3,336,6,-2.9604741803555354,5.370695425996387,1,0.4981874222681104,-0.15325595208831458,0.1032850158850331,-3.37684098099344,5.097145805209408,500,2.220446049250313e-16
driven_dt1e-3,337,0,-0.9401735849314701,0.0,1,0.003973245623362098,0.6261907952005374,0.0,-0.936200339308108,0.0,500,3.3306690738754696e-16
driven_dt1e-3,337,1,-1.7527488199044507,0.0,1,0.05570453433506373,0.40485484759371615,0.0,-1.8084533542395145,0.0,500,3.3306690738754696e-16
driven_dt1e-3,337,2,-2.2396104765324987,0.0,1,0.17471859321609307,0.2990440072826415,0.0,-2.4143290697485917,0.0,500,3.3306690738754696e-16
driven_dt1e-3,337,3,-2.3174426658637897,0.0,1,0.09688640388480207,0.2990440072826415,0.0,-2.4143290697485917,0.0,500,3.3306690738754696e-16
driven_dt1e-3,337,4,-2.6524200481523486,3.060159041643113,1,0.5466158247811097,-0.03197575861383476,0.2153724977350152,-3.048969310110269,3.4363737977888036,500,3.3306690738754696e-16
driven_dt1e-3,337,5,-2.7189907205137063,0.0,1,0.020537872352516917,0.25944088025611267,0.0,-2.6984528481611894,0.0,500,3.3306690738754696e-16
driven_dt1e-3,337,6,-2.9604741803555354,5.370695425996387,1,0.5178923037748195,-0.27070313208446034,0.10796387896375464,-2.4658527158546812,5.524194758777413,500,3.3306690738754696e-16
driven_dt1e-3,338,0,-0.9401735849314701,0.0,1,0.011083350567109518,0.6284208980524644,0.0,-0.9290902343643606,0.0,500,1.1102230246251565e-15
driven_dt1e-3,338,1,-1.7527488199044507,0.0,1,0.03918478395699121,0.42452600365302084,0.0,-1.7135640359474595,0.0,500,1.1102230246251565e-15
driven_dt1e-3,338,2,-2.2396104765324987,0.0,1,0.08182434897345914,0.33997164436390004,0.0,-2.1577861275590395,0.0,500,1.1102230246251565e-15
driven_dt1e-3,338,3,-2.3174426658637897,0.0,1,0.15965653830475013,0.33997164436390004,0.0,-2.1577861275590395,0.0,500,1.1102230246251565e-15
driven_dt1e-3,338,4,-2.6524200481523486,3.060159041643113,1,0.1630343640817793,-0.003198007623052232,0.2826569114647952,-2.526914886971281,3.164219881484354,500,1.1102230246251565e-15
driven_dt1e-3,338,5,-2.7189907205137063,0.0,1,0.027596748670660087,0.25327137552143686,0.0,-2.7465874691843664,0.0,500,1.1102230246251565e-15
driven_dt1e-3,338,6,-2.9604741803555354,5.370695425996387,1,0.24641735778181104,-0.19908047440808985,0.12838085682291733,-2.8803578306450355,5.137665632353527,500,1.1102230246251565e-15
driven_dt1e-3,339,0,-0.9401735849314701,0.0,1,0.005675100594338511,0.6231772172606431,0.0,-0.9458486855258086,0.0,500,2.220446049250313e-16
driven_dt1e-3,339,1,-1.7527488199044507,0.0,1,0.023085255499766255,0.42112238694983434,0.0,-1.7296635644046845,0.0,500,2.220446049250313e-16
driven_dt1e-3,339,2,-2.2396104765324987,0.0,1,0.2348756956509095,0.36700955698307913,0.0,-2.004734780881589,0.0,500,2.220446049250313e-16
driven_dt1e-3,339,3,-2.3174426658637897,0.0,1,0.3127078849822005,0.36700955698307913,0.0,-2.004734780881589,0.0,500,2.220446049250313e-16
driven_dt1e-3,339,4,-2.6524200481523486,3.060159041643113,1,0.14739515968900424,-0.0008796990975385055,0.28168251471138217,-2.5339396000732552,3.1478386659735373,500,2.220446049250313e-16
driven_dt1e-3,339,5,-2.7189907205137063,0.0,1,0.002643027801530362,0.2564512030070126,0.0,-2.7216337483152366,0.0,500,2.220446049250313e-16
driven_dt1e-3,339,6,-2.9604741803555354,5.370695425996387,1,0.1358574412350415,-0.22010719397237657,0.10258984721230568,-2.830695006710838,5.410877641304061,500,2.220446049250313e-16
driven_dt1e-3,340,0,-0.9401735849314701,0.0,1,0.002956174768110942,0.6258724359520641,0.0,-0.9372174101633591,0.0,500,2.6645352591003757e-15
driven_dt1e-3,340,1,-1.7527488199044507,0.0,1,0.1316580156992775,0.44461550585075177,0.0,-1.6210908042051733,0.0,500,2.6645352591003757e-15
driven_dt1e-3,340,2,-2.2396104765324987,0.0,1,0.302651163563594,0.3796598128790299,0.0,-1.9369593129689047,0.0,500,2.6645352591003757e-15
driven_dt1e-3,340,3,-2.3174426658637897,0.0,1,0.3315662788012732,0.26593470444828965,0.0,-2.649008944665063,0.0,500,2.6645352591003757e-15
driven_dt1e-3,340,4,-2.6524200481523486,3.060159041643113,1,0.6330948726343374,-0.006114978074738903,0.19496496527924875,-3.26888755546236,3.2043010902856546,500,2.6645352591003757e-15
driven_dt1e-3,340,5,-2.7189907205137063,0.0,1,0.0699817758486434,0.26593470444828965,0.0,-2.649008944665063,0.0,500,2.6645352591003757e-15
driven_dt1e-3,340,6,-2.9604741803555354,5.370695425996387,1,0.3996541630576876,-0.18190561430446806,0.0648388901211459,-3.288929950689201,5.598379981871086,500,2.6645352591003757e-15
driven_dt1e-3,341,0,-0.9401735849314701,0.0,1,0.013843370276505729,0.6292887237509571,0.0,-0.9263302146549643,0.0,500,2.220446049250313e-16
driven_dt1e-3,341,1,-1.7527488199044507,0.0,1,0.039036453578063846,0.40824302322645745,0.0,-1.7917852734825146,0.0,500,2.220446049250313e-16
driven_dt1e-3,341,2,-2.2396104765324987,0.0,1,0.12684995658294662,0.3062877631262371,0.0,-2.3664604331154453,0.0,500,2.220446049250313e-16
driven_dt1e-3,341,3,-2.3174426658637897,0.0,1,0.04901776725165563,0.3062877631262371,0.0,-2.3664604331154453,0.0,500,2.220446049250313e-16
driven_dt1e-3,341,4,-2.6524200481523486,3.060159041643113,1,0.14731964981197065,0.027490953079952113,0.2556733635145717,-2.7162141156692448,2.927368243127661,500,2.220446049250313e-16
driven_dt1e-3,341,5,-2.7189907205137063,0.0,1,0.09094057359087815,0.24537548567936945,0.0,-2.8099312941045844,0.0,500,2.220446049250313e-16
driven_dt1e-3,341,6,-2.9604741803555354,5.370695425996387,1,0.2652830236311086,-0.19159626771219485,0.0745418824968578,-3.1637812409189827,5.541110571308986,500,2.220446049250313e-16
driven_dt1e-3,342,0,-0.9401735849314701,0.0,1,0.00493223129419651,0.626491121196768,0.0,-0.9352413536372736,0.0,500,2.220446049250313e-16
driven_dt1e-3,342,1,-1.7527488199044507,0.0,1,0.1112911050545318,0.3982493620133115,0.0137199638498103,-1.8401677182984304,0.06887413351790274,500,2.220446049250313e-16
driven_dt1e-3,342,2,-2.2396104765324987,0.0,1,0.23247987088446953,0.2905309483175972,0.0,-2.472090347416968,0.0,500,2.220446049250313e-16
driven_dt1e-3,342,3,-2.3174426658637897,0.0,1,0.15464768155317854,0.2905309483175972,0.0,-2.472090347416968,0.0,500,2.220446049250313e-16
driven_dt1e-3,342,4,-2.6524200481523486,3.060159041643113,1,0.24982072477702916,0.0016852878223406003,0.29928937613503104,-2.412657013662638,3.1303308438175335,500,2.220446049250313e-16
driven_dt1e-3,342,5,-2.7189907205137063,0.0,1,0.24690037309673807,0.2905309483175972,0.0,-2.472090347416968,0.0,500,2.220446049250313e-16
driven_dt1e-3,342,6,-2.9604741803555354,5.370695425996387,1,0.43348583289689396,-0.18317882246630968,0.06006793510585034,-3.292451381871675,5.64944460535989,500,2.220446049250313e-16
driven_dt1e-3,343,0,-0.9401735849314701,0.0,1,0.012044989788018379,0.6287231277970388,0.0,-0.9281285951434517,0.0,500,1.9984014443252818e-15
driven_dt1e-3,343,1,-1.7527488199044507,0.0,1,0.08731624089146783,0.3985060773123728,0.0,-1.8400650607959186,0.0,500,1.9984014443252818e-15
driven_dt1e-3,343,2,-2.2396104765324987,0.0,1,0.013569251968047258,0.3285649931812171,0.0,-2.2260412245644514,0.0,500,1.9984014443252818e-15
driven_dt1e-3,343,3,-2.3174426658637897,0.0,1,0.09140144129933825,0.3285649931812171,0.0,-2.2260412245644514,0.0,500,1.9984014443252818e-15
driven_dt1e-3,343,4,-2.6524200481523486,3.060159041643113,1,0.5915628505268707,-0.048798730721105396,0.22352437273731857,-2.949909148072774,3.5714777695927276,500,1.9984014443252818e-15
driven_dt1e-3,343,5,-2.7189907205137063,0.0,1,0.010156041380267045,0.2554896494936597,0.0,-2.7291467618939733,0.0,500,1.9984014443252818e-15
driven_dt1e-3,343,6,-2.9604741803555354,5.370695425996387,1,0.3847317660091734,-0.17703347797854502,0.07084833938333931,-3.3142766720223733,5.521832213929949,500,1.9984014443252818e-15
driven_dt1e-3,344,0,-0.9401735849314701,0.0,1,0.004981829462453735,0.623393270091665,0.0,-0.9451554143939238,0.0,500,5.329070518200751e-15
driven_dt1e-3,344,1,-1.7527488199044507,0.0,1,0.01592402745344801,0.41298813151784697,0.0,-1.7686728473578988,0.0,500,5.329070518200751e-15
driven_dt1e-3,344,2,-2.2396104765324987,0.0,1,0.12377289806925473,0.30675935849943525,0.0,-2.3633833746017534,0.0,500,5.329070518200751e-15
driven_dt1e-3,344,3,-2.3174426658637897,0.0,1,0.04594070873796374,0.30675935849943525,0.0,-2.3633833746017534,0.0,500,5.329070518200751e-15
driven_dt1e-3,344,4,-2.6524200481523486,3.060159041643113,1,0.2745879873175209,0.0045625319819101885,0.23175437461128096,-2.923766896484118,3.1022238806360614,500,5.329070518200751e-15
driven_dt1e-3,344,5,-2.7189907205137063,0.0,1,0.13238900330252432,0.25080055632178516,0.01570957002590606,-2.762278699383091,0.12511194619555524,500,5.329070518200751e-15
driven_dt1e-3,344,6,-2.9604741803555354,5.370695425996387,1,0.5682455738806607,-0.15981851313803583,0.06544448402860867,-3.5124104021512794,5.505859915803439,500,5.329070518200751e-15
driven_dt1e-3,345,0,-0.9401735849314701,0.0,1,0.0029051411374287905,0.6258564658844423,0.0,-0.9372684437940413,0.0,500,3.9968028886505635e-15
driven_dt1e-3,345,1,-1.7527488199044507,0.0,1,0.12554613366549883,0.3909609966502887,0.0,-1.8782949535699496,0.0,500,3.9968028886505635e-15
driven_dt1e-3,345,2,-2.2396104765324987,0.0,1,0.3117838603313121,0.27923622566353623,0.0,-2.551394336863811,0.0,500,3.9968028886505635e-15
driven_dt1e-3,345,3,-2.3174426658637897,0.0,1,0.23395167100002112,0.27923622566353623,0.0,-2.551394336863811,0.0,500,3.9968028886505635e-15
driven_dt1e-3,345,4,-2.6524200481523486,3.060159041643113,1,0.48092992966680354,0.04741394042266962,0.21938137144016542,-2.988235090171032,2.7158890098318813,500,3.9968028886505635e-15
driven_dt1e-3,345,5,-2.7189907205137063,0.0,1,0.030321899562415044,0.2529265091705755,0.0,-2.7493126200761213,0.0,500,3.9968028886505635e-15
driven_dt1e-3,345,6,-2.9604741803555354,5.370695425996387,1,0.16941202296365668,-0.20149222743602474,0.0816407704317752,-3.05199932471825,5.513256225215607,500,3.9968028886505635e-15
driven_dt1e-3,346,0,-0.9401735849314701,0.0,1,0.0038328658786265235,0.6237515010632672,0.0,-0.9440064508100966,0.0,500,6.8833827526759706e-15
driven_dt1e-3,346,1,-1.7527488199044507,0.0,1,0.08278185216348533,0.4338816474192975,0.0,-1.6699669677409654,0.0,500,6.8833827526759706e-15
driven_dt1e-3,346,2,-2.2396104765324987,0.0,1,0.12738914479236296,0.34780591654286175,0.0,-2.1122213317401357,0.0,500,6.8833827526759706e-15
driven_dt1e-3,346,3,-2.3174426658637897,0.0,1,0.20522133412365395,0.34780591654286175,0.0,-2.1122213317401357,0.0,500,6.8833827526759706e-15
driven_dt1e-3,346,4,-2.6524200481523486,3.060159041643113,1,0.4646110408074217,0.0736647764887049,0.2672536495689435,-2.565886634028363,2.6036775113703072,500,6.8833827526759706e-15
driven_dt1e-3,346,5,-2.7189907205137063,0.0,1,0.03481349930340105,0.2612993456665334,0.0,-2.684177221210305,0.0,500,6.8833827526759706e-15
driven_dt1e-3,346,6,-2.9604741803555354,5.370695425996387,1,0.32526044594515247,-0.19118848897776458,0.13541556065307778,-2.9024165835211027,5.050658438842949,500,6.8833827526759706e-15
driven_dt1e-3,347,0,-0.9401735849314701,0.0,1,0.004303314801538893,0.6262941468691798,0.0,-0.9358702701299312,0.0,500,3.552713678800501e-15
driven_dt1e-3,347,1,-1.7527488199044507,0.0,1,0.1739695441175908,0.3816088369650096,0.0,-1.9267183640220416,0.0,500,3.552713678800501e-15
driven_dt1e-3,347,2,-2.2396104765324987,0.0,1,0.18136269444981545,0.35731987461899134,0.0,-2.058247782082683,0.0,500,3.552713678800501e-15
driven_dt1e-3,347,3,-2.3174426658637897,0.0,1,0.25919488378110644,0.35731987461899134,0.0,-2.058247782082683,0.0,500,3.552713678800501e-15
driven_dt1e-3,347,4,-2.6524200481523486,3.060159041643113,1,0.1573771521951738,0.009447962222093409,0.24521759189724934,-2.809735289989761,3.0645729649205777,500,3.552713678800501e-15
driven_dt1e-3,347,5,-2.7189907205137063,0.0,1,0.10143354639291413,0.270149819440355,0.0,-2.617557174120792,0.0,500,3.552713678800501e-15
driven_dt1e-3,347,6,-2.9604741803555354,5.370695425996387,1,0.20812044697204146,-0.21127816024684792,0.12382468840333044,-2.813893925895525,5.2229512232326885,500,3.552713678800501e-15
driven_dt1e-3,348,0,-0.9401735849314701,0.0,1,0.00898256388292673,0.6221475010482733,0.0,-0.9491561488143968,0.0,500,8.881784197001252e-16
driven_dt1e-3,348,1,-1.7527488199044507,0.0,1,0.19498356675897055,0.4589185082730769,0.0,-1.5577652531454802,0.0,500,8.881784197001252e-16
driven_dt1e-3,348,2,-2.2396104765324987,0.0,1,0.27134913451308496,0.37376400963380263,0.0,-1.9682613420194137,0.0,500,8.881784197001252e-16
driven_dt1e-3,348,3,-2.3174426658637897,0.0,1,0.34918132384437595,0.37376400963380263,0.0,-1.9682613420194137,0.0,500,8.881784197001252e-16
driven_dt1e-3,348,4,-2.6524200481523486,3.060159041643113,1,0.3306203131473616,-0.005621226656084458,0.3097782481839303,-2.343467909811608,3.1778806101016723,500,8.881784197001252e-16
driven_dt1e-3,348,5,-2.7189907205137063,0.0,1,0.04613263856355898,0.26278238021772604,0.0,-2.6728580819501473,0.0,500,8.881784197001252e-16
driven_dt1e-3,348,6,-2.9604741803555354,5.370695425996387,1,0.49328122495536664,-0.17539955222225317,0.14854439129561345,-2.94066775617755,4.8778119991551625,500,8.881784197001252e-16
driven_dt1e-3,349,0,-0.9401735849314701,0.0,1,0.0036094889028559507,0.6238211708158193,0.0,-0.943783073834326,0.0,500,0.0
driven_dt1e-3,349,1,-1.7527488199044507,0.0,1,0.00021799085092655268,0.41633485003755794,0.0,-1.7525308290535242,0.0,500,0.0
driven_dt1e-3,349,2,-2.2396104765324987,0.0,1,0.03824127541927114,0.33264327795576554,0.0,-2.2013692011132275,0.0,500,0.0
driven_dt1e-3,349,3,-2.3174426658637897,0.0,1,0.11607346475056213,0.33264327795576554,0.0,-2.2013692011132275,0.0,500,0.0
driven_dt1e-3,349,4,-2.6524200481523486,3.060159041643113,1,0.23464761255168612,0.041450350908075494,0.26041558012499105,-2.665933599091747,2.825900880595916,500,0.0
driven_dt1e-3,349,5,-2.7189907205137063,0.0,1,0.10571499014386809,0.24356952457883227,0.0,-2.8247057106575744,0.0,500,0.0
driven_dt1e-3,349,6,-2.9604741803555354,5.370695425996387,1,0.2528439974278745,-0.1773330041240956,0.09727830933108311,-3.196379187081391,5.27970688365736,500,0.0
driven_dt1e-3,350,0,-0.9401735849314701,0.0,1,0.011501199530238093,0.6285522042788592,0.0,-0.928672385401232,0.0,500,8.881784197001252e-16
driven_dt1e-3,350,1,-1.7527488199044507,0.0,1,0.07444304458547624,0.43207638568234197,0.0,-1.6783057753189745,0.0,500,8.881784197001252e-16
driven_dt1e-3,350,2,-2.2396104765324987,0.0,1,0.23898649008480533,0.2895872970215022,0.0,-2.478596966617304,0.0,500,8.881784197001252e-16
driven_dt1e-3,350,3,-2.3174426658637897,0.0,1,0.16115430075351433,0.2895872970215022,0.0,-2.478596966617304,0.0,500,8.881784197001252e-16
driven_dt1e-3,350,4,-2.6524200481523486,3.060159041643113,1,0.10846699956180901,0.01349795181099206,0.27980624304002816,-2.5449913809439733,3.045186685256304,500,8.881784197001252e-16
driven_dt1e-3,350,5,-2.7189907205137063,0.0,1,0.12477455939798743,0.27332107374292697,0.0,-2.594216161115719,0.0,500,8.881784197001252e-16
driven_dt1e-3,350,6,-2.9604741803555354,5.370695425996387,1,0.14519184427307966,-0.19784040186021123,0.11552922251235699,-2.947174024607776,5.226114038879983,500,8.881784197001252e-16
driven_dt1e-3,351,0,-0.9401735849314701,0.0,1,0.0005358258515973935,0.6251154792331732,0.0,-0.9396377590798727,0.0,500,2.4424906541753444e-15
driven_dt1e-3,351,1,-1.7527488199044507,0.0,1,0.12703445465250707,0.3906701671474149,0.0,-1.8797832745569578,0.0,500,2.4424906541753444e-15
driven_dt1e-3,351,2,-2.2396104765324987,0.0,1,0.12731178365838414,0.30621704530045957,0.0,-2.366922260190883,0.0,500,2.4424906541753444e-15
driven_dt1e-3,351,3,-2.3174426658637897,0.0,1,0.049479594327093146,0.30621704530045957,0.0,-2.366922260190883,0.0,500,2.4424906541753444e-15
driven_dt1e-3,351,4,-2.6524200481523486,3.060159041643113,1,0.37626547731763,-0.027789927859745385,0.2377495756127955,-2.8595045553805307,3.374311419140284,500,2.4424906541753444e-15
driven_dt1e-3,351,5,-2.7189907205137063,0.0,1,0.09239094263235215,0.24519760768036758,0.0,-2.8113816631460584,0.0,500,2.4424906541753444e-15
driven_dt1e-3,351,6,-2.9604741803555354,5.370695425996387,1,0.2583565868986524,-0.22132681213613942,0.12632219183030108,-2.7342475662580292,5.245917042179722,500,2.4424906541753444e-15
driven_dt1e-3,352,0,-0.9401735849314701,0.0,1,0.00016098052749746738,0.624998329404576,0.0,-0.9400126044039726,0.0,500,6.661338147750939e-16
driven_dt1e-3,352,1,-1.7527488199044507,0.0,1,0.10037711527055304,0.3959121374042106,0.0,-1.8531259351750038,0.0,500,6.661338147750939e-16
driven_dt1e-3,352,2,-2.2396104765324987,0.0,1,0.33741498564444194,0.2756804893638749,0.0,-2.5770254621769406,0.0,500,6.661338147750939e-16
driven_dt1e-3,352,3,-2.3174426658637897,0.0,1,0.25958279631315095,0.2756804893638749,0.0,-2.5770254621769406,0.0,500,6.661338147750939e-16
driven_dt1e-3,352,4,-2.6524200481523486,3.060159041643113,1,0.33194713124552194,0.04387109741685419,0.29865835404035457,-2.395561655908376,2.8498909644750055,500,6.661338147750939e-16
driven_dt1e-3,352,5,-2.7189907205137063,0.0,1,0.03879632729783822,0.26182021930634936,0.0,-2.680194393215868,0.0,500,6.661338147750939e-16
driven_dt1e-3,352,6,-2.9604741803555354,5.370695425996387,1,0.5718330412133835,-0.27837769610035346,0.0962170929337866,-2.4447032965978117,5.617623396245048,500,6.661338147750939e-16
driven_dt1e-3,353,0,-0.9401735849314701,0.0,1,0.02090548029950523,0.6315147045701434,0.0,-0.9192681046319648,0.0,500,3.1086244689504383e-15
driven_dt1e-3,353,1,-1.7527488199044507,0.0,1,0.049761235496131206,0.40605972361444176,0.0,-1.802510055400582,0.0,500,3.1086244689504383e-15
driven_dt1e-3,353,2,-2.2396104765324987,0.0,1,0.00016434631913275766,0.32637016539598757,0.0,-2.239446130213366,0.0,500,3.1086244689504383e-15
driven_dt1e-3,353,3,-2.3174426658637897,0.0,1,0.07799653565042375,0.32637016539598757,0.0,-2.239446130213366,0.0,500,3.1086244689504383e-15
driven_dt1e-3,353,4,-2.6524200481523486,3.060159041643113,1,0.4047029196112928,0.023888318158319214,0.21813832778238185,-3.03333068207909,2.9234420269615726,500,3.1086244689504383e-15
driven_dt1e-3,353,5,-2.7189907205137063,0.0,1,0.061864520121851285,0.2648575617861812,0.0,-2.657126200391855,0.0,500,3.1086244689504383e-15
driven_dt1e-3,353,6,-2.9604741803555354,5.370695425996387,1,0.2000132234888399,-0.18820385354223285,0.11587230208976357,-3.01906065909098,5.179454964587777,500,3.1086244689504383e-15
driven_dt1e-3,354,0,-0.9401735849314701,0.0,1,0.0013371615235052703,0.6253659930825285,0.0,-0.9388364234079648,0.0,500,1.5543122344752192e-15
driven_dt1e-3,354,1,-1.7527488199044507,0.0,1,0.061835050284506865,0.40361576307056585,0.0,-1.8145838701889576,0.0,500,1.5543122344752192e-15
driven_dt1e-3,354,2,-2.2396104765324987,0.0,1,0.1818211005346373,0.2979839096094758,0.0,-2.421431577067136,0.0,500,1.5543122344752192e-15
driven_dt1e-3,354,3,-2.3174426658637897,0.0,1,0.1039889112033463,0.2979839096094758,0.0,-2.421431577067136,0.0,500,1.5543122344752192e-15
driven_dt1e-3,354,4,-2.6524200481523486,3.060159041643113,1,0.3762590029684969,0.048292201470487336,0.23601607423967294,-2.846696526623399,2.7379363124203984,500,1.5543122344752192e-15
driven_dt1e-3,354,5,-2.7189907205137063,0.0,1,0.10378083831038998,0.24380518873430185,0.0,-2.8227715588240962,0.0,500,1.5543122344752192e-15
driven_dt1e-3,354,6,-2.9604741803555354,5.370695425996387,1,0.5736967957827193,-0.27837692601330555,0.11360602718606815,-2.4035105431148787,5.508243673106327,500,1.5543122344752192e-15
driven_dt1e-3,355,0,-0.9401735849314701,0.0,1,0.02761934105716979,0.6336382177153355,0.0,-0.9125542438743003,0.0,500,4.440892098500626e-16
driven_dt1e-3,355,1,-1.7527488199044507,0.0,1,0.11584424860997444,0.3928621334001201,0.0,-1.8685930685144252,0.0,500,4.440892098500626e-16
driven_dt1e-3,355,2,-2.2396104765324987,0.0,1,0.09036169007550177,0.34142597312721745,0.0,-2.149248786456997,0.0,500,4.440892098500626e-16
driven_dt1e-3,355,3,-2.3174426658637897,0.0,1,0.09122234559418274,0.29989210898452306,0.0,-2.4086650114579724,0.0,500,4.440892098500626e-16
driven_dt1e-3,355,4,-2.6524200481523486,3.060159041643113,1,0.5782494221474884,0.08735982706166098,0.25561346439123306,-2.617707120175015,2.48295248689417,500,4.440892098500626e-16
driven_dt1e-3,355,5,-2.7189907205137063,0.0,1,0.038997270080198376,0.26184652606953857,0.0,-2.679993450433508,0.0,500,4.440892098500626e-16
driven_dt1e-3,355,6,-2.9604741803555354,5.370695425996387,1,0.2821390776548914,-0.23780318857431854,0.0941859501884032,-2.72690662564166,5.528963099653813,500,4.440892098500626e-16
driven_dt1e-3,356,0,-0.9401735849314701,0.0,1,0.007324318048592016,0.6272408800358168,0.0,-0.9328492668828781,0.0,500,7.771561172376096e-15
driven_dt1e-3,356,1,-1.7527488199044507,0.0,1,0.021796126831578055,0.4117773561608011,0.0,-1.7745449467360288,0.0,500,7.771561172376096e-15
driven_dt1e-3,356,2,-2.2396104765324987,0.0,1,0.04665113343469196,0.33404496425483354,0.0,-2.1929593430978067,0.0,500,7.771561172376096e-15
driven_dt1e-3,356,3,-2.3174426658637897,0.0,1,0.12448332276598295,0.33404496425483354,0.0,-2.1929593430978067,0.0,500,7.771561172376096e-15
driven_dt1e-3,356,4,-2.6524200481523486,3.060159041643113,1,0.12322750728598358,0.0004539113775196197,0.27843166131289554,-2.557162604325903,3.13833216968318,500,7.771561172376096e-15
driven_dt1e-3,356,5,-2.7189907205137063,0.0,1,0.03267460389797705,0.26102004905476983,0.0,-2.686316116615729,0.0,500,7.771561172376096e-15
driven_dt1e-3,356,6,-2.9604741803555354,5.370695425996387,1,0.39472565160872597,-0.1720225880097643,0.1296301839829689,-3.0705473027051524,4.991627822824948,500,7.771561172376096e-15
driven_dt1e-3,357,0,-0.9401735849314701,0.0,1,0.01692820908552861,0.6302600998315888,0.0,-0.9232453758459415,0.0,500,1.3322676295501878e-15
driven_dt1e-3,357,1,-1.7527488199044507,0.0,1,0.2519092070452987,0.3878868062756767,0.04205234228890267,-1.8823983881465158,0.2159843467680871,500,1.3322676295501878e-15
driven_dt1e-3,357,2,-2.2396104765324987,0.0,1,0.21355416094607493,0.36311773524240704,0.0,-2.0260563155864237,0.0,500,1.3322676295501878e-15
driven_dt1e-3,357,3,-2.3174426658637897,0.0,1,0.2913863502773659,0.36311773524240704,0.0,-2.0260563155864237,0.0,500,1.3322676295501878e-15
driven_dt1e-3,357,4,-2.6524200481523486,3.060159041643113,1,0.4655575975763488,0.021030487211672798,0.3340495658905967,-2.1889761446067624,3.0158462339291927,500,1.3322676295501878e-15
driven_dt1e-3,357,5,-2.7189907205137063,0.0,1,0.0399752506851665,0.26197459779188886,0.0,-2.6790154698285398,0.0,500,1.3322676295501878e-15
driven_dt1e-3,357,6,-2.9604741803555354,5.370695425996387,1,0.3059824688834631,-0.2122852408025091,0.13603370179527438,-2.7556106058202516,5.143415450871772,500,1.3322676295501878e-15
driven_dt1e-3,358,0,-0.9401735849314701,0.0,1,0.003297901573636741,0.6239183657730645,0.0,-0.9434714865051068,0.0,500,1.6653345369377348e-15
driven_dt1e-3,358,1,-1.7527488199044507,0.0,1,0.09756147496945222,0.4370998271905249,0.0,-1.6551873449349985,0.0,500,1.6653345369377348e-15
driven_dt1e-3,358,2,-2.2396104765324987,0.0,1,0.2502325245751045,0.369838455301178,0.0,-1.9893779519573942,0.0,500,1.6653345369377348e-15
driven_dt1e-3,358,3,-2.3174426658637897,0.0,1,0.3016181012112287,0.26994679808273997,0.0,-2.6190607670750183,0.0,500,1.6653345369377348e-15
driven_dt1e-3,358,4,-2.6524200481523486,3.060159041643113,1,0.1472501115176051,0.025963649222078194,0.2784008092083001,-2.548727071716364,2.9556106701598925,500,1.6653345369377348e-15
driven_dt1e-3,358,5,-2.7189907205137063,0.0,1,0.09992995343868794,0.26994679808273997,0.0,-2.6190607670750183,0.0,500,1.6653345369377348e-15
driven_dt1e-3,358,6,-2.9604741803555354,5.370695425996387,1,0.39470848482165566,-0.16602789136379353,0.08618757388743249,-3.3525912743355946,5.325540441788211,500,1.6653345369377348e-15
driven_dt1e-3,359,0,-0.9401735849314701,0.0,1,0.0005962643440455828,0.6247617358073921,0.0,-0.9407698492755157,0.0,500,1.9984014443252818e-15
driven_dt1e-3,359,1,-1.7527488199044507,0.0,1,0.20708938900699614,0.3758219731400864,0.0064367597498264165,-1.956986150525125,0.03425095356676086,500,1.9984014443252818e-15
driven_dt1e-3,359,2,-2.2396104765324987,0.0,1,0.23322503155734164,0.29042272236181144,0.0,-2.4728355080898403,0.0,500,1.9984014443252818e-15
driven_dt1e-3,359,3,-2.3174426658637897,0.0,1,0.15539284222605065,0.29042272236181144,0.0,-2.4728355080898403,0.0,500,1.9984014443252818e-15
driven_dt1e-3,359,4,-2.6524200481523486,3.060159041643113,1,0.5667162890654861,-0.0015832880583107156,0.20080918815135457,-3.2107381049337214,3.157361406655634,500,1.9984014443252818e-15
driven_dt1e-3,359,5,-2.7189907205137063,0.0,1,0.017928684168549758,0.25449866149905465,0.0,-2.736919404682256,0.0,500,1.9984014443252818e-15
driven_dt1e-3,359,6,-2.9604741803555354,5.370695425996387,1,0.6946840931768934,-0.18800536269450568,0.030004875796331917,-3.3174177242877874,5.9666629551102535,500,1.9984014443252818e-15
driven_dt1e-3,360,0,-0.9401735849314701,0.0,1,0.00752845649980316,0.6226000001612488,0.0,-0.9477020414312732,0.0,500,6.106226635438361e-15
driven_dt1e-3,360,1,-1.7527488199044507,0.0,1,0.05910405022586466,0.41530978381630307,0.012250831100621586,-1.7565913834474483,0.05897900862611679,500,6.106226635438361e-15
driven_dt1e-3,360,2,-2.2396104765324987,0.0,1,0.21326266128201432,0.36306481475015834,0.0,-2.0263478152504844,0.0,500,6.106226635438361e-15
driven_dt1e-3,360,3,-2.3174426658637897,0.0,1,0.2910948506133053,0.36306481475015834,0.0,-2.0263478152504844,0.0,500,6.106226635438361e-15
driven_dt1e-3,360,4,-2.6524200481523486,3.060159041643113,1,0.36142475804942703,0.02072781570024545,0.22234303119030804,-2.9984145503923907,2.9556810049523694,500,6.106226635438361e-15
driven_dt1e-3,360,5,-2.7189907205137063,0.0,1,0.025779823270404734,0.2601217603315187,0.0,-2.6932108972433015,0.0,500,6.106226635438361e-15
driven_dt1e-3,360,6,-2.9604741803555354,5.370695425996387,1,0.49819623646738004,-0.16736085563495912,0.06584223821521247,-3.4313002712318883,5.5335520567498016,500,6.106226635438361e-15
driven_dt1e-3,361,0,-0.9401735849314701,0.0,1,0.002744284628793059,0.6240910955682425,0.0,-0.9429178695602631,0.0,500,4.440892098500626e-16
driven_dt1e-3,361,1,-1.7527488199044507,0.0,1,0.12086571630720977,0.39187699836739487,0.0,-1.8736145362116605,0.0,500,4.440892098500626e-16
driven_dt1e-3,361,2,-2.2396104765324987,0.0,1,0.254611558231856,0.28733370100655936,0.0,-2.4942220347643547,0.0,500,4.440892098500626e-16
driven_dt1e-3,361,3,-2.3174426658637897,0.0,1,0.176779368900565,0.28733370100655936,0.0,-2.4942220347643547,0.0,500,4.440892098500626e-16
driven_dt1e-3,361,4,-2.6524200481523486,3.060159041643113,1,0.5097018294138956,0.04635432548921168,0.21496230400956765,-3.0291336268326154,2.7168183441635128,500,4.440892098500626e-16
driven_dt1e-3,361,5,-2.7189907205137063,0.0,1,0.16123252249215003,0.23690131392554148,0.0,-2.8802232430058563,0.0,500,4.440892098500626e-16
driven_dt1e-3,361,6,-2.9604741803555354,5.370695425996387,1,0.265464303308215,-0.17742548600949076,0.11106322657013938,-3.127782629012856,5.164590648422463,500,4.440892098500626e-16
driven_dt1e-3,362,0,-0.9401735849314701,0.0,1,0.01141940985738954,0.6285265002648653,0.0,-0.9287541750740805,0.0,500,8.881784197001252e-16
driven_dt1e-3,362,1,-1.7527488199044507,0.0,1,0.06294489019698783,0.40972690236544085,0.01122212084747662,-1.7837789751411646,0.05476484883477993,500,8.881784197001252e-16
driven_dt1e-3,362,2,-2.2396104765324987,0.0,1,0.03308310270730308,0.32098952473146736,0.0,-2.2726935792398018,0.0,500,8.881784197001252e-16
driven_dt1e-3,362,3,-2.3174426658637897,0.0,1,0.04474908662398791,0.32098952473146736,0.0,-2.2726935792398018,0.0,500,8.881784197001252e-16
driven_dt1e-3,362,4,-2.6524200481523486,3.060159041643113,1,0.15614970391569497,0.027729582610400767,0.27814286042889674,-2.5493507042284484,2.9428584006557084,500,8.881784197001252e-16
driven_dt1e-3,362,5,-2.7189907205137063,0.0,1,0.022757639721232348,0.2538849213658728,0.0,-2.7417483602349386,0.0,500,8.881784197001252e-16
driven_dt1e-3,362,6,-2.9604741803555354,5.370695425996387,1,0.2426950586211704,-0.2333430443377631,0.09794212418419959,-2.7482218441698167,5.488380757549805,500,8.881784197001252e-16
driven_dt1e-3,363,0,-0.9401735849314701,0.0,1,0.0023016482711032404,0.6256676444177246,0.0,-0.9378719366603668,0.0,500,2.4424906541753444e-15
driven_dt1e-3,363,1,-1.7527488199044507,0.0,1,0.05347747011380233,0.4053059175604935,0.0,-1.806226290018253,0.0,500,2.4424906541753444e-15
driven_dt1e-3,363,2,-2.2396104765324987,0.0,1,0.17381147030170663,0.29917967288236735,0.0,-2.4134219468342053,0.0,500,2.4424906541753444e-15
driven_dt1e-3,363,3,-2.3174426658637897,0.0,1,0.09597928097041564,0.29917967288236735,0.0,-2.4134219468342053,0.0,500,2.4424906541753444e-15
driven_dt1e-3,363,4,-2.6524200481523486,3.060159041643113,1,0.6636848965876305,0.032312653306225,0.19257358595951912,-3.2667881681439948,2.8091023645830036,500,2.4424906541753444e-15
driven_dt1e-3,363,5,-2.7189907205137063,0.0,1,0.00036821236647277544,0.25683761190833193,0.0,-2.7186225081472335,0.0,500,2.4424906541753444e-15
driven_dt1e-3,363,6,-2.9604741803555354,5.370695425996387,1,0.39129553206520884,-0.1725267795947078,0.12968404365777172,-3.0665101474226737,4.99404098608849,500,2.4424906541753444e-15
driven_dt1e-3,364,0,-0.9401735849314701,0.0,1,0.00433241760855263,0.626303260394332,0.0,-0.9358411673229174,0.0,500,4.218847493575595e-15
driven_dt1e-3,364,1,-1.7527488199044507,0.0,1,0.15378787781422565,0.4495624641741183,0.0,-1.598960942090225,0.0,500,4.218847493575595e-15
driven_dt1e-3,364,2,-2.2396104765324987,0.0,1,0.011813630883806159,0.3282767019174981,0.0,-2.2277968456486925,0.0,500,4.218847493575595e-15
driven_dt1e-3,364,3,-2.3174426658637897,0.0,1,0.08964582021509715,0.3282767019174981,0.0,-2.2277968456486925,0.0,500,4.218847493575595e-15
driven_dt1e-3,364,4,-2.6524200481523486,3.060159041643113,1,0.12772425410957428,-0.0028874021779605966,0.25580474604405723,-2.7265542724801635,3.164166742661645,500,4.218847493575595e-15
driven_dt1e-3,364,5,-2.7189907205137063,0.0,1,0.10313995666599984,0.2703804110109054,0.0,-2.6158507638477064,0.0,500,4.218847493575595e-15
driven_dt1e-3,364,6,-2.9604741803555354,5.370695425996387,1,0.372547472441763,-0.22381420103309385,0.14165748445273138,-2.656982069392672,5.154630255721187,500,4.218847493575595e-15
driven_dt1e-3,365,0,-0.9401735849314701,0.0,1,0.011489642871164385,0.6213681031896003,0.0,-0.9516632278026345,0.0,500,8.881784197001252e-16
driven_dt1e-3,365,1,-1.7527488199044507,0.0,1,0.11123916072795192,0.3937677579450746,0.0,-1.8639879806324027,0.0,500,8.881784197001252e-16
driven_dt1e-3,365,2,-2.2396104765324987,0.0,1,0.05364148899700982,0.31770691162022624,0.0,-2.2932519655295085,0.0,500,8.881784197001252e-16
driven_dt1e-3,365,3,-2.3174426658637897,0.0,1,0.024190700334281168,0.31770691162022624,0.0,-2.2932519655295085,0.0,500,8.881784197001252e-16
driven_dt1e-3,365,4,-2.6524200481523486,3.060159041643113,1,0.16700264534169915,-0.004677687372165578,0.2820678052790134,-2.5309406088534914,3.1747567265183347,500,8.881784197001252e-16
driven_dt1e-3,365,5,-2.7189907205137063,0.0,1,0.030984285964448244,0.2607995388160344,0.0,-2.688006434549258,0.0,500,8.881784197001252e-16
driven_dt1e-3,365,6,-2.9604741803555354,5.370695425996387,1,0.17390424717463693,-0.18764873134443494,0.11010906586247118,-3.0504830590173153,5.221896605613206,500,8.881784197001252e-16
driven_dt1e-3,366,0,-0.9401735849314701,0.0,1,0.004243301508625508,0.6236235092766629,0.0,-0.9444168864400956,0.0,500,1.1102230246251565e-16
driven_dt1e-3,366,1,-1.7527488199044507,0.0,1,0.09108074341685946,0.39775669423003335,0.0,-1.8438295633213102,0.0,500,1.1102230246251565e-16
driven_dt1e-3,366,2,-2.2396104765324987,0.0,1,0.13160831316910082,0.30555991611101246,0.0,-2.3712187897015995,0.0,500,1.1102230246251565e-16
driven_dt1e-3,366,3,-2.3174426658637897,0.0,1,0.05377612383780983,0.30555991611101246,0.0,-2.3712187897015995,0.0,500,1.1102230246251565e-16
driven_dt1e-3,366,4,-2.6524200481523486,3.060159041643113,1,0.44131234377022605,0.03869641687225936,0.21938353263196184,-3.003229365270175,2.792410264265336,500,1.1102230246251565e-16
driven_dt1e-3,366,5,-2.7189907205137063,0.0,1,0.018659557785481784,0.2591973388435243,0.0,-2.7003311627282245,0.0,500,1.1102230246251565e-16
driven_dt1e-3,366,6,-2.9604741803555354,5.370695425996387,1,0.32825333072960766,-0.1992367830917158,0.06481009651968932,-3.1259401814173233,5.6541936651932145,500,1.1102230246251565e-16
driven_dt1e-3,367,0,-0.9401735849314701,0.0,1,0.012212384599084025,0.6211435994283159,0.0,-0.9523859695305541,0.0,500,1.7763568394002505e-15
driven_dt1e-3,367,1,-1.7527488199044507,0.0,1,0.019582808865463486,0.42038555297516117,0.0,-1.7331660110389873,0.0,500,1.7763568394002505e-15
driven_dt1e-3,367,2,-2.2396104765324987,0.0,1,0.039738501076239885,0.3199231434339375,0.0,-2.2793489776087386,0.0,500,1.7763568394002505e-15
driven_dt1e-3,367,3,-2.3174426658637897,0.0,1,0.038093688255051106,0.3199231434339375,0.0,-2.2793489776087386,0.0,500,1.7763568394002505e-15
driven_dt1e-3,367,4,-2.6524200481523486,3.060159041643113,1,0.6682568702276813,0.07107704894252306,0.21103718551429032,-3.003993492525523,2.4918603896844105,500,1.7763568394002505e-15
driven_dt1e-3,367,5,-2.7189907205137063,0.0,1,0.006506644573302189,0.25762711299772817,0.0,-2.712484075940404,0.0,500,1.7763568394002505e-15
driven_dt1e-3,367,6,-2.9604741803555354,5.370695425996387,1,0.6925470911355027,-0.14755296841577778,0.06526819392973265,-3.64843581107676,5.450258407939246,500,1.7763568394002505e-15
driven_dt1e-3,368,0,-0.9401735849314701,0.0,1,0.0022125656284351924,0.6256397769747573,0.0,-0.9379610193030349,0.0,500,1.3322676295501878e-15
driven_dt1e-3,368,1,-1.7527488199044507,0.0,1,0.06078615570127743,0.4038274937803069,0.0,-1.8135349756057282,0.0,500,1.3322676295501878e-15
driven_dt1e-3,368,2,-2.2396104765324987,0.0,1,0.177731313044168,0.2985938784906384,0.0,-2.4173417895766667,0.0,500,1.3322676295501878e-15
driven_dt1e-3,368,3,-2.3174426658637897,0.0,1,0.09989912371287701,0.2985938784906384,0.0,-2.4173417895766667,0.0,500,1.3322676295501878e-15
driven_dt1e-3,368,4,-2.6524200481523486,3.060159041643113,1,0.9303658954246865,-0.0289101900810281,0.17259729353943454,-3.485918207789574,3.4735130270487664,500,1.3322676295501878e-15
driven_dt1e-3,368,5,-2.7189907205137063,0.0,1,0.02806170174889111,0.260418712825025,0.0,-2.690929018764815,0.0,500,1.3322676295501878e-15
driven_dt1e-3,368,6,-2.9604741803555354,5.370695425996387,1,0.4162616561580685,-0.2563384728399898,0.10630101896937676,-2.563828834687471,5.496973833284885,500,1.3322676295501878e-15
driven_dt1e-3,369,0,-0.9401735849314701,0.0,1,0.014690989300670032,0.629555478820604,0.0,-0.9254825956308,0.0,500,2.886579864025407e-15
driven_dt1e-3,369,1,-1.7527488199044507,0.0,1,0.0005152162485584366,0.41618224817755356,0.0,-1.7532640361530092,0.0,500,2.886579864025407e-15
driven_dt1e-3,369,2,-2.2396104765324987,0.0,1,0.210717070930309,0.36260300156456493,0.0,-2.0288934056021897,0.0,500,2.886579864025407e-15
driven_dt1e-3,369,3,-2.3174426658637897,0.0,1,0.2688793123530733,0.274402028927131,0.0,-2.586321978216863,0.0,500,2.886579864025407e-15
driven_dt1e-3,369,4,-2.6524200481523486,3.060159041643113,1,0.27177497938828793,0.0382548029267019,0.2439051842169892,-2.7976494336781204,2.830441682696709,500,2.886579864025407e-15
driven_dt1e-3,369,5,-2.7189907205137063,0.0,1,0.04607437861982211,0.25094222401173294,0.0,-2.7650650991335284,0.0,500,2.886579864025407e-15
driven_dt1e-3,369,6,-2.9604741803555354,5.370695425996387,1,0.35789399262812116,-0.1995608248851124,0.061573946929083266,-3.1323341176107746,5.684625787583034,500,2.886579864025407e-15
driven_dt1e-3,370,0,-0.9401735849314701,0.0,1,0.010124534470339674,0.621792365372931,0.0,-0.9502981194018097,0.0,500,5.10702591327572e-15
driven_dt1e-3,370,1,-1.7527488199044507,0.0,1,0.021575027934678692,0.4118228804367041,0.0,-1.7743238478391294,0.0,500,5.10702591327572e-15
driven_dt1e-3,370,2,-2.2396104765324987,0.0,1,0.37621507415057803,0.3306203727509148,0.062092177922333784,-2.178905967380801,0.3712852603952605,500,5.10702591327572e-15
driven_dt1e-3,370,3,-2.3174426658637897,0.0,1,0.34835496230770024,0.26371170103394126,0.0,-2.66579762817149,0.0,500,5.10702591327572e-15
driven_dt1e-3,370,4,-2.6524200481523486,3.060159041643113,1,0.32952742376867755,-0.030998401030067006,0.2825125967704058,-2.516096827041754,3.36016621222684,500,5.10702591327572e-15
driven_dt1e-3,370,5,-2.7189907205137063,0.0,1,0.053193092342216364,0.26371170103394126,0.0,-2.66579762817149,0.0,500,5.10702591327572e-15
driven_dt1e-3,370,6,-2.9604741803555354,5.370695425996387,1,0.1509279370854899,-0.19868651683981642,0.11660527402565052,-2.936084657708294,5.2217511633411196,500,5.10702591327572e-15
driven_dt1e-3,371,0,-0.9401735849314701,0.0,1,0.00618293872477893,0.6268830222726306,0.0,-0.9339906462066911,0.0,500,1.1102230246251565e-15
driven_dt1e-3,371,1,-1.7527488199044507,0.0,1,0.12297094997478775,0.4426884918439884,0.0,-1.629777869929663,0.0,500,1.1102230246251565e-15
driven_dt1e-3,371,2,-2.2396104765324987,0.0,1,0.14674374355525632,0.351188077219659,0.0,-2.0928667329772423,0.0,500,1.1102230246251565e-15
driven_dt1e-3,371,3,-2.3174426658637897,0.0,1,0.2245759328865473,0.351188077219659,0.0,-2.0928667329772423,0.0,500,1.1102230246251565e-15
driven_dt1e-3,371,4,-2.6524200481523486,3.060159041643113,1,0.29113393407845783,0.024968582761122148,0.30423880855329904,-2.37317191891922,2.97782162674686,500,1.1102230246251565e-15
driven_dt1e-3,371,5,-2.7189907205137063,0.0,1,0.026222038845714835,0.26017928163743653,0.0,-2.6927686816679914,0.0,500,1.1102230246251565e-15
driven_dt1e-3,371,6,-2.9604741803555354,5.370695425996387,1,0.49345573160392353,-0.189567369326254,0.05030657233767761,-3.2579665393969677,5.764391825985931,500,1.1102230246251565e-15
driven_dt1e-3,372,0,-0.9401735849314701,0.0,1,0.013966174495819161,0.6293273645924811,0.0,-0.9262074104356509,0.0,500,1.7763568394002505e-15
driven_dt1e-3,372,1,-1.7527488199044507,0.0,1,0.037831132360465425,0.4242387707160109,0.0,-1.7149176875439853,0.0,500,1.7763568394002505e-15
driven_dt1e-3,372,2,-2.2396104765324987,0.0,1,0.10263289477525595,0.3435272668896819,0.0,-2.1369775817572427,0.0,500,1.7763568394002505e-15
driven_dt1e-3,372,3,-2.3174426658637897,0.0,1,0.18046508410654694,0.3435272668896819,0.0,-2.1369775817572427,0.0,500,1.7763568394002505e-15
driven_dt1e-3,372,4,-2.6524200481523486,3.060159041643113,1,0.5462852983125805,0.05903267026282212,0.21884411431737974,-2.968552949936038,2.614639552100524,500,1.7763568394002505e-15
driven_dt1e-3,372,5,-2.7189907205137063,0.0,1,0.02467992684332243,0.25997874616291894,0.0,-2.694310793670384,0.0,500,1.7763568394002505e-15
driven_dt1e-3,372,6,-2.9604741803555354,5.370695425996387,1,0.3440314455178395,-0.18058930491623884,0.07286438627727976,-3.2722313537346563,5.516177728534376,500,1.7763568394002505e-15
driven_dt1e-3,373,0,-0.9401735849314701,0.0,1,0.008542814603407112,0.627623141895864,0.0,-0.931630770328063,0.0,500,1.3322676295501878e-15
driven_dt1e-3,373,1,-1.7527488199044507,0.0,1,0.1683842259325239,0.4528554510676043,0.0,-1.5843645939719269,0.0,500,1.3322676295501878e-15
driven_dt1e-3,373,2,-2.2396104765324987,0.0,1,0.003484622032418727,0.32691243485932875,0.0,-2.23612585450008,0.0,500,1.3322676295501878e-15
driven_dt1e-3,373,3,-2.3174426658637897,0.0,1,0.08131681136370972,0.32691243485932875,0.0,-2.23612585450008,0.0,500,1.3322676295501878e-15
driven_dt1e-3,373,4,-2.6524200481523486,3.060159041643113,1,0.4965695523631197,0.037611658826994215,0.21219704862116376,-3.0695462265886313,2.7907391619065733,500,1.3322676295501878e-15
driven_dt1e-3,373,5,-2.7189907205137063,0.0,1,0.025736323526760696,0.2601161027780991,0.0,-2.6932543969869456,0.0,500,1.3322676295501878e-15
driven_dt1e-3,373,6,-2.9604741803555354,5.370695425996387,1,0.373740817960328,-0.18809020936129445,0.06398807336332267,-3.2321535755922066,5.627351821228401,500,1.3322676295501878e-15
driven_dt1e-3,374,0,-0.9401735849314701,0.0,1,0.006136759849109108,0.6230333860966735,0.0,-0.9463103447805792,0.0,500,1.3322676295501878e-15
driven_dt1e-3,374,1,-1.7527488199044507,0.0,1,0.18079013860347448,0.38030965395967453,0.0,-1.9335389585079252,0.0,500,1.3322676295501878e-15
driven_dt1e-3,374,2,-2.2396104765324987,0.0,1,0.20006099028293622,0.2952786673608655,0.0,-2.439671466815435,0.0,500,1.3322676295501878e-15
driven_dt1e-3,374,3,-2.3174426658637897,0.0,1,0.12222880095164523,0.2952786673608655,0.0,-2.439671466815435,0.0,500,1.3322676295501878e-15
driven_dt1e-3,374,4,-2.6524200481523486,3.060159041643113,1,0.5634054061841861,0.015119121668713008,0.35153695215594555,-2.0890328590913536,3.055628377285822,500,1.3322676295501878e-15
driven_dt1e-3,374,5,-2.7189907205137063,0.0,1,0.01732035568074064,0.25902383812727675,0.0,-2.7016703648329656,0.0,500,1.3322676295501878e-15
driven_dt1e-3,374,6,-2.9604741803555354,5.370695425996387,1,0.6274522034142629,-0.14218549703511418,0.1161168836796998,-3.390262004168134,4.9135535507849335,500,1.3322676295501878e-15
driven_dt1e-3,375,0,-0.9401735849314701,0.0,1,0.010370281399494252,0.628196884205836,0.0,-0.9298033035319758,0.0,500,4.440892098500626e-16
driven_dt1e-3,375,1,-1.7527488199044507,0.0,1,0.029452950029789315,0.41020391676283674,0.0,-1.78220176993424,0.0,500,4.440892098500626e-16
driven_dt1e-3,375,2,-2.2396104765324987,0.0,1,0.4574087065982586,0.41020391676283674,0.0,-1.78220176993424,0.0,500,4.440892098500626e-16
driven_dt1e-3,375,3,-2.3174426658637897,0.0,1,0.3884972534385436,0.25847146973591023,0.0,-2.7059399193023332,0.0,500,4.440892098500626e-16
driven_dt1e-3,375,4,-2.6524200481523486,3.060159041643113,1,0.24528546380708316,-0.011816200043971253,0.24375265847618996,-2.8208553410418302,3.238469195207879,500,4.440892098500626e-16
driven_dt1e-3,375,5,-2.7189907205137063,0.0,1,0.013050801211373031,0.25847146973591023,0.0,-2.7059399193023332,0.0,500,4.440892098500626e-16
driven_dt1e-3,375,6,-2.9604741803555354,5.370695425996387,1,0.3182569112871824,-0.18477368260345595,0.07263183662210497,-3.233565758698565,5.53412263125968,500,4.440892098500626e-16
driven_dt1e-3,376,0,-0.9401735849314701,0.0,1,0.013738258816424653,0.6292556518917396,0.0,-0.9264353261150454,0.0,500,5.329070518200751e-15
driven_dt1e-3,376,1,-1.7527488199044507,0.0,1,0.06893335993539207,0.4308877214104827,0.0,-1.6838154599690587,0.0,500,5.329070518200751e-15
driven_dt1e-3,376,2,-2.2396104765324987,0.0,1,0.2753686877477286,0.31011880722667523,0.040858450232927654,-2.3243902309554665,0.2619929530195179,500,5.329070518200751e-15
driven_dt1e-3,376,3,-2.3174426658637897,0.0,1,0.22815795220885882,0.2800463065261127,0.0,-2.5456006180726485,0.0,500,5.329070518200751e-15
driven_dt1e-3,376,4,-2.6524200481523486,3.060159041643113,1,0.2377364827354626,-0.015863144856623195,0.28412364521837696,-2.5135791845882465,3.2531405169929593,500,5.329070518200751e-15
driven_dt1e-3,376,5,-2.7189907205137063,0.0,1,0.11194857028408123,0.24281155133858198,0.0,-2.8309392907977875,0.0,500,5.329070518200751e-15
driven_dt1e-3,376,6,-2.9604741803555354,5.370695425996387,1,0.39958348534481636,-0.21566747094826508,0.056791324120288374,-3.0009918303946614,5.768219364641116,500,5.329070518200751e-15
driven_dt1e-3,377,0,-0.9401735849314701,0.0,1,8.044043990707017e-05,0.6249731612012447,0.0,-0.940093144491563,0.0,500,6.661338147750939e-16
driven_dt1e-3,377,1,-1.7527488199044507,0.0,1,0.12973257918459824,0.3901434841104312,0.0,-1.882481399089049,0.0,500,6.661338147750939e-16
driven_dt1e-3,377,2,-2.2396104765324987,0.0,1,0.2364102200301006,0.2899605649203861,0.0,-2.4760206965625993,0.0,500,6.661338147750939e-16
driven_dt1e-3,377,3,-2.3174426658637897,0.0,1,0.1585780306988096,0.2899605649203861,0.0,-2.4760206965625993,0.0,500,6.661338147750939e-16
driven_dt1e-3,377,4,-2.6524200481523486,3.060159041643113,1,0.4322376152372381,0.017541332365220895,0.3289411870545308,-2.2209129177903404,3.035040274302347,500,6.661338147750939e-16
driven_dt1e-3,377,5,-2.7189907205137063,0.0,1,0.03581502582465035,0.26143022754655193,0.0,-2.683175694689056,0.0,500,6.661338147750939e-16
driven_dt1e-3,377,6,-2.9604741803555354,5.370695425996387,1,0.4664640206451623,-0.17424905760964787,0.06290708981184288,-3.372025954641317,5.590271881106391,500,6.661338147750939e-16
driven_dt1e-3,378,0,-0.9401735849314701,0.0,1,0.0015534188908691293,0.6244628105744543,0.0,-0.9417270038223392,0.0,500,5.551115123125783e-15
driven_dt1e-3,378,1,-1.7527488199044507,0.0,1,0.16351337486534212,0.3836091445913371,0.0,-1.9162621947697929,0.0,500,5.551115123125783e-15
driven_dt1e-3,378,2,-2.2396104765324987,0.0,1,0.3233482817627058,0.3836091445913371,0.0,-1.9162621947697929,0.0,500,5.551115123125783e-15
driven_dt1e-3,378,3,-2.3174426658637897,0.0,1,0.3310783619868272,0.28544286912344674,0.04084709374428873,-2.487155777972271,0.28427159786783945,500,5.551115123125783e-15
driven_dt1e-3,378,4,-2.6524200481523486,3.060159041643113,1,0.5858858130350357,-0.055112776601420777,0.2325434199290663,-2.862708454525231,3.6070054296360103,500,5.551115123125783e-15
driven_dt1e-3,378,5,-2.7189907205137063,0.0,1,0.07035867268814577,0.24791367041091503,0.0,-2.789349393201852,0.0,500,5.551115123125783e-15
driven_dt1e-3,378,6,-2.9604741803555354,5.370695425996387,1,0.19006918682626944,-0.18374772383000404,0.09790395513729079,-3.1384852443809956,5.304074431817954,500,5.551115123125783e-15
driven_dt1e-3,379,0,-0.9401735849314701,0.0,1,0.018521045982388573,0.61918739399013,0.0,-0.9586946309138586,0.0,500,6.217248937900877e-15
driven_dt1e-3,379,1,-1.7527488199044507,0.0,1,0.07604903407486807,0.4007574381905313,0.0,-1.8287978539793188,0.0,500,6.217248937900877e-15
driven_dt1e-3,379,2,-2.2396104765324987,0.0,1,0.09489937856933617,0.34220149491849605,0.0,-2.1447110979631625,0.0,500,6.217248937900877e-15
driven_dt1e-3,379,3,-2.3174426658637897,0.0,1,0.17273156790062716,0.34220149491849605,0.0,-2.1447110979631625,0.0,500,6.217248937900877e-15
driven_dt1e-3,379,4,-2.6524200481523486,3.060159041643113,1,0.4006883741785093,0.03233284677457151,0.22139314431253526,-2.9945262545046285,2.8515577070906506,500,6.217248937900877e-15
driven_dt1e-3,379,5,-2.7189907205137063,0.0,1,0.06474908757538422,0.248609992891875,0.0,-2.7837398080890905,0.0,500,6.217248937900877e-15
driven_dt1e-3,379,6,-2.9604741803555354,5.370695425996387,1,0.08963290411838931,-0.19874700242716734,0.09194919899636982,-3.037491662085377,5.416546980045186,500,6.217248937900877e-15
driven_dt1e-3,380,0,-0.9401735849314701,0.0,1,0.014354328171158781,0.6294495143100923,0.0,-0.9258192567603113,0.0,500,2.220446049250313e-15
driven_dt1e-3,380,1,-1.7527488199044507,0.0,1,0.16951445879778682,0.45311143944941723,0.0,-1.583234361106664,0.0,500,2.220446049250313e-15
driven_dt1e-3,380,2,-2.2396104765324987,0.0,1,0.24621425192113655,0.28854265176336913,0.0,-2.4858247284536352,0.0,500,2.220446049250313e-15
driven_dt1e-3,380,3,-2.3174426658637897,0.0,1,0.16838206258984556,0.28854265176336913,0.0,-2.4858247284536352,0.0,500,2.220446049250313e-15
driven_dt1e-3,380,4,-2.6524200481523486,3.060159041643113,1,0.5720973113896373,-0.04394923191506385,0.2216851523714922,-2.974443657398192,3.533018564955832,500,2.220446049250313e-15
driven_dt1e-3,380,5,-2.7189907205137063,0.0,1,0.05747157090949706,0.24951627244132393,0.0,-2.7764622914232033,0.0,500,2.220446049250313e-15
driven_dt1e-3,380,6,-2.9604741803555354,5.370695425996387,1,0.17692914196338216,-0.1895678573899164,0.1135422449659144,-3.0194551705508244,5.203886661024393,500,2.220446049250313e-15
driven_dt1e-3,381,0,-0.9401735849314701,0.0,1,0.0022476171262026945,0.625650741876464,0.0,-0.9379259678052674,0.0,500,2.220446049250313e-16
driven_dt1e-3,381,1,-1.7527488199044507,0.0,1,0.05597512814241279,0.40480007569171705,0.0,-1.8087239480468635,0.0,500,2.220446049250313e-16
driven_dt1e-3,381,2,-2.2396104765324987,0.0,1,0.005177913181218408,0.3254995516164599,0.0,-2.244788389713717,0.0,500,2.220446049250313e-16
driven_dt1e-3,381,3,-2.3174426658637897,0.0,1,0.07265427615007258,0.3254995516164599,0.0,-2.244788389713717,0.0,500,2.220446049250313e-16
driven_dt1e-3,381,4,-2.6524200481523486,3.060159041643113,1,0.6353548072740689,-0.00513760064334914,0.19455026056785907,-3.2734323634451443,3.1943955321401107,500,2.220446049250313e-16
driven_dt1e-3,381,5,-2.7189907205137063,0.0,1,0.02401432669979231,0.2537254445368668,0.0,-2.7430050472134986,0.0,500,2.220446049250313e-16
driven_dt1e-3,381,6,-2.9604741803555354,5.370695425996387,1,0.24343286420152146,-0.22418292301374626,0.1218555654694328,-2.731726867160561,5.287423425423346,500,2.220446049250313e-16
driven_dt1e-3,382,0,-0.9401735849314701,0.0,1,0.009350573759843606,0.6278766772611247,0.0,-0.9308230111716265,0.0,500,1.5543122344752192e-15
driven_dt1e-3,382,1,-1.7527488199044507,0.0,1,0.02070870843635353,0.4206222755572244,0.0,-1.7320401114680972,0.0,500,1.5543122344752192e-15
driven_dt1e-3,382,2,-2.2396104765324987,0.0,1,0.08243471644429645,0.3131657748658282,0.0,-2.322045192976795,0.0,500,1.5543122344752192e-15
driven_dt1e-3,382,3,-2.3174426658637897,0.0,1,0.004602527113005461,0.3131657748658282,0.0,-2.322045192976795,0.0,500,1.5543122344752192e-15
driven_dt1e-3,382,4,-2.6524200481523486,3.060159041643113,1,0.39113197623241824,0.05997257924561994,0.2893241404413512,-2.438345613954369,2.732811581817484,500,1.5543122344752192e-15
driven_dt1e-3,382,5,-2.7189907205137063,0.0,1,0.07232066541669413,0.24767058725292948,0.0,-2.7913113859304004,0.0,500,1.5543122344752192e-15
driven_dt1e-3,382,6,-2.9604741803555354,5.370695425996387,1,0.4242053449346002,-0.1603943892179896,0.10727161360495233,-3.2905447959348813,5.104230487585806,500,1.5543122344752192e-15
driven_dt1e-3,383,0,-0.9401735849314701,0.0,1,0.0074122881280195285,0.6272684698576005,0.0,-0.9327612968034505,0.0,500,1.1102230246251565e-15
driven_dt1e-3,383,1,-1.7527488199044507,0.0,1,0.2224533440586982,0.3724691430730275,0.0,-1.975202163963149,0.0,500,1.1102230246251565e-15
driven_dt1e-3,383,2,-2.2396104765324987,0.0,1,0.2476791497819866,0.29239962194508284,0.0177459153835797,-2.455591103230583,0.1212325456625842,500,1.1102230246251565e-15
driven_dt1e-3,383,3,-2.3174426658637897,0.0,1,0.18379967593746552,0.29239962194508284,0.0177459153835797,-2.455591103230583,0.1212325456625842,500,1.1102230246251565e-15
driven_dt1e-3,383,4,-2.6524200481523486,3.060159041643113,1,0.47013234047028923,-0.01780497903189851,0.3287078626688447,-2.222242034196765,3.249820038859994,500,1.1102230246251565e-15
driven_dt1e-3,383,5,-2.7189907205137063,0.0,1,0.28995980499497936,0.29239962194508284,0.0177459153835797,-2.455591103230583,0.1212325456625842,500,1.1102230246251565e-15
driven_dt1e-3,383,6,-2.9604741803555354,5.370695425996387,1,0.2928259196363802,-0.18044172726165758,0.12247026414734775,-3.045801421987892,5.090577091990372,500,1.1102230246251565e-15
driven_dt1e-3,384,0,-0.9401735849314701,0.0,1,0.004687481042806474,0.6234850242553578,0.0,-0.9448610659742765,0.0,500,3.3306690738754696e-15
driven_dt1e-3,384,1,-1.7527488199044507,0.0,1,0.1252087321487212,0.39102695763060136,0.0,-1.877957552053172,0.0,500,3.3306690738754696e-15
driven_dt1e-3,384,2,-2.2396104765324987,0.0,1,0.15587563391431258,0.3018747583044498,0.0,-2.3954861104468113,0.0,500,3.3306690738754696e-15
driven_dt1e-3,384,3,-2.3174426658637897,0.0,1,0.07804344458302159,0.3018747583044498,0.0,-2.3954861104468113,0.0,500,3.3306690738754696e-15
driven_dt1e-3,384,4,-2.6524200481523486,3.060159041643113,1,0.41934442876296885,0.001000507672262934,0.21593782927487642,-3.0655080129546195,3.1323260927818315,500,3.3306690738754696e-15
driven_dt1e-3,384,5,-2.7189907205137063,0.0,1,0.0050497893175496245,0.25743951862368797,0.0,-2.7139409311961566,0.0,500,3.3306690738754696e-15
driven_dt1e-3,384,6,-2.9604741803555354,5.370695425996387,1,0.06524077456625373,-0.203927885329949,0.09291195891841803,-2.9913575660519833,5.428163461928801,500,3.3306690738754696e-15
driven_dt1e-3,385,0,-0.9401735849314701,0.0,1,0.0069042725306699415,0.6271091590083495,0.0,-0.9332693124008001,0.0,500,3.774758283725532e-15
driven_dt1e-3,385,1,-1.7527488199044507,0.0,1,0.12409268948050278,0.39124521990701067,0.0,-1.8768415093849535,0.0,500,3.774758283725532e-15
driven_dt1e-3,385,2,-2.2396104765324987,0.0,1,0.011581436712007065,0.32823859216129536,0.0,-2.2280290398204916,0.0,500,3.774758283725532e-15
driven_dt1e-3,385,3,-2.3174426658637897,0.0,1,0.08941362604329806,0.32823859216129536,0.0,-2.2280290398204916,0.0,500,3.774758283725532e-15
driven_dt1e-3,385,4,-2.6524200481523486,3.060159041643113,1,0.2513860183988619,-0.012418006924367408,0.2432995960117002,-2.824321686903004,3.2435841131062912,500,3.774758283725532e-15
driven_dt1e-3,385,5,-2.7189907205137063,0.0,1,0.020118848984204796,0.25938653005405127,0.0,-2.6988718715295015,0.0,500,3.774758283725532e-15
driven_dt1e-3,385,6,-2.9604741803555354,5.370695425996387,1,0.5205815727482879,-0.1990379249212651,0.04454002310269751,-3.1796572940501857,5.8428859982828305,500,3.774758283725532e-15
driven_dt1e-3,386,0,-0.9401735849314701,0.0,1,0.006166997103252747,0.6268780255266035,0.0,-0.9340065878282173,0.0,500,4.440892098500626e-16
driven_dt1e-3,386,1,-1.7527488199044507,0.0,1,0.0882146105353474,0.39832711462766324,0.0,-1.8409634304397982,0.0,500,4.440892098500626e-16
driven_dt1e-3,386,2,-2.2396104765324987,0.0,1,0.1622456727020638,0.30091481088181105,0.0,-2.4018561492345625,0.0,500,4.440892098500626e-16
driven_dt1e-3,386,3,-2.3174426658637897,0.0,1,0.08441348337077281,0.30091481088181105,0.0,-2.4018561492345625,0.0,500,4.440892098500626e-16
driven_dt1e-3,386,4,-2.6524200481523486,3.060159041643113,1,0.0698249647021227,0.00950274379043883,0.27460064775151194,-2.583678016511741,3.0724088898696977,500,4.440892098500626e-16
driven_dt1e-3,386,5,-2.7189907205137063,0.0,1,0.01783474439154764,0.25909046616416825,0.0,-2.7011559761221586,0.0,500,4.440892098500626e-16
driven_dt1e-3,386,6,-2.9604741803555354,5.370695425996387,1,0.3164809473198333,-0.17616127909511625,0.12085100801453638,-3.0870197825661956,5.080615436032239,500,4.440892098500626e-16
driven_dt1e-3,387,0,-0.9401735849314701,0.0,1,0.014683751859842609,0.6295532006394633,0.0,-0.9254898330716275,0.0,500,2.220446049250313e-15
driven_dt1e-3,387,1,-1.7527488199044507,0.0,1,0.05227686496435213,0.42731408355386663,0.0,-1.7004719549400986,0.0,500,2.220446049250313e-15
driven_dt1e-3,387,2,-2.2396104765324987,0.0,1,0.24487352225880699,0.3688487992163049,0.0,-1.9947369542736917,0.0,500,2.220446049250313e-15
driven_dt1e-3,387,3,-2.3174426658637897,0.0,1,0.21082527036949505,0.2824838302415979,0.0,-2.5282679362332847,0.0,500,2.220446049250313e-15
driven_dt1e-3,387,4,-2.6524200481523486,3.060159041643113,1,0.52108725735919,0.024733604175002706,0.3429590277575664,-2.1351010201314335,2.9976054403909194,500,2.220446049250313e-15
driven_dt1e-3,387,5,-2.7189907205137063,0.0,1,0.19072278428042155,0.2824838302415979,0.0,-2.5282679362332847,0.0,500,2.220446049250313e-15
driven_dt1e-3,387,6,-2.9604741803555354,5.370695425996387,1,0.3019599965863957,-0.2246071914725866,0.07182443450218555,-2.8894436713520317,5.664182233756394,500,2.220446049250313e-15
driven_dt1e-3,388,0,-0.9401735849314701,0.0,1,0.0029861813635263523,0.6258818261729897,0.0,-0.9371874035679437,0.0,500,3.1086244689504383e-15
driven_dt1e-3,388,1,-1.7527488199044507,0.0,1,0.10520193643568287,0.39495818589816956,0.0,-1.8579507563401336,0.0,500,3.1086244689504383e-15
driven_dt1e-3,388,2,-2.2396104765324987,0.0,1,0.3345785961296497,0.2760717353545382,0.0,-2.5741890726621484,0.0,500,3.1086244689504383e-15
driven_dt1e-3,388,3,-2.3174426658637897,0.0,1,0.2567464067983587,0.2760717353545382,0.0,-2.5741890726621484,0.0,500,3.1086244689504383e-15
driven_dt1e-3,388,4,-2.6524200481523486,3.060159041643113,1,0.5625708828918975,0.035936622342455066,0.34741152521648844,-2.1038472842565703,2.935443681765046,500,3.1086244689504383e-15
driven_dt1e-3,388,5,-2.7189907205137063,0.0,1,0.08175603126858177,0.2472638298271562,0.003920497030169774,-2.7943473849343023,0.03170838652771522,500,3.1086244689504383e-15
driven_dt1e-3,388,6,-2.9604741803555354,5.370695425996387,1,0.20044219373135208,-0.21513318088292063,0.12142569915894066,-2.796447313420846,5.25549013119,500,3.1086244689504383e-15
driven_dt1e-3,389,0,-0.9401735849314701,0.0,1,0.00725703900579211,0.6226844981605855,0.0,-0.9474306239372622,0.0,500,5.551115123125783e-15
driven_dt1e-3,389,1,-1.7527488199044507,0.0,1,0.008545136039855183,0.41807190407522055,0.0,-1.7442036838645956,0.0,500,5.551115123125783e-15
driven_dt1e-3,389,2,-2.2396104765324987,0.0,1,0.27772771579092337,0.3531338688418283,0.038949833492860055,-2.0697239598724546,0.21970720419585807,500,5.551115123125783e-15
driven_dt1e-3,389,3,-2.3174426658637897,0.0,1,0.2882694516296542,0.2717545366959839,0.0,-2.605712117493444,0.0,500,5.551115123125783e-15
driven_dt1e-3,389,4,-2.6524200481523486,3.060159041643113,1,0.2912846900812775,-0.0068157091268499104,0.3026236930789855,-2.3900232500922693,3.1866291608158406,500,5.551115123125783e-15
driven_dt1e-3,389,5,-2.7189907205137063,0.0,1,0.11327860302026238,0.2717545366959839,0.0,-2.605712117493444,0.0,500,5.551115123125783e-15
driven_dt1e-3,389,6,-2.9604741803555354,5.370695425996387,1,0.5257580943973716,-0.27072893878009374,0.11589069012710239,-2.445015272913012,5.474250670009018,500,5.551115123125783e-15
driven_dt1e-3,390,0,-0.9401735849314701,0.0,1,0.0033452673312178716,0.6259942089520635,0.0,-0.9368283176002522,0.0,500,2.4424906541753444e-15
driven_dt1e-3,390,1,-1.7527488199044507,0.0,1,0.07667692808513427,0.4006316413408319,0.0,-1.829425747989585,0.0,500,2.4424906541753444e-15
driven_dt1e-3,390,2,-2.2396104765324987,0.0,1,0.15029099668057322,0.3518115064237735,0.0,-2.0893194798519255,0.0,500,2.4424906541753444e-15
driven_dt1e-3,390,3,-2.3174426658637897,0.0,1,0.2281231860118642,0.3518115064237735,0.0,-2.0893194798519255,0.0,500,2.4424906541753444e-15
driven_dt1e-3,390,4,-2.6524200481523486,3.060159041643113,1,0.3199603861012274,0.000584811764195106,0.3100518752434625,-2.342027754369425,3.1378203102022977,500,2.4424906541753444e-15
driven_dt1e-3,390,5,-2.7189907205137063,0.0,1,0.03715968823768856,0.25206325668591795,0.0,-2.756150408751395,0.0,500,2.4424906541753444e-15
driven_dt1e-3,390,6,-2.9604741803555354,5.370695425996387,1,0.43538517850925873,-0.18854691064302725,0.14855519624444766,-2.853910127131152,4.948552847918873,500,2.4424906541753444e-15
driven_dt1e-3,391,0,-0.9401735849314701,0.0,1,0.011321088395778833,0.6214204725836705,0.0,-0.9514946733272489,0.0,500,5.10702591327572e-15
driven_dt1e-3,391,1,-1.7527488199044507,0.0,1,0.22719155148037884,0.4663687567863602,0.0,-1.525557268424072,0.0,500,5.10702591327572e-15
driven_dt1e-3,391,2,-2.2396104765324987,0.0,1,0.34850085860704233,0.3120609289862838,0.05410019649973702,-2.2995013061452236,0.3433160890173155,500,5.10702591327572e-15
driven_dt1e-3,391,3,-2.3174426658637897,0.0,1,0.3437845682497926,0.3120609289862838,0.05410019649973702,-2.2995013061452236,0.3433160890173155,500,5.10702591327572e-15
driven_dt1e-3,391,4,-2.6524200481523486,3.060159041643113,1,0.6089387581794551,-0.00715933019180957,0.3577006465886338,-2.0557171355722974,3.181617039863159,500,5.10702591327572e-15
driven_dt1e-3,391,5,-2.7189907205137063,0.0,1,0.034082723423250805,0.2612038874775749,0.0,-2.6849079970904555,0.0,500,5.10702591327572e-15
driven_dt1e-3,391,6,-2.9604741803555354,5.370695425996387,1,0.35117732069927954,-0.23435529197665386,0.07174063996443641,-2.8122593415141512,5.689062937091265,500,5.10702591327572e-15
driven_dt1e-3,392,0,-0.9401735849314701,0.0,1,0.005359479550941515,0.6232755689426707,0.0,-0.9455330644824116,0.0,500,2.220446049250313e-15
driven_dt1e-3,392,1,-1.7527488199044507,0.0,1,0.16878135956845375,0.3826000505948484,0.0,-1.9215301794729045,0.0,500,2.220446049250313e-15
driven_dt1e-3,392,2,-2.2396104765324987,0.0,1,0.3170657650050104,0.27849974902873625,0.0,-2.556676241537509,0.0,500,2.220446049250313e-15
driven_dt1e-3,392,3,-2.3174426658637897,0.0,1,0.2392335756737194,0.27849974902873625,0.0,-2.556676241537509,0.0,500,2.220446049250313e-15
driven_dt1e-3,392,4,-2.6524200481523486,3.060159041643113,1,0.647553655721667,0.048182322564907065,0.1994770906870475,-3.167407205328966,2.667585526258235,500,2.220446049250313e-15
driven_dt1e-3,392,5,-2.7189907205137063,0.0,1,0.16231447897619722,0.27849974902873625,0.0,-2.556676241537509,0.0,500,2.220446049250313e-15
driven_dt1e-3,392,6,-2.9604741803555354,5.370695425996387,1,0.10218516277346196,-0.20371125415840036,0.11200511803767811,-2.91796745299025,5.277770802673329,500,2.220446049250313e-15
driven_dt1e-3,393,0,-0.9401735849314701,0.0,1,0.007221365268442637,0.6272085927706283,0.0,-0.9329522196630274,0.0,500,3.1086244689504383e-15
driven_dt1e-3,393,1,-1.7527488199044507,0.0,1,0.13373860809630522,0.389362803190497,0.0,-1.886487428000756,0.0,500,3.1086244689504383e-15
driven_dt1e-3,393,2,-2.2396104765324987,0.0,1,0.3531230485317427,0.389362803190497,0.0,-1.886487428000756,0.0,500,3.1086244689504383e-15
driven_dt1e-3,393,3,-2.3174426658637897,0.0,1,0.38956713208431815,0.25833324015841863,0.0,-2.707009797948108,0.0,500,3.1086244689504383e-15
driven_dt1e-3,393,4,-2.6524200481523486,3.060159041643113,1,0.419342917336754,-0.04524801322716561,0.2756105352082616,-2.5509368452382057,3.4670369617208516,500,3.1086244689504383e-15
driven_dt1e-3,393,5,-2.7189907205137063,0.0,1,0.011980922565598462,0.25833324015841863,0.0,-2.707009797948108,0.0,500,3.1086244689504383e-15
driven_dt1e-3,393,6,-2.9604741803555354,5.370695425996387,1,0.4055225506942722,-0.25239040764196546,0.11764628946809182,-2.556941134211006,5.410815493181097,500,3.1086244689504383e-15
driven_dt1e-3,394,0,-0.9401735849314701,0.0,1,0.0025178331737026882,0.6257352780223838,0.0,-0.9376557517577674,0.0,500,3.552713678800501e-15
driven_dt1e-3,394,1,-1.7527488199044507,0.0,1,0.1322533593848383,0.3896520608829731,0.0,-1.885002179289289,0.0,500,3.552713678800501e-15
driven_dt1e-3,394,2,-2.2396104765324987,0.0,1,0.35460829724320964,0.3896520608829731,0.0,-1.885002179289289,0.0,500,3.552713678800501e-15
driven_dt1e-3,394,3,-2.3174426658637897,0.0,1,0.3063593073977433,0.269307619287141,0.0,-2.623801973261533,0.0,500,3.552713678800501e-15
driven_dt1e-3,394,4,-2.6524200481523486,3.060159041643113,1,0.46239528644124556,0.017921887011879918,0.21081695935232758,-3.1063290437260234,2.97197727107584,500,3.552713678800501e-15
driven_dt1e-3,394,5,-2.7189907205137063,0.0,1,0.0951887472521733,0.269307619287141,0.0,-2.623801973261533,0.0,500,3.552713678800501e-15
driven_dt1e-3,394,6,-2.9604741803555354,5.370695425996387,1,0.432911571980439,-0.25220621543753274,0.07750628194833088,-2.6647723612466394,5.68688028225972,500,3.552713678800501e-15
driven_dt1e-3,395,0,-0.9401735849314701,0.0,1,0.013471406300325506,0.6291716982656848,0.0,-0.9267021786311446,0.0,500,3.9968028886505635e-15
driven_dt1e-3,395,1,-1.7527488199044507,0.0,1,0.10209784407751665,0.4380923754829546,0.0,-1.650650975826934,0.0,500,3.9968028886505635e-15
driven_dt1e-3,395,2,-2.2396104765324987,0.0,1,0.26885552735592966,0.3732982897200061,0.0,-1.970754949176569,0.0,500,3.9968028886505635e-15
driven_dt1e-3,395,3,-2.3174426658637897,0.0,1,0.3224151607216994,0.2671542924098349,0.0,-2.639857826585489,0.0,500,3.9968028886505635e-15
driven_dt1e-3,395,4,-2.6524200481523486,3.060159041643113,1,0.28615749669559654,0.04658006949151462,0.2541924379882151,-2.7062992588332855,2.7791196430323675,500,3.9968028886505635e-15
driven_dt1e-3,395,5,-2.7189907205137063,0.0,1,0.07913289392821721,0.2671542924098349,0.0,-2.639857826585489,0.0,500,3.9968028886505635e-15
driven_dt1e-3,395,6,-2.9604741803555354,5.370695425996387,1,0.7578779872447661,-0.1353697244002874,0.07943400268697472,-3.703598324491082,5.2218816163112995,500,3.9968028886505635e-15
driven_dt1e-3,396,0,-0.9401735849314701,0.0,1,0.0021972326488555183,0.6256349805321809,0.0,-0.9379763522826146,0.0,500,1.9984014443252818e-15
driven_dt1e-3,396,1,-1.7527488199044507,0.0,1,0.005559612538023284,0.41744828789867455,0.0,-1.7471892073664275,0.0,500,1.9984014443252818e-15
driven_dt1e-3,396,2,-2.2396104765324987,0.0,1,0.10872165272627843,0.3090766221719566,0.0,-2.348332129258777,0.0,500,1.9984014443252818e-15
driven_dt1e-3,396,3,-2.3174426658637897,0.0,1,0.030889463394987438,0.3090766221719566,0.0,-2.348332129258777,0.0,500,1.9984014443252818e-15
driven_dt1e-3,396,4,-2.6524200481523486,3.060159041643113,1,0.6315153093100824,0.002446869136719632,0.1938258668379659,-3.2814308790692044,3.1163458771323578,500,1.9984014443252818e-15
driven_dt1e-3,396,5,-2.7189907205137063,0.0,1,0.042730194072302385,0.2513621735650203,0.0,-2.7617209145860087,0.0,500,1.9984014443252818e-15
driven_dt1e-3,396,6,-2.9604741803555354,5.370695425996387,1,0.62192261185735,-0.1936978162937717,0.035452182905726694,-3.2499614834355954,5.9211360099788015,500,1.9984014443252818e-15
driven_dt1e-3,397,0,-0.9401735849314701,0.0,1,0.012032531844758054,0.6211994591335033,0.0,-0.9522061167762281,0.0,500,1.0436096431476471e-14
driven_dt1e-3,397,1,-1.7527488199044507,0.0,1,0.1809878828846918,0.3802720537889287,0.0,-1.9337367027891426,0.0,500,1.0436096431476471e-14
driven_dt1e-3,397,2,-2.2396104765324987,0.0,1,0.26632107202679345,0.31701740353857905,0.04196290403319264,-2.280227697964084,0.2632055370403102,500,1.0436096431476471e-14
driven_dt1e-3,397,3,-2.3174426658637897,0.0,1,0.2658234537516474,0.31701740353857905,0.04196290403319264,-2.280227697964084,0.2632055370403102,500,1.0436096431476471e-14
driven_dt1e-3,397,4,-2.6524200481523486,3.060159041643113,1,0.39465342509804313,-0.02171271598320769,0.31193968656470966,-2.325057618385806,3.2805794706395246,500,1.0436096431476471e-14
driven_dt1e-3,397,5,-2.7189907205137063,0.0,1,0.21647639392450957,0.23044718912550888,0.0,-2.935467114438216,0.0,500,1.0436096431476471e-14
driven_dt1e-3,397,6,-2.9604741803555354,5.370695425996387,1,0.16131389678395086,-0.18995050328837226,0.09000650691164018,-3.1194295517315953,5.398179297745506,500,1.0436096431476471e-14
driven_dt1e-3,398,0,-0.9401735849314701,0.0,1,0.0004035854069982525,0.6248219279203653,0.0,-0.9405771703384683,0.0,500,3.774758283725532e-15
driven_dt1e-3,398,1,-1.7527488199044507,0.0,1,0.1743174890341468,0.38154245331217324,0.0,-1.9270663089385975,0.0,500,3.774758283725532e-15
driven_dt1e-3,398,2,-2.2396104765324987,0.0,1,0.03374534363726189,0.3208832561256108,0.0,-2.2733558201697606,0.0,500,3.774758283725532e-15
driven_dt1e-3,398,3,-2.3174426658637897,0.0,1,0.0440868456940291,0.3208832561256108,0.0,-2.2733558201697606,0.0,500,3.774758283725532e-15
driven_dt1e-3,398,4,-2.6524200481523486,3.060159041643113,1,0.06629994889769251,0.01918148474644279,0.2626745627904916,-2.6683605311822967,2.995803900243155,500,3.774758283725532e-15
driven_dt1e-3,398,5,-2.7189907205137063,0.0,1,0.04427570661057771,0.2527298018151345,0.003914298414031492,-2.7506288241915455,0.030973675783417264,500,3.774758283725532e-15
driven_dt1e-3,398,6,-2.9604741803555354,5.370695425996387,1,0.1908641687089664,-0.18837483120821807,0.08698092842612172,-3.1453754189352265,5.418031066571549,500,3.774758283725532e-15
driven_dt1e-3,399,0,-0.9401735849314701,0.0,1,0.012724527002062058,0.628936784473233,0.0,-0.927449057929408,0.0,500,2.6645352591003757e-15
driven_dt1e-3,399,1,-1.7527488199044507,0.0,1,0.006726343822917702,0.41769188393320333,0.0,-1.746022476081533,0.0,500,2.6645352591003757e-15
driven_dt1e-3,399,2,-2.2396104765324987,0.0,1,0.32207973139498863,0.33645746267024723,0.052674382286959275,-2.1543529095147598,0.31059056753495234,500,2.6645352591003757e-15
driven_dt1e-3,399,3,-2.3174426658637897,0.0,1,0.3508058854518688,0.33645746267024723,0.052674382286959275,-2.1543529095147598,0.31059056753495234,500,2.6645352591003757e-15
driven_dt1e-3,399,4,-2.6524200481523486,3.060159041643113,1,0.27061959115359896,0.046860161333117344,0.2713200326279074,-2.5795193332045523,2.7995435223887117,500,2.6645352591003757e-15
driven_dt1e-3,399,5,-2.7189907205137063,0.0,1,0.04652734866697905,0.2628342467658567,0.0,-2.672463371846727,0.0,500,2.6645352591003757e-15
driven_dt1e-3,399,6,-2.9604741803555354,5.370695425996387,1,0.11492134739212533,-0.19418697410583768,0.1083109731867386,-3.006998543809937,5.26561260298718,500,2.6645352591003757e-15
driven_dt1e-3,400,0,-0.9401735849314701,0.0,1,0.01617767878763343,0.6300236295536519,0.0,-0.9239959061438366,0.0,500,1.5543122344752192e-15
driven_dt1e-3,400,1,-1.7527488199044507,0.0,1,0.013745817963209506,0.4191604482519454,0.0,-1.7390030019412412,0.0,500,1.5543122344752192e-15
driven_dt1e-3,400,2,-2.2396104765324987,0.0,1,0.18560415762387938,0.358078458255599,0.0,-2.0540063189086193,0.0,500,1.5543122344752192e-15
driven_dt1e-3,400,3,-2.3174426658637897,0.0,1,0.2634363469551704,0.358078458255599,0.0,-2.0540063189086193,0.0,500,1.5543122344752192e-15
driven_dt1e-3,400,4,-2.6524200481523486,3.060159041643113,1,0.045325990604915836,0.004886412898938909,0.26639293412926046,-2.6452293238563973,3.104911012643467,500,1.5543122344752192e-15
driven_dt1e-3,400,5,-2.7189907205137063,0.0,1,0.012665551861753332,0.25842168654799386,0.0,-2.706325168651953,0.0,500,1.5543122344752192e-15
driven_dt1e-3,400,6,-2.9604741803555354,5.370695425996387,1,0.14750895005655779,-0.19626759165170715,0.0860995620036306,-3.080547472418767,5.456376782660985,500,1.5543122344752192e-15
driven_dt1e-3,401,0,-0.9401735849314701,0.0,1,0.0016633162673100887,0.624428498104892,0.0,-0.9418369011987802,0.0,500,2.6645352591003757e-15
driven_dt1e-3,401,1,-1.7527488199044507,0.0,1,0.09477316916570566,0.39702302816052126,0.0,-1.8475219890701564,0.0,500,2.6645352591003757e-15
driven_dt1e-3,401,2,-2.2396104765324987,0.0,1,0.2391198665829939,0.2895679855956336,0.0,-2.4787303431154926,0.0,500,2.6645352591003757e-15
driven_dt1e-3,401,3,-2.3174426658637897,0.0,1,0.1612876772517029,0.2895679855956336,0.0,-2.4787303431154926,0.0,500,2.6645352591003757e-15
driven_dt1e-3,401,4,-2.6524200481523486,3.060159041643113,1,0.7140107906397197,0.014157592952708378,0.1855640906712761,-3.3629058735995425,2.989297902867497,500,2.6645352591003757e-15
driven_dt1e-3,401,5,-2.7189907205137063,0.0,1,0.03471464205001018,0.25237159827727995,0.0,-2.7537053625637165,0.0,500,2.6645352591003757e-15
driven_dt1e-3,401,6,-2.9604741803555354,5.370695425996387,1,0.8016754122413288,-0.13194169591340665,0.14277451345274603,-3.27562680610371,4.633564305315449,500,2.6645352591003757e-15
driven_dt1e-3,402,0,-0.9401735849314701,0.0,1,0.024278328418463224,0.6325806046890273,0.0,-0.9158952565130069,0.0,500,8.881784197001252e-16
driven_dt1e-3,402,1,-1.7527488199044507,0.0,1,0.09869586107147232,0.39624509180158723,0.0,-1.851444680975923,0.0,500,8.881784197001252e-16
driven_dt1e-3,402,2,-2.2396104765324987,0.0,1,0.1502063751933771,0.30273167530478196,0.0,-2.3898168517258758,0.0,500,8.881784197001252e-16
driven_dt1e-3,402,3,-2.3174426658637897,0.0,1,0.0723741858620861,0.30273167530478196,0.0,-2.3898168517258758,0.0,500,8.881784197001252e-16
driven_dt1e-3,402,4,-2.6524200481523486,3.060159041643113,1,0.3035999822943543,0.03779259555290159,0.23796260855100887,-2.8463733413136074,2.8265887752969125,500,8.881784197001252e-16
driven_dt1e-3,402,5,-2.7189907205137063,0.0,1,0.03402826351668198,0.26119677500475774,0.0,-2.6849624569970243,0.0,500,8.881784197001252e-16
driven_dt1e-3,402,6,-2.9604741803555354,5.370695425996387,1,0.5522309835278655,-0.18114065559875853,0.04816003428841372,-3.3486620675184042,5.76346663602607,500,8.881784197001252e-16
driven_dt1e-3,403,0,-0.9401735849314701,0.0,1,0.0021051943702374842,0.6242905527041379,0.0,-0.9422787793017076,0.0,500,1.7763568394002505e-15
driven_dt1e-3,403,1,-1.7527488199044507,0.0,1,0.04013285319655302,0.4080192858110067,0.0,-1.7928816731010038,0.0,500,1.7763568394002505e-15
driven_dt1e-3,403,2,-2.2396104765324987,0.0,1,0.2656856140664223,0.3727070967466157,0.0,-1.9739248624660763,0.0,500,1.7763568394002505e-15
driven_dt1e-3,403,3,-2.3174426658637897,0.0,1,0.3113007538284709,0.2686430560141146,0.0,-2.6287434196922606,0.0,500,1.7763568394002505e-15
driven_dt1e-3,403,4,-2.6524200481523486,3.060159041643113,1,0.20164789474161687,-8.581555660212663e-05,0.29109544922019454,-2.4682080358900147,3.1421822578199246,500,1.7763568394002505e-15
driven_dt1e-3,403,5,-2.7189907205137063,0.0,1,0.09024730082144572,0.2686430560141146,0.0,-2.6287434196922606,0.0,500,1.7763568394002505e-15
driven_dt1e-3,403,6,-2.9604741803555354,5.370695425996387,1,0.3602433837535316,-0.21742571754459733,0.06164212870046497,-2.9744856955211834,5.730666220618613,500,1.7763568394002505e-15
driven_dt1e-3,404,0,-0.9401735849314701,0.0,1,0.0037366919002115306,0.6237814961161471,0.0,-0.9439102768316816,0.0,500,8.881784197001252e-16
driven_dt1e-3,404,1,-1.7527488199044507,0.0,1,0.15826536505256739,0.3846170586763076,0.0,-1.9110141849570181,0.0,500,8.881784197001252e-16
driven_dt1e-3,404,2,-2.2396104765324987,0.0,1,0.19207926640706008,0.29645943833531496,0.0,-2.4316897429395588,0.0,500,8.881784197001252e-16
driven_dt1e-3,404,3,-2.3174426658637897,0.0,1,0.11424707707576909,0.29645943833531496,0.0,-2.4316897429395588,0.0,500,8.881784197001252e-16
driven_dt1e-3,404,4,-2.6524200481523486,3.060159041643113,1,0.3894745246015711,0.05015174445189549,0.2356956737485362,-2.846146601617881,2.7222826917812353,500,8.881784197001252e-16
driven_dt1e-3,404,5,-2.7189907205137063,0.0,1,0.1241766560926839,0.2415561800079659,0.0026697717151557606,-2.8411842592850576,0.022103868459954146,500,8.881784197001252e-16
driven_dt1e-3,404,6,-2.9604741803555354,5.370695425996387,1,0.3901749606647493,-0.2319173877244185,0.0639938852035384,-2.8493679648918415,5.744716693861029,500,8.881784197001252e-16
driven_dt1e-3,405,0,-0.9401735849314701,0.0,1,0.01755530641453218,0.6194864530707631,0.0,-0.9577288913460023,0.0,500,2.220446049250313e-15
driven_dt1e-3,405,1,-1.7527488199044507,0.0,1,0.11506294731377009,0.3930156352279898,0.0,-1.8678117672182208,0.0,500,2.220446049250313e-15
driven_dt1e-3,405,2,-2.2396104765324987,0.0,1,0.06619360124880469,0.3373249946107066,0.0,-2.173416875283694,0.0,500,2.220446049250313e-15
driven_dt1e-3,405,3,-2.3174426658637897,0.0,1,0.14402579058009568,0.3373249946107066,0.0,-2.173416875283694,0.0,500,2.220446049250313e-15
driven_dt1e-3,405,4,-2.6524200481523486,3.060159041643113,1,0.5737647338339531,0.03090307462650281,0.20145892479191732,-3.181081647972407,2.83717275805768,500,2.220446049250313e-15
driven_dt1e-3,405,5,-2.7189907205137063,0.0,1,0.013397654229271527,0.2550758856345074,0.0,-2.732388374742978,0.0,500,2.220446049250313e-15
driven_dt1e-3,405,6,-2.9604741803555354,5.370695425996387,1,0.21090383256133124,-0.22778338771359347,0.09187953358575862,-2.8079735183131023,5.516379929858938,500,2.220446049250313e-15
driven_dt1e-3,406,0,-0.9401735849314701,0.0,1,0.0019578999019268517,0.6243365316697449,0.0,-0.9421314848333969,0.0,500,1.5543122344752192e-15
driven_dt1e-3,406,1,-1.7527488199044507,0.0,1,0.17410530450506267,0.3815829341623786,0.0,-1.9268541244095134,0.0,500,1.5543122344752192e-15
driven_dt1e-3,406,2,-2.2396104765324987,0.0,1,0.19877376320412976,0.2954687738800783,0.0,-2.4383842397366284,0.0,500,1.5543122344752192e-15
driven_dt1e-3,406,3,-2.3174426658637897,0.0,1,0.12094157387283877,0.2954687738800783,0.0,-2.4383842397366284,0.0,500,1.5543122344752192e-15
driven_dt1e-3,406,4,-2.6524200481523486,3.060159041643113,1,0.6621849563864719,0.0662688487340618,0.20813700948321526,-3.042560288385874,2.5251081006897484,500,1.5543122344752192e-15
driven_dt1e-3,406,5,-2.7189907205137063,0.0,1,0.10337486157690723,0.24385468337461425,0.0,-2.8223655820906135,0.0,500,1.5543122344752192e-15
driven_dt1e-3,406,6,-2.9604741803555354,5.370695425996387,1,0.388981770912517,-0.17972194958829985,0.13679192361016904,-2.9756941930224388,4.982011532174354,500,1.5543122344752192e-15
driven_dt1e-3,407,0,-0.9401735849314701,0.0,1,0.009367443725829983,0.6278819734125557,0.0,-0.9308061412056401,0.0,500,1.3322676295501878e-15
driven_dt1e-3,407,1,-1.7527488199044507,0.0,1,0.1838202349376703,0.379733902771035,0.0,-1.936569054842121,0.0,500,1.3322676295501878e-15
driven_dt1e-3,407,2,-2.2396104765324987,0.0,1,0.3030414216903776,0.379733902771035,0.0,-1.936569054842121,0.0,500,1.3322676295501878e-15
driven_dt1e-3,407,3,-2.3174426658637897,0.0,1,0.3808736110216686,0.379733902771035,0.0,-1.936569054842121,0.0,500,1.3322676295501878e-15
driven_dt1e-3,407,4,-2.6524200481523486,3.060159041643113,1,0.3577721603879865,0.025000374804361163,0.22384255793930713,-2.981227784379446,2.919139924691195,500,1.3322676295501878e-15
driven_dt1e-3,407,5,-2.7189907205137063,0.0,1,0.00024354676207538617,0.2568216029992169,0.0,-2.718747173751631,0.0,500,1.3322676295501878e-15
driven_dt1e-3,407,6,-2.9604741803555354,5.370695425996387,1,0.33326309923612973,-0.22756418638845577,0.06929761437720044,-2.8719650759194217,5.691990355530589,500,1.3322676295501878e-15
driven_dt1e-3,408,0,-0.9401735849314701,0.0,1,0.016109272439079336,0.619934514258406,0.0,-0.9562828573705494,0.0,500,4.218847493575595e-15
driven_dt1e-3,408,1,-1.7527488199044507,0.0,1,0.017138927471509913,0.41273733805358465,0.0,-1.7698877473759607,0.0,500,4.218847493575595e-15
driven_dt1e-3,408,2,-2.2396104765324987,0.0,1,0.3644990893540818,0.39158381736122033,0.0,-1.8751113871784169,0.0,500,4.218847493575595e-15
driven_dt1e-3,408,3,-2.3174426658637897,0.0,1,0.3711828688457164,0.2607188207916776,0.0,-2.688625534709506,0.0,500,4.218847493575595e-15
driven_dt1e-3,408,4,-2.6524200481523486,3.060159041643113,1,0.3930376390787228,0.008902810380001033,0.32286801524154385,-2.260263276901385,3.0864583286029497,500,4.218847493575595e-15
driven_dt1e-3,408,5,-2.7189907205137063,0.0,1,0.030365185804200223,0.2607188207916776,0.0,-2.688625534709506,0.0,500,4.218847493575595e-15
driven_dt1e-3,408,6,-2.9604741803555354,5.370695425996387,1,0.5547891091842091,-0.274563798207002,0.08877743066415465,-2.4857064317541413,5.657725982832017,500,4.218847493575595e-15
driven_dt1e-3,409,0,-0.9401735849314701,0.0,1,0.01722386072548443,0.630353275434356,0.0,-0.9229497242059856,0.0,500,3.9968028886505635e-15
driven_dt1e-3,409,1,-1.7527488199044507,0.0,1,0.14198415830491173,0.4469170237476139,0.0,-1.610764661599539,0.0,500,3.9968028886505635e-15
driven_dt1e-3,409,2,-2.2396104765324987,0.0,1,0.3192242472766442,0.38281895089710327,0.0,-1.9203862292558544,0.0,500,3.9968028886505635e-15
driven_dt1e-3,409,3,-2.3174426658637897,0.0,1,0.31284982332216593,0.26843506319196425,0.0,-2.6302924891859556,0.0,500,3.9968028886505635e-15
driven_dt1e-3,409,4,-2.6524200481523486,3.060159041643113,1,0.5851976341080741,0.02813904159236149,0.35369045752102435,-2.0723567350716587,2.982810326181633,500,3.9968028886505635e-15
driven_dt1e-3,409,5,-2.7189907205137063,0.0,1,0.08869823132775068,0.26843506319196425,0.0,-2.6302924891859556,0.0,500,3.9968028886505635e-15
driven_dt1e-3,409,6,-2.9604741803555354,5.370695425996387,1,0.255126757571018,-0.18600566449400477,0.07988466076374431,-3.194679280440888,5.4718766175425975,500,3.9968028886505635e-15
driven_dt1e-3,410,0,-0.9401735849314701,0.0,1,0.004579188488035402,0.623518784562416,0.0,-0.9447527734195055,0.0,500,1.3322676295501878e-15
driven_dt1e-3,410,1,-1.7527488199044507,0.0,1,0.14421058141263798,0.3873294327435673,0.0,-1.8969594013170887,0.0,500,1.3322676295501878e-15
driven_dt1e-3,410,2,-2.2396104765324987,0.0,1,0.34265107521540994,0.3873294327435673,0.0,-1.8969594013170887,0.0,500,1.3322676295501878e-15
driven_dt1e-3,410,3,-2.3174426658637897,0.0,1,0.30278890496520816,0.2697888169661876,0.0,-2.620231570828998,0.0,500,1.3322676295501878e-15
driven_dt1e-3,410,4,-2.6524200481523486,3.060159041643113,1,0.23543086452464676,0.04227209437432197,0.26656261717723645,-2.6194548951520398,2.8270475004048277,500,1.3322676295501878e-15
driven_dt1e-3,410,5,-2.7189907205137063,0.0,1,0.09875914968470845,0.2697888169661876,0.0,-2.620231570828998,0.0,500,1.3322676295501878e-15
driven_dt1e-3,410,6,-2.9604741803555354,5.370695425996387,1,0.41441685050876287,-0.20817247860175256,0.05464365538262122,-3.0721445310107613,5.769783209284903,500,1.3322676295501878e-15
driven_dt1e-3,411,0,-0.9401735849314701,0.0,1,0.0022759319471096218,0.6242372600508185,0.0,-0.9424495168785797,0.0,500,3.774758283725532e-15
driven_dt1e-3,411,1,-1.7527488199044507,0.0,1,0.2570925509686093,0.4733935842588881,0.0,-1.4956562689358415,0.0,500,3.774758283725532e-15
driven_dt1e-3,411,2,-2.2396104765324987,0.0,1,0.10117739701400774,0.34327735625286193,0.0,-2.138433079518491,0.0,500,3.774758283725532e-15
driven_dt1e-3,411,3,-2.3174426658637897,0.0,1,0.17900958634529873,0.34327735625286193,0.0,-2.138433079518491,0.0,500,3.774758283725532e-15
driven_dt1e-3,411,4,-2.6524200481523486,3.060159041643113,1,0.20606320698085012,0.007739999103824415,0.2394476424758366,-2.857796674914699,3.0769663748923515,500,3.774758283725532e-15
driven_dt1e-3,411,5,-2.7189907205137063,0.0,1,0.047301556351391216,0.25078829588624546,0.0,-2.7662922768650975,0.0,500,3.774758283725532e-15
driven_dt1e-3,411,6,-2.9604741803555354,5.370695425996387,1,0.15580461457436495,-0.18729937517834613,0.09848258259380163,-3.10599645887072,5.315032652274486,500,3.774758283725532e-15
driven_dt1e-3,412,0,-0.9401735849314701,0.0,1,0.01033615377939745,0.6281861648649876,0.0,-0.9298374311520726,0.0,500,1.3322676295501878e-15
driven_dt1e-3,412,1,-1.7527488199044507,0.0,1,0.07563416099015696,0.4008405785507091,0.0,-1.8283829808946077,0.0,500,1.3322676295501878e-15
driven_dt1e-3,412,2,-2.2396104765324987,0.0,1,0.08645941043198313,0.3407604527876178,0.0,-2.1531510661005155,0.0,500,1.3322676295501878e-15
driven_dt1e-3,412,3,-2.3174426658637897,0.0,1,0.16429159976327412,0.3407604527876178,0.0,-2.1531510661005155,0.0,500,1.3322676295501878e-15
driven_dt1e-3,412,4,-2.6524200481523486,3.060159041643113,1,0.2272341922197143,-0.013440954915382608,0.2489487473692397,-2.7781057034604184,3.2494696175852065,500,1.3322676295501878e-15
driven_dt1e-3,412,5,-2.7189907205137063,0.0,1,0.06417733093091016,0.2651640216638389,0.0,-2.654813389582796,0.0,500,1.3322676295501878e-15
driven_dt1e-3,412,6,-2.9604741803555354,5.370695425996387,1,0.2085911384248929,-0.22832930506867632,0.10718150085481781,-2.7547936667502038,5.405419903709375,500,1.3322676295501878e-15
driven_dt1e-3,413,0,-0.9401735849314701,0.0,1,0.0158881657129889,0.6200030538923987,0.0,-0.956061750644459,0.0,500,0.0
driven_dt1e-3,413,1,-1.7527488199044507,0.0,1,0.06283158481287221,0.4034147046430957,0.0,-1.815580404717323,0.0,500,0.0
driven_dt1e-3,413,2,-2.2396104765324987,0.0,1,0.06297424512326488,0.3367824467477023,0.0,-2.176636231409234,0.0,500,0.0
driven_dt1e-3,413,3,-2.3174426658637897,0.0,1,0.14080643445455587,0.3367824467477023,0.0,-2.176636231409234,0.0,500,0.0
driven_dt1e-3,413,4,-2.6524200481523486,3.060159041643113,1,0.5195570794156669,0.03406464987482322,0.20823985986132867,-3.111721527859931,2.817297538910871,500,0.0
driven_dt1e-3,413,5,-2.7189907205137063,0.0,1,0.012547843594575614,0.25840647781108445,0.0,-2.7064428769191307,0.0,500,0.0
driven_dt1e-3,413,6,-2.9604741803555354,5.370695425996387,1,0.23117908113968058,-0.1799482612537025,0.10683670655713477,-3.1282251519935254,5.211625067126177,500,0.0
driven_dt1e-3,414,0,-0.9401735849314701,0.0,1,0.001356393875146411,0.6245243310022062,0.0,-0.9415299788066165,0.0,500,1.3322676295501878e-15
driven_dt1e-3,414,1,-1.7527488199044507,0.0,1,0.2167043968042004,0.37354133605872697,0.0,-1.9694532167086511,0.0,500,1.3322676295501878e-15
driven_dt1e-3,414,2,-2.2396104765324987,0.0,1,0.27015725982384753,0.37354133605872697,0.0,-1.9694532167086511,0.0,500,1.3322676295501878e-15
driven_dt1e-3,414,3,-2.3174426658637897,0.0,1,0.24137078737178455,0.29581440055327723,0.03213589933134631,-2.4243135510977316,0.2164219741287581,500,1.3322676295501878e-15
driven_dt1e-3,414,4,-2.6524200481523486,3.060159041643113,1,0.752405213430392,0.09188293832166036,0.218023742764361,-2.8828174816818755,2.3438974778130826,500,1.3322676295501878e-15
driven_dt1e-3,414,5,-2.7189907205137063,0.0,1,0.05202034236356168,0.26355711241594104,0.0,-2.6669703781501446,0.0,500,1.3322676295501878e-15
driven_dt1e-3,414,6,-2.9604741803555354,5.370695425996387,1,0.07794153062463657,-0.20618266986320197,0.109048966653914,-2.911336522195482,5.310194411569711,500,1.3322676295501878e-15
driven_dt1e-3,415,0,-0.9401735849314701,0.0,1,0.0072748075755184605,0.6272253527316578,0.0,-0.9328987773559516,0.0,500,3.3306690738754696e-15
driven_dt1e-3,415,1,-1.7527488199044507,0.0,1,0.24795362019145473,0.3677502572237974,0.0,-2.0007024400959055,0.0,500,3.3306690738754696e-15
driven_dt1e-3,415,2,-2.2396104765324987,0.0,1,0.20095272890682825,0.29514704101087263,0.0,-2.440563205439327,0.0,500,3.3306690738754696e-15
driven_dt1e-3,415,3,-2.3174426658637897,0.0,1,0.12312053957553726,0.29514704101087263,0.0,-2.440563205439327,0.0,500,3.3306690738754696e-15
driven_dt1e-3,415,4,-2.6524200481523486,3.060159041643113,1,0.43584780039321785,0.020312283981255605,0.3291662716665777,-2.2185838618531104,3.0183323926626002,500,3.3306690738754696e-15
driven_dt1e-3,415,5,-2.7189907205137063,0.0,1,0.11948192464806162,0.27259873562603637,0.0,-2.5995087958656447,0.0,500,3.3306690738754696e-15
driven_dt1e-3,415,6,-2.9604741803555354,5.370695425996387,1,0.23843553417882907,-0.18579838251251854,0.11954058436414712,-3.019799781348089,5.139758254830687,500,3.3306690738754696e-15
driven_dt1e-3,416,0,-0.9401735849314701,0.0,1,0.0012105183627592053,0.6245698840668468,0.0,-0.9413841032942293,0.0,500,3.1086244689504383e-15
driven_dt1e-3,416,1,-1.7527488199044507,0.0,1,0.032769442794365666,0.40952426127573266,0.0,-1.7855182626988164,0.0,500,3.1086244689504383e-15
driven_dt1e-3,416,2,-2.2396104765324987,0.0,1,0.020166185395621206,0.32965054321564713,0.0,-2.2194442911368775,0.0,500,3.1086244689504383e-15
driven_dt1e-3,416,3,-2.3174426658637897,0.0,1,0.0979983747269122,0.32965054321564713,0.0,-2.2194442911368775,0.0,500,3.1086244689504383e-15
driven_dt1e-3,416,4,-2.6524200481523486,3.060159041643113,1,0.5852059335122143,-0.06839045866415423,0.27052606961129644,-2.5528222694610045,3.6368272886427655,500,3.1086244689504383e-15
driven_dt1e-3,416,5,-2.7189907205137063,0.0,1,0.02039720167741832,0.2541847380693308,0.0,-2.7393879221911246,0.0,500,3.1086244689504383e-15
driven_dt1e-3,416,6,-2.9604741803555354,5.370695425996387,1,0.1935469606187853,-0.2266956317362198,0.09546897958386154,-2.8050253803164664,5.486004127017529,500,3.1086244689504383e-15
driven_dt1e-3,417,0,-0.9401735849314701,0.0,1,0.0030175419462803443,0.6258916402593353,0.0,-0.9371560429851897,0.0,500,1.9984014443252818e-15
driven_dt1e-3,417,1,-1.7527488199044507,0.0,1,0.05143815934926055,0.4271349257610117,0.0,-1.7013106605551902,0.0,500,1.9984014443252818e-15
driven_dt1e-3,417,2,-2.2396104765324987,0.0,1,0.14451504440985108,0.35079694890318164,0.0,-2.0950954321226476,0.0,500,1.9984014443252818e-15
driven_dt1e-3,417,3,-2.3174426658637897,0.0,1,0.08460279896402989,0.30088632829691075,0.0,-2.4020454648278196,0.0,500,1.9984014443252818e-15
driven_dt1e-3,417,4,-2.6524200481523486,3.060159041643113,1,0.16914780103824364,0.008654997039318567,0.28858382994166,-2.4846402547437405,3.0816280779474763,500,1.9984014443252818e-15
driven_dt1e-3,417,5,-2.7189907205137063,0.0,1,0.0785218323020942,0.2670726810096956,0.0,-2.640468888211612,0.0,500,1.9984014443252818e-15
driven_dt1e-3,417,6,-2.9604741803555354,5.370695425996387,1,0.2054354938443053,-0.22219741178151425,0.11710379854123176,-2.7632724230719052,5.313117573871618,500,1.9984014443252818e-15
driven_dt1e-3,418,0,-0.9401735849314701,0.0,1,0.014945515027420253,0.6202953459212113,0.0,-0.9551190999588903,0.0,500,3.552713678800501e-15
driven_dt1e-3,418,1,-1.7527488199044507,0.0,1,0.0022970396406953864,0.41676786529658166,0.0,-1.7504517802637554,0.0,500,3.552713678800501e-15
driven_dt1e-3,418,2,-2.2396104765324987,0.0,1,0.1405789550681158,0.3501072437452302,0.0,-2.099031521464383,0.0,500,3.552713678800501e-15
driven_dt1e-3,418,3,-2.3174426658637897,0.0,1,0.2184111443994068,0.3501072437452302,0.0,-2.099031521464383,0.0,500,3.552713678800501e-15
driven_dt1e-3,418,4,-2.6524200481523486,3.060159041643113,1,0.4723420992501184,-0.005417081850124269,0.21156836788329852,-3.1057587899804764,3.192790274321162,500,3.552713678800501e-15
driven_dt1e-3,418,5,-2.7189907205137063,0.0,1,0.005783100956719522,0.25604888115058283,0.0,-2.724773821470426,0.0,500,3.552713678800501e-15
driven_dt1e-3,418,6,-2.9604741803555354,5.370695425996387,1,0.34583375990387144,-0.19334159479629887,0.0646813590863672,-3.180505220752452,5.6375049662139345,500,3.552713678800501e-15
driven_dt1e-3,419,0,-0.9401735849314701,0.0,1,0.0052703648578846796,0.6233033410669002,0.0,-0.9454439497893548,0.0,500,1.1102230246251565e-15
driven_dt1e-3,419,1,-1.7527488199044507,0.0,1,0.20104493824373848,0.460311455779899,0.0,-1.5517038816607123,0.0,500,1.1102230246251565e-15
driven_dt1e-3,419,2,-2.2396104765324987,0.0,1,0.20904021265818296,0.36229911205594034,0.0,-2.0305702638743157,0.0,500,1.1102230246251565e-15
driven_dt1e-3,419,3,-2.3174426658637897,0.0,1,0.28687240198947395,0.36229911205594034,0.0,-2.0305702638743157,0.0,500,1.1102230246251565e-15
driven_dt1e-3,419,4,-2.6524200481523486,3.060159041643113,1,0.18119848044996487,0.020994200943105532,0.28820114724985124,-2.4829007699183894,2.9961582320825,500,1.1102230246251565e-15
driven_dt1e-3,419,5,-2.7189907205137063,0.0,1,0.05180770163249049,0.2502238877032921,0.0,-2.7707984221461968,0.0,500,1.1102230246251565e-15
driven_dt1e-3,419,6,-2.9604741803555354,5.370695425996387,1,0.6045054977735699,-0.24218538357793318,0.1690321972188114,-2.439256911994888,5.064493766952651,500,1.1102230246251565e-15
driven_dt1e-3,420,0,-0.9401735849314701,0.0,1,0.004378567976922931,0.6263177126241647,0.0,-0.9357950169545471,0.0,500,4.440892098500626e-16
driven_dt1e-3,420,1,-1.7527488199044507,0.0,1,0.11836499328553995,0.39236729274186505,0.0,-1.8711138131899907,0.0,500,4.440892098500626e-16
driven_dt1e-3,420,2,-2.2396104765324987,0.0,1,0.11885741725620003,0.30751422061748623,0.0,-2.3584678937886987,0.0,500,4.440892098500626e-16
driven_dt1e-3,420,3,-2.3174426658637897,0.0,1,0.041025227924909036,0.30751422061748623,0.0,-2.3584678937886987,0.0,500,4.440892098500626e-16
driven_dt1e-3,420,4,-2.6524200481523486,3.060159041643113,1,0.15788763672228326,0.021862654829870452,0.24822880053568347,-2.779081545606469,2.9658967963249183,500,4.440892098500626e-16
driven_dt1e-3,420,5,-2.7189907205137063,0.0,1,0.09540223391767544,0.2448287047590016,0.0,-2.8143929544313817,0.0,500,4.440892098500626e-16
driven_dt1e-3,420,6,-2.9604741803555354,5.370695425996387,1,0.3997586180105321,-0.16512678300899047,0.08728036201601488,-3.355706480923335,5.310708916999988,500,4.440892098500626e-16
driven_dt1e-3,421,0,-0.9401735849314701,0.0,1,0.015786390183693766,0.6299003810772476,0.0,-0.9243871947477763,0.0,500,1.3322676295501878e-15
driven_dt1e-3,421,1,-1.7527488199044507,0.0,1,0.024983390889893542,0.42152225032164675,0.0,-1.7277654290145572,0.0,500,1.3322676295501878e-15
driven_dt1e-3,421,2,-2.2396104765324987,0.0,1,0.016893938091794514,0.3235983452709883,0.0,-2.256504414624293,0.0,500,1.3322676295501878e-15
driven_dt1e-3,421,3,-2.3174426658637897,0.0,1,0.06093825123949648,0.3235983452709883,0.0,-2.256504414624293,0.0,500,1.3322676295501878e-15
driven_dt1e-3,421,4,-2.6524200481523486,3.060159041643113,1,0.23746244642145603,-0.019789776576980913,0.25926754884277575,-2.6939801924415256,3.2939563210693836,500,1.3322676295501878e-15
driven_dt1e-3,421,5,-2.7189907205137063,0.0,1,0.04829714695489029,0.25066348571835445,0.0,-2.7672878674685966,0.0,500,1.3322676295501878e-15
driven_dt1e-3,421,6,-2.9604741803555354,5.370695425996387,1,0.17302195404894014,-0.18543438419180414,0.09885975675772005,-3.119954845789463,5.303594651517509,500,1.3322676295501878e-15
driven_dt1e-3,422,0,-0.9401735849314701,0.0,1,0.012571497397097176,0.6210320791327275,0.0,-0.9527450823285672,0.0,500,4.218847493575595e-15
driven_dt1e-3,422,1,-1.7527488199044507,0.0,1,0.07396874727223568,0.40117450025997176,0.0,-1.8267175671766864,0.0,500,4.218847493575595e-15
driven_dt1e-3,422,2,-2.2396104765324987,0.0,1,0.012479186368187012,0.32838596327604164,0.0,-2.2271312901643117,0.0,500,4.218847493575595e-15
driven_dt1e-3,422,3,-2.3174426658637897,0.0,1,0.090311375699478,0.32838596327604164,0.0,-2.2271312901643117,0.0,500,4.218847493575595e-15
driven_dt1e-3,422,4,-2.6524200481523486,3.060159041643113,1,0.629214000196301,-0.06304147622505434,0.23524098963732532,-2.824934343936999,3.6652615749322712,500,4.218847493575595e-15
driven_dt1e-3,422,5,-2.7189907205137063,0.0,1,0.03524070732796236,0.26135516621670857,0.0,-2.683750013185744,0.0,500,4.218847493575595e-15
driven_dt1e-3,422,6,-2.9604741803555354,5.370695425996387,1,0.0052307843254373685,-0.20425767526920202,0.10086252603397687,-2.958543487514539,5.365833993099291,500,4.218847493575595e-15
driven_dt1e-3,423,0,-0.9401735849314701,0.0,1,0.015009463686381896,0.6296557354498787,0.0,-0.9251641212450882,0.0,500,1.3322676295501878e-15
driven_dt1e-3,423,1,-1.7527488199044507,0.0,1,0.024808892011970896,0.42148547434616146,0.0,-1.7279399278924799,0.0,500,1.3322676295501878e-15
driven_dt1e-3,423,2,-2.2396104765324987,0.0,1,0.02160161661123805,0.32283754253645386,0.0,-2.2612120931437367,0.0,500,1.3322676295501878e-15
driven_dt1e-3,423,3,-2.3174426658637897,0.0,1,0.05623057272005294,0.32283754253645386,0.0,-2.2612120931437367,0.0,500,1.3322676295501878e-15
driven_dt1e-3,423,4,-2.6524200481523486,3.060159041643113,1,0.21276377546642364,0.03772136728859911,0.2576870787452175,-2.6908165752432143,2.8508885686707246,500,1.3322676295501878e-15
driven_dt1e-3,423,5,-2.7189907205137063,0.0,1,0.0570150558137521,0.2495732329144073,0.0,-2.7760057763274584,0.0,500,1.3322676295501878e-15
driven_dt1e-3,423,6,-2.9604741803555354,5.370695425996387,1,0.2858666419228357,-0.23382814601616625,0.08346856014942208,-2.786402050038319,5.597452190859235,500,1.3322676295501878e-15
driven_dt1e-3,424,0,-0.9401735849314701,0.0,1,0.006616043714268605,0.6270187900549123,0.0,-0.9335575412172015,0.0,500,3.552713678800501e-15
driven_dt1e-3,424,1,-1.7527488199044507,0.0,1,0.07277989408007612,0.43171723100549986,0.0,-1.6799689258243746,0.0,500,3.552713678800501e-15
driven_dt1e-3,424,2,-2.2396104765324987,0.0,1,0.2227415425288113,0.29194904086464457,0.0,-2.46235201906131,0.0,500,3.552713678800501e-15
driven_dt1e-3,424,3,-2.3174426658637897,0.0,1,0.1449093531975203,0.29194904086464457,0.0,-2.46235201906131,0.0,500,3.552713678800501e-15
driven_dt1e-3,424,4,-2.6524200481523486,3.060159041643113,1,0.09985773009776508,0.015317412263893848,0.2531165527814437,-2.7441550200969496,3.0207095653145055,500,3.552713678800501e-15
driven_dt1e-3,424,5,-2.7189907205137063,0.0,1,0.018186529601487145,0.2544658529552053,0.0,-2.7371772501151934,0.0,500,3.552713678800501e-15
driven_dt1e-3,424,6,-2.9604741803555354,5.370695425996387,1,0.49390740501204417,-0.2638962132682604,0.08312431144215279,-2.5697998894035923,5.6728843124811945,500,3.552713678800501e-15
driven_dt1e-3,425,0,-0.9401735849314701,0.0,1,0.007281583108455614,0.6226768565913495,0.0,-0.9474551680399257,0.0,500,4.440892098500626e-16
driven_dt1e-3,425,1,-1.7527488199044507,0.0,1,0.14718088766337378,0.3867546161769465,0.0,-1.8999297075678245,0.0,500,4.440892098500626e-16
driven_dt1e-3,425,2,-2.2396104765324987,0.0,1,0.12408892350089529,0.30671089044948036,0.0,-2.363699400033394,0.0,500,4.440892098500626e-16
driven_dt1e-3,425,3,-2.3174426658637897,0.0,1,0.0462567341696043,0.30671089044948036,0.0,-2.363699400033394,0.0,500,4.440892098500626e-16
driven_dt1e-3,425,4,-2.6524200481523486,3.060159041643113,1,0.4244825865904848,0.03994467651729991,0.22221801683476744,-2.9763920239604817,2.7858824928652,500,4.440892098500626e-16
driven_dt1e-3,425,5,-2.7189907205137063,0.0,1,0.019354814115640995,0.25431725210375494,0.0,-2.7383455346293473,0.0,500,4.440892098500626e-16
driven_dt1e-3,425,6,-2.9604741803555354,5.370695425996387,1,0.1952576920333796,-0.18898111749780477,0.11594676608737366,-3.012725537936729,5.182558874712155,500,4.440892098500626e-16
driven_dt1e-3,426,0,-0.9401735849314701,0.0,1,0.009118189089814321,0.6278037270421027,0.0,-0.9310553958416558,0.0,500,1.5543122344752192e-15
driven_dt1e-3,426,1,-1.7527488199044507,0.0,1,0.07596783656586314,0.43240592458985233,0.0,-1.6767809833385876,0.0,500,1.5543122344752192e-15
driven_dt1e-3,426,2,-2.2396104765324987,0.0,1,0.038883948546781344,0.33275018557940433,0.0,-2.2007265279857173,0.0,500,1.5543122344752192e-15
driven_dt1e-3,426,3,-2.3174426658637897,0.0,1,0.11671613787807233,0.33275018557940433,0.0,-2.2007265279857173,0.0,500,1.5543122344752192e-15
driven_dt1e-3,426,4,-2.6524200481523486,3.060159041643113,1,0.59338882980759,0.09187545217388221,0.26815199906993675,-2.5214055857390227,2.481414267170835,500,1.5543122344752192e-15
driven_dt1e-3,426,5,-2.7189907205137063,0.0,1,0.04950056448419904,0.26322526881197217,0.0,-2.6694901560295072,0.0,500,1.5543122344752192e-15
driven_dt1e-3,426,6,-2.9604741803555354,5.370695425996387,1,0.2617253217122243,-0.1923530019508713,0.07455297328111062,-3.1568915822359847,5.543670419171416,500,1.5543122344752192e-15
driven_dt1e-3,427,0,-0.9401735849314701,0.0,1,0.0006289881624650384,0.6247515135962208,0.0,-0.9408025730939351,0.0,500,4.440892098500626e-15
driven_dt1e-3,427,1,-1.7527488199044507,0.0,1,0.30446037696976225,0.4847392209241328,0.0,-1.4482884429346885,0.0,500,4.440892098500626e-15
driven_dt1e-3,427,2,-2.2396104765324987,0.0,1,0.12612768993909684,0.3475866149791785,0.0,-2.113482786593402,0.0,500,4.440892098500626e-15
driven_dt1e-3,427,3,-2.3174426658637897,0.0,1,0.20395987927038783,0.3475866149791785,0.0,-2.113482786593402,0.0,500,4.440892098500626e-15
driven_dt1e-3,427,4,-2.6524200481523486,3.060159041643113,1,0.4205572438569069,0.014208237695338567,0.21499441451537687,-3.0699285387176762,3.0096114831820016,500,4.440892098500626e-15
driven_dt1e-3,427,5,-2.7189907205137063,0.0,1,0.33630712202993424,0.2414474480502821,0.0392071868060246,-2.81617998652989,0.3219576476794619,500,4.440892098500626e-15
driven_dt1e-3,427,6,-2.9604741803555354,5.370695425996387,1,0.3720728778039457,-0.23996955214998772,0.12998918072031385,-2.5971900995718746,5.290303243251542,500,4.440892098500626e-15
driven_dt1e-3,428,0,-0.9401735849314701,0.0,1,0.006301505453325529,0.6229820672045232,0.0,-0.9464750903847956,0.0,500,1.3322676295501878e-15
driven_dt1e-3,428,1,-1.7527488199044507,0.0,1,0.19768830665055304,0.37710992217467887,0.0,-1.9504371265550038,0.0,500,1.3322676295501878e-15
driven_dt1e-3,428,2,-2.2396104765324987,0.0,1,0.24158867816965257,0.2892107617216217,0.0,-2.4811991547021512,0.0,500,1.3322676295501878e-15
driven_dt1e-3,428,3,-2.3174426658637897,0.0,1,0.16375648883836158,0.2892107617216217,0.0,-2.4811991547021512,0.0,500,1.3322676295501878e-15
driven_dt1e-3,428,4,-2.6524200481523486,3.060159041643113,1,0.1878770018409139,0.035525496442874685,0.26231739268400683,-2.658225209664855,2.8723717472897823,500,1.3322676295501878e-15
driven_dt1e-3,428,5,-2.7189907205137063,0.0,1,0.09315315481591169,0.2690336584525173,0.0,-2.6258375656977946,0.0,500,1.3322676295501878e-15
driven_dt1e-3,428,6,-2.9604741803555354,5.370695425996387,1,0.3087082500735588,-0.17339861369432602,0.11319350136773637,-3.1493533073984064,5.126512177121691,500,1.3322676295501878e-15
driven_dt1e-3,429,0,-0.9401735849314701,0.0,1,0.007736207156252006,0.6225353307407163,0.0,-0.9479097920877221,0.0,500,1.7763568394002505e-15
driven_dt1e-3,429,1,-1.7527488199044507,0.0,1,0.12204192225193933,0.39164660209486046,0.0,-1.87479074215639,0.0,500,1.7763568394002505e-15
driven_dt1e-3,429,2,-2.2396104765324987,0.0,1,0.07685194177373589,0.33912745548538825,0.0,-2.162758534758763,0.0,500,1.7763568394002505e-15
driven_dt1e-3,429,3,-2.3174426658637897,0.0,1,0.15468413110502688,0.33912745548538825,0.0,-2.162758534758763,0.0,500,1.7763568394002505e-15
driven_dt1e-3,429,4,-2.6524200481523486,3.060159041643113,1,0.25457362645729237,-0.007466738126836612,0.23890447910440799,-2.862406611588512,3.204080459312226,500,1.7763568394002505e-15
driven_dt1e-3,429,5,-2.7189907205137063,0.0,1,0.013467682858803176,0.2550669544835186,0.0,-2.7324584033725094,0.0,500,1.7763568394002505e-15
driven_dt1e-3,429,6,-2.9604741803555354,5.370695425996387,1,0.3926962231198017,-0.18912216413206379,0.06136271071401542,-3.230630257522582,5.655697211293023,500,1.7763568394002505e-15
driven_dt1e-3,430,0,-0.9401735849314701,0.0,1,0.01672590872553814,0.630196352133147,0.0,-0.9234476762059319,0.0,500,8.881784197001252e-16
driven_dt1e-3,430,1,-1.7527488199044507,0.0,1,0.12142253286309379,0.39176791175312714,0.0,-1.8741713527675445,0.0,500,8.881784197001252e-16
driven_dt1e-3,430,2,-2.2396104765324987,0.0,1,0.27088608212349863,0.2850050785701124,0.0,-2.5104965586559973,0.0,500,8.881784197001252e-16
driven_dt1e-3,430,3,-2.3174426658637897,0.0,1,0.19305389279220764,0.2850050785701124,0.0,-2.5104965586559973,0.0,500,8.881784197001252e-16
driven_dt1e-3,430,4,-2.6524200481523486,3.060159041643113,1,0.25045315763751175,0.026342237803354547,0.23778185870662205,-2.8606049532067264,2.920926037372933,500,8.881784197001252e-16
driven_dt1e-3,430,5,-2.7189907205137063,0.0,1,0.11901241048233031,0.25038799375726606,0.01367403416290816,-2.7665092139085106,0.10911437409572868,500,8.881784197001252e-16
driven_dt1e-3,430,6,-2.9604741803555354,5.370695425996387,1,0.31215914227023056,-0.17207485911209675,0.10992237226954386,-3.1774295836989435,5.146254602920492,500,8.881784197001252e-16
driven_dt1e-3,431,0,-0.9401735849314701,0.0,1,0.0052344431173417805,0.6265857948614236,0.0,-0.9349391418141283,0.0,500,8.881784197001252e-16
driven_dt1e-3,431,1,-1.7527488199044507,0.0,1,0.1817047220937762,0.38013578125262437,0.0,-1.934453541998227,0.0,500,8.881784197001252e-16
driven_dt1e-3,431,2,-2.2396104765324987,0.0,1,0.1920007249464537,0.29647108074256506,0.0,-2.4316112014789524,0.0,500,8.881784197001252e-16
driven_dt1e-3,431,3,-2.3174426658637897,0.0,1,0.11416853561516271,0.29647108074256506,0.0,-2.4316112014789524,0.0,500,8.881784197001252e-16
driven_dt1e-3,431,4,-2.6524200481523486,3.060159041643113,1,0.8269602250221341,0.09545490877048332,0.20909066234177165,-2.9406657576773085,2.2850605803434463,500,8.881784197001252e-16
driven_dt1e-3,431,5,-2.7189907205137063,0.0,1,0.07879775693388696,0.26586549764833967,0.004862415009680748,-2.64919506032459,0.036573929465909656,500,8.881784197001252e-16
driven_dt1e-3,431,6,-2.9604741803555354,5.370695425996387,1,0.5052656850616307,-0.17385404516359276,0.05851154398991559,-3.391776999132688,5.6338898237629085,500,8.881784197001252e-16
driven_dt1e-3,432,0,-0.9401735849314701,0.0,1,0.011724920119508764,0.6212950106001768,0.0,-0.9518985050509788,0.0,500,3.774758283725532e-15
driven_dt1e-3,432,1,-1.7527488199044507,0.0,1,0.17513937264124735,0.3813856937800066,0.0,-1.927888192545698,0.0,500,3.774758283725532e-15
driven_dt1e-3,432,2,-2.2396104765324987,0.0,1,0.28445111250325983,0.2830785679745614,0.0,-2.5240615890357585,0.0,500,3.774758283725532e-15
driven_dt1e-3,432,3,-2.3174426658637897,0.0,1,0.20661892317196884,0.2830785679745614,0.0,-2.5240615890357585,0.0,500,3.774758283725532e-15
driven_dt1e-3,432,4,-2.6524200481523486,3.060159041643113,1,0.6453601454706676,-0.0009262414085101478,0.19288233618546016,-3.2913268061723038,3.1511967916062553,500,3.774758283725532e-15
driven_dt1e-3,432,5,-2.7189907205137063,0.0,1,0.19492913147794777,0.2830785679745614,0.0,-2.5240615890357585,0.0,500,3.774758283725532e-15
driven_dt1e-3,432,6,-2.9604741803555354,5.370695425996387,1,0.39413392584852824,-0.16813770701006017,0.08158627931609283,-3.3545062906849408,5.379653524797387,500,3.774758283725532e-15
driven_dt1e-3,433,0,-0.9401735849314701,0.0,1,0.01439281491324762,0.6294616271571956,0.0,-0.9257807700182225,0.0,500,4.440892098500626e-16
driven_dt1e-3,433,1,-1.7527488199044507,0.0,1,0.08393978944394487,0.39917941373517835,0.0,-1.8366886093483956,0.0,500,4.440892098500626e-16
driven_dt1e-3,433,2,-2.2396104765324987,0.0,1,0.38373376151901095,0.2715093850830895,0.016402794754928163,-2.6038740153226407,0.12068004821681114,500,4.440892098500626e-16
driven_dt1e-3,433,3,-2.3174426658637897,0.0,1,0.31081600986826646,0.2715093850830895,0.016402794754928163,-2.6038740153226407,0.12068004821681114,500,4.440892098500626e-16
driven_dt1e-3,433,4,-2.6524200481523486,3.060159041643113,1,0.7501324359967335,-5.010681859754104e-06,0.1828559469314524,-3.3981132219767,3.141647458281055,500,4.440892098500626e-16
driven_dt1e-3,433,5,-2.7189907205137063,0.0,1,0.16677988443352082,0.2715093850830895,0.016402794754928163,-2.6038740153226407,0.12068004821681114,500,4.440892098500626e-16
driven_dt1e-3,433,6,-2.9604741803555354,5.370695425996387,1,0.22324163753821835,-0.18843819506457482,0.11978193634329119,-2.9986030777048986,5.150734029570407,500,4.440892098500626e-16
driven_dt1e-3,434,0,-0.9401735849314701,0.0,1,0.007791939730556585,0.6225179832341339,0.0,-0.9479655246620267,0.0,500,1.1102230246251565e-15
driven_dt1e-3,434,1,-1.7527488199044507,0.0,1,0.15875177035795507,0.3845235301610187,0.0,-1.9115005902624058,0.0,500,1.1102230246251565e-15
driven_dt1e-3,434,2,-2.2396104765324987,0.0,1,0.32810988627009285,0.3845235301610187,0.0,-1.9115005902624058,0.0,500,1.1102230246251565e-15
driven_dt1e-3,434,3,-2.3174426658637897,0.0,1,0.3777221050901731,0.2853927780989126,0.0492378351548582,-2.478446733627303,0.34168944794557804,500,1.1102230246251565e-15
driven_dt1e-3,434,4,-2.6524200481523486,3.060159041643113,1,0.11387745290391417,0.025757723038024996,0.2632466655304701,-2.6597992221382163,2.946520922725342,500,1.1102230246251565e-15
driven_dt1e-3,434,5,-2.7189907205137063,0.0,1,0.2596383858660064,0.26852717824970823,0.03211716731938296,-2.6154023180391675,0.23807884048751204,500,1.1102230246251565e-15
driven_dt1e-3,434,6,-2.9604741803555354,5.370695425996387,1,0.45127766583791457,-0.18516707750990374,0.14902338775343257,-2.8736063850191975,4.927857399379972,500,1.1102230246251565e-15
driven_dt1e-3,435,0,-0.9401735849314701,0.0,1,0.010055929528753338,0.6280981545321318,0.0,-0.9301176554027167,0.0,500,1.3322676295501878e-15
driven_dt1e-3,435,1,-1.7527488199044507,0.0,1,0.08586187035063197,0.43455034386900626,0.0,-1.6668869495538188,0.0,500,1.3322676295501878e-15
driven_dt1e-3,435,2,-2.2396104765324987,0.0,1,0.056885578525030844,0.3357587277920122,0.0,-2.182724898007468,0.0,500,1.3322676295501878e-15
driven_dt1e-3,435,3,-2.3174426658637897,0.0,1,0.13471776785632184,0.3357587277920122,0.0,-2.182724898007468,0.0,500,1.3322676295501878e-15
driven_dt1e-3,435,4,-2.6524200481523486,3.060159041643113,1,0.5331102656441804,0.014922182500859985,0.20322221522149642,-3.1815333097587453,2.9949999154407965,500,1.3322676295501878e-15
driven_dt1e-3,435,5,-2.7189907205137063,0.0,1,0.06545604566168128,0.2653336104422652,0.0,-2.653534674852025,0.0,500,1.3322676295501878e-15
driven_dt1e-3,435,6,-2.9604741803555354,5.370695425996387,1,0.20575225166923472,-0.2168302652948701,0.08027992363673339,-2.9288172643718435,5.573997734732322,500,1.3322676295501878e-15
driven_dt1e-3,436,0,-0.9401735849314701,0.0,1,0.019504161159790034,0.6310723827254927,0.0,-0.92066942377168,0.0,500,1.1102230246251565e-15
driven_dt1e-3,436,1,-1.7527488199044507,0.0,1,0.0458596373717326,0.40685263769903146,0.0,-1.7986084572761833,0.0,500,1.1102230246251565e-15
driven_dt1e-3,436,2,-2.2396104765324987,0.0,1,0.14672859958342635,0.3092534249471831,0.015869902752198323,-2.3445584307334513,0.10254369236939063,500,1.1102230246251565e-15
driven_dt1e-3,436,3,-2.3174426658637897,0.0,1,0.10606824948689876,0.3092534249471831,0.015869902752198323,-2.3445584307334513,0.10254369236939063,500,1.1102230246251565e-15
driven_dt1e-3,436,4,-2.6524200481523486,3.060159041643113,1,0.3594360049511293,0.03887989985706261,0.3086604173096335,-2.335284954988226,2.8909858335426235,500,1.1102230246251565e-15
driven_dt1e-3,436,5,-2.7189907205137063,0.0,1,0.17782849126175027,0.28066847382394966,0.0,-2.541162229251956,0.0,500,1.1102230246251565e-15
driven_dt1e-3,436,6,-2.9604741803555354,5.370695425996387,1,0.2950210907701421,-0.17853769889502327,0.12028743867280359,-3.0716466615121263,5.097422442639649,500,1.1102230246251565e-15
driven_dt1e-3,437,0,-0.9401735849314701,0.0,1,0.008969612652958148,0.627757090353998,0.0,-0.9312039722785119,0.0,500,4.884981308350689e-15
driven_dt1e-3,437,1,-1.7527488199044507,0.0,1,0.2524018318864209,0.3838135099557267,0.038756346467852885,-1.905052263615148,0.2012718206145202,500,4.884981308350689e-15
driven_dt1e-3,437,2,-2.2396104765324987,0.0,1,0.10061006583788323,0.3431799940895325,0.0,-2.1390004106946154,0.0,500,4.884981308350689e-15
driven_dt1e-3,437,3,-2.3174426658637897,0.0,1,0.17844225516917422,0.3431799940895325,0.0,-2.1390004106946154,0.0,500,4.884981308350689e-15
driven_dt1e-3,437,4,-2.6524200481523486,3.060159041643113,1,0.2351770262398556,-0.016545775947359315,0.2519225070635021,-2.7529631731016333,3.2727603438415103,500,4.884981308350689e-15
driven_dt1e-3,437,5,-2.7189907205137063,0.0,1,0.11572800549267237,0.2720875586976235,0.0,-2.603262715021034,0.0,500,4.884981308350689e-15
driven_dt1e-3,437,6,-2.9604741803555354,5.370695425996387,1,0.14175303673640985,-0.19684895570790317,0.08647590944796059,-3.0741783804466984,5.455343392927807,500,4.884981308350689e-15
driven_dt1e-3,438,0,-0.9401735849314701,0.0,1,0.013162689885501733,0.6290745879452665,0.0,-0.9270108950459683,0.0,500,3.3306690738754696e-15
driven_dt1e-3,438,1,-1.7527488199044507,0.0,1,0.04378561971323913,0.40727476631424886,0.0,-1.7965344396176899,0.0,500,3.3306690738754696e-15
driven_dt1e-3,438,2,-2.2396104765324987,0.0,1,0.2185478360842663,0.2925618574203701,0.0,-2.458158312616765,0.0,500,3.3306690738754696e-15
driven_dt1e-3,438,3,-2.3174426658637897,0.0,1,0.14071564675297532,0.2925618574203701,0.0,-2.458158312616765,0.0,500,3.3306690738754696e-15
driven_dt1e-3,438,4,-2.6524200481523486,3.060159041643113,1,0.07615137695247824,0.01926697549865885,0.2710049210869878,-2.6061948929365633,2.9996423725590087,500,3.3306690738754696e-15
driven_dt1e-3,438,5,-2.7189907205137063,0.0,1,0.03546387989144684,0.25227707280813344,0.0,-2.754454600405153,0.0,500,3.3306690738754696e-15
driven_dt1e-3,438,6,-2.9604741803555354,5.370695425996387,1,0.2932889474502836,-0.21143379757606628,0.0681056492895732,-3.0089668611827567,5.659947680270549,500,3.3306690738754696e-15
driven_dt1e-3,439,0,-0.9401735849314701,0.0,1,0.0009871368140412784,0.62525655588422,0.0,-0.9391864481174288,0.0,500,2.220446049250313e-16
driven_dt1e-3,439,1,-1.7527488199044507,0.0,1,0.2639240911870282,0.3648253782808863,0.0,-2.016672911091479,0.0,500,2.220446049250313e-16
driven_dt1e-3,439,2,-2.2396104765324987,0.0,1,0.11898027137231404,0.3074953315037603,0.0,-2.3585907479048127,0.0,500,2.220446049250313e-16
driven_dt1e-3,439,3,-2.3174426658637897,0.0,1,0.04114808204102305,0.3074953315037603,0.0,-2.3585907479048127,0.0,500,2.220446049250313e-16
driven_dt1e-3,439,4,-2.6524200481523486,3.060159041643113,1,0.32274932151558444,0.04755511548842511,0.24582390322153957,-2.7695392900209006,2.759409631464297,500,2.220446049250313e-16
driven_dt1e-3,439,5,-2.7189907205137063,0.0,1,0.00862524468872028,0.25568527570518335,0.0,-2.7276159652024266,0.0,500,2.220446049250313e-16
driven_dt1e-3,439,6,-2.9604741803555354,5.370695425996387,1,0.3015006757032659,-0.17628690915214945,0.08512338527360394,-3.261703343199873,5.383487959038179,500,2.220446049250313e-16
driven_dt1e-3,440,0,-0.9401735849314701,0.0,1,0.008722401242302724,0.6222284360805923,0.0,-0.9488959861737728,0.0,500,3.552713678800501e-15
driven_dt1e-3,440,1,-1.7527488199044507,0.0,1,0.06901691078910921,0.43090572230496765,0.0,-1.6837319091153415,0.0,500,3.552713678800501e-15
driven_dt1e-3,440,2,-2.2396104765324987,0.0,1,0.09237716222701353,0.3116128212345304,0.0,-2.331987638759512,0.0,500,3.552713678800501e-15
driven_dt1e-3,440,3,-2.3174426658637897,0.0,1,0.014544972895722541,0.3116128212345304,0.0,-2.331987638759512,0.0,500,3.552713678800501e-15
driven_dt1e-3,440,4,-2.6524200481523486,3.060159041643113,1,0.44062920075148154,-0.02883153636042654,0.22799856167609095,-2.9409675807579188,3.3931671706461852,500,3.552713678800501e-15
driven_dt1e-3,440,5,-2.7189907205137063,0.0,1,0.05285574019166539,0.26366722293050804,0.0,-2.666134980322041,0.0,500,3.552713678800501e-15
driven_dt1e-3,440,6,-2.9604741803555354,5.370695425996387,1,0.27710133286667876,-0.2276105492604465,0.12459796560716035,-2.698131328643576,5.28146887819739,500,3.552713678800501e-15
driven_dt1e-3,441,0,-0.9401735849314701,0.0,1,0.011201617541113928,0.6214575945098895,0.0,-0.951375202472584,0.0,500,8.881784197001252e-16
driven_dt1e-3,441,1,-1.7527488199044507,0.0,1,0.014650245962627428,0.4132512436147109,0.0,-1.7673990658670782,0.0,500,8.881784197001252e-16
driven_dt1e-3,441,2,-2.2396104765324987,0.0,1,0.15610444915034316,0.35283561383811246,0.0,-2.0835060273821555,0.0,500,8.881784197001252e-16
driven_dt1e-3,441,3,-2.3174426658637897,0.0,1,0.23393663848163415,0.35283561383811246,0.0,-2.0835060273821555,0.0,500,8.881784197001252e-16
driven_dt1e-3,441,4,-2.6524200481523486,3.060159041643113,1,0.4049520902742175,0.05494093939222036,0.23860044736098604,-2.8142664110592954,2.6889556604202975,500,8.881784197001252e-16
driven_dt1e-3,441,5,-2.7189907205137063,0.0,1,0.007560991872790357,0.255821368798667,0.0,-2.7265517123864966,0.0,500,8.881784197001252e-16
driven_dt1e-3,441,6,-2.9604741803555354,5.370695425996387,1,0.15893838255466466,-0.19722636777106087,0.08420232975865508,-3.079368861063597,5.476172742744686,500,8.881784197001252e-16
driven_dt1e-3,442,0,-0.9401735849314701,0.0,1,0.002859732641216306,0.6240550715697001,0.0,-0.9430333175726864,0.0,500,2.7755575615628914e-15
driven_dt1e-3,442,1,-1.7527488199044507,0.0,1,0.08589469249573312,0.3987894258363007,0.0,-1.8386435124001839,0.0,500,2.7755575615628914e-15
driven_dt1e-3,442,2,-2.2396104765324987,0.0,1,0.08495380255721185,0.31277157739503386,0.0,-2.3245642790897105,0.0,500,2.7755575615628914e-15
driven_dt1e-3,442,3,-2.3174426658637897,0.0,1,0.007121613225920864,0.31277157739503386,0.0,-2.3245642790897105,0.0,500,2.7755575615628914e-15
driven_dt1e-3,442,4,-2.6524200481523486,3.060159041643113,1,0.6739974153890492,0.022040307894182175,0.18985712711048786,-3.3095802704836585,2.9104494623351016,500,2.7755575615628914e-15
driven_dt1e-3,442,5,-2.7189907205137063,0.0,1,0.02380065098720241,0.2598644747664767,0.0,-2.695190069526504,0.0,500,2.7755575615628914e-15
driven_dt1e-3,442,6,-2.9604741803555354,5.370695425996387,1,0.3749361235685533,-0.19161255519568038,0.14200092268942216,-2.86681793947725,5.0076450089725775,500,2.7755575615628914e-15
driven_dt1e-3,443,0,-0.9401735849314701,0.0,1,0.009266650208261562,0.627850330993541,0.0,-0.9309069347232085,0.0,500,1.3322676295501878e-15
driven_dt1e-3,443,1,-1.7527488199044507,0.0,1,0.11579676510559755,0.39287146074625884,0.0,-1.8685455850100483,0.0,500,1.3322676295501878e-15
driven_dt1e-3,443,2,-2.2396104765324987,0.0,1,0.30869452870273495,0.2796678856147866,0.0,-2.5483050052352336,0.0,500,1.3322676295501878e-15
driven_dt1e-3,443,3,-2.3174426658637897,0.0,1,0.23086233937144396,0.2796678856147866,0.0,-2.5483050052352336,0.0,500,1.3322676295501878e-15
driven_dt1e-3,443,4,-2.6524200481523486,3.060159041643113,1,0.4223384731310873,0.059703477768805184,0.30038432898746464,-2.3666410600841954,2.7491925549191567,500,1.3322676295501878e-15
driven_dt1e-3,443,5,-2.7189907205137063,0.0,1,0.06825767850739606,0.26570555457321055,0.0,-2.65073304200631,0.0,500,1.3322676295501878e-15
driven_dt1e-3,443,6,-2.9604741803555354,5.370695425996387,1,0.525921612802552,-0.15326404088221196,0.08680927419115139,-3.4729388599021105,5.252485887337007,500,1.3322676295501878e-15
driven_dt1e-3,444,0,-0.9401735849314701,0.0,1,0.0015242830029570387,0.6254245055246317,0.0,-0.938649301928513,0.0,500,1.1102230246251565e-15
driven_dt1e-3,444,1,-1.7527488199044507,0.0,1,0.0381585681608394,0.40842225785883424,0.0,-1.7909073880652902,0.0,500,1.1102230246251565e-15
driven_dt1e-3,444,2,-2.2396104765324987,0.0,1,0.26341713490816754,0.37228459725917984,0.0,-1.9761933416243311,0.0,500,1.1102230246251565e-15
driven_dt1e-3,444,3,-2.3174426658637897,0.0,1,0.34124932423945853,0.37228459725917984,0.0,-1.9761933416243311,0.0,500,1.1102230246251565e-15
driven_dt1e-3,444,4,-2.6524200481523486,3.060159041643113,1,0.6454356484966057,-0.017210180805980635,0.1966617872598342,-3.2449105848881956,3.3161710339964046,500,1.1102230246251565e-15
driven_dt1e-3,444,5,-2.7189907205137063,0.0,1,0.05690226227545381,0.2642012305869643,0.0,-2.6620884582382525,0.0,500,1.1102230246251565e-15
driven_dt1e-3,444,6,-2.9604741803555354,5.370695425996387,1,0.3042228882732668,-0.19299794827966332,0.0694137347895167,-3.1685041829040554,5.592675343531716,500,1.1102230246251565e-15
driven_dt1e-3,445,0,-0.9401735849314701,0.0,1,0.014771643456754857,0.6295808674654519,0.0,-0.9254019414747152,0.0,500,4.440892098500626e-15
driven_dt1e-3,445,1,-1.7527488199044507,0.0,1,0.06777500431470473,0.40241881186992684,0.0,-1.8205238242191555,0.0,500,4.440892098500626e-15
driven_dt1e-3,445,2,-2.2396104765324987,0.0,1,0.19151639490524677,0.34449387482957355,0.026537979840481396,-2.1254411321040454,0.15376569939449966,500,4.440892098500626e-15
driven_dt1e-3,445,3,-2.3174426658637897,0.0,1,0.2459847135014163,0.34449387482957355,0.026537979840481396,-2.1254411321040454,0.15376569939449966,500,4.440892098500626e-15
driven_dt1e-3,445,4,-2.6524200481523486,3.060159041643113,1,0.13899218134758312,0.00018800608066584317,0.28099641451386853,-2.538826291280182,3.1402545151445946,500,4.440892098500626e-15
driven_dt1e-3,445,5,-2.7189907205137063,0.0,1,0.07258839735289291,0.2662815259669743,0.0,-2.6464023231608134,0.0,500,4.440892098500626e-15
driven_dt1e-3,445,6,-2.9604741803555354,5.370695425996387,1,0.1980151985479387,-0.20291003873723312,0.12323395892291318,-2.876011694775422,5.191597387521342,500,4.440892098500626e-15
driven_dt1e-3,446,0,-0.9401735849314701,0.0,1,0.007071694533704043,0.6227422063993144,0.0,-0.9472452794651741,0.0,500,8.881784197001252e-15
driven_dt1e-3,446,1,-1.7527488199044507,0.0,1,0.1488455786468712,0.3864328366502052,0.0,-1.901594398551322,0.0,500,8.881784197001252e-15
driven_dt1e-3,446,2,-2.2396104765324987,0.0,1,0.2778242824644741,0.37497605925588756,0.0,-1.9617861940680246,0.0,500,8.881784197001252e-15
driven_dt1e-3,446,3,-2.3174426658637897,0.0,1,0.3556564717957651,0.37497605925588756,0.0,-1.9617861940680246,0.0,500,8.881784197001252e-15
driven_dt1e-3,446,4,-2.6524200481523486,3.060159041643113,1,0.5160026135739525,-0.05825904430237061,0.2650821069526155,-2.608259532747091,3.574268510622524,500,8.881784197001252e-15
driven_dt1e-3,446,5,-2.7189907205137063,0.0,1,0.01479470252803372,0.2586969423903353,0.0,-2.7041960179856726,0.0,500,8.881784197001252e-15
driven_dt1e-3,446,6,-2.9604741803555354,5.370695425996387,1,0.3907986984587663,-0.2359476571525363,0.0667338858118789,-2.8113343999430436,5.731916893541686,500,8.881784197001252e-15
driven_dt1e-3,447,0,-0.9401735849314701,0.0,1,0.005713516589240131,0.6267359031550245,0.0,-0.9344600683422299,0.0,500,0.0
driven_dt1e-3,447,1,-1.7527488199044507,0.0,1,0.13430787018081625,0.44520497946471455,0.0,-1.6184409497236345,0.0,500,0.0
driven_dt1e-3,447,2,-2.2396104765324987,0.0,1,0.15553580728377447,0.35273530954707055,0.0,-2.084074669248724,0.0,500,0.0
driven_dt1e-3,447,3,-2.3174426658637897,0.0,1,0.23336799661506546,0.35273530954707055,0.0,-2.084074669248724,0.0,500,0.0
driven_dt1e-3,447,4,-2.6524200481523486,3.060159041643113,1,0.20485071470236582,-0.012091872962721472,0.2813812090865908,-2.5342448265322908,3.227486362511883,500,0.0
driven_dt1e-3,447,5,-2.7189907205137063,0.0,1,0.1622220058991921,0.2784868724620536,0.0,-2.556768714614514,0.0,500,0.0
driven_dt1e-3,447,6,-2.9604741803555354,5.370695425996387,1,0.4608607211718137,-0.2263965167474854,0.052232802749624226,-2.9190740842269984,5.829692851217436,500,0.0
driven_dt1e-3,448,0,-0.9401735849314701,0.0,1,0.005120174972067404,0.6233501497532382,0.0,-0.9452937599035375,0.0,500,2.220446049250313e-16
driven_dt1e-3,448,1,-1.7527488199044507,0.0,1,0.09013462760575952,0.39794490069149174,0.0,-1.8428834475102103,0.0,500,2.220446049250313e-16
driven_dt1e-3,448,2,-2.2396104765324987,0.0,1,0.02497025798391972,0.322294238262989,0.0,-2.2645807345164184,0.0,500,2.220446049250313e-16
driven_dt1e-3,448,3,-2.3174426658637897,0.0,1,0.05286193134737127,0.322294238262989,0.0,-2.2645807345164184,0.0,500,2.220446049250313e-16
driven_dt1e-3,448,4,-2.6524200481523486,3.060159041643113,1,0.8188545232244042,0.013156483136940848,0.17604457711731153,-3.468466469616168,2.9924023576838104,500,2.220446049250313e-16
driven_dt1e-3,448,5,-2.7189907205137063,0.0,1,0.011621383597997248,0.25828680389922304,0.0,-2.707369336915709,0.0,500,2.220446049250313e-16
driven_dt1e-3,448,6,-2.9604741803555354,5.370695425996387,1,0.6837920314823328,-0.14230003868003155,0.13748882346718,-3.240291574084666,4.746777347651664,500,2.220446049250313e-16
driven_dt1e-3,449,0,-0.9401735849314701,0.0,1,0.0032501700084434093,0.6239332562508259,0.0,-0.9434237549399135,0.0,500,2.886579864025407e-15
driven_dt1e-3,449,1,-1.7527488199044507,0.0,1,0.18278233358144447,0.3936914117262159,0.029354355105019655,-1.8588317202339446,0.14884824395054555,500,2.886579864025407e-15
driven_dt1e-3,449,2,-2.2396104765324987,0.0,1,0.3622588020396128,0.272358362925009,0.0031257586776618487,-2.601141433601281,0.02295227082677863,500,2.886579864025407e-15
driven_dt1e-3,449,3,-2.3174426658637897,0.0,1,0.28462571484649224,0.272358362925009,0.0031257586776618487,-2.601141433601281,0.02295227082677863,500,2.886579864025407e-15
driven_dt1e-3,449,4,-2.6524200481523486,3.060159041643113,1,0.118826872037633,0.018325903217247648,0.25184051833746723,-2.7526373153418415,2.9963129385880496,500,2.886579864025407e-15
driven_dt1e-3,449,5,-2.7189907205137063,0.0,1,0.12006357133565938,0.272358362925009,0.0031257586776618487,-2.601141433601281,0.02295227082677863,500,2.886579864025407e-15
driven_dt1e-3,449,6,-2.9604741803555354,5.370695425996387,1,0.49580483986901736,-0.16665576129767892,0.1404729622079038,-3.046882506908478,4.882478219888427,500,2.886579864025407e-15
driven_dt1e-3,450,0,-0.9401735849314701,0.0,1,0.011817401817018847,0.6212662820557806,0.0,-0.9519909867484889,0.0,500,1.5543122344752192e-15
driven_dt1e-3,450,1,-1.7527488199044507,0.0,1,0.023905638663386464,0.41134326053106646,0.0,-1.7766544585678372,0.0,500,1.5543122344752192e-15
driven_dt1e-3,450,2,-2.2396104765324987,0.0,1,0.12719056163862685,0.34777138405938485,0.0,-2.112419914893872,0.0,500,1.5543122344752192e-15
driven_dt1e-3,450,3,-2.3174426658637897,0.0,1,0.20502275096991784,0.34777138405938485,0.0,-2.112419914893872,0.0,500,1.5543122344752192e-15
driven_dt1e-3,450,4,-2.6524200481523486,3.060159041643113,1,0.44005414207996213,0.05617859883170817,0.23334153896319088,-2.8541579090015876,2.669071476689042,500,1.5543122344752192e-15
driven_dt1e-3,450,5,-2.7189907205137063,0.0,1,0.04026705991809809,0.2516719336484195,0.0,-2.7592577804318044,0.0,500,1.5543122344752192e-15
driven_dt1e-3,450,6,-2.9604741803555354,5.370695425996387,1,0.38564955040245885,-0.2522370289722615,0.09929875759437873,-2.6106908217348446,5.53310594830836,500,1.5543122344752192e-15
driven_dt1e-3,451,0,-0.9401735849314701,0.0,1,0.0037962383322107662,0.6237629244113977,0.0,-0.9439698232636808,0.0,500,1.7763568394002505e-15
driven_dt1e-3,451,1,-1.7527488199044507,0.0,1,0.03766187421423828,0.4242028693012395,0.0,-1.7150869456902125,0.0,500,1.7763568394002505e-15
driven_dt1e-3,451,2,-2.2396104765324987,0.0,1,0.04918527173507714,0.33446849058572914,0.0,-2.1904252047974215,0.0,500,1.7763568394002505e-15
driven_dt1e-3,451,3,-2.3174426658637897,0.0,1,0.12701746106636813,0.33446849058572914,0.0,-2.1904252047974215,0.0,500,1.7763568394002505e-15
driven_dt1e-3,451,4,-2.6524200481523486,3.060159041643113,1,0.6570712957811194,0.10082904142056949,0.26679254559116283,-2.509058885293687,2.4189178508862406,500,1.7763568394002505e-15
driven_dt1e-3,451,5,-2.7189907205137063,0.0,1,0.029409229520951374,0.26059423267180004,0.0,-2.689581490992755,0.0,500,1.7763568394002505e-15
driven_dt1e-3,451,6,-2.9604741803555354,5.370695425996387,1,0.22871412955038575,-0.18725817664209876,0.11950152672833471,-3.0088937143903616,5.147165334554897,500,1.7763568394002505e-15
driven_dt1e-3,452,0,-0.9401735849314701,0.0,1,0.007438838511895085,0.6272767970222066,0.0,-0.932734746419575,0.0,500,2.4424906541753444e-15
driven_dt1e-3,452,1,-1.7527488199044507,0.0,1,0.005648007025735868,0.41746673837017917,0.0,-1.7471008128787149,0.0,500,2.4424906541753444e-15
driven_dt1e-3,452,2,-2.2396104765324987,0.0,1,0.26187626100384076,0.37199788590942134,0.0,-1.977734215528658,0.0,500,2.4424906541753444e-15
driven_dt1e-3,452,3,-2.3174426658637897,0.0,1,0.27906523481643664,0.2730080627528384,0.0,-2.5965079006802263,0.0,500,2.4424906541753444e-15
driven_dt1e-3,452,4,-2.6524200481523486,3.060159041643113,1,0.19583180498403893,0.027120506725615716,0.24617628739699654,-2.791351057405819,2.9221435696440694,500,2.4424906541753444e-15
driven_dt1e-3,452,5,-2.7189907205137063,0.0,1,0.12248281983347997,0.2730080627528384,0.0,-2.5965079006802263,0.0,500,2.4424906541753444e-15
driven_dt1e-3,452,6,-2.9604741803555354,5.370695425996387,1,0.11598246885223036,-0.2147300699419853,0.108967072086121,-2.8476084202789704,5.343988623802979,500,2.4424906541753444e-15
driven_dt1e-3,453,0,-0.9401735849314701,0.0,1,0.01115758105974518,0.6214712780634238,0.0,-0.9513311659912153,0.0,500,1.4432899320127035e-15
driven_dt1e-3,453,1,-1.7527488199044507,0.0,1,0.08492719055275266,0.4343473086021542,0.0,-1.667821629351698,0.0,500,1.4432899320127035e-15
driven_dt1e-3,453,2,-2.2396104765324987,0.0,1,0.14499951589378535,0.35088193475526896,0.0,-2.0946109606387133,0.0,500,1.4432899320127035e-15
driven_dt1e-3,453,3,-2.3174426658637897,0.0,1,0.22283170522507634,0.35088193475526896,0.0,-2.0946109606387133,0.0,500,1.4432899320127035e-15
driven_dt1e-3,453,4,-2.6524200481523486,3.060159041643113,1,0.08937569309569202,0.019650830458076668,0.2734548247123193,-2.5880869266128945,2.9981166046396783,500,1.4432899320127035e-15
driven_dt1e-3,453,5,-2.7189907205137063,0.0,1,0.18877532738621028,0.23366121217121483,0.0,-2.9077660478999166,0.0,500,1.4432899320127035e-15
driven_dt1e-3,453,6,-2.9604741803555354,5.370695425996387,1,0.563939482034089,-0.152177169807481,0.13012968378143816,-3.2165878040933893,4.868267768385123,500,1.4432899320127035e-15
driven_dt1e-3,454,0,-0.9401735849314701,0.0,1,0.024749354313995275,0.6327296031567827,0.0,-0.9154242306174748,0.0,500,3.1086244689504383e-15
driven_dt1e-3,454,1,-1.7527488199044507,0.0,1,0.07358739587718888,0.43189157241832327,0.0,-1.6791614240272619,0.0,500,3.1086244689504383e-15
driven_dt1e-3,454,2,-2.2396104765324987,0.0,1,0.18155900220593013,0.35735494867169115,0.0,-2.0580514743265685,0.0,500,3.1086244689504383e-15
driven_dt1e-3,454,3,-2.3174426658637897,0.0,1,0.2593911915372211,0.35735494867169115,0.0,-2.0580514743265685,0.0,500,3.1086244689504383e-15
driven_dt1e-3,454,4,-2.6524200481523486,3.060159041643113,1,0.14740572386699272,0.027606169982853777,0.27612003529454854,-2.563893046895627,2.9422971840417476,500,3.1086244689504383e-15
driven_dt1e-3,454,5,-2.7189907205137063,0.0,1,0.0684626115185176,0.25450897484039126,0.008450643984541994,-2.735736478496174,0.06638304576869065,500,3.1086244689504383e-15
driven_dt1e-3,454,6,-2.9604741803555354,5.370695425996387,1,0.3739634407422266,-0.20952159839084536,0.14497332340716473,-2.73465245375598,5.07261288238244,500,3.1086244689504383e-15
driven_dt1e-3,455,0,-0.9401735849314701,0.0,1,0.014153109748227144,0.6205411572669312,0.0,-0.9543266946796972,0.0,500,6.661338147750939e-16
driven_dt1e-3,455,1,-1.7527488199044507,0.0,1,0.05216309068966862,0.4055723679844028,0.0,-1.8049119105941194,0.0,500,6.661338147750939e-16
driven_dt1e-3,455,2,-2.2396104765324987,0.0,1,0.032850098610801126,0.32102692284700196,0.0,-2.2724605751433,0.0,500,6.661338147750939e-16
driven_dt1e-3,455,3,-2.3174426658637897,0.0,1,0.044982090720489865,0.32102692284700196,0.0,-2.2724605751433,0.0,500,6.661338147750939e-16
driven_dt1e-3,455,4,-2.6524200481523486,3.060159041643113,1,0.6907436969729078,-0.0021687351852656845,0.373812051017299,-1.9679706316973924,3.153195868879805,500,6.661338147750939e-16
driven_dt1e-3,455,5,-2.7189907205137063,0.0,1,0.006590770259740086,0.2559455006156199,0.0,-2.7255814907734464,0.0,500,6.661338147750939e-16
driven_dt1e-3,455,6,-2.9604741803555354,5.370695425996387,1,0.25826561745316673,-0.22864472143257747,0.08213205436455315,-2.829809732037676,5.59346869886424,500,6.661338147750939e-16
driven_dt1e-3,456,0,-0.9401735849314701,0.0,1,0.013677254081944756,0.6292364583974828,0.0,-0.9264963308495253,0.0,500,1.7763568394002505e-15
driven_dt1e-3,456,1,-1.7527488199044507,0.0,1,0.020565234794028386,0.42059210253453705,0.0,-1.7321835851104224,0.0,500,1.7763568394002505e-15
driven_dt1e-3,456,2,-2.2396104765324987,0.0,1,0.13364223535986808,0.30524933151701084,0.0,-2.3732527118923668,0.0,500,1.7763568394002505e-15
driven_dt1e-3,456,3,-2.3174426658637897,0.0,1,0.05581004602857709,0.30524933151701084,0.0,-2.3732527118923668,0.0,500,1.7763568394002505e-15
driven_dt1e-3,456,4,-2.6524200481523486,3.060159041643113,1,0.3958634994308294,0.06313517920085204,0.2811428043739897,-2.4885854807482097,2.6997895857993623,500,1.7763568394002505e-15
driven_dt1e-3,456,5,-2.7189907205137063,0.0,1,0.044059900981577194,0.2625101818333645,0.0,-2.674930819532129,0.0,500,1.7763568394002505e-15
driven_dt1e-3,456,6,-2.9604741803555354,5.370695425996387,1,0.2992344868160544,-0.1762723791886984,0.08562622032087534,-3.2595988328481145,5.3788022361743355,500,1.7763568394002505e-15
driven_dt1e-3,457,0,-0.9401735849314701,0.0,1,0.002787764200396392,0.6258197364047576,0.0,-0.9373858207310737,0.0,500,4.218847493575595e-15
driven_dt1e-3,457,1,-1.7527488199044507,0.0,1,0.17122684829661705,0.382132514436139,0.0,-1.9239756682010678,0.0,500,4.218847493575595e-15
driven_dt1e-3,457,2,-2.2396104765324987,0.0,1,0.13412093562318095,0.3051762787922626,0.0,-2.3737314121556796,0.0,500,4.218847493575595e-15
driven_dt1e-3,457,3,-2.3174426658637897,0.0,1,0.05628874629188996,0.3051762787922626,0.0,-2.3737314121556796,0.0,500,4.218847493575595e-15
driven_dt1e-3,457,4,-2.6524200481523486,3.060159041643113,1,0.8172290949244541,0.024356753566535806,0.39853286681195615,-1.8362024028576498,3.01951240462823,500,4.218847493575595e-15
driven_dt1e-3,457,5,-2.7189907205137063,0.0,1,0.01095808656775965,0.2553872129128089,0.0,-2.729948807081466,0.0,500,4.218847493575595e-15
driven_dt1e-3,457,6,-2.9604741803555354,5.370695425996387,1,0.4609798144814323,-0.15847888919150613,0.11698032536566091,-3.249336196218804,5.011444642906434,500,4.218847493575595e-15
driven_dt1e-3,458,0,-0.9401735849314701,0.0,1,0.004983995724183399,0.6265073363844998,0.0,-0.9351895892072867,0.0,500,8.881784197001252e-16
driven_dt1e-3,458,1,-1.7527488199044507,0.0,1,0.18663434150325076,0.3791999726587025,0.0,-1.9393831614077015,0.0,500,8.881784197001252e-16
driven_dt1e-3,458,2,-2.2396104765324987,0.0,1,0.14430142621342457,0.35075948259832007,0.0,-2.095309050319074,0.0,500,8.881784197001252e-16
driven_dt1e-3,458,3,-2.3174426658637897,0.0,1,0.1866936928734213,0.28591286587103915,0.0,-2.504136358737211,0.0,500,8.881784197001252e-16
driven_dt1e-3,458,4,-2.6524200481523486,3.060159041643113,1,0.4118407283331695,-0.024840794220513156,0.31286830599427146,-2.317661757343144,3.300054169247855,500,8.881784197001252e-16
driven_dt1e-3,458,5,-2.7189907205137063,0.0,1,0.1279753775230672,0.24087357961952618,0.0,-2.8469660980367735,0.0,500,8.881784197001252e-16
driven_dt1e-3,458,6,-2.9604741803555354,5.370695425996387,1,0.17916216723612255,-0.22550989071553532,0.10184228000839803,-2.793174183486541,5.434803094932161,500,8.881784197001252e-16
driven_dt1e-3,459,0,-0.9401735849314701,0.0,1,0.01638618537004466,0.6300893150144734,0.0,-0.9237873995614254,0.0,500,4.440892098500626e-15
driven_dt1e-3,459,1,-1.7527488199044507,0.0,1,0.17137442423561633,0.45353302125936235,0.0,-1.5813743956688344,0.0,500,4.440892098500626e-15
driven_dt1e-3,459,2,-2.2396104765324987,0.0,1,0.11401867903699081,0.3454885078338434,0.0,-2.125591797495508,0.0,500,4.440892098500626e-15
driven_dt1e-3,459,3,-2.3174426658637897,0.0,1,0.1918508683682818,0.3454885078338434,0.0,-2.125591797495508,0.0,500,4.440892098500626e-15
driven_dt1e-3,459,4,-2.6524200481523486,3.060159041643113,1,0.38316101110184836,-0.03903132624447387,0.28215916248386236,-2.5116132690844544,3.416509727621288,500,4.440892098500626e-15
driven_dt1e-3,459,5,-2.7189907205137063,0.0,1,0.007945899592535444,0.25577213972611834,0.0,-2.7269366201062417,0.0,500,4.440892098500626e-15
driven_dt1e-3,459,6,-2.9604741803555354,5.370695425996387,1,0.24852637612187586,-0.20687704955388278,0.12943307179803457,-2.8209216246884172,5.165049021128595,500,4.440892098500626e-15
driven_dt1e-3,460,0,-0.9401735849314701,0.0,1,0.0012569258595074295,0.6253409052579181,0.0,-0.9389166590719626,0.0,500,5.10702591327572e-15
driven_dt1e-3,460,1,-1.7527488199044507,0.0,1,0.23084639680441232,0.37090934165405787,0.0,-1.983595216708863,0.0,500,5.10702591327572e-15
driven_dt1e-3,460,2,-2.2396104765324987,0.0,1,0.2560152598236356,0.37090934165405787,0.0,-1.983595216708863,0.0,500,5.10702591327572e-15
driven_dt1e-3,460,3,-2.3174426658637897,0.0,1,0.3338474491549266,0.37090934165405787,0.0,-1.983595216708863,0.0,500,5.10702591327572e-15
driven_dt1e-3,460,4,-2.6524200481523486,3.060159041643113,1,0.27283911036413855,0.043466648829930475,0.2840294953940708,-2.494204495326519,2.8378776456867447,500,5.10702591327572e-15
driven_dt1e-3,460,5,-2.7189907205137063,0.0,1,0.03490761554384392,0.26131164221187947,0.0,-2.6840831049698624,0.0,500,5.10702591327572e-15
driven_dt1e-3,460,6,-2.9604741803555354,5.370695425996387,1,0.4811536087603038,-0.17662742079592336,0.059135028770175214,-3.361182827779888,5.637043647508019,500,5.10702591327572e-15
driven_dt1e-3,461,0,-0.9401735849314701,0.0,1,0.008280207444694598,0.6223660240677356,0.0,-0.9484537923761647,0.0,500,5.662137425588298e-15
driven_dt1e-3,461,1,-1.7527488199044507,0.0,1,0.04415764867194254,0.4083036963416083,0.004369342878621897,-1.791373546085504,0.02140159955875648,500,5.662137425588298e-15
driven_dt1e-3,461,2,-2.2396104765324987,0.0,1,0.08107093350760364,0.3133793927597197,0.0,-2.3206814100401023,0.0,500,5.662137425588298e-15
driven_dt1e-3,461,3,-2.3174426658637897,0.0,1,0.0032387441763126468,0.3133793927597197,0.0,-2.3206814100401023,0.0,500,5.662137425588298e-15
driven_dt1e-3,461,4,-2.6524200481523486,3.060159041643113,1,0.5753782592794638,-0.02192439941455472,0.3464764875722739,-2.1158845070745267,3.267980490035224,500,5.662137425588298e-15
driven_dt1e-3,461,5,-2.7189907205137063,0.0,1,0.05820452331246325,0.2514476327090992,0.005114041686283256,-2.7606274970874414,0.04067118599918057,500,5.662137425588298e-15
driven_dt1e-3,461,6,-2.9604741803555354,5.370695425996387,1,0.2284365389413807,-0.18566804794132918,0.08419071982831328,-3.1806002377358125,5.431750902292391,500,5.662137425588298e-15
driven_dt1e-3,462,0,-0.9401735849314701,0.0,1,0.0045809421050525545,0.6235182378560802,0.0,-0.9447545270365226,0.0,500,3.3306690738754696e-15
driven_dt1e-3,462,1,-1.7527488199044507,0.0,1,0.18551201313020305,0.4567503107439835,0.0,-1.5672368067742477,0.0,500,3.3306690738754696e-15
driven_dt1e-3,462,2,-2.2396104765324987,0.0,1,0.21066764520588466,0.36259404071727414,0.0,-2.028942831326614,0.0,500,3.3306690738754696e-15
driven_dt1e-3,462,3,-2.3174426658637897,0.0,1,0.28849983453717565,0.36259404071727414,0.0,-2.028942831326614,0.0,500,3.3306690738754696e-15
driven_dt1e-3,462,4,-2.6524200481523486,3.060159041643113,1,0.4504061695443047,0.0659294295253818,0.2458816823429237,-2.7363803664621287,2.617647592624115,500,3.3306690738754696e-15
driven_dt1e-3,462,5,-2.7189907205137063,0.0,1,0.034366191703695925,0.2612409116097191,0.0,-2.6846245288100103,0.0,500,3.3306690738754696e-15
driven_dt1e-3,462,6,-2.9604741803555354,5.370695425996387,1,0.39172700641512403,-0.16376561425652444,0.10887859126961433,-3.252594874672349,5.10970587159465,500,3.3306690738754696e-15
driven_dt1e-3,463,0,-0.9401735849314701,0.0,1,0.002004877804542615,0.6255748114660417,0.0,-0.9381687071269275,0.0,500,3.9968028886505635e-15
driven_dt1e-3,463,1,-1.7527488199044507,0.0,1,0.03926061978509887,0.4081972686456305,0.0,-1.7920094396895496,0.0,500,3.9968028886505635e-15
driven_dt1e-3,463,2,-2.2396104765324987,0.0,1,0.22400900929884138,0.3650208755976788,0.0,-2.0156014672336573,0.0,500,3.9968028886505635e-15
driven_dt1e-3,463,3,-2.3174426658637897,0.0,1,0.30184119863013237,0.3650208755976788,0.0,-2.0156014672336573,0.0,500,3.9968028886505635e-15
driven_dt1e-3,463,4,-2.6524200481523486,3.060159041643113,1,0.1179173437637579,0.0007436920926898051,0.27771292882078585,-2.56232748671258,3.1362368329722634,500,3.9968028886505635e-15
driven_dt1e-3,463,5,-2.7189907205137063,0.0,1,0.07142232636969847,0.2661263196363751,0.0,-2.647568394144008,0.0,500,3.9968028886505635e-15
driven_dt1e-3,463,6,-2.9604741803555354,5.370695425996387,1,0.10751180632078693,-0.1935886202839413,0.09506967018203925,-3.0679848214762275,5.3701948821160395,500,3.9968028886505635e-15
driven_dt1e-3,464,0,-0.9401735849314701,0.0,1,0.0019115403299733158,0.6255456173607448,0.0,-0.9382620446014968,0.0,500,2.4424906541753444e-15
driven_dt1e-3,464,1,-1.7527488199044507,0.0,1,0.06759716346684463,0.4305999422277244,0.0,-1.6851516564376061,0.0,500,2.4424906541753444e-15
driven_dt1e-3,464,2,-2.2396104765324987,0.0,1,0.18929425547729029,0.3587397403920328,0.0,-2.0503162210552084,0.0,500,2.4424906541753444e-15
driven_dt1e-3,464,3,-2.3174426658637897,0.0,1,0.174640465697657,0.2876411548674609,0.0,-2.4920831315614467,0.0,500,2.4424906541753444e-15
driven_dt1e-3,464,4,-2.6524200481523486,3.060159041643113,1,0.22259259362496933,0.028218056662011538,0.2909230622265266,-2.460028842362393,2.9482077724614832,500,2.4424906541753444e-15
driven_dt1e-3,464,5,-2.7189907205137063,0.0,1,0.046469296417506634,0.25089267812830535,0.0,-2.765460016931213,0.0,500,2.4424906541753444e-15
driven_dt1e-3,464,6,-2.9604741803555354,5.370695425996387,1,0.4878679324992174,-0.16672593406526853,0.1391998605728951,-3.0539094544879,4.891858325189786,500,2.4424906541753444e-15
driven_dt1e-3,465,0,-0.9401735849314701,0.0,1,0.01566659383762381,0.6298626523251799,0.0,-0.9245069910938463,0.0,500,3.1086244689504383e-15
driven_dt1e-3,465,1,-1.7527488199044507,0.0,1,0.06290968475439085,0.4033989516182551,0.0,-1.8156585046588416,0.0,500,3.1086244689504383e-15
driven_dt1e-3,465,2,-2.2396104765324987,0.0,1,0.02732178873912927,0.3219155185426346,0.0,-2.266932265271628,0.0,500,3.1086244689504383e-15
driven_dt1e-3,465,3,-2.3174426658637897,0.0,1,0.05051040059216172,0.3219155185426346,0.0,-2.266932265271628,0.0,500,3.1086244689504383e-15
driven_dt1e-3,465,4,-2.6524200481523486,3.060159041643113,1,0.6192083927504639,-0.06800287556605367,0.2482727133150803,-2.714112571258743,3.676286517288681,500,3.1086244689504383e-15
driven_dt1e-3,465,5,-2.7189907205137063,0.0,1,0.01920593533153081,0.25433618403002245,0.0,-2.738196655845237,0.0,500,3.1086244689504383e-15
driven_dt1e-3,465,6,-2.9604741803555354,5.370695425996387,1,0.5739651087612114,-0.22317481491091157,0.17033114443193306,-2.540592354291803,4.97937049934763,500,3.1086244689504383e-15
driven_dt1e-3,466,0,-0.9401735849314701,0.0,1,0.0028783137177367246,0.6258480708837079,0.0,-0.9372952712137333,0.0,500,2.55351295663786e-15
driven_dt1e-3,466,1,-1.7527488199044507,0.0,1,0.04036713499872446,0.4079714928635156,0.0,-1.7931159549031752,0.0,500,2.55351295663786e-15
driven_dt1e-3,466,2,-2.2396104765324987,0.0,1,0.025905048988364765,0.3305978113767767,0.0,-2.213705427544134,0.0,500,2.55351295663786e-15
driven_dt1e-3,466,3,-2.3174426658637897,0.0,1,0.10373723831965576,0.3305978113767767,0.0,-2.213705427544134,0.0,500,2.55351295663786e-15
driven_dt1e-3,466,4,-2.6524200481523486,3.060159041643113,1,0.32259506995512294,0.05205451469988191,0.2554805991908017,-2.6885416013877377,2.7395926482840873,500,2.55351295663786e-15
driven_dt1e-3,466,5,-2.7189907205137063,0.0,1,0.20472487760492086,0.28446845182632263,0.0,-2.5142658429087854,0.0,500,2.55351295663786e-15
driven_dt1e-3,466,6,-2.9604741803555354,5.370695425996387,1,0.16788946461654933,-0.18977497834502427,0.11219740036185441,-3.024074156034293,5.215318737194968,500,2.55351295663786e-15
driven_dt1e-3,467,0,-0.9401735849314701,0.0,1,0.009868795660866625,0.621871878676112,0.0,-0.9500423805923367,0.0,500,4.440892098500626e-16
driven_dt1e-3,467,1,-1.7527488199044507,0.0,1,0.044450934452913815,0.4071393058938884,0.0,-1.7971997543573646,0.0,500,4.440892098500626e-16
driven_dt1e-3,467,2,-2.2396104765324987,0.0,1,0.20061784793645865,0.36077661243767,0.0,-2.03899262859604,0.0,500,4.440892098500626e-16
driven_dt1e-3,467,3,-2.3174426658637897,0.0,1,0.27845003726774964,0.36077661243767,0.0,-2.03899262859604,0.0,500,4.440892098500626e-16
driven_dt1e-3,467,4,-2.6524200481523486,3.060159041643113,1,0.43386220115715507,0.036636300719622344,0.21928267453426686,-3.0072562222919266,2.8105038812419734,500,4.440892098500626e-16
driven_dt1e-3,467,5,-2.7189907205137063,0.0,1,0.08329326273535198,0.26771060101388944,0.0,-2.6356974577783543,0.0,500,4.440892098500626e-16
driven_dt1e-3,467,6,-2.9604741803555354,5.370695425996387,1,0.26274678545609204,-0.1864998741115301,0.12396184468345654,-2.9927618500146127,5.109940024028382,500,4.440892098500626e-16
driven_dt1e-3,468,0,-0.9401735849314701,0.0,1,0.006246059171555851,0.6229993384635467,0.0,-0.9464196441030259,0.0,500,8.881784197001252e-16
driven_dt1e-3,468,1,-1.7527488199044507,0.0,1,0.0593851691572016,0.40411047132312516,0.0,-1.8121339890616524,0.0,500,8.881784197001252e-16
driven_dt1e-3,468,2,-2.2396104765324987,0.0,1,0.081645119337721,0.3132894366698289,0.0,-2.3212555958702197,0.0,500,8.881784197001252e-16
driven_dt1e-3,468,3,-2.3174426658637897,0.0,1,0.0038129300064300153,0.3132894366698289,0.0,-2.3212555958702197,0.0,500,8.881784197001252e-16
driven_dt1e-3,468,4,-2.6524200481523486,3.060159041643113,1,0.5035601836682564,0.04259614602177082,0.21367826946039528,-3.0475976368997406,2.7480572442631472,500,8.881784197001252e-16
driven_dt1e-3,468,5,-2.7189907205137063,0.0,1,0.042606148780762076,0.2513777641955524,0.0,-2.7615968692944683,0.0,500,8.881784197001252e-16
driven_dt1e-3,468,6,-2.9604741803555354,5.370695425996387,1,0.15418303974384542,-0.20872922282306583,0.11771969778152738,-2.8572613257870043,5.256154968530619,500,8.881784197001252e-16
driven_dt1e-3,469,0,-0.9401735849314701,0.0,1,0.011880783386004623,0.6212465939518906,0.0,-0.9520543683174747,0.0,500,1.3322676295501878e-15
driven_dt1e-3,469,1,-1.7527488199044507,0.0,1,0.24786941953901714,0.3813586520643526,0.03504677476914184,-1.9196199006991101,0.1832847280518253,500,1.3322676295501878e-15
driven_dt1e-3,469,2,-2.2396104765324987,0.0,1,0.3687645050153487,0.3813586520643526,0.03504677476914184,-1.9196199006991101,0.1832847280518253,500,1.3322676295501878e-15
driven_dt1e-3,469,3,-2.3174426658637897,0.0,1,0.4168968281273229,0.25505918714213166,0.005575391235015338,-2.732041597881551,0.04371145012870485,500,1.3322676295501878e-15
driven_dt1e-3,469,4,-2.6524200481523486,3.060159041643113,1,0.19328012328692357,-0.006937180973510271,0.285065936149902,-2.5094775068664603,3.1902537607847465,500,1.3322676295501878e-15
driven_dt1e-3,469,5,-2.7189907205137063,0.0,1,0.04561815726686881,0.25505918714213166,0.005575391235015338,-2.732041597881551,0.04371145012870485,500,1.3322676295501878e-15
driven_dt1e-3,469,6,-2.9604741803555354,5.370695425996387,1,0.3504534617266633,-0.17536880788324985,0.07776712659487599,-3.3022045885401186,5.448399717758169,500,1.3322676295501878e-15
driven_dt1e-3,470,0,-0.9401735849314701,0.0,1,0.001460049214671244,0.625404419154551,0.0,-0.9387135357167988,0.0,500,1.3322676295501878e-15
driven_dt1e-3,470,1,-1.7527488199044507,0.0,1,0.036732020615088956,0.4087136786626763,0.0,-1.7894808405195397,0.0,500,1.3322676295501878e-15
driven_dt1e-3,470,2,-2.2396104765324987,0.0,1,0.1622822174068529,0.34477538631859594,0.02005712249928108,-2.1263457020107825,0.1162179372516561,500,1.3322676295501878e-15
driven_dt1e-3,470,3,-2.3174426658637897,0.0,1,0.22366192910924154,0.34477538631859594,0.02005712249928108,-2.1263457020107825,0.1162179372516561,500,1.3322676295501878e-15
driven_dt1e-3,470,4,-2.6524200481523486,3.060159041643113,1,0.4502987375489241,0.014300165750423425,0.3322066540459466,-2.2021448605051357,3.0555537808012034,500,1.3322676295501878e-15
driven_dt1e-3,470,5,-2.7189907205137063,0.0,1,0.039307383777486216,0.26188713031460104,0.0,-2.67968333673622,0.0,500,1.3322676295501878e-15
driven_dt1e-3,470,6,-2.9604741803555354,5.370695425996387,1,0.551088897155502,-0.18793767805408285,0.04490868657994892,-3.2877608192447347,5.814071596502514,500,1.3322676295501878e-15
driven_dt1e-3,471,0,-0.9401735849314701,0.0,1,0.013182309617169596,0.6290807591128429,0.0,-0.9269912753143005,0.0,500,3.774758283725532e-15
driven_dt1e-3,471,1,-1.7527488199044507,0.0,1,0.007959908725370779,0.4146359534591594,0.0,-1.7607087286298215,0.0,500,3.774758283725532e-15
driven_dt1e-3,471,2,-2.2396104765324987,0.0,1,0.44142682244023745,0.2617917333841803,0.003482076039458909,-2.6802351048078097,0.026600310654744875,500,3.774758283725532e-15
driven_dt1e-3,471,3,-2.3174426658637897,0.0,1,0.3637663127364592,0.2617917333841803,0.003482076039458909,-2.6802351048078097,0.026600310654744875,500,3.774758283725532e-15
driven_dt1e-3,471,4,-2.6524200481523486,3.060159041643113,1,0.4395519175060899,0.028624634180817184,0.2154882004657813,-3.052206667276821,2.8774665476749575,500,3.774758283725532e-15
driven_dt1e-3,471,5,-2.7189907205137063,0.0,1,0.047006108918650896,0.2617917333841803,0.003482076039458909,-2.6802351048078097,0.026600310654744875,500,3.774758283725532e-15
driven_dt1e-3,471,6,-2.9604741803555354,5.370695425996387,1,0.1789347960989698,-0.21546234822289062,0.11825179612054218,-2.806641830986583,5.279299203193645,500,3.774758283725532e-15
driven_dt1e-3,472,0,-0.9401735849314701,0.0,1,0.0014073514306556234,0.6245084190882831,0.0,-0.9415809363621257,0.0,500,4.884981308350689e-15
driven_dt1e-3,472,1,-1.7527488199044507,0.0,1,0.1878547464832463,0.4572856463133921,0.0,-1.5648940734212045,0.0,500,4.884981308350689e-15
driven_dt1e-3,472,2,-2.2396104765324987,0.0,1,0.06837853873064237,0.337693712992831,0.0,-2.1712319378018563,0.0,500,4.884981308350689e-15
driven_dt1e-3,472,3,-2.3174426658637897,0.0,1,0.14621072806193336,0.337693712992831,0.0,-2.1712319378018563,0.0,500,4.884981308350689e-15
driven_dt1e-3,472,4,-2.6524200481523486,3.060159041643113,1,0.4584978592778072,-0.050763002654824516,0.2751359956310645,-2.5475053124786746,3.5064920845615766,500,4.884981308350689e-15
driven_dt1e-3,472,5,-2.7189907205137063,0.0,1,0.012016719651240404,0.2583378639883595,0.0,-2.706974000862466,0.0,500,4.884981308350689e-15
driven_dt1e-3,472,6,-2.9604741803555354,5.370695425996387,1,0.03088421106076291,-0.2067456892121945,0.10283288323454345,-2.9314741314285437,5.360073201414039,500,4.884981308350689e-15
driven_dt1e-3,473,0,-0.9401735849314701,0.0,1,0.001232005247973622,0.6253331133675748,0.0,-0.9389415796834965,0.0,500,0.0
driven_dt1e-3,473,1,-1.7527488199044507,0.0,1,0.023739457153882038,0.4113774407730576,0.0,-1.7764882770583328,0.0,500,0.0
driven_dt1e-3,473,2,-2.2396104765324987,0.0,1,0.09679913397375595,0.3425266989157431,0.0,-2.1428113425587427,0.0,500,0.0
driven_dt1e-3,473,3,-2.3174426658637897,0.0,1,0.05702076625863839,0.3050646016662539,0.0,-2.374463432122428,0.0,500,0.0
driven_dt1e-3,473,4,-2.6524200481523486,3.060159041643113,1,0.19141115565471364,0.03492337333764142,0.27484135911743973,-2.5671052888840205,2.8888125436921475,500,0.0
driven_dt1e-3,473,5,-2.7189907205137063,0.0,1,0.057615123569119575,0.26429541678690344,0.0,-2.6613755969445867,0.0,500,0.0
driven_dt1e-3,473,6,-2.9604741803555354,5.370695425996387,1,0.3744325895671494,-0.1655251519264666,0.09542133698701308,-3.310338709514354,5.237299116578025,500,0.0
driven_dt1e-3,474,0,-0.9401735849314701,0.0,1,0.0012463604137906703,0.6245586912343118,0.0,-0.9414199453452607,0.0,500,6.217248937900877e-15
driven_dt1e-3,474,1,-1.7527488199044507,0.0,1,0.06016424881856919,0.42900260597321094,0.0,-1.6925845710858816,0.0,500,6.217248937900877e-15
driven_dt1e-3,474,2,-2.2396104765324987,0.0,1,0.024281218636514446,0.3303295029331801,0.0,-2.2153292578959842,0.0,500,6.217248937900877e-15
driven_dt1e-3,474,3,-2.3174426658637897,0.0,1,0.10211340796780544,0.3303295029331801,0.0,-2.2153292578959842,0.0,500,6.217248937900877e-15
driven_dt1e-3,474,4,-2.6524200481523486,3.060159041643113,1,0.09972621477503821,0.0008936790750785244,0.2743626134822413,-2.586598671418001,3.1350780931464,500,6.217248937900877e-15
driven_dt1e-3,474,5,-2.7189907205137063,0.0,1,0.08028589148278709,0.24668617271648158,0.0,-2.7992766119964934,0.0,500,6.217248937900877e-15
driven_dt1e-3,474,6,-2.9604741803555354,5.370695425996387,1,0.15417415404098442,-0.19163699524154454,0.08906896048412641,-3.1087214207713294,5.413032472224897,500,6.217248937900877e-15
driven_dt1e-3,475,0,-0.9401735849314701,0.0,1,0.001106489434132607,0.6246023715796957,0.0,-0.9412800743656027,0.0,500,1.1102230246251565e-15
driven_dt1e-3,475,1,-1.7527488199044507,0.0,1,0.015512367528056847,0.4130731455984734,0.0,-1.7682611874325076,0.0,500,1.1102230246251565e-15
driven_dt1e-3,475,2,-2.2396104765324987,0.0,1,0.12429373469926164,0.34726803192135003,0.0,-2.115316741833237,0.0,500,1.1102230246251565e-15
driven_dt1e-3,475,3,-2.3174426658637897,0.0,1,0.20212592403055263,0.34726803192135003,0.0,-2.115316741833237,0.0,500,1.1102230246251565e-15
driven_dt1e-3,475,4,-2.6524200481523486,3.060159041643113,1,0.19499679289323804,0.019833648601474557,0.2421944926345537,-2.829344557522151,2.9781744868605013,500,1.1102230246251565e-15
driven_dt1e-3,475,5,-2.7189907205137063,0.0,1,0.08384588539432825,0.26778458270649286,0.0,-2.635144835119378,0.0,500,1.1102230246251565e-15
driven_dt1e-3,475,6,-2.9604741803555354,5.370695425996387,1,0.26834947057546654,-0.1850570031261906,0.12350202684817349,-3.0058059421715395,5.106202572163263,500,1.1102230246251565e-15
driven_dt1e-3,476,0,-0.9401735849314701,0.0,1,0.02165959615041335,0.6317528670922539,0.0,-0.9185139887810567,0.0,500,0.0
driven_dt1e-3,476,1,-1.7527488199044507,0.0,1,0.057076071605610235,0.42834069909012645,0.0,-1.6956727482988405,0.0,500,0.0
driven_dt1e-3,476,2,-2.2396104765324987,0.0,1,0.18256724125675436,0.33252049330446143,0.029479941917838363,-2.194278412558578,0.1768496580600775,500,0.0
driven_dt1e-3,476,3,-2.3174426658637897,0.0,1,0.2155115654627302,0.33252049330446143,0.029479941917838363,-2.194278412558578,0.1768496580600775,500,0.0
driven_dt1e-3,476,4,-2.6524200481523486,3.060159041643113,1,0.3441524699232125,0.057086968701850135,0.268150977835064,-2.588084630116847,2.722073436299666,500,0.0
driven_dt1e-3,476,5,-2.7189907205137063,0.0,1,0.0672258019558285,0.24830231546621176,0.0,-2.7862165224695348,0.0,500,0.0
driven_dt1e-3,476,6,-2.9604741803555354,5.370695425996387,1,0.40972312745486195,-0.25560928005565975,0.1025176210618406,-2.5790507495684505,5.5203256623057735,500,0.0
driven_dt1e-3,477,0,-0.9401735849314701,0.0,1,0.00604525031365688,0.6230618934967097,0.0,-0.946218835245127,0.0,500,3.1086244689504383e-15
driven_dt1e-3,477,1,-1.7527488199044507,0.0,1,0.13300371574214886,0.3895058993524846,0.0,-1.8857525356465996,0.0,500,3.1086244689504383e-15
driven_dt1e-3,477,2,-2.2396104765324987,0.0,1,0.35385794088589906,0.3895058993524846,0.0,-1.8857525356465996,0.0,500,3.1086244689504383e-15
driven_dt1e-3,477,3,-2.3174426658637897,0.0,1,0.33176932727116304,0.265907707001346,0.0,-2.6492119931349527,0.0,500,3.1086244689504383e-15
driven_dt1e-3,477,4,-2.6524200481523486,3.060159041643113,1,0.5460236168484057,0.007947614633376917,0.20189801926289253,-3.1984367638487385,3.0629042804928632,500,3.1086244689504383e-15
driven_dt1e-3,477,5,-2.7189907205137063,0.0,1,0.06977872737875357,0.265907707001346,0.0,-2.6492119931349527,0.0,500,3.1086244689504383e-15
driven_dt1e-3,477,6,-2.9604741803555354,5.370695425996387,1,0.3853195432110149,-0.16595593030083933,0.08908653457162771,-3.3388486532591046,5.297867487433694,500,3.1086244689504383e-15
driven_dt1e-3,478,0,-0.9401735849314701,0.0,1,0.0171404332465509,0.6303269815904636,0.0,-0.9230331516849192,0.0,500,4.6629367034256575e-15
driven_dt1e-3,478,1,-1.7527488199044507,0.0,1,0.04140347522149335,0.42499721103855365,0.0,-1.7113453446829574,0.0,500,4.6629367034256575e-15
driven_dt1e-3,478,2,-2.2396104765324987,0.0,1,0.022885694911360055,0.32263033471991903,0.0,-2.2624961714438587,0.0,500,4.6629367034256575e-15
driven_dt1e-3,478,3,-2.3174426658637897,0.0,1,0.054946494419930936,0.32263033471991903,0.0,-2.2624961714438587,0.0,500,4.6629367034256575e-15
driven_dt1e-3,478,4,-2.6524200481523486,3.060159041643113,1,0.3853436950583234,0.0596500989293693,0.28777179125932356,-2.4491063393922814,2.7328162562461706,500,4.6629367034256575e-15
driven_dt1e-3,478,5,-2.7189907205137063,0.0,1,0.09568243626015777,0.2513853008329191,0.010892876264234132,-2.7596610580942933,0.08660861533219569,500,4.6629367034256575e-15
driven_dt1e-3,478,6,-2.9604741803555354,5.370695425996387,1,0.5400649589252124,-0.19374917725018584,0.16419014991808065,-2.741134257471337,4.877177282370395,500,4.6629367034256575e-15
driven_dt1e-3,479,0,-0.9401735849314701,0.0,1,0.0010273956811127638,0.6252691420711805,0.0,-0.9391461892503573,0.0,500,1.3322676295501878e-15
driven_dt1e-3,479,1,-1.7527488199044507,0.0,1,0.03378784707008764,0.42338197788166704,0.0,-1.718960972834363,0.0,500,1.3322676295501878e-15
driven_dt1e-3,479,2,-2.2396104765324987,0.0,1,0.19064200653527985,0.2966725595309436,0.0,-2.4302524830677785,0.0,500,1.3322676295501878e-15
driven_dt1e-3,479,3,-2.3174426658637897,0.0,1,0.11280981720398886,0.2966725595309436,0.0,-2.4302524830677785,0.0,500,1.3322676295501878e-15
driven_dt1e-3,479,4,-2.6524200481523486,3.060159041643113,1,0.5199140182043476,0.06490855669988413,0.22885661297563578,-2.871950024144022,2.5888659524019424,500,1.3322676295501878e-15
driven_dt1e-3,479,5,-2.7189907205137063,0.0,1,0.04335624616912259,0.2512835029707245,0.0,-2.762346966682829,0.0,500,1.3322676295501878e-15
driven_dt1e-3,479,6,-2.9604741803555354,5.370695425996387,1,0.3675383060252809,-0.20382652430110618,0.1440332334091906,-2.7759411459783836,5.05284016708206,500,1.3322676295501878e-15
driven_dt1e-3,480,0,-0.9401735849314701,0.0,1,0.005684363432367445,0.6231743310725133,0.0,-0.9458579483638375,0.0,500,1.5543122344752192e-15
driven_dt1e-3,480,1,-1.7527488199044507,0.0,1,0.39269559856081826,0.5066035111264424,0.0,-1.3600532213436325,0.0,500,1.5543122344752192e-15
driven_dt1e-3,480,2,-2.2396104765324987,0.0,1,0.03310409875548448,0.33178995070569706,0.0,-2.206506377777014,0.0,500,1.5543122344752192e-15
driven_dt1e-3,480,3,-2.3174426658637897,0.0,1,0.11093628808677547,0.33178995070569706,0.0,-2.206506377777014,0.0,500,1.5543122344752192e-15
driven_dt1e-3,480,4,-2.6524200481523486,3.060159041643113,1,0.13152519603470542,-0.00168914149388504,0.2536394663654666,-2.743638538611384,3.1549116890485682,500,1.5543122344752192e-15
driven_dt1e-3,480,5,-2.7189907205137063,0.0,1,0.003128609951907446,0.2563889465016689,0.0,-2.7221193304656137,0.0,500,1.5543122344752192e-15
driven_dt1e-3,480,6,-2.9604741803555354,5.370695425996387,1,0.38667719470434697,-0.23617985711775907,0.13646147600590597,-2.598263593939474,5.235333895299678,500,1.5543122344752192e-15
driven_dt1e-3,481,0,-0.9401735849314701,0.0,1,0.01590084450615825,0.6199991234596147,0.0,-0.9560744294376283,0.0,500,4.440892098500626e-16
driven_dt1e-3,481,1,-1.7527488199044507,0.0,1,0.18594327466198313,0.4568488107827474,0.0,-1.5668055452424676,0.0,500,4.440892098500626e-16
driven_dt1e-3,481,2,-2.2396104765324987,0.0,1,0.15849503945330445,0.35325760869056033,0.0,-2.081115437079194,0.0,500,4.440892098500626e-16
driven_dt1e-3,481,3,-2.3174426658637897,0.0,1,0.23632722878459544,0.35325760869056033,0.0,-2.081115437079194,0.0,500,4.440892098500626e-16
driven_dt1e-3,481,4,-2.6524200481523486,3.060159041643113,1,0.5831449895455212,0.004183648718321279,0.1984252511891836,-3.23424118912801,3.0994303892877424,500,4.440892098500626e-16
driven_dt1e-3,481,5,-2.7189907205137063,0.0,1,0.061595019355950686,0.2490023686443336,0.0,-2.780585739869657,0.0,500,4.440892098500626e-16
driven_dt1e-3,481,6,-2.9604741803555354,5.370695425996387,1,0.17799001507670575,-0.20230966601994904,0.08056111288315822,-3.048726089344059,5.5252659472055985,500,4.440892098500626e-16
driven_dt1e-3,482,0,-0.9401735849314701,0.0,1,0.008373968949577315,0.6223368477641422,0.0,-0.9485475538810474,0.0,500,2.4424906541753444e-15
driven_dt1e-3,482,1,-1.7527488199044507,0.0,1,0.06128231553686647,0.40372732471432726,0.0,-1.8140311354413172,0.0,500,2.4424906541753444e-15
driven_dt1e-3,482,2,-2.2396104765324987,0.0,1,0.011666579514963527,0.324445233829217,0.0,-2.251277056047462,0.0,500,2.4424906541753444e-15
driven_dt1e-3,482,3,-2.3174426658637897,0.0,1,0.06616560981632746,0.324445233829217,0.0,-2.251277056047462,0.0,500,2.4424906541753444e-15
driven_dt1e-3,482,4,-2.6524200481523486,3.060159041643113,1,0.3941351177879869,0.044560147133596954,0.22961253703310547,-2.905754031017684,2.758224637841002,500,2.4424906541753444e-15
driven_dt1e-3,482,5,-2.7189907205137063,0.0,1,0.09319008020040043,0.24509965394135252,0.0,-2.8121808007141067,0.0,500,2.4424906541753444e-15
driven_dt1e-3,482,6,-2.9604741803555354,5.370695425996387,1,0.3331549218783407,-0.24364506783912357,0.11255663639169965,-2.630645987651657,5.41765887209499,500,2.4424906541753444e-15
driven_dt1e-3,483,0,-0.9401735849314701,0.0,1,0.006607451048174617,0.6270160961791504,0.0,-0.9335661338832955,0.0,500,4.440892098500626e-16
driven_dt1e-3,483,1,-1.7527488199044507,0.0,1,0.05230932688068313,0.4055427143893858,0.0,-1.8050581467851339,0.0,500,4.440892098500626e-16
driven_dt1e-3,483,2,-2.2396104765324987,0.0,1,0.2353467131970052,0.3119916227318512,0.034804399820354666,-2.31719003887263,0.22219245468680318,500,4.440892098500626e-16
driven_dt1e-3,483,3,-2.3174426658637897,0.0,1,0.2221925983018871,0.3119916227318512,0.034804399820354666,-2.31719003887263,0.22219245468680318,500,4.440892098500626e-16
driven_dt1e-3,483,4,-2.6524200481523486,3.060159041643113,1,0.30683249699900683,-0.029607951927560675,0.26197291336581857,-2.666335895382073,3.3666758118377054,500,4.440892098500626e-16
driven_dt1e-3,483,5,-2.7189907205137063,0.0,1,0.014863730577224121,0.2548889737882054,0.0,-2.7338544510909304,0.0,500,4.440892098500626e-16
driven_dt1e-3,483,6,-2.9604741803555354,5.370695425996387,1,0.4466776800146342,-0.16096359329442644,0.08606403648910724,-3.401708610025552,5.301174724784222,500,4.440892098500626e-16
driven_dt1e-3,484,0,-0.9401735849314701,0.0,1,0.010809615125149996,0.6283348934020964,0.0,-0.9293639698063201,0.0,500,3.9968028886505635e-15
driven_dt1e-3,484,1,-1.7527488199044507,0.0,1,0.12511549908028585,0.39104518637702895,0.0,-1.8778643189847366,0.0,500,3.9968028886505635e-15
driven_dt1e-3,484,2,-2.2396104765324987,0.0,1,0.23073170876676707,0.29078500693426856,0.0,-2.4703421852992657,0.0,500,3.9968028886505635e-15
driven_dt1e-3,484,3,-2.3174426658637897,0.0,1,0.15289951943547608,0.29078500693426856,0.0,-2.4703421852992657,0.0,500,3.9968028886505635e-15
driven_dt1e-3,484,4,-2.6524200481523486,3.060159041643113,1,0.3334504594716271,0.05390453521074288,0.2566789757914298,-2.6766998658338097,2.7275937106550585,500,3.9968028886505635e-15
driven_dt1e-3,484,5,-2.7189907205137063,0.0,1,0.138782174531491,0.2752420812782729,0.0,-2.5802085459822153,0.0,500,3.9968028886505635e-15
driven_dt1e-3,484,6,-2.9604741803555354,5.370695425996387,1,0.3913655545516243,-0.24298137221232063,0.13051605975804417,-2.57604361350479,5.297346011817984,500,3.9968028886505635e-15
driven_dt1e-3,485,0,-0.9401735849314701,0.0,1,0.002391544794998035,0.62569576772294,0.0,-0.937782040136472,0.0,500,4.218847493575595e-15
driven_dt1e-3,485,1,-1.7527488199044507,0.0,1,0.1512475356226184,0.3859690177004199,0.0,-1.9039963555270691,0.0,500,4.218847493575595e-15
driven_dt1e-3,485,2,-2.2396104765324987,0.0,1,0.14413431091716555,0.303652175026541,0.0,-2.3837447874496642,0.0,500,4.218847493575595e-15
driven_dt1e-3,485,3,-2.3174426658637897,0.0,1,0.06630212158587456,0.303652175026541,0.0,-2.3837447874496642,0.0,500,4.218847493575595e-15
driven_dt1e-3,485,4,-2.6524200481523486,3.060159041643113,1,0.23883362723893753,0.019869700307153928,0.23666457501376056,-2.875198782860604,2.974071081614451,500,4.218847493575595e-15
driven_dt1e-3,485,5,-2.7189907205137063,0.0,1,6.37732002894964e-06,0.256791149686757,0.0,-2.7189843431936773,0.0,500,4.218847493575595e-15
driven_dt1e-3,485,6,-2.9604741803555354,5.370695425996387,1,0.2019104117458154,-0.1900105707993246,0.11799040179390145,-2.9952173675214286,5.171796644409067,500,4.218847493575595e-15
driven_dt1e-3,486,0,-0.9401735849314701,0.0,1,0.014657176040834052,0.6203847800336052,0.0,-0.9548307609723041,0.0,500,1.1102230246251565e-15
driven_dt1e-3,486,1,-1.7527488199044507,0.0,1,0.10932276457382284,0.43967782874368283,0.0,-1.643426055330628,0.0,500,1.1102230246251565e-15
driven_dt1e-3,486,2,-2.2396104765324987,0.0,1,0.013818387835130785,0.32860592439275715,0.0,-2.225792088697368,0.0,500,1.1102230246251565e-15
driven_dt1e-3,486,3,-2.3174426658637897,0.0,1,0.09165057716642178,0.32860592439275715,0.0,-2.225792088697368,0.0,500,1.1102230246251565e-15
driven_dt1e-3,486,4,-2.6524200481523486,3.060159041643113,1,0.3692751734319915,0.011237325600430566,0.3190924095981572,-2.2833096306071456,3.0711887004244787,500,1.1102230246251565e-15
driven_dt1e-3,486,5,-2.7189907205137063,0.0,1,0.047913254437553565,0.26301644163444476,0.0,-2.6710774660761527,0.0,500,1.1102230246251565e-15
driven_dt1e-3,486,6,-2.9604741803555354,5.370695425996387,1,0.5754892492945342,-0.21571367187320606,0.037280852327944924,-3.03817536919644,5.940915033960105,500,1.1102230246251565e-15
driven_dt1e-3,487,0,-0.9401735849314701,0.0,1,0.001431414672179998,0.6253954651339425,0.0,-0.9387421702592901,0.0,500,4.6629367034256575e-15
driven_dt1e-3,487,1,-1.7527488199044507,0.0,1,0.07568932721594779,0.43234571423575774,0.0,-1.677059492688503,0.0,500,4.6629367034256575e-15
driven_dt1e-3,487,2,-2.2396104765324987,0.0,1,0.15481180088596647,0.3526076413461909,0.0,-2.084798675646532,0.0,500,4.6629367034256575e-15
driven_dt1e-3,487,3,-2.3174426658637897,0.0,1,0.23264399021725746,0.3526076413461909,0.0,-2.084798675646532,0.0,500,4.6629367034256575e-15
driven_dt1e-3,487,4,-2.6524200481523486,3.060159041643113,1,0.6656886936559898,-0.07279907440838766,0.2442819568678823,-2.733777636265799,3.7208574446363247,500,4.6629367034256575e-15
driven_dt1e-3,487,5,-2.7189907205137063,0.0,1,0.024753462197800946,0.2536316931202812,0.0,-2.743744182711507,0.0,500,4.6629367034256575e-15
driven_dt1e-3,487,6,-2.9604741803555354,5.370695425996387,1,0.28308733754874216,-0.1750603773613808,0.09317526981437334,-3.2358244796353848,5.304963748953025,500,4.6629367034256575e-15
driven_dt1e-3,488,0,-0.9401735849314701,0.0,1,0.007516588709742145,0.622603694615257,0.0,-0.9476901736412122,0.0,500,1.5543122344752192e-15
driven_dt1e-3,488,1,-1.7527488199044507,0.0,1,0.16611621846173907,0.3831102320068514,0.0,-1.9188650383661898,0.0,500,1.5543122344752192e-15
driven_dt1e-3,488,2,-2.2396104765324987,0.0,1,0.19644805413059618,0.36002521396210724,0.0,-2.0431624224019025,0.0,500,1.5543122344752192e-15
driven_dt1e-3,488,3,-2.3174426658637897,0.0,1,0.2742802434618872,0.36002521396210724,0.0,-2.0431624224019025,0.0,500,1.5543122344752192e-15
driven_dt1e-3,488,4,-2.6524200481523486,3.060159041643113,1,0.3720353867691644,0.024962167695932586,0.22216257951500018,-2.99614592804044,2.917811409054302,500,1.5543122344752192e-15
driven_dt1e-3,488,5,-2.7189907205137063,0.0,1,0.03103402559536228,0.25283646742599303,0.0,-2.7500247461090686,0.0,500,1.5543122344752192e-15
driven_dt1e-3,488,6,-2.9604741803555354,5.370695425996387,1,0.22485744512091796,-0.18950246063071302,0.08092948474074904,-3.1591748274497697,5.47595189121653,500,1.5543122344752192e-15
driven_dt1e-3,489,0,-0.9401735849314701,0.0,1,0.006080184537616384,0.6268508156722786,0.0,-0.9340934003938537,0.0,500,2.220446049250313e-15
driven_dt1e-3,489,1,-1.7527488199044507,0.0,1,0.004741252459403267,0.41727751133338586,0.0,-1.7480075674450475,0.0,500,2.220446049250313e-15
driven_dt1e-3,489,2,-2.2396104765324987,0.0,1,0.11453357438321454,0.3455774644966237,0.0,-2.125076902149284,0.0,500,2.220446049250313e-15
driven_dt1e-3,489,3,-2.3174426658637897,0.0,1,0.19236576371450553,0.3455774644966237,0.0,-2.125076902149284,0.0,500,2.220446049250313e-15
driven_dt1e-3,489,4,-2.6524200481523486,3.060159041643113,1,0.5595373824878701,0.08224891175935273,0.2481439931216004,-2.683255279483186,2.501471945935551,500,2.220446049250313e-15
driven_dt1e-3,489,5,-2.7189907205137063,0.0,1,0.010014596813200605,0.2555077189440399,0.0,-2.729005317326907,0.0,500,2.220446049250313e-15
driven_dt1e-3,489,6,-2.9604741803555354,5.370695425996387,1,0.22505904556903497,-0.20036649728514522,0.07574288095049964,-3.0816449688826943,5.560350940021557,500,2.220446049250313e-15
driven_dt1e-3,490,0,-0.9401735849314701,0.0,1,0.01002965787077903,0.6280899039963757,0.0,-0.930143927060691,0.0,500,1.9984014443252818e-15
driven_dt1e-3,490,1,-1.7527488199044507,0.0,1,0.05402999942856246,0.40519396132553204,0.0,-1.8067788193330132,0.0,500,1.9984014443252818e-15
driven_dt1e-3,490,2,-2.2396104765324987,0.0,1,0.1760146084285381,0.29885028726412866,0.0,-2.415625084961037,0.0,500,1.9984014443252818e-15
driven_dt1e-3,490,3,-2.3174426658637897,0.0,1,0.09818241909724712,0.29885028726412866,0.0,-2.415625084961037,0.0,500,1.9984014443252818e-15
driven_dt1e-3,490,4,-2.6524200481523486,3.060159041643113,1,0.4897707045863519,0.022305670042600728,0.2085108846526235,-3.124149180408671,2.928451149504075,500,1.9984014443252818e-15
driven_dt1e-3,490,5,-2.7189907205137063,0.0,1,0.009958954954273569,0.2555148275051489,0.0,-2.72894967546798,0.0,500,1.9984014443252818e-15
driven_dt1e-3,490,6,-2.9604741803555354,5.370695425996387,1,0.19448513135461754,-0.18353287137503974,0.09640093284885051,-3.147079609407438,5.315896884351758,500,1.9984014443252818e-15
driven_dt1e-3,491,0,-0.9401735849314701,0.0,1,0.007637167407273715,0.6225661593754684,0.0,-0.9478107523387438,0.0,500,5.551115123125783e-15
driven_dt1e-3,491,1,-1.7527488199044507,0.0,1,0.03447517140493872,0.423527503254185,0.0,-1.718273648499512,0.0,500,5.551115123125783e-15
driven_dt1e-3,491,2,-2.2396104765324987,0.0,1,0.0319987839598177,0.3316066351949152,0.0,-2.207611692572681,0.0,500,5.551115123125783e-15
driven_dt1e-3,491,3,-2.3174426658637897,0.0,1,0.10983097329110869,0.3316066351949152,0.0,-2.207611692572681,0.0,500,5.551115123125783e-15
driven_dt1e-3,491,4,-2.6524200481523486,3.060159041643113,1,0.7393927610089712,0.03901821355910696,0.18669783773478438,-3.3137772391133824,2.7295409523064884,500,5.551115123125783e-15
driven_dt1e-3,491,5,-2.7189907205137063,0.0,1,0.02122897941988322,0.25407904744483123,0.0,-2.7402196999335895,0.0,500,5.551115123125783e-15
driven_dt1e-3,491,6,-2.9604741803555354,5.370695425996387,1,0.34888735490302375,-0.24641705636752043,0.11030157075385619,-2.618833976606728,5.441436910245035,500,5.551115123125783e-15
driven_dt1e-3,492,0,-0.9401735849314701,0.0,1,0.005864493759049627,0.6231182073020315,0.0,-0.9460380786905197,0.0,500,8.881784197001252e-16
driven_dt1e-3,492,1,-1.7527488199044507,0.0,1,0.06839897053881194,0.43077260587557875,0.0,-1.6843498493656388,0.0,500,8.881784197001252e-16
driven_dt1e-3,492,2,-2.2396104765324987,0.0,1,0.3224616578135567,0.345677273958305,0.0508544285888493,-2.1030873071714704,0.2921351484972107,500,8.881784197001252e-16
driven_dt1e-3,492,3,-2.3174426658637897,0.0,1,0.33805329730971767,0.26507354012559703,0.0,-2.6554959631735073,0.0,500,8.881784197001252e-16
driven_dt1e-3,492,4,-2.6524200481523486,3.060159041643113,1,0.6534899116906899,-0.013686115427585407,0.3643349443645238,-2.017953206829943,3.2166866492523623,500,8.881784197001252e-16
driven_dt1e-3,492,5,-2.7189907205137063,0.0,1,0.06349475734019894,0.26507354012559703,0.0,-2.6554959631735073,0.0,500,8.881784197001252e-16
driven_dt1e-3,492,6,-2.9604741803555354,5.370695425996387,1,0.5541169161346499,-0.2483128166981437,0.05056459691460378,-2.7455023580691815,5.881413227105237,500,8.881784197001252e-16
driven_dt1e-3,493,0,-0.9401735849314701,0.0,1,0.00020088596457745744,0.6250107999447407,0.0,-0.9399726989668926,0.0,500,1.3100631690576847e-14
driven_dt1e-3,493,1,-1.7527488199044507,0.0,1,0.1021767659037307,0.39555604587394333,0.0,-1.8549255858081815,0.0,500,1.3100631690576847e-14
driven_dt1e-3,493,2,-2.2396104765324987,0.0,1,0.3336469300293464,0.329140879337394,0.05491845871573077,-2.195079080533039,0.33066180409649215,500,1.3100631690576847e-14
driven_dt1e-3,493,3,-2.3174426658637897,0.0,1,0.3525763402489492,0.329140879337394,0.05491845871573077,-2.195079080533039,0.33066180409649215,500,1.3100631690576847e-14
driven_dt1e-3,493,4,-2.6524200481523486,3.060159041643113,1,0.17727873799084432,0.0343862754773793,0.26467199556998583,-2.6417895221334433,2.8831993206324045,500,1.3100631690576847e-14
driven_dt1e-3,493,5,-2.7189907205137063,0.0,1,0.07636847541872384,0.25006557538796786,0.006959896101268912,-2.771289851771665,0.055650201324370985,500,1.3100631690576847e-14
driven_dt1e-3,493,6,-2.9604741803555354,5.370695425996387,1,0.2546879902953863,-0.20450405924640871,0.13016892092724291,-2.834194235171086,5.149518239458274,500,1.3100631690576847e-14
driven_dt1e-3,494,0,-0.9401735849314701,0.0,1,0.005948571591439578,0.6230920126385366,0.0,-0.9461221565229097,0.0,500,8.881784197001252e-16
driven_dt1e-3,494,1,-1.7527488199044507,0.0,1,0.11943809135725769,0.3921568249174452,0.0,-1.8721869112617084,0.0,500,8.881784197001252e-16
driven_dt1e-3,494,2,-2.2396104765324987,0.0,1,0.09756463827088258,0.3426578268388397,0.0,-2.142045838261616,0.0,500,8.881784197001252e-16
driven_dt1e-3,494,3,-2.3174426658637897,0.0,1,0.17539682760217357,0.3426578268388397,0.0,-2.142045838261616,0.0,500,8.881784197001252e-16
driven_dt1e-3,494,4,-2.6524200481523486,3.060159041643113,1,0.5801582259281289,0.08401418712697753,0.24539055532508344,-2.698967945709233,2.481871171854106,500,8.881784197001252e-16
driven_dt1e-3,494,5,-2.7189907205137063,0.0,1,0.06595273707642813,0.26539951308842136,0.0,-2.653037983437278,0.0,500,8.881784197001252e-16
driven_dt1e-3,494,6,-2.9604741803555354,5.370695425996387,1,0.3559787137203344,-0.18623746210839556,0.13681148645968152,-2.9299112916231014,5.016031141842608,500,8.881784197001252e-16
driven_dt1e-3,495,0,-0.9401735849314701,0.0,1,0.005519968047477897,0.6232255566698024,0.0,-0.945693552978948,0.0,500,4.440892098500626e-16
driven_dt1e-3,495,1,-1.7527488199044507,0.0,1,0.16918219304709514,0.38252337882365406,0.0,-1.921931012951546,0.0,500,4.440892098500626e-16
driven_dt1e-3,495,2,-2.2396104765324987,0.0,1,0.21916329888379105,0.36413755338140585,0.0,-2.0204471776487076,0.0,500,4.440892098500626e-16
driven_dt1e-3,495,3,-2.3174426658637897,0.0,1,0.29699548821508204,0.36413755338140585,0.0,-2.0204471776487076,0.0,500,4.440892098500626e-16
driven_dt1e-3,495,4,-2.6524200481523486,3.060159041643113,1,0.43012603875703265,0.06728632553007804,0.25730943100908377,-2.648806397264873,2.6300481829751647,500,4.440892098500626e-16
driven_dt1e-3,495,5,-2.7189907205137063,0.0,1,0.11329144206837682,0.24264857366863662,0.0,-2.832282162582083,0.0,500,4.440892098500626e-16
driven_dt1e-3,495,6,-2.9604741803555354,5.370695425996387,1,0.5604364216522005,-0.15977211141971379,0.0666684317417862,-3.507498093218239,5.49257168074152,500,4.440892098500626e-16
driven_dt1e-3,496,0,-0.9401735849314701,0.0,1,0.00038168657997050826,0.6248287693914816,0.0,-0.9405552715114406,0.0,500,4.218847493575595e-15
driven_dt1e-3,496,1,-1.7527488199044507,0.0,1,0.08527499276117423,0.39891300983222217,0.0,-1.838023812665625,0.0,500,4.218847493575595e-15
driven_dt1e-3,496,2,-2.2396104765324987,0.0,1,0.07617648972043822,0.3390129426553896,0.0,-2.1634339868120604,0.0,500,4.218847493575595e-15
driven_dt1e-3,496,3,-2.3174426658637897,0.0,1,0.1540086790517292,0.3390129426553896,0.0,-2.1634339868120604,0.0,500,4.218847493575595e-15
driven_dt1e-3,496,4,-2.6524200481523486,3.060159041643113,1,0.6221454813006981,0.0964261594110554,0.2733592227610765,-2.4766615079359973,2.4633559456023044,500,4.218847493575595e-15
driven_dt1e-3,496,5,-2.7189907205137063,0.0,1,0.028010694786857027,0.2532189605947423,0.0,-2.7470014153005633,0.0,500,4.218847493575595e-15
driven_dt1e-3,496,6,-2.9604741803555354,5.370695425996387,1,0.4428144430574698,-0.1933304653936232,0.054263547086636214,-3.210877859240842,5.735911291726508,500,4.218847493575595e-15
driven_dt1e-3,497,0,-0.9401735849314701,0.0,1,0.004221992656606277,0.6236301536625963,0.0,-0.9443955775880764,0.0,500,3.774758283725532e-15
driven_dt1e-3,497,1,-1.7527488199044507,0.0,1,0.04801489399806602,0.4264044529940566,0.0,-1.7047339259063847,0.0,500,3.774758283725532e-15
driven_dt1e-3,497,2,-2.2396104765324987,0.0,1,0.23426100711107312,0.3668967760309126,0.0,-2.0053494694214256,0.0,500,3.774758283725532e-15
driven_dt1e-3,497,3,-2.3174426658637897,0.0,1,0.1958862710659628,0.2846017431409237,0.0,-2.5133289369297525,0.0,500,3.774758283725532e-15
driven_dt1e-3,497,4,-2.6524200481523486,3.060159041643113,1,0.03323626861367208,0.009911924907001619,0.2696181740458926,-2.6201463895217727,3.068100106430484,500,3.774758283725532e-15
driven_dt1e-3,497,5,-2.7189907205137063,0.0,1,0.20566178358395382,0.2846017431409237,0.0,-2.5133289369297525,0.0,500,3.774758283725532e-15
driven_dt1e-3,497,6,-2.9604741803555354,5.370695425996387,1,0.1801152923105823,-0.18535682932339959,0.10620869980585645,-3.0870268008858885,5.24253165279574,500,3.774758283725532e-15
driven_dt1e-3,498,0,-0.9401735849314701,0.0,1,0.004713926894253095,0.6264227420445619,0.0,-0.935459658037217,0.0,500,5.329070518200751e-15
driven_dt1e-3,498,1,-1.7527488199044507,0.0,1,0.1148118375509124,0.44088619803618007,0.0,-1.6379369823535384,0.0,500,5.329070518200751e-15
driven_dt1e-3,498,2,-2.2396104765324987,0.0,1,0.09646878000143078,0.3109759726128843,0.0,-2.3360792565339294,0.0,500,5.329070518200751e-15
driven_dt1e-3,498,3,-2.3174426658637897,0.0,1,0.018636590670139785,0.3109759726128843,0.0,-2.3360792565339294,0.0,500,5.329070518200751e-15
driven_dt1e-3,498,4,-2.6524200481523486,3.060159041643113,1,0.27202110957453784,0.04307516258635102,0.2508656670208232,-2.7366186324635473,2.801496940719625,500,5.329070518200751e-15
driven_dt1e-3,498,5,-2.7189907205137063,0.0,1,0.009603264805461365,0.2555602735997207,0.0,-2.7285939853191676,0.0,500,5.329070518200751e-15
driven_dt1e-3,498,6,-2.9604741803555354,5.370695425996387,1,0.2619471368399549,-0.2355388840405574,0.09601715361344094,-2.7380271586546336,5.509019773220759,500,5.329070518200751e-15
driven_dt1e-3,499,0,-0.9401735849314701,0.0,1,0.006039808915192735,0.6230635886630309,0.0,-0.9462133938466628,0.0,500,3.774758283725532e-15
driven_dt1e-3,499,1,-1.7527488199044507,0.0,1,0.15619451684227426,0.4501037570688684,0.0,-1.5965543030621765,0.0,500,3.774758283725532e-15
driven_dt1e-3,499,2,-2.2396104765324987,0.0,1,0.11603482943027554,0.30794851995511413,0.0,-2.355645305962774,0.0,500,3.774758283725532e-15
driven_dt1e-3,499,3,-2.3174426658637897,0.0,1,0.03820264009898455,0.30794851995511413,0.0,-2.355645305962774,0.0,500,3.774758283725532e-15
driven_dt1e-3,499,4,-2.6524200481523486,3.060159041643113,1,0.49868110744061256,0.07804710010588459,0.2825982109152675,-2.453953496058532,2.6026725668504826,500,3.774758283725532e-15
driven_dt1e-3,499,5,-2.7189907205137063,0.0,1,0.02591702672569607,0.26013960574578177,0.0,-2.69307369378801,0.0,500,3.774758283725532e-15
driven_dt1e-3,499,6,-2.9604741803555354,5.370695425996387,1,0.24534844094225772,-0.22545133280860286,0.12100714791631398,-2.726147473668868,5.297984683968974,500,3.774758283725532e-15
