case,dictionary,tau,cutoff,rank,eigen_index,mu_real,mu_imag,mu_abs,lambda_real,lambda_imag,gram_kept,gram_condition,trivial_error
equilibrium_dt2p5e-4,D1,0.1,1e-10,0,0,0.9999999999999991,0.0,0.9999999999999991,-8.881784197001255e-15,0.0,90,105.81463572351129,8.881784197001252e-16
equilibrium_dt2p5e-4,D1,0.1,1e-10,1,1,0.8437860718278801,0.0,0.8437860718278801,-1.6985628591322337,0.0,90,105.81463572351129,8.881784197001252e-16
equilibrium_dt2p5e-4,D1,0.1,1e-10,2,6,0.7881733991770109,0.0,0.7881733991770109,-2.3803716361462683,0.0,90,105.81463572351129,8.881784197001252e-16
equilibrium_dt2p5e-4,D1,0.1,1e-10,3,2,0.6650136046059927,0.3302204271252488,0.7424881310848257,-2.977483935039868,4.608933579525888,90,105.81463572351129,8.881784197001252e-16
equilibrium_dt2p5e-4,D1,0.1,1e-10,4,7,0.7320038875125686,0.0,0.7320038875125686,-3.1196945422540785,0.0,90,105.81463572351129,8.881784197001252e-16
equilibrium_dt2p5e-4,D1,0.1,1e-10,5,4,0.37149190155273526,0.5091041106256716,0.6302326779652284,-4.616661976785961,9.40416058424215,90,105.81463572351129,8.881784197001252e-16
equilibrium_dt2p5e-4,D1,0.1,1e-10,6,8,0.6073750838640788,0.0,0.6073750838640788,-4.986087481798024,0.0,90,105.81463572351129,8.881784197001252e-16
equilibrium_dt2p5e-4,D1,0.1,1e-10,7,11,0.44209621349073314,0.2992787192983549,0.5338696599430496,-6.2760355231857705,5.95090704029402,90,105.81463572351129,8.881784197001252e-16
equilibrium_dt2p5e-4,D1,0.1,1e-10,8,13,0.47956303273815026,0.2209854200404794,0.5280295997758832,-6.3860293666559205,4.3180359630995415,90,105.81463572351129,8.881784197001252e-16
equilibrium_dt2p5e-4,D1,0.1,1e-10,9,17,0.5135085186172764,0.0,0.5135085186172764,-6.664886604282891,0.0,90,105.81463572351129,8.881784197001252e-16
equilibrium_dt2p5e-4,D1,0.1,1e-10,10,15,0.44166679453487223,0.2361141731593792,0.5008187897448002,-6.915109404416189,4.9094139035453255,90,105.81463572351129,8.881784197001252e-16
equilibrium_dt2p5e-4,D1,0.1,1e-10,11,18,0.4804084253400574,0.09275463480489964,0.4892807756447251,-7.148187709648898,1.9072768011168175,90,105.81463572351129,8.881784197001252e-16
equilibrium_dt2p5e-4,D1,0.1,1e-10,12,20,0.48513500109821905,0.0,0.48513500109821905,-7.233280739977683,0.0,90,105.81463572351129,8.881784197001252e-16
equilibrium_dt2p5e-4,D1,0.1,1e-10,13,23,0.46616888312312743,0.0,0.46616888312312743,-7.6320730037571565,0.0,90,105.81463572351129,8.881784197001252e-16
equilibrium_dt2p5e-4,D1,0.1,1e-10,14,28,0.4093877328990135,0.0,0.4093877328990135,-8.930925698115516,0.0,90,105.81463572351129,8.881784197001252e-16
equilibrium_dt2p5e-4,D1,0.1,1e-10,15,24,0.29046022664800836,0.2639397946891869,0.392468289782732,-9.35299535385857,7.375983263038202,90,105.81463572351129,8.881784197001252e-16
equilibrium_dt2p5e-4,D1,0.1,1e-10,16,29,0.36779288136417626,0.11631969251478845,0.38574846007326846,-9.525697797798397,3.063104192540653,90,105.81463572351129,8.881784197001252e-16
equilibrium_dt2p5e-4,D1,0.1,1e-10,17,26,0.2873430578111136,0.24817203316702646,0.3796780095271474,-9.684317288096176,7.123817564445034,90,105.81463572351129,8.881784197001252e-16
equilibrium_dt2p5e-4,D1,0.1,1e-10,18,9,0.0036216191554039106,0.3696319761299045,0.3696497178451582,-9.95199430282016,15.609987348510142,90,105.81463572351129,8.881784197001252e-16
equilibrium_dt2p5e-4,D1,0.1,1e-10,19,35,0.3351025938366996,0.1094955287546241,0.35253796847054475,-10.425969505571553,3.1581593809211106,90,105.81463572351129,8.881784197001252e-16
equilibrium_dt2p5e-4,D1,0.1,1e-10,20,33,0.30816401586180553,0.1413261408694352,0.33902527747223005,-10.816806095666664,4.299883224398371,90,105.81463572351129,8.881784197001252e-16
equilibrium_dt2p5e-4,D1,0.1,1e-10,21,21,0.12054433280487131,0.31614205522531347,0.33834410775637386,-10.836918310960774,12.065155887409098,90,105.81463572351129,8.881784197001252e-16
equilibrium_dt2p5e-4,D1,0.1,1e-10,22,31,0.24433575304788638,0.20444745953002813,0.3185886437488948,-11.438545263696616,6.967501244970632,90,105.81463572351129,8.881784197001252e-16
equilibrium_dt2p5e-4,D1,0.1,1e-10,23,37,0.3162945228085793,0.006594859542793636,0.3163632679864969,-11.508641434231636,0.20847354719972636,90,105.81463572351129,8.881784197001252e-16
equilibrium_dt2p5e-4,D1,0.1,1e-10,24,41,0.2507742281566349,0.07383406900715826,0.2614176414355194,-13.41635991792585,2.863338118584449,90,105.81463572351129,8.881784197001252e-16
equilibrium_dt2p5e-4,D1,0.1,1e-10,25,43,0.19956773690022528,0.12629029958997698,0.2361705345338484,-14.432011309520789,5.642023757555503,90,105.81463572351129,8.881784197001252e-16
equilibrium_dt2p5e-4,D1,0.1,1e-10,26,39,0.0947414784929349,0.2112773119465583,0.23154708007312585,-14.629720564863193,11.492551114992214,90,105.81463572351129,8.881784197001252e-16
equilibrium_dt2p5e-4,D1,0.1,1e-10,27,47,0.2286444791344906,0.002073287956138922,0.22865387895601416,-14.755458644209899,0.0906748827794631,90,105.81463572351129,8.881784197001252e-16
equilibrium_dt2p5e-4,D1,0.1,1e-10,28,45,0.1801132529809925,0.12775548718132787,0.22082175709004184,-15.103994318882226,6.169446164089843,90,105.81463572351129,8.881784197001252e-16
equilibrium_dt2p5e-4,D1,0.1,1e-10,29,53,0.17803937198700054,0.014126496147382973,0.17859892460742194,-17.226126317929058,0.7917890614505928,90,105.81463572351129,8.881784197001252e-16
equilibrium_dt2p5e-4,D1,0.1,1e-10,30,51,0.16091654507326553,0.0664357208979231,0.17409146874428694,-17.48174435451787,3.9154168395727003,90,105.81463572351129,8.881784197001252e-16
equilibrium_dt2p5e-4,D1,0.1,1e-10,31,57,0.1261282063740471,0.06550468208281977,0.1421238467601602,-19.510564412088417,4.790074941498173,90,105.81463572351129,8.881784197001252e-16
equilibrium_dt2p5e-4,D1,0.1,1e-10,32,49,0.001816209010626267,0.12201481998392773,0.1220283365078807,-21.0350199476052,15.559122750794327,90,105.81463572351129,8.881784197001252e-16
equilibrium_dt2p5e-4,D1,0.1,1e-10,33,63,0.11233121979305685,0.03797875550984646,0.11857777536398943,-21.321862015131586,3.260309677556437,90,105.81463572351129,8.881784197001252e-16
equilibrium_dt2p5e-4,D1,0.1,1e-10,34,61,0.10100407982094617,0.05228979211931167,0.11373674208608621,-21.738687810332685,4.777069783537698,90,105.81463572351129,8.881784197001252e-16
equilibrium_dt2p5e-4,D1,0.1,1e-10,35,59,0.07725891947860059,0.08024980008399767,0.1113955611885971,-21.94667797986611,8.043845485197426,90,105.81463572351129,8.881784197001252e-16
equilibrium_dt2p5e-4,D1,0.1,1e-10,36,55,0.04956477579168596,0.09636915453627201,0.10836826539774444,-22.222199874709485,10.957568791867939,90,105.81463572351129,8.881784197001252e-16
equilibrium_dt2p5e-4,D1,0.1,1e-10,37,66,0.07650113706042687,0.04679870677836262,0.08968022595681492,-24.11504980631588,5.49006222111384,90,105.81463572351129,8.881784197001252e-16
equilibrium_dt2p5e-4,D1,0.1,1e-10,38,65,0.08707958383263302,0.0,0.08707958383263302,-24.409328217655542,0.0,90,105.81463572351129,8.881784197001252e-16
equilibrium_dt2p5e-4,D1,0.1,1e-10,39,70,0.07690592925869713,0.023497096491430856,0.08041539341861943,-25.20549660692836,2.965227676835316,90,105.81463572351129,8.881784197001252e-16
equilibrium_dt2p5e-4,D1,0.1,1e-10,40,68,0.0294714511926119,0.04489126903206722,0.05370095409495015,-29.24324510493864,9.898600643564624,90,105.81463572351129,8.881784197001252e-16
equilibrium_dt2p5e-4,D1,0.1,1e-10,41,80,0.04250374316552102,0.01662937193139731,0.04564103629315749,-30.86948048436274,3.729361502367004,90,105.81463572351129,8.881784197001252e-16
equilibrium_dt2p5e-4,D1,0.1,1e-10,42,77,0.021343543604238367,0.02246154821094658,0.03098496412163006,-34.74253220495796,8.109148762864862,90,105.81463572351129,8.881784197001252e-16
equilibrium_dt2p5e-4,D1,0.1,1e-10,43,72,0.010376677648037031,0.0266870876930962,0.028633478457048805,-35.53178670324262,11.999582313946693,90,105.81463572351129,8.881784197001252e-16
equilibrium_dt2p5e-4,D1,0.1,1e-10,44,86,0.024807929742609296,0.0,0.024807929742609296,-36.96591929233739,0.0,90,105.81463572351129,8.881784197001252e-16
equilibrium_dt2p5e-4,D1,0.1,1e-10,45,87,0.019110819065599745,0.0,0.019110819065599745,-39.57500661072842,0.0,90,105.81463572351129,8.881784197001252e-16
equilibrium_dt2p5e-4,D1,0.1,1e-10,46,74,-0.014299860214757466,0.0,0.014299860214757466,-42.47505516955839,31.41592653589793,90,105.81463572351129,8.881784197001252e-16
equilibrium_dt2p5e-4,D1,0.1,1e-10,47,89,0.013859636759876452,0.0,0.013859636759876452,-42.78774493364932,0.0,90,105.81463572351129,8.881784197001252e-16
equilibrium_dt2p5e-4,D1,0.1,1e-10,48,82,0.008735823700789931,0.008795866869255946,0.012396849991548558,-43.903128715826114,7.888229862044065,90,105.81463572351129,8.881784197001252e-16
equilibrium_dt2p5e-4,D1,0.1,1e-10,49,75,-0.007242957330867957,0.0082784987054069,0.010999725983505116,-45.098849170844844,22.895764473761254,90,105.81463572351129,8.881784197001252e-16
equilibrium_dt2p5e-4,D1,0.1,1e-10,50,79,-0.008646416944668004,0.0,0.008646416944668004,-47.506102699036,31.41592653589793,90,105.81463572351129,8.881784197001252e-16
equilibrium_dt2p5e-4,D1,0.1,1e-10,51,88,0.005192313162706955,0.0,0.005192313162706955,-52.60575985007368,0.0,90,105.81463572351129,8.881784197001252e-16
equilibrium_dt2p5e-4,D1,0.1,1e-10,52,84,-0.0006063770793239828,0.0018313411138164096,0.0019291198608390853,-62.506914107322686,18.90545396256409,90,105.81463572351129,8.881784197001252e-16
equilibrium_dt2p5e-4,D1,0.25,1e-10,0,0,0.9999999999999999,0.0,0.9999999999999999,-4.440892098500626e-16,0.0,90,105.81463572351129,1.1102230246251565e-16
equilibrium_dt2p5e-4,D1,0.25,1e-10,1,1,0.7243800778976042,0.0,0.7243800778976042,-1.2897562194914316,0.0,90,105.81463572351129,1.1102230246251565e-16
equilibrium_dt2p5e-4,D1,0.25,1e-10,2,2,0.5555951839067919,0.0,0.5555951839067919,-2.350861345655323,0.0,90,105.81463572351129,1.1102230246251565e-16
equilibrium_dt2p5e-4,D1,0.25,1e-10,3,3,0.4548104228392546,0.0,0.4548104228392546,-3.1514983998229877,0.0,90,105.81463572351129,1.1102230246251565e-16
equilibrium_dt2p5e-4,D1,0.25,1e-10,4,4,0.16432445009161872,0.381880715705099,0.41573477834474176,-3.5108310963980753,4.657770028191437,90,105.81463572351129,1.1102230246251565e-16
equilibrium_dt2p5e-4,D1,0.25,1e-10,5,6,0.33319586147839736,0.0,0.33319586147839736,-4.3960991571984245,0.0,90,105.81463572351129,1.1102230246251565e-16
equilibrium_dt2p5e-4,D1,0.25,1e-10,6,7,-0.11700868408160969,0.23447158542229476,0.2620457145632311,-5.3569452295026885,8.13467502994655,90,105.81463572351129,1.1102230246251565e-16
equilibrium_dt2p5e-4,D1,0.25,1e-10,7,9,-0.2574814080402544,0.0,0.2574814080402544,-5.427231053081762,12.566370614359172,90,105.81463572351129,1.1102230246251565e-16
equilibrium_dt2p5e-4,D1,0.25,1e-10,8,12,0.22426685336775926,0.010861125024189832,0.22452969860636948,-5.974989171080624,0.19356664640611806,90,105.81463572351129,1.1102230246251565e-16
equilibrium_dt2p5e-4,D1,0.25,1e-10,9,14,0.21319050571045833,0.0,0.21319050571045833,-6.182276479987856,0.0,90,105.81463572351129,1.1102230246251565e-16
equilibrium_dt2p5e-4,D1,0.25,1e-10,10,10,0.07199383784631619,0.19497717756094163,0.20784420236675505,-6.2838660280986804,4.86833183825544,90,105.81463572351129,1.1102230246251565e-16
equilibrium_dt2p5e-4,D1,0.25,1e-10,11,15,0.07403770060091842,0.1643029672306355,0.18021389000591082,-6.8544434228984095,4.589717879687292,90,105.81463572351129,1.1102230246251565e-16
equilibrium_dt2p5e-4,D1,0.25,1e-10,12,17,0.16781705596188407,0.0,0.16781705596188407,-7.139523382105549,0.0,90,105.81463572351129,1.1102230246251565e-16
equilibrium_dt2p5e-4,D1,0.25,1e-10,13,18,0.1386358537288688,0.016925579106911105,0.1396652253327098,-7.874027870379568,0.4859415540467265,90,105.81463572351129,1.1102230246251565e-16
equilibrium_dt2p5e-4,D1,0.25,1e-10,14,22,0.11679795111753873,0.0,0.11679795111753873,-8.589239002175056,0.0,90,105.81463572351129,1.1102230246251565e-16
equilibrium_dt2p5e-4,D1,0.25,1e-10,15,20,0.0733993765085675,0.0895422859288494,0.11578121367998469,-8.624211830987457,3.5365905377294617,90,105.81463572351129,1.1102230246251565e-16
equilibrium_dt2p5e-4,D1,0.25,1e-10,16,23,0.014960533841953855,0.10565384741970883,0.10670779281488002,-8.950644354100886,5.7205278448730335,90,105.81463572351129,1.1102230246251565e-16
equilibrium_dt2p5e-4,D1,0.25,1e-10,17,25,0.08964182405781715,0.05718961824954631,0.10633112928931718,-8.964788771067584,2.2715130793438703,90,105.81463572351129,1.1102230246251565e-16
equilibrium_dt2p5e-4,D1,0.25,1e-10,18,30,0.0625004950636056,0.0715637031683905,0.09501408050583499,-9.414920730054341,3.411595800526806,90,105.81463572351129,1.1102230246251565e-16
equilibrium_dt2p5e-4,D1,0.25,1e-10,19,27,-0.059525952157517895,0.06622480282751175,0.08904528898151726,-9.674440694867991,9.211895746044156,90,105.81463572351129,1.1102230246251565e-16
equilibrium_dt2p5e-4,D1,0.25,1e-10,20,32,0.048676409549224156,0.07071445620399516,0.08584827990606772,-9.820694911512767,3.8717237245838696,90,105.81463572351129,1.1102230246251565e-16
equilibrium_dt2p5e-4,D1,0.25,1e-10,21,29,-0.07573132294892226,0.0,0.07573132294892226,-10.322253706897595,12.566370614359172,90,105.81463572351129,1.1102230246251565e-16
equilibrium_dt2p5e-4,D1,0.25,1e-10,22,39,0.05826282826424114,0.0,0.05826282826424114,-11.371163932282382,0.0,90,105.81463572351129,1.1102230246251565e-16
equilibrium_dt2p5e-4,D1,0.25,1e-10,23,34,-0.0006186129739757062,0.057192035335015386,0.057195380825493414,-11.445128554625182,6.326449292955961,90,105.81463572351129,1.1102230246251565e-16
equilibrium_dt2p5e-4,D1,0.25,1e-10,24,36,-0.053664950652862954,0.012411183986174764,0.05508143440863624,-11.595770252733722,11.657267205423498,90,105.81463572351129,1.1102230246251565e-16
equilibrium_dt2p5e-4,D1,0.25,1e-10,25,38,-0.05391628950672172,0.0,0.05391628950672172,-11.681290518129,12.566370614359172,90,105.81463572351129,1.1102230246251565e-16
equilibrium_dt2p5e-4,D1,0.25,1e-10,26,42,0.04505911701980822,0.02936368017090365,0.05378242965675585,-11.691233805843893,2.310193592705502,90,105.81463572351129,1.1102230246251565e-16
equilibrium_dt2p5e-4,D1,0.25,1e-10,27,40,0.037531139134954844,0.0379672487970024,0.05338631272134103,-11.720803527801298,3.1646980376143086,90,105.81463572351129,1.1102230246251565e-16
equilibrium_dt2p5e-4,D1,0.25,1e-10,28,44,0.02267709038868445,0.04632180511028532,0.05157480060234668,-11.858888344804182,4.462156985192936,90,105.81463572351129,1.1102230246251565e-16
equilibrium_dt2p5e-4,D1,0.25,1e-10,29,46,0.04595506757548252,0.0,0.04595506757548252,-12.320364606809651,0.0,90,105.81463572351129,1.1102230246251565e-16
equilibrium_dt2p5e-4,D1,0.25,1e-10,30,47,-0.033797642649596914,0.017765319721206513,0.038182289526252106,-13.06153398337646,10.630583061603941,90,105.81463572351129,1.1102230246251565e-16
equilibrium_dt2p5e-4,D1,0.25,1e-10,31,53,0.02467588534828858,0.02669510748657025,0.03635282769526219,-13.257933148947593,3.2987383952903944,90,105.81463572351129,1.1102230246251565e-16
equilibrium_dt2p5e-4,D1,0.25,1e-10,32,49,-0.0032476648638225113,0.03620458284339751,0.036349953864236756,-13.258249376851428,6.64104008473886,90,105.81463572351129,1.1102230246251565e-16
equilibrium_dt2p5e-4,D1,0.25,1e-10,33,51,-0.026618035945536134,0.023176640436452154,0.03529414256669856,-13.376153047063987,9.700785937036889,90,105.81463572351129,1.1102230246251565e-16
equilibrium_dt2p5e-4,D1,0.25,1e-10,34,55,0.018461980068921843,0.025965253723918384,0.03185967841979459,-13.785656272367337,3.8108335397519664,90,105.81463572351129,1.1102230246251565e-16
equilibrium_dt2p5e-4,D1,0.25,1e-10,35,60,0.03006852434987647,0.0,0.03006852434987647,-14.01710542807081,0.0,90,105.81463572351129,1.1102230246251565e-16
equilibrium_dt2p5e-4,D1,0.25,1e-10,36,59,-0.02667013193585255,0.0,0.02667013193585255,-14.496843975297407,12.566370614359172,90,105.81463572351129,1.1102230246251565e-16
equilibrium_dt2p5e-4,D1,0.25,1e-10,37,63,0.024290101926044978,0.010621463602664008,0.026510838173101396,-14.520806567753658,1.6488875774443454,90,105.81463572351129,1.1102230246251565e-16
equilibrium_dt2p5e-4,D1,0.25,1e-10,38,57,-0.008312564375121009,0.024830292391523123,0.026184769365779452,-14.570309436659992,7.57537574745841,90,105.81463572351129,1.1102230246251565e-16
equilibrium_dt2p5e-4,D1,0.25,1e-10,39,69,0.025374947348760397,0.0020215025027569295,0.025455341783622052,-14.68331865897609,0.3179895758675186,90,105.81463572351129,1.1102230246251565e-16
equilibrium_dt2p5e-4,D1,0.25,1e-10,40,61,-0.01209273421952918,0.01968558370585031,0.023103169192649983,-15.071141905510721,8.48663925172131,90,105.81463572351129,1.1102230246251565e-16
equilibrium_dt2p5e-4,D1,0.25,1e-10,41,65,-0.01929915451232094,0.009981853506457892,0.021727741813516274,-15.3166616413545,10.65706557730736,90,105.81463572351129,1.1102230246251565e-16
equilibrium_dt2p5e-4,D1,0.25,1e-10,42,67,0.0003154023155908733,0.019357593889856247,0.01936016321794008,-15.778151065962083,6.21801720599166,90,105.81463572351129,1.1102230246251565e-16
equilibrium_dt2p5e-4,D1,0.25,1e-10,43,71,-0.018210239284972556,0.001497945676066549,0.01827174474603901,-16.00959766113746,12.238076029694527,90,105.81463572351129,1.1102230246251565e-16
equilibrium_dt2p5e-4,D1,0.25,1e-10,44,73,0.0058616439118358375,0.015292661767344395,0.016377556999734703,-16.447373427983294,4.819083100251172,90,105.81463572351129,1.1102230246251565e-16
equilibrium_dt2p5e-4,D1,0.25,1e-10,45,81,0.013642290843287996,0.005536865175123962,0.01472307628929362,-16.873356801887017,1.5421927467085528,90,105.81463572351129,1.1102230246251565e-16
equilibrium_dt2p5e-4,D1,0.25,1e-10,46,77,0.00901740999861479,0.010982988161309154,0.014210549322055606,-17.015082720768177,3.5334421519099064,90,105.81463572351129,1.1102230246251565e-16
equilibrium_dt2p5e-4,D1,0.25,1e-10,47,75,-0.011085657341382206,0.008462522823102,0.013946544060162842,-17.090094156118127,9.958343332091614,90,105.81463572351129,1.1102230246251565e-16
equilibrium_dt2p5e-4,D1,0.25,1e-10,48,79,0.01301773242545382,0.0,0.01301773242545382,-17.365771272963688,0.0,90,105.81463572351129,1.1102230246251565e-16
equilibrium_dt2p5e-4,D1,0.25,1e-10,49,80,-0.012160422543671074,0.0,0.012160422543671074,-17.638274617562704,12.566370614359172,90,105.81463572351129,1.1102230246251565e-16
equilibrium_dt2p5e-4,D1,0.25,1e-10,50,83,0.008459583437827366,0.0,0.008459583437827366,-19.089821382415135,0.0,90,105.81463572351129,1.1102230246251565e-16
equilibrium_dt2p5e-4,D1,0.25,1e-10,51,84,-0.006795511558466003,0.002257117841116918,0.00716055572493737,-19.756670743227083,11.283635910758138,90,105.81463572351129,1.1102230246251565e-16
equilibrium_dt2p5e-4,D1,0.25,1e-10,52,88,0.0028444703072718126,0.0,0.0028444703072718126,-23.449513649895714,0.0,90,105.81463572351129,1.1102230246251565e-16
equilibrium_dt2p5e-4,D1,0.25,1e-10,53,86,-0.0010617276430877813,0.002629350737926211,0.0028356217821017397,-23.461976169430503,7.818291595768917,90,105.81463572351129,1.1102230246251565e-16
equilibrium_dt2p5e-4,D1,0.25,1e-10,54,89,0.0011901102664390712,0.0,0.0011901102664390712,-26.934837261113135,0.0,90,105.81463572351129,1.1102230246251565e-16
equilibrium_dt2p5e-4,D1,0.5,1e-10,0,0,1.000000000000002,0.0,1.000000000000002,3.9968028886505596e-15,0.0,90,105.81463572351129,1.9984014443252818e-15
equilibrium_dt2p5e-4,D1,0.5,1e-10,1,1,0.5734693980041701,0.0,0.5734693980041701,-1.1121014077977727,0.0,90,105.81463572351129,1.9984014443252818e-15
equilibrium_dt2p5e-4,D1,0.5,1e-10,2,2,0.33848716430168546,0.0,0.33848716430168546,-2.166538213387717,0.0,90,105.81463572351129,1.9984014443252818e-15
equilibrium_dt2p5e-4,D1,0.5,1e-10,3,3,0.24668449488489128,0.0,0.24668449488489128,-2.799290215006972,0.0,90,105.81463572351129,1.9984014443252818e-15
equilibrium_dt2p5e-4,D1,0.5,1e-10,4,4,0.16161661580767334,0.0,0.16161661580767334,-3.6450566351775575,0.0,90,105.81463572351129,1.9984014443252818e-15
equilibrium_dt2p5e-4,D1,0.5,1e-10,5,5,-0.09558619187508571,0.10654465176786394,0.14313798551578158,-3.88789236058934,4.6040656576826064,90,105.81463572351129,1.9984014443252818e-15
equilibrium_dt2p5e-4,D1,0.5,1e-10,6,8,0.09713795637961622,0.0,0.09713795637961622,-4.663246160346511,0.0,90,105.81463572351129,1.9984014443252818e-15
equilibrium_dt2p5e-4,D1,0.5,1e-10,7,7,-0.09346632042302201,0.0,0.09346632042302201,-4.740308233915843,6.283185307179586,90,105.81463572351129,1.9984014443252818e-15
equilibrium_dt2p5e-4,D1,0.5,1e-10,8,9,0.08446286044166011,0.0,0.08446286044166011,-4.942886725274646,0.0,90,105.81463572351129,1.9984014443252818e-15
equilibrium_dt2p5e-4,D1,0.5,1e-10,9,10,0.06972263893074865,0.0,0.06972263893074865,-5.326460417268563,0.0,90,105.81463572351129,1.9984014443252818e-15
equilibrium_dt2p5e-4,D1,0.5,1e-10,10,11,0.05841805040121476,0.0,0.05841805040121476,-5.680260709382882,0.0,90,105.81463572351129,1.9984014443252818e-15
equilibrium_dt2p5e-4,D1,0.5,1e-10,11,12,-0.05284727434286943,0.01812869006408094,0.05587024081664596,-5.769446810434117,5.6222646877808735,90,105.81463572351129,1.9984014443252818e-15
equilibrium_dt2p5e-4,D1,0.5,1e-10,12,14,-0.03563705608471862,0.040435436878622694,0.053898277541591814,-5.841313516269091,4.586403040224597,90,105.81463572351129,1.9984014443252818e-15
equilibrium_dt2p5e-4,D1,0.5,1e-10,13,18,-0.04320047943260827,0.023184243700226943,0.049028467028438924,-6.030708379598484,5.29808801741327,90,105.81463572351129,1.9984014443252818e-15
equilibrium_dt2p5e-4,D1,0.5,1e-10,14,16,0.042028217734294604,0.024183787772264206,0.04848944913004469,-6.052818096830367,1.0442965357154785,90,105.81463572351129,1.9984014443252818e-15
equilibrium_dt2p5e-4,D1,0.5,1e-10,15,20,-0.01478836982911505,0.042057246423066755,0.04458147439120023,-6.220873757283483,3.817835747318086,90,105.81463572351129,1.9984014443252818e-15
equilibrium_dt2p5e-4,D1,0.5,1e-10,16,22,0.023742334440851325,0.03496143113767627,0.042261094542092904,-6.327776733876256,1.9484696663033543,90,105.81463572351129,1.9984014443252818e-15
equilibrium_dt2p5e-4,D1,0.5,1e-10,17,24,0.03423766102259808,0.0,0.03423766102259808,-6.748858082595626,0.0,90,105.81463572351129,1.9984014443252818e-15
equilibrium_dt2p5e-4,D1,0.5,1e-10,18,25,-0.02941111595722653,0.016324767892555436,0.03363795161116732,-6.784200674389733,5.269754452582519,90,105.81463572351129,1.9984014443252818e-15
equilibrium_dt2p5e-4,D1,0.5,1e-10,19,27,-0.03316859870572901,0.0,0.03316859870572901,-6.812303345496533,6.283185307179586,90,105.81463572351129,1.9984014443252818e-15
equilibrium_dt2p5e-4,D1,0.5,1e-10,20,28,0.021467254720450885,0.023747882843115468,0.03201257510359107,-6.8832529627769174,1.6715898712728665,90,105.81463572351129,1.9984014443252818e-15
equilibrium_dt2p5e-4,D1,0.5,1e-10,21,30,-0.0009340525220501996,0.031009549055811554,0.03102361337366638,-6.946013285457155,3.201817340180685,90,105.81463572351129,1.9984014443252818e-15
equilibrium_dt2p5e-4,D1,0.5,1e-10,22,32,-0.0033865122025368817,0.03011577666174834,0.030305584779677774,-6.992846534579936,3.3655513763006857,90,105.81463572351129,1.9984014443252818e-15
equilibrium_dt2p5e-4,D1,0.5,1e-10,23,34,0.028488574463343852,0.0,0.028488574463343852,-7.116504336221698,0.0,90,105.81463572351129,1.9984014443252818e-15
equilibrium_dt2p5e-4,D1,0.5,1e-10,24,35,0.009541790376757378,0.02641623073424911,0.028086705214372634,-7.144917877289221,2.448341061242656,90,105.81463572351129,1.9984014443252818e-15
equilibrium_dt2p5e-4,D1,0.5,1e-10,25,37,-0.016289789769011763,0.021463676124556748,0.026945252708009026,-7.227896297960175,4.439997768336149,90,105.81463572351129,1.9984014443252818e-15
equilibrium_dt2p5e-4,D1,0.5,1e-10,26,39,-0.023966723500515687,0.011784976480720199,0.026707480337937142,-7.2456231806891065,5.36917793831662,90,105.81463572351129,1.9984014443252818e-15
equilibrium_dt2p5e-4,D1,0.5,1e-10,27,41,0.022742581567430437,0.010498356410038724,0.025048762517606092,-7.37386170633255,0.8649446147547052,90,105.81463572351129,1.9984014443252818e-15
equilibrium_dt2p5e-4,D1,0.5,1e-10,28,43,-0.024096715844521267,0.0,0.024096715844521267,-7.451359439565935,6.283185307179586,90,105.81463572351129,1.9984014443252818e-15
equilibrium_dt2p5e-4,D1,0.5,1e-10,29,46,-0.0064066949319147625,0.021526033839260952,0.022459204634172374,-7.592109485693717,3.7201463784511026,90,105.81463572351129,1.9984014443252818e-15
equilibrium_dt2p5e-4,D1,0.5,1e-10,30,44,0.010463039491601621,0.019223755024039172,0.02188670721298858,-7.643751606040805,2.1447158386128944,90,105.81463572351129,1.9984014443252818e-15
equilibrium_dt2p5e-4,D1,0.5,1e-10,31,48,-0.00018272738909903466,0.020551939114609976,0.02055275141360306,-7.769520916524765,3.159374194635023,90,105.81463572351129,1.9984014443252818e-15
equilibrium_dt2p5e-4,D1,0.5,1e-10,32,50,0.006580245828740129,0.019373013418264036,0.020460041155161205,-7.778563013933949,2.4867244917502855,90,105.81463572351129,1.9984014443252818e-15
equilibrium_dt2p5e-4,D1,0.5,1e-10,33,56,-0.020195499732436988,0.0023688856640787887,0.020333957527553275,-7.7909260117434425,6.049657025275933,90,105.81463572351129,1.9984014443252818e-15
equilibrium_dt2p5e-4,D1,0.5,1e-10,34,52,0.015281153441184263,0.011862042238418873,0.019344810584729207,-7.890662164621133,1.320184910124329,90,105.81463572351129,1.9984014443252818e-15
equilibrium_dt2p5e-4,D1,0.5,1e-10,35,54,-0.009723174550025668,0.01667395426960883,0.019301836034825118,-7.895110112515813,4.197446302745876,90,105.81463572351129,1.9984014443252818e-15
equilibrium_dt2p5e-4,D1,0.5,1e-10,36,60,0.01761943663861013,0.0032567460626342516,0.017917894473918543,-8.04391074842723,0.36555075388296304,90,105.81463572351129,1.9984014443252818e-15
equilibrium_dt2p5e-4,D1,0.5,1e-10,37,58,0.017180283253078348,0.004680805503104933,0.01780651770599467,-8.056381450894753,0.531991953613868,90,105.81463572351129,1.9984014443252818e-15
equilibrium_dt2p5e-4,D1,0.5,1e-10,38,64,-0.014208654532135538,0.009164788616284496,0.016907963035054034,-8.159941165039973,5.137460290597413,90,105.81463572351129,1.9984014443252818e-15
equilibrium_dt2p5e-4,D1,0.5,1e-10,39,68,-0.015602400586211394,0.005274831764782445,0.016469934857168304,-8.21243738008433,5.631155600445663,90,105.81463572351129,1.9984014443252818e-15
equilibrium_dt2p5e-4,D1,0.5,1e-10,40,62,-0.005999402422031544,0.014647264810259516,0.015828303631259564,-8.291911144940245,3.9190884376137554,90,105.81463572351129,1.9984014443252818e-15
equilibrium_dt2p5e-4,D1,0.5,1e-10,41,73,-0.014895879327375723,0.0016703951498829009,0.014989244173489593,-8.400844780375182,6.059842225358243,90,105.81463572351129,1.9984014443252818e-15
equilibrium_dt2p5e-4,D1,0.5,1e-10,42,66,0.01242405466021752,0.007612884913833333,0.01457096945681185,-8.45744824623083,1.099488897451344,90,105.81463572351129,1.9984014443252818e-15
equilibrium_dt2p5e-4,D1,0.5,1e-10,43,70,0.014105492305503235,0.0,0.014105492305503235,-8.52238206446054,0.0,90,105.81463572351129,1.9984014443252818e-15
equilibrium_dt2p5e-4,D1,0.5,1e-10,44,71,0.0025582517531586853,0.012314637840833153,0.012577557679590236,-8.75168237934978,2.7319379305480265,90,105.81463572351129,1.9984014443252818e-15
equilibrium_dt2p5e-4,D1,0.5,1e-10,45,79,0.011537155498836328,0.0,0.011537155498836328,-8.924365077709504,0.0,90,105.81463572351129,1.9984014443252818e-15
equilibrium_dt2p5e-4,D1,0.5,1e-10,46,77,-0.001133199553284235,0.011075420399700537,0.011133242037145623,-8.99563973591519,3.345516260072794,90,105.81463572351129,1.9984014443252818e-15
equilibrium_dt2p5e-4,D1,0.5,1e-10,47,75,0.008284146317947919,0.007115375907721974,0.01092042373378251,-9.034241011916551,1.419293706446079,90,105.81463572351129,1.9984014443252818e-15
equilibrium_dt2p5e-4,D1,0.5,1e-10,48,82,-0.008444244280490083,0.005436241940722817,0.010042807770074226,-9.201797090883481,5.139203838314607,90,105.81463572351129,1.9984014443252818e-15
equilibrium_dt2p5e-4,D1,0.5,1e-10,49,84,-0.009627378643914693,0.0,0.009627378643914693,-9.286288595010076,6.283185307179586,90,105.81463572351129,1.9984014443252818e-15
equilibrium_dt2p5e-4,D1,0.5,1e-10,50,80,-0.001899982468525501,0.008857983700128903,0.009059459620333521,-9.40789161052171,3.564177178590976,90,105.81463572351129,1.9984014443252818e-15
equilibrium_dt2p5e-4,D1,0.5,1e-10,51,85,0.00899751281247191,0.0,0.00899751281247191,-9.421614188017111,0.0,90,105.81463572351129,1.9984014443252818e-15
equilibrium_dt2p5e-4,D1,0.5,1e-10,52,86,-0.006247984634479319,0.0,0.006247984634479319,-10.150992651436104,6.283185307179586,90,105.81463572351129,1.9984014443252818e-15
equilibrium_dt2p5e-4,D1,0.5,1e-10,53,89,0.0048714812318612095,0.0,0.0048714812318612095,-10.648714467493843,0.0,90,105.81463572351129,1.9984014443252818e-15
equilibrium_dt2p5e-4,D1,0.5,1e-10,54,88,0.0017313228534200456,0.0,0.0017313228534200456,-12.717739015032326,0.0,90,105.81463572351129,1.9984014443252818e-15
equilibrium_dt2p5e-4,D1,0.5,1e-10,55,87,-0.001724536586761112,0.0,0.001724536586761112,-12.725593819892637,6.283185307179586,90,105.81463572351129,1.9984014443252818e-15
equilibrium_dt2p5e-4,D1,1.0,1e-10,0,0,0.999999999999998,0.0,0.999999999999998,-1.9984014443252837e-15,0.0,90,105.81463572351129,1.9984014443252818e-15
equilibrium_dt2p5e-4,D1,1.0,1e-10,1,1,0.3624393373444987,0.0,0.3624393373444987,-1.0148981639477428,0.0,90,105.81463572351129,1.9984014443252818e-15
equilibrium_dt2p5e-4,D1,1.0,1e-10,2,2,0.13807441050401595,0.0,0.13807441050401595,-1.9799625325937085,0.0,90,105.81463572351129,1.9984014443252818e-15
equilibrium_dt2p5e-4,D1,1.0,1e-10,3,3,0.07171004766940424,0.0,0.07171004766940424,-2.6351244063353403,0.0,90,105.81463572351129,1.9984014443252818e-15
equilibrium_dt2p5e-4,D1,1.0,1e-10,4,5,0.047660243217333434,0.0,0.047660243217333434,-3.043657704149291,0.0,90,105.81463572351129,1.9984014443252818e-15
equilibrium_dt2p5e-4,D1,1.0,1e-10,5,4,-0.04559384526585537,0.0,0.04559384526585537,-3.087982543811383,3.141592653589793,90,105.81463572351129,1.9984014443252818e-15
equilibrium_dt2p5e-4,D1,1.0,1e-10,6,6,-0.03349144171267149,0.0,0.03349144171267149,-3.396465344052996,3.141592653589793,90,105.81463572351129,1.9984014443252818e-15
equilibrium_dt2p5e-4,D1,1.0,1e-10,7,9,0.0014374421999865448,0.030639768636975873,0.030673468375873515,-3.484357220328611,1.5239164358641308,90,105.81463572351129,1.9984014443252818e-15
equilibrium_dt2p5e-4,D1,1.0,1e-10,8,11,0.02765121281126257,0.013242840537801458,0.030658806164679163,-3.48483534417396,0.4466454221200525,90,105.81463572351129,1.9984014443252818e-15
equilibrium_dt2p5e-4,D1,1.0,1e-10,9,7,-0.011481343688553493,0.027982010368878405,0.03024589488143318,-3.498394810113136,1.9601602940837635,90,105.81463572351129,1.9984014443252818e-15
equilibrium_dt2p5e-4,D1,1.0,1e-10,10,13,0.029755368100676954,0.0,0.029755368100676954,-3.5147457229090127,0.0,90,105.81463572351129,1.9984014443252818e-15
equilibrium_dt2p5e-4,D1,1.0,1e-10,11,14,0.018232858012862514,0.022323662834574192,0.0288233071258132,-3.5465709439250013,0.8859249194486442,90,105.81463572351129,1.9984014443252818e-15
equilibrium_dt2p5e-4,D1,1.0,1e-10,12,18,0.008579446678493804,0.02472519417409416,0.026171399126828858,-3.6430881008646363,1.2368036735479648,90,105.81463572351129,1.9984014443252818e-15
equilibrium_dt2p5e-4,D1,1.0,1e-10,13,16,-0.0035034106295969876,0.02582793360200893,0.026064459330462912,-3.647182604101594,1.7056177173131717,90,105.81463572351129,1.9984014443252818e-15
equilibrium_dt2p5e-4,D1,1.0,1e-10,14,24,0.023991248857986647,0.009807144408056854,0.025918335270736937,-3.652804635226633,0.388052413583409,90,105.81463572351129,1.9984014443252818e-15
equilibrium_dt2p5e-4,D1,1.0,1e-10,15,26,0.025156797466216033,0.0,0.025156797466216033,-3.6826271419679126,0.0,90,105.81463572351129,1.9984014443252818e-15
equilibrium_dt2p5e-4,D1,1.0,1e-10,16,22,-0.013578861613824957,0.0211352343717754,0.025121377642901777,-3.684036096413728,2.1418634265068452,90,105.81463572351129,1.9984014443252818e-15
equilibrium_dt2p5e-4,D1,1.0,1e-10,17,20,-0.024844976441756747,0.0036929002570714855,0.02511792918813425,-3.6841733775583325,2.994035290220521,90,105.81463572351129,1.9984014443252818e-15
equilibrium_dt2p5e-4,D1,1.0,1e-10,18,27,0.014382081182138485,0.020173407152253256,0.024775201618961747,-3.6979120607987244,0.9514499169687191,90,105.81463572351129,1.9984014443252818e-15
equilibrium_dt2p5e-4,D1,1.0,1e-10,19,33,0.018612501693714187,0.015608419387672639,0.024290903134300885,-3.717653355337696,0.6978376591865371,90,105.81463572351129,1.9984014443252818e-15
equilibrium_dt2p5e-4,D1,1.0,1e-10,20,31,-0.006399362689143241,0.022197630951848665,0.023101659306241803,-3.7678508325951046,1.8514760016546086,90,105.81463572351129,1.9984014443252818e-15
equilibrium_dt2p5e-4,D1,1.0,1e-10,21,29,-0.020489455605872786,0.009567644510597295,0.022613217650440512,-3.7892206918736475,2.704729119774418,90,105.81463572351129,1.9984014443252818e-15
equilibrium_dt2p5e-4,D1,1.0,1e-10,22,36,-0.017367349153244633,0.013323126920578498,0.02188905040317077,-3.8217687487825307,2.487214109032267,90,105.81463572351129,1.9984014443252818e-15
equilibrium_dt2p5e-4,D1,1.0,1e-10,23,38,0.0035997171419613018,0.021588897133150983,0.021886946861723423,-3.8218648535696467,1.4055770003936139,90,105.81463572351129,1.9984014443252818e-15
equilibrium_dt2p5e-4,D1,1.0,1e-10,24,35,0.021662818283855058,0.0,0.021662818283855058,-3.832157931198724,0.0,90,105.81463572351129,1.9984014443252818e-15
equilibrium_dt2p5e-4,D1,1.0,1e-10,25,40,0.010027941427896144,0.018637861107477137,0.021164344448693057,-3.8554373788556693,1.0771806960038885,90,105.81463572351129,1.9984014443252818e-15
equilibrium_dt2p5e-4,D1,1.0,1e-10,26,44,0.01327518822538127,0.015502437561194043,0.020409708296740093,-3.891744594435958,0.8626393570606965,90,105.81463572351129,1.9984014443252818e-15
equilibrium_dt2p5e-4,D1,1.0,1e-10,27,42,-0.013534527562339376,0.014445160993573295,0.01979510324464047,-3.922320682744769,2.32365974264018,90,105.81463572351129,1.9984014443252818e-15
equilibrium_dt2p5e-4,D1,1.0,1e-10,28,50,0.0028588374570419533,0.017981961049268504,0.01820779708759947,-4.005905365234789,1.4131322210231871,90,105.81463572351129,1.9984014443252818e-15
equilibrium_dt2p5e-4,D1,1.0,1e-10,29,60,0.017160148504520273,0.004777372341912768,0.017812747772044113,-4.027840911040517,0.27152370485924326,90,105.81463572351129,1.9984014443252818e-15
equilibrium_dt2p5e-4,D1,1.0,1e-10,30,46,-0.016907552909956804,0.005207215181684943,0.017691253074651296,-4.034684938121212,2.8428294719079634,90,105.81463572351129,1.9984014443252818e-15
equilibrium_dt2p5e-4,D1,1.0,1e-10,31,48,-0.017492952531246227,0.0006387582004463739,0.01750461082969488,-4.045290956773805,3.1050936961699085,90,105.81463572351129,1.9984014443252818e-15
equilibrium_dt2p5e-4,D1,1.0,1e-10,32,65,0.016206566499517128,0.0038651269746790896,0.016661092528212632,-4.094679066469651,0.23411807004336838,90,105.81463572351129,1.9984014443252818e-15
equilibrium_dt2p5e-4,D1,1.0,1e-10,33,54,-0.0018932039792192196,0.01628591349254525,0.01639558475912338,-4.110743202403406,1.6865248350546531,90,105.81463572351129,1.9984014443252818e-15
equilibrium_dt2p5e-4,D1,1.0,1e-10,34,52,-0.015165027027232544,0.005489807796311974,0.016128113168537146,-4.127191370219413,2.794263699221887,90,105.81463572351129,1.9984014443252818e-15
equilibrium_dt2p5e-4,D1,1.0,1e-10,35,56,-0.0055210906328135925,0.014801659034254325,0.015797833773719253,-4.147882451277843,1.9278166796274194,90,105.81463572351129,1.9984014443252818e-15
equilibrium_dt2p5e-4,D1,1.0,1e-10,36,62,-0.005049571583335681,0.014411260338447729,0.015270317538209472,-4.181844365062144,1.9078191652336327,90,105.81463572351129,1.9984014443252818e-15
equilibrium_dt2p5e-4,D1,1.0,1e-10,37,58,-0.0078989372136939,0.012972726846353722,0.015188312972018482,-4.187229030292204,2.1177254757067203,90,105.81463572351129,1.9984014443252818e-15
equilibrium_dt2p5e-4,D1,1.0,1e-10,38,71,0.012692678307856694,0.006812652340671023,0.014405426565762857,-4.240150298543724,0.4926048555257416,90,105.81463572351129,1.9984014443252818e-15
equilibrium_dt2p5e-4,D1,1.0,1e-10,39,73,0.008453564587225789,0.010506822550511002,0.01348540226831682,-4.306147492036944,0.893269783535996,90,105.81463572351129,1.9984014443252818e-15
equilibrium_dt2p5e-4,D1,1.0,1e-10,40,69,0.004796040387197222,0.012301992701484805,0.013203826256923115,-4.327248623444688,1.199062798205801,90,105.81463572351129,1.9984014443252818e-15
equilibrium_dt2p5e-4,D1,1.0,1e-10,41,67,-0.01038189273092096,0.007738820455056636,0.012948862448568695,-4.346747336504276,2.501032291873208,90,105.81463572351129,1.9984014443252818e-15
equilibrium_dt2p5e-4,D1,1.0,1e-10,42,64,0.011624479074808883,0.0,0.011624479074808883,-4.454642139281878,0.0,90,105.81463572351129,1.9984014443252818e-15
equilibrium_dt2p5e-4,D1,1.0,1e-10,43,75,-0.01029954805252643,0.00152929463530378,0.010412465230091763,-4.564751610741641,2.9941879037056958,90,105.81463572351129,1.9984014443252818e-15
equilibrium_dt2p5e-4,D1,1.0,1e-10,44,77,-0.004387705447225427,0.007923357772439724,0.00905712744095459,-4.704203268698524,2.0765281666295867,90,105.81463572351129,1.9984014443252818e-15
equilibrium_dt2p5e-4,D1,1.0,1e-10,45,81,0.008617643635543697,0.0022667221918878295,0.008910769401371777,-4.720494688660609,0.25720663798724613,90,105.81463572351129,1.9984014443252818e-15
equilibrium_dt2p5e-4,D1,1.0,1e-10,46,79,0.003281966840793112,0.008141515702419487,0.008778131024130855,-4.73549176140566,1.1876075202634464,90,105.81463572351129,1.9984014443252818e-15
equilibrium_dt2p5e-4,D1,1.0,1e-10,47,86,0.0060959019032864594,0.0031081575787186683,0.006842562644845699,-4.984592961834396,0.4715176137084977,90,105.81463572351129,1.9984014443252818e-15
equilibrium_dt2p5e-4,D1,1.0,1e-10,48,84,0.0007405574882587724,0.005512581321267216,0.005562101960320428,-5.191779191745357,1.4372563209619291,90,105.81463572351129,1.9984014443252818e-15
equilibrium_dt2p5e-4,D1,1.0,1e-10,49,83,0.0035201765641327512,0.0,0.0035201765641327512,-5.649244130365129,0.0,90,105.81463572351129,1.9984014443252818e-15
equilibrium_dt2p5e-4,D1,1.0,1e-10,50,88,-0.0022475651955943064,0.0,0.0022475651955943064,-6.097907783988365,3.141592653589793,90,105.81463572351129,1.9984014443252818e-15
equilibrium_dt2p5e-4,D1,1.0,1e-10,51,89,-0.0003325416244514139,0.0,0.0003325416244514139,-8.008745519383476,3.141592653589793,90,105.81463572351129,1.9984014443252818e-15
equilibrium_dt2p5e-4,D2,0.1,1e-10,0,0,0.9999999999999984,0.0,0.9999999999999984,-1.5543122344752204e-14,0.0,250,139.1528297732779,1.5543122344752192e-15
equilibrium_dt2p5e-4,D2,0.1,1e-10,1,1,0.8614887105294579,0.0,0.8614887105294579,-1.4909332753477242,0.0,250,139.1528297732779,1.5543122344752192e-15
equilibrium_dt2p5e-4,D2,0.1,1e-10,2,4,0.7644396174365821,0.0,0.7644396174365821,-2.6861223981072295,0.0,250,139.1528297732779,1.5543122344752192e-15
equilibrium_dt2p5e-4,D2,0.1,1e-10,3,2,0.6700236905478206,0.32653200353821443,0.7453555495399509,-2.9389392674441073,4.534716172494341,250,139.1528297732779,1.5543122344752192e-15
equilibrium_dt2p5e-4,D2,0.1,1e-10,4,7,0.6823879880107383,0.0,0.6823879880107383,-3.8215688552299105,0.0,250,139.1528297732779,1.5543122344752192e-15
equilibrium_dt2p5e-4,D2,0.1,1e-10,5,5,0.3756265703197415,0.52681767202657,0.6470179131134365,-4.353812984449674,9.513917003101055,250,139.1528297732779,1.5543122344752192e-15
equilibrium_dt2p5e-4,D2,0.1,1e-10,6,8,0.6222776263682519,0.0,0.6222776263682519,-4.743689411816053,0.0,250,139.1528297732779,1.5543122344752192e-15
equilibrium_dt2p5e-4,D2,0.1,1e-10,7,9,0.5001821933123647,0.26102337410501497,0.564194495130832,-5.723562374082567,4.809796033153754,250,139.1528297732779,1.5543122344752192e-15
equilibrium_dt2p5e-4,D2,0.1,1e-10,8,13,0.54417810649251,0.0,0.54417810649251,-6.0847868406977295,0.0,250,139.1528297732779,1.5543122344752192e-15
equilibrium_dt2p5e-4,D2,0.1,1e-10,9,18,0.5134173058421738,0.0,0.5134173058421738,-6.666663028113512,0.0,250,139.1528297732779,1.5543122344752192e-15
equilibrium_dt2p5e-4,D2,0.1,1e-10,10,16,0.4556734857675525,0.1570605869704107,0.48198169426964943,-7.298491443464189,3.319256956659273,250,139.1528297732779,1.5543122344752192e-15
equilibrium_dt2p5e-4,D2,0.1,1e-10,11,19,0.4577026295126595,0.08752440977138871,0.46599594351092033,-7.635783498065674,1.8894447180465523,250,139.1528297732779,1.5543122344752192e-15
equilibrium_dt2p5e-4,D2,0.1,1e-10,12,23,0.46492327689100754,0.0,0.46492327689100754,-7.658828829414243,0.0,250,139.1528297732779,1.5543122344752192e-15
equilibrium_dt2p5e-4,D2,0.1,1e-10,13,26,0.43756492884611753,0.0,0.43756492884611753,-8.265301754048373,0.0,250,139.1528297732779,1.5543122344752192e-15
equilibrium_dt2p5e-4,D2,0.1,1e-10,14,24,0.38733495340837676,0.12388045425925225,0.40666292316776076,-8.997706352904922,3.095466577214727,250,139.1528297732779,1.5543122344752192e-15
equilibrium_dt2p5e-4,D2,0.1,1e-10,15,27,0.4044230737213506,0.0,0.4044230737213506,-9.052937367835934,0.0,250,139.1528297732779,1.5543122344752192e-15
equilibrium_dt2p5e-4,D2,0.1,1e-10,16,28,0.4028043865337769,0.025716276875795405,0.4036244550410752,-9.072704000660828,0.6375656173870964,250,139.1528297732779,1.5543122344752192e-15
equilibrium_dt2p5e-4,D2,0.1,1e-10,17,14,0.24045081331959173,0.31111113298965787,0.3932006239773301,-9.33435303789403,9.12813628860125,250,139.1528297732779,1.5543122344752192e-15
equilibrium_dt2p5e-4,D2,0.1,1e-10,18,21,0.29266712326699407,0.24945337404971904,0.3845530273787569,-9.556735869869657,7.0585391259185695,250,139.1528297732779,1.5543122344752192e-15
equilibrium_dt2p5e-4,D2,0.1,1e-10,19,34,0.3750791401445219,0.07086371544241112,0.38171458910795764,-9.630820985624787,1.8672906009391854,250,139.1528297732779,1.5543122344752192e-15
equilibrium_dt2p5e-4,D2,0.1,1e-10,20,11,-0.010081723957783301,0.3707173125816299,0.37085437439203384,-9.919458152859262,15.97984805216594,250,139.1528297732779,1.5543122344752192e-15
equilibrium_dt2p5e-4,D2,0.1,1e-10,21,30,0.13705953165989998,0.3222436636577238,0.350180373502547,-10.493069043829387,11.68647160869305,250,139.1528297732779,1.5543122344752192e-15
equilibrium_dt2p5e-4,D2,0.1,1e-10,22,38,0.3257915190579987,0.12467017986414144,0.3488305715350587,-10.531689430385573,3.6547680583448994,250,139.1528297732779,1.5543122344752192e-15
equilibrium_dt2p5e-4,D2,0.1,1e-10,23,32,0.1447558707930833,0.3071014601406451,0.3395078334141645,-10.802582588646993,11.303206876555361,250,139.1528297732779,1.5543122344752192e-15
equilibrium_dt2p5e-4,D2,0.1,1e-10,24,36,0.25685607247253095,0.21544900032607692,0.3352511203672852,-10.92875414939922,6.979515630460041,250,139.1528297732779,1.5543122344752192e-15
equilibrium_dt2p5e-4,D2,0.1,1e-10,25,40,0.24959192663330187,0.18800206883299606,0.31247545139740196,-11.632293684196418,6.45570069874095,250,139.1528297732779,1.5543122344752192e-15
equilibrium_dt2p5e-4,D2,0.1,1e-10,26,44,0.3035304300784533,0.0,0.3035304300784533,-11.922734096587392,0.0,250,139.1528297732779,1.5543122344752192e-15
equilibrium_dt2p5e-4,D2,0.1,1e-10,27,45,0.2898819346503506,0.0,0.2898819346503506,-12.382815607935791,0.0,250,139.1528297732779,1.5543122344752192e-15
equilibrium_dt2p5e-4,D2,0.1,1e-10,28,60,0.26224478352941794,0.0,0.26224478352941794,-13.384769231164597,0.0,250,139.1528297732779,1.5543122344752192e-15
equilibrium_dt2p5e-4,D2,0.1,1e-10,29,52,0.21269896421690365,0.14929303547910588,0.25986392558704496,-13.475971480956442,6.119988367232995,250,139.1528297732779,1.5543122344752192e-15
equilibrium_dt2p5e-4,D2,0.1,1e-10,30,61,0.2563010873297976,0.0,0.2563010873297976,-13.614024032106634,0.0,250,139.1528297732779,1.5543122344752192e-15
equilibrium_dt2p5e-4,D2,0.1,1e-10,31,42,0.01255871837833751,0.25275711727344713,0.25306892685529275,-13.740933891959418,15.211502521106972,250,139.1528297732779,1.5543122344752192e-15
equilibrium_dt2p5e-4,D2,0.1,1e-10,32,62,0.2462998161433608,0.0,0.2462998161433608,-14.01205720330301,0.0,250,139.1528297732779,1.5543122344752192e-15
equilibrium_dt2p5e-4,D2,0.1,1e-10,33,58,0.2324600167771877,0.06934156640670461,0.24258176401326173,-14.164164542453223,2.898914686855324,250,139.1528297732779,1.5543122344752192e-15
equilibrium_dt2p5e-4,D2,0.1,1e-10,34,56,0.21798292191999272,0.10172212089137991,0.2405492550963693,-14.248304075100647,4.366149442111923,250,139.1528297732779,1.5543122344752192e-15
equilibrium_dt2p5e-4,D2,0.1,1e-10,35,50,0.1330430935483993,0.1990087794957036,0.2393845422271407,-14.296840567518556,9.815056860493499,250,139.1528297732779,1.5543122344752192e-15
equilibrium_dt2p5e-4,D2,0.1,1e-10,36,46,-0.019245579154427327,0.22971687763519363,0.23052166099404162,-14.674104470169267,16.54380692489054,250,139.1528297732779,1.5543122344752192e-15
equilibrium_dt2p5e-4,D2,0.1,1e-10,37,48,0.06117670630150428,0.21508538540853517,0.22361644038450892,-14.978230145341904,12.936845571462385,250,139.1528297732779,1.5543122344752192e-15
equilibrium_dt2p5e-4,D2,0.1,1e-10,38,63,0.1656103229073391,0.13912167849169707,0.2162905926752716,-15.31132438992639,6.986917118909469,250,139.1528297732779,1.5543122344752192e-15
equilibrium_dt2p5e-4,D2,0.1,1e-10,39,67,0.20810540288965287,0.019299315526974555,0.20899837868192775,-15.654287845501537,0.9247367890065945,250,139.1528297732779,1.5543122344752192e-15
equilibrium_dt2p5e-4,D2,0.1,1e-10,40,69,0.1604571925354425,0.1115834359694286,0.195441484386247,-16.32494256961991,6.076383588346078,250,139.1528297732779,1.5543122344752192e-15
equilibrium_dt2p5e-4,D2,0.1,1e-10,41,77,0.1918643707565152,0.010257598258207925,0.19213837484433013,-16.49539464221336,0.5341190738599267,250,139.1528297732779,1.5543122344752192e-15
equilibrium_dt2p5e-4,D2,0.1,1e-10,42,75,0.16005025877985946,0.09482142766440695,0.18603007412732045,-16.818469294826087,5.348479240807579,250,139.1528297732779,1.5543122344752192e-15
equilibrium_dt2p5e-4,D2,0.1,1e-10,43,65,0.01583263017179428,0.17528389264983268,0.17599748634748985,-17.372855661625103,14.80715136310123,250,139.1528297732779,1.5543122344752192e-15
equilibrium_dt2p5e-4,D2,0.1,1e-10,44,83,0.17591906137565233,0.0,0.17591906137565233,-17.377312682679854,0.0,250,139.1528297732779,1.5543122344752192e-15
equilibrium_dt2p5e-4,D2,0.1,1e-10,45,84,0.15958187780752048,0.0558441946084284,0.16907084253660778,-17.77437465286078,3.3662199314656633,250,139.1528297732779,1.5543122344752192e-15
equilibrium_dt2p5e-4,D2,0.1,1e-10,46,54,-0.0978386743829679,0.13067411812302931,0.16324255374211663,-18.125181244716007,22.134794418771445,250,139.1528297732779,1.5543122344752192e-15
equilibrium_dt2p5e-4,D2,0.1,1e-10,47,86,0.14715897569006084,0.07049160080603728,0.1631711675215497,-18.129555216583896,4.467204639050922,250,139.1528297732779,1.5543122344752192e-15
equilibrium_dt2p5e-4,D2,0.1,1e-10,48,81,0.10499220251376284,0.11969476438118719,0.1592174588698077,-18.374843453171238,8.507407649435555,250,139.1528297732779,1.5543122344752192e-15
equilibrium_dt2p5e-4,D2,0.1,1e-10,49,79,0.08597541959215954,0.13115928922541675,0.15682643885571212,-18.52615570128541,9.905616898797366,250,139.1528297732779,1.5543122344752192e-15
equilibrium_dt2p5e-4,D2,0.1,1e-10,50,73,0.0695337651402185,0.1405576278560617,0.15681642529753764,-18.526794233789886,11.113982337414223,250,139.1528297732779,1.5543122344752192e-15
equilibrium_dt2p5e-4,D2,0.1,1e-10,51,71,-0.039449137805439204,0.1443926730227053,0.14968459672335835,-18.992248871500795,18.37495151340724,250,139.1528297732779,1.5543122344752192e-15
equilibrium_dt2p5e-4,D2,0.1,1e-10,52,94,0.11662789905930802,0.08043962887201964,0.14167780606734562,-19.54199770753474,6.03787653581584,250,139.1528297732779,1.5543122344752192e-15
equilibrium_dt2p5e-4,D2,0.1,1e-10,53,98,0.13433632658399042,0.04163637881525036,0.1406408073104231,-19.6154610479992,3.0055213681199278,250,139.1528297732779,1.5543122344752192e-15
equilibrium_dt2p5e-4,D2,0.1,1e-10,54,100,0.0854183373658803,0.09429966925796039,0.12723490079578031,-20.61720288385372,8.34776146019666,250,139.1528297732779,1.5543122344752192e-15
equilibrium_dt2p5e-4,D2,0.1,1e-10,55,96,0.05397588878746029,0.11234123949303124,0.12463527053457574,-20.823636425846374,11.228995418427726,250,139.1528297732779,1.5543122344752192e-15
equilibrium_dt2p5e-4,D2,0.1,1e-10,56,114,0.12452903421472479,0.0,0.12452903421472479,-20.832163837218197,0.0,250,139.1528297732779,1.5543122344752192e-15
equilibrium_dt2p5e-4,D2,0.1,1e-10,57,88,-0.011828080202047389,0.1228718077150632,0.1234398015732103,-20.920016784041373,16.667642022466318,250,139.1528297732779,1.5543122344752192e-15
equilibrium_dt2p5e-4,D2,0.1,1e-10,58,112,0.11989939084686183,0.02210236661170144,0.12191955764062871,-21.04393815326066,1.8229444266483177,250,139.1528297732779,1.5543122344752192e-15
equilibrium_dt2p5e-4,D2,0.1,1e-10,59,115,0.12175523152093488,0.0,0.12175523152093488,-21.057425485714663,0.0,250,139.1528297732779,1.5543122344752192e-15
equilibrium_dt2p5e-4,D2,0.1,1e-10,60,108,0.09336591849941572,0.07653100933038506,0.12072361047602505,-21.142515571166843,6.86631616012992,250,139.1528297732779,1.5543122344752192e-15
equilibrium_dt2p5e-4,D2,0.1,1e-10,61,116,0.11614038310160578,0.012430629080747276,0.11680372051579041,-21.47260355364247,1.0662514956053215,250,139.1528297732779,1.5543122344752192e-15
equilibrium_dt2p5e-4,D2,0.1,1e-10,62,106,0.06981984778353326,0.09342751697350943,0.11663409481087057,-21.487136394822222,9.290154015941583,250,139.1528297732779,1.5543122344752192e-15
equilibrium_dt2p5e-4,D2,0.1,1e-10,63,110,0.10547974243147312,0.04525962704969357,0.11477983230553732,-21.64739487310678,4.053243981022554,250,139.1528297732779,1.5543122344752192e-15
equilibrium_dt2p5e-4,D2,0.1,1e-10,64,92,-0.02191509602757428,0.10698102044788534,0.10920261063714852,-22.145503090235042,17.728512738632894,250,139.1528297732779,1.5543122344752192e-15
equilibrium_dt2p5e-4,D2,0.1,1e-10,65,120,0.08633804070288358,0.058904153753019585,0.10451773343204565,-22.583985240600214,5.987138170267947,250,139.1528297732779,1.5543122344752192e-15
equilibrium_dt2p5e-4,D2,0.1,1e-10,66,90,-0.044889049031553996,0.09427703847911482,0.10441832553412143,-22.59350087001497,20.151742163247825,250,139.1528297732779,1.5543122344752192e-15
equilibrium_dt2p5e-4,D2,0.1,1e-10,67,104,-0.004517714299866715,0.09462633896308503,0.09473412145606189,-23.566810326404813,16.185027744161655,250,139.1528297732779,1.5543122344752192e-15
equilibrium_dt2p5e-4,D2,0.1,1e-10,68,131,0.08942778500167996,0.02880562149551201,0.09395260805347236,-23.64964793492293,3.1161615806175824,250,139.1528297732779,1.5543122344752192e-15
equilibrium_dt2p5e-4,D2,0.1,1e-10,69,118,-0.01184732529418086,0.08800703923537108,0.08880089003834524,-24.213586060799038,17.04609802639738,250,139.1528297732779,1.5543122344752192e-15
equilibrium_dt2p5e-4,D2,0.1,1e-10,70,124,0.02751106128575528,0.08428052329854113,0.08865700818629353,-24.22980195031648,12.552783403209332,250,139.1528297732779,1.5543122344752192e-15
equilibrium_dt2p5e-4,D2,0.1,1e-10,71,129,0.060875369130316784,0.06441154629674217,0.08862650767738559,-24.233242823999554,8.136153047869003,250,139.1528297732779,1.5543122344752192e-15
equilibrium_dt2p5e-4,D2,0.1,1e-10,72,141,0.08798246823025772,0.006652782094223968,0.088233634320941,-24.277670471543168,0.7547124122144123,250,139.1528297732779,1.5543122344752192e-15
equilibrium_dt2p5e-4,D2,0.1,1e-10,73,102,-0.07156721725009146,0.04957784679249297,0.08706221613020021,-24.41132287976356,25.35752290002097,250,139.1528297732779,1.5543122344752192e-15
equilibrium_dt2p5e-4,D2,0.1,1e-10,74,143,0.08552806284543582,0.0,0.08552806284543582,-24.589107364775057,0.0,250,139.1528297732779,1.5543122344752192e-15
equilibrium_dt2p5e-4,D2,0.1,1e-10,75,133,0.042863307287389116,0.07032230497327807,0.0823558722154521,-24.967055168807217,10.234014889569163,250,139.1528297732779,1.5543122344752192e-15
equilibrium_dt2p5e-4,D2,0.1,1e-10,76,157,0.07236949692837599,0.024047991729832845,0.07626040907249534,-25.736013603854207,3.2081538702820533,250,139.1528297732779,1.5543122344752192e-15
equilibrium_dt2p5e-4,D2,0.1,1e-10,77,135,0.012624644292024655,0.07377086266843547,0.07484331514801651,-25.92358482084613,14.01304999328174,250,139.1528297732779,1.5543122344752192e-15
equilibrium_dt2p5e-4,D2,0.1,1e-10,78,122,-0.03391841557776035,0.06659150371634001,0.07473210342623163,-25.93845514423725,20.418963222703475,250,139.1528297732779,1.5543122344752192e-15
equilibrium_dt2p5e-4,D2,0.1,1e-10,79,155,0.047324764560069836,0.05176592636217021,0.07013803870083388,-26.572899972953145,8.30187351977823,250,139.1528297732779,1.5543122344752192e-15
equilibrium_dt2p5e-4,D2,0.1,1e-10,80,169,0.06978478971749773,0.0,0.06978478971749773,-26.623392053169237,0.0,250,139.1528297732779,1.5543122344752192e-15
equilibrium_dt2p5e-4,D2,0.1,1e-10,81,144,0.023804078305452118,0.06524916095047881,0.06945564878909119,-26.67066877033353,12.209819504828449,250,139.1528297732779,1.5543122344752192e-15
equilibrium_dt2p5e-4,D2,0.1,1e-10,82,139,-0.01090227667026638,0.06573008194136211,0.06662809699078319,-27.086289136622778,17.351642607873842,250,139.1528297732779,1.5543122344752192e-15
equilibrium_dt2p5e-4,D2,0.1,1e-10,83,161,0.04552795013966267,0.04566960970090467,0.06448649078801369,-27.412995222641825,7.86951488371896,250,139.1528297732779,1.5543122344752192e-15
equilibrium_dt2p5e-4,D2,0.1,1e-10,84,174,0.059680924242188495,0.023183750364293182,0.06402576824494734,-27.484696478283993,3.7052012245759105,250,139.1528297732779,1.5543122344752192e-15
equilibrium_dt2p5e-4,D2,0.1,1e-10,85,126,-0.06288808243266417,0.0,0.06288808243266417,-27.66398601706269,31.41592653589793,250,139.1528297732779,1.5543122344752192e-15
equilibrium_dt2p5e-4,D2,0.1,1e-10,86,159,0.02856824381824369,0.055657628171456586,0.06256129896773832,-27.716084194098364,10.965770322828723,250,139.1528297732779,1.5543122344752192e-15
equilibrium_dt2p5e-4,D2,0.1,1e-10,87,127,-0.0582419465391921,0.0189776290850661,0.06125581394744876,-27.926965124710698,28.266000543525145,250,139.1528297732779,1.5543122344752192e-15
equilibrium_dt2p5e-4,D2,0.1,1e-10,88,137,-0.04672216267464484,0.0351500598879984,0.05846783042944085,-28.392785831877827,24.966078171328686,250,139.1528297732779,1.5543122344752192e-15
equilibrium_dt2p5e-4,D2,0.1,1e-10,89,180,0.05825332165396482,0.0,0.05825332165396482,-28.429541640597392,0.0,250,139.1528297732779,1.5543122344752192e-15
equilibrium_dt2p5e-4,D2,0.1,1e-10,90,163,0.013588023715960153,0.053726647253976585,0.05541829132749155,-28.928455713562062,13.23080417304425,250,139.1528297732779,1.5543122344752192e-15
equilibrium_dt2p5e-4,D2,0.1,1e-10,91,146,-0.05515460799589801,0.0,0.05515460799589801,-28.976149829036444,31.41592653589793,250,139.1528297732779,1.5543122344752192e-15
equilibrium_dt2p5e-4,D2,0.1,1e-10,92,149,-0.039253612710678676,0.036368084296975765,0.05351152834924349,-29.278581651299085,23.943334016177133,250,139.1528297732779,1.5543122344752192e-15
equilibrium_dt2p5e-4,D2,0.1,1e-10,93,147,-0.050990043839369864,0.01458879570735703,0.05303600221483383,-29.367843089687135,28.62926562644145,250,139.1528297732779,1.5543122344752192e-15
equilibrium_dt2p5e-4,D2,0.1,1e-10,94,176,0.021872368053228397,0.04784676114625641,0.052609058501771326,-29.448669592031777,11.420258546775594,250,139.1528297732779,1.5543122344752192e-15
equilibrium_dt2p5e-4,D2,0.1,1e-10,95,201,0.0512723246844784,0.01158881724628305,0.05256569188851527,-29.456916175085745,2.2228965322952603,250,139.1528297732779,1.5543122344752192e-15
equilibrium_dt2p5e-4,D2,0.1,1e-10,96,151,-0.05000557200445413,0.008847818143676961,0.05078229137599274,-29.80207580131821,29.664685093983696,250,139.1528297732779,1.5543122344752192e-15
equilibrium_dt2p5e-4,D2,0.1,1e-10,97,203,0.04823231747795781,0.015869721674559432,0.050776023035705505,-29.80331023304967,3.1786961628067223,250,139.1528297732779,1.5543122344752192e-15
equilibrium_dt2p5e-4,D2,0.1,1e-10,98,170,0.000873039701127004,0.05052279400479277,0.050530336555088054,-29.851813992000444,15.535179312381342,250,139.1528297732779,1.5543122344752192e-15
equilibrium_dt2p5e-4,D2,0.1,1e-10,99,199,0.04108773502137715,0.028879465114169205,0.05022176295658506,-29.91306821197705,6.126516410915564,250,139.1528297732779,1.5543122344752192e-15
equilibrium_dt2p5e-4,D2,0.1,1e-10,100,153,-0.04356302591139532,0.024522741427498062,0.049991019930351786,-29.95911891077217,26.28879966301971,250,139.1528297732779,1.5543122344752192e-15
equilibrium_dt2p5e-4,D2,0.1,1e-10,101,191,0.030472123470488048,0.0354499994700793,0.04674668727545612,-30.630118861762096,8.607665945661193,250,139.1528297732779,1.5543122344752192e-15
equilibrium_dt2p5e-4,D2,0.1,1e-10,102,172,-0.018093616974986338,0.04071425369487155,0.04455366908760574,-31.110607695878084,19.88987698502814,250,139.1528297732779,1.5543122344752192e-15
equilibrium_dt2p5e-4,D2,0.1,1e-10,103,181,-0.003237618921790959,0.044130128137538006,0.044248733153823314,-31.17928537230153,16.4403039515844,250,139.1528297732779,1.5543122344752192e-15
equilibrium_dt2p5e-4,D2,0.1,1e-10,104,165,-0.029344461039997733,0.03225704721885546,0.043607504961960565,-31.325260112851293,23.089485898168654,250,139.1528297732779,1.5543122344752192e-15
equilibrium_dt2p5e-4,D2,0.1,1e-10,105,219,0.04118811612160096,0.005484730524910265,0.04155169284851542,-31.808170160674194,1.3238410888476373,250,139.1528297732779,1.5543122344752192e-15
equilibrium_dt2p5e-4,D2,0.1,1e-10,106,183,-0.016217154540183472,0.037582758876241545,0.04093238163275997,-31.958338022214974,19.781639789089446,250,139.1528297732779,1.5543122344752192e-15
equilibrium_dt2p5e-4,D2,0.1,1e-10,107,185,-0.012556971279165465,0.03883774324012086,0.04081724914409765,-31.986505137757565,18.835068579468484,250,139.1528297732779,1.5543122344752192e-15
equilibrium_dt2p5e-4,D2,0.1,1e-10,108,213,0.035360660399534984,0.019999933677748362,0.04062479108876223,-32.03376780775926,5.147400403706801,250,139.1528297732779,1.5543122344752192e-15
equilibrium_dt2p5e-4,D2,0.1,1e-10,109,167,-0.03917375467874666,0.002578044900258819,0.03925849425459892,-32.375874440379704,30.758769031999922,250,139.1528297732779,1.5543122344752192e-15
equilibrium_dt2p5e-4,D2,0.1,1e-10,110,197,0.008661351428406294,0.03726119180393585,0.038254613097194586,-32.63491122133427,13.424026020048288,250,139.1528297732779,1.5543122344752192e-15
equilibrium_dt2p5e-4,D2,0.1,1e-10,111,195,0.0035504412758273125,0.03750453764286663,0.03767221757553301,-32.788323905337506,14.76410633553219,250,139.1528297732779,1.5543122344752192e-15
equilibrium_dt2p5e-4,D2,0.1,1e-10,112,178,-0.03333787514977069,0.015816335238359257,0.036899463138016834,-32.9955827714673,26.986132317087108,250,139.1528297732779,1.5543122344752192e-15
equilibrium_dt2p5e-4,D2,0.1,1e-10,113,207,0.011421862109988088,0.03311442927220324,0.03502890749200341,-33.51581630040894,12.38653373563226,250,139.1528297732779,1.5543122344752192e-15
equilibrium_dt2p5e-4,D2,0.1,1e-10,114,187,-0.023629830859606467,0.024960966446108533,0.034371772610346504,-33.70519615102138,23.28806531663991,250,139.1528297732779,1.5543122344752192e-15
equilibrium_dt2p5e-4,D2,0.1,1e-10,115,225,0.03409878899423892,0.00387621441146865,0.03431839811292634,-33.72073680482972,1.131901261885323,250,139.1528297732779,1.5543122344752192e-15
equilibrium_dt2p5e-4,D2,0.1,1e-10,116,231,0.03112010337424472,0.011954525939142892,0.03333723930461726,-34.010802093885765,3.667610282463846,250,139.1528297732779,1.5543122344752192e-15
equilibrium_dt2p5e-4,D2,0.1,1e-10,117,189,-0.03210693446698807,0.0,0.03210693446698807,-34.386832451676675,31.41592653589793,250,139.1528297732779,1.5543122344752192e-15
equilibrium_dt2p5e-4,D2,0.1,1e-10,118,233,0.02824639041932071,0.013869329145411134,0.03146771143036054,-34.587932928139395,4.564317464254762,250,139.1528297732779,1.5543122344752192e-15
equilibrium_dt2p5e-4,D2,0.1,1e-10,119,221,0.013766128832149952,0.026292213094217382,0.029678052032016625,-35.17347495181307,10.884616062577106,250,139.1528297732779,1.5543122344752192e-15
equilibrium_dt2p5e-4,D2,0.1,1e-10,120,190,-0.029018993851576094,0.0,0.029018993851576094,-35.39804702989442,31.41592653589793,250,139.1528297732779,1.5543122344752192e-15
equilibrium_dt2p5e-4,D2,0.1,1e-10,121,205,-0.01471740670504339,0.02478795063346721,0.028827843428339616,-35.464135731703095,21.06594471090801,250,139.1528297732779,1.5543122344752192e-15
equilibrium_dt2p5e-4,D2,0.1,1e-10,122,235,0.026023603456892388,0.01120394092645285,0.02833295306114466,-35.63729732621363,4.065452327214017,250,139.1528297732779,1.5543122344752192e-15
equilibrium_dt2p5e-4,D2,0.1,1e-10,123,193,-0.021034181305448426,0.01812075848492457,0.027763261178389002,-35.84041672635814,24.304651677102292,250,139.1528297732779,1.5543122344752192e-15
equilibrium_dt2p5e-4,D2,0.1,1e-10,124,217,-0.0008369357381217807,0.025341918214823473,0.02535573466173968,-36.74750355130679,16.038100729567343,250,139.1528297732779,1.5543122344752192e-15
equilibrium_dt2p5e-4,D2,0.1,1e-10,125,209,-0.013111524483660077,0.021526014719857375,0.025204788910148285,-36.807212664023396,21.17881129041272,250,139.1528297732779,1.5543122344752192e-15
equilibrium_dt2p5e-4,D2,0.1,1e-10,126,229,0.01214604160256429,0.02013493484270403,0.02351471725815897,-37.50128787550292,10.280035770821943,250,139.1528297732779,1.5543122344752192e-15
equilibrium_dt2p5e-4,D2,0.1,1e-10,127,215,-0.012782418636873811,0.015938270429363244,0.020430826965343662,-38.907103929814284,22.46752757022371,250,139.1528297732779,1.5543122344752192e-15
equilibrium_dt2p5e-4,D2,0.1,1e-10,128,211,-0.019602499389301403,0.002634064958367596,0.019778682476658094,-39.23150563870646,30.080188368149663,250,139.1528297732779,1.5543122344752192e-15
equilibrium_dt2p5e-4,D2,0.1,1e-10,129,242,0.01800233428230417,0.007233558673116606,0.019401247658056543,-39.42417902709844,3.820676956380062,250,139.1528297732779,1.5543122344752192e-15
equilibrium_dt2p5e-4,D2,0.1,1e-10,130,223,-0.006534820607476266,0.01643843198882175,0.017689712451676953,-40.34772025794055,19.491742470483334,250,139.1528297732779,1.5543122344752192e-15
equilibrium_dt2p5e-4,D2,0.1,1e-10,131,240,0.0051780126251043486,0.01669034357439259,0.017475107535491963,-40.46977837204976,12.69971689740962,250,139.1528297732779,1.5543122344752192e-15
equilibrium_dt2p5e-4,D2,0.1,1e-10,132,244,0.007664256885075491,0.01037431933397283,0.012898346221266876,-43.50656175734613,9.345199351393664,250,139.1528297732779,1.5543122344752192e-15
equilibrium_dt2p5e-4,D2,0.1,1e-10,133,238,0.00042987479547547207,0.012240562618062138,0.012248108651807647,-44.0238374968246,15.356918783359477,250,139.1528297732779,1.5543122344752192e-15
equilibrium_dt2p5e-4,D2,0.1,1e-10,134,246,0.01013422912243203,0.005187373464901656,0.011384702164321879,-44.754847401668236,4.730957642703732,250,139.1528297732779,1.5543122344752192e-15
equilibrium_dt2p5e-4,D2,0.1,1e-10,135,227,-0.009827500021105674,0.0022363222110088083,0.01007873472695275,-45.973275473373675,29.178451986167918,250,139.1528297732779,1.5543122344752192e-15
equilibrium_dt2p5e-4,D2,0.1,1e-10,136,237,-0.006444156531409864,0.0,0.006444156531409864,-50.44581522930485,31.41592653589793,250,139.1528297732779,1.5543122344752192e-15
equilibrium_dt2p5e-4,D2,0.1,1e-10,137,249,0.005282407990436844,0.0,0.005282407990436844,-52.43373226432315,0.0,250,139.1528297732779,1.5543122344752192e-15
equilibrium_dt2p5e-4,D2,0.1,1e-10,138,248,0.001396980343716973,0.0,0.001396980343716973,-65.73442269159219,0.0,250,139.1528297732779,1.5543122344752192e-15
equilibrium_dt2p5e-4,D2,0.25,1e-10,0,0,0.9999999999999951,0.0,0.9999999999999951,-1.9539925233402802e-14,0.0,250,139.1528297732779,4.884981308350689e-15
equilibrium_dt2p5e-4,D2,0.25,1e-10,1,1,0.7327122478762331,0.0,0.7327122478762331,-1.24400888747961,0.0,250,139.1528297732779,4.884981308350689e-15
equilibrium_dt2p5e-4,D2,0.25,1e-10,2,2,0.5488141590941685,0.0,0.5488141590941685,-2.3999816112182994,0.0,250,139.1528297732779,4.884981308350689e-15
equilibrium_dt2p5e-4,D2,0.25,1e-10,3,3,0.42759404668650547,0.0,0.42759404668650547,-3.398324090203732,0.0,250,139.1528297732779,4.884981308350689e-15
equilibrium_dt2p5e-4,D2,0.25,1e-10,4,4,0.17500429149883395,0.37494275266353877,0.4137735731265597,-3.5297455183593125,4.536405041584316,250,139.1528297732779,4.884981308350689e-15
equilibrium_dt2p5e-4,D2,0.25,1e-10,5,6,0.36964170166194443,0.0,0.36964170166194443,-3.9808844656296505,0.0,250,139.1528297732779,4.884981308350689e-15
equilibrium_dt2p5e-4,D2,0.25,1e-10,6,7,-0.26914304227276603,0.0,0.26914304227276603,-5.250049140205594,12.566370614359172,250,139.1528297732779,4.884981308350689e-15
equilibrium_dt2p5e-4,D2,0.25,1e-10,7,8,-0.1161473054149712,0.22973272924278995,0.25742440335076944,-5.428116724805898,8.1555784385511,250,139.1528297732779,4.884981308350689e-15
equilibrium_dt2p5e-4,D2,0.25,1e-10,8,10,0.24662812172928772,0.008704933675568136,0.24678169765607091,-5.597004593226645,0.14112456384754832,250,139.1528297732779,4.884981308350689e-15
equilibrium_dt2p5e-4,D2,0.25,1e-10,9,12,0.08722519851594623,0.21966283379474832,0.23634719335521093,-5.769813587059633,4.7712156043508225,250,139.1528297732779,4.884981308350689e-15
equilibrium_dt2p5e-4,D2,0.25,1e-10,10,16,0.1874648040208173,0.0,0.1874648040208173,-6.69665665232291,0.0,250,139.1528297732779,4.884981308350689e-15
equilibrium_dt2p5e-4,D2,0.25,1e-10,11,14,0.09970153309840378,0.1525555851312861,0.18224599380211676,-6.8095915608654565,3.9677396747712788,250,139.1528297732779,4.884981308350689e-15
equilibrium_dt2p5e-4,D2,0.25,1e-10,12,18,0.1640583861759881,0.0073680645435303055,0.164223757263641,-7.2261016300440835,0.17952429887565546,250,139.1528297732779,4.884981308350689e-15
equilibrium_dt2p5e-4,D2,0.25,1e-10,13,17,-0.14267431685376541,0.0,0.14267431685376541,-7.788763002797337,12.566370614359172,250,139.1528297732779,4.884981308350689e-15
equilibrium_dt2p5e-4,D2,0.25,1e-10,14,20,0.09959880560578663,0.09582908471069046,0.13821409318368355,-7.915805584483009,3.0644439224079068,250,139.1528297732779,4.884981308350689e-15
equilibrium_dt2p5e-4,D2,0.25,1e-10,15,24,0.1317487592357774,0.0,0.1317487592357774,-8.107434036681072,0.0,250,139.1528297732779,4.884981308350689e-15
equilibrium_dt2p5e-4,D2,0.25,1e-10,16,22,0.0658445990174707,0.1119107618671646,0.12984425224653082,-8.165678425663216,4.155897672932381,250,139.1528297732779,4.884981308350689e-15
equilibrium_dt2p5e-4,D2,0.25,1e-10,17,27,0.11079684460268183,0.06693530621815037,0.1294460350587394,-8.177964809546495,2.1737925752768303,250,139.1528297732779,4.884981308350689e-15
equilibrium_dt2p5e-4,D2,0.25,1e-10,18,25,0.11450084405946309,0.06006809490348354,0.12930050005960297,-8.18246450309925,1.9325595956319288,250,139.1528297732779,4.884981308350689e-15
equilibrium_dt2p5e-4,D2,0.25,1e-10,19,29,0.07856069686184922,0.09012356668720545,0.11955768634363302,-8.495825172714364,3.415354061629561,250,139.1528297732779,4.884981308350689e-15
equilibrium_dt2p5e-4,D2,0.25,1e-10,20,33,0.0998329171282482,0.046165293647364755,0.10999020719992798,-8.82945577043169,1.7325554102583114,250,139.1528297732779,4.884981308350689e-15
equilibrium_dt2p5e-4,D2,0.25,1e-10,21,31,0.01858035446289783,0.10735721894412145,0.10895321028488769,-8.867347009417266,5.597694220547751,250,139.1528297732779,4.884981308350689e-15
equilibrium_dt2p5e-4,D2,0.25,1e-10,22,43,0.09888749133560706,0.0061217928655833585,0.09907679996113555,-9.24743988963375,0.24731096981363385,250,139.1528297732779,4.884981308350689e-15
equilibrium_dt2p5e-4,D2,0.25,1e-10,23,39,-0.02340293818128572,0.09360056621602016,0.09648193360146061,-9.353598018918323,7.263212441967658,250,139.1528297732779,4.884981308350689e-15
equilibrium_dt2p5e-4,D2,0.25,1e-10,24,41,-0.04101938191454203,0.08603178895352524,0.09531032684444517,-9.402468451043651,8.062827322574956,250,139.1528297732779,4.884981308350689e-15
equilibrium_dt2p5e-4,D2,0.25,1e-10,25,35,-0.09469570653013847,0.005290191956940119,0.09484336015864993,-9.422114354601284,12.343141958463697,250,139.1528297732779,4.884981308350689e-15
equilibrium_dt2p5e-4,D2,0.25,1e-10,26,37,-0.0890809500646825,0.029541650264538723,0.09385161034728588,-9.464161429447055,11.285514255623484,250,139.1528297732779,4.884981308350689e-15
equilibrium_dt2p5e-4,D2,0.25,1e-10,27,45,0.046484524739408256,0.07867023380901081,0.09137733158619311,-9.571031378250302,4.1484441795825635,250,139.1528297732779,4.884981308350689e-15
equilibrium_dt2p5e-4,D2,0.25,1e-10,28,47,-0.009846472695065767,0.08389000544206388,0.084465886827785,-9.885630129241386,6.7505413842307025,250,139.1528297732779,4.884981308350689e-15
equilibrium_dt2p5e-4,D2,0.25,1e-10,29,49,-0.04252636053600303,0.06929589441605717,0.08130444221172334,-10.038218496681898,8.484891790239766,250,139.1528297732779,4.884981308350689e-15
equilibrium_dt2p5e-4,D2,0.25,1e-10,30,57,0.07965371374240977,0.0,0.07965371374240977,-10.120266471780681,0.0,250,139.1528297732779,4.884981308350689e-15
equilibrium_dt2p5e-4,D2,0.25,1e-10,31,53,-0.011833983829452926,0.07708547339538857,0.07798854647874208,-10.204773212362893,6.8924990812945115,250,139.1528297732779,4.884981308350689e-15
equilibrium_dt2p5e-4,D2,0.25,1e-10,32,51,-0.061490349517058965,0.045811724293286636,0.07667970504934263,-10.27247282930248,10.005137782386166,250,139.1528297732779,4.884981308350689e-15
equilibrium_dt2p5e-4,D2,0.25,1e-10,33,60,0.0611247246990862,0.042422836892193796,0.07440382422645195,-10.392991750283603,2.4268516404573393,250,139.1528297732779,4.884981308350689e-15
equilibrium_dt2p5e-4,D2,0.25,1e-10,34,55,0.021364234449329375,0.07050149891078328,0.07366744099175081,-10.432777419949996,5.106239570574932,250,139.1528297732779,4.884981308350689e-15
equilibrium_dt2p5e-4,D2,0.25,1e-10,35,58,0.03946711997559014,0.06125151264091332,0.07286563908981784,-10.47655237663916,3.9936264694210974,250,139.1528297732779,4.884981308350689e-15
equilibrium_dt2p5e-4,D2,0.25,1e-10,36,66,0.0698664411163253,0.0,0.0698664411163253,-10.644679374021765,0.0,250,139.1528297732779,4.884981308350689e-15
equilibrium_dt2p5e-4,D2,0.25,1e-10,37,62,-0.06766777137803069,0.009077613845786944,0.06827393614259143,-10.736908774761734,12.032956249119717,250,139.1528297732779,4.884981308350689e-15
equilibrium_dt2p5e-4,D2,0.25,1e-10,38,64,-0.05974464247811502,0.02882263459120002,0.06633375136094465,-10.852225764087292,10.768396884648999,250,139.1528297732779,4.884981308350689e-15
equilibrium_dt2p5e-4,D2,0.25,1e-10,39,67,0.013199844464858154,0.06388708032174104,0.06523645396504195,-10.918947425599798,5.468204513156799,250,139.1528297732779,4.884981308350689e-15
equilibrium_dt2p5e-4,D2,0.25,1e-10,40,71,-0.04063406282268384,0.049894723186447165,0.06434757542697321,-10.973824094209384,9.017015526563826,250,139.1528297732779,4.884981308350689e-15
equilibrium_dt2p5e-4,D2,0.25,1e-10,41,75,-0.023483053201417033,0.05918833881603224,0.06367663024581319,-11.01575062336121,7.793996033060693,250,139.1528297732779,4.884981308350689e-15
equilibrium_dt2p5e-4,D2,0.25,1e-10,42,69,0.04551556845644403,0.04378847319689805,0.0631593014276496,-11.04838060006426,3.064244307182371,250,139.1528297732779,4.884981308350689e-15
equilibrium_dt2p5e-4,D2,0.25,1e-10,43,73,-0.05292122157367592,0.030526271463861908,0.061094262761207704,-11.181349265501172,10.473552368177927,250,139.1528297732779,4.884981308350689e-15
equilibrium_dt2p5e-4,D2,0.25,1e-10,44,88,0.059796575795168436,0.0,0.059796575795168436,-11.26722752246153,0.0,250,139.1528297732779,4.884981308350689e-15
equilibrium_dt2p5e-4,D2,0.25,1e-10,45,77,-0.011856642254366348,0.05805027095688817,0.05924874617843115,-11.304042642945085,7.089091953506253,250,139.1528297732779,4.884981308350689e-15
equilibrium_dt2p5e-4,D2,0.25,1e-10,46,79,-0.030156260908129243,0.04993984620980299,0.058338566244105945,-11.365967562833411,8.456172582615713,250,139.1528297732779,4.884981308350689e-15
equilibrium_dt2p5e-4,D2,0.25,1e-10,47,81,0.025039773451426314,0.05268996780921827,0.05833714907531231,-11.366064732585647,4.508646342278049,250,139.1528297732779,4.884981308350689e-15
equilibrium_dt2p5e-4,D2,0.25,1e-10,48,83,-0.05636470090834473,0.0,0.05636470090834473,-11.503648747344775,12.566370614359172,250,139.1528297732779,4.884981308350689e-15
equilibrium_dt2p5e-4,D2,0.25,1e-10,49,93,0.050257997283407366,0.024993671539202615,0.05612975955719505,-11.520356534857882,1.8459646848920974,250,139.1528297732779,4.884981308350689e-15
equilibrium_dt2p5e-4,D2,0.25,1e-10,50,91,0.04228403590074698,0.036740302213563794,0.056015975389166084,-11.528473416494284,2.861442695377715,250,139.1528297732779,4.884981308350689e-15
equilibrium_dt2p5e-4,D2,0.25,1e-10,51,84,-0.05287920197108881,0.010290359463965226,0.05387115646611664,-11.684640299197504,11.797574143204388,250,139.1528297732779,4.884981308350689e-15
equilibrium_dt2p5e-4,D2,0.25,1e-10,52,95,0.04957587077385285,0.020819214731167004,0.05376994202161835,-11.692162665709928,1.590330141909296,250,139.1528297732779,4.884981308350689e-15
equilibrium_dt2p5e-4,D2,0.25,1e-10,53,86,-0.04994683020401068,0.017726719018704484,0.05299926805717578,-11.749908703069377,11.202195167785476,250,139.1528297732779,4.884981308350689e-15
equilibrium_dt2p5e-4,D2,0.25,1e-10,54,89,0.007395411733804009,0.0516334291823714,0.05216035969817931,-11.813729861333863,5.714138930140386,250,139.1528297732779,4.884981308350689e-15
equilibrium_dt2p5e-4,D2,0.25,1e-10,55,97,-0.03930209323485365,0.03337965425191997,0.051564094587404984,-11.8597187601357,9.749997612753539,250,139.1528297732779,4.884981308350689e-15
equilibrium_dt2p5e-4,D2,0.25,1e-10,56,107,0.04823489513793555,0.01773649851878037,0.05139249447802993,-11.873052556045817,1.4094599850733485,250,139.1528297732779,4.884981308350689e-15
equilibrium_dt2p5e-4,D2,0.25,1e-10,57,99,-0.013115641316108985,0.04931541064529685,0.05102969502404539,-11.90139024131705,7.322933793954818,250,139.1528297732779,4.884981308350689e-15
equilibrium_dt2p5e-4,D2,0.25,1e-10,58,109,0.050322041439674794,0.0,0.050322041439674794,-11.957248393047712,0.0,250,139.1528297732779,4.884981308350689e-15
equilibrium_dt2p5e-4,D2,0.25,1e-10,59,101,-0.02302549744912166,0.044380612799493104,0.049998123217157256,-11.983079239661304,8.197541616928557,250,139.1528297732779,4.884981308350689e-15
equilibrium_dt2p5e-4,D2,0.25,1e-10,60,103,0.00023580788183207797,0.049985501339696425,0.049986057551460565,-11.984044645641532,6.264315344792077,250,139.1528297732779,4.884981308350689e-15
equilibrium_dt2p5e-4,D2,0.25,1e-10,61,110,0.03065541216185546,0.03814778018348525,0.04893881310106269,-12.068737893541877,3.575465630999656,250,139.1528297732779,4.884981308350689e-15
equilibrium_dt2p5e-4,D2,0.25,1e-10,62,105,-0.027585775548491474,0.039730796923133437,0.04836849425771924,-12.115626489218947,8.710792553250931,250,139.1528297732779,4.884981308350689e-15
equilibrium_dt2p5e-4,D2,0.25,1e-10,63,112,-0.04441271516953478,0.01568361387042942,0.04710058399602866,-12.221879515880827,11.208516412677767,250,139.1528297732779,4.884981308350689e-15
equilibrium_dt2p5e-4,D2,0.25,1e-10,64,114,-0.011007603618034097,0.04558010580466269,0.04689044020454493,-12.239765831594344,7.231037187044565,250,139.1528297732779,4.884981308350689e-15
equilibrium_dt2p5e-4,D2,0.25,1e-10,65,118,0.04527687450560007,0.00821282437645715,0.046015713068846234,-12.315089409471664,0.7177604113320325,250,139.1528297732779,4.884981308350689e-15
equilibrium_dt2p5e-4,D2,0.25,1e-10,66,120,0.03833610009858108,0.02326041606097995,0.04484086892666468,-12.418541210334336,2.1814708687787348,250,139.1528297732779,4.884981308350689e-15
equilibrium_dt2p5e-4,D2,0.25,1e-10,67,116,-0.04066847149047839,0.018664167386289593,0.044746795612594314,-12.426941772990434,10.845334512756635,250,139.1528297732779,4.884981308350689e-15
equilibrium_dt2p5e-4,D2,0.25,1e-10,68,122,0.020700762818813643,0.0385968662468992,0.04379771301519983,-12.512694708911171,4.314026941961483,250,139.1528297732779,4.884981308350689e-15
equilibrium_dt2p5e-4,D2,0.25,1e-10,69,124,-0.0029680881500349565,0.04250363503179203,0.042607141868261436,-12.622933561074849,6.562058176558381,250,139.1528297732779,4.884981308350689e-15
equilibrium_dt2p5e-4,D2,0.25,1e-10,70,126,0.007323074675087724,0.041568598731433655,0.04220871738387533,-12.660514024783348,5.585668711734062,250,139.1528297732779,4.884981308350689e-15
equilibrium_dt2p5e-4,D2,0.25,1e-10,71,134,0.04167120795309658,0.003912864255834436,0.04185451085551958,-12.694222806329224,0.3744959732426672,250,139.1528297732779,4.884981308350689e-15
equilibrium_dt2p5e-4,D2,0.25,1e-10,72,132,0.03073278639384175,0.027697622228796338,0.04137224234506292,-12.740580391106082,2.933999467566395,250,139.1528297732779,4.884981308350689e-15
equilibrium_dt2p5e-4,D2,0.25,1e-10,73,128,-0.014787969507665654,0.037649735644122856,0.04044980390844911,-12.830773932963815,7.7802438286940605,250,139.1528297732779,4.884981308350689e-15
equilibrium_dt2p5e-4,D2,0.25,1e-10,74,130,-0.03156081769945305,0.024462385364534284,0.03993110957112374,-12.882398281544612,9.928912471442484,250,139.1528297732779,4.884981308350689e-15
equilibrium_dt2p5e-4,D2,0.25,1e-10,75,136,-0.02513345685059899,0.030551035583360968,0.03956079408298965,-12.919666798210807,9.03683642638588,250,139.1528297732779,4.884981308350689e-15
equilibrium_dt2p5e-4,D2,0.25,1e-10,76,142,0.03946118133052254,0.0,0.03946118133052254,-12.929751365670295,0.0,250,139.1528297732779,4.884981308350689e-15
equilibrium_dt2p5e-4,D2,0.25,1e-10,77,138,0.010861424576668081,0.037582813281781,0.03912081796189676,-12.964402099950684,5.157847133176512,250,139.1528297732779,4.884981308350689e-15
equilibrium_dt2p5e-4,D2,0.25,1e-10,78,143,0.029652845138537942,0.02457600255155251,0.038513259096368734,-13.027010819457105,2.768205547944755,250,139.1528297732779,4.884981308350689e-15
equilibrium_dt2p5e-4,D2,0.25,1e-10,79,140,-0.037159276083813,0.008994334437493333,0.03823231422561961,-13.056296795293804,11.616447851631964,250,139.1528297732779,4.884981308350689e-15
equilibrium_dt2p5e-4,D2,0.25,1e-10,80,145,0.017105838548588714,0.034122167005260835,0.03816977853728385,-13.062844857006741,4.424399914966351,250,139.1528297732779,4.884981308350689e-15
equilibrium_dt2p5e-4,D2,0.25,1e-10,81,149,0.03546101459052452,0.01276984185709691,0.03769021646057047,-13.113418914146001,1.3826094199591434,250,139.1528297732779,4.884981308350689e-15
equilibrium_dt2p5e-4,D2,0.25,1e-10,82,147,0.0024033283629389755,0.03708093846985955,0.03715874035843541,-13.170225053570604,6.024295249504154,250,139.1528297732779,4.884981308350689e-15
equilibrium_dt2p5e-4,D2,0.25,1e-10,83,151,-0.036981552618569176,0.0,0.036981552618569176,-13.189344274182794,12.566370614359172,250,139.1528297732779,4.884981308350689e-15
equilibrium_dt2p5e-4,D2,0.25,1e-10,84,152,-0.019304007664368315,0.03049713462774703,0.03609321172199722,-13.286601889068487,8.540447572557735,250,139.1528297732779,4.884981308350689e-15
equilibrium_dt2p5e-4,D2,0.25,1e-10,85,154,-0.03536704845690279,0.005827916326236795,0.03584400542989759,-13.314315753892975,11.913106082616766,250,139.1528297732779,4.884981308350689e-15
equilibrium_dt2p5e-4,D2,0.25,1e-10,86,156,-0.030865646705130097,0.01715580305437596,0.03531302486288089,-13.374013627249273,10.537162514261931,250,139.1528297732779,4.884981308350689e-15
equilibrium_dt2p5e-4,D2,0.25,1e-10,87,164,0.03410349673684059,0.008196855731507038,0.035074733549420395,-13.401096998471004,0.9435124725918367,250,139.1528297732779,4.884981308350689e-15
equilibrium_dt2p5e-4,D2,0.25,1e-10,88,162,0.026739547151680337,0.022357701089603683,0.03485498787675878,-13.426236111452486,2.78554278721491,250,139.1528297732779,4.884981308350689e-15
equilibrium_dt2p5e-4,D2,0.25,1e-10,89,158,-0.021931372674507316,0.026917319727893803,0.03472070288346402,-13.441676580222,9.01791018131452,250,139.1528297732779,4.884981308350689e-15
equilibrium_dt2p5e-4,D2,0.25,1e-10,90,160,-0.001972627456595462,0.03393631510336562,0.03399359854262911,-13.526332201002003,6.51543329850201,250,139.1528297732779,4.884981308350689e-15
equilibrium_dt2p5e-4,D2,0.25,1e-10,91,167,0.01064873485770844,0.030393327079427882,0.032204811519815774,-13.742557646054015,4.935188227189481,250,139.1528297732779,4.884981308350689e-15
equilibrium_dt2p5e-4,D2,0.25,1e-10,92,169,0.01850960919942842,0.0257558695593911,0.03171703721150408,-13.803605164028836,3.790636023081961,250,139.1528297732779,4.884981308350689e-15
equilibrium_dt2p5e-4,D2,0.25,1e-10,93,183,0.0316367753478014,0.0,0.0316367753478014,-13.813740232893709,0.0,250,139.1528297732779,4.884981308350689e-15
equilibrium_dt2p5e-4,D2,0.25,1e-10,94,166,-0.03162300810546861,0.0,0.03162300810546861,-13.815481274901583,12.566370614359172,250,139.1528297732779,4.884981308350689e-15
equilibrium_dt2p5e-4,D2,0.25,1e-10,95,184,0.031399876228654235,0.0,0.031399876228654235,-13.843805311353208,0.0,250,139.1528297732779,4.884981308350689e-15
equilibrium_dt2p5e-4,D2,0.25,1e-10,96,173,0.015706157003876987,0.026853925754289,0.031109752429861928,-13.880935704000189,4.166293207180928,250,139.1528297732779,4.884981308350689e-15
equilibrium_dt2p5e-4,D2,0.25,1e-10,97,181,0.02865245986136894,0.011202152520020006,0.030764454768273542,-13.92558128565871,1.4907788778176307,250,139.1528297732779,4.884981308350689e-15
equilibrium_dt2p5e-4,D2,0.25,1e-10,98,171,-0.02791574667816527,0.012203553222079064,0.030466631317617173,-13.964492997776324,10.917881878389668,250,139.1528297732779,4.884981308350689e-15
equilibrium_dt2p5e-4,D2,0.25,1e-10,99,175,-0.013601115719951342,0.026328039426231208,0.0296336971850745,-14.075372586977243,8.190548354417741,250,139.1528297732779,4.884981308350689e-15
equilibrium_dt2p5e-4,D2,0.25,1e-10,100,177,-0.028672427135315155,0.0056530030523186245,0.029224382308946764,-14.131007630219681,11.78772446808624,250,139.1528297732779,4.884981308350689e-15
equilibrium_dt2p5e-4,D2,0.25,1e-10,101,179,0.001716582160606659,0.028890499044603186,0.02894145105830616,-14.169921675216209,6.045797039901472,250,139.1528297732779,4.884981308350689e-15
equilibrium_dt2p5e-4,D2,0.25,1e-10,102,185,-0.01840998153908281,0.021803004912689748,0.028535914975555684,-14.226367241920716,9.08807026106685,250,139.1528297732779,4.884981308350689e-15
equilibrium_dt2p5e-4,D2,0.25,1e-10,103,191,0.027507362861425667,0.005083212960139862,0.02797309538803802,-14.306048438982945,0.7309327430393543,250,139.1528297732779,4.884981308350689e-15
equilibrium_dt2p5e-4,D2,0.25,1e-10,104,187,0.009335145145554394,0.026028703740245577,0.02765209491676972,-14.352215153434921,4.905752226798442,250,139.1528297732779,4.884981308350689e-15
equilibrium_dt2p5e-4,D2,0.25,1e-10,105,189,-0.022814585835175462,0.0151251000808115,0.027372869401748018,-14.392811695790085,10.224649416407972,250,139.1528297732779,4.884981308350689e-15
equilibrium_dt2p5e-4,D2,0.25,1e-10,106,193,-0.012308543153320238,0.023062349653851462,0.026141388756407896,-14.576941778244699,8.244178869803932,250,139.1528297732779,4.884981308350689e-15
equilibrium_dt2p5e-4,D2,0.25,1e-10,107,197,0.02209599712104708,0.012784149776617985,0.025527780441791693,-14.671951962900444,2.09806168282984,250,139.1528297732779,4.884981308350689e-15
equilibrium_dt2p5e-4,D2,0.25,1e-10,108,195,-0.023573936496976956,0.008451520414005424,0.02504313637050784,-14.748621944722663,11.189422723436278,250,139.1528297732779,4.884981308350689e-15
equilibrium_dt2p5e-4,D2,0.25,1e-10,109,201,0.01187072179950663,0.02047549743920535,0.023667700171841513,-14.974576089318658,4.181590866833457,250,139.1528297732779,4.884981308350689e-15
equilibrium_dt2p5e-4,D2,0.25,1e-10,110,199,-0.000876901673495026,0.02350484257132031,0.023521194290416672,-14.999413518348328,6.432345239088223,250,139.1528297732779,4.884981308350689e-15
equilibrium_dt2p5e-4,D2,0.25,1e-10,111,203,0.014685761066421093,0.018339727348550997,0.023495045803726345,-15.003862787678925,3.5823631189323413,250,139.1528297732779,4.884981308350689e-15
equilibrium_dt2p5e-4,D2,0.25,1e-10,112,209,0.022272855570843957,0.0004305382836335327,0.02227701637323429,-15.21679915166345,0.07731108746342055,250,139.1528297732779,4.884981308350689e-15
equilibrium_dt2p5e-4,D2,0.25,1e-10,113,205,-0.007847456372649893,0.020592388066291878,0.022036992031432136,-15.260131126856272,7.7395654062138,250,139.1528297732779,4.884981308350689e-15
equilibrium_dt2p5e-4,D2,0.25,1e-10,114,207,-0.02166509662510534,0.002466811815788131,0.021805081341505304,-15.302448989153007,12.112879210199118,250,139.1528297732779,4.884981308350689e-15
equilibrium_dt2p5e-4,D2,0.25,1e-10,115,211,0.01931516262034421,0.010042536594472597,0.021769888568884854,-15.308910089246872,1.917857425926536,250,139.1528297732779,4.884981308350689e-15
equilibrium_dt2p5e-4,D2,0.25,1e-10,116,219,0.0021251659114284,0.019629172785614275,0.019743878909641778,-15.699647057194165,5.851802793441191,250,139.1528297732779,4.884981308350689e-15
equilibrium_dt2p5e-4,D2,0.25,1e-10,117,215,-0.012575839007105433,0.014931392653282844,0.019521736943703124,-15.744906876736986,9.083075679802631,250,139.1528297732779,4.884981308350689e-15
equilibrium_dt2p5e-4,D2,0.25,1e-10,118,217,-0.01906741337288928,0.0039835324874799806,0.01947908580533094,-15.753655647120533,11.742546604335129,250,139.1528297732779,4.884981308350689e-15
equilibrium_dt2p5e-4,D2,0.25,1e-10,119,213,-0.01572262285597991,0.011388466414884038,0.019413861974226652,-15.767071733269287,10.058878541942267,250,139.1528297732779,4.884981308350689e-15
equilibrium_dt2p5e-4,D2,0.25,1e-10,120,222,0.013889934129810738,0.012882946426876797,0.018944671513865287,-15.864930294389929,2.9912146248344005,250,139.1528297732779,4.884981308350689e-15
equilibrium_dt2p5e-4,D2,0.25,1e-10,121,221,0.018190071068303577,0.0,0.018190071068303577,-16.027517517844764,0.0,250,139.1528297732779,4.884981308350689e-15
equilibrium_dt2p5e-4,D2,0.25,1e-10,122,224,-0.002334301530068612,0.017047737150536445,0.01720680986083885,-16.2498002055097,6.827509700205291,250,139.1528297732779,4.884981308350689e-15
equilibrium_dt2p5e-4,D2,0.25,1e-10,123,227,0.008390524504339763,0.013577241285703673,0.01596065106404317,-16.550515577224367,4.0690311510920765,250,139.1528297732779,4.884981308350689e-15
equilibrium_dt2p5e-4,D2,0.25,1e-10,124,231,-0.0012462736456402025,0.015460728116587245,0.015510877212293593,-16.664854982161756,6.6049255932090665,250,139.1528297732779,4.884981308350689e-15
equilibrium_dt2p5e-4,D2,0.25,1e-10,125,226,-0.014799345771037992,0.0,0.014799345771037992,-16.85268921539487,12.566370614359172,250,139.1528297732779,4.884981308350689e-15
equilibrium_dt2p5e-4,D2,0.25,1e-10,126,229,0.013273370310166798,0.006386557191446132,0.014729917588039307,-16.87149857344417,1.7938352137486135,250,139.1528297732779,4.884981308350689e-15
equilibrium_dt2p5e-4,D2,0.25,1e-10,127,233,-0.005157590207802798,0.013686193263550396,0.01462575204216438,-16.899885861999255,7.724738473148618,250,139.1528297732779,4.884981308350689e-15
equilibrium_dt2p5e-4,D2,0.25,1e-10,128,237,0.006520750026722404,0.009038782204105403,0.01114539208122589,-17.986916531007243,3.7833572294007065,250,139.1528297732779,4.884981308350689e-15
equilibrium_dt2p5e-4,D2,0.25,1e-10,129,239,3.8920112731666084e-05,0.010803997319151343,0.010804067421457737,-18.111330410619747,6.268775846226967,250,139.1528297732779,4.884981308350689e-15
equilibrium_dt2p5e-4,D2,0.25,1e-10,130,235,-0.009054206836273433,0.005532184908425352,0.010610548114731387,-18.183626669958812,10.372475857002469,250,139.1528297732779,4.884981308350689e-15
equilibrium_dt2p5e-4,D2,0.25,1e-10,131,242,0.00923343835108539,0.0009737239228352294,0.0092846390377438,-18.717575843127854,0.42027170352861914,250,139.1528297732779,4.884981308350689e-15
equilibrium_dt2p5e-4,D2,0.25,1e-10,132,241,-0.008818248278577107,0.0,0.008818248278577107,-18.923728146238673,12.566370614359172,250,139.1528297732779,4.884981308350689e-15
equilibrium_dt2p5e-4,D2,0.25,1e-10,133,246,-0.0032840642071929817,0.004509668656043616,0.005578726476918213,-20.755179034321227,8.800866906746222,250,139.1528297732779,4.884981308350689e-15
equilibrium_dt2p5e-4,D2,0.25,1e-10,134,244,0.005104833841472154,0.001893116575201174,0.005444558652116879,-20.852554326033264,1.420501822302398,250,139.1528297732779,4.884981308350689e-15
equilibrium_dt2p5e-4,D2,0.25,1e-10,135,249,-0.005090800976165856,0.0,0.005090800976165856,-21.121280392381706,12.566370614359172,250,139.1528297732779,4.884981308350689e-15
equilibrium_dt2p5e-4,D2,0.25,1e-10,136,248,-0.0001919043524996687,0.0,0.0001919043524996687,-34.234053896502644,12.566370614359172,250,139.1528297732779,4.884981308350689e-15
equilibrium_dt2p5e-4,D2,0.5,1e-10,0,0,0.9999999999999978,0.0,0.9999999999999978,-4.440892098500631e-15,0.0,250,139.1528297732779,2.220446049250313e-15
equilibrium_dt2p5e-4,D2,0.5,1e-10,1,1,0.5775284218815355,0.0,0.5775284218815355,-1.0979952448358863,0.0,250,139.1528297732779,2.220446049250313e-15
equilibrium_dt2p5e-4,D2,0.5,1e-10,2,2,0.33856571236070093,0.0,0.33856571236070093,-2.1660741547472453,0.0,250,139.1528297732779,2.220446049250313e-15
equilibrium_dt2p5e-4,D2,0.5,1e-10,3,3,0.2448562664227465,0.0,0.2448562664227465,-2.814167816512956,0.0,250,139.1528297732779,2.220446049250313e-15
equilibrium_dt2p5e-4,D2,0.5,1e-10,4,4,0.18246775887473635,0.0,0.18246775887473635,-3.4023635705330704,0.0,250,139.1528297732779,2.220446049250313e-15
equilibrium_dt2p5e-4,D2,0.5,1e-10,5,5,-0.09239966150846546,0.10740945014835457,0.14168446431437307,-3.9083055523245527,4.562429353801237,250,139.1528297732779,2.220446049250313e-15
equilibrium_dt2p5e-4,D2,0.5,1e-10,6,10,0.09587909335198738,0.011696113386008658,0.0965898525225993,-4.674563179262646,0.24277678280089007,250,139.1528297732779,2.220446049250313e-15
equilibrium_dt2p5e-4,D2,0.5,1e-10,7,8,0.06287591250273587,0.07226621203227454,0.09579032192526216,-4.691187245706437,1.709542564729905,250,139.1528297732779,2.220446049250313e-15
equilibrium_dt2p5e-4,D2,0.5,1e-10,8,7,-0.09415060170246752,0.0,0.09415060170246752,-4.725719266015098,6.283185307179586,250,139.1528297732779,2.220446049250313e-15
equilibrium_dt2p5e-4,D2,0.5,1e-10,9,12,0.09294480098153425,0.0,0.09294480098153425,-4.751498999750311,0.0,250,139.1528297732779,2.220446049250313e-15
equilibrium_dt2p5e-4,D2,0.5,1e-10,10,13,0.08785865465733066,0.0,0.08785865465733066,-4.8640519057943346,0.0,250,139.1528297732779,2.220446049250313e-15
equilibrium_dt2p5e-4,D2,0.5,1e-10,11,14,-0.05270064271965483,0.053962666455535095,0.07542762832050362,-5.169163295472026,4.688726394641272,250,139.1528297732779,2.220446049250313e-15
equilibrium_dt2p5e-4,D2,0.5,1e-10,12,18,-0.043408133252452547,0.05614970108538979,0.07097221262185151,-5.290933700139725,4.457809764750164,250,139.1528297732779,2.220446049250313e-15
equilibrium_dt2p5e-4,D2,0.5,1e-10,13,16,0.014431901306641251,0.06814971448099699,0.0696610605659004,-5.32822757853855,2.724223593882421,250,139.1528297732779,2.220446049250313e-15
equilibrium_dt2p5e-4,D2,0.5,1e-10,14,20,0.06540635784716878,0.02086864347274086,0.06865487548036386,-5.357326259821958,0.6177025777320527,250,139.1528297732779,2.220446049250313e-15
equilibrium_dt2p5e-4,D2,0.5,1e-10,15,22,-0.03220596218887153,0.059994109030474044,0.06809197543669467,-5.373791815533801,4.126926558179903,250,139.1528297732779,2.220446049250313e-15
equilibrium_dt2p5e-4,D2,0.5,1e-10,16,26,-0.06522499772452658,0.01337877150353035,0.0665829697077877,-5.418612888456944,5.8785630954697865,250,139.1528297732779,2.220446049250313e-15
equilibrium_dt2p5e-4,D2,0.5,1e-10,17,24,0.054369143932808686,0.03687274727787993,0.06569325158496016,-5.44551814873801,1.1918793153001563,250,139.1528297732779,2.220446049250313e-15
equilibrium_dt2p5e-4,D2,0.5,1e-10,18,28,-0.05942574719460609,0.02531922302171785,0.06459475585572501,-5.479244100385395,5.477640801660848,250,139.1528297732779,2.220446049250313e-15
equilibrium_dt2p5e-4,D2,0.5,1e-10,19,30,0.028712568793358983,0.051206794362720916,0.05870730274522377,-5.6703823039213255,2.1195232404465845,250,139.1528297732779,2.220446049250313e-15
equilibrium_dt2p5e-4,D2,0.5,1e-10,20,34,-0.05770517618281506,0.0,0.05770517618281506,-5.7048168019013294,6.283185307179586,250,139.1528297732779,2.220446049250313e-15
equilibrium_dt2p5e-4,D2,0.5,1e-10,21,32,-0.008678634057153169,0.055024612495904505,0.05570481729098866,-5.775377298830808,3.4544608222879383,250,139.1528297732779,2.220446049250313e-15
equilibrium_dt2p5e-4,D2,0.5,1e-10,22,39,-0.050476421870303156,0.02304707197403799,0.05548906821532784,-5.783138493447799,5.426542634338932,250,139.1528297732779,2.220446049250313e-15
equilibrium_dt2p5e-4,D2,0.5,1e-10,23,37,-0.05428993807545454,0.00992974979786979,0.05519055451148307,-5.7939269085263065,5.921380025031541,250,139.1528297732779,2.220446049250313e-15
equilibrium_dt2p5e-4,D2,0.5,1e-10,24,43,0.0513191379683681,0.02029525618111268,0.05518651416128213,-5.794073328439476,0.7531928143952582,250,139.1528297732779,2.220446049250313e-15
equilibrium_dt2p5e-4,D2,0.5,1e-10,25,35,-0.04400654309286953,0.03302720877713305,0.05502156263314335,-5.800060245410041,4.995534574158575,250,139.1528297732779,2.220446049250313e-15
equilibrium_dt2p5e-4,D2,0.5,1e-10,26,41,0.01849428299510031,0.051743979792618244,0.05494977659901577,-5.802671327345571,2.4550549548617817,250,139.1528297732779,2.220446049250313e-15
equilibrium_dt2p5e-4,D2,0.5,1e-10,27,45,0.05397452317484106,0.004179987544191238,0.05413613809481656,-5.832506658337009,0.15457889054799856,250,139.1528297732779,2.220446049250313e-15
equilibrium_dt2p5e-4,D2,0.5,1e-10,28,47,0.0375793208246756,0.03658232505959326,0.05244494122801209,-5.895982796419277,1.5439108471731062,250,139.1528297732779,2.220446049250313e-15
equilibrium_dt2p5e-4,D2,0.5,1e-10,29,51,-0.0034492298114897207,0.051438546917105844,0.051554061869417904,-5.930248553744473,3.2755028898504293,250,139.1528297732779,2.220446049250313e-15
equilibrium_dt2p5e-4,D2,0.5,1e-10,30,49,0.0342883709615426,0.03671285739050448,0.05023471191289821,-5.982098037745667,1.639064011927384,250,139.1528297732779,2.220446049250313e-15
equilibrium_dt2p5e-4,D2,0.5,1e-10,31,55,-0.049557563112329735,0.007520510721080562,0.05012494531805928,-5.986472968535069,5.981977373185376,250,139.1528297732779,2.220446049250313e-15
equilibrium_dt2p5e-4,D2,0.5,1e-10,32,59,-0.017213443624282232,0.04642227041171385,0.04951090618827963,-6.011124613279954,3.8517619515341757,250,139.1528297732779,2.220446049250313e-15
equilibrium_dt2p5e-4,D2,0.5,1e-10,33,53,0.023823299266422404,0.04314481849569377,0.04928513925073035,-6.020265356901281,2.1325763491377825,250,139.1528297732779,2.220446049250313e-15
equilibrium_dt2p5e-4,D2,0.5,1e-10,34,61,-0.021009869200976458,0.04378133362711898,0.048561505104467655,-6.049848275946839,4.0364406114330365,250,139.1528297732779,2.220446049250313e-15
equilibrium_dt2p5e-4,D2,0.5,1e-10,35,57,0.0053681268226080416,0.04816098607485097,0.04845923405591129,-6.054064738831837,2.919584731627471,250,139.1528297732779,2.220446049250313e-15
equilibrium_dt2p5e-4,D2,0.5,1e-10,36,63,0.041493873947774665,0.02289139611801107,0.047389424890216865,-6.0987123575086715,1.0082663059289947,250,139.1528297732779,2.220446049250313e-15
equilibrium_dt2p5e-4,D2,0.5,1e-10,37,65,-0.02874876409206551,0.03675132154019765,0.04665995147631672,-6.12973810466234,4.469241446982798,250,139.1528297732779,2.220446049250313e-15
equilibrium_dt2p5e-4,D2,0.5,1e-10,38,67,-0.036802462741293014,0.02572896213385201,0.04490435119572992,-6.206441160676792,5.062928786016336,250,139.1528297732779,2.220446049250313e-15
equilibrium_dt2p5e-4,D2,0.5,1e-10,39,69,0.04423008135017156,0.0054967884555324024,0.0445703351969409,-6.221373542733437,0.247286404268933,250,139.1528297732779,2.220446049250313e-15
equilibrium_dt2p5e-4,D2,0.5,1e-10,40,71,-0.0006095940293941371,0.043806581120129334,0.043810822342375,-6.255748813355931,3.1694220194259923,250,139.1528297732779,2.220446049250313e-15
equilibrium_dt2p5e-4,D2,0.5,1e-10,41,79,0.03537274757973268,0.025542055770351457,0.04363058427657402,-6.263993800623704,1.250786928780127,250,139.1528297732779,2.220446049250313e-15
equilibrium_dt2p5e-4,D2,0.5,1e-10,42,77,0.01122110713102576,0.042078433955367485,0.0435489132973738,-6.267741057965857,2.6203793763521492,250,139.1528297732779,2.220446049250313e-15
equilibrium_dt2p5e-4,D2,0.5,1e-10,43,75,-0.04271238732392109,0.008325773463197064,0.04351627896166136,-6.269240363779996,5.898160491303297,250,139.1528297732779,2.220446049250313e-15
equilibrium_dt2p5e-4,D2,0.5,1e-10,44,73,-0.031563937422851296,0.029941507170772035,0.04350604552577798,-6.2697107458798,4.76513403755452,250,139.1528297732779,2.220446049250313e-15
equilibrium_dt2p5e-4,D2,0.5,1e-10,45,81,0.03718461128986447,0.021866846450769216,0.0431376203618122,-6.28671960074423,1.0631902070358805,250,139.1528297732779,2.220446049250313e-15
equilibrium_dt2p5e-4,D2,0.5,1e-10,46,87,0.042111663219843005,0.0,0.042111663219843005,-6.334861081120864,0.0,250,139.1528297732779,2.220446049250313e-15
equilibrium_dt2p5e-4,D2,0.5,1e-10,47,83,0.04013506681458921,0.011742861604174523,0.041817680314268225,-6.348872109708336,0.5692778595378039,250,139.1528297732779,2.220446049250313e-15
equilibrium_dt2p5e-4,D2,0.5,1e-10,48,85,0.029564148135457016,0.029059108994780126,0.041454440902583135,-6.366320528712224,1.5535667605238648,250,139.1528297732779,2.220446049250313e-15
equilibrium_dt2p5e-4,D2,0.5,1e-10,49,88,-0.037076313956759484,0.017953342874760515,0.04119436341295872,-6.378907684702256,5.381286170080125,250,139.1528297732779,2.220446049250313e-15
equilibrium_dt2p5e-4,D2,0.5,1e-10,50,90,-0.04098449759508397,0.0,0.04098449759508397,-6.389122782430893,6.283185307179586,250,139.1528297732779,2.220446049250313e-15
equilibrium_dt2p5e-4,D2,0.5,1e-10,51,91,-0.032649253913043214,0.024132916416919115,0.04060014083552386,-6.407967487050398,5.010134839784851,250,139.1528297732779,2.220446049250313e-15
equilibrium_dt2p5e-4,D2,0.5,1e-10,52,93,0.011369617432774697,0.03863252149847894,0.04027083209840705,-6.424255682694446,2.5691509565278157,250,139.1528297732779,2.220446049250313e-15
equilibrium_dt2p5e-4,D2,0.5,1e-10,53,95,-0.014526298335574216,0.036953985141872356,0.03970655312665441,-6.452478077496665,3.8906659411200657,250,139.1528297732779,2.220446049250313e-15
equilibrium_dt2p5e-4,D2,0.5,1e-10,54,97,0.017606863984393886,0.03517015236967101,0.03933117436678979,-6.471475667341916,2.2133064862220273,250,139.1528297732779,2.220446049250313e-15
equilibrium_dt2p5e-4,D2,0.5,1e-10,55,99,0.03421474299745669,0.018199281013971582,0.03875387035906889,-6.501049295872887,0.9777024137512245,250,139.1528297732779,2.220446049250313e-15
equilibrium_dt2p5e-4,D2,0.5,1e-10,56,104,0.03448224488375673,0.016771881139643906,0.03834476768981278,-6.522274392411106,0.9054038056442322,250,139.1528297732779,2.220446049250313e-15
equilibrium_dt2p5e-4,D2,0.5,1e-10,57,103,-0.0383155918159024,0.0,0.0383155918159024,-6.5237967372321926,6.283185307179586,250,139.1528297732779,2.220446049250313e-15
equilibrium_dt2p5e-4,D2,0.5,1e-10,58,112,0.036553749554309456,0.00998017700321156,0.03789169486173206,-6.546046647685432,0.5330628459492863,250,139.1528297732779,2.220446049250313e-15
equilibrium_dt2p5e-4,D2,0.5,1e-10,59,101,-0.007290762614686263,0.036936392859713604,0.037649068208799125,-6.558894147625532,3.531356196950495,250,139.1528297732779,2.220446049250313e-15
equilibrium_dt2p5e-4,D2,0.5,1e-10,60,106,-0.021218287863942642,0.030834338247248138,0.03742956258123844,-6.570588886897695,4.347033901987729,250,139.1528297732779,2.220446049250313e-15
equilibrium_dt2p5e-4,D2,0.5,1e-10,61,108,0.0030555274162854165,0.03696685212857651,0.03709291582078327,-6.588658551657095,2.9766558424331193,250,139.1528297732779,2.220446049250313e-15
equilibrium_dt2p5e-4,D2,0.5,1e-10,62,110,0.021890153113946067,0.029869355670081796,0.03703184050918682,-6.591954364200256,1.8767064988728783,250,139.1528297732779,2.220446049250313e-15
equilibrium_dt2p5e-4,D2,0.5,1e-10,63,116,-0.03481164280248724,0.011092709634794948,0.03653626529422287,-6.618899883905267,5.666230639838658,250,139.1528297732779,2.220446049250313e-15
equilibrium_dt2p5e-4,D2,0.5,1e-10,64,114,0.02684065454538536,0.0245954385091043,0.036405443712168195,-6.626073925978428,1.4835505218097642,250,139.1528297732779,2.220446049250313e-15
equilibrium_dt2p5e-4,D2,0.5,1e-10,65,118,-0.010285780479735806,0.0340001009249533,0.035521882593470805,-6.675212722640718,3.729130652338394,250,139.1528297732779,2.220446049250313e-15
equilibrium_dt2p5e-4,D2,0.5,1e-10,66,126,-0.034129935996799594,0.007244775399632649,0.034890389819214676,-6.711087702078975,5.86485388882058,250,139.1528297732779,2.220446049250313e-15
equilibrium_dt2p5e-4,D2,0.5,1e-10,67,124,-0.024601897235415268,0.024738592832974544,0.03488912900801098,-6.711159976077135,4.706848084960288,250,139.1528297732779,2.220446049250313e-15
equilibrium_dt2p5e-4,D2,0.5,1e-10,68,122,-0.01815485938751392,0.029609386312114537,0.0347320410739196,-6.720185288377144,4.241651086123562,250,139.1528297732779,2.220446049250313e-15
equilibrium_dt2p5e-4,D2,0.5,1e-10,69,120,0.017058765523373,0.030145058863059616,0.03463706187075844,-6.725662035717442,2.111671905688397,250,139.1528297732779,2.220446049250313e-15
equilibrium_dt2p5e-4,D2,0.5,1e-10,70,133,0.03211877636670915,0.010447789912779028,0.033775318049668185,-6.776049956923373,0.6289812005277895,250,139.1528297732779,2.220446049250313e-15
equilibrium_dt2p5e-4,D2,0.5,1e-10,71,132,-0.033695422486586836,0.0,0.033695422486586836,-6.7807865642165455,6.283185307179586,250,139.1528297732779,2.220446049250313e-15
equilibrium_dt2p5e-4,D2,0.5,1e-10,72,135,0.03356347909099511,0.002081443815383848,0.03362795766989523,-6.784794968970892,0.1238716418030922,250,139.1528297732779,2.220446049250313e-15
equilibrium_dt2p5e-4,D2,0.5,1e-10,73,128,-0.0019203094927451472,0.03323933963815168,0.03329476367431264,-6.804710282755972,3.257008745291763,250,139.1528297732779,2.220446049250313e-15
equilibrium_dt2p5e-4,D2,0.5,1e-10,74,130,0.00786323159153626,0.03214335393556595,0.03309117122873104,-6.816977524855554,2.661756093120536,250,139.1528297732779,2.220446049250313e-15
equilibrium_dt2p5e-4,D2,0.5,1e-10,75,139,0.029205386975000924,0.014779161057373053,0.03273191454711022,-6.838809394007664,0.9369395059517677,250,139.1528297732779,2.220446049250313e-15
equilibrium_dt2p5e-4,D2,0.5,1e-10,76,137,0.02415244714729649,0.02165302063810749,0.03243754007253415,-6.856877765360034,1.4617722122637131,250,139.1528297732779,2.220446049250313e-15
equilibrium_dt2p5e-4,D2,0.5,1e-10,77,141,-0.021700142809316196,0.023563961447070993,0.03203367723230921,-6.88193503214322,4.630082421291019,250,139.1528297732779,2.220446049250313e-15
equilibrium_dt2p5e-4,D2,0.5,1e-10,78,143,-0.030165592958903753,0.010432950545965504,0.03191879470871081,-6.889120533731227,5.6172287521094235,250,139.1528297732779,2.220446049250313e-15
equilibrium_dt2p5e-4,D2,0.5,1e-10,79,147,0.030937439338888848,0.0,0.030937439338888848,-6.951576398836678,0.0,250,139.1528297732779,2.220446049250313e-15
equilibrium_dt2p5e-4,D2,0.5,1e-10,80,150,-0.030124043789587777,0.004541505632706369,0.030464459418294388,-6.982389079583664,5.983918714371372,250,139.1528297732779,2.220446049250313e-15
equilibrium_dt2p5e-4,D2,0.5,1e-10,81,145,0.00936637714285728,0.028857052596514988,0.03033905907143911,-6.990638636699086,2.5138915213369044,250,139.1528297732779,2.220446049250313e-15
equilibrium_dt2p5e-4,D2,0.5,1e-10,82,148,-0.01478459950933115,0.025885250716416522,0.029809907535969595,-7.025828946151829,4.179478730098352,250,139.1528297732779,2.220446049250313e-15
equilibrium_dt2p5e-4,D2,0.5,1e-10,83,154,-0.025718772025684025,0.014355582623774612,0.02945399780975626,-7.049851258079347,5.264989030770929,250,139.1528297732779,2.220446049250313e-15
equilibrium_dt2p5e-4,D2,0.5,1e-10,84,152,-0.019098346022432496,0.022235050192525217,0.029311163024634126,-7.059573689831518,4.560903557892675,250,139.1528297732779,2.220446049250313e-15
equilibrium_dt2p5e-4,D2,0.5,1e-10,85,156,0.0031646965320495982,0.02836347785993615,0.028539484586289483,-7.112933452883333,2.919358904942583,250,139.1528297732779,2.220446049250313e-15
equilibrium_dt2p5e-4,D2,0.5,1e-10,86,160,0.017851820308578303,0.02164607068182935,0.028057795071824886,-7.146977572892924,1.7623328090271118,250,139.1528297732779,2.220446049250313e-15
equilibrium_dt2p5e-4,D2,0.5,1e-10,87,158,0.011990263284416866,0.0251738766332949,0.02788351624845737,-7.159439160445055,2.252579190118227,250,139.1528297732779,2.220446049250313e-15
equilibrium_dt2p5e-4,D2,0.5,1e-10,88,162,-0.01060013397254928,0.02541677101408974,0.02753861087670665,-7.184332454321017,3.931832725188808,250,139.1528297732779,2.220446049250313e-15
equilibrium_dt2p5e-4,D2,0.5,1e-10,89,164,0.02487536643311814,0.010952704880555848,0.027179874896372365,-7.210556946104411,0.8295218321780599,250,139.1528297732779,2.220446049250313e-15
equilibrium_dt2p5e-4,D2,0.5,1e-10,90,166,0.026828068845414003,0.0037357893885960588,0.027086923050251028,-7.217408423659231,0.2767191625748114,250,139.1528297732779,2.220446049250313e-15
equilibrium_dt2p5e-4,D2,0.5,1e-10,91,175,-0.025564917164142067,0.007468556511019947,0.026633518843137197,-7.25116949915595,5.714723194099727,250,139.1528297732779,2.220446049250313e-15
equilibrium_dt2p5e-4,D2,0.5,1e-10,92,168,-0.004580462190275723,0.026115651781709943,0.026514296178855572,-7.260142426017526,3.488843583746749,250,139.1528297732779,2.220446049250313e-15
equilibrium_dt2p5e-4,D2,0.5,1e-10,93,170,0.026482129046712755,0.0,0.026482129046712755,-7.262570298158422,0.0,250,139.1528297732779,2.220446049250313e-15
equilibrium_dt2p5e-4,D2,0.5,1e-10,94,171,-0.001815021113983615,0.0261367020865687,0.02619964689850325,-7.284018690924536,3.2802568159289898,250,139.1528297732779,2.220446049250313e-15
equilibrium_dt2p5e-4,D2,0.5,1e-10,95,173,0.015162638076217889,0.021147073003360897,0.02602122768125762,-7.297685249589854,1.8974920356607718,250,139.1528297732779,2.220446049250313e-15
equilibrium_dt2p5e-4,D2,0.5,1e-10,96,182,-0.017229064232157473,0.01791147982229369,0.024852801929364867,-7.3895695581978895,4.673554645661352,250,139.1528297732779,2.220446049250313e-15
equilibrium_dt2p5e-4,D2,0.5,1e-10,97,186,-0.023819135739202302,0.004050020984311121,0.024160999510283197,-7.44603107262503,5.946342326004467,250,139.1528297732779,2.220446049250313e-15
equilibrium_dt2p5e-4,D2,0.5,1e-10,98,180,-0.007975337061061603,0.02273769108107618,0.02409582115089656,-7.451433699497501,3.8162854817124514,250,139.1528297732779,2.220446049250313e-15
equilibrium_dt2p5e-4,D2,0.5,1e-10,99,184,-0.021106529622830904,0.01144553879204909,0.024010121843916973,-7.458559588092886,5.289399702731654,250,139.1528297732779,2.220446049250313e-15
equilibrium_dt2p5e-4,D2,0.5,1e-10,100,178,0.015556052616074852,0.018119821411540223,0.02388134629748082,-7.469315228860888,1.7227646374984102,250,139.1528297732779,2.220446049250313e-15
equilibrium_dt2p5e-4,D2,0.5,1e-10,101,177,0.023818721970856525,0.0,0.023818721970856525,-7.474566740221649,0.0,250,139.1528297732779,2.220446049250313e-15
equilibrium_dt2p5e-4,D2,0.5,1e-10,102,196,0.021063106870247587,0.009540121283280143,0.023122897420677323,-7.533863844132849,0.8505763391527075,250,139.1528297732779,2.220446049250313e-15
equilibrium_dt2p5e-4,D2,0.5,1e-10,103,188,-0.013085574369927735,0.018532564688958496,0.022686740853223957,-7.571949257063643,4.371189646885782,250,139.1528297732779,2.220446049250313e-15
equilibrium_dt2p5e-4,D2,0.5,1e-10,104,194,-0.003391844636276685,0.02239042378409596,0.022645875723143253,-7.575555061822877,3.4422792917982603,250,139.1528297732779,2.220446049250313e-15
equilibrium_dt2p5e-4,D2,0.5,1e-10,105,190,-0.018952972975720097,0.012373301236170373,0.02263434929701739,-7.576573292308234,5.12644394207039,250,139.1528297732779,2.220446049250313e-15
equilibrium_dt2p5e-4,D2,0.5,1e-10,106,192,0.007875730758548962,0.020708167685959664,0.022155255446303892,-7.619361088870689,2.4147394123155967,250,139.1528297732779,2.220446049250313e-15
equilibrium_dt2p5e-4,D2,0.5,1e-10,107,202,-0.021679810326463052,0.003669759036204306,0.02198820836665,-7.634497905296651,5.947822581747598,250,139.1528297732779,2.220446049250313e-15
equilibrium_dt2p5e-4,D2,0.5,1e-10,108,198,0.006688836446216822,0.020280187151312266,0.021354777542659853,-7.692959583701819,2.5044199619355982,250,139.1528297732779,2.220446049250313e-15
equilibrium_dt2p5e-4,D2,0.5,1e-10,109,208,0.020916143296111803,0.0037055768042824557,0.02124185372880434,-7.703563622098472,0.3506881759415357,250,139.1528297732779,2.220446049250313e-15
equilibrium_dt2p5e-4,D2,0.5,1e-10,110,200,-0.005402131300418666,0.02051700991777061,0.021216284277716033,-7.70597253170968,3.65650611336351,250,139.1528297732779,2.220446049250313e-15
equilibrium_dt2p5e-4,D2,0.5,1e-10,111,206,0.01584581911347951,0.01281179195182603,0.020377242119432818,-7.786673166475825,1.359838975426217,250,139.1528297732779,2.220446049250313e-15
equilibrium_dt2p5e-4,D2,0.5,1e-10,112,204,-0.01752397237136398,0.009683535184123992,0.020021499977136963,-7.8218971679376095,5.273529477393107,250,139.1528297732779,2.220446049250313e-15
equilibrium_dt2p5e-4,D2,0.5,1e-10,113,212,0.011504314425025761,0.013344858197491193,0.01761915124803132,-8.07753765887913,1.718663541331174,250,139.1528297732779,2.220446049250313e-15
equilibrium_dt2p5e-4,D2,0.5,1e-10,114,216,0.017563590071279715,0.0,0.017563590071279715,-8.083854531397495,0.0,250,139.1528297732779,2.220446049250313e-15
equilibrium_dt2p5e-4,D2,0.5,1e-10,115,210,-0.010234029432522745,0.014097361053809543,0.017420417535386687,-8.100224678217414,4.39745852891837,250,139.1528297732779,2.220446049250313e-15
equilibrium_dt2p5e-4,D2,0.5,1e-10,116,221,-0.017029695666338895,0.0,0.017029695666338895,-8.145593309822411,6.283185307179586,250,139.1528297732779,2.220446049250313e-15
equilibrium_dt2p5e-4,D2,0.5,1e-10,117,217,-0.01637498092599799,0.0030062807151035554,0.016648655323022385,-8.190851654394194,5.920049380528739,250,139.1528297732779,2.220446049250313e-15
equilibrium_dt2p5e-4,D2,0.5,1e-10,118,214,0.003628763880986585,0.015928952403420685,0.016337057629034504,-8.228638554855287,2.6936190869139165,250,139.1528297732779,2.220446049250313e-15
equilibrium_dt2p5e-4,D2,0.5,1e-10,119,219,-0.0038544838576744047,0.01538290367814784,0.01585846056148726,-8.288104263410865,3.6326215149240313,250,139.1528297732779,2.220446049250313e-15
equilibrium_dt2p5e-4,D2,0.5,1e-10,120,226,0.015411256680506323,0.0007485835439145774,0.01542942674873796,-8.342957530063254,0.09707133578722166,250,139.1528297732779,2.220446049250313e-15
equilibrium_dt2p5e-4,D2,0.5,1e-10,121,224,0.012386357834533273,0.008884660551499411,0.015243328164166564,-8.367226738180682,1.2444772943151836,250,139.1528297732779,2.220446049250313e-15
equilibrium_dt2p5e-4,D2,0.5,1e-10,122,222,-0.011605713414006244,0.00752986829058606,0.01383443169492762,-8.561189487864512,5.132113086364218,250,139.1528297732779,2.220446049250313e-15
equilibrium_dt2p5e-4,D2,0.5,1e-10,123,232,0.010080859368642768,0.00886782274784415,0.013426168697641738,-8.621099177096221,1.4429369221230437,250,139.1528297732779,2.220446049250313e-15
equilibrium_dt2p5e-4,D2,0.5,1e-10,124,234,-0.0129004583068979,0.0,0.0129004583068979,-8.700984881158199,6.283185307179586,250,139.1528297732779,2.220446049250313e-15
equilibrium_dt2p5e-4,D2,0.5,1e-10,125,228,0.001319528219289908,0.011928966645223017,0.012001724873714847,-8.845409800094858,2.921257463279432,250,139.1528297732779,2.220446049250313e-15
equilibrium_dt2p5e-4,D2,0.5,1e-10,126,230,-0.005513120338749322,0.010422252574064629,0.011790582877327491,-8.88090825474871,4.114710088653187,250,139.1528297732779,2.220446049250313e-15
equilibrium_dt2p5e-4,D2,0.5,1e-10,127,241,0.009666109839422706,0.0022132140924908494,0.009916249091616473,-9.22716108990723,0.450172938940056,250,139.1528297732779,2.220446049250313e-15
equilibrium_dt2p5e-4,D2,0.5,1e-10,128,239,-0.0009436644848005244,0.009630722596435288,0.009676844547132246,-9.276038814742952,3.3369386842528583,250,139.1528297732779,2.220446049250313e-15
equilibrium_dt2p5e-4,D2,0.5,1e-10,129,235,0.0069835776221404185,0.0056107919271792366,0.008958311361777962,-9.430347067688334,1.3536536686688652,250,139.1528297732779,2.220446049250313e-15
equilibrium_dt2p5e-4,D2,0.5,1e-10,130,237,-0.006653688957229752,0.004597943412780203,0.008087809367603196,-9.634794734647473,5.073815352774022,250,139.1528297732779,2.220446049250313e-15
equilibrium_dt2p5e-4,D2,0.5,1e-10,131,246,-0.0013953848672413741,0.006533445495960696,0.006680794037868204,-10.01703686110695,3.562421340846402,250,139.1528297732779,2.220446049250313e-15
equilibrium_dt2p5e-4,D2,0.5,1e-10,132,244,0.005983893674326831,0.0029606997940254003,0.006676280909008451,-10.018388393249863,0.9189228061660571,250,139.1528297732779,2.220446049250313e-15
equilibrium_dt2p5e-4,D2,0.5,1e-10,133,243,-0.006199284867943653,0.0,0.006199284867943653,-10.166642674927528,6.283185307179586,250,139.1528297732779,2.220446049250313e-15
equilibrium_dt2p5e-4,D2,0.5,1e-10,134,248,5.532655138281079e-05,0.004150290831099099,0.004150659587341892,-10.96897604131948,3.114932702932736,250,139.1528297732779,2.220446049250313e-15
equilibrium_dt2p5e-4,D2,1.0,1e-10,0,0,0.9999999999999969,0.0,0.9999999999999969,-3.108624468950443e-15,0.0,250,139.1528297732779,3.1086244689504383e-15
equilibrium_dt2p5e-4,D2,1.0,1e-10,1,1,0.36573901608441467,0.0,0.36573901608441467,-1.0058352707442924,0.0,250,139.1528297732779,3.1086244689504383e-15
equilibrium_dt2p5e-4,D2,1.0,1e-10,2,2,0.13722603734791913,0.0,0.13722603734791913,-1.9861258051073192,0.0,250,139.1528297732779,3.1086244689504383e-15
equilibrium_dt2p5e-4,D2,1.0,1e-10,3,3,0.07601734682107468,0.0,0.07601734682107468,-2.5767937170946174,0.0,250,139.1528297732779,3.1086244689504383e-15
equilibrium_dt2p5e-4,D2,1.0,1e-10,4,4,0.05242240722673284,0.02394652806404753,0.05763284641389515,-2.853662623569939,0.4284939635946587,250,139.1528297732779,3.1086244689504383e-15
equilibrium_dt2p5e-4,D2,1.0,1e-10,5,7,-0.022651898564609203,0.05205387067410682,0.05676895243650337,-2.8687657147352423,1.9812432161823956,250,139.1528297732779,3.1086244689504383e-15
equilibrium_dt2p5e-4,D2,1.0,1e-10,6,6,-0.05594484818473794,0.0,0.05594484818473794,-2.883388927378151,3.141592653589793,250,139.1528297732779,3.1086244689504383e-15
equilibrium_dt2p5e-4,D2,1.0,1e-10,7,9,0.05593559886048109,0.0007908828074034198,0.05594118979335084,-2.883454322336352,0.014138225502958767,250,139.1528297732779,3.1086244689504383e-15
equilibrium_dt2p5e-4,D2,1.0,1e-10,8,11,-0.04273674755703656,0.030748491796580017,0.052648830371796664,-2.94411125580947,2.517908193593639,250,139.1528297732779,3.1086244689504383e-15
equilibrium_dt2p5e-4,D2,1.0,1e-10,9,13,0.006734998742761168,0.05101580708602953,0.05145845684339917,-2.9669804600752743,1.439537491669012,250,139.1528297732779,3.1086244689504383e-15
equilibrium_dt2p5e-4,D2,1.0,1e-10,10,15,0.017877499285869843,0.04792538380494671,0.05115122084142005,-2.972968919001885,1.213755850650836,250,139.1528297732779,3.1086244689504383e-15
equilibrium_dt2p5e-4,D2,1.0,1e-10,11,21,-0.030778020488855303,0.03907557710349972,0.04974120295272269,-3.0009216560838317,2.2379635301465948,250,139.1528297732779,3.1086244689504383e-15
equilibrium_dt2p5e-4,D2,1.0,1e-10,12,17,0.049245739136853955,0.006140457845990938,0.04962708983703821,-3.0032184282763397,0.12404988477095036,250,139.1528297732779,3.1086244689504383e-15
equilibrium_dt2p5e-4,D2,1.0,1e-10,13,19,-0.04905956901228452,0.0059900197455228996,0.049423897541805234,-3.007321215853438,3.0200971409245625,250,139.1528297732779,3.1086244689504383e-15
equilibrium_dt2p5e-4,D2,1.0,1e-10,14,25,-0.00420901206186141,0.04862182289881062,0.04880366220418504,-3.019949923771057,1.6571473745982184,250,139.1528297732779,3.1086244689504383e-15
equilibrium_dt2p5e-4,D2,1.0,1e-10,15,23,-0.020900602109030254,0.04312977197613236,0.047927157220444154,-3.0380729786389575,2.0220466057994426,250,139.1528297732779,3.1086244689504383e-15
equilibrium_dt2p5e-4,D2,1.0,1e-10,16,31,0.03967320986956034,0.026138952726636938,0.04751008767619295,-3.046813218358932,0.5825760664144164,250,139.1528297732779,3.1086244689504383e-15
equilibrium_dt2p5e-4,D2,1.0,1e-10,17,29,0.025225347241292623,0.039921817094884404,0.047223612987584866,-3.052861236325829,1.0072729520617807,250,139.1528297732779,3.1086244689504383e-15
equilibrium_dt2p5e-4,D2,1.0,1e-10,18,33,0.04318153970020925,0.016659669041027815,0.04628379785019082,-3.072963317573496,0.368210039711645,250,139.1528297732779,3.1086244689504383e-15
equilibrium_dt2p5e-4,D2,1.0,1e-10,19,27,0.0012308944151015223,0.045806363107115014,0.045822898229618735,-3.082971351455643,1.5439311013401498,250,139.1528297732779,3.1086244689504383e-15
equilibrium_dt2p5e-4,D2,1.0,1e-10,20,35,0.03142520177053966,0.03246530626841385,0.045183397586071816,-3.0970255696614677,0.8016762094017645,250,139.1528297732779,3.1086244689504383e-15
equilibrium_dt2p5e-4,D2,1.0,1e-10,21,37,0.042853151563331936,0.010592320763775958,0.044142834730821465,-3.120324658855852,0.24232012318407148,250,139.1528297732779,3.1086244689504383e-15
equilibrium_dt2p5e-4,D2,1.0,1e-10,22,46,-0.038183454187181776,0.0213715253889934,0.04375749388524209,-3.129092392041233,2.631327833537632,250,139.1528297732779,3.1086244689504383e-15
equilibrium_dt2p5e-4,D2,1.0,1e-10,23,48,-0.0419275614368666,0.012062319410084187,0.04362820140222511,-3.1320515165738363,2.8614633969635643,250,139.1528297732779,3.1086244689504383e-15
equilibrium_dt2p5e-4,D2,1.0,1e-10,24,39,0.030849915535211717,0.03083827222812602,0.0436201366635377,-3.13223638516593,0.7852094188846074,250,139.1528297732779,3.1086244689504383e-15
equilibrium_dt2p5e-4,D2,1.0,1e-10,25,41,0.04292486355146134,0.0,0.04292486355146134,-3.148304050969839,0.0,250,139.1528297732779,3.1086244689504383e-15
equilibrium_dt2p5e-4,D2,1.0,1e-10,26,50,-0.04191002398002116,0.00841157558121929,0.04274581516083783,-3.152483979365556,2.9435187456335163,250,139.1528297732779,3.1086244689504383e-15
equilibrium_dt2p5e-4,D2,1.0,1e-10,27,44,-0.002372252473831461,0.04265225978665735,0.04271817934683204,-3.1531307035241496,1.626357530302713,250,139.1528297732779,3.1086244689504383e-15
equilibrium_dt2p5e-4,D2,1.0,1e-10,28,42,0.036132999921312595,0.02254303604786734,0.04258852142971181,-3.1561705120217525,0.5578010879296379,250,139.1528297732779,3.1086244689504383e-15
equilibrium_dt2p5e-4,D2,1.0,1e-10,29,58,-0.03848674360484078,0.014682226444124894,0.041192198371309496,-3.189506400477182,2.7771461416353427,250,139.1528297732779,3.1086244689504383e-15
equilibrium_dt2p5e-4,D2,1.0,1e-10,30,56,0.003932465053383264,0.04082370662521406,0.04101267248080314,-3.1938741751370885,1.4747646473643168,250,139.1528297732779,3.1086244689504383e-15
equilibrium_dt2p5e-4,D2,1.0,1e-10,31,54,0.027406210634358222,0.030406964437207102,0.040935117779485955,-3.1957669589260105,0.8372559520555072,250,139.1528297732779,3.1086244689504383e-15
equilibrium_dt2p5e-4,D2,1.0,1e-10,32,62,-0.013462493927659549,0.0382192800387183,0.04052100824794765,-3.2059347171879358,1.90946843240087,250,139.1528297732779,3.1086244689504383e-15
equilibrium_dt2p5e-4,D2,1.0,1e-10,33,60,-0.031449797129013815,0.025489835202129427,0.04048235959140527,-3.206888965400227,2.4604863093277096,250,139.1528297732779,3.1086244689504383e-15
equilibrium_dt2p5e-4,D2,1.0,1e-10,34,52,0.03942780336649232,0.0078897092638468,0.04020944156009647,-3.2136534462545363,0.1974967308080477,250,139.1528297732779,3.1086244689504383e-15
equilibrium_dt2p5e-4,D2,1.0,1e-10,35,64,-0.026234508341340317,0.02975206715691997,0.039666546711577134,-3.227247098621177,2.2934483537926753,250,139.1528297732779,3.1086244689504383e-15
equilibrium_dt2p5e-4,D2,1.0,1e-10,36,66,0.039580944818147196,0.0,0.039580944818147196,-3.229407467992395,0.0,250,139.1528297732779,3.1086244689504383e-15
equilibrium_dt2p5e-4,D2,1.0,1e-10,37,67,0.01093307134377198,0.0375570345032334,0.03911601832606525,-3.241223220026613,1.287519171321899,250,139.1528297732779,3.1086244689504383e-15
equilibrium_dt2p5e-4,D2,1.0,1e-10,38,71,0.03468172431300146,0.017568018958928563,0.03887746508537189,-3.247340499936913,0.4688736736404124,250,139.1528297732779,3.1086244689504383e-15
equilibrium_dt2p5e-4,D2,1.0,1e-10,39,69,0.030550946856870306,0.023850667857003908,0.038758414713148844,-3.2504073928695614,0.6628520803043155,250,139.1528297732779,3.1086244689504383e-15
equilibrium_dt2p5e-4,D2,1.0,1e-10,40,73,-0.028617464441897965,0.026088427371685236,0.038724221280885554,-3.251290001832056,2.4023913004365185,250,139.1528297732779,3.1086244689504383e-15
equilibrium_dt2p5e-4,D2,1.0,1e-10,41,77,-0.008148988986772032,0.03779404832655254,0.03866259316725044,-3.252882731216324,1.783160878719076,250,139.1528297732779,3.1086244689504383e-15
equilibrium_dt2p5e-4,D2,1.0,1e-10,42,75,-0.015135772859875702,0.03555850419349043,0.038645812716829056,-3.253316848321522,1.9732244379646067,250,139.1528297732779,3.1086244689504383e-15
equilibrium_dt2p5e-4,D2,1.0,1e-10,43,79,-0.03683595697024921,0.01055624965548388,0.038318691688299523,-3.261817468208157,2.8624977900292636,250,139.1528297732779,3.1086244689504383e-15
equilibrium_dt2p5e-4,D2,1.0,1e-10,44,83,0.016772348784168715,0.03395801278364099,0.03787424343735107,-3.2734839906035686,1.112029103525822,250,139.1528297732779,3.1086244689504383e-15
equilibrium_dt2p5e-4,D2,1.0,1e-10,45,85,-0.02294642394294118,0.030034703020475388,0.037797113081521685,-3.2755225527779173,2.2231955167569324,250,139.1528297732779,3.1086244689504383e-15
equilibrium_dt2p5e-4,D2,1.0,1e-10,46,81,0.020258265518502412,0.03181992428886994,0.03772141173879311,-3.2775273951199733,1.0038608361821235,250,139.1528297732779,3.1086244689504383e-15
equilibrium_dt2p5e-4,D2,1.0,1e-10,47,89,-0.005837895957574759,0.03715512098197309,0.03761095644086341,-3.280459876329665,1.7266444110239312,250,139.1528297732779,3.1086244689504383e-15
equilibrium_dt2p5e-4,D2,1.0,1e-10,48,87,-0.03428168463783311,0.015312835273052576,0.03754619588863146,-3.282183213796622,2.721505686774455,250,139.1528297732779,3.1086244689504383e-15
equilibrium_dt2p5e-4,D2,1.0,1e-10,49,91,-0.037263266199054575,0.0,0.037263266199054575,-3.289747257987278,3.141592653589793,250,139.1528297732779,3.1086244689504383e-15
equilibrium_dt2p5e-4,D2,1.0,1e-10,50,92,-0.030470025775112902,0.020447632368992955,0.03669506969925978,-3.3051128735657462,2.550545242436104,250,139.1528297732779,3.1086244689504383e-15
equilibrium_dt2p5e-4,D2,1.0,1e-10,51,104,0.030337451069538064,0.0193599872143996,0.035988470964162016,-3.324556642812828,0.568003004714217,250,139.1528297732779,3.1086244689504383e-15
equilibrium_dt2p5e-4,D2,1.0,1e-10,52,98,0.012069295819856008,0.03366975468364192,0.03576758703133076,-3.330713185875029,1.2266037934701353,250,139.1528297732779,3.1086244689504383e-15
equilibrium_dt2p5e-4,D2,1.0,1e-10,53,106,0.03257808797850939,0.014748443612235207,0.03576098999354995,-3.330897644676641,0.42510572074591446,250,139.1528297732779,3.1086244689504383e-15
equilibrium_dt2p5e-4,D2,1.0,1e-10,54,96,-0.03548826534288056,0.003240980979994181,0.03563595003306888,-3.334400318272302,3.0505198585782796,250,139.1528297732779,3.1086244689504383e-15
equilibrium_dt2p5e-4,D2,1.0,1e-10,55,94,-0.014470953761099888,0.032561028936968925,0.035631855244851046,-3.334515230979558,1.989004892975453,250,139.1528297732779,3.1086244689504383e-15
equilibrium_dt2p5e-4,D2,1.0,1e-10,56,100,-0.02428260128849359,0.025638319408193687,0.03531243615799555,-3.343520077992282,2.3290438495674866,250,139.1528297732779,3.1086244689504383e-15
equilibrium_dt2p5e-4,D2,1.0,1e-10,57,102,-0.018455765475059997,0.02995818101184349,0.03518675729317489,-3.3470854804261263,2.12293446304545,250,139.1528297732779,3.1086244689504383e-15
equilibrium_dt2p5e-4,D2,1.0,1e-10,58,108,0.034807838400238524,0.0036400994706610036,0.03499765618228492,-3.3524741859554914,0.1041982563802262,250,139.1528297732779,3.1086244689504383e-15
equilibrium_dt2p5e-4,D2,1.0,1e-10,59,110,0.016772487394658468,0.03010260635851689,0.03445987874296424,-3.367959566664974,1.0624594571182187,250,139.1528297732779,3.1086244689504383e-15
equilibrium_dt2p5e-4,D2,1.0,1e-10,60,112,-0.0005642530345584635,0.03310844805573793,0.033113255867499726,-3.4078215973889265,1.587837246809708,250,139.1528297732779,3.1086244689504383e-15
equilibrium_dt2p5e-4,D2,1.0,1e-10,61,116,-0.009604329074630604,0.031240595926411346,0.03268360400584831,-3.4208817333742094,1.8690565745170937,250,139.1528297732779,3.1086244689504383e-15
equilibrium_dt2p5e-4,D2,1.0,1e-10,62,114,-0.02780861307698151,0.016938345031883805,0.032561119355519856,-3.424636360197934,2.59450571502183,250,139.1528297732779,3.1086244689504383e-15
equilibrium_dt2p5e-4,D2,1.0,1e-10,63,118,0.025030001595479197,0.0204466834004405,0.03231977478181957,-3.432076013737817,0.6849534213179767,250,139.1528297732779,3.1086244689504383e-15
equilibrium_dt2p5e-4,D2,1.0,1e-10,64,124,0.031748053069790436,0.004805794067341515,0.032109726413345925,-3.4385962912114403,0.1502323414361365,250,139.1528297732779,3.1086244689504383e-15
equilibrium_dt2p5e-4,D2,1.0,1e-10,65,120,0.0003056116996451299,0.031657588519535027,0.03165906362138899,-3.4527308010440683,1.561142963389096,250,139.1528297732779,3.1086244689504383e-15
equilibrium_dt2p5e-4,D2,1.0,1e-10,66,126,0.011176115770924715,0.029543637555923204,0.03158689734305774,-3.4550128854191144,1.2091428245174272,250,139.1528297732779,3.1086244689504383e-15
equilibrium_dt2p5e-4,D2,1.0,1e-10,67,122,-0.001160442239223128,0.031365881095125434,0.03138734017186102,-3.461350646606627,1.6077764201854203,250,139.1528297732779,3.1086244689504383e-15
equilibrium_dt2p5e-4,D2,1.0,1e-10,68,128,-0.010978091756971994,0.029291895057522627,0.0312815219368466,-3.464727709218624,1.9293763612898691,250,139.1528297732779,3.1086244689504383e-15
equilibrium_dt2p5e-4,D2,1.0,1e-10,69,132,-0.031146027820031723,0.001206714502358347,0.03116939538804678,-3.4683185826304563,3.1028682531291225,250,139.1528297732779,3.1086244689504383e-15
equilibrium_dt2p5e-4,D2,1.0,1e-10,70,130,-0.030103378506302205,0.007473286976749722,0.031017147124301335,-3.4732150943767053,2.89825786933303,250,139.1528297732779,3.1086244689504383e-15
equilibrium_dt2p5e-4,D2,1.0,1e-10,71,136,0.012674995404911302,0.028002822951901863,0.030737820381251568,-3.482261448354608,1.145755142894335,250,139.1528297732779,3.1086244689504383e-15
equilibrium_dt2p5e-4,D2,1.0,1e-10,72,134,-0.019723541501141358,0.02338273730240966,0.030590366017763593,-3.4870701556158643,2.2715097435066505,250,139.1528297732779,3.1086244689504383e-15
equilibrium_dt2p5e-4,D2,1.0,1e-10,73,144,0.0299907890817351,0.0,0.0299907890817351,-3.506864975072359,0.0,250,139.1528297732779,3.1086244689504383e-15
equilibrium_dt2p5e-4,D2,1.0,1e-10,74,140,0.0028576861572133976,0.029802580183730585,0.029939274469846795,-3.508584133088322,1.4752013834974445,250,139.1528297732779,3.1086244689504383e-15
equilibrium_dt2p5e-4,D2,1.0,1e-10,75,138,-0.026509200402978925,0.01333587180090699,0.02967462186272176,-3.5174630811885956,2.6754954227737273,250,139.1528297732779,3.1086244689504383e-15
equilibrium_dt2p5e-4,D2,1.0,1e-10,76,142,0.018982154400722515,0.02250636186901133,0.029442461009089513,-3.525317394556503,0.8701389054869507,250,139.1528297732779,3.1086244689504383e-15
equilibrium_dt2p5e-4,D2,1.0,1e-10,77,149,0.027570345901422544,0.008723207060026406,0.028917439626221775,-3.5433104185907323,0.30643227661798017,250,139.1528297732779,3.1086244689504383e-15
equilibrium_dt2p5e-4,D2,1.0,1e-10,78,145,-0.0169860379909881,0.023205699490499446,0.02875812885906622,-3.5488348087789827,2.202662573940514,250,139.1528297732779,3.1086244689504383e-15
equilibrium_dt2p5e-4,D2,1.0,1e-10,79,151,0.02538185356494271,0.012702244599073409,0.02838283826975175,-3.5619706027458626,0.4640042668878727,250,139.1528297732779,3.1086244689504383e-15
equilibrium_dt2p5e-4,D2,1.0,1e-10,80,157,0.028143014576876516,0.0,0.028143014576876516,-3.5704561052128976,0.0,250,139.1528297732779,3.1086244689504383e-15
equilibrium_dt2p5e-4,D2,1.0,1e-10,81,153,0.004315280358326597,0.027747552618117018,0.028081102557879236,-3.572658435713633,1.4165129360306519,250,139.1528297732779,3.1086244689504383e-15
equilibrium_dt2p5e-4,D2,1.0,1e-10,82,155,0.012218074183662693,0.02525271231063416,0.02805317835470945,-3.5736533431042394,1.1201664517054548,250,139.1528297732779,3.1086244689504383e-15
equilibrium_dt2p5e-4,D2,1.0,1e-10,83,147,-0.02780531537734816,0.002440496603439809,0.02791221214639204,-3.5786909745822646,3.0540461392667244,250,139.1528297732779,3.1086244689504383e-15
equilibrium_dt2p5e-4,D2,1.0,1e-10,84,158,0.025116790176944535,0.011583956158316002,0.02765937795884869,-3.587790441832506,0.4321317530308056,250,139.1528297732779,3.1086244689504383e-15
equilibrium_dt2p5e-4,D2,1.0,1e-10,85,164,0.0009323588334993673,0.026806615010797882,0.0268228242609077,-3.6185021023883084,1.5360294178182314,250,139.1528297732779,3.1086244689504383e-15
equilibrium_dt2p5e-4,D2,1.0,1e-10,86,160,0.01895590218177718,0.018962667638522387,0.026812478279602748,-3.6188878923789756,0.7855765840685199,250,139.1528297732779,3.1086244689504383e-15
equilibrium_dt2p5e-4,D2,1.0,1e-10,87,162,-0.02314196164308782,0.012354138702653228,0.026233092302939475,-3.640733600212956,2.6512398066984675,250,139.1528297732779,3.1086244689504383e-15
equilibrium_dt2p5e-4,D2,1.0,1e-10,88,166,-0.01938711277689425,0.016346473723858373,0.025358772545784003,-3.67463055177597,2.4410819126800405,250,139.1528297732779,3.1086244689504383e-15
equilibrium_dt2p5e-4,D2,1.0,1e-10,89,168,0.02003192578744551,0.015325472195325044,0.02522197749510148,-3.680039541721413,0.6530652264921014,250,139.1528297732779,3.1086244689504383e-15
equilibrium_dt2p5e-4,D2,1.0,1e-10,90,172,0.008045754312948423,0.023817273187796327,0.02513954384165413,-3.6833132207080372,1.2450206429845896,250,139.1528297732779,3.1086244689504383e-15
equilibrium_dt2p5e-4,D2,1.0,1e-10,91,170,-0.00803232370714766,0.023614117986754182,0.02494283048149816,-3.6911688535300735,1.8986685810485662,250,139.1528297732779,3.1086244689504383e-15
equilibrium_dt2p5e-4,D2,1.0,1e-10,92,174,0.02333675060401457,0.0,0.02333675060401457,-3.7577258818665276,0.0,250,139.1528297732779,3.1086244689504383e-15
equilibrium_dt2p5e-4,D2,1.0,1e-10,93,175,-0.009555287540017625,0.020737293728772623,0.02283284632203809,-3.7795551515713677,2.002576956601571,250,139.1528297732779,3.1086244689504383e-15
equilibrium_dt2p5e-4,D2,1.0,1e-10,94,187,0.020996842952014472,0.008853841161647311,0.022787231452443713,-3.7815549239093884,0.39905087029591935,250,139.1528297732779,3.1086244689504383e-15
equilibrium_dt2p5e-4,D2,1.0,1e-10,95,183,0.012355902396313286,0.01901266423585129,0.02267486990861114,-3.7864980202141028,0.9945072383186349,250,139.1528297732779,3.1086244689504383e-15
equilibrium_dt2p5e-4,D2,1.0,1e-10,96,185,0.007041592245049926,0.021330743392174945,0.022462961403349344,-3.795887486032813,1.251945321835263,250,139.1528297732779,3.1086244689504383e-15
equilibrium_dt2p5e-4,D2,1.0,1e-10,97,179,-0.0200686517953145,0.010075464056184221,0.022455862504678823,-3.7962035628180897,2.676306492338704,250,139.1528297732779,3.1086244689504383e-15
equilibrium_dt2p5e-4,D2,1.0,1e-10,98,177,-0.022098918082466244,0.0026392042911385,0.022255956050143463,-3.805145618544936,3.0227287744424234,250,139.1528297732779,3.1086244689504383e-15
equilibrium_dt2p5e-4,D2,1.0,1e-10,99,181,-0.015685944434794843,0.015284823619287555,0.02190147679687838,-3.821201210785814,2.369145360140275,250,139.1528297732779,3.1086244689504383e-15
equilibrium_dt2p5e-4,D2,1.0,1e-10,100,191,-0.0066603991558036365,0.020793536109151665,0.02183419476044912,-3.824277971110297,1.8807813930000563,250,139.1528297732779,3.1086244689504383e-15
equilibrium_dt2p5e-4,D2,1.0,1e-10,101,189,-0.0032048726365816542,0.0213480668061786,0.021587291747177884,-3.8356504824729356,1.719808251605248,250,139.1528297732779,3.1086244689504383e-15
equilibrium_dt2p5e-4,D2,1.0,1e-10,102,193,0.020110979103807127,0.007537629155028722,0.021477135139317486,-3.840766391638848,0.35859680680661005,250,139.1528297732779,3.1086244689504383e-15
equilibrium_dt2p5e-4,D2,1.0,1e-10,103,195,-0.01948604169643084,0.007243376800781799,0.020788754856247288,-3.8733430703801783,2.785699551680465,250,139.1528297732779,3.1086244689504383e-15
equilibrium_dt2p5e-4,D2,1.0,1e-10,104,201,0.020268329155441103,0.0044099757999444,0.020742542112995675,-3.8755685131521,0.21424051511494588,250,139.1528297732779,3.1086244689504383e-15
equilibrium_dt2p5e-4,D2,1.0,1e-10,105,197,-0.017953358040359173,0.00992772118847898,0.02051542621837294,-3.886578177365567,2.6364698204285073,250,139.1528297732779,3.1086244689504383e-15
equilibrium_dt2p5e-4,D2,1.0,1e-10,106,199,-0.01606112414997857,0.012464452693883134,0.020330329311623936,-3.895641453163976,2.481618481009865,250,139.1528297732779,3.1086244689504383e-15
equilibrium_dt2p5e-4,D2,1.0,1e-10,107,203,0.01417524364398218,0.013602748095941685,0.019646177443154236,-3.929872491745701,0.7647913997222507,250,139.1528297732779,3.1086244689504383e-15
equilibrium_dt2p5e-4,D2,1.0,1e-10,108,209,0.018804748042388363,0.0,0.018804748042388363,-3.973645885586802,0.0,250,139.1528297732779,3.1086244689504383e-15
equilibrium_dt2p5e-4,D2,1.0,1e-10,109,205,-0.010766045405940011,0.015182080118116649,0.018611912593703928,-3.9839534412441644,2.187622550954033,250,139.1528297732779,3.1086244689504383e-15
equilibrium_dt2p5e-4,D2,1.0,1e-10,110,207,0.015082725876432931,0.010453917223780739,0.018351376111487638,-3.9980507148417086,0.6060836442827133,250,139.1528297732779,3.1086244689504383e-15
equilibrium_dt2p5e-4,D2,1.0,1e-10,111,210,0.010226827862851298,0.014990324914736576,0.01814656576836961,-4.009273950038413,0.9720973377438448,250,139.1528297732779,3.1086244689504383e-15
equilibrium_dt2p5e-4,D2,1.0,1e-10,112,214,0.01702459015643306,0.0,0.01702459015643306,-4.073096500279901,0.0,250,139.1528297732779,3.1086244689504383e-15
equilibrium_dt2p5e-4,D2,1.0,1e-10,113,212,-0.0013867079547703709,0.016797454469405046,0.01685459686861596,-4.083131848196148,1.6531641947231563,250,139.1528297732779,3.1086244689504383e-15
equilibrium_dt2p5e-4,D2,1.0,1e-10,114,215,-0.014144569750718245,0.007888873304038984,0.016195776469194446,-4.123004782513143,2.632832870557663,250,139.1528297732779,3.1086244689504383e-15
equilibrium_dt2p5e-4,D2,1.0,1e-10,115,223,0.008334724563675611,0.013037310152903572,0.015473819488909005,-4.168605748367598,1.0019814029313678,250,139.1528297732779,3.1086244689504383e-15
equilibrium_dt2p5e-4,D2,1.0,1e-10,116,217,-0.014760809425515081,0.0023962633574693597,0.014954048715138158,-4.2027731987436665,2.9806570620916686,250,139.1528297732779,3.1086244689504383e-15
equilibrium_dt2p5e-4,D2,1.0,1e-10,117,221,0.004504777081659552,0.01412624129875818,0.014827127496119617,-4.211296837067752,1.2620967455303216,250,139.1528297732779,3.1086244689504383e-15
equilibrium_dt2p5e-4,D2,1.0,1e-10,118,219,0.012883305632240587,0.0057023594100017935,0.014088877416407528,-4.262369628608403,0.4166965916573524,250,139.1528297732779,3.1086244689504383e-15
equilibrium_dt2p5e-4,D2,1.0,1e-10,119,225,-0.0015616423579135432,0.012788872151953916,0.012883865016874873,-4.351779524370699,1.6923042525875667,250,139.1528297732779,3.1086244689504383e-15
equilibrium_dt2p5e-4,D2,1.0,1e-10,120,229,0.004967297722956954,0.011863743703228737,0.012861666350997947,-4.353503992284057,1.1742776267673167,250,139.1528297732779,3.1086244689504383e-15
equilibrium_dt2p5e-4,D2,1.0,1e-10,121,227,-0.007824979377653134,0.010109315440084064,0.012783918058553835,-4.3595672996663515,2.2295041765496584,250,139.1528297732779,3.1086244689504383e-15
equilibrium_dt2p5e-4,D2,1.0,1e-10,122,231,-0.012387730418054245,0.0,0.012387730418054245,-4.391048778647017,3.141592653589793,250,139.1528297732779,3.1086244689504383e-15
equilibrium_dt2p5e-4,D2,1.0,1e-10,123,232,0.0081139787906723,0.008236870401406802,0.0115621228943932,-4.460020791214426,0.7929139379826977,250,139.1528297732779,3.1086244689504383e-15
equilibrium_dt2p5e-4,D2,1.0,1e-10,124,236,-0.00010456689141191142,0.009943300240092955,0.009943850054149658,-4.610801003915006,1.5813122555466441,250,139.1528297732779,3.1086244689504383e-15
equilibrium_dt2p5e-4,D2,1.0,1e-10,125,234,-0.006782330343000823,0.006899141614990321,0.009674614199299159,-4.638249916902793,2.347656780645222,250,139.1528297732779,3.1086244689504383e-15
equilibrium_dt2p5e-4,D2,1.0,1e-10,126,240,-0.007262738191691114,0.0039207918886657025,0.008253482602833513,-4.797120034032112,2.646575247136699,250,139.1528297732779,3.1086244689504383e-15
equilibrium_dt2p5e-4,D2,1.0,1e-10,127,242,-0.007846499958156585,0.0,0.007846499958156585,-4.8476877118182475,3.141592653589793,250,139.1528297732779,3.1086244689504383e-15
equilibrium_dt2p5e-4,D2,1.0,1e-10,128,238,0.0010371521763407239,0.006828596897630318,0.0069069110481614505,-4.975232767463884,1.4200646961132748,250,139.1528297732779,3.1086244689504383e-15
equilibrium_dt2p5e-4,D2,1.0,1e-10,129,243,0.0059844414938630165,0.0025298705120258467,0.006497213618243388,-5.036381868103963,0.3999559445486886,250,139.1528297732779,3.1086244689504383e-15
equilibrium_dt2p5e-4,D2,1.0,1e-10,130,248,-0.003544498505702389,0.0037964587513719104,0.005193897256183918,-5.260270947187921,2.3218854256808967,250,139.1528297732779,3.1086244689504383e-15
equilibrium_dt2p5e-4,D2,1.0,1e-10,131,245,0.0038996512029626997,0.0,0.0038996512029626997,-5.546868164983866,0.0,250,139.1528297732779,3.1086244689504383e-15
equilibrium_dt2p5e-4,D2,1.0,1e-10,132,246,-0.003061353460645706,0.002117522051584887,0.0037223359131002285,-5.593403874135817,2.5364624722238847,250,139.1528297732779,3.1086244689504383e-15
equilibrium_dt2p5e-4,D3,0.1,1e-10,0,0,1.0000000000000018,0.0,1.0000000000000018,1.776356839400249e-14,0.0,500,4266.568688078975,1.7763568394002505e-15
equilibrium_dt2p5e-4,D3,0.1,1e-10,1,1,0.9001618374085152,0.0,0.9001618374085152,-1.0518071248059178,0.0,500,4266.568688078975,1.7763568394002505e-15
equilibrium_dt2p5e-4,D3,0.1,1e-10,2,2,0.8054252355598563,0.0,0.8054252355598563,-2.1638489810325816,0.0,500,4266.568688078975,1.7763568394002505e-15
equilibrium_dt2p5e-4,D3,0.1,1e-10,3,3,0.7431105748361092,0.0,0.7431105748361092,-2.969104232160137,0.0,500,4266.568688078975,1.7763568394002505e-15
equilibrium_dt2p5e-4,D3,0.1,1e-10,4,4,0.588357704995697,0.3551474130824237,0.6872368398499467,-3.7507630111984023,5.43080671008938,500,4266.568688078975,1.7763568394002505e-15
equilibrium_dt2p5e-4,D3,0.1,1e-10,5,8,0.6862725705457162,0.0,0.6862725705457162,-3.764803970151467,0.0,500,4266.568688078975,1.7763568394002505e-15
equilibrium_dt2p5e-4,D3,0.1,1e-10,6,6,0.2493523506768211,0.5736537703487172,0.62550399121297,-4.691975682594456,11.607603731801014,500,4266.568688078975,1.7763568394002505e-15
equilibrium_dt2p5e-4,D3,0.1,1e-10,7,19,0.5996019098209715,0.08311770849279859,0.6053354472736998,-5.019725163028703,1.3774367304936912,500,4266.568688078975,1.7763568394002505e-15
equilibrium_dt2p5e-4,D3,0.1,1e-10,8,21,0.6036948524548686,0.0016724556601843894,0.603697169107526,-5.046825824279118,0.027703588572017754,500,4266.568688078975,1.7763568394002505e-15
equilibrium_dt2p5e-4,D3,0.1,1e-10,9,13,0.5577303627088739,0.1939058148336049,0.5904766062374158,-5.26825261000927,3.3459710894789803,500,4266.568688078975,1.7763568394002505e-15
equilibrium_dt2p5e-4,D3,0.1,1e-10,10,15,0.5170426880885363,0.24637482619483475,0.5727422599113448,-5.573194716440888,4.446777717531767,500,4266.568688078975,1.7763568394002505e-15
equilibrium_dt2p5e-4,D3,0.1,1e-10,11,17,0.4890600238713275,0.2638949253418088,0.5557159693316203,-5.874979617839586,4.948205671046139,500,4266.568688078975,1.7763568394002505e-15
equilibrium_dt2p5e-4,D3,0.1,1e-10,12,25,0.5485028936532155,0.004379372536433337,0.5485203763305092,-6.005308507672414,0.07984059030596957,500,4266.568688078975,1.7763568394002505e-15
equilibrium_dt2p5e-4,D3,0.1,1e-10,13,27,0.5225803237639226,0.0939901909264947,0.5309654892510484,-6.330582518465286,1.7795527827006705,500,4266.568688078975,1.7763568394002505e-15
equilibrium_dt2p5e-4,D3,0.1,1e-10,14,29,0.48192129318253585,0.17907568054283082,0.5141169440746003,-6.653045217503241,3.557750859530953,500,4266.568688078975,1.7763568394002505e-15
equilibrium_dt2p5e-4,D3,0.1,1e-10,15,31,0.4951723380433972,0.018036904611308382,0.4955007308686052,-7.02186450200861,0.3640941212277999,500,4266.568688078975,1.7763568394002505e-15
equilibrium_dt2p5e-4,D3,0.1,1e-10,16,33,0.43531984752122876,0.20317791206098845,0.4804004929174913,-7.331351627204416,4.366812023106143,500,4266.568688078975,1.7763568394002505e-15
equilibrium_dt2p5e-4,D3,0.1,1e-10,17,11,0.23129454471316696,0.41768432931556954,0.4774488091616402,-7.3929833075252915,10.650752119850356,500,4266.568688078975,1.7763568394002505e-15
equilibrium_dt2p5e-4,D3,0.1,1e-10,18,35,0.44797024148588604,0.13430627627139774,0.4676703038496373,-7.599917102801586,2.912831251120005,500,4266.568688078975,1.7763568394002505e-15
equilibrium_dt2p5e-4,D3,0.1,1e-10,19,37,0.41955816362776666,0.18313912536994323,0.4577870595680612,-7.813511384248613,4.115747670844946,500,4266.568688078975,1.7763568394002505e-15
equilibrium_dt2p5e-4,D3,0.1,1e-10,20,47,0.43872555622664744,0.0,0.43872555622664744,-8.23881218057987,0.0,500,4266.568688078975,1.7763568394002505e-15
equilibrium_dt2p5e-4,D3,0.1,1e-10,21,23,0.1991483592867222,0.38002372301502274,0.429043236819778,-8.461975800049121,10.88100692955527,500,4266.568688078975,1.7763568394002505e-15
equilibrium_dt2p5e-4,D3,0.1,1e-10,22,9,-0.0022736006749040933,0.4202706065108683,0.4202767563844591,-8.668418409403234,15.762061233878114,500,4266.568688078975,1.7763568394002505e-15
equilibrium_dt2p5e-4,D3,0.1,1e-10,23,48,0.4078423086419044,0.08539974073177632,0.4166874901354888,-8.754187622775019,2.0641173898580636,500,4266.568688078975,1.7763568394002505e-15
equilibrium_dt2p5e-4,D3,0.1,1e-10,24,43,0.32284967178081897,0.26115750312636854,0.41525311799934955,-8.788670217888086,6.801525053112033,500,4266.568688078975,1.7763568394002505e-15
equilibrium_dt2p5e-4,D3,0.1,1e-10,25,50,0.3730026073159671,0.16197356589912443,0.4066526541344438,-8.997958875630518,4.096729675615563,500,4266.568688078975,1.7763568394002505e-15
equilibrium_dt2p5e-4,D3,0.1,1e-10,26,54,0.40279378370263813,0.03519866924941319,0.404328799996262,-9.055268706496884,0.8716490241735108,500,4266.568688078975,1.7763568394002505e-15
equilibrium_dt2p5e-4,D3,0.1,1e-10,27,56,0.39587620003312,0.0,0.39587620003312,-9.266537427843975,0.0,500,4266.568688078975,1.7763568394002505e-15
equilibrium_dt2p5e-4,D3,0.1,1e-10,28,45,0.23634935238004035,0.31163065405933754,0.39111977822645966,-9.38741427733641,9.219232074535766,500,4266.568688078975,1.7763568394002505e-15
equilibrium_dt2p5e-4,D3,0.1,1e-10,29,57,0.35682379284976895,0.13096483535040682,0.3800986809264852,-9.673243733258017,3.5176453336014646,500,4266.568688078975,1.7763568394002505e-15
equilibrium_dt2p5e-4,D3,0.1,1e-10,30,41,0.11445976741949453,0.35018848378003076,0.3684196147463944,-9.985327329499585,12.548903703343164,500,4266.568688078975,1.7763568394002505e-15
equilibrium_dt2p5e-4,D3,0.1,1e-10,31,59,0.2830134280431863,0.23062190150806813,0.3650795281961902,-10.076400636642227,6.837483145471622,500,4266.568688078975,1.7763568394002505e-15
equilibrium_dt2p5e-4,D3,0.1,1e-10,32,39,-0.11385325955898136,0.34143490374537894,0.35991715464509466,-10.218814000008773,18.92656597886645,500,4266.568688078975,1.7763568394002505e-15
equilibrium_dt2p5e-4,D3,0.1,1e-10,33,61,0.24002635998488325,0.261765347461737,0.3551531368569855,-10.352062110924996,8.286938219562616,500,4266.568688078975,1.7763568394002505e-15
equilibrium_dt2p5e-4,D3,0.1,1e-10,34,65,0.2613545569139786,0.224315545163509,0.3444178686155878,-10.658996244539322,7.09281777147246,500,4266.568688078975,1.7763568394002505e-15
equilibrium_dt2p5e-4,D3,0.1,1e-10,35,52,0.13751293621509483,0.3062488522101489,0.33570547673002055,-10.915210607711064,11.487547427120898,500,4266.568688078975,1.7763568394002505e-15
equilibrium_dt2p5e-4,D3,0.1,1e-10,36,71,0.3325137249664691,0.021890441739280245,0.33323350481399294,-10.989118190808863,0.6573833684753785,500,4266.568688078975,1.7763568394002505e-15
equilibrium_dt2p5e-4,D3,0.1,1e-10,37,73,0.3266434386628127,0.0,0.3266434386628127,-11.188861046480369,0.0,500,4266.568688078975,1.7763568394002505e-15
equilibrium_dt2p5e-4,D3,0.1,1e-10,38,95,0.30781323932943117,0.049001104755145755,0.311689105638459,-11.657490442522601,1.5786637959171612,500,4266.568688078975,1.7763568394002505e-15
equilibrium_dt2p5e-4,D3,0.1,1e-10,39,67,0.09747009044279725,0.2842105874274066,0.3004597752391468,-12.024413934039641,12.404156657322385,500,4266.568688078975,1.7763568394002505e-15
equilibrium_dt2p5e-4,D3,0.1,1e-10,40,97,0.29474859771801654,0.04359581867535869,0.29795525043655785,-12.10811970073099,1.4684383165944084,500,4266.568688078975,1.7763568394002505e-15
equilibrium_dt2p5e-4,D3,0.1,1e-10,41,91,0.25513597746132954,0.152400608348036,0.29718733556462246,-12.133925795477417,5.38454630863877,500,4266.568688078975,1.7763568394002505e-15
equilibrium_dt2p5e-4,D3,0.1,1e-10,42,99,0.2685619078451136,0.09759862972792972,0.28574637507792955,-12.526506620292217,3.485728605419805,500,4266.568688078975,1.7763568394002505e-15
equilibrium_dt2p5e-4,D3,0.1,1e-10,43,85,0.17338359866515102,0.22531866224443015,0.2843068269347357,-12.577012474768924,9.149291020400145,500,4266.568688078975,1.7763568394002505e-15
equilibrium_dt2p5e-4,D3,0.1,1e-10,44,93,0.22256848415521785,0.16993864537692596,0.2800283438005804,-12.728644530768658,6.521068646280518,500,4266.568688078975,1.7763568394002505e-15
equilibrium_dt2p5e-4,D3,0.1,1e-10,45,63,-0.12577573813226806,0.24364600814168574,0.2741950283759632,-12.939156433969885,20.473381549707845,500,4266.568688078975,1.7763568394002505e-15
equilibrium_dt2p5e-4,D3,0.1,1e-10,46,69,-0.02507523359079515,0.2703155660999793,0.27147609952919466,-13.0388117468314,16.632944370355563,500,4266.568688078975,1.7763568394002505e-15
equilibrium_dt2p5e-4,D3,0.1,1e-10,47,105,0.24554977887508408,0.09585395093761341,0.2635956634999011,-13.333389275516957,3.7217253474351626,500,4266.568688078975,1.7763568394002505e-15
equilibrium_dt2p5e-4,D3,0.1,1e-10,48,83,0.09031790844245262,0.24678319280888314,0.26279130282101354,-13.363950872076904,12.199562572611558,500,4266.568688078975,1.7763568394002505e-15
equilibrium_dt2p5e-4,D3,0.1,1e-10,49,111,0.2580221247049974,0.018688907500937425,0.2586980713126015,-13.520936451229256,0.7230514598873283,500,4266.568688078975,1.7763568394002505e-15
equilibrium_dt2p5e-4,D3,0.1,1e-10,50,107,0.2277054497189046,0.12203454963821529,0.25834512408228383,-13.534588977296057,4.919780278461212,500,4266.568688078975,1.7763568394002505e-15
equilibrium_dt2p5e-4,D3,0.1,1e-10,51,109,0.21156031968657546,0.13121580945168027,0.24894850374313493,-13.90509216182604,5.551610018747104,500,4266.568688078975,1.7763568394002505e-15
equilibrium_dt2p5e-4,D3,0.1,1e-10,52,133,0.2472135904567343,0.0,0.2472135904567343,-13.975025773340269,0.0,500,4266.568688078975,1.7763568394002505e-15
equilibrium_dt2p5e-4,D3,0.1,1e-10,53,131,0.23164618162505876,0.07955514934146478,0.24492646906411009,-14.067972397532508,3.308133450646779,500,4266.568688078975,1.7763568394002505e-15
equilibrium_dt2p5e-4,D3,0.1,1e-10,54,101,0.15482507373860666,0.18954996324505077,0.2447447487166274,-14.07539453504953,8.858929989753484,500,4266.568688078975,1.7763568394002505e-15
equilibrium_dt2p5e-4,D3,0.1,1e-10,55,127,0.19316435886428845,0.13470844007580668,0.23549699225915563,-14.460571373305545,6.089635969840474,500,4266.568688078975,1.7763568394002505e-15
equilibrium_dt2p5e-4,D3,0.1,1e-10,56,125,0.16408408156892265,0.16591878707091032,0.23335087256618292,-14.552120672910414,7.909577714287126,500,4266.568688078975,1.7763568394002505e-15
equilibrium_dt2p5e-4,D3,0.1,1e-10,57,74,-0.21350961606974067,0.08351600923504154,0.22926246956882324,-14.72887776440077,27.687317925953842,500,4266.568688078975,1.7763568394002505e-15
equilibrium_dt2p5e-4,D3,0.1,1e-10,58,87,0.019807454493346262,0.22802341226009396,0.22888209146248806,-14.745482924696931,14.84147949771568,500,4266.568688078975,1.7763568394002505e-15
equilibrium_dt2p5e-4,D3,0.1,1e-10,59,134,0.2114374292500144,0.08601203553279416,0.22826269240581015,-14.772581535796688,3.863517820555721,500,4266.568688078975,1.7763568394002505e-15
equilibrium_dt2p5e-4,D3,0.1,1e-10,60,89,0.03831145811848449,0.22459933003998742,0.22784342623296286,-14.79096612981132,14.018455244091436,500,4266.568688078975,1.7763568394002505e-15
equilibrium_dt2p5e-4,D3,0.1,1e-10,61,136,0.22463891837992706,0.02376837737146402,0.22589284940824456,-14.876945098018028,1.0541482270585807,500,4266.568688078975,1.7763568394002505e-15
equilibrium_dt2p5e-4,D3,0.1,1e-10,62,103,0.08119823446383212,0.20973755973210473,0.2249066411701123,-14.920698910170485,12.014232707781627,500,4266.568688078975,1.7763568394002505e-15
equilibrium_dt2p5e-4,D3,0.1,1e-10,63,77,-0.12744554752311685,0.1829789958455586,0.22298807256020664,-15.006369952295604,21.791719244384538,500,4266.568688078975,1.7763568394002505e-15
equilibrium_dt2p5e-4,D3,0.1,1e-10,64,81,-0.05380242506582976,0.2119960374197579,0.2187167593593221,-15.19977722505608,18.193386371632393,500,4266.568688078975,1.7763568394002505e-15
equilibrium_dt2p5e-4,D3,0.1,1e-10,65,129,0.13294059820679546,0.16573901114827025,0.2124679327992511,-15.489642064790036,8.947712977499835,500,4266.568688078975,1.7763568394002505e-15
equilibrium_dt2p5e-4,D3,0.1,1e-10,66,76,-0.21132720539393854,0.0,0.21132720539393854,-15.543476101920797,31.41592653589793,500,4266.568688078975,1.7763568394002505e-15
equilibrium_dt2p5e-4,D3,0.1,1e-10,67,152,0.19800972197536534,0.059566838711913185,0.2067753812011782,-15.76122189850416,2.9221611567352292,500,4266.568688078975,1.7763568394002505e-15
equilibrium_dt2p5e-4,D3,0.1,1e-10,68,123,0.05650331607448781,0.19600394501968105,0.2039857132023996,-15.89705320911939,12.901295062765133,500,4266.568688078975,1.7763568394002505e-15
equilibrium_dt2p5e-4,D3,0.1,1e-10,69,142,0.10899742610347044,0.16557617854003434,0.19823195957539952,-16.183174209664223,9.886142012980963,500,4266.568688078975,1.7763568394002505e-15
equilibrium_dt2p5e-4,D3,0.1,1e-10,70,156,0.17529088041009933,0.08188668509164486,0.19347434442386918,-16.426103622594766,4.370218782545494,500,4266.568688078975,1.7763568394002505e-15
equilibrium_dt2p5e-4,D3,0.1,1e-10,71,154,0.1563391681367827,0.11268036320585008,0.19271429564488332,-16.46546520299538,6.2451222050430735,500,4266.568688078975,1.7763568394002505e-15
equilibrium_dt2p5e-4,D3,0.1,1e-10,72,79,-0.17148501901660107,0.0847583227572694,0.19128796361441427,-16.539753234154894,26.82546936320901,500,4266.568688078975,1.7763568394002505e-15
equilibrium_dt2p5e-4,D3,0.1,1e-10,73,146,0.08903619264924945,0.16906642227716404,0.19107825293076816,-16.550722336319204,10.860689384958492,500,4266.568688078975,1.7763568394002505e-15
equilibrium_dt2p5e-4,D3,0.1,1e-10,74,172,0.1860491899412716,0.04042383490405323,0.19039009298320517,-16.58680190629851,2.1394961034747446,500,4266.568688078975,1.7763568394002505e-15
equilibrium_dt2p5e-4,D3,0.1,1e-10,75,174,0.18810446805123726,0.02079299250673171,0.1892502032712883,-16.64685312576446,1.1009264356925614,500,4266.568688078975,1.7763568394002505e-15
equilibrium_dt2p5e-4,D3,0.1,1e-10,76,115,-0.13138754557246854,0.13602423357180055,0.1891171045948865,-16.65388854764815,23.388570960373855,500,4266.568688078975,1.7763568394002505e-15
equilibrium_dt2p5e-4,D3,0.1,1e-10,77,121,-0.02820959801001106,0.18562295450596736,0.18775426136152237,-16.726212915966784,17.21614880701186,500,4266.568688078975,1.7763568394002505e-15
equilibrium_dt2p5e-4,D3,0.1,1e-10,78,144,0.05162923960841525,0.1801195484094042,0.1873729705740688,-16.74654153443546,12.916421965948654,500,4266.568688078975,1.7763568394002505e-15
equilibrium_dt2p5e-4,D3,0.1,1e-10,79,119,-0.04678830307279078,0.17953669484377055,0.18553320484446043,-16.84521411096639,18.257317377923066,500,4266.568688078975,1.7763568394002505e-15
equilibrium_dt2p5e-4,D3,0.1,1e-10,80,113,-0.17084589287120436,0.06687175642386292,0.1834670295125843,-16.957203033118603,27.685084116350435,500,4266.568688078975,1.7763568394002505e-15
equilibrium_dt2p5e-4,D3,0.1,1e-10,81,117,-0.13580303041800493,0.11982314962821446,0.18110784151311352,-17.086626156755848,24.186259432974314,500,4266.568688078975,1.7763568394002505e-15
equilibrium_dt2p5e-4,D3,0.1,1e-10,82,158,0.10778851047426327,0.14499479278712318,0.1806705646353084,-17.11079990971161,9.315353640924517,500,4266.568688078975,1.7763568394002505e-15
equilibrium_dt2p5e-4,D3,0.1,1e-10,83,148,0.01807591167035273,0.17662577301506457,0.1775483096959346,-17.285125397964272,14.688112149833296,500,4266.568688078975,1.7763568394002505e-15
equilibrium_dt2p5e-4,D3,0.1,1e-10,84,150,0.01648081051549099,0.17169899397529984,0.17248814929547354,-17.57426744607043,14.751028509962792,500,4266.568688078975,1.7763568394002505e-15
equilibrium_dt2p5e-4,D3,0.1,1e-10,85,185,0.16805547810764976,0.029034221309892423,0.17054509588100902,-17.68755525259673,1.710769334458723,500,4266.568688078975,1.7763568394002505e-15
equilibrium_dt2p5e-4,D3,0.1,1e-10,86,200,0.16793136758242697,0.0,0.16793136758242697,-17.841999093435565,0.0,500,4266.568688078975,1.7763568394002505e-15
equilibrium_dt2p5e-4,D3,0.1,1e-10,87,182,0.12450673969736642,0.11058969576965529,0.16652930384918047,-17.92583985953485,7.262699955334052,500,4266.568688078975,1.7763568394002505e-15
equilibrium_dt2p5e-4,D3,0.1,1e-10,88,170,0.07568743512290907,0.14807645016931517,0.1662985956953042,-17.93970337224777,10.982784225286764,500,4266.568688078975,1.7763568394002505e-15
equilibrium_dt2p5e-4,D3,0.1,1e-10,89,180,0.09662799371435768,0.131498448657313,0.16318336670304953,-18.128807613580037,9.370799144024755,500,4266.568688078975,1.7763568394002505e-15
equilibrium_dt2p5e-4,D3,0.1,1e-10,90,201,0.14959067636414058,0.06377008523815884,0.1626160946104754,-18.16363103922653,4.029688672141333,500,4266.568688078975,1.7763568394002505e-15
equilibrium_dt2p5e-4,D3,0.1,1e-10,91,203,0.12982421409816705,0.0873265152702811,0.1564616465318493,-18.54944369120539,5.92134846518356,500,4266.568688078975,1.7763568394002505e-15
equilibrium_dt2p5e-4,D3,0.1,1e-10,92,138,-0.15005337797453888,0.040730013364691946,0.1554829580058786,-18.612191481863,28.765421011016667,500,4266.568688078975,1.7763568394002505e-15
equilibrium_dt2p5e-4,D3,0.1,1e-10,93,140,-0.07019280807023147,0.13749871000541208,0.15437916167001542,-18.68343613776926,20.42806973321413,500,4266.568688078975,1.7763568394002505e-15
equilibrium_dt2p5e-4,D3,0.1,1e-10,94,207,0.14783778362273767,0.0399734531508038,0.15314662001912713,-18.76359515688146,2.6407274568881274,500,4266.568688078975,1.7763568394002505e-15
equilibrium_dt2p5e-4,D3,0.1,1e-10,95,205,0.13501268980790557,0.07225383326900998,0.15313080301242993,-18.764628011771947,4.913809387896634,500,4266.568688078975,1.7763568394002505e-15
equilibrium_dt2p5e-4,D3,0.1,1e-10,96,162,-0.046900131251576355,0.13919635158960983,0.1468851476742062,-19.181043059225686,18.95784926239275,500,4266.568688078975,1.7763568394002505e-15
equilibrium_dt2p5e-4,D3,0.1,1e-10,97,160,-0.06715612529379887,0.13018689172542336,0.1464874463618078,-19.208155445597306,20.470386351479917,500,4266.568688078975,1.7763568394002505e-15
equilibrium_dt2p5e-4,D3,0.1,1e-10,98,209,0.10373864871547075,0.09946162292547837,0.14371611486636385,-19.399153497604054,7.643529438048178,500,4266.568688078975,1.7763568394002505e-15
equilibrium_dt2p5e-4,D3,0.1,1e-10,99,176,-0.02439171708297446,0.13959857484097976,0.14171350662476917,-19.53947818375165,17.43777627686168,500,4266.568688078975,1.7763568394002505e-15
equilibrium_dt2p5e-4,D3,0.1,1e-10,100,198,0.058772478063728296,0.12841636420763725,0.141226650367627,-19.57389229752161,11.415813289168728,500,4266.568688078975,1.7763568394002505e-15
equilibrium_dt2p5e-4,D3,0.1,1e-10,101,223,0.14056640058574785,0.008322888258906414,0.14081258268565056,-19.603254735859363,0.5914060935292179,500,4266.568688078975,1.7763568394002505e-15
equilibrium_dt2p5e-4,D3,0.1,1e-10,102,225,0.13588453969598885,0.02624173308040591,0.13839521914955746,-19.77641780112286,1.9076945592169368,500,4266.568688078975,1.7763568394002505e-15
equilibrium_dt2p5e-4,D3,0.1,1e-10,103,221,0.11870467647626387,0.06506443503131756,0.13536683834410487,-19.997668647186742,5.013988669037177,500,4266.568688078975,1.7763568394002505e-15
equilibrium_dt2p5e-4,D3,0.1,1e-10,104,178,-0.047838953129350006,0.12553284351651153,0.13433934731810004,-20.073862375883003,19.348929643887292,500,4266.568688078975,1.7763568394002505e-15
equilibrium_dt2p5e-4,D3,0.1,1e-10,105,247,0.13365236503223862,0.0,0.13365236503223862,-20.125131408393084,0.0,500,4266.568688078975,1.7763568394002505e-15
equilibrium_dt2p5e-4,D3,0.1,1e-10,106,164,-0.10212387395287721,0.08616231424679438,0.13361597968621305,-20.127854166023713,24.40765155163229,500,4266.568688078975,1.7763568394002505e-15
equilibrium_dt2p5e-4,D3,0.1,1e-10,107,196,0.016695492711686764,0.12855811998488317,0.1296376862294819,-20.43011748527103,14.416518442612553,500,4266.568688078975,1.7763568394002505e-15
equilibrium_dt2p5e-4,D3,0.1,1e-10,108,166,-0.12828725040367128,0.01632884028740294,0.1293222704767658,-20.45447769236298,30.149900016344926,500,4266.568688078975,1.7763568394002505e-15
equilibrium_dt2p5e-4,D3,0.1,1e-10,109,194,-0.03246440124087955,0.12323867963472321,0.1274429656985381,-20.600863423192113,18.28371743604432,500,4266.568688078975,1.7763568394002505e-15
equilibrium_dt2p5e-4,D3,0.1,1e-10,110,227,0.08894463335975777,0.09070781603404927,0.12703958317457067,-20.632565625452848,7.952122576224252,500,4266.568688078975,1.7763568394002505e-15
equilibrium_dt2p5e-4,D3,0.1,1e-10,111,168,-0.11306734313810449,0.0578681787646852,0.12701555100794323,-20.63445751138356,26.68547478054773,500,4266.568688078975,1.7763568394002505e-15
equilibrium_dt2p5e-4,D3,0.1,1e-10,112,219,0.04682951158905045,0.11320028482187273,0.12250431681953955,-20.996090102750667,11.785465865479491,500,4266.568688078975,1.7763568394002505e-15
equilibrium_dt2p5e-4,D3,0.1,1e-10,113,192,-0.06271007662454234,0.10382469561677185,0.12129353292806379,-21.095417791437345,21.141515349794314,500,4266.568688078975,1.7763568394002505e-15
equilibrium_dt2p5e-4,D3,0.1,1e-10,114,254,0.11904466486354207,0.023096007388287564,0.12126441270938841,-21.09781888522454,1.9163059626338423,500,4266.568688078975,1.7763568394002505e-15
equilibrium_dt2p5e-4,D3,0.1,1e-10,115,252,0.11202339194119776,0.045600500360055,0.1209489395368913,-21.12386809745511,3.865797076852948,500,4266.568688078975,1.7763568394002505e-15
equilibrium_dt2p5e-4,D3,0.1,1e-10,116,250,0.10182765399162677,0.06465795033158317,0.12062139801262435,-21.15098580804075,5.657397636901252,500,4266.568688078975,1.7763568394002505e-15
equilibrium_dt2p5e-4,D3,0.1,1e-10,117,184,-0.12016602123250467,0.0,0.12016602123250467,-21.188809820977426,31.41592653589793,500,4266.568688078975,1.7763568394002505e-15
equilibrium_dt2p5e-4,D3,0.1,1e-10,118,215,0.014175822496735938,0.11889746163482572,0.11973955205638535,-21.22436294460816,14.521292082261292,500,4266.568688078975,1.7763568394002505e-15
equilibrium_dt2p5e-4,D3,0.1,1e-10,119,190,-0.07233416668183884,0.09494508728198438,0.1193599650994406,-21.256114349241773,22.218400778130594,500,4266.568688078975,1.7763568394002505e-15
equilibrium_dt2p5e-4,D3,0.1,1e-10,120,258,0.11704436659349687,0.0,0.11704436659349687,-21.45202214409338,0.0,500,4266.568688078975,1.7763568394002505e-15
equilibrium_dt2p5e-4,D3,0.1,1e-10,121,188,-0.08558814962063119,0.07781852339118676,0.11567650555868392,-21.56957728853986,24.037064971708926,500,4266.568688078975,1.7763568394002505e-15
equilibrium_dt2p5e-4,D3,0.1,1e-10,122,248,0.08284583043760795,0.08050092596231315,0.11551549983308175,-21.583505603349735,7.710437711216821,500,4266.568688078975,1.7763568394002505e-15
equilibrium_dt2p5e-4,D3,0.1,1e-10,123,217,-0.010954161730902964,0.11363384421117598,0.1141606070824634,-21.701489880065377,16.668981389402063,500,4266.568688078975,1.7763568394002505e-15
equilibrium_dt2p5e-4,D3,0.1,1e-10,124,256,0.08811047012402913,0.0708115020414084,0.11303859414747609,-21.800259774535835,6.769730929434644,500,4266.568688078975,1.7763568394002505e-15
equilibrium_dt2p5e-4,D3,0.1,1e-10,125,187,-0.10913231941024322,0.0,0.10913231941024322,-22.15194193438321,31.41592653589793,500,4266.568688078975,1.7763568394002505e-15
equilibrium_dt2p5e-4,D3,0.1,1e-10,126,245,0.04232704045242522,0.09751196498304215,0.10630221854841639,-22.414691232178146,11.612682705394251,500,4266.568688078975,1.7763568394002505e-15
equilibrium_dt2p5e-4,D3,0.1,1e-10,127,259,0.06395473806333278,0.08466657957440543,0.10610673031235406,-22.433098017043402,9.238661855737986,500,4266.568688078975,1.7763568394002505e-15
equilibrium_dt2p5e-4,D3,0.1,1e-10,128,261,0.05349473449277571,0.09068451610965975,0.10528707461267839,-22.510646155940655,10.378369019349293,500,4266.568688078975,1.7763568394002505e-15
equilibrium_dt2p5e-4,D3,0.1,1e-10,129,241,0.014023837462391837,0.10262705229606371,0.103580789146205,-22.67403399303259,14.349889151738626,500,4266.568688078975,1.7763568394002505e-15
equilibrium_dt2p5e-4,D3,0.1,1e-10,130,243,0.02390158190870591,0.1004676834848304,0.10327168558005936,-22.703920393630888,13.372349034364898,500,4266.568688078975,1.7763568394002505e-15
equilibrium_dt2p5e-4,D3,0.1,1e-10,131,275,0.09753582112677815,0.031585281939549105,0.1025225167369377,-22.776728290464806,3.1317569511187884,500,4266.568688078975,1.7763568394002505e-15
equilibrium_dt2p5e-4,D3,0.1,1e-10,132,213,-0.08599594612884115,0.05533178216942391,0.10225902829891904,-22.802461916351703,25.698547839269153,500,4266.568688078975,1.7763568394002505e-15
equilibrium_dt2p5e-4,D3,0.1,1e-10,133,231,-0.041905724245662704,0.09195064734707759,0.10104954859919044,-22.921443022459936,19.984146010008637,500,4266.568688078975,1.7763568394002505e-15
equilibrium_dt2p5e-4,D3,0.1,1e-10,134,211,-0.08885121417437575,0.0480453935869243,0.10100939612324814,-22.925417355447365,26.458867387914236,500,4266.568688078975,1.7763568394002505e-15
equilibrium_dt2p5e-4,D3,0.1,1e-10,135,239,-0.019571267267475913,0.09797832805822057,0.09991389929103592,-23.034464709631926,17.679524350248467,500,4266.568688078975,1.7763568394002505e-15
equilibrium_dt2p5e-4,D3,0.1,1e-10,136,277,0.08749792201660347,0.048029879367234025,0.09981360463010379,-23.044507860163854,5.020182251740825,500,4266.568688078975,1.7763568394002505e-15
equilibrium_dt2p5e-4,D3,0.1,1e-10,137,306,0.09931698595527721,0.0,0.09931698595527721,-23.0943866560815,0.0,500,4266.568688078975,1.7763568394002505e-15
equilibrium_dt2p5e-4,D3,0.1,1e-10,138,237,-0.03802550546317779,0.0892937931716457,0.09705318420696357,-23.32496159941792,19.73384281290601,500,4266.568688078975,1.7763568394002505e-15
equilibrium_dt2p5e-4,D3,0.1,1e-10,139,229,-0.07614120717198763,0.060027435257471604,0.09695760111098813,-23.33481497984234,24.73983581232349,500,4266.568688078975,1.7763568394002505e-15
equilibrium_dt2p5e-4,D3,0.1,1e-10,140,307,0.09571613273204119,0.0,0.09571613273204119,-23.46368418638197,0.0,500,4266.568688078975,1.7763568394002505e-15
equilibrium_dt2p5e-4,D3,0.1,1e-10,141,279,0.06198623410784982,0.07171223033888569,0.09478890862886101,-23.561028741517664,8.580160057973549,500,4266.568688078975,1.7763568394002505e-15
equilibrium_dt2p5e-4,D3,0.1,1e-10,142,308,0.09360452822711399,0.008983031001403472,0.09403458167393926,-23.640926742188313,0.956749116753221,500,4266.568688078975,1.7763568394002505e-15
equilibrium_dt2p5e-4,D3,0.1,1e-10,143,235,-0.05344959462442741,0.07615708887791264,0.09304171834115009,-23.747073020993035,21.827517542483932,500,4266.568688078975,1.7763568394002505e-15
equilibrium_dt2p5e-4,D3,0.1,1e-10,144,302,0.07394551227195176,0.056143574655714776,0.09284416923147724,-23.76832790877659,6.4939868469980055,500,4266.568688078975,1.7763568394002505e-15
equilibrium_dt2p5e-4,D3,0.1,1e-10,145,304,0.06927215970280654,0.05943007094428207,0.09127193129507852,-23.93911972437514,7.090749291137365,500,4266.568688078975,1.7763568394002505e-15
equilibrium_dt2p5e-4,D3,0.1,1e-10,146,310,0.08105604498487949,0.040301387069029665,0.09052228581006204,-24.021592065464304,4.614082813839127,500,4266.568688078975,1.7763568394002505e-15
equilibrium_dt2p5e-4,D3,0.1,1e-10,147,263,-0.01017522949399734,0.08838015013196095,0.08896396030193052,-24.195239316882592,16.854219095645323,500,4266.568688078975,1.7763568394002505e-15
equilibrium_dt2p5e-4,D3,0.1,1e-10,148,296,0.03635410176758301,0.08035645658525097,0.08819739695855601,-24.281778293464487,11.459396664604727,500,4266.568688078975,1.7763568394002505e-15
equilibrium_dt2p5e-4,D3,0.1,1e-10,149,233,-0.0848788873093412,0.020921770473362335,0.08741936850956943,-24.370384132110203,28.99920532286684,500,4266.568688078975,1.7763568394002505e-15
equilibrium_dt2p5e-4,D3,0.1,1e-10,150,312,0.08155813879589255,0.03040522041847579,0.08704141216999049,-24.41371271626632,3.568442371526576,500,4266.568688078975,1.7763568394002505e-15
equilibrium_dt2p5e-4,D3,0.1,1e-10,151,300,0.04422903118966778,0.07493994182688692,0.08701840081841197,-24.41635679031392,10.376190434432512,500,4266.568688078975,1.7763568394002505e-15
equilibrium_dt2p5e-4,D3,0.1,1e-10,152,314,0.06693196937844687,0.049782522922505054,0.08341575458753034,-24.83918083530314,6.395070890005719,500,4266.568688078975,1.7763568394002505e-15
equilibrium_dt2p5e-4,D3,0.1,1e-10,153,271,-0.026370904061937508,0.07884887288053714,0.08314186271412866,-24.87206940860528,18.935503868308672,500,4266.568688078975,1.7763568394002505e-15
equilibrium_dt2p5e-4,D3,0.1,1e-10,154,290,-0.000915940945201088,0.08304256747523626,0.08304761863349402,-24.88341117223232,15.818256558791449,500,4266.568688078975,1.7763568394002505e-15
equilibrium_dt2p5e-4,D3,0.1,1e-10,155,265,-0.08151031172104084,0.012409420424352,0.08244952778597081,-24.95568957270422,29.90509236031333,500,4266.568688078975,1.7763568394002505e-15
equilibrium_dt2p5e-4,D3,0.1,1e-10,156,267,-0.08141411224795955,0.0050934456134276475,0.08157328521850951,-25.062534576429776,30.79111890259968,500,4266.568688078975,1.7763568394002505e-15
equilibrium_dt2p5e-4,D3,0.1,1e-10,157,298,0.014054174693882275,0.0791270841718712,0.08036551048720185,-25.21170168872679,13.950142804777489,500,4266.568688078975,1.7763568394002505e-15
equilibrium_dt2p5e-4,D3,0.1,1e-10,158,269,-0.07223657861238751,0.03521973155281805,0.08036512166528592,-25.21175007053314,26.879457497158196,500,4266.568688078975,1.7763568394002505e-15
equilibrium_dt2p5e-4,D3,0.1,1e-10,159,292,-0.019508809016122765,0.07574405240667575,0.07821607957583145,-25.482800313936927,18.22879645875377,500,4266.568688078975,1.7763568394002505e-15
equilibrium_dt2p5e-4,D3,0.1,1e-10,160,342,0.06164427787682836,0.045831466188285125,0.07681497437299288,-25.66355679019398,6.393170975921944,500,4266.568688078975,1.7763568394002505e-15
equilibrium_dt2p5e-4,D3,0.1,1e-10,161,346,0.0754678776298091,0.0,0.0754678776298091,-25.840481751185674,0.0,500,4266.568688078975,1.7763568394002505e-15
equilibrium_dt2p5e-4,D3,0.1,1e-10,162,281,-0.04551088072598142,0.06011130770630732,0.07539634990247783,-25.849964149214788,22.188324181097123,500,4266.568688078975,1.7763568394002505e-15
equilibrium_dt2p5e-4,D3,0.1,1e-10,163,347,0.07220868247249872,0.02095424982478533,0.07518759478885902,-25.877690245483297,2.82432830231337,500,4266.568688078975,1.7763568394002505e-15
equilibrium_dt2p5e-4,D3,0.1,1e-10,164,344,0.06881647109309103,0.03002774801631379,0.0750824369918656,-25.89168609188232,4.114408923463946,500,4266.568688078975,1.7763568394002505e-15
equilibrium_dt2p5e-4,D3,0.1,1e-10,165,273,-0.07127732969026805,0.02309817487546477,0.07492652007368765,-25.91247378048102,28.282106359120004,500,4266.568688078975,1.7763568394002505e-15
equilibrium_dt2p5e-4,D3,0.1,1e-10,166,285,-0.06391251365878042,0.03594261754487732,0.07332585600019353,-26.128419901302546,26.29300321119732,500,4266.568688078975,1.7763568394002505e-15
equilibrium_dt2p5e-4,D3,0.1,1e-10,167,283,-0.056627782052016004,0.04619809107417866,0.07308193565463857,-26.161740610327527,24.572793861278093,500,4266.568688078975,1.7763568394002505e-15
equilibrium_dt2p5e-4,D3,0.1,1e-10,168,294,-0.030927455662051767,0.0659699288770298,0.07285972158722916,-26.19219308610926,20.091832363886958,500,4266.568688078975,1.7763568394002505e-15
equilibrium_dt2p5e-4,D3,0.1,1e-10,169,349,0.07188198289388134,0.011363855522981726,0.07277469805573536,-26.20386938369908,1.5679283058174966,500,4266.568688078975,1.7763568394002505e-15
equilibrium_dt2p5e-4,D3,0.1,1e-10,170,316,-0.013188330948551368,0.07089509068605535,0.07211134416021192,-26.295439078137765,17.547199688777415,500,4266.568688078975,1.7763568394002505e-15
equilibrium_dt2p5e-4,D3,0.1,1e-10,171,287,-0.06028435797150769,0.03943292151521269,0.0720358182799488,-26.305918075558985,25.62329858553685,500,4266.568688078975,1.7763568394002505e-15
equilibrium_dt2p5e-4,D3,0.1,1e-10,172,338,0.03602878697521014,0.062099916757756134,0.07179465963583442,-26.339451840251606,10.450819826674035,500,4266.568688078975,1.7763568394002505e-15
equilibrium_dt2p5e-4,D3,0.1,1e-10,173,340,0.03912902183648175,0.0594829891376457,0.0711990614167711,-26.42275642999816,9.88944287072307,500,4266.568688078975,1.7763568394002505e-15
equilibrium_dt2p5e-4,D3,0.1,1e-10,174,289,-0.07089425792889449,0.0,0.07089425792889449,-26.46565837032749,31.41592653589793,500,4266.568688078975,1.7763568394002505e-15
equilibrium_dt2p5e-4,D3,0.1,1e-10,175,332,0.0020343813952264974,0.06820311414294972,0.06823344844324865,-26.84820387980293,15.409768911980855,500,4266.568688078975,1.7763568394002505e-15
equilibrium_dt2p5e-4,D3,0.1,1e-10,176,320,-0.03826840938752708,0.05566554661279001,0.06755090108023777,-26.948738752091216,21.730634971788298,500,4266.568688078975,1.7763568394002505e-15
equilibrium_dt2p5e-4,D3,0.1,1e-10,177,379,0.06746759723968968,0.0,0.06746759723968968,-26.96107837253656,0.0,500,4266.568688078975,1.7763568394002505e-15
equilibrium_dt2p5e-4,D3,0.1,1e-10,178,353,0.028303896459115248,0.05983490075936973,0.0661915848401588,-27.152019413373978,11.28953919719208,500,4266.568688078975,1.7763568394002505e-15
equilibrium_dt2p5e-4,D3,0.1,1e-10,179,351,0.02227829294495104,0.06224836982678563,0.06611491422238504,-27.163609263744036,12.271067307915477,500,4266.568688078975,1.7763568394002505e-15
equilibrium_dt2p5e-4,D3,0.1,1e-10,180,334,-0.013008021346844914,0.06480546640152572,0.06609808692299084,-27.166154747068564,17.688880756126558,500,4266.568688078975,1.7763568394002505e-15
equilibrium_dt2p5e-4,D3,0.1,1e-10,181,318,-0.059784244250122916,0.027025285324105905,0.06560885540388348,-27.240446012296893,27.170377859814575,500,4266.568688078975,1.7763568394002505e-15
equilibrium_dt2p5e-4,D3,0.1,1e-10,182,359,0.03389919050378244,0.055557318156370585,0.06508279893750667,-27.32094989911562,10.229352882402342,500,4266.568688078975,1.7763568394002505e-15
equilibrium_dt2p5e-4,D3,0.1,1e-10,183,361,0.04114058326588581,0.050034073587008905,0.06477620019086876,-27.368170240932077,8.826339984140768,500,4266.568688078975,1.7763568394002505e-15
equilibrium_dt2p5e-4,D3,0.1,1e-10,184,322,-0.039570792383475224,0.050786174620109134,0.06438232010731143,-27.42916216057937,22.327030481504657,500,4266.568688078975,1.7763568394002505e-15
equilibrium_dt2p5e-4,D3,0.1,1e-10,185,390,0.06353977507050916,0.0,0.06353977507050916,-27.560891901138383,0.0,500,4266.568688078975,1.7763568394002505e-15
equilibrium_dt2p5e-4,D3,0.1,1e-10,186,386,0.058942543312377936,0.023152442730183184,0.06332660591335967,-27.59449723552398,3.7428134491457805,500,4266.568688078975,1.7763568394002505e-15
equilibrium_dt2p5e-4,D3,0.1,1e-10,187,324,-0.04944481837054657,0.03901740821908028,0.06298530152210667,-27.648538889843337,24.73527224102356,500,4266.568688078975,1.7763568394002505e-15
equilibrium_dt2p5e-4,D3,0.1,1e-10,188,336,-0.020469260371318337,0.05881378689148314,0.06227400861246702,-27.76211137471376,19.0571957939519,500,4266.568688078975,1.7763568394002505e-15
equilibrium_dt2p5e-4,D3,0.1,1e-10,189,363,0.01382475173478754,0.05997799069039037,0.061550654974460384,-27.87894785068563,13.442558842212872,500,4266.568688078975,1.7763568394002505e-15
equilibrium_dt2p5e-4,D3,0.1,1e-10,190,388,0.043314573148870966,0.04032568295611767,0.05918034262275112,-28.27165842524448,7.496782954796306,500,4266.568688078975,1.7763568394002505e-15
equilibrium_dt2p5e-4,D3,0.1,1e-10,191,355,-0.029409532229952323,0.0513072183805938,0.059138407519466966,-28.278746922205393,20.912802490966605,500,4266.568688078975,1.7763568394002505e-15
equilibrium_dt2p5e-4,D3,0.1,1e-10,192,365,0.0003769487307871527,0.05869887895539064,0.05870008927561562,-28.353140312699306,15.643746786135619,500,4266.568688078975,1.7763568394002505e-15
equilibrium_dt2p5e-4,D3,0.1,1e-10,193,326,-0.057371387846518886,0.012270621948434816,0.05866893817376539,-28.3584485449065,29.308867630679384,500,4266.568688078975,1.7763568394002505e-15
equilibrium_dt2p5e-4,D3,0.1,1e-10,194,397,0.05808501103133974,0.0076073373578839955,0.05858105571076299,-28.373439160521595,1.3022780799289073,500,4266.568688078975,1.7763568394002505e-15
equilibrium_dt2p5e-4,D3,0.1,1e-10,195,377,0.021837429443407615,0.05414976136603441,0.058387241591757684,-28.406578789096656,11.874669365833165,500,4266.568688078975,1.7763568394002505e-15
equilibrium_dt2p5e-4,D3,0.1,1e-10,196,395,0.05455842889854688,0.019364028211236377,0.057892898981164814,-28.49160544736784,3.4105360323591287,500,4266.568688078975,1.7763568394002505e-15
equilibrium_dt2p5e-4,D3,0.1,1e-10,197,399,0.05771366432655924,0.0,0.05771366432655924,-28.52261316753284,0.0,500,4266.568688078975,1.7763568394002505e-15
equilibrium_dt2p5e-4,D3,0.1,1e-10,198,393,0.049455179777251515,0.029117838209943396,0.05739044614585869,-28.57877432961804,5.321229056865413,500,4266.568688078975,1.7763568394002505e-15
equilibrium_dt2p5e-4,D3,0.1,1e-10,199,330,-0.05146753065650406,0.024820056002177033,0.057139670036056286,-28.622566568539312,26.922481431412635,500,4266.568688078975,1.7763568394002505e-15
equilibrium_dt2p5e-4,D3,0.1,1e-10,200,328,-0.056523546739991055,0.005634706212325616,0.05680370806705469,-28.68153672515184,30.422331512684426,500,4266.568688078975,1.7763568394002505e-15
equilibrium_dt2p5e-4,D3,0.1,1e-10,201,357,-0.04202967626350006,0.03750530110189191,0.05633064261623681,-28.765166180767334,24.130186015159584,500,4266.568688078975,1.7763568394002505e-15
equilibrium_dt2p5e-4,D3,0.1,1e-10,202,400,0.03573350639575707,0.04099855157397897,0.05438533543612492,-29.116607306494252,8.539067594455682,500,4266.568688078975,1.7763568394002505e-15
equilibrium_dt2p5e-4,D3,0.1,1e-10,203,367,-0.040627612538552814,0.03468506323987566,0.05341962666040402,-29.295770600854322,24.349363795792172,500,4266.568688078975,1.7763568394002505e-15
equilibrium_dt2p5e-4,D3,0.1,1e-10,204,369,-0.02443799220244506,0.04746163283524601,0.053383724619723454,-29.30249361873766,20.46292716594335,500,4266.568688078975,1.7763568394002505e-15
equilibrium_dt2p5e-4,D3,0.1,1e-10,205,382,0.0048146597426955255,0.052489439872219455,0.052709792700572015,-29.429540209519715,14.793260335290569,500,4266.568688078975,1.7763568394002505e-15
equilibrium_dt2p5e-4,D3,0.1,1e-10,206,371,-0.04962781377801405,0.014226909774197001,0.05162678434793691,-29.63714664657825,28.624076890366737,500,4266.568688078975,1.7763568394002505e-15
equilibrium_dt2p5e-4,D3,0.1,1e-10,207,373,-0.05114739103041392,0.007010801555729765,0.05162564234633686,-29.63736785234293,30.053709865807757,500,4266.568688078975,1.7763568394002505e-15
equilibrium_dt2p5e-4,D3,0.1,1e-10,208,384,-0.002827912985158175,0.050249105875281065,0.05032861743696952,-29.89181428530056,16.270149017356786,500,4266.568688078975,1.7763568394002505e-15
equilibrium_dt2p5e-4,D3,0.1,1e-10,209,414,0.03774103050571104,0.032861387739877984,0.05004254377850525,-29.948817597732933,7.163935118576282,500,4266.568688078975,1.7763568394002505e-15
equilibrium_dt2p5e-4,D3,0.1,1e-10,210,375,-0.04997171627223945,0.0010904257692108475,0.04998361186980549,-29.960600898837836,31.1977525704496,500,4266.568688078975,1.7763568394002505e-15
equilibrium_dt2p5e-4,D3,0.1,1e-10,211,431,0.049684384323387336,0.0053185483070725,0.04996823992986666,-29.9636767678254,1.0664058443824984,500,4266.568688078975,1.7763568394002505e-15
equilibrium_dt2p5e-4,D3,0.1,1e-10,212,416,0.03439188765721824,0.033246037520789605,0.04783409816710743,-30.4001654302215,7.684588422349355,500,4266.568688078975,1.7763568394002505e-15
equilibrium_dt2p5e-4,D3,0.1,1e-10,213,391,-0.010975736407479415,0.045683289685352936,0.04698329220225359,-30.579632255303043,18.065844262807296,500,4266.568688078975,1.7763568394002505e-15
equilibrium_dt2p5e-4,D3,0.1,1e-10,214,418,0.019672354706491528,0.04224412425604139,0.046600081264498716,-30.66152993978694,11.349775344256427,500,4266.568688078975,1.7763568394002505e-15
equilibrium_dt2p5e-4,D3,0.1,1e-10,215,406,-0.014216384127637033,0.04270680108619532,0.04501084798890578,-31.008517518435298,18.921418650239644,500,4266.568688078975,1.7763568394002505e-15
equilibrium_dt2p5e-4,D3,0.1,1e-10,216,412,0.0026375152435859778,0.044831642902773625,0.044909160446638965,-31.031134861868438,15.120325066490379,500,4266.568688078975,1.7763568394002505e-15
equilibrium_dt2p5e-4,D3,0.1,1e-10,217,420,0.014920151832742768,0.04227561997623333,0.04483122767766901,-31.048503360086492,12.315174943401964,500,4266.568688078975,1.7763568394002505e-15
equilibrium_dt2p5e-4,D3,0.1,1e-10,218,380,-0.04124830297060693,0.013429282314454989,0.043379351325674685,-31.377717269991592,28.268437102391836,500,4266.568688078975,1.7763568394002505e-15
equilibrium_dt2p5e-4,D3,0.1,1e-10,219,435,0.03710841493392406,0.022149615103110573,0.043216199602975534,-31.415398632139354,5.381290674368352,500,4266.568688078975,1.7763568394002505e-15
equilibrium_dt2p5e-4,D3,0.1,1e-10,220,404,-0.022627402963611827,0.03679463347189295,0.04319542125282047,-31.42020778867403,21.221467223714324,500,4266.568688078975,1.7763568394002505e-15
equilibrium_dt2p5e-4,D3,0.1,1e-10,221,402,-0.026955659404480015,0.03275061013985067,0.04241709606353105,-31.60203788965604,22.594398875256022,500,4266.568688078975,1.7763568394002505e-15
equilibrium_dt2p5e-4,D3,0.1,1e-10,222,433,0.026610348305529705,0.032152946832656834,0.04173634659341022,-31.763829088732418,8.794406995471821,500,4266.568688078975,1.7763568394002505e-15
equilibrium_dt2p5e-4,D3,0.1,1e-10,223,449,0.04127073877532865,0.004247130053375758,0.04148869716864707,-31.8233424622349,1.0254800356984797,500,4266.568688078975,1.7763568394002505e-15
equilibrium_dt2p5e-4,D3,0.1,1e-10,224,408,-0.03626648558068005,0.017650611011218603,0.04033363417103677,-32.105695632952866,26.886479538879826,500,4266.568688078975,1.7763568394002505e-15
equilibrium_dt2p5e-4,D3,0.1,1e-10,225,424,-0.00436185018459907,0.03922010647792397,0.03946191187933728,-32.32419328488467,16.815558172252945,500,4266.568688078975,1.7763568394002505e-15
equilibrium_dt2p5e-4,D3,0.1,1e-10,226,410,-0.03241045307553797,0.021396572416359495,0.03883620449696603,-32.48402361833399,25.580977226897083,500,4266.568688078975,1.7763568394002505e-15
equilibrium_dt2p5e-4,D3,0.1,1e-10,227,422,-0.015869745343864285,0.034244865891521,0.0377433392429361,-32.76946262750891,20.04753863230765,500,4266.568688078975,1.7763568394002505e-15
equilibrium_dt2p5e-4,D3,0.1,1e-10,228,459,0.037035673076326214,0.0,0.037035673076326214,-32.958736936216496,0.0,500,4266.568688078975,1.7763568394002505e-15
equilibrium_dt2p5e-4,D3,0.1,1e-10,229,447,0.025560469985649023,0.026495915796225906,0.03681536608222113,-33.018399643776455,8.033660865631994,500,4266.568688078975,1.7763568394002505e-15
equilibrium_dt2p5e-4,D3,0.1,1e-10,230,426,-0.036732675936044054,0.0,0.036732675936044054,-33.040885675695066,31.41592653589793,500,4266.568688078975,1.7763568394002505e-15
equilibrium_dt2p5e-4,D3,0.1,1e-10,231,460,0.033424662307857206,0.012812948303504958,0.035796364265419205,-33.29908947564592,3.6606071775330333,500,4266.568688078975,1.7763568394002505e-15
equilibrium_dt2p5e-4,D3,0.1,1e-10,232,439,0.005487080706810097,0.034724026806179455,0.03515488717545993,-33.479916326816344,14.140725171805752,500,4266.568688078975,1.7763568394002505e-15
equilibrium_dt2p5e-4,D3,0.1,1e-10,233,427,-0.034981688765809676,0.002805790702135913,0.03509403097924442,-33.49724220543129,30.61556578874592,500,4266.568688078975,1.7763568394002505e-15
equilibrium_dt2p5e-4,D3,0.1,1e-10,234,429,-0.032098989345827715,0.009220226369157834,0.03339697128965551,-33.992900630615914,28.618797552084352,500,4266.568688078975,1.7763568394002505e-15
equilibrium_dt2p5e-4,D3,0.1,1e-10,235,445,0.010969119441853444,0.03125687885968015,0.03312573104670095,-34.07444925584906,12.332891682412324,500,4266.568688078975,1.7763568394002505e-15
equilibrium_dt2p5e-4,D3,0.1,1e-10,236,437,-0.005569012207687975,0.03251000236967915,0.03298354363991113,-34.11746519475124,17.404511555544854,500,4266.568688078975,1.7763568394002505e-15
equilibrium_dt2p5e-4,D3,0.1,1e-10,237,466,0.032110706955292674,0.005413736116210701,0.032563876303423174,-34.245516938458806,1.6702525809097355,500,4266.568688078975,1.7763568394002505e-15
equilibrium_dt2p5e-4,D3,0.1,1e-10,238,470,0.023833663003812854,0.01715264635296477,0.029364208981159243,-35.27978727841639,6.2381326135007615,500,4266.568688078975,1.7763568394002505e-15
equilibrium_dt2p5e-4,D3,0.1,1e-10,239,477,0.029291743240453718,0.0,0.029291743240453718,-35.304496033394926,0.0,500,4266.568688078975,1.7763568394002505e-15
equilibrium_dt2p5e-4,D3,0.1,1e-10,240,441,-0.01752248737048071,0.023209473102661273,0.02908121739803568,-35.37662763436696,22.174715183137682,500,4266.568688078975,1.7763568394002505e-15
equilibrium_dt2p5e-4,D3,0.1,1e-10,241,457,0.0010478807181992925,0.02806098076582338,0.028080539445307733,-35.72678488993823,15.33470687866968,500,4266.568688078975,1.7763568394002505e-15
equilibrium_dt2p5e-4,D3,0.1,1e-10,242,468,0.014882133800457433,0.022133926382221066,0.026671869142381066,-36.24145859165208,9.788573372305361,500,4266.568688078975,1.7763568394002505e-15
equilibrium_dt2p5e-4,D3,0.1,1e-10,243,443,-0.023828166406447283,0.011687465444158902,0.02654012740741369,-36.290974495088264,26.85582349905367,500,4266.568688078975,1.7763568394002505e-15
equilibrium_dt2p5e-4,D3,0.1,1e-10,244,480,0.01954308199109437,0.015057154924839878,0.024670832335802268,-37.02133610225972,6.564671775448706,500,4266.568688078975,1.7763568394002505e-15
equilibrium_dt2p5e-4,D3,0.1,1e-10,245,453,-0.010409516390319718,0.021794083439399776,0.024152434751880697,-37.23370086082078,20.163886296445543,500,4266.568688078975,1.7763568394002505e-15
equilibrium_dt2p5e-4,D3,0.1,1e-10,246,490,0.02395409926042953,0.0,0.02395409926042953,-37.31615810671906,0.0,500,4266.568688078975,1.7763568394002505e-15
equilibrium_dt2p5e-4,D3,0.1,1e-10,247,451,-0.016073275262967326,0.017130848984262616,0.023490767646050414,-37.51147801149653,23.243545805787104,500,4266.568688078975,1.7763568394002505e-15
equilibrium_dt2p5e-4,D3,0.1,1e-10,248,488,0.020676736435766577,0.010581029983797402,0.023226829855840785,-37.62447209190349,4.72992252321375,500,4266.568688078975,1.7763568394002505e-15
equilibrium_dt2p5e-4,D3,0.1,1e-10,249,472,0.008059076883050409,0.02151194271557743,0.022971991633404413,-37.73479560188563,12.123477240193665,500,4266.568688078975,1.7763568394002505e-15
equilibrium_dt2p5e-4,D3,0.1,1e-10,250,455,-0.02161853664527625,0.004413428361208335,0.02206443918577289,-38.13788053045317,29.402097300583804,500,4266.568688078975,1.7763568394002505e-15
equilibrium_dt2p5e-4,D3,0.1,1e-10,251,462,-0.004768336481475569,0.019771951634764712,0.020338807837433488,-38.952245018083914,18.07444180490396,500,4266.568688078975,1.7763568394002505e-15
equilibrium_dt2p5e-4,D3,0.1,1e-10,252,482,0.012087333833550722,0.016255854590788536,0.020257256667193628,-38.99242195687537,9.31424401271714,500,4266.568688078975,1.7763568394002505e-15
equilibrium_dt2p5e-4,D3,0.1,1e-10,253,494,0.016997833380997085,0.008760315324991642,0.0191224858279833,-39.56890367885887,4.75874464546542,500,4266.568688078975,1.7763568394002505e-15
equilibrium_dt2p5e-4,D3,0.1,1e-10,254,496,0.01753850919187952,0.0,0.01753850919187952,-40.43356290412074,0.0,500,4266.568688078975,1.7763568394002505e-15
equilibrium_dt2p5e-4,D3,0.1,1e-10,255,464,-0.016821747821060516,0.0036699130892703315,0.01721741739745401,-40.61833768149262,29.267935071837485,500,4266.568688078975,1.7763568394002505e-15
equilibrium_dt2p5e-4,D3,0.1,1e-10,256,474,-0.016382887497143128,0.0,0.016382887497143128,-41.11517934216168,31.41592653589793,500,4266.568688078975,1.7763568394002505e-15
equilibrium_dt2p5e-4,D3,0.1,1e-10,257,475,-0.0016841243292889407,0.015482126372908595,0.015573455357858602,-41.621873936820386,16.791489151726417,500,4266.568688078975,1.7763568394002505e-15
equilibrium_dt2p5e-4,D3,0.1,1e-10,258,478,-0.010568168734390867,0.008100439446175339,0.01331552888997317,-43.188243391402494,24.876185950019728,500,4266.568688078975,1.7763568394002505e-15
equilibrium_dt2p5e-4,D3,0.1,1e-10,259,497,0.011927381421476844,0.005589473931064396,0.013172116246049435,-43.296530892678604,4.382344037741904,500,4266.568688078975,1.7763568394002505e-15
equilibrium_dt2p5e-4,D3,0.1,1e-10,260,484,-0.003506763971040423,0.00994066474397909,0.01054107248342293,-45.52475987400033,19.09936330248727,500,4266.568688078975,1.7763568394002505e-15
equilibrium_dt2p5e-4,D3,0.1,1e-10,261,486,-0.007887489091349705,0.0030224025251013044,0.008446739086173985,-47.739748190559666,27.756616020673533,500,4266.568688078975,1.7763568394002505e-15
equilibrium_dt2p5e-4,D3,0.1,1e-10,262,492,0.0014522945851295687,0.007132700636106466,0.0072790506198480475,-49.227548346391146,13.699313070220443,500,4266.568688078975,1.7763568394002505e-15
equilibrium_dt2p5e-4,D3,0.1,1e-10,263,491,-0.005183748901822861,0.0,0.005183748901822861,-52.62226758253647,31.41592653589793,500,4266.568688078975,1.7763568394002505e-15
equilibrium_dt2p5e-4,D3,0.1,1e-10,264,499,0.0044201040734577375,0.0,0.0044201040734577375,-54.21592037138572,0.0,500,4266.568688078975,1.7763568394002505e-15
equilibrium_dt2p5e-4,D3,0.25,1e-10,0,0,1.0000000000000024,0.0,1.0000000000000024,9.769962616701365e-15,0.0,500,4266.568688078975,2.4424906541753444e-15
equilibrium_dt2p5e-4,D3,0.25,1e-10,1,1,0.7837144673399452,0.0,0.7837144673399452,-0.9748420991603589,0.0,500,4266.568688078975,2.4424906541753444e-15
equilibrium_dt2p5e-4,D3,0.25,1e-10,2,2,0.6077830719978321,0.0,0.6077830719978321,-1.9917490006309164,0.0,500,4266.568688078975,2.4424906541753444e-15
equilibrium_dt2p5e-4,D3,0.25,1e-10,3,3,-0.5490020780407234,0.0,0.5490020780407234,-2.398612209367361,12.566370614359172,500,4266.568688078975,2.4424906541753444e-15
equilibrium_dt2p5e-4,D3,0.25,1e-10,4,4,0.5091902473099894,0.0,0.5091902473099894,-2.699734261791051,0.0,500,4266.568688078975,2.4424906541753444e-15
equilibrium_dt2p5e-4,D3,0.25,1e-10,5,5,0.4562491889010479,0.0,0.4562491889010479,-3.1388646073525757,0.0,500,4266.568688078975,2.4424906541753444e-15
equilibrium_dt2p5e-4,D3,0.25,1e-10,6,6,0.1266016187893364,0.3514887762392499,0.3735938030833032,-3.9383446392045687,4.900301538658864,500,4266.568688078975,2.4424906541753444e-15
equilibrium_dt2p5e-4,D3,0.25,1e-10,7,10,0.3184027732533659,0.08610197844462139,0.32983916794024387,-4.436600452811846,1.0564071744019436,500,4266.568688078975,2.4424906541753444e-15
equilibrium_dt2p5e-4,D3,0.25,1e-10,8,8,0.009341330246776152,0.3171113559710888,0.31724891258537347,-4.592274400081563,6.165389088257819,500,4266.568688078975,2.4424906541753444e-15
equilibrium_dt2p5e-4,D3,0.25,1e-10,9,13,0.30716417884860775,0.0,0.30716417884860775,-4.721491559272278,0.0,500,4266.568688078975,2.4424906541753444e-15
equilibrium_dt2p5e-4,D3,0.25,1e-10,10,14,0.2874710769890596,0.03186024687238112,0.28923121449113837,-4.962115442387505,0.44151574638765273,500,4266.568688078975,2.4424906541753444e-15
equilibrium_dt2p5e-4,D3,0.25,1e-10,11,12,-0.2891375756218397,0.0,0.2891375756218397,-4.963410655707691,12.566370614359172,500,4266.568688078975,2.4424906541753444e-15
equilibrium_dt2p5e-4,D3,0.25,1e-10,12,16,0.2848334905965863,0.0,0.2848334905965863,-5.023402051883946,0.0,500,4266.568688078975,2.4424906541753444e-15
equilibrium_dt2p5e-4,D3,0.25,1e-10,13,17,-0.26590271181616515,0.0,0.26590271181616515,-5.2984991286139325,12.566370614359172,500,4266.568688078975,2.4424906541753444e-15
equilibrium_dt2p5e-4,D3,0.25,1e-10,14,22,0.25932847033712275,0.04913514514034231,0.26394226265483606,-5.32809960727848,0.7490041309878768,500,4266.568688078975,2.4424906541753444e-15
equilibrium_dt2p5e-4,D3,0.25,1e-10,15,24,0.23117138545252813,0.0973543765957085,0.25083477449185626,-5.531843302244951,1.5943698563863662,500,4266.568688078975,2.4424906541753444e-15
equilibrium_dt2p5e-4,D3,0.25,1e-10,16,26,0.15849797860725717,0.19145319798741767,0.24854765386580477,-5.56848274308255,3.5171686685703225,500,4266.568688078975,2.4424906541753444e-15
equilibrium_dt2p5e-4,D3,0.25,1e-10,17,18,-0.21965233634485282,0.11603938857023269,0.24841958167887207,-5.570544403177748,10.622290664722726,500,4266.568688078975,2.4424906541753444e-15
equilibrium_dt2p5e-4,D3,0.25,1e-10,18,28,0.14556764459996385,0.19888134724266432,0.24646243006884155,-5.602182842517358,3.7558371976767986,500,4266.568688078975,2.4424906541753444e-15
equilibrium_dt2p5e-4,D3,0.25,1e-10,19,30,0.07038697563856804,0.23123483371808212,0.24171031145603503,-5.680061319892842,5.1012453289005,500,4266.568688078975,2.4424906541753444e-15
equilibrium_dt2p5e-4,D3,0.25,1e-10,20,20,-0.149800823969995,0.17777566894659863,0.23247467675318975,-5.835895908308863,9.084007066647265,500,4266.568688078975,2.4424906541753444e-15
equilibrium_dt2p5e-4,D3,0.25,1e-10,21,34,0.12069521187860582,0.18454701294193088,0.22051062141359712,-6.047237662316722,3.9664349250732127,500,4266.568688078975,2.4424906541753444e-15
equilibrium_dt2p5e-4,D3,0.25,1e-10,22,38,0.2136617498898406,0.0,0.2136617498898406,-6.173444489721389,0.0,500,4266.568688078975,2.4424906541753444e-15
equilibrium_dt2p5e-4,D3,0.25,1e-10,23,36,0.04358404886742631,0.20606524153618003,0.2106239613269165,-6.230723637092919,5.449448460980022,500,4266.568688078975,2.4424906541753444e-15
equilibrium_dt2p5e-4,D3,0.25,1e-10,24,32,-0.17211070799724565,0.11297588220081528,0.20587774470876072,-6.32189103461804,10.242886642559519,500,4266.568688078975,2.4424906541753444e-15
equilibrium_dt2p5e-4,D3,0.25,1e-10,25,43,0.09205139900879694,0.16550691100971185,0.18938320319250443,-6.655931145874094,4.252887449575577,500,4266.568688078975,2.4424906541753444e-15
equilibrium_dt2p5e-4,D3,0.25,1e-10,26,39,-0.03577014019658825,0.18279283552523337,0.18625982832870486,-6.722450614258555,7.056164537384032,500,4266.568688078975,2.4424906541753444e-15
equilibrium_dt2p5e-4,D3,0.25,1e-10,27,45,0.06079101753109556,0.17416427991182024,0.18446881636110976,-6.761099387197981,4.939893304091727,500,4266.568688078975,2.4424906541753444e-15
equilibrium_dt2p5e-4,D3,0.25,1e-10,28,55,0.177631589343549,0.026315484978183284,0.17957028229178743,-6.868754411545687,0.5883066780870125,500,4266.568688078975,2.4424906541753444e-15
equilibrium_dt2p5e-4,D3,0.25,1e-10,29,53,0.1458044550739051,0.0990896249746682,0.1762886635521944,-6.9425299747012135,2.3876295515915458,500,4266.568688078975,2.4424906541753444e-15
equilibrium_dt2p5e-4,D3,0.25,1e-10,30,41,-0.08550527709842115,0.1538258845181825,0.17599305429328455,-6.949242995861682,8.312502240129671,500,4266.568688078975,2.4424906541753444e-15
equilibrium_dt2p5e-4,D3,0.25,1e-10,31,57,0.16026681173863686,0.06915282745169361,0.17454960466707273,-6.98218524121162,1.6294047619463077,500,4266.568688078975,2.4424906541753444e-15
equilibrium_dt2p5e-4,D3,0.25,1e-10,32,59,0.17174774173379806,0.0,0.17174774173379806,-7.046913986128287,0.0,500,4266.568688078975,2.4424906541753444e-15
equilibrium_dt2p5e-4,D3,0.25,1e-10,33,47,-0.16811975809929106,0.0,0.16811975809929106,-7.132314830814693,12.566370614359172,500,4266.568688078975,2.4424906541753444e-15
equilibrium_dt2p5e-4,D3,0.25,1e-10,34,48,-0.15819484066828438,0.04777210725943707,0.16525066367815605,-7.201167136206853,11.393271399682154,500,4266.568688078975,2.4424906541753444e-15
equilibrium_dt2p5e-4,D3,0.25,1e-10,35,51,-0.0727798204849128,0.14516866968520348,0.1623910247765801,-7.270992475743412,8.142082574990964,500,4266.568688078975,2.4424906541753444e-15
equilibrium_dt2p5e-4,D3,0.25,1e-10,36,50,-0.15868062659255502,0.0,0.15868062659255502,-7.36344693825157,12.566370614359172,500,4266.568688078975,2.4424906541753444e-15
equilibrium_dt2p5e-4,D3,0.25,1e-10,37,62,0.10704775126607897,0.11558449676200934,0.157540461288049,-7.39229182656749,3.29489596656246,500,4266.568688078975,2.4424906541753444e-15
equilibrium_dt2p5e-4,D3,0.25,1e-10,38,60,-0.026150559359359733,0.15303747283213606,0.15525565962519428,-7.450728415681314,6.960154275401141,500,4266.568688078975,2.4424906541753444e-15
equilibrium_dt2p5e-4,D3,0.25,1e-10,39,64,0.15233653568690403,0.0,0.15233653568690403,-7.526652619849257,0.0,500,4266.568688078975,2.4424906541753444e-15
equilibrium_dt2p5e-4,D3,0.25,1e-10,40,65,0.014578449253214113,0.1445367923214859,0.145270146682699,-7.7166407574928435,5.881092215740766,500,4266.568688078975,2.4424906541753444e-15
equilibrium_dt2p5e-4,D3,0.25,1e-10,41,69,0.13413772167135277,0.04024115316298065,0.1400438459307219,-7.863198880742577,1.165822709315623,500,4266.568688078975,2.4424906541753444e-15
equilibrium_dt2p5e-4,D3,0.25,1e-10,42,67,-0.13697013954527684,0.012817952153829236,0.13756859752309197,-7.93453038081303,12.193129281863966,500,4266.568688078975,2.4424906541753444e-15
equilibrium_dt2p5e-4,D3,0.25,1e-10,43,71,0.09866548064058003,0.09275095741888872,0.13541645827652257,-7.99760149155419,3.0180370781212833,500,4266.568688078975,2.4424906541753444e-15
equilibrium_dt2p5e-4,D3,0.25,1e-10,44,73,0.07201982069723782,0.11139846506590985,0.1326516965300596,-8.08011363583371,3.9875239417462485,500,4266.568688078975,2.4424906541753444e-15
equilibrium_dt2p5e-4,D3,0.25,1e-10,45,75,-0.04562861483042065,0.11783593742190722,0.12636169767553188,-8.274427471638163,7.760953996007125,500,4266.568688078975,2.4424906541753444e-15
equilibrium_dt2p5e-4,D3,0.25,1e-10,46,77,-0.053610807823882285,0.11260270572006485,0.12471362415954708,-8.326940707098164,8.06058622935418,500,4266.568688078975,2.4424906541753444e-15
equilibrium_dt2p5e-4,D3,0.25,1e-10,47,81,0.08365565471730371,0.0923181581922377,0.12458294786281052,-8.33113414811165,3.3383382140909785,500,4266.568688078975,2.4424906541753444e-15
equilibrium_dt2p5e-4,D3,0.25,1e-10,48,83,0.11052419249168399,0.057020872705316444,0.12436630190696642,-8.338096081461025,1.9051874036718939,500,4266.568688078975,2.4424906541753444e-15
equilibrium_dt2p5e-4,D3,0.25,1e-10,49,79,-0.10616128243894288,0.061217757980999404,0.12254726345904758,-8.39703399701146,10.474081071775528,500,4266.568688078975,2.4424906541753444e-15
equilibrium_dt2p5e-4,D3,0.25,1e-10,50,85,-0.01028221582147532,0.11647633715898378,0.11692929949406464,-8.584743218649278,6.635381501063183,500,4266.568688078975,2.4424906541753444e-15
equilibrium_dt2p5e-4,D3,0.25,1e-10,51,91,0.04465197829415869,0.10747043850401136,0.11637737889223364,-8.603668407939804,4.708061934239921,500,4266.568688078975,2.4424906541753444e-15
equilibrium_dt2p5e-4,D3,0.25,1e-10,52,93,0.09196449773663598,0.06954539211340846,0.11529974157889279,-8.640880372011384,2.5898801429206824,500,4266.568688078975,2.4424906541753444e-15
equilibrium_dt2p5e-4,D3,0.25,1e-10,53,89,-0.09031767884716221,0.07037914077455433,0.11450112038099744,-8.668682684195353,9.918556413744557,500,4266.568688078975,2.4424906541753444e-15
equilibrium_dt2p5e-4,D3,0.25,1e-10,54,87,-0.10726369365686972,0.03742469104239952,0.11360505040064835,-8.700109263724466,11.223579592649013,500,4266.568688078975,2.4424906541753444e-15
equilibrium_dt2p5e-4,D3,0.25,1e-10,55,103,0.10898195532823929,0.022325845655425194,0.11124526943378855,-8.784071523133377,0.8082499931535031,500,4266.568688078975,2.4424906541753444e-15
equilibrium_dt2p5e-4,D3,0.25,1e-10,56,95,0.031613520648286556,0.104495273481026,0.1091726928661836,-8.859297249083477,5.108060368785529,500,4266.568688078975,2.4424906541753444e-15
equilibrium_dt2p5e-4,D3,0.25,1e-10,57,97,-0.06700241606773392,0.08343139406962921,0.1070052394759971,-8.93950991461474,8.98965967266893,500,4266.568688078975,2.4424906541753444e-15
equilibrium_dt2p5e-4,D3,0.25,1e-10,58,107,0.10482451414566143,0.010456299635764322,0.10534473393552646,-9.002068505420159,0.397686539966635,500,4266.568688078975,2.4424906541753444e-15
equilibrium_dt2p5e-4,D3,0.25,1e-10,59,99,-0.014076129877985673,0.10350508718755111,0.10445784080692304,-9.0358869049372,6.823846778212654,500,4266.568688078975,2.4424906541753444e-15
equilibrium_dt2p5e-4,D3,0.25,1e-10,60,101,-0.07637772892975289,0.07026340614012075,0.10378103737619108,-9.061888036704907,9.591464699612446,500,4266.568688078975,2.4424906541753444e-15
equilibrium_dt2p5e-4,D3,0.25,1e-10,61,109,0.09852490016013055,0.03104833887802939,0.10330128410938871,-9.08042188823518,1.2211232509051044,500,4266.568688078975,2.4424906541753444e-15
equilibrium_dt2p5e-4,D3,0.25,1e-10,62,105,0.04869262841749652,0.09040781783793102,0.10268663782801006,-9.104293117181085,4.307025557693482,500,4266.568688078975,2.4424906541753444e-15
equilibrium_dt2p5e-4,D3,0.25,1e-10,63,111,-0.09070564348678617,0.03174271943946943,0.09609950050736385,-9.369484642613955,11.21983853245223,500,4266.568688078975,2.4424906541753444e-15
equilibrium_dt2p5e-4,D3,0.25,1e-10,64,113,-0.07416111973715424,0.06071525116485672,0.0958447359257678,-9.380102923670385,9.822226077622199,500,4266.568688078975,2.4424906541753444e-15
equilibrium_dt2p5e-4,D3,0.25,1e-10,65,125,0.08829591521141432,0.03282911649235713,0.09420148370747683,-9.449277387654806,1.4238766441306703,500,4266.568688078975,2.4424906541753444e-15
equilibrium_dt2p5e-4,D3,0.25,1e-10,66,119,-0.040141718855573355,0.08220909590402965,0.09148602648512962,-9.566276137489805,8.100122200851818,500,4266.568688078975,2.4424906541753444e-15
equilibrium_dt2p5e-4,D3,0.25,1e-10,67,127,0.09128822927932526,0.0,0.09128822927932526,-9.574933692994804,0.0,500,4266.568688078975,2.4424906541753444e-15
equilibrium_dt2p5e-4,D3,0.25,1e-10,68,115,-0.08941736717784857,0.01715064530983073,0.09104729643191943,-9.585504665895044,11.808358980024323,500,4266.568688078975,2.4424906541753444e-15
equilibrium_dt2p5e-4,D3,0.25,1e-10,69,128,-0.009108904950169742,0.08945252003469101,0.0899151015678013,-9.635557479070588,6.689104122152396,500,4266.568688078975,2.4424906541753444e-15
equilibrium_dt2p5e-4,D3,0.25,1e-10,70,137,0.023501071022914464,0.08472814081801808,0.08792700487166596,-9.724993195263629,5.2009111680927305,500,4266.568688078975,2.4424906541753444e-15
equilibrium_dt2p5e-4,D3,0.25,1e-10,71,132,0.07102249050230652,0.05158301729797454,0.08777813982258545,-9.731771145218781,2.5126163334388862,500,4266.568688078975,2.4424906541753444e-15
equilibrium_dt2p5e-4,D3,0.25,1e-10,72,117,-0.07889249098841641,0.03688933838099636,0.08709103524786588,-9.763205300977546,10.816830263296639,500,4266.568688078975,2.4424906541753444e-15
equilibrium_dt2p5e-4,D3,0.25,1e-10,73,123,-0.04561600741298123,0.07364804288301975,0.08663056246383417,-9.784410441547722,8.501371721448331,500,4266.568688078975,2.4424906541753444e-15
equilibrium_dt2p5e-4,D3,0.25,1e-10,74,139,0.03588406367552495,0.07822055846686635,0.086058827511985,-9.81089670296357,4.562742918364593,500,4266.568688078975,2.4424906541753444e-15
equilibrium_dt2p5e-4,D3,0.25,1e-10,75,141,0.05002462475443645,0.06946564788997214,0.08560338380342081,-9.83212186480781,3.786738223298042,500,4266.568688078975,2.4424906541753444e-15
equilibrium_dt2p5e-4,D3,0.25,1e-10,76,147,0.008207414806807527,0.08484872131105814,0.08524474861205596,-9.848915058297765,5.897465434885313,500,4266.568688078975,2.4424906541753444e-15
equilibrium_dt2p5e-4,D3,0.25,1e-10,77,143,0.03980226675470003,0.07449043661592496,0.08445735957300247,-9.886033969682364,4.320262179200422,500,4266.568688078975,2.4424906541753444e-15
equilibrium_dt2p5e-4,D3,0.25,1e-10,78,134,0.0834235887058983,0.0,0.0834235887058983,-9.935296685633599,0.0,500,4266.568688078975,2.4424906541753444e-15
equilibrium_dt2p5e-4,D3,0.25,1e-10,79,135,0.07861111210970062,0.024717859619232493,0.08240557949119709,-9.984408528349096,1.2185765337176697,500,4266.568688078975,2.4424906541753444e-15
equilibrium_dt2p5e-4,D3,0.25,1e-10,80,149,-0.016823038402356036,0.08065174779402029,0.08238761462330005,-9.985280645334983,7.105745561163234,500,4266.568688078975,2.4424906541753444e-15
equilibrium_dt2p5e-4,D3,0.25,1e-10,81,145,0.060181158810375605,0.05614990007895127,0.08230785597156484,-9.989154882200506,3.003034772957107,500,4266.568688078975,2.4424906541753444e-15
equilibrium_dt2p5e-4,D3,0.25,1e-10,82,130,-0.03850446718952453,0.07185990479100848,0.08152570091769819,-10.027347839055407,8.250771880708838,500,4266.568688078975,2.4424906541753444e-15
equilibrium_dt2p5e-4,D3,0.25,1e-10,83,155,0.07920388046100055,0.01877020516222098,0.08139763683248016,-10.033636151748315,0.9307724865465273,500,4266.568688078975,2.4424906541753444e-15
equilibrium_dt2p5e-4,D3,0.25,1e-10,84,151,0.017734368448632493,0.07899737521806724,0.0809635295402563,-10.055025913173042,5.3998575113463065,500,4266.568688078975,2.4424906541753444e-15
equilibrium_dt2p5e-4,D3,0.25,1e-10,85,121,-0.07935494864342066,0.015327532640318706,0.08082166251098752,-10.062040996016258,11.803162857433062,500,4266.568688078975,2.4424906541753444e-15
equilibrium_dt2p5e-4,D3,0.25,1e-10,86,157,0.08016261822750025,0.0,0.08016261822750025,-10.0947919186411,0.0,500,4266.568688078975,2.4424906541753444e-15
equilibrium_dt2p5e-4,D3,0.25,1e-10,87,153,-0.012106308736817502,0.07780271119253798,0.07873896481501784,-10.166468561714135,6.90064437180321,500,4266.568688078975,2.4424906541753444e-15
equilibrium_dt2p5e-4,D3,0.25,1e-10,88,166,-0.07511153345508649,0.02298507720313766,0.07854970548645474,-10.176094654657222,11.378515449109154,500,4266.568688078975,2.4424906541753444e-15
equilibrium_dt2p5e-4,D3,0.25,1e-10,89,168,-0.07798030201307235,0.0074859174249069975,0.07833879282796297,-10.186849441034381,12.183553518779615,500,4266.568688078975,2.4424906541753444e-15
equilibrium_dt2p5e-4,D3,0.25,1e-10,90,158,0.06203867894072654,0.04782722817660861,0.07833416521395968,-10.1870857352392,2.627039051856197,500,4266.568688078975,2.4424906541753444e-15
equilibrium_dt2p5e-4,D3,0.25,1e-10,91,160,-0.053440086504979376,0.057189293577855085,0.07827169440860327,-10.190276972594969,9.289270640231889,500,4266.568688078975,2.4424906541753444e-15
equilibrium_dt2p5e-4,D3,0.25,1e-10,92,162,-0.06399430862959046,0.044612821554941035,0.07801009796220158,-10.203667998472152,10.131162112501443,500,4266.568688078975,2.4424906541753444e-15
equilibrium_dt2p5e-4,D3,0.25,1e-10,93,172,0.0500214435550686,0.05894207514302788,0.07730661703566687,-10.239902900154409,3.468336196440432,500,4266.568688078975,2.4424906541753444e-15
equilibrium_dt2p5e-4,D3,0.25,1e-10,94,170,-0.07645948671996075,0.005342439552577309,0.07664590510818432,-10.274236393350055,12.287332872569626,500,4266.568688078975,2.4424906541753444e-15
equilibrium_dt2p5e-4,D3,0.25,1e-10,95,164,-0.06481237957146743,0.040379946921760675,0.07636219391243404,-10.28907019745395,10.337649774644026,500,4266.568688078975,2.4424906541753444e-15
equilibrium_dt2p5e-4,D3,0.25,1e-10,96,174,-0.025877523437785543,0.07145073679129126,0.07599246020028251,-10.308484606033016,7.673096843351647,500,4266.568688078975,2.4424906541753444e-15
equilibrium_dt2p5e-4,D3,0.25,1e-10,97,178,-0.06706117242909578,0.03389190649630774,0.0751389524382619,-10.353664721597077,10.694576016169517,500,4266.568688078975,2.4424906541753444e-15
equilibrium_dt2p5e-4,D3,0.25,1e-10,98,176,-0.0408832994142384,0.06271249681533758,0.07486188234213718,-10.36844172795919,8.594070036882151,500,4266.568688078975,2.4424906541753444e-15
equilibrium_dt2p5e-4,D3,0.25,1e-10,99,184,0.0695119091957983,0.025454721443460716,0.07402599789134279,-10.41335569848563,1.4041060977141355,500,4266.568688078975,2.4424906541753444e-15
equilibrium_dt2p5e-4,D3,0.25,1e-10,100,180,0.007420986721396749,0.07318389410242833,0.07355918297476252,-10.438659944921795,5.878959348281627,500,4266.568688078975,2.4424906541753444e-15
equilibrium_dt2p5e-4,D3,0.25,1e-10,101,182,0.027769837468530945,0.06745513733264052,0.07294764852683065,-10.472052954288813,4.721051584509765,500,4266.568688078975,2.4424906541753444e-15
equilibrium_dt2p5e-4,D3,0.25,1e-10,102,188,-0.006814570722793152,0.07211181456968667,0.07243308756824346,-10.500368293507648,6.66006631997509,500,4266.568688078975,2.4424906541753444e-15
equilibrium_dt2p5e-4,D3,0.25,1e-10,103,186,0.06099983862599917,0.03889688264135545,0.07234602816750425,-10.505178899556187,2.2705927319126795,500,4266.568688078975,2.4424906541753444e-15
equilibrium_dt2p5e-4,D3,0.25,1e-10,104,190,-0.02232066944027262,0.06630145185850028,0.06995780730416691,-10.639451885835557,7.5821311012072306,500,4266.568688078975,2.4424906541753444e-15
equilibrium_dt2p5e-4,D3,0.25,1e-10,105,192,0.06703470513745682,0.01950366512095883,0.06981435845165582,-10.647662327569813,1.132529478427403,500,4266.568688078975,2.4424906541753444e-15
equilibrium_dt2p5e-4,D3,0.25,1e-10,106,194,0.019646252644329183,0.06563724258359256,0.06851439890229052,-10.722845411401426,5.119870050002086,500,4266.568688078975,2.4424906541753444e-15
equilibrium_dt2p5e-4,D3,0.25,1e-10,107,202,-0.06400384443832689,0.022120622193193468,0.06771863871268789,-10.769575294488089,11.235322198700702,500,4266.568688078975,2.4424906541753444e-15
equilibrium_dt2p5e-4,D3,0.25,1e-10,108,196,0.03314110302769657,0.05871488593618641,0.06742232968677202,-10.787116059764992,4.2277337541819575,500,4266.568688078975,2.4424906541753444e-15
equilibrium_dt2p5e-4,D3,0.25,1e-10,109,198,0.052510569155459506,0.0418398202090373,0.06714112322678897,-10.80383423179466,2.691118682018647,500,4266.568688078975,2.4424906541753444e-15
equilibrium_dt2p5e-4,D3,0.25,1e-10,110,204,-0.061649646146181916,0.025379362990803872,0.06666926530094978,-10.832044889390579,11.004263406256776,500,4266.568688078975,2.4424906541753444e-15
equilibrium_dt2p5e-4,D3,0.25,1e-10,111,200,0.046100982830164255,0.04649392318698105,0.06547507549613053,-10.904342942144998,3.158567150999216,500,4266.568688078975,2.4424906541753444e-15
equilibrium_dt2p5e-4,D3,0.25,1e-10,112,208,-0.04027364535069537,0.0494938032194033,0.06380911429376374,-11.007436966261988,9.015367266788338,500,4266.568688078975,2.4424906541753444e-15
equilibrium_dt2p5e-4,D3,0.25,1e-10,113,210,-0.06334031212647996,0.0,0.06334031212647996,-11.036933240358634,12.566370614359172,500,4266.568688078975,2.4424906541753444e-15
equilibrium_dt2p5e-4,D3,0.25,1e-10,114,206,-0.025532873991245285,0.05795138231800662,0.06332685344165286,-11.037783259213475,7.94319389096142,500,4266.568688078975,2.4424906541753444e-15
equilibrium_dt2p5e-4,D3,0.25,1e-10,115,211,-0.054020742586296064,0.03265798133801335,0.06312514851189571,-11.050544154902743,10.391351141926993,500,4266.568688078975,2.4424906541753444e-15
equilibrium_dt2p5e-4,D3,0.25,1e-10,116,225,0.004467756283797324,0.062017064055737176,0.0621777860678942,-11.111029920791161,5.995519239491889,500,4266.568688078975,2.4424906541753444e-15
equilibrium_dt2p5e-4,D3,0.25,1e-10,117,217,0.062094310990745055,0.002318266748074289,0.06213757171092695,-11.113617813974335,0.14926910294575543,500,4266.568688078975,2.4424906541753444e-15
equilibrium_dt2p5e-4,D3,0.25,1e-10,118,231,-0.03282445546602823,0.0525390439173038,0.06194994763828012,-11.125714064531381,8.51690104933889,500,4266.568688078975,2.4424906541753444e-15
equilibrium_dt2p5e-4,D3,0.25,1e-10,119,215,0.06048229650638006,0.012615504658246965,0.06178397161455327,-11.136445228582646,0.8225339315803873,500,4266.568688078975,2.4424906541753444e-15
equilibrium_dt2p5e-4,D3,0.25,1e-10,120,223,0.025727500630302463,0.05583112769193827,0.06147372697368959,-11.15658159650799,4.555959458864662,500,4266.568688078975,2.4424906541753444e-15
equilibrium_dt2p5e-4,D3,0.25,1e-10,121,229,-0.05762315251911804,0.020992521290748665,0.06132791906125688,-11.166080360451966,11.168917642617519,500,4266.568688078975,2.4424906541753444e-15
equilibrium_dt2p5e-4,D3,0.25,1e-10,122,213,0.04900828624916921,0.03624567620514741,0.060955403080029724,-11.190451116957183,2.5472022932140512,500,4266.568688078975,2.4424906541753444e-15
equilibrium_dt2p5e-4,D3,0.25,1e-10,123,219,0.05934929570827109,0.0072185438965096434,0.05978667307229632,-11.267890004739844,0.4841345360959903,500,4266.568688078975,2.4424906541753444e-15
equilibrium_dt2p5e-4,D3,0.25,1e-10,124,233,-0.05951817376027933,0.0030939037970888913,0.05959853394559672,-11.28049721376647,12.358627577318101,500,4266.568688078975,2.4424906541753444e-15
equilibrium_dt2p5e-4,D3,0.25,1e-10,125,221,0.059365480914855724,0.0038654081010453234,0.059491190138034104,-11.287708169200933,0.260081065793907,500,4266.568688078975,2.4424906541753444e-15
equilibrium_dt2p5e-4,D3,0.25,1e-10,126,235,-0.04757850140963559,0.03560737630378773,0.05942725842259795,-11.2920090474831,9.996485488418408,500,4266.568688078975,2.4424906541753444e-15
equilibrium_dt2p5e-4,D3,0.25,1e-10,127,227,0.017901889312247253,0.055979391436796096,0.058772186505029675,-11.336346218432398,5.045120009086068,500,4266.568688078975,2.4424906541753444e-15
equilibrium_dt2p5e-4,D3,0.25,1e-10,128,247,0.053178899474807084,0.024491605411961572,0.058547707769022544,-11.351653358715147,1.7263742900075167,500,4266.568688078975,2.4424906541753444e-15
equilibrium_dt2p5e-4,D3,0.25,1e-10,129,241,-0.015940958855205828,0.056319478647515527,0.05853202409238316,-11.352725016566348,7.386506467877132,500,4266.568688078975,2.4424906541753444e-15
equilibrium_dt2p5e-4,D3,0.25,1e-10,130,237,-0.043960559124322826,0.038582853948585856,0.058490746082957346,-11.355546895493049,9.685010276938664,500,4266.568688078975,2.4424906541753444e-15
equilibrium_dt2p5e-4,D3,0.25,1e-10,131,249,0.05046795349359724,0.02901307938394691,0.05821316951662312,-11.374574677951735,2.0869800778557805,500,4266.568688078975,2.4424906541753444e-15
equilibrium_dt2p5e-4,D3,0.25,1e-10,132,243,-0.022885125945375256,0.05329513317530261,0.05800086387036773,-11.389189496919807,7.905564017290989,500,4266.568688078975,2.4424906541753444e-15
equilibrium_dt2p5e-4,D3,0.25,1e-10,133,253,0.03681731273365896,0.0441464906942341,0.057484147010668465,-11.424984293417998,3.5027049320839243,500,4266.568688078975,2.4424906541753444e-15
equilibrium_dt2p5e-4,D3,0.25,1e-10,134,239,-0.0037759188366988734,0.05735667770781581,0.057480831941957765,-11.425214977143899,6.546134859300171,500,4266.568688078975,2.4424906541753444e-15
equilibrium_dt2p5e-4,D3,0.25,1e-10,135,245,0.012841166998718968,0.05601425632828888,0.05746731664085457,-11.426155596115644,5.381768365311723,500,4266.568688078975,2.4424906541753444e-15
equilibrium_dt2p5e-4,D3,0.25,1e-10,136,255,0.03434014144568314,0.044033634883798536,0.05584090181568708,-11.540994682656134,3.633824320179439,500,4266.568688078975,2.4424906541753444e-15
equilibrium_dt2p5e-4,D3,0.25,1e-10,137,251,0.00020536451202936493,0.05519980866296513,0.05520019067911597,-11.587155485492971,6.268303837876686,500,4266.568688078975,2.4424906541753444e-15
equilibrium_dt2p5e-4,D3,0.25,1e-10,138,263,0.02881283167229539,0.04701865821554748,0.05514465966316683,-11.591181483658888,4.084085239851081,500,4266.568688078975,2.4424906541753444e-15
equilibrium_dt2p5e-4,D3,0.25,1e-10,139,259,-0.05393051090586444,0.01067726583563714,0.054977304520069256,-11.603339296002918,11.784553243405242,500,4266.568688078975,2.4424906541753444e-15
equilibrium_dt2p5e-4,D3,0.25,1e-10,140,257,-0.0516173206787154,0.01801834489664785,0.054671825896561166,-11.625627072490364,11.222966519682782,500,4266.568688078975,2.4424906541753444e-15
equilibrium_dt2p5e-4,D3,0.25,1e-10,141,261,-0.03536788400255647,0.041543703512527515,0.054559751835534236,-11.633835255704888,9.104275028968734,500,4266.568688078975,2.4424906541753444e-15
equilibrium_dt2p5e-4,D3,0.25,1e-10,142,269,0.02740134344125617,0.04686072900994399,0.0542840818816076,-11.654096985484454,4.166691900598402,500,4266.568688078975,2.4424906541753444e-15
equilibrium_dt2p5e-4,D3,0.25,1e-10,143,277,0.0390820374574698,0.037424738624564566,0.054111151465701106,-11.666859949853336,3.054957729834345,500,4266.568688078975,2.4424906541753444e-15
equilibrium_dt2p5e-4,D3,0.25,1e-10,144,279,0.050321799193043845,0.019601529932007984,0.05400466137011169,-11.674739657898513,1.48577011272147,500,4266.568688078975,2.4424906541753444e-15
equilibrium_dt2p5e-4,D3,0.25,1e-10,145,265,-0.02045653091827332,0.049839342007943425,0.05387420225854882,-11.684414151735076,7.841113096785942,500,4266.568688078975,2.4424906541753444e-15
equilibrium_dt2p5e-4,D3,0.25,1e-10,146,267,-0.030711144498370667,0.04377593513492598,0.053474357343843315,-11.714212167865302,8.730255611041148,500,4266.568688078975,2.4424906541753444e-15
equilibrium_dt2p5e-4,D3,0.25,1e-10,147,273,-0.044628952584014656,0.029405365956638934,0.0534454764764062,-11.716373104118764,10.235985735798657,500,4266.568688078975,2.4424906541753444e-15
equilibrium_dt2p5e-4,D3,0.25,1e-10,148,271,0.014152299093192482,0.05153163734519981,0.053439659590049496,-11.716808478882854,5.211084590276352,500,4266.568688078975,2.4424906541753444e-15
equilibrium_dt2p5e-4,D3,0.25,1e-10,149,281,0.044701221686434506,0.0286699519082706,0.05310522914631206,-11.741919513004564,2.281133495161188,500,4266.568688078975,2.4424906541753444e-15
equilibrium_dt2p5e-4,D3,0.25,1e-10,150,275,-0.03641551080694652,0.037016291406543056,0.0519258630821381,-11.831753150604236,9.3920527829965,500,4266.568688078975,2.4424906541753444e-15
equilibrium_dt2p5e-4,D3,0.25,1e-10,151,283,0.050801894328714736,0.006855659151319165,0.05126238903704123,-11.883191811477012,0.5365541220821648,500,4266.568688078975,2.4424906541753444e-15
equilibrium_dt2p5e-4,D3,0.25,1e-10,152,297,-0.03812980839181192,0.033418066510824025,0.05070157253299101,-11.927193409744783,9.687815724528692,500,4266.568688078975,2.4424906541753444e-15
equilibrium_dt2p5e-4,D3,0.25,1e-10,153,299,-0.04831145462083282,0.012948858086773603,0.050016692946777186,-11.981593881347763,11.51887621071003,500,4266.568688078975,2.4424906541753444e-15
equilibrium_dt2p5e-4,D3,0.25,1e-10,154,293,-0.019477872791508304,0.04585982751405435,0.04982480615216677,-11.996969213858078,7.889740347383567,500,4266.568688078975,2.4424906541753444e-15
equilibrium_dt2p5e-4,D3,0.25,1e-10,155,291,-0.010744948925222667,0.047913035447160635,0.04910308435492128,-12.055333713341792,7.165623002103535,500,4266.568688078975,2.4424906541753444e-15
equilibrium_dt2p5e-4,D3,0.25,1e-10,156,301,-0.048529783267887885,0.00650726399139964,0.04896411286526018,-12.06667055882141,12.033198644707703,500,4266.568688078975,2.4424906541753444e-15
equilibrium_dt2p5e-4,D3,0.25,1e-10,157,303,-0.04892585603476956,0.0,0.04892585603476956,-12.069797075899167,12.566370614359172,500,4266.568688078975,2.4424906541753444e-15
equilibrium_dt2p5e-4,D3,0.25,1e-10,158,287,0.03727127622029987,0.03114604110383721,0.0485718427438347,-12.098845133538596,2.784434632884889,500,4266.568688078975,2.4424906541753444e-15
equilibrium_dt2p5e-4,D3,0.25,1e-10,159,289,0.01647947112285099,0.045541455072422334,0.04843136482283296,-12.110430566452012,4.894392901741767,500,4266.568688078975,2.4424906541753444e-15
equilibrium_dt2p5e-4,D3,0.25,1e-10,160,285,0.04289998161406813,0.022055517062937735,0.04823747770562762,-12.126476057191095,1.8995024466470136,500,4266.568688078975,2.4424906541753444e-15
equilibrium_dt2p5e-4,D3,0.25,1e-10,161,295,0.0036296874786502,0.047854812673470186,0.047992267368875095,-12.146861510133789,5.980373465492171,500,4266.568688078975,2.4424906541753444e-15
equilibrium_dt2p5e-4,D3,0.25,1e-10,162,306,-0.03807731898235117,0.028855656898279163,0.04777584280695556,-12.164940591360693,9.972428478349956,500,4266.568688078975,2.4424906541753444e-15
equilibrium_dt2p5e-4,D3,0.25,1e-10,163,308,-0.02319644017008248,0.0406758830370807,0.04682523141865383,-12.245332353844931,8.35628964618015,500,4266.568688078975,2.4424906541753444e-15
equilibrium_dt2p5e-4,D3,0.25,1e-10,164,312,0.027725926789734866,0.03746183287047248,0.046605964622191326,-12.264106999427945,3.7346162676785144,500,4266.568688078975,2.4424906541753444e-15
equilibrium_dt2p5e-4,D3,0.25,1e-10,165,314,0.04419289395932033,0.014698168261824058,0.04657303969844167,-12.266933810069249,1.284329994243449,500,4266.568688078975,2.4424906541753444e-15
equilibrium_dt2p5e-4,D3,0.25,1e-10,166,310,-0.030622992631718887,0.03497224304285048,0.04648467985444789,-12.274529944681005,9.159948136810746,500,4266.568688078975,2.4424906541753444e-15
equilibrium_dt2p5e-4,D3,0.25,1e-10,167,304,-0.0008915456276273323,0.04633587887662884,0.04634445516861494,-12.286614494856234,6.36013955109657,500,4266.568688078975,2.4424906541753444e-15
equilibrium_dt2p5e-4,D3,0.25,1e-10,168,328,0.0460295787452625,0.0,0.0460295787452625,-12.313884291752084,0.0,500,4266.568688078975,2.4424906541753444e-15
equilibrium_dt2p5e-4,D3,0.25,1e-10,169,320,0.04273481512314345,0.016781513255129426,0.04591169361656499,-12.324141725896261,1.4967535217968506,500,4266.568688078975,2.4424906541753444e-15
equilibrium_dt2p5e-4,D3,0.25,1e-10,170,322,0.020271520419137726,0.04024235513865619,0.045059756848092804,-12.399062960693623,4.416657751063313,500,4266.568688078975,2.4424906541753444e-15
equilibrium_dt2p5e-4,D3,0.25,1e-10,171,318,-0.007515921172834002,0.04422231249808215,0.04485645988878622,-12.417150670617316,6.95658136864415,500,4266.568688078975,2.4424906541753444e-15
equilibrium_dt2p5e-4,D3,0.25,1e-10,172,316,-0.04270452556730456,0.013264309557705354,0.04471709306262207,-12.429597821280167,11.36173447094612,500,4266.568688078975,2.4424906541753444e-15
equilibrium_dt2p5e-4,D3,0.25,1e-10,173,324,0.017192639679670607,0.04083892780850972,0.04431032479799322,-12.466150254676473,4.6893200220942575,500,4266.568688078975,2.4424906541753444e-15
equilibrium_dt2p5e-4,D3,0.25,1e-10,174,331,0.02979508105165147,0.032401419040603945,0.044018164554184815,-12.492611597912513,3.3091142341399453,500,4266.568688078975,2.4424906541753444e-15
equilibrium_dt2p5e-4,D3,0.25,1e-10,175,333,0.008480551682018264,0.04234667011650974,0.04318750081664696,-12.56881663417965,5.492584271204699,500,4266.568688078975,2.4424906541753444e-15
equilibrium_dt2p5e-4,D3,0.25,1e-10,176,326,-0.039966622967951546,0.014425215736234327,0.0424902082896671,-12.633926491122626,11.180850532409078,500,4266.568688078975,2.4424906541753444e-15
equilibrium_dt2p5e-4,D3,0.25,1e-10,177,343,0.03860483815946643,0.017667659389581022,0.04245562056577251,-12.6371838824528,1.7168030048981935,500,4266.568688078975,2.4424906541753444e-15
equilibrium_dt2p5e-4,D3,0.25,1e-10,178,329,-0.019601271726158283,0.03746148060807184,0.04227969231950056,-12.653793580872053,8.211444301377401,500,4266.568688078975,2.4424906541753444e-15
equilibrium_dt2p5e-4,D3,0.25,1e-10,179,335,0.002833156757559515,0.04188042625576493,0.0419761465665617,-12.682615043714154,6.013002121203849,500,4266.568688078975,2.4424906541753444e-15
equilibrium_dt2p5e-4,D3,0.25,1e-10,180,337,-0.025418877676338034,0.03267554485982592,0.04139819530137916,-12.738071963420571,8.92770615223925,500,4266.568688078975,2.4424906541753444e-15
equilibrium_dt2p5e-4,D3,0.25,1e-10,181,347,0.016932499131944976,0.03771041451941683,0.041337451422161484,-12.74394550330696,4.59505108169923,500,4266.568688078975,2.4424906541753444e-15
equilibrium_dt2p5e-4,D3,0.25,1e-10,182,349,0.041133766855926554,0.0037515514687307848,0.041304490242348446,-12.747136249399992,0.363808269364207,500,4266.568688078975,2.4424906541753444e-15
equilibrium_dt2p5e-4,D3,0.25,1e-10,183,341,-0.017539397131475776,0.03718123657071053,0.04111051939179026,-12.765964975825353,8.046283561817322,500,4266.568688078975,2.4424906541753444e-15
equilibrium_dt2p5e-4,D3,0.25,1e-10,184,339,-0.034295305301100185,0.02182947318560959,0.04065333768901292,-12.81069735355278,10.29902308730127,500,4266.568688078975,2.4424906541753444e-15
equilibrium_dt2p5e-4,D3,0.25,1e-10,185,351,0.03175402375378805,0.024999240814562437,0.04041385982383544,-12.834329951607737,2.6677410970859277,500,4266.568688078975,2.4424906541753444e-15
equilibrium_dt2p5e-4,D3,0.25,1e-10,186,345,-0.007326280050136979,0.03957366991827633,0.040246114472998806,-12.850967258438716,7.015415791331356,500,4266.568688078975,2.4424906541753444e-15
equilibrium_dt2p5e-4,D3,0.25,1e-10,187,353,-0.03982513759970472,0.004663247167073992,0.04009722507825995,-12.865792588429759,12.100121525080704,500,4266.568688078975,2.4424906541753444e-15
equilibrium_dt2p5e-4,D3,0.25,1e-10,188,355,-0.03965183720323682,0.0,0.03965183720323682,-12.910471985832181,12.566370614359172,500,4266.568688078975,2.4424906541753444e-15
equilibrium_dt2p5e-4,D3,0.25,1e-10,189,358,0.022556632847530962,0.03056611791522622,0.03798801455493332,-13.081938301823799,3.740176692187823,500,4266.568688078975,2.4424906541753444e-15
equilibrium_dt2p5e-4,D3,0.25,1e-10,190,356,-0.02853694284125858,0.024798096909150465,0.03780612010033398,-13.101137128183774,9.704724465493689,500,4266.568688078975,2.4424906541753444e-15
equilibrium_dt2p5e-4,D3,0.25,1e-10,191,360,0.032374618336756734,0.018867256755547027,0.03747117945742301,-13.136732757168371,2.110643846358876,500,4266.568688078975,2.4424906541753444e-15
equilibrium_dt2p5e-4,D3,0.25,1e-10,192,362,0.002695950565824087,0.03658223142235416,0.036681436794270245,-13.221937845227115,5.988934716821078,500,4266.568688078975,2.4424906541753444e-15
equilibrium_dt2p5e-4,D3,0.25,1e-10,193,364,0.012064233446765726,0.0345565761650669,0.03660194919550229,-13.230615133140766,4.939639092791428,500,4266.568688078975,2.4424906541753444e-15
equilibrium_dt2p5e-4,D3,0.25,1e-10,194,375,-0.03314612494262949,0.014563324986238706,0.036204364838610406,-13.274302367067401,10.910463760500905,500,4266.568688078975,2.4424906541753444e-15
equilibrium_dt2p5e-4,D3,0.25,1e-10,195,374,0.0359549093436174,0.0,0.0359549093436174,-13.301958575261757,0.0,500,4266.568688078975,2.4424906541753444e-15
equilibrium_dt2p5e-4,D3,0.25,1e-10,196,372,0.035607657065571174,0.0008137351833391239,0.035616953921523455,-13.339734082947185,0.09139534995774544,500,4266.568688078975,2.4424906541753444e-15
equilibrium_dt2p5e-4,D3,0.25,1e-10,197,366,-0.005301409201019855,0.035083158091621124,0.03548144474508245,-13.354981609537527,6.883085927211057,500,4266.568688078975,2.4424906541753444e-15
equilibrium_dt2p5e-4,D3,0.25,1e-10,198,383,-0.03531312124488787,0.0017917100323972942,0.035358545740688266,-13.368860677205687,12.363593305655646,500,4266.568688078975,2.4424906541753444e-15
equilibrium_dt2p5e-4,D3,0.25,1e-10,199,368,0.01813071618694792,0.030338117037323562,0.035342951416399815,-13.370625202729856,4.128509732785387,500,4266.568688078975,2.4424906541753444e-15
equilibrium_dt2p5e-4,D3,0.25,1e-10,200,379,-0.02967187511724391,0.01860087374636725,0.03502017528656321,-13.407323787238498,10.326553957563434,500,4266.568688078975,2.4424906541753444e-15
equilibrium_dt2p5e-4,D3,0.25,1e-10,201,377,-0.02200977666050262,0.027067829312063543,0.03488692666762454,-13.422572456010023,9.013979005965698,500,4266.568688078975,2.4424906541753444e-15
equilibrium_dt2p5e-4,D3,0.25,1e-10,202,370,0.03374983925650407,0.007945035717555626,0.03467239885547433,-13.447245322310886,0.9248003049404041,500,4266.568688078975,2.4424906541753444e-15
equilibrium_dt2p5e-4,D3,0.25,1e-10,203,381,-0.011502656068924179,0.0312548112831377,0.03330426887028914,-13.608278783635798,7.693763540017959,500,4266.568688078975,2.4424906541753444e-15
equilibrium_dt2p5e-4,D3,0.25,1e-10,204,389,-0.009287924929393504,0.03195479166659696,0.03327723335780281,-13.611527195049472,7.414643437439533,500,4266.568688078975,2.4424906541753444e-15
equilibrium_dt2p5e-4,D3,0.25,1e-10,205,387,0.02649310397907753,0.020133932507455456,0.03327551346953169,-13.611733934918643,2.599402695480969,500,4266.568688078975,2.4424906541753444e-15
equilibrium_dt2p5e-4,D3,0.25,1e-10,206,385,-0.03241248285620267,0.006994982275809527,0.03315869149925132,-13.625801638836796,11.716164412401291,500,4266.568688078975,2.4424906541753444e-15
equilibrium_dt2p5e-4,D3,0.25,1e-10,207,393,0.029042178756505888,0.015564154343003851,0.03294982621103922,-13.651077169484296,1.9678620946758087,500,4266.568688078975,2.4424906541753444e-15
equilibrium_dt2p5e-4,D3,0.25,1e-10,208,391,-0.001850826550546223,0.032737765031419716,0.0327900414481692,-13.670521696309212,6.509084473305489,500,4266.568688078975,2.4424906541753444e-15
equilibrium_dt2p5e-4,D3,0.25,1e-10,209,395,0.029121692055320506,0.010595954929838993,0.030989469324919017,-13.896431325615973,1.3958420154957214,500,4266.568688078975,2.4424906541753444e-15
equilibrium_dt2p5e-4,D3,0.25,1e-10,210,397,0.017681283708058382,0.02420645575534447,0.02997632889131523,-14.029388982918572,3.7597349707410936,500,4266.568688078975,2.4424906541753444e-15
equilibrium_dt2p5e-4,D3,0.25,1e-10,211,399,0.020287496502444782,0.022017508681677983,0.029939158352974365,-14.034352046035522,3.305076739724399,500,4266.568688078975,2.4424906541753444e-15
equilibrium_dt2p5e-4,D3,0.25,1e-10,212,403,-0.027520707502457255,0.011016143658063042,0.02964362937514382,-14.074032149985413,11.0433602822425,500,4266.568688078975,2.4424906541753444e-15
equilibrium_dt2p5e-4,D3,0.25,1e-10,213,407,0.02884644052554656,0.005295687720700246,0.029328508987486394,-14.116780932135208,0.7262414409725387,500,4266.568688078975,2.4424906541753444e-15
equilibrium_dt2p5e-4,D3,0.25,1e-10,214,401,-0.023478381010981045,0.017421790708428968,0.029236161963997552,-14.129395649988334,10.012833529561176,500,4266.568688078975,2.4424906541753444e-15
equilibrium_dt2p5e-4,D3,0.25,1e-10,215,405,-0.02523221738176335,0.013186088895011452,0.028469944403663752,-14.235625321993284,10.640149122840455,500,4266.568688078975,2.4424906541753444e-15
equilibrium_dt2p5e-4,D3,0.25,1e-10,216,415,-0.007122747965182133,0.026815767686676976,0.02774561109799774,-14.338710439715202,7.321677305617312,500,4266.568688078975,2.4424906541753444e-15
equilibrium_dt2p5e-4,D3,0.25,1e-10,217,411,-0.016903082256719916,0.021555112913206744,0.027392281439824098,-14.389976018197197,8.943264142254542,500,4266.568688078975,2.4424906541753444e-15
equilibrium_dt2p5e-4,D3,0.25,1e-10,218,413,-0.01376167535652155,0.023596608995831558,0.027316362582167693,-14.401077577410856,8.395101972593967,500,4266.568688078975,2.4424906541753444e-15
equilibrium_dt2p5e-4,D3,0.25,1e-10,219,421,0.0043935606663167565,0.02695671201297282,0.02731240922875459,-14.401656518256708,5.636924714944675,500,4266.568688078975,2.4424906541753444e-15
equilibrium_dt2p5e-4,D3,0.25,1e-10,220,419,0.009620593648746902,0.025477930918420644,0.027233816956830047,-14.413183229716955,4.838975179253125,500,4266.568688078975,2.4424906541753444e-15
equilibrium_dt2p5e-4,D3,0.25,1e-10,221,409,-0.026558386508481736,0.0058350923525624905,0.02719184062723298,-14.419353310488928,11.70128320084189,500,4266.568688078975,2.4424906541753444e-15
equilibrium_dt2p5e-4,D3,0.25,1e-10,222,423,0.005456813411233324,0.026348815608074616,0.026907933710215142,-14.461336409573686,5.4663368611964565,500,4266.568688078975,2.4424906541753444e-15
equilibrium_dt2p5e-4,D3,0.25,1e-10,223,429,-0.0013108491115704707,0.02651584124111023,0.026548223332589833,-14.515169805306044,6.480770256349648,500,4266.568688078975,2.4424906541753444e-15
equilibrium_dt2p5e-4,D3,0.25,1e-10,224,417,0.026218156783808292,0.0015700110909332764,0.026265122881227992,-14.558053384283825,0.23924465540992518,500,4266.568688078975,2.4424906541753444e-15
equilibrium_dt2p5e-4,D3,0.25,1e-10,225,425,0.011988143170204017,0.023082543427408186,0.026009986308098934,-14.59709890372332,4.3671246790230525,500,4266.568688078975,2.4424906541753444e-15
equilibrium_dt2p5e-4,D3,0.25,1e-10,226,431,-0.019620601199831868,0.016897116935092934,0.02589363922203768,-14.615031721285975,9.722545917260033,500,4266.568688078975,2.4424906541753444e-15
equilibrium_dt2p5e-4,D3,0.25,1e-10,227,435,-0.004839833262258278,0.024419657532876806,0.02489465123333622,-14.772409233970414,7.065819562845815,500,4266.568688078975,2.4424906541753444e-15
equilibrium_dt2p5e-4,D3,0.25,1e-10,228,427,0.02093607140764407,0.013252468509201393,0.024777954063508675,-14.791203880851173,2.2573169814336023,500,4266.568688078975,2.4424906541753444e-15
equilibrium_dt2p5e-4,D3,0.25,1e-10,229,433,-0.012144015126584626,0.02135260156723323,0.024564419331295564,-14.825825006764642,8.351644311680039,500,4266.568688078975,2.4424906541753444e-15
equilibrium_dt2p5e-4,D3,0.25,1e-10,230,439,-0.020635711743601425,0.012777790550993767,0.024271475656211662,-14.873813837740506,10.348677888004454,500,4266.568688078975,2.4424906541753444e-15
equilibrium_dt2p5e-4,D3,0.25,1e-10,231,441,0.016199582155343336,0.01659645446715723,0.023191997820113327,-15.055791925423321,3.1899952024051927,500,4266.568688078975,2.4424906541753444e-15
equilibrium_dt2p5e-4,D3,0.25,1e-10,232,437,-0.022959817540955434,0.0005323786305452947,0.022965988951495778,-15.094963594836669,12.473637604054709,500,4266.568688078975,2.4424906541753444e-15
equilibrium_dt2p5e-4,D3,0.25,1e-10,233,443,0.021041900132982967,0.006877358361987951,0.022137290241708317,-15.24196700466233,1.2635849342692704,500,4266.568688078975,2.4424906541753444e-15
equilibrium_dt2p5e-4,D3,0.25,1e-10,234,457,0.021472067677122245,0.0023279705973631125,0.02159789659742599,-15.34063739513012,0.4319868932261745,500,4266.568688078975,2.4424906541753444e-15
equilibrium_dt2p5e-4,D3,0.25,1e-10,235,451,0.0006691500782101522,0.020799334122081663,0.020810095188373342,-15.489268257688282,6.154542850340595,500,4266.568688078975,2.4424906541753444e-15
equilibrium_dt2p5e-4,D3,0.25,1e-10,236,445,-0.018638112159344928,0.00756302628214794,0.02011413909191198,-15.62532909521872,11.024444090589123,500,4266.568688078975,2.4424906541753444e-15
equilibrium_dt2p5e-4,D3,0.25,1e-10,237,447,-0.016955262365477317,0.009884965296781128,0.0196263460888862,-15.723529708597571,10.455059448868155,500,4266.568688078975,2.4424906541753444e-15
equilibrium_dt2p5e-4,D3,0.25,1e-10,238,455,0.013867659586218387,0.013215103124937674,0.01915596337963644,-15.820564832780653,3.045231698310866,500,4266.568688078975,2.4424906541753444e-15
equilibrium_dt2p5e-4,D3,0.25,1e-10,239,449,-0.004046813396685131,0.018476139995909604,0.01891413354653183,-15.871383318759376,7.145681685458013,500,4266.568688078975,2.4424906541753444e-15
equilibrium_dt2p5e-4,D3,0.25,1e-10,240,453,0.004763952888191991,0.017451706965518215,0.018090254921676194,-16.049527551272636,5.217239251103006,500,4266.568688078975,2.4424906541753444e-15
equilibrium_dt2p5e-4,D3,0.25,1e-10,241,461,0.017403782871261937,0.003310225145580452,0.017715790943236588,-16.13319557376126,0.7518255719675536,500,4266.568688078975,2.4424906541753444e-15
equilibrium_dt2p5e-4,D3,0.25,1e-10,242,463,0.015487428902075821,0.007692892311417349,0.01729280330403135,-16.22985943205813,1.844075829404907,500,4266.568688078975,2.4424906541753444e-15
equilibrium_dt2p5e-4,D3,0.25,1e-10,243,468,0.009040372203707459,0.01297808580271659,0.01581641680925994,-16.5868273592616,3.8494572469938526,500,4266.568688078975,2.4424906541753444e-15
equilibrium_dt2p5e-4,D3,0.25,1e-10,244,465,-0.014933172409418192,0.0,0.014933172409418192,-16.81668081776961,12.566370614359172,500,4266.568688078975,2.4424906541753444e-15
equilibrium_dt2p5e-4,D3,0.25,1e-10,245,459,-0.0031572782555162114,0.014423621069803506,0.014765136326767698,-16.86194612290299,7.1451748218565045,500,4266.568688078975,2.4424906541753444e-15
equilibrium_dt2p5e-4,D3,0.25,1e-10,246,466,-0.014133926333828102,0.004113185745815577,0.014720263944293252,-16.874120939375928,11.433596595866703,500,4266.568688078975,2.4424906541753444e-15
equilibrium_dt2p5e-4,D3,0.25,1e-10,247,476,0.01465141990054905,0.0,0.01465141990054905,-16.892872106705862,0.0,500,4266.568688078975,2.4424906541753444e-15
equilibrium_dt2p5e-4,D3,0.25,1e-10,248,474,0.012898994546406157,0.006812127955553055,0.014587294046225408,-16.910417599919253,1.9435372888275924,500,4266.568688078975,2.4424906541753444e-15
equilibrium_dt2p5e-4,D3,0.25,1e-10,249,472,0.00287227704525308,0.013732634757950873,0.014029798032044802,-17.066287121626143,5.458446553306588,500,4266.568688078975,2.4424906541753444e-15
equilibrium_dt2p5e-4,D3,0.25,1e-10,250,477,0.006624796132874261,0.012124540661687753,0.013816381945323654,-17.12760117349942,4.282898365131866,500,4266.568688078975,2.4424906541753444e-15
equilibrium_dt2p5e-4,D3,0.25,1e-10,251,470,-0.011435847117258247,0.007002207961699758,0.013409307052498844,-17.24722502784456,10.368702500622113,500,4266.568688078975,2.4424906541753444e-15
equilibrium_dt2p5e-4,D3,0.25,1e-10,252,481,0.004020708558028309,0.011381374949807512,0.012070699774938819,-17.667897076682372,4.92484217380733,500,4266.568688078975,2.4424906541753444e-15
equilibrium_dt2p5e-4,D3,0.25,1e-10,253,479,-0.005673023869373954,0.010404337621900385,0.01185046164387609,-17.741553819482764,8.279958986189644,500,4266.568688078975,2.4424906541753444e-15
equilibrium_dt2p5e-4,D3,0.25,1e-10,254,483,-0.007880379579144673,0.00810256501939523,0.011302740473218324,-17.93084025165268,9.369175908680118,500,4266.568688078975,2.4424906541753444e-15
equilibrium_dt2p5e-4,D3,0.25,1e-10,255,485,-0.010036827844722058,0.003983611091988778,0.010798475379274801,-18.113401293611407,11.05504819896756,500,4266.568688078975,2.4424906541753444e-15
equilibrium_dt2p5e-4,D3,0.25,1e-10,256,487,-0.004191821527332367,0.008118488707696882,0.009136806149525601,-18.78177756471138,8.18969058348254,500,4266.568688078975,2.4424906541753444e-15
equilibrium_dt2p5e-4,D3,0.25,1e-10,257,493,0.00906822584877667,0.0,0.00906822584877667,-18.811914562072513,0.0,500,4266.568688078975,2.4424906541753444e-15
equilibrium_dt2p5e-4,D3,0.25,1e-10,258,489,0.0035196116693450522,0.008055220819904311,0.008790577271169952,-18.936299583263057,4.635439284359525,500,4266.568688078975,2.4424906541753444e-15
equilibrium_dt2p5e-4,D3,0.25,1e-10,259,494,0.008754364084770632,0.0,0.008754364084770632,-18.952811801612437,0.0,500,4266.568688078975,2.4424906541753444e-15
equilibrium_dt2p5e-4,D3,0.25,1e-10,260,491,-0.008028479938387609,0.003348123529913608,0.008698644796326234,-18.978352143969214,10.98596517593907,500,4266.568688078975,2.4424906541753444e-15
equilibrium_dt2p5e-4,D3,0.25,1e-10,261,496,0.005400663702553535,0.0,0.005400663702553535,-20.884933700336713,0.0,500,4266.568688078975,2.4424906541753444e-15
equilibrium_dt2p5e-4,D3,0.25,1e-10,262,495,-0.005063165884140859,0.0,0.005063165884140859,-21.143053290117372,12.566370614359172,500,4266.568688078975,2.4424906541753444e-15
equilibrium_dt2p5e-4,D3,0.25,1e-10,263,497,0.004605294700528301,0.0,0.004605294700528301,-21.52219446220356,0.0,500,4266.568688078975,2.4424906541753444e-15
equilibrium_dt2p5e-4,D3,0.25,1e-10,264,499,0.0012217255397604957,0.0,0.0012217255397604957,-26.829964170691646,0.0,500,4266.568688078975,2.4424906541753444e-15
equilibrium_dt2p5e-4,D3,0.25,1e-10,265,498,-0.0009432139855855311,0.0,0.0009432139855855311,-27.86486952418479,12.566370614359172,500,4266.568688078975,2.4424906541753444e-15
equilibrium_dt2p5e-4,D3,0.5,1e-10,0,0,1.0000000000000022,0.0,1.0000000000000022,4.4408920985006214e-15,0.0,500,4266.568688078975,2.220446049250313e-15
equilibrium_dt2p5e-4,D3,0.5,1e-10,1,1,0.6247653110553072,0.0,0.6247653110553072,-0.9407584041517817,0.0,500,4266.568688078975,2.220446049250313e-15
equilibrium_dt2p5e-4,D3,0.5,1e-10,2,2,0.4080755797074764,0.0,0.4080755797074764,-1.7926057547050551,0.0,500,4266.568688078975,2.220446049250313e-15
equilibrium_dt2p5e-4,D3,0.5,1e-10,3,3,0.341018102454975,0.0,0.341018102454975,-2.1516394334588527,0.0,500,4266.568688078975,2.220446049250313e-15
equilibrium_dt2p5e-4,D3,0.5,1e-10,4,4,0.28030259975177474,0.0,0.28030259975177474,-2.5437710919280434,0.0,500,4266.568688078975,2.220446049250313e-15
equilibrium_dt2p5e-4,D3,0.5,1e-10,5,5,0.2390054675333079,0.0,0.2390054675333079,-2.862537701207786,0.0,500,4266.568688078975,2.220446049250313e-15
equilibrium_dt2p5e-4,D3,0.5,1e-10,6,6,0.18454134492084612,0.1229360922941225,0.22174036793904645,-3.0124961906257215,1.1753187424392508,500,4266.568688078975,2.220446049250313e-15
equilibrium_dt2p5e-4,D3,0.5,1e-10,7,8,0.05778119580255414,0.17005267886261607,0.1796011697532205,-3.4340332200653676,2.4865027285065,500,4266.568688078975,2.220446049250313e-15
equilibrium_dt2p5e-4,D3,0.5,1e-10,8,10,-0.17285195661781286,0.0,0.17285195661781286,-3.51063958586842,6.283185307179586,500,4266.568688078975,2.220446049250313e-15
equilibrium_dt2p5e-4,D3,0.5,1e-10,9,11,0.16476119662489072,0.0,0.16476119662489072,-3.606516293208882,0.0,500,4266.568688078975,2.220446049250313e-15
equilibrium_dt2p5e-4,D3,0.5,1e-10,10,12,0.11110500745466048,0.1113613758568959,0.157307592678297,-3.699104402615743,1.573101109071958,500,4266.568688078975,2.220446049250313e-15
equilibrium_dt2p5e-4,D3,0.5,1e-10,11,14,-0.0992128088322024,0.11381013551744953,0.15098320563186943,-3.7811733386674438,4.575553551666125,500,4266.568688078975,2.220446049250313e-15
equilibrium_dt2p5e-4,D3,0.5,1e-10,12,16,-0.07431094518198886,0.1290481680130552,0.14891456020606672,-3.808765117882839,4.1865215517321435,500,4266.568688078975,2.220446049250313e-15
equilibrium_dt2p5e-4,D3,0.5,1e-10,13,18,-0.14723504768506576,0.0,0.14723504768506576,-3.8314500106821057,6.283185307179586,500,4266.568688078975,2.220446049250313e-15
equilibrium_dt2p5e-4,D3,0.5,1e-10,14,19,-0.1360111993468853,0.0481411463755597,0.14427964625036768,-3.8720037495540636,5.6028067232069,500,4266.568688078975,2.220446049250313e-15
equilibrium_dt2p5e-4,D3,0.5,1e-10,15,21,-0.10548338014373723,0.09524998499144267,0.14212425242518686,-3.902107173812732,4.814260869334222,500,4266.568688078975,2.220446049250313e-15
equilibrium_dt2p5e-4,D3,0.5,1e-10,16,23,0.13285113322939504,0.048555519332355586,0.1414463221790133,-3.911669964855842,0.7008111574384631,500,4266.568688078975,2.220446049250313e-15
equilibrium_dt2p5e-4,D3,0.5,1e-10,17,25,0.11912136114669414,0.07518087976879623,0.14086185915375152,-3.9199511823187767,1.1259883115080178,500,4266.568688078975,2.220446049250313e-15
equilibrium_dt2p5e-4,D3,0.5,1e-10,18,27,0.029740417023908783,0.1292738110566643,0.13265070911936408,-4.04007170524052,2.689346550493556,500,4266.568688078975,2.220446049250313e-15
equilibrium_dt2p5e-4,D3,0.5,1e-10,19,34,-0.06751981751149119,0.10002457343091262,0.12068074016520243,-4.229213462844061,4.329136361127199,500,4266.568688078975,2.220446049250313e-15
equilibrium_dt2p5e-4,D3,0.5,1e-10,20,38,-0.11890326665176618,0.0,0.11890326665176618,-4.258890003440556,6.283185307179586,500,4266.568688078975,2.220446049250313e-15
equilibrium_dt2p5e-4,D3,0.5,1e-10,21,31,0.037336425796685335,0.11288587605873049,0.11890008286295872,-4.258943556745236,2.5027543689617633,500,4266.568688078975,2.220446049250313e-15
equilibrium_dt2p5e-4,D3,0.5,1e-10,22,29,0.09475177929873753,0.06776242036551991,0.11648882046818954,-4.2999199444548735,1.2416526705539261,500,4266.568688078975,2.220446049250313e-15
equilibrium_dt2p5e-4,D3,0.5,1e-10,23,33,0.11558215033514782,0.0,0.11558215033514782,-4.315547487063279,0.0,500,4266.568688078975,2.220446049250313e-15
equilibrium_dt2p5e-4,D3,0.5,1e-10,24,39,-0.034571991381479754,0.1037314862500471,0.10934095219872937,-4.426568553898992,3.7850040364678446,500,4266.568688078975,2.220446049250313e-15
equilibrium_dt2p5e-4,D3,0.5,1e-10,25,36,0.10851558580654574,0.004812795566662447,0.10862225998433414,-4.439757840509604,0.08864429224842935,500,4266.568688078975,2.220446049250313e-15
equilibrium_dt2p5e-4,D3,0.5,1e-10,26,41,-0.018998520565547468,0.10072579229192555,0.10250184884437773,-4.555748886120448,3.5144447834674137,500,4266.568688078975,2.220446049250313e-15
equilibrium_dt2p5e-4,D3,0.5,1e-10,27,47,-0.10084319720681642,0.0,0.10084319720681642,-4.5883769428501715,6.283185307179586,500,4266.568688078975,2.220446049250313e-15
equilibrium_dt2p5e-4,D3,0.5,1e-10,28,52,-0.09084775771828793,0.035081478415530255,0.09738596002638193,-4.658146452593977,5.546153487649872,500,4266.568688078975,2.220446049250313e-15
equilibrium_dt2p5e-4,D3,0.5,1e-10,29,56,-0.0804705677352125,0.048414277868652024,0.09391195117326906,-4.730795250652186,5.199936916455543,500,4266.568688078975,2.220446049250313e-15
equilibrium_dt2p5e-4,D3,0.5,1e-10,30,43,0.08964568058173412,0.027883051260225326,0.09388190770613183,-4.73143517503678,0.6031014773165652,500,4266.568688078975,2.220446049250313e-15
equilibrium_dt2p5e-4,D3,0.5,1e-10,31,48,0.015663682831257436,0.09249537136563309,0.09381228429104904,-4.732918937907337,2.8060845427277568,500,4266.568688078975,2.220446049250313e-15
equilibrium_dt2p5e-4,D3,0.5,1e-10,32,45,0.06427490850571126,0.06320382690075858,0.09014425992995122,-4.812688007590717,1.5539926395207773,500,4266.568688078975,2.220446049250313e-15
equilibrium_dt2p5e-4,D3,0.5,1e-10,33,66,-0.08946095944607872,0.0,0.08946095944607872,-4.827905912347586,6.283185307179586,500,4266.568688078975,2.220446049250313e-15
equilibrium_dt2p5e-4,D3,0.5,1e-10,34,50,0.0438623199722253,0.07760725322996853,0.0891447635436111,-4.834987347981609,2.112741771038197,500,4266.568688078975,2.220446049250313e-15
equilibrium_dt2p5e-4,D3,0.5,1e-10,35,58,0.021265342473117003,0.08369431452293259,0.08635365119068515,-4.898608383324479,2.6439561976502786,500,4266.568688078975,2.220446049250313e-15
equilibrium_dt2p5e-4,D3,0.5,1e-10,36,60,0.0012299350197767364,0.08612249754862325,0.0861312795920593,-4.903765279543016,3.11303213924086,500,4266.568688078975,2.220446049250313e-15
equilibrium_dt2p5e-4,D3,0.5,1e-10,37,67,-0.05648509149406751,0.06494253678150265,0.08607031221454935,-4.905181465756343,4.573313400852574,500,4266.568688078975,2.220446049250313e-15
equilibrium_dt2p5e-4,D3,0.5,1e-10,38,54,0.04896473825515703,0.06988054137397275,0.08532781290479415,-4.922509635570559,1.919212130092675,500,4266.568688078975,2.220446049250313e-15
equilibrium_dt2p5e-4,D3,0.5,1e-10,39,71,-0.06557123583927611,0.05130089292169503,0.08325484120490043,-4.97169799840193,4.955390493184524,500,4266.568688078975,2.220446049250313e-15
equilibrium_dt2p5e-4,D3,0.5,1e-10,40,73,-0.08156479359276635,0.012125102641700806,0.08246110396970414,-4.990857127701836,5.988034619334263,500,4266.568688078975,2.220446049250313e-15
equilibrium_dt2p5e-4,D3,0.5,1e-10,41,64,0.02234099567613264,0.07915969222354399,0.08225191159314893,-4.995937296705278,2.5914476058939706,500,4266.568688078975,2.220446049250313e-15
equilibrium_dt2p5e-4,D3,0.5,1e-10,42,69,-0.0348094825461308,0.07448725926883534,0.08221953459192093,-4.996724716099884,4.015921824843513,500,4266.568688078975,2.220446049250313e-15
equilibrium_dt2p5e-4,D3,0.5,1e-10,43,77,-0.07569322028444903,0.026556865606485056,0.0802167732327288,-5.04604528684839,5.608323963188028,500,4266.568688078975,2.220446049250313e-15
equilibrium_dt2p5e-4,D3,0.5,1e-10,44,62,0.07775333440205137,0.01321584315496848,0.07886849511011322,-5.079946864783732,0.3367247219798433,500,4266.568688078975,2.220446049250313e-15
equilibrium_dt2p5e-4,D3,0.5,1e-10,45,75,-0.03793111799639967,0.06771565542624315,0.07761558929920258,-5.111973957876612,4.16280201543706,500,4266.568688078975,2.220446049250313e-15
equilibrium_dt2p5e-4,D3,0.5,1e-10,46,79,-0.06735021541343354,0.03695223071554177,0.07682134385111035,-5.132545525423311,5.279560791688401,500,4266.568688078975,2.220446049250313e-15
equilibrium_dt2p5e-4,D3,0.5,1e-10,47,97,0.06490934447201707,0.03667132716118867,0.0745520572187643,-5.1925152859953565,1.0285158011111752,500,4266.568688078975,2.220446049250313e-15
equilibrium_dt2p5e-4,D3,0.5,1e-10,48,83,-0.07429494500667322,0.005345834449338222,0.07448702437004938,-5.194260676590871,6.139524466036816,500,4266.568688078975,2.220446049250313e-15
equilibrium_dt2p5e-4,D3,0.5,1e-10,49,99,0.07295655950838223,0.006767273215753781,0.07326974520275593,-5.22721501665498,0.18498581562850885,500,4266.568688078975,2.220446049250313e-15
equilibrium_dt2p5e-4,D3,0.5,1e-10,50,81,-0.06188036924290732,0.03802551398010913,0.07263002004054539,-5.2447538868750945,5.181158475306594,500,4266.568688078975,2.220446049250313e-15
equilibrium_dt2p5e-4,D3,0.5,1e-10,51,85,-0.041055893742923046,0.05922899621677561,0.07206705491330284,-5.2603165502670475,4.353850325368326,500,4266.568688078975,2.220446049250313e-15
equilibrium_dt2p5e-4,D3,0.5,1e-10,52,101,0.05595060259376863,0.04540181142045559,0.07205410752250312,-5.260675897655474,1.3633824969627155,500,4266.568688078975,2.220446049250313e-15
equilibrium_dt2p5e-4,D3,0.5,1e-10,53,103,0.05806228592653112,0.0420196958455132,0.07167205791634347,-5.271308631224594,1.25291155318048,500,4266.568688078975,2.220446049250313e-15
equilibrium_dt2p5e-4,D3,0.5,1e-10,54,87,-0.011925219114838804,0.07063731646176107,0.0716368712874585,-5.2722907508953645,3.4760850686008693,500,4266.568688078975,2.220446049250313e-15
equilibrium_dt2p5e-4,D3,0.5,1e-10,55,105,0.07049897163954684,0.0,0.07049897163954684,-5.30431431188679,0.0,500,4266.568688078975,2.220446049250313e-15
equilibrium_dt2p5e-4,D3,0.5,1e-10,56,93,0.036848725505272545,0.05972532715466836,0.0701779400887137,-5.313442522171604,2.0359847200985746,500,4266.568688078975,2.220446049250313e-15
equilibrium_dt2p5e-4,D3,0.5,1e-10,57,106,0.0676978087866275,0.018183031641903834,0.07009718934594493,-5.315745161335483,0.5247964738329628,500,4266.568688078975,2.220446049250313e-15
equilibrium_dt2p5e-4,D3,0.5,1e-10,58,91,0.01786517396400858,0.06729876926243442,0.06962965449435088,-5.3291294641256295,2.6226404734916917,500,4266.568688078975,2.220446049250313e-15
equilibrium_dt2p5e-4,D3,0.5,1e-10,59,108,0.04880666726715266,0.04935130801649198,0.0694092383812502,-5.335470604886656,1.5818934415950308,500,4266.568688078975,2.220446049250313e-15
equilibrium_dt2p5e-4,D3,0.5,1e-10,60,89,-0.027223234749918165,0.06371158074509123,0.06928398105830402,-5.339083106132416,3.9492077511201336,500,4266.568688078975,2.220446049250313e-15
equilibrium_dt2p5e-4,D3,0.5,1e-10,61,95,0.02899732376612571,0.062454898469614904,0.06885825388758726,-5.3514103576402245,2.2722415112116563,500,4266.568688078975,2.220446049250313e-15
equilibrium_dt2p5e-4,D3,0.5,1e-10,62,112,0.05902735872796892,0.0346757263380441,0.06845900288107659,-5.363040421943806,1.0622835271664905,500,4266.568688078975,2.220446049250313e-15
equilibrium_dt2p5e-4,D3,0.5,1e-10,63,110,0.063579000081977,0.024947569900727634,0.06829839306583811,-5.367738080537457,0.7478524463967204,500,4266.568688078975,2.220446049250313e-15
equilibrium_dt2p5e-4,D3,0.5,1e-10,64,114,-0.012749187271967308,0.06648783035146269,0.06769913855390315,-5.3853636472143025,3.520497742285745,500,4266.568688078975,2.220446049250313e-15
equilibrium_dt2p5e-4,D3,0.5,1e-10,65,130,-0.06685680890221626,0.0062029719590558285,0.06714394803489214,-5.401832972274303,6.098155097599617,500,4266.568688078975,2.220446049250313e-15
equilibrium_dt2p5e-4,D3,0.5,1e-10,66,116,-0.00110111582893845,0.06712263526618413,0.06713166630693689,-5.402198838498031,3.174398787233736,500,4266.568688078975,2.220446049250313e-15
equilibrium_dt2p5e-4,D3,0.5,1e-10,67,132,-0.06342903109404874,0.019746226718624315,0.06643158477074827,-5.4231653226772565,5.679580678602953,500,4266.568688078975,2.220446049250313e-15
equilibrium_dt2p5e-4,D3,0.5,1e-10,68,118,0.0056035448192439915,0.06551157859018734,0.06575079196420047,-5.443767125827816,2.9709376658942266,500,4266.568688078975,2.220446049250313e-15
equilibrium_dt2p5e-4,D3,0.5,1e-10,69,126,-0.039039490656207015,0.05267938899189423,0.06556828391269198,-5.449326353770851,4.41712460204072,500,4266.568688078975,2.220446049250313e-15
equilibrium_dt2p5e-4,D3,0.5,1e-10,70,120,0.058447428978161055,0.029467377661498515,0.06545554445883528,-5.452768154642679,0.9339543748794672,500,4266.568688078975,2.220446049250313e-15
equilibrium_dt2p5e-4,D3,0.5,1e-10,71,124,-0.03216964681885604,0.05697121667031114,0.06542633800959269,-5.453660759460903,4.169657649780417,500,4266.568688078975,2.220446049250313e-15
equilibrium_dt2p5e-4,D3,0.5,1e-10,72,122,0.038903911967620476,0.05092246308757117,0.06408284960337994,-5.495157015489584,1.8368116003981356,500,4266.568688078975,2.220446049250313e-15
equilibrium_dt2p5e-4,D3,0.5,1e-10,73,128,0.06350824653179422,0.007607798364525767,0.06396230118982926,-5.498922826171808,0.23844832154912796,500,4266.568688078975,2.220446049250313e-15
equilibrium_dt2p5e-4,D3,0.5,1e-10,74,138,-0.061976522012960084,0.015201888318626556,0.06381368731921797,-5.503575153713417,5.802113770425838,500,4266.568688078975,2.220446049250313e-15
equilibrium_dt2p5e-4,D3,0.5,1e-10,75,136,-0.060490526517910564,0.020186909593479546,0.0637700173855187,-5.504944292053011,5.638987949396349,500,4266.568688078975,2.220446049250313e-15
equilibrium_dt2p5e-4,D3,0.5,1e-10,76,134,-0.05332437208625536,0.03425963226190358,0.06338147253822898,-5.517167383010099,5.141049740939511,500,4266.568688078975,2.220446049250313e-15
equilibrium_dt2p5e-4,D3,0.5,1e-10,77,140,0.046985304962822855,0.04183858423459454,0.06291332142880973,-5.531994700556147,1.4550397999807552,500,4266.568688078975,2.220446049250313e-15
equilibrium_dt2p5e-4,D3,0.5,1e-10,78,142,0.058531435188820216,0.02264057193681067,0.06275766409681738,-5.5369491428545725,0.7381692788814197,500,4266.568688078975,2.220446049250313e-15
equilibrium_dt2p5e-4,D3,0.5,1e-10,79,160,-0.04210490273300785,0.04573036249262438,0.062161796047595655,-5.5560293587911564,4.629884465224136,500,4266.568688078975,2.220446049250313e-15
equilibrium_dt2p5e-4,D3,0.5,1e-10,80,148,0.02079366067699218,0.0582892054588892,0.061887056783939,-5.564888439922597,2.4562725369882865,500,4266.568688078975,2.220446049250313e-15
equilibrium_dt2p5e-4,D3,0.5,1e-10,81,154,0.0008283925011899054,0.0609973238412384,0.06100294869864028,-5.593666153310323,3.114432721789465,500,4266.568688078975,2.220446049250313e-15
equilibrium_dt2p5e-4,D3,0.5,1e-10,82,150,0.02771444937285986,0.05391199028377686,0.06061842459515805,-5.606312791785569,2.191914925563666,500,4266.568688078975,2.220446049250313e-15
equilibrium_dt2p5e-4,D3,0.5,1e-10,83,156,-0.0072971231235810195,0.06005913352503071,0.06050080599180616,-5.610197183710933,3.3834053705758773,500,4266.568688078975,2.220446049250313e-15
equilibrium_dt2p5e-4,D3,0.5,1e-10,84,144,0.05209517185112218,0.03054444322851687,0.06038931977045314,-5.613886029338495,1.0605999503323806,500,4266.568688078975,2.220446049250313e-15
equilibrium_dt2p5e-4,D3,0.5,1e-10,85,168,-0.060364053136299195,0.00040072582898849774,0.060365383227740474,-5.614678927418052,6.269908533280826,500,4266.568688078975,2.220446049250313e-15
equilibrium_dt2p5e-4,D3,0.5,1e-10,86,166,-0.055391766117709795,0.023931272334692347,0.060340314460535206,-5.6155096675751714,5.467554081171168,500,4266.568688078975,2.220446049250313e-15
equilibrium_dt2p5e-4,D3,0.5,1e-10,87,152,0.01761948833508995,0.057638921352744614,0.06027181450643617,-5.617781411289528,2.5482599888101025,500,4266.568688078975,2.220446049250313e-15
equilibrium_dt2p5e-4,D3,0.5,1e-10,88,170,-0.04704042032206086,0.03709683835592471,0.05990806757091872,-5.629888197882362,4.9476633790911695,500,4266.568688078975,2.220446049250313e-15
equilibrium_dt2p5e-4,D3,0.5,1e-10,89,162,-0.03242847363461363,0.05033245503361981,0.05987455162238956,-5.631007423680881,4.2862877326741415,500,4266.568688078975,2.220446049250313e-15
equilibrium_dt2p5e-4,D3,0.5,1e-10,90,164,-0.02784019793701587,0.052505597527233515,0.05942991160067507,-5.645915234115117,4.116673508209501,500,4266.568688078975,2.220446049250313e-15
equilibrium_dt2p5e-4,D3,0.5,1e-10,91,172,-0.04052431830226636,0.04283307339285869,0.058965180828531506,-5.661616329470614,4.65700900878359,500,4266.568688078975,2.220446049250313e-15
equilibrium_dt2p5e-4,D3,0.5,1e-10,92,158,0.0040988479842309815,0.05875453495493379,0.05889733383242717,-5.663918910704133,3.0022938589335433,500,4266.568688078975,2.220446049250313e-15
equilibrium_dt2p5e-4,D3,0.5,1e-10,93,174,-0.010997631261358807,0.05732987857064136,0.05837519053746463,-5.681728597946625,3.5206492034068098,500,4266.568688078975,2.220446049250313e-15
equilibrium_dt2p5e-4,D3,0.5,1e-10,94,176,-0.05722569593595514,0.009728433839035041,0.05804672859270257,-5.6930138548368845,5.946402766986222,500,4266.568688078975,2.220446049250313e-15
equilibrium_dt2p5e-4,D3,0.5,1e-10,95,146,0.056364877728162274,0.010971746645233085,0.057422806146668476,-5.714627469877576,0.38450320236675783,500,4266.568688078975,2.220446049250313e-15
equilibrium_dt2p5e-4,D3,0.5,1e-10,96,178,0.04523153908304088,0.03384281891441389,0.05649095962978913,-5.747349320369121,1.284712706739471,500,4266.568688078975,2.220446049250313e-15
equilibrium_dt2p5e-4,D3,0.5,1e-10,97,182,-0.025144519887154708,0.05053064666691874,0.05644105892816421,-5.749116780315723,4.065059100296483,500,4266.568688078975,2.220446049250313e-15
equilibrium_dt2p5e-4,D3,0.5,1e-10,98,184,0.0022208400686984367,0.05639446166376638,0.056438173579207475,-5.749219025835764,3.062872402398139,500,4266.568688078975,2.220446049250313e-15
equilibrium_dt2p5e-4,D3,0.5,1e-10,99,180,0.04249434719925578,0.0370102356803664,0.05635181531243837,-5.752281648130276,1.433057389223694,500,4266.568688078975,2.220446049250313e-15
equilibrium_dt2p5e-4,D3,0.5,1e-10,100,186,0.05267247482861123,0.018602923850320693,0.05586106318672707,-5.769775371172627,0.6790119337641042,500,4266.568688078975,2.220446049250313e-15
equilibrium_dt2p5e-4,D3,0.5,1e-10,101,188,0.05471185737682904,0.008584267991258514,0.0553811971211189,-5.787030289969422,0.3112615757157485,500,4266.568688078975,2.220446049250313e-15
equilibrium_dt2p5e-4,D3,0.5,1e-10,102,192,0.013443809947296357,0.05316570255180051,0.05483910970945418,-5.806703317495542,2.646243749146902,500,4266.568688078975,2.220446049250313e-15
equilibrium_dt2p5e-4,D3,0.5,1e-10,103,194,-0.05145027816906099,0.018807746037642358,0.05478012810034498,-5.808855553397907,5.5822617663790535,500,4266.568688078975,2.220446049250313e-15
equilibrium_dt2p5e-4,D3,0.5,1e-10,104,190,0.03441755234940481,0.04258142149712191,0.05475166998767778,-5.809894817385327,1.782058430696477,500,4266.568688078975,2.220446049250313e-15
equilibrium_dt2p5e-4,D3,0.5,1e-10,105,198,0.028466320050770953,0.04576810050362665,0.05389851946893342,-5.841304539106566,2.0287597725802513,500,4266.568688078975,2.220446049250313e-15
equilibrium_dt2p5e-4,D3,0.5,1e-10,106,200,0.053353332703365036,0.0021812895396368243,0.053397903840990704,-5.859967575400949,0.081722183516313,500,4266.568688078975,2.220446049250313e-15
equilibrium_dt2p5e-4,D3,0.5,1e-10,107,208,-0.05290593685846394,0.0022656101668899965,0.05295442516258758,-5.876647275902041,6.197590876737604,500,4266.568688078975,2.220446049250313e-15
equilibrium_dt2p5e-4,D3,0.5,1e-10,108,196,-0.03547910075826276,0.03905656074641608,0.05276534400488118,-5.883801334629385,4.616469346635946,500,4266.568688078975,2.220446049250313e-15
equilibrium_dt2p5e-4,D3,0.5,1e-10,109,210,-0.047161599426610225,0.022442720112916308,0.052229226938015655,-5.904226075507281,5.394871856805638,500,4266.568688078975,2.220446049250313e-15
equilibrium_dt2p5e-4,D3,0.5,1e-10,110,202,0.030605870641463008,0.04180194887691903,0.051808515203878594,-5.9204015141027275,1.8776169978908426,500,4266.568688078975,2.220446049250313e-15
equilibrium_dt2p5e-4,D3,0.5,1e-10,111,212,-0.042938482873552494,0.028845313991351623,0.05172780152627818,-5.923519789757113,5.100113590544887,500,4266.568688078975,2.220446049250313e-15
equilibrium_dt2p5e-4,D3,0.5,1e-10,112,204,0.04386658456691574,0.02697587142407182,0.05149732886912121,-5.932450678553144,1.1026831831962578,500,4266.568688078975,2.220446049250313e-15
equilibrium_dt2p5e-4,D3,0.5,1e-10,113,222,0.02124803442804831,0.04686825977289338,0.051459816762158626,-5.9339080658337435,2.2903091334016406,500,4266.568688078975,2.220446049250313e-15
equilibrium_dt2p5e-4,D3,0.5,1e-10,114,214,-0.03755988814100358,0.03517554143666539,0.05145934232505567,-5.933926505047867,4.777927692275673,500,4266.568688078975,2.220446049250313e-15
equilibrium_dt2p5e-4,D3,0.5,1e-10,115,224,0.04703125919835066,0.020778230835760896,0.051416672572684126,-5.935585579997876,0.8320214468547288,500,4266.568688078975,2.220446049250313e-15
equilibrium_dt2p5e-4,D3,0.5,1e-10,116,206,0.03909634320312091,0.033384518727517035,0.051410603405563665,-5.935821671718474,1.4135121996848825,500,4266.568688078975,2.220446049250313e-15
equilibrium_dt2p5e-4,D3,0.5,1e-10,117,218,-0.008757531037639862,0.05039584333943195,0.051151103368038825,-5.945942431189003,3.4857060390027477,500,4266.568688078975,2.220446049250313e-15
equilibrium_dt2p5e-4,D3,0.5,1e-10,118,216,-0.020348050942750544,0.04671609367267554,0.050955240998379815,-5.953615318162066,3.96316856695121,500,4266.568688078975,2.220446049250313e-15
equilibrium_dt2p5e-4,D3,0.5,1e-10,119,226,0.0503569965848047,0.006333655402975381,0.05075374169266411,-5.961539871687485,0.25023615963628765,500,4266.568688078975,2.220446049250313e-15
equilibrium_dt2p5e-4,D3,0.5,1e-10,120,220,-0.014119329691758286,0.04867487212162682,0.050681344171216405,-5.964394802331042,3.7062445759032263,500,4266.568688078975,2.220446049250313e-15
equilibrium_dt2p5e-4,D3,0.5,1e-10,121,230,-0.04666877264966553,0.01915562740685121,0.05044712481377188,-5.973659049227708,5.504204726017829,500,4266.568688078975,2.220446049250313e-15
equilibrium_dt2p5e-4,D3,0.5,1e-10,122,233,-0.03574550661091391,0.034944340949094,0.049988480745441925,-5.991925370375748,4.735055074290755,500,4266.568688078975,2.220446049250313e-15
equilibrium_dt2p5e-4,D3,0.5,1e-10,123,228,0.04845691797993669,0.012077813224448232,0.04993942803435947,-5.99388889450515,0.4885424532333074,500,4266.568688078975,2.220446049250313e-15
equilibrium_dt2p5e-4,D3,0.5,1e-10,124,232,-0.049931960589950274,0.0,0.049931960589950274,-5.994187976936104,6.283185307179586,500,4266.568688078975,2.220446049250313e-15
equilibrium_dt2p5e-4,D3,0.5,1e-10,125,235,-0.0004764320508624662,0.049556894446030675,0.0495591845638537,-6.009175351740808,3.160819741113285,500,4266.568688078975,2.220446049250313e-15
equilibrium_dt2p5e-4,D3,0.5,1e-10,126,237,0.007020443153416586,0.048654576495058506,0.0491584625063056,-6.02541254014459,2.854987717144816,500,4266.568688078975,2.220446049250313e-15
equilibrium_dt2p5e-4,D3,0.5,1e-10,127,245,0.011443274233521174,0.04748555155821583,0.048844919203245116,-6.038209828048933,2.668641651204718,500,4266.568688078975,2.220446049250313e-15
equilibrium_dt2p5e-4,D3,0.5,1e-10,128,253,-0.04756191114130534,0.010640519107121995,0.04873762446285676,-6.042607941875272,5.8429950018506265,500,4266.568688078975,2.220446049250313e-15
equilibrium_dt2p5e-4,D3,0.5,1e-10,129,239,-0.03052622386126172,0.03792957079742654,0.0486878083723724,-6.044653243327928,4.496930675694087,500,4266.568688078975,2.220446049250313e-15
equilibrium_dt2p5e-4,D3,0.5,1e-10,130,243,0.028471871008446253,0.0393945190764645,0.04860633263256473,-6.048002910965117,1.8899462979373058,500,4266.568688078975,2.220446049250313e-15
equilibrium_dt2p5e-4,D3,0.5,1e-10,131,241,0.042047781533957544,0.0243378214784823,0.048583386936749226,-6.048947278181877,1.0493909312879128,500,4266.568688078975,2.220446049250313e-15
equilibrium_dt2p5e-4,D3,0.5,1e-10,132,255,-0.04823518237583478,0.0,0.04823518237583478,-6.06333319876257,6.283185307179586,500,4266.568688078975,2.220446049250313e-15
equilibrium_dt2p5e-4,D3,0.5,1e-10,133,251,-0.04156456375744383,0.02404971772934288,0.048020848422405886,-6.07224004048006,5.234097550500103,500,4266.568688078975,2.220446049250313e-15
equilibrium_dt2p5e-4,D3,0.5,1e-10,134,247,-0.004623451775259633,0.04760357753447642,0.047827574686566114,-6.080305859051788,3.335233381860992,500,4266.568688078975,2.220446049250313e-15
equilibrium_dt2p5e-4,D3,0.5,1e-10,135,249,-0.02000199467319453,0.0433029876984829,0.04769935570342081,-6.085674776889753,4.0070173395374376,500,4266.568688078975,2.220446049250313e-15
equilibrium_dt2p5e-4,D3,0.5,1e-10,136,270,-0.045014929274062004,0.014716856923190028,0.0473595791286879,-6.099972350173507,5.651227192704078,500,4266.568688078975,2.220446049250313e-15
equilibrium_dt2p5e-4,D3,0.5,1e-10,137,272,-0.0466309242838746,0.007705031729454573,0.04726320570507621,-6.104046356539107,5.9556757560494225,500,4266.568688078975,2.220446049250313e-15
equilibrium_dt2p5e-4,D3,0.5,1e-10,138,256,0.042676059557775134,0.019999393207253115,0.04712983967760863,-6.10969787951604,0.8764806265041774,500,4266.568688078975,2.220446049250313e-15
equilibrium_dt2p5e-4,D3,0.5,1e-10,139,262,0.017188451042635097,0.04355289995747996,0.046821981418467565,-6.122804995797651,2.3898091368803374,500,4266.568688078975,2.220446049250313e-15
equilibrium_dt2p5e-4,D3,0.5,1e-10,140,268,-0.013097756296661637,0.04488884846107208,0.046760666549652954,-6.125425775564825,3.709393378630967,500,4266.568688078975,2.220446049250313e-15
equilibrium_dt2p5e-4,D3,0.5,1e-10,141,258,0.03321224522100491,0.03254721732847299,0.0465013396414234,-6.13654831462167,1.5505709418370706,500,4266.568688078975,2.220446049250313e-15
equilibrium_dt2p5e-4,D3,0.5,1e-10,142,266,0.012291533198245245,0.04476642364060054,0.046423210508680715,-6.139911436682595,2.6056591793168002,500,4266.568688078975,2.220446049250313e-15
equilibrium_dt2p5e-4,D3,0.5,1e-10,143,260,0.03616797460792738,0.02819606198632192,0.045860007618579696,-6.164323670850982,1.3243382143752747,500,4266.568688078975,2.220446049250313e-15
equilibrium_dt2p5e-4,D3,0.5,1e-10,144,274,-0.03768511291861209,0.026090847952033466,0.04583557660316572,-6.165389415344545,5.07205456528802,500,4266.568688078975,2.220446049250313e-15
equilibrium_dt2p5e-4,D3,0.5,1e-10,145,276,-0.028006136496138256,0.0357752445639222,0.04543359775594238,-6.183006817902582,4.469966434481672,500,4266.568688078975,2.220446049250313e-15
equilibrium_dt2p5e-4,D3,0.5,1e-10,146,278,-0.024211732751364155,0.03820091606340169,0.045227403097088614,-6.192104225274644,4.271397145209196,500,4266.568688078975,2.220446049250313e-15
equilibrium_dt2p5e-4,D3,0.5,1e-10,147,280,-0.040788599066316406,0.018931268767416125,0.04496779682102352,-6.2036173431879025,5.414098822984189,500,4266.568688078975,2.220446049250313e-15
equilibrium_dt2p5e-4,D3,0.5,1e-10,148,284,-0.020694066500232634,0.039010499404757815,0.04415952277962999,-6.239893367384774,4.11705020571617,500,4266.568688078975,2.220446049250313e-15
equilibrium_dt2p5e-4,D3,0.5,1e-10,149,264,0.0441312730960008,0.0014212673544458086,0.044154153439587285,-6.240136561430325,0.06438863804290328,500,4266.568688078975,2.220446049250313e-15
equilibrium_dt2p5e-4,D3,0.5,1e-10,150,282,0.005045988818591448,0.043744630939865,0.04403469926344841,-6.245554672474229,2.911905704951531,500,4266.568688078975,2.220446049250313e-15
equilibrium_dt2p5e-4,D3,0.5,1e-10,151,286,0.041413548482218156,0.012118187968878617,0.043150115614423425,-6.286140364190752,0.5693340714392834,500,4266.568688078975,2.220446049250313e-15
equilibrium_dt2p5e-4,D3,0.5,1e-10,152,288,0.019104941806166707,0.038551109890119284,0.043025421266700795,-6.291928291450023,2.2213909791732767,500,4266.568688078975,2.220446049250313e-15
equilibrium_dt2p5e-4,D3,0.5,1e-10,153,290,0.0013820544508824912,0.041929241056651974,0.041952012229355976,-6.342457759785191,3.0756933325665265,500,4266.568688078975,2.220446049250313e-15
equilibrium_dt2p5e-4,D3,0.5,1e-10,154,292,0.021390233001775782,0.03581088468287472,0.04171284609853911,-6.353892275402179,2.0647128527069456,500,4266.568688078975,2.220446049250313e-15
equilibrium_dt2p5e-4,D3,0.5,1e-10,155,294,0.03213834475995664,0.02628323355417246,0.04151724424830012,-6.363292827992546,1.3710199771388805,500,4266.568688078975,2.220446049250313e-15
equilibrium_dt2p5e-4,D3,0.5,1e-10,156,317,-0.04063879149717235,0.0057411954738086765,0.0410423281481342,-6.386302701945863,6.002495285166916,500,4266.568688078975,2.220446049250313e-15
equilibrium_dt2p5e-4,D3,0.5,1e-10,157,307,-0.005315171356807367,0.04027127242971298,0.04062051734850734,-6.406963973221943,3.4040441002015935,500,4266.568688078975,2.220446049250313e-15
equilibrium_dt2p5e-4,D3,0.5,1e-10,158,311,-0.009730240945399059,0.03886796912350862,0.04006740087204984,-6.434384442246886,3.6321915534152316,500,4266.568688078975,2.220446049250313e-15
equilibrium_dt2p5e-4,D3,0.5,1e-10,159,298,0.03354944124457116,0.021812144373089405,0.04001667964706003,-6.436917841216719,1.1529602816895166,500,4266.568688078975,2.220446049250313e-15
equilibrium_dt2p5e-4,D3,0.5,1e-10,160,302,0.03989698668125478,0.0,0.03989698668125478,-6.44290895942259,0.0,500,4266.568688078975,2.220446049250313e-15
equilibrium_dt2p5e-4,D3,0.5,1e-10,161,296,0.026253229904767403,0.030005090279601694,0.03986900454136799,-6.444312171022208,1.7039788667629145,500,4266.568688078975,2.220446049250313e-15
equilibrium_dt2p5e-4,D3,0.5,1e-10,162,309,0.009085058047029162,0.03880337912815358,0.03985273530739282,-6.445128472032793,2.6816168708167565,500,4266.568688078975,2.220446049250313e-15
equilibrium_dt2p5e-4,D3,0.5,1e-10,163,319,-0.027567262087449206,0.028525502113281014,0.03966936109660595,-6.454352300080893,4.6782260418903805,500,4266.568688078975,2.220446049250313e-15
equilibrium_dt2p5e-4,D3,0.5,1e-10,164,300,0.038990115849676814,0.007165773122614033,0.03964312599197996,-6.455675426188565,0.3635121810544825,500,4266.568688078975,2.220446049250313e-15
equilibrium_dt2p5e-4,D3,0.5,1e-10,165,325,-0.03934745868046076,0.0024115407929677746,0.03942128909113342,-6.466898552685785,6.160761740262126,500,4266.568688078975,2.220446049250313e-15
equilibrium_dt2p5e-4,D3,0.5,1e-10,166,321,-0.023884712269991885,0.031142591230154698,0.039247171474500034,-6.475751803388855,4.450110980815719,500,4266.568688078975,2.220446049250313e-15
equilibrium_dt2p5e-4,D3,0.5,1e-10,167,315,0.003341058547171109,0.038814345661936055,0.03895787598650469,-6.490548638988279,2.969860103470727,500,4266.568688078975,2.220446049250313e-15
equilibrium_dt2p5e-4,D3,0.5,1e-10,168,303,0.03520153077715329,0.016296531909682686,0.03879078139633406,-6.499145306921115,0.8671408335616437,500,4266.568688078975,2.220446049250313e-15
equilibrium_dt2p5e-4,D3,0.5,1e-10,169,305,0.03633032502917406,0.013146393407126075,0.038635737036328936,-6.507155201741707,0.6943976376550444,500,4266.568688078975,2.220446049250313e-15
equilibrium_dt2p5e-4,D3,0.5,1e-10,170,313,0.015394248357074524,0.03539514322605212,0.03859791505343307,-6.509114036259868,2.3210977323113466,500,4266.568688078975,2.220446049250313e-15
equilibrium_dt2p5e-4,D3,0.5,1e-10,171,327,-0.03251128852521501,0.0207644866876577,0.03857651862171716,-6.510223026957704,5.146425188450608,500,4266.568688078975,2.220446049250313e-15
equilibrium_dt2p5e-4,D3,0.5,1e-10,172,329,-0.03609722255298444,0.013410840397797339,0.03850792277200734,-6.513782545147174,5.571752841323482,500,4266.568688078975,2.220446049250313e-15
equilibrium_dt2p5e-4,D3,0.5,1e-10,173,323,-0.015599688049173388,0.03493833756190151,0.03826274557348049,-6.5265571132138325,3.9814583337269465,500,4266.568688078975,2.220446049250313e-15
equilibrium_dt2p5e-4,D3,0.5,1e-10,174,331,-0.010394836456839102,0.03545176954616961,0.03694429034261114,-6.59668833481718,3.7120255629109757,500,4266.568688078975,2.220446049250313e-15
equilibrium_dt2p5e-4,D3,0.5,1e-10,175,339,-0.03668034174410495,0.0,0.03668034174410495,-6.611028629462939,6.283185307179586,500,4266.568688078975,2.220446049250313e-15
equilibrium_dt2p5e-4,D3,0.5,1e-10,176,333,0.020677502732589878,0.030005343321566697,0.03644008434542035,-6.624171783909478,1.934809551761486,500,4266.568688078975,2.220446049250313e-15
equilibrium_dt2p5e-4,D3,0.5,1e-10,177,335,0.02722494988510312,0.023871138709642078,0.036208136648291485,-6.636942832234848,1.4397096892075878,500,4266.568688078975,2.220446049250313e-15
equilibrium_dt2p5e-4,D3,0.5,1e-10,178,337,-0.006991725239387599,0.03541884693157524,0.03610233981039797,-6.6427952021024375,3.5313837203134324,500,4266.568688078975,2.220446049250313e-15
equilibrium_dt2p5e-4,D3,0.5,1e-10,179,342,0.03605583529906534,0.0,0.03605583529906534,-6.645373123049064,0.0,500,4266.568688078975,2.220446049250313e-15
equilibrium_dt2p5e-4,D3,0.5,1e-10,180,345,-0.03445961137003535,0.009689449688673073,0.03579595299811413,-6.659840873421873,5.734974972563129,500,4266.568688078975,2.220446049250313e-15
equilibrium_dt2p5e-4,D3,0.5,1e-10,181,340,0.011912967873591522,0.03340946874187616,0.03546986615666352,-6.67814356725473,2.4565529076479855,500,4266.568688078975,2.220446049250313e-15
equilibrium_dt2p5e-4,D3,0.5,1e-10,182,343,0.034615101735182834,0.004978594908944643,0.03497129787989613,-6.706455229001472,0.2856952614442172,500,4266.568688078975,2.220446049250313e-15
equilibrium_dt2p5e-4,D3,0.5,1e-10,183,347,-0.028305336089709657,0.020481917149023417,0.03493853146958068,-6.708330010446065,5.030397297346737,500,4266.568688078975,2.220446049250313e-15
equilibrium_dt2p5e-4,D3,0.5,1e-10,184,355,0.003606006208862686,0.03422030775163057,0.03440977685767031,-6.738829088008571,2.931615159749262,500,4266.568688078975,2.220446049250313e-15
equilibrium_dt2p5e-4,D3,0.5,1e-10,185,357,-0.034306662965901,0.0002244955102867544,0.03430739748348834,-6.744788555982287,6.270097919099515,500,4266.568688078975,2.220446049250313e-15
equilibrium_dt2p5e-4,D3,0.5,1e-10,186,349,-0.02278049563072374,0.025493214520121512,0.03418852099390024,-6.751730669415316,4.600117980400592,500,4266.568688078975,2.220446049250313e-15
equilibrium_dt2p5e-4,D3,0.5,1e-10,187,353,-0.019016542367831388,0.028340679694884893,0.03412950350057245,-6.755186126943272,4.323583253293711,500,4266.568688078975,2.220446049250313e-15
equilibrium_dt2p5e-4,D3,0.5,1e-10,188,361,0.02201603454263219,0.02566029707194609,0.033810599267136615,-6.7739618757328595,1.7233747546443035,500,4266.568688078975,2.220446049250313e-15
equilibrium_dt2p5e-4,D3,0.5,1e-10,189,351,-0.015746215616650284,0.029094267056094032,0.03308201447580482,-6.81753102717751,4.133737584977771,500,4266.568688078975,2.220446049250313e-15
equilibrium_dt2p5e-4,D3,0.5,1e-10,190,363,0.008733909438765999,0.03185562827940899,0.03303123108756995,-6.820603536947064,2.6064008210660012,500,4266.568688078975,2.220446049250313e-15
equilibrium_dt2p5e-4,D3,0.5,1e-10,191,365,0.03113152666359969,0.010090728064552981,0.03272605606056397,-6.8391673938972115,0.6268934814016872,500,4266.568688078975,2.220446049250313e-15
equilibrium_dt2p5e-4,D3,0.5,1e-10,192,375,-0.029332093270764113,0.014335672112318112,0.03264786655444273,-6.843951536581449,5.373992343476004,500,4266.568688078975,2.220446049250313e-15
equilibrium_dt2p5e-4,D3,0.5,1e-10,193,359,-0.02248681135096809,0.02296331139957446,0.032139856178394044,-6.875316787061021,4.691421706247591,500,4266.568688078975,2.220446049250313e-15
equilibrium_dt2p5e-4,D3,0.5,1e-10,194,367,0.008788257286867818,0.03086264992714886,0.032089509604634456,-6.878452211704081,2.586769751775061,500,4266.568688078975,2.220446049250313e-15
equilibrium_dt2p5e-4,D3,0.5,1e-10,195,373,0.019161325238574584,0.025285537504526803,0.0317256172799091,-6.901261616726876,1.8446465262194143,500,4266.568688078975,2.220446049250313e-15
equilibrium_dt2p5e-4,D3,0.5,1e-10,196,371,0.016586839604747047,0.027006532391060167,0.031693469987727554,-6.903289226793183,2.0400328413937356,500,4266.568688078975,2.220446049250313e-15
equilibrium_dt2p5e-4,D3,0.5,1e-10,197,369,0.026450169535582997,0.017186357786684987,0.03154334101570458,-6.912785547160752,1.1524180544207243,500,4266.568688078975,2.220446049250313e-15
equilibrium_dt2p5e-4,D3,0.5,1e-10,198,379,0.03117937989854388,0.00026514419462285866,0.03118050724894745,-6.935924294154569,0.017007253155690495,500,4266.568688078975,2.220446049250313e-15
equilibrium_dt2p5e-4,D3,0.5,1e-10,199,377,-0.030269827606821627,0.006305778066984017,0.03091965880110512,-6.952726180433816,5.872422139250912,500,4266.568688078975,2.220446049250313e-15
equilibrium_dt2p5e-4,D3,0.5,1e-10,200,381,0.019859037421256012,0.02226111699848857,0.029831840327395887,-7.024357977026965,1.6847313567157953,500,4266.568688078975,2.220446049250313e-15
equilibrium_dt2p5e-4,D3,0.5,1e-10,201,385,0.011180531845628363,0.02700269852331848,0.029225845067206116,-7.065403712282165,2.3564696452313187,500,4266.568688078975,2.220446049250313e-15
equilibrium_dt2p5e-4,D3,0.5,1e-10,202,383,-0.008107458000409358,0.028076146771569374,0.029223293667331667,-7.065578318781512,3.7038316112608154,500,4266.568688078975,2.220446049250313e-15
equilibrium_dt2p5e-4,D3,0.5,1e-10,203,387,-0.023351681241027336,0.017553340453148658,0.029213366424407392,-7.066257840369788,4.994015340512534,500,4266.568688078975,2.220446049250313e-15
equilibrium_dt2p5e-4,D3,0.5,1e-10,204,389,0.02866455187088875,0.005280321333552082,0.029146840778108987,-7.070817500336872,0.3643372381965666,500,4266.568688078975,2.220446049250313e-15
equilibrium_dt2p5e-4,D3,0.5,1e-10,205,391,-0.0260969598143296,0.012359422996757526,0.028875710352535274,-7.089509018978351,5.3985805049068105,500,4266.568688078975,2.220446049250313e-15
equilibrium_dt2p5e-4,D3,0.5,1e-10,206,395,0.00119452130498894,0.028176609305671577,0.028201918252355292,-7.136730560436742,3.0568552430736946,500,4266.568688078975,2.220446049250313e-15
equilibrium_dt2p5e-4,D3,0.5,1e-10,207,397,-0.026495202677145377,0.009593420228383843,0.028178528644721246,-7.1383899732483185,5.588391384786969,500,4266.568688078975,2.220446049250313e-15
equilibrium_dt2p5e-4,D3,0.5,1e-10,208,393,-0.0042792025160389435,0.02779896889153056,0.028126397664926056,-7.14209344987874,3.447062659771797,500,4266.568688078975,2.220446049250313e-15
equilibrium_dt2p5e-4,D3,0.5,1e-10,209,406,0.02600712529098321,0.009110191848515067,0.027556599235349213,-7.183026470788499,0.6738769765996703,500,4266.568688078975,2.220446049250313e-15
equilibrium_dt2p5e-4,D3,0.5,1e-10,210,401,-0.0027140980916755438,0.026902968844621053,0.02703952775301166,-7.2209109854307405,3.3426816969599815,500,4266.568688078975,2.220446049250313e-15
equilibrium_dt2p5e-4,D3,0.5,1e-10,211,403,0.01678945218282102,0.02102670820941993,0.026907399776331435,-7.230707891162389,1.7939631184121432,500,4266.568688078975,2.220446049250313e-15
equilibrium_dt2p5e-4,D3,0.5,1e-10,212,399,-0.02220238126905085,0.015009465779024907,0.026799809644622846,-7.238720988606263,5.094272070081861,500,4266.568688078975,2.220446049250313e-15
equilibrium_dt2p5e-4,D3,0.5,1e-10,213,408,0.024169155535450078,0.010949267562244227,0.026533649192042746,-7.258683141296094,0.8507358009730243,500,4266.568688078975,2.220446049250313e-15
equilibrium_dt2p5e-4,D3,0.5,1e-10,214,405,0.02650556333223147,0.0,0.02650556333223147,-7.260801261916648,0.0,500,4266.568688078975,2.220446049250313e-15
equilibrium_dt2p5e-4,D3,0.5,1e-10,215,415,-0.023891895344526563,0.008186928573462251,0.025255661991339343,-7.357409822234847,5.62293356383478,500,4266.568688078975,2.220446049250313e-15
equilibrium_dt2p5e-4,D3,0.5,1e-10,216,410,0.0062804165072094225,0.02432194467769666,0.025119725802822082,-7.36820370586893,2.6361922570826044,500,4266.568688078975,2.220446049250313e-15
equilibrium_dt2p5e-4,D3,0.5,1e-10,217,417,-0.0146915213031718,0.020326919288074934,0.025080359765072422,-7.371340437240888,4.3932718086126945,500,4266.568688078975,2.220446049250313e-15
equilibrium_dt2p5e-4,D3,0.5,1e-10,218,421,-0.009709122449586056,0.022467317416425405,0.024475445054819092,-7.42016981334582,3.9574052760360043,500,4266.568688078975,2.220446049250313e-15
equilibrium_dt2p5e-4,D3,0.5,1e-10,219,412,0.01930921774049829,0.014860314207348515,0.024365443318172933,-7.429178815950809,1.311851222480825,500,4266.568688078975,2.220446049250313e-15
equilibrium_dt2p5e-4,D3,0.5,1e-10,220,419,-0.024315096324748802,0.0014886511348107792,0.024360623790925105,-7.4295744585749315,6.160891295388728,500,4266.568688078975,2.220446049250313e-15
equilibrium_dt2p5e-4,D3,0.5,1e-10,221,414,0.0242124906628623,0.0,0.0242124906628623,-7.441773271764086,0.0,500,4266.568688078975,2.220446049250313e-15
equilibrium_dt2p5e-4,D3,0.5,1e-10,222,423,-0.007222645508313925,0.023015419214671207,0.024122108733811477,-7.449252968339426,3.749762389868789,500,4266.568688078975,2.220446049250313e-15
equilibrium_dt2p5e-4,D3,0.5,1e-10,223,425,-0.020869054865832105,0.011324174790396341,0.023743512496607545,-7.480891887707031,5.28885082405084,500,4266.568688078975,2.220446049250313e-15
equilibrium_dt2p5e-4,D3,0.5,1e-10,224,427,-0.010968186108910122,0.020349895749313767,0.02311751205315199,-7.534329702252269,4.130279017196392,500,4266.568688078975,2.220446049250313e-15
equilibrium_dt2p5e-4,D3,0.5,1e-10,225,429,0.013704275581660545,0.017799362593042996,0.022463848244161456,-7.5916960133486215,1.8293222400394422,500,4266.568688078975,2.220446049250313e-15
equilibrium_dt2p5e-4,D3,0.5,1e-10,226,435,-0.019250135688344758,0.01055557842251528,0.021954224191566292,-7.6375914237826095,5.280052889706326,500,4266.568688078975,2.220446049250313e-15
equilibrium_dt2p5e-4,D3,0.5,1e-10,227,431,0.005495814490371275,0.02074976812205899,0.021465247588411143,-7.682640085709922,2.6237600452985745,500,4266.568688078975,2.220446049250313e-15
equilibrium_dt2p5e-4,D3,0.5,1e-10,228,433,0.02049014370360084,0.006253373511477932,0.021423133974007327,-7.686567828040586,0.5924216689760445,500,4266.568688078975,2.220446049250313e-15
equilibrium_dt2p5e-4,D3,0.5,1e-10,229,437,0.014601774045954086,0.015310447316269791,0.02115706979506782,-7.71156232015006,1.6181709910624336,500,4266.568688078975,2.220446049250313e-15
equilibrium_dt2p5e-4,D3,0.5,1e-10,230,439,-0.014759425098277108,0.014870834433787904,0.020951905545529368,-7.731051359846268,4.704869045543847,500,4266.568688078975,2.220446049250313e-15
equilibrium_dt2p5e-4,D3,0.5,1e-10,231,441,0.0031439899191175475,0.02009754214340754,0.02034197317905898,-7.790137766560583,2.831234994958914,500,4266.568688078975,2.220446049250313e-15
equilibrium_dt2p5e-4,D3,0.5,1e-10,232,445,0.019801956137644385,0.004443172106385532,0.020294315589449045,-7.794828904743127,0.44144936177807265,500,4266.568688078975,2.220446049250313e-15
equilibrium_dt2p5e-4,D3,0.5,1e-10,233,443,0.017904844822484663,0.008663008765540933,0.019890479858190823,-7.8350281216138615,0.901266007670709,500,4266.568688078975,2.220446049250313e-15
equilibrium_dt2p5e-4,D3,0.5,1e-10,234,450,0.018636604104182657,0.0,0.018636604104182657,-7.965255339148159,0.0,500,4266.568688078975,2.220446049250313e-15
equilibrium_dt2p5e-4,D3,0.5,1e-10,235,448,-0.0016427835656769303,0.018541402096475125,0.01861403582103651,-7.967678737613551,3.318332796106935,500,4266.568688078975,2.220446049250313e-15
equilibrium_dt2p5e-4,D3,0.5,1e-10,236,447,-0.018420458012753816,0.0,0.018420458012753816,-7.988586766987512,6.283185307179586,500,4266.568688078975,2.220446049250313e-15
equilibrium_dt2p5e-4,D3,0.5,1e-10,237,455,0.016580621188527912,0.005716844854013252,0.01753850946010859,-8.086712550236708,0.6640530952860428,500,4266.568688078975,2.220446049250313e-15
equilibrium_dt2p5e-4,D3,0.5,1e-10,238,451,-0.010271818771125159,0.014131140746914605,0.017469957059934333,-8.094545225541657,4.398687623410421,500,4266.568688078975,2.220446049250313e-15
equilibrium_dt2p5e-4,D3,0.5,1e-10,239,453,-0.013395800738893831,0.01025266745027498,0.01686904464639526,-8.164550028708243,4.976661399432126,500,4266.568688078975,2.220446049250313e-15
equilibrium_dt2p5e-4,D3,0.5,1e-10,240,467,-0.016557014356607672,0.0,0.016557014356607672,-8.201890877510095,6.283185307179586,500,4266.568688078975,2.220446049250313e-15
equilibrium_dt2p5e-4,D3,0.5,1e-10,241,468,-0.014242139573381756,0.006816760546683864,0.01578945103474191,-8.2968264359195,5.390368291124325,500,4266.568688078975,2.220446049250313e-15
equilibrium_dt2p5e-4,D3,0.5,1e-10,242,459,0.008922880071489605,0.012485456656597182,0.015346153156213228,-8.353780890144586,1.9005955895099083,500,4266.568688078975,2.220446049250313e-15
equilibrium_dt2p5e-4,D3,0.5,1e-10,243,465,-0.004215447798810952,0.014690919207529926,0.015283753050434693,-8.361929813838197,3.70046211005522,500,4266.568688078975,2.220446049250313e-15
equilibrium_dt2p5e-4,D3,0.5,1e-10,244,457,0.005732796585024273,0.014068132932856591,0.015191356782782444,-8.374057291148965,2.367678447725676,500,4266.568688078975,2.220446049250313e-15
equilibrium_dt2p5e-4,D3,0.5,1e-10,245,463,-0.0025299442213903124,0.014600393997201668,0.014817966211220375,-8.423829802485285,3.4847436314376377,500,4266.568688078975,2.220446049250313e-15
equilibrium_dt2p5e-4,D3,0.5,1e-10,246,474,-0.01398125917941053,0.004368695660958638,0.014647904628988066,-8.446915964973325,5.677473933351567,500,4266.568688078975,2.220446049250313e-15
equilibrium_dt2p5e-4,D3,0.5,1e-10,247,470,-0.008134539956787715,0.011893281784818691,0.014409055899734582,-8.479796776275082,4.34135301172324,500,4266.568688078975,2.220446049250313e-15
equilibrium_dt2p5e-4,D3,0.5,1e-10,248,461,0.013462979764385551,0.003335278080258984,0.013869964095444188,-8.556059266614655,0.48569527932813367,500,4266.568688078975,2.220446049250313e-15
equilibrium_dt2p5e-4,D3,0.5,1e-10,249,472,-0.00023433178768964328,0.013711626971079995,0.013713629190727383,-8.578730218449907,3.17576933861068,500,4266.568688078975,2.220446049250313e-15
equilibrium_dt2p5e-4,D3,0.5,1e-10,250,476,0.006619241888738834,0.009992499879641703,0.011986009220181433,-8.848030415401068,1.9714775693167885,500,4266.568688078975,2.220446049250313e-15
equilibrium_dt2p5e-4,D3,0.5,1e-10,251,478,0.007109369014019266,0.007474180312738146,0.010315352593334838,-9.148243900921972,1.6208164177796027,500,4266.568688078975,2.220446049250313e-15
equilibrium_dt2p5e-4,D3,0.5,1e-10,252,487,-0.009534882398382363,0.002764618012670143,0.00992759261386979,-9.224874531959983,5.718766796985714,500,4266.568688078975,2.220446049250313e-15
equilibrium_dt2p5e-4,D3,0.5,1e-10,253,485,-0.00782010251862852,0.005866981186729636,0.009776270845639435,-9.255594343554323,4.995871429198821,500,4266.568688078975,2.220446049250313e-15
equilibrium_dt2p5e-4,D3,0.5,1e-10,254,489,-0.009595981455666477,0.0,0.009595981455666477,-9.292821733026353,6.283185307179586,500,4266.568688078975,2.220446049250313e-15
equilibrium_dt2p5e-4,D3,0.5,1e-10,255,481,0.0051453622988890165,0.008060171224412813,0.009562484685147516,-9.299815362767932,2.005282318894612,500,4266.568688078975,2.220446049250313e-15
equilibrium_dt2p5e-4,D3,0.5,1e-10,256,480,0.009168696718927899,0.0,0.009168696718927899,-9.383920254499484,0.0,500,4266.568688078975,2.220446049250313e-15
equilibrium_dt2p5e-4,D3,0.5,1e-10,257,483,0.006677959938108932,0.005324057814116448,0.008540535143832748,-9.525863219865299,1.3461336584105923,500,4266.568688078975,2.220446049250313e-15
equilibrium_dt2p5e-4,D3,0.5,1e-10,258,494,-0.004571342633284925,0.0045543475862862785,0.006452848627358309,-10.086467196039248,4.716113636151421,500,4266.568688078975,2.220446049250313e-15
equilibrium_dt2p5e-4,D3,0.5,1e-10,259,490,0.0006216483516230592,0.006142729856192966,0.006174105340795549,-10.174782582093002,2.9398780761807206,500,4266.568688078975,2.220446049250313e-15
equilibrium_dt2p5e-4,D3,0.5,1e-10,260,496,-0.0010840353665198662,0.004203375460125459,0.004340909804943058,-10.879342640728563,3.646385939584405,500,4266.568688078975,2.220446049250313e-15
equilibrium_dt2p5e-4,D3,0.5,1e-10,261,498,-0.0036558946803176753,0.0016997129493399974,0.0040316981563268284,-11.027135226074973,5.412795044986179,500,4266.568688078975,2.220446049250313e-15
equilibrium_dt2p5e-4,D3,0.5,1e-10,262,492,0.003005832490154803,0.0011240496180550882,0.003209130178525018,-11.48351070196397,0.7157104426916059,500,4266.568688078975,2.220446049250313e-15
equilibrium_dt2p5e-4,D3,1.0,1e-10,0,0,1.0,0.0,1.0,0.0,0.0,500,4266.568688078975,0.0
equilibrium_dt2p5e-4,D3,1.0,1e-10,1,1,0.3980274148007091,0.0,0.3980274148007091,-0.9212343946610979,0.0,500,4266.568688078975,0.0
equilibrium_dt2p5e-4,D3,1.0,1e-10,2,2,0.17447971856772862,0.0,0.17447971856772862,-1.7459467700673188,0.0,500,4266.568688078975,0.0
equilibrium_dt2p5e-4,D3,1.0,1e-10,3,3,-0.10230549048512831,0.0,0.10230549048512831,-2.2797919370334006,3.141592653589793,500,4266.568688078975,0.0
equilibrium_dt2p5e-4,D3,1.0,1e-10,4,4,0.09909701805736387,0.011866224191868311,0.09980494108225896,-2.3045375870480163,0.11917606359820915,500,4266.568688078975,0.0
equilibrium_dt2p5e-4,D3,1.0,1e-10,5,6,-0.019086058335331262,0.09773619151556263,0.09958233153901552,-2.3067705243143855,1.7636506621947623,500,4266.568688078975,0.0
equilibrium_dt2p5e-4,D3,1.0,1e-10,6,8,-0.07657800761625,0.060703225028004404,0.09771935723936677,-2.325655610189273,2.4713201045063524,500,4266.568688078975,0.0
equilibrium_dt2p5e-4,D3,1.0,1e-10,7,10,0.02571920037206657,0.08770516940054424,0.0913984354754318,-2.392526918005168,1.285547214869487,500,4266.568688078975,0.0
equilibrium_dt2p5e-4,D3,1.0,1e-10,8,14,0.0900989884041746,0.0089984465746871,0.0905472238791068,-2.40188375355332,0.09954280180402035,500,4266.568688078975,0.0
equilibrium_dt2p5e-4,D3,1.0,1e-10,9,12,0.07304566161493835,0.053420883847146695,0.09049563255635278,-2.4024536884865872,0.6314484133444324,500,4266.568688078975,0.0
equilibrium_dt2p5e-4,D3,1.0,1e-10,10,18,-0.08439341933456601,0.016204096773212134,0.08593498693323648,-2.4541642345075334,2.951894698921865,500,4266.568688078975,0.0
equilibrium_dt2p5e-4,D3,1.0,1e-10,11,16,0.050608455552211655,0.06774713713023123,0.0845629372876944,-2.4702592018870355,0.929205250218549,500,4266.568688078975,0.0
equilibrium_dt2p5e-4,D3,1.0,1e-10,12,22,-0.06332252970936328,0.054222126507286465,0.08336535114641677,-2.484522509822204,2.4334611738001284,500,4266.568688078975,0.0
equilibrium_dt2p5e-4,D3,1.0,1e-10,13,20,0.0759333340972369,0.034009604553758906,0.08320170929149028,-2.4864873869971333,0.42109592804821583,500,4266.568688078975,0.0
equilibrium_dt2p5e-4,D3,1.0,1e-10,14,24,-0.05465751104951784,0.06185214592520635,0.08254169534048345,-2.494451715245624,2.2945213981762005,500,4266.568688078975,0.0
equilibrium_dt2p5e-4,D3,1.0,1e-10,15,26,-0.004836515647323683,0.0801235436022361,0.08026938471787508,-2.522366992024687,1.6310863980748918,500,4266.568688078975,0.0
equilibrium_dt2p5e-4,D3,1.0,1e-10,16,28,-0.017871868546830948,0.07548577569158367,0.07757258547396295,-2.556541194185739,1.803273720207915,500,4266.568688078975,0.0
equilibrium_dt2p5e-4,D3,1.0,1e-10,17,34,0.06860398300548334,0.034472867065822387,0.07677815475742113,-2.5668351225529142,0.4656382253592792,500,4266.568688078975,0.0
equilibrium_dt2p5e-4,D3,1.0,1e-10,18,44,-0.07164417326193168,0.027427682374885395,0.07671483117913566,-2.5676602232113135,2.775973311499912,500,4266.568688078975,0.0
equilibrium_dt2p5e-4,D3,1.0,1e-10,19,36,0.0737633210679297,0.01747422381623776,0.07580485494313971,-2.579592939003095,0.2326078206744334,500,4266.568688078975,0.0
equilibrium_dt2p5e-4,D3,1.0,1e-10,20,30,0.028653455895944945,0.07013276161360754,0.07576031141918549,-2.5801807195110538,1.1829323087058152,500,4266.568688078975,0.0
equilibrium_dt2p5e-4,D3,1.0,1e-10,21,32,0.05044548176488586,0.056451939544112366,0.07570712059498466,-2.5808830596204757,0.8415281284853418,500,4266.568688078975,0.0
equilibrium_dt2p5e-4,D3,1.0,1e-10,22,38,0.07368318191869831,0.010391200346644465,0.07441228623223516,-2.5981342132467495,0.1401014899777974,500,4266.568688078975,0.0
equilibrium_dt2p5e-4,D3,1.0,1e-10,23,40,0.007769425045303898,0.07299391929397653,0.07340624101144366,-2.6117463195724273,1.4647562324626604,500,4266.568688078975,0.0
equilibrium_dt2p5e-4,D3,1.0,1e-10,24,46,-0.040450250172152494,0.060576621966358254,0.07284057844254671,-2.619482082878222,2.159550962749579,500,4266.568688078975,0.0
equilibrium_dt2p5e-4,D3,1.0,1e-10,25,50,-0.05496575008863154,0.045885911296787416,0.07160133056265464,-2.6366416219109046,2.445984033550466,500,4266.568688078975,0.0
equilibrium_dt2p5e-4,D3,1.0,1e-10,26,42,0.05895838054881145,0.03971165738718694,0.07108520499636889,-2.6438760510782937,0.5927556633481077,500,4266.568688078975,0.0
equilibrium_dt2p5e-4,D3,1.0,1e-10,27,54,-0.06351193324331728,0.031836348576505046,0.07104448433895713,-2.6444490581497417,2.6769330614769853,500,4266.568688078975,0.0
equilibrium_dt2p5e-4,D3,1.0,1e-10,28,56,-0.07091455945458165,0.0,0.07091455945458165,-2.646279514557173,3.141592653589793,500,4266.568688078975,0.0
equilibrium_dt2p5e-4,D3,1.0,1e-10,29,59,-0.03432287650862209,0.06015886967820152,0.06926145719507319,-2.669866700739249,2.089270269336039,500,4266.568688078975,0.0
equilibrium_dt2p5e-4,D3,1.0,1e-10,30,57,-0.06791342081018437,0.011388071698318706,0.06886160688763536,-2.6756564857698883,2.9754531899301777,500,4266.568688078975,0.0
equilibrium_dt2p5e-4,D3,1.0,1e-10,31,48,-0.014266897999636496,0.06697495283531871,0.06847765099523491,-2.6812478497925443,1.7806776799183148,500,4266.568688078975,0.0
equilibrium_dt2p5e-4,D3,1.0,1e-10,32,70,0.024549037114302927,0.06279035063325668,0.06741871665855662,-2.6968326043832493,1.1981000568012414,500,4266.568688078975,0.0
equilibrium_dt2p5e-4,D3,1.0,1e-10,33,72,0.06596044546997923,0.01189206520475536,0.06702388814021652,-2.7027061837300246,0.17837465237348862,500,4266.568688078975,0.0
equilibrium_dt2p5e-4,D3,1.0,1e-10,34,74,0.06618562185601394,0.0,0.06618562185601394,-2.715292032136225,0.0,500,4266.568688078975,0.0
equilibrium_dt2p5e-4,D3,1.0,1e-10,35,52,-0.03003288355664376,0.05887489433445279,0.0660925659784813,-2.7166990047355166,2.042502032087883,500,4266.568688078975,0.0
equilibrium_dt2p5e-4,D3,1.0,1e-10,36,61,-0.06587518885028135,0.0,0.06587518885028135,-2.7199934053272803,3.141592653589793,500,4266.568688078975,0.0
equilibrium_dt2p5e-4,D3,1.0,1e-10,37,77,0.06095890759908193,0.023930331071712538,0.0654877787138576,-2.725891738271246,0.3740804725829236,500,4266.568688078975,0.0
equilibrium_dt2p5e-4,D3,1.0,1e-10,38,66,0.0003312963120616952,0.065351101585145,0.06535194133029505,-2.7279681326921597,1.5657268870149674,500,4266.568688078975,0.0
equilibrium_dt2p5e-4,D3,1.0,1e-10,39,68,0.008458034482929928,0.0645685954911429,0.0651202109257431,-2.731520318261416,1.4405449428960044,500,4266.568688078975,0.0
equilibrium_dt2p5e-4,D3,1.0,1e-10,40,64,-0.02463402455723036,0.05988235174629319,0.06475130281741837,-2.737201457872579,1.961069002230132,500,4266.568688078975,0.0
equilibrium_dt2p5e-4,D3,1.0,1e-10,41,75,0.02653852646072294,0.05893659287204903,0.06463602220180441,-2.7389834043824304,1.1477017132245955,500,4266.568688078975,0.0
equilibrium_dt2p5e-4,D3,1.0,1e-10,42,62,-0.06050332377954665,0.022687722778501878,0.06461721870559586,-2.7392743602796936,2.782836816252629,500,4266.568688078975,0.0
equilibrium_dt2p5e-4,D3,1.0,1e-10,43,93,-0.04109861211199533,0.04769697496662288,0.06296107796487366,-2.7652385535952635,2.2820212350211175,500,4266.568688078975,0.0
equilibrium_dt2p5e-4,D3,1.0,1e-10,44,89,0.05130867487417738,0.03591679797663921,0.06263063542898759,-2.770500736735664,0.6107354550445548,500,4266.568688078975,0.0
equilibrium_dt2p5e-4,D3,1.0,1e-10,45,85,0.04179267887526124,0.046167407804360065,0.062274051987523615,-2.776210440952195,0.8350926022699284,500,4266.568688078975,0.0
equilibrium_dt2p5e-4,D3,1.0,1e-10,46,95,-0.0303722155141232,0.05402590074746697,0.06197797533649755,-2.780976193556585,2.082941748438636,500,4266.568688078975,0.0
equilibrium_dt2p5e-4,D3,1.0,1e-10,47,101,-0.04787276533881388,0.03879859467243932,0.061620878034489054,-2.7867545367348505,2.4605107496511107,500,4266.568688078975,0.0
equilibrium_dt2p5e-4,D3,1.0,1e-10,48,91,0.017644008133638287,0.05899383961084263,0.06157584051435855,-2.787485684815211,1.2801817508277153,500,4266.568688078975,0.0
equilibrium_dt2p5e-4,D3,1.0,1e-10,49,81,0.028564825029717876,0.05414460468524519,0.06121754197531842,-2.79332149695178,1.0853402841930302,500,4266.568688078975,0.0
equilibrium_dt2p5e-4,D3,1.0,1e-10,50,87,0.039998664541875506,0.04633423754447875,0.0612107403480931,-2.7934326089775836,0.8586522325905771,500,4266.568688078975,0.0
equilibrium_dt2p5e-4,D3,1.0,1e-10,51,99,-0.01877750885548389,0.05803797348386535,0.061000009876488,-2.7968812528991998,1.8837056253291387,500,4266.568688078975,0.0
equilibrium_dt2p5e-4,D3,1.0,1e-10,52,105,-0.058061362196090226,0.018678398954412853,0.06099183853242814,-2.7970152183104733,2.8303474641370636,500,4266.568688078975,0.0
equilibrium_dt2p5e-4,D3,1.0,1e-10,53,83,0.045686448586423456,0.04016958300694077,0.060834587065183715,-2.7995967855493777,0.7212292143262131,500,4266.568688078975,0.0
equilibrium_dt2p5e-4,D3,1.0,1e-10,54,79,0.055751187444201815,0.023904388665776655,0.0606598277192001,-2.8024736168312394,0.405058805962207,500,4266.568688078975,0.0
equilibrium_dt2p5e-4,D3,1.0,1e-10,55,97,-0.013923499294851118,0.05896452770538988,0.060586131747565886,-2.803689261146876,1.802682177995648,500,4266.568688078975,0.0
equilibrium_dt2p5e-4,D3,1.0,1e-10,56,107,-0.05318305533033093,0.02701418243995392,0.059650678346253164,-2.8192497583946903,2.671607539902936,500,4266.568688078975,0.0
equilibrium_dt2p5e-4,D3,1.0,1e-10,57,115,0.05925070040232623,0.004821675727787322,0.05944656470301842,-2.82267744215719,0.08119860617686277,500,4266.568688078975,0.0
equilibrium_dt2p5e-4,D3,1.0,1e-10,58,103,-0.043971171991092364,0.039901722209102174,0.0593768591416099,-2.823850705258845,2.4046757188746315,500,4266.568688078975,0.0
equilibrium_dt2p5e-4,D3,1.0,1e-10,59,109,-0.05803369251691926,0.012073998384378412,0.05927639415597328,-2.8255441271727486,2.936467362890769,500,4266.568688078975,0.0
equilibrium_dt2p5e-4,D3,1.0,1e-10,60,111,-0.03346657157506085,0.048852101007674814,0.059216038248541526,-2.8265628574228887,2.1714242358858638,500,4266.568688078975,0.0
equilibrium_dt2p5e-4,D3,1.0,1e-10,61,113,0.055284755671878925,0.021056511370784577,0.05915894590683077,-2.8275274589650974,0.36391027560595457,500,4266.568688078975,0.0
equilibrium_dt2p5e-4,D3,1.0,1e-10,62,120,0.013034219750361198,0.05650166496172735,0.057985593279262,-2.8475606910269167,1.3440752143163714,500,4266.568688078975,0.0
equilibrium_dt2p5e-4,D3,1.0,1e-10,63,117,0.05771400763109152,0.0,0.05771400763109152,-2.852255368361075,0.0,500,4266.568688078975,0.0
equilibrium_dt2p5e-4,D3,1.0,1e-10,64,118,0.032646845507068985,0.047318253754460526,0.05748768268015286,-2.8561845683841947,0.9668527157142603,500,4266.568688078975,0.0
equilibrium_dt2p5e-4,D3,1.0,1e-10,65,126,-0.046274373040821194,0.03402463626298255,0.05743686510551691,-2.857068932585353,2.507578883421014,500,4266.568688078975,0.0
equilibrium_dt2p5e-4,D3,1.0,1e-10,66,122,0.008129414411465323,0.056849971894019455,0.05742827424730907,-2.8572185142299196,1.4287615429412401,500,4266.568688078975,0.0
equilibrium_dt2p5e-4,D3,1.0,1e-10,67,128,-0.05733536032575798,0.0012841220010918104,0.057349738560853,-2.8585869940770783,3.119199712335475,500,4266.568688078975,0.0
equilibrium_dt2p5e-4,D3,1.0,1e-10,68,124,-0.0017811738775695717,0.05729488909223643,0.05732256882305441,-2.8590608615508715,1.601874149462307,500,4266.568688078975,0.0
equilibrium_dt2p5e-4,D3,1.0,1e-10,69,130,0.04154306576391868,0.038170307902383814,0.05641629834035601,-2.8749971845582407,0.7431123185141294,500,4266.568688078975,0.0
equilibrium_dt2p5e-4,D3,1.0,1e-10,70,132,0.025606461458753747,0.05022838915541011,0.05637891401566689,-2.8756600553535008,1.0993390363367905,500,4266.568688078975,0.0
equilibrium_dt2p5e-4,D3,1.0,1e-10,71,150,0.055297636996328114,0.010578605501100746,0.05630040454317886,-2.8770535583706764,0.18901927484319847,500,4266.568688078975,0.0
equilibrium_dt2p5e-4,D3,1.0,1e-10,72,134,-0.05391068597943059,0.01603435654010275,0.056244667768846415,-2.878044037611467,2.852500413728544,500,4266.568688078975,0.0
equilibrium_dt2p5e-4,D3,1.0,1e-10,73,136,-0.019470399166769445,0.05249451849931549,0.055989024961936175,-2.882599590276699,1.9259706923359103,500,4266.568688078975,0.0
equilibrium_dt2p5e-4,D3,1.0,1e-10,74,142,0.03496013674812115,0.04362997483080096,0.05590872798753032,-2.8840347752750035,0.8952710497309733,500,4266.568688078975,0.0
equilibrium_dt2p5e-4,D3,1.0,1e-10,75,140,0.02815525730752296,0.04810911144129345,0.055742309942481014,-2.887015816407726,1.041302311807947,500,4266.568688078975,0.0
equilibrium_dt2p5e-4,D3,1.0,1e-10,76,138,-0.02470249020377218,0.04982779681046261,0.05561494724669087,-2.889303278483216,2.031043957598215,500,4266.568688078975,0.0
equilibrium_dt2p5e-4,D3,1.0,1e-10,77,152,0.04793163429990274,0.027295911371179257,0.0551589371203152,-2.8975364952725045,0.5176728746803431,500,4266.568688078975,0.0
equilibrium_dt2p5e-4,D3,1.0,1e-10,78,144,0.013460812758306785,0.053422149482453773,0.05509191896675801,-2.8987522347994394,1.3239638130809277,500,4266.568688078975,0.0
equilibrium_dt2p5e-4,D3,1.0,1e-10,79,146,0.0015235456163951906,0.05494760860497307,0.05496872640557126,-2.9009908662778936,1.5430761875359187,500,4266.568688078975,0.0
equilibrium_dt2p5e-4,D3,1.0,1e-10,80,154,0.05460092065821713,0.005754604447033367,0.054903333314715405,-2.902181216194766,0.10500625489337717,500,4266.568688078975,0.0
equilibrium_dt2p5e-4,D3,1.0,1e-10,81,148,-0.0461439584534131,0.029691031638191794,0.05487096009266122,-2.9027710304761944,2.569840366006354,500,4266.568688078975,0.0
equilibrium_dt2p5e-4,D3,1.0,1e-10,82,156,-0.054161690408325136,0.005093814333314453,0.05440069532965124,-2.9113783434068665,3.047820190090214,500,4266.568688078975,0.0
equilibrium_dt2p5e-4,D3,1.0,1e-10,83,158,0.04916712711367991,0.02227819849526524,0.05397892659924979,-2.919161556746534,0.42543856823920795,500,4266.568688078975,0.0
equilibrium_dt2p5e-4,D3,1.0,1e-10,84,169,-0.04958569304452165,0.021241631271706255,0.053943932502077116,-2.919810058809776,2.736860692709194,500,4266.568688078975,0.0
equilibrium_dt2p5e-4,D3,1.0,1e-10,85,171,-0.04740970607372444,0.025466852764020453,0.05381673364020934,-2.9221708259708743,2.6486566486240717,500,4266.568688078975,0.0
equilibrium_dt2p5e-4,D3,1.0,1e-10,86,175,-0.02612851176706276,0.04691947177317867,0.05370415215451825,-2.9242649591432675,2.078906277811153,500,4266.568688078975,0.0
equilibrium_dt2p5e-4,D3,1.0,1e-10,87,160,0.03895333983416982,0.036842125944248745,0.053616274845686616,-2.9259026218124924,0.757551271411836,500,4266.568688078975,0.0
equilibrium_dt2p5e-4,D3,1.0,1e-10,88,162,0.0511662697412119,0.01495726136001041,0.05330766198795551,-2.931675206022444,0.28440219027696767,500,4266.568688078975,0.0
equilibrium_dt2p5e-4,D3,1.0,1e-10,89,164,0.04495844403050768,0.028137812774056473,0.053037705430685325,-2.936752195151078,0.5592194370530541,500,4266.568688078975,0.0
equilibrium_dt2p5e-4,D3,1.0,1e-10,90,173,-0.052188932373871656,0.009279966002416932,0.053007569566341776,-2.937320553621658,2.9656171138182543,500,4266.568688078975,0.0
equilibrium_dt2p5e-4,D3,1.0,1e-10,91,166,0.007014495890055952,0.052329270375372015,0.05279730760758923,-2.9412950818505785,1.4375452702672549,500,4266.568688078975,0.0
equilibrium_dt2p5e-4,D3,1.0,1e-10,92,177,-0.012485402837081787,0.05110385089264945,0.0526069278713589,-2.944907459330319,1.8104166492119487,500,4266.568688078975,0.0
equilibrium_dt2p5e-4,D3,1.0,1e-10,93,181,-0.03620241990222605,0.03813673951750328,0.05258351555195781,-2.945352600904511,2.330180162568971,500,4266.568688078975,0.0
equilibrium_dt2p5e-4,D3,1.0,1e-10,94,183,-0.02775057679130534,0.04434444297533376,0.052311797283622,-2.9505333638717093,2.129967870305327,500,4266.568688078975,0.0
equilibrium_dt2p5e-4,D3,1.0,1e-10,95,168,-0.052261128544973966,0.0,0.052261128544973966,-2.951502424308944,3.141592653589793,500,4266.568688078975,0.0
equilibrium_dt2p5e-4,D3,1.0,1e-10,96,179,-0.0069982344052219245,0.05166558371049599,0.05213739372980491,-2.9538728577290976,1.7054294654921598,500,4266.568688078975,0.0
equilibrium_dt2p5e-4,D3,1.0,1e-10,97,185,-0.039231950851130154,0.03387602532726531,0.05183368653259203,-2.9597150219205655,2.4293243265778526,500,4266.568688078975,0.0
equilibrium_dt2p5e-4,D3,1.0,1e-10,98,191,0.040777690886607695,0.03088574322015397,0.051154170976617494,-2.9729112458891422,0.6482315333510928,500,4266.568688078975,0.0
equilibrium_dt2p5e-4,D3,1.0,1e-10,99,187,0.01829076883464896,0.04771929317256543,0.05110462958922426,-2.973880187261329,1.2047695361269273,500,4266.568688078975,0.0
equilibrium_dt2p5e-4,D3,1.0,1e-10,100,189,-0.0021342317379876422,0.05100443934755947,0.051049072256705186,-2.9749679077647038,1.612615969294173,500,4266.568688078975,0.0
equilibrium_dt2p5e-4,D3,1.0,1e-10,101,211,-0.05090482847942872,0.0,0.05090482847942872,-2.9777974978534907,3.141592653589793,500,4266.568688078975,0.0
equilibrium_dt2p5e-4,D3,1.0,1e-10,102,193,-0.03072027454690794,0.04026221114402322,0.050643666084154174,-2.9829411087398685,2.2225689088073546,500,4266.568688078975,0.0
equilibrium_dt2p5e-4,D3,1.0,1e-10,103,203,-0.008412084085948542,0.04890588126193522,0.04962407057744835,-3.0032792690680883,1.7411350748684287,500,4266.568688078975,0.0
equilibrium_dt2p5e-4,D3,1.0,1e-10,104,197,0.03549143357141992,0.03465290057559272,0.049603078284078575,-3.003702384998029,0.7734443389692699,500,4266.568688078975,0.0
equilibrium_dt2p5e-4,D3,1.0,1e-10,105,195,0.028973594999366095,0.04013726766242104,0.049502216744223906,-3.005737827698614,0.9455476282044217,500,4266.568688078975,0.0
equilibrium_dt2p5e-4,D3,1.0,1e-10,106,199,0.04434221920616056,0.02147515551419507,0.04926880055862998,-3.0104642469760927,0.451012902741954,500,4266.568688078975,0.0
equilibrium_dt2p5e-4,D3,1.0,1e-10,107,212,-0.04470437254734236,0.020484093983959402,0.04917396700689562,-3.012390921396477,2.711930389442545,500,4266.568688078975,0.0
equilibrium_dt2p5e-4,D3,1.0,1e-10,108,209,-0.02133312125302482,0.04375894073262183,0.04868210098626978,-3.0224438526678084,2.0244057965282285,500,4266.568688078975,0.0
equilibrium_dt2p5e-4,D3,1.0,1e-10,109,205,0.01708661564484315,0.04522498249723226,0.04834512877291323,-3.029389811425947,1.2095611808345663,500,4266.568688078975,0.0
equilibrium_dt2p5e-4,D3,1.0,1e-10,110,214,-0.027118668934258617,0.03969802641588031,0.04807655880033277,-3.0349605636890558,2.1701060002107995,500,4266.568688078975,0.0
equilibrium_dt2p5e-4,D3,1.0,1e-10,111,201,0.046692296871649296,0.011211641135564374,0.04801949066892432,-3.036148294889922,0.23565615007586313,500,4266.568688078975,0.0
equilibrium_dt2p5e-4,D3,1.0,1e-10,112,220,-0.0479196240421931,0.0,0.0479196240421931,-3.0382301707359134,3.141592653589793,500,4266.568688078975,0.0
equilibrium_dt2p5e-4,D3,1.0,1e-10,113,207,0.03786146845008969,0.029325359276466675,0.04789016067931895,-3.038845209458494,0.6590248865388905,500,4266.568688078975,0.0
equilibrium_dt2p5e-4,D3,1.0,1e-10,114,218,-0.04615637064269881,0.012296722902382918,0.047766305541083846,-3.0414347930453163,2.8812257728191173,500,4266.568688078975,0.0
equilibrium_dt2p5e-4,D3,1.0,1e-10,115,223,0.04762199096653494,0.0,0.04762199096653494,-3.044460629336367,0.0,500,4266.568688078975,0.0
equilibrium_dt2p5e-4,D3,1.0,1e-10,116,216,-0.04026115723460367,0.025377829964191592,0.04759196398091699,-3.045091355927442,2.579169445731494,500,4266.568688078975,0.0
equilibrium_dt2p5e-4,D3,1.0,1e-10,117,221,0.0030935262056514114,0.046865010328548715,0.04696700009027647,-3.0583100496165927,1.5048826562576783,500,4266.568688078975,0.0
equilibrium_dt2p5e-4,D3,1.0,1e-10,118,234,0.04644555240892906,0.004699964948307862,0.04668274851683327,-3.0643805933307027,0.10084970403902455,500,4266.568688078975,0.0
equilibrium_dt2p5e-4,D3,1.0,1e-10,119,226,-0.00866298669951693,0.04586391670332881,0.046674898970708985,-3.0645487540835497,1.757481498333532,500,4266.568688078975,0.0
equilibrium_dt2p5e-4,D3,1.0,1e-10,120,228,-0.034525144496486145,0.030448755680143085,0.046033817188804727,-3.078378996309689,2.4188512332006646,500,4266.568688078975,0.0
equilibrium_dt2p5e-4,D3,1.0,1e-10,121,224,0.008604632738330745,0.045102928251217075,0.04591637879227835,-3.080933389133537,1.3822838880104593,500,4266.568688078975,0.0
equilibrium_dt2p5e-4,D3,1.0,1e-10,122,232,-8.37692545661729e-05,0.045907876296719614,0.045907952724587066,-3.081116914950185,1.5726210498783957,500,4266.568688078975,0.0
equilibrium_dt2p5e-4,D3,1.0,1e-10,123,236,0.030469723772141515,0.033937245619119684,0.045608559580007174,-3.0876598699892543,0.8391839181810677,500,4266.568688078975,0.0
equilibrium_dt2p5e-4,D3,1.0,1e-10,124,240,0.04370621895662774,0.010362181843289896,0.04491779589470183,-3.1029212176643153,0.23278893562853958,500,4266.568688078975,0.0
equilibrium_dt2p5e-4,D3,1.0,1e-10,125,238,0.022285149358074016,0.03889473592670556,0.04482664793088846,-3.1049524965105224,1.0504960971974608,500,4266.568688078975,0.0
equilibrium_dt2p5e-4,D3,1.0,1e-10,126,230,-0.03437733842572706,0.028546408673689846,0.044684436277100836,-3.108130019712282,2.4485972035052233,500,4266.568688078975,0.0
equilibrium_dt2p5e-4,D3,1.0,1e-10,127,250,-0.017919700603318642,0.040572380366741496,0.04435350852340916,-3.115563463470358,1.9867034764587364,500,4266.568688078975,0.0
equilibrium_dt2p5e-4,D3,1.0,1e-10,128,246,-0.0439428387054506,0.0009509981189268854,0.04395312811297337,-3.124631483027107,3.1199543225740207,500,4266.568688078975,0.0
equilibrium_dt2p5e-4,D3,1.0,1e-10,129,248,-0.028919080948886094,0.03290423074341014,0.0438064109890756,-3.1279751026971248,2.2918232393069142,500,4266.568688078975,0.0
equilibrium_dt2p5e-4,D3,1.0,1e-10,130,252,-0.02198442571513108,0.03748930057364117,0.04345989681907826,-3.1359166783150183,2.101169695609843,500,4266.568688078975,0.0
equilibrium_dt2p5e-4,D3,1.0,1e-10,131,244,0.006329981896352199,0.04291861264259399,0.043382899649207114,-3.1376899328203653,1.4243639681530538,500,4266.568688078975,0.0
equilibrium_dt2p5e-4,D3,1.0,1e-10,132,242,0.015177886304954933,0.04039171531055162,0.04314926301125882,-3.143089941291287,1.2113531140562042,500,4266.568688078975,0.0
equilibrium_dt2p5e-4,D3,1.0,1e-10,133,265,-0.03927473284967348,0.017364827695577005,0.04294230875617075,-3.147897720949166,2.725296485767816,500,4266.568688078975,0.0
equilibrium_dt2p5e-4,D3,1.0,1e-10,134,256,0.03768561193913991,0.020582385513924262,0.042939957390188965,-3.1479524788424516,0.4998904937796548,500,4266.568688078975,0.0
equilibrium_dt2p5e-4,D3,1.0,1e-10,135,254,0.04118691967467336,0.012124050545138947,0.04293430975233071,-3.148084011560094,0.28628049189461335,500,4266.568688078975,0.0
equilibrium_dt2p5e-4,D3,1.0,1e-10,136,267,-0.04009097901745175,0.01354148493892375,0.042316172002307285,-3.16258594915495,2.815855436432025,500,4266.568688078975,0.0
equilibrium_dt2p5e-4,D3,1.0,1e-10,137,263,-0.012679119837887729,0.04015039199838196,0.042104798509044694,-3.1675935659517296,1.876676300707927,500,4266.568688078975,0.0
equilibrium_dt2p5e-4,D3,1.0,1e-10,138,261,-0.010060920538319505,0.04086761098183694,0.042087809986279145,-3.16799712924071,1.8121795238116998,500,4266.568688078975,0.0
equilibrium_dt2p5e-4,D3,1.0,1e-10,139,259,0.024758029999470927,0.03374416983005989,0.04185246763303959,-3.173604520032507,0.9378103926920008,500,4266.568688078975,0.0
equilibrium_dt2p5e-4,D3,1.0,1e-10,140,269,-0.04040311891996644,0.010749969889246284,0.04180877744063621,-3.174648974877439,2.881549431658485,500,4266.568688078975,0.0
equilibrium_dt2p5e-4,D3,1.0,1e-10,141,258,0.04163355957254628,0.0,0.04163355957254628,-3.178848716445098,0.0,500,4266.568688078975,0.0
equilibrium_dt2p5e-4,D3,1.0,1e-10,142,271,-0.04049310737808754,0.0,0.04049310737808754,-3.206623507548667,3.141592653589793,500,4266.568688078975,0.0
equilibrium_dt2p5e-4,D3,1.0,1e-10,143,280,0.015103928275768157,0.037319583128257776,0.04026015318185577,-3.212393053962634,1.186228848020021,500,4266.568688078975,0.0
equilibrium_dt2p5e-4,D3,1.0,1e-10,144,274,-0.0221792714772654,0.03352527314929671,0.04019781117171921,-3.2139427333042296,2.1552612618466487,500,4266.568688078975,0.0
equilibrium_dt2p5e-4,D3,1.0,1e-10,145,272,-0.03252091173236079,0.022952500605568783,0.03980486131055649,-3.2237662306693338,2.527000245571981,500,4266.568688078975,0.0
equilibrium_dt2p5e-4,D3,1.0,1e-10,146,292,0.03978394258954739,0.0,0.03978394258954739,-3.2242919006245465,0.0,500,4266.568688078975,0.0
equilibrium_dt2p5e-4,D3,1.0,1e-10,147,282,0.01103582156829677,0.03818790404818145,0.03975053928288769,-3.2251318711087262,1.289473241367806,500,4266.568688078975,0.0
equilibrium_dt2p5e-4,D3,1.0,1e-10,148,276,-0.027327851634721748,0.028689871869182888,0.03962221880257964,-3.2283652371954985,2.3318851850846634,500,4266.568688078975,0.0
equilibrium_dt2p5e-4,D3,1.0,1e-10,149,284,0.03308451683366259,0.021699185489438416,0.039565640460151257,-3.2297942025086823,0.5804916142899074,500,4266.568688078975,0.0
equilibrium_dt2p5e-4,D3,1.0,1e-10,150,278,-0.016021807645154623,0.03592903887244383,0.03933947323638072,-3.2355268561367807,1.9902598222792816,500,4266.568688078975,0.0
equilibrium_dt2p5e-4,D3,1.0,1e-10,151,286,0.030842825810183945,0.024330122578460674,0.03928402688931305,-3.236937283201734,0.6679002794432827,500,4266.568688078975,0.0
equilibrium_dt2p5e-4,D3,1.0,1e-10,152,293,0.03853519950937419,0.007459374792357279,0.039250527047673234,-3.2377904068776773,0.19120819911188222,500,4266.568688078975,0.0
equilibrium_dt2p5e-4,D3,1.0,1e-10,153,295,0.035580458305711875,0.014192197706683783,0.038306494083772555,-3.2621358388458814,0.37953720155202664,500,4266.568688078975,0.0
equilibrium_dt2p5e-4,D3,1.0,1e-10,154,290,0.0125499405925132,0.03605865097826657,0.0381801953799094,-3.2654383433610814,1.2358665063219099,500,4266.568688078975,0.0
equilibrium_dt2p5e-4,D3,1.0,1e-10,155,297,0.037763405814139624,0.005102297424242871,0.03810653825380665,-3.26736940386094,0.13429893328676507,500,4266.568688078975,0.0
equilibrium_dt2p5e-4,D3,1.0,1e-10,156,299,-0.029205867513797185,0.024385485564873317,0.038047793674116225,-3.2689121812671638,2.4459000994901094,500,4266.568688078975,0.0
equilibrium_dt2p5e-4,D3,1.0,1e-10,157,288,0.003151037648066378,0.037810499984288114,0.0379415728103275,-3.2717078601334713,1.4876508228762406,500,4266.568688078975,0.0
equilibrium_dt2p5e-4,D3,1.0,1e-10,158,301,-0.023586969497926366,0.029679070353106678,0.03791031979713129,-3.2725319137962194,2.2423181010761333,500,4266.568688078975,0.0
equilibrium_dt2p5e-4,D3,1.0,1e-10,159,303,0.0259976768720276,0.026643747019521134,0.03722591111017432,-3.2907502249513674,0.7976705843168604,500,4266.568688078975,0.0
equilibrium_dt2p5e-4,D3,1.0,1e-10,160,309,-0.0037128123709857987,0.036996629679811856,0.037182463384871106,-3.291918043238916,1.6708168695078884,500,4266.568688078975,0.0
equilibrium_dt2p5e-4,D3,1.0,1e-10,161,315,0.02421363631644292,0.0278672246276739,0.036917237059593155,-3.299076708020171,0.8554356468487412,500,4266.568688078975,0.0
equilibrium_dt2p5e-4,D3,1.0,1e-10,162,305,-0.03098830496827629,0.01951188051273956,0.036619510181736765,-3.3071741155287566,2.5796543251445194,500,4266.568688078975,0.0
equilibrium_dt2p5e-4,D3,1.0,1e-10,163,311,-0.004728203931641551,0.036214205175544883,0.03652156306780492,-3.3098524238480316,1.7006240835018946,500,4266.568688078975,0.0
equilibrium_dt2p5e-4,D3,1.0,1e-10,164,313,0.021032537751729155,0.02978316675831947,0.03646100199434703,-3.311512028092046,0.9559288937858683,500,4266.568688078975,0.0
equilibrium_dt2p5e-4,D3,1.0,1e-10,165,307,-0.03626235108026858,0.0031910968748746025,0.03640248899640642,-3.3131181276550263,3.0538184881660784,500,4266.568688078975,0.0
equilibrium_dt2p5e-4,D3,1.0,1e-10,166,319,0.03132478355602092,0.01844437470927086,0.03635157525125354,-3.314517740281226,0.5321516117691224,500,4266.568688078975,0.0
equilibrium_dt2p5e-4,D3,1.0,1e-10,167,317,0.03283782716704999,0.01528093856545586,0.036219193482106726,-3.3181660939722826,0.43554179775491464,500,4266.568688078975,0.0
equilibrium_dt2p5e-4,D3,1.0,1e-10,168,328,-0.012384291064702664,0.033337652687261334,0.03556360150310619,-3.3364325938499575,1.9264779270974193,500,4266.568688078975,0.0
equilibrium_dt2p5e-4,D3,1.0,1e-10,169,322,-0.030345295512784476,0.017604619586522093,0.03508218337766871,-3.350061873458632,2.6159016455253017,500,4266.568688078975,0.0
equilibrium_dt2p5e-4,D3,1.0,1e-10,170,330,0.006691979844782915,0.03437438694649853,0.03501972404503767,-3.351843832080159,1.3785220689155437,500,4266.568688078975,0.0
equilibrium_dt2p5e-4,D3,1.0,1e-10,171,321,0.03488078589617475,0.0,0.03488078589617475,-3.3558191487681586,0.0,500,4266.568688078975,0.0
equilibrium_dt2p5e-4,D3,1.0,1e-10,172,332,0.03327596867661356,0.010061948377692947,0.034763959735943845,-3.359174068618852,0.2936377732265386,500,4266.568688078975,0.0
equilibrium_dt2p5e-4,D3,1.0,1e-10,173,324,-0.03270766382574231,0.010934149542390352,0.03448690909828144,-3.367175473379459,2.8189729697012518,500,4266.568688078975,0.0
equilibrium_dt2p5e-4,D3,1.0,1e-10,174,326,-0.034314048374645814,0.0024223310672233296,0.0343994419090887,-3.369714938307391,3.071116583869984,500,4266.568688078975,0.0
equilibrium_dt2p5e-4,D3,1.0,1e-10,175,342,0.02560636353398532,0.022334587067632684,0.03397822292169322,-3.382035461878346,0.7172578548095743,500,4266.568688078975,0.0
equilibrium_dt2p5e-4,D3,1.0,1e-10,176,340,0.017941497712503002,0.028686968087223944,0.033835476621515995,-3.386245422755639,1.0118926872754377,500,4266.568688078975,0.0
equilibrium_dt2p5e-4,D3,1.0,1e-10,177,334,-0.0013664945597605832,0.03374173673714655,0.03376939598839103,-3.388200330785748,1.6112728506882994,500,4266.568688078975,0.0
equilibrium_dt2p5e-4,D3,1.0,1e-10,178,344,0.022966906366831824,0.0238551687016243,0.03311416406684269,-3.4077941707023993,0.8043669039923715,500,4266.568688078975,0.0
equilibrium_dt2p5e-4,D3,1.0,1e-10,179,338,-0.014024123067427124,0.02967548484709829,0.03282240741811456,-3.4166438438435254,2.0122705802224603,500,4266.568688078975,0.0
equilibrium_dt2p5e-4,D3,1.0,1e-10,180,346,0.03263111837030175,0.0023850792740240504,0.03271816757154996,-3.4198247721303225,0.07296242222047374,500,4266.568688078975,0.0
equilibrium_dt2p5e-4,D3,1.0,1e-10,181,336,-0.02246517693027133,0.02372829602585975,0.0326759270227981,-3.4211166488628826,2.3288571989138362,500,4266.568688078975,0.0
equilibrium_dt2p5e-4,D3,1.0,1e-10,182,348,-0.03170404985884895,0.007751817456276217,0.03263797560094389,-3.4222787728395816,2.901791846411853,500,4266.568688078975,0.0
equilibrium_dt2p5e-4,D3,1.0,1e-10,183,356,-0.025949906623791513,0.017805493041055734,0.031471149267520926,-3.4586840491089954,2.5402235233913,500,4266.568688078975,0.0
equilibrium_dt2p5e-4,D3,1.0,1e-10,184,358,-0.028547896019312992,0.013202071318769302,0.03145277498465561,-3.4592680649219294,2.7084308817579172,500,4266.568688078975,0.0
equilibrium_dt2p5e-4,D3,1.0,1e-10,185,350,0.000530070264746147,0.031338163540149,0.03134264616388814,-3.4627756115443318,1.5538834109667963,500,4266.568688078975,0.0
equilibrium_dt2p5e-4,D3,1.0,1e-10,186,354,-0.007911393275294033,0.030288103716254927,0.03130430274391977,-3.4639997230270074,1.8262924180944329,500,4266.568688078975,0.0
equilibrium_dt2p5e-4,D3,1.0,1e-10,187,352,0.011131479667132986,0.028644429610087025,0.030731306305899615,-3.4824733946023394,1.2001482871352822,500,4266.568688078975,0.0
equilibrium_dt2p5e-4,D3,1.0,1e-10,188,364,0.02925023408065762,0.004699866898290417,0.029625410421374933,-3.5191228257367326,0.15931619485294593,500,4266.568688078975,0.0
equilibrium_dt2p5e-4,D3,1.0,1e-10,189,378,-0.01286190705995563,0.026345756811925664,0.029317700373870798,-3.529563837035857,2.0249566500773786,500,4266.568688078975,0.0
equilibrium_dt2p5e-4,D3,1.0,1e-10,190,383,-0.02766088147356003,0.009327395571702167,0.029191174557481336,-3.5338888565741184,2.8163613949923736,500,4266.568688078975,0.0
equilibrium_dt2p5e-4,D3,1.0,1e-10,191,382,-0.02917118957685456,0.0,0.02917118957685456,-3.5345737151025327,3.141592653589793,500,4266.568688078975,0.0
equilibrium_dt2p5e-4,D3,1.0,1e-10,192,362,0.014484720631087633,0.025297509060426427,0.02915083354593849,-3.535271771536542,1.0507864270134002,500,4266.568688078975,0.0
equilibrium_dt2p5e-4,D3,1.0,1e-10,193,360,0.008355687440429624,0.02783210906658833,0.02905931533427141,-3.538416181534915,1.2791399622180284,500,4266.568688078975,0.0
equilibrium_dt2p5e-4,D3,1.0,1e-10,194,372,0.01996374422055649,0.021096892594949228,0.029045308751442567,-3.5388982974876657,0.8129881115367895,500,4266.568688078975,0.0
equilibrium_dt2p5e-4,D3,1.0,1e-10,195,370,0.023924107121384503,0.016373276045038628,0.028990465156711723,-3.540788290757785,0.6001683599738125,500,4266.568688078975,0.0
equilibrium_dt2p5e-4,D3,1.0,1e-10,196,380,-0.010162139028918821,0.026806662123779145,0.028668208940593597,-3.5519664725906557,1.9331479684652386,500,4266.568688078975,0.0
equilibrium_dt2p5e-4,D3,1.0,1e-10,197,366,0.027414194639195137,0.008381355514823365,0.02866679591411526,-3.552015762774975,0.29670580958326764,500,4266.568688078975,0.0
equilibrium_dt2p5e-4,D3,1.0,1e-10,198,368,0.025531991901028905,0.012958792302822373,0.028632375178840718,-3.5532172021242148,0.46967027883675805,500,4266.568688078975,0.0
equilibrium_dt2p5e-4,D3,1.0,1e-10,199,385,-0.028215934723993856,0.003896441297318143,0.028483701078548914,-3.558423247280865,3.004366907336617,500,4266.568688078975,0.0
equilibrium_dt2p5e-4,D3,1.0,1e-10,200,374,0.023748833960042216,0.014163116353405222,0.02765141911912929,-3.588078227950038,0.5377468606722886,500,4266.568688078975,0.0
equilibrium_dt2p5e-4,D3,1.0,1e-10,201,376,0.01800786266855668,0.020964011750018958,0.027636441640423434,-3.5886200278629476,0.8611065808825138,500,4266.568688078975,0.0
equilibrium_dt2p5e-4,D3,1.0,1e-10,202,387,-0.01865019511479333,0.020282533370045052,0.0275537826391741,-3.591615451930654,2.314291884382699,500,4266.568688078975,0.0
equilibrium_dt2p5e-4,D3,1.0,1e-10,203,389,-0.016117758729827233,0.02227141442659951,0.027491781445265904,-3.5938681755119104,2.1972500000534883,500,4266.568688078975,0.0
equilibrium_dt2p5e-4,D3,1.0,1e-10,204,391,-0.004691061294580498,0.026645188605359492,0.027054983494444986,-3.6098840579617333,1.7450670115003832,500,4266.568688078975,0.0
equilibrium_dt2p5e-4,D3,1.0,1e-10,205,393,0.0013633055401699786,0.026365286862839437,0.02640051047528574,-3.6343719328317423,1.519133985890221,500,4266.568688078975,0.0
equilibrium_dt2p5e-4,D3,1.0,1e-10,206,399,0.026175684281470567,0.0027532180103057922,0.026320080870230956,-3.637423099952577,0.10479694109268264,500,4266.568688078975,0.0
equilibrium_dt2p5e-4,D3,1.0,1e-10,207,395,-0.001782272554751079,0.025892091753958468,0.02595336029986913,-3.651454186429081,1.639522547228845,500,4266.568688078975,0.0
equilibrium_dt2p5e-4,D3,1.0,1e-10,208,397,0.011506133089832647,0.023234416032564265,0.025927382958085474,-3.6524556117103435,1.1109805228680336,500,4266.568688078975,0.0
equilibrium_dt2p5e-4,D3,1.0,1e-10,209,401,-0.022086202326805672,0.012096139152504936,0.02518167817317502,-3.6816386055186427,2.6405334968095815,500,4266.568688078975,0.0
equilibrium_dt2p5e-4,D3,1.0,1e-10,210,403,-0.024591343240214954,0.0018023187580530975,0.02465730145948043,-3.702682217100797,3.0684326791053382,500,4266.568688078975,0.0
equilibrium_dt2p5e-4,D3,1.0,1e-10,211,422,-0.023427854048147657,0.006885576828258421,0.024418753317054454,-3.7124038633204335,2.855736413826281,500,4266.568688078975,0.0
equilibrium_dt2p5e-4,D3,1.0,1e-10,212,405,-0.013267954740866249,0.02046513797877643,0.024389762104129523,-3.7135918206301053,2.145989500406432,500,4266.568688078975,0.0
equilibrium_dt2p5e-4,D3,1.0,1e-10,213,415,0.02113326463809529,0.01200847055946345,0.0243067529596462,-3.717001067668651,0.516728542132286,500,4266.568688078975,0.0
equilibrium_dt2p5e-4,D3,1.0,1e-10,214,407,-0.0073540135035793115,0.022936145324190853,0.024086267393334915,-3.7261134185972793,1.8810705376122066,500,4266.568688078975,0.0
equilibrium_dt2p5e-4,D3,1.0,1e-10,215,420,-0.017223427000966678,0.01678206172590448,0.024047536951415545,-3.7277227013375596,2.3691729977766838,500,4266.568688078975,0.0
equilibrium_dt2p5e-4,D3,1.0,1e-10,216,424,-0.018543117165987583,0.014469010718911714,0.02352019271637725,-3.7498959622617565,2.478986020516079,500,4266.568688078975,0.0
equilibrium_dt2p5e-4,D3,1.0,1e-10,217,411,0.01625225268662321,0.01688703023814922,0.02343731016251689,-3.7534260750169235,0.8045506578891105,500,4266.568688078975,0.0
equilibrium_dt2p5e-4,D3,1.0,1e-10,218,426,-0.0206037185206401,0.011038337688750274,0.023374304605884057,-3.756117953730807,2.6497596688859333,500,4266.568688078975,0.0
equilibrium_dt2p5e-4,D3,1.0,1e-10,219,409,0.007061708405034762,0.021996432621722906,0.023102181145505163,-3.7678282440285145,1.2601513559328366,500,4266.568688078975,0.0
equilibrium_dt2p5e-4,D3,1.0,1e-10,220,413,0.01739142879981053,0.014516137110742702,0.022653477267668216,-3.787441917084996,0.695527736558918,500,4266.568688078975,0.0
equilibrium_dt2p5e-4,D3,1.0,1e-10,221,418,0.02058223607375446,0.008268043108021034,0.022180824570602727,-3.8085271214388223,0.38197768131888477,500,4266.568688078975,0.0
equilibrium_dt2p5e-4,D3,1.0,1e-10,222,417,0.02135482246299002,0.0,0.02135482246299002,-3.8464776883271043,0.0,500,4266.568688078975,0.0
equilibrium_dt2p5e-4,D3,1.0,1e-10,223,428,0.00042929625481299635,0.02122487841434702,0.021229219462293253,-3.8523767697321465,1.550572996424378,500,4266.568688078975,0.0
equilibrium_dt2p5e-4,D3,1.0,1e-10,224,434,-0.009156250093594309,0.01868354677872682,0.020806533493336155,-3.8724882313406175,2.0264686121090767,500,4266.568688078975,0.0
equilibrium_dt2p5e-4,D3,1.0,1e-10,225,432,-0.007324862366182727,0.01943074616111815,0.02076553647419993,-3.874460566731108,1.9312954334257724,500,4266.568688078975,0.0
equilibrium_dt2p5e-4,D3,1.0,1e-10,226,430,0.009009420225259628,0.018243859518358527,0.020347188083883194,-3.894812554337108,1.1120944624453284,500,4266.568688078975,0.0
equilibrium_dt2p5e-4,D3,1.0,1e-10,227,436,-0.018337109102567736,0.00874958443172213,0.02031759823323876,-3.896267860440825,2.696390114357575,500,4266.568688078975,0.0
equilibrium_dt2p5e-4,D3,1.0,1e-10,228,438,-0.020008235827953545,0.0006936291626359538,0.020020255302124968,-3.9110107528224787,3.1069393489295476,500,4266.568688078975,0.0
equilibrium_dt2p5e-4,D3,1.0,1e-10,229,442,0.01617177867087988,0.008339068839390956,0.018195232740694105,-4.006595656535461,0.4760935327276147,500,4266.568688078975,0.0
equilibrium_dt2p5e-4,D3,1.0,1e-10,230,440,0.005327320806327562,0.017140571189930325,0.017949360091396017,-4.020200814187708,1.2694592973827508,500,4266.568688078975,0.0
equilibrium_dt2p5e-4,D3,1.0,1e-10,231,444,0.01714918263069747,0.0035328476266390445,0.017509296880630725,-4.045023288794407,0.2031645667677051,500,4266.568688078975,0.0
equilibrium_dt2p5e-4,D3,1.0,1e-10,232,451,-0.016356476957241874,0.005245735015383944,0.01717707991203422,-4.064179347068511,2.8312430600364453,500,4266.568688078975,0.0
equilibrium_dt2p5e-4,D3,1.0,1e-10,233,446,0.01707452328396146,0.0,0.01707452328396146,-4.070167792863109,0.0,500,4266.568688078975,0.0
equilibrium_dt2p5e-4,D3,1.0,1e-10,234,447,0.010515549558607616,0.013404395232066357,0.01703685986492159,-4.072376054790261,0.9055874880811384,500,4266.568688078975,0.0
equilibrium_dt2p5e-4,D3,1.0,1e-10,235,449,-0.013559672937633698,0.010022968774775402,0.016861928514725663,-4.082696948920976,2.505055735866205,500,4266.568688078975,0.0
equilibrium_dt2p5e-4,D3,1.0,1e-10,236,455,-0.008093122946763485,0.014339726217644922,0.016465915918297495,-4.106462736501943,2.084616380826514,500,4266.568688078975,0.0
equilibrium_dt2p5e-4,D3,1.0,1e-10,237,457,-0.00043817219061805294,0.015766668854759244,0.015772756310939003,-4.149471111355927,1.5985802195510452,500,4266.568688078975,0.0
equilibrium_dt2p5e-4,D3,1.0,1e-10,238,459,-0.0029509442038393383,0.014945640902917107,0.015234180440480605,-4.184213662511914,1.7657340906668824,500,4266.568688078975,0.0
equilibrium_dt2p5e-4,D3,1.0,1e-10,239,453,0.013465421301088784,0.00641792244254647,0.014916678561072408,-4.205275325539371,0.4447712986632033,500,4266.568688078975,0.0
equilibrium_dt2p5e-4,D3,1.0,1e-10,240,461,-0.009098453156402671,0.010856690073405386,0.014165082745583691,-4.2569753041647465,2.2683119789143444,500,4266.568688078975,0.0
equilibrium_dt2p5e-4,D3,1.0,1e-10,241,463,0.009353299264320766,0.010502382518029442,0.01406357869402215,-4.264166894828875,0.8432054461758842,500,4266.568688078975,0.0
equilibrium_dt2p5e-4,D3,1.0,1e-10,242,471,-0.013971527385482093,0.0,0.013971527385482093,-4.270733778441171,3.141592653589793,500,4266.568688078975,0.0
equilibrium_dt2p5e-4,D3,1.0,1e-10,243,465,0.005752067533827262,0.012420963385074079,0.013688192441920904,-4.2912216833209325,1.1371073430573244,500,4266.568688078975,0.0
equilibrium_dt2p5e-4,D3,1.0,1e-10,244,469,-0.012545117147030025,0.005184055912584289,0.013574034033311795,-4.299596573461058,2.749730857072239,500,4266.568688078975,0.0
equilibrium_dt2p5e-4,D3,1.0,1e-10,245,467,0.0015140409605556948,0.012918192301545898,0.013006614177792778,-4.342297267999602,1.4541263597598177,500,4266.568688078975,0.0
equilibrium_dt2p5e-4,D3,1.0,1e-10,246,474,-0.011491421327586914,0.004699683247244196,0.012415304537245438,-4.388825330540703,2.753374781435096,500,4266.568688078975,0.0
equilibrium_dt2p5e-4,D3,1.0,1e-10,247,472,-0.005808791024166411,0.010833968981970596,0.012292962908295837,-4.398728301604354,2.0629553616574157,500,4266.568688078975,0.0
equilibrium_dt2p5e-4,D3,1.0,1e-10,248,477,0.011746793213374155,0.0013188692296137211,0.01182059925903061,-4.4379115695557685,0.11180660261638968,500,4266.568688078975,0.0
equilibrium_dt2p5e-4,D3,1.0,1e-10,249,476,-0.011085155497117534,0.0,0.011085155497117534,-4.502148408306563,3.141592653589793,500,4266.568688078975,0.0
equilibrium_dt2p5e-4,D3,1.0,1e-10,250,479,0.0063573761113950526,0.007345491878186129,0.00971455001295659,-4.634130516015333,0.8573837068019549,500,4266.568688078975,0.0
equilibrium_dt2p5e-4,D3,1.0,1e-10,251,485,0.009551985016838634,0.0,0.009551985016838634,-4.651006290922041,0.0,500,4266.568688078975,0.0
equilibrium_dt2p5e-4,D3,1.0,1e-10,252,483,0.008167255263890998,0.004560704313419946,0.009354361676779582,-4.671912554958797,0.5092796355755387,500,4266.568688078975,0.0
equilibrium_dt2p5e-4,D3,1.0,1e-10,253,481,0.002424063921047243,0.008631753765390276,0.00896567113827248,-4.7143523126777085,1.297017216990874,500,4266.568688078975,0.0
equilibrium_dt2p5e-4,D3,1.0,1e-10,254,486,0.008762197312254418,0.0,0.008762197312254418,-4.737308570755369,0.0,500,4266.568688078975,0.0
equilibrium_dt2p5e-4,D3,1.0,1e-10,255,487,-0.0034207252775040557,0.006812911838204725,0.007623459132133213,-4.876525057941494,2.0361180981271856,500,4266.568688078975,0.0
equilibrium_dt2p5e-4,D3,1.0,1e-10,256,489,-0.006457806297101857,0.0,0.006457806297101857,-5.0424656013507905,3.141592653589793,500,4266.568688078975,0.0
equilibrium_dt2p5e-4,D3,1.0,1e-10,257,490,-0.003839720512420695,0.0037758548279221895,0.005385214322108968,-5.224098169331243,2.3645804865906017,500,4266.568688078975,0.0
equilibrium_dt2p5e-4,D3,1.0,1e-10,258,492,0.004871589029829374,0.0,0.004871589029829374,-5.324335105615794,0.0,500,4266.568688078975,0.0
equilibrium_dt2p5e-4,D3,1.0,1e-10,259,493,0.0026364063976090906,0.0034633878943741456,0.004352665206543173,-5.436966930340792,0.9201518599859995,500,4266.568688078975,0.0
equilibrium_dt2p5e-4,D3,1.0,1e-10,260,495,-0.0005179472991481228,0.0042157182328819275,0.004247416817754994,-5.4614442884227845,1.6930446638431167,500,4266.568688078975,0.0
equilibrium_dt2p5e-4,D3,1.0,1e-10,261,497,-0.0026307174351724986,0.0,0.0026307174351724986,-5.940498680953656,3.141592653589793,500,4266.568688078975,0.0
equilibrium_dt2p5e-4,D3,1.0,1e-10,262,498,0.00013530269361961068,0.0007479492966871074,0.0007600887904156071,-7.182075302013711,1.3918334976444353,500,4266.568688078975,0.0
equilibrium_dt2p5e-4,D3,0.5,1e-08,0,0,1.0000000000000022,0.0,1.0000000000000022,4.4408920985006214e-15,0.0,500,4266.568688078975,2.220446049250313e-15
equilibrium_dt2p5e-4,D3,0.5,1e-08,1,1,0.6247653110553072,0.0,0.6247653110553072,-0.9407584041517817,0.0,500,4266.568688078975,2.220446049250313e-15
equilibrium_dt2p5e-4,D3,0.5,1e-08,2,2,0.4080755797074764,0.0,0.4080755797074764,-1.7926057547050551,0.0,500,4266.568688078975,2.220446049250313e-15
equilibrium_dt2p5e-4,D3,0.5,1e-08,3,3,0.341018102454975,0.0,0.341018102454975,-2.1516394334588527,0.0,500,4266.568688078975,2.220446049250313e-15
equilibrium_dt2p5e-4,D3,0.5,1e-08,4,4,0.28030259975177474,0.0,0.28030259975177474,-2.5437710919280434,0.0,500,4266.568688078975,2.220446049250313e-15
equilibrium_dt2p5e-4,D3,0.5,1e-08,5,5,0.2390054675333079,0.0,0.2390054675333079,-2.862537701207786,0.0,500,4266.568688078975,2.220446049250313e-15
equilibrium_dt2p5e-4,D3,0.5,1e-08,6,6,0.18454134492084612,0.1229360922941225,0.22174036793904645,-3.0124961906257215,1.1753187424392508,500,4266.568688078975,2.220446049250313e-15
equilibrium_dt2p5e-4,D3,0.5,1e-08,7,8,0.05778119580255414,0.17005267886261607,0.1796011697532205,-3.4340332200653676,2.4865027285065,500,4266.568688078975,2.220446049250313e-15
equilibrium_dt2p5e-4,D3,0.5,1e-08,8,10,-0.17285195661781286,0.0,0.17285195661781286,-3.51063958586842,6.283185307179586,500,4266.568688078975,2.220446049250313e-15
equilibrium_dt2p5e-4,D3,0.5,1e-08,9,11,0.16476119662489072,0.0,0.16476119662489072,-3.606516293208882,0.0,500,4266.568688078975,2.220446049250313e-15
equilibrium_dt2p5e-4,D3,0.5,1e-08,10,12,0.11110500745466048,0.1113613758568959,0.157307592678297,-3.699104402615743,1.573101109071958,500,4266.568688078975,2.220446049250313e-15
equilibrium_dt2p5e-4,D3,0.5,1e-08,11,14,-0.0992128088322024,0.11381013551744953,0.15098320563186943,-3.7811733386674438,4.575553551666125,500,4266.568688078975,2.220446049250313e-15
equilibrium_dt2p5e-4,D3,0.5,1e-08,12,16,-0.07431094518198886,0.1290481680130552,0.14891456020606672,-3.808765117882839,4.1865215517321435,500,4266.568688078975,2.220446049250313e-15
equilibrium_dt2p5e-4,D3,0.5,1e-08,13,18,-0.14723504768506576,0.0,0.14723504768506576,-3.8314500106821057,6.283185307179586,500,4266.568688078975,2.220446049250313e-15
equilibrium_dt2p5e-4,D3,0.5,1e-08,14,19,-0.1360111993468853,0.0481411463755597,0.14427964625036768,-3.8720037495540636,5.6028067232069,500,4266.568688078975,2.220446049250313e-15
equilibrium_dt2p5e-4,D3,0.5,1e-08,15,21,-0.10548338014373723,0.09524998499144267,0.14212425242518686,-3.902107173812732,4.814260869334222,500,4266.568688078975,2.220446049250313e-15
equilibrium_dt2p5e-4,D3,0.5,1e-08,16,23,0.13285113322939504,0.048555519332355586,0.1414463221790133,-3.911669964855842,0.7008111574384631,500,4266.568688078975,2.220446049250313e-15
equilibrium_dt2p5e-4,D3,0.5,1e-08,17,25,0.11912136114669414,0.07518087976879623,0.14086185915375152,-3.9199511823187767,1.1259883115080178,500,4266.568688078975,2.220446049250313e-15
equilibrium_dt2p5e-4,D3,0.5,1e-08,18,27,0.029740417023908783,0.1292738110566643,0.13265070911936408,-4.04007170524052,2.689346550493556,500,4266.568688078975,2.220446049250313e-15
equilibrium_dt2p5e-4,D3,0.5,1e-08,19,34,-0.06751981751149119,0.10002457343091262,0.12068074016520243,-4.229213462844061,4.329136361127199,500,4266.568688078975,2.220446049250313e-15
equilibrium_dt2p5e-4,D3,0.5,1e-08,20,38,-0.11890326665176618,0.0,0.11890326665176618,-4.258890003440556,6.283185307179586,500,4266.568688078975,2.220446049250313e-15
equilibrium_dt2p5e-4,D3,0.5,1e-08,21,31,0.037336425796685335,0.11288587605873049,0.11890008286295872,-4.258943556745236,2.5027543689617633,500,4266.568688078975,2.220446049250313e-15
equilibrium_dt2p5e-4,D3,0.5,1e-08,22,29,0.09475177929873753,0.06776242036551991,0.11648882046818954,-4.2999199444548735,1.2416526705539261,500,4266.568688078975,2.220446049250313e-15
equilibrium_dt2p5e-4,D3,0.5,1e-08,23,33,0.11558215033514782,0.0,0.11558215033514782,-4.315547487063279,0.0,500,4266.568688078975,2.220446049250313e-15
equilibrium_dt2p5e-4,D3,0.5,1e-08,24,39,-0.034571991381479754,0.1037314862500471,0.10934095219872937,-4.426568553898992,3.7850040364678446,500,4266.568688078975,2.220446049250313e-15
equilibrium_dt2p5e-4,D3,0.5,1e-08,25,36,0.10851558580654574,0.004812795566662447,0.10862225998433414,-4.439757840509604,0.08864429224842935,500,4266.568688078975,2.220446049250313e-15
equilibrium_dt2p5e-4,D3,0.5,1e-08,26,41,-0.018998520565547468,0.10072579229192555,0.10250184884437773,-4.555748886120448,3.5144447834674137,500,4266.568688078975,2.220446049250313e-15
equilibrium_dt2p5e-4,D3,0.5,1e-08,27,47,-0.10084319720681642,0.0,0.10084319720681642,-4.5883769428501715,6.283185307179586,500,4266.568688078975,2.220446049250313e-15
equilibrium_dt2p5e-4,D3,0.5,1e-08,28,52,-0.09084775771828793,0.035081478415530255,0.09738596002638193,-4.658146452593977,5.546153487649872,500,4266.568688078975,2.220446049250313e-15
equilibrium_dt2p5e-4,D3,0.5,1e-08,29,56,-0.0804705677352125,0.048414277868652024,0.09391195117326906,-4.730795250652186,5.199936916455543,500,4266.568688078975,2.220446049250313e-15
equilibrium_dt2p5e-4,D3,0.5,1e-08,30,43,0.08964568058173412,0.027883051260225326,0.09388190770613183,-4.73143517503678,0.6031014773165652,500,4266.568688078975,2.220446049250313e-15
equilibrium_dt2p5e-4,D3,0.5,1e-08,31,48,0.015663682831257436,0.09249537136563309,0.09381228429104904,-4.732918937907337,2.8060845427277568,500,4266.568688078975,2.220446049250313e-15
equilibrium_dt2p5e-4,D3,0.5,1e-08,32,45,0.06427490850571126,0.06320382690075858,0.09014425992995122,-4.812688007590717,1.5539926395207773,500,4266.568688078975,2.220446049250313e-15
equilibrium_dt2p5e-4,D3,0.5,1e-08,33,66,-0.08946095944607872,0.0,0.08946095944607872,-4.827905912347586,6.283185307179586,500,4266.568688078975,2.220446049250313e-15
equilibrium_dt2p5e-4,D3,0.5,1e-08,34,50,0.0438623199722253,0.07760725322996853,0.0891447635436111,-4.834987347981609,2.112741771038197,500,4266.568688078975,2.220446049250313e-15
equilibrium_dt2p5e-4,D3,0.5,1e-08,35,58,0.021265342473117003,0.08369431452293259,0.08635365119068515,-4.898608383324479,2.6439561976502786,500,4266.568688078975,2.220446049250313e-15
equilibrium_dt2p5e-4,D3,0.5,1e-08,36,60,0.0012299350197767364,0.08612249754862325,0.0861312795920593,-4.903765279543016,3.11303213924086,500,4266.568688078975,2.220446049250313e-15
equilibrium_dt2p5e-4,D3,0.5,1e-08,37,67,-0.05648509149406751,0.06494253678150265,0.08607031221454935,-4.905181465756343,4.573313400852574,500,4266.568688078975,2.220446049250313e-15
equilibrium_dt2p5e-4,D3,0.5,1e-08,38,54,0.04896473825515703,0.06988054137397275,0.08532781290479415,-4.922509635570559,1.919212130092675,500,4266.568688078975,2.220446049250313e-15
equilibrium_dt2p5e-4,D3,0.5,1e-08,39,71,-0.06557123583927611,0.05130089292169503,0.08325484120490043,-4.97169799840193,4.955390493184524,500,4266.568688078975,2.220446049250313e-15
equilibrium_dt2p5e-4,D3,0.5,1e-08,40,73,-0.08156479359276635,0.012125102641700806,0.08246110396970414,-4.990857127701836,5.988034619334263,500,4266.568688078975,2.220446049250313e-15
equilibrium_dt2p5e-4,D3,0.5,1e-08,41,64,0.02234099567613264,0.07915969222354399,0.08225191159314893,-4.995937296705278,2.5914476058939706,500,4266.568688078975,2.220446049250313e-15
equilibrium_dt2p5e-4,D3,0.5,1e-08,42,69,-0.0348094825461308,0.07448725926883534,0.08221953459192093,-4.996724716099884,4.015921824843513,500,4266.568688078975,2.220446049250313e-15
equilibrium_dt2p5e-4,D3,0.5,1e-08,43,77,-0.07569322028444903,0.026556865606485056,0.0802167732327288,-5.04604528684839,5.608323963188028,500,4266.568688078975,2.220446049250313e-15
equilibrium_dt2p5e-4,D3,0.5,1e-08,44,62,0.07775333440205137,0.01321584315496848,0.07886849511011322,-5.079946864783732,0.3367247219798433,500,4266.568688078975,2.220446049250313e-15
equilibrium_dt2p5e-4,D3,0.5,1e-08,45,75,-0.03793111799639967,0.06771565542624315,0.07761558929920258,-5.111973957876612,4.16280201543706,500,4266.568688078975,2.220446049250313e-15
equilibrium_dt2p5e-4,D3,0.5,1e-08,46,79,-0.06735021541343354,0.03695223071554177,0.07682134385111035,-5.132545525423311,5.279560791688401,500,4266.568688078975,2.220446049250313e-15
equilibrium_dt2p5e-4,D3,0.5,1e-08,47,97,0.06490934447201707,0.03667132716118867,0.0745520572187643,-5.1925152859953565,1.0285158011111752,500,4266.568688078975,2.220446049250313e-15
equilibrium_dt2p5e-4,D3,0.5,1e-08,48,83,-0.07429494500667322,0.005345834449338222,0.07448702437004938,-5.194260676590871,6.139524466036816,500,4266.568688078975,2.220446049250313e-15
equilibrium_dt2p5e-4,D3,0.5,1e-08,49,99,0.07295655950838223,0.006767273215753781,0.07326974520275593,-5.22721501665498,0.18498581562850885,500,4266.568688078975,2.220446049250313e-15
equilibrium_dt2p5e-4,D3,0.5,1e-08,50,81,-0.06188036924290732,0.03802551398010913,0.07263002004054539,-5.2447538868750945,5.181158475306594,500,4266.568688078975,2.220446049250313e-15
equilibrium_dt2p5e-4,D3,0.5,1e-08,51,85,-0.041055893742923046,0.05922899621677561,0.07206705491330284,-5.2603165502670475,4.353850325368326,500,4266.568688078975,2.220446049250313e-15
equilibrium_dt2p5e-4,D3,0.5,1e-08,52,101,0.05595060259376863,0.04540181142045559,0.07205410752250312,-5.260675897655474,1.3633824969627155,500,4266.568688078975,2.220446049250313e-15
equilibrium_dt2p5e-4,D3,0.5,1e-08,53,103,0.05806228592653112,0.0420196958455132,0.07167205791634347,-5.271308631224594,1.25291155318048,500,4266.568688078975,2.220446049250313e-15
equilibrium_dt2p5e-4,D3,0.5,1e-08,54,87,-0.011925219114838804,0.07063731646176107,0.0716368712874585,-5.2722907508953645,3.4760850686008693,500,4266.568688078975,2.220446049250313e-15
equilibrium_dt2p5e-4,D3,0.5,1e-08,55,105,0.07049897163954684,0.0,0.07049897163954684,-5.30431431188679,0.0,500,4266.568688078975,2.220446049250313e-15
equilibrium_dt2p5e-4,D3,0.5,1e-08,56,93,0.036848725505272545,0.05972532715466836,0.0701779400887137,-5.313442522171604,2.0359847200985746,500,4266.568688078975,2.220446049250313e-15
equilibrium_dt2p5e-4,D3,0.5,1e-08,57,106,0.0676978087866275,0.018183031641903834,0.07009718934594493,-5.315745161335483,0.5247964738329628,500,4266.568688078975,2.220446049250313e-15
equilibrium_dt2p5e-4,D3,0.5,1e-08,58,91,0.01786517396400858,0.06729876926243442,0.06962965449435088,-5.3291294641256295,2.6226404734916917,500,4266.568688078975,2.220446049250313e-15
equilibrium_dt2p5e-4,D3,0.5,1e-08,59,108,0.04880666726715266,0.04935130801649198,0.0694092383812502,-5.335470604886656,1.5818934415950308,500,4266.568688078975,2.220446049250313e-15
equilibrium_dt2p5e-4,D3,0.5,1e-08,60,89,-0.027223234749918165,0.06371158074509123,0.06928398105830402,-5.339083106132416,3.9492077511201336,500,4266.568688078975,2.220446049250313e-15
equilibrium_dt2p5e-4,D3,0.5,1e-08,61,95,0.02899732376612571,0.062454898469614904,0.06885825388758726,-5.3514103576402245,2.2722415112116563,500,4266.568688078975,2.220446049250313e-15
equilibrium_dt2p5e-4,D3,0.5,1e-08,62,112,0.05902735872796892,0.0346757263380441,0.06845900288107659,-5.363040421943806,1.0622835271664905,500,4266.568688078975,2.220446049250313e-15
equilibrium_dt2p5e-4,D3,0.5,1e-08,63,110,0.063579000081977,0.024947569900727634,0.06829839306583811,-5.367738080537457,0.7478524463967204,500,4266.568688078975,2.220446049250313e-15
equilibrium_dt2p5e-4,D3,0.5,1e-08,64,114,-0.012749187271967308,0.06648783035146269,0.06769913855390315,-5.3853636472143025,3.520497742285745,500,4266.568688078975,2.220446049250313e-15
equilibrium_dt2p5e-4,D3,0.5,1e-08,65,130,-0.06685680890221626,0.0062029719590558285,0.06714394803489214,-5.401832972274303,6.098155097599617,500,4266.568688078975,2.220446049250313e-15
equilibrium_dt2p5e-4,D3,0.5,1e-08,66,116,-0.00110111582893845,0.06712263526618413,0.06713166630693689,-5.402198838498031,3.174398787233736,500,4266.568688078975,2.220446049250313e-15
equilibrium_dt2p5e-4,D3,0.5,1e-08,67,132,-0.06342903109404874,0.019746226718624315,0.06643158477074827,-5.4231653226772565,5.679580678602953,500,4266.568688078975,2.220446049250313e-15
equilibrium_dt2p5e-4,D3,0.5,1e-08,68,118,0.0056035448192439915,0.06551157859018734,0.06575079196420047,-5.443767125827816,2.9709376658942266,500,4266.568688078975,2.220446049250313e-15
equilibrium_dt2p5e-4,D3,0.5,1e-08,69,126,-0.039039490656207015,0.05267938899189423,0.06556828391269198,-5.449326353770851,4.41712460204072,500,4266.568688078975,2.220446049250313e-15
equilibrium_dt2p5e-4,D3,0.5,1e-08,70,120,0.058447428978161055,0.029467377661498515,0.06545554445883528,-5.452768154642679,0.9339543748794672,500,4266.568688078975,2.220446049250313e-15
equilibrium_dt2p5e-4,D3,0.5,1e-08,71,124,-0.03216964681885604,0.05697121667031114,0.06542633800959269,-5.453660759460903,4.169657649780417,500,4266.568688078975,2.220446049250313e-15
equilibrium_dt2p5e-4,D3,0.5,1e-08,72,122,0.038903911967620476,0.05092246308757117,0.06408284960337994,-5.495157015489584,1.8368116003981356,500,4266.568688078975,2.220446049250313e-15
equilibrium_dt2p5e-4,D3,0.5,1e-08,73,128,0.06350824653179422,0.007607798364525767,0.06396230118982926,-5.498922826171808,0.23844832154912796,500,4266.568688078975,2.220446049250313e-15
equilibrium_dt2p5e-4,D3,0.5,1e-08,74,138,-0.061976522012960084,0.015201888318626556,0.06381368731921797,-5.503575153713417,5.802113770425838,500,4266.568688078975,2.220446049250313e-15
equilibrium_dt2p5e-4,D3,0.5,1e-08,75,136,-0.060490526517910564,0.020186909593479546,0.0637700173855187,-5.504944292053011,5.638987949396349,500,4266.568688078975,2.220446049250313e-15
equilibrium_dt2p5e-4,D3,0.5,1e-08,76,134,-0.05332437208625536,0.03425963226190358,0.06338147253822898,-5.517167383010099,5.141049740939511,500,4266.568688078975,2.220446049250313e-15
equilibrium_dt2p5e-4,D3,0.5,1e-08,77,140,0.046985304962822855,0.04183858423459454,0.06291332142880973,-5.531994700556147,1.4550397999807552,500,4266.568688078975,2.220446049250313e-15
equilibrium_dt2p5e-4,D3,0.5,1e-08,78,142,0.058531435188820216,0.02264057193681067,0.06275766409681738,-5.5369491428545725,0.7381692788814197,500,4266.568688078975,2.220446049250313e-15
equilibrium_dt2p5e-4,D3,0.5,1e-08,79,160,-0.04210490273300785,0.04573036249262438,0.062161796047595655,-5.5560293587911564,4.629884465224136,500,4266.568688078975,2.220446049250313e-15
equilibrium_dt2p5e-4,D3,0.5,1e-08,80,148,0.02079366067699218,0.0582892054588892,0.061887056783939,-5.564888439922597,2.4562725369882865,500,4266.568688078975,2.220446049250313e-15
equilibrium_dt2p5e-4,D3,0.5,1e-08,81,154,0.0008283925011899054,0.0609973238412384,0.06100294869864028,-5.593666153310323,3.114432721789465,500,4266.568688078975,2.220446049250313e-15
equilibrium_dt2p5e-4,D3,0.5,1e-08,82,150,0.02771444937285986,0.05391199028377686,0.06061842459515805,-5.606312791785569,2.191914925563666,500,4266.568688078975,2.220446049250313e-15
equilibrium_dt2p5e-4,D3,0.5,1e-08,83,156,-0.0072971231235810195,0.06005913352503071,0.06050080599180616,-5.610197183710933,3.3834053705758773,500,4266.568688078975,2.220446049250313e-15
equilibrium_dt2p5e-4,D3,0.5,1e-08,84,144,0.05209517185112218,0.03054444322851687,0.06038931977045314,-5.613886029338495,1.0605999503323806,500,4266.568688078975,2.220446049250313e-15
equilibrium_dt2p5e-4,D3,0.5,1e-08,85,168,-0.060364053136299195,0.00040072582898849774,0.060365383227740474,-5.614678927418052,6.269908533280826,500,4266.568688078975,2.220446049250313e-15
equilibrium_dt2p5e-4,D3,0.5,1e-08,86,166,-0.055391766117709795,0.023931272334692347,0.060340314460535206,-5.6155096675751714,5.467554081171168,500,4266.568688078975,2.220446049250313e-15
equilibrium_dt2p5e-4,D3,0.5,1e-08,87,152,0.01761948833508995,0.057638921352744614,0.06027181450643617,-5.617781411289528,2.5482599888101025,500,4266.568688078975,2.220446049250313e-15
equilibrium_dt2p5e-4,D3,0.5,1e-08,88,170,-0.04704042032206086,0.03709683835592471,0.05990806757091872,-5.629888197882362,4.9476633790911695,500,4266.568688078975,2.220446049250313e-15
equilibrium_dt2p5e-4,D3,0.5,1e-08,89,162,-0.03242847363461363,0.05033245503361981,0.05987455162238956,-5.631007423680881,4.2862877326741415,500,4266.568688078975,2.220446049250313e-15
equilibrium_dt2p5e-4,D3,0.5,1e-08,90,164,-0.02784019793701587,0.052505597527233515,0.05942991160067507,-5.645915234115117,4.116673508209501,500,4266.568688078975,2.220446049250313e-15
equilibrium_dt2p5e-4,D3,0.5,1e-08,91,172,-0.04052431830226636,0.04283307339285869,0.058965180828531506,-5.661616329470614,4.65700900878359,500,4266.568688078975,2.220446049250313e-15
equilibrium_dt2p5e-4,D3,0.5,1e-08,92,158,0.0040988479842309815,0.05875453495493379,0.05889733383242717,-5.663918910704133,3.0022938589335433,500,4266.568688078975,2.220446049250313e-15
equilibrium_dt2p5e-4,D3,0.5,1e-08,93,174,-0.010997631261358807,0.05732987857064136,0.05837519053746463,-5.681728597946625,3.5206492034068098,500,4266.568688078975,2.220446049250313e-15
equilibrium_dt2p5e-4,D3,0.5,1e-08,94,176,-0.05722569593595514,0.009728433839035041,0.05804672859270257,-5.6930138548368845,5.946402766986222,500,4266.568688078975,2.220446049250313e-15
equilibrium_dt2p5e-4,D3,0.5,1e-08,95,146,0.056364877728162274,0.010971746645233085,0.057422806146668476,-5.714627469877576,0.38450320236675783,500,4266.568688078975,2.220446049250313e-15
equilibrium_dt2p5e-4,D3,0.5,1e-08,96,178,0.04523153908304088,0.03384281891441389,0.05649095962978913,-5.747349320369121,1.284712706739471,500,4266.568688078975,2.220446049250313e-15
equilibrium_dt2p5e-4,D3,0.5,1e-08,97,182,-0.025144519887154708,0.05053064666691874,0.05644105892816421,-5.749116780315723,4.065059100296483,500,4266.568688078975,2.220446049250313e-15
equilibrium_dt2p5e-4,D3,0.5,1e-08,98,184,0.0022208400686984367,0.05639446166376638,0.056438173579207475,-5.749219025835764,3.062872402398139,500,4266.568688078975,2.220446049250313e-15
equilibrium_dt2p5e-4,D3,0.5,1e-08,99,180,0.04249434719925578,0.0370102356803664,0.05635181531243837,-5.752281648130276,1.433057389223694,500,4266.568688078975,2.220446049250313e-15
equilibrium_dt2p5e-4,D3,0.5,1e-08,100,186,0.05267247482861123,0.018602923850320693,0.05586106318672707,-5.769775371172627,0.6790119337641042,500,4266.568688078975,2.220446049250313e-15
equilibrium_dt2p5e-4,D3,0.5,1e-08,101,188,0.05471185737682904,0.008584267991258514,0.0553811971211189,-5.787030289969422,0.3112615757157485,500,4266.568688078975,2.220446049250313e-15
equilibrium_dt2p5e-4,D3,0.5,1e-08,102,192,0.013443809947296357,0.05316570255180051,0.05483910970945418,-5.806703317495542,2.646243749146902,500,4266.568688078975,2.220446049250313e-15
equilibrium_dt2p5e-4,D3,0.5,1e-08,103,194,-0.05145027816906099,0.018807746037642358,0.05478012810034498,-5.808855553397907,5.5822617663790535,500,4266.568688078975,2.220446049250313e-15
equilibrium_dt2p5e-4,D3,0.5,1e-08,104,190,0.03441755234940481,0.04258142149712191,0.05475166998767778,-5.809894817385327,1.782058430696477,500,4266.568688078975,2.220446049250313e-15
equilibrium_dt2p5e-4,D3,0.5,1e-08,105,198,0.028466320050770953,0.04576810050362665,0.05389851946893342,-5.841304539106566,2.0287597725802513,500,4266.568688078975,2.220446049250313e-15
equilibrium_dt2p5e-4,D3,0.5,1e-08,106,200,0.053353332703365036,0.0021812895396368243,0.053397903840990704,-5.859967575400949,0.081722183516313,500,4266.568688078975,2.220446049250313e-15
equilibrium_dt2p5e-4,D3,0.5,1e-08,107,208,-0.05290593685846394,0.0022656101668899965,0.05295442516258758,-5.876647275902041,6.197590876737604,500,4266.568688078975,2.220446049250313e-15
equilibrium_dt2p5e-4,D3,0.5,1e-08,108,196,-0.03547910075826276,0.03905656074641608,0.05276534400488118,-5.883801334629385,4.616469346635946,500,4266.568688078975,2.220446049250313e-15
equilibrium_dt2p5e-4,D3,0.5,1e-08,109,210,-0.047161599426610225,0.022442720112916308,0.052229226938015655,-5.904226075507281,5.394871856805638,500,4266.568688078975,2.220446049250313e-15
equilibrium_dt2p5e-4,D3,0.5,1e-08,110,202,0.030605870641463008,0.04180194887691903,0.051808515203878594,-5.9204015141027275,1.8776169978908426,500,4266.568688078975,2.220446049250313e-15
equilibrium_dt2p5e-4,D3,0.5,1e-08,111,212,-0.042938482873552494,0.028845313991351623,0.05172780152627818,-5.923519789757113,5.100113590544887,500,4266.568688078975,2.220446049250313e-15
equilibrium_dt2p5e-4,D3,0.5,1e-08,112,204,0.04386658456691574,0.02697587142407182,0.05149732886912121,-5.932450678553144,1.1026831831962578,500,4266.568688078975,2.220446049250313e-15
equilibrium_dt2p5e-4,D3,0.5,1e-08,113,222,0.02124803442804831,0.04686825977289338,0.051459816762158626,-5.9339080658337435,2.2903091334016406,500,4266.568688078975,2.220446049250313e-15
equilibrium_dt2p5e-4,D3,0.5,1e-08,114,214,-0.03755988814100358,0.03517554143666539,0.05145934232505567,-5.933926505047867,4.777927692275673,500,4266.568688078975,2.220446049250313e-15
equilibrium_dt2p5e-4,D3,0.5,1e-08,115,224,0.04703125919835066,0.020778230835760896,0.051416672572684126,-5.935585579997876,0.8320214468547288,500,4266.568688078975,2.220446049250313e-15
equilibrium_dt2p5e-4,D3,0.5,1e-08,116,206,0.03909634320312091,0.033384518727517035,0.051410603405563665,-5.935821671718474,1.4135121996848825,500,4266.568688078975,2.220446049250313e-15
equilibrium_dt2p5e-4,D3,0.5,1e-08,117,218,-0.008757531037639862,0.05039584333943195,0.051151103368038825,-5.945942431189003,3.4857060390027477,500,4266.568688078975,2.220446049250313e-15
equilibrium_dt2p5e-4,D3,0.5,1e-08,118,216,-0.020348050942750544,0.04671609367267554,0.050955240998379815,-5.953615318162066,3.96316856695121,500,4266.568688078975,2.220446049250313e-15
equilibrium_dt2p5e-4,D3,0.5,1e-08,119,226,0.0503569965848047,0.006333655402975381,0.05075374169266411,-5.961539871687485,0.25023615963628765,500,4266.568688078975,2.220446049250313e-15
equilibrium_dt2p5e-4,D3,0.5,1e-08,120,220,-0.014119329691758286,0.04867487212162682,0.050681344171216405,-5.964394802331042,3.7062445759032263,500,4266.568688078975,2.220446049250313e-15
equilibrium_dt2p5e-4,D3,0.5,1e-08,121,230,-0.04666877264966553,0.01915562740685121,0.05044712481377188,-5.973659049227708,5.504204726017829,500,4266.568688078975,2.220446049250313e-15
equilibrium_dt2p5e-4,D3,0.5,1e-08,122,233,-0.03574550661091391,0.034944340949094,0.049988480745441925,-5.991925370375748,4.735055074290755,500,4266.568688078975,2.220446049250313e-15
equilibrium_dt2p5e-4,D3,0.5,1e-08,123,228,0.04845691797993669,0.012077813224448232,0.04993942803435947,-5.99388889450515,0.4885424532333074,500,4266.568688078975,2.220446049250313e-15
equilibrium_dt2p5e-4,D3,0.5,1e-08,124,232,-0.049931960589950274,0.0,0.049931960589950274,-5.994187976936104,6.283185307179586,500,4266.568688078975,2.220446049250313e-15
equilibrium_dt2p5e-4,D3,0.5,1e-08,125,235,-0.0004764320508624662,0.049556894446030675,0.0495591845638537,-6.009175351740808,3.160819741113285,500,4266.568688078975,2.220446049250313e-15
equilibrium_dt2p5e-4,D3,0.5,1e-08,126,237,0.007020443153416586,0.048654576495058506,0.0491584625063056,-6.02541254014459,2.854987717144816,500,4266.568688078975,2.220446049250313e-15
equilibrium_dt2p5e-4,D3,0.5,1e-08,127,245,0.011443274233521174,0.04748555155821583,0.048844919203245116,-6.038209828048933,2.668641651204718,500,4266.568688078975,2.220446049250313e-15
equilibrium_dt2p5e-4,D3,0.5,1e-08,128,253,-0.04756191114130534,0.010640519107121995,0.04873762446285676,-6.042607941875272,5.8429950018506265,500,4266.568688078975,2.220446049250313e-15
equilibrium_dt2p5e-4,D3,0.5,1e-08,129,239,-0.03052622386126172,0.03792957079742654,0.0486878083723724,-6.044653243327928,4.496930675694087,500,4266.568688078975,2.220446049250313e-15
equilibrium_dt2p5e-4,D3,0.5,1e-08,130,243,0.028471871008446253,0.0393945190764645,0.04860633263256473,-6.048002910965117,1.8899462979373058,500,4266.568688078975,2.220446049250313e-15
equilibrium_dt2p5e-4,D3,0.5,1e-08,131,241,0.042047781533957544,0.0243378214784823,0.048583386936749226,-6.048947278181877,1.0493909312879128,500,4266.568688078975,2.220446049250313e-15
equilibrium_dt2p5e-4,D3,0.5,1e-08,132,255,-0.04823518237583478,0.0,0.04823518237583478,-6.06333319876257,6.283185307179586,500,4266.568688078975,2.220446049250313e-15
equilibrium_dt2p5e-4,D3,0.5,1e-08,133,251,-0.04156456375744383,0.02404971772934288,0.048020848422405886,-6.07224004048006,5.234097550500103,500,4266.568688078975,2.220446049250313e-15
equilibrium_dt2p5e-4,D3,0.5,1e-08,134,247,-0.004623451775259633,0.04760357753447642,0.047827574686566114,-6.080305859051788,3.335233381860992,500,4266.568688078975,2.220446049250313e-15
equilibrium_dt2p5e-4,D3,0.5,1e-08,135,249,-0.02000199467319453,0.0433029876984829,0.04769935570342081,-6.085674776889753,4.0070173395374376,500,4266.568688078975,2.220446049250313e-15
equilibrium_dt2p5e-4,D3,0.5,1e-08,136,270,-0.045014929274062004,0.014716856923190028,0.0473595791286879,-6.099972350173507,5.651227192704078,500,4266.568688078975,2.220446049250313e-15
equilibrium_dt2p5e-4,D3,0.5,1e-08,137,272,-0.0466309242838746,0.007705031729454573,0.04726320570507621,-6.104046356539107,5.9556757560494225,500,4266.568688078975,2.220446049250313e-15
equilibrium_dt2p5e-4,D3,0.5,1e-08,138,256,0.042676059557775134,0.019999393207253115,0.04712983967760863,-6.10969787951604,0.8764806265041774,500,4266.568688078975,2.220446049250313e-15
equilibrium_dt2p5e-4,D3,0.5,1e-08,139,262,0.017188451042635097,0.04355289995747996,0.046821981418467565,-6.122804995797651,2.3898091368803374,500,4266.568688078975,2.220446049250313e-15
equilibrium_dt2p5e-4,D3,0.5,1e-08,140,268,-0.013097756296661637,0.04488884846107208,0.046760666549652954,-6.125425775564825,3.709393378630967,500,4266.568688078975,2.220446049250313e-15
equilibrium_dt2p5e-4,D3,0.5,1e-08,141,258,0.03321224522100491,0.03254721732847299,0.0465013396414234,-6.13654831462167,1.5505709418370706,500,4266.568688078975,2.220446049250313e-15
equilibrium_dt2p5e-4,D3,0.5,1e-08,142,266,0.012291533198245245,0.04476642364060054,0.046423210508680715,-6.139911436682595,2.6056591793168002,500,4266.568688078975,2.220446049250313e-15
equilibrium_dt2p5e-4,D3,0.5,1e-08,143,260,0.03616797460792738,0.02819606198632192,0.045860007618579696,-6.164323670850982,1.3243382143752747,500,4266.568688078975,2.220446049250313e-15
equilibrium_dt2p5e-4,D3,0.5,1e-08,144,274,-0.03768511291861209,0.026090847952033466,0.04583557660316572,-6.165389415344545,5.07205456528802,500,4266.568688078975,2.220446049250313e-15
equilibrium_dt2p5e-4,D3,0.5,1e-08,145,276,-0.028006136496138256,0.0357752445639222,0.04543359775594238,-6.183006817902582,4.469966434481672,500,4266.568688078975,2.220446049250313e-15
equilibrium_dt2p5e-4,D3,0.5,1e-08,146,278,-0.024211732751364155,0.03820091606340169,0.045227403097088614,-6.192104225274644,4.271397145209196,500,4266.568688078975,2.220446049250313e-15
equilibrium_dt2p5e-4,D3,0.5,1e-08,147,280,-0.040788599066316406,0.018931268767416125,0.04496779682102352,-6.2036173431879025,5.414098822984189,500,4266.568688078975,2.220446049250313e-15
equilibrium_dt2p5e-4,D3,0.5,1e-08,148,284,-0.020694066500232634,0.039010499404757815,0.04415952277962999,-6.239893367384774,4.11705020571617,500,4266.568688078975,2.220446049250313e-15
equilibrium_dt2p5e-4,D3,0.5,1e-08,149,264,0.0441312730960008,0.0014212673544458086,0.044154153439587285,-6.240136561430325,0.06438863804290328,500,4266.568688078975,2.220446049250313e-15
equilibrium_dt2p5e-4,D3,0.5,1e-08,150,282,0.005045988818591448,0.043744630939865,0.04403469926344841,-6.245554672474229,2.911905704951531,500,4266.568688078975,2.220446049250313e-15
equilibrium_dt2p5e-4,D3,0.5,1e-08,151,286,0.041413548482218156,0.012118187968878617,0.043150115614423425,-6.286140364190752,0.5693340714392834,500,4266.568688078975,2.220446049250313e-15
equilibrium_dt2p5e-4,D3,0.5,1e-08,152,288,0.019104941806166707,0.038551109890119284,0.043025421266700795,-6.291928291450023,2.2213909791732767,500,4266.568688078975,2.220446049250313e-15
equilibrium_dt2p5e-4,D3,0.5,1e-08,153,290,0.0013820544508824912,0.041929241056651974,0.041952012229355976,-6.342457759785191,3.0756933325665265,500,4266.568688078975,2.220446049250313e-15
equilibrium_dt2p5e-4,D3,0.5,1e-08,154,292,0.021390233001775782,0.03581088468287472,0.04171284609853911,-6.353892275402179,2.0647128527069456,500,4266.568688078975,2.220446049250313e-15
equilibrium_dt2p5e-4,D3,0.5,1e-08,155,294,0.03213834475995664,0.02628323355417246,0.04151724424830012,-6.363292827992546,1.3710199771388805,500,4266.568688078975,2.220446049250313e-15
equilibrium_dt2p5e-4,D3,0.5,1e-08,156,317,-0.04063879149717235,0.0057411954738086765,0.0410423281481342,-6.386302701945863,6.002495285166916,500,4266.568688078975,2.220446049250313e-15
equilibrium_dt2p5e-4,D3,0.5,1e-08,157,307,-0.005315171356807367,0.04027127242971298,0.04062051734850734,-6.406963973221943,3.4040441002015935,500,4266.568688078975,2.220446049250313e-15
equilibrium_dt2p5e-4,D3,0.5,1e-08,158,311,-0.009730240945399059,0.03886796912350862,0.04006740087204984,-6.434384442246886,3.6321915534152316,500,4266.568688078975,2.220446049250313e-15
equilibrium_dt2p5e-4,D3,0.5,1e-08,159,298,0.03354944124457116,0.021812144373089405,0.04001667964706003,-6.436917841216719,1.1529602816895166,500,4266.568688078975,2.220446049250313e-15
equilibrium_dt2p5e-4,D3,0.5,1e-08,160,302,0.03989698668125478,0.0,0.03989698668125478,-6.44290895942259,0.0,500,4266.568688078975,2.220446049250313e-15
equilibrium_dt2p5e-4,D3,0.5,1e-08,161,296,0.026253229904767403,0.030005090279601694,0.03986900454136799,-6.444312171022208,1.7039788667629145,500,4266.568688078975,2.220446049250313e-15
equilibrium_dt2p5e-4,D3,0.5,1e-08,162,309,0.009085058047029162,0.03880337912815358,0.03985273530739282,-6.445128472032793,2.6816168708167565,500,4266.568688078975,2.220446049250313e-15
equilibrium_dt2p5e-4,D3,0.5,1e-08,163,319,-0.027567262087449206,0.028525502113281014,0.03966936109660595,-6.454352300080893,4.6782260418903805,500,4266.568688078975,2.220446049250313e-15
equilibrium_dt2p5e-4,D3,0.5,1e-08,164,300,0.038990115849676814,0.007165773122614033,0.03964312599197996,-6.455675426188565,0.3635121810544825,500,4266.568688078975,2.220446049250313e-15
equilibrium_dt2p5e-4,D3,0.5,1e-08,165,325,-0.03934745868046076,0.0024115407929677746,0.03942128909113342,-6.466898552685785,6.160761740262126,500,4266.568688078975,2.220446049250313e-15
equilibrium_dt2p5e-4,D3,0.5,1e-08,166,321,-0.023884712269991885,0.031142591230154698,0.039247171474500034,-6.475751803388855,4.450110980815719,500,4266.568688078975,2.220446049250313e-15
equilibrium_dt2p5e-4,D3,0.5,1e-08,167,315,0.003341058547171109,0.038814345661936055,0.03895787598650469,-6.490548638988279,2.969860103470727,500,4266.568688078975,2.220446049250313e-15
equilibrium_dt2p5e-4,D3,0.5,1e-08,168,303,0.03520153077715329,0.016296531909682686,0.03879078139633406,-6.499145306921115,0.8671408335616437,500,4266.568688078975,2.220446049250313e-15
equilibrium_dt2p5e-4,D3,0.5,1e-08,169,305,0.03633032502917406,0.013146393407126075,0.038635737036328936,-6.507155201741707,0.6943976376550444,500,4266.568688078975,2.220446049250313e-15
equilibrium_dt2p5e-4,D3,0.5,1e-08,170,313,0.015394248357074524,0.03539514322605212,0.03859791505343307,-6.509114036259868,2.3210977323113466,500,4266.568688078975,2.220446049250313e-15
equilibrium_dt2p5e-4,D3,0.5,1e-08,171,327,-0.03251128852521501,0.0207644866876577,0.03857651862171716,-6.510223026957704,5.146425188450608,500,4266.568688078975,2.220446049250313e-15
equilibrium_dt2p5e-4,D3,0.5,1e-08,172,329,-0.03609722255298444,0.013410840397797339,0.03850792277200734,-6.513782545147174,5.571752841323482,500,4266.568688078975,2.220446049250313e-15
equilibrium_dt2p5e-4,D3,0.5,1e-08,173,323,-0.015599688049173388,0.03493833756190151,0.03826274557348049,-6.5265571132138325,3.9814583337269465,500,4266.568688078975,2.220446049250313e-15
equilibrium_dt2p5e-4,D3,0.5,1e-08,174,331,-0.010394836456839102,0.03545176954616961,0.03694429034261114,-6.59668833481718,3.7120255629109757,500,4266.568688078975,2.220446049250313e-15
equilibrium_dt2p5e-4,D3,0.5,1e-08,175,339,-0.03668034174410495,0.0,0.03668034174410495,-6.611028629462939,6.283185307179586,500,4266.568688078975,2.220446049250313e-15
equilibrium_dt2p5e-4,D3,0.5,1e-08,176,333,0.020677502732589878,0.030005343321566697,0.03644008434542035,-6.624171783909478,1.934809551761486,500,4266.568688078975,2.220446049250313e-15
equilibrium_dt2p5e-4,D3,0.5,1e-08,177,335,0.02722494988510312,0.023871138709642078,0.036208136648291485,-6.636942832234848,1.4397096892075878,500,4266.568688078975,2.220446049250313e-15
equilibrium_dt2p5e-4,D3,0.5,1e-08,178,337,-0.006991725239387599,0.03541884693157524,0.03610233981039797,-6.6427952021024375,3.5313837203134324,500,4266.568688078975,2.220446049250313e-15
equilibrium_dt2p5e-4,D3,0.5,1e-08,179,342,0.03605583529906534,0.0,0.03605583529906534,-6.645373123049064,0.0,500,4266.568688078975,2.220446049250313e-15
equilibrium_dt2p5e-4,D3,0.5,1e-08,180,345,-0.03445961137003535,0.009689449688673073,0.03579595299811413,-6.659840873421873,5.734974972563129,500,4266.568688078975,2.220446049250313e-15
equilibrium_dt2p5e-4,D3,0.5,1e-08,181,340,0.011912967873591522,0.03340946874187616,0.03546986615666352,-6.67814356725473,2.4565529076479855,500,4266.568688078975,2.220446049250313e-15
equilibrium_dt2p5e-4,D3,0.5,1e-08,182,343,0.034615101735182834,0.004978594908944643,0.03497129787989613,-6.706455229001472,0.2856952614442172,500,4266.568688078975,2.220446049250313e-15
equilibrium_dt2p5e-4,D3,0.5,1e-08,183,347,-0.028305336089709657,0.020481917149023417,0.03493853146958068,-6.708330010446065,5.030397297346737,500,4266.568688078975,2.220446049250313e-15
equilibrium_dt2p5e-4,D3,0.5,1e-08,184,355,0.003606006208862686,0.03422030775163057,0.03440977685767031,-6.738829088008571,2.931615159749262,500,4266.568688078975,2.220446049250313e-15
equilibrium_dt2p5e-4,D3,0.5,1e-08,185,357,-0.034306662965901,0.0002244955102867544,0.03430739748348834,-6.744788555982287,6.270097919099515,500,4266.568688078975,2.220446049250313e-15
equilibrium_dt2p5e-4,D3,0.5,1e-08,186,349,-0.02278049563072374,0.025493214520121512,0.03418852099390024,-6.751730669415316,4.600117980400592,500,4266.568688078975,2.220446049250313e-15
equilibrium_dt2p5e-4,D3,0.5,1e-08,187,353,-0.019016542367831388,0.028340679694884893,0.03412950350057245,-6.755186126943272,4.323583253293711,500,4266.568688078975,2.220446049250313e-15
equilibrium_dt2p5e-4,D3,0.5,1e-08,188,361,0.02201603454263219,0.02566029707194609,0.033810599267136615,-6.7739618757328595,1.7233747546443035,500,4266.568688078975,2.220446049250313e-15
equilibrium_dt2p5e-4,D3,0.5,1e-08,189,351,-0.015746215616650284,0.029094267056094032,0.03308201447580482,-6.81753102717751,4.133737584977771,500,4266.568688078975,2.220446049250313e-15
equilibrium_dt2p5e-4,D3,0.5,1e-08,190,363,0.008733909438765999,0.03185562827940899,0.03303123108756995,-6.820603536947064,2.6064008210660012,500,4266.568688078975,2.220446049250313e-15
equilibrium_dt2p5e-4,D3,0.5,1e-08,191,365,0.03113152666359969,0.010090728064552981,0.03272605606056397,-6.8391673938972115,0.6268934814016872,500,4266.568688078975,2.220446049250313e-15
equilibrium_dt2p5e-4,D3,0.5,1e-08,192,375,-0.029332093270764113,0.014335672112318112,0.03264786655444273,-6.843951536581449,5.373992343476004,500,4266.568688078975,2.220446049250313e-15
equilibrium_dt2p5e-4,D3,0.5,1e-08,193,359,-0.02248681135096809,0.02296331139957446,0.032139856178394044,-6.875316787061021,4.691421706247591,500,4266.568688078975,2.220446049250313e-15
equilibrium_dt2p5e-4,D3,0.5,1e-08,194,367,0.008788257286867818,0.03086264992714886,0.032089509604634456,-6.878452211704081,2.586769751775061,500,4266.568688078975,2.220446049250313e-15
equilibrium_dt2p5e-4,D3,0.5,1e-08,195,373,0.019161325238574584,0.025285537504526803,0.0317256172799091,-6.901261616726876,1.8446465262194143,500,4266.568688078975,2.220446049250313e-15
equilibrium_dt2p5e-4,D3,0.5,1e-08,196,371,0.016586839604747047,0.027006532391060167,0.031693469987727554,-6.903289226793183,2.0400328413937356,500,4266.568688078975,2.220446049250313e-15
equilibrium_dt2p5e-4,D3,0.5,1e-08,197,369,0.026450169535582997,0.017186357786684987,0.03154334101570458,-6.912785547160752,1.1524180544207243,500,4266.568688078975,2.220446049250313e-15
equilibrium_dt2p5e-4,D3,0.5,1e-08,198,379,0.03117937989854388,0.00026514419462285866,0.03118050724894745,-6.935924294154569,0.017007253155690495,500,4266.568688078975,2.220446049250313e-15
equilibrium_dt2p5e-4,D3,0.5,1e-08,199,377,-0.030269827606821627,0.006305778066984017,0.03091965880110512,-6.952726180433816,5.872422139250912,500,4266.568688078975,2.220446049250313e-15
equilibrium_dt2p5e-4,D3,0.5,1e-08,200,381,0.019859037421256012,0.02226111699848857,0.029831840327395887,-7.024357977026965,1.6847313567157953,500,4266.568688078975,2.220446049250313e-15
equilibrium_dt2p5e-4,D3,0.5,1e-08,201,385,0.011180531845628363,0.02700269852331848,0.029225845067206116,-7.065403712282165,2.3564696452313187,500,4266.568688078975,2.220446049250313e-15
equilibrium_dt2p5e-4,D3,0.5,1e-08,202,383,-0.008107458000409358,0.028076146771569374,0.029223293667331667,-7.065578318781512,3.7038316112608154,500,4266.568688078975,2.220446049250313e-15
equilibrium_dt2p5e-4,D3,0.5,1e-08,203,387,-0.023351681241027336,0.017553340453148658,0.029213366424407392,-7.066257840369788,4.994015340512534,500,4266.568688078975,2.220446049250313e-15
equilibrium_dt2p5e-4,D3,0.5,1e-08,204,389,0.02866455187088875,0.005280321333552082,0.029146840778108987,-7.070817500336872,0.3643372381965666,500,4266.568688078975,2.220446049250313e-15
equilibrium_dt2p5e-4,D3,0.5,1e-08,205,391,-0.0260969598143296,0.012359422996757526,0.028875710352535274,-7.089509018978351,5.3985805049068105,500,4266.568688078975,2.220446049250313e-15
equilibrium_dt2p5e-4,D3,0.5,1e-08,206,395,0.00119452130498894,0.028176609305671577,0.028201918252355292,-7.136730560436742,3.0568552430736946,500,4266.568688078975,2.220446049250313e-15
equilibrium_dt2p5e-4,D3,0.5,1e-08,207,397,-0.026495202677145377,0.009593420228383843,0.028178528644721246,-7.1383899732483185,5.588391384786969,500,4266.568688078975,2.220446049250313e-15
equilibrium_dt2p5e-4,D3,0.5,1e-08,208,393,-0.0042792025160389435,0.02779896889153056,0.028126397664926056,-7.14209344987874,3.447062659771797,500,4266.568688078975,2.220446049250313e-15
equilibrium_dt2p5e-4,D3,0.5,1e-08,209,406,0.02600712529098321,0.009110191848515067,0.027556599235349213,-7.183026470788499,0.6738769765996703,500,4266.568688078975,2.220446049250313e-15
equilibrium_dt2p5e-4,D3,0.5,1e-08,210,401,-0.0027140980916755438,0.026902968844621053,0.02703952775301166,-7.2209109854307405,3.3426816969599815,500,4266.568688078975,2.220446049250313e-15
equilibrium_dt2p5e-4,D3,0.5,1e-08,211,403,0.01678945218282102,0.02102670820941993,0.026907399776331435,-7.230707891162389,1.7939631184121432,500,4266.568688078975,2.220446049250313e-15
equilibrium_dt2p5e-4,D3,0.5,1e-08,212,399,-0.02220238126905085,0.015009465779024907,0.026799809644622846,-7.238720988606263,5.094272070081861,500,4266.568688078975,2.220446049250313e-15
equilibrium_dt2p5e-4,D3,0.5,1e-08,213,408,0.024169155535450078,0.010949267562244227,0.026533649192042746,-7.258683141296094,0.8507358009730243,500,4266.568688078975,2.220446049250313e-15
equilibrium_dt2p5e-4,D3,0.5,1e-08,214,405,0.02650556333223147,0.0,0.02650556333223147,-7.260801261916648,0.0,500,4266.568688078975,2.220446049250313e-15
equilibrium_dt2p5e-4,D3,0.5,1e-08,215,415,-0.023891895344526563,0.008186928573462251,0.025255661991339343,-7.357409822234847,5.62293356383478,500,4266.568688078975,2.220446049250313e-15
equilibrium_dt2p5e-4,D3,0.5,1e-08,216,410,0.0062804165072094225,0.02432194467769666,0.025119725802822082,-7.36820370586893,2.6361922570826044,500,4266.568688078975,2.220446049250313e-15
equilibrium_dt2p5e-4,D3,0.5,1e-08,217,417,-0.0146915213031718,0.020326919288074934,0.025080359765072422,-7.371340437240888,4.3932718086126945,500,4266.568688078975,2.220446049250313e-15
equilibrium_dt2p5e-4,D3,0.5,1e-08,218,421,-0.009709122449586056,0.022467317416425405,0.024475445054819092,-7.42016981334582,3.9574052760360043,500,4266.568688078975,2.220446049250313e-15
equilibrium_dt2p5e-4,D3,0.5,1e-08,219,412,0.01930921774049829,0.014860314207348515,0.024365443318172933,-7.429178815950809,1.311851222480825,500,4266.568688078975,2.220446049250313e-15
equilibrium_dt2p5e-4,D3,0.5,1e-08,220,419,-0.024315096324748802,0.0014886511348107792,0.024360623790925105,-7.4295744585749315,6.160891295388728,500,4266.568688078975,2.220446049250313e-15
equilibrium_dt2p5e-4,D3,0.5,1e-08,221,414,0.0242124906628623,0.0,0.0242124906628623,-7.441773271764086,0.0,500,4266.568688078975,2.220446049250313e-15
equilibrium_dt2p5e-4,D3,0.5,1e-08,222,423,-0.007222645508313925,0.023015419214671207,0.024122108733811477,-7.449252968339426,3.749762389868789,500,4266.568688078975,2.220446049250313e-15
equilibrium_dt2p5e-4,D3,0.5,1e-08,223,425,-0.020869054865832105,0.011324174790396341,0.023743512496607545,-7.480891887707031,5.28885082405084,500,4266.568688078975,2.220446049250313e-15
equilibrium_dt2p5e-4,D3,0.5,1e-08,224,427,-0.010968186108910122,0.020349895749313767,0.02311751205315199,-7.534329702252269,4.130279017196392,500,4266.568688078975,2.220446049250313e-15
equilibrium_dt2p5e-4,D3,0.5,1e-08,225,429,0.013704275581660545,0.017799362593042996,0.022463848244161456,-7.5916960133486215,1.8293222400394422,500,4266.568688078975,2.220446049250313e-15
equilibrium_dt2p5e-4,D3,0.5,1e-08,226,435,-0.019250135688344758,0.01055557842251528,0.021954224191566292,-7.6375914237826095,5.280052889706326,500,4266.568688078975,2.220446049250313e-15
equilibrium_dt2p5e-4,D3,0.5,1e-08,227,431,0.005495814490371275,0.02074976812205899,0.021465247588411143,-7.682640085709922,2.6237600452985745,500,4266.568688078975,2.220446049250313e-15
equilibrium_dt2p5e-4,D3,0.5,1e-08,228,433,0.02049014370360084,0.006253373511477932,0.021423133974007327,-7.686567828040586,0.5924216689760445,500,4266.568688078975,2.220446049250313e-15
equilibrium_dt2p5e-4,D3,0.5,1e-08,229,437,0.014601774045954086,0.015310447316269791,0.02115706979506782,-7.71156232015006,1.6181709910624336,500,4266.568688078975,2.220446049250313e-15
equilibrium_dt2p5e-4,D3,0.5,1e-08,230,439,-0.014759425098277108,0.014870834433787904,0.020951905545529368,-7.731051359846268,4.704869045543847,500,4266.568688078975,2.220446049250313e-15
equilibrium_dt2p5e-4,D3,0.5,1e-08,231,441,0.0031439899191175475,0.02009754214340754,0.02034197317905898,-7.790137766560583,2.831234994958914,500,4266.568688078975,2.220446049250313e-15
equilibrium_dt2p5e-4,D3,0.5,1e-08,232,445,0.019801956137644385,0.004443172106385532,0.020294315589449045,-7.794828904743127,0.44144936177807265,500,4266.568688078975,2.220446049250313e-15
equilibrium_dt2p5e-4,D3,0.5,1e-08,233,443,0.017904844822484663,0.008663008765540933,0.019890479858190823,-7.8350281216138615,0.901266007670709,500,4266.568688078975,2.220446049250313e-15
equilibrium_dt2p5e-4,D3,0.5,1e-08,234,450,0.018636604104182657,0.0,0.018636604104182657,-7.965255339148159,0.0,500,4266.568688078975,2.220446049250313e-15
equilibrium_dt2p5e-4,D3,0.5,1e-08,235,448,-0.0016427835656769303,0.018541402096475125,0.01861403582103651,-7.967678737613551,3.318332796106935,500,4266.568688078975,2.220446049250313e-15
equilibrium_dt2p5e-4,D3,0.5,1e-08,236,447,-0.018420458012753816,0.0,0.018420458012753816,-7.988586766987512,6.283185307179586,500,4266.568688078975,2.220446049250313e-15
equilibrium_dt2p5e-4,D3,0.5,1e-08,237,455,0.016580621188527912,0.005716844854013252,0.01753850946010859,-8.086712550236708,0.6640530952860428,500,4266.568688078975,2.220446049250313e-15
equilibrium_dt2p5e-4,D3,0.5,1e-08,238,451,-0.010271818771125159,0.014131140746914605,0.017469957059934333,-8.094545225541657,4.398687623410421,500,4266.568688078975,2.220446049250313e-15
equilibrium_dt2p5e-4,D3,0.5,1e-08,239,453,-0.013395800738893831,0.01025266745027498,0.01686904464639526,-8.164550028708243,4.976661399432126,500,4266.568688078975,2.220446049250313e-15
equilibrium_dt2p5e-4,D3,0.5,1e-08,240,467,-0.016557014356607672,0.0,0.016557014356607672,-8.201890877510095,6.283185307179586,500,4266.568688078975,2.220446049250313e-15
equilibrium_dt2p5e-4,D3,0.5,1e-08,241,468,-0.014242139573381756,0.006816760546683864,0.01578945103474191,-8.2968264359195,5.390368291124325,500,4266.568688078975,2.220446049250313e-15
equilibrium_dt2p5e-4,D3,0.5,1e-08,242,459,0.008922880071489605,0.012485456656597182,0.015346153156213228,-8.353780890144586,1.9005955895099083,500,4266.568688078975,2.220446049250313e-15
equilibrium_dt2p5e-4,D3,0.5,1e-08,243,465,-0.004215447798810952,0.014690919207529926,0.015283753050434693,-8.361929813838197,3.70046211005522,500,4266.568688078975,2.220446049250313e-15
equilibrium_dt2p5e-4,D3,0.5,1e-08,244,457,0.005732796585024273,0.014068132932856591,0.015191356782782444,-8.374057291148965,2.367678447725676,500,4266.568688078975,2.220446049250313e-15
equilibrium_dt2p5e-4,D3,0.5,1e-08,245,463,-0.0025299442213903124,0.014600393997201668,0.014817966211220375,-8.423829802485285,3.4847436314376377,500,4266.568688078975,2.220446049250313e-15
equilibrium_dt2p5e-4,D3,0.5,1e-08,246,474,-0.01398125917941053,0.004368695660958638,0.014647904628988066,-8.446915964973325,5.677473933351567,500,4266.568688078975,2.220446049250313e-15
equilibrium_dt2p5e-4,D3,0.5,1e-08,247,470,-0.008134539956787715,0.011893281784818691,0.014409055899734582,-8.479796776275082,4.34135301172324,500,4266.568688078975,2.220446049250313e-15
equilibrium_dt2p5e-4,D3,0.5,1e-08,248,461,0.013462979764385551,0.003335278080258984,0.013869964095444188,-8.556059266614655,0.48569527932813367,500,4266.568688078975,2.220446049250313e-15
equilibrium_dt2p5e-4,D3,0.5,1e-08,249,472,-0.00023433178768964328,0.013711626971079995,0.013713629190727383,-8.578730218449907,3.17576933861068,500,4266.568688078975,2.220446049250313e-15
equilibrium_dt2p5e-4,D3,0.5,1e-08,250,476,0.006619241888738834,0.009992499879641703,0.011986009220181433,-8.848030415401068,1.9714775693167885,500,4266.568688078975,2.220446049250313e-15
equilibrium_dt2p5e-4,D3,0.5,1e-08,251,478,0.007109369014019266,0.007474180312738146,0.010315352593334838,-9.148243900921972,1.6208164177796027,500,4266.568688078975,2.220446049250313e-15
equilibrium_dt2p5e-4,D3,0.5,1e-08,252,487,-0.009534882398382363,0.002764618012670143,0.00992759261386979,-9.224874531959983,5.718766796985714,500,4266.568688078975,2.220446049250313e-15
equilibrium_dt2p5e-4,D3,0.5,1e-08,253,485,-0.00782010251862852,0.005866981186729636,0.009776270845639435,-9.255594343554323,4.995871429198821,500,4266.568688078975,2.220446049250313e-15
equilibrium_dt2p5e-4,D3,0.5,1e-08,254,489,-0.009595981455666477,0.0,0.009595981455666477,-9.292821733026353,6.283185307179586,500,4266.568688078975,2.220446049250313e-15
equilibrium_dt2p5e-4,D3,0.5,1e-08,255,481,0.0051453622988890165,0.008060171224412813,0.009562484685147516,-9.299815362767932,2.005282318894612,500,4266.568688078975,2.220446049250313e-15
equilibrium_dt2p5e-4,D3,0.5,1e-08,256,480,0.009168696718927899,0.0,0.009168696718927899,-9.383920254499484,0.0,500,4266.568688078975,2.220446049250313e-15
equilibrium_dt2p5e-4,D3,0.5,1e-08,257,483,0.006677959938108932,0.005324057814116448,0.008540535143832748,-9.525863219865299,1.3461336584105923,500,4266.568688078975,2.220446049250313e-15
equilibrium_dt2p5e-4,D3,0.5,1e-08,258,494,-0.004571342633284925,0.0045543475862862785,0.006452848627358309,-10.086467196039248,4.716113636151421,500,4266.568688078975,2.220446049250313e-15
equilibrium_dt2p5e-4,D3,0.5,1e-08,259,490,0.0006216483516230592,0.006142729856192966,0.006174105340795549,-10.174782582093002,2.9398780761807206,500,4266.568688078975,2.220446049250313e-15
equilibrium_dt2p5e-4,D3,0.5,1e-08,260,496,-0.0010840353665198662,0.004203375460125459,0.004340909804943058,-10.879342640728563,3.646385939584405,500,4266.568688078975,2.220446049250313e-15
equilibrium_dt2p5e-4,D3,0.5,1e-08,261,498,-0.0036558946803176753,0.0016997129493399974,0.0040316981563268284,-11.027135226074973,5.412795044986179,500,4266.568688078975,2.220446049250313e-15
equilibrium_dt2p5e-4,D3,0.5,1e-08,262,492,0.003005832490154803,0.0011240496180550882,0.003209130178525018,-11.48351070196397,0.7157104426916059,500,4266.568688078975,2.220446049250313e-15
equilibrium_dt2p5e-4,D3,0.5,1e-12,0,0,1.0000000000000022,0.0,1.0000000000000022,4.4408920985006214e-15,0.0,500,4266.568688078975,2.220446049250313e-15
equilibrium_dt2p5e-4,D3,0.5,1e-12,1,1,0.6247653110553072,0.0,0.6247653110553072,-0.9407584041517817,0.0,500,4266.568688078975,2.220446049250313e-15
equilibrium_dt2p5e-4,D3,0.5,1e-12,2,2,0.4080755797074764,0.0,0.4080755797074764,-1.7926057547050551,0.0,500,4266.568688078975,2.220446049250313e-15
equilibrium_dt2p5e-4,D3,0.5,1e-12,3,3,0.341018102454975,0.0,0.341018102454975,-2.1516394334588527,0.0,500,4266.568688078975,2.220446049250313e-15
equilibrium_dt2p5e-4,D3,0.5,1e-12,4,4,0.28030259975177474,0.0,0.28030259975177474,-2.5437710919280434,0.0,500,4266.568688078975,2.220446049250313e-15
equilibrium_dt2p5e-4,D3,0.5,1e-12,5,5,0.2390054675333079,0.0,0.2390054675333079,-2.862537701207786,0.0,500,4266.568688078975,2.220446049250313e-15
equilibrium_dt2p5e-4,D3,0.5,1e-12,6,6,0.18454134492084612,0.1229360922941225,0.22174036793904645,-3.0124961906257215,1.1753187424392508,500,4266.568688078975,2.220446049250313e-15
equilibrium_dt2p5e-4,D3,0.5,1e-12,7,8,0.05778119580255414,0.17005267886261607,0.1796011697532205,-3.4340332200653676,2.4865027285065,500,4266.568688078975,2.220446049250313e-15
equilibrium_dt2p5e-4,D3,0.5,1e-12,8,10,-0.17285195661781286,0.0,0.17285195661781286,-3.51063958586842,6.283185307179586,500,4266.568688078975,2.220446049250313e-15
equilibrium_dt2p5e-4,D3,0.5,1e-12,9,11,0.16476119662489072,0.0,0.16476119662489072,-3.606516293208882,0.0,500,4266.568688078975,2.220446049250313e-15
equilibrium_dt2p5e-4,D3,0.5,1e-12,10,12,0.11110500745466048,0.1113613758568959,0.157307592678297,-3.699104402615743,1.573101109071958,500,4266.568688078975,2.220446049250313e-15
equilibrium_dt2p5e-4,D3,0.5,1e-12,11,14,-0.0992128088322024,0.11381013551744953,0.15098320563186943,-3.7811733386674438,4.575553551666125,500,4266.568688078975,2.220446049250313e-15
equilibrium_dt2p5e-4,D3,0.5,1e-12,12,16,-0.07431094518198886,0.1290481680130552,0.14891456020606672,-3.808765117882839,4.1865215517321435,500,4266.568688078975,2.220446049250313e-15
equilibrium_dt2p5e-4,D3,0.5,1e-12,13,18,-0.14723504768506576,0.0,0.14723504768506576,-3.8314500106821057,6.283185307179586,500,4266.568688078975,2.220446049250313e-15
equilibrium_dt2p5e-4,D3,0.5,1e-12,14,19,-0.1360111993468853,0.0481411463755597,0.14427964625036768,-3.8720037495540636,5.6028067232069,500,4266.568688078975,2.220446049250313e-15
equilibrium_dt2p5e-4,D3,0.5,1e-12,15,21,-0.10548338014373723,0.09524998499144267,0.14212425242518686,-3.902107173812732,4.814260869334222,500,4266.568688078975,2.220446049250313e-15
equilibrium_dt2p5e-4,D3,0.5,1e-12,16,23,0.13285113322939504,0.048555519332355586,0.1414463221790133,-3.911669964855842,0.7008111574384631,500,4266.568688078975,2.220446049250313e-15
equilibrium_dt2p5e-4,D3,0.5,1e-12,17,25,0.11912136114669414,0.07518087976879623,0.14086185915375152,-3.9199511823187767,1.1259883115080178,500,4266.568688078975,2.220446049250313e-15
equilibrium_dt2p5e-4,D3,0.5,1e-12,18,27,0.029740417023908783,0.1292738110566643,0.13265070911936408,-4.04007170524052,2.689346550493556,500,4266.568688078975,2.220446049250313e-15
equilibrium_dt2p5e-4,D3,0.5,1e-12,19,34,-0.06751981751149119,0.10002457343091262,0.12068074016520243,-4.229213462844061,4.329136361127199,500,4266.568688078975,2.220446049250313e-15
equilibrium_dt2p5e-4,D3,0.5,1e-12,20,38,-0.11890326665176618,0.0,0.11890326665176618,-4.258890003440556,6.283185307179586,500,4266.568688078975,2.220446049250313e-15
equilibrium_dt2p5e-4,D3,0.5,1e-12,21,31,0.037336425796685335,0.11288587605873049,0.11890008286295872,-4.258943556745236,2.5027543689617633,500,4266.568688078975,2.220446049250313e-15
equilibrium_dt2p5e-4,D3,0.5,1e-12,22,29,0.09475177929873753,0.06776242036551991,0.11648882046818954,-4.2999199444548735,1.2416526705539261,500,4266.568688078975,2.220446049250313e-15
equilibrium_dt2p5e-4,D3,0.5,1e-12,23,33,0.11558215033514782,0.0,0.11558215033514782,-4.315547487063279,0.0,500,4266.568688078975,2.220446049250313e-15
equilibrium_dt2p5e-4,D3,0.5,1e-12,24,39,-0.034571991381479754,0.1037314862500471,0.10934095219872937,-4.426568553898992,3.7850040364678446,500,4266.568688078975,2.220446049250313e-15
equilibrium_dt2p5e-4,D3,0.5,1e-12,25,36,0.10851558580654574,0.004812795566662447,0.10862225998433414,-4.439757840509604,0.08864429224842935,500,4266.568688078975,2.220446049250313e-15
equilibrium_dt2p5e-4,D3,0.5,1e-12,26,41,-0.018998520565547468,0.10072579229192555,0.10250184884437773,-4.555748886120448,3.5144447834674137,500,4266.568688078975,2.220446049250313e-15
equilibrium_dt2p5e-4,D3,0.5,1e-12,27,47,-0.10084319720681642,0.0,0.10084319720681642,-4.5883769428501715,6.283185307179586,500,4266.568688078975,2.220446049250313e-15
equilibrium_dt2p5e-4,D3,0.5,1e-12,28,52,-0.09084775771828793,0.035081478415530255,0.09738596002638193,-4.658146452593977,5.546153487649872,500,4266.568688078975,2.220446049250313e-15
equilibrium_dt2p5e-4,D3,0.5,1e-12,29,56,-0.0804705677352125,0.048414277868652024,0.09391195117326906,-4.730795250652186,5.199936916455543,500,4266.568688078975,2.220446049250313e-15
equilibrium_dt2p5e-4,D3,0.5,1e-12,30,43,0.08964568058173412,0.027883051260225326,0.09388190770613183,-4.73143517503678,0.6031014773165652,500,4266.568688078975,2.220446049250313e-15
equilibrium_dt2p5e-4,D3,0.5,1e-12,31,48,0.015663682831257436,0.09249537136563309,0.09381228429104904,-4.732918937907337,2.8060845427277568,500,4266.568688078975,2.220446049250313e-15
equilibrium_dt2p5e-4,D3,0.5,1e-12,32,45,0.06427490850571126,0.06320382690075858,0.09014425992995122,-4.812688007590717,1.5539926395207773,500,4266.568688078975,2.220446049250313e-15
equilibrium_dt2p5e-4,D3,0.5,1e-12,33,66,-0.08946095944607872,0.0,0.08946095944607872,-4.827905912347586,6.283185307179586,500,4266.568688078975,2.220446049250313e-15
equilibrium_dt2p5e-4,D3,0.5,1e-12,34,50,0.0438623199722253,0.07760725322996853,0.0891447635436111,-4.834987347981609,2.112741771038197,500,4266.568688078975,2.220446049250313e-15
equilibrium_dt2p5e-4,D3,0.5,1e-12,35,58,0.021265342473117003,0.08369431452293259,0.08635365119068515,-4.898608383324479,2.6439561976502786,500,4266.568688078975,2.220446049250313e-15
equilibrium_dt2p5e-4,D3,0.5,1e-12,36,60,0.0012299350197767364,0.08612249754862325,0.0861312795920593,-4.903765279543016,3.11303213924086,500,4266.568688078975,2.220446049250313e-15
equilibrium_dt2p5e-4,D3,0.5,1e-12,37,67,-0.05648509149406751,0.06494253678150265,0.08607031221454935,-4.905181465756343,4.573313400852574,500,4266.568688078975,2.220446049250313e-15
equilibrium_dt2p5e-4,D3,0.5,1e-12,38,54,0.04896473825515703,0.06988054137397275,0.08532781290479415,-4.922509635570559,1.919212130092675,500,4266.568688078975,2.220446049250313e-15
equilibrium_dt2p5e-4,D3,0.5,1e-12,39,71,-0.06557123583927611,0.05130089292169503,0.08325484120490043,-4.97169799840193,4.955390493184524,500,4266.568688078975,2.220446049250313e-15
equilibrium_dt2p5e-4,D3,0.5,1e-12,40,73,-0.08156479359276635,0.012125102641700806,0.08246110396970414,-4.990857127701836,5.988034619334263,500,4266.568688078975,2.220446049250313e-15
equilibrium_dt2p5e-4,D3,0.5,1e-12,41,64,0.02234099567613264,0.07915969222354399,0.08225191159314893,-4.995937296705278,2.5914476058939706,500,4266.568688078975,2.220446049250313e-15
equilibrium_dt2p5e-4,D3,0.5,1e-12,42,69,-0.0348094825461308,0.07448725926883534,0.08221953459192093,-4.996724716099884,4.015921824843513,500,4266.568688078975,2.220446049250313e-15
equilibrium_dt2p5e-4,D3,0.5,1e-12,43,77,-0.07569322028444903,0.026556865606485056,0.0802167732327288,-5.04604528684839,5.608323963188028,500,4266.568688078975,2.220446049250313e-15
equilibrium_dt2p5e-4,D3,0.5,1e-12,44,62,0.07775333440205137,0.01321584315496848,0.07886849511011322,-5.079946864783732,0.3367247219798433,500,4266.568688078975,2.220446049250313e-15
equilibrium_dt2p5e-4,D3,0.5,1e-12,45,75,-0.03793111799639967,0.06771565542624315,0.07761558929920258,-5.111973957876612,4.16280201543706,500,4266.568688078975,2.220446049250313e-15
equilibrium_dt2p5e-4,D3,0.5,1e-12,46,79,-0.06735021541343354,0.03695223071554177,0.07682134385111035,-5.132545525423311,5.279560791688401,500,4266.568688078975,2.220446049250313e-15
equilibrium_dt2p5e-4,D3,0.5,1e-12,47,97,0.06490934447201707,0.03667132716118867,0.0745520572187643,-5.1925152859953565,1.0285158011111752,500,4266.568688078975,2.220446049250313e-15
equilibrium_dt2p5e-4,D3,0.5,1e-12,48,83,-0.07429494500667322,0.005345834449338222,0.07448702437004938,-5.194260676590871,6.139524466036816,500,4266.568688078975,2.220446049250313e-15
equilibrium_dt2p5e-4,D3,0.5,1e-12,49,99,0.07295655950838223,0.006767273215753781,0.07326974520275593,-5.22721501665498,0.18498581562850885,500,4266.568688078975,2.220446049250313e-15
equilibrium_dt2p5e-4,D3,0.5,1e-12,50,81,-0.06188036924290732,0.03802551398010913,0.07263002004054539,-5.2447538868750945,5.181158475306594,500,4266.568688078975,2.220446049250313e-15
equilibrium_dt2p5e-4,D3,0.5,1e-12,51,85,-0.041055893742923046,0.05922899621677561,0.07206705491330284,-5.2603165502670475,4.353850325368326,500,4266.568688078975,2.220446049250313e-15
equilibrium_dt2p5e-4,D3,0.5,1e-12,52,101,0.05595060259376863,0.04540181142045559,0.07205410752250312,-5.260675897655474,1.3633824969627155,500,4266.568688078975,2.220446049250313e-15
equilibrium_dt2p5e-4,D3,0.5,1e-12,53,103,0.05806228592653112,0.0420196958455132,0.07167205791634347,-5.271308631224594,1.25291155318048,500,4266.568688078975,2.220446049250313e-15
equilibrium_dt2p5e-4,D3,0.5,1e-12,54,87,-0.011925219114838804,0.07063731646176107,0.0716368712874585,-5.2722907508953645,3.4760850686008693,500,4266.568688078975,2.220446049250313e-15
equilibrium_dt2p5e-4,D3,0.5,1e-12,55,105,0.07049897163954684,0.0,0.07049897163954684,-5.30431431188679,0.0,500,4266.568688078975,2.220446049250313e-15
equilibrium_dt2p5e-4,D3,0.5,1e-12,56,93,0.036848725505272545,0.05972532715466836,0.0701779400887137,-5.313442522171604,2.0359847200985746,500,4266.568688078975,2.220446049250313e-15
equilibrium_dt2p5e-4,D3,0.5,1e-12,57,106,0.0676978087866275,0.018183031641903834,0.07009718934594493,-5.315745161335483,0.5247964738329628,500,4266.568688078975,2.220446049250313e-15
equilibrium_dt2p5e-4,D3,0.5,1e-12,58,91,0.01786517396400858,0.06729876926243442,0.06962965449435088,-5.3291294641256295,2.6226404734916917,500,4266.568688078975,2.220446049250313e-15
equilibrium_dt2p5e-4,D3,0.5,1e-12,59,108,0.04880666726715266,0.04935130801649198,0.0694092383812502,-5.335470604886656,1.5818934415950308,500,4266.568688078975,2.220446049250313e-15
equilibrium_dt2p5e-4,D3,0.5,1e-12,60,89,-0.027223234749918165,0.06371158074509123,0.06928398105830402,-5.339083106132416,3.9492077511201336,500,4266.568688078975,2.220446049250313e-15
equilibrium_dt2p5e-4,D3,0.5,1e-12,61,95,0.02899732376612571,0.062454898469614904,0.06885825388758726,-5.3514103576402245,2.2722415112116563,500,4266.568688078975,2.220446049250313e-15
equilibrium_dt2p5e-4,D3,0.5,1e-12,62,112,0.05902735872796892,0.0346757263380441,0.06845900288107659,-5.363040421943806,1.0622835271664905,500,4266.568688078975,2.220446049250313e-15
equilibrium_dt2p5e-4,D3,0.5,1e-12,63,110,0.063579000081977,0.024947569900727634,0.06829839306583811,-5.367738080537457,0.7478524463967204,500,4266.568688078975,2.220446049250313e-15
equilibrium_dt2p5e-4,D3,0.5,1e-12,64,114,-0.012749187271967308,0.06648783035146269,0.06769913855390315,-5.3853636472143025,3.520497742285745,500,4266.568688078975,2.220446049250313e-15
equilibrium_dt2p5e-4,D3,0.5,1e-12,65,130,-0.06685680890221626,0.0062029719590558285,0.06714394803489214,-5.401832972274303,6.098155097599617,500,4266.568688078975,2.220446049250313e-15
equilibrium_dt2p5e-4,D3,0.5,1e-12,66,116,-0.00110111582893845,0.06712263526618413,0.06713166630693689,-5.402198838498031,3.174398787233736,500,4266.568688078975,2.220446049250313e-15
equilibrium_dt2p5e-4,D3,0.5,1e-12,67,132,-0.06342903109404874,0.019746226718624315,0.06643158477074827,-5.4231653226772565,5.679580678602953,500,4266.568688078975,2.220446049250313e-15
equilibrium_dt2p5e-4,D3,0.5,1e-12,68,118,0.0056035448192439915,0.06551157859018734,0.06575079196420047,-5.443767125827816,2.9709376658942266,500,4266.568688078975,2.220446049250313e-15
equilibrium_dt2p5e-4,D3,0.5,1e-12,69,126,-0.039039490656207015,0.05267938899189423,0.06556828391269198,-5.449326353770851,4.41712460204072,500,4266.568688078975,2.220446049250313e-15
equilibrium_dt2p5e-4,D3,0.5,1e-12,70,120,0.058447428978161055,0.029467377661498515,0.06545554445883528,-5.452768154642679,0.9339543748794672,500,4266.568688078975,2.220446049250313e-15
equilibrium_dt2p5e-4,D3,0.5,1e-12,71,124,-0.03216964681885604,0.05697121667031114,0.06542633800959269,-5.453660759460903,4.169657649780417,500,4266.568688078975,2.220446049250313e-15
equilibrium_dt2p5e-4,D3,0.5,1e-12,72,122,0.038903911967620476,0.05092246308757117,0.06408284960337994,-5.495157015489584,1.8368116003981356,500,4266.568688078975,2.220446049250313e-15
equilibrium_dt2p5e-4,D3,0.5,1e-12,73,128,0.06350824653179422,0.007607798364525767,0.06396230118982926,-5.498922826171808,0.23844832154912796,500,4266.568688078975,2.220446049250313e-15
equilibrium_dt2p5e-4,D3,0.5,1e-12,74,138,-0.061976522012960084,0.015201888318626556,0.06381368731921797,-5.503575153713417,5.802113770425838,500,4266.568688078975,2.220446049250313e-15
equilibrium_dt2p5e-4,D3,0.5,1e-12,75,136,-0.060490526517910564,0.020186909593479546,0.0637700173855187,-5.504944292053011,5.638987949396349,500,4266.568688078975,2.220446049250313e-15
equilibrium_dt2p5e-4,D3,0.5,1e-12,76,134,-0.05332437208625536,0.03425963226190358,0.06338147253822898,-5.517167383010099,5.141049740939511,500,4266.568688078975,2.220446049250313e-15
equilibrium_dt2p5e-4,D3,0.5,1e-12,77,140,0.046985304962822855,0.04183858423459454,0.06291332142880973,-5.531994700556147,1.4550397999807552,500,4266.568688078975,2.220446049250313e-15
equilibrium_dt2p5e-4,D3,0.5,1e-12,78,142,0.058531435188820216,0.02264057193681067,0.06275766409681738,-5.5369491428545725,0.7381692788814197,500,4266.568688078975,2.220446049250313e-15
equilibrium_dt2p5e-4,D3,0.5,1e-12,79,160,-0.04210490273300785,0.04573036249262438,0.062161796047595655,-5.5560293587911564,4.629884465224136,500,4266.568688078975,2.220446049250313e-15
equilibrium_dt2p5e-4,D3,0.5,1e-12,80,148,0.02079366067699218,0.0582892054588892,0.061887056783939,-5.564888439922597,2.4562725369882865,500,4266.568688078975,2.220446049250313e-15
equilibrium_dt2p5e-4,D3,0.5,1e-12,81,154,0.0008283925011899054,0.0609973238412384,0.06100294869864028,-5.593666153310323,3.114432721789465,500,4266.568688078975,2.220446049250313e-15
equilibrium_dt2p5e-4,D3,0.5,1e-12,82,150,0.02771444937285986,0.05391199028377686,0.06061842459515805,-5.606312791785569,2.191914925563666,500,4266.568688078975,2.220446049250313e-15
equilibrium_dt2p5e-4,D3,0.5,1e-12,83,156,-0.0072971231235810195,0.06005913352503071,0.06050080599180616,-5.610197183710933,3.3834053705758773,500,4266.568688078975,2.220446049250313e-15
equilibrium_dt2p5e-4,D3,0.5,1e-12,84,144,0.05209517185112218,0.03054444322851687,0.06038931977045314,-5.613886029338495,1.0605999503323806,500,4266.568688078975,2.220446049250313e-15
equilibrium_dt2p5e-4,D3,0.5,1e-12,85,168,-0.060364053136299195,0.00040072582898849774,0.060365383227740474,-5.614678927418052,6.269908533280826,500,4266.568688078975,2.220446049250313e-15
equilibrium_dt2p5e-4,D3,0.5,1e-12,86,166,-0.055391766117709795,0.023931272334692347,0.060340314460535206,-5.6155096675751714,5.467554081171168,500,4266.568688078975,2.220446049250313e-15
equilibrium_dt2p5e-4,D3,0.5,1e-12,87,152,0.01761948833508995,0.057638921352744614,0.06027181450643617,-5.617781411289528,2.5482599888101025,500,4266.568688078975,2.220446049250313e-15
equilibrium_dt2p5e-4,D3,0.5,1e-12,88,170,-0.04704042032206086,0.03709683835592471,0.05990806757091872,-5.629888197882362,4.9476633790911695,500,4266.568688078975,2.220446049250313e-15
equilibrium_dt2p5e-4,D3,0.5,1e-12,89,162,-0.03242847363461363,0.05033245503361981,0.05987455162238956,-5.631007423680881,4.2862877326741415,500,4266.568688078975,2.220446049250313e-15
equilibrium_dt2p5e-4,D3,0.5,1e-12,90,164,-0.02784019793701587,0.052505597527233515,0.05942991160067507,-5.645915234115117,4.116673508209501,500,4266.568688078975,2.220446049250313e-15
equilibrium_dt2p5e-4,D3,0.5,1e-12,91,172,-0.04052431830226636,0.04283307339285869,0.058965180828531506,-5.661616329470614,4.65700900878359,500,4266.568688078975,2.220446049250313e-15
equilibrium_dt2p5e-4,D3,0.5,1e-12,92,158,0.0040988479842309815,0.05875453495493379,0.05889733383242717,-5.663918910704133,3.0022938589335433,500,4266.568688078975,2.220446049250313e-15
equilibrium_dt2p5e-4,D3,0.5,1e-12,93,174,-0.010997631261358807,0.05732987857064136,0.05837519053746463,-5.681728597946625,3.5206492034068098,500,4266.568688078975,2.220446049250313e-15
equilibrium_dt2p5e-4,D3,0.5,1e-12,94,176,-0.05722569593595514,0.009728433839035041,0.05804672859270257,-5.6930138548368845,5.946402766986222,500,4266.568688078975,2.220446049250313e-15
equilibrium_dt2p5e-4,D3,0.5,1e-12,95,146,0.056364877728162274,0.010971746645233085,0.057422806146668476,-5.714627469877576,0.38450320236675783,500,4266.568688078975,2.220446049250313e-15
equilibrium_dt2p5e-4,D3,0.5,1e-12,96,178,0.04523153908304088,0.03384281891441389,0.05649095962978913,-5.747349320369121,1.284712706739471,500,4266.568688078975,2.220446049250313e-15
equilibrium_dt2p5e-4,D3,0.5,1e-12,97,182,-0.025144519887154708,0.05053064666691874,0.05644105892816421,-5.749116780315723,4.065059100296483,500,4266.568688078975,2.220446049250313e-15
equilibrium_dt2p5e-4,D3,0.5,1e-12,98,184,0.0022208400686984367,0.05639446166376638,0.056438173579207475,-5.749219025835764,3.062872402398139,500,4266.568688078975,2.220446049250313e-15
equilibrium_dt2p5e-4,D3,0.5,1e-12,99,180,0.04249434719925578,0.0370102356803664,0.05635181531243837,-5.752281648130276,1.433057389223694,500,4266.568688078975,2.220446049250313e-15
equilibrium_dt2p5e-4,D3,0.5,1e-12,100,186,0.05267247482861123,0.018602923850320693,0.05586106318672707,-5.769775371172627,0.6790119337641042,500,4266.568688078975,2.220446049250313e-15
equilibrium_dt2p5e-4,D3,0.5,1e-12,101,188,0.05471185737682904,0.008584267991258514,0.0553811971211189,-5.787030289969422,0.3112615757157485,500,4266.568688078975,2.220446049250313e-15
equilibrium_dt2p5e-4,D3,0.5,1e-12,102,192,0.013443809947296357,0.05316570255180051,0.05483910970945418,-5.806703317495542,2.646243749146902,500,4266.568688078975,2.220446049250313e-15
equilibrium_dt2p5e-4,D3,0.5,1e-12,103,194,-0.05145027816906099,0.018807746037642358,0.05478012810034498,-5.808855553397907,5.5822617663790535,500,4266.568688078975,2.220446049250313e-15
equilibrium_dt2p5e-4,D3,0.5,1e-12,104,190,0.03441755234940481,0.04258142149712191,0.05475166998767778,-5.809894817385327,1.782058430696477,500,4266.568688078975,2.220446049250313e-15
equilibrium_dt2p5e-4,D3,0.5,1e-12,105,198,0.028466320050770953,0.04576810050362665,0.05389851946893342,-5.841304539106566,2.0287597725802513,500,4266.568688078975,2.220446049250313e-15
equilibrium_dt2p5e-4,D3,0.5,1e-12,106,200,0.053353332703365036,0.0021812895396368243,0.053397903840990704,-5.859967575400949,0.081722183516313,500,4266.568688078975,2.220446049250313e-15
equilibrium_dt2p5e-4,D3,0.5,1e-12,107,208,-0.05290593685846394,0.0022656101668899965,0.05295442516258758,-5.876647275902041,6.197590876737604,500,4266.568688078975,2.220446049250313e-15
equilibrium_dt2p5e-4,D3,0.5,1e-12,108,196,-0.03547910075826276,0.03905656074641608,0.05276534400488118,-5.883801334629385,4.616469346635946,500,4266.568688078975,2.220446049250313e-15
equilibrium_dt2p5e-4,D3,0.5,1e-12,109,210,-0.047161599426610225,0.022442720112916308,0.052229226938015655,-5.904226075507281,5.394871856805638,500,4266.568688078975,2.220446049250313e-15
equilibrium_dt2p5e-4,D3,0.5,1e-12,110,202,0.030605870641463008,0.04180194887691903,0.051808515203878594,-5.9204015141027275,1.8776169978908426,500,4266.568688078975,2.220446049250313e-15
equilibrium_dt2p5e-4,D3,0.5,1e-12,111,212,-0.042938482873552494,0.028845313991351623,0.05172780152627818,-5.923519789757113,5.100113590544887,500,4266.568688078975,2.220446049250313e-15
equilibrium_dt2p5e-4,D3,0.5,1e-12,112,204,0.04386658456691574,0.02697587142407182,0.05149732886912121,-5.932450678553144,1.1026831831962578,500,4266.568688078975,2.220446049250313e-15
equilibrium_dt2p5e-4,D3,0.5,1e-12,113,222,0.02124803442804831,0.04686825977289338,0.051459816762158626,-5.9339080658337435,2.2903091334016406,500,4266.568688078975,2.220446049250313e-15
equilibrium_dt2p5e-4,D3,0.5,1e-12,114,214,-0.03755988814100358,0.03517554143666539,0.05145934232505567,-5.933926505047867,4.777927692275673,500,4266.568688078975,2.220446049250313e-15
equilibrium_dt2p5e-4,D3,0.5,1e-12,115,224,0.04703125919835066,0.020778230835760896,0.051416672572684126,-5.935585579997876,0.8320214468547288,500,4266.568688078975,2.220446049250313e-15
equilibrium_dt2p5e-4,D3,0.5,1e-12,116,206,0.03909634320312091,0.033384518727517035,0.051410603405563665,-5.935821671718474,1.4135121996848825,500,4266.568688078975,2.220446049250313e-15
equilibrium_dt2p5e-4,D3,0.5,1e-12,117,218,-0.008757531037639862,0.05039584333943195,0.051151103368038825,-5.945942431189003,3.4857060390027477,500,4266.568688078975,2.220446049250313e-15
equilibrium_dt2p5e-4,D3,0.5,1e-12,118,216,-0.020348050942750544,0.04671609367267554,0.050955240998379815,-5.953615318162066,3.96316856695121,500,4266.568688078975,2.220446049250313e-15
equilibrium_dt2p5e-4,D3,0.5,1e-12,119,226,0.0503569965848047,0.006333655402975381,0.05075374169266411,-5.961539871687485,0.25023615963628765,500,4266.568688078975,2.220446049250313e-15
equilibrium_dt2p5e-4,D3,0.5,1e-12,120,220,-0.014119329691758286,0.04867487212162682,0.050681344171216405,-5.964394802331042,3.7062445759032263,500,4266.568688078975,2.220446049250313e-15
equilibrium_dt2p5e-4,D3,0.5,1e-12,121,230,-0.04666877264966553,0.01915562740685121,0.05044712481377188,-5.973659049227708,5.504204726017829,500,4266.568688078975,2.220446049250313e-15
equilibrium_dt2p5e-4,D3,0.5,1e-12,122,233,-0.03574550661091391,0.034944340949094,0.049988480745441925,-5.991925370375748,4.735055074290755,500,4266.568688078975,2.220446049250313e-15
equilibrium_dt2p5e-4,D3,0.5,1e-12,123,228,0.04845691797993669,0.012077813224448232,0.04993942803435947,-5.99388889450515,0.4885424532333074,500,4266.568688078975,2.220446049250313e-15
equilibrium_dt2p5e-4,D3,0.5,1e-12,124,232,-0.049931960589950274,0.0,0.049931960589950274,-5.994187976936104,6.283185307179586,500,4266.568688078975,2.220446049250313e-15
equilibrium_dt2p5e-4,D3,0.5,1e-12,125,235,-0.0004764320508624662,0.049556894446030675,0.0495591845638537,-6.009175351740808,3.160819741113285,500,4266.568688078975,2.220446049250313e-15
equilibrium_dt2p5e-4,D3,0.5,1e-12,126,237,0.007020443153416586,0.048654576495058506,0.0491584625063056,-6.02541254014459,2.854987717144816,500,4266.568688078975,2.220446049250313e-15
equilibrium_dt2p5e-4,D3,0.5,1e-12,127,245,0.011443274233521174,0.04748555155821583,0.048844919203245116,-6.038209828048933,2.668641651204718,500,4266.568688078975,2.220446049250313e-15
equilibrium_dt2p5e-4,D3,0.5,1e-12,128,253,-0.04756191114130534,0.010640519107121995,0.04873762446285676,-6.042607941875272,5.8429950018506265,500,4266.568688078975,2.220446049250313e-15
equilibrium_dt2p5e-4,D3,0.5,1e-12,129,239,-0.03052622386126172,0.03792957079742654,0.0486878083723724,-6.044653243327928,4.496930675694087,500,4266.568688078975,2.220446049250313e-15
equilibrium_dt2p5e-4,D3,0.5,1e-12,130,243,0.028471871008446253,0.0393945190764645,0.04860633263256473,-6.048002910965117,1.8899462979373058,500,4266.568688078975,2.220446049250313e-15
equilibrium_dt2p5e-4,D3,0.5,1e-12,131,241,0.042047781533957544,0.0243378214784823,0.048583386936749226,-6.048947278181877,1.0493909312879128,500,4266.568688078975,2.220446049250313e-15
equilibrium_dt2p5e-4,D3,0.5,1e-12,132,255,-0.04823518237583478,0.0,0.04823518237583478,-6.06333319876257,6.283185307179586,500,4266.568688078975,2.220446049250313e-15
equilibrium_dt2p5e-4,D3,0.5,1e-12,133,251,-0.04156456375744383,0.02404971772934288,0.048020848422405886,-6.07224004048006,5.234097550500103,500,4266.568688078975,2.220446049250313e-15
equilibrium_dt2p5e-4,D3,0.5,1e-12,134,247,-0.004623451775259633,0.04760357753447642,0.047827574686566114,-6.080305859051788,3.335233381860992,500,4266.568688078975,2.220446049250313e-15
equilibrium_dt2p5e-4,D3,0.5,1e-12,135,249,-0.02000199467319453,0.0433029876984829,0.04769935570342081,-6.085674776889753,4.0070173395374376,500,4266.568688078975,2.220446049250313e-15
equilibrium_dt2p5e-4,D3,0.5,1e-12,136,270,-0.045014929274062004,0.014716856923190028,0.0473595791286879,-6.099972350173507,5.651227192704078,500,4266.568688078975,2.220446049250313e-15
equilibrium_dt2p5e-4,D3,0.5,1e-12,137,272,-0.0466309242838746,0.007705031729454573,0.04726320570507621,-6.104046356539107,5.9556757560494225,500,4266.568688078975,2.220446049250313e-15
equilibrium_dt2p5e-4,D3,0.5,1e-12,138,256,0.042676059557775134,0.019999393207253115,0.04712983967760863,-6.10969787951604,0.8764806265041774,500,4266.568688078975,2.220446049250313e-15
equilibrium_dt2p5e-4,D3,0.5,1e-12,139,262,0.017188451042635097,0.04355289995747996,0.046821981418467565,-6.122804995797651,2.3898091368803374,500,4266.568688078975,2.220446049250313e-15
equilibrium_dt2p5e-4,D3,0.5,1e-12,140,268,-0.013097756296661637,0.04488884846107208,0.046760666549652954,-6.125425775564825,3.709393378630967,500,4266.568688078975,2.220446049250313e-15
equilibrium_dt2p5e-4,D3,0.5,1e-12,141,258,0.03321224522100491,0.03254721732847299,0.0465013396414234,-6.13654831462167,1.5505709418370706,500,4266.568688078975,2.220446049250313e-15
equilibrium_dt2p5e-4,D3,0.5,1e-12,142,266,0.012291533198245245,0.04476642364060054,0.046423210508680715,-6.139911436682595,2.6056591793168002,500,4266.568688078975,2.220446049250313e-15
equilibrium_dt2p5e-4,D3,0.5,1e-12,143,260,0.03616797460792738,0.02819606198632192,0.045860007618579696,-6.164323670850982,1.3243382143752747,500,4266.568688078975,2.220446049250313e-15
equilibrium_dt2p5e-4,D3,0.5,1e-12,144,274,-0.03768511291861209,0.026090847952033466,0.04583557660316572,-6.165389415344545,5.07205456528802,500,4266.568688078975,2.220446049250313e-15
equilibrium_dt2p5e-4,D3,0.5,1e-12,145,276,-0.028006136496138256,0.0357752445639222,0.04543359775594238,-6.183006817902582,4.469966434481672,500,4266.568688078975,2.220446049250313e-15
equilibrium_dt2p5e-4,D3,0.5,1e-12,146,278,-0.024211732751364155,0.03820091606340169,0.045227403097088614,-6.192104225274644,4.271397145209196,500,4266.568688078975,2.220446049250313e-15
equilibrium_dt2p5e-4,D3,0.5,1e-12,147,280,-0.040788599066316406,0.018931268767416125,0.04496779682102352,-6.2036173431879025,5.414098822984189,500,4266.568688078975,2.220446049250313e-15
equilibrium_dt2p5e-4,D3,0.5,1e-12,148,284,-0.020694066500232634,0.039010499404757815,0.04415952277962999,-6.239893367384774,4.11705020571617,500,4266.568688078975,2.220446049250313e-15
equilibrium_dt2p5e-4,D3,0.5,1e-12,149,264,0.0441312730960008,0.0014212673544458086,0.044154153439587285,-6.240136561430325,0.06438863804290328,500,4266.568688078975,2.220446049250313e-15
equilibrium_dt2p5e-4,D3,0.5,1e-12,150,282,0.005045988818591448,0.043744630939865,0.04403469926344841,-6.245554672474229,2.911905704951531,500,4266.568688078975,2.220446049250313e-15
equilibrium_dt2p5e-4,D3,0.5,1e-12,151,286,0.041413548482218156,0.012118187968878617,0.043150115614423425,-6.286140364190752,0.5693340714392834,500,4266.568688078975,2.220446049250313e-15
equilibrium_dt2p5e-4,D3,0.5,1e-12,152,288,0.019104941806166707,0.038551109890119284,0.043025421266700795,-6.291928291450023,2.2213909791732767,500,4266.568688078975,2.220446049250313e-15
equilibrium_dt2p5e-4,D3,0.5,1e-12,153,290,0.0013820544508824912,0.041929241056651974,0.041952012229355976,-6.342457759785191,3.0756933325665265,500,4266.568688078975,2.220446049250313e-15
equilibrium_dt2p5e-4,D3,0.5,1e-12,154,292,0.021390233001775782,0.03581088468287472,0.04171284609853911,-6.353892275402179,2.0647128527069456,500,4266.568688078975,2.220446049250313e-15
equilibrium_dt2p5e-4,D3,0.5,1e-12,155,294,0.03213834475995664,0.02628323355417246,0.04151724424830012,-6.363292827992546,1.3710199771388805,500,4266.568688078975,2.220446049250313e-15
equilibrium_dt2p5e-4,D3,0.5,1e-12,156,317,-0.04063879149717235,0.0057411954738086765,0.0410423281481342,-6.386302701945863,6.002495285166916,500,4266.568688078975,2.220446049250313e-15
equilibrium_dt2p5e-4,D3,0.5,1e-12,157,307,-0.005315171356807367,0.04027127242971298,0.04062051734850734,-6.406963973221943,3.4040441002015935,500,4266.568688078975,2.220446049250313e-15
equilibrium_dt2p5e-4,D3,0.5,1e-12,158,311,-0.009730240945399059,0.03886796912350862,0.04006740087204984,-6.434384442246886,3.6321915534152316,500,4266.568688078975,2.220446049250313e-15
equilibrium_dt2p5e-4,D3,0.5,1e-12,159,298,0.03354944124457116,0.021812144373089405,0.04001667964706003,-6.436917841216719,1.1529602816895166,500,4266.568688078975,2.220446049250313e-15
equilibrium_dt2p5e-4,D3,0.5,1e-12,160,302,0.03989698668125478,0.0,0.03989698668125478,-6.44290895942259,0.0,500,4266.568688078975,2.220446049250313e-15
equilibrium_dt2p5e-4,D3,0.5,1e-12,161,296,0.026253229904767403,0.030005090279601694,0.03986900454136799,-6.444312171022208,1.7039788667629145,500,4266.568688078975,2.220446049250313e-15
equilibrium_dt2p5e-4,D3,0.5,1e-12,162,309,0.009085058047029162,0.03880337912815358,0.03985273530739282,-6.445128472032793,2.6816168708167565,500,4266.568688078975,2.220446049250313e-15
equilibrium_dt2p5e-4,D3,0.5,1e-12,163,319,-0.027567262087449206,0.028525502113281014,0.03966936109660595,-6.454352300080893,4.6782260418903805,500,4266.568688078975,2.220446049250313e-15
equilibrium_dt2p5e-4,D3,0.5,1e-12,164,300,0.038990115849676814,0.007165773122614033,0.03964312599197996,-6.455675426188565,0.3635121810544825,500,4266.568688078975,2.220446049250313e-15
equilibrium_dt2p5e-4,D3,0.5,1e-12,165,325,-0.03934745868046076,0.0024115407929677746,0.03942128909113342,-6.466898552685785,6.160761740262126,500,4266.568688078975,2.220446049250313e-15
equilibrium_dt2p5e-4,D3,0.5,1e-12,166,321,-0.023884712269991885,0.031142591230154698,0.039247171474500034,-6.475751803388855,4.450110980815719,500,4266.568688078975,2.220446049250313e-15
equilibrium_dt2p5e-4,D3,0.5,1e-12,167,315,0.003341058547171109,0.038814345661936055,0.03895787598650469,-6.490548638988279,2.969860103470727,500,4266.568688078975,2.220446049250313e-15
equilibrium_dt2p5e-4,D3,0.5,1e-12,168,303,0.03520153077715329,0.016296531909682686,0.03879078139633406,-6.499145306921115,0.8671408335616437,500,4266.568688078975,2.220446049250313e-15
equilibrium_dt2p5e-4,D3,0.5,1e-12,169,305,0.03633032502917406,0.013146393407126075,0.038635737036328936,-6.507155201741707,0.6943976376550444,500,4266.568688078975,2.220446049250313e-15
equilibrium_dt2p5e-4,D3,0.5,1e-12,170,313,0.015394248357074524,0.03539514322605212,0.03859791505343307,-6.509114036259868,2.3210977323113466,500,4266.568688078975,2.220446049250313e-15
equilibrium_dt2p5e-4,D3,0.5,1e-12,171,327,-0.03251128852521501,0.0207644866876577,0.03857651862171716,-6.510223026957704,5.146425188450608,500,4266.568688078975,2.220446049250313e-15
equilibrium_dt2p5e-4,D3,0.5,1e-12,172,329,-0.03609722255298444,0.013410840397797339,0.03850792277200734,-6.513782545147174,5.571752841323482,500,4266.568688078975,2.220446049250313e-15
equilibrium_dt2p5e-4,D3,0.5,1e-12,173,323,-0.015599688049173388,0.03493833756190151,0.03826274557348049,-6.5265571132138325,3.9814583337269465,500,4266.568688078975,2.220446049250313e-15
equilibrium_dt2p5e-4,D3,0.5,1e-12,174,331,-0.010394836456839102,0.03545176954616961,0.03694429034261114,-6.59668833481718,3.7120255629109757,500,4266.568688078975,2.220446049250313e-15
equilibrium_dt2p5e-4,D3,0.5,1e-12,175,339,-0.03668034174410495,0.0,0.03668034174410495,-6.611028629462939,6.283185307179586,500,4266.568688078975,2.220446049250313e-15
equilibrium_dt2p5e-4,D3,0.5,1e-12,176,333,0.020677502732589878,0.030005343321566697,0.03644008434542035,-6.624171783909478,1.934809551761486,500,4266.568688078975,2.220446049250313e-15
equilibrium_dt2p5e-4,D3,0.5,1e-12,177,335,0.02722494988510312,0.023871138709642078,0.036208136648291485,-6.636942832234848,1.4397096892075878,500,4266.568688078975,2.220446049250313e-15
equilibrium_dt2p5e-4,D3,0.5,1e-12,178,337,-0.006991725239387599,0.03541884693157524,0.03610233981039797,-6.6427952021024375,3.5313837203134324,500,4266.568688078975,2.220446049250313e-15
equilibrium_dt2p5e-4,D3,0.5,1e-12,179,342,0.03605583529906534,0.0,0.03605583529906534,-6.645373123049064,0.0,500,4266.568688078975,2.220446049250313e-15
equilibrium_dt2p5e-4,D3,0.5,1e-12,180,345,-0.03445961137003535,0.009689449688673073,0.03579595299811413,-6.659840873421873,5.734974972563129,500,4266.568688078975,2.220446049250313e-15
equilibrium_dt2p5e-4,D3,0.5,1e-12,181,340,0.011912967873591522,0.03340946874187616,0.03546986615666352,-6.67814356725473,2.4565529076479855,500,4266.568688078975,2.220446049250313e-15
equilibrium_dt2p5e-4,D3,0.5,1e-12,182,343,0.034615101735182834,0.004978594908944643,0.03497129787989613,-6.706455229001472,0.2856952614442172,500,4266.568688078975,2.220446049250313e-15
equilibrium_dt2p5e-4,D3,0.5,1e-12,183,347,-0.028305336089709657,0.020481917149023417,0.03493853146958068,-6.708330010446065,5.030397297346737,500,4266.568688078975,2.220446049250313e-15
equilibrium_dt2p5e-4,D3,0.5,1e-12,184,355,0.003606006208862686,0.03422030775163057,0.03440977685767031,-6.738829088008571,2.931615159749262,500,4266.568688078975,2.220446049250313e-15
equilibrium_dt2p5e-4,D3,0.5,1e-12,185,357,-0.034306662965901,0.0002244955102867544,0.03430739748348834,-6.744788555982287,6.270097919099515,500,4266.568688078975,2.220446049250313e-15
equilibrium_dt2p5e-4,D3,0.5,1e-12,186,349,-0.02278049563072374,0.025493214520121512,0.03418852099390024,-6.751730669415316,4.600117980400592,500,4266.568688078975,2.220446049250313e-15
equilibrium_dt2p5e-4,D3,0.5,1e-12,187,353,-0.019016542367831388,0.028340679694884893,0.03412950350057245,-6.755186126943272,4.323583253293711,500,4266.568688078975,2.220446049250313e-15
equilibrium_dt2p5e-4,D3,0.5,1e-12,188,361,0.02201603454263219,0.02566029707194609,0.033810599267136615,-6.7739618757328595,1.7233747546443035,500,4266.568688078975,2.220446049250313e-15
equilibrium_dt2p5e-4,D3,0.5,1e-12,189,351,-0.015746215616650284,0.029094267056094032,0.03308201447580482,-6.81753102717751,4.133737584977771,500,4266.568688078975,2.220446049250313e-15
equilibrium_dt2p5e-4,D3,0.5,1e-12,190,363,0.008733909438765999,0.03185562827940899,0.03303123108756995,-6.820603536947064,2.6064008210660012,500,4266.568688078975,2.220446049250313e-15
equilibrium_dt2p5e-4,D3,0.5,1e-12,191,365,0.03113152666359969,0.010090728064552981,0.03272605606056397,-6.8391673938972115,0.6268934814016872,500,4266.568688078975,2.220446049250313e-15
equilibrium_dt2p5e-4,D3,0.5,1e-12,192,375,-0.029332093270764113,0.014335672112318112,0.03264786655444273,-6.843951536581449,5.373992343476004,500,4266.568688078975,2.220446049250313e-15
equilibrium_dt2p5e-4,D3,0.5,1e-12,193,359,-0.02248681135096809,0.02296331139957446,0.032139856178394044,-6.875316787061021,4.691421706247591,500,4266.568688078975,2.220446049250313e-15
equilibrium_dt2p5e-4,D3,0.5,1e-12,194,367,0.008788257286867818,0.03086264992714886,0.032089509604634456,-6.878452211704081,2.586769751775061,500,4266.568688078975,2.220446049250313e-15
equilibrium_dt2p5e-4,D3,0.5,1e-12,195,373,0.019161325238574584,0.025285537504526803,0.0317256172799091,-6.901261616726876,1.8446465262194143,500,4266.568688078975,2.220446049250313e-15
equilibrium_dt2p5e-4,D3,0.5,1e-12,196,371,0.016586839604747047,0.027006532391060167,0.031693469987727554,-6.903289226793183,2.0400328413937356,500,4266.568688078975,2.220446049250313e-15
equilibrium_dt2p5e-4,D3,0.5,1e-12,197,369,0.026450169535582997,0.017186357786684987,0.03154334101570458,-6.912785547160752,1.1524180544207243,500,4266.568688078975,2.220446049250313e-15
equilibrium_dt2p5e-4,D3,0.5,1e-12,198,379,0.03117937989854388,0.00026514419462285866,0.03118050724894745,-6.935924294154569,0.017007253155690495,500,4266.568688078975,2.220446049250313e-15
equilibrium_dt2p5e-4,D3,0.5,1e-12,199,377,-0.030269827606821627,0.006305778066984017,0.03091965880110512,-6.952726180433816,5.872422139250912,500,4266.568688078975,2.220446049250313e-15
equilibrium_dt2p5e-4,D3,0.5,1e-12,200,381,0.019859037421256012,0.02226111699848857,0.029831840327395887,-7.024357977026965,1.6847313567157953,500,4266.568688078975,2.220446049250313e-15
equilibrium_dt2p5e-4,D3,0.5,1e-12,201,385,0.011180531845628363,0.02700269852331848,0.029225845067206116,-7.065403712282165,2.3564696452313187,500,4266.568688078975,2.220446049250313e-15
equilibrium_dt2p5e-4,D3,0.5,1e-12,202,383,-0.008107458000409358,0.028076146771569374,0.029223293667331667,-7.065578318781512,3.7038316112608154,500,4266.568688078975,2.220446049250313e-15
equilibrium_dt2p5e-4,D3,0.5,1e-12,203,387,-0.023351681241027336,0.017553340453148658,0.029213366424407392,-7.066257840369788,4.994015340512534,500,4266.568688078975,2.220446049250313e-15
equilibrium_dt2p5e-4,D3,0.5,1e-12,204,389,0.02866455187088875,0.005280321333552082,0.029146840778108987,-7.070817500336872,0.3643372381965666,500,4266.568688078975,2.220446049250313e-15
equilibrium_dt2p5e-4,D3,0.5,1e-12,205,391,-0.0260969598143296,0.012359422996757526,0.028875710352535274,-7.089509018978351,5.3985805049068105,500,4266.568688078975,2.220446049250313e-15
equilibrium_dt2p5e-4,D3,0.5,1e-12,206,395,0.00119452130498894,0.028176609305671577,0.028201918252355292,-7.136730560436742,3.0568552430736946,500,4266.568688078975,2.220446049250313e-15
equilibrium_dt2p5e-4,D3,0.5,1e-12,207,397,-0.026495202677145377,0.009593420228383843,0.028178528644721246,-7.1383899732483185,5.588391384786969,500,4266.568688078975,2.220446049250313e-15
equilibrium_dt2p5e-4,D3,0.5,1e-12,208,393,-0.0042792025160389435,0.02779896889153056,0.028126397664926056,-7.14209344987874,3.447062659771797,500,4266.568688078975,2.220446049250313e-15
equilibrium_dt2p5e-4,D3,0.5,1e-12,209,406,0.02600712529098321,0.009110191848515067,0.027556599235349213,-7.183026470788499,0.6738769765996703,500,4266.568688078975,2.220446049250313e-15
equilibrium_dt2p5e-4,D3,0.5,1e-12,210,401,-0.0027140980916755438,0.026902968844621053,0.02703952775301166,-7.2209109854307405,3.3426816969599815,500,4266.568688078975,2.220446049250313e-15
equilibrium_dt2p5e-4,D3,0.5,1e-12,211,403,0.01678945218282102,0.02102670820941993,0.026907399776331435,-7.230707891162389,1.7939631184121432,500,4266.568688078975,2.220446049250313e-15
equilibrium_dt2p5e-4,D3,0.5,1e-12,212,399,-0.02220238126905085,0.015009465779024907,0.026799809644622846,-7.238720988606263,5.094272070081861,500,4266.568688078975,2.220446049250313e-15
equilibrium_dt2p5e-4,D3,0.5,1e-12,213,408,0.024169155535450078,0.010949267562244227,0.026533649192042746,-7.258683141296094,0.8507358009730243,500,4266.568688078975,2.220446049250313e-15
equilibrium_dt2p5e-4,D3,0.5,1e-12,214,405,0.02650556333223147,0.0,0.02650556333223147,-7.260801261916648,0.0,500,4266.568688078975,2.220446049250313e-15
equilibrium_dt2p5e-4,D3,0.5,1e-12,215,415,-0.023891895344526563,0.008186928573462251,0.025255661991339343,-7.357409822234847,5.62293356383478,500,4266.568688078975,2.220446049250313e-15
equilibrium_dt2p5e-4,D3,0.5,1e-12,216,410,0.0062804165072094225,0.02432194467769666,0.025119725802822082,-7.36820370586893,2.6361922570826044,500,4266.568688078975,2.220446049250313e-15
equilibrium_dt2p5e-4,D3,0.5,1e-12,217,417,-0.0146915213031718,0.020326919288074934,0.025080359765072422,-7.371340437240888,4.3932718086126945,500,4266.568688078975,2.220446049250313e-15
equilibrium_dt2p5e-4,D3,0.5,1e-12,218,421,-0.009709122449586056,0.022467317416425405,0.024475445054819092,-7.42016981334582,3.9574052760360043,500,4266.568688078975,2.220446049250313e-15
equilibrium_dt2p5e-4,D3,0.5,1e-12,219,412,0.01930921774049829,0.014860314207348515,0.024365443318172933,-7.429178815950809,1.311851222480825,500,4266.568688078975,2.220446049250313e-15
equilibrium_dt2p5e-4,D3,0.5,1e-12,220,419,-0.024315096324748802,0.0014886511348107792,0.024360623790925105,-7.4295744585749315,6.160891295388728,500,4266.568688078975,2.220446049250313e-15
equilibrium_dt2p5e-4,D3,0.5,1e-12,221,414,0.0242124906628623,0.0,0.0242124906628623,-7.441773271764086,0.0,500,4266.568688078975,2.220446049250313e-15
equilibrium_dt2p5e-4,D3,0.5,1e-12,222,423,-0.007222645508313925,0.023015419214671207,0.024122108733811477,-7.449252968339426,3.749762389868789,500,4266.568688078975,2.220446049250313e-15
equilibrium_dt2p5e-4,D3,0.5,1e-12,223,425,-0.020869054865832105,0.011324174790396341,0.023743512496607545,-7.480891887707031,5.28885082405084,500,4266.568688078975,2.220446049250313e-15
equilibrium_dt2p5e-4,D3,0.5,1e-12,224,427,-0.010968186108910122,0.020349895749313767,0.02311751205315199,-7.534329702252269,4.130279017196392,500,4266.568688078975,2.220446049250313e-15
equilibrium_dt2p5e-4,D3,0.5,1e-12,225,429,0.013704275581660545,0.017799362593042996,0.022463848244161456,-7.5916960133486215,1.8293222400394422,500,4266.568688078975,2.220446049250313e-15
equilibrium_dt2p5e-4,D3,0.5,1e-12,226,435,-0.019250135688344758,0.01055557842251528,0.021954224191566292,-7.6375914237826095,5.280052889706326,500,4266.568688078975,2.220446049250313e-15
equilibrium_dt2p5e-4,D3,0.5,1e-12,227,431,0.005495814490371275,0.02074976812205899,0.021465247588411143,-7.682640085709922,2.6237600452985745,500,4266.568688078975,2.220446049250313e-15
equilibrium_dt2p5e-4,D3,0.5,1e-12,228,433,0.02049014370360084,0.006253373511477932,0.021423133974007327,-7.686567828040586,0.5924216689760445,500,4266.568688078975,2.220446049250313e-15
equilibrium_dt2p5e-4,D3,0.5,1e-12,229,437,0.014601774045954086,0.015310447316269791,0.02115706979506782,-7.71156232015006,1.6181709910624336,500,4266.568688078975,2.220446049250313e-15
equilibrium_dt2p5e-4,D3,0.5,1e-12,230,439,-0.014759425098277108,0.014870834433787904,0.020951905545529368,-7.731051359846268,4.704869045543847,500,4266.568688078975,2.220446049250313e-15
equilibrium_dt2p5e-4,D3,0.5,1e-12,231,441,0.0031439899191175475,0.02009754214340754,0.02034197317905898,-7.790137766560583,2.831234994958914,500,4266.568688078975,2.220446049250313e-15
equilibrium_dt2p5e-4,D3,0.5,1e-12,232,445,0.019801956137644385,0.004443172106385532,0.020294315589449045,-7.794828904743127,0.44144936177807265,500,4266.568688078975,2.220446049250313e-15
equilibrium_dt2p5e-4,D3,0.5,1e-12,233,443,0.017904844822484663,0.008663008765540933,0.019890479858190823,-7.8350281216138615,0.901266007670709,500,4266.568688078975,2.220446049250313e-15
equilibrium_dt2p5e-4,D3,0.5,1e-12,234,450,0.018636604104182657,0.0,0.018636604104182657,-7.965255339148159,0.0,500,4266.568688078975,2.220446049250313e-15
equilibrium_dt2p5e-4,D3,0.5,1e-12,235,448,-0.0016427835656769303,0.018541402096475125,0.01861403582103651,-7.967678737613551,3.318332796106935,500,4266.568688078975,2.220446049250313e-15
equilibrium_dt2p5e-4,D3,0.5,1e-12,236,447,-0.018420458012753816,0.0,0.018420458012753816,-7.988586766987512,6.283185307179586,500,4266.568688078975,2.220446049250313e-15
equilibrium_dt2p5e-4,D3,0.5,1e-12,237,455,0.016580621188527912,0.005716844854013252,0.01753850946010859,-8.086712550236708,0.6640530952860428,500,4266.568688078975,2.220446049250313e-15
equilibrium_dt2p5e-4,D3,0.5,1e-12,238,451,-0.010271818771125159,0.014131140746914605,0.017469957059934333,-8.094545225541657,4.398687623410421,500,4266.568688078975,2.220446049250313e-15
equilibrium_dt2p5e-4,D3,0.5,1e-12,239,453,-0.013395800738893831,0.01025266745027498,0.01686904464639526,-8.164550028708243,4.976661399432126,500,4266.568688078975,2.220446049250313e-15
equilibrium_dt2p5e-4,D3,0.5,1e-12,240,467,-0.016557014356607672,0.0,0.016557014356607672,-8.201890877510095,6.283185307179586,500,4266.568688078975,2.220446049250313e-15
equilibrium_dt2p5e-4,D3,0.5,1e-12,241,468,-0.014242139573381756,0.006816760546683864,0.01578945103474191,-8.2968264359195,5.390368291124325,500,4266.568688078975,2.220446049250313e-15
equilibrium_dt2p5e-4,D3,0.5,1e-12,242,459,0.008922880071489605,0.012485456656597182,0.015346153156213228,-8.353780890144586,1.9005955895099083,500,4266.568688078975,2.220446049250313e-15
equilibrium_dt2p5e-4,D3,0.5,1e-12,243,465,-0.004215447798810952,0.014690919207529926,0.015283753050434693,-8.361929813838197,3.70046211005522,500,4266.568688078975,2.220446049250313e-15
equilibrium_dt2p5e-4,D3,0.5,1e-12,244,457,0.005732796585024273,0.014068132932856591,0.015191356782782444,-8.374057291148965,2.367678447725676,500,4266.568688078975,2.220446049250313e-15
equilibrium_dt2p5e-4,D3,0.5,1e-12,245,463,-0.0025299442213903124,0.014600393997201668,0.014817966211220375,-8.423829802485285,3.4847436314376377,500,4266.568688078975,2.220446049250313e-15
equilibrium_dt2p5e-4,D3,0.5,1e-12,246,474,-0.01398125917941053,0.004368695660958638,0.014647904628988066,-8.446915964973325,5.677473933351567,500,4266.568688078975,2.220446049250313e-15
equilibrium_dt2p5e-4,D3,0.5,1e-12,247,470,-0.008134539956787715,0.011893281784818691,0.014409055899734582,-8.479796776275082,4.34135301172324,500,4266.568688078975,2.220446049250313e-15
equilibrium_dt2p5e-4,D3,0.5,1e-12,248,461,0.013462979764385551,0.003335278080258984,0.013869964095444188,-8.556059266614655,0.48569527932813367,500,4266.568688078975,2.220446049250313e-15
equilibrium_dt2p5e-4,D3,0.5,1e-12,249,472,-0.00023433178768964328,0.013711626971079995,0.013713629190727383,-8.578730218449907,3.17576933861068,500,4266.568688078975,2.220446049250313e-15
equilibrium_dt2p5e-4,D3,0.5,1e-12,250,476,0.006619241888738834,0.009992499879641703,0.011986009220181433,-8.848030415401068,1.9714775693167885,500,4266.568688078975,2.220446049250313e-15
equilibrium_dt2p5e-4,D3,0.5,1e-12,251,478,0.007109369014019266,0.007474180312738146,0.010315352593334838,-9.148243900921972,1.6208164177796027,500,4266.568688078975,2.220446049250313e-15
equilibrium_dt2p5e-4,D3,0.5,1e-12,252,487,-0.009534882398382363,0.002764618012670143,0.00992759261386979,-9.224874531959983,5.718766796985714,500,4266.568688078975,2.220446049250313e-15
equilibrium_dt2p5e-4,D3,0.5,1e-12,253,485,-0.00782010251862852,0.005866981186729636,0.009776270845639435,-9.255594343554323,4.995871429198821,500,4266.568688078975,2.220446049250313e-15
equilibrium_dt2p5e-4,D3,0.5,1e-12,254,489,-0.009595981455666477,0.0,0.009595981455666477,-9.292821733026353,6.283185307179586,500,4266.568688078975,2.220446049250313e-15
equilibrium_dt2p5e-4,D3,0.5,1e-12,255,481,0.0051453622988890165,0.008060171224412813,0.009562484685147516,-9.299815362767932,2.005282318894612,500,4266.568688078975,2.220446049250313e-15
equilibrium_dt2p5e-4,D3,0.5,1e-12,256,480,0.009168696718927899,0.0,0.009168696718927899,-9.383920254499484,0.0,500,4266.568688078975,2.220446049250313e-15
equilibrium_dt2p5e-4,D3,0.5,1e-12,257,483,0.006677959938108932,0.005324057814116448,0.008540535143832748,-9.525863219865299,1.3461336584105923,500,4266.568688078975,2.220446049250313e-15
equilibrium_dt2p5e-4,D3,0.5,1e-12,258,494,-0.004571342633284925,0.0045543475862862785,0.006452848627358309,-10.086467196039248,4.716113636151421,500,4266.568688078975,2.220446049250313e-15
equilibrium_dt2p5e-4,D3,0.5,1e-12,259,490,0.0006216483516230592,0.006142729856192966,0.006174105340795549,-10.174782582093002,2.9398780761807206,500,4266.568688078975,2.220446049250313e-15
equilibrium_dt2p5e-4,D3,0.5,1e-12,260,496,-0.0010840353665198662,0.004203375460125459,0.004340909804943058,-10.879342640728563,3.646385939584405,500,4266.568688078975,2.220446049250313e-15
equilibrium_dt2p5e-4,D3,0.5,1e-12,261,498,-0.0036558946803176753,0.0016997129493399974,0.0040316981563268284,-11.027135226074973,5.412795044986179,500,4266.568688078975,2.220446049250313e-15
equilibrium_dt2p5e-4,D3,0.5,1e-12,262,492,0.003005832490154803,0.0011240496180550882,0.003209130178525018,-11.48351070196397,0.7157104426916059,500,4266.568688078975,2.220446049250313e-15
