0.000179118
0.000510334
0.000255462
0.000437108
0.00025638
0.000136564
0.000346661
0.00071602
0.000783378
0.000142724
6.40138e-05
0.000312557
0.000602098
0.000778427
0.000366947
4.5683e-05
3.45086e-05
0.000408602
0.000398558
0.000739557
0.000273832
0.000373303
0.000478652
0.000581904
8.28861e-05
2.58036e-05
1.32616e-05
0.000207598
0.000804342
0.00105921
0.000533431
0.000150448
2.11419e-05
0.000340289
0.00076733
0.000967514
0.000563352
0.000266492
0.000456574
6.83307e-05
0.00038717
0.000358642
0.000711111
0.000939576
0.000465298
0.000157432
0.000399904
6.73968e-05
0.000388576
0.000644444
0.000256016
0.000331221
0.000144552
0.000384805
0.00074929
0.000185881
4.93411e-05
0.000228326
0.000519406
0.0008126
0.000622761
0.000435381
0.000718139
0.000371603
3.47734e-05
0.000164947
0.000310405
6.07222e-05
7.72698e-05
0.00076469
0.000402271
0.000252577
0.000876732
0.00055989
0.000404863
0.000496235
0.000172371
0.000833852
0.000558708
5.18892e-05
7.11061e-05
8.34386e-05
0.000830193
0.000499182
0.000132303
0.000360046
0.00036644
4.92035e-05
0.000227464
0.000369546
0.000298371
5.27886e-05
0.000482262
0.000234692
0.000842959
0.00053315
0.000562989
0.000291795
5.76442e-05
0.000358403
0.000331032
0.000507702
0.000918311
0.000611299
0.00043887
0.000206498
0.000399651
0.000817894
0.000449909
0.000414322
0.000289088
0.000364057
0.000550754
0.000220044
0.000298049
3.64341e-05
3.02472e-06
0.000440363
0.000207942
0.000184677
8.73376e-05
0.000240191
0.000351941
0.000846992
0.000477278
0.000464972
0.000573872
0.00069174
0.000130858
0.000376498
0.000326746
1.43605e-05
5.63657e-05
1.07511e-06
0.000263921
0.000598744
0.000478356
0.000626777
0.00019409
9.87522e-05
0.000593484
4.73363e-05
0.000116599
8.25979e-05
0.000114161
0.000448369
0.000209474
0.0006555
0.00012944
0.000178093
0.000143822
2.89674e-05
0.000821615
0.000810074
0.000775754
0.000709566
0.000555621
0.000122178
4.06767e-05
4.47009e-05
0.000666528
0.000643516
0.000548972
3.11858e-05
4.76554e-05
0.000397853
0.000472583
0.00047611
0.00028808
0.000491482
0.000307223
0.000793502
0.00055757
0.000668869
0.000545886
0.000732297
4.13207e-05
0.000184449
0.000742622
0.000613327
0.000424107
5.1083e-05
0.000343735
0.00042814
0.00062334
0.000687717
0.000526287
0.000135837
0.000153166
0.000167897
0.000163301
5.23895e-05
0.000447087
0.000196157
0.000415332
0.000325261
0.000208222
0.000285254
0.000384003
0.000409341
0.000758292
0.000652613
0.000826653
0.000788402
0.000335842
0.000612128
0.00058786
0.000732751
0.000275918
0.000490844
2.64591e-05
0.00014976
0.000134322
0.000332534
0.000361722
0.000752601
0.000114035
0.000227567
0.000204261
0.000665581
0.000213703
0.000249203
0.000342415
0.000377003
0.000214054
3.3694e-05
0.000221099
0.000898115
0.00033656
0.000893037
9.90464e-06
3.08848e-06
2.68169e-05
1.07545e-05
0.000215302
0.000655523
0.000488978
0.000378508
0.000440126
0.000569737
0.000117786
0.000202212
0.000159389
0.00012105
3.52243e-05
0.000162534
0.000353421
0.000431097
0.000437624
0.000639371
0.000581005
0.000443317
0.000538605
0.000589352
0.00050734
0.000115023
0.000471829
0.000470642
0.000370212
5.34548e-05
0.000126552
0.000345627
0.00016281
0.000104504
9.50612e-06
4.4776e-05
0.000209064
6.0977e-05
8.89787e-06
1.40492e-06
0.000711434
0.00059373
0.000190264
0.000229426
0.00028317
0.000373592
0.000324545
9.39161e-05
5.84561e-05
0.000627809
0.000506331
0.000759909
0.00036653
0.000644554
0.000451758
0.000113566
0.00014075
0.000376917
0.00047422
0.000204062
0.000106541
7.82908e-05
0.000215075
2.71233e-05
7.79312e-06
8.12314e-05
0.000514444
0.000692783
0.000253666
4.88948e-06
8.77416e-05
0.00029454
3.04385e-05
0.000699006
0.000584709
7.05124e-05
0.000646895
0.000143017
8.66967e-05
0.000101017
0.000267054
0.000272471
0.000532219
0.000625504
0.000543943
0.00064477
0.000604974
9.45528e-05
0.000194665
0.00032339
0.000197344
0.000457515
0.000476506
0.00044668
0.000699836
0.000489157
0.0007604
0.000448462
0.000411098
0.000113772
1.04838e-05
0.000104669
0.000133347
0.000260661
0.000774237
0.000901847
0.000169242
5.10437e-05
0.000154729
0.000223785
0.000364063
0.000259806
0.00029756
0.000245467
0.000140433
7.0996e-05
0.000115995
0.000355532
0.000499042
0.000758568
0.000689372
0.000525546
0.000768138
0.000324746
0.000652501
0.000493804
0.000567789
0.00055859
0.00059581
0.000816377
0.000195068
0.000103961
6.84424e-05
5.49762e-05
0.000115868
7.82612e-05
2.45823e-05
0.000275815
0.000401532
0.000357193
0.000550164
0.000723556
0.000384777
0.000586956
0.000249492
0.000556784
0.000404278
0.000628935
0.000976778
0.000532088
1.21876e-05
3.24238e-07
0.000419288
0.00038518
0.000505284
0.000183128
8.89685e-05
0.000676543
0.000594556
0.000361604
0.000283905
0.000112281
3.65291e-05
5.09569e-05
1.43019e-05
4.58665e-05
5.1717e-05
0.000151183
0.000162025
9.7116e-05
0.000303948
0.000583911
0.00063242
0.00025684
4.82475e-05
2.11224e-05
0.000113465
0.000140757
0.000341375
0.000833337
0.000451867
1.83082e-05
0.000319774
0.000198288
3.31907e-05
0.000133042
6.19635e-05
7.97653e-05
0.000450269
0.000546553
0.000264178
0.000455651
0.000346486
0.000389369
0.000342824
0.000425142
0.000139826
0.000317165
0.0006989
7.02949e-05
0.000325831
0.000477196
0.000870841
0.000969319
0.000666876
0.000753149
0.000278138
0.000282578
6.83127e-05
0.000268568
0.000108804
0.000480709
0.000418355
0.00027346
0.000237011
0.00034822
0.000420767
0.000457232
0.000285949
0.00013164
0.000540642
0.00015086
0.000487359
0.000592905
0.000460657
0.000836764
9.59491e-05
0.000578485
0.00043199
0.000417921
0.000297982
4.45055e-05
2.64073e-05
0.000111771
0.000142783
0.000238294
0.000144378
0.000291586
0.00024497
0.000355911
0.000370044
8.5041e-05
0.000342548
0.000705443
0.000263831
0.000440384
0.000616447
0.000599783
2.96773e-05
0.000413048
0.000346271
0.000383238
0.000153931
0.000106856
0.000232664
2.88484e-05
0.000229962
0.000504587
0.000248407
0.000100649
0.000397163
0.000114696
0.000308255
0.000473761
0.000519761
4.15709e-05
0.000138758
0.0007652
0.000184066
3.90744e-05
3.64355e-05
0.00030382
6.69254e-05
5.05735e-05
0.000239938
0.000655159
0.000185394
0.000658435
0.000943139
0.000503341
0.00052909
0.000415594
0.000772927
0.000467831
0.000319757
4.72847e-05
9.91616e-06
8.67265e-05
0.000349412
5.68089e-05
2.04935e-05
0.000542445
0.000575295
0.00067042
0.000610888
0.000986181
0.000717449
0.000235984
0.000374158
0.000682623
0.000525632
0.00015866
0.000430879
0.000601294
0.000736142
0.00073711
0.00054609
0.000518864
0.000725791
0.000598925
0.000334261
0.000699775
0.000365357
5.54905e-05
0.000134022
0.000417879
0.000659679
0.000345244
0.000334062
0.000112994
0.000383807
0.000164106
0.000245593
0.000291875
0.0001698
0.000561763
0.000731027
0.000389301
0.000308257
0.000555284
0.000336745
0.000251111
0.000616473
0.00052421
0.0006266
0.000140118
1.15227e-05
0.000256563
0.000207145
0.000249698
0.000411115
0.00074616
0.000655415
0.000814122
0.00017013
0.000586151
0.000391794
0.000639495
5.66223e-05
0.000110225
0.000115544
0.000304502
0.000312049
0.00056655
0.000558179
4.08595e-05
0.00019027
0.000517945
0.000619667
0.000468379
0.000717992
0.000309281
0.00056563
7.32189e-05
0.000103979
0.000416687
0.000193216
0.000425737
0.000125046
0.000251892
0.000150203
0.000117489
0.000155737
9.71233e-05
0.00102329
0.000205917
8.82362e-05
0.000195731
0.000295879
0.000520904
0.000214896
4.37239e-05
1.41203e-05
3.64755e-05
0.000416955
0.0001162
0.000190046
0.000236419
0.000114526
0.000888455
0.000344105
0.000753265
4.17297e-05
0.000447379
0.00034471
0.000634171
5.0328e-05
0.00061799
0.000293789
0.000286231
0.000307667
0.000387755
9.69699e-05
0.000174148
0.000570192
0.000181372
0.000615703
0.000465179
0.000625217
0.000379134
0.000212773
0.000244226
0.000126876
0.000526091
0.00056235
0.000567913
0.000509894
0.00076697
0.000370416
0.000589113
0.000250051
0.000348009
0.000704101
0.000289431
0.000476693
0.00040168
0.000422533
0.000558291
0.000267219
0.000174734
0.000241482
8.14017e-05
0.000249734
0.000548522
0.000457057
0.000108187
0.000121078
0.000259069
0.000493885
9.2175e-06
0.000287688
7.22845e-05
9.19555e-05
0.000281092
0.000285327
3.41692e-05
0.000185486
0.000334747
0.000531575
0.000151632
0.000152807
0.000106309
0.000782289
0.000272228
0.000766222
0.000488368
0.000311922
0.000215546
0.000583019
0.000214209
0.000499408
0.000331903
1.06173e-05
0.000238578
3.2104e-05
8.73892e-06
0.000115101
0.000442582
0.000181934
0.000328845
7.24199e-05
0.000196431
0.000380601
0.000298685
0.000555636
0.000105699
0.000297823
0.000252848
0.000374224
0.000308121
0.000292702
0.000521899
0.000844388
0.000631326
5.16648e-05
0.000164171
0.000345549
0.00047555
0.000114874
1.65972e-06
2.63054e-05
0.000561934
0.000248602
9.43615e-05
1.04996e-05
7.3031e-05
0.000258889
0.000447884
0.000880744
1.71049e-05
0.000384985
1.18188e-05
0.00033824
9.29228e-05
6.5676e-05
1.33762e-05
7.1939e-05
0.000295514
0.000651357
0.000713363
0.000224846
0.000510464
0.000774659
0.000232499
3.70196e-05
9.35444e-05
1.6403e-05
4.71894e-05
0.000124585
0.000492511
0.000172194
0.000606152
0.000566295
0.000631344
0.000408583
0.000243971
0.000128128
0.000122393
0.000121415
0.000568799
2.18115e-05
0.000481817
0.000654819
0.000872838
0.000312643
0.000400125
0.000479246
0.000613854
0.000777031
0.000767769
0.000650065
0.000234189
0.000145704
0.00046295
0.000661509
0.000755591
0.000357007
1.84119e-05
4.82795e-05
0.000330267
0.000123226
0.000391316
4.7401e-05
0.000122636
0.000244324
0.000103945
2.75451e-05
4.62132e-05
0.000259884
0.000205228
0.000877118
0.000650088
0.000714766
0.000593302
0.000735151
0.000254696
7.05914e-05
0.000331856
0.000608993
0.000583994
0.000855652
0.000310955
0.000576225
0.000603041
0.00053657
0.000547105
0.000762252
0.000606888
0.000871738
0.000167453
0.00034041
0.000672426
0.000363518
0.000185372
0.000195267
0.000399411
6.49898e-05
0.000310972
2.33902e-05
0.000686106
0.000210197
7.00472e-05
0.000297523
0.000429046
0.0005001
0.000290969
8.99772e-06
0.000250698
4.96248e-05
0.000459806
0.000562494
0.000259108
0.000454477
0.000317024
0.00042081
0.000406101
0.000648743
0.000557278
0.000535486
0.00042199
0.000886284
0.000269844
0.00021639
0.000252482
0.000380376
1.04264e-05
4.72676e-05
0.000605825
0.000584946
5.70148e-05
0.000391426
0.000321139
0.000542948
0.000706662
0.000458174
0.000353483
0.000417757
0.000250356
0.000211561
0.000399963
0.000365602
0.000467699
0.000813967
6.05867e-05
0.000222394
0.000233968
9.21433e-05
6.30704e-05
0.000259807
2.27774e-06
1.01867e-05
0.000818631
0.000759773
0.000672375
0.000182084
0.000446109
0.000189215
0.000135628
0.000409162
0.000713578
0.000318138
0.000298656
0.000319364
1.27843e-05
0.000330742
0.000424227
0.000675047
0.000438126
0.000178543
0.000126947
3.28579e-05
2.82026e-07
2.68067e-06
0.000130541
8.22471e-05
0.000452069
9.58252e-05
0.000258016
0.000448489
0.000696348
0.000364361
0.000295012
0.000823826
0.000848326
0.000376766
0.000380182
0.000360765
0.000519759
9.47891e-05
0.000172883
0.000758442
0.000566883
0.000484824
0.000260946
0.000593071
0.000134079
0.000426675
0.000152108
0.000221036
0.000148075
0.000583289
0.000269053
0.000585851
2.88468e-05
0.000307261
6.37458e-06
0.00013449
0.000659163
0.000689098
5.75173e-05
0.000304965
0.000568141
6.76332e-05
0.000218914
0.000348874
0.000454315
0.000214795
0.000364102
0.000195127
0.000174771
9.12333e-05
0.000733978
0.000579661
0.000267598
0.000474031
0.000361278
0.000312627
4.01049e-05
0.000735383
0.000651962
0.000639452
0.000405683
0.000182894
3.92457e-06
9.47399e-05
0.000282847
0.000316619
0.000150631
0.000227805
0.000137775
3.57655e-05
0.000336554
0.000502524
0.000572445
0.000333645
0.000679026
0.000566836
0.00038063
0.000588884
0.000652734
0.000162653
0.000390759
0.000463998
0.000323103
0.000201415
0.000146545
0.000254393
0.000552835
0.000119577
7.51891e-05
0.000260174
0.000417478
0.00024104
0.000285076
0.000226797
0.000532083
0.000289314
0.000268778
0.000355766
2.86325e-05
1.82983e-05
0.000491576
0.000484294
0.000660644
0.00020035
0.000107553
0.00052971
6.33991e-05
0.000158087
0.000179146
0.000442281
0.000272675
6.51546e-05
0.000273921
0.000199755
0.000391798
2.23736e-05
0.000327659
0.000352625
0.000354947
0.000503527
9.61571e-05
0.000271548
0.000451746
0.00025593
0.00055971
0.000505756
0.000323613
0.000210262
0.000320255
0.000425039
0.000333791
0.000269758
8.81634e-05
0.000308024
0.000326089
0.000553297
0.000603646
0.000405573
0.000561829
0.000535931
0.000431842
0.000450738
0.000219788
0.000627878
0.000272204
0.000526296
0.000291218
0.000354273
0.000394615
0.000403232
0.000383665
0.000246032
0.000223856
0.000301779
0.00028709
0.00010709
5.4042e-05
8.42519e-05
5.33014e-05
0.000187326
0.000258098
0.000219254
0.000287695
0.000464641
8.62947e-05
8.81481e-05
0.00016831
0.000282068
0.000257501
0.000549763
0.000356741
0.000139084
0.000502766
0.00053245
0.000277254
0.000450468
0.000344062
0.000213194
0.000878147
0.000304125
7.13072e-05
0.000132688
0.000119266
0.000143821
0.000133833
0.000235734
0.000288172
0.000775078
0.000372882
0.000575678
0.000557449
0.000112794
0.000214071
9.46966e-05
0.000197188
2.42359e-05
0.000358883
0.000416746
0.000196082
0.000177193
0.000244814
0.00045515
0.000160552
0.000728135
0.000586496
0.000365901
0.000276516
0.00054339
3.09729e-05
0.000126311
0.000220889
0.000535732
0.000216039
0.000273045
3.43751e-05
5.15103e-05
9.55036e-05
0.000262774
6.67193e-05
0.000537333
0.000544376
0.000136972
0.000145575
0.000501456
0.000299037
0.000681506
0.000263461
0.000473801
0.000145176
0.00046096
1.61151e-05
0.000660497
0.000360859
0.000390784
0.000603912
0.000347721
0.000250858
0.000528274
0.000417374
0.000469769
0.000582537
0.000387096
0.00072088
0.000192986
0.000307282
0.000387584
4.56815e-05
0.000126095
0.000132572
0.000239209
0.000289089
0.000217546
0.000452254
4.46938e-05
0.000238036
0.000295535
0.000225656
0.000714946
0.000315492
0.000350588
0.000411357
0.000229423
0.000105464
0.000304755
0.000159074
7.29564e-05
0.000709854
0.000364734
4.73576e-05
0.000364912
3.87255e-05
0.000690621
0.00014456
0.000349614
0.00110902
0.000717566
0.000621012
0.000427646
0.000369823
0.000578082
0.000407486
0.000778182
0.000380342
0.000314727
4.7828e-05
0.000599961
0.000532408
0.000785679
0.000545928
0.000733781
0.000154185
0.000413259
0.000161577
9.73278e-06
0.000142606
0.000177736
0.000107884
0.000112277
0.000355672
7.21669e-05
0.000103181
0.000399771
0.000316764
0.000400909
0.000404844
0.000231394
0.000137284
5.87456e-05
4.66958e-05
0.000296694
0.00045924
0.000436829
0.000467679
0.000650977
0.000145712
0.000266542
0.000375882
0.000452696
0.00019699
0.000210304
0.000449802
0.000116467
3.05026e-05
2.04699e-05
0.000109195
0.00024949
4.49017e-05
0.000113325
4.41228e-06
0.000468546
5.05997e-05
6.96869e-05
0.00100915
0.000302512
0.000179683
0.000252373
0.000588951
0.000349305
0.000706649
0.000578234
7.2377e-05
0.00046078
0.000477969
0.000195989
0.000227872
0.000363051
0.000357111
0.000343102
0.000802671
0.000810724
0.000722897
0.000546078
0.000874183
0.000245856
0.000228154
0.000439076
0.000688351
0.000465995
0.000166178
6.65024e-05
0.000583934
0.000608784
0.000392467
0.000729046
0.000369314
0.000125296
0.000209366
0.000238821
0.000127531
0.000433327
0.0007656
0.000772475
0.00076327
0.000231932
0.000615031
0.000386494
0.00013225
6.98995e-05
5.37821e-05
0.000131756
7.7774e-05
0.000141781
3.24957e-05
0.000433712
0.000138045
3.05735e-05
0.000170969
8.9789e-05
6.75853e-05
4.29838e-05
0.000284866
0.000235501
0.000363742
9.13798e-05
0.000720824
0.000708076
0.000528124
0.000292628
0.000564678
0.000283232
0.000390734
0.000383937
2.96512e-05
0.000448369
0.000365602
0.000233463
0.00033341
0.000354864
0.000224453
0.000477218
0.000162184
0.00033727
3.3806e-05
4.77716e-05
0.00028502
0.000388397
0.000384699
0.000617441
0.00045817
0.000108687
8.97558e-05
0.00071768
0.000505818
0.000352616
0.000456068
0.000288502
0.000367513
0.000677899
0.000436969
0.000676192
0.000264501
6.22407e-05
0.000136042
0.000219399
0.000675635
0.000505763
0.000247949
5.81611e-05
0.000567943
0.000335573
0.000829563
0.000526168
8.20571e-05
2.90178e-05
0.000371311
0.00051143
0.0004095
0.000173346
0.000429958
0.000178358
0.00011808
0.0003346
0.000254405
0.000318028
0.00033434
0.000469114
0.000452692
0.000550055
0.00028001
0.000603385
0.000143799
0.000904815
0.000309641
0.000787198
0.000538964
0.000556652
0.000423354
0.000237087
7.68952e-05
0.000448999
0.000773243
0.000539789
1.88474e-05
9.76525e-05
6.54696e-05
2.62968e-05
8.90877e-05
3.20163e-05
0.000166774
0.000143821
7.74124e-05
0.000877264
0.000290402
0.000185335
7.50427e-05
0.000360669
0.000433715
0.000397852
0.000271153
0.000302283
6.18937e-05
0.000174786
0.000481904
0.000457585
0.000677068
0.00050391
0.000207694
0.000199047
8.22739e-05
0.000566742
4.46906e-05
0.00021874
0.000308253
0.000138002
6.22792e-05
0.000544464
2.27365e-05
2.29768e-05
8.22063e-05
0.000209017
0.000140603
0.000152699
0.000305571
0.00074772
0.000563502
0.000520865
0.000680178
0.000306229
0.000101651
0.000315759
0.000943749
0.000753699
0.000378698
0.000617209
0.000316679
0.000118345
0.000284758
0.000116839
0.000400819
0.000348363
0.00026268
0.000182449
0.000120729
0.000298582
0.000580392
0.000211588
0.000185609
0.000243214
0.000976495
0.000295584
0.00061515
0.000802083
0.000579398
0.000322192
0.000431288
0.000690413
0.000346078
0.000515835
0.00030939
0.000380524
0.000573481
0.000451181
0.000444974
0.000164625
0.000191876
0.000279501
0.000551533
0.000483884
1.88044e-05
3.30456e-05
4.94712e-05
0.000128367
0.000126492
8.53757e-05
2.29361e-05
0.000112585
0.000351942
0.000265229
0.000174483
0.000788474
0.000398717
0.000398211
0.000250574
0.000507715
0.000516639
2.3053e-06
1.77013e-05
6.69708e-05
0.00059825
0.00026779
7.20697e-05
0.000343393
0.000114242
0.000838405
0.000506323
0.000419721
0.00012223
0.000457641
0.000603703
0.000530231
0.000407233
0.00018083
3.70853e-05
9.16197e-05
5.8942e-05
0.000265621
2.52808e-05
0.000280542
0.000216324
0.000262286
8.29395e-05
0.000365194
0.000376164
6.2701e-05
2.63453e-06
1.65914e-05
0.000148718
0.000162235
0.000177845
0.000500994
3.74652e-05
0.000130212
4.16504e-05
0.000712469
0.000324983
0.000348546
0.000293795
0.000215771
8.35164e-05
2.75937e-05
2.87416e-05
5.25786e-05
0.000134753
0.000481017
0.000466012
0.000621005
0.000158923
0.00015934
7.27528e-05
0.000312279
4.91154e-05
0.000658406
0.000608658
0.000642872
0.000405324
3.13786e-05
1.94166e-05
0.000716727
0.000844157
0.000276933
1.80531e-05
0.000587397
0.000181322
0.000288385
0.000452273
0.0005712
0.000511033
0.000490007
0.000584965
0.000658597
0.000748321
0.000467807
0.0004846
0.000323748
0.00033818
0.000595955
0.000177904
0.000258937
0.000622676
0.000496344
0.000942203
0.000332297
0.000916999
0.000144113
0.000493116
0.000567455
0.000613668
0.000482796
0.000817281
0.000393386
0.000206324
0.000285085
0.00101439
0.000190225
0.000272448
0.000805005
0.000478188
0.000511862
0.000575146
0.000440419
0.000498564
0.000239822
0.000311379
0.000104121
0.000840176
0.000402191
0.000379952
0.000677993
0.000109226
0.000146738
0.00011031
0.000206214
0.000561099
0.000186049
4.85472e-05
0.000226937
5.81341e-05
0.000114167
0.000169099
0.000163708
5.18628e-05
0.000247402
0.000183538
0.000659224
0.000330204
0.000310818
0.000463191
0.000462992
0.000514965
0.000758487
0.000135389
0.000215135
0.00054298
0.000409675
0.000348247
0.00038639
0.00010935
0.000246611
0.000227228
0.000832822
0.00100939
0.000357848
0.000533482
0.000444298
0.000581886
0.000198174
0.000311767
0.000106385
1.77627e-05
0.000576595
0.000703124
0.000340129
0.000536328
0.000310775
0.000464889
0.000817817
0.00068987
0.000306978
5.88456e-05
0.000181633
0.000439658
0.000471478
0.000514103
0.000435029
0.000567104
2.56941e-05
4.24659e-05
0.000274329
0.000206042
0.000237762
0.000222392
0.000736307
0.000332704
0.000376088
0.000114211
0.000537158
0.000326235
0.000302379
0.000618398
0.000382097
0.000622099
0.000360657
3.72788e-05
4.35878e-05
3.84451e-05
0.000722851
0.000450543
6.93953e-05
0.000295793
0.000476538
0.000270757
5.42785e-06
1.29355e-06
7.28702e-06
5.89826e-06
0.000121884
0.000120162
0.000585233
0.000485678
0.000209034
0.000179507
0.000414857
0.000649832
0.00061782
0.00035967
0.000502215
0.000616191
0.000599412
0.000563757
0.000458188
4.1498e-05
0.000242015
0.00068321
0.000703786
0.000442511
0.000483359
6.81321e-06
2.15119e-05
0.000702061
0.000435611
0.000219103
0.000683214
0.000553172
0.000454321
0.000746417
0.000400603
0.000143847
3.05231e-05
1.52775e-05
3.48809e-06
0.000425039
0.000989091
0.000477521
0.000322818
0.000416748
0.000400845
0.000796526
0.000446209
0.000366374
0.000198099
0.000151607
0.000350189
0.00044781
0.000447985
0.00016612
0.000508044
7.11433e-05
0.000230166
0.000393446
0.000463409
0.000316021
0.000168241
0.00034809
9.93278e-05
0.000540992
0.000750338
0.000796063
0.000308042
0.000420223
0.000397617
0.000394722
0.000442837
0.000878006
0.000594467
0.000292557
0.000376712
0.000331066
0.000297783
0.000472301
0.000487348
0.000291309
6.41268e-05
0.000166647
0.000331644
0.000691474
0.000592272
0.000513907
0.00039381
0.000441284
4.81187e-05
0.000248528
0.000216843
0.000153074
0.000226538
0.000363133
6.26781e-05
0.000512362
0.000143831
0.000127565
0.000107335
0.000132259
0.000453912
0.000600817
0.000500453
0.000413588
9.23002e-05
0.000254219
5.11605e-06
2.53228e-05
3.60284e-05
0.000137069
0.00023819
0.000318754
0.000100622
2.51895e-05
5.95277e-05
1.56964e-05
0.000268617
1.50325e-05
6.83355e-05
0.000190077
0.000469111
0.000816395
0.00028605
0.000702436
3.96461e-05
0.000525733
0.000645826
0.000247152
0.000873048
5.90575e-05
0.000374023
0.0006086
0.000235455
0.000150728
0.000155205
0.000718551
0.000183374
9.62492e-05
0.000294769
0.00048125
0.000276578
0.000353036
0.00016934
2.69057e-05
0.000110609
2.95913e-05
0.00010319
0.000318977
0.000569808
5.87671e-05
0.00037574
0.000452027
0.000358444
0.000256059
0.000299468
0.000169366
7.85632e-05
1.28419e-05
7.21939e-05
0.000266152
0.000431948
0.000226042
0.000411802
0.000296043
0.000359627
0.000385234
8.4757e-06
0.000106216
0.000950336
0.0005313
0.00043311
0.000254842
0.000186913
0.000195452
0.000267486
0.000380404
0.000327581
0.000171418
0.000397726
0.00041096
0.000383579
7.5731e-05
8.47024e-06
1.81189e-05
0.000604424
0.00031805
0.000391183
0.000324182
0.000594606
0.000658834
0.00013366
5.14852e-05
0.000419286
0.000701301
0.000551996
0.000814821
0.000302003
0.000718757
0.000603498
0.000330261
5.55816e-05
2.32303e-05
0.000136629
0.00028723
0.000543304
0.000319381
0.000430248
0.000264353
0.00043783
0.000182356
0.000275239
6.66114e-05
0.000161669
0.00032276
0.000705624
0.000444643
7.0386e-05
7.78739e-06
0.000101509
0.000159287
0.000356424
0.000346782
9.07847e-05
0.000263636
9.93088e-05
0.000295687
0.000348988
0.000345039
0.000330842
0.000271358
3.99804e-05
0.00027719
0.000532418
0.000776756
0.000511557
0.000578214
9.39584e-06
0.000530171
7.35595e-05
0.000558941
0.000221726
0.000151566
0.000140869
4.1492e-05
0.000292424
9.47096e-05
3.71413e-05
2.55186e-06
1.03002e-06
1.08458e-05
4.54744e-05
0.000185659
0.000158876
0.000404066
0.000289247
0.000419687
0.000110739
0.000368278
0.000675952
0.000626532
0.000480113
0.000549937
0.000353792
0.000611119
4.80778e-05
3.5407e-05
1.72116e-06
0.000160933
0.000790442
0.000324114
0.000547159
0.000173479
0.000292092
0.000588748
0.000784131
0.000183439
0.000222008
0.00050466
0.000383284
0.000241806
7.96822e-05
3.00817e-05
7.27289e-05
5.66661e-05
0.000120026
0.000389413
0.000249785
8.25327e-05
0.000134862
2.28061e-05
0.000237527
0.000680042
0.000682112
0.000613925
6.42243e-05
0.000271605
0.000422712
0.000403085
0.000415106
0.000105895
0.000264305
0.000382985
0.000384194
0.000181511
5.06385e-05
0.000323046
0.000175329
4.7984e-05
7.98566e-05
0.000277424
0.000310372
0.000278057
3.08046e-05
5.03176e-08
1.18729e-05
0.000144898
0.000640789
0.000565323
7.54555e-05
0.000563996
0.000413292
4.28856e-05
6.07403e-05
6.17884e-05
6.52622e-05
0.000160265
0.000433712
1.41749e-05
0.000174567
8.09114e-05
0.000605727
0.000578557
0.000622378
0.00058565
0.000454092
0.000153756
0.000201481
0.000402494
7.63336e-05
0.000112205
0.00026966
0.000164688
5.61378e-05
0.000398407
0.000383918
0.000349797
0.000583888
0.000368008
7.02538e-05
7.01633e-05
0.000416527
0.000282679
7.75705e-05
0.000564259
0.000768453
0.000626646
0.000251307
0.000238457
0.000241384
0.000493809
0.000584901
0.000259561
0.000556057
0.00027472
0.00018401
0.000440364
0.000213672
0.000691653
0.000369586
0.000147979
0.000502816
0.000268537
0.000326425
0.000517572
0.000393665
0.000457268
0.000194109
0.000251439
9.79983e-05
6.9947e-05
9.40385e-06
1.35215e-05
6.44897e-05
0.000184294
0.000449292
0.000478452
0.000272337
9.75171e-05
5.81446e-05
0.000107121
0.000166421
0.000307981
0.000125496
0.000125257
0.000385603
0.000410242
0.00036654
0.000412912
0.000661019
0.00050073
0.000808067
0.000195735
6.36518e-05
0.000229508
0.000247547
0.000106471
9.13192e-05
8.99722e-05
5.39655e-06
3.97751e-05
0.000159117
7.21461e-05
0.000353435
0.000762855
0.000529003
0.000787532
0.000527051
0.000144311
0.000315506
0.00041981
7.25232e-05
0.000354759
0.000389341
3.15191e-06
8.12163e-06
0.000408113
0.000568491
3.87276e-05
0.000164428
0.000254536
9.45755e-05
0.000554518
0.000387468
0.00033789
0.000574538
0.000100259
0.000146801
9.74793e-05
6.31638e-05
0.000205066
0.000311447
0.000212272
0.000644878
0.000626839
0.000551177
0.000503791
0.000664745
0.000489042
0.000410333
0.000378528
0.000351869
0.000528003
0.000590284
0.00060815
0.000481765
0.000392234
0.00032518
0.000567231
0.00017408
0.000319046
4.08858e-05
1.67847e-05
0.000673317
0.000402663
0.00044076
0.000553943
0.000364781
0.000614954
0.000159875
0.000479504
0.000421625
0.000307169
0.000159105
0.000148499
9.31638e-06
0.000150781
0.00028345
3.72568e-05
0.000237906
5.90222e-05
0.000144738
9.12218e-05
9.36713e-06
0.000149017
0.000138987
4.11446e-06
8.48794e-05
8.99838e-05
0.000302958
0.000120897
2.56981e-05
0.000254332
0.000460437
0.000266848
0.000514122
0.000180585
0.000107404
0.000296867
0.000404283
0.000431402
0.000511034
0.000561044
0.000111559
1.71344e-06
0.000127284
0.000129282
0.00037897
0.000494
0.0001806
0.000258163
0.000252412
0.000437739
2.22813e-05
0.000112794
0.000342372
0.000713561
0.000660508
0.000109915
0.000433611
0.000634123
0.000191422
0.000386301
0.000348301
0.000476349
0.000469586
0.000121733
0.00016551
0.000229419
0.000533339
0.000298724
0.000244199
4.7553e-07
1.87968e-05
0.00017008
0.000609253
2.33307e-05
5.33174e-05
0.000110879
0.000503289
0.00045997
0.000230042
6.68373e-05
4.80671e-05
0.000272033
0.000252864
0.000272894
0.000178166
0.000224197
2.70743e-06
3.45279e-05
0.00017139
0.000372965
0.000269485
0.000285482
0.00035442
0.000124724
0.000248678
0.000236541
0.00087546
0.000610717
0.00074901
0.000707306
0.000305358
0.000394994
6.81734e-05
0.000210671
0.000282489
0.000369644
0.000972948
0.000465749
0.000490893
0.000500788
0.000334449
0.00040985
0.000374065
0.000331153
0.000468052
0.000161791
0.000511588
0.000317712
5.02857e-05
0.000549658
0.000523771
0.000322435
0.000422874
0.000382211
0.000632803
0.00103845
0.000497926
2.74409e-05
0.000778213
0.000345708
0.000690702
0.000245724
0.000169323
0.000726416
0.000536422
0.000371464
0.000374865
0.000359992
0.000203285
8.7385e-05
0.000397905
0.000260376
3.85226e-05
4.81549e-05
9.15708e-05
2.12824e-05
8.40334e-06
1.17973e-05
3.91725e-06
7.05412e-05
0.000107694
0.000350991
5.61746e-05
0.000113533
0.000288104
0.00052387
0.000637659
0.00051853
0.000435062
0.00023802
4.80566e-05
0.000798589
0.00040832
0.000534491
0.000199287
2.18755e-05
0.000269682
2.12892e-05
2.78322e-05
0.000604254
0.000681991
0.000141877
0.000418001
0.000338687
0.000225382
0.00069821
0.000636976
0.000587435
0.000389647
0.000348172
0.000401209
0.000112273
0.000638252
0.000640022
0.00029147
0.000162981
2.78579e-05
0.000388605
0.000295185
0.000441305
0.000285847
0.000129388
0.000456073
0.000466807
0.000520206
0.000154238
0.000211537
0.000163799
0.000500323
0.000430516
0.00102461
0.000439113
0.000323105
0.000404744
0.000214208
0.000132459
0.000196028
0.000155907
3.13928e-05
3.12053e-05
0.00039213
0.000297084
1.04878e-06
0.000340428
0.000275188
0.000443009
0.000128046
6.25525e-05
0.000221728
0.000285004
0.000179457
0.000423645
0.000494752
0.000135714
0.000685577
0.000535455
0.000397027
0.000715746
0.000414875
0.000333144
0.000500315
0.000745884
0.000523981
0.000338903
0.000677468
0.000332558
0.00026167
0.000171812
0.000332818
0.000457817
0.000164995
0.00032956
0.000531199
0.00026186
0.000566467
4.95272e-05
8.18254e-05
0.000715176
0.000773279
0.000534
8.81375e-05
2.46138e-05
9.00692e-06
0.000170101
3.96966e-05
0.000168438
0.000583149
4.97159e-05
3.09534e-05
8.38528e-05
0.000380631
0.000712424
0.000490066
2.38721e-05
7.45404e-05
0.000180486
0.000758961
0.000371716
0.000523805
0.000109898
0.000438015
0.000431332
0.00050153
0.000263053
0.000615184
0.00039507
0.000764237
0.000746391
0.000188462
0.000249821
5.28108e-05
0.000399922
0.000625501
0.000638335
0.000122884
0.000132129
0.000403743
0.000224693
0.000303942
0.00038135
0.000323819
0.000231702
0.000640499
0.000291623
0.000113779
8.86859e-05
0.000123095
9.2124e-05
0.000327051
0.000358286
0.000276552
0.000354996
0.000390758
0.000233052
0.000288176
0.000500571
0.000493563
0.00029656
0.000515856
0.000260945
0.000184838
0.000316009
0.000178703
0.000447406
0.000504868
6.85798e-05
0.000216218
1.74405e-05
0.000327891
0.000231932
1.57237e-05
9.01421e-05
0.00060977
0.000425881
8.80248e-05
5.38292e-05
0.000155982
0.000272421
0.000690325
0.000584743
0.000293148
0.000393485
0.000358552
0.000537968
0.000283594
0.000233955
0.000461366
0.00036891
0.00042888
0.000163069
0.00026807
9.18692e-05
7.66928e-05
0.000269629
0.000240937
0.000218117
0.000111215
0.000397454
0.000205237
0.000163869
0.000261913
0.000487459
0.000459645
0.00070959
0.00013977
4.72846e-05
6.04725e-05
0.000225984
0.000665325
0.000560908
0.000108342
0.000409288
0.000500986
0.000638702
0.000255204
0.000453829
0.000411563
0.00015622
0.000212151
0.000330672
0.000706548
0.000128697
0.000464962
0.000479552
0.000554193
0.000422373
0.000432412
0.000637788
0.000270837
0.000706815
0.000112901
0.000372779
0.000407529
0.000422184
0.000473118
0.000185201
6.06628e-05
6.75923e-05
2.82453e-05
0.000617212
0.000509752
0.000747083
0.000489057
0.000253012
0.000516694
0.000401302
0.000605575
0.000546789
9.70002e-05
4.22451e-05
0.000447777
1.1603e-05
0.000624771
0.000692246
0.000208143
0.000725375
0.000706046
0.000115118
3.22098e-05
9.69324e-05
0.000516381
4.03801e-05
0.000427895
3.97414e-05
4.4296e-05
0.000470244
0.000232486
0.000512029
0.000103087
0.000293812
0.000374012
0.000220806
0.00014735
0.000237509
0.000167487
0.000357446
0.000504487
0.000158972
0.000125455
0.000121722
0.000695641
0.000513523
0.000172146
0.000165397
0.000986542
0.000444571
0.000312905
0.000319003
0.000242305
0.000437398
0.000267214
0.000183623
0.000304233
0.000144962
0.000650235
0.000904128
0.000732394
0.000474788
0.000758697
0.000108209
0.000121666
0.000209716
0.000156004
0.000432612
0.000631045
0.000477258
5.10395e-05
3.21144e-05
0.000192537
0.000555395
0.000493962
0.000261395
0.000544378
0.000314325
0.000111047
1.70218e-05
0.000146927
0.000322477
0.000243853
0.0002385
0.000618825
0.000879057
0.0011013
0.000881066
0.000333706
0.000621931
0.000668474
0.000706926
0.000861771
0.000363208
0.000366422
0.000147763
0.000173176
0.00037199
0.000161989
0.00027251
0.000424768
0.000627458
0.000820524
0.000447075
0.000557906
0.000293208
0.000580499
0.000415864
0.000167995
0.000448347
0.000329879
0.000510962
0.000493424
0.000568593
0.000325501
0.000406189
0.000223416
0.000392894
0.000449976
0.000205028
7.78354e-05
0.000168936
0.000232659
0.000464872
0.000395645
0.00052668
3.38031e-05
0.00023518
0.000393541
0.000143928
0.00050118
0.000370608
0.000420122
0.000264835
0.000676126
0.000411931
0.000542177
0.000359481
0.000546052
0.000138401
1.33397e-05
0.000335589
0.000439296
0.00040123
0.0006815
0.000761459
0.000361016
0.000599751
0.000472477
0.000313207
0.000858931
0.000477547
0.000548934
0.000337325
3.54697e-05
0.00023672
4.21057e-05
3.90768e-05
0.000164863
1.93606e-05
0.000315605
0.000344664
0.000428583
0.000578509
0.000481188
0.000140922
0.000279369
0.00045656
0.000266783
0.000397099
0.000768941
0.0010002
0.000592179
0.000513367
0.000914916
0.000404624
0.0002967
0.000488069
0.000655533
0.000664138
0.000261261
0.0002114
0.000180471
0.000613026
0.000447774
0.000509835
0.00051762
0.000350414
0.000602842
0.000361282
0.000225144
0.000225767
1.75949e-06
9.0646e-05
7.69319e-05
0.000630872
0.000376858
0.000335874
0.000471286
0.000924083
0.00055016
0.000617145
0.000430213
0.000532795
0.000618358
0.000750475
0.000353374
7.07552e-05
0.00018432
0.000264218
1.67167e-05
0.000138887
0.000172691
1.64176e-05
5.42366e-05
0.000748684
0.000925137
0.000532616
8.83386e-05
0.000122012
5.67749e-05
0.00046907
0.000109522
4.96464e-05
0.000115486
7.77857e-05
0.000131366
0.000719093
0.000505384
0.000569119
0.000261352
0.000421629
0.000461131
0.00043409
0.000662585
0.000487249
0.000125712
0.000546733
0.000315423
1.42851e-05
4.06564e-06
3.15215e-05
0.000278234
0.000981871
0.00021236
0.000339368
8.71976e-05
0.000676788
0.00072693
0.000448262
0.000581451
0.000560959
0.000169962
0.000294782
0.000288061
0.000595216
0.00044719
0.000540114
0.000676973
0.000639474
0.000289728
0.000542605
0.000451925
0.000496816
2.84819e-05
0.000323404
0.000702976
0.000611745
0.000308431
0.000421708
0.000453086
0.000365064
0.000814089
0.00045365
4.42073e-05
5.00713e-05
0.000125526
0.000518491
0.000245364
2.16714e-05
0.000359013
0.000778331
9.81655e-05
0.000291137
0.000376857
0.000322225
0.000559614
0.000430614
0.000980485
0.000161827
6.70443e-05
0.000173818
0.000102518
0.000347312
0.000369233
1.74535e-05
0.000551839
0.000432226
0.000613322
0.000215104
0.000474652
0.000165128
0.00037082
0.000167701
6.62689e-05
0.00027727
0.000439233
0.000246098
0.000572422
0.000608746
0.000560583
0.00031184
0.000353434
0.000503728
0.000446959
0.0005138
0.000408207
0.000243349
0.00054401
0.000690303
0.000848424
0.000878284
0.000152858
0.000377024
0.000389325
0.000771112
0.000378591
0.000496017
0.000437619
0.00034881
0.000358648
0.000132639
4.65176e-05
0.000620271
0.000616139
0.000174152
0.000403903
0.000189345
0.000234779
0.000371956
0.000124942
7.84508e-05
0.000155655
5.79547e-05
0.000209059
0.000101185
0.000134932
0.000441579
0.000317911
0.00083146
0.000422293
0.000541881
0.000320328
0.000343984
0.000257297
0.000309178
0.000408355
0.000639043
0.000536491
0.000593652
0.000668912
0.000315607
0.000367796
0.000405764
0.000157232
0.000253829
0.000214504
0.000193743
0.000605285
0.000298802
0.000461075
0.000583208
0.000453409
0.000365857
0.000404777
0.000294197
9.00644e-05
0.000406897
0.000265366
0.000323901
0.00057981
0.000500327
0.00013161
0.000788122
9.88398e-05
3.51203e-05
0.000504355
0.000161271
0.000545399
0.000522218
0.00011056
0.000686027
0.000263284
0.000155472
3.11384e-05
2.47449e-05
7.03286e-05
8.56229e-05
0.000213752
0.000416956
0.000407401
0.000553152
0.000471845
0.000311128
0.000416925
0.000308036
9.43081e-05
7.35301e-06
0.000229548
9.14597e-05
0.00039151
0.0002669
0.000518302
2.98404e-05
0.000363927
0.000317803
0.000605193
0.000207484
0.000638877
0.000807571
0.000523748
0.000390841
0.000491778
0.000183453
1.8197e-07
4.009e-06
0.000199427
0.000912584
0.000284685
0.00035114
8.15053e-05
0.000150796
0.000245412
0.000223517
0.000155187
0.000127989
3.73645e-05
0.000820428
0.000261898
0.000300112
0.000186719
0.000149914
7.18912e-06
0.00027575
0.000615735
0.000474004
0.00055961
6.00257e-05
0.000358557
0.00012953
6.64711e-05
8.86623e-05
0.000553639
0.000235408
0.000179183
0.000225881
0.000689569
0.00090608
5.06782e-05
0.000381572
0.000545271
0.000407355
0.0006001
0.000709093
0.000769921
0.000382639
0.000393586
8.69461e-05
7.22129e-05
7.09248e-05
9.76503e-05
0.000639334
0.000282924
0.000407319
0.000249306
0.000607862
0.00039736
0.000433613
0.000531627
0.000228358
5.8122e-05
0.000705307
0.000627752
0.00050848
0.000494513
0.000558871
0.000112175
0.000169621
0.00020286
2.83634e-05
0.000148398
0.000607159
1.36971e-05
4.34964e-05
0.000284587
0.00087198
0.000130221
3.3653e-06
0.000219762
0.000296689
0.000300763
0.000571799
0.000281114
0.000678947
0.000559573
0.000322537
0.000667697
0.000118007
0.000315008
0.000527056
0.000274325
9.0552e-05
0.000146679
0.00017147
0.000251234
0.000301298
0.000575481
5.54034e-05
3.04478e-05
0.000191463
0.000157946
0.000657761
0.000869497
0.000623303
0.000200922
0.00055184
0.000293373
0.000542057
0.00049709
0.000351332
0.000636176
0.000138444
0.00041559
0.000413661
0.000363239
0.00043703
0.0007226
0.000208855
0.000447293
0.000202184
0.000185446
0.000725064
0.000114041
5.57219e-05
0.000304513
0.000430116
0.000683049
9.68766e-05
0.000528435
1.35851e-05
0.000415126
0.000610506
0.000710234
0.000611017
7.32967e-05
7.10811e-05
0.000588769
0.00036118
9.68208e-05
9.18967e-05
0.00010996
6.53889e-05
4.16197e-05
0.00011379
2.16186e-05
0.000211146
0.00052106
0.000655429
0.000188259
0.000766953
0.000178592
0.000561564
0.000516612
3.60679e-05
5.52234e-05
4.00656e-05
0.000338862
0.000442109
0.000542031
0.000478807
0.000280844
0.000149169
0.000646475
0.000787419
0.000107932
0.000320958
0.000543036
0.000516304
0.000405793
0.000479323
0.000873884
0.000466331
0.000116497
0.00062631
0.000235057
0.00041398
0.000217519
0.000344046
0.000592951
0.000521492
0.000246665
2.12958e-06
0.00052091
0.000459629
0.000126064
0.000436574
0.000378635
0.000136432
4.15319e-05
2.9817e-05
2.46087e-06
9.88988e-05
8.96991e-05
2.2745e-05
0.0001665
0.000531849
0.000494608
0.000351344
0.000213923
0.000565621
0.000368627
0.000515192
0.000118768
0.000255087
0.000229664
0.000171532
0.000429686
0.000264663
0.000463699
0.000364179
0.000368388
0.000487818
6.53541e-05
0.000196845
0.000511972
0.000399918
0.00081338
0.000497352
0.000393903
0.000599648
0.000430463
0.000795991
0.000483137
0.000470603
0.000212791
0.000309487
0.000496212
0.000568985
0.000361971
0.000543553
1.75871e-05
0.000102376
0.00018446
0.000509888
0.000392183
8.36668e-05
0.00018145
4.46292e-05
0.00042048
0.00058247
0.000139357
7.24124e-05
0.000657142
0.000533086
0.000516003
0.000456698
0.000647688
0.000436666
0.000147531
2.14291e-05
0.000233281
4.26105e-05
0.000185847
0.000110327
0.000634202
0.000565759
0.000258141
0.000608173
0.000250254
0.000280318
0.000243831
0.00029841
0.000507055
9.92853e-05
0.000769631
0.000272959
4.59728e-05
1.28408e-05
7.04087e-05
0.000234046
6.04386e-05
0.000369727
4.7278e-05
0.000149865
6.09914e-05
1.11346e-05
0.000141302
0.000205387
8.6274e-05
0.000834224
0.000356678
0.000195942
0.000639118
0.000175612
3.8813e-05
4.17522e-05
0.000145664
7.23001e-05
0.000526684
0.000467851
5.97682e-05
1.3423e-05
5.90276e-05
0.000204487
0.000549155
0.000115454
0.000520073
0.000349059
0.000539395
0.00011023
8.8621e-05
0.000544045
0.000296525
0.000218059
0.000519041
0.000474365
0.000148213
4.80863e-06
1.53194e-06
2.36504e-06
0.000107174
1.16108e-05
0.000167333
5.66763e-05
0.00034277
0.000157461
0.00030044
0.000648207
0.000664927
8.25315e-06
0.000247858
0.000694031
6.20601e-05
0.000480136
0.000721879
0.000674448
0.000894001
0.000401217
0.000564646
0.000548906
0.000158081
6.62136e-05
0.000494087
0.000396086
0.000779614
0.000709749
0.000639579
3.28285e-05
0.000127729
0.00014719
0.000723105
0.000514509
0.000476238
5.77364e-05
0.000104209
0.000207087
0.000411985
0.000485416
8.79792e-05
0.000185702
3.94369e-05
0.000589479
0.00049482
0.000475107
0.000874906
0.000224083
0.000676148
0.000570709
0.000296936
0.000235648
9.73587e-05
0.0001069
0.000276987
5.17721e-06
0.000261341
0.000241858
0.000793866
0.000412438
0.000241657
0.000333729
0.000118665
5.72239e-05
0.000747011
0.000300436
0.00016508
5.86968e-05
2.72243e-05
2.20358e-05
0.000222815
0.000659904
0.000508315
0.000823801
0.000797182
0.000168334
0.000174625
0.000123381
6.19071e-05
6.5438e-06
5.1688e-06
0.000201928
0.000252618
0.000777804
0.000249568
0.000263242
2.02157e-05
0.000123651
7.71592e-05
0.000494264
0.000329065
0.000703432
0.000249882
0.000337623
0.000237134
0.000543538
0.000367397
0.000466589
2.75102e-05
4.84342e-05
9.3394e-05
0.000260689
0.000169342
0.000471938
0.000369601
0.000215373
0.000655448
0.00050875
0.000604278
0.000410653
7.60449e-05
0.000335798
0.000412127
0.000448476
5.28047e-05
0.00064464
0.000583746
0.000670977
0.000391411
9.22017e-06
1.1116e-05
0.000461565
0.000285492
0.000388139
0.00021583
0.000340811
0.000765522
0.000152391
0.000527439
0.000111683
3.52468e-05
2.35153e-06
4.75354e-05
0.000695311
0.000574586
0.000531481
5.04705e-05
0.000189712
8.80201e-05
2.66809e-05
7.38214e-05
4.74031e-05
0.000288849
0.000302921
0.000358595
0.000403372
0.000390787
0.00059286
0.000331771
0.000736204
0.000521391
0.000591374
0.000825405
0.000227443
0.00101897
0.000145983
2.94607e-05
0.000285611
0.000282504
0.000106102
2.61447e-05
0.000231518
8.53015e-05
0.000719472
0.000368443
0.000413571
0.000373439
0.000374394
0.000318609
0.000351364
0.000202285
0.000356481
0.000399969
1.8676e-05
2.6698e-05
0.000169101
0.000766572
0.000321888
0.000418321
0.000667764
0.00037844
0.000465729
0.000454543
7.19298e-05
0.000142073
0.000320803
0.00043489
0.000132736
1.21476e-05
5.27736e-05
0.000335652
3.99254e-05
0.000198937
8.40534e-06
0.000159691
0.000129828
0.000292638
0.000221332
0.000185981
0.000398461
0.000234084
0.000365682
0.000689306
0.00018293
0.000357788
4.95232e-05
0.000125272
0.000114446
0.000339033
0.000426996
0.000382094
0.000269276
7.96247e-05
1.04853e-05
0.000141092
2.07102e-05
0.000203615
0.000143817
0.000101939
0.000427149
3.35007e-05
0.00034472
0.000338482
0.000104174
3.87203e-05
0.000276466
0.000110455
5.96076e-05
4.21909e-05
0.000146886
5.09246e-05
5.71855e-05
0.000484901
0.000629942
0.000376124
0.000734955
0.000215615
0.000566642
4.71999e-06
5.17935e-05
0.000288119
0.000414288
0.000400486
0.000136866
0.00026079
0.000661936
0.000285547
0.000536146
4.21803e-05
0.000364819
0.000343833
0.000710731
0.000213746
0.000311657
0.00043373
0.000134575
8.03653e-05
7.00567e-05
0.000335234
0.000459788
0.000217547
0.000493625
1.71955e-05
0.000239479
0.000257414
0.000119365
0.000261414
0.000288962
7.23636e-05
0.000278021
0.000328229
0.00085585
0.000456811
0.00062852
8.24555e-05
0.00037862
0.000565286
0.0003252
0.000578449
0.000388499
0.000192187
0.000736262
0.000860511
0.000167481
0.000315721
0.000197312
0.000370419
0.000270053
0.000330124
0.000338112
0.000432797
0.000384443
0.000632287
0.000837728
0.0006882
0.000240599
6.91906e-05
0.000135391
0.000659482
0.000583728
0.000450166
0.000446147
0.000550571
0.000428103
0.000596935
0.00042652
0.000563319
0.00046928
1.34985e-05
0.000160413
6.571e-05
0.000192204
0.000522821
0.000499646
0.000460189
0.00033769
0.000269743
0.000435807
0.000430284
0.000303806
0.000472185
6.1907e-05
7.85688e-05
0.000293012
0.000809768
0.000602591
0.000795157
0.000461324
0.000648108
0.000376472
0.000311805
0.000280027
0.000731708
0.000137471
3.98743e-05
0.000246495
0.000126602
0.000228019
0.000236029
6.94842e-05
5.78326e-05
0.000132627
0.00015614
0.000248557
0.000399206
0.000472956
0.000487079
0.000518694
8.24916e-05
0.000178084
1.57426e-05
1.26933e-05
0.000108768
0.000315475
0.00049348
0.000499075
0.000110784
0.000133004
0.000254454
0.000357278
0.000675207
0.000685429
0.000523216
0.000544776
8.87074e-05
0.00013228
0.000224536
0.000458911
0.000348746
3.97066e-05
0.000275362
0.000552763
0.000633907
0.000837576
0.000483238
0.000639048
0.000742953
0.000361255
0.000302433
0.000237301
4.2112e-05
3.59483e-06
0.000209701
0.000182026
0.000544725
0.000594697
0.000453809
0.000415914
4.74436e-05
0.00064991
0.000469442
0.000472535
0.00043355
0.000481498
0.000718386
0.000620459
0.000366036
7.72411e-05
0.000176296
0.00014445
0.000486007
0.00049224
0.00054089
0.000241848
0.000127844
3.99597e-05
0.000510363
0.000241462
0.000569603
0.000409029
0.000417944
0.000583413
0.000549927
0.00066834
0.000719013
0.000417826
0.000209435
0.000361509
0.000306279
0.000483847
0.000650914
0.00057724
0.000760274
0.000226988
0.000320997
0.000522474
0.000159392
0.000219324
0.000808952
5.63253e-05
0.00021337
0.000716887
0.000654503
0.000835044
0.000646615
0.000672799
0.00053879
0.000510972
0.000448614
0.000197317
0.000725654
0.000176136
4.81226e-06
0.000632811
0.000202062
0.000820933
1.56428e-05
5.36076e-05
0.000122695
5.37697e-05
0.000596908
0.000542251
0.000512345
0.000262359
0.000420612
4.69413e-05
0.000257502
0.000343751
0.000393961
0.000457864
0.000317242
0.000412353
0.000233533
0.000321902
0.000211992
0.000338578
0.000707543
0.000350197
0.000345031
0.000135176
0.000137852
0.00035313
0.000495922
0.000307389
9.683e-05
7.78186e-05
0.000793686
0.000221291
0.000674968
0.000517488
8.20185e-05
0.000298752
0.000946352
0.000549446
0.00035077
5.31332e-05
0.000109725
7.49791e-05
0.000564269
0.000488357
0.000363817
0.000578169
0.0002383
0.000806606
9.47293e-05
6.49317e-05
0.00042989
0.000112005
4.15205e-05
6.22382e-07
0.00041162
9.7917e-05
0.0005866
0.000431343
0.000527288
0.000308352
0.000413068
0.000134032
0.000476846
0.000597335
0.000564488
0.00057138
0.00041755
0.000134442
0.000353024
0.000241514
0.000405304
8.51394e-05
7.41188e-06
8.68286e-07
0.000158948
0.000391816
0.000527184
0.000408739
0.000609553
0.000381155
0.000765036
0.000296062
0.000104792
0.000490626
0.000469432
0.000693548
0.000478092
0.000278698
0.000382752
0.000539886
0.00024484
0.000249015
0.000455565
0.000560502
0.000660782
9.73538e-05
0.000428989
0.000432042
0.000415371
0.000348038
0.000108027
6.9416e-05
0.000178979
0.000424049
9.53526e-06
2.44419e-05
2.23962e-05
0.000267199
0.000202325
0.000621336
0.000395891
0.000634601
0.000434741
6.20306e-05
8.72557e-05
8.95727e-05
0.000770668
0.000208175
0.000115436
0.000407644
0.000162693
2.31891e-05
0.000473708
0.00035216
0.000350685
0.000381964
0.000178112
0.00102517
0.000794213
0.000838042
0.000485223
0.000133703
0.000224323
0.00053525
0.000519796
3.14712e-06
0.000117468
0.000661279
0.000161783
0.000165259
0.000339533
6.11569e-05
4.67732e-05
0.000340261
5.13949e-05
0.000344344
0.000374796
0.000105336
5.63562e-06
5.10634e-06
1.256e-05
0.000124824
5.2857e-05
0.000486185
0.000383222
0.000554444
0.00059974
0.000340167
8.59404e-05
0.000657569
0.000254368
0.000530751
0.000365616
8.01556e-05
1.71539e-05
7.67847e-05
2.40962e-06
0.000129436
0.000581353
5.93716e-05
1.62252e-05
3.90505e-05
0.000290727
0.000113738
4.40128e-05
0.000435404
0.000466634
0.000382185
0.000658875
0.000636198
0.000319823
5.61578e-05
0.000712635
0.000956036
0.000183511
0.000865877
0.000506913
0.000404634
0.000513419
0.000407378
0.000446978
0.000370102
0.000155789
0.000260113
0.000170974
0.000692216
0.00065105
0.000320294
0.000425723
0.000178417
0.000765803
0.000378168
0.000430648
0.000360536
0.000515134
0.000169667
0.000555124
0.000284259
0.000390537
0.000207565
1.47431e-05
0.000655196
0.000504423
0.000611636
0.000543909
0.000528733
0.000516738
0.000820389
0.000509521
2.56227e-05
0.000513831
0.000438562
0.000474138
0.000209206
0.000165088
0.000420276
0.000250819
0.000375473
0.000189435
0.00040987
0.000558134
0.000578864
0.00071596
0.000535278
0.000529992
0.000226176
0.00019282
0.00024571
0.000181243
0.000285934
0.000470559
2.8731e-05
8.07346e-05
2.72003e-05
6.06303e-05
0.000264455
0.000330573
8.73183e-05
2.92164e-05
0.000176896
0.000642394
7.3232e-05
0.000147664
0.000122229
2.63394e-05
1.47023e-06
5.99592e-05
3.88743e-06
0.000221854
4.94364e-05
0.000226595
0.000247295
1.9165e-05
6.61707e-05
0.000401272
0.00057893
0.000168999
8.2326e-05
0.00065493
0.000384216
0.000324263
0.000385863
0.000328833
0.000362235
9.20578e-06
0.000242688
7.06712e-06
0.000289714
0.00074491
0.000116417
0.000173804
5.62221e-05
0.000177098
0.00028208
0.000365716
0.000208523
0.000285261
0.000307505
0.000254785
0.000311898
0.000458468
0.000389936
0.000436877
0.000183532
0.000174834
0.00071122
0.00066918
0.000620114
0.000688323
0.000491111
0.000230103
0.000285887
0.000677156
0.000805227
0.000709739
0.000282594
0.000302073
6.96515e-05
0.000168216
0.000935137
0.000416241
0.000354173
0.000482659
0.000254287
0.000173198
0.00052812
0.000571578
0.00033206
0.000145795
0.000200061
0.000472753
0.00041344
0.000363337
0.000129075
0.000124736
0.000252981
0.000567684
0.000415483
0.000191973
0.000348447
0.000167335
0.000672097
6.74671e-05
0.000267234
0.000450832
4.44079e-06
0.000266426
7.68188e-05
0.00037897
0.000563664
0.000652713
0.000574249
0.000424207
0.00043789
0.000310813
2.9092e-05
0.000106403
0.000803262
2.3414e-05
0.000114624
0.000117616
0.000596752
0.000245502
0.000582719
0.000682435
7.16354e-05
9.22967e-05
0.000296973
0.000200817
9.21467e-05
0.000176389
3.17263e-05
2.06235e-05
0.000413908
0.000567019
0.000311123
0.000252838
0.000628091
4.63182e-05
0.000162649
0.000431443
0.000427579
0.000393006
0.000148525
0.000293505
0.000182717
0.000148587
0.000549076
0.000732129
0.000207431
0.000627526
0.000237177
0.000366556
8.54909e-05
0.000649249
0.000413511
0.00041275
0.00045393
0.000741335
0.000385134
0.000735167
0.000723261
0.000430896
0.000407866
0.000351496
0.00050804
0.000505523
5.43667e-05
0.000364774
0.000163349
3.31754e-05
0.000128382
0.000103892
9.00559e-05
0.000718717
0.0003234
0.000280306
0.000272044
0.000394234
0.000442545
0.000498629
0.000182438
0.000144391
5.19414e-05
5.28013e-05
0.000552902
0.000850005
0.000308931
0.000148036
0.000108005
0.000379914
2.2517e-05
8.69965e-05
0.000567781
0.000271344
0.000270917
0.000368957
3.35546e-05
0.000188807
7.25073e-05
0.000665366
0.000569516
0.000108089
0.000138798
0.000170295
4.93275e-05
8.50029e-05
0.000771265
0.000664463
2.16273e-05
3.1302e-05
0.000134933
0.000504942
0.00054531
0.000230732
0.00084442
0.000114295
0.000128179
0.000614834
0.000495564
0.000527589
0.000640536
0.000488303
0.0002523
3.53345e-05
5.1321e-06
0.000512344
0.000860006
0.000192653
0.000478531
0.000453005
0.000641208
0.000817487
0.000428496
0.000121093
0.000131767
0.000616241
0.000338281
0.000707137
0.000314748
5.02463e-05
1.90642e-06
3.80367e-05
0.000300853
9.79942e-05
9.39996e-05
0.000278121
0.000236588
0.000346015
0.000566813
3.1593e-06
0.000169846
0.000501245
0.000558791
0.000580922
0.000249323
0.000194654
0.000160686
0.000121064
1.29969e-05
0.000587542
0.000570193
0.000536169
0.000508671
0.000584782
8.39365e-06
0.000871118
0.000477949
0.000330537
0.000252805
9.30859e-05
0.000516511
0.000188456
0.000532122
0.000651072
0.000732428
6.1492e-05
0.000182301
0.000214653
0.000350388
7.64799e-05
0.000269149
0.000268337
0.000558916
0.000328635
0.000111197
0.000686839
0.000142435
0.000424394
0.000341244
8.39082e-05
0.000399907
6.20238e-05
2.6077e-05
0.000316066
0.000349045
0.000554143
0.000424305
0.000476017
0.000625128
0.000532916
0.000603994
0.000142313
0.00064783
0.000445044
0.000378371
0.000574409
8.27307e-05
0.000434924
0.000357046
0.000579195
0.000286235
0.00026509
0.000625144
0.000785111
0.000204726
0.000141958
2.56142e-06
2.5974e-05
0.000368572
0.000360723
0.000574891
0.00016337
0.000110123
0.000132308
0.000532428
0.000315675
0.000302397
0.000185712
0.000103389
0.000431474
0.000302977
0.000155051
0.000488424
0.0002551
0.000383044
0.000361141
6.41048e-05
0.000465962
7.16496e-05
0.000921292
1.48252e-05
2.69256e-05
1.91331e-05
0.000298628
7.03676e-05
0.000492661
0.000399631
0.000843215
0.000199125
0.000593232
0.000300936
4.59395e-05
8.73107e-05
2.9495e-06
4.82329e-05
1.25324e-05
1.38902e-05
6.31677e-05
0.000332776
0.000339334
0.000212397
0.000463073
7.68887e-05
5.65243e-05
6.27653e-05
0.000579013
9.19212e-05
8.81371e-05
0.000564966
0.000420238
0.000270826
0.000151551
0.000109573
0.000123636
0.000119458
0.000354364
0.00056127
0.000189238
0.000638138
0.00054311
0.000338394
0.000257373
0.000187023
0.000224297
0.000335331
0.000444905
0.000667528
0.000571202
0.0001139
5.06712e-05
0.000449528
0.000220178
0.0001658
0.000214032
0.000188145
0.00018082
0.000236463
0.000618663
0.000487952
0.000271677
0.00020299
0.000428077
0.000330009
0.000223334
0.000637689
0.000473088
0.000291274
0.000108103
6.90937e-05
1.01364e-05
5.38439e-05
0.000419675
0.000298859
0.00018884
0.000445381
2.37025e-05
2.08778e-05
2.44365e-05
0.000306418
0.000465289
0.000345676
0.000391612
0.000660989
0.000383568
3.32071e-05
0.00042783
9.45878e-05
0.000412597
0.000595047
0.000699599
0.000218749
0.000667762
0.000628205
0.000578803
0.000330575
0.000148467
0.000623906
0.000462294
0.000696152
0.000643419
0.000187786
0.000445484
4.47666e-05
6.1312e-05
0.000176279
0.000668919
0.000373976
0.000173046
6.44732e-05
0.000146691
0.000248988
2.58815e-05
0.000658868
0.000150507
6.59514e-05
0.000125378
0.000245574
0.000291007
0.000894449
0.00052577
0.000461535
0.000456082
0.000831324
0.000334332
0.000569432
5.77233e-05
0.000193349
0.000713921
8.91892e-05
0.000646136
0.000489503
0.000196329
0.000740821
7.3568e-05
0.000446974
0.000333282
0.000222869
0.00045811
0.000633863
0.000991105
0.000479606
0.000759795
0.000311048
0.000172314
0.000651912
0.00019767
0.000495466
0.000417297
0.000269449
8.35368e-05
0.000162256
8.14513e-05
0.000123202
0.000208847
0.000161049
0.000113316
0.00044507
0.000518991
0.000570686
0.0005039
0.000147185
0.00023023
8.91116e-06
0.000171031
0.000374771
0.000316212
0.000638684
0.000471333
0.000456214
0.000706471
0.000675971
0.000880716
0.000428755
0.000690986
0.000116581
0.000216578
0.000227922
7.35253e-05
2.36206e-05
0.000148715
0.000163631
0.000236305
0.000377557
0.000273558
0.000422011
0.000590058
0.000178187
0.000443535
0.000869576
0.000191009
0.000126582
0.000389143
0.000458156
0.000474521
0.00025657
0.000450972
0.000837122
0.000495023
0.00020055
0.000196143
5.69272e-05
3.26025e-05
5.08459e-06
0.000855841
0.000570627
0.000504355
0.000194734
0.000371862
0.000375932
0.000344769
0.000538944
0.000139659
0.000108625
0.000190751
0.000273639
0.000431721
1.11161e-05
6.72193e-06
0.000565005
0.00012509
0.000830705
0.000467751
0.000569999
0.000122407
0.000477665
0.000516217
0.00039907
0.000691031
0.000754066
0.00065193
0.000392317
0.000568342
0.000204713
0.000480643
0.00091609
0.000261687
0.000354075
5.32056e-05
0.00022968
0.000568323
0.000361567
0.00100254
0.000856267
0.0004525
0.000499283
0.000192889
0.000176144
0.000635626
1.09242e-05
0.000155618
0.000129176
0.000215378
0.000278332
8.27093e-06
8.0929e-05
6.24364e-05
0.000332316
4.9474e-05
0.000525758
0.000474284
0.000965664
0.000564353
0.000176162
0.000393983
0.000442478
0.000497147
0.000282923
0.000514498
0.000280177
0.000896796
0.000517245
0.000521941
0.000661433
0.0008741
0.000252775
0.000145233
2.92899e-05
1.64445e-05
0.00031751
0.000140734
0.000419899
0.000175328
0.000114614
0.000136097
0.000588479
0.000700071
0.000313891
0.000496868
0.000518535
0.000345705
0.000293228
6.98801e-05
0.00028129
0.000137518
0.00012248
0.000231011
0.000182354
2.18164e-05
7.29866e-06
0.0003962
0.000180963
0.000445066
0.000786296
0.000423702
0.000637823
0.000278682
0.000380649
0.000508857
0.000525648
0.000184473
0.000100346
0.000199969
0.000616446
0.000148377
0.000205835
0.000145514
0.000276077
0.000478147
5.27026e-05
0.0003552
0.000124449
0.000124384
0.000346465
0.000483754
0.000839181
0.000421244
0.000276834
0.00027241
0.000258463
0.000630283
7.43873e-05
0.000275411
2.36582e-05
2.0121e-06
0.000474451
0.0003148
0.00086939
0.000700443
5.03939e-05
0.00047493
0.000139409
0.000954626
0.000683045
0.000263828
3.98219e-05
3.79723e-05
0.000416148
0.000526762
0.000610399
0.000237421
0.000255349
0.000576644
0.000378329
6.46808e-05
0.000217131
0.000123268
0.000177698
0.000185118
0.000109381
0.000227468
0.000468737
0.000722865
0.000389484
0.000482539
0.000408753
0.000357231
0.000346048
0.000560903
0.000531645
0.000290896
0.000145789
0.000127357
0.000375135
0.000464384
0.000143135
0.000218946
0.000640607
0.000506013
0.000229337
0.000436808
0.00026087
0.000171458
0.000144838
0.000215311
0.000620906
0.000673093
0.000250554
0.000486263
0.000581073
0.000298249
0.000712799
3.03873e-05
0.000125036
0.000322577
0.000331101
1.12961e-05
0.000258607
0.000577134
0.000536286
0.000329928
0.000793675
0.000494323
0.000606631
9.8258e-05
0.000601779
0.000409468
9.15145e-05
0.00026489
0.000420423
0.000148479
2.63945e-05
0.000251434
0.000261207
0.000638273
0.000425185
0.000417759
0.000606355
0.000800108
0.00055295
4.839e-05
0.000181431
0.000176224
9.1149e-06
0.000894464
0.000568256
0.000274479
6.30183e-05
0.000194249
0.000449991
0.000441175
0.000577917
0.000741962
0.000173749
0.000130411
0.000454622
8.29814e-05
0.00014476
0.000304836
0.000279528
6.85832e-05
0.00022672
0.000361755
0.000348336
0.000493581
0.000185629
3.11651e-05
0.000195129
0.000202437
0.000268007
0.000139056
9.32774e-05
8.84624e-06
7.74341e-05
0.000365579
0.000433527
0.000445699
0.000527011
0.000631855
0.000570995
3.14513e-05
1.9368e-05
0.000104695
6.88288e-05
0.000123924
3.21034e-05
0.000228725
0.000351569
0.000849635
0.000492404
0.000517132
0.000339354
0.000349145
0.0002618
0.000284068
0.000236866
6.66772e-05
0.00034737
0.000311829
0.000182165
0.000531202
0.000498948
0.000442871
0.000554715
0.000213885
0.000222653
0.000329136
0.000228507
0.000329556
0.000182291
2.28664e-05
0.000172972
0.000541517
0.000821153
0.000703516
0.000569437
0.000701885
0.000199403
0.000133461
0.000477484
0.000367911
6.45376e-05
2.94038e-05
0.00018961
2.93141e-05
8.0767e-05
0.000301478
0.000278007
0.000326112
0.000543738
0.000461582
0.000460087
0.000347331
0.000323908
0.000573515
0.000454678
0.000456199
0.000523034
0.00043239
0.000594519
0.000340576
0.000298574
8.55928e-05
2.1239e-06
3.20519e-05
0.00020385
0.000224261
6.16978e-05
5.80766e-05
0.000341196
0.000217858
9.56814e-05
0.000399144
7.24184e-05
0.000189184
0.000357548
0.000393821
0.000310066
3.66845e-05
5.19472e-05
6.79428e-05
0.000622618
0.00051123
0.000183208
0.000283651
0.000485633
0.000506364
0.000329534
0.000533088
0.000420685
0.000337573
0.000269155
0.000556404
4.31307e-05
0.000145976
0.000121967
9.55839e-05
0.000459751
0.00051636
0.000224388
7.33896e-05
0.000251328
0.00082211
0.000751221
0.000283209
0.000158325
0.00042282
0.000119059
5.16481e-05
0.000327822
0.000362708
0.000368327
0.000595084
0.000535938
0.0004626
0.000530306
0.000532048
4.45335e-05
6.26289e-05
5.70122e-05
0.00021268
0.00014655
0.000918182
0.000416665
0.000762835
0.000189029
0.000478316
0.000967399
0.000259794
9.42517e-05
3.81503e-05
0.000483951
0.000614768
0.000596762
0.000727691
0.000181478
0.000442488
7.72259e-05
2.83705e-05
9.93631e-05
0.000386979
0.000372092
0.000511329
0.000225811
0.00051128
0.000400751
0.000105091
0.000293955
0.000144755
0.000770619
0.000813543
0.000322081
0.000493489
0.000435345
0.000454275
9.73804e-05
2.06371e-05
4.30492e-05
0.000285848
0.000230603
0.000457964
0.000273237
0.000478452
0.000358915
0.000106167
0.00038236
0.00046852
6.08862e-05
3.11284e-05
0.000697114
0.000675691
0.000677082
0.000473901
0.000305326
0.000760631
0.000377148
0.000580563
0.000570765
0.000509194
0.000491267
0.000395287
0.000485676
0.000234585
0.000337446
0.000675598
0.000424174
0.000278302
0.000236184
0.000546819
0.000379603
0.000249205
0.000218919
0.000148201
4.53368e-05
3.16328e-05
0.000102704
0.000691718
0.000204079
0.000253537
0.000694725
0.000532292
2.08803e-05
0.000131581
0.000384083
0.00092979
0.000398326
0.00048582
0.000911534
0.000153134
0.000256588
0.000399547
0.000573014
0.000646903
0.00031555
0.000481548
0.0002565
8.08305e-05
0.000374863
0.000311047
0.000259933
0.000338021
8.41683e-05
0.000725588
0.000996353
0.000171964
5.93832e-06
0.000147054
0.000228443
0.000285288
0.000253093
0.000140967
0.000665739
0.000140189
0.000481875
0.000544168
0.000431533
3.06892e-05
0.000388216
0.000648939
0.000270805
0.000476786
0.000313486
0.000263094
0.000546519
0.000613887
0.00032889
0.00012698
0.000153894
0.000376394
0.00059316
0.000603668
0.000173647
0.000611562
0.000643194
0.000321611
0.000422426
0.000682592
0.000700676
0.00063684
0.000310321
0.000474428
0.000331837
0.000194544
0.000327342
3.35348e-07
0.000175497
4.46203e-05
0.000744978
0.000437521
0.000399575
0.000292933
0.000425425
0.000703267
0.000729843
0.000352818
3.16498e-05
0.000261182
0.000488599
0.000505119
0.000314502
8.20195e-05
0.000148454
0.000428384
0.00035675
0.000400029
0.000372764
0.000364813
0.000383072
1.13354e-05
1.90075e-05
0.000184114
6.675e-05
2.45369e-05
0.000112447
6.33534e-05
9.65879e-05
0.00017415
0.000356232
0.000276796
0.00054396
0.000650895
6.87948e-05
0.000535277
0.000379162
0.000719179
0.000396543
0.000432506
0.000716816
0.000220546
0.000514671
0.000372394
0.000234377
0.000711002
0.000357126
0.000326703
0.000398914
0.000488826
0.000303152
0.000182327
0.000594204
0.00031976
0.000298496
0.000264858
0.000597635
0.000193985
2.29848e-05
0.000122384
0.000484579
0.000452317
0.000321534
0.000291935
0.000228084
0.000326433
0.000873942
0.000170429
0.000242392
5.94525e-05
2.54297e-05
0.000367488
7.32899e-05
5.49675e-05
0.000123685
0.000108337
0.000455747
0.000273403
8.95814e-05
0.000101125
0.000727838
0.000227042
0.000286918
0.000168286
0.000431301
0.000500021
0.000624844
0.000121216
0.000198379
0.000352486
0.000208005
0.000428936
0.000326601
0.000130043
0.000297994
0.000245071
0.000479171
0.000924499
0.000655831
0.000715227
0.00037765
0.000309477
0.0001456
0.000514692
0.000373274
0.000437781
4.65212e-05
8.23744e-05
0.000451717
0.000136338
0.000165755
0.000102085
8.59614e-05
0.000107525
0.000213345
0.00035057
0.000433977
0.000110691
0.000484645
6.23778e-05
8.78963e-05
0.000313321
0.000321845
0.000503314
0.000383087
0.00055088
0.00067702
0.000454859
0.000127324
0.000385183
0.000563979
4.19105e-05
3.8282e-05
4.33314e-05
0.000520442
0.000174859
0.000237656
0.000682651
0.000123021
0.000754384
4.78263e-06
0.000103737
0.000150784
0.000550183
0.000553301
0.000395191
3.94976e-05
2.70914e-07
0.000342916
0.00028262
0.000343639
6.74037e-05
9.30753e-05
0.00024844
5.96252e-05
4.29906e-05
0.000375347
5.90686e-05
6.07073e-05
4.27691e-05
0.000289484
0.000490898
0.000621821
0.000576989
0.000492993
0.000595406
0.000680287
0.000418787
0.00028701
0.000314004
0.000237243
7.55533e-06
5.93618e-05
0.000166171
0.000137374
0.000497936
0.000481398
0.000456923
0.000459837
0.000411007
0.000370163
0.000309543
0.000274535
0.000298368
0.000312684
0.000743217
0.000527211
0.000413335
0.000799676
0.000319124
8.60643e-05
0.000474467
0.000473582
0.000686447
0.000353428
0.000362684
0.000363516
0.000147665
0.000737331
0.000220552
2.21089e-05
0.00060861
0.000474204
0.000660786
0.000545343
0.000723952
0.000424172
0.000553179
6.05784e-05
7.18182e-05
7.04539e-05
0.000165827
0.000263083
0.000483698
0.000466617
2.66649e-06
0.000455733
0.000688014
0.000765014
0.000314489
0.000424254
9.54899e-05
6.76581e-05
0.000283895
4.83548e-05
0.000152231
0.000581369
0.000560842
6.23583e-06
0.000248295
0.000445389
7.26359e-05
0.000210359
9.81548e-05
7.89707e-05
9.47156e-06
8.19506e-05
0.000168825
0.000167112
0.000369737
0.000291187
0.000549303
0.000314821
0.000526173
0.000231375
0.000204964
0.000316848
0.000669329
0.000341873
0.00057486
3.49609e-05
4.09483e-05
2.88444e-05
9.17807e-05
0.000177531
0.000144743
8.68521e-05
0.00051062
0.000305414
0.000152164
8.20054e-05
0.000143318
0.000316164
0.000877231
0.000539618
0.000629421
0.000363702
0.000584679
0.000617919
0.000472829
0.000197359
0.000194873
0.000365308
0.000151101
0.000164018
0.000507462
0.000411888
0.000133102
0.000503793
0.00035458
0.000624015
0.000351033
8.31974e-05
0.000794105
0.000379541
0.000769684
8.66971e-05
1.4836e-05
5.04088e-05
0.000199839
7.14663e-05
0.000463503
0.000304671
0.000465406
0.00046276
0.000291047
0.000119949
0.000404822
0.000451429
0.000317685
0.000582835
0.000423163
0.000262865
0.000294152
0.00018745
4.42915e-05
0.00055845
0.000733555
0.000601003
0.000364737
0.00055716
0.000335194
0.000374671
0.000256635
0.000336561
0.000356191
0.00049989
0.00066879
0.000658407
0.000383139
0.000395123
2.51388e-05
0.00011381
0.000703285
0.000901884
5.20653e-05
0.000431597
0.000549527
0.000272011
0.000365929
0.000692189
0.000465271
0.000139381
5.03793e-05
0.000310223
0.000495378
0.000369372
0.000569994
0.000497314
0.000148873
6.08524e-05
0.000257993
0.000279272
6.13541e-05
0.000158632
0.000202504
0.00042672
0.000337742
0.000627722
0.000790768
4.89186e-05
0.000386757
3.00122e-05
0.000298352
6.49108e-05
0.000340928
0.000153805
0.000404691
0.000519842
0.000340474
7.24081e-05
7.62231e-05
2.23672e-06
9.59636e-05
0.000183989
1.27993e-05
0.000274326
0.00020718
6.4615e-05
0.000257803
0.000411567
0.000327815
0.000533442
0.000644192
0.000364716
0.000405138
0.000321549
4.63289e-05
5.17271e-05
0.000500847
0.000655618
0.000489054
0.000492333
0.000174759
0.000504191
0.000177849
6.63301e-05
0.000360917
0.000397551
0.000453844
0.0001764
4.05731e-05
0.00020238
0.000116697
0.000257876
0.000219519
0.000952062
0.000676013
0.000555919
0.000381815
0.000193838
4.25303e-05
0.000814868
0.000661039
0.000214278
0.000195566
0.000229774
0.000105163
3.07978e-05
0.000338322
0.0006679
0.000120346
0.000173255
0.000391335
0.000530314
0.000581734
0.000456342
0.0001896
0.000216446
0.000311765
0.000423172
0.000592982
0.000241055
0.000272442
0.000459881
0.000436389
0.000456087
0.000136386
0.000253994
1.53778e-05
0.000946001
0.000819092
0.000626192
0.000677506
0.000343797
0.000320818
0.000223044
0.000364467
0.000562304
8.10298e-05
9.39604e-05
0.000286421
0.000331676
6.12892e-05
3.60739e-05
0.000184905
0.000261452
0.000460662
0.000387095
0.000551447
1.21282e-05
1.44873e-05
1.94561e-05
5.86409e-06
0.000196264
0.000427307
0.00068378
0.000559123
0.000470873
0.00044939
0.000333718
0.000230701
0.000675775
0.000217167
0.000252285
0.000166877
0.000246965
0.000792187
0.000762416
0.00110792
0.000674764
0.000306689
0.000531907
0.000351196
0.000422869
0.00061582
0.00036399
0.000666376
0.000579351
0.000396159
0.000293266
0.000607239
0.000370715
0.000665833
0.000147443
0.000487379
6.84706e-05
8.91644e-06
7.01858e-05
8.70325e-05
0.000532409
0.00064437
0.000538687
0.000395811
0.000219576
0.000127935
0.000396128
0.000312514
0.000182895
0.000208916
0.000210553
0.000221028
0.000182202
0.000311822
0.000142558
0.000580435
0.0003339
0.000166054
0.000448453
0.000259352
2.4758e-05
0.000207825
0.000385081
0.000166642
0.00028567
0.000226511
0.000683729
0.000785821
0.000787653
0.000247911
0.000614321
0.000245889
0.000203776
0.000363956
0.000232582
0.000359949
0.00036768
0.000207888
0.000313294
4.15993e-05
0.000226967
0.000649721
0.000564343
3.97496e-05
2.04795e-05
8.00574e-05
0.000846939
0.00078664
0.000144209
0.000444716
8.21861e-05
0.000685648
0.000230356
0.000436532
0.000869254
0.000503466
0.000556427
0.000155631
0.000287707
0.000365651
0.000167199
0.000433246
0.000286646
7.75991e-05
0.000313689
0.000371249
0.000658188
0.000549936
0.000325747
0.000228536
0.000356365
0.000448964
0.000100466
6.85019e-05
0.000457091
0.000476795
0.000130435
4.85035e-05
0.00029529
9.34391e-05
0.00017521
0.000346739
0.000701847
0.000284875
0.000721627
0.000599203
0.00052178
0.000691324
0.000312487
0.000675429
0.000234365
0.000335332
0.00075161
0.000342375
0.00043444
0.000220517
7.49104e-05
8.93985e-05
0.000599539
0.000747555
0.000457705
0.000221788
0.000350492
0.0005632
0.000355468
0.000804566
0.000552245
0.000399296
0.00052069
0.000369359
0.000442702
0.000348035
0.000198937
0.000515157
0.000274788
0.000108164
3.49854e-05
0.000328559
0.000368703
0.000224541
0.000100364
0.000556754
0.000370858
0.000833582
0.000570115
9.02131e-05
0.00035763
0.000269904
0.000176227
9.11674e-05
0.000503617
0.000844184
0.000549159
0.00051362
0.000722717
0.000199565
0.000569526
0.000384883
0.000349623
0.000122849
0.000209324
0.000573542
0.000798769
0.000344608
0.000438808
0.000145583
0.000580455
0.000311092
4.59964e-06
5.00883e-05
0.000200778
4.83332e-05
0.000156233
7.87561e-05
4.13033e-05
6.36305e-05
6.74148e-05
0.000176262
0.00015338
0.000101731
0.000153766
0.000102541
7.09148e-05
0.000299977
3.44962e-05
0.00081385
0.000512808
0.000408566
0.000577848
5.71272e-05
0.000112111
0.000656173
0.000305126
0.000305674
0.000416537
0.00045524
0.000560655
0.000529701
0.000129646
0.000277621
0.000325897
0.000112301
2.89947e-05
0.000117879
0.000284342
0.00073378
0.000330993
0.000810543
0.000725379
0.000102023
0.000121134
0.000126886
0.000106156
0.000768494
0.000534964
0.000795235
0.00069135
0.000749615
0.000102893
0.000288738
0.000630379
0.000405173
0.000657089
0.000493452
0.00057106
0.000662275
0.00018284
0.000384415
9.0101e-06
0.000380571
0.000592588
0.000638811
0.000164981
0.000554686
0.000176927
7.02602e-05
9.12561e-05
1.92233e-05
0.00029818
0.000674429
0.00030981
0.000649778
0.000160497
0.000117184
0.000351594
0.000114212
0.000593184
0.000800003
1.8151e-05
0.000408872
9.72108e-05
8.95165e-05
0.000293078
5.23235e-05
1.54342e-06
0.000115724
0.000120333
4.40567e-06
9.01114e-05
0.000622394
0.000470423
0.000401395
0.000558632
0.000121482
0.000701028
0.000587894
0.000767263
0.000456094
0.000756352
2.8295e-05
4.21162e-05
0.000446175
0.000651638
0.000402052
0.000259121
0.000375201
0.000278667
0.000310422
0.000246224
0.000428388
0.00043922
0.000499029
0.000607702
0.000285129
0.000274413
0.000718259
0.00040147
0.000186443
0.000457459
0.000369269
0.000321079
0.000677101
0.000366946
0.000356377
0.00019509
8.45408e-05
0.000568871
0.00040229
0.000412994
1.69167e-06
4.65696e-05
2.72883e-05
0.000261114
8.52966e-05
0.000407448
5.9888e-05
0.000468865
0.000149352
0.000330095
0.000139133
0.000231015
0.000236795
0.000186994
0.000340861
0.000341807
0.000702645
0.000361286
0.000477769
0.000800899
9.6041e-05
0.000186993
4.60388e-05
5.07277e-05
0.00052873
0.000170371
0.000151167
0.000445772
0.000259127
0.000363432
0.000201185
0.000252166
0.000264982
0.000254433
0.000239502
0.000538078
0.00033342
0.00025719
0.000454382
0.000424085
0.000375873
0.000637934
0.000352565
0.000549932
0.000198541
0.000674928
5.63525e-05
1.01855e-05
0.000299465
0.000201635
4.20742e-05
1.73299e-05
5.90129e-05
0.000263594
0.000470284
0.000334032
0.000691247
0.000597083
0.000671258
0.000713207
0.000157073
0.000339561
0.000355694
0.000336651
7.07072e-05
0.000173629
0.000472439
0.000227635
0.000301541
0.000187388
0.000382792
0.000177626
9.40759e-06
0.000613092
0.000383647
0.000431452
0.000428893
0.000511684
0.000171951
8.77501e-05
1.9925e-05
0.00010683
0.000570078
0.000215132
0.000393069
0.000499425
0.000438456
0.000418033
0.000565628
0.000406541
0.000513997
1.29049e-05
1.27219e-05
1.04303e-05
0.000246735
0.000245121
2.26256e-05
0.000258389
0.000428345
0.000336147
0.000157515
0.00033698
0.000338737
0.000213898
0.000431387
0.000598487
6.25792e-05
0.000314565
0.000483897
0.000356162
0.000257765
3.94767e-05
0.000698313
0.000269463
0.000202495
0.000657785
0.000332966
0.000411529
4.97698e-05
2.06534e-05
2.19704e-05
0.000257748
0.000154415
9.39091e-06
0.00045494
0.000518647
0.000457038
0.000461853
0.00053698
0.00034492
0.00053529
0.000530983
0.000224227
0.000408714
8.61034e-05
0.000171204
5.70013e-05
0.000275712
2.65488e-05
0.000376795
0.000320523
0.000387561
0.000439066
0.000326017
0.00076655
0.000251939
0.000216109
0.000743084
0.000152042
0.000291156
0.000403543
0.000318087
5.64094e-05
9.66552e-05
3.39247e-05
3.61175e-05
0.000114173
0.00015661
0.000312972
7.39682e-06
0.000292604
0.000316066
0.000676637
0.000405435
0.000105935
0.000180347
0.000592822
0.000540559
0.000649685
0.000715142
0.000432437
0.000530843
0.000162026
9.32086e-05
0.000352385
0.00029409
0.000289029
0.000282875
0.00051632
9.99652e-05
0.000289557
0.000153785
0.000105926
2.75933e-05
0.00021148
0.000253338
0.000458651
0.000617125
0.000118404
0.000176787
0.000617578
0.000595094
0.000302637
0.000150757
0.000688983
0.00034864
0.000277548
0.000149971
4.02537e-05
5.49368e-05
0.00033432
0.000620826
0.000289114
0.000416942
0.000344261
0.000223093
0.000155774
4.08844e-05
2.85384e-05
1.08964e-05
0.000187333
0.00046803
0.000441307
0.000812403
0.000123277
0.000311225
3.36211e-06
5.12494e-05
0.000384234
0.000361623
0.000121968
0.000368443
0.000386868
0.000582247
0.000166384
0.000325221
1.81832e-05
0.000427053
0.000456051
0.000231116
0.000390604
0.000100887
0.000344313
0.000347466
0.000303711
0.000665196
7.53607e-05
0.000567388
0.000600573
0.000505519
0.000421286
0.000287511
9.37407e-05
0.000368648
0.000159804
0.000422648
0.000658045
0.000514453
0.000174413
0.000650334
0.00054884
0.000364607
0.000364605
0.000663846
8.96993e-05
0.000269719
0.000223981
0.000698096
0.000269834
0.000223053
0.000329169
0.000168047
0.000196466
0.00014825
0.000210237
0.00048917
0.000560971
0.000513944
0.000490024
0.000338656
0.00071529
0.000232673
0.000165625
0.000416452
2.74941e-05
2.54805e-05
0.00038622
0.000302962
0.000336473
0.00046297
0.000497868
0.000312435
0.00013459
0.000306529
0.000347665
0.000243327
0.000243014
4.44441e-06
0.000383216
0.000447254
0.00058326
0.000833194
4.78683e-05
0.000598694
0.000421616
0.000365202
9.5164e-05
0.00018524
0.000276003
0.000304213
0.00029791
0.000300453
1.59845e-05
5.44272e-05
0.0002592
0.000376881
0.000602427
0.000283248
0.000692096
0.000622997
1.7922e-05
0.000563109
0.000264758
0.000264737
0.000354986
0.000360171
0.00044278
0.000560936
0.000344203
0.000369847
0.000175447
0.000609199
0.000545846
0.000128793
3.2967e-05
0.000611383
0.000388094
8.73433e-05
0.000618107
0.000169965
0.000273827
0.000354907
0.000734017
6.72335e-05
4.63096e-05
0.000170628
0.000156038
0.00026416
0.000232445
0.000224446
0.000369978
0.000222582
0.000493116
0.000322356
0.000253179
0.00053618
0.000101176
1.36089e-05
3.68989e-05
8.04506e-05
0.000230116
0.000403939
0.000176412
0.000508756
0.00024165
0.000302024
0.000293271
0.000489158
0.000307139
0.000156303
0.000101266
0.000371146
0.000707737
0.000417478
0.000365308
0.00015238
0.000955705
0.000376764
0.000425813
0.000499119
0.000525714
0.000624864
0.000772481
0.000767126
0.000696576
0.000354345
5.73233e-05
5.85645e-05
0.000469717
0.000702079
0.000464624
0.000453007
0.000250675
0.000535738
0.000108979
1.23834e-05
8.62714e-05
0.000399424
0.000372103
5.75465e-05
0.000309368
0.000382891
0.00083439
0.000531585
5.45442e-05
0.00025635
0.000520751
0.000195453
0.000297052
0.000110676
6.59787e-05
0.000328581
0.000125799
3.92278e-05
0.000155053
0.000145032
0.000257091
6.08497e-06
0.000159544
0.000639513
0.000379749
0.000157974
0.000433013
0.000540417
0.000209592
0.000543641
0.000634372
0.000264342
0.000193283
0.00019349
0.000185983
0.00018387
8.30126e-05
0.000124663
0.000200428
0.00010546
0.000577102
0.000241323
0.000741293
0.000476879
0.000146355
2.75264e-05
0.000417124
0.000126013
0.000238766
0.000500617
0.00072149
0.000287007
0.000497884
0.00029715
0.000662492
0.000140046
7.98618e-05
1.12316e-05
0.000169583
0.000236028
0.000520948
0.000158043
2.2946e-05
0.000185151
0.000376938
0.000814741
0.00033065
0.000458947
0.000272676
8.5771e-06
0.000110953
0.00021286
0.000618625
0.000698513
0.000365849
0.00033517
0.000245339
0.000114009
0.000263121
0.000434055
0.000305324
0.000432245
0.000331461
0.000174476
0.000280252
0.000143854
0.000109398
4.04084e-05
0.000223855
0.000357187
0.000348381
0.000514913
0.000489417
0.000102375
0.000194923
0.000381529
0.000519525
0.000199103
0.000112602
0.000135877
0.000812833
0.000641563
7.57346e-05
0.000119158
0.000292397
0.000137621
0.0003132
2.43019e-05
0.000127642
0.000169838
0.000456159
0.000623534
0.000285556
0.000405356
0.000791676
7.36226e-06
0.000358289
0.000317593
0.000229204
0.00046087
0.000707701
0.000416512
0.000401639
0.000553232
0.000467024
0.000371427
0.00052237
0.000552291
0.000197591
0.000394036
0.000416686
0.000549978
0.000208423
2.56295e-05
0.000832805
0.00031654
0.000666333
5.03766e-05
0.00016113
0.000260225
0.000411862
8.83091e-05
3.29205e-05
0.000321057
0.000349274
0.000493819
0.000665866
0.000426704
0.000828665
0.000429936
0.000475227
0.000978596
0.000372034
0.000420137
0.000124531
0.000412883
0.000198802
9.69041e-05
8.34229e-05
0.000168524
2.55262e-05
0.000553117
0.000113225
0.00041687
0.000187204
0.000128529
0.000122323
0.000568253
0.000923613
0.000767032
0.000331474
0.000485868
0.000449097
0.000111818
0.000155697
0.000143401
0.000108378
0.000518427
0.000635549
1.83407e-05
3.2454e-05
0.000269621
0.000204845
0.000168762
0.000243831
0.000359452
0.000916237
0.000549497
0.000740211
0.000122816
0.00042155
0.000640192
0.00018147
0.000761579
0.000726414
0.000198337
0.00062208
0.000523658
0.000135671
0.000286518
0.000523676
0.000392319
0.000176317
0.000407404
7.42711e-05
5.48656e-05
9.16889e-05
0.000226467
0.000115737
0.000235239
0.00057982
0.00102353
0.000799859
0.000321935
0.000504486
0.000339466
0.000109954
0.000162165
0.000351109
0.000356786
0.000382268
5.85015e-05
6.46445e-05
0.00031359
3.3733e-05
6.80438e-05
0.000196332
0.000199095
0.000299676
0.000226488
1.8501e-05
0.00023346
0.00014328
0.000129259
7.42578e-06
5.64287e-07
6.46906e-05
1.21822e-05
6.82615e-06
0.000654983
0.000632993
0.0004457
0.000266841
7.30005e-05
0.000637044
0.000197072
0.000414259
0.000538157
0.000162846
0.000677254
0.000509083
0.000230452
0.000487651
0.000403672
0.000221443
0.00104351
0.000317653
0.000670873
0.000257976
0.000479745
0.000583778
0.000491831
0.000253278
0.000607003
0.000411857
0.000288385
0.000165475
0.000218166
7.32286e-06
2.57377e-06
1.53341e-06
0.000210928
7.32313e-05
2.10389e-05
0.000316299
0.00047297
0.000389827
0.000319796
0.000402781
0.000287148
0.000853402
6.09991e-05
0.000268905
0.000589112
0.000377944
0.000781784
0.000452007
0.00102435
0.000791938
0.000713357
0.000429037
0.000464931
5.59099e-05
2.07301e-06
7.7007e-05
0.00039205
0.000655411
0.000317065
0.000177809
0.000595958
0.000134842
4.97338e-05
9.24302e-06
0.000452067
0.000310544
0.000439814
0.00062077
0.000253741
0.00017792
8.68252e-05
0.000247851
0.00029337
0.000470908
5.39456e-05
0.000126957
0.000271068
0.00033242
0.000438466
0.000488561
0.000149816
0.000580147
0.000670488
0.000713587
0.000630113
0.000707323
0.000674654
0.000451316
0.000425905
0.000409361
0.000286694
5.33155e-05
0.000193872
0.00079905
0.000236566
0.000423558
0.000123358
8.16492e-05
0.000111192
0.000292926
0.000291482
9.95242e-05
0.000263233
4.83572e-05
0.000173199
8.6021e-05
0.000573062
0.000636428
0.000522349
0.000465296
0.000108989
0.000263401
0.000696491
0.000315218
0.0001337
0.000188207
0.000227611
0.000529299
0.000250029
0.00023375
0.000279747
0.000753612
0.000958839
0.000486022
0.000816424
0.000608495
0.000296311
9.83425e-05
2.62828e-05
3.47527e-06
1.89083e-06
0.000416066
0.000277973
0.000367496
0.000642459
0.000507675
0.000205716
0.000585713
0.000930856
0.000699973
0.000545056
0.000753247
0.000620597
0.000351558
0.000362149
0.000249332
0.000268343
0.000162884
4.81985e-05
4.1487e-05
0.000484582
0.000305936
0.000519644
0.000607216
0.000528623
0.000162264
7.4993e-05
0.000184771
0.000653805
0.000503374
0.00035844
0.000435528
8.34877e-05
8.39148e-05
0.000398204
0.000211059
0.000578692
0.000465464
0.000600046
0.00024289
0.000517236
0.000620418
0.00025218
0.000242202
1.07496e-05
0.000143298
0.000790195
0.000102591
0.000582166
0.000188842
0.000599311
0.000416054
0.000416348
0.000448039
0.000454731
9.22887e-05
0.000221629
0.000468122
0.000654318
0.000505062
6.33777e-05
0.000492644
0.00036636
0.000528861
0.000351368
0.000227331
0.000582891
0.000133447
0.000191148
0.000270574
0.000137169
0.000181208
8.76392e-05
0.000157625
0.000434899
0.000364551
0.000398962
0.000224113
0.000642813
0.000164754
0.000162198
0.000872045
0.000145311
0.000470068
0.000742338
0.000402632
0.000419966
0.000346863
0.000725815
4.49138e-05
0.000412842
0.000366605
0.000611122
0.00041555
0.000580958
0.000551449
0.000537555
1.74419e-05
0.000278502
3.62868e-05
9.59918e-05
0.000484872
0.000470393
0.00014686
0.00027102
0.000148648
0.000209127
0.000443436
0.000613394
0.000592713
0.000376278
0.000459442
0.000434914
0.000474992
0.000690449
0.000172142
4.67709e-05
4.23942e-05
0.00038587
0.000465523
0.000356816
0.000297928
0.000318081
2.72033e-05
5.07904e-05
0.000119041
0.000161314
0.000662293
0.000282569
9.76297e-05
0.000507341
0.000352948
0.000633454
0.00102672
0.00044476
0.000149863
1.19499e-05
9.4553e-06
9.88472e-05
0.000326002
0.000422468
0.000290171
4.73251e-05
0.000544588
0.000316112
0.000454841
0.000201118
1.55457e-06
1.79159e-05
0.00013985
0.000258406
5.05391e-05
2.5149e-05
0.000555121
1.72226e-05
4.59442e-06
0.000219795
0.000111221
0.000603077
0.000448012
0.000337089
0.000586214
0.000454417
0.000558966
0.000686804
0.000364703
0.000612175
0.000604788
0.000296044
0.000531322
0.000734571
0.000495984
0.000189532
2.38157e-05
0.000769106
0.000323951
0.000247409
0.000506407
0.000684892
0.000407073
0.000364493
0.000593599
0.00042131
0.000353381
0.00050407
0.000627515
0.000463387
0.000776961
0.000708825
2.82627e-05
3.35234e-05
0.000231707
0.000549934
0.000427825
0.000556263
0.000253105
0.000445468
0.000407676
0.000437044
0.000978468
0.000470313
5.05944e-05
0.000303296
0.00012278
8.13467e-06
9.54342e-05
0.000312262
0.000317148
0.000368959
0.000617577
0.00054924
0.000324135
0.00083903
0.000552022
1.95978e-05
5.88138e-05
0.00050249
0.000272206
0.000100976
0.000137219
0.00029432
0.000146558
0.000227349
0.000279929
0.000425446
0.000252058
0.000572209
0.000143379
0.000612706
0.000363034
0.000116065
0.00018962
0.000177276
3.40484e-05
0.00034323
0.000150593
0.000388751
0.000478607
0.000252631
0.000238868
8.53708e-05
0.000281075
0.000346083
4.96992e-05
0.000311717
0.000166054
0.000399486
0.000162185
0.000399459
0.000303484
0.000632181
0.00016732
3.11251e-05
0.000465846
7.04324e-05
0.000190906
0.000328069
0.000566138
0.000153471
0.000706999
0.000490965
0.000328656
0.000273293
0.000157183
0.000167012
0.000160754
0.000237236
0.000195666
0.000378468
0.00030571
0.000734799
0.000563716
0.000435816
0.000671123
0.00032099
0.000347437
0.000284079
0.000339782
0.000452033
1.3739e-05
0.000226197
0.000938435
0.000994333
0.00067235
0.000782596
0.000228755
0.000149032
0.00058571
0.000136658
0.00019093
0.000244203
0.000361134
0.00035107
0.000534902
0.0004949
3.38789e-05
9.53108e-05
1.16892e-05
4.57906e-05
0.000331874
3.8882e-05
2.13074e-05
0.0001248
5.22264e-05
2.39373e-05
9.76818e-07
0.000259762
0.000318407
8.11344e-05
0.000333276
0.000327493
0.000117388
0.000197485
0.000261971
0.00050491
0.000420198
0.000163655
4.66353e-05
1.06485e-06
0.000346633
0.00088636
6.12308e-05
3.40621e-05
0.000353365
8.93057e-06
5.21493e-05
0.000483549
0.000541367
0.000713648
0.000393596
0.000379188
0.000410714
0.00027998
0.000494058
0.000387178
9.96504e-05
0.000270606
0.000455757
0.000319319
0.000308516
0.000105449
0.000357292
1.71475e-05
1.16689e-05
0.000275428
5.21682e-05
6.17653e-05
0.00013558
0.000332243
0.000826876
0.000232473
0.000738431
0.000169486
7.80361e-05
0.000288585
0.000102427
4.89924e-05
0.000903578
0.000313035
8.07516e-05
6.53735e-06
0.000132038
0.000113872
0.000267045
0.000137438
7.87768e-05
0.000501019
0.000385781
0.000652441
0.000402996
0.0004898
0.000647811
0.000135204
6.86884e-05
0.000309305
0.00044486
0.000484623
0.00054785
0.00053229
0.000503734
0.000427888
0.00047764
0.000213519
0.000314919
0.000212381
0.000358742
0.000241386
0.000685258
5.0532e-05
0.000178685
4.15326e-05
0.000785763
0.00021122
0.000129294
0.000306809
0.000533232
0.000421929
0.000248407
0.000578451
0.000561658
0.000161873
0.000318305
0.000646546
0.000159285
5.05745e-05
0.00027948
0.000657054
5.30608e-05
0.000256137
0.000278781
0.000317043
0.000630089
0.000380158
0.000843311
0.000215051
0.000299647
0.000742969
0.000613381
0.000438621
0.000596539
0.000795116
9.77439e-05
0.000597544
0.000932248
0.00063545
4.29227e-05
8.20889e-05
0.00039477
0.000802764
0.000655965
0.000551625
0.000581278
0.000435645
0.000543284
0.000325992
0.000679646
0.000598291
0.000496481
0.000492694
3.35916e-05
0.000362009
0.000601396
0.000350266
0.000178713
3.94759e-05
1.80809e-06
0.000373735
0.000218048
0.000112771
0.000581436
0.000301611
6.85064e-05
4.04332e-07
4.6778e-05
0.000485497
1.61965e-05
1.54027e-05
1.21608e-05
0.000573674
0.000480371
0.000619693
0.000471169
0.000409103
0.000188459
0.000499071
0.000212953
0.000227812
0.000193761
0.000363629
0.000957681
0.000725204
6.11502e-05
0.00015688
0.00012224
2.40703e-05
4.33767e-06
0.000233647
0.0003282
0.000648412
0.000240776
0.000103753
0.000153804
0.000120738
0.000223303
2.78674e-05
0.000160803
0.00072271
0.000560434
0.000312738
0.000489973
0.000567231
0.000316843
0.000606279
0.000311063
0.000454109
0.00059743
0.000547952
0.000419026
0.000555592
0.000242673
2.04891e-05
0.000125364
1.13347e-05
4.21697e-05
0.000328977
0.000612601
0.000500627
0.0006089
0.000274347
1.52937e-05
2.62169e-05
0.000188849
1.66778e-05
0.000537284
0.000107555
7.25022e-05
0.000337222
7.02857e-05
0.000241455
0.000350378
0.000139388
0.000240818
0.000209952
0.000612214
0.000361499
9.19876e-05
0.000261125
0.000126373
6.40523e-05
0.000177125
6.10514e-05
0.000322969
3.83401e-05
0.000162941
0.00034723
0.000248134
0.000103273
2.47652e-05
0.000176671
0.000311243
0.000556521
0.000454074
0.000411017
0.00095765
0.000125672
0.000677687
0.000794003
0.00042189
0.000802023
0.000215171
0.000205773
0.000107083
5.42922e-05
1.64615e-06
0.000103462
0.000720079
0.000257791
0.000749347
0.000294718
0.000167896
5.71506e-06
5.84662e-05
0.000408594
0.000283411
0.000125802
6.56006e-05
0.000626232
0.000820843
0.000382841
0.000590126
0.000913039
0.000261611
0.000123603
0.00019002
9.03883e-05
0.00012714
9.77205e-05
0.000408053
0.000359903
0.000233956
0.000721058
0.000777981
0.000483495
3.04114e-05
0.000144259
0.000468206
0.000513411
0.000144249
5.53304e-06
0.000118751
0.000275445
4.57945e-05
0.000242746
0.000428696
0.000637722
0.000645053
0.000902754
0.000812807
0.000458443
0.000284954
0.000386524
0.000482031
0.000240965
6.27638e-05
0.000130324
0.000844611
0.000419201
0.000475193
0.000400407
0.000829912
0.000262797
0.000130518
0.000609587
0.000157331
0.00010997
0.000482768
0.000747043
0.000394558
0.000137002
6.73906e-05
0.000243919
0.000450298
0.000527713
0.000727362
3.48455e-05
0.00025166
0.000576821
0.000598765
0.000865626
0.000386922
0.000385966
0.000389129
5.86173e-05
0.000312772
2.57774e-05
6.13636e-05
0.000101703
0.000154168
1.57246e-05
5.19352e-05
0.000318167
0.000437164
5.85416e-06
0.00014267
8.43591e-05
0.000224934
0.000330685
0.00021167
7.24158e-06
0.000481213
0.000408227
0.000213862
0.000199012
0.00041009
0.00021598
1.99198e-06
3.73478e-05
0.000715898
0.000315343
0.000474722
0.000103253
0.000537796
0.00015561
7.27075e-05
0.000261471
0.000681641
4.28204e-05
0.000412309
0.000583936
0.000308716
0.000431997
0.000550711
0.000612816
0.000119979
0.000237983
0.000619209
0.000301113
0.00040406
0.00041469
0.000274709
0.000272121
0.000548721
0.000105252
0.000198299
0.000291521
0.000508697
8.84365e-05
2.24839e-05
0.000759792
0.000106219
0.000227033
0.000619708
0.000456778
0.000614278
0.000115653
0.000499133
0.000576882
0.000477813
0.000133885
0.000132122
0.000870457
0.000623847
0.000470993
9.45369e-05
0.000447657
0.000433161
0.000258606
0.000148574
2.18839e-05
7.37529e-05
0.000217498
9.99378e-05
0.000258176
0.000182448
0.000161151
0.000894285
0.000320365
0.000202424
0.000351585
0.000579943
0.000260908
0.000333257
0.000319119
0.000211826
0.000118446
0.000306559
0.000180165
3.39924e-06
0.000201922
7.49207e-05
0.000219865
0.000143405
0.000609665
0.000516985
0.000595462
0.000867603
0.000709335
0.000337518
0.000643477
0.000378445
3.7911e-05
2.29966e-05
0.00016945
0.000265256
0.00101061
3.03622e-05
0.000110431
0.000554057
0.000580258
0.000578587
0.000753147
0.000453346
0.00023054
0.000696811
0.000651258
0.00035476
4.84391e-05
0.000120115
0.000706289
0.000657821
0.000553366
0.000857809
0.000831452
0.000858622
0.000903805
0.000556469
0.000323893
0.000677571
0.000302783
0.000113855
0.000525685
0.000146817
0.000201844
6.569e-05
0.000454198
0.000193232
0.000118916
0.000437429
0.000353066
0.000353089
0.000276815
0.000706195
0.000398027
0.000763283
0.000531273
0.000362479
0.000490995
0.000173785
0.000479421
0.000770702
0.000333729
0.000312735
0.000306417
0.000596421
0.000226552
0.000520932
1.60504e-05
0.000134043
3.17177e-05
1.51149e-05
0.000420945
0.000525887
0.000802569
0.000822434
0.000362345
0.000725288
0.000377274
0.000399615
0.000532462
0.000706843
0.000209325
0.000200382
0.00024665
8.19851e-05
0.000138264
0.000287437
0.000303413
0.00062358
0.000695829
0.00052979
0.000503483
0.000170259
0.000384528
2.30154e-05
8.94527e-05
0.000345212
0.000479693
0.000702035
0.000738669
0.000264605
0.000625058
0.000237729
0.000346073
0.000522606
0.000537695
0.000212474
0.000447835
0.000327476
0.000510622
7.90065e-05
0.000128214
0.000504673
0.000445872
0.000309346
0.000400888
2.86121e-05
1.03266e-05
0.000148524
0.0005072
0.000529302
0.000365609
0.000399347
0.000146296
0.000208515
0.000275517
0.000407687
0.000298537
0.000149297
0.000366419
9.35868e-05
0.000225108
0.000282858
0.000475244
0.000613462
0.000661043
0.000171517
0.000180361
0.00037873
0.000118697
0.000274095
0.000332716
0.000496764
0.000519853
0.000264077
0.000301106
0.000631152
0.000408185
4.41634e-05
0.000275896
0.000239762
0.000364032
0.000487642
0.00036954
0.000217694
0.000260741
0.000621462
0.000688313
0.000300556
0.000654135
0.000783928
0.000682792
0.000355374
0.000260539
3.50509e-05
2.2532e-05
2.27231e-13
0
0.000328259
0.000638636
0.000904432
0.000706295
0.00068641
0.000114921
0.000283456
0.000134232
0.000197088
0.00042395
0.000113575
0.000527172
0.000136944
0.00024842
0.000569494
0.000528756
0.000216933
0.000576138
0.000223348
0.000102183
0.000270303
0.000613843
0.000358537
0.000147251
0.000195517
0.000760266
0.000235806
0.000464417
0.000579951
0.000461911
0.00028695
0.000289283
0.000519414
0.000468279
0.000407689
1.09736e-05
7.16096e-05
0.000244592
0.000146441
0.000310513
0.000387417
0.000592148
0.000458357
0.000144622
0.000313694
0.000205101
0.000441602
0.000802904
0.000632509
0.00017846
0.000347794
0.00019837
5.69828e-05
0.000379068
0.00015028
2.54293e-05
0.000540002
0.00045251
0.000417151
1.29203e-05
0.000182042
0.000366545
0.000522231
0.000417697
0.000179106
9.74457e-05
0.000513402
0.000628954
0.000354699
0.000323128
0.00046647
0.000418131
0.000624371
0.000497767
0.000770006
0.000138123
0.00020011
6.36589e-05
0.000147315
0.000680127
8.92622e-05
4.57764e-05
7.0895e-05
5.10537e-05
0.00057214
0.000470264
0.000294717
0.000370354
0.000627452
0.000433154
5.93646e-05
3.1277e-05
3.14747e-06
2.48983e-05
0.000119222
0.000547762
0.000370781
3.60459e-05
0.000284706
0.000612908
0.000210843
0.000387176
0.000660174
0.000680374
0.000511169
0.000785809
0.000640828
0.00042782
0.000586824
0.000395971
0.000180454
0.000279525
7.1399e-05
0.000615267
0.000119393
0.000331554
0.000212007
1.24548e-05
0.0002629
0.00023992
0.000386008
0.000412047
1.34949e-05
2.65192e-05
0.0006265
0.000161733
2.9353e-05
1.25843e-05
2.00567e-05
6.00283e-05
0.000446688
0.00036232
0.000544738
4.10032e-06
8.56256e-05
0.000577943
0.000273743
0.000364639
0.000189267
0.00048872
0.000621128
0.000429303
0.000488245
0.000245681
3.54986e-05
0.000490612
0.000511907
0.00047737
0.000282278
0.000441184
0.000836782
0.000280321
0.000205133
0.000418052
0.00066286
0.000262335
0.000239666
0.000587041
0.000447586
0.000371807
2.8873e-05
2.10768e-05
7.38281e-05
9.43975e-05
0.00031133
7.45111e-05
0.000236675
0.000503294
0.000416182
2.86363e-05
0.00018574
0.000210595
0.000104949
0.000338646
0.000275046
0.000299881
0.000746829
0.000133476
0.000492996
0.000321285
0.000176913
1.18689e-05
1.1404e-05
0.000566823
0.000376246
0.000160355
0.000178863
0.000423865
0.000240483
0.000573431
0.000202599
0.000398096
0.00019357
0.000163367
0.000449533
0.000348464
0.000715798
0.000526504
0.00065587
0.000637875
0.000588656
2.60721e-05
0.000113709
2.00877e-05
0.000582908
0.00055223
0.000549436
0.000378904
0.000534509
0.000746096
0.000510241
0.000597489
0.000702231
0.000783785
0.000189232
0.000315134
0.000231948
0.000198458
1.61478e-05
2.51591e-05
0.000294117
0.000665593
0.000427361
0.0006566
0.000789413
0.000103393
0.000221604
0.000132751
6.92405e-05
0.000505179
0.000279511
0.000128449
0.000480718
0.000341395
0.000798091
0.000474518
0.000525445
0.000450737
0.000688725
0.000753517
4.10371e-05
0.000613056
0.000620095
0.000722041
0.000364492
9.93545e-05
0.000537079
0.00032809
0.000100089
0.000447529
0.000209873
5.0868e-05
0.000234087
0.00026147
0.000583606
0.000423417
0.000294068
0.000307236
0.000708406
0.000108165
0.000657764
0.000344261
0.000248918
0.000661362
0.000305371
0.000107688
0.000782319
0.000717596
0.000215113
0.000428844
8.67625e-05
1.11968e-05
0.000277069
0.000508839
0.000220544
0.000156816
0.000497055
0.000762819
0.000667048
0.000393893
0.000132338
0.000261316
0.0004063
0.000426394
0.000270751
0.000534055
0.000331832
0.000560369
0.000233345
0.000185125
3.19025e-05
0.000339427
0.000602332
0.000126612
5.52272e-05
3.15887e-05
9.97968e-05
0.000250106
0.000262009
0.000545763
5.30488e-05
0.000562408
0.00012226
0.000168951
0.000119365
0.000352222
6.27763e-05
0.000348584
0.000584701
0.00044141
0.000109699
0.000328342
0.000279552
7.85214e-05
0.000279034
0.000320935
0.000610226
0.000213052
0.00032798
0.000177543
8.43473e-05
9.74923e-05
0.00013896
0.000676895
0.0007898
0.000738461
0.000230247
0.00046052
2.96354e-05
0.000276249
0.000275628
0.000558259
0.000336144
0.000859405
0.000369135
0.00014589
0.000269496
0.000178376
0.000556029
0.000610469
0.000229107
0.000376891
0.000531342
0.000220805
0.000122894
3.48957e-05
0.000372595
0.000728756
0.000246975
5.38924e-05
1.10491e-05
0.000144729
0.000155738
0.000297169
0.000647455
0.000219562
9.46759e-05
6.99671e-05
4.25367e-05
0.000584722
0.000630799
5.6986e-05
0.000187309
0.000647061
0.000448534
0.000587016
0.0003108
0.000514074
0.000606822
0.000532827
0.000620604
0.000138349
9.91016e-05
0.00026157
0.00042753
0.00041304
0.00052974
0.000363673
0.000311465
0.000292156
0.000385954
2.66599e-05
0.000193749
5.50366e-05
0.000309497
0.000690336
7.32588e-06
2.41176e-05
0.000230142
2.14694e-05
9.76969e-05
0.000676366
0.000265001
0.00071034
0.000365533
0.000649415
0.000334943
0.00072321
4.60164e-05
3.91304e-05
0.000103073
2.50645e-05
0.000456953
9.83598e-05
0.000453808
0.00032577
3.10674e-05
4.30892e-05
7.99855e-05
0.000183787
0.000332136
0.00041011
0.000103715
0.000327465
0.000655
0.000593717
0.000434204
0.000795069
0.000241562
0.000514785
0.000225625
0.000581124
0.000293566
8.94526e-05
7.52185e-05
0.000202011
0.000483963
9.18662e-05
1.7728e-05
1.35273e-05
0.000518189
0.000643279
0.000524981
0.000606958
0.000706336
0.000149961
0.00042492
0.000445937
0.000645193
0.000430567
0.000320496
0.000654702
0.000350892
0.000228529
0.000253491
4.95216e-05
0.000541362
0.000123716
0.000646234
0.00067815
4.3428e-05
1.52239e-05
0.000621374
0.00054611
5.45712e-05
0.000396189
0.000102787
1.66672e-05
1.15615e-05
0.000371992
0.000528417
0.000823475
0.000178122
6.05972e-05
7.29089e-05
5.83314e-05
0.00065257
0.000116178
0.000309022
0.000898647
0.00044421
0.000126936
0.000259695
0.000146803
1.40448e-05
0.00010588
8.11401e-05
1.9986e-05
0.000244187
0.00013087
6.98858e-05
0.000228252
0.000553212
2.50478e-06
1.16693e-05
5.349e-05
0.00071313
1.79085e-05
7.34747e-05
2.33545e-06
2.87529e-05
8.20033e-05
0.000637708
0.00044495
0.000276882
0.000122881
0.000161347
9.68367e-05
0.000483709
0.000374249
0.000433997
0.000397822
0.000456998
0.00039799
0.000756048
0.000780771
0.000228558
0.000436344
0.000197691
0.000411994
0.000400998
0.000638554
0.000309159
0.000457755
0.000613673
0.000242624
0.000508964
0.000149371
5.86002e-05
0.000349906
4.93777e-05
0.000317385
0.000477436
0.000217154
0.000196546
0.000435521
0.000433633
0.000303601
0.000451305
6.95479e-05
8.68111e-05
7.23201e-06
0.000440189
0.000385647
0.000195346
0.000186184
8.6345e-05
0.000423057
0.000437947
0.000424623
0.000315316
0.000396315
5.76079e-05
0.000564201
0.000522342
3.75078e-05
0.000635254
0.000423137
0.000216425
0.000562397
0.000193915
0.000502264
0.000283484
0.000581215
0.000414222
0.000840524
0.000158695
0.000275287
0.000541657
0.0004443
0.000172393
0.000435045
0.000290871
0.000622123
0.000481989
0.000378167
0.000120226
0.000422419
0.000451218
0.000218541
0.000209842
0.00022219
2.63041e-05
0.000252378
9.59023e-05
0.000110437
0.000117368
0.00051099
0.000419558
0.000132955
0.000196982
0.000299487
1.62224e-05
0.000464847
4.85661e-05
0.000156061
7.91058e-05
0.000323309
0.000649299
0.000590808
0.000543038
0.000773132
7.68045e-05
0.000164508
0.000741498
0.000575558
0.000379184
0.000446283
0.000102653
0.000245602
0.000345966
0.000456211
0.000513463
0.000406588
4.43299e-05
0.000360585
0.000111593
0.000425457
0.000114221
0.000483108
0.000410864
0.000142156
0.000158844
0.00052666
0.000352065
0.000229062
0.000703282
0.000893707
0.000252172
4.82022e-05
0.000172023
0.000231674
9.06102e-05
0.000152286
0.000141507
0.000153553
0.000732185
0.000654874
0.000257253
6.95481e-05
0.000169278
4.99294e-05
0.000119082
6.78785e-05
0.000139814
0.00014298
4.26287e-05
4.07732e-05
0.000621571
0.000401439
0.000464876
0.000499594
0.00067465
0.000242738
0.000156997
0.000121562
0.000113529
0.000110877
0.000968592
0.000399037
6.9791e-05
0.000208744
3.49829e-05
4.84731e-05
0.00011348
0.000423891
0.000553862
0.000384374
0.000161912
0.000168334
0.000258743
0.000338614
0.000519952
9.5012e-05
0.000547185
0.000505836
0.000332103
4.3891e-05
0.000563303
0.00028237
3.316e-05
0.000173664
0.000673569
9.69291e-05
0.000424829
0.00045127
0.000696916
0.000627315
0.000278282
0.000659895
0.000162558
0.000650037
0.000478221
0.000715985
0.000506804
0.00061687
8.81033e-05
0.000576777
0.000176165
0.000479386
0.000686761
0.000756224
4.90375e-05
0.000363413
7.47586e-05
0.00027907
0.000119749
0.000288574
0.000118993
3.92412e-05
5.48777e-05
1.6717e-05
0.000201963
5.71814e-05
0.000336599
0.000174289
9.81628e-05
3.82307e-05
0.000185597
0.000759217
0.000354311
0.000553841
0.000590079
0.000690552
0.000570145
0.000474389
0.000437028
0.000239029
0.000259564
5.56805e-05
0.000320666
0.000191486
0.000300747
0.000111248
6.41193e-07
2.36402e-06
6.48797e-05
9.43513e-05
6.22476e-05
0.000245133
0.000183279
0.000355304
0.000725469
0.000179965
0.000512167
0.000350052
0.000588112
0.000522052
0.000351427
0.000376766
0.000297967
8.56917e-05
4.10069e-05
0.000233104
0.000112447
0.000301073
0.000272393
0.000306961
0.000200183
4.07804e-05
2.29056e-05
0.000126619
0.000195639
0.000119799
0.000297255
0.000112242
0.000577234
0.000747354
0.000426579
0.000469187
0.000203317
0.000489569
0.000718816
4.95733e-05
5.13439e-06
3.04087e-05
3.26896e-05
0.000281507
4.16623e-05
7.68424e-05
0.000468699
0.000367262
0.00050135
0.000175716
0.000587027
0.00062146
0.000308348
0.000220721
0.000168601
0.000183458
0.000386548
0.000512922
4.38204e-05
8.25385e-06
2.62468e-05
0.000189491
0.0006496
0.000296232
0.000464621
0.000219888
0.00045675
0.000285542
9.39486e-05
5.53811e-05
1.81614e-06
4.64686e-05
3.70918e-05
0.000185815
6.1391e-05
5.16559e-05
6.25963e-05
5.10269e-05
6.61581e-05
9.91942e-05
0.000167505
0.00033982
0.000612076
0.000224561
1.2456e-05
0.000561062
0.00067357
0.000415968
0.000527433
0.00035407
0.000160462
0.000143123
0.00020683
0.000367806
0.000586139
0.000251244
6.24088e-05
0.00048309
0.000671081
0.000538149
4.01268e-05
5.29085e-05
0.000115959
7.89197e-05
0.000138724
0.000207851
0.000528485
0.000570423
0.000292557
0.000383089
0.000239961
6.60637e-05
0.000104565
0.000357918
0.000150373
0.000166294
0.000161473
8.95634e-05
9.2159e-05
0.000122125
2.97418e-05
0.000606347
0.000474054
0.000392122
0.000842991
0.000488033
0.000619336
0.000528635
0.000240742
0.000543062
0.000787314
0.000484776
0.000649513
0.000588884
0.000397988
0.000407636
0.000351492
0.000410789
0.000535585
0.000701911
0.0004755
0.00023108
3.42185e-05
0.000371232
0.000464708
0.000222386
0.000445848
0.000403244
0.000173653
6.99711e-06
3.43145e-05
0.000520128
0.000329924
0.000128753
0.000633372
0.000315278
0.00058743
1.26379e-05
0.000226016
0.000637808
0.000377422
0.000368461
9.43915e-05
0.000387095
0.000182221
4.89982e-05
0.000186964
0.000226871
0.000128952
3.02704e-05
0.000783205
2.44718e-05
4.80129e-05
0.000232317
0.000212094
0.000353516
2.31828e-05
0.000210637
0.000437297
3.15716e-06
0.00038428
0.000336434
0.000625827
0.000433002
0.000196276
2.53721e-05
3.70302e-06
0.000695873
5.26816e-05
6.09221e-05
0.000703549
0.000283128
0.000411383
0.000458575
0.000360364
9.50657e-05
0.000574844
0.000362635
0.000380046
0.000361922
0.000380359
0.000391585
0.00054529
0.000412113
0.000313956
0.000284107
0.000562769
0.000971128
0.000660686
0.000666868
0.000100034
0.000223424
0.000138486
0.000881371
0.000471902
1.16926e-05
8.51652e-05
0.000115678
0.000705312
0.000437358
2.43736e-05
7.33265e-05
4.76532e-05
3.71345e-06
0.000259445
0.000289327
0.000498012
0.000833664
0.00076274
0.000254728
0.000161065
0.000151553
4.09355e-05
8.7251e-05
2.17407e-05
3.72208e-07
2.04875e-05
1.60191e-05
7.19141e-05
0.00052212
0.000468035
0.000667171
0.000229347
0.000584535
2.63158e-05
0.000491543
3.91266e-05
0.000177072
0.000329971
0.000215062
0.000234751
0.000336932
0.000182263
0.000793111
0.000583338
0.00043192
8.01957e-05
0.000431937
0.000379501
0.000204393
7.38721e-05
0.000170024
0.00012668
0.000702586
0.000356724
0.000390462
0.000598107
0.000542172
0.000443385
0.00023202
0.000334407
0.000122926
0.000759756
0.000870353
0.000471319
0.000611433
0.000359059
0.000131102
5.95328e-05
0.00046323
0.00047498
0.000477939
0.000455725
0.000101056
0.000420173
0.000302528
0.000859619
0.000389801
0.000324892
7.68402e-05
3.91051e-05
0.000631441
0.000653843
0.000129725
0.000451177
0.000551452
0.000296176
0.000719253
0.000505713
0.000429528
4.51778e-05
2.89353e-05
0.000315406
0.000603991
0.000112169
0.000269716
0.000157503
0.000190109
4.851e-05
0.000327146
0.000201171
0.000211743
0.000125755
4.81853e-05
0.000972965
0.000726742
0.000672704
0.000411977
0.000702232
0.000522408
0.000512529
0.000161816
0.000874591
0.000115071
6.02536e-05
0.000311458
0.000560219
0.000435715
0.000321983
0.000539819
0.00059626
0.00030129
0.000155001
0.000217152
1.13707e-05
0.000236159
0.000307591
0.000186515
0.000514263
0.000332326
0.000283724
9.86263e-05
0.000595088
0.000613375
0.000271636
0.000139083
0.000248706
0.000456716
0.000164091
0.00021365
2.3345e-05
8.93625e-05
0.000132885
0.000125126
5.5029e-05
0.00013165
0.000150774
0.000458489
0.000443903
0.000376963
0.000579461
7.92693e-05
0.000125236
0.000199067
0.000486519
0.000616574
0.000723886
0.000734916
0.000337731
0.000395167
0.00017084
0.00057042
0.000637065
2.07208e-05
2.2772e-06
0.000111942
6.20843e-05
6.21651e-05
1.31715e-05
0.000578036
0.000363445
0.000244441
0.000547182
0.000219711
0.000443532
0.000311459
0.000494696
0.000469523
0.000187246
0.000455899
0.000657231
0.000133708
0.000790103
0.000833368
0.000288756
0.000507722
0.000378102
0.000154051
5.73439e-05
0.000577015
0.000519357
0.000101919
0.000143925
0.00012151
8.56144e-05
0.000847069
0.0004627
0.00048121
0.000390146
0.000530041
0.00020454
0.000546558
0.000504004
0.000360651
4.91887e-05
0.000332616
0.000636137
0.000561803
0.000584627
0.000300953
0.000770318
0.000315368
6.44458e-05
7.69327e-05
2.3557e-05
4.78098e-05
0.000156277
0.000127251
0.000165529
7.33156e-05
0.000346645
0.000123867
0.000412867
0.000221448
0.000524179
0.000493446
0.000400496
0.000508416
0.000533932
0.00034492
0.00069188
0.000296313
5.70875e-05
8.39802e-06
0.000239974
0.000358643
0.000185455
0.000344028
0.000160411
0.000715961
0.000574597
0.000666804
0.000414485
0.000405957
3.946e-05
0.000331754
0.000333021
0.000297948
0.000448596
0.000119185
9.29928e-05
0.000439391
9.8164e-05
0.000308363
0.000518082
0.000265842
1.39958e-05
0.000744554
0.00038858
0.000564383
0.000502106
0.000370964
0.000437394
0.000633139
0.000403615
0.000389418
0.000458727
0.000404406
6.87615e-05
0.000317806
0.000566465
0.000804128
0.00049638
0.000573505
0.000452747
0.000449334
0.000320437
0.000374496
0.000277609
0.000462533
0.000351671
0.000496589
0.000874896
0.000315939
0.000202219
8.17722e-05
0.000156901
0.000280093
0.000533294
0.00010362
0.000558535
0.000188895
0.000564886
0.000243701
1.18952e-05
9.38068e-05
0.000380784
0.000909734
0.000556835
0.000225236
0.000106001
3.74819e-05
1.2776e-05
2.26607e-05
0.000731289
0.000740535
0.00020685
0.00054061
0.000119784
0.000654717
0.000663625
0.00038213
0.000770361
0.00013037
0.000227117
0.000257876
0.000414515
0.000436579
3.76299e-05
2.20144e-05
0.000120853
0.000366704
0.000121574
0.000257939
0.000209614
0.000820124
0.000614029
0.000275972
9.66928e-05
0.000280088
0.000531358
0.000329674
0.000788923
0.000610953
0.000504864
0.000427576
0.00028286
0.000711171
0.000701176
0.000200027
0.000179497
9.15204e-05
0.000126001
0.00054968
0.000361527
0.000450972
0.000413809
0.000802668
0.000299047
0.000206674
0.000166458
0.000203422
0.000569795
0.000210597
0.000120072
0.000296179
7.50257e-05
4.66881e-05
0.000411656
0.000182622
0.000229409
0.000706431
0.000942
0.000708671
0.000692394
0.000438688
0.000555535
3.04963e-05
0.00011252
0.000175339
0.000168799
0.000539652
0.000449914
0.000491013
0.000222635
0.000243303
2.67701e-05
0.00022888
6.58355e-05
0.000601809
0.000708826
0.000574778
0.000215558
0.000152599
2.80847e-05
0.000203721
0.000132191
7.25788e-05
8.58825e-05
0.000106556
8.93805e-05
0.000120837
7.10975e-05
4.31218e-05
0.000170704
0.000356447
0.000226816
0.00059715
0.000407712
0.000554589
0.00059376
0.000386573
0.000313104
0.000900803
0.000433027
3.28237e-05
0.000101038
0.00027632
3.64915e-05
1.87249e-05
4.44357e-05
0.000267303
0.000218214
7.73804e-05
0.00029137
0.000474642
8.39656e-05
0.000428961
0.000363386
0.000201542
0.000338389
0.000144937
0.000736151
0.000565058
0.00054464
0.000511473
0.000807898
6.62529e-05
0.000302265
0.000126908
0.00079911
5.30358e-05
0.000182942
0.000128269
0.000495353
0.000430505
9.75858e-05
0.000295271
0.000542251
0.000181687
0.000416231
0.000233975
0.000179636
0.000104115
7.37757e-07
0.000194285
0.000144107
0.000198613
0.000397191
0.000370796
0.000639138
0.000823393
0.000586473
0.000636587
0.000487247
0.000396462
0.000283725
0.000118554
7.58248e-05
2.75263e-05
0.000378045
0.000122426
0.000238285
6.18109e-05
0.000156406
9.936e-05
0.000471398
1.17017e-05
2.64942e-05
6.16334e-05
1.52295e-05
0.00030568
2.55894e-05
3.64489e-05
4.05317e-05
0.000104194
0.000498009
7.23655e-05
0.000802659
0.000481284
0.000353678
0.000266041
0.000100896
0.000382282
0.000230605
0.00015409
0.000152429
7.49751e-05
0.000223138
0.000249761
0.000431365
4.23909e-05
0.000588224
0.00074798
0.000595873
0.000132764
0.000439687
0.000230763
0.000388359
6.10885e-05
0.000126474
0.000321218
0.000397204
0.000319006
0.000113232
0.000255166
0.000323381
0.000234346
0.000726151
0.000638687
0.000439882
0.000400725
0.000256616
0.000394937
0.000268406
0.00051022
0.000377565
1.28805e-05
0.000116541
1.93843e-05
0.000271625
0.000288328
0.000120889
0.000627861
0.000228196
0.000527247
0.000213642
0.000446397
0.000638134
0.000195693
0.000130199
0.000239345
0.000639967
0.000199284
0.00014679
0.000364474
0.000649288
0.000645702
0.000588371
0.000704954
0.000171877
0.000181875
5.81947e-05
0.000373928
0.000342181
0.000113002
0.000592385
0.000216567
0.00018853
3.17614e-05
0.000122487
5.9755e-05
0.000554751
0.0003506
0.000243164
0.000307705
0.000593809
0.000651772
0.000185724
0.000984778
0.000107081
0.000516584
0.0005196
0.000229471
6.89079e-06
1.08696e-05
8.97415e-05
6.80655e-05
5.74235e-05
6.85098e-05
0.000276732
0.0003726
0.000131075
0.000294983
0.000313558
0.000195181
0.000248278
0.000418923
0.000949366
0.000764529
0.000391489
0.000541786
0.000784129
0.000424512
0.000570049
0.000524111
0.000617471
0.000664714
0.000234062
0.000462863
0.000410737
0.000513058
0.000556125
0.000292351
0.000833601
0.000540185
0.00043703
0.000270845
6.447e-05
1.61507e-05
0.000120159
0.000123649
0.000393601
1.8573e-05
8.14739e-05
5.66585e-05
4.49105e-05
0.000102471
0.00020366
4.72326e-05
9.28729e-05
0.000240107
0.000401247
0.000107232
4.44906e-05
0.000221034
0.000388182
0.000254744
9.63671e-05
0.000106231
0.000324876
0.000360017
0.000340026
0.000814164
0.000480222
0.000485423
0.000104925
2.06374e-05
0.00040242
0.000512378
0.000684375
0.000180788
0.000355899
0.000435494
3.93361e-05
0.000179967
0.00024268
0.000668454
0.000299612
0.000193901
0.000513039
0.000214647
0.000219224
0.000114932
0.000519246
0.000119954
0.000509677
0.00102701
0.000473358
0.000259958
0.000308745
0.000217205
0.000493541
0.000391831
0.000147012
0.000320378
0.000174333
0.00029558
0.000342701
0.000817424
0.000478875
5.24957e-05
0.00032844
0.00039382
0.000397178
0.000374313
9.99894e-05
0.000268095
0.000302058
8.30421e-05
0.000599174
0.000382305
0.000259254
0.000434919
0.000421957
0.000387873
0.000376642
0.000535112
0.000151133
0.000334682
3.48097e-05
0.000434957
0.000449335
0.000515911
0.000420795
0.000210939
9.21456e-05
0.000151548
4.83853e-05
7.60943e-06
2.59472e-06
4.3871e-05
7.55554e-06
0.000569053
0.000212341
0.000592232
0.000101447
0.000109849
0.000446244
0.000195642
0.000358045
5.74975e-06
2.20548e-05
0.000330839
4.44245e-05
0.000431102
0.000164973
0.000359913
0.000422519
0.000540055
0.000211244
0.000877759
0.000149461
0.000231697
9.72402e-05
9.26472e-05
0.000295239
9.82926e-05
0.000308831
0.00033738
2.47583e-05
4.38232e-05
7.59293e-05
0.000311135
0.000454441
0.00031297
0.000541396
9.76861e-05
0.000188112
6.35127e-05
6.47474e-05
0.0003063
0.000554475
0.000419292
0.000118895
0.000417759
0.000475318
6.19489e-05
0.000244474
7.05549e-07
0.000117916
0.000123453
0.000360514
0.000133527
4.68691e-06
0.000316746
0.000291341
0.000879131
0.00041256
0.000288433
0.000268624
6.90045e-05
0.000381364
0.000101856
1.38616e-05
6.67263e-05
4.12793e-05
0.00104374
0.000639033
3.38577e-05
0.000148911
0.000604033
0.000543806
0.00016204
0.000422536
0.000100472
0.00051305
0.000262637
5.93316e-05
0.00041617
0.00042895
0.000642891
0.000416849
8.02155e-05
0.00025705
0.000645976
0.000428579
0.000244358
0.00036058
0.000309663
8.49938e-05
0.000133125
0.000443466
0.000462977
0.000237613
0.000281781
7.597e-05
3.86357e-05
9.12782e-05
0.00036104
0.000535924
0.000216613
0.000398209
0.000138561
3.81693e-05
0.000762328
0.000525105
0.000521528
0.000456123
1.51379e-05
0.000249129
0.000857417
0.000109029
0.000144937
2.51652e-05
0.000264181
0.000473171
0.000169129
0.000195718
0.000189038
0.000790455
0.000219611
0.00048936
0.000516726
6.31845e-05
0.000174451
0.00035673
0.00048538
4.768e-05
0.000641496
0.000464569
0.000634091
0.000358813
0.000235739
0.000746326
0.000517097
0.000873258
0.000462533
0.000523734
0.000613217
0.000823836
0.000401219
0.000282812
0.000414982
0.000133921
0.000393179
0.000139051
0.000131867
4.70835e-05
5.52391e-05
0.000118583
0.000189317
0.000301432
0.000920067
0.000534596
0.000412533
0.000820409
0.000379693
0.00049328
0.000794315
0.000284188
0.000341928
0.000188668
0.00058173
0.000306725
2.28396e-05
3.17577e-05
0.000696376
0.000291667
0.000193823
0.000210597
0.000170501
3.04535e-06
0.000480181
0.00059545
0.000575801
0.000630229
0.000435956
0.000524351
0.000172547
0.000236136
0.000305577
0.000266831
2.77159e-05
0.000671133
0.000321105
0.000631243
0.00023588
0.000625163
0.000467442
0.000431546
0.000150588
0.000220181
0.000337611
0.000393541
0.000526805
0.000511724
0.000416706
0.000610782
0.000123257
0.000475872
1.46897e-05
0.000168726
3.58378e-05
5.56501e-05
8.22586e-05
0.000209257
0.000476888
0.000252171
0.000218753
0.00061713
0.00013132
0.000171923
0.000495604
0.000400593
0.000269695
0.000425581
3.4104e-05
0.000273483
0.000475922
0.000813389
0.00013539
0.000114667
0.00026686
0.000704272
0.000648283
0.000514584
0.000237893
0.000382289
0.000275878
7.23124e-06
1.16343e-05
9.71156e-05
0.000478521
0.000197549
0.000266952
0.000189051
0.00054095
0.00038238
0.000470088
0.000572996
0.000431149
0.000524796
0.000131741
0.000162636
2.31256e-05
0.00017673
0.000523434
0.000318739
1.09302e-05
0.000370219
0.000560106
0.000660503
0.000558645
0.00055763
0.00037114
0.000383554
0.00053411
0.000257068
0.00020208
2.02213e-05
0.000509455
0.000105629
0.000373148
0.000377002
0.000572045
3.43783e-05
0.000425886
0.000110406
3.24703e-05
8.19359e-05
0.000148091
0.000670912
0.000579359
0.000330794
0.000198881
0.000361673
0.000315948
0.000242267
0.000113373
5.41342e-05
0.000295102
0.000376426
0.000543297
3.61142e-05
1.37988e-05
0.000111075
0.000261286
0.000335912
0.000336587
0.00044112
0.000333752
6.18306e-05
0.000412973
0.000608251
0.000284792
0.000128299
0.00052782
0.000717261
4.04718e-05
5.12804e-05
0.000248462
0.000274761
0.000172357
0.000425526
0.000420232
0.00036699
0.000563176
0.000220964
0.000339566
0.000637679
0.000439263
0.000442413
0.000436191
0.00050658
0.000521337
0.000395914
0.000326802
0.000511623
0.000151307
8.98698e-06
3.33435e-05
0.000259445
0.000377125
0.000494103
0.000606152
0.000316184
0.000284951
0.000608114
0.000359688
9.61628e-05
0.000115303
0.000278643
0.000227542
0.000482458
0.000330797
4.35216e-05
6.04515e-05
0.000210092
0.000396322
0.000613997
0.000283392
0.000517287
0.000549637
6.21822e-05
4.74696e-05
4.81122e-05
7.3847e-05
0.000183125
0.000236496
0.000526083
0.000118619
0.000393688
0.000423819
0.0009712
0.000539565
0.00066787
0.00041492
0.000849928
0.00069047
0.000562849
8.11436e-05
0.000308609
0.000562239
0.000164396
0.000229239
3.60863e-05
1.21658e-05
1.24846e-05
2.6856e-05
9.3918e-06
7.19294e-05
1.73632e-05
3.19842e-05
0.000103385
0.000698002
1.46806e-05
0.000857003
4.14851e-05
6.40775e-05
0.000288699
6.6925e-05
0.000146229
0.00053767
0.000463557
0.000118465
0.000178178
0.000290762
0.000363237
0.000699693
0.000927473
0.000434897
0.000415704
0.000244861
0.000151141
0.000397886
0.000196239
0.000579957
0.000345826
0.000762592
0.000245558
0.000265286
0.000525941
0.000388003
0.000484158
0.000792888
0.000134692
0.000654271
0.0006724
0.000344554
0.000390907
0.000294955
0.000104294
3.07265e-05
0.000563803
0.000306312
0.000382844
0.000260657
0.000361769
0.000341934
0.000661458
0.000233366
0.000463844
0.000538914
0.000191629
0.000762752
0.000486989
0.000340492
0.00011346
2.23064e-05
9.06035e-05
5.97939e-05
0.000146282
0.000492771
0.000689101
0.000407665
0.000200835
0.000993477
0.000550486
0.000480254
0.000512149
0.000473376
4.3111e-05
2.65265e-05
5.75549e-05
1.43546e-05
1.16035e-05
0.000229937
2.84464e-05
9.39248e-05
0.000149459
0.000527034
0.000413027
0.000801723
0.000372019
0.00019817
1.75436e-05
3.03377e-05
5.25558e-05
0.000407104
0.000204573
8.42767e-05
0.00021502
0.000536565
0.000116561
0.000449538
0.000890219
0.000332734
0.000703668
0.000211753
7.88547e-05
1.60686e-05
0.000206271
6.97139e-05
0.000384223
0.000203699
0.000483481
0.000360973
0.000822367
0.000701799
0.000285981
0.000463572
0.000773087
0.000398799
0.00088836
0.000562148
0.000393171
0.000688026
0.000649895
0.000255812
0.000796164
4.22338e-05
0.000302488
6.24203e-05
0.000261299
0.00102102
0.000202023
7.33846e-05
0.000136023
8.70202e-05
0.000231399
0.000582843
0.000711384
0.000256164
0.000188204
9.15183e-06
0.000198651
1.35899e-05
0.000416196
1.88653e-05
5.43066e-05
2.46562e-07
4.94476e-07
8.62137e-05
0.000407088
0.000800071
0.00076144
0.000120992
0.000399876
0.000661702
5.97954e-06
0.000156464
0.000173239
0.000154908
0.000246708
0.000653331
0.000181925
3.84999e-05
6.13841e-05
2.70462e-05
0.000295735
0.000419047
0.000385233
2.83189e-05
0.000467774
0.000105557
2.34812e-05
6.24427e-05
0.000216075
0.000368379
0.000719645
0.000585666
0.000236087
8.78395e-05
0.000167801
0.000162353
6.08024e-05
0.000269721
5.61725e-05
0.000152395
0.000961419
0.000508861
0.000200036
1.05077e-05
0.000492967
0.000260538
9.64083e-05
0.000819091
0.000307627
0.000308114
0.000346035
0.000441775
0.000494204
0.000129937
0.000288665
0.00030949
0.000652052
3.5719e-05
6.44001e-05
0.000163637
0.000166548
0.000407155
0.000104673
0.000904309
0.000622648
0.000261963
0.000504275
0.000211911
0.000229539
0.00032371
0.000245706
0.000563904
0.00059952
0.000646006
0.000307144
0.000254435
0.000593347
0.000128404
0.000341093
0.000220326
2.27868e-06
3.62111e-05
0.000110002
7.37501e-05
8.33205e-05
0.00037526
0.000647827
0.000177165
0.000184132
0.000504566
0.000813458
0.000744551
0.000497745
0.000567365
2.00584e-05
0.00087393
0.000784378
0.000770828
0.000738615
0.000151335
0.000268286
0.000388318
0.000602886
8.05622e-05
7.44976e-06
8.19205e-05
0.000767006
0.000184605
0.00031595
0.000120432
1.29903e-05
4.83978e-05
0.000829734
0.000713649
0.00066908
0.000380937
0.00035135
0.000105297
0.000765073
0.000206922
0.000200669
0.000156655
0.000285436
0.000437175
0.00051546
0.000294017
0.000417008
0.00030034
3.58702e-05
0.000574401
0.000235224
0.000334014
0.000269122
0.000132666
0.000323497
7.43028e-05
4.25369e-05
2.02614e-05
0.00024937
0.000585552
0.000359522
0.000685943
2.02507e-05
1.71697e-05
1.80016e-05
3.40716e-05
0.000438314
0.000597854
0.000317461
0.000130583
0.000422623
0.000142063
0.000284018
0.000138902
0.00024717
0.00042485
0.000165654
0.00057251
0.000583045
0.000262954
0.00017879
0.000565096
0.000218932
6.37181e-05
9.67851e-05
0.000294891
0.000175584
4.15189e-05
0.000617836
0.000214662
0.000105944
5.53046e-07
0.000337568
7.13792e-05
0.000113194
0.00017613
0.000342009
0.000391772
0.00029327
0.000878818
0.000116115
0.000154829
0.000478527
9.01431e-05
0.000177512
3.28648e-05
2.64456e-05
0.000191659
0.000389592
0.00056692
0.000486766
0.000385113
0.000120482
0.000501499
0.000324723
0.000235291
0.000226894
2.63573e-05
6.82764e-05
2.00953e-05
0.000440649
0.000472913
0.000747789
0.000349413
0.000645204
0.000406571
0.000483104
0.000841904
0.000617214
0.000754892
3.95284e-05
0.000270139
0.000323621
8.09657e-05
0.000146893
0.000519976
0.000390674
5.55626e-05
0.000619735
9.31869e-05
2.25184e-05
0.000247304
0.000872123
0.000300846
0.000148399
0.00017743
0.000205569
0.000458479
0.000610508
0.000226531
0.000616205
0.000371717
0.000286546
0.00040462
0.000241073
0.000137555
3.65067e-05
0.000175226
0.000161736
0.000488518
0.000404125
2.81639e-05
5.88262e-05
0.000471598
0.00020193
0.00063223
0.000208471
0.000183522
4.25913e-05
0.000881532
8.16932e-05
0.000466972
9.25043e-05
0.000122038
0.000157244
0.00108897
0.000593769
0.000392744
0.000105981
0.000420148
0.000105175
0.000313688
6.60083e-05
0.000563477
0.000406483
0.000626492
0.000175282
1.92527e-06
0.00034442
0.000147907
0.000598077
0.000547328
0.000515284
0.000170283
0.000332206
0.000202055
0.000448509
0.000130765
0.000127257
1.91511e-05
2.1398e-05
0.000364811
0.000565882
0.000200813
0.000151065
0.0004436
0.000443772
0.000670181
0.000676296
0.000438679
0.000249926
0.000674392
0.000529028
7.83902e-05
6.88296e-05
5.88264e-06
7.96019e-05
4.00443e-05
4.05925e-05
1.51367e-05
6.97424e-06
3.60812e-06
2.57678e-08
5.63709e-06
9.4955e-05
0.000217947
0.000244077
0.000547163
0.000208223
0.000532298
0.000590968
0.000532439
0.00013659
0.000246852
6.08088e-05
0.000188721
0.000313395
7.73782e-05
0.000171467
0.000115195
4.7716e-06
0.000344161
0.000459713
0.00077764
0.000138378
0.000337763
0.000440569
0.000281291
4.53547e-05
8.68637e-05
5.51843e-05
0.000284135
0.000171618
0.000475432
0.000450081
2.3118e-05
0.000530451
0.000695626
0.000826264
0.00103703
0.000726969
0.000210696
0.000452414
9.88982e-05
0.000100636
3.33367e-05
0.000463389
0.000126995
0.000310085
0.000257846
0.000887342
0.000201475
0.000266607
0.000511788
0.000331981
0.000656059
0.000307929
0.000194564
0.000283977
0.00024662
0.000455971
0.000551451
0.000482054
0.000786469
0.000557802
0.000222257
8.20746e-05
0.000295617
0.000197951
0.000217391
0.000328557
0.000271276
3.65061e-05
4.11788e-05
0.000322105
0.000341413
0.000274234
0.000136703
0.000115905
0.00028737
0.000106918
0.000474218
0.000432246
0.000289525
7.69265e-05
3.33105e-05
0.000229292
0.000213633
0.000548864
0.000402589
8.59424e-05
3.67321e-05
0.000125321
0.000110048
0.000302115
0.000578744
0.000549196
0.00026437
0.000146858
0.000124122
0.000101384
0.000226447
0.000266027
0.000382115
0.000477655
0.000265727
0.000359159
0.000857461
0.000200266
0.000693411
0.000456443
0.000233733
0.000113569
0.000471653
0.000901195
0.000717712
0.000260993
0.000121153
0.000272269
0.000529276
5.51064e-06
9.54452e-05
0.000118283
0.000281013
0.000472775
0.000617797
0.000763772
0.000140528
0.000354108
0.000362625
0.000537109
0.000146722
7.79829e-05
0.000356151
0.000296904
0.000101962
0.000368693
0.000230283
0.000354106
0.000323889
6.04148e-05
9.14942e-05
0.000846097
0.00017113
0.000381395
0.00054118
0.000467391
0.000177424
7.12957e-05
0.00025691
0.000656555
0.0003735
0.000507173
0.000531331
0.000206074
0.000662163
0.000602695
0.000553918
0.000748552
0.000453115
0.000981245
0.000827468
0.000196298
6.90708e-06
0.000230458
0.000245666
0.000135665
0.000146684
0.000612488
0.000411006
0.00021087
0.000124831
0.000886959
8.4975e-05
0.00056937
0.000372739
0.000262189
0.000703569
0.000694609
0.00078709
0.000291874
0.000282155
0.000110932
0.000461698
0.000302753
0.000281759
0.000345076
5.43704e-05
0.000121222
0.000147935
0.000476473
0.000218052
0.000212688
0.000205836
0.000308245
0.000108493
0.000485153
0.00030608
0.000116774
0.000205362
0.000515501
0.000582501
9.52993e-05
1.60973e-05
0.000115675
0.000210602
0.00058683
3.01433e-05
0.000268092
0.000421913
0.000618867
0.000652011
0.00026031
0.000203661
5.91284e-05
0.000296083
0.000382044
0.000500867
0.000618294
0.000679003
0.000656604
5.42519e-05
0.000129224
0.000506868
0.000321146
0.000591465
0.000441614
5.35513e-05
6.0099e-05
0.00057423
0.000222002
0.000170174
0.000346236
4.00925e-05
0.000100087
0.000173032
0.000681578
0.000268348
0.000583511
0.000332693
0.000491746
0.000636126
0.00063055
0.000304487
0.000448906
0.000135623
0.000479569
0.000578793
0.000420889
0.000452751
0.000242329
9.11193e-05
0.00011602
0.000135453
0.00035228
0.000558874
0.000463551
0.000671519
0.000336216
0.000227777
0.000508732
0.000512981
0.000189292
0.000217009
0.000485665
0.000283479
6.08774e-05
3.38908e-05
0.000247629
0.000288133
0.000418958
0.000547815
0.000256323
0.000653149
0.000554706
0.000173328
6.10846e-05
9.80963e-05
8.02641e-05
0.000317052
0.00027564
0.000301203
0.000130281
0.000186785
0.000356141
0.000288364
0.000297293
0.000155974
0.000132412
0.000889754
9.78289e-05
0.000267665
0.000182603
0.000491352
0.000184287
6.17289e-05
5.05072e-05
0.000227684
6.44074e-05
0.000280484
0.00062781
0.000150682
0.000225175
0.000130154
9.54768e-05
0.000327804
0.000309078
0.000316042
0.000152077
3.93075e-05
1.59571e-05
0.000194411
0.000106408
0.000186736
0.000226743
0.00021819
0.000589903
0.000102518
0.000653899
0.000147377
0.000257592
0.000423431
0.000196936
0.000212438
0.000360461
0.000170613
0.000360934
0.000257421
0.000308374
0.000576416
5.54067e-05
5.76611e-05
2.25645e-05
0.000232702
0.00011453
0.000469407
0.000354865
0.000405433
9.80701e-05
0.000650348
0.000445773
0.000567949
0.000382799
0.000566725
0.000225668
1.26418e-05
0.000219438
0.000305626
0.000253
0.000685634
0.00047701
0.000215649
0.000326808
0.00106437
0.000737825
0.000431694
0.000505822
0.00022904
0.000489607
0.000372782
0.000315192
0.000907647
0.000220458
0.000201945
0.000563708
0.000296392
0.000400087
0.000131415
0.00056691
0.000385148
0.000433672
0.000246263
5.15968e-05
5.95805e-05
5.39354e-05
0.000382865
9.78837e-05
0.000563046
0.000301515
0.000168449
0.000412785
0.000144552
6.35814e-05
0.000450861
0.000110593
6.00781e-05
0.000682383
0.000328129
0.00038699
0.000788547
0.000309604
4.8297e-05
0.000785704
0.000181088
5.49867e-05
1.3127e-05
0.000167737
0.000180365
6.56972e-05
2.07866e-05
0.000153998
0.00022069
7.51107e-06
4.6479e-05
0.000300485
0.000121282
0.000139518
0.000146982
9.42945e-05
0.000677302
0.000169152
0.000145234
0.000187567
0.000408271
0.000120522
0.000336372
0.000665041
0.000523716
0.000872882
0.000599845
0.000203725
0.000386203
0.000509016
0.000371154
8.40177e-05
0.000852109
0.000295626
0.000528539
0.000588201
0.00069985
0.000447338
0.000138665
0.00047669
0.000210843
0.000133333
0.00058316
0.000219069
0.000724426
0.000526289
0.000164072
0.000388228
8.90985e-05
0.000133036
4.36434e-05
0.000219285
0.000269646
0.000688168
0.000176413
0.000564731
0.000599959
0.00080833
0.000619789
0.000476817
0.00020164
0.000638835
5.14639e-05
0.000488957
0.000103335
2.96857e-05
6.66854e-05
6.81709e-05
5.08939e-05
7.19938e-06
4.46672e-05
0.000200044
0.000124723
0.000138245
0.000562163
4.18682e-05
2.51003e-05
0.000316108
0.000681068
3.49832e-05
7.99304e-05
2.39599e-05
4.79031e-06
1.02802e-05
5.73614e-05
0.000360532
0.000517925
0.000448061
0.000499159
0.000565798
0.000863484
0.000150344
0.000273528
2.50341e-05
0.000100265
6.2732e-05
6.01781e-05
0.000240982
0.000836626
0.000170815
0.000130132
7.19678e-05
2.38352e-06
0.000260527
0.000431472
7.25391e-05
0.000421149
9.70184e-07
2.47286e-06
0.000131135
0.000617016
0.000163652
0.000146818
0.000307704
0.00055977
0.000843289
0.00044738
0.000395258
0.000370769
0.000499166
0.000229949
0.000600727
0.000738982
0.000552473
0.000208389
0.000179058
0.000311523
0.000355097
0.000135475
0.000179442
0.00022839
0.000352874
0.000412655
0.000266041
0.000863351
0.000385021
0.000285644
0.000169603
0.000241379
0.000429172
0.000602654
0.000544422
0.000435244
4.49785e-05
0.000233754
9.32443e-05
0.0001203
9.41739e-06
4.05068e-05
0.000401159
0.000627664
0.00061122
0.000557057
0.000364186
0.000776051
0.000463374
0.000391952
0.000275887
0.00033678
0.000849039
3.66174e-06
5.41109e-05
0.000368255
0.000428445
0.000354546
0.000217016
0.000386762
8.40113e-05
0.000257508
0.000246546
9.6644e-05
0.000305796
0.00094564
9.12431e-05
0.000202374
0.000272634
0.00034459
0.000544775
0.000236297
0.000530525
0.000366543
6.83876e-05
8.35774e-05
2.78688e-05
0.000370679
7.81618e-05
0.000169059
0.000210003
0.000180827
0.000501055
0.00111043
0.000541911
0.00018793
0.000196
6.70039e-05
7.33545e-05
7.64407e-05
0.000209552
3.96653e-05
7.19444e-05
1.29898e-05
8.76008e-05
0.000398624
0.000315401
0.000562482
0.000207258
0.000683224
0.000631273
5.91432e-05
0.000152224
0.000277116
0.000344539
0.000427969
2.20399e-05
0.000210392
0.000267332
0.000470453
0.000477273
0.000315126
0.000723994
0.000135549
0.000138647
0.000288453
0.000422389
0.000718973
0.000742145
0.00038352
0.000775569
0.000463255
0.000395634
0.000133348
0.000311917
0.000463365
0.000212985
1.42828e-06
0.000128508
8.49037e-05
4.92662e-05
9.7079e-05
0.00063781
0.000652314
0.000499383
0.000492826
0.00036307
0.000354476
0.000476541
2.45714e-05
0.000333266
0.000244493
8.1809e-05
0.000243403
0.000108148
0.000409702
0.000536308
0.000603929
0.000820561
0.000351866
0.000172445
0.000147245
1.47454e-05
7.40455e-05
0.000533207
0.000439956
0.000235219
0.000356482
0.000623861
0.000837321
0.000626379
0.000848452
4.58637e-05
0.000512685
0.000416684
0.000381306
0.000798018
0.000420473
0.000858827
0.000456725
0.000371887
4.24205e-05
0.00024023
0.000174684
0.000284722
0.000501266
0.000784206
0.000570433
0.000251106
0.000421233
0.000458386
0.000554678
0.00042238
0.000658587
0.000368287
0.000198996
0.000395155
0.000164083
0.000218099
0.000362112
9.12754e-05
0.000505027
0.000638093
0.000334987
1.50419e-05
0.000241616
0.000392742
0.000361384
0.000233669
0.000284117
0.000162516
0.0006561
0.000219569
0.00018489
0.000484996
0.000533082
0.000598447
0.000128858
0.000110006
0.000401057
0.000307707
0.000247053
0.000641786
0.000387794
0.000270914
0.000205234
0.000139755
0.000230276
0.000606835
0.000495788
0.000675813
0.000225279
0.000162037
0.000159071
0.00022081
8.51575e-05
2.68938e-05
1.64663e-10
0.000279274
0.000415917
0.000514224
0.000592584
8.93021e-05
2.54546e-05
0.00018866
0.00024588
0.000309487
0.000148752
0.000405491
0.000548198
0.000260363
7.50216e-05
0.000418405
0.000280271
0.000209658
0.000299567
0.00107115
0.000401867
0.00048462
0.000305192
0.000357462
0.000125434
0.000314183
0.000627787
0.000139061
0.000200938
0.000114951
0.000283898
0.000423816
0.00050711
0.000289373
0.000230406
0.000659804
0.000309672
0.000181515
0.000401136
0.000349422
0.000473878
0.000290289
0.000288452
0.000649189
0.000238458
0.000182162
1.55995e-05
6.20007e-05
0.000169702
0.000228264
0.000613326
0.000250328
0.00063799
0.000665259
0.000421375
3.41384e-05
3.47416e-05
0.000266314
0.000431284
7.46172e-06
0.000316085
0.00029491
0.000228653
0.000337203
0.000268312
5.31405e-05
0.00046831
0.000497286
0.00028856
0.000233424
0.000428421
0.000924626
0.000712252
0.000667362
0.000638291
0.000219228
0.000204934
5.95193e-05
5.49537e-06
0.000258237
0.000371335
0.000431345
0.000333937
0.000751217
0.00071033
0.000782799
0.000346896
4.91823e-05
0.000536035
1.87764e-05
0.000220831
0.000350898
1.91962e-05
0.000316311
0.000323019
0.000421162
0.000664104
0.000321061
0.00041865
0.000615111
0.000459774
0.000343406
5.93298e-05
8.92403e-05
0.000307721
0.000464189
0.000532956
0.000613286
0.000345722
0.000363044
0.000353274
0.000298927
0.000422237
1.77597e-05
0.000130484
7.06012e-05
0.000343145
0.000350337
3.19338e-05
0.000506262
0.000180012
6.75269e-07
0.00012307
0.000244828
0.000532278
0.000144659
0.000356078
0.000456436
0.000161214
0.000528611
0.000187541
0.000331672
0.000322242
0.000488274
0.000358372
0.000475583
0.000555242
0.000268578
0.000177895
4.71935e-05
0.000359164
0.000797334
0.000165132
0.000131633
0.000312997
0.000123495
0.000353289
0.000206507
0.000131074
0.000203801
0.000183208
7.2543e-05
0.000796347
0.000496911
0.000227276
0.000502489
0.00037917
4.70361e-05
2.52272e-05
5.13769e-05
0.000218571
2.13866e-10
3.2796e-05
5.71072e-05
0.000177758
0.000122086
0.000488233
0.000306585
0.000212737
0.000831884
0.000117152
0.000524039
0.000267221
0.00025101
0.000612171
0.000856717
0.00042771
0.000669875
0.000413715
0.000548076
0.000609215
0.000492472
0.000184907
0.000335933
0.000652377
0.000180725
0.000173829
2.33328e-06
0.000481798
0.000234667
7.06003e-06
3.72195e-06
3.25314e-05
2.96321e-05
0.00059874
2.65538e-05
5.42873e-05
0.000116172
0.000593359
0.000830925
0.000113485
7.56502e-05
4.83077e-05
0.000278045
0.000499329
0.000433218
0.000253659
0.000120472
0.000111335
4.91448e-05
0.000108623
1.6747e-05
5.57804e-05
0.000444921
0.00045335
0.000432648
0.000230619
0.000404946
0.000698337
0.000689775
6.5866e-05
0.000515814
0.000712629
0.000383202
0.000448697
0.000250769
0.000734697
0.000575839
0.000344208
0.00054115
0.000958693
0.000636193
0.000219767
3.98051e-05
0.000285424
8.29745e-05
0.000280009
0.000357898
0.000296531
0.000724677
0.000125918
0.000262528
0.000376862
0.000194312
0.000358399
0.000276001
0.000203239
2.71965e-05
0.000161594
9.5223e-05
0.000131613
2.8053e-05
0.000150948
0.000406204
0.000354757
0.000207495
0.000272139
0.000594042
0.000332802
0.000102868
0.000184554
0.000725357
0.000513986
0.000327357
0.00068341
0.000202931
5.18859e-06
0.00017587
0.00046817
0.000209968
0.0004676
0.000971311
0.000380569
8.57004e-05
0.000416115
6.29664e-05
9.71459e-06
0.000110493
0.000357104
0.000184044
0.000357149
0.000597118
0.000361496
0.000143596
0.000199773
4.55431e-05
0.000348341
0.000505603
9.05738e-05
0.000221475
0.000220506
0.000201979
0.00030567
2.25061e-05
4.76441e-05
0.000199716
0.000942368
0.000508261
0.000329711
0.000152068
3.05436e-05
0.000140914
0.000388029
0.000143239
8.43882e-05
0.000594248
0.000834169
0.0011197
0.000472404
0.000630528
3.62024e-05
2.97709e-06
2.74921e-05
3.94945e-05
0.000325137
6.46098e-05
3.1905e-05
0.000300318
4.91888e-05
5.97072e-05
6.11289e-05
8.50823e-05
7.33203e-05
0.000479469
0.000270851
0.000677315
0.000693986
0.000673701
0.000508809
0.000513923
7.59815e-06
0.000466284
0.000359202
9.98105e-05
0.000912118
0.000551524
0.000710325
0.000849323
0.000321845
0.000351989
1.70101e-05
0.000282084
0.000837749
0.00039759
0.000302099
0.000140187
0.000282324
0.000128009
0.000288127
0.000766894
0.000306585
6.99571e-05
0.000674288
0.000107044
0.000147275
0.00063002
0.000677072
9.04943e-06
0.000180279
1.91602e-05
0.000108358
0.000135277
3.71487e-06
6.43777e-05
7.58987e-05
1.47521e-05
7.53519e-05
0.00035998
0.000363737
0.000567675
0.000125234
0.00023584
0.000149211
0.000180692
0.000283863
0.000113334
0.000604232
0.000271981
0.000147878
8.52723e-05
0.000832697
0.000409979
0.000520904
0.000189003
0.000176144
0.000207614
0.000203989
7.06397e-05
0.000389787
0.000214693
0.000693318
0.000489771
0.000353639
0.000553291
0.000144796
7.3413e-06
0.000181335
0.000123802
0.000205904
0.000123838
0.000150071
0.000176147
0.000126345
7.70422e-05
0.000764968
0.000432757
0.000270036
6.69648e-05
0.000147182
0.000833417
0.000836525
0.000403693
0.000316253
0.000371393
0.00031963
4.44333e-05
8.90767e-05
0.000404737
0.00024966
8.4236e-05
0.00043893
0.00038795
0.000398763
0.000422514
0.000340291
0.000155685
0.000137252
0.000132943
0.000222361
0.000876345
0.000903741
0.000592055
3.84224e-05
3.98254e-05
6.9225e-05
7.03149e-05
0.00040966
0.000124688
0.000322281
0.000120113
0.000420288
0.000277472
4.56222e-05
0.00057667
0.000360016
0.000587314
0.000642493
0.00039247
2.61452e-05
0.000264686
0.000371329
0.000290387
2.54867e-05
0.000112138
0.0001015
0.000297489
0.000230227
0.000684225
0.000456543
0.000163129
0.000339663
0.000564011
3.208e-05
0.000171643
0.000580423
0.000408493
4.65116e-05
8.99745e-05
0.000506649
0.000535877
0.000576139
0.000288315
0.000520916
7.47801e-05
2.81371e-05
0.000342028
0.000428771
8.21067e-05
0.000145779
0.000295355
0.000572991
8.02026e-05
0.000505162
0.000548042
0.000433697
7.99213e-05
0.000441576
0.000536027
0.000410809
0.000761709
0.000115923
0.000748816
0.000522905
0.000734093
0.000349689
4.7464e-05
4.90043e-06
0.000357402
0.000189874
0.000163922
0.000224925
0.000185193
0.000350139
0.000550259
0.000375835
0.000358075
0.000887673
0.00020676
0.000129335
0.000100647
0.000291767
0.000383592
0.000132171
0.000217408
6.95129e-05
7.42496e-05
0.000115646
0.000389951
0.000135554
3.00605e-06
0.000136336
0.000355017
5.15333e-05
8.32613e-05
0.000471548
0.000209226
0.000139003
0.00064772
0.000312835
0.000415307
0.000630655
0.000450272
0.000267245
0.00038663
0.00078871
0.000524429
0.00020914
8.95584e-06
0.000422263
0.000740977
0.000167353
0.000316399
0.000217663
0.000116758
0.00065276
0.000953188
0.000519564
0.000893588
0.000118404
0.000252345
0.000253398
0.000266145
7.28063e-05
1.52439e-06
1.05141e-05
0.000364299
0.000197315
9.45202e-05
2.83261e-05
0.000175298
7.9309e-05
0.000376705
0.000217803
0.000274924
0.000444666
0.000463837
0.00011641
0.000506896
0.000134682
0.000133247
0.000153355
0.000104537
0.000703715
0.000620284
0.0010644
0.000366358
0.000191439
0.000378463
0.000322235
0.000401328
0.000140701
8.67853e-05
0.000687228
0.000796462
0.000436903
0.000331211
0.000128581
0.000718816
0.000920658
0.000527942
0.000167818
7.59966e-05
1.58744e-05
0.00039715
9.31563e-05
0.000140319
0.000172495
0.000151131
7.25094e-05
9.61233e-06
0.000139351
0.000339429
0.000415224
0.000287081
0.000362999
0.000408541
0.000486742
0.000521662
0.000299795
0.000491679
0.000402219
0.000152046
5.71331e-05
0.000454028
0.000426455
0.000681682
0.000252921
0.0003571
0.000508211
8.40018e-05
3.42174e-05
0.000181344
0.000648224
0.000632307
0.000336635
0.000554515
0.000207633
0.000387936
0.000208709
0.000260279
0.000151447
7.11398e-05
8.00401e-06
2.39124e-05
0.000274791
0.000670613
0.000315777
3.60458e-05
0.00037557
0.000317006
0.000684777
0.000235594
7.58076e-05
0.000250724
0.000870891
0.000191865
5.58222e-05
0.000429685
0.000898474
0.000507186
0.000280378
0.000383163
7.32363e-05
0.000794667
0.000271136
0.000313764
0.000157241
0.0004161
0.000255327
0.00048602
0.000382438
0.000135867
0.000227678
1.39136e-05
0.000799472
0.000544645
0.000357319
0.000424768
0.000297738
9.39908e-05
0.000229282
0.000130285
8.6572e-05
0.000577355
0.000468015
0.000440329
0.000490904
0.000250787
2.36344e-05
3.91016e-05
6.5318e-05
2.57414e-06
1.50614e-06
1.79562e-08
1.66078e-05
0.000143925
0.00086154
0.000636562
0.000124318
0.00026342
7.74281e-05
0.000386222
0.000843212
0.000188438
0.000160095
1.97599e-05
2.14771e-05
0.000207644
0.000268571
9.71935e-05
7.29358e-05
0.000461395
0.000347585
8.4615e-05
0.000390961
0.000384284
0.000665192
0.000558671
0.000207566
0.000244845
3.40459e-05
0.000172103
0.000102923
6.55269e-05
0.000477964
0.000646689
0.000277946
0.000723939
0.000342543
0.00054207
0.000246108
0.000229807
0.000535036
0.000714344
0.00039846
0.000188098
0.00080476
0.00051448
0.000690687
0.000440685
0.000448658
0.00085498
0.000319064
7.24829e-05
1.42607e-05
0.000525088
4.05906e-05
0.000697325
0.00042521
0.000289038
0.000867707
0.000589094
0.000261073
0.000710392
0.000235549
8.64983e-05
0.000618662
0.000392559
0.000429372
0.000402221
0.00019548
0.000268922
0.00035294
0.000197015
0.000238099
0.00074209
0.000156061
0.000253148
0.000198398
0.000232875
0.000204401
0.000800598
0.000340169
0.000550995
0.000754694
0.000472627
0.000503094
0.000311048
9.31013e-05
0.000107461
0.000625422
0.000514851
0.000399346
0.000256784
0.00010792
1.02463e-05
1.0077e-05
2.78147e-05
3.37163e-05
0.000191206
1.29964e-05
0.000895836
0.000101194
0.000134263
0.000627526
0.000273062
0.000624634
0.000497722
0.000219963
0.000286301
0.00022473
0.000491597
0.00019347
3.42497e-05
0.000580028
0.000585582
0.000701479
0.000496003
0.000462479
0.000404629
0.000638796
0.000198119
0.000374765
0.000382192
0.00014289
0.000244151
0.000373975
2.46426e-05
6.14305e-05
0.00037481
0.000765076
0.000723254
0.000418261
1.50393e-05
2.78603e-06
1.33146e-06
8.94621e-06
7.85712e-06
9.70976e-05
8.13588e-05
0.000609238
0.000460501
0.000467826
0.000771769
0.000745179
0.000464924
0.00030722
5.28557e-05
6.91473e-05
3.6782e-05
0.000486683
0.000351854
0.00042058
0.000484517
8.61311e-05
0.000503709
0.000387791
0.000163668
0.000552896
0.000664028
0.000560222
0.000723306
0.000185671
0.000274527
6.55982e-05
5.50972e-05
5.27992e-05
7.85611e-06
0.000168543
0.000294143
0.000253871
0.00021997
0.000209408
0.000560669
0.000446516
0.000525067
0.000559637
0.000628776
0.000705141
0.000207303
1.15718e-05
2.11856e-05
7.36016e-05
2.35028e-06
7.29666e-06
6.24277e-06
2.42322e-05
0.000429887
0.000419818
0.000284258
9.70464e-05
1.5864e-06
2.64849e-05
0.000147523
7.50734e-05
9.43658e-05
3.39101e-05
3.99751e-05
0.000396353
0.000252547
0.000786097
0.000565417
0.000490601
0.000317986
0.000606677
0.000133576
0.000395155
0.000801409
0.000871756
0.000216335
0.000227393
0.000414689
0.000329337
6.86217e-06
7.5442e-05
7.29699e-05
2.83975e-05
0.000441174
5.79696e-05
0.000269473
0.000333193
0.000143723
0.000325654
0.000394188
0.00065623
0.000221107
0.000239262
0.000283738
0.00021206
0.00023886
7.08946e-05
0.000138345
0.000476851
0.000488482
0.000579851
0.000492699
0.000638834
0.00018527
0.000356364
0.000453926
0.000648613
0.000633925
0.000503687
0.000716951
0.00094993
0.000602903
0.00049751
0.000399589
0.000143962
0.000393424
0.000136852
0.000199911
0.000351797
0.000217084
0.000583416
0.000120359
9.32547e-05
0.000526301
3.58194e-06
0.00010168
0.000762326
0.000391577
0.000822307
0.000189362
0.000316863
6.43066e-05
0.000361909
0.000139661
0.000219873
1.75934e-05
0.000778173
0.000365746
0.000113768
9.19137e-05
4.36591e-05
9.81999e-05
5.22977e-05
0.000111946
0.000327217
0.000551329
0.000284149
0.000460634
0.000104283
6.15084e-05
5.35839e-05
0.000480984
6.16557e-05
0.000157748
4.18406e-05
0.000321066
0.000153398
0.000313001
0.000152059
0.000488073
0.000501564
0.000123369
0.000598456
0.000418998
0.000550515
0.000193725
9.22112e-05
0.000198468
0.000603043
0.000516944
0.000493411
0.000146233
0.000690414
0.000329724
0.000309647
2.09783e-05
0.000166517
0.000645275
0.000523873
0.000168279
2.32052e-05
0.000216597
0.000280303
0.000371992
9.68298e-05
0.000572343
0.000195126
9.3478e-05
2.32536e-06
0.000455757
6.81892e-05
3.2554e-05
0.000211767
0.000433705
0.000449743
0.000402185
0.000431473
0.000139101
0.000117679
0.000661578
0.000291363
0.000277312
0.00014386
9.10349e-05
0.000170193
0.000190833
0.000184371
4.97071e-05
1.20286e-05
6.17512e-05
0.000472129
0.000376761
0.000163098
0.000582148
0.000297172
0.00069024
0.000289383
0.000268342
1.22357e-05
0.000356005
0.000314113
0.000542082
0.000403796
0.00047336
0.000444096
7.10364e-06
0.000404949
0.000159393
0.000534285
0.000633937
0.000394766
3.4269e-05
0.000274879
0.000103922
0.000561296
0.000255568
0.000115098
2.69269e-05
7.36991e-08
2.93272e-05
1.30596e-05
0.000423595
0.000541102
0.000274189
0.000136839
2.75437e-05
8.01114e-05
6.34534e-05
1.97387e-06
4.23347e-05
0.000200914
0.000380882
0.000678747
0.000379535
0.0001769
0.000947352
0.00047003
0.000176978
0.000979512
0.000366725
0.000136126
0.00041827
0.000245426
0.000206035
0.000189604
2.56163e-05
0.000399633
0.000472555
0.000407542
0.000167517
0.000422501
0.000277784
8.30156e-05
0.000251722
0.000339543
0.000394956
0.000350791
6.49224e-05
0.000123504
0.000266097
9.78089e-05
5.82065e-05
0.000105098
4.87001e-05
0.000159508
0.000154722
0.000330376
0.000117501
0.000268547
0.000820206
0.000111322
1.03534e-05
8.12633e-06
3.02134e-05
7.77375e-05
1.61107e-05
9.41198e-05
9.53359e-05
0.000499742
0.000586387
0.000483227
0.00068812
0.000437875
0.000424475
0.000159769
0.000108153
0.00055635
0.000587057
0.000530788
0.000266345
0.000184846
0.000202506
0.000140339
3.95172e-05
0.000558743
6.36371e-05
0.000155411
0.000480811
0.000225686
6.21485e-05
2.23045e-05
0.000149854
0.000189484
0.000523498
3.23856e-05
0.000283254
0.000542463
0.000641272
0.000579365
0.000385298
0.000284539
0.000507049
0.000427779
0.000150676
0.00016082
3.1704e-05
0.000617351
0.000709949
0.000698705
0.000486633
0.000609058
1.64697e-05
8.62565e-05
5.92013e-05
0.000543778
0.000427306
0.00089268
0.000733648
0.000790856
0.000267154
0.000149154
0.000251063
0.000658041
0.000348089
0.000707528
0.000463307
0.000237194
0.000118432
0.000209437
9.49429e-06
3.10451e-06
5.15632e-05
0.000545275
0.00033979
0.000711017
0.000677982
0.000634189
0.000100288
0.000256347
0.000221968
0.000769242
0.000253448
0.000142122
0.000106055
0.000297754
0.000921442
0.000191661
0.000471058
0.000419884
0.000343154
0.000325863
0.000540331
0.000776439
0.000381106
6.52091e-05
0.000176304
2.00699e-05
0.000199497
0.000120316
1.47069e-05
0.000150298
0.000109163
0.000353615
0.000337182
0.000332963
0.000337563
0.000673889
0.000315161
0.000162602
0.000932034
6.38388e-05
7.67779e-05
0.000266469
0.000561089
0.00053806
5.34842e-05
0.000163829
0.000681067
0.000353145
4.21658e-05
0.000150631
4.16118e-05
0.000219666
8.25331e-05
0.000585982
0.000253846
0.000111963
0.000373292
0.000217783
0.000142685
0.000256094
0.000530437
0.000680393
0.000287521
0.000811488
0.000523049
0.000426651
0.000423401
0.000453991
0.00078651
0.00059058
0.000614278
0.000445575
0.00010018
5.45374e-06
1.12599e-05
0.000309688
9.42285e-05
0.000149514
0.000335741
0.000330399
0.000413078
0.00024944
0.000189434
0.000964907
0.000453891
0.000537951
0.000480613
8.57193e-05
0.000193457
0.00014333
0.000466213
0.000353133
0.000133034
0.000508975
0.000380526
0.000566093
0.000672204
0.000735571
0.000206892
0.000884448
9.8019e-05
0.000207099
0.00014005
0.000168981
0.000226631
0.000372912
7.19264e-05
0.000142006
9.5755e-05
0.000333111
0.000122174
0.000694242
0.000739573
0.000779527
0.00046562
0.000830307
0.000597466
0.000413485
0.000178346
0.000439677
0.000802222
8.72999e-05
0.000132846
0.000588911
0.000506431
0.000421378
0.000275749
0.000601539
8.6247e-05
0.000591508
0.000611255
0.000590122
0.000754559
0.000407646
0.00012298
0.000127608
4.51503e-05
0.000181439
5.96074e-05
0.000230088
0.000318948
0.000894063
0.000440457
0.000643304
0.000434744
0.000288182
0.000374954
0.000403964
0.00037203
0.00025886
0.000295371
0.000127459
9.78887e-05
0.000231471
0.000220452
0.000366489
0.000351739
0.000680447
0.000784947
0.000580423
0.000644913
0.000658323
0.00072373
0.000247272
7.99018e-05
0.000643991
0.000302717
0.000550673
0.000371044
0.000342622
2.67935e-05
3.29373e-06
2.05809e-07
8.60077e-08
9.99537e-06
0.00046425
0.000141923
0.000214548
0.000917582
0.000367076
0.000587134
0.000504219
6.22104e-05
0.000320167
0.000914957
0.000719681
0.000326998
0.000572214
0.00060279
0.000372762
0.000583764
0.000757007
0.000212985
0.000206625
0.000141367
0.000757479
0.000178854
0.000101181
0.000181993
1.05484e-05
8.26327e-05
9.85128e-06
4.70268e-05
0.000189687
0.000844451
0.000650196
5.14676e-05
9.42633e-05
4.31714e-05
7.00479e-05
0.00036187
0.000531475
0.000679566
0.000409437
0.000113447
5.09208e-05
0.000111505
0.000612959
0.000124889
5.5992e-05
0.000469442
0.000241155
0.000617133
0.000107786
0.000145479
8.17079e-05
0.000120681
0.000152607
0.000163034
0.000155954
0.000261481
0.000243309
4.57314e-05
5.12027e-05
6.43252e-05
0.000372849
3.47646e-05
0.000323056
0.00100815
0.000419472
7.50732e-05
0.000497462
0.000155075
0.000316078
0.000271727
0.000369359
0.000116064
0.000152548
8.84356e-05
0.000278296
0.000368786
0.000327635
0.000501102
0.00016425
0.000300406
0.000510552
0.000151458
0.000603445
0.000200126
0.000374855
0.000279276
0.000442469
0.000637294
5.65339e-05
0.000294826
0.000569199
0.000576142
9.40042e-05
7.44559e-06
0.000163413
0.00049036
0.000257382
9.18367e-05
3.19526e-05
3.82862e-05
0.000319259
9.23954e-05
0.000123501
9.25182e-05
0.000320589
0.000463655
0.000238437
0.000222154
0.000278441
0.000309661
0.000169076
0.000734965
0.000713777
0.000277761
0.000446442
0.000659249
0.000134021
0.000118146
0.00019242
7.57783e-05
2.63575e-05
8.70484e-05
0.000458076
0.000588049
0.000463616
0.000730518
0.00032011
0.00010874
0.00079505
0.000556823
0.000652129
0.000475915
0.000448178
0.000669422
9.0052e-05
2.37544e-05
0.000306584
0.000767578
3.76514e-06
9.00504e-05
0.000620167
0.000434835
0.000750845
2.81696e-05
0.00014781
0.000217749
8.32839e-05
0.000453011
0.000812128
0.00028937
0.000380889
0.0008303
0.000377723
9.09938e-06
3.9141e-05
0.00037098
0.00031996
7.16653e-05
0.000211431
0.00025142
0.000122492
0.000154279
9.44891e-05
0.000356034
0.000467215
0.00071667
0.000348904
0.000354668
0.000248818
8.55801e-05
0.000136127
3.87555e-05
0.000150195
0.000399724
0.000178706
0.000187302
8.27943e-05
0.000248637
0.000118212
0.000427433
0.000368781
0.000459264
0.000257773
0.000364953
0.000217556
0.000140557
1.14252e-05
0.000393564
0.000105268
9.98897e-05
0.000175957
9.19485e-05
7.63875e-06
0.000250818
6.94865e-05
0.000518588
0.000324086
0.000279108
0.000343986
1.48295e-05
1.97488e-05
0.000480283
8.276e-05
3.01435e-05
0.000344106
0.000496022
0.000286825
4.78217e-06
0.000787901
0.000904288
0.000551746
0.000411913
0.00033177
0.000335543
0.000358164
0.000236892
0.000299062
0.000390352
0.000281023
0.000139284
0.000376928
0.000483005
0.000296298
8.55637e-06
0.000273205
0.000108153
2.37653e-07
0.000164446
0.000616467
9.16041e-05
4.41353e-05
0.000527428
0.00022748
0.000467755
0.000656663
0.000748298
0.000187895
0.000501162
0.000684425
0.000287735
0.000431017
0.000616378
0.000395472
0.000752872
0.000287743
0.000242136
0.00052962
0.000686514
0.000201595
0.000256945
0.000172261
0.000557998
0.000146239
3.93585e-05
0.000144385
1.29373e-05
3.65162e-06
2.84737e-06
7.22676e-06
2.93357e-05
0.000159417
4.70959e-06
1.53839e-05
1.70537e-05
1.26747e-05
0.000490971
0.000113862
0.000174514
0.00011995
8.64008e-05
2.38703e-05
0.000192841
0.000267671
0.000256827
2.18144e-05
0.000375955
5.9433e-05
0.000211713
0.000298091
0.000518301
0.000138439
9.34401e-05
3.35949e-05
0.000464443
5.7885e-05
8.5999e-06
0.00011262
8.92995e-05
8.55657e-05
0.000107659
0.000244447
0.000477345
3.4564e-05
0.000163308
7.37635e-05
0.000224035
0.000185189
0.000382548
0.00037251
6.54371e-05
0.000353518
0.000340233
9.00919e-05
0.000382656
0.000469904
0.000284663
0.000374365
0.000446599
0.000543815
0.000105927
3.84788e-05
0.000121938
0.000297236
0.000237215
0.000284619
0.000577053
0.000119518
0.000267326
0.000265437
0.00014696
0.000549068
0.000288526
3.91938e-05
0.000342316
0.000265131
2.44355e-05
4.17711e-05
0.00020948
0.000233911
0.00078614
0.000886694
0.00030551
0.000356554
0.00104499
0.000272698
0.000302571
0.000744563
0.000230452
0.00062113
0.000483298
0.000317181
0.00071895
0.000437958
0.000462868
5.17647e-05
0.000460759
0.000570757
0.000919966
1.35821e-05
0.000154488
0.000130756
4.74536e-05
0.000683622
2.87809e-05
4.92788e-05
0.000650757
0.000384697
0.000225229
0.000175925
0.000501587
0.000677054
0.000302901
0.00011811
0.000375877
0.000426856
0.000367578
0.000292662
0.000191151
0.000315914
0.000467027
0.00110168
0.000914717
0.000300277
0.000172083
0.000226394
0.000533637
0.000208505
0.000487829
0.000750335
0.000570874
0.00105213
3.30561e-05
9.42763e-05
0.000397824
0.000820104
0.000152304
0.000873032
0.00048462
0.0003591
0.000695243
0.000207098
0.000133435
0.000324851
0.000662114
5.91058e-05
0.000348429
0.000578173
0.000470098
0.000149174
0.000114609
0.000292612
0.000258876
0.000771083
0.000700263
9.67576e-05
0.000669101
8.52386e-05
0.000276508
0.000274834
0.000298742
0.000708793
0.000170685
0.000123462
0.000323863
0.000183772
0.000334976
0.000412685
0.000371052
3.30748e-05
0.000251519
8.77113e-05
0.000704565
0.000187217
0.000460378
0.00064446
9.32121e-05
7.70971e-05
0.000524157
0.000537891
0.000178825
0.000836136
1.65063e-06
5.40217e-05
9.15823e-06
0.000451019
0.000910246
0.000211544
0.000170448
0.00020506
0.000107888
4.18514e-05
8.40961e-06
0.000324392
0.000553434
0.000625857
0.000428505
0.000855205
0.000413719
0.000577939
0.000210893
0.000182339
0.000169567
3.37572e-05
0.000634562
0.000629301
0.000474899
0.00051155
0.000351769
0.000863281
0.00027502
0.000101656
0.000106479
0.000289755
0.000355822
0.000153361
0.000269314
0.000199768
7.00268e-05
0.000135833
0.000336049
0.00035515
0.000172253
0.000359422
0.000201776
0.000245997
0.000263062
0.000244792
0.000198859
6.93005e-05
0.000181937
0.000605025
0.000546114
0.000639513
0.000747236
0.000461707
0.000748298
8.97565e-06
0.000449203
0.00024814
0.000315198
0.000794551
0.000154171
0.000156953
6.09123e-05
0.00026414
0.000609673
0.000100367
0.000356162
7.68081e-05
0.000105262
4.17796e-05
1.06575e-05
0.000119424
1.65429e-05
1.46256e-05
0.00047008
0.000648983
0.000411888
0.00024139
0.000376488
0.000573675
0.000186151
0.00036799
0.000467175
3.40776e-05
6.20375e-05
0.00019101
0.000109826
0.000173143
0.000176708
0.000289689
0.000336282
0.000802975
0.000618197
0.000717768
0.000104755
0.000240178
0.000418983
0.000322898
6.27924e-05
0.000764956
0.000116834
0.000338409
0.000489973
0.000293022
0.00034758
0.000325825
0.00054606
0.000391523
0.000709721
0.000520815
0.00026223
0.000291475
3.06752e-05
0.000115105
0.000152245
0.000204169
0.000305128
0.000304619
0.00028611
7.53354e-05
1.19094e-06
9.92964e-05
0.000219021
1.29908e-06
2.69048e-06
0.000155582
0.000568018
0.000464293
0.000132022
0.000129682
0.000241059
0.000352661
0.000226192
7.41848e-05
0.000102065
0.000331119
9.35263e-05
0.000456475
0.000385975
0.000334914
0.000460903
0.000232601
0.000311575
0.000189232
5.60518e-05
0.000545793
0.000563483
5.72439e-06
0.000184487
0.000518411
2.89519e-05
1.2903e-08
4.58134e-05
0.000878788
0.000393068
0.000361072
3.0497e-05
4.16531e-05
8.32758e-05
0.000402871
0.00052143
0.000265514
0.000192485
0.000771169
0.000709924
0.000282967
0.000191497
0.000845417
0.000381708
0.000206746
0.000430438
0.000382185
0.000504567
0.000506007
0.000298433
0.000120782
0.000437403
0.000516065
1.88082e-06
2.54635e-06
0.000344084
0.000557573
0.000222753
0.000665398
0.000541641
0.000393871
0.000107936
0.000293515
0.000235444
0.00030918
0.000294712
8.73312e-05
0.000311122
0.000480714
0.000477913
0.000282734
0.000649614
0.000304103
0.000133549
0.000176298
0.000320597
0.000357829
1.65515e-05
0.000550502
0.000693166
6.55489e-05
5.78017e-05
0.000509866
0.000468926
0.0003897
0.000154827
8.85842e-05
0.00050781
5.74617e-05
0.000387829
4.85936e-05
0.000658219
0.000408309
0.000891567
0.00016216
0.000473991
0.000347279
0.000291665
0.000369601
0.000699106
0.000168397
5.97191e-05
3.56119e-05
0.000353479
0.000500397
0.000423935
0.000314438
0.00038697
0.000299521
0.000185315
0.000325251
0.000441421
0.000460317
0.000505914
0.000461071
0.00035288
0.000155527
0.000399088
0.000263946
0.000296396
0.000517239
0.000309711
0.000289073
0.000420142
0.000550327
0.000446738
0.000574679
0.000161095
0.000190895
0.000173193
0.000274417
0.00066501
0.000413353
0.000331971
0.000124164
0.000192705
0.000786437
0.00050006
0.000619202
0.00040113
2.60092e-05
0.000244296
0.000326942
0.000455661
0.000177999
0.000278384
0.000130451
0.000190822
0.000461043
0.000898906
4.56844e-05
0.000603601
0.00080597
0.000173081
0.000188952
0.000364323
0.000533203
0.000502773
0.000120239
0.000154483
4.14594e-05
0.000154028
7.24768e-05
0.000187872
0.000159219
0.000645908
9.72858e-05
0.000434472
7.75948e-05
0.000178664
0.000470125
0.00026579
0.000186839
2.12417e-05
0.000193713
7.75844e-07
0.000254608
0.000244479
0.000583879
0.000138242
0.000357295
0.000238912
0.000194047
0.000459115
0.000435333
0.00073767
0.000867878
0.000484118
0.000453305
0.000281153
0.000142203
0.00069551
0.000261254
0.000509932
0.000571422
0.000351298
0.000279636
0.000318359
0.000429021
0.000645199
0.000238108
0.000234233
0.000702159
0.000498403
0.000378356
0.000454244
0.000270162
0.000405825
0.000598167
0.00041113
0.000150017
0.000200018
2.23964e-05
0.00044081
0.00011308
1.63387e-06
5.55371e-05
6.33024e-05
5.29863e-05
0.000398976
2.38424e-05
3.82341e-05
0.000140369
0.000497324
0.00034137
0.00046006
0.000245945
0.000127961
0.000371146
0.000533585
0.000442184
0.000833035
0.000132089
3.79244e-05
0.000369553
0.00013303
0.000521093
0.000150992
0.000244119
0.000400337
0.000829777
0.000745953
0.000549968
0.000432946
0.000271046
0.000362796
9.12946e-05
0.000533033
8.79846e-05
0.000150717
0.000158946
0.000150501
0.000248866
0.000352804
2.34417e-05
2.54803e-05
4.37676e-05
3.46541e-05
0.000759244
0.000111634
0.000204799
0.000178507
1.93839e-05
4.86733e-05
0.00012042
0.000107876
6.66444e-05
2.16639e-06
0.000344249
0.000130956
0.000517154
0.000413879
0.000546002
7.81857e-05
0.00093206
0.000313558
0.000437556
9.34787e-05
0.000139745
1.61711e-09
5.09448e-07
7.44405e-05
0.000314965
0.000228381
8.20589e-06
8.75608e-05
1.33046e-05
7.01924e-05
6.37952e-06
3.16605e-05
0.000401213
0.000380064
0.000269722
1.99869e-05
7.05563e-05
0.000363865
0.000316198
0.000520777
0.000508585
0.000237586
0.000342753
0.000492379
0.0006708
0.000218545
0.000646492
0.000588272
0.000296714
0.000379535
0.000392054
0.000463054
0.000561568
0.000120659
0.000635879
6.317e-05
0.000225362
0.000153372
0.000108828
1.58971e-05
0.000246537
0.000156763
0.000245865
0.000171319
4.67707e-05
3.28242e-06
0.000182395
0.000880004
0.000737233
0.000286136
0.000285051
0.000136073
0.000154122
0.000278237
0.000629799
0.000491406
0.000640268
3.06096e-05
0.000210202
0.000641176
0.000428358
0.000569554
0.000846688
0.000707339
0.000261632
0.000744555
0.000646661
0.000734367
0.000109174
0.000307492
0.000306561
9.10915e-05
0.000270115
0.000165956
0.000733559
0.000318201
0.000513378
0.000649055
0.000211414
3.75786e-05
0.000282318
0.000575631
0.000116659
0.000130239
0.000529379
0.000147897
0.000209834
0.00016458
0.000547881
0.000162474
0.000125791
0.00018928
0.000256852
0.000428949
0.00032732
0.000411199
0.000690685
0.000304726
0.000411525
0.000158908
0.000746567
0.000138921
6.7645e-05
6.49884e-05
0.00020683
0.000248064
0.000193836
0.000645894
0.000360266
0.000893572
0.000440287
0.000224435
0.000244208
0.000119633
0.000789574
0.000611013
0.000301838
0.000175213
0.000253471
2.4125e-05
0.000107736
6.41549e-05
0.000932784
0.000552274
3.32896e-05
0.000240672
1.37067e-05
0.000187992
0.000147021
0.000220872
0.000223741
2.83181e-06
9.90955e-05
0.000218691
0.000897651
0.000517175
0.000531689
0.000125901
0.000698219
0.000341748
0.000559957
0.00078515
0.000191321
4.7465e-05
0.000120373
0.000178781
0.000728247
0.000254606
0.000628147
0.000275868
0.000112305
0.000476183
0.000106714
0.00011457
0.00018177
0.000253503
0.000475843
0.000345618
0.000152666
5.63237e-05
0.000270683
0.000263669
6.29953e-05
8.20878e-05
4.00546e-06
7.21686e-05
0.000153423
0.000130335
1.90212e-06
0.00014796
0.00039417
0.000598748
0.000682515
0.000825303
0.000265183
0.000578178
0.000305081
0.000331624
0.000531593
0.000679679
0.000581461
0.000117124
0.000121712
1.13762e-06
0.000143451
0.000214899
4.94279e-05
0.000197876
0.0002199
0.000411303
0.000411788
0.000709493
0.000416922
2.13139e-05
0.000235406
0.000412055
0.000272793
0.000456954
0.000291367
0.000259013
0.000290106
9.69612e-05
2.60338e-05
0.000217563
7.98359e-05
0.000249892
0.000561241
0.000433802
0.000439366
0.000242184
0.000577902
0.000739894
0.00020577
0.000454827
0.000233256
0.000483047
0.000248343
0.00011647
0.000606131
0.000445764
0.00029762
8.39953e-05
0.000381229
0.000337583
0.000125111
0.000246745
0.000225842
0.000357013
0.000184509
6.52612e-05
5.32037e-05
0.000295229
0.000175297
4.76964e-05
0.000754489
2.48579e-07
4.94604e-06
0.000184076
0.000235582
0.000472428
0.000747629
0.000446007
1.92953e-05
0.00045123
0.000378707
0.000350464
0.000151738
0.000591698
0.000174506
0.000104655
0.000291162
0.000260054
0.000660705
1.84419e-05
0.000530084
0.000170332
0.000525108
0.000562833
0.000557405
0.000400579
0.000121814
0.00030947
0.00042438
3.38773e-05
1.91905e-05
0.000154313
0.000196567
8.10514e-05
4.96055e-05
2.88676e-05
0.000179083
0.000279349
0.000614677
0.000783315
0.000608961
0.000553245
0.000551508
0.000556517
0.000621285
0.000770088
0.000326882
0.00031457
0.00084464
0.000358821
0.000125901
0.000154281
0.000652765
0.000454445
0.000773022
2.30968e-05
4.75977e-05
0.000262473
0.000104728
0.000133363
4.75569e-06
1.76672e-06
0.000195424
0.000205576
0.000151079
0.000391213
1.83568e-05
8.05228e-07
0.000127343
0.000329753
0.000180953
4.8048e-05
0.000113921
0.00020498
0.000244631
3.44548e-05
0.000423901
0.00028827
0.000236581
0.000495568
0.00070563
0.000751597
0.000236306
6.99023e-05
0.000562758
0.00038347
0.000589813
0.000356602
0.000498213
0.000239698
0.000602672
7.10027e-05
1.52918e-05
5.26758e-05
0.000339936
0.000286007
0.000330953
0.000496105
0.000282148
0.000498415
0.000673361
8.56066e-05
0.000150488
0.000208806
0.000160925
0.000451937
0.000281155
0.000375829
0.000327206
0.000207642
0.000361346
0.000387695
0.00055384
0.000661798
0.000394267
0.000541234
0.000115552
8.30101e-05
0.000507655
0.000468236
6.25776e-05
6.41973e-05
0.000411984
0.000365293
0.000422124
6.65124e-05
0.000443396
0.000310192
0.000632456
2.082e-05
5.42781e-06
0.000116754
9.61547e-05
0.000121872
3.3925e-05
0.000377532
0.000351532
0.000417322
0.000181485
0.00019084
0.000467602
0.000310513
5.78769e-05
0.000490346
9.71046e-05
0.000328813
0.000432391
0.000310017
0.000766765
0.000334695
0.000581491
0.000632469
0.000371769
0.000620164
0.000545723
0.000401381
0.000570546
0.000418415
2.6911e-05
0.000410741
0.000173329
0.000299117
0.000278697
2.12714e-05
0.00023412
0.000396568
0.000471684
0.000329224
0.000165192
0.000139474
9.77464e-05
0.000825198
0.000563161
0.000349769
0.000296084
0.000675992
5.69159e-05
0.000316222
2.10487e-05
6.05376e-05
7.14363e-05
0.000201437
2.78978e-05
0.000440622
1.24002e-05
0.000252571
0.000410684
0.000604063
0.000502583
4.75066e-05
0.000528656
5.96123e-05
0.000747465
0.000165009
0.00019031
4.11951e-05
0.000290053
2.855e-05
0.000146276
0.000235939
0.000480801
5.16726e-05
0.000278505
0.000293264
0.000104287
0.000279098
0.000777036
0.000122563
5.93667e-05
2.67007e-05
0.000191199
0.000243307
1.44865e-05
1.33876e-06
3.03826e-05
2.28924e-05
0.000232479
3.74303e-05
0.000515081
8.98061e-05
0.000268338
0.000684066
0.000720981
0.000244845
0.00053931
0.000121448
0.000342275
7.65778e-05
0.000409492
4.09648e-05
0.000115459
0.000492873
0.000333801
0.00039749
0.000474039
0.000794972
0.000553643
5.031e-05
0.000299079
8.14323e-05
4.23715e-05
3.6125e-06
0.000378684
0.000656975
0.000293611
0.000413929
0.000239817
0.000516293
0.00014309
0.000864703
0.000570183
0.000526206
0.000300101
0.00028286
0.000491018
0.000558178
0.000108708
0.000109257
0.000405101
0.000662864
0.000199355
0.000380112
0.000399635
0.000314
0.000520344
0.0001249
3.99696e-05
0.000298363
0.000204224
0.000107691
0.000267193
0.000565152
0.000346639
0.000465974
0.00081624
0.000467071
6.32005e-05
2.6481e-05
0.000288116
0.000243797
0.000550765
0.000595238
0.000528568
0.000348067
0.000720842
0.000129065
0.000258514
2.6829e-05
0.000457562
0.00035245
0.000449259
5.71983e-05
0.00032465
0.00049245
0.000327421
0.000631313
3.44053e-05
0.000280573
0.000377489
6.38748e-05
0.000741119
0.000130131
1.59077e-05
0.000487411
0.000177155
1.9705e-05
0.000349536
6.57332e-05
7.62712e-05
0.000618912
0.000167855
0.000202684
0.000240161
0.000256683
0.00035605
0.000367025
0.000818904
0.000295978
0.00045435
0.000238111
0.000340928
0.000928928
0.000483546
0.00027614
8.73021e-05
3.61412e-05
3.88084e-05
0.000159673
0.000134561
0.000457427
9.52457e-05
0.000661605
0.000478345
3.6383e-05
7.36615e-05
6.52808e-06
4.28143e-05
2.56354e-06
3.57871e-05
0.000185318
0.000120293
3.08183e-05
0.000497361
0.00022154
0.000266486
0.000242759
0.000322948
0.000617745
0.000124079
2.75318e-05
1.97815e-05
6.74236e-05
0.000157667
2.43019e-05
5.85843e-05
5.73942e-06
3.37758e-05
0.000202354
0.000579439
9.43191e-05
0.00105635
0.000377611
0.000694183
0.000166033
0.000254498
2.37047e-05
0.000346601
0.000579371
0.000719461
0.000755856
0.000190991
0.000350747
0.000345589
0.00022112
0.00016535
0.000112759
8.36277e-05
0.000325575
0.000413102
0.000598779
9.62558e-05
0.000216037
0.000232152
0.000115061
0.000214376
0.000540409
0.000326925
0.000570187
0.000741775
0.00016944
0.000127625
0.000128157
0.000352363
0.000527748
7.93038e-05
0.000538148
0.000483237
0.000131675
3.58066e-05
4.17414e-05
0.000784989
0.000343679
0.000402677
0.000223855
0.00011825
0.000580543
0.000225339
0.000495243
0.0002454
1.4161e-05
7.30445e-06
1.00175e-06
5.70908e-05
0.000606423
0.000205567
0.000744062
6.35764e-05
4.0507e-05
0.000417547
0.000187881
0.000115366
8.4106e-05
3.17248e-05
9.55652e-06
0.000283588
0.000113113
0.000361018
0.000219956
0.000470517
0.000158638
0.000106661
0.000131425
3.45983e-05
0.000221005
0.000182262
0.000346156
7.73894e-05
1.00533e-05
0.000109706
0.00013906
2.20999e-05
0.000585193
0.000590459
0.000574935
0.000275732
0.000254466
5.04269e-05
3.78957e-05
4.61546e-05
0.000203422
0.000173835
6.95923e-05
2.6538e-05
0.000146482
0.000545595
0.000466909
0.000415677
0.000383954
0.000440099
0.000658684
5.55972e-05
5.8359e-05
7.67584e-05
0.000147733
1.00909e-05
6.27263e-06
0.000203047
0.000232584
3.56198e-05
0.000381741
0.000585229
0.000612971
0.000300871
0.000166509
0.000478633
0.000550581
0.000790431
3.79395e-05
8.46545e-05
0.000672581
0.000357642
0.000625
0.000439073
0.000479485
6.54604e-05
5.65395e-06
3.55223e-05
0.000107867
0.000248211
0.00034895
3.40565e-05
0.000163239
0.000528323
0.000575798
0.000322261
5.96764e-05
7.19908e-05
0.000387881
5.27584e-05
0.000458333
7.67718e-05
8.5647e-05
0.000408542
0.000566956
8.16042e-05
0.000349841
0.000240454
0.000346244
0.000710533
0.000518814
0.000458565
0.000580232
0.000390397
0.000125309
0.000508922
3.63637e-06
1.56834e-05
5.74315e-06
2.01342e-05
0.000171885
0.000118953
0.000188881
0.00012025
2.2768e-05
8.62441e-05
0.000632509
0.000296138
0.000626898
0.000224273
4.5612e-05
0.000545703
0.000222405
0.000270329
3.74902e-06
2.92458e-05
0.000276422
0.00019511
0.00047173
0.000885793
0.000605572
5.16264e-05
6.4584e-05
1.71666e-05
0.00048987
0.000437114
0.000763503
0.000167298
0.000194493
4.75223e-05
0.000280853
0.000264661
3.34529e-05
0.00040187
0.000356652
0.000385217
0.00040396
0.00019478
0.000280708
0.000570443
0.000230157
0.000346677
0.000525855
0.000442097
0.000212746
2.40208e-05
0.000332112
0.000626277
0.000385886
9.40616e-05
0.000100893
0.000581831
0.000519351
0.000168547
0.000212094
0.00092342
0.000576102
0.000507926
0.000439258
0.000396936
0.000630659
0.000695656
0.000428806
0.000143241
8.93784e-06
0.000150207
0.000483123
0.0004551
0.000152027
7.6347e-05
0.000314077
0.000234023
0.000775564
0.000463646
0.000572859
0.000188341
0.000802214
0.000802319
0.0001371
0.000248481
0.000420608
0.00061715
0.000153976
5.64149e-05
0.00061736
5.3157e-05
0.000677362
3.02883e-05
8.59171e-05
1.03924e-06
0.000218995
0.000796127
0.000706712
0.000193639
5.09277e-06
0.000353317
0.000516433
0.000173763
6.76793e-05
0.000489242
0.000144776
0.000359394
0.000427299
0.000276178
0.000146915
5.32536e-05
0.000607113
0.000239341
0.000132477
8.54082e-05
0.000171511
0.000138454
1.67218e-05
0.000192065
0.000629579
0.000435642
0.000478942
0.000102635
4.74741e-05
0.000238176
0.000461219
4.73338e-05
0.000303324
0.000345571
0.00028473
0.000207174
0.000692594
0.000173191
0.000501263
0.000223394
0.000188699
4.62015e-05
0.000563295
0.000140428
0.000278794
0.000157968
0.000300878
0.000383534
0.000201762
4.24095e-05
0.000328937
9.61146e-05
0.000200832
0.000125458
0.000359082
0.000503898
0.000239451
0.000246384
0.000117632
0.000206974
2.42387e-05
5.90115e-05
0.000731238
0.000394649
0.000106529
3.26134e-05
0.00023097
0.000655715
0.000469469
0.000121912
8.5011e-05
0.000670847
0.000512244
0.000559269
0.000363612
0.000309195
0.000662043
0.000596709
0.000527563
8.07038e-05
0.000557801
5.05393e-05
7.99943e-05
1.69391e-05
2.65682e-05
0.000183211
2.93641e-05
5.64619e-05
0.000294931
0.000716994
0.000678505
0.000414973
0.000212153
7.60356e-05
0.00013067
0.00101218
9.69153e-05
3.75431e-05
0.000430737
0.000141173
1.62136e-05
0.000319306
8.50752e-06
6.667e-05
7.9636e-05
0.000137207
0.00032737
0.00018399
0.000350179
0.000400854
0.000333514
0.000372289
0.000446897
0.000436342
0.000476016
0.000573407
0.00045202
0.000470291
0.00011306
0.000382292
0.000187743
0.000342732
0.000118351
6.2131e-05
0.000113227
0.000613639
9.44888e-05
3.09129e-05
0.000524883
0.000754277
0.00036608
0.000132809
0.000299386
0.00030791
3.56013e-05
0.000229343
1.38159e-06
0.000774822
0.000610221
0.000535788
0.000148194
0.000271164
0.00029742
0.000512676
0.000161822
0.000163823
0.000542971
0.000491026
0.000301394
0.000316024
9.15304e-05
0.000242872
0.000214674
7.79878e-05
7.9032e-05
4.89596e-05
0.000273249
0.000499888
0.000857852
0.000349841
9.38129e-05
0.000266961
0.000484986
0.000478308
0.000340152
0.000348661
0.000461034
0.000259345
0.000206312
2.1323e-05
0.000101856
0.000288187
8.81813e-05
2.00518e-05
2.27301e-05
4.25099e-05
0.000172314
0.000136839
0.000588426
6.13314e-05
3.36365e-05
1.29568e-05
4.53088e-05
0.000330747
0.000205451
0.000322555
0.000659186
0.000998034
0.000419718
0.000186038
0.000643755
0.000299422
0.000649586
0.000375082
0.000161562
0.000466613
0.000665666
0.000448908
0.000252098
0.000486402
0.00047889
0.000339537
0.000103864
0.00027219
0.000111323
0.000230525
0.00029292
0.000312285
2.24603e-05
0.000542758
0.000577717
0.000842053
0.00027757
0.000428676
0.000178913
0.000434491
0.000383875
0.000177167
0.000419686
0.000362572
2.81379e-05
1.81378e-05
0.000152222
1.56102e-05
3.38874e-05
8.29689e-05
0.000162158
0.00043051
0.000249059
0.00041601
9.12508e-05
0.000460808
0.000235049
0.000660294
4.05018e-05
2.65179e-05
0.000428931
2.49432e-05
0.000283455
0.000485093
3.87612e-05
5.58033e-05
5.54411e-05
0.000438805
0.000449286
0.000535903
0.000373167
0.000526503
0.000471692
0.000349571
0.000195897
4.61324e-06
3.73282e-05
0.000274964
3.07149e-05
0.000380002
0.000173746
0.000120737
2.66941e-05
0.000117934
0.000428434
7.23272e-05
7.28877e-05
0.000318392
0.00032861
5.60076e-05
6.9128e-05
5.63001e-05
0.000318062
0.000254857
0.000469429
0.000902598
0.000687509
0.000309334
5.43523e-05
0.000128348
0.000533091
0.000377403
0.000566228
0.000260029
0.000371246
0.000362168
0.000206889
0.000342546
0.000956481
0.00012863
4.59787e-05
0.00048053
0.000600882
0.000196746
0.000254315
0.000380256
0.000348283
0.000377877
9.60921e-05
0.000335141
0.000134742
0.000197314
0.000331325
0.000123972
0.000395356
1.92623e-05
0.000219169
0.000378117
0.000129112
6.18998e-06
0.000517149
0.000322925
0.000114815
8.5319e-05
8.12621e-05
9.36354e-05
0.000184504
0.000347332
0.000403803
0.000201972
0.000559018
0.000175725
0.000330706
0.000420395
0.00061541
0.000201297
0.000498209
0.000395899
7.96291e-05
4.92846e-05
0.000210021
0.000275967
0.000182981
7.98635e-05
0.00011579
0.00058884
7.90813e-05
7.75581e-05
0.000489402
5.36921e-06
0.000253537
2.85173e-05
2.35542e-05
0.000471319
0.000161334
0.000412988
0.000462306
0.000358986
0.000415802
0.000716644
0.00053077
0.000374783
4.50231e-05
6.92776e-05
6.37905e-05
0.000234655
0.000143835
3.2524e-05
0.000545046
0.000540537
0.000453403
0.000317203
1.82791e-05
0.000305174
0.000282748
0.000298398
0.000458645
0.000263686
0.000206197
0.000150182
3.90896e-05
0.000484538
0.000103007
0.000178552
5.81767e-05
0.000107173
0.000285013
0.000589859
0.000393603
0.000512639
0.000402443
0.000157268
3.35754e-05
7.88808e-05
0.000332009
0.000165035
0.000826584
0.000296716
0.000629392
0.00054793
0.000438761
6.6356e-05
0.000163996
0.000393349
0.000144484
1.47552e-05
0.00107866
1.80984e-05
0.000126537
0.00017758
0.000142817
0.000569509
0.000671971
0.000230822
0.00034267
0.000657654
6.4711e-05
0.000100006
0.000564193
0.000826459
0.000100017
0.000279516
0.00052829
0.00068438
0.000164206
0.000688957
0.000815936
0.000123298
0.000244526
0.000120776
0.000125889
0.000433869
0.000312516
0.000335296
0.000697633
0.000259846
0.000539524
0.000442996
0.000329109
0.000229319
0.000331164
0.000585359
0.000262731
0.000424429
0.000593557
0.000688749
7.11454e-05
0.000316831
0.000676613
0.000641785
0.000783746
0.000568109
0.000776136
0.000251028
0.000369006
0.00030121
0.000272515
0.000530088
9.59772e-05
0.000383036
5.17795e-05
9.18371e-05
0.000198463
0.000265554
0.000110391
0.000593918
0.000647839
0.000340958
0.000650164
0.000637391
0.000199005
0.000213914
0.000234266
0.000363039
0.000211024
0.000237057
0.000194872
0.000833748
0.000149112
0.000330476
0.000521003
0.00066767
0.000410951
0.000481146
0.000190898
4.32267e-05
3.43537e-05
1.71137e-05
0.000137762
0.000272541
5.86828e-05
8.24535e-05
0.000288117
0.000569043
0.00035105
0.00022423
0.000220296
0.000618893
0.000223564
6.96634e-05
0.000287594
0.000192698
0.000230688
0.000153126
7.2649e-05
0.000432088
0.000748516
0.000520525
0.000168267
0.000567097
0.000733839
0.000547145
0.00053009
0.00093635
0.000664945
0.000392119
0.000390477
0.000607254
0.000464078
0.000278054
0.000217497
6.55532e-05
0.000195314
0.000626561
0.000423756
0.000378493
0.000161054
4.87074e-05
0.000490718
0.00029502
0.000698891
0.000772807
0.000448366
0.000131791
0.000438702
0.000318457
1.1338e-05
5.86207e-05
0.000388366
0.00043766
0.000206751
0.000220924
0.000340487
0.000609856
7.85658e-05
2.64751e-05
0.000112727
0.000192716
0.000124164
0.00036876
0.000115031
8.06509e-05
0.000613303
0.00035734
0.000278044
3.83032e-05
0.000140687
0.000329525
0.000266679
0.000560662
0.000128909
6.32246e-05
0.000837439
0.00053106
0.000576126
0.000956627
0.000619182
0.000841736
0.000613798
0.000300792
0.000539712
0.000279691
0.000690367
0.000172342
0.000568883
8.79539e-05
7.53041e-05
0.000356492
0.000319991
0.000212105
0.000233197
0.000475914
0.000263509
7.32757e-05
0.00022602
0.000936301
0.00029064
0.00041838
5.03039e-05
0.000341642
0.000301287
0.000430597
0.00065532
0.000367915
2.83701e-05
0.000268599
0.000694998
0.000171539
0.000359777
0.000183773
0.000456482
1.75102e-05
0.000148201
0.000136304
0.000331047
0.000717372
0.000593007
0.000596356
0.00069506
8.66649e-05
0.000110395
0.000236867
0.000593077
0.000329123
0.000700212
0.000865372
0.000113101
0.000224227
0.000427218
9.02757e-05
8.35209e-05
0.000139396
0.000642866
0.000207626
0.000621146
0.000440823
0.0008009
0.00023838
0.000119334
2.92692e-05
0.000286417
0.000507976
0.000337016
0.000189828
0.000667294
0.000605475
0.00038353
0.000419125
0.000481953
0.000197703
0.00048622
0.000729821
0.000360033
0.00030746
0.000120423
0.000267827
0.000311989
0.000506528
0.000744091
0.000541632
0.000857273
0.000666978
0.000402403
0.000237615
9.30822e-05
1.54784e-05
0.000384406
8.07276e-05
7.11927e-05
0.000276972
0.00010147
0.000107591
0.000634301
0.000342572
0.000588333
0.000151028
0.000277576
0.000307149
0.000424114
0.000288464
5.0593e-05
8.26288e-05
2.14497e-05
0.000269784
0.000286722
0.000705978
0.000515696
0.000511117
0.000346885
0.00107998
4.02161e-05
0.000668436
0.000218963
0.000359619
0.000181875
0.000321602
0.00041178
5.35293e-05
3.93896e-05
0.000342948
0.00046678
3.17753e-05
0.00031655
0.000339414
0.000240811
0.000439388
0.000305384
0.000190659
0.000289716
0.000490787
0.000680662
0.000523715
0.000271885
0.000534542
8.18997e-05
0.000127764
0.000473687
0.000518165
0.000585266
0.00020548
0.000232844
5.22799e-05
0.000358331
7.12974e-05
0.000234829
0.000991578
0.000818228
0.000224147
0.000381794
0.000390536
0.000259619
0.000510896
0.000326773
0.000387561
0.000321197
0.000341629
0.000402009
0.000373365
0.000441958
2.85872e-05
0.000392954
0.00012625
0.000602687
0.000350668
8.34286e-05
5.80975e-05
0.000213399
0.000527788
0.000352865
0.000351879
0.00038614
8.97689e-05
4.62683e-09
0.000336974
8.73239e-05
0.0001036
0.000324352
0.000346788
0.000283955
0.000269813
0.000364296
0.000167663
0.000265831
0.000240588
0.000654071
0.000653548
0.000168877
0.000219769
0.000327705
0.000266251
0.000397819
0.000404194
0.000366041
0.000172914
1.13289e-05
5.09546e-05
0.000407222
0.000575821
0.000673314
0.000690818
0.000410773
0.000634117
0.00021093
0.00042269
0.000341666
0.000464615
0.00020783
0.000499298
0.000179442
0.000315712
0.000256361
0.000414764
0.000646119
0.000306448
9.33686e-05
0.000375151
8.54344e-05
0.000200074
5.0083e-05
4.33325e-05
0.000251759
0.00046765
0.000576729
0.000146149
0.000161782
8.16785e-05
0.000480931
0.000125373
1.24049e-05
0.000112014
0.000259932
0.000111238
0.000557126
0.000723301
0.000176056
4.81701e-05
3.13904e-05
0.000216393
9.16758e-05
0.000653101
0.000387284
0.000313368
9.54044e-05
0.000639681
0.00043156
0.000503982
0.00016754
4.45135e-05
9.95563e-06
0.000412695
0.000182366
0.000543524
0.000632048
4.89153e-05
0.000266197
0.000213437
0.000802459
0.000248252
4.74714e-05
0.00031968
0.000445119
8.71677e-05
0.000422428
0.000431127
0.000366311
0.000406444
0.000774187
0.000298485
0.000568749
0.000230573
0.000238962
0.000673996
0.000371279
0.000171698
4.28586e-05
0.000291197
7.14834e-05
0.000389382
7.82715e-05
0.000218388
0.000837826
0.000454708
3.70607e-05
8.63986e-05
0.000258456
0.000404831
0.000462402
0.000708056
0.000356201
0.000622063
0.000508941
9.42109e-05
0.00018017
0.000482718
0.00048409
0.000616048
0.000635117
0.000147179
1.75615e-05
0.000376032
0.000444916
0.000593398
0.000469394
0.000297102
0.00060741
0.000176569
0.000638805
0.000852427
0.000110436
0.000466595
0.000211815
0.000295392
7.60051e-05
0.000186732
0.00074018
0.000230821
0.00078205
0.000448498
5.40571e-05
0.000187532
0.000386949
0.000405181
0.000271133
7.01539e-06
2.62311e-05
0.000576471
6.43002e-05
0.000231136
0.000556713
0.000468457
0.000105096
0.000114135
4.23161e-05
1.89824e-05
0.000228222
0.000268733
0.000177153
0.00048529
0.000358457
6.23922e-05
8.77788e-05
0.000409794
0.000860364
0.000601952
0.000145433
3.38216e-05
0.000144833
0.000570947
0.000222841
0.000112763
0.000100456
6.85378e-05
0.000138429
0.000267464
0.000333449
0.000665851
0.000230012
0.000264194
0.000464071
0.000210522
1.23643e-05
4.60963e-05
0.000150833
3.83414e-05
9.0093e-05
0.000107942
3.74713e-05
0.000440468
0.000143798
0.000244774
0.000115325
5.99137e-05
0.00032782
0.000323067
0.000781779
0.000525747
0.000377509
0.000480033
0.000388836
7.84565e-05
0.000137714
0.000580457
0.000515725
0.000373318
0.000235798
0.000596644
0.000467172
0.000443332
0.000100897
0.000468027
0.000221826
7.98012e-05
0.000116508
0.000398633
0.0009222
0.000136676
0.000132877
0.00012887
4.19825e-05
0.000271003
0.00023306
0.000291278
0.000428221
0.000300654
0.000412328
0.000113362
0.000214602
0.000497074
0.000721074
0.000202186
0.00016637
0.000211061
0.000152247
0.000398845
0.000519707
0.000487312
0.000498111
0.000146319
0.000556696
0.000752436
0.000668067
0.000181862
0.000292225
0.000614852
0.000551388
0.000275383
0.000656209
0.000487114
0.000264855
0.00045506
0.000550255
0.000525034
8.75892e-05
0.000102499
0.000164945
0.000952695
0.000281315
0.000438303
0.00027216
0.000343842
0.000377231
0.000261784
0.000189662
0.000477402
0.000512491
5.93036e-05
3.57168e-05
0.000387895
0.000333405
0.00057576
0.000348949
0.000631386
0.000542206
0.000521262
0.00036356
0.000453411
0.000781379
0.000712945
0.000163102
0.000598977
0.000545993
0.000371347
5.86442e-05
0.00046088
0.000537586
0.0002024
7.05945e-06
6.30931e-05
0.000438577
0.000111054
3.31326e-05
0.000172523
0.00021832
0.000421265
1.83912e-05
0.00052234
0.00049718
0.000372992
0.00056415
0.000514288
0.000526504
0.000453016
6.23663e-05
8.62698e-05
0.00065827
0.000834539
0.000564656
0.00027542
5.58905e-05
0.000463519
0.000186892
0.000291013
0.00063423
9.10917e-05
0.000463899
0.000632471
1.64569e-05
3.93773e-05
6.0701e-05
4.61977e-05
0.000178697
2.41802e-06
3.09545e-05
0.000403202
4.82599e-05
1.38992e-05
3.80031e-05
0.000247254
0.000186316
6.45063e-05
0.000673073
0.000261807
0.000549231
0.000344576
0.000633654
0.000361061
0.000346837
0.000183903
0.00018081
0.000487082
0.000172612
2.47967e-05
0.000157811
1.27504e-05
0.000328331
0.000247926
0.000371196
8.95551e-05
0.000437864
4.30399e-05
0.000224344
0.000374516
5.04452e-06
0.000198384
0.000330839
0.000231379
0.000394299
0.000339642
0.000369501
0.000399743
0.000514836
0.000300752
0.000159929
0.000155227
0.00079221
0.000685061
0.000282542
0.000366418
0.00045159
0.000362512
0.000451915
0.000397337
0.000183135
0.000335153
0.00014646
5.71417e-05
0.000166042
5.14935e-05
0.000409127
0.000474777
0.000207504
0.000770826
1.3987e-05
0.000164189
0.000715264
0.00065712
0.000539684
0.000266395
0.000510163
0.000585249
0.000383739
0.000296255
0.000170309
0.000478622
0.000104092
0.000131709
0.000439843
0.00019646
4.46326e-05
9.87324e-05
0.000203341
6.62246e-05
0.000115493
8.41005e-05
0.000229835
0.000437555
0.000400154
7.32266e-05
9.78034e-05
8.68183e-05
5.23676e-06
0.000233528
0.000453073
0.000616495
0.000650449
0.000146007
0.000392611
0.000343888
0.000539423
0.000405572
0.000431664
0.00049191
0.000592718
0.000328084
0.000191085
0.000168983
0.000202761
0.000144978
0.000117983
0.000428022
0.000493736
0.000312108
0.000309031
2.92006e-06
0.000426299
0.000247208
0.000404307
0.000660844
0.00047246
0.000310307
0.000616025
0.000405899
0.000452769
0.000554621
0.000470853
0.000590231
0.000305088
9.55207e-06
0.000248898
0.000144451
0.000474168
0.000432402
0.000371654
0.00037392
0.000320334
0.00031964
8.80975e-06
7.10252e-05
0.000622389
0.0005034
7.0316e-05
1.43143e-05
0.000170068
5.02432e-05
0.000244155
0.000557974
0.000372644
0.000681407
0.000576003
0.000209052
0.000275263
0.000239123
0.000572014
0.000456475
0.000425386
0.000169444
5.36312e-06
4.40429e-05
1.54183e-05
7.78223e-05
0.000171741
0.00020202
0.000142563
1.14475e-05
0.000124421
0.000197841
8.65575e-05
0.000137732
0.000493336
0.000226501
0.000167583
7.09608e-06
0.000244348
0.000221642
0.000531867
0.000552983
0.000641941
0.000272358
0.000299524
0.000689676
0.00062214
0.000397551
0.000459668
0.000167073
0.000434546
0.000352088
4.05382e-05
0.000124919
0.000206584
0.000363959
0.000337317
0.000119655
0.000297406
0.000547258
0.000610991
0.000748176
0.0004961
0.000838134
0.000394324
0.000366153
0.000100802
3.02421e-05
6.18785e-05
8.63202e-05
0.000114701
0.000241843
0.00067393
0.000425969
0.000236727
0.00079044
0.000171719
0.000392555
9.73182e-05
0.000364686
0.000532182
0.000378199
0.000278741
0.000358937
0.000449003
0.000194119
0.000617981
0.000647912
0.000603445
0.000436669
0.000382042
0.000164922
0.000246363
0.000158748
0.000224198
0.000211842
7.86907e-05
0.000173374
4.71496e-05
0.000271795
1.4676e-05
0.00026024
0.000142895
0.000161086
2.23825e-05
6.81616e-05
0.000430532
0.000441748
0.000826866
0.000540847
0.000217686
0.000314544
0.000137949
0.000119865
0.000202242
4.03545e-05
0.000155841
1.88549e-05
0.000188029
0.000181524
0.000192112
0.000386489
0.000748372
0.000397123
0.000817805
8.94369e-05
0.000468676
0.000530077
8.31541e-05
0.00047928
0.000111276
0.000157584
8.68507e-05
3.02355e-05
0.000440271
0.000417155
0.000438181
0.00025107
0.000438795
0.000655694
0.000539414
0.000130614
6.29191e-05
0.000141882
0.000387624
0.000441406
0.000337254
0.00035817
0.000450034
8.1484e-05
0.000375217
0.000225542
0.000390089
0.000474773
3.38946e-05
0.000248741
0.000521638
0.000403706
0.000459294
0.000438379
0.000869278
0.000100469
0.000751503
1.7175e-05
1.72857e-06
9.42743e-05
0.000195689
0.000280593
0.000199029
0.000216733
6.34099e-05
0.000390262
0.000212145
0.000191137
0.000157433
0.000463185
0.000608455
0.000458035
0.000377006
0.000507473
9.73822e-06
0.000575102
0.000198446
0.000624698
0.000338636
0.000510403
0.000121817
0.000266165
0.000138937
0.000654464
0.00053353
0.000593821
0.000438719
0.0003428
0.000366194
0.000104166
0.000529223
0.000163256
0.00047942
0.000206942
9.25221e-05
0.000175112
0.000329829
5.30798e-05
0.00024933
0.0001184
0.000626871
0.000286509
0.000654446
0.00101217
0.000324407
0.000446488
0.000524009
5.38157e-05
3.24966e-05
0.000110358
0.000174603
0.000640647
0.000734279
0.000207525
0.000847832
0.000595383
0.000247664
0.000333108
0.000260689
0.000225558
2.07932e-05
0.000117238
0.00012511
0.000533579
2.83627e-05
6.25817e-05
0.00024593
0.000497701
0.00109714
0.000891414
0.000235954
6.12047e-05
4.13846e-05
0.000315014
0.000419735
0.000996986
0.000250832
2.05405e-05
0.000135793
0.000354447
0.000651073
0.000333278
0.000195179
0.000652778
0.000598386
0.000524593
0.000559165
0.000144037
0.000321878
0.000255732
0.000258307
8.75908e-05
0.000141744
0.000128818
0.000259959
0.000418822
0.000254039
4.47827e-05
9.67212e-05
0.00020078
0.000289022
0.000236204
0.000158432
6.61441e-05
0.000434004
0.000738519
0.00014732
0.000113153
0.000219715
0.000344357
0.000107917
0.000401706
0.000266652
0.000343601
0.000379092
0.000486739
0.000483752
6.47856e-05
0.000528553
0.000603941
0.000475663
5.27181e-05
3.22355e-06
6.07618e-05
0.000414849
0.000714252
0.000642443
0.000261736
0.000302959
0.000555771
0.00030616
5.2699e-05
0.000212146
4.12909e-05
8.70144e-06
8.12712e-06
1.56113e-05
0.000184042
0.000558852
0.000974152
0.000453879
0.000152432
0.000158114
0.000201509
0.000241639
0.000138723
0.000421828
9.17014e-05
3.33916e-05
0.000160963
0.000220223
0.000116622
0.000543651
0.000752591
0.000311288
0.000458476
0.000503838
0.000427809
0.000652045
0.000578074
0.000741287
0.000427349
0.000201373
0.000181014
1.53771e-05
0.000273304
0.000168719
0.000316149
0.000683612
0.000487282
0.00028697
0.000503817
0.000203934
0.000100107
0.000110947
0.000245081
0.000206636
0.000166081
0.000463511
0.000665778
0.000199468
0.000452252
0.000179381
0.000194069
0.00016139
8.60644e-06
0.000222917
4.52795e-05
1.34949e-05
1.65447e-06
2.44307e-05
0.000135017
0.000146716
4.51234e-05
0.00024319
0.000380001
4.34452e-05
2.27516e-05
0.000414409
0.000453416
0.000577836
0.000228329
0.000218557
0.000127451
0.000187187
0.000206443
0.000725222
0.000285588
0.00042374
0.000267093
8.02934e-05
0.000185486
0.000238717
0.000335798
0.000339671
0.00028926
0.000636754
0.000404318
0.000823918
0.000662129
0.000440799
0.000447842
0.000103703
0.000246788
0.000509093
0.000706235
0.000175328
9.2142e-05
0.000302389
3.4356e-05
0.000421475
0.000469009
0.000751826
0.000465727
0.000561032
0.000224242
0.000137566
0.000320413
0.00051705
0.000568867
0.000680309
0.000586717
0.000595343
0.000363466
0.00109657
0.00041383
0.000597202
0.000377215
0.000118289
0.000323431
0.000315668
0.000305075
0.000564816
0.000493874
0.000424016
4.79652e-05
0.000266498
0.000151373
0.000401868
0.00021203
1.93109e-05
4.65116e-06
0.000174964
0.000292453
0.000415731
0.000341413
0.00031403
0.000201615
5.04018e-05
0.000169417
8.35499e-05
0.000245132
0.000261196
0.000588553
0.000352563
0.000487068
8.49268e-05
0.000215834
9.45252e-05
1.86037e-05
0.000685623
0.000479449
0.000532487
0.000290152
0.000442247
2.92495e-05
0.000177201
5.92274e-05
0.000412032
0.000346739
0.000566338
0.000268171
0.000225197
0.00045342
0.000440807
2.04764e-05
0.000417878
0.000592305
0.000322963
0.000341632
0.000262431
0.000258888
0.00053679
0.000479282
0.000115503
5.01909e-05
0.0005627
0.000259814
0.000692216
0.000808718
0.000585954
0.000123371
0.000316769
0.000527527
0.000281752
0.000358552
0.000252794
0.000446913
0.00019219
1.26424e-05
9.12085e-05
7.25794e-05
0.000424047
0.000151926
0.000588458
8.57461e-05
1.62482e-05
8.20818e-06
1.73596e-05
0.000160602
0.000359225
0.000119502
9.308e-05
0.000461636
0.000516662
0.000614177
0.000529277
0.000332183
0.000774722
0.000122672
2.25109e-05
0.00013915
0.000628166
0.000523811
0.000597906
8.06748e-05
0.000252913
0.000364352
0.0003067
0.000538975
0.000331631
0.000524259
0.000393168
0.000100323
0.000298045
0.000647646
0.000363396
0.000165044
0.00018006
0.000460216
0.000220682
5.31911e-06
0.000209761
4.79825e-05
0.000371339
0.000349554
0.000360054
0.000387708
0.000234394
0.00010012
8.6493e-06
1.14658e-05
0.000361924
0.000571984
0.000473314
0.00030172
0.000299765
2.83708e-06
0.000345688
0.000380603
0.000258301
0.000424646
0.000243998
0.000332134
6.46937e-05
0.000381103
0.000713112
0.000211039
0.000180166
0.000208746
0.000316834
0.000139472
0.000182098
0.000463177
0.000477874
4.03589e-05
0.000148522
0.000219994
0.000630466
0.000356497
0.000268315
0.000330897
0.000446141
0.000378209
2.56008e-05
0.000651676
0.000200924
5.7251e-05
0.000210066
0.000535229
7.48423e-05
0.000722947
0.000390341
0.000426273
5.02915e-05
8.29691e-05
8.06886e-05
0.000131895
0.000527633
0.000746247
0.00058665
0.000136251
7.95109e-05
0.00025481
0.000394341
0.000140331
0.000157839
0.000325015
0.000151945
0.00082988
0.000335239
0.000205667
0.000144123
0.000430634
0.000557963
0.000455803
0.000708529
0.000130122
8.9655e-05
0.00039237
0.000559688
0.00044946
0.000229985
0.000262485
0.000446937
0.000518687
0.000576299
0.000623218
0.000754199
0.000418618
0.000284629
1.85152e-05
0.000278003
0.000124932
0.000309003
1.27872e-06
2.05217e-05
0.000540121
0.000883122
0.000324625
0.000248415
0.000699014
0.000458921
0.000121223
0.000640554
0.000276823
0.00036647
0.000516535
0.000432263
0.000246583
0.000485761
0.000383491
0.000652206
0.000261145
0.000259556
8.82346e-05
0.000982511
0.000264788
0.000657992
0.00017835
0.000425102
0.000533001
0.000267428
0.000444539
0.00054512
0.000442389
0.000539298
0.000377744
0.000116732
0.0005378
0.000199775
0.000226219
4.50471e-05
0.00015326
0.000402752
0.000196661
0.00054311
0.000542496
0.000220407
7.96201e-05
0.000376091
0.000118278
0.000233296
9.87422e-05
7.11226e-06
0.000120861
1.48782e-06
4.63805e-05
5.55471e-05
0.00050149
0.000542587
0.000293299
4.20499e-05
0.00042586
8.86428e-05
8.34271e-05
3.43106e-06
5.39197e-06
0.000153931
0.000245965
0.000568834
0.000706714
0.000542115
0.000517091
4.87687e-05
0.000118972
0.00025596
0.00030262
7.12187e-05
0.000237089
0.000138051
0.00011663
5.79665e-05
0.000139581
0.000245306
0.000112782
0.000578851
0.000645676
0.000224152
0.000521225
0.000188639
0.000527602
0.000380604
0.000149975
0.000243305
2.26485e-05
0.000134508
0.000388496
0.000159935
0.000381563
0.000218254
9.10498e-05
0.000347218
0.00022457
0.000670833
0.000275708
0.000144932
3.75997e-05
0.000107159
0.000649145
0.000369536
0.000226629
2.50283e-05
0.000165287
0.000171131
0.000632039
0.000510122
0.000297931
0.000397528
0.000321535
0.000385046
4.67036e-05
0.000198908
0.000419453
0.000437524
0.000351998
1.37145e-06
4.70959e-05
9.03563e-05
0.000222468
0.000390557
0.000150024
0.000754111
0.00017117
4.83974e-05
0.000403017
0.000455312
0.000464822
0.000132758
0.00040412
0.00042259
0.000562017
0.000396416
0.000291094
0.000196765
0.000139858
8.81382e-05
0.000576987
0.000313319
0.000611678
1.61435e-05
0.000357346
0.000139767
7.56594e-05
3.27771e-05
9.21365e-05
0.000474278
0.000474326
7.42593e-06
0.000410042
3.96665e-05
0.000276145
0.000328093
0.000405
0.000360626
6.04896e-07
0.000278411
0.000260426
0.00015696
0.000398366
0.000586293
0.000236432
0.000490953
0.000548422
0.000895801
0.000413981
0.000394298
0.000377063
0.00062816
0.000314402
0.000386212
0.000489232
0.000563604
0.000163903
0.000335699
0.000446947
0.000223686
0.000677752
0.0002502
0.00061372
0.000181041
0.000515457
0.00029053
0.000353686
0.000507331
0.000387741
0.000295846
0.000816115
0.000500151
5.80348e-05
9.51613e-05
0.000115625
0.000254293
0.000261652
0.000186224
0.000171909
0.000159309
0.000175998
0.000281512
0.000558501
0.000508429
0.000592816
4.95718e-06
2.1955e-05
0.000400178
0.000176232
0.000239225
0.000166961
7.15577e-05
0.000614522
0.000374687
0.000555369
0.000680774
0.000692179
0.000432828
0.000116327
0.000858716
0.000226107
0.000202321
9.2345e-05
0.000344169
0.000380847
0.000431958
0.000700902
0.000369078
0.000203254
0.00024146
0.000310227
0.000285703
0.000173533
0.000693611
0.000574056
0.000397071
0.000526361
0.000425039
9.72014e-05
0.000469188
6.9743e-05
0.00016583
0.000243675
0.000200989
0.00020638
0.000472787
8.37213e-05
0.000698385
0.00060209
0.000485008
0.000877873
9.3642e-05
0.000314612
4.94869e-05
0.000617217
0.000367434
0.000145124
5.33951e-06
6.14572e-05
0.000286357
0.000595777
0.00010296
0.000320163
0.000379896
2.5138e-05
3.00237e-05
0.00026089
0.000218146
0.000346079
0.000311047
0.000420555
0.000205912
0.000164764
9.67844e-07
0.000203657
0.000794014
0.000510628
0.000560564
4.08254e-05
0.000454439
7.19486e-05
0.000285714
0.000589098
0.000512936
0.000528191
0.000550524
0.00033435
0.000410102
0.0005222
0.000340507
0.000206073
6.45192e-06
6.34973e-05
0.000283589
0.000609229
0.000652355
0.000381527
0.000310388
0.000231477
4.7816e-05
0.00014678
0.000920887
0.000372073
0.000187543
5.85532e-05
1.56044e-05
5.17188e-05
0.000336495
0.000329221
0.000316187
9.24223e-05
0.000174708
9.39494e-05
0.000605693
0.00014029
0.000416973
0.000768371
0.000466117
0.000555813
0.000967726
0.000223973
0.000115491
1.16355e-05
9.13806e-05
0.000420183
0.000117596
1.63356e-05
4.74941e-05
3.74858e-05
6.48077e-05
0.000427606
0.000340457
0.000242779
0.000175347
0.00020249
6.072e-06
0.000219781
4.84396e-05
0.000497164
0.000467336
9.18682e-05
0.000609069
0.000310419
0.000584869
0.000176053
1.14028e-05
0.000758089
0.000134659
0.000157189
7.48202e-05
1.55906e-05
0.000178567
0.00037459
0.00019693
0.000241696
0.000149964
0.000743889
0.000416359
0.00024266
0.000804375
0.00073656
9.09981e-05
0.000181701
0.00011217
0.000425334
0.000330121
0.000282474
6.03691e-05
0.000130317
0.000116338
0.000163993
7.69188e-05
4.16031e-05
0.000264702
0.000396344
0.00068859
0.000295135
0.000578655
0.000392103
0.000572
0.000238502
0.000178255
0.000336108
0.000151495
0.000392399
0.000162502
0.000706737
0.000166018
3.59266e-05
0.000260208
0.000719494
0.000421311
0.000651206
0.000195031
4.99717e-05
0.00013757
0.000176316
0.000412556
0.00055981
0.000323737
0.000325826
0.000420376
5.93398e-05
0.00045174
0.00057249
0.000460565
0.000212353
1.43064e-05
0.000149747
1.60701e-05
8.84949e-05
0.00027416
5.78605e-05
4.58289e-05
0.000629286
0.000510769
0.000679239
0.000465411
8.56147e-05
2.63604e-05
2.47371e-05
0.000203737
0.00056121
0.000378458
0.000294762
0.000341885
5.82553e-05
0.000132422
6.21718e-05
0.000472432
0.000395964
0.000266492
0.000468934
0.000319552
0.000206324
0.000274262
0.000529418
0.00016985
0.000159125
0.000125585
0.00045732
9.60013e-05
0.000296674
0.000286327
0.000569185
0.00019001
1.96165e-05
8.55406e-05
0.000542048
0.000159893
0.000272182
0.000599617
0.000380905
0.000592773
0.000351689
0.000123199
1.41475e-05
0.000206509
3.30847e-05
0.000166215
0.00017787
0.00023725
5.6611e-05
0.00027498
3.98256e-05
1.61187e-06
0.00024743
0.000312557
0.00052405
0.000323215
0.000441891
4.97146e-05
7.88018e-05
0.000172438
0.000531743
0.00042234
0.000341477
0.000213076
6.68471e-06
8.22412e-05
4.93608e-05
6.90505e-05
0.000237953
0.000337722
8.94775e-05
6.10953e-05
0.000432101
0.000450892
0.000221996
0.000377295
0.000569673
0.000473382
0.000111606
0.00016149
9.54544e-05
0.000217317
0.000132046
3.19406e-05
0.00010152
0.000155623
1.09409e-06
0.000747866
0.000632556
0.000324573
0.000320648
3.33959e-05
0.000432514
0.000276473
0.000821567
5.9196e-05
0.00015921
0.000501817
9.46684e-05
0.000542686
0.00072005
0.000375751
0.000451693
0.000460198
4.31395e-05
0.000119457
0.000500709
0.000649632
0.000588419
0.000466395
0.000299548
0.000380667
0.000661556
0.000432201
0.00039602
0.000354979
0.000202118
0.000213919
0.000241823
0.00080233
0.000597144
0.000578546
0.00035054
0.000144486
0.000167811
0.00034427
0.000627492
0.000190457
8.86465e-05
0.000253158
0.000187091
0.000425999
0.000389489
0.000517304
0.000427995
4.22178e-05
0.000131934
0.000190909
0.000524245
0.0008278
0.000389508
0.000391374
7.60393e-05
0.000389103
0.000468836
0.000198593
0.00014803
2.21613e-05
0.000386642
0.000617855
1.4278e-05
0.000193566
6.53325e-05
0.000191579
1.80737e-05
0.000175037
0.00031651
8.27137e-05
0.000172661
0.000355534
0.000455015
0.000246373
0.000187583
0.000186118
2.68764e-05
0.000265724
0.000687363
0.000399825
0.000244259
0.000156215
0.000251496
3.59291e-05
0.00022357
0.000408196
1.45933e-05
4.08911e-05
0.00039252
0.000418057
0.000260979
6.54914e-05
0.000313243
0.00071785
9.81936e-05
2.28124e-05
0.000605054
0.000362648
0.00043011
3.6039e-05
0.000196463
0.000185879
0.000444488
0.000650084
0.000550368
0.000258856
0.00067196
0.000805418
0.000286699
3.12427e-05
0.000167241
0.000458876
0.00039929
0.000622279
0.000150086
1.58977e-05
0.000868405
0.000397011
0.00015901
0.000440621
0.000746129
1.59455e-05
0.000341043
0.000397916
0.000454436
0.000372751
4.66257e-05
0.00020362
9.61002e-05
2.77274e-05
0.000333474
1.92469e-05
0.000137392
0.000297247
0.000405701
0.00013024
0.000226786
0.000440219
0.000570906
2.37254e-06
6.50686e-05
0.00039952
0.000299195
0.000212735
0.000191315
3.69031e-05
0.000150098
0.000556644
0.000167342
0.000394775
0.000213306
0.000118939
0.000873023
0.000198656
0.000104542
0.000322488
0.000212048
0.000522113
0.000665783
3.98681e-05
8.95584e-05
0.000220287
0.000444567
0.000333387
2.7821e-05
0.000885585
0.00028263
0.000762702
0.000465331
4.80946e-05
0.000147611
0.00014914
9.19604e-05
0.000225823
1.79635e-05
1.48196e-05
8.671e-05
7.8605e-05
1.05753e-05
3.90358e-05
1.24495e-05
0.000196125
0.000203833
0.000594194
0.000628192
0.000507487
0.000234276
2.96642e-05
0.000228528
0.000344362
0.000205768
6.49797e-05
0.000153842
1.69861e-05
0.000454214
0.000283688
0.000510848
7.93094e-05
0.000183202
0.000326413
0.000350724
0.000441014
0.000500386
0.000475
0.000327688
0.000335355
9.36836e-05
3.55394e-05
0.000381509
4.8186e-05
0.000170709
0.000593071
0.000660173
0.000546129
0.000345294
0.000313829
0.000416576
0.000857748
0.000101255
0.000666572
0.000157031
0.000199147
0.000274823
9.75373e-05
7.17221e-05
0.00073967
0.000445127
0.000267508
0.000165172
0.000706361
0.000300607
4.24412e-05
0.000234713
0.000344264
0.000122683
5.26617e-05
8.47556e-05
0.000245155
0.000468123
0.000478797
0.000490425
0.000319571
1.59131e-05
0.00012248
2.28092e-05
0.000179883
0.000526399
0.000510504
0.000504842
0.000309912
0.000194336
0.00028291
0.000510206
0.000357091
0.000863094
0.000396327
4.01275e-05
0.000282943
0.000395495
0.000226644
0.000527488
0.000390895
0.000440181
0.00063889
0.000374852
0.000146983
8.04229e-05
0.000160603
0.000320952
5.7584e-05
0.00012212
7.86232e-05
1.24551e-05
3.78808e-05
7.71476e-05
0.000165697
5.79528e-05
7.98903e-05
0.000353615
0.000242938
0.000652632
0.000181864
0.00049035
0.000696054
0.000190339
9.26522e-05
0.000291409
0.000204044
0.00026247
0.000300254
9.1819e-06
2.37518e-05
0.000329077
0.000360483
0.000393681
0.000806686
0.000151138
0.000556908
0.000600172
0.000719415
0.000213273
6.65178e-05
0.000208664
0.000248447
0.000275064
0.000161559
0.000586859
0.000137506
0.000344396
0.000154315
0.00010944
0.00029802
0.00028183
5.08884e-05
0.000470786
0.000149138
8.64768e-05
0.000251191
0.000421881
0.000159726
0.000193156
0.00041938
0.000553373
0.000546113
0.000344836
0.000272342
0
0.000238378
0.000320392
0.000291625
0.000467318
0.00101431
0.000117076
0.000121364
2.5771e-05
2.89309e-06
4.26349e-06
0.0001577
0.000136285
0.000152231
9.65614e-05
0.000306931
0.000223852
0.000228271
0.000492978
0.000361879
3.84522e-05
0.00016196
0.000220725
0.000135985
0.000531524
0.000358496
0.000335083
0.000294765
0.000451322
0.000583066
0.000316889
0.000684045
0.000627547
1.24814e-05
3.18608e-05
0.000420588
0.000570832
0.000433885
0.000560394
0.00058971
0.000250755
0.000405002
0.000552606
0.000517671
0.000267892
0.000304828
0.000583104
0.000252429
0.000289388
3.69963e-05
0.000136728
0.000125915
0.000355891
0.000602322
0.000371178
0.000773211
0.000113703
0.000213629
0.000336406
0.00027226
0.000154362
0.000116389
0.000489957
0.000277321
0.000454918
0.000559258
0.000546041
0.000479814
0.000421937
0.00025653
0.000660841
0.000205897
0.000272905
0.000445922
0.000366349
0.000247046
0.000122796
0.000242471
0.000165243
9.02294e-05
6.36661e-06
3.60403e-05
0.000241769
0.000468728
0.00019743
0.000179085
0.000214164
4.74499e-05
3.01094e-05
0.000234591
8.24519e-05
0.000123937
0.000321114
0.000573
0.000649025
0.000427277
0.000617429
0.000357911
0.000410629
0.000249669
5.67538e-05
7.27693e-05
0.000792072
0.000771917
0.000217229
4.62945e-05
2.53083e-06
3.99619e-05
0.000148864
0.000214776
0.000414595
0.00033375
0.000301004
0.00034276
0.000261777
0.000163284
0.000291932
0.000423758
0.000327369
0.000372299
0.000396498
0.000442951
0.000254354
0.000227637
0.000459324
0.000492927
0.000465673
0.000537018
0.000397596
0.000209269
0.000140376
2.28361e-05
0.000133015
0.000250632
0.000669145
0.000616791
0.00023433
0.000288397
0.000221091
0.000189632
0.0002754
0.000425297
0.000251449
0.000224065
0.000222069
0.000398335
0.000774186
1.08217e-05
0.000558284
0.000564177
0.000580976
0.000214349
8.06274e-05
0.000131709
0.000115873
6.73902e-05
0.00021742
0.000370062
7.98912e-05
0.000322646
0.000244678
0.000103033
0.000203322
0.000473152
0.000461631
0.000425259
0.00032052
8.07388e-05
0.000396614
0.000107709
0.000351554
0.000112728
0.000304946
0.000320362
0.000647038
0.000149818
1.83613e-05
0.000169021
0.000387009
7.24685e-05
0.000771665
0.000538006
0.000359212
0.00025913
0.000475148
0.000164677
0.000421908
0.000165617
0.000840753
0.00063621
0.000205379
0.000296727
0.000646133
0.000412035
0.000461256
0.000293852
0.000677447
0.000676911
0.000350322
0.000181102
0.000246694
0.000151435
0.000273951
0.000191759
0.000164562
6.5149e-06
9.46971e-05
1.5797e-05
7.65011e-05
0.000115583
0.000162707
0.000431828
0.000454466
0.000377898
0.000854965
2.28164e-05
0.000573895
6.93368e-05
7.99407e-05
0.000121569
0.000300784
0.000543959
0.000432414
0.000290498
0.000357815
0.000341598
4.38028e-05
8.93959e-05
0.000389823
5.45231e-05
1.4632e-05
2.05997e-05
0.000184288
0.000524116
0.000241507
0.00021228
5.10485e-05
0.000181294
0.000297476
0.000263662
0.000394853
0.000240842
0.000192887
0.000415623
0.000114626
8.94049e-05
0.000130027
0.000564685
1.04029e-05
2.42756e-05
0.000499458
0.000413892
0.00055431
3.43188e-05
0.000142205
6.76979e-05
0.000322258
0.000144644
0.000256806
0.000176949
7.87835e-06
4.72131e-05
0.000303868
0.000358592
0.000344809
0.00087675
0.000526685
0.000296663
0.000118923
0.000220038
7.33384e-05
2.91217e-05
0.000281233
0.000309321
0.000412176
8.38458e-05
0.000494748
0.000246713
0.000138911
0.000458942
0.000528828
0.000311542
0.000121491
1.64771e-05
0.000188701
0.000340988
0.000131833
0.000475682
0.000539877
0.000424197
0.000579341
0.000259214
6.9609e-05
0.000119254
0.000262959
8.78317e-05
0.00031211
0.000264078
0.000519929
0.000137118
7.99836e-05
0.000242249
9.22869e-05
0.000424328
0.000793894
6.92625e-05
0.000112884
0.000121345
0.000322037
2.49307e-05
2.75457e-05
0.000181231
0.000696289
5.03719e-05
7.68214e-05
6.80496e-05
0.000421686
0.000570104
0.000257378
0.000284449
0.000509907
0.000119658
0.000103196
0.000377364
0.00054438
0.000450383
0.000388491
0.000152062
8.72141e-05
8.37854e-05
0.000157949
3.39225e-05
5.27085e-05
5.55443e-07
0.0002761
6.25918e-05
0.000194313
0.000126758
0.000104988
0.000259794
0.000431808
0.000524832
0.000530805
1.7925e-05
0.000431932
3.3133e-05
8.26313e-05
0.000337249
9.1706e-05
0.000182131
0.000160358
0.000586999
0.000125879
0.000378463
0.000831076
0.000699812
0.00019817
0.00016076
0.000629904
9.58219e-05
0.000116997
0.000317523
0.000515497
0.000255648
0.000156766
0.000120072
0.000271116
0.000131339
0.000630985
0.000569332
0.000437994
0.000727988
0.000525428
0.000366743
0.000507596
0.00056244
0.000300166
0.000166563
6.70462e-05
1.4147e-06
7.18717e-05
0.000722958
0.000355596
0.000561588
2.44946e-05
0.000608877
0.000284849
0.000206804
8.83372e-05
0.000118591
0.000609522
0.000384921
0.000835897
0.00043996
5.32826e-05
8.14851e-06
0.000102081
0.000506827
0.000343442
0.000971318
0.00031127
0.00091028
0.000156487
0.000621139
0.00065868
0.000196849
4.12618e-05
0.000326205
0.000364954
0.000477491
0.00074994
0.000444295
0.000156879
0.000174198
7.71499e-05
0.000114046
4.51885e-05
0.000151693
0.000703887
0.000199813
0.000859732
0.000111956
0.000356191
0.000186808
0.000374377
0.000375033
0.00056481
2.96757e-05
4.13538e-05
4.06366e-05
0.00020064
0.00055103
0.000246018
0.000265246
0.000170107
0.000222051
5.65719e-05
6.36262e-05
0.000435783
0.00075025
0.000375807
0.000418058
0.00044127
0.000141633
0.000218973
0.000344394
0.000558451
9.85454e-05
2.51307e-05
0.000117132
0.00026155
0.000422649
0.000413169
0.000582286
0.000575417
0.000301258
0.000490156
0.000591477
0.000417366
0.000166562
0.000724998
0.000617832
0.000196987
8.06715e-05
6.66737e-05
0.000349319
0.000318726
0.000164514
0.000803098
1.07817e-05
0.000127087
0.000399836
0.00031504
0.000459923
0.000486216
0.000475003
0.000313425
0.000586617
1.63111e-05
0.000914969
3.57189e-05
0.000291822
0.000533209
0.000297205
0.0003574
0.000108915
8.81169e-05
4.15085e-05
0.000154281
7.54972e-06
0.000391449
0.000663576
0.000460866
0.000252413
3.39057e-05
4.89697e-05
0.000323084
8.30637e-05
0.000240405
4.97512e-05
0.00019704
0.000148631
4.92013e-05
0.000469856
0.000482926
0.000424083
0.000125989
5.2514e-05
7.80202e-05
0.00019348
0.000118918
4.51106e-06
6.00046e-05
3.61967e-05
8.34427e-05
0.000671716
0.000544011
0.000546613
0.000743919
0.000535007
0.00062272
0.000281093
0.000101478
0.000116036
0.000587392
8.14546e-05
6.96261e-05
0.00029555
0.000487443
0.000102623
2.74628e-05
0.000276043
0.000725658
0.000129371
0.000438824
4.43967e-05
0.000245895
0.00029831
0.000344273
0.000429916
0.00029381
0.000396027
0.000537686
4.15556e-06
0.000139767
0.000603542
0.000115605
0.000145099
4.94748e-05
0.0001628
0.000207379
0.000505266
0.000336355
0.000245859
0.000275318
0.00047723
0.00046568
0.000277851
0.000133841
0.000408048
0.000339443
0.000306162
0.00088788
2.66861e-05
5.07839e-05
0.000126148
0.000207439
0.000492054
0.000206151
7.23219e-05
0.000305716
3.26755e-05
0.000137068
0.00019114
0.0002216
0.000149827
0.000393935
0.000749212
0.000306517
0.000456709
0.000202892
0.000453497
0.000296435
0.000646154
0.000247815
0.00048315
0.000165103
6.80057e-05
0.000161195
0.000152176
0.000642521
0.000304685
0.000239181
0.000541147
0.000404015
6.19864e-05
8.16775e-05
6.16513e-05
0.000519143
0.000109158
0.000652594
0.000650116
0.000322827
0.00040601
0.000113164
9.24392e-05
0.00034615
0.000686113
0.000215954
0.000631076
0.000257118
0.000583059
0.000242631
0.000385943
0.000425229
0.000375718
0.000305679
0.000137036
0.000139638
4.03767e-05
9.6172e-05
0.000498047
0.000374624
0.000195842
0.000417935
0.000569578
6.41264e-05
0.000304736
4.84096e-05
0.000227874
0.000203596
4.31383e-05
0.000288641
0.00049532
0.000306927
0.000256877
0.000157016
0.000264355
0.000327388
0.0007535
0.000576587
0.000109937
0.000254293
0.000222375
7.697e-05
0.000126086
0.00014709
0.000582219
0.000604919
0.000192536
0.000355124
0.000624932
0.000102429
0.000104998
2.04875e-05
0.000254387
7.12473e-05
8.95595e-05
0.000263551
0.0005961
0.000632532
0.000257795
0.000300916
0.000203422
0.000355462
0.000137773
0.000325255
0.000390594
0.000359029
0.000142068
0.000236282
0.000426788
0.000150243
0.00094482
0.000312984
8.96681e-05
0.00022651
0.000182379
0.000275746
0.000436711
0.000477856
0.000442727
0.000769733
0.000665446
0.000196949
0.000127786
2.4175e-05
2.24491e-05
6.83047e-06
0.000258289
0.000379073
0.000236169
0.000223197
0.000425207
0.000459646
0.000388388
0.000139935
9.01413e-05
0.000476316
3.39569e-05
0.000196911
0.000140369
0.000115274
0.000110983
0.000112092
0.000160681
0.000177327
7.5915e-05
0.00018947
0.000363791
0.000460262
8.33835e-05
0.000320756
0.000284014
0.000455477
0.000265114
0.000574346
0.000103445
0.000238907
0.000147965
2.29487e-06
0.000159706
0.000222516
2.87116e-05
5.47095e-05
0.000244711
0.000511006
0.000608561
5.59605e-05
0.00065382
0.000290487
1.5993e-05
5.61824e-06
9.44915e-05
0.000544244
9.21641e-05
0.000176223
0.000753415
0.000566253
0.000419435
0.000842
0.000438275
0.00055437
0.000537557
0.000133156
1.66204e-05
9.90144e-05
1.18846e-05
3.48169e-05
0.00011206
2.87296e-06
0.000869913
0.000787199
0.000311762
8.3577e-05
0.000690727
0.000384772
0.000292971
0.000476678
0.000466328
0.000117465
8.56721e-05
0.000476608
0.000400105
0.00022178
0.000777718
0.000231317
0.000302448
9.3762e-05
2.2121e-05
8.71408e-05
0.00052627
0.000298313
0.000588323
0.000206997
0.000133349
0.000421615
0.00067559
0.000313781
0.000110025
0.000297699
0.000100966
0.000106007
0.000395388
0.000242694
0.000336173
0.000609533
0.000375154
0.000549905
0.000120976
5.57073e-05
0.000213792
0.000121165
0.000211771
0.000717204
0.000695962
0.000531025
0.00044404
0.000548848
0.000317334
0.000455077
0.000450319
0.000576201
0.000811085
0.000435714
0.000333853
0.000354751
0.000152613
0.000119008
0.000153548
0.000266787
0.000489435
0.000272866
0.000110303
1.22206e-05
0.000417825
0.000400806
0.000189684
0.000116959
8.36679e-05
7.94728e-06
0.000182774
0.000175299
0.00013241
4.35487e-05
0.000166073
0.000287343
0.0001054
0.000292733
7.02309e-05
7.03741e-05
0.000571296
0.000370165
0.000159515
7.07193e-05
7.32071e-05
8.04209e-05
0.000175447
0.000559354
0.000425909
0.000428744
0.000580104
0.000311293
0.0004883
0.000375375
1.06032e-05
0.0001364
0.000130645
0.000230882
0.000564019
0.000249887
0.000434723
4.51355e-05
0.000360763
0.00023971
9.22352e-05
0.000108939
3.68666e-05
9.63299e-05
9.3385e-05
3.37802e-05
0.00044814
0.000367678
0.000521142
0.000301197
0.000229415
0.000585428
0.000233672
8.8217e-05
1.12242e-06
6.36738e-05
9.14305e-05
0.000440276
0.000412471
0.000206565
4.81079e-05
0.000507774
0.000201858
0.000112129
0.000541825
3.52785e-05
6.45508e-05
0.000108841
0.000281679
0.000684859
0.00048379
0.000220175
0.000758353
0.000490206
0.000326706
0.00015555
1.21711e-05
6.10939e-05
1.38309e-05
0.000195713
0.000273338
0.000232851
0.000318659
0.000636688
0.000370151
0.000383707
0.000201644
0.000592512
0.00052442
0.000204203
0.000720451
0.000399259
0.000633616
0.000405891
0.000710572
0.000233439
0.000610486
0.000584009
0.000546249
0.00052657
8.30831e-05
0.000102959
0.000690865
0.000212971
0.000122535
6.73816e-05
0.000291578
0.000347206
0.00060155
0.00041616
0.00027566
0.000475687
0.00059078
0.000118051
0.000499712
0.000394127
0.000454441
0.000123645
0.000459715
0.00010744
4.37642e-05
0.00018737
3.92641e-05
0.000232909
0.000179567
0.000232622
0.000234741
0.000410327
0.000471996
0.000517268
0.000257538
0.000274121
0.000554329
0.000269683
0.000274492
0.000618118
0.000137132
0.000106409
0.000188101
0.000500647
9.9753e-05
0.000104109
0.000443632
0.000464041
0.00034975
0.000292453
0.000139231
0.000281699
0.000301769
0.000256471
0.000552135
0.000433877
0.000262722
7.90352e-07
0.000649216
0.000787346
0.000397145
0.000434111
0.000446027
0.000640833
0.000191464
0.000613034
0.000473989
0.000464452
0.000743077
9.32072e-05
0.000297427
0.000125439
0.000109409
0.000354935
0.000197408
0.000547087
0.000536603
0.000163827
0.000174472
0.000389902
0.000269807
6.98149e-07
3.01584e-05
0.000282075
0.000330821
3.66659e-05
0.000627011
0.000486159
0.000157022
0.000412399
0.000111751
0.000263637
0.000157473
0.000150051
3.42055e-05
0.000204586
0.000171431
5.16834e-05
5.21905e-06
5.42839e-05
8.29888e-06
9.50798e-07
0.000122492
0.000404809
0.000425149
0.000127001
0.000141634
0.000120695
6.92563e-05
0.000697391
0.000259378
0.000196317
0.000255409
0.000212056
0.000739356
0.000775449
0.00010708
0.000191659
0.00019207
0.000169669
0.000715065
0.00085915
0.000365858
0.000467209
0.00046537
0.000367769
0.000209085
0.000136942
0.000159646
3.69287e-05
0.000137329
0.00026283
0.00040259
0.000343987
0.000749538
0.000593501
0.000422088
1.67471e-05
0.000172605
0.000115458
3.38844e-05
5.45557e-05
9.86899e-05
0.000756021
0.000528297
0.000391247
0.000382371
0.000103428
0.000260865
8.43476e-05
0.000341589
0.000108843
0.000479207
6.76721e-05
0.000490891
4.02604e-05
0.000447769
0.000484781
0.000731462
0.000674622
0.000399191
0.000135129
0.000219388
0.000177979
0.000227317
0.000983254
0.000812138
0.000213423
0.000589595
0.000369589
0.000307343
0.000359083
3.61351e-05
0.000183219
0.000306066
0.000429485
0.000428475
0.000192854
0.000114736
8.06203e-06
0.000274326
0.000425228
4.25412e-05
0.000244136
0.000581968
0.000501063
0.000481311
0.000150799
0.00010936
0.000471257
0.0004964
0.00029965
0.000449731
0.000118625
0.000648627
0.000573905
0.000648605
0.000379734
0.000561808
0.000738343
0.000426364
0.000503712
0.000196276
0.000492115
0.000331117
0.000132194
2.44094e-05
0.000257067
0.000221633
0.000694721
0.000574489
0.00076875
0.000313318
0.000300352
0.000298224
7.57399e-05
0.00025504
0.000298894
0.000123179
0.000404924
0.00028835
0.00020427
0.000638045
0.000150626
3.06001e-05
3.9875e-05
4.28127e-05
0.000815
0.000578275
0.000111529
0.000640136
0.000273194
0.000558194
0.000141481
0.000308063
4.19983e-07
0.000630604
0.000600699
0.000752914
0.000522704
6.43144e-06
7.55656e-05
9.61091e-05
0.00010522
0.000101784
5.33779e-05
0.000116714
0.000200188
0.000132684
0.000281647
0.000136358
0.000441246
0.000683398
0.000540747
0.000154098
0.000107563
0.000156262
0.000303723
0.000542101
3.85882e-05
2.7351e-05
0.000110526
1.22096e-05
6.48765e-05
0.000129524
9.84152e-05
0.000161566
0.000290036
0.000295867
0.000214811
0.000852897
0.000142316
0.00018347
1.07175e-06
9.14881e-05
0.000444515
5.3398e-05
7.28412e-05
3.028e-05
0.000152823
0.000177105
0.000129825
0.000373979
0.000287231
0.000258294
0.000364702
0.000598534
0.000433158
0.000176022
0.000512991
0.000259263
0.000146469
0.000390252
0.000690621
0.000245557
0.000239523
0.000155006
2.7631e-05
0.000849571
0.000879982
0.000543142
0.000552519
0.000645942
0.000325517
0.000486433
3.93693e-05
0.000211341
0.000131418
0.000204436
0.000367307
0.000171106
0.000554327
0.000175328
0.000143453
0.000345434
0.000516636
0.000217101
0.000364467
0.000106161
3.86834e-05
0.000111865
0.000770555
0.00104157
0.000689919
8.26916e-05
2.76606e-05
0.000115193
7.14872e-05
0.000491086
0.000170729
5.7624e-05
0.000101854
0.000565302
9.75265e-05
0.000651698
0.000505052
0.000194812
0.000498214
0.000337538
0.000364206
0.000181138
7.90098e-06
2.92595e-05
1.27207e-05
0.000121275
0.000463419
0.000423917
0.000124106
0.000313859
0.000112905
0.000146623
0.000380433
0.000790462
0.000340967
0.000615272
0.000406368
6.17521e-05
3.36549e-05
0.000345082
0.000306942
0.000744125
0.000271265
0.0004282
0.000491299
0.000359041
0.0003061
0.000377168
0.000343411
0.000505774
0.000606383
0.00038483
0.000211919
3.27508e-05
0.000262725
0.000619852
0.000267827
0.000351955
0.000116444
0.000254957
0.000133287
0.000399235
0.000448032
0.000323671
0.000456816
6.67233e-05
0.000402981
0.000696301
0.000528333
0.000877524
0.000434017
0.000285962
0.000109814
0.000315099
8.75388e-05
0.000206405
4.18281e-05
6.51144e-05
0.000140735
8.32537e-05
0.000209693
3.00992e-05
2.15172e-05
0.000191583
0.000359929
0.000421078
0.000828831
9.64687e-05
0.000654941
9.38218e-05
0.00051371
9.69284e-05
0.000508175
0.000308787
0.000671228
0.000178351
0.000461481
0.000287353
0.00026404
0.000254766
1.14574e-05
7.00492e-05
8.74635e-05
0.000123862
0.000261046
0.000192833
0.000472122
6.09206e-06
0.000154534
0.000403725
3.89516e-05
0.000598091
0.000142497
0.000489851
0.000322574
0.000245952
0.000353044
0.000216549
0.000130184
0.000619108
0.000224374
0.000361691
3.7365e-05
1.56158e-05
0.000203246
0.000142006
0.000397906
0.000186498
4.18264e-05
0.000131303
0.000620116
0.000167723
0.000571475
0.000148196
0.000152722
8.252e-06
0.000520537
0.000558637
0.000559879
0.00065679
0.000527013
4.14266e-05
0.000516329
0.000517137
4.56392e-05
0.000248753
0.000829962
0.000312536
0.000367689
0.000419713
9.32274e-05
2.14531e-05
0.000234575
0.000413341
5.7256e-05
0.000476249
0.00060873
0.000477548
0.000448847
0.000572915
0.000266165
8.22086e-05
0.000196127
0.000230499
0.000470724
0.000495203
7.35573e-05
0.000353342
0.000462489
0.000199518
0.000652733
0.000427047
0.000593747
0.000296871
0.000252698
0.000484782
0.000250579
0.000658488
0.000479097
0.000115867
0.000250802
0.000289943
0.00051056
0.000220724
0.000326113
0.000868387
0.000303987
0.000569141
0.000329261
1.12082e-05
1.64406e-05
0.000288165
0.000400505
0.000251451
0.000835406
0.000504132
0.000590358
9.48687e-05
0.00018076
0.000331985
0.000291604
0.000258312
0.000599713
0.000153293
0.000119899
0.000709989
0.000385332
0.000502354
0.000217033
2.88462e-06
1.88964e-05
0.000298817
0.00031845
0.000250586
0.000212345
0.000628092
0.000125797
3.87564e-05
0.000100179
0.000554746
0.000771452
0.000264881
0.000455844
0.000280624
8.63325e-05
2.98719e-05
9.88816e-05
0.000293399
0.00030456
0.000413896
0.000419311
0.000738959
0.000246905
0.000475737
0.000642467
0.000351314
0.000229046
0.000305538
0.000468432
0.000459272
0.000286905
0.000664781
7.92724e-05
4.5693e-05
0.000182412
0.000201719
0.000140913
8.76541e-05
0.000284043
0.000503125
0.000164891
0.000592291
0.000388955
0.000676221
0.00085725
0.000225009
0.000533416
0.000328302
4.57996e-05
0.000792399
0.000487043
0.000553079
0.000275291
0.000291882
0.000239756
9.02824e-05
4.63759e-05
0.000368895
0.000369808
0.000319277
1.81771e-05
8.89473e-05
3.95901e-07
0.000105343
0.000448743
0.00033981
0.000303658
0.000739089
0.00101662
2.00258e-05
7.97932e-06
9.81748e-05
0.000158107
0.000291806
0.000361299
0.000175259
0.00013731
0.00050409
0.000213434
0.000598303
0.000176061
0.000509353
0.000765072
2.175e-05
4.74354e-05
0.000423337
3.91194e-05
0.000241526
0.000628845
0.000309722
0.00011434
0.000115939
8.90622e-05
0.000297159
0.000564352
0.000240679
0.000268887
2.35097e-05
0.0001806
0.000431916
0.000423238
0.00011066
0.00036073
2.37526e-05
4.89518e-05
0.000493908
0.00028603
0.000863385
7.98328e-05
0.000230851
0.000130429
9.14973e-06
0.000125473
2.38164e-05
0.000295414
0.000415657
0.000432231
0.000253723
0.000223397
0.000120096
0.000197954
8.85441e-05
0.000406093
0.000512406
0.000558912
0.000447596
0.000624391
0.000483362
0.000700255
0.000147219
0.00037697
0.000258087
0.000475753
0.000340589
0.000121736
0.000172249
0.000679274
0.000740526
3.67442e-05
5.12705e-05
0.00025837
0.000512442
0.000725048
0.000595822
0.000105218
0.00025002
0.000188729
0.000185323
0.000404943
0.000350889
0.000279453
9.09357e-05
7.69237e-05
0.000170303
0.000251686
1.50589e-05
4.28616e-05
0.000150107
0.000418166
0.000685244
0.00040637
0.00062229
0.000193858
4.9046e-05
0.000300747
0.00050018
0.000422645
0.000496971
3.03442e-05
0.000300752
3.27152e-05
0.000290985
0.000249658
0.000219476
0.000706607
0.000149864
2.40786e-05
1.44514e-05
0.00026269
0.000142282
0.000251707
8.82708e-05
6.0164e-05
0.000973816
0.000584191
0.000308776
4.15595e-05
0.000116092
0.000244919
0.000638119
0.000298041
0.000137227
0.000103244
2.6571e-05
5.7092e-08
3.13705e-05
0.000230319
0.00050641
0.000419983
0.000390487
0.000470975
0.000458337
0.000374274
9.60395e-05
4.3301e-05
0.000157699
7.34237e-05
5.55887e-05
4.38404e-05
3.83991e-05
0.000139745
7.11194e-05
5.6315e-05
3.16066e-05
1.8941e-06
3.33292e-05
0.000144554
0.000181806
0.00028103
0.000138864
3.37179e-05
5.0075e-05
0.000109049
0.000141304
0.000470815
0.000669053
0.000398612
0.000594397
0.000530991
0.000389829
0.000273036
0.000182599
9.32751e-05
0.00028221
0.000234322
9.62767e-06
6.30797e-05
0.000103608
0.000104264
0.00039685
0.000618352
0.000399474
2.94481e-05
0.000121574
0.000228398
0.00037753
0.000300289
1.06207e-05
9.44233e-06
0.000323446
0.00033292
3.43626e-05
0.000308042
8.48144e-05
0.000100493
0.000372766
0.000189473
4.29104e-05
0.000139908
0.000735267
0.000432565
2.20515e-05
8.45798e-06
0.000189734
0.000375251
8.40274e-05
0.000365559
0.000428043
0.000208411
0.000515667
0.000419912
0.000314596
0.000147228
0.000218575
0.000314867
0.000447248
0.000117922
0.000337344
5.61368e-05
0.000689928
0.000493957
0.000615893
0.000441999
0.000221717
0.000490844
0.000670801
0.000194451
0.000142363
2.62296e-05
0.000299783
0.000239722
0.000164209
6.20455e-05
0.000170608
9.33816e-05
0.000337471
0.000162984
0.000186681
0.000487005
0.000602848
0.000499136
0.000599447
0.000128915
0.00027655
1.71503e-05
0.000124522
0.000170613
5.97114e-05
0.000128168
8.54138e-05
0.000393378
8.77715e-05
0.000140067
0.000173691
0.000254149
0.000313217
0.000240355
7.04032e-05
0.000159038
0.000425135
0.000286369
0.00030538
0.000419228
6.1372e-05
0.00068666
0.000734433
0.000550296
0.000565455
9.91035e-05
0.00012093
4.28707e-05
6.12999e-05
5.40543e-05
0.000338609
0.000373399
0.000492964
0.00034345
0.000146003
0.000477888
0.000100451
0.000118317
0.000470002
0.000689972
0.000673066
0.000485081
0.000337016
0.0002666
0.000230635
0.000172485
8.98374e-05
0.000231126
1.53219e-05
0.000136757
0.000411253
0.000155303
8.23941e-05
0.000691439
0.00033638
0.000692078
0.000252417
0.000358472
0.000112839
0.000873538
0.00028414
4.56052e-05
0.000137279
0.000369886
0.000748168
0.000112136
0.000201171
0.000522982
0.000314374
0.000384824
0.000222888
0.000427275
0.000341271
0.000200572
1.51449e-05
0.000113415
0.000327117
6.62353e-05
0.000146307
0.000577793
8.26591e-05
3.35058e-05
0.000125858
0.000343263
0.000176164
4.02033e-05
0.000779786
0.000245746
0.000185601
0.000153671
0.000128959
0.000270984
5.22191e-05
7.24383e-05
9.61077e-05
0.000202483
0.000205721
0.000263424
0.000436092
0.000581187
0.000561433
2.37059e-05
8.70035e-05
0.000689796
8.50077e-05
4.29422e-05
0.000452116
0.000394916
0.000274474
1.92052e-05
6.07425e-05
0.000106717
1.86563e-05
0.0002521
9.17746e-05
1.06517e-05
9.38916e-05
0.000229549
0.000258276
0.000126353
0.000129087
3.16715e-05
7.8744e-05
4.49565e-05
0.000118847
0.000103382
2.84372e-05
0.000111026
0.000529472
0.000576466
8.84953e-05
0.000295278
0.000338229
0.000529304
0.000546003
0.000180151
0.000267824
0.000125002
0.000142413
0.000100609
0.000357681
0.000351329
0.000540826
0.000316525
3.52757e-05
0.00055285
0.00053593
7.55085e-05
0.000242366
0.000507965
0.000675984
6.69239e-05
6.65121e-05
5.91647e-05
0.000693066
6.49384e-05
9.52582e-05
5.64656e-05
0.000261016
0.000126422
0.000420531
0.000651427
0.000660251
9.7371e-05
0.000411702
0.000259546
0.000349515
3.71126e-05
2.07003e-05
0.000402279
0.000624407
0.000473463
0.00041343
0.000259178
0.000303428
4.8032e-05
0.00013103
0.000264317
0.000281496
7.02338e-05
0.000199995
0.000691541
0.000704559
8.0621e-05
5.43126e-05
1.63194e-05
1.32201e-05
2.03839e-05
0.000151148
0.000351528
0.000248716
0.000396311
0.000479843
0.000163549
5.55137e-05
0.000196196
0.000331957
8.99587e-05
0.000589236
0.000191068
0.000265949
0.000334487
6.71603e-05
0.00015658
0.000396031
0.000332687
0.00021961
0.00021796
8.40518e-05
8.99035e-05
0.000302476
8.3483e-05
8.70311e-05
0.000107168
0.000258126
0.000463604
0.000361547
0.000367054
0.00042523
9.29495e-05
4.49694e-05
9.93738e-06
6.25029e-05
4.81651e-05
4.50101e-05
0.000176591
4.11764e-05
8.76718e-07
5.42928e-05
0.000172342
0.00037809
0.000586729
0.00053059
0.000357742
0.000518854
1.62037e-05
0.000182826
0.000568643
0.000575249
0.000520337
0.000728361
0.000467467
0.00112193
0.000333661
0.000309287
0.00026117
0.000496068
0.000246133
0.000456914
2.26859e-05
0.000156141
2.79224e-05
8.75582e-05
0.000231663
0.000572796
0.000348378
0.000290233
0.000475702
0.000120869
0.000231185
0.000443783
0.000603156
0.000182116
0.000273913
0.000437385
0.00072961
0.00040584
0.000392126
0.000217999
0.000111388
0.000174717
0.000116209
0.000114277
2.79106e-05
0.000324826
0.000637055
0.000280886
0.000111619
0.00010077
0.000510417
0.000397033
0.000967267
0.000334032
0.000667489
0.000174036
0.000679024
0.000516257
0.000524148
0.000101485
0.000114986
0.000138595
0.000317832
0.000221612
0.000459941
0.000370628
0.000272988
0.000905937
0.000662484
0.000380333
8.96377e-06
2.04106e-05
0.000273456
0.000488708
0.000235042
2.80697e-05
0.000238016
0.000119243
0.000330743
0.000349091
0.000429445
0.00043242
0.000335174
0.000348784
0.000157765
0.000413415
0.000360548
6.61996e-05
0.000432403
5.08505e-05
0.000166469
0.000436768
0.000419121
0.000612286
0.00019879
0.00046765
0.000262483
0.000316842
0.000698828
0.000816348
0.000703675
0.000585383
0.000204857
0.00031544
0.00104664
0.000366393
8.13162e-05
0.000239131
0.00047163
0.000312998
0.000537623
4.13095e-05
0.000242925
0.000325631
0.000364256
0.000228546
0.000502086
0.000355976
0.00019258
0.000593235
0.000523352
0.000111657
0.000248628
6.85698e-05
3.91769e-05
8.01124e-05
0.000298709
0.000420094
0.000656449
0.00029092
2.85372e-05
2.1169e-06
1.37778e-06
0.000169549
0.000361754
7.03981e-05
0.000335559
3.50574e-05
0.000223792
0.000250437
0.000936744
0.000231819
0.000119642
0.0007832
0.000153415
0.000192352
0.000607763
0.000450314
0.000171483
0.000523707
0.000218038
4.56969e-05
2.73382e-05
0.000590917
0.000331095
0.000602902
4.522e-05
0.000368917
1.76608e-05
0.00044812
0.000309188
0.000333037
0.000521251
0.000835942
0.000693771
0.000125898
0.000127967
2.10663e-05
5.72404e-05
0.000231271
0.000106439
0.000100827
7.97409e-05
0.000595742
0.000233662
0.000356938
6.21562e-05
0.000636384
0.000715912
0.000494819
0.000406345
0.000541379
0.000281367
0.000484865
0.000287232
0.000285205
0.00042222
0.000275208
0.000458105
0.000634895
0.000415329
0.000273441
5.26774e-08
0.000116754
0.000541242
0.000494246
0.000435067
0.000349529
0.000185942
0.000400693
0.000552239
0.000206248
0.000470518
0.000458454
0.000196406
0.000470108
0.000281145
0.000241048
0.000333579
0.000234701
5.67385e-05
1.02816e-05
6.65572e-05
0.000170083
4.48831e-05
0.000113961
0.000177207
0.000273727
0.000908017
0.000119155
4.88331e-05
0.000108461
0.000138803
0.000444718
6.58822e-05
0.00042281
0.000578797
0.000410085
0.000159911
0.000596353
0.000445089
0.000607813
5.86109e-05
0.000153558
0.000393196
9.91238e-05
7.53374e-05
5.42178e-05
0.00055102
0.000428384
8.85393e-05
0.000285022
8.56874e-05
0.000245742
0.000538852
0.000317885
0.000208395
0.000276835
0.000306489
0.000282531
0.000774877
0.000527786
6.82217e-05
0.000559443
0.000234796
0.000261993
0.000223902
0.000119526
0.000546213
0.000221129
0.000699066
8.49639e-05
0.000524555
0.000363107
0.000362454
0.000280041
0.000277271
0.000692322
6.68831e-05
8.69776e-06
0.000152109
0.000197905
0.000938517
0.00028406
0.000198704
0.000475757
0.000150434
0.000363391
6.28773e-05
0.000775889
0.000225175
0.000220394
0.000340881
0.000389255
0.000204973
0.000648494
0.000442344
0.000885624
8.84683e-05
0.000207185
0.000126046
0.00026607
0.000142599
0.000530383
1.60388e-05
0.0003716
0.000334234
0.000211855
0.000406661
0.000518917
0.000422807
0.000411706
0.000358627
0.000283219
0.000240548
0.000127572
0.000446622
0.000708055
0.000533633
0.000508778
0.000456641
0.000319844
0.000202395
6.42197e-05
4.83786e-05
0.0004072
6.66162e-05
0.00010097
8.52592e-05
0.000147054
3.4809e-05
3.35539e-05
0.000153004
0.000271347
0.000835671
0.000322438
0.000544966
0.000214223
0.0002157
9.95168e-05
0.00017586
9.30698e-05
0.000342032
0.000471349
0.000308692
0.000856011
0.000199953
0.000304383
4.94745e-05
0.000598748
0.000576462
0.000354025
0.00023327
0.000286986
0.000395088
0.000147461
0.000256372
6.07614e-05
2.04152e-05
0.000384474
0.000240666
9.54001e-05
9.57739e-06
8.48591e-06
0.000235846
0.000305035
0.000577527
0.000625776
0.000574873
0.000367625
0.000105411
0.000241406
4.18093e-05
0.000449356
0.000642785
3.46716e-05
0.000204182
0.000221823
8.6016e-05
0.000317077
0.000590201
3.28363e-05
3.49206e-05
0.000129889
4.69809e-05
9.29163e-06
4.21386e-05
5.84989e-05
2.47127e-05
0.000190488
0.000700563
1.91962e-05
0.000257822
0.000122115
0.000494848
0.00062098
0.000527989
0.000439329
0.000317213
0.000309415
0.000345478
0.000104406
4.46454e-05
0.000476555
0.00029572
0.000162707
8.61527e-05
0.000250221
0.00024147
0.000582378
0.00028557
0.000727633
0.00040283
5.31085e-05
3.8283e-05
2.28871e-05
9.51586e-05
0.000205468
7.94435e-05
0.000933668
0.000124483
0.000368047
0.000134266
0.000134392
0.000150211
0.000421331
0.000191388
2.05462e-05
5.56923e-05
0.000284526
0.000164516
0.000608746
0.00039253
0.000277159
0.000178559
0.000422872
0.000213159
0.00076089
0.000282977
7.78166e-06
0.000311193
0.000286858
8.08019e-05
0.000691353
0.000124995
0.000262063
3.48027e-05
0.000147413
0.00012732
0.00024364
0.000428381
0.000595741
8.38671e-05
1.41405e-05
5.4969e-06
6.78306e-05
0.000328444
0.000765732
0.00037764
0.0007535
0.000124426
1.90577e-05
4.22172e-05
0.000362301
0.000280186
0.000256005
0.000149134
2.38159e-05
0.000308893
0.000208471
0.000113636
0.000122081
0.000154145
0.000101793
3.1306e-05
0.000161165
2.33512e-05
0.000139403
0.00013674
6.43741e-07
6.96821e-06
0.000186225
0.000339424
2.1653e-05
0.000393771
0.000148036
4.90907e-05
5.11011e-05
0.000116882
0.000138019
8.35717e-05
0.000548168
0.000231756
0.000136407
0.000533908
0.000346053
0.000406178
0.000396844
0.000487767
0.00067552
0.000507157
0.000305453
0.000599344
0.000304783
0.000450559
0.000285493
0.000170974
9.30404e-05
0.000282725
0.000393116
3.41569e-05
0.000168177
0.000207066
1.29165e-05
7.47195e-05
0.000170396
0.0003895
0.00052713
0.000395558
0.000434729
0.000502765
0.0002856
0.000210141
1.056e-05
0.000207393
0.000141838
8.15297e-05
0.000221242
0.000571353
0.000678366
0.000673164
0.000700415
9.93158e-05
0.00028302
0.000305881
0.000653557
0.00038596
4.68952e-05
1.78851e-05
0.000663703
0.00018003
0.000181096
0.000733297
0.000314069
8.08063e-05
0.000341883
0.000260896
4.23105e-05
0.00047686
0.000445111
0.000112419
0.000517
0.0002441
0.00073109
0.000234688
0.0008159
0.000451597
0.000199543
5.44462e-05
0.000608667
0.000655148
0.00035122
0.000295824
5.02601e-05
5.89405e-05
1.62978e-06
0.000254268
0.000411466
0.000171559
0.000120867
0.000498842
0.000304166
0.000353358
8.52485e-05
0.000121735
0.000170459
0.000432901
0.000190445
0.000335109
0.000204126
0.000233579
0.000122807
4.7716e-05
0.00035043
0.000183417
3.75146e-05
8.26646e-08
7.8011e-05
6.37981e-06
0.000555584
0.000456225
0.00031696
0.000643404
0.00021331
0.000566274
0.000561301
0.00032468
6.39337e-05
0.000218558
7.43083e-05
0.000421096
0.000828377
0.000298066
0.000327685
0.000184442
0.000618185
0.000134408
0.000541901
0.000338306
0.000603807
0.000576671
0.000190942
0.000644025
4.31221e-05
2.8694e-05
0.000115413
0.000597034
0.000625846
0.000626241
0.000145663
6.90667e-05
5.02004e-05
0.000122296
0.000352089
0.000238457
0.000395487
0.000370677
0.000444617
4.28763e-05
0.000263759
8.43176e-05
0.000467986
3.98485e-05
0.000167652
0.000179541
0.000427329
0.000294036
0.000377399
0.00043651
0.000248651
0.000694034
0.000164538
0.00038319
0.000156294
0.000156537
0.000267663
0.000523924
0.000538571
5.66097e-05
9.61433e-05
0.000610072
0.000573001
0.000399217
0.000361788
0.000303047
0.000275626
0.000268885
0.000540488
0.000170749
0.000291549
0.000353687
0.000319178
0.000504901
0.000108053
0.000153917
3.6566e-05
0.000175965
3.19478e-05
1.02285e-06
0.000625711
0.000401401
3.12045e-05
0.000175032
0.000184322
0.0004358
0.000625497
3.2083e-05
4.74785e-05
0.000173384
0.000427667
0.000214196
0.000159461
4.10025e-05
0.000784463
0.000620078
0.00045504
0.000794752
0.000351955
0.000251604
3.54297e-05
0.000691337
0.000835434
0.000584752
0.000627779
0.000564975
0.00101627
0.000494279
0.000337544
0.000510841
0.000423451
0.000546824
6.97147e-05
0.000225741
3.54407e-05
0.000368193
0.000296046
0.000133692
0.000163047
3.34924e-05
4.46377e-06
3.75155e-05
0.000805154
0.000470846
0.000409252
0.000407708
0.000386339
0.000364342
0.000177574
0.000129959
0.00019931
0.000438471
0.00044288
0.000474359
0.000628569
0.000308363
0.000328326
0.000485403
0.00035342
0.000485036
7.45228e-05
0.00023169
8.34478e-05
1.54248e-05
3.72945e-05
5.39725e-05
8.51117e-05
0.000583295
0.000224043
0.00019731
5.1111e-05
0.000503221
4.52675e-05
0.000404551
0.000327802
0.000367282
0.000454002
0.00025348
0.000431885
0.000303272
1.81614e-05
7.05937e-05
0.000369357
0.000224662
0.00035314
0.000291399
0.000387049
0.000308641
0.000396084
7.8602e-05
0.000349199
0.000211154
0.000142506
0.000234364
0.000142121
0.000303918
0.000356949
2.43935e-05
0.000139756
0.000135193
7.59391e-05
0.000611772
0.000658428
0.000830738
0.000918443
0.00040449
0.000446488
0.000301931
0.000266915
0.000189067
0.000612058
0.000716626
0.000604772
4.01738e-05
0.000493956
0.000170939
0.000277161
0.000313666
0.00028015
0.000395275
0.000246793
0.000402834
0.000520945
0.000185766
0.000580499
0.000303403
0.000418072
0.000244217
0.000296398
6.88586e-05
0.000231394
4.20726e-06
0.000152505
0.000791185
0.000356286
0.000403472
5.55869e-05
0.000101407
0.000708207
0.000606876
0.00016579
0.00025361
0.000363016
0.000195344
0.000260507
0.000422521
0.000433289
0.000148507
0.000180364
0.000491574
0.000294633
0.000145679
0.000836504
0.000214498
0.000248505
4.39482e-05
0.000256071
0.000315657
6.14551e-05
0.000121438
3.65141e-05
0.000130329
0.000359762
0.000307289
0.000234643
0.000138358
0.000522932
0.000370074
0.000456369
0.000304115
0.000211179
0.000165437
7.51977e-06
6.26852e-05
0.000282251
3.13582e-05
0.000559252
0.00088272
0.000171472
4.39521e-05
3.67694e-05
3.87541e-05
0.000106279
0.000129682
0.000212353
0.000425274
0.000259907
0.000176712
0.000131455
0.000436783
0.000419832
0.000285992
0.000102063
0.000114646
7.52605e-05
0.00011758
0.00041981
0.000206871
0.000203153
0.000262102
0.000214165
0.000120463
0.000385827
0.000310025
5.00879e-05
0.000146558
7.12926e-06
0.000222662
0.000219349
0.000318792
0.000695182
0.000764825
0.000773022
0.000784068
0.000474326
0.000333723
0.000395184
0.000241489
6.15681e-05
4.08817e-05
0.000127009
0.000681652
0.000521856
0.00010676
0.000365149
0.000104346
0.000428947
0.000166186
7.6647e-05
1.88201e-05
4.89411e-05
0.000347151
0.000470276
7.26443e-05
0.000185408
0.000148687
0.000516649
2.89003e-11
1.8899e-05
5.70718e-05
0.00046244
0.000228517
0.00013511
3.46842e-05
9.87782e-05
0.000113371
0.000300152
6.4361e-05
0.000192323
0.000392281
0.00034304
0.000256421
0.000340378
0.000242124
0.000242156
8.70469e-05
0.000131417
9.02723e-06
0.000220465
0.000146233
0.000365916
4.08258e-07
0.0001446
4.24614e-05
0.000294974
0.000570339
0.000550247
8.43196e-05
0.000681177
3.29453e-05
0.000308829
0.000452671
0.000920126
0.000554562
0.000612698
0.000776614
0.000244736
0.000433591
0.000153799
2.38542e-05
0.000330769
0.000671424
0.000652509
0.000657112
6.2349e-05
8.27945e-05
5.80577e-06
0.000569841
0.000397023
0.000407224
0.000450496
0.000515313
7.78742e-05
0.000483414
0.000336947
0.000447199
0.000133951
8.4642e-05
0.000357898
0.000625108
0.000303687
8.81603e-05
6.35207e-05
0.000534842
0.000112834
0.000367956
3.70468e-05
3.83265e-06
0.00015482
0.000422783
0.000262125
0.000186186
0.000289385
0.000261614
0.000445908
0.000121918
0.000610641
0.000590863
0.000552306
0.000406334
8.99928e-05
0.000663701
0.000170466
0.000262438
0.000529087
0.000276262
0.000109997
4.48342e-05
3.67887e-05
0.000196563
0.000389334
0.000261118
0.00017505
0.000118346
0.000564789
0.000306658
0.000199969
0.000611978
0.000357547
0.000281507
0.000263588
0.000137157
7.93369e-06
6.86287e-05
0.000609103
0.000103201
1.83332e-05
0.000206692
0.000351027
0.000616995
0.000250891
0.00094989
0.000679598
0.000470537
0.000300675
0.000121691
0.000598484
0.000536154
0.000510454
0.000588752
0.000344347
0.000185249
7.79176e-05
3.20235e-05
9.8677e-05
0.000106754
7.55824e-05
0.000618563
8.21827e-05
0.000153432
0.000310973
0.000676223
0.000247701
5.87138e-05
6.09698e-05
9.63433e-05
0.000359061
0.000381943
0.000258772
0.00031666
8.537e-05
0.000204513
0.000904228
0.000580309
0.000790516
0.000391622
0.000246323
7.69156e-05
0.000217464
0.000494458
0.000414171
0.000178365
0.000283576
0.000591216
0.000350616
0.000158874
0.000147637
0.000338264
0.000108579
0.000451673
2.64316e-05
0.00047342
0.000359056
0.000338323
5.31219e-05
0.000856957
0.000355932
0.000323979
0.00028341
5.53022e-05
0.000263014
1.56496e-05
0.0004365
0.000196739
0.00014777
0.000754546
8.43369e-05
8.70115e-05
6.72725e-06
1.47244e-05
9.73141e-05
0.000255343
0.000658059
0.00031953
5.46833e-05
0.000273624
0.000419849
0.000348097
0.000310785
0.00041182
0.000153801
0.000316374
0.000139554
0.000108093
0.000295982
0.000502763
0.000502547
0.000418459
0.000440895
0.000196292
0.000424629
0.000458973
0.000288279
0.00061745
1.14876e-05
0.000217904
0.000433062
6.36009e-05
0.000118349
0.000126295
0.000538163
9.27191e-05
0.000265028
0.00033124
0.0006438
0.000308802
0.000249576
0.000316667
0.00027381
0.000284055
0.000224542
0.000648151
0.000347453
0.00014519
0.000487276
0.000805099
0.000547367
0.000560789
0.000421561
0.000344632
0.000348587
0.000300108
0.00061425
0.00013689
0.000171038
0.000351641
9.87236e-05
0.000190246
7.3209e-05
0.000139365
0.000146703
0.000447882
0.00064232
0.000354996
0.000453189
0.000499985
0.000887925
0.00033237
0.000314693
6.93783e-05
0.000136371
9.74389e-05
0.000473041
0.000227201
0.000669531
0.000281756
0.000877926
0.000510775
0.000375314
0.000592999
0.000402662
0.00042095
0.000588471
0.000125449
0.000192117
4.62001e-05
0.000235875
0.000201567
8.47986e-05
0.00058009
0.000810561
0.000631754
0.000419292
2.38173e-05
0.000139231
0.000522721
0.000426333
0.000399331
0.000119431
0.000390121
0.000586672
0.000344382
0.00070983
0.000363604
0.000672567
0.000239393
0.000151963
0.000341777
2.06343e-06
3.3096e-05
0.000420614
0.0002515
0.000178923
0.000679488
0.000489432
4.33633e-05
0.000268743
7.7558e-05
0.000238626
0.000577118
0.000499098
0.00016247
8.67618e-05
0.000453737
0.000300566
0.000327333
0.000137394
0.000153515
1.92847e-05
8.22905e-05
0.00039622
0.000170961
0.00027494
0.00022187
3.96569e-05
0.000429297
0.000321738
0.000584594
0.000200423
0.000402464
0.000250591
0.00076017
0.000374468
0.000386745
2.3392e-05
9.75698e-06
0.000404248
0.000113624
0.000287373
0.000135627
0.0004572
9.50888e-05
0.000265039
0.000107417
0.000115433
0.000124717
0.000305365
0.000538573
0.000401225
0.000240345
1.16328e-05
0.000426525
0.000873163
5.17129e-05
0.000525226
0.000264178
0.00041319
0.000237231
0.00070052
0.000399354
0.000115217
0.00026962
3.20038e-05
4.80912e-05
0.000153949
0.000513514
0.000199363
0.000223812
0.000371304
0.000838587
0.000211632
0.000749016
0.000345734
0.000661006
0.000582783
0.00019728
5.84617e-05
0.000179667
0.000101272
0.000121346
7.10567e-06
5.98585e-05
0.000767702
0.000286162
0.000430848
0.000678261
0.000297073
0.000118072
0.000448299
0.000622475
0.000462641
0.000462277
0.000267552
0.000288356
9.60042e-06
4.57757e-05
7.46534e-05
0.000269489
0.000670677
0.000525646
0.000389327
0.000649904
0.000429128
0.000679349
0.00062055
3.09284e-05
0.000377394
0.000483954
6.47214e-05
0.000440435
0.000290274
0.000453451
0.00010038
0.000489384
0.000642433
0.000627256
7.13515e-05
0.000295257
6.30401e-05
6.42793e-05
0.000184658
0.000100902
7.29036e-05
0.000346829
4.43128e-05
0.000529783
8.08128e-05
0.000579569
0.000526091
0.000491087
0.000946286
9.3327e-05
3.35515e-05
0.000250149
0.000468189
0.000529898
4.15253e-05
1.10931e-05
0.000224276
0.000187375
0.000450829
0.000746505
0.000713996
0.000130236
0.000648226
0.000635766
0.000728459
0.000544296
0.000507206
0.000444535
0.000449936
0.00103623
0.000306297
0.000394147
0.000170055
0.000126448
7.68755e-05
0.000369904
0.000309879
4.56052e-05
1.8859e-05
8.76112e-05
0.000417769
0.000108678
5.11317e-05
0.000171884
5.80876e-05
8.29049e-05
0.000240355
0.000444197
0.000222302
0.000383826
0.000188804
0.000100297
5.78434e-05
8.48096e-05
0.000505336
0.000270605
0.000672787
0.000192811
2.5448e-05
8.59347e-06
0.000479947
0.000474998
0.000221298
0.000212883
3.0088e-05
2.69795e-05
0.000218822
0.000228375
0.000391863
8.18584e-05
6.33143e-05
6.63661e-07
0.000633763
0.000303242
0.000288646
0.000396189
0.000244207
0.000217456
0.000444227
0.000899139
0.000650444
0.00022329
0.000407465
0.000506603
7.0813e-05
1.26115e-05
0.000110666
0.000397342
0.000505743
3.33708e-07
0.000254602
0.000478842
0.000410617
0.000198121
2.31435e-05
0.000450042
7.47961e-05
4.37526e-05
0.000268485
0.000472655
0.000307995
0.000365314
0.000290786
0.000319472
0.000307319
0.000433165
0.000387892
0.000763678
0.000525144
0.00033772
1.12722e-05
1.38962e-05
0.00014484
0.000146397
0.000326949
5.9378e-05
0.000214659
0.000272517
0.000163357
0.000559202
5.53634e-05
0.000467597
0.000656571
3.9479e-05
0.000715083
0.000173787
2.3132e-05
0.000315538
0.000469135
0.000351183
0.000580826
0.000411378
0.000167683
0.000198586
1.35345e-05
0.000219673
0.000615365
0.000248054
6.22458e-05
0.000144708
0.000422996
0.000408793
4.10714e-05
0.00057899
0.000190146
7.64281e-05
2.60463e-05
0.000192536
3.70281e-05
0.000159112
0.000184886
0.00069461
0.000226163
7.58373e-05
0.000464423
0.000391251
9.36679e-05
6.16527e-05
0.000287847
0.000858801
0.000268529
0.000949527
0.000242932
0.00052212
0.000499405
0.000374189
0.000189393
0.00018987
0.00025194
0.000104347
0.000421669
6.18977e-05
0.000232052
0.000296904
1.49811e-06
0.000173161
0.000866042
0.0002004
0.000395362
0.000525174
0.000549387
0.000409701
0.000147853
0.000571258
0.000607335
0.000405722
6.60245e-05
0.000207939
0.000404178
0.000205012
0.000103159
0.000229691
0.000537722
2.23161e-05
0.000321893
0.00010923
7.19508e-06
0.000107822
0.000572067
0.000776068
0.000493546
0.000148884
0.000203401
0.000669475
2.39484e-05
0.000240147
0.000376319
0.000448745
0.000774172
0.000330774
0.000365515
0.000456468
9.83551e-05
0.000515543
0.000232389
0.000246721
7.02524e-05
0.000153186
8.61724e-05
2.05702e-05
0.000303068
0.000521125
5.1637e-05
3.06683e-05
5.47289e-05
0.000152657
0.000130798
0.000109884
0.000374692
0.000292048
5.70477e-05
7.00101e-05
2.83632e-05
0.000416177
0.000369255
0.0004841
0.000725043
0.000503302
0.000373277
0.000319327
0.000559244
0.000197525
0.000675387
0.000495861
2.2498e-05
3.61273e-05
3.65682e-05
0.000128578
2.73985e-05
0.00033783
0.000475986
0.000730901
0.000173616
6.6769e-05
2.78227e-05
0.000133962
0.000176672
0.000235325
0.000197982
0.000309483
1.19595e-05
0.000253933
9.9738e-05
0.000546252
0.000543482
5.13152e-05
0.000282673
0.000546798
0.000505074
0.000125146
5.13741e-05
8.57932e-05
0.00027009
0.000352098
0.000244311
0.000728998
0.000286566
0.000449613
9.72121e-05
0.000522581
0.000829081
0.000832357
0.000323767
0.000297896
0.000526082
0.000183318
0.000347741
0.000451752
0.000172936
0.000237714
0.000152887
2.28847e-06
2.76741e-05
0.000314427
0.00030692
0.000103394
0.000419064
0.0005684
0.000134893
0.000125527
1.36607e-06
0.000409866
0.000680021
0.000325365
0.00045013
0.000410196
0.000330147
0.000249468
0.000469844
0.000163671
0.00025182
0.000329219
3.50299e-05
0.000171383
0.000119642
0.000104557
0.000339495
0.000260645
0.000281906
0.000211386
1.2753e-05
7.47095e-05
3.33679e-05
1.73978e-05
0.000253105
0.000407028
0.0004605
7.32362e-05
3.63787e-05
7.01269e-05
0.000341623
0.000232194
0.000435937
0.000378388
5.30302e-05
5.27145e-05
3.24675e-06
0.000223584
0.000132678
5.82606e-06
1.24053e-05
0.000435391
0.000197211
0.000311767
0.000166951
0.000624093
0.000614773
0.000111424
0.000475512
0.00011182
0.00014073
0.000178438
0.000300019
0.000621339
0.000338968
0.000470921
0.000361098
0.000185951
0.000242479
0.000251629
8.58401e-05
0.000334696
0.000152478
0.000100086
0.000225894
0.000451641
3.84661e-05
0.000108714
0.000137175
0.000292775
0.000356723
0.00058229
0.000496758
0.00044123
4.4949e-05
2.3498e-05
0.000177831
0.000406379
0.000463456
0.000300607
0.000585741
0.000149439
0.000439756
5.67918e-05
0.000163708
0.000202288
0.000401849
0.000745059
0.000539448
0.000167617
0.000137761
0.000569194
0.000184566
4.18412e-05
0.000239588
0.000523367
0.000327634
0.00020045
0.000134308
0.000329549
9.57748e-05
0.000156341
4.3497e-05
8.5649e-05
0.000510406
0.000623724
5.8907e-05
0.000173936
0.00029977
0.000268729
0.000283564
0.000557571
0.0001901
0.000706195
0.000380032
0.00015567
0.000228458
0.000124985
5.06133e-05
8.27392e-05
0.000277395
0.000186065
4.44847e-05
4.62151e-06
0.000328476
0.000674345
0.00029529
0.000406318
0.000387808
0.00051878
0.000106476
0.000109739
7.20206e-05
0.000436146
1.35309e-05
3.68074e-06
4.71203e-05
2.38261e-05
0.000124636
0.000380372
0.000332696
4.4122e-06
2.38643e-05
0.000348806
0.000345456
0.000497486
0.000318158
0.00040452
0.000501098
0.000654272
0.000558681
0.00022791
0.000305194
0.00047569
0.000408817
0.000183872
0.000827343
0.00028615
0.000229135
4.26458e-05
0.000211882
0.000230625
6.5357e-05
0.000505828
0.000320761
0.000145661
0.000193694
0.000560556
6.74793e-05
0.000585106
0.00054828
0.000148091
0.00040561
0.000446885
7.54904e-05
0.000150554
0.000456253
1.15976e-05
0.000739437
0.000263861
3.29874e-05
6.29018e-05
0.00014746
0.000188654
0.000173574
0.000687361
0.000561504
6.67372e-05
4.15521e-05
0.00047449
0.000465386
0.000587661
0.000475114
0.000530204
0.000187072
0.000349031
0.000240846
1.86962e-06
0.000229001
0.000224523
3.5738e-05
0.000160879
0.000384531
0.000421405
0.000584049
0.000350863
0.000212072
3.96792e-05
0.000100288
0.000446681
0.000154807
0.000257902
1.46259e-05
0.000311844
0.000615481
2.28156e-05
0.000101462
9.04051e-10
8.78989e-07
9.54077e-05
0.000151811
0.000232347
4.81845e-05
0.000499576
9.44853e-05
0.000155611
0.000221335
0.000168036
1.58087e-06
9.06691e-06
8.19977e-05
0.000536875
0.000389473
0.000538994
0.000327493
2.88401e-05
6.21951e-05
0.000168416
0.00070111
0.000568905
7.15215e-05
0.000434233
0.000206387
0.0001687
0.000833191
0.000320346
0.000371983
0.000103652
0.000140032
0.000279267
0.000440719
0.000690678
0.000451465
0.000407338
0.000383542
0.000293395
0.00062232
0.000432379
0.000853764
0.000522424
0.000513577
0.000547982
0.000545151
0.000752996
0.000378684
0.000592847
8.089e-05
0.000642693
0.000214836
0.000348997
4.55261e-05
2.12228e-06
8.04062e-06
7.71533e-05
0.000304497
0.000814509
1.24864e-05
0.000469573
0.000457609
0.000148524
0.000360729
0.000527225
0.000905544
0.000283722
0.000323843
0.000861829
0.000962224
0.000141812
4.77382e-05
4.37588e-05
2.01685e-05
8.86507e-06
5.80597e-05
6.36887e-05
0.000221309
0.000790795
0.000597984
0.000724728
0.000154588
0.000220019
0.000100311
0.000139204
4.21024e-05
8.36703e-06
0.000235126
0.0003339
0.00046546
0.000667003
0.000643069
0.000240833
9.08014e-05
0.000160369
8.61014e-05
0.000599038
0.000341472
4.76893e-05
0.000258578
0.000297355
0.000210824
0.00025509
0.000710942
0.000833526
0.000484859
0.000424221
0.000202726
0.000509911
0.000120647
0.000503623
3.79633e-05
0.000155483
6.26897e-05
0.000753382
0.000809881
2.88981e-05
1.12852e-05
0.000376475
0.000262618
9.65912e-05
0.000192272
6.92509e-05
0.000268112
7.41346e-07
0.000329407
0.0002427
0.00042987
0.000158483
0.000522345
0.000506556
0.000811512
0.000582999
5.45902e-05
0.000383909
0.000321891
0.000423739
0.000263501
0.000424294
0.000195394
0.00047469
0.000114179
0.000178747
0.000404789
0.000193763
0.000400786
0.000393563
0.000744858
0.000273333
0.000142409
0.000651534
0.000238601
0.0003844
0.000249036
0.000287187
0.000676367
0.000700315
0.00044174
0.000556062
0.000208249
2.07593e-05
6.03114e-05
0.000763873
0.000521255
0.000229544
0.000107262
0.000467803
0.00031281
5.62585e-05
0.000917168
0.000512777
0.000125938
1.26961e-05
0.000352776
0.000438647
0.000665195
0.000163456
0.000220971
0.000476433
0.000598795
0.000448207
0.000294281
0.000510517
0.000298063
0.00019276
0.000232815
0.000202765
0.00057288
0.000669443
0.000686927
0.000511526
0.000262498
0.000216886
0.000637779
0.000241069
7.40489e-05
1.50134e-05
0.000360083
0.000309657
5.12752e-05
0.00068071
0.000676341
0.000730308
0.000288277
0.000582682
0.000252904
0.000350444
0.000385454
0.000568738
0.000314251
0.000336805
3.94962e-05
0.000189766
0.000188908
3.31744e-05
0.000447358
0.000114107
0.000179354
4.04872e-05
0.000125117
0.000390527
0.00028966
7.15921e-05
6.08725e-05
3.63141e-06
0.00067472
8.88872e-05
0.000246404
0.00010359
2.76462e-05
0.000317748
0.000223395
0.00014941
0.000162261
0.000570744
0.000330377
0.000112993
0.000191982
0.000284731
0.000142034
4.51437e-06
0.000104053
9.29331e-05
4.86851e-05
6.8188e-05
4.15373e-05
0.000583809
0.000107099
0.000227055
0.000225775
0.00025432
0.000753314
3.04139e-05
1.34812e-06
2.10962e-05
9.77306e-05
0.000269455
0.000211666
0.000428376
0.000202379
0.000297179
0.000312316
0.000108823
1.72626e-05
3.26867e-05
0.000321554
0.0003948
7.13172e-05
0.000161643
0.000195896
0.000471538
0.000341123
0.000517033
0.000377617
0.000475772
0.000683378
0.000241811
0.000541757
3.33409e-05
0.000159072
5.74856e-05
0.000822018
0.000277735
0.000458597
0.000458484
0.000368017
0.000155754
1.96538e-05
0.000211875
0.000719771
0.000756391
0.000463867
0.000110661
0.000128464
0.000304512
4.94609e-05
0.000405934
0.000546514
0.000225508
0.000158461
0.000158545
0.000440058
0.000837198
0.000131796
0.000348391
0.000361291
0.000151211
8.95285e-07
8.49274e-05
0.00063222
0.000354353
0.00026796
0.000187327
0.000474506
0.000392875
0.000349519
0.000392019
0.000359837
0.000517548
0.00042584
0.000314372
0.000296503
0.000107732
0.000324881
0.000354572
0.000191956
0.000544311
0.000585039
0.000279964
0.000437355
0.000276045
0.000293487
0.00050427
0.000377449
0.000109756
0.000272935
0.000842346
0.000197939
0.000700156
0.000604887
0.000413685
0.000777637
5.17005e-05
0.000129993
0.000162996
0.000769424
0.000345151
0.000483474
0.000345153
0.000265708
2.22917e-05
4.52763e-05
0.000456179
0.000198934
0.00047562
9.34486e-05
9.3356e-05
0.00019694
1.8331e-06
7.58506e-05
0.000724256
0.000741375
0.000215884
0.000417629
2.34474e-05
0.000249323
0.000429038
0.000196998
0.000252221
0.000634205
0.000114729
0.000394079
0.000425975
0.00036577
0.000158234
0.000214182
0.000386518
5.1085e-05
0.000147192
0.000233727
0.000402211
2.2402e-05
7.8302e-05
6.94401e-05
0.000205473
8.60615e-05
9.40868e-05
0.000339031
0.000308547
0.000627163
0.000148406
9.62427e-05
0.000262448
0.000356843
0.000522403
0.000122681
0.000412563
0.000527633
4.94037e-05
5.51653e-05
0.000430978
0.000312751
0.00011199
1.8959e-05
0.000296538
0.00044873
0.00059045
0.000459712
0.00047561
0.000638449
0.00014453
0.000375902
0.000120305
0.000336781
0.000454425
0.00021578
1.22457e-07
7.57675e-05
2.18386e-06
2.71202e-05
0.00032925
0.000489323
0.000401689
0.000440711
0.000339005
0.000387419
0.000404374
0.00040151
0.000337877
8.77638e-05
9.92811e-05
9.02301e-05
0.000319383
0.000336798
6.10234e-06
0.000407046
0.000626058
0.000570432
0.00027316
0.000242836
8.69526e-05
4.83369e-05
0.000721312
0.000702543
0.000403215
0.000624696
0.000647283
0.000147104
0.000195115
0.000320094
0.000124272
0.000120149
0.000281983
0.000140409
0.000135468
0.000553737
0.000120235
4.45537e-05
0.000801364
0.00059086
0.000155948
5.5579e-05
7.32456e-05
8.55463e-05
0.000516705
0.000576534
0.000395475
0.000207386
0.000136765
0.000712993
0.000355099
0.000281686
0.000460639
0.000540753
0.000453374
0.000690381
0.000525905
0.000527805
3.00379e-05
0.000244126
0.00023845
0.000284966
0.000299741
0.000534386
0.000364963
7.16389e-05
0.000420403
0.000325441
0.00059649
0.000260884
6.45459e-05
0.000360603
0.000263333
0.000340948
0.000176994
0.000380102
0.00020084
0.000440786
0.00051732
0.000698452
0.000622941
0.000651033
0.000599211
0.000231959
0.000449957
0.000241974
0.000204808
0.000487546
0.000420171
6.54022e-06
3.01488e-06
0.000178979
0.000373214
0.000295777
0.000311797
8.0719e-05
0.000202795
2.82404e-06
0.000219276
4.46729e-05
0.000200468
0.00029942
0.000428705
0.000563009
0.000811299
0.000349438
0.000197645
0.000509022
0.000686384
0.000462369
0.000555877
0.000115625
1.8637e-05
2.87001e-05
0.000332619
0.000862494
0.000485012
0.000141373
0.000269274
0.000440469
1.01862e-05
0.000169835
0.000416732
0.000896728
0.000118711
0.000183281
0.000278479
3.32871e-05
6.71213e-06
0.000631623
0.000274088
3.41823e-05
0.000813201
0.000403226
0.000440387
0.000667101
0.00057511
0.000100846
2.42401e-05
0.00015581
0.000178981
0.000845869
0.000575215
0.000500621
0.000324505
0.000115743
7.5736e-05
0.000395611
0.000372101
0.000308806
0.000266732
0.00024432
0.000208
7.20705e-05
0.000603405
0.000205551
0.000380778
0.000623978
0.000104349
5.50501e-05
0.000192154
0.000202209
0.000250132
0.000540009
0.000286819
0.000284804
0.00020651
7.55024e-06
2.3648e-05
0.000509904
0.000750497
0.000118104
0.00060046
0.000386681
0.00094201
0.000377647
0.000370052
0.000156729
7.64817e-05
3.87057e-05
0.000358983
0.000334867
0.00056816
0.000435581
0.000610174
0.000599332
0.000309907
2.03572e-05
9.57157e-05
0.000264334
0.000334275
0.00053926
0.000292102
0.000637046
0.000231491
0.000436331
0.000196968
3.47097e-05
0.000328667
7.03786e-05
0.000435282
3.82333e-05
1.84272e-05
0.000204784
6.77374e-06
0.000392242
0.00050725
0.000485029
1.30595e-05
4.40317e-05
0.000664129
0.000565741
7.54662e-06
0.000455271
0.000447116
0.000475778
0.000533311
7.47754e-05
0.000669498
5.41594e-05
0.000147096
4.07687e-05
3.6321e-05
7.72282e-05
0.000467549
0.000358417
8.10508e-05
0.000198739
0.000535194
0.000538577
0.00111856
0.000497199
7.35913e-05
0.000147714
0.000813085
0.00084668
0.000101814
5.07676e-05
0.000570274
0.000611063
0.000481352
0.000382589
0.00039258
4.8267e-05
0.000968873
0.000525853
0.000385313
0.000211774
0.000196341
0.000341019
0.0003845
0.000340204
0.000676247
8.21957e-05
0.0001576
0.000435871
7.44888e-06
8.23663e-07
2.68914e-06
0.000192417
0.000212635
4.70778e-05
0.000237644
8.92794e-05
2.45566e-05
0.000131845
0.000312232
0.000224375
0.000341343
0.00027205
0.000607227
0.0006553
0.000310284
0.000388709
0.000121007
7.25662e-05
0.000126238
0.000431717
0.000921731
0.000331681
0.00010896
0.000651107
0.000345857
7.89749e-05
0.000632944
0.00016336
0.000416114
1.14773e-05
3.79108e-06
2.74343e-06
0.000453113
0.000430885
0.000298902
0.00043887
0.000422574
7.9324e-05
0.000383099
0.000168402
0.000333348
0.000267098
5.05214e-05
7.2661e-05
0.000320085
0.000210564
0.000678378
0.000173426
0.00032307
0.000396745
6.23326e-05
5.50392e-05
7.08281e-05
0.000602892
0.000593194
4.42934e-05
1.99316e-05
0.000433811
0.000406847
0.000209571
0.000698736
0.000279128
0.000321087
0.000530903
0.000109983
0.000183739
0.000465169
0.000503202
0.000641915
0.000196844
0.000602039
4.27747e-05
5.72921e-05
4.8521e-05
0.000624924
0.000253139
0.00024958
0.000138267
0.000232281
0.000492001
0.000143167
0.000247936
0.00044832
0.000723509
0.000416448
0.000390883
0.000225852
0.000125081
0.000140216
0.000456331
0.000481278
0.000522977
5.52888e-06
3.28297e-05
2.89517e-05
0.000129512
0.000310437
0.000435536
0.000458811
0.000106285
0.000229257
3.68814e-05
0.000140412
0.000212926
0.000219089
2.37622e-05
0.000541591
8.4751e-06
2.32168e-05
0.00029757
0.000360985
0.000147722
0.00050641
0.000483945
0.00017843
0.000145517
0.000198939
0.000346595
0.000491346
9.31624e-05
0.000153746
3.29969e-05
6.39679e-05
0.000353642
0.000742173
0.000451181
0.000541298
0.000459521
0.0006311
0.000456774
0.000798712
0.000110065
0.000299758
9.93234e-05
0.000286869
7.08006e-06
5.60417e-05
0.000186948
8.47605e-05
0.000293151
0.000222242
0.000228185
0.000290207
0.000323417
0.000300075
0.000176254
0.000195324
0.000778807
0.000318986
6.1133e-05
0.000218968
0.000253298
0.000131747
0.000137132
6.22479e-05
5.07409e-05
0.000488499
0.000206412
0.000155325
0.000615452
0.000511665
0.000707106
0.000579552
0.000862616
0.000497338
0.000582919
0.00025987
0.000109194
0.000188101
0.000161587
0.000309164
0.000313623
0.000138271
0.000356648
1.87789e-05
3.17069e-05
1.2429e-05
0.000131068
0.000275123
0.000403709
0.000262354
0.000436061
1.88547e-05
0.000458243
0.00035222
0.000649085
1.07632e-05
7.88953e-05
0.000123852
4.504e-05
3.50672e-05
0.00054086
0.00043927
0.00051234
0.000151526
0.000173055
0.000200217
0.000319313
0.00052194
0.000645173
0.000455272
0.000343945
0.000522319
0.00041683
0.000457465
0.000293028
0.000153
8.6209e-05
6.07432e-05
5.7943e-05
0.000176232
0.000626763
0.000538226
0.000839635
0.000780431
0.000239207
0.000520009
0.000578784
0.000356341
0.000678048
0.000524434
0.000503192
0.00014468
2.42517e-05
6.52404e-05
0.000373811
0.000178465
0.000374352
9.42966e-05
7.64767e-05
0.000594943
0.000569109
0.000390773
0.000102105
4.18855e-06
0.000534727
0.000248022
0.000182418
0.000459977
0.000449251
0.000354218
0.00026724
0.000221544
0.000425036
0.000701856
0.000250897
8.14591e-05
1.8746e-05
6.9248e-05
0.000175844
0.000259876
0.000461605
0.000504859
0.000298085
0.000271352
0.000287779
0.000126908
0.000250407
0.000229866
0.000575549
0.000126566
0.000568536
0.000760322
0.000313855
0.000800786
0.000628549
0.000477027
0.000361775
0.000428822
0.000103537
6.27075e-05
1.918e-05
9.10158e-06
1.40729e-05
2.93558e-06
8.0761e-05
6.79282e-05
1.89226e-05
0.000162021
0.000371042
2.95666e-05
2.95648e-05
0.000407065
0.000325406
7.17864e-05
0.000115462
0.0005157
0.000250517
0.000148768
0.000240744
0.000357843
0.000558262
0.000131088
0.000289426
0.000110747
5.99961e-05
4.24917e-05
0.000405761
0.000527718
0.000669906
0.000432109
0.000492482
0.000196068
0.000120076
0.00022882
2.24538e-05
0.000868059
0.000673718
0.000112567
0.000125032
7.19167e-05
0.000101725
6.08128e-05
9.90835e-06
0.000193988
0.00023352
0.000708615
0.000684909
0.000182316
6.38496e-05
0.0001291
0.00027861
0.000384722
0.000281396
0.000215111
0.000264894
0.000301643
4.83858e-05
0.000321364
0.000561943
0.00038138
0.000233978
0.000123625
0.00012337
0.000472156
7.2801e-05
0.000155967
0.000292259
1.79638e-06
8.0131e-06
5.64432e-05
0.000591089
0.000125715
0.000117289
0.000335183
0.000636199
0.000277079
0.000115389
0.000462834
0.000347854
0.000494171
0.000812635
0.000375648
0.000109027
8.99077e-05
0.000470932
0.000284215
0.000363642
0.000525289
0.000445742
0.00016019
0.0002409
0.000279212
0.000234297
0.000374726
9.35143e-05
0.000603957
0.000446221
0.00041668
0.000499198
0.000475612
0.000272336
0.000548386
6.10282e-05
0.000497607
0.000297783
0.000188674
0.000473824
0.000612794
2.9924e-05
0.000181698
0.000385085
0.000311504
0.000696609
0.000555851
0.000576803
0.000189241
3.13003e-05
0.000200026
2.69208e-06
6.10221e-05
1.97146e-06
5.22778e-05
0.000483338
0.000533072
0.000463662
6.51758e-05
0.000357007
0.000467679
0.000331339
0.000458598
0.000873821
0.000542985
0.000453142
0.00018586
0.000159345
0.000187428
0.000228228
0.000409691
0.000722426
0.000509783
0.000475515
0.000174867
0.000828073
0.000324819
0.000171028
0.000456168
0.000332872
0.000700823
0.000178694
0.000289818
0.000494658
0.000159794
0.000104791
0.000441777
0.000380303
0.00039764
0.000166936
0.000105613
0.000130265
0.000559912
0.000557151
0.000876592
0.000253791
0.000165634
0.000475185
0.000300881
0.000673365
0.000509626
0.000302399
0.00070829
0.000443014
0.000183764
1.98221e-05
0.00014888
0.000262404
0.000822352
0.000457525
0.000580966
0.000363426
0.000174509
0.000533477
9.44238e-05
0.00018791
0.000250994
0.000738791
0.000146926
2.3758e-05
0.000241054
0.000874883
0.000626999
0.000432546
0.000179477
0.000457685
0.000139493
0.000723106
0.000368851
0.000460763
8.26254e-05
0.000131387
0.000177804
3.00462e-05
0.000293338
0.000501779
0.000299376
1.19e-05
0.000119595
0.000507717
0.000160672
7.45944e-05
2.53638e-05
0.000110426
0.000214711
0.000285612
0.000441391
0.000129534
0.000192873
0.000316159
0.000461349
0.000420901
0.000472943
4.7335e-05
0.000715019
0.000716833
0.000553611
0.000372778
0.000699985
1.88514e-05
8.02397e-05
2.4501e-05
0.000191508
0.000475512
0.000146459
0.000102726
0.0002089
0.000784775
0.000606966
0.000426334
0.00026625
0.000184929
0.000152744
6.08974e-05
0.000116545
0.000755891
0.000278406
0.000312223
0.000622601
0.000110137
0.000344079
0.000422048
0.000727703
0.000548881
0.000473439
0.000447218
0.000137772
0.000367211
0.000467304
0.000331569
1.7236e-05
0.000153288
4.4816e-05
9.1846e-05
0.000212463
0.000256951
0.000160834
0.000112406
0.000570492
0.000425654
0.000186778
0.000569809
0.000228906
0.000590628
0.000677729
0.000369893
0.000766281
0.000542103
0.000229013
0.000199816
0.000277038
0.000446658
0.000204862
2.64734e-05
4.54706e-05
9.14705e-05
0.000520877
0.000461129
0.000452753
0.000483609
0.00031736
0.000138712
0.000484313
0.00042182
0.000632503
0.000567196
0.000758279
0.000864263
0.000196245
1.25676e-05
0.0003362
0.000139018
0.000362775
0.000412819
0.000180917
0.000116925
7.29544e-05
0.00108239
0.000333303
0.000332351
0.000136142
0.000271706
0.000849346
0.000556545
0.00033383
0.000250948
3.74312e-05
4.13932e-05
2.15176e-05
8.90023e-05
1.80453e-05
0.000360096
1.64282e-05
3.99831e-05
0.000539103
0.0005059
0.000261446
0.000332555
0.000206803
0.00054904
0.000717117
2.46545e-05
4.45806e-05
9.91322e-05
3.65535e-05
0.000150797
5.10073e-05
2.7772e-05
0.000126122
5.43854e-05
0.000175579
4.80525e-05
0.000105297
0.000370039
0.000536921
0.000167684
0.000200331
6.86075e-05
0.000224969
0.000187371
0.000116796
0.00037922
0.000167014
0.00061036
0.00031256
0.000289794
0.00044593
0.000201396
8.86258e-05
2.46686e-06
2.85398e-06
0.000236654
0.000109121
0.000234205
0.000486696
0.000625433
0.000245934
0.000102787
0.000192325
0.000125837
0.000146235
5.88486e-05
0.000603108
0.00049891
0.000169667
0.000125167
5.7309e-05
0.000368678
0.000523329
0.00026106
0.000162199
7.47194e-05
0.000638034
0.00047269
0.00031897
0.000473925
0.00031644
1.39349e-05
0.000345756
0.000255484
0.00029538
0.000135597
0.000215843
0.00033031
5.46303e-05
9.3464e-05
1.27654e-06
4.95893e-05
9.84219e-06
5.57002e-05
0.000221126
0.000239303
0.000469676
0.000601266
0.000226793
8.77076e-05
0.000897325
0.000389327
0.000705891
0.00018757
0.000213871
0.000477264
0.000456102
0.000495741
0.000161983
0.000233533
0.000347741
0.000607698
0.00013745
0.000335285
0.000232253
0.000118916
0.00032547
0.000193811
0.000270941
0.000222616
0.000160138
2.07957e-05
0.000213768
0.000177968
0.000358076
0.000226158
0.000155928
7.9792e-06
0.000129132
0.000270833
0.000242665
5.2615e-05
0.000550205
0.000235696
0.000273151
0.000676196
8.85444e-05
4.64744e-05
0.000567567
0.000618597
0.000412537
0.000214374
0.000764711
0.00020227
4.9036e-05
7.96418e-05
5.35593e-06
0.000165054
0.000811844
0.000263213
0.000201021
0.000541551
0.00026238
0.000449728
0.000380994
0.000253982
0.000378678
0.000489072
4.50131e-05
0.000702201
0.000265611
0.000619326
3.54936e-05
0.000258541
3.56637e-05
0.000165095
2.84611e-05
2.06122e-05
8.52747e-05
0.000131814
0.000307719
5.86753e-05
3.5446e-05
1.71532e-05
6.39476e-05
4.51634e-05
0.000327399
3.09272e-05
0.000196117
7.5359e-05
5.59694e-05
0.00033957
0.00028164
9.36522e-05
0.000142713
0.000463052
0.000105256
0.000263003
0.000198004
0.000272232
3.65903e-05
0.000126409
0.000351309
0.000159746
0.000253924
0.000524945
0.00028326
0.000594987
0.000405711
0.000286583
0.000488758
0.000617303
9.08192e-05
0.000147452
1.52178e-05
8.16754e-05
0.000136535
0.00038059
0.000129878
1.07399e-05
2.41571e-05
9.4913e-05
0.000298165
0.000172988
0.000124695
0.000522547
0.000343081
0.000296217
0.000492666
0.000251063
0.00019398
0.000125585
9.09517e-05
0.000435991
0.000665539
0.000328859
0.000205447
0.00026707
0.000160662
0.000402098
0.000121627
0.000169456
0.000560366
0.000530402
0.000517342
0.000516549
0.000305379
0.000114559
0.000419305
4.13481e-05
4.76127e-05
4.60984e-06
8.3255e-06
8.60146e-07
0.000494753
0.000353843
0.000197513
2.05943e-05
5.29409e-05
9.27688e-05
5.66611e-06
8.62222e-06
0.000310709
2.9287e-05
0.000886045
0.000263576
0.000932382
0.000593695
0.000585964
0.000706441
0.000202077
0.000203539
0.000423278
0.000168859
0.000396775
5.79362e-05
0.000135624
8.28827e-05
0.000148103
0.0001118
0.000401739
0.000214475
0.000161974
0.000476759
0.000787356
0.000827666
1.81103e-05
0.000147983
0.000237033
0.000253837
4.86687e-05
5.2583e-06
0.000397235
0.00074607
3.89242e-05
0.000630599
0.000615031
0.000487435
0.0003581
3.75691e-05
0.000143951
4.20596e-05
0.000109304
2.77051e-05
2.60853e-05
0.000253543
0.000103045
0.000438975
0.00049674
0.000352423
8.53283e-05
0.00024445
0.000339182
0.000549304
0.000348585
0.000822422
0.000477711
0.000265502
0.000561215
0.000136454
0.000522461
0.000339853
0.000782885
0.000226076
7.26613e-05
0.000438171
0.000551651
0.000502214
0.000253448
0.000432524
0.000442544
0.000187085
2.44955e-05
0.000219855
2.86401e-05
0.000189581
5.53911e-05
0.000744365
0.0003976
0.000396529
0.000391983
1.03674e-05
7.96792e-05
8.87477e-05
0.000322953
3.06344e-05
1.51198e-05
2.51319e-05
0.000133116
0.000895648
0.000388887
0.000525464
0.000232732
0.000633886
0.000264844
0.000645561
0.000652004
0.00043784
0.000665975
0.000439038
8.31143e-05
6.86421e-05
0.000335967
0.000134644
0.000208003
2.54315e-05
4.42752e-05
7.82802e-05
0.000170051
0.000869831
0.000717636
0.00051481
9.30787e-05
0.000309119
0.000347088
0.000570387
0.000427475
0.000120729
3.74849e-05
0.000328239
0.00030488
0.000454837
0.00024661
0.000188766
0.000413162
0.000412217
0.000430794
0.000160085
6.47853e-05
0.000422142
4.88775e-05
0.000362203
0.000477157
0.000634901
0.000501769
0.000394984
0.000752333
0.000286016
0.000421656
3.47219e-05
0.000304152
0.000719361
0.000219488
0.000584332
5.42167e-05
3.58094e-05
0.000217388
0.000425829
0.000665269
0.000224592
0.000450306
0.000292235
8.24125e-05
7.4173e-07
3.71863e-05
0.000584851
0.000460884
0.000130225
8.92246e-05
0.000365996
0.000720487
0.000651605
0.000156349
0.000546468
6.91368e-05
0.000274076
0.00070098
0.000264815
0.000548709
0.000306758
8.79183e-05
0.000604499
0.000430932
0.000349295
0.000619753
0.000537444
0.00102626
0.000574866
0.000671536
5.63586e-05
4.64061e-05
0.000121326
0.000176013
0.000280117
8.93349e-06
0.000192714
0.000125729
8.79047e-05
0.000499301
0.000103843
1.34905e-05
5.24253e-06
2.81749e-05
5.74843e-05
0.000148892
0.00042265
0.000112965
0.000246327
0.000366774
0.00057762
0.000175883
0.000264732
0.000304464
0.000649713
0.000370086
0.00013759
1.30171e-05
1.69191e-07
0.000470959
0.00034644
5.16379e-05
0.000698103
0.000335017
8.61251e-05
6.67207e-05
0.000617489
4.28565e-05
0.000347433
0.000282684
0.000195797
0.000262577
0.000330114
5.56113e-05
4.27915e-05
0.000151902
0.000364038
0.00063842
0.000525398
0.000286236
1.5249e-05
0.000136518
8.54838e-06
7.54461e-06
7.77615e-05
0.000204253
0.000549817
9.65413e-06
7.46274e-05
0.000338586
0.000490779
0.000663179
0.000372456
0.000546511
0.000733847
0.000406268
0.00048017
0.000658927
1.1111e-05
0.000392723
0.00044431
0.000414567
0.000401774
0.000260823
4.14599e-05
0.000161561
0.000116401
0.000594437
0.000151364
0.000246788
0.000371796
0.000241486
0.000324349
0.000619833
0.000248933
0.000552888
0.000573044
0.000313541
0.000278373
0.000416609
0.000391696
0.000523801
5.1383e-05
0.000135157
0.000643072
0.000152348
0.000555399
0.000414892
0.000480328
0.0005365
0.000388451
0.000461333
0.000222758
0.000583661
0.000782513
0.000555939
0.000272344
0.000573402
0.000548624
8.93834e-05
0.00074978
0.000671885
0.000159079
0.000165766
0.000319267
0.000684661
0.000191606
0.00020052
2.84809e-05
0.000332609
0.000277535
0.000192283
0.000624306
7.38205e-05
0.000140511
0.000689397
0.000468754
9.15326e-05
0.000600226
0.000600296
0.000480573
0.00034635
0.00051049
3.94914e-05
4.46041e-05
3.01049e-05
0.000151671
0.000235087
0.00014535
0.000276621
0.000505711
5.42833e-05
1.03732e-05
2.36809e-05
4.3236e-05
0.000206849
0.000311887
0.000584179
0.000133556
0.000334996
1.8948e-05
0.000308242
0.000745196
0.0001426
0.00020692
0.000227911
0.000340774
0.000129675
0.000428743
0.00063509
0.000199583
0.000182323
0.000620552
0.000851018
0.000177365
0.000372173
0.000450921
0.000662212
0.00057969
6.79766e-05
0.000120863
0.000475469
0.000431309
0.000201883
4.0542e-05
0.000591345
0.000617924
0.000163235
0.0005472
0.000382671
0.000545408
0.000215087
0.000334357
0.000734914
9.9581e-05
0.000147677
0.000768479
0.000251764
0.000612977
0.00067074
0.000483681
0.000135217
4.18344e-05
4.53952e-07
0.000238574
0.000175518
0.00051914
0.000161686
0.000199846
0.000315119
0.000332473
0.00075497
0.000165785
0.000890633
0.000532113
0.000267155
0.000177764
0.000732542
0.00017914
0.000181019
0.000357689
0.000136316
0.000282619
0.000203662
0.000262792
5.5411e-05
0.00011686
9.25251e-05
6.25825e-05
0.000167133
0.000149529
0.000331001
0.000160482
0.000280834
0.000157878
0.000800334
0.000458677
0.000609652
0.000501475
0.000539618
4.52826e-05
6.55045e-05
0.000101375
0.000328345
0.000279229
0.00046478
0.000286563
0.000563253
0.00020383
0.000649426
0.000634235
0
6.98813e-05
0.000150199
0.000664351
0.000175297
0.000682852
0.000569425
0.000673907
0.000151426
9.86605e-05
0.000627596
8.7384e-05
0.000122467
0.000539177
0.000478183
0.000267511
3.75104e-05
1.79748e-05
2.06728e-05
0.000157221
0.000123403
3.10596e-05
0.000276924
0.000141846
0.000112768
0.000242156
0.000205898
0.000403492
0.000430248
0.000507248
0.000720662
0.000770153
0.000391764
0.000126028
0.000333693
0.000238264
0.000298619
0.000238931
1.12821e-05
3.16716e-05
4.36702e-05
0.00029544
0.000362433
0.000127747
0.000724688
0.000310941
0.000279714
0.000162186
8.60553e-05
0.000670059
0.000385797
0.000663151
0.000514639
0.000252182
0.00070767
0.000101041
3.18464e-05
0.000299362
0.000577375
0.00052107
0.00056921
0.000313042
0.000539518
0.000482102
0.000137821
0.000231615
0.000226078
0.000111645
0.000646607
0.000767824
0.0006144
0.000148316
0.000500106
0.000471881
4.21548e-05
0.000299284
4.33656e-05
0.000390073
0.000133668
0.000123544
7.71881e-05
0.000107054
7.99097e-05
0.000375587
0.000560442
0.000148885
0.000602387
0.000104852
0.000346902
0.000140066
1.72146e-05
9.34657e-05
0.000168668
0.000154536
0.000323798
1.03616e-05
0.000199546
0.00024519
0.000491386
8.60889e-05
0.000423517
0.000129349
0.000214147
0.00016117
2.48809e-05
0.000389924
9.0505e-06
0.000205003
0.000432513
0.000111791
0.000790248
0.000520307
0.000847768
7.74965e-05
0.000199734
0.000734166
0.000431618
8.0082e-05
0.000105031
7.96214e-05
0.000480649
0.000335709
0.000455855
0.000106654
0.000353306
0.000479001
0.000649975
3.73409e-06
1.47013e-05
3.23594e-05
4.22937e-05
0.000634011
0.000487181
0.000523316
0.000365975
0.000691679
0.000569232
0.000240558
0.000139311
7.92718e-05
0.000401274
0.000195509
0.000193192
0.000140157
0.000361423
0.00057164
0.000384047
0.000521048
0.000565383
0.000306821
0.000324023
0.000578644
0.000382507
2.57173e-05
0.000185929
0.000108474
0.000808306
0.000235776
0.000193842
0.000289187
0.000279041
1.26753e-05
5.4349e-05
0.000135238
9.79395e-05
0.000154045
0.000330377
0.000430455
0.000663689
0.000479575
7.15813e-05
0.000443037
5.37711e-05
0.00036638
0.000256808
0.000245223
4.21667e-05
6.83456e-05
4.02438e-05
0.000418163
0.000254991
0.000213696
0.000136372
0.000124039
0.000117191
0.000103032
0.000711789
0.000313058
4.37558e-05
0.000218161
0.000347524
0.00049639
0.000389941
0.000256103
0.000111505
0.000118641
5.15823e-05
3.14579e-05
0.000246144
0.000481276
0.000366945
6.63601e-05
9.54891e-06
2.95556e-05
0.00030817
0.000425035
0.000462997
0.000386486
4.60713e-05
0.000143191
8.36377e-05
4.35332e-05
0.000186015
0.000114298
0.00018591
0.000284033
0.000212621
0.000422197
9.34602e-05
5.99713e-05
7.50114e-05
0.000257263
0.000676166
0.000820958
9.15571e-05
8.65067e-05
0.000210412
0.00042316
0.000518408
0.000976502
0.000269379
0.000299579
0.000162795
0.000280983
4.83191e-05
0.000124086
0.000437519
0.000215787
0.000149315
0.00047591
0.000868313
9.59922e-05
5.84772e-05
0.000208727
0.000443152
7.59933e-05
0.000572926
0.000270534
0.000339274
0.000435671
0.000268491
5.92553e-05
0.000883468
0.000548613
0.00044073
0.000172757
0.000120901
0.000367417
0.000605939
0.000602662
0.000410308
0.000830099
0.000293879
0.000173693
3.11821e-05
0.000250132
0.00051302
0.000204662
0.000140871
0.000327303
0.000516262
0.000151748
0.000340979
6.77e-05
0.000148558
1.42903e-05
0.00013302
4.75944e-05
0.000578105
8.84391e-06
0.000196157
0.000386035
0.000376682
5.39465e-05
2.05154e-05
1.5766e-07
9.79792e-05
0.000315321
0.000340338
0.000222861
0.00035897
0.000478701
0.00036905
0.00033914
0.000456986
3.8317e-06
0.000446152
0.000339121
0.000316947
9.7931e-05
0.000317116
0.000576484
0.000263249
0.000234997
0.000370701
0.000565252
0.000237255
0.000131419
0.00064562
0.000531735
0.000294386
0.000276046
0.000282927
0.000329503
0.000172061
0.000546369
0.000270814
0.000399167
0.00045722
0.000188905
3.17647e-06
0.000137344
7.16712e-06
0.000390651
0.000222471
0.000101977
0.000368361
0.000357517
0.000541164
6.68466e-05
7.56528e-05
8.32166e-05
6.46161e-05
1.66083e-06
5.31705e-05
5.09074e-05
1.77614e-05
0.00011976
0.000140765
0.0005313
0.000234179
0.000367082
0.000354079
7.59422e-05
8.47373e-05
0.000238223
5.3389e-05
0.000264665
0.000442273
9.78197e-05
1.24424e-06
5.61199e-10
4.53306e-05
3.35356e-05
0.00041984
0.00014366
0.000683975
7.14978e-05
0.000608016
0.000458746
0.000324959
0.000287384
0.000395153
8.9353e-05
0.000196185
7.25843e-05
0.000106105
0.000121663
0.000101046
0.000284359
2.05756e-05
3.79532e-05
0.000564681
0.000446786
0.000172953
7.93275e-05
3.69711e-05
0.000144598
7.55345e-05
6.9444e-05
0.000156498
9.42273e-05
0.000474866
0.000158536
0.000140776
7.92069e-05
1.71324e-05
1.00858e-07
8.42524e-05
9.95322e-05
0.000308513
0.000189672
0.000810197
0.000337353
0.000317812
0.00033791
0.000375254
9.93331e-05
0.000314878
0.0002329
3.85009e-06
0.000762209
0.000612932
0.000225815
5.72282e-05
6.23616e-06
0.000186351
0.000135595
2.80508e-05
0.000106843
8.89173e-05
0.000113225
8.38414e-05
0.00012751
0.000175372
0.00041713
0.000524951
0.000579518
0.000523397
0.000717879
0.000512309
3.32136e-05
0.000341263
0.000208596
0.000485368
0.000436875
0.000429428
0.000876265
0.000360491
0.000372191
0.000265919
0.000328796
0.000379233
0.000322371
0.000415754
0.0001726
5.89551e-05
3.26963e-06
0.000703894
0.000206081
7.12711e-05
0.000593446
0.000336787
0.000305289
0.000247596
0.000689589
0.000298567
0.000911546
0.000677746
0.000785726
0.000868694
0.000117541
8.03795e-05
0.000390925
0.000267303
0.000149294
0.000285726
0.000751974
0.000519104
0.000525029
0.000255904
0.000260967
0.000583037
0.000350657
0.00013122
0.000194524
0.00055719
0.00019395
0.000605468
0.000284016
3.83956e-05
0.000640242
7.46591e-05
0.000140513
0.000242502
0.000236456
0.0002364
0.000301534
0.000353103
6.2923e-05
4.20458e-05
4.86545e-05
0.000150437
3.00759e-05
0.000358296
4.15859e-05
0.000394276
4.23496e-05
0.000225647
0.000330391
6.60204e-05
0.000132316
6.39063e-05
0.000263471
0.000510075
0.000135506
0.000118332
0.000158233
4.65624e-05
9.16797e-05
0.000172426
0.000306922
0.000231886
0.000184469
0.000154268
7.029e-05
0.000457529
0.000580115
0.000217662
0.000333505
0.000312412
0.000178701
8.3143e-05
0.000325454
0.000512009
2.28034e-05
0.000492868
0.000578936
0.000319139
0.000711913
0.000269631
0.000769775
0.000366536
0.000682623
0.000336579
1.72306e-05
0.000551104
0.000232164
0.000213265
0.000326207
0.000206011
0.000230657
0.000226703
0.000477096
0.000396806
0.000126788
0.000646084
0.000610454
0.000802693
0.000423762
0.000525523
0.000129289
0.000118459
5.63247e-05
0.000797122
0.000212984
0.000514288
0.000203614
0.000452065
0.000214282
6.8305e-05
0.000187346
0.000665577
0.00043717
0.000251215
0.000151647
0.000217867
1.13827e-05
0.000388792
0.000375468
0.000509401
0.000483647
0.000330312
0.000492272
0.000120153
1.87297e-06
0.000374184
0.000364597
0.000320262
1.16005e-05
0.000838051
0.000445152
0.000198361
0.000488478
0.000306607
0.000306122
0.000475773
0.000345095
0.000165095
0.000215475
0.000178267
0.000359664
0.000463225
0.00040792
0.000288779
0.00011859
5.3468e-06
7.98028e-06
1.15046e-05
0.000207431
7.11438e-05
3.12147e-05
6.43546e-05
0.000257025
0.000636422
0.000121633
0.00017499
6.20622e-05
2.85545e-06
1.5146e-05
0.000486
0.000195286
0.000118567
0.000111748
2.12101e-05
3.35508e-06
0.000229219
0.000192705
0.000172641
9.1377e-06
2.90547e-05
0.000221974
0.00051019
0.00072361
0.000525341
0.000399944
0.000435333
0.000463227
0.000109733
0.000490235
0.000679997
0.000763938
0.000492879
0.000502633
0.000456079
0.000686135
0.000344402
0.000145947
3.06905e-06
0.000234892
0.000579417
0.000388108
0.00033017
0.000295716
0.000382416
0.000785936
0.000473795
0.000123243
8.66964e-05
4.95281e-05
9.02494e-05
0.000234709
0.000409879
0.000138792
3.5998e-05
2.12959e-05
8.79296e-05
0.00011622
9.81969e-05
0.000241871
0.000528569
0.000196292
0.000451071
0.00022123
2.99788e-05
0.00014623
0.000135128
0.00017584
0.00076029
0.000151308
0.000132796
0.000128838
0.00029943
0.000432819
0.000197597
0.000757831
6.64247e-05
0.000150788
0.000468006
8.61343e-05
0.000369077
0.000131767
0.000135035
0.000488822
0.000473859
0.000476248
9.67299e-05
0.000234298
0.000163714
0.000236378
0.000536362
0.000342246
0.000577336
0.000442032
0.000588818
0.000554612
8.01416e-05
0.000981857
0.000778616
9.97535e-05
0.000410919
0.000354559
0.000194799
0.000676217
0.000300819
0.000399814
0.000261985
0.000144903
2.74895e-05
5.36459e-05
0.000630136
0.000615108
0.000674384
0.000198464
0.000508584
0.000448674
0.000472488
0.000438775
0.00053488
0.000105178
0.000819007
3.40917e-05
0.000196428
0.000252388
0.000126643
0.000369318
0.000814128
0.000381792
0.0005057
0.000216783
0.000462081
0.000427601
0.000170725
0.000284123
0.000225269
0.000582034
0.000342507
0.00017695
0.000498992
0.00013058
1.9955e-05
2.42851e-05
0.000136295
0.000251291
8.70208e-05
0.00053657
2.80641e-05
0.000265498
0.000325572
0.000356911
0.000238359
1.9257e-05
0.000161804
4.45326e-05
3.25293e-05
2.96773e-05
0.000541551
0.000444171
0.000332478
0.000547373
0.000161284
0.000284386
0.000210352
0.000186523
6.51231e-05
0.000317955
0.000543558
0.000292377
0.000379014
4.47682e-05
0.000124852
0.000280514
0.000146337
0.000212959
0.000305348
0.000457717
0.000352645
9.82497e-05
0.0001751
5.28506e-05
0.000235035
0.000319999
0.000314019
0.000251211
0.000527045
0.000374445
0.000438029
0.000235372
3.79968e-05
0.000503383
0.000260811
0.000239517
0.00088822
0.000228813
0.000299781
0.000388552
0.000831081
0.000373801
0.000606495
0.000110114
0.000558425
0.000477274
0.000755996
0.000539757
6.99356e-05
0.00031519
0.00104485
0.000370807
0.000430755
0.000305921
0.00043729
0.000310817
7.00343e-05
0.00011478
0.000605058
0.000167692
0.000745534
0.000762181
0.000142219
2.67678e-05
5.55765e-05
0.000105371
0.000387027
0.000455127
0.000273092
0.000279498
8.94407e-05
7.64476e-05
0.000208941
0.000189175
0.000402146
0.000236141
0.000401925
8.21874e-05
0.00086986
9.8381e-05
2.41672e-05
0.000173121
6.1169e-05
0.000566424
2.65205e-05
6.37657e-05
0.000103999
0.00016354
0.000491305
0.000414407
0.000418648
0.000123351
7.29243e-05
0.000232305
0.000198481
5.16784e-06
0.00032711
0.000225168
0.000255117
0.000154481
0.000684465
0.000564212
0.000396064
0.000485966
0.000517048
0.000272933
0.000446679
9.65385e-05
0.000449163
0.000469589
0.000379758
0.0008013
0.000100862
0.000458211
9.08287e-05
0.000247593
0.000402958
0.000867277
0.00106177
0.000319909
0.000236325
3.86366e-05
3.87892e-05
0.000415054
6.78854e-05
6.84173e-05
0.000156576
0.000326652
0.000601573
0.000557712
0.000384527
0.000178148
0.000220898
0.000333816
6.59674e-07
9.13606e-05
0.000167816
3.49538e-05
0.000236499
0.000368424
0.000464245
1.57695e-05
6.08344e-06
0.000160483
0.000592229
0.000461018
0.000166186
0.000434244
0.000259527
0.000100776
0.000125916
2.64139e-06
9.43281e-05
0.000347293
0.000534569
0.000244652
0.00046132
0.000745589
0.000292352
0.000670664
0.000619224
0.000473053
0.000418204
0.000447598
0.000445999
0.000323658
0.000153858
7.88672e-05
0.000327134
1.18344e-05
0.000323459
0.000219672
0.00032601
0.000336953
0.000255847
0.000533713
0.000858313
0.000118721
0.000473356
0.000331851
0.000609439
0.000416163
0.000318817
0.00037375
0.000211924
9.29676e-05
0.000559489
0.000312593
0.000353494
8.21142e-05
0.000281494
0.000187169
0.000648737
0.000210403
0.00038915
0.00045478
0.00100659
0.000464729
8.85772e-05
0.000831393
0.000175673
0.000357681
8.88466e-05
0.000145185
0.000192605
0.000746311
0.000719988
0.000482883
0.000825353
0.000639464
0.000295005
0.000360017
0.000569842
0.00027748
0.000521733
0.000663146
0.000774912
0.000931191
0.000139087
0.000241592
0.000257342
1.85459e-05
0.000695669
0.000128624
0.000281572
0.000558314
0.000425768
0.000243858
0.000238487
0.000475531
1.38629e-05
0.00011311
0.000722345
0.000207218
0.000215566
0.000109123
3.69785e-05
0.000234518
0.000134756
7.89557e-05
0.00043425
0.000336218
0.000118693
5.21337e-06
2.79401e-05
0.000374603
0.000107404
7.11022e-05
7.23264e-05
6.55567e-05
0.000162693
0.000118421
0.000197978
0.000141381
0.000787459
1.61675e-05
0.000603253
0.00045213
0.000871357
0.000371662
0.000576471
0.000519811
0.000464832
0.000630193
0.000170808
0.000831542
0.000725318
0.000142896
0.000388785
0.000255732
0.000627741
0.000269764
5.54781e-05
3.8825e-05
0.000180006
0.000884942
0.0002345
0.000299164
0.000181702
7.06518e-05
4.13605e-06
5.73649e-05
4.12348e-05
0.000267569
3.50024e-05
2.40085e-05
0.000180409
0.000335039
0.000258358
0.000249992
0.00053039
0.000436498
0.000369328
0.000348857
0.000425218
0.00027037
0.000365185
0.000305194
7.91312e-05
0.000135645
0.000597068
0.000177039
0.000626633
0.000188366
0.000468584
0.000366294
0.000600985
0.000197921
0.000389239
0.000105982
0.000343459
0.000460118
0.000357233
0.000393559
4.45707e-05
1.37708e-05
0.000695707
0.000401698
6.29016e-05
2.87084e-05
0.000346554
0.000458438
0.000132202
2.66017e-05
0.00032237
0.000597013
0.000199918
0.000192153
7.69225e-05
0.000191524
0.000382443
0.000259215
0.000535615
0.000413286
0.000110347
0.000509575
3.40913e-06
0.000105976
0.000469423
0.000583207
0.000353741
0.000674129
0.00070238
0.000294306
0.000343078
0.000460886
0.000490925
0.000327623
0.000490962
7.0323e-05
0.000250103
8.69343e-05
0.000171938
0.000690569
0.00040325
0.000513486
0.000404668
7.41345e-05
0.000489111
0.000474772
0.000244579
0.00030215
0.000188798
0.000521802
0.000390033
0.000491013
0.000659938
0.000477156
0.000386634
0.000164524
0.00068872
0.000350834
9.27364e-05
0.000499726
0.000286792
0.000376646
0.000237153
0.00046378
0.000538143
6.91533e-05
0.000365886
0.000245968
0.000717977
8.56766e-05
0.000184121
0.000446552
0.000355221
0.000604571
0.000390799
0.000144318
3.68691e-05
0.000403873
0.000183593
0.000231956
0.000440776
0.000415171
0.000334767
0.000340971
0.000182496
0.00038345
0.000313451
7.53088e-05
9.93719e-05
0.000181045
9.09178e-05
0.000198771
0.000283504
0.000219142
0.00043576
0.000502429
0.000318336
0.000509586
0.000694569
0.000594701
0.000116273
4.90853e-05
0.000323487
0.00012429
2.38575e-05
3.20548e-05
0.000237917
0.000109159
0.000452261
0.00010987
2.91926e-06
0.000111256
0.000216786
0.000122237
1.89894e-05
0.000618315
0.000377202
0.000707832
0.000331851
0.000699147
0.000192075
0.00020264
2.8039e-06
0.000140651
0.000787874
0.000461743
0.000277207
0.000202448
0.000421513
0.000362595
0.000516502
4.38997e-05
0.00046529
0.000356344
0.000689654
0.000163544
0.00047716
0.000603371
0.000675638
0.000189292
0.000295268
2.09735e-05
1.08966e-05
2.21413e-05
0.000110833
0.000638301
5.2604e-05
0.000420252
5.04516e-05
0.000606522
0.000352373
0.00047353
0.000673093
0.000772587
0.000571841
0.000574517
0.000457013
0.000839137
0.000515878
0.000659456
0.000196548
0.000708387
0.000126076
0.000235205
0.000234362
0.000392117
0.000463328
0.000321189
0.000181949
6.99216e-05
4.22174e-05
0.000291235
0.000822944
0.000150602
0.000670782
0.000511946
0.000118497
8.57823e-05
0.000512316
0.000523031
0.000509342
0.000398765
1.4986e-05
0.00040785
0.000541908
0.000407421
0.000477753
0.000200978
5.78145e-05
0.000375529
0.000269173
2.76476e-05
0.000138438
0.000146322
0.000462323
0.000215608
0.000123082
0.000257612
0.000760824
0.000495189
0.000452967
0.000592164
0.000587215
0.00019593
2.09418e-05
0.000319622
0.000262093
0.000569693
0.000607231
0.000389517
0.000238281
0.0006696
0.000196717
0.000589187
0.000590438
0.000348282
0.000295219
0.000483286
0.000478745
0.000633105
2.73408e-05
5.87893e-05
1.67666e-07
4.16164e-05
0.000440926
0.000694958
3.75461e-05
8.64345e-06
8.05612e-07
0.000661106
0.000624998
0.000401824
9.76379e-05
0.000454251
0.000137704
0.000243357
0.000385377
4.78364e-05
0.000136893
0.000315584
0.000167062
0.00017739
0.000639949
0.000502626
0.000738098
0.000162135
7.91917e-06
0.000482767
0.000996287
0.000419289
0.000665792
0.00023817
7.81017e-05
0.000196137
9.88261e-05
0.000210603
0.000339463
0.000504273
0.000777747
0.000843941
0.000452692
0.000186132
0.000195151
0.000485311
0.00045553
0.000339219
0.000515826
3.50076e-05
0.000416036
5.63821e-05
2.82304e-05
0.000237724
0.000468297
6.36167e-05
9.36551e-07
0.000448101
0.000145055
3.09695e-05
0.000462394
0.000724095
0.000780708
0.000201063
0.000217058
0.000730221
0.000104528
0.000189387
2.31232e-05
8.11137e-05
0.000187299
7.4634e-05
0.000706577
0.000400608
0.000429826
0.000104559
4.19178e-05
0.000187832
0.000137017
0.000349384
0.000450687
0.000230861
0.000404393
0.000772504
0.00026234
0.000271848
0.000457092
0.000314611
3.57283e-06
2.33169e-05
4.27201e-05
0.000152079
0.000518386
0.000281763
9.71529e-05
0.000125578
5.07231e-05
8.10811e-05
4.98048e-05
0.000383911
0.000113738
0.000372624
0.000468878
0.00038299
0.00057512
0.000205588
1.43226e-05
2.43759e-06
0.000193001
0.000426365
0.000244252
0.000430739
4.40508e-05
0.000352401
0.000112141
0.000322853
0.000243282
0.000234672
0.000668095
0.000100241
0.000381713
9.31446e-05
0.000606466
0.000595562
0.000703126
0.000192926
0.000265076
9.66583e-05
0.000363715
0.000344751
0.000484815
0.000573827
0.000422272
0.000344415
0.000573864
0.000543896
0.000223009
0.000562071
0.000236303
0.000225423
0.000113395
0.000254678
0.000472411
0.000754139
0.000559175
0.000187136
0.000407615
5.81615e-05
5.37571e-05
7.87561e-06
0.00011145
8.44889e-05
0.000111858
0.000335807
0.0003463
8.87811e-05
0.000128375
0.000264804
0.00050401
0.000280947
0.00032112
2.53926e-06
1.46021e-05
0.000187972
0.000326563
4.35107e-05
0.00112167
0.000266925
0.000788492
0.000369683
9.26282e-06
0.000284512
0.00013377
0.000296729
0.000404716
0.000204901
0.000453462
0.000421125
0.000402723
0.000484227
0.000331928
0.000616782
0.00010546
0.000241155
0.000310237
0.000147742
0.000301005
0.000379151
0.000258977
0.000260382
0.000676238
0.000124117
0.000150342
0.000290388
0.000351359
5.98937e-05
8.88503e-05
0.000166872
0.00020385
1.74185e-05
0.000130183
0.000325783
0.000559747
0.00040066
3.94579e-05
0.000144152
0.000297642
1.06361e-05
5.45577e-05
0.000281635
9.83467e-05
0.000539552
0.000414473
0.000423244
0.000468512
0.000148428
0.00019225
0.000500659
0.000340648
0.000133852
0.00014944
0.000111635
8.22034e-05
0.000176907
0.000177898
7.04946e-05
9.77599e-06
8.2727e-05
0.000603467
0.000493201
6.36077e-05
9.20943e-05
0.000202542
0.000417068
0.000169015
0.000196181
0.000497978
0.000395803
0.000432944
0.000385006
0.000100956
0.000273778
0.00023859
0.000152557
0.000156299
0.000782793
0.000507125
0.000956083
9.07933e-05
0.000218374
0.00032936
0.000398675
0.000179209
0.000888086
3.8924e-05
0.000125333
8.10209e-05
0.000307799
6.12849e-05
0.00034394
0.000531849
0.000352402
0.000246575
0.000105456
0.000184569
0.000172412
0.000167084
0.000896459
0.000442179
0.000318504
0.000469976
0.000195539
0.000110816
0.000341215
0.000264946
0.000288401
0.000656499
0.000559824
0.000284938
0.000646774
0.00039597
0.000634625
0.000497704
0.000561556
5.38709e-05
0.000227754
0.000222422
0.000196299
0.000692842
6.5719e-05
0.000107698
0.000520496
0.000314327
0.000527859
0.00022155
0.000213258
0.000453736
0.000385899
0.000115444
0.000173771
0.000321034
0.000315567
0.000423927
0.000155002
0.000674499
0.000143929
0.000416131
0.000270026
0.000412255
0.000497991
0.000281709
0.000329632
2.79513e-05
0.000493078
0.00059501
0.000785397
0.000445113
0.000473523
0.000375472
1.81631e-05
0.000105423
4.78554e-05
0.000588385
0.000295573
0.000107984
0.000409308
0.000306076
0.000685677
7.39586e-05
0.000573853
2.78595e-05
0.000300574
0.000362682
0.000337009
0.000401727
0.000113625
0.000231974
0.000335904
0.000841137
0.000171846
0.00012585
0.000569809
0.000438462
0.000883373
0.000877817
0.000484698
9.55993e-05
0.00017588
0.000243475
0.00012332
0.00034986
0.000539748
0.000275307
3.14154e-05
2.97555e-05
2.4275e-05
0.000360064
0.000103975
0.00015368
0.00033941
0.00067306
6.19234e-05
7.39506e-05
0.000262289
0.000545745
0.000492813
0.00046553
0.000491782
0.000348323
0.000751912
0.000638613
0.000588538
1.58706e-05
5.06621e-06
3.64236e-05
5.44561e-05
0.000159048
0.000234808
0.000583975
5.99997e-06
0.000381269
0.00052531
0.000469916
0.000543856
0.000143409
0.000235129
0.000321284
0.000346132
0.000566266
0.000347078
0.000180915
0.000146243
9.8497e-05
6.29438e-05
0.000902482
0.000268287
0.000833747
6.6165e-05
4.25269e-05
0.000205628
0.000120253
0.000386959
0.000108445
2.54181e-05
0.00019583
0.000269709
9.84656e-05
8.56751e-05
8.40465e-05
0.000143431
0.000346787
1.42655e-06
4.1763e-05
0.0002414
0.00014864
0.000639524
0.000321329
0.000730517
0.000375321
0.000125878
0.000385803
0.000125912
0.000337741
0.000302282
0.000129255
0.000105088
5.70272e-05
0.000609066
0.000452631
0.000298643
0.000274766
0.000305872
9.76776e-05
0.000217217
0.000711378
0.000236204
0.000358083
1.24851e-05
3.17053e-05
0.000484442
0.000415603
4.05283e-05
0.000134945
8.60088e-05
0.000247274
0.00015676
0.000368675
0.000212606
0.000629217
0.000456692
0.000368507
0.000664726
0.00014238
0.000236172
9.84301e-05
1.1754e-05
7.07688e-05
0.000275563
0.000230402
3.31329e-05
0.000890007
0.000218298
0.00015734
0.000396927
0.00015039
6.1554e-05
3.27847e-05
0.000356384
0.00022107
6.76785e-05
0.000260344
1.03348e-05
6.32434e-05
0.000520439
0.000309233
0.000617045
0.000392852
0.000541064
0.000740046
0.000176519
0.000290614
0.000122557
0.000301996
0.000115464
7.59535e-05
0.000251213
0.00021558
0.000116571
4.3506e-05
0.000318654
0.000434872
0.000225055
6.28283e-05
4.58046e-05
0.000314726
0.000384271
0.000417257
0.000161575
0.000274995
0.000394718
0.000367828
0.000519471
0.000225151
0.000131705
0.000416983
0.000585516
0.000288883
0.000206701
0.000561481
0.000377052
0.000454544
3.14073e-06
0.000149153
0.000169375
7.62229e-06
0.000173019
6.86961e-05
0.000586617
0.000184761
0.000474248
0.000553662
0.000538064
0.000330386
0.000139787
0.000258639
0.000389304
0.000408909
0.000205142
0.000167646
0.000279919
5.58236e-05
0.000730787
7.8555e-05
0.000183959
0.000563175
0.00010052
0.000410524
0.000136804
0.000161927
0.00033926
0.00051807
0.000455925
0.000266787
0.00047242
0.000237091
0.000781008
0.000506892
3.40735e-05
0.000230123
2.13905e-05
0.000318109
0.000242045
0.000353445
0.000196151
0.00056732
0.000302327
0.00030323
0.00058221
0.000307577
0.000213138
0.000391461
0.000387433
0.000324338
0.000222402
0.000218307
0.000411821
0.000529478
0.000308794
0.000141133
0.000285246
6.94198e-05
5.1093e-05
5.53012e-05
3.70255e-05
0.000382292
9.66259e-06
4.5383e-05
3.18057e-05
0.000151996
4.25601e-05
2.94292e-05
0.00041864
0.000372257
3.76538e-05
0.000504369
0.000336242
0.000381589
0.000532766
0.000224256
0.000474536
0.000144744
4.73863e-05
0.00011902
0.000311993
0.000457686
0.000543072
0.000826106
7.64019e-05
2.50851e-05
0.000175782
0.000569778
0.000434065
0.000131211
0.00011049
8.78667e-05
0.000348117
0.000343423
0.000388047
0.000378885
0.000290782
0.000327647
0.000475884
0.000352617
0.000231529
0.000667961
0.000561396
0.000496066
8.65986e-05
0.000430068
0.000552673
0.000349655
4.34705e-07
3.38645e-05
0.000459831
0.000232707
0.000158416
6.74753e-05
9.71803e-05
0.000306094
0.00074681
0.000699214
0.000393933
0.000364133
0.000251996
0.000398405
0.000356894
0.000358461
3.91689e-05
0.0003754
0.00041995
0.000600027
0.000239604
0.00063412
0.000659291
0.000635679
9.7378e-06
0.000123976
0.000366381
0.000369338
0.000646358
4.14646e-05
9.81859e-05
0.000209336
4.24264e-05
0.000418197
0.000348235
0.000411373
4.38112e-05
0.000278779
5.76171e-05
3.24198e-05
0.000383872
0.00052171
0.000460013
0.000117484
0.000203479
3.72139e-06
6.53984e-05
0.000678921
0.000570132
0.000399758
0.000611102
8.16524e-05
0.000209686
0.000744879
6.31609e-05
0.000139038
0.000509608
0.000526962
0.000327769
6.82817e-06
0.000399669
0.000587379
0.000268884
0.000430891
0.0003496
0.000465316
0.000502753
0.000928841
0.000263342
0.000445941
0.000182653
0.000369446
0.000332716
0.00033175
0.000898034
0.00042946
9.35881e-05
3.14551e-05
0.000257707
0.000219197
0.000256404
0.000140558
1.21861e-05
0.000690574
1.12574e-05
5.03075e-06
0.000100777
0.000267042
1.5079e-05
0.000167604
0.000177518
0.00047119
0.000349461
0.000226795
0.000544582
9.8815e-05
0.000785913
0.000282667
0.000372691
0.000345745
0.000303001
0.000645684
0.000197007
0.00023324
0.000169391
0.000434241
0.000309515
0.000609033
0.000429504
0.000172187
0.000310189
0.000224571
0.000467815
0.000457104
0.000171522
5.39298e-05
2.23597e-05
0.000148682
0.000577272
0.000449414
6.68529e-05
9.44582e-05
0.000234419
0.000197244
1.76197e-06
0.000165168
0.000140452
0.000287779
7.66298e-05
0.000294816
0.00029528
0.000371413
0.000189542
0.000297344
0.000104969
7.11019e-05
1.79064e-05
7.95918e-06
5.77825e-05
2.23356e-05
0.000211271
0.000312883
0.00011779
1.19669e-06
0.000184745
3.55911e-06
0.000807742
0.000263424
0.000628115
0.000248047
0.000309502
0.000554035
0.000613224
0.000629821
1.31377e-05
8.07101e-07
0.000578526
0.00051363
4.23553e-05
1.15221e-05
9.84143e-05
0.000140414
0.000434528
0.000766203
0.000155442
0.000123946
4.89712e-05
1.37753e-05
2.11432e-06
5.16373e-06
6.07446e-05
0.000193992
0.00043386
0.000721599
0.000418395
0.000706144
0.000136719
0.000252103
0.000142734
0.000261018
9.3403e-06
0.000629015
0.000457513
0.000135053
0.000360717
0.000647952
0.000375989
0.000142296
5.26067e-06
0.000321596
7.7639e-05
0.000160278
0.000105056
6.92759e-05
3.39953e-05
7.59511e-05
3.31578e-05
0.000215456
1.02578e-05
0.00045839
0.000659459
0.000313062
6.54355e-05
0.000146817
4.77719e-05
0.000521435
0.000181427
0.00024522
0.000168574
0.000446786
0.000265828
0.000431731
0.000432357
0.00043374
0.000406554
0.000262153
0.000442418
0.000197043
9.5281e-05
0.000355974
0.000239716
0.0003604
0.00011281
6.28889e-05
0.000167066
0.000198983
0.000254875
4.94915e-05
2.82503e-06
8.70737e-05
0.000205853
0.000312081
0.000632362
0.000592321
0.000110777
0.000169787
0.000160777
9.5719e-05
8.47619e-05
0.000195599
2.62502e-05
0.000158332
1.88226e-05
0.000594183
0.000240447
0.000191247
0.000175354
4.32496e-05
5.69285e-05
0.000264367
0.0002983
7.35671e-05
0.000801684
0.000181359
9.71572e-05
0.00068836
0.000211289
0.000268957
0.000179124
1.14661e-05
6.24603e-05
0.000462739
0.000236522
0.000330531
0.00011705
0.000353845
0.000987146
0.000882373
0.000490805
0.00026795
2.13765e-05
0.000321534
0.000399608
0.000518673
0.00062299
0.000605809
0.000368932
0.000240725
0.000170741
0.000354777
0.000279871
0.000281224
0.000556106
7.1326e-05
0.000185675
0.000266116
0.000222836
0.000245874
0.000287365
0.000725143
0.000467298
0.000319399
0.000148891
0.000167982
0.00023231
0.000225722
0.000272824
6.79159e-05
1.53923e-06
0.000307907
0.000475629
0.000416482
0.000522363
0.00017663
0.000121407
2.11189e-05
0.000695444
0.00064234
8.23912e-05
1.94787e-05
0.000539652
0.000512316
0.000916777
5.04672e-05
0.000203359
0.000796915
0.000216163
0.000432357
0.000340922
0.000301244
0.000412922
9.97775e-05
7.65549e-05
0.000122478
0.000154265
0.000407648
0.000222728
0.000324676
0.000123505
7.88038e-05
3.72842e-05
0.000392135
0.000135145
0.000274522
0.000600477
9.9158e-06
3.84219e-05
7.45486e-05
0.000112728
8.63888e-05
0.000119713
5.38337e-05
0.000134397
4.02626e-05
3.48938e-05
0.000378974
1.51952e-05
0.000328503
0.000244294
0.000541933
5.45965e-05
6.49251e-06
7.74015e-06
5.67912e-07
0.000338877
0.000762521
0.000455142
0.000281264
8.28046e-05
0.000820511
0.0010027
0.000472249
8.49808e-06
9.17993e-06
0.000175038
0.000277599
0.000442071
0.000304971
0.000682993
5.71886e-05
5.13528e-05
0.000172747
0.00046395
0.000321858
1.58281e-05
1.3785e-05
0.000244619
7.21358e-05
5.142e-05
6.70509e-05
3.61197e-05
0.000164174
0.000185989
4.78101e-05
0.000191414
0.000201808
0.00083917
0.000492215
0.000175223
0.000779835
0.000235017
0.000168819
0.00023441
5.66134e-05
6.3052e-05
0.000163008
0.000743973
0.00038475
0.000161641
0.000612995
0.000314665
0.000424093
0.000224791
0.000793797
9.98112e-05
0.000194428
2.7476e-05
7.46721e-05
0.000137176
0.000227167
0.000145733
5.7606e-05
7.13125e-05
0.000583287
0.000158809
0.000181641
0.000379857
0.000358891
2.8487e-05
4.85157e-05
0.000338609
0.000963716
0.000264179
0.000161637
0.000175321
0.000117657
0.000372526
0.000765732
0.000570702
0.000325985
0.000257746
0.000823352
0.000828418
0.000276457
0.000249879
0.000263351
0.000642991
0.000516972
8.59421e-05
0.000111783
0.000447421
0.000261973
0.000123603
0.000193449
4.27382e-05
6.70817e-05
0.000135038
1.14771e-05
0.000407645
0.000496036
0.000437505
0.000498789
0.000438971
0.000331601
0.000358816
0.000143662
0.000181971
0.000482926
0.000105981
4.12334e-05
0.000177891
0.000348562
0.000298092
0.000396409
0.000153126
0.00063932
0.000376876
0.000660561
0.000357453
0.000526002
0.000692993
0.000183838
9.73416e-05
0.000132403
6.72277e-06
0.000187893
0.000146208
1.73213e-05
0.000109308
0.000248259
0.000142605
0.000313331
0.000168303
3.3548e-05
0.000146521
0.000505541
0.000211249
0.00050617
0.000190525
0.000626656
0.000512571
0.000365089
0.000413352
0.000172614
0.000396542
0.000411937
0.000174568
0.000171723
7.97931e-05
3.34884e-06
0.00022351
0.000373724
0.00036147
0.000179548
0.000121553
0.00023395
0.000237539
0.000139534
4.28832e-06
0.000136775
0.00034924
8.65798e-05
0.000191441
4.92486e-05
0.000119129
0.000441769
0.0003065
0.00028453
6.94398e-05
0.000151852
4.71021e-05
0.000163476
0.000360338
0.000469001
0.000201004
0.000235929
0.000483837
0.000369799
0.000601644
0.000627497
0.000504376
0.000268654
0.000415326
0.000104965
0.000305767
0.000272682
0.000141441
0.00027378
0.000146297
0.000362959
0.000444214
0.000696916
0.000324007
0.000371205
0.000107394
0.000197896
0.000105304
4.37689e-05
0.000157705
0.000368215
2.27841e-05
0.000220451
2.15338e-05
0.000641581
0.000318502
0.000601132
0.000434148
0.000675975
0.000360976
0.000183938
0.000281913
0.000241285
0.000111888
0.000645815
0.000311047
4.28699e-05
0.000453923
0.000127273
0.000100071
4.4987e-05
0.000164559
1.03381e-06
9.52311e-06
2.79334e-05
6.57974e-05
0.000577377
4.49906e-06
0.000159978
0.000228402
5.51764e-07
0.00011037
0.000638128
0.000266815
0.000387028
0.000391658
0.000684515
7.23942e-05
0.00020751
8.81487e-05
0.000153665
3.77442e-05
0.000222888
6.02467e-05
0.000776355
0.000295981
0.000144316
5.36197e-06
5.47479e-05
0.000350858
0.000242236
0.000166714
8.35131e-05
0.000525772
5.23002e-05
0.00011885
0.000385844
4.74639e-05
1.2373e-05
0.000295862
0.000432955
0.000332118
0.000393484
0.00056761
0.000594439
0.000586555
0.000220142
0.000357115
0.000125934
0.000172871
0.000141823
0.000133212
4.25855e-05
0.000312586
0.000245764
0.00034476
0.000524304
0.000207546
6.19618e-05
0.000504942
1.35822e-07
0.000160802
0.000158521
0.000425222
0.000261075
0.000219227
0.000444142
5.37779e-05
3.82347e-05
0.000212401
0.000445038
0.000560883
0.000459862
0.000289739
6.21007e-06
0.000139049
0.00019436
0.000425276
0.000358853
0.000148196
6.3542e-05
0.000109714
0.0003267
0.000674327
9.89154e-05
7.61902e-05
3.23951e-05
0.000279432
0.000176293
0.000151187
5.06927e-05
9.3306e-05
0.000151616
9.1216e-06
8.33797e-05
7.91449e-05
0.000261863
0.000418681
0.000289598
0.000549236
1.89756e-05
7.973e-06
0.00024795
0.000246188
0.000241635
0.000256484
0.000263089
6.36556e-05
0.000270481
0.000118359
0.000325441
0.000295231
0.000543046
0.000207219
7.76113e-06
2.72778e-05
0.000180013
2.33e-05
0.000157237
4.65629e-05
0.000304226
0.000379422
0.000723342
0.000181925
1.21818e-05
0.000862623
0.000720991
0.000235933
0.000243423
4.39151e-06
5.96264e-06
1.14879e-05
0.000144228
0.000332498
0.0010477
0.000381169
3.93455e-05
6.97283e-05
0.000515775
0.000616862
0.000679695
8.54483e-05
0.000636798
8.99334e-05
0.000491055
0.000602249
0.000251908
7.45878e-05
0.000412679
0.000596775
5.49241e-07
0.000147348
4.26653e-05
0.000644981
0.000178202
0.000197342
5.39093e-05
7.31173e-05
0.000772047
0.000241935
5.23343e-05
0.000220682
0.000126087
4.42405e-05
0.000110503
0.000264154
0.000481819
0.00033236
9.52017e-05
0.000285236
0.000419853
0.000582783
0.000317949
3.40814e-05
0.000840837
0.000386811
0.000337746
0.000151288
0.000207709
0.000545489
5.09193e-05
0.000334793
8.7979e-05
0.000408555
0.00050452
0.00041394
0.000168049
0.000540323
0.000377695
0.000506258
0.000255157
0.000446403
0.000326444
0.000275192
9.97022e-05
0.000412755
0.000263479
0.000441831
0.000463329
0.000292846
0.000421628
5.15975e-05
0.000544726
0.000429538
0.000200889
0.000415139
0.000199052
0.000533032
0.000373733
0.000520958
0.000248472
0.000565387
3.75125e-05
0.000210292
0.000928857
0.000142819
0.0001583
0.000329195
0.000218885
0.000205686
0.00058804
0.000289666
5.52595e-05
0.000295768
0.000234574
0.000402132
0.000118971
0.000753082
0.000241914
2.34483e-06
4.87898e-05
0.000337545
5.11887e-05
0.000420054
0.000930102
0.000577428
0.000317822
0.00020533
0.000611431
0.000512926
0.000229026
0.000411309
0.000132772
0.000798045
0.00020368
0.000192157
0.000164249
1.32263e-05
0
4.60505e-07
1.41341e-05
5.43942e-05
6.0697e-05
0.000337943
0.000351702
0.000705378
0.000846946
0.000433819
0.000316344
0.000195112
4.55621e-05
0.00032246
0.000477927
0.000355913
0.000785406
0.000547779
5.95766e-05
2.52902e-05
0.000226784
8.71353e-05
0.000302277
0.000105692
0.000429249
0.00036354
0.000521756
0.000293005
0.000363482
0.00050492
0.000521103
0.000328501
0.000290469
0.000189716
0.000178304
8.85932e-05
2.57032e-05
0.000131662
0.000199116
0.000349107
0.000458373
0.000307092
0.000568036
9.3346e-05
0.000139125
0.000192407
0.000258812
0.000702064
6.23812e-05
0.000371726
0.000101705
0.000104312
3.81824e-05
0.000182006
0.000537454
0.000586253
0.000312385
0.000343302
0.000118642
0.000299849
0.000312822
0.000116061
3.47372e-05
0.000273218
0.000434704
6.4956e-05
0.000112112
0.000183843
0.000152148
8.97608e-05
2.91331e-05
0.000135365
6.40227e-05
7.44354e-05
1.91861e-05
0.000308404
0.000104197
0.000439854
0.0001563
0.000275562
0.000286264
0.000116507
4.05876e-05
7.1393e-05
0.000285727
0.000439658
0.000222813
0.000512608
0.00046403
9.8622e-05
0.000537381
0.000192451
0.000728886
0.000527519
0.000734225
0.000288569
5.63729e-05
1.92375e-06
1.31512e-05
0.000581527
0.000824418
0.000512055
0.000329897
0.000269168
0.000580659
0.000116879
8.28661e-05
1.58864e-06
0.000175085
2.48108e-05
0.00029191
5.21907e-05
3.69809e-05
7.76562e-05
0.000273845
0.000643495
0.00014394
5.06159e-05
9.10916e-05
0.000355118
0.000538146
0.000537668
0.000695354
0.000553783
0.000615531
0.000430606
0.000211726
0.000414509
0.00039841
0.000371014
0.000215006
4.72253e-05
0.000747665
0.000386323
0.000603134
9.78794e-05
5.071e-05
0.000176531
0.000132691
5.05379e-05
0.000793171
0.000309502
0.000174869
0.000183687
0.000281889
0.000263731
0.000140309
0.000164422
0.000344526
0.000228686
5.267e-05
8.96887e-05
2.20725e-05
7.94378e-05
0.000166766
2.83523e-05
0.000132435
0.000505761
0.000600741
0.000280572
0.000627883
0.000538
0.000543261
0.000428615
0.000355494
3.16467e-05
0.000378045
0.000261297
8.38335e-05
4.59623e-05
0.000201768
0.000583972
0.000538416
0.000341103
7.21591e-05
0.00043673
0.000398913
0.000607838
0.000377358
7.39541e-05
2.85806e-05
0.000241618
9.6157e-05
0.000709817
0.000286845
0.000853227
7.98778e-05
4.20118e-05
0.000532367
6.77542e-05
4.35906e-05
3.68353e-06
8.68629e-05
0.000563277
0.000583946
0.000172041
0.000144156
0.000503608
0.000111058
7.79999e-05
0.000527073
0.000206542
8.45469e-05
0.000391641
0.000150858
0.000199327
0.000180978
0.000607913
0.000283277
0.000774123
0.000482092
0.000176478
0.000561205
0.000278557
0.000107262
0.000431079
0.000389062
0.000221913
7.68553e-05
4.7077e-05
2.58309e-06
2.99682e-05
0.000385928
0.000101982
0.000564428
0.00048733
0.000595918
0.000342318
0.000172796
0.000381025
0.000168696
0.00043974
0.000220318
4.57835e-05
2.80611e-05
0.000188628
0.00010023
6.58245e-05
0.000370325
0.000192442
0.00026525
6.92056e-06
0.000319812
0.000361288
0.000248596
7.24492e-05
0.000104122
0.000327506
0.000533517
0.000404094
7.73824e-05
0.00053597
0.000158362
6.9872e-05
0.000257272
0.000678395
0.000391061
9.79957e-05
0.000321043
0.000597407
8.55289e-05
0.000314098
0.000234737
0.000208872
0.000349608
0.000256971
0.000420373
0.000734602
0.000423751
0.000114044
4.06447e-05
0.00020247
1.51154e-05
0.000103528
0.000227834
0.000358074
0.000418706
0.000765596
0.000341991
0.000115781
0.000230171
9.50896e-05
0.00017438
0.000620331
4.83968e-05
0.000403339
6.41849e-05
0.00040397
0.000234801
0.000284161
7.17881e-05
0.000225001
0.000223843
0.000481076
6.04146e-05
9.09205e-05
0.000175339
0.00027224
0.000306796
0.00032336
0.000751369
0.000273202
0.000422963
0.000585295
0.000479648
0.000123897
0.000584842
0.000567443
0.000677914
0.000632867
0.000140901
8.84394e-05
0.000464125
0.000512363
0.00063832
0.000436576
0.000267529
0.000306142
5.97547e-05
0.00053644
0.000411387
0.00027605
3.05274e-05
0.000447196
0.000123842
0.00037857
6.90636e-05
0.000771396
0.000937577
0.000112891
5.10113e-05
0.000565095
0.000607262
0.000791014
0.000295503
0.000200625
0.000589782
0.000235948
0.000460538
8.68951e-05
0.000581744
8.92085e-05
0.000240719
0.000110941
0.000169667
0.000107308
0.000386557
0.000411626
0.000565763
0.000295823
0.000338127
0.000392442
0.00042105
0.000791229
0.000184194
2.52922e-05
0.000117602
4.59721e-05
1.54809e-05
0.000332392
0.000225371
0.000422392
0.000279825
0.000621386
6.64167e-05
0.000181001
0.000208174
0.00033367
0.000135218
0.000267051
0.00030019
0.000195636
0.000252515
2.31846e-05
0.000703205
1.71584e-05
7.05715e-05
0.000564997
0.000773727
0.000546256
0.000446129
0.000120996
3.47159e-05
3.97564e-05
0.000162455
0.000230107
0.000420205
0.000448283
0.00024702
0.000155124
0.0005523
0.000265771
0.000102074
0.000350341
0.000180407
5.31308e-05
0.000283264
0.000285616
0.000124718
0.000318194
0.000225327
0.000334966
0.000491484
0.00011022
0.000494274
0.000724663
0.000386464
0.000201577
7.79659e-06
4.17986e-07
0.000318626
0.000186938
0.000630828
0.000137807
3.06247e-05
2.78344e-05
1.52754e-05
0.000139952
0.000412873
0.000284752
0.000281296
0.000108735
0.000133593
0.000260355
0.000217498
0.000391414
0.0001441
5.11733e-05
0.000209264
0.000302172
7.93282e-05
0.000256701
0.000531989
0.000483045
0.000140986
7.68402e-05
0.00029397
0.000420535
0.00053098
0.000636298
0.000473749
0.000498792
0.00054165
0.000422429
0.000239713
0.000252154
0.000376259
0.00019951
4.78288e-05
0.000200902
0.000463783
0.00029677
0.000117481
0.000222838
0.000392261
0.000559767
4.19642e-05
0.000162503
9.6324e-05
0.000670003
0.000312661
0.000223851
0.000186893
0.000403467
0.00012692
0.000139569
0.000412027
6.48536e-05
6.31245e-05
5.53874e-05
2.09517e-05
0.000534423
5.07759e-05
9.46211e-05
7.165e-06
0.000669588
0.000997269
0.00044692
0.000609942
0.0001576
6.40398e-05
0.000218618
0.000383977
0.000122893
6.75888e-05
0.000356687
0.00017594
0.00039586
0.000169359
0.000512355
0.000216227
0.000300594
0.000179387
0.000405437
0.000549296
0.000671461
0.000211491
0.00051178
0.00019953
0.000119016
0.000839304
0.000618836
0.000375667
0.000491811
0.000697555
1.55448e-05
0.000252705
0.000465367
6.28534e-05
0.000130446
0.000231183
0.00049103
5.30432e-05
4.36811e-05
0.000182706
0.0007188
0.000657432
0.00045861
6.50191e-05
4.25631e-05
0.000252349
2.74621e-05
0.00010254
0.000162267
9.53883e-05
4.20897e-05
0.000107036
0.000132836
0.000271695
0.00051811
9.39563e-05
9.75429e-05
0.000378914
0.000137211
0.00036778
0.000521231
9.94292e-05
0.000280956
0.000273565
0.000427279
0.000496731
0.000198993
1.09614e-05
0.000570418
1.19136e-05
3.91853e-05
0.000177017
0.000367058
0.000170913
0.000231288
0.00106349
8.05828e-05
5.65544e-05
0.000412261
0.000210844
0.0006868
0.000693504
5.0922e-05
0.000328495
0.000299325
0.000264209
0.000320358
0.000297993
1.48504e-05
0.00021089
6.6312e-05
0.000276766
0.000190915
8.99421e-05
0.000134497
0.000207689
1.96363e-05
0.000259204
0.000255855
0.000557357
0.000787344
0.000416684
0.000221665
0.000142559
2.65961e-06
3.49328e-05
0.000208238
0.000307717
0.000163708
8.81974e-05
0.000721929
8.84372e-05
0.000137129
0.000175052
0.000283732
8.34841e-05
0.000169357
0.000183627
0.000131226
0.000174741
0.000185933
0.000436387
0.000898833
0.000593121
0.00010256
2.18518e-05
7.82518e-05
2.94064e-05
0.000505701
0.000420205
5.82314e-05
4.13633e-05
0.00028729
0.000287998
0.000276454
0.000305202
0.000431779
0.000436966
0.000358868
1.44917e-05
0.000545663
0.000622381
0.000474064
0.00068957
7.13823e-05
0.000230685
0.000689836
5.1698e-05
2.84776e-05
0.000141705
0.000212896
0.000172649
0.000617741
0.00038613
0.000705358
0.00075539
0.00046162
0.000285079
4.99772e-05
0.000457197
0.000365341
0.00032263
0.000183236
0.000303188
0.000161854
0.000495415
0.000364641
0.0004288
0.000112211
0.000374245
0.000686913
0.000190088
0.000471898
0.000209838
0.000358489
0.000790733
0.000846175
0.000386306
0.000418766
0.000278215
0.000223517
0.000142146
0.000826025
0.000253657
0.000159185
0.00044188
0.000415297
3.5165e-05
0.000423315
0.000240268
0.000396103
0.000373862
0.000256858
4.11462e-05
0.000201091
0.00079785
0.000305028
0.000409159
0.000179919
0.000325711
0.000379727
3.45434e-05
0.000177636
0.000743988
0.000452958
0.000184517
0.00014447
0.000157517
0.00041815
8.57595e-05
0.000263347
0.000434145
0.000130652
8.9802e-05
9.93477e-05
0.000184063
0.000588612
0.000230158
8.04635e-05
0.000298638
0.000101056
3.1922e-05
0.000494524
0.000528993
0.000655278
0.000276377
6.44979e-05
4.14445e-05
0.00022653
0.000198929
0.000918152
0.000191422
0.000243843
3.43905e-05
0.000343613
2.79273e-05
0.000120873
0.00015284
0.000283398
8.09015e-05
0.00043966
0.000489994
0.000357085
0.000311516
2.16439e-05
0.000670338
0.000921085
0.000534761
0.000245272
0.000163955
0.000156728
0.000226072
0.000414198
0.000185293
0.00037925
0.000230561
8.21727e-05
1.24871e-05
5.92769e-05
4.52399e-05
4.53658e-06
0.000266267
0.000195982
0.00047378
0.000217162
0.000167924
8.7508e-05
7.34167e-05
0.000215682
0.000247589
0.000546079
0.000786892
6.97456e-06
0.000599545
0.000726242
0.000300825
0.000313692
0.000556181
0.000411423
0.000200697
0.000299316
0.000614378
0.000282342
0.000645343
0.000599486
0.000488395
0.000357459
0.000166412
0.000814358
0.000450044
0.00023475
0.00048046
0.000629142
0.000218635
0.000477477
0.000193866
4.88891e-05
3.70424e-05
0.000506131
0.000367022
5.70775e-05
0.000351598
0.000572636
0.000115438
5.00573e-05
0.000246091
0.000305921
0.000104961
0.00010751
3.10774e-05
9.95399e-05
3.89314e-05
0.000166987
0.000253982
0.00023985
0.000401088
0.00046395
0.000670009
0.000579578
0.000257944
0.000429037
0.000314583
7.35068e-05
0.000368503
0.000617718
0.000424609
0.000313764
2.9798e-05
0.000120699
9.77134e-05
4.70847e-05
1.02811e-05
2.04089e-05
0.000511302
0.000538985
0.000147161
0.000217411
0.000566294
0.000345843
0.000584551
0.000434153
0.000617822
2.99757e-05
5.34558e-05
0.000293536
0.000460993
0.000242266
0.000615762
0.000267483
4.68602e-06
9.78856e-06
0.000555114
0.000638343
0.000228134
0.000192301
5.445e-06
5.48636e-05
0.000105076
2.8677e-05
2.19929e-05
0.000196939
0.000307129
0.000381572
4.98258e-05
0.000192246
0.000322005
0.000767642
0.000523274
0.000687712
0.000238516
0.000319513
5.59171e-05
0.000583246
9.35381e-06
1.46762e-05
9.74875e-05
0.00035514
0.000612817
0.000611287
0.000188977
0.00034671
0.00011806
0.000716612
0.000680025
0.000736846
0.000228757
0.000180415
6.11549e-05
0.000297816
0.000249727
0.000327327
0.000297648
0.000517131
0.000418502
0.000111108
0.000178279
0.000633143
0.000498791
0.000451181
0.000580646
0.000153843
0.000394905
2.00765e-05
0.000358055
0.000424883
0.000488851
0.000179374
0.000157504
0.00020122
0.000119861
0.000321986
0.000280311
0.000575848
0.000175495
0.000890955
0.000523819
0.000836825
7.97194e-05
6.092e-06
0.000872674
0.000952362
0.000342592
0.000680588
0.000570023
0.0003991
0.000485545
0.000266765
0.000196696
0.000859298
0.000266004
0.000116318
0.000145049
7.95379e-05
4.05123e-05
6.15464e-05
5.0889e-05
0.000117382
0.000168482
3.24628e-05
0.000112197
0.000217403
6.16672e-05
0.000872506
0.000184562
0.00024654
0.000197718
7.87085e-05
4.87899e-05
1.36752e-05
0.000504923
0.000516481
0.000560194
0.0005605
0.000542553
0.000390915
0.000101433
8.15987e-05
4.28677e-05
8.31578e-05
5.75046e-05
3.58642e-05
1.72221e-05
4.08739e-05
2.79615e-05
0.000116839
0.000336834
0.000115439
4.91436e-05
7.60398e-05
4.98949e-05
0.000293804
0.000465659
0.000303158
0.000565143
7.66126e-06
0.000304987
0.000203734
8.01515e-05
0.000233622
0.000273156
0.000273896
0.000327712
0.000195642
0.000317498
0.000514117
0.000452065
9.72759e-05
3.56457e-05
0.000171483
0.000101976
0.000132338
0.000372999
0.000684585
0.000414186
0.000410481
0.000868317
0.000405277
0.000663289
0.000532867
0.000238789
0.000153747
0.000307723
0.000765376
0.000704353
0.000381746
0.000272362
0.000160392
0.000442868
0.000423023
0.000329823
0.000563099
0.000385901
0.000434267
0.000578238
0.000419529
0.000247895
0.000480868
0.000293818
0.000384486
0.000247708
0.000315459
0.000452424
0.000392133
0.00020511
6.49152e-05
0.000163636
0.000451563
9.77378e-05
5.82193e-05
0.000194088
0.000357856
0.000121445
0.00021789
0.000553242
0.000455857
0.000270138
0.000110524
0.000247841
0.00077198
0.000229776
4.88195e-05
0.000203085
0.000686189
0.000393902
0.000175889
0.000416638
1.62858e-05
6.67464e-05
6.13513e-05
0.000111618
0.000585484
0.000221535
0.000516909
0.000296799
0.00042635
0.000380429
0.00035188
0.000498859
0.000589518
0.00034116
0.000300586
0.000278031
0.000204346
0.000266288
0.000270521
1.92696e-05
6.14206e-05
0.00023092
0.000128127
0.000395009
0.000328784
3.09283e-05
0.000798697
0.000705879
0.000296881
0.000132155
0.000333036
3.01073e-05
0.000393712
0.000499275
8.00777e-05
5.98975e-05
0.000272276
0.000811179
0.000480556
0.000124629
0.000163459
0.000320914
0.000489419
0.000420349
0.000350201
0.000542057
0.000607942
0.000178866
0.000283466
0.00023488
0.000186575
0.00054544
0.000616003
0.00036701
0.00050911
0.000700396
0.000268748
0.000226656
0.000682073
0.000722041
8.25275e-05
0.000125995
0.000597713
0.000492162
3.58825e-05
0.00044852
0.000352023
4.93444e-05
0.000776368
8.66534e-05
0.000509995
0.0003332
0.000188488
0.000260525
3.4425e-05
6.49123e-06
0.000126506
0.000350609
0.000421428
0.00028583
0.000108447
0.000612655
0.000925936
0.000544503
0.000168684
0.00050229
0.000695324
0.000782355
0.00030342
0.000599175
0.000105679
0.000532635
0.00065796
0.000226614
0.000853353
0.000837048
0.000164399
0.000385506
0.000200573
0.000322912
8.83444e-05
0.000317621
0.000165634
0.000119049
0.000134646
0.000304485
0.000311278
0.000397016
0.00060003
7.85848e-05
5.55845e-05
1.76332e-05
2.72782e-05
1.36871e-05
0.00034072
8.00672e-05
0.000302299
0.000204002
6.52543e-05
1.84563e-05
0.000183991
0.000333495
0.000408049
0.000504558
0.000397803
0.000311349
0.000187342
0.000564211
0.00056968
0.000681171
0.000158264
0.000235237
0.000168583
0.000607538
5.40935e-05
4.50217e-05
0.000315239
0.000184647
0.000397519
0.000416379
2.43235e-05
1.29333e-05
0.000221351
1.4602e-05
0.000254656
0.000526249
6.38056e-07
0.000196843
0.00062281
0.000546126
0.0001776
0.000265189
0.000273838
3.63404e-05
5.66147e-06
3.91826e-05
2.85856e-05
0.000214361
6.76566e-05
0.000281812
0.000187121
0.000709367
0.000423258
0.000372635
0.000413527
0.000296271
0.000488756
0.000256389
0.000518636
0.00049138
8.33939e-05
3.19724e-05
4.7567e-05
6.35475e-05
0.000404989
0.000596658
0.000133883
0.000201575
0.00021875
0.000169072
0.000181197
0.000428815
0.000613927
0.000201574
0.000558589
0.000656677
0.000899535
0.000578714
0.000775334
0.000497278
8.81463e-05
0.00019848
0.000365523
0.000405008
1.18439e-05
4.31986e-06
1.51364e-05
3.50344e-05
0.000268802
5.72676e-05
0.000206639
0.000579956
8.64816e-06
0.000104344
0.00011227
0.000242504
9.94898e-05
0.000303141
0.000738201
0.000177119
0.000720228
0.000293887
0.000379786
0.000529053
0.000424365
0.000486881
0.000181502
0.000219029
0.000502053
0.000784275
0.000598996
0.000222282
0.000290211
3.05049e-05
0.000186938
7.22174e-05
0.000295347
0.000217631
0.000387509
4.329e-05
2.93002e-05
0.00013951
0.000425481
5.10322e-05
2.80511e-05
6.45576e-05
0.000570197
0.000264718
1.74861e-05
4.7711e-05
0.000104184
0.000420732
0.00035683
0.00021085
0.000378177
0.000183183
0.000473985
0.000274209
6.14527e-05
9.8962e-05
3.44673e-05
0.000219098
0.000322438
0.000174255
6.00634e-05
0.000348324
0.00038997
0.000415082
0.000489556
5.90514e-05
8.21542e-05
0.000188671
0.000298116
0.000370777
0.000547483
0.000312593
0.00067273
7.97866e-05
0.000681855
0.000163639
0.000656413
0.000663965
0.000296753
7.77536e-05
0.000295502
0.000141598
0.000404631
0.000552819
0.000114116
0.000148431
0.000515835
0.000174103
0.000321476
0.000506429
0.00063041
0.000590519
0.000379622
0.000154161
0.000194043
7.8059e-06
0.000289164
5.25721e-06
2.11936e-05
8.65188e-05
0.000122961
0.000189709
0.000205415
0.0001478
7.83893e-05
0.00041797
5.69362e-05
0.000140156
0.000188127
0.00035756
0.000449042
0.000224284
0.000454172
0.000256035
2.09751e-05
6.65822e-05
0.000149012
0.000313872
0.000160455
0.000121802
0.000350266
0.000517028
0.000621506
0.000138669
0.000507042
0.000620728
9.98984e-05
6.91899e-05
0.000180211
0.000120796
2.77961e-05
0.000380889
0.000157537
0.000469105
0.000518645
0.000224065
0.000141424
0.000423889
0.000746314
0.000603347
0.00050177
0.000343984
0.000704233
0.000436929
0.000484488
8.48512e-05
0.000593154
0.000670089
8.7206e-05
0.000524046
0.0002707
0.000133472
0.000361398
0.000144084
0.000587195
2.0709e-05
0.000188621
0.000792888
0.000267171
0.000420827
0.00023936
0.000548478
7.80846e-05
0.000232231
0.000243802
5.08868e-05
0.000392438
0.000290228
0.000233304
0.000541703
0.000343718
0.000669725
0.000296003
0.000102554
0.000278163
0.000519937
0.000733501
0.000194329
0.000337482
0.00019903
0.00024214
1.09024e-05
0.000614372
8.50861e-05
0.000435021
0.000212781
2.81011e-05
0.000415834
0.000366956
0.000584331
0.00019372
3.29401e-05
0.000311622
0.000211248
0.000734798
0.000262813
0.000338568
0.000170598
0.000615843
0.000200393
0.000783064
0.00069821
0.000581843
9.97108e-05
0.000244506
0.000370231
0.000147428
0.000202062
6.45394e-05
0.000483555
0.000636431
0.000322936
3.55387e-05
0.000130112
0.000255322
0.000361252
0.00035313
0.000755645
0.000628385
0.000577924
8.1611e-05
9.7332e-05
0.00042822
0.000471405
0.00067214
0.000621308
0.000168146
0.000486652
0.000384398
0.000133729
1.82784e-05
0.000361364
0.000429537
0.000283193
4.88519e-05
1.53362e-05
0.000382969
0.00034935
0.000678295
0.000783925
0.000472921
0.000704113
0.000250007
0.00027232
0.000603995
0.000628826
0.000454075
0.000417926
0.00059811
0.000453606
0.000599198
0.000172841
8.50809e-05
8.30313e-05
0.000216818
0.000119865
0.00047682
8.05378e-05
0.000202705
9.54711e-05
1.11656e-05
3.23779e-09
0.000557116
0.000282723
3.00782e-05
2.5081e-05
8.65867e-05
0.000275192
0.000455885
8.20494e-05
0.000478922
0.000157538
0.000620961
0.000625777
6.30453e-05
8.41499e-05
0.000520563
0.000394232
0.000740019
0.000147619
4.87022e-05
0.00021844
0.000281909
0.000145763
0.000129978
0.000394917
0.000311926
8.19789e-05
0.000562149
0.000200388
0.000461275
0.000910886
0.000485562
0.000216493
0.000221812
5.68717e-06
0.000337473
0.000217949
4.21828e-05
0.000100778
0.000130436
8.63499e-05
0.000493026
0.000538474
0.000418033
0.000586452
0.000317009
0.000122125
2.33866e-05
5.66169e-06
0.000263716
0.000157873
0.000255363
0.000165224
0.000137315
0.000186936
0.000686378
0.000152741
0.000726113
0.000564969
0.000419898
0.000438881
0.000270718
9.99193e-05
1.24479e-05
4.93949e-06
1.95641e-06
1.20248e-06
1.13678e-05
0.000177747
8.04507e-05
2.5409e-05
0.000101168
9.88094e-05
5.46152e-06
1.81826e-05
1.32808e-05
0.000148094
0.000161585
0.000266574
0.000633163
0.000236371
0.000393289
0.000534838
9.21176e-05
0.000557615
0.00029498
0.000228118
0.000419337
0.000332947
0.000508307
0.000624074
0.000134447
3.87438e-05
2.69492e-05
2.7525e-05
0.000564169
0.000277135
0.000584792
0.00042047
0.000596587
0.000492768
0.000560431
0.000516523
4.7184e-05
0.000935064
0.000410607
4.59634e-05
1.75008e-05
0.000610618
0.000458846
8.71048e-05
3.8323e-05
2.82179e-05
0.000539806
9.1691e-05
0.000727471
0.000401781
0.000465361
0.000400717
0.000153279
0.000114215
0.000146073
0.000377796
0.000335301
0.00039024
0.000524119
0.000550035
3.41875e-05
0.000467397
3.0567e-05
8.48414e-08
0.000562361
6.62158e-05
0.000365443
0.000149186
0.000172452
0.000236638
0.000311878
0.000374579
0.000935962
0.000373736
0.000453709
0.000442588
0.000281428
0.000216471
0.000138601
0.000173217
5.29407e-05
2.08959e-05
3.71505e-05
5.36386e-05
2.44598e-05
5.12878e-05
0.000678453
2.49732e-05
0.000368286
0.000326222
0.000233933
0.000272718
0.00023967
0.000226056
0.000403607
0.000140311
0.000126859
4.37948e-05
0.000238802
1.07569e-05
0.000157293
0.000618708
0.00022026
0.000367111
0.000559609
0.000147318
6.21858e-05
1.31974e-05
7.35731e-05
0.0001965
0.000459107
0.000442901
0.00046452
0.00080156
0.000134151
0.000363737
3.06087e-05
0.000258993
0.000160399
4.85598e-05
0.000217526
0.000188674
1.44181e-05
0.000132705
0.000118363
3.36385e-05
0.00023814
0.00083555
0.000268927
0.000110251
0.000267806
0.000430241
1.13583e-05
0.000104943
0.000310682
0.000618297
0.000324781
0.00051518
0.000104797
0.000405646
0.00022685
8.96868e-05
3.9452e-05
3.41238e-05
2.2938e-05
3.63496e-05
8.52183e-05
0.000229515
0.000404572
0.000193346
7.43305e-06
8.53348e-05
0.000244494
0.00053809
0.000210057
0.000192812
3.17598e-05
0.00047406
0.000331003
0.000125723
9.18732e-05
0.000192991
0.000523497
0.000197848
0.000529779
0.000805634
0.000307874
0.000786645
0.000362442
0.000167653
0.000535709
0.000414391
3.70039e-05
4.61198e-05
0.000400008
0.000563388
0.000490806
0.000200834
0.000149109
0.000203574
0.000194494
0.000132727
0.000214627
0.00026514
0.000231204
0.000443795
0.000195866
0.000704258
0.000346613
3.36972e-05
0.000336807
0.000426751
1.67217e-05
0.000162897
7.66988e-05
2.24569e-05
3.54133e-05
0.000589001
0.000110266
0.00020028
0.00023348
0.000314752
0.000559311
0.000616204
0.000560995
0.000139161
0.00057422
0.000480486
0.000304173
0.000227213
0.000613227
0.000329232
0.000384012
6.87056e-05
0.000669908
0.000610767
0.000182876
3.8726e-05
3.51229e-05
0.000208168
8.17207e-05
0.000367578
1.74361e-05
0.000275642
0.000463444
0.000242448
0.000194243
0.000370991
0.000629813
0.000612711
0.000760854
0.000910604
4.68166e-05
6.43127e-05
0.000854537
0.000183376
0.000172219
0.000509814
0.00018864
0.000209591
0.000312302
0.000238227
0.000587376
0.000368697
0.000321948
0.000471057
0.000912887
0.000171809
0.000750129
0.000687098
0.000445875
0.000156127
0.000241838
0.000474475
0.000533933
6.16473e-05
4.51755e-05
1.8806e-05
0.000240372
7.77738e-06
0.000383017
0.000390655
0.000431964
0.000335385
0.00031175
0.000282092
0.000357823
0.000371138
2.13646e-05
2.50132e-05
9.50889e-06
0.000331278
0.000222751
0.000107572
0.000567396
0.000540928
0.000408087
0.000874117
0.000636247
0.000250184
0.000154153
0.00014973
7.89812e-05
0.000341257
0.000339301
0.000549257
0.000495272
0.000322906
0.000571689
0.000224148
5.12537e-05
0.000326349
0.000505973
9.09534e-06
1.35834e-05
4.34111e-05
0.000458772
0.000230033
0.000122641
0.000117437
9.84962e-05
0.000261966
0.000682411
0.000464066
0.000411997
6.19484e-05
8.59887e-05
0.000203884
0.000416861
0.000181899
7.00967e-05
0.000462074
0.000117436
0.000645817
0.000321292
4.3266e-05
2.74767e-05
0.000170602
5.43182e-05
5.59829e-05
2.33061e-05
0.000434621
0.000516605
9.36528e-05
0.000187603
0.000165214
0.00011207
0.00028897
0.000185519
2.99283e-05
3.75838e-05
0.00043644
7.24978e-05
0.000201112
0.000202148
0.000350412
0.000514117
9.95725e-06
0.000323008
0.000463641
6.94099e-06
0.000325204
0.000284056
0.000415222
0.000374983
0.000772209
0.000394727
0.000120629
0.000288301
0.000856689
0.000786217
0.000644138
0.00083679
8.64973e-06
5.94443e-05
0.000206155
2.35098e-06
7.1263e-05
0.000363609
0.000212299
0.000396863
0.000487344
0.000386543
0.000141747
0.000161622
0.000519929
0.000421023
0.000530005
0.000276623
5.55114e-05
0.000727097
0.000383648
0.000122134
0.000242128
0.000440329
0.000124166
4.97986e-05
0.000524717
6.31243e-05
0.000550884
0.000595211
0.000327655
0.000348219
0.000295777
0.000760903
0.000501344
1.04832e-05
0.000295852
9.58468e-05
0.000180099
0.000210677
0.000315149
0.000275227
3.51404e-06
5.77053e-05
8.03051e-05
0.000533625
0.000277464
0.000339492
0.00017513
0.000227071
9.89926e-05
0.000241482
0.000282047
9.11847e-06
0.000233727
0.000251894
0.00035402
2.92719e-05
0.00049864
0.00075863
0.00053564
9.97733e-06
0.00016135
0.000583964
0.000480286
0.000555801
0.000459649
2.0707e-05
4.05799e-05
0.000126248
0.00044155
0.000279354
0.000267884
0.000126684
8.61735e-05
0.00010024
8.12545e-05
0.000394441
0.000376429
0.00053956
0.000399372
9.62503e-05
0.00081657
6.12202e-05
5.39268e-05
0.000259303
9.84363e-05
9.53921e-05
5.2965e-06
5.89721e-05
0.000487266
9.64485e-05
8.39823e-05
0.000194908
0.000188187
0.000103735
0.000108929
8.25394e-05
0.000472624
0.000354978
0.000400405
0.000697893
5.23759e-05
0.000135984
0.000314615
0.000166854
0.000434293
0.000431787
0.00043332
0.00015343
2.91866e-05
2.3846e-05
2.97382e-05
0.00033277
0.000405221
0.000162499
0.000144165
0.000160203
9.38894e-05
0.000259249
0.000359725
0.00073774
0.000274172
7.65049e-05
0.000220146
3.37282e-05
0.000122006
6.57178e-05
0.000221148
0.000278484
5.20806e-05
0.000102985
0.000500023
0.00051191
0.000723645
0.000606181
0.000218072
3.52335e-05
2.67611e-06
5.45813e-05
0.000170445
1.33309e-05
0.000395849
0.000217598
0.000265709
5.04699e-05
0.000343316
0.000393249
5.32841e-05
0.000364132
0.000217395
0.000675262
2.02274e-05
0.000137411
0.000219804
0.000270098
7.10057e-05
0.000166738
0.0003179
0.000316369
4.78265e-05
0.000831461
0.000164571
0.00028596
7.60251e-05
0.000145431
0.000367278
4.34579e-05
0.000175838
0.000522264
0.000151752
0.000638857
6.7231e-05
0.000158185
4.44913e-05
0.000230509
0.000156892
4.45732e-05
9.67312e-05
5.58558e-05
6.45114e-05
0.000306642
0.000385072
0.00039294
0.000463743
6.47459e-05
0.000165475
0.000601781
4.11061e-05
5.61306e-06
0.000119633
0.000191132
7.71816e-05
2.72478e-05
0.00019904
0.00025598
0.000515168
0.000247034
0.000894251
0.000455769
0.000351596
0.000103541
0.000119823
0.000177873
0.000529635
0.000212353
0.00019297
0.000584447
3.07571e-05
0.000538263
0.000156772
1.078e-05
2.29793e-07
4.3363e-05
0.00014296
0.000241298
0.000640043
0.000329748
0.00035549
0.000381318
0.000669555
0.000656842
0.000147383
0.000233402
0.000181953
0.000231311
9.85169e-05
0.000456755
8.73795e-05
0.000394905
0.000458783
0.00020275
0.000250769
0.000179026
0.000110803
0.000442747
0.000136806
0.000273278
0.000402599
0.000553343
0.000204328
0.000174573
0.000203143
0.000142046
6.89463e-05
0.000229082
0.000515493
0.000253869
1.89338e-05
0.000113877
0.000181634
0.000214867
0.000109524
0.000162004
0.000412818
0.000186248
0.000108767
1.4823e-05
2.38992e-05
0.000503172
0.000708084
0.000158309
0.000344634
0.000291244
0.000463898
0.000202518
0.000101575
0.000490875
0.00032959
0.000615754
0.000176607
0.000754477
0.000421475
0.000706259
0.000468429
0.000803112
0.000248904
0.000374645
0.000674067
8.23704e-05
8.37532e-05
0.000502232
0.00016948
0.000208959
8.32631e-05
7.54678e-05
0.000228852
1.45325e-05
0.000873099
0.000557193
0.000270174
0.000144478
0.000284135
0.000181182
0.000178838
0.000335908
0.000176557
0.000674756
0.000113814
0.000153398
0.00018241
0.000174121
0.000460193
0.000154835
6.10624e-05
0.000200369
2.20659e-05
2.79789e-05
7.76081e-05
9.12095e-05
0.000180113
0.000378862
0.000554445
0.00051508
0.000552236
0.000240641
0.000107413
0.000175413
0.000492471
0.000306107
0.000148978
0.000387258
0.000479878
7.55897e-06
2.91984e-06
7.7224e-06
5.11275e-05
0.000269021
0.000287779
0.000162421
0.000425284
0.000588431
0.000176192
0.000623246
0.000765847
0.000419742
0.000631049
0.00020874
1.85806e-06
6.54864e-05
0.000273542
0.000334557
0.000166807
0.000224772
0.000408768
0.000166461
1.63956e-05
0.000148942
0.000458996
0.000541857
0.000877819
0.000439146
0.000158177
0.000295039
0.000635546
0.000389936
0.000154796
0.000596529
0.000373037
8.59961e-05
0.000332703
0.000364595
0.0003818
0.000440052
1.21449e-05
0.000185352
2.30857e-05
0.000356235
0.000595522
0.000428801
0.000665526
0.000552797
0.000312244
0.000193407
0.00039346
0.000340034
0.00018679
0.00028693
0.0003641
0.000236554
9.49393e-05
0.000236165
0.000359332
0.000307723
9.43063e-05
0.000356399
0.000338623
0.000223499
0.000215102
0.000151294
0.000758901
0.000432233
0.000617564
0.000496208
3.46798e-05
6.32558e-05
0.000235623
0.00016471
0.000431566
0.000234329
0.000229808
0.0001475
0.000493695
0.000561023
0.000694441
5.92285e-05
7.98419e-05
0.000110237
2.28976e-05
2.81948e-05
0.000128893
3.74054e-05
3.77852e-05
0.000262721
0.000762922
0.000136979
0.000161847
1.45938e-05
0.000111305
0.00019386
4.03732e-05
0.000408561
0.000107635
0.000250065
0.000392178
0.0002637
0.000649087
0.000840941
0.000400808
0.00027706
5.79535e-05
3.34456e-06
3.67088e-05
0.000681378
7.16063e-05
0.000103026
7.44256e-05
2.85311e-05
0.000232329
0.000218954
0.000178952
4.40927e-05
0.000299933
0.000407594
0.000953719
0.000551277
0.000431649
0.00041882
0.000238223
0.000135996
0.000261693
7.83099e-05
0.000388694
0.00038358
1.23579e-05
0.000102345
0.000328261
0.000161663
0.000258065
0.000241399
1.99026e-06
3.62999e-05
0.000444317
0.00081462
0.000103601
0.000394712
5.01125e-05
1.2633e-05
0.000145454
0.00015601
0.000465853
9.83015e-05
5.47366e-05
0.000370533
0.000120115
0.000147763
0.000319584
0.000247573
0.000164329
0.000230958
0.000145625
0.000258783
0.000512325
0.000328095
9.85363e-05
0.000286595
0.000632154
3.2081e-05
9.53259e-05
0.000778627
0.00033104
0.000316046
0.000214343
0.000738736
3.53584e-05
2.65491e-05
0.000253099
0.000331399
0.000695746
0.000592539
0.000740913
0.000325311
0.000182669
0.000402013
0.000116888
0.000685547
9.97615e-05
0.000694466
0.000573727
0.00015194
0.000314499
0.000513253
6.41009e-05
0.000327711
0.00029754
0.0001773
0.00056197
0.000464391
0.000146339
0.000446633
9.08889e-05
0.000324245
9.80328e-05
0.000197734
0.000192444
0.000307345
0.00011812
5.52994e-06
6.72844e-05
0.000511784
0.000681386
4.37634e-05
0.000122867
0.000549863
0.000115643
0.00013811
1.57774e-05
0.000340734
0.000116807
8.3867e-05
0.00013292
0.000474128
0.000257952
0.000350005
4.21677e-05
9.87064e-07
5.89081e-05
9.53327e-05
0.000184458
0.000532101
0.000392721
4.46664e-05
0.000156472
1.56549e-05
5.67998e-05
0.000297231
0.000239636
0.000437274
0.000952379
0.000318457
1.11033e-05
1.65179e-07
0.000209975
4.23048e-06
0.000228956
0.000488929
0.000141404
1.32506e-05
8.92662e-05
0.000772238
0.000381203
6.36934e-05
0.000256866
0.000390726
0.000149927
0.000148887
0.000127513
0.000363254
0.000581523
0.000403734
0.000418506
4.44271e-05
0.000377564
0.000423419
0.00037335
0.000138414
0.00021857
0.00030873
0.000241267
1.43219e-05
5.36957e-06
3.05672e-06
5.35848e-05
0.000543566
0.000629967
0.000276087
0.000334257
0.000637742
0.000448155
0.000606309
0.000222665
0.00025487
0.000412644
0.000467441
0.000592443
5.47297e-05
0.00105576
0.00082491
2.26024e-05
0.000135204
0.000111868
0.000110383
0.000218126
0.000347138
0.000382149
7.59877e-05
0.00026565
0.00066746
0.000210141
0.000147714
0.000851841
0.00051836
0.000319331
0.000720056
7.47682e-06
5.65409e-05
0.000297165
2.37526e-05
3.58395e-05
0.000189319
0.000232293
0.000106997
0.000377002
0.000110841
9.37292e-05
0.000289141
0.000375515
5.30484e-06
0.000615443
0.000114244
0.000147354
6.22436e-06
1.79536e-05
0.000600163
9.84305e-05
0.000242494
0.000202728
0.000282203
4.19784e-05
6.84554e-05
0.00019349
0.000100678
0.000222107
0.000147568
0.000175073
2.80074e-05
0.00027785
0.000597925
0.000351419
5.27696e-05
7.01786e-05
0.000608761
0.000391532
7.69221e-05
0.000112381
0.000146328
0.000247316
0.00025802
0.000154301
6.28762e-06
0.000325724
0.000637132
0.000378346
2.67672e-05
0.000484331
0.000369656
1.95899e-05
0.00023007
0.000471469
1.9598e-05
7.05783e-05
0.000342707
0.000114396
0.00017866
8.74997e-05
0.000185121
2.74606e-05
5.81107e-05
3.47628e-05
0.000470353
0.00044795
0.000703553
0.000312638
9.99468e-06
3.11219e-06
2.41092e-05
0.000313436
0.000350735
0.000292719
4.34934e-05
0.000107798
6.1485e-06
3.27907e-05
0.000290449
0.000250393
0.000115722
0.000304541
0.000439
0.000273063
0.000202376
0.000238457
8.17994e-05
0.000434547
0.000287087
0.00010092
5.72877e-05
0.000549171
7.53104e-05
0.000213443
0.000250836
0.000443481
0.000456754
0.000528325
0.000360146
0.000598288
0.000214819
0.000831582
0.000442486
6.15306e-05
0.000442807
3.54566e-05
4.60669e-05
0.00015488
0.000241016
0.000401499
0.000619915
0.000456057
0.000508322
0.000126827
0.000437914
0.000181349
1.35596e-06
2.74401e-05
9.84249e-05
0.000650306
2.51636e-05
0.000346173
7.56021e-05
7.54585e-05
1.1136e-05
0.000105934
0.000148389
0.000625718
0.000206787
0.000329852
0.000396935
6.09757e-05
0.000570758
0.000211955
0.000217002
0.000961261
0.000416813
0.000158934
0.000352707
4.01056e-05
0.000250984
0.000290732
0.0001356
0.000606255
0.000550821
0.00049864
0.000232451
8.80922e-05
0.000111061
0.000519386
0.000322716
4.19991e-05
0.000164508
0.000244062
3.57726e-05
0.000187426
4.00409e-06
0.000167091
0.000225977
0.000520809
3.02752e-05
0.000199782
0.000330675
0.00041934
0.000195266
0.000145717
0.000462479
0.000596295
0.000268927
0.000167137
0.000329643
0.000379582
8.62264e-05
0.000199325
0.000744254
0.000383095
8.99341e-05
0.000440141
0.000238185
0.000300745
0.000344821
0.000352098
0.000276858
0.000138521
0.000319222
8.79846e-05
0.000108458
0.000510242
0.000164866
4.42369e-05
0.000712794
0.000604701
0.000102519
0.000102781
2.19561e-06
4.66774e-07
0.000129809
0.000141557
0.000342229
2.77364e-06
2.38989e-05
3.62155e-05
1.35853e-05
0.000117812
0.000554977
0.000388776
0.000475599
0.000588558
0.000442991
0.000223743
5.56796e-05
4.8122e-05
0.000285742
0.000269642
6.25185e-05
4.16165e-05
0.000231431
0.000569632
0.000236888
5.48461e-05
0.000264345
0.000163297
0.000371348
0.000809223
0.000300465
0.000953616
0.000374522
0.000315366
0.000239334
0.000181735
0.000151958
0.000387086
0.000552513
0.000662942
0.000393194
0.000316457
0.000136379
0.000620385
0.000538973
0.000276641
0.00041812
5.52761e-05
0.00043133
1.78299e-05
0.000700267
0.000505473
0.000364331
0.000280616
7.38014e-05
2.23374e-05
9.30732e-05
0.000468882
0.000343062
4.46114e-05
0.000161115
8.97781e-05
0.000339137
1.47576e-05
3.34218e-05
3.69037e-05
2.41615e-05
0.000216237
0.000214839
0.000640722
0.000315194
3.87411e-05
7.41083e-05
0.000298881
0.000563868
9.25529e-05
1.36866e-05
0.000242951
0.000643545
0.000653404
0.000336267
0.000156221
0.000204199
0.00012751
0.000410404
0.000250684
0.000182672
0.000495208
0.000105556
0.000212412
0.000186154
0.000273167
0.000191033
0.000312127
0.000796382
0.000476484
0.00023575
0.000382112
0.000271658
5.78672e-05
0.000179964
0.000380186
0.000237932
0.000815757
0.000267385
8.19346e-05
0.000265591
6.4662e-05
0.000474496
9.906e-05
9.61477e-05
0.000577611
2.50641e-05
0.000271012
0.000498855
0.00025281
0.00078194
0.00016114
9.62753e-06
5.44716e-05
5.39602e-05
2.15803e-05
0.00052005
0.00063515
0.00065293
0.000573643
0.000350616
0.00010579
6.9987e-05
0.000294347
0.000394117
0.000187621
0.000819869
0.000518966
6.28768e-05
2.49894e-05
7.69084e-05
0.000460772
0.000242331
0.000231578
0.000413531
0.000198549
0.000283259
0.000170512
0.000186309
0.000420414
0.000396511
0.000563588
0.000244981
0.000574895
0.000128145
0.000290522
0.000512734
0.000428819
0.000391762
0.000410386
0.000568105
0.000378728
7.18973e-06
1.69207e-05
0.000356049
0.000452598
0.000422176
0.000402943
0.000147199
0.000694225
0.000202079
0.00030524
0.000181646
0.000489057
0.000375696
0.000297317
0.000544453
0.000566207
0.000141213
0.000257763
0.000319315
0.000140551
0.000323928
0.000307162
0.000233148
5.60637e-05
0.000311592
0.000767693
3.249e-05
3.57442e-05
2.75203e-05
0.000112677
8.65786e-05
0.000216568
0.000290956
7.89314e-05
0.00017013
0.000355905
9.56408e-05
3.95942e-05
0.000185727
6.48385e-05
0.00019157
0.000532917
0.000380411
0.000293235
4.30577e-05
0.000108945
0.000833215
0.000468509
0.000913912
0.000216974
0.000425087
0.000314421
0.000198111
0.000515542
0.00109751
0.0003163
0.000414607
0.000263725
0.0003535
0.000279134
0.000155895
8.06236e-05
9.85168e-05
0.000404184
0.000680913
0.000735241
0.000379798
0.000646318
0.000195373
0.000460267
0.000514926
7.85189e-05
0.0001361
4.23848e-05
0.00016026
0.000406737
0.000468085
0.000275537
0.000198607
1.74555e-05
0.00022516
7.27185e-05
0.000135674
0.000619878
0.000490821
8.06798e-05
0.000135691
0.000215561
0.00018156
0.00035911
0.000760379
5.17735e-05
0.000501683
0.000483682
0.000198527
0.000292294
1.03609e-05
0.000112559
0.000182929
2.30375e-06
0.000112287
2.53149e-05
0.000438222
6.67998e-05
9.01422e-05
0.000566125
0.000375238
0.000158784
0.000118062
0.000528425
0.000601368
0.000211641
0.00026296
0.000581412
0.00016816
0.000142926
6.97386e-05
8.36586e-05
0.000278322
0.000227511
6.58845e-05
1.71317e-05
9.04728e-06
0.000110553
0.000839662
7.698e-05
0.000824908
0.00061278
0.000850301
0.000284175
0.000198368
0.000315761
0.000101506
0.000205052
0.00013409
0.000434189
2.88338e-05
0.000174934
0.000421081
0.000282691
0.000519081
3.45997e-06
3.14089e-05
6.71308e-05
3.11961e-05
9.22987e-05
1.92947e-06
6.52603e-05
7.75006e-05
0.000399776
4.0075e-05
1.90629e-05
0.000416617
0.000170198
0.000845086
0.000531129
0.000130441
0.000231897
4.46088e-05
0.000441088
0.00036979
8.36885e-05
0.000190693
5.62312e-05
9.27135e-05
3.23269e-05
0.000143983
9.55391e-05
9.11756e-05
5.35807e-05
0.000514561
0.000566519
1.87603e-05
0.000144012
6.07647e-05
0.000278801
0.000789247
0.000879002
0.000805139
0.000589124
0.000136861
0.000200363
0.000492484
0.000113124
0.000514237
0.000204924
0.000320518
0.000132813
0.000297974
1.93851e-05
7.0042e-05
0.000354591
0.000521524
0.000154078
5.35209e-05
0.000523047
0.000414356
0.000124149
0.000378529
0.000104414
0.000502729
0.000164373
0.000440507
0.000235658
0.000265248
0.000258063
0.000201016
7.68879e-05
7.40292e-05
4.47299e-05
0.000219974
0.000334041
0.000165652
0.000308556
7.10552e-05
0.000194756
0.000676451
0.00037943
0.000183431
0.000718517
0.000335623
0.00044884
0.000369997
0.00014189
0.000162849
0.000425109
0.000272241
0.00015899
1.7432e-07
3.70121e-05
0.000531032
0.000535309
0.000157303
0.000415176
0.000631325
0.00021218
0.000139912
4.7264e-05
5.19831e-05
4.74951e-05
0.000335926
0.000197436
4.98769e-05
0.000222297
0.000387359
0.000402244
0.000362599
0.000421896
7.49878e-05
0.000130401
0.000610621
0.000163469
0.000425317
0.000160621
0.000382144
0.000574204
0.000256479
0.000404282
0.000143967
0.000277402
3.35973e-05
0.000383781
0.000385849
0.000868513
9.14525e-05
0.000556579
0.000589687
0.000310766
0.000106683
1.19985e-06
0.000260991
1.95624e-05
3.70762e-05
0.000161006
4.70992e-05
0.000114058
0.00027514
8.90784e-05
0.000232029
0.000537067
3.02273e-05
6.3951e-05
0.000580232
0.000257156
0.000557657
0.000353621
0.000367695
0.000563625
0.000537381
0.000248493
0.000107524
3.55127e-05
0.000257637
1.17939e-05
0.000311092
0.000113626
0.000345227
0.000739817
0.000270145
0.000387039
0.000529411
0.000190392
0.000238125
0.000558708
0.000553926
0.000233359
0.000664942
0.000720256
0.000534426
4.11469e-05
0.000578681
0.000446687
0.000361213
5.56241e-05
0.000638735
0.000112767
5.8056e-06
0.000638709
0.000503068
0.00100261
0.000511184
0.000378561
0.000401693
3.41122e-06
8.06409e-06
7.80544e-05
9.46859e-06
6.4439e-05
0.000132465
5.21695e-05
0.000337944
0.000672857
0.000332134
0.000172498
0.000174385
2.51128e-05
0.000528223
0.0001384
0.000184063
0.000221875
8.88404e-05
0.000148144
1.75782e-05
0.000177458
0.000454575
0.000290516
0.000188274
0.000382826
0.000278574
0.000289626
0.000206147
0.000483804
0.000626523
0.000431046
0.000380073
0.000150052
0.000111281
0.000115415
1.72111e-05
0.000176553
0.000325093
0.000207514
0.00040642
0.000117509
0.000513508
0.000491679
0.000317562
0.000135991
0.000362956
8.05268e-05
0.00021106
9.65029e-05
0.000207068
0.000131688
9.72084e-05
0.000276146
0.000164737
4.99057e-05
0.00050478
0.00064158
0.000576112
0.000180928
7.9698e-05
8.06178e-06
0.000211486
0.000382633
9.99216e-05
0.000114363
9.59354e-05
3.95266e-06
2.34671e-05
0.000202185
4.02172e-05
0.000356337
0.000226608
0.000214295
8.76902e-05
0.000389988
0.000116294
0.000107855
0.000245359
9.43976e-06
4.0402e-05
0.00033327
0.000896204
0.000308293
0.000450031
0.000306262
1.11299e-05
0.000253514
8.21756e-05
0.000330971
0.00020574
0.000187842
0.000165333
0.000538499
7.36282e-05
1.70053e-05
5.92676e-05
0.000857444
0.000323602
0.00028209
0.000527864
0.000418373
0.000119903
0.000276678
0.000112277
0.000137431
0.000212221
0.000125847
5.97229e-05
0.000410406
0.000345441
7.62785e-05
5.77167e-05
4.67834e-05
0.000636071
0.000267943
5.75436e-05
0.000168606
0.000171187
0.00070036
0.000213327
0.000491458
0.000263295
0.000483165
0.000505896
0.000326563
0.000448426
0.000122534
0.000118878
0.00043899
1.66876e-05
0.000341794
0.000607821
0.000575723
5.21346e-05
0.000373776
0.000495347
6.15513e-05
4.01047e-05
0.000303831
0.000133213
0.000654364
0.000211226
0.000839983
9.53903e-05
9.42918e-05
0.000125174
0.000147443
0.000133947
0.000127046
0.000506838
0.000380898
0.000450793
0.0001865
0.00063339
0.000336043
0.000150303
4.42284e-07
0.000170403
0.000181169
0.000612166
0.000575227
0.000115651
5.18782e-05
0.000141337
5.07799e-05
8.03271e-05
0.000246605
0.000174878
0.00025766
0.000601701
0.000156293
0.000250679
0.000633347
4.37099e-05
0.000352443
0.000179188
0.00021404
0.000375884
0.000435698
0.000569765
0.000462807
0.000281723
0.00016106
3.67085e-06
9.02894e-05
0.000337103
0.000376352
0.000198471
0.000155806
0.00039478
0.000607127
0.0001935
8.05617e-05
3.83154e-05
0.000273741
0.00028498
0.000280337
9.03903e-05
0.000638277
0.00106113
5.96197e-05
0.000250137
0.000146965
9.16646e-05
0.000202903
0.000230342
0.000357719
7.53168e-05
0.000146177
0.000184844
1.96174e-05
0.000686305
0.000152669
0.000563153
0.000125111
5.77065e-05
0.000366867
9.82128e-05
8.95865e-05
4.69215e-05
3.0482e-05
0.00016094
8.955e-06
0.000461378
0.000457842
0.000894706
0.0005183
6.99983e-05
1.66725e-05
0.00011027
0.000689161
0.000107043
0.000202373
0.000128578
0.00036229
0.000181798
0.000403383
0.000287641
0.000444612
0.00049989
3.48585e-05
0.000296706
0.000264279
0.000383256
0.000123856
5.4458e-06
0.000336856
0.000211758
0.000645156
4.21543e-05
3.30227e-05
0.00011746
4.3844e-05
0.000361735
0.000428388
0.000460001
0.000120565
8.34822e-06
0.00024983
0.000234077
0.000190961
0.000309726
0.000348085
0.000302858
0.000579237
0.000504991
0.000309325
0.00017223
0.000309881
0.000536355
0.000261174
0.000237845
3.54175e-05
8.27585e-05
7.22051e-05
3.93485e-06
4.71298e-06
1.88014e-07
0.000331641
0.000199183
0.000448721
0.000412592
0.000204897
0.000172357
0.000500184
0.000461094
9.56724e-05
0.000179085
7.95108e-05
7.38647e-05
2.09462e-06
0.000841604
0.000376001
0.000212348
0.000360695
0.000175237
0.00083253
0.000514055
0.000447399
0.000323176
0.000305391
0.000315974
0.00029955
0.000437286
0.000414951
0.000480111
0.000744052
4.97797e-05
6.66673e-05
5.03697e-05
0.000548993
0.000185461
0.000113448
0.00097739
0.000480887
0.000107678
0.000432787
0.00013343
0.000281558
0.000164275
0.000164734
0.000313217
3.40654e-05
2.14368e-06
0.000148216
0.000276574
0.000413665
0.000401579
0.00046754
0.000219686
0.000222397
0.000246154
0.000334671
0.000427952
0.000520245
0.000476005
0.000204261
6.23111e-05
0.000238723
0.000268206
0.000492233
7.67147e-05
0.000177448
0.000255451
0.000300614
0.000323684
0.000218698
0.000276783
0.000243725
0.000130843
0.000219911
0.00028437
0.000512367
0.000100615
0.000229134
7.63612e-05
2.0289e-05
7.61318e-05
0.00011405
0.000226873
7.86834e-05
0.000124646
0.000509731
3.9712e-05
7.56815e-05
3.01231e-05
0.000244768
0.00045917
0.000478053
0.000262123
8.03382e-05
0.000331306
0.000261779
0.000204788
0.000830003
0.000151608
0.000199847
0.000501009
0.000658289
6.39384e-05
3.90215e-05
0.000517692
0.000410444
0.000541825
0.000101946
0.000304317
0.000536309
0.000176531
0.000180832
9.25544e-06
0.000279807
0.000485718
9.61841e-05
0.000104466
3.72327e-06
9.90106e-05
0.000118827
0.000453963
6.81605e-05
0.000802789
0.000305759
0.000295881
0.000307708
0.00071406
0.000152879
2.52096e-05
8.69143e-05
0.000175964
0.000244971
8.75675e-05
3.64868e-06
3.48716e-05
0.000394225
0.000630555
0.000222516
5.61045e-05
0.000152371
0.000608469
0.000405162
6.82597e-05
1.42499e-05
0.000639742
0.000122629
0.000317329
0.000782237
0.000372758
0.000423159
0.000236585
0.000211879
5.23326e-05
7.05838e-05
1.70862e-05
0.000212568
0.000357533
0.00021861
0.000209073
6.31029e-05
0.000453977
8.28201e-05
2.09467e-05
3.85408e-05
1.05658e-05
0.000109931
0.000179913
8.3912e-05
0.000772313
0.000153044
0.000452863
0.000568534
0.000255678
0.000436839
0.000118391
0.000374019
0.000861397
8.02693e-06
0.000108665
0.000231049
0.000459883
0.000309792
0.000256574
0.00043211
0.000483598
0.000161483
0.000177555
0.000192396
0.000137429
3.04118e-05
0.000686426
0.000338942
0.000215419
0.000773888
0.000716943
0.00033493
0.000458291
0.000397413
0.0001389
7.15028e-05
0.000852959
4.97296e-05
0.000141626
0.000313176
0.000642934
0.0006906
0.000655722
0.000336695
0.000534096
0.000577973
0.000602572
0.000122229
0.000171341
0.000556879
0.000211079
0.000220731
4.2524e-05
0.000187822
0.000612446
0.000200309
4.16033e-05
0.000678305
0.000265281
0.000354534
2.27236e-05
0.000275074
0.000670914
5.30481e-05
1.57305e-05
0.000209741
0.000205281
4.62096e-05
0.000111045
0.000467147
0.00039191
0.000442091
0.000321188
0.000169543
5.1885e-07
5.37902e-05
7.3355e-05
0.000181314
0.000176008
0.000598289
0.000228997
0.000346044
1.43342e-05
0.000277039
0.000174791
0.000537614
0.000251138
0.000720252
0.000222858
0.00045321
0.000122595
0.000453376
0.000524007
4.33881e-05
0.000293772
0.000517065
0.000756843
0.000276029
0.000126655
8.82205e-05
1.661e-05
0.0001337
0.000533356
0.000599988
0.0002808
9.39252e-05
3.19135e-05
3.57815e-05
5.64878e-05
0.000125623
0.000212665
8.76636e-06
0.000469405
0.000775139
0.000314641
7.18898e-05
0.000223288
0.000315973
0.000534967
0.000312374
0.000194032
0.0002105
0.000184455
8.72775e-05
0.000102969
0.00053238
0.000296872
0.00050092
0.000346593
0.000133159
0.000133804
0.000377837
0.000573059
0.000152223
0.000418446
0.000867303
3.2694e-05
0.000121209
0.000430589
0.000126606
5.97477e-05
0.000466401
0.00039317
8.47494e-05
0.000303729
7.75828e-05
0.000294852
6.10632e-06
4.45319e-06
0.000116065
0.00018201
8.49332e-06
5.71268e-05
1.48312e-05
0.000414561
0.000480897
0.000307381
0.000239163
0.000352152
0.000298081
0.000429758
2.90861e-05
0.000275922
0.000399549
0.000386243
0.000579749
0.000230471
0.000185103
1.47664e-05
1.62516e-05
0.000211616
4.91371e-05
0.000156989
5.73215e-05
0.000388916
0.000295424
0.000370019
0.000122564
0.000313008
4.96181e-05
9.83175e-05
0.000401433
8.2403e-05
0.000174528
0.000535559
0.000223259
0.000265663
4.03655e-05
0.00027114
0.000609698
0.000279877
0.000260897
0.000466309
0.000343788
0.000188689
0.000463481
0.000168863
0.000401996
0.000182637
0.000302521
0.00020709
0.000252286
0.000227629
0.000677351
0.000335669
2.60002e-05
6.07841e-05
4.04198e-05
0.000150514
7.73173e-05
0.000229254
0.00013892
0.000645496
0.000298213
0.000303485
9.57476e-06
5.30407e-05
8.07807e-05
4.07802e-05
0.000183017
0.000322003
0.000786176
7.73506e-05
9.71947e-05
0.00012823
0.000225493
2.11551e-05
0.000742083
0.000973059
0.000439543
0.000117587
0.00061877
7.81228e-05
0.00021778
0.000415451
9.0689e-05
0.000118793
0.000105093
0.000174302
0.000425486
0.000139526
0.000469648
0.000424223
0.000391435
0.000374086
0.000110082
0.000247649
0.000381223
0.000119871
0.000152006
0.000508344
0.000258914
0.000295908
0.000539556
8.024e-05
5.66367e-05
9.22005e-05
0.000185745
0.000203473
0.00033294
0.0001047
1.07149e-05
5.78462e-05
0.000334619
0.000608454
0.000667627
0.000329452
0.000313052
0.000236172
0.000146092
0.000135571
0.000273847
5.44867e-05
0.000829327
2.48441e-05
0.000162294
0.000356353
0.000147667
0.000378873
0.000194631
0.000617385
0.000478167
0.000449439
0.000321989
0.000543483
6.44523e-05
0.000253733
0.000305044
0.000718139
4.84433e-05
3.21543e-06
1.6467e-10
8.5021e-05
0.00045089
0.000170644
0.000342211
0.000375753
0.000697555
5.18087e-05
0.000206479
0.000245307
0.000212946
0.000351643
4.07925e-05
0.000101623
4.91655e-05
6.23588e-05
0.000488221
0.000545437
0.000353631
0.000612852
0.000107559
0.00039833
8.09167e-05
0.000365539
4.75776e-05
0.000797124
0.000119807
0.000268789
0.000182513
0.000270094
0.000355112
0.000111592
0.000596337
3.55276e-05
2.44365e-05
0.000162578
0.00038762
0.000104129
0.00027104
0.000479766
0.000178776
0.000282761
0.000218324
0.000131538
8.16158e-05
0.000173075
0.000671519
0.000559416
0.00027042
0.000494745
0.000729889
0.000671614
0.000194202
0.00029843
7.92082e-06
2.15358e-06
2.62981e-05
0.000123061
0.000171306
0.000140041
0.000506798
0.000426798
0.000404328
0.000530897
8.39938e-05
0.000225391
0.000244624
0.000221002
0.000282482
0.000282576
0.000644841
0.000116363
7.22658e-05
0.000156281
0.0003764
0.000208092
0.000256778
0.00020574
0.000212486
0.00031529
0.000524546
0.000279454
7.77295e-05
0.000595871
0.000140261
4.22953e-06
8.28364e-06
2.67249e-05
2.76674e-05
4.35861e-05
0.000249451
0.000193838
0.000132092
0.000105972
2.59068e-06
0.000190177
0.000504443
0.000366396
0.000120154
0.000300114
2.49596e-05
0.000163517
3.1058e-05
0.000392959
0.00043684
0.000176528
0.000308234
0.000547265
0.000190837
0.000610186
0.000638634
0.000608038
0.000565708
0.000149212
0.000549205
0.000257407
4.20913e-05
0.000223623
0.00043914
0.000293419
9.64206e-05
0.000199738
0.000350542
0.000348844
0.000151786
5.61e-05
7.26567e-05
0.000167361
0.000264875
0.000477205
0.000253835
0.000294222
0.000748374
0.000419028
0.000556078
1.66278e-05
2.63104e-05
0.000103846
0.00014835
0.000164629
0.000190651
0.000125219
0.000523847
0.000389727
8.56379e-05
3.12064e-05
2.00704e-05
0.000421755
0.000237868
0.000370561
0.000496793
0.000212499
0.000158406
0.000164746
0.000587648
0.000166613
0.000167012
0.000196015
2.47665e-05
0.000309194
8.17108e-05
0.000625892
0.000327397
3.13951e-06
0.000264544
0.000405502
0.000243844
0.000430167
5.18517e-05
3.38962e-05
0.000309725
0.00031916
0.000701585
0.00012623
0.000521862
0.000260511
0.000204249
0.000642123
0.000637158
0.000251553
0.000567164
0.000138801
0.000165612
0.000321309
0.000153304
3.99354e-05
0.000174355
0.000146241
0.000488777
0.000528876
0.000789154
0.000647349
0.000465552
0.00034058
0.000526692
0.00034299
0.000548358
0.000239653
0.000159908
0.000423092
0.000283278
0.000186735
0.000206007
0.000223085
0.000268043
0.000244225
0.000204365
0.000554239
0.000174591
0.000164849
3.56805e-05
3.65085e-05
0.000247069
0.000208823
6.23562e-05
0.000441707
0.000587324
0.000532304
0.000217375
0.00025197
0.000190953
0.000319718
0.000395273
0.000186231
0.000455438
0.000395365
0.000362427
0.000327435
0.000693347
0.000187109
6.09163e-05
4.64879e-05
0.000294734
4.55194e-05
1.37266e-05
0.000128443
0.000244047
0.00020018
2.76751e-05
0.000431821
0.000332637
0.000249029
0.000476359
2.03363e-05
0.000681175
1.7125e-05
0.000267826
0.000510981
0.000450538
0.000407331
5.06501e-05
2.55978e-05
0.000141387
0.0003415
0.000121618
0.00079887
0.000386635
2.20962e-06
0.000109992
1.33021e-05
0.000130802
7.24002e-05
9.67247e-05
0.0002183
0.000358428
9.83426e-06
6.87431e-05
0.000172783
0.000612117
4.3768e-05
0.000517818
0.000539466
4.71152e-05
0.000452059
0.000664919
0.000514047
0.000652652
0.000564446
0.000445433
0.000493487
1.15e-05
0.000180486
0.000169265
0.000146946
0.000154664
0.000290274
0.000552636
0.000286869
2.12101e-05
0.000147146
9.60912e-05
0.000264903
0.000270339
0.000223587
0.000828894
0.000617887
0.00045864
0.000159855
0.000897614
0.000131539
0.000127842
0.000297222
0.000435798
0.00042049
0.000118005
0.000130454
0.000416167
0.000199569
0.000705111
0.000385486
0.00068468
0.000237645
7.00392e-05
0.000244025
0.000432045
0.00052063
7.64566e-05
0.0002044
0.000529789
0.000620425
3.92933e-05
7.3172e-06
0.000562335
0.000618047
0.000587961
0.00065141
0.000380679
2.38414e-05
0.000743607
0.000271236
0.000527015
2.39451e-05
0.000157938
0.000404924
0.000418029
0.000209326
0.000396717
0.000615099
0.000160148
0.000140866
3.78153e-05
0.000176135
0.000257871
0.000456457
0.000111959
3.04011e-05
0.00030496
0.000106224
4.84064e-05
0.00044097
0.000625832
4.41658e-05
8.34105e-05
5.3144e-05
0.000605792
0.000358509
0.000438685
0.000159638
0.000111592
0.000147723
0.000139482
5.07474e-05
0.000188725
0.000796179
0.000380111
0.000380909
0.000147686
0.000139135
0.000319479
6.74654e-05
0.000195058
7.70788e-05
0.000545571
0.000378272
0.000854799
0.000423427
0.000573185
0.000641896
0.000468708
7.55606e-05
6.77521e-05
0.000276474
0.000456173
0.000619115
0.000758493
0.000273964
7.23136e-05
0.000182566
0.000119911
3.77125e-07
0.000110785
0.000160107
0.000496743
0.000463655
0.000425925
2.77088e-05
0.000729998
0.000558494
0.0003031
0.000407952
4.49776e-05
0.000134336
9.99779e-05
0.000243267
0.000108107
0.000475775
0.000104253
0.000146269
8.38137e-05
0.000448625
0.000431877
0.000195816
0.000118259
0.000195165
8.15383e-05
0.000130646
0.000148676
0.00021041
0.000173746
0.000318637
0.000232375
7.94605e-05
0.000130362
5.57802e-05
4.6762e-05
2.98653e-05
0.000334668
6.11694e-05
0.000179376
0.00031471
0.000390905
0.000336105
4.68363e-05
0.000183609
0.000572702
0.000207644
0.000205598
9.37944e-05
1.39301e-05
7.67036e-06
1.87191e-05
7.55665e-05
0.000326046
0.000223022
0.000103542
0.000266632
0.000494444
4.21716e-05
0.000275086
0.000120715
6.83327e-05
0.00063376
0.000109433
4.71036e-05
0.000186663
0.000257201
0.00055731
6.59641e-05
0.000407296
5.8783e-05
0.000291524
0.000238602
0.00025952
0.000474983
0.000112301
0.000613089
0.000346243
7.87166e-05
0.00012131
0.000254118
0.000582133
0.000427922
0.000481178
0.000593249
0.000380095
0.000305609
0.000453182
0.000268616
0.000261008
0.000319768
0.000182526
0.000231655
7.25245e-05
0.000274332
8.78294e-05
9.2205e-05
2.12011e-05
2.13418e-05
6.47081e-05
3.54132e-05
2.10778e-05
0.000266971
0.000212261
0.000577718
4.8509e-05
8.23697e-07
0.000104058
0.000352331
9.04789e-05
0.000390625
0.000276759
0.000156133
0.000983253
0.000560395
0.000318696
6.61889e-05
0.000139455
5.19552e-05
0.000122308
0.00018726
3.80397e-05
8.74473e-05
0.00108926
0.000342275
0.000297901
0.000456302
0.000125181
0.00046476
0.0002776
0.000222023
6.43829e-06
6.66704e-07
0.000459925
0.000193468
0.000354966
0.000476155
0.000502768
0.000386224
0.000125471
0.000201625
0.000106501
0.000223615
0.00013616
2.18706e-05
0.000487146
0.000468244
0.000662194
0.000816552
0.000250838
0.000433254
0.000199095
0.00036959
0.000474273
0.000729433
0.00012274
2.12386e-05
0.000148786
0.000447632
1.30479e-05
5.50813e-05
9.44234e-05
0.000101068
0.000412316
0.000363235
0.000615117
0.000536748
0.000410309
0.000525901
0.000237367
4.9202e-05
0.000108888
8.56471e-05
0.000102301
0.000723013
0.000823743
0.000228766
0.000146782
4.67114e-05
0.000244069
0.000435611
0.000303046
0.000142127
3.20506e-05
0.000188639
0.000169721
0.000418982
0.000232234
0.000139058
0.000250948
0.000158655
7.48424e-06
0.000126273
0.000166082
6.17971e-05
0.000531499
0.000405639
2.31247e-05
8.84024e-06
0.000103717
1.26326e-05
8.66286e-05
2.32148e-05
2.43146e-05
0.000476718
0.000220808
0.000575827
0.000234491
0.000158716
0.000256928
0.000417516
0.000494132
0.000655985
0.000154155
0.00052428
0.000624983
0.00013738
0.000474241
4.95176e-05
0.00035271
0.000323265
0.000216101
0.000226058
0.000433603
0.000357812
1.22005e-05
9.80293e-05
3.13921e-05
8.49518e-05
9.18692e-05
0.000355757
0.000459186
0.000581937
0.000497237
0.000445356
0.000436163
0.000168
5.46176e-05
0.000163232
5.04e-05
0.000755162
0.000106241
3.28941e-05
0.000665409
0.000267548
0.000446822
4.44554e-05
5.64493e-06
2.32234e-06
0.000320799
0.000148427
0.000105426
0.000560037
0.000269536
0.000503873
0.000527491
0.000334779
6.88909e-06
0.000150149
1.29248e-06
9.19635e-05
0.000608981
4.51786e-05
0.000402366
4.97486e-05
6.21006e-05
0.000398134
5.79013e-05
6.8441e-05
0.000204396
0.000325526
0.000153873
7.10136e-06
2.25949e-05
0.00024862
0.000486167
0.000364217
0.000234607
6.10991e-05
0.000193429
3.16489e-05
0.000244311
0.000233752
0.000307001
0.000155656
0.000679566
4.28358e-05
0.000639199
5.69355e-05
5.91745e-05
0.000736451
0.000379248
0.000523099
0.000347115
0.000135181
0.00021015
0.000359288
0.000421395
0.000157902
0.000375196
0.000439268
0.000172389
0.000367283
0.000715268
0.000323425
0.0004197
0.000516432
0.000459952
0.000472084
0.000420179
0.000141681
0.000117182
9.53805e-05
5.85944e-05
0.00021764
0.000126815
0.000274623
1.79055e-05
5.4288e-05
0.000113034
6.50106e-05
1.98895e-05
0.000279419
0.000111211
0.000369531
0.000248112
0.00018833
0.000368648
0.000153703
0.000621177
0.000178583
0.000641455
0.00069353
0.000187749
0.000175238
0.000110129
0.000381252
0.000128307
9.95533e-05
0.000424783
0.000624359
0.000534187
2.70277e-05
5.47905e-05
0.000412388
0.000351379
0.000163655
0.000167386
0.000314613
0.000150521
0.000219678
0.000167628
0.000530152
0.000359701
8.74016e-05
0.000376397
0.000302527
3.11184e-05
0.000150829
0.000680388
0.000348151
4.01421e-05
2.09011e-05
0.000953278
0.000280283
0.00068174
0.000119542
0.000234998
0.000442966
0.000155566
2.62345e-05
2.25924e-05
5.53024e-05
0.000441302
0.000503873
0.000555973
4.79091e-07
0.000337314
6.33917e-05
0.000164317
0.000453668
1.69655e-05
4.7927e-05
0.000135596
0.000403192
0.000396999
0.000607247
0.000133162
0.000186934
0.000480839
0.000389625
0.00034827
0.000111653
0.000469575
0.000993653
0.000456479
0.000192083
0.000285845
0.000595708
0.000217534
3.11573e-05
0.000206477
0.000180624
4.92903e-05
9.47392e-05
7.14379e-05
0.000586824
0.000379227
0.000590888
0.000190818
5.60636e-05
0.00044597
0.000347231
0.00057144
0.000121537
0.000261183
0.000108826
0.000152406
0.000476207
0.000156806
0.000489675
8.34452e-06
5.02784e-05
0.000137999
0.000412235
0.00027462
0.000319906
0.000268766
0.000339004
0.000867017
0.000532048
0.000274926
0.000727744
0.000263678
6.84664e-06
0.000236933
0.000342243
0.000159171
7.81596e-05
2.38774e-05
1.3285e-05
0.000998582
0.000412844
0.000303028
6.13684e-05
2.56812e-05
0.000176304
0.000450981
0.000659
0.000160759
9.17089e-05
0.000503212
0.000255583
1.17545e-05
3.02833e-05
0.000283847
0.000263615
0.000276967
0.000300046
0.000570123
8.46892e-05
9.45732e-05
0.000522708
0.000191777
0.000511116
0.000729451
0.000414545
0.000327151
0.000835299
0.000522373
0.000247919
0.000550116
0.000169158
5.85185e-05
0.000387338
0.000133397
0.000395865
0.000170468
8.3526e-05
0.000198212
0.000166248
0.0004002
0.00022099
0.000596705
0.000232546
0.000193423
5.12699e-05
0.000213019
0.000101587
6.08625e-05
0.0001505
7.74576e-05
9.51873e-05
0.000213247
0.000413199
0.000482944
0.000211606
0.000289384
0.000128418
9.093e-05
0.00103961
0.000484162
7.9896e-05
0.000299508
0.000130271
0.000636415
0.000181465
9.86319e-05
0.000215058
0.000331965
0.000283451
6.77504e-05
0.000317138
0.00057353
0.000761316
0.000288289
0.000514267
0.00028121
0.000136762
5.79695e-05
0.000327408
0.000237634
0.000579972
0.000454282
0.000527598
0.000758075
0.000722948
0.000458096
0.000693826
8.78379e-05
0.000124419
0.000163555
0.000132429
0.000132132
0.000590115
0.000415834
0.000263666
0.000263528
6.40521e-05
9.37441e-05
0.000119301
0.000765901
0.000530504
0.000272908
0.000122183
0.000471448
0.000629157
9.9302e-06
7.40974e-05
0.000494194
0.000427258
0.000372402
0.000232721
0.00016025
0.000261915
0.000270576
0.000277242
0.000472928
0.000398603
0.00092392
0.000120279
0.000203192
0.000653267
0.000591105
0.000357823
0.000585762
0.000444124
0.000246193
7.92027e-05
0.000165272
0.000120573
0.000186303
0.000315422
0.00013705
2.71876e-05
0.000301697
0.000312559
0.00064326
0.000324973
0.000276058
0.000587604
0.000425822
0.000446231
1.01316e-05
4.70747e-05
5.48749e-05
3.8093e-06
3.08035e-05
2.20196e-05
0.000723629
0.00016422
0.000356792
0.000456487
0.00061104
0.0001105
0.000218087
0.000402882
0.000579696
0.000213797
0.000176043
5.87204e-05
0.000643481
1.62658e-05
2.11167e-05
0.000405479
0.00017813
0.000241041
0.000698893
0.000866026
2.71067e-05
0.000150856
9.27822e-05
0.000128177
0.000318947
0.000412222
0.000519237
0.000190531
0.000272406
9.06224e-05
0.000477017
0.000175571
0.000313703
0.000566562
0.000614898
0.000618009
0.000381085
0.000317474
0.000427623
0.000482137
8.80252e-05
6.95931e-05
2.9397e-05
1.65225e-05
6.95947e-05
0.000338964
0.000343235
0.0002532
0.000235048
0.000317264
0.000720142
0.000138427
2.06086e-05
0.000144287
0.000353864
0.000181039
0.000349918
0.00025604
0.000322431
0.000479472
0.000131322
0.000431673
5.7854e-05
6.45907e-05
0.000573239
6.2549e-05
0.00040826
0.000819916
0.000221704
0.000106666
0.000295881
0.000492503
0.000142691
0.000140539
4.06927e-05
0.000391638
0.000173704
0.000261529
0.000225705
0.000713748
0.000141976
0.000392933
0.000238788
8.3826e-05
0.000129172
4.79376e-05
0.000351392
2.75822e-05
0.000162362
0.000513206
0.000323616
0.000702585
0.000211863
0.000338223
0.000720929
0.000764877
0.00078911
4.41344e-05
0.000132301
0.000155044
0.000522464
4.69939e-05
0.000214158
3.12904e-05
9.37995e-05
0.00063796
0.000706509
0.000716942
0.000585396
0.000378268
8.28623e-05
0.000303813
0.000619108
0.000479454
0.000339424
0.000193519
0.000333461
0.000324238
0.000457037
0.000193195
8.53277e-05
0.00020409
0.000247527
7.74839e-05
0.000481103
0.000137426
6.95527e-05
0.000318676
5.47567e-05
5.72115e-05
5.36498e-05
0.000580389
0.000298264
0.000642001
4.38401e-05
0.000410453
2.77594e-05
5.67218e-05
0.000341231
0.000209092
0.000276957
0.000302282
0.000698856
0.000506808
0.000228864
0.00016854
0.000193911
0.000758374
0.000216659
0.000140823
0.000603101
0.00025301
0.000397644
0.000409356
6.73402e-06
3.58272e-05
0.000701602
8.68001e-05
0.000198099
0.000655272
0.00041561
0.000306786
0.000295101
0.000298646
0.000497244
0.000901315
0.000673141
0.000170278
7.39078e-05
0.000287283
0.000931677
0.000656102
0.0010996
0.000456915
0.000118166
0.000184699
0.000106016
5.78248e-05
0.000569914
1.66354e-05
1.24413e-05
0.00071995
0.000220125
5.02433e-06
9.68284e-05
2.23006e-05
0.000116686
0.000498355
0.000270104
0.00027554
0.000213213
9.55874e-05
0.000211149
3.41455e-05
0.000145464
0.000263284
0.000437564
0.000331642
8.09214e-05
5.01384e-05
3.7155e-06
0.000169752
0.000125353
3.2048e-05
0.00012939
0.000210289
0.000159029
2.22519e-05
0.000275058
5.11723e-05
0.00032357
0.000666681
3.3796e-05
0.000100411
0.000275869
0.000577279
0.000374914
0.000148673
7.33531e-05
5.31341e-05
0.000228142
0.000635457
0.000304564
0.000342761
0.000600014
0.000202007
5.16713e-05
0.000108092
0.000275292
0.00044185
0.000353994
0.000641173
7.81014e-05
0.00020281
0.000544424
9.26267e-05
0.000272578
0.000389959
5.2782e-06
2.97886e-05
0.000196126
0.000463614
0.00058716
0.000169299
0.000160134
8.16847e-05
0.000125942
5.1007e-05
3.4649e-05
0.000204001
0.000245837
6.20643e-05
2.24988e-05
0.00038155
7.92113e-05
0.000129021
0.000204694
0.000390011
5.43414e-05
7.47121e-05
0.000254536
0.000521189
0.000139855
8.66329e-05
7.3373e-05
0.000141294
0.000517616
7.53488e-05
0.000235512
5.70056e-05
0.000325911
0.000128086
9.96154e-05
0.000120834
0.000257591
0.000264482
0.000173943
0.000328792
0.000791597
0.000691298
0.000800026
0.000439956
0.000172034
0.000327198
7.85584e-05
0.000806276
6.14464e-05
0.000565443
0.000627591
0.000229863
0.000479322
0.000500986
0.000510389
0.000514678
0.000311907
0.000565099
0.000309948
0.000622757
0.000614009
0.000521256
4.82464e-05
0.000202063
0.000257253
1.22503e-05
1.96986e-05
0.000368501
0.0002349
7.43357e-05
2.59613e-05
1.57488e-05
8.30863e-06
0.000152243
0.000641812
8.28875e-05
0.000124662
3.01918e-06
0.000161571
0.000119843
9.36665e-06
0.000627004
0.000700732
0.000165611
9.48292e-05
0.000492726
0.000173969
0.000834366
0.000281441
0.000436685
8.93328e-05
0.000381962
0.000613988
0.000455237
0.000316453
2.08194e-05
0.000510823
0.000393314
0.000495064
0.000501947
0.000373685
0.000253101
3.65135e-05
8.25228e-05
8.67297e-05
0.000246576
0.000323515
0.000713029
0.000258628
3.01566e-05
0.000271661
0.000309789
0.000578307
0.000404437
0.00023589
0.000310005
0.000176081
0.000436853
0.00030055
0.000137476
0.000107885
0.000371074
0.00032982
0.000100089
0.000324724
0.000242687
0.000293274
0.00043237
0.000343763
0.000702372
4.31225e-05
0.000379392
0.000298758
0.000747248
0.000209322
0.000529221
0.000635132
0.000512975
0.000240694
8.06729e-05
0.000115045
0.00015762
7.87855e-05
7.11087e-05
6.49623e-05
0.000759072
0.000630842
0.000297895
0.000279497
0.000342886
0.000450295
0.00033437
0.000373431
0.000425883
0.00011722
0.000140441
0.000233807
0.00028233
0.000186045
0.000128962
1.95331e-05
0.0003018
1.73534e-05
0.000270366
9.39056e-06
0.000317798
0.000324319
0.000400936
2.52339e-05
0.000143318
0.000203756
0.000235769
0.000309871
0.000220504
0.000346262
0.000437969
0.000614114
0.000338489
0.000668648
0.000784147
0.000566816
0.000116863
0.000395055
0.000361246
0.000397726
0.00021229
0.000266738
0.000737896
8.43675e-05
0.00014851
0.000241291
0.00036159
0.000498278
9.07507e-05
0.000189649
8.21365e-05
0.000176058
0.000652827
0.000762223
0.000206108
0.000229565
0.000381677
0.000231316
0.000393776
6.19299e-05
0.00034528
1.85982e-06
0.000125684
0.000515316
6.44734e-05
0.000352551
5.59761e-05
0.000489005
0.000212744
3.86135e-05
5.922e-05
0.000310176
0.000234016
0.000758855
0.000131774
0.000965334
0.000252041
4.19465e-05
0.000206743
0.000463684
0.000156252
0.000704306
0.000574679
8.5891e-05
2.78493e-05
0.00016228
0.000442091
0.000107205
0.000322411
0.000592392
0.000731525
0.00059333
0.00025815
0.0008248
0.000378761
0.000196326
2.92253e-05
2.52261e-05
0.000494815
0.000362845
0.000828471
0.000211672
0.000694074
0.00018828
6.77497e-05
6.70148e-05
0.000111805
0.00026734
0.00010477
0.000120687
0.000172283
0.000239856
0.000352219
0.000423698
0.000171482
0.000479407
0.00051794
0.000454349
0.000447376
0.000466133
3.11445e-05
4.65013e-06
7.01812e-05
0.000219522
1.20423e-05
0.000274066
8.01477e-06
6.82594e-05
5.40324e-05
0.00058211
0.000308367
0.000368895
0.000573808
0.000650831
0.000385077
7.96607e-05
9.16499e-05
0.00025785
0.000632053
0.000183073
4.41773e-05
2.11943e-05
0.000120028
0.000347126
3.932e-05
0.000327198
0.000124217
0.000101685
0.000360988
0.000914058
0.000533547
0.000393793
0.000559346
0.000567745
0.000893957
0.000232069
5.24023e-05
0.000852244
0.000319473
0.000452546
0.000213254
0.000681157
0.000268168
0.000476124
0.000424923
7.48687e-05
4.80792e-05
3.43317e-05
0.000116347
2.02894e-05
0.00012122
0.000154838
0.000208117
0.000361388
0.000121728
0.000369712
0.000136656
0.00014598
7.57608e-05
3.2692e-05
0.000305719
0.000454418
0.000340873
3.23781e-05
1.84832e-05
0.000101619
0.000569819
0.000293818
2.86026e-05
1.56052e-05
5.44013e-05
0.0001978
0.000165556
0.000215311
0.000383251
0.00014617
0.000193399
7.79747e-05
0.000473263
0.000882537
0.000373459
0.000650764
0.00016574
0.000424504
9.34153e-05
3.03169e-05
0.000205614
7.14666e-05
0.000393239
0.000156133
0.000175426
0.000257579
0.000329482
0.000279644
0.000324451
0.000487733
0.00035915
8.18215e-05
0.00058853
0.000404084
1.67166e-05
0.000344826
0.000337571
0.000312416
0.00030204
0.000363807
0.000354516
0.000583793
0.000301772
0.000236289
0.00039238
0.000708492
0.000405114
0.000784193
0.000448638
0.000168579
4.78894e-06
7.47507e-05
7.47674e-05
3.65124e-05
3.32023e-05
2.55433e-05
6.28598e-05
4.29789e-05
9.99365e-05
0.000344815
0.000488581
0.000142393
0.000485891
0.000762983
0.00108771
0.000687382
0.000181846
6.5144e-05
0.000429336
8.01054e-05
7.77425e-05
0.000435186
0.00029687
6.68911e-05
2.29613e-06
0.000117159
0.000274481
0.000533904
0.000233236
0.000545763
3.67089e-05
0.000105054
0.000141882
0.000271139
0.000432868
9.61059e-06
0.000197706
0.00014847
9.73069e-05
0.000323622
0.000197124
0.000428648
0.000612436
0.000358104
7.80562e-05
0.000306483
0.000119624
7.29357e-05
0.00032375
0.000166267
0.000135419
0.000125553
8.10661e-05
1.73804e-05
4.29337e-06
2.26251e-05
0.000274191
0.000408569
0.000236812
0.000703084
0.000585929
0.000577095
0.000444921
0.000519134
2.65599e-05
0.000282363
6.49709e-05
0.000109639
0.000657882
0.000338654
0.000272801
0.000104889
0.000106528
0.000317547
0.000352783
7.94321e-05
0.00024893
4.35197e-05
0.000455027
4.3097e-05
0.000403761
4.05574e-05
0.000247651
0.000208158
0.000324797
0.000214259
0.000532624
0.000355967
0.0003387
0.000141891
0.00039223
9.36359e-05
0.000658322
5.55986e-05
8.26402e-05
7.51154e-05
0.000208816
0.000277468
0.00025545
9.29927e-05
9.96134e-05
4.95536e-05
0.000270652
0.000379846
3.96562e-05
0.000132494
8.5956e-05
2.81143e-05
0.000128823
0.000146596
0.000889768
0.000692928
1.32413e-05
1.43902e-05
0.000316621
0.000598228
0.000867463
0.000537388
0.00049301
9.82756e-05
0.000619064
0.000520214
6.65707e-05
0.000719722
0.000385681
9.83077e-05
0.000138405
1.88275e-06
4.22319e-06
0.000114245
0.000170316
0.000199211
0.000789717
0.000416692
0.000123354
0.000217052
0.000114914
0.00041649
0.000516999
0.00035108
0.000126165
0.000791985
0.000596743
0.000544932
0.000526762
0.000428702
0.000223365
3.80268e-06
8.16871e-05
8.64753e-05
0.000578668
0.000409213
0.000601635
0.000379718
0.000288308
8.84168e-06
0.000111086
0.000786795
0.000353277
0.000322826
4.83801e-05
0.000107658
0.000599404
0.000288535
1.54431e-05
3.63691e-05
0.00019122
0.00039612
0.00013594
0.000249979
0.000732202
0.00048013
0.000277469
0.000387923
5.73867e-05
0.000162735
0.000155176
0.000532644
0.000290677
0.000400332
0.000384805
0.000386576
0.000517605
0.000272166
0.000597331
0.000301072
0.000212373
2.43735e-06
4.21715e-05
2.77622e-05
0.000418148
0.000170468
0.000298104
0.000116124
0.000502486
0.00013226
0.000139285
0.000166359
0.000139753
0.00020628
5.06707e-05
0.000247545
0.000642908
0.000388196
0.000108864
0.00021308
0.000580977
8.38398e-06
4.7362e-05
0.000417661
0.000620953
0.000673995
0.000166265
0.000138467
0.000144798
0.000428284
0.00037165
0.000406845
0.000306854
0.000227841
1.09776e-05
0.000215389
0.000414667
0.000409842
0.000708524
0.000469456
0.000323559
0.000181619
0.000759048
0.000223626
0.000425731
0.000766466
0.000400165
0.000324411
0.000305047
0.000466568
0.000435234
0.000264959
3.21513e-05
0.000355836
4.5666e-05
0.000917379
1.89564e-06
7.38714e-05
5.43295e-05
0.000168091
0.00021928
0.000846291
0.000395093
0.000489189
0.000282574
1.67451e-06
3.72911e-05
0.000256464
8.41152e-05
0.000167339
0.000624432
0.000356921
0.000307311
0.000106285
0.00038336
1.4166e-05
5.18469e-05
0.00021561
0.000113331
0.000156392
0.000364836
0.000216986
0.000186967
0.00031017
0.000117723
6.50674e-05
0.000236258
0.000418647
0.00021698
5.93085e-05
6.40112e-06
1.81044e-06
0.000621484
7.35938e-05
7.08443e-05
0.000226015
0.000589928
0.000403618
0.000433452
0.000336883
4.98921e-05
6.58405e-05
2.75347e-05
3.32954e-05
0.000111685
0.00022021
7.09988e-06
6.05169e-05
0.000262169
1.63469e-05
6.79053e-05
0.000122468
0.000238271
0.000327943
2.37813e-05
5.48041e-05
2.9643e-05
0.00011996
3.39404e-05
5.8214e-05
0.000288651
0.000493197
0.000254264
0.000295208
0.000443522
0.000132834
0.000247157
8.17535e-05
0.000167293
0.000419126
0.000350197
0.000257126
0.000171494
9.90688e-05
9.83272e-05
0.00045667
0.000367366
4.8671e-06
0.000405057
0.000331956
0.00036638
0.000512035
0.000147288
0.000193436
0.000414779
0.000208617
7.32592e-05
1.64866e-05
0.000292109
0.000275229
0.000620073
0.000413793
0.000199733
6.50926e-05
0.000229729
0.000220473
5.84811e-05
9.56981e-05
0.000204503
0.000103947
0.000109378
0.000230137
0.000148987
0.000332442
9.08259e-05
0.000322634
5.01508e-05
5.49745e-05
1.73323e-05
0.000367271
0.000172031
3.74169e-05
0.000301519
0.000144918
0.000279712
0.000107309
4.63914e-05
0.000295538
0.000190562
0.000278501
0.000318184
0.000466628
0.00037103
0.000295306
1.80557e-05
5.83593e-05
0.00037195
0.00030638
0.000187877
5.38245e-05
0.000510877
0.000702213
0.00031856
0.000396783
0.00017951
0.000240409
0.000134195
0.000157201
1.43099e-05
4.69028e-05
0.000663545
0.000125818
3.65488e-06
5.46391e-05
0.000677202
0.00010125
9.06251e-05
5.41845e-06
0.000449356
0.000187683
0.000151981
0.000384512
4.90352e-05
3.27545e-05
0.000512511
0.000560936
0.000387022
0.000445494
0.000110516
0.00033895
0.000346268
0.000359305
0.000377357
0.000166743
2.135e-05
0.000188724
0.000600517
0.00108033
0.000280229
0.000102099
0.000216521
0.000201162
0.000313468
0.000286042
0.000190912
0.000169998
0.000264796
0.000328348
6.09537e-05
0.000346519
0.0006078
0.000405739
0.000453749
8.198e-05
0.000380873
0.000701579
0.000559394
0.000722962
5.58492e-05
6.28983e-05
0.000120829
0.000443636
0.000425033
0.000165901
0.00033357
8.89306e-05
0.000127389
0.000102539
0.000226718
8.87495e-05
0.000334319
0.000120207
0.000550382
0.000291335
0.00022615
0.000615472
0.000100019
0.000230499
0.000872819
0.000577056
0.000262706
9.16437e-05
0.000240844
7.48503e-06
8.12885e-05
9.40729e-05
0.0001622
0.000154539
0.000247531
0.000253395
0.000540136
0.000169547
3.2935e-05
6.81196e-05
8.83073e-05
0.000195221
8.79651e-05
0.000437166
0.000445429
0.000250645
0.000272933
3.01476e-05
0.000169604
0.000561753
0.000440579
6.43862e-05
0.000258149
7.84816e-05
0.000206978
0.000113541
0.000258336
0.000239946
0.000534699
0.000295065
0.000156917
0.000464284
0.00030094
0.000269782
4.49402e-06
2.15315e-05
0.000122519
0.000264733
0.000512242
0.000637396
0.000417759
7.18518e-05
5.75049e-05
0.00014365
5.77092e-05
0.000148029
0.000246973
0.000598014
0.000446555
9.27202e-05
0.000400593
0.00018032
0.000448484
0.00045496
8.2356e-05
5.91484e-05
0.000364153
0.000837148
0.000707122
0.00072407
0.000462497
0.00058224
0.000330797
0.000461007
0.000636203
0.000259383
0.000198329
0.000493997
1.95364e-06
7.69223e-05
0.000163337
0.00019403
0.000493782
0.000317891
0.000580383
0.00023807
0.000103052
0.000287619
6.7915e-05
0.000893215
0.000739482
0.000276248
6.05926e-05
0.000265741
0.00013593
0.000419336
0.000354737
0.000507766
0.000182885
0.000495975
9.77573e-05
0.000150325
0.000117914
0.000369459
8.72829e-05
0.000542218
5.58273e-05
0.000544781
0.000324731
8.17746e-05
0.000474816
2.28281e-05
0.000449995
0.000201957
0.000115899
0.000401885
0.000758115
0.000596545
0.000524337
0.000500155
3.71583e-06
0.000201184
0.000532956
0.000232934
0.000236665
9.37431e-05
0.000179288
0.000481879
0.000578679
5.80684e-05
1.4551e-06
0.000105279
0.000737939
0.000274499
0.000126948
0.000155635
0.000299912
1.90805e-05
5.70094e-06
0.000238386
9.03808e-05
0.000171829
0.000663972
0.000241891
4.7147e-05
0.00042332
1.79969e-05
0.000578678
0.00015252
0.000608459
2.06461e-05
0.00045954
6.47838e-05
0.000148473
2.94289e-05
8.33525e-05
0.000279228
0.000271644
0.000668437
0.00040509
2.07987e-05
1.13623e-06
2.5664e-05
8.33522e-07
8.55336e-05
0.000659034
0.000497267
0.000420345
0.000287705
0.000409783
2.23422e-05
0.00012706
0.000114889
2.54422e-05
0.000202308
0.00022305
0.000824105
0.000297509
0.000612832
0.000154006
0.000390741
0.000321566
0.000109998
4.48304e-05
0.000148178
2.65529e-05
9.43163e-05
0.000262976
1.51874e-05
5.60824e-05
0.0004267
0.000295036
5.82219e-05
0.000348648
0.000595703
0.000356568
3.73889e-05
2.11696e-05
2.47254e-05
0.00010613
0.000105245
2.17637e-05
1.16151e-05
0.000100106
1.24001e-05
9.54612e-05
0.000232193
0.000163341
0.000391694
0.000214459
0.000602996
0.000436944
8.34246e-05
7.37037e-05
0.000628597
0.000176718
0.000187355
1.30431e-05
0.000113427
5.31248e-05
0.000200764
9.10573e-05
0.000100972
2.19228e-06
6.32219e-05
0.000343189
0.000605178
1.35338e-05
3.73315e-05
7.64484e-05
0.000240661
1.71198e-05
0.000502364
0.000290719
0.000477867
0.0002172
0.000453063
0.000378306
0.000122274
0.000355586
0.000250902
0.000385636
0.000393866
0.000301441
0.000602565
0.000379854
0.000354357
0.000237136
0.000467029
0.00083593
7.61699e-05
3.40437e-05
2.18023e-06
0.000365559
0.000111249
8.75479e-05
0.00024673
0.000775754
0.000241856
3.50512e-05
0.000223445
0.000264967
0.000291758
0.000266947
0.000435512
5.36852e-05
0.000225518
5.22921e-05
0.000257885
0.000537661
0.000113166
8.89446e-05
0.000188907
0.000239865
0.000261392
7.31774e-05
0.000661167
0.000435203
0.000412522
0.000661597
0.000968821
6.26692e-05
9.24725e-05
0.000584858
0.000872614
0.000547347
0.000680968
0.000204949
0.000298982
0.000649127
0.000763662
9.02987e-05
0.000374213
0.000504932
0.00066522
4.93531e-05
0.000157685
0.000203807
0.000204413
0.000134498
5.36426e-05
0.000218376
0.000475494
0.000182524
0.00071502
0.000341163
0.00031163
0.000353642
0.000232308
0.000227449
5.63142e-05
9.02827e-05
0.000338217
0.000126417
4.05973e-05
0.000231589
0.000596677
0.000206614
6.35925e-05
0.000308328
0.000933309
0.000161558
0.000128831
0.000503031
0.000493598
0.00013783
0.000566838
0.000520236
0.000310305
1.74351e-05
4.4454e-05
0.000178279
0.000465365
0.000750741
0.000100008
0.000189902
0.000427776
0.00025685
0.000389248
0.000136652
0.000408815
3.36131e-05
0.00045981
0.000479838
0.000241439
2.60003e-05
2.5352e-05
9.92254e-05
0.000158499
0.000144837
0.000196692
0.000469738
0.000130447
0.000262323
0.000313568
0.000128008
0.000408386
0.000585367
0.000309784
0.000237644
0.000944336
1.69814e-05
0.000245661
0.000388951
0.000437425
0.000124984
0.000120408
0.000113267
7.95542e-05
0.000446085
0.000980311
0.000117883
0.000129942
0.00055908
0.000191924
8.18096e-05
0.000142838
4.41816e-05
0.000225047
0.000823673
7.86566e-05
0.000485728
0.000239717
0.000246314
0.000527734
0.000116307
0.00050039
0.000618305
0.000229474
0.000176186
0.000209105
0.000486751
0.000127377
0.000306567
0.000559544
0.000318848
0.000596247
0.000570415
0.00049516
0.000473996
0.000469572
0.00057493
0.000309719
0.000404824
0.000278187
0.000722304
0.000103816
0.000209198
7.42258e-05
0.000215639
0.000782546
0.000242757
0.000831134
0.000108723
2.68984e-05
0.000385434
0.000409475
0.000196084
0.000408972
7.5467e-05
8.15189e-06
8.6906e-05
0.000534963
0.000444177
0.000260459
0.000334701
1.59429e-05
5.20308e-05
0.000320667
0.000228653
6.97722e-05
6.58812e-05
0.000248395
0.0003149
0.000373843
0.000548269
9.85477e-05
0.000499095
0.000618298
0.000394149
0.000681574
0.0001907
0.000139166
0.000447307
0.000451057
0.000174139
0.000369737
0.000174883
7.35278e-05
3.18883e-05
0.000489724
0.00029137
0.000704887
0.000403528
2.35254e-05
0.000318198
9.45643e-05
0.000666974
0.000124427
0.000455876
0.000131874
0.000377651
0.000672794
6.59088e-05
3.08078e-05
6.36826e-05
0.000381132
0.000154589
0.000342712
0.000575316
5.99145e-05
0.000100157
0.000744803
0.000467076
0.000251985
2.13851e-05
0.000484762
1.38451e-05
0.000298655
9.15088e-05
9.2658e-05
0.000107408
0.000286703
0.000579874
0.000402686
3.60622e-05
6.38939e-05
3.59602e-05
0.00049825
0.000251402
0.000193657
0.000200202
0.000272261
0.000260489
0.000489903
0.000124534
0.000138194
6.74029e-05
0.000607048
0.000135562
1.88357e-05
9.17615e-05
1.29843e-05
0.000218053
0.000265324
8.12666e-05
1.29655e-05
0.000223493
0.000209949
0.00032258
0.000527055
0.000417303
2.19311e-05
0.000260203
0.000557592
0.000236911
5.81725e-05
3.17707e-05
0.000150995
0.000509488
0.000364026
4.35959e-05
0.000154689
9.19869e-05
4.27944e-05
0.000202374
1.35522e-05
0.000173256
5.90519e-05
0.000185243
0.000585348
6.15243e-05
0.000104345
0.000122213
0.000161504
0.000329548
0.000631085
0.000277189
0.000108962
9.42597e-05
0.000489388
0.000457544
0.000390228
0.000126936
0.000130112
7.60778e-05
2.1606e-05
8.80391e-05
0.000515221
0.000278368
0.000152975
0.000687647
0.000466501
0.000142685
3.76686e-05
0.000555344
0.000306834
0.000699128
0.000609875
0.000208337
0.000368774
3.43999e-05
3.66449e-05
2.15417e-05
0.000112149
1.82361e-05
2.80709e-05
0.000614086
0.00028192
0.00039027
0.000393556
0.000348256
0.000467001
0.000474734
0.000157211
2.37898e-05
0.00020907
0.000208897
0.000619304
0.000272637
8.54414e-05
0.000247312
0.000127322
7.70796e-05
9.44342e-05
0.000297588
7.4131e-05
8.75886e-06
9.17713e-05
8.48264e-05
0.000600501
0.000302632
0.000197488
0.000598665
0.000554613
0.000481165
0.000168788
3.773e-05
0.00027189
0.000464897
0.000708557
0.000432579
0.00014977
0.000708656
0.000360644
0.000273407
3.73626e-05
0.000254899
0.000141015
5.38741e-05
0.000235166
0.000475895
7.65261e-05
0.000195734
0.000677618
0.00094924
0.000137235
0.000214052
0.000122802
6.2019e-06
6.3273e-06
0.000101823
0.000197337
3.38816e-05
4.85901e-07
5.64545e-05
0.000590518
0.000177212
0.000158482
5.79154e-05
1.62418e-05
0.000315574
4.62323e-05
0.000224906
2.85923e-05
8.5832e-05
0.0002941
0.000227473
0.000533319
0.000452291
0.000429851
0.000134544
0.000162249
0.000213817
0.000136577
0.000236532
0.000412283
0.000439463
0.000193919
0.000621271
0.00020825
9.47599e-05
0.000459624
0.000544221
0.000229243
0.000258006
0.000537258
0.000416169
0.000202203
0.00012893
0.000283223
0.000484634
0.000126988
0.000310361
0.000198289
0.00024806
7.1148e-06
4.08107e-07
0.000203409
0.000346196
0.000458373
0.00022057
5.82586e-05
0.000220644
0.000587383
0.000437752
0.00020068
0.000186701
2.21234e-05
0.000373568
7.85072e-05
9.21632e-05
2.57058e-05
0.00022819
0.000621091
0.000165679
0.000342085
0.000176369
0.000618026
0.000623737
0.00011943
7.66862e-06
0.000301599
0.000594358
0.000695277
0.000266223
0.000512735
0.000148411
0.000529086
0.000391955
0.000190704
0.00029087
0.000107155
9.85683e-06
2.98514e-05
0.000143158
0.000265016
0.00026187
0.000599228
0.000258049
0.00022032
0.000397673
0.000322482
0.000142158
1.43136e-05
1.90267e-06
0.000218239
0.000485726
3.73623e-05
7.13217e-05
0.000154523
5.05796e-05
0.000211732
9.9341e-05
3.24227e-05
0.000452994
0.000333567
0.000439396
0.000213386
0.000489207
0.000105266
0.000558055
0.000133471
0.000902322
0.000708059
0.000564772
0.000564152
0.000410563
0.000486819
0.000617232
0.000626169
0.000233816
0.000311218
0.000391707
0.000470935
0.000552281
0.000104819
0.000175258
0.000330479
0.000190387
0.000520362
0.000402787
0.000137268
0.000198314
0.000106705
0.000314885
0.000826142
0.000222278
0.000532432
0.000387592
0.000171835
0.000435699
0.000368431
0.000326745
7.23185e-05
0.000209932
0.000471645
0.000547522
0.000484903
6.57877e-06
0.000442341
0.000170077
0.000140456
0.000650872
0.000145407
0.000160519
7.94282e-05
0.000277553
0.000324742
0.000454487
0.000339986
0.000105118
0.000151943
1.19856e-06
0.000311895
0.000591675
0.000348812
0.000458444
0.000118073
2.00398e-05
0.000107603
0.000384743
0.000429834
0.000708545
5.7913e-05
0.00059822
0.000160413
0.000635503
0.000131128
0.000431856
0.000620811
0.000618564
0.000712739
0.000495259
0.000260555
0.000104616
0.000555353
0.000174751
6.44617e-05
2.77966e-05
8.75343e-05
0.000140512
0.000185535
0.00017917
0.000530929
0.00015529
6.85964e-05
1.03441e-07
0.000321223
0.000592417
3.15161e-05
0.000649686
0.00019955
1.85459e-05
0.000132473
0.000160143
0.000180101
0.00045997
0.000342063
0.000374999
0.00051036
0.000263372
0.000737307
0.000443508
0.000508571
0.000756966
0.000200635
0.00016603
0.000112017
0.000725127
0.00059791
6.29535e-05
0.00024898
0.000175111
0.00043954
0.000430631
0.000377655
0.000545473
0.000548386
0.000545641
0.000723881
0.000342014
0.000131629
4.53634e-05
6.37342e-05
0.000309069
0.000449334
4.70513e-05
0.000346813
0.000205202
0.000246048
0.000135911
0.000472273
0.000228555
9.91375e-05
0.000449739
0.000432264
0.000650585
0.000435784
0.000294432
0.000519349
0.000226693
4.11868e-05
0.000235896
0.000797711
0.000337775
0.000364218
0.00090377
0.000442007
0.000100386
0.000285733
0.000727635
0.000734563
2.59148e-05
0.000122627
0.000224142
0.000326139
6.56649e-05
0.00021157
0.00069449
0.000492853
0.00052133
5.82218e-05
5.74867e-05
5.28154e-06
7.42746e-05
0.000819019
0.000464123
6.33406e-05
0.000213202
0.000404007
9.52449e-05
3.85986e-05
0.00048901
0.00010747
0.000165995
0.000535829
7.37167e-05
0.000354191
0.000402638
0.000109647
3.28847e-05
0.000204889
0.00028976
0.000264862
0.000540187
0.000331197
4.86902e-05
9.44226e-05
0.00065182
0.000158105
0.000462258
0.000569793
0.000256919
5.00173e-05
0.000282963
0.000152308
0.000410846
0.000603844
0.000706548
0.00039187
0.000449581
0.000441389
0.000509195
0.000130135
0.000391724
0.000170199
2.8134e-05
7.25673e-05
3.73776e-05
0.00024018
0.00011888
0.000304296
0.000187292
0.000119848
5.68064e-05
0.000460262
0.000416029
0.000162254
0.000415587
0.000524714
0.00039048
0.000165026
1.26973e-05
0.000535277
0.000209117
0.000440819
0.000176593
0.000409671
0.00110436
0.000135509
0.000309401
0.000525177
9.11708e-05
0.000317772
1.57354e-05
0.000331823
0.000328588
9.20189e-05
0.00016289
0.000435586
0.000343121
0.000302481
0.000282499
0.000432559
0.000183104
0.000392744
0.000206501
0.000523636
0.000545261
0.000755047
0.000726729
0.000726501
0.000364091
0.000372296
0.000331686
0.000513372
0.000277388
0.000381644
0.000267465
0.000282507
0.000375192
0.000413004
9.24421e-05
4.39224e-06
0.000626641
2.43825e-05
0.000537377
0.000363061
0.000466281
0.000251536
0.000384602
0.000102734
0.000943517
0.000492988
7.134e-05
0.000309993
0.000443317
0.000106962
0.000385981
6.47062e-05
6.98004e-05
0.000349478
0.000232818
0.000497757
0.000226458
6.56986e-05
0.000107211
0.000289917
0.000252437
0.000295236
0.000499239
0.000271649
0.000178167
6.49099e-05
0.000292568
0.000283719
8.40882e-05
4.48775e-05
4.61391e-05
2.84226e-05
0.000330533
0.00034217
0.000519166
0.000190912
2.03915e-05
4.96457e-06
2.19084e-05
0.000119394
0.000294141
0.000489587
0.00052873
0.000129845
3.4009e-05
0.000557826
0.000478496
0.000610501
0.000353433
0.000530981
0.000181541
0.000269453
0.000156396
0.000131039
0.000130038
0.00022687
0.00015073
0.000340247
0.00034258
0.000103259
0.000138694
0.000311819
0.0002183
7.37095e-05
0.000100426
0.00036543
0.000474117
0.000105809
5.13163e-05
0.000119671
4.95991e-05
8.97968e-07
1.18026e-05
0.000292679
0.000105167
0.000227606
0.000423278
9.49338e-05
0.000123871
0.000269466
4.71433e-05
5.03335e-05
0.000191675
0.000250843
0.000254402
0.00041023
0.000229858
0.000174493
0.0003038
0.000457698
0.000145542
0.000276663
7.48805e-05
4.43858e-05
1.68004e-07
0.00058423
0.000362999
0.000907918
0.000458076
0.0004548
0.000193559
0.000302816
0.000225292
0.000341907
3.96414e-05
0.000258836
5.62757e-05
0.000574447
0.000488373
0.000156859
0.000204859
4.29436e-07
3.41559e-05
0.000551284
0.000266503
0.00018289
0.000129279
0.00034963
0.000336643
0.000461014
0.000462517
0.000421733
0.000433909
0.000183349
0.000170759
0.000362624
0.000386224
5.15965e-05
9.52761e-05
5.05461e-05
1.42328e-05
2.33583e-05
6.24586e-05
0.000394782
0.000186447
0.000485016
0.000382306
0.000450479
0.000267433
0.000281756
0.000735089
0.000474402
6.29127e-05
3.94603e-05
0.000266509
0.000289315
0.000653567
8.81988e-05
1.28722e-05
0.00028908
5.43279e-05
0.000577388
0.000343058
9.0069e-05
6.0933e-05
2.15107e-05
8.51367e-05
0.000455852
0.000231358
6.20328e-05
5.11564e-05
0.000511069
0.000336334
0.000211545
9.03685e-05
0.000701961
0.000450781
0.000200873
0.000601826
0.000129195
0.000137951
0.000242983
0.000121719
0.000105509
0.000143222
0.00032084
0.000207135
0.000113808
7.94613e-05
0.000400206
3.56311e-05
3.34266e-05
1.71969e-05
8.42523e-05
0.000461906
0.000450189
0.000624376
9.21007e-05
2.19168e-05
5.98716e-06
1.98337e-05
0.000133926
0.000334502
1.64605e-05
4.93065e-05
0.000431233
0.000406755
0.000209453
0.000179146
0.000230506
9.92644e-05
5.24202e-06
0.000114617
5.69487e-05
3.6069e-05
0.000400981
4.26677e-05
0.000633089
0.000278159
0.000350695
0.000352298
0.000622462
0.000474903
0.000209845
0.000408399
4.5449e-05
0.000654043
0.000225065
0.000737344
4.33989e-05
0.000295694
0.000128816
1.36905e-05
3.58843e-05
0.000295767
0.000484951
9.78613e-05
0.000397143
0.000473832
0.00071599
0.000187401
0.000644305
0.00030251
0.00042302
5.19276e-05
0.000131672
0.000367319
0.00011106
7.11242e-05
0.00017066
0.00027755
0.000307116
6.02469e-05
5.34356e-05
0.000234962
0.000150006
0.000179317
0.000266932
7.95825e-05
0.000227831
4.92585e-05
0.000186488
0.00085592
0.00045127
0.000302313
0.000336251
0.000373628
0.00017411
0.000220683
0.000550979
0.000113096
6.626e-06
2.31884e-07
0.000135761
0.000574181
0.000253735
0.000482332
0.000339284
0.000457535
6.12877e-05
0.000802832
0.00047946
0.000508692
0.000246988
4.58777e-05
0.000834209
0.000529115
0.000422128
9.41239e-05
0.000448492
0.000631956
0.000346814
0.000420396
3.6245e-05
0.00032951
0.000294387
0.000211027
0.000462916
0.000330995
0.000421591
0.000796969
6.15709e-05
0.000736541
4.17694e-05
0.000253607
0.00047049
0.000329552
0.000411674
0.000995886
0.000500975
0.000495515
0.000343227
0.000753617
0.000286301
0.000245479
6.74364e-05
0.000343717
0.000508382
0.000323629
0.000290843
9.36199e-05
0.000340604
0.000164805
0.000205825
0.000127084
0.000594709
4.43421e-05
0.000724926
0.000438491
8.81352e-05
8.20466e-06
5.60347e-05
2.32269e-06
0.000138554
0.000206146
0.000389081
0.000480618
0.000609885
0.00040218
0.000727051
0.000154362
1.69829e-08
2.28347e-05
2.42093e-05
8.77285e-06
0.000243406
0.000832244
0.000307224
0.00038413
0.000116518
3.76745e-05
5.12773e-06
1.2896e-05
0.0004532
0.000130797
0.000191898
3.42403e-05
0.000284454
0.000377306
8.88654e-05
2.67419e-05
0.000230605
0.000310809
0.00017408
0.000234685
0.000249206
0.000202185
0.000205955
0.000114911
0.000586746
0.000433968
0.000457288
0.000603318
0.000511794
0.000205576
0.000157997
0.000334259
1.78591e-05
0.000471328
0.000313783
0.000147581
0.000302946
0.000717845
0.000155976
4.51181e-05
0.000386184
0.000406691
6.69762e-05
0.000197108
0.000333698
6.02301e-05
0.00024938
0.000473991
0.000589243
0.000565097
3.67243e-05
0.00010456
6.56398e-05
8.60811e-05
0.000309226
0.000365945
0.000315302
1.58913e-06
0.00047012
0.000138602
1.23014e-05
0.00033317
0.000101531
0.000199735
0.000605791
0.000476432
0.00023755
0.000900916
0.000375484
0.000325834
1.6645e-05
0.000128209
0.000682844
0.000562813
0.000201441
0.000165337
0.000520574
0.000788377
0.000179167
9.50466e-05
0.000195176
0.000351978
6.87025e-05
0.000182478
0.000227942
0.000164374
0.00027072
0.000153268
5.33568e-05
0.000142157
0.000113598
0.000121104
3.96506e-05
4.5834e-05
0.000194466
7.06405e-06
0.00043593
0.000226426
6.89398e-05
0.000336506
0.0003895
0.000203376
0.000230051
8.7013e-05
0.000218793
0.000965236
0.000751445
0.00016655
0.00029467
0.000368677
0.000474137
0.000586355
0.000265627
3.35919e-05
5.77986e-05
2.67826e-06
4.43362e-06
0.000124642
0.000276419
0.000117458
0.000379953
0.000303696
4.54393e-05
0.000340827
0.000287336
0.000382547
0.000375007
0.000283413
1.20463e-05
0.000521921
0.000380173
0.000618277
7.19541e-05
8.85978e-05
0.000637345
0.000555338
0.000167157
0.000255932
0.000332993
2.76194e-05
0.000189982
9.5332e-05
0.000501727
0.000236368
0.00011809
6.24749e-05
0.000211217
7.36679e-05
0.000346234
0.000140869
0.000110823
0.000139799
0.000598062
4.91052e-05
9.74022e-06
2.91053e-05
0.000497726
0.000144131
0.000161164
0.000282651
0.000375268
0.000211521
0.000177111
0.000287733
0.000208833
0.000164255
0.000306436
8.48256e-05
0.000304106
9.85811e-05
0.000209196
0.000519448
5.26086e-05
0.000192975
0.000345916
0.000208438
0.000227399
0.000148338
0.000188374
0.000282747
0.000498439
0.000177502
7.4735e-05
0.000328405
0.000434036
0.000810013
0.000141601
0.000128016
0.000286901
1.03019e-05
1.38056e-05
0.00013749
0.000434779
0.000205291
0.000362729
1.69479e-05
0.000127974
3.35185e-05
4.85043e-05
0.000193569
0.000244475
7.09942e-05
3.8752e-06
0.000369875
0.000374595
0.000748169
0.000398005
0.000268097
0.000603639
0.000320194
2.17296e-05
0.000651361
0.000177463
0.000256288
9.91152e-05
0.000235631
0.000522484
4.00941e-06
0.000114221
4.52445e-06
5.37929e-05
4.90716e-05
0.000394471
1.43951e-05
0.000497183
0.000230226
6.72533e-05
2.49237e-05
2.45366e-05
0.000140455
0.000375706
0.000360282
0.000607385
0.000177273
3.44843e-05
0.000103726
0.000106476
3.0883e-05
6.86569e-06
0.00037922
0.000211135
0.000238664
0.000119327
6.14168e-05
0.00022087
0.000121593
0.00066352
0.000499164
0.000445291
0.000119341
9.65843e-05
9.09009e-05
0.000274733
0.000114509
3.03733e-06
0.000264105
0.000753013
0.000163146
6.5947e-05
2.20401e-05
0.00012652
4.93109e-05
1.53704e-05
4.77793e-05
1.59435e-05
7.61353e-05
0.000430901
0.000221394
6.64363e-05
0.000181719
4.97275e-05
0.000459609
0.000124821
0.000288859
0.000491124
0.000623382
0.00044671
7.78393e-05
0.000632553
0.000173927
0.000437099
0.000154508
0.000189578
0.000334636
0.000170745
0.000343304
0.000582029
0.000115945
0.00011711
0.000572082
8.16916e-06
0.000466802
0.000184664
3.44397e-05
0.000151254
2.05296e-05
0.000210169
0.000112262
0.000124338
0.000656385
0.000321835
0.000357111
9.42769e-05
0.000327068
0.000332002
0.000169449
0.000110992
0.000182149
0.000247565
0.000432252
0.000451359
4.67858e-05
0.000143297
0.000208232
0.000100942
0.000231533
6.43793e-05
0.00033166
9.81931e-05
0.000190141
0.000158886
2.23075e-05
8.51841e-05
4.4541e-05
1.69742e-05
0.000242232
0.000613759
0.000299054
0.000370037
0.000107666
8.00466e-06
0.000415883
0.000106042
0.000834543
0.000277424
2.89498e-06
7.14314e-05
0.000345634
0.000145957
2.5793e-05
0.000197056
0.000700097
5.69203e-05
0.000518179
0.000199542
1.00995e-05
2.70189e-05
4.52858e-06
0.000335231
4.90405e-05
2.6215e-05
4.84539e-05
0.000579589
0.000291828
0.000141921
0.000696719
0.000311763
0.000539888
0.000389657
0.000214948
0.000638612
0.000178897
0.000348113
0.00025263
5.46976e-05
0.000926024
0.00054235
0.000476219
0.0006443
0.000391696
4.88382e-05
4.95478e-05
0.000114683
0.000542506
0.000382016
4.53943e-05
2.21209e-05
4.22396e-05
3.80431e-05
0.000225828
6.58344e-05
0.000212472
6.72786e-05
0.000166616
0.000121058
9.81659e-05
0.000256752
0.000251648
0.000399774
0.000450934
0.000203941
0.00064511
0.00053716
0.000590601
2.6624e-05
1.72537e-05
1.59075e-05
8.94691e-05
4.92712e-05
6.82986e-05
1.3211e-05
2.35375e-05
0.000210383
0.000568657
8.61477e-05
0.000474806
0.000228611
7.90405e-05
0.000161196
0.000215141
0.000652165
0.000327531
0.000182065
0.000396249
0.000124934
6.45713e-05
0.00046538
0.000382927
2.03456e-06
9.94463e-05
1.66439e-05
3.50602e-05
0.000494318
0.000102601
0.000132025
0.000275668
0.000678064
0.000173171
0.000149312
0.00040323
3.67072e-05
0.000336382
8.64907e-05
1.4067e-05
8.05384e-05
0.000145217
0.000288497
0.00038727
5.73831e-05
0.00046342
2.11652e-05
0.00061224
0.000279106
1.86062e-05
0.000262508
0.000203801
3.87309e-05
6.13033e-05
0.000179563
0.000224706
0.000221365
0.000271148
0.000331104
0.000497555
0.000455449
0.000193447
0.000265844
8.0726e-05
0.000169512
4.43874e-05
7.51569e-05
0.000297017
4.9931e-05
6.78934e-05
0.000128616
0.000308237
0.000253348
5.10269e-05
5.36707e-05
1.11999e-05
7.05978e-05
3.67977e-05
0.000126751
0.000119769
6.87773e-05
3.36816e-05
0.000330208
7.63102e-05
6.54614e-06
0.000113474
3.5374e-05
0.000251441
0.000130627
0.000662218
0.000536606
0.000259439
7.31712e-05
0.000108046
0.000685115
0.000676511
0.000384541
0.000805202
7.42465e-05
1.08954e-05
2.24318e-05
2.60836e-05
0.000545196
0.000191714
0.000228166
0.000382488
0.000355481
0.000284285
3.0657e-05
8.85415e-05
0.000317947
0.000491074
0.000642527
0.000197285
9.94534e-05
5.12697e-05
0.000380258
6.18518e-05
0.000552739
0.000456067
0.000234353
6.68373e-05
0.000640378
0.000172414
2.08072e-05
0.00019878
0.000330598
2.39333e-05
7.81899e-05
0.000232514
0.000276429
0.00053527
0.000207419
0.000388418
0.000194427
0.000279846
0.000674916
0.000608084
0.000182926
5.82511e-05
0.000357102
0.00027595
0.000282297
0.000465123
0.000389222
0.000239008
0.000187498
0.000128441
6.04976e-05
6.74835e-05
0.000504199
0.000490009
0.000431184
0.000421739
0.000257642
0.000166444
4.34131e-05
6.68635e-05
0.000408862
0.000610878
0.000114852
9.75076e-06
0.000389433
0.000624365
0.000375337
0.000129206
4.65912e-05
7.31715e-06
0.000304736
0.000483809
0.000531104
0.0006684
1.69832e-05
0.00030145
7.9836e-05
0.00025635
0.00024192
5.87915e-05
0.000206784
0.000508743
0.000429731
0.000703502
0.000630502
0.000480856
0.000346917
0.000142495
0.000193216
0.000390692
8.40516e-05
0.000249231
0.000409668
0.000449077
4.89973e-05
9.37623e-05
7.08382e-05
0.000257881
0.000150454
0.000527342
0.000317319
0.000343055
0.000211492
0.00011099
0.000106547
0.000211077
0.000396026
0.000103475
5.55156e-05
0.000616536
0.000262755
0.00034421
0.000341018
0.000302826
7.4611e-05
1.03141e-05
4.9842e-05
0.000122874
0.000572049
0.000259393
4.64072e-05
0.000436173
0.000481997
0.000349958
0.000116057
2.3043e-05
2.43371e-05
6.27905e-05
0.000145002
2.17899e-05
0.000232804
0.000130801
0.000121369
0.000233973
0.000288979
0.000161223
0.000967602
0.0002299
0.000651651
7.20998e-06
0.000205602
0.00060885
0.000251632
0.000741084
0.000507848
0.000482037
0.00029878
0.000652612
0.000754301
0.000603262
3.63662e-05
2.19458e-05
4.2777e-07
3.44474e-06
8.64305e-05
0.000397107
0.000291402
0.000134385
0.000254859
0.000425781
0.00016741
0.00024966
0.000484971
0.000289899
0.000318439
0.000278499
0.000180785
0.0001889
0.000525814
0.000123931
0.000187121
0.000657379
0.000383739
0.000626584
0.00030675
0.000204069
0.000380036
0.000382882
0.000148222
0.000341837
0.000437854
0.000224218
0.000641404
4.91356e-05
0.000304873
0.000228377
0.000104957
0.00026993
4.08006e-05
2.30443e-05
0.000704283
0.000397331
0.000536417
2.84029e-05
0.00028413
0.000162327
0.000101084
0.000481639
7.28193e-05
9.88036e-05
0.000826348
9.88643e-05
2.01496e-05
0.000317161
0.000651223
0.000401073
0.000435343
0.000657329
0.000564688
0.000249975
0.000137941
0.000142025
0.000742309
0.000521683
0.000145904
9.36574e-05
0.00030022
0.000116245
1.90722e-05
0.000316743
0.000289583
0.00011107
0.000124981
0.000490092
0.000413933
0.00048579
0.000362491
0.000250003
6.9343e-05
0.000253422
0.000357531
0.000482792
0.000430431
0.000321852
0.00018244
0.000184756
0.000278724
0.000103336
0.000539679
7.75236e-05
6.74319e-05
0.000153827
7.75954e-05
5.45713e-05
0.00057435
0.000202158
0.000412945
0.000164193
0.00061091
0.000259175
0.000299906
0.000252229
8.24634e-05
0.000663705
0.00056417
2.14127e-05
5.53762e-05
9.61136e-06
2.1288e-05
0.000288568
5.53375e-05
0.000487338
0.000401117
0.000266258
0.000323136
5.5989e-05
0.000258786
0.000395114
0.000551968
0.000251923
4.8896e-05
0.00020302
0.000353033
0.000302845
0.0004885
8.05523e-05
5.39356e-05
0.000538088
8.29614e-05
0.000506897
0.000241985
4.62082e-05
0.0001538
0.000677624
0.000436916
0.000216698
0.000234876
0.000583503
0.000616691
0.000543875
0.000300808
0.000224301
7.85801e-05
0.000166019
1.78392e-05
3.71629e-05
4.20106e-05
3.45439e-05
9.17727e-05
0.000217288
0.000124658
0.000151691
0.000106273
2.3161e-05
0.000234235
0.000441927
0.000172854
0.000514963
0.000251368
0.000341633
0.000411322
0.000561929
0.000138549
6.2333e-05
2.98741e-05
0.000219952
0.000374514
0.000518649
0.000294281
1.65877e-05
5.1347e-05
0.0002084
0.000457248
0.000441542
0.000274023
0.000227535
0.000235368
0.00057046
0.00015795
0.00071957
0.000642089
0.000444646
0.000519474
0.000763085
0.00036971
0.000570881
0.000941684
0.000532283
0.000540345
0.000304757
0.000803769
0.00011514
0.000385974
5.37781e-05
0.000375696
0.000722508
2.32249e-05
0.000103757
0.00051335
0.000172822
0.000200044
0.000392412
0.000123507
0.000135029
0.000134588
0.0001886
0.00029214
0.000204092
0.000519574
2.14724e-05
4.7609e-05
9.78562e-05
3.54248e-05
0.000312989
0.000672886
0.00029037
0.000149018
0.000167625
0.000131034
0.000462922
0.000511981
0.000435897
0.000144256
0.000139044
0.000121393
0.000128944
0.000571789
0.000398878
0.000439279
0.000692733
0.000146442
0.000361315
0.000255622
0.000328025
0.000200697
0.000110394
0.000173425
0.000227547
0.000204871
0.000183624
0.000301539
9.52928e-05
4.9101e-05
0.000406974
6.44009e-05
0.000367907
0.00011961
0.00013115
0.000346574
3.2436e-05
0.000356751
0.000131247
0.000121449
5.25453e-05
0.000105409
0.000629699
0.000445054
2.2277e-05
0.000111789
0.000164172
0.000118887
0.000112078
4.73424e-07
9.61291e-07
1.12283e-05
9.26722e-08
3.82484e-05
0.000236784
0.000465692
0.000128155
0.000128142
0.000472223
0.000478873
3.71273e-06
3.17719e-05
7.91021e-06
0.000307436
0.000270155
0.000307054
4.27619e-05
0.000400409
0.000127329
0.000262873
4.03695e-05
0.000323667
0.000459274
0.000607405
0.000549042
9.50141e-05
2.11251e-05
2.90524e-05
2.69444e-05
8.63185e-05
0.000116166
0.000168012
0.000471948
0.000223745
2.2892e-05
0.000386474
0.000526797
4.78377e-05
0.000609963
0.000293257
0.000147517
0.000267389
8.2411e-05
0.000891673
0.00042498
0.000256539
0.000127861
9.2686e-05
0.000196247
8.90049e-05
8.38639e-05
0.000739465
0.000443551
7.66114e-05
0.000324608
0.000559387
8.67755e-05
0.00017033
0.000240189
0.000270799
0.000113364
0.000282334
0.000769982
0.000179527
0.00012622
0.000184787
0.000415239
0.000237423
3.67985e-05
0.000336604
0.000290574
0.000535225
0.000241455
0.000324849
0.000333667
0.000142423
0.000353405
0.000206806
0.000276237
8.40572e-05
9.06429e-05
0.000209156
0.000235247
0.000267319
0.000322835
0.000138211
0.000585789
0.000183541
0.000560962
0.000608974
0.00021409
2.92416e-05
0.0002039
0.000182468
0.000214007
0.000146352
1.9343e-05
0.00036176
3.14306e-05
0.000198893
0.0002912
0.000407867
0.000102721
0.000142323
0.000430532
0.000528826
0.000587724
5.55356e-05
0.000498007
9.16855e-06
1.44261e-05
0.000175907
0.000206147
4.16588e-05
7.10611e-05
0.000138065
0.000412974
0.000314558
4.83308e-05
9.4994e-05
0.000130426
0.000393194
0.000436432
0.000139663
0.000613135
0.000205977
3.21737e-05
0.000137739
0.000141889
5.51549e-05
0.000240584
0.000439538
0.000485123
0.000303915
0.000346732
0.000500181
0.000133816
5.66204e-05
0.000311293
0.000595503
0.000660943
1.33111e-05
0.000520382
0.0001041
0.000134317
0.000173384
0.000198502
0.000183121
0.000188815
3.373e-05
0.000184223
8.73854e-05
0.000258552
5.28995e-05
7.85742e-05
9.19963e-05
0.000412758
6.72125e-05
0.000539049
0.000588194
0.00049229
0.000380651
0.000519861
0.000674193
5.02519e-05
0.000760801
0.000116728
0.000127143
0.000299186
0.000501235
0.000771267
0.000514812
0.000432269
0.000693094
1.83823e-05
0.000283491
4.13624e-05
2.73436e-05
0.000347753
0.000151209
0.000112704
9.92195e-05
0.000205484
0.000319275
2.25246e-05
0.000123849
0.00010551
0.000126804
0.000265033
0.000442033
0.00041148
0.00068235
0.000114848
5.81631e-05
0.000232556
0.000669386
0.00015556
0.000789731
0.000539497
2.15114e-05
2.39366e-05
0.000114388
0.000241711
0.000723926
0.000645128
0.000331256
0.000245836
0.000252821
0.00017029
0.000349258
0.00034808
0.000788767
0.000678498
9.65814e-05
7.70608e-05
9.97602e-05
0.000256858
0.000342518
0.000306968
0.000404313
2.24557e-05
7.06025e-05
0.0002011
0.000957071
0.000222928
0.000121151
0.000347698
0.000376698
5.89373e-05
0.000575663
0.000183066
0.000364817
0.000236606
0.000679979
0.000502678
0.000698725
0.000143931
0.000171417
0.000411945
0.000101981
0.000343858
0.000159436
0.000183627
0.000262015
2.36188e-05
0.000115638
0.000358238
0.000348644
0.000317032
0.000149498
0.000162463
0.000190808
0.00019018
0.00043221
0.000183632
0.000155452
0.000107065
0.000182755
0.000223078
0.000198448
3.7737e-05
4.90302e-05
0.000286953
0.00056617
8.55473e-05
1.2309e-06
0.000120829
2.31755e-05
2.93978e-05
0.000375441
0.000830172
0.000581454
0.000353525
0.000215506
0.000696922
0.000220792
0.000733545
0.000356575
3.05078e-05
7.41404e-05
0.000160538
0.000360775
2.89321e-05
0
2.16757e-05
0.000120898
0.000436799
0.000563583
0.000398051
0.000602447
0.000291552
0.000341416
4.38641e-05
3.00248e-05
0.000175294
0.000286889
0.000563549
0.000346157
0.000346923
0.000669688
3.48451e-06
0.000114246
0.000365083
0.000666449
4.39411e-05
0.000111154
0.00045803
3.08661e-05
0.00012024
7.22905e-05
5.57765e-06
4.1018e-05
7.76805e-06
2.63704e-05
3.14699e-05
8.34419e-05
0.000102037
0.000103129
0.000103248
4.19333e-05
5.58672e-05
0.000302104
0.000544104
0.000397175
0.000379581
3.78938e-05
0.000149748
0.000138892
6.78543e-05
2.95204e-05
0.000222036
1.18007e-06
7.02731e-05
0.000461947
6.88765e-05
2.50382e-05
0.000389623
0.000549324
0.000508754
7.40458e-05
0.000688351
0.000469573
0.000705836
0.000618039
0.000250197
3.6769e-06
4.67778e-05
4.32307e-05
0.000157426
6.41786e-05
0.000195113
0.00017348
0.000163582
0.000455038
0.000535653
0.000126078
0.000229198
7.23626e-05
0.000571664
0.000592511
0.000303401
1.33063e-05
0.00012364
0.000196642
0.000149682
0.00031565
0.000341997
0.000308346
7.72492e-05
0.000639602
0.000301661
0.000412748
0.000407287
0.00052158
0.000673378
0.000612851
0.000459346
0.000119493
4.89501e-06
8.12961e-06
5.88047e-05
0.000144813
6.25441e-07
0.000104883
0.000228784
0.000300531
0.000224383
4.93044e-05
3.79669e-07
1.128e-05
8.39383e-05
6.28969e-05
9.96907e-05
0.000524238
7.4819e-05
0.000337619
0.000812606
9.20577e-05
0.000312374
0.000218993
0.000108459
8.92782e-05
2.12123e-05
0.000219558
6.30572e-05
0.000193745
1.56358e-05
0.000283609
0.000282941
0.000182316
0.000138783
0.000128469
0.000302061
0.000568308
0.000379427
2.78051e-06
0.00034791
0.000326288
0.000234251
6.61513e-05
0.000158586
0.000567466
0.000127147
0.00020587
0.000183598
3.49655e-05
0.000366982
0.000509188
0.000290337
1.14053e-05
1.46037e-05
3.65445e-05
0.000868407
7.01696e-05
2.49027e-05
6.30714e-05
4.68401e-05
0.000666082
0.000225687
2.64902e-05
0.000212976
0.000176499
0.000846965
0.000511314
0.000446665
0.000230151
1.35001e-05
0.000143486
0.000231183
0.000241239
0.000603549
2.81612e-05
0.000165741
1.58747e-05
0.000441605
0.000134723
0.000408183
0.000256958
1.19248e-05
7.63643e-05
0.000435115
0.000540205
0.000293134
1.84033e-05
2.46199e-05
9.3171e-05
0.000411211
0.000515063
0.000391656
0.000603175
5.10579e-05
2.50723e-05
0.000664302
0.000396485
0.00082105
9.94933e-05
0.000412531
0.00029621
4.71016e-05
0.000598431
9.89454e-05
8.31326e-05
0.00016976
0.000248185
0.000130309
0.000118332
0.000126528
0.000583274
0.000168318
0.000591822
0.000314869
0.000143547
0.000615698
0.000369396
0.000215202
0.000250123
0.000222396
0.000165992
4.74396e-05
4.44978e-05
8.75974e-06
2.40767e-05
8.74999e-05
7.84927e-05
7.97239e-05
0.000187657
0.000187263
0.000190618
8.01917e-05
6.52958e-05
0.000101723
1.29582e-05
0.000174429
5.52262e-05
0.00014781
0.000219915
0.000212185
8.52298e-05
8.18447e-05
0.000435652
0.000364979
0.000284543
0.000399871
0.000477161
0.000165892
0.000173163
0.000256404
0.000178091
9.48299e-05
5.80748e-06
0.000676787
0.000164647
0.000211279
0.000511861
0.000672655
0.000383238
0.000320773
0.000393579
0.000223144
0.000479337
9.6749e-05
0.000152624
0.000212233
4.96216e-05
0.00037446
8.13977e-05
0.000268787
1.53137e-05
4.41581e-05
0.000153456
0.000140465
0.000515383
0.000452158
0.00055107
0.000349926
0.000800081
6.884e-05
0.000165158
0.00026568
0.000189109
9.65537e-05
3.00439e-05
4.93268e-06
0.000387555
0.00010129
0.000113907
0.000458716
0.0004365
7.72922e-05
0.00077008
0.000297889
0.000476259
0.000674665
0.000306728
0.000250464
0.000585128
0.000433416
0.000428561
0.000347447
0.000330908
0.000197448
0.000245235
4.90599e-05
0.000509802
0.000119613
0.000345206
0.000193571
7.20305e-05
8.60907e-05
0.00054793
0.000417379
0.000287364
0.000214258
0.000450788
0.000195392
0.000562634
9.91734e-05
0.000605579
3.92371e-05
2.23927e-05
0.000384582
0.000519567
0.000187313
0.000301186
0.000655143
0.000595164
3.82993e-07
0
1.31262e-10
6.82954e-05
0.000324038
0.000511569
0.000252087
0.000125426
0.000488216
0.000383141
6.20067e-05
0.00016987
0.000419316
0.000812312
0.00051236
0.000140451
0.000483067
0.000405604
0.000630934
0.000868941
0.000317841
5.77933e-05
0.000157503
0.000244686
0
5.08474e-06
0.000518425
0.000207269
0.00014833
0.000136437
5.64518e-06
6.52005e-06
0.000281621
0.000482951
0.000179228
0.000301034
0.000130839
0.000403977
0.00019517
0.000463479
0.000439886
0.000334683
7.30661e-05
0.000187592
0.000471142
0.000472249
0.000134386
0.000199996
0.000383073
4.23811e-05
0.000327538
0.000107273
0.000783192
0.000111459
0.000721942
7.8592e-05
0.000161481
0.000256082
0.000223637
0.000374189
0.000904738
0.000216101
0.00045862
0.000297941
1.52816e-05
0.000100221
0.000316431
0.000287058
0.000166985
0.000211029
0.000208925
0.000178965
0.000449101
2.46696e-06
3.64155e-05
0.000592965
0.000148715
0.000106848
0.000955618
0.000215844
0.00051206
0.000581657
0.000146457
4.5818e-05
0.000219161
0.00027866
0.000135168
0.000374022
9.53428e-05
0.000680624
0.000313615
6.74594e-05
0.000466297
0.000156535
0.000530128
4.47927e-05
2.60902e-06
6.68397e-05
0.000421635
0.000208179
0.000179401
0.000156787
0.0002292
0.000440434
0.000737184
0.00019115
0.000141768
0.000343609
0.000810065
0.000388479
0.000357071
0.000758112
4.29156e-05
6.92911e-05
0.000366445
0.000279058
9.98152e-05
0.000306191
2.35096e-05
9.8646e-07
1.09983e-05
0.000304761
0.00027317
0.000165527
0.000425304
0.000649558
0.000142382
1.83683e-06
0.000410801
0.000285351
7.1705e-05
0.000248916
2.53157e-05
0.000333075
0.000819556
0.00032789
0.000545856
0.000589625
0.000104666
0.000711101
0.000362322
0.00014776
0.000654773
4.01433e-05
0.000175537
0.00017356
0.000132105
0.000346917
0.00050305
0.000115659
6.81922e-06
0.000148365
0.000555445
1.56865e-05
0.000164057
0.000671473
0.000135153
9.33905e-05
0.000343336
6.72514e-05
7.77791e-05
0.000266802
0.00042679
0.00064621
0.000444996
0.000107211
0.000196001
0.000347596
0.000279209
0.000535869
0.00036606
0.000111393
0.000155149
0.000280163
2.79474e-05
0.000353044
2.79004e-05
8.82651e-05
2.18134e-05
0.000108263
0.000189441
0.000193912
0.000237784
0.000221471
0.00017298
0.000278244
0.000430483
5.5104e-05
0.000398744
0.000332119
0.000192839
0.000586324
0.000546301
0.000276588
2.98495e-05
0.000581852
0.000326189
0.000271008
1.8924e-05
0.000205597
0.000385342
0.000232771
0.000552042
0.000850473
0.000349157
0.000416093
0.000445069
0.000833935
0.000226703
0.000290425
0.000168458
0.000553863
0.000647128
0.000511066
4.48102e-05
0.000156793
0.000280207
0.000452622
0.0002492
0.000670846
0.000181368
0.000117496
7.41392e-05
0.000334863
0.00026887
0.000538231
0.000385556
7.12323e-05
4.65944e-05
3.26759e-05
3.95469e-06
4.38315e-05
0.000330714
0.000423057
4.19718e-06
0.000169039
0.000299876
0.000306982
0.000175742
5.35955e-05
0.00070116
0.00035292
0.000244063
0.000263527
3.27741e-05
9.98205e-05
0.000136206
8.82338e-05
0.000123743
0.000231069
0.000172252
0.000692223
0.000426449
0.000323038
0.00066757
0.000418176
0.000485691
2.06398e-05
0.000251502
0.000314924
0.000569594
0.000403805
0.000247697
0.000115131
0.000488874
0.000812923
0.000837729
0.000624407
0.000198412
0.000125578
0.000294936
7.52317e-05
0.000129307
0.000214571
0.00068085
0.000494559
0.000476365
0.00038437
0.000354989
0.00016969
0.000441402
4.55699e-05
3.67706e-05
0.000644283
0.00035725
3.04825e-05
0.000191613
0.000346249
5.95629e-05
0.000172145
0.000373034
0.000374469
0.000169073
9.86826e-05
1.49385e-05
1.33816e-05
0.000341658
0.000506566
9.64712e-05
0.00034751
0.000395015
0.000151159
0.000187923
0.000560176
0.000549602
0.000454981
0.00044909
6.64542e-05
4.09772e-05
2.481e-05
0.000133069
7.1928e-05
2.68179e-05
0.00012553
0.000292002
0.000394281
1.03503e-06
0.000150094
0.000116533
2.80552e-06
3.92026e-05
0.000597789
0.000113549
6.59911e-05
0.000129422
0.000438605
0.000100728
0.000568355
0.000165655
0.000730799
0.000363374
0.000150474
0.000103794
0.000223813
0.000255542
0.00011669
1.56979e-06
0.000180548
4.52694e-05
0.000144937
3.15927e-05
4.48452e-05
0.000141323
0.000390912
0.000400336
0.000740959
0.000731617
0.000215873
0.000176485
2.26552e-06
1.05257e-05
0.000371942
0.000306414
0.000280852
0.000201024
0.000131576
0.000361016
5.44579e-05
0.000185125
0.000403716
0.000215327
8.67784e-05
0.000428442
0.000284292
0.000393226
0.000387465
2.32206e-05
2.37097e-07
0.000130871
8.76537e-05
0.000287033
7.91951e-05
0.000275177
3.77632e-05
0.000389623
0.0006131
0.000166415
0.000428507
0.000413566
0.000202075
0.000180807
7.37662e-05
0.00017994
0.000644074
0.00054838
0.000446024
0.000233807
0.00018144
0.0001866
9.78523e-05
0.00020745
0.000118108
0.0002624
0.00016306
7.66913e-05
0.000566255
0.000455764
7.851e-05
0.000804235
3.44074e-05
0.000685982
0.00034711
0.000472543
0.000710302
0.00051386
1.51578e-05
0.000144296
0.000255199
0.000264815
0.000370977
0.000151989
0.000613403
8.05524e-06
6.46888e-05
1.67818e-05
0.000106279
0.000119368
0.000483875
0.000343319
0.000240317
0.000497815
0.000271413
9.57587e-05
0.000128966
0.000275308
0.000267767
7.92616e-05
7.97746e-05
1.77061e-05
3.73839e-05
0.000324141
0.000188185
0.000213745
0.000106553
0.000183528
6.31209e-05
9.00733e-05
9.94177e-05
0.000300719
0.000185778
2.39758e-05
0.000713927
9.63412e-05
0.000596014
0.000391121
0.000177714
6.53734e-05
3.22347e-05
0.000265329
0.000125792
0.000493063
0.000354914
0.000316135
0.000344381
0.000138601
6.0568e-05
9.94521e-05
0.000774496
0.000720077
0.000470133
8.18666e-05
0.000473075
0.000148252
0.000168157
0.000209221
0.000419056
0.000475973
0.000283234
0.000215861
3.68115e-05
0.000400647
0.000166811
0.000345008
0.000314481
4.66651e-05
5.94279e-05
8.81194e-05
0.000126972
0.000247925
0.000142109
3.17546e-06
0.000184439
0.000393942
0.000366075
9.6249e-05
1.39105e-05
0.000306548
0.000263779
9.10655e-05
7.80767e-05
0.000571594
4.53214e-05
4.22225e-05
0.000720224
0.000165963
9.0689e-05
0.000310503
2.34499e-05
0.000354668
0.000225413
0.000264071
0.000104302
0.000616082
0.00074877
0.000631935
0.00037046
0.000297601
0.000125943
0.000741058
0.000156837
2.02431e-05
0.00023116
0.00033395
0.000244135
0.000401202
0.000566345
0.000168167
0.000140577
0.000114289
0.000569758
0.000501113
0.000273791
0.000246233
0.000229332
0.00020423
0.000258833
0.000207079
0.000172806
0.000457068
2.08442e-05
0.000576737
7.3644e-05
5.94538e-05
0.000550013
0.000307469
1.73415e-05
0.00018995
0.000558192
0.000208491
0.000440159
0.000116747
0.000546962
7.64345e-05
3.80566e-05
0.000377173
8.56602e-05
6.82083e-05
0.00068847
5.1864e-05
3.24734e-05
4.40085e-05
0.000130503
9.24031e-05
7.81259e-05
0.000194993
0.000226286
0.000117709
0.000172331
0.000185011
5.76394e-05
0.000284419
7.06205e-05
0.000451188
0.00037129
0.000353237
0.000347587
0.000407938
0.000151318
0.000294947
0.000902455
0.000816393
0.000729109
0.000303178
0.000196824
0.000100535
3.81863e-05
0.000139657
0.000828854
0.000364287
0.000176644
1.38647e-05
0.000821092
0.000339222
0.000122471
0.000630928
0.000399892
0.00033814
0.000237881
0.000411084
0.000358786
0.000256532
0.000255056
0.000709855
0.000954654
0.000457632
5.03918e-05
0.000115063
0.000162548
0.000402333
0.000413602
0.000578208
0.000215956
0.000628432
0.000404056
0.000166398
0.000571512
0.000306658
7.24456e-05
0.000494191
0.000252076
0.000554398
0.000301042
0.000178512
0.00053179
3.01829e-05
0.000458093
0.000247409
0.000359289
0.000192311
3.5184e-05
4.70822e-06
0.000298295
0.000150925
0.000570458
0.000258221
0.000188663
1.51198e-05
0.000272456
0.0002598
0.000516122
0.000161979
0.000257435
2.93327e-05
0.000258229
2.48288e-05
6.19335e-05
4.96224e-05
2.9642e-05
0.000230596
0.000152575
0.000126595
0.000304275
0.000494178
0.000519132
0.000424057
0.000249781
0.000163658
0.000117017
0.000433662
0.000182242
0.000469932
7.59843e-05
7.10056e-05
0.000130639
0.000839068
0.000251535
0.00010016
0.000271852
7.45201e-05
6.74333e-05
0.000328058
8.67533e-06
8.26944e-05
0.000422592
0.000574406
9.52259e-05
0.000485087
0.00036743
0.000107615
0.00014756
0.00011986
3.83999e-05
9.28275e-05
7.20002e-05
0.000110091
0.000102443
0.000245127
0.000358539
0.000408769
0.000629782
0.000772651
0.000529831
0.000305679
0.000399353
0.00017618
5.12785e-05
5.04762e-05
0.000338002
0.000357581
0.000209045
5.41635e-05
2.10198e-05
0.000209851
0.000284237
0.000147095
0.000554104
0.000544683
0.000207215
0.000637683
0.000313844
0.000202917
0.000254541
7.43087e-05
0.000511105
0.000565441
1.44017e-05
8.54971e-05
0.000225538
7.45457e-05
0.000167407
0.000280856
4.01714e-05
0.000181716
0.000153509
0.000436822
0.000584526
0.000101554
0.0001408
0.000538977
0.00031191
0.000901898
0.000853997
0.000390957
0.0002346
0.000674722
0.000105236
0.00034946
0.000686739
0.000228177
0.000293847
2.30557e-05
3.92147e-05
1.97466e-05
0.000396152
0.000143744
0.000388442
0.000141954
0.000599063
0.000614667
6.98742e-05
6.20215e-05
0.000408353
0.000366127
0.000320619
0.000409922
0.000560239
6.03265e-06
0.000197128
0.000132995
0.000647284
0.000219948
0.000519443
0.000692144
0.000529378
0.000112638
0.000217931
0.000251258
0.000295435
0.000205604
0.000156916
9.80838e-05
4.33551e-05
0.000105983
0.0010573
0.000657102
0.000599827
0.000296043
0.000439961
0.000204435
0.000472066
0.000534755
0.000178985
6.16158e-05
0.000344984
0.000343718
0.000620023
0.000254871
4.76805e-05
2.07014e-06
2.87512e-05
2.56134e-05
0.000141268
0.000310728
0.000322338
8.11581e-05
2.03027e-05
0.000220803
0.000576712
0.000819873
0.000426197
0.000626351
6.14152e-05
1.91915e-05
0.000141427
0.00029672
0.000224652
0.000468104
0.000383127
0.000412924
4.06838e-05
0.000496443
0.000407128
0.00028629
0.000205709
0.000581199
0.000576428
7.10181e-05
0.000132051
7.56429e-06
0.000262988
0.00065044
0.000412659
0.000476507
4.13839e-05
0.000476343
2.99402e-05
0.000178323
0.000417714
0.0005251
0.000246557
5.09224e-05
0.000637675
0.000337421
0.000286602
0.00052763
0.000756816
0.000237833
0.000779878
0.000458566
0.000212195
5.0913e-05
0.00014923
0.000779261
0.000771974
0.000402381
0.000906505
0.000435143
0.000506759
0.000170301
0.000267517
0.000264691
0.000256121
0.000323114
0.000317053
0.000518042
0.000635517
0.000177445
0.000149787
3.56628e-05
5.44997e-05
0.000175647
4.34122e-05
0.000206992
2.52791e-05
0.000127111
0.000168847
0.000261561
0.000164375
4.91603e-05
0.000124545
0.000378098
0.000252601
0.000194778
0.00057536
0.000119705
0.000272137
0.000235008
0.00017257
0.000134689
0.000515641
0.000273834
2.61923e-05
0.000257257
6.86702e-05
0.000346383
0.000265342
6.04757e-05
0.000325783
0.000521199
0.000236273
0.000220131
5.04878e-05
4.77972e-05
0.00024008
0.000393442
0.000294589
0.000127417
0.000459083
5.7678e-05
6.48382e-05
0.000451267
0.000322194
0.000687423
0.000625227
0.000115167
6.31877e-05
9.46072e-05
9.0515e-05
2.33414e-05
0.000304365
0.000200369
0.000175989
0.000411053
0.000474087
0.000214557
0.000588775
0.000114511
0.000119861
0.000304986
0.000659676
8.40353e-05
2.33396e-05
3.74476e-05
0.000111621
5.44899e-05
0.00016865
0.000242225
0.000449939
0.00047886
0.000327519
0.000275297
0.000245827
0.000149718
0.000241211
0.000323447
0.000257463
0.000354182
9.00931e-05
7.89463e-05
0.000250352
0.000454624
0.000646761
0.000297325
3.1856e-05
2.97684e-05
0.000660505
0.000372039
6.48207e-07
0.000208825
9.36135e-05
0.000415187
0.000278095
0.000334355
0.000611669
0.000585572
0.000503494
0.000123911
0.000311237
0.000536695
0.00035257
0.000529084
0.000372207
0.000270308
0.000262263
0.000125218
6.58585e-05
0.000706116
0.000480962
0.000212696
0.000211793
0.000175251
0.000458227
0.000443563
0.000378207
6.04621e-05
0.000137473
0.00064296
0.000364479
0.000323445
0.00019634
0.000233676
0.000370357
0.000405752
0.000343894
0.000572295
1.11683e-05
0.000291322
0.00023764
0.000374746
0.000157606
0.000312636
1.08674e-05
0.000113486
0.00075765
0.000170443
2.07044e-07
0.000308352
0.000141772
2.91302e-05
0.000166396
0.000204918
0.000492981
2.50371e-05
2.31623e-05
0.000176866
0.00020102
0.000247457
0.000277892
4.40434e-05
0.000268574
0.000202398
0.000174118
2.83628e-05
0.000234691
0.000397833
0.000730126
3.1584e-05
0.000302352
3.17908e-05
8.79611e-07
8.52471e-05
0.000207501
0.000117206
0.000408612
0.000168998
0.000479281
6.52192e-05
0.00015507
0.000463222
0.000136592
0.000212544
3.23238e-05
0.000211441
0.000949503
0.000367908
0.000211876
6.2393e-06
0.000157951
0.000341837
0.000440752
0.000513462
0.00023897
0.000295213
6.9871e-05
7.25476e-05
3.77396e-05
0.000134991
0.000102631
0.000493977
0.000623981
0.00043831
0.000403662
0.000758943
4.70093e-05
0.000200395
0.00056548
6.51914e-05
6.41263e-05
6.13821e-05
5.892e-05
0.00020209
6.11894e-05
0.000188805
0.000342173
0.000237685
2.16557e-05
0.000179095
0.00035597
0.000125105
0.000383663
0.000482645
0.000344023
0.000308142
1.25564e-05
7.32864e-06
0.000352607
0.000459389
0.000451285
0.000235656
0.000250559
0.000137134
0.000130478
0.000120335
0.000326915
0.000579868
5.17611e-05
0.000589875
0.000432275
0.00030415
8.15474e-05
0.000206385
0.000384331
0.000137111
0.000336671
0.000296459
0.000136941
8.46022e-05
0.000182293
0.00013304
0.00010481
0.00030213
0.00042482
0.000513642
0.000401019
0.000727042
0.000194117
0.000274146
0.000208303
0.000603454
1.01084e-05
5.44529e-05
0.00032178
1.18193e-05
0.000292773
0.000421712
0.000373785
0.000336331
0.000365954
0.000345661
8.8238e-05
8.27255e-05
0.00042759
0.0003962
0.000711538
0.000158687
5.19867e-05
0.000174724
0.000239111
0.000431229
5.6434e-05
0.000230795
7.43157e-05
0.00032655
0.00055582
0.000277389
0.000599134
0.000368188
0.000427066
0.000471884
0.000328119
0.000238735
0.000103228
0.000133355
5.95056e-06
0.00011355
0.000174083
6.31162e-05
8.3218e-05
4.83336e-05
9.6752e-05
0.000102424
0.000200648
0.000583715
0.000564785
0.000118196
0.000322905
9.83412e-05
0.000125111
0.000464932
0.000612127
0.000507653
4.2954e-05
0.000512014
9.24037e-05
3.26441e-05
0.000104489
3.01026e-05
0.000159622
6.63002e-05
0.000294784
0.000438986
0.000583709
0.000102829
7.2418e-05
0.00016041
0.000806744
0.00042302
0.000338457
0.000232962
0.00033213
0.000243921
0.000187127
0.000664477
0.000332585
0.000132777
0.000370359
0.000532084
0.000171382
0.000776651
0.000543607
0.00018464
0.000422893
0.000365846
6.80929e-05
0.000456639
5.1357e-05
0.000230125
0.000467505
0.000473126
0.000234932
0.000121202
0.000149165
0.000463057
0.000257775
0.000169667
0.000205958
7.92099e-05
6.40277e-05
0.00010282
0.000112742
0.000613876
5.39557e-05
0.000273655
0.000200601
3.32959e-05
0.000137892
0.000121045
0.000147162
0.000458069
1.6009e-05
0.000428167
0.000347574
0.000187866
0.000413986
0.000527085
4.29093e-05
0.000426036
0.000341875
0.000246247
0.000150487
9.47647e-05
0.000641113
0.00038468
0.000289226
0.000413805
0.000688899
0.000212849
0.000826172
0.00058087
0.00046638
0.00056607
0.000788444
8.00675e-05
3.30474e-05
0.000249571
0.000420648
0.000174072
7.21263e-05
5.42274e-05
0.000367894
0.000380558
0.000315574
7.91913e-05
0.000138208
0.000571478
1.20684e-05
0.000137538
0.000215753
0.000366855
0.000120751
9.12909e-05
0.000272999
9.41952e-05
0.000648116
0.000612834
0.000523381
4.90689e-05
0.00054789
0.000152193
0.000125671
0.000225892
0.000519138
0.000334416
0.000155635
2.48257e-05
0.000207064
0.000284969
0.000133798
0.000199296
0.000334877
0.000372761
4.36703e-05
0.000272898
0.000405315
0.000163111
0.000217693
0.000232535
0.000299133
0.000108818
7.54569e-05
0.000470049
0.000172778
0.000170212
7.26936e-05
0.000127384
6.86904e-05
0.000374663
0.000876418
0.000116104
0.000197574
0.000247239
0.000499722
0.000357158
4.79858e-05
0.000104379
0.000203872
0.00040199
0.000145495
0.000107361
0.000108374
0.000258259
0.000144518
0.000160696
0.000323061
0.000472518
4.02164e-05
0.000395627
0.00031804
0.000223657
0.000157846
1.85621e-05
0.000143376
0.000170514
0.000394014
0.00019382
0.000108214
0.000120918
4.71458e-06
0.000153533
0.000205247
2.26535e-05
8.91292e-06
0.000256661
0.000443833
0.00042546
2.75636e-05
0.000164135
0.000505452
0.000453762
0.000432462
0.000121299
1.3252e-05
0.000652917
0.000116289
0.000479826
0.0004643
0.000286155
0.000387971
9.099e-05
0.000152705
0.000318169
0.000679073
9.42585e-05
1.46023e-05
0.000189731
0.00046051
0.000356176
0.000153837
0.00039334
0.000679852
3.42248e-05
6.95083e-05
0.000386752
0.000198447
0.000271354
0.000151005
0.000311463
0.000129491
0.000401604
0.000267853
0.000117756
0.000450043
0.000375258
0.000138342
0.000122222
0.000567631
0.0006988
0.000491705
0.000525218
0.000440808
5.4442e-06
4.26188e-05
0.000104912
0.000149389
0.000521813
0.000235128
0.000536849
0.000746039
0.000516149
8.00169e-05
5.87803e-05
0.000754461
0.000468567
0.000325086
8.37958e-05
0.000112943
0.000207296
3.89401e-05
0.000158875
5.71905e-05
0.000311898
0.000765703
0.00021274
0.000364317
2.53427e-05
2.58723e-05
0.000184235
0.000256298
0.000179812
0.000540658
0.000656766
0.000855237
0.000513784
0.000810035
0.000230191
0.000126171
0.000134999
0.000104615
8.34801e-05
0.0004031
0.000502441
0.000285449
6.69688e-05
0.000315569
0.000613464
0.000612246
0.000335253
0.000459484
0.000172382
0.000868041
0.000485498
0.000197143
0.000197596
0.000468029
9.38478e-05
0.000391278
8.17179e-05
0.000183281
5.75128e-05
0.000389191
0.000433288
0.000709468
0.00084585
0.000177726
0.000448653
0.000359696
5.49057e-05
0.000333797
0.000428739
8.81852e-05
0.000225769
5.99867e-05
0.000120481
4.54909e-05
0.000177909
0.000132887
0.000332892
8.18739e-05
0.00022587
0.000103519
3.98273e-05
0.000121819
0.000900057
0.000598794
0.000642545
0.000506745
0.000228864
0.000208785
0.000134654
0.000262431
0.000520635
0.00047861
0.000714563
0.000149317
0.000248382
5.79347e-05
0.000364875
0.000523087
0.000345297
0.00027448
0.000261216
0.000349597
0.000302647
4.90954e-05
0.00011473
8.33708e-05
0.000137034
0.000267503
0.000827211
0.000251907
0.000234704
0.000208601
0.000155515
0.000589041
0.000524306
0.00046743
0.000333834
0.000446398
0.00029001
0.000144565
0.000372697
0.000658757
3.93475e-05
0.000267367
6.52006e-05
0.000599883
0.000134639
0.000398305
0.000591287
0.000546993
9.66687e-05
0.000105079
0.000555019
0.000259015
0.000473402
3.63967e-05
4.11433e-05
0.000197955
1.67165e-05
4.44771e-05
0.000310016
0.000149992
0.000262661
7.97792e-05
0.00013762
0.000213285
0.00025189
0.000429823
0.000177313
0.000152665
0.000389409
0.000141861
2.49501e-05
0.000254473
7.10257e-05
0.000235195
0.00082023
0.000187978
0.00094206
0.00029996
0.00010172
0.000356616
0.000525845
0.000168873
0.00013717
0.000409517
0.000242071
0.000354905
0.000159349
4.02738e-05
0.000178888
0.000367795
0.000103942
5.84915e-05
2.03762e-05
0.000138725
5.5258e-05
3.79648e-05
0.000251522
6.81766e-05
8.27362e-05
2.99146e-05
8.7169e-05
0.000217326
0.000747076
0.00024428
2.26164e-05
0.000661545
0.00034296
0.000102606
1.52898e-05
0.000604425
0.000626106
0.000554026
0.000480383
0.000383614
0.000303386
0.000575382
0.000139575
0.000285608
0.000158944
5.07255e-05
7.71324e-06
5.47914e-05
0.000484903
0.000462625
0.000203308
0.000373811
0.000301459
1.63463e-06
0.000292382
0.000537221
0.000227137
0.000107756
5.02391e-06
8.75861e-05
2.12744e-05
6.33297e-05
9.23117e-06
3.43285e-05
0.000118454
0.000349336
0.000113348
0.000198237
0.000357942
0.000244887
0.000274672
6.79037e-05
0.000466489
0.000323608
0.000376827
9.41051e-05
0.000212378
0.000333287
0.000132556
5.71312e-05
0.000410249
0.000244061
0.000565418
7.74313e-05
0.000665422
0.000162369
0.000130196
0.000274516
0.000717016
8.6054e-05
0.00060041
0.000332341
0.000125573
0.000136222
0.000330616
0.00032028
0.00103278
0.000391015
0.000774304
0.000847178
0.000196989
7.18517e-05
0.000355301
0.00061538
3.25899e-06
0.000373532
0.000171466
0.00012913
0.000207788
0.000288796
0.00010282
0.000581971
0.000282598
0.000405155
0.000323414
9.77354e-05
0.000294574
0.000211488
0.000324411
0.000369408
0.000101463
0.000837559
0.000770744
0.000435574
3.14092e-06
1.53585e-05
0.000347249
7.61331e-05
2.90834e-06
0.000341951
0.000184537
0.000188622
2.40478e-05
3.51637e-05
0.000106126
2.65553e-05
1.02572e-05
0.00014506
1.94286e-05
1.36376e-05
8.68155e-05
5.08928e-06
0.000532521
0.000112875
0.000424608
0.000342968
0.000390187
0.000508939
0.000495489
0.000135917
0.000441529
0.000104527
2.74137e-05
0.00022555
2.20648e-05
0.000453312
0.000103073
6.87256e-05
0.000288104
0.000305601
0.000136409
0.000209616
0.000234979
0.000344578
0.000365163
0.000552265
6.84582e-05
0.000129457
2.8614e-05
0.000328089
6.11866e-05
0.000136937
0.000546595
0.000375759
0.000789403
0.000293492
0.000275378
1.77799e-05
0.000497376
1.41202e-05
1.56114e-06
2.00539e-06
0.000156954
0.000618395
0.00065994
3.98535e-05
3.5965e-06
0.000165965
0.000284202
0.000738266
0.000106714
0.000424413
0.000678751
0.000188623
0.000169945
0.000428485
0.000687619
0.000385775
0.000375208
5.99356e-05
0.000166531
5.05923e-05
0.000246299
0.000122541
6.88614e-06
6.78865e-05
0.000369495
0.00030635
0.000616577
0.000127984
0.00014645
0.000372709
0.000126677
0.000428166
0.000644094
8.60219e-05
0.000430012
0.000328169
0.000145855
0.000542503
0.000405807
0.00055148
0.000430165
0.000470406
4.54551e-05
0.00107309
0.000461352
3.16788e-05
2.05214e-05
1.10548e-05
0.000119271
0.000497808
0.00015481
0.000192569
0.000704841
0.00024671
5.54838e-07
1.02164e-05
5.10969e-05
7.67995e-05
0.000140256
0.000336151
0.000192084
0.000140897
0.000140108
0.000394536
7.28708e-05
0.000108474
0.000161854
0.000386861
0.000135407
0.00041018
0.000314213
0.000243703
4.81999e-05
0.000144218
0.000544528
0.000116782
0.000563939
0.000329272
2.20123e-05
0.000369463
0.000419067
0.000713498
8.98142e-05
0.000145105
0.000103329
0.000128552
0.000404106
0.000528197
0.000343155
0.000555196
0.000265973
5.09965e-06
1.32854e-05
5.44513e-05
0.000629127
4.63226e-05
5.71721e-05
0.000294706
0.000241956
0.000581568
0.000107937
0.000277074
9.62909e-05
4.86532e-05
0.000120484
0.000315961
0.000455564
0.000117474
0.000696767
8.97503e-05
0.000316181
1.45815e-05
0.000345803
0.000116074
7.6551e-05
0.000321711
0.000617471
0.00033163
0.00018116
0.000559564
0.000596804
8.01561e-05
0.000176926
0.000615076
5.07254e-05
1.21692e-05
1.73315e-05
0.000199305
0.000476459
7.66861e-05
0.000410211
0.000255254
3.70203e-05
6.20022e-06
8.03887e-05
9.84564e-05
9.21671e-05
7.24077e-05
0.000264568
0.000207982
0.000122146
0.000235706
0.000114186
7.11286e-05
0.000218369
0.00031584
0.000245982
0.000175877
0.000556869
0.00053276
0.000485748
1.26486e-05
7.49153e-05
0.000309604
0.000361519
0.00026398
0.000249801
0.00034498
0.000353807
0.000651858
0.000321146
0.000256901
0.000103798
0.000405927
0.000436033
0.000109377
0.000196891
7.11954e-05
7.56696e-05
6.92367e-07
0.000233575
3.47924e-05
0.000303928
0.000326091
0.000446362
0.000391282
0.000770268
0.000258503
0.000260182
0.000778586
0.000558524
0.0004017
0.000134935
0.00011564
0.000592701
0.000188563
1.28049e-05
6.51677e-05
0.000215607
0.000253344
9.66559e-05
0.000117409
0.000611656
0.000130125
0.000232229
0.000331935
0.000873355
0.000208639
2.75651e-06
3.36931e-05
0.00016636
0.000262405
0.000435077
0.00050503
0.000116582
0.000225406
0.0001627
0.000903863
0.000240394
0.000285686
6.63992e-06
7.04847e-05
0.000105831
0.000193923
3.47654e-05
0.000371165
0.000242184
0.000614664
0.000226986
0.000490032
8.35021e-05
0.000274274
0.000370324
0.000588146
0.000169526
1.42435e-05
0.000245062
0.000230212
0.000404251
0.000243955
0.000312402
0.000212914
5.5523e-05
0.000597981
8.55643e-05
0.000172875
0.000395816
0.000532189
0.000129186
0.000533199
8.0475e-05
0.000151275
0.000352804
0.000506775
0.000427126
5.69955e-05
0.000524082
0.000297997
7.53115e-05
0.000163263
0.000406022
0.000374676
0.000422147
0.000647532
0.000121345
0.000343901
0.000342876
0.000421714
0.000380152
0.000137397
0.000196905
1.30398e-05
2.17754e-05
0.000356924
0.00052875
0.00026477
7.58768e-05
8.57043e-05
2.63566e-05
0.000214412
8.53729e-05
6.22484e-05
7.7298e-05
0.000235631
0.000515824
0.000143887
9.93056e-05
0.000332267
0.000590023
0.000450485
0.000207342
5.35e-05
0.000412532
0.000706755
0.000376028
0.000490966
0.000281801
0.000150911
0.000105824
0.000187991
2.92562e-05
0.000346815
0.000407028
0.000782564
0.000180023
0.000336561
0.000131558
6.7323e-05
0.000659539
0.000352666
0.000305247
0.000346319
0.000662562
6.14599e-05
0.000327175
7.91991e-06
0.000678641
0.000135599
0.000296525
1.03047e-05
0.000203118
0.000499937
5.88778e-05
0.000269232
5.86968e-06
0.000580467
0.000192671
0.000473549
5.47556e-05
0.000231536
0.000207938
0.000604388
0.000122733
0.000353683
4.81446e-05
6.10139e-05
5.35188e-05
0.000509886
0.000220616
8.01197e-05
0.000207564
0.000470772
0.000506365
0.000530501
0.00021825
0.000234371
0.000253757
9.97695e-05
0.00051204
0.000185257
0.000153395
0.00037057
0.000144113
0.000102519
9.17933e-06
0.000215461
0.000379694
0.000227811
0.000191576
0.000229619
1.73082e-05
6.57517e-05
0.000149926
0.000242187
3.30907e-05
0.000109714
0.000563044
0.000149128
0.000105037
0.000103287
7.74574e-05
0.000519448
0.000559952
0.00022328
0.000282458
8.82946e-05
0.000226598
0.000199444
0.000338326
0.000136623
0.000103095
0.000569011
1.2517e-05
5.06226e-05
0.000344485
0.000138455
5.44604e-05
3.17897e-05
0.000104667
9.08797e-05
0.000150237
0.000185053
0.000862035
0.000464923
0.000441395
0.000783656
0.000419086
0.000329172
0.00040348
0.000102604
0.000190272
0.000528658
0.000525079
0.000565977
6.07071e-05
0.000187682
7.23189e-05
4.07439e-05
1.71438e-05
0.000193054
0.000186947
7.87245e-05
4.11387e-05
0.000201198
0.00012014
0.000313643
6.64974e-05
0.000269029
0.000311182
0.000618836
0.000109237
0.00063929
0.000116074
2.28063e-05
4.51136e-05
0.000276175
0.000143426
0.000565413
9.1162e-05
0.000142244
0.000450203
7.38521e-05
0.000173187
7.05496e-05
3.90912e-05
0.000460402
0.000205973
0.000336978
0.000139621
0.000158642
0.000248021
0.000105159
0.000347833
0.000451341
0.000106884
0.000650612
7.20047e-05
0.000223358
0.000190924
0.000193217
6.8266e-05
0.000182107
0.000654845
0.000228938
0.000169165
0.000309824
0.000281757
0.000345387
0.000133826
0.00012341
7.98095e-05
0.000128355
0.000368756
0.000102709
0.000126673
0.000239239
0.000352775
0.000305862
0.00029494
8.348e-05
6.88855e-05
0.000150498
0.000100664
0.00026037
0.000140447
0.000488572
0.000431657
0.000180458
0.000958098
0.000330118
0.00028147
0.000211028
4.47781e-05
0.000134805
0.000476193
0.000376381
2.03051e-05
0.000133517
5.02202e-05
0.000165899
0.000355093
4.71894e-05
0.000708006
4.76133e-05
0.000353566
0.000648679
0.00072582
2.88032e-05
5.85238e-05
0.000252474
5.055e-05
0.000549245
0.000104331
0.00049339
0.000479279
0.000217664
0.000866127
0.000703345
0.000603928
9.52958e-05
0.000110295
0.000101742
0.000480595
1.41051e-05
0.000409236
9.82398e-05
0.000160504
0.000145205
0.000173329
0.00028541
0.000276638
1.28828e-05
0.000101292
0.000707511
0.000231572
0.000135558
0.000153401
0.000547849
0.000119005
0.00046184
0.000230158
0.000271021
0.000167747
1.33336e-05
2.26586e-05
0.000130706
0.000689143
0.000108682
0.000142278
0.000303012
6.14495e-05
0.000255723
0.000184505
0.000585832
5.85299e-06
8.30879e-07
6.24735e-05
3.09769e-05
0.000357612
0.000202166
0.000414224
0.000403314
0.000395966
0.000496021
0.000152668
0.000165945
0.000596727
0.000129012
0.000152072
8.38352e-05
0.000132472
0.000124543
2.98906e-05
0.000563874
0.00084928
0.00020712
0.000176885
0.000351745
0.000615754
0.000248289
0.000159141
0.000225146
0.000333233
1.7805e-05
0.000227885
0.000348457
0.000135889
0.000284885
0.000311495
0.000108474
0.00036804
0.000246243
0.000214531
0.000208744
0.000150219
0.000218192
0.000306174
0.000580709
0.000566276
0.000108469
6.58754e-06
6.12349e-05
0.000230277
0.000330951
0.000632272
0.000301892
0.000202057
0.000347956
0.000746826
0.000624358
0.000521599
0.000427205
0.00037093
0.000346775
0.00028753
0.000474241
0.0004612
0.00038014
0.000572284
0.000710962
0.000197492
9.06209e-05
0.000124932
0.000718673
0.000138005
0.000618527
0.0002303
0.000475178
0.000304163
0.000113412
8.73009e-06
0.000145625
0.000241988
8.1058e-05
0.000335892
2.42278e-05
0.000199051
5.45733e-05
0.000540429
0.00074785
0.000467991
4.49839e-05
0.000122031
0.000118487
0.000366518
0.000469243
0.000505084
0.000670202
0.000681918
0.000324676
0.000229512
6.95887e-05
0.000178986
0.000316183
0.000463713
0.000649649
0.000212823
0.000263702
0.000201745
9.61338e-05
0.000372729
0.000411337
0.000531914
0.000528565
0.000189009
0.000419626
5.44993e-05
5.2835e-05
0.000166653
0.000489312
6.1293e-05
0.000130418
9.89044e-05
3.31824e-05
2.57092e-05
0.000171652
0.000839706
0.000233278
0.000181781
0.000336747
0.000404279
0.000235977
4.48492e-05
0.000115636
3.24817e-05
7.72912e-05
0.000169337
0.000155228
3.36385e-05
3.36798e-05
9.58756e-05
0.000197665
0.000135558
0.000154655
0.000179628
0.000175628
0.000731756
0.000178978
0.000585987
5.22373e-05
0.000210088
0.000280857
0.000212095
0.000481493
0.0001172
0.000574483
0.000219286
7.57482e-06
0.000499389
0.000455423
0.000621827
0.000204782
0.000168566
0.000289075
0.000341734
0.000493421
0.000137001
0.000522553
0.000737825
0.000147295
0.000645977
0.000798828
0.000423421
0.000240203
0.000390348
0.000322141
5.80029e-05
0.000168163
4.1987e-06
0.000335077
0.000367736
0.00030767
0.000197997
0.000327362
0.000348333
0.000178486
0.000801426
7.51836e-05
9.55855e-05
0.000118616
0.000231463
0.000364772
0.000151489
0.000585285
0.000103711
0.000641497
0.000302786
2.786e-05
0.000166498
0.000146638
0.000508895
0.000345946
0.000287544
0.000488647
0.000763252
0.000584448
0.000537149
0.000221977
0.0003679
0.000455581
8.99364e-05
1.18757e-05
3.70701e-05
2.55089e-05
0.000257459
0.000549597
3.07113e-05
6.96813e-05
0.000642686
1.41573e-05
8.13825e-05
0.000113405
1.89458e-05
0.00048173
0.000439884
0.000727429
8.33925e-05
9.50788e-05
0.000303326
4.41907e-05
0.000671621
0.00045265
5.94458e-05
0.000291043
1.00336e-05
0.000366541
0.000135224
0.000141612
0.000464299
0.000129677
0.000100473
0.000152606
0.00015878
0.000196607
0.000271889
0.000320409
0.000497917
0.000360676
0.000162534
0.000352516
0.00038948
0.000152085
0.000190846
0.000373428
5.42713e-05
5.83923e-05
1.7332e-05
0.000235677
0.00012477
0.000584817
0.000201932
0.000445459
0.00015852
0.000300578
0.000269821
0.000102813
0.000122789
0.000362496
0.000211908
4.87614e-05
1.15967e-05
2.76709e-06
7.27357e-05
0.000228624
0.000269335
0.000103934
0.000388141
0.000378588
0.000322114
4.90941e-06
1.16722e-06
1.30506e-05
0.000228415
0.000347452
0.000500883
0.000266271
0.000642925
0.000140869
5.4072e-05
0.00031617
7.55671e-05
0.000265402
0.000586571
0.000719369
0.000202592
9.61828e-05
0.000486323
4.50391e-05
9.44625e-05
0.000101856
4.9557e-06
2.81317e-05
0.000704168
1.3222e-05
1.36318e-05
0.000234528
0.000111023
0.000771121
0.000157454
1.37227e-05
2.04394e-05
0.000120716
0.000126341
9.51547e-05
0.000416584
0.000463133
0.000829328
0.000130899
0.000260707
1.41848e-05
0.000184202
0.000385694
0.000197064
0.00022554
0.000407761
0.000255419
0.000213937
0.000584524
0.000854889
0.000166568
0.000209317
0.000109576
0.00013489
0.000617175
0.000314014
0.000489572
9.79257e-05
7.84296e-05
0.000279345
0.000478368
0.000855093
0.000208807
0.000105278
0.000103867
5.27422e-06
0.000507334
0.000346221
0.000106181
0.000152776
0.000658176
0.000301265
0.000313887
2.46225e-05
7.9129e-05
0.000846564
0.000185251
0.00107753
0.000498292
0.00010826
0.00013886
0.000451823
0.000338697
0.000553454
0.000336732
0.000341362
0.000385919
0.000154954
0.000464161
0.000461978
0.000503205
0.000132902
2.93202e-05
0.000426283
7.37937e-05
0.000938914
5.00723e-05
0.000197985
2.69175e-05
1.78894e-06
0.000168307
0.000653962
0.000436462
1.08704e-05
0.00093447
0.000411559
0.000655667
0.000408251
0.00041695
0.000331008
0.000420235
0.000354049
0.000365761
8.58382e-05
0.000871931
0.000191169
5.49971e-06
2.81304e-06
4.47815e-05
1.7819e-05
0.000112769
0.000242288
0.000232754
1.89578e-05
4.36894e-05
0.000136508
0.00011187
0.000475038
0.00016331
0.00011209
7.08873e-05
0.000276788
0.000259351
0.000281269
0.000561012
0.000320922
5.4167e-05
3.15235e-05
0.000102374
1.81908e-07
0.00016437
1.49582e-05
0.000105651
0.0002541
0.00036579
0.000377246
0.000439742
0.000260039
5.64235e-06
7.43992e-07
1.32968e-06
1.61337e-06
7.24451e-06
1.30339e-05
0.000287699
0.00035294
0.000542897
2.24896e-05
5.69158e-05
0.000345462
0.000417549
0.000611586
0.000414573
0.000788247
0.000326514
0.000320844
0.000701775
2.61794e-05
3.74523e-05
0.000327842
0.000352364
0.000360974
0.000582928
0.000347034
0.000426272
7.91411e-05
0.000104338
0.000388892
0.00061292
0.000692966
0.000516163
0.00022301
0.000487682
0.000182299
0.000489931
0.000336919
0.000402142
0.000973661
7.48514e-05
4.32819e-05
0.000150816
0.000123356
0.000301548
3.31058e-05
0.000587705
0.000530227
0.000161267
0.000387959
0.000224225
0.000121748
9.61063e-05
6.94244e-05
0.000102549
0.000252634
0.00033994
0.000434319
0.000687202
0.000688768
0.000561466
0.000448182
0.000249169
2.9147e-05
5.97231e-05
0.000356533
3.85911e-05
0.00023236
0.00034192
0.000130853
9.96065e-05
3.03864e-05
2.88795e-05
0.000275618
1.31715e-05
9.88205e-05
2.304e-05
0.000604681
0.000244418
0.000287111
0.000243434
0.000477832
0.000275466
2.64831e-05
0.000223303
0.000254254
2.77597e-05
0.000284927
0.000131802
0.000284862
0.000484524
0.000456532
0.000412137
7.34145e-05
8.04646e-05
0.000141134
8.45407e-05
0.000210459
0.000326157
0.000385486
0.000119922
0.000226638
0.000127912
0.000219375
0.000578913
4.93059e-05
0.000416315
0.000615359
0.000141902
0.00010196
0.000460872
0.000474961
4.3091e-05
0.000425491
0.000324452
9.60335e-05
4.37816e-05
0.000442892
0.000387572
0.000537879
0.0005155
0.000411471
9.82102e-05
1.64279e-05
0.00066808
4.90914e-05
0.000997998
0.000700761
6.4979e-07
0.000110177
0.000279857
0.000543129
0.000269081
8.62779e-05
2.58067e-05
2.02817e-05
6.87715e-05
2.01134e-05
0.000313648
0.000624601
0.000579085
0.000487269
0.000185331
0.000142191
0.000540951
0.000460335
0.000250273
4.05688e-05
0.000183055
3.8464e-05
0.000431636
1.79814e-06
0.000204844
0.000222
0.000258549
0.000306728
8.63505e-06
3.06052e-05
2.93186e-05
0.000115845
0.000385761
0.000148855
6.85376e-05
4.68324e-05
6.52613e-05
0.000521412
0.00020333
6.89989e-05
0.000126257
0.000229157
3.64629e-05
0.000381348
6.93877e-05
0.000186321
0.000266829
0.000765173
0.00035683
0.000505524
8.21436e-05
0.000519304
0.000410557
0.000450502
0.0004682
0.000313145
0.000195418
1.30984e-05
0.00011491
0.000199827
9.8737e-06
0.000148973
0.000538766
0.000485624
0.000436142
6.67192e-05
1.09627e-05
0.000113664
4.65175e-06
4.57152e-05
0.000846371
0.000127101
7.24691e-05
8.96377e-05
0.000361505
0.000626491
0.000536274
0.000610772
0.000456098
0.000256588
0.000296173
0.000270469
0.000496988
0.000364187
0.000289832
0.000340213
0.000168262
0.00045633
0.000337996
0.000735298
0.000865844
0.000442803
0.000593063
0.000104379
4.78267e-05
0.000156442
0.000567988
6.46852e-05
4.17946e-05
0.000168746
9.12436e-05
0.00041869
0.000330211
0.000113186
5.97882e-05
5.17298e-05
3.43331e-05
0.000214549
0.00026895
0.000378823
0.000282081
8.00189e-06
3.3158e-05
0.000378847
0.000454212
6.59531e-05
0.000153971
9.36752e-06
0.000471201
0.00035722
1.63374e-05
8.63899e-05
1.93749e-06
2.17882e-05
1.61317e-05
0.000207675
1.09542e-05
0.000258481
0.000442877
4.23533e-05
5.72949e-05
0.000140861
0.000129133
4.70485e-05
3.89813e-05
8.53588e-08
0.000704108
0.000517855
0.000351108
3.40818e-05
3.22838e-05
0.000335017
4.18853e-05
1.73336e-05
6.51233e-05
8.13816e-05
0.000406114
7.31468e-05
0.000125672
9.03809e-05
0.000345484
0.00100118
0.00019336
0.000306871
0.000271135
0.000165629
2.10855e-05
1.27148e-05
0.000452909
0.000501813
0.000221632
0.000193004
3.2454e-05
4.80725e-05
0.000572395
0.000165603
0.000392183
0.000673778
0.000136757
0.000284146
0.00030732
0.000206075
0.000438032
0.000203908
0.000144002
0.000670649
0.000353731
0.000310752
6.15895e-05
4.79624e-05
1.2718e-05
0.000187376
0.000643075
0.000294578
0.00054201
0.000525467
0.000190332
0.000564729
7.2735e-05
0.000120337
6.1803e-05
1.15344e-05
3.5145e-05
0.000589684
0.000550716
0.000179322
0.000276854
0.000106819
6.00768e-05
0.000512795
2.84574e-05
5.15394e-05
0.000383306
2.15345e-05
5.66604e-05
0.000152038
0.000387583
3.98804e-05
1.71581e-05
2.34512e-05
8.12358e-06
0.000334811
0.000319097
0.000355833
0.000171397
0.000438754
0.000194229
2.38649e-05
0.00011973
0.000251782
0.000385813
4.90866e-05
0.00011035
2.50667e-06
5.47214e-05
7.15404e-07
0.000122549
0.000202153
4.66009e-05
0.000417366
0.000226018
0.000135847
0.000239545
0.000165823
0.000500376
2.53521e-05
4.01614e-06
0.000338988
0.00026056
0.000419851
0.000884635
4.0095e-05
0.000266123
0.00019589
0.000411942
0.000271035
0.000367274
0.000611823
0.000795735
6.41134e-05
9.94577e-05
0.000388442
6.25765e-05
5.65615e-05
0.000818425
0.000384106
0.000184634
0.000563523
0.000380474
0.00022966
0.000154111
0.000187829
0.000174981
0.00052036
0.000508679
0.000509597
0.000121578
1.92153e-05
1.85129e-05
0.000100319
0.000102373
6.04314e-05
8.95017e-05
0.000181764
0.00044417
0.00010957
0.000137218
0.000339917
2.56247e-05
0.000280379
0.000326381
0.000540322
0.000429332
0.000258851
0.00048749
0.000121843
0.000105469
0.000434073
0.000405284
0.00042186
9.77321e-05
7.96581e-05
0.000343296
0.000396933
0.000579807
7.68856e-06
2.39208e-05
4.45538e-05
0.000396813
0.000551481
0.000445359
0.000257969
1.24167e-05
3.82684e-05
0.000469898
0.00028685
3.27497e-05
0.000264555
8.41681e-05
2.13502e-05
0.000104673
9.64306e-05
0.000346135
0.000302664
1.40606e-05
0.000119489
0.000108531
7.74874e-05
3.46889e-05
0.000249165
0.000481243
0.000674526
0.000753778
0.000734797
0.000218018
2.66066e-05
0.000318831
0.000273895
0.000395533
0.000317474
0.000700979
0.000679474
0.00015605
0.000102133
7.568e-05
5.44518e-05
0.000241917
8.9985e-05
3.84949e-05
0.000207495
0.000138696
0.000470656
0.000300105
0.000533266
0.000485532
0.000153542
0.000199105
7.05764e-05
1.70319e-05
4.78949e-05
2.75824e-05
0.000122308
7.95912e-05
0.000606345
0.000210706
9.09672e-05
0.00037382
0.000314861
0.000731877
0.000644338
2.88122e-06
0.000301596
0.000168012
0.000252994
0.000259659
0.000320052
0.000232998
0.000276072
0.000435661
0.000287207
0.000126088
4.05138e-05
0.000220613
0.000257125
0.000628429
3.43508e-05
2.18376e-05
0.000184271
0.000294519
0.000127128
0.000227553
0.000156377
3.82406e-05
0.000347306
0.00048414
0.000187761
0.000586385
0.000102172
0.000258426
0.000410502
0.000361589
0.000399607
4.65136e-06
2.19131e-05
9.32767e-05
9.96978e-05
3.18347e-05
0.0001606
7.26738e-05
1.65924e-05
0.000242231
0.000422817
3.79843e-05
0.000189374
0.000117592
0.000123699
0.000347708
0.000185741
2.19369e-05
4.98769e-05
0.00019148
0.000361265
0.000238476
2.59861e-05
1.33191e-05
4.25521e-05
0.000499154
0.000337475
0.000559772
0.000164855
0.000377492
9.24251e-05
0.000197974
0.000546097
0.000386157
0.000165612
7.05926e-05
0.000449325
0.000953315
0.000536695
1.76153e-05
5.22457e-05
0.000351754
4.62891e-06
0.000432991
0.000608263
0.000268923
0.000380849
0.000438013
0.000225573
0.000186894
0.000305415
0.000169674
0.000266574
0.000418262
0.000210793
2.91379e-05
0.000334799
0.000208095
0.00036261
0.000136088
2.35206e-05
1.46941e-05
8.25749e-05
0.000313326
0.000360419
0.000255369
0.000755981
0.0006247
0.000231001
6.23111e-05
0.000120046
2.04433e-05
4.05335e-05
8.04969e-05
0.000424767
0.00107705
0.000107772
6.7432e-05
0.000172343
0.000122974
0.000329808
0.000289142
0.000399131
0.000599067
0.000608071
9.21603e-05
0.000153844
0.000549214
0.00032971
0.000244606
3.53516e-05
0.000785212
0.000510996
0.000332077
2.05799e-05
0.000595282
0.000618277
0.000461081
0.000101458
0.000877394
0.000434895
0.000486857
0.0001805
3.46625e-05
2.73398e-05
0.000156708
0.000130273
8.44542e-05
0.000113657
3.66383e-05
0.000594924
0.000340278
0.000144418
0.000133499
0.000298289
0.000255744
0.000758933
0.000311095
0.00051608
0.000277533
0.000305029
0.0004089
4.80471e-05
2.24747e-10
0
2.26298e-05
0.000521488
0.000244123
1.53377e-05
0.000243784
0.000486291
0.000799012
9.29861e-05
0.000123591
3.95407e-05
2.68659e-05
6.3576e-05
0.000129761
2.66498e-05
4.92716e-05
0.000137908
0.000361367
0.000240321
0.000298648
0.000134724
0.000156584
0.000215128
0.000374556
7.63949e-05
0.000309245
8.94984e-05
3.83159e-05
3.45993e-05
0.000197531
0.000302844
0.000177807
0.000402897
0.000629799
3.72176e-05
0.000540891
0.000273329
0.000445119
6.45677e-05
0.000226462
0.000137952
0.000277231
0.000117725
0.000420523
0.000214615
8.29448e-05
0.00044912
0.000111186
0.000311164
0.000136372
0.000501315
0.000169104
0.000163352
6.55024e-05
0.000396075
0.000737195
8.55128e-05
0.000802586
6.40525e-05
0.000246918
0.000232875
0.000116976
0.000145297
4.24837e-05
0.000381638
0.000284769
3.67603e-05
6.08347e-05
0.000259698
0.000276359
0.000126528
0.000482821
0.000329466
0.000352491
0.000112538
0.000541102
0.000374625
0.000377687
0.000257305
0.000552236
8.66107e-05
0.00025618
0.00016936
0.000301083
0.000766808
0.000556085
0.000413181
0.000268928
0.000108267
5.53232e-05
0.000158485
0.000764319
0.000162428
6.80862e-05
1.58477e-05
0.000453238
0.000175664
0.000752333
3.02375e-05
2.84791e-05
0.000349874
0.000345176
0.000523499
0.000174449
1.26242e-06
4.07041e-05
0.000593521
0.000731749
0.000606868
0.000166684
0.000200921
0.000135784
0.000187251
0.000105721
5.7494e-05
0.000298509
0.000109451
0.000290566
0.00059176
0.000365666
0.000535926
0.000325385
0.000925492
0.000183524
2.6272e-05
5.61404e-05
0.000123906
4.72994e-06
3.98249e-05
0.000141545
2.86549e-05
0.000286485
0.000137752
0.000137292
0.000346396
0.000132949
0.000352682
9.07841e-06
0.000231959
0.000196407
2.96558e-05
0.000216278
0.000320105
0.000267845
0.000400371
0.00069044
0.000202547
1.83953e-05
0.000762696
0.000237129
2.94023e-05
0.000295911
0.000310554
0.000646357
9.17314e-05
0.000449928
6.93318e-05
6.8086e-05
0.000312184
5.26494e-05
2.75189e-05
0.0004524
0.00044478
0.000659835
0.000219511
0.000460329
6.0382e-05
0.000198646
0.000118769
0.0002776
9.05592e-05
0.000201614
0.000222398
0.000438252
0.000106244
4.16623e-05
0.000479817
3.56542e-05
4.7144e-05
0.000497475
0.000190532
7.50518e-05
0.000602207
2.18091e-05
5.24221e-05
0.000276852
0.000136784
0.000212829
0.00016957
0.000315503
0.000131965
4.72929e-05
0.000275632
0.000185006
0.000141229
0.000137033
0.00019364
0.000440912
5.25905e-05
0.000196343
0.000934894
0.000238679
5.8582e-05
0.000113621
0.000192335
5.75334e-05
0.000445351
0.000441974
0.000660839
0.000179775
8.98981e-05
5.11557e-05
0.000379341
0.000142216
0.00044616
0.00045433
0.000173251
0.000122957
0.000471138
0.000289174
3.31801e-05
0.000341519
5.47564e-05
0.00041065
0.000569352
0.000618235
2.53467e-05
0.000102856
0.000105763
7.42915e-05
0.000127834
0.000170658
0.000470922
0.000115928
0.000277835
0.000718469
3.29033e-05
4.78765e-05
8.70821e-06
2.07577e-07
0.000559781
0.000242979
0.00010946
0.000358491
0.000195136
0.000318092
0.000259885
0.000446723
0.000117942
7.43731e-05
5.15719e-05
0.000136892
0.00025567
1.01803e-05
0.000219984
0.000146039
9.3959e-05
0.000214263
0.000548367
9.40573e-05
7.9544e-05
0.000447974
0.000215403
0.000479147
0.000198841
0.000358319
0.000332385
0.000392842
0.000249243
0.000396903
0.000561865
8.79099e-05
0.00026134
0.000131876
0.000228489
6.47716e-05
0.000434367
6.71824e-05
0.000102915
9.309e-05
3.38264e-05
0.00018879
0.000427998
0.00040453
0.000328349
5.37484e-05
0.000364575
6.27906e-05
9.96565e-06
1.68961e-05
3.31127e-06
0.000263356
4.3032e-05
0.000652964
0.000607745
5.5225e-05
2.7883e-05
5.42013e-05
0.000105342
0.00014769
0.000390752
0.000320897
0.000234033
0.000207385
6.3224e-05
0.000264173
0.000221149
0.000326969
0.000402877
4.76743e-05
1.42061e-05
0.00059404
0.000213793
0.000623137
4.19064e-05
0.000258859
1.47913e-05
2.3543e-05
0.000416481
0.000384642
0.000116952
0.000213794
0.000138071
0.000399457
0.000220851
0.000274325
0.000260636
1.91582e-05
0.000271174
0.000172469
2.10079e-05
0.000110599
4.52193e-05
0.000248345
0.00020647
0.000338403
0.000252129
0.000136192
8.61669e-05
0.000258261
0.000634803
0.000828328
0.000150365
0.000299388
0.000365012
0.000668053
0.000446084
0.000312664
0.000126316
0.000177511
4.68344e-05
0.000177364
0.000443647
0.000271489
0.00039377
3.18593e-05
4.87869e-05
7.49059e-06
7.59879e-05
1.26782e-05
0.000385258
0.000229996
5.58831e-05
0.000525807
0.000268751
0.000101615
0.000756795
1.684e-05
3.74261e-05
0.000125076
0.000283667
0.000234591
4.04024e-05
0.000522258
0.000428243
9.68774e-06
0.000240054
8.02267e-05
0.000134438
0.000407269
0.000255382
0.000527644
0.000232162
0.000222657
0.000572698
0.000304031
0.000277357
0.000125028
0.000424119
0.000285761
0.000239526
0.000328447
0.000105545
0.000651939
0.00015305
0.000184727
0.000186498
0.000438308
0.000116962
0.000109379
7.71298e-05
0.000277432
0.000185685
0.000103596
0.000174477
5.70292e-05
2.73526e-05
9.89304e-05
0.000200713
2.35076e-05
5.84081e-05
2.50891e-05
0.000396286
0.000458494
0.0003674
0.000614676
0.000786898
0.000623031
0.000385757
0.00023994
1.09776e-05
0.000156971
0.000311185
0.000371583
0.000395786
0.000370854
9.98522e-05
0.000119828
0.000370959
0.00049993
8.54307e-05
0.000481196
0.000158544
0.000285657
0.000659902
0.000477461
5.57302e-05
9.44993e-05
0.000101886
1.25712e-05
3.22868e-05
0.000522275
8.0149e-05
0.000338051
0.000379874
0.000557687
3.72447e-05
0.000297725
0.000469407
0.000646024
9.89454e-05
0.000530767
0.000106067
0.000140488
0.000295431
0.000262994
8.23454e-05
0.000207372
2.2569e-05
2.66056e-05
1.69202e-06
9.03339e-06
2.54928e-05
0.000172734
0.000344947
0.000397669
0.000460613
0.000135826
0.000224528
0.000239251
0.000202482
0.000837942
0.000131004
0.000309735
0.000742912
0.000263252
8.52599e-06
2.56432e-05
0.000696125
2.67263e-05
3.11535e-05
1.89616e-05
2.72039e-05
0.000281227
0.00022739
0.000161745
0.000245571
3.8364e-05
0.000148077
6.86836e-05
0.00015304
0.000498622
0.000514459
3.98976e-05
0.000544903
0.000751385
0.000639004
0.000154439
0.000120037
0.000448164
0.000455589
0.000220927
0.000555812
0.000780663
0.000471166
7.51729e-05
7.35559e-05
4.58575e-05
0.00020542
0.000623713
0.000229898
0.000475264
0.000635901
0.000456817
0.000418503
0.000385598
0.000544624
0.000195204
0.000341317
0.000530342
0.000538227
0.000554515
0.000766815
0.000285655
0.000215175
0.000520362
3.72573e-05
8.39525e-05
0.000145375
0.000339909
0.000617893
0.000572719
0.000633973
0.000299419
0.000457875
0.000510395
0.000541172
0.000492586
0.00076756
0.000401481
0.00039097
0.000743247
0.000515635
0.000760161
0.000314095
0.000500963
0.000482383
0.000637825
0.000632433
3.7767e-05
8.0142e-05
0.000582875
0.000436691
0.000393087
0.00072334
0.000541261
0.000451557
0.000193815
0.000283453
0.000162199
0.000108692
2.80554e-05
0.000225211
0.000349463
0.000275246
8.43243e-05
0.000295581
0.000124435
0.00017106
0.000298933
0.000304628
0.000689586
0.000354508
0.000541701
0.000194088
0.000490425
0.000541795
8.86463e-05
0.000333092
0.000335987
0.000538544
0.000459954
0.000281477
0.000537044
0.000280018
0.000160164
0.000318361
0.000453748
0.000420077
0.000242654
9.24502e-05
0.000101974
0.000154872
0.00061077
6.59695e-05
0.000135268
0.000150493
3.08927e-05
0.000138731
2.79794e-05
0.000299003
1.31008e-06
0.000298372
8.59502e-05
0.000113971
7.0186e-05
0.000134089
0.000198223
0.000105757
0.00012939
0.000281474
0.000450041
0.000584841
2.76684e-05
0.000472273
0.000313154
0.000104278
0.000182817
0.000859411
6.42403e-05
0.000215208
0.00029876
0.000459128
0.000253996
8.93311e-05
9.8119e-05
1.49289e-06
9.01262e-05
5.58014e-05
0.000499281
0.000198841
0.000488146
0.000477233
4.34396e-05
0.000192869
6.37574e-05
0.000212909
4.79559e-05
0.000322199
2.69365e-05
1.89753e-05
2.39092e-05
0.000365008
0.000642652
0.00043989
0.000234604
0.000332248
0.000274547
0.000121196
0.000223375
3.6804e-05
3.49242e-05
0.000119513
1.19261e-05
0.000267392
0.000345288
0.000370773
0.00103475
0.000618621
9.9324e-05
0.00018144
0.000157662
0.000411143
0.000382293
0.000244152
3.6651e-05
0.000174514
0.000141621
0.000407899
0.000191913
0.000197773
3.94201e-05
7.67306e-05
4.82559e-05
5.73013e-05
0.000606154
9.99607e-05
9.58237e-05
0.000341728
0.00023118
0.000106919
0.000216064
9.02464e-05
0.000171717
0.000386355
6.66745e-05
0.000532149
0.000102468
0.00014894
4.93843e-05
4.70952e-05
8.04452e-06
0.000643517
0.000420673
0.000557637
0.000261414
0.000345969
0.000120406
0.000163125
0.000943297
0.000146388
0.000106805
5.76778e-05
3.42122e-05
2.73475e-05
4.14099e-05
0.000368234
0.000566361
0.000321384
3.90412e-05
4.6017e-05
0.000316614
0.000503093
0.000166395
0.000148693
6.54386e-05
1.14741e-06
0.000187983
0.000299494
0.000283842
0.000310957
0.000316781
0.00060642
6.66669e-05
8.06144e-05
0.000342247
0.000425695
0.000498198
0.000409485
7.8267e-05
5.28719e-05
0.000201239
0.000457485
0.000534899
0.000459514
0.000466078
0.000113116
0.000642987
0.000148582
0.000374285
0.000562873
0.000613434
0.000297878
0.000395972
6.20996e-05
0.000354621
0.00011895
0.00025477
0.000640635
0.000139005
0.000327937
0.000193985
0.000541564
0.000550315
3.60546e-05
0.000182068
7.46838e-06
5.09896e-06
9.14477e-05
0.000466571
0.000234192
0.000251241
0.000125601
0.000341907
0.000136409
0.000382174
1.28449e-05
0.00028367
0.000386914
0.000521952
0.0001383
0.000145461
0.00028467
0.00029208
5.4802e-05
0.000214272
5.51774e-05
0.000372168
1.36052e-05
0.000534693
0.000527797
0.000342996
0.000789213
9.86451e-05
0.000663554
0.000923383
0.000294356
3.79098e-05
0.000351103
0.000213242
3.95385e-05
0.000131936
0.000325135
0.000554487
0.000510416
0.00036178
0.000185991
6.97598e-05
0.000425191
0.000637994
0.000413435
0.00011839
0.000692914
4.89536e-05
2.38135e-05
0.000181951
8.83083e-05
0.000368181
3.19829e-05
0.000126856
0.000155947
0.000155554
7.83902e-05
0.000632816
0.000856063
8.27005e-05
7.5595e-05
0.00010015
8.96166e-05
8.57338e-05
0.000465136
8.54552e-05
0.000259093
0.000456385
0.000508959
0.000254229
0.000365695
0.000381197
0.000283505
4.93188e-05
0.000203281
0.000557113
0.000196709
0.000496051
0.000114693
4.10372e-05
5.9496e-05
0.00019445
0.000313052
0.000537702
0.000463083
0.000439967
0.000661623
0.000424595
0.0001593
0.000179849
9.94987e-05
0.000504629
0.000153353
0.000533318
0.000136494
0.000544255
0.000121698
5.54295e-05
0.000403493
5.81708e-05
0.000382134
0.00053529
5.00736e-05
0.000387209
0.00057926
0.000181292
0.000311994
0.000191972
0.000585191
0.00046253
0.000153118
7.76085e-05
0.000625624
0.000131803
4.02301e-05
2.52538e-06
0.000393877
0.000135697
0.000619684
0.000840881
6.13103e-05
7.70003e-05
0.000168348
0.000425197
0.000802461
3.51261e-05
3.81302e-05
5.01155e-05
0.00030653
0.000442747
0.000413759
0.000673269
0.000500945
0.000335512
0.00034144
0.00023869
0.000174716
0.000478961
0.000150917
4.12136e-06
0.000464864
0.000679078
0.000582683
0.00058889
0.000415492
0.000302539
0.000207126
0.000237144
0.000670719
0.000624709
0.000162982
0.000423678
0.000207213
0.000273596
0.000136468
0.000283658
8.48319e-05
2.26584e-05
0.000264242
0.000869078
0.000276766
0.000104073
2.8535e-05
3.9773e-05
0.000730922
0.000346618
6.79621e-05
0.000590136
0.000457567
0.000836785
6.54617e-06
0.000230353
0.000235321
0.000361031
0.000146592
2.40768e-05
0.000117523
0.000356793
0.000364735
0.000230005
0.000177272
0.000199496
0.000161298
9.89866e-05
5.66849e-05
0.000389819
0.000198164
0.000116889
0.000432495
0.000239855
9.40331e-05
0.000279866
7.18898e-05
0.000150233
7.76095e-05
0.0001217
6.76748e-05
9.23519e-05
0.000611144
0.000121158
0.000125771
3.52843e-05
4.66869e-05
7.89029e-05
0.000332082
0.000133589
0.000230458
0.000203754
0.000133911
1.04504e-05
0.000759636
0.000625817
0.000373701
0.000380512
0.000348458
0.000478629
0.000229881
9.8412e-05
6.75512e-05
0.000978978
0.000499505
0.000432016
0.000365597
1.30179e-05
0.000203243
0.000293045
0.000357973
5.37692e-05
0.000174766
0.000738698
0.000871135
0.000200908
6.58195e-05
1.6083e-05
4.80982e-05
0.000104495
0.000680892
0.000589373
0.000299331
0.000214311
0.00020632
2.88925e-05
7.26932e-05
0.000103059
0.000266789
0.000520604
0.000164808
8.9366e-05
0.000510324
0.000441721
0.000210404
0.000393705
6.86417e-05
1.00966e-05
8.77873e-05
0.000208273
0.000131958
0.000142416
0.000202761
0.000282387
6.19641e-05
1.66053e-05
0.000120541
3.29253e-05
0.000110524
0.000184647
0.000387916
0.000187183
0.000371717
0.000262341
0.000270868
0.000567096
0.000287795
0.000303926
0.000820197
0.000202545
0.000161059
0.000127969
0.000220948
0.000191374
0.000489684
0.000246573
0.00012507
0.000693561
0.000538339
0.000368532
0.000690851
0.000409335
2.19016e-05
0.000235047
0.000787747
0.0003976
0.000119081
0.000245396
0.000281689
0.000397693
0.000379622
0.000541147
4.61869e-05
0.000135353
7.19932e-05
2.51909e-05
9.42042e-05
0.00012025
5.12594e-05
0.000205997
3.27734e-05
5.80763e-05
0.000378321
0.000657034
0.000265989
0.000432677
0.000272374
0.000421461
0.000373927
0.000259103
0.000285844
5.50309e-05
0.000362323
0.000354386
0.000212375
0.000314125
0.000222839
0.00012345
0.000176562
0.000161662
0.000297629
0.000283502
0.000145744
7.63091e-05
1.37722e-05
0.000351957
0.000129406
9.23083e-05
4.81488e-05
0.000118408
8.96316e-05
0.000133034
0.000116323
0.000274205
0.000208872
9.59195e-06
2.4172e-05
5.94548e-06
0.000637219
0.000340945
0.000527725
0.000638112
0.000305746
0.000655736
5.0765e-05
0.000164612
0.000179874
0.000295051
0.000419446
0.000507701
0.000375219
5.06842e-05
5.03823e-07
1.50751e-05
1.21066e-05
0.000146635
0.000332296
0.000352514
0.000638695
0.000502637
0.00010976
8.09197e-05
0.000283742
0.000492742
0.000112414
0.000181269
0.000153507
0.000247314
7.02256e-05
0.000400702
0.000267942
0.000133805
3.22796e-05
7.78532e-05
0.000158548
0.0002883
0.000467612
0.000421226
6.75456e-05
0.000449949
0.000662239
0.00017967
0.000310748
0.00035888
1.24338e-05
0.000313123
7.42095e-05
9.97598e-05
0.000395536
0.000225097
0.000273918
0.000268269
0.000172896
0.000136113
0.000665966
0.000602926
0.000398246
0.00048669
0.000120445
0.000156318
0.00025433
2.78454e-06
0.000105078
0.000160522
7.80888e-05
0.000109254
3.24441e-05
0.000227097
0.000524412
0.000134961
0.000127233
0.000177271
0.000174686
0.00020355
0.00025234
2.44873e-05
7.76989e-05
5.69341e-05
0.00023461
0.000254487
8.35469e-05
0.000533373
6.09386e-05
1.94049e-05
0.000212769
0.000110357
0.000137465
0.000530821
0.000150815
0.000404382
0.00041214
0.000227594
0.0002084
8.03347e-05
8.36476e-05
0.000173208
0.000453987
0.000154472
0.000282313
0.000555048
0.000260167
0.00036706
0.000261802
2.08518e-05
0.000145307
0.000273766
0.000194853
0.000367591
0.000170881
0.000570268
6.03751e-05
2.81498e-05
3.06175e-05
0.000575807
0.000491925
0.000627212
0.000396136
0.000323553
5.95008e-06
0.00026824
0.00028049
2.23056e-05
0.000935025
0.00066241
7.40413e-05
9.53138e-05
0.000504803
0.000399904
0.000247808
0.000137441
0.000336003
2.92022e-05
1.0417e-05
9.46074e-05
0.000200542
5.54738e-05
7.14268e-05
0.00055867
0.000132701
0.000300314
0.000123778
0.000274353
0.00073392
0.000229155
0.000498535
0.000261704
0.000218024
0.000536892
0.000145214
0.000561296
0.000422314
0.000148007
2.28596e-05
0.000293569
0.000310983
7.09229e-05
1.70243e-05
0.000271393
0.000306041
0.000549745
0.00043323
0.000177857
0.000157155
0.00057159
0.000129856
6.51689e-05
0.000287758
0.000339631
0.000128
0.000529791
0.000174912
0.000279641
0.000630008
6.60037e-05
3.87747e-05
0.000108842
0.000151027
0.000120375
0.000212861
0.000117858
0.000656071
0.000146181
0.000357028
0.000254215
0.00012648
0.000629972
0.000168501
3.72708e-05
0.000412819
0.000175402
0.000180571
0.000352775
7.66605e-05
0.00022785
0.000565045
0.000167448
1.5285e-05
0.000150735
0.000182393
0.000228001
0.000324682
0.00037259
0.000284289
9.58477e-07
3.58158e-06
5.63795e-05
0.000294463
3.10221e-05
0.000282131
2.25391e-05
7.01617e-05
0.000418377
1.88156e-05
7.71493e-05
1.46614e-05
0.000353094
0.000235387
0.000161084
0.000344704
0.000236002
0.000277633
0.000634089
0.00032857
0.000508489
0.000584293
0.000496183
0.000118518
0.000266176
9.51825e-05
0.000288479
3.21701e-05
0.000134434
5.76727e-05
0.000512696
0.000285524
0.000243233
0.000356284
0.000102167
0.000409939
0.000506226
0.000604954
0.000186151
0.000464707
0.000360226
0.000409777
1.91658e-05
0.000172788
1.94793e-05
0.000468202
0.000123608
4.47246e-05
4.40666e-05
0.000330981
7.8515e-05
0.000195868
0.000330525
0.00022681
0.000620086
0.000624741
0.000477927
0.000320485
0.000405364
0.000290348
0.000312893
4.00688e-05
3.08854e-06
9.06386e-05
6.35536e-05
4.79176e-05
0.000254555
0.000140937
0.000172378
9.06109e-06
0.000120201
8.30049e-05
9.19133e-05
0.000102163
0.000209794
0.0001956
0.000699701
0.000175775
0.000119977
6.26974e-05
0.000900808
0.00050267
0.000103702
0.000158723
7.70492e-05
0.000377494
0.000307872
0.000444577
2.08767e-05
8.36065e-05
0.000287449
0.000198631
3.8264e-05
0.000191139
0.00038895
0.000590873
0.000124583
0.000360932
7.16254e-05
0.000346206
0.000499407
0.000432255
0.000109693
2.62645e-05
0.000196843
0.000271018
0.000291744
0.00033488
0.000196777
0.000159185
4.98728e-06
0.000123667
4.59956e-05
0.000267268
0.000403427
0.000386626
0.000132488
2.26186e-05
0.000125305
0.000245623
9.13218e-05
0.000425854
0.000336071
5.04629e-05
5.54475e-06
0.000179706
0.000392598
0.000522665
0.000130943
0.000194584
5.78757e-06
6.11791e-05
0.000352791
0.000184433
0.000244213
0.00014832
2.92103e-05
0.000697044
4.68921e-05
5.89302e-06
6.35004e-05
0.000161802
0.000218759
0.000176934
0.000111747
0.000110842
0.000268934
0.000217615
0.000510529
0.000457886
7.5431e-05
0.000333
8.01671e-05
0.000174539
0.00017492
0.000283193
0.000446772
0.000192929
8.99947e-05
0.000186941
3.41313e-05
9.40661e-05
0.000514091
0.000185793
5.87616e-05
0.000109661
0.000819163
0.000484721
7.34613e-05
0.000118867
8.90454e-06
0.000589627
0.000408151
0.000351323
0.00050302
1.99295e-05
0.000123722
0.000534598
0.000193096
0.000372004
0.000417268
0.000594433
5.6484e-05
0.000120349
0.000425328
0.000328189
0.000225294
0.000158779
0.000497957
0.00018518
0.000614878
0.000369038
0.000627679
0.000469851
0.000200235
0.000449264
0.000296036
0.000667555
0.000749113
0.00050277
0.000337308
2.45787e-05
5.10532e-05
0.000684388
0.000632301
0.000414278
0.000108445
0.000201369
3.31345e-05
0.000479471
0.000372593
9.96676e-05
6.33597e-05
6.55221e-05
0.000170683
0.00063539
4.32339e-05
6.18636e-05
6.96892e-05
0.000238547
8.73959e-05
0.000491215
0.000330072
3.57355e-06
0.000306174
0.000279677
0.000260125
0.000126936
0.000435904
0.000204795
4.36757e-05
3.51677e-05
3.66697e-05
0.000331604
0.000169193
0.000132203
8.05607e-05
6.46421e-05
0.000730523
0.000694388
0.000529733
0.000504628
0.000529869
0.000123138
0.000522583
0.000312141
8.32778e-05
0.000472113
0.000300482
0.000223645
0.000321216
0.000136146
0.000261958
7.88673e-05
0.000145588
0.000216208
0.000129336
0.000416695
0.000869649
0.000299921
0.000353529
0.000881217
0.000700931
7.76969e-05
4.24652e-05
0.000262231
0.00027582
6.86674e-05
0.000427048
0.000170326
0.000123637
0.000669465
0.000216817
0.00049619
0.00022722
0.000193442
0.000866601
5.96216e-05
0.000548719
6.9864e-06
6.38968e-05
0.000461691
7.72594e-05
7.34051e-05
0.000307584
0.000432127
0.000436823
0.000353952
0.000544156
5.91751e-05
6.03438e-06
3.90663e-05
7.08393e-05
1.14958e-05
6.62634e-05
0.000577589
0.000461785
0.000176006
0.000209734
3.35434e-05
9.95262e-05
0.000622947
0.000159196
1.97459e-05
8.65463e-05
0.000126906
0.00021234
5.9785e-05
6.64783e-05
0.000355182
0.000154851
0.000157526
0.000411472
0.000264667
9.81089e-05
5.7413e-06
0.000166477
0.000168929
6.97422e-06
0.000204802
7.99011e-05
0.00017965
0.000146404
0.000330795
0.000135117
0.000973424
0.000487964
0.000300464
0.000129639
0.000506763
0.00050693
0.000340492
0.000397819
0.000470467
0.000727825
0.000761728
0.000728456
0.000210333
0.000291761
0.000275039
0.000157488
8.31217e-05
8.16547e-05
2.60137e-05
0.000254579
0.000720248
0.000285841
6.81611e-05
0.000325821
0.000651207
0.000364778
0.000593951
0.000617267
0.000144782
0.000289377
4.8666e-05
0.000105966
0.000151274
0.000483936
0.000347692
0.000365667
0.000445043
0.000269595
0.000182742
0.000350888
0.000231313
0.000247969
0.000318848
7.66786e-05
0.000312994
0.000752299
0.000232348
9.57143e-05
2.57102e-05
0.000219322
1.5723e-06
8.5189e-05
0.00018408
0.000428337
0.000199398
0.000467641
0.000290014
0.000252938
0.000240397
0.000381161
2.75437e-05
8.09924e-05
7.2905e-05
0.000141709
9.27842e-05
2.73081e-05
0.000180801
0.000123011
4.39531e-05
0.000319221
0.000175728
0.000116532
0.000185671
5.1525e-05
0.000106775
0.000140692
0.000208541
0.00028812
0.000261453
0.000161248
0.000502184
0.00030472
0.000149049
2.2063e-05
3.41464e-05
0.000709185
6.71184e-05
1.95024e-05
0.000176623
9.4133e-05
9.71199e-05
0.000193848
0.000109265
0.000542897
0.000192946
0.000380432
0.000526282
5.34682e-05
0.000573761
0.000345292
0.000308807
1.69924e-05
0.00062329
0.000256734
0.000212299
0.000256358
5.75467e-05
4.23287e-05
7.3563e-05
1.3749e-05
6.10051e-05
0.00030633
4.73657e-05
0.000425924
0.000546798
0.00068583
0.000541587
0.000585334
0.000215698
2.15187e-05
0.00021733
0.000208638
0.000379801
0.000567014
0.000284402
0.000502042
0.000113171
3.44812e-05
0.000187164
0.000106719
9.88783e-05
3.58351e-05
3.38343e-05
0.000153971
0.000535794
0.000425093
0.000811922
0.000671741
0.000171069
3.54339e-05
0.000587083
3.24093e-06
2.40882e-06
0.000218694
0.000178372
0.00030062
0.000139064
0.000344637
0.000447366
2.99517e-05
4.18319e-05
0.000195542
0.000103667
0.000135126
0.000353189
8.8246e-06
2.0071e-05
0.000122624
0.000386059
0.000210812
0.000188379
3.45084e-05
0.000200249
0.00018262
0.000171288
0.000191538
0.000301358
0.000539764
8.0834e-05
8.82771e-05
0.000274805
8.61544e-05
6.04047e-05
0.000101904
1.50709e-05
1.52372e-05
9.11011e-06
0.000254453
0.000537121
0.000255082
0.000176766
1.87683e-06
4.54201e-06
0.000208437
9.5165e-05
0.000249969
0.000267265
0.000454714
0.000179018
0.000298712
0.000127594
0.00055377
0.000394516
0.000224658
2.4454e-05
8.78651e-05
0.000224242
0.000185161
0.000203261
0.000361212
0.000355103
0.000400525
0.000425681
0.000646026
0.000285589
5.64231e-05
0.000168093
0.000585891
0.000578579
0.000303986
0.000145778
7.57932e-05
0.000143442
0.000280668
2.94127e-05
0.000273461
0.000297358
0.000361095
0.000124163
0.000224461
0.000200599
6.81667e-05
0.000695305
0.000528107
0.000645615
0.000603559
8.03646e-05
6.98418e-05
0.000207503
0.00037604
0.000612673
0.00036114
8.67679e-05
0.000149628
0.00014592
0.000509637
0.000450157
0.000218104
0.000573962
0.000225177
0.00031098
0.000446103
0.000244486
0.000247905
0.000206404
0.000466866
0.000227605
0.00042659
0.000412341
0.000171256
0.000344199
0.000226173
0.000336943
0.000884785
0.000226282
0.00036389
2.39206e-05
4.83525e-06
6.20543e-05
0.000249443
0.000123359
4.97651e-05
0.000510017
9.83328e-05
0.000416066
0.000210915
0.000647372
0.000759424
8.58142e-06
4.53432e-06
3.17899e-05
0.000349699
0.000909903
0.000664104
0.000131028
3.43453e-05
6.54798e-06
2.0742e-05
0.000111096
0.000474129
0.000230216
0.00032398
0.000932939
0.000232312
0.000161202
0.00021498
0.000123432
0.000181966
0.00043627
0.000227413
0.000562359
0.000129876
0.000430377
0.00018119
6.96928e-05
4.21401e-05
0.000161893
0.000127689
0.000842276
0.000312738
2.20204e-05
0.000200693
0.000251439
0.000204744
0.00051723
0.00023713
0.000140405
0.000463735
0.000345417
0.000739887
9.61337e-05
0.000515225
0.000342349
0.000386136
0.000248528
8.49531e-05
0.000116948
0.000563346
0.000708792
0.000351566
0.000261861
0.000116677
0.000267551
0.000279734
9.2485e-05
0.000477174
0.00041399
0.000455031
0.000183848
0.000431912
0.000358874
0.000161879
0.000541727
0.000561965
7.5184e-06
8.05157e-05
6.58927e-05
0.000291815
0.000130498
0.000271666
0.000207855
4.39235e-06
0.000225763
0.000160581
0.000499203
6.79705e-05
0.000110371
0.000418842
0.000209138
0.000142452
0.000428217
0.000150705
0.00016259
0.000410021
0.000468991
0.00052141
0.000230178
0.000464175
0.000946849
0.000386809
0.000515718
0.000288796
0.000607421
0.000319316
0.000295251
0.00031982
3.7823e-05
6.55166e-05
3.9405e-05
7.46405e-05
0.000336147
6.65789e-05
8.57212e-05
0.000221284
4.74091e-05
0.000347485
0.000452598
0.000110764
0.000432025
0.000321487
0.000333529
0.000123337
6.96675e-05
6.68265e-05
0.000285074
0.000301559
0.00020047
0.000427648
0.000315112
0.000569947
0.00010793
0.000612812
0.000257289
9.98299e-05
0.000311713
0.000182402
0.000110822
0.000147521
7.42048e-05
0.000286725
8.74728e-05
0.000145064
0.000462819
0.000149743
0.000581297
0.000382858
0.000210629
9.69708e-06
0.000106629
9.51744e-05
3.32355e-05
0.000184866
0.00019432
0.000445426
0.00030277
0.000394608
5.47578e-05
0.000401652
0.000264436
0.000136877
9.88873e-05
2.89075e-05
0.000292122
0.000243217
0.000484739
6.57881e-05
0.000304801
0.000179517
0.000434182
0.000525009
0.000540959
0.00086978
0.000169541
0.000123606
0.000511515
8.28342e-05
0.000219052
0.000296374
0.000467629
5.61601e-05
9.15609e-05
0.000687348
0.000233043
0.000214253
0.00036843
0.000848671
0.000654794
0.000386158
0.00022253
9.7e-05
0.000445134
3.64039e-05
0.000246972
0.000454342
0.000296123
0.000325595
0.000211402
5.18913e-06
2.68013e-05
3.09584e-05
0.000118616
0.000603154
0.000493623
0.000846651
0.0001515
0.000142336
0.000375688
0.000508354
0.000510813
0.000314072
0.000242823
0.000306385
3.79787e-06
6.38972e-05
3.05457e-05
8.78271e-05
0.000135098
0.000270671
0.000118949
6.00177e-05
1.1021e-07
2.13374e-05
0.000107717
0.000536169
0.000101939
2.5682e-05
3.44011e-05
0.000617454
3.49352e-05
0.000138233
2.36529e-05
9.66696e-05
0.000761259
0.000634438
7.95482e-05
6.02746e-05
0.000462193
0.000188659
0.000238612
0.000233963
0.000443074
6.72054e-05
0.000490465
0.000177148
0.000378621
0.000340426
0.000286457
7.69435e-05
0.000465494
0.000115868
0.000881414
7.03925e-05
1.57562e-05
1.88746e-06
7.62011e-05
0.000474879
0.000619628
0.00045039
0.000297565
0.000827736
0.000211428
0.000751711
0.000357702
0.000118111
0.000364237
0.000408852
0.000488195
0.000227893
0.000591499
0.000151462
0.00034165
0.000188559
0.000438287
5.03008e-05
8.74163e-05
0.00037401
0.00022469
0.000405199
0.000223804
0.000494615
7.15726e-05
5.47079e-05
0.000402292
0.000219553
0.000661356
0.000627366
0.000233247
0.000284355
8.63827e-05
4.47374e-05
0.000153705
0.000331066
0.00038232
0.000577677
0.000479489
0.000192591
8.30002e-06
0.000260259
0.000252562
2.43859e-07
7.93787e-06
6.1105e-05
0.00031179
0.000114831
0.000598116
0.000702308
0.000510779
0.000602099
0.000477779
0.000481618
0.000333213
0.000567747
0.000534475
0.000284552
0.000274905
0.00052731
0.000116087
0.000187694
0.000145878
7.86649e-05
0.000244826
0.000342947
5.56394e-05
0.000503753
0.000431452
0.000584357
6.49895e-05
0.000145055
0.000265241
0.000165268
0.000334797
9.18419e-05
1.49566e-05
5.628e-05
8.81946e-05
0.000110061
0.000146065
0.000307627
0.000483002
0.000100875
9.6367e-05
0.000394813
3.15201e-05
1.73248e-06
7.06671e-05
0.000217681
0.000234087
0.000176077
0.000103956
0.000383228
0.000310096
0.000674081
0.000134549
0.000270031
0.000462546
0.000191226
0.000432618
0.000565126
0.000109631
0.000169957
0.000519646
0.000433401
0.000426903
0.000121844
0.000495499
0.000800065
0.00066273
0.000526927
8.85215e-05
7.41238e-05
0.000138264
0.00027704
0.000115671
0.000393504
0.000279816
0.000430915
1.10955e-05
0.000172326
0.000472024
0.000223749
0.00077302
0.000436833
0.000465067
0.000109205
4.6398e-05
1.31124e-05
2.85643e-05
0.000180735
7.25519e-05
0.000263801
0.000219161
9.53472e-05
0.000316243
0.000738923
4.9709e-05
2.48124e-06
3.85544e-09
1.70709e-05
3.08728e-05
7.18947e-05
0.000276383
7.60917e-05
0.000170693
0.000304952
0.000461676
0.000377149
0.00054468
0.000495407
0.000106734
0.000188108
0.000385804
0.000417438
0.000631217
0.000324035
0.000365029
0.000363443
2.45071e-05
2.65656e-05
0.000100384
0.000500959
9.41998e-05
0.000491961
0.000107125
7.03921e-05
3.59551e-05
0.000613154
0.000775495
0.000187806
0.000314208
0.00050414
0.000374551
1.38707e-05
8.10077e-05
0.000163705
5.59706e-05
1.05046e-05
0.00067774
0.000559637
0.000444652
0.00039857
9.09668e-06
6.76383e-05
0.000215386
0.000225652
2.26087e-05
3.60664e-05
0.000406258
0.000169041
0.0005278
0.000591146
7.51721e-05
0.000139361
2.91602e-05
3.72266e-05
0.000556073
0.000107373
1.64061e-06
0.000106023
0.000123357
0.000149642
0.000268901
3.94481e-05
2.96377e-05
0.000224386
0.000101884
9.50525e-05
0.000113376
1.14331e-05
4.11297e-05
3.33851e-05
0.000399598
0.000491299
0.000261452
0.000712751
0.000139398
0.000533768
0.000136682
0.000177154
0.000183133
5.73381e-05
5.5494e-05
0.000484704
0.000156328
0.000304157
0.000150667
5.23319e-05
0.000192946
0.000422119
0.000241099
0.000717013
0.000293427
0.000282295
0.000364726
0.000194396
8.80782e-05
7.42153e-06
0.000173832
0.000168189
0.000257729
0.000151631
3.22101e-05
0.000117194
0.00029087
0.000325803
0.00033554
6.01713e-05
0.000129649
0.000169791
0.000436399
0.000435322
9.39449e-05
5.21098e-05
0.000257447
0.000535726
0.000170707
5.86337e-05
0.000115347
0.000336171
0.000154499
0.000308303
0.000319747
0.000222071
0.000175472
0.000193646
2.57933e-05
8.62654e-05
0.000573565
0.000566178
0.000234825
0.000831345
7.13228e-05
5.09312e-05
0.000107023
0.000374254
0.000158771
0.000136191
0.000758594
0.000491252
0.000316143
0.000361352
0.000130681
0.000446642
0.000522437
0.000295203
0.000224176
0.000308678
6.84055e-05
0.000177433
4.47783e-05
0.000211644
0.0003332
0.000515101
0.000510618
0.000339266
0.000293174
0.000184812
7.64968e-05
0.000272795
0.000439789
5.44786e-05
0.000435824
0.000364457
0.000412507
0.000178423
0.00031578
0.000102555
0.000287575
0.000232567
6.70439e-05
0.0001316
0.000141753
9.24087e-06
0.000446593
0.000160723
7.91149e-05
0.000424797
0.000421862
0.000657087
0.000123066
6.99489e-05
0.000162841
0.000337287
0.000156187
0.000249678
0.000138712
0.000221169
0.000164404
1.47429e-05
0.000181851
0.000163859
0.000818317
0.000734078
0.000338244
0.000220606
0.000444799
0.000458478
0.000263343
0.000490207
1.02539e-05
0.000136086
0.000400546
0.000311901
0.000101161
4.12482e-05
0.000244519
0.000312153
0.000109354
0.000257237
0.00016304
0.000625041
7.52355e-06
9.12614e-06
0.000563389
6.52876e-05
0.000754914
0.000632432
0.000308939
6.28885e-05
9.58503e-06
0.000278422
0.000258466
0.000136978
0.000384446
0.000577951
0.000417292
0.000135436
0.000366323
0.000100669
0.000282755
0.0001435
9.70404e-05
0.000159805
0.000194531
0.000195231
0.00025763
7.98927e-05
8.28168e-05
8.78759e-05
0.00062715
0.00021447
0.000304524
0.000248822
0.00026881
0.000153856
2.36646e-05
0.000102559
0.00011872
1.57285e-05
5.65873e-05
0.000333178
6.24539e-05
4.42032e-05
4.09928e-05
1.12358e-05
0.000101285
0.00010456
0.000504098
3.63415e-05
0.000158973
0.000411962
0.000260126
9.13643e-05
0.000296511
0.000573896
0.000464389
1.93037e-05
4.43406e-05
8.02264e-05
3.44112e-05
0.00084148
0.000131624
3.96369e-05
1.28256e-05
4.97936e-05
4.03861e-06
0.000435876
0.000275619
6.95791e-05
9.0982e-05
1.9465e-05
0.000344839
4.7267e-05
4.93085e-08
2.93262e-05
0.000196484
0.00042652
6.37278e-05
0.000357912
0.000473654
0.000153565
0.000284027
5.05481e-05
0.000559163
0.000186916
0.00048
0.000367353
1.89979e-05
6.38784e-05
4.74341e-05
0.000147694
0.000643762
0.000216585
0.000323315
0.000241197
0.000132069
0.000168802
2.86903e-05
0.000225188
0.000719396
0.000659172
0.000371289
0.000398393
0.000522165
0.000424058
0.000298362
1.29278e-05
0.000432086
0.00030371
7.94211e-05
0.000158021
5.43113e-05
0.00011495
4.60975e-05
0.000127454
7.02948e-05
0.000145038
0.000352903
0.000391164
0.000211706
0.000286582
4.87567e-05
0.000142664
0.000544586
3.83269e-05
1.61247e-05
6.52946e-05
4.88941e-05
8.44442e-05
8.49418e-06
0.000158258
0.000523021
0.000247407
0.000125877
3.87376e-05
3.8455e-05
6.23174e-05
0.000404432
0.000248711
0.000461068
0.000726095
0.000340149
0.000615222
0.000104165
0.000338382
0.000352721
0.00048426
0.000176837
0.000196679
0.000446748
0.000490964
0.000175766
0.000204823
3.04565e-05
0.000313526
0.00048251
0.000325569
0.000136066
5.60661e-05
0.000580376
0.00049583
0.000402857
0.000459197
0.000141164
2.70814e-05
5.16091e-05
3.66565e-05
0.000229062
8.36185e-05
3.89706e-05
0.000135211
0.000172207
0.000124706
0.000139489
8.8151e-05
4.1965e-06
6.41169e-05
8.05814e-06
1.14187e-05
0.000118677
2.3825e-05
0.00015498
0.000792822
0.000492996
0.000731456
0.000127794
4.6043e-05
3.24484e-05
0.00050095
0.000479066
0.000299005
0.000109325
0.000235781
0.00024943
0.000486246
0.000357915
0.000105251
9.1084e-05
3.70364e-05
0.000708533
0.000272568
0.000296372
0.00016446
1.45682e-05
5.1809e-05
3.1351e-05
0.000412741
0.00072148
0.000139385
0.000255618
2.46312e-05
3.2007e-05
0.000110271
0.000109536
5.02406e-05
0.000137475
8.8303e-06
8.40843e-06
0.00011106
9.7401e-05
0.000127689
0.00019652
0.000106723
0.000137747
5.12378e-05
0.00035695
0.00072862
2.61038e-05
0.000261555
0.00017132
0.000156572
0.00053164
0.000376222
0.000116443
0.000128977
3.65167e-05
9.88579e-05
9.92636e-06
2.23683e-05
0.000234543
0.000442637
0.000694947
0.000464676
0.000244263
0.000189267
7.90394e-05
0.000295823
2.35244e-05
8.64143e-05
0.000274047
7.86109e-05
0.000342789
0.000260348
0.000220706
0.000158541
0.000225696
0.000448917
0.000290449
7.47133e-07
0.00015358
0.000435182
7.97181e-05
0.000179037
0.000208144
4.3172e-05
3.00852e-05
0.000192306
0.000463779
0.000406267
0.000126997
2.37762e-05
0.000544783
0.000399537
2.72043e-06
0.000487919
0.000200525
4.75134e-05
0.000303757
0.000560644
0.000507507
0.000328165
0.000110241
0.000487202
0.000204804
0.000206466
0.000189331
0.000104148
0.000209728
8.36196e-05
0.000368962
0.000272539
0.00102255
4.40616e-05
0.000588446
0.000200115
6.70443e-05
0.000100631
0.000532263
0.000348552
3.59051e-05
0.000519667
0.000573168
1.04254e-06
9.7406e-05
7.09493e-05
0.00036295
0.000270781
0.000634803
0.000133751
0.000760452
0.000931198
9.46601e-05
0.000173189
0.000236218
0.000345673
0.000407857
0.00049105
0.000263949
0.000193864
0.000292703
3.92559e-05
9.50773e-05
0.000181503
0.000211242
0.000333273
0.000294312
0.00027416
7.66656e-05
0.000405938
0.00014198
0.000674489
0.000431614
1.87273e-05
8.69107e-05
0.00010108
0.000237538
0.000249025
5.31034e-05
9.5724e-05
0.000430289
7.63769e-05
0.000322753
0.000339048
0.000560996
0.000488901
0.000488932
0.000534886
0.000215952
0.000531048
0.000493832
0.000644868
0.000481605
0.000292368
0.000352227
0.000535881
0.000453413
0.00046132
0.000616401
9.39672e-05
0.000227471
5.40733e-05
0.000299754
5.69964e-05
7.59185e-05
0.000119356
2.44081e-05
0.000225235
0.00041264
3.31376e-05
0.000344121
0.000623417
0.000153471
7.24782e-06
1.4012e-05
5.36526e-05
4.44931e-05
0.000971446
0.000212199
0.000405167
0.000303577
0.00034053
0.000400681
1.82872e-05
2.34872e-05
4.34742e-05
3.82511e-05
0.00022438
0.000620438
0.000436037
0.000396789
0.00010517
0.000235024
0.000547991
9.89725e-05
0.000248451
0.00039762
0.000712628
0.000141081
0.000175826
9.85637e-07
2.20774e-05
5.76184e-05
7.33908e-05
2.93784e-06
9.19571e-05
0.000140389
5.66758e-06
0.000184435
0.000905569
0.000703583
0.000399455
0.000583384
0.000438923
0.000337522
0.000333272
9.7852e-05
0.000318681
0.000170096
0.000189852
0.000529169
6.67991e-05
0.000410903
0.000323991
0.000389266
0.000222516
9.52632e-05
8.97831e-05
0.000418467
0.000452504
0.000180185
3.26481e-05
8.96687e-05
1.72702e-05
0.000320672
8.14321e-05
0.000196416
0.000301584
0.000276507
0.00025722
0.000649981
0.000330607
0.000501234
0.000104438
7.90001e-05
0.000284711
0.000300126
1.41029e-05
0.000285851
7.49187e-05
0.000187209
0.000290069
0.000114347
0.000301379
0.000630491
0.000147981
0.000131221
4.80907e-05
0.000108177
2.38718e-05
3.86875e-05
0.000315749
5.32624e-06
5.26605e-05
6.516e-05
0.000220052
6.62592e-05
3.14295e-05
0.000233104
5.53562e-05
2.04678e-05
0.000313219
9.71268e-05
6.03746e-05
0.00010226
9.71484e-06
2.03533e-07
0.000133779
0.000301885
0.000101848
2.86081e-05
7.08035e-05
0.000215123
2.08391e-05
1.73508e-05
5.39214e-05
0.000212465
0.000243068
3.70249e-05
1.16985e-06
0.000398502
0.000535788
0.000606091
3.51918e-05
0.000276094
0.000448581
0.000191034
0.000188616
0.000333264
0.000380505
0.000323882
0.000173383
0.000312086
0.000620691
0.000545919
0.000198374
9.0797e-05
0.000237636
0.000236597
9.87768e-05
0.000198507
0.000178887
0.000140237
0.000414367
3.54608e-05
0.000124992
0.000117227
0.000152933
1.46894e-05
0.000619153
0.000550488
0.000645365
0.000278121
3.31202e-05
0.000194602
0.000596393
0.000596467
0.000252284
4.87702e-05
0.00017147
0.000615771
0.000227682
0.000475642
0.00016735
0.000129725
0.000506696
0.000313118
0.000264462
0.000345191
7.73999e-05
0.000142083
8.32869e-06
4.67923e-05
0.000563169
7.02175e-05
0.000216379
0.000166211
0.000109725
3.14727e-05
4.55942e-05
5.52918e-06
3.69743e-05
0.000488626
8.60629e-05
0.000293607
7.50253e-05
3.55983e-05
0.000639637
0.000280085
0.000239322
0.000261741
2.19244e-05
2.05017e-05
0.000274809
7.96948e-07
0.000749112
0.000121626
0.000274951
0.00061994
0.000247236
0.000401052
0.000131467
6.84334e-05
8.05058e-06
0.000412075
5.95113e-05
0.000137088
0.000132364
0.00023198
0.000306469
0.000171309
7.29224e-05
2.32937e-05
5.93347e-05
5.63967e-05
8.8761e-06
9.80359e-05
0.000246609
0.000314662
0.000164936
1.64617e-05
0.000120517
7.30801e-05
0.000249037
9.54836e-05
0.000209116
0.000129226
0.000604272
0.000460565
0.000517127
0.000609601
0.000316705
7.01999e-05
0.000329023
0.000187353
0.00035702
9.68235e-05
4.84129e-05
8.10592e-05
7.39741e-05
0.000349784
0.000269924
0.000408221
0.000183708
0.000250943
0.000482791
0.000663647
3.43576e-05
2.07515e-05
5.16738e-05
1.8625e-05
0.000372493
0.000793052
0.000236735
0.000352016
0.000136506
8.06854e-05
0.000183779
0.000488376
0.000408551
7.30148e-05
0.000566383
0.000492425
0.000461678
6.04765e-05
0.000220089
0.00043281
0.000234889
0.000304171
0.000331837
0.000290495
0.000243426
0.00015562
0.000229041
0.000577618
4.89168e-05
0.000328495
0.000493297
9.54682e-05
3.43882e-05
3.63032e-05
4.1693e-06
0.000342761
9.81399e-05
0.000438231
0.00025118
0.000456085
0.000204498
0.000259879
0.000300443
8.59535e-05
0.000293845
0.000126388
0.000159505
0.00024277
0.000153307
0.000297448
0.000200297
8.94394e-05
0.000268087
0.000115351
4.92873e-05
5.8819e-05
0.000545874
0.000442392
1.94054e-05
2.45181e-06
9.57251e-05
0.000172365
0.000402438
0.00044109
7.66487e-05
0.000195069
0.000344247
4.30304e-05
2.98331e-05
0.000300476
5.79787e-05
0.00022067
7.9582e-05
0.00028257
5.47101e-05
0.000266154
0.000260411
0.000116444
0.000675808
0.000149445
0.000545137
0.000535251
0.000275178
9.0602e-05
0.000202361
3.405e-05
9.06684e-05
0.000432607
0.000370923
0.000207799
0.00017689
0.000281773
0.000667037
0.000233324
8.8567e-05
0.000124432
3.65497e-06
5.99697e-05
8.88479e-05
0.000169978
0.000255462
1.03133e-05
0.000102118
8.76183e-05
2.01066e-05
0.000675113
0.000413549
0.000623592
0.000217196
0.000126828
0.000123924
0.000126932
0.000389041
5.67255e-05
0.000180675
0.00016712
8.20424e-06
0.000225229
0.000320051
0.000157387
1.20274e-05
4.80984e-05
7.71098e-05
0.000381319
2.79358e-05
0.000688992
0.000705841
0.000116633
0.000331929
5.48044e-05
6.27583e-05
0.000116226
7.10626e-05
1.53216e-05
5.30476e-05
0.000176956
3.36087e-05
0.000393515
0.000113552
0.0001223
0.000150887
0.000100476
0.000328222
0.000123942
0.000435858
0.000994176
0.000409182
0.000270223
0.000205329
0.000144725
1.32615e-05
0.000455138
0.000130477
1.38869e-05
0.000253226
0.000197035
0.000554974
0.000211361
0.000329796
3.91748e-05
5.91412e-05
0.000339249
0.000103813
0.000134952
0.000479082
0.000132582
6.47955e-05
5.22461e-05
0.000241301
0.000194874
6.64808e-05
0.00031063
0.000168416
0.000710102
2.61581e-05
1.24805e-05
0.000108184
0.000437831
0.000342734
0.0001734
0.000144335
0.000485081
0.000697611
0.000355994
9.84093e-05
5.78934e-05
5.84409e-05
5.3156e-05
7.33363e-05
8.12826e-05
0.00031785
0.0001241
8.31544e-05
5.44925e-05
9.23949e-05
0.000198478
0.000254607
0.000222367
0.000352254
0.000445199
0.000614971
0.00051293
0.000579414
0.00040963
0.000332437
0.000340509
0.000444721
0.00073626
0.000384835
0.000392894
0.000119909
4.47894e-05
5.82001e-05
0.000346374
0.000233715
0.000375919
0.0003653
4.35375e-05
4.79473e-05
0.0004991
3.91655e-05
0.000286702
0.000229354
0.000743525
0.000136088
0.00076697
0.000124547
0.000706337
0.000301547
3.83049e-05
0.000343108
0.000644438
0.000414094
0.000362553
1.23276e-05
0.000215193
0.000136913
0.000281041
0.000173731
0.000287405
0.000252623
0.000658042
0.000260303
0.000425901
0.000433517
3.54126e-05
0.000389161
0.00103225
0.000400947
0.000203115
0.000226395
8.68589e-05
6.38369e-05
0.000203859
0.000232494
0.000322691
0.000164276
4.92672e-05
3.58747e-05
7.23302e-06
0.000496344
0.000756139
0.000560057
0.000311653
0.000182587
1.40002e-05
2.28031e-05
0.000407305
0.000197659
0.00025369
0.000807931
0.000341697
8.26271e-05
9.68888e-05
6.54725e-05
4.49067e-05
3.5422e-05
0.000105405
0.000176194
4.98525e-05
2.94666e-05
0.00078068
4.21367e-05
0.000221162
0.000400954
2.28272e-05
0.000283416
0.000101848
5.11763e-05
1.80794e-05
0.000463961
0.000773805
0.000364998
0.000917459
0.000714444
0.000257403
0.000182141
0.000520173
0.000308256
0.000115805
0.000246981
0.000204124
2.95954e-05
0.00062439
0.000171852
0.000219682
0.000296573
0.000238543
3.69521e-06
0.000215701
0.000407623
0.000205571
0.0003851
0.000507347
0.000428806
1.93168e-06
9.05766e-05
3.24982e-05
1.58049e-05
7.53319e-05
0.00023366
4.50704e-05
0.000318038
0.00026565
0.000136603
0.000382345
2.58437e-05
0.000650306
3.26722e-05
2.09207e-05
5.28881e-06
4.06899e-05
0.000315646
0.000299846
0.00016815
0.000198875
0.000566493
0.000449666
0.000362112
7.38641e-05
0.000380848
0.000243354
0.000210227
0.000156124
0.000442062
0.000491935
0.000276412
0.000398086
0.000269943
0.000536917
1.26314e-05
0.000179997
3.39949e-05
1.9246e-06
0.000108454
0.00072875
0.000214526
0.000207473
0.000298929
8.43581e-05
0.000402722
2.46728e-05
2.16063e-05
5.40256e-05
0.000574662
0.000175015
0.000147905
0.000205343
0.000409504
0.000355311
0.000533202
0.000363466
0.000195537
1.59096e-05
3.08761e-05
0.000483158
3.18876e-05
0.000103815
0.000312995
0.000311819
0.000620655
0.000214645
0.00017571
4.42812e-05
0.000241434
0.000671076
0.000183204
0.000140687
0.000101965
2.94295e-05
0.000109953
7.81045e-05
9.28901e-05
0.000411778
0.000428071
0.000205407
2.47041e-05
3.38175e-05
0.000319358
0.00028581
0.000825251
0.000169787
1.94854e-05
3.00134e-05
0.000408861
0.000177658
0.000417897
0.000274733
0.000442595
0.000334452
0.000645559
0.000156449
0.000363465
0.000371895
0.000115223
0.000417626
0.000486729
0.000755103
9.05481e-05
0.00032705
0.000285307
0.000749813
0.000406399
1.29505e-05
0.000248497
0.000182323
0.000159898
0.000128703
0.00014797
0.000414706
0.000497073
3.6044e-05
0.000118238
0.000532755
0.00055546
0.00041643
0.000274239
0.000563777
0.000179225
0.000582526
0.000227571
4.17e-05
0.00083218
0.000201417
0.000390628
0.000818288
0.000479849
0.000325874
0.000309684
0.000559319
1.81031e-05
2.76731e-05
0.000278594
1.07738e-05
4.48752e-06
9.6768e-05
0.000149647
0.000357224
0.000458337
0.000580408
0.000426448
0.000181763
1.51877e-05
0.00014345
0.000462259
0.000163739
0.000352621
0.00023564
0.000320363
0.000402894
6.09524e-05
0.000593569
0.000123612
0.000106774
6.85587e-05
0.000412677
0.000330239
2.86251e-05
9.5699e-05
0.000346154
0.000249713
0.000528772
0.000355994
3.45883e-05
0.000112036
0.000277303
9.63879e-05
0.000611586
0.000329602
0.000252416
0.000178125
0.000325736
0.000417317
0.00043538
0.000582436
0.00031111
0.000541171
0.00027255
0.000431189
0.000106219
6.99209e-05
0.000240135
0.000143986
0.000104723
0.000266595
0.000934725
0.000560093
0.00017454
0.000242402
0.000192526
0.000171579
0.000295153
0.000528703
0.000553383
0.000326031
0.000364291
0.000103676
0.000165733
0.000141832
0.000506327
2.4224e-05
8.12694e-06
7.19577e-05
0.000627559
0.000877518
0.000745529
0.000413001
0.000117641
0.000239937
0.000141747
0.000468852
0.000119178
0.000228227
5.27496e-06
4.44072e-05
0.000241993
0.000802235
2.6623e-05
8.69181e-05
0.000401842
0.000105049
0.000135707
0.00025004
1.7333e-05
0.000417305
0.000338418
0.000267162
0.00036777
8.5183e-05
0.000157092
0.000254111
0.000264111
0.000265239
0.000179763
0.000245186
0.000154016
4.63889e-05
4.0906e-05
6.21374e-05
3.44346e-05
0.000253835
0.000385037
0.000165935
0.000243561
0.000380149
0.00042572
0.000119067
3.24112e-05
0.000428702
0.000303136
0.000165785
1.33122e-05
0.000104879
0.000339978
6.53768e-05
9.956e-05
9.77323e-05
5.57094e-05
0.000132618
0.00012004
0.000371959
0.000275526
1.15674e-05
0.000103004
0.000163205
0.000339155
0.000321299
0.000527176
0.00035495
0.000388783
8.59197e-05
0.00016512
0.000141666
0.000117928
0.000130519
0.000168897
0.000294383
0.000213624
0.000229652
5.71192e-05
0.00028964
0.000556026
0.00010479
5.30034e-05
0.000114239
3.07338e-05
5.4292e-05
0.000278518
0.000104168
1.1566e-05
0.000188589
0.000199371
0.000333709
0.000402012
0.0003873
0.000502744
0.000233393
4.55081e-05
0.000172984
6.79336e-05
9.57525e-07
1.95187e-05
0.000463057
0.000102371
0.000184167
0.000342683
0.000467637
0.000643067
0.000486812
0.000273331
9.66095e-05
0.000233651
0.000278299
8.54668e-05
0.000167363
0.000367362
0.000230643
0.000161256
0.000119461
6.95162e-05
2.19219e-05
0.00013944
0.000155067
0.000154508
8.40714e-05
0.000275243
0.000172046
0.000155999
0.000106298
4.91115e-05
0.00017986
6.06702e-06
4.71307e-05
0.00074587
0.000273711
0.000206905
1.80606e-05
0.00050975
0.000739259
0.000117949
5.49312e-05
0.000100893
0.000296044
0.000715714
0.00052933
0.000210907
0.000177673
0.000403197
0.000327881
0.000185904
4.70642e-05
3.05651e-05
0.000378286
9.43647e-05
0.000357058
0.00035031
0.000275358
0.000265075
1.76323e-05
0.000191316
0.000193767
0.000633054
0.00019465
3.64272e-06
0.000766978
0.000364834
8.05806e-06
0.000386368
2.13404e-05
0.000103147
0.000146856
1.62128e-05
5.07907e-07
1.05256e-05
0.000229273
0.000487375
9.86166e-05
2.48965e-05
0.000328341
0.000627645
0.000152773
0.000462064
0.000605477
0.000721988
0.000606529
3.44509e-06
0.000131068
0.000313573
0.00037209
7.12463e-05
0.000724597
0.000204903
0.000361984
0.000264511
1.05281e-05
0.000605545
0.000543743
0.000117202
0.000322618
0.000244532
0.000305704
0.000203463
2.28662e-05
0.000275562
6.0388e-05
1.30989e-06
0.000112107
5.27097e-05
7.52725e-05
2.0223e-05
6.62238e-06
1.8184e-05
0.000356246
0.000575799
0.000243025
0.00031522
3.58296e-05
9.69358e-05
0.00011787
0.000104588
0.000370567
0.000429346
0.000485472
0.000343618
0.000158441
0.000190504
3.70267e-06
0.00038127
0.000303713
0.000459762
0.000349607
0.000411038
3.38564e-06
0.000134635
0.00021725
0.000322891
0.000145039
0.000248269
0.000276381
0.000316739
0.000440611
0.000271958
3.53959e-05
0.000167522
0.000383147
0.00061686
0.000497997
4.66232e-05
7.56091e-05
0.000599399
3.5656e-05
0.000476441
0.000441085
0.000294987
0.000317821
0.000443668
0.000258777
4.55261e-05
0.000205999
0.00026088
0.000110561
0.000129989
0.000288085
0.000318277
4.95423e-05
0.000160247
0.000172138
1.5079e-06
3.48089e-05
0.000169824
0.000450135
0.000194518
0.000140315
3.57478e-05
0.000131539
0.000654432
0.00048286
0.000518672
0.000476399
0.000630139
0.000265633
0.000387513
0.00054241
0.000512912
0.000429853
0.000332745
0.000252038
0.00030217
0.000461089
7.83549e-05
7.9028e-05
0.000314237
9.37423e-05
2.56554e-06
6.88795e-07
0.000309363
0.000264007
0.000831681
0.000203049
6.59807e-05
8.4869e-05
2.96232e-06
0.000316891
0.00077977
0.00028782
0.000194196
0.000252416
0.000195308
0.000277046
0.000540316
0.000142601
4.78359e-05
1.85865e-05
0.000623631
0.000256329
4.22571e-05
2.07055e-05
8.08918e-05
0.000346792
0.000128834
0.000212675
0.0002476
0.000393362
0.00027434
8.25615e-05
0.00032341
0.000208426
3.34742e-05
8.02456e-05
0.000738421
0.000186611
0.000336099
2.04373e-05
0.000135565
0.000127907
7.2244e-05
0.000404936
0.000601965
0.000314063
0.00029641
7.64581e-05
0.000270948
0.000274198
0.000232151
4.95372e-05
0.000161753
0.000726339
6.13828e-05
8.6221e-06
0.000251939
0.000399192
0.000361666
0.000620526
0.000225247
0.000343619
0.000488324
0.000333754
0.000390495
0.000821794
6.66934e-06
0.00010655
1.67738e-06
1.98046e-05
0.00031466
0.000591693
2.24655e-05
7.43037e-05
0.000306258
9.30653e-05
0.00042839
0.000118748
9.01396e-05
6.59538e-05
0.000539957
0.00029071
0.00058969
0.000166191
0.00021463
9.83206e-05
0.000480741
5.61551e-05
0.000439061
0.000697962
0.00019103
0.000104604
0.000249195
8.36967e-05
0.000139549
0.000148614
0.000323014
0.00022815
0.000492461
0.000838305
0.000706476
7.98048e-05
0.000105709
0.000456815
8.24821e-05
0.000476459
0.000426072
0.000151978
8.60526e-05
0.000307665
0.000129901
0.000318972
0.000387565
0.000327885
0.000199526
8.1975e-05
0.000490512
0.000294289
3.29575e-05
9.21533e-05
0.000474117
0.000208219
0.000332704
0.00012395
0.000315574
0.000127491
0.000600983
0.000260546
0.000288933
0.000238699
0.000433702
4.79353e-05
1.80694e-05
0.000558943
0.000208042
0.000236077
0.000668974
0.000157678
8.5675e-05
2.13215e-05
7.3626e-05
0.000582588
0.000312471
0.00027139
0.000291915
7.04552e-05
9.59055e-05
0.000882254
0.000248115
0.000158211
0.000182164
0.000337262
0.000302703
0.000544892
0.000333679
0.000251601
0.000282499
0.000195978
0.000244722
0.000126076
0.000353706
0.000296636
3.78774e-05
0.000278536
0.000290521
0.000294118
0.000218518
1.12387e-05
0.000160947
0.000227665
0.000539869
0.000340832
0.000124988
0.000121754
8.88802e-05
4.86035e-05
3.98833e-05
0.000349538
0.000168836
2.89949e-05
0.000850159
0.000348247
0.000247359
0.000293895
7.235e-05
0.000447179
0.000225038
0.000314964
0.00034748
8.02195e-05
9.45517e-05
0.000479867
0.000221248
0.00016041
0.000243899
0.000549375
0.000568777
0.000765741
0.000678813
0.000549083
5.12699e-05
0.000156957
8.72667e-05
7.84292e-05
4.18795e-05
0.000251369
9.04857e-05
4.12407e-05
0.000351241
0.000291538
0.000347686
0.000382671
0.000750042
0.000458894
0.000235289
1.10016e-05
0.000333639
1.77771e-05
0.000612261
0.000382865
6.32184e-06
2.21355e-05
0.000211055
0.000232031
0.000187021
0.000108835
0.000226251
0.000188954
0.000236721
0.000157186
0.000396393
0.000480481
0.000557415
0.000747176
0.000360099
0.000228924
0.000340085
0.000364622
0.000104765
0.000508797
0.000173709
0.00017903
0.000638905
0.000583287
0.00032348
0.000615158
0.00050865
6.02248e-05
2.77559e-06
0.000107296
3.89327e-06
1.56285e-05
7.59438e-05
0.000182497
0.000530724
0.000113516
0.000189076
4.22937e-05
2.37477e-05
0.000291305
0.000491956
0.000222918
0.000207327
5.54295e-06
1.57189e-05
0.000211999
7.91549e-05
0.000175494
0.000159019
0.000390316
0.000353832
0.000117412
9.05869e-05
2.94725e-05
0.000130248
0.000222987
0.000113635
5.01608e-05
7.84844e-05
0.000314867
0.000274353
0.000335898
0.000429504
1.14068e-06
0.000308179
0.000460938
0.00078251
0.000565378
0.000376412
0.000268491
6.25683e-05
0.000420898
0.000242079
0.000234588
0.000212988
0.000613664
0.000581492
0.0001277
1.48758e-05
0.000328457
0.000237976
2.23904e-05
0.000340493
0.000234492
9.93423e-05
0.000173976
0.000306391
0.000255525
0.000110823
0.000365264
0.000401351
0.00053381
8.68541e-05
9.03348e-05
0.000283609
9.23718e-05
0.00010095
0.000392688
0.000449664
0.000162424
0.000262478
1.44312e-05
2.33127e-05
0.000138769
0.000145561
0.000497866
3.35926e-05
0.000157851
0.000101724
0.000374469
9.06509e-05
0.000560637
0.000550247
0.000369402
0.000399498
0.00024512
0.000532264
0.000361375
0.000587311
0.00036861
0.000215064
0.000116459
0.000437061
0.000587493
0.000784281
0.000514669
0.000521752
0.000287442
0.000350202
0.000318736
0.000200762
0.000269887
0.000106325
0.000688505
0.000514074
0.000328999
0.000862004
0.000725569
1.4759e-05
0.000467058
0.000745522
0.000433595
0.000104022
0.000429197
9.86137e-05
4.67451e-05
0.000182613
0.000930732
0.000603667
0.000243131
0.000110161
0.000110044
0.000219192
0.000845489
0.000187178
0.000260068
0.000183721
5.16282e-05
0.000409034
0.000115905
9.76786e-05
0.000757909
0.00039003
2.09387e-05
0.000243896
0.000100458
7.7675e-05
0.000268583
0.000280162
0.000342965
0.000252755
0.000322854
9.4726e-05
0.000201331
3.53849e-05
2.61753e-05
0.000317882
3.32987e-05
2.44476e-05
0.000428236
0.000129246
0.000397349
0.000713038
5.65061e-05
5.18943e-05
0.000186245
0.000265492
0.000249212
8.01122e-05
1.86284e-05
0.000943272
0.000307542
5.30225e-05
8.12051e-05
1.77497e-05
7.41898e-05
0.000204756
0.000189127
0.000325304
1.65131e-05
0.000365254
8.17936e-05
0.000302355
0.000783744
0.000553229
0.000567906
0.000314797
0.00060938
0.000406384
0.000115322
9.84087e-05
9.05479e-05
0.000227006
4.91066e-05
0.000223294
0.000737669
0.000405759
0.000257992
0.000414681
0.000399617
0.000102149
0.000112647
0.00060024
5.61085e-05
1.88442e-05
0.000746394
0.000303988
9.15885e-05
0.00019486
0.000319575
0.000297017
0.000260622
0.000374744
0.000297051
6.31415e-05
0.000329536
0.000415295
0.000230485
0.000396943
3.14443e-05
0.000144589
0.00055285
0.000167201
0.000367871
0.000112617
0.000426551
0.000261872
0.000180514
0.000637546
0.000265718
0.00036815
0.000293131
8.77656e-06
4.43622e-05
0.000477793
0.000302413
0.000230585
0.000400292
0.000366547
0.000120405
6.5873e-05
0.000810865
0.000478677
0.000216073
0.000306519
6.57474e-05
3.88674e-06
2.06951e-05
9.15199e-05
0.000145608
0.000245289
0.000441169
0.000603328
0.000281587
3.12542e-05
0.000178751
0.000186496
0.000518347
0.00043804
3.13193e-05
5.27072e-05
6.90653e-05
0.000354306
7.505e-05
2.94331e-05
6.58271e-05
0.000550458
0.000366898
0.000299474
0.000717102
0.00023376
0.000330157
0.000237162
0.000108087
0.000243428
3.51094e-05
8.83179e-05
2.64487e-05
5.90447e-05
0.000162145
0.000142527
0.000122552
0.000109451
0.000220053
0.000106161
5.92091e-05
6.41513e-05
0.000165674
0.000113604
0.000150393
0.000188542
0.000268472
0.000458778
0.000282673
5.89255e-05
0.000305426
0.00026682
0.000492369
8.34176e-05
2.48109e-05
3.44763e-06
0.000394097
0.000160592
6.44924e-05
8.33351e-05
0.000148936
0.000252682
5.66321e-05
0.0002458
0.000161042
0.000370609
0.000668635
0.000554887
0.000273839
0.000368262
0.000214309
1.28754e-05
0.000418279
8.70865e-05
0.000222956
5.74108e-05
0.000394436
0.000463412
0.000499552
0.000606101
0.000500372
7.6593e-05
1.96425e-05
7.11636e-05
0.000185951
5.64476e-05
0.000687645
0.000216246
0.000175599
2.72424e-05
2.88696e-05
0.000103037
0.000248252
0.000894263
0.000405351
4.40217e-05
0.000149312
2.21651e-05
3.29725e-05
9.5094e-05
1.33515e-05
0.000132839
5.00664e-05
0.000208131
0.000202848
7.90952e-05
7.34201e-05
2.72719e-05
7.13798e-05
0.000675195
0.00021693
0.000367582
0.000533455
1.43107e-05
0.000164979
0.000718055
0.000122029
0.00025215
8.71901e-05
0.000504483
0.000735074
0.000127504
0.00064421
9.16584e-05
3.77326e-05
0.000211021
0.000713706
0.000495044
0.000128824
0.00012407
1.02894e-05
0.00017363
6.1818e-05
3.49361e-05
0.000160294
9.6258e-05
0.000115675
7.43611e-05
0.000464721
0.000208585
0.000201984
0.000400891
7.78557e-05
0.0001538
5.79941e-05
8.90704e-05
0.000263929
0.0002961
0.000138318
1.14358e-05
0.000445521
0.000635451
0.000187655
5.10246e-05
0.000185697
0.000603421
4.0667e-05
3.69723e-05
0.000213386
0.000163783
0.000268714
0.000349509
0.000258289
8.35896e-05
0.000363171
0.000270362
5.15239e-05
8.54974e-05
0.000269008
0.000622953
0.000491685
4.91907e-05
0.000628127
0.00027323
0.000333456
0.000678681
0.000258184
0.00012938
0.000111994
0.000178546
0.000488371
0.000366547
0.000168044
0.000131505
0.000177226
3.38141e-05
3.78699e-05
0.000617363
0.00011284
0.000411502
9.37426e-05
0.000172984
0.000532575
8.45726e-05
0.000123268
0.000159595
6.34774e-05
0.000223036
0.000339215
0.000555193
0.000164189
0.000286523
0.000554985
0.000135155
5.78373e-05
0.000135786
0.000110067
6.30744e-05
0.000417896
0.000343271
0.000661946
0.000164925
0.000399256
0.000286676
2.71128e-05
0.000353285
0.000138902
0.000217255
0.000152117
0.000435865
0.000257246
5.29948e-05
0.000353292
0.000587046
0.000395786
0.000223278
0.000101481
0.000120904
3.38687e-05
0.000166797
0.00056721
0.000261729
0.000155971
1.64046e-05
0.000268146
0.000168445
0.0004652
0.000182544
0.0004273
0.000697249
0.000499927
0.00030846
0.000732792
0.000216423
0.000549772
0.000102881
0.000298134
0.000147032
0.000433014
0.000103374
6.18266e-05
0.000389802
0.000154002
9.04642e-05
0.000511437
3.76865e-05
7.30242e-05
7.12832e-05
0.000195478
8.87314e-05
0.000566181
0.000387999
0.000201128
2.73997e-05
1.66619e-05
0.000288701
0.000690777
0.000198905
9.41141e-05
1.13848e-06
9.37795e-05
0.000251531
0.000379727
0.000440913
7.87889e-05
0.000112192
0.000469524
0.000472511
0.000676031
0.000409166
0.000591498
0.000485595
3.00026e-05
5.45366e-06
1.99077e-05
0.000364527
0.00020915
0.000791362
0.000471405
0.000195648
0.000404634
0.000304535
7.5306e-05
8.90739e-05
4.03318e-06
0.000281843
0.000111551
0.000337361
0.000229699
0.00049093
0.000305487
0.00052445
0.000987888
0.000487361
0.000289237
1.57672e-05
0.00026204
0.000277615
8.2468e-05
0.000124024
3.83268e-06
0.000155337
2.477e-05
0.0001367
0.000517828
0.000236729
0.000401886
0.000614528
0.000358951
0.000100303
5.44002e-05
0.000822498
0.00081455
0.000445668
5.67688e-05
0.000412873
0.000483566
0.000499629
0.000116295
0.00054343
0.000507789
0.000226227
0.000154714
0.00026486
0.000394422
0.000230627
0.000108186
0.000487184
0.000508422
0.000383217
0.000253515
3.90677e-05
0.000197401
0.000440722
0.000190005
0.000446374
0.000760192
0.000208987
3.95492e-05
0.000125799
0.000235262
4.85678e-05
0.000623484
0.000139246
0.000120282
2.93467e-05
0.000228203
0.000622089
0.000276834
0.000330673
6.52914e-05
2.34348e-05
8.4979e-05
0.000697535
0.000793103
0.00029144
0.000152327
4.74951e-05
8.29062e-05
0.000148878
0.000358793
0.000414485
0.000715231
6.30233e-05
1.0402e-05
7.24238e-05
8.6897e-05
0.000559692
0.000100449
0.000603175
0.000234711
0.000449119
0.000553845
0.00015534
3.69893e-06
0.000258021
0.000162495
0.00042071
0.000275055
0.000349516
0.000302266
0.000653633
0.000757858
0.000689616
0.000187382
0.000121694
0.000566446
0.000625178
0.000413394
5.80562e-05
3.19602e-05
0.000715701
0.000336245
0.000412114
1.74056e-05
1.4699e-05
0.000625159
0.000199087
0.000378318
3.04913e-05
0.000273867
1.29236e-05
9.92591e-05
7.01278e-05
5.80387e-05
0.000428904
0.000136466
0.000354115
9.19495e-06
3.20377e-05
3.04588e-05
1.72472e-05
8.24396e-05
0.000395244
0.000699332
0.000371495
0.00028892
0.000357781
0.000212857
0.000500593
4.47315e-05
1.44284e-05
3.95413e-05
0.000136644
0.000383236
1.47179e-05
7.72073e-06
1.72155e-05
9.52149e-05
0.000453372
1.48552e-05
9.63683e-05
6.96394e-05
3.70671e-05
0.000162004
0.000275827
0.000206311
0.000191194
0.000363946
0.000235831
0.000437159
1.06379e-05
4.5686e-06
2.19866e-06
8.03782e-06
1.74232e-06
2.33407e-05
0.000795157
3.198e-05
0.000224406
0.000384922
5.13261e-06
6.45916e-05
0.000451082
0.000244771
0.000184814
2.78221e-05
0.000288889
7.32913e-05
5.6262e-05
0.000114763
0.000356807
0.000650735
0.000524106
0.000459351
0.000731185
0.000834693
1.52726e-05
0.000267188
0.000182988
0.000583649
0.00012039
0.000629887
0.00016376
7.17831e-05
4.09205e-06
4.05726e-05
9.83609e-05
0.00011639
0.000287486
0.000255126
0.000101228
0.000255733
7.28712e-05
0.000112065
0.000114376
0.000329908
0.000326323
0.000273377
0.000506934
2.738e-05
0.00034408
0.000342315
8.99233e-05
0.000148383
0.000232199
0.000109251
8.54455e-05
0.000344483
1.61134e-05
8.21423e-05
0.000283629
0.000133853
4.58933e-05
0.000442255
0.000730802
3.32019e-05
7.15824e-05
0.000273412
0.000465292
0.000204248
0.000257992
0.000263586
1.79168e-05
0.000150288
0.000198146
0.000754232
2.52356e-05
0.000115346
0.000582781
0.000383635
0.000261331
0.00019967
2.93517e-05
0.000198387
0.000227848
1.61163e-05
0.000650601
0.000428135
0.000306156
8.20653e-05
7.99179e-05
0.000662665
0.000236082
6.66069e-05
0.000313858
0.000193862
0.000240541
0.000243443
7.48135e-05
0.000312691
0.000283212
0.000160413
3.92681e-05
0.000543396
7.36816e-05
7.0692e-05
1.14941e-06
0.000318612
0.00021019
0.000271239
0.000142885
0.00056656
2.77323e-05
0.00020481
9.6496e-05
0.000337653
7.11151e-05
9.42413e-05
0.000130611
0.000230584
0.000170534
2.8645e-05
0.000194638
8.58461e-05
6.42816e-05
6.22898e-05
0.000177224
1.12402e-05
3.09743e-05
0.000232981
6.83576e-05
0.000176648
4.99661e-05
0.000118046
0.00049876
0.000101152
0.000352806
0.000265028
0.000262404
5.05e-05
0.000523623
0.000255023
0.000303588
0.000419717
0.000243149
3.53379e-05
0.000325803
0.000111195
0.000215383
0.000233186
8.70457e-05
0.000160863
0.000143392
0.000520901
0.000208746
0.000109614
0.000246842
0.000436683
0.000591259
0.00081175
0.000383457
4.19633e-05
0.000343157
0.000553498
0.000523445
0.000293812
8.90572e-05
0.00013035
0.000340411
0.000534986
0.000184981
4.5461e-05
0.000177209
0.000244293
0.000571221
0.0002283
0.000277903
4.90645e-05
8.86232e-06
0.000395364
0.000224837
0.000587742
0.000196491
0.000314438
0.000135394
0.00019668
4.90689e-05
0.000272635
0.000647249
1.00142e-05
5.38019e-05
0.000159454
0.000170053
5.55425e-05
6.09656e-05
2.46469e-05
0.000174949
5.44122e-06
6.86705e-05
0.00017272
0.000405876
0.000231
6.14598e-05
0.000569946
0.000127401
0.00014755
0.000418566
0.000375526
0.000468342
0.000285325
0.000285236
0.000553101
0.000370859
7.75384e-05
6.68014e-05
1.2225e-05
4.44107e-05
1.76413e-05
1.13075e-05
2.31838e-06
2.66275e-05
0.000162166
0.000281983
0.000217571
0.000545197
0.000508441
0.000436457
0.000229707
0.00030557
0.000278736
0.000494664
0.000856141
0.00019313
0.000445354
0.000355674
0.000366895
0.000177053
0.000212353
0.000486792
0.000515041
0.000706525
0.000842304
7.75352e-05
0.000175812
0.000435867
0.000456251
0.000120753
4.54883e-06
3.24157e-06
0.000342006
3.16121e-05
0.000210822
7.08259e-05
5.67285e-05
0.000184031
0.000204132
8.7667e-05
0.00018975
0.000363939
0.000199315
0.000162983
0.000275244
2.19434e-05
0.000273125
0.000262315
1.32232e-05
0.000148415
0.000252963
0.000654715
0.000629492
0.000171845
0.000154326
0.000275601
0.000641958
8.15859e-05
0.000157897
0.000554233
0.000479821
0.000823519
3.30857e-05
6.78267e-05
0.000231095
0.000630555
0.000222231
0.000373778
1.24151e-05
9.5677e-05
9.43326e-05
0.000211671
8.98747e-05
0.00018159
9.80383e-05
0.000711983
0.000329151
0.000644018
0.000481385
3.9657e-06
0.0001814
0.000156502
5.74101e-05
0.000626324
3.1131e-05
3.29989e-05
0.000401118
7.79968e-05
0.000344163
0.000355852
0.000744432
0.000132457
6.69621e-05
0.000590615
0.000199934
0.000417988
0.000386228
2.96595e-05
0.00018185
0.000362282
0.000442785
0.00018178
0.000150631
0.000394136
0.000259469
0.000429039
0.000360537
6.35868e-05
1.56735e-05
0.000264208
0.000120556
0.000389213
0.000423878
8.97856e-05
0.000342267
0.000105527
7.26586e-05
6.19944e-05
0.000266946
0.000391484
0.000312495
9.63456e-05
0.000661037
0.000499484
0.00048989
0.000163824
0.000462593
0.000228551
1.65646e-05
2.96777e-05
0.000108436
3.98909e-05
1.79047e-06
0.000149165
3.4551e-05
0.000476428
0.000452676
0.000689254
0.000514216
0.000365973
1.66366e-05
5.00279e-05
2.55528e-05
0.000320155
0.000235507
0.000186133
0.000262782
0.00051111
0.000321054
0.000463766
0.000555606
0.000357943
7.49004e-05
0.000294019
0.00055602
8.29703e-05
4.60618e-05
5.37033e-05
0.00022647
0.000395403
0.000319058
0.000200648
0.000616843
0.000329962
0.000331149
0.000150022
8.98529e-05
0.000217709
0.000141716
3.92088e-05
0.000515447
0.000171391
7.46076e-06
3.6293e-05
9.51021e-06
0.000460999
0.000169738
0.000186329
0.000222508
0.000205222
0.000143267
0.000483891
0.000419697
0.00042236
0.000405108
0.000118396
0.000135985
4.24056e-05
0.000459748
0.000349497
0.000557635
7.05895e-05
0.000293443
0.000132517
0.000141409
0.000438985
0.000158539
0.000471546
0.000303104
0.0004916
0.000157889
0.000260174
0.000226255
0.00026497
0.000278278
0.000592128
0.000309794
0.000427873
0.000318403
0.000181667
0.000566438
4.94215e-05
0.000159618
0.000698149
0.000395587
0.000107531
2.84301e-06
0.000148429
0.000210967
0.0007137
0.000478898
0.000312609
0.000732157
0.000731998
0.000400189
0.000346179
0.000118358
0.00010122
0.000434377
0.000225391
0.000470473
0.00015722
6.44195e-05
0.000387527
0.000524629
0.000401672
0.000189605
0.000983589
0.000630316
5.59582e-05
0.000234209
1.31711e-05
5.88484e-07
1.49098e-05
0.000161217
5.1076e-05
0.000407319
0.000232027
8.37732e-05
0.000635572
0.000229004
0.000245998
0.000725872
8.01251e-05
0.000185169
5.20488e-05
0.000529096
0.000728433
0.000103196
0.000502803
0.00044774
2.8045e-06
0.000186061
0.000318904
0.000441595
0.000217122
7.15605e-05
0.000435965
0.000262996
0.000443981
0.000304189
0.000534843
0.000344458
0.000598229
0.000355822
0.000219716
0.000111772
0.000282884
0.000402756
0.000150489
0.000540978
0.000563096
0.000460295
0.000257436
0.000262658
2.85222e-05
0.000159384
7.46568e-05
0.000177348
0.000439065
7.49006e-05
0.000104889
0.000128786
0.000168569
0.000144439
4.51236e-05
4.68862e-05
4.15602e-05
0.000109238
0.000453177
0.000436331
0.000121099
0.000411218
0.000263582
9.23007e-05
0.000111869
9.93422e-06
0.000253945
9.72031e-05
0.000137633
3.88219e-05
0.000357539
0.000124776
0.000271994
5.94972e-05
0.000222413
0.000448052
0.000385854
0.000113119
0.000394274
0.00025437
0.000490526
0.000466998
0.000558362
0.000553129
0.000128661
0.000127179
0.000329415
0.000244987
1.99798e-05
8.76781e-06
0.000438406
0.000450553
0.000565882
0.000229112
0.000161285
0.000372994
0.000587626
0.000106217
3.50833e-05
0.00013032
0.000252279
0.000161069
0.000557145
0.000386338
0.000239389
0.000361424
7.29993e-05
0.000132274
0.000324254
0.000125002
0.000676965
5.30246e-05
0.000388261
4.1985e-05
0.000411509
0.000196983
0.000262058
0.000582564
8.41779e-05
0.000475192
0.000315997
0.000245096
0.000117736
0.00024857
0.000412977
0.000387836
0.000330454
0.000329548
0.000438693
0.000140687
0.000376918
0.000301242
8.22358e-05
8.90538e-05
3.53535e-05
0.000274777
0.000373745
0.000351738
0.000351735
0.000591556
0.000365318
7.60727e-05
0.000256399
0.000199895
0.000310597
0.000560251
0.000276951
0.000307397
0.000348336
0.00018064
0.000684502
0.000457621
0.000326126
7.23629e-05
9.91544e-05
0.000315649
0.000138652
9.02004e-05
0.000259226
0.000335915
0.000116996
1.7867e-05
5.06541e-05
0.000188167
0.000436822
0.000404707
0.00044637
0.000205402
3.94223e-05
0.000551118
0.00017475
1.03549e-05
9.44398e-05
7.72446e-05
0.000218321
9.02955e-05
0.000223791
8.19686e-05
1.55656e-05
0.000172248
3.906e-05
0.000228976
0.000889057
7.21058e-06
9.63386e-05
0.000436995
0.000427308
0.000630182
0.00025498
0.00037487
0.000148322
0.000264531
1.1124e-06
7.42018e-05
5.66489e-05
0.000113298
0.000235947
0.00038099
0.000277563
6.77576e-05
2.78446e-05
2.15941e-05
0.000270145
0.000368409
7.92354e-05
1.05376e-05
0.000543801
2.34868e-05
0.000103678
9.15193e-05
0.000312221
5.9376e-05
0.000263825
0.000120843
0.000560809
0.00062826
0.000227649
7.37194e-05
0.00034326
0.000137723
9.98868e-05
0.000492836
0.000189831
3.86739e-05
1.16001e-05
2.60607e-05
0.000263937
0.000315106
0.000222967
0.000154072
0.000448889
0.00039124
2.46123e-05
0.000151036
0.000718939
9.29091e-05
0.000153635
4.80814e-05
0.000370754
0.000723118
0.000354433
8.60808e-05
7.48185e-06
2.4037e-05
0.000210224
1.40987e-05
0.000180035
0.000434455
0.000122037
0.00040955
0.000798179
0.000395212
0.000711144
0.000127
0.000125077
7.32069e-05
2.16279e-05
1.18972e-05
2.14359e-06
2.96886e-07
3.20208e-05
7.29056e-05
7.85985e-05
0.000925654
0.000322562
0.000218004
4.44814e-06
0.000232681
7.21974e-05
0.000416826
0.000291403
8.71861e-05
0.000501121
0.000299941
0.000200845
2.80221e-05
2.66412e-05
4.89686e-06
3.43684e-05
0.00021335
0.00065083
0.000149576
0.000119849
4.56066e-05
0.000142127
0.00041169
0.000539941
0.000112879
5.72594e-05
0.000394621
0.00069213
0.000330448
0.000374056
0.000151731
0.000160992
0.000362936
0.000211985
9.82829e-05
0.00053947
9.16908e-05
2.04873e-05
3.25174e-05
0.00061234
6.98317e-05
0.000786672
0.00026363
1.93762e-05
1.16816e-05
5.76452e-05
0.000117856
9.13436e-05
0.000214659
0.000182946
6.69411e-05
0.000176555
6.29519e-05
0.000196381
0.00014027
6.02886e-05
0.0004635
0.000459586
6.26226e-05
3.3183e-05
6.31691e-06
5.92597e-05
3.51523e-05
0.000437141
0.000423823
0.000307868
0.000240431
0.000107166
0.000128888
0.000695602
5.4578e-05
7.25652e-05
9.31863e-05
0.000319936
4.41851e-05
0.00070442
0.00037724
0.000295248
0.000279756
0.000399796
0.00013871
0.000667491
0.00029497
9.74852e-05
0.000216251
9.22951e-06
6.20303e-05
0.000259293
0.00041107
0.000340385
0.00045095
0.000564492
0.000466236
0.000476916
0.000438679
7.23977e-05
3.78003e-05
0.000117655
0.000233957
0.000117654
0.000461072
0.000875363
0.00050203
0.000262831
4.92367e-05
0.000104379
0.000438157
0.000209773
0.000704601
0.000734156
0.000235326
2.74844e-05
8.80621e-05
1.6397e-06
4.48442e-05
6.75049e-05
3.1306e-05
9.44338e-05
6.36198e-05
0.000629273
9.23287e-05
4.3291e-05
5.48472e-05
3.79348e-05
0.000164404
0.000285539
0.000305586
0.000266293
0.000471206
0.000223831
0.000140534
0.000296999
0.000405559
0.000267099
0.00022543
0.000149786
2.97272e-05
0.000240305
0.000531145
4.08738e-05
0.000203236
9.59073e-05
8.93751e-05
9.44849e-05
0.000643374
0.000200385
8.73882e-05
8.37088e-05
0.000102352
0.000457037
0.000222243
0.000231921
0.000204712
0.000635994
0.000337361
0.000546163
0.000212384
0.000239021
0.000168239
0.000179931
0.000116078
0.000404474
0.000367696
5.12444e-05
8.31454e-05
0.000123613
0.000404188
2.12391e-05
2.57864e-05
0.000371678
0.000315613
1.95435e-05
0.00019238
0.000167117
0.00043579
0.000476183
0.000368661
0.000550929
0.000364427
0.00013389
0.000159229
0.0003201
0.000108391
1.05251e-05
0.000215484
5.62665e-05
0.000203002
0.000400212
0.000194005
4.00031e-05
0.000272702
0.000238113
0.000275898
0.000463024
7.00937e-05
0.000169269
0.000147088
0.000336223
0.000417059
0.000257244
0.000505531
0.000527873
0.000375863
0.000499276
0.000342518
0.000422365
0.000352686
0.000123097
0.000413927
0.000100754
0.00013496
0.000306771
4.62424e-05
0.000124922
9.02426e-05
0.000263861
0.000197896
0.00028998
0.000432814
0.000453701
6.7528e-05
4.70507e-05
6.80707e-05
0.000335488
0.000785522
0.000256066
0.00033787
0.00060879
3.77389e-05
1.04726e-05
6.99673e-05
0.000177415
1.37984e-05
0.000150122
0.000369799
1.97648e-05
5.70977e-05
0.000419467
0.000187235
2.05119e-05
0.000200276
7.66322e-05
3.03514e-05
6.50324e-06
1.15213e-05
0.00049628
0.000275883
0.000268912
0.000137044
0.000283712
0.000361615
0.000600708
0.000236532
0.000378464
0.00023838
0.000588024
0.000225058
7.40907e-05
0.000149945
0.0003248
0.000140465
0.000459906
0.000576273
0.000139102
3.28137e-05
0.000260523
0.000700814
0.000144977
0.000134005
7.16261e-05
0.000426414
0.00026458
1.60578e-05
2.84978e-05
6.69197e-05
0.000158588
0.000135626
0.000345088
0.000633398
0.000120194
7.82084e-07
3.1046e-05
2.25391e-06
2.10903e-05
3.82388e-05
0.000106989
7.04559e-05
0.000186567
9.49616e-05
0.000339022
0.000172661
0.000240795
0.000140969
0.00078486
0.000621379
0.000573804
0.000494724
0.00033616
0.00010564
0.000292137
0.000361104
0.000387159
0.000359539
0.000178135
6.48396e-05
9.61573e-05
2.44006e-05
1.77159e-05
9.72054e-05
0.000808328
0.000171435
0.000222375
0.000538265
0.000673998
0.000186288
0.000325988
0.000234616
5.4546e-05
0.00060401
0.000482427
0.000587626
0.000154888
8.09559e-05
0.000182087
3.66103e-05
1.80237e-05
1.4184e-05
0.000512726
0.000279945
6.28447e-05
0.000114012
0.000577021
0.000135157
0.000626543
0.000444793
0.000564605
0.000392361
0.000196793
0.000205849
0.000390028
0.00060604
2.40578e-05
6.50922e-05
0.000173842
8.85476e-05
0.000164947
4.07742e-05
0.000165376
0.000289021
0.000272611
0.000332609
0.000505698
0.000302205
0.000397359
0.000169175
9.56188e-06
6.87441e-05
2.92004e-05
2.14682e-05
1.21266e-05
1.65797e-05
8.44491e-05
9.62213e-07
3.56787e-05
0.000365276
0.000517884
0.000292211
0.000259359
0.000273358
0.000719611
0.000513486
0.000393591
0.00024555
0.00039108
0.000107039
0.000343317
0.000404113
0.000329242
0.000126535
4.17038e-05
0.000337004
0.000216155
0.000541148
0.00038927
0.000358475
0.000573337
0.000110052
0.000402887
0.000403009
0.000301169
7.49861e-05
0.000200013
4.16075e-06
6.63867e-05
0.000233361
1.80311e-05
0.000173363
0.000449834
4.41162e-05
0.00028632
7.41473e-05
0.000367819
0.000137756
6.34494e-05
0.000147341
0.000105097
0.000580528
0.000328271
0.000203093
9.30794e-05
0.000257196
0.000413139
5.07594e-05
0.00018821
0.000113798
0.000168328
0.000857827
0.000438346
8.39298e-05
7.4271e-05
1.07299e-05
0.000379697
0.000428556
0.00048653
0.00026141
3.08693e-05
0.000507917
0.000690195
0.000804427
0.000729704
0.00025528
2.20192e-05
0.000313667
0.000436817
0.000373058
3.55267e-05
0.000161845
0.000238157
6.58012e-05
0.000478379
2.96208e-05
0.000158818
0.000299728
0.000207486
0.000169791
8.45624e-05
1.41594e-05
1.76951e-05
0.000428744
0.000293468
0.000103559
0.000161379
0.000285952
0.000126965
0.000447084
9.27856e-05
0.000148122
0.000467411
6.90184e-05
0.000334158
0.000164249
3.98782e-05
0.00031409
0.000193332
0.000398573
0.000368983
0.000361258
0.000589748
0.00056952
6.59833e-06
0.000121258
0.000133913
3.53073e-05
0.000153958
0.000121723
0.00031032
0.000575146
1.60892e-05
0.000237016
0.000410029
0.000380397
0.000383496
0.000112498
0.000236547
0.000190438
0.000137337
0.000619344
0.000258099
8.87418e-06
5.98898e-05
3.55995e-05
5.68163e-05
0.000244203
0.000416501
0.000410632
0.00064228
6.47614e-05
9.06305e-05
0.000395564
0.000438025
0.000591021
0.000239942
0.000187936
0.000128476
7.25796e-05
0.000202665
0.000350623
0.000822134
5.38415e-06
0.000414424
0.000499342
1.5749e-05
0.000186406
0.000218529
0.000437518
0.000455829
0.000102051
0.000186195
7.28752e-05
0.000131109
0.000421241
0.000312973
0.000311473
1.82239e-06
4.35425e-05
0.000133798
0.000236268
0.000145465
4.65391e-05
0.000396404
0.000285106
0.000149521
0.000612948
0.000552303
0.00051134
0.00046856
0.00036662
0.000247082
1.32237e-06
0.000584996
0.000570235
0.000302244
0.000287371
2.02646e-05
0.000134106
7.59562e-05
2.05793e-05
2.91401e-05
0.000217886
0.000651409
0.000498895
0.0001884
0.000130421
0.000449557
0.000843523
4.38123e-05
0.000305558
0.000106932
3.21382e-05
0.000188623
1.89571e-06
5.40102e-06
8.68125e-05
0.000134368
0.000396562
0.000352683
0.000424496
0.000435911
0.000352562
0.000607985
4.89671e-05
8.15588e-05
9.44073e-05
0.000145932
0.000575315
0.000785018
0.000130336
2.16464e-05
0.000115597
0.000166543
5.27496e-05
9.83156e-06
4.57002e-05
3.67151e-05
0.000194799
0.000183302
0.000207875
9.15149e-05
1.68447e-05
0.000329042
3.69271e-05
8.50006e-05
0.000498456
0.000250087
0.000376164
0.000198134
3.26162e-05
2.23796e-06
3.28569e-05
9.58043e-05
0.000246161
0.000317008
0.00016003
0.000330963
0.000584283
0.00090745
0.000521532
0.000148757
5.22594e-05
0.000113128
0.000423759
0.000107537
0.000130501
0.000489696
0.000573097
0.000220613
0.000627863
0.000245949
0.000194157
0.000644972
0.000344959
0.00103922
0.000386877
0.00041789
4.24992e-06
8.0693e-05
0.000361853
0.000612618
0.00046976
0.000203162
0.000318597
8.40922e-05
3.01923e-05
0.000138289
3.6141e-05
0.000306643
3.62953e-07
0.000108984
0.000181637
0.000216535
0.000635769
0.000740051
8.40343e-05
1.09455e-05
0.00039789
0.000342336
0.000474585
1.21104e-05
0.000327709
0.000294082
0.000521341
0.000211635
5.6406e-05
9.45327e-05
5.99129e-05
0.000274321
6.5057e-05
0.000256215
0.000472719
0.000569343
0.000155174
0.000321192
0.000397688
1.17796e-05
0.000206165
0.000127558
0.000115779
6.18102e-05
0.000177551
0.000243397
0.000381254
0.000258
0.000113729
0.00011371
0.000166738
5.247e-05
0.000165471
0.000315079
0.000239351
0.000526537
0.000425109
0.000693783
0.000142514
7.79987e-05
0.000181487
0.000143979
0.000272864
3.15936e-05
0.000378215
3.1204e-05
3.32309e-05
0.000577708
0.000174085
3.77428e-05
0.000611401
8.64467e-05
7.90945e-06
0.000243316
0.000547366
0.000202872
0.000220763
8.34544e-05
3.9938e-05
0.000126215
0.000482553
0.000458908
3.41994e-05
9.98346e-05
3.18281e-05
0.00016088
0.000256708
0.000214335
5.29457e-05
2.1907e-05
7.98527e-06
1.32531e-05
0.000126524
0.000292833
0.00052605
0.000126137
0.000117235
0.000991822
0.000484457
9.92737e-05
0.000120689
0.000191362
3.53571e-05
0.000473791
7.47373e-05
0.000701805
1.41125e-05
0.000573595
0.000193001
0.000440614
0.000114523
0.000408783
0.000233492
0.000118211
0.000402157
0.000450898
0.000193327
0.000238995
7.01092e-05
7.52465e-05
9.82402e-05
0.000139313
0.000220908
8.88848e-06
1.76586e-06
0.00034442
0.000427665
0.000466606
0.000607894
0.000324816
0.000592127
0.000367472
0.000267536
0.000433273
0.000214799
0.000696281
0.000286521
0.000544571
0.000147625
0.000297699
0.000182843
0.00044779
0.000213228
0.000160613
0.00038485
0.000613327
0.000461842
0.000707865
0.000452797
0.000315709
8.27868e-05
0.000170357
0.000243847
5.78034e-05
0.000226692
0.000157423
0.000297566
5.96892e-05
2.62526e-05
3.65643e-05
6.75362e-05
0.000463183
0.000282705
5.60595e-05
3.21742e-05
0.000161651
0.000154527
0.000141917
0.00013869
0.000433014
0.000108805
3.78634e-06
0.000109461
3.52442e-05
7.70221e-05
0.000244955
7.30719e-05
9.43629e-05
0.000105617
0.000277699
0.000221494
0.000133544
1.67227e-05
0.000185923
0.000135755
0.00037449
9.40636e-05
1.15219e-05
9.02474e-05
9.15008e-05
0.000331815
0.00076845
0.00014727
2.3133e-05
0.000647394
0.00024651
1.13841e-05
7.40209e-05
0.000143694
1.56146e-05
0.000169189
0.000383056
0.00053712
0.000213032
3.47435e-05
0.000161869
0.000145749
0.000262506
0.000306703
1.42628e-05
0.000102109
0.000584898
7.61323e-05
2.08178e-05
0.000239981
0.000152749
0.000514338
0.000319122
0.000108613
0.000403992
0.00010373
1.6969e-05
0.000383877
0.000113619
2.6902e-05
5.95421e-05
0.000352021
0.000731429
0.000389134
0.000453979
0.000283925
0.000172328
0.000599091
0.00031713
0.000600294
0.000324585
0.000237148
0.000122583
3.6475e-05
0.000608574
0.000370771
0.000345195
0.000181548
0.000427651
0.000344969
0.000414924
2.19556e-05
1.90811e-05
0.000183827
0.000457572
0.000288259
0.000144537
0.00026259
0.000378539
1.71358e-05
3.45842e-05
2.77982e-05
0.000416314
0.000100781
0.00028611
0.000126075
0.000231035
0.000133666
1.62703e-05
9.93072e-05
0.000983601
9.60935e-05
0.000104671
0.000512273
0.000134131
0.00017224
0.000121059
0.000489993
0.000293461
0.000183141
0.000146985
0.000484645
0.000639571
0.000782495
0.000154507
0.00017677
4.17306e-05
0.000147905
6.73048e-05
7.82385e-05
0.000562457
0.000118268
9.88069e-06
0.000406877
8.12801e-05
3.56503e-05
0.000392937
0.000585459
0.000287102
0.000533115
0.000564476
0.000190468
4.03899e-05
0.00018849
0.000361834
3.29896e-05
0.000113417
0.000137517
3.60821e-05
0.000201186
6.10025e-05
0.000301632
0.000256014
0.000380179
0.000198741
0.000437825
2.67045e-05
0.000110761
0.000382524
6.47214e-05
0.000646481
0.000183376
1.81382e-05
1.26345e-05
0.000326744
1.41656e-05
7.50005e-05
2.74204e-05
9.82331e-05
0.000404817
0.000126817
0.000322783
7.93783e-05
0.000490317
0.000385997
7.37193e-05
0.000267413
0.000154131
0.000186092
1.19556e-05
0.000145113
0.0003059
4.92941e-05
0.000467988
0.000194277
0.000337598
0.000106327
2.83879e-05
0.000156698
3.56e-06
3.48576e-05
0.000149025
0.000121562
1.26309e-05
2.35433e-05
0.000548312
0.000479355
0.000462464
0.000255194
9.71617e-05
6.45097e-05
0.000159544
0.000430465
0.000159528
7.91119e-05
4.49693e-05
0.000260759
7.22899e-05
0.000612347
0.000143532
2.23556e-05
0.000233366
0.000330632
0.000768683
0.000520605
9.26175e-05
0.000116546
2.81153e-05
0.000269455
0.000542608
0.000179672
3.08674e-05
0.000164406
8.5624e-05
1.85205e-05
0.000125503
7.52207e-05
9.48819e-05
0.000111147
0.000102257
4.96072e-05
3.98619e-05
0.000242692
0.000255617
0.000125241
0.000235993
8.49971e-05
0.000365
0.000301616
0.000310105
0.000301239
0.000958192
0.000284444
0.000392653
0.000319134
4.64533e-05
0.000366297
0.000194036
0.000465541
0.000644231
3.97967e-05
0.000133643
0.000438262
9.20462e-05
0.000506634
1.69292e-06
0.000568157
1.93675e-05
3.02687e-05
2.02417e-05
9.93478e-05
0.000380607
0.00033341
0.00029629
0.000119848
0.00011097
0.000170881
0.000289539
0.000273672
0.000257145
0.000321495
0.000346944
0.000200436
0.00023352
0.000106266
3.08767e-05
0.000709903
0.000546078
0.000273507
0.000703684
0.000300007
0.000315927
0.000253944
0.000620525
0.000365077
0.000192535
0.000738899
0.000617949
0.000383857
0.000141835
0.000580236
0.000236948
0.000382089
0.000494543
0.000228145
6.35553e-05
0.000336453
0.000433749
0.000244073
0.000207005
9.65915e-05
0.000182378
0.000696649
5.24953e-06
4.62769e-06
0.000126329
6.43233e-06
5.92422e-05
6.01902e-05
2.78314e-05
0.000467175
0.000506308
0.00020536
7.50578e-05
0.000330878
0.000480664
0.000272731
0.000130729
0.000336205
3.47497e-05
0.000611488
4.16679e-05
2.20508e-05
0.000109381
0.000353001
0.000149265
0.000163813
0.000130937
0.000297972
0.000143611
0.000111923
0.00057552
0.000229182
0.00015302
0.000177751
6.6694e-05
0.000290739
0.000294059
0.000465494
3.66334e-05
0.000156953
0.000245209
0.000281281
0.000229256
0.000122991
0.000617599
0.000243062
0.000476324
1.48119e-05
6.14092e-05
0.000133616
0.000426057
0.000265847
0.000246723
0.00033163
0.000779615
0.000337782
0.000578539
4.58875e-05
0.000451537
3.274e-05
0.000171646
0.00031972
0.000213931
0.000180803
4.07547e-05
0.000423721
0.000529642
5.167e-05
0.000143501
0.000152291
0.0004288
0.000142155
0.000253388
0.000193039
5.69047e-05
0.000119429
0.000328629
0.000100835
9.92377e-05
0.00019538
0.000460199
0.000357033
3.39915e-05
5.01158e-05
0.000418978
0.000118386
4.58231e-05
8.53859e-05
0.000755175
7.8438e-06
0.000930015
5.84368e-05
0.000646307
0.00010907
6.84244e-05
0.00027282
4.35254e-05
0.000225998
0.000138984
0.000267457
0.000237772
0.000261566
6.02624e-05
0.000287598
0.000176058
6.45786e-05
5.24215e-06
0.000296886
0.000367103
0.00015797
0.00033925
0.000558746
9.16233e-05
0.000468531
0.000171383
0.000305642
5.25004e-05
0.000254414
8.09028e-05
4.87116e-05
0.000109308
9.15243e-05
0.000274738
0.000482084
0.000592439
0.000135569
9.69302e-05
0.000128695
0.000222324
0.000400394
0.000415547
0.000291215
0.000402145
0.000269731
0.000224137
0.000124443
6.09416e-05
0.000307555
0.00051085
0.000401018
5.66938e-06
0.000169079
0.000287432
0.000461778
4.57243e-05
0.000336137
0.000373303
0.000421223
0.000121028
0.000185977
0.000190843
0.000510662
0.000353366
0.00066274
0.000492021
0.000402441
0.000608465
9.49022e-05
2.64684e-06
7.04843e-05
5.83176e-05
0.000127879
0.000205486
0.000216704
0.000146965
8.91923e-05
8.4288e-05
1.63268e-05
5.12251e-05
0.000170757
0.000520928
0.000307815
0.000272109
0.000565526
4.33735e-06
2.47198e-05
1.49733e-05
5.41682e-05
0.000211659
0.000254927
0.000165918
2.39731e-05
9.27279e-05
2.11159e-05
0.000123059
0.000441551
0.000667022
0.000244668
0.000629962
0.000186063
0.000108066
0.000520516
0.000339758
0.000571776
7.90943e-05
0.0001053
0.000106218
0.000969846
7.63246e-05
0.000187787
5.3947e-05
5.62512e-07
0.000126387
1.02803e-05
8.89465e-05
0.000243321
0.000242477
4.0932e-05
5.71893e-05
0.000177731
0.000429325
0.000143712
0.000386208
3.07723e-05
0.000159916
0.00019196
6.28303e-05
0.000472099
2.83861e-05
0.000174277
0.000341645
0.000154672
0.000344994
0.000108353
0.000176857
9.37659e-05
3.66598e-05
1.0413e-05
1.7092e-05
0.000618336
0.000248464
0.000280158
0.000471058
0.00038963
2.0988e-05
0.000323445
0.000526144
0.000277189
0.00057273
8.42377e-05
8.4846e-05
8.7015e-05
5.53107e-06
0.000184132
5.85897e-05
0.000300089
0.000192882
0.000254889
0.000633424
7.49287e-05
7.6686e-05
0.000151976
0.000130299
0.00020164
0.000198731
0.000311907
0.000115295
0.000281684
0.000154595
0.000588983
9.13997e-05
0.000347108
7.78879e-05
9.63065e-05
0.000571016
0.00026689
0.000462259
0.000254168
0.000210289
8.356e-06
0.00039611
5.44174e-05
0.000103156
5.94712e-05
0.000322538
0.000285675
0.000473093
0.000391227
0.000476963
0.000191207
0.00019301
0.000642266
1.11387e-05
0.000268577
0.000214563
0.00044502
0.00043042
0.000264349
3.49853e-05
0.000529941
0.00027838
0.000344788
0.000116592
3.00064e-05
1.51808e-05
0.000269711
7.5482e-06
0.000191414
0.000101637
0.000150992
1.42935e-05
0.000276719
0.000878108
0.000341063
0.000623611
7.52394e-05
3.5924e-05
5.89919e-06
0.000117951
2.31028e-05
3.31676e-05
1.42078e-05
0.000103709
0.000420651
0.00019561
0.000179185
3.89791e-05
0.000125404
6.28893e-05
0.000116073
0.000317929
1.99125e-05
8.9664e-05
4.49695e-05
2.14657e-05
0.000184623
5.42201e-05
0.00075508
0.000769748
0.000752497
0.000282692
0.000174953
0.000407245
0.000122264
0.000128824
0.000249962
0.000555525
0.000394062
0.000124875
0.000304637
0.000248928
0.000123417
0.000140719
0.000255803
1.90554e-05
5.00773e-06
0.00013726
0.00025966
6.2328e-05
8.13843e-05
0.000217359
0.000383114
0.00050352
0.000209031
1.9391e-06
5.64001e-05
0.000118011
8.27977e-05
0.000317101
0.000380915
0.000204013
9.58936e-05
0.000246693
0.000265368
0.00060954
0.000635825
0.000211211
0.000928322
5.3736e-06
6.40659e-05
3.45366e-05
0.000450742
0.000563711
0.00050043
0.000308514
0.000243367
4.73241e-05
0.000143971
4.68766e-05
3.68757e-05
0.000111242
0.000221208
0.000474215
6.88526e-05
0.000160755
8.24708e-05
0.000181921
5.0509e-05
6.92816e-05
2.43278e-05
6.04211e-05
0.000164576
0.000401196
8.30651e-05
9.89848e-06
8.67448e-06
2.44924e-05
0.000216818
0.000210674
0.000308065
0.000278914
0.000239433
4.32123e-05
0.000318515
5.83502e-05
0.000206017
0.000139834
0.000100789
0.000172976
0.000101906
0.000299589
0.00059891
0.000373208
0.000494083
0.000156196
0.000140117
0.000135304
7.21554e-06
5.39251e-05
0.000161463
0.000109107
0.000107592
0.000564817
0.000161682
0.000355145
0.000263313
0.000500282
0.000606197
0.000159495
0.000222289
0.000122243
0.000172661
4.52353e-05
0.000320188
0.00074626
0.000252846
1.99431e-05
1.7296e-05
0.000324051
0.000197427
0.000382802
0.000252269
0.000187407
5.58933e-05
6.65543e-05
0.00079944
0.000250742
0.00011779
1.82249e-05
0.000120459
0.000499209
1.31131e-05
0.000169271
0.000342024
6.58661e-05
0.00038035
0.000166332
7.77225e-05
0.000170921
8.53289e-05
0.000173208
9.7941e-05
0.000207528
0.000321497
8.39101e-05
0.000279874
0.000193884
0.000206414
0.000776312
0.000810073
0.000259957
7.97804e-05
0.00019129
0.000281409
0.000119895
0.000288994
0.000496604
0.000345403
0.000271666
0.000471171
0.00097655
0.000672288
0.000627908
0.000439896
0.00035072
0.000457415
7.36297e-05
1.31057e-05
0.000213282
7.38678e-05
0.000182672
0.000121487
2.60731e-06
3.25343e-05
9.17667e-05
7.70416e-05
0.0002568
0.000461956
0.0001169
6.58798e-05
0.000353804
0.000247182
0.000247522
0.000291466
1.55509e-05
4.07198e-05
0.000117188
0.000260328
0.000107451
5.34354e-05
0.000296534
0.000460689
1.79556e-06
0.000153869
0.000366477
0.000143485
0.000215614
0.000148215
2.31163e-05
0.000100548
0.000519625
0.000271006
4.12312e-06
1.70549e-05
0.0003719
0.000102721
0.000226117
0.000197413
0.000460474
6.26354e-05
2.64653e-05
0.000123401
0.000228899
0.000148889
0.000117933
0.000394379
0.00017014
1.04404e-05
0.000204623
1.74113e-05
4.87942e-05
0.00041544
5.91713e-05
5.57516e-05
0.000435556
0.000218619
0.000681951
0.000365016
0.000367641
3.45091e-05
6.05307e-05
9.72233e-06
5.51321e-05
0.000853815
0.000176681
6.59404e-05
0.000281982
0.000450721
0.000570092
0.000264323
4.37448e-05
5.30738e-05
0.000351965
0.000214183
0.0001993
0.000153369
0.000269677
0.000525275
0.000273176
0.000130096
0.000112548
0.0005406
0.000263091
2.0729e-05
0.000285204
9.95633e-05
0.000563357
0.000682877
0.000366791
0.000192476
4.11654e-05
0.000307851
0.000280314
0.000412225
0.000140531
9.04825e-05
0.000340002
0.000634837
0.000552842
8.46671e-05
0.000146191
3.8097e-05
0.000133764
5.43931e-05
0.000199888
0.000313295
0.000109219
9.38987e-05
0.000273954
7.82002e-05
0.000257759
0.000353007
0.000615901
0.000471023
7.6877e-06
0.000167868
0.000175496
0.000142889
0.00059549
0.000100233
0.000333529
0.000271813
0.000248076
0.000121391
0.000306024
0.000152245
5.71559e-05
3.89512e-05
0.000208867
0.000188564
0.000589015
0.0002983
0.000178783
0.00027024
0.000368865
8.87168e-05
6.99536e-05
7.29602e-07
9.30644e-05
6.13199e-06
0.000131478
0.000101685
0.00052052
0.000252357
8.77472e-05
0.000628299
0.000272264
8.51576e-05
0.000130366
0.000243742
0.000656486
0.000469767
7.39502e-05
0.000173839
0.000579785
0.000307882
6.15355e-05
0.000261151
0.000470675
0.000136941
0.000219893
0.000381015
0.000417161
0.0004054
0.000359202
0.000144124
2.50212e-05
6.68933e-05
0.000190929
0.000263058
0.000142062
0.000275294
0.000517518
0.000762931
0.000647482
0.000357994
0
8.05641e-05
0.000139034
0.000354481
0.000182557
0.000330345
2.89813e-06
8.14309e-05
0.000321243
0.000481331
4.94111e-05
0.000200594
0.000295207
0.000450146
0.000419349
4.94203e-08
0.00047635
0.000781116
7.42354e-05
0.00051579
0.000253146
0.000166275
0.000250083
0.000159879
0.000104037
0.000154535
8.8132e-05
1.62601e-05
0.000113423
0.000714068
0.000630057
0.000283199
0.00021656
0.000195001
0.000111936
0.000164856
0.00074728
2.50887e-05
0.00015908
0.000298532
0.000581341
0.000417438
0.000524782
9.35148e-06
2.69251e-06
7.38024e-08
7.06853e-05
0.000707179
0.000254375
9.45643e-05
0.000363967
0.000115378
3.61178e-05
2.75728e-05
0.000256333
0.000364496
0.000259111
0.000136778
0.000491626
0.000150918
9.07671e-05
0.000265989
8.94448e-05
0.000166069
0.000100328
2.63277e-05
3.26685e-05
0.000136016
0.000481111
5.86953e-05
0.000557267
0.00056648
0.000232579
8.88422e-05
0.000228195
0.000166189
0.000149402
7.73773e-05
0.000584528
0.000655722
0.000188846
6.65644e-05
0.000277657
0.000349574
0.000217428
0.0005498
0.000553287
3.84845e-05
0.000173394
0.000267304
0.000431567
0.000300842
9.48076e-05
0.000465814
0.000400422
0.000220341
0.000135418
0.000127314
5.85782e-05
5.09185e-05
0.000112366
4.06957e-05
7.36695e-06
1.77005e-05
0.000378319
0.000988552
0.000500931
0.000215786
0.000481726
0.000725039
0.000216565
0.000162227
0.00046587
0.000207601
0.000387953
0.000397463
0.0001514
2.01819e-05
0.000180232
5.14973e-05
0.000192317
1.87125e-05
0.000294098
4.11428e-05
6.03e-05
0.000176201
0.000252613
0.000140428
0.000443794
0.000558361
1.97674e-05
0.000282179
0.000100538
5.80187e-05
0.000102638
0.000522133
0.000204268
0.00041251
2.1975e-05
1.983e-05
5.14955e-05
0.000307354
0.000215417
6.32942e-05
0.000224734
0.000129292
0.000349609
9.43177e-05
0.000439633
0.000375193
3.96536e-05
0.000115731
0.000265375
2.73524e-05
8.3016e-05
0.000324657
0.00017299
0.00064943
0.000578307
7.5724e-05
5.0361e-06
4.88975e-05
0.000182556
0.000525249
4.04328e-05
0.000114178
0.000159375
7.33004e-05
6.03711e-06
0.00017574
1.88083e-05
0.000377442
0.00024511
0.000111266
0.000121327
0.000289054
5.32258e-05
0.000158156
9.82733e-05
0.000103426
0.000177527
3.77163e-05
7.42243e-05
0.000218346
0.000748294
0.000456829
0.000335735
0.000424516
0.0005446
0.000208189
0.000491195
0.000104188
0.000421012
1.25883e-05
0.000397413
0.000195043
0.000759805
8.18525e-05
0.000533338
0.000165589
9.19084e-05
0.000341604
6.54652e-05
0.000614649
0.000242659
0.000269524
6.34232e-09
9.33616e-05
7.27819e-05
0.00044854
0.000232037
0.000380922
0.000208731
0.000533694
0.000353766
3.10001e-05
0.000131402
0.000210709
0.000391681
4.76158e-05
5.99308e-05
2.89873e-06
0.000119708
4.07045e-05
0.000153452
3.88692e-05
9.55879e-05
0.000138884
3.2019e-05
8.92498e-05
0.000210937
0.000171092
4.99047e-05
0.000589861
0.000492728
0.000395076
0.000206981
0.000382363
0.000486056
0.000210982
0.00020725
3.98399e-05
5.06237e-05
8.80337e-05
0.000196123
7.23251e-05
0.000148462
0.000409819
0.000227354
0.000879081
0.000435695
6.27946e-05
9.76237e-05
0.000123085
0.000407336
0.000209984
0.000106036
4.04784e-06
0.000199505
0.000121017
0.000290217
0.000189985
8.55267e-05
0.000310912
0.000379423
8.91807e-05
0.000569077
6.85568e-05
0.000184947
0.00010664
0.000367118
1.77257e-05
0.000530214
0.000195749
0.000180096
1.99166e-06
0.000200274
9.40997e-05
0.000121324
3.05888e-05
0.0004867
0.000457912
0.00023925
0.000103335
0.000106782
9.48272e-05
0.000479145
0.000248438
7.55322e-05
4.5971e-05
5.4858e-05
0.000327578
0.000380725
0.000233948
0.000480734
6.4659e-05
0.000422766
8.53422e-05
0.00023088
1.76591e-05
3.0839e-05
0.000222929
0.000217822
0.00041391
0.000278934
9.31816e-05
0.000372941
0.00014005
2.07767e-06
0.00032449
0.000376129
2.03774e-05
9.87046e-05
8.32077e-06
3.41151e-06
6.68066e-05
6.54033e-05
7.21902e-05
5.13865e-05
0.000169222
0.000166211
0.000879553
4.72642e-05
0.000146685
0.000370049
0.000327268
0.000276755
2.61244e-06
2.44167e-05
8.10845e-05
0.000100031
0.000194951
0.000194926
0.000266333
9.84558e-05
6.67282e-05
8.83073e-05
1.96256e-05
4.73106e-05
0.000100005
0.000250397
0.000363142
0.000300767
9.65955e-05
0.00010599
1.0966e-05
0.000501849
4.45954e-06
3.5405e-05
0.000507018
6.71233e-05
4.754e-05
4.01097e-05
0.00024948
0.000356062
0.000394857
0.000507999
0.00022769
9.91607e-05
1.71976e-05
0.000754001
0.000879251
6.71743e-05
0.000144353
0.00080888
0.000546909
0.000207173
4.77141e-05
0.000224451
3.18514e-05
0.000212201
3.92429e-07
1.25666e-05
1.84202e-05
7.32922e-05
0.000657233
7.58752e-05
0.000150191
0.000284417
0.000546922
3.53121e-05
0.000646111
6.74011e-05
5.86935e-05
0.000167714
0.000185265
6.2988e-05
3.15468e-05
0.0001808
0.000144463
0.000144125
1.16882e-05
0.000810482
0.000287032
1.61128e-05
6.90864e-05
0.000133261
0.000345277
2.58884e-05
0.000104961
0.000108212
3.10332e-05
0.00017918
0.000740759
6.81396e-05
1.65374e-05
1.59895e-05
0.000455274
0.000416773
6.16629e-05
0.000179476
0.000325994
0.000119218
2.74925e-05
9.83427e-05
6.56061e-05
0.00034102
0.000131019
0.000448335
0.000654992
0.000315076
1.88853e-05
0.000118612
0.000102144
0.000262663
0.000148841
0.000105367
0.000328476
4.11373e-05
0.000239273
0.000425637
0.000263976
2.05671e-05
0.000119573
0.000430191
0.000579221
0.000138311
0.000239095
1.42482e-05
0.000166944
0.000418766
0.000104298
0.000375096
0.000545301
2.64654e-05
0.000671172
0.000344288
0.000279868
0.000161777
0.00033421
5.39011e-05
0.000133542
0.000741102
0.000181985
4.86105e-05
0.000303463
0.000171831
0.000296173
0.000477821
0.000228629
8.34289e-06
1.93121e-05
8.50522e-05
0.00037634
0.000565967
7.22238e-05
5.29958e-05
6.28625e-05
0.000126117
0.000438415
0.00031511
0.000330256
0.000535005
0.000651228
0.000351184
0.000212964
0.000131718
0.000574758
0.000182513
0.000167926
0.000209928
1.24264e-05
0.00010181
9.62186e-05
0.000249574
0.000143839
0.000418801
0.000598565
0.000269628
0.000210154
0.000203816
0.000174641
4.78072e-06
9.42661e-05
0.000361543
0.000108209
0.000960784
8.67541e-05
0.000269707
0.000186084
0.000406071
0.000211932
6.0491e-05
0.000238969
8.92706e-05
0.000374489
0.000503389
0.000210394
0.000121316
6.88827e-05
3.28323e-05
2.20147e-05
8.83107e-05
0.000360901
0.000466234
4.29387e-05
0
7.0327e-07
0
0.000331654
0.000507651
8.77413e-05
0.000268765
4.82084e-05
2.41163e-05
0.000344049
0.00027197
4.34456e-05
0.000201464
0.000384989
0.000241725
6.74204e-05
3.74757e-05
0.00013862
0.000867861
0.000204968
0.000805634
0.000295164
0.000530517
0.000271868
2.0616e-05
0.000473164
3.72583e-05
0.000175087
0.000463296
0.000274925
0.000262818
3.94449e-06
0.000413244
0.00036203
0.000277197
1.27447e-05
0.000423097
8.79173e-05
0.000439216
2.44038e-05
0.000214159
0.000337175
1.80525e-05
0.000132727
6.08817e-05
0.000440893
0.00032577
0.000161424
9.98137e-05
2.81158e-06
0.000153202
0.000356951
0.000307499
0.000156809
0.000231672
4.74092e-05
0.000170972
0.000163494
1.39476e-05
6.56044e-05
0.000146403
0.000134822
0.000491699
0.000590501
4.49218e-05
7.25294e-05
0.000722418
0.000320873
0.000207904
0.000501581
0.00024277
0.000134258
0.000132494
0.000625648
0.000106563
0.000248036
0.000230662
5.65422e-05
0.00063639
0.000337976
0.000107128
2.67108e-05
0.000105084
0.000360919
0.000183766
0.00037676
0.000251952
0.000238089
0.000268281
0.000540821
0.000643959
0.000412154
0.000112234
4.07204e-05
0.000999283
0.0007851
0.00031663
0.000568445
0.000199215
7.05458e-05
0.000262428
0.000453205
0.00021225
0.000209311
3.29399e-05
0.000633799
0.000644082
6.55831e-05
0.000116414
0.000257549
0.000466116
0.000681974
0.000277049
0.000203788
0.000362975
0.000326367
0.000105524
8.96919e-05
0.000339227
0.000713455
0.000387161
0.000419224
0.000183151
0.000343299
7.33383e-05
0.000222893
0.000642383
0.000390164
0.000371947
0.000389834
0.000720189
0.000325031
0.000280839
0.000261607
8.91785e-05
0.000376856
0.000373344
0.000516201
0.000547621
0.000195928
0.000328798
0.000610595
0.000135154
0.000221124
2.19487e-05
3.44027e-05
0.000216123
0.000275891
0.000324753
0.000360939
0.000117273
0.000109214
0.000365805
7.16505e-05
0.000169527
0.000104715
0.000227062
4.63675e-05
3.40822e-05
0.00023428
0.00022414
0.000348318
0.000305151
9.41124e-05
4.57395e-05
0.000693343
0.00060382
6.78451e-05
1.01506e-05
3.73565e-06
0.000150885
6.89722e-05
0.00068751
0.000159277
0.000523433
0.000111477
9.47766e-05
7.0302e-05
3.26499e-05
0.000125408
6.59659e-07
0.000121864
0.000184613
0.000106684
0.000577764
0.000104031
0.000140518
0.000257592
0.000105908
0.000147602
0.000382767
0.000184386
6.21042e-05
0.000145419
0.000476065
0.000199479
0.000383444
0.000339139
9.50186e-05
2.07575e-05
0.00016737
0.000136327
0.000284248
3.03173e-05
2.35392e-06
0.000111033
0.000412242
0.000469173
0.000231351
0.00034426
0.00043827
0.00034594
0.000106317
0.000805113
0.000215832
4.46717e-05
5.78559e-05
0.000133766
1.34398e-05
2.05003e-05
2.9364e-05
8.92774e-05
3.38073e-05
0.000178599
0.000369246
0.000154093
4.28729e-05
0.000104187
0.000567876
8.54124e-05
0.000217365
0.000367297
0.000120403
0.000369171
1.19458e-05
2.95772e-05
6.1619e-05
0.00023029
7.60495e-05
0.00023828
9.03441e-06
5.71653e-06
0.000755191
0.000333737
0.000379952
0.000582922
0.00033661
0.000216774
0.00059916
0.000202637
5.25487e-06
0.000828171
0.000203913
0.000147411
0.000337644
0.000181227
0.000252034
0.00075749
0.000541847
5.13551e-05
6.67381e-06
5.50071e-05
0.000175789
0.000252215
1.50102e-05
3.18757e-05
1.88829e-05
0.000235146
0.000109949
0.000648857
0.000253334
4.70022e-05
0.000267987
0.000189151
0.000175727
0.000139578
0.000149972
0.000401167
0.0003306
0.000282356
6.88704e-05
3.03153e-05
0.000166515
0.000359683
9.16509e-05
0.000180697
7.42587e-06
8.62708e-05
0.000152068
0.00058499
0.000134713
0.000400933
0.000329306
4.1019e-05
0.000491159
6.19149e-05
0.000208424
0.000383437
0.000165356
0.000466123
0.000492132
0.000735239
1.13646e-05
6.36126e-05
9.76092e-05
0.000173083
0.000122823
0.000656829
0.000456931
0.000337565
0.000113795
0.000129546
2.48128e-06
0.000101793
3.71128e-05
1.03632e-05
0.000271434
7.70167e-07
5.24158e-05
5.00884e-05
0.000122675
0.000530794
0.000414898
0.000385549
0.000252781
0.000138049
4.5006e-05
0.00031966
2.12826e-05
0.000254524
6.00248e-05
0.000365545
0.000312009
0.0003574
0.000268914
0.000480341
0.000521779
6.73957e-06
5.50014e-05
4.9835e-05
0.000321309
0.000845116
0.000235506
7.0088e-05
0.00029895
0.000150277
0.000393307
0.000191105
0.000902266
0.00062565
0.000373435
0.000102698
0.000583914
0.000614487
0.000778748
0.000314127
0.000360918
0.00020937
0.000290317
0.00027964
0.000587621
0.000309981
5.9086e-05
0.000138292
3.71429e-05
0.000558902
0.000152856
0.000530134
0.000106753
0.000103376
8.08154e-05
0.000112441
0.000174521
0.000545684
0.000433991
0.00013581
9.5214e-05
0.000300566
0.000153198
0.00028676
0.000186195
0.000217097
4.69521e-06
0.000132888
2.81223e-05
0.000121161
0.000268657
0.000316534
0.000283702
7.03332e-06
2.29608e-05
0.000207522
0.000223436
0.000335681
2.70767e-05
1.34061e-05
0.000197095
0.000248272
0.000192295
0.000617725
0.000569074
0.000733748
0.000285346
0.000335342
0.000308914
0.00048335
0.000187349
0.000181348
0.000363072
0.000298065
0.000153906
0.000385574
1.77177e-07
0.000299796
0.000274473
0.000323687
0.000621419
0.000708708
0.000829404
0.000122442
0.0008078
0.000479708
0.000262732
0.000384579
0.000315563
0.000258213
3.0358e-05
3.5404e-05
0.000436955
0.000465716
0.000103539
5.70388e-05
0.000114996
0.000128892
0.000666665
0.000550666
0.000120275
0.000331466
0.000239551
0.000320115
0.000156879
0.000284721
9.69287e-05
4.9712e-05
0.000233029
0.000382775
0.000630609
0.000450551
0.000398191
0.000103116
0.000236481
8.98582e-05
0.000173016
0.000434255
0.000421789
0.000110449
0.000306989
7.55124e-05
0.000331609
0.000138361
0.000374714
5.10782e-05
1.33718e-06
0
1.61103e-07
8.86303e-05
0.000105054
8.31321e-06
0.000130951
0.00017583
0.000668982
0.000228687
4.49281e-05
6.67072e-05
1.1022e-05
0.000134115
0.000344652
0.00012594
0.000119574
0.000148096
8.47469e-05
1.89384e-05
6.88442e-06
2.69187e-06
7.17525e-05
1.57804e-06
0.000267972
7.87597e-05
6.01442e-05
0.000580675
0.000470052
1.76071e-05
0.000659391
0.000359429
0.000334794
0.000297563
0.000539094
0.00020702
0.000251168
0.000183906
0.000294085
6.62274e-05
0.000246516
0.000332803
0.000610772
8.5716e-05
8.13113e-05
4.03812e-05
0.000751159
0.000337901
0.000129796
0.00025949
0.00035612
0.000375113
5.41424e-05
0.000300283
0.000870195
0.000143068
0.000589841
0.000164691
0.000262695
0.000204869
0.000157558
0.000650257
0.000459723
0.000474099
0.000516161
0.000179222
0.000592082
0.000168131
0.00051005
0.000264758
0.0002157
6.50675e-05
5.20098e-05
7.33248e-05
0.000153032
0.000266634
0.000295655
0.000232934
9.319e-05
0.000154178
0.000422987
6.26419e-05
0.000240256
0.000114307
1.27644e-05
7.66038e-05
3.41862e-05
0.000172619
2.79759e-05
7.44335e-05
2.00722e-05
1.01693e-05
0.000289897
0.000167199
0.000131653
0.000810707
7.21678e-05
0.000167698
0.000335879
3.35161e-05
1.63876e-05
0.000407544
0.000169117
0.000339282
2.96666e-05
0.000249356
0.000190424
7.2879e-05
0.000334114
1.9498e-05
9.30657e-05
0.000467436
0.000173557
6.54806e-05
0.000125891
0.000139582
0.000579655
0.00061433
0.0007827
0.000475339
0.000430476
8.89206e-05
1.87032e-05
0.00030713
7.00823e-05
0.00031739
0.000157862
2.71541e-05
0.00022152
0.000352015
0.000546905
0.000157708
8.62511e-05
2.7246e-05
0.000215476
0.000644182
0.000116361
0.00020268
0.000257436
0.000719207
0.000649354
0.000100625
0.000331048
0.000134657
0.000184165
9.15287e-06
2.49219e-06
6.04204e-05
8.65958e-05
0.000111839
0.000189814
0.000134008
5.84909e-06
0.000226727
8.12356e-06
2.90726e-05
3.7725e-05
0.000307553
0.000346203
8.54668e-05
3.33413e-05
9.13233e-05
5.34434e-05
0.000506403
0.000165812
0.000216274
0.000488047
0.000190283
0.000320209
3.80311e-05
8.98618e-05
1.8617e-06
5.03614e-05
4.70788e-05
3.09301e-05
7.69834e-06
0.000311686
8.75423e-05
0.000313301
0.000139369
3.01822e-05
0.000177307
0.000407816
0.000245639
0.000523804
0.00035711
7.42952e-05
5.19231e-05
5.18649e-05
0.000202293
0.000503688
0.00019226
0.000151153
0.000163159
0.000231953
0.000186563
0.000181824
0.000327652
0.000276521
6.57672e-05
0.000627238
0.000157517
7.68827e-06
0.000234239
0.000545156
0.000756942
0.000497389
0.000672635
9.53913e-05
0.00049027
0.000333504
0.000343312
0.000178506
0.000328085
1.12066e-05
2.01244e-05
0.000348226
0.000446481
5.87957e-05
0.000635676
0.000313734
0.000233205
0.000337283
0.000375763
0.000344716
0.000311353
4.46979e-05
0.000106734
4.02616e-05
5.5726e-05
0.00012658
0.000199952
0.000253641
0.000293371
0.000397628
5.02405e-05
0.000400569
0.000192637
0.000263116
0.000287899
8.97632e-05
2.983e-05
0.000474478
9.46339e-06
2.92784e-05
2.5134e-05
0.000115311
0.000604027
7.18915e-05
0.000342726
5.57092e-05
2.45143e-05
6.05875e-05
0.000517037
9.89966e-05
3.88643e-05
9.55787e-05
0.000106971
0.000274775
0.000137137
0.000197608
0.000358339
0.000157565
0.000216028
0.000275459
2.39556e-05
4.13839e-05
0.000169058
0.000247003
0.000690622
0.000361683
4.07515e-05
0.00029683
0.000312962
0.000299911
0.000187889
0.000135565
0.000610905
0.000659374
0.000479827
0.000500667
0.000423582
0.000297944
0.000160614
3.11242e-05
0.000460638
0.000464117
0.000430125
0.000190512
0.000192406
0.000290585
0.000315816
2.2086e-05
0.000563152
0.000245957
0.000686224
0.000653954
0.000339356
0.000458508
0.000126087
0.000612666
0.000403899
0.00062084
0.000108358
0.00056757
0.000227863
0.000131808
5.72566e-05
0.000165988
8.51823e-05
0.000103577
0.000233052
5.5069e-05
2.57331e-05
0.000222508
0.000302769
5.22437e-05
0.000757446
0.000326803
0.000387999
0.000186256
0.000396617
0.000462464
0.000469897
8.89572e-05
3.85111e-05
2.21884e-05
0.000153426
0.000573566
0.000300092
2.1527e-05
0.00014418
0.000251653
0.000205055
0.000141411
0.000113786
0.00046181
0.000310691
3.04109e-05
8.01881e-05
0.000278593
0.000591911
0.000467048
0.000438956
3.90049e-05
5.70665e-05
0.000305644
0.000171832
0.000699445
0.00032476
0.000449973
4.37638e-05
0.000105451
0.000167317
0.000149888
3.60763e-05
0.000167813
0.000312282
0.000227412
0.000276629
5.30465e-05
0.00041289
0.000142672
0.000349379
0.000606321
0.000158475
0.000135766
0.000192926
9.2478e-05
0.000424445
0.000253819
9.15699e-05
0.00024
0.000186004
0.000463944
2.71271e-05
0.000275656
9.98732e-05
0.000249259
0.00048549
0.000594657
0.000435087
0.000589847
0.000310764
0.000348738
0.000503469
2.67144e-05
0.000448202
0.000267333
0.000360914
5.23478e-05
4.06616e-05
1.49255e-05
0.00041135
0.000540161
0.000191254
7.66161e-05
2.18893e-05
2.40827e-05
3.57092e-05
6.84297e-07
4.58016e-05
0.000452926
5.0791e-06
0.000295889
2.61682e-05
0.000382683
0.000269547
0.000293691
6.80754e-05
6.16785e-05
5.46758e-05
0.000112032
8.20429e-05
0.000251292
0.000403813
0.000513669
8.97367e-06
0.000293527
9.10322e-05
0.000491728
0.000190897
0.000143872
0.000234923
0.000138262
0.000534082
8.8134e-05
0.000496528
0.000333507
0.000182146
8.84489e-05
0.000314431
3.97829e-05
0.000243263
0.000556006
0.000265954
0.000114542
0.000149136
0.000136902
1.60549e-05
7.95481e-05
7.40051e-06
0.000135465
0.00069282
0.000355922
0.000326033
0.000653679
0.000175982
6.45919e-05
3.19651e-05
2.63609e-05
2.71529e-05
3.06395e-05
4.99663e-05
0.000656209
0.000695904
0.000597711
0.000706642
0.000471559
0.000328982
0.000559581
0.000238368
0.000112787
8.23909e-06
2.17382e-05
3.96489e-06
0.000558545
2.30225e-05
0.000166983
0.000122938
0.000145305
2.69465e-05
0.000221402
0.000105012
7.41526e-05
4.91228e-06
3.98597e-05
0.000244664
0.000572343
0.00077623
0.000223199
0.000129448
1.16727e-05
1.72198e-05
0.000132724
7.67785e-05
2.16371e-05
0.000186675
9.78811e-05
0.000933572
0.000416854
0.000178835
0.000427611
0.000916513
0.000476046
9.92062e-05
0.000225602
7.17555e-05
0.000312429
0.00017111
0.000118248
0.000443984
0.000365117
0.000258013
0.000190376
0.000914528
0.000611156
0.00024154
4.02748e-05
0.00020255
0.000309782
0.00042398
1.03443e-05
5.49487e-05
0.000350295
0.000539596
0.000319289
0.000182671
0.000647007
1.86247e-05
6.01575e-06
0.000104262
0.000513239
0.000147204
7.73461e-06
0.000284684
0.000170026
7.2053e-05
9.77687e-05
0.000497527
2.00801e-05
2.08519e-05
0.000805739
0.000292355
0.000227239
0.000476696
0.00051133
0.000493291
0.000280287
1.88955e-05
0.000234614
0.000525467
0.000383942
1.70537e-05
6.83781e-05
0.00029449
0.000349092
7.52394e-05
0.000408049
0.000190312
0.000385474
0.000607973
0.000161693
0.000320009
0.00032299
8.43793e-06
0.000100683
0.000227039
0.000297681
0.000465389
0.000182758
3.01496e-05
3.89644e-06
0.000224008
0.00041833
0.000156221
5.96688e-05
0.000132478
0.000237888
0.000749244
0.000643897
0.000590026
0.000136933
5.52744e-05
0.000547764
0.000218151
0.000359554
0.000522089
0.000437092
0.000161311
2.59169e-05
0.000602045
0.000197325
0.00067472
4.13803e-05
4.89894e-05
0.000385229
0.000997992
0.000126278
0.000174591
0.000217995
0.000182013
0.0001531
5.84384e-05
0.000162258
0.000148111
0.00039603
0.000341478
0.000407212
0.000412701
0.000548762
0.000641546
0.000871646
0.000805732
0.000591682
0.000125329
0.00018482
0.000268421
0.000236892
0.000267879
0.00010447
0.000488666
4.7714e-05
0.000172952
9.04875e-05
0.000754522
0.000323112
0.000880053
0.00031439
7.70192e-05
0.000340846
2.80936e-05
0.000568019
0.000431199
0.000274554
0.000367321
0.000155764
0.000326542
0.00032877
0.000446716
6.70274e-05
2.14954e-05
4.46089e-05
0.00012092
0.000109983
0.000167357
2.09894e-05
0.000153437
0.000392845
0.000520605
0.000410664
0.000425438
0.000164632
2.54033e-08
0.000100221
0.000340134
0.000219082
0.000417614
9.89409e-05
8.11489e-05
0.000498713
0.000261604
0.00038774
0.000275908
1.26838e-05
0.000273683
0.000328979
0.000458048
0.000151336
0.000159354
0.000905207
0.000217094
0.000430986
0.000797661
0.000151056
0.000378831
0.00023145
0.000451278
0.000124956
0.000450943
0.00057208
0.000191863
4.16348e-05
2.30505e-05
0.000116051
0.000101549
0.000109519
0.000131687
1.6172e-06
1.52423e-05
0.000134409
4.67385e-05
0.000116063
0.000185427
8.11914e-05
0.000373342
0.000707945
0.000406806
0.00015904
0.000421888
0.000199189
0.000340414
0.000571222
4.55718e-05
0.000322283
0.000529223
0.000130708
6.34372e-05
0.000478859
5.01107e-05
8.11912e-06
1.7196e-05
5.46421e-05
0.000857004
0.000573207
0.000205731
0.000813324
5.66651e-05
0.000585711
0.000195016
0.000312356
0.000304595
0.000313376
0.000526371
0.000614002
8.48018e-06
5.77197e-06
0.000396363
0.000510198
0.000290807
0.000194518
0.000260998
0.000489064
0.000351823
0.000344374
0.000287525
0.000228351
0.000204559
0.000275017
0.000111687
0.000195914
0.000134665
0.000219256
0.000386509
0.000217572
0.00034139
6.92048e-05
0.000370143
0.000201414
0.000380707
0.000355859
3.25649e-06
2.08449e-06
3.99875e-05
1.54617e-05
0.000226505
1.92353e-05
6.39779e-05
0.000169815
1.25374e-05
0.000142435
6.87843e-05
0.000329723
4.76698e-05
0.000220224
0.000171998
0.000440047
0.000130557
0.00012421
0.000387193
0.000260971
7.77699e-05
0.000323321
0.0001838
2.92843e-05
0.000203521
3.6388e-05
0.00013884
0.00058889
0.000466054
0.000178056
7.18845e-05
0.00034504
0.000155496
0.000188497
0.000518777
0.000186326
0.000132032
0.000482359
9.58849e-05
2.48861e-05
0.000825377
0.000604061
9.22962e-05
6.7652e-06
0.000192699
0.000110758
0.000169349
1.60257e-05
5.94591e-05
3.89618e-05
4.9637e-05
0.000257319
3.89378e-05
0.000105239
0.00046166
0.000131228
0.000274395
0.000328978
0.000413993
0.000574704
0.000287218
0.000149967
0.000112916
5.86228e-05
0.000353397
0.000121758
0.000633847
0.00048253
0.000292396
5.40712e-05
0.000454112
0.000101284
0.00025656
0.000175495
1.56615e-05
0.000101067
0.000113006
0.000430188
0.000453249
0.00041287
0.000104607
4.09106e-06
2.00295e-05
0.000114231
0.000314931
0.000196535
0.000119604
0.000360231
7.87798e-05
4.74284e-05
0.000115351
0.000456213
0.000497267
0.000186297
0.000900582
0.000109696
0.000171719
0.00044244
0.000366559
0.000737213
0.000278259
7.29701e-05
0.000112034
0.000160745
0.000234916
0.000277948
0.000652486
0.000964369
0.000300162
2.93158e-05
0.000447068
0.000283852
0.000311347
0.000105573
0.00017854
8.34018e-05
6.51255e-05
0.000147908
1.11251e-05
0.000280113
9.68167e-05
7.91543e-05
0.000135845
0.000272402
0.000390212
7.84879e-05
0.000359967
0.000291329
0.00028327
0.000440859
0.000500185
0.000243963
4.40457e-05
7.51811e-05
1.5171e-05
0.000539258
0.000278914
0.000269839
0.000152531
0.00061989
0.000498995
0.000743841
0.000184741
0.00018175
0.000166809
0.00042266
0.000578466
7.97795e-05
0.000173218
0.000481637
0.000505591
0.000299459
2.97383e-05
0.000237214
0.000482572
0.000487383
2.53922e-05
0.000250541
0.000131918
0.000230991
0.000260351
0.000227742
0.000110975
0.000170093
0.00011681
0.000536959
0.000428514
0.000396945
8.7516e-05
6.40325e-05
0.000275531
0.000438048
6.54254e-05
0.000526269
0.000110614
0.000203998
0.000497096
0.000671634
0.000162288
0.000262959
0.000207718
4.37241e-05
7.97899e-05
7.70965e-05
9.7316e-05
9.58739e-05
4.37481e-05
0.000103486
3.71733e-05
4.98589e-06
0.000337057
0.000564297
0.0001783
0.000210758
0.000231571
0.000430342
3.52427e-05
0.000196124
5.63225e-05
0.00044239
4.89436e-06
0.000180491
0.000405455
1.54452e-05
0.000136656
3.78398e-06
0.000767775
5.17984e-05
0.000519268
0.000312434
0.000422671
0.000384199
0.000225372
0.000290791
0.000134198
0.000246404
0.000267925
0.000151674
0.000251665
0.000518565
0.000301344
0.000285656
0.000125331
1.7368e-05
7.89705e-05
0.000306777
2.59894e-05
0.000704817
0.000111672
0.000713638
0.000314621
0.000206693
0.000157128
0.000266136
0.000582
0.000239397
0.000179441
0.000281498
0.000359537
3.0273e-05
9.10114e-05
0.000409881
5.92841e-05
0.000134657
0.000284665
0.0002038
0.000123956
5.7635e-05
0.000764305
0.000473574
0.000152473
0.000156005
0.000153818
0.00013232
3.45749e-06
6.32934e-05
0.000173537
7.91597e-05
0.00024935
0.000235139
0.000236049
7.72165e-05
3.67999e-05
1.08181e-05
8.45036e-05
0.00034467
0.000115427
0.000477809
0.000406486
0.000139325
0.000439307
6.0189e-05
0.000697933
0.000135631
0.00017656
0.00023243
0.00046015
0.000560971
0.000155409
0.000391986
9.60138e-05
0.000515592
0.000266854
1.18072e-05
0.000290313
3.95843e-05
1.29264e-06
0.000279939
0.00021183
4.94735e-05
0.000358782
0.000159947
0.000627819
0.00054996
0.000724394
0.000431457
0.000564733
0.000104139
0.000143093
0.000495269
0.000525714
0.00048873
0.000161844
0.000128726
0.000119372
5.8833e-06
8.19257e-05
0.000388195
9.41586e-05
0.000165356
0.000540561
6.47111e-05
9.42664e-05
0.000220323
0.000187585
0.000152534
3.6881e-05
3.83231e-05
0.000243931
0.000420058
0.000288335
7.23941e-05
0.00052524
0.000355101
5.58761e-05
4.10051e-05
0.000304942
0.000548716
9.96029e-05
0.000371418
0.000195344
0.000417569
0.000641028
0.000338437
0.000127219
0.000188614
0.000131546
0.000334304
0.000630094
0.0006904
0.000513389
0.00037534
0.000509421
2.97444e-05
0.000242288
0.000249522
8.47393e-05
0.000369585
0.000189056
0.000264041
0.000207802
0.000193672
0.000104395
0.000104448
2.50153e-05
0.000173055
0.00010333
0.000157808
6.79963e-05
0.000115776
0.000511598
0.000138553
0.000136622
0.000184897
0.000264519
9.62861e-05
3.38035e-05
0.000499313
0.000181128
0.000127334
0.000630831
0.000134751
0.000143822
1.48101e-05
0.000658981
0.000328919
0.000101174
8.84751e-05
0.000519108
0.00038387
3.93647e-05
0.000172508
0.000513173
9.5945e-05
0.000253485
0.000314372
0.000164919
0.000223677
0.000275798
0.000186446
0.000389625
5.46535e-05
0.000175324
0.000374219
0.000129733
0.000271148
0.000406069
4.94003e-05
0.000231652
0.000244038
0.0001574
5.09679e-05
0.000269316
0.000477887
0.000141756
0.000265487
0.000571574
0.000287769
5.93809e-05
4.57831e-05
0.000350751
4.88461e-05
6.22222e-05
0.00019771
0.000559955
0.000704539
0.000448841
3.87728e-05
6.7424e-07
1.30151e-05
2.86049e-05
1.77465e-07
0.000239806
0.000393614
1.06645e-05
3.6745e-05
0.000257018
0.000298203
0.000220669
0.000600758
1.83367e-05
0.000148348
0.000279594
0.000647045
0.000477489
4.77094e-05
8.07989e-06
7.00543e-05
0.000727835
0.000146525
0.000227674
0.000112451
0.00028632
1.34586e-05
6.72215e-05
0.000144432
0.000193549
0.000588005
0.000298886
0.000166725
0.000320758
0.00026478
5.55911e-05
3.71412e-05
0.000317274
0.00078819
0.000246564
0.000213467
6.367e-05
0.000225561
0.000167971
4.88526e-06
4.76931e-06
0.000145444
0.000129087
0.000126674
0.000354324
1.35496e-05
0.000324858
3.62341e-06
1.26047e-06
0.000245482
0.000876902
0.000501565
0.000193665
3.17243e-05
0.000415731
0.000347987
0.000594616
0.000524712
0.00044423
4.89013e-05
0.000300514
0.000697884
0.00016378
9.8201e-05
0.000114087
0.000112878
0.000666335
0.000554021
0.000460762
0.000391754
6.78894e-07
9.83541e-07
1.33029e-05
5.35655e-05
0.00034808
0.000556165
5.6234e-05
0.000290336
0.000720665
0.000388986
0.000341448
0.000420934
2.52351e-05
2.9351e-05
0.000177482
0.00036646
7.49382e-05
0.00023949
0.000348146
0.000276214
1.30105e-05
9.52042e-06
0.000186763
0.000318022
0.000575356
9.35868e-05
0.000259129
0.000187716
0.000403189
0.000440783
0.000585442
0.000641258
0.000503417
0.000373962
2.93571e-05
0.000484385
0.000434271
0.000201613
0.000656106
0.000492242
0.000434098
6.09564e-05
4.88417e-06
0.000492121
0.000497632
0.000562603
7.65362e-05
1.72125e-05
3.61609e-05
1.79928e-05
0.000403262
0.00031554
6.93034e-05
0.000547833
0.000292893
0.000263479
0.00027889
0.000582585
0.000780436
0.000258996
0.000409913
0.000148128
9.12354e-05
0.000161359
0.000672482
0.000138667
3.59613e-05
0.000190264
0.000655968
8.99786e-05
0.000123564
8.64339e-05
4.09207e-05
0.000255051
0.000229634
0.000492617
2.84764e-05
4.34103e-05
6.49737e-05
0.000137269
0.000277994
3.66659e-05
4.98332e-05
5.11376e-05
7.55611e-06
9.18606e-05
4.56349e-05
0.000180543
0.000490094
0.00022385
0.000736596
0.000145958
0.00022777
0.000233877
0.000243121
0.000210974
0.00057048
0.000807429
0.000735273
0.000403081
0.000441887
0.000109463
9.59717e-05
0.000207866
0.000297807
0.00019798
1.94085e-06
0.000101537
4.80251e-05
2.95979e-05
2.55834e-05
0.000233748
0.00015148
0.000455385
0.000106138
0.000201307
0.00036883
0.000109989
0.000289732
0.000400098
0.000334752
7.664e-05
0.000169447
0.000133779
5.52993e-05
5.90356e-06
0.000376404
0.000181908
0.000419587
0.00056483
5.43279e-05
0.000378567
0.000260629
0.000452002
0.000259796
0.000157654
5.31077e-05
0.000551857
0.000377973
0.000396054
0.000436165
5.2394e-05
9.95091e-05
0.000473285
0.000597226
0.000423858
0.000328147
0.000506798
4.08313e-05
0.00065292
7.97406e-05
0.000146634
0.000154513
4.8867e-05
0.000150396
0.000208676
0.000423256
0.000135245
0.000118522
0.000724439
0.000580004
0.000304023
0.000141853
0.000355208
0.000381069
0.000333137
0.000191133
0.000355879
0.000539343
0.000246085
0.000471359
0.000391405
0.0001679
9.73776e-05
0.000615287
0.000610772
0.000146988
4.52104e-05
0.000338747
0.000130039
0.00017317
0.00010143
7.2787e-06
0.000152387
2.67401e-05
0.000258656
0.000284172
1.1931e-05
0.000286016
0.000163937
0.000230884
0.000107428
0.000284764
0.000282929
4.42023e-05
0.000482254
7.77659e-05
6.25491e-05
9.01539e-05
0.000127139
0.000255393
0.000135297
0.000168509
3.7477e-05
0.000448858
0.000177005
0.000236372
0.000196335
0.000544081
0.000609196
0.000639181
0.000556487
0.000127331
0.00021745
0.000413931
0.000527687
2.3343e-05
3.77632e-05
2.70375e-05
0.000353767
0.00076137
0.000218842
0.000356444
0.000277408
0.000838661
0.000291149
0.000544385
5.67995e-05
0.0007381
0.000410897
0.000469773
6.9348e-05
0.000474626
0.000439916
0.000579796
0.000377656
0.000157092
0.00029594
0.000226036
0.000272384
1.97593e-05
8.35489e-06
0.000283387
0.000218959
0.000605203
0.000231884
0.000115181
0.000320653
0.000664173
0.000186956
4.63987e-05
0.00017581
0.000321893
0.000207201
0.000264254
6.84865e-05
0.000205434
0.000204028
8.27648e-05
0.000101431
0.000227426
0.0004323
9.97041e-05
0.000235186
0.000285631
0.000282223
0.000101221
4.2755e-05
6.95701e-05
0.000150311
3.35947e-05
0.000155583
0.000388683
0.000158389
0.000117418
0.000103275
7.85738e-06
0.000122265
2.28077e-05
5.27581e-05
5.69398e-07
5.96086e-05
0.000166599
0.000477188
0.000164345
0.000142092
9.57438e-05
0.000104173
0.000131939
0.000218828
0.00062693
0.000623259
0.000599323
0.000692484
0.000464179
2.99372e-06
8.81737e-05
7.31903e-05
8.27447e-05
8.80991e-05
0.000656704
0.00041434
1.80242e-05
0.000168017
0.000370652
1.85429e-07
0.000125742
0.000115797
0.00010117
0.00011084
0.000104193
4.0067e-05
0.000147363
0.000104185
0.000112493
0.000111834
0.000193852
0.000188227
0.000150828
0.000151302
0.000496138
1.57136e-05
0.000161123
2.08756e-05
0.000259871
6.64064e-05
0.000142887
0.000510181
0.000349401
6.01894e-05
2.74658e-05
0.000409151
0.000256704
5.54674e-05
0.000433743
0.000456844
0.000618552
0.000210148
9.0358e-05
0.000229152
4.83469e-05
0.000152552
4.82805e-05
0.000106325
0.000436326
0.000901624
0.000227649
0.000111848
0.000129796
5.1375e-05
0.000143005
0.000164499
1.82705e-05
9.63039e-05
0.000590956
0.00035769
0.000784608
0.000450591
0.000208816
0.000103809
0.000131787
1.67221e-05
9.11872e-05
0.000431005
9.52771e-05
6.41956e-05
0.000248273
0.000345656
0.000133403
0.000133046
3.66614e-05
6.56541e-05
7.684e-05
0.000152111
0.000205429
0.000170991
0.0010478
0.000307578
0.000145709
0.000691112
0.000294617
0.000230856
0.000234608
0.000208044
5.48708e-05
9.49406e-05
0.000233317
1.12083e-06
1.09533e-05
0.000112635
0.000185117
1.84457e-05
7.74523e-06
5.41329e-05
0.00040152
0.000166151
0.000465601
0.00025032
0.000259791
0.000119876
7.05215e-05
0.000230895
0.000348104
0.000378913
0.000348321
0.000129452
0.000699314
0.000486554
0.000348701
0.000531939
8.82807e-05
9.04243e-05
0.000164
5.66113e-06
0.00067637
0.000894127
0.00054625
0.000202405
0.000208175
0.000261484
0.000165254
8.01035e-05
0.000144349
0.000724604
0.000397202
0.000184276
0.000249975
0.000215289
0.000356346
3.51575e-05
2.1605e-05
3.13674e-06
0.000337302
6.68546e-05
5.34277e-05
8.81469e-06
0.000281264
0.000418656
0.000157733
0.00025838
0.000410931
0.000225917
0.000269624
0.000378055
6.50252e-05
0.000424683
4.33805e-05
7.44069e-07
5.78088e-05
0.000123758
0.000516748
0.000359449
0.000603521
6.23683e-05
0.000140645
0.000122645
0.000154929
0.000220695
1.91423e-05
4.69901e-06
3.52286e-05
7.07596e-05
7.14173e-08
2.51993e-05
3.81046e-05
3.45349e-05
0.000396266
9.17747e-05
0.000181981
1.70291e-05
0.00014905
0.000128092
0.000153559
0.000114323
0.000245932
0.000140295
1.3256e-05
7.26838e-05
4.80057e-07
0.000122905
0.000421053
0.000249403
0.000128193
0.000567238
0.000349099
0.00019304
4.04573e-05
4.18311e-05
0.000124328
0.000106598
0.000484922
4.23806e-05
0.000666412
0.000390159
5.28194e-05
0.000151146
0.000281437
0.000372408
0.000463359
0.000287627
7.8779e-05
0.000223117
7.51932e-05
2.53659e-05
0.000252753
0.000375971
0.000464027
0.000169
0.000101382
0.00016337
0.000466406
8.29859e-05
3.17015e-05
5.45238e-05
0.000187828
6.24948e-05
0.000735025
0.000485607
0.000767354
9.94838e-05
0.000220138
0.000188889
0.000122211
0.000384707
0.000201331
0.000364726
0.000672792
0.000543031
0.000601381
5.99406e-05
0.00063172
0.000472562
8.02342e-05
0.000179059
0.000383901
0.000496044
2.06538e-05
7.72227e-05
4.63671e-05
8.60429e-05
0.000359355
0.00081053
3.83078e-05
2.55982e-05
0.000127657
2.17182e-05
1.56439e-05
5.95614e-05
0.000675184
0.000320084
0.000153633
0.000318854
4.72201e-05
0.000145922
0.000158143
0.000211638
0.000381891
0.000273834
0.000210883
0.000304415
0.000288641
0.000201914
0.00056678
0.000163443
4.74583e-05
5.31476e-05
0.000417031
0.000268785
0.000624286
0.000347477
0.000308607
0.000412058
0.000110956
9.45364e-05
0.000147865
6.61839e-06
8.82013e-06
0.000204342
6.28924e-05
3.15303e-05
3.5755e-06
3.58121e-05
2.10557e-05
0.000174029
0.000166953
0.000219595
0.000299426
0.000372226
0.000604184
0.00068861
0.000373072
6.95109e-06
8.02573e-05
7.51667e-06
0.000253649
0.000462026
0.000322936
0.000374607
0.000116019
7.81063e-05
0.000381013
0.000515832
0.000400053
0.000386165
0.000355315
0.000406708
0.000461731
6.52782e-05
0.000762839
9.71463e-05
0.000176303
0.000309535
5.27583e-05
6.03818e-05
0.000372174
0.00037464
0.000296741
0.000747552
0.000381672
1.52799e-05
0.000497879
3.00206e-05
1.88234e-05
0.000322711
0.000557586
0.000283965
0.000324332
0.000279868
0.000703677
0.000535837
0.000214378
0.000494869
0.000157927
0.000204007
0.000515917
0.000327643
0.00025647
0.000164541
5.68189e-05
4.6743e-05
0.000106482
0.00021491
0.000143717
2.90998e-05
0.000294635
0.000214236
0.000371216
0.000439885
0.000140341
7.60495e-05
2.00287e-05
0.000224124
0.000920609
0.000527136
0.000273583
0.000181764
0.000620418
0.000237783
0.000106443
0.000372778
0.000145055
5.52394e-05
0.000100822
0.00025992
8.95812e-05
0.00025585
3.05908e-05
0.00017779
0.000110635
5.74341e-05
8.93683e-06
0.00028389
5.0414e-05
4.84579e-05
0.000157583
0.000258405
1.7292e-05
9.57585e-05
0.000126056
0.000477854
0.000236262
0.000634252
3.62123e-05
0.000360035
0.000185151
7.93029e-05
0.000369042
0.000333361
0.000521235
0.00049002
0.00060786
0.000444101
0.00023351
0.000440085
0.000149594
0.000149507
0.000182507
0.000366958
4.788e-05
5.85654e-05
0.00022429
0.000116063
0.000562578
0.000381349
7.86854e-05
0.000175596
0.000453821
0.00013615
0.00029618
0.00048347
5.18608e-05
0.000136923
5.25222e-05
0.000262393
0.000502317
0.000214086
8.5824e-05
0.00107308
0.000136295
7.83196e-05
2.24298e-06
0.000260174
3.65482e-05
8.59851e-06
4.08049e-06
0.000191691
5.98534e-05
0.000292404
0.000274956
0.000297239
0.000207505
4.86162e-06
0.000212793
0.000360074
0.00042346
0.000544973
0.000122991
0.000144745
0.000543092
0.000156179
1.22587e-06
1.96747e-08
2.5229e-05
0.000252538
0.000224996
0.00016445
5.29826e-06
3.73373e-06
5.11319e-06
3.97143e-05
0.00026121
0.000215543
0.00032907
0.000687496
8.85258e-05
0.000487103
0.000180087
2.27034e-05
3.20724e-05
0.000219487
0.000761769
0.00029541
0.000597175
0.000402351
0.000116921
0.000368478
0.000401161
0.000258122
0.000172705
0.000321933
0.000246248
0.000454181
0.000197262
0.000391381
0.000136793
0.000234365
4.71022e-05
0.000166908
0.000347124
5.88611e-05
2.03057e-05
6.43905e-05
0.000780656
0.000177403
5.41483e-05
0.00040838
6.79831e-05
0.00026723
3.44908e-05
3.11133e-05
8.93461e-05
2.5446e-06
0.000345345
0.000530914
5.98052e-05
0.000330991
0.00014216
0.000170279
1.45521e-05
0.000427201
0.000147065
0.00027039
2.03828e-05
2.09974e-06
2.5628e-06
0.000167827
0.000313881
0.000535337
0.000419774
0.000358941
0.000166976
0.000605322
6.77588e-05
7.46538e-05
0.000286728
6.56159e-05
2.56964e-05
0.00043222
0.000112035
0.000202003
0.000201382
0.000417639
0.000490295
0.000128476
8.1463e-05
0.000184724
0.000202726
0.000369641
0.000293057
9.54004e-05
0.000159845
0.000482476
0.000189878
0.000150177
0.000217196
0.000514341
0.000107948
1.72971e-05
0.000188197
0.000215819
0.000210995
0.000288863
0.000529501
0.000406968
0.00021055
7.3238e-05
0.000181244
0.00046154
0.000512576
0.000395921
1.92248e-09
3.73458e-05
8.04093e-05
7.99223e-05
0.000430452
0.000454165
4.80683e-05
0.00046806
0.00020125
3.82672e-05
0.000127928
0.000252474
0.00050237
0.000512515
9.18207e-05
1.72953e-05
0.000357995
0.000126706
0.000347346
4.77091e-05
0.000246966
0.0003211
0.000122042
2.83637e-05
7.17517e-05
0.000149304
0.000107436
5.15847e-05
0.000650332
0.000412191
0.000601674
0.000578761
0.00050066
0.000550748
0.000299288
0.000329236
0.000446032
0.000224575
0.000361383
0.000144555
0.000518218
0.000858939
0.000418712
7.44003e-05
0.000213546
8.70483e-05
7.41568e-05
9.35157e-05
0.000121826
9.26836e-05
0.000601264
0.000579875
0.000226036
0.000232701
9.88456e-05
0.000113881
9.40122e-05
4.90923e-05
3.44833e-05
0.000129527
0.000341694
0.000840356
8.13397e-05
0.000141599
0.000729547
8.33009e-05
6.78572e-05
0.000206688
1.07015e-05
0.000110916
7.7843e-05
0.000297034
0.000151053
0.000267994
0.000128216
0.000829017
3.84281e-05
3.27096e-05
0.000239312
0.000175092
0.000878184
0.000163113
2.79053e-05
0.000218668
0.000128798
0.000217566
0.000210469
0.000204208
0.000133104
2.80513e-05
1.88579e-05
0.000266264
0.000166317
0.000543754
2.91709e-05
2.39367e-05
0.000381572
0.000109549
0.000250401
0.000558145
0.0002102
0.000372127
0.000107194
2.81899e-05
0.000137194
0.000315938
0.000529737
0.000301382
0.000375353
0.000481049
3.56119e-05
0.000261867
0.000707141
0.000174148
0.000210608
9.33017e-05
0.000153761
3.39657e-05
0.000524062
0.000119677
0.000355823
0.000571247
0.000229071
0.000238951
0.000527291
0.000149118
0.000104397
0.000528381
5.54434e-05
6.63393e-05
0.000161885
0.000410517
0.000214046
0.000171778
0.000116362
0.000282012
0.000233898
9.85047e-05
6.90298e-05
0.000368843
9.49677e-05
0.000251722
0.000206761
3.81712e-05
0.000194957
9.04244e-05
6.84304e-05
0.000292947
6.18136e-06
3.91474e-05
0.000555782
0.00022392
2.6106e-05
0.00026778
0.00046822
0.000124531
0.000128285
0.000151663
0.000100127
8.3776e-06
9.27605e-05
8.35287e-05
0.000312763
0.000268905
4.80305e-05
6.1329e-05
5.0477e-05
0.000579497
6.01574e-05
4.7348e-05
0.00012843
0.000216521
0.000538869
0.00039698
0.000186806
0.000240934
0.000242758
0.000187242
0.000358134
0.000586101
0.000210838
0.000213531
0.000103454
4.11528e-05
7.23198e-05
0.00010881
0.000107457
0.00026138
0.000336975
0.000448974
0.00048966
0.000256674
0.000486238
0.000380725
4.30043e-05
0.00035217
0.00010096
0.000158086
0.0004316
0.000191359
0.000469307
0.000263008
0.000435342
0.000156553
0.000116423
0.000133564
6.02678e-06
0.000153544
9.29737e-06
5.00737e-05
6.4688e-05
0.000614
0.000427713
0.000159207
0.000246714
9.7802e-05
2.08192e-05
0.000298
0.00045116
2.41547e-05
0.000105574
0.000551804
0.00045984
0.000373061
1.60349e-06
0.000111637
8.35422e-05
0.000456296
0.00021614
0.00020309
0.000127754
0.000590102
0.000288637
0.000186116
0.000196093
0.000134489
0.000420557
0.000313562
0.00015423
0.000685702
0.0001458
0.000253877
0.000715628
0.000546298
0.00046008
0.00025504
9.1694e-05
7.52098e-05
0.000389884
9.73071e-05
0.000486482
0.000145991
0.00011934
0.000132452
4.76465e-05
0.000310393
0.000186789
0.000293099
0.000252218
0.000559649
0.00032375
5.90375e-05
0.000278986
0.000258982
0.000464956
0.000728527
0.000301256
0.000297016
0.000907896
0.000149139
0.000157718
0.000106905
0.000388194
0.000258748
0.000118915
0.000414674
0.000394847
0.00024771
5.65384e-05
9.26504e-06
0.000229007
0.000498871
0.000760677
0.000194911
0.000168849
0.000319482
0.00031702
0.000356004
0.000289456
0.000351971
0.000664617
0.000231942
0.000280935
0
4.35092e-06
0.000193054
0.000237057
9.70873e-06
0.000707531
0.000698353
0.000414618
0.000171286
9.67383e-06
0.000202482
0.00032946
3.85769e-05
0.000372265
0.000195781
0.000340846
1.11173e-05
3.96731e-05
0.000273136
8.54281e-05
1.96279e-05
5.64373e-06
0.000390515
0.000204107
8.81518e-05
0.000211281
0.000117727
0.000552766
0.000427323
0.0004709
0.000543779
0.000642775
5.02639e-05
0.000305382
0.000362734
0.000192226
0.000338476
4.89371e-05
0.000116868
0.000186898
0.000156257
0.000365972
0.000301404
2.20613e-05
0.000287351
3.70487e-05
3.43773e-05
0.000169397
0.000388961
0.000204816
0.000510715
0.000274032
1.98502e-05
0.000532126
0.000191973
5.21427e-05
0.000166252
0.000234626
0.000317638
3.26494e-05
0.000262377
0.000257136
3.4907e-05
0.00030465
0.00018045
8.67057e-05
8.91827e-05
0.00052554
0.000649096
0.000258964
0.000738985
0.000292937
0.000888741
0.000156343
0.000302026
7.8696e-05
0.000639904
0.00063353
0.000257554
0.000849696
0.000250556
0.000145123
0.000562378
0.000186124
8.40228e-05
0.000186485
2.59983e-05
0.000411949
0.000261972
7.53188e-05
1.0729e-05
4.9757e-05
0.000230854
0.00030438
0.000312041
0.000643426
7.45498e-05
0.000355509
0.000871637
7.84913e-05
0.000304079
1.88726e-05
4.7958e-05
0.000219759
0.000491108
0.000399455
0.000216191
0.000282754
3.23686e-05
0.00016709
3.24518e-05
0.000208302
0.000564794
3.74333e-05
3.53956e-05
8.39144e-05
6.17133e-05
0.000291453
0.000319834
0.00057895
0.000337914
0.000202216
0.000122752
4.4564e-06
3.75045e-05
9.38954e-05
0.00010077
5.54477e-05
0.000180398
0.000166408
0.000260918
3.34191e-05
0.000433961
0.00011745
1.94604e-05
4.96756e-05
4.6366e-05
2.53446e-05
0.000191057
0.000174807
1.34429e-05
0.000467474
0.000222378
7.48073e-05
6.66776e-05
0.000165172
0.000505881
0.000762054
8.69179e-07
3.95363e-05
0.000243171
4.09459e-06
3.38443e-05
9.74812e-05
0.000361366
0.000672685
8.90778e-06
0.000316327
0.00053659
0.000615188
0.000132048
0.0002445
0.0003369
0.000109507
0.000157091
0.000308548
9.55038e-05
0.000572189
0.000179305
0.000263226
0.000100612
8.48909e-05
0.000149068
9.08949e-05
2.64846e-06
6.55091e-05
1.52005e-05
0.00038618
0.000107451
4.41108e-05
0.000338709
0.000178555
0.000339561
0.000795346
0.000323298
0.000229584
1.94892e-05
0.000105464
0.000118677
0.000232292
0.000111587
0.000572301
0.0004399
5.06097e-05
1.03604e-05
5.52696e-05
0.00068336
0.000382778
0.000534372
0.00032241
0.000288409
0.000323579
0.000492857
0.000413597
0.00029398
0.000572386
0.000409093
0.000486148
0.000432627
0.000804973
2.19038e-05
8.31225e-05
0.000575509
0.000451797
0.000125749
9.30478e-05
0.00019633
0.000837991
0.000195264
0.00017021
0.000215227
0.000389528
0.000669614
0.000277174
4.75471e-05
0.000129161
4.89275e-05
0.000180927
0.000405018
0.000366786
0.000329415
7.23287e-05
8.76418e-05
5.60924e-05
5.76785e-05
0.000227661
3.11182e-05
0.000244247
0.000168006
0.000545062
2.27268e-05
0.000101125
0.00047729
0.000190797
0.000563391
0.000150035
5.58949e-06
0.000269769
0.000904685
0.000466496
0.00020161
5.50444e-05
0.000607208
7.52875e-05
2.66587e-05
0.000178685
0.000330145
0.000119943
8.08665e-05
5.70048e-05
0.000122813
0.000398669
0.000191583
1.10205e-05
2.40436e-05
9.38817e-05
0.00033149
0.000269011
0.000607902
1.36196e-05
0.000645324
0.000126064
0.000173745
3.08286e-05
0.000114704
3.43657e-05
4.97268e-05
0.000223174
5.72673e-05
4.00024e-05
0.000648554
0.000139498
6.5385e-05
0.000152278
0.000435165
0.000306461
0.00015483
0.000420932
6.61183e-05
0.0001561
9.13692e-05
7.38741e-05
2.79169e-05
7.20353e-05
9.51494e-05
0.000983407
8.07257e-05
0.000530529
0.000593046
0.000192071
0.000480547
0.000634497
3.29635e-05
0.000281335
0.000234233
0.000308537
0.000415492
4.95997e-05
0.000116947
0.000125826
0.000146055
4.50437e-05
0.000100931
0.000441933
0.000451891
0.000368688
0.000399926
0.000530652
0.000171659
0.000172899
0.000279154
0.000260462
5.26904e-05
0.000182032
0.000122165
0.000369718
0.000194282
0.000349628
0.000178082
0.000125833
0.000237144
9.79491e-05
0.000277827
0.000476975
0.000766419
3.04044e-05
8.52151e-05
1.24557e-05
0.000176382
0.000274661
1.25574e-05
0.000567125
0.000321019
0.000386617
0.00017553
5.40393e-05
0.00010808
7.03865e-05
0.000107799
0.000256922
0.000243445
0.000538313
0.00015649
0.000412907
0.000756361
0.00051836
0.000246931
0.000531014
0.000120991
0.000572077
0.000239959
3.18546e-05
0.000344795
0.000138437
0.000250476
0.000313723
0.000126692
9.95563e-05
7.7024e-05
6.64831e-05
0.000131575
0.000114497
0.000460472
7.30266e-05
0.000242332
0.000211498
0.000206639
0.000548606
0.000153317
0.000587124
0.000329947
0.000311272
0.000170437
0.000464188
2.14306e-05
9.41637e-05
0.000173036
0.000176983
0.000512341
0.000254919
7.92829e-05
1.43719e-06
1.03126e-05
0.000166505
0.000309717
5.72583e-05
7.40028e-06
2.23239e-05
0.000265015
0.000134315
0.000870916
7.76424e-05
0.000319916
0.00027451
0.000170425
0.000118528
0.000191864
0.000535794
0.000196193
0.000426165
8.67981e-05
0.000353163
0.000694303
0.000137734
0.000136451
0.0003158
0.000213713
0.000212334
0.000286252
0.000210046
0.000412348
0.000263299
5.04953e-05
0.00070974
0.000335405
0.000281585
0.000347828
0.000559458
0.00011698
0.000284306
0.000531716
8.65726e-05
0.000236603
0.000405168
0.000206717
0.000262665
1.09458e-05
1.50811e-05
0.000115169
0.000121635
0.000324129
0.000335837
0.00052786
0.000139341
0.000690855
0.000449899
0.000195669
0.000151624
5.05644e-05
0.000117031
0.000422033
0.000553841
3.54421e-07
5.34164e-05
6.68771e-05
0.000333698
0.000321682
0.00020542
0.000748536
0.000444587
0.000520551
0.000213321
0.000672176
0.000259668
0.000361226
0.000489613
2.37344e-05
0.00030098
0.000454459
0.000446103
4.45164e-05
8.5886e-05
0.000119731
0.000223433
0.000255486
0.000379056
0.000260813
0.000283812
0.000179704
4.88656e-05
7.5557e-05
0.000255777
9.11231e-05
0.000135502
1.53088e-05
0.000466998
3.71583e-05
6.22707e-05
0.000133954
0.000253067
0.000387307
0.000165905
0.000328113
0.000389076
0.000176739
4.91415e-06
0.000121678
0.000128377
0.000514519
0.000198475
9.0443e-05
9.95787e-05
3.91957e-05
9.01043e-06
0.000363956
0.000273255
9.05111e-05
0.000107597
0.000180525
1.52902e-05
4.09746e-05
0.00033465
0.000197588
0.000130452
0.000495699
0.000293114
0.000159699
0.000146303
9.88527e-05
2.6725e-06
4.74224e-05
2.04607e-05
5.16707e-05
3.52597e-05
8.80027e-05
6.26904e-05
0.00057573
0.000264359
0.000174189
0.000215269
8.11012e-05
8.337e-05
6.68866e-05
1.67175e-05
0.000180153
0.000156416
0.000139003
0.000209792
0.000243651
0.000338505
0.000221961
0.000491856
0.000321085
2.27543e-05
4.51284e-05
0.000422458
0.000346131
0.000438432
6.68163e-05
1.92818e-05
9.13567e-05
8.2146e-05
0.000136703
0.000553512
6.53792e-05
7.24816e-05
0.000301272
6.11195e-05
7.891e-05
3.87048e-05
5.79646e-05
8.8551e-06
0.000304992
0.000277807
8.73074e-05
3.45152e-05
8.51736e-05
0.000304442
0.000708334
0.000395315
6.00553e-05
5.32791e-05
0.000202132
1.67692e-05
0.000489427
0.000930911
0.000455933
0.000574469
0.00020955
0.000101744
0.000891048
0.000326591
5.55013e-05
0.000110374
0.000131867
0.000922703
0.000525081
0.000640465
0.000260869
3.79339e-05
2.35281e-05
0.000450413
0.000341286
0.000385178
0.000783967
0.000335104
7.49715e-05
1.7521e-05
0.000496066
0.000444225
0.000218232
0.000256111
0.000528192
0.000463969
5.804e-05
6.99572e-05
7.38752e-05
0.000437059
0.000277022
0.000827793
0.000263851
6.04821e-05
1.45713e-05
0.000127891
0.000623392
4.83455e-05
0.000224614
0.000360834
0.000642704
0.000910123
0.000179721
2.31133e-05
2.66946e-05
3.2912e-06
0.000242731
0.000454815
5.17018e-05
0.000256778
0.000191675
0.000190135
0.000173168
3.08875e-05
0.000398963
3.68678e-05
0.000214518
3.64063e-05
0.000170135
0.00016074
2.7948e-05
5.2942e-06
0.000343215
0.000404314
0.000520394
6.46013e-05
0.00025257
0.000261592
0.000546544
0.000402774
9.80209e-05
0.000124185
0.000404183
4.37315e-05
0.00030655
0.000113014
8.99427e-06
6.68324e-05
6.32017e-05
3.57668e-05
0.000370498
6.06651e-05
0.000159829
1.30638e-05
5.87804e-05
0.000187151
0.000574445
0.000443041
0.000501891
0.000350519
0.000454539
0.000278311
0.00045562
1.55671e-05
0.000185485
0.000195152
0.00033543
0.000577062
9.28237e-05
6.873e-05
0.00020665
0.000264374
0.000226781
0.000283697
0.000528333
0.000615158
0.000381622
0.000307975
0.000274334
0.000378343
0.000104818
4.8325e-05
0.000290592
0.000400324
0.000159127
0.000148046
0.000296546
0.00015405
5.96047e-05
0.000534208
0.000122893
0.000168919
0.000133755
0.000243493
2.75889e-05
0.000381341
6.01395e-05
1.38328e-05
0.000286919
0.000604938
0.000206914
0.000387839
2.14254e-05
8.54613e-05
0.000196695
0.0001822
0.000136456
0.000452068
0.000108919
2.75542e-05
0.000865199
0.000210229
0.000130627
0.000562247
0.000358274
7.98578e-05
0.000225002
0.00013334
3.3967e-05
0.000234209
0.00042562
0.000240594
0.000628072
9.64893e-05
0.000212756
0.00012183
3.72707e-05
0.00058495
0.00037885
0.000235559
0.000376458
0.000612305
0.000652028
0.000590148
0.000184153
0.000123654
0.000597953
6.35285e-05
3.96004e-05
3.62787e-05
0.000444145
0.000121034
0.000555641
0.000496123
0.000482037
0.000151958
2.5434e-05
0.000134502
1.15181e-05
0.000354656
4.89057e-05
0.000297926
5.07349e-05
4.01148e-05
4.46735e-05
0.000352148
0.000221422
9.93849e-05
0.000165091
0.000389166
0.000512592
0.000358439
0.000231056
0.000615772
3.17511e-05
0.000225053
0.000285712
0.000414773
0.000455277
3.69444e-05
0.000519154
2.5767e-05
0.000310393
7.13795e-05
5.60699e-05
0.00025053
0.000330922
0.000329266
0.00046466
0.000122332
0.000664976
6.37935e-05
4.44053e-05
4.90022e-06
0.000142262
0.000157973
0.000469283
0.000605971
2.02476e-05
2.56083e-05
0.000360965
0.000352756
0.000211768
0.000113404
1.56376e-05
1.28221e-06
0.000579498
0.000177973
0.000542551
0.000920543
0.000156057
0.000230228
0.000382735
0.000146859
0.000423829
0.000430519
0.00010128
4.41048e-05
0.000299015
0.000215512
0.000713794
0.000692371
0.000681952
0.000105388
0.00040576
0.000175463
0.000391085
0.000212498
0.000290354
0.000397042
0.000124815
8.05459e-05
6.4764e-05
0.000135984
0.000674104
0.000229102
0.000226877
0.000321683
0.000347273
0.000358829
0.000304544
2.22022e-05
0.000222008
5.30188e-05
0.000198807
0.000113983
1.20272e-05
0.000163836
0.000198535
0.000407973
0.000245479
0.00038509
0.000417636
0.000261427
8.87903e-05
0.000178014
0.000155362
0.000739867
7.98309e-05
7.83389e-05
0.000377842
8.85317e-05
0.000130893
0.000203667
0.000109257
3.2823e-05
0.000109345
0.000256655
0.000344961
0.00043839
9.17548e-06
6.67619e-06
7.85241e-05
6.60202e-05
0.000665158
3.14672e-05
5.40501e-06
6.01649e-05
0.000414526
0.000238262
0.000375134
0.000541191
0.00043324
0.000365442
0.000442126
0.000210142
0.000189567
0.000562053
0.000144896
0.000198502
0.000517768
0.000370764
0.000200328
0.000257106
9.88561e-05
0.000255263
0.000159741
0.000265229
0.000418362
9.87304e-05
0.000149531
0.000512527
0.000357097
0.000371283
0.000418388
0.000665877
7.23492e-05
0.000162103
0.000754356
0.000342886
0.000180861
0.000957341
0.000343277
0.000407529
0.000292914
0.000181009
0.00026983
0.000135648
0.00074373
0.000331588
0.000234181
0.000158723
4.11157e-05
0.000642302
0.000491398
8.95267e-06
0.00011119
0.000714635
0.000311534
0.000159355
0.000568645
3.99284e-05
0.000158096
0.00011931
0.000276212
0.00051786
0.00020532
0.000444096
0.000286577
8.22663e-05
0.000374261
0.000393499
0.000228594
8.331e-05
5.46878e-05
0.000261698
0.000582398
9.19556e-05
8.31504e-05
0.00032247
0.000297068
0.000682546
0.000842706
0.000376645
1.9013e-05
0.000176261
0.000272065
7.67174e-05
5.74929e-05
0.000420329
0.000439009
0.000200207
4.15687e-05
0.000778067
0.000517107
0.00014534
0.00028892
3.78258e-05
0.000234157
0.000100326
0.000281779
6.6773e-05
0.000146366
7.24113e-05
0.000104009
8.90967e-05
0.000101243
6.08848e-05
0.000810181
0.000818236
0.000128616
0.000362208
0.000327191
0.000167698
0.000152408
0.00013541
0.000308028
0.000683248
0.00024506
0.000279135
0.000241435
0.000299744
0.000175502
0.000106447
0.000114282
0.000438048
0.000577556
0.000146002
0.000327686
0.000655382
0.000301156
0.000244437
4.02121e-05
0.000239384
0.000387572
0.000111175
0.000133563
0.000189724
5.34695e-05
6.70478e-06
0.000294485
0.000232152
0.000468506
0.000169405
0.000188602
0.000151182
0.000753068
0.00048987
0.000421509
0.00015302
4.71132e-05
6.51942e-05
1.5565e-05
0.00026188
8.10124e-05
0.00023976
0.000321473
0.000258818
5.99902e-05
0.000413873
0.000537714
0.000444872
0.000391626
0.000381687
0.000592786
0.000155625
2.03355e-05
0.000381396
0.000331602
0.000140731
0.000387321
0.000287669
0.000306836
0.000453231
0.000134659
0.000270281
0.000172071
0.000189428
3.85287e-05
5.28437e-05
0.000151395
0.000342669
0.000234873
8.70428e-05
0.000224774
0.000150378
0.000202488
1.16875e-05
2.69791e-05
2.21006e-05
0.00010985
0.000429562
0.000225348
0.000304754
0.000179505
3.77666e-05
9.65367e-05
0.000293554
0.00055378
6.64262e-05
3.73055e-05
1.09518e-05
8.74953e-05
2.02172e-05
0.000190577
0.0001056
0.000349244
2.31061e-08
5.81899e-05
0.000159855
7.48555e-05
0.000198113
0.000354728
0.000354501
0.000742673
0.000529438
0.000238124
0.000665476
0.000409104
0.00063507
0.000255975
0.000655961
0.000333134
0.000389916
0.000226414
0.000160135
0.000375102
0.000680789
0.000675894
0.000615927
7.14702e-05
5.40305e-05
3.63166e-05
7.51199e-05
0.000325246
0.000470172
0.000328794
0.00021728
0.000563654
9.33633e-05
0.000374608
0.000376577
6.53177e-05
8.97157e-05
0.000444515
6.75824e-05
4.87266e-05
4.8204e-05
0.000121518
0.000161127
0.000329972
0.000385621
0.000172666
0.000118124
0.000498087
0.000113987
8.30013e-05
0.000305607
0.0006537
3.61104e-05
0.000118956
0.0005909
0.000388083
0.000193312
7.33841e-05
0.000187221
0.000608073
0.000620325
0.000369007
0.000316609
0.000190692
6.95716e-05
0.00021595
0.000279019
0.000513687
0.000671058
0.000364434
0.000837289
2.29292e-05
1.19604e-05
0.000107782
0.000121274
0.000186211
0.000103046
5.11884e-05
0.000422461
0.000405414
0.000918664
0.000164324
0.000471778
0.00039368
0.000149297
7.05942e-05
0.000687852
0.000746668
0.00028832
0.000142869
0.000400203
0.000405224
0.000336499
0.000326884
0.000159973
0.000164302
0.00011387
0.000252196
0.000559123
0.00034571
6.68981e-05
0.000189781
0.000814649
0.000273416
0.000275412
0.000144934
3.29733e-05
1.15224e-05
0.000444663
0.000584663
0.000481162
0.000300041
0.000541581
0.000151479
0.000213173
0.000263562
0.000579566
5.66569e-05
0.000159271
0.000157406
0.000399546
1.42033e-05
1.89359e-05
0.000268272
4.55384e-05
0.000389589
9.51417e-05
0.000284863
6.15748e-05
0.000236974
0.000693884
0.000473269
6.60089e-05
7.98448e-05
1.14116e-05
2.0029e-05
6.41156e-05
3.6883e-05
0.000112121
0.000147207
2.93991e-05
4.73034e-05
2.87232e-05
7.09623e-05
7.47095e-05
0.000289159
0.000409941
0.000483307
0.000336554
0.000382255
0.000286245
0.000297935
0.000192793
0.000399465
8.44206e-05
0.000212509
0.000686085
0.000942532
0.000504003
0.000401157
1.30081e-05
3.90156e-05
0.000273412
0.000198227
0.0002935
0.000652862
0.000206881
0.000210316
0.00012891
0.000336471
0.000390902
0.000179558
0.00022274
0.00026938
0.000289224
0.000453636
0.000332008
0.000224577
0.000347782
0.00023684
0.000168105
2.22894e-05
7.58372e-05
0.000349392
3.97839e-05
9.87449e-05
0.000319212
0.000419715
1.02428e-05
0.000342088
0.00016933
2.58925e-05
0.000161684
0.000620568
0.000349404
0.000243227
0.000727456
5.73023e-05
0.00040104
0.00044163
0.000110985
0.000241002
0.000467894
0.00039749
0.000427993
0.000372511
0.000488132
2.05697e-05
0.00042601
6.24151e-05
0.000265397
0.000129666
1.48292e-05
0.000348025
0.000924321
0.000777105
0.000316602
0.000120351
2.54277e-05
0.000480994
0.000246293
8.02353e-05
0.000395018
0.000154479
1.81965e-06
5.46627e-08
1.11099e-06
8.30248e-05
0.000426671
0.000262808
1.62091e-05
0.000267812
0.000437226
0.000424449
0.000421257
8.01186e-05
0.000188281
0.000496733
0.000693113
0.000132931
4.0092e-05
0.000173912
0.000291978
0.000298316
0.000529582
0.000486191
5.041e-05
0.000579127
0.000156268
0.000187951
0.00069462
7.61495e-05
0.000186674
0.000154424
0.000139746
0.000616022
6.39498e-05
0.000125879
0.000420229
0.00013289
0.000206991
0.000277272
0.000162856
6.05952e-05
7.95747e-06
0.0002483
0.000335646
0.000202888
0.000126526
0.000811774
0.000127958
0.000146265
0.000486921
6.66265e-05
0.000520511
0.00066674
0.000181732
0.000127914
0.000374361
0.00026786
0.00028483
0.000364851
0.000242464
0.000595884
0.000304702
4.96939e-05
2.53459e-05
0.000244178
0.000403547
0.000125903
0.000229812
0.000103965
0.000102201
0.000550812
0.000768323
8.33486e-05
0.000502441
0.000112662
7.94883e-05
0.000491924
1.32329e-05
0.000693457
0.00020868
0.000303264
0.000365439
0.000115348
0.000151764
5.94792e-05
0.000158185
7.11288e-05
5.77376e-05
6.56199e-05
1.42913e-05
0.000176761
0.000272702
0.000134358
0.000150828
0.000134664
0.0002997
6.48176e-05
0.000174659
6.60132e-05
1.90699e-05
3.04767e-05
0.000316169
0.000166913
1.8191e-05
0.000247545
1.51203e-05
0.000214179
1.99406e-05
4.52668e-05
0.000115955
1.55349e-05
0.000356997
0.000398829
0.00013999
0.000515848
0.000427704
0.000351232
0.00057478
5.49327e-05
5.19273e-05
2.89579e-05
0.000162393
0.000763304
5.0691e-05
0.000133924
0.000192428
0.000341985
0.000168375
0.000283113
0.000271393
1.47457e-05
0.000208078
0.000153158
1.82763e-05
4.67031e-05
1.50826e-05
5.55905e-05
0.000539995
0.000965083
0.0002165
0.0002354
0.000743611
0.000463047
0.000437962
0.00059611
6.92295e-05
2.41696e-05
0.000283735
0.000143625
8.92101e-05
8.04402e-05
0.000172677
0.000386113
1.12658e-05
0.000477669
0.000231379
0.000227627
1.02403e-05
0.000156594
0.000236879
0.000113743
3.73951e-05
0.000175898
0.000767676
0.000534503
0.000259557
0.000504156
0.00057162
0.000244185
9.49535e-05
0.000242919
0.000433607
8.68649e-05
2.67231e-05
0.000786611
0.000606018
0.000422346
0.000126883
0.000221448
2.29775e-05
0.000271875
0.000160301
3.67452e-05
5.65044e-05
2.3868e-05
0.000127946
0.000668667
0.000856795
0.000108121
0.000283758
8.06044e-05
0.000208359
3.0912e-05
3.56804e-05
0.000442108
0.000307595
0.000214512
4.3763e-05
2.51606e-05
7.24665e-05
0.000100217
4.14294e-05
0.000436162
0.000441166
0.000359311
0.000184399
0.000110469
0.000184748
3.83951e-05
0.000547122
0.000643402
0.000489322
0.000250914
0.000601262
0.000393531
0.0005294
0.000262272
1.685e-05
4.22684e-05
1.23873e-06
1.44119e-05
6.81954e-05
4.90319e-05
0.000178769
0.000428489
0.000579172
0.000131263
0.000650816
0.00035844
0.000293842
0.000614559
0.000218681
0.00013293
6.98987e-05
0.000233671
7.102e-05
2.80192e-05
0.000103055
0.000514737
0.000730945
0.00027506
0.000402213
0.000498702
0.000272222
0.000127294
0.000105432
2.46885e-05
0.000100783
0.000169578
0.000449377
5.39732e-05
9.50025e-05
0.000206357
3.67667e-06
0.000450838
0.000162598
0.000128277
3.9876e-05
6.58907e-05
0.000376276
8.60309e-05
0.000434655
0.000305208
3.18721e-05
0.000342005
0.00034234
0.000231726
1.33639e-05
0.000413309
0.000128014
0.00022694
9.45719e-05
0.00013325
0.000508367
0.000698828
0.000551945
0.000387753
8.45568e-05
0.000559294
2.37976e-05
3.33017e-05
1.27342e-05
6.49382e-05
0.00043606
0.000326023
1.2113e-05
0.00027266
0.000196955
0.000347413
0.000185651
0.000131078
0.000257281
9.24893e-05
0.000475631
3.43349e-05
5.48021e-05
7.74797e-05
0.00043599
7.59841e-05
9.71124e-05
0.000176664
0.000402962
1.75142e-05
0.000523019
0.000375363
0.000406117
2.76512e-05
0.000514736
0.000466678
6.02933e-05
0.000447557
9.64298e-05
4.74287e-05
5.50812e-06
0.000105655
0.000416505
0.000172593
1.1825e-05
2.31505e-05
0.000488664
0.000145339
4.16926e-06
8.37043e-05
0.000299622
0.000241011
2.69303e-05
0.000152626
0.000211791
0.000639011
0.000192548
0.000627856
0.000251632
0.000371972
0.000379254
0.000590517
8.49303e-05
0.000707843
2.56465e-05
0.000231229
0.000452727
0.000218855
6.40293e-05
7.22223e-05
3.48595e-05
0.000116786
0.000111216
0.000289314
0.0003523
0.000579078
0.000541673
0.000198007
9.23955e-05
0.000232933
0.000138981
2.94417e-05
0
1.26025e-05
9.85622e-05
0.000335366
3.74748e-05
0.000266254
0.000357829
0.000285799
0.000253817
0.000223942
0.0002543
0.000224878
0.000367391
0.000501229
0.00039909
0.000446154
0.000516036
0.000371819
6.90403e-05
0.000464054
0.000244479
0.000223276
0.000111687
0.000453661
6.16011e-05
0.00035305
0.000195969
0.000478305
4.03825e-05
0.000400874
0.000415631
0.000732445
0.000768145
4.3463e-05
0.000421303
0.000349586
0.000381076
0.00048422
0.000333885
3.83128e-05
0.000118985
0.000593493
0.000273807
0.000349958
0.000146905
0.000362661
0.000360704
0.000540062
0.000239823
0.00010988
0.000112488
0.000212738
0.000634309
0.000384538
0.000163544
0.000443657
6.64915e-05
3.56047e-05
0.00019079
0.000253102
3.12831e-05
1.12579e-05
6.12939e-05
0.000195961
5.77818e-05
5.80016e-05
0.000462393
0.000339551
0.000242895
0.000213312
0.000239626
0.000181988
0.000380068
0.000571755
0.000365169
6.87545e-05
0.000158384
3.79722e-05
1.98879e-05
1.88757e-05
0.000155088
8.25738e-05
6.96404e-05
0.000223167
0.000169986
3.77713e-05
0.000256289
2.72883e-05
0.000125338
0.000642798
0.000438304
3.11895e-05
0.000100082
0.000118225
9.10256e-05
2.29445e-05
4.92499e-05
0.000127181
0.000534407
0.000112974
0.000176675
6.16139e-05
2.76528e-05
0.000351895
0.000365866
8.16288e-06
2.00948e-06
3.52494e-05
1.38841e-05
0.000135578
0.000435622
0.00027437
2.97319e-05
0.000115413
0.000444606
0.000278464
0.000174623
0.000527645
0.000208011
1.31129e-05
0.000217236
3.50186e-05
0.000212629
0.00014841
0.000721857
0.000159993
5.84385e-05
9.04619e-05
0.000462055
0.000291156
0.000569483
0.000522233
0.000143965
0.00026843
0.000277736
0.000149212
6.50529e-05
8.11203e-05
0.000828995
0.000514493
0.000226906
0.000239909
2.78109e-05
0.000125138
0.000124331
0.000235703
0.000365752
0.000564831
2.50144e-05
0.000220731
6.92549e-06
0.000321044
2.56764e-05
0.0005635
0.000240086
0.000560269
0.00102757
0.00012409
0.000197811
0.000202621
5.19484e-05
0.000242134
0.000117717
0.000317091
0.000245397
3.91673e-05
0.000420544
0.00065984
0.000430321
0.000270802
0.000185431
0.000291321
0.000339329
4.22227e-06
2.25331e-05
0.000290907
0.000240999
0.000394015
0.000184476
0.000275245
7.22526e-05
0.000225799
0.00067893
0.00020651
0.000688257
0.000610879
0.000416694
3.24807e-05
0.000189663
0.000133277
0.000409242
0.000853259
0.000359058
0.000160945
0.00016082
6.11274e-05
0.000172521
0.000334132
0.000209974
0.000167659
6.43422e-05
9.29625e-05
2.02078e-05
1.12505e-05
0.000443037
2.40067e-05
6.73808e-05
0.000585633
0.00051241
3.78287e-05
0.000534557
0.000508898
0.000676849
0.00073951
0.000118043
0.00076514
3.92048e-05
0.000299179
0.000243997
5.81099e-05
2.50996e-05
6.85513e-05
6.85829e-05
0.000155229
0.000319772
1.8341e-05
0.00027692
0.000239453
0.000380202
4.91689e-06
1.16676e-05
0.000583162
7.85897e-05
5.00212e-05
0.000122173
0.000134331
8.53306e-05
0.000729392
0.000528376
0.000139247
2.99007e-06
4.72416e-05
0.000125701
0.000290785
0.000613549
0.000359787
0.0001421
8.67136e-06
0.000309506
0.000574961
0.000112723
0.000141341
0.000230422
3.2442e-05
0.000319159
3.38031e-05
0.00012115
0.000446299
4.84974e-06
1.27149e-05
9.92242e-05
0.000191287
5.87549e-05
6.45465e-05
3.0324e-05
0.000134763
0.000412932
0.000124306
7.59824e-06
8.32162e-05
1.66491e-05
4.51818e-05
0.0001601
0.000101662
9.89856e-05
0.000470295
0.000148259
0.000341269
0.000233338
1.80603e-05
2.65015e-05
9.28971e-06
0.000368388
0.000131873
0.000384727
0.000230706
2.16073e-05
0.000556537
0.00065631
7.59752e-05
5.46174e-05
0.000107716
0.000138703
0.00055428
1.80167e-05
4.38656e-05
1.39577e-05
0.000426635
6.98554e-05
6.15182e-05
0.00036251
0.00105825
0.000642978
0.000225139
0.000405437
0.000175087
0.000410702
0.00035412
0.000242199
0.000138089
0.000394889
0.000677466
0.00047114
0.000142472
0.000425095
5.38654e-05
7.51398e-05
6.76393e-05
0.000221523
0.000536452
0.000337457
0.000114472
6.02056e-06
5.06185e-06
9.42416e-05
0.000246993
3.69812e-05
0.00031495
5.93097e-05
0.000765196
4.62095e-05
3.58813e-05
0.00010886
0.000212997
0.000203092
0.000149927
0.000296297
0.000459364
1.93171e-05
0.000279674
1.47484e-05
4.79301e-06
8.04231e-05
0.000214947
4.49862e-05
5.70661e-05
0.000103623
0.000199367
0.000404167
6.36921e-05
0.00063065
9.82063e-05
0.000191559
0.000186967
6.43462e-05
6.49648e-05
1.96245e-05
3.62586e-05
0.000154826
8.74044e-06
2.45283e-05
0.000171507
0.000639356
0.000381072
5.77341e-05
6.94114e-05
0.000116385
0.000383516
0.000698387
0.000620223
0.000607337
0.000912108
5.95663e-07
4.40548e-05
0.000242851
0.000456125
9.89856e-05
0.000153103
2.91077e-05
0.000240638
0.000439845
0.000595806
0.000227223
0.000719694
0.000217593
0.000432993
0.000458328
0.000317204
0.000360665
0.000429051
0.000518112
0.00027506
1.31843e-05
4.0776e-05
8.54359e-05
0.000238054
0.000496844
0.000204982
6.11644e-05
5.75864e-05
0.000256109
0.000197913
0.000483577
0.000407047
0.00045632
0.000170028
0.000840028
0.000566828
0.000408547
0.000539977
0.000120298
0.000143937
0.000455747
0.00012729
3.41462e-05
0.000450643
0.000227805
0.000231283
0.000171026
1.54345e-06
3.1856e-05
0.000255664
3.85262e-05
1.56511e-05
0.000332183
0.000126239
0.000484526
0.000383341
0.000657287
0.000216723
0.000544976
0.000161125
0.000356766
0.000187554
0.000525904
0.000262645
0.000179589
0.000216909
0.000215446
0.000127216
2.40104e-05
0.000477396
0.000322458
0.000304946
7.67647e-05
7.76944e-05
0.000423557
0.000281192
0.000715638
0.000301285
0.000302451
5.27388e-05
0.000130016
0.000165281
0.00024961
0.000433331
0.000203271
0.000743742
0.000124721
0.000120102
0.000166103
7.67487e-05
0.000181803
0.000739963
4.53158e-05
9.76887e-05
5.91554e-05
0.000425822
5.42293e-05
1.67722e-05
3.20073e-05
1.81616e-05
4.40848e-05
0.00017453
5.52427e-05
0.000507031
0.000219147
0.000160044
9.0364e-05
2.08197e-05
0.000663635
0.000108294
1.79521e-05
0.000393681
6.05152e-05
0.000306572
0.000221007
0.000363584
0.00070512
9.98086e-05
0.000156779
0.000162232
0.000634582
0.000302141
0.000492607
0.000441574
0.000275331
0.000310495
3.56445e-05
0.00014497
0.000252272
0.000889131
6.47818e-05
0.000445236
9.72316e-06
0.000132314
3.80841e-05
1.7317e-05
0.000242761
1.22908e-05
7.95943e-05
0.000238989
0.00024144
0.000102058
7.26851e-05
3.66875e-05
0.000344631
0.000113926
0.00055434
0.000338298
0.00035729
0.000467009
0.000699228
0.000262688
5.98803e-05
0.000285309
0.000109044
8.32567e-05
0.000322451
4.59133e-05
7.97276e-05
4.20082e-05
0.000117068
4.56471e-05
7.78495e-05
5.11494e-05
7.57545e-05
0.000248297
0.000862557
0.000560961
0.000682094
0.00035862
0.000668429
9.3422e-06
0.000306799
0.000323429
6.04354e-05
3.96581e-05
0.000197304
2.56961e-05
6.82993e-05
8.36171e-06
0.000384099
0.00056525
1.53913e-05
0.000309732
0.000328683
0.000321219
1.07148e-05
0.000335861
4.79212e-05
0.000180211
0.000366726
0.000193362
0.000277992
0.000112086
8.78184e-05
9.60272e-06
6.60445e-05
0.000165222
0.000433275
0.000109298
0.000135432
0.000132104
0.000422779
0.000153912
0.000101496
7.85328e-05
1.60521e-05
0.000293939
0.000559084
0.000711959
0.000198228
8.86424e-05
7.98032e-05
0.000196072
8.15916e-06
4.48947e-05
4.52345e-05
0.00012247
8.03888e-05
2.74696e-05
1.2161e-05
8.64375e-05
0.000641401
0.000541426
0.000212384
0.000148008
7.31776e-05
3.80112e-05
0.000140435
1.69583e-05
0.000368078
3.68628e-05
0.000313378
0.000162215
0.000131616
0.000447834
0.000113914
0.000151533
0.000221336
0.000166454
0.00049726
0.000686195
0.000178633
0.000746724
0.000390273
0.000532494
0.00014787
1.63028e-05
0.000192969
0.000182484
0.000459334
5.5593e-05
3.99794e-05
6.58429e-06
7.29998e-05
0.000170673
0.000287763
2.86767e-05
0.000136271
0.000397279
0.000580461
0.00032248
0.000238147
8.89444e-05
8.24607e-05
0.000343848
3.80228e-05
1.3415e-06
1.14235e-05
0.000252634
0.000384355
0.000165996
0.00037176
0.000158231
3.17376e-05
0.000404517
0.000495778
5.82505e-05
0.00036538
0.000387971
4.29738e-05
8.12856e-05
6.28399e-05
7.51455e-05
7.71034e-06
5.29733e-05
0.000274049
3.32974e-06
0.000327425
4.97156e-05
0.000104636
0.000184219
2.31066e-05
0.000302789
0.000552911
0.000202638
0.000177854
3.62187e-06
0.000207882
0.000982545
0.000123296
0.000332409
7.87677e-05
0.000281082
0.000539207
0.000190848
0.000124421
7.21745e-05
0.00016314
0.000493693
0.000175318
5.82396e-05
0.000472295
0.000287837
0.00028847
0.000313917
0.000721331
0.000510295
0.000169159
0.000329442
7.77598e-05
0.000602353
9.22371e-05
0.000194273
1.93002e-05
0.000130834
0.000189086
0.000577698
0.000407119
0.000142005
0.00019868
8.86879e-05
0.000307429
0.00056578
0.000507767
9.1663e-06
0.000234683
0.000322345
0.000536306
0.000197578
0.000137318
0.000195898
0.000270269
3.87476e-05
0.000136781
0.000414227
0.000397223
4.16871e-05
0.000586049
0.000133642
3.32484e-05
0.000213502
0.000274152
0.000295337
0.000240313
0.000199966
0.00030479
0.000447391
7.07933e-05
0.000381423
1.98908e-05
0.000157562
0.000114592
9.84803e-05
0.000414773
5.81589e-05
0.000521787
0.00026271
0.000111631
0.000514815
0.000150327
3.26631e-05
0.000337379
0.000164711
0.000187489
0.000129128
0.00022552
7.25784e-05
8.34993e-05
0.000231694
0.000798023
0.000329308
0.000112982
6.47787e-05
0.000467901
0.000379333
0.000481064
0.000299919
5.99085e-05
5.85312e-05
0.000196316
0.000105785
0.000283048
0.000136874
0.000111581
0.000239104
0.000197907
0.000261214
0.00020014
0.000171697
4.05316e-05
4.19993e-05
9.41788e-05
3.30041e-05
8.14678e-06
1.22327e-05
8.36235e-05
0.000212651
3.58048e-05
4.34023e-05
5.35496e-05
0.00013802
6.45845e-06
2.33461e-05
0.000323721
0.000231989
0.000112051
0.000324528
6.74192e-05
0.000176326
5.48179e-05
8.24499e-05
0.000275035
0.000139039
1.21229e-05
0.000598684
0.000431875
0.000544154
0.000215063
0.00032279
9.15967e-05
0.0002362
0.000397954
0.000560382
4.77335e-05
0.000322983
0.000614608
0.000102733
1.13942e-05
0.000421571
0.00018472
0.000121954
4.05513e-05
6.26715e-05
0.000158835
0.000135006
0.000885084
0.000421728
0.000220986
0.000343548
5.31636e-05
0.000255648
2.35356e-05
0.000394602
0.000141391
0.000144733
0.000251104
1.9251e-05
0.000190783
0.000184836
5.29453e-05
4.07746e-05
0.0001791
0.000160587
0.000160115
0.0004592
0.000436433
0.000229173
0.000551272
0.000179878
0.000118796
0.000805378
0.000597719
0.000103032
0.000246971
0.000265607
2.54224e-05
0.000107463
0.00063466
9.96689e-05
5.08687e-05
3.28541e-05
7.08078e-05
0
5.18734e-06
4.08933e-06
0.000155283
0.00027647
0.000449832
0.000157797
6.16855e-05
0.000365877
0.000110946
0.00027706
8.1099e-05
