0.000152344
0.000569815
0.000241671
0.000463041
0.000278622
0.000128956
0.000357546
0.000815669
0.000817178
0.000145229
5.07191e-05
0.000305576
0.000604906
0.000902881
0.000312818
3.76267e-05
4.54365e-05
0.000366308
0.00039899
0.000762195
0.000230067
0.000392583
0.000462785
0.000668872
6.82475e-05
2.23956e-05
6.57635e-06
0.000200377
0.00097127
0.00110654
0.000532847
0.000142134
1.57776e-05
0.000382872
0.000853219
0.000826346
0.000526414
0.000255706
0.000526227
7.384e-05
0.000331121
0.000365335
0.000753037
0.000906436
0.000401587
0.0001043
0.000385808
6.24195e-05
0.000444237
0.000582097
0.000261508
0.000379144
9.6038e-05
0.000448422
0.000860531
0.00019597
3.85354e-05
0.000286813
0.000483128
0.00089824
0.000750136
0.000320071
0.000779749
0.00043396
3.54677e-05
0.000207142
0.000325231
8.32872e-05
9.36148e-05
0.000880022
0.000418124
0.000248457
0.000943497
0.000453572
0.000342122
0.00048473
0.000181454
0.000950318
0.000441603
5.02636e-05
6.67969e-05
0.00011472
0.000786031
0.000571331
0.000156726
0.000384671
0.000404326
5.01412e-05
0.000232524
0.000324299
0.000327834
3.18915e-05
0.000549981
0.000274584
0.00100553
0.000615443
0.000735345
0.000321633
7.55818e-05
0.000307216
0.000340719
0.000444749
0.00105108
0.000597875
0.000436931
0.000247001
0.000474168
0.000911326
0.000416164
0.000376953
0.000283933
0.000326608
0.000575621
0.00026363
0.000272479
4.06478e-05
5.66489e-06
0.000343773
0.000169569
0.000193296
0.000109761
0.000268162
0.000418011
0.0010033
0.00047983
0.000433903
0.000652958
0.000739849
0.00014575
0.000367352
0.000307293
2.83004e-05
5.6188e-05
3.74473e-06
0.000249614
0.000426214
0.000520449
0.000572339
0.000181134
9.62504e-05
0.000611671
4.86793e-05
0.00010832
7.66762e-05
0.000113828
0.000481751
0.000182771
0.000775222
0.000174029
0.000146476
0.000154097
2.69772e-05
0.000901373
0.000933299
0.000773354
0.000698249
0.000568588
0.000104638
8.44255e-05
5.87082e-05
0.000556852
0.0007566
0.000660206
2.92379e-05
5.83935e-05
0.000395964
0.000484129
0.000464786
0.000245268
0.000547134
0.000306159
0.000855645
0.000507126
0.000799556
0.00048462
0.00079975
4.41853e-05
0.00023502
0.000757456
0.00077896
0.000459533
5.546e-05
0.000442378
0.000448466
0.000616761
0.000719336
0.000581997
0.000170101
0.00019449
0.000192851
0.000175082
4.23882e-05
0.000394019
0.000168837
0.000449041
0.000371366
0.000235823
0.000383741
0.000340054
0.000427463
0.000787552
0.000649505
0.000961816
0.000829656
0.000379905
0.000678455
0.000582359
0.000731455
0.000281409
0.000515921
2.76446e-05
0.000159697
0.000176811
0.000414759
0.000411293
0.000792454
0.000100377
0.000234729
0.000220051
0.000576996
0.00018095
0.000179425
0.000351334
0.000394598
0.000240068
3.18324e-05
0.000230685
0.000930831
0.000320145
0.000768796
1.37936e-05
8.39809e-07
2.87418e-05
1.6219e-05
0.000238013
0.000762001
0.000498332
0.000379208
0.000430724
0.000520741
0.00013716
0.00019309
0.000160082
0.000119847
4.0833e-05
0.000174102
0.000296427
0.000469149
0.000425956
0.000671381
0.000606543
0.000425193
0.000553724
0.000654511
0.000623478
0.000143738
0.00044253
0.000497308
0.000316128
5.90127e-05
0.000129743
0.000355052
0.000153094
0.000131904
1.00108e-05
3.8448e-05
0.000235545
6.11832e-05
8.42108e-06
1.11801e-06
0.0008588
0.00075875
0.000230598
0.000203369
0.000261167
0.000394936
0.000325114
8.93499e-05
7.34869e-05
0.000694392
0.000538169
0.000910684
0.000289518
0.000701904
0.00055423
0.000125168
0.000153227
0.000352499
0.000489247
0.000220675
0.000124054
9.58867e-05
0.000188355
3.23416e-05
1.22656e-05
9.14988e-05
0.000542532
0.000689255
0.000257155
5.18379e-06
9.81934e-05
0.000300194
4.41465e-05
0.00074551
0.000574081
7.55229e-05
0.000639965
0.000172804
9.99467e-05
0.000109116
0.000298851
0.0002306
0.000455604
0.000726616
0.000582453
0.000723587
0.000637241
9.26683e-05
0.00018468
0.000366618
0.000235031
0.000507236
0.000470755
0.000423733
0.000816435
0.000504761
0.000828041
0.000452885
0.000443641
0.000103911
1.08583e-05
0.00010256
0.000147514
0.00021579
0.000739546
0.000853088
0.000172006
5.1477e-05
0.000232628
0.000247576
0.000380006
0.000267424
0.000280758
0.000224871
0.000154868
7.55553e-05
0.000102649
0.000462433
0.000477642
0.000824625
0.000723148
0.000451367
0.000717305
0.000309188
0.000755163
0.000434158
0.000654965
0.000593631
0.000536281
0.00102324
0.000175938
0.000100074
5.90483e-05
6.83575e-05
0.000146366
6.97096e-05
2.56393e-05
0.000303336
0.000343811
0.000412135
0.000645188
0.000799862
0.000327769
0.000589122
0.000240733
0.000572231
0.00038948
0.00065526
0.00122119
0.000546638
1.22336e-05
1.05598e-06
0.000450606
0.000405075
0.000483476
0.000167069
8.33169e-05
0.000727282
0.000613334
0.000394847
0.0002346
0.000103358
5.54441e-05
5.33364e-05
1.49908e-05
5.71871e-05
5.42617e-05
0.000196522
0.000154833
8.40286e-05
0.000253073
0.000495208
0.000722621
0.000250185
4.57533e-05
2.10002e-05
0.000114674
0.000164274
0.000341113
0.00102491
0.000453359
2.1634e-05
0.000315753
0.000165225
3.19676e-05
8.39509e-05
5.67777e-05
9.70416e-05
0.000441976
0.000559396
0.000244973
0.000521795
0.000386264
0.00044107
0.000297559
0.000382735
0.000159426
0.000375333
0.000777005
9.02236e-05
0.000401715
0.000392634
0.000995413
0.000993716
0.000797131
0.000789074
0.000279167
0.000275586
7.05479e-05
0.000297941
8.32366e-05
0.000466858
0.00042213
0.000322483
0.000275021
0.000305444
0.00034428
0.000450076
0.000255646
0.000130779
0.000658396
0.000146792
0.000539258
0.000563047
0.00045284
0.000885065
0.000125704
0.000638212
0.000469235
0.00037694
0.000286842
4.16791e-05
3.40809e-05
0.000138512
0.000144502
0.00027925
0.00014904
0.000296198
0.000191431
0.000309489
0.000293387
0.000100398
0.000390105
0.000754821
0.000246742
0.000465719
0.000650877
0.000699025
3.84014e-05
0.000480499
0.00030837
0.000411737
0.000189812
0.000142715
0.000192099
3.27567e-05
0.000194869
0.000440983
0.000198237
9.66053e-05
0.000449757
7.77787e-05
0.000304367
0.000406561
0.000565547
5.65819e-05
0.000172471
0.000785251
0.00019109
3.78566e-05
4.15072e-05
0.000362211
6.98957e-05
5.44173e-05
0.000213438
0.000515064
0.000203174
0.000587273
0.0012097
0.000539667
0.000685894
0.000436929
0.00080681
0.000438446
0.000319745
5.1015e-05
5.3875e-06
7.77359e-05
0.000346742
5.65581e-05
1.5194e-05
0.000521119
0.000731085
0.000808573
0.000623058
0.00100941
0.000770807
0.000218691
0.000300344
0.000799217
0.000489564
0.000157211
0.000447048
0.000681541
0.000737239
0.000751599
0.000544709
0.000523523
0.00073379
0.000587185
0.000338684
0.000679938
0.000345269
5.49447e-05
0.00010626
0.000381482
0.000719352
0.000354424
0.000366903
0.000193628
0.000411848
0.000198608
0.000286026
0.000331269
0.000159298
0.000534826
0.000732712
0.000443124
0.000282928
0.000528845
0.000300995
0.000297181
0.000716633
0.000576083
0.000646221
0.000137118
1.28478e-05
0.000218421
0.000203719
0.000314553
0.000382698
0.000869535
0.000618955
0.000752693
0.000186515
0.000579074
0.000410674
0.000652857
6.09509e-05
0.000112967
0.000111155
0.000272844
0.00031927
0.000640055
0.000672313
3.926e-05
0.000219716
0.000555892
0.000644674
0.000500717
0.000792016
0.00025329
0.000622327
3.95846e-05
8.57984e-05
0.000328068
0.000202035
0.000456109
0.000140956
0.000246029
0.000178314
0.000117043
0.000200938
0.000107219
0.00116783
0.000222668
6.83729e-05
0.000234593
0.000277287
0.00037945
0.000211821
4.93373e-05
1.68208e-05
5.34667e-05
0.000334794
0.000122219
0.000215164
0.000315876
0.000124903
0.00108981
0.000301653
0.000877978
4.12573e-05
0.000522172
0.000328539
0.000718923
3.73168e-05
0.000641291
0.000326431
0.00023938
0.000265552
0.000399371
0.000117385
0.000236676
0.000519076
0.000225643
0.00059866
0.000451989
0.000669941
0.000396298
0.000209788
0.000254683
0.000161567
0.000535482
0.000552928
0.000534
0.000497162
0.000756905
0.000322541
0.000614802
0.000228724
0.000272662
0.000683364
0.00031547
0.000437976
0.000394506
0.00045386
0.000548378
0.000229401
0.000177664
0.000258934
0.000107833
0.000257684
0.000540907
0.000497684
0.000108666
0.000123612
0.000228256
0.000556114
1.16016e-05
0.000279133
6.64323e-05
8.68795e-05
0.00026237
0.000332104
4.17068e-05
0.000224624
0.000367169
0.000561565
0.000141498
0.000146185
0.000132363
0.000892419
0.000304903
0.000927953
0.000540987
0.000431428
0.000273927
0.000622462
0.000173998
0.000494433
0.000260575
1.68672e-05
0.000239662
2.33306e-05
6.51431e-06
0.000112757
0.000358897
0.000189481
0.000301288
7.01377e-05
0.000170698
0.00029073
0.000272163
0.000520931
0.00012641
0.000295341
0.000235951
0.000338214
0.000330674
0.000258515
0.000507149
0.000782118
0.000572254
4.00858e-05
0.000189073
0.000317021
0.000548994
9.63399e-05
2.86492e-06
2.3321e-05
0.000603009
0.000242703
9.9911e-05
1.56329e-05
7.30774e-05
0.00018005
0.000423526
0.000850692
1.61819e-05
0.000327387
9.97575e-06
0.000358133
0.000119504
7.41856e-05
2.41568e-05
7.67895e-05
0.000344904
0.000756674
0.000942067
0.000216528
0.000518981
0.000787845
0.000236088
3.92433e-05
7.55521e-05
1.17035e-05
4.624e-05
0.000150666
0.000593582
0.00015094
0.000577929
0.000648713
0.000634478
0.00038825
0.00025072
0.000154985
0.000110035
0.000145907
0.000509862
1.56795e-05
0.000522807
0.000711049
0.000777736
0.000293244
0.000362634
0.00055406
0.000537422
0.000720771
0.000837372
0.000732276
0.000191323
0.000140598
0.000473638
0.000681139
0.000761309
0.000367366
2.8404e-05
4.60198e-05
0.000385708
0.000134652
0.000439204
5.87984e-05
0.00016144
0.000216412
0.000103855
2.94045e-05
4.54614e-05
0.000176764
0.000195709
0.000916618
0.00065066
0.000757043
0.000603186
0.000793013
0.000248956
8.57288e-05
0.00037736
0.000716119
0.000560624
0.00107243
0.000364541
0.000593178
0.000725881
0.000609581
0.000622649
0.000983234
0.000553481
0.00110378
0.000170201
0.000408432
0.000774258
0.000383486
0.000141053
0.000181652
0.00038484
7.17028e-05
0.000312439
2.41073e-05
0.000614962
0.000263065
7.09163e-05
0.000259601
0.00044993
0.000424101
0.000256562
1.08518e-05
0.000215448
5.31338e-05
0.000459996
0.000678532
0.000234939
0.000444457
0.000369113
0.000469182
0.000476305
0.000693867
0.000569204
0.000534964
0.000400472
0.000749725
0.00031161
0.000190232
0.000251805
0.00039161
1.12569e-05
4.53587e-05
0.000712936
0.000577448
7.13005e-05
0.000390838
0.00029096
0.000504767
0.000674256
0.000460187
0.000316533
0.000419711
0.000240921
0.000177996
0.000352528
0.000446631
0.000481884
0.000920333
8.10921e-05
0.000215816
0.000189399
0.000116007
7.35712e-05
0.000252208
1.38465e-06
1.09667e-05
0.000998866
0.00088879
0.000766896
0.000167707
0.00051411
0.000231417
0.000168177
0.000413722
0.000906972
0.000381307
0.000260068
0.000233367
1.55578e-05
0.000309308
0.000381559
0.000658387
0.000499688
0.000171978
0.000103388
4.53307e-05
7.70117e-07
3.94241e-06
0.000165462
0.00010767
0.000499373
9.24449e-05
0.000213803
0.00043838
0.000694841
0.000385016
0.000332281
0.000808692
0.00105548
0.000375451
0.000365579
0.000429415
0.000527017
0.00011432
0.000162744
0.000865464
0.000567547
0.000498399
0.000236154
0.000580716
0.000106554
0.000441298
0.000183134
0.000257571
0.000122399
0.000667325
0.000302614
0.000575398
3.61635e-05
0.000315109
4.10445e-06
0.000151667
0.000741699
0.000560864
5.80837e-05
0.000306725
0.00064593
4.94346e-05
0.000176944
0.000341967
0.000395929
0.000232001
0.000416898
0.000214906
0.000154404
8.78455e-05
0.000604398
0.000552539
0.000368073
0.000387059
0.000298505
0.000328253
4.48007e-05
0.000724467
0.000690003
0.00073711
0.000300234
0.000171518
6.16444e-06
0.000100349
0.000255551
0.000378644
0.000162147
0.00026772
0.000142004
4.94823e-05
0.000323738
0.000406268
0.000595486
0.000390467
0.000656617
0.000589576
0.000345499
0.000605073
0.000694354
0.000190361
0.000379117
0.000578304
0.000379238
0.0002864
0.000177879
0.00030978
0.000534554
0.000103875
8.38198e-05
0.000216483
0.000418864
0.000210221
0.000331463
0.000299028
0.00051577
0.000277493
0.000223084
0.000347589
2.70177e-05
2.27142e-05
0.000474699
0.000503811
0.000646626
0.000174492
0.000126223
0.000601488
7.84616e-05
0.000167567
0.000115949
0.000322189
0.000345973
7.63239e-05
0.000310915
0.000191995
0.000293627
1.63883e-05
0.000347121
0.000273262
0.000322158
0.000601503
9.45093e-05
0.000206216
0.000397658
0.000244841
0.000674724
0.000511719
0.000452105
0.00019707
0.000331386
0.000326902
0.000392964
0.000233116
9.65856e-05
0.000337206
0.000360849
0.000500207
0.000601108
0.00037653
0.000538082
0.000522587
0.000481933
0.000507877
0.00024452
0.000705782
0.000209363
0.000483088
0.000247357
0.000406503
0.000367568
0.000490833
0.000334893
0.000218103
0.000219274
0.000381883
0.000227923
0.000115417
6.01575e-05
7.3629e-05
8.40303e-05
0.000182991
0.000275559
0.000219993
0.000327339
0.000556191
0.000108577
7.97922e-05
0.000169008
0.000255409
0.000267864
0.00053
0.000429962
0.000137028
0.000532438
0.000482479
0.000253925
0.000416915
0.000319904
0.000232807
0.000980121
0.000284098
7.80534e-05
0.00014153
0.000104365
0.000124159
0.000143071
0.000265855
0.000279271
0.000824798
0.00029764
0.000590059
0.00054936
8.10283e-05
0.000163602
0.00011771
0.000274112
2.07513e-05
0.00038273
0.000401367
0.000140938
0.000150387
0.00027957
0.00052067
0.000167149
0.0007859
0.000519532
0.0003926
0.000283322
0.000530889
2.62624e-05
0.000132552
0.000324808
0.000602872
0.000208324
0.000242023
3.55117e-05
3.56753e-05
7.29348e-05
0.000217421
5.8763e-05
0.000693814
0.000535651
0.000181761
0.000144728
0.000528692
0.000282948
0.000744104
0.0002744
0.000578937
0.000114366
0.000448672
1.96113e-05
0.000661722
0.000404528
0.00034613
0.000619857
0.000360663
0.000207344
0.00053619
0.000301669
0.000436785
0.000517712
0.000371997
0.000758028
0.000193203
0.000348065
0.00038078
6.44433e-05
0.00014636
0.000117233
0.000319631
0.000155864
0.000154799
0.000392289
3.91378e-05
0.000219286
0.000317354
0.000244784
0.000908111
0.000311364
0.000354676
0.000381456
0.000211375
9.97602e-05
0.000323083
0.000148482
9.19549e-05
0.000775725
0.000280387
4.23018e-05
0.000394259
6.21781e-05
0.000809176
0.000197857
0.000373368
0.0010165
0.000683544
0.00068225
0.000460254
0.000369968
0.000611604
0.000350201
0.000786261
0.000353193
0.000339845
4.81687e-05
0.000719779
0.000619904
0.000884999
0.000557474
0.000703668
0.000120247
0.000408243
0.000197276
1.46424e-05
0.000194071
0.000214651
9.17736e-05
0.000121879
0.000342734
9.53554e-05
8.07287e-05
0.000421322
0.00034999
0.000411479
0.000403606
0.00021828
0.00014969
5.06904e-05
5.88349e-05
0.000248904
0.00042106
0.000412667
0.000531335
0.000647903
0.000162677
0.000258402
0.000387569
0.000426676
0.000189215
0.000185506
0.000457185
0.000134756
2.64578e-05
1.54798e-05
0.00010734
0.000257447
5.91562e-05
0.000108584
1.70815e-06
0.000432033
4.94651e-05
6.77348e-05
0.00122311
0.000351898
0.000164109
0.000299577
0.0005349
0.000382626
0.00088921
0.000614839
7.17748e-05
0.000495396
0.00039476
0.000200954
0.000215427
0.000393484
0.000423922
0.000318066
0.00076265
0.00106469
0.000706864
0.000546812
0.00100638
0.00022758
0.000212849
0.000404194
0.000753763
0.000476838
0.000179351
8.18305e-05
0.000550759
0.000593964
0.00046798
0.000743123
0.000328194
0.000126021
0.000186239
0.000172645
0.000119153
0.0003077
0.000779186
0.000702195
0.000865022
0.000201622
0.000614817
0.000360057
0.000143927
6.55331e-05
6.41702e-05
0.00015359
7.61213e-05
0.000134097
4.0964e-05
0.00036413
0.00013322
3.94231e-05
0.000228927
0.000115735
9.92594e-05
4.25682e-05
0.000267913
0.000224573
0.00035457
7.14303e-05
0.000766567
0.0007789
0.000473527
0.000342003
0.00066843
0.000198711
0.000388411
0.000347383
2.74578e-05
0.000375722
0.000311062
0.000176663
0.000349447
0.00034337
0.00023799
0.000622328
0.00016856
0.000332012
2.43249e-05
4.39143e-05
0.000319363
0.000355071
0.000418326
0.000540477
0.000578527
0.000107123
0.00010713
0.000815496
0.000442313
0.00031757
0.000515485
0.000347635
0.000333188
0.000739941
0.00041343
0.000702221
0.000254493
7.04054e-05
0.00011924
0.000180607
0.000671585
0.000572878
0.000224616
6.54773e-05
0.000543627
0.000422292
0.000779524
0.000609227
0.000102903
3.04984e-05
0.000429046
0.000571966
0.000546907
0.000149915
0.000359003
0.000198744
8.81324e-05
0.000266859
0.000182404
0.000291148
0.00035975
0.000448133
0.000465854
0.000531746
0.000312953
0.000690868
0.000156173
0.00110038
0.000412635
0.000834986
0.000516432
0.000498817
0.000382676
0.000267719
7.11719e-05
0.000382332
0.000912184
0.000516694
1.99182e-05
9.5056e-05
5.10169e-05
3.23351e-05
9.81837e-05
4.88872e-05
0.000160125
0.000149244
6.97191e-05
0.000819271
0.00034306
0.000195224
7.72939e-05
0.000398467
0.000394738
0.000453519
0.000207661
0.000292278
5.96059e-05
0.000187935
0.000470203
0.000454665
0.000751702
0.000580114
0.000171818
0.000192057
9.46222e-05
0.000639316
4.21764e-05
0.000226465
0.000379848
0.000124012
4.75305e-05
0.000640135
3.07678e-05
3.44113e-05
8.56178e-05
0.000175846
0.000157101
0.000177706
0.000281669
0.000861043
0.000600662
0.000471838
0.000852551
0.000261166
0.000143878
0.000315882
0.0011153
0.000841911
0.000386634
0.000545063
0.000287389
0.000129413
0.000296118
0.000107377
0.000444241
0.000263544
0.000267861
0.000255547
0.000138106
0.000272277
0.000614062
0.000233533
0.000231496
0.000273564
0.0012391
0.000381808
0.000618381
0.000966386
0.00069671
0.000323259
0.000475764
0.000793308
0.000336497
0.000608651
0.000351649
0.000457637
0.000647835
0.000401575
0.000481917
0.000161779
0.000205809
0.000251211
0.00050669
0.000417008
1.68083e-05
2.72888e-05
3.09365e-05
0.000124469
0.000110607
8.2655e-05
2.00347e-05
0.000114319
0.000426166
0.000279812
0.000236419
0.000919988
0.000374299
0.00044188
0.000224611
0.000509498
0.000566554
2.27205e-06
2.25343e-05
8.00022e-05
0.000706991
0.000214865
7.28344e-05
0.00029005
9.91131e-05
0.000965881
0.000523777
0.000478696
0.000130268
0.000553796
0.000695462
0.000592027
0.000432961
0.000203384
4.45939e-05
8.54915e-05
6.2364e-05
0.000266205
3.52151e-05
0.000352575
0.000261593
0.000234674
9.35339e-05
0.00040435
0.000369324
8.43667e-05
3.17977e-06
1.46968e-05
0.000139735
0.000168681
0.000157948
0.000496749
4.81339e-05
0.000137755
3.46375e-05
0.00073172
0.000267125
0.000303379
0.000282422
0.000160032
7.84896e-05
2.42386e-05
4.32651e-05
6.35721e-05
0.000181539
0.000430904
0.000452574
0.000577831
0.000173696
0.000190881
6.82114e-05
0.00038294
3.42967e-05
0.000783793
0.00064303
0.000628693
0.000470788
3.0771e-05
1.44673e-05
0.00070052
0.000855649
0.000313149
2.11256e-05
0.000625111
0.000140841
0.000273408
0.000473651
0.000702995
0.00045238
0.000465185
0.000665052
0.000710224
0.000885174
0.000352978
0.000498704
0.000333842
0.000342704
0.000634189
0.000186995
0.000240862
0.000682639
0.000517811
0.00081938
0.000308278
0.00101999
0.000124974
0.000528911
0.000526225
0.000553642
0.00053266
0.00083086
0.000387781
0.000207635
0.000218899
0.00123818
0.000206172
0.000278573
0.000830073
0.000453002
0.000543342
0.00057965
0.000403532
0.000452951
0.00018922
0.000359628
0.000120926
0.00104529
0.000431874
0.000421211
0.000647768
0.000123384
0.000153988
0.000136096
0.000186285
0.00049883
0.00024002
5.85577e-05
0.000284753
5.20725e-05
0.000117482
0.000173798
0.000140919
4.99935e-05
0.000260179
0.000193901
0.000736173
0.000252758
0.000369588
0.000490698
0.000470848
0.000622475
0.000876196
0.000158111
0.000257211
0.000496381
0.000376021
0.000368813
0.000353256
9.22821e-05
0.000253632
0.000233558
0.000878547
0.000959501
0.000309751
0.000591422
0.000463236
0.000765715
0.000200126
0.000364383
0.000114205
1.93978e-05
0.000640051
0.000709128
0.000368874
0.00053703
0.000338998
0.000405777
0.000784563
0.000846655
0.000355693
6.69978e-05
0.000191654
0.000434398
0.000496094
0.000518336
0.000462454
0.000693185
3.40531e-05
3.43911e-05
0.000359673
0.000187884
0.000237057
0.000260583
0.000726431
0.000273327
0.00035737
9.64119e-05
0.000544556
0.000366203
0.000267118
0.000638624
0.000404437
0.000709804
0.000392739
4.25457e-05
4.26967e-05
4.04853e-05
0.000804332
0.000463562
5.08532e-05
0.000373086
0.000462395
0.000291771
5.19659e-06
1.61395e-06
2.75744e-06
4.98403e-06
0.000109407
0.000105138
0.000538543
0.000418884
0.00026322
0.000168905
0.000609213
0.000660771
0.000719468
0.000297594
0.000561958
0.000708018
0.000598642
0.000521604
0.000437413
6.31357e-05
0.000305853
0.000758574
0.000764343
0.000417745
0.000459366
4.32995e-06
2.20259e-05
0.000806974
0.00047976
0.000185957
0.000727243
0.000505383
0.000460469
0.00076239
0.000465466
0.000130993
2.56138e-05
1.78635e-05
5.5964e-06
0.000426584
0.000983312
0.000507029
0.000301847
0.000447477
0.000460525
0.000792644
0.000487105
0.000389101
0.000215587
0.000169154
0.000343557
0.000491702
0.00045618
0.000140226
0.000589329
7.84337e-05
0.0002398
0.000345055
0.000433541
0.000283507
0.000127176
0.000335876
9.70648e-05
0.000632332
0.000775394
0.000910301
0.000363334
0.000530447
0.000337628
0.00045171
0.00041209
0.000833684
0.000673764
0.000330893
0.000377562
0.000293105
0.000263102
0.000534684
0.000478055
0.000349913
7.9124e-05
0.000180071
0.000340811
0.000742286
0.000663124
0.000461463
0.000469334
0.000423513
5.53232e-05
0.000303038
0.00025919
0.000177869
0.000239735
0.000380678
8.01761e-05
0.00046621
0.000187669
0.000108187
9.386e-05
0.000140137
0.000346448
0.000735573
0.000450988
0.000447947
7.68556e-05
0.000262092
7.27204e-06
3.70511e-05
3.0953e-05
9.5275e-05
0.000194893
0.000310506
0.000110024
3.53268e-05
6.3212e-05
2.52233e-05
0.000273566
1.5933e-05
6.69398e-05
0.00018795
0.000585813
0.000819597
0.000205036
0.000726158
4.51552e-05
0.000520702
0.000716979
0.000224083
0.000900183
8.76328e-05
0.000339386
0.000623176
0.000285555
0.000147528
0.000106378
0.000751926
0.000147906
6.99524e-05
0.000275198
0.000524407
0.000239385
0.000350303
0.000149213
2.84492e-05
0.000157651
3.75487e-05
0.000130824
0.00034011
0.000703804
6.0174e-05
0.000379317
0.000437101
0.000390218
0.000253288
0.000299166
0.000183469
8.36544e-05
1.24332e-05
9.83836e-05
0.00018169
0.000452169
0.000219952
0.000370523
0.000302521
0.000374454
0.000450747
9.93743e-06
9.14711e-05
0.000834755
0.000665905
0.000315457
0.000207717
0.000172215
0.000174529
0.000293091
0.000386546
0.000380617
0.000188371
0.000338447
0.00033756
0.000424632
8.68326e-05
1.082e-05
2.60035e-05
0.000766004
0.000348945
0.000296896
0.000306057
0.000642062
0.000781756
0.00011154
6.0284e-05
0.000431676
0.000785976
0.000509844
0.000862298
0.000211281
0.000699736
0.000590612
0.000342507
4.69821e-05
2.32687e-05
0.000109009
0.000322874
0.000509878
0.000326013
0.000408823
0.000286995
0.000417038
0.00017852
0.00025592
8.17666e-05
0.000151298
0.000296062
0.0008131
0.000414623
6.46779e-05
6.17578e-06
0.000102203
0.000182251
0.000392177
0.00034078
6.84312e-05
0.000237445
9.80821e-05
0.00027566
0.000323359
0.000387384
0.000294703
0.000263101
4.35586e-05
0.000324601
0.000569986
0.000840158
0.000475699
0.000502377
1.05367e-05
0.000650096
5.09691e-05
0.000610541
0.000243793
0.000159562
0.000124547
4.07976e-05
0.000298702
9.83667e-05
3.77288e-05
4.12434e-06
1.02364e-07
1.24801e-05
3.34526e-05
0.000212875
0.000163673
0.000496161
0.000349919
0.000500655
0.000119015
0.000357294
0.000776595
0.000681791
0.000499659
0.000560243
0.000397823
0.000767353
4.55716e-05
2.93791e-05
1.74161e-06
0.000167471
0.000846861
0.000385803
0.000573504
0.000144389
0.000275793
0.000624857
0.000863616
0.000170669
0.000225885
0.000418447
0.000360445
0.000299897
9.41401e-05
4.26556e-05
0.000106108
6.5554e-05
0.000143041
0.000425387
0.00023825
7.83842e-05
0.000187835
2.68891e-05
0.000268577
0.000713402
0.000767181
0.000612139
7.28239e-05
0.000222548
0.000372977
0.000420513
0.000404749
9.50655e-05
0.000285012
0.000429427
0.000320608
0.000128594
6.38102e-05
0.000311018
0.000130943
4.59506e-05
0.000116382
0.000298155
0.000342736
0.000245454
3.13261e-05
2.78335e-06
1.27853e-05
0.000205333
0.000576145
0.000559412
0.000103478
0.00061209
0.000481188
5.3776e-05
5.76836e-05
6.4411e-05
7.22181e-05
0.000155529
0.000352582
1.76472e-05
0.000207877
9.51459e-05
0.000572983
0.000681806
0.000693011
0.000595341
0.000499136
0.000141992
0.000217556
0.000387722
8.00063e-05
9.12064e-05
0.000260349
0.000196537
6.55259e-05
0.000443273
0.000370232
0.000342664
0.00056804
0.000403688
6.298e-05
4.05113e-05
0.000454745
0.000290911
9.39437e-05
0.000587916
0.00077072
0.000622663
0.000231586
0.000279613
0.000223344
0.000469043
0.000646743
0.000296677
0.000598245
0.000264156
0.000225355
0.000407112
0.000258492
0.000806765
0.000353189
0.000193683
0.000516891
0.000261459
0.000307984
0.000523275
0.000410333
0.000480792
0.000214927
0.000212959
9.46364e-05
7.58258e-05
8.16317e-06
2.72048e-05
6.61086e-05
0.000156295
0.000460735
0.000561133
0.000330754
8.77111e-05
5.05025e-05
0.000109435
0.000194631
0.000309994
0.000140669
0.00013479
0.000401165
0.000384624
0.000299899
0.000432803
0.00064736
0.000586865
0.000993267
0.000183475
5.80553e-05
0.000184032
0.000299655
8.77235e-05
0.000104583
9.29258e-05
2.4596e-06
4.44531e-05
0.000155156
8.74231e-05
0.000368473
0.000685703
0.000506194
0.000936742
0.000489423
0.000152229
0.000272702
0.000371171
7.78569e-05
0.000343392
0.000357351
1.92386e-06
7.43609e-06
0.000419414
0.000470972
4.36143e-05
0.000147302
0.000285966
0.000131192
0.000593782
0.000466162
0.000303714
0.000604753
0.000103986
0.000154414
9.38961e-05
5.57373e-05
0.000176472
0.000331604
0.000228417
0.000672577
0.000513405
0.000639457
0.000548662
0.000624465
0.000436076
0.000359525
0.000357029
0.000304685
0.000522423
0.000505662
0.000605951
0.000533162
0.000369161
0.000264112
0.000660044
0.000171448
0.00023008
4.20402e-05
2.03698e-05
0.000741158
0.000408277
0.000520453
0.000484088
0.000326504
0.000674852
0.000132959
0.000391301
0.000398997
0.000345222
0.000189703
0.000142622
4.8105e-06
0.000174328
0.000319503
4.9938e-05
0.00020086
6.34592e-05
0.000142823
0.000100784
1.14364e-05
0.000142872
0.000121966
5.66195e-06
0.000102069
0.000118554
0.000357718
0.00010529
3.39265e-05
0.000241104
0.000514816
0.000280935
0.000537653
0.000172433
7.93375e-05
0.000290855
0.000368651
0.000432916
0.000511189
0.00062872
0.000140595
3.494e-06
9.90114e-05
0.000188437
0.000346718
0.000507764
0.000176491
0.00024752
0.000252685
0.000472633
1.88777e-05
0.000116472
0.000360957
0.000736056
0.000615538
0.000112846
0.000468461
0.000666275
0.000218677
0.000406232
0.000349709
0.000467922
0.000562729
9.08186e-05
0.000151995
0.000217958
0.000526819
0.000325936
0.000233921
8.19367e-07
1.71245e-05
0.000240268
0.000599896
1.91502e-05
6.55294e-05
9.67555e-05
0.000474397
0.000538201
0.000237338
8.11154e-05
6.11868e-05
0.000307698
0.000209168
0.000276207
0.00019776
0.000267168
4.37004e-06
3.38516e-05
0.000189163
0.000385652
0.000293618
0.000316726
0.000371231
0.000128627
0.000289058
0.000221892
0.00103228
0.000521114
0.000842431
0.000791818
0.000293204
0.000469878
8.26115e-05
0.000235279
0.00029565
0.000465475
0.00115275
0.000553784
0.000576637
0.000426946
0.000275859
0.000395268
0.000425632
0.000284661
0.000456301
0.000160217
0.000570201
0.000301947
4.57252e-05
0.000550559
0.000513028
0.000367312
0.000487847
0.000397526
0.000568672
0.0013439
0.00057601
3.65286e-05
0.000944024
0.000386415
0.000800965
0.000340022
0.000195729
0.00085017
0.000497482
0.000429599
0.000341274
0.000312705
0.000187279
9.67094e-05
0.000423629
0.000251437
2.94348e-05
6.92501e-05
0.000122884
2.31449e-05
1.13422e-05
1.33835e-05
3.78352e-06
7.69218e-05
0.000129323
0.000466777
7.95971e-05
0.000138516
0.000275772
0.000487692
0.000599292
0.000497214
0.000505792
0.000280036
5.29093e-05
0.000945453
0.000518166
0.000468189
0.000204871
2.15976e-05
0.000261592
2.99968e-05
3.43856e-05
0.000686891
0.000758306
0.000136342
0.00035783
0.000312983
0.000245836
0.000736013
0.000715495
0.000487788
0.000287929
0.000405037
0.000467987
0.000123358
0.000757093
0.000669242
0.000283768
0.000130227
2.32895e-05
0.000408209
0.000315675
0.000605724
0.000198171
0.000143519
0.000504498
0.000509702
0.000499475
0.00016074
0.000259646
0.00016131
0.000518528
0.000452333
0.00105834
0.000416547
0.000333712
0.000358244
0.000270464
0.000148919
0.000172762
0.00014707
2.94159e-05
4.71166e-05
0.000342903
0.00035315
1.8039e-06
0.000443451
0.000249249
0.000444231
0.000114817
6.57905e-05
0.000278871
0.000260172
0.000220327
0.000412624
0.000480296
0.000142559
0.000711997
0.000416904
0.000395219
0.000831616
0.000421434
0.000316954
0.000455131
0.000791688
0.000494607
0.000269228
0.000667227
0.000327997
0.000256478
0.000192585
0.0002923
0.000458676
0.000152865
0.000380986
0.000508822
0.000301667
0.000517253
4.36514e-05
0.000145033
0.000774828
0.000698595
0.000521926
9.80136e-05
2.44174e-05
2.09571e-05
0.000173268
3.64047e-05
0.000214289
0.000665109
4.96124e-05
5.37533e-05
8.5537e-05
0.000425841
0.000839742
0.000460935
1.98559e-05
7.8971e-05
0.000157315
0.000869267
0.000365848
0.000572396
9.05549e-05
0.000420791
0.000368521
0.00049251
0.000341213
0.00065057
0.000404329
0.000844651
0.000798042
0.00018161
0.000268386
5.21832e-05
0.000457595
0.000597146
0.000736036
0.000124463
0.000173086
0.000469742
0.00019425
0.000286339
0.000372169
0.000273449
0.000212351
0.000694139
0.000257696
9.67143e-05
8.08098e-05
0.000170695
9.34836e-05
0.000396724
0.000392655
0.000291395
0.000366891
0.000476321
0.000179308
0.00025055
0.000393829
0.000554669
0.000322216
0.000509061
0.000175575
0.000157126
0.000302773
0.000201562
0.000415216
0.000562484
6.35804e-05
0.000236087
1.7202e-05
0.000451075
0.000212472
1.9073e-05
8.89445e-05
0.000613761
0.00042675
8.75615e-05
6.89372e-05
0.000135327
0.000248133
0.000667328
0.000582001
0.00024829
0.000382246
0.000337392
0.000527394
0.000263609
0.000198853
0.000445266
0.00039712
0.00039867
0.00019709
0.000303191
0.000103829
5.59474e-05
0.000275765
0.000162975
0.000266223
0.000134377
0.000415317
0.000193962
0.000139758
0.000237269
0.000511752
0.000460759
0.000770126
0.000168945
5.65566e-05
6.30305e-05
0.000194431
0.000676445
0.000656143
0.000117881
0.000510381
0.000518162
0.00074995
0.000269592
0.000501502
0.000440427
0.000160529
0.000180603
0.00028081
0.000789808
0.000137563
0.00037898
0.000482336
0.000501358
0.000519451
0.000461898
0.000611796
0.000266179
0.000725871
0.0001413
0.000366447
0.000471601
0.000389146
0.00037558
0.000151137
5.65476e-05
6.26085e-05
2.69013e-05
0.000527437
0.000575314
0.000871336
0.000399459
0.000273813
0.000454902
0.000399691
0.000656664
0.000580719
0.000117174
4.47686e-05
0.000464376
2.00241e-05
0.000715616
0.000797812
0.00026156
0.000893503
0.000768793
9.74281e-05
2.42973e-05
6.51957e-05
0.000448074
4.42404e-05
0.000422582
3.56009e-05
4.22721e-05
0.000504537
0.000273073
0.000540481
0.00011677
0.000345589
0.000346183
0.000184246
0.000126464
0.000230566
0.000137404
0.000288653
0.000519374
0.000163269
9.20551e-05
0.000110369
0.000772136
0.000462619
0.000157118
0.000176763
0.00111575
0.000528159
0.000341024
0.0002721
0.000204456
0.000411543
0.000264932
0.000195932
0.000293691
0.000134301
0.000635496
0.00105149
0.000797791
0.00039735
0.000909933
0.000107477
0.000141644
0.00021494
0.000181462
0.00037205
0.000674929
0.000602936
5.64473e-05
2.57574e-05
0.000180318
0.000477414
0.000492592
0.000310129
0.00047106
0.000291947
0.000128988
1.51805e-05
0.000114547
0.000243289
0.000234289
0.000309688
0.000737763
0.000953366
0.00130824
0.00089834
0.000267709
0.000537143
0.000657879
0.00083749
0.000971397
0.000374024
0.000327435
8.44755e-05
0.00015666
0.000379534
0.000183078
0.000292211
0.000450004
0.000516182
0.000790727
0.000416362
0.000677824
0.000326144
0.000569242
0.00046092
0.000144071
0.000439276
0.000303686
0.000474415
0.000499612
0.000781673
0.000422603
0.000403966
0.00028497
0.000389817
0.000484821
0.000202525
9.21181e-05
0.000168257
0.000252688
0.000516936
0.000378847
0.000550007
3.65766e-05
0.000172887
0.000418978
0.000112064
0.00042678
0.000349002
0.000355582
0.000285412
0.000797094
0.000426737
0.00064805
0.000374093
0.000591931
0.000130693
1.35384e-05
0.00033628
0.000411987
0.000444517
0.000708291
0.000810786
0.000315776
0.000546669
0.000460937
0.000253139
0.000972535
0.000560121
0.000577954
0.000295245
4.10652e-05
0.000293334
5.42509e-05
2.87218e-05
0.000144774
3.13854e-05
0.000336208
0.000270954
0.000384827
0.000618512
0.000504827
0.000155358
0.000250696
0.00042173
0.00028044
0.000343772
0.000853512
0.00111883
0.000694247
0.000549328
0.000952909
0.000419758
0.000296393
0.00058736
0.000777162
0.000769263
0.00021416
0.000177564
0.000179436
0.000693771
0.000380639
0.000549188
0.00047565
0.00030149
0.000639883
0.000305912
0.000255292
0.000171699
4.3761e-07
8.36201e-05
9.42316e-05
0.000839592
0.000444135
0.000389243
0.000422465
0.00099622
0.000529215
0.000678964
0.00047107
0.000463901
0.000721738
0.000738446
0.000336971
7.63061e-05
0.00017852
0.000283413
1.73105e-05
0.000155561
0.000160298
1.67134e-05
5.07091e-05
0.000749155
0.00114212
0.000570348
8.74741e-05
0.000131557
5.71642e-05
0.000547581
0.000108673
4.64226e-05
0.000124672
7.11728e-05
0.000140821
0.000933365
0.000547645
0.000615511
0.000239112
0.000364014
0.000448821
0.000433934
0.000699943
0.000429948
0.000129756
0.000517786
0.000401012
1.26544e-05
2.53562e-06
3.61823e-05
0.000249312
0.00112176
0.000255427
0.000335978
7.92633e-05
0.000806123
0.00070122
0.000600679
0.00063532
0.000573745
0.00016176
0.00030864
0.000270687
0.000638845
0.000451617
0.000469588
0.000691693
0.000656371
0.000269807
0.000573841
0.000424616
0.000511025
3.22212e-05
0.0003564
0.00065235
0.000604099
0.000331575
0.000380216
0.000488047
0.000352222
0.000853905
0.000509444
5.12764e-05
4.46446e-05
0.000153547
0.000439904
0.000236833
2.37007e-05
0.000421753
0.000902541
0.000117465
0.000277083
0.000352
0.000368877
0.000714078
0.000394763
0.00112829
0.00019081
7.16673e-05
0.000206125
0.000101723
0.000413554
0.000423973
2.83716e-05
0.00062093
0.000434154
0.000577915
0.000215361
0.000532742
0.000158838
0.000337215
0.000200113
6.69785e-05
0.000275633
0.000412944
0.000276531
0.000707427
0.000586173
0.000520533
0.000331315
0.000413252
0.000438229
0.000437572
0.000541705
0.000458904
0.000262825
0.000668921
0.000749101
0.000971209
0.000761766
0.000149023
0.000364254
0.000393002
0.000898604
0.000423432
0.000403178
0.000450732
0.000426384
0.000384817
0.000169087
7.08317e-05
0.00064726
0.00061326
0.000159065
0.000466363
0.000151227
0.000233468
0.000444624
0.000148976
8.48787e-05
0.000173545
5.62305e-05
0.00029668
9.73353e-05
0.000121679
0.000532871
0.000291582
0.00090491
0.000424195
0.000636682
0.000281817
0.000353113
0.000274953
0.000300422
0.000345326
0.000587943
0.000563549
0.000618394
0.000794941
0.00030898
0.000293596
0.000501954
0.000147181
0.00029137
0.000238928
0.000250496
0.000567912
0.000255798
0.000443953
0.00065651
0.000406785
0.000426455
0.000416014
0.000363235
8.18102e-05
0.000364476
0.000244538
0.000324797
0.000571677
0.000481109
0.000135761
0.000781402
8.62044e-05
2.48247e-05
0.000458167
0.000148447
0.000541677
0.000578681
0.000128144
0.000781436
0.000203049
0.00016083
3.84804e-05
2.52118e-05
7.31768e-05
0.000101137
0.000249202
0.000362493
0.00050021
0.000596525
0.000450043
0.000251505
0.00041881
0.000294307
9.46201e-05
3.68187e-06
0.000220505
0.000112248
0.000361658
0.000241041
0.000667154
2.8776e-05
0.00031757
0.000342268
0.000604969
0.000207538
0.000624636
0.00107268
0.000534651
0.000310522
0.000664011
0.000180394
3.27506e-07
6.18577e-06
0.000240965
0.000733995
0.000224856
0.000397614
0.00010807
0.000135076
0.000225403
0.00030732
0.000144484
0.000133854
4.9565e-05
0.000841528
0.000253846
0.000286354
0.000179671
0.000122341
5.88404e-06
0.000330868
0.000667889
0.000560291
0.000514038
6.70868e-05
0.000313962
0.000147082
6.01331e-05
0.000104102
0.000463833
0.000227987
0.000199173
0.000220464
0.000815068
0.00115429
5.62982e-05
0.000401055
0.000473841
0.000421129
0.000585925
0.000660242
0.000880424
0.000431369
0.000422347
0.000101762
5.735e-05
5.2494e-05
8.46565e-05
0.000627768
0.000287544
0.000402862
0.000295234
0.000747613
0.000402621
0.00048668
0.000554737
0.000192857
5.9998e-05
0.000910043
0.000583206
0.000609939
0.000465951
0.000583315
0.000133924
0.000193372
0.000198292
2.12005e-05
0.000161205
0.000634969
1.40863e-05
5.21615e-05
0.000284703
0.000981387
0.000126502
4.15201e-06
0.000183519
0.000315309
0.000267805
0.000601568
0.000300846
0.000703532
0.000623495
0.00036694
0.000683215
9.80439e-05
0.000381309
0.000565926
0.000292744
9.29507e-05
0.000193836
0.000149911
0.000232703
0.000375359
0.000524875
6.93098e-05
2.49346e-05
0.000165
0.00018612
0.000614508
0.00107955
0.000684439
0.000217732
0.000533909
0.000256877
0.000476714
0.000425668
0.000349133
0.000756933
0.000176644
0.000452579
0.000411617
0.000359259
0.000469159
0.000764909
0.000208016
0.000376018
0.000179638
0.000184617
0.000912065
0.000118373
6.13265e-05
0.000222955
0.000513358
0.000709766
0.000124195
0.000472518
1.39803e-05
0.000433305
0.00066152
0.000834344
0.000747315
7.48401e-05
8.93668e-05
0.00053148
0.000435889
0.000101729
6.56909e-05
0.000114219
8.54197e-05
4.80299e-05
0.000117022
2.91091e-05
0.000296316
0.000546617
0.000589244
0.000186752
0.000766738
0.000166885
0.00048563
0.000543253
3.91341e-05
6.4762e-05
4.42942e-05
0.000253338
0.000554626
0.000454726
0.000506957
0.000270331
0.000182042
0.000539371
0.000740617
0.000109559
0.000321714
0.000669243
0.000591826
0.00041713
0.000483104
0.000941399
0.000473436
0.000116461
0.000591371
0.00027789
0.000400126
0.000177156
0.000388299
0.0006016
0.000541397
0.000242128
4.30076e-06
0.000554974
0.000444881
0.000134602
0.000416853
0.000466455
0.00014558
4.47397e-05
3.225e-05
1.76298e-06
8.92405e-05
8.83912e-05
2.61094e-05
0.000268605
0.000665773
0.000445534
0.000330411
0.000207581
0.000623743
0.000349248
0.000418025
0.000112868
0.000322735
0.000161965
0.000174773
0.000458013
0.000323772
0.000464969
0.000400875
0.000379871
0.000504001
6.30554e-05
0.000204151
0.000514623
0.000406667
0.000983763
0.000512876
0.000411608
0.000586197
0.000428496
0.000919811
0.000506325
0.000514029
0.000268917
0.000308909
0.000521833
0.000572761
0.000278161
0.000618818
2.64792e-05
0.000107942
0.00026874
0.000582458
0.00037935
7.28813e-05
0.000189428
5.49062e-05
0.00045931
0.000658322
0.000106338
7.45604e-05
0.000838995
0.000475744
0.000586436
0.000374148
0.000665048
0.000453124
0.00012162
1.57563e-05
0.000315191
3.77062e-05
0.000156673
0.00012899
0.000741002
0.000573014
0.000300814
0.000560827
0.00026317
0.000252424
0.000271961
0.000267398
0.000499662
9.37594e-05
0.000953146
0.000234368
3.07417e-05
1.18836e-05
7.43825e-05
0.000236495
5.3522e-05
0.000371055
3.72827e-05
0.000191922
6.60998e-05
1.54185e-05
0.000160416
0.000191865
8.85906e-05
0.000880931
0.000414446
0.000156963
0.000664676
0.000215268
3.41514e-05
5.12428e-05
0.000165935
6.90446e-05
0.000550428
0.000410815
5.51395e-05
1.55767e-05
8.32971e-05
0.000254035
0.000607024
0.000138213
0.000599912
0.000301927
0.000608684
0.000143929
0.000113315
0.000500714
0.000335161
0.000225377
0.000499833
0.000459374
0.000145181
6.93633e-06
1.53386e-06
1.56713e-06
0.000137684
1.30614e-05
0.000158035
5.91102e-05
0.000339084
0.000163808
0.000295703
0.000712279
0.000594663
7.45043e-06
0.000198425
0.000663033
7.37348e-05
0.000414156
0.00076947
0.000665697
0.000890051
0.000441783
0.000621864
0.000645634
0.000141669
7.31545e-05
0.000525464
0.000332254
0.000732318
0.000871802
0.000770529
3.33221e-05
0.000152394
0.000156958
0.000728278
0.000515685
0.000515598
5.75922e-05
0.00010965
0.000216354
0.000444377
0.000471016
8.43987e-05
0.000220753
4.2706e-05
0.000658226
0.000490829
0.00045718
0.000851248
0.000234038
0.000739566
0.000662774
0.000294159
0.000299343
8.21408e-05
0.000126721
0.000323829
7.9722e-06
0.000210213
0.000251661
0.00074671
0.000363382
0.000200467
0.000315173
9.9816e-05
8.46792e-05
0.000834852
0.000373344
0.000172865
4.53084e-05
2.95528e-05
1.88756e-05
0.000265013
0.000718977
0.000510733
0.000848724
0.000787927
0.000184271
0.000198783
9.5387e-05
5.00517e-05
7.792e-06
5.17893e-06
0.000204284
0.000289948
0.000942635
0.000331396
0.00023724
3.80855e-05
0.000140526
0.000102392
0.000481077
0.000317165
0.000768586
0.000261987
0.000317482
0.000228032
0.000525174
0.000361866
0.000543345
3.46401e-05
4.53144e-05
9.83521e-05
0.000286645
0.000167044
0.00048995
0.000377879
0.000206599
0.000726333
0.000449598
0.00062571
0.000361979
7.7143e-05
0.000322033
0.000401081
0.000483395
4.30351e-05
0.000705369
0.000600794
0.000729999
0.00038208
9.27604e-06
1.54966e-05
0.000425987
0.000329559
0.00041324
0.000212665
0.000404039
0.000819809
0.000180269
0.000565662
9.29598e-05
4.49498e-05
2.8133e-06
6.18881e-05
0.000772029
0.000614852
0.000483565
5.69407e-05
0.00018563
0.000112636
2.79808e-05
7.40938e-05
4.28654e-05
0.000302693
0.000321415
0.00037421
0.000469673
0.000371661
0.000659208
0.000302581
0.000847702
0.00052
0.000520121
0.000921891
0.000197758
0.00123874
0.000193433
2.56468e-05
0.000241202
0.000302657
0.000100615
2.95772e-05
0.000246818
8.78786e-05
0.000714209
0.000394708
0.000439513
0.00037891
0.00032247
0.000322235
0.000474777
0.000219227
0.000342702
0.00040869
3.232e-05
2.1388e-05
0.000168256
0.000864079
0.00029343
0.000469061
0.000826231
0.000415943
0.00052656
0.000456938
6.39095e-05
0.000111358
0.000314383
0.000335307
0.00011954
1.44633e-05
4.5848e-05
0.00038242
2.78712e-05
0.000160697
4.40829e-06
0.000143263
0.000113136
0.00030262
0.000176271
0.000193693
0.000432386
0.000209403
0.000352942
0.000763119
0.000241358
0.000318162
6.0688e-05
0.000148447
0.000142774
0.000368788
0.000436932
0.000320595
0.000233635
6.62145e-05
6.73767e-06
0.000166126
2.96899e-05
0.00023849
0.000139587
0.000138514
0.000491997
4.474e-05
0.000305976
0.000352401
0.000168078
4.18323e-05
0.000280002
0.000120081
6.8836e-05
4.92568e-05
0.000151178
4.50557e-05
5.02947e-05
0.000451478
0.000607947
0.000393132
0.000823241
0.000232441
0.000778247
8.95987e-06
4.02042e-05
0.000292927
0.000402777
0.000415113
0.000112424
0.000318148
0.000603605
0.000296105
0.000600268
3.81034e-05
0.000350627
0.00040619
0.00067424
0.000239798
0.000291827
0.00047473
0.000171254
0.000101401
7.96373e-05
0.000383775
0.000521423
0.000281187
0.000546737
3.33706e-05
0.000216026
0.000243763
0.000126196
0.000297383
0.000294274
6.38684e-05
0.000278413
0.000245431
0.0011106
0.000433769
0.00065698
0.000101555
0.000360625
0.000557738
0.000317629
0.000662198
0.000293848
0.00020143
0.000675047
0.000842001
0.000177146
0.000289488
0.000181731
0.000433281
0.000255933
0.000330558
0.000420806
0.000385558
0.000337301
0.000676129
0.000852174
0.00070979
0.0002212
6.36697e-05
0.000141911
0.000701026
0.00060972
0.000500605
0.000466546
0.000563761
0.000427381
0.000610807
0.000451262
0.000604179
0.00037856
1.04935e-05
0.000161677
7.07922e-05
0.000200241
0.000569945
0.000442104
0.000510595
0.00043425
0.000329272
0.000377675
0.000384257
0.000271361
0.000544097
7.32318e-05
7.4689e-05
0.000353308
0.00104802
0.000811021
0.00107219
0.000553595
0.000709893
0.000385943
0.000359701
0.000363903
0.000775067
0.000149136
5.22954e-05
0.000235235
0.000120769
0.000195333
0.000199022
5.79269e-05
5.40275e-05
0.000128558
0.000174103
0.000246654
0.00038499
0.000521722
0.000530379
0.000554052
7.31585e-05
0.000220821
1.20739e-05
2.48825e-05
0.000147918
0.000253305
0.000598893
0.000501081
9.77141e-05
0.000149589
0.000294799
0.000346872
0.000720219
0.000770613
0.000552333
0.000649889
8.29455e-05
0.000129143
0.0001699
0.000455789
0.000335788
4.1389e-05
0.000323979
0.000582686
0.000706119
0.00083148
0.000493406
0.000776322
0.000836256
0.000352806
0.000290493
0.000276408
5.67669e-05
4.20097e-06
0.000207182
0.000176642
0.000615625
0.000592384
0.000377161
0.000471982
4.82841e-05
0.000630163
0.0005335
0.000396131
0.000379918
0.00043204
0.000728894
0.000663401
0.00043087
8.80235e-05
0.000146528
0.000213759
0.000471103
0.000392124
0.000481521
0.000254914
0.000129889
6.16827e-05
0.000595376
0.000207412
0.000610341
0.000430492
0.000440542
0.000748003
0.000688383
0.000660836
0.000784588
0.000362705
0.00022528
0.000433372
0.000253776
0.000447421
0.000720252
0.000565128
0.000801626
0.000246598
0.000334632
0.000468646
0.000141991
0.000239156
0.000857676
5.50178e-05
0.000323199
0.000682551
0.000683271
0.000827784
0.000681471
0.00081309
0.000513686
0.00064857
0.000525122
0.000223481
0.000758256
0.000235825
5.78362e-06
0.000663971
0.000199304
0.000870618
1.73679e-05
4.18108e-05
0.000105488
7.70704e-05
0.000557428
0.000467454
0.000481024
0.000239068
0.00041643
3.88388e-05
0.000231489
0.000395296
0.000426511
0.000482712
0.000361842
0.000418616
0.000194698
0.000307644
0.000281847
0.000447801
0.000680623
0.000377649
0.000346847
0.000123822
0.000173242
0.000403414
0.000465374
0.000262112
7.99862e-05
7.86388e-05
0.000957611
0.00014864
0.000676986
0.000421806
9.00844e-05
0.000302662
0.000919143
0.000491812
0.000299977
5.85814e-05
0.000125362
6.49508e-05
0.000543664
0.000511303
0.000374199
0.000735273
0.000200436
0.000895766
8.16951e-05
6.18934e-05
0.000375967
0.000115435
5.96428e-05
6.08565e-07
0.000441132
8.02077e-05
0.000589044
0.000381201
0.000674709
0.000364667
0.000360339
0.000148681
0.000498108
0.000676534
0.000720618
0.00060894
0.000402068
0.000116972
0.000428782
0.000250792
0.000465915
8.34684e-05
9.57686e-06
5.59523e-07
0.00019201
0.000379668
0.000572271
0.000341048
0.000728474
0.000388827
0.000921499
0.000260911
0.000112724
0.000456599
0.000503948
0.00074544
0.000452486
0.000190763
0.000431966
0.000475579
0.000265577
0.000222023
0.000407368
0.000541425
0.000640423
0.0001089
0.000458308
0.00033693
0.00033272
0.000462832
0.00011477
8.21635e-05
0.00018897
0.000435016
1.61518e-05
2.88016e-05
2.22855e-05
0.000279271
0.000262559
0.000574576
0.000396061
0.000685267
0.000513703
5.26443e-05
8.88254e-05
9.2009e-05
0.000813835
0.000190648
0.000129781
0.000446592
0.00017123
2.90659e-05
0.000432077
0.000368289
0.000371037
0.000344582
0.00019456
0.00107455
0.000916842
0.000856417
0.000461044
0.000171312
0.000306368
0.000394862
0.00059541
5.78295e-06
0.000171066
0.000625524
0.000150353
0.000171518
0.00037926
5.12379e-05
4.15796e-05
0.000438753
5.84293e-05
0.000333116
0.000316438
0.000123963
6.75975e-06
5.32292e-06
1.44945e-05
0.000120693
4.66477e-05
0.000487824
0.000412545
0.00062133
0.000708001
0.000339776
7.9262e-05
0.000752793
0.000250064
0.000519625
0.00037834
6.85849e-05
2.53794e-05
6.63368e-05
1.94581e-06
0.00013551
0.000588007
5.89928e-05
1.79642e-05
5.03926e-05
0.00027993
0.000127681
3.85674e-05
0.000554514
0.000423883
0.000346704
0.000637165
0.000615551
0.000410707
5.17486e-05
0.000857381
0.0011411
0.000206803
0.0011342
0.000609124
0.00040179
0.00058132
0.000424712
0.000465786
0.000339664
0.000157248
0.000249083
0.000175089
0.000753622
0.000502792
0.000353584
0.000420257
0.000200678
0.000809874
0.000284908
0.000348914
0.000283894
0.000403854
0.000153468
0.000492487
0.000244191
0.0003723
0.000163588
2.15484e-05
0.000650227
0.000426214
0.000651515
0.000526804
0.000625655
0.000463502
0.000871358
0.000567889
3.25909e-05
0.000526911
0.000526162
0.000397467
0.000226456
0.000148197
0.000328958
0.000211236
0.000403808
0.000154542
0.000423167
0.000626084
0.000697263
0.000741139
0.000620783
0.000659896
0.000207397
0.000226503
0.000315537
0.000167481
0.00033331
0.0004657
3.16428e-05
7.76074e-05
2.23951e-05
7.01042e-05
0.00026758
0.000271125
7.43015e-05
3.21556e-05
0.000180577
0.000609996
5.86e-05
0.00016948
0.000119732
3.13802e-05
1.64117e-06
5.16138e-05
3.58552e-06
0.000257152
5.64201e-05
0.000214927
0.000221248
1.29968e-05
7.61848e-05
0.000424754
0.000640455
0.000151408
9.10366e-05
0.000745189
0.000401273
0.000290135
0.000484602
0.00027034
0.000331514
8.36365e-06
0.000297869
4.7943e-06
0.000277926
0.000731719
0.000106243
0.000151381
8.48943e-05
0.00019181
0.000263372
0.000382274
0.000214564
0.000232461
0.000319402
0.000208284
0.000297299
0.00043947
0.000408217
0.000523713
0.000187243
0.000152669
0.00077942
0.000686099
0.000599814
0.000783294
0.000477319
0.000299587
0.000287752
0.000756504
0.000881049
0.000774858
0.000244882
0.00030479
0.000100602
0.000157229
0.00113003
0.00053905
0.000416392
0.000465834
0.000258135
0.000169024
0.000494593
0.000658014
0.000276069
0.000159512
0.000196688
0.000322318
0.000455109
0.000316032
0.000133355
0.000139895
0.00021524
0.000567119
0.00042467
0.000228006
0.000346368
0.00013567
0.000747127
6.46201e-05
0.000285611
0.000517502
2.53868e-06
0.000303506
6.95957e-05
0.000386885
0.00057123
0.000649659
0.000563596
0.000353613
0.000470992
0.000370679
4.32341e-05
0.000134194
0.000960546
3.04856e-05
0.000107825
0.000133401
0.000722431
0.00023191
0.000660568
0.000659138
0.000115492
9.79395e-05
0.000248285
0.000200027
9.16691e-05
0.000212125
3.08093e-05
2.67665e-05
0.000506265
0.000632738
0.000341545
0.000306947
0.000688372
5.09283e-05
0.000204284
0.000401969
0.00040655
0.000466869
0.000166472
0.000367878
0.000196594
0.000165656
0.0005272
0.000748279
0.00024341
0.000594089
0.000259489
0.000465276
0.000104512
0.000658205
0.000389494
0.000406189
0.000452222
0.000800133
0.000336812
0.000911367
0.000763599
0.00040491
0.000488823
0.000324799
0.00054503
0.000557111
7.65274e-05
0.000372967
0.000193006
3.53509e-05
0.000133289
7.8562e-05
0.000105902
0.000880337
0.000377367
0.00027769
0.000262144
0.000367565
0.000373068
0.000563949
0.000174064
0.000123035
6.43737e-05
6.58009e-05
0.000466959
0.000972238
0.000270758
0.000162794
0.000111196
0.00032934
1.88838e-05
8.93906e-05
0.000665192
0.000203166
0.000289429
0.000380283
3.20572e-05
0.000162274
5.97e-05
0.000624635
0.000589899
0.000125923
0.000123844
0.000164055
6.02519e-05
0.000111811
0.000790708
0.000876226
2.42508e-05
3.53329e-05
0.000181915
0.000448646
0.000571225
0.000220044
0.000842227
0.000135746
0.000151403
0.000680329
0.000519417
0.00059457
0.00057224
0.000545453
0.000234717
4.32373e-05
1.03762e-05
0.000485436
0.000966466
0.000225731
0.000494491
0.000604958
0.000744452
0.000797143
0.00053305
0.00010463
0.000146083
0.000577583
0.000313052
0.000680371
0.000400896
4.64638e-05
3.81076e-06
4.36662e-05
0.000323174
0.000116761
0.000108503
0.000223834
0.000231831
0.000334693
0.000691704
4.74784e-06
0.000149348
0.000495611
0.000644831
0.000644802
0.000292393
0.000186579
0.000141797
0.000134013
2.57093e-05
0.000611707
0.000491422
0.000553066
0.000587918
0.000522428
8.43561e-06
0.000865269
0.000487967
0.000305355
0.000324135
0.000103296
0.00060347
0.000159239
0.000637351
0.000668889
0.000865321
5.40601e-05
0.000213221
0.000249352
0.000355069
8.57866e-05
0.00029142
0.000343056
0.000609133
0.000280362
0.000114604
0.000699576
0.000130698
0.000411847
0.000294667
8.483e-05
0.000336146
5.56378e-05
2.38768e-05
0.000352156
0.000393791
0.000547652
0.000381505
0.000591551
0.00074523
0.000528073
0.000593114
0.000128176
0.000728557
0.000483862
0.000375575
0.000551259
7.73603e-05
0.000419231
0.000341897
0.000692983
0.000246092
0.000271181
0.0006212
0.000953202
0.000240723
0.000159674
3.21478e-06
2.81117e-05
0.000370179
0.000326586
0.000661956
0.000163472
0.000128609
0.000157778
0.000432084
0.000277456
0.000312415
0.000154811
8.74424e-05
0.000453764
0.000326901
0.000192197
0.000531432
0.000239373
0.000399969
0.000488356
6.81425e-05
0.000495848
8.89936e-05
0.00104724
2.04322e-05
2.5772e-05
1.30652e-05
0.000344254
7.45026e-05
0.000566041
0.00034588
0.000878005
0.000202645
0.000588638
0.000254495
4.1656e-05
0.000114121
2.25855e-06
4.56602e-05
1.17085e-05
9.91907e-06
7.30782e-05
0.00041502
0.000347085
0.000231846
0.000447472
7.90102e-05
7.09466e-05
8.23431e-05
0.000520836
0.000100815
0.000111503
0.000559881
0.0003409
0.000319492
0.000157874
0.000101912
0.000135558
0.000124977
0.000355647
0.000473212
0.000248806
0.00063095
0.000520933
0.000355875
0.000248759
0.000172727
0.000231469
0.000316367
0.000334603
0.00063102
0.000539588
0.000125665
6.1068e-05
0.000405625
0.000140737
0.000166068
0.000226721
0.000193861
0.000193248
0.000214876
0.000677668
0.000529461
0.000252743
0.000182322
0.00041614
0.000278188
0.00020265
0.000628302
0.000451701
0.000274002
0.000105521
8.12568e-05
9.25561e-06
4.04012e-05
0.000477016
0.000262468
0.000181258
0.000393879
2.04993e-05
8.93683e-06
2.04658e-05
0.000242582
0.00047012
0.000294178
0.000396703
0.00058316
0.000286082
3.3859e-05
0.000483208
8.67001e-05
0.000515256
0.000578783
0.000799658
0.000249676
0.00086708
0.000573576
0.000612473
0.000302148
0.000123783
0.00048354
0.000445116
0.000744826
0.000751088
0.000212112
0.000542192
5.5096e-05
5.07546e-05
0.000155768
0.000760221
0.00035554
0.000153434
7.85781e-05
0.000171298
0.000253346
2.28503e-05
0.000730909
0.000114683
9.16767e-05
0.000136933
0.000199954
0.000263472
0.000867162
0.000555493
0.000417628
0.000497137
0.000894656
0.000259254
0.000674386
5.77773e-05
0.000255884
0.000793925
0.000101053
0.000667393
0.000468717
0.000189092
0.000714141
8.2573e-05
0.000475085
0.000313476
0.000184177
0.000476538
0.000556972
0.00092194
0.000477802
0.000857534
0.000362908
0.000190902
0.000614713
0.000187538
0.000429111
0.000335929
0.000245956
8.9646e-05
0.000138005
8.71295e-05
0.000111682
0.000226421
0.000157255
0.000152892
0.000428301
0.000562863
0.000590709
0.000523401
0.000126601
0.00023533
1.08351e-05
0.00018158
0.000428174
0.000349071
0.000618781
0.000472852
0.000426206
0.000754536
0.000788049
0.000884623
0.000435947
0.000781167
0.000127144
0.000245399
0.000240956
7.76437e-05
3.54373e-05
0.000198836
0.000176176
0.000199057
0.000434145
0.000269223
0.000496601
0.000721776
0.000203166
0.000533079
0.000917644
0.000226671
0.000113048
0.000357302
0.000579732
0.000508965
0.000271516
0.000485066
0.000792859
0.000658329
0.000230339
0.000256097
6.86842e-05
2.16312e-05
5.59451e-06
0.000993068
0.000568562
0.000588013
0.000192738
0.000357094
0.000372611
0.00033591
0.000671287
0.000122079
0.000137171
0.000196444
0.000270516
0.000473738
2.07899e-05
1.03755e-05
0.000570093
8.91236e-05
0.000928654
0.000518719
0.000607691
0.000119529
0.00047501
0.000537469
0.000406285
0.000697233
0.000859219
0.000765359
0.000354477
0.000596194
0.000232352
0.000423507
0.000929247
0.000281321
0.000400344
6.97169e-05
0.000243736
0.000578805
0.000414641
0.00112227
0.000998363
0.000518696
0.000582947
0.000204079
0.000180388
0.000676053
5.84716e-06
0.000107247
0.000120299
0.00022598
0.000301764
9.6547e-06
7.12224e-05
6.52238e-05
0.000389422
4.70994e-05
0.000509251
0.000403795
0.00104779
0.000487266
0.000188519
0.000474577
0.000533024
0.000559836
0.00030925
0.000422976
0.000282008
0.000923175
0.000584832
0.000540936
0.0007341
0.00108146
0.000320282
0.000121569
2.56071e-05
1.75487e-05
0.000286813
0.000130789
0.000460656
0.000145225
0.000123489
0.000118292
0.000757091
0.000627189
0.000265368
0.000469279
0.000499006
0.000424397
0.000250154
7.47711e-05
0.00027987
0.000135334
0.000145463
0.000205516
0.000203078
3.02784e-05
6.20644e-06
0.000385974
0.000127973
0.00056574
0.000945007
0.000443832
0.000734515
0.000272478
0.000468683
0.000591943
0.000512582
0.000206155
0.000100775
0.000201987
0.00066876
0.000203607
0.0001602
0.000131726
0.000270339
0.000410713
3.79164e-05
0.000382172
0.000104769
0.000107652
0.000353271
0.000477753
0.000935175
0.00040607
0.000373312
0.000277648
0.000274164
0.000560883
7.51025e-05
0.000264534
2.35898e-05
4.73127e-06
0.000484511
0.000344557
0.000922263
0.000833505
5.28177e-05
0.00047527
0.00014478
0.00098417
0.000708583
0.000261492
3.55084e-05
5.79491e-05
0.000444555
0.000539652
0.000715977
0.000236731
0.000246349
0.00048901
0.00036121
0.000106794
0.000244629
0.000132371
0.000171882
0.000176901
0.000117623
0.000199235
0.000427416
0.000809812
0.000430888
0.000491468
0.000410096
0.000350198
0.000405887
0.000513011
0.000616254
0.000276764
0.000120292
0.00012083
0.000401547
0.000629978
0.000108952
0.000214313
0.000696811
0.000498539
0.000235429
0.000437606
0.000304182
0.000174032
0.000202268
0.000272843
0.000742205
0.000764369
0.000269379
0.000527581
0.000672795
0.000284091
0.000927273
4.00139e-05
0.000173157
0.000284402
0.000297593
1.51997e-05
0.000363056
0.000599482
0.000551233
0.000316732
0.000746545
0.000567751
0.000681287
9.39968e-05
0.000635637
0.000383238
0.000102522
0.000215347
0.000345841
0.000135229
2.88597e-05
0.000239701
0.000302475
0.000573567
0.000498651
0.000386389
0.000609652
0.000996868
0.0005563
6.22078e-05
0.000231334
0.000181833
9.61832e-06
0.000977123
0.000646522
0.00027938
6.67146e-05
0.000176655
0.000540284
0.000474666
0.000617754
0.000867882
0.000155408
0.000143871
0.000438226
7.26717e-05
0.000135615
0.000372818
0.000300569
6.55153e-05
0.000204213
0.000445715
0.000401341
0.000472342
0.000228606
3.21332e-05
0.000191147
0.000163763
0.000311188
0.000122272
9.31395e-05
1.08032e-05
0.000104855
0.00042266
0.000409136
0.000497373
0.000585523
0.000663862
0.000496872
2.85563e-05
1.94191e-05
0.000118889
9.36209e-05
0.000115456
3.2797e-05
0.000226744
0.000382809
0.00108831
0.000596023
0.000611355
0.000318746
0.000347546
0.000229004
0.000283871
0.000337919
5.47158e-05
0.000357926
0.000329669
0.000215723
0.000472536
0.000468614
0.000549429
0.000581741
0.000204201
0.000319005
0.00026673
0.000288923
0.000344797
0.000177725
2.46296e-05
0.000159325
0.00060935
0.000812594
0.000677156
0.000639881
0.000849856
0.000181587
0.000157562
0.000464329
0.000423873
9.01867e-05
4.02374e-05
0.000209058
3.6231e-05
9.35894e-05
0.000307431
0.000237484
0.000334249
0.000552496
0.000470197
0.000454972
0.000361602
0.000273475
0.000573372
0.000517001
0.00050997
0.000606649
0.000377023
0.00058967
0.000296135
0.000314095
7.91605e-05
2.81217e-06
4.0437e-05
0.000208274
0.000222667
6.70225e-05
5.11089e-05
0.000353545
0.000221444
8.81772e-05
0.000444646
9.08156e-05
0.000159742
0.000346754
0.000391044
0.000273392
3.84002e-05
6.44326e-05
7.96931e-05
0.000668591
0.000485783
0.000153379
0.000261741
0.000459034
0.000528693
0.000385156
0.000613323
0.000386269
0.000379733
0.000286783
0.000590406
5.02706e-05
0.000110495
0.000102819
8.1146e-05
0.000571237
0.000547346
0.000215414
0.000100299
0.000304578
0.00100151
0.000771647
0.000317919
0.000160409
0.000485369
0.000132996
5.50022e-05
0.000372275
0.000346934
0.000314219
0.00069964
0.000677681
0.000514881
0.000498907
0.000493092
4.96788e-05
5.48148e-05
5.08424e-05
0.000276009
0.000116136
0.00113667
0.000424862
0.000794945
0.000183667
0.000529831
0.000944632
0.000237704
9.37609e-05
4.47616e-05
0.000443638
0.000622528
0.000574962
0.000831915
0.000177858
0.000466078
6.62758e-05
2.81437e-05
0.000108379
0.00047683
0.000323997
0.00043848
0.000254856
0.000587013
0.000481987
0.000113684
0.000330216
0.000174335
0.000843797
0.000863086
0.000346813
0.000376713
0.000434131
0.000431016
9.68548e-05
2.77749e-05
3.93996e-05
0.000337979
0.000203756
0.000401259
0.00029786
0.000430098
0.000397424
0.000110174
0.000337506
0.000471997
4.90952e-05
4.29945e-05
0.000971364
0.000689728
0.000616073
0.000466246
0.000298165
0.000783818
0.000352366
0.000579261
0.000649324
0.000607872
0.000556172
0.000386143
0.00044427
0.000245588
0.000340592
0.000652932
0.000376315
0.000219979
0.000218763
0.000613036
0.000389792
0.000266297
0.000249208
0.000142881
4.67459e-05
3.3644e-05
8.1119e-05
0.000567289
0.000250982
0.000288793
0.000770656
0.000500722
3.00916e-05
0.00014276
0.000383848
0.00111716
0.000412748
0.000448728
0.000887891
0.000152473
0.000284864
0.000476401
0.000618733
0.000594937
0.000282456
0.000419331
0.000285594
4.68681e-05
0.000344971
0.000277395
0.000266362
0.000347322
6.86037e-05
0.000811927
0.00112129
0.000186464
6.45658e-06
0.000191519
0.000191019
0.000322471
0.000263962
0.000118645
0.000709621
0.000108907
0.00049029
0.00056281
0.000555047
4.03139e-05
0.000507621
0.000675454
0.000242616
0.000553932
0.00031438
0.000344446
0.000599892
0.000649607
0.000352696
0.000129669
0.000163865
0.000341021
0.000559945
0.000545463
0.000156906
0.00072051
0.000773065
0.00027757
0.000463188
0.000679608
0.000693645
0.000739098
0.000300608
0.00041637
0.000344063
0.000178531
0.000414397
3.82025e-06
0.000138244
6.59418e-05
0.000789236
0.000444832
0.000353477
0.000252225
0.000459237
0.000711279
0.000762566
0.000380173
4.19271e-05
0.00031163
0.000465223
0.000595095
0.00029405
8.75676e-05
0.000143587
0.000373513
0.000287814
0.000344976
0.000541411
0.000405019
0.000412951
2.00106e-05
2.55569e-05
0.000192203
9.98907e-05
2.79065e-05
9.69837e-05
5.31838e-05
0.000101245
0.000218783
0.000423313
0.000221537
0.000606362
0.000650701
7.93661e-05
0.000471906
0.000314018
0.000808455
0.000372979
0.000369083
0.000669752
0.000244201
0.000535745
0.000336933
0.000235872
0.000752765
0.000309033
0.000369096
0.000402023
0.000535778
0.000286756
0.00020111
0.00066314
0.000274075
0.000315372
0.000258268
0.000582504
0.000188756
2.32801e-05
8.17358e-05
0.000499878
0.000469498
0.000333596
0.000230861
0.000194581
0.000344398
0.000898444
0.00019738
0.000302883
6.51253e-05
2.75817e-05
0.000405503
8.52906e-05
7.30067e-05
0.000132652
0.000102637
0.000445638
0.000251518
8.92931e-05
0.000107048
0.000657151
0.000258977
0.000266778
0.000168985
0.00045695
0.000498404
0.00074572
0.000114904
0.000154415
0.000280934
0.000213285
0.000459496
0.000281691
0.00015655
0.000341353
0.000284731
0.00057243
0.00107884
0.000708978
0.000691812
0.000376363
0.000329185
0.00018858
0.000527267
0.000426287
0.000424556
6.35877e-05
8.72214e-05
0.000540289
0.000129857
0.000138388
0.000105235
0.000106376
0.000116644
0.000202517
0.000365543
0.000423766
0.000116031
0.000498684
4.37281e-05
8.02699e-05
0.000253183
0.000356305
0.000479456
0.00047531
0.000468782
0.000695325
0.000464141
0.000113496
0.000410789
0.000523736
3.00828e-05
3.5764e-05
5.30957e-05
0.000477973
0.000187391
0.000310671
0.000684562
0.000138799
0.000826391
8.1803e-06
0.00013173
0.000138572
0.00062538
0.000574267
0.000420451
3.42546e-05
2.1907e-06
0.000258055
0.000335552
0.000402973
7.35346e-05
0.000112542
0.0002477
8.79795e-05
5.6019e-05
0.000419068
7.17575e-05
5.73663e-05
3.47822e-05
0.000283203
0.000498539
0.00064622
0.000593907
0.000433585
0.000601395
0.000737751
0.000420837
0.000251225
0.000319403
0.000265559
1.22039e-05
6.41526e-05
0.000197529
0.000158878
0.000473795
0.000410333
0.000400469
0.000434104
0.000453137
0.000458013
0.000300285
0.000285092
0.000363605
0.000350187
0.000779527
0.00042898
0.000467786
0.00084962
0.000320203
8.81063e-05
0.000460903
0.000563234
0.000803677
0.000331061
0.000456625
0.000352173
0.000178011
0.000706326
0.00021629
2.00366e-05
0.000690169
0.000575988
0.00071496
0.000603921
0.000686353
0.000401594
0.000609972
6.43764e-05
7.58105e-05
5.71356e-05
0.000167358
0.000218133
0.000490756
0.000508747
2.85076e-06
0.000495571
0.00059778
0.00081608
0.000317122
0.000423194
9.65411e-05
5.13364e-05
0.000273966
3.20199e-05
0.000136285
0.000548064
0.000621129
1.00366e-05
0.00026179
0.000491835
0.000103523
0.00021083
9.03792e-05
7.55657e-05
1.54599e-05
8.49949e-05
0.000138931
0.000225789
0.000487064
0.000317111
0.000456914
0.000346054
0.000523323
0.000244176
0.000210274
0.000284981
0.000692628
0.000386691
0.000635346
3.69175e-05
4.5224e-05
4.04467e-05
0.000103468
0.0001831
0.000144816
7.96354e-05
0.000506686
0.000326748
0.000201613
0.000103294
0.00016192
0.00033475
0.000978297
0.000500706
0.000576316
0.000387811
0.000594669
0.00068342
0.000477897
0.000217642
0.000249675
0.000438414
0.000147793
0.000140574
0.000471711
0.000362439
0.000121426
0.000550503
0.000336653
0.000583004
0.000324212
7.77877e-05
0.000925302
0.000445183
0.000812995
7.8731e-05
2.33554e-05
4.67332e-05
0.000189768
7.67706e-05
0.000431638
0.000278542
0.000457028
0.000497608
0.000301408
0.000109553
0.000452444
0.000460522
0.000403872
0.000658459
0.000467627
0.000252774
0.000323876
0.000185884
4.33621e-05
0.000626527
0.000836588
0.000614124
0.000376199
0.000694306
0.000377256
0.000431962
0.000228493
0.000350387
0.000324097
0.000558188
0.000704401
0.000715662
0.000303721
0.000370263
2.82817e-05
0.000155304
0.000756598
0.00101276
4.44999e-05
0.000390549
0.000465511
0.000210839
0.00038114
0.000784507
0.000369769
0.000128536
4.85877e-05
0.000216099
0.000542877
0.000334953
0.000636188
0.000444868
0.000114365
6.94166e-05
0.000254854
0.000273364
4.9652e-05
0.000156645
0.000231417
0.000344107
0.000361217
0.00064369
0.00102453
4.2863e-05
0.000454109
3.44515e-05
0.000275745
6.70141e-05
0.000297629
0.000141848
0.000383165
0.000598643
0.000438327
6.62371e-05
6.61641e-05
1.23476e-06
0.000101185
0.000177412
8.96434e-06
0.000282521
0.000189228
6.54552e-05
0.000212295
0.000465853
0.000299438
0.00048189
0.000491646
0.000289114
0.000434916
0.000385879
3.8828e-05
4.75537e-05
0.000615809
0.000712094
0.000567963
0.000476661
0.000222961
0.000519563
0.000224735
7.6509e-05
0.000384875
0.000305644
0.000395221
0.000210575
4.41225e-05
0.000163788
0.00012181
0.00028613
0.000191213
0.000942644
0.000623296
0.000505831
0.000358647
0.000182767
3.83835e-05
0.000941815
0.000764761
0.000241332
0.000162655
0.000189576
0.000118053
2.05466e-05
0.000377283
0.000495123
0.000155067
0.000129325
0.000435469
0.000562454
0.000586133
0.000487787
0.000167945
0.000231141
0.000343634
0.000477773
0.000590467
0.000240089
0.00029972
0.000472471
0.000391046
0.000562053
0.00012354
0.000262439
1.95553e-05
0.00107702
0.000794625
0.000733866
0.00078258
0.000376473
0.000325335
0.000192384
0.00031656
0.000590359
9.95022e-05
8.01984e-05
0.000269514
0.000244363
5.90061e-05
3.24747e-05
0.000190001
0.000286607
0.000383334
0.000413739
0.000592278
1.69303e-05
1.70748e-05
2.46686e-05
4.40727e-06
0.000185317
0.000348913
0.000678844
0.000599535
0.000423235
0.000472372
0.000394321
0.000239741
0.000576878
0.00019761
0.000285959
0.000176635
0.000262118
0.00092635
0.000917581
0.00137092
0.000600643
0.000289592
0.000559184
0.000282384
0.000472721
0.00064867
0.000393602
0.000776617
0.000580065
0.000316706
0.000297384
0.000700004
0.00037567
0.000713747
0.000203963
0.000486321
7.16296e-05
1.26052e-05
6.48285e-05
7.61311e-05
0.000628287
0.000731854
0.000516182
0.000418407
0.000193888
0.000146293
0.000373856
0.000291188
0.000220114
0.000238321
0.000172075
0.000244131
0.0001694
0.000380503
0.000161529
0.000606397
0.000416662
0.000178585
0.00050728
0.000213112
2.4677e-05
0.000169329
0.000397175
0.000147684
0.000273226
0.000249932
0.000700553
0.000820418
0.000826174
0.000310872
0.000684161
0.000315777
0.000145856
0.000329245
0.000234698
0.00035176
0.000339553
0.000257291
0.00030382
4.49307e-05
0.000202961
0.000696062
0.000616053
4.44916e-05
1.69454e-05
8.45234e-05
0.000963917
0.00087159
0.000110988
0.000525665
7.78588e-05
0.000737243
0.000222469
0.000414765
0.000874425
0.000553614
0.000458413
0.000155872
0.000264718
0.000425625
0.000169476
0.000442229
0.000314849
7.96276e-05
0.000336454
0.000409702
0.000719264
0.000502626
0.000261909
0.000186013
0.000381982
0.000514658
0.000119675
6.95632e-05
0.000412216
0.000450979
0.000134843
5.05437e-05
0.000340356
0.000126093
0.000187407
0.000412654
0.00071402
0.000327191
0.000662014
0.000643691
0.000534899
0.000826949
0.00030512
0.000686344
0.00023433
0.000315794
0.000867348
0.000361975
0.000405815
0.000220131
7.397e-05
9.43518e-05
0.000654411
0.000856358
0.000513354
0.000230545
0.000347963
0.000511917
0.000326086
0.000821247
0.000630433
0.000401042
0.000419105
0.000431775
0.000397649
0.000320345
0.00020855
0.000507531
0.000254434
8.24689e-05
4.07123e-05
0.000388148
0.000357396
0.000265687
0.000121196
0.00057802
0.000335485
0.000853061
0.000674052
8.63567e-05
0.00036328
0.000266231
0.00014606
9.29334e-05
0.000554641
0.0010284
0.000561504
0.000502432
0.000777633
0.000260183
0.000703599
0.000388492
0.000298369
0.000127091
0.000223989
0.000532749
0.000776775
0.000348619
0.000407719
0.000145237
0.000630084
0.000370579
3.04745e-06
6.06292e-05
0.000198828
4.2382e-05
0.000148378
0.000100466
5.89151e-05
7.04876e-05
5.35161e-05
0.000169334
0.000180189
0.000109315
0.000160896
0.000114581
0.000110415
0.00027183
4.46911e-05
0.00083679
0.000571803
0.00033474
0.000593939
4.99913e-05
0.000142029
0.000799773
0.000253803
0.000253731
0.000489388
0.000483876
0.000510207
0.000602665
0.000130116
0.000263752
0.00042536
0.000111922
4.08487e-05
0.000118698
0.000214008
0.000772731
0.000402835
0.000891075
0.000698478
0.000126992
0.000210945
0.000132245
7.97094e-05
0.000825793
0.000530087
0.000835367
0.000813694
0.000802398
9.70186e-05
0.000361777
0.000585194
0.00035231
0.000647628
0.000532956
0.000561055
0.000577149
0.00021934
0.000297248
1.15279e-05
0.000377757
0.000548538
0.000734714
0.000190864
0.000548042
0.000183067
7.08438e-05
0.000115825
2.08524e-05
0.00026563
0.000725727
0.000255587
0.000670798
0.000160364
0.000103549
0.000308602
0.000116962
0.000657458
0.000747629
2.2117e-05
0.000388236
8.8525e-05
9.49598e-05
0.00032739
7.13542e-05
5.22842e-06
0.000147652
0.000109095
2.51784e-06
9.49284e-05
0.000640228
0.00046564
0.000382552
0.000644511
0.000130293
0.000729238
0.000569305
0.000847285
0.000490067
0.000684288
2.2063e-05
5.29842e-05
0.000513573
0.000687792
0.000328695
0.000244471
0.000401696
0.000271172
0.000329477
0.000243261
0.000380103
0.000514319
0.000469454
0.000663579
0.000346645
0.00031222
0.000745381
0.000433481
0.000177509
0.000417471
0.000327482
0.000346441
0.000839659
0.000376009
0.000259226
0.000207353
7.14154e-05
0.000635269
0.000435247
0.00035104
2.4252e-06
5.50157e-05
2.98457e-05
0.000254881
9.37939e-05
0.000332216
6.38903e-05
0.000464013
0.000154079
0.000305604
0.000100505
0.000262906
0.00025571
0.000197293
0.000280434
0.000357085
0.000800817
0.000327068
0.000343966
0.000976155
0.000109629
0.000210195
5.0581e-05
5.27243e-05
0.00059372
0.000187887
0.00017326
0.000451545
0.000288764
0.000295022
0.000188019
0.000339083
0.000297647
0.000213483
0.000221644
0.000504792
0.000365334
0.000237957
0.000532187
0.000508216
0.000371815
0.000684131
0.000316158
0.000558015
0.00021875
0.000718819
6.17167e-05
8.94641e-06
0.000311995
0.000230794
4.53709e-05
2.15576e-05
6.2885e-05
0.000246804
0.00048057
0.000345192
0.000777215
0.000616612
0.000772696
0.0007489
0.000174535
0.000367017
0.00039555
0.000323953
7.64887e-05
0.000171006
0.000447559
0.000255189
0.000240755
0.000199709
0.000359104
0.000163233
1.1442e-05
0.000693577
0.000406836
0.000411662
0.000459413
0.000542278
0.000152473
9.17903e-05
9.62657e-06
0.000157391
0.000586523
0.000206218
0.000411781
0.000625913
0.000426939
0.000444342
0.000530156
0.000387551
0.000550882
1.93184e-05
1.33031e-05
1.20101e-05
0.00026854
0.000259622
1.32583e-05
0.000275241
0.000424822
0.000339198
0.000147229
0.000318282
0.000326776
0.000208953
0.000392474
0.00058097
7.84849e-05
0.000268409
0.000471783
0.000357288
0.000363661
5.67214e-05
0.000709669
0.000359233
0.000205915
0.000703577
0.000297958
0.000466646
3.78997e-05
2.02298e-05
2.37525e-05
0.000267872
0.000142389
1.22169e-05
0.000457877
0.000539436
0.000528248
0.000525067
0.000588048
0.00049333
0.000674695
0.000456196
0.000173817
0.0003669
7.36095e-05
0.000130566
6.96395e-05
0.000274394
2.79461e-05
0.000445959
0.000264898
0.000368439
0.000495291
0.000342387
0.000826899
0.000203064
0.000258903
0.000723497
0.000125383
0.000307042
0.000395902
0.000361666
6.842e-05
8.12602e-05
4.14991e-05
3.72779e-05
0.000130306
0.000161859
0.00031072
6.52898e-06
0.00025935
0.000332563
0.000708524
0.00034229
9.35184e-05
0.000129967
0.00055412
0.000646304
0.000750874
0.000767156
0.000411384
0.000534633
0.000188904
9.83439e-05
0.000315615
0.000387031
0.000308671
0.000315842
0.000612441
0.00012827
0.000359397
0.000180203
0.000146363
2.86273e-05
0.000170628
0.000250195
0.000402536
0.000607966
0.00011917
0.000178493
0.00064638
0.000606824
0.000308165
0.000164506
0.000799645
0.000309425
0.000359543
0.000120124
3.15987e-05
6.1791e-05
0.000360734
0.000699166
0.000299206
0.000437715
0.000348809
0.000188582
0.000170705
4.34405e-05
2.36711e-05
1.33812e-05
0.000177545
0.000468367
0.000429956
0.000722989
0.000149808
0.000350128
5.61135e-06
5.96778e-05
0.000305143
0.000343066
0.000123225
0.000374187
0.000391683
0.000647585
0.000139229
0.000330536
1.79266e-05
0.000472903
0.000464399
0.000218065
0.000394855
0.000100658
0.000332015
0.000379541
0.000274456
0.000655398
6.28276e-05
0.000619831
0.000627365
0.000506488
0.00040834
0.000218
0.000112551
0.000399435
0.000175612
0.00049999
0.000683928
0.00046297
0.000177696
0.000766125
0.00056584
0.000375011
0.000331222
0.000659109
8.08862e-05
0.000259592
0.000247921
0.000657307
0.000258047
0.000212818
0.000354658
0.000158101
0.000222507
0.000148496
0.000190494
0.00049309
0.000611423
0.000559556
0.00054855
0.000316413
0.000767255
0.000266323
0.000165309
0.000510374
3.1304e-05
2.42372e-05
0.000457065
0.000331905
0.000399699
0.000403854
0.000543084
0.000335934
0.000111778
0.000310458
0.00026667
0.000245921
0.000220172
1.20779e-05
0.000424668
0.000459476
0.000565611
0.000914683
6.33073e-05
0.000584712
0.000403772
0.000354772
0.00010126
0.000175183
0.000276491
0.000280637
0.000250143
0.000223373
1.65504e-05
6.05377e-05
0.000321444
0.00034622
0.000543406
0.000219206
0.000777694
0.000522897
1.2781e-05
0.000642236
0.000275408
0.000228181
0.00031403
0.000334453
0.000394105
0.000585342
0.00025656
0.000321709
0.000134133
0.000549734
0.000487465
0.000128777
3.76102e-05
0.000577982
0.000379205
9.17079e-05
0.000512689
0.000158009
0.000220145
0.00043811
0.000787191
5.74151e-05
4.26763e-05
0.000173155
9.07999e-05
0.000251987
0.000183545
0.000214779
0.000338166
0.000204803
0.000505459
0.000315595
0.00024068
0.000590399
0.000118416
1.00905e-05
4.26187e-05
8.19657e-05
0.000229753
0.000441723
0.000155026
0.000571842
0.000292056
0.000343314
0.000263919
0.000459626
0.000304117
0.000176073
0.000112714
0.000364912
0.000769857
0.000407196
0.000461134
0.000136595
0.000958566
0.000372956
0.00035515
0.000492746
0.000559416
0.000684322
0.000917004
0.000940945
0.000678698
0.000344737
7.78671e-05
7.41464e-05
0.000419968
0.000624231
0.000443651
0.000446016
0.00025849
0.000600051
0.000100273
1.80351e-05
9.71131e-05
0.000474489
0.000340693
4.84849e-05
0.000291739
0.000513464
0.00103551
0.000622
3.68746e-05
0.000240316
0.000548595
0.000151827
0.000335994
0.000109857
8.55924e-05
0.000305714
0.000184022
3.35716e-05
0.00012083
0.000171185
0.000256353
1.07281e-05
0.000158397
0.000739804
0.000325834
0.000151586
0.000457038
0.000531251
0.000191176
0.000555566
0.000596779
0.000283723
0.000219479
0.000167196
0.00023424
0.000237045
0.000118596
0.000139515
0.000253836
0.000109843
0.000637961
0.000218043
0.000733387
0.000469198
0.000171642
4.41492e-05
0.000395153
0.000123473
0.000295844
0.000477356
0.000653998
0.000305706
0.000405594
0.000327596
0.000704065
0.000176262
0.000107279
1.45348e-05
0.000162449
0.000200119
0.000523037
0.000165398
2.15768e-05
0.0001612
0.000397055
0.000857137
0.000337882
0.000437646
0.000286213
7.02822e-06
0.000126214
0.000193921
0.000697457
0.000736878
0.000414469
0.000327179
0.000213877
0.000128624
0.00027249
0.000458326
0.000324685
0.000440555
0.000403951
0.000176679
0.000337175
0.00015479
0.000116
3.22943e-05
0.000261122
0.000333023
0.000352771
0.000519998
0.000468592
9.64922e-05
0.000161728
0.000432621
0.000626023
0.000175964
9.2947e-05
0.0001459
0.000803524
0.000616253
5.30218e-05
0.000103338
0.000290685
0.000150771
0.000320976
2.74164e-05
0.000151672
0.000220397
0.000480081
0.000493381
0.000298938
0.000470057
0.000746947
1.11683e-05
0.000318435
0.000383952
0.000287581
0.000506157
0.00080279
0.000403679
0.000462374
0.000397286
0.000426496
0.000335458
0.00053983
0.000518924
0.000191145
0.000451915
0.000422468
0.000464546
0.000244287
3.13995e-05
0.00100884
0.000270561
0.000668504
4.92528e-05
0.000186324
0.000246357
0.000383962
0.000105379
3.3125e-05
0.000332981
0.000321797
0.000513596
0.000656082
0.000458855
0.000882118
0.000445141
0.000546469
0.00103263
0.000363862
0.000470655
0.000126886
0.000404639
0.000238173
8.23946e-05
0.00010302
0.000214849
1.85084e-05
0.000650399
0.000127988
0.000449236
0.00019474
0.000119493
0.000141253
0.000664441
0.00102322
0.000845017
0.000331296
0.000560924
0.000477936
0.000122409
0.000159052
0.000137572
0.000118096
0.000517625
0.000739172
1.93986e-05
3.50695e-05
0.000302035
0.000174278
0.000162072
0.000238409
0.000292495
0.000905768
0.000663401
0.00089088
0.000124237
0.00038754
0.000770501
0.000134956
0.000780146
0.000794186
0.000232848
0.00066664
0.000566127
0.000130201
0.000325226
0.000551008
0.00042846
0.000163175
0.000396885
7.56164e-05
6.88509e-05
8.34695e-05
0.000132082
0.000124237
0.000219746
0.000628912
0.000945062
0.000788719
0.000291016
0.000564662
0.000376813
0.000135497
0.000160672
0.000369008
0.000331196
0.000320664
5.95584e-05
6.2035e-05
0.000343446
2.53075e-05
8.01909e-05
0.000243308
0.000249277
0.000287327
0.000232713
1.63305e-05
0.000234248
0.000156006
0.000122469
1.35863e-05
5.01315e-07
7.69871e-05
1.42212e-05
9.50935e-06
0.000662618
0.000683852
0.000454428
0.000238965
0.000118657
0.000588419
0.0001948
0.000421101
0.000552941
0.000158029
0.000592153
0.000486472
0.000223711
0.000563827
0.000462016
0.000208854
0.0012307
0.000297567
0.000693002
0.000278596
0.000611917
0.000559224
0.000426208
0.000225458
0.000638845
0.000451474
0.000297607
0.000158799
0.000124431
1.12785e-05
3.45184e-06
1.01117e-06
0.000205722
7.89736e-05
2.84272e-05
0.000379895
0.000560334
0.000379187
0.000367609
0.000360528
0.000359282
0.000907309
6.56796e-05
0.000268451
0.000603828
0.000351085
0.000739331
0.000484388
0.00128947
0.000982926
0.000795129
0.000367389
0.000489823
4.87085e-05
3.5e-06
7.20709e-05
0.000365359
0.000698287
0.000340062
0.000161087
0.000622588
0.000174128
5.13576e-05
1.39836e-05
0.000536907
0.000303051
0.000529099
0.000685891
0.000242858
0.000208091
0.000123623
0.000209844
0.000287861
0.000449167
5.321e-05
0.000114394
0.00023918
0.000341908
0.000389663
0.000523693
0.000132936
0.000655536
0.000618237
0.000769678
0.000691151
0.000726774
0.000714442
0.000466856
0.000421002
0.00035943
0.000282505
4.48365e-05
0.000167468
0.000910795
0.000250553
0.000425628
0.000158333
0.000109995
9.20965e-05
0.0003304
0.000297068
0.00012586
0.000205869
5.96555e-05
0.000150131
6.65402e-05
0.000542089
0.000809139
0.000570911
0.00039286
9.21765e-05
0.00022904
0.000734819
0.000365245
0.00015178
0.000232469
0.000211765
0.000434057
0.000273534
0.000201501
0.000241839
0.00078334
0.00116717
0.000500001
0.000891298
0.000515403
0.000319897
0.000124525
2.27215e-05
5.05257e-06
2.8478e-06
0.000351398
0.000233057
0.000371629
0.000613639
0.000481896
0.000205549
0.000515245
0.000907088
0.000723834
0.000526867
0.000846449
0.000638209
0.000321179
0.000359887
0.000313849
0.000269133
0.000198309
3.68793e-05
4.43223e-05
0.000419936
0.000291447
0.0004915
0.000628867
0.000477214
0.000161086
7.33308e-05
0.000231959
0.000686382
0.000434938
0.00030999
0.000467026
0.000139271
7.16643e-05
0.000404049
0.000246632
0.000664499
0.00054885
0.000637025
0.000197235
0.000409471
0.000593472
0.000284021
0.000312747
6.93782e-06
0.000179697
0.000739194
0.000114391
0.000618377
0.000153468
0.00059503
0.000506441
0.000464033
0.000449929
0.000402648
8.29103e-05
0.000225348
0.000526176
0.000838734
0.000622861
6.62566e-05
0.000485558
0.000378219
0.000594709
0.000437624
0.000210577
0.000562428
0.00017815
0.000189953
0.000252672
0.000158265
0.000195673
0.000107369
0.000212259
0.000450306
0.000414324
0.000410243
0.000282016
0.000629163
0.000200274
0.000116444
0.000994034
0.00012665
0.00037019
0.000923648
0.000373931
0.000375337
0.00034662
0.000841021
5.40011e-05
0.000377683
0.000370192
0.000636864
0.000469642
0.000539825
0.000663775
0.000620984
1.8557e-05
0.000225701
4.2942e-05
8.73996e-05
0.000592244
0.000460001
0.000126954
0.000375621
0.000161621
0.000200051
0.000461468
0.000669856
0.000608305
0.000370005
0.000413542
0.00048166
0.000626699
0.000729075
0.000161331
5.53494e-05
4.85192e-05
0.000413836
0.000483358
0.000307495
0.000335498
0.000347235
2.13046e-05
5.33786e-05
0.000138907
0.000209724
0.000707414
0.000244112
0.000110524
0.000615523
0.000360159
0.0006618
0.00122639
0.000523726
0.000153059
1.68084e-05
9.89663e-06
0.000117298
0.000322573
0.0005217
0.000315185
3.22288e-05
0.000630139
0.000250695
0.000500162
0.000235062
2.6517e-06
1.8279e-05
0.000159901
0.000274719
5.2618e-05
3.24128e-05
0.000548452
2.73956e-05
3.87467e-06
0.000283957
0.000130007
0.000613399
0.000467806
0.000321397
0.00065715
0.000384819
0.000588434
0.000633758
0.000369863
0.000677022
0.000718735
0.000318277
0.000385362
0.000866465
0.000550379
0.000203292
2.10997e-05
0.000801556
0.000292695
0.00025647
0.000444842
0.000636406
0.0003888
0.000396791
0.000655803
0.000425657
0.000369121
0.00047153
0.000644015
0.000573077
0.000772766
0.000834091
3.53004e-05
3.06641e-05
0.000234154
0.000614665
0.000407338
0.000596977
0.000228258
0.000383667
0.000419089
0.000400247
0.000944449
0.000479363
5.51122e-05
0.000360074
0.00014342
7.62522e-06
7.47432e-05
0.000333962
0.00028678
0.000397546
0.000608492
0.000602686
0.000284013
0.000840091
0.000582812
2.9824e-05
6.31032e-05
0.000499213
0.000299563
8.58206e-05
0.000162111
0.000327207
0.000127697
0.000232385
0.000291907
0.000443772
0.000277649
0.000496598
0.000142261
0.000613557
0.000368881
0.000131294
0.000188425
0.00016043
4.10795e-05
0.000366669
0.000110297
0.000428049
0.000443382
0.000255385
0.000204532
8.34774e-05
0.000328749
0.000343813
4.40804e-05
0.000322082
0.000140765
0.00034465
0.000171532
0.000462862
0.000342129
0.000696384
0.000178369
2.6572e-05
0.000611339
8.18261e-05
0.000185756
0.000395082
0.000587501
0.00014374
0.000749117
0.000462297
0.000387702
0.000270837
0.00017437
0.000165358
0.000137683
0.00024546
0.000207216
0.000363311
0.000349004
0.0007366
0.000652839
0.000433298
0.00070527
0.000362741
0.000332433
0.000293948
0.000364424
0.000416338
9.72337e-06
0.000288084
0.00108722
0.0010385
0.000681639
0.000962182
0.000235705
0.000123271
0.000630128
0.000135433
0.000216446
0.000249806
0.000403485
0.00029404
0.000539827
0.000445493
3.76616e-05
0.000140804
9.73355e-06
4.40088e-05
0.000290535
3.11923e-05
2.47044e-05
0.000104348
4.83692e-05
1.87434e-05
3.82287e-06
0.000263489
0.000368043
8.02017e-05
0.000352654
0.000274578
0.000144106
0.000186742
0.00021315
0.000527502
0.00037055
0.000180516
5.4457e-05
1.71948e-06
0.000338816
0.000993677
6.48921e-05
4.40377e-05
0.000339661
1.34396e-05
5.80905e-05
0.000503918
0.000609159
0.000818768
0.000325339
0.000347163
0.000445233
0.000259407
0.000503359
0.000386632
0.000131996
0.000304632
0.000450187
0.000299566
0.000246078
0.000110264
0.000350103
2.1455e-05
1.45031e-05
0.000261634
5.47889e-05
6.16219e-05
0.000162797
0.000403908
0.000943491
0.000309348
0.00080389
0.000160509
7.33676e-05
0.000445569
0.000117278
4.46795e-05
0.00104344
0.000311812
7.92753e-05
8.27469e-06
0.000146035
0.000139653
0.000343481
0.000140243
7.36925e-05
0.000494545
0.000468238
0.000754124
0.000413072
0.000508598
0.000530704
0.000127794
6.3122e-05
0.000255849
0.000494049
0.000390366
0.000618331
0.000612144
0.000459359
0.000391718
0.000470719
0.000244532
0.000376245
0.000235638
0.000317184
0.000265857
0.000669514
5.96718e-05
0.0001708
4.06629e-05
0.000775616
0.000257181
0.000123526
0.000250112
0.000489934
0.000323173
0.00022003
0.000543056
0.000411896
0.000120464
0.000314638
0.000600813
0.000172519
5.45399e-05
0.000366999
0.000606235
5.98627e-05
0.000263737
0.000267146
0.00035012
0.000615936
0.000392067
0.000925112
0.000253847
0.00030976
0.000802449
0.000516388
0.000466969
0.000613511
0.000872898
0.000112584
0.000659434
0.00095577
0.000644218
3.837e-05
9.74593e-05
0.000387845
0.000883587
0.000624954
0.000527272
0.000645647
0.000423886
0.000565608
0.000370467
0.000715983
0.000608077
0.000519897
0.000570523
2.44606e-05
0.000348957
0.000654391
0.000335453
0.000154928
5.88601e-05
4.06621e-06
0.000411437
0.000241161
0.000113348
0.000622362
0.000279619
0.000100529
1.45013e-07
4.48848e-05
0.000550978
2.09873e-05
2.40409e-05
1.30081e-05
0.000507121
0.000536312
0.000748985
0.000454285
0.000390081
0.00012672
0.000441113
0.000177554
0.000267552
0.000267626
0.000412708
0.000997018
0.000715125
8.53045e-05
0.000154936
0.000113782
1.54047e-05
3.20285e-06
0.000180003
0.00033208
0.000662355
0.000260779
8.55207e-05
0.000145212
0.000150429
0.000285221
2.93826e-05
0.000167997
0.000682367
0.000623117
0.000269297
0.000523726
0.000608529
0.000354913
0.00062641
0.000292919
0.000492186
0.000612909
0.000610633
0.000367411
0.000579756
0.000245594
3.34732e-05
0.00014855
1.05142e-05
3.88982e-05
0.000323865
0.0006514
0.000592489
0.000564064
0.00030042
2.02379e-05
2.48317e-05
0.000188493
1.58223e-05
0.000723474
0.000119128
8.25437e-05
0.000412536
6.86597e-05
0.000206293
0.000429771
0.000139909
0.000261416
0.000251035
0.000768722
0.000317757
6.6972e-05
0.000248765
0.000118306
7.22762e-05
0.00017101
5.67548e-05
0.000245679
3.745e-05
0.00017229
0.000328901
0.000275366
9.5891e-05
1.85557e-05
0.000167673
0.000344335
0.000494146
0.000523058
0.000476944
0.00115326
0.000131227
0.000609547
0.000868914
0.00046978
0.000796651
0.000197517
0.000155179
0.000114088
7.46841e-05
1.34336e-06
0.000101466
0.000702669
0.000275635
0.000703694
0.00026911
0.000183723
7.59801e-06
5.45433e-05
0.000376014
0.000208178
0.000152493
7.18099e-05
0.000731915
0.000953319
0.000426523
0.000569808
0.000913228
0.000240906
0.000147371
0.000165212
0.000114285
0.000148286
7.87276e-05
0.000420766
0.000358956
0.000199973
0.000794347
0.000763062
0.000582263
4.1999e-05
0.000122777
0.000362898
0.000511733
0.00015945
4.56505e-06
0.000106074
0.000247627
6.35121e-05
0.000213562
0.000410175
0.000608824
0.000687463
0.000977491
0.00074085
0.000495841
0.000283006
0.000407967
0.000519128
0.000215065
8.96431e-05
0.000111304
0.00103806
0.000391671
0.000428368
0.000313989
0.000870745
0.000280228
0.000127736
0.000600628
0.000131383
0.000113561
0.000517526
0.000829648
0.000407293
0.000147304
8.46097e-05
0.00022813
0.000434247
0.000518629
0.000870925
3.64786e-05
0.000279162
0.000579389
0.000504038
0.000932564
0.000381053
0.000376993
0.000401177
6.24955e-05
0.000303435
1.61087e-05
6.04985e-05
6.75167e-05
0.000135585
1.60743e-05
8.97802e-05
0.000302381
0.000461639
5.95559e-06
0.000158241
8.50364e-05
0.000280815
0.000357633
0.000197572
1.15583e-05
0.000489003
0.000510927
0.000228753
0.000157441
0.000420806
0.000200903
2.10621e-06
4.80815e-05
0.000713511
0.000302656
0.000476205
0.000114034
0.000508202
0.000123179
6.84113e-05
0.0002329
0.00069136
3.63935e-05
0.000377893
0.000587541
0.000284543
0.000469776
0.000763224
0.000665444
0.000119801
0.000228563
0.000659586
0.000305402
0.000418121
0.000432062
0.000278107
0.000273729
0.000703006
0.000139495
0.000211692
0.000354425
0.000547733
8.35877e-05
4.23399e-05
0.000845773
0.000120318
0.000235401
0.000540177
0.000490259
0.000632206
0.000130119
0.000492653
0.000610076
0.00052063
0.000159979
0.000140296
0.00108758
0.000754091
0.000593557
0.000132786
0.00050583
0.000507691
0.000204538
0.000143068
2.88803e-05
5.92403e-05
0.000212013
7.10781e-05
0.000294296
0.000222982
0.000187006
0.00108601
0.000334633
0.000184607
0.000474404
0.000560184
0.000276235
0.000278567
0.000363121
0.0002443
0.000119397
0.000357
0.00019423
4.66569e-06
0.000190705
8.28569e-05
0.000229555
0.000189136
0.000533918
0.000486751
0.00053104
0.00091
0.000682003
0.000359298
0.000634145
0.000404692
4.64324e-05
2.33779e-05
0.000178328
0.000266696
0.00109433
3.58593e-05
0.000105219
0.000523314
0.000468457
0.000591799
0.000670373
0.00043944
0.000288146
0.000697159
0.00061879
0.000342125
5.16259e-05
0.000128781
0.000775363
0.000716721
0.000465505
0.00102188
0.000967191
0.000959212
0.00109547
0.00052048
0.000331137
0.000785145
0.000293153
0.000119365
0.000614231
0.000128813
0.000183672
9.42386e-05
0.000539843
0.000188558
0.000126177
0.000385056
0.000321232
0.000317677
0.000272643
0.00065587
0.000408831
0.000856351
0.00049267
0.0003501
0.000482147
0.000145639
0.000512913
0.000883711
0.000391094
0.000272268
0.000224525
0.000535434
0.000255289
0.000505741
1.62366e-05
0.000144442
4.22172e-05
2.17157e-05
0.000413374
0.000429895
0.000803645
0.000826711
0.000294435
0.000618742
0.000349288
0.000399474
0.000501259
0.000777689
0.000222251
0.00021785
0.000275624
8.93961e-05
0.00010372
0.000281237
0.000251595
0.000728338
0.000691876
0.000570346
0.000483514
0.000145498
0.000345781
2.97191e-05
9.0784e-05
0.000298043
0.000437543
0.000701289
0.000810953
0.000241474
0.000625775
0.000289959
0.000270192
0.000599283
0.000563557
0.0002928
0.00047092
0.000305455
0.000420442
8.00779e-05
9.52012e-05
0.000446492
0.000390244
0.000363897
0.00038239
3.41658e-05
1.22881e-05
0.000152689
0.000574101
0.000512755
0.0003425
0.000335477
0.000222471
0.000196282
0.000294603
0.000353526
0.000243795
0.000156553
0.000347353
0.000100959
0.000214771
0.00028813
0.000486175
0.000582613
0.000715819
0.000158339
0.000147779
0.000403486
9.91015e-05
0.000283968
0.000356189
0.000549092
0.000510917
0.000260605
0.000284021
0.000642
0.000405805
4.51936e-05
0.000286915
0.000278603
0.00033751
0.000387621
0.000295708
0.000234702
0.00029217
0.000795899
0.000754187
0.00031033
0.000600221
0.000996705
0.00066148
0.000329391
0.000222978
2.75264e-05
2.80473e-05
3.70409e-09
0
0.000336306
0.000786569
0.000982275
0.000890365
0.000633352
0.000129113
0.00034474
0.000129887
0.000171862
0.000518102
0.000128281
0.000447314
0.000119334
0.000323857
0.000546261
0.000478599
0.000191374
0.000517298
0.000208797
9.30712e-05
0.000318423
0.000762939
0.000356972
0.00015898
0.000201455
0.00087134
0.000233755
0.000389705
0.000661874
0.000383902
0.000319611
0.000332609
0.000506261
0.000524996
0.000346831
1.13048e-05
8.80592e-05
0.000235582
0.000134086
0.00034248
0.000392572
0.0005485
0.000423523
0.000145198
0.000340548
0.000228642
0.000421058
0.000838569
0.000698978
0.00015888
0.000389858
0.000198479
6.34099e-05
0.000479842
0.000178242
3.48092e-05
0.00049165
0.000518176
0.000362497
1.47136e-05
0.0002252
0.000411398
0.000667096
0.000462226
0.000159595
0.000142634
0.00052009
0.000606503
0.000372788
0.000335174
0.000487622
0.000470557
0.000669681
0.000522586
0.000770634
0.000155133
0.000209923
6.27268e-05
0.000143682
0.000813587
9.80088e-05
6.09791e-05
9.03235e-05
4.68374e-05
0.000625091
0.00048186
0.000296448
0.000365448
0.000589603
0.000512694
5.22665e-05
2.0779e-05
3.1927e-06
2.45897e-05
9.69452e-05
0.000491541
0.000412668
4.9629e-05
0.00035887
0.00068466
0.000187293
0.000388944
0.000648099
0.000651395
0.000471613
0.000991602
0.000783602
0.00047992
0.000618017
0.000406082
0.000212415
0.000335867
9.78491e-05
0.000701581
0.000164365
0.000316115
0.000220539
1.26589e-05
0.000238111
0.000267644
0.000344014
0.000434673
1.29426e-05
1.82614e-05
0.000732536
0.000191069
4.16246e-05
1.27834e-05
2.25794e-05
6.698e-05
0.0005502
0.000311257
0.000591417
6.52385e-06
8.74024e-05
0.000729525
0.000298832
0.000471962
0.000207264
0.000584035
0.000631907
0.000477733
0.000403081
0.000252084
3.19096e-05
0.000478204
0.000579997
0.000513448
0.000265694
0.000444873
0.00102534
0.000352835
0.000190792
0.000473819
0.000762566
0.000289373
0.000249234
0.000615874
0.000449673
0.000404769
2.6907e-05
1.77667e-05
6.08052e-05
9.22606e-05
0.000427018
8.56536e-05
0.00026768
0.000474087
0.000474666
3.39923e-05
0.000166176
0.000256336
0.000141781
0.00034162
0.000242541
0.000321103
0.000763696
0.000144223
0.000580641
0.000368462
0.000160344
1.94739e-05
1.46554e-05
0.000577861
0.000376202
0.000232598
0.000230354
0.000455495
0.000210942
0.000531695
0.000286796
0.000341095
0.000175775
0.000156483
0.000467765
0.000351963
0.000756509
0.000441288
0.000706842
0.000684885
0.000609044
2.1281e-05
9.45714e-05
2.81806e-05
0.000664258
0.000668191
0.000577014
0.000400191
0.00056646
0.000799109
0.000543513
0.000570729
0.00075461
0.000730605
0.000206642
0.000287131
0.000259276
0.000175912
1.82399e-05
2.45145e-05
0.000330087
0.000685749
0.000411402
0.000701747
0.00090493
0.000119857
0.000157037
0.000122771
7.94866e-05
0.000439079
0.000252455
0.00016942
0.000410079
0.000367595
0.000841791
0.000427244
0.000520791
0.00040199
0.000706679
0.0007522
4.18797e-05
0.000684235
0.000707383
0.000849895
0.000321275
0.00011285
0.000387614
0.00030322
9.51887e-05
0.000434209
0.000235571
6.402e-05
0.000223086
0.000274537
0.000600651
0.000472106
0.000251245
0.000327407
0.000668497
0.000115258
0.000758121
0.000418928
0.000222193
0.00075457
0.000288836
0.000100402
0.000985814
0.000718387
0.00027073
0.000406823
0.000103934
1.86908e-05
0.000267649
0.000473381
0.000263163
0.000197509
0.000419519
0.000799403
0.000631873
0.000451032
0.000131837
0.000269584
0.000462294
0.000462965
0.000267557
0.000571853
0.000323617
0.000550072
0.000241607
0.000179297
3.45552e-05
0.000414373
0.000723497
0.000147029
4.95354e-05
2.8807e-05
0.000150798
0.000235689
0.000273991
0.000583586
7.81594e-05
0.00060008
0.000120572
0.000161067
0.000114459
0.000288024
9.94451e-05
0.000434129
0.00062933
0.000522902
0.000128628
0.000313855
0.000339294
5.1037e-05
0.000267484
0.000343434
0.000656306
0.000194601
0.000328847
0.00021422
0.000106278
0.00010239
0.000162417
0.000757753
0.000944957
0.000816699
0.000145638
0.000500674
2.78235e-05
0.000277596
0.000241463
0.000611559
0.000354877
0.000930011
0.000351623
0.000145391
0.000331854
0.00017369
0.000600282
0.00066195
0.00026039
0.0003781
0.000516048
0.00027465
9.67501e-05
3.01144e-05
0.000366055
0.000776163
0.000226684
5.59287e-05
1.30485e-05
0.000147943
0.000142057
0.000320379
0.000771033
0.000254027
9.70992e-05
8.45025e-05
4.61651e-05
0.000467657
0.000613279
7.31511e-05
0.0002289
0.000728405
0.000435579
0.00066552
0.000343133
0.000523366
0.000513858
0.00062863
0.000521779
0.000134003
7.50955e-05
0.000284807
0.000414719
0.000390032
0.000600704
0.000363137
0.000282248
0.000289977
0.000408127
5.41607e-05
0.0002385
5.50826e-05
0.000324686
0.000696778
9.41178e-06
2.26059e-05
0.000242442
2.94057e-05
0.000102033
0.000781567
0.000288432
0.000803985
0.000478325
0.000596747
0.000338286
0.000747417
5.19238e-05
4.97272e-05
0.000105363
3.07861e-05
0.000528279
0.000104196
0.00044934
0.000344875
3.72666e-05
4.92172e-05
7.17416e-05
0.000215167
0.000339818
0.000355071
0.000105684
0.000332176
0.000545807
0.000683573
0.000549989
0.000828088
0.000227675
0.000521167
0.000273669
0.000550534
0.000296246
5.81847e-05
4.83338e-05
0.00023284
0.000448703
0.000106564
1.41575e-05
1.38942e-05
0.000565006
0.000593462
0.000555619
0.000638485
0.000777668
0.000142804
0.000400122
0.000480931
0.000644486
0.000391184
0.000352718
0.000673149
0.000338329
0.000265989
0.000207049
5.44848e-05
0.00046314
0.000104713
0.00067966
0.000761147
6.09041e-05
1.38115e-05
0.000639103
0.000577271
5.17482e-05
0.000362239
7.99498e-05
1.80505e-05
9.30723e-06
0.000352984
0.000535977
0.000853791
0.000200685
6.51666e-05
8.5734e-05
6.39082e-05
0.000822295
0.000105844
0.000295196
0.000974911
0.000461219
0.000124383
0.000318413
0.000153918
1.34541e-05
0.000105328
9.81951e-05
2.27632e-05
0.000265237
0.000114552
5.19463e-05
0.000254038
0.000414047
2.52785e-06
6.66234e-06
5.29419e-05
0.000909874
2.71927e-05
7.6376e-05
4.88174e-06
4.12073e-05
8.81221e-05
0.000703874
0.000360386
0.000288672
0.000114955
0.000187683
7.92034e-05
0.000459625
0.000317591
0.000372816
0.000351267
0.000451363
0.00036555
0.000907868
0.000801156
0.000190179
0.000495151
0.000128857
0.000355342
0.000433257
0.000611595
0.00030385
0.000427349
0.000582702
0.000252332
0.000616231
0.000137203
6.22058e-05
0.000314672
6.16253e-05
0.00028456
0.000542058
0.000237962
0.000193435
0.000448335
0.000388546
0.000338406
0.000347966
7.28916e-05
8.37266e-05
8.34308e-06
0.000488484
0.000380881
0.000234483
0.000191189
0.000107184
0.000406611
0.000383526
0.000558739
0.000271913
0.000386804
4.46355e-05
0.000565067
0.000479729
2.96445e-05
0.000641665
0.000491112
0.000161098
0.000637613
0.000190061
0.000475184
0.000221577
0.000508615
0.000380628
0.000992587
0.000181925
0.000186058
0.000521788
0.000406171
0.00011559
0.000357437
0.000244769
0.000581232
0.000527642
0.000382184
8.64902e-05
0.000354458
0.000448202
0.000205646
0.000279725
0.00026698
2.77938e-05
0.000230069
9.68252e-05
0.000168502
0.000125187
0.000560911
0.000407634
0.000146341
0.00021515
0.000257792
1.50965e-05
0.000477986
5.11498e-05
0.000142958
5.41233e-05
0.000299327
0.000669649
0.000591976
0.000615356
0.000727789
8.48363e-05
0.000174314
0.000767765
0.000728607
0.000394905
0.000487148
8.22362e-05
0.000316126
0.000316133
0.000436776
0.000473538
0.000401162
4.53954e-05
0.000407079
0.00011667
0.0004382
0.000110258
0.000541852
0.000405679
0.000149486
0.000166874
0.000424178
0.00036346
0.000232157
0.000762302
0.00107765
0.000311775
4.08994e-05
0.000187678
0.000240557
8.88494e-05
0.000163279
0.00017165
0.000193089
0.000841388
0.000710384
0.00023917
9.64797e-05
0.0001763
5.9332e-05
0.000102063
7.3658e-05
0.000107536
0.000114858
4.56711e-05
5.76108e-05
0.000736991
0.000550801
0.000476803
0.000509369
0.000666038
0.000236011
0.000173246
0.000146627
0.00014486
0.000127665
0.00109074
0.00032151
7.58775e-05
0.000168544
3.44315e-05
5.85212e-05
0.000115837
0.000507718
0.000583386
0.000471724
0.000114288
0.000133716
0.000254987
0.000281053
0.000590125
9.77886e-05
0.00051487
0.000499678
0.000319142
5.10036e-05
0.000682777
0.000339188
2.53762e-05
0.000199723
0.00071969
0.000109017
0.000446868
0.000572243
0.000776537
0.000694277
0.000232527
0.000810931
0.000154141
0.000691246
0.000625174
0.000758801
0.00054719
0.000590476
0.000102523
0.000582114
0.000174094
0.000372867
0.00066526
0.00082134
4.09314e-05
0.000410599
7.68011e-05
0.000289171
0.000140535
0.000319842
9.88474e-05
5.10264e-05
3.59889e-05
2.01153e-05
0.000162952
8.19451e-05
0.000328019
0.000191808
9.47994e-05
5.79216e-05
0.000186879
0.00101063
0.00042603
0.000636273
0.00069569
0.000751226
0.000547948
0.000502055
0.000390183
0.000257072
0.000225086
4.81851e-05
0.000401218
0.000192738
0.00038134
0.000130594
1.3393e-06
4.52898e-06
5.73624e-05
7.19024e-05
6.06101e-05
0.000336901
0.000209664
0.000303426
0.000721607
0.000159053
0.000515009
0.000343344
0.000574855
0.000551035
0.000303925
0.000406381
0.000316046
0.000135571
3.9553e-05
0.000225928
0.000109521
0.000227411
0.000292126
0.0002936
0.000203576
5.42256e-05
2.94578e-05
0.000155173
0.000293221
0.00015126
0.000359453
0.000130224
0.000604456
0.000779756
0.000435055
0.000442277
0.000279064
0.000587059
0.000732229
7.73568e-05
6.42682e-06
3.20188e-05
3.4811e-05
0.000250343
4.39889e-05
7.91663e-05
0.000425788
0.00035522
0.000456757
0.000165199
0.000664547
0.000622086
0.000316019
0.000263214
0.000142731
0.000163523
0.00035051
0.000553168
2.95993e-05
7.60942e-06
3.68031e-05
0.000200499
0.000683847
0.000310016
0.000403695
0.000242393
0.000426997
0.000309902
7.57425e-05
5.20597e-05
5.2648e-06
3.64976e-05
3.11143e-05
0.000212016
6.74772e-05
6.36508e-05
5.59282e-05
4.23712e-05
7.16283e-05
0.000116119
0.00016951
0.000377433
0.000671064
0.000207704
1.83201e-05
0.000599191
0.000730504
0.00047389
0.000403454
0.000387741
0.000134255
0.000156173
0.00022223
0.000387454
0.000544067
0.000264667
8.70268e-05
0.000531122
0.000657581
0.000538964
4.13552e-05
6.62909e-05
0.000120053
6.82508e-05
0.000112232
0.000213035
0.000512052
0.000584607
0.000320086
0.000422693
0.000223109
8.14272e-05
0.000108326
0.000350313
0.000141709
0.000177464
0.000198465
0.000102458
8.88501e-05
0.000138811
2.6604e-05
0.000617898
0.000520484
0.000421805
0.00107659
0.000493449
0.000580195
0.000586083
0.00030784
0.00062886
0.000928792
0.000500007
0.000812461
0.000714221
0.000405322
0.000416631
0.000319945
0.000445192
0.000622123
0.000869799
0.000531872
0.000253134
4.02116e-05
0.000441224
0.000498225
0.000225082
0.000418286
0.00038026
0.000152876
4.9149e-06
3.73086e-05
0.000471915
0.000361945
0.000191902
0.000525895
0.000307974
0.000667744
2.06369e-05
0.000223988
0.00067449
0.000367096
0.000443006
0.000121439
0.000345217
0.000206155
5.05553e-05
0.000208953
0.000207958
0.000142149
3.9567e-05
0.000690846
3.03681e-05
5.51935e-05
0.000251202
0.000168957
0.000372963
2.70665e-05
0.000283594
0.000467817
1.75076e-06
0.000528564
0.000354637
0.000649206
0.000408991
0.000174756
4.43697e-05
4.64523e-06
0.000760354
6.98731e-05
7.17132e-05
0.000716427
0.000240653
0.000390748
0.000434127
0.000331992
8.13299e-05
0.000602855
0.000309945
0.000428915
0.000396838
0.000421925
0.000352155
0.000543973
0.00042972
0.000354633
0.000304035
0.000612639
0.00118761
0.0007497
0.000729764
0.000113407
0.000207358
9.79901e-05
0.00101157
0.000526611
2.17993e-05
0.00010055
7.66494e-05
0.000791067
0.000553664
1.97247e-05
6.27545e-05
4.29871e-05
2.69864e-06
0.000326236
0.00032865
0.000483816
0.000892673
0.00087389
0.000215418
0.000139343
0.000141286
3.33987e-05
7.4805e-05
2.99575e-05
9.62626e-07
1.95104e-05
1.46272e-05
6.11225e-05
0.000426148
0.000593728
0.000681614
0.00020262
0.000550564
2.1461e-05
0.000411577
3.8289e-05
0.000172889
0.000288007
0.000232908
0.000227513
0.000301845
0.000149176
0.000984438
0.000758105
0.000325723
7.68311e-05
0.000332204
0.000332994
0.000230167
7.83913e-05
0.000209234
0.000119724
0.000779606
0.000326975
0.000377534
0.000527296
0.000664062
0.000490038
0.000285622
0.000302309
0.000108162
0.00086757
0.000890208
0.000376499
0.000722832
0.000343752
0.000142241
9.45517e-05
0.000574166
0.000460906
0.000534857
0.000484254
8.53819e-05
0.000460262
0.000304402
0.000983531
0.000445069
0.000353275
6.49959e-05
2.77085e-05
0.000550608
0.000657584
0.000102331
0.000444096
0.000540769
0.000211761
0.000799671
0.000513197
0.000433192
6.95977e-05
3.62236e-05
0.00035731
0.000624652
0.000107054
0.000213788
0.000138809
0.000196601
6.30443e-05
0.000319324
0.000177363
0.000167946
0.000127334
5.49587e-05
0.00103119
0.000777345
0.000678214
0.000443658
0.000626124
0.000471428
0.000547452
0.000153192
0.00107316
0.000129633
6.40853e-05
0.000374089
0.000512878
0.000447633
0.000343413
0.000633178
0.000535616
0.000298515
0.000158515
0.000198175
1.33221e-05
0.000260856
0.000396159
0.000236707
0.000633924
0.000390286
0.000268203
0.000134487
0.000585879
0.000672705
0.00027077
0.000137902
0.000220914
0.000413091
0.000169571
0.000199656
2.87868e-05
9.18177e-05
0.000131354
0.000154709
4.90676e-05
0.000148154
0.000169364
0.000492901
0.000450318
0.0004519
0.000610405
7.23787e-05
0.000114568
0.000240474
0.000545847
0.000508335
0.000783397
0.00096814
0.000365584
0.000505931
0.000185272
0.00060732
0.000670596
2.67678e-05
3.13703e-06
0.000133817
6.15838e-05
6.20256e-05
1.59358e-05
0.000507874
0.000358682
0.000332009
0.000494487
0.000215481
0.000409893
0.000270617
0.000508956
0.000424674
0.000223637
0.000403465
0.000635914
0.000157538
0.000799392
0.000884169
0.000404014
0.000588733
0.000417231
0.000156371
6.03595e-05
0.000675479
0.000510784
0.000126659
0.000152287
0.000131519
7.45567e-05
0.000877608
0.000501969
0.000455328
0.000418865
0.000527716
0.00020415
0.000619245
0.000470524
0.000317473
6.73076e-05
0.000288719
0.000702128
0.000577377
0.00062936
0.000253966
0.000847476
0.000326845
7.54758e-05
5.42257e-05
2.56097e-05
6.33963e-05
0.000182414
0.000164398
0.000133931
5.61808e-05
0.000353934
0.00012
0.000559677
0.000211842
0.000455687
0.000549941
0.000332027
0.000495304
0.000497069
0.000367588
0.000712019
0.000322284
4.85588e-05
1.00936e-05
0.000209257
0.000442658
0.000134094
0.000309175
0.000189218
0.000761142
0.000548102
0.00065289
0.000438052
0.000357572
3.76774e-05
0.000363942
0.00042824
0.00032424
0.000431863
0.00015016
0.000121308
0.000455614
0.000110759
0.000309577
0.000468874
0.000272678
1.63195e-05
0.00070066
0.000430128
0.000549276
0.000460554
0.000441794
0.000415378
0.000667754
0.000467191
0.000356962
0.000438683
0.000441327
8.42532e-05
0.000357522
0.00048014
0.000572297
0.000559136
0.000611043
0.0004836
0.000433927
0.000307477
0.000346744
0.000252135
0.000551621
0.00036163
0.000442643
0.000977428
0.000303526
0.0002359
9.07007e-05
0.000218219
0.000283643
0.000542615
0.000118724
0.000576522
0.000160944
0.000662337
0.000274349
1.03771e-05
0.000101663
0.000333937
0.000999283
0.000628304
0.000256926
0.0001106
3.11528e-05
1.3239e-05
2.9338e-05
0.000873283
0.00072957
0.000232225
0.000464188
0.000146565
0.000633697
0.000780479
0.000439861
0.000818547
0.000148281
0.000244836
0.00024583
0.000435313
0.000406883
3.04338e-05
2.59476e-05
8.18703e-05
0.000357803
0.00011261
0.000244422
0.000197697
0.000935804
0.000687661
0.000257187
7.10497e-05
0.000302524
0.000551205
0.000310771
0.000987997
0.00055095
0.000445852
0.000349942
0.000275338
0.000758613
0.000844846
0.000202525
0.000163708
0.000122093
9.50431e-05
0.00065366
0.000317436
0.00044791
0.000406062
0.000675515
0.000319663
0.00021143
0.000225958
0.000251341
0.000612751
0.000241742
0.000116938
0.00030932
7.88696e-05
3.28099e-05
0.000388356
0.000211518
0.000190595
0.000766947
0.000980736
0.000664343
0.000741101
0.000570481
0.000581446
2.96741e-05
9.7604e-05
0.000132966
0.000186901
0.000603988
0.000428477
0.000561928
0.000259981
0.000278533
2.73406e-05
0.000182965
5.15069e-05
0.000732744
0.000665367
0.000713177
0.000207634
0.000160168
2.13688e-05
0.000224934
0.000115392
7.73777e-05
8.3174e-05
0.000124849
7.3717e-05
0.000138231
6.27167e-05
4.79482e-05
0.000179705
0.000377191
0.000211202
0.000629572
0.000442727
0.000561936
0.000609396
0.000422848
0.000330856
0.00097763
0.000495242
3.71015e-05
0.000106565
0.000295472
3.72618e-05
1.91063e-05
4.07399e-05
0.000263022
0.000199891
8.94029e-05
0.000352561
0.000491823
8.27404e-05
0.000474863
0.00040299
0.000175974
0.000372319
0.00011711
0.000832399
0.000638966
0.0005273
0.000577124
0.000914135
7.41065e-05
0.000325919
0.000124406
0.000828372
5.00847e-05
0.000174019
0.000130386
0.000533474
0.000470969
0.000129167
0.000296348
0.000456436
0.000201697
0.000362762
0.000317745
0.000185943
9.59178e-05
8.88608e-07
0.000218369
0.000142728
0.000179231
0.000406271
0.000405073
0.000717597
0.00108628
0.000540735
0.000545389
0.000630296
0.000439173
0.000284097
0.000128912
8.32515e-05
3.13618e-05
0.000376384
0.000109173
0.000218487
5.61824e-05
0.000155071
8.20998e-05
0.000527164
1.84712e-05
4.21438e-05
8.58082e-05
1.81439e-05
0.000360408
2.80913e-05
3.31994e-05
4.26295e-05
0.000121929
0.000553292
6.86048e-05
0.000914076
0.000527557
0.000375113
0.000256456
0.000113271
0.000422968
0.000237279
0.000179552
0.00010877
5.83474e-05
0.000210226
0.00022996
0.000428014
4.48579e-05
0.000660012
0.000800701
0.000703454
0.000102463
0.000420739
0.000260758
0.000383151
5.41762e-05
0.000124881
0.000333611
0.000422715
0.0003503
0.000122845
0.000291806
0.000416722
0.00024095
0.000880784
0.000809578
0.000433975
0.000390931
0.000245632
0.000390673
0.000213774
0.000584722
0.000303832
1.40911e-05
0.000137811
2.82322e-05
0.000292222
0.000291304
0.000127703
0.0006764
0.000183589
0.000632902
0.000214651
0.000423658
0.000670155
0.000262051
0.000140194
0.000247085
0.000584122
0.000207296
0.000179971
0.000435844
0.000722639
0.000730062
0.000619318
0.000851556
0.000209873
0.000208885
4.99446e-05
0.000377888
0.000362682
9.62379e-05
0.000486713
0.000218288
0.000196592
3.27838e-05
0.000150276
5.35488e-05
0.000610912
0.000449691
0.000194974
0.000322668
0.000633363
0.000619777
0.000220206
0.00115114
0.000119736
0.000621868
0.000509607
0.000193896
6.07128e-06
1.45029e-05
9.67409e-05
0.000102498
5.10045e-05
7.31811e-05
0.000302437
0.000373378
0.000113824
0.00031377
0.00023075
0.000187034
0.000229576
0.000366256
0.00121711
0.000889686
0.000405819
0.000616438
0.00093143
0.000439897
0.000621968
0.000762139
0.000662034
0.000828091
0.00021375
0.000570597
0.000509657
0.000543675
0.000568446
0.000302816
0.00101762
0.000607342
0.000409348
0.000252405
5.73674e-05
2.48633e-05
0.000109339
0.000128865
0.000421057
1.46664e-05
8.55462e-05
4.52589e-05
6.17917e-05
0.000140651
0.000198631
5.23856e-05
0.00012716
0.000343842
0.000380342
0.00011251
5.26582e-05
0.000167096
0.000388807
0.000224288
0.000102433
0.000119387
0.000286984
0.000375863
0.000319941
0.00082308
0.000543163
0.000537691
0.000116233
2.18479e-05
0.000378338
0.000598469
0.000820674
0.000234284
0.000375493
0.000422094
4.72582e-05
0.000167495
0.000234819
0.000575265
0.000272817
0.00021955
0.000503306
0.000235646
0.000210151
9.42139e-05
0.000529583
0.00011602
0.000397009
0.00112917
0.00053366
0.000221796
0.000259397
0.000238824
0.000506619
0.000343366
0.00017962
0.000311441
0.000206885
0.000280877
0.000262325
0.000804953
0.000401641
4.86167e-05
0.000340424
0.000375882
0.000392679
0.000333606
0.000125489
0.000281899
0.000286311
8.38576e-05
0.000645537
0.000371908
0.000289145
0.000520591
0.000414223
0.000350322
0.000514053
0.000542577
0.000152603
0.000423481
3.87938e-05
0.00040393
0.000448899
0.000588567
0.000529712
0.000161515
7.22327e-05
0.000140951
4.87193e-05
7.99157e-06
3.55866e-06
5.05476e-05
4.58404e-06
0.000470554
0.000226701
0.000705657
9.60266e-05
0.000109185
0.00042196
0.000142169
0.00043043
1.02284e-05
2.42389e-05
0.000306077
4.8992e-05
0.000399699
0.000141173
0.000307025
0.000346545
0.00060636
0.000204328
0.000879442
0.000176166
0.000240938
0.000103446
8.73877e-05
0.000339112
9.77954e-05
0.000319763
0.000335109
3.22206e-05
5.78678e-05
5.89928e-05
0.000249282
0.000507256
0.000314309
0.000511329
6.70387e-05
0.000238709
6.54034e-05
8.32509e-05
0.000312517
0.000616264
0.000423265
0.000135191
0.000412291
0.000393525
4.96988e-05
0.000280159
4.60315e-07
0.00013391
0.000129409
0.000329522
0.000119673
3.91107e-06
0.000309684
0.000346613
0.00100591
0.000385597
0.000282374
0.000281206
5.75796e-05
0.000402954
0.000117619
2.42746e-05
6.17692e-05
4.2736e-05
0.00129502
0.000832822
3.24307e-05
0.000176538
0.000743369
0.000636366
0.000172145
0.000422273
9.98357e-05
0.000535836
0.000315699
7.27064e-05
0.000433139
0.000474639
0.000688926
0.000406389
7.56344e-05
0.000252144
0.000708176
0.000412402
0.000243989
0.000344373
0.000364493
0.000112991
0.000120688
0.000406168
0.000425135
0.000181176
0.000324058
6.31149e-05
3.09171e-05
0.000110068
0.000311885
0.000499201
0.000186715
0.000384974
0.000157278
5.62911e-05
0.000789918
0.000564743
0.000524391
0.000472144
8.48816e-06
0.000277574
0.00081193
0.000122548
0.000166815
2.08751e-05
0.000241114
0.000467359
0.000137704
0.000226125
0.000241029
0.000861522
0.000272508
0.000446894
0.000565846
7.69165e-05
0.000164965
0.000415014
0.000449354
5.38951e-05
0.000809412
0.000565557
0.000570555
0.000281714
0.000269263
0.00090326
0.000525551
0.000877448
0.0004986
0.000642871
0.000700435
0.00103189
0.000431157
0.000268945
0.000395054
0.000115582
0.000458677
0.0001412
0.000153681
6.44454e-05
5.66909e-05
0.000102403
0.000207208
0.000300027
0.00105266
0.000637617
0.000372325
0.000948558
0.00031037
0.00042679
0.000841224
0.000290681
0.000307515
0.000132152
0.000548064
0.000355444
2.52249e-05
4.15308e-05
0.000659308
0.000303218
0.000163273
0.000232324
0.000196582
4.83904e-06
0.000543373
0.000639028
0.000584883
0.000609918
0.000483776
0.000505127
0.000145962
0.000250838
0.000318639
0.000345158
2.5355e-05
0.000608357
0.000314185
0.000712433
0.000255293
0.000680452
0.000512482
0.000403099
0.000189386
0.000186392
0.000298383
0.000294095
0.00054056
0.000497183
0.000403999
0.000652159
0.000136531
0.000433662
2.69269e-05
0.000154205
3.53346e-05
5.50905e-05
7.73177e-05
0.000256614
0.000530712
0.000245325
0.000243309
0.000599939
0.000184927
0.000146748
0.000497201
0.000445759
0.000261527
0.000549989
4.42127e-05
0.000288559
0.000547536
0.000876329
0.000107939
0.000129014
0.000294776
0.0007183
0.000696181
0.000471368
0.000171252
0.000374846
0.000317192
7.30805e-06
1.04855e-05
0.00013337
0.000486274
0.000243841
0.000331961
0.000209484
0.000480788
0.000374211
0.000449344
0.00063711
0.000499251
0.000468541
0.000140537
0.000227947
2.12446e-05
0.000185789
0.00044347
0.000343971
9.92649e-06
0.000395296
0.000431437
0.000687887
0.000609691
0.000652204
0.000422368
0.00037914
0.000521482
0.00033338
0.000224839
2.4217e-05
0.000487801
0.000135059
0.000358845
0.000361437
0.000513526
3.67151e-05
0.00045584
0.000124131
3.14822e-05
8.40948e-05
0.00016973
0.000777748
0.000561089
0.000353216
0.000190729
0.000371581
0.000339248
0.000192285
0.000129062
4.26728e-05
0.000255998
0.000403481
0.000518842
4.45262e-05
1.92453e-05
0.000116516
0.000263527
0.000220734
0.000247005
0.000487861
0.000341759
6.21267e-05
0.000402543
0.000553155
0.000291224
0.000106127
0.000463249
0.000796736
3.38866e-05
6.10872e-05
0.000257858
0.000232652
0.000226189
0.000438502
0.000400963
0.000338748
0.00060003
0.000229463
0.000348972
0.00070621
0.000517222
0.000404726
0.000467914
0.000560316
0.000562966
0.000454185
0.000260673
0.000399467
0.000124463
1.57545e-05
4.97969e-05
0.000239378
0.000417006
0.000607922
0.000645504
0.000343828
0.000293569
0.000594143
0.000376827
0.000118877
0.000116742
0.000305767
0.00020449
0.00051142
0.000357043
6.00519e-05
4.93229e-05
0.000202293
0.00041832
0.000592082
0.000303011
0.000508802
0.000598731
5.90038e-05
4.72201e-05
3.53934e-05
7.73859e-05
0.000191601
0.000270896
0.000670004
9.66548e-05
0.000377939
0.000418985
0.00112376
0.00061247
0.000628648
0.000397485
0.000910046
0.000742504
0.000561495
0.000109453
0.000275714
0.000585862
0.000193836
0.000200603
4.06797e-05
1.47756e-05
1.15119e-05
4.14546e-05
1.66929e-05
9.32218e-05
1.73202e-05
2.82063e-05
0.000113017
0.000745772
1.06028e-05
0.000933745
4.0624e-05
6.86412e-05
0.000375297
7.61448e-05
0.000115717
0.000587028
0.000367972
0.000163636
0.000194648
0.000307459
0.00032423
0.000719102
0.00110491
0.000474503
0.000484288
0.000304616
0.000157367
0.000472852
0.000182135
0.000562079
0.000354271
0.000829024
0.000264805
0.000232761
0.000516132
0.000326789
0.0005769
0.00078676
0.000134833
0.000601111
0.000716151
0.000278339
0.000375629
0.000304758
9.60796e-05
4.09896e-05
0.000558972
0.000307562
0.000401932
0.000231875
0.000341362
0.000347694
0.00063242
0.00031487
0.000523896
0.000552452
0.000145645
0.000760927
0.000420974
0.000307754
0.000152302
2.17566e-05
0.000104299
8.37979e-05
0.000163628
0.000541608
0.000542628
0.000416238
0.000156617
0.000903854
0.000644645
0.000525118
0.000534875
0.000466189
4.70819e-05
1.93101e-05
5.45168e-05
9.07207e-06
1.70534e-05
0.000224051
3.3954e-05
0.000104836
0.000155854
0.000555785
0.000477403
0.00104607
0.000332098
0.00015834
2.06089e-05
3.55097e-05
4.98293e-05
0.000380743
0.000200405
6.25391e-05
0.000205095
0.00055851
0.000124202
0.000414324
0.000796843
0.000352233
0.000669368
0.000184307
7.87642e-05
1.39751e-05
0.000235838
8.80744e-05
0.000420447
0.000229848
0.000536935
0.000375978
0.000886984
0.000678735
0.000336202
0.000484593
0.000796772
0.000414073
0.000870317
0.000665894
0.000500709
0.000755794
0.000813382
0.000223968
0.00079664
4.78836e-05
0.000267618
8.1397e-05
0.000328527
0.00119757
0.000166273
6.32952e-05
0.000148587
8.36228e-05
0.00022136
0.000676657
0.000649064
0.000211221
0.000142243
7.00323e-06
0.000196422
1.9436e-05
0.000360994
1.98924e-05
6.21949e-05
5.97772e-07
4.76822e-07
0.000100748
0.000401262
0.000832678
0.000861965
0.000138694
0.000517297
0.000655533
6.09497e-06
0.000227435
0.000181425
0.000158159
0.000244891
0.000668014
0.000237229
3.89217e-05
7.07286e-05
3.86817e-05
0.00025744
0.000393333
0.000388269
3.47984e-05
0.000597363
0.000104056
3.29178e-05
8.15464e-05
0.00019144
0.000313994
0.000697156
0.000647048
0.000189204
8.79351e-05
0.000186848
0.00016121
5.83804e-05
0.000332083
6.20175e-05
0.000145153
0.00100675
0.00053327
0.000181101
1.08069e-05
0.000525307
0.000225544
8.43104e-05
0.000941089
0.000313812
0.000275194
0.0003832
0.000492234
0.000574901
0.000122924
0.000269436
0.000334653
0.000642756
3.52222e-05
5.15777e-05
0.000191637
0.000216961
0.000463128
7.80498e-05
0.000886237
0.000734543
0.000211276
0.000487651
0.000193604
0.000269545
0.000358037
0.000240016
0.000618691
0.000596831
0.000601477
0.000285605
0.000229348
0.000663677
0.000150774
0.000357387
0.000171807
2.29141e-06
3.41748e-05
0.000118903
7.05374e-05
7.56435e-05
0.000376848
0.000684996
0.000164497
0.000154415
0.000555396
0.000832347
0.000719571
0.000574232
0.000553584
2.95007e-05
0.00100051
0.000796092
0.000878342
0.000895561
0.000159547
0.000257155
0.000475004
0.000425329
7.31581e-05
6.80743e-06
9.11042e-05
0.000718867
0.000162919
0.000265013
0.000155356
1.27383e-05
5.77172e-05
0.000923854
0.000800204
0.000725712
0.000317399
0.00034459
0.000100879
0.000870694
0.000179878
0.00015618
0.000130273
0.000332793
0.000426719
0.000406992
0.00034227
0.000517205
0.000312649
2.59369e-05
0.00065597
0.000198528
0.000331286
0.000278244
0.000158381
0.000318146
8.57771e-05
3.97343e-05
3.15979e-05
0.000281635
0.000616438
0.000459764
0.000645285
1.55269e-05
9.72083e-06
2.49262e-05
4.16412e-05
0.000486947
0.000712702
0.000284326
0.000115042
0.000441751
0.000173635
0.00031413
0.000125917
0.000213135
0.000417207
0.000209453
0.000627232
0.000543892
0.000183129
0.000217612
0.000548495
0.000229916
5.44823e-05
0.000102367
0.000267009
0.000134667
4.19021e-05
0.000634931
0.00017384
0.000123747
4.17672e-07
0.000447253
6.72845e-05
0.000115136
0.000146444
0.000299213
0.000475487
0.000343146
0.00103036
0.000101502
0.000195613
0.000479668
0.000136935
0.000176142
4.17927e-05
2.95377e-05
0.00020326
0.000429564
0.000461971
0.000527786
0.000366587
0.000110266
0.000641267
0.000347632
0.000163255
0.000255223
3.51418e-05
7.19109e-05
2.20435e-05
0.000394898
0.000510678
0.000788945
0.00038304
0.000759289
0.000446193
0.000453461
0.000874196
0.00058799
0.000853459
5.50996e-05
0.000285681
0.000382249
9.80718e-05
0.000173672
0.000548155
0.000415321
5.36999e-05
0.00068094
0.000117404
1.60715e-05
0.000295604
0.000919791
0.000277521
0.000174327
0.000193589
0.000213089
0.000444938
0.000588442
0.000164113
0.00073972
0.000363526
0.00027919
0.000432508
0.000190763
0.00015703
5.23279e-05
0.000153683
0.00014254
0.0005594
0.000457306
3.0624e-05
5.2217e-05
0.000613004
0.000163244
0.000645841
0.000165697
0.000145734
3.94314e-05
0.000985413
8.99546e-05
0.000614941
9.56534e-05
0.000126225
0.000198725
0.00141983
0.000540903
0.000355502
0.00012818
0.000398199
0.000120033
0.000344997
6.40932e-05
0.000532517
0.000373854
0.000619371
0.000177299
6.54825e-07
0.000441867
0.00014781
0.000625164
0.000557072
0.000506329
0.00016378
0.000358694
0.000218132
0.00051378
0.000159023
0.000139563
1.2775e-05
2.66556e-05
0.000306979
0.000546207
0.00017633
0.000233281
0.000451756
0.000551646
0.000703452
0.000776878
0.000427094
0.000282268
0.000552393
0.000531114
8.18463e-05
7.30271e-05
5.21207e-06
7.45412e-05
3.75313e-05
3.58946e-05
2.06809e-05
8.85928e-06
5.62572e-06
7.81303e-08
1.04606e-05
0.000104818
0.000237647
0.000263178
0.000525957
0.000186987
0.000683887
0.000626946
0.00051979
0.000156908
0.000246231
4.10939e-05
0.000194596
0.000337383
6.76827e-05
0.000156197
9.10507e-05
8.734e-06
0.000393422
0.000504846
0.00088884
0.000109508
0.000429686
0.000485613
0.000278419
4.92116e-05
0.000103254
4.74986e-05
0.000246072
0.000172697
0.00048278
0.000411033
2.82632e-05
0.000452173
0.000839799
0.000874722
0.00101473
0.00078571
0.000222493
0.000355202
0.000122002
9.51448e-05
4.25059e-05
0.000406666
0.000141926
0.000252508
0.000304432
0.000922002
0.000216476
0.000297317
0.000486402
0.000269982
0.000601766
0.000309773
0.000230458
0.000286115
0.000325703
0.00049809
0.000560531
0.00053532
0.000837105
0.000535359
0.000225789
9.08261e-05
0.000306117
0.000180798
0.000223651
0.000389433
0.000230853
4.65851e-05
4.62778e-05
0.000360824
0.000352033
0.000227235
0.00010695
0.000129387
0.0002817
0.000122428
0.000455657
0.000412234
0.000374424
7.34423e-05
3.54943e-05
0.00018145
0.000242089
0.000539894
0.00041672
0.000114796
2.91789e-05
0.000112277
0.000101127
0.000381274
0.000584643
0.000541859
0.000280365
0.000153689
0.000122668
0.000101356
0.000204924
0.000266894
0.000435225
0.000416761
0.000225249
0.000385811
0.000972756
0.000236618
0.000702242
0.000391435
0.000207178
0.000117174
0.000443463
0.00105168
0.000597954
0.000217123
0.000133033
0.000269002
0.000571371
2.17771e-06
0.000110481
0.000116691
0.000244936
0.000552517
0.00067861
0.000819198
0.000165963
0.000371762
0.000353677
0.00052334
0.000164219
8.10083e-05
0.000402331
0.000327289
8.22034e-05
0.000309318
0.000239859
0.000441996
0.000316302
7.40417e-05
9.59789e-05
0.000955056
0.000137963
0.000436916
0.000464663
0.000411375
0.000158667
6.58701e-05
0.000246664
0.000655172
0.000385197
0.000496034
0.000574524
0.000215661
0.000650753
0.000663012
0.00050989
0.000744497
0.000500526
0.00099788
0.000855153
0.000248963
8.80175e-06
0.0002448
0.000296442
0.000126175
0.000149061
0.000679606
0.000349391
0.000182919
0.000161446
0.00107089
9.54463e-05
0.000598125
0.000350873
0.000311567
0.000732826
0.000757723
0.000850472
0.000276017
0.000368378
0.000114537
0.000507692
0.00023761
0.00028198
0.00034332
5.27605e-05
0.000139858
0.000165977
0.000479243
0.000283776
0.000235695
0.000225497
0.000310485
0.000126559
0.000540055
0.000242517
0.000108251
0.000173456
0.000614493
0.000643859
9.91167e-05
1.08379e-05
0.000129122
0.000197033
0.000587832
3.30597e-05
0.000268606
0.000551372
0.000580579
0.000644923
0.000296177
0.000192169
5.64764e-05
0.000279495
0.000332369
0.000565313
0.000636824
0.000715481
0.000706723
6.23428e-05
0.000129526
0.000540547
0.000288644
0.00057514
0.000474716
5.95846e-05
6.80606e-05
0.000721179
0.000206266
0.000188472
0.00037083
4.10288e-05
0.0001131
0.000166133
0.000603812
0.000253787
0.000618584
0.000374682
0.000457306
0.000621715
0.000642525
0.0003511
0.000535291
0.0001252
0.000541339
0.000529921
0.000442135
0.000494013
0.000269715
7.98968e-05
0.00010341
0.000110946
0.000317958
0.000504991
0.000537517
0.00072256
0.000324686
0.000297052
0.000636948
0.000615575
0.000201779
0.000213158
0.000519257
0.000284781
6.9167e-05
3.37678e-05
0.000216014
0.000271482
0.000485527
0.000521564
0.000250679
0.000741822
0.000516342
0.000173561
7.52352e-05
0.000106412
8.00291e-05
0.000371092
0.000180173
0.000329613
0.000145772
0.000257852
0.00045447
0.000275453
0.0002421
0.000177129
0.000130991
0.00105357
0.000155131
0.000345807
0.000195744
0.000561776
0.000231263
6.62376e-05
5.42972e-05
0.000340098
4.35451e-05
0.000337687
0.000658035
0.000183861
0.000272874
0.000126529
0.000136844
0.000424831
0.000337449
0.000375713
0.000185122
4.42742e-05
1.44621e-05
0.000226642
0.00013773
0.000187793
0.000292562
0.000226185
0.000586846
0.000125769
0.000697745
0.000159355
0.000253905
0.000441566
0.000213031
0.000295751
0.000300889
0.00018353
0.000391301
0.000281914
0.000258291
0.000614456
3.59105e-05
6.66019e-05
1.80755e-05
0.000275343
0.000107541
0.000502733
0.000305281
0.000343179
9.20835e-05
0.000711883
0.000562156
0.000567053
0.000355866
0.00067018
0.000257519
8.25231e-06
0.000207584
0.000412658
0.000259087
0.000862635
0.000469862
0.000233356
0.000371649
0.00119706
0.000900859
0.000365506
0.000437476
0.000232539
0.000480376
0.000367097
0.000322363
0.000874955
0.000265815
0.000231004
0.000532593
0.000300988
0.000400276
0.000116887
0.000600806
0.000422879
0.000482865
0.000285981
6.52201e-05
5.21673e-05
6.45686e-05
0.000368435
0.000122276
0.000613662
0.000280111
0.000146005
0.000416771
0.000155231
6.73037e-05
0.00049373
9.1652e-05
7.36493e-05
0.000679925
0.000326997
0.000367268
0.00077466
0.00025812
5.01098e-05
0.000861875
0.000197383
5.5621e-05
8.86798e-06
0.000126117
0.000197436
9.40038e-05
1.68447e-05
0.00015841
0.000201614
6.46349e-06
5.99188e-05
0.000300385
0.000116808
0.000138526
8.63525e-05
8.73294e-05
0.000821648
0.000182046
0.000147544
0.000248563
0.000426912
0.00010301
0.000295413
0.00082715
0.00056049
0.000875296
0.000669179
0.000225373
0.000491423
0.000418966
0.000422235
8.05044e-05
0.00100566
0.000291389
0.000524556
0.000556512
0.000732293
0.000550645
0.000125149
0.000511076
0.000202478
9.65009e-05
0.000655041
0.000241138
0.000766804
0.000602072
0.00018726
0.000395443
9.16409e-05
0.000153757
4.73247e-05
0.000211148
0.000287284
0.000667046
0.000146286
0.00071005
0.000665897
0.000951913
0.000482793
0.000512055
0.000242414
0.000617299
4.59988e-05
0.000498234
0.000120128
3.24226e-05
8.38366e-05
5.54132e-05
5.33802e-05
4.81149e-06
6.32937e-05
0.000212832
0.000151803
0.000117399
0.000613916
4.81932e-05
2.91889e-05
0.000469784
0.000715679
3.22082e-05
6.32606e-05
2.60781e-05
4.95361e-06
4.46273e-06
8.00084e-05
0.000405781
0.000609596
0.000435762
0.000493148
0.000564832
0.000947064
0.000156472
0.000291809
2.7229e-05
8.86055e-05
6.76292e-05
4.81295e-05
0.000266903
0.000844354
0.00019017
0.000152484
7.92407e-05
1.92595e-06
0.000311392
0.000544468
6.25461e-05
0.000537494
2.05636e-07
1.13819e-06
0.000143506
0.000669277
0.000164563
0.000170261
0.000312238
0.000518732
0.000963716
0.000491107
0.000374965
0.000309484
0.00044437
0.000224522
0.000683519
0.000643452
0.000556904
0.00020065
0.000124047
0.000302119
0.000301487
0.000132385
0.000249164
0.000239286
0.000320801
0.000407827
0.00031454
0.000937086
0.000410556
0.000245694
0.000176261
0.000198155
0.000419084
0.000569655
0.000436173
0.000420982
4.90153e-05
0.000254855
0.000108202
0.000122913
8.33914e-06
6.1143e-05
0.000534253
0.00066162
0.000675658
0.00056349
0.000344665
0.000821614
0.000530992
0.000450845
0.000340658
0.000303794
0.00092059
4.42087e-06
7.25397e-05
0.000409658
0.00041624
0.000414009
0.000186786
0.000393309
9.59545e-05
0.00019513
0.000270565
0.000113672
0.000352926
0.00100275
0.000119084
0.000198367
0.000246543
0.000323096
0.000448348
0.000296679
0.000493782
0.000234725
6.07348e-05
8.75756e-05
4.5184e-05
0.000416984
5.71088e-05
0.000193417
0.000250721
0.000207974
0.000428267
0.00140041
0.000588861
0.000214448
0.000209574
6.59323e-05
6.46519e-05
9.5766e-05
0.000197012
4.17702e-05
8.62713e-05
1.67906e-05
7.6115e-05
0.000375528
0.000269963
0.000486775
0.000221384
0.000746335
0.000737022
5.18775e-05
0.00015449
0.000339137
0.000392513
0.000489714
2.54497e-05
0.000205184
0.000370147
0.000578929
0.000591793
0.000312834
0.000792465
0.000164164
0.000124664
0.000302673
0.000549723
0.000783137
0.000667483
0.000341745
0.000922958
0.000603848
0.00033664
0.000120561
0.000278208
0.000466939
0.000217838
2.64776e-06
0.000148334
7.78394e-05
7.11615e-05
0.000108433
0.000787282
0.000564903
0.000526948
0.000472492
0.000394721
0.000377403
0.000472373
1.57438e-05
0.000282325
0.000249299
8.86976e-05
0.000206207
0.000133918
0.000440217
0.00057883
0.000552096
0.000840731
0.000376947
0.000219991
0.000139641
2.1108e-05
8.8542e-05
0.000486096
0.000491699
0.000257482
0.000407056
0.00064742
0.000704828
0.00076933
0.00102535
5.54445e-05
0.000465951
0.000448461
0.000345179
0.000932124
0.000371321
0.00103297
0.00038448
0.000283183
3.91232e-05
0.000274
0.000204639
0.000295575
0.00037178
0.000861676
0.000652552
0.000289578
0.000438953
0.00040347
0.000489125
0.000464923
0.000787631
0.000435266
0.000209211
0.000425907
0.000133962
0.000231641
0.000302002
8.2739e-05
0.000552175
0.000477809
0.000259973
1.14727e-05
0.000242196
0.000438198
0.000373035
0.000254372
0.000265892
0.000196828
0.000738695
0.000180988
0.000213944
0.000504803
0.000627116
0.000788592
0.000169126
0.000136923
0.000357028
0.000324689
0.000278945
0.000760902
0.000314203
0.000301701
0.000224722
0.000115252
0.000250601
0.000614571
0.000507346
0.00082079
0.000285396
0.000158014
0.000175921
0.00018463
8.56386e-05
2.65805e-05
2.42875e-09
0.000301704
0.000396938
0.000531581
0.000599742
0.000103767
2.08911e-05
0.000184836
0.000259343
0.000310225
0.000145727
0.000445411
0.000549292
0.000310655
7.41443e-05
0.000385257
0.000238521
0.000238236
0.000281638
0.00104609
0.000417169
0.000564625
0.000296018
0.000395467
0.000149929
0.000329287
0.000690144
0.000134391
0.00016217
0.000108777
0.000305191
0.000428277
0.000487651
0.000368372
0.000271085
0.000781089
0.000289645
0.000181113
0.000382531
0.000376247
0.000526264
0.000316928
0.000246421
0.000618301
0.000241301
0.000171671
1.70702e-05
7.42127e-05
0.000162518
0.000303102
0.000721686
0.000242379
0.000525952
0.000659445
0.000410905
4.00713e-05
3.62189e-05
0.000245432
0.000482626
1.41641e-05
0.00027962
0.000232551
0.000208144
0.000419791
0.000258459
5.69681e-05
0.000489414
0.000424727
0.000297955
0.000216042
0.000463235
0.00109149
0.000703951
0.000751551
0.000514735
0.000235392
0.000216845
6.91604e-05
8.16303e-06
0.00024173
0.000383735
0.000511224
0.000286863
0.00076103
0.000777007
0.00089886
0.000435882
5.43904e-05
0.000507162
2.66264e-05
0.000206288
0.000385143
2.73245e-05
0.000311874
0.000263229
0.000416742
0.00066365
0.00027498
0.00044304
0.000684402
0.000576541
0.000410426
6.16727e-05
7.82196e-05
0.000340947
0.000512313
0.000574909
0.000693146
0.000358567
0.000419978
0.000323083
0.000254326
0.000390468
2.72399e-05
0.000116666
5.74557e-05
0.000292306
0.000401507
2.63497e-05
0.000563963
0.000199925
5.08692e-07
0.000119879
0.000305827
0.000516135
0.000143753
0.000339462
0.00055263
0.000202148
0.000434755
0.000221531
0.000273635
0.000361882
0.000564435
0.000310206
0.000508715
0.000536347
0.000242881
0.000142005
6.97763e-05
0.000260395
0.00077903
0.000198266
0.000103063
0.000340488
0.000154712
0.00033811
0.000210462
0.00011385
0.000316887
0.000186307
7.08408e-05
0.000821759
0.00057614
0.000257195
0.00047181
0.000319079
5.44264e-05
2.44581e-05
4.07366e-05
0.000203647
7.7816e-08
3.34472e-05
4.74705e-05
0.000162397
0.000104889
0.000389077
0.000284708
0.000236981
0.000912818
0.000110446
0.000569688
0.000217561
0.000250407
0.000626534
0.000948016
0.000468683
0.000691584
0.000347517
0.000546817
0.000629365
0.000501399
0.000175379
0.000301962
0.000577664
0.000182201
0.000197878
3.08793e-06
0.000495312
0.000224498
7.65972e-06
7.3e-06
3.00397e-05
2.37836e-05
0.000633182
3.37408e-05
5.79204e-05
9.73952e-05
0.00068253
0.000795743
0.000127582
6.99938e-05
5.10861e-05
0.000268158
0.000453323
0.000419929
0.00025793
0.000109473
0.000126284
4.66422e-05
0.000113372
1.78034e-05
6.50786e-05
0.000465225
0.000377205
0.000403279
0.000169095
0.000349058
0.000816303
0.000736532
7.8e-05
0.000572944
0.000684938
0.00037277
0.000398623
0.000250158
0.000697031
0.000697291
0.000363279
0.000631475
0.00119399
0.000604024
0.000268164
3.69254e-05
0.000278479
8.39903e-05
0.000218455
0.000363615
0.000307087
0.000712735
0.000124311
0.00027777
0.000423888
0.000195588
0.000395524
0.000250964
0.000152192
3.37951e-05
0.000186323
0.000112591
0.000144012
4.08875e-05
0.000144861
0.000475164
0.000336335
0.000175883
0.000269861
0.000546058
0.000309808
0.000112648
0.000180381
0.000673561
0.000535797
0.000303924
0.000709523
0.000214787
3.69885e-06
0.000168436
0.000397593
0.000238633
0.000541096
0.0012668
0.000397135
9.82258e-05
0.000417968
6.71965e-05
1.34715e-05
0.000146417
0.000448721
0.00014442
0.000350191
0.000570234
0.000356834
0.000149148
0.000212691
5.45889e-05
0.000355577
0.000500215
8.34507e-05
0.000203977
0.000211791
0.000173769
0.000252661
1.971e-05
6.42084e-05
0.000225639
0.00122992
0.000503663
0.000329333
0.000139345
3.83364e-05
0.000139388
0.000348937
0.000191475
8.36488e-05
0.000609947
0.000905752
0.00126241
0.00051109
0.000570387
4.0395e-05
2.12626e-06
3.57496e-05
3.67357e-05
0.000319954
7.3167e-05
3.24184e-05
0.000349112
4.80785e-05
8.7939e-05
6.50386e-05
0.0001203
7.18111e-05
0.000506402
0.00019635
0.000583858
0.000716757
0.000778548
0.000548055
0.000572644
6.55566e-06
0.000472916
0.000374007
0.000117805
0.00110939
0.00054724
0.000694806
0.000956649
0.000248132
0.000415918
2.26196e-05
0.000241619
0.00102872
0.000412564
0.00027278
0.000149475
0.000275103
0.000141297
0.000254435
0.000815452
0.000319505
5.76364e-05
0.000778507
0.000131584
0.000125882
0.00059305
0.00074605
5.47626e-06
0.000211445
2.36641e-05
0.00011509
0.000107553
7.37812e-06
5.78209e-05
7.09252e-05
1.404e-05
9.07588e-05
0.000331601
0.000408409
0.000509922
0.000128953
0.000285306
0.000129338
0.000174453
0.000265286
0.000146691
0.000575228
0.00031717
0.000202391
8.80607e-05
0.000989862
0.000436756
0.000525132
0.000187764
0.000168893
0.000198482
0.00017973
6.35125e-05
0.000542677
0.000221502
0.000670787
0.000455371
0.000347875
0.000528151
0.00015022
1.77547e-05
0.000214738
0.000113527
0.000205189
0.000127682
0.000160629
0.000213388
0.000105331
7.90088e-05
0.000909268
0.000399206
0.00020786
0.00010334
0.000178485
0.00093209
0.000884884
0.000448135
0.000267148
0.000365788
0.00032549
4.53037e-05
7.22547e-05
0.000453949
0.000254532
9.61603e-05
0.000520045
0.000393725
0.000425521
0.000428509
0.000341562
0.000140436
0.000150675
0.000144182
0.000198615
0.000923151
0.00101024
0.000552727
5.55735e-05
3.66373e-05
7.48534e-05
0.000108276
0.000477661
0.000157044
0.000274089
0.000128038
0.000321481
0.000261811
4.91022e-05
0.000665512
0.000342464
0.000540443
0.000602244
0.000424957
2.24396e-05
0.000270204
0.000357295
0.000251864
2.33995e-05
0.000115498
0.000101235
0.000270913
0.000215085
0.000730925
0.000443416
0.000201311
0.000382472
0.000554162
3.39092e-05
0.000173594
0.000577383
0.000318345
3.40715e-05
7.47636e-05
0.000546279
0.000642582
0.000602353
0.000360173
0.000432599
9.04461e-05
4.69403e-05
0.000394032
0.000458634
0.000104118
0.000171766
0.000275244
0.0006173
8.37259e-05
0.000534482
0.000652674
0.000435717
8.52055e-05
0.000515195
0.000528949
0.000378458
0.000751849
0.000118227
0.000926211
0.000625355
0.000793735
0.00039991
5.8158e-05
8.94701e-06
0.000324453
0.000226659
0.000174941
0.000250633
0.000178304
0.000334952
0.000462875
0.000359767
0.000423169
0.000885221
0.000193735
0.000157734
0.000131585
0.0003449
0.000431056
0.000134922
0.000189195
6.42121e-05
7.3237e-05
0.000131229
0.000354784
0.000190397
5.41973e-06
0.000176048
0.000366564
4.81919e-05
0.00010517
0.000504667
0.000204258
0.000164921
0.000714401
0.000284758
0.000431995
0.000627664
0.000479108
0.000261656
0.000381249
0.000775375
0.000505458
0.000178303
8.09789e-06
0.000388513
0.000927337
0.00017311
0.000343028
0.000214298
0.000135884
0.000900405
0.00115489
0.000650473
0.00093277
7.23776e-05
0.000208935
0.000272561
0.000285858
6.85292e-05
1.67388e-06
1.16357e-05
0.000438779
0.000169635
0.000103673
2.25071e-05
0.000141681
9.58947e-05
0.000420375
0.000257335
0.000346803
0.000541049
0.000494038
0.00013418
0.000574985
0.000143866
0.000110743
0.000131743
0.000132239
0.000763361
0.000613021
0.00123752
0.000340722
0.00026176
0.000370299
0.000322568
0.000477413
0.000104704
9.08295e-05
0.000556924
0.000791029
0.000442172
0.000315153
0.000158603
0.000862493
0.00113839
0.000612334
0.000174921
6.96647e-05
3.06502e-05
0.000443066
7.28291e-05
0.000126532
0.000180563
0.000187634
7.07667e-05
1.06502e-05
0.000136134
0.00028148
0.000401416
0.000233292
0.000333774
0.000357343
0.00046605
0.000461216
0.000255174
0.000479413
0.000319912
0.000155996
6.36982e-05
0.00035894
0.000371616
0.000571792
0.000212315
0.000402101
0.000458283
8.60025e-05
3.29473e-05
0.000179969
0.000614079
0.000574773
0.00031729
0.000653241
0.000219616
0.000470811
0.000245355
0.000267722
0.000165187
8.10063e-05
4.989e-06
1.62896e-05
0.000268768
0.000593588
0.00037007
3.36865e-05
0.000461722
0.000370204
0.000708129
0.000199338
8.95686e-05
0.000192462
0.00113068
0.000203418
5.5744e-05
0.000496257
0.000904431
0.0005495
0.00032489
0.000486142
8.35256e-05
0.000783151
0.000268995
0.000339358
0.000195854
0.000509051
0.00022838
0.000407004
0.000498608
0.000130835
0.000223911
1.50924e-05
0.000786578
0.000548947
0.000340453
0.000432498
0.000387773
8.98978e-05
0.000210132
0.000118982
6.47564e-05
0.000596882
0.000478663
0.00041649
0.000473914
0.000260232
1.88032e-05
4.89666e-05
7.98827e-05
2.91935e-06
1.34315e-06
2.65494e-08
1.381e-05
0.000195533
0.000965969
0.000634285
0.00010322
0.000281511
9.10103e-05
0.000437256
0.000756641
0.000207794
0.000144919
2.84496e-05
2.59501e-05
0.000247507
0.000328098
0.000108402
0.000101981
0.000457344
0.000417224
6.46541e-05
0.000333082
0.000391655
0.000583805
0.00054925
0.000261799
0.000244833
3.83262e-05
0.000165759
0.000141842
5.15358e-05
0.000433133
0.000740796
0.000307876
0.000798901
0.000340236
0.000479523
0.000239941
0.000204296
0.000450481
0.000772451
0.000441539
0.000179495
0.000831524
0.000618263
0.00067611
0.000368004
0.000445704
0.000954618
0.000314601
6.28141e-05
1.63838e-05
0.000720877
6.38738e-05
0.000772279
0.000443941
0.000256193
0.000938879
0.000643376
0.00026221
0.000766351
0.000263819
6.90952e-05
0.000664749
0.00042222
0.000481197
0.000406406
0.000154265
0.000223891
0.000340691
0.000217691
0.000181885
0.000883293
0.000160239
0.000252995
0.000220606
0.000231854
0.000222694
0.000888084
0.000296565
0.000573315
0.000840885
0.000449094
0.000577238
0.000318746
9.63848e-05
8.55726e-05
0.000587243
0.000490381
0.000382316
0.000268368
8.70505e-05
8.12506e-06
9.49204e-06
3.37732e-05
3.6034e-05
0.000171078
1.29951e-05
0.00104029
9.41281e-05
0.000111782
0.000631197
0.000274859
0.000634284
0.000499491
0.000188722
0.000232683
0.000260843
0.000527748
0.000216651
3.16792e-05
0.000584713
0.000637377
0.000696067
0.000450528
0.000463974
0.000405373
0.000602231
0.000174874
0.000372841
0.000281587
0.000135804
0.000211987
0.000301999
3.07161e-05
0.000107097
0.000324547
0.000793874
0.000812365
0.000426922
1.0954e-05
1.60864e-06
5.95912e-07
9.54903e-06
6.30434e-06
9.76053e-05
0.000116964
0.000702002
0.000464172
0.000432046
0.000817767
0.000845639
0.000589945
0.000388219
4.75449e-05
7.50987e-05
2.26537e-05
0.000532084
0.000305888
0.000437437
0.000521681
9.12523e-05
0.000558264
0.000309257
0.00015309
0.000586518
0.000635411
0.000648318
0.00066144
0.000162079
0.000243721
6.26148e-05
5.71501e-05
4.71319e-05
9.34511e-06
0.000173366
0.000256721
0.00021535
0.00022814
0.000154542
0.000600413
0.000465059
0.000523828
0.000594719
0.00071438
0.000928463
0.000215454
1.47996e-05
2.05397e-05
7.34893e-05
4.00331e-06
4.93107e-06
7.82538e-06
2.88098e-05
0.00042398
0.00042157
0.000350797
9.5855e-05
3.58567e-06
1.76112e-05
0.000135968
7.21463e-05
0.000110917
2.72268e-05
4.12835e-05
0.000413957
0.000249861
0.000805313
0.000623189
0.000559056
0.000341249
0.000544013
0.000158028
0.000421829
0.000921601
0.000943571
0.000249644
0.000218643
0.000399488
0.000335718
5.40549e-06
0.000114972
6.09992e-05
2.18887e-05
0.000572407
4.91213e-05
0.000199553
0.000351132
0.000151165
0.000293586
0.000338537
0.000683454
0.000189303
0.00019715
0.000291015
0.000197234
0.000257578
7.45994e-05
0.000154129
0.00046779
0.000532933
0.000617429
0.0006345
0.000681318
0.000221392
0.000416309
0.000383321
0.000708767
0.000759917
0.00055359
0.000751097
0.00117151
0.000685181
0.000514693
0.000382489
0.000139184
0.000457637
0.000119653
0.000176772
0.000274174
0.000244131
0.000517572
0.000109579
8.38822e-05
0.000564184
3.8657e-06
0.000138343
0.000900996
0.0003635
0.000938141
0.000169149
0.000281424
5.51246e-05
0.000400163
0.00015353
0.000206207
1.71104e-05
0.000814382
0.000369242
0.000103862
0.000118688
4.70534e-05
0.000123611
7.44173e-05
0.000120567
0.000329717
0.000670659
0.000319236
0.000456745
9.51688e-05
5.92316e-05
5.2856e-05
0.000544842
6.35752e-05
0.000187304
2.52799e-05
0.000299419
0.000176395
0.000284646
0.000167356
0.000539408
0.000572547
9.65663e-05
0.000671514
0.000361502
0.000512336
0.000242842
8.7995e-05
0.000190232
0.000682445
0.000492114
0.000402921
0.000128125
0.00076726
0.000354286
0.000303181
2.33299e-05
0.000198253
0.000732062
0.000548281
0.000157474
2.6365e-05
0.000181558
0.000235484
0.00037851
9.87597e-05
0.000516593
0.000190293
7.32962e-05
2.70529e-06
0.00040754
5.68022e-05
3.97057e-05
0.000192577
0.000462836
0.000414239
0.000409464
0.000332916
0.000137738
0.000159791
0.000664607
0.000262213
0.000231593
0.000133693
9.44241e-05
0.000187614
0.000157548
0.000147549
4.48501e-05
9.14645e-06
8.169e-05
0.000605639
0.000297236
0.000233503
0.000615866
0.00029492
0.000772828
0.00030738
0.000310977
1.7375e-05
0.000348452
0.000368479
0.00062922
0.000466766
0.000503245
0.000541188
1.34516e-05
0.000339537
0.00012012
0.000572576
0.000662977
0.000338653
2.75609e-05
0.000361225
0.000103787
0.000684206
0.000273121
0.000150372
4.0129e-05
9.15847e-09
2.4539e-05
1.72723e-05
0.000531071
0.000584558
0.000288997
0.000122487
2.95138e-05
8.51128e-05
6.65326e-05
4.42958e-06
4.30586e-05
0.000171047
0.000415581
0.000631972
0.00052162
0.000203087
0.00101018
0.000553568
0.000202922
0.00113803
0.000337219
0.00016624
0.000393298
0.000259053
0.000247944
0.000203493
3.91542e-05
0.000440343
0.00050472
0.000363732
0.000165133
0.000384946
0.000376307
8.61129e-05
0.000238759
0.000371932
0.000455105
0.000374294
7.24809e-05
0.000124715
0.000337534
0.000127861
6.23763e-05
7.15873e-05
4.86118e-05
0.000201727
0.000169305
0.000329618
0.000132356
0.000291556
0.00100229
0.000122097
1.00522e-05
1.16832e-05
3.41695e-05
8.07618e-05
2.32087e-05
0.000136642
9.04371e-05
0.000536489
0.000592798
0.000602754
0.000768
0.000513443
0.000435899
0.000190638
0.000151483
0.000610958
0.000613445
0.000524107
0.000264211
0.000131645
0.000167206
0.000150471
4.04423e-05
0.000709399
5.92599e-05
0.000139937
0.000482997
0.000227335
7.60572e-05
2.5693e-05
0.000141878
0.000154202
0.000616102
4.92055e-05
0.000337532
0.000544446
0.000630427
0.000529445
0.00045117
0.000304
0.000592837
0.000435146
0.000119695
0.000141751
3.20771e-05
0.000723574
0.000735016
0.000766275
0.000391229
0.00052083
2.98511e-05
8.83456e-05
6.10515e-05
0.00057745
0.000463407
0.000902355
0.000911538
0.000822585
0.000212141
0.00016807
0.000331372
0.00068651
0.000414178
0.000748264
0.000472933
0.000197452
0.000147931
0.000204601
1.07894e-05
3.65285e-06
4.81483e-05
0.000539119
0.000381553
0.000683405
0.000735479
0.000746903
8.40496e-05
0.000346017
0.000231692
0.000707447
0.000296034
0.000160271
0.000108969
0.000326942
0.000896999
0.00023663
0.000477925
0.000438053
0.000391242
0.000421584
0.000517459
0.000913886
0.000365113
7.57371e-05
0.000137111
2.13574e-05
0.000229524
9.384e-05
2.48319e-05
0.000162494
8.77419e-05
0.000253676
0.00031067
0.000338599
0.000327076
0.000703433
0.000255523
0.000183983
0.000997191
5.05897e-05
6.66672e-05
0.000286372
0.000580678
0.000515896
6.69176e-05
0.00016494
0.000621708
0.000263734
5.50989e-05
0.000144005
3.70045e-05
0.000259984
7.00352e-05
0.000606215
0.000197949
0.000128084
0.000362326
0.000243644
0.00012503
0.000262607
0.00044353
0.000689616
0.000238382
0.000833106
0.000538359
0.000527635
0.000495614
0.000547944
0.000826671
0.000634022
0.000698266
0.000473292
9.7102e-05
8.0698e-06
1.21296e-05
0.000280564
0.000115869
0.000142286
0.000386707
0.000368739
0.000364103
0.00024976
0.00020389
0.00126841
0.000475293
0.000529128
0.000459339
0.000102498
0.000199305
0.000145249
0.000461342
0.000353366
0.000153646
0.000490292
0.000393727
0.000709617
0.000650384
0.000806108
0.00023845
0.000929795
0.000137929
0.000225228
0.000142007
0.000159511
0.000250278
0.00040531
6.07153e-05
0.00011745
0.000124832
0.000329285
0.000118789
0.000688846
0.000811719
0.000847564
0.000463719
0.000893944
0.000718765
0.00048114
0.000219309
0.000473073
0.000802355
8.17334e-05
9.98807e-05
0.000574562
0.000531858
0.000420166
0.000286283
0.000601915
9.86534e-05
0.000672977
0.00068094
0.000674065
0.000710797
0.000476475
0.000113181
8.92108e-05
4.15043e-05
0.000184949
5.81024e-05
0.00025652
0.000309378
0.00102057
0.000398711
0.00068831
0.000412186
0.000325857
0.000366565
0.000389157
0.000358255
0.000256641
0.00025209
0.000147073
8.42359e-05
0.000199705
0.000188829
0.000359089
0.000306452
0.000690584
0.000680339
0.000606135
0.000707076
0.000749404
0.000760608
0.000242755
6.9103e-05
0.000637184
0.000268845
0.000534535
0.000387265
0.00037749
2.82856e-05
5.30551e-06
3.70516e-07
8.90637e-07
9.65195e-06
0.000383133
0.000118061
0.000231624
0.000940642
0.000352358
0.000505719
0.00056315
7.57743e-05
0.000338126
0.00110834
0.000690479
0.00040851
0.000635378
0.000508231
0.000364325
0.000599698
0.000763622
0.000257884
0.000291033
0.000184903
0.000885644
0.00019894
0.000100537
0.000185981
9.35588e-06
8.58032e-05
1.32498e-05
5.66366e-05
0.000150756
0.000963356
0.000731853
6.13677e-05
8.90203e-05
3.93668e-05
8.14776e-05
0.000400123
0.000472386
0.000809848
0.000373088
0.000117676
5.21969e-05
0.000101157
0.000648048
0.00015331
6.74099e-05
0.000595185
0.000264687
0.000662447
0.000136126
0.000179159
0.00010476
0.000118181
0.000153131
0.000185458
0.000145168
0.000242426
0.000278658
3.68008e-05
3.3999e-05
6.55545e-05
0.000395022
3.61232e-05
0.000294283
0.00119503
0.000528905
6.14774e-05
0.000473964
0.000142033
0.000347535
0.000311867
0.000361919
0.000151382
0.000104429
7.30474e-05
0.000244705
0.000344038
0.000415371
0.000470636
0.000185871
0.000349931
0.000510609
0.000152403
0.000548701
0.000180031
0.000443424
0.000319037
0.000486646
0.000490407
5.28046e-05
0.000229871
0.000616639
0.000569226
9.3255e-05
6.02288e-06
0.000179487
0.000604697
0.000238207
0.000106149
3.2973e-05
4.54375e-05
0.000311344
8.23705e-05
8.85435e-05
0.000102562
0.000258889
0.000459277
0.000274311
0.000171365
0.000233919
0.000340961
0.000163911
0.000704151
0.000832558
0.000311379
0.000411064
0.000743464
0.000138793
0.000180085
0.000164864
8.74538e-05
2.47079e-05
8.53313e-05
0.00046443
0.000641832
0.00053044
0.000835058
0.000258011
9.50119e-05
0.000760211
0.000554859
0.000745035
0.000479478
0.000394368
0.000584946
6.31721e-05
2.14438e-05
0.000403583
0.000769681
3.00473e-06
0.000116974
0.000585363
0.000392513
0.000819234
3.62166e-05
0.000170909
0.000223648
8.98081e-05
0.000520422
0.000821998
0.00030439
0.000424163
0.000958764
0.000426415
1.07662e-05
4.57801e-05
0.000325944
0.00031304
5.19086e-05
0.000190999
0.000248826
0.000143962
0.000188352
9.68082e-05
0.000404978
0.000531149
0.000810372
0.000421715
0.000406988
0.000283967
7.5093e-05
0.000125008
4.06185e-05
0.000194181
0.000368078
0.000207826
0.000144316
9.87069e-05
0.000220752
0.000136881
0.000347335
0.000361597
0.00043116
0.000318674
0.000347491
0.000220358
0.000184514
1.35963e-05
0.000413942
0.000113219
8.5191e-05
0.000188103
9.26755e-05
1.44317e-05
0.000229855
7.16076e-05
0.000723164
0.000378946
0.000317582
0.000280414
1.33e-05
1.74645e-05
0.000581671
0.000108684
2.50828e-05
0.000294676
0.000516417
0.000292723
4.909e-06
0.000901143
0.00103514
0.000470028
0.000522808
0.000380266
0.000375395
0.000296453
0.0002207
0.000374949
0.000393736
0.000251101
0.000171217
0.000376907
0.000450654
0.00029868
1.28371e-05
0.000262704
0.000116059
2.11672e-07
0.00015525
0.000692309
0.000109053
6.72267e-05
0.000484465
0.000315324
0.000474674
0.000731372
0.000872585
0.000216338
0.000487428
0.000699824
0.000329631
0.000536032
0.000605643
0.000485818
0.00075662
0.000234988
0.000289962
0.000577046
0.000830043
0.000244921
0.000268065
0.000189184
0.000686572
0.00014916
4.22752e-05
0.000166106
1.76377e-05
3.40845e-06
3.31231e-06
8.38265e-06
3.76117e-05
0.000131957
5.08469e-06
1.52743e-05
3.03997e-05
1.33258e-05
0.000446263
9.40071e-05
0.000174118
0.000109115
9.06689e-05
2.31479e-05
0.000181725
0.000238575
0.000311752
1.72727e-05
0.000405294
7.72923e-05
0.00022185
0.000324164
0.000490619
0.000141014
7.77652e-05
5.23219e-05
0.000524784
5.48103e-05
8.0667e-06
0.000119939
8.01188e-05
9.47778e-05
0.000105228
0.000251794
0.000539064
6.6022e-05
0.000151302
6.72841e-05
0.000237392
0.000220727
0.000369333
0.00030957
7.44948e-05
0.000390259
0.000350074
7.50189e-05
0.000374041
0.000566916
0.000281486
0.000265445
0.000427868
0.000521651
0.000142669
4.51122e-05
9.75782e-05
0.000349112
0.000222217
0.000286448
0.000501559
9.92095e-05
0.000253125
0.000247195
0.000169692
0.000554147
0.000267646
3.97201e-05
0.000283219
0.000285581
2.82063e-05
4.98222e-05
0.000248316
0.000292132
0.000831666
0.000874707
0.000336536
0.000354152
0.000972979
0.000357315
0.000291396
0.00086274
0.000265069
0.000584562
0.000506472
0.000341482
0.000894112
0.000377709
0.000470139
6.67764e-05
0.000511581
0.000613096
0.00102395
2.32124e-05
0.000183383
0.000118014
5.60161e-05
0.000739202
3.04658e-05
7.87453e-05
0.000735227
0.000316545
0.000195279
0.000182543
0.000614512
0.000609759
0.000306804
0.000142904
0.000309055
0.000502185
0.000385715
0.000215808
0.000230392
0.000296951
0.00045084
0.00120534
0.00109103
0.000290709
0.000159106
0.000262461
0.000551871
0.000260752
0.000496905
0.000738223
0.000528982
0.000899659
2.96282e-05
8.90629e-05
0.000417543
0.000965536
0.000150266
0.00105402
0.000508335
0.000408141
0.000732814
0.000187385
0.000125756
0.000299353
0.000571148
6.29437e-05
0.000409481
0.000583793
0.000424214
0.000102461
0.000116503
0.000331568
0.000348906
0.000775576
0.000784523
0.000107389
0.000876971
9.57028e-05
0.000349081
0.000313913
0.000308385
0.00082766
0.000207123
0.000114435
0.000304821
0.000221148
0.000240075
0.000317742
0.000394691
4.0281e-05
0.00030912
8.09771e-05
0.000841593
0.000189102
0.000485265
0.000684678
9.33994e-05
9.46356e-05
0.000490189
0.000504288
0.000188977
0.000930924
9.71391e-07
6.48562e-05
6.98423e-06
0.000514251
0.000861726
0.000214891
0.000193779
0.000167363
0.000101008
3.69949e-05
1.61581e-05
0.000376041
0.000626229
0.000600942
0.000479849
0.000846905
0.000486771
0.000562057
0.000222106
0.000208686
0.000151135
3.97524e-05
0.000771423
0.000617187
0.000421196
0.00054414
0.000367078
0.000896414
0.000260492
0.000132004
8.27473e-05
0.00022214
0.000388274
0.000157017
0.000320781
0.000170763
9.26368e-05
0.000111681
0.000325831
0.000437894
0.000227857
0.000331435
0.000187075
0.000293135
0.000223669
0.000304977
0.000215048
8.96849e-05
0.000200571
0.000725519
0.000493462
0.000766665
0.000857499
0.000539929
0.000801562
1.55599e-05
0.000433872
0.000219024
0.000342814
0.000710646
0.00015553
0.000162609
6.69888e-05
0.000303396
0.000550515
0.000101491
0.000330302
7.19758e-05
0.000106248
3.51784e-05
8.89345e-06
0.000103001
2.31988e-05
1.34692e-05
0.00047335
0.000644077
0.000392648
0.000191632
0.000336707
0.000659943
0.000155133
0.000261438
0.000449117
3.10107e-05
6.65183e-05
0.000163321
0.000108155
0.000176969
0.000175799
0.000273452
0.000377913
0.000865479
0.000680294
0.000761432
0.000134909
0.000247182
0.000433565
0.000411278
8.47726e-05
0.000807619
0.000115241
0.000389591
0.00044597
0.000286921
0.000324436
0.000347217
0.000578785
0.000419956
0.00070311
0.000562465
0.000293982
0.000320012
2.87771e-05
0.000117703
0.000154774
0.000186463
0.000369443
0.000333673
0.000360005
7.1542e-05
2.29089e-06
0.000133717
0.000206887
4.02979e-07
5.34417e-06
0.000182973
0.000555596
0.000534303
0.00013326
0.000139516
0.000244677
0.000322143
0.0002388
5.14435e-05
8.58686e-05
0.000329312
6.83844e-05
0.000527344
0.000377997
0.000441007
0.000472065
0.000225477
0.000312242
0.000216815
6.11707e-05
0.000628717
0.000571931
6.47464e-06
0.000231908
0.000653995
2.00584e-05
0
4.21752e-05
0.00093474
0.000434988
0.00034283
2.93152e-05
4.8593e-05
0.000107824
0.000477497
0.000518405
0.000316903
0.0002331
0.000862131
0.000700991
0.000318739
0.000248346
0.000943401
0.000413292
0.000204188
0.000374259
0.000392075
0.00057129
0.000531799
0.000271082
0.000138853
0.00041194
0.000672494
2.33454e-06
6.27709e-06
0.000359529
0.000554228
0.00020333
0.000792933
0.000578005
0.000412934
9.3536e-05
0.000239875
0.000238597
0.000307349
0.000240673
8.82143e-05
0.000351581
0.000485063
0.000554022
0.000342842
0.000696694
0.000288442
0.000134061
0.000195325
0.000296079
0.000305593
2.12674e-05
0.000470061
0.000662772
5.40474e-05
7.57273e-05
0.000496691
0.000480312
0.000418361
0.000142142
8.10363e-05
0.000534843
6.4143e-05
0.000346725
4.52309e-05
0.000704211
0.000547012
0.000899724
0.000138752
0.000458088
0.000327394
0.000319949
0.000330294
0.000838367
0.000141248
5.73715e-05
5.03834e-05
0.000340897
0.000401873
0.000513079
0.000352748
0.000461833
0.000275309
0.000219279
0.000339753
0.000449036
0.000350033
0.000500465
0.000456191
0.000330567
0.000135829
0.000339978
0.000237245
0.000281459
0.000595448
0.000347608
0.000337059
0.00042901
0.000603399
0.000422203
0.000680832
0.000223061
0.000187623
0.000171165
0.000315369
0.000708466
0.000423202
0.000333912
0.000125847
0.000202722
0.000833223
0.000453907
0.000704221
0.000376169
2.29803e-05
0.000229505
0.000330914
0.000429087
0.000178481
0.000290231
0.000103352
0.000200735
0.000419285
0.000929523
3.80439e-05
0.000689826
0.000894157
0.000160399
0.000178655
0.000365819
0.000517338
0.00048515
0.000107952
0.000180052
3.48734e-05
0.000135131
7.63403e-05
0.000173513
0.000191238
0.000556416
0.000111737
0.000457039
9.19644e-05
0.000159227
0.000359711
0.00029208
0.000170651
2.3708e-05
0.000171449
1.05401e-06
0.000269453
0.00020354
0.000567612
0.00014019
0.000366593
0.000205264
0.000187442
0.000406121
0.000536185
0.000949321
0.000809374
0.000431349
0.000405563
0.000244976
0.000166273
0.00078098
0.000324235
0.000493002
0.000630525
0.000326795
0.000278722
0.000232433
0.00041181
0.000631744
0.000234144
0.000285182
0.000632366
0.000565104
0.000368162
0.000410333
0.000239386
0.00037321
0.000717635
0.000374122
0.00017756
0.000224535
2.43597e-05
0.000394691
8.48145e-05
2.03949e-06
8.17573e-05
7.09288e-05
4.24065e-05
0.000494066
2.29705e-05
4.5188e-05
0.000143736
0.000473494
0.000375003
0.000398135
0.000255026
0.000122412
0.000416022
0.000478225
0.000377973
0.00092659
0.000124594
4.50268e-05
0.000354722
0.00013897
0.000518198
0.000154723
0.000261106
0.000478138
0.000807486
0.000841237
0.00059907
0.00047753
0.000243695
0.000359142
8.53657e-05
0.000509211
8.33378e-05
0.000128159
0.000152065
0.000162386
0.000229994
0.000425091
2.80473e-05
1.74049e-05
4.71524e-05
3.89681e-05
0.00078577
8.40505e-05
0.000229942
0.000245007
2.90792e-05
6.36297e-05
0.000146418
0.000110152
5.63457e-05
3.6689e-06
0.000266223
0.000105683
0.000465753
0.000359968
0.00046486
6.41365e-05
0.00103618
0.000345256
0.000488281
9.25912e-05
0.000135586
2.32821e-09
1.37141e-06
8.12318e-05
0.00037585
0.000227495
1.57381e-05
9.22433e-05
9.50669e-06
7.08623e-05
9.86781e-06
3.10312e-05
0.000403193
0.000369253
0.000285694
3.16988e-05
9.62874e-05
0.00044842
0.000370014
0.000603856
0.000551931
0.000276794
0.000375845
0.000454739
0.000791046
0.000223655
0.000715855
0.000642183
0.000302723
0.000385868
0.000339408
0.000531977
0.000536035
0.000126587
0.000647456
6.00062e-05
0.000245368
0.000159908
0.000120659
1.43572e-05
0.00033278
0.00014729
0.000282958
0.000136014
5.00546e-05
5.49383e-06
0.000228939
0.00101496
0.000749987
0.000355111
0.000337141
0.000119097
0.000125939
0.000219447
0.000617179
0.000540177
0.000564622
3.83071e-05
0.000235099
0.000549237
0.000428072
0.000604278
0.000926258
0.000715162
0.000181906
0.000644684
0.000716837
0.000813167
0.000106593
0.000236811
0.00027676
0.00011178
0.000327167
0.000181294
0.000797517
0.000324956
0.000563372
0.00080989
0.000206888
4.65386e-05
0.000251456
0.000637411
0.00011752
0.000169231
0.000534859
0.000112706
0.000179254
0.000166188
0.000632203
0.000173313
0.000130886
0.000201663
0.000278144
0.00054881
0.000353931
0.000424691
0.000805402
0.000267006
0.000408785
0.000135153
0.000834885
0.00017098
7.84215e-05
9.39984e-05
0.000234812
0.000219958
0.000142935
0.000632214
0.000331099
0.000884486
0.000385697
0.000227824
0.000248855
0.000150823
0.000905539
0.000721417
0.000267738
0.000157606
0.000308231
3.0344e-05
0.00013178
7.42964e-05
0.00102115
0.000642397
3.45432e-05
0.000283145
1.15217e-05
0.000162158
0.000182602
0.000294497
0.000216547
2.41218e-06
0.000130893
0.00025812
0.00106454
0.000491726
0.000520057
0.000145798
0.000698945
0.000403124
0.000665918
0.000732869
0.000229917
5.5882e-05
0.000131026
0.00015378
0.000810608
0.000269713
0.000625364
0.000274733
0.000111026
0.000437075
0.000108687
0.000127286
0.0001394
0.000254525
0.000577504
0.00034451
0.000126007
4.77579e-05
0.000267667
0.000227362
7.59115e-05
7.77137e-05
6.18764e-06
7.68241e-05
0.000148506
0.000132887
3.37197e-06
0.000195686
0.000366374
0.000679961
0.000809891
0.000916423
0.000248475
0.000682001
0.00031069
0.000272415
0.00062281
0.000702862
0.000667551
0.000134281
0.000178615
1.20923e-06
0.000157447
0.000219775
5.12257e-05
0.000158675
0.000221444
0.000405885
0.000348925
0.0006591
0.00038128
3.50306e-05
0.000246679
0.000467101
0.000226839
0.000416718
0.000324647
0.000273964
0.000314551
0.000103795
2.86669e-05
0.000236376
6.55682e-05
0.000294199
0.000487298
0.000439683
0.00044917
0.000222732
0.000648365
0.000779376
0.000163699
0.000426762
0.000249015
0.000561576
0.000246713
0.000139776
0.000556914
0.000466954
0.00031144
0.000121786
0.000340792
0.000379682
0.000151605
0.00027374
0.000172567
0.000333489
0.000182268
5.80329e-05
6.57198e-05
0.000275491
0.000162825
5.89634e-05
0.000824213
4.9108e-07
2.13472e-06
0.000178208
0.000256589
0.000508193
0.000736954
0.000432943
1.55913e-05
0.000535538
0.000378683
0.00029282
0.000149647
0.000646678
0.000156475
0.000102373
0.000217978
0.000317676
0.000698196
1.90702e-05
0.000532698
0.000163854
0.000463997
0.00056779
0.000607609
0.000389359
0.000105015
0.000260579
0.000478846
4.11907e-05
2.57052e-05
0.000173444
0.00019793
8.38107e-05
6.30985e-05
4.05486e-05
0.000220316
0.000247302
0.00056683
0.00078095
0.000557684
0.000509431
0.000497467
0.000622756
0.000725985
0.000804557
0.000312188
0.000346852
0.000828619
0.000431491
0.000117747
0.000249598
0.000722222
0.000433147
0.000799298
2.62327e-05
3.58788e-05
0.000231021
0.000113643
0.000101553
2.41419e-06
3.1921e-06
0.000251825
0.000229405
0.000151363
0.000480307
2.3069e-05
9.24312e-07
9.6493e-05
0.000306856
0.000160451
3.61247e-05
0.000153078
0.000232292
0.000280704
5.07017e-05
0.000416973
0.000310221
0.000271198
0.000486739
0.000704576
0.000788516
0.00026484
6.75213e-05
0.000562264
0.000360483
0.000549853
0.00031205
0.000478423
0.00025856
0.000557859
6.29142e-05
2.20641e-05
5.89133e-05
0.000326328
0.000278531
0.000288869
0.00045902
0.000252241
0.000407563
0.000600104
7.07545e-05
0.000142648
0.000204819
0.000193982
0.000465574
0.000270061
0.000376302
0.000375081
0.000218997
0.00035634
0.000441303
0.000537995
0.000695832
0.000404702
0.000601751
0.000126877
9.80822e-05
0.000549643
0.000445918
4.95943e-05
7.24491e-05
0.000416981
0.000421298
0.000481358
5.39874e-05
0.000530011
0.000359936
0.000579939
1.14788e-05
2.31946e-06
0.000103887
8.12965e-05
0.000128562
4.9938e-05
0.000427663
0.000394672
0.000511121
0.000158557
0.000178391
0.000410776
0.000316166
4.17099e-05
0.000490739
9.5923e-05
0.000352551
0.000385036
0.000305983
0.000677807
0.000286808
0.0006747
0.00060911
0.000365489
0.000497587
0.000577316
0.000407941
0.000598862
0.000340268
3.02905e-05
0.000492868
0.000139416
0.000286346
0.000267797
2.00535e-05
0.000221577
0.000396766
0.000487344
0.000266835
0.000133323
0.000113669
9.5736e-05
0.000933762
0.000664301
0.000336617
0.000325336
0.000688406
7.87144e-05
0.000337463
2.78164e-05
6.15727e-05
8.45225e-05
0.000204539
2.3329e-05
0.000346812
1.98626e-05
0.000222404
0.000378215
0.000518774
0.00057742
5.54484e-05
0.000635936
3.86962e-05
0.000908799
0.000156627
0.000230837
3.83752e-05
0.000282775
2.01953e-05
0.000132419
0.000226689
0.000620782
5.37921e-05
0.000258454
0.000287119
7.9455e-05
0.000276317
0.000900374
0.000143047
8.50353e-05
2.67084e-05
0.000198693
0.000278353
2.22012e-05
8.55602e-07
4.14311e-05
2.69187e-05
0.000203422
4.7132e-05
0.000449505
9.9207e-05
0.000302547
0.000714163
0.000860483
0.000236903
0.000620495
0.000143302
0.000305384
9.77162e-05
0.000373377
3.98816e-05
0.00012823
0.000544317
0.000406147
0.000446192
0.000538102
0.000910052
0.000524208
5.93852e-05
0.000331863
0.000110799
4.13308e-05
2.81657e-06
0.000360792
0.000610777
0.000305344
0.000440393
0.000225191
0.000701777
0.000104471
0.000910203
0.000546643
0.000530893
0.000316382
0.000277193
0.00047453
0.000644534
9.0191e-05
8.77495e-05
0.000405661
0.000658968
0.000216184
0.000298839
0.000500366
0.000331255
0.000482282
0.000114707
4.41966e-05
0.000270133
0.000218699
0.000112113
0.000362422
0.000680333
0.000359106
0.000465858
0.000994991
0.000536833
6.82025e-05
1.93411e-05
0.000301297
0.000257265
0.000573776
0.000617831
0.000575341
0.000299
0.00055142
0.000153818
0.000292905
3.28884e-05
0.000517706
0.000355102
0.000463498
7.89003e-05
0.000300143
0.00046239
0.000320333
0.000639343
4.10703e-05
0.000309619
0.000381512
5.22185e-05
0.000823303
0.000156937
2.7254e-05
0.000506943
0.000182645
2.47618e-05
0.000318855
5.55514e-05
6.92763e-05
0.000626495
0.000216724
0.000197475
0.000225856
0.000309109
0.000344226
0.00041102
0.000901605
0.000279799
0.000537812
0.000217445
0.000319128
0.000968514
0.000444403
0.000297433
9.76968e-05
3.51595e-05
3.9649e-05
0.000138611
0.000145404
0.00047006
0.000114116
0.000659396
0.000388114
5.27231e-05
5.78973e-05
6.63579e-06
3.77861e-05
3.0106e-06
2.84853e-05
0.000225884
0.000104623
2.65192e-05
0.000589912
0.000207824
0.000298922
0.000248633
0.000345921
0.000597256
0.000171033
2.88279e-05
2.36492e-05
6.68627e-05
0.000205051
2.56771e-05
7.786e-05
7.93663e-06
3.68893e-05
0.000180684
0.000558485
8.63838e-05
0.00123305
0.000309517
0.000777949
0.000193481
0.000304867
3.51479e-05
0.000307817
0.000662447
0.000647018
0.000732749
0.000234165
0.000369716
0.000300455
0.000208331
0.000178054
0.000104718
7.48165e-05
0.00033207
0.000428026
0.000634528
7.66538e-05
0.00024077
0.000214745
0.000145844
0.000213362
0.000654902
0.000415775
0.000528718
0.00073754
0.000175365
0.000134296
0.000151071
0.000328915
0.000612773
0.000107868
0.000589912
0.00049384
0.000147102
3.93752e-05
3.82331e-05
0.000705995
0.0003871
0.000363444
0.000188115
0.000128263
0.000675138
0.000190214
0.000449921
0.000203279
1.4073e-05
7.46216e-06
2.22731e-06
5.23957e-05
0.000541015
0.000294953
0.000850421
6.168e-05
4.44164e-05
0.000406566
0.000171946
9.95915e-05
0.000100131
2.5397e-05
8.72019e-06
0.000236947
0.000148515
0.000397688
0.000237599
0.00047077
0.000158812
0.000148455
0.000130114
3.58178e-05
0.000211634
0.000271373
0.00033174
7.4343e-05
1.57848e-05
0.000148749
8.88086e-05
2.87066e-05
0.000590163
0.000616479
0.000550393
0.000295888
0.000249706
5.43858e-05
3.59842e-05
4.46268e-05
0.000231255
0.000152681
5.83631e-05
2.87061e-05
0.000167037
0.000582604
0.000555001
0.000376056
0.000347672
0.000474846
0.000826772
7.99074e-05
6.20485e-05
7.07311e-05
0.000113476
1.17504e-05
1.45229e-05
0.000182717
0.000277157
2.98713e-05
0.000346236
0.000562442
0.000509145
0.000316478
0.000188582
0.000380737
0.000594047
0.000887515
7.49426e-05
0.000104786
0.000826988
0.00036927
0.000734025
0.000432475
0.000389202
8.84247e-05
6.09192e-06
4.61092e-05
8.83365e-05
0.000235761
0.000430562
4.21472e-05
0.000165971
0.000526866
0.000613151
0.000305204
7.75617e-05
8.32437e-05
0.000380023
5.36498e-05
0.000428822
8.37956e-05
8.43054e-05
0.000459045
0.000605853
0.000110795
0.000299892
0.000237937
0.000342355
0.000690495
0.000474686
0.000385403
0.000527516
0.00034555
9.69349e-05
0.000622723
5.19483e-06
2.69653e-05
8.95606e-06
2.02375e-05
0.000185102
0.000145664
0.000184238
0.000135907
2.0612e-05
6.12728e-05
0.000589385
0.000310292
0.000694465
0.000221699
4.45576e-05
0.000564004
0.000232704
0.000272469
3.66137e-06
3.19142e-05
0.000310329
0.000151649
0.000461456
0.00102086
0.000627022
5.45448e-05
6.7903e-05
1.74363e-05
0.000451328
0.00049582
0.000744938
0.000152074
0.000229831
4.57914e-05
0.000310888
0.000301132
3.53146e-05
0.000409384
0.000469964
0.000539695
0.000432242
0.000217309
0.000312346
0.000511822
0.000221823
0.000420904
0.000562313
0.000406397
0.00019631
2.76719e-05
0.000411662
0.000673491
0.000440207
9.24252e-05
9.14216e-05
0.000555288
0.000458252
0.000196043
0.000213967
0.00102875
0.000558701
0.000415838
0.000452329
0.000373085
0.0005809
0.000742536
0.000426353
9.95345e-05
6.73382e-06
0.000130205
0.000439918
0.000469317
0.000170851
7.41019e-05
0.000286674
0.000222051
0.000857058
0.000440671
0.000575214
0.000200787
0.000873483
0.000909097
0.000180496
0.000296579
0.000461761
0.000704348
0.00018221
5.63056e-05
0.000775814
5.90909e-05
0.000721373
2.46153e-05
9.29012e-05
3.63808e-06
0.000231873
0.000725543
0.000839037
0.000196726
4.35038e-06
0.00033688
0.000613522
0.000179031
8.23324e-05
0.000560525
0.000153408
0.000350032
0.000395921
0.000258549
0.000164259
5.29162e-05
0.000552653
0.000198716
0.000154284
0.000102957
0.000187931
0.000145523
1.67169e-05
0.00021111
0.000737686
0.000405028
0.000410575
0.0001038
4.74701e-05
0.000272943
0.000408273
4.28999e-05
0.000298958
0.000295996
0.000347727
0.000225635
0.000706681
0.000162137
0.000473103
0.000239985
0.000153425
5.34031e-05
0.000601073
8.42181e-05
0.00029342
0.000122632
0.000301203
0.000360684
0.000195369
3.77393e-05
0.000256991
8.88007e-05
0.000181041
9.9699e-05
0.000373751
0.000518391
0.000275003
0.000252561
0.000155785
0.000202638
2.55511e-05
7.45722e-05
0.000728223
0.000336749
0.000104996
3.87916e-05
0.000258407
0.000613017
0.000490555
0.000121468
9.19739e-05
0.00084296
0.000544558
0.00055795
0.000340039
0.000294457
0.000649055
0.000500593
0.000414834
8.54991e-05
0.000583999
6.85551e-05
9.2579e-05
2.02358e-05
2.95249e-05
0.000197369
3.23049e-05
5.11591e-05
0.000329466
0.000813144
0.000728296
0.000386876
0.000265983
8.42064e-05
0.000132589
0.0011637
9.31637e-05
4.1014e-05
0.000495906
0.000138782
1.08123e-05
0.000316539
1.01049e-05
6.98224e-05
6.81425e-05
0.000123054
0.000402847
0.000194053
0.000329964
0.000407745
0.000389258
0.00043795
0.000387243
0.000444466
0.000446628
0.000604329
0.000500402
0.000414559
0.000122111
0.000350491
0.000214943
0.00039481
0.000162314
6.00208e-05
0.000126902
0.00069288
7.77674e-05
4.02846e-05
0.000447448
0.000802026
0.000373034
0.000115822
0.000383444
0.000290107
2.71197e-05
0.000218938
2.98422e-06
0.000916592
0.00070657
0.000612014
0.000125562
0.000266906
0.000258477
0.000544259
0.000182681
0.000188727
0.0006066
0.000444618
0.000234837
0.000337908
0.000127257
0.000267771
0.000186103
0.000118899
8.75317e-05
4.58457e-05
0.000279162
0.00054407
0.0010114
0.000360256
0.000150972
0.000260739
0.000531885
0.000417862
0.000299453
0.000326464
0.000466856
0.000277792
0.000169866
3.46233e-05
0.00011847
0.000226598
8.01553e-05
2.85124e-05
1.98701e-05
5.5323e-05
0.000147375
0.000160448
0.000712851
6.07222e-05
3.1709e-05
1.51454e-05
2.63974e-05
0.000383105
0.000213957
0.000360298
0.000638656
0.00102282
0.000450883
0.000199092
0.000648533
0.000259825
0.000648473
0.00035279
0.000188907
0.000532398
0.000678462
0.000409983
0.000253449
0.000339331
0.000535024
0.000354721
8.94828e-05
0.000302329
0.000131839
0.000208275
0.000284703
0.000271849
3.24873e-05
0.000555284
0.00047874
0.000809174
0.00026634
0.000407452
0.000214136
0.000473155
0.000378649
0.000179305
0.000406131
0.00038279
2.28915e-05
1.82478e-05
0.000158461
1.80555e-05
3.38109e-05
0.000101513
0.00014654
0.000509569
0.000249395
0.000419437
9.49945e-05
0.000411578
0.000205338
0.000708762
4.27711e-05
2.09877e-05
0.000486026
3.05678e-05
0.000385738
0.000408104
4.80448e-05
5.4787e-05
6.22379e-05
0.000431714
0.00036309
0.000604902
0.000455022
0.000549201
0.000479072
0.000342619
0.00022799
7.61878e-06
4.32516e-05
0.000347463
4.34924e-05
0.000330242
0.000213786
0.000135725
3.55004e-05
0.00011911
0.000549741
7.38368e-05
6.21435e-05
0.000234109
0.000371241
5.82177e-05
6.48703e-05
7.26135e-05
0.000341723
0.000279983
0.000429188
0.000969144
0.000806821
0.000282957
5.95346e-05
0.000123588
0.000552646
0.000305132
0.000637844
0.000251025
0.00036063
0.000364915
0.000181432
0.00035769
0.00107667
0.000120896
4.1254e-05
0.00052939
0.000542408
0.000186712
0.000312953
0.000398322
0.000413099
0.000387471
7.77102e-05
0.000319258
0.0001211
0.000192905
0.000352442
9.8784e-05
0.000416934
3.0219e-05
0.000218108
0.000355671
0.00011357
6.23318e-06
0.000574737
0.000273419
0.000126931
5.94502e-05
0.000106678
9.1558e-05
0.000209211
0.00034227
0.000397591
0.000152064
0.000477194
0.000155616
0.000428659
0.000472836
0.000707191
0.000164645
0.000524864
0.000348016
7.71511e-05
4.12788e-05
0.000212845
0.000284746
0.000170909
0.000104932
0.000106093
0.000620464
7.49259e-05
8.5782e-05
0.000551887
6.71427e-06
0.000312899
2.28123e-05
2.34611e-05
0.000385425
0.000167091
0.000465022
0.000440685
0.000376362
0.000526976
0.000855092
0.00047781
0.000380899
4.50635e-05
5.5549e-05
8.96423e-05
0.000308075
0.000121257
4.07548e-05
0.000576003
0.000568011
0.000511905
0.000281827
1.83209e-05
0.00034133
0.000244574
0.000308938
0.000394966
0.000374631
0.000230308
0.000145198
3.83425e-05
0.000551791
8.83641e-05
0.000170036
7.3346e-05
0.000164979
0.000233837
0.000585396
0.00036586
0.000585354
0.000440107
0.000172056
3.38917e-05
6.8125e-05
0.000304324
0.000163229
0.000962222
0.000313907
0.000656744
0.000579347
0.000571107
6.09587e-05
0.000194211
0.000400463
0.000149872
1.3351e-05
0.00103393
1.82482e-05
0.0001232
0.000170824
0.000178859
0.000610842
0.000828849
0.000314889
0.000361986
0.000679942
7.42505e-05
0.000100337
0.000564727
0.000948391
9.87407e-05
0.000309119
0.000556437
0.000723369
0.000215715
0.000713208
0.000937703
9.86745e-05
0.000325312
0.000167679
0.000155491
0.00049955
0.000316243
0.000316092
0.000835941
0.000171202
0.000599391
0.000374095
0.000413923
0.000262296
0.000355373
0.00054303
0.000227287
0.00051787
0.000570839
0.000715839
8.21438e-05
0.000228087
0.000761251
0.000773974
0.000910911
0.000507629
0.00075865
0.000268108
0.00034871
0.000313505
0.000263965
0.000516664
0.000110178
0.00039893
5.82898e-05
0.000104844
0.000153636
0.000290988
0.000142861
0.000569803
0.000603998
0.000307884
0.000766557
0.000553728
0.00015553
0.00020387
0.000235183
0.000372492
0.000229485
0.000206028
0.000232645
0.000929888
0.000152643
0.000334278
0.000575763
0.000568231
0.000372667
0.000504136
0.00018626
4.6778e-05
3.47905e-05
1.27272e-05
0.000149945
0.000234047
6.1211e-05
7.42991e-05
0.000325695
0.000589847
0.000365929
0.00028784
0.000240423
0.000645427
0.000187988
7.91636e-05
0.000301097
0.000209537
0.000259117
0.000165835
6.14405e-05
0.000328437
0.000749303
0.000460656
0.000157323
0.00056349
0.000738155
0.000610351
0.000423227
0.000948424
0.000595319
0.000423706
0.000441573
0.000586049
0.000424767
0.00028324
0.000271651
7.84417e-05
0.000307119
0.000661317
0.000501225
0.000399179
0.000165554
3.43096e-05
0.000417027
0.000347775
0.000838501
0.000954527
0.000424861
0.00013083
0.000452673
0.000260824
1.48593e-05
7.72518e-05
0.000411768
0.0004551
0.00021858
0.000197986
0.000355643
0.000554977
8.34541e-05
3.28716e-05
0.000166396
0.000172722
0.000118042
0.000435846
0.000111644
8.45985e-05
0.000566318
0.00033059
0.000251084
3.77744e-05
0.000152551
0.000324577
0.000221931
0.000528319
0.000136874
8.68587e-05
0.000809199
0.00057102
0.000580179
0.000915112
0.000621356
0.000872343
0.000622984
0.000278026
0.000480548
0.000265108
0.000696891
0.000187023
0.000635682
9.34803e-05
7.42438e-05
0.000343586
0.000325053
0.000226286
0.00023444
0.000525756
0.000236152
6.74354e-05
0.000212569
0.000998834
0.000268155
0.000447379
8.34028e-05
0.000291181
0.000284217
0.00045416
0.000585575
0.000418271
3.84569e-05
0.000226552
0.000776382
0.000224212
0.000356423
0.000211809
0.00049386
1.73439e-05
0.000176696
0.000108519
0.00039676
0.000790484
0.000636014
0.000591291
0.000780681
0.000102024
0.000121799
0.000218388
0.00071873
0.000303344
0.000807446
0.00102985
9.40234e-05
0.000276768
0.000501857
0.000113671
9.64308e-05
0.000187818
0.00072149
0.000222723
0.000617807
0.000480872
0.000693883
0.000266689
0.000151344
2.27325e-05
0.000296069
0.000615055
0.000319424
0.000173765
0.000742571
0.000602699
0.000421195
0.000411713
0.000528297
0.000206176
0.000543198
0.000756629
0.000331461
0.000358193
0.000127139
0.000317666
0.000280496
0.000495837
0.000635419
0.000632556
0.000861755
0.000636014
0.000403077
0.000222259
0.000116461
1.91601e-05
0.000383752
6.99552e-05
9.14224e-05
0.000303123
0.000114897
0.000116529
0.00062761
0.000339395
0.000651184
0.000170326
0.000301303
0.000366586
0.000430129
0.000279641
4.87816e-05
0.000102703
2.60521e-05
0.000269555
0.000273577
0.000792738
0.000592256
0.000469038
0.000404875
0.00132698
4.09521e-05
0.000783713
0.000238956
0.00037676
0.000181023
0.000273049
0.000427215
5.20746e-05
2.93131e-05
0.000447256
0.000347285
2.61885e-05
0.000334862
0.000387036
0.0002249
0.000322127
0.000276223
0.000239945
0.000360363
0.000589111
0.000860342
0.00056685
0.000239666
0.00065151
8.97614e-05
0.000145642
0.000438003
0.000511143
0.000601511
0.000184559
0.000257264
4.32805e-05
0.000360454
7.84507e-05
0.000257638
0.00109686
0.000829084
0.000192491
0.000401806
0.000380847
0.0003051
0.0004705
0.000356256
0.000434458
0.000419879
0.000380016
0.000337874
0.000312515
0.000423256
3.70865e-05
0.000448808
0.000156822
0.000612149
0.000319222
9.6219e-05
6.44097e-05
0.000238911
0.000572063
0.00031016
0.000397578
0.000365704
7.35796e-05
0
0.000304995
0.000100191
0.000120544
0.000411469
0.00036045
0.000288051
0.000242179
0.000293388
0.000207074
0.00030729
0.000284794
0.000710261
0.000644828
0.000156159
0.000278257
0.000342895
0.000340689
0.000419291
0.00035687
0.00042461
0.000122558
8.61299e-06
4.61547e-05
0.000389957
0.000585083
0.000655792
0.000712573
0.000377066
0.000716596
0.000208172
0.000405673
0.000333199
0.000563126
0.000168236
0.00042402
0.000211605
0.000265638
0.000249606
0.000466254
0.000602893
0.000365332
0.000101442
0.000368133
8.51738e-05
0.000227668
5.06397e-05
3.48156e-05
0.000221327
0.000416892
0.000553377
0.000144122
0.000160957
9.66446e-05
0.000495454
0.000117823
2.00981e-05
0.000138477
0.000226618
0.00013475
0.000686583
0.000823632
0.000205711
5.25719e-05
2.38098e-05
0.000212724
9.72162e-05
0.000808438
0.000390093
0.000305078
0.000109669
0.000735411
0.000473839
0.000521581
0.000132279
3.24833e-05
2.35474e-05
0.000543828
0.00017147
0.000620958
0.000612818
5.88695e-05
0.000260119
0.000261348
0.000887711
0.000200162
4.64792e-05
0.000355612
0.000467492
8.15546e-05
0.000485288
0.000498648
0.000380098
0.000410843
0.000833852
0.000254228
0.000558857
0.000228134
0.000205979
0.000668355
0.000354692
0.000236072
3.81239e-05
0.000299126
8.36366e-05
0.000394937
7.82215e-05
0.000181613
0.00103147
0.00051943
3.0515e-05
8.21008e-05
0.00029499
0.000375043
0.000459347
0.000549936
0.000373798
0.000778068
0.000480509
8.0903e-05
0.000184969
0.000474858
0.000408166
0.000694038
0.000773843
0.000165128
2.6652e-05
0.000367644
0.000392983
0.000772465
0.000484095
0.000337283
0.000678747
0.000194556
0.000581649
0.0010052
0.000128323
0.000372119
0.00019482
0.000301591
8.06163e-05
0.000201054
0.000880386
0.000228051
0.000686493
0.000494804
5.51186e-05
0.000207632
0.000457444
0.000400007
0.000219331
1.62105e-05
3.56004e-05
0.000612942
5.73001e-05
0.000199498
0.000497138
0.000482568
0.000117225
0.000147359
3.16427e-05
1.76051e-05
0.000257246
0.000329712
0.000204613
0.000440751
0.00041854
7.08987e-05
7.96435e-05
0.000426895
0.000931048
0.000540547
0.000170181
4.47598e-05
0.000117473
0.000562648
0.000243847
0.000125743
0.000106019
7.43025e-05
0.000165616
0.000313312
0.00036882
0.000553763
0.000176209
0.00019392
0.000476705
0.000196333
2.39058e-05
4.33861e-05
0.000192056
4.89958e-05
6.70799e-05
0.000137505
3.6547e-05
0.000489459
0.000156202
0.00021541
0.000123904
5.74985e-05
0.000378166
0.000296152
0.000845778
0.000548148
0.000295174
0.000479099
0.000394245
7.93132e-05
0.000132021
0.000700573
0.000493067
0.00036967
0.00025991
0.000567031
0.000420273
0.000558764
0.000110058
0.000512743
0.000167381
8.32405e-05
0.000135549
0.000426892
0.000799044
0.000152264
0.000145683
0.000123933
4.91732e-05
0.000309803
0.000234803
0.000231938
0.000410532
0.000285089
0.000347918
0.000115614
0.000202538
0.000550883
0.000855777
0.000253138
0.000156459
0.000239219
0.000135413
0.000377577
0.000434102
0.000444027
0.000438056
0.000171462
0.00061177
0.00090471
0.00069256
0.000175149
0.000258684
0.000634813
0.000545261
0.000330085
0.000615072
0.000485487
0.000267116
0.000521525
0.000534449
0.000579004
0.000130625
0.0001004
0.00015183
0.000985262
0.000309542
0.000397655
0.000244558
0.000348173
0.000393917
0.00020695
0.000149386
0.000498527
0.000420567
6.45869e-05
3.61707e-05
0.000455535
0.000343427
0.000673338
0.000273988
0.000645603
0.000588325
0.00053504
0.000314024
0.00041954
0.000915738
0.000888995
0.000201179
0.000560911
0.000612029
0.000398317
7.38822e-05
0.000381082
0.000547034
0.000189551
7.06455e-06
9.16184e-05
0.000425732
0.000146268
3.29027e-05
0.000192889
0.000204624
0.000423565
1.60281e-05
0.000505705
0.000482502
0.000394209
0.000623049
0.000471994
0.000505737
0.000511206
5.10869e-05
9.81376e-05
0.000639199
0.000990862
0.000505685
0.00022802
6.41158e-05
0.000542818
0.000190586
0.000343081
0.000613602
0.000106128
0.000533184
0.000745661
2.28253e-05
6.82965e-05
5.43747e-05
6.89054e-05
0.000167004
4.1833e-06
4.45302e-05
0.000485169
5.79991e-05
1.42233e-05
4.75613e-05
0.000297568
0.000190141
5.67655e-05
0.000586184
0.000241876
0.000485454
0.000320913
0.000658712
0.000365257
0.000387259
0.000176739
0.000299803
0.000453535
0.000145131
2.13555e-05
0.000167195
2.97651e-05
0.000327556
0.000261861
0.000412152
0.000123548
0.000518752
4.50498e-05
0.000320932
0.000302299
5.68546e-06
0.000177856
0.000286746
0.000282515
0.000296061
0.000285407
0.000345159
0.000458232
0.000538242
0.000373773
0.000156921
0.000167176
0.000908043
0.000679688
0.000255651
0.000348797
0.000438963
0.000312603
0.000414439
0.000355629
0.000166114
0.000309754
0.000161401
4.10992e-05
0.000183588
6.30223e-05
0.000374191
0.000565688
0.000265895
0.000882961
1.37291e-05
0.000169668
0.000779743
0.000801782
0.000451541
0.000285639
0.00052889
0.000480663
0.000341666
0.000311813
0.000148347
0.000520791
0.000110137
0.000144627
0.000465363
0.000189668
4.5173e-05
0.000101421
0.000264258
4.66007e-05
0.000132369
0.000115146
0.000194226
0.000500555
0.000457668
8.46299e-05
0.000122837
0.000101876
4.07024e-06
0.000203517
0.0004653
0.000548996
0.000610079
9.84883e-05
0.000352855
0.000375162
0.000583759
0.000416436
0.00040131
0.000378266
0.000612391
0.000349716
0.000207523
0.000219367
0.000177016
0.000156027
0.000118464
0.000364806
0.00056497
0.000341709
0.00035633
1.77935e-06
0.0004366
0.000248424
0.000399893
0.000797294
0.000481809
0.000333113
0.000697165
0.000440559
0.000439717
0.000547714
0.000457865
0.000675759
0.000306435
1.12419e-05
0.00026331
0.000128314
0.000545216
0.00038956
0.000283407
0.000321648
0.000277873
0.000315414
9.53369e-06
6.86397e-05
0.000665607
0.000596215
9.03747e-05
1.2787e-05
0.000109373
5.86418e-05
0.000264293
0.000598483
0.000432499
0.000578708
0.000633448
0.000155864
0.000260566
0.000206044
0.00063706
0.000466826
0.000485342
0.000194103
2.23852e-06
5.89823e-05
1.68995e-05
5.84334e-05
0.000150781
0.000211592
0.000111661
1.11521e-05
0.000138546
0.000182941
0.000105857
0.000173382
0.000531199
0.00024611
0.000131552
1.34639e-05
0.000243146
0.000247195
0.000539922
0.00069044
0.00068242
0.000311945
0.00037983
0.000818167
0.000698551
0.000389274
0.000588126
0.000162785
0.000350002
0.000397687
4.341e-05
0.000139697
0.000132558
0.000359928
0.000310009
0.000130034
0.000313401
0.000568151
0.000726722
0.000587913
0.000508561
0.000864056
0.000444592
0.00044888
8.61899e-05
3.58664e-05
7.40548e-05
6.33856e-05
0.000100156
0.000233646
0.000650149
0.000438633
0.000170412
0.000776833
0.000141999
0.000413721
8.11139e-05
0.00039291
0.000519866
0.000345571
0.000256394
0.000359532
0.00042851
0.000197563
0.000648715
0.000616249
0.000675508
0.00047546
0.00037076
0.000141099
0.000216851
0.000110497
0.000253032
0.000201265
7.45084e-05
0.000156523
3.93196e-05
0.000203464
1.61259e-05
0.000220265
0.000121786
0.000165194
2.65096e-05
5.64379e-05
0.000422868
0.000456757
0.000880516
0.000582568
0.000243616
0.000312071
9.48289e-05
0.00012151
0.00022897
3.14369e-05
0.00014334
1.84353e-05
0.000141287
0.000198615
0.000209322
0.000437294
0.000883925
0.000411736
0.000862762
0.000127642
0.000518719
0.000551047
8.45786e-05
0.000539516
0.000148717
0.000144437
0.000101902
3.87e-05
0.000475128
0.00041202
0.000394358
0.00029143
0.000430844
0.000653126
0.000586815
0.00014966
6.18101e-05
0.000129137
0.000414102
0.000467676
0.000439258
0.000452475
0.000437468
7.96829e-05
0.000353224
0.000235488
0.000408468
0.000597009
2.97913e-05
0.000253969
0.000472462
0.000417928
0.000469321
0.000326823
0.000998853
0.000119548
0.000747869
1.38542e-05
1.12722e-06
9.49869e-05
0.00020915
0.000310873
0.000227147
0.00024144
7.13139e-05
0.000371044
0.000238862
0.00021407
0.000157866
0.000479472
0.00065698
0.00054773
0.000390636
0.000635925
9.56744e-06
0.000622433
0.000205222
0.000598629
0.000355705
0.000475058
0.000112089
0.000227945
0.00014728
0.000592548
0.000473598
0.000579521
0.000436557
0.000354667
0.000335411
0.000128846
0.000469684
0.000129264
0.000418566
0.000212897
9.94805e-05
0.000128207
0.000371426
5.0148e-05
0.000325715
0.000121132
0.000676859
0.000268075
0.000687289
0.00115535
0.00031412
0.000418078
0.000572495
6.64255e-05
3.35123e-05
0.000115364
0.000218749
0.000606007
0.000768448
0.000227249
0.000929932
0.00068215
0.000215712
0.000364351
0.000237176
0.000253726
1.72133e-05
0.000153695
0.000121141
0.000442814
2.37076e-05
7.21107e-05
0.000278635
0.000391529
0.00122819
0.000953656
0.000233227
6.17099e-05
5.3067e-05
0.000341878
0.000444863
0.00113524
0.000262244
2.20147e-05
0.000162524
0.000388498
0.000711439
0.000328699
0.000207606
0.000730789
0.000683007
0.000545146
0.000600781
0.000147838
0.000374547
0.000257238
0.000206513
9.16929e-05
0.000147359
0.000165535
0.000310575
0.000394442
0.000278048
4.85997e-05
0.00010061
0.000185051
0.000264304
0.000196328
0.000156256
7.3142e-05
0.000389949
0.000857406
0.000129364
0.000128733
0.000243267
0.000340792
0.000142003
0.000464874
0.000225057
0.000410036
0.000410075
0.00042664
0.000397564
6.5489e-05
0.000536688
0.000732783
0.000522672
4.33172e-05
5.3435e-06
6.34707e-05
0.000483102
0.000737803
0.000714658
0.000247521
0.000357735
0.000668156
0.000281682
5.67359e-05
0.000215309
4.46903e-05
9.10603e-06
8.87294e-06
1.3738e-05
0.000176953
0.000702609
0.00112607
0.000494662
0.000146451
0.000155132
0.000159856
0.000258198
0.000144592
0.000469702
7.82022e-05
3.4679e-05
0.000204236
0.000210622
0.000117896
0.00053431
0.000779364
0.000236453
0.000474839
0.000542197
0.000380631
0.000683414
0.000547042
0.000634913
0.00043009
0.000185383
0.000168695
3.055e-05
0.000273663
0.000152748
0.000339386
0.000819623
0.000402838
0.000294838
0.000658969
0.000257376
9.79552e-05
0.000167639
0.000285218
0.000194025
0.000158044
0.000436507
0.000720414
0.00018209
0.000486079
0.000145441
0.000241212
0.000193702
9.57302e-06
0.000260753
3.97691e-05
1.28653e-05
4.73783e-06
4.38228e-05
0.000120333
0.000172841
4.65068e-05
0.000217795
0.000371525
3.31732e-05
1.9088e-05
0.000441718
0.000455675
0.00059626
0.000163008
0.000216541
0.000124292
0.000188747
0.000234942
0.000812314
0.000245388
0.000476997
0.000305447
8.30834e-05
0.000219388
0.000241951
0.000434418
0.00031987
0.000246356
0.000592022
0.000375352
0.000656743
0.000618344
0.000457297
0.000548807
0.00012914
0.000221487
0.000520803
0.000772032
0.000160261
0.000115527
0.000321012
3.0933e-05
0.000466376
0.00052499
0.000765349
0.000500345
0.000612529
0.000235191
0.000123273
0.000262457
0.00058016
0.000627445
0.000803718
0.000656673
0.000596998
0.000346377
0.0011727
0.000446074
0.000580001
0.000411842
0.000131495
0.00040143
0.000287614
0.00025104
0.000528668
0.000504456
0.000462648
5.51306e-05
0.000251288
0.000166101
0.000505494
0.000251543
1.95866e-05
2.31908e-06
0.000165793
0.000293846
0.000446608
0.000395607
0.000347317
0.000162752
5.14494e-05
0.000119274
0.000105797
0.000208827
0.000223805
0.000608595
0.000341819
0.000477764
9.49203e-05
0.000169829
8.76558e-05
1.45673e-05
0.000689574
0.000519191
0.000531266
0.000272612
0.0004839
3.82373e-05
0.000197763
5.64153e-05
0.000426674
0.000298831
0.000608959
0.000315315
0.000230612
0.000403693
0.000494024
2.54069e-05
0.000385642
0.000546216
0.000268568
0.000389368
0.000327144
0.000294389
0.000565323
0.000434372
0.000120646
6.90158e-05
0.000614346
0.000289123
0.000815136
0.000838997
0.000614809
0.000127148
0.000284011
0.000620127
0.000302935
0.000285796
0.000264466
0.00042318
0.000204034
1.85091e-05
9.20078e-05
6.58498e-05
0.000410869
0.000146622
0.000655451
8.89067e-05
1.47738e-05
9.36863e-06
1.82353e-05
0.000154745
0.000271837
0.000119745
0.000104522
0.000469001
0.000691008
0.000568347
0.000575436
0.000315186
0.000762006
9.82674e-05
1.99878e-05
0.000127578
0.000712064
0.000495282
0.000625389
8.78939e-05
0.000241143
0.000408295
0.000260202
0.000549059
0.000316873
0.000519907
0.000509346
0.000107611
0.000340628
0.000746278
0.000389934
0.000164678
0.000180471
0.00051747
0.000255506
6.53252e-06
0.000224277
6.13074e-05
0.000360707
0.000346158
0.000347914
0.000377656
0.000214118
0.000100971
1.27314e-05
1.1314e-05
0.000391403
0.000553581
0.000483127
0.000364373
0.000315085
2.12912e-06
0.000305065
0.000401432
0.000269021
0.000454755
0.000278838
0.000286611
7.93734e-05
0.000372266
0.000745619
0.000208266
0.000149049
0.000190989
0.000323048
0.000175548
0.000218604
0.000534168
0.000497746
4.01617e-05
0.000164222
0.000237291
0.000541096
0.000344114
0.00022578
0.000326843
0.000483461
0.000338391
2.28446e-05
0.000699421
0.000217429
7.94216e-05
0.000222364
0.000496426
9.33347e-05
0.000737138
0.000378386
0.000423547
5.36848e-05
9.95308e-05
9.66429e-05
9.38374e-05
0.000557616
0.000778555
0.000667283
0.000131968
6.83417e-05
0.00024084
0.000397591
0.000124163
0.00015307
0.000297498
0.000154283
0.000773702
0.00033577
0.000233594
0.000188729
0.000458271
0.000490437
0.000533211
0.000723401
0.000153454
8.7338e-05
0.000423993
0.000533795
0.000489854
0.000272915
0.000299642
0.000471453
0.000586092
0.000600801
0.000697045
0.000795842
0.000467646
0.000268456
2.177e-05
0.000257185
0.000151543
0.000365443
2.01768e-06
1.45633e-05
0.000488414
0.000924374
0.000367825
0.000238444
0.000845211
0.000459791
0.000103232
0.000770856
0.000273743
0.000318575
0.000581502
0.000372591
0.000242977
0.000550554
0.000372851
0.000711681
0.000205365
0.000252528
0.000109147
0.00092468
0.000258503
0.000653783
0.000131082
0.000510761
0.000489487
0.000289041
0.000421995
0.000559769
0.000409836
0.000561787
0.000412213
0.00012362
0.000621974
0.000146154
0.000214931
6.80276e-05
0.000159147
0.000364571
0.000206423
0.000514914
0.000496617
0.000259576
9.42658e-05
0.000306459
0.000159479
0.000202345
9.46079e-05
9.78266e-06
0.000169633
3.51123e-06
8.03964e-05
6.01327e-05
0.000540251
0.000604892
0.000343192
5.91189e-05
0.000360337
9.47119e-05
8.46147e-05
2.12962e-06
5.69797e-06
0.000169028
0.000283663
0.000644134
0.000692779
0.000592668
0.000595151
6.76944e-05
0.000131355
0.000317477
0.000325394
6.2506e-05
0.000258344
0.000130543
0.00014867
7.48403e-05
0.00015774
0.000255271
0.000120371
0.000437585
0.000687715
0.000208895
0.000503928
0.000272491
0.000530316
0.00032482
0.000150691
0.000241767
1.65457e-05
0.000105231
0.000374767
0.000138464
0.000409475
0.000257272
8.28439e-05
0.000341083
0.000208427
0.000741178
0.00032152
0.000140463
3.49275e-05
0.000109196
0.000635704
0.000496127
0.000181901
2.63999e-05
0.000184519
0.000131498
0.000717905
0.000408958
0.000315105
0.000417092
0.000282622
0.000329117
4.3355e-05
0.000222721
0.000418922
0.000496067
0.000304617
1.58128e-06
4.67536e-05
8.46794e-05
0.000204286
0.00039448
0.000138668
0.000753395
0.000214041
5.78725e-05
0.000356832
0.000550289
0.00050222
0.000143528
0.000375298
0.000440062
0.000507393
0.000354156
0.000329216
0.000225592
0.000152761
0.000114569
0.000563017
0.000334221
0.000618273
1.00551e-05
0.000358393
0.000148812
0.000109478
3.92211e-05
0.00012374
0.000533809
0.000474515
4.48846e-06
0.00047412
4.33353e-05
0.000304266
0.000344064
0.000442327
0.00029817
1.00984e-06
0.000211618
0.00028109
0.000185852
0.000407648
0.000600836
0.000254193
0.000487591
0.000542132
0.000954244
0.000359956
0.000267343
0.000458337
0.000602042
0.000276358
0.000447209
0.000472495
0.000533448
0.000194439
0.000321633
0.000454614
0.000261209
0.000724247
0.000259602
0.000756786
0.000193194
0.00061694
0.000244709
0.000290846
0.000417029
0.00037337
0.000279149
0.000778928
0.000454425
6.30581e-05
6.97149e-05
0.000108338
0.000271535
0.000282831
0.000219084
0.000168109
0.000195357
0.000201458
0.000286321
0.000559574
0.000536915
0.000578238
9.76094e-06
2.3412e-05
0.000482348
0.00013541
0.000175343
0.000126037
6.78083e-05
0.000767783
0.000404689
0.000524483
0.000759302
0.000858477
0.000419833
8.95195e-05
0.000769079
0.00019212
0.000185098
7.84903e-05
0.000294604
0.000407394
0.000430871
0.000797337
0.000335193
0.000217446
0.000210155
0.000249022
0.000307027
0.000159033
0.000758621
0.000573996
0.000359456
0.000470922
0.000409885
9.69465e-05
0.000512632
7.53745e-05
0.000209521
0.00030754
0.000208576
0.000223966
0.000535966
9.50681e-05
0.000815991
0.000598348
0.00056328
0.000851021
0.000120727
0.000345507
5.99716e-05
0.000753215
0.000448345
0.000154491
4.60934e-06
7.34871e-05
0.00035061
0.000677481
8.12325e-05
0.000409074
0.000303948
2.38548e-05
3.52798e-05
0.000242744
0.000197296
0.000327706
0.00028559
0.000428191
0.000240808
0.000191827
9.99872e-07
0.00022359
0.000852395
0.000519061
0.000563198
4.22511e-05
0.000458441
7.63632e-05
0.000314692
0.000625563
0.000502929
0.00054896
0.000597092
0.000306981
0.000373931
0.000534644
0.000366529
0.000213618
1.04666e-05
6.53488e-05
0.000275614
0.000602982
0.00064144
0.00038676
0.000368952
0.000224656
6.07983e-05
0.000150622
0.000829546
0.000328423
0.000198428
4.78303e-05
1.26798e-05
5.92675e-05
0.000409467
0.00035921
0.000354006
0.000127135
0.00021972
7.09575e-05
0.000566343
0.000144576
0.000444929
0.00087409
0.000427827
0.000549645
0.00105747
0.000239159
0.000127645
1.22376e-05
8.04032e-05
0.000426624
0.000159165
1.5242e-05
5.51853e-05
2.47284e-05
7.58197e-05
0.000447007
0.000335741
0.000199327
0.000151248
0.000182893
9.58523e-06
0.00023853
3.19474e-05
0.000487306
0.000513613
7.6638e-05
0.000709511
0.000270087
0.000518687
0.000203292
1.59178e-05
0.000820716
0.000150338
0.000165937
6.25624e-05
1.43666e-05
0.000161561
0.000474136
0.000216231
0.00023476
0.000164636
0.00082448
0.000345627
0.000267982
0.000754542
0.000806088
6.29999e-05
0.000195572
9.81645e-05
0.000405369
0.000323563
0.000274671
4.77468e-05
0.000108386
0.000134392
0.00014602
7.24382e-05
3.94787e-05
0.000335988
0.000393874
0.000632831
0.000267909
0.000572146
0.00035719
0.000545619
0.000189343
0.000177585
0.000268863
0.000156337
0.000401855
0.000158375
0.000738293
0.000142072
3.3677e-05
0.000282841
0.0007567
0.000333173
0.000755939
0.000220802
4.79015e-05
0.000106399
0.000171861
0.000530939
0.000552939
0.000319239
0.000321189
0.00036233
4.88695e-05
0.000506181
0.00055528
0.000434857
0.000210286
1.42682e-05
0.000156463
1.9839e-05
0.000115522
0.000249799
6.22266e-05
4.3848e-05
0.000798621
0.000497553
0.000642779
0.000545891
9.40581e-05
3.92943e-05
3.61424e-05
0.000216969
0.000510886
0.000354636
0.000315817
0.000333953
5.67309e-05
0.000155189
4.05324e-05
0.000444588
0.000357136
0.000266637
0.000572002
0.000328343
0.000233872
0.000233353
0.000568596
0.000167011
0.000156797
0.000128134
0.000592209
0.000109507
0.000282218
0.000327924
0.00050052
0.000169213
2.24442e-05
8.40615e-05
0.000563634
0.000170445
0.000259438
0.00057224
0.000411836
0.000714131
0.000287905
0.000159289
2.09136e-05
0.000162059
3.56528e-05
0.00016824
0.00018152
0.000244988
6.03186e-05
0.000297314
2.65626e-05
1.45999e-06
0.000234603
0.000283328
0.000562692
0.000332052
0.000385568
5.54392e-05
9.8944e-05
0.000185997
0.000574449
0.000496405
0.000310236
0.000217231
1.05438e-05
0.000123966
5.89878e-05
4.96837e-05
0.000282478
0.000274559
0.000110405
6.29302e-05
0.000477767
0.000507815
0.000251836
0.00045758
0.000555772
0.000610062
0.000110179
0.000138304
0.00011674
0.000260002
0.00014975
2.98515e-05
9.93928e-05
0.000123715
1.60332e-06
0.000761265
0.000755253
0.000244925
0.000325866
2.75748e-05
0.000391385
0.000295499
0.000696263
6.03711e-05
0.000138809
0.000612846
9.56383e-05
0.000496699
0.000832033
0.000287193
0.000422956
0.000503563
5.32054e-05
0.00012119
0.000546038
0.000814669
0.000660212
0.00053485
0.000222028
0.000352334
0.00081722
0.000395353
0.000395361
0.000430878
0.000173171
0.000231078
0.000283081
0.000864724
0.00059402
0.000527405
0.000367873
0.000188104
0.000194079
0.000374975
0.000685793
0.000162782
8.62958e-05
0.000286193
0.000191289
0.000396076
0.000355426
0.000440912
0.000472721
3.84595e-05
0.000159887
0.000193327
0.000601626
0.000923551
0.000382965
0.000335018
7.95636e-05
0.000381201
0.000517252
0.000195542
0.0001403
3.0293e-05
0.000463556
0.000600579
1.64288e-05
0.000205716
5.62436e-05
0.000225862
2.01791e-05
0.000177033
0.00030234
7.85758e-05
0.000188583
0.000310538
0.000409823
0.000276204
0.000202151
0.000213642
3.42549e-05
0.000323222
0.000720159
0.000494361
0.000256341
0.000165237
0.000247334
2.8213e-05
0.000212527
0.000430984
1.9292e-05
5.68195e-05
0.000421301
0.000392325
0.000248835
7.53745e-05
0.000311382
0.000894195
7.24414e-05
2.59054e-05
0.000712992
0.000420928
0.000429296
4.42831e-05
0.000252474
0.000183837
0.00039304
0.000682951
0.000486665
0.000250434
0.000636897
0.000829117
0.000277121
3.72741e-05
0.000152453
0.000423335
0.000414284
0.00071999
0.000116296
1.26299e-05
0.000860663
0.000361798
0.000142784
0.000409277
0.000795545
2.18877e-05
0.000310313
0.000339277
0.000472046
0.000461329
7.09023e-05
0.000172738
9.6693e-05
3.3449e-05
0.000350589
2.27133e-05
0.000155787
0.000386052
0.000407328
0.000106277
0.000219329
0.000572454
0.000572591
3.19866e-06
7.26586e-05
0.000400402
0.000283835
0.000222379
0.000260918
4.29784e-05
0.000148278
0.000560455
0.000145061
0.000425018
0.000246646
0.000114185
0.000826979
0.000182515
8.68658e-05
0.00027733
0.000265376
0.000524533
0.000741129
3.74671e-05
9.21699e-05
0.000205531
0.000353816
0.000378481
1.94962e-05
0.00105401
0.000303328
0.000933967
0.000552629
6.03389e-05
0.000189265
0.000139233
9.02035e-05
0.000248503
1.41924e-05
1.07878e-05
6.81862e-05
5.69453e-05
1.2729e-05
4.67259e-05
1.52534e-05
0.000172743
0.000214881
0.000537199
0.000604308
0.000382795
0.000237762
4.61294e-05
0.000281947
0.000306166
0.000217974
5.11463e-05
0.000127316
1.56267e-05
0.00044217
0.000265256
0.00053652
0.00011138
0.000204704
0.000269865
0.000430833
0.000455994
0.000460167
0.000490791
0.000293623
0.000328658
0.000104782
6.34144e-05
0.00036513
4.70377e-05
0.000178892
0.000722643
0.000740284
0.000593801
0.000381357
0.000220105
0.000394532
0.000746976
0.000124232
0.000743164
0.000155675
0.000191707
0.00024677
8.30769e-05
7.25908e-05
0.000901246
0.000539392
0.000201969
0.000227232
0.000760192
0.000380147
4.36849e-05
0.000269061
0.000347411
0.000129561
6.06247e-05
9.24742e-05
0.000213383
0.000397651
0.000363611
0.000395614
0.000237722
1.33338e-05
9.8452e-05
2.83958e-05
0.000169774
0.000636076
0.000545501
0.000475872
0.000361673
0.000206508
0.000331732
0.000539978
0.000275642
0.000831303
0.000463455
3.50043e-05
0.000228717
0.000464511
0.000203547
0.000558733
0.000442719
0.000392362
0.00075779
0.000388219
0.000147114
8.77665e-05
0.000184658
0.00030863
7.1449e-05
0.000126686
7.31855e-05
2.10558e-05
4.4338e-05
8.49345e-05
0.000205317
5.66262e-05
8.07845e-05
0.000298951
0.000190583
0.000647063
0.000206622
0.000502385
0.000733312
0.000201142
8.66449e-05
0.000259035
0.000149255
0.000258889
0.000291924
1.06018e-05
2.20197e-05
0.000373008
0.000457034
0.000385874
0.000812535
0.000101207
0.000676465
0.000619635
0.000672615
0.00022212
8.62836e-05
0.000208779
0.000256838
0.000284425
0.000118982
0.000699613
0.00015143
0.00035608
0.000175898
0.000102482
0.000274596
0.000314787
7.45737e-05
0.000492634
0.000155746
9.41391e-05
0.000259014
0.000319282
0.000179212
0.000201326
0.00036956
0.000592372
0.000492862
0.000249969
0.000294893
0
0.000242771
0.000367199
0.000303839
0.000592055
0.00123779
0.00015924
0.000118665
2.68171e-05
5.79289e-06
3.05387e-06
0.000235869
0.000161221
0.00013423
9.8942e-05
0.000305332
0.000195452
0.000213927
0.00056784
0.000296152
3.848e-05
0.000149506
0.000220814
0.000179282
0.000518103
0.000325298
0.00031142
0.000244745
0.000476444
0.000674192
0.000341886
0.000786582
0.000671362
2.09439e-05
3.55699e-05
0.000427096
0.000616497
0.000336684
0.000515107
0.000521786
0.000236194
0.000520274
0.000536815
0.000560176
0.000322759
0.000310674
0.000542983
0.000249818
0.000404913
2.58126e-05
0.000147017
0.000116414
0.00031617
0.000588089
0.00046021
0.00061663
0.000100424
0.000200609
0.000300821
0.000266408
0.000181255
0.000121382
0.000529984
0.000268626
0.000417125
0.000615372
0.00050262
0.000411689
0.000549098
0.000240205
0.000607413
0.000193932
0.000293929
0.000495292
0.000489206
0.000251824
9.57067e-05
0.000268595
0.000165506
0.000121147
3.91181e-06
3.98357e-05
0.000215358
0.000375726
0.000225207
0.000201483
0.000236508
7.05652e-05
2.98061e-05
0.000281509
8.05575e-05
9.7033e-05
0.000300211
0.000616262
0.000708162
0.000448258
0.00058864
0.000334696
0.000482134
0.000229449
7.46026e-05
8.4432e-05
0.000769558
0.000789496
0.000204834
4.55345e-05
2.09361e-06
3.25613e-05
0.000146995
0.000160214
0.000378951
0.000356075
0.000259207
0.000276221
0.000261618
0.000213887
0.000345551
0.00047681
0.0003497
0.000379431
0.000371675
0.000439385
0.000241385
0.000270381
0.00044287
0.000441284
0.000483156
0.000654051
0.000352395
0.000225497
0.000140258
2.44276e-05
0.000132277
0.000223837
0.000712512
0.00067195
0.000239848
0.000350455
0.000184915
0.000222806
0.000261717
0.000412077
0.000211821
0.000243539
0.00024191
0.000455146
0.000935759
6.78715e-06
0.000588402
0.000603325
0.000659141
0.00016496
5.7748e-05
0.000102645
0.000135568
8.34064e-05
0.000277378
0.000361607
7.54525e-05
0.000313182
0.000254424
0.000128576
0.000210797
0.000456715
0.000500696
0.000398609
0.000311508
8.88593e-05
0.000415778
0.000107546
0.000348443
0.000118291
0.000322879
0.000401037
0.000611676
0.000173593
2.23173e-05
0.000150116
0.000335334
7.43702e-05
0.000960791
0.000616115
0.000374034
0.000281804
0.00048255
0.000138888
0.000409437
0.000154874
0.000952597
0.000712442
0.000231735
0.000319267
0.000666754
0.000331209
0.000481802
0.000223896
0.000669913
0.000858227
0.0003693
0.000205797
0.000304552
0.000178534
0.000231511
0.000175974
0.000176601
6.86123e-06
9.07647e-05
2.32923e-05
9.45494e-05
0.000118541
0.000161687
0.00045381
0.000566427
0.00043356
0.000941395
2.31871e-05
0.000642092
8.19954e-05
7.90278e-05
0.000109263
0.000331816
0.000579061
0.00045068
0.00030979
0.000323668
0.000313847
4.18194e-05
9.02525e-05
0.000445741
5.98616e-05
1.33876e-05
2.36936e-05
0.000202802
0.000402638
0.000226943
0.000142998
7.61575e-05
0.000199331
0.00031267
0.000201208
0.000327676
0.000273717
0.000236271
0.000364079
0.000117796
0.000127103
0.000109401
0.000586465
7.96923e-06
1.88921e-05
0.00050557
0.000443096
0.000465999
5.14043e-05
0.000138191
7.04473e-05
0.000335309
0.000145867
0.000258368
0.000162247
8.00956e-06
3.67128e-05
0.000309661
0.000360113
0.000330599
0.000972711
0.000554263
0.00030291
0.000162793
0.000210035
6.85788e-05
3.44942e-05
0.000298539
0.000414951
0.000376899
7.82991e-05
0.000423466
0.000254231
0.000151641
0.000483851
0.000521002
0.000287625
0.000156627
1.85509e-05
0.000221454
0.000290884
0.000139265
0.000392692
0.00054259
0.000383264
0.000549239
0.000227974
9.91676e-05
0.000151079
0.000244049
8.52683e-05
0.000319576
0.0002982
0.000551478
0.000164428
9.19544e-05
0.000252883
9.40697e-05
0.000332939
0.000797205
8.36627e-05
0.000154904
0.000136266
0.000262773
2.73222e-05
2.47141e-05
0.000211736
0.000721678
5.6844e-05
8.52965e-05
5.22804e-05
0.000541898
0.000505611
0.000244572
0.000280272
0.000502418
0.000119347
9.70643e-05
0.000413595
0.00048796
0.00046705
0.000386988
0.000196601
0.000115254
0.000101154
0.00017308
2.50407e-05
8.178e-05
8.60896e-07
0.000339525
7.29995e-05
0.00024119
0.000102433
9.65058e-05
0.000262931
0.000358545
0.000410456
0.000538301
2.18873e-05
0.000356787
3.4636e-05
0.000127595
0.000353127
7.89304e-05
0.000175074
0.000160805
0.000662408
0.000128983
0.000396629
0.000765483
0.000776188
0.00019478
0.000178123
0.000671164
0.000120629
0.000140188
0.000341479
0.000511617
0.0003613
0.000138248
0.000105856
0.000273814
0.000190498
0.000664152
0.000778412
0.000481964
0.000791873
0.000501793
0.000321047
0.000490332
0.000591291
0.000353622
0.000226217
8.10414e-05
4.11302e-06
5.50862e-05
0.000801938
0.000317433
0.000588307
1.5926e-05
0.000646467
0.000327894
0.000228095
8.47417e-05
0.000114669
0.000611476
0.000402293
0.000774462
0.000466387
5.02238e-05
9.59829e-06
0.000105766
0.000536696
0.000297197
0.00114141
0.00038613
0.00106362
0.000153096
0.000704749
0.000743734
0.000210194
3.83011e-05
0.000281117
0.000334447
0.000567338
0.000785414
0.00046852
0.000162912
0.000165972
9.21961e-05
0.000122491
5.18803e-05
0.000169166
0.000816117
0.000215802
0.000903679
0.000101947
0.00038247
0.000195882
0.000390484
0.000361265
0.000666301
2.56089e-05
3.98359e-05
6.63128e-05
0.000321026
0.000527805
0.000299768
0.000309765
0.000171857
0.000243687
5.92018e-05
6.65542e-05
0.000441886
0.000728402
0.000402121
0.000432958
0.000463344
0.000158856
0.000234741
0.000398495
0.000537247
0.000124272
3.27739e-05
0.000126055
0.000323544
0.000444129
0.000471417
0.000568767
0.000674993
0.000355558
0.000520703
0.000655474
0.000457156
0.000176462
0.000806729
0.000654669
0.000226358
7.57303e-05
6.25929e-05
0.000424825
0.000308145
0.000184975
0.000931089
1.67365e-05
0.000102668
0.000298041
0.000259216
0.000454854
0.00064394
0.000527805
0.000315978
0.000628015
1.23247e-05
0.000974447
5.0527e-05
0.000344679
0.000618353
0.000249621
0.000433833
0.000166734
0.000124345
3.38399e-05
0.000199407
9.12264e-06
0.000493049
0.000678623
0.000389364
0.000237388
3.11731e-05
4.50653e-05
0.000360556
8.69042e-05
0.000233648
6.14199e-05
0.000203569
0.000175916
5.54053e-05
0.000555167
0.000517817
0.00048973
0.000144892
5.70844e-05
9.59089e-05
0.000175432
0.000134658
7.65627e-06
6.00645e-05
3.8054e-05
6.62714e-05
0.000676846
0.00052941
0.00053065
0.000818716
0.00053142
0.000601215
0.000303566
0.000101282
9.69276e-05
0.000604453
8.25637e-05
6.91823e-05
0.00030502
0.000521627
0.000127308
3.05382e-05
0.000243507
0.000622007
0.000167491
0.000367507
5.01083e-05
0.000266314
0.000338239
0.000383293
0.000390788
0.000281429
0.000323653
0.000432616
1.06774e-05
0.000155978
0.00068962
0.000169771
0.000195592
4.51346e-05
0.000165955
0.000263486
0.000513672
0.000256974
0.000216743
0.000251028
0.000389248
0.000472365
0.000265106
0.000125087
0.000335175
0.000331329
0.000361174
0.000847796
3.37617e-05
6.33273e-05
0.000126053
0.000211209
0.000461135
0.000259186
8.66584e-05
0.000291238
3.61588e-05
0.000133319
0.000195159
0.000220604
0.000169494
0.000369732
0.000787111
0.000296576
0.00047194
0.000251852
0.000418661
0.000277975
0.000741569
0.000299134
0.000477189
0.000160812
7.09795e-05
0.000173465
0.000140352
0.000682787
0.000358737
0.000228092
0.000667304
0.000384683
8.18355e-05
0.000126798
6.67945e-05
0.000612278
0.000146846
0.000690676
0.000695845
0.000270518
0.00041315
0.000140523
0.000118825
0.000345009
0.000773913
0.000250399
0.000582189
0.000266932
0.000668911
0.000236178
0.000428361
0.000435072
0.000349652
0.000252689
0.000145293
0.000169348
4.23726e-05
7.83479e-05
0.000495727
0.000465907
0.000243526
0.000409153
0.000570336
7.4254e-05
0.000316226
5.14971e-05
0.000220301
0.000168183
3.94157e-05
0.000292827
0.000568227
0.000218592
0.000336945
0.000166256
0.000345375
0.000294271
0.000715355
0.000603062
0.000106144
0.000264244
0.000252448
0.000107405
0.000114136
0.000106884
0.000588683
0.000623776
0.000216352
0.000414076
0.000583948
0.00010446
0.000109324
1.48325e-05
0.000306793
7.03599e-05
8.54974e-05
0.00030837
0.00062556
0.000635157
0.000294863
0.000264771
0.000219399
0.000392977
0.000102487
0.000269557
0.000393026
0.000446215
0.000120062
0.00027847
0.000400033
0.000127906
0.000799885
0.000325229
0.000101439
0.000164922
0.000216801
0.000269885
0.000455349
0.000442109
0.000493526
0.000817186
0.000842308
0.00018533
0.000145288
2.92769e-05
3.5659e-05
7.8082e-06
0.000294714
0.000410918
0.000240952
0.000180948
0.000525799
0.000539516
0.00042858
0.000156591
9.88718e-05
0.000441266
4.23964e-05
0.000203682
0.000117857
0.000160622
9.08902e-05
0.000125037
0.000178061
0.000164598
0.000113078
0.000182256
0.00038142
0.000508415
0.000106877
0.000378763
0.000246144
0.000489849
0.000290768
0.000510693
9.08335e-05
0.000293112
0.000214403
3.77692e-06
0.000143794
0.000269115
2.288e-05
4.90553e-05
0.000217237
0.000546066
0.000534276
6.30227e-05
0.000705004
0.000255724
1.20559e-05
4.19869e-06
7.50429e-05
0.000651091
0.000109481
0.000147667
0.000922811
0.000546908
0.000396623
0.00095712
0.000457924
0.000482455
0.000645828
0.000119055
1.97932e-05
0.000155581
1.83612e-05
3.60728e-05
9.86185e-05
4.29598e-06
0.000961976
0.000699662
0.000315946
6.76589e-05
0.000785657
0.000393522
0.000275252
0.000500279
0.000445015
9.49881e-05
0.000128601
0.000539295
0.000506237
0.000258257
0.0008661
0.000242525
0.000290224
7.25305e-05
2.7997e-05
8.80296e-05
0.000515275
0.000298793
0.000595984
0.000193344
0.000160356
0.000454597
0.000840568
0.000343629
8.06053e-05
0.000301254
0.000113496
0.000117662
0.000367808
0.000225827
0.000382576
0.000568682
0.000370046
0.000663875
0.000104668
6.33641e-05
0.000268899
0.000119687
0.000189546
0.000691619
0.000756303
0.000576051
0.0004298
0.000612436
0.000332217
0.000527824
0.000427972
0.000558171
0.000825038
0.000417018
0.000286744
0.000300393
0.00013331
0.000161674
0.000108955
0.000218096
0.000542305
0.000279696
9.66549e-05
1.57925e-05
0.000390785
0.000448126
0.000189933
8.69942e-05
9.11762e-05
7.65442e-06
0.000230151
0.000223377
0.000140069
4.63198e-05
0.000158667
0.00028945
0.00012771
0.000280997
4.15952e-05
8.60973e-05
0.00053402
0.000364786
0.000160179
6.01514e-05
6.74465e-05
8.44984e-05
0.000169963
0.000423841
0.000405195
0.000426819
0.000515636
0.000279414
0.000520552
0.000451411
1.25258e-05
0.000143182
9.43466e-05
0.000247778
0.00055351
0.000191865
0.000405135
3.45909e-05
0.000408861
0.00028435
0.00010275
0.000100884
5.7232e-05
0.000118534
0.000146115
4.24685e-05
0.000437094
0.000333389
0.000487532
0.000254524
0.000224969
0.000574689
0.000202884
8.54842e-05
8.42149e-07
6.56576e-05
0.000105924
0.000557182
0.000351032
0.000151019
6.64325e-05
0.000525557
0.000223651
9.37412e-05
0.000698111
3.64092e-05
7.39738e-05
0.000160021
0.000360154
0.000829936
0.000586249
0.000226424
0.000845763
0.000416877
0.000371933
0.000132361
1.02232e-05
5.66994e-05
1.53894e-05
0.000213451
0.000324346
0.000207387
0.000283034
0.000712754
0.00029766
0.000405612
0.000176638
0.000528513
0.000534172
0.000246923
0.00068134
0.000470868
0.000641787
0.000422874
0.000708858
0.000235365
0.000584157
0.000549328
0.000636282
0.000513853
7.75107e-05
0.000100578
0.000810309
0.000175272
0.000122679
6.98409e-05
0.000314554
0.000352124
0.000664783
0.000405433
0.000296358
0.000519244
0.000554798
0.000121005
0.000487251
0.000450488
0.000512276
0.000117601
0.000409529
0.000163989
3.15709e-05
0.00020606
3.54034e-05
0.000190085
0.000206123
0.000167869
0.000235833
0.000400953
0.000436701
0.000503207
0.000260042
0.000204659
0.000552382
0.00027455
0.000265174
0.000544852
0.000156051
0.000109524
0.000204029
0.000443091
9.39833e-05
0.000103576
0.000470009
0.000462912
0.00031398
0.000277231
0.000111796
0.000249226
0.000334221
0.000288873
0.000602795
0.000425069
0.000237969
6.02361e-07
0.000682675
0.000778077
0.000446299
0.000393519
0.000347414
0.000665969
0.000189224
0.000618693
0.00046803
0.000454572
0.000813139
8.39842e-05
0.000357894
0.000147379
0.00010248
0.000355224
0.000207059
0.000448241
0.000527932
0.000181433
0.000190997
0.00044125
0.000261001
2.12985e-06
3.20403e-05
0.000297802
0.000399009
4.307e-05
0.000730806
0.00048468
0.000169264
0.000378742
0.000102439
0.000195961
0.000134134
0.000161593
3.49e-05
0.000194518
0.000172772
6.52248e-05
6.22187e-06
4.75517e-05
1.05733e-05
3.81947e-06
9.90381e-05
0.00040752
0.00051317
0.00013407
0.000196804
0.000108554
6.41484e-05
0.000855423
0.000234509
0.00016604
0.000203942
0.000190054
0.000894507
0.000951883
0.00011304
0.000145263
0.000185295
0.000189769
0.000793225
0.00105052
0.000268942
0.00047387
0.000437414
0.000303244
0.000255735
0.00014616
0.000130974
5.13367e-05
0.000145937
0.000273794
0.000457823
0.000270023
0.000770478
0.000564921
0.000404307
1.41054e-05
0.000156344
0.000141194
3.73557e-05
4.69377e-05
9.64294e-05
0.000808102
0.000546154
0.00040937
0.000419317
0.000112167
0.000293811
8.40473e-05
0.000350602
0.000102304
0.00063945
6.6268e-05
0.000600316
4.44355e-05
0.000467655
0.000542637
0.000723774
0.000730257
0.000390458
0.00012761
0.000172544
0.000184585
0.000266604
0.00119502
0.000891903
0.000200618
0.000599528
0.000396773
0.000293963
0.000320412
3.86842e-05
0.000176421
0.000292422
0.000406355
0.000427743
0.000185666
0.000114929
5.63389e-06
0.00026651
0.000441619
5.69183e-05
0.000244964
0.000648484
0.000470137
0.00048894
0.000137224
0.00013388
0.000558336
0.000499707
0.000385683
0.000348672
0.000118805
0.000634222
0.000546058
0.00055924
0.00037711
0.000549731
0.000955891
0.000498424
0.000456014
0.000193807
0.000563462
0.000242692
0.000110119
3.64383e-05
0.000193329
0.000204128
0.000847991
0.00047056
0.000835637
0.000346689
0.000285869
0.000371447
9.61591e-05
0.000258159
0.000243602
9.49873e-05
0.000344944
0.000277727
0.000228279
0.000598901
0.000153211
2.17063e-05
5.33305e-05
5.8589e-05
0.000813165
0.000581937
0.00011849
0.000727701
0.000285779
0.000612319
0.000151834
0.000343402
1.35711e-06
0.000612335
0.000772025
0.000788745
0.000579762
8.3974e-06
7.81919e-05
9.74897e-05
8.58782e-05
8.37678e-05
6.0376e-05
0.000121839
0.000200419
9.70747e-05
0.000289592
0.000135573
0.000507939
0.000726599
0.000497363
0.0001224
9.14103e-05
0.000156521
0.000300845
0.000529916
4.06747e-05
2.84123e-05
0.000117564
1.28916e-05
6.32078e-05
0.000120179
8.65343e-05
0.000154864
0.000248191
0.000242064
0.000213004
0.0010809
0.000143221
0.000218645
1.45604e-06
0.000103328
0.000544126
6.06052e-05
6.28538e-05
2.66151e-05
0.000149181
0.000201769
0.000123177
0.00035752
0.00039279
0.000256803
0.000390828
0.000722696
0.00044659
0.000184269
0.000425776
0.000266738
0.00011011
0.000427523
0.000702748
0.000301052
0.00027224
0.000165195
3.65541e-05
0.000890397
0.000881173
0.000685106
0.000645664
0.00058597
0.000341082
0.000534248
4.85259e-05
0.000237593
0.000111406
0.000173484
0.000311491
0.000187012
0.00049296
0.000229623
0.000100214
0.000410749
0.0005592
0.000253976
0.000304267
0.000102918
4.09478e-05
0.000140812
0.000908904
0.00128388
0.000699476
9.75803e-05
2.90152e-05
0.000104925
7.59139e-05
0.000480895
0.000160317
6.56244e-05
9.51575e-05
0.000615669
0.000107894
0.000717871
0.000447117
0.000215484
0.000513761
0.000350641
0.000345038
0.000211215
1.32998e-05
3.01101e-05
1.95143e-05
0.000128889
0.000588132
0.000450925
0.000143332
0.000273896
0.000101763
0.000161771
0.000355804
0.000921491
0.000342837
0.000595933
0.000361763
6.94294e-05
3.17073e-05
0.000368141
0.000352582
0.000763589
0.000238747
0.000517203
0.000458112
0.000320172
0.000273012
0.000391764
0.000293074
0.000528199
0.000641092
0.000472625
0.000291824
3.10701e-05
0.000191164
0.000593171
0.00022333
0.000410978
0.000116306
0.000273844
0.00016285
0.000442865
0.000497161
0.000319072
0.000500478
6.03194e-05
0.00039387
0.000724856
0.000480724
0.00108767
0.000517389
0.000282137
0.000129927
0.000363185
8.60591e-05
0.000253922
4.66946e-05
5.45116e-05
0.000146686
0.00013733
0.000237239
2.80159e-05
1.94758e-05
0.000202874
0.000344446
0.000435242
0.000981122
9.65169e-05
0.000682538
0.000126171
0.000412903
0.000111233
0.000432777
0.000263383
0.000754791
0.000150601
0.000483787
0.000353489
0.000291873
0.000306661
1.10792e-05
7.18481e-05
7.80977e-05
0.000139022
0.000319526
0.000256538
0.00053471
1.09818e-05
0.000206472
0.000449544
6.01475e-05
0.000633436
0.000134581
0.000510712
0.000296593
0.000280381
0.000245574
0.000222387
0.000176726
0.000651408
0.000245332
0.000312647
3.4511e-05
1.22753e-05
0.000227025
0.000115962
0.000429163
0.000161223
2.98198e-05
0.000118893
0.0007382
0.00017012
0.000584098
0.000131623
0.000167937
1.37034e-05
0.000654576
0.000539368
0.000491145
0.000702361
0.000484719
4.30013e-05
0.000537952
0.000564794
4.17771e-05
0.000301063
0.000908648
0.000328915
0.000364882
0.000444928
0.00013021
2.31048e-05
0.000338077
0.00052821
6.29662e-05
0.000467353
0.000778016
0.000484937
0.000526544
0.000659274
0.000270085
9.7036e-05
0.000244591
0.00030294
0.000513476
0.000594152
6.66574e-05
0.000336915
0.000319872
0.000213114
0.000749452
0.000394199
0.000669918
0.000280825
0.000253974
0.000584102
0.000299049
0.000733629
0.000625211
0.00014367
0.000288679
0.000278342
0.000523335
0.000217176
0.00040972
0.00088273
0.000244861
0.00065045
0.000301114
1.50974e-05
1.18631e-05
0.000233269
0.000391101
0.00024082
0.000931302
0.000506936
0.000609614
0.000116191
0.00020114
0.00034892
0.0003105
0.00029415
0.000577795
0.00015945
0.000126166
0.000845185
0.000427096
0.000531493
0.000245635
3.32974e-06
1.78212e-05
0.000316817
0.000250103
0.00024343
0.000192345
0.000707936
0.000124847
2.19435e-05
0.000110403
0.000581753
0.000898486
0.000310766
0.000469067
0.000277598
0.000102165
3.09774e-05
0.000109201
0.0002802
0.000307626
0.000421874
0.000402102
0.000863352
0.000263235
0.000485461
0.000719947
0.000416667
0.000219807
0.000363245
0.000579262
0.000461725
0.000277767
0.000696604
6.81329e-05
4.2342e-05
0.00018712
0.000232736
0.000137983
7.56561e-05
0.0002615
0.00050817
0.000180063
0.000681564
0.000445579
0.000660866
0.000908553
0.000203607
0.00052701
0.000334762
4.42052e-05
0.0009076
0.000501189
0.000613423
0.000324704
0.000363844
0.000255943
9.91707e-05
4.48359e-05
0.000304878
0.000304203
0.000307311
1.92832e-05
0.000112469
2.5825e-07
0.000121042
0.00052945
0.000387565
0.000320576
0.000658095
0.00125684
1.67574e-05
1.05777e-05
0.000119746
0.000115487
0.000367945
0.000342413
0.000201801
9.96835e-05
0.000465505
0.000232065
0.000591515
0.00018172
0.000627976
0.000852575
2.1734e-05
5.70228e-05
0.000364232
3.13828e-05
0.000231435
0.000690041
0.000323319
9.45897e-05
9.80356e-05
8.10254e-05
0.000289895
0.000665738
0.000225109
0.000295551
2.3893e-05
0.000196645
0.000409712
0.000336905
9.68768e-05
0.000264966
3.75869e-05
4.45957e-05
0.000390442
0.000278664
0.000907442
0.000102933
0.000204454
0.000134881
1.11843e-05
0.000174089
3.08146e-05
0.000394864
0.000382196
0.000463168
0.000294317
0.000221168
9.16069e-05
0.000196379
8.52904e-05
0.000429906
0.000534592
0.000634687
0.000490495
0.000735312
0.000415429
0.000617289
0.000130982
0.000363598
0.000279106
0.000505215
0.000320965
9.37042e-05
0.000168633
0.000766604
0.000815944
3.41112e-05
6.75838e-05
0.000310205
0.000601926
0.000746807
0.000572171
0.00013907
0.000302204
0.000139927
0.00014895
0.000478336
0.000350555
0.000280695
7.70104e-05
7.53047e-05
0.000170012
0.000230029
1.12224e-05
6.18558e-05
0.000148135
0.000492319
0.000644585
0.00044559
0.00070443
0.000153952
4.99825e-05
0.000332628
0.000444226
0.000498435
0.000548327
2.62722e-05
0.000296418
2.67809e-05
0.00030663
0.000271426
0.000246337
0.000758218
0.000161948
1.8574e-05
1.39525e-05
0.000230798
0.000110743
0.000259303
6.9846e-05
5.60412e-05
0.00117096
0.000650936
0.000298928
6.92025e-05
0.000153209
0.000228559
0.000552843
0.000357008
0.00012627
0.000102715
3.82959e-05
0
2.34853e-05
0.000226252
0.000480032
0.000464815
0.000419614
0.000547435
0.000469809
0.000441248
7.72059e-05
5.00083e-05
0.000132578
6.20202e-05
6.64146e-05
3.67221e-05
3.5666e-05
9.77432e-05
5.67749e-05
7.77346e-05
3.4568e-05
2.15015e-06
3.35613e-05
0.000159416
0.000238588
0.000283946
0.00011501
3.67379e-05
4.80177e-05
0.000113269
0.000120706
0.000451013
0.000715662
0.000327722
0.00057435
0.00053591
0.000457511
0.000287853
0.000152904
0.000120019
0.000299214
0.000243643
1.14429e-05
8.8221e-05
6.99994e-05
9.04198e-05
0.000400304
0.000676835
0.00047392
3.61887e-05
0.000158531
0.00023847
0.000448834
0.000329397
7.4093e-06
8.15909e-06
0.00030628
0.000349272
1.96622e-05
0.00032999
6.28645e-05
0.00011939
0.000346502
0.000149274
4.56257e-05
0.00014749
0.000626173
0.000452938
2.69059e-05
8.02708e-06
0.000248571
0.000467237
0.000102911
0.000376239
0.000516296
0.000184311
0.000458463
0.00039914
0.000338333
0.000162481
0.000245744
0.00033335
0.000490683
0.000138834
0.000372724
5.54766e-05
0.000681558
0.000517054
0.000691739
0.000397688
0.000223975
0.000532736
0.000620497
0.000206105
0.00011091
2.09562e-05
0.000292656
0.000171572
0.000190353
7.48058e-05
0.000150648
7.32682e-05
0.000306762
0.000156817
0.000191348
0.000525945
0.000631527
0.000505858
0.000654497
0.000120443
0.000279894
1.65032e-05
0.000118378
0.000166429
6.44436e-05
0.00016051
9.76969e-05
0.000369677
9.23417e-05
0.000154824
0.000239496
0.000342539
0.000328026
0.000202274
8.84847e-05
0.000115721
0.000454372
0.000293272
0.000306069
0.00050393
6.07158e-05
0.000668261
0.000863551
0.000676004
0.000631172
8.61152e-05
0.000127333
3.7935e-05
6.35054e-05
4.84229e-05
0.000381778
0.000352879
0.000486047
0.000332061
0.000158392
0.000499162
0.000103464
7.76892e-05
0.000497166
0.00070648
0.000768353
0.000557834
0.000364125
0.000267654
0.000175642
0.000223191
0.000101008
0.000234982
1.15947e-05
0.000132475
0.000386429
0.000139814
0.000111084
0.000684831
0.00035996
0.000787784
0.000252863
0.000477947
0.000107758
0.000856691
0.000238719
4.07649e-05
0.000136183
0.000315091
0.000926854
9.39339e-05
0.000172171
0.000511434
0.000407406
0.000347975
0.000214108
0.000442609
0.000360083
0.000197126
1.73269e-05
0.000119416
0.000311982
6.63123e-05
0.000154685
0.000649228
8.75724e-05
3.08338e-05
0.000134461
0.000313583
0.000190189
4.50654e-05
0.000817766
0.000301528
0.000242889
0.000140583
0.000117895
0.000278899
5.70985e-05
9.29992e-05
0.000105197
0.000250527
0.000203509
0.000389481
0.000454356
0.000537563
0.000618681
2.97942e-05
0.000103149
0.0007383
9.01984e-05
5.72074e-05
0.000519783
0.000369918
0.000339015
2.74068e-05
5.15108e-05
0.000128331
2.41939e-05
0.000297235
0.000112441
1.38986e-05
0.000104628
0.000220431
0.000281931
0.000115621
0.000100866
4.25362e-05
0.000104429
6.53149e-05
0.000106311
8.4066e-05
4.17978e-05
0.000124183
0.000610887
0.000651195
8.85335e-05
0.000247766
0.000427932
0.00049657
0.000519456
0.000203237
0.000257764
0.000104788
0.000161645
0.000135659
0.000355593
0.000393054
0.000492727
0.000223069
3.45365e-05
0.000566278
0.00060653
6.40851e-05
0.000234065
0.00043495
0.000774965
7.83478e-05
7.29971e-05
6.59969e-05
0.00070891
6.87218e-05
0.000103707
6.62951e-05
0.000299694
0.000174209
0.000429973
0.000660894
0.000674629
8.2049e-05
0.000444778
0.000262441
0.00037188
4.75794e-05
2.5632e-05
0.000411559
0.000626165
0.000372692
0.000491962
0.000248721
0.00032921
4.17331e-05
0.000125618
0.000170136
0.000333286
7.75789e-05
0.000202306
0.000802371
0.000784509
6.13794e-05
7.58887e-05
1.8746e-05
1.19378e-05
2.11932e-05
0.000172485
0.000270212
0.000325329
0.000306658
0.000460307
0.000204119
7.17439e-05
0.000184402
0.000340539
0.000149467
0.000548201
0.000207947
0.000293163
0.0003367
8.12798e-05
0.000149331
0.000431596
0.000381851
0.000218007
0.000188534
7.70787e-05
0.000109993
0.000341641
7.92232e-05
9.65246e-05
0.000129731
0.000281622
0.000524952
0.000395149
0.000399333
0.000436741
9.063e-05
4.92674e-05
3.84376e-06
6.23975e-05
5.38588e-05
6.61065e-05
0.000192509
5.41031e-05
1.57749e-06
4.71571e-05
0.000173169
0.000420892
0.000599591
0.000415398
0.000332172
0.000570485
1.68787e-05
0.000152113
0.000652123
0.000623407
0.000582565
0.000752094
0.000437078
0.00123189
0.000313721
0.000243257
0.000252605
0.000559073
0.00026363
0.000484877
3.44656e-05
0.000167272
2.91297e-05
8.00925e-05
0.000297125
0.000528867
0.00042993
0.000280767
0.000565829
9.91588e-05
0.000200166
0.000405323
0.000737932
0.000225565
0.000301255
0.000535696
0.000706039
0.000418273
0.000414994
0.000168986
0.000124019
0.000159401
9.70399e-05
9.1167e-05
2.66575e-05
0.000272096
0.000687999
0.000343909
0.000101792
0.000107355
0.000525485
0.000477881
0.00104204
0.000401384
0.000660001
0.000174586
0.000777197
0.000514015
0.000458444
9.83068e-05
0.000142763
0.000156093
0.000276949
0.000225141
0.000527123
0.000374487
0.000291868
0.00107804
0.000707759
0.000456987
9.86816e-06
2.26221e-05
0.000270373
0.000561239
0.0002338
3.78282e-05
0.000259746
0.000155266
0.000334304
0.000285621
0.000413246
0.000450236
0.000336217
0.000382477
0.000149696
0.000442707
0.000397706
7.57133e-05
0.000433927
5.60674e-05
0.000181428
0.000585029
0.000433513
0.000581367
0.00017704
0.000499915
0.000269223
0.000363509
0.000844223
0.000867696
0.000822058
0.000621646
0.000186532
0.000299498
0.00124248
0.000407663
0.000117169
0.000200956
0.000523458
0.000306635
0.000569046
4.50402e-05
0.000288362
0.000370331
0.000359574
0.000222733
0.000539611
0.000297923
0.000234144
0.000596667
0.00056026
9.64498e-05
0.000252427
6.35877e-05
4.81904e-05
6.38769e-05
0.000298668
0.000423425
0.000652906
0.000305842
1.99419e-05
2.7251e-06
1.10354e-07
0.000180448
0.000383677
7.39762e-05
0.000323035
4.30306e-05
0.000182153
0.00024575
0.00101338
0.000275352
7.60546e-05
0.000999588
0.000171104
0.000161141
0.000657825
0.00043741
0.000222018
0.000485609
0.000195561
5.67021e-05
3.25931e-05
0.000664078
0.000443561
0.00064175
5.55203e-05
0.000385678
1.34894e-05
0.000520439
0.00034149
0.000413861
0.000530959
0.00096145
0.000759559
0.000143723
0.000141624
1.68206e-05
7.13621e-05
0.00022007
0.000105799
0.000105245
7.03966e-05
0.00056866
0.000286269
0.000356541
6.2737e-05
0.000563755
0.00083014
0.000469695
0.000432349
0.000515007
0.000296697
0.000512904
0.00038561
0.000253146
0.000414576
0.000293088
0.000476967
0.000627414
0.000378942
0.000262664
1.40882e-07
0.000113458
0.000536431
0.000533901
0.000470149
0.000389742
0.000211132
0.000438574
0.000567958
0.000255417
0.000514958
0.000491974
0.000224068
0.000491684
0.000249663
0.000248425
0.000323862
0.000282744
4.72189e-05
9.61376e-06
7.94507e-05
0.00023187
3.91476e-05
0.000106406
0.000189605
0.000289121
0.00119931
8.93657e-05
4.79259e-05
9.22761e-05
0.000157426
0.00044925
7.21701e-05
0.000344314
0.000622534
0.000509025
0.000151723
0.000614586
0.000400156
0.000672973
6.87206e-05
0.000141283
0.000335302
0.000116709
7.45458e-05
5.25438e-05
0.000671629
0.000388121
7.70371e-05
0.000348967
9.4089e-05
0.000193292
0.00046439
0.000379296
0.000214978
0.000271504
0.000321875
0.00025868
0.000877746
0.000433849
5.84386e-05
0.000550484
0.000189432
0.000252695
0.00018548
0.000105563
0.000592007
0.000288064
0.000708486
8.05499e-05
0.000613376
0.000298067
0.000443772
0.000250535
0.000301148
0.000650039
8.28961e-05
1.0882e-05
0.00017707
0.000172431
0.000956887
0.000281178
0.000216687
0.000415611
0.000176325
0.000369603
8.71565e-05
0.000890218
0.000220442
0.000242206
0.000353246
0.000368294
0.0001845
0.000581444
0.000462239
0.000890722
9.55988e-05
0.000285863
0.000151562
0.000250144
0.000110991
0.000445563
1.49116e-05
0.000390488
0.00033952
0.000203597
0.00050767
0.000542075
0.000571991
0.000447176
0.000278928
0.000359879
0.000300775
0.000164836
0.000369889
0.000730223
0.000602181
0.000667529
0.000440489
0.000311773
0.000222935
7.84567e-05
6.08738e-05
0.000367433
5.1985e-05
8.62364e-05
0.000114174
0.000169326
4.03775e-05
3.36575e-05
0.000159005
0.000249447
0.00101092
0.000307204
0.000528838
0.000299553
0.00026087
0.000118408
0.000207245
7.28008e-05
0.000321815
0.000420929
0.000273488
0.000986881
0.000154565
0.000350963
5.65958e-05
0.000605391
0.000500017
0.000320925
0.000280248
0.000372924
0.000440819
0.000152212
0.000305356
6.0399e-05
1.0269e-05
0.00043465
0.000225474
7.03046e-05
9.70144e-06
7.71078e-06
0.000203561
0.000270004
0.000647758
0.000621174
0.000700116
0.000422973
0.000107516
0.000288519
2.49475e-05
0.000439388
0.000603399
2.06106e-05
0.000250568
0.00024788
7.89113e-05
0.000338927
0.000718714
3.23042e-05
3.47484e-05
0.000107972
5.103e-05
8.77643e-06
5.59626e-05
6.39968e-05
3.34199e-05
0.000211299
0.000848284
1.5837e-05
0.000209158
0.000117588
0.000431914
0.000723629
0.000576865
0.000454936
0.000295575
0.000364599
0.000340488
0.000116034
7.62421e-05
0.000610215
0.000279151
0.000217876
7.91211e-05
0.000212245
0.000170792
0.000571829
0.000321688
0.000705865
0.000449855
5.59334e-05
3.51787e-05
2.42984e-05
8.26038e-05
0.000228307
9.04526e-05
0.00102326
0.00013916
0.000299502
0.00016272
0.00013786
0.000143108
0.000442617
0.000178445
2.75328e-05
6.49095e-05
0.00025227
0.000178875
0.000618409
0.000389022
0.000301412
0.000158632
0.000460576
0.000231476
0.000824565
0.00024586
9.67841e-06
0.000291522
0.000356201
0.000115165
0.000724472
0.00014962
0.000248004
4.34453e-05
0.000134974
0.000158785
0.000212159
0.000365895
0.000685681
7.85103e-05
2.22732e-05
6.84338e-06
7.82385e-05
0.000318648
0.000960301
0.00035296
0.000822685
0.000146837
2.9986e-05
4.91494e-05
0.000463954
0.000247464
0.000242094
0.00012492
1.8781e-05
0.000257764
0.000168316
0.000120787
0.000115916
0.000177001
9.11795e-05
2.88982e-05
0.000160757
3.23268e-05
0.000190928
0.000183643
2.63607e-06
5.70944e-06
0.000146715
0.000348118
2.54412e-05
0.000466543
0.000183869
5.64396e-05
3.91702e-05
0.000113933
0.000131355
9.22849e-05
0.000507575
0.000260369
0.000126
0.000521158
0.00033506
0.000385464
0.000365455
0.000514631
0.000774778
0.000556515
0.000319056
0.000618761
0.000311656
0.000408569
0.000300597
0.000199655
9.62499e-05
0.000277857
0.000427261
5.24268e-05
0.000219128
0.000177031
1.62154e-05
7.00111e-05
0.000172045
0.000494011
0.000554293
0.000417393
0.000404198
0.000565652
0.000248205
0.000227842
2.03724e-05
0.000234741
0.000140095
8.89649e-05
0.00017907
0.000699298
0.000661196
0.000817548
0.00078287
0.000107517
0.000343685
0.000345509
0.000727656
0.000425691
5.0728e-05
2.24879e-05
0.000601117
0.000197431
0.000153868
0.00081436
0.00027819
8.7157e-05
0.000386675
0.000240055
7.28429e-05
0.000523815
0.00047715
0.000107127
0.000527311
0.000274434
0.000698313
0.000277071
0.000946119
0.000433925
0.000227385
5.78558e-05
0.000643314
0.000664139
0.000269274
0.000286003
5.88127e-05
5.83863e-05
2.21588e-06
0.00022373
0.000360197
0.000232631
0.000151336
0.000538786
0.000366933
0.000377716
8.69774e-05
0.000146681
0.000186873
0.000523116
0.00024518
0.000278995
0.000208721
0.000238067
0.000144548
4.40919e-05
0.000361767
0.000180007
4.33074e-05
2.45526e-07
0.000101801
8.02168e-06
0.000580393
0.000352404
0.000320255
0.000740948
0.000175742
0.00062249
0.000548256
0.000266284
5.73667e-05
0.000190478
0.000120446
0.00042641
0.00091003
0.000222459
0.000321723
0.000182183
0.000657271
0.000155905
0.000552985
0.000382065
0.000539227
0.000569774
0.000220853
0.000583094
5.66551e-05
3.25539e-05
0.000119748
0.000648385
0.000673486
0.000737001
0.000162982
7.40117e-05
5.17769e-05
0.00011851
0.000399436
0.000281081
0.000365058
0.000375749
0.000436942
3.96689e-05
0.000242818
6.49425e-05
0.000574703
4.84704e-05
0.00025996
0.00011575
0.000499517
0.000314784
0.000374523
0.00047479
0.00020548
0.000725925
0.000145136
0.000376206
0.000190486
0.000208633
0.000277165
0.000596785
0.000523759
5.2664e-05
0.000129036
0.000725203
0.000649267
0.000371185
0.000302886
0.000274535
0.000269097
0.000281227
0.000685849
0.000201573
0.000193872
0.000347121
0.000268673
0.000588035
0.00012331
0.000149532
4.89445e-05
0.000169991
2.58086e-05
1.55127e-06
0.000698712
0.000366301
5.20946e-05
0.000160492
0.000147568
0.000508072
0.000711714
3.26726e-05
5.97097e-05
0.000186638
0.000373831
0.000228516
0.000144613
4.37537e-05
0.000820814
0.000508864
0.0004356
0.000924007
0.000370585
0.000204304
3.04178e-05
0.000776888
0.000901346
0.000805001
0.000651313
0.000677769
0.00114401
0.000644469
0.000291917
0.000563989
0.000377037
0.000547412
4.77428e-05
0.000304057
3.8374e-05
0.000387004
0.000369556
0.000147026
0.000167882
2.6169e-05
3.6826e-06
3.05082e-05
0.000901934
0.000386791
0.000464764
0.000467708
0.000405294
0.000341909
0.000154694
8.66345e-05
0.000165236
0.000406711
0.000381088
0.00046217
0.000570445
0.000346258
0.000376934
0.000535575
0.000389484
0.00053761
7.43866e-05
0.000238824
8.53721e-05
1.36059e-05
4.74313e-05
6.05191e-05
8.22124e-05
0.000574933
0.000198731
0.000237758
5.62285e-05
0.000495198
4.7857e-05
0.000444547
0.000307123
0.000309913
0.000462408
0.000194665
0.000357347
0.000294645
2.10052e-05
8.24909e-05
0.000424907
0.000202306
0.000350212
0.000263135
0.000439694
0.000331135
0.00038915
8.55421e-05
0.000371335
0.00021995
0.000137744
0.000277954
0.000152838
0.000310495
0.000405155
2.06991e-05
0.000200084
0.000133765
9.65632e-05
0.000601058
0.000530411
0.000899621
0.000835701
0.00037636
0.000370904
0.000263707
0.000281251
0.000184959
0.000557674
0.000922544
0.000679402
3.34569e-05
0.000484294
0.000195487
0.000369587
0.000296888
0.000272288
0.000369504
0.000237573
0.000451641
0.000497778
0.000197404
0.000610107
0.000299489
0.000516715
0.000270899
0.000340492
7.21694e-05
0.000238981
3.50541e-06
0.000125714
0.000845476
0.000293488
0.000357824
5.17941e-05
9.54482e-05
0.000800646
0.000789679
0.000197294
0.000287516
0.000377879
0.000196995
0.000230819
0.000443947
0.00043219
0.000151978
0.000224719
0.000480096
0.000307828
0.000144401
0.000883646
0.000259858
0.000234333
5.78192e-05
0.00029568
0.000259229
6.31303e-05
0.00011425
3.44287e-05
0.000143539
0.000421871
0.000236047
0.00023229
0.000119727
0.000463996
0.000345498
0.000431437
0.000337175
0.000222242
0.00018305
4.24992e-06
8.18901e-05
0.000283652
3.12608e-05
0.00061673
0.000667197
0.000133194
2.80881e-05
4.86429e-05
4.83564e-05
8.98349e-05
0.000125425
0.000242901
0.000412491
0.000280215
0.000179466
0.000110762
0.000421247
0.000448262
0.000209349
0.000104539
0.000127108
8.42989e-05
0.000108773
0.000546236
0.000219278
0.000236961
0.0002049
0.000279952
0.00012484
0.000358635
0.000300095
4.52004e-05
0.000204816
4.2112e-06
0.000191593
0.000186124
0.000357633
0.0006256
0.00086497
0.000842534
0.000938357
0.000507918
0.000363165
0.00033044
0.000245314
7.5415e-05
5.50073e-05
0.000118523
0.000677179
0.000553798
0.000103607
0.000357386
8.55306e-05
0.000450771
0.000234098
6.46643e-05
1.96668e-05
4.84484e-05
0.000372666
0.00055295
8.58712e-05
0.000192031
0.000135642
0.000617649
1.57214e-08
3.19003e-05
5.93914e-05
0.000551983
0.000184054
0.000114779
4.37526e-05
0.000118688
0.000160654
0.000354092
9.56843e-05
0.00026954
0.000460585
0.000356115
0.000249541
0.000386949
0.000262933
0.000235296
0.000127236
0.000156739
1.20748e-05
0.000233538
0.000146729
0.000467973
4.64954e-07
0.000131555
5.4876e-05
0.00029164
0.000615457
0.000701186
7.00772e-05
0.000754277
2.93706e-05
0.000317709
0.000506153
0.00111842
0.000636391
0.000723454
0.000901039
0.000258005
0.000434297
0.000179191
2.99956e-05
0.000313578
0.000685885
0.000687461
0.000810886
6.93741e-05
8.97782e-05
3.81644e-06
0.00056563
0.000364316
0.000441249
0.000348987
0.000482598
7.63644e-05
0.000530083
0.000301525
0.000425614
0.00011229
7.59647e-05
0.000385402
0.00071015
0.00023523
0.00010115
5.70539e-05
0.000641639
0.0001232
0.000272289
4.79856e-05
3.21865e-06
0.000231237
0.000460202
0.000303828
0.000196234
0.000309512
0.000247541
0.000494661
0.000121984
0.00078327
0.000528674
0.000565206
0.000430621
0.000100532
0.000720547
0.000155452
0.000274803
0.000514958
0.000309724
0.000134148
6.29704e-05
4.26035e-05
0.000184912
0.00037931
0.000252337
0.000211231
0.000138762
0.000491717
0.000278159
0.000189379
0.000672236
0.000395965
0.000250984
0.000285239
0.000108258
7.41317e-06
7.45735e-05
0.000561155
0.000108079
1.8617e-05
0.000182863
0.000358348
0.000692167
0.000282514
0.00115427
0.000802405
0.000349263
0.000295562
9.73918e-05
0.000615394
0.000587757
0.000493189
0.000586444
0.00032133
0.000175976
8.68616e-05
3.85856e-05
0.00010367
0.000125369
7.65316e-05
0.000702246
7.08019e-05
0.000152592
0.000362031
0.000736533
0.000275364
6.22996e-05
7.57214e-05
0.000110503
0.000374217
0.000488085
0.000317283
0.000253893
9.96881e-05
0.000189484
0.000874913
0.000568555
0.000874918
0.000438372
0.00020464
7.44911e-05
0.00021912
0.000533957
0.000407108
0.000178633
0.000268368
0.000723385
0.00033748
0.000122551
0.000183733
0.000330498
0.00011616
0.000417889
3.01486e-05
0.000577316
0.000331619
0.000345256
6.58698e-05
0.000960458
0.000352742
0.000325449
0.000251077
6.29587e-05
0.000277753
1.52605e-05
0.000421973
0.000159726
0.000135848
0.000826902
6.61576e-05
9.52995e-05
4.5392e-06
1.72269e-05
0.000142899
0.000279215
0.000645114
0.000403734
7.19637e-05
0.000332911
0.000473221
0.000303775
0.000329934
0.000441907
0.000139962
0.000335384
0.0001381
0.000125032
0.000304708
0.00077589
0.000408022
0.000430246
0.000437366
0.000178143
0.000400298
0.000515202
0.000307313
0.000635152
1.49664e-05
0.00019404
0.000434074
6.85135e-05
0.000114992
0.000171378
0.0005252
9.75901e-05
0.000249292
0.000304604
0.000632233
0.000248336
0.000211284
0.000421608
0.000231125
0.000336293
0.000224134
0.000715172
0.000310411
0.000160846
0.00062674
0.000879846
0.000533066
0.000555908
0.000348292
0.000355791
0.000269673
0.000344628
0.000720157
0.000104064
0.000185881
0.000300232
0.000101163
0.000210502
8.31901e-05
0.000162653
0.000152177
0.00048362
0.000694137
0.000276947
0.000510271
0.000517789
0.000983357
0.000358278
0.000333486
6.61189e-05
0.000111596
0.000117
0.000554111
0.000213056
0.000651029
0.000272194
0.00106736
0.000496318
0.000392463
0.000465267
0.000424593
0.000355341
0.000557021
0.000138386
0.000203427
5.6315e-05
0.00027412
0.000177398
8.12358e-05
0.00060514
0.000985176
0.000637367
0.00039661
2.86214e-05
0.000129903
0.000631858
0.000373241
0.000484095
0.000130055
0.000442821
0.000582049
0.00029153
0.000680563
0.000297551
0.000635271
0.000291066
0.000154936
0.000338426
3.38776e-06
6.3523e-05
0.000409391
0.000247718
0.000177795
0.000770984
0.000505008
5.55009e-05
0.000317291
6.8056e-05
0.000294781
0.000581426
0.00058864
0.000186932
8.81381e-05
0.000491579
0.000313625
0.000356031
0.000144911
0.00014367
1.02809e-05
7.01303e-05
0.000409541
0.00015962
0.000351471
0.000218212
3.82082e-05
0.000432642
0.000310337
0.000689816
0.000205254
0.000476988
0.000340777
0.000975493
0.000387918
0.000396036
2.98089e-05
1.25131e-05
0.000354263
0.000109476
0.000278603
0.000142524
0.00059165
0.000110261
0.000265675
0.000106997
9.65532e-05
0.000136665
0.000315058
0.000606304
0.00044354
0.000272372
1.32161e-05
0.000506891
0.00110195
4.20778e-05
0.00048109
0.000252476
0.000489586
0.000277552
0.000679747
0.000328041
0.000102774
0.000266086
5.32967e-05
4.68838e-05
0.0001396
0.000549301
0.000223428
0.000203999
0.000342618
0.000961231
0.000195381
0.000761689
0.000287087
0.000646317
0.000533298
0.000209409
8.88093e-05
0.000173452
0.000115631
0.000134439
7.43266e-06
6.43761e-05
0.000828182
0.000336122
0.00048858
0.000730074
0.000334544
0.000125978
0.00031794
0.00052392
0.000488107
0.000432705
0.000208187
0.000256839
1.22529e-05
3.80317e-05
8.37449e-05
0.00019619
0.000625179
0.000590108
0.000381623
0.00076552
0.000397962
0.000781879
0.000601248
2.58139e-05
0.000453919
0.000493522
4.76305e-05
0.000343518
0.000310543
0.000416633
0.000102077
0.000525594
0.00060107
0.000609014
9.64623e-05
0.000292651
6.63624e-05
4.60006e-05
0.000168494
0.000100061
5.9771e-05
0.000382413
4.81562e-05
0.000536452
0.000117676
0.000650806
0.000546214
0.000415325
0.00112195
0.000138679
5.13631e-05
0.00027825
0.000438839
0.000524759
5.38269e-05
1.32395e-05
0.00021784
0.000183466
0.000441752
0.000862089
0.000830846
0.000134293
0.000615142
0.000709567
0.00070709
0.000505776
0.000537228
0.000506694
0.000522104
0.00118827
0.000360354
0.000451301
0.000205266
0.000115629
9.3262e-05
0.000378242
0.000295355
5.0519e-05
2.01683e-05
0.000124667
0.000420863
9.92219e-05
7.24519e-05
0.000184441
6.18117e-05
8.5924e-05
0.000285417
0.000452613
0.000254983
0.00031218
0.000185856
7.53145e-05
6.06521e-05
7.17124e-05
0.000490155
0.000278703
0.0007771
0.000177967
2.38178e-05
9.03737e-06
0.000492461
0.000455742
0.000229329
0.0002229
4.25711e-05
2.61158e-05
0.000262701
0.000193168
0.000390392
8.24037e-05
7.70214e-05
3.23896e-06
0.000696828
0.000291686
0.000358016
0.000389882
0.000200255
0.000267351
0.000491354
0.000961459
0.000721483
0.000198949
0.000435687
0.000494672
5.84772e-05
1.75485e-05
0.000142
0.000363981
0.000428932
2.90799e-07
0.000227072
0.000570449
0.000536106
0.000185916
4.555e-05
0.000344349
7.54084e-05
4.23989e-05
0.000258946
0.000471503
0.000252883
0.000359048
0.000287072
0.00033547
0.000392554
0.00047125
0.000392336
0.000697956
0.000534204
0.000310337
8.66792e-06
1.04949e-05
0.000161189
0.000221811
0.000328249
5.89997e-05
0.000218164
0.000237014
0.000163137
0.000605189
7.48301e-05
0.000486216
0.000697353
3.62803e-05
0.000884804
0.000175321
2.40043e-05
0.000334549
0.000530337
0.00040517
0.000648713
0.000373457
0.000141265
0.000149125
1.38113e-05
0.000222296
0.000639985
0.000278594
6.09934e-05
0.000116566
0.00041045
0.000412401
3.51751e-05
0.000601368
0.000243169
7.47101e-05
2.3283e-05
0.000198718
2.5676e-05
0.000150045
0.000155335
0.000544369
0.000222357
0.000105384
0.00046867
0.000419168
0.000119871
6.33771e-05
0.000363029
0.000973487
0.000275872
0.00110726
0.000211596
0.000488879
0.000572813
0.000452445
0.000205673
0.000203366
0.000219146
7.46367e-05
0.00049351
7.71442e-05
0.000238235
0.000304903
1.59583e-06
0.000169243
0.00102458
0.000212617
0.000420846
0.000567599
0.000501425
0.000430228
0.000166366
0.000648861
0.000605848
0.000402644
6.30548e-05
0.000228695
0.000391903
0.00018811
0.000102043
0.000184206
0.000603276
2.19897e-05
0.000377747
9.60343e-05
1.27329e-05
0.000113499
0.000706098
0.000994671
0.000419962
0.000201301
0.000282454
0.000766765
3.25822e-05
0.000199404
0.000374497
0.000479731
0.000789836
0.000413067
0.000405614
0.00050594
0.000119879
0.000475449
0.000192172
0.000246033
9.02331e-05
0.00013882
9.41793e-05
2.49005e-05
0.00033163
0.000520729
4.93089e-05
3.35695e-05
5.97104e-05
0.000152191
0.000147061
0.000111682
0.000310003
0.000284555
6.46484e-05
0.000108823
3.78485e-05
0.000380581
0.000413846
0.000565676
0.00071488
0.000494333
0.000312348
0.000292642
0.000465672
0.00019348
0.000712806
0.000479558
2.69136e-05
4.6395e-05
4.07832e-05
0.000129494
2.68156e-05
0.000328315
0.000497722
0.000725169
0.00017301
5.81048e-05
3.41296e-05
0.000178042
0.000193949
0.000247851
0.000196198
0.000260128
9.53469e-06
0.000269727
9.98614e-05
0.000592649
0.000558564
5.52631e-05
0.000317755
0.000539487
0.000517772
0.000133102
5.75972e-05
0.000119857
0.000340635
0.000341542
0.000202225
0.000614117
0.000295503
0.000451009
9.93363e-05
0.000548963
0.000760878
0.00093114
0.000319922
0.000281602
0.00054763
0.000230606
0.000425539
0.000402221
0.000216351
0.000306277
0.00014981
1.81609e-06
2.76807e-05
0.000316398
0.000313762
0.00014918
0.000457575
0.000565034
0.000174676
0.000157939
1.13911e-06
0.000485119
0.000655711
0.000384619
0.000446913
0.000502462
0.000371247
0.000269449
0.000474086
0.00014363
0.000208287
0.000367958
2.95973e-05
0.000178911
0.000114636
0.000113578
0.000400058
0.000275308
0.000301078
0.00017222
8.45969e-06
7.88233e-05
2.49763e-05
2.5117e-05
0.000238107
0.000278058
0.000457879
8.32524e-05
2.50971e-05
7.15613e-05
0.000334781
0.000230891
0.000463577
0.00039575
4.69953e-05
4.63581e-05
2.75883e-06
0.000154864
0.000130494
8.23514e-06
1.01525e-05
0.00043544
0.000175112
0.000275987
0.000150025
0.000652146
0.000681359
0.000126924
0.00055427
9.6939e-05
0.000142573
0.000183865
0.000382871
0.000598167
0.000230245
0.000369772
0.000351755
0.000205914
0.000292613
0.000258537
7.90248e-05
0.000354881
0.000148987
0.00014758
0.000168701
0.000373077
4.24669e-05
0.000115756
0.000133661
0.000336895
0.000398441
0.000571376
0.000553112
0.000482889
4.92689e-05
3.70681e-05
0.00013693
0.000422876
0.000421426
0.000275315
0.000667227
0.000162133
0.000382974
6.51376e-05
0.000218459
0.000281481
0.000380174
0.000877365
0.000589735
0.000170464
0.000164841
0.000728485
0.000177881
4.30303e-05
0.000235751
0.000492983
0.000307153
0.000172958
0.000105003
0.000271718
9.49479e-05
0.000175936
4.01261e-05
0.00010515
0.000622194
0.000698833
4.77949e-05
0.000183723
0.00036182
0.000266619
0.000276453
0.000589175
0.000188461
0.000789889
0.000376965
0.000186277
0.000270743
9.22705e-05
5.25908e-05
8.46141e-05
0.000227319
0.000173008
3.39822e-05
4.52035e-06
0.000358349
0.000655093
0.00026568
0.000483481
0.00032572
0.000548706
7.72045e-05
0.000108537
7.2521e-05
0.000368562
1.06842e-05
5.21977e-06
4.30686e-05
2.6594e-05
0.000129586
0.000338041
0.000274199
2.82257e-06
2.66381e-05
0.000398316
0.000380944
0.000508734
0.000295389
0.000400766
0.000564172
0.000728303
0.000525754
0.000190323
0.000315849
0.000418928
0.000383657
0.000146088
0.00103627
0.000335661
0.000224029
3.96737e-05
0.0002342
0.000261099
8.41703e-05
0.00052014
0.000360754
0.000167663
0.000237929
0.000540593
6.57302e-05
0.000753214
0.000528454
0.000161902
0.000304307
0.000478607
7.21711e-05
0.000171301
0.000475033
9.04993e-06
0.000866522
0.000261478
2.48638e-05
7.11811e-05
0.000163064
0.000219769
0.00015692
0.000804638
0.000590909
6.92176e-05
4.22518e-05
0.000486528
0.000463309
0.000672502
0.000571925
0.000562977
0.00018163
0.000359069
0.000245393
1.127e-06
0.000234856
0.000215363
4.16607e-05
0.000161984
0.000373035
0.000431765
0.000555352
0.000305429
0.000202113
4.03974e-05
9.91561e-05
0.000402227
0.000173473
0.000321348
1.24281e-05
0.000324534
0.000658573
2.76469e-05
9.69063e-05
2.20996e-09
8.5659e-07
0.000141705
0.000131945
0.000282279
7.12438e-05
0.000523431
9.94215e-05
0.000140925
0.000270293
0.000185308
4.04202e-06
7.44079e-06
9.04455e-05
0.00053021
0.000447821
0.000643694
0.000380225
4.35445e-05
6.94084e-05
0.000170367
0.000722841
0.000594089
0.000100767
0.000406968
0.000174372
0.000136614
0.000890803
0.000348446
0.000383957
0.000131195
0.000181583
0.000290041
0.000463205
0.000667095
0.000444636
0.000376073
0.000406805
0.000301387
0.000645909
0.000410408
0.000888652
0.00048077
0.000568001
0.000523726
0.000503112
0.000623383
0.000383072
0.000524764
9.64526e-05
0.000800478
0.000249631
0.000363925
4.85332e-05
1.97865e-06
7.56018e-06
9.27494e-05
0.000351862
0.00105454
1.07533e-05
0.000571409
0.000515847
0.000131048
0.000397398
0.000531192
0.00117956
0.000258726
0.00035483
0.00109725
0.00122783
0.00012621
6.55493e-05
4.87287e-05
2.11507e-05
6.05751e-06
5.31672e-05
7.86795e-05
0.000263884
0.000958162
0.000656318
0.00079001
0.00012263
0.000192208
9.04374e-05
0.000196442
4.35166e-05
1.77196e-05
0.000273522
0.00039574
0.000504286
0.000635135
0.000715407
0.000282454
9.85618e-05
0.000192806
8.72771e-05
0.000660641
0.000339296
5.24811e-05
0.000219207
0.000284135
0.000233507
0.000285607
0.000623382
0.000836848
0.000525169
0.000411097
0.000231533
0.000493839
0.000142033
0.000625412
3.34941e-05
0.000150718
6.41044e-05
0.000911212
0.000755193
2.40201e-05
9.7445e-06
0.000298904
0.000313322
0.000120994
0.000230479
5.3693e-05
0.000305048
2.56318e-06
0.000358982
0.000285308
0.000422201
0.000136026
0.000497328
0.000531394
0.000965233
0.000492997
6.49084e-05
0.000381303
0.000366126
0.000471384
0.000217492
0.000488867
0.000165367
0.000532656
0.000124714
0.000224415
0.000382772
0.000165093
0.000370322
0.000466522
0.000780551
0.00025519
0.000124701
0.000653068
0.000223118
0.000364552
0.000265241
0.000314855
0.000776219
0.000715921
0.000455712
0.00063606
0.000207343
1.27186e-05
6.46029e-05
0.000730567
0.000599906
0.000240309
0.000103738
0.000431567
0.000309765
5.56834e-05
0.000930627
0.000492852
9.09608e-05
1.40777e-05
0.000367453
0.000353344
0.000717808
0.000186741
0.000232653
0.000429937
0.00056401
0.000435929
0.00028841
0.000610101
0.000304367
0.000138039
0.000209946
0.000216438
0.000670774
0.000674415
0.000726536
0.000552098
0.000237934
0.000277677
0.000627345
0.000276327
6.6679e-05
1.03459e-05
0.000377075
0.000296549
4.53613e-05
0.000669959
0.000802226
0.00079644
0.000245301
0.000562358
0.00025019
0.000367846
0.000413642
0.000638627
0.000321606
0.000323363
4.43094e-05
0.000184176
0.000196721
3.40619e-05
0.000446875
0.00011568
0.000133575
3.52206e-05
0.000110243
0.000337946
0.000294963
7.44551e-05
6.38815e-05
3.13375e-06
0.000850857
9.78549e-05
0.000259814
0.000137283
3.04722e-05
0.000302093
0.000211817
0.000128585
0.000160551
0.000676843
0.000416811
0.000128206
0.000208361
0.000289024
0.00010682
5.66438e-06
0.00011982
0.000110098
4.78662e-05
8.58769e-05
6.34786e-05
0.00060846
0.000134659
0.000260022
0.000247705
0.00020492
0.000832582
2.16554e-05
1.70767e-06
2.27194e-05
0.000102574
0.000252065
0.000162731
0.000511433
0.000224367
0.000247702
0.000249076
0.000111758
1.55372e-05
4.33893e-05
0.000368329
0.000451928
6.86451e-05
0.000179715
0.000211049
0.000480206
0.000394505
0.00043254
0.000436102
0.000497865
0.000528904
0.000228352
0.00064174
3.58437e-05
0.000135012
7.71851e-05
0.000952154
0.000319042
0.000486777
0.00041706
0.000335776
0.000154966
2.52041e-05
0.000212609
0.000770331
0.000926984
0.000439875
0.000108433
0.00016907
0.000308287
4.53729e-05
0.000503827
0.000538362
0.000177666
0.000153748
0.000168024
0.000471019
0.000829232
0.000152674
0.0003072
0.000465862
0.000163354
8.09173e-07
7.50952e-05
0.00074991
0.000332372
0.000327395
0.000182131
0.000506969
0.000343167
0.000377099
0.00030519
0.00034163
0.000519444
0.000430388
0.000330264
0.000312886
0.000107051
0.000363765
0.00051583
0.000210626
0.000439715
0.000469815
0.000310546
0.000403024
0.000276342
0.000250198
0.000655142
0.000406774
0.00010634
0.000306457
0.0010367
0.000185803
0.000663941
0.000660463
0.000473506
0.000842024
7.49551e-05
0.000112583
0.000141697
0.000877973
0.000309748
0.00048636
0.000336849
0.000292856
2.6887e-05
4.10241e-05
0.000568286
0.000227682
0.000441098
0.00011599
0.000101671
0.000230161
2.40063e-06
0.000100331
0.00072576
0.000833246
0.000255486
0.000374995
1.63807e-05
0.000286505
0.000474182
0.000208695
0.000282822
0.000640844
7.53589e-05
0.000334329
0.00052329
0.000423981
0.000168091
0.000207173
0.000390625
4.85451e-05
0.000153848
0.000239568
0.000444677
2.92379e-05
7.24681e-05
8.09248e-05
0.000232718
9.48754e-05
0.000108982
0.00032405
0.000289038
0.0006643
0.000145556
9.3983e-05
0.000312953
0.000408903
0.000488739
0.000129134
0.00052026
0.000572531
5.28093e-05
5.91216e-05
0.000462612
0.000293902
0.000132142
3.82889e-05
0.00031389
0.000475641
0.000586786
0.000411852
0.000499739
0.000790492
0.000147634
0.000435275
0.000112348
0.000398338
0.000506508
0.000225491
1.7197e-06
8.46337e-05
1.40214e-06
2.87876e-05
0.000322895
0.000503734
0.000382431
0.000427973
0.000296481
0.000438538
0.00047205
0.000389702
0.000244667
0.000117491
0.000111244
0.000100299
0.000310616
0.000271668
7.61621e-06
0.000435699
0.000762079
0.000507247
0.000281996
0.000224685
8.45489e-05
5.89273e-05
0.000854015
0.000813323
0.000347759
0.000616334
0.000636119
0.000177164
0.000204934
0.000332115
0.00014368
0.000127558
0.000242613
0.000141402
0.000111137
0.00062669
0.000107919
4.20155e-05
0.000768556
0.000600798
0.000118759
5.02844e-05
9.12196e-05
8.75811e-05
0.000667793
0.000557429
0.000501428
0.000203163
0.000165944
0.000856935
0.000426284
0.000256671
0.000488725
0.000655954
0.000495316
0.000680466
0.000527362
0.00051171
2.77599e-05
0.000265359
0.000257445
0.000240982
0.000365781
0.000638228
0.000396878
7.34521e-05
0.00048818
0.000320173
0.000674868
0.000238886
5.14977e-05
0.000374282
0.0002417
0.000361784
0.000187783
0.00035908
0.000170444
0.000417322
0.000479066
0.000825365
0.000623653
0.000724808
0.000560259
0.000288955
0.000442971
0.000293037
0.000208178
0.00046808
0.000385765
5.35874e-06
3.23175e-06
0.000180449
0.000436194
0.000350875
0.000359738
9.45483e-05
0.00018543
2.24787e-06
0.000206088
2.71949e-05
0.000247025
0.000309504
0.000410557
0.000630546
0.00101785
0.000314616
0.000229279
0.000393803
0.000704656
0.000463201
0.000550783
0.000123348
1.78561e-05
4.21596e-05
0.000362635
0.00120418
0.000611007
0.00013565
0.000199841
0.000531309
9.51993e-06
0.000176321
0.000523628
0.00115916
0.000116122
0.000126426
0.000213204
3.73593e-05
6.05294e-06
0.000760326
0.000273634
4.32372e-05
0.000969278
0.000335709
0.000476725
0.000745401
0.0006021
9.83911e-05
2.99677e-05
0.000160902
0.000223058
0.000868059
0.000602967
0.000464854
0.000299118
0.000110609
7.11531e-05
0.000370215
0.000391698
0.000280576
0.000284973
0.000260812
0.000244405
9.87958e-05
0.000744142
0.000286153
0.000395288
0.000633952
0.000118327
7.31661e-05
0.000197417
0.000230654
0.00026095
0.000641345
0.000287274
0.000246056
0.000187535
7.89491e-06
2.60331e-05
0.000537815
0.000810266
0.000128292
0.000667766
0.000403014
0.000927153
0.000315207
0.000289794
0.000205555
6.67886e-05
3.48098e-05
0.000384795
0.00036163
0.000636359
0.000449177
0.000644405
0.000739102
0.000288663
3.0136e-05
9.65166e-05
0.000225003
0.000342988
0.000592516
0.000304111
0.00054391
0.000242221
0.00044051
0.000243559
3.79988e-05
0.000381226
7.84806e-05
0.000365418
4.48026e-05
1.3877e-05
0.000223506
8.41818e-06
0.000353452
0.000576634
0.000530041
1.02209e-05
4.99754e-05
0.000721215
0.000524065
8.13608e-06
0.000490338
0.000461249
0.000509738
0.000522956
7.14751e-05
0.000725137
4.79008e-05
0.000136237
4.84966e-05
5.74098e-05
6.89917e-05
0.000482071
0.000338892
9.9897e-05
0.00024938
0.000519367
0.000715228
0.00118966
0.000481494
7.73311e-05
0.000136603
0.000872682
0.000772222
0.000110322
7.65361e-05
0.000542814
0.000532489
0.00045596
0.000405177
0.000410572
4.75105e-05
0.00110498
0.000545958
0.000354391
0.000193224
0.000191287
0.000341609
0.000385843
0.000267912
0.000669422
8.42117e-05
9.56828e-05
0.000550297
1.06033e-05
6.84872e-07
5.49402e-06
0.000174047
0.000246016
4.95828e-05
0.000341452
7.3478e-05
3.41293e-05
0.000115418
0.000326781
0.000220391
0.000349047
0.00026256
0.000608576
0.000638566
0.000349715
0.00045396
0.000155493
7.67086e-05
0.000134423
0.000442819
0.000885594
0.000369027
0.000115048
0.000650604
0.000406803
5.75591e-05
0.00071182
0.000152444
0.000410308
1.09237e-05
3.1414e-06
3.45502e-06
0.000456044
0.000538084
0.000398329
0.000492682
0.000437665
8.65402e-05
0.000416606
0.000160797
0.00031934
0.000311877
6.03184e-05
6.85778e-05
0.000325039
0.000228705
0.000615922
0.000205136
0.000396748
0.00039311
6.62067e-05
6.30045e-05
9.60402e-05
0.000607642
0.000648568
3.57775e-05
2.3943e-05
0.000481821
0.000404307
0.000211067
0.000760015
0.000253416
0.000374751
0.000702244
0.000105574
0.000137222
0.000469807
0.00047221
0.000793142
0.000159232
0.000657562
4.79294e-05
6.93957e-05
4.90113e-05
0.000682601
0.000201199
0.000289787
0.000141441
0.000281043
0.000574809
0.000151203
0.000271304
0.000488379
0.000771489
0.000425871
0.000421304
0.00017177
0.00012971
0.000135347
0.000558045
0.000554412
0.000534673
6.51653e-06
2.52927e-05
3.22871e-05
0.000113719
0.000218796
0.000415123
0.000506342
0.00010144
0.000293569
4.26398e-05
0.000142012
0.000199222
0.000240835
2.62079e-05
0.000424336
6.70126e-06
1.81716e-05
0.000305919
0.000347382
0.000145594
0.000483016
0.000486425
0.000172741
0.000126118
0.000145629
0.00034545
0.000484364
0.000101705
0.000173786
3.42571e-05
6.13753e-05
0.000361255
0.00087969
0.000501026
0.000471264
0.000534672
0.000782919
0.000384286
0.000843335
0.000135974
0.000265367
0.000105258
0.000319119
9.84272e-06
4.10436e-05
0.000172243
0.000114833
0.000363232
0.000196112
0.000235346
0.000286462
0.000370166
0.000323842
0.000182738
0.000152846
0.000907285
0.000243211
7.01119e-05
0.000224781
0.00018813
0.000134723
0.000120676
6.93058e-05
5.74601e-05
0.000524478
0.000162067
0.000169947
0.000500464
0.000467968
0.000752147
0.000550948
0.00100085
0.000507895
0.000587539
0.000258079
0.000107095
0.000166409
0.000177429
0.000309415
0.000353749
0.000185016
0.00041937
2.07215e-05
3.65794e-05
1.41384e-05
0.000149069
0.000353411
0.000372141
0.000282322
0.000424832
1.46343e-05
0.000422793
0.00039991
0.00071815
1.05267e-05
9.63354e-05
0.000131459
5.94978e-05
4.79728e-05
0.000507131
0.000464592
0.000571818
0.00017102
0.000172394
0.000232171
0.0002939
0.000669049
0.000650443
0.00050341
0.00036945
0.000543829
0.000423929
0.000487454
0.000304962
0.000126184
6.11927e-05
5.77749e-05
6.76809e-05
0.000199499
0.000594108
0.000695275
0.000801822
0.000778591
0.000218939
0.00056265
0.000569478
0.00030636
0.000783803
0.000460715
0.000547202
0.000179943
2.53282e-05
5.58645e-05
0.000386221
0.000180323
0.000284301
0.000101775
9.67516e-05
0.000617229
0.000609032
0.000361425
0.000114217
7.98238e-06
0.000584943
0.00024171
0.000189099
0.000387352
0.000472843
0.000395585
0.000235977
0.000169484
0.000367537
0.000731666
0.000282372
8.42345e-05
2.61411e-05
5.46803e-05
0.000184006
0.000250728
0.000333606
0.00058338
0.000258555
0.000257896
0.000285745
0.000159647
0.000262051
0.000265686
0.000646908
0.000159809
0.00068614
0.000798311
0.000271074
0.000820156
0.000680153
0.000442285
0.000352975
0.000502516
8.96304e-05
9.41974e-05
1.96745e-05
1.02286e-05
1.58572e-05
4.3862e-06
7.68573e-05
5.88705e-05
2.28662e-05
0.000136615
0.00041283
3.15559e-05
1.95211e-05
0.000467982
0.000306343
6.82335e-05
0.000143113
0.000580715
0.000324654
0.000173292
0.000267772
0.000429148
0.000485115
0.00016692
0.000255794
0.000127237
5.82199e-05
3.47594e-05
0.000431698
0.000544602
0.000643215
0.000543097
0.000510047
0.000170594
0.000197779
0.000202802
2.15487e-05
0.00091097
0.00072457
9.43739e-05
0.000106998
8.37299e-05
9.34299e-05
4.23672e-05
6.21341e-06
0.000179715
0.000191596
0.00086509
0.000772412
0.000211671
5.96467e-05
0.000159339
0.000281895
0.000390699
0.000222348
0.000211777
0.000254247
0.000333718
5.54746e-05
0.000343203
0.000616868
0.000424145
0.000232974
0.000145386
0.000183283
0.000417848
6.68054e-05
0.000170234
0.000349117
7.20895e-07
6.44076e-06
4.97556e-05
0.000661525
0.000107531
9.36834e-05
0.000362891
0.000558854
0.000316866
0.000109998
0.000500372
0.000362695
0.00058004
0.000887793
0.000401077
0.00015249
0.000140093
0.000526495
0.000313864
0.000313385
0.000524183
0.000425734
0.00017762
0.000247641
0.000272548
0.000235852
0.00038774
9.45027e-05
0.000627741
0.000471698
0.000452749
0.000423465
0.000442386
0.00024577
0.000589434
8.18694e-05
0.000509514
0.000371431
0.000220835
0.000586313
0.000625876
3.13536e-05
0.000167574
0.000432119
0.000286675
0.000734574
0.000638534
0.000546439
0.000174904
3.22789e-05
0.000166415
2.90853e-06
5.08398e-05
4.04792e-06
5.74872e-05
0.000474244
0.000527672
0.000451539
5.85672e-05
0.000343771
0.000498956
0.000278123
0.000446869
0.00103937
0.000464743
0.000579639
0.00019245
0.000163787
0.000188158
0.000243918
0.000307882
0.00077499
0.000558266
0.000455023
0.000170399
0.000893929
0.000379893
0.000202037
0.000465922
0.000358128
0.000627518
0.000174558
0.000308988
0.000410509
0.000173219
0.000101827
0.000463293
0.00031692
0.000412829
0.000171794
0.000106656
0.000151781
0.000521416
0.000541404
0.000970834
0.000240118
0.000177348
0.000480005
0.000253151
0.000806268
0.000532649
0.000319508
0.000576607
0.000404909
0.000142951
2.70268e-05
0.000143091
0.000355279
0.00103367
0.000434802
0.000557766
0.000320878
0.000196304
0.000516703
0.000109493
0.00019236
0.000259449
0.000795326
0.000160324
2.72498e-05
0.000210232
0.000972883
0.000605817
0.000477579
0.000174484
0.000470204
0.000169021
0.000871807
0.000327503
0.000433036
0.000124596
0.000149553
0.00014724
3.44101e-05
0.000315775
0.000481678
0.00033396
1.3058e-05
0.000127275
0.000476024
0.000166218
8.46591e-05
2.6153e-05
0.000106337
0.000235424
0.000302739
0.00039638
0.000160275
0.000264379
0.000263533
0.00043683
0.000371091
0.000401213
4.97429e-05
0.000785455
0.000706594
0.000570342
0.000302304
0.000678795
2.34698e-05
6.86526e-05
1.49237e-05
0.000208893
0.000557517
0.000135691
0.000124363
0.000191177
0.000817739
0.00056071
0.000465164
0.000223684
0.000153423
0.000162282
6.7462e-05
0.00011588
0.000854338
0.000253464
0.000303927
0.00065497
0.000137883
0.000422149
0.000497068
0.00079094
0.000553928
0.000430581
0.000492339
0.000126925
0.000353665
0.000485426
0.000330858
1.15223e-05
0.000205856
6.87811e-05
0.000116902
0.000243563
0.000266166
0.000152738
0.000104308
0.000594601
0.00046541
0.000226726
0.000584718
0.000244689
0.000683581
0.000792033
0.000385659
0.000858409
0.000551681
0.00016242
0.000169811
0.000238366
0.00041777
0.000274735
2.41766e-05
4.47887e-05
8.6425e-05
0.000618258
0.000479791
0.000492528
0.000446624
0.000314992
0.000131338
0.000377665
0.000485657
0.000676829
0.000505892
0.00075466
0.00101249
0.000170404
1.80027e-05
0.000423072
0.00012571
0.000342945
0.000472258
0.00019276
8.67591e-05
8.36828e-05
0.00110181
0.00030589
0.000354013
0.000130509
0.000238221
0.000953211
0.000603764
0.000375776
0.000242687
5.64597e-05
5.34382e-05
1.42691e-05
8.27931e-05
1.57332e-05
0.000467518
2.83703e-05
3.5906e-05
0.000676608
0.000492825
0.000296267
0.000289724
0.000203631
0.000584862
0.000661331
3.53122e-05
4.32154e-05
0.000104196
4.29915e-05
0.000193182
5.94989e-05
2.70154e-05
0.000154511
4.74166e-05
0.000156271
5.40136e-05
0.000101847
0.000439117
0.000554887
0.000191964
0.000230358
5.74148e-05
0.000230436
0.000189359
0.000133274
0.000382127
0.000186922
0.000620655
0.000261444
0.000254418
0.000496423
0.000189976
9.04833e-05
2.56821e-06
3.73015e-06
0.000231929
0.000134032
0.000205875
0.000487737
0.000736783
0.000200136
9.92196e-05
0.00017401
0.000132459
0.000151741
5.53619e-05
0.000627706
0.000597246
0.000168551
0.000127802
8.13438e-05
0.000364198
0.000458779
0.00025542
0.000162311
9.13203e-05
0.000649148
0.000572482
0.000362932
0.000517848
0.000294609
8.40212e-06
0.000340549
0.000276956
0.00033304
0.000130671
0.000206847
0.000284752
5.25144e-05
9.47846e-05
9.21649e-07
4.41251e-05
9.00475e-06
5.63773e-05
0.000230133
0.000248082
0.000445477
0.000591429
0.000221765
8.45128e-05
0.00104289
0.000335757
0.000810994
0.00019866
0.000187003
0.000506102
0.000436605
0.000515169
0.000190754
0.000207984
0.000374598
0.000572689
7.77081e-05
0.00031006
0.000260028
0.000100795
0.000382321
0.000219918
0.000230088
0.000191712
0.000164795
2.46982e-05
0.000241177
0.000192705
0.000380698
0.000201234
0.000141188
5.90028e-06
0.000158407
0.000294427
0.000269856
4.12916e-05
0.000627006
0.000226924
0.000238326
0.000664716
0.000141812
5.74344e-05
0.000604358
0.00055985
0.000347235
0.000232606
0.000817647
0.000178665
5.57348e-05
7.73722e-05
7.01742e-06
0.000166092
0.000834147
0.000247729
0.000201134
0.000452178
0.000287928
0.000440699
0.000436041
0.000300267
0.000380869
0.00043333
4.29574e-05
0.000805643
0.000255496
0.000697804
3.58748e-05
0.000204405
2.90909e-05
0.000159646
2.04963e-05
1.73932e-05
9.08673e-05
0.000164034
0.000319464
6.25851e-05
3.03475e-05
1.60492e-05
7.87844e-05
4.34051e-05
0.000364196
4.44648e-05
0.000252119
9.86249e-05
6.55256e-05
0.000324721
0.000283395
8.76423e-05
0.000159112
0.000559823
0.000140233
0.000251746
0.000228292
0.000330991
5.54225e-05
0.000140093
0.000370189
0.000193738
0.000269165
0.000601885
0.000264836
0.000668356
0.000435453
0.000303619
0.000505263
0.000598821
9.56534e-05
0.000161038
1.70592e-05
8.23365e-05
0.00013328
0.000431322
0.000141923
1.51687e-05
3.02969e-05
7.95979e-05
0.000308289
0.00016327
0.00010504
0.000499166
0.000319504
0.000285221
0.000425339
0.000196903
0.00018654
0.000131284
8.93643e-05
0.000512441
0.000598456
0.000326824
0.000250107
0.000248956
0.000161233
0.000372015
9.70458e-05
0.000202489
0.000631591
0.000547074
0.000548404
0.000487755
0.00034222
0.000100072
0.000454846
6.88763e-05
5.18229e-05
5.45683e-06
6.59481e-06
3.7669e-06
0.000578047
0.000359172
0.000232424
2.15526e-05
7.28198e-05
0.00010422
5.91039e-06
2.45908e-05
0.000367877
2.67234e-05
0.000921612
0.000234831
0.00118386
0.000529509
0.000654994
0.000726081
0.000181888
0.000222318
0.000370264
0.000163674
0.000458738
4.73846e-05
0.000144276
8.65432e-05
0.000153014
0.000100501
0.000384719
0.000255257
0.00017148
0.000507574
0.000814757
0.00101193
2.0914e-05
0.000183555
0.000202723
0.000258554
6.85799e-05
3.48487e-06
0.000380315
0.000671698
3.14448e-05
0.000694615
0.00058195
0.000488983
0.000413073
3.30244e-05
9.68481e-05
5.84436e-05
0.000128211
1.92981e-05
3.85864e-05
0.00024523
9.31358e-05
0.000445288
0.000445637
0.000447973
0.000113303
0.000178707
0.000344736
0.000550193
0.000348064
0.00110843
0.000552348
0.000220438
0.00073969
0.000150613
0.000513502
0.000329896
0.000702058
0.000176856
8.5922e-05
0.000445955
0.000607626
0.000466348
0.000248015
0.000483225
0.000544755
0.000169083
2.6604e-05
0.000193579
4.925e-05
0.000203619
5.77564e-05
0.000707547
0.000452382
0.000390456
0.000356226
1.08082e-05
0.000104298
8.15818e-05
0.000293663
3.13014e-05
2.22382e-05
3.00303e-05
0.000186026
0.00108248
0.000504784
0.00053417
0.000241133
0.000639882
0.00028091
0.000638775
0.000702929
0.000421589
0.0006022
0.000434675
6.96043e-05
7.28073e-05
0.000342488
0.000127564
0.000198095
2.84984e-05
3.47889e-05
6.35614e-05
0.00015567
0.00090213
0.000838869
0.000573065
9.79966e-05
0.000292551
0.000271074
0.000630843
0.000422678
0.000153366
4.33897e-05
0.000309318
0.000315366
0.00042274
0.000282554
0.000191182
0.000435113
0.000328515
0.000440775
0.000194317
6.83621e-05
0.00041885
6.45806e-05
0.000352289
0.000499515
0.000662412
0.000496854
0.000365927
0.00079412
0.000309823
0.000443499
5.51214e-05
0.000281272
0.000804882
0.000264608
0.000644603
4.40729e-05
4.48539e-05
0.000170157
0.000508489
0.000782449
0.000228858
0.000449156
0.000271227
5.5639e-05
6.35195e-07
5.27366e-05
0.000670375
0.000511999
0.000113099
9.1096e-05
0.000337713
0.000827888
0.000758836
0.000156796
0.00059466
6.97157e-05
0.000303387
0.000822131
0.000227768
0.000533514
0.000306777
6.98332e-05
0.00069831
0.000414696
0.000368185
0.000697439
0.000496832
0.000993653
0.000556613
0.000651035
4.74814e-05
4.30393e-05
0.000128592
0.000161021
0.000343636
9.41484e-06
0.000182257
0.000113863
8.02946e-05
0.000403846
0.0001053
1.23528e-05
7.71538e-06
3.6908e-05
7.05619e-05
0.000148609
0.000406424
0.000129489
0.000213662
0.00036737
0.000622315
0.000200392
0.000254134
0.000333138
0.000592219
0.000360034
0.000126736
1.83405e-05
4.34629e-07
0.00047326
0.000330691
5.63309e-05
0.000762829
0.000332685
7.64404e-05
6.54781e-05
0.000627064
2.68284e-05
0.000374738
0.000226259
0.000224513
0.000227587
0.000325471
6.93236e-05
4.1962e-05
0.000187854
0.000359788
0.000694779
0.000506266
0.000312062
1.08236e-05
0.000137643
7.78061e-06
1.02955e-05
9.45343e-05
0.000212551
0.000492649
1.63688e-05
0.000100795
0.000422589
0.000500797
0.000630501
0.000369504
0.000464268
0.000699027
0.000346536
0.000505643
0.000664042
1.91483e-05
0.000378529
0.000458202
0.000429074
0.000400229
0.000272295
4.27233e-05
0.000171994
0.00012102
0.000551823
0.000133017
0.000243519
0.000384612
0.000227481
0.000356973
0.000699366
0.00019901
0.00055761
0.000653897
0.00032118
0.000328838
0.000440474
0.000455916
0.000525671
5.41121e-05
0.000160724
0.000596274
0.000132892
0.000631836
0.00041225
0.000382449
0.000550105
0.000436239
0.000365438
0.000227815
0.000515907
0.000908955
0.000526177
0.000314151
0.000561462
0.000594561
0.00012405
0.000748836
0.000670294
0.000207095
0.000175395
0.000376477
0.000627533
0.000252817
0.000201838
3.31384e-05
0.000271099
0.000317234
0.00022395
0.000633439
7.5443e-05
0.000173021
0.000731842
0.000478654
0.000110919
0.000736303
0.000614907
0.000421212
0.000326981
0.00061945
3.37948e-05
3.88684e-05
3.42045e-05
0.000132248
0.000292335
0.000182223
0.000261351
0.000549507
6.20581e-05
2.06779e-05
2.62483e-05
4.81421e-05
0.000195367
0.000340624
0.000671345
0.000119684
0.000341359
3.81047e-05
0.00027127
0.000799245
0.000176137
0.000219067
0.000208063
0.000342877
0.00011837
0.000366846
0.000697511
0.000176995
0.000223931
0.000666593
0.000894862
0.000189337
0.000443227
0.000427204
0.000773212
0.000645411
5.94333e-05
0.000109458
0.00050306
0.000394853
0.000155881
3.44944e-05
0.00080052
0.000529729
0.000174142
0.000663158
0.000360917
0.000595018
0.00022708
0.000344232
0.000697231
9.59575e-05
0.00012306
0.000868083
0.000284128
0.000610388
0.00084231
0.000566025
0.000125791
4.31823e-05
2.41919e-07
0.000313114
0.000210176
0.000543799
0.000148307
0.000204904
0.000336513
0.000300298
0.000950179
0.000177353
0.000870349
0.000519381
0.000279829
0.000197466
0.000839888
0.000184618
0.000157472
0.000386167
0.000144001
0.000272607
0.000183231
0.000212615
4.14261e-05
0.000114253
0.000101188
6.19196e-05
0.000162006
0.000162675
0.000339612
0.000140242
0.000282345
0.000148286
0.000707382
0.000569481
0.000697502
0.000425674
0.000643856
7.41142e-05
7.23874e-05
0.000106769
0.000395369
0.000281273
0.000410461
0.000353456
0.000592733
0.00019524
0.000610059
0.000592807
0
6.05956e-05
0.000160542
0.000608387
0.000163336
0.000687566
0.000663811
0.000844391
0.000153837
8.45168e-05
0.000757846
9.46775e-05
0.000133359
0.000632596
0.000594539
0.0002324
5.16366e-05
3.20675e-05
1.90867e-05
0.000177794
0.000128692
3.01438e-05
0.000336091
0.000181845
0.000119897
0.000249995
0.000185101
0.000351132
0.000455563
0.000574794
0.000775008
0.000910881
0.000373561
0.000125663
0.000235098
0.000261068
0.000258626
0.000238282
1.50742e-05
3.12757e-05
3.87744e-05
0.000279281
0.000310295
0.000126589
0.000759186
0.000307449
0.000252004
0.000194007
0.000102405
0.000761416
0.000367197
0.000662232
0.000421465
0.0002492
0.000867322
0.000133119
3.42505e-05
0.000357634
0.00062673
0.000388418
0.000593297
0.000318863
0.000595256
0.000495567
0.00014032
0.000278564
0.000215205
0.000114602
0.00065272
0.000856585
0.000581657
0.000188949
0.000517101
0.000490091
2.99929e-05
0.000299696
4.33216e-05
0.000405554
0.000140877
0.000123503
9.1695e-05
0.000118674
8.92013e-05
0.000327006
0.000574625
0.000192851
0.000744537
0.000105637
0.000301476
0.00010241
2.34412e-05
7.06686e-05
0.000155099
0.000180003
0.000391784
1.33097e-05
0.000260287
0.000201825
0.000484561
9.71137e-05
0.000452761
0.000155595
0.000248781
0.000198393
3.45661e-05
0.000516536
1.42124e-05
0.000193749
0.000427053
0.000105777
0.000850384
0.000639086
0.000769304
9.36485e-05
0.00019416
0.000725094
0.000395025
6.84839e-05
0.000142768
8.8192e-05
0.000525027
0.000304819
0.000458072
0.000124208
0.00028794
0.000403872
0.000658905
8.32731e-07
1.66441e-05
3.1026e-05
5.06339e-05
0.000568332
0.000458094
0.000563007
0.000402246
0.000682554
0.000625869
0.000232688
0.000204568
9.57308e-05
0.000492582
0.000243746
0.000197019
0.000129508
0.000435351
0.000640563
0.000395693
0.000626978
0.000634535
0.000309953
0.000304901
0.000639634
0.000351945
2.83553e-05
0.000179596
0.000125056
0.000758685
0.000181869
0.00021934
0.000305137
0.000276554
1.15696e-05
5.60237e-05
9.7676e-05
8.79085e-05
0.000164512
0.000286125
0.000450727
0.000686027
0.000504994
5.93784e-05
0.000370237
4.72652e-05
0.000316978
0.000204258
0.000267536
4.22989e-05
7.17284e-05
4.47244e-05
0.000401906
0.000325744
0.000156469
0.000119784
0.000137962
0.000155449
8.9609e-05
0.000699968
0.00043295
3.62422e-05
0.000249247
0.000394472
0.000539299
0.00036147
0.000307097
0.000132629
0.000147007
4.33563e-05
3.04926e-05
0.000246112
0.000420269
0.000406794
9.58294e-05
8.68569e-06
2.86809e-05
0.000320631
0.000430301
0.000521645
0.000328508
4.72182e-05
0.000158001
8.99504e-05
5.23485e-05
0.000144225
0.00014265
0.000156789
0.000259337
0.000218917
0.000435912
0.000107487
5.33625e-05
9.07706e-05
0.000258628
0.00080948
0.00085008
0.000106
0.000104097
0.000266002
0.000467375
0.000561302
0.00112428
0.000282281
0.000263081
0.000165254
0.000278574
6.32867e-05
0.000129395
0.000439845
0.000218248
0.000151868
0.000457218
0.000859814
0.000103119
6.8889e-05
0.000199018
0.000439693
6.62569e-05
0.000656183
0.000345455
0.000280422
0.000465672
0.000278612
7.64539e-05
0.000815827
0.000551815
0.000545354
0.000193727
0.000150718
0.000405756
0.000673233
0.000496132
0.000521379
0.000875704
0.000289654
0.000189816
2.61559e-05
0.00020203
0.000563779
0.000190488
0.000132776
0.00028873
0.000474843
0.000225806
0.000288147
9.04034e-05
0.000138786
2.17419e-05
0.000155399
7.60572e-05
0.000558283
1.22523e-05
0.000205782
0.000368339
0.000372872
5.12707e-05
2.52907e-05
1.15433e-06
0.000114086
0.000336156
0.000371193
0.000259532
0.000322496
0.000466709
0.000347566
0.00028746
0.000539078
5.63222e-06
0.000373605
0.000357974
0.000265031
8.98474e-05
0.000365587
0.000667373
0.000298625
0.000263646
0.000370498
0.000601052
0.000261622
0.000112404
0.000718176
0.00053931
0.000268169
0.000274979
0.000278018
0.000363434
0.000168461
0.000560186
0.000290243
0.000463381
0.000492
0.00016648
5.3866e-06
0.00015279
4.70498e-06
0.000529914
0.000232902
0.000108433
0.000427512
0.000343223
0.000568599
8.46781e-05
8.71946e-05
9.69597e-05
6.27531e-05
9.3238e-07
4.62089e-05
6.30188e-05
1.76098e-05
0.000134106
0.000147092
0.000649828
0.000248932
0.000281043
0.000383528
7.42715e-05
7.37358e-05
0.00028059
5.63638e-05
0.000257123
0.000385993
8.4835e-05
1.24994e-06
0
3.68711e-05
3.61896e-05
0.000385277
0.000140564
0.000817253
0.000103157
0.000729164
0.000416671
0.000352004
0.000262647
0.000432831
0.000105629
0.000187883
7.14565e-05
0.000117406
0.000110312
0.000118208
0.00029843
3.19759e-05
3.9575e-05
0.000536191
0.00049215
0.000169259
8.99631e-05
3.52905e-05
0.000126483
7.97867e-05
8.26621e-05
0.000223714
0.000120518
0.00043514
0.000151634
0.000138837
8.69862e-05
1.47984e-05
9.62425e-08
6.72921e-05
9.55685e-05
0.000287483
0.00023962
0.000867299
0.000360026
0.0002761
0.000338479
0.00031805
0.000101914
0.000296283
0.000231966
3.52788e-06
0.000760887
0.000567599
0.000223777
3.35414e-05
4.26258e-06
0.000262494
0.000145405
2.46734e-05
0.000102198
7.55236e-05
0.000110458
8.87498e-05
0.000111069
0.000148153
0.000440639
0.000601662
0.000632962
0.000531399
0.000889983
0.000513319
5.42411e-05
0.00030559
0.000260475
0.000426567
0.00048484
0.000433685
0.00104704
0.000435822
0.00036653
0.000294887
0.000317613
0.000381824
0.000316233
0.000334295
0.000167942
5.37414e-05
3.84291e-06
0.000844996
0.000267907
9.62087e-05
0.000535257
0.000396971
0.000351211
0.000241779
0.000685927
0.00028134
0.00100372
0.000736671
0.000975882
0.000943158
0.000110649
8.28728e-05
0.000422292
0.000260634
0.000131635
0.000331698
0.000745884
0.000594256
0.000519293
0.00029602
0.000198223
0.000773219
0.000295206
0.000138301
0.000194471
0.000497896
0.000198875
0.000688756
0.000270536
4.71934e-05
0.000734621
7.15449e-05
0.000113717
0.000251246
0.00024816
0.000201132
0.00028802
0.000379852
6.87853e-05
5.0266e-05
3.24396e-05
0.000179004
4.63348e-05
0.0003067
4.04019e-05
0.000366717
4.61079e-05
0.000255771
0.000456291
7.73185e-05
0.000124512
6.72094e-05
0.000267828
0.000597721
0.000163986
0.000114566
0.000182358
5.70448e-05
9.0123e-05
0.00020065
0.000371252
0.000226685
0.000145961
0.00017143
8.60276e-05
0.000566804
0.000564949
0.000219809
0.000276066
0.000293525
0.000204013
7.44837e-05
0.000317258
0.00053997
2.85157e-05
0.000582446
0.00063814
0.000367866
0.000657432
0.000282465
0.000761684
0.000408867
0.000755134
0.000353625
2.38311e-05
0.000580895
0.000197893
0.000242491
0.000314703
0.000244277
0.000214787
0.000229522
0.000475249
0.000404977
9.28015e-05
0.000611748
0.000577722
0.000933234
0.00045948
0.000583855
0.000153169
0.000141969
6.70792e-05
0.000899385
0.000222101
0.000441225
0.000201616
0.000369676
0.000187989
5.84535e-05
0.00018896
0.000813463
0.000445224
0.00021048
0.000150088
0.000197111
1.02115e-05
0.000480542
0.000377696
0.000495449
0.000479178
0.000312661
0.000565499
0.000154557
1.67057e-06
0.000466421
0.000362221
0.000332549
1.22237e-05
0.000945202
0.000506824
0.000198372
0.000493084
0.000316317
0.000269314
0.00053884
0.000327969
0.000171634
0.000232079
0.000171436
0.000454011
0.000497372
0.000439065
0.000224234
9.7306e-05
6.81985e-06
1.59807e-05
2.28618e-05
0.000177536
7.15517e-05
3.39237e-05
5.61386e-05
0.000355496
0.000662046
0.00014277
0.000207334
8.9352e-05
1.06185e-06
1.66259e-05
0.00045828
0.00018898
0.000102439
0.000119374
1.82829e-05
3.47972e-06
0.00026539
0.000171941
0.000181337
1.56826e-05
3.46289e-05
0.000214661
0.000505409
0.000789001
0.000546549
0.000344364
0.000466179
0.000469282
0.000136592
0.000550175
0.000813258
0.000677413
0.000544951
0.000593425
0.000488997
0.000754913
0.000305551
0.000144188
4.78571e-06
0.000182878
0.00061205
0.000328982
0.000287812
0.000323033
0.000394285
0.00081918
0.000518934
0.000120593
9.22793e-05
5.7019e-05
0.000108819
0.000177272
0.000373809
0.00014719
4.04741e-05
2.37229e-05
7.95113e-05
0.000113912
0.000110406
0.000191624
0.000574178
0.000198303
0.00043246
0.000195005
2.78904e-05
0.000153501
0.000161792
0.000257947
0.00073867
0.000184651
0.00014763
0.00012845
0.000305833
0.000507848
0.000230426
0.000761392
7.56299e-05
0.000145528
0.000359883
7.35676e-05
0.000374191
0.000138817
0.000112924
0.00050296
0.000433765
0.000509511
0.000107199
0.000254152
0.000195561
0.000221176
0.000574501
0.000316809
0.00050147
0.000539507
0.000699033
0.000651996
7.95713e-05
0.000973559
0.000798425
0.00012261
0.000394525
0.000400368
0.000182928
0.00078721
0.000333022
0.000471563
0.000272544
9.22338e-05
2.43296e-05
5.17688e-05
0.000672821
0.0005885
0.000603304
0.000152764
0.000593097
0.000466363
0.00056238
0.000443349
0.000521456
9.9724e-05
0.000851431
2.49526e-05
0.000224108
0.000200963
0.000104647
0.000408446
0.000868843
0.000429452
0.000554353
0.000229382
0.000393434
0.000465279
0.000125316
0.000220936
0.00025267
0.000538716
0.000369748
0.000132221
0.000530046
0.000131077
2.70022e-05
2.92762e-05
0.000118503
0.000249163
6.74859e-05
0.00061012
2.52732e-05
0.000244563
0.000295909
0.000326144
0.00018214
2.36083e-05
0.000138867
4.90118e-05
2.8547e-05
3.84491e-05
0.000560486
0.000437983
0.000336328
0.000645416
0.000154258
0.000304079
0.000228915
0.000175236
5.6723e-05
0.000349701
0.000609036
0.000303927
0.000368359
5.01224e-05
0.000134033
0.000320473
0.000129415
0.00022662
0.000308859
0.000410552
0.000322697
9.83217e-05
0.000189725
6.08219e-05
0.000247371
0.000349778
0.000302564
0.000249613
0.000593322
0.000420779
0.000462501
0.000240712
3.34235e-05
0.00066852
0.000306405
0.000245408
0.000769146
0.000214236
0.000341673
0.000405498
0.000789233
0.000331692
0.000694547
8.5426e-05
0.000550047
0.000612394
0.000817963
0.000626938
7.57948e-05
0.000286639
0.00120266
0.000408661
0.000410399
0.000244657
0.000400315
0.000336371
6.35531e-05
0.000137184
0.000608332
0.000169483
0.000722976
0.000889787
0.000139501
2.2982e-05
6.67796e-05
0.000137239
0.000382365
0.000426551
0.00028058
0.000260306
0.000113141
7.84376e-05
0.000172999
0.000217668
0.000324068
0.000263645
0.000436329
8.26551e-05
0.000910719
0.000126638
1.79654e-05
0.000155245
6.59969e-05
0.000687375
2.8465e-05
5.46267e-05
0.000123239
0.000216099
0.000609771
0.000487492
0.000495593
0.00015826
0.000105045
0.000242566
0.000233132
8.084e-06
0.000313501
0.000219009
0.000243574
0.000113281
0.000777743
0.000466024
0.000362381
0.000496431
0.000496771
0.000313309
0.000456994
0.000101758
0.000466106
0.000507604
0.000353528
0.000931301
9.42036e-05
0.000474754
9.89072e-05
0.000276042
0.000367012
0.000736218
0.00108954
0.000360118
0.000208833
5.67341e-05
5.5771e-05
0.000433706
7.60787e-05
6.79312e-05
0.000119609
0.000426521
0.000582776
0.000610017
0.000448858
0.000185467
0.000183253
0.000343816
0
9.20672e-05
0.000217127
3.16221e-05
0.00024662
0.000357267
0.000448314
2.20465e-05
1.26412e-05
0.000116178
0.000633101
0.000461035
0.00017369
0.000429792
0.000254734
0.000112472
0.000144842
2.03878e-06
0.000120724
0.000415107
0.000562612
0.000220446
0.000499775
0.000737111
0.00024976
0.000672946
0.000644048
0.000505262
0.000380057
0.000487691
0.000483756
0.000373336
0.000145043
6.93296e-05
0.00032274
1.29535e-05
0.000402126
0.000229258
0.000307378
0.000415875
0.000278058
0.000560274
0.000953551
0.000151237
0.000577169
0.000336012
0.000739288
0.000461131
0.000333989
0.000447192
0.000199654
0.000121964
0.000511392
0.000246757
0.000369249
8.19852e-05
0.000317324
0.000176325
0.000663625
0.000141075
0.000361204
0.000346806
0.00130238
0.000491914
0.000102699
0.000818807
0.000269463
0.000394574
0.000106719
0.000139959
0.000186635
0.00082767
0.000704382
0.00053788
0.000964829
0.000508735
0.000321995
0.000431397
0.000485798
0.000199883
0.000570012
0.000658514
0.000771344
0.00107723
0.000188802
0.000267976
0.000233111
1.74509e-05
0.00075938
0.000131993
0.000252276
0.000688977
0.000357832
0.000214583
0.000176071
0.000439718
1.72209e-05
0.000110408
0.000626915
0.000210576
0.000187052
0.000121678
1.96866e-05
0.000271148
0.000134738
9.085e-05
0.000402862
0.00030523
9.60972e-05
7.33804e-06
3.60122e-05
0.000446898
0.000155113
8.4677e-05
6.27612e-05
5.53038e-05
0.000191012
0.000120404
0.000207628
0.000160462
0.000774559
1.7135e-05
0.000547499
0.000469895
0.0010187
0.000366558
0.000566554
0.000510412
0.00053259
0.000661384
0.00018343
0.00102124
0.000827934
0.000138754
0.000346699
0.000247956
0.000656451
0.000316322
7.04807e-05
3.82237e-05
0.000178649
0.000958818
0.000259535
0.000312852
0.000212702
6.33327e-05
4.46708e-06
5.42054e-05
5.92563e-05
0.000318251
4.32026e-05
2.77772e-05
0.000172001
0.000269692
0.000246084
0.000281304
0.000532676
0.000397736
0.000390275
0.000308274
0.000383404
0.000316486
0.00031567
0.000327152
7.07775e-05
0.000112747
0.000528065
0.000192507
0.000581185
0.000171292
0.000404306
0.000464725
0.000581795
0.000241037
0.000596422
9.60929e-05
0.000333151
0.000573746
0.000383726
0.000343049
5.94196e-05
2.07393e-05
0.000774356
0.000411479
9.20288e-05
2.73487e-05
0.000386693
0.000564738
0.000109674
2.42466e-05
0.000281174
0.000484207
0.000202714
0.000180977
7.94796e-05
0.00019473
0.000383241
0.000245458
0.000581108
0.000413547
0.000127852
0.000562346
6.39251e-06
9.43137e-05
0.000646206
0.000711051
0.000403879
0.000623822
0.000714669
0.000251337
0.00035432
0.000522326
0.000520636
0.000309323
0.000420732
5.72543e-05
0.000240777
8.36774e-05
0.000186126
0.000856362
0.000354238
0.000596166
0.000471489
7.14129e-05
0.00053444
0.000511915
0.000238734
0.000355256
0.00018165
0.000573118
0.000387409
0.000548919
0.000722108
0.000483255
0.000388793
0.000190592
0.000861263
0.000382884
0.000101082
0.000473961
0.000263378
0.000366538
0.000228246
0.000468034
0.000642924
8.12765e-05
0.000399524
0.000329906
0.000710373
0.000106612
0.00017005
0.00040733
0.000306068
0.000705756
0.000371768
0.000117944
3.6077e-05
0.000386907
0.000205933
0.000251801
0.00044813
0.000473323
0.000366489
0.000401472
0.000193879
0.0003959
0.000311104
6.5819e-05
8.92499e-05
0.000155224
9.02993e-05
0.000187964
0.000295078
0.000225546
0.000428031
0.000448539
0.000352203
0.000500022
0.000699679
0.000741754
8.74887e-05
5.74129e-05
0.000309576
0.000136436
2.13471e-05
3.61548e-05
0.000191367
9.5842e-05
0.000540394
0.000108148
1.61986e-06
0.000123613
0.000259963
0.000168799
1.58081e-05
0.000752245
0.000508628
0.00083528
0.000333369
0.000815075
0.000192598
0.000221304
1.9753e-06
0.000150508
0.000805635
0.000430398
0.000378735
0.000241199
0.000454495
0.000383534
0.000504906
4.54574e-05
0.000503359
0.000354422
0.000712333
0.000153084
0.000460714
0.000561976
0.00073931
0.000215203
0.000300039
3.50915e-05
9.77203e-06
2.81718e-05
0.00011738
0.000651422
6.123e-05
0.000472611
7.24966e-05
0.000560486
0.00042968
0.000507717
0.000743491
0.000857957
0.00046353
0.000701285
0.000401092
0.000909063
0.000525818
0.000685907
0.000177114
0.000931616
0.000116743
0.00017375
0.000221666
0.000452905
0.000460343
0.00032545
0.000192029
8.0494e-05
3.78331e-05
0.000264181
0.000954454
0.000135692
0.000706177
0.00048
0.000102047
8.17915e-05
0.000438077
0.000432897
0.000479191
0.000364335
1.73401e-05
0.000349854
0.000567713
0.000528771
0.000394152
0.000191074
6.20657e-05
0.000360624
0.000329554
2.95627e-05
0.000123023
0.000130985
0.000546671
0.000226381
9.82005e-05
0.000319288
0.000835513
0.000453015
0.000442194
0.00069072
0.000542795
0.000196701
1.98712e-05
0.000306355
0.000309826
0.000712276
0.000627914
0.000478603
0.000236863
0.000680357
0.000268342
0.000694237
0.00049486
0.000405631
0.00032326
0.000506645
0.000484104
0.000695371
3.41127e-05
5.68586e-05
4.73303e-07
4.45567e-05
0.000494472
0.000895372
4.83163e-05
7.53547e-06
1.47628e-06
0.000723727
0.000645405
0.000374549
8.90209e-05
0.000412467
0.000137805
0.000218702
0.000415874
3.99412e-05
0.000159479
0.000294483
0.00014697
0.000172973
0.000743634
0.000501452
0.000894489
0.000165564
1.33136e-05
0.000609483
0.00127412
0.000405003
0.000701434
0.000216917
0.000109595
0.000201039
0.00012528
0.000222904
0.000416992
0.00048941
0.000788491
0.000879337
0.000549354
0.000197193
0.000120764
0.000395778
0.000521949
0.000361827
0.000522045
2.51846e-05
0.000386349
4.73349e-05
3.03525e-05
0.000298061
0.000545998
6.43665e-05
3.90668e-06
0.000335754
0.00015156
4.21896e-05
0.000473387
0.000762216
0.000818539
0.000242841
0.000170529
0.000842527
0.000108641
0.000207076
2.19595e-05
8.72119e-05
0.000180841
5.00083e-05
0.000676894
0.00039057
0.000447006
9.92007e-05
3.12879e-05
0.000231839
0.000158022
0.000408218
0.000461167
0.000195304
0.0003736
0.000790422
0.000263587
0.000232377
0.000397697
0.000290749
3.86829e-06
2.72078e-05
3.09692e-05
9.86914e-05
0.000582813
0.000266719
0.000131763
0.000114382
5.68509e-05
6.85437e-05
4.96705e-05
0.000507243
9.29373e-05
0.000327218
0.000404681
0.000382075
0.000535842
0.00022075
2.05307e-05
1.81488e-06
0.000223386
0.00036408
0.000196147
0.000382722
2.27691e-05
0.000464881
0.000117256
0.000398743
0.000284476
0.000240279
0.000705572
9.57247e-05
0.000441756
0.000113927
0.000678974
0.000631846
0.000770042
0.000214938
0.000290054
8.69456e-05
0.000406262
0.000401553
0.000443
0.000616246
0.000376934
0.000360751
0.00066314
0.000710529
0.000180869
0.000662291
0.000189032
0.000173175
0.000125264
0.000208718
0.000486744
0.000798783
0.000507516
0.000248882
0.000499917
6.43361e-05
6.99312e-05
1.06267e-05
0.000141581
8.68568e-05
0.000123679
0.000338559
0.000385993
8.35432e-05
0.000125489
0.000318958
0.000527434
0.000330937
0.000361812
1.32589e-06
1.80863e-05
0.000278792
0.00032892
4.88925e-05
0.00117648
0.000304556
0.000794583
0.000301064
8.18875e-06
0.000335911
0.000119746
0.000274152
0.000387649
0.000170779
0.000483637
0.000461672
0.000396595
0.000472715
0.000344261
0.000651917
9.39533e-05
0.000245071
0.00027683
0.000189213
0.000302091
0.000398042
0.000256621
0.000310806
0.000648524
9.93935e-05
0.000117216
0.000319018
0.000292708
6.5355e-05
0.000111319
0.000129483
0.000267278
2.56032e-05
0.000164081
0.000342962
0.000652291
0.000363491
4.24422e-05
0.000148215
0.000243029
1.45426e-05
7.33466e-05
0.000324569
9.24522e-05
0.000543072
0.000413715
0.000355004
0.000486625
0.000143854
0.000186675
0.000510648
0.000344424
0.000113038
0.000137446
0.000118869
0.00010299
0.000187622
0.000179072
7.21834e-05
8.38933e-06
0.000100152
0.000690954
0.000520839
6.82095e-05
0.000116236
0.000202696
0.000477089
0.0001347
0.00017231
0.000595379
0.000373768
0.000425999
0.000389067
0.000114183
0.000293312
0.000230087
0.000159834
0.000107619
0.000891271
0.000539591
0.00098424
0.0001132
0.000214604
0.000275465
0.00047663
0.000162069
0.00107641
3.81365e-05
0.000107823
6.8187e-05
0.000352656
3.95488e-05
0.000309166
0.000545738
0.000325823
0.00026687
9.90308e-05
0.000177251
0.000174914
0.000153793
0.00095501
0.000481202
0.000275364
0.000517881
0.000180874
9.34714e-05
0.000344083
0.000253247
0.00029645
0.000643553
0.000568935
0.000268884
0.000622353
0.000372039
0.000676819
0.000474812
0.000622787
6.40412e-05
0.00020104
0.000170902
0.000182825
0.000824932
6.34897e-05
0.000126287
0.000586976
0.00030614
0.000529553
0.000144332
0.000203208
0.000469971
0.000391554
8.75218e-05
0.000191018
0.000318201
0.000316862
0.000392129
0.000163961
0.000787652
0.000181419
0.000398156
0.000267769
0.000408189
0.000411368
0.000372365
0.000385097
4.49712e-05
0.00051224
0.000723717
0.000901479
0.000517643
0.000383337
0.000385159
2.78323e-05
0.000140076
4.16615e-05
0.00067441
0.000303871
0.000132281
0.000282366
0.000245751
0.000723479
6.22355e-05
0.000597944
3.63982e-05
0.000364875
0.000433691
0.000278921
0.000415486
9.91966e-05
0.000216157
0.000362084
0.000923946
0.000152777
0.000152346
0.000624695
0.000553327
0.00094734
0.000910308
0.000581136
7.81689e-05
0.000243436
0.000284144
0.000140976
0.000408514
0.000579601
0.000280758
2.17668e-05
2.43662e-05
2.43384e-05
0.000353389
0.000106729
0.000142095
0.000410041
0.000763016
7.188e-05
9.02976e-05
0.000294137
0.00060053
0.000645461
0.00048249
0.000518786
0.000416608
0.000805258
0.000698112
0.000661097
9.86387e-06
3.70821e-06
4.53526e-05
5.05258e-05
0.000180636
0.000218192
0.000765043
5.33843e-06
0.000356923
0.000542332
0.000448575
0.000588413
0.000101681
0.000214082
0.000376678
0.000339595
0.000538224
0.000302931
0.000207978
0.000151402
0.000104572
7.83097e-05
0.000998094
0.000289715
0.000825633
7.79663e-05
4.23861e-05
0.000247362
0.00012378
0.000344564
9.82652e-05
2.9825e-05
0.000174818
0.000331053
8.25875e-05
9.03567e-05
0.000100374
0.000120143
0.000423959
2.26157e-06
4.96469e-05
0.000239326
0.000176067
0.00081614
0.0003169
0.000741857
0.000448644
0.000149762
0.000373598
0.000124169
0.00039212
0.000277409
9.21417e-05
8.68986e-05
5.23542e-05
0.000701665
0.000476782
0.000357269
0.00029722
0.000308462
0.000100299
0.000236882
0.000753811
0.000196124
0.000256764
1.51721e-05
2.63696e-05
0.000417333
0.000425731
5.2205e-05
0.000193444
9.95e-05
0.000217588
0.000145858
0.000420188
0.000229465
0.000735475
0.000400871
0.000416135
0.000814568
0.000175081
0.000257183
0.000109505
9.40703e-06
7.348e-05
0.00036643
0.000272622
2.80946e-05
0.00098326
0.000229374
0.000161878
0.000358816
0.000153692
5.72124e-05
3.62492e-05
0.000433759
0.000238299
7.20898e-05
0.000279411
1.41e-05
6.68958e-05
0.000514475
0.000388381
0.00060097
0.000401287
0.000516685
0.000757562
0.000146082
0.000300543
0.000156423
0.000418597
0.000151912
5.97078e-05
0.00025647
0.000224951
0.000105197
3.56992e-05
0.000363637
0.000448177
0.000234229
6.17812e-05
6.72082e-05
0.000298694
0.000446087
0.000471775
0.000146175
0.000250213
0.000386487
0.000353399
0.000515277
0.000248778
0.000173828
0.000437753
0.000651883
0.000318322
0.000264857
0.000554905
0.000416641
0.000437971
3.81858e-06
0.000150047
0.000173169
8.68913e-06
0.000196162
5.25696e-05
0.000666535
0.00017978
0.000575459
0.000746755
0.000536856
0.000443792
0.000202262
0.00026499
0.000446745
0.000302302
0.000191255
0.000219151
0.000295254
6.37821e-05
0.000766841
8.50909e-05
0.000171946
0.000579433
0.000117751
0.000480215
0.000142874
0.0002058
0.000331222
0.000571878
0.000397485
0.000321494
0.000448657
0.000239796
0.000770563
0.000508218
2.88189e-05
0.000242798
2.85002e-05
0.000334868
0.000255077
0.000463139
0.000216675
0.00055729
0.000253199
0.00034921
0.000647943
0.000357434
0.000200565
0.00047046
0.000431158
0.000312582
0.000225244
0.00020027
0.000435471
0.000475484
0.000328538
0.000113575
0.000340537
7.2496e-05
6.4504e-05
6.47121e-05
2.68478e-05
0.000386568
1.18009e-05
4.54486e-05
3.58423e-05
0.000164394
4.02178e-05
2.42855e-05
0.000446779
0.000359954
3.6567e-05
0.000538593
0.000353157
0.000383364
0.000540308
0.000219013
0.000466682
0.000144335
4.71729e-05
0.000132679
0.000282208
0.000449337
0.000512679
0.000891206
8.68938e-05
2.03065e-05
0.000135275
0.000581232
0.000315761
0.000119794
0.000124789
8.77023e-05
0.000328039
0.000352252
0.000462688
0.000428028
0.000301305
0.000383302
0.000468357
0.000443362
0.000332118
0.000660225
0.000589244
0.000555159
6.82557e-05
0.000388339
0.000516559
0.000291201
1.1171e-06
3.14924e-05
0.000505703
0.000268791
0.000121198
8.28441e-05
0.000104965
0.000303767
0.000795686
0.000711857
0.000346804
0.000359891
0.000230474
0.000412763
0.000436879
0.000266203
3.12729e-05
0.000394149
0.000467136
0.000525506
0.000215067
0.000708089
0.000820285
0.000748092
7.27708e-06
0.000134075
0.000349433
0.00038948
0.000587499
5.04161e-05
0.000112389
0.000248305
4.72662e-05
0.000412786
0.000376276
0.000472227
5.72948e-05
0.000276804
5.76881e-05
2.40641e-05
0.000399174
0.00051482
0.000555028
0.000148849
0.000225283
3.85929e-06
6.31815e-05
0.000608097
0.000597987
0.00036913
0.000604412
7.87275e-05
0.000209295
0.000790698
6.35109e-05
0.000137785
0.000479803
0.00060969
0.00044538
1.25526e-05
0.000393421
0.000560765
0.000236755
0.000417057
0.000338172
0.000495831
0.000488664
0.000901101
0.000262182
0.000384028
0.000171318
0.000361169
0.000296043
0.00029711
0.00101703
0.000502938
7.20988e-05
4.27032e-05
0.000336973
0.000232221
0.000291746
0.000150806
6.61996e-06
0.000682627
8.90204e-06
4.95804e-06
9.81938e-05
0.000271793
1.01058e-05
0.000186151
0.00015872
0.000505776
0.00037389
0.000220479
0.000699993
0.000101865
0.000788692
0.000265867
0.000348581
0.000383853
0.000247368
0.000743027
0.000223131
0.000236599
0.000202411
0.000424878
0.0003759
0.000667986
0.000432408
0.000160791
0.000211979
0.000179839
0.000489487
0.000483802
0.000203289
5.87053e-05
3.43e-05
0.00016562
0.000533664
0.000481425
8.27803e-05
0.000116336
0.000262999
0.000203781
1.4254e-06
0.000150092
0.000133895
0.000298901
7.20804e-05
0.000274233
0.000265882
0.000313171
0.000147248
0.000304963
0.000125549
4.29997e-05
1.28802e-05
6.13937e-06
3.64839e-05
2.52162e-05
0.000223184
0.000317459
7.98469e-05
2.78257e-07
0.000250331
5.57211e-06
0.000822453
0.000218501
0.000634768
0.000219425
0.000290209
0.000610182
0.000548686
0.000638871
1.71622e-05
1.09905e-06
0.000614488
0.000609396
4.24689e-05
1.09247e-05
7.83522e-05
0.000157349
0.000496978
0.000892508
0.000168895
0.000118367
4.1734e-05
1.48523e-05
3.71446e-06
5.95469e-06
7.14969e-05
0.000170924
0.000373211
0.000821514
0.000582739
0.000792994
0.000203521
0.000281943
0.000136443
0.000265334
9.63368e-06
0.000662587
0.000491392
0.000172003
0.000328848
0.000738088
0.000313774
0.00014297
4.08753e-06
0.000396554
7.93291e-05
0.000193084
0.000121769
9.32926e-05
4.22078e-05
5.42404e-05
4.41053e-05
0.000249875
1.26584e-05
0.000453759
0.000573162
0.000358089
8.17009e-05
0.000146717
5.09542e-05
0.000626798
0.000178023
0.000187858
0.00015667
0.000489122
0.000238289
0.000356732
0.00033864
0.000499234
0.000412601
0.000212674
0.000419374
0.000206921
9.34896e-05
0.000371648
0.00027042
0.000438645
0.000134522
5.75757e-05
0.000223306
0.000290624
0.000291451
5.65733e-05
3.79627e-06
9.40885e-05
0.000177317
0.000338754
0.0006874
0.000549066
7.67939e-05
0.000202633
0.000135452
0.00012973
0.000101704
0.000203942
2.09224e-05
0.000151358
1.67116e-05
0.000532926
0.000225528
0.000235164
0.000157211
4.61351e-05
6.16321e-05
0.000256044
0.000259537
9.48611e-05
0.000919273
0.000179372
0.000120053
0.000677273
0.000197991
0.000232788
0.000168856
1.95022e-05
5.90252e-05
0.000463705
0.000269131
0.000439209
9.22936e-05
0.000433645
0.00102926
0.000948911
0.000551143
0.00028138
2.13883e-05
0.000369901
0.000459953
0.000501272
0.000620282
0.000629792
0.000336153
0.000268175
0.000184625
0.000410198
0.000364238
0.000292008
0.000622461
5.33509e-05
0.000163954
0.000310692
0.000239973
0.000234609
0.000315196
0.000655539
0.000427014
0.000316648
0.000171658
0.000192865
0.000248408
0.000197389
0.000261121
5.96477e-05
3.2129e-06
0.000275829
0.000452379
0.000390634
0.000679731
0.000159063
8.93126e-05
2.39634e-05
0.000649514
0.000678174
0.000104157
2.66999e-05
0.000455616
0.000448254
0.000925446
4.96387e-05
0.000173639
0.000832133
0.000308953
0.000365353
0.000245863
0.000306081
0.000428844
7.904e-05
7.7045e-05
0.00015663
0.000172679
0.000341579
0.000239504
0.000271606
0.000114601
6.34947e-05
4.28852e-05
0.0003772
0.000171749
0.000298049
0.000734405
9.55422e-06
5.58948e-05
6.37088e-05
0.00015392
7.1553e-05
0.000126936
5.31112e-05
0.000210442
3.70546e-05
3.06586e-05
0.000441449
1.43154e-05
0.000352107
0.000230158
0.000501156
5.69004e-05
3.99498e-06
7.38573e-06
3.01067e-07
0.000447389
0.000754872
0.000423066
0.000234529
8.40533e-05
0.000922853
0.00105699
0.000424797
1.03451e-05
7.61506e-06
0.000241233
0.000219677
0.000423876
0.000356569
0.000748285
7.40753e-05
6.81299e-05
0.000192932
0.000444126
0.000285309
1.3793e-05
1.20693e-05
0.000273724
4.55519e-05
5.57009e-05
7.00901e-05
2.79938e-05
0.000120828
0.000176787
4.85582e-05
0.000197528
0.000188811
0.0010061
0.000461275
0.000189624
0.000811846
0.000225888
0.000179667
0.000213835
4.02695e-05
6.22744e-05
0.00020754
0.000757681
0.000412184
0.000134103
0.000599196
0.000288591
0.000510136
0.000185572
0.000878588
0.000108044
0.000229302
2.18038e-05
8.43165e-05
0.00016354
0.000263899
0.000151151
5.68774e-05
7.28119e-05
0.0006526
0.000165086
0.000201636
0.000435685
0.000442213
2.90774e-05
5.33364e-05
0.000330623
0.000837183
0.000216644
0.000227884
0.000175006
0.000147782
0.000484056
0.000938522
0.000656392
0.000301394
0.000302671
0.000872071
0.000998542
0.000318336
0.000205201
0.000255282
0.00056882
0.000503602
0.000114625
0.000115174
0.000532236
0.00029011
0.000120813
0.00025501
3.82652e-05
8.09716e-05
0.000158373
1.27384e-05
0.000452514
0.000506515
0.000396407
0.0004088
0.000395005
0.000317574
0.00030953
0.000162386
0.000211513
0.000458402
0.000128558
3.20433e-05
0.00021403
0.00041459
0.000303861
0.000470573
0.000123031
0.000747673
0.00033881
0.00062547
0.000374433
0.000446169
0.000733949
0.000206887
9.08419e-05
0.000159126
8.04858e-06
0.000201591
0.000116739
2.5887e-05
0.000124761
0.000284133
0.000179734
0.000360894
0.000146059
3.58962e-05
0.000168818
0.000597015
0.000192222
0.00055534
0.00017314
0.000722859
0.000578114
0.000349385
0.000468833
0.000149408
0.000336215
0.000439132
0.000156036
0.000162445
7.47147e-05
6.84692e-06
0.000255646
0.000290778
0.000332298
0.000196406
0.000154836
0.000250537
0.00022409
0.000116645
3.39247e-06
0.000118194
0.000408041
8.21386e-05
0.000185957
5.79543e-05
0.000126499
0.000521111
0.000287888
0.000355831
7.49512e-05
0.000126832
6.3963e-05
0.000113297
0.000399733
0.000437627
0.000192005
0.000213144
0.000548349
0.000298247
0.000537864
0.000660117
0.000613206
0.000256114
0.000437027
0.00011844
0.000300676
0.000257408
0.000147392
0.000346333
0.000125938
0.00045325
0.000333122
0.000581596
0.000273743
0.000360197
7.31665e-05
0.000195426
9.67587e-05
4.31967e-05
0.000181796
0.000327538
2.928e-05
0.000266689
2.09391e-05
0.000639533
0.000298065
0.000723862
0.000458662
0.000712723
0.000382693
0.000188906
0.000347007
0.00025075
0.000120216
0.000763482
0.000348967
2.2981e-05
0.000431871
0.000111931
8.5369e-05
3.94681e-05
0.000202162
4.32499e-07
2.01016e-05
2.08183e-05
6.64647e-05
0.000616831
4.65984e-06
0.000157997
0.000213611
5.43101e-07
0.000105092
0.000723854
0.000268258
0.000373642
0.000362446
0.00072022
8.02034e-05
0.000243656
0.000129482
0.000154709
4.97986e-05
0.00034949
7.13468e-05
0.000871984
0.000291073
0.000151166
3.41462e-06
5.37697e-05
0.000373798
0.000301187
0.000160653
7.75025e-05
0.000503122
6.12376e-05
0.00012296
0.000310608
4.193e-05
1.63178e-05
0.000318745
0.000414474
0.00038768
0.000279944
0.000554758
0.000622859
0.000641903
0.000199246
0.000349108
0.000105361
0.000138193
0.000132167
0.000158474
5.48098e-05
0.000298228
0.000253573
0.000341508
0.000515993
0.000160517
5.50615e-05
0.000610891
1.20255e-07
0.000155342
0.000174738
0.000474431
0.000260805
0.000252504
0.000513754
5.31865e-05
4.27828e-05
0.000182035
0.00042173
0.000604407
0.00054878
0.000257427
6.46312e-06
0.000137361
0.000188298
0.000455109
0.000426996
0.000162174
7.59737e-05
9.52809e-05
0.000250975
0.000701551
0.000116218
8.55768e-05
3.46716e-05
0.000275179
0.000155053
0.00011922
5.92764e-05
9.34026e-05
0.000159235
1.26446e-05
7.70687e-05
6.56149e-05
0.000262878
0.000407061
0.000268627
0.000608881
2.06741e-05
1.02678e-05
0.000342111
0.00029874
0.000223624
0.000237699
0.000299366
6.56747e-05
0.000283677
9.9181e-05
0.000436468
0.000282452
0.000552413
0.000220735
8.00108e-06
4.12938e-05
0.000173216
2.817e-05
0.000164109
6.39826e-05
0.000324679
0.000373712
0.000742574
0.000169919
1.20081e-05
0.000872842
0.000766956
0.000310144
0.000242819
5.39672e-06
2.99996e-06
1.17389e-05
0.000163085
0.000392487
0.000913951
0.000420378
4.54787e-05
7.74471e-05
0.000445421
0.000713382
0.000726458
7.68329e-05
0.000670811
0.000119306
0.000489384
0.000643389
0.000269974
8.58292e-05
0.000468668
0.000598817
8.11205e-07
0.000132494
5.80041e-05
0.000674398
0.000168316
0.000183616
8.57094e-05
7.49138e-05
0.000790809
0.000259685
4.99772e-05
0.000214069
0.000102
4.85688e-05
0.000117185
0.00027741
0.000493792
0.00027099
0.000102968
0.000298011
0.00050625
0.000528568
0.000236432
3.97579e-05
0.000890744
0.000374874
0.000322403
0.000199823
0.000196982
0.000397288
5.41962e-05
0.000339666
6.39491e-05
0.000406059
0.000485092
0.000507163
0.00014998
0.000544616
0.000367678
0.000533939
0.000286297
0.000475918
0.000275772
0.000271366
0.000121364
0.000364398
0.000296158
0.000430005
0.000525419
0.000256339
0.000489221
5.34547e-05
0.000502994
0.000440538
0.000169513
0.000354352
0.000209324
0.000607803
0.000413521
0.000466563
0.000257813
0.000560167
3.43444e-05
0.000249684
0.000873556
9.83441e-05
0.000164433
0.000342778
0.000211053
0.000167001
0.000638384
0.000297959
5.51785e-05
0.000371575
0.000171444
0.000377363
0.000129016
0.000912623
0.000301737
6.35e-07
5.55804e-05
0.000376434
5.3213e-05
0.000394981
0.00113093
0.000708533
0.000346746
0.00020612
0.000477424
0.000529971
0.0002014
0.000405956
0.0001664
0.000773176
0.000191433
0.00017994
0.000133438
1.26271e-05
0
3.16834e-07
1.72497e-05
6.19429e-05
5.92806e-05
0.00038331
0.00037812
0.000767884
0.000911127
0.000459538
0.000226133
0.000181711
4.35834e-05
0.000290549
0.00049687
0.00032211
0.000798638
0.00060461
4.84178e-05
3.57588e-05
0.000165988
7.4471e-05
0.00032174
8.54541e-05
0.000588626
0.000323072
0.000533151
0.000273747
0.000377136
0.000583262
0.000614617
0.000333104
0.000255067
0.000218563
0.000207701
7.31345e-05
3.34893e-05
0.000135255
0.000186666
0.000370849
0.000401745
0.00028175
0.000612859
0.000103548
0.000135424
0.000168728
0.000298841
0.000735997
4.10176e-05
0.00046334
0.000115047
9.24962e-05
4.72213e-05
0.00022832
0.000641708
0.00060799
0.000240751
0.000283178
9.82494e-05
0.000252213
0.000290236
0.000115632
1.93369e-05
0.000291737
0.000395128
6.28688e-05
0.00010913
0.000225747
0.000174567
9.95901e-05
2.99933e-05
0.000166292
3.15445e-05
8.8694e-05
1.34725e-05
0.000374063
0.000115579
0.000376323
0.000195773
0.000316814
0.000329994
0.00010899
2.48462e-05
9.14686e-05
0.000283144
0.000458366
0.000291469
0.000506545
0.000556601
0.000111823
0.000607712
0.000194872
0.000778931
0.000563225
0.000706467
0.00035889
5.75046e-05
2.78562e-06
1.23625e-05
0.000489865
0.000935148
0.000593251
0.000291068
0.000273479
0.000526328
0.000112274
7.47896e-05
1.35953e-06
0.000159083
2.53152e-05
0.000243632
5.45013e-05
3.97515e-05
8.33055e-05
0.000320837
0.000579497
0.000146262
4.54556e-05
0.000109624
0.00033497
0.000665911
0.000496884
0.000632571
0.000568506
0.000635624
0.000391987
0.000148211
0.000460266
0.000423947
0.000347159
0.000256814
5.90363e-05
0.000772522
0.000393607
0.000610346
9.71506e-05
4.94385e-05
0.000158024
0.000121503
4.88022e-05
0.000887229
0.000298408
0.000169468
0.000209187
0.000275996
0.000282328
0.00012572
0.00012623
0.00035407
0.000229559
4.78297e-05
9.11559e-05
2.27365e-05
8.09989e-05
0.000178158
2.77758e-05
0.000130184
0.00055425
0.000686249
0.000318621
0.000669353
0.000477481
0.000540078
0.000429337
0.000455006
2.48506e-05
0.000386711
0.000226107
9.73951e-05
7.29404e-05
0.000227888
0.000602608
0.00058888
0.000341455
8.31739e-05
0.000521588
0.000490505
0.000752301
0.000374071
5.51476e-05
2.84586e-05
0.000272654
9.44622e-05
0.000810819
0.000354396
0.000888222
7.01646e-05
4.20391e-05
0.000578805
7.32291e-05
5.1434e-05
3.86465e-06
7.9426e-05
0.00064637
0.000753585
0.000157791
0.000153678
0.000494705
0.000138305
9.24791e-05
0.000573258
0.000202209
0.000104412
0.000451035
0.000168607
0.000194776
0.000213454
0.000624425
0.000248772
0.000939692
0.000507215
0.000133419
0.000450318
0.000301595
0.000119648
0.000418675
0.000343526
0.00026364
8.56204e-05
4.49462e-05
3.09188e-06
3.74375e-05
0.000412279
0.000100965
0.000609209
0.000630854
0.000540473
0.000456173
0.000129152
0.000381245
0.000206538
0.000380799
0.000227208
4.28073e-05
2.98205e-05
0.000196956
8.74017e-05
6.85222e-05
0.000344557
0.000167843
0.000274855
5.45545e-06
0.000261225
0.000362371
0.000196207
6.27022e-05
0.000107641
0.000331307
0.00066805
0.000335639
0.000114935
0.00070589
0.000178445
9.53658e-05
0.000262519
0.000710299
0.000332624
0.000100822
0.000390201
0.000621683
5.35725e-05
0.000259731
0.000174954
0.000241999
0.00031356
0.000310106
0.000425762
0.000817453
0.000396289
0.0001107
7.30387e-05
0.000193482
1.31456e-05
0.00013771
0.000278761
0.000504251
0.00044469
0.000853979
0.000386711
0.000150396
0.000235579
0.000101334
0.000188492
0.000557003
5.49118e-05
0.000386861
5.12103e-05
0.000435074
0.000249235
0.000227533
8.4134e-05
0.000181878
0.000269097
0.000496683
5.16493e-05
0.000115043
0.000181216
0.000278182
0.000318131
0.000331864
0.000707458
0.000266415
0.000466044
0.000592593
0.000457869
0.000143764
0.000519954
0.000535531
0.00070649
0.000664061
0.000127706
0.000102716
0.000504189
0.000555835
0.000854246
0.000479091
0.000252798
0.000332155
8.67157e-05
0.000455023
0.000359125
0.00027824
2.8509e-05
0.000512266
0.000140125
0.000414812
5.34348e-05
0.000803349
0.000848017
0.000136403
5.57137e-05
0.000614932
0.000534262
0.000862373
0.00030966
0.00024831
0.000667899
0.000225066
0.000473092
6.81798e-05
0.0006122
8.73457e-05
0.000250617
7.77631e-05
0.000181973
9.69297e-05
0.000291382
0.000477219
0.000531334
0.000327215
0.00031172
0.000310944
0.00048705
0.00089998
0.00023439
3.11061e-05
0.000120927
5.37436e-05
1.81479e-05
0.000386706
0.000243387
0.000424627
0.000250533
0.000669151
6.66133e-05
0.000170313
0.000231462
0.000328516
0.00015213
0.000250689
0.000321747
0.000202956
0.000275458
2.96254e-05
0.000731199
1.19698e-05
0.000105712
0.00061389
0.000841642
0.000630216
0.000519461
0.000141038
3.92088e-05
4.46485e-05
0.000191412
0.000228242
0.000363062
0.000475334
0.000275554
0.00015346
0.000615406
0.000321305
0.000105266
0.00030071
0.000193961
6.20793e-05
0.000271747
0.000282868
0.000153021
0.000328687
0.000279022
0.000287993
0.000559576
0.000107724
0.000633189
0.000889936
0.000390415
0.000176236
9.12789e-06
6.7379e-08
0.000351024
0.000182924
0.000543064
0.00016884
2.27055e-05
1.99436e-05
2.02599e-05
0.000140689
0.00059946
0.000306993
0.000309369
0.000111258
0.000159046
0.000271435
0.000217384
0.000460247
0.000144491
5.15169e-05
0.000177138
0.000286936
0.000103304
0.000198234
0.000597751
0.000514422
0.000136947
6.96227e-05
0.000261787
0.00046082
0.000602867
0.000693107
0.000418709
0.000436747
0.000576564
0.000421999
0.000280668
0.000266446
0.000423195
0.000232119
4.90472e-05
0.000143563
0.000517152
0.000321771
0.00013123
0.000238303
0.000331075
0.000683889
4.99828e-05
0.000173501
8.85951e-05
0.000612315
0.000335335
0.00020438
0.000169437
0.000359512
0.000123059
0.000175419
0.000432785
6.81059e-05
5.76097e-05
5.13475e-05
1.87743e-05
0.000446465
4.87937e-05
0.000109804
1.48811e-05
0.000775119
0.00109825
0.000568432
0.000719543
0.000156818
7.94348e-05
0.000299644
0.000404087
0.000144048
6.60437e-05
0.000394022
0.000235528
0.000453386
0.000131137
0.000668485
0.000222141
0.00035805
0.000211486
0.000401672
0.000538976
0.000699465
0.000205149
0.000557439
0.000183634
0.000130105
0.000847171
0.000730643
0.000371055
0.000458497
0.000759352
2.08967e-05
0.000287537
0.000506806
7.08256e-05
0.000104535
0.000245549
0.000474076
6.11519e-05
4.26277e-05
0.000226536
0.000679453
0.000708225
0.000449327
6.11221e-05
3.5871e-05
0.000177636
4.21759e-05
0.000127692
0.000205784
7.01354e-05
5.45612e-05
0.000134969
0.000123899
0.00028571
0.000489818
0.000109819
0.000117374
0.000384468
0.00013429
0.000398813
0.000593497
0.000114484
0.000309411
0.00030699
0.000415475
0.000510935
0.000207999
6.2576e-06
0.000614106
1.1354e-05
3.11023e-05
0.000178409
0.000431731
0.000219705
0.000185361
0.00114334
6.61256e-05
7.76664e-05
0.000479435
0.00026591
0.000753546
0.000694466
4.393e-05
0.00037056
0.000366464
0.000307038
0.000352452
0.000340308
1.26367e-05
0.000220371
8.17076e-05
0.000226824
0.000228078
9.86235e-05
0.000155229
0.000193206
1.61674e-05
0.000246488
0.000266297
0.000601879
0.000907132
0.000437508
0.000154894
0.000109544
6.00289e-06
3.31556e-05
0.0002403
0.000286219
0.000158507
8.18721e-05
0.000860423
0.000110983
0.000162802
0.000145322
0.000277791
7.56685e-05
0.000152542
0.000192589
0.000116035
0.000169452
0.000210751
0.00047067
0.000914532
0.000712955
9.80341e-05
3.54386e-05
9.11375e-05
3.08149e-05
0.000542427
0.000380382
6.53455e-05
3.69674e-05
0.000315247
0.000292721
0.000308249
0.000337165
0.000516408
0.000373412
0.000328791
1.61202e-05
0.000554746
0.000608229
0.000443042
0.000743172
9.43992e-05
0.000196396
0.000842948
4.52138e-05
3.76302e-05
0.000154012
0.00024869
0.000225505
0.000750503
0.000305664
0.000736644
0.00081694
0.000502927
0.000280871
4.80507e-05
0.000398624
0.000422607
0.000327734
0.000184812
0.000362919
0.000117665
0.000413269
0.000295613
0.000493981
0.000130142
0.000280715
0.000643411
0.000233908
0.00047622
0.000208983
0.000440129
0.000890199
0.000871991
0.000341375
0.000427213
0.000273517
0.000306867
0.000144741
0.0010083
0.000222849
0.000159324
0.000412155
0.000360862
2.79936e-05
0.000443048
0.000195569
0.000437187
0.000337089
0.000211637
3.33051e-05
0.000174834
0.00100186
0.0002943
0.000446568
0.000202993
0.000276814
0.000368563
3.52239e-05
0.000172252
0.000765686
0.000427157
0.000226733
0.000156724
0.000166059
0.000515862
0.000110755
0.000235765
0.000371702
0.00011143
9.59081e-05
9.94203e-05
0.000183617
0.000683255
0.000245436
6.01313e-05
0.000307379
0.000109681
6.78135e-05
0.000643057
0.00050482
0.000728735
0.000229556
6.71138e-05
3.68158e-05
0.000180636
0.000230263
0.000942206
0.000142223
0.000284881
4.49467e-05
0.000384414
3.30801e-05
0.000108727
0.000179411
0.000225585
0.000112574
0.000446342
0.000525921
0.000379221
0.000360738
2.52564e-05
0.000747743
0.00104782
0.000571182
0.000172736
0.000156944
0.000155163
0.000199924
0.000441547
0.000161732
0.000463409
0.000209211
6.06568e-05
8.64591e-06
7.46055e-05
4.06062e-05
6.16904e-06
0.000249232
0.000195261
0.000389184
0.000276542
0.000159294
8.23872e-05
0.000100737
0.000224204
0.000242114
0.000516641
0.000911499
7.58643e-06
0.000741176
0.000736279
0.000298103
0.000408626
0.00063458
0.00034705
0.000211691
0.000311468
0.000627488
0.000269325
0.000525775
0.000584806
0.00045546
0.000378904
0.00015874
0.000889057
0.000446611
0.000211796
0.000403331
0.000773345
0.000189084
0.000485662
0.00014617
4.7813e-05
2.59276e-05
0.000576549
0.000348059
5.70888e-05
0.000300115
0.000543046
0.000123925
6.8709e-05
0.000233449
0.00031522
8.58648e-05
0.000122183
2.79969e-05
8.38637e-05
4.84498e-05
0.000151006
0.000282831
0.000262002
0.0003771
0.000452934
0.000666931
0.000546226
0.000241593
0.000468967
0.000374973
6.67172e-05
0.000386147
0.000651142
0.000499447
0.000337134
2.96039e-05
0.000107059
0.000127028
5.79694e-05
1.088e-05
2.02573e-05
0.000494205
0.00063269
0.000124649
0.000179203
0.000710971
0.000364261
0.000589923
0.000458651
0.000610998
2.91521e-05
5.80397e-05
0.000345049
0.000526633
0.000171739
0.000611275
0.000236793
3.64539e-06
7.16939e-06
0.000555019
0.000515717
0.000190507
0.000126759
9.92518e-06
6.64423e-05
0.000117145
3.70087e-05
2.74641e-05
0.000222159
0.000361444
0.000361579
5.32378e-05
0.000176485
0.000306726
0.000845687
0.000537545
0.000683167
0.000182494
0.000265763
7.50228e-05
0.000517437
7.97276e-06
1.22308e-05
0.000112844
0.000339138
0.000599874
0.000704089
0.000194297
0.000334028
0.000121674
0.000798824
0.000762196
0.000752744
0.00024386
0.000211602
6.2302e-05
0.000282226
0.00021837
0.000334933
0.000402174
0.000585639
0.000456012
0.000117511
0.000153476
0.000670438
0.000449167
0.000416051
0.00054839
0.000125906
0.000325464
3.28283e-05
0.000461434
0.000416673
0.000387862
0.000168598
0.000168342
0.000195596
0.000169203
0.000267661
0.000332987
0.000590198
0.000194302
0.000957065
0.000477255
0.00102043
8.24769e-05
7.63254e-06
0.000845387
0.000989544
0.000323521
0.000773591
0.000597082
0.000426918
0.000510578
0.000242519
0.000190172
0.000947861
0.000275046
0.000149384
0.000133581
9.12342e-05
4.21595e-05
5.71661e-05
5.80347e-05
0.000122566
0.000185287
3.37907e-05
0.000125723
0.00020693
6.64015e-05
0.000863766
0.000172002
0.000222713
0.000192215
6.43548e-05
4.33067e-05
1.9248e-05
0.000445421
0.000495696
0.000680064
0.000610156
0.000692394
0.000367501
0.000117881
7.96798e-05
5.04934e-05
8.19042e-05
7.96175e-05
2.40278e-05
2.41791e-05
3.63233e-05
3.47259e-05
0.000147775
0.000375511
9.81025e-05
4.4101e-05
8.01936e-05
4.33861e-05
0.000213992
0.000437786
0.000338195
0.000561051
8.34212e-06
0.000370592
0.000186042
8.44275e-05
0.000228751
0.000339935
0.000277498
0.000311437
0.000197519
0.000328363
0.000505217
0.000469664
9.96203e-05
2.81733e-05
0.000177885
0.000109387
0.000138865
0.000410483
0.000767784
0.000349442
0.000356905
0.00104529
0.000308526
0.000787715
0.000558334
0.000203264
0.00012178
0.000358121
0.000840074
0.000854807
0.000395348
0.000280136
0.000213533
0.000471885
0.000492737
0.00032718
0.000640893
0.000348086
0.000479544
0.000623142
0.000393865
0.000250493
0.000522789
0.000230812
0.000299525
0.000222007
0.000374266
0.000385682
0.000350311
0.000187537
7.3815e-05
0.000157416
0.000423805
0.000113736
7.02995e-05
0.000124067
0.000346293
0.000118645
0.000193482
0.000565514
0.000469834
0.00026633
0.000104472
0.000198147
0.000786185
0.000230024
5.05353e-05
0.000239464
0.000571472
0.000383778
0.000163971
0.00041382
2.12191e-05
6.6087e-05
7.27517e-05
9.69975e-05
0.000606069
0.000237232
0.000534827
0.000281357
0.000506877
0.000339053
0.000294802
0.000514535
0.000598908
0.000446859
0.000350929
0.000269107
0.000210584
0.000266072
0.000293535
1.52919e-05
5.63942e-05
0.000226202
0.000178382
0.000356617
0.000317743
3.0625e-05
0.00076996
0.000775322
0.000272236
0.000176247
0.000381281
3.93653e-05
0.000469474
0.000457
7.70248e-05
5.26774e-05
0.00031401
0.000968992
0.000601004
0.000127162
0.00015746
0.000371634
0.000478091
0.000390782
0.000391992
0.00057614
0.000639968
0.000203378
0.000244966
0.00032388
0.00015831
0.000639819
0.000698362
0.000344699
0.000444931
0.000733282
0.000301078
0.000215009
0.000725288
0.000759265
8.14129e-05
0.000133957
0.000702809
0.000444922
3.22125e-05
0.00042337
0.000416993
3.98035e-05
0.000944836
0.000105706
0.000562258
0.000322052
0.00020067
0.000278596
3.60388e-05
7.76048e-06
0.000161214
0.000374318
0.000442259
0.00039148
0.000111984
0.00063148
0.00079972
0.000514326
0.000157932
0.00055561
0.000800776
0.00095935
0.00029328
0.00058839
9.54249e-05
0.000482017
0.000670184
0.000169086
0.00108044
0.000956363
0.000171514
0.000377234
0.000213645
0.000286792
9.43571e-05
0.00033358
0.000221004
0.000145415
0.000106027
0.000269818
0.000279627
0.000412346
0.000570058
8.7563e-05
5.11504e-05
1.86986e-05
2.97069e-05
2.12256e-05
0.000440328
6.62657e-05
0.000367654
0.000197014
6.29231e-05
1.78335e-05
0.000154052
0.000317209
0.000448212
0.00055479
0.00045252
0.000360861
0.000157555
0.000561332
0.000608405
0.000699923
0.000200179
0.00027309
0.000179672
0.000652057
6.27464e-05
6.56317e-05
0.000344875
0.000167333
0.00045816
0.000303778
2.64007e-05
1.41241e-05
0.000225798
1.11184e-05
0.000234931
0.00049049
8.53644e-07
0.000216854
0.000680263
0.00054944
0.000217749
0.000247654
0.000302883
4.30954e-05
5.19256e-06
4.57264e-05
2.73074e-05
0.00018691
5.81163e-05
0.000373056
0.000235758
0.000741802
0.000421189
0.000336267
0.000419587
0.000293878
0.000408311
0.00034041
0.000477336
0.000588557
9.89882e-05
2.37591e-05
8.71872e-05
6.32305e-05
0.00039247
0.000609681
0.000128775
0.000233332
0.000172143
0.000189162
0.000215425
0.000393466
0.000671019
0.000235547
0.000738646
0.00065848
0.000912633
0.000579714
0.000850567
0.000443976
9.21074e-05
0.000210992
0.000335952
0.000443244
1.28976e-05
2.55725e-06
2.20352e-05
3.94875e-05
0.000300904
4.49953e-05
0.000215698
0.000632434
8.17664e-06
8.04107e-05
6.88672e-05
0.000305492
0.000103288
0.000338997
0.000908929
0.00016381
0.000785329
0.000315311
0.00035123
0.000605042
0.000465265
0.000557128
0.000224247
0.000280144
0.000559046
0.00070103
0.000566403
0.000215069
0.00031322
3.39301e-05
0.000217188
7.35242e-05
0.000338623
0.000231422
0.000396387
3.94906e-05
3.01139e-05
0.000145849
0.000467942
7.18601e-05
2.64268e-05
6.53171e-05
0.000630507
0.000296784
2.11206e-05
4.10735e-05
0.000125441
0.000389008
0.000372424
0.0001831
0.000336916
0.000154728
0.000501069
0.000275735
8.19924e-05
8.42938e-05
4.38399e-05
0.000217291
0.000290166
0.000146593
7.10424e-05
0.000283047
0.000487837
0.000490802
0.000512301
5.70271e-05
8.76716e-05
0.000161642
0.000271006
0.000387799
0.000615616
0.00027917
0.000630448
8.26163e-05
0.000635472
0.000155948
0.000638198
0.000681059
0.000274522
9.22056e-05
0.00030318
0.000128843
0.000441473
0.000449933
0.000101862
0.000171022
0.000595711
0.000179385
0.000366162
0.000539116
0.000741082
0.000590582
0.000391895
0.000136472
0.000213099
9.7207e-06
0.00035318
4.257e-06
1.49479e-05
8.86846e-05
0.000113317
0.000203733
0.000207045
0.000159208
5.92485e-05
0.000436288
5.98925e-05
8.83593e-05
0.000226829
0.000313811
0.00042539
0.000182109
0.000426986
0.000280375
3.95938e-05
8.2989e-05
0.00014055
0.000405028
0.000136952
0.000104189
0.000352607
0.000467026
0.000514828
0.000173628
0.000507006
0.00068001
0.000105126
7.28193e-05
0.000182467
0.000131565
4.35425e-05
0.000420847
0.000159221
0.000535612
0.000499428
0.000206798
0.00012977
0.000463285
0.000680161
0.000673895
0.00044966
0.000353598
0.000781114
0.000498929
0.000497216
0.000103201
0.000707609
0.000612458
0.00010381
0.000505734
0.000313603
0.000170041
0.000342189
0.000158182
0.000693962
1.7091e-05
0.000162173
0.000935398
0.000317523
0.000506784
0.000229823
0.000647135
8.82536e-05
0.000179641
0.0003125
4.71376e-05
0.000403199
0.000297663
0.000284679
0.000485468
0.000339453
0.000651761
0.000225913
8.66828e-05
0.000358958
0.000641508
0.000819231
0.000188293
0.000325901
0.000231804
0.000253
1.15225e-05
0.00063834
0.0001017
0.000403664
0.000202487
2.37435e-05
0.0003667
0.000335668
0.000613625
0.000194944
3.34498e-05
0.000318033
0.000179357
0.000858315
0.000272648
0.000336192
0.00018189
0.000630143
0.000233243
0.000887551
0.000566072
0.00075412
0.000115898
0.000340558
0.000317147
0.000155523
0.000169302
6.51731e-05
0.000531341
0.000692827
0.000336989
3.73028e-05
0.000118916
0.000213197
0.000375905
0.000336414
0.000679059
0.00060428
0.000583009
8.03558e-05
0.000106513
0.000436903
0.000466079
0.000738882
0.000580356
0.000168545
0.000486569
0.00033883
0.000108132
2.40151e-05
0.000447197
0.000482936
0.000259243
6.08958e-05
1.10562e-05
0.000357251
0.000366243
0.000690883
0.000821094
0.000480727
0.000690454
0.000216442
0.000299131
0.000582795
0.00061302
0.000407655
0.000389429
0.000612328
0.000553524
0.000640903
0.000154701
9.18829e-05
9.18184e-05
0.000220654
0.000115679
0.000479655
6.87112e-05
0.000180014
8.08518e-05
1.19063e-05
1.4334e-06
0.000432791
0.000247893
2.63732e-05
3.38444e-05
6.41159e-05
0.000303186
0.000463641
7.71217e-05
0.000591014
0.000120597
0.000702262
0.000719666
8.31495e-05
9.27013e-05
0.000470096
0.000385615
0.00081232
0.000121748
5.23504e-05
0.000172721
0.000275032
0.000152651
0.000144601
0.0003607
0.000285885
5.37314e-05
0.000632387
0.000188769
0.000489303
0.000948413
0.000357259
0.000213493
0.000189639
6.28352e-06
0.000313275
0.000272745
4.30697e-05
0.000102065
9.3715e-05
0.000100191
0.000582055
0.000419704
0.00036644
0.000553481
0.00027593
0.000115746
2.48317e-05
5.68234e-06
0.000326615
0.000128626
0.00028454
0.000157123
0.000165686
0.000172123
0.000772256
0.000174511
0.000764624
0.000610288
0.000433957
0.000451194
0.000320725
8.82611e-05
1.14941e-05
2.75563e-06
4.07407e-07
2.86403e-06
1.48811e-05
0.000269264
9.243e-05
2.63212e-05
9.12399e-05
9.81863e-05
4.35308e-06
1.91262e-05
2.72852e-05
0.000155901
0.000176902
0.000332735
0.000620771
0.000188581
0.000352803
0.000616577
9.47812e-05
0.000545065
0.000324205
0.000211086
0.000412925
0.00034713
0.000438845
0.000554579
0.000125585
3.00139e-05
4.23945e-05
3.10133e-05
0.000511615
0.000305153
0.000604033
0.000394469
0.000611549
0.000529083
0.000638315
0.000568068
7.17076e-05
0.0010318
0.000401606
3.01547e-05
2.54743e-05
0.000566827
0.000434941
6.04167e-05
4.26522e-05
3.56766e-05
0.000530101
0.000114042
0.000720643
0.000398555
0.000512714
0.000379758
0.000176665
0.000126598
0.000115153
0.00044504
0.000329667
0.000305902
0.000684961
0.000531414
4.6074e-05
0.000440479
4.2409e-05
4.28512e-07
0.000529143
6.50771e-05
0.000302591
0.000134321
0.000184618
0.00019584
0.000362456
0.000384337
0.000947022
0.0004264
0.000463968
0.000522186
0.000249366
0.00020917
0.000157037
0.000158049
5.44825e-05
2.79741e-05
4.40193e-05
5.42025e-05
2.84555e-05
4.61837e-05
0.000781161
2.96551e-05
0.000384867
0.000368216
0.000216109
0.00026792
0.000238982
0.00019594
0.000406187
0.000179459
0.000148026
5.17849e-05
0.000236537
1.13885e-05
0.000143289
0.000613185
0.000170486
0.000325408
0.000561274
0.00016403
5.58105e-05
1.27834e-05
0.000103233
0.000203942
0.000412057
0.000516336
0.00044283
0.000856326
0.000158305
0.000399913
3.52881e-05
0.000355977
0.000149937
5.44027e-05
0.000259821
0.000188385
1.72413e-05
0.000137827
0.000136689
4.92791e-05
0.000214833
0.000978396
0.000346973
0.000118388
0.000218129
0.000381827
1.8751e-05
9.22672e-05
0.000314083
0.000663504
0.000250464
0.000677823
0.000137988
0.000418864
0.000229467
5.85012e-05
4.10878e-05
2.36919e-05
1.57408e-05
3.95196e-05
9.73557e-05
0.000163395
0.000381572
0.000191862
7.74929e-06
5.72251e-05
0.000265646
0.000666721
0.000195416
0.000242185
2.88871e-05
0.000450961
0.000323956
0.000141761
0.000116064
0.000158998
0.000570292
0.000208891
0.00052325
0.000825531
0.000285698
0.000848948
0.000373658
0.00013147
0.000578159
0.000372993
4.16428e-05
6.03098e-05
0.000456186
0.000576472
0.000363609
0.000194622
0.00014501
0.000226527
0.00022385
0.000140299
0.000244153
0.000187538
0.000191076
0.00043311
0.000181485
0.000775353
0.000389962
3.29349e-05
0.000338048
0.000359137
1.7825e-05
0.000158161
5.39143e-05
2.38144e-05
3.69068e-05
0.000532387
0.000136032
0.000202406
0.000254028
0.000328572
0.000651247
0.000569863
0.000507354
0.000140991
0.000795378
0.000460214
0.00024852
0.000209476
0.000740349
0.000314948
0.000362899
0.000113682
0.00070553
0.000632641
0.000206826
3.9292e-05
3.54727e-05
0.00025661
0.000100525
0.000440045
2.31982e-05
0.000288971
0.000548655
0.000251354
0.000200851
0.000407874
0.000667638
0.000545313
0.000896403
0.000883288
4.21232e-05
5.84697e-05
0.000981988
0.000174776
0.000172361
0.000486196
0.000195434
0.000251337
0.000368936
0.000265785
0.000653126
0.000403479
0.00035326
0.000375915
0.00101886
0.000151655
0.000755269
0.000780722
0.000403731
0.000153806
0.000226058
0.000561109
0.000487335
7.11372e-05
5.6319e-05
3.03614e-05
0.000235204
7.11219e-06
0.000377518
0.000442187
0.000521034
0.000383882
0.000371672
0.000294386
0.000403173
0.000404365
2.00105e-05
2.84291e-05
1.21722e-05
0.000430252
0.000254852
0.000112581
0.000530056
0.000453078
0.00040421
0.0010031
0.000678029
0.000295926
0.00010139
0.000203341
7.98704e-05
0.000412554
0.000359957
0.0005829
0.000447238
0.000364158
0.000646448
0.000209885
3.33198e-05
0.000337715
0.000539591
1.02729e-05
1.00501e-05
4.72327e-05
0.000448614
0.000265526
0.000125126
0.000104017
7.80431e-05
0.00021328
0.000691097
0.000516014
0.000357123
5.22844e-05
0.000109558
0.000247111
0.000343702
0.000214476
7.79301e-05
0.000418584
0.000100925
0.000647377
0.000324903
3.50634e-05
2.9523e-05
0.000150203
5.39299e-05
5.37855e-05
2.77617e-05
0.00049247
0.000610132
0.000111094
0.000249941
0.000176781
0.00012975
0.000310282
0.000228184
3.83177e-05
3.74803e-05
0.000505026
9.15731e-05
0.000220196
0.000208538
0.000272237
0.000474769
1.21013e-05
0.000288844
0.0004313
6.27441e-06
0.000337774
0.000296854
0.000431001
0.000339161
0.000728723
0.000379159
0.000100247
0.000246939
0.00101714
0.000891634
0.000750378
0.000773608
8.95191e-06
8.73608e-05
0.000219535
2.54144e-06
7.73529e-05
0.000349615
0.000169227
0.000399195
0.000626625
0.000441287
0.000106255
0.000189985
0.000592027
0.000450034
0.000523259
0.000317678
3.91232e-05
0.000698948
0.000394633
0.000160212
0.000254256
0.000465428
0.000128101
3.90634e-05
0.00058246
6.20486e-05
0.000471282
0.000512864
0.000276213
0.000357031
0.000302605
0.000785828
0.000458683
9.69701e-06
0.00028068
0.000104321
0.000164865
0.000229821
0.000288535
0.000337727
2.77614e-06
4.90004e-05
6.1452e-05
0.000623698
0.000256559
0.000300241
0.000188859
0.00026018
0.000106806
0.000257754
0.000348178
1.051e-05
0.000212946
0.000271033
0.000363673
4.0263e-05
0.000394738
0.000740063
0.000566603
9.45358e-06
0.000180691
0.000576526
0.000509448
0.000622593
0.000449881
2.24084e-05
4.73777e-05
0.000113019
0.000467882
0.000290046
0.000335545
9.78339e-05
6.85672e-05
0.000102622
9.16021e-05
0.000485779
0.000363044
0.00047217
0.000484612
9.05665e-05
0.000894238
8.13783e-05
5.32975e-05
0.000241672
0.000109073
8.32138e-05
2.81216e-06
5.46516e-05
0.000515749
9.01064e-05
0.000104048
0.000197402
0.000163333
0.000141258
0.00013367
0.000113128
0.00043874
0.000379907
0.000435954
0.000853336
5.11982e-05
0.000148005
0.000438607
0.000170983
0.000374218
0.000434235
0.000446634
0.000161861
2.92757e-05
2.25407e-05
2.10603e-05
0.000291861
0.000467317
0.000156931
0.000142666
0.000165466
8.28735e-05
0.000292099
0.000420065
0.000801152
0.000313625
8.69771e-05
0.000183637
2.83621e-05
0.000134472
5.40677e-05
0.000148055
0.000300324
6.51694e-05
9.09182e-05
0.000485469
0.000564056
0.000829912
0.000595096
0.000152986
3.21522e-05
2.85861e-06
4.54492e-05
0.000178426
1.92073e-05
0.000445934
0.000210475
0.000284139
5.91941e-05
0.000387809
0.000516039
5.20469e-05
0.000318122
0.000259834
0.000708908
2.46262e-05
0.000121367
0.000218464
0.000298689
7.8791e-05
0.000169389
0.000408296
0.000314111
5.27431e-05
0.00102207
0.000155959
0.00026972
6.38781e-05
0.000143046
0.000386992
5.21402e-05
0.000255616
0.000560663
0.000143827
0.000689252
9.20907e-05
0.000188094
5.79828e-05
0.000272306
0.000197084
5.29018e-05
9.59208e-05
4.41548e-05
9.99288e-05
0.000309251
0.000409114
0.000400165
0.000588294
8.8902e-05
0.000152774
0.000658828
4.00515e-05
4.3313e-06
0.000129552
0.000218923
7.20791e-05
4.07641e-05
0.000212469
0.000233449
0.00049896
0.000207802
0.00100817
0.000574209
0.000288854
9.20821e-05
0.000104339
0.00011035
0.000622168
0.000249773
0.000201917
0.000635814
2.26951e-05
0.000584234
0.000155143
1.1041e-05
2.09451e-07
3.46221e-05
0.00013499
0.000277156
0.000599259
0.00032709
0.000357327
0.000410785
0.000684813
0.00068953
0.000147021
0.000283803
0.000186293
0.000248138
9.89535e-05
0.000478721
9.47243e-05
0.00033483
0.000418644
0.000231142
0.000301442
0.000224443
0.000130525
0.000430696
0.000134352
0.0002332
0.000490179
0.000575228
0.000190402
0.000195166
0.000246323
0.000122711
7.30212e-05
0.000231585
0.000564365
0.000266342
1.07607e-05
0.00012622
0.000139831
0.000241179
8.05748e-05
0.00018033
0.000444964
0.000180687
0.000118087
2.34954e-05
2.99924e-05
0.000567846
0.000717344
0.000127669
0.000288644
0.000248513
0.000408877
0.000185439
0.000101581
0.000462224
0.000340454
0.000561853
0.000186179
0.000942209
0.000418929
0.000739029
0.000445525
0.00107235
0.000219855
0.000390202
0.000706503
8.66655e-05
7.69736e-05
0.000518501
0.000185722
0.000204063
8.71912e-05
9.34263e-05
0.000193712
1.27591e-05
0.00110086
0.000559236
0.000318399
0.000166292
0.000245249
0.000152873
0.000155226
0.000347358
0.000181209
0.000613439
0.000113356
0.000132176
0.000246561
0.000183648
0.000461267
0.000167522
3.93884e-05
0.000224965
1.85389e-05
3.94142e-05
9.67373e-05
0.000103008
0.00019157
0.000376326
0.000537384
0.000451093
0.000553091
0.000236685
9.22667e-05
0.000176755
0.000483515
0.000338703
0.000158049
0.00034416
0.000385555
4.3536e-06
3.69094e-06
1.05757e-05
5.73451e-05
0.000343162
0.000395843
0.000145807
0.000533625
0.00067537
0.000148934
0.000582886
0.000934032
0.0004083
0.000621518
0.000240255
2.48912e-06
8.97973e-05
0.000306763
0.000303682
0.000156712
0.00021189
0.000511607
0.000162313
1.57075e-05
0.000157258
0.000447876
0.000593985
0.00101864
0.000479378
0.000188812
0.000291885
0.000667603
0.000333803
0.000206573
0.000620791
0.000435876
0.000104563
0.000304326
0.000387345
0.000406953
0.000389882
1.75368e-05
0.000171378
2.03535e-05
0.000298727
0.000629618
0.000473946
0.000808734
0.000661544
0.000284498
0.000209266
0.000343909
0.000354809
0.00014753
0.000301292
0.000413679
0.000233267
0.000116594
0.00027324
0.000404302
0.000282904
0.000106952
0.000322674
0.000350952
0.00021401
0.000221406
0.00020263
0.000827571
0.000438752
0.000767358
0.000456771
4.13834e-05
7.22085e-05
0.000204904
0.000122279
0.000476649
0.000251815
0.000187167
0.000121754
0.000483489
0.000592248
0.000694433
4.96935e-05
8.20301e-05
0.000107489
3.32784e-05
3.3616e-05
0.000153539
4.66875e-05
5.6115e-05
0.000304457
0.000860475
0.000122432
0.000156051
1.39065e-05
0.000152335
0.000157561
4.20993e-05
0.000405583
7.70065e-05
0.000241091
0.000412672
0.00031129
0.000586085
0.000811031
0.000310561
0.000275412
6.65345e-05
2.35975e-06
4.15534e-05
0.000678036
7.56425e-05
0.000115185
8.53181e-05
2.68758e-05
0.00021261
0.000246459
0.000188995
4.86072e-05
0.0003498
0.000400684
0.000887942
0.000551091
0.00044811
0.000507987
0.000240814
0.000118597
0.00020999
7.84919e-05
0.000327408
0.000327702
1.43515e-05
0.000112902
0.000314889
0.000187355
0.000247644
0.000223824
7.77957e-07
2.63455e-05
0.000478827
0.000864571
0.000134811
0.000387305
5.01653e-05
1.69525e-05
0.000109257
0.000169517
0.000561672
0.000131564
5.75926e-05
0.000422867
9.39633e-05
0.000172935
0.000370219
0.000227731
0.000163255
0.000264063
0.000147851
0.000321629
0.000500937
0.000400262
9.12402e-05
0.000273612
0.000656267
2.52849e-05
0.0001048
0.000940302
0.000298051
0.000331002
0.000200331
0.000925532
3.87767e-05
2.11148e-05
0.000247052
0.000316859
0.000750249
0.000659876
0.000725131
0.000288178
0.000214217
0.000421687
0.000133549
0.00072971
0.000111689
0.000592787
0.000560581
0.000209748
0.000401414
0.00055247
7.07126e-05
0.000341737
0.000297668
0.000156919
0.000587597
0.000494934
0.000188348
0.000458615
8.38534e-05
0.0003601
0.000121184
0.00020343
0.0002578
0.000262604
0.000105716
9.87059e-06
0.000103916
0.000661763
0.000669066
4.01177e-05
9.94275e-05
0.000532293
0.000105639
0.000143216
1.58993e-05
0.000340985
0.000132227
9.14342e-05
0.000106353
0.000459089
0.00024027
0.000303351
4.92968e-05
1.29941e-06
7.18156e-05
7.44694e-05
0.000162344
0.000579746
0.0004206
4.86651e-05
0.00017759
2.02392e-05
6.39256e-05
0.000316436
0.000213602
0.00040495
0.00117253
0.000290215
9.72509e-06
2.41621e-07
0.000186347
3.93108e-06
0.000186183
0.000434476
0.000163544
1.23409e-05
9.72266e-05
0.00088358
0.000419841
9.66269e-05
0.000257194
0.000435748
9.81387e-05
0.000146665
0.000148867
0.000304613
0.000635539
0.000401684
0.000519352
6.96482e-05
0.000339621
0.000445639
0.000362139
0.000123142
0.000212096
0.000386433
0.00025801
1.11651e-05
1.02765e-05
2.11122e-06
5.33502e-05
0.000491778
0.00060074
0.000298319
0.000321261
0.000803978
0.000441712
0.000667615
0.000204622
0.000216332
0.000417009
0.000517474
0.0006792
5.68425e-05
0.000995721
0.000990402
1.9236e-05
0.000144156
0.000143599
0.000107949
0.000234759
0.000383656
0.000483403
9.55759e-05
0.000325004
0.000695198
0.000214645
0.00013868
0.00104265
0.000482768
0.00030534
0.000848686
7.73607e-06
7.97772e-05
0.000275673
1.79477e-05
3.56145e-05
0.000186089
0.000156612
0.000136751
0.000410313
0.000130309
8.70803e-05
0.000316743
0.000461056
5.78014e-06
0.000605189
0.000108028
0.000182213
4.93366e-06
1.4672e-05
0.00064444
9.24421e-05
0.000270647
0.00023111
0.000352224
4.79431e-05
7.90311e-05
0.000258674
9.84046e-05
0.000176872
0.000156902
0.000190282
3.07804e-05
0.000265823
0.000643704
0.000291123
5.48331e-05
8.81052e-05
0.000610162
0.000415754
9.93632e-05
0.000121808
0.000176365
0.000285002
0.000282284
0.000177108
5.87274e-06
0.000404131
0.000596078
0.000493504
2.88286e-05
0.000520585
0.000280439
1.6027e-05
0.000203917
0.000504268
2.26017e-05
0.000104352
0.000465689
0.000100076
0.000191702
9.86875e-05
0.000149079
2.87912e-05
5.50726e-05
5.06668e-05
0.000474966
0.0004639
0.000806671
0.000300594
1.17901e-05
1.54516e-06
2.62963e-05
0.000282999
0.000325451
0.000285614
4.32778e-05
0.000143259
8.52024e-06
2.94661e-05
0.000378252
0.000251071
0.000113071
0.000325595
0.00044645
0.000261828
0.000183267
0.000180414
8.55467e-05
0.000386146
0.000267671
8.35627e-05
4.55738e-05
0.000455226
8.70423e-05
0.000278343
0.000273722
0.000421209
0.000427537
0.000551811
0.00034595
0.000618866
0.000201331
0.000970837
0.000397191
6.74179e-05
0.00049882
2.82003e-05
3.74957e-05
0.00015918
0.000241004
0.000394543
0.000716894
0.000375931
0.000490882
0.000157973
0.000471173
0.000154187
2.50243e-06
3.51383e-05
0.000102279
0.000686162
2.74398e-05
0.000319088
5.73664e-05
9.59602e-05
1.00015e-05
0.000136419
0.000125956
0.000756247
0.000176877
0.000402355
0.000483246
5.23511e-05
0.000623685
0.000222275
0.000223303
0.00107589
0.000467124
0.000216434
0.000353135
5.67753e-05
0.000289256
0.000284627
0.000131383
0.000671011
0.000652321
0.000474135
0.00027487
9.71234e-05
0.000131654
0.000577205
0.000314456
3.26134e-05
0.000182029
0.00023219
4.36462e-05
0.000183387
7.8737e-06
0.000199384
0.000241151
0.000571541
2.71046e-05
0.000201139
0.000319069
0.00047494
0.000229871
0.000130231
0.000428939
0.000562066
0.000270992
0.000177344
0.000339792
0.000328539
0.000101359
0.000190479
0.00081212
0.000362085
7.08402e-05
0.000528033
0.000275948
0.00028457
0.000398709
0.000410949
0.000239987
0.000160837
0.000317707
0.000104825
0.000118184
0.000598442
0.000223177
5.90635e-05
0.000713205
0.000559681
0.000102891
0.000102014
2.4047e-06
3.46683e-07
0.000168753
0.000143485
0.000416811
1.80261e-06
2.54658e-05
4.12743e-05
1.51692e-05
0.000157161
0.000605698
0.000432509
0.00044161
0.000698337
0.000367511
0.000215682
5.95434e-05
6.78246e-05
0.000297673
0.000277804
5.64599e-05
2.541e-05
0.000269065
0.000529833
0.000228551
6.01602e-05
0.000240972
0.000163376
0.000403478
0.000802782
0.000317519
0.00105966
0.00037433
0.00032708
0.000271339
0.00018926
0.000140443
0.000429358
0.000581399
0.000700386
0.000402047
0.000280782
0.000132564
0.000649657
0.000566496
0.00023983
0.000393532
7.46141e-05
0.000393482
2.6796e-05
0.000837649
0.000528869
0.000403183
0.000265862
8.24319e-05
2.02313e-05
9.73108e-05
0.00051172
0.000341145
6.09898e-05
0.000141767
0.000100946
0.000287553
2.67615e-05
3.32634e-05
4.7988e-05
2.2662e-05
0.000263727
0.000222754
0.000686612
0.000344962
2.35534e-05
7.76289e-05
0.000329392
0.000477378
0.000125309
1.25489e-05
0.000273568
0.000715745
0.000651539
0.000346099
0.000176654
0.000228098
0.000124387
0.000426398
0.000290542
0.000185914
0.000427419
0.000112188
0.000223554
0.000180045
0.000222593
0.000166542
0.000265718
0.000786923
0.000473793
0.000273182
0.000407505
0.000302971
5.04216e-05
0.00019194
0.000460036
0.000264238
0.000843688
0.000313122
0.000104417
0.000278815
7.09772e-05
0.00042811
8.72822e-05
0.000115132
0.000672003
4.01166e-05
0.000307236
0.00037995
0.000206728
0.00079174
0.000141439
1.00075e-05
6.69632e-05
8.16715e-05
2.28478e-05
0.000462681
0.00054326
0.0007347
0.000618252
0.000386073
9.12888e-05
7.637e-05
0.000275336
0.00043813
0.000107479
0.000882425
0.000458812
0.000100563
1.34686e-05
9.32311e-05
0.000538497
0.000264554
0.000203243
0.00038852
0.00021101
0.000210662
0.000166292
0.000178026
0.00042136
0.00041345
0.000618377
0.000246633
0.000532113
0.000142201
0.000290481
0.000670812
0.000473039
0.000417228
0.000452437
0.000509281
0.000508478
1.06672e-05
1.44303e-05
0.000324425
0.000421512
0.000366977
0.000443252
0.000117554
0.000646789
0.000205854
0.000324321
0.000204688
0.000448192
0.00035336
0.000321195
0.000484969
0.000481365
0.000153418
0.000324703
0.000373417
0.000162293
0.000302591
0.000313358
0.000247248
6.08671e-05
0.00037202
0.00087256
3.12767e-05
4.18995e-05
3.72953e-05
0.000127307
0.000106233
0.000227419
0.000340319
9.44423e-05
0.000184901
0.000355767
8.91867e-05
6.90182e-05
0.000194465
5.45002e-05
0.000183084
0.000633921
0.000429303
0.000262931
3.96131e-05
0.000105132
0.000895372
0.0006193
0.0011232
0.000236719
0.000443903
0.000295076
0.000185153
0.000535942
0.00119748
0.000340869
0.00044715
0.000246405
0.00039107
0.000329493
0.000143651
7.26882e-05
9.6162e-05
0.000405167
0.000770937
0.000886741
0.000383294
0.000801861
0.000173972
0.000493968
0.000607008
0.000100192
0.000135784
3.96672e-05
0.000145729
0.000404584
0.000538885
0.000260764
0.000266193
1.57847e-05
0.00023129
7.99476e-05
0.000177346
0.000654596
0.000492564
7.2126e-05
0.000180462
0.000197271
0.000169372
0.000390676
0.00070946
7.07388e-05
0.000545613
0.000485919
0.000196344
0.000292056
1.20866e-05
0.000111572
0.00017246
1.76403e-06
0.000150918
1.75046e-05
0.000409696
6.45988e-05
0.000103289
0.000617747
0.000347597
0.000138692
0.000123573
0.000495687
0.000641398
0.000223938
0.00026263
0.000498184
0.000178351
0.000148673
7.51575e-05
0.000121738
0.000306513
0.000261797
6.51168e-05
2.87454e-05
6.84923e-06
0.000126257
0.000811104
7.68325e-05
0.000873301
0.000600741
0.000888605
0.000308972
0.000246819
0.000359576
0.000131697
0.000191895
0.000136166
0.000445082
3.9911e-05
0.000215029
0.000392856
0.000222616
0.000509848
8.22883e-06
2.8111e-05
7.89238e-05
3.79905e-05
0.000102655
1.57424e-06
5.91401e-05
8.88181e-05
0.000322941
5.05691e-05
2.28118e-05
0.000578897
0.00013634
0.000878256
0.000568308
0.000166789
0.000200938
3.48695e-05
0.00043172
0.00042948
7.97037e-05
0.000169999
3.26124e-05
0.000102828
2.91635e-05
0.000129035
7.09688e-05
9.83253e-05
7.31337e-05
0.000484337
0.000522133
2.54213e-05
9.69152e-05
7.76947e-05
0.000275757
0.000927155
0.00100421
0.000919133
0.00053392
0.000106115
0.000199381
0.000492458
0.000135619
0.000631089
0.000210342
0.00037541
0.000124263
0.000319689
1.44322e-05
6.51279e-05
0.000413288
0.000470031
0.000167135
5.36674e-05
0.000575595
0.00039348
0.000100744
0.000362654
9.33973e-05
0.000603667
0.000168982
0.000594505
0.000255756
0.000278067
0.000296721
0.000188715
9.63758e-05
7.45424e-05
3.57085e-05
0.000210121
0.000386615
0.000179929
0.000283062
7.30865e-05
0.000170775
0.000788525
0.000427906
0.000134276
0.000790046
0.00032567
0.000524019
0.000283359
0.0001908
0.000164109
0.000522488
0.000252157
0.000182455
9.75128e-07
4.14706e-05
0.000639417
0.000550923
0.00015906
0.000413393
0.000623956
0.000158166
0.000165682
3.8249e-05
3.99882e-05
5.61833e-05
0.000255565
0.000196641
4.21024e-05
0.000197349
0.000315975
0.000414471
0.000334376
0.000502431
8.45558e-05
0.000146155
0.000638216
0.00015282
0.000322522
0.000199433
0.000461613
0.000613892
0.000305671
0.000437331
0.000127431
0.000318429
4.10106e-05
0.000426847
0.000405665
0.00105875
9.3093e-05
0.000574667
0.000606169
0.000291215
0.000119157
7.08419e-07
0.000317064
2.21174e-05
4.58853e-05
0.00018087
5.82466e-05
0.000114942
0.000211859
7.43669e-05
0.000208113
0.000561997
2.65053e-05
6.09028e-05
0.000609623
0.000263425
0.000519146
0.000344955
0.000328523
0.000625407
0.000538986
0.000298646
0.000124255
4.53936e-05
0.000267272
1.21092e-05
0.000300158
0.000123063
0.000351124
0.000723966
0.000263354
0.000477202
0.000552716
0.000210408
0.000250393
0.000616435
0.000561384
0.00026388
0.00076093
0.000748873
0.000550366
3.97317e-05
0.00063621
0.000449017
0.000326002
6.39689e-05
0.000658431
0.000112213
2.24614e-06
0.000628219
0.000637686
0.00116344
0.000501166
0.000403486
0.000439807
5.85138e-06
1.06027e-05
0.000103926
1.24965e-05
8.70139e-05
0.000144101
5.59582e-05
0.000305686
0.00069591
0.000358109
0.000229883
0.000210756
2.44889e-05
0.000453219
0.000117323
0.00017049
0.000214048
0.000106589
0.000147624
2.14024e-05
0.000194248
0.000505579
0.000284791
0.000198897
0.000330174
0.000229825
0.000222218
0.000206007
0.000410955
0.000773369
0.000447735
0.000486958
0.000142225
0.000100504
0.000149005
1.11006e-05
0.00018853
0.000390675
0.000249808
0.000322315
8.96064e-05
0.000593749
0.000497035
0.000361989
0.00016696
0.00031386
7.25398e-05
0.00018778
0.000102776
0.000187321
0.000134819
0.000107594
0.000237737
0.000169062
5.8322e-05
0.00051852
0.000527774
0.000598715
0.000228484
8.74637e-05
8.5922e-06
0.000211466
0.000394611
0.000115391
9.46301e-05
0.000109695
6.31147e-06
2.36031e-05
0.000205613
5.02049e-05
0.000377982
0.000220413
0.000279708
0.000127202
0.000388349
0.000107809
0.000125503
0.000246827
6.41675e-06
4.01746e-05
0.000374983
0.00096397
0.00031371
0.000467885
0.000346152
1.25925e-05
0.000250285
7.95747e-05
0.000307362
0.000178722
0.000168682
0.000171586
0.000460393
7.70665e-05
1.93525e-05
7.93358e-05
0.000938241
0.000303492
0.00031622
0.000565363
0.000402561
0.000152372
0.000379751
8.77744e-05
0.000142758
0.000209776
0.00018294
6.51904e-05
0.00040236
0.000341226
7.90772e-05
5.7677e-05
2.72584e-05
0.00064617
0.000329701
8.1809e-05
0.000233524
0.000147591
0.00067971
0.000230492
0.000495256
0.000241725
0.000486269
0.000463601
0.000305226
0.000474742
0.000100291
0.000117251
0.000472541
2.11701e-05
0.000309376
0.000713123
0.000541876
4.57541e-05
0.000405836
0.000625947
6.55723e-05
5.95357e-05
0.000370678
0.000207869
0.000560471
0.000212486
0.000990682
0.000104561
0.000124546
0.000139237
0.000147418
8.03485e-05
0.0001193
0.000449764
0.000444744
0.000498542
0.000140335
0.000621899
0.000393764
0.000165608
9.78457e-08
0.000184779
0.000158552
0.000616373
0.000563001
0.000113562
8.23554e-05
0.00015255
5.85966e-05
9.08118e-05
0.00033757
0.000215902
0.00028264
0.000512441
0.000134873
0.000228939
0.000526215
4.61138e-05
0.000378665
0.000174818
0.000193749
0.000316124
0.000403082
0.000645767
0.000487953
0.000329117
0.000136382
4.73797e-06
7.37524e-05
0.00030382
0.000320829
0.000183582
0.000147625
0.000453859
0.000734432
0.000250979
0.000104978
3.14657e-05
0.000270877
0.000351755
0.000352378
9.61398e-05
0.000633129
0.00127603
5.14868e-05
0.000312271
0.000176634
9.81479e-05
0.000185457
0.000225098
0.000415729
6.40826e-05
0.000133998
0.000185015
1.51296e-05
0.000751203
0.000137478
0.000673772
0.000124133
5.37522e-05
0.000432876
9.47016e-05
9.03696e-05
5.63429e-05
3.20381e-05
0.000166266
1.37604e-05
0.000471906
0.000445145
0.00102558
0.000484668
5.00007e-05
2.02058e-05
0.000114007
0.000798632
0.000120598
0.00018304
0.0001216
0.000322673
0.000175742
0.000445596
0.000267904
0.00046876
0.000510542
4.47564e-05
0.000297335
0.000299471
0.000411015
0.000118418
8.60072e-06
0.000403246
0.00019094
0.00063209
2.99045e-05
3.88111e-05
0.000113931
6.00287e-05
0.000390602
0.000434476
0.000476858
0.000117312
6.80429e-06
0.000269612
0.000281428
0.000179426
0.000341799
0.000479224
0.00034349
0.000504231
0.000456759
0.000375735
0.000153158
0.000289944
0.00059357
0.000254152
0.000250133
5.75097e-05
7.49896e-05
7.6278e-05
9.20003e-06
7.64102e-06
2.11809e-06
0.00039819
0.000164203
0.000386475
0.000443485
0.00019835
0.000192177
0.000517323
0.000630271
0.000112322
0.000203644
7.91532e-05
0.000108237
1.29769e-06
0.000849372
0.000389433
0.000195015
0.000351118
0.000271986
0.000761088
0.000554376
0.000411585
0.000322493
0.000314189
0.000314627
0.000312922
0.000421109
0.00032299
0.00052315
0.000691667
3.89213e-05
7.82389e-05
5.91366e-05
0.000571485
0.000189204
0.000151113
0.00114387
0.00050177
0.000110347
0.000543364
0.000144968
0.000266372
0.000192475
0.000154952
0.000313575
3.91185e-05
2.39824e-06
0.000123659
0.00029674
0.00050779
0.000452599
0.000491573
0.000221955
0.000212655
0.000197544
0.000414372
0.000358299
0.000534747
0.000526977
0.000224202
5.82743e-05
0.000264739
0.000257905
0.000504032
5.59646e-05
0.000151749
0.000215751
0.000263678
0.000308198
0.000175153
0.000283544
0.000261583
0.000116569
0.000221666
0.000312707
0.000445111
0.000113478
0.000231409
7.85969e-05
2.17396e-05
7.93575e-05
0.000156282
0.000286526
6.80198e-05
0.000149138
0.000485695
3.67192e-05
8.18594e-05
4.00545e-05
0.000283123
0.000391175
0.000458309
0.00025215
6.9198e-05
0.000395785
0.000228009
0.000192454
0.000946428
0.000140909
0.000196942
0.0005796
0.000737814
5.19633e-05
3.7609e-05
0.000484279
0.000419529
0.000558608
0.000108087
0.000315607
0.000583502
0.000149636
0.000207461
8.76516e-06
0.000321061
0.00044884
9.92209e-05
0.000118761
3.38642e-06
8.83999e-05
0.000119081
0.00043151
9.17769e-05
0.000950021
0.00029655
0.000292395
0.000321727
0.000728382
0.000159536
2.6964e-05
0.00010354
0.000185862
0.000272223
9.25059e-05
7.00949e-06
5.46539e-05
0.000406373
0.00069461
0.000251833
5.2014e-05
0.000198167
0.000581274
0.000460445
8.14304e-05
1.8498e-05
0.000758618
0.000147905
0.000312207
0.000722322
0.000393421
0.000456555
0.000212577
0.000225065
5.52779e-05
6.15269e-05
1.70558e-05
0.000247279
0.000421001
0.000205959
0.000184822
6.36782e-05
0.000459306
6.30875e-05
1.80204e-05
4.85518e-05
1.61814e-05
9.62964e-05
0.000198868
7.34521e-05
0.00079701
0.000146305
0.000556707
0.000675918
0.000285781
0.000326177
0.00014978
0.000290567
0.000884111
6.684e-06
0.000115753
0.000254768
0.000477461
0.000354098
0.000249683
0.000425884
0.000478386
0.000197259
0.000184377
0.000203122
0.000146391
3.53529e-05
0.000692251
0.00039311
0.000249511
0.000764482
0.000775073
0.000292491
0.000465403
0.000450643
0.000124356
7.4754e-05
0.000777388
8.44971e-05
0.000117174
0.000322756
0.000676383
0.000690102
0.000589338
0.000346986
0.00060241
0.000620084
0.000750117
0.000132831
0.000180101
0.000601616
0.000281292
0.000263093
4.17424e-05
0.000247684
0.000701456
0.000184876
4.4741e-05
0.000748758
0.000262589
0.000327672
2.02841e-05
0.000277491
0.000651556
4.93655e-05
1.79744e-05
0.000185107
0.000183522
3.71985e-05
0.000127318
0.000425187
0.00032585
0.000515511
0.000321596
0.000149706
2.78522e-06
4.36289e-05
6.4174e-05
0.000176462
0.000199959
0.000534362
0.000187938
0.000347152
9.13634e-06
0.000283349
0.000176887
0.000504867
0.000306174
0.000834322
0.000253395
0.000521107
0.000130477
0.000523653
0.000479116
4.15822e-05
0.000290732
0.000552055
0.000838481
0.000255459
0.000102266
8.75054e-05
7.26039e-06
0.000143765
0.000533013
0.000714393
0.000242873
0.000108252
2.74249e-05
3.38828e-05
6.38203e-05
0.000149283
0.00022692
1.05591e-05
0.000429111
0.000908096
0.000453514
7.62171e-05
0.000155969
0.000381774
0.00069582
0.000336421
0.000236278
0.000202778
0.000200319
9.61625e-05
8.98793e-05
0.000658617
0.000354681
0.000545018
0.000392032
0.000205832
0.000167529
0.000332415
0.000648051
0.000214033
0.000404469
0.0009737
2.5391e-05
0.000117726
0.000485757
0.000165075
7.06797e-05
0.000459694
0.000350609
6.60947e-05
0.000283836
9.37203e-05
0.000260765
7.41268e-06
8.07313e-06
0.000118324
0.000225588
9.93574e-06
7.54142e-05
2.09752e-05
0.000401851
0.000371017
0.000290367
0.000251454
0.000310386
0.000320811
0.00040245
3.92978e-05
0.000259172
0.000354185
0.000462023
0.000678735
0.00027604
0.000192825
1.09772e-05
1.75951e-05
0.00024039
5.21972e-05
0.000214764
6.83587e-05
0.000363231
0.000267419
0.000344258
0.000198047
0.000321198
6.56929e-05
9.91635e-05
0.000467189
7.78553e-05
0.000160723
0.000514485
0.000171624
0.000205178
3.95892e-05
0.000225701
0.00058587
0.000265523
0.000282726
0.000522464
0.000450915
0.000160924
0.000582274
0.000181611
0.000447463
0.00014903
0.000279047
0.000268718
0.000244941
0.000248693
0.000729193
0.000347213
2.71242e-05
4.47786e-05
4.42428e-05
0.000155071
7.9225e-05
0.000239698
0.000131682
0.000648154
0.000304109
0.000353157
7.95929e-06
4.3548e-05
8.93311e-05
3.57225e-05
0.000204794
0.00033745
0.000882176
6.25773e-05
0.000114781
9.45407e-05
0.000242332
2.08354e-05
0.000762474
0.00114557
0.00039519
0.000125356
0.000737193
7.05105e-05
0.000273297
0.000533337
0.000121218
0.000105692
0.00010393
0.000160043
0.000409758
0.000151282
0.00043523
0.000409105
0.000473786
0.000377071
0.000107008
0.000264609
0.000457162
0.000109285
0.00014698
0.000517263
0.000286754
0.000274943
0.000607616
0.000117893
7.34609e-05
0.000103053
0.000175439
0.000241498
0.000341628
0.000128551
2.5298e-05
5.45046e-05
0.000313608
0.000602002
0.000785869
0.000289042
0.000391057
0.000264035
0.000163558
9.58062e-05
0.000285106
2.96085e-05
0.000932722
3.03883e-05
0.000182053
0.000395203
0.000135853
0.000364092
0.00018958
0.000717777
0.000534899
0.000394757
0.000367574
0.000495498
8.18402e-05
0.000239316
0.000353401
0.000753789
2.97496e-05
3.71366e-06
0
0.000100119
0.000416947
0.000166757
0.000315193
0.000353549
0.000669762
4.22814e-05
0.000233464
0.000339468
0.000212783
0.000501189
4.2168e-05
0.000100398
5.68135e-05
8.21385e-05
0.000492289
0.000595432
0.000330728
0.000652531
0.00010525
0.000353807
7.86071e-05
0.000419121
6.03229e-05
0.000765284
0.000104068
0.000254813
0.000233585
0.000321975
0.000363963
0.000145691
0.000575242
5.30228e-05
2.47691e-05
0.000173075
0.000473073
9.83047e-05
0.000323792
0.000539448
0.000178039
0.000222545
0.000221463
0.000134562
9.32684e-05
0.000176987
0.000690835
0.000525447
0.000238375
0.000569799
0.000728737
0.000667992
0.000159677
0.00034768
7.98196e-06
2.09224e-06
3.07206e-05
0.000133772
0.000225229
0.000173158
0.000563747
0.000409765
0.000409245
0.000515422
0.000109705
0.000227474
0.000314265
0.000204742
0.000279917
0.000325354
0.000521373
9.6394e-05
0.00011995
0.000178152
0.00036796
0.000185428
0.000305916
0.000202235
0.000245498
0.000290183
0.000534947
0.000263715
7.77091e-05
0.000704608
0.000152177
1.97259e-06
9.25522e-06
3.33246e-05
2.63994e-05
3.7473e-05
0.000252291
0.000177763
0.000100621
9.51613e-05
3.71217e-06
0.000254448
0.000523774
0.000371959
0.000142181
0.000315178
3.41832e-05
0.000186711
3.8312e-05
0.0004371
0.00042689
0.000183889
0.000328326
0.000548792
0.000200708
0.000568306
0.000686644
0.000602352
0.00052895
0.000148396
0.000637482
0.000229086
5.2845e-05
0.000156989
0.000470693
0.000255328
7.27023e-05
0.000240476
0.000280484
0.000278129
0.000180391
4.63473e-05
6.45138e-05
0.000204655
0.000273397
0.000464981
0.000247158
0.000311891
0.00071961
0.000361757
0.000624902
1.66287e-05
2.80024e-05
0.000110728
0.000158967
0.000137039
0.000237534
0.000133249
0.000534222
0.000437445
9.5862e-05
4.09331e-05
2.16385e-05
0.000495266
0.000270514
0.000413209
0.000552962
0.00023889
0.000147244
0.000174868
0.000506683
0.000165507
0.000165358
0.000187243
2.35747e-05
0.00034977
7.30392e-05
0.000645325
0.000339488
2.85411e-06
0.000295726
0.000449324
0.000279331
0.000579842
6.29969e-05
3.08187e-05
0.000379047
0.000264425
0.000783241
0.000104924
0.000427344
0.000239273
0.000216528
0.000529613
0.000739749
0.00022408
0.000527775
0.000156156
0.000165959
0.000368874
0.000141823
4.33179e-05
0.000172311
0.000137842
0.0004905
0.000495418
0.000829866
0.000687776
0.00061836
0.000358672
0.000509785
0.000381598
0.000488801
0.000229518
0.000158282
0.000453098
0.000226948
0.000201169
0.000240432
0.000241793
0.000301146
0.000280126
0.000217596
0.00048681
0.000172929
0.000146366
1.8711e-05
3.64268e-05
0.00019305
0.0002233
7.36652e-05
0.000485609
0.000495682
0.000576178
0.000253542
0.000264961
0.000189605
0.00030091
0.00038175
0.000239416
0.000408484
0.000449129
0.000333181
0.000352815
0.000678939
0.000236227
6.64034e-05
4.62103e-05
0.00027393
4.27568e-05
1.91942e-05
0.000174113
0.000239957
0.000177326
2.35788e-05
0.000448948
0.00041519
0.000280609
0.000439805
2.08521e-05
0.000651025
2.50764e-05
0.000239106
0.00046041
0.000475882
0.000454357
5.65552e-05
2.54248e-05
0.000152801
0.000289478
9.8777e-05
0.000686707
0.000504069
5.2437e-06
0.000142432
1.26638e-05
0.000127463
9.19126e-05
0.000101019
0.00022314
0.000295469
1.42112e-05
5.83218e-05
0.000169418
0.00067866
4.59556e-05
0.000482144
0.000494444
5.573e-05
0.000424386
0.000671684
0.000540839
0.000642231
0.000555271
0.000414193
0.000534184
1.40666e-05
0.000154676
0.000194059
0.000171068
0.000143094
0.000325206
0.000653636
0.000305395
2.04591e-05
0.000126578
0.000108278
0.00021771
0.000296564
0.000241091
0.000960737
0.000641499
0.000525565
0.000182865
0.000783358
0.00012435
0.000148291
0.000373236
0.000516732
0.00041393
0.00014214
0.000139063
0.000442092
0.000171609
0.000872609
0.000466983
0.00070237
0.000269303
6.93495e-05
0.000237756
0.000454594
0.000585261
7.74163e-05
0.000239112
0.000530703
0.000688981
2.63594e-05
3.02208e-06
0.000653863
0.000602977
0.000574543
0.000692077
0.000365059
3.79105e-05
0.000804178
0.000262198
0.000448973
2.47003e-05
0.00015708
0.000435511
0.000369329
0.000179917
0.00033494
0.000673416
0.000137438
0.000166085
3.44907e-05
0.000144729
0.000250884
0.000545207
0.000124574
3.33654e-05
0.000309179
0.000120164
4.82269e-05
0.000437931
0.000655594
4.46022e-05
6.67769e-05
5.52704e-05
0.000550494
0.000287612
0.000445359
0.000167928
0.000106203
0.00011621
0.000118567
5.19312e-05
0.00015771
0.000773829
0.000391385
0.000391513
0.000167509
0.000140259
0.00036344
7.77594e-05
0.000178265
6.86084e-05
0.000615866
0.000419682
0.000833371
0.000488085
0.000503809
0.000707413
0.000487422
8.81221e-05
6.28407e-05
0.000265071
0.000439824
0.000583574
0.000719148
0.000263965
7.25768e-05
0.000185701
0.000123508
9.6223e-07
0.000104473
0.00012236
0.000601238
0.00045261
0.00041383
4.1011e-05
0.000740503
0.000531761
0.000316732
0.000412884
5.77128e-05
0.000130891
0.00011016
0.000271671
0.000114814
0.000464714
9.4036e-05
0.000158834
8.94823e-05
0.000462217
0.000338634
0.000210552
0.000102242
0.00016655
7.75345e-05
0.000105857
0.000155651
0.000189802
0.000186246
0.000308962
0.000230688
7.71873e-05
0.000159756
6.84195e-05
4.75786e-05
3.18277e-05
0.00032259
6.22733e-05
0.000139758
0.000316246
0.000402686
0.000375703
3.67114e-05
0.000238198
0.000586946
0.000209573
0.000211824
0.000146984
2.06985e-05
1.43204e-05
1.45194e-05
8.37481e-05
0.000326513
0.00024828
7.79379e-05
0.000279769
0.000604486
4.66728e-05
0.000366212
0.000134094
9.38297e-05
0.000749485
0.000117665
5.84011e-05
0.000212405
0.000271153
0.000599022
8.08145e-05
0.000458894
6.41087e-05
0.000340185
0.000224278
0.000280911
0.000485016
0.000136647
0.000741593
0.000346475
7.49084e-05
9.29494e-05
0.000287357
0.000569657
0.000470363
0.000484411
0.000669699
0.000387858
0.00032743
0.000432769
0.0001998
0.000267102
0.000335233
0.000195804
0.000266526
7.03534e-05
0.000240825
7.73777e-05
8.69933e-05
2.67748e-05
8.7536e-06
5.64473e-05
3.39685e-05
2.26123e-05
0.000242626
0.000229666
0.000601885
5.06902e-05
1.84963e-06
0.000101346
0.000337794
7.88481e-05
0.000380443
0.000237461
0.00016981
0.001041
0.000625586
0.000295169
6.16155e-05
0.000105806
5.93986e-05
0.000109925
0.000219061
3.82491e-05
0.00010417
0.00107726
0.000353825
0.00024732
0.000421446
0.000150435
0.000442906
0.000306435
0.000254505
5.36757e-06
1.80402e-06
0.000479394
0.000241498
0.000287874
0.000417049
0.000452978
0.000386924
0.000127117
0.00025257
0.000114041
0.00020537
0.000179224
2.39703e-05
0.000488337
0.000440914
0.000713009
0.000951411
0.000265513
0.000414979
0.000193933
0.000389324
0.000570254
0.000797128
0.000115253
2.19347e-05
0.0001366
0.000494114
1.35469e-05
5.66497e-05
8.94003e-05
7.68814e-05
0.000456323
0.000405415
0.000775382
0.000440536
0.000359564
0.000424211
0.000260012
4.8126e-05
0.000121726
8.55263e-05
0.000107365
0.000669888
0.000876931
0.000256285
0.000134054
3.63047e-05
0.000267362
0.000603323
0.000322703
0.000199517
3.49213e-05
0.000151675
0.000150045
0.000335229
0.000195361
0.000147709
0.000279009
0.000193629
6.24026e-06
0.000173346
0.000167111
7.60904e-05
0.000557185
0.000438827
2.0734e-05
6.21076e-06
0.000105898
9.74946e-06
7.18034e-05
2.58753e-05
2.92246e-05
0.000366857
0.000197412
0.0006323
0.000276057
0.000134287
0.000317866
0.000482912
0.000512797
0.00063441
0.00015444
0.000676174
0.000564063
0.000143827
0.000527579
4.97079e-05
0.000426065
0.000355108
0.000212393
0.000239444
0.000401547
0.000361612
1.19458e-05
0.000112351
3.5268e-05
9.87379e-05
7.87908e-05
0.000302468
0.000543223
0.000654864
0.000471337
0.000449648
0.000455491
0.000117139
4.79876e-05
0.000131209
5.71603e-05
0.000726761
0.000127505
2.20707e-05
0.000601554
0.000302745
0.000490177
3.144e-05
6.3939e-06
1.38774e-06
0.000305142
0.000133944
9.49018e-05
0.000434289
0.000314625
0.000613564
0.000552962
0.0002733
1.17262e-05
0.000167201
2.17714e-06
0.000124555
0.000587251
5.55277e-05
0.000401636
4.25277e-05
7.14943e-05
0.000464759
6.62621e-05
6.68384e-05
0.000160908
0.000218214
0.000168912
1.01494e-05
2.84249e-05
0.000206924
0.000542151
0.0003854
0.000262195
8.05598e-05
0.00024645
3.16413e-05
0.000238449
0.000228959
0.000350942
0.000144736
0.000656741
4.84684e-05
0.000639956
5.15639e-05
8.10103e-05
0.000773556
0.000372435
0.000521341
0.00026224
0.000146211
0.000198994
0.00040305
0.000413927
0.000178222
0.000325494
0.00045694
0.000155003
0.000417054
0.000782601
0.000443284
0.000409247
0.000571022
0.000446495
0.000454579
0.000423435
0.000160915
0.000132057
8.82404e-05
6.38908e-05
0.000147894
0.000167356
0.000251899
1.82422e-05
6.06463e-05
0.000154552
8.24603e-05
2.62971e-05
0.000296093
0.000110388
0.000346333
0.000222053
0.000187552
0.000401055
0.000133526
0.000665649
0.0001842
0.000714925
0.000784946
0.000187728
0.00017393
0.00011176
0.000344517
0.000110716
0.000101178
0.000402468
0.000784507
0.000552138
2.69121e-05
5.66324e-05
0.000357397
0.000394342
0.000172872
0.000204014
0.000265999
0.000139213
0.000186568
0.000174077
0.000558522
0.000372967
8.06446e-05
0.000338939
0.000338138
4.61125e-05
0.000135262
0.000668674
0.000266
3.80458e-05
1.64996e-05
0.00110779
0.000272485
0.000594989
0.000122156
0.000232988
0.000485245
0.000178893
2.76287e-05
2.10759e-05
6.60979e-05
0.000455219
0.000603978
0.000531352
1.76077e-07
0.000366309
0.000100192
0.000187098
0.000497136
1.92204e-05
4.20726e-05
0.000142483
0.000416957
0.000355012
0.00053787
0.000136461
0.000209104
0.000499678
0.000423102
0.000384791
8.60962e-05
0.000560657
0.00114477
0.000450095
0.000166849
0.00029597
0.000631055
0.000237236
2.53768e-05
0.000229813
0.000251067
5.6801e-05
9.27758e-05
8.78306e-05
0.00060141
0.000338549
0.000535532
0.000162131
4.85416e-05
0.000460025
0.000442945
0.000568985
0.000108357
0.000254593
0.00013847
0.000120343
0.000510362
0.000156523
0.000400552
8.78882e-06
6.38734e-05
0.000171544
0.000381994
0.00026887
0.000390714
0.0001974
0.000328353
0.000929183
0.000666866
0.000370288
0.000671847
0.000303215
4.44988e-06
0.000233727
0.00028095
0.000169007
8.26055e-05
2.43987e-05
1.70327e-05
0.00112203
0.000403738
0.000334907
7.09575e-05
2.73287e-05
0.000189212
0.000400356
0.000702753
0.000170208
9.32567e-05
0.000595205
0.000245937
7.90042e-06
2.58901e-05
0.000306879
0.000299739
0.000258412
0.000287188
0.000617346
8.01539e-05
0.000109493
0.000673637
0.000163966
0.000593145
0.000642181
0.000405056
0.000337601
0.00100515
0.000572588
0.000261046
0.000584725
0.000193385
4.48307e-05
0.000458087
0.000115097
0.000419858
0.000222534
9.24237e-05
0.000244594
0.000151475
0.000433685
0.000166146
0.000661363
0.000243513
0.000270255
6.86518e-05
0.000233791
0.000115866
4.46834e-05
0.000135721
8.25796e-05
0.00012714
0.000248362
0.00040417
0.000414497
0.000167576
0.000248137
0.000138151
0.00010945
0.00126536
0.000532831
9.33309e-05
0.000318606
0.000152249
0.000620477
0.000174505
0.000129803
0.000240536
0.00035122
0.000310576
9.70681e-05
0.000321364
0.000656796
0.000751467
0.000354743
0.000654433
0.000243644
0.000147553
8.5219e-05
0.0003399
0.000247452
0.000520023
0.000422917
0.000519076
0.000855014
0.000879018
0.000423155
0.000704838
6.71587e-05
9.92257e-05
0.000141817
0.000135451
0.00010117
0.000523984
0.000362059
0.000243863
0.000249032
5.46577e-05
9.06945e-05
0.000140559
0.00079106
0.000573626
0.000282979
0.000141572
0.000482222
0.000667027
1.18622e-05
5.35855e-05
0.000539923
0.000501994
0.000281923
0.000216235
0.00014277
0.000284573
0.000272044
0.000251336
0.000468265
0.00036419
0.000825812
0.00011153
0.000192744
0.000658754
0.00051779
0.000438749
0.000591579
0.0004107
0.000196897
6.57645e-05
0.000125288
0.000128747
0.000166269
0.000310756
0.000123835
2.79847e-05
0.000338821
0.000322635
0.000748315
0.000336608
0.000275642
0.000670669
0.000426956
0.000420293
7.96137e-06
7.46918e-05
4.44225e-05
4.80789e-06
2.69583e-05
3.1003e-05
0.000808088
0.000146127
0.000444956
0.000444923
0.000552315
0.000123993
0.000232829
0.00029967
0.000483927
0.000157148
0.000209356
6.86316e-05
0.000616048
1.36322e-05
1.68731e-05
0.000444369
0.000218517
0.00026013
0.000783258
0.00107941
3.24981e-05
0.000132003
8.93794e-05
0.000167228
0.000303364
0.000383683
0.000387447
0.000200017
0.0001977
0.000118286
0.000536393
0.000177107
0.000301191
0.000524456
0.000680938
0.000642295
0.000323859
0.000315532
0.000454365
0.000616946
9.60503e-05
9.00709e-05
3.09417e-05
1.69912e-05
8.32252e-05
0.00033561
0.000332737
0.000266835
0.000199585
0.00033958
0.000858572
0.000136038
2.13369e-05
0.000177653
0.000388199
0.000182793
0.000398049
0.000221701
0.000320668
0.000517762
0.000108741
0.00049052
6.47713e-05
7.30759e-05
0.000507034
7.73971e-05
0.000411722
0.000905095
0.000211012
7.23126e-05
0.000228104
0.000533962
0.00014027
0.000111651
3.39546e-05
0.00043687
0.000200956
0.000271
0.000198461
0.000826621
0.000105834
0.000367567
0.000238825
8.42449e-05
0.000171479
6.51996e-05
0.000441238
2.26503e-05
0.000178503
0.000515802
0.000327629
0.00070974
0.000213361
0.000346495
0.000852687
0.000954166
0.000902654
3.94291e-05
9.74278e-05
0.000150409
0.000479669
3.67777e-05
0.000207716
4.01593e-05
8.73342e-05
0.000589726
0.000616896
0.000773845
0.0005642
0.000359474
8.61933e-05
0.000288353
0.000558943
0.00052889
0.000350429
0.000192655
0.000344188
0.000414341
0.000435576
0.00022413
7.90134e-05
0.000245237
0.000246789
8.2339e-05
0.000519926
0.00019836
8.63796e-05
0.000311531
6.75793e-05
6.88112e-05
5.28766e-05
0.000489091
0.000356945
0.00055026
4.09835e-05
0.000449577
3.24398e-05
6.65255e-05
0.000300973
0.000235863
0.000338369
0.000224382
0.000692964
0.0005072
0.00027397
0.000191955
0.000208584
0.000727306
0.000292526
0.00016647
0.000674665
0.000226595
0.000404839
0.000382287
6.75877e-06
4.90886e-05
0.000932568
9.44105e-05
0.000225905
0.000744954
0.000380493
0.000304987
0.000288871
0.000331809
0.000529061
0.000842989
0.000654656
0.000178372
8.4973e-05
0.000275275
0.00109498
0.000670799
0.00124592
0.000425102
0.000116035
0.000179437
0.000119608
6.27028e-05
0.000685838
2.0133e-05
1.88253e-05
0.000770771
0.000195473
4.77399e-06
0.000116298
3.55106e-05
0.000140505
0.000554371
0.000305486
0.000299394
0.000303232
9.63277e-05
0.000174303
2.94024e-05
0.000154403
0.000269143
0.000380891
0.000395854
7.20819e-05
4.0223e-05
2.18118e-06
0.000165678
0.000114444
2.95036e-05
0.000129246
0.000174704
0.00013003
1.53434e-05
0.000319192
6.25742e-05
0.000344485
0.000747239
2.68578e-05
8.33415e-05
0.000281763
0.000459849
0.000455122
0.0001369
8.16493e-05
5.57031e-05
0.000167836
0.00069306
0.000284267
0.00035761
0.000586098
0.000207505
5.51925e-05
0.000138067
0.000312749
0.000476236
0.000372615
0.000775616
9.1206e-05
0.000168779
0.000547805
0.000133814
0.000308694
0.000470885
3.5928e-06
2.50967e-05
0.000177841
0.00041814
0.000710683
0.00015321
0.000224606
0.000128405
9.74301e-05
5.90785e-05
4.47069e-05
0.000228211
0.000202247
4.57966e-05
2.46343e-05
0.000291909
9.00737e-05
0.000171075
0.000225983
0.000367877
4.55269e-05
8.33578e-05
0.000282646
0.000558863
0.000139734
0.000137333
6.23245e-05
0.000155099
0.000508534
6.62435e-05
0.000270736
5.40482e-05
0.000294043
0.000106576
0.000109543
0.000156449
0.000266936
0.000345449
0.000189795
0.000264153
0.000787276
0.00070614
0.000899521
0.000420396
0.000179971
0.000303112
8.67282e-05
0.000967637
7.78048e-05
0.000629164
0.000713065
0.000263107
0.00050995
0.000492732
0.000529492
0.000500404
0.000276907
0.000438157
0.000277743
0.000635957
0.000680913
0.000402402
6.26032e-05
0.000238737
0.000259396
1.58098e-05
2.31611e-05
0.000382149
0.000274934
9.98018e-05
2.17914e-05
1.84713e-05
5.29209e-06
0.00014243
0.000648027
7.0976e-05
0.000107495
4.18971e-07
0.000215769
0.000107714
1.46286e-05
0.000681325
0.000705921
0.000216917
7.88874e-05
0.000406561
0.000135683
0.000880008
0.000234276
0.000443778
9.10068e-05
0.000383872
0.000617704
0.000336548
0.000359906
2.61077e-05
0.000532767
0.000405169
0.000437398
0.000526357
0.000399993
0.000160417
3.72068e-05
7.735e-05
6.48465e-05
0.000253872
0.000253874
0.000727823
0.00030233
2.76249e-05
0.000290476
0.000347476
0.00047837
0.000462729
0.000262069
0.000311343
0.000177687
0.000482308
0.000300256
0.000133476
8.75028e-05
0.000354809
0.000318304
9.17672e-05
0.000341199
0.000290122
0.000400692
0.000507809
0.000355138
0.000708698
5.35718e-05
0.000361076
0.000366919
0.00069554
0.000205839
0.000483562
0.000612401
0.000515382
0.000186553
8.72841e-05
0.000100961
0.000171028
8.70366e-05
8.27155e-05
6.39695e-05
0.000698434
0.000636197
0.000317602
0.000302077
0.000357187
0.000432916
0.000365736
0.000394286
0.000454066
9.69564e-05
0.000132922
0.000278933
0.000284981
0.000181234
0.000133811
2.4373e-05
0.000265695
2.05222e-05
0.000223328
1.56132e-05
0.000201303
0.000318932
0.000343526
3.09639e-05
0.000153418
0.000226831
0.000255325
0.000308239
0.000165229
0.000363879
0.000427571
0.000698815
0.000349865
0.00065293
0.000901313
0.000607556
0.000102183
0.000374201
0.000396291
0.000374977
0.000217414
0.000280505
0.000744213
7.13579e-05
0.000201174
0.000299264
0.000322953
0.000539243
6.89506e-05
0.000214742
0.000100387
0.000184559
0.000676556
0.000730433
0.000198248
0.000183125
0.000365911
0.000254004
0.00041609
5.85511e-05
0.000332429
1.62347e-06
0.000141117
0.000514225
7.52279e-05
0.000264851
4.57391e-05
0.000425865
0.000232303
4.16889e-05
6.08327e-05
0.000331454
0.000194307
0.000736355
0.000167711
0.00118341
0.000302148
3.41578e-05
0.000198408
0.000484226
0.000150159
0.000721057
0.000583729
6.86529e-05
3.1402e-05
0.000115434
0.000391395
0.000100996
0.000331816
0.00070492
0.000805384
0.000650174
0.000297792
0.000856948
0.000405455
0.000168799
4.27317e-05
3.13556e-05
0.00054694
0.000403281
0.000963755
0.000205739
0.000754535
0.000178607
5.34963e-05
7.01029e-05
9.1526e-05
0.000277854
0.000128693
0.000175589
0.00018642
0.000153558
0.000325314
0.000477776
0.000214124
0.000449834
0.000539289
0.000395576
0.000476959
0.000480204
3.59508e-05
6.33078e-06
8.8206e-05
0.000210098
1.44364e-05
0.000286986
5.17445e-06
7.48058e-05
5.70894e-05
0.000630171
0.000337763
0.00044999
0.000604874
0.000578625
0.000432042
9.80002e-05
0.000120241
0.000297332
0.000625061
0.000231859
5.32108e-05
2.83762e-05
0.000111908
0.000427288
5.21778e-05
0.000309386
0.000128067
0.000111009
0.000384802
0.00114969
0.000557167
0.000388176
0.000662492
0.000524496
0.00105112
0.000238538
7.21438e-05
0.0010852
0.000219286
0.000510949
0.000268463
0.000777886
0.000308928
0.000518671
0.000541715
7.29787e-05
3.39367e-05
3.63075e-05
0.000103881
2.032e-05
0.000128365
0.000149856
0.000160059
0.000357711
0.000123588
0.000397018
0.000127637
0.000209525
8.83578e-05
2.92076e-05
0.000278419
0.000384751
0.000302861
2.61135e-05
8.74186e-06
0.000107419
0.000752755
0.000392968
3.28252e-05
1.86568e-05
5.0799e-05
0.000222889
0.000188067
0.00023669
0.000339539
0.000188979
0.000142501
8.36357e-05
0.000520873
0.0010143
0.000457861
0.000595729
0.000150218
0.000464126
9.97236e-05
3.99805e-05
0.0001711
7.13015e-05
0.000329386
0.000165049
0.000142579
0.000264472
0.000220783
0.000212031
0.000332366
0.00053558
0.000377529
8.62788e-05
0.000548188
0.000368959
1.55388e-05
0.000435883
0.000279078
0.000332751
0.000295814
0.000385888
0.000305443
0.000453454
0.000349494
0.000315404
0.000480279
0.00063378
0.000425778
0.000863723
0.000571323
0.000187455
1.30983e-05
6.89049e-05
8.14184e-05
3.57434e-05
3.43981e-05
2.77373e-05
7.46901e-05
3.66137e-05
0.000112112
0.000373527
0.00048685
0.000129398
0.000645375
0.000896298
0.00115592
0.000810302
0.000205297
6.47561e-05
0.000559591
7.65517e-05
8.00513e-05
0.000474136
0.000236818
9.61735e-05
9.41429e-07
0.000116178
0.000223168
0.000468394
0.000244354
0.00070886
4.00751e-05
0.000114646
0.000150685
0.000276085
0.000436706
1.57874e-05
0.000219498
0.00015212
7.5414e-05
0.000391994
0.000213238
0.000414068
0.000614441
0.000308009
8.10826e-05
0.000318761
0.00011831
7.36003e-05
0.000340772
0.000164496
0.000154419
9.71816e-05
7.56247e-05
2.03099e-05
3.90977e-06
2.24797e-05
0.000265328
0.000425016
0.00024274
0.000771658
0.000674016
0.000662146
0.000391427
0.000651895
2.88844e-05
0.0003366
6.27684e-05
8.26289e-05
0.000693736
0.000322055
0.00034812
0.00010255
0.000117236
0.000377128
0.000322553
8.34632e-05
0.000299187
4.2789e-05
0.00042758
2.80008e-05
0.000335088
5.39137e-05
0.000225883
0.000247217
0.000362096
0.000165828
0.000504849
0.000318047
0.00022265
0.000116502
0.000379455
0.000111897
0.000719474
5.16623e-05
0.000102297
6.13248e-05
0.000161616
0.000389595
0.00023374
0.000121457
8.94904e-05
6.50641e-05
0.000299192
0.000412258
5.2497e-05
0.000133392
8.68347e-05
2.86465e-05
0.00015292
0.000167146
0.000867205
0.000661912
1.79842e-05
1.82764e-05
0.000282034
0.000563691
0.000937626
0.000476252
0.000519833
9.95059e-05
0.000666294
0.000448372
7.68218e-05
0.000800528
0.000377168
0.000110191
0.000143834
2.473e-06
4.65438e-06
8.34576e-05
0.000158044
0.000222985
0.000871508
0.000425794
0.000174122
0.000216125
0.000113471
0.000472584
0.000468842
0.000427431
0.000119602
0.000883241
0.000653206
0.000629643
0.000558207
0.000500691
0.00021437
3.40374e-06
9.84218e-05
0.000122386
0.000606542
0.000440526
0.000689927
0.000372268
0.000283743
1.14805e-05
8.16207e-05
0.000834899
0.00037585
0.00030342
5.57165e-05
0.000125956
0.000665299
0.000272591
1.51658e-05
2.36918e-05
0.000231518
0.000474615
0.000134212
0.000265766
0.000819507
0.000445121
0.00025016
0.000447414
6.36842e-05
0.000179957
0.000160513
0.000588108
0.000285639
0.000392091
0.000343697
0.00042297
0.000457823
0.00029538
0.000683602
0.000273623
0.000231258
3.91811e-06
4.98858e-05
3.28448e-05
0.00046179
0.000184052
0.000273012
0.000133374
0.000537494
0.000155841
0.000123474
0.000212765
0.000184299
0.000173152
5.59978e-05
0.000305149
0.000693408
0.000341792
0.000132046
0.000203844
0.000664337
7.43531e-06
3.29175e-05
0.000472968
0.000736289
0.000719533
0.000125831
0.00012184
0.000157689
0.000463854
0.000354431
0.000438229
0.000319196
0.000238488
1.12884e-05
0.00020342
0.000481545
0.000403573
0.000826308
0.000445
0.0002909
0.000171994
0.000714222
0.000204272
0.000387137
0.000878882
0.000401496
0.000312575
0.000290626
0.000439819
0.000430492
0.000305678
5.6831e-05
0.000468394
7.17185e-05
0.00106443
2.59775e-06
7.88284e-05
6.27628e-05
0.000183235
0.000243624
0.000874536
0.00041535
0.000461031
0.00031944
1.04541e-06
4.3367e-05
0.000273431
0.000102833
0.000163111
0.000627496
0.000333549
0.000361148
0.00013423
0.000358805
1.61473e-05
3.97371e-05
0.000217593
0.000111436
0.000137881
0.000345683
0.000224764
0.000232021
0.000308083
9.6939e-05
7.53026e-05
0.000251017
0.000396333
0.000182584
5.89896e-05
4.11518e-06
2.41594e-06
0.000760534
7.2873e-05
5.25077e-05
0.000192673
0.000660628
0.000354495
0.000514389
0.000332815
5.88856e-05
7.36587e-05
2.65848e-05
3.56226e-05
0.000136134
0.000208664
5.40068e-06
6.23815e-05
0.000176206
1.36992e-05
7.93395e-05
0.000203662
0.000205893
0.000283602
2.23069e-05
6.02843e-05
3.31747e-05
0.000131894
4.12219e-05
6.26527e-05
0.000288157
0.00048706
0.00022538
0.000309075
0.000476658
9.17798e-05
0.000282411
7.82343e-05
0.000191692
0.000416626
0.000365021
0.00030031
0.000195284
9.09093e-05
0.000119676
0.000418246
0.000385529
4.04235e-06
0.00038994
0.000391132
0.000435812
0.000479726
0.000165338
0.000265972
0.000454054
0.000209488
9.01667e-05
1.73212e-05
0.000256979
0.000255039
0.000747262
0.000482227
0.000209888
8.33833e-05
0.000188513
0.000209876
5.69741e-05
6.13111e-05
0.000243059
8.75577e-05
0.000134907
0.000207778
0.000169255
0.000383114
9.16585e-05
0.000368923
5.67822e-05
5.46738e-05
1.69944e-05
0.000515619
0.000173815
3.35488e-05
0.000390053
0.000145752
0.000236477
0.000118924
3.60845e-05
0.000302098
0.000193587
0.000324635
0.000313605
0.000489548
0.000452331
0.000286112
2.65768e-05
6.30972e-05
0.000424364
0.00035254
0.000192278
5.77412e-05
0.00052619
0.000677723
0.000317033
0.000421719
0.000176904
0.000247857
0.000121147
0.00016314
1.36283e-05
5.56463e-05
0.000682053
0.000132662
4.18578e-06
6.1612e-05
0.00074762
0.00011776
0.000106378
9.87499e-06
0.000503838
0.000196113
0.000171527
0.000390984
4.88763e-05
2.85056e-05
0.000562659
0.000595526
0.000449537
0.000554807
0.000119656
0.000381981
0.00032655
0.00031457
0.000403071
0.000177695
2.15051e-05
0.000175052
0.000635697
0.0012057
0.000312374
9.83886e-05
0.00018772
0.000177405
0.000303143
0.000228741
0.000170111
0.000131205
0.000275293
0.000299099
8.09934e-05
0.000385756
0.000697057
0.000352853
0.00038409
0.000109695
0.000296746
0.000669918
0.000607483
0.000645565
5.56131e-05
6.88509e-05
0.000117305
0.000405324
0.000511965
0.000168831
0.000243842
7.00801e-05
0.000156628
0.000100953
0.000215609
8.42094e-05
0.000377836
0.000138797
0.000494678
0.000251534
0.000236447
0.000721102
9.64745e-05
0.000196002
0.000823282
0.000613252
0.000227865
0.000110191
0.000197872
1.2199e-05
9.99122e-05
0.000102299
0.000176975
0.000162001
0.000312061
0.00021084
0.000488206
0.000149043
4.29502e-05
5.95881e-05
6.96442e-05
0.000184747
8.17965e-05
0.000490346
0.000476075
0.000248584
0.000296309
2.28601e-05
0.000197641
0.000491838
0.000484726
7.21781e-05
0.000307286
8.35239e-05
0.000207112
0.000140848
0.000249673
0.000244587
0.000539193
0.000318839
0.000237049
0.000476468
0.000342229
0.000279485
3.47973e-06
3.15905e-05
0.000128272
0.000362227
0.000475887
0.000623794
0.000358094
8.17632e-05
7.05064e-05
0.000144722
6.78111e-05
0.000151473
0.00027434
0.000648724
0.000517566
7.64909e-05
0.000421323
0.000234762
0.000369608
0.000404829
6.84975e-05
4.90537e-05
0.000481846
0.00105083
0.00073612
0.000890224
0.000462945
0.000603689
0.000341913
0.000429308
0.000592604
0.000273427
0.000212902
0.000488405
2.65417e-06
0.00010717
0.000149316
0.000190605
0.000547072
0.000299425
0.000538469
0.000235005
9.11431e-05
0.000290855
8.27345e-05
0.00106436
0.00072089
0.000336513
6.77204e-05
0.000311758
9.60189e-05
0.000441905
0.000373514
0.000482201
0.000172334
0.000506655
0.000116206
0.000128093
0.000134698
0.000392044
0.00010782
0.000561074
5.37965e-05
0.000610637
0.000335307
6.65754e-05
0.000503636
1.48248e-05
0.000376845
0.000200805
9.89683e-05
0.000524013
0.000709452
0.000578811
0.000584448
0.000545191
5.01449e-06
0.000195603
0.00048498
0.000308722
0.000277905
0.00012142
0.000183347
0.000475065
0.00061788
4.79498e-05
1.43345e-06
0.000144111
0.000876349
0.000246053
0.000130431
0.000135845
0.00032993
1.83147e-05
7.04753e-06
0.000265511
0.000114131
0.000198582
0.000754218
0.000275977
4.54066e-05
0.000317915
1.76063e-05
0.000609555
0.00012653
0.00065105
2.59371e-05
0.000488008
8.67807e-05
0.000140408
2.67933e-05
8.63304e-05
0.000254388
0.000339354
0.000722418
0.00040501
1.58773e-05
1.38344e-06
2.73054e-05
1.71514e-06
0.00010516
0.000721791
0.000543894
0.000411104
0.000333128
0.000489909
2.27401e-05
0.000140271
9.00276e-05
2.14034e-05
0.000159633
0.000222141
0.000899796
0.000320328
0.000601267
0.000146542
0.000334738
0.000346722
8.88053e-05
5.07466e-05
0.000135573
3.91696e-05
0.000110982
0.000231813
1.63298e-05
7.20028e-05
0.000408183
0.000325218
7.06537e-05
0.000320454
0.000723325
0.000276762
3.86544e-05
2.3465e-05
2.70385e-05
8.5957e-05
8.94385e-05
2.18332e-05
1.66298e-05
0.000119532
1.25432e-05
8.48767e-05
0.000283097
0.000233048
0.000407355
0.000221582
0.000597531
0.000475529
9.76021e-05
7.34564e-05
0.0005735
0.000212125
0.00016834
1.51706e-05
8.81504e-05
7.30371e-05
0.000178864
8.199e-05
9.56282e-05
1.36716e-06
7.30568e-05
0.000317975
0.000749239
1.60612e-05
3.88344e-05
6.16417e-05
0.000276605
1.19886e-05
0.000536523
0.000339263
0.000505997
0.000218822
0.000463859
0.000420286
0.000136729
0.000354328
0.000209561
0.000331326
0.00038648
0.000270411
0.000601511
0.000365915
0.000389445
0.000262766
0.000468416
0.000891477
8.47493e-05
2.58569e-05
1.76199e-06
0.000290695
9.99548e-05
0.000112351
0.000240737
0.00105317
0.000232234
4.65951e-05
0.000288279
0.000267405
0.000320463
0.000274951
0.000479663
7.80324e-05
0.000223236
5.09777e-05
0.00028435
0.000685271
0.000127073
9.34681e-05
0.000210328
0.000272274
0.00034313
7.1893e-05
0.000705592
0.000443177
0.000384183
0.000705815
0.00101197
6.51766e-05
0.000107387
0.000582123
0.0010137
0.000617456
0.000638595
0.000195537
0.00030485
0.000741191
0.000869518
9.54575e-05
0.000413459
0.000504123
0.000519628
5.15763e-05
0.000166977
0.000270854
0.000212095
0.000115584
4.65982e-05
0.000221607
0.000463225
0.000239122
0.000730443
0.000389022
0.000281921
0.000282077
0.000254512
0.000222335
6.17085e-05
6.44048e-05
0.000423311
0.000125173
2.8727e-05
0.000223767
0.00068881
0.000229205
9.12834e-05
0.000401137
0.000973031
0.000144338
0.000127698
0.000508468
0.000600263
0.000159281
0.000687719
0.000556247
0.000310818
2.32748e-05
6.48218e-05
0.000174358
0.000559733
0.00095191
0.000113272
0.000214041
0.000491262
0.000251359
0.000357048
0.000100875
0.00041251
2.56093e-05
0.000409127
0.000434089
0.000212251
1.52264e-05
1.9131e-05
9.85284e-05
0.000208741
0.000134427
0.000212724
0.000479191
0.000170954
0.000310943
0.000323152
0.000113332
0.000365976
0.000613144
0.000435237
0.000217881
0.00102008
5.95722e-06
0.000283547
0.000382136
0.000358338
0.000158247
0.000130764
0.000125817
8.54877e-05
0.000490389
0.000899897
0.000134464
0.000148408
0.000534576
0.00021647
6.05576e-05
0.000128165
3.43687e-05
0.000301388
0.00107094
0.000107778
0.000563088
0.000245833
0.000284023
0.000575163
8.83198e-05
0.000530783
0.000637686
0.000268517
0.000166375
0.000218396
0.000429636
0.000117222
0.000352271
0.000589251
0.000329504
0.000619848
0.000654383
0.000493226
0.000468203
0.0004539
0.000621037
0.000294695
0.00044355
0.000324369
0.000750477
0.000108823
0.000236507
7.00855e-05
0.00020196
0.000758925
0.00024152
0.000862034
0.000125696
4.09139e-05
0.000449866
0.00043655
0.000181896
0.000356816
6.45689e-05
8.58731e-06
6.6072e-05
0.000558712
0.000470492
0.000266037
0.000314143
1.04665e-05
6.0243e-05
0.000318181
0.000268882
6.42617e-05
7.80627e-05
0.000228423
0.000329377
0.000346332
0.000573452
9.07444e-05
0.000478309
0.0007691
0.000443312
0.000647961
0.000189195
0.000152922
0.000440281
0.000462729
0.000170604
0.000308146
0.000155874
9.17823e-05
2.64881e-05
0.000556454
0.000297705
0.0007452
0.000405234
3.77306e-05
0.000306383
8.55016e-05
0.000780906
9.78726e-05
0.000472263
0.000126317
0.000353387
0.000785326
7.27018e-05
4.40502e-05
7.37043e-05
0.000435287
0.000190275
0.000435885
0.000596998
5.60152e-05
8.75508e-05
0.000762174
0.000515606
0.000296123
2.20076e-05
0.000595031
1.3049e-05
0.000365212
9.67692e-05
8.35e-05
9.71281e-05
0.000245609
0.000514602
0.000346155
3.7318e-05
8.03624e-05
3.71716e-05
0.000498855
0.00027184
0.00019559
0.000154824
0.000271607
0.000304498
0.000552586
0.000128504
0.000157995
6.36822e-05
0.000597216
0.000167079
1.38587e-05
8.84865e-05
8.04108e-06
0.000326407
0.000305761
8.57189e-05
1.6832e-05
0.000181947
0.000202071
0.000341697
0.000629599
0.00033175
2.4707e-05
0.000307408
0.00060494
0.000223279
6.82024e-05
3.46217e-05
0.000122036
0.000536885
0.000477089
5.37306e-05
0.000114299
9.79831e-05
4.07903e-05
0.000170793
1.34044e-05
0.000130883
7.08814e-05
0.000141115
0.000717131
7.93484e-05
0.000121293
0.000131624
0.00019713
0.000336352
0.000678505
0.000309102
8.92632e-05
0.000105811
0.000494475
0.000449338
0.000410971
0.000161104
0.000190875
8.25992e-05
3.01361e-05
9.36783e-05
0.000557722
0.000319959
0.000101223
0.000590091
0.000499306
0.000131845
6.2663e-05
0.0004931
0.000285744
0.000799185
0.0006278
0.000199694
0.000285016
2.94277e-05
4.80751e-05
2.20512e-05
0.00011059
2.14078e-05
3.62865e-05
0.000609677
0.000240613
0.000394288
0.000402865
0.000351674
0.000467282
0.000476239
0.000198251
2.5463e-05
0.00028679
0.00021001
0.000607738
0.000364044
9.86407e-05
0.000213608
0.000185075
0.000123924
9.82438e-05
0.000287076
6.58252e-05
5.24674e-06
0.000126089
9.66865e-05
0.000526416
0.000347284
0.000178001
0.00065222
0.000552988
0.000485851
0.000167725
3.34894e-05
0.00024872
0.000356
0.000857707
0.000404449
0.000190598
0.000727031
0.000334346
0.0002869
5.08646e-05
0.000275141
0.000157558
7.60894e-05
0.000309775
0.000536565
7.38373e-05
0.000232607
0.000577355
0.000955837
0.000109872
0.000198311
0.000154844
1.14737e-05
1.26293e-05
9.43132e-05
0.000180532
3.34655e-05
8.24322e-07
8.6927e-05
0.000620069
0.000164846
0.000174829
7.64138e-05
1.96224e-05
0.000324391
3.11202e-05
0.000270956
3.54754e-05
9.72569e-05
0.00031023
0.000331773
0.000492222
0.000458617
0.000394473
0.000127633
0.000190981
0.000234376
0.00017305
0.000225538
0.000455558
0.000485538
0.000237298
0.000656973
0.000231604
8.65637e-05
0.000531068
0.000478324
0.000252867
0.000203137
0.000516917
0.000465442
0.000227747
0.00014564
0.000294172
0.00046266
0.000109629
0.000313095
0.000214049
0.00024549
1.37287e-05
2.47018e-07
0.000210075
0.000387831
0.000519837
0.000292325
7.46417e-05
0.000257013
0.000533602
0.00035912
0.000260783
0.00018264
1.60319e-05
0.000349659
7.35655e-05
0.000139198
3.11581e-05
0.000183912
0.000644805
0.000104797
0.000315104
0.000168607
0.000619124
0.000696662
0.000145951
9.54259e-06
0.000301929
0.000639093
0.000624012
0.000313525
0.000518245
0.000133785
0.000564767
0.000324677
0.000161071
0.000391459
9.8508e-05
1.23585e-05
3.2344e-05
0.000113811
0.000244258
0.000239197
0.000628642
0.000270544
0.000240569
0.000356228
0.000337838
0.00015495
1.49738e-05
1.86274e-06
0.00021181
0.000580431
5.4229e-05
7.03274e-05
0.000132475
6.80584e-05
0.000229891
9.6567e-05
2.62156e-05
0.000452573
0.000293369
0.000436655
0.000181733
0.000593331
0.000113051
0.000517538
0.000146552
0.000969678
0.000789545
0.000519203
0.00072746
0.000369997
0.000539541
0.000729839
0.000726808
0.000197559
0.000309899
0.000358014
0.000465372
0.000607664
0.000115679
0.000197434
0.000333234
0.000199506
0.000439088
0.000437817
0.000122612
0.000260012
0.00012749
0.000313497
0.000879907
0.000218843
0.000453408
0.000414052
0.000212411
0.000408346
0.000455353
0.000322219
7.30427e-05
0.000272691
0.000512321
0.000517966
0.000539804
3.86422e-06
0.00042915
0.000166378
0.000113614
0.000665464
0.000126855
0.000148911
7.38632e-05
0.000363244
0.000324064
0.00045704
0.000336154
8.9842e-05
0.000206738
4.40171e-06
0.000430099
0.000607219
0.000328654
0.000498711
0.000127283
2.01877e-05
0.000147619
0.000455374
0.000429188
0.000755289
5.64696e-05
0.000663454
0.000189898
0.000575021
0.000100431
0.000419049
0.000802262
0.000668125
0.000804431
0.000463675
0.000325898
0.00011231
0.000645868
0.000171154
7.75859e-05
3.3784e-05
0.000118645
0.000142148
0.00021444
0.000217547
0.000706629
0.000192134
6.70941e-05
1.10972e-06
0.000338363
0.000613987
2.89608e-05
0.000823899
0.000217994
1.86572e-05
0.00019992
0.000275438
0.000230882
0.000609429
0.000334973
0.000350514
0.000530557
0.000235849
0.000821022
0.000453354
0.000516763
0.000906849
0.0002193
0.000157145
0.000123908
0.00082368
0.000572455
8.479e-05
0.000212963
0.000175113
0.000397883
0.000577762
0.000441783
0.000550173
0.000541392
0.00054811
0.000732568
0.000320873
0.00011468
4.02889e-05
6.53009e-05
0.000290917
0.000399567
5.2372e-05
0.000271803
0.000182834
0.000218427
0.000141417
0.000398771
0.000214883
9.72918e-05
0.000402816
0.000431699
0.000761844
0.000418709
0.000289909
0.000538433
0.000282767
3.9776e-05
0.000287329
0.000741906
0.000371756
0.000369175
0.0010515
0.000469957
0.000127617
0.000234633
0.000907275
0.000754003
2.76783e-05
0.000151011
0.000255663
0.000308073
5.28064e-05
0.000180958
0.000724216
0.00045014
0.000482939
6.14016e-05
6.0908e-05
3.5489e-06
8.58909e-05
0.00106531
0.000423449
6.34467e-05
0.000239233
0.000380572
0.000109602
4.10013e-05
0.000471615
0.000150363
0.000175304
0.000602863
6.45877e-05
0.000357523
0.000462078
0.000145709
4.64779e-05
0.00022605
0.000305285
0.00020189
0.00047654
0.000338515
4.6027e-05
8.41767e-05
0.000687866
0.000157791
0.000435896
0.000700663
0.000241488
5.51515e-05
0.000356753
0.000195141
0.000379186
0.000677527
0.000858435
0.000348371
0.000428155
0.000446924
0.000387984
0.000159476
0.000365732
0.000148944
2.19813e-05
5.69696e-05
3.49047e-05
0.000255041
8.78099e-05
0.000288611
0.000138625
0.000108361
8.32609e-05
0.000469518
0.000452139
0.000185176
0.000470529
0.000526117
0.000433532
0.000183209
9.94588e-06
0.000490611
0.000232972
0.000527583
0.000159126
0.0004245
0.0013704
0.000145216
0.000346541
0.000498988
8.05457e-05
0.000312687
1.95068e-05
0.000316348
0.000395177
8.98461e-05
0.000156786
0.000416445
0.000369008
0.000329008
0.000277964
0.000467458
0.000191294
0.000374769
0.000228278
0.000614294
0.00044948
0.000757481
0.000870223
0.000790962
0.000317276
0.000339515
0.000318277
0.000475342
0.000179695
0.000450304
0.000262899
0.000251187
0.000380565
0.00034673
8.9678e-05
2.45157e-06
0.000757178
2.0292e-05
0.000562301
0.00037937
0.000540102
0.000291279
0.00044176
9.38677e-05
0.000916606
0.000425785
5.22986e-05
0.000306187
0.000432867
9.74662e-05
0.000347112
5.06654e-05
6.63084e-05
0.000406459
0.000199252
0.000605007
0.000222498
4.89196e-05
9.6494e-05
0.000271154
0.000228935
0.000294631
0.000460717
0.000270506
0.000176157
5.98932e-05
0.000361076
0.000320778
9.48242e-05
4.15705e-05
4.42478e-05
2.72318e-05
0.000458932
0.000452341
0.000499278
0.000194395
1.99631e-05
4.38284e-06
2.49401e-05
0.000159789
0.000342883
0.00051682
0.000596196
0.000192107
4.18804e-05
0.000653699
0.000499114
0.000577596
0.000317177
0.000566155
0.000211424
0.000259563
0.000155083
0.000154888
0.000161552
0.000226255
0.000142841
0.000313622
0.000260102
8.92751e-05
0.000154165
0.000310331
0.00023221
7.91176e-05
0.000116506
0.00043248
0.000539865
0.000102256
4.52794e-05
9.57155e-05
7.50843e-05
2.5586e-06
2.16555e-05
0.000258915
0.000105873
0.000201598
0.000484787
8.16555e-05
0.000115789
0.000262694
4.81586e-05
7.79248e-05
0.000270219
0.000271387
0.000199489
0.000506593
0.000179861
0.000173341
0.000238467
0.000361847
0.000151166
0.000289899
5.63347e-05
4.10487e-05
1.50704e-06
0.000578071
0.000450425
0.000834034
0.000495788
0.000454537
0.000223322
0.000338466
0.000227758
0.000317269
3.3636e-05
0.000275996
5.9231e-05
0.000690009
0.000664155
0.000201451
0.000205958
4.4026e-07
2.93551e-05
0.000557435
0.000268974
0.00017906
0.000131123
0.000287211
0.000389262
0.000449793
0.000419542
0.000481544
0.000481394
0.000180669
0.000154578
0.000298277
0.000392927
5.7028e-05
0.000101135
5.68117e-05
1.77986e-05
3.07449e-05
7.21079e-05
0.000382586
0.000162632
0.000572344
0.000435547
0.000453604
0.000325882
0.00035201
0.000765362
0.000412822
8.05528e-05
4.23419e-05
0.000284696
0.00028779
0.0006641
9.42764e-05
1.599e-05
0.000347213
6.98075e-05
0.000563761
0.000346132
6.36648e-05
6.87952e-05
2.78537e-05
9.23063e-05
0.000366132
0.000191453
5.06851e-05
4.96633e-05
0.000440379
0.00037196
0.00024844
0.000102329
0.000751352
0.000448879
0.000151426
0.000583382
0.000150856
0.000162489
0.000298043
0.000159471
0.000122739
0.000137187
0.000322637
0.000254764
0.000103796
7.02628e-05
0.000456064
3.06668e-05
4.44041e-05
1.4346e-05
9.00005e-05
0.000514326
0.000440559
0.00068663
8.59185e-05
2.23024e-05
6.63644e-06
2.39058e-05
0.00016523
0.000287205
2.24939e-05
4.95144e-05
0.00040693
0.000425144
0.000206373
0.000182559
0.000245935
0.000111348
4.97482e-06
0.000114572
7.44197e-05
3.93276e-05
0.000452882
5.81542e-05
0.00067523
0.00033272
0.000274987
0.000284596
0.000627206
0.000531199
0.00024904
0.000473058
3.79794e-05
0.000660117
0.000223874
0.000756064
8.00203e-05
0.000339627
0.000154152
1.49809e-05
3.48582e-05
0.000213094
0.000570565
0.000121118
0.000389001
0.000480378
0.000686453
0.000199602
0.000678359
0.000420938
0.00041787
4.42532e-05
0.000112273
0.000353179
0.000113698
8.20851e-05
0.000161334
0.000301126
0.000333773
6.87367e-05
5.62845e-05
0.000249044
0.000127576
0.00018977
0.000286545
9.95524e-05
0.000247698
4.62048e-05
0.000184181
0.00089115
0.000439685
0.000252356
0.000334354
0.000402216
0.00015806
0.000212341
0.000557448
0.000102353
1.25152e-05
5.8418e-08
0.000141042
0.000563191
0.000279802
0.000535384
0.000447491
0.000546906
7.48419e-05
0.000832864
0.000537122
0.000518903
0.000245271
3.86966e-05
0.000834792
0.000585681
0.000443617
0.000104654
0.00046009
0.000774003
0.000402204
0.000491615
2.57766e-05
0.000325481
0.000277848
0.000252727
0.000456642
0.000322489
0.000513013
0.000776203
5.5823e-05
0.000838958
3.2374e-05
0.000298003
0.000452996
0.000302264
0.000458157
0.00124142
0.000524212
0.000478204
0.00033014
0.000867536
0.000287853
0.000242519
6.4776e-05
0.000349083
0.000500512
0.000347572
0.000287591
7.50597e-05
0.000386152
0.000159397
0.000208816
0.000138476
0.000526107
3.54041e-05
0.000769362
0.00064498
5.11557e-05
1.50145e-05
5.17003e-05
1.43453e-06
0.000170016
0.000205566
0.000373639
0.000469298
0.000643134
0.000381351
0.000672705
0.000176766
7.16563e-08
1.95851e-05
3.02042e-05
2.96172e-05
0.000243723
0.000810719
0.000245092
0.000427494
0.000110146
3.4223e-05
5.40291e-06
1.63302e-05
0.000459872
0.000144223
0.000226204
3.90646e-05
0.000260709
0.000312111
8.61461e-05
3.73869e-05
0.000244048
0.000260627
0.000191492
0.000251546
0.000293442
0.00017428
0.000194511
0.000136521
0.000642371
0.000499073
0.0004483
0.000627723
0.000478676
0.0002392
0.000180569
0.000391325
1.73959e-05
0.000492807
0.00035968
0.000130479
0.000302346
0.000781296
0.000175187
5.85326e-05
0.000343855
0.000362194
6.21894e-05
0.000219378
0.000333299
6.52834e-05
0.000247648
0.000489587
0.000658584
0.000634083
2.7659e-05
9.76113e-05
4.89859e-05
0.0001039
0.000303746
0.000380415
0.000289764
2.0788e-06
0.000575056
0.000145272
1.08145e-05
0.000370782
0.000117408
0.000172333
0.000669521
0.000375393
0.000262145
0.00101828
0.00031147
0.000265403
1.92135e-05
0.000119212
0.000736002
0.000595234
0.000201307
0.000165541
0.000496522
0.000856355
0.000178855
9.99492e-05
0.000199307
0.000310392
8.00507e-05
0.000196854
0.000307627
0.000172789
0.000284941
0.000203796
6.46304e-05
0.000147827
0.000145841
0.000145934
4.70468e-05
3.99328e-05
0.000203661
1.06473e-05
0.000514235
0.000251199
6.96706e-05
0.000319716
0.000398617
0.000201294
0.000184487
6.28835e-05
0.000214817
0.00103414
0.000844707
0.000251849
0.000311134
0.000376112
0.000399537
0.000521803
0.000267277
4.80848e-05
6.72287e-05
3.2133e-06
5.11053e-06
0.000118659
0.000302114
0.000122231
0.000328287
0.000273064
5.49125e-05
0.000315498
0.000308071
0.000329114
0.000352306
0.00033617
1.16876e-05
0.000554016
0.000384792
0.000671001
7.91887e-05
8.46904e-05
0.00062027
0.000562792
0.000199118
0.000236648
0.000307126
2.69747e-05
0.000206245
8.90209e-05
0.00057973
0.000296948
9.64558e-05
6.59861e-05
0.000311472
5.98297e-05
0.000352487
0.000160355
0.000138429
0.000138214
0.000491158
3.5641e-05
9.15909e-06
3.20018e-05
0.000591707
0.000150962
0.00018823
0.000297048
0.000423892
0.000173468
0.000228576
0.000263136
0.000223743
0.000132199
0.000326478
0.000140621
0.000330968
9.22187e-05
0.000225026
0.000468253
5.07275e-05
0.000245672
0.000341833
0.000215458
0.000250567
0.000121176
0.000146826
0.000281088
0.000521776
0.000111622
9.55114e-05
0.000328123
0.000387411
0.000956052
0.000151658
0.0001398
0.000310172
1.29277e-05
2.51416e-05
0.00012308
0.000560047
0.000166513
0.000402313
2.10049e-05
0.000124311
2.56865e-05
4.39996e-05
0.000239559
0.000185201
6.06998e-05
4.33151e-06
0.000401296
0.00037933
0.000869543
0.000362679
0.00029848
0.000695305
0.000369693
1.98615e-05
0.000785443
0.000160949
0.00028365
0.000100056
0.000269736
0.000493186
4.22243e-06
0.000114128
8.80338e-06
4.63337e-05
5.32585e-05
0.000418338
8.66163e-06
0.000498202
0.000258585
7.01523e-05
3.39874e-05
2.92203e-05
0.00015097
0.00033735
0.000397296
0.00066106
0.000197505
3.43009e-05
0.000147417
0.000104354
4.01893e-05
6.45808e-06
0.000422245
0.000183501
0.000195329
0.00013594
5.8719e-05
0.000246903
0.000126852
0.000783595
0.000537821
0.000427879
0.000100475
8.09845e-05
7.44125e-05
0.000276705
0.000105189
1.57259e-06
0.00030944
0.000839324
0.000110053
6.68347e-05
1.82391e-05
0.000157356
7.85177e-05
2.20781e-05
5.96777e-05
1.67488e-05
0.000103596
0.000378471
0.00018584
5.99755e-05
0.000168298
4.57067e-05
0.00045418
0.000157119
0.000265782
0.000579284
0.000734421
0.000488174
8.31975e-05
0.00076814
0.000191456
0.000380702
0.000181929
0.000160246
0.000318426
0.000150647
0.000387763
0.000568534
0.000113617
9.2609e-05
0.000622866
6.68386e-06
0.000366517
0.00013883
3.36825e-05
0.000124265
1.72698e-05
0.00020898
8.95675e-05
0.000117444
0.000645825
0.000330918
0.000401166
0.000108808
0.000282996
0.000336968
0.000175007
0.000121831
0.000223112
0.000346864
0.000484289
0.000490161
4.62494e-05
0.000161038
0.000200278
9.0132e-05
0.000239105
8.77111e-05
0.000334629
8.15949e-05
0.000227544
0.000181326
2.15151e-05
9.40344e-05
3.57689e-05
1.36351e-05
0.00019626
0.000671091
0.000349429
0.000347824
0.000112131
1.09216e-05
0.000369249
0.000135754
0.000894517
0.000318187
5.22549e-06
6.19909e-05
0.000378297
0.000156852
3.50702e-05
0.000199825
0.000692848
4.13901e-05
0.000586652
0.000232198
8.77353e-06
2.73211e-05
4.812e-06
0.00027923
6.80351e-05
2.2507e-05
4.74814e-05
0.000660454
0.000228627
0.000167847
0.000711799
0.000386352
0.000566937
0.000377787
0.000275712
0.000705462
0.000207743
0.000335852
0.000249238
5.31264e-05
0.00101599
0.000615785
0.000411011
0.000613132
0.00045387
5.67677e-05
5.6191e-05
0.000141103
0.000677315
0.000432203
3.64184e-05
2.70162e-05
4.98369e-05
3.9211e-05
0.000239808
7.0759e-05
0.000200614
5.054e-05
0.000188215
0.000132028
0.000102998
0.000217338
0.000362357
0.000288148
0.00051102
0.000217149
0.00062058
0.000611089
0.000618736
2.93102e-05
2.21963e-05
1.42526e-05
0.000110711
6.41936e-05
4.84799e-05
1.95092e-05
3.33135e-05
0.000281558
0.000581541
8.8303e-05
0.000559905
0.000221595
5.90354e-05
0.000114326
0.000195448
0.000639217
0.00029788
0.00021305
0.000439813
0.000159949
5.83734e-05
0.000452811
0.000339343
3.53395e-06
0.000112634
2.0755e-05
2.87375e-05
0.000480172
0.000104782
0.000126253
0.000286885
0.000764193
0.000192598
0.000178285
0.000450413
3.40193e-05
0.000372728
8.51086e-05
1.83558e-05
8.33166e-05
0.000143166
0.000399606
0.000353467
8.04266e-05
0.000440183
2.08698e-05
0.00059008
0.000332471
1.66215e-05
0.000264904
0.000205624
2.40569e-05
6.47468e-05
0.000187209
0.000246632
0.000213473
0.000339613
0.000304791
0.00051713
0.000537946
0.000232536
0.000300201
7.33235e-05
0.000216418
3.03783e-05
7.41197e-05
0.00035233
5.15061e-05
6.75362e-05
0.000108084
0.000336799
0.000312717
4.53725e-05
6.33594e-05
1.2113e-05
6.96754e-05
3.95682e-05
0.000151156
0.000164733
9.74612e-05
2.74555e-05
0.000329221
9.5159e-05
8.36457e-06
0.000132575
4.69758e-05
0.000262389
0.000133403
0.00070404
0.000654468
0.000237787
8.69e-05
0.000141584
0.000665888
0.00064972
0.000451972
0.0010013
7.81777e-05
1.46789e-05
2.42177e-05
2.65363e-05
0.00061735
0.000207849
0.000239591
0.000400829
0.000368869
0.000206391
3.31825e-05
9.08733e-05
0.000303654
0.000563479
0.000673899
0.00018386
7.2771e-05
6.51051e-05
0.000421598
6.7506e-05
0.000499272
0.000462891
0.000200966
7.61569e-05
0.000723434
0.000118696
2.2096e-05
0.000169595
0.000347646
2.12284e-05
0.000102187
0.000230568
0.000285572
0.00051393
0.000225161
0.000412633
0.000229852
0.000225859
0.000795754
0.000687445
0.000227589
4.76532e-05
0.000336496
0.000343394
0.000266593
0.000382266
0.000368463
0.000212436
0.000172474
0.000121724
5.92253e-05
4.12688e-05
0.000577196
0.000544613
0.000387568
0.000399306
0.000215585
0.000148976
4.0721e-05
6.26216e-05
0.000448597
0.000621129
0.000106789
1.36897e-05
0.000459354
0.00067397
0.000367411
0.000127675
3.40283e-05
6.64199e-06
0.000352528
0.000540864
0.000500029
0.000681936
1.80873e-05
0.000252784
6.78841e-05
0.000238297
0.000244788
5.7371e-05
0.000206047
0.000543798
0.000467862
0.000703329
0.00076325
0.000363981
0.000360682
0.000140546
0.000288542
0.000460037
9.20226e-05
0.000209583
0.000335752
0.000385284
5.36831e-05
8.74985e-05
6.48825e-05
0.00019736
0.000165471
0.000627112
0.000251185
0.000333361
0.000287072
0.000128081
0.000116946
0.00020579
0.000397161
9.48017e-05
7.67702e-05
0.000618791
0.000296779
0.00035801
0.000390102
0.000353163
0.000121737
7.60985e-06
6.26366e-05
0.000116496
0.000553005
0.000265317
7.19221e-05
0.000462899
0.000410472
0.00030586
0.000108272
1.56584e-05
1.78908e-05
6.94051e-05
0.000151393
3.22052e-05
0.000211962
0.000153881
0.000122303
0.000232238
0.000282872
0.000110816
0.00115778
0.000274986
0.000810054
2.84113e-06
0.000242316
0.000698905
0.000261113
0.000863276
0.000613691
0.000532191
0.000278649
0.000701314
0.00076879
0.000563324
4.10508e-05
2.55422e-05
6.08787e-08
4.93608e-06
8.62431e-05
0.000441193
0.000248589
0.000153912
0.000230796
0.000488071
0.0001582
0.000264394
0.00051206
0.000269384
0.000367862
0.000263094
0.000205791
0.00018908
0.000525749
0.000116464
0.000187701
0.000781151
0.000379096
0.000679253
0.000354598
0.000192471
0.00045043
0.000339445
0.00013328
0.000425267
0.000415043
0.000262734
0.000710494
4.35368e-05
0.000321758
0.000222361
0.000138251
0.000202869
4.69198e-05
2.64998e-05
0.000881183
0.000477061
0.000520464
2.75967e-05
0.000273608
0.000135634
0.000106788
0.000546348
7.62131e-05
9.84512e-05
0.000982319
9.88183e-05
2.26369e-05
0.000291013
0.000715538
0.000441762
0.000471991
0.000724331
0.000520039
0.000332523
0.000198328
0.000134797
0.000766169
0.000565489
0.000149835
8.22978e-05
0.000283919
0.000119355
2.04867e-05
0.000352072
0.000297232
0.000109525
0.000137413
0.000446368
0.000520388
0.00047777
0.000372218
0.00026665
6.22038e-05
0.000250856
0.00044417
0.000440597
0.000435942
0.000337135
0.000168321
0.000181493
0.000309701
0.000120573
0.000507113
8.98784e-05
8.23064e-05
0.000166269
6.65819e-05
7.66248e-05
0.000526825
0.000132136
0.000485271
0.000145592
0.000757895
0.000316724
0.000423213
0.000231682
8.30517e-05
0.00076821
0.000660461
2.10967e-05
3.35041e-05
1.14808e-05
2.84372e-05
0.000224182
5.40214e-05
0.000500051
0.000418196
0.000306169
0.000330025
6.49411e-05
0.000252863
0.000357401
0.000615417
0.000241619
4.91875e-05
0.000196064
0.000353536
0.000269093
0.000460737
9.65675e-05
4.61583e-05
0.000674372
8.62911e-05
0.000532241
0.00023487
6.45265e-05
0.000172037
0.0008003
0.000426592
0.000224369
0.000269655
0.000638182
0.00057262
0.00052043
0.000273892
0.00019863
9.73395e-05
0.000163858
1.62056e-05
3.93724e-05
4.1945e-05
3.84929e-05
9.86727e-05
0.000199337
0.000162008
0.000180312
0.000148336
2.76132e-05
0.000249579
0.00046868
0.000254616
0.000534848
0.000215971
0.000289959
0.000348505
0.000507014
0.000148291
7.68404e-05
2.55514e-05
0.000196286
0.000357803
0.000412753
0.00032408
1.98001e-05
6.85132e-05
0.000230664
0.000454867
0.000475999
0.000239326
0.000249154
0.000238429
0.00056064
0.000170008
0.000667333
0.00059662
0.000488526
0.000568544
0.000717398
0.000359867
0.000644344
0.00102121
0.000599965
0.000509001
0.000326755
0.000899746
0.000102969
0.000448761
5.31707e-05
0.000400396
0.000889508
3.92597e-05
0.000121354
0.000510679
0.000141174
0.000138128
0.000324892
0.000151034
0.000146625
0.000116077
0.000180258
0.000340237
0.000181654
0.000600252
2.39086e-05
4.15573e-05
9.34739e-05
3.44504e-05
0.000271755
0.000736637
0.000255861
0.000179484
0.000169595
0.000120038
0.00047072
0.00050768
0.000355704
0.000111982
0.000118561
0.000121809
0.000141677
0.000487948
0.000395892
0.000467582
0.000730927
0.00018895
0.00038641
0.000321788
0.000282605
0.000231203
0.000102339
0.000221282
0.000245255
0.000126206
0.000184909
0.000339813
0.000111851
5.15974e-05
0.000452289
5.81585e-05
0.000402758
0.000139762
0.000125788
0.000325575
2.31797e-05
0.000429872
0.000132419
0.000124697
6.09413e-05
0.000118899
0.000715802
0.000479848
1.84404e-05
0.000135094
0.000211665
0.000100926
9.14467e-05
2.81816e-07
1.8568e-07
9.22144e-06
1.60503e-06
3.67795e-05
0.000335767
0.000401361
0.000116478
0.000111826
0.00037707
0.000457625
5.12466e-06
3.15332e-05
1.14262e-05
0.000320768
0.000263998
0.000335676
5.08546e-05
0.000538772
0.000132566
0.000329951
5.04861e-05
0.000334226
0.000462682
0.000574334
0.000554316
0.000130102
2.48137e-05
3.49988e-05
2.09061e-05
9.98272e-05
0.000115182
0.000167977
0.000447126
0.000253406
2.13097e-05
0.000445718
0.000586059
6.88438e-05
0.000679635
0.000299036
0.000151626
0.000261135
8.00839e-05
0.0010319
0.00047337
0.000197242
0.000144752
8.6169e-05
0.000209719
0.000106681
9.85641e-05
0.000792215
0.000458041
0.000107091
0.000371612
0.000640902
0.000100491
0.000198835
0.000257792
0.00024405
0.000117907
0.000333395
0.000785819
0.000213138
0.000107784
0.000179588
0.00033054
0.00022828
2.88064e-05
0.00035841
0.000302223
0.000499823
0.000205388
0.000356739
0.000327219
0.000140769
0.000326318
0.000194578
0.000304276
7.97197e-05
0.000127993
0.00017644
0.00022884
0.000301174
0.000281761
0.000141134
0.000570309
0.000211825
0.0004276
0.000543407
0.000254495
3.22703e-05
0.000211247
0.000238819
0.000247605
0.000155882
1.76027e-05
0.000453224
3.2435e-05
0.0001602
0.000274765
0.000435237
0.000104764
0.000156383
0.000443485
0.000559415
0.000543553
6.14974e-05
0.000531356
1.68588e-05
2.37248e-05
0.000225855
0.000241706
4.06508e-05
8.20575e-05
0.000133236
0.000385179
0.000281381
4.23566e-05
0.000104254
0.000120249
0.000336424
0.00039922
0.00014817
0.000572925
0.000160778
3.09504e-05
0.000134361
0.000142418
8.0953e-05
0.000241897
0.000458609
0.000492513
0.000307434
0.000369879
0.000431335
0.000111236
4.96709e-05
0.0002369
0.000669441
0.000802721
2.04836e-05
0.000631875
9.72221e-05
0.000128239
0.000220889
0.000198327
0.00016408
0.000181446
3.0908e-05
0.000205934
6.73564e-05
0.000299248
5.94127e-05
8.19228e-05
9.22366e-05
0.000400235
9.26108e-05
0.000484666
0.000541706
0.000573318
0.000339624
0.000442933
0.000741821
6.06844e-05
0.000764969
0.00015869
0.00013119
0.000240285
0.000506194
0.00100932
0.000567985
0.000360663
0.000648729
1.82726e-05
0.000337117
4.78263e-05
2.19605e-05
0.000437874
0.000152316
8.3578e-05
9.99408e-05
0.000183474
0.000359965
2.64742e-05
0.000121493
7.58739e-05
0.000144643
0.000278774
0.000483554
0.000528491
0.000756114
0.000101401
5.67495e-05
0.000267913
0.00064112
0.000157254
0.000755193
0.000538847
2.7395e-05
2.66836e-05
0.000120663
0.000285883
0.00066471
0.00058093
0.000316566
0.000243108
0.000277815
0.00015694
0.000350027
0.000349252
0.000844137
0.000603453
9.62283e-05
9.33311e-05
0.000121358
0.000278799
0.000355088
0.00033464
0.000332865
3.13615e-05
0.000101541
0.000219211
0.00103155
0.000203558
0.000114666
0.000297839
0.000385525
4.3431e-05
0.000621207
0.000163648
0.000460893
0.000219372
0.000733519
0.000519874
0.000870085
0.000163838
0.00015672
0.000501699
0.000114061
0.000387668
0.000163429
0.000220448
0.00031171
2.23185e-05
9.98541e-05
0.000446145
0.00037973
0.000386838
0.000176909
0.000173799
0.000204479
0.000247551
0.000384255
0.000167052
0.000226094
0.000136848
0.000174093
0.000193741
0.000218137
3.8585e-05
4.55422e-05
0.000352429
0.000510748
9.03338e-05
5.29391e-07
0.000135867
2.99767e-05
2.22897e-05
0.000388264
0.000894491
0.000591372
0.000372485
0.000215749
0.000695167
0.000239891
0.000772409
0.000408255
2.67932e-05
5.74865e-05
0.000131596
0.000329995
3.0786e-05
3.51343e-09
4.13825e-05
0.000129051
0.000462593
0.000602773
0.000439609
0.000626698
0.000249267
0.000319633
5.0323e-05
4.04543e-05
0.00018583
0.000265015
0.000555785
0.000375049
0.000339946
0.000795485
3.08779e-06
0.000134044
0.000409462
0.000780373
4.25792e-05
0.000102636
0.000515669
4.28686e-05
0.000149602
9.66142e-05
1.02418e-05
3.90638e-05
1.1739e-05
1.82467e-05
3.81557e-05
8.11747e-05
0.000108618
0.000104077
0.000110668
4.10198e-05
6.16732e-05
0.000357593
0.000514731
0.000353684
0.000411728
2.78202e-05
0.000143465
0.000124359
6.36412e-05
3.62363e-05
0.000205815
1.98863e-06
7.13906e-05
0.000472026
5.199e-05
1.2646e-05
0.000498337
0.000635278
0.000455008
7.24019e-05
0.000847305
0.000554737
0.000765595
0.000603813
0.000266063
2.38441e-06
4.82694e-05
4.80022e-05
0.000147736
6.87672e-05
0.000167294
0.000228445
0.000198065
0.000413592
0.000507616
0.000123886
0.000190942
6.52475e-05
0.000670205
0.000617073
0.000248545
1.67258e-05
0.000115023
0.000248569
0.000162587
0.000273767
0.000306892
0.000384077
6.74286e-05
0.000574949
0.000328653
0.00049671
0.000393468
0.000563687
0.000679677
0.000529352
0.000486426
0.000113415
7.29039e-06
1.128e-05
7.30503e-05
0.000143863
2.91843e-06
9.57332e-05
0.000189243
0.000301801
0.000238026
5.11688e-05
9.76297e-07
9.5363e-06
8.56935e-05
7.52573e-05
0.00010803
0.000477116
6.29705e-05
0.0002718
0.000960905
0.000126558
0.000325999
0.00027727
0.000126902
0.000105264
2.13786e-05
0.000231681
7.61236e-05
0.000153474
1.44307e-05
0.000345298
0.000334895
0.000181486
0.000128833
0.000135256
0.00038477
0.000645874
0.000422465
2.00606e-06
0.000382622
0.000360357
0.000221227
7.73035e-05
0.000187105
0.000656662
9.79571e-05
0.000193341
0.000169124
5.44806e-05
0.000364291
0.000546769
0.000228554
2.43825e-05
1.63381e-05
3.57943e-05
0.000886687
8.2087e-05
2.43278e-05
9.41309e-05
5.04763e-05
0.000629619
0.000232993
3.01056e-05
0.000248123
0.000197871
0.000943423
0.000589977
0.000397836
0.000236987
9.8142e-06
0.000141185
0.000155982
0.000259131
0.000627704
2.56754e-05
0.000153471
1.92381e-05
0.000355416
0.000122782
0.000374067
0.000235735
1.36891e-05
0.000111998
0.000435048
0.000584759
0.000264371
1.99827e-05
2.72704e-05
0.00010784
0.000435504
0.00054694
0.000405994
0.000719146
4.80012e-05
2.07328e-05
0.000679816
0.000418035
0.000950107
0.000107965
0.000358199
0.000324203
5.49526e-05
0.00070453
8.95679e-05
7.0193e-05
0.000154803
0.000268474
9.64311e-05
9.66603e-05
0.000106317
0.00063499
0.000228996
0.000648403
0.000307602
0.000185814
0.000628078
0.000362439
0.000223533
0.000282563
0.00017994
0.000190486
3.68651e-05
4.46436e-05
1.30723e-05
2.50458e-05
6.93899e-05
7.13195e-05
0.000114243
0.000209029
0.000177135
0.000146792
9.55904e-05
7.05749e-05
0.000101844
1.43615e-05
0.000188725
3.25318e-05
0.000142718
0.000172703
0.000211518
7.95067e-05
8.44165e-05
0.0005295
0.00044512
0.000353357
0.000382813
0.000503862
0.000190714
0.00018584
0.000300025
0.000165446
0.000115228
5.39989e-06
0.00079237
0.000148291
0.000219366
0.000530236
0.000683543
0.000427
0.000345096
0.00046376
0.000252147
0.000437256
0.000115465
0.000122659
0.000213864
5.14475e-05
0.000382068
7.22377e-05
0.000309754
1.8302e-05
4.93471e-05
0.000169203
0.000189806
0.000576562
0.000329022
0.000602032
0.000280669
0.000888546
6.60883e-05
0.00013799
0.000254565
0.000171849
9.11109e-05
3.32889e-05
4.2435e-06
0.000362199
0.000113218
0.000118943
0.000421578
0.000451587
6.99038e-05
0.000828296
0.000216425
0.000461269
0.000778675
0.000313337
0.000270499
0.000567049
0.000417219
0.000480399
0.000348438
0.000361371
0.000173914
0.00026742
3.76518e-05
0.0005487
0.000165189
0.000266024
0.000223092
8.32765e-05
8.84993e-05
0.000518103
0.000377083
0.000340841
0.000215026
0.000520801
0.000214487
0.000561668
0.000102508
0.000644639
2.82347e-05
3.0486e-05
0.000477193
0.000551451
0.000178004
0.000313046
0.00070759
0.000531807
6.44262e-07
2.92847e-07
6.63307e-08
7.14177e-05
0.00035252
0.00052225
0.000262115
0.000130102
0.000483481
0.000372287
4.87188e-05
0.000161217
0.000413766
0.000899231
0.000480588
0.000148805
0.000454417
0.000449188
0.000662571
0.00108918
0.000327049
5.22381e-05
0.000153471
0.000303172
1.76299e-08
1.17317e-05
0.000548344
0.000208269
0.000147244
0.000133967
3.51679e-06
9.80031e-06
0.000330847
0.000492622
0.000137863
0.000265105
0.000143102
0.000477576
0.000190062
0.000534667
0.000399153
0.00040115
6.97114e-05
0.000197306
0.000473465
0.0005307
0.000135004
0.000157325
0.000398817
3.64866e-05
0.000418174
8.80343e-05
0.000847548
0.000103544
0.000799704
6.51975e-05
0.000173528
0.000311095
0.000250112
0.000371104
0.00087193
0.000245532
0.000464529
0.000312235
2.3622e-05
8.60305e-05
0.000297493
0.000322277
0.000178792
0.000217687
0.000240017
0.000180108
0.000459756
3.18541e-06
5.37196e-05
0.000666659
0.000206078
9.5168e-05
0.000869104
0.000199431
0.000484163
0.000616012
0.000146094
5.85018e-05
0.000204466
0.00026338
0.000154044
0.000358041
9.52352e-05
0.000807638
0.000357662
5.60081e-05
0.000404397
0.000139545
0.000612159
3.36359e-05
1.42215e-06
5.04113e-05
0.000431965
0.000241531
0.000147749
0.000189766
0.000266525
0.00046566
0.00076355
0.000149821
0.000154042
0.00036136
0.000883342
0.000365232
0.000455398
0.000862968
3.7525e-05
5.46299e-05
0.000326455
0.000233487
0.000134265
0.000379796
2.49771e-05
1.54725e-06
8.04442e-06
0.000347682
0.000266852
0.000157761
0.00040907
0.000577627
0.000139601
3.22565e-06
0.000493868
0.000451009
7.53888e-05
0.000228899
3.34099e-05
0.000351534
0.0007109
0.000302101
0.000456911
0.000519423
0.000130049
0.000715077
0.000391151
0.00015921
0.000613189
5.04959e-05
0.000139992
0.000224073
0.000157805
0.000409094
0.000441576
0.000147702
1.12587e-05
0.000132406
0.000570953
2.27463e-05
0.000210405
0.000671706
0.000120725
0.000108536
0.000406034
6.43125e-05
8.72144e-05
0.000295191
0.00045682
0.00063161
0.000382392
0.000129915
0.000236322
0.00033989
0.000289443
0.000520325
0.000341974
0.000133778
0.000228302
0.000328522
2.86345e-05
0.000368318
2.11529e-05
8.62485e-05
2.37966e-05
0.000124792
0.000168894
0.000229236
0.000267965
0.000184735
0.00019259
0.000310779
0.000454541
6.17533e-05
0.000386716
0.000377537
0.000184822
0.000555866
0.000581231
0.00021777
2.7377e-05
0.000623997
0.000379475
0.000257368
1.48515e-05
0.00024025
0.000354396
0.000298049
0.000433619
0.000741516
0.00039216
0.000390684
0.000431978
0.00087143
0.000249573
0.000358172
0.000147026
0.000513913
0.000585411
0.000580054
5.08681e-05
0.000199608
0.000283641
0.000621249
0.000246793
0.000678192
0.000191557
0.000120955
9.66907e-05
0.000255026
0.000294151
0.00058761
0.000463897
7.81175e-05
5.17653e-05
3.01336e-05
6.08161e-06
3.54384e-05
0.000410519
0.000336533
4.433e-06
0.000173442
0.000302382
0.000330386
0.000188912
3.85044e-05
0.000685979
0.00038675
0.000225307
0.000201071
3.48288e-05
8.61462e-05
0.00013988
9.77389e-05
0.000107781
0.000236946
0.000187378
0.00087792
0.000338972
0.000371699
0.000621762
0.000407587
0.000436491
2.46702e-05
0.000302914
0.000494326
0.000548485
0.000403754
0.000275111
0.000120688
0.000437956
0.000959306
0.000748858
0.000725446
0.000231343
0.000139222
0.000343394
6.61203e-05
0.000161789
0.000209319
0.000753363
0.000444939
0.000502383
0.000390724
0.000419202
0.000190827
0.000499116
6.09846e-05
4.83934e-05
0.000752241
0.000321708
4.68414e-05
0.0001703
0.00046832
7.17585e-05
0.00017919
0.00037175
0.000367465
0.000207462
0.000118061
1.52333e-05
1.74741e-05
0.000372208
0.000521174
0.000116376
0.000440578
0.000377419
0.000136305
0.000240687
0.000577241
0.000604115
0.000459892
0.000407358
6.25635e-05
6.0046e-05
3.04954e-05
0.000150375
7.75742e-05
2.83925e-05
0.000135215
0.00031265
0.000400006
1.04466e-06
0.000159819
0.000106824
3.70777e-06
4.38074e-05
0.000588707
0.000117229
7.64026e-05
0.000117012
0.000530149
0.000106381
0.00060523
0.000155608
0.000756278
0.000324292
0.000137478
9.06745e-05
0.000232945
0.000197683
0.000101372
4.50655e-06
0.000162641
4.87419e-05
0.000185109
4.62747e-05
3.99878e-05
0.000161391
0.000387427
0.000358525
0.000768079
0.000838958
0.000253951
0.000210954
4.67726e-06
1.22621e-05
0.000307264
0.000318458
0.00024564
0.000248716
0.000122954
0.000334228
4.41744e-05
0.000217938
0.000364738
0.000192543
9.60192e-05
0.000394729
0.000370083
0.000502279
0.000385451
2.5737e-05
1.44563e-06
0.000123138
9.65864e-05
0.000410722
9.54915e-05
0.000318804
2.86382e-05
0.000462295
0.000612685
0.000131048
0.00036655
0.000345232
0.000275066
0.00020132
9.29883e-05
0.000143892
0.000697729
0.000679954
0.000459826
0.000214394
0.000172172
0.000202646
9.66253e-05
0.000199371
0.000137115
0.000254956
0.000175299
5.3339e-05
0.000560153
0.000573637
0.000106491
0.000759306
3.48989e-05
0.000637881
0.000385805
0.000565371
0.00074206
0.000531679
1.83477e-05
0.000117824
0.000338915
0.000277474
0.000427169
0.000181667
0.000578383
6.848e-06
7.08575e-05
1.83177e-05
0.000119832
0.000141421
0.000424973
0.000359053
0.000221119
0.000459857
0.000340145
0.000153035
0.000102747
0.000315713
0.000252063
8.68992e-05
8.7385e-05
2.21774e-05
3.59902e-05
0.000326716
0.000204238
0.000269289
0.000111359
0.000196733
4.55258e-05
8.80732e-05
0.000101708
0.000336279
0.00020234
3.24115e-05
0.000613088
0.0001007
0.000682349
0.00046638
0.000172249
6.67993e-05
3.91408e-05
0.000211097
0.000147569
0.000538198
0.000377235
0.000322557
0.000351139
0.000133842
8.6973e-05
8.8131e-05
0.00100011
0.000857555
0.000554441
6.34608e-05
0.000472569
0.000154497
0.000215193
0.000186682
0.000374437
0.000424386
0.000291343
0.000218951
3.33501e-05
0.000456241
0.000141647
0.000304403
0.00029183
5.30666e-05
6.21119e-05
8.64966e-05
0.000107013
0.00031716
0.000151849
2.22609e-06
0.000216618
0.000442876
0.000377532
0.000101285
1.54269e-05
0.00036911
0.000288889
0.000104324
7.99315e-05
0.000549169
3.59824e-05
5.8048e-05
0.000829864
0.000140339
6.37743e-05
0.000298721
3.42627e-05
0.000330196
0.000188311
0.000223742
0.000115026
0.000730656
0.000781391
0.000606653
0.000421574
0.000317464
0.000128431
0.00064161
0.000176786
2.68259e-05
0.000208835
0.000320495
0.000251447
0.000439766
0.000549584
0.000180073
0.00017579
0.000114747
0.000663802
0.000461168
0.000243769
0.000201587
0.000271528
0.000226995
0.000275004
0.000201323
0.000180454
0.000506965
2.04482e-05
0.000574915
8.51682e-05
5.73205e-05
0.000584219
0.00031002
3.01665e-05
0.000189753
0.000575211
0.000213382
0.000392664
0.000113758
0.000636329
0.00010543
3.00788e-05
0.000400117
0.000108156
5.80393e-05
0.000708656
5.59461e-05
3.53588e-05
6.08537e-05
0.000119847
9.73901e-05
8.46859e-05
0.000232429
0.000245173
0.00010363
0.000213457
0.000166912
3.78783e-05
0.000289683
6.37469e-05
0.000387078
0.000389365
0.000315442
0.000458287
0.000460927
0.000164605
0.00031756
0.000987868
0.00098618
0.000869625
0.000350715
0.000211102
0.000122016
5.00111e-05
0.000158811
0.000939374
0.000378036
0.000193078
1.49692e-05
0.000926842
0.000381526
0.000145628
0.00059462
0.000483646
0.000417286
0.00021035
0.000420975
0.00040038
0.000220847
0.000275643
0.000681616
0.0010582
0.000489836
5.32301e-05
0.000114981
0.000134791
0.000462632
0.000481182
0.000640938
0.000322526
0.000726743
0.000366298
0.000218923
0.000595119
0.000286405
6.98513e-05
0.000475756
0.000234184
0.000558367
0.000257022
0.000213208
0.000594377
2.86676e-05
0.000564783
0.000196711
0.000352006
0.000149443
5.24344e-05
6.07453e-06
0.000347625
0.000168182
0.000631872
0.000324528
0.000163809
1.38553e-05
0.000286557
0.000241957
0.000504384
0.000178606
0.000300464
3.96712e-05
0.000244643
2.95855e-05
7.20155e-05
7.0476e-05
4.29113e-05
0.000253714
0.000135202
0.000132495
0.000311123
0.000445117
0.000513689
0.000371753
0.00030544
0.000204529
0.000110271
0.000459309
0.000179753
0.000452809
7.43807e-05
5.56972e-05
0.000151823
0.00106139
0.000246761
8.53807e-05
0.000315249
9.58869e-05
7.10403e-05
0.000379924
1.50974e-05
7.0901e-05
0.000421107
0.000645637
7.91335e-05
0.000554137
0.000356826
0.000129789
0.000160784
0.000122733
3.57512e-05
0.00010004
7.70189e-05
0.000101005
8.82272e-05
0.000303892
0.000380646
0.000379615
0.000687696
0.000833217
0.000549692
0.000269339
0.000341353
0.000213373
5.12398e-05
6.07279e-05
0.000344962
0.000355241
0.000191794
6.13891e-05
2.11139e-05
0.000228008
0.000288059
0.000147651
0.000527789
0.000589955
0.000194108
0.000605971
0.000349115
0.000150403
0.000317141
7.84736e-05
0.00061675
0.000557714
1.67369e-05
8.6393e-05
0.000164811
6.82534e-05
0.000204545
0.000398239
5.12289e-05
0.000236366
0.000149434
0.000522963
0.000571588
0.000125358
0.000176437
0.000648007
0.000374524
0.00107368
0.000952629
0.000444095
0.000197164
0.000756899
0.000108673
0.000396627
0.000687245
0.000200132
0.000248401
2.5492e-05
2.64255e-05
1.65204e-05
0.000469443
0.000146458
0.000340969
0.000161426
0.000626321
0.000684621
7.35216e-05
6.52044e-05
0.000373503
0.000312312
0.000287027
0.000451544
0.000594308
1.21637e-05
0.000237508
0.000142932
0.000779917
0.000194823
0.000603297
0.000683149
0.000488659
0.000103005
0.000221746
0.000249304
0.000327826
0.00025297
0.000146157
0.000125212
4.12527e-05
0.000126608
0.00122617
0.000769155
0.00067103
0.000341126
0.000396084
0.000210457
0.000474454
0.000487919
0.000174819
6.15955e-05
0.00043691
0.000379661
0.000605806
0.000273452
5.35085e-05
4.84204e-06
2.83824e-05
1.77888e-05
0.000154075
0.000302558
0.000271305
6.96482e-05
2.62925e-05
0.000178894
0.000544289
0.00086666
0.000393457
0.000605092
7.41693e-05
2.21556e-05
0.000174883
0.000291601
0.000243979
0.000425219
0.00035846
0.00044802
4.70343e-05
0.000597161
0.000407782
0.000326231
0.000196217
0.000628992
0.000593667
4.90014e-05
0.000157119
5.23437e-06
0.000307519
0.000626854
0.000435945
0.000429665
5.1586e-05
0.000617406
3.54456e-05
0.000143379
0.000515856
0.000474058
0.000255204
5.40303e-05
0.000799074
0.000337979
0.000297887
0.000476698
0.0008155
0.000241333
0.000822815
0.000380425
0.00018681
3.4982e-05
0.000167655
0.00087683
0.000781726
0.000442155
0.00106582
0.000512626
0.000566702
0.000200599
0.000283374
0.000320225
0.000269755
0.00030953
0.000238955
0.000480075
0.000670673
0.0001902
0.000183857
3.97898e-05
4.72563e-05
0.000188969
4.99042e-05
0.000167171
1.85941e-05
0.000148806
0.000177811
0.000243605
0.000191157
5.67917e-05
0.000127037
0.00036594
0.000249332
0.000200344
0.000510634
0.000123597
0.000230617
0.000178457
0.000192009
0.000164952
0.000513911
0.000350243
2.24592e-05
0.000311512
6.54013e-05
0.000316341
0.000317759
5.86333e-05
0.000363043
0.00054226
0.000232874
0.000214435
5.13438e-05
5.57863e-05
0.000216649
0.000363323
0.000363939
0.000157446
0.000351749
5.22932e-05
5.248e-05
0.000497537
0.000321646
0.000731133
0.000571029
7.50584e-05
4.05513e-05
9.22493e-05
9.41647e-05
3.37906e-05
0.000325864
0.000155266
0.00020494
0.000504581
0.000545231
0.000219503
0.00061892
0.00012175
0.000122276
0.000281481
0.000606712
7.73492e-05
2.13611e-05
3.35521e-05
8.00243e-05
7.4165e-05
0.000188199
0.00019907
0.000520485
0.000501864
0.000352449
0.000312709
0.000209316
0.000139022
0.00025256
0.000325951
0.000352688
0.000249833
5.98083e-05
0.000117972
0.000242425
0.000484313
0.000600556
0.000309191
2.99487e-05
3.12019e-05
0.000605481
0.000347996
8.29118e-07
0.000211933
0.000101693
0.000404382
0.000242585
0.00039268
0.000726069
0.000548141
0.000525633
0.000113321
0.000339951
0.000547679
0.000371002
0.00059436
0.000400358
0.000234004
0.000312505
0.000149739
9.88365e-05
0.000590065
0.000513371
0.000221944
0.000225594
0.000181106
0.000429667
0.000315828
0.000428477
5.17465e-05
0.000150819
0.000693737
0.000484249
0.000286656
0.000170478
0.000263046
0.000330189
0.000374459
0.000322976
0.000545078
1.00842e-05
0.000287217
0.000274038
0.000416081
0.000162665
0.000293304
1.26626e-05
0.000113353
0.00078557
0.000184736
1.10709e-06
0.000375759
9.88837e-05
3.08592e-05
0.000172002
0.000212152
0.000557532
2.93596e-05
3.22837e-05
0.000205712
0.000213949
0.000240237
0.000271392
3.68308e-05
0.000318867
0.000222786
0.000190483
3.21548e-05
0.00028745
0.000428239
0.000898033
4.24559e-05
0.000297911
3.69891e-05
2.00879e-06
7.69826e-05
0.000220658
8.20419e-05
0.000493742
0.000189012
0.000508026
5.72874e-05
0.000144953
0.000433371
0.000118613
0.000228468
2.39029e-05
0.00023484
0.00092027
0.000419481
0.000210467
6.97189e-06
0.000155225
0.000333169
0.000449477
0.000538179
0.000212545
0.00024648
4.32211e-05
9.73379e-05
4.45351e-05
0.00010947
0.000122917
0.000583213
0.000768407
0.00040264
0.000421469
0.000777648
5.69273e-05
0.000164957
0.000499229
4.564e-05
8.45748e-05
8.32487e-05
5.8173e-05
0.000249287
6.11557e-05
0.000251977
0.000300119
0.000253734
2.11787e-05
0.0002011
0.000285407
0.000149215
0.000437568
0.000497084
0.000399287
0.000248798
1.38492e-05
5.93488e-06
0.000375884
0.000400497
0.000508596
0.000272475
0.000271126
0.000133544
0.000149533
0.000139193
0.0004338
0.000620832
5.05809e-05
0.000739309
0.00039651
0.000332602
9.32844e-05
0.000203319
0.000468385
0.000106928
0.000344046
0.000305521
0.000154381
7.198e-05
0.000170013
0.000115898
0.000139185
0.000331579
0.000474174
0.00043717
0.000497452
0.000835875
0.00015586
0.000247993
0.000241939
0.000572688
6.40719e-06
6.98976e-05
0.000312701
1.63129e-05
0.000360282
0.000454631
0.000348911
0.000297757
0.000343756
0.000317785
8.19509e-05
9.01672e-05
0.000540661
0.000491544
0.000780878
0.000173564
5.22471e-05
0.000215392
0.000300513
0.000403177
5.53153e-05
0.000194677
8.25666e-05
0.000297815
0.000646455
0.000331338
0.000700837
0.000403553
0.000423255
0.000482628
0.000355905
0.000299518
0.000103234
0.000103968
8.93475e-06
8.66048e-05
0.000222874
7.58786e-05
7.16207e-05
4.39031e-05
9.37597e-05
0.000106888
0.000175943
0.000474492
0.00048614
9.83139e-05
0.000322393
0.000118028
0.000141991
0.000515313
0.00059056
0.000485879
5.1014e-05
0.000436134
6.98252e-05
4.47021e-05
0.000105713
3.22532e-05
0.000175254
5.25129e-05
0.000261419
0.000461708
0.000661911
0.000119892
6.80366e-05
0.000168799
0.00087632
0.000464014
0.000358932
0.000225449
0.000264485
0.000295017
0.000167808
0.00058449
0.000335331
0.000126385
0.000345872
0.00058603
0.000165441
0.000826608
0.000632711
0.000186511
0.00040465
0.000275274
9.31711e-05
0.000494171
5.37882e-05
0.000268689
0.000477018
0.000502822
0.000287568
0.000136091
0.000149349
0.00046879
0.000259738
0.000190207
0.000222659
6.49677e-05
7.4034e-05
0.00015898
0.000122782
0.000629608
4.86572e-05
0.000294441
0.000243345
3.86412e-05
0.000142239
0.000103414
0.000145812
0.000547021
1.53468e-05
0.000549129
0.000323641
0.000221059
0.000448066
0.000583611
3.73393e-05
0.000448523
0.000331711
0.000216611
0.000112478
9.22655e-05
0.00048943
0.000348338
0.000325248
0.0003867
0.000725089
0.000229687
0.00110731
0.000588434
0.000475834
0.000560922
0.000957059
8.0426e-05
4.07098e-05
0.000237374
0.000431068
0.000207833
8.75009e-05
4.51295e-05
0.000424021
0.000424167
0.000329764
9.51433e-05
0.000152792
0.000547362
1.11448e-05
0.000114298
0.000279476
0.000376635
0.00012548
8.51462e-05
0.000314853
9.58292e-05
0.000668668
0.000660931
0.000449509
7.1908e-05
0.000626948
0.000187553
0.000122379
0.000238721
0.000547765
0.000302354
0.0001287
3.05662e-05
0.000202924
0.0002184
0.000129069
0.000154078
0.000352429
0.000460582
3.47531e-05
0.000284642
0.000384276
0.00013403
0.000165497
0.000315615
0.000343277
0.00010363
9.11118e-05
0.000440801
0.00018491
0.000148337
7.24824e-05
0.00011616
7.65325e-05
0.000394895
0.000874662
0.0001089
0.000220829
0.000220046
0.000489444
0.00038974
6.04676e-05
0.000156375
0.000209266
0.000376394
0.000178377
0.000131442
0.000127111
0.000237428
0.000138986
0.000206603
0.000313364
0.000418484
3.78237e-05
0.00046042
0.000390039
0.00025782
0.000163305
2.03894e-05
0.000126199
0.000200384
0.000407889
0.000215239
0.000110142
0.000134364
4.00371e-06
0.000187476
0.00021724
1.69899e-05
1.26735e-05
0.000241409
0.000505829
0.000440315
2.77276e-05
0.000147164
0.000477004
0.000447677
0.000459091
7.83695e-05
1.6629e-05
0.000570653
0.00013447
0.000517627
0.00051142
0.000254054
0.000475511
0.000105197
0.000178385
0.000330975
0.000608181
9.17692e-05
1.45841e-05
0.000195859
0.000533313
0.00037471
0.00012186
0.000363397
0.000660258
3.72685e-05
6.51888e-05
0.000487378
0.000183145
0.000303448
0.000154503
0.000254281
0.000119456
0.000520933
0.000266515
0.000153897
0.000565371
0.000379287
0.00014914
0.000151588
0.000495939
0.000721603
0.00040206
0.000510792
0.000407216
4.5838e-06
4.0119e-05
0.00013928
0.00015178
0.000513174
0.000220236
0.000536193
0.000676044
0.000557457
8.98428e-05
6.09472e-05
0.000689547
0.000511255
0.000382756
5.70672e-05
0.00014244
0.000188094
4.29222e-05
0.000151514
4.78768e-05
0.00023269
0.000947394
0.000183047
0.000335677
3.06478e-05
1.99299e-05
0.000163468
0.000298594
0.000182336
0.000551888
0.000635883
0.000751479
0.000643239
0.000937479
0.000261931
0.000115147
0.000155765
0.000110261
8.12592e-05
0.000389374
0.000417434
0.000263141
6.60181e-05
0.000268851
0.000751693
0.000758707
0.00031099
0.000534492
0.000176975
0.000901613
0.000649995
0.000213283
0.000187194
0.000470271
0.000128094
0.000513025
8.9744e-05
0.00020958
8.02313e-05
0.000349482
0.000489009
0.000874522
0.00090719
0.000192433
0.000431668
0.000358146
6.8023e-05
0.000426016
0.00034268
8.34357e-05
0.000274731
4.78213e-05
9.57394e-05
4.51331e-05
0.000165324
0.000139898
0.000342537
7.60687e-05
0.000249843
0.000107529
6.22643e-05
0.000112282
0.00113376
0.000527752
0.000647973
0.000520659
0.000216869
0.00020152
0.000112352
0.000244234
0.000501656
0.000524898
0.000725805
0.000143243
0.00020789
4.95381e-05
0.000346231
0.000517807
0.00036447
0.00033788
0.00019962
0.000309837
0.000323586
6.04107e-05
0.000138365
7.72879e-05
0.000179341
0.000321952
0.000738721
0.00020716
0.000217256
0.000274588
0.000155405
0.00071669
0.000610691
0.000509936
0.000349012
0.000466603
0.000267271
0.00015916
0.000400896
0.000771499
3.87811e-05
0.000275505
5.79178e-05
0.000570007
0.00018319
0.000319931
0.000680607
0.000474386
0.000105894
0.000113941
0.000574944
0.000295701
0.000490246
4.2412e-05
3.83077e-05
0.00021355
1.35654e-05
3.45035e-05
0.000281875
0.000135334
0.000236951
8.17092e-05
0.000148401
0.0002197
0.000335484
0.000404818
0.000149123
0.000144456
0.000352125
0.000138115
1.78e-05
0.00028383
7.44519e-05
0.000227636
0.000944593
0.000185675
0.000959294
0.000440307
7.41589e-05
0.000381865
0.000551402
0.000211874
0.000144573
0.000417421
0.000233271
0.000338707
0.000147591
5.05141e-05
0.000213843
0.000401689
0.000103217
6.74846e-05
1.6845e-05
0.000134587
4.7026e-05
3.2397e-05
0.00024408
0.000107482
8.81649e-05
3.47246e-05
9.50378e-05
0.000261086
0.000990471
0.000293824
3.70884e-05
0.000745683
0.000378435
9.73122e-05
1.32816e-05
0.000618384
0.000744669
0.000608843
0.000463539
0.000423833
0.000305545
0.000635146
0.000121509
0.000332705
0.000145029
4.26614e-05
8.87492e-06
5.34548e-05
0.000430988
0.000380338
0.00017339
0.000478401
0.000302003
8.62928e-07
0.000400425
0.000591953
0.000256313
0.000111523
5.79232e-06
6.80443e-05
1.64231e-05
4.99648e-05
8.03188e-06
2.86055e-05
0.000112069
0.000416846
0.000133145
0.000173804
0.000338721
0.000172342
0.000317326
6.54269e-05
0.000564299
0.00029452
0.000397582
0.000132143
0.000246486
0.000363207
0.000142639
7.97548e-05
0.000394451
0.000259549
0.000582885
9.23052e-05
0.000618805
0.00020373
0.000123405
0.00034749
0.000885226
8.07914e-05
0.000647496
0.000325397
0.000122069
0.000108712
0.000283464
0.00028451
0.00116329
0.00041489
0.00077189
0.000809587
0.00013129
0.000105764
0.000422818
0.000559098
2.44298e-06
0.000368132
0.000135227
0.000125911
0.000180372
0.000362529
9.9749e-05
0.000512074
0.000230663
0.000413208
0.000406294
0.000105555
0.000280144
0.000171181
0.00031591
0.000349953
0.00011981
0.000960254
0.000897241
0.000516299
2.61527e-06
1.52904e-05
0.000384641
9.37273e-05
4.06771e-06
0.000364851
0.000195711
0.00020482
2.68735e-05
3.37687e-05
0.000136883
3.98768e-05
7.19274e-06
0.000111607
1.92045e-05
1.57307e-05
0.000113608
5.11017e-06
0.000425269
0.000111533
0.000416811
0.000331954
0.000470174
0.000593191
0.000486973
0.00014276
0.00051977
0.000111743
3.56136e-05
0.00025323
2.05817e-05
0.000508311
9.8818e-05
8.71581e-05
0.000317702
0.000318026
0.000135339
0.00020791
0.000229496
0.000394463
0.000352404
0.000632245
7.44265e-05
0.000116211
3.60475e-05
0.000377487
7.85078e-05
0.000128634
0.000492254
0.000413976
0.00085814
0.000331798
0.000275482
2.37685e-05
0.000448921
1.66197e-05
2.72695e-06
3.51818e-06
0.00018436
0.000580563
0.000588736
4.15459e-05
3.9657e-06
0.000175916
0.000312651
0.000783241
0.000105081
0.000399835
0.000766179
0.000174776
0.000180876
0.000461895
0.000768786
0.000387042
0.000358309
5.79886e-05
0.000210573
5.56044e-05
0.000237745
0.000157065
4.6112e-06
6.21222e-05
0.000392377
0.000323477
0.000488394
0.000135624
0.000136552
0.000349641
0.000146533
0.000502501
0.000658446
8.97139e-05
0.000494585
0.000371316
0.000166995
0.000437041
0.000372441
0.000545922
0.000382965
0.000484203
3.60685e-05
0.00119445
0.000434478
3.9233e-05
2.32035e-05
9.53073e-06
0.000139605
0.000442226
0.000110128
0.000217187
0.000680107
0.000236066
2.34789e-06
1.34995e-05
4.42782e-05
9.16686e-05
0.000184245
0.000392322
0.000208155
0.000180758
0.000134218
0.000382816
7.79554e-05
0.000116818
0.000155453
0.000397313
0.000157368
0.000534132
0.000325416
0.000291318
5.6124e-05
0.00018603
0.00056214
0.000136764
0.000562316
0.000364111
1.67653e-05
0.000306141
0.000388033
0.000676964
7.40294e-05
0.000129995
9.72651e-05
0.000158326
0.000459364
0.000529469
0.000394539
0.000579975
0.000254955
4.29842e-06
1.16249e-05
7.77597e-05
0.000592082
4.17519e-05
4.1117e-05
0.000322641
0.000219258
0.000616105
8.67885e-05
0.000217159
9.85077e-05
4.80348e-05
0.000141016
0.000354267
0.00054279
0.000118422
0.000797181
0.000103743
0.000268758
7.74198e-06
0.000300318
0.000125247
9.3873e-05
0.000362375
0.000680096
0.000336034
0.000150989
0.000606825
0.000665992
7.86761e-05
0.000214041
0.000730672
5.86378e-05
1.07041e-05
1.80589e-05
0.000188101
0.000465141
5.55943e-05
0.000378093
0.000194421
3.47943e-05
1.23348e-05
7.90733e-05
8.05378e-05
9.24196e-05
7.52905e-05
0.000180659
0.000217855
0.000132499
0.000173363
0.000126789
5.17891e-05
0.000239624
0.000283851
0.000273601
0.000138933
0.000631671
0.000475478
0.000560518
1.50896e-05
5.99601e-05
0.000305405
0.000410027
0.000357165
0.000251747
0.000352293
0.000334208
0.000668123
0.000418217
0.000259588
0.000103347
0.000431887
0.000432395
7.59412e-05
0.000251106
7.95822e-05
7.81833e-05
1.07457e-06
0.000188317
4.05352e-05
0.000338548
0.000375756
0.000527255
0.00039337
0.000891277
0.000251157
0.000286356
0.000912836
0.000508192
0.000403355
0.000148633
0.000143395
0.000602899
0.000176721
1.44287e-05
0.000102288
0.000271301
0.000234426
0.000100571
0.000107614
0.000525029
0.000123464
0.000203726
0.000339611
0.000782035
0.000176321
3.36607e-06
4.39154e-05
0.000189378
0.000248418
0.000448148
0.000563452
0.000122032
0.000241371
0.000156768
0.00109176
0.000277348
0.000277931
4.74913e-06
7.93182e-05
0.000101562
0.000222513
2.97323e-05
0.000322605
0.000301849
0.000867798
0.000280573
0.000448666
0.000118815
0.000260159
0.000404065
0.000602905
0.000201294
1.49284e-05
0.000228841
0.000215234
0.000393181
0.000216454
0.000345028
0.000265872
6.1543e-05
0.000640673
0.000104122
0.000198236
0.000473806
0.000548509
0.000123492
0.000483209
7.50969e-05
0.000136336
0.000398645
0.000484595
0.000451541
6.39363e-05
0.000561601
0.000259144
9.34518e-05
0.000210369
0.000523951
0.000283523
0.000412213
0.000746317
0.000155673
0.000352107
0.000283598
0.000434943
0.000338637
0.000127158
0.000206353
8.38196e-06
3.23222e-05
0.000322381
0.000547349
0.000337655
8.24442e-05
9.46509e-05
2.83066e-05
0.000224353
0.00010348
7.14034e-05
7.94155e-05
0.000226117
0.000556742
0.000126523
0.000105131
0.000310184
0.000635214
0.000446114
0.000195656
4.85777e-05
0.000419954
0.000723381
0.00043385
0.000476754
0.000308925
0.000171448
9.61122e-05
0.000231567
3.18206e-05
0.000428549
0.000430458
0.00101082
0.000241975
0.000361182
0.000105859
6.17829e-05
0.000647286
0.000417264
0.000336943
0.000279247
0.000659954
8.24962e-05
0.00025509
9.9326e-06
0.000775338
0.000119862
0.000233176
9.71545e-06
0.000202901
0.000521748
4.5415e-05
0.000236981
8.90542e-06
0.000681402
0.000224922
0.000579661
5.24361e-05
0.000256183
0.0002122
0.000708616
0.000105508
0.000323482
7.72195e-05
4.88473e-05
6.39364e-05
0.000542802
0.000258553
6.82511e-05
0.000200869
0.000578244
0.000357451
0.000464156
0.000174322
0.000224676
0.000254807
0.000114724
0.000480322
0.000174987
0.000150098
0.000382764
0.000126117
9.11166e-05
1.80023e-05
0.000291644
0.000364802
0.00021424
0.000205958
0.000240587
2.0854e-05
6.94132e-05
0.000158892
0.000272611
3.45187e-05
0.000111172
0.000620665
0.000130901
8.62618e-05
9.96842e-05
6.76341e-05
0.000644507
0.000598688
0.00025984
0.000238548
8.8882e-05
0.000223407
0.000208064
0.000422741
0.00013157
8.7535e-05
0.000495617
1.69113e-05
5.53427e-05
0.000305753
0.000137828
7.2764e-05
3.42691e-05
0.00012538
9.49429e-05
0.000159533
0.000209265
0.000846801
0.000473628
0.00048501
0.000820007
0.000463512
0.000337089
0.000465224
8.22198e-05
0.000143864
0.000545342
0.000535947
0.000688946
4.99707e-05
0.000173319
7.62922e-05
4.51572e-05
1.91786e-05
0.000145417
0.000164267
6.4384e-05
5.47126e-05
0.000209773
8.40588e-05
0.000312585
6.23087e-05
0.000287692
0.000279203
0.000742238
0.000118587
0.000564904
0.000117469
2.63559e-05
3.37069e-05
0.000210047
0.000128177
0.000584847
0.000107058
0.000121573
0.000622567
5.74552e-05
0.000150063
7.75123e-05
5.09256e-05
0.000450354
0.000229728
0.000355837
0.0001296
0.000166163
0.000268327
8.74249e-05
0.000343983
0.000440729
0.000136345
0.000662524
5.77245e-05
0.000212964
0.000208364
0.000212867
7.60988e-05
0.000208517
0.000667406
0.000251528
0.000186757
0.0003026
0.000262434
0.000335027
0.000165727
0.000154366
9.42856e-05
0.000127017
0.000402928
0.000114207
0.000126599
0.000263279
0.000361235
0.000245934
0.000307455
0.000113101
6.28826e-05
0.000164774
0.000106348
0.000254757
0.00016278
0.000349135
0.000451111
0.000183414
0.000909567
0.000377917
0.000355848
0.000211918
5.20373e-05
0.000133488
0.00044885
0.000375001
1.51045e-05
0.000131095
6.12933e-05
0.000130836
0.00036429
4.15325e-05
0.000920654
5.69158e-05
0.000356258
0.00078064
0.000682264
3.42022e-05
6.6628e-05
0.000246507
4.34006e-05
0.000652601
9.9539e-05
0.000452019
0.000492961
0.000206765
0.00073498
0.000787258
0.000635535
7.94521e-05
0.000120622
0.000132812
0.000451179
1.68343e-05
0.000447761
9.67371e-05
0.000118488
0.000178566
0.000170587
0.000226158
0.000299381
2.04819e-05
0.000128863
0.000698296
0.000248078
0.000178541
0.000138204
0.000492222
0.00012023
0.000491602
0.000257927
0.000284502
0.000166905
1.28453e-05
2.87778e-05
0.000144918
0.000648729
8.35467e-05
0.000159388
0.000298391
6.17488e-05
0.000241256
0.000172336
0.000652619
7.42972e-06
1.79362e-06
7.9608e-05
2.1998e-05
0.000421334
0.000215862
0.000435072
0.000402162
0.000421404
0.000510639
0.00015965
0.00014306
0.000547525
0.000164296
0.000122707
0.00010613
0.000151142
8.88619e-05
1.91723e-05
0.000561633
0.000928682
0.000227114
0.000207813
0.000361546
0.000638425
0.00028062
0.000156532
0.000248045
0.00029121
1.53304e-05
0.00023358
0.000320286
0.000111532
0.000284783
0.000325428
0.000102645
0.000310528
0.000240767
0.000189156
0.000201974
0.000179644
0.000236274
0.000340862
0.000714711
0.000565779
0.000113166
1.13482e-05
7.99423e-05
0.000241837
0.000363145
0.000736457
0.000400231
0.000189802
0.000297814
0.000805903
0.000646499
0.000614977
0.000402883
0.000308411
0.000341276
0.000279111
0.000513016
0.000539461
0.000389868
0.000572216
0.000873427
0.000195742
6.09019e-05
0.000161085
0.000719789
0.000121701
0.000746421
0.000233181
0.000429888
0.000283414
0.000113982
7.16011e-06
0.000129461
0.000261892
9.7031e-05
0.000489711
2.53032e-05
0.000197595
4.32895e-05
0.000554646
0.000883698
0.0005191
6.34037e-05
0.000133287
0.000129488
0.000383515
0.000455901
0.000587713
0.000713363
0.000742095
0.000362057
0.000267163
8.47931e-05
0.00021154
0.00037692
0.000460813
0.000586419
0.00022023
0.000256816
0.000262293
9.20152e-05
0.000309199
0.000371327
0.000530494
0.000573813
0.000182656
0.000399914
3.68377e-05
3.60917e-05
0.00022552
0.000504319
8.27868e-05
0.000166035
9.47643e-05
3.39319e-05
3.93063e-05
0.000219328
0.000952947
0.000215766
0.000162026
0.000364577
0.000450909
0.000268665
5.39783e-05
8.49735e-05
2.69908e-05
7.26908e-05
0.000182827
0.000141115
3.69207e-05
3.70244e-05
8.69225e-05
0.000202528
0.000125719
0.000143726
0.000141951
0.000191424
0.000859164
0.000181364
0.000624927
4.33842e-05
0.000268916
0.000238339
0.000204193
0.000527493
0.000116374
0.000607768
0.000190661
4.56862e-06
0.00043675
0.000509798
0.000653568
0.000223339
0.000182981
0.000318605
0.000351358
0.000414404
0.000110228
0.000562523
0.000831563
0.00013025
0.00064816
0.000845717
0.000458351
0.000320146
0.000372608
0.000306133
5.79025e-05
0.000165004
2.93461e-06
0.000355998
0.000383566
0.000342075
0.000246752
0.000316932
0.00030056
0.000152442
0.000884708
9.16591e-05
8.81897e-05
9.76502e-05
0.000201094
0.000422395
0.000144507
0.000698657
0.000128321
0.00058335
0.000315941
3.64689e-05
0.000140331
0.000103908
0.000513965
0.000392192
0.000322001
0.000577128
0.00076159
0.000690892
0.000594407
0.000224543
0.00036626
0.000483263
9.06522e-05
1.56155e-05
3.15308e-05
3.9525e-05
0.00025151
0.000546
3.03825e-05
9.55575e-05
0.000610398
1.62615e-05
7.7184e-05
0.000127917
2.82796e-05
0.000440871
0.000470615
0.000758515
0.000117541
0.000113474
0.000336711
4.0825e-05
0.000785954
0.000596742
9.44991e-05
0.000306708
6.03589e-06
0.000372974
0.000166512
0.000198239
0.000502119
0.000127349
7.00411e-05
0.000198962
0.000195402
0.000208198
0.000339395
0.00032503
0.000542269
0.00043942
0.000183937
0.000343058
0.000350215
0.000164162
0.000119999
0.000338379
6.80385e-05
4.99061e-05
1.92938e-05
0.000305099
0.000154168
0.000556887
0.000222648
0.000552907
0.000143286
0.000360771
0.000239077
0.000107314
0.000146712
0.000434311
0.000176814
3.58524e-05
1.49515e-05
2.21875e-06
7.1082e-05
0.000231983
0.000204953
0.000109732
0.000404279
0.000455715
0.000349384
7.04475e-06
1.20625e-06
1.57611e-05
0.000207926
0.00030982
0.000468667
0.00025503
0.0006576
0.00015063
8.29616e-05
0.000356787
8.62059e-05
0.000294306
0.000583127
0.000874806
0.000208975
0.000124863
0.000645682
4.37898e-05
8.65738e-05
0.000113138
5.00144e-06
2.31009e-05
0.000724089
1.11284e-05
2.63515e-05
0.000199758
8.51693e-05
0.00086031
0.00019949
1.29215e-05
3.37754e-05
0.000127797
0.000126778
8.48164e-05
0.000446548
0.000433674
0.00098486
0.000131923
0.000246674
1.70839e-05
0.000209585
0.000338872
0.000199328
0.000208786
0.000320373
0.000286905
0.000273832
0.000713932
0.000898655
0.000135473
0.000182523
9.82259e-05
0.000170359
0.000611012
0.000326344
0.000402718
7.05845e-05
5.96519e-05
0.000268482
0.000493753
0.000969118
0.000200157
0.000117161
0.000119048
4.31397e-06
0.00043312
0.000372185
9.37936e-05
0.000141272
0.000755135
0.000309801
0.000374889
3.28406e-05
0.000105325
0.000859536
0.000219849
0.00122758
0.00057555
9.69245e-05
0.000182784
0.000472294
0.00031708
0.00058072
0.000288043
0.000347814
0.00039373
0.000165475
0.000392393
0.000511469
0.000528123
0.000139149
2.26194e-05
0.000394971
9.54922e-05
0.00107282
5.21131e-05
0.000220693
2.56713e-05
3.09325e-06
0.000189122
0.000827046
0.000512554
9.77802e-06
0.00104638
0.000407341
0.000577126
0.000421585
0.000516426
0.000326949
0.00046735
0.000331918
0.000350447
8.55433e-05
0.000953367
0.000158149
2.59004e-06
1.46919e-06
4.93059e-05
1.5134e-05
9.24037e-05
0.000257514
0.000288361
2.10513e-05
5.34723e-05
0.000115527
0.000126843
0.000498725
0.000197424
0.000130149
6.40704e-05
0.000287524
0.000241387
0.000268551
0.000557232
0.000328422
6.62796e-05
3.96758e-05
0.000106713
4.7067e-07
0.000190025
2.15756e-05
0.000124263
0.000259052
0.00030592
0.000400494
0.000546642
0.000234812
6.95116e-06
8.4785e-07
5.21041e-07
2.44372e-06
8.13008e-06
1.77393e-05
0.000312413
0.000399324
0.000478522
2.59562e-05
6.73375e-05
0.000345404
0.000493732
0.000589307
0.000364987
0.000717508
0.000350001
0.000299937
0.000728558
3.54999e-05
4.36116e-05
0.000374701
0.000330051
0.000330904
0.000668179
0.000322486
0.000435844
8.48054e-05
0.000132464
0.000330306
0.000710911
0.000701124
0.000431659
0.000190517
0.000541619
0.000179131
0.000519507
0.000322535
0.000489599
0.00103525
6.7233e-05
6.21547e-05
0.000158059
0.000136033
0.000327818
3.88189e-05
0.000617788
0.000472427
0.000132931
0.000393048
0.000254522
0.000108717
0.000112758
7.51013e-05
0.000102002
0.000280384
0.000393497
0.00045117
0.000742834
0.000803013
0.000503585
0.000444781
0.000329931
2.82438e-05
8.3696e-05
0.000392389
4.65105e-05
0.000289828
0.000369671
0.000157123
0.000167902
3.3979e-05
2.88558e-05
0.000251792
2.0564e-05
0.000132242
2.40083e-05
0.000585946
0.000217641
0.000320297
0.000281721
0.000523772
0.00033876
2.98566e-05
0.000242585
0.00022502
1.71184e-05
0.000296933
0.000134895
0.000296972
0.000528916
0.000461268
0.000506264
6.30742e-05
0.000107351
0.000194143
7.9656e-05
0.000275085
0.000348879
0.000429724
0.000125338
0.00026231
0.000129529
0.000226021
0.000699013
5.11722e-05
0.000471328
0.000613965
0.000129877
0.000103828
0.000510216
0.000498041
6.21183e-05
0.00052837
0.000314409
0.000118551
3.98387e-05
0.000461162
0.00034644
0.000564535
0.000534082
0.000419389
8.81019e-05
2.00249e-05
0.000792106
4.52707e-05
0.00108774
0.000584443
3.90452e-07
0.000133287
0.000253942
0.000477168
0.000406285
7.10728e-05
2.52073e-05
1.61983e-05
5.96416e-05
2.37516e-05
0.000364987
0.000615783
0.000599573
0.000486831
0.00015138
0.000165638
0.000448059
0.000514142
0.000188928
5.15097e-05
0.000217019
5.59585e-05
0.000511919
1.95629e-06
0.000206588
0.000260083
0.000323166
0.000395264
1.05341e-05
2.73802e-05
3.35777e-05
0.000110543
0.000375372
0.000153587
9.0045e-05
4.50628e-05
4.85826e-05
0.000604851
0.000174411
6.8368e-05
0.00011472
0.000219913
4.84916e-05
0.000360322
7.04677e-05
0.000229929
0.000314391
0.000734906
0.000357783
0.000545183
8.14641e-05
0.00054086
0.000455127
0.000488772
0.00052259
0.000294686
0.00017829
9.23078e-06
0.000133552
0.000195728
8.93429e-06
0.000168987
0.000615481
0.000442825
0.00045045
6.80785e-05
1.66081e-05
9.37747e-05
3.23427e-06
4.78091e-05
0.000849475
0.000172231
7.30886e-05
9.60199e-05
0.000385994
0.000602486
0.000527158
0.000662291
0.000493059
0.00021936
0.000310162
0.000251849
0.000460617
0.000352284
0.000358714
0.000364853
0.000147323
0.000365344
0.000274025
0.000825171
0.00114527
0.000393972
0.000685695
0.000104989
4.51906e-05
0.00014529
0.000505547
7.57932e-05
4.99543e-05
0.000163508
8.73655e-05
0.000391512
0.000287039
8.58309e-05
7.25058e-05
4.55809e-05
2.57314e-05
0.000195031
0.000264905
0.000351519
0.00028822
7.89351e-06
3.43022e-05
0.000378163
0.000436243
0.000105851
0.000140102
8.44818e-06
0.000539487
0.000359115
2.11658e-05
8.31766e-05
7.24878e-06
2.61143e-05
1.94249e-05
0.000190067
1.05244e-05
0.000290411
0.000493257
3.99488e-05
6.45494e-05
0.000144001
9.40222e-05
4.53043e-05
3.94097e-05
3.84729e-08
0.000735859
0.000590239
0.000350416
4.262e-05
2.0506e-05
0.000324237
4.81606e-05
1.72934e-05
6.73491e-05
0.000111437
0.000404224
7.79945e-05
0.000138861
0.000116638
0.000315989
0.00106075
0.000164566
0.000363335
0.000346892
0.000151211
2.22542e-05
1.48765e-05
0.000518245
0.000560758
0.000241256
0.000236626
2.84628e-05
3.56188e-05
0.000609855
0.000194022
0.000434362
0.000659002
0.000152658
0.00030955
0.000341303
0.000207198
0.000388263
0.000195963
0.000154125
0.000861842
0.000293653
0.000344861
7.47946e-05
6.13557e-05
1.49305e-05
0.000152817
0.000679236
0.000270514
0.000522214
0.000567192
0.000199011
0.000624884
6.99218e-05
0.000148778
6.45945e-05
1.5716e-05
3.4017e-05
0.000600098
0.000567991
0.000163239
0.000277657
0.000113822
5.79538e-05
0.000600849
2.74751e-05
6.13516e-05
0.000479743
2.93852e-05
6.13637e-05
0.000163719
0.000418626
4.10887e-05
1.84115e-05
1.61386e-05
8.28471e-06
0.000257045
0.000346471
0.000394224
0.000155287
0.000454497
0.000212976
2.30468e-05
0.000138985
0.000226956
0.000280952
5.80685e-05
0.000113553
4.63975e-06
6.57013e-05
3.38844e-06
0.000162038
0.000161429
4.65485e-05
0.000454364
0.000244504
0.000116501
0.000234712
0.000166483
0.0004754
3.00576e-05
3.78554e-06
0.000303722
0.000280909
0.000369995
0.000865623
3.95169e-05
0.000261419
0.000123533
0.000385481
0.000273402
0.000337519
0.000634225
0.00082522
4.6732e-05
0.000108043
0.000507942
7.90947e-05
4.74548e-05
0.000867222
0.000319475
0.000150868
0.000493998
0.00042534
0.000248717
0.000135504
0.000248135
0.000191534
0.000517979
0.000514646
0.000524244
0.000114789
1.96567e-05
2.40923e-05
8.82541e-05
9.75783e-05
4.19094e-05
9.83575e-05
0.000162434
0.000487959
0.000132712
0.000154772
0.000340278
2.69588e-05
0.000423419
0.000326933
0.000634877
0.000455721
0.000226213
0.000477981
0.000170753
9.31074e-05
0.000455037
0.000385693
0.000467375
0.000103175
9.39788e-05
0.000409734
0.000440772
0.000722572
4.67641e-06
1.89795e-05
3.90887e-05
0.000359376
0.000560004
0.000409583
0.000259288
1.32894e-05
4.64583e-05
0.000569629
0.000275107
2.66349e-05
0.000238572
8.15648e-05
2.0497e-05
9.71484e-05
9.06326e-05
0.000471396
0.000290222
1.80294e-05
0.000157845
0.000112938
8.42859e-05
3.46121e-05
0.000330339
0.000528204
0.000797959
0.000738163
0.000721946
0.000240384
3.5278e-05
0.000259959
0.000209606
0.000455992
0.000325049
0.00068342
0.000678366
0.000116943
0.000104671
8.53911e-05
5.0828e-05
0.000280268
9.97099e-05
5.21314e-05
0.000254302
0.000121913
0.000508197
0.000319214
0.000505916
0.000465146
0.000159656
0.000209154
8.21337e-05
1.27343e-05
3.92626e-05
2.0943e-05
0.000140647
8.32329e-05
0.000593284
0.000222716
8.66738e-05
0.000377765
0.000298358
0.000800774
0.000683264
1.94643e-06
0.000236292
0.000171787
0.000316926
0.000272918
0.000269658
0.000232028
0.000265868
0.000508358
0.000305221
0.000106835
4.47794e-05
0.0002715
0.000275258
0.000752481
4.89413e-05
2.53468e-05
0.000229222
0.00037522
0.000123614
0.00026318
0.000169925
4.36658e-05
0.000392132
0.000535851
0.000209253
0.000624724
0.000137612
0.00021023
0.000434849
0.000353353
0.000392912
5.72427e-06
2.33681e-05
9.54425e-05
0.000105307
4.09659e-05
0.000162555
9.29355e-05
2.66317e-05
0.000255858
0.000440508
3.90334e-05
0.000201144
0.000123739
0.000136617
0.000333753
0.000179274
1.16893e-05
5.37721e-05
0.000173294
0.000350464
0.000234743
2.52962e-05
1.56308e-05
5.01649e-05
0.000484737
0.00031955
0.000632366
0.000118739
0.000385396
0.00010819
0.000195208
0.000500829
0.000338366
0.000216741
6.27099e-05
0.000445689
0.00109819
0.000609808
2.94132e-05
3.87525e-05
0.000393728
7.84448e-06
0.000438787
0.000622158
0.000275005
0.00032178
0.000456698
0.000255826
0.000133357
0.000283508
0.000159226
0.000277553
0.000481948
0.000241457
1.93874e-05
0.000316694
0.000200037
0.000404688
0.000123604
2.41553e-05
2.86005e-05
9.373e-05
0.000320218
0.000352003
0.000260562
0.000833131
0.000704242
0.000219134
6.87479e-05
0.000160552
3.63905e-05
3.90941e-05
6.53209e-05
0.00040401
0.00106578
0.000145146
7.99364e-05
0.000173634
0.000154136
0.000374034
0.000312375
0.000370061
0.000578676
0.000583243
0.000112021
0.000157469
0.000482955
0.000334683
0.000231526
4.27192e-05
0.000924516
0.00058306
0.000332147
3.47771e-05
0.000696944
0.000683632
0.000454792
0.000150451
0.000893144
0.000406405
0.000557324
0.000168847
3.59633e-05
1.51074e-05
0.000164603
0.00014275
0.000101267
0.000126757
3.46901e-05
0.000670666
0.000375085
0.000150588
0.000156034
0.000345467
0.00021999
0.000769825
0.000212539
0.000551665
0.000233662
0.000306321
0.000329179
7.58161e-05
0
0
2.0089e-05
0.000572016
0.000214607
1.86256e-05
0.000276193
0.000534579
0.000820004
9.89995e-05
0.000148009
4.38991e-05
2.80176e-05
5.70435e-05
0.000109044
2.986e-05
6.03692e-05
0.000123678
0.000382415
0.00028049
0.00040768
0.000186859
0.000157276
0.000267068
0.000408478
7.58628e-05
0.000287116
9.83508e-05
3.78926e-05
6.22045e-05
0.000196285
0.000302692
0.00019842
0.0003353
0.000741812
4.22467e-05
0.000581367
0.000239777
0.000447036
6.69024e-05
0.000266952
0.000128079
0.000241353
0.000190682
0.000382808
0.000266163
7.11337e-05
0.000530697
0.0001274
0.000374751
0.000140285
0.000542537
0.000177266
0.000176316
7.96603e-05
0.0003897
0.000789553
8.48147e-05
0.0010007
6.48862e-05
0.000234687
0.000248335
0.000123228
0.00017723
4.53503e-05
0.000401672
0.000359109
4.52158e-05
7.22419e-05
0.000329782
0.000257941
0.000154354
0.000469897
0.00028583
0.000367517
0.000107832
0.000518263
0.000345662
0.000397366
0.000291117
0.00060273
0.000107691
0.000305552
0.000244469
0.000359425
0.000881111
0.000528441
0.00037768
0.000224384
0.00012265
5.87319e-05
0.00015863
0.000790985
0.000177142
6.87245e-05
2.55649e-05
0.000412004
0.00020542
0.000889434
3.38031e-05
2.49966e-05
0.000340777
0.000373395
0.00047704
0.000143422
1.34057e-06
4.69899e-05
0.000746562
0.000869194
0.00064054
0.000123631
0.000213895
0.000173229
0.000189126
0.000106881
6.19804e-05
0.000322494
0.000108321
0.000369369
0.000601764
0.000326969
0.00051697
0.000380831
0.000946238
0.000200998
2.66525e-05
8.05931e-05
0.000180551
7.92082e-06
4.19174e-05
0.000150583
2.66635e-05
0.000379701
0.000138797
0.000140698
0.000333783
0.00015832
0.000271079
1.32445e-05
0.000265657
0.000237891
3.46061e-05
0.000242932
0.000300003
0.000258261
0.000459259
0.000675795
0.00021214
2.69865e-05
0.000766625
0.000253694
2.85915e-05
0.000228168
0.000335446
0.000761419
8.85375e-05
0.000461815
7.15952e-05
6.28676e-05
0.000263925
3.57692e-05
3.66281e-05
0.000486295
0.000403306
0.000772372
0.000223296
0.000431734
6.25497e-05
0.000198461
7.81391e-05
0.000216079
7.73256e-05
0.000244388
0.00021935
0.000498732
0.000139816
4.07304e-05
0.000501242
3.649e-05
5.9399e-05
0.00052999
0.000232826
8.60166e-05
0.000635351
1.54079e-05
6.60022e-05
0.000247498
0.000170096
0.000269905
0.000210348
0.000300651
0.000128472
4.8456e-05
0.000257905
0.000157621
0.000143889
0.00010724
0.000246465
0.000451873
5.05738e-05
0.000175137
0.000906394
0.000203193
6.54403e-05
0.000123279
0.000214612
6.53256e-05
0.000517731
0.000368681
0.000764696
0.000160104
7.72016e-05
5.09808e-05
0.000406242
0.000119607
0.000479392
0.000400429
0.000155551
0.000123521
0.000570544
0.000315056
3.5673e-05
0.000424285
4.89176e-05
0.000526994
0.000659131
0.000801633
3.78498e-05
0.000107198
0.000112966
9.31075e-05
0.000156634
0.000182061
0.000493483
0.000140078
0.000349061
0.000682269
3.73767e-05
5.15496e-05
7.44801e-06
6.92072e-08
0.000554524
0.000221364
0.000103058
0.000431526
0.000144267
0.000311828
0.000210387
0.000459526
0.00012202
7.97391e-05
5.22642e-05
0.000117745
0.000246412
9.08111e-06
0.000201518
0.000116433
0.000104729
0.000212752
0.000524924
0.000117833
0.00010144
0.000435311
0.000208795
0.000529199
0.000220857
0.000402415
0.000429758
0.000447302
0.000290025
0.000368389
0.000588294
6.38858e-05
0.000285512
0.00016517
0.000275632
7.68419e-05
0.000354996
8.03533e-05
0.000125672
8.20351e-05
4.49311e-05
0.000201386
0.000378498
0.000372772
0.000321353
7.92068e-05
0.000355647
6.57452e-05
1.05416e-05
2.11724e-05
3.66779e-06
0.000254176
3.96313e-05
0.000687718
0.000563631
4.12861e-05
1.98768e-05
5.23166e-05
0.000114236
0.000140914
0.000423814
0.000315061
0.000229178
0.00023439
8.16045e-05
0.000356643
0.00026849
0.00026352
0.000373954
5.21122e-05
1.35009e-05
0.000679579
0.000252243
0.000700805
6.06594e-05
0.000226374
2.20089e-05
2.80423e-05
0.000407235
0.000387531
0.000109288
0.000223855
0.00017472
0.000443824
0.000192297
0.000250763
0.000276079
2.57847e-05
0.000261153
0.000194017
3.01089e-05
9.0294e-05
4.54495e-05
0.000276286
0.00023462
0.000400964
0.000301839
0.00011029
7.07054e-05
0.000221481
0.000639473
0.000940759
0.00014364
0.000273918
0.000402243
0.000749715
0.000510041
0.000319108
0.000119424
0.000157761
4.37027e-05
0.000247224
0.000474977
0.000328096
0.000390415
2.7005e-05
5.7544e-05
9.50687e-06
8.34352e-05
1.7696e-05
0.000540591
0.000210654
5.09123e-05
0.000521936
0.00031563
0.000106259
0.000888043
2.82082e-05
3.32649e-05
0.000107213
0.000314299
0.000297369
3.78921e-05
0.000412181
0.000453821
1.22867e-05
0.000265441
9.30428e-05
0.00012647
0.000476015
0.00032486
0.000447776
0.00029565
0.000256563
0.000697127
0.000312552
0.000341311
9.24245e-05
0.000462298
0.000212316
0.000199407
0.000371131
0.000128452
0.000604729
0.000203467
0.000246444
0.000162468
0.00044054
0.000125358
0.000114174
9.39033e-05
0.000242748
0.000187194
9.91876e-05
0.000228304
7.3567e-05
2.97477e-05
0.000118631
0.000193585
2.1172e-05
4.8095e-05
2.15811e-05
0.000438811
0.000425513
0.000401886
0.000519662
0.000764586
0.000597709
0.000365837
0.000220797
8.1405e-06
0.000161058
0.000353178
0.000404641
0.000295268
0.000390607
0.000110291
8.06034e-05
0.000414834
0.000570431
7.82616e-05
0.000525433
0.00017134
0.000387103
0.000616846
0.000490893
3.95659e-05
7.28842e-05
7.50568e-05
1.63773e-05
3.26124e-05
0.000513657
6.90567e-05
0.000359036
0.000330127
0.000579066
4.42477e-05
0.00024769
0.00053437
0.000673978
0.000100869
0.000541733
0.000130676
0.000151505
0.000323986
0.000237052
0.000102317
0.000241184
1.91993e-05
3.09646e-05
1.62402e-06
7.32354e-06
2.54989e-05
0.000207856
0.000370777
0.000414924
0.000439727
0.000128865
0.000220716
0.000252753
0.000265488
0.000903616
0.000148818
0.000290167
0.000942487
0.000289909
9.2523e-06
3.5984e-05
0.000650287
6.25931e-05
5.39172e-05
1.98626e-05
3.03871e-05
0.000274236
0.0002731
0.000196932
0.000228682
4.34153e-05
0.000169882
6.4139e-05
0.000160747
0.000474392
0.000531861
3.04709e-05
0.000512836
0.000767548
0.0006524
0.000111849
0.000132062
0.000326464
0.000514484
0.000227045
0.000578111
0.0008889
0.000527046
8.62691e-05
0.000103873
3.57848e-05
0.00023277
0.000724678
0.000280584
0.000533424
0.000686106
0.000434712
0.000507029
0.00035124
0.000571063
0.000171639
0.000261333
0.000492865
0.000490416
0.000475892
0.000828943
0.000262958
0.000223134
0.000510047
3.90445e-05
9.38927e-05
0.000109645
0.000304044
0.00064233
0.000558238
0.000560414
0.000305169
0.000569417
0.000475441
0.000594124
0.000491117
0.000865193
0.000395451
0.000452066
0.000836776
0.00058677
0.000713245
0.000375299
0.000546905
0.00060263
0.00061401
0.00070454
3.29435e-05
9.49989e-05
0.000621029
0.00039886
0.000426345
0.000743097
0.000547407
0.00043455
0.000184739
0.000276126
0.000155797
9.01994e-05
4.60295e-05
0.000284134
0.000364082
0.000269099
9.76456e-05
0.000331517
9.77828e-05
0.000159271
0.000312704
0.000362433
0.000766663
0.000377094
0.000493548
0.000163264
0.000455794
0.000618653
9.29976e-05
0.000349408
0.000372058
0.000489921
0.000520623
0.000256664
0.000581251
0.000288286
0.000216554
0.000347725
0.000386457
0.00043846
0.000249884
6.45388e-05
0.000117426
0.000197981
0.000638235
8.41622e-05
0.000149499
0.000144441
3.44855e-05
0.000147327
1.91531e-05
0.000286596
1.41319e-06
0.000299755
9.01165e-05
0.000130103
9.46059e-05
0.000122553
0.000178693
9.30438e-05
0.000144498
0.000296099
0.000376938
0.000592316
1.61769e-05
0.000325316
0.000353754
0.000104356
0.000234423
0.000960837
5.67536e-05
0.000210647
0.000238358
0.000449773
0.000249071
8.92954e-05
9.23157e-05
1.37366e-06
0.000109265
4.76404e-05
0.000551521
0.000206896
0.000561972
0.000625216
4.72261e-05
0.00025726
7.64704e-05
0.000242055
5.00841e-05
0.000348857
1.96948e-05
2.01314e-05
2.09344e-05
0.00039351
0.000612995
0.000504655
0.000253936
0.000363449
0.000264714
0.000122935
0.000174038
4.55272e-05
5.16262e-05
0.000121811
1.03566e-05
0.000262776
0.000270537
0.0003259
0.001105
0.000576261
0.000118857
0.000205011
0.000207059
0.00038707
0.000392191
0.000274218
5.01749e-05
0.000198289
0.000123764
0.000350118
0.000129706
0.000179872
4.4437e-05
8.55737e-05
3.36823e-05
7.25069e-05
0.000580805
8.58873e-05
8.74128e-05
0.000322161
0.000295389
0.000120788
0.000210674
7.07255e-05
0.000206548
0.000429711
6.4903e-05
0.000547734
9.91608e-05
0.000165319
4.92956e-05
5.12955e-05
8.14936e-06
0.000650696
0.00044902
0.000635943
0.000308274
0.000290398
0.000121618
0.00021203
0.00102201
0.000134533
0.000120674
6.80336e-05
4.39933e-05
5.38141e-05
3.67337e-05
0.00038121
0.00063434
0.000373919
3.3807e-05
5.63433e-05
0.000302344
0.000637296
0.0002007
0.00014222
7.03502e-05
4.43335e-06
0.000202057
0.000389637
0.000248703
0.000279056
0.00025209
0.000707735
5.17987e-05
7.08428e-05
0.00035622
0.000429447
0.000494417
0.000409476
8.84162e-05
6.35206e-05
0.000163768
0.000410354
0.000546376
0.000457493
0.000493186
0.00011543
0.000770506
0.000166604
0.000391056
0.000681903
0.000594754
0.000292104
0.000344398
5.62863e-05
0.000337955
0.000115188
0.00027772
0.000675818
0.000160986
0.000381393
0.000200483
0.000471576
0.000531045
3.42406e-05
0.000184454
1.16424e-05
7.79878e-06
0.000123716
0.00042737
0.000245984
0.000209783
0.000189548
0.000303601
0.000120068
0.000386293
1.98234e-05
0.000336685
0.000431949
0.000409918
0.000157255
0.000187174
0.000249956
0.000295831
5.5358e-05
0.000201288
5.23474e-05
0.000403855
1.15486e-05
0.000623569
0.00067154
0.000388522
0.0009338
0.000148454
0.000816311
0.00106898
0.000285232
3.89693e-05
0.000363008
0.000226167
3.96765e-05
0.000150541
0.000333171
0.000492854
0.00047232
0.000344441
0.000178342
5.73738e-05
0.000435436
0.000700601
0.000347876
0.000132117
0.000871663
5.13943e-05
2.39846e-05
0.00017375
9.94031e-05
0.000429196
3.50153e-05
0.000120419
0.000156352
0.000116364
7.28702e-05
0.000551874
0.00107215
9.49805e-05
9.36219e-05
0.000105128
7.75862e-05
8.46662e-05
0.000381943
9.41875e-05
0.000319254
0.000414199
0.000565187
0.000257357
0.000378599
0.000360874
0.000284373
3.65118e-05
0.000214154
0.000510181
0.000167303
0.000489649
0.000110697
4.53027e-05
5.98234e-05
0.000205432
0.000310136
0.000488019
0.000577079
0.000424049
0.000522154
0.000415082
0.000184597
0.000162715
0.000122485
0.00046668
0.000141359
0.000616363
0.000145249
0.000642439
0.000110233
6.44373e-05
0.000368432
6.41797e-05
0.00040206
0.000590615
4.95721e-05
0.000367932
0.00060765
0.000181011
0.000300458
0.000159474
0.000619918
0.000499672
0.000161093
8.35472e-05
0.000687295
0.000156872
4.07451e-05
4.6845e-06
0.000436328
0.000155497
0.000576017
0.000906513
7.91733e-05
8.7119e-05
0.000131819
0.000337873
0.000859837
4.09668e-05
3.9116e-05
7.39165e-05
0.000314424
0.00045919
0.000343398
0.000617136
0.000465181
0.000349877
0.000290365
0.000204514
0.000173869
0.000394722
0.000152107
4.83021e-06
0.000454001
0.000678157
0.000583742
0.000627742
0.000412527
0.000337068
0.000175303
0.00024227
0.00081444
0.000606289
0.000181147
0.000499306
0.000193996
0.000309047
0.000182814
0.000327698
7.78077e-05
2.68045e-05
0.000275448
0.000877298
0.000213751
0.000103524
3.82761e-05
4.40325e-05
0.000889349
0.000329076
6.49333e-05
0.000625574
0.000385623
0.000789484
9.21361e-06
0.000207781
0.000254947
0.000318219
0.000132418
2.74471e-05
0.000114121
0.00037541
0.000400532
0.000222279
0.00020387
0.000167285
0.000149391
0.000116743
8.36139e-05
0.000327388
0.000214419
0.000126226
0.000476387
0.000282387
0.000104543
0.000329828
7.25513e-05
0.000168212
0.000102605
0.000143486
5.54962e-05
8.30711e-05
0.000650849
0.000123917
0.000113205
3.59908e-05
4.15167e-05
9.67275e-05
0.000423232
9.09338e-05
0.000234614
0.000290783
0.000108344
1.02933e-05
0.000946574
0.000625488
0.000426189
0.000349234
0.00029642
0.000485032
0.000282339
0.000105576
7.80885e-05
0.00120151
0.000540754
0.000387531
0.00038386
9.72279e-06
0.000204356
0.000294535
0.000355117
4.60784e-05
0.000174163
0.000791652
0.000996288
0.000240122
5.05649e-05
1.8011e-05
3.85298e-05
0.000121058
0.000672739
0.000586698
0.000293233
0.000230114
0.000206716
3.66323e-05
6.25624e-05
0.000146734
0.000293534
0.000590784
0.000156197
6.37338e-05
0.000477781
0.000523511
0.00023831
0.000453615
7.48949e-05
7.82181e-06
8.39327e-05
0.000222178
0.000181439
0.000138986
0.000191038
0.000262141
7.19972e-05
2.03251e-05
0.000118976
3.39188e-05
0.000132327
0.000185307
0.000454561
0.000156404
0.000317493
0.000253618
0.000197511
0.000576668
0.00032922
0.000339788
0.000837072
0.000166683
0.000211764
0.000124809
0.000180236
0.00019778
0.000554917
0.00031766
0.000128062
0.000757949
0.000530082
0.000430249
0.000737443
0.000512867
2.19867e-05
0.000188472
0.000885461
0.000362884
0.000147189
0.000235084
0.000272592
0.000437854
0.000389324
0.000620689
5.00895e-05
0.000129796
8.19982e-05
3.40773e-05
8.54517e-05
0.000125348
5.14506e-05
0.00018923
3.60791e-05
8.34958e-05
0.000373912
0.00083273
0.000217594
0.000489588
0.000310629
0.000449409
0.000491135
0.000302297
0.000328446
5.44671e-05
0.000380687
0.000331601
0.000205178
0.000397407
0.000256959
0.000126444
0.000158789
0.000198937
0.000256143
0.000297105
0.00014197
6.41156e-05
1.24304e-05
0.000340463
0.000158467
7.49458e-05
4.63026e-05
0.00011293
8.30358e-05
0.000152485
0.000115437
0.000253249
0.000247045
7.65192e-06
2.07711e-05
6.90277e-06
0.000560482
0.000351404
0.000505733
0.000769177
0.000303751
0.000728022
4.72055e-05
0.000163602
0.000139919
0.000370255
0.00041906
0.000488023
0.000360526
5.91501e-05
2.78547e-06
5.0775e-06
1.57448e-05
0.000134817
0.000374467
0.000318278
0.000688412
0.000525945
9.76852e-05
0.000110991
0.0003032
0.00053289
0.000115127
0.000211895
0.000130232
0.000303665
7.03044e-05
0.000352941
0.000216893
0.000118188
3.72556e-05
8.73645e-05
0.000165
0.000344132
0.000533672
0.000353657
7.00168e-05
0.000483938
0.000724699
0.000169747
0.000325335
0.000368332
1.22518e-05
0.000335606
7.77171e-05
0.00012033
0.00049168
0.00021397
0.000310085
0.000299606
0.000197796
0.000160306
0.000568175
0.000635743
0.000305099
0.000474942
0.000157293
0.000165306
0.000306348
2.75042e-06
0.000137081
0.00024679
6.75246e-05
7.92337e-05
2.75933e-05
0.000250418
0.000431656
0.000142813
0.000125801
0.000174278
0.00021628
0.000205872
0.000270002
2.44547e-05
8.27363e-05
8.36282e-05
0.000244908
0.000278653
6.0583e-05
0.000555472
9.50923e-05
1.70736e-05
0.000213194
0.000104848
0.00016634
0.000565906
0.000144081
0.000442535
0.00041956
0.000211016
0.000207144
7.4896e-05
7.62524e-05
0.000140108
0.000502018
0.000166668
0.000385454
0.000475371
0.00028991
0.000450444
0.000242499
2.45376e-05
0.000131966
0.000310076
0.000172341
0.000406957
0.000206807
0.000555902
8.41341e-05
2.86979e-05
3.40938e-05
0.000661686
0.000489791
0.000651621
0.000478455
0.000377455
4.26389e-06
0.000241711
0.000381213
1.50182e-05
0.000971795
0.000682553
0.000102654
0.000111145
0.000577443
0.000347211
0.000196806
0.000131681
0.000355805
3.25935e-05
1.49349e-05
8.21083e-05
0.000209899
6.98136e-05
5.67861e-05
0.00054924
0.000127369
0.000241847
0.000110939
0.000349141
0.000725061
0.000229914
0.000512155
0.000214959
0.000253077
0.000588537
9.13412e-05
0.000433652
0.000420411
0.000151293
2.46118e-05
0.000328429
0.000229688
7.4603e-05
1.40905e-05
0.000262305
0.000303839
0.000509009
0.000411227
0.000181615
0.000240607
0.000601566
0.00010825
6.60735e-05
0.000410091
0.000308172
0.00010357
0.000577643
0.000175705
0.000293799
0.000637509
0.000101967
3.59988e-05
0.000105054
0.000168753
0.000122239
0.000239375
0.000107875
0.000781451
0.000140986
0.000435426
0.000332982
0.000128002
0.000766226
0.000140413
4.29426e-05
0.000430019
0.000211581
0.000194338
0.000346215
7.12525e-05
0.000232954
0.000637046
0.000172814
8.53258e-06
0.000141166
0.000143825
0.000183386
0.000285267
0.000417621
0.000275329
7.15934e-07
6.03626e-06
5.27269e-05
0.00029918
2.89884e-05
0.000323102
2.62578e-05
5.83737e-05
0.000436309
2.27698e-05
5.79776e-05
1.68279e-05
0.000406313
0.000192093
0.00018865
0.000363373
0.000258673
0.000297516
0.000590548
0.000258078
0.000515136
0.000709969
0.000573609
9.13442e-05
0.000249029
0.000120411
0.000259979
2.67467e-05
0.000129662
5.93383e-05
0.000476003
0.000259218
0.00022072
0.000395636
0.000112135
0.0004099
0.000494845
0.000747527
0.000176148
0.000547623
0.000324009
0.000533994
1.853e-05
0.000153368
1.79231e-05
0.000488165
0.000143812
4.81105e-05
3.66757e-05
0.000321321
8.72522e-05
0.000215419
0.000385909
0.000237651
0.000683132
0.000588613
0.000369844
0.00024508
0.000436158
0.000331614
0.000372172
4.64452e-05
1.71986e-06
0.000105989
6.44519e-05
4.65715e-05
0.000260504
0.000151031
0.000144884
4.01916e-06
0.000110019
9.59265e-05
9.74262e-05
0.00012828
0.000186998
0.000175548
0.000742937
0.000221042
9.57115e-05
6.22254e-05
0.0009562
0.000585892
8.63568e-05
0.000135601
8.67149e-05
0.000414222
0.000333958
0.000435564
3.1839e-05
8.32466e-05
0.000282334
0.000180666
4.07569e-05
0.00015866
0.00039324
0.000629797
0.000131126
0.000412897
8.35591e-05
0.000381968
0.00043754
0.000503504
0.000111178
2.70986e-05
0.000221174
0.000225185
0.000263015
0.000332511
0.000197045
0.000190123
1.29195e-05
0.00012028
3.5478e-05
0.00024653
0.000339783
0.000529388
0.0001237
1.05639e-05
9.93401e-05
0.000256187
8.03799e-05
0.000422487
0.000365925
5.35187e-05
8.58539e-06
0.000225853
0.000421615
0.000533738
0.000169359
0.000213403
9.70023e-06
6.82868e-05
0.000311389
0.000229456
0.000234892
0.000144128
3.01295e-05
0.000624545
7.60348e-05
7.64685e-06
6.30686e-05
0.000181721
0.000193892
0.000157778
0.00013697
9.92024e-05
0.000259809
0.000167897
0.000544061
0.000420513
9.80765e-05
0.000320609
8.34185e-05
0.000247172
0.000193583
0.00025175
0.000465626
0.000182822
0.000104892
0.000207621
2.96488e-05
7.29349e-05
0.00064302
0.000138106
5.45317e-05
0.000132151
0.000865547
0.000458541
6.68515e-05
0.000107006
1.08414e-05
0.00058613
0.000387969
0.000317559
0.000497925
2.27873e-05
9.84215e-05
0.000485142
0.000203648
0.00033504
0.000444049
0.000721858
5.91368e-05
0.000157719
0.000369502
0.000388796
0.000219852
0.000164077
0.000519978
0.000195662
0.000703082
0.000349966
0.000801024
0.000460244
0.000230923
0.000535204
0.000326075
0.000624072
0.000825761
0.000509221
0.000365941
3.8177e-05
5.05326e-05
0.000700823
0.000596035
0.000398179
0.000159633
0.000227807
2.87981e-05
0.000471381
0.000277988
7.39541e-05
6.49666e-05
7.43101e-05
0.000163593
0.000661571
4.67537e-05
5.76948e-05
6.44469e-05
0.00021539
9.97455e-05
0.000598474
0.000290354
6.58249e-06
0.000299862
0.000303118
0.000250868
0.000125179
0.000438304
0.000185467
4.17137e-05
3.51314e-05
3.85427e-05
0.000275843
0.000176837
0.000146007
8.52899e-05
8.04932e-05
0.000879615
0.000670324
0.0005705
0.000539412
0.00060477
8.32772e-05
0.000572838
0.000311637
9.27467e-05
0.000445112
0.000349641
0.000242808
0.000248003
0.000145838
0.000326593
8.99333e-05
0.000126047
0.000183998
0.000128726
0.00041945
0.00111077
0.000278288
0.00035162
0.000966133
0.000807932
9.8175e-05
4.91879e-05
0.000280726
0.000281727
9.54698e-05
0.000382755
0.00013794
0.000113326
0.000789305
0.000214209
0.000481273
0.000224819
0.000216935
0.000909097
6.56824e-05
0.000641276
7.58807e-06
8.0291e-05
0.000526163
8.08996e-05
5.64228e-05
0.000244105
0.000368627
0.000407936
0.000321429
0.000630929
7.96988e-05
6.09856e-06
3.30689e-05
6.96042e-05
1.77512e-05
5.89792e-05
0.00064049
0.00043992
0.000229556
0.000216906
4.0661e-05
9.16343e-05
0.000773173
0.000109896
2.43864e-05
9.14553e-05
0.00012021
0.000241791
7.87157e-05
6.3317e-05
0.000447614
0.00012722
0.000179389
0.000388656
0.000226444
7.95013e-05
8.76645e-06
0.000164111
0.00019954
1.05588e-05
0.000223229
6.86587e-05
0.000185504
0.000133179
0.000281669
0.000137322
0.00125362
0.000616082
0.0003714
0.000128371
0.000409625
0.000503278
0.000441785
0.000398946
0.000461342
0.000788674
0.00100535
0.000733405
0.00024445
0.000205385
0.000256796
0.000122318
7.99046e-05
0.000106229
1.99149e-05
0.000293056
0.000842087
0.000235335
8.83622e-05
0.000259406
0.000564122
0.000369534
0.000610389
0.000573651
0.000134193
0.0003117
5.4189e-05
0.000133603
0.000139389
0.00050166
0.000345187
0.000349535
0.000462142
0.000263041
0.000182407
0.000310354
0.000273163
0.000230147
0.000259323
9.27597e-05
0.00026862
0.000760598
0.000282037
0.000104651
2.05482e-05
0.000226416
5.3845e-06
9.25583e-05
0.000219068
0.000473807
0.000226615
0.000576289
0.000279574
0.000264711
0.000231936
0.000337249
2.50399e-05
0.000113409
0.000109926
0.000108393
0.000105754
2.65928e-05
0.00018838
9.54255e-05
6.21888e-05
0.00033085
0.000201254
0.000116084
0.000198477
6.74873e-05
0.000127075
0.000145156
0.000211912
0.000330541
0.000264266
0.000195401
0.000538394
0.000332908
0.000182586
2.20327e-05
5.0975e-05
0.000612261
7.13349e-05
1.04265e-05
0.000220045
0.000103755
8.32247e-05
0.000217752
0.000110522
0.00052483
0.000169678
0.000285247
0.000580757
5.85379e-05
0.000576136
0.000324959
0.000265803
1.33809e-05
0.000599838
0.000226438
0.000226261
0.000236807
5.8474e-05
4.08589e-05
6.36163e-05
1.41321e-05
8.74489e-05
0.000291301
5.23459e-05
0.000366716
0.00053662
0.00082041
0.000567131
0.000670192
0.00021993
1.36701e-05
0.000187055
0.000241878
0.000353372
0.000526996
0.00026176
0.00047141
0.000140714
4.30506e-05
0.000251914
9.26242e-05
8.7512e-05
3.93272e-05
3.53808e-05
0.000180995
0.000597371
0.000413826
0.00101964
0.000883935
0.000188848
3.06009e-05
0.000562653
3.98062e-06
3.02619e-06
0.000268934
0.000189103
0.000301984
0.000142723
0.000303941
0.000489332
3.25818e-05
3.53637e-05
0.000221705
0.000103814
0.000145384
0.000351085
1.46195e-05
1.44346e-05
0.000137184
0.000360355
0.000239745
0.000217965
2.91661e-05
0.000203869
0.000152351
0.000194646
0.000187483
0.000247312
0.000544746
5.06455e-05
6.8135e-05
0.000285937
9.46047e-05
5.85992e-05
0.000116439
1.42274e-05
1.63034e-05
1.00733e-05
0.00026962
0.000631993
0.000257813
0.000259665
2.56834e-07
6.48476e-06
0.000246533
8.56774e-05
0.000201145
0.0002693
0.000520182
0.000259478
0.000296262
0.00011906
0.000546847
0.000473484
0.000221741
3.90468e-05
8.98095e-05
0.000209101
0.000145054
0.000165908
0.00041168
0.000472634
0.000445018
0.000352001
0.000703994
0.000278966
4.21946e-05
0.000187026
0.000586226
0.00057633
0.000321586
0.000214294
7.25601e-05
0.000149149
0.000320198
2.88795e-05
0.000275027
0.000361181
0.000300399
0.000108743
0.000199846
0.000195499
6.7198e-05
0.000708727
0.000385958
0.000716293
0.000503946
9.17559e-05
5.99122e-05
0.000235936
0.000374109
0.000660259
0.000419237
9.06626e-05
0.000181348
0.000123674
0.00057905
0.00036524
0.00028481
0.000581652
0.000249834
0.000373865
0.000419215
0.000256805
0.000204791
0.000203904
0.000527618
0.000221678
0.000499213
0.000475996
0.000174096
0.000286492
0.000224394
0.00033765
0.000987766
0.000214921
0.000313878
2.49028e-05
8.8271e-06
5.40003e-05
0.000224247
0.00014271
5.13854e-05
0.000612266
8.97358e-05
0.000422809
0.000253254
0.000744986
0.000819781
1.62485e-05
7.86146e-06
2.40679e-05
0.000403984
0.00102659
0.000652616
0.000141578
4.01795e-05
5.87729e-06
2.40335e-05
0.000133871
0.000533997
0.000269411
0.00032803
0.000880027
0.000253748
0.0001668
0.000205715
0.000185201
0.00020419
0.000475775
0.000258673
0.000588732
0.0001329
0.000291359
0.00017568
8.55949e-05
2.69653e-05
0.000141019
0.000135315
0.00106475
0.000297414
2.77379e-05
0.000205372
0.000263863
0.000207049
0.000509309
0.000270725
0.000142652
0.000393523
0.000366014
0.00077698
8.60341e-05
0.000522847
0.000309058
0.000385719
0.000262468
9.75515e-05
0.000128172
0.000648226
0.000921362
0.000341044
0.000238552
0.00010961
0.00026147
0.000281831
7.88806e-05
0.000541116
0.000329263
0.000462011
0.00020986
0.000440644
0.000424719
0.000157959
0.000608244
0.000774244
1.76619e-05
9.42043e-05
6.46123e-05
0.000271154
0.000130311
0.000261767
0.000167427
6.70693e-06
0.00022764
0.000150516
0.000575214
8.63865e-05
0.00012859
0.000321529
0.000218847
0.00014183
0.000363866
0.000167585
0.000151057
0.000416505
0.000509621
0.000454611
0.000208246
0.000641472
0.000993083
0.00042677
0.000420889
0.00027912
0.00061011
0.000288795
0.000314258
0.000330974
4.17905e-05
7.06276e-05
3.27187e-05
9.19442e-05
0.00035921
5.45953e-05
0.000105277
0.000244846
5.87151e-05
0.00043821
0.000334734
0.000132037
0.000362593
0.000306075
0.000356951
0.000153141
8.44436e-05
9.87062e-05
0.000338409
0.000304972
0.000223942
0.000441505
0.000294069
0.000656777
0.000121081
0.000659441
0.000290978
9.37414e-05
0.000333969
0.000271457
0.000103368
0.000143111
6.86732e-05
0.000311889
8.39439e-05
0.000218265
0.000493903
0.000191218
0.000520978
0.000411054
0.000206036
1.31613e-05
0.000121287
8.95099e-05
3.54923e-05
0.000229662
0.000196962
0.000535515
0.00036561
0.000403104
5.71572e-05
0.000457236
0.000240795
0.00015767
8.54454e-05
3.43184e-05
0.000292829
0.000224229
0.000527938
4.82152e-05
0.000333447
0.000181762
0.000407804
0.000570422
0.000669161
0.000882528
0.00019698
0.000137056
0.000557288
6.90004e-05
0.000234025
0.000363042
0.000443654
6.06121e-05
0.000136138
0.00081344
0.00024087
0.000240166
0.000424781
0.000812324
0.00061556
0.000348575
0.000231299
0.000126931
0.00053214
3.8299e-05
0.000205414
0.000429541
0.000321341
0.000333856
0.000236192
9.34086e-06
3.19485e-05
3.73517e-05
9.88777e-05
0.000529672
0.000557722
0.000991933
0.000201805
0.000113611
0.000470615
0.000457255
0.000603644
0.000319106
0.000291929
0.000275714
2.87808e-06
8.11913e-05
4.13989e-05
5.78127e-05
0.000162721
0.000292786
0.000114306
5.86796e-05
4.52695e-07
2.24825e-05
0.000125383
0.000548847
0.000112128
2.5548e-05
3.92797e-05
0.000780825
3.4804e-05
0.000140638
2.213e-05
0.000136576
0.000966165
0.000746575
0.000107859
7.10303e-05
0.000433178
0.000187565
0.00023358
0.000216204
0.00041724
5.73745e-05
0.000539668
0.000164063
0.000419463
0.00045351
0.000341264
8.86435e-05
0.000471096
0.000143105
0.000994828
9.98765e-05
1.20833e-05
1.39803e-06
8.65401e-05
0.00053973
0.000626098
0.000443771
0.00033399
0.000889156
0.000219679
0.000946538
0.000398133
0.000153133
0.000353013
0.000426826
0.000638388
0.00025624
0.000625985
0.000147814
0.000338781
0.000186768
0.00046273
6.09433e-05
8.66377e-05
0.00034539
0.000241433
0.000455729
0.000226069
0.000443447
8.75797e-05
6.17962e-05
0.000339024
0.000242047
0.000725058
0.000656025
0.000192685
0.000332607
8.10227e-05
3.88911e-05
0.00014584
0.000258169
0.000401107
0.000609626
0.000422676
0.000224882
1.11386e-05
0.000287294
0.000216117
1.1186e-06
7.8137e-06
6.48497e-05
0.000330022
0.00011379
0.000617224
0.000745166
0.000553509
0.000521887
0.000459737
0.000500585
0.000310786
0.000669609
0.000575828
0.000287202
0.000280253
0.000567363
0.000132729
0.000196704
0.000179504
9.04059e-05
0.000285098
0.000357306
5.5788e-05
0.000524058
0.000571891
0.000618912
5.93878e-05
0.000142177
0.000267953
0.00019357
0.000322521
8.95053e-05
2.72226e-05
7.769e-05
9.52485e-05
0.000103974
0.000142034
0.000363742
0.000484004
6.24517e-05
8.83254e-05
0.000475292
2.52526e-05
2.43634e-06
8.39587e-05
0.000235527
0.000241488
0.000172666
0.000113726
0.000389992
0.000335282
0.000786951
0.000125017
0.000293191
0.000448425
0.000173392
0.000431283
0.000624312
0.000116376
0.000182647
0.00057852
0.00047639
0.000484992
0.000118213
0.000406712
0.00108329
0.000797478
0.000551089
9.89579e-05
7.64483e-05
0.000125858
0.000273432
0.00010334
0.000546791
0.000284032
0.000458607
1.24398e-05
0.000189932
0.000422655
0.000296058
0.000865317
0.000427332
0.00046371
0.000139061
4.47495e-05
1.48541e-05
2.31198e-05
0.000193585
5.478e-05
0.000302121
0.000264522
8.80812e-05
0.000295208
0.000807722
5.14552e-05
6.45409e-06
2.8594e-07
1.87563e-05
2.85106e-05
7.25812e-05
0.000332739
0.000109438
0.000240129
0.000335939
0.000470226
0.000395685
0.000665073
0.000467238
0.000119115
0.000151055
0.000392115
0.000522328
0.000598662
0.000289673
0.000338437
0.000401009
2.8221e-05
3.29315e-05
0.00012454
0.000667493
9.10533e-05
0.000410703
0.000101219
8.20192e-05
3.85956e-05
0.000614595
0.000890177
0.000216366
0.000346762
0.000589889
0.000406324
1.94208e-05
8.49933e-05
0.000161793
4.46601e-05
8.56585e-06
0.000681405
0.000601564
0.000512129
0.000418319
9.45293e-06
8.46771e-05
0.000222456
0.000246465
2.77254e-05
4.11323e-05
0.000440449
0.000183281
0.000476052
0.000710111
6.18452e-05
0.000156496
2.46955e-05
4.82284e-05
0.0005756
0.000106731
2.67053e-06
6.67899e-05
0.000137232
0.000183501
0.000337041
5.45701e-05
3.13857e-05
0.000175455
9.9952e-05
0.000121826
0.000127224
1.90705e-05
4.09772e-05
4.35581e-05
0.000432141
0.000509927
0.000297736
0.000731723
0.000129474
0.000600716
0.00011236
0.000156895
0.000139746
3.37455e-05
5.62367e-05
0.000536281
0.000139985
0.000306174
0.000179975
6.62437e-05
0.000190146
0.000346698
0.000233102
0.00081465
0.000247345
0.000278916
0.000291605
0.000240517
0.000121359
1.44902e-05
0.000204002
0.00015798
0.000252679
0.000122429
2.57212e-05
0.000140664
0.000275329
0.000315556
0.000314916
6.02837e-05
0.000128656
0.000143916
0.000428865
0.000400704
7.72968e-05
6.1162e-05
0.000306515
0.000460767
0.000164836
5.40429e-05
0.000116652
0.000313008
0.000171884
0.000315562
0.000331364
0.000261361
0.000172541
0.000194306
2.5823e-05
9.15844e-05
0.000623953
0.000478833
0.000264031
0.000984509
6.94761e-05
5.06261e-05
0.000101946
0.000403611
0.000186427
0.000161812
0.000834035
0.000535252
0.000413092
0.000322318
0.000112532
0.00034841
0.000458367
0.000268412
0.000199855
0.000355811
7.68907e-05
0.000149154
5.51519e-05
0.000186776
0.000320704
0.000466697
0.000595349
0.000385643
0.000300314
0.000157734
0.000104434
0.000264785
0.000380175
5.84839e-05
0.000451189
0.000293373
0.000452115
0.000129757
0.000301316
0.000112655
0.000265291
0.000229714
7.02197e-05
0.000167332
0.000143222
1.4679e-05
0.000547465
0.000165514
8.33991e-05
0.000515931
0.000356413
0.000639264
0.000146445
8.37132e-05
0.000164268
0.000249218
0.000158037
0.000253914
0.000142452
0.000243795
0.000145058
1.94737e-05
0.000212562
0.000152561
0.000671697
0.00073604
0.000392761
0.000265187
0.000458557
0.000351909
0.000249735
0.000492117
9.39314e-06
0.000115978
0.000455698
0.000394768
9.70092e-05
4.92745e-05
0.00027644
0.000350019
9.47071e-05
0.00033725
0.000153996
0.000725864
1.18333e-05
9.36226e-06
0.000682464
5.99207e-05
0.000823311
0.000646497
0.000298347
6.305e-05
8.52428e-06
0.000352486
0.000287635
0.000181155
0.000308598
0.000580971
0.000390081
0.000115452
0.00037869
0.000110191
0.000238423
0.000178934
8.33528e-05
0.000167156
0.000210652
0.000211048
0.000232888
8.69096e-05
7.34622e-05
9.41581e-05
0.00063791
0.000268872
0.000406464
0.000270319
0.000296115
0.000149752
3.97984e-05
0.000167961
0.000127359
2.11882e-05
5.52359e-05
0.000365651
6.50184e-05
5.62981e-05
4.4417e-05
8.39258e-06
8.00017e-05
0.000115993
0.000601894
4.83253e-05
0.000144482
0.000451643
0.000302101
8.18047e-05
0.000364968
0.000651962
0.000486985
2.22389e-05
5.28857e-05
0.000111514
2.90946e-05
0.000819926
0.000113941
3.44625e-05
1.0956e-05
5.39969e-05
5.29555e-06
0.000562747
0.000332405
6.83018e-05
8.41455e-05
2.51799e-05
0.000369722
6.14935e-05
1.46169e-07
2.96476e-05
0.000236434
0.000523814
5.06842e-05
0.00039656
0.000503192
0.000129509
0.000245071
7.31522e-05
0.000552574
0.000244426
0.000458837
0.000344772
2.0671e-05
7.22579e-05
4.19724e-05
0.000218697
0.00070234
0.00026738
0.000309214
0.000307102
0.000134366
0.000135275
3.3091e-05
0.000214845
0.000731886
0.000706309
0.000411616
0.00027342
0.00055197
0.000493163
0.000281218
1.04692e-05
0.000441181
0.000344365
9.58776e-05
0.000130717
7.17841e-05
0.000142742
3.65917e-05
0.00013207
6.9928e-05
0.000133101
0.000369546
0.000382565
0.000244193
0.000210489
4.28575e-05
0.000172799
0.000616566
4.47814e-05
2.32946e-05
5.46325e-05
5.71309e-05
9.26169e-05
8.90382e-06
0.000172027
0.000532486
0.000253259
0.000130702
4.47074e-05
6.35579e-05
6.01728e-05
0.000407504
0.000241332
0.000426738
0.000865105
0.000317983
0.000576642
0.000111845
0.000387835
0.000411383
0.000600533
0.000169517
0.000224908
0.000481877
0.000452346
0.000169956
0.000187849
2.29935e-05
0.000311734
0.000464853
0.000344219
0.00016965
7.95528e-05
0.000692504
0.000473169
0.000396616
0.000465587
0.000135377
4.09532e-05
4.83408e-05
5.1486e-05
0.000240157
9.42792e-05
4.04061e-05
0.000112722
0.000222819
0.000130039
0.000158485
6.94319e-05
4.45639e-06
7.59535e-05
6.0775e-06
1.20614e-05
0.00013311
3.69663e-05
0.000180921
0.000934104
0.000395508
0.000872704
0.000159572
5.7144e-05
2.78005e-05
0.000674977
0.000498134
0.000374785
0.000110361
0.000239425
0.000260218
0.000512994
0.000346193
0.000116426
9.31487e-05
4.12398e-05
0.000742212
0.000308127
0.000258677
0.000195553
1.37127e-05
6.12019e-05
4.52619e-05
0.000568434
0.00070306
0.000121774
0.000254563
2.67289e-05
2.63716e-05
0.000121299
9.78748e-05
4.20225e-05
0.000182529
6.64109e-06
1.13823e-05
0.000118652
0.000121739
0.000117924
0.000210555
0.000124232
0.000150469
5.49375e-05
0.000393958
0.000790923
3.04545e-05
0.000259297
0.000145186
0.000179693
0.000465864
0.000360031
0.000112742
0.000128023
4.31963e-05
8.741e-05
7.49019e-06
2.10828e-05
0.000208049
0.000500279
0.000738522
0.00059714
0.00027103
0.000158325
9.3763e-05
0.00034184
2.27836e-05
0.00012374
0.000230595
9.76656e-05
0.000259041
0.000276526
0.000187042
0.000155689
0.000260464
0.000371868
0.000270172
1.38852e-06
0.000181861
0.000487012
0.000118414
0.000190552
0.000210329
3.89235e-05
2.20723e-05
0.000205641
0.000390002
0.000349902
9.47859e-05
2.20888e-05
0.000648337
0.000434156
5.5153e-06
0.000582066
0.000198059
5.56894e-05
0.000340119
0.000646911
0.000594519
0.000342791
0.000105856
0.000502427
0.000234196
0.000231932
0.000197763
9.28879e-05
0.000225103
8.5266e-05
0.000282786
0.000252448
0.00116661
5.0727e-05
0.000540785
0.000184987
6.32016e-05
0.000100662
0.000568098
0.000316707
4.33594e-05
0.000585613
0.000583003
2.30812e-06
0.0001072
7.81911e-05
0.000493169
0.000270136
0.000720561
0.000179789
0.00087656
0.000936227
9.69475e-05
0.000229541
0.000236459
0.000325753
0.00039045
0.00055807
0.000305371
0.000195337
0.000305282
4.98815e-05
8.50019e-05
0.000188584
0.00023906
0.000272441
0.000359446
0.000313822
6.24296e-05
0.000414894
8.77269e-05
0.000561144
0.000401357
1.11055e-05
7.07326e-05
0.000135013
0.000235068
0.000195056
5.9526e-05
8.71681e-05
0.000308066
8.0927e-05
0.000297977
0.000370627
0.000738747
0.000419597
0.000483651
0.000470512
0.000214562
0.000501016
0.000378917
0.000663217
0.000546209
0.000265166
0.000376209
0.00043842
0.000472201
0.000439051
0.000578522
0.000111043
0.000235417
7.08882e-05
0.00032663
7.24397e-05
8.35014e-05
0.000101947
3.18104e-05
0.000234013
0.000415413
4.21745e-05
0.000414309
0.00064156
0.000153395
8.1769e-06
1.64931e-05
4.61812e-05
4.92336e-05
0.00121105
0.000196889
0.000362682
0.000253514
0.00033398
0.000380005
1.87377e-05
1.64571e-05
4.94549e-05
4.05353e-05
0.000263251
0.00062207
0.000463838
0.00044515
0.00010499
0.000261314
0.000626455
0.000113259
0.000246008
0.000361833
0.000697508
0.000127326
0.000164646
7.23822e-07
3.00877e-05
7.80933e-05
8.28414e-05
6.97774e-06
0.000102603
0.000141096
7.41041e-06
0.00030649
0.000971962
0.000689871
0.000400066
0.000689039
0.000455399
0.00035915
0.000399829
8.90573e-05
0.000324959
0.000157023
0.000211018
0.000524891
7.97305e-05
0.000405566
0.000355102
0.000390536
0.000208698
0.000104451
0.000130485
0.000492913
0.000472488
0.000162218
4.74717e-05
8.14688e-05
1.83364e-05
0.000306664
8.50771e-05
0.000188844
0.000292344
0.000275684
0.000250595
0.000728237
0.000229222
0.000579435
0.000122275
8.81038e-05
0.000288522
0.000278707
2.23081e-05
0.000282369
7.33691e-05
0.000202268
0.000283832
8.62071e-05
0.000281282
0.00074145
0.000219973
0.000109931
4.32786e-05
0.000105719
2.73502e-05
4.26394e-05
0.00035034
9.88477e-06
4.66868e-05
7.00988e-05
0.000257574
7.40613e-05
4.48272e-05
0.000256968
5.22435e-05
2.59216e-05
0.000350101
0.000102197
4.20227e-05
8.94759e-05
1.19438e-05
8.3863e-07
0.000107886
0.000357932
0.000117404
3.84269e-05
6.51123e-05
0.000231301
2.96613e-05
1.47723e-05
7.01866e-05
0.000273907
0.000271266
3.58323e-05
1.14093e-06
0.000426168
0.000590058
0.000690095
3.50783e-05
0.000326489
0.000488755
0.000175707
0.000206613
0.000360955
0.000422491
0.000424118
0.000147353
0.000347839
0.000608447
0.000535016
0.000182948
8.69344e-05
0.00022303
0.000167863
0.000104823
0.000200432
0.000161014
0.000147039
0.000496945
3.64068e-05
0.000133324
0.000115815
0.000189293
1.67489e-05
0.000654172
0.000554432
0.00069821
0.000275788
2.38562e-05
0.000152972
0.000627933
0.000611771
0.000237717
3.61705e-05
0.000178349
0.000691563
0.000230264
0.000452707
0.000154841
0.000120537
0.000538923
0.000301124
0.000303624
0.000335213
8.40498e-05
0.00017131
8.13541e-06
4.77556e-05
0.00064164
0.000105076
0.00020859
0.000171153
0.00011379
4.39318e-05
4.95177e-05
1.51869e-05
3.12475e-05
0.000624102
8.41047e-05
0.00032647
8.03994e-05
4.29295e-05
0.000575465
0.00025006
0.000200207
0.000224656
3.1264e-05
2.7777e-05
0.000253611
1.40043e-06
0.000852726
0.000125323
0.00022102
0.000629904
0.000247369
0.000385222
0.000123563
8.31891e-05
6.29949e-06
0.00046608
7.1222e-05
0.000134116
0.000147502
0.000275242
0.000341012
0.000183264
8.37495e-05
3.17124e-05
6.03305e-05
4.64835e-05
1.34426e-05
0.000121708
0.000204584
0.000291976
0.000181202
2.75478e-05
0.000116102
8.3695e-05
0.00023395
0.000103888
0.000234682
0.000106735
0.000635275
0.000437277
0.000519346
0.000639458
0.000322758
8.19931e-05
0.000303973
0.000210955
0.000400925
0.000117197
4.62306e-05
8.62855e-05
6.99951e-05
0.000395115
0.000278697
0.000428671
0.000192537
0.000226242
0.000475494
0.00080799
4.08762e-05
1.7846e-05
6.41362e-05
2.12554e-05
0.00030425
0.000768594
0.000222921
0.000414834
0.000135825
8.08761e-05
0.000182772
0.000500204
0.000435303
9.22678e-05
0.000548726
0.000513205
0.000446118
7.14545e-05
0.000231155
0.000453248
0.000198185
0.000320924
0.000311138
0.000244058
0.000222032
0.000216556
0.00024977
0.00070524
6.19986e-05
0.000356437
0.000548231
7.12842e-05
3.3025e-05
4.06533e-05
6.3822e-06
0.000410979
0.000103256
0.000338286
0.000296667
0.000431019
0.000207613
0.000236218
0.000430792
9.01801e-05
0.000350163
0.000152892
0.000178488
0.000268139
0.000133933
0.000340124
0.000227565
0.000101804
0.000234171
0.000118481
5.35545e-05
8.05563e-05
0.000561437
0.000434708
1.74255e-05
3.28395e-06
0.000122385
0.000190522
0.000357544
0.000504236
6.06439e-05
0.000261147
0.000266375
4.13172e-05
2.95459e-05
0.00031656
6.11311e-05
0.00020467
7.10653e-05
0.000241293
5.01465e-05
0.000296762
0.000286917
0.000102627
0.000755948
0.000132846
0.000577216
0.000628773
0.000308169
8.41168e-05
0.000197637
2.98709e-05
9.0584e-05
0.00040733
0.000309025
0.000198605
0.000147708
0.00033175
0.000778546
0.000208834
6.8795e-05
0.000145562
7.57385e-06
6.21192e-05
0.000105455
0.000199596
0.000245356
1.16221e-05
0.00010835
9.63262e-05
2.54214e-05
0.000854894
0.000327221
0.000667062
0.000215173
9.18367e-05
0.000137412
0.000103423
0.000370031
4.32651e-05
0.000163978
0.00020675
7.93009e-06
0.000205453
0.000251097
0.000135214
9.42534e-06
5.13308e-05
8.89477e-05
0.000383925
1.9822e-05
0.000781351
0.000845208
0.000114967
0.000291372
5.83615e-05
5.85811e-05
0.000132301
7.16463e-05
1.96415e-05
4.99442e-05
0.000171149
2.64859e-05
0.00042993
0.000155873
0.000112812
0.000171956
0.000104428
0.000306353
0.000122675
0.000470902
0.00108969
0.000419279
0.000359725
0.00027845
0.000107039
1.20508e-05
0.000393176
0.000133822
1.9332e-05
0.000261883
0.00019835
0.000546308
0.000223763
0.000294333
4.56856e-05
8.34592e-05
0.000375227
9.38974e-05
0.00017401
0.000422547
0.00015496
8.19592e-05
4.20709e-05
0.000235198
0.000166055
6.88996e-05
0.000294451
0.000211552
0.000651008
2.86664e-05
1.60999e-05
0.000118698
0.000334758
0.000296867
0.000182192
0.000158847
0.000501029
0.000618492
0.000331271
8.86688e-05
5.46815e-05
5.4693e-05
6.46836e-05
7.03435e-05
7.12948e-05
0.000389225
0.000130376
9.80861e-05
4.82571e-05
8.91607e-05
0.000215376
0.000270325
0.000219454
0.000303236
0.000507486
0.000637515
0.000457595
0.000647679
0.000456627
0.00034365
0.000281722
0.000456615
0.000878008
0.000460503
0.000393806
0.000119638
3.77043e-05
5.41655e-05
0.000324155
0.000183039
0.000461341
0.000295862
3.72259e-05
3.47765e-05
0.000541986
4.8704e-05
0.000269305
0.000236715
0.000696547
0.000149822
0.000948687
0.000151029
0.000813963
0.0002763
5.10766e-05
0.000435614
0.000692424
0.000338734
0.000380477
1.40736e-05
0.00023997
0.000171522
0.000271769
0.000207104
0.000315742
0.000293977
0.000769982
0.000300906
0.000471585
0.000364501
4.00976e-05
0.000411334
0.00110118
0.000427583
0.000258579
0.000200917
0.000136258
4.94093e-05
0.000254602
0.000229924
0.000361046
0.000176515
7.85676e-05
3.53729e-05
1.25212e-05
0.000497233
0.00100893
0.000642443
0.00043054
0.000194512
1.06414e-05
2.73206e-05
0.00041177
0.000201168
0.000207606
0.000932896
0.000396435
8.60206e-05
0.000114068
6.90335e-05
4.29613e-05
3.72271e-05
9.88523e-05
0.00016044
4.32972e-05
3.26881e-05
0.000833233
3.83528e-05
0.00026695
0.000373075
2.66362e-05
0.000305268
6.90522e-05
4.31151e-05
1.91375e-05
0.000515394
0.000842686
0.000396054
0.00105561
0.000744936
0.000294564
0.000184104
0.000538976
0.000354308
0.000119578
0.000244406
0.000215393
3.14322e-05
0.000622067
0.000189546
0.000219781
0.000278368
0.000256342
6.01641e-06
0.00025566
0.000434675
0.000192128
0.000354604
0.000522912
0.000468013
2.55202e-06
0.000102035
3.22069e-05
2.07038e-05
6.39293e-05
0.000267022
3.71031e-05
0.000411649
0.000270952
0.000131835
0.000343585
4.22687e-05
0.00061023
2.95991e-05
1.98372e-05
3.56792e-06
4.94514e-05
0.000373173
0.000321652
0.000182551
0.000249268
0.000639436
0.000479431
0.000425176
6.84441e-05
0.000435578
0.00022914
0.000259132
0.000156902
0.000557673
0.000512341
0.0002961
0.000440986
0.000352154
0.000618224
1.13389e-05
0.000174027
2.55869e-05
3.48795e-06
0.000130608
0.000700656
0.000234009
0.000211302
0.000338239
6.43888e-05
0.000417192
2.49249e-05
2.23949e-05
4.04569e-05
0.000593049
0.000164977
0.000123432
0.000218607
0.000345108
0.000311154
0.0005859
0.000374491
0.000206414
1.69755e-05
2.55575e-05
0.000553049
3.2412e-05
8.10663e-05
0.000268786
0.000346304
0.000593447
0.00024368
0.000214653
3.60559e-05
0.000272993
0.000804444
0.000150521
0.000135898
7.8987e-05
3.96789e-05
0.000122958
9.17456e-05
0.000103191
0.000412195
0.000418075
0.000222769
2.55278e-05
3.84913e-05
0.000351829
0.000247641
0.000921675
0.00018798
3.10161e-05
4.38853e-05
0.000480606
0.000183178
0.000439598
0.000266047
0.000390536
0.000323591
0.000801456
0.000131155
0.000447515
0.000419306
0.000115738
0.000420487
0.000511528
0.000892237
9.21222e-05
0.000293775
0.000404852
0.000830326
0.00031843
5.7199e-06
0.000260039
0.000175475
0.000125883
0.000142575
0.000111522
0.000480168
0.000422248
1.82253e-05
0.000190424
0.000460921
0.000616124
0.000458317
0.000321991
0.000679643
0.000182007
0.000571938
0.000220999
4.52154e-05
0.000978146
0.000214252
0.000356202
0.00100057
0.000360794
0.000245134
0.00033746
0.000568106
1.5642e-05
3.69793e-05
0.000262975
1.00562e-05
3.2605e-06
9.28964e-05
0.000129449
0.000341825
0.000558484
0.000563983
0.000374087
0.000198716
2.05319e-05
0.000143942
0.000426138
0.000169618
0.000361489
0.000294818
0.000290455
0.000389112
7.63808e-05
0.000564376
0.000124895
0.000132425
8.58295e-05
0.000373242
0.000402903
3.20102e-05
9.3889e-05
0.000363008
0.000211157
0.000450374
0.000357955
2.92e-05
9.8137e-05
0.000264712
9.8661e-05
0.000662319
0.000256501
0.000256659
0.000221357
0.000316926
0.000580177
0.000396915
0.000576495
0.000337953
0.000513738
0.000322648
0.000419311
0.00010024
7.43558e-05
0.000248955
0.000134599
0.000119541
0.000313629
0.00110536
0.0005296
0.000172436
0.000272231
0.000232896
0.000183608
0.000258626
0.000620642
0.000734535
0.000255956
0.000396713
8.38038e-05
0.000158618
0.000138038
0.000449998
2.69637e-05
9.46898e-06
0.000115781
0.000595375
0.000909476
0.000709228
0.000392001
6.84811e-05
0.000167079
0.00010406
0.000540368
0.000105853
0.000238862
4.67406e-06
5.50609e-05
0.000287709
0.000754351
3.99069e-05
8.26013e-05
0.000390712
8.07353e-05
0.000157755
0.000272736
1.93009e-05
0.000498968
0.000365268
0.000283163
0.000382755
7.08115e-05
0.000179852
0.000301102
0.00031068
0.000297517
0.000195152
0.000237832
0.000144133
4.21204e-05
3.57511e-05
6.09705e-05
3.97008e-05
0.000250441
0.000438751
0.000145549
0.000246564
0.000386412
0.000453663
0.000129059
5.17026e-05
0.000400427
0.000340777
0.000167781
1.78764e-05
6.86051e-05
0.000336577
6.61087e-05
0.000108051
8.77763e-05
6.07726e-05
0.000160792
7.85121e-05
0.000337881
0.000301662
1.36535e-05
9.43249e-05
0.000140592
0.000352202
0.000326257
0.000616444
0.000369456
0.00038153
7.99641e-05
0.00014637
0.000153824
0.000138743
0.000131216
0.000176421
0.000344023
0.000179255
0.000279099
5.95049e-05
0.0002476
0.000623492
0.000122805
4.48058e-05
0.000126515
3.80819e-05
6.23305e-05
0.000341289
8.85615e-05
1.46628e-05
0.000163371
0.000249214
0.000406629
0.000379197
0.000428563
0.000457432
0.000202721
4.72266e-05
0.000198816
5.98932e-05
1.77568e-06
1.29902e-05
0.000475923
0.000114788
0.000174257
0.000355983
0.000478443
0.00064197
0.000545843
0.000320359
0.000123859
0.000249254
0.000247865
7.21725e-05
0.000172486
0.000326731
0.000220953
0.000136909
0.000136071
9.45212e-05
2.43634e-05
0.000145495
0.000120434
0.000170819
8.95898e-05
0.00028943
0.000130885
0.000174933
0.000103017
4.2779e-05
0.000187658
1.17807e-05
5.40238e-05
0.000834276
0.000192965
0.00020275
1.71996e-05
0.000523573
0.000715364
0.000127673
5.59806e-05
9.92561e-05
0.000280438
0.000848519
0.000552379
0.000244325
0.000176007
0.000417146
0.000301768
0.000170852
4.07038e-05
4.90821e-05
0.000415296
7.31447e-05
0.00034083
0.000290324
0.000318008
0.000339286
1.86815e-05
0.000219435
0.000181883
0.000534265
0.000223522
3.61902e-06
0.000909855
0.000411238
1.11921e-05
0.000440553
2.12651e-05
7.37854e-05
0.00018736
1.90403e-05
1.55362e-06
1.50126e-05
0.000222626
0.000444327
9.90303e-05
3.11079e-05
0.000320941
0.000731284
0.000111081
0.000479695
0.000540196
0.000857233
0.000609406
4.38047e-06
0.000150827
0.000292704
0.000349488
6.37581e-05
0.000723244
0.000236517
0.000496277
0.000245449
1.09895e-05
0.000549424
0.000482461
0.000126682
0.000325568
0.000226048
0.000318974
0.000193801
2.5937e-05
0.000247922
5.98621e-05
3.15067e-06
0.000142311
6.93794e-05
6.18766e-05
2.28124e-05
1.00198e-05
1.89545e-05
0.000314602
0.000710072
0.000279778
0.00039988
4.01328e-05
0.000105215
0.000117693
0.000112053
0.000292285
0.000499763
0.000474178
0.000379118
0.000188842
0.000207533
6.13556e-06
0.00039286
0.000276476
0.000442742
0.000407429
0.000430897
8.04004e-06
0.000137486
0.000263933
0.000252439
0.000132757
0.000218191
0.000304184
0.000317086
0.000464384
0.000301062
3.20209e-05
0.000147875
0.000456147
0.000639861
0.00046512
4.51223e-05
5.93293e-05
0.000524701
3.36672e-05
0.000544158
0.000376306
0.000313219
0.000412513
0.000498456
0.000284501
3.65175e-05
0.000183267
0.000310917
0.000136518
0.000143464
0.000231495
0.000290018
4.26085e-05
0.000132495
0.00015049
1.22341e-06
4.16963e-05
0.00016452
0.000498611
0.000187492
0.000133928
3.39356e-05
0.000123755
0.000649198
0.000474094
0.000563718
0.000381799
0.000676949
0.000341261
0.000432718
0.000571858
0.000556023
0.00045985
0.000366199
0.000284258
0.000305245
0.000583432
9.25577e-05
0.000107026
0.000317512
0.00013566
6.10341e-06
1.07716e-06
0.000253461
0.000283807
0.000931513
0.000186073
7.97299e-05
0.00010615
1.39831e-06
0.00031278
0.000863177
0.000313987
0.00022506
0.000261625
0.000210023
0.000235794
0.000429471
0.000129735
4.48589e-05
2.59756e-05
0.00074058
0.000244244
4.52084e-05
2.1832e-05
9.83628e-05
0.000340973
0.000137882
0.000248885
0.000260387
0.000451949
0.000346214
7.86834e-05
0.000389391
0.000237073
3.37107e-05
9.80898e-05
0.000804199
0.000233266
0.000311208
2.48739e-05
0.000147134
0.000146528
8.64022e-05
0.000338573
0.000633427
0.000308569
0.000316548
7.17494e-05
0.000212082
0.00025232
0.000205728
5.08931e-05
0.000184309
0.000781132
6.75492e-05
1.22313e-05
0.000336503
0.000444577
0.000342857
0.000686941
0.000259517
0.000323213
0.000633884
0.000381568
0.000460387
0.000758782
9.34244e-06
0.000130171
2.70807e-06
1.88237e-05
0.000421888
0.000702419
1.78671e-05
9.15174e-05
0.000414962
6.31167e-05
0.000426517
9.40124e-05
0.000100876
5.41698e-05
0.000524796
0.000289251
0.00060299
0.000217758
0.000262413
8.07208e-05
0.000428865
6.16239e-05
0.000454913
0.000763785
0.000187466
9.53649e-05
0.000234081
0.000104286
0.000138727
0.000133088
0.000347585
0.000225124
0.000519167
0.000827771
0.000815442
0.000102315
8.67095e-05
0.000465017
9.31103e-05
0.000488958
0.000468748
0.000154252
6.94354e-05
0.000357155
0.00014875
0.000384754
0.00044564
0.000373286
0.000204772
8.62406e-05
0.000391118
0.000289852
3.77619e-05
7.62182e-05
0.000440644
0.000192071
0.000369288
0.000124597
0.000338577
0.000179033
0.00074298
0.000204512
0.000340774
0.000188697
0.000417834
5.99003e-05
2.07847e-05
0.000620627
0.000245143
0.000190675
0.000822092
0.000154454
7.74773e-05
2.48725e-05
7.24774e-05
0.000544686
0.000356429
0.000210321
0.000279672
7.25642e-05
0.000116813
0.000932923
0.000296161
0.000172209
0.00019233
0.000394492
0.000367139
0.000544347
0.000298077
0.000209627
0.000250805
0.000241694
0.000291287
0.000141646
0.000263416
0.000300409
4.59685e-05
0.000312188
0.000280953
0.000272154
0.000203966
1.45725e-05
0.000146466
0.000249179
0.000608013
0.000450585
0.000105987
0.000151661
0.000101688
4.91739e-05
2.75841e-05
0.000320266
0.000159231
3.85714e-05
0.000900681
0.000354893
0.000295908
0.000336799
8.65717e-05
0.000526182
0.000187804
0.00028325
0.000284254
0.00012664
9.70059e-05
0.000485587
0.000234909
0.000189154
0.000230161
0.000599025
0.000642949
0.000815615
0.000726651
0.000664831
5.70503e-05
0.000168827
0.000107071
6.90912e-05
3.91471e-05
0.000200562
0.000110652
6.38261e-05
0.000372707
0.000377498
0.000367318
0.000422619
0.000719823
0.000481477
0.000283499
1.06297e-05
0.00031614
2.08283e-05
0.000628901
0.000352289
5.96633e-06
2.12608e-05
0.000198228
0.000220471
0.000210193
0.000103522
0.000176583
0.000223583
0.000246792
0.0001722
0.000421739
0.000514727
0.000571588
0.000663466
0.000348302
0.000207729
0.000322023
0.000388903
7.99799e-05
0.000536429
0.000141488
0.000170922
0.000705952
0.000605052
0.000388169
0.000610974
0.000433632
7.47174e-05
1.92508e-06
0.000113
5.45263e-06
1.85286e-05
6.71739e-05
0.000193165
0.000546627
0.000116782
0.000163842
5.15395e-05
2.23291e-05
0.000266343
0.000549637
0.000309713
0.000262382
1.16414e-05
8.95156e-06
0.000209922
8.59133e-05
0.000164272
0.000164762
0.000433107
0.000323007
9.92076e-05
9.92718e-05
2.23838e-05
0.000131826
0.000210694
0.00012821
4.69537e-05
7.36291e-05
0.000302927
0.000242321
0.000384522
0.000481398
7.92851e-07
0.000382856
0.000562473
0.000807017
0.000502117
0.000363682
0.000359945
5.76456e-05
0.000506827
0.000252197
0.000239969
0.000290979
0.000680587
0.000677765
0.000139525
1.42367e-05
0.000350601
0.000230096
2.14145e-05
0.000349566
0.000213169
0.000106234
0.000178499
0.000292149
0.000262744
0.000104797
0.000343956
0.000413812
0.000647801
8.84173e-05
7.95453e-05
0.00026258
0.000105421
0.00010603
0.000440717
0.000597176
0.000229983
0.000204734
1.687e-05
4.94403e-05
0.000134071
0.00019971
0.000487327
2.45168e-05
0.000150203
9.71108e-05
0.000425683
9.56463e-05
0.000573862
0.000601134
0.000350448
0.000409612
0.000290655
0.000473281
0.000336121
0.000547646
0.000349062
0.000222266
0.000109643
0.000459012
0.000710568
0.000915961
0.000496893
0.000556241
0.000353176
0.00037157
0.0003027
0.000179073
0.00029681
8.50188e-05
0.000719652
0.000432127
0.000435376
0.000856621
0.000705537
1.6122e-05
0.000470947
0.000887499
0.000516206
7.75354e-05
0.000417909
0.000108227
3.42559e-05
0.000187852
0.00108294
0.000638857
0.000188896
9.26216e-05
9.3883e-05
0.00028197
0.000784206
0.000190314
0.000274428
0.000213847
4.39695e-05
0.000345849
0.000104024
7.74061e-05
0.000870565
0.000430624
2.31364e-05
0.000296566
0.000105635
6.87015e-05
0.000257977
0.000299617
0.000422385
0.000272699
0.000345111
7.94038e-05
0.000218614
4.04082e-05
2.23438e-05
0.000421986
2.67556e-05
1.77917e-05
0.000513096
0.000122692
0.000470535
0.000771177
6.39789e-05
5.98201e-05
0.000167397
0.000217808
0.000272613
9.27022e-05
2.90189e-05
0.00102668
0.000394087
5.81483e-05
8.54607e-05
1.36815e-05
0.000105939
0.000193965
0.000171351
0.00026703
1.78723e-05
0.000429467
7.50818e-05
0.000317293
0.000785225
0.000635966
0.000638645
0.000276783
0.00061393
0.000460469
8.41438e-05
8.87266e-05
8.36798e-05
0.000267045
3.31148e-05
0.000199469
0.000794116
0.000430585
0.000253829
0.000461464
0.000374192
0.000143622
9.06052e-05
0.000595134
6.286e-05
1.57052e-05
0.000616864
0.000336069
7.77525e-05
0.000183935
0.000320568
0.000323533
0.000218025
0.000378619
0.000279387
6.59103e-05
0.000292214
0.000371766
0.000213764
0.000476349
4.39818e-05
0.000120427
0.000561795
0.00014575
0.000426186
0.000120857
0.000377409
0.000306635
0.000215646
0.000664314
0.000228546
0.000376674
0.000289623
1.76549e-05
5.24369e-05
0.000540284
0.000299307
0.000202265
0.000435704
0.000408723
0.000113893
5.26681e-05
0.000785363
0.000592943
0.000251835
0.000356525
6.99492e-05
6.94251e-06
2.39934e-05
8.8782e-05
0.000175029
0.000260783
0.00053916
0.000532775
0.00029218
2.78913e-05
0.00015342
0.000204316
0.000592028
0.000407613
2.91995e-05
6.91825e-05
6.67329e-05
0.000380597
8.61424e-05
2.00232e-05
6.71709e-05
0.000577092
0.000445999
0.000279188
0.000713026
0.000219214
0.00033222
0.00031218
0.000122264
0.000207442
4.04653e-05
8.44381e-05
3.12602e-05
5.01982e-05
0.000127569
0.000136103
0.000148021
0.000113407
0.00025275
9.79737e-05
5.46826e-05
5.19445e-05
0.0001476
0.000136705
0.000160827
0.000171495
0.0002494
0.000430317
0.000360345
5.45785e-05
0.000265675
0.00025429
0.000545505
9.974e-05
2.70557e-05
4.00491e-06
0.000458324
0.000173654
9.72986e-05
9.59501e-05
0.00012312
0.000270293
4.62965e-05
0.000180728
0.000159991
0.000361009
0.000694516
0.000590177
0.00025828
0.000365844
0.000205887
1.36578e-05
0.000385851
0.000104409
0.000246092
6.62275e-05
0.000446721
0.000552764
0.000400148
0.000759933
0.000481625
9.50812e-05
8.01828e-06
7.8818e-05
0.000222605
4.98275e-05
0.000839839
0.000181205
0.000229065
3.29166e-05
3.85997e-05
0.000116674
0.000280522
0.00100084
0.000361342
5.71585e-05
0.000114241
2.50309e-05
2.84263e-05
0.000108481
1.61916e-05
0.00011306
5.72622e-05
0.000223261
0.000211331
7.59458e-05
7.49083e-05
3.40366e-05
9.2679e-05
0.000840787
0.000262709
0.000404433
0.000532628
9.66136e-06
0.00015079
0.00076695
0.000104929
0.000210393
9.46427e-05
0.000547526
0.000691387
0.000138262
0.00076158
8.18237e-05
3.76927e-05
0.000187986
0.0007655
0.000474646
0.000117372
0.000159018
1.27291e-05
0.000184675
5.61498e-05
3.70394e-05
0.000175537
0.000131063
0.000122712
0.000101773
0.000451271
0.000162376
0.000229961
0.000456583
6.9688e-05
0.000143212
7.58694e-05
9.75202e-05
0.00030805
0.000270974
0.000140538
1.03453e-05
0.000470322
0.00069456
0.000230573
3.82768e-05
0.000185242
0.000662533
5.46423e-05
4.56207e-05
0.000229445
0.000181515
0.000226473
0.000411033
0.000261198
9.5231e-05
0.000327737
0.000302464
4.94006e-05
0.000113087
0.000360384
0.000593627
0.000524979
5.59873e-05
0.000521092
0.000203264
0.000306478
0.000759734
0.000295929
0.000134509
0.000132701
0.000197025
0.000487092
0.000375025
0.000237692
0.000137544
0.00019545
3.41208e-05
2.76843e-05
0.000583214
0.000126102
0.000351941
7.75896e-05
0.000269294
0.000555655
0.000102878
0.000118385
0.000104863
6.77684e-05
0.00023463
0.000352335
0.000644178
0.000219991
0.000318372
0.000600411
0.000139083
7.46977e-05
0.000133676
0.000112456
6.67833e-05
0.000448184
0.000361952
0.000661487
0.000176534
0.000451256
0.000274079
3.0124e-05
0.00036571
0.000110183
0.000232654
0.000161755
0.000379394
0.00032414
5.77663e-05
0.000476815
0.000586433
0.000422896
0.000205294
9.23063e-05
0.000111112
3.61739e-05
0.00017758
0.000547091
0.000245794
0.000178439
1.60165e-05
0.00031892
0.000247861
0.000486314
0.000180709
0.000347702
0.000656897
0.000566433
0.000360759
0.000875622
0.000207967
0.00059135
0.000117355
0.000225882
0.000167747
0.000356037
8.33887e-05
6.01605e-05
0.000407632
0.000141453
9.91096e-05
0.000559817
4.78075e-05
6.37567e-05
7.1055e-05
0.000216191
6.27538e-05
0.00061575
0.000387363
0.000162775
3.20358e-05
2.21953e-05
0.000310702
0.000912744
0.000156057
0.000102091
3.03513e-06
0.000119556
0.000247234
0.000364143
0.000455861
7.59652e-05
0.000137905
0.000443853
0.000473849
0.000628488
0.000384488
0.000669087
0.000473835
2.99724e-05
4.62423e-06
2.73339e-05
0.000399364
0.000198079
0.00087414
0.000429471
0.00017863
0.000435379
0.0004007
8.96942e-05
0.000152837
7.32057e-06
0.000288944
7.32136e-05
0.000356172
0.000227086
0.000514849
0.000362181
0.000625664
0.00107396
0.000571733
0.000249726
2.65298e-05
0.000226859
0.000264312
5.68122e-05
0.000144478
5.11536e-06
0.000155339
2.49046e-05
0.000135661
0.000557614
0.000235467
0.000426602
0.000644491
0.000443647
0.000118317
5.68207e-05
0.000979485
0.000886512
0.000461019
6.30651e-05
0.000395094
0.000548725
0.000414882
0.000122285
0.000617142
0.000490156
0.000226951
0.000169744
0.000269416
0.00047015
0.000234443
0.000106231
0.000636835
0.000537932
0.000384478
0.000200679
4.1573e-05
0.000176973
0.000479615
0.000229272
0.000537354
0.000749917
0.00017831
3.51336e-05
0.000123156
0.000199982
5.63371e-05
0.000676911
0.000126337
0.000146129
4.04294e-05
0.00021669
0.000545695
0.000253925
0.000282042
7.56542e-05
2.81688e-05
9.48109e-05
0.00069435
0.000870019
0.000285495
0.000147434
5.199e-05
0.000115136
0.000134058
0.000458345
0.000359671
0.000709841
6.45178e-05
1.14049e-05
8.7005e-05
7.31077e-05
0.000495525
8.81542e-05
0.000577229
0.000275064
0.00051505
0.000588638
0.000156713
4.26012e-06
0.000292607
0.000162054
0.000490196
0.000299199
0.00035911
0.000374476
0.000698651
0.000817438
0.000851959
0.000210817
0.000129496
0.000623225
0.000596134
0.000443823
6.18704e-05
4.40339e-05
0.000749364
0.00026272
0.000418112
2.37389e-05
1.6021e-05
0.000609222
0.000193916
0.000356063
2.34874e-05
0.000286204
1.04734e-05
0.000104915
8.63605e-05
4.92296e-05
0.000508001
0.000143482
0.000360206
7.07429e-06
3.42149e-05
3.34793e-05
1.16143e-05
0.000108363
0.000418308
0.000803611
0.00030055
0.000220672
0.000308416
0.000267847
0.000627035
4.69579e-05
1.56186e-05
4.63497e-05
0.000190957
0.000445668
1.54312e-05
7.83979e-06
1.58189e-05
8.78425e-05
0.000489218
1.21992e-05
0.000105524
7.7208e-05
4.43456e-05
0.000170038
0.000344724
0.00020076
0.000204399
0.000344829
0.00023037
0.000406973
1.92746e-05
3.86419e-06
6.67948e-07
1.24766e-05
1.77952e-06
1.43431e-05
0.000907334
3.23178e-05
0.000200208
0.000317449
6.18139e-06
6.50335e-05
0.000426238
0.000262244
0.000244154
2.81329e-05
0.000249319
8.12127e-05
6.57092e-05
0.000134425
0.000269834
0.000725031
0.000596232
0.000491246
0.000701017
0.000926542
1.44273e-05
0.000226604
0.000167203
0.000520584
0.000102204
0.000527217
0.000143936
7.55736e-05
9.68756e-06
4.40399e-05
0.000147506
0.000145397
0.000276263
0.000296704
7.33126e-05
0.000241933
8.19435e-05
9.52832e-05
0.000129182
0.000380329
0.000317503
0.000303009
0.000575484
3.59305e-05
0.00037997
0.000340433
9.25384e-05
0.000106578
0.000257216
7.91816e-05
9.00084e-05
0.00035298
1.23586e-05
0.000108766
0.000326674
0.000214706
6.32568e-05
0.000462384
0.000711372
2.49696e-05
8.28194e-05
0.00023301
0.000554892
0.000231395
0.000222362
0.000258609
2.19667e-05
0.000153211
0.000204417
0.000720658
2.36101e-05
0.000139585
0.000674149
0.000394355
0.000278895
0.000239981
2.61186e-05
0.000152415
0.000236388
2.0084e-05
0.000499807
0.000343886
0.000422718
7.03592e-05
8.83549e-05
0.00059045
0.000288079
6.42397e-05
0.000297203
0.00017994
0.000296001
0.000275511
7.17404e-05
0.000309067
0.000241444
0.000160614
5.57068e-05
0.000597771
6.68123e-05
8.58812e-05
1.831e-06
0.00028647
0.000216223
0.000267966
0.000168574
0.000489623
1.79599e-05
0.000235227
0.0001304
0.000340928
8.24311e-05
9.24949e-05
0.000101892
0.000256499
0.000171548
3.71754e-05
0.000205546
0.00010101
4.28819e-05
8.35348e-05
0.000189983
1.80203e-05
2.97776e-05
0.000297983
7.20784e-05
0.000206998
6.55793e-05
0.00012476
0.000608867
0.000134059
0.000304227
0.00024945
0.000317772
5.7183e-05
0.000551565
0.000247467
0.000343736
0.000429516
0.000224408
5.0766e-05
0.000311861
0.000125535
0.000244895
0.000208722
8.73994e-05
0.00014522
0.000145549
0.000659394
0.000242342
0.000112311
0.00027358
0.000476014
0.000635758
0.000825179
0.000328115
3.76013e-05
0.000355285
0.000634174
0.000651244
0.000215701
0.000109629
9.37092e-05
0.000287724
0.000595567
0.000174131
3.37442e-05
0.000165032
0.000256459
0.00053204
0.000247891
0.000271828
6.77999e-05
1.50469e-05
0.00038112
0.000223599
0.000650425
0.00019166
0.000334215
0.000133376
0.000191126
5.67268e-05
0.000256653
0.000666922
6.97054e-06
5.26279e-05
0.000198432
0.000129917
7.98636e-05
6.08721e-05
2.93792e-05
0.000230746
6.07228e-06
5.8103e-05
0.000141536
0.000384154
0.000204456
6.86724e-05
0.000580317
0.000120693
0.000195392
0.000468875
0.000370452
0.000395358
0.000256598
0.000289364
0.00049047
0.000347934
7.35537e-05
7.53126e-05
1.77047e-05
4.94702e-05
2.68435e-05
1.35755e-05
3.23335e-06
2.86809e-05
0.000223522
0.000201259
0.000283015
0.000473639
0.000498947
0.000516106
0.000199676
0.000269297
0.000246399
0.000550001
0.00107691
0.000198926
0.000353959
0.000331459
0.000337011
0.000157262
0.000213566
0.000502041
0.000409989
0.000900438
0.000810544
7.64544e-05
0.000127206
0.000537167
0.000519658
0.000138281
4.62922e-06
3.99789e-06
0.000417538
3.34332e-05
0.000220868
8.12912e-05
5.26766e-05
0.000144437
0.000158873
8.67794e-05
0.000183817
0.000331292
0.000178986
0.000206524
0.000263855
2.46312e-05
0.000293594
0.000221699
2.20546e-05
0.000177548
0.000308513
0.000542736
0.000601096
0.000107769
0.000145503
0.000253582
0.000518952
0.000103887
0.000109738
0.000542451
0.000465323
0.000803073
4.02375e-05
5.90962e-05
0.000250066
0.000651089
0.000245133
0.000353307
1.98184e-05
9.9331e-05
9.71877e-05
0.000244159
7.28248e-05
0.000197493
8.55555e-05
0.000780921
0.000212565
0.000623918
0.000451915
3.72237e-06
0.000188929
0.000182293
8.5047e-05
0.000670348
2.80919e-05
3.69478e-05
0.000452725
7.66326e-05
0.000336013
0.000309678
0.000839841
0.000125164
7.64873e-05
0.000542118
0.000284236
0.00040234
0.000393555
2.68754e-05
0.000207951
0.00037846
0.000475973
0.000158424
0.00014244
0.000472376
0.000233063
0.000518135
0.000387754
7.024e-05
2.00321e-05
0.000300996
0.000161491
0.000355204
0.000417418
0.000100698
0.000362763
0.000110237
8.87006e-05
8.14363e-05
0.000276882
0.000351035
0.000267696
0.000105018
0.000630874
0.000586334
0.00040231
0.00012949
0.000449915
0.000207338
9.68565e-06
4.63475e-05
0.000112807
5.03526e-05
5.55012e-06
0.000135157
3.74131e-05
0.000573597
0.000392228
0.000819907
0.000539934
0.000397561
1.47468e-05
5.38057e-05
3.11389e-05
0.000352606
0.000252005
0.000171913
0.000263683
0.0005466
0.00023023
0.000461654
0.000552359
0.000278426
8.3519e-05
0.000304697
0.000477526
8.166e-05
3.57168e-05
3.93312e-05
0.000273679
0.00038176
0.000233388
0.000175353
0.000577994
0.000322481
0.000360481
0.000164723
8.08847e-05
0.000164258
0.000157914
4.07948e-05
0.000595594
0.000245358
4.98061e-06
5.08337e-05
1.75846e-05
0.000512497
0.000163878
0.0001467
0.000158512
0.00025397
0.000153924
0.000537151
0.000323622
0.000449805
0.000427133
8.83833e-05
0.00010215
4.45929e-05
0.000408431
0.00040987
0.000593517
7.73454e-05
0.000359015
0.000120535
0.000141774
0.000356063
0.000152993
0.000464505
0.000346927
0.000389552
0.000181732
0.000253661
0.000210039
0.000228316
0.000249156
0.000553957
0.000298189
0.000486013
0.000348304
0.0002207
0.00049649
4.66233e-05
0.000187793
0.000787921
0.000282909
9.19075e-05
4.21677e-06
0.000117653
0.000222387
0.0007027
0.0004532
0.000352811
0.000642154
0.000759902
0.000394537
0.000384685
0.000156281
0.000131409
0.000444371
0.000253883
0.000536576
0.000173302
6.90271e-05
0.000449137
0.000611785
0.000366446
0.000244045
0.00115865
0.000560882
4.19329e-05
0.000249555
9.48772e-06
1.28837e-06
1.65369e-05
0.000144859
5.97983e-05
0.000343223
0.000233615
9.05419e-05
0.00062318
0.000309968
0.000235127
0.000698389
6.59907e-05
0.000197916
6.64678e-05
0.000515432
0.00086657
8.65826e-05
0.000459474
0.000497502
3.52328e-06
0.000163805
0.000367822
0.000433885
0.000220164
6.72624e-05
0.000413934
0.000258542
0.0004464
0.000332432
0.000453121
0.000286341
0.000488714
0.000281561
0.000242602
0.000121061
0.000320906
0.000445748
0.00014685
0.000581502
0.000590783
0.000445265
0.000297367
0.000249889
3.99346e-05
0.00017643
6.8852e-05
0.000187833
0.000476864
7.06023e-05
0.000110755
0.000127364
0.000144155
0.00013559
5.20726e-05
5.45153e-05
5.61593e-05
0.000133228
0.000525676
0.000339377
0.000118684
0.000402185
0.000189922
8.97671e-05
0.000139179
8.77488e-06
0.000195213
9.37711e-05
0.000141274
3.3814e-05
0.000395149
0.000142455
0.000249056
7.96673e-05
0.000244292
0.000465461
0.000452762
0.000113934
0.000397264
0.000281709
0.000559515
0.000493807
0.000558156
0.000593214
0.000142063
0.000127363
0.00033952
0.000260291
2.03813e-05
8.06609e-06
0.000472393
0.000429244
0.000590851
0.000250275
0.000179283
0.000310315
0.000630215
0.000115668
3.86774e-05
0.000174253
0.000248912
0.000133626
0.000592343
0.000475202
0.000217499
0.000455501
8.28717e-05
0.000135554
0.000336524
0.000147442
0.000709252
5.22624e-05
0.000434832
4.09536e-05
0.000456908
0.00017325
0.000277123
0.000707464
6.52422e-05
0.000399328
0.000278699
0.00021299
0.000134827
0.000275916
0.000450654
0.000414967
0.000296963
0.000362129
0.000394504
0.000150679
0.000422999
0.0002957
0.000104571
0.000119057
4.10186e-05
0.000238583
0.000394818
0.000319197
0.000361998
0.000587014
0.000323973
8.03699e-05
0.000255116
0.000241406
0.000368713
0.000501767
0.000277635
0.000352078
0.000395685
0.000180679
0.000800952
0.000434038
0.00028249
7.99178e-05
0.000102376
0.00024807
0.000175299
9.44183e-05
0.000287219
0.00043646
0.000107553
1.44586e-05
4.9266e-05
0.000181758
0.000419082
0.000428483
0.000368712
0.000209562
3.64051e-05
0.000544718
0.000191592
1.86745e-05
0.000110029
9.45906e-05
0.000170909
7.4971e-05
0.000186363
7.96443e-05
1.1929e-05
0.000182051
4.6889e-05
0.000280175
0.00086842
1.63452e-05
8.75354e-05
0.000442593
0.00040744
0.000790048
0.000356303
0.000293764
0.000131926
0.000267633
1.2871e-06
8.24391e-05
5.08676e-05
0.000158021
0.000251059
0.000378223
0.000254305
6.00866e-05
3.27338e-05
3.24241e-05
0.000318344
0.000357797
8.43395e-05
7.63128e-06
0.000608968
2.22611e-05
0.000134539
7.40837e-05
0.000384391
7.04868e-05
0.000239076
0.000141321
0.000535897
0.000662794
0.000250783
9.71105e-05
0.000306291
0.000165752
9.73545e-05
0.000537472
0.000150387
2.7245e-05
1.20513e-05
3.33676e-05
0.000301386
0.000234354
0.000172731
0.000191914
0.000568206
0.000522515
2.05225e-05
0.000153277
0.000817865
0.000113255
0.000156013
3.98713e-05
0.000410754
0.000734964
0.00032729
9.43423e-05
3.99112e-06
4.04595e-05
0.000277449
1.26914e-05
0.000239867
0.000435676
0.000113417
0.000430122
0.000773936
0.000390512
0.000715146
8.92019e-05
0.000108256
7.05623e-05
1.62274e-05
1.09221e-05
2.11276e-06
4.0822e-07
2.30562e-05
0.000101919
8.84197e-05
0.000922435
0.000280355
0.000204761
8.31656e-06
0.000274288
8.36172e-05
0.000428527
0.000255651
7.55909e-05
0.000502694
0.000400637
0.000189619
3.74631e-05
2.91638e-05
6.06034e-06
4.21659e-05
0.00024069
0.00063424
0.000128567
8.82829e-05
3.19781e-05
0.000116725
0.000407544
0.00051352
0.000124364
5.41997e-05
0.000417399
0.000773411
0.000389413
0.000467923
0.000190994
0.000172863
0.000323835
0.0002818
0.000110871
0.000521717
6.24337e-05
1.98767e-05
3.95516e-05
0.000548545
4.96153e-05
0.00084228
0.000204057
2.12176e-05
1.23681e-05
7.6004e-05
0.000141204
0.000102491
0.000230601
0.000215932
6.42411e-05
0.000197875
6.74554e-05
0.000200093
0.000126701
9.27332e-05
0.000535054
0.000425667
7.24209e-05
2.27471e-05
3.89713e-06
5.35855e-05
2.95727e-05
0.000401168
0.000482261
0.0003431
0.000213029
0.000109978
0.000101013
0.000739038
6.581e-05
0.000100004
0.000115806
0.0003289
3.99824e-05
0.000773968
0.000381599
0.000276316
0.000247197
0.000432796
0.000130964
0.000669812
0.000362571
0.000121729
0.000204836
1.2456e-05
6.00031e-05
0.000323791
0.000513706
0.000383965
0.000438922
0.000644537
0.000530304
0.000550743
0.000403633
7.21702e-05
4.03475e-05
0.000114246
0.000262452
0.000153702
0.000426341
0.000831653
0.000419373
0.000240622
3.85216e-05
9.55634e-05
0.00047454
0.000226811
0.000771131
0.000846163
0.000226812
2.59262e-05
0.000106838
4.10305e-06
3.59392e-05
7.44802e-05
2.34114e-05
9.59715e-05
6.52812e-05
0.000711269
9.74722e-05
3.43456e-05
7.55621e-05
3.54324e-05
0.000200206
0.000322506
0.000319674
0.000275582
0.000492082
0.000192754
0.000165524
0.000380311
0.000515116
0.0002514
0.000234819
0.000158443
3.19196e-05
0.00023961
0.000543448
3.98964e-05
0.000184074
0.000101576
8.77242e-05
0.000103354
0.000790169
0.000204379
0.000121471
0.000106578
0.000170958
0.000523815
0.000241722
0.000250052
0.000227799
0.000794002
0.000306481
0.0004923
0.000162837
0.000261929
0.000200513
0.000177944
0.000170185
0.000442342
0.000376852
6.19218e-05
0.00010092
0.000108457
0.000373811
2.56828e-05
2.17725e-05
0.000350034
0.000351762
1.64638e-05
0.000256248
0.000147809
0.000477919
0.000468783
0.000365786
0.000474935
0.000298333
0.000133417
0.000173598
0.000338966
0.000117847
8.50719e-06
0.000214807
5.73642e-05
0.000194474
0.000419948
0.000160531
5.21029e-05
0.000277869
0.000283627
0.000308434
0.0004243
6.66187e-05
0.000166151
0.000160442
0.000309897
0.000400153
0.000245603
0.00049517
0.000671381
0.000382186
0.000536005
0.000375749
0.000509528
0.000404709
0.000130293
0.000391072
0.000126165
0.000128387
0.000365248
7.69198e-05
0.000112328
0.000119127
0.000233984
0.000195146
0.000376434
0.000587132
0.000546519
5.99895e-05
5.3714e-05
7.45009e-05
0.000348398
0.000757832
0.000266225
0.000406492
0.000592949
3.7943e-05
1.28551e-05
5.66096e-05
0.000168683
3.03058e-05
0.000133712
0.000486571
2.24533e-05
7.50684e-05
0.00036234
0.000173034
1.43612e-05
0.000206964
5.71062e-05
2.83924e-05
3.29009e-06
1.42351e-05
0.000539545
0.000278615
0.000242451
0.000187143
0.000296959
0.00038892
0.000566753
0.000219245
0.000322369
0.000201055
0.000581021
0.000237588
6.38982e-05
0.000160145
0.000304699
0.00015105
0.000505207
0.000522793
0.000153443
3.04381e-05
0.000299339
0.000777844
0.000137986
0.000169691
6.31208e-05
0.000438489
0.000302749
1.63222e-05
2.46044e-05
9.28046e-05
0.000180066
0.000161178
0.000271248
0.000690062
0.000121636
1.52853e-06
2.87935e-05
1.74706e-06
3.03891e-05
6.97547e-05
0.000109261
8.41221e-05
0.000138075
0.000108214
0.000254273
0.000224971
0.000314203
0.000124777
0.000888618
0.000587256
0.000553582
0.00047292
0.000367006
8.6771e-05
0.000309362
0.000402651
0.000462604
0.000338103
0.000197467
8.21591e-05
9.52709e-05
1.40355e-05
1.82397e-05
9.09435e-05
0.000939597
0.000226166
0.000238015
0.000429464
0.000791801
0.000227901
0.000320636
0.000216985
3.59307e-05
0.000645995
0.000609858
0.000665364
0.000169471
0.000121006
0.000151777
4.2445e-05
2.12191e-05
9.51715e-06
0.000440878
0.000274506
6.91908e-05
0.00014927
0.000557882
0.000198533
0.000557666
0.000411264
0.000569986
0.000385748
0.000197883
0.00025068
0.000353878
0.000720991
3.13231e-05
6.43695e-05
0.000204597
0.000126693
0.000213206
5.10358e-05
0.000152424
0.000338572
0.000316532
0.000302231
0.00045821
0.000257897
0.000424813
0.00021696
8.86985e-06
7.06883e-05
3.33002e-05
2.1256e-05
1.07006e-05
1.01998e-05
0.000100201
8.98474e-07
3.76741e-05
0.000442169
0.00052871
0.000266823
0.000287146
0.000217109
0.000650608
0.000566529
0.000410487
0.000255821
0.000355519
0.000118328
0.000354961
0.00033431
0.000361761
0.000119746
4.0114e-05
0.000401889
0.000204816
0.000522953
0.000414507
0.000345226
0.000660301
0.000120112
0.00042909
0.000424312
0.000342109
9.48589e-05
0.000212894
1.52354e-06
6.27221e-05
0.000205788
1.38449e-05
0.000236555
0.000433658
6.5187e-05
0.00028714
6.90827e-05
0.000401884
0.000118081
6.87907e-05
0.00011926
0.000127211
0.000700926
0.000283231
0.000201674
0.000121773
0.000228714
0.000525369
6.7476e-05
0.000203298
0.000120375
0.000231874
0.0011253
0.000483153
9.30246e-05
8.66118e-05
5.1337e-06
0.000369151
0.000357153
0.000550436
0.000291245
4.52944e-05
0.000487721
0.000826999
0.00104344
0.00075414
0.000241825
2.26927e-05
0.000344071
0.000442445
0.000441632
4.56655e-05
0.000222771
0.000205813
8.03559e-05
0.000441215
2.86213e-05
0.000165875
0.00030312
0.000200131
0.000170373
6.87721e-05
1.31385e-05
1.20615e-05
0.000415559
0.000276796
0.000106342
0.000173873
0.000230333
0.000151236
0.00042413
9.56703e-05
0.000148706
0.000428181
6.85469e-05
0.000388888
0.000184314
3.77675e-05
0.000266218
0.000216984
0.000351718
0.000369363
0.000413832
0.000479126
0.000639236
5.03218e-06
0.0001492
0.000146767
3.79188e-05
0.000188153
9.74971e-05
0.000340321
0.000523247
1.31458e-05
0.000239544
0.000396041
0.000343219
0.000417142
0.000141398
0.000244045
0.000199884
0.000151189
0.000723439
0.000260796
1.26424e-05
7.5908e-05
3.73308e-05
5.12093e-05
0.000221854
0.000372144
0.000388459
0.000748153
8.26188e-05
7.52428e-05
0.0003855
0.000428761
0.000774956
0.000313369
0.00019896
0.000165784
8.87359e-05
0.000276494
0.000329089
0.000846359
1.06152e-05
0.000399278
0.000483647
1.75516e-05
0.000167295
0.000158266
0.00045753
0.000494863
0.000115599
0.000198867
5.44981e-05
0.000139344
0.000497814
0.000329742
0.000372595
7.35389e-07
3.78791e-05
0.000172796
0.000215139
0.000134093
4.68262e-05
0.000410651
0.000318513
0.000172618
0.000600235
0.000579691
0.000423734
0.000453864
0.000433096
0.000212848
2.19642e-06
0.000652249
0.000607123
0.000315734
0.000327339
2.5858e-05
0.00015461
9.90569e-05
2.46563e-05
3.17287e-05
0.000188276
0.000710896
0.000502192
0.00019606
0.000108859
0.000488988
0.00103866
4.74656e-05
0.000336319
9.16095e-05
2.60272e-05
0.000179346
3.17773e-06
4.37532e-06
8.40632e-05
0.000104251
0.000407834
0.000353424
0.000455393
0.000456914
0.000307852
0.000532662
4.78315e-05
6.27824e-05
0.000115948
0.000136598
0.000639677
0.000856865
0.000110954
1.94242e-05
0.000129422
0.000173889
6.37271e-05
1.25137e-05
4.2334e-05
3.68032e-05
0.000216198
0.000163251
0.000214283
0.000106835
2.61792e-05
0.000293653
4.17706e-05
9.41788e-05
0.000525308
0.000165217
0.000333085
0.000197318
3.19439e-05
6.02257e-06
5.36842e-05
0.000114482
0.000243002
0.000351164
0.000134544
0.000291191
0.000560598
0.000941131
0.000578925
0.000142789
5.38093e-05
0.000115833
0.00049019
0.000139602
0.000156966
0.000474768
0.000630561
0.000176649
0.000694454
0.000247693
0.00020198
0.000609718
0.000286425
0.00116012
0.000247951
0.00033189
4.0307e-06
9.17984e-05
0.000293383
0.000567146
0.000428186
0.000179697
0.000332504
0.000101513
3.67056e-05
0.000116074
3.38997e-05
0.000309561
1.11682e-06
0.000106631
0.000175056
0.000223753
0.000630479
0.000698006
8.19822e-05
1.26599e-05
0.000450138
0.000352013
0.000534142
9.30705e-06
0.000334318
0.000270337
0.00051591
0.00027496
6.08778e-05
0.000102653
6.24094e-05
0.000234302
6.33513e-05
0.000225339
0.000472545
0.000605601
0.00019544
0.000229371
0.000368835
1.27706e-05
0.000197045
0.000132456
0.000108058
7.50316e-05
0.000150909
0.000222385
0.000380402
0.000295989
0.000112776
0.000111755
0.000160454
5.42372e-05
0.000134603
0.000308777
0.000217721
0.00056744
0.000409346
0.00068066
0.000123159
9.62582e-05
0.000213884
0.000141265
0.000236501
3.28101e-05
0.000415521
3.21186e-05
4.19311e-05
0.000572825
0.000166642
3.6417e-05
0.000651251
8.12142e-05
9.93691e-06
0.000254942
0.000695807
0.000224368
0.000241413
6.86542e-05
2.82737e-05
0.000172813
0.000453032
0.000447955
3.27682e-05
0.000111521
3.51604e-05
0.00017956
0.00024118
0.000211957
5.70949e-05
2.15208e-05
8.73519e-06
1.53545e-05
0.000106896
0.000309327
0.000493809
0.000100836
0.000147746
0.0012672
0.000444457
9.76947e-05
0.000128764
0.000189888
3.57487e-05
0.000494043
0.000111174
0.000727507
1.62268e-05
0.000489062
0.000200952
0.000475573
0.000112392
0.000436826
0.000203437
0.000119446
0.000506897
0.00048276
0.000207889
0.000287037
6.76862e-05
8.87457e-05
0.000111997
0.000146492
0.000200761
6.66378e-06
2.0095e-06
0.00040499
0.000538589
0.000542083
0.000653154
0.000247575
0.000717543
0.000360977
0.000300948
0.000473078
0.000206608
0.00071084
0.000379441
0.000530182
0.000120149
0.000247388
0.000190908
0.000511084
0.000244309
0.000149099
0.000432369
0.000682248
0.000403701
0.000802328
0.000408698
0.000365893
7.83624e-05
0.000223516
0.000233207
8.65566e-05
0.00024124
0.000190071
0.000307843
5.3583e-05
1.53987e-05
3.34657e-05
7.24237e-05
0.000521128
0.000256845
5.68122e-05
2.57076e-05
0.000183267
0.000133759
0.000123463
0.00012884
0.00044652
0.000121115
4.18405e-06
0.000122376
2.4022e-05
6.52518e-05
0.000300593
7.17823e-05
9.03421e-05
0.000133129
0.000208712
0.000184793
0.000160761
2.67661e-05
0.000140282
0.000131331
0.000412202
8.69701e-05
1.99604e-05
8.09078e-05
8.56549e-05
0.000293169
0.000814513
0.000120607
2.20992e-05
0.000741754
0.000299503
1.24742e-05
8.00904e-05
0.000171185
2.79268e-05
0.00016292
0.000346604
0.000564191
0.000218989
3.7505e-05
0.000114128
0.000179735
0.000296913
0.000298493
1.2386e-05
8.97349e-05
0.000651298
0.000116897
2.4873e-05
0.00030385
0.000123721
0.000407785
0.000290965
0.000118248
0.00050367
9.18885e-05
2.28334e-05
0.00041117
0.000139219
2.80972e-05
5.61356e-05
0.000416589
0.000752639
0.000364542
0.000557195
0.000285048
0.000188811
0.000739265
0.00031151
0.000575639
0.000289796
0.000223102
0.000112394
4.09997e-05
0.000638904
0.000354165
0.000338635
0.000126539
0.000441116
0.000257588
0.000413331
2.04135e-05
2.32946e-05
0.000165751
0.000447848
0.00031226
0.000122287
0.000320167
0.00034617
2.84734e-05
3.42272e-05
3.49985e-05
0.000458975
0.000108727
0.000323383
0.000149667
0.000283746
0.000133295
1.50719e-05
0.000127689
0.00123046
0.000115426
0.000130569
0.000608152
0.000130768
0.000127064
0.000108015
0.000509203
0.000250481
0.000181464
0.00017668
0.000568725
0.000701959
0.000784491
0.000178364
0.000200856
5.08874e-05
0.000126802
7.23601e-05
6.56509e-05
0.000531303
0.000128817
9.72644e-06
0.00040974
8.15862e-05
4.33689e-05
0.000407473
0.000694889
0.0002986
0.000489695
0.000599589
0.000247899
4.24548e-05
0.00017589
0.000345238
4.15247e-05
0.000135505
0.00012182
4.23505e-05
0.00024203
5.78099e-05
0.000339175
0.000145206
0.000358624
0.000224391
0.000526987
3.31588e-05
0.000112921
0.000401092
8.30395e-05
0.000707507
0.000168676
2.07256e-05
7.79717e-06
0.000274339
8.85016e-06
6.89915e-05
4.60464e-05
8.5132e-05
0.000428692
0.000130774
0.000367127
0.000116156
0.000384146
0.000371378
7.51544e-05
0.000242683
0.000184515
0.000193779
1.56131e-05
0.000196165
0.000377865
6.07814e-05
0.000511839
0.000199237
0.00039909
7.15184e-05
3.52654e-05
0.000199603
6.87504e-07
3.73079e-05
0.000170783
0.00011369
1.53031e-05
2.65883e-05
0.000579891
0.000554908
0.000486631
0.000301928
0.000105977
5.97867e-05
0.000149418
0.000470467
0.000177566
6.85328e-05
5.8576e-05
0.000262231
9.39665e-05
0.000720228
0.000149511
3.03446e-05
0.000234677
0.000361099
0.000906027
0.000536351
0.000116636
0.000101043
4.42744e-05
0.000270293
0.000538412
0.000239014
3.32301e-05
0.000178752
6.06866e-05
1.79375e-05
9.83845e-05
8.29595e-05
0.000105792
0.000100027
0.000129424
8.46455e-05
4.45976e-05
0.000278009
0.000317132
9.6593e-05
0.000211217
0.000106852
0.000386133
0.000228753
0.000365085
0.000283157
0.00105585
0.000264508
0.000458689
0.000324876
6.72866e-05
0.000291793
0.000197797
0.000463556
0.0007592
3.62973e-05
0.000140529
0.000458967
0.000128536
0.000592242
2.19706e-06
0.00052382
2.13716e-05
3.56378e-05
1.93117e-05
0.000110404
0.000393782
0.000359272
0.000341867
0.000151014
0.000134911
0.000205021
0.000339072
0.000313401
0.000286938
0.000295789
0.000340509
0.000171875
0.00025418
0.000146666
2.7512e-05
0.000705092
0.000720819
0.000290873
0.00070884
0.000291892
0.000280072
0.000235078
0.000642456
0.000426602
0.000260121
0.000897411
0.00057414
0.000357429
0.000206172
0.000631211
0.000235379
0.000364517
0.000533251
0.00019181
5.0524e-05
0.000341073
0.000530157
0.000284721
0.000201598
0.000111637
0.000206812
0.000854793
5.79843e-06
3.1083e-06
0.000126244
9.07397e-06
3.73539e-05
5.79508e-05
3.16807e-05
0.000406861
0.000573819
0.00020753
8.14865e-05
0.000353016
0.000489584
0.000335728
0.000108642
0.000335325
3.47258e-05
0.000535448
3.25263e-05
3.10313e-05
0.000133777
0.000365778
0.000152799
0.00017536
0.000141401
0.000310496
0.000134416
0.00013402
0.000477586
0.000205965
0.000184406
0.000163793
8.54418e-05
0.000338961
0.000286486
0.000496587
5.78302e-05
0.000144038
0.000205154
0.000284566
0.000263566
0.000121999
0.00066277
0.000194853
0.000502506
8.93526e-06
9.21269e-05
0.00014212
0.000429611
0.000246775
0.000192969
0.000261391
0.000813299
0.000337846
0.000620145
5.1451e-05
0.000527877
3.46491e-05
0.000158304
0.000396517
0.000183694
0.000211603
4.18028e-05
0.000422692
0.000543457
6.70175e-05
0.000172625
0.000154084
0.000392259
0.000186925
0.000268741
0.000157377
5.76337e-05
0.000146123
0.000384034
9.51747e-05
7.45932e-05
0.000234252
0.000561709
0.000433831
2.56005e-05
3.68034e-05
0.000389392
0.000154685
5.28983e-05
9.57384e-05
0.000922564
1.1679e-05
0.00112078
5.34453e-05
0.000583328
9.5227e-05
5.95438e-05
0.000301084
4.00292e-05
0.000228183
0.000136467
0.000362409
0.00026165
0.00026144
6.52269e-05
0.000277494
0.000186459
6.5144e-05
6.90373e-06
0.000311913
0.000341744
0.00013463
0.000315801
0.000717765
9.42593e-05
0.000453089
0.000164922
0.000446564
5.84382e-05
0.000239211
0.000102031
5.95876e-05
0.000101413
9.77557e-05
0.000293471
0.000553573
0.00049101
0.000135221
0.000112703
0.000142598
0.000249439
0.00053401
0.000475322
0.000296445
0.000353461
0.000251215
0.000251688
0.000121971
4.76884e-05
0.000289988
0.000619981
0.000484275
8.387e-06
0.00013573
0.000357393
0.000516976
6.42778e-05
0.000257986
0.000354087
0.000542448
0.00013501
0.000233955
0.000198217
0.000523819
0.000355452
0.000712953
0.000571101
0.000391806
0.000591284
0.000105663
2.09855e-06
8.66131e-05
6.27426e-05
0.000135397
0.000277568
0.000199315
0.000134781
8.24498e-05
8.9806e-05
1.5672e-05
7.29499e-05
0.000241703
0.000513116
0.000396014
0.000313909
0.000580363
4.89464e-06
3.9081e-05
2.29975e-05
5.0447e-05
0.000230448
0.00023239
0.000188856
3.10138e-05
8.79664e-05
2.08755e-05
0.000162923
0.000456518
0.000588165
0.000324016
0.000571346
0.000189872
0.000112014
0.000482345
0.000336197
0.000630861
7.14444e-05
9.90206e-05
0.000131167
0.00105265
8.58536e-05
0.000196792
4.92193e-05
1.50131e-07
0.000148598
1.75824e-05
0.000101724
0.000205381
0.000219803
3.48766e-05
6.41309e-05
0.00017356
0.000328594
0.000187087
0.000392426
3.47827e-05
0.000173928
0.00017237
5.74526e-05
0.000476785
3.12924e-05
0.000210175
0.000312734
0.000150777
0.000308766
0.000114979
0.000160473
9.50422e-05
4.51226e-05
1.03661e-05
2.14031e-05
0.000655533
0.000217107
0.000287179
0.000428681
0.000389731
2.08955e-05
0.000313883
0.000552985
0.000285252
0.000562078
0.000100942
0.000101968
8.78904e-05
6.08418e-06
0.000185069
6.59449e-05
0.000273962
0.000240841
0.000293354
0.000737954
6.95717e-05
6.38737e-05
0.000203295
0.000166688
0.00015722
0.000206188
0.000274635
0.000137037
0.000286983
0.000132939
0.000561369
9.91557e-05
0.00042532
0.000103697
0.0001073
0.000641507
0.000291527
0.000417415
0.000278112
0.000245032
1.38248e-05
0.000474834
6.02185e-05
0.000109745
6.12429e-05
0.000395692
0.000289324
0.000501267
0.000373775
0.000426241
0.000155673
0.00022473
0.000711849
1.57617e-05
0.000251236
0.000194968
0.000464214
0.000512641
0.000287484
4.17755e-05
0.000551219
0.000240934
0.000339783
0.000126894
2.69989e-05
2.13327e-05
0.000333065
1.1556e-05
0.000198131
0.000115941
0.000164547
1.23627e-05
0.000306866
0.000995617
0.000349317
0.000689191
0.00010461
4.22818e-05
1.33455e-05
9.93653e-05
2.90443e-05
4.04427e-05
1.18129e-05
9.82414e-05
0.000467593
0.000181152
0.000206182
3.9285e-05
0.000124133
6.67135e-05
9.92501e-05
0.000297622
2.48524e-05
9.53027e-05
4.68091e-05
3.01252e-05
0.00022768
6.62341e-05
0.000814136
0.000693637
0.00074775
0.000234323
0.000167699
0.000472191
0.000126605
0.000126135
0.000280965
0.000545642
0.000401577
0.000116255
0.000316614
0.000246842
0.00011087
0.000168595
0.000264145
1.47033e-05
5.05424e-06
0.00015736
0.000273512
7.00956e-05
0.000100604
0.000180465
0.000447951
0.000497279
0.000202087
2.71085e-06
5.50568e-05
0.000139465
7.88188e-05
0.000227749
0.000329411
0.000164744
9.36628e-05
0.000319349
0.000266072
0.000618091
0.000736224
0.00019995
0.000888729
1.37181e-05
7.03801e-05
4.5614e-05
0.00042757
0.000584443
0.000493836
0.000356002
0.000272907
7.6476e-05
0.000161117
4.77866e-05
3.27817e-05
0.000104023
0.000188099
0.000512215
5.37919e-05
0.000162399
7.31248e-05
0.000204815
6.59489e-05
5.20425e-05
2.95087e-05
3.76396e-05
0.000164444
0.000514397
9.73985e-05
1.63719e-05
1.26944e-05
4.41928e-05
0.00027612
0.000263154
0.000329667
0.000257341
0.000245944
4.33124e-05
0.000304842
3.1908e-05
0.000195048
0.000173069
8.35036e-05
0.000164788
0.000115261
0.000302308
0.000540146
0.000385907
0.000425972
0.000187077
0.0001189
0.000127831
9.18133e-06
5.46873e-05
0.000137963
0.000105218
0.000115075
0.000680149
0.000161404
0.000355426
0.00024565
0.000495124
0.000757953
0.00012579
0.000201417
0.000134607
0.000194293
4.30957e-05
0.000354815
0.00077963
0.000308614
1.94823e-05
3.82461e-05
0.000339928
0.000249715
0.000393092
0.000263579
0.000207169
5.21228e-05
5.38311e-05
0.000877025
0.000202965
0.000146069
2.09545e-05
0.000107116
0.000488343
1.05684e-05
0.000174693
0.0003968
6.71837e-05
0.000472982
0.000194102
0.000120761
0.000171641
5.6349e-05
0.000219755
0.000111971
0.000171699
0.000337357
6.74674e-05
0.00031712
0.000191982
0.000225078
0.00084994
0.00100556
0.00024991
9.48656e-05
0.000182484
0.000358302
0.000148752
0.00031079
0.000654718
0.000309524
0.000333005
0.000421284
0.00103404
0.000626415
0.000745501
0.00047752
0.000367844
0.000447948
0.000114284
1.86006e-05
0.000256937
7.87526e-05
0.000154826
0.000153647
2.28704e-06
4.67087e-05
5.62411e-05
7.7348e-05
0.000236528
0.000458217
9.6237e-05
8.79546e-05
0.000386067
0.000256195
0.000280202
0.000340184
1.74735e-05
4.6565e-05
0.000148577
0.000232927
7.96408e-05
5.57265e-05
0.000218638
0.000426042
3.18451e-06
0.000212865
0.000435313
0.000109222
0.000270079
0.000157186
3.00713e-05
8.50485e-05
0.000525851
0.000287491
4.57085e-07
2.75577e-05
0.000440148
9.40849e-05
0.000162897
0.000178422
0.00052802
6.22424e-05
2.72293e-05
9.75114e-05
0.000223335
0.000170405
0.000107347
0.000455863
0.000166537
1.50357e-05
0.000190569
1.68887e-05
5.11641e-05
0.000406688
5.89378e-05
5.44758e-05
0.000445381
0.000253962
0.000762753
0.000344936
0.000381373
3.50662e-05
6.4405e-05
1.2568e-05
7.20215e-05
0.000918405
0.000171802
6.00846e-05
0.000344826
0.000516218
0.000558441
0.000234369
6.14215e-05
6.50872e-05
0.000452466
0.000182592
0.000189322
0.000165797
0.000294529
0.000505658
0.000326516
0.000128035
9.8679e-05
0.00057507
0.000326237
2.06155e-05
0.000286268
8.30945e-05
0.000428574
0.000674774
0.000390298
0.000176316
4.78836e-05
0.00033689
0.000252771
0.000481431
0.0001314
8.38847e-05
0.000281116
0.000638273
0.000735704
6.87425e-05
0.000167495
5.18675e-05
0.000151956
6.36671e-05
0.00023518
0.000343798
0.000124685
0.000109751
0.000215846
7.06906e-05
0.000216433
0.000310792
0.000687582
0.000435808
7.18489e-06
0.000191501
0.000162425
0.000178892
0.00058077
0.000109997
0.000297167
0.000306986
0.000233337
0.000101969
0.000330686
0.000170693
5.56658e-05
3.90221e-05
0.000296162
0.000203394
0.000600771
0.000214811
0.000159969
0.000245774
0.000401438
0.000119368
0.000101215
2.42772e-07
0.00010573
7.19571e-06
9.35398e-05
0.000127609
0.000508915
0.000249689
0.000102931
0.00065313
0.000281607
8.67598e-05
0.000164211
0.000220466
0.000553129
0.000539597
7.57935e-05
0.000180299
0.00062646
0.000275275
9.01613e-05
0.000344296
0.000575388
0.000175426
0.000258327
0.000469088
0.000411583
0.000410454
0.00027861
0.000156802
2.35181e-05
7.79712e-05
0.000178115
0.00028287
0.000168719
0.000274396
0.000484003
0.000913482
0.000746937
0.00040334
9.58352e-10
8.57317e-05
0.00015342
0.000398641
0.000181748
0.000374167
4.14199e-06
8.98154e-05
0.000374618
0.000484625
4.50751e-05
0.000198775
0.000280351
0.000390036
0.00034124
2.40646e-07
0.000446592
0.000927197
6.11356e-05
0.000565902
0.000229114
0.000157643
0.000206696
0.000171172
0.000108944
0.000190556
6.03075e-05
1.86424e-05
9.42534e-05
0.000825406
0.000715206
0.000225202
0.000232982
0.000246522
0.000168802
0.000188518
0.00078617
2.87174e-05
0.000195594
0.000294835
0.000594476
0.000372262
0.000485994
1.31573e-05
1.53779e-06
3.64666e-07
6.75294e-05
0.000840006
0.000230187
9.34773e-05
0.000358775
0.000113453
3.85305e-05
3.13469e-05
0.000267367
0.000322416
0.000262198
0.000125241
0.0003252
0.00012822
8.4511e-05
0.000230454
8.90008e-05
0.000206154
0.00011197
4.11747e-05
5.44433e-05
0.000108998
0.000547709
3.57771e-05
0.000657561
0.000565992
0.000227131
6.59676e-05
0.000213855
0.000182057
0.00013224
7.6473e-05
0.000535607
0.000753586
0.000229024
7.27527e-05
0.000248799
0.000357755
0.000260917
0.00066888
0.000526218
6.44518e-05
0.000150451
0.000338012
0.000423693
0.000255657
8.81536e-05
0.000559454
0.000468799
0.000224049
0.000161957
0.000136379
6.36669e-05
5.09407e-05
0.000112859
4.4368e-05
6.59272e-06
1.89307e-05
0.000307416
0.00109511
0.000500619
0.00025553
0.000410623
0.000768121
0.000148461
0.000140286
0.000436327
0.000226723
0.00035405
0.00039656
0.000197366
1.49555e-05
0.000155129
4.8791e-05
0.000160264
2.36353e-05
0.000318013
5.27474e-05
6.4623e-05
0.000187612
0.000257958
0.000167226
0.000429302
0.000629317
1.3223e-05
0.000297319
9.21605e-05
6.3926e-05
0.000112583
0.000471982
0.000169042
0.000466459
2.44883e-05
3.20844e-05
6.82707e-05
0.000353221
0.000210196
6.15381e-05
0.000270266
0.000148429
0.000373761
9.56069e-05
0.000403079
0.000298245
3.56828e-05
0.000118299
0.000284473
2.12901e-05
6.42081e-05
0.000290368
0.000184541
0.00063227
0.000525843
9.34449e-05
8.325e-06
4.49372e-05
0.000205096
0.000520529
3.87251e-05
0.000100023
0.000129007
9.3346e-05
9.30246e-06
0.000214575
2.62992e-05
0.000399767
0.000204512
0.000116871
0.000117332
0.000281837
7.07894e-05
0.000168569
9.44451e-05
0.000137693
0.000164664
4.58596e-05
9.09917e-05
0.000198112
0.000767749
0.000546255
0.000287039
0.000447791
0.000600963
0.000262341
0.000491893
0.000121163
0.000454699
1.38052e-05
0.000356923
0.000280856
0.000873989
9.29277e-05
0.000556033
0.000184399
8.80264e-05
0.000396678
6.94333e-05
0.000614963
0.000244093
0.000259829
8.33188e-08
0.000126445
6.57625e-05
0.00039248
0.000235252
0.000313975
0.000192776
0.000458669
0.000399492
4.01316e-05
0.000140882
0.000236725
0.000460314
6.20905e-05
5.1323e-05
2.11161e-06
0.000116535
7.02055e-05
0.000154858
4.80776e-05
8.19833e-05
0.000129301
2.35965e-05
0.000113531
0.000219003
0.00017595
5.96366e-05
0.000549073
0.000439804
0.000415349
0.000181614
0.000359815
0.000433512
0.000273873
0.000185505
3.41192e-05
6.22314e-05
9.36721e-05
0.000218163
7.17397e-05
0.000148908
0.000397887
0.000186743
0.000947746
0.000436501
6.77747e-05
8.90184e-05
0.00014917
0.000448889
0.000207241
8.6028e-05
5.38674e-06
0.000198829
0.000131918
0.000206808
0.0001402
9.85729e-05
0.00027537
0.000378435
0.000114519
0.000587465
7.82988e-05
0.00020184
0.000122957
0.000354465
2.42331e-05
0.000536779
0.000236241
0.00017439
1.39921e-06
0.000236713
9.55801e-05
0.000109009
3.17716e-05
0.000448537
0.000379698
0.00025364
0.000109198
8.68992e-05
0.000106705
0.0006161
0.000263194
7.48677e-05
4.76338e-05
6.28533e-05
0.00023686
0.000433982
0.00019214
0.000567693
9.04677e-05
0.000400446
7.28027e-05
0.000181756
2.79189e-05
2.98438e-05
0.000259305
0.000197048
0.000377591
0.000239612
0.000113006
0.000323795
0.000121369
2.67295e-06
0.000316756
0.000344322
1.48868e-05
0.000113265
8.71634e-06
7.71522e-06
7.89502e-05
6.90541e-05
7.39092e-05
5.75859e-05
0.000180987
0.000209186
0.0010275
5.30537e-05
0.000161762
0.00035121
0.000331345
0.000330471
4.09221e-06
1.92013e-05
8.43601e-05
0.000102793
0.00018573
0.000224723
0.000310165
9.96476e-05
5.02735e-05
9.36847e-05
2.65165e-05
5.87373e-05
8.77655e-05
0.000302919
0.000357008
0.000253052
0.000121377
9.29547e-05
7.36324e-06
0.000533249
1.16479e-06
3.96932e-05
0.000572593
8.68566e-05
4.15021e-05
4.80075e-05
0.00031863
0.000325212
0.000376057
0.000585205
0.000225556
9.30198e-05
3.22714e-05
0.00084231
0.000953161
7.44484e-05
0.000153247
0.000852203
0.000531371
0.000213538
4.82893e-05
0.000145295
4.21436e-05
0.000264029
2.05736e-06
1.65838e-05
2.46914e-05
7.73021e-05
0.000865968
8.01295e-05
0.000181375
0.00025996
0.000688637
2.98648e-05
0.000722724
8.4474e-05
6.28105e-05
0.000136625
0.000244494
6.77296e-05
3.08549e-05
0.000169531
0.000179603
0.000116649
1.0536e-05
0.000954213
0.000319847
1.78139e-05
4.39931e-05
0.000163643
0.00030951
1.90548e-05
0.000110103
0.00013417
2.40331e-05
0.000221012
0.000901241
6.42338e-05
2.007e-05
1.6613e-05
0.000515946
0.000457016
8.14346e-05
0.000159929
0.000402643
0.000172592
3.70324e-05
8.5826e-05
6.9253e-05
0.000333445
0.000127092
0.00057024
0.000614675
0.000272932
2.28263e-05
0.000104239
9.48245e-05
0.000283788
0.000138826
6.36849e-05
0.000271667
5.08081e-05
0.000243475
0.000460748
0.000305785
3.74494e-05
0.000131606
0.00050648
0.000507279
0.000140674
0.000315262
1.91749e-05
0.000190657
0.000505929
8.59655e-05
0.000379549
0.000634784
2.75056e-05
0.000562687
0.000348787
0.000246974
0.000186698
0.000401055
4.95412e-05
0.000147545
0.000711525
0.000175377
5.85213e-05
0.000379628
0.000132839
0.000317382
0.000515997
0.00019464
3.76919e-06
2.38527e-05
0.000117989
0.00041136
0.000572718
0.000106823
4.75116e-05
6.00576e-05
0.000168051
0.000563024
0.000362435
0.000329647
0.000508913
0.000746634
0.000345832
0.00020713
0.000120423
0.000628291
0.000141574
0.000189064
0.000191651
1.11807e-05
0.00012566
9.74265e-05
0.000230463
0.00013784
0.00054686
0.000672678
0.00018598
0.000186161
0.00020566
0.00018896
8.82339e-06
8.45219e-05
0.000339911
0.000105716
0.000992713
9.94455e-05
0.00038845
0.000237078
0.000430641
0.000262148
4.85256e-05
0.000315987
8.27602e-05
0.000381372
0.000555336
0.000215784
0.000118125
5.89471e-05
4.07928e-05
1.96699e-05
7.19924e-05
0.000353035
0.000437949
7.33346e-05
8.64014e-10
4.18148e-06
2.67606e-10
0.000335118
0.000474339
8.82485e-05
0.000222333
4.50165e-05
1.59936e-05
0.000370738
0.00028656
5.49704e-05
0.000177633
0.000313861
0.000235199
7.9295e-05
4.52063e-05
0.000139392
0.00111025
0.000224346
0.000946261
0.00036465
0.000526215
0.000309582
2.89377e-05
0.000554372
4.0698e-05
0.000195435
0.000348445
0.00035871
0.000345919
4.19995e-06
0.000418913
0.000315188
0.000287775
9.89304e-06
0.00051093
9.15237e-05
0.000511263
3.32023e-05
0.000250647
0.000312034
1.48851e-05
0.000137863
7.16115e-05
0.00046295
0.000308601
0.000141693
8.49205e-05
2.02948e-06
0.000137941
0.000329339
0.000284752
0.000191889
0.000205475
5.23227e-05
0.000136134
0.000136891
1.11449e-05
6.45242e-05
0.000163116
0.000131124
0.000525597
0.000601993
4.3281e-05
8.23342e-05
0.000801236
0.000431065
0.00023829
0.000570508
0.000300463
0.000121929
0.000155163
0.0006115
8.38023e-05
0.000310247
0.00021843
5.98066e-05
0.000619633
0.000370293
7.94332e-05
1.83734e-05
9.51913e-05
0.000354744
0.000212808
0.000418771
0.000245664
0.000239161
0.000263792
0.000489354
0.000721275
0.000359019
0.000173594
5.42498e-05
0.00110541
0.000928346
0.000339454
0.000524936
0.000191957
5.4387e-05
0.000245119
0.00045507
0.000205814
0.000163293
4.60431e-05
0.000671839
0.000639024
5.29312e-05
0.000137256
0.000199676
0.000496532
0.000714677
0.000341842
0.000212899
0.000377105
0.000327782
9.05325e-05
9.79414e-05
0.000400021
0.000758763
0.000353898
0.000433936
0.000176605
0.000343109
6.33091e-05
0.000262333
0.000745825
0.000430807
0.000397779
0.000346905
0.000836273
0.000351652
0.000314695
0.000208498
0.000106703
0.00038889
0.000356774
0.00034421
0.000564721
0.000200031
0.000318819
0.000659895
0.000177875
0.000238175
2.82909e-05
2.61276e-05
0.000294956
0.000290186
0.00031698
0.000392775
0.000109812
0.000133971
0.000381257
8.10916e-05
0.00020294
0.000147178
0.000235069
8.35505e-05
3.67691e-05
0.000230928
0.000287093
0.000347468
0.000269806
0.00011352
5.80891e-05
0.000607097
0.000512485
8.93392e-05
6.86193e-06
6.88651e-06
0.000211896
6.15662e-05
0.000841935
0.000130662
0.000491616
8.76282e-05
0.000121902
7.48649e-05
3.32386e-05
0.000130477
1.46699e-06
0.000171567
0.000187773
0.000120302
0.000540924
0.000112963
0.000153743
0.000262422
0.000129801
0.000141975
0.0003785
0.000230086
7.26169e-05
0.000110958
0.00050956
0.000213623
0.000315766
0.000383788
0.000105467
2.04356e-05
0.00015558
0.000138716
0.000271077
1.58923e-05
1.49942e-06
8.94498e-05
0.000423777
0.000589435
0.000271726
0.000321589
0.000542982
0.000341348
0.00011592
0.000750798
0.000231117
4.9445e-05
6.45537e-05
0.000162166
1.45471e-05
1.08969e-05
3.59035e-05
7.34409e-05
3.77461e-05
0.000226681
0.000328609
0.000149015
5.65718e-05
9.05531e-05
0.00056216
6.99771e-05
0.000261995
0.000268981
0.000106142
0.000368187
1.68659e-05
2.58782e-05
5.25012e-05
0.000275373
9.58727e-05
0.000237537
1.14069e-05
6.76205e-06
0.000809891
0.000393443
0.000414546
0.00053931
0.000353387
0.00023912
0.000742736
0.00020018
5.48256e-06
0.000950671
0.000245845
0.00018749
0.000326041
0.000172742
0.000249724
0.000796433
0.000520469
4.99235e-05
8.75114e-06
6.23773e-05
0.00015572
0.00032985
1.24654e-05
3.64937e-05
1.93018e-05
0.000243761
9.42055e-05
0.000742621
0.000268414
4.58625e-05
0.000219397
0.000162753
0.000172136
0.000137968
0.000141789
0.000366891
0.000389136
0.000291372
8.78914e-05
2.95901e-05
0.000163633
0.000402793
9.81516e-05
0.000169689
1.30987e-05
8.71544e-05
0.000171891
0.00054626
0.000130913
0.000458692
0.000276509
4.73939e-05
0.000554927
6.45982e-05
0.000207334
0.000377773
0.000154082
0.000539565
0.000480449
0.000789031
1.93861e-05
5.52838e-05
9.11967e-05
0.000181027
0.000106125
0.000710985
0.000387794
0.000289363
9.80071e-05
0.000137647
1.12269e-06
7.34654e-05
3.90309e-05
7.00335e-06
0.000239106
1.7758e-06
4.38452e-05
4.57157e-05
0.000136039
0.000555538
0.000505683
0.000429235
0.000253487
0.00016263
4.69022e-05
0.000305718
1.77507e-05
0.000264669
6.62891e-05
0.000401634
0.000356746
0.000366234
0.00023361
0.000487447
0.000559724
7.97368e-06
6.86351e-05
3.61651e-05
0.000422932
0.000942424
0.00021724
7.9605e-05
0.000257593
0.000148119
0.000454998
0.000156013
0.00100195
0.000647834
0.00040497
0.000126289
0.000648019
0.000688053
0.000876061
0.000323797
0.00031259
0.000178354
0.000269214
0.000262227
0.000654653
0.00027446
7.97197e-05
0.000143196
2.98934e-05
0.000521026
0.000147577
0.000422884
0.000111606
0.0001006
8.72596e-05
0.000142368
0.000199927
0.000458479
0.000423498
0.000131729
8.01123e-05
0.000288314
0.000130437
0.000242457
0.000179345
0.000214189
4.15316e-06
0.00012867
2.28481e-05
0.000114739
0.000326651
0.000274235
0.000334644
9.08259e-06
3.32489e-05
0.00021106
0.000232534
0.00037592
2.57516e-05
8.35248e-06
0.00016384
0.000219759
0.000225875
0.000664089
0.000545446
0.000746042
0.000313972
0.000328903
0.000336194
0.000464799
0.000229774
0.00016283
0.00038112
0.000308027
0.00016625
0.000401737
2.11579e-07
0.000304963
0.000271976
0.000346255
0.000745341
0.000757428
0.000931776
0.000126326
0.00085087
0.000456285
0.000273506
0.000335426
0.000360913
0.000256957
2.55492e-05
5.57658e-05
0.000404967
0.000494392
0.000141601
6.55327e-05
0.000104506
0.000113356
0.000610614
0.000595608
0.000147059
0.000302507
0.000285689
0.000385964
0.000184219
0.000270592
8.93254e-05
4.97514e-05
0.000291182
0.000415454
0.000688918
0.000424099
0.000366458
0.000113774
0.000265427
8.58972e-05
0.000171623
0.000377051
0.000487607
0.000105551
0.000382864
8.10709e-05
0.000404487
0.000118806
0.00033178
5.04279e-05
1.22662e-06
0
2.65671e-07
0.000120612
0.000110686
5.35339e-06
0.000128397
0.000195611
0.000843363
0.000208891
4.93713e-05
5.26628e-05
9.78679e-06
0.000169468
0.000375108
0.000111721
0.000130757
0.000140841
0.000112752
2.15722e-05
5.96695e-06
2.26732e-06
9.5706e-05
1.01859e-06
0.000322171
8.40774e-05
7.40874e-05
0.00066201
0.000516144
2.04144e-05
0.000652062
0.0002935
0.000357673
0.000291929
0.000554266
0.000164499
0.000183003
0.000210243
0.000262205
0.000106066
0.000323845
0.000425749
0.000658185
6.90226e-05
9.34274e-05
3.89593e-05
0.000765823
0.000314662
0.000129612
0.000352848
0.000413359
0.000396209
5.50902e-05
0.000346426
0.000850947
0.000154273
0.000632031
0.000144624
0.000296077
0.000266797
0.00013854
0.00068511
0.000416286
0.000476273
0.000581367
0.000160837
0.000687628
0.000162484
0.000510908
0.00034611
0.00022062
6.6486e-05
5.32355e-05
9.62381e-05
0.000149128
0.000301158
0.000246488
0.000257828
0.000112767
0.000154827
0.000525801
5.75126e-05
0.000248847
9.35875e-05
1.14487e-05
8.50136e-05
3.17712e-05
0.000204201
2.82039e-05
9.95085e-05
2.0684e-05
1.3466e-05
0.000266399
0.000174697
0.000168072
0.000882491
6.36283e-05
0.000121615
0.000348663
3.71943e-05
2.1286e-05
0.000384916
0.000223178
0.000314154
3.06429e-05
0.000231369
0.000261816
5.35941e-05
0.00040507
2.01559e-05
0.000118352
0.000497221
0.000122365
8.33062e-05
0.000135758
0.000134223
0.00058706
0.000718487
0.000750291
0.000539571
0.000537636
0.00012186
1.85808e-05
0.00031182
5.63901e-05
0.000326852
0.00015367
2.43699e-05
0.00019885
0.000396498
0.00064344
0.000162646
0.000109098
3.73162e-05
0.000209901
0.000570407
0.000104745
0.000193139
0.000391884
0.000749522
0.000547012
0.000121419
0.000328835
0.000133387
0.000229777
1.65804e-05
3.06008e-06
5.40358e-05
8.61983e-05
0.000149638
0.000142463
0.000108269
8.49199e-06
0.000295322
9.60555e-06
2.51334e-05
5.16412e-05
0.000284311
0.000324038
9.14019e-05
2.59684e-05
0.00011474
6.1232e-05
0.000587267
0.00014287
0.000192395
0.000588646
0.000217204
0.000255889
4.67307e-05
9.24579e-05
5.60432e-07
5.57191e-05
6.67373e-05
3.95533e-05
9.68604e-06
0.000297884
0.000128016
0.000268551
0.000118528
2.93244e-05
0.000177553
0.000409424
0.000324685
0.000610987
0.000385069
6.48905e-05
7.39996e-05
5.80014e-05
0.000197442
0.000486694
0.000207135
0.000152688
0.000175929
0.000221497
0.000209996
0.000139447
0.000346744
0.000273986
6.97197e-05
0.00068442
0.000124306
1.8328e-05
0.000270529
0.000498565
0.0007571
0.000521895
0.000742925
9.55951e-05
0.000605638
0.000285861
0.000303146
0.000191167
0.000336711
1.52201e-05
2.47054e-05
0.000397516
0.00050467
6.4232e-05
0.000616538
0.000329094
0.000228226
0.000295173
0.000340052
0.000358637
0.000352377
4.71059e-05
0.000148977
3.88826e-05
5.53455e-05
0.000100275
0.000272461
0.000284274
0.000315019
0.000447439
7.27701e-05
0.000439125
0.000187368
0.000256523
0.000338345
0.000108843
3.54391e-05
0.000492896
1.06591e-05
1.8859e-05
2.9601e-05
8.48154e-05
0.000683921
7.64878e-05
0.000306116
5.96088e-05
2.43885e-05
6.24454e-05
0.000491045
0.00012321
5.33597e-05
0.000130696
0.000134536
0.000181274
0.000157925
0.0001889
0.000389038
0.000133073
0.000283797
0.000290741
3.11521e-05
4.17177e-05
0.000190504
0.000273034
0.000813525
0.000366221
2.30407e-05
0.00035237
0.000252558
0.000271898
0.000214888
0.000103593
0.000661649
0.000714106
0.000548708
0.000414967
0.000430336
0.000394431
0.000136889
6.43019e-05
0.000438908
0.000523099
0.000437801
0.000191675
0.000184745
0.000320458
0.000357859
1.84827e-05
0.000503587
0.000248604
0.000771321
0.000705843
0.000333681
0.000525418
0.000128209
0.000714519
0.000423387
0.000654369
0.000112041
0.00063911
0.000329394
0.00018768
5.67789e-05
0.00019546
8.95634e-05
0.000136295
0.000292007
5.21294e-05
2.7264e-05
0.000215488
0.000361236
5.56657e-05
0.000780823
0.000295268
0.00034835
0.000170992
0.000380748
0.000444898
0.000434635
7.87383e-05
3.58262e-05
2.43372e-05
0.000169115
0.000577666
0.000336846
2.16967e-05
0.000148184
0.000273792
0.000213845
0.000109808
0.000130694
0.00055181
0.000351848
3.01495e-05
8.72161e-05
0.000285554
0.000644034
0.000458453
0.000497969
4.13454e-05
5.92238e-05
0.000383439
0.000167562
0.000743984
0.000290989
0.000395874
5.64038e-05
8.42369e-05
0.000218794
0.000154933
5.16524e-05
9.97396e-05
0.000316507
0.000199212
0.000275316
5.97795e-05
0.000332366
0.00013226
0.000338164
0.000659457
0.000146348
0.000151009
0.000204902
0.000118546
0.00036977
0.000298339
9.30459e-05
0.000304322
0.000198867
0.000511068
3.66291e-05
0.00032134
0.000114551
0.000277779
0.000568187
0.000668872
0.000482076
0.000645893
0.000309973
0.000322833
0.000454139
2.46081e-05
0.000506875
0.000335777
0.000328921
3.79637e-05
3.45392e-05
1.90571e-05
0.000495579
0.000513537
0.000228168
6.60009e-05
2.18605e-05
3.04128e-05
3.42071e-05
7.04746e-07
7.01852e-05
0.000475726
8.18106e-06
0.000327057
4.76526e-05
0.000444091
0.000303489
0.000348152
6.08806e-05
5.91525e-05
5.352e-05
0.000113357
9.68055e-05
0.000325822
0.0004153
0.000516362
8.73163e-06
0.000308099
8.56771e-05
0.000568697
0.000166633
0.000190953
0.000271836
0.000132291
0.00059952
0.000108796
0.000576276
0.000286808
0.000207122
8.74611e-05
0.000292073
4.9797e-05
0.000275609
0.000550747
0.000249162
9.55272e-05
0.000164392
0.000130664
1.06956e-05
9.25354e-05
6.56071e-06
0.000128578
0.000727121
0.000387757
0.000372282
0.000753505
0.000268037
6.37766e-05
3.08696e-05
3.71655e-05
2.81083e-05
3.95784e-05
5.63153e-05
0.000724901
0.000770812
0.000486891
0.000854607
0.000439084
0.000399837
0.000483462
0.000311824
0.000107899
1.0644e-05
1.92371e-05
5.16028e-06
0.000709082
2.21431e-05
0.000189243
0.000129138
0.000155572
2.32982e-05
0.000178513
0.000125469
0.000105104
2.39144e-06
4.7485e-05
0.000259779
0.000598765
0.000855538
0.000216797
0.000119767
9.51942e-06
1.96384e-05
0.000182448
9.04747e-05
2.03623e-05
0.000172249
6.32976e-05
0.000980319
0.000410865
0.000176366
0.000496674
0.00116005
0.000440047
0.000107227
0.000193761
8.15071e-05
0.000299404
0.000167647
0.00010746
0.000550053
0.000315427
0.000271199
0.000203964
0.000983756
0.000617883
0.000235921
4.59944e-05
0.000202486
0.000344498
0.000511429
8.15349e-06
4.92373e-05
0.000332235
0.000585796
0.000379414
0.000186265
0.000649801
2.38705e-05
9.37721e-06
0.000116422
0.000552887
0.000165372
9.63062e-06
0.000353316
0.000187413
6.51332e-05
7.59544e-05
0.000460543
2.21788e-05
1.2664e-05
0.000814876
0.000325944
0.000250713
0.000561526
0.000645448
0.000589446
0.000262091
1.59348e-05
0.000249124
0.00043121
0.000340695
1.82843e-05
8.25164e-05
0.00035934
0.000400218
9.15499e-05
0.000488273
0.000216355
0.000425282
0.000557126
0.000181775
0.000290585
0.000310021
1.30179e-05
8.7282e-05
0.000210607
0.000249989
0.00049525
0.000148976
4.14721e-05
2.65021e-06
0.000207105
0.000409438
0.000173394
6.30995e-05
0.00012028
0.000196308
0.000822915
0.000813876
0.000563665
0.000140305
5.6672e-05
0.000463557
0.00026026
0.000328975
0.00051152
0.000373103
0.000136831
3.10206e-05
0.000726463
0.000213418
0.000615693
4.59398e-05
4.23802e-05
0.000422047
0.00103261
0.000142056
0.000202745
0.000199605
0.000197741
0.000132472
5.28697e-05
0.000145782
0.00015674
0.000407292
0.000322671
0.000495041
0.000454086
0.00048559
0.00070782
0.00101003
0.000833519
0.000591089
0.000136041
0.000181615
0.000246095
0.000244092
0.000269042
0.000149009
0.000574684
7.77594e-05
0.000184396
0.000104474
0.000865
0.000389455
0.00094481
0.000323738
6.96534e-05
0.000449586
2.34652e-05
0.000493142
0.000349894
0.00022873
0.000371525
0.000199905
0.000362678
0.000267765
0.000503645
6.78895e-05
2.51181e-05
6.75534e-05
0.000133309
0.000158677
0.00019285
2.68713e-05
0.000158547
0.000587685
0.000553775
0.000378029
0.000497905
0.000161953
3.8806e-07
9.69459e-05
0.000347974
0.00025992
0.000457818
9.79739e-05
9.03737e-05
0.000573377
0.000262007
0.0004293
0.000263549
1.39656e-05
0.000244078
0.00026418
0.000432106
0.000137565
0.000176759
0.000893109
0.000244246
0.000462124
0.000846093
0.000183435
0.000357237
0.000239397
0.000402528
0.000119638
0.000571321
0.000718236
0.00016738
5.74285e-05
1.6648e-05
9.22967e-05
0.000107913
0.000107487
0.000114793
1.17506e-06
1.70417e-05
0.000183697
4.06353e-05
0.000110179
0.000217088
8.82086e-05
0.000367209
0.000675908
0.000395431
0.000152942
0.000458666
0.00020265
0.000311275
0.000557486
4.46203e-05
0.000381554
0.000536139
0.000137262
5.46179e-05
0.00045834
7.44384e-05
1.15496e-05
1.87433e-05
5.91889e-05
0.000913348
0.000673885
0.00020989
0.000850036
5.88199e-05
0.000611258
0.000161089
0.000228984
0.000292252
0.000379727
0.00059374
0.000591817
1.26046e-05
4.99791e-06
0.000512083
0.000492438
0.000353712
0.000190379
0.000358363
0.000479501
0.000358461
0.000279134
0.000339148
0.0002375
0.000246908
0.00028526
0.000129265
0.000227334
0.000145195
0.000189837
0.000441903
0.00021396
0.000388824
7.4051e-05
0.000409858
0.000193155
0.000369563
0.000394556
3.91686e-06
1.39573e-06
3.37162e-05
1.39311e-05
0.00025038
2.21688e-05
9.98304e-05
0.00018376
1.19125e-05
0.00013142
6.18604e-05
0.00038916
6.74925e-05
0.000276904
0.000220566
0.000489115
0.000171953
9.96378e-05
0.00036579
0.000240103
8.96347e-05
0.000335791
0.000203922
2.53261e-05
0.000228341
5.82251e-05
0.000143896
0.000695035
0.000536723
0.000148198
9.17496e-05
0.000336361
0.000103515
0.00017238
0.000437636
0.00025123
0.000130727
0.000524636
0.000113265
2.42891e-05
0.000841202
0.000592098
0.00012138
7.23728e-06
0.00017869
0.000104948
0.000137649
1.35134e-05
3.90934e-05
3.66951e-05
5.35337e-05
0.000323569
4.50477e-05
0.000111406
0.00043491
0.000186804
0.000268961
0.000287115
0.00039116
0.000575392
0.000247646
0.000136647
9.52934e-05
6.29476e-05
0.000359179
0.00015361
0.000757393
0.000472309
0.000248817
4.70559e-05
0.000468756
0.000128518
0.000285043
0.000173789
2.2408e-05
0.000118516
0.000110091
0.000420343
0.000461389
0.000412441
0.000113858
4.03043e-06
3.21713e-05
0.000102611
0.000302705
0.000198141
0.000136222
0.000346238
0.000121659
5.62484e-05
0.000137456
0.000392289
0.000461018
0.000145326
0.000956029
0.00014061
0.000170286
0.000435759
0.000425795
0.000808681
0.000330024
6.16239e-05
0.000109314
0.000147274
0.000253595
0.000301123
0.000707598
0.00104729
0.000321461
3.12499e-05
0.000466671
0.000271511
0.000296546
9.33735e-05
0.000176509
9.66263e-05
6.43223e-05
0.000149494
1.57815e-05
0.00026451
0.00010765
9.25022e-05
0.000146799
0.000241789
0.000426141
6.34842e-05
0.000368791
0.000308416
0.0003594
0.000542772
0.000621586
0.000257375
4.12499e-05
8.85041e-05
1.04106e-05
0.000642572
0.00031324
0.000217912
0.000169959
0.000594178
0.000440848
0.000733051
0.000217312
0.00024034
0.000153695
0.000378454
0.000538551
8.19108e-05
0.000187939
0.000511667
0.000480854
0.000329795
5.12192e-05
0.000260085
0.00051798
0.000520063
3.70479e-05
0.000275577
0.000135114
0.000247379
0.000224449
0.000215444
0.000116829
0.000151979
0.000115946
0.000636318
0.000361219
0.000339715
9.04467e-05
6.89408e-05
0.000322128
0.000382808
4.73241e-05
0.000570696
0.000135399
0.000213556
0.000571466
0.000671131
0.000133582
0.000207478
0.00020597
4.75165e-05
8.51776e-05
8.75283e-05
0.000111859
8.56764e-05
5.15761e-05
0.000121159
5.17007e-05
4.92917e-06
0.00035585
0.0005497
0.000165112
0.000187067
0.000208177
0.000414706
4.00796e-05
0.000187871
5.0464e-05
0.000385184
1.88648e-06
0.000199844
0.000332085
2.03435e-05
0.000162493
5.68687e-06
0.000759265
5.59873e-05
0.000528341
0.000318948
0.000393438
0.000449858
0.000257723
0.0002752
0.000132611
0.000205962
0.000294127
0.00013522
0.000251902
0.000478316
0.000272874
0.000309699
0.000136162
2.13274e-05
9.87525e-05
0.000339938
2.90659e-05
0.000773162
9.69179e-05
0.000764169
0.000289683
0.000217845
0.000166022
0.000263385
0.000665431
0.000200886
0.000247701
0.000293063
0.00039477
2.1318e-05
6.71448e-05
0.000396296
5.1456e-05
0.000152283
0.000186345
0.000286065
0.000106287
6.07122e-05
0.000891901
0.000396568
0.000150587
0.000161924
0.000159997
0.00017813
1.02136e-06
7.03473e-05
0.000214445
9.48441e-05
0.000216111
0.000220239
0.000260211
9.00007e-05
4.08102e-05
8.99173e-06
8.63247e-05
0.000329637
0.000114705
0.000437373
0.000447191
0.00015824
0.000404941
7.97904e-05
0.000614674
0.000117884
0.000173402
0.000255755
0.000482427
0.000658439
0.000169539
0.000417755
7.37315e-05
0.000546823
0.000300654
8.31146e-06
0.000277948
6.46941e-05
3.09599e-06
0.000303167
0.000230755
5.62253e-05
0.000342641
0.000176583
0.00075851
0.000695582
0.000736324
0.000428741
0.000731081
9.0415e-05
0.000136925
0.000639638
0.000513468
0.000514218
0.000120194
0.000107281
0.000122267
5.9751e-06
9.37666e-05
0.000338519
9.57141e-05
0.000167136
0.000504436
7.20181e-05
9.4412e-05
0.000283552
0.000158862
0.000166905
4.58525e-05
3.84442e-05
0.000208866
0.000471327
0.000204569
9.2426e-05
0.000600521
0.000332003
6.09067e-05
3.58948e-05
0.000270186
0.000468831
9.73182e-05
0.000367321
0.000202393
0.000393044
0.000632737
0.000376436
0.000136964
0.000204864
0.000178118
0.00036462
0.000594426
0.000851457
0.000516735
0.000367972
0.000386925
3.2368e-05
0.000190425
0.000234231
9.43903e-05
0.000350441
0.00019381
0.000291678
0.000238565
0.000191414
0.000127902
0.00010227
2.35891e-05
0.000200121
9.33425e-05
0.00017444
7.62985e-05
0.000106897
0.000428826
9.98809e-05
0.000103997
0.00014946
0.000229958
0.000111178
2.80855e-05
0.000472671
0.000186552
0.000133415
0.000749561
0.000107325
0.000143425
1.55303e-05
0.000618051
0.000297704
0.000120528
0.000124908
0.00049432
0.000333271
4.44877e-05
0.000191328
0.000584968
9.47141e-05
0.000249305
0.000351779
0.00013884
0.000248904
0.000246349
0.000181662
0.000417465
7.68222e-05
0.000190629
0.000400256
0.000138708
0.00028053
0.00042366
5.08047e-05
0.000246512
0.00025697
0.000158416
4.2158e-05
0.000277233
0.000587201
0.000106707
0.000345884
0.000584534
0.000240013
5.47977e-05
4.29651e-05
0.000335849
4.227e-05
5.8857e-05
0.000224539
0.000677415
0.000752587
0.000512152
3.86138e-05
2.9335e-06
1.2275e-05
3.05233e-05
2.13429e-08
0.000202969
0.000348713
1.02947e-05
4.01336e-05
0.000199437
0.00034622
0.000186769
0.000672214
1.00865e-05
0.000141822
0.000308828
0.000771159
0.000481967
3.02397e-05
9.57284e-06
8.86479e-05
0.000681168
0.000179379
0.000255184
0.000123748
0.000245219
1.07023e-05
6.29837e-05
0.000158678
0.000197494
0.000590667
0.000292392
0.000176866
0.000312501
0.000309893
5.31903e-05
3.96382e-05
0.00026265
0.00071541
0.00028801
0.000188199
6.04703e-05
0.000252594
0.000152395
4.77135e-06
4.22399e-06
0.000160009
0.000154082
0.000122744
0.000308961
1.02298e-05
0.000315076
7.5735e-06
2.41644e-06
0.000363775
0.000806842
0.000529248
0.000204913
3.42334e-05
0.000441774
0.000277439
0.000544274
0.00051788
0.000475584
4.23512e-05
0.000349575
0.000650654
0.000163069
0.00010023
0.000173854
0.000138439
0.00076544
0.000563548
0.00045668
0.000483621
9.74515e-07
1.43021e-06
9.65487e-06
6.8661e-05
0.000330826
0.000480534
6.91285e-05
0.000289575
0.000719011
0.000365853
0.000354192
0.000454772
2.27953e-05
3.03478e-05
0.000111732
0.000340456
0.000100225
0.000231838
0.000401008
0.000253783
1.52467e-05
1.02281e-05
0.000218343
0.000306817
0.000653363
0.000120691
0.00031699
0.000155206
0.000467079
0.000496631
0.00071742
0.000637096
0.000495334
0.000392147
2.56929e-05
0.000399446
0.000496532
0.000187785
0.00067071
0.000479737
0.000434407
6.1166e-05
9.82462e-06
0.00053387
0.000452696
0.000638305
6.09247e-05
2.23505e-05
3.57972e-05
1.8569e-05
0.000407177
0.000334419
7.17255e-05
0.000652547
0.000351524
0.000175204
0.000229339
0.000668321
0.000878584
0.000297735
0.000427536
0.000161924
9.392e-05
0.000161598
0.000751135
0.000149217
3.30285e-05
0.000153824
0.000724694
7.54309e-05
0.000143458
0.000111341
4.00041e-05
0.000268368
0.000241177
0.000399727
3.78438e-05
4.48455e-05
7.50229e-05
0.000121862
0.000291399
3.68866e-05
6.03795e-05
5.15045e-05
8.11801e-06
7.89972e-05
5.41164e-05
0.000202272
0.000467116
0.000233483
0.000772055
0.00014029
0.000174094
0.000292856
0.00022049
0.000252947
0.000647129
0.000975696
0.000785032
0.000303308
0.000449856
8.3691e-05
0.00012928
0.000231222
0.000256917
0.000203567
4.2648e-06
0.000117384
4.34016e-05
3.41258e-05
1.92966e-05
0.000237874
0.000171286
0.000403643
0.000108485
0.000236531
0.000327756
0.000109989
0.000341391
0.000378036
0.000316462
8.62747e-05
0.000185584
0.000144905
7.03367e-05
4.26776e-06
0.000432898
0.000140384
0.000460789
0.000665898
4.9536e-05
0.000404261
0.000311824
0.00057114
0.000274369
0.00014779
4.19727e-05
0.000559224
0.000382637
0.00037847
0.000531527
4.941e-05
0.000144935
0.000534884
0.00057896
0.000476811
0.00043062
0.000520588
2.83075e-05
0.000646894
9.81208e-05
0.000167904
0.000222211
6.66222e-05
0.000146235
0.000169872
0.000354838
0.000161849
0.00012664
0.00076413
0.000670641
0.000326488
0.000143176
0.000372896
0.000336003
0.000384328
0.000203096
0.000521352
0.000503607
0.00022864
0.000505096
0.000421495
0.000230351
8.9227e-05
0.000694069
0.00052044
0.000155754
6.01104e-05
0.000330735
0.000156156
0.000210242
0.000116021
1.12487e-05
0.000171305
3.07025e-05
0.000290381
0.000291357
9.93655e-06
0.000228177
0.000165713
0.000369525
9.68756e-05
0.000283723
0.000295803
2.32378e-05
0.000455854
6.7646e-05
6.77778e-05
7.17926e-05
0.000173778
0.000235896
0.000137943
0.000145221
3.43765e-05
0.000461375
0.00015587
0.000250954
0.000195346
0.000630093
0.000657401
0.000675987
0.000566132
0.000150716
0.000224407
0.000405934
0.000546473
2.50646e-05
3.27482e-05
2.27766e-05
0.000348585
0.00074875
0.000224714
0.000459121
0.000261148
0.000991453
0.000271236
0.000559639
7.3116e-05
0.000867513
0.000453
0.000424769
6.48893e-05
0.000530225
0.000467385
0.000554563
0.000337116
0.000162751
0.000251062
0.000216602
0.000275112
2.76888e-05
1.22581e-05
0.000307729
0.000277178
0.000514263
0.000224642
0.000164334
0.000264611
0.00074895
0.000182565
5.46174e-05
0.00021351
0.000283456
0.000184728
0.000243804
6.91309e-05
0.000193782
0.000247053
7.6259e-05
8.91646e-05
0.000209659
0.000502548
0.000109237
0.000287544
0.000279624
0.000258345
8.69915e-05
4.30073e-05
7.80113e-05
0.00012261
4.26979e-05
0.000191059
0.000472189
0.000163506
0.000142377
0.000104556
1.38124e-05
0.000101277
2.01705e-05
5.66955e-05
1.00504e-06
7.70555e-05
0.000181328
0.00060502
0.00019235
0.000125692
0.000106191
0.000118906
0.000125593
0.00020143
0.000753275
0.000609921
0.000580112
0.000715411
0.000447408
3.1745e-06
0.00011321
7.36037e-05
0.000105065
9.22048e-05
0.000598114
0.000343784
2.23496e-05
0.000215751
0.000427273
5.74212e-07
0.000170114
0.000126291
0.000122772
0.000107741
8.9244e-05
4.10716e-05
0.000185427
0.000106169
0.000121653
0.00012617
0.000204944
0.000173338
0.000144052
0.000144291
0.000637114
1.27913e-05
0.000170083
1.76693e-05
0.000269787
8.14705e-05
0.000162867
0.000525261
0.000358407
6.9417e-05
5.11439e-05
0.000494598
0.000295376
6.10008e-05
0.000444532
0.000389353
0.000581107
0.000244176
9.49654e-05
0.000280082
6.85023e-05
0.000210761
6.31598e-05
0.000138984
0.000412095
0.000863867
0.000184341
0.000132197
0.000102282
4.95785e-05
0.000151805
0.000170762
1.51874e-05
0.000110039
0.000657462
0.000428075
0.000860196
0.000535084
0.000227008
0.000120575
0.000121556
1.43901e-05
8.49437e-05
0.000351485
9.76892e-05
7.96673e-05
0.000315048
0.000376883
8.62755e-05
9.74258e-05
3.57136e-05
5.36528e-05
7.42611e-05
0.000143916
0.00020932
0.000223021
0.00128566
0.000297526
0.000202915
0.000772935
0.000365658
0.000216081
0.000202117
0.000180919
6.41896e-05
8.41453e-05
0.000223081
4.85564e-06
1.01556e-05
9.84267e-05
0.000175866
2.58942e-05
1.24861e-05
8.89392e-05
0.000370913
0.000158573
0.000428091
0.000329987
0.000323319
0.000176542
8.10159e-05
0.000203211
0.00033642
0.000457697
0.000338953
0.000154395
0.000777116
0.000559925
0.00041315
0.00045095
0.000115946
9.20421e-05
0.000138072
7.01988e-06
0.000623876
0.000973421
0.000696383
0.000195192
0.000200608
0.000213834
0.000169162
7.06181e-05
0.000162933
0.000860371
0.000413865
0.000198623
0.000270881
0.000195868
0.00030854
4.36559e-05
2.25459e-05
3.67029e-06
0.000306724
7.91456e-05
5.02339e-05
1.1019e-05
0.000329449
0.000412399
0.000190094
0.00029065
0.000404854
0.000186928
0.000253619
0.000401076
5.45949e-05
0.000402593
3.98643e-05
1.75201e-06
7.02385e-05
0.000102327
0.000417737
0.000378781
0.000633578
8.18243e-05
0.00016311
0.000126043
0.000183531
0.000197742
2.08351e-05
9.05284e-06
4.96408e-05
8.27599e-05
8.81667e-08
3.02429e-05
4.63424e-05
4.71131e-05
0.000408897
0.00011418
0.000187647
2.12179e-05
0.000146394
0.000139409
0.000157358
0.00010014
0.0002543
0.000131951
1.31857e-05
6.52031e-05
7.68735e-07
0.000153782
0.000425647
0.000285593
0.000154336
0.00063449
0.000424127
0.000166629
4.09006e-05
4.74485e-05
0.000119605
0.000112237
0.00052799
4.04921e-05
0.000628574
0.00041463
5.6999e-05
9.74344e-05
0.000421081
0.000372752
0.000465473
0.000301615
9.56529e-05
0.00026562
5.74858e-05
2.15307e-05
0.000288411
0.00034658
0.000452188
0.000132915
0.000128628
0.000145374
0.000519063
8.96627e-05
4.31653e-05
7.0559e-05
0.000203361
6.23115e-05
0.000812119
0.000536361
0.000970374
8.94162e-05
0.000238685
0.000140918
0.000149434
0.000489923
0.000199773
0.000320041
0.000620832
0.000492342
0.000705705
7.65245e-05
0.00066895
0.000499759
8.55487e-05
0.000142266
0.000427238
0.00046851
1.77292e-05
8.22033e-05
4.272e-05
8.64795e-05
0.000376217
0.000742496
4.49056e-05
3.47235e-05
0.000136624
2.1639e-05
1.57521e-05
8.83473e-05
0.00064406
0.000297469
0.000148993
0.000268153
4.82565e-05
0.000144052
0.000139443
0.000198551
0.000462923
0.000247885
0.000276676
0.000284912
0.000360291
0.000226696
0.000537203
0.000147284
4.19266e-05
7.85727e-05
0.000537334
0.000203838
0.000746598
0.0003874
0.000365732
0.000507121
0.000102805
8.2757e-05
0.000125519
4.02214e-06
1.56632e-05
0.000213228
6.63153e-05
2.55312e-05
2.93933e-06
4.08669e-05
2.56235e-05
0.000239858
0.000162372
0.000187676
0.000332498
0.000341734
0.000552449
0.000796515
0.000395087
6.93632e-06
6.56995e-05
7.142e-06
0.000276632
0.000435695
0.000260556
0.000415906
0.00012804
9.47768e-05
0.000435208
0.000563526
0.000487882
0.000487751
0.000348732
0.000479587
0.000439353
7.08523e-05
0.00096373
0.000106394
0.000172748
0.000305816
6.36407e-05
7.98213e-05
0.000365436
0.000419703
0.000344672
0.000759776
0.000416893
1.40714e-05
0.000542302
3.33148e-05
2.78529e-05
0.000312589
0.000576009
0.000305224
0.000292786
0.000277446
0.000754764
0.000483847
0.000238699
0.000587813
0.000169802
0.000196976
0.000472111
0.000382338
0.000278818
0.000176322
5.28584e-05
5.19804e-05
0.000114073
0.000213214
0.000142209
3.4328e-05
0.00035502
0.000186496
0.000452876
0.00044388
0.000171722
6.25187e-05
2.52505e-05
0.000252053
0.000872112
0.000547571
0.000230085
0.00017215
0.000752026
0.00026341
9.24934e-05
0.000312542
0.000147174
8.58126e-05
8.4577e-05
0.000296057
0.000108454
0.000292163
3.24453e-05
0.000204504
0.000121422
6.30684e-05
1.26584e-05
0.000334796
5.2676e-05
4.12001e-05
0.000116131
0.000252647
2.3823e-05
8.60773e-05
0.000139641
0.000484939
0.000235282
0.000589669
5.49314e-05
0.0002849
0.000181648
8.53278e-05
0.000439025
0.000380471
0.000568568
0.000605151
0.000562641
0.00045058
0.000249948
0.000441723
0.000144325
0.000163625
0.000175825
0.000372108
4.97646e-05
6.27361e-05
0.000239369
8.573e-05
0.000583043
0.000460148
8.25765e-05
0.000154187
0.000465138
0.000153674
0.00039039
0.00040267
5.60596e-05
0.000153417
4.61554e-05
0.000289748
0.000597725
0.00018103
9.07949e-05
0.00129702
0.000109731
9.11386e-05
4.73461e-06
0.000274571
3.93303e-05
9.38597e-06
7.31584e-06
0.000198143
5.97542e-05
0.000308766
0.000282135
0.000245291
0.000167628
5.90566e-06
0.000230928
0.000373127
0.000463156
0.000471501
0.000136642
0.000153199
0.000547158
0.00011238
1.73173e-06
1.92367e-07
2.71992e-05
0.000277105
0.000253228
0.000178694
6.51469e-06
4.62827e-06
5.898e-06
3.19417e-05
0.000247659
0.000249063
0.000285486
0.000619591
7.95418e-05
0.000463975
0.00020399
2.22234e-05
3.64516e-05
0.000230424
0.000686581
0.000393097
0.000659663
0.000377668
0.000100768
0.000278764
0.000383505
0.000200783
0.000162538
0.000334814
0.000199481
0.000455655
0.000182253
0.000317045
0.000133086
0.00018548
3.3025e-05
0.000155488
0.000345403
7.21506e-05
2.77651e-05
6.4431e-05
0.00087511
0.00015674
5.25792e-05
0.000337152
7.91508e-05
0.000215992
3.87039e-05
2.65729e-05
8.79868e-05
2.27802e-06
0.000365952
0.00050088
5.18997e-05
0.00036638
0.0001547
0.00014767
1.24168e-05
0.000509054
0.000147852
0.000321428
1.46648e-05
4.86527e-06
5.91837e-07
0.000197001
0.000315868
0.000609007
0.000355747
0.000344989
0.000201809
0.000714929
6.17469e-05
7.25461e-05
0.000293522
5.98516e-05
2.4569e-05
0.000415255
0.0001377
0.000189159
0.000202581
0.000429099
0.000559542
0.000103946
0.000120472
0.000174752
0.000143357
0.000339226
0.000266322
7.06617e-05
0.000201757
0.000544527
0.00020492
0.000155822
0.000225589
0.000499409
0.000135412
2.31507e-05
0.000226918
0.000227333
0.000173899
0.000286141
0.000574817
0.000391579
0.000290498
7.2051e-05
0.000197887
0.000473364
0.000543143
0.000438056
2.20803e-07
3.87427e-05
9.05223e-05
7.24566e-05
0.000391667
0.000447257
4.99151e-05
0.000524633
0.000197464
5.2058e-05
7.36679e-05
0.000219123
0.000445367
0.000509504
7.7034e-05
2.24233e-05
0.000400436
0.000102729
0.000431031
6.56705e-05
0.000222016
0.000377079
0.000114036
3.31188e-05
6.32237e-05
0.000140971
0.000136156
4.15256e-05
0.000796899
0.000342518
0.000592746
0.000555329
0.000547359
0.000628996
0.000381077
0.000390873
0.000430379
0.000237017
0.000363838
0.000101895
0.000590701
0.000921604
0.000406929
8.12063e-05
0.000187011
9.47902e-05
7.61754e-05
0.000105253
0.000144257
0.000138407
0.000746532
0.00055422
0.000218976
0.000266732
0.000106444
0.000131431
7.5399e-05
4.72511e-05
5.76406e-05
0.00013305
0.000381525
0.000967076
9.61502e-05
0.000171831
0.000768804
6.94052e-05
7.54116e-05
0.000210947
1.50782e-05
0.00011549
8.02201e-05
0.000283359
0.000173156
0.000285407
0.000127007
0.000828769
4.93756e-05
2.17216e-05
0.000285821
0.000158165
0.000907937
0.000134453
2.82008e-05
0.000226888
0.00013283
0.00025734
0.000210851
0.000168108
0.000219639
3.2395e-05
1.60941e-05
0.000238572
0.000222685
0.000608164
3.28142e-05
3.25196e-05
0.0004208
0.000125988
0.000287183
0.000584265
0.000180063
0.000413207
0.000147599
2.93503e-05
0.00017095
0.000255348
0.000573075
0.000263738
0.000371403
0.000442519
4.44309e-05
0.000258848
0.000646104
0.000145797
0.000230542
0.000109153
0.000120866
4.11516e-05
0.000552482
0.000141262
0.000346635
0.000530645
0.000163941
0.00023193
0.000553368
0.00022504
0.000101838
0.000546344
6.15905e-05
5.98144e-05
0.000159739
0.000399167
0.000206254
0.000178535
0.000132336
0.000297024
0.000231961
9.79798e-05
7.34565e-05
0.000401123
8.97509e-05
0.000289253
0.000230466
2.97311e-05
0.000210349
8.84719e-05
4.89251e-05
0.000331542
5.24304e-06
3.58019e-05
0.000715847
0.000206345
3.40035e-05
0.000287068
0.00045913
9.71883e-05
0.000168529
0.00013916
7.65216e-05
1.05301e-05
0.000101194
8.05454e-05
0.000364945
0.000279131
5.72191e-05
6.71456e-05
5.36266e-05
0.000558887
5.58742e-05
5.58911e-05
0.000128652
0.000228423
0.000668897
0.000469336
0.000239418
0.000224531
0.000190791
0.000172682
0.000285059
0.000638796
0.000231148
0.000176334
0.000124237
4.06928e-05
7.38471e-05
8.15733e-05
0.000122451
0.000301301
0.000263371
0.000482927
0.00047266
0.000207095
0.000568467
0.000373374
4.65747e-05
0.000322052
0.000158392
0.000122265
0.000470541
0.000243192
0.000437227
0.000258452
0.000373675
0.000220438
0.000119698
9.45814e-05
1.27952e-05
0.000155493
6.157e-06
4.4428e-05
7.40337e-05
0.000639668
0.000522909
0.000180367
0.000297696
7.75031e-05
1.7563e-05
0.000265218
0.000474514
1.96098e-05
8.59596e-05
0.000585356
0.000417286
0.000406836
3.17228e-06
0.000115938
0.000115092
0.000391632
0.000176093
0.000229712
0.000170026
0.000605657
0.000256974
0.000177635
0.000212813
0.000121448
0.000531817
0.000287283
0.000150002
0.000809926
0.000165797
0.000193913
0.000652267
0.000577893
0.000509501
0.000247588
0.000102739
9.90612e-05
0.000414691
0.000101919
0.000484082
0.000142611
0.000128521
0.000133505
5.87807e-05
0.000298869
0.000174589
0.00024198
0.000214987
0.000464887
0.000342098
6.55203e-05
0.000309654
0.000241571
0.000512312
0.000720343
0.000335397
0.000285024
0.000914022
0.000160856
0.00018226
9.98708e-05
0.000337167
0.000294972
0.00014394
0.000502671
0.000341157
0.000321822
5.10022e-05
7.78337e-06
0.000227259
0.000639879
0.000917271
0.000238596
0.000129735
0.000279042
0.000330194
0.000384445
0.000281298
0.000381261
0.000813529
0.000214507
0.000330621
0
7.48412e-06
0.000264632
0.00028596
7.08905e-06
0.000785898
0.000611628
0.000446633
0.00017677
1.21786e-05
0.000211058
0.000363425
5.35322e-05
0.00040665
0.000165636
0.000358202
1.51543e-05
6.14825e-05
0.000273737
8.79735e-05
2.26916e-05
1.06697e-05
0.000385773
0.000150205
9.1941e-05
0.000227457
0.000158754
0.000591007
0.000430344
0.000476696
0.000621531
0.000670451
4.58439e-05
0.000346937
0.000353134
0.000179936
0.000305471
7.13302e-05
0.000164448
0.000200679
0.000172869
0.000522395
0.000295368
1.97934e-05
0.00034351
3.66135e-05
4.83541e-05
0.000201921
0.00040757
0.000178387
0.000517109
0.000234567
2.36506e-05
0.000722757
0.000205854
5.93228e-05
0.000140369
0.000211989
0.000291667
3.36422e-05
0.000243491
0.000285273
6.43319e-05
0.000280014
0.00017891
0.000119965
0.000100839
0.000483092
0.000787681
0.000259459
0.000775064
0.000269342
0.00092066
0.000218498
0.000263906
8.08049e-05
0.00064061
0.000665514
0.000294832
0.000934504
0.000244917
0.000166514
0.00058134
0.000166011
7.42201e-05
0.000206394
3.5855e-05
0.000428355
0.000243039
7.95696e-05
1.01179e-05
5.34884e-05
0.000254586
0.000299538
0.000347759
0.000678146
7.37458e-05
0.000412441
0.000821317
7.44573e-05
0.000318675
1.49966e-05
5.95184e-05
0.000268433
0.000516287
0.000329304
0.000201261
0.000234624
4.23486e-05
0.000141416
3.61414e-05
0.000219129
0.000686819
4.6646e-05
5.50527e-05
8.30177e-05
5.45412e-05
0.00036124
0.000363573
0.000722935
0.000393055
0.000207433
0.000111863
9.04877e-06
3.06827e-05
0.000113102
0.000123494
4.38795e-05
0.000199022
0.000199943
0.00022287
3.23427e-05
0.000445698
0.000142141
1.55987e-05
4.44499e-05
5.46001e-05
4.1992e-05
0.000179178
0.000155635
1.42052e-05
0.000498894
0.000226551
8.11665e-05
9.78063e-05
0.000205228
0.000570525
0.000731619
3.02145e-06
5.08039e-05
0.000241654
6.46408e-06
3.25295e-05
8.84926e-05
0.000355313
0.000740087
9.00507e-06
0.000392182
0.000493622
0.000568957
0.000110691
0.000305428
0.000405895
0.00015213
0.000167866
0.000266149
0.000113103
0.000509607
0.000153556
0.00023528
0.000118415
9.64067e-05
0.000213076
9.73425e-05
2.90606e-06
4.86411e-05
1.42737e-05
0.000340655
0.000125474
3.90026e-05
0.000342449
0.000195538
0.000292422
0.000839091
0.000335788
0.000190949
2.10834e-05
0.000108887
0.000124202
0.000214253
0.000108057
0.000543982
0.000390792
5.16949e-05
1.1378e-05
5.71555e-05
0.000701296
0.000420685
0.000572084
0.000287026
0.000311292
0.000365478
0.000506631
0.000475677
0.000339535
0.000704722
0.000479181
0.000458153
0.000476942
0.00079858
2.10293e-05
0.000103243
0.000608515
0.000465319
0.000127117
0.000124285
0.000274279
0.000940867
0.000233623
0.000194723
0.000177186
0.000369806
0.000713876
0.00039345
5.2946e-05
0.000164341
4.91846e-05
0.000152396
0.000402185
0.000422749
0.000308033
9.05622e-05
7.94628e-05
7.19584e-05
6.04002e-05
0.000266451
2.34183e-05
0.000301689
0.000158658
0.000518055
1.96134e-05
9.81173e-05
0.000500046
0.000160083
0.000578347
0.000162603
7.42545e-06
0.000251968
0.00108273
0.00043769
0.000210966
6.11798e-05
0.000705462
8.18911e-05
3.45544e-05
0.000175652
0.000348131
0.000132235
7.77555e-05
6.64782e-05
0.000169434
0.0004452
0.000195859
1.27739e-05
2.77475e-05
0.000114124
0.000374819
0.000302313
0.000595029
1.64173e-05
0.000767503
0.000120059
0.000168781
3.45381e-05
8.94522e-05
3.9291e-05
5.71219e-05
0.00024322
6.23032e-05
5.23889e-05
0.000627155
0.000116176
7.53177e-05
0.000200324
0.000353076
0.000255588
0.000129778
0.000532179
8.51038e-05
0.000175621
9.59707e-05
5.72798e-05
2.4821e-05
5.07445e-05
9.60236e-05
0.0010272
7.16689e-05
0.000548027
0.000676369
0.000215539
0.000488197
0.000602644
3.05275e-05
0.000294566
0.000227525
0.00035762
0.000395716
5.84876e-05
0.000145485
0.000175369
0.000137804
4.73663e-05
0.00011562
0.000442774
0.000480791
0.000321175
0.000391863
0.000569879
0.000150487
0.000189113
0.000224296
0.000240716
7.00886e-05
0.000224741
0.000101721
0.000332066
0.000227711
0.000383449
0.000193139
0.000100712
0.000266174
9.24371e-05
0.000266101
0.000478092
0.000903547
3.32603e-05
0.000108542
1.40046e-05
0.000159178
0.000274559
9.23105e-06
0.000554661
0.000343178
0.000362099
0.000198926
4.71714e-05
0.000104302
7.84791e-05
0.000106891
0.000278152
0.000213201
0.000546846
0.000162817
0.000370478
0.000712366
0.000503522
0.000253755
0.000528851
0.000135272
0.000700539
0.000226056
3.33207e-05
0.000400316
0.000204391
0.000296405
0.000300585
0.000122497
0.000126547
9.78878e-05
8.66432e-05
0.000114063
0.00011283
0.000531896
9.16378e-05
0.000253865
0.000205704
0.000213501
0.000583999
0.000175636
0.000690838
0.00040596
0.000349797
0.000202271
0.000458713
2.36866e-05
8.25676e-05
0.000180518
0.000173605
0.000485301
0.00026912
0.000113417
2.52167e-06
1.24711e-05
0.000166083
0.000262398
6.49903e-05
8.72411e-06
2.60233e-05
0.000250322
0.000157423
0.000918084
6.71618e-05
0.000313436
0.000302468
0.000170629
0.000120464
0.000160967
0.00050602
0.000210195
0.000386307
9.8688e-05
0.000398482
0.000767786
0.000142969
0.000139614
0.000323311
0.000223477
0.000260908
0.000271787
0.00020964
0.00041687
0.0002439
6.77867e-05
0.000781897
0.000354507
0.000282001
0.000371933
0.000531223
0.000136972
0.000391453
0.000618455
0.000109048
0.000179197
0.000371529
0.000282976
0.000286268
1.41423e-05
1.17239e-05
0.000123522
0.000151253
0.00029188
0.000387939
0.000549358
0.000189575
0.000727177
0.000378951
0.000231173
0.00018078
5.4245e-05
0.000133942
0.0004325
0.000597974
3.06569e-07
7.09751e-05
8.6194e-05
0.000374066
0.000335264
0.000159405
0.000769365
0.000514085
0.00057947
0.000238322
0.000704507
0.000305648
0.000285468
0.000479702
1.88707e-05
0.00031135
0.000349475
0.000386822
4.71824e-05
6.95756e-05
0.000126266
0.000196603
0.000275442
0.000342662
0.000262712
0.000309904
0.000210724
7.57372e-05
9.15488e-05
0.000283729
9.95673e-05
0.000154794
2.03221e-05
0.00054489
4.36746e-05
5.0914e-05
0.00016839
0.000212079
0.000426598
0.000157565
0.000304927
0.000435571
0.000134388
8.14068e-06
0.000138671
0.000119867
0.000501258
0.000213389
6.47095e-05
0.000119648
3.18802e-05
7.06361e-06
0.000405115
0.000223528
0.000114593
0.00011778
0.000160578
1.78188e-05
5.90657e-05
0.000373597
0.000206474
0.000162411
0.000529003
0.00026913
0.000133768
0.000128702
9.22554e-05
4.17763e-06
6.30151e-05
1.65634e-05
7.75937e-05
3.20946e-05
0.000111219
6.34212e-05
0.000637266
0.000253085
0.000169095
0.000198313
8.00525e-05
0.000102767
5.92901e-05
1.27368e-05
0.000137716
0.000205035
0.000132724
0.00013353
0.000275349
0.000322497
0.00025352
0.000510205
0.000363364
2.84629e-05
4.56412e-05
0.00060387
0.000372186
0.000445595
5.76275e-05
1.8172e-05
8.64789e-05
9.23209e-05
0.000132885
0.000559518
6.15846e-05
7.43318e-05
0.000293064
8.39824e-05
8.10923e-05
4.12139e-05
6.79769e-05
6.57497e-06
0.000306774
0.000300228
8.12684e-05
3.4526e-05
8.22783e-05
0.000267249
0.000890983
0.000383513
6.12068e-05
4.93788e-05
0.000253003
2.43414e-05
0.000512833
0.00095612
0.000406418
0.000640927
0.00024097
9.30087e-05
0.0010174
0.000277801
6.49552e-05
0.000164311
0.000148863
0.00112524
0.000506056
0.000654258
0.000245545
3.80615e-05
2.76546e-05
0.000458302
0.000414983
0.000465492
0.00080855
0.000288799
8.64936e-05
1.0593e-05
0.000464623
0.000423318
0.000210289
0.000324023
0.000507625
0.000532802
6.94939e-05
6.75947e-05
6.33705e-05
0.000439701
0.000277419
0.000826457
0.000265674
7.41864e-05
1.7001e-05
0.000117444
0.000753782
5.48981e-05
0.000229245
0.000370137
0.000676831
0.000958649
0.000183285
2.87192e-05
2.60425e-05
6.56706e-06
0.000278216
0.000452569
6.08765e-05
0.000264412
0.000200585
0.000194702
0.000203757
3.21176e-05
0.000391223
4.70239e-05
0.000241027
3.21499e-05
0.000166865
0.000145285
3.05805e-05
2.54465e-06
0.000375034
0.000368966
0.00053145
8.82813e-05
0.000325722
0.000314185
0.000593081
0.000427782
9.60764e-05
0.000125723
0.000398549
4.64532e-05
0.000312403
0.00015101
8.62996e-06
6.49686e-05
7.27859e-05
3.69606e-05
0.000341351
6.79713e-05
0.000216
1.77417e-05
6.49355e-05
0.000190582
0.00055377
0.000448937
0.000429888
0.000412781
0.000516379
0.000258983
0.00047868
1.49669e-05
0.000150592
0.00018668
0.000396256
0.00044216
0.000103303
7.14421e-05
0.000234244
0.000272829
0.000198025
0.000228186
0.000635911
0.000650018
0.00043347
0.000272078
0.0002032
0.000369859
9.77759e-05
5.65405e-05
0.000328844
0.000411334
0.000142558
0.000160868
0.000285168
0.000152477
6.49233e-05
0.000433229
0.00011844
0.00021709
0.000125722
0.000288937
4.78e-05
0.0003463
7.16384e-05
1.44746e-05
0.000285212
0.000619149
0.000222483
0.000413517
1.79458e-05
8.85692e-05
0.000227027
0.000182973
9.20787e-05
0.000446422
0.000135358
2.77778e-05
0.000855964
0.000246894
0.000143372
0.000617323
0.000391934
8.30059e-05
0.000213951
0.000136293
5.00121e-05
0.000178448
0.000430582
0.000246097
0.000515059
8.99731e-05
0.000165147
0.000117622
4.95061e-05
0.000691632
0.000486143
0.000219141
0.000526896
0.000626802
0.000764552
0.000498657
0.000228437
0.000122672
0.000569201
5.82115e-05
6.53726e-05
5.78435e-05
0.000396106
0.00012847
0.000511245
0.000495709
0.000632952
0.000173884
3.1371e-05
0.000147228
9.75384e-06
0.00033859
5.58473e-05
0.000309103
5.67433e-05
5.02068e-05
4.21732e-05
0.00029002
0.000187522
0.000115572
0.000148953
0.000346321
0.000543824
0.000365756
0.000234248
0.000767118
3.21632e-05
0.000186925
0.00025924
0.000438863
0.000454033
4.3981e-05
0.000405447
2.25976e-05
0.000212788
5.88648e-05
3.92347e-05
0.00027692
0.000380813
0.000360458
0.000436702
0.000114009
0.000716741
5.23786e-05
6.14335e-05
4.75236e-06
0.000164551
0.000149557
0.000403298
0.000580349
2.58722e-05
2.53875e-05
0.000330748
0.000336225
0.000187779
0.000110922
1.51233e-05
1.76987e-06
0.00060189
0.000221646
0.000654868
0.000910229
0.000192804
0.000204411
0.000426884
0.000157672
0.00042678
0.000473349
9.92008e-05
5.23182e-05
0.000309664
0.000237099
0.000795111
0.000844028
0.000665116
0.000108611
0.000462477
0.000169516
0.000334338
0.000197826
0.000258631
0.000516949
0.000151252
8.64916e-05
7.00905e-05
0.000132579
0.00073764
0.000187959
0.000220511
0.000258797
0.000437963
0.000343086
0.000308475
2.71118e-05
0.000178828
3.61172e-05
0.000191224
7.8663e-05
1.65748e-05
0.000184543
0.000173234
0.00035203
0.000220928
0.000338968
0.000372215
0.000223553
7.80115e-05
0.00021471
0.00015706
0.000883601
5.51906e-05
9.40168e-05
0.000428926
0.000113574
0.00014139
0.00023848
0.000134975
2.43334e-05
0.000126222
0.000207976
0.00028012
0.000347559
1.09134e-05
1.3683e-05
8.86858e-05
6.52897e-05
0.000609382
5.30737e-05
2.94266e-06
6.26153e-05
0.000298714
0.000302387
0.000349484
0.00056804
0.000514408
0.000401267
0.00045943
0.000222629
0.000230557
0.000485377
0.000113305
0.000212446
0.000628544
0.000407148
0.000220694
0.000264511
9.94106e-05
0.000266056
0.000110672
0.000242739
0.000364131
0.000124161
0.00017018
0.000482533
0.000288519
0.000360047
0.000427008
0.000617033
6.05725e-05
0.000150831
0.000640914
0.000260169
0.000185128
0.00089953
0.000331942
0.00051747
0.000275172
0.0001914
0.000270579
9.75722e-05
0.000917259
0.000346025
0.000266829
0.000174205
4.08244e-05
0.000649108
0.00051696
6.71715e-06
0.0001521
0.000595931
0.000345029
0.000167788
0.000650604
3.6112e-05
0.00015574
0.000110213
0.00029719
0.000534679
0.00021921
0.00044574
0.000344229
8.38716e-05
0.00039278
0.000464209
0.000195936
6.28359e-05
6.80625e-05
0.00029284
0.000557981
9.10713e-05
9.34602e-05
0.000363696
0.000258618
0.000746512
0.000872478
0.000361212
1.7588e-05
0.000185573
0.000331258
0.000103602
6.8569e-05
0.000497566
0.000402024
0.000188209
4.27207e-05
0.000739211
0.000459673
0.000182011
0.000316025
2.88531e-05
0.000279177
9.71027e-05
0.000312558
8.63043e-05
0.000146635
6.74509e-05
0.000139893
0.00010388
9.18281e-05
6.89014e-05
0.000680526
0.000802218
0.000167779
0.000417745
0.000323369
0.000182849
0.00016052
0.000207096
0.000261402
0.00084623
0.000284745
0.000299323
0.000242625
0.0002473
0.000163908
0.000166567
0.00010154
0.00049908
0.000568972
0.000117386
0.000314169
0.000547634
0.000289473
0.000253567
4.92389e-05
0.000233599
0.000432802
0.000117621
0.000125363
0.00017474
4.60222e-05
6.67193e-06
0.000297051
0.000230263
0.000510717
0.000201388
0.000170751
0.000165523
0.00090754
0.000469396
0.000523644
0.000192796
4.64222e-05
6.68998e-05
1.34769e-05
0.000274395
7.46024e-05
0.000283817
0.000350243
0.000253857
7.83711e-05
0.000402843
0.000560787
0.000424104
0.000404391
0.000390099
0.000715629
0.000152907
2.02485e-05
0.000470712
0.000352957
0.000112366
0.000400562
0.000313335
0.000254058
0.000385938
0.00017723
0.000278587
0.000181725
0.000178686
5.36827e-05
7.09357e-05
0.000181041
0.000420252
0.000286388
0.000128854
0.000220364
0.000130965
0.000174579
1.71879e-05
2.84309e-05
1.60424e-05
0.000102413
0.000565226
0.00024883
0.000293323
0.00017949
3.19671e-05
0.000113659
0.000249422
0.000579686
7.57905e-05
4.93543e-05
1.40984e-05
0.00011153
1.63474e-05
0.000244882
0.000127548
0.000372403
5.07408e-07
7.19562e-05
0.000175807
7.92615e-05
0.000193953
0.000380367
0.000317295
0.000785372
0.000535194
0.000285817
0.000763581
0.000424519
0.000612403
0.000287394
0.000784804
0.000381166
0.000343223
0.000221792
0.000162108
0.000470645
0.000745322
0.000784865
0.000720406
6.9968e-05
7.11518e-05
4.56415e-05
7.2853e-05
0.000295918
0.000469588
0.000277834
0.00020452
0.00063402
9.17412e-05
0.000236863
0.000337121
5.43934e-05
7.57876e-05
0.000520464
6.03223e-05
5.65677e-05
5.22753e-05
0.000108866
0.000173379
0.000264031
0.000432087
0.000193482
0.00012805
0.000550429
9.99198e-05
0.000103667
0.000332964
0.000786131
4.09984e-05
0.000115232
0.000612261
0.000408672
0.000214542
7.70506e-05
0.000200898
0.000593654
0.000746107
0.00027217
0.000314501
0.000203529
6.54484e-05
0.000219388
0.00025593
0.000450463
0.000697772
0.000367624
0.000872487
2.44682e-05
1.40293e-05
0.000109487
0.000116122
0.000180042
0.000128395
5.62511e-05
0.000438371
0.000408929
0.00113722
0.00020081
0.000389771
0.000506865
0.000186524
7.6925e-05
0.000911669
0.00076641
0.000313916
0.000194984
0.000426399
0.000421845
0.000317338
0.00031499
0.000150876
0.000157101
0.000103496
0.000221759
0.000552853
0.000293877
6.01811e-05
0.000230321
0.000885853
0.000244313
0.000285928
0.000166056
3.47398e-05
8.52478e-06
0.000440906
0.000531959
0.000538666
0.000278905
0.00057466
0.000150853
0.000251596
0.000317826
0.000703766
7.94417e-05
0.000143376
0.000157717
0.000333593
1.35756e-05
1.37237e-05
0.000279602
5.68676e-05
0.000308606
9.47447e-05
0.000286635
3.99222e-05
0.000296105
0.000675074
0.000493203
6.84246e-05
9.46095e-05
8.46858e-06
2.2102e-05
5.73221e-05
3.64281e-05
0.000138823
0.000159786
3.50388e-05
4.7957e-05
3.05125e-05
8.78845e-05
7.4134e-05
0.000304899
0.000392975
0.000440332
0.000332517
0.000411928
0.000274025
0.000298517
0.000186888
0.000384715
7.34061e-05
0.000227883
0.000738295
0.00116187
0.000471309
0.000518703
2.05433e-05
4.5924e-05
0.000202917
0.000199768
0.000379952
0.000693037
0.000206004
0.000189075
0.000126009
0.000389295
0.000323371
0.000166238
0.000237905
0.000305025
0.000286102
0.000490552
0.000350598
0.000212216
0.000330644
0.000233287
0.000149768
2.40167e-05
9.24099e-05
0.000366194
4.99394e-05
0.000103514
0.000364434
0.000431823
9.63394e-06
0.00028315
0.000212084
1.87821e-05
0.000183865
0.000646559
0.000300093
0.000280395
0.000755959
4.05836e-05
0.000435131
0.000414011
9.86387e-05
0.000242029
0.000395351
0.000365328
0.000473707
0.000327065
0.000455906
2.05836e-05
0.000397298
8.13914e-05
0.000288102
0.000149657
9.32431e-06
0.00038037
0.00105308
0.000915661
0.000256982
0.000146612
3.5368e-05
0.000574643
0.000297619
9.98038e-05
0.000439357
0.000142828
3.24541e-06
1.10497e-07
1.38833e-06
9.7068e-05
0.000399797
0.000290399
2.87418e-05
0.000290311
0.000425973
0.000412356
0.000397863
6.89415e-05
0.000191725
0.000478692
0.000727154
0.000152731
4.57759e-05
0.000202641
0.000353703
0.000406383
0.00069599
0.000440918
4.45653e-05
0.000646576
0.000182643
0.000205187
0.000741537
0.000107901
0.00023693
0.000191341
0.00013499
0.000701162
5.73585e-05
0.00015125
0.000403966
0.00014092
0.000185224
0.000275257
0.00017889
6.78094e-05
9.07782e-06
0.000229052
0.000265014
0.000157075
0.000115156
0.000875141
0.000102783
0.000152398
0.000396674
7.96467e-05
0.000604758
0.000783851
0.000163221
0.000143436
0.000438464
0.000243282
0.000299524
0.000337565
0.000262105
0.00068404
0.000389767
4.21478e-05
2.4093e-05
0.00021772
0.000429848
0.000116622
0.00016213
0.000124025
7.17648e-05
0.000635032
0.000772161
7.13685e-05
0.000490915
0.000156501
8.56807e-05
0.000557739
1.96703e-05
0.000660026
0.000225086
0.000316246
0.000315788
9.8733e-05
0.000167462
7.3283e-05
0.000158254
6.36788e-05
5.7882e-05
6.79361e-05
1.0833e-05
0.000193911
0.000284995
0.000126731
0.000115598
0.000109073
0.000252472
6.84544e-05
0.000188064
6.04266e-05
2.41387e-05
3.69479e-05
0.00033863
0.000144712
1.23342e-05
0.000226401
1.91376e-05
0.000234338
2.62643e-05
4.98836e-05
0.000115061
1.8403e-05
0.000360783
0.000436997
0.000150928
0.000494258
0.00039765
0.000309593
0.000600191
7.18031e-05
6.31754e-05
3.16807e-05
0.000163312
0.000736641
6.87238e-05
0.000137042
0.000146614
0.00029169
0.000162779
0.000268009
0.000305561
2.64004e-05
0.000184916
0.00017439
2.02804e-05
4.61714e-05
1.51238e-05
4.46158e-05
0.000661733
0.000945739
0.000194878
0.00027598
0.00072329
0.000511182
0.000409122
0.000611925
4.76065e-05
1.94292e-05
0.000293768
0.000146402
9.78644e-05
7.61207e-05
0.000202826
0.000439364
1.27646e-05
0.00051909
0.00018838
0.000170128
1.04493e-05
0.000186201
0.000268976
9.5786e-05
4.53957e-05
0.000157118
0.000768328
0.000535957
0.000284885
0.000522775
0.000641994
0.000271187
6.60469e-05
0.000241611
0.000425501
8.53627e-05
3.04938e-05
0.00096345
0.000693886
0.000344669
0.000112312
0.00019969
2.00547e-05
0.000266971
0.000174312
4.08505e-05
6.35844e-05
1.82694e-05
0.000125851
0.000658643
0.000830203
9.80001e-05
0.000322666
6.35181e-05
0.000320447
3.45451e-05
3.5441e-05
0.000400861
0.000266107
0.000207041
6.74277e-05
1.96448e-05
7.86712e-05
0.00013885
3.23997e-05
0.000517003
0.000463789
0.000376525
0.000156157
8.57578e-05
0.000188279
3.63423e-05
0.000575576
0.000573719
0.000500036
0.000201484
0.000566014
0.000429606
0.000636761
0.000337038
1.7875e-05
4.11328e-05
2.09807e-06
1.33847e-05
5.0723e-05
5.77592e-05
0.000244725
0.000534321
0.000587132
0.000150821
0.000653233
0.000480385
0.000256785
0.000704008
0.000299446
0.000163153
7.8819e-05
0.000271579
6.93809e-05
3.53836e-05
0.000134446
0.000586569
0.000819272
0.000264417
0.000468411
0.000587011
0.000330825
0.000124648
0.000153728
2.666e-05
0.000104488
0.000161804
0.000508603
5.65443e-05
0.00011748
0.000242294
5.20126e-06
0.000419869
0.000210793
0.000155647
6.02139e-05
0.000104782
0.000428842
9.47325e-05
0.000530735
0.000252575
3.19394e-05
0.000373674
0.000324017
0.000255274
1.37398e-05
0.000422107
0.000141632
0.000258122
0.000105138
0.000178284
0.000527628
0.000784266
0.000657081
0.000441728
0.0001127
0.000670825
3.69962e-05
3.39151e-05
2.05407e-05
9.43875e-05
0.000412906
0.0004167
1.57064e-05
0.000326672
0.000164905
0.000324815
0.000155188
0.000135486
0.00027018
8.87689e-05
0.000443045
2.84889e-05
4.63753e-05
9.52831e-05
0.000421308
8.89199e-05
9.91815e-05
0.000218832
0.00038981
1.69964e-05
0.000630605
0.000388875
0.000376062
2.92793e-05
0.000510094
0.000520446
4.00097e-05
0.000460906
9.76223e-05
5.00139e-05
9.59386e-06
9.74022e-05
0.000340039
0.000140845
1.43153e-05
3.18014e-05
0.000418232
0.00014717
7.09256e-06
7.43379e-05
0.000353454
0.000296191
3.3788e-05
0.000202683
0.000222523
0.000770341
0.000221706
0.000509295
0.000286735
0.000347123
0.000451904
0.000649545
7.55991e-05
0.000933707
2.7142e-05
0.000235018
0.000402278
0.000271794
7.58807e-05
6.82514e-05
3.80287e-05
9.99863e-05
0.00011382
0.000305194
0.00036082
0.000544234
0.000712291
0.000183258
0.000123834
0.000237201
0.000177265
3.17318e-05
7.55521e-08
1.48627e-05
0.00010592
0.000381755
3.58682e-05
0.000252966
0.000362527
0.000292919
0.000238842
0.000263166
0.00027388
0.000212214
0.000368385
0.000497824
0.000381236
0.000453983
0.000483792
0.000404043
7.04549e-05
0.000447267
0.0002547
0.000221258
0.000121121
0.000398856
5.87513e-05
0.000367829
0.000203849
0.000506183
3.77508e-05
0.000471616
0.000427922
0.000901107
0.000751554
3.78217e-05
0.000441935
0.000373005
0.000395751
0.000462148
0.000364757
4.09316e-05
0.000129742
0.000595728
0.000321945
0.000395674
0.000108051
0.000475397
0.000398714
0.000558552
0.000232338
0.000105771
8.96455e-05
0.000251286
0.000706078
0.000350936
0.000186238
0.000502026
5.68776e-05
4.31729e-05
0.000219359
0.000339766
2.6606e-05
1.85239e-05
7.20856e-05
0.000166305
5.60914e-05
4.88015e-05
0.000490867
0.000299737
0.000208985
0.000230589
0.000219168
0.000196245
0.000376316
0.000688739
0.000307455
6.72892e-05
0.00015466
4.77067e-05
2.67995e-05
1.62236e-05
0.000169355
5.62267e-05
9.9437e-05
0.000238989
0.000139055
3.63106e-05
0.000217823
2.48788e-05
0.000167899
0.000718914
0.000426881
3.57297e-05
9.11775e-05
0.00014241
9.47569e-05
1.7189e-05
5.22e-05
0.000122691
0.000472285
0.000140849
0.00021327
5.99456e-05
2.03565e-05
0.000329106
0.000292948
8.2335e-06
2.10017e-06
3.1316e-05
2.07723e-05
0.00015887
0.000485271
0.000348572
3.36112e-05
0.00014575
0.000413852
0.000274737
0.000173517
0.000546458
0.000193016
1.41258e-05
0.000187475
3.13318e-05
0.000203312
0.000195701
0.000838152
0.0001181
4.66352e-05
9.06969e-05
0.000487426
0.000301623
0.000624166
0.00058529
0.000134663
0.000235405
0.00037077
0.000193134
6.063e-05
6.59707e-05
0.000962675
0.000589723
0.000263175
0.000233995
2.34542e-05
0.000148401
0.000141734
0.000198441
0.000380865
0.000587941
1.52722e-05
0.000229217
9.71296e-06
0.000381022
2.55051e-05
0.000718955
0.000231001
0.000770145
0.00104031
0.000122778
0.000168453
0.000198175
7.25567e-05
0.000236013
0.000143001
0.000347957
0.000336032
3.56457e-05
0.000462905
0.000797311
0.000444746
0.000292265
0.000185121
0.000297047
0.000282083
7.88116e-06
2.91197e-05
0.000356267
0.000246012
0.000393702
0.000167245
0.000336978
8.1172e-05
0.000233592
0.000707025
0.000202608
0.000783901
0.000648969
0.000460587
3.70885e-05
0.000184155
0.000155186
0.000374087
0.000911145
0.000411776
0.000155429
0.000142425
6.5197e-05
0.000156297
0.000274407
0.00027038
0.00014758
6.84908e-05
0.000103028
2.19073e-05
1.59183e-05
0.000525501
3.41526e-05
5.32263e-05
0.000695774
0.000575812
4.29177e-05
0.000516184
0.000521788
0.000607654
0.000784431
0.000131778
0.000761649
4.32061e-05
0.000332921
0.000253937
4.62e-05
3.97181e-05
5.20433e-05
7.46917e-05
0.000173904
0.000322868
2.85111e-05
0.000295077
0.000241117
0.000455497
3.8901e-06
1.22006e-05
0.000676338
8.86932e-05
5.07891e-05
0.000101305
0.000110495
8.72433e-05
0.000936767
0.00051934
0.000135376
3.09195e-06
6.53369e-05
0.000123477
0.000274349
0.000646679
0.000333312
0.000186029
1.06051e-05
0.000237867
0.000561973
7.9512e-05
0.000152744
0.000220994
3.52124e-05
0.000394347
4.73629e-05
0.000134778
0.000465387
6.70076e-06
1.84214e-05
0.000100331
0.00019717
4.8752e-05
9.67452e-05
2.86961e-05
0.000146937
0.000521958
0.000135216
2.13121e-05
6.03819e-05
1.58458e-05
4.96886e-05
0.000165594
0.000128784
8.47743e-05
0.000468314
0.000192856
0.00037953
0.000249695
1.66123e-05
2.37026e-05
1.18988e-05
0.000364186
0.000128696
0.000436966
0.000248736
2.20615e-05
0.000632326
0.000694071
7.54211e-05
6.04604e-05
0.000118262
0.000147433
0.000600596
1.33148e-05
5.32517e-05
1.64188e-05
0.000515062
9.27866e-05
6.17998e-05
0.000350607
0.00129872
0.000765396
0.000244764
0.000414539
0.000199502
0.000463818
0.000385055
0.000237014
0.000136278
0.000384295
0.000746648
0.000528221
0.000178704
0.000388003
4.70101e-05
7.93112e-05
6.91836e-05
0.000207264
0.000527149
0.000376735
0.000148693
6.52542e-06
1.13742e-05
9.81684e-05
0.000261401
4.35505e-05
0.000299298
6.46273e-05
0.000866011
4.78372e-05
2.94359e-05
7.49596e-05
0.000226083
0.000204015
0.000176328
0.000308623
0.000440515
3.04298e-05
0.000340745
1.68409e-05
5.81051e-06
7.56158e-05
0.000205771
4.75652e-05
5.03501e-05
0.00013859
0.000176124
0.00035472
7.25048e-05
0.000701658
9.52535e-05
0.000198952
0.000185659
5.03163e-05
5.12663e-05
1.58665e-05
2.75674e-05
0.000144891
8.09796e-06
1.41709e-05
0.00018347
0.000746099
0.000325899
5.07582e-05
7.03775e-05
0.000100909
0.000396297
0.000744895
0.000630047
0.000499497
0.000970152
7.1611e-07
3.74441e-05
0.000214625
0.000387761
0.000101769
0.000166315
3.43435e-05
0.000349057
0.000494923
0.000697088
0.000235528
0.000707843
0.000168908
0.000543176
0.000524982
0.0003346
0.000306603
0.000503717
0.000570648
0.000267272
1.33924e-05
4.01391e-05
0.000101126
0.000211054
0.000523068
0.00028207
5.68495e-05
5.70652e-05
0.000266721
0.000206418
0.000499345
0.000313097
0.000501872
0.000148085
0.0008359
0.000596655
0.00040963
0.00054697
0.000141027
0.000135321
0.00046706
0.000140201
3.95244e-05
0.00047876
0.000309796
0.000251352
0.000207233
2.56186e-06
2.64973e-05
0.000320869
4.2424e-05
1.17908e-05
0.000327313
0.000162663
0.00048105
0.000409938
0.000569042
0.000271035
0.000533337
0.000181785
0.000351341
0.000210266
0.000448455
0.000219842
0.000185707
0.000208144
0.000236972
0.000119036
1.87238e-05
0.000472393
0.000380781
0.000338249
9.07175e-05
9.27995e-05
0.000425402
0.000281313
0.000824267
0.000282627
0.000260179
4.88133e-05
0.000110567
0.000186407
0.000277056
0.000410607
0.000208069
0.000813623
0.000142581
0.000141016
0.000205424
7.21183e-05
0.000199463
0.000772843
5.8248e-05
0.000123567
6.28801e-05
0.000487167
5.67987e-05
1.97779e-05
3.55388e-05
1.83334e-05
2.63237e-05
0.000128529
6.64326e-05
0.000483796
0.000243997
0.000125852
7.75553e-05
2.37316e-05
0.000738684
0.000130388
1.01238e-05
0.000339852
8.68054e-05
0.000285533
0.000199616
0.000410595
0.000723807
8.91349e-05
0.000175989
0.000195434
0.000681957
0.000332558
0.000567976
0.00049229
0.00027919
0.000266818
2.77143e-05
0.000181597
0.000268187
0.00104781
7.73822e-05
0.000361111
5.35091e-06
0.000138015
6.45372e-05
2.04974e-05
0.00031039
1.2058e-05
0.000105875
0.000173751
0.000252971
0.000105177
8.59375e-05
3.69922e-05
0.000357737
0.000104901
0.000695645
0.000345621
0.000415609
0.000397912
0.000654904
0.000220428
6.24234e-05
0.000494581
9.38899e-05
6.77818e-05
0.000307889
4.00219e-05
0.000107521
5.40187e-05
0.000127549
4.21306e-05
5.32685e-05
4.51548e-05
6.88333e-05
0.00023241
0.000901328
0.0006325
0.000770965
0.000437748
0.000642241
1.07586e-05
0.000394245
0.000379342
9.02059e-05
5.5575e-05
0.000219406
1.69314e-05
5.29977e-05
9.71697e-06
0.000334137
0.000555125
2.36091e-05
0.000313866
0.000338911
0.000332087
1.6544e-05
0.00032684
5.54619e-05
0.000141669
0.000338081
0.000185385
0.00028595
7.99062e-05
0.000105652
9.60393e-06
5.45616e-05
0.000173594
0.000368881
0.000138523
0.000144674
0.000153166
0.000479888
0.000192355
0.000123534
8.29289e-05
2.03043e-05
0.000345459
0.000543716
0.000799514
0.000202839
0.000105415
0.000120601
0.000232713
8.91701e-06
4.31814e-05
4.1451e-05
0.000145124
7.47099e-05
2.1548e-05
1.69057e-05
7.33606e-05
0.000634031
0.000628264
0.000264197
0.000179992
5.24858e-05
4.91098e-05
0.000165494
2.17211e-05
0.000407594
3.83105e-05
0.000297312
0.000149169
0.000103739
0.000467514
0.000113931
0.000180313
0.000313666
0.000161571
0.000507833
0.000687871
0.000186399
0.000749864
0.000456781
0.000478787
0.000148099
2.34151e-05
0.000196192
0.000168855
0.000426615
5.95646e-05
5.59788e-05
1.32074e-05
9.28105e-05
0.000164479
0.000254918
2.67384e-05
0.000115905
0.000441453
0.000546645
0.000345141
0.000215185
9.80539e-05
5.76837e-05
0.000408738
3.19097e-05
1.55043e-06
1.64229e-05
0.000284775
0.000434196
0.000138283
0.000453978
0.000164936
3.5678e-05
0.0005509
0.000520024
6.07559e-05
0.000392166
0.000385374
5.19265e-05
8.22272e-05
5.3302e-05
8.00416e-05
7.8675e-06
5.14113e-05
0.000338908
4.21692e-06
0.000303962
5.18529e-05
0.000121452
0.000202748
2.12469e-05
0.000325699
0.000505749
0.000206914
0.000198232
6.63895e-06
0.00019235
0.0010766
0.000173883
0.000377395
9.44859e-05
0.000324531
0.000592689
0.000212056
0.00012666
7.88827e-05
0.000155842
0.00060115
0.000165595
4.90878e-05
0.000542715
0.000301244
0.000295374
0.000342823
0.000845708
0.000572527
0.000178414
0.000374078
9.42109e-05
0.00063281
0.000120456
0.000192537
1.88494e-05
0.000120261
0.000187527
0.000536178
0.000403904
0.000115398
0.000263
8.13793e-05
0.000389035
0.000516542
0.000600643
1.09241e-05
0.000223457
0.000367814
0.000659691
0.000189004
0.000155292
0.000211871
0.000218738
5.37663e-05
0.00018341
0.000432281
0.00043135
4.73274e-05
0.000657012
0.000169422
3.51512e-05
0.000253418
0.000258631
0.000255345
0.000255066
0.00019604
0.000262191
0.000509757
7.08139e-05
0.000291874
1.83765e-05
0.00014281
0.000134198
0.000108696
0.000414403
6.2302e-05
0.000566169
0.000293254
0.000119529
0.000564019
0.000129768
4.24537e-05
0.000331076
0.00014686
0.000286803
0.000135453
0.000217305
7.95416e-05
8.29703e-05
0.00020222
0.000979095
0.000327523
0.000111006
6.89142e-05
0.000544395
0.000394951
0.000537336
0.00031824
6.6142e-05
5.08711e-05
0.000239983
5.35729e-05
0.000278067
0.000182418
9.65664e-05
0.000212393
0.000208299
0.000197107
0.000239794
0.000219344
4.30437e-05
3.67319e-05
8.28735e-05
3.47372e-05
7.96943e-06
7.30238e-06
8.13842e-05
0.00018589
5.06677e-05
4.65723e-05
6.08924e-05
0.000173319
1.19762e-05
2.96134e-05
0.000349275
0.000233576
0.000139087
0.000254631
8.83091e-05
0.000213537
5.76516e-05
7.75832e-05
0.000296688
0.000125032
1.30952e-05
0.0006844
0.000534902
0.000490808
0.000235781
0.000281846
0.000106625
0.000220072
0.00043614
0.000546765
4.80968e-05
0.000286735
0.000690433
8.44735e-05
1.30828e-05
0.000394896
0.000183811
0.000118626
5.47246e-05
8.50196e-05
0.000154271
0.000118759
0.000912474
0.000460767
0.000239415
0.000318857
6.13877e-05
0.000265984
2.99266e-05
0.000313015
0.000148592
0.000121858
0.000258639
1.35778e-05
0.000259939
0.000219764
6.13076e-05
4.08836e-05
0.000230921
0.000198866
0.000145306
0.00044329
0.000479669
0.000172721
0.000563726
0.000188033
0.000121984
0.000949663
0.00059847
0.000114844
0.000216314
0.000237208
1.90897e-05
9.29335e-05
0.000702305
8.78589e-05
6.04897e-05
3.83506e-05
6.41435e-05
0
5.13626e-06
3.5751e-06
0.000176021
0.00023695
0.000381936
0.000151161
5.12006e-05
0.000395969
0.000149032
0.00026333
5.02387e-05
