1.83333 0.166667 1.83333 -0.062832 -2.32478
23.8333 36.1667 3.16667 -0.858702 0.10472
45.5 36.1667 28.5 1.15192 1.65457
0.5 1.16667 0.833333 2.28289 -1.9059
49.1667 17.1667 26.8333 -2.241 0.439823
25.5 48.8333 30.8333 1.78024 0.607374
0.5 1.83333 0.166667 0.481711 2.07345
0.5 0.833333 1.5 1.23569 -0.146608
0.5 1.16667 0.833333 1.44513 0.733038
1.16667 2.16667 0.166667 0.356047 0.523599
0.833333 1.5 0.166667 -0.0209441 -1.44513
2.83333 2.83333 0.166667 0.356047 1.98968
27.8333 48.1667 16.1667 -1.19381 -2.78555
1.5 0.5 0.166667 0.10472 1.44513
1.16667 37.1667 15.5 -0.481711 -1.98968
3.83333 0.166667 0.5 -0.314159 0.858702
16.8333 3.5 4.16667 2.65988 -2.99499
14.8333 10.8333 28.5 1.15192 -2.78555
38.8333 39.1667 44.1667 -1.40324 2.9531
1.83333 2.83333 2.5 -0.733038 2.82743
0.5 1.83333 1.16667 2.82743 -1.27758
7.5 6.16667 36.8333 -2.49233 -0.649263
28.1667 1.83333 49.8333 -1.23569 -1.27758
48.1667 45.8333 43.8333 2.78555 1.31947
45.8333 8.5 13.8333 -2.11534 -0.942478
1.16667 1.5 0.166667 0.816814 -0.481711
1.5 0.166667 0.166667 0.356047 -1.02625
24.1667 31.1667 16.8333 0.942478 -1.19381
2.83333 0.166667 0.166667 -2.9531 0.984366
32.1667 8.5 19.5 -1.11003 -2.32478
41.1667 30.5 41.5 1.36136 -2.70177
12.1667 43.1667 28.5 -1.65457 0.733038
0.166667 0.833333 7.16667 0.0209438 2.49233
9.5 31.5 30.1667 2.82743 2.36667
25.8333 1.5 4.16667 -1.61268 -2.241
6.83333 1.16667 0.5 -2.61799 -0.397935
33.8333 19.5 8.5 3.12065 -2.03156
0.166667 3.5 4.83333 0.607374 -2.36667
40.8333 38.8333 27.5 -0.984366 -2.9531
17.8333 29.8333 27.1667 0.314159 -1.82212
36.8333 47.1667 26.8333 1.23569 -1.19381
39.1667 44.1667 47.1667 1.19381 1.73835
4.83333 35.5 5.83333 2.99498 -2.241
4.16667 3.16667 0.833333 -2.9531 2.65988
1.5 2.16667 1.5 1.98968 2.82743
2.16667 2.16667 1.83333 2.19911 2.45044
20.1667 1.5 0.5 2.74366 -0.439823
10.8333 5.16667 9.16667 0.314159 2.15723
2.5 0.833333 0.5 0.774926 -0.942478
34.5 45.1667 45.5 0.523599 1.5708
39.8333 34.8333 35.1667 2.32478 -0.188496
0.5 3.83333 0.166667 -2.86932 2.53422
34.5 5.5 0.833333 1.73835 1.52891
1.16667 0.166667 5.16667 2.78555 2.74366
13.8333 8.5 36.8333 0.649262 -1.86401
0.166667 2.83333 4.83333 0.188495 2.65988
2.83333 6.5 13.8333 1.78024 1.82212
32.8333 18.1667 25.1667 -0.858702 2.82743
2.83333 29.5 1.5 -3.03687 0.816814
22.8333 26.8333 39.1667 -1.82212 0.607374
0.833333 1.16667 7.83333 -2.53422 -2.74366
38.8333 23.1667 10.5 0.230383 -1.19381
27.1667 39.1667 35.1667 1.98968 3.12065
43.5 32.5 43.5 0.733038 2.65988
35.1667 0.5 44.1667 2.32478 1.06814
32.8333 0.5 7.16667 -2.78555 -0.356047
18.5 1.5 12.5 -2.9531 1.44513
1.5 3.16667 1.83333 1.11003 1.73835
3.16667 2.5 0.5 -1.78024 -0.356047
0.166667 2.5 4.16667 -0.733038 -1.52891
2.16667 4.16667 0.5 1.52891 2.57611
7.83333 35.1667 43.1667 0.523599 -2.49233
30.8333 7.16667 34.1667 -2.61799 -2.15723
3.16667 0.5 0.166667 -1.48702 -0.397935
17.1667 38.8333 46.1667 -2.65988 -0.733038
2.83333 5.83333 0.166667 -2.36667 -1.31947
7.5 2.16667 13.1667 -1.15192 -0.984366
34.1667 25.8333 42.5 1.19381 -2.65988
46.5 22.5 32.5 1.73835 -0.397935
0.833333 1.16667 3.5 1.61268 -2.49233
23.8333 41.8333 11.5 1.61268 0.649262
25.5 22.1667 39.1667 -2.65988 -1.94779
37.8333 37.8333 48.5 -0.188496 -2.32478
16.1667 14.1667 21.8333 1.36136 1.73835
0.166667 6.83333 0.166667 0.481711 0.774926
36.8333 14.5 19.1667 2.70177 -1.31947
0.166667 7.5 0.166667 1.11003 -0.565487
1.83333 1.16667 0.166667 -1.48702 -0.314159
0.833333 0.5 2.5 2.241 1.82212
44.5 28.5 37.5 1.48702 -2.07345
5.5 9.5 5.83333 1.31947 1.9059
0.833333 0.166667 1.16667 -1.73835 0.146608
4.16667 0.166667 0.166667 -1.73835 -1.19381
48.1667 9.16667 18.5 1.27758 -1.02625
19.1667 25.8333 41.1667 1.36136 1.02625
5.16667 18.5 5.83333 -0.356047 -1.36136
26.1667 38.5 19.5 0.858702 2.57611
27.5 21.1667 17.8333 -1.82212 -0.230384
0.833333 1.16667 0.166667 -1.40324 -1.86401
3.16667 0.833333 0.833333 2.74366 2.57611
6.16667 25.1667 22.5 -0.0209441 -0.565487
0.5 4.5 3.83333 2.36667 2.78555
4.16667 2.5 0.166667 -2.61799 2.49233
38.5 6.16667 14.1667 0.356047 1.40324
5.83333 5.16667 32.1667 -1.40324 -2.03156
18.8333 30.5 7.16667 -1.02625 1.94779
26.8333 37.5 32.8333 2.03156 -2.78555
3.5 4.5 0.5 2.40855 2.78555
6.5 33.5 20.1667 -2.57611 -2.78555
38.5 47.8333 3.83333 0.733038 -0.90059
13.5 28.1667 48.1667 2.82743 0.774926
22.8333 6.16667 26.5 0.523599 -2.11534
3.83333 2.16667 0.166667 2.99498 -2.61799
5.5 0.5 0.166667 2.07345 1.11003
8.16667 10.5 47.5 -0.565487 1.73835
3.83333 0.5 0.166667 -2.36667 0.272271
0.166667 3.5 3.16667 2.65988 2.36667
42.8333 33.8333 10.8333 2.86932 0.858702
16.5 47.5 5.83333 -1.78024 0.90059
1.83333 2.83333 0.5 1.78024 1.52891
13.1667 15.1667 5.16667 -2.57611 2.86932
0.166667 0.166667 0.166667 -1.11003 2.19911
1.5 0.166667 0.166667 -0.481711 0.0209438
1.16667 0.833333 3.16667 -0.984366 1.19381
0.5 3.16667 0.166667 2.78555 -0.062832
3.16667 2.83333 0.5 -3.07876 1.44513
3.83333 1.5 0.166667 2.91121 -0.858702
3.5 1.83333 1.5 2.28289 3.03687
0.166667 1.16667 4.5 -1.82212 -2.82743
14.8333 44.8333 34.5 0.481711 0.272271
5.5 1.83333 0.166667 -2.45044 -0.774926
1.5 6.16667 0.166667 2.9531 -0.272271
49.1667 39.1667 5.83333 -1.86401 -2.65988
39.8333 28.5 49.5 -2.241 -0.858702
4.83333 3.16667 2.16667 -3.07876 -2.53422
1.16667 2.16667 4.5 2.91121 -2.45044
2.16667 2.83333 1.16667 -1.36136 0.607374
14.8333 16.1667 22.5 -2.9531 -0.774926
0.166667 5.16667 0.833333 0.816814 2.15723
26.8333 22.5 21.5 -2.36667 -0.439823
4.83333 42.8333 18.5 0.397935 0.733038
0.5 1.5 2.16667 -2.49233 -2.53422
3.83333 10.8333 40.8333 -1.61268 0.230383
0.833333 1.83333 0.5 1.65457 2.49233
0.833333 2.16667 1.5 2.15723 2.28289
0.833333 0.166667 1.16667 -2.28289 -0.188496
0.5 2.16667 2.16667 -1.9059 2.19911
6.16667 3.83333 0.833333 -2.40855 3.07876
12.1667 11.8333 7.16667 0.816814 -2.57611
9.83333 7.16667 0.166667 3.07876 1.23569
6.83333 38.5 4.5 1.98968 2.11534
7.83333 4.83333 1.16667 -2.99499 -1.69646
1.5 17.1667 22.5 -0.90059 2.9531
12.1667 22.5 19.8333 -0.565487 -1.94779
47.1667 40.1667 43.1667 -2.86932 -1.73835
0.5 3.5 7.5 2.19911 -3.03687
2.83333 4.16667 1.5 2.57611 -2.57611
0.166667 0.833333 5.5 2.53422 -2.82743
0.5 4.5 0.166667 2.61799 2.241
28.1667 26.1667 22.1667 -0.397935 -1.02625
6.83333 46.8333 0.166667 1.40324 -0.733038
11.5 25.5 0.5 0.90059 -1.86401
0.5 1.83333 3.83333 -0.565487 2.70177
6.5 28.1667 2.16667 0.774926 0.0628317
1.83333 1.16667 0.833333 -2.36667 1.69646
32.5 17.5 10.5 1.69646 -0.984366
2.5 2.16667 0.833333 1.40324 -3.12065
3.5 42.8333 36.1667 -1.61268 -2.91121
45.8333 17.1667 39.1667 1.06814 2.70177
0.166667 0.5 0.5 -2.28289 0.774926
16.8333 17.1667 28.5 -1.27758 0.565487
49.1667 31.8333 8.83333 -2.32478 2.03156
15.5 19.5 24.5 2.28289 0.774926
1.16667 1.5 0.5 -3.07876 2.11534
1.83333 0.5 0.5 -2.61799 -1.69646
0.833333 0.833333 0.166667 2.57611 -1.15192
6.83333 0.166667 16.5 0.397935 -2.07345
39.1667 41.1667 6.16667 -0.397935 -1.11003
38.5 43.5 4.83333 -2.07345 0.356047
1.5 0.166667 0.5 -0.69115 1.94779
9.5 27.5 45.1667 1.06814 1.40324
1.5 3.5 0.166667 -2.32478 2.53422
1.16667 0.5 2.83333 -1.44513 2.74366
49.1667 16.1667 18.8333 0.90059 -0.0209441
0.166667 4.83333 0.833333 -2.19912 0.69115
2.83333 2.5 0.833333 2.45044 -0.481711
28.8333 39.1667 42.1667 1.40324 2.40855
1.16667 2.5 0.833333 2.91121 2.49233
15.5 18.8333 34.8333 2.82743 -0.90059
37.1667 8.16667 43.8333 0.272271 1.52891
2.5 6.16667 0.5 -2.65988 2.99498
26.1667 29.5 38.8333 -2.36667 -2.11534
0.166667 4.5 6.5 -0.523599 2.61799
39.1667 19.8333 21.5 0.272271 -0.188496
13.5 3.16667 38.8333 -1.9059 -0.984366
33.8333 19.1667 31.8333 -2.86932 -1.11003
3.16667 3.5 0.833333 -2.65988 3.12065
9.83333 0.166667 0.5 2.86932 -2.86932
7.16667 46.5 45.5 0.858702 -0.774926
0.833333 1.16667 3.83333 1.36136 2.82743
4.16667 47.1667 28.5 -3.03687 -1.94779
45.1667 0.5 28.8333 -0.69115 0.188495
1.83333 1.5 1.16667 2.53422 -0.607375
22.5 26.5 32.5 -2.45044 0.356047
0.833333 0.833333 2.16667 -0.565487 -3.07876
3.5 0.166667 2.16667 -0.90059 2.07345
31.8333 7.83333 7.16667 0.565487 -1.9059
0.5 0.833333 5.16667 1.06814 2.65988
3.16667 2.16667 0.5 2.82743 -1.9059
28.5 21.5 3.83333 2.82743 1.61268
9.5 45.8333 16.1667 -2.82743 -2.03156
21.5 14.1667 15.8333 -2.45044 0.10472
4.83333 1.5 0.166667 -2.28289 -0.10472
0.5 2.5 2.5 -0.858702 3.07876
4.16667 1.5 42.1667 2.82743 1.02625
0.166667 1.5 1.16667 -0.146608 -3.12065
42.1667 41.8333 46.1667 -1.27758 2.19911
41.8333 34.1667 46.8333 -2.82743 2.65988
7.5 6.16667 30.5 3.07876 2.03156
0.5 0.166667 1.16667 2.86932 0.188495
5.83333 41.8333 5.83333 -2.241 -2.241
12.1667 33.5 14.8333 1.61268 2.32478
37.1667 22.8333 38.8333 -2.86932 2.99498
1.83333 0.833333 0.166667 -2.03156 -1.40324
5.5 47.1667 45.1667 2.65988 0.356047
37.5 21.1667 6.16667 2.57611 0.10472
20.5 12.1667 34.8333 0.816814 -2.49233
13.8333 9.83333 31.1667 2.19911 -1.36136
28.5 6.16667 40.1667 3.03687 -2.65988
17.8333 25.8333 9.16667 -2.19912 -0.481711
45.1667 22.8333 27.8333 -1.27758 -1.19381
15.5 3.83333 32.5 0.69115 -2.86932
2.16667 1.16667 1.16667 3.03687 -2.82743
1.5 0.166667 0.166667 -1.94779 0.10472
34.5 39.5 44.1667 -1.52891 -1.44513
1.83333 1.16667 0.166667 -1.40324 1.11003
30.1667 2.16667 6.5 -0.90059 -0.69115
1.5 1.16667 0.5 0.188495 2.45044
3.16667 0.5 3.16667 2.53422 0.0628317
2.5 1.83333 1.16667 -1.27758 2.15723
0.833333 3.83333 1.16667 -2.57611 0.0209438
1.16667 25.5 5.5 2.9531 1.52891
0.166667 2.16667 0.5 2.15723 -1.23569
31.5 19.1667 9.83333 1.23569 0.649262
2.83333 1.16667 0.833333 -3.03687 -0.481711
0.833333 3.5 16.8333 1.73835 2.82743
4.16667 0.833333 1.83333 -2.11534 -2.49233
23.1667 10.5 47.8333 -2.45044 -2.49233
2.5 1.83333 0.5 -3.03687 -1.86401
41.5 22.8333 20.8333 2.53422 -1.9059
0.833333 5.83333 36.1667 2.36667 -1.31947
6.5 6.5 49.1667 -2.241 -1.06814
37.8333 44.1667 38.5 -2.99499 0.649262
3.83333 40.1667 35.8333 -2.70177 0.146608
22.1667 36.1667 17.8333 3.12065 2.07345
4.83333 41.5 11.1667 0.733038 0.481711
34.8333 25.8333 21.1667 0.90059 0.733038
3.16667 1.16667 0.166667 2.32478 -1.65457
0.833333 3.83333 0.166667 0.523599 1.19381
30.5 14.8333 5.83333 -1.82212 -0.607375
1.83333 0.166667 0.5 0.565487 -0.481711
9.83333 44.8333 24.8333 -0.607375 1.61268
0.5 9.16667 44.1667 1.52891 0.816814
0.5 1.16667 0.166667 -2.74366 -0.10472
0.5 0.5 2.16667 -2.74366 0.90059
1.16667 0.5 0.833333 1.82212 -0.858702
47.1667 8.83333 33.8333 2.11534 -2.70177
0.166667 0.5 0.5 -2.82743 -1.61268
2.83333 0.166667 0.166667 1.06814 -0.481711
3.83333 1.16667 0.5 -2.32478 -2.78555
3.5 1.16667 1.83333 -2.91121 -2.07345
25.8333 49.8333 27.1667 -0.397935 -2.32478
19.1667 24.5 30.8333 1.48702 -0.314159
2.5 1.16667 3.83333 -0.649263 3.03687
29.8333 26.5 47.5 -2.61799 -0.0209441
1.5 2.16667 1.5 1.44513 2.19911
20.5 0.166667 38.1667 2.86932 2.86932
0.5 0.166667 1.16667 1.73835 0.397935
1.16667 0.166667 0.166667 -1.86401 -2.91121
6.83333 12.5 26.8333 -2.49233 2.03156
38.1667 31.1667 12.8333 -0.188496 -1.61268
1.5 1.5 0.5 -3.12065 1.82212
38.5 45.5 11.5 -2.45044 0.565487
5.16667 19.8333 7.83333 0.397935 -2.32478
1.16667 1.83333 1.16667 0.0628317 1.44513
48.1667 14.8333 27.5 2.49233 -1.98968
9.83333 4.83333 14.8333 2.9531 2.49233
19.5 4.83333 16.5 2.53422 0.816814
37.8333 24.1667 25.1667 -1.40324 2.15723
0.833333 0.5 0.833333 0.942478 3.12065
0.5 0.5 0.166667 -2.19912 1.69646
0.833333 7.16667 0.5 -2.49233 -3.03687
32.8333 6.16667 0.833333 2.57611 -1.61268
6.83333 4.16667 0.166667 -2.78555 2.28289
18.8333 48.5 24.5 -1.15192 -2.9531
5.16667 5.83333 0.166667 -3.07876 3.07876
33.8333 24.1667 34.1667 2.32478 1.19381
12.1667 42.1667 45.8333 -2.78555 1.86401
37.1667 21.8333 11.8333 -2.32478 -0.314159
0.166667 5.16667 0.5 0.188495 2.86932
21.5 30.1667 27.1667 1.78024 1.19381
32.8333 4.16667 44.8333 0.188495 -0.439823
0.5 2.16667 2.83333 2.9531 3.12065
46.8333 7.5 13.5 -1.31947 -2.91121
1.83333 0.5 0.5 2.45044 -2.28289
0.833333 1.5 0.166667 -0.774926 2.15723
43.8333 38.5 46.8333 1.27758 -1.19381
2.83333 2.5 0.166667 -1.65457 -0.565487
4.16667 5.5 0.166667 -2.78555 -0.649263
6.83333 5.16667 0.166667 -2.61799 -3.03687
4.83333 7.83333 0.166667 3.03687 -2.40855
43.8333 21.8333 12.5 0.774926 -2.74366
13.5 4.83333 0.166667 -2.78555 2.86932
33.1667 9.5 1.16667 2.86932 0.816814
41.5 4.16667 49.5 -2.36667 -1.65457
48.1667 42.8333 13.5 -0.10472 3.12065
5.5 6.83333 0.833333 2.86932 2.36667
2.5 6.83333 0.166667 -2.9531 -2.53422
5.5 0.833333 0.166667 -1.82212 1.73835
2.83333 4.5 1.16667 2.74366 -0.356047
2.5 2.5 2.16667 -2.28289 -2.86932
0.833333 1.83333 2.83333 -2.40855 2.61799
46.8333 10.8333 22.8333 -1.23569 0.314159
0.833333 4.5 0.5 2.40855 -3.03687
47.5 22.8333 26.1667 3.12065 1.23569
14.5 30.5 38.5 -1.31947 -2.19912
32.1667 39.5 13.1667 -2.36667 0.607374
16.1667 35.8333 19.1667 0.0209438 -0.062832
34.5 14.5 0.5 -1.15192 -0.356047
47.5 39.1667 13.8333 1.40324 2.07345
44.1667 20.1667 2.16667 2.03156 -2.78555
34.8333 1.16667 3.83333 -0.858702 1.23569
23.8333 1.16667 37.8333 -0.649263 -2.19912
24.5 44.5 5.16667 0.90059 -1.65457
0.166667 2.16667 5.5 -1.69646 -3.07876
42.8333 9.16667 34.1667 -1.11003 2.61799
2.83333 2.5 0.833333 2.53422 -2.07345
1.5 14.5 13.1667 -1.40324 -2.57611
4.83333 2.16667 35.8333 2.9531 0.774926
27.5 15.1667 34.5 2.57611 -0.733038
0.833333 0.833333 2.16667 -2.45044 3.07876
38.1667 43.8333 11.5 -1.73835 -0.062832
21.8333 1.83333 42.1667 -1.86401 -2.45044
0.166667 1.5 2.16667 3.07876 2.78555
0.5 1.83333 0.5 0.481711 -2.74366
2.16667 1.83333 0.5 1.86401 1.86401
0.166667 3.83333 0.166667 -1.19381 -0.984366
49.1667 45.1667 38.1667 2.241 -0.649263
1.83333 2.5 1.16667 -2.28289 -2.49233
0.166667 0.166667 2.16667 -1.98968 1.36136
32.8333 25.1667 5.5 1.9059 -2.07345
29.5 6.16667 13.1667 -0.523599 -2.82743
0.833333 0.833333 1.16667 3.12065 -1.27758
5.83333 25.5 29.8333 2.99498 -1.23569
20.8333 0.166667 18.5 0.733038 -1.86401
26.8333 15.5 45.8333 -1.65457 -2.11534
0.5 0.5 0.166667 2.9531 2.70177
1.83333 0.166667 0.166667 -0.230384 1.06814
0.5 0.5 0.5 -2.03156 -0.984366
0.166667 0.5 1.16667 3.03687 2.45044
0.5 0.833333 0.833333 -2.19912 -1.61268
8.83333 22.5 13.5 1.65457 -1.98968
2.83333 0.5 0.166667 -0.69115 1.15192
37.5 21.5 10.1667 -1.65457 2.78555
41.5 41.1667 2.5 -1.94779 -1.52891
0.833333 1.83333 1.5 -0.272271 -1.19381
2.5 0.166667 0.5 -0.230384 0.481711
1.83333 16.1667 3.5 -2.07345 0.984366
0.166667 0.833333 0.833333 -0.649263 -2.36667
13.5 10.5 13.5 1.73835 0.356047
5.83333 25.5 28.1667 -0.062832 2.9531
11.1667 37.5 3.5 0.10472 1.15192
4.83333 0.166667 0.5 -0.397935 1.02625
36.8333 28.8333 46.8333 -2.70177 0.0628317
0.166667 0.5 2.83333 1.15192 1.69646
4.83333 45.5 10.1667 -2.78555 -0.858702
0.166667 2.16667 0.833333 -2.57611 -2.28289
0.833333 1.5 0.5 -2.28289 3.03687
46.8333 3.16667 9.83333 2.11534 2.99498
0.166667 0.5 0.166667 2.86932 2.61799
1.83333 0.5 0.833333 -0.69115 2.82743
34.1667 37.1667 43.5 -0.062832 1.11003
12.8333 38.8333 28.1667 2.86932 1.82212
0.833333 0.166667 1.83333 -0.314159 -0.188496
1.5 2.83333 0.166667 0.523599 0.69115
46.1667 21.8333 33.5 1.94779 1.15192
1.16667 0.833333 1.5 -0.565487 -3.03687
1.83333 2.83333 0.833333 -2.15723 3.07876
7.16667 1.5 0.166667 -2.57611 1.69646
0.833333 6.83333 2.5 -1.69646 2.61799
31.1667 30.8333 17.5 -2.86932 2.74366
19.1667 23.1667 32.8333 -1.65457 -2.70177
13.1667 39.8333 13.1667 2.78555 -1.65457
11.8333 43.1667 39.8333 1.48702 2.241
0.166667 3.16667 1.16667 -0.0209441 3.07876
8.5 7.5 16.5 2.19911 2.86932
46.5 3.5 11.5 2.241 0.649262
2.5 1.5 1.5 2.86932 -2.15723
1.16667 4.16667 0.5 2.99498 0.858702
0.166667 1.16667 1.83333 2.36667 2.91121
2.16667 0.5 1.83333 1.27758 -2.91121
0.166667 0.5 2.5 -0.314159 -1.61268
31.1667 37.1667 20.1667 1.61268 0.481711
33.5 27.1667 45.1667 -1.5708 -2.36667
39.8333 29.1667 37.5 -2.99499 -2.78555
0.166667 1.5 3.5 -1.40324 1.19381
5.83333 46.8333 5.5 -1.5708 0.69115
6.16667 0.166667 0.166667 0.397935 -0.230384
42.8333 23.8333 21.8333 0.439823 0.90059
26.5 46.5 8.83333 -2.15723 -1.23569
2.16667 1.5 2.5 -2.28289 -2.241
19.1667 42.8333 20.5 -0.984366 1.02625
3.5 1.83333 3.5 -1.31947 -2.07345
1.5 0.5 5.16667 1.61268 -3.07876
29.8333 39.5 23.1667 0.565487 1.98968
11.1667 11.1667 0.166667 1.98968 1.73835
1.83333 0.833333 4.16667 2.82743 3.12065
3.83333 0.166667 0.166667 1.9059 -2.32478
22.8333 14.5 4.83333 1.73835 -1.15192
2.83333 0.166667 0.166667 -2.19912 2.28289
0.5 1.16667 0.166667 -2.45044 -1.65457
4.16667 28.1667 20.8333 -1.65457 2.61799
0.166667 1.16667 0.166667 0.858702 0.439823
3.16667 0.166667 0.166667 2.99498 1.48702
44.5 35.5 33.5 -1.69646 0.774926
1.16667 0.5 0.166667 -0.523599 2.32478
1.16667 1.5 0.166667 -0.607375 1.27758
3.16667 0.166667 2.16667 0.984366 0.774926
16.1667 15.5 14.5 -1.23569 0.481711
46.5 38.1667 3.16667 -2.86932 -0.062832
7.83333 32.5 19.5 -0.984366 2.9531
21.8333 25.5 9.16667 0.10472 1.78024
8.5 27.8333 27.1667 -1.5708 2.28289
0.5 0.5 4.83333 1.5708 1.94779
30.8333 29.1667 25.8333 -0.0209441 0.481711
0.833333 0.5 4.16667 1.98968 -2.32478
29.5 22.5 17.8333 -3.12065 -1.11003
2.83333 0.166667 0.166667 0.523599 -1.9059
14.8333 43.8333 21.5 2.53422 -1.06814
0.166667 1.16667 0.5 0.146608 -2.07345
0.166667 1.16667 1.16667 0.565487 2.241
2.83333 41.5 10.1667 1.65457 1.82212
0.166667 0.5 1.16667 1.9059 -2.61799
0.5 0.5 1.83333 2.11534 -2.99499
39.5 40.1667 4.5 -0.230384 -1.02625
4.5 1.5 2.16667 -2.28289 2.241
18.1667 36.5 33.5 2.70177 1.65457
1.83333 0.833333 3.16667 -2.91121 -1.27758
21.5 16.8333 2.16667 -1.52891 -2.99499
19.8333 43.8333 19.8333 -0.90059 0.816814
1.83333 7.16667 1.5 -2.9531 2.28289
0.5 2.5 2.5 0.565487 -3.03687
15.5 11.1667 1.16667 -2.99499 2.78555
6.83333 1.5 0.5 -2.53422 2.99498
0.5 2.83333 3.16667 2.49233 3.12065
0.833333 1.83333 1.83333 2.65988 2.70177
3.16667 3.5 1.16667 2.11534 2.9531
0.166667 2.16667 2.5 1.9059 2.57611
0.5 2.83333 1.5 2.32478 -3.12065
33.8333 8.5 33.5 -0.649263 1.27758
29.5 28.1667 27.1667 -2.91121 3.12065
6.16667 27.1667 22.1667 0.858702 -3.12065
1.5 3.5 0.5 -2.45044 2.78555
36.1667 43.8333 25.8333 -2.03156 -2.91121
23.8333 28.5 26.1667 -2.70177 -2.82743
0.5 0.5 4.83333 -1.73835 -1.52891
12.5 13.5 0.833333 0.649262 -0.439823
3.16667 5.16667 0.5 1.36136 1.44513
28.5 2.5 47.5 -3.12065 1.82212
48.8333 13.1667 1.5 0.0209438 0.356047
14.1667 14.1667 15.1667 -0.607375 -1.73835
38.8333 0.5 5.5 -3.12065 2.65988
17.8333 31.1667 24.5 -2.61799 2.11534
25.1667 33.8333 11.1667 -2.241 -0.397935
23.8333 15.5 49.1667 -2.03156 -0.188496
0.833333 4.83333 0.166667 -0.816814 -1.23569
1.16667 0.166667 3.83333 -3.07876 -1.02625
4.16667 0.166667 2.16667 2.9531 2.86932
47.5 45.5 12.1667 -2.15723 1.44513
0.166667 0.5 6.5 1.48702 -2.9531
4.83333 3.5 0.166667 -3.12065 -1.9059
27.5 26.8333 28.1667 -2.91121 1.40324
43.5 18.1667 40.8333 1.86401 2.45044
4.5 2.83333 1.16667 -2.40855 1.86401
1.5 3.5 0.166667 -1.31947 0.230383
1.16667 0.5 4.5 0.439823 -2.49233
27.1667 9.5 1.5 1.86401 -2.78555
1.16667 0.5 0.5 1.65457 -2.86932
3.83333 1.16667 0.5 -2.11534 1.69646
2.83333 1.83333 3.83333 -2.99499 -2.57611
18.1667 0.833333 39.1667 2.11534 -2.53422
4.5 3.16667 0.166667 2.40855 3.03687
6.16667 7.83333 0.166667 2.91121 -2.241
1.5 25.5 47.8333 -2.99499 -2.61799
3.16667 8.83333 0.166667 2.65988 2.86932
0.833333 5.5 4.5 -3.07876 -2.36667
49.5 46.8333 13.1667 -1.94779 -0.481711
19.8333 10.5 4.83333 2.19911 -1.15192
24.8333 38.5 1.16667 1.44513 2.36667
26.5 46.8333 19.5 -1.11003 0.942478
0.166667 4.16667 3.83333 -1.73835 2.45044
0.166667 2.16667 4.16667 0.774926 2.65988
9.16667 2.83333 0.166667 -3.07876 -1.98968
0.166667 6.5 2.16667 3.03687 3.12065
0.833333 3.5 4.5 -2.36667 2.91121
47.5 14.8333 35.1667 -0.816814 1.65457
4.5 0.5 18.1667 0.0628317 1.31947
44.8333 40.8333 14.8333 3.12065 1.65457
5.5 0.5 1.16667 -2.9531 -0.10472
1.5 0.5 4.16667 -2.40855 -2.45044
3.5 0.5 0.5 -1.65457 2.78555
0.166667 34.8333 10.1667 -1.48702 -2.57611
18.8333 5.5 46.5 -0.523599 2.74366
13.5 47.8333 11.8333 -2.82743 0.774926
1.5 2.16667 1.5 -2.57611 1.52891
1.83333 1.5 2.83333 1.9059 -2.03156
1.16667 4.16667 0.166667 2.82743 2.82743
35.8333 29.5 26.1667 -2.32478 -1.78024
1.5 0.166667 0.166667 3.12065 -3.07876
19.5 0.833333 44.8333 -1.06814 -0.858702
22.1667 46.8333 33.1667 -1.73835 3.03687
30.1667 31.8333 9.83333 2.78555 -1.23569
25.1667 7.16667 40.8333 -2.11534 -1.11003
6.83333 0.5 0.166667 -2.241 -1.73835
31.5 23.8333 1.16667 2.57611 1.02625
46.8333 11.8333 20.8333 1.11003 2.78555
4.5 0.166667 0.5 0.10472 2.03156
3.83333 42.1667 39.1667 -2.53422 1.5708
24.8333 15.5 26.1667 -2.28289 -1.82212
0.833333 0.5 4.83333 -1.73835 2.57611
11.1667 25.8333 38.5 2.82743 1.69646
5.16667 2.5 0.833333 2.49233 0.90059
5.5 8.16667 0.166667 -2.82743 -0.188496
5.16667 5.5 0.5 -2.61799 2.86932
0.833333 19.1667 2.5 -1.31947 2.9531
45.1667 8.83333 42.8333 -1.06814 1.40324
24.8333 32.1667 8.16667 0.0628317 -1.36136
0.166667 6.5 4.16667 1.61268 2.49233
0.166667 3.16667 1.16667 3.12065 -2.40855
3.5 0.833333 0.166667 0.146608 0.439823
0.5 0.833333 2.16667 -2.70177 -2.65988
6.83333 23.8333 36.8333 -0.858702 1.48702
1.5 2.16667 1.16667 -1.65457 -2.9531
0.833333 0.166667 2.16667 2.11534 -0.062832
1.16667 0.833333 1.16667 -1.19381 -2.45044
47.8333 32.1667 42.5 -1.06814 -1.82212
2.16667 2.16667 1.83333 -2.65988 -2.82743
28.8333 38.5 39.1667 -1.5708 -0.607375
34.1667 25.1667 21.1667 1.48702 1.98968
34.8333 13.8333 27.1667 -2.03156 -0.816814
10.8333 17.5 20.5 -0.649263 -0.481711
1.16667 4.16667 0.166667 1.27758 0.90059
5.83333 38.1667 30.1667 1.11003 -3.07876
0.833333 1.16667 0.833333 2.15723 2.40855
39.8333 40.1667 38.8333 0.230383 0.649262
9.16667 1.83333 24.5 1.48702 -1.40324
0.5 0.5 1.16667 1.82212 1.86401
1.83333 0.166667 0.833333 3.07876 -0.565487
0.166667 4.16667 0.833333 2.36667 2.78555
1.16667 0.166667 2.16667 -0.816814 3.07876
4.16667 0.166667 0.833333 -1.52891 0.984366
1.5 2.16667 1.83333 1.23569 2.9531
1.16667 0.833333 1.5 -1.98968 -0.356047
8.83333 27.5 42.5 -0.942478 2.74366
0.166667 1.16667 0.5 -2.49233 0.984366
0.833333 0.833333 0.5 3.12065 2.36667
0.833333 1.5 0.833333 -2.40855 2.74366
19.1667 25.8333 42.5 -2.65988 1.94779
34.1667 12.5 46.5 2.99498 1.44513
35.1667 21.5 3.5 0.272271 1.48702
0.5 2.83333 1.16667 -2.9531 2.99498
0.166667 0.833333 2.5 0.0628317 -2.86932
40.1667 5.16667 17.5 -1.78024 0.942478
13.5 9.83333 48.8333 1.40324 0.607374
16.1667 3.83333 39.1667 2.82743 2.57611
1.83333 0.5 0.833333 2.53422 2.86932
13.1667 23.8333 38.5 -1.52891 -1.31947
0.833333 2.16667 1.83333 1.69646 2.28289
5.16667 20.1667 42.8333 1.36136 -1.94779
2.83333 32.1667 43.8333 2.86932 -0.607375
43.5 15.5 2.83333 1.94779 1.48702
1.5 5.83333 0.166667 -2.74366 0.858702
0.166667 5.83333 2.83333 -2.82743 2.61799
0.166667 2.83333 1.83333 0.90059 -2.82743
1.83333 1.5 1.16667 -3.03687 -1.98968
7.16667 4.16667 0.5 2.99498 2.241
28.5 29.1667 15.5 2.36667 1.40324
1.83333 2.5 0.166667 1.61268 -1.94779
11.8333 21.1667 23.1667 -2.36667 -1.98968
4.83333 0.5 1.16667 2.07345 3.07876
42.1667 38.8333 18.5 0.439823 1.23569
1.16667 40.1667 15.1667 -1.36136 0.858702
27.5 0.833333 21.8333 2.86932 -0.607375
42.1667 37.1667 40.8333 0.858702 1.94779
10.5 4.16667 41.8333 0.0209438 -3.12065
1.16667 3.5 1.16667 -2.03156 -2.65988
0.833333 2.5 3.16667 -0.816814 -2.86932
2.16667 2.16667 1.5 1.61268 3.03687
2.83333 0.166667 0.5 -0.774926 -2.40855
0.166667 0.5 1.83333 0.0209438 2.19911
30.5 40.5 8.5 0.816814 -0.188496
2.83333 0.166667 0.166667 -1.48702 -3.03687
2.5 1.16667 0.166667 2.53422 -1.36136
23.8333 30.5 36.1667 0.858702 -1.73835
12.5 26.1667 45.1667 -2.241 -2.53422
21.8333 8.83333 31.8333 -2.57611 -1.86401
0.833333 1.5 0.166667 2.11534 -2.78555
0.5 1.5 1.16667 -0.984366 0.607374
1.16667 4.16667 2.83333 0.607374 1.94779
41.5 45.8333 18.1667 0.314159 0.0628317
2.5 2.5 1.16667 1.52891 -2.82743
10.1667 35.8333 29.1667 0.858702 -2.53422
13.5 48.8333 37.8333 0.0209438 1.11003
7.16667 0.833333 0.833333 2.03156 -3.03687
5.16667 20.1667 21.5 -0.984366 2.74366
1.83333 3.16667 0.166667 -1.86401 2.19911
8.16667 10.5 8.5 -0.942478 0.523599
0.833333 2.16667 1.16667 -2.74366 -2.03156
45.8333 25.1667 4.5 1.48702 -2.74366
1.83333 3.16667 0.166667 1.86401 0.649262
1.5 2.5 1.83333 3.12065 2.19911
1.5 20.8333 32.5 -1.15192 -3.07876
11.8333 2.83333 33.5 1.9059 -0.90059
24.8333 44.8333 9.83333 -3.12065 -1.52891
4.16667 1.16667 1.16667 2.241 2.241
22.8333 23.5 6.83333 1.5708 -2.74366
2.83333 6.16667 24.5 -2.57611 1.94779
31.8333 38.1667 11.5 1.94779 2.78555
0.5 0.833333 3.83333 -0.062832 1.5708
1.5 0.5 3.16667 2.57611 3.03687
0.5 0.833333 2.5 2.61799 -2.91121
0.166667 2.83333 0.166667 -2.91121 -3.12065
13.8333 43.5 22.8333 -3.12065 -2.28289
0.166667 1.5 0.5 0.649262 0.733038
20.8333 44.1667 16.5 2.28289 1.06814
36.1667 24.8333 37.1667 0.439823 -0.523599
0.833333 1.16667 0.166667 -0.439823 0.607374
3.83333 0.5 3.16667 -1.36136 0.272271
8.83333 15.8333 33.5 1.69646 -2.07345
14.8333 3.5 35.5 2.57611 -1.23569
0.166667 3.16667 1.16667 0.858702 0.10472
0.166667 1.83333 0.5 2.11534 -1.52891
34.1667 30.5 31.8333 1.82212 2.36667
1.83333 0.5 0.166667 -0.481711 0.607374
0.166667 0.166667 1.5 0.230383 -3.03687
39.1667 11.1667 22.5 1.06814 3.07876
25.8333 44.1667 42.1667 3.03687 -1.65457
2.5 0.166667 2.16667 0.272271 2.86932
18.5 12.1667 19.5 -1.9059 1.69646
14.8333 35.1667 11.1667 0.942478 0.90059
1.5 0.166667 2.16667 0.146608 -2.9531
0.5 0.166667 0.5 -2.32478 0.523599
1.16667 46.8333 18.5 -1.61268 -2.49233
2.83333 11.5 49.8333 0.10472 -0.816814
38.8333 30.5 46.5 -2.57611 -3.07876
32.1667 16.1667 35.1667 -1.19381 -0.69115
1.5 0.166667 0.5 -2.40855 2.82743
4.5 3.16667 0.5 -1.69646 0.858702
14.1667 24.1667 44.1667 -1.78024 0.649262
4.16667 27.1667 47.1667 2.28289 -2.86932
2.83333 3.16667 0.833333 1.23569 -2.82743
38.5 18.1667 42.5 0.439823 -2.86932
2.5 0.166667 0.166667 2.53422 2.65988
47.8333 42.1667 47.5 2.74366 0.439823
0.833333 4.16667 0.166667 -1.61268 1.52891
6.16667 1.5 0.5 3.12065 1.5708
0.166667 2.16667 3.5 1.19381 -1.52891
48.8333 13.5 47.1667 -2.61799 -2.65988
16.8333 4.83333 28.5 1.94779 -1.44513
14.5 14.5 23.5 1.73835 -1.52891
3.16667 3.16667 0.5 -0.942478 0.397935
45.1667 14.1667 20.8333 2.32478 -0.607375
31.5 5.16667 18.1667 1.40324 -1.78024
7.5 44.8333 44.1667 -2.9531 -0.816814
36.8333 29.8333 16.1667 0.523599 -1.02625
35.5 47.1667 45.8333 -3.07876 -2.91121
0.166667 2.16667 2.83333 -1.9059 -1.82212
5.83333 9.16667 32.1667 2.82743 1.5708
49.8333 34.8333 25.1667 0.0628317 -1.19381
3.83333 0.166667 0.5 0.858702 -2.91121
0.5 0.833333 1.16667 2.91121 -2.86932
3.16667 0.166667 0.166667 -1.19381 -0.356047
4.5 0.166667 0.5 -1.31947 0.733038
1.5 0.5 1.83333 -1.73835 2.07345
1.5 44.1667 16.1667 3.03687 -1.11003
0.5 1.83333 1.83333 1.52891 -2.32478
34.8333 19.1667 41.5 -1.73835 0.314159
48.1667 36.8333 42.5 0.481711 1.52891
4.5 0.166667 0.166667 1.19381 0.356047
28.5 22.5 14.5 -1.23569 -1.27758
0.833333 3.83333 1.5 -2.07345 1.82212
46.8333 34.5 16.8333 -1.11003 -1.86401
14.1667 28.5 41.5 1.9059 2.91121
0.5 0.5 3.83333 0.146608 -1.94779
48.1667 6.5 19.1667 -0.607375 -2.19912
6.16667 0.166667 0.5 -0.774926 1.82212
28.1667 22.8333 3.83333 -2.78555 0.816814
0.5 2.16667 1.83333 1.11003 1.65457
2.16667 4.83333 15.5 -1.73835 -1.40324
0.5 0.833333 0.833333 0.565487 -1.27758
1.5 2.16667 0.166667 1.15192 -2.99499
0.5 4.16667 0.166667 -1.44513 -0.230384
39.1667 3.16667 43.5 2.74366 -1.86401
29.1667 38.5 49.1667 0.0628317 -1.98968
0.166667 0.166667 2.83333 -1.44513 -3.07876
0.5 2.16667 0.5 1.36136 -2.28289
0.166667 0.833333 0.5 -1.52891 1.98968
5.83333 1.16667 40.8333 -2.11534 -1.73835
0.833333 1.83333 0.833333 -2.45044 2.78555
0.5 1.83333 1.5 -2.40855 -1.23569
0.5 0.5 2.16667 -0.397935 2.57611
18.8333 8.16667 6.16667 -2.28289 -2.49233
0.166667 0.833333 1.83333 -2.19912 -2.36667
31.5 10.5 36.8333 2.53422 0.146608
40.8333 28.8333 18.1667 -1.65457 1.52891
47.5 40.5 11.5 -1.9059 -1.02625
5.16667 1.5 1.5 -0.314159 1.9059
0.166667 2.5 0.833333 -2.36667 -0.10472
27.5 15.1667 43.5 -3.03687 -2.74366
0.833333 0.5 0.5 0.439823 0.0209438
0.5 0.5 0.166667 -2.19912 0.858702
1.16667 1.16667 2.16667 -2.53422 2.03156
23.1667 20.5 29.5 1.40324 -1.15192
34.5 4.83333 42.5 2.57611 -2.28289
43.5 43.1667 16.8333 -2.07345 1.78024
1.83333 36.1667 29.5 -0.984366 -0.146608
11.8333 13.5 17.8333 0.565487 2.70177
49.5 38.8333 12.8333 -1.36136 -2.241
0.5 0.166667 1.5 -2.28289 -2.65988
28.5 5.5 0.5 0.69115 -2.32478
2.5 1.16667 1.16667 -2.9531 -2.40855
25.8333 16.5 18.5 -2.78555 1.73835
3.5 0.166667 0.833333 2.49233 -2.57611
29.1667 33.1667 6.16667 -0.984366 2.78555
45.5 33.5 23.5 2.11534 0.230383
1.83333 1.16667 0.166667 0.607374 -2.65988
3.5 1.16667 0.5 -1.02625 0.10472
14.8333 9.16667 7.83333 2.65988 0.649262
0.166667 2.5 0.833333 -1.06814 -1.78024
24.1667 15.1667 18.8333 2.99498 -0.774926
33.5 16.8333 4.5 2.11534 0.649262
7.5 27.1667 6.83333 1.9059 -0.10472
0.833333 20.1667 49.1667 -1.82212 1.27758
7.5 8.83333 43.1667 -1.82212 -0.10472
6.5 1.16667 0.5 -2.82743 -2.15723
0.166667 1.83333 2.16667 -0.565487 2.61799
2.5 0.833333 1.83333 1.98968 3.12065
35.1667 18.5 6.83333 -1.86401 1.61268
13.5 44.5 23.5 1.11003 -1.52891
15.8333 30.1667 2.16667 -0.984366 -3.07876
0.5 0.166667 1.83333 -0.062832 -2.65988
1.16667 0.166667 1.83333 3.03687 3.12065
0.5 2.83333 1.16667 0.439823 2.78555
1.16667 2.16667 1.83333 -1.78024 1.15192
31.8333 23.5 43.8333 -2.36667 2.15723
31.8333 35.1667 11.8333 0.397935 -1.73835
37.8333 6.16667 34.8333 -0.10472 -3.07876
1.5 1.5 2.83333 0.984366 -2.82743
2.5 1.5 4.5 -0.774926 2.36667
17.1667 33.1667 8.5 1.31947 1.69646
28.1667 37.8333 15.1667 -0.481711 -2.19912
24.5 49.1667 18.5 2.49233 -2.07345
0.166667 0.166667 9.16667 -2.91121 0.90059
9.5 0.166667 0.166667 1.19381 2.99498
0.833333 4.5 2.5 -2.70177 2.78555
16.8333 30.1667 7.83333 0.858702 2.91121
2.16667 4.5 0.5 -3.07876 -2.11534
1.83333 29.8333 14.8333 -2.65988 -2.61799
32.5 38.8333 8.5 -1.11003 2.40855
41.5 14.8333 14.8333 -1.31947 -0.439823
3.16667 5.5 0.5 -2.61799 2.70177
1.5 2.16667 0.833333 -2.11534 -2.28289
10.8333 24.1667 29.1667 0.188495 1.23569
29.8333 17.1667 2.5 -1.02625 2.99498
44.1667 23.1667 48.1667 0.523599 -0.397935
2.5 1.83333 1.16667 2.241 2.49233
18.5 37.8333 19.8333 -1.23569 1.9059
43.5 13.5 18.1667 1.48702 1.36136
0.833333 2.16667 1.5 2.82743 2.45044
2.5 35.5 0.5 1.27758 0.10472
1.83333 49.5 36.8333 -1.40324 2.53422
4.5 1.5 0.166667 -2.9531 2.241
3.16667 2.83333 0.166667 2.91121 -2.19912
32.5 30.1667 26.5 -1.02625 -0.230384
5.5 0.5 0.5 -2.03156 -2.65988
35.8333 0.833333 29.5 -2.32478 -2.65988
1.83333 1.16667 3.5 -1.78024 -3.07876
23.1667 36.5 39.1667 2.86932 -3.03687
0.5 1.83333 2.5 -0.565487 -2.53422
2.16667 2.5 1.83333 -2.40855 0.69115
16.8333 37.1667 1.16667 -2.19912 1.94779
0.833333 0.166667 4.83333 0.0628317 0.272271
18.1667 4.5 36.8333 -1.94779 -1.36136
0.833333 1.5 3.5 0.439823 1.19381
11.1667 20.8333 22.5 -2.36667 -1.52891
0.166667 3.5 0.166667 0.230383 0.439823
6.83333 0.166667 0.166667 2.53422 -0.439823
0.166667 0.5 6.83333 -1.52891 1.98968
0.166667 1.5 2.16667 2.15723 -2.11534
45.1667 49.5 36.5 -2.9531 -0.942478
2.83333 2.5 0.166667 -2.07345 -1.86401
0.166667 0.5 2.83333 -2.40855 1.94779
0.833333 2.5 1.83333 -1.19381 -2.45044
46.1667 34.8333 12.1667 -1.9059 -0.146608
42.1667 13.8333 22.8333 -0.607375 -0.10472
0.833333 3.5 2.16667 3.07876 -1.65457
24.1667 40.5 45.5 2.82743 -2.45044
20.1667 12.8333 19.5 0.858702 2.70177
40.1667 14.5 19.8333 -0.10472 2.86932
1.5 7.5 1.5 2.61799 2.15723
0.166667 4.5 1.83333 1.40324 -3.12065
4.83333 2.5 1.16667 3.12065 -0.649263
0.5 2.16667 3.16667 -1.44513 -2.70177
26.1667 19.5 6.16667 0.0209438 -0.90059
22.8333 24.1667 33.5 -2.241 2.32478
1.83333 4.16667 1.5 -1.27758 2.57611
4.83333 1.5 2.5 -1.69646 1.27758
6.5 6.16667 34.8333 3.12065 -0.69115
6.83333 2.83333 1.16667 -1.73835 -2.36667
2.16667 6.83333 0.833333 -1.73835 2.45044
35.5 34.8333 33.1667 -2.11534 2.74366
31.1667 41.1667 40.5 -1.31947 -1.98968
16.1667 47.1667 44.1667 1.44513 -2.99499
5.83333 2.16667 0.833333 2.40855 -0.858702
1.5 0.5 1.83333 -2.49233 2.57611
0.5 2.83333 1.83333 -0.314159 -2.53422
30.1667 34.1667 23.1667 -1.9059 2.61799
15.1667 26.1667 24.1667 2.32478 2.99498
29.5 39.5 12.5 1.73835 -2.70177
3.5 1.5 0.5 3.03687 -0.146608
20.5 31.1667 3.5 0.0209438 -1.48702
33.1667 10.1667 39.5 -0.0209441 2.78555
35.5 13.8333 30.8333 -0.816814 -1.69646
19.8333 44.5 48.1667 0.146608 2.99498
17.1667 42.5 2.5 0.816814 0.10472
4.16667 8.83333 24.8333 2.78555 1.27758
3.16667 0.166667 0.166667 -0.523599 -0.942478
0.833333 0.5 0.166667 1.06814 -1.52891
1.5 2.5 2.5 2.61799 2.74366
1.83333 3.16667 0.833333 -1.94779 -2.9531
22.5 39.8333 32.1667 3.03687 0.146608
1.83333 0.166667 0.5 2.11534 2.86932
0.833333 0.166667 1.83333 2.07345 -1.15192
6.5 36.5 7.83333 -2.49233 -0.314159
0.166667 0.5 1.16667 2.19911 -1.98968
30.8333 8.5 8.16667 1.61268 2.32478
25.1667 1.83333 23.1667 -1.65457 2.32478
1.83333 0.833333 0.166667 -0.0209441 -2.28289
0.5 0.166667 1.16667 -2.45044 1.52891
0.5 0.166667 1.5 -1.31947 -1.9059
2.5 1.16667 0.166667 -0.0209441 -2.65988
0.166667 2.16667 1.5 2.241 2.49233
5.5 7.5 36.5 -0.942478 -1.69646
0.833333 1.5 1.5 -2.70177 -2.74366
6.83333 0.5 0.166667 -1.23569 1.82212
0.166667 0.166667 7.16667 2.49233 -2.28289
41.5 38.5 49.1667 -2.19912 -1.82212
1.16667 1.83333 0.166667 -2.74366 2.53422
1.83333 0.166667 0.833333 0.565487 0.481711
15.8333 21.1667 14.8333 2.15723 -0.607375
2.5 3.83333 0.166667 1.65457 -2.15723
0.166667 4.5 0.833333 -1.86401 2.57611
0.166667 2.83333 2.16667 2.74366 -2.70177
9.83333 46.5 17.8333 2.9531 2.11534
48.8333 11.1667 31.8333 -2.45044 1.06814
1.16667 5.5 1.5 -0.272271 2.9531
2.5 33.1667 24.8333 -1.40324 1.61268
2.83333 0.5 1.83333 2.53422 0.942478
31.5 9.5 28.1667 2.19911 2.91121
25.8333 2.83333 46.1667 0.272271 0.90059
5.5 20.8333 29.8333 -2.65988 -1.06814
17.1667 48.5 21.1667 2.74366 -0.69115
0.833333 2.83333 0.833333 0.0209438 -2.65988
39.5 43.8333 27.5 -1.5708 -2.32478
28.1667 11.8333 26.5 -1.9059 1.15192
0.833333 1.83333 1.5 -2.91121 0.397935
0.5 1.83333 1.83333 0.188495 0.188495
11.5 8.83333 48.8333 2.61799 -2.40855
26.5 19.1667 7.16667 -0.858702 2.40855
0.5 2.16667 2.5 -2.40855 -0.188496
0.166667 20.5 8.83333 1.82212 1.65457
5.16667 1.83333 1.5 0.0628317 -0.188496
0.833333 4.83333 2.83333 -1.40324 1.9059
3.16667 0.833333 0.5 1.98968 1.02625
29.8333 41.1667 35.1667 0.816814 -0.607375
4.83333 1.16667 0.166667 -2.15723 -0.774926
1.83333 0.833333 1.83333 1.40324 -0.816814
40.1667 8.5 30.5 1.82212 0.607374
1.16667 0.166667 0.833333 -1.44513 -1.52891
14.5 35.8333 2.16667 1.06814 0.69115
8.5 21.5 29.1667 -2.28289 -0.90059
0.166667 0.5 0.166667 1.31947 -2.32478
5.83333 19.1667 33.1667 1.19381 1.61268
5.83333 30.1667 9.16667 0.733038 -3.03687
40.5 13.8333 36.5 1.82212 -1.31947
23.5 8.16667 38.1667 0.356047 0.481711
4.5 0.166667 0.166667 2.32478 -1.94779
5.83333 3.83333 0.166667 -2.70177 -0.565487
0.833333 7.5 0.5 -1.98968 -1.98968
2.83333 5.16667 3.5 2.9531 2.99498
0.166667 2.5 3.83333 -0.565487 2.99498
13.8333 6.5 49.8333 0.942478 0.984366
1.83333 1.83333 2.5 -2.82743 -2.57611
15.5 1.16667 0.166667 -3.03687 3.03687
6.16667 3.5 0.5 1.65457 2.11534
1.83333 2.16667 2.83333 -2.11534 -1.82212
1.16667 0.166667 5.5 2.49233 -1.02625
0.166667 1.83333 0.833333 1.02625 1.61268
41.1667 8.5 3.83333 -1.19381 2.07345
3.16667 0.166667 2.5 2.11534 -0.397935
0.5 4.16667 0.166667 0.69115 -2.19912
48.5 17.1667 37.1667 -2.19912 2.241
49.5 38.1667 19.1667 -1.82212 0.0628317
14.8333 32.5 46.5 1.86401 0.733038
18.5 30.5 46.8333 -2.11534 0.0628317
0.5 6.16667 0.166667 0.230383 -0.0209441
0.5 27.8333 46.5 2.11534 2.28289
33.1667 9.16667 23.5 -2.03156 -1.98968
1.16667 3.83333 39.8333 -1.98968 -0.523599
33.8333 18.1667 36.8333 1.19381 0.733038
0.166667 2.83333 1.16667 -1.02625 2.61799
0.833333 0.833333 2.16667 -3.12065 -2.15723
0.5 4.5 4.16667 -0.69115 2.45044
0.166667 3.83333 0.5 -0.774926 -3.03687
0.5 1.5 2.5 1.9059 -2.11534
36.8333 21.5 9.5 1.52891 -0.062832
29.8333 5.83333 36.8333 0.481711 -1.61268
3.5 0.833333 0.166667 -1.23569 2.61799
0.166667 0.166667 2.16667 -2.70177 1.48702
25.5 15.5 8.5 -1.82212 -2.86932
0.166667 0.166667 1.83333 2.32478 -2.07345
23.5 24.5 3.5 2.40855 3.03687
0.166667 2.16667 0.833333 -1.82212 -2.07345
5.5 0.5 0.833333 2.86932 2.74366
21.1667 37.1667 38.8333 -3.03687 1.78024
0.166667 3.5 3.83333 0.0209438 -2.99499
9.16667 27.8333 1.5 1.36136 1.73835
15.8333 48.1667 25.1667 0.10472 -0.0209441
23.1667 30.1667 32.5 -0.733038 -0.356047
14.1667 32.8333 18.8333 -2.91121 -0.774926
5.16667 5.5 0.166667 -2.45044 -1.06814
10.5 3.83333 31.8333 -1.73835 -0.733038
20.5 24.1667 32.5 -2.40855 -1.61268
11.8333 15.5 31.5 1.98968 0.565487
42.1667 38.5 33.1667 -1.15192 2.07345
2.5 3.16667 5.16667 2.28289 2.78555
25.5 6.5 36.1667 0.816814 0.733038
5.5 32.5 30.5 2.53422 -2.49233
45.8333 48.5 11.8333 2.74366 0.984366
48.5 34.8333 20.8333 -0.816814 2.19911
33.1667 48.8333 33.8333 -1.61268 0.607374
34.8333 15.1667 11.8333 0.942478 -3.03687
1.16667 0.5 3.16667 -2.49233 -2.11534
0.833333 2.16667 0.166667 2.28289 3.07876
2.5 0.166667 0.5 1.48702 1.52891
17.1667 43.1667 5.16667 -2.86932 0.10472
5.16667 0.5 0.833333 -1.69646 1.23569
9.5 12.5 6.5 1.19381 0.230383
12.8333 29.8333 4.16667 -0.984366 1.02625
0.166667 1.16667 5.5 -0.984366 -2.78555
13.8333 32.1667 31.1667 -2.65988 2.241
3.16667 0.166667 0.833333 2.15723 1.94779
2.16667 0.5 0.5 -2.86932 0.146608
7.16667 6.5 25.1667 0.90059 -0.188496
1.5 1.16667 2.5 -0.607375 1.73835
43.8333 45.1667 38.8333 3.12065 -2.45044
0.166667 2.16667 0.833333 1.5708 1.19381
18.1667 6.5 35.5 -0.356047 0.439823
1.16667 0.5 1.16667 -1.61268 0.0209438
41.8333 1.16667 34.5 -3.03687 -0.733038
26.5 34.1667 22.5 0.774926 -1.52891
0.166667 1.83333 3.5 1.40324 2.28289
14.8333 37.1667 23.5 1.06814 1.86401
0.833333 1.5 1.5 0.397935 -2.53422
3.16667 23.1667 31.5 3.12065 -1.5708
7.83333 12.8333 36.8333 -2.9531 2.82743
1.16667 0.5 2.16667 1.5708 1.31947
2.16667 0.833333 0.833333 -0.397935 -2.19912
47.8333 23.5 45.5 0.984366 0.314159
29.5 3.5 20.1667 2.241 -1.02625
1.5 2.83333 1.5 -2.9531 -2.53422
0.833333 0.5 4.16667 2.45044 2.32478
1.5 1.16667 1.83333 2.82743 -1.11003
32.8333 34.1667 29.8333 0.816814 0.984366
10.8333 28.1667 28.5 1.36136 1.19381
26.8333 25.1667 12.1667 -0.816814 2.241
1.5 0.5 1.5 1.69646 1.86401
0.5 1.5 3.83333 -1.40324 2.03156
2.83333 3.5 2.5 -2.49233 1.69646
0.5 6.16667 0.833333 -1.23569 -1.5708
29.1667 11.5 48.1667 2.99498 0.397935
20.8333 27.5 46.5 0.272271 1.15192
44.5 29.1667 48.5 1.73835 1.31947
1.5 3.83333 0.5 0.90059 2.19911
34.5 8.83333 42.5 1.98968 -0.69115
0.166667 1.5 1.16667 -2.91121 2.36667
14.8333 40.8333 30.1667 0.356047 -1.69646
0.833333 0.166667 1.16667 1.61268 2.40855
44.1667 10.5 1.83333 -2.57611 -1.06814
35.1667 23.8333 37.1667 -1.9059 2.45044
0.166667 0.5 0.833333 -2.32478 -2.241
1.16667 1.83333 0.5 -2.07345 1.40324
2.83333 1.16667 1.83333 -2.61799 0.146608
1.16667 0.5 1.83333 -2.241 1.61268
17.8333 2.5 24.5 -0.565487 -0.90059
4.83333 0.166667 3.16667 -1.73835 1.86401
0.166667 2.83333 4.16667 2.65988 -2.82743
0.833333 3.5 2.16667 2.61799 -2.45044
27.1667 21.8333 3.16667 -0.733038 0.356047
11.1667 2.16667 8.5 -0.439823 -2.19912
0.166667 3.5 0.166667 -1.98968 -0.397935
0.166667 3.16667 0.833333 -2.49233 2.74366
47.8333 22.1667 0.833333 -2.11534 2.03156
12.8333 14.1667 2.83333 -1.78024 1.52891
1.5 2.83333 0.166667 2.99498 -3.03687
26.1667 2.83333 11.5 -1.06814 -1.69646
1.16667 2.16667 1.83333 -2.11534 1.98968
0.5 0.166667 2.16667 -0.10472 2.19911
0.833333 0.166667 4.5 -1.40324 -1.78024
0.166667 2.83333 1.16667 1.69646 3.03687
0.166667 1.16667 2.83333 -0.397935 -3.07876
16.5 26.1667 8.16667 -0.607375 -1.48702
3.5 0.833333 0.166667 2.40855 -0.230384
23.8333 10.8333 22.1667 1.36136 3.03687
0.166667 0.166667 0.5 -1.94779 -3.12065
15.5 14.5 28.5 -1.86401 -1.52891
1.83333 0.166667 0.5 -1.94779 -0.481711
0.166667 1.83333 0.166667 -1.82212 -2.61799
32.8333 15.5 3.16667 1.11003 -1.48702
1.5 0.5 1.5 0.314159 2.53422
1.83333 0.5 1.5 0.607374 1.65457
4.16667 0.833333 1.16667 0.523599 2.53422
2.16667 0.166667 5.16667 -2.07345 -0.062832
1.83333 1.5 0.166667 -1.44513 -0.69115
29.5 14.5 42.1667 1.40324 -2.65988
15.8333 19.5 23.5 -2.36667 2.45044
2.16667 0.833333 3.83333 -2.40855 -2.19912
0.166667 1.16667 5.83333 -1.40324 -2.57611
5.83333 1.16667 18.1667 0.10472 -1.73835
3.83333 3.83333 0.833333 -2.99499 -1.86401
0.5 3.16667 7.83333 1.19381 3.03687
32.8333 22.8333 23.1667 1.94779 1.02625
34.8333 13.8333 29.5 -1.11003 -1.5708
32.5 35.5 0.833333 1.73835 -2.19912
1.16667 6.83333 2.83333 2.70177 2.99498
33.1667 45.1667 4.5 2.45044 1.40324
3.83333 3.16667 0.166667 2.86932 -3.07876
39.1667 34.1667 44.8333 -1.23569 2.15723
7.83333 49.5 16.1667 0.0209438 -1.11003
9.16667 34.5 14.5 1.52891 -0.942478
6.16667 0.833333 1.16667 -2.99499 -2.57611
0.166667 1.16667 1.5 3.03687 1.9059
0.833333 0.833333 1.16667 -0.649263 -1.94779
49.1667 40.8333 0.5 2.15723 -2.45044
30.1667 25.1667 44.8333 0.230383 -2.53422
1.5 0.833333 1.5 1.65457 2.78555
1.16667 0.166667 0.833333 2.86932 2.91121
26.5 36.8333 4.16667 2.91121 -2.03156
0.833333 0.5 0.5 2.74366 0.858702
39.5 17.8333 37.1667 1.44513 1.94779
35.5 40.5 8.5 2.07345 -1.36136
37.5 19.8333 40.1667 0.733038 1.65457
24.1667 2.5 47.1667 1.73835 -1.15192
0.166667 0.166667 1.16667 2.9531 1.78024
0.166667 0.166667 0.5 2.36667 0.439823
14.8333 20.8333 21.8333 -0.984366 2.07345
0.166667 0.166667 1.83333 -1.82212 -1.5708
30.8333 2.83333 47.8333 2.61799 -1.27758
25.8333 37.5 14.5 1.31947 1.61268
3.16667 0.166667 1.16667 -2.241 -0.607375
1.16667 0.5 1.5 3.12065 1.69646
2.16667 0.833333 1.5 -2.53422 -1.02625
3.5 0.833333 1.16667 2.65988 1.31947
1.16667 4.16667 0.166667 1.27758 1.31947
0.833333 1.83333 0.833333 -2.61799 2.9531
0.833333 0.833333 1.5 -0.607375 3.12065
1.16667 0.166667 2.16667 -2.11534 -2.70177
34.5 37.8333 40.5 0.565487 3.07876
1.5 4.5 0.5 -2.32478 1.23569
17.1667 37.8333 28.1667 -1.61268 -2.91121
10.8333 24.1667 27.8333 -2.65988 -1.65457
3.83333 2.16667 0.166667 -2.15723 -2.15723
0.833333 0.5 0.166667 -0.942478 -0.523599
1.16667 0.833333 0.833333 -2.82743 2.32478
1.16667 2.83333 0.833333 -3.07876 2.99498
1.83333 2.16667 0.166667 -3.07876 -2.9531
3.5 0.5 0.166667 -3.07876 0.0628317
0.5 2.83333 0.166667 0.0628317 0.272271
0.166667 1.83333 0.5 -0.439823 1.86401
47.5 15.1667 19.8333 -2.61799 2.40855
37.1667 37.8333 7.5 -2.70177 2.03156
0.5 0.5 1.5 -2.9531 -2.49233
2.16667 0.5 1.83333 2.11534 2.99498
3.5 19.5 45.1667 1.5708 -2.86932
0.166667 2.16667 0.166667 2.57611 0.356047
0.833333 2.5 0.166667 -2.45044 -0.314159
1.5 0.166667 3.5 2.57611 2.86932
32.1667 45.1667 7.5 -0.942478 -2.15723
39.5 18.8333 40.8333 0.858702 -0.062832
2.16667 4.5 0.166667 2.9531 2.40855
23.1667 19.5 1.83333 2.45044 1.44513
0.833333 5.83333 0.833333 -2.86932 2.86932
43.8333 47.1667 47.8333 0.146608 3.07876
45.8333 49.1667 6.5 2.9531 2.45044
2.83333 2.16667 0.166667 2.36667 -0.942478
1.5 0.833333 0.166667 -1.36136 0.0209438
0.5 3.16667 2.16667 -0.356047 2.32478
0.833333 0.833333 1.5 -3.03687 -1.36136
1.5 0.833333 2.5 -1.61268 1.9059
4.16667 0.166667 0.833333 -2.99499 -0.439823
1.83333 6.16667 0.166667 -2.86932 2.32478
1.16667 4.16667 0.833333 2.53422 -2.78555
0.166667 0.833333 0.166667 0.984366 1.40324
0.166667 1.83333 0.833333 -0.272271 1.65457
0.166667 2.16667 1.5 3.12065 -1.5708
0.833333 1.16667 2.16667 -2.61799 3.12065
0.166667 0.833333 1.16667 -2.11534 2.03156
15.1667 30.5 31.5 1.44513 2.36667
1.5 0.5 1.5 -2.91121 -0.230384
42.8333 31.5 9.16667 1.36136 2.86932
1.83333 0.833333 0.166667 2.32478 1.15192
8.5 44.5 29.5 0.146608 -2.36667
3.5 2.5 0.166667 -2.70177 0.69115
0.833333 4.5 1.16667 -1.19381 1.86401
2.83333 0.833333 1.83333 -0.481711 -2.82743
45.1667 24.1667 37.5 1.11003 2.15723
45.8333 29.5 7.16667 3.03687 -1.78024
1.83333 2.16667 1.5 2.53422 -1.06814
6.16667 31.5 34.5 1.78024 1.65457
22.5 29.8333 10.5 -1.86401 -1.69646
36.8333 3.83333 42.1667 2.99498 2.70177
3.5 1.16667 1.16667 2.99498 -2.82743
2.16667 2.83333 0.166667 0.397935 1.52891
0.833333 4.83333 0.166667 2.15723 2.07345
0.833333 1.83333 0.166667 -2.40855 0.10472
1.83333 0.166667 1.83333 -0.481711 1.19381
3.16667 0.166667 1.5 -1.15192 -1.98968
0.833333 1.83333 0.5 -2.86932 2.28289
12.5 34.5 38.1667 -2.45044 0.942478
13.5 49.1667 0.833333 0.69115 2.57611
8.16667 12.5 12.1667 -2.57611 2.61799
42.8333 14.5 37.8333 -1.82212 2.241
24.8333 24.5 49.8333 0.90059 0.481711
0.166667 1.5 0.5 0.356047 -1.86401
8.16667 0.166667 0.166667 2.40855 -0.356047
10.5 37.5 13.8333 2.15723 1.61268
1.5 2.5 0.166667 -2.74366 -0.272271
30.8333 19.1667 9.83333 -2.53422 -0.69115
20.5 48.5 2.16667 -3.12065 0.439823
1.5 3.16667 2.16667 -1.94779 1.78024
3.16667 19.1667 15.5 0.733038 0.774926
29.8333 19.1667 4.16667 1.27758 -1.48702
0.166667 4.16667 0.166667 -1.73835 -0.816814
31.1667 9.16667 0.166667 2.19911 -2.45044
1.5 1.16667 0.833333 -2.241 -2.19912
2.16667 19.1667 23.1667 2.99498 -0.062832
0.833333 1.83333 1.83333 -1.82212 2.19911
40.5 3.83333 2.16667 -1.40324 -2.241
1.16667 0.166667 1.16667 2.82743 3.12065
34.1667 32.5 31.5 -0.69115 -2.03156
40.1667 44.1667 22.1667 -0.69115 -1.61268
20.5 9.16667 19.8333 0.90059 2.11534
1.5 5.5 0.833333 -0.272271 1.52891
2.83333 1.16667 0.166667 2.82743 0.188495
9.5 30.8333 5.83333 -0.230384 1.69646
1.16667 1.83333 0.833333 -2.57611 2.03156
23.1667 15.8333 28.8333 -0.062832 -0.272271
1.83333 0.166667 1.16667 -3.03687 -2.28289
4.16667 3.83333 0.166667 2.91121 -2.91121
22.1667 29.5 35.1667 -2.40855 -2.19912
3.16667 4.83333 0.166667 -2.57611 -2.82743
0.5 6.83333 2.83333 -2.74366 2.40855
1.5 0.833333 1.83333 0.565487 2.70177
1.5 18.5 21.8333 -2.241 2.45044
2.83333 1.83333 2.16667 -2.241 2.65988
43.5 48.8333 19.1667 -2.9531 -1.40324
2.5 0.166667 2.16667 2.11534 2.78555
3.16667 2.5 0.166667 -2.19912 -3.07876
0.166667 0.833333 4.16667 -1.9059 -1.40324
0.5 1.5 0.166667 -0.69115 -2.57611
0.166667 0.5 0.166667 -1.27758 -0.188496
1.5 0.5 0.833333 -1.61268 1.40324
44.5 19.1667 23.8333 2.78555 -0.481711
3.16667 2.16667 0.5 1.31947 -0.0209441
40.8333 9.83333 19.1667 -2.53422 2.82743
39.1667 46.8333 3.16667 0.942478 1.31947
0.166667 1.16667 0.5 0.90059 3.03687
33.8333 41.5 15.1667 2.9531 -2.28289
49.5 49.5 39.5 2.45044 -1.52891
18.5 29.1667 15.1667 1.48702 1.78024
27.1667 2.83333 31.1667 2.03156 -2.07345
5.5 0.166667 0.833333 -0.774926 -0.942478
4.16667 0.5 0.166667 -0.397935 -1.15192
42.8333 34.1667 3.5 1.15192 -1.98968
45.8333 13.5 27.5 -2.53422 -2.03156
31.1667 44.1667 4.5 2.91121 0.816814
2.16667 1.83333 0.5 1.44513 -2.91121
1.5 0.833333 5.16667 1.15192 2.07345
7.83333 12.8333 49.1667 3.03687 1.78024
45.5 3.16667 31.8333 -1.86401 2.53422
18.8333 13.5 22.5 -1.48702 -0.733038
1.83333 2.5 2.16667 0.146608 2.53422
0.5 2.5 6.83333 1.36136 2.53422
40.8333 30.8333 0.833333 0.481711 2.19911
0.166667 2.83333 4.16667 -0.10472 -2.61799
1.5 2.5 4.16667 -2.53422 2.9531
46.5 28.1667 17.5 -0.397935 -0.188496
34.1667 19.8333 7.5 1.31947 -1.44513
0.166667 6.16667 0.833333 -2.32478 -2.74366
4.5 4.83333 0.5 2.82743 -1.44513
27.1667 0.5 14.8333 -1.98968 -2.32478
35.8333 44.5 10.1667 -0.774926 1.48702
8.16667 5.5 0.166667 2.241 0.481711
0.166667 0.833333 4.5 -0.062832 1.69646
7.16667 0.5 1.16667 2.45044 -1.36136
33.8333 7.16667 18.8333 1.31947 0.984366
15.1667 37.5 31.5 -0.523599 -2.78555
0.166667 0.5 6.83333 -2.19912 1.15192
6.16667 1.83333 0.166667 2.99498 -0.10472
4.83333 0.5 0.5 -3.07876 -2.65988
0.166667 2.16667 3.5 -2.40855 2.28289
8.5 43.8333 23.1667 -0.188496 0.649262
3.5 1.16667 0.5 1.69646 2.61799
11.1667 46.5 41.5 -1.98968 -2.03156
2.16667 0.166667 1.5 -2.15723 0.523599
1.83333 0.5 2.5 0.188495 -2.99499
0.166667 2.83333 5.83333 1.44513 -3.12065
25.5 10.1667 5.16667 0.439823 -1.27758
44.8333 44.8333 6.83333 1.65457 -1.15192
1.5 2.83333 0.166667 1.69646 -2.40855
10.1667 13.5 15.1667 -1.11003 -3.07876
0.5 1.16667 4.5 2.53422 -0.314159
11.1667 7.16667 30.8333 -0.439823 -0.942478
23.8333 0.166667 1.5 3.03687 2.241
2.16667 1.16667 0.5 2.28289 2.53422
44.8333 42.8333 7.16667 -1.36136 0.607374
24.8333 38.1667 10.8333 -2.9531 -0.062832
20.8333 43.1667 36.1667 3.03687 -2.70177
0.5 0.833333 0.166667 -2.82743 0.565487
10.5 15.8333 36.8333 -1.52891 -2.70177
1.16667 0.5 0.166667 -2.91121 2.07345
26.8333 49.1667 39.8333 -1.78024 1.9059
47.1667 49.8333 42.1667 1.61268 -2.19912
46.8333 21.1667 18.1667 -2.99499 -2.49233
9.83333 25.5 31.8333 2.82743 -2.57611
16.1667 15.5 28.8333 1.69646 -2.99499
1.5 2.83333 0.166667 -2.57611 -1.69646
4.5 23.5 5.16667 -1.52891 1.5708
0.5 1.5 3.16667 -1.48702 2.86932
3.83333 1.16667 1.5 3.12065 0.607374
4.16667 1.16667 1.5 2.32478 -2.74366
44.5 23.1667 29.8333 -2.9531 2.99498
14.5 4.5 11.8333 0.858702 -0.858702
42.1667 24.5 32.8333 1.94779 1.94779
31.5 30.1667 25.1667 -1.5708 -0.481711
23.8333 46.1667 33.5 0.10472 2.91121
34.5 28.5 29.8333 0.0628317 2.9531
24.5 39.5 18.8333 2.07345 2.57611
13.5 7.5 22.8333 -1.06814 -0.272271
45.8333 34.1667 44.8333 -1.73835 -2.19912
21.8333 40.8333 0.5 -1.98968 -1.36136
5.83333 0.5 33.1667 -2.65988 -2.86932
9.5 29.8333 38.1667 -1.61268 -0.481711
49.1667 49.5 48.8333 0.188495 2.45044
30.5 19.8333 17.8333 2.45044 2.15723
3.5 2.5 0.166667 -2.32478 -0.565487
31.5 15.8333 26.1667 -1.98968 -2.32478
1.16667 0.166667 3.83333 1.78024 0.0628317
1.83333 2.83333 0.166667 0.984366 -1.27758
1.5 0.166667 0.833333 1.65457 0.481711
43.8333 43.8333 47.5 -2.99499 -1.15192
1.5 0.5 0.833333 2.86932 -1.15192
0.166667 14.8333 0.833333 -2.28289 2.15723
39.5 43.1667 15.1667 -2.11534 -2.40855
7.83333 3.16667 1.16667 -2.82743 1.69646
16.1667 38.5 19.5 1.86401 1.98968
6.16667 8.83333 2.16667 -3.07876 2.99498
6.5 4.5 0.166667 -2.82743 1.15192
0.166667 5.16667 2.5 -0.356047 2.70177
26.5 14.8333 2.5 -1.52891 1.19381
26.1667 5.5 48.1667 -2.15723 -2.19912
1.16667 4.16667 2.5 -1.94779 2.57611
6.16667 0.5 0.5 0.649262 2.57611
0.833333 0.833333 3.5 -1.98968 -0.607375
6.16667 8.16667 6.83333 1.02625 1.48702
47.1667 19.5 28.5 2.74366 -1.94779
7.16667 25.1667 12.8333 -0.69115 1.73835
0.166667 0.166667 4.83333 -1.86401 -0.146608
29.8333 26.5 1.16667 -1.52891 -2.53422
35.8333 28.5 13.5 2.11534 -0.607375
48.8333 11.5 30.1667 0.397935 -1.78024
6.83333 26.8333 44.1667 -2.19912 0.10472
1.16667 2.5 0.5 2.03156 3.03687
13.5 31.8333 19.1667 -2.07345 -1.36136
1.83333 1.5 0.166667 -2.70177 1.31947
46.5 46.5 30.1667 2.32478 -2.07345
18.8333 18.1667 23.8333 -2.11534 -0.649263
37.1667 47.1667 7.16667 3.12065 2.07345
19.1667 10.5 15.5 0.607374 -0.439823
35.8333 7.83333 5.16667 -0.397935 0.607374
17.1667 40.1667 16.5 -2.9531 -2.32478
2.83333 14.5 21.8333 -1.36136 -1.44513
0.166667 1.5 0.833333 2.82743 3.03687
4.83333 0.166667 0.5 -1.15192 1.36136
11.8333 12.5 1.5 2.78555 -1.02625
0.166667 0.833333 3.16667 -3.03687 1.48702
33.5 44.5 12.5 1.23569 -0.942478
26.1667 31.5 14.8333 0.523599 2.57611
0.166667 1.16667 0.833333 2.99498 -1.86401
22.5 13.8333 43.5 2.19911 2.19911
16.8333 33.1667 37.5 0.272271 1.06814
1.16667 0.833333 1.16667 0.774926 0.439823
1.16667 1.83333 1.5 -1.86401 2.45044
23.5 19.5 48.1667 0.0209438 -2.78555
24.5 38.8333 10.8333 2.19911 -1.36136
43.1667 40.1667 44.5 -1.94779 -0.774926
4.16667 4.16667 40.5 2.86932 -2.74366
13.5 15.5 18.1667 1.44513 1.78024
6.83333 24.1667 5.5 -1.94779 0.816814
0.166667 0.5 1.5 3.03687 1.82212
47.8333 49.5 10.8333 1.9059 2.99498
18.5 1.16667 42.8333 -1.82212 2.36667
15.5 49.5 35.5 -3.07876 2.45044
1.16667 0.166667 0.5 -0.272271 -2.49233
16.8333 27.5 28.5 -3.12065 -0.230384
0.833333 1.5 0.166667 -2.40855 2.57611
1.83333 0.5 0.166667 3.03687 -0.90059
1.16667 0.166667 0.166667 -2.99499 0.90059
0.5 1.16667 0.833333 -1.69646 0.649262
29.8333 31.8333 4.5 2.36667 2.86932
0.833333 0.5 2.83333 -1.5708 -1.11003
47.8333 49.5 21.5 -0.565487 -1.27758
34.8333 35.5 7.5 0.0209438 -1.78024
4.16667 1.16667 0.166667 2.15723 -3.07876
3.5 0.166667 0.5 -1.31947 1.48702
17.8333 23.8333 20.1667 -1.19381 -3.07876
18.1667 7.5 36.5 -1.5708 2.45044
39.1667 11.8333 33.8333 2.99498 -0.188496
41.8333 13.5 48.5 -0.188496 0.397935
47.1667 48.1667 40.1667 -2.11534 1.69646
5.5 31.5 21.8333 0.565487 -1.15192
0.166667 6.5 0.166667 0.523599 2.74366
0.5 3.16667 0.833333 -2.91121 2.45044
1.83333 0.833333 1.83333 2.03156 2.49233
2.5 29.1667 37.5 -1.86401 2.61799
0.166667 2.5 0.5 -0.439823 0.858702
16.1667 25.1667 25.8333 -0.10472 1.02625
29.8333 35.1667 28.1667 -0.314159 2.36667
33.8333 32.8333 32.5 1.19381 -0.69115
36.1667 35.8333 46.1667 1.61268 0.230383
4.16667 0.5 0.5 0.69115 0.607374
8.16667 30.1667 40.5 2.53422 -0.858702
1.16667 0.833333 4.5 -1.73835 1.82212
4.83333 0.833333 0.833333 2.45044 0.146608
0.833333 2.16667 2.16667 2.49233 1.86401
42.8333 42.5 23.5 0.774926 0.230383
0.833333 0.166667 0.5 -1.69646 0.733038
30.1667 5.16667 20.1667 2.53422 0.607374
7.5 38.8333 39.8333 -1.02625 -3.03687
42.5 10.1667 6.83333 1.27758 -1.9059
0.833333 0.833333 0.5 -1.98968 0.146608
29.8333 24.5 42.5 -0.188496 1.48702
0.833333 0.833333 0.833333 -0.188496 0.0209438
29.1667 25.5 38.1667 1.73835 -1.27758
2.5 0.833333 1.16667 0.0628317 -0.984366
1.83333 2.16667 0.166667 2.32478 0.733038
39.1667 17.8333 21.1667 2.74366 -1.11003
1.5 4.5 0.166667 -0.397935 -0.90059
8.16667 1.83333 43.8333 2.57611 1.36136
42.8333 38.5 13.8333 2.241 1.65457
39.8333 9.16667 48.5 -2.07345 -0.188496
18.5 8.5 12.1667 0.942478 -0.649263
21.5 19.1667 9.16667 2.15723 -1.15192
25.5 37.8333 3.5 0.481711 -3.03687
1.16667 4.16667 0.166667 -1.48702 2.45044
0.5 0.833333 4.5 0.188495 -2.74366
8.5 13.1667 35.5 0.649262 -1.11003
21.5 45.8333 27.8333 -1.48702 2.07345
2.5 1.16667 3.83333 -2.11534 2.11534
48.8333 35.8333 37.5 -0.397935 -2.9531
18.8333 27.8333 11.8333 -1.94779 1.19381
1.83333 12.8333 0.833333 1.19381 -2.82743
2.5 0.166667 3.83333 -1.61268 -0.774926
23.8333 13.5 44.8333 0.146608 -2.82743
45.5 7.16667 26.5 0.774926 -1.31947
15.8333 29.8333 5.83333 -1.5708 2.32478
8.83333 2.16667 11.8333 0.607374 1.15192
2.5 1.83333 0.166667 1.23569 2.28289
16.8333 18.5 0.833333 -0.272271 -0.356047
28.8333 35.5 29.1667 1.9059 -2.82743
31.8333 35.8333 11.5 1.65457 0.649262
2.83333 0.166667 2.5 -0.062832 0.146608
47.5 25.1667 7.16667 -1.98968 -1.86401
31.8333 5.16667 48.8333 -2.28289 0.0628317
36.8333 14.8333 23.8333 0.984366 0.10472
18.5 2.16667 13.5 0.188495 2.70177
2.16667 0.833333 1.83333 -2.61799 2.99498
2.83333 2.16667 0.166667 2.65988 2.74366
5.83333 29.5 39.8333 -1.78024 2.07345
49.5 15.5 47.8333 -2.70177 -0.774926
19.8333 16.5 11.1667 -1.98968 -1.02625
11.1667 2.5 26.8333 1.86401 -2.40855
3.5 3.16667 0.833333 3.03687 -2.65988
10.5 21.5 13.1667 2.74366 -0.523599
1.16667 1.5 2.5 2.61799 2.91121
19.1667 39.5 31.1667 1.15192 -0.649263
48.8333 22.8333 36.5 0.69115 -1.48702
10.1667 31.5 9.83333 -2.70177 0.565487
2.16667 1.16667 1.16667 3.12065 -2.86932
5.83333 4.5 25.1667 2.61799 -2.03156
2.16667 0.166667 0.166667 -2.9531 -2.36667
7.83333 9.16667 42.5 0.90059 -2.61799
13.8333 12.1667 44.1667 -0.272271 -2.9531
0.166667 1.16667 0.166667 1.52891 0.565487
0.5 0.833333 0.5 1.44513 -0.607375
2.5 0.166667 0.166667 0.816814 -0.314159
1.16667 2.5 0.166667 -1.65457 2.82743
44.1667 42.1667 2.83333 -2.28289 1.82212
0.166667 42.8333 26.1667 -1.40324 -1.31947
0.833333 1.5 1.16667 -1.02625 -1.9059
1.16667 0.5 2.16667 0.272271 -0.230384
0.833333 2.16667 1.83333 -0.733038 0.858702
1.5 0.166667 1.83333 0.565487 -0.733038
14.8333 12.1667 34.5 1.86401 -0.397935
49.8333 10.5 31.1667 -1.52891 -2.57611
0.166667 1.83333 0.5 1.15192 -1.86401
1.83333 2.83333 0.166667 -0.356047 -2.53422
27.8333 2.16667 49.8333 -2.07345 -0.984366
40.1667 15.1667 37.1667 -1.44513 -0.607375
17.1667 31.8333 19.8333 -0.942478 -0.230384
2.5 0.5 0.833333 -0.230384 -0.146608
3.5 0.166667 1.16667 0.942478 1.82212
1.16667 0.166667 1.16667 -2.241 0.0628317
34.8333 47.5 5.5 0.0628317 -2.78555
18.8333 23.1667 37.8333 1.36136 1.65457
5.83333 2.83333 47.8333 3.07876 -0.230384
0.5 2.5 0.833333 2.40855 2.82743
2.16667 3.16667 0.166667 1.36136 -0.0209441
40.5 10.5 14.1667 -0.607375 -1.52891
1.16667 4.16667 0.5 -2.86932 1.19381
0.166667 1.16667 1.16667 -0.523599 -1.27758
35.8333 9.83333 17.1667 1.65457 0.0209438
1.83333 2.5 0.166667 0.314159 -0.314159
12.8333 1.5 36.5 -1.48702 -0.523599
0.166667 3.5 0.166667 -1.11003 0.858702
5.83333 1.16667 0.833333 -2.65988 -1.15192
1.16667 1.16667 3.16667 2.11534 -2.70177
1.16667 2.5 4.5 0.816814 2.03156
4.83333 27.8333 44.8333 2.86932 -1.40324
0.833333 1.5 2.5 1.15192 3.07876
39.1667 31.1667 44.5 1.27758 -0.816814
6.5 42.5 34.1667 0.272271 0.272271
1.16667 3.5 0.166667 -2.11534 1.11003
8.5 28.5 13.5 -1.48702 1.65457
15.8333 42.8333 26.8333 0.565487 -2.53422
0.833333 7.16667 0.833333 -0.230384 1.78024
3.5 1.5 0.166667 1.48702 2.32478
0.166667 1.83333 3.83333 1.65457 2.82743
0.833333 1.5 2.83333 1.40324 1.86401
1.16667 0.166667 2.83333 -0.774926 2.74366
0.5 0.5 0.833333 -1.82212 -2.78555
0.166667 0.166667 0.833333 -2.03156 -3.07876
1.16667 0.5 0.5 -0.69115 -2.70177
2.5 0.166667 0.166667 1.36136 1.02625
0.833333 3.5 0.166667 -1.36136 0.481711
21.1667 28.8333 32.5 -2.78555 1.23569
0.166667 1.5 3.16667 0.649262 2.49233
2.16667 0.5 1.16667 2.241 -2.57611
40.1667 26.5 2.16667 -3.12065 -0.481711
14.5 39.1667 24.1667 1.52891 -2.65988
49.1667 5.16667 43.8333 0.188495 -0.90059
40.5 16.5 45.5 0.188495 -0.984366
3.83333 0.166667 0.5 2.19911 0.397935
1.16667 5.5 0.5 0.188495 2.86932
31.1667 16.1667 8.83333 2.36667 1.19381
22.5 8.5 19.1667 -2.03156 -0.272271
0.833333 2.16667 1.16667 -2.70177 -2.19912
0.166667 1.16667 0.166667 -1.44513 -1.9059
0.166667 0.5 0.833333 2.03156 1.5708
18.8333 7.5 4.83333 0.90059 2.45044
37.8333 8.16667 8.16667 -2.9531 3.03687
13.5 9.83333 19.5 0.146608 1.61268
45.1667 38.1667 27.1667 -3.03687 2.07345
4.16667 0.166667 1.5 -1.98968 1.23569
6.83333 20.8333 0.833333 -0.858702 0.607374
0.5 0.166667 1.16667 -2.49233 2.65988
44.5 27.5 10.1667 2.07345 0.649262
19.5 45.8333 40.1667 0.397935 -2.9531
9.5 47.5 37.5 0.984366 2.99498
21.8333 5.5 22.5 0.230383 2.36667
47.1667 22.5 26.5 -1.98968 -0.984366
0.5 0.166667 1.16667 0.984366 -2.49233
29.5 35.1667 42.1667 1.11003 0.649262
3.16667 1.16667 0.166667 -1.11003 -3.07876
0.5 0.166667 3.16667 1.86401 2.57611
0.5 0.833333 0.833333 1.78024 -1.69646
0.166667 1.5 0.166667 0.0628317 0.356047
31.8333 47.1667 3.83333 -0.439823 -1.69646
2.5 1.16667 0.166667 1.02625 -1.94779
0.166667 1.5 1.16667 2.36667 1.73835
2.5 0.166667 3.16667 2.32478 -1.15192
39.1667 41.5 45.8333 1.23569 -2.45044
44.5 33.8333 27.1667 -0.146608 2.91121
2.16667 0.833333 1.16667 -1.31947 3.03687
30.5 14.1667 20.5 1.40324 -2.99499
0.166667 0.166667 1.16667 0.0209438 2.86932
0.166667 1.5 1.16667 -0.90059 2.03156
4.5 15.8333 30.5 -2.74366 -0.272271
0.166667 1.83333 1.5 3.03687 -0.733038
0.833333 0.166667 1.5 -2.11534 -0.523599
41.5 44.1667 8.5 -1.11003 -2.32478
0.166667 1.16667 1.5 -1.65457 1.98968
1.83333 1.83333 1.16667 -0.733038 -1.94779
0.166667 10.1667 19.8333 1.9059 -1.94779
4.16667 17.5 11.5 1.65457 1.06814
0.833333 0.5 2.83333 2.57611 1.73835
17.1667 43.1667 32.1667 2.07345 3.12065
5.83333 36.8333 19.1667 2.28289 -0.942478
10.1667 2.83333 40.1667 3.03687 2.40855
0.833333 0.166667 1.83333 0.10472 3.07876
0.5 0.833333 1.5 1.06814 -2.99499
4.16667 1.16667 0.5 -2.49233 2.241
0.833333 0.833333 0.833333 0.649262 2.19911
0.833333 0.833333 2.16667 1.78024 -1.15192
1.16667 1.16667 0.5 -0.90059 -2.19912
37.5 2.16667 7.5 -0.356047 2.74366
0.833333 1.5 0.166667 -0.314159 -2.91121
34.8333 43.1667 6.83333 -2.53422 -0.397935
43.5 18.1667 28.1667 2.11534 -1.78024
40.5 40.5 1.16667 -1.98968 0.0209438
0.833333 0.5 0.833333 1.36136 1.52891
0.5 1.83333 2.83333 2.15723 1.69646
24.1667 4.16667 31.5 -0.188496 0.188495
38.8333 33.5 30.5 0.439823 2.78555
0.166667 0.833333 3.5 1.9059 -1.98968
35.8333 10.1667 47.5 2.57611 -2.03156
1.16667 0.833333 2.16667 -3.03687 2.9531
16.8333 13.5 38.8333 -2.11534 0.188495
36.8333 10.8333 30.1667 -1.98968 1.40324
4.16667 2.5 0.5 2.36667 -2.36667
0.833333 4.83333 1.5 2.61799 2.57611
0.166667 0.833333 2.16667 0.439823 -2.241
44.8333 16.5 9.83333 -3.03687 2.241
1.83333 0.5 0.833333 1.31947 -1.98968
0.166667 23.8333 5.5 -1.06814 -1.65457
1.16667 0.166667 0.833333 -1.52891 1.78024
0.166667 0.5 1.16667 -1.69646 -3.07876
3.5 1.16667 0.5 -2.28289 1.40324
0.5 3.5 0.833333 1.5708 2.70177
0.5 4.83333 0.166667 -2.9531 2.40855
1.5 27.5 36.8333 -0.565487 -0.858702
1.16667 3.5 2.16667 -2.91121 2.49233
49.5 40.5 42.5 -2.36667 -2.70177
1.16667 3.83333 0.833333 1.36136 3.12065
29.5 21.8333 2.5 0.565487 2.70177
1.16667 7.83333 2.5 -2.19912 2.86932
23.8333 16.1667 1.5 2.9531 -1.19381
21.5 0.5 49.8333 0.439823 -1.02625
5.16667 0.833333 0.5 1.73835 -1.73835
8.83333 49.1667 10.5 0.314159 0.523599
7.5 3.5 0.5 2.45044 2.57611
4.16667 4.16667 1.83333 2.49233 -2.61799
1.16667 3.5 0.5 3.12065 1.69646
3.16667 1.16667 0.166667 -2.78555 -0.188496
3.16667 2.5 0.166667 1.44513 -0.272271
0.833333 2.16667 0.833333 0.942478 1.86401
1.83333 0.5 2.5 1.98968 2.78555
6.5 0.5 0.5 -2.49233 0.69115
0.5 0.166667 5.5 -1.9059 -2.241
40.8333 38.8333 2.16667 -1.98968 2.99498
0.5 2.16667 1.16667 2.40855 2.28289
23.1667 16.1667 4.5 0.10472 -1.94779
3.16667 1.5 1.5 1.69646 2.9531
2.83333 31.5 11.5 3.07876 -2.49233
5.16667 17.5 31.1667 2.36667 2.91121
32.5 41.1667 41.8333 1.86401 -1.31947
12.8333 25.1667 35.5 1.40324 -0.397935
39.5 3.83333 30.8333 -2.40855 1.82212
4.5 1.16667 3.16667 -0.356047 1.52891
4.16667 1.16667 3.16667 0.565487 1.61268
1.5 1.5 1.5 -0.816814 0.565487
42.8333 29.5 46.8333 -0.942478 1.86401
2.5 1.16667 1.5 -1.19381 -1.94779
5.83333 0.5 0.833333 -3.12065 -1.86401
24.8333 36.1667 13.1667 3.03687 0.607374
35.1667 22.8333 37.8333 0.0209438 -0.565487
25.5 25.5 25.8333 -2.61799 -1.23569
15.1667 19.1667 43.8333 -2.07345 1.27758
0.166667 5.83333 1.16667 0.90059 2.74366
3.16667 36.5 7.16667 -0.774926 -2.32478
47.8333 4.83333 49.1667 -0.858702 1.02625
26.1667 39.8333 14.1667 1.78024 1.78024
44.8333 1.83333 18.8333 0.356047 -0.0209441
25.1667 3.83333 11.8333 -0.942478 -0.816814
33.1667 6.16667 37.1667 0.816814 1.19381
26.5 17.1667 36.5 1.73835 0.858702
0.5 1.5 3.16667 -2.78555 -2.15723
14.8333 46.5 12.5 1.06814 -2.78555
2.5 0.833333 0.166667 1.65457 1.5708
0.833333 7.16667 15.8333 0.523599 1.31947
1.83333 2.5 2.16667 -3.07876 2.61799
0.833333 6.5 0.166667 -2.9531 1.61268
32.5 21.1667 49.1667 2.49233 -1.69646
45.1667 31.1667 13.1667 -2.78555 2.49233
0.166667 6.5 0.833333 -2.91121 3.07876
41.1667 32.5 36.5 -1.65457 -0.90059
0.833333 0.166667 3.5 2.57611 3.07876
1.16667 3.16667 1.16667 -2.78555 -1.82212
17.1667 6.5 5.16667 3.03687 0.649262
1.16667 1.83333 0.5 2.9531 0.942478
1.83333 36.8333 21.8333 2.70177 -0.649263
1.5 0.5 0.833333 -1.65457 0.69115
0.833333 1.16667 1.16667 2.91121 2.74366
0.5 2.16667 0.833333 1.5708 -2.91121
0.5 2.5 0.833333 2.15723 1.11003
1.5 1.83333 0.5 -1.06814 -0.356047
0.166667 9.83333 45.5 -0.397935 1.36136
1.16667 1.16667 1.16667 -1.9059 -0.062832
5.5 35.5 29.5 -1.94779 -2.36667
3.16667 43.1667 25.8333 2.19911 2.28289
0.5 1.5 1.83333 -2.15723 -2.28289
15.5 40.8333 9.16667 -2.07345 -1.02625
44.5 7.83333 15.5 -0.816814 -2.70177
31.5 8.5 8.83333 0.397935 -1.82212
11.8333 28.1667 12.1667 2.70177 0.10472
1.16667 9.83333 0.833333 -1.31947 2.28289
39.5 49.5 1.16667 -2.82743 1.61268
4.83333 3.5 0.833333 -1.82212 2.07345
31.8333 19.5 20.8333 0.607374 -2.241
4.16667 34.8333 9.83333 -1.06814 -1.65457
34.8333 28.8333 44.8333 2.241 -0.356047
1.5 4.83333 0.833333 2.78555 0.10472
30.5 40.5 0.166667 1.73835 0.0209438
0.166667 1.5 2.16667 3.07876 0.69115
1.5 0.166667 37.1667 0.188495 -1.27758
3.83333 0.5 0.166667 -0.858702 -2.19912
18.8333 0.833333 20.5 -0.774926 0.607374
0.5 2.83333 0.166667 2.61799 2.36667
37.5 9.16667 37.1667 2.32478 2.49233
2.5 0.5 0.166667 2.57611 -0.565487
27.5 24.5 26.8333 -0.146608 1.94779
0.5 1.16667 0.166667 2.78555 -0.230384
40.1667 39.1667 24.1667 3.03687 -1.69646
30.5 25.8333 39.1667 -0.774926 2.40855
46.5 44.8333 21.8333 -1.69646 0.649262
45.5 49.5 41.8333 2.36667 -0.10472
1.5 33.1667 29.1667 0.858702 -1.36136
45.1667 29.5 7.16667 -0.858702 0.10472
40.5 17.1667 19.1667 1.73835 -0.146608
1.83333 2.5 0.5 -3.07876 2.45044
3.16667 2.83333 0.166667 -1.52891 0.69115
22.8333 1.5 33.1667 1.86401 -3.12065
1.16667 3.16667 0.5 -1.52891 1.06814
0.833333 3.83333 0.833333 -2.74366 -0.942478
35.5 27.8333 1.5 1.65457 1.06814
0.833333 0.833333 1.83333 -1.44513 -0.984366
45.1667 31.8333 6.16667 1.48702 -2.36667
24.1667 45.8333 11.1667 -1.86401 -2.99499
36.1667 35.5 15.1667 1.86401 -0.10472
36.5 23.8333 23.5 1.73835 0.90059
0.5 1.5 2.16667 -1.69646 1.5708
2.16667 2.83333 19.5 -2.49233 2.32478
0.833333 2.16667 0.5 -0.858702 -1.86401
26.8333 2.16667 35.5 1.36136 1.86401
28.8333 19.8333 9.16667 2.32478 0.314159
29.5 37.8333 26.5 -0.0209441 -0.481711
0.166667 1.5 2.16667 2.9531 -0.356047
0.5 0.833333 2.16667 2.9531 1.78024
1.5 0.166667 1.5 -3.03687 -0.858702
0.5 1.83333 0.5 1.61268 -0.816814
0.166667 3.5 0.166667 -1.86401 2.49233
27.5 46.5 40.8333 -1.69646 0.0628317
2.16667 1.5 1.16667 -2.03156 -0.062832
31.1667 47.5 27.5 3.07876 3.03687
12.5 11.1667 26.8333 -2.70177 1.23569
0.833333 2.83333 1.5 1.5708 -1.61268
47.5 12.8333 27.5 2.91121 1.69646
1.83333 3.5 0.166667 -0.146608 0.649262
5.83333 21.1667 9.16667 -2.53422 -2.70177
43.1667 15.8333 2.83333 2.45044 -0.816814
23.8333 1.83333 11.1667 3.07876 0.314159
2.5 40.1667 34.5 -0.439823 -1.86401
46.5 12.5 17.1667 0.523599 -2.70177
0.5 0.166667 2.83333 -0.10472 -0.733038
1.5 0.166667 1.16667 1.65457 2.57611
0.833333 0.166667 0.833333 -1.98968 -1.48702
0.833333 1.16667 0.166667 -2.91121 2.65988
0.166667 0.833333 0.5 1.98968 1.82212
18.5 29.1667 44.1667 1.02625 1.15192
1.16667 0.833333 0.166667 -1.94779 0.69115
39.1667 40.8333 11.1667 -0.816814 0.816814
3.83333 0.166667 1.16667 0.774926 2.28289
1.5 3.5 2.5 -1.78024 2.53422
1.83333 4.16667 0.5 -3.12065 -1.98968
0.5 4.83333 2.16667 -2.19912 2.82743
0.833333 2.5 1.16667 -2.86932 -0.314159
47.5 3.5 40.5 2.65988 0.439823
11.1667 48.8333 5.16667 0.649262 3.07876
12.1667 48.5 10.8333 2.65988 2.86932
28.5 26.5 2.83333 1.82212 2.45044
0.5 4.16667 0.166667 -2.19912 -2.53422
2.83333 1.16667 0.166667 2.82743 -1.82212
3.16667 0.833333 0.166667 2.07345 -1.36136
7.83333 12.5 10.5 -1.02625 -0.816814
3.83333 2.83333 0.166667 -1.52891 2.32478
2.5 0.833333 1.83333 3.07876 -2.15723
1.16667 2.5 0.5 -1.69646 1.11003
0.166667 0.166667 1.16667 -2.28289 -0.272271
2.16667 0.833333 0.5 0.607374 0.816814
41.8333 21.5 0.5 -3.03687 3.12065
33.5 43.5 16.1667 -1.31947 2.57611
1.83333 3.5 0.5 0.523599 2.45044
18.1667 18.5 12.8333 -2.57611 -1.52891
7.16667 22.5 22.1667 2.28289 1.11003
1.83333 0.5 0.166667 -0.230384 0.314159
7.16667 49.1667 45.1667 2.28289 -2.9531
31.1667 41.1667 4.83333 -1.5708 -2.9531
0.166667 0.5 4.16667 -2.9531 0.69115
34.5 42.1667 40.5 -2.49233 -0.984366
40.5 27.1667 20.5 -2.78555 -1.15192
1.16667 2.83333 0.5 1.82212 1.19381
0.166667 0.5 2.16667 2.70177 2.9531
30.1667 21.8333 15.1667 2.70177 0.230383
21.5 1.5 15.8333 -0.439823 -2.74366
9.5 22.8333 49.8333 -2.99499 -2.07345
39.1667 11.5 7.16667 1.02625 -1.61268
0.166667 0.833333 2.5 -0.397935 -1.98968
39.5 23.8333 17.5 -0.984366 0.733038
0.166667 1.16667 0.5 -0.10472 2.99498
1.5 0.5 1.16667 2.32478 2.86932
0.166667 2.16667 0.833333 1.61268 0.523599
0.166667 0.166667 1.16667 1.82212 -1.02625
28.5 14.5 20.8333 -0.188496 0.942478
0.5 0.166667 0.166667 2.45044 -0.230384
4.83333 4.16667 0.5 -2.11534 1.11003
0.833333 0.833333 4.83333 0.69115 -2.15723
2.83333 0.5 0.166667 1.11003 1.06814
47.5 8.5 33.1667 -2.74366 -0.188496
11.1667 36.1667 14.5 -0.858702 0.272271
6.83333 4.16667 0.166667 3.03687 2.49233
0.5 5.16667 1.83333 2.99498 1.98968
1.83333 2.83333 1.5 1.65457 2.91121
11.8333 21.8333 41.1667 1.15192 -0.356047
7.5 3.5 14.1667 2.36667 1.11003
14.1667 2.83333 5.5 -1.52891 1.02625
3.16667 2.16667 1.83333 -2.78555 1.78024
14.8333 9.5 42.8333 1.27758 1.19381
37.1667 24.1667 2.16667 1.73835 -1.48702
5.16667 1.16667 1.5 -2.9531 -2.99499
2.5 5.5 0.833333 -2.91121 2.70177
46.5 25.5 20.8333 0.314159 -0.146608
40.5 31.1667 48.5 -2.11534 3.03687
2.83333 4.16667 1.83333 -3.03687 -2.11534
23.8333 11.1667 31.5 -0.69115 -2.241
40.5 5.83333 49.5 0.272271 1.65457
0.166667 5.83333 3.83333 2.91121 1.9059
36.8333 1.83333 22.1667 -1.48702 2.49233
1.83333 22.5 33.8333 -2.9531 1.86401
0.166667 3.5 0.5 -1.73835 3.03687
1.16667 1.83333 0.166667 2.74366 -3.03687
0.833333 0.5 0.166667 1.11003 1.69646
3.5 3.16667 1.16667 -2.57611 2.40855
1.5 1.16667 2.16667 -0.565487 2.40855
9.83333 45.5 23.8333 1.27758 -1.27758
43.8333 39.5 20.5 -0.607375 0.90059
0.5 0.5 1.83333 2.36667 -1.36136
27.1667 31.1667 21.1667 0.439823 -2.61799
2.5 1.16667 1.16667 -0.356047 3.07876
37.8333 25.5 20.5 -1.73835 1.27758
38.1667 34.1667 32.5 -0.397935 -0.523599
19.1667 17.8333 14.8333 3.07876 1.31947
2.16667 0.5 2.5 2.28289 -0.356047
5.16667 0.5 0.833333 -1.5708 2.15723
0.166667 5.5 2.16667 1.23569 -2.91121
0.5 2.83333 2.16667 -1.9059 -2.86932
0.166667 2.16667 3.5 -0.565487 -2.70177
0.833333 5.16667 0.5 2.91121 -2.28289
28.5 27.5 2.5 2.57611 3.07876
15.8333 34.1667 36.8333 1.36136 -1.40324
7.83333 44.5 31.1667 -1.02625 0.0209438
17.1667 23.8333 10.5 -0.146608 0.481711
3.16667 4.5 0.166667 1.65457 1.98968
0.166667 0.833333 0.5 2.36667 1.82212
2.16667 0.833333 0.166667 -2.28289 -1.11003
1.16667 0.833333 0.5 2.07345 3.12065
1.16667 0.833333 0.166667 2.36667 -2.57611
18.1667 26.1667 42.5 1.11003 -0.942478
3.5 0.5 0.166667 2.86932 1.23569
34.5 34.8333 15.1667 2.9531 1.65457
38.1667 40.8333 31.1667 -1.86401 1.5708
0.833333 2.16667 2.16667 -2.57611 2.19911
5.83333 12.1667 26.8333 -1.94779 0.733038
0.833333 2.5 2.16667 3.03687 -2.91121
5.16667 1.16667 0.166667 -2.65988 2.9531
45.5 31.5 43.5 -3.07876 -0.10472
4.83333 2.5 2.83333 -2.36667 -1.65457
1.5 2.16667 5.16667 -1.78024 2.74366
4.83333 33.1667 15.8333 -1.69646 -1.9059
0.833333 2.5 2.5 2.19911 -2.99499
2.5 1.16667 0.833333 2.53422 2.19911
27.8333 35.8333 19.1667 -1.31947 1.52891
31.1667 22.5 49.1667 1.40324 -2.74366
0.166667 1.5 3.16667 0.356047 2.9531
1.5 3.83333 0.833333 2.9531 -1.86401
3.16667 1.83333 0.5 -2.19912 2.65988
0.5 2.16667 3.83333 1.94779 -2.57611
3.16667 17.1667 3.16667 -0.439823 2.19911
31.1667 10.5 20.1667 1.52891 2.28289
35.5 11.5 36.5 0.607374 2.9531
4.16667 4.16667 0.5 -2.86932 2.65988
2.83333 7.83333 0.166667 -2.45044 -2.07345
0.166667 0.166667 7.16667 1.06814 1.5708
23.8333 46.1667 9.5 -2.61799 0.649262
46.1667 30.1667 23.1667 -2.11534 -0.69115
2.83333 2.5 0.166667 1.78024 -2.82743
2.83333 2.5 2.16667 1.44513 2.241
23.8333 11.5 4.16667 -2.36667 2.28289
0.5 4.83333 1.5 -2.91121 -1.31947
1.5 1.16667 0.5 -2.28289 -1.48702
23.8333 23.5 28.5 0.607374 -2.36667
25.5 40.1667 20.5 -1.02625 -3.07876
0.166667 12.8333 28.5 -0.356047 0.523599
1.16667 6.5 19.5 0.356047 -0.146608
40.8333 38.1667 21.8333 0.942478 -0.565487
2.5 4.16667 0.833333 -2.57611 -2.40855
34.5 1.5 11.1667 -0.062832 2.36667
5.16667 15.8333 38.5 -2.19912 -1.9059
15.5 5.16667 25.5 0.314159 1.78024
40.5 37.1667 21.1667 2.57611 -1.23569
2.5 2.83333 0.166667 2.91121 -0.397935
27.1667 3.83333 9.5 0.0628317 0.649262
0.5 2.16667 0.5 1.86401 2.36667
0.5 1.16667 1.83333 -1.73835 0.816814
1.83333 0.5 0.166667 -0.481711 -1.11003
0.166667 0.833333 0.833333 1.9059 0.230383
0.166667 0.5 0.166667 0.397935 -1.40324
1.83333 27.5 13.8333 2.11534 1.73835
46.5 21.8333 5.83333 -2.78555 -1.06814
1.16667 1.16667 0.166667 -1.86401 -2.36667
2.16667 2.16667 0.166667 2.11534 -0.272271
4.5 0.166667 0.833333 -2.86932 2.86932
45.5 20.8333 29.8333 -2.9531 1.48702
3.83333 0.833333 0.5 2.07345 -2.28289
1.16667 2.5 2.83333 0.733038 2.241
25.8333 18.1667 35.1667 1.23569 1.78024
0.5 0.5 1.5 2.241 2.99498
0.166667 0.833333 2.5 -0.397935 -2.53422
1.16667 0.5 1.16667 2.32478 -2.36667
0.833333 4.83333 0.166667 2.65988 -1.98968
0.5 3.83333 0.5 2.70177 2.241
4.83333 0.5 1.16667 -1.98968 1.61268
0.833333 2.83333 4.5 -0.858702 3.03687
35.8333 15.1667 34.8333 -0.649263 3.03687
20.8333 18.1667 38.8333 -0.062832 2.74366
0.833333 4.16667 1.16667 1.44513 2.32478
2.83333 0.166667 1.5 -1.27758 -1.48702
4.5 1.83333 0.166667 2.57611 1.9059
44.1667 23.5 27.5 -0.188496 2.70177
35.1667 15.5 29.8333 -1.02625 -0.314159
31.1667 27.8333 40.5 -0.523599 -1.11003
30.1667 1.16667 15.1667 0.272271 1.9059
1.5 2.5 1.16667 -2.91121 2.32478
29.1667 17.1667 37.5 0.733038 -2.61799
4.5 2.16667 13.5 -3.03687 -0.397935
30.1667 9.83333 16.5 -1.40324 -1.78024
0.833333 3.83333 0.833333 -2.241 2.86932
3.5 5.83333 35.8333 1.78024 1.86401
20.1667 22.5 27.5 -2.36667 -0.733038
13.5 32.8333 19.8333 -2.11534 0.314159
34.8333 13.5 36.1667 0.816814 2.15723
4.5 0.166667 1.16667 -1.15192 -1.94779
46.1667 9.5 18.1667 -2.03156 -0.90059
0.5 2.16667 3.5 -1.94779 2.241
6.5 3.83333 1.16667 -2.57611 -0.272271
25.5 9.83333 27.5 -1.5708 0.314159
26.8333 0.833333 24.5 -2.07345 2.19911
47.8333 10.5 2.5 1.40324 2.45044
46.5 30.1667 15.8333 -0.649263 -0.481711
2.16667 9.16667 4.16667 -2.07345 -2.07345
4.5 1.16667 1.83333 2.57611 -0.858702
27.1667 29.5 29.1667 1.98968 -1.15192
8.5 26.8333 8.83333 -1.40324 -2.03156
48.1667 30.5 45.5 1.52891 1.40324
1.16667 1.83333 1.16667 1.06814 2.03156
29.1667 38.1667 47.1667 0.90059 1.15192
2.83333 0.166667 2.5 1.98968 -1.44513
0.5 1.16667 0.5 -0.774926 -1.27758
0.166667 2.5 0.166667 -3.03687 -1.78024
37.5 7.83333 45.1667 -2.49233 2.74366
11.1667 37.1667 23.5 -2.9531 -1.78024
23.1667 43.1667 40.1667 1.44513 2.91121
24.8333 12.1667 31.8333 -2.15723 -2.70177
0.5 1.16667 0.166667 1.5708 1.40324
0.166667 0.5 0.166667 -0.90059 -2.40855
33.8333 7.16667 39.1667 -1.06814 -0.146608
7.83333 16.5 10.5 2.99498 -1.44513
0.5 0.833333 0.166667 1.40324 2.40855
0.166667 6.83333 0.5 -0.481711 1.73835
4.16667 5.83333 1.5 3.03687 2.28289
0.833333 8.16667 1.83333 -3.03687 -2.9531
1.16667 22.5 24.1667 -1.9059 2.70177
1.5 24.5 10.1667 2.241 2.45044
7.16667 48.1667 16.8333 1.11003 -1.78024
6.5 4.16667 0.166667 -2.70177 -1.23569
0.5 0.833333 6.83333 2.82743 -3.12065
32.5 14.1667 16.1667 1.73835 -2.65988
8.83333 27.5 9.83333 3.12065 0.649262
21.8333 9.5 17.8333 2.28289 -2.65988
17.8333 16.5 27.5 -2.65988 0.858702
0.5 12.8333 38.8333 -2.70177 1.06814
16.1667 35.8333 16.5 0.523599 -2.65988
10.5 25.8333 41.8333 1.9059 0.439823
8.5 1.16667 0.166667 2.49233 -2.78555
0.5 2.83333 4.5 2.53422 -2.61799
5.16667 2.83333 0.166667 2.91121 2.45044
30.8333 38.5 14.5 -1.23569 -0.816814
28.5 28.5 26.1667 1.48702 -2.40855
4.16667 0.166667 0.166667 1.61268 -0.272271
21.1667 8.16667 25.8333 -0.90059 -1.40324
1.16667 2.16667 2.16667 -0.0209441 2.03156
0.166667 0.833333 3.16667 1.94779 0.439823
1.16667 1.16667 4.5 -1.11003 1.98968
11.1667 49.1667 31.1667 -1.65457 0.356047
34.5 1.16667 45.1667 2.36667 -0.356047
35.5 35.8333 8.5 -1.15192 1.48702
0.5 4.83333 0.833333 1.94779 -2.28289
46.5 10.8333 31.8333 -0.397935 -2.07345
38.1667 35.8333 45.5 -1.31947 -2.61799
34.5 6.16667 30.8333 -1.78024 -1.9059
8.83333 38.8333 20.1667 2.70177 -0.816814
12.1667 3.5 34.8333 -1.23569 1.48702
27.8333 32.8333 1.5 1.5708 0.858702
1.16667 0.5 1.5 -3.12065 2.86932
0.166667 1.16667 1.5 1.65457 1.52891
34.8333 36.8333 1.16667 2.49233 0.397935
42.1667 27.8333 38.8333 2.61799 -1.65457
0.833333 0.833333 1.16667 0.816814 -2.03156
14.5 32.1667 28.8333 1.86401 0.69115
24.5 22.5 34.5 2.53422 2.28289
0.5 0.5 2.16667 -1.65457 0.0628317
1.5 0.5 0.166667 1.98968 0.272271
12.1667 9.83333 1.16667 0.816814 1.86401
40.5 3.83333 26.8333 0.230383 2.45044
30.8333 0.833333 33.5 1.44513 -1.36136
1.16667 0.166667 0.833333 -2.28289 -0.272271
7.83333 30.8333 47.1667 1.19381 2.19911
46.5 15.5 37.8333 -0.816814 -2.19912
27.5 33.8333 19.5 -0.733038 -2.11534
1.83333 0.5 1.16667 -2.07345 2.82743
5.16667 3.83333 40.8333 2.15723 1.44513
0.833333 0.5 3.16667 -2.91121 0.397935
2.5 32.8333 43.8333 2.86932 0.146608
0.833333 1.83333 1.5 -0.942478 -0.565487
12.8333 27.5 48.5 -1.73835 -0.649263
21.1667 47.1667 45.1667 0.607374 -1.82212
0.833333 0.5 2.83333 -1.11003 1.48702
15.8333 37.5 17.5 -0.816814 -1.98968
2.16667 0.5 0.5 1.73835 -0.69115
34.5 9.83333 19.5 0.649262 -2.241
12.5 15.8333 13.5 1.94779 1.61268
3.5 44.5 45.5 -2.49233 1.9059
2.16667 0.5 0.5 -2.86932 -1.44513
0.166667 3.5 3.83333 3.03687 3.07876
49.5 1.83333 8.16667 2.11534 -3.07876
39.1667 31.1667 0.5 -0.565487 1.27758
2.5 18.8333 32.8333 1.52891 1.69646
1.5 1.5 0.833333 1.73835 0.314159
36.8333 36.1667 24.5 -0.230384 -1.94779
0.5 0.833333 1.16667 -0.272271 0.272271
1.5 27.5 40.8333 -0.272271 0.733038
0.833333 2.16667 0.5 -0.314159 0.649262
0.166667 2.83333 2.16667 2.40855 -1.31947
4.16667 25.5 39.5 -2.70177 0.10472
2.5 0.166667 1.16667 2.28289 2.74366
1.5 0.833333 1.5 -1.11003 2.49233
4.5 0.5 1.83333 -2.03156 -1.5708
0.166667 4.16667 3.83333 2.11534 -3.12065
30.1667 24.8333 22.5 2.241 -1.78024
5.83333 29.5 32.8333 -1.82212 0.0628317
1.5 4.16667 0.5 -3.03687 -2.86932
43.8333 14.1667 4.16667 -1.73835 -2.11534
44.5 27.5 31.1667 3.12065 -0.565487
13.1667 4.5 30.8333 -2.19912 1.11003
0.166667 2.16667 4.83333 -3.07876 2.53422
1.83333 0.833333 0.166667 1.98968 -2.45044
23.1667 10.1667 7.16667 2.9531 -1.48702
19.1667 9.16667 6.5 -2.40855 -1.15192
1.16667 0.5 0.5 0.314159 2.53422
9.83333 12.5 24.5 1.11003 -0.90059
6.16667 1.5 22.5 -2.9531 1.36136
2.83333 26.5 41.5 -1.36136 0.356047
1.16667 0.833333 1.5 -2.91121 2.65988
0.166667 1.5 0.166667 2.19911 0.0628317
44.5 10.5 26.8333 0.10472 -1.11003
11.5 4.83333 49.1667 -1.73835 -0.397935
1.83333 1.5 0.166667 -2.45044 -2.28289
48.5 49.1667 45.1667 0.733038 3.03687
0.166667 1.16667 1.5 0.188495 1.94779
14.1667 17.1667 36.5 1.15192 -2.11534
0.5 0.5 0.5 0.481711 2.65988
0.166667 0.166667 0.833333 -2.241 -1.9059
2.5 3.5 2.5 -2.86932 2.40855
0.5 4.5 0.5 -1.44513 -1.94779
1.16667 14.1667 44.8333 0.10472 -0.356047
2.16667 4.5 0.166667 -2.53422 1.69646
38.8333 1.83333 49.5 1.31947 -2.86932
10.5 10.5 6.16667 2.49233 -0.69115
1.16667 2.5 1.5 2.78555 2.07345
32.1667 26.5 22.5 -2.70177 -0.942478
0.166667 4.16667 0.833333 2.15723 2.91121
30.1667 14.5 4.5 1.23569 -2.74366
4.16667 0.166667 0.5 -0.481711 -2.03156
1.83333 25.5 0.833333 -2.03156 -0.272271
29.1667 9.5 8.16667 2.70177 -1.19381
1.16667 3.5 0.166667 3.12065 2.65988
13.1667 31.1667 15.1667 1.48702 -0.272271
37.8333 35.1667 25.5 3.07876 1.31947
0.833333 5.5 0.166667 2.99498 2.40855
0.166667 0.166667 5.5 -0.69115 -1.86401
5.83333 0.833333 0.166667 -1.78024 0.439823
1.5 0.166667 2.83333 -1.52891 -1.23569
3.83333 44.5 17.1667 -2.40855 2.07345
4.5 1.83333 0.166667 -0.984366 1.98968
21.8333 7.5 44.8333 2.65988 1.36136
11.5 39.1667 6.83333 -1.40324 1.5708
2.5 0.166667 0.166667 -0.607375 1.23569
4.16667 28.5 14.8333 1.15192 1.40324
3.83333 8.16667 34.5 1.65457 -1.27758
0.833333 0.833333 1.5 -1.65457 1.69646
1.5 0.166667 0.833333 2.99498 2.49233
38.1667 37.8333 49.8333 -1.40324 -2.91121
1.83333 1.16667 0.166667 -2.36667 -0.858702
0.166667 0.5 3.5 1.02625 -2.78555
13.5 0.833333 38.1667 2.70177 -0.397935
1.83333 1.5 0.5 3.12065 -2.19912
2.16667 1.83333 0.166667 0.984366 0.10472
0.166667 1.16667 2.16667 -1.78024 1.15192
38.8333 35.1667 10.1667 -2.99499 -1.15192
36.8333 47.5 28.5 -0.272271 -0.188496
0.5 4.5 0.833333 3.03687 2.45044
5.16667 0.166667 1.83333 -2.28289 -2.19912
23.5 3.16667 4.83333 -0.0209441 0.607374
1.5 1.16667 3.83333 -1.65457 2.9531
1.16667 2.83333 0.833333 3.07876 -2.74366
0.833333 1.5 0.166667 1.23569 1.40324
0.166667 0.5 0.166667 2.99498 2.9531
20.1667 12.5 45.1667 0.272271 -1.78024
2.83333 19.5 17.1667 -2.86932 -2.78555
1.16667 0.5 0.5 -0.439823 0.10472
0.833333 3.16667 0.833333 -1.69646 2.53422
1.16667 0.166667 2.5 -0.816814 -1.73835
1.16667 0.833333 4.16667 -3.03687 -0.10472
1.5 2.83333 0.166667 -0.356047 -2.40855
26.1667 4.5 47.8333 -0.565487 -1.52891
1.16667 2.83333 0.5 2.9531 2.86932
22.8333 22.1667 44.1667 1.94779 0.565487
48.1667 39.5 12.8333 -2.28289 -1.23569
0.166667 1.83333 0.166667 1.82212 -2.91121
27.8333 10.5 31.5 2.61799 1.23569
9.83333 19.8333 46.5 -2.70177 0.188495
18.8333 6.16667 39.1667 0.439823 3.03687
0.166667 0.166667 0.833333 -0.314159 3.03687
45.5 49.5 30.5 1.19381 1.98968
30.5 31.1667 17.5 -1.02625 -3.12065
21.5 32.5 44.5 -3.12065 1.02625
3.83333 1.83333 0.166667 -1.78024 0.0628317
1.16667 0.166667 1.5 -1.61268 -0.0209441
0.5 0.833333 1.5 1.82212 -0.062832
32.1667 27.1667 49.1667 -1.86401 0.356047
6.83333 2.5 0.5 -1.98968 2.40855
24.5 41.1667 16.8333 -1.23569 -1.31947
2.83333 6.5 0.166667 -3.12065 2.03156
0.166667 3.5 1.83333 0.397935 1.9059
13.8333 35.5 9.5 -1.06814 -0.816814
47.8333 46.8333 14.8333 2.86932 -1.06814
0.833333 1.83333 2.83333 -1.73835 -1.48702
34.8333 42.1667 47.5 -1.44513 1.5708
34.8333 17.5 19.5 -2.241 -1.31947
1.16667 0.166667 3.83333 -0.0209441 0.146608
31.5 10.8333 15.5 1.23569 -1.86401
0.5 2.5 0.166667 2.86932 1.06814
36.1667 48.8333 4.16667 0.523599 1.40324
2.5 7.83333 0.166667 -2.82743 2.70177
37.1667 35.1667 7.5 -1.9059 -1.15192
34.5 28.8333 12.8333 1.94779 1.65457
3.83333 5.83333 2.5 2.49233 -2.32478
1.83333 5.16667 1.5 -2.99499 2.78555
22.5 12.1667 29.8333 2.36667 2.45044
19.5 1.16667 49.1667 -1.23569 -1.82212
35.1667 48.1667 18.5 1.94779 -1.48702
30.5 26.1667 31.5 -1.65457 2.78555
4.16667 46.8333 19.8333 2.70177 -1.44513
23.1667 1.16667 20.5 0.439823 0.188495
35.5 18.1667 48.8333 2.9531 2.57611
31.1667 48.5 40.8333 2.74366 1.78024
0.833333 4.16667 1.5 -2.57611 -2.11534
34.5 13.8333 37.5 -0.230384 1.36136
1.83333 0.166667 3.16667 2.28289 2.32478
24.5 13.1667 13.1667 2.99498 1.69646
23.8333 25.5 22.5 1.52891 -2.99499
31.1667 14.1667 49.1667 -1.02625 2.28289
0.166667 1.83333 2.16667 -2.11534 -2.07345
2.5 1.83333 2.16667 -3.03687 2.78555
4.5 0.833333 1.16667 2.86932 -1.52891
2.83333 1.83333 2.5 0.10472 1.69646
29.5 48.1667 13.1667 1.19381 -0.481711
6.16667 48.8333 23.1667 -1.27758 -1.48702
0.166667 1.5 0.5 2.40855 1.9059
38.8333 13.8333 25.5 -1.27758 -3.12065
19.8333 12.5 38.8333 -1.98968 -0.607375
45.8333 9.16667 19.5 2.57611 -0.10472
3.5 6.16667 0.166667 2.91121 1.98968
0.833333 2.5 3.16667 -0.272271 2.36667
14.8333 22.8333 37.1667 1.82212 -1.69646
24.5 21.8333 30.5 1.5708 2.49233
1.5 2.83333 0.5 2.15723 2.36667
1.16667 1.16667 1.5 -2.9531 1.44513
49.8333 14.8333 48.5 -2.99499 2.9531
0.833333 0.166667 2.16667 -0.523599 1.36136
33.5 36.8333 19.5 -0.90059 2.78555
0.166667 1.16667 1.5 -2.82743 -2.45044
1.16667 2.83333 0.166667 1.27758 -1.5708
0.166667 3.83333 0.833333 0.942478 1.9059
47.8333 43.1667 46.5 1.98968 -0.607375
0.5 0.5 1.5 -1.78024 -0.69115
24.5 15.8333 4.16667 -3.03687 -2.49233
42.8333 22.5 46.5 2.86932 1.19381
42.8333 30.5 1.83333 -1.73835 0.607374
3.16667 0.5 0.166667 -0.69115 -0.649263
7.5 0.166667 0.166667 -1.06814 -1.36136
0.833333 1.5 4.16667 0.607374 2.70177
44.8333 20.1667 46.1667 -1.94779 1.52891
4.16667 0.5 0.833333 2.49233 2.86932
0.166667 1.16667 3.5 2.86932 -2.91121
5.5 0.166667 1.16667 2.86932 -0.523599
11.8333 11.5 33.5 -1.06814 0.230383
39.8333 2.5 6.83333 -1.86401 -2.28289
8.5 20.5 21.8333 -2.74366 -0.607375
0.833333 0.166667 2.83333 -0.565487 2.28289
0.5 0.166667 1.5 -1.9059 -1.44513
11.1667 22.8333 18.1667 2.78555 0.146608
21.5 4.16667 7.5 1.11003 1.44513
0.833333 1.5 0.5 -2.99499 1.69646
1.83333 0.5 1.16667 -1.94779 0.272271
1.16667 1.16667 1.16667 -1.61268 -0.984366
0.166667 1.5 0.5 -1.82212 2.61799
1.16667 0.166667 0.833333 2.28289 0.439823
0.833333 0.166667 0.5 -1.31947 -1.06814
3.5 0.166667 0.166667 2.78555 2.57611
36.8333 34.1667 22.5 -0.230384 -0.733038
2.5 4.16667 0.5 -1.9059 -2.36667
32.1667 40.8333 24.5 -2.65988 -1.5708
34.1667 48.8333 6.5 -2.32478 -1.9059
4.16667 0.166667 3.16667 2.70177 -2.57611
1.83333 0.5 3.16667 -1.69646 1.36136
2.16667 0.5 2.5 -0.733038 1.73835
0.5 46.1667 18.1667 -2.70177 1.82212
1.16667 3.16667 2.16667 -0.984366 2.28289
2.16667 4.16667 0.5 -2.53422 -1.98968
2.16667 4.5 3.83333 2.53422 1.98968
1.5 1.16667 1.16667 -2.86932 -1.36136
0.166667 2.5 0.5 3.03687 2.61799
48.5 4.83333 29.5 0.733038 -0.481711
25.8333 19.5 21.1667 2.49233 0.858702
1.16667 1.83333 2.5 -1.65457 2.99498
0.833333 1.83333 1.16667 3.07876 -2.91121
0.833333 7.83333 4.16667 -1.9059 2.28289
3.16667 6.16667 0.5 2.07345 2.07345
0.5 1.5 5.83333 1.06814 -2.9531
0.833333 4.83333 0.166667 -0.314159 -2.49233
0.166667 0.833333 0.166667 2.91121 0.0209438
1.5 0.5 0.5 -2.82743 1.11003
22.5 25.5 11.1667 0.816814 0.397935
2.5 6.83333 1.5 -2.99499 -2.19912
1.83333 4.16667 1.16667 -1.82212 -2.9531
1.83333 0.5 2.16667 -2.65988 -1.94779
33.1667 45.8333 25.5 -1.94779 -1.5708
0.833333 0.833333 0.5 2.49233 1.5708
3.83333 46.8333 16.8333 -2.57611 -0.858702
30.8333 22.8333 3.5 2.49233 -0.0209441
31.5 2.83333 29.1667 -1.19381 -2.74366
8.16667 1.16667 34.5 -2.9531 -1.61268
27.1667 49.1667 42.5 1.23569 -2.15723
32.8333 25.8333 48.5 1.31947 -2.45044
41.1667 13.8333 9.16667 -0.649263 -0.481711
0.5 0.5 1.16667 -2.11534 2.19911
0.166667 0.166667 1.83333 1.98968 2.49233
0.833333 0.166667 1.16667 -2.36667 3.12065
1.5 0.166667 0.166667 -2.15723 -0.69115
0.833333 1.5 0.166667 -0.733038 1.52891
7.83333 36.5 38.8333 -1.61268 -1.27758
5.16667 2.16667 0.166667 3.12065 -2.11534
0.5 3.5 3.83333 2.40855 2.45044
4.5 40.8333 1.16667 -0.816814 -2.86932
41.5 28.1667 32.8333 0.816814 -2.03156
32.5 7.5 23.5 -1.02625 -0.733038
0.5 5.16667 3.83333 -2.241 3.07876
49.1667 12.1667 43.5 -1.06814 1.65457
2.16667 6.83333 0.166667 3.12065 0.481711
24.8333 26.1667 34.1667 -1.5708 0.397935
2.5 4.5 0.166667 2.19911 2.91121
5.16667 0.833333 0.166667 -2.19912 1.27758
0.166667 5.16667 2.5 -1.31947 3.12065
2.5 3.83333 0.166667 2.70177 1.27758
1.5 1.16667 1.5 1.06814 1.52891
0.166667 1.5 0.833333 -0.942478 -1.5708
24.1667 24.8333 22.8333 2.19911 0.984366
43.1667 45.1667 40.1667 -0.0209441 1.19381
22.8333 5.16667 16.1667 1.40324 1.11003
6.83333 28.8333 18.8333 1.5708 -2.36667
2.16667 1.5 0.166667 -1.73835 2.28289
0.5 0.166667 4.16667 2.11534 2.74366
0.5 3.16667 0.5 -0.858702 3.03687
2.83333 3.5 0.5 0.188495 1.82212
9.83333 21.1667 15.8333 -2.241 2.36667
22.1667 29.8333 8.83333 -2.74366 1.36136
1.16667 2.16667 0.833333 -1.15192 -0.733038
0.5 0.166667 3.5 -0.314159 2.32478
8.5 25.8333 7.83333 -0.230384 0.146608
0.833333 0.5 2.83333 -1.48702 -1.78024
1.16667 25.1667 48.1667 2.74366 -0.90059
18.8333 47.8333 17.8333 -0.523599 1.78024
19.8333 38.1667 42.1667 -0.523599 2.11534
35.5 23.5 33.5 1.98968 1.86401
23.5 37.1667 24.5 -0.314159 -2.32478
33.8333 1.83333 42.5 2.49233 0.733038
4.16667 1.83333 2.83333 -2.57611 -2.11534
0.833333 6.16667 0.833333 -0.146608 1.27758
0.5 2.5 0.166667 1.9059 -1.98968
0.166667 3.83333 0.166667 -1.27758 2.78555
1.83333 18.5 15.1667 -1.86401 -0.69115
0.5 0.166667 3.83333 -0.69115 2.61799
0.5 2.5 1.5 2.07345 -1.5708
46.5 7.16667 33.8333 -0.230384 -2.32478
23.1667 18.5 36.1667 2.65988 0.146608
1.5 1.16667 0.5 2.99498 2.91121
6.16667 1.5 0.5 -3.12065 -1.06814
37.5 12.8333 17.5 1.31947 0.188495
41.5 31.8333 45.1667 -1.73835 -0.230384
0.5 0.5 5.16667 0.90059 2.19911
11.8333 37.5 11.5 -2.32478 -1.06814
35.1667 44.5 0.5 1.65457 -2.19912
0.833333 3.83333 1.16667 2.78555 2.86932
35.1667 0.5 1.83333 -1.73835 0.984366
7.5 0.833333 0.166667 -2.53422 1.69646
0.166667 1.83333 0.833333 2.28289 2.03156
46.5 36.1667 9.16667 2.36667 -2.99499
1.5 3.83333 0.5 -2.82743 -0.439823
49.8333 18.5 43.5 1.73835 -1.27758
22.8333 34.5 24.8333 -0.984366 -0.481711
14.8333 22.1667 3.16667 1.9059 -0.481711
1.5 1.5 3.16667 -0.984366 -1.82212
0.166667 41.1667 19.1667 1.69646 2.07345
10.8333 21.1667 29.5 -0.481711 -2.49233
4.16667 0.166667 0.166667 -0.565487 -0.816814
5.16667 27.1667 43.5 1.31947 -0.0209441
23.5 27.5 33.5 2.45044 2.61799
25.5 0.833333 7.5 2.241 3.07876
27.1667 6.5 9.5 2.28289 0.356047
0.166667 4.16667 1.16667 -2.40855 2.19911
43.5 16.1667 34.1667 -1.36136 3.03687
6.5 0.166667 0.166667 2.99498 1.61268
29.8333 31.8333 16.5 1.86401 -2.53422
19.1667 42.5 11.8333 0.942478 -0.69115
4.83333 34.8333 36.5 2.36667 1.15192
37.1667 41.8333 5.16667 -1.52891 -2.32478
3.16667 6.5 0.166667 -2.9531 2.91121
2.83333 0.833333 0.5 -2.74366 1.02625
22.5 1.5 8.83333 1.36136 2.65988
21.8333 49.8333 30.1667 1.94779 2.07345
1.83333 1.5 3.5 -1.44513 1.65457
31.5 3.83333 18.1667 0.188495 2.57611
19.1667 5.16667 24.8333 3.03687 -2.40855
4.5 0.833333 0.833333 1.61268 -2.11534
1.83333 1.83333 2.83333 1.52891 2.53422
0.833333 2.83333 0.166667 2.99498 0.649262
2.83333 6.83333 3.83333 -2.36667 2.78555
3.83333 7.16667 0.166667 2.86932 -2.82743
38.1667 29.5 22.1667 2.53422 1.36136
10.5 38.5 11.8333 1.52891 -2.36667
9.16667 43.5 43.8333 1.78024 1.31947
8.5 9.83333 38.5 0.733038 0.649262
42.5 37.8333 18.8333 1.44513 -2.36667
0.833333 3.83333 6.83333 -0.0209441 2.28289
44.8333 38.1667 45.8333 -0.984366 1.78024
1.16667 4.5 1.16667 2.11534 2.32478
16.5 3.83333 43.8333 2.11534 2.65988
35.1667 39.1667 29.1667 0.942478 -0.816814
5.5 2.5 0.166667 -2.78555 -0.188496
38.5 38.1667 1.83333 -2.45044 -2.28289
8.83333 3.16667 0.166667 -3.03687 -0.858702
45.5 2.5 38.8333 -1.02625 1.78024
29.1667 29.5 37.8333 -1.31947 1.27758
47.8333 30.1667 3.83333 0.774926 0.942478
0.166667 7.83333 4.5 -0.272271 3.03687
16.5 37.5 7.83333 2.57611 2.28289
15.1667 15.5 47.8333 -0.984366 0.69115
31.8333 3.5 37.1667 2.07345 0.314159
2.83333 2.5 0.5 -2.65988 1.94779
12.8333 47.5 8.83333 1.98968 -2.9531
38.5 35.5 34.8333 2.65988 -2.57611
1.16667 2.5 0.5 2.9531 -2.28289
23.8333 3.83333 32.1667 -1.06814 -0.397935
0.833333 1.16667 2.83333 0.397935 2.65988
3.16667 1.83333 1.5 -2.45044 2.57611
15.1667 46.8333 6.83333 -1.5708 0.774926
45.8333 34.8333 23.8333 -1.02625 -1.31947
43.1667 38.8333 7.5 -1.78024 -3.07876
2.5 0.166667 3.5 -1.82212 0.356047
1.16667 2.83333 1.5 -2.32478 1.23569
2.16667 3.83333 0.166667 1.40324 -2.241
7.83333 36.5 14.8333 1.86401 2.07345
19.8333 22.1667 15.8333 0.314159 -2.28289
34.5 44.8333 47.1667 -1.9059 1.40324
42.1667 22.8333 40.5 0.356047 0.649262
3.5 3.5 0.166667 -2.57611 -1.36136
0.166667 2.16667 0.833333 -0.69115 -2.70177
0.5 0.833333 0.5 1.40324 1.65457
1.83333 1.16667 0.5 -1.94779 0.397935
31.1667 2.5 47.8333 -0.314159 1.23569
0.166667 1.16667 0.5 -2.82743 3.03687
0.166667 0.166667 1.5 -0.230384 -0.10472
2.5 2.83333 0.5 3.03687 -0.356047
2.83333 4.83333 0.5 2.65988 2.19911
37.5 44.5 5.5 -2.45044 -0.774926
32.1667 11.8333 45.8333 2.82743 2.03156
3.83333 10.5 0.833333 -2.9531 2.40855
1.5 9.16667 1.16667 -2.61799 -2.07345
5.16667 8.5 0.166667 2.61799 1.40324
35.1667 6.5 9.83333 3.07876 -3.12065
13.8333 42.5 24.5 -2.82743 -1.36136
16.1667 39.8333 0.833333 -2.57611 -2.03156
38.5 30.5 25.8333 0.146608 1.23569
2.16667 1.83333 0.166667 3.07876 -3.03687
0.166667 5.5 0.5 0.90059 2.28289
5.16667 3.83333 1.16667 2.99498 2.99498
11.8333 44.5 12.8333 1.82212 2.53422
11.1667 45.5 14.1667 0.565487 1.27758
41.1667 35.1667 21.8333 0.272271 -0.816814
8.16667 20.8333 0.166667 2.11534 0.439823
3.16667 0.166667 0.166667 2.9531 1.9059
1.5 21.8333 46.1667 1.31947 -0.356047
0.166667 1.83333 1.16667 -0.90059 1.27758
2.16667 2.5 1.16667 -2.65988 -0.10472
30.8333 34.1667 4.5 0.314159 -2.74366
0.833333 7.5 1.16667 -0.984366 -2.74366
1.5 0.833333 6.83333 -0.397935 2.07345
0.166667 31.8333 40.8333 -1.11003 1.27758
4.5 0.166667 1.5 -1.36136 -1.31947
21.8333 38.5 11.5 1.06814 -0.0209441
40.5 6.16667 8.83333 3.12065 1.06814
0.833333 0.833333 1.5 2.9531 1.94779
0.5 0.166667 2.16667 2.70177 1.65457
0.833333 0.166667 1.83333 0.816814 -2.241
41.1667 11.5 47.1667 0.90059 1.11003
0.5 0.166667 2.16667 -2.11534 -1.65457
19.8333 19.5 42.5 -0.062832 2.11534
22.5 34.1667 31.1667 3.12065 2.03156
49.5 3.83333 43.5 -1.15192 -2.36667
9.5 1.5 33.1667 1.23569 2.82743
0.166667 0.5 1.83333 0.774926 1.65457
28.5 13.8333 15.8333 2.11534 -2.241
41.8333 31.1667 7.5 1.61268 0.146608
37.1667 5.83333 17.5 1.27758 2.57611
0.833333 1.83333 1.5 0.314159 -2.11534
17.1667 23.5 10.1667 0.10472 1.19381
2.16667 39.1667 27.8333 -1.36136 2.40855
18.8333 49.1667 37.8333 2.86932 2.9531
4.16667 0.166667 0.166667 2.86932 2.57611
41.5 35.8333 29.8333 -0.397935 -0.649263
0.166667 0.166667 6.16667 -0.397935 -0.272271
25.5 25.1667 15.8333 2.65988 2.36667
8.83333 31.8333 6.83333 -1.5708 -0.0209441
28.8333 29.1667 48.8333 2.49233 2.82743
29.5 10.1667 9.16667 1.73835 2.78555
25.5 41.8333 3.16667 -0.733038 2.49233
2.83333 0.166667 0.166667 -1.40324 -2.86932
0.5 1.16667 0.166667 0.649262 1.5708
18.5 25.1667 31.5 -2.241 0.0209438
29.5 24.8333 19.8333 -0.481711 -1.15192
39.1667 24.8333 36.5 0.69115 0.314159
1.16667 46.8333 15.5 -2.49233 1.69646
20.1667 42.1667 41.1667 -2.91121 1.15192
45.1667 14.1667 32.5 -3.12065 0.607374
0.5 0.833333 0.166667 1.19381 -2.241
0.166667 0.5 0.5 2.65988 -0.858702
48.1667 21.5 13.1667 0.774926 -2.74366
33.1667 15.8333 13.5 -2.53422 -1.44513
44.8333 13.5 48.1667 -1.15192 2.49233
0.5 0.5 0.166667 -0.649263 -1.15192
12.8333 42.5 48.8333 2.65988 1.36136
0.833333 1.5 0.166667 -2.82743 3.12065
25.5 4.16667 47.5 -0.062832 2.99498
1.83333 0.5 2.83333 2.53422 -0.146608
4.5 1.16667 2.83333 -0.649263 1.86401
2.16667 0.166667 0.833333 0.984366 -0.733038
0.833333 0.5 0.833333 -2.03156 1.15192
0.833333 2.83333 1.16667 -0.69115 1.61268
0.833333 1.16667 2.16667 -2.11534 -1.82212
16.5 16.1667 3.83333 -1.65457 2.15723
20.1667 4.16667 43.5 -2.45044 0.649262
1.5 1.83333 2.5 -1.69646 -2.86932
15.8333 18.8333 23.8333 -0.062832 -0.607375
35.5 38.1667 33.8333 2.61799 1.23569
1.16667 1.83333 0.5 -2.32478 -2.74366
4.5 3.5 0.5 -2.11534 1.06814
11.8333 49.1667 13.5 -2.241 -1.36136
1.83333 2.5 1.16667 -2.82743 0.984366
0.166667 0.833333 1.5 0.649262 -2.70177
47.5 11.5 6.83333 1.15192 -2.61799
0.166667 2.5 0.5 -2.32478 -2.57611
3.5 3.5 0.5 -2.65988 -0.272271
6.83333 38.5 46.1667 2.57611 -1.9059
0.833333 3.16667 2.83333 2.99498 -2.61799
16.1667 22.8333 44.1667 -1.94779 -2.28289
21.5 19.8333 36.1667 0.984366 0.984366
3.83333 21.5 15.1667 1.98968 -3.03687
3.5 4.16667 1.5 -2.49233 -2.86932
4.83333 0.833333 0.5 1.02625 -2.45044
33.8333 42.8333 7.83333 -2.57611 -0.858702
2.16667 1.83333 0.833333 -1.69646 0.69115
14.8333 45.5 36.1667 3.07876 0.774926
42.8333 31.8333 40.1667 1.9059 2.03156
0.5 3.83333 0.166667 -1.61268 0.523599
2.16667 0.833333 2.5 -0.272271 -2.03156
0.833333 0.833333 1.16667 -1.94779 -2.57611
0.5 1.5 0.166667 0.607374 2.19911
39.1667 19.8333 6.16667 -1.11003 0.146608
0.833333 0.166667 1.16667 -0.858702 -0.062832
4.16667 0.166667 0.166667 0.858702 -0.397935
28.1667 44.8333 2.16667 -2.99499 2.32478
0.5 0.166667 0.166667 -2.57611 -1.73835
0.166667 0.166667 0.166667 -1.9059 -0.0209441
1.16667 1.16667 0.5 -1.27758 -2.28289
1.16667 1.16667 1.83333 -2.241 2.15723
1.16667 2.5 0.5 2.32478 -1.82212
35.1667 42.5 23.1667 2.32478 -2.49233
35.5 2.16667 43.5 0.146608 -2.241
0.833333 5.16667 1.83333 0.565487 2.36667
0.5 2.5 0.833333 2.9531 -2.78555
0.166667 3.16667 0.5 0.188495 2.82743
21.5 41.1667 45.1667 0.481711 2.45044
1.5 5.16667 0.5 2.40855 -1.94779
0.833333 5.83333 0.5 2.57611 2.53422
32.5 38.5 13.8333 0.984366 2.74366
2.16667 0.833333 4.16667 1.27758 -2.11534
1.16667 1.83333 0.166667 -3.07876 2.74366
0.5 4.16667 1.16667 -2.65988 -1.27758
48.5 28.5 9.83333 -1.02625 -0.10472
28.8333 34.5 29.8333 1.44513 0.356047
4.16667 0.166667 1.16667 2.99498 -1.11003
0.5 4.16667 0.5 -0.314159 2.57611
13.8333 44.8333 24.8333 0.188495 -0.062832
1.16667 3.5 2.16667 -0.481711 1.65457
0.166667 0.5 2.83333 -2.45044 -1.65457
24.8333 10.8333 6.16667 1.11003 -2.65988
0.5 1.83333 0.5 3.07876 -1.44513
0.833333 1.5 1.5 -2.07345 2.28289
1.16667 2.16667 0.833333 1.06814 -2.15723
21.5 12.5 10.5 -2.03156 -1.40324
1.16667 3.16667 0.833333 0.565487 1.65457
28.8333 19.5 42.1667 -2.74366 -0.69115
0.5 1.16667 1.16667 -2.9531 1.94779
1.83333 0.5 1.5 -0.10472 -2.241
25.1667 46.5 21.8333 -0.858702 2.65988
0.166667 1.16667 1.16667 -0.607375 1.23569
1.5 0.166667 1.5 2.36667 3.07876
44.5 17.5 48.8333 -0.188496 -0.146608
4.16667 0.166667 0.833333 -3.07876 0.649262
42.1667 32.5 23.8333 -2.11534 -0.481711
3.5 0.5 1.16667 -1.69646 -2.03156
3.83333 0.5 0.166667 -0.942478 -0.397935
26.1667 35.1667 23.8333 -0.314159 0.10472
22.5 14.5 27.5 1.69646 -2.61799
5.16667 0.166667 0.166667 -0.230384 0.607374
0.166667 0.166667 6.5 -2.28289 0.942478
37.1667 0.833333 31.8333 1.82212 0.272271
1.5 1.83333 0.5 -0.10472 1.61268
40.5 22.8333 26.8333 -0.356047 0.146608
26.8333 9.5 44.8333 -0.942478 1.5708
1.16667 0.5 2.5 -1.02625 -0.0209441
36.5 30.8333 43.5 0.565487 1.86401
0.166667 1.16667 2.5 -0.69115 0.565487
31.8333 3.16667 3.83333 -2.49233 0.774926
0.5 1.5 0.833333 -2.40855 0.439823
35.5 24.5 23.5 1.15192 -0.146608
3.83333 0.166667 0.5 1.19381 2.11534
27.8333 25.1667 25.8333 0.439823 2.19911
3.5 2.16667 0.833333 -1.52891 -3.12065
9.83333 8.16667 48.5 -2.45044 -2.32478
31.1667 16.1667 9.83333 -2.19912 -2.49233
5.83333 0.166667 1.83333 2.99498 -1.9059
2.16667 0.833333 1.16667 2.82743 -1.19381
0.833333 44.8333 20.5 1.9059 2.9531
0.833333 1.83333 1.5 2.99498 0.397935
0.833333 0.5 0.833333 -3.07876 0.146608
1.16667 0.5 2.5 2.49233 -0.356047
11.1667 42.5 37.8333 -1.06814 -1.31947
32.5 19.1667 28.1667 2.91121 -1.27758
42.8333 27.8333 39.8333 -0.816814 0.733038
36.1667 42.8333 12.1667 -2.9531 -2.36667
2.5 0.166667 0.833333 1.06814 -3.07876
35.8333 42.8333 22.8333 -0.816814 -1.02625
48.8333 26.1667 9.5 -0.565487 2.91121
14.1667 30.8333 48.1667 2.86932 0.356047
16.5 33.5 12.8333 -0.69115 1.5708
1.5 2.16667 4.16667 -1.98968 1.86401
12.5 21.8333 37.8333 -2.53422 2.86932
29.8333 3.5 1.5 1.9059 -0.774926
36.1667 39.5 47.1667 1.9059 2.74366
21.8333 31.5 2.83333 2.36667 -0.062832
32.5 16.8333 6.5 0.733038 0.314159
0.833333 3.5 1.16667 -2.82743 1.52891
24.1667 43.8333 45.1667 -1.15192 1.78024
45.1667 38.1667 13.8333 0.439823 1.23569
2.83333 14.1667 24.1667 -2.03156 2.9531
9.5 29.8333 45.8333 0.481711 -2.91121
0.166667 1.16667 3.16667 2.78555 -1.5708
0.5 2.16667 3.83333 0.69115 2.03156
21.8333 31.5 38.5 -2.86932 3.07876
0.5 2.83333 1.5 1.27758 -2.9531
1.5 5.83333 0.166667 -1.27758 -2.32478
1.16667 5.5 0.166667 2.70177 0.10472
1.83333 1.16667 2.16667 -2.241 -1.11003
0.833333 1.16667 1.83333 3.07876 0.69115
1.83333 0.166667 0.833333 2.07345 -0.649263
15.1667 30.8333 17.8333 0.481711 -2.03156
7.16667 36.5 16.1667 -2.11534 2.65988
3.5 0.5 0.5 -2.03156 -2.40855
5.16667 1.5 1.16667 2.241 2.65988
12.5 17.1667 33.1667 1.11003 -1.11003
1.16667 2.83333 0.166667 -0.942478 -0.230384
43.8333 12.1667 49.1667 -2.49233 -1.94779
0.833333 0.833333 1.83333 -0.733038 0.272271
1.83333 1.83333 0.166667 0.356047 -1.23569
31.5 13.8333 12.8333 1.69646 -1.9059
47.8333 8.83333 24.1667 0.733038 0.858702
8.5 37.1667 9.16667 -1.06814 2.57611
24.5 36.1667 45.8333 -2.241 2.19911
40.5 10.5 16.5 1.11003 1.11003
1.16667 1.5 0.166667 2.07345 0.69115
1.5 0.166667 0.5 2.03156 -2.70177
0.166667 0.5 1.5 1.15192 -2.241
0.166667 1.83333 0.166667 -3.03687 -0.062832
1.5 3.16667 1.5 -2.78555 1.31947
26.5 3.5 39.8333 0.816814 -1.5708
0.5 27.8333 45.8333 -1.86401 0.439823
42.8333 49.5 24.5 0.0628317 -1.86401
12.1667 30.5 13.1667 3.03687 0.649262
1.83333 0.833333 3.83333 0.523599 2.61799
0.833333 4.16667 0.166667 0.90059 -1.27758
41.1667 42.1667 24.1667 1.15192 1.36136
0.5 6.5 1.16667 -2.45044 1.86401
0.166667 2.5 2.16667 -1.52891 -2.78555
28.8333 14.5 20.1667 2.65988 -0.984366
9.5 1.5 0.5 -2.07345 2.241
22.8333 21.5 37.5 2.36667 1.36136
10.1667 3.5 24.8333 2.15723 -0.565487
16.8333 40.1667 35.8333 2.9531 -0.607375
0.833333 3.5 1.5 3.07876 -2.11534
32.5 22.8333 10.5 -2.03156 2.86932
0.5 0.166667 7.16667 0.649262 0.607374
0.5 3.16667 1.83333 -2.49233 2.74366
0.166667 1.83333 2.5 -0.774926 -2.78555
3.16667 0.5 0.833333 -0.397935 2.11534
11.1667 23.8333 41.5 -2.70177 2.36667
1.16667 2.16667 2.16667 0.481711 -1.82212
5.5 18.5 5.5 0.481711 -2.74366
3.16667 3.5 0.166667 -2.91121 -1.27758
30.8333 7.83333 0.166667 -2.36667 1.02625
38.1667 39.5 45.1667 1.31947 1.40324
8.5 46.1667 41.5 1.23569 2.11534
1.16667 0.5 4.16667 1.94779 -2.86932
3.83333 2.5 0.5 3.12065 -2.32478
47.5 10.1667 18.8333 0.649262 -0.816814
20.5 47.8333 23.1667 -1.40324 -1.98968
3.5 4.16667 0.833333 2.9531 1.65457
0.833333 4.83333 2.16667 -2.78555 2.91121
30.1667 36.5 28.1667 -2.9531 0.0209438
0.166667 3.16667 2.5 -1.23569 2.57611
6.16667 6.5 3.5 -0.858702 -0.272271
0.833333 1.5 2.16667 -0.272271 -2.86932
27.5 25.8333 19.5 -1.52891 2.28289
1.16667 1.16667 1.5 0.984366 2.91121
0.5 1.5 1.5 2.241 2.53422
18.1667 16.8333 19.1667 1.11003 -2.36667
0.166667 3.5 1.16667 1.5708 -2.40855
19.1667 34.5 33.5 -2.86932 -0.230384
1.16667 0.166667 0.833333 -1.48702 0.523599
1.16667 0.166667 0.166667 1.5708 1.11003
4.83333 13.5 24.5 0.816814 1.86401
1.16667 0.166667 0.833333 -2.91121 1.78024
32.8333 1.83333 14.1667 -2.65988 0.816814
0.5 3.16667 2.5 -0.607375 3.12065
0.833333 3.16667 3.16667 2.78555 -3.07876
2.83333 1.16667 0.166667 2.28289 1.11003
39.8333 14.1667 27.5 -2.53422 0.146608
0.5 0.5 0.166667 -2.36667 -1.23569
1.16667 0.5 0.5 1.48702 1.98968
3.5 1.83333 1.16667 1.44513 1.82212
0.5 3.5 3.16667 -2.91121 -1.11003
0.166667 4.16667 1.16667 -0.858702 -2.61799
1.16667 1.5 4.83333 2.28289 2.57611
5.83333 1.83333 0.166667 -2.99499 -1.31947
49.8333 43.1667 0.5 1.19381 2.40855
27.8333 29.1667 37.1667 -2.03156 2.45044
43.8333 16.1667 29.5 -1.73835 -0.733038
27.5 37.8333 14.5 -0.314159 0.733038
11.1667 1.83333 0.166667 -2.70177 -3.03687
5.83333 2.16667 0.166667 -1.61268 -2.19912
37.5 28.1667 27.8333 1.40324 2.82743
45.1667 24.1667 20.5 -1.98968 -0.942478
0.166667 0.5 5.83333 -1.73835 -2.45044
10.1667 15.8333 26.1667 -3.03687 -0.062832
39.8333 38.5 31.1667 2.07345 -2.32478
21.1667 26.1667 10.1667 1.73835 0.0628317
23.5 43.1667 1.5 -0.062832 2.40855
3.16667 2.5 0.5 -2.57611 1.9059
2.5 4.16667 1.5 1.40324 -2.49233
0.166667 0.5 4.83333 -0.942478 1.69646
0.5 4.83333 0.5 3.07876 -0.10472
0.833333 1.16667 2.83333 -1.31947 -2.61799
2.16667 1.16667 2.5 -0.565487 0.649262
0.5 2.16667 1.83333 1.82212 -0.397935
0.166667 2.5 0.5 -2.241 -1.15192
38.5 22.5 48.5 1.02625 -2.78555
1.5 2.16667 0.166667 -2.70177 1.27758
1.16667 1.83333 1.5 -1.02625 -0.188496
4.5 1.5 0.166667 -1.11003 0.649262
30.5 31.8333 48.5 1.40324 -2.82743
10.5 4.83333 23.5 0.397935 -0.90059
20.8333 34.5 8.16667 0.356047 1.36136
35.1667 28.1667 34.1667 3.12065 2.40855
0.833333 0.833333 3.83333 0.984366 -2.03156
2.5 2.5 1.5 -1.11003 1.31947
47.1667 49.5 2.16667 -1.86401 1.61268
0.833333 1.83333 0.5 2.40855 0.481711
26.1667 31.5 19.1667 -0.10472 -0.481711
1.5 0.166667 1.16667 0.607374 -1.52891
0.5 0.833333 0.5 -0.272271 -1.61268
5.16667 0.5 0.166667 -1.73835 -1.73835
26.5 40.1667 45.1667 -1.02625 -0.146608
0.5 2.83333 12.5 -1.86401 -0.314159
36.8333 37.8333 44.8333 2.61799 -0.188496
29.5 6.16667 10.5 2.28289 2.57611
2.5 41.5 13.5 -1.86401 0.356047
1.5 27.1667 32.8333 1.31947 -0.356047
24.1667 9.5 0.5 -1.65457 -0.356047
0.5 3.5 0.166667 2.61799 2.15723
18.8333 8.5 34.8333 0.90059 -1.40324
7.83333 8.5 23.1667 -1.52891 1.27758
36.5 18.1667 6.5 1.02625 -1.94779
4.16667 1.16667 0.166667 -2.82743 2.19911
1.16667 0.833333 4.16667 0.649262 1.69646
2.83333 0.833333 0.833333 0.942478 3.07876
0.5 0.833333 5.83333 1.69646 2.11534
8.83333 26.1667 5.16667 -1.40324 -2.57611
42.8333 45.5 16.1667 1.94779 2.74366
39.1667 44.8333 38.8333 -1.61268 0.984366
21.8333 8.16667 34.8333 -2.03156 1.31947
22.5 3.16667 32.8333 -1.73835 1.94779
46.5 2.83333 32.5 2.32478 -2.78555
9.5 4.83333 2.16667 2.28289 1.69646
0.166667 0.166667 0.833333 -1.5708 0.481711
0.833333 0.5 0.5 -1.36136 -0.984366
1.83333 1.16667 0.166667 -0.942478 2.49233
48.1667 45.5 26.8333 -0.062832 -2.32478
0.5 0.5 3.5 -1.06814 0.565487
1.16667 0.166667 2.16667 2.07345 0.397935
1.16667 0.166667 0.5 -1.61268 -2.11534
15.1667 22.1667 28.1667 -2.36667 -2.19912
43.5 0.833333 10.8333 2.32478 0.607374
44.5 12.1667 33.1667 -2.82743 0.0628317
21.8333 2.16667 41.1667 -1.27758 1.27758
23.1667 44.1667 40.1667 0.565487 1.06814
32.8333 27.1667 27.1667 1.40324 -1.02625
0.166667 1.16667 0.5 -0.649263 -1.52891
26.5 34.5 30.8333 1.94779 2.9531
0.166667 0.5 0.833333 -1.69646 1.11003
22.5 29.8333 24.1667 -1.19381 -0.90059
2.83333 3.5 1.5 0.10472 2.49233
17.8333 14.8333 15.1667 2.49233 -0.733038
34.8333 0.833333 8.5 -0.439823 1.27758
0.166667 0.833333 0.166667 -0.858702 0.356047
39.1667 26.8333 5.83333 -2.74366 2.57611
48.5 27.8333 42.1667 1.69646 2.36667
1.83333 3.83333 0.166667 -2.74366 0.439823
9.83333 33.1667 5.16667 -2.53422 -0.90059
0.5 3.83333 3.5 2.91121 -2.70177
0.5 0.833333 4.5 2.78555 3.12065
4.5 3.5 1.16667 -2.57611 -2.78555
17.1667 26.5 47.5 0.565487 -0.649263
27.8333 3.16667 4.16667 0.733038 0.942478
1.16667 30.8333 3.16667 -1.15192 1.73835
7.5 49.5 4.83333 0.90059 2.49233
1.83333 3.16667 0.166667 -1.69646 2.19911
18.8333 4.83333 18.1667 0.69115 1.11003
2.16667 1.5 0.833333 -2.53422 -0.607375
0.5 0.833333 1.5 -2.9531 0.481711
0.166667 2.5 2.5 0.607374 1.69646
38.5 7.5 17.8333 -2.07345 -0.858702
27.5 39.1667 13.1667 -1.44513 -2.65988
47.1667 35.5 29.5 1.52891 -2.36667
0.166667 0.166667 1.83333 -1.02625 -1.61268
43.5 5.16667 29.1667 1.78024 2.03156
0.166667 0.5 0.166667 2.40855 -0.69115
2.5 1.16667 0.5 -2.53422 -0.816814
0.166667 0.5 5.5 1.5708 2.19911
4.16667 32.1667 27.8333 2.40855 1.31947
3.16667 1.5 1.5 1.11003 -2.49233
36.8333 6.5 8.5 2.53422 -1.19381
35.8333 32.1667 40.8333 0.774926 1.5708
3.5 1.16667 0.166667 -3.07876 0.314159
2.5 3.5 0.833333 -2.78555 -2.28289
45.8333 28.1667 1.5 2.61799 -1.48702
36.1667 40.5 14.8333 -0.607375 0.69115
0.166667 6.83333 0.833333 -1.98968 1.78024
1.16667 0.166667 4.16667 2.45044 -2.32478
6.16667 0.166667 0.166667 2.91121 -0.90059
2.16667 26.1667 3.83333 0.607374 -0.146608
2.5 5.5 0.833333 -2.99499 3.03687
47.5 10.8333 9.5 -0.733038 -0.188496
0.5 4.5 1.5 -2.74366 3.12065
2.16667 0.833333 5.83333 0.733038 2.45044
2.83333 1.5 1.16667 2.241 2.70177
0.833333 5.16667 0.166667 2.19911 1.86401
5.16667 0.833333 0.5 2.86932 -2.53422
28.5 22.5 32.8333 2.74366 -2.57611
0.166667 4.83333 0.166667 2.28289 -2.57611
0.5 2.5 0.833333 -2.241 2.70177
4.16667 31.1667 16.5 1.02625 0.816814
33.8333 8.5 47.1667 -0.90059 -2.19912
2.16667 1.5 1.5 2.9531 -0.188496
38.8333 19.8333 44.8333 -0.858702 -2.45044
23.5 40.1667 15.8333 1.69646 2.9531
0.5 1.83333 0.5 1.36136 -2.82743
14.8333 24.1667 28.5 1.94779 1.69646
3.83333 47.5 47.8333 3.07876 -1.48702
0.833333 0.833333 0.166667 -2.45044 -2.03156
0.166667 1.16667 0.166667 -0.188496 -0.314159
3.5 1.16667 1.5 -2.53422 1.78024
36.8333 39.1667 36.8333 -0.858702 0.272271
5.16667 3.16667 0.833333 2.49233 -1.06814
26.1667 38.1667 25.8333 1.02625 -0.10472
26.8333 16.1667 6.83333 -2.49233 2.91121
6.5 0.833333 0.166667 2.74366 -2.45044
34.8333 17.5 24.8333 -2.11534 -0.356047
39.8333 9.83333 39.1667 -1.65457 -1.40324
8.16667 3.5 20.5 -2.49233 2.53422
3.83333 0.833333 0.166667 2.241 2.32478
2.5 3.16667 0.166667 -2.57611 2.49233
42.8333 35.5 6.5 2.57611 -0.188496
24.1667 33.5 25.5 2.15723 -1.86401
3.16667 1.5 0.833333 -2.99499 -2.241
0.166667 1.16667 5.83333 -0.439823 2.70177
32.5 23.5 48.8333 2.74366 -2.03156
2.16667 0.833333 1.16667 -0.984366 1.11003
49.8333 1.16667 25.5 -0.481711 1.9059
0.833333 22.8333 12.8333 0.10472 1.73835
0.5 2.83333 1.16667 -0.439823 -2.36667
0.166667 1.5 1.5 1.40324 2.78555
2.83333 1.16667 0.833333 2.70177 -1.98968
0.166667 3.16667 1.5 0.565487 2.03156
1.16667 1.5 0.833333 2.57611 0.439823
1.83333 1.5 0.5 -1.36136 -0.607375
0.166667 1.83333 4.5 0.565487 0.942478
30.5 10.1667 23.1667 -1.52891 1.65457
0.166667 2.16667 1.83333 -1.73835 -0.984366
1.5 1.16667 1.16667 -3.03687 -3.03687
19.1667 12.5 6.16667 0.188495 2.11534
37.8333 36.1667 23.1667 2.9531 -1.98968
5.83333 9.83333 2.83333 1.78024 1.73835
0.5 0.833333 0.833333 -2.99499 -2.86932
1.5 0.5 0.166667 2.241 -2.32478
1.16667 0.166667 0.833333 3.12065 -0.607375
49.8333 24.5 39.8333 -2.57611 -1.19381
2.83333 0.166667 0.166667 -0.397935 -0.90059
25.5 23.8333 5.5 0.146608 -2.36667
3.16667 0.5 0.166667 -3.07876 -1.19381
2.83333 0.166667 0.833333 -0.90059 0.0628317
11.1667 46.8333 21.5 1.11003 -1.19381
36.1667 5.16667 17.5 -2.91121 2.03156
1.16667 2.16667 4.16667 0.439823 2.49233
3.5 1.83333 2.5 2.61799 -2.40855
0.5 2.83333 49.8333 -1.86401 -3.12065
17.1667 38.5 27.5 1.78024 -1.5708
4.5 0.833333 0.833333 2.32478 -2.91121
38.8333 34.5 40.8333 0.858702 2.57611
0.166667 3.16667 2.83333 -2.61799 2.91121
1.16667 6.5 0.166667 -3.12065 -1.94779
0.166667 2.5 1.16667 -2.91121 2.57611
2.16667 2.16667 1.5 2.28289 3.03687
0.5 1.5 1.5 2.61799 1.52891
0.5 0.833333 0.5 2.03156 -1.06814
21.5 12.8333 36.8333 -2.32478 -2.82743
6.5 36.1667 18.1667 1.82212 -1.5708
3.83333 0.5 1.16667 2.65988 -1.9059
18.1667 21.1667 20.1667 -2.57611 0.858702
1.5 0.5 1.5 -1.02625 2.82743
0.166667 0.166667 2.16667 -2.61799 0.942478
0.166667 1.5 1.16667 1.94779 -2.15723
0.5 1.16667 0.5 2.78555 2.91121
13.1667 8.16667 25.8333 2.61799 -2.86932
0.166667 2.5 0.166667 2.53422 -0.481711
0.166667 0.5 1.83333 2.03156 0.984366
1.16667 1.5 1.16667 -1.15192 -1.94779
0.5 1.83333 0.166667 -1.40324 -0.565487
0.5 3.16667 1.16667 -0.0209441 3.12065
7.83333 37.1667 2.16667 -1.48702 2.49233
0.833333 1.5 3.83333 1.5708 -2.78555
39.5 40.8333 3.83333 -0.062832 -0.272271
1.83333 0.166667 1.5 -1.98968 1.40324
38.1667 15.5 48.1667 -0.607375 0.272271
34.5 7.16667 40.5 1.02625 2.99498
7.5 5.5 6.83333 -1.48702 -2.57611
2.5 0.166667 1.16667 1.94779 0.0628317
33.5 40.1667 7.5 0.272271 -0.397935
1.16667 4.83333 3.5 2.74366 2.36667
1.83333 3.83333 2.16667 2.32478 2.82743
41.1667 22.1667 8.16667 0.188495 -2.78555
31.5 22.5 38.5 -0.523599 -2.03156
10.1667 28.8333 40.8333 0.858702 1.48702
31.1667 30.5 33.1667 -2.99499 2.53422
6.16667 41.8333 7.5 -2.86932 0.10472
2.83333 9.5 0.833333 -2.78555 2.241
5.5 6.16667 36.5 2.53422 3.07876
7.83333 4.83333 0.5 -2.53422 -2.28289
12.5 22.5 3.16667 -1.61268 -2.28289
25.1667 10.1667 36.5 -1.52891 2.9531
7.16667 13.1667 25.8333 2.70177 -2.70177
24.1667 13.5 18.5 1.86401 -2.57611
13.8333 1.16667 8.16667 2.82743 -1.5708
7.5 45.8333 19.1667 2.78555 0.0628317
1.83333 1.83333 2.5 2.19911 1.19381
0.166667 2.5 0.166667 0.858702 -0.10472
38.5 1.5 33.8333 -2.19912 -0.10472
0.166667 2.5 0.166667 2.32478 0.607374
1.5 0.5 2.5 0.816814 1.52891
3.16667 0.166667 1.16667 2.78555 -0.439823
2.83333 0.166667 1.16667 -2.36667 -1.73835
0.5 0.833333 0.833333 1.9059 -1.31947
0.5 0.833333 0.5 2.86932 1.5708
0.5 2.16667 3.16667 -2.74366 -0.10472
0.833333 1.83333 0.5 0.188495 -0.397935
25.5 37.1667 21.5 1.82212 2.65988
2.83333 6.83333 1.16667 2.53422 2.19911
21.1667 13.5 4.5 2.70177 -2.15723
5.83333 7.16667 0.833333 2.61799 -2.9531
1.16667 5.83333 7.5 2.78555 -3.07876
37.8333 43.1667 45.5 0.397935 2.40855
42.1667 26.5 5.83333 2.03156 0.397935
3.16667 6.5 0.5 3.12065 -1.98968
31.8333 31.8333 39.1667 -0.062832 -1.78024
0.166667 1.16667 6.83333 1.40324 -2.57611
0.5 3.16667 5.16667 -3.03687 3.07876
2.16667 3.16667 1.5 -2.57611 -0.481711
36.5 10.1667 36.1667 1.02625 -0.733038
25.8333 34.5 21.8333 -1.27758 0.439823
3.16667 1.5 0.833333 1.15192 -2.40855
7.5 19.5 11.1667 -1.52891 -1.19381
2.5 0.833333 1.5 0.272271 1.5708
34.8333 27.5 0.166667 -2.45044 1.23569
0.5 0.5 2.83333 2.9531 0.523599
7.16667 11.8333 29.1667 -0.565487 0.565487
40.8333 16.1667 27.5 -0.314159 -1.27758
20.5 21.5 36.8333 1.27758 1.5708
19.8333 2.16667 47.1667 0.733038 -1.11003
2.5 1.83333 0.5 3.03687 -0.481711
3.83333 0.166667 2.83333 2.40855 -2.78555
2.5 0.5 2.16667 1.82212 -1.27758
24.5 21.5 48.5 2.07345 1.86401
2.16667 0.5 0.833333 -1.11003 2.19911
0.166667 1.5 0.166667 1.65457 -2.36667
8.83333 47.5 35.8333 -2.74366 2.78555
17.8333 3.16667 6.16667 -2.36667 -2.28289
0.166667 0.833333 0.5 1.65457 1.5708
1.5 1.5 0.833333 -1.94779 0.0628317
1.83333 0.833333 2.5 -1.27758 2.82743
0.833333 0.166667 2.16667 -1.9059 -1.23569
34.1667 26.8333 42.1667 -0.69115 -0.188496
17.5 10.5 7.16667 1.78024 0.858702
0.166667 1.16667 0.166667 -1.48702 -2.49233
36.8333 12.8333 34.1667 2.74366 -0.188496
6.83333 41.1667 32.1667 -0.10472 -2.74366
0.166667 2.83333 0.166667 2.70177 -2.32478
2.5 17.5 16.8333 -1.36136 -2.32478
0.833333 1.83333 0.166667 1.02625 2.15723
0.166667 0.833333 0.5 -1.69646 1.15192
0.166667 0.5 0.833333 1.73835 2.40855
2.5 0.166667 0.166667 -1.19381 -0.272271
31.8333 23.5 20.8333 1.15192 1.40324
8.83333 47.8333 9.16667 0.733038 -2.32478
31.8333 17.5 20.1667 -2.15723 -0.90059
1.83333 1.5 1.5 0.984366 1.73835
3.5 1.83333 0.833333 0.230383 -1.73835
26.8333 0.166667 21.8333 -1.73835 3.03687
1.83333 1.83333 0.833333 -0.146608 0.565487
0.5 15.5 10.8333 -0.984366 1.82212
0.166667 2.16667 0.5 -2.241 -1.9059
0.166667 0.5 1.5 0.69115 1.61268
2.5 3.16667 0.5 -2.32478 0.0628317
26.8333 6.16667 47.1667 2.49233 -1.78024
30.1667 0.833333 47.1667 -0.10472 -2.03156
22.8333 28.8333 46.1667 -2.11534 -1.44513
0.166667 0.5 4.16667 -1.36136 -1.73835
4.16667 1.16667 0.5 -2.86932 -0.858702
0.166667 1.83333 4.16667 -2.07345 3.12065
30.1667 21.5 30.8333 -2.82743 -0.69115
22.5 23.8333 49.5 2.78555 -2.03156
21.8333 5.16667 13.1667 2.86932 -0.984366
5.16667 0.833333 3.83333 -1.11003 0.816814
2.83333 19.8333 17.8333 -0.146608 -1.48702
29.8333 38.1667 14.8333 2.11534 -0.774926
4.5 0.833333 0.166667 -1.15192 -1.48702
42.1667 12.5 9.5 -1.23569 -0.439823
21.1667 38.5 45.8333 0.188495 0.10472
0.5 0.5 5.83333 -2.32478 2.9531
2.83333 0.5 0.833333 -3.03687 -1.65457
30.1667 47.1667 10.8333 -1.23569 -1.44513
0.166667 0.166667 0.833333 -0.356047 1.36136
43.1667 9.16667 35.1667 -2.70177 -2.99499
19.1667 8.5 1.83333 1.82212 -0.188496
14.1667 38.8333 14.8333 1.61268 -0.314159
0.166667 0.166667 0.166667 2.28289 1.82212
9.16667 18.5 49.1667 2.40855 -1.48702
1.83333 0.5 0.833333 -2.74366 1.06814
1.83333 0.5 0.166667 -1.9059 -0.90059
0.833333 2.5 0.166667 -0.230384 -2.82743
0.166667 1.5 1.5 0.984366 2.74366
2.83333 0.5 0.5 -0.69115 2.65988
25.8333 11.1667 42.8333 0.356047 2.45044
17.1667 38.8333 22.8333 -2.82743 2.07345
36.8333 38.5 38.1667 1.40324 -2.40855
1.5 1.16667 3.83333 -2.57611 -3.12065
3.16667 0.166667 1.5 -1.15192 0.942478
13.5 34.5 18.5 2.91121 -0.314159
0.833333 0.833333 0.833333 0.984366 -1.86401
0.833333 3.16667 0.166667 -1.78024 1.36136
5.16667 0.833333 0.166667 -2.78555 -1.61268
43.8333 26.5 1.16667 2.99498 1.82212
2.83333 1.83333 0.166667 3.03687 -2.28289
41.8333 46.1667 42.5 -1.61268 -1.82212
6.5 23.5 49.8333 -2.49233 -3.12065
1.83333 0.833333 1.16667 1.48702 2.19911
21.5 41.5 44.8333 -1.48702 1.78024
25.1667 37.1667 23.5 1.23569 2.19911
19.8333 36.1667 14.8333 2.70177 -2.28289
0.166667 0.5 1.16667 0.565487 -0.481711
2.83333 2.16667 0.833333 -2.03156 1.52891
0.166667 2.5 2.16667 0.397935 -1.52891
3.83333 0.5 0.166667 -0.397935 1.36136
1.5 2.5 1.16667 -1.23569 1.02625
0.833333 1.5 2.16667 2.241 -1.52891
31.1667 32.1667 29.5 -1.65457 1.40324
15.5 1.5 17.1667 -1.11003 2.40855
4.5 2.5 0.5 -2.241 -1.65457
2.83333 1.83333 3.16667 -2.07345 -2.15723
4.5 28.5 44.8333 0.565487 2.74366
39.1667 14.8333 3.16667 0.984366 0.314159
5.16667 2.16667 1.5 2.61799 2.65988
39.8333 44.1667 29.5 -3.12065 0.523599
45.8333 34.1667 13.1667 -1.94779 2.82743
2.5 2.16667 1.83333 2.65988 2.45044
4.16667 1.16667 0.166667 0.733038 -0.397935
44.1667 0.833333 7.5 -0.69115 2.61799
48.1667 9.83333 12.8333 2.9531 -0.062832
3.16667 1.16667 0.5 -3.12065 -2.28289
33.1667 13.1667 16.5 -0.272271 -2.74366
27.1667 1.5 41.5 -2.74366 0.816814
6.5 0.5 0.166667 2.65988 -1.27758
0.5 0.5 3.16667 0.649262 2.07345
1.83333 0.166667 2.83333 1.44513 -2.53422
2.5 0.166667 0.833333 -3.03687 0.733038
2.83333 0.833333 0.166667 3.03687 -0.607375
1.16667 1.5 0.5 -0.942478 2.74366
1.83333 30.8333 21.8333 -2.9531 0.942478
18.1667 49.5 4.5 2.99498 -0.314159
0.833333 2.16667 0.833333 -1.11003 1.19381
47.1667 35.5 44.5 -2.78555 -2.19912
2.83333 14.8333 30.5 0.523599 -0.984366
0.5 0.833333 0.833333 0.774926 -2.78555
35.8333 44.5 27.8333 2.9531 2.70177
6.16667 1.16667 0.166667 -1.61268 -1.82212
20.1667 15.1667 17.1667 -2.40855 -2.9531
15.1667 18.8333 13.8333 -2.36667 -2.61799
12.8333 0.833333 22.1667 -2.241 -0.984366
35.8333 27.8333 11.5 -1.5708 -2.11534
5.16667 11.8333 43.1667 -0.230384 -2.32478
7.83333 7.5 3.5 -0.565487 -1.65457
1.16667 6.16667 4.83333 -2.65988 2.86932
11.5 4.5 7.5 -1.06814 -2.78555
26.8333 13.1667 47.5 -2.99499 -2.91121
31.1667 12.5 33.8333 -0.942478 0.565487
1.5 11.5 0.5 -2.28289 -1.82212
36.5 17.8333 34.5 -0.69115 -0.397935
44.5 2.16667 21.1667 1.94779 -1.15192
27.8333 13.5 29.5 -1.52891 -1.02625
2.83333 9.5 0.166667 3.03687 -0.607375
2.16667 5.16667 0.5 -3.07876 2.49233
0.5 2.5 3.16667 1.44513 -2.36667
1.16667 1.5 1.5 1.5708 2.19911
16.8333 17.8333 35.5 -2.53422 0.523599
0.833333 0.5 1.83333 2.61799 -1.86401
25.5 42.5 19.1667 0.774926 -1.36136
0.833333 0.833333 0.833333 2.78555 1.40324
28.1667 22.1667 39.1667 -2.82743 0.0209438
2.5 0.166667 1.16667 2.99498 -1.36136
21.1667 33.8333 11.1667 1.9059 1.65457
5.16667 1.16667 0.5 -1.9059 -1.48702
29.5 7.5 39.1667 -1.69646 0.188495
24.8333 4.5 0.5 -0.314159 -0.10472
2.16667 0.166667 0.166667 1.02625 -0.397935
8.16667 25.5 42.1667 1.5708 0.314159
0.5 1.16667 1.5 1.94779 1.31947
2.83333 2.16667 0.166667 0.146608 -0.439823
1.16667 1.16667 0.5 2.11534 2.03156
1.16667 1.83333 0.166667 2.9531 1.61268
0.166667 1.16667 7.16667 -1.98968 2.07345
16.1667 33.8333 42.8333 -1.19381 -2.70177
8.16667 40.5 43.1667 2.65988 1.11003
2.5 0.166667 3.83333 -2.36667 -1.82212
2.83333 0.833333 0.166667 0.188495 -2.53422
2.16667 0.5 1.5 -2.9531 1.65457
1.5 0.166667 0.833333 -0.858702 -2.36667
34.5 6.83333 20.1667 1.69646 0.272271
2.5 20.1667 47.5 2.45044 1.23569
7.5 32.1667 15.8333 2.65988 -2.53422
15.8333 8.5 38.5 -1.98968 1.9059
30.1667 42.8333 14.5 -0.0209441 0.523599
40.5 36.8333 30.8333 2.57611 -2.49233
12.1667 31.1667 41.1667 -1.5708 -3.12065
2.5 24.5 18.8333 0.230383 1.86401
23.8333 33.1667 48.1667 2.45044 2.07345
2.83333 0.5 1.16667 -0.523599 1.52891
0.166667 2.83333 1.16667 0.397935 0.774926
3.5 41.8333 8.5 -0.062832 -0.397935
2.16667 1.5 0.5 -0.356047 -3.12065
32.5 34.8333 33.8333 -1.06814 -0.062832
4.16667 0.5 5.16667 1.78024 -0.774926
1.5 2.83333 0.5 1.98968 -0.439823
34.5 42.5 47.1667 -0.10472 2.91121
0.833333 1.5 4.83333 0.523599 2.07345
8.5 21.5 27.5 0.774926 0.188495
26.1667 5.83333 24.5 -1.02625 2.15723
45.1667 13.1667 35.5 2.53422 0.523599
5.16667 0.5 0.5 1.86401 -0.607375
12.5 14.8333 7.16667 -0.481711 -2.28289
3.83333 2.16667 1.16667 2.82743 2.9531
1.16667 3.83333 2.5 2.53422 2.61799
3.5 2.16667 1.16667 2.78555 2.70177
3.16667 37.8333 10.8333 -1.65457 -1.44513
13.5 17.8333 43.8333 0.10472 1.19381
23.5 4.16667 43.8333 -1.02625 1.44513
0.833333 2.16667 1.5 0.774926 3.03687
44.8333 28.1667 10.1667 0.10472 2.74366
0.166667 1.5 0.833333 -0.188496 -2.91121
0.833333 1.16667 1.83333 2.9531 -1.65457
2.16667 0.5 1.16667 2.78555 1.5708
0.5 3.83333 3.16667 -1.36136 2.07345
7.16667 33.1667 28.8333 -0.607375 0.314159
46.8333 41.5 36.5 0.397935 2.86932
24.5 20.5 36.1667 1.61268 2.65988
10.8333 0.5 1.5 -1.9059 0.0209438
39.1667 47.1667 10.1667 1.78024 -0.062832
49.1667 16.8333 17.5 1.82212 1.44513
34.1667 48.8333 29.1667 2.11534 -1.94779
26.8333 16.1667 39.5 0.397935 -0.230384
9.16667 11.5 8.16667 -0.733038 0.146608
1.16667 2.16667 1.16667 2.70177 -0.481711
3.83333 0.166667 0.166667 0.774926 -2.45044
0.833333 8.16667 0.166667 -2.78555 2.61799
0.5 0.5 6.5 -1.40324 1.27758
16.5 31.5 26.8333 -2.241 -1.65457
7.16667 0.166667 0.5 3.03687 1.73835
21.5 30.5 2.5 1.78024 -0.356047
34.1667 30.1667 37.5 -0.69115 -1.65457
0.166667 0.5 5.5 1.73835 1.69646
26.5 16.1667 21.8333 0.146608 2.86932
2.83333 2.5 0.166667 2.74366 0.272271
2.5 41.8333 16.1667 0.649262 1.86401
2.83333 0.5 0.166667 -2.65988 -2.74366
7.83333 15.5 8.5 0.0628317 1.31947
0.166667 0.833333 0.166667 1.44513 2.70177
47.1667 23.1667 28.1667 -0.565487 -0.0209441
5.16667 0.833333 0.5 -2.40855 -0.188496
0.5 0.833333 1.16667 -2.241 -0.0209441
1.5 0.833333 0.166667 2.61799 1.69646
1.83333 0.833333 0.833333 -1.65457 -2.61799
46.5 40.8333 22.1667 2.74366 -1.02625
0.5 1.16667 0.833333 -0.481711 0.0209438
4.16667 1.5 42.8333 1.19381 -2.61799
1.16667 2.16667 2.16667 2.65988 2.49233
2.5 0.166667 1.5 0.649262 1.86401
0.166667 0.5 2.5 1.52891 -1.40324
12.5 6.83333 42.1667 2.57611 -3.12065
35.5 42.5 16.1667 -1.02625 -0.69115
0.833333 1.16667 0.166667 -0.0209441 1.78024
16.8333 45.1667 2.5 -2.57611 0.69115
35.8333 33.5 26.5 -0.816814 2.32478
0.5 3.83333 1.83333 -2.65988 2.241
0.166667 0.833333 2.83333 2.19911 -2.53422
0.166667 3.83333 0.166667 2.57611 1.69646
1.5 0.833333 0.833333 -0.230384 -0.062832
5.5 36.8333 0.166667 -2.74366 0.565487
1.16667 0.833333 0.833333 2.03156 1.31947
2.5 1.16667 0.166667 -2.91121 -0.774926
1.5 0.5 0.5 -1.48702 -0.733038
42.1667 22.5 14.8333 3.12065 3.07876
4.5 5.83333 21.5 -0.733038 1.94779
39.5 23.1667 23.1667 0.146608 1.48702
23.1667 17.1667 26.8333 0.565487 -1.36136
28.1667 38.1667 23.1667 -0.356047 -1.61268
20.5 5.83333 1.5 -0.062832 0.10472
2.16667 1.16667 0.5 -3.03687 2.91121
0.166667 2.16667 0.5 1.61268 2.32478
0.166667 4.5 1.83333 3.07876 2.40855
8.5 1.5 1.16667 -2.86932 1.48702
0.166667 3.83333 7.16667 2.19911 2.45044
2.5 2.16667 0.833333 2.91121 -2.91121
24.5 5.83333 18.5 2.49233 0.10472
2.5 2.5 1.83333 -0.942478 0.356047
3.83333 0.833333 0.5 2.15723 -0.69115
0.833333 5.5 4.5 2.57611 2.32478
12.5 45.1667 42.5 -1.61268 -2.49233
27.8333 40.1667 30.8333 -2.49233 0.356047
1.16667 7.16667 3.83333 -1.69646 2.40855
41.8333 34.5 17.8333 3.12065 -0.062832
46.5 40.8333 14.8333 2.70177 1.02625
23.5 49.5 13.5 -0.69115 2.49233
1.16667 3.5 1.5 -2.65988 2.9531
2.83333 3.16667 1.83333 1.02625 -2.78555
14.5 41.5 19.8333 2.36667 1.82212
9.83333 25.5 34.8333 3.07876 1.5708
1.83333 0.166667 0.833333 -1.98968 2.19911
1.16667 0.166667 1.83333 -0.942478 0.774926
0.166667 1.16667 0.5 -2.70177 -1.61268
43.8333 30.8333 37.8333 1.36136 -2.11534
2.83333 2.16667 1.16667 0.0628317 0.565487
30.5 34.1667 29.8333 0.0628317 -2.61799
34.8333 49.5 20.8333 -0.314159 2.36667
3.5 6.16667 21.5 -0.858702 0.188495
0.833333 0.833333 0.833333 0.146608 0.523599
1.83333 0.833333 0.5 1.23569 -1.11003
37.5 27.1667 14.8333 -2.45044 1.15192
9.5 31.1667 15.8333 -2.32478 0.69115
3.16667 0.166667 0.166667 0.858702 2.86932
3.16667 5.83333 32.8333 -1.40324 -2.91121
0.5 0.5 1.5 -0.523599 -0.314159
22.8333 20.5 5.16667 -0.314159 1.82212
42.8333 27.1667 28.8333 2.61799 -1.11003
4.16667 1.16667 0.166667 -0.649263 0.523599
11.1667 41.5 7.5 1.73835 0.188495
26.5 2.5 34.1667 0.356047 -2.91121
0.166667 0.166667 4.83333 2.82743 1.94779
23.5 27.1667 10.5 1.98968 1.98968
0.5 0.5 1.16667 3.07876 -2.32478
5.16667 0.833333 0.166667 -2.65988 2.36667
0.5 0.166667 3.5 -3.07876 2.86932
9.5 49.1667 21.1667 -0.69115 1.52891
1.5 2.16667 0.166667 1.73835 -1.23569
1.83333 2.16667 0.166667 2.49233 -0.90059
38.8333 14.8333 24.8333 0.0209438 -1.98968
47.1667 17.8333 36.5 -3.03687 -0.272271
3.83333 0.166667 0.166667 1.23569 0.314159
0.833333 0.166667 0.166667 2.74366 1.06814
3.16667 1.5 0.833333 2.49233 -0.733038
40.8333 9.5 19.5 2.15723 1.94779
3.16667 1.83333 2.16667 -2.07345 2.74366
1.16667 44.8333 18.5 -2.28289 -2.65988
4.5 2.5 0.5 2.78555 0.397935
40.5 40.8333 18.1667 -2.78555 -0.523599
2.16667 3.83333 2.5 -1.61268 2.11534
0.166667 0.5 3.5 0.272271 -2.07345
13.1667 25.8333 44.1667 -0.146608 2.15723
0.166667 1.83333 0.833333 1.06814 2.32478
16.8333 28.1667 32.5 2.15723 -0.523599
44.1667 23.1667 48.1667 -0.439823 -0.607375
3.16667 0.5 1.83333 2.86932 0.858702
0.833333 3.5 0.166667 -1.52891 -0.816814
3.5 0.833333 2.16667 -0.439823 -0.565487
29.5 24.5 15.5 0.942478 -0.69115
3.83333 0.5 2.5 -1.94779 0.0209438
12.1667 33.8333 9.16667 1.98968 0.774926
31.5 2.16667 29.5 1.94779 -2.99499
0.166667 2.5 0.5 -0.649263 -3.03687
0.5 0.5 2.5 -0.733038 1.5708
0.833333 3.5 0.5 -3.07876 -0.272271
0.166667 28.1667 0.833333 -1.15192 1.61268
4.16667 4.16667 0.166667 -2.36667 1.86401
0.166667 1.16667 9.5 2.11534 -3.12065
3.83333 6.5 0.833333 -2.32478 1.5708
9.83333 6.83333 19.8333 0.146608 2.241
17.8333 31.1667 38.1667 -2.9531 1.11003
12.5 10.5 35.1667 -0.816814 -0.69115
6.83333 2.5 0.5 -3.12065 1.82212
3.5 4.5 1.83333 2.91121 -2.11534
32.1667 40.8333 19.5 -2.78555 -2.15723
0.5 3.83333 0.166667 1.11003 2.03156
1.16667 0.5 0.5 0.272271 -0.733038
0.833333 1.5 0.166667 -1.19381 -2.70177
0.5 1.83333 0.166667 0.0628317 2.28289
17.1667 23.1667 46.1667 0.733038 0.984366
0.5 0.5 1.5 0.90059 -0.607375
0.166667 1.16667 0.833333 1.19381 1.11003
22.8333 32.1667 44.1667 1.69646 -2.99499
25.1667 42.1667 31.8333 2.9531 -1.19381
0.166667 1.16667 1.5 2.91121 -1.23569
19.8333 18.1667 19.8333 1.61268 -2.61799
4.16667 0.166667 0.166667 -0.69115 2.32478
0.833333 0.166667 3.83333 1.06814 1.23569
0.833333 1.5 0.833333 -1.52891 -2.61799
22.8333 34.1667 48.8333 -1.73835 -0.481711
37.5 17.8333 1.16667 -0.314159 -1.15192
0.166667 0.833333 4.5 0.90059 1.31947
48.1667 6.5 34.5 -2.91121 0.397935
1.16667 1.83333 0.5 1.69646 -1.23569
13.5 12.5 49.8333 -1.78024 -0.649263
3.5 0.166667 0.166667 -2.65988 2.07345
21.1667 48.5 24.8333 2.57611 -0.481711
0.833333 0.833333 0.166667 2.61799 2.40855
33.8333 7.83333 0.833333 -0.523599 -0.062832
1.16667 2.5 0.5 -1.02625 1.06814
16.1667 12.8333 31.5 -0.816814 1.27758
46.8333 31.5 9.5 -1.69646 1.40324
1.5 13.8333 34.1667 1.9059 1.65457
24.1667 20.5 18.5 1.9059 1.36136
44.5 2.16667 14.5 2.82743 -2.91121
2.16667 0.833333 2.5 2.45044 0.356047
34.5 2.83333 5.83333 -2.86932 2.40855
1.5 1.5 1.16667 -2.03156 -1.31947
0.5 0.166667 1.83333 3.12065 0.565487
0.5 0.5 1.16667 -2.11534 -0.774926
28.5 10.5 23.8333 1.40324 -0.10472
1.16667 0.833333 0.5 1.15192 -0.314159
1.16667 1.16667 0.166667 1.31947 -2.70177
24.5 31.1667 43.1667 1.48702 -1.86401
0.5 3.16667 0.833333 -2.53422 2.99498
36.5 30.5 47.5 -3.07876 -2.32478
0.166667 1.83333 3.16667 -0.314159 2.86932
2.83333 3.16667 0.166667 1.40324 0.942478
34.8333 25.1667 4.5 0.356047 -0.314159
0.833333 0.833333 7.16667 2.11534 -2.65988
11.8333 5.5 31.5 -0.188496 1.19381
23.5 1.83333 43.5 2.32478 -1.9059
8.5 10.5 47.1667 -0.649263 -1.36136
34.1667 31.5 26.8333 0.816814 -1.5708
18.1667 30.1667 30.8333 -0.272271 1.9059
36.1667 31.8333 3.16667 1.65457 -2.74366
7.16667 0.833333 0.166667 2.45044 2.74366
31.8333 20.8333 22.1667 -0.10472 1.82212
42.8333 13.8333 25.8333 0.816814 -1.61268
0.166667 2.83333 1.83333 -2.70177 2.36667
45.8333 35.1667 48.1667 1.36136 0.984366
0.833333 2.16667 0.833333 1.94779 -2.32478
2.16667 1.16667 0.833333 -2.32478 2.61799
1.5 2.16667 1.16667 -1.69646 0.439823
2.5 0.833333 1.83333 0.314159 -1.15192
2.83333 0.5 0.5 -2.99499 -2.86932
2.16667 38.8333 18.8333 3.12065 2.36667
2.5 2.5 0.5 3.07876 2.53422
46.5 0.833333 5.83333 -2.65988 -1.23569
24.8333 37.5 36.1667 0.188495 -0.816814
1.5 5.16667 0.166667 -2.241 1.94779
31.1667 43.1667 20.5 1.52891 3.07876
26.1667 22.8333 30.1667 0.0209438 -1.69646
1.83333 1.16667 0.166667 -2.99499 2.70177
22.1667 45.5 7.5 -1.9059 -2.45044
0.166667 1.5 0.5 -2.57611 2.11534
3.5 12.5 11.5 -1.48702 2.74366
33.8333 7.5 9.5 -2.74366 -2.99499
2.83333 0.5 26.8333 1.23569 -0.523599
21.5 16.1667 47.5 -2.49233 -0.733038
11.1667 25.1667 18.8333 -1.94779 -1.02625
0.166667 1.16667 0.166667 -0.69115 -0.230384
0.166667 0.5 0.166667 1.23569 -1.86401
22.8333 13.5 45.8333 1.40324 2.19911
1.16667 0.5 0.833333 2.86932 0.481711
4.5 0.5 0.833333 -2.82743 -0.397935
37.1667 49.1667 5.83333 -2.32478 1.78024
45.8333 17.8333 24.5 1.06814 2.70177
12.1667 34.8333 33.1667 1.78024 -1.78024
27.5 40.8333 23.1667 -1.02625 1.94779
41.8333 4.16667 38.5 0.188495 -2.82743
22.1667 10.1667 0.5 -0.733038 -0.439823
3.16667 0.833333 1.16667 -2.53422 2.57611
31.1667 47.8333 38.1667 -2.28289 -2.53422
0.5 3.5 0.833333 -2.28289 2.28289
29.1667 11.5 4.83333 2.241 0.858702
30.1667 45.1667 9.83333 -2.86932 1.69646
20.1667 1.16667 37.8333 0.523599 2.9531
47.1667 47.8333 34.1667 -2.82743 1.31947
30.5 44.8333 13.8333 1.31947 -2.86932
0.833333 0.5 3.83333 -0.607375 -1.94779
39.1667 31.8333 17.1667 -1.78024 -1.06814
18.1667 20.8333 3.16667 2.11534 2.03156
32.8333 8.5 16.1667 -0.314159 1.11003
20.1667 14.8333 30.5 -1.27758 -1.5708
49.5 4.83333 24.8333 -1.61268 2.03156
24.8333 36.1667 35.5 -0.146608 2.91121
1.16667 2.5 1.5 0.397935 1.5708
0.166667 1.16667 1.83333 2.78555 -0.858702
49.5 12.1667 29.1667 -2.40855 2.9531
3.16667 0.833333 0.833333 1.44513 1.36136
1.83333 0.166667 0.833333 -1.82212 1.19381
0.5 0.833333 1.83333 -1.36136 2.65988
25.5 33.8333 27.1667 0.565487 1.5708
0.166667 1.83333 2.5 1.78024 -2.11534
25.8333 22.8333 40.8333 0.523599 1.73835
20.8333 39.5 14.8333 -2.241 1.73835
15.5 2.5 3.16667 -2.86932 2.65988
45.5 1.5 27.5 0.733038 1.44513
34.1667 3.5 49.1667 -3.12065 -1.52891
48.8333 0.833333 12.8333 0.523599 1.15192
2.5 0.166667 0.166667 2.61799 1.98968
22.8333 13.5 26.5 -0.69115 0.188495
25.5 12.5 8.16667 0.188495 -0.062832
0.5 0.166667 0.833333 -0.984366 -2.65988
3.16667 1.16667 1.16667 -0.816814 -2.86932
3.83333 0.166667 2.5 0.356047 1.44513
44.5 33.1667 37.8333 1.82212 1.27758
9.16667 21.8333 15.5 -0.0209441 -2.07345
1.5 0.5 1.83333 3.12065 2.241
15.5 20.5 35.8333 2.32478 3.12065
3.16667 20.8333 19.8333 1.65457 0.858702
11.1667 16.1667 8.83333 1.44513 -0.356047
1.83333 2.83333 0.166667 2.74366 0.188495
1.5 27.1667 40.1667 -2.19912 -1.82212
3.5 0.833333 0.166667 2.70177 2.70177
27.5 18.8333 16.5 -0.984366 0.649262
44.8333 18.5 5.16667 0.356047 -1.61268
0.166667 4.16667 0.166667 2.241 2.99498
41.5 16.5 38.5 -0.188496 -1.98968
29.5 20.1667 24.5 -2.86932 -0.69115
4.16667 0.166667 0.5 2.78555 -0.397935
0.5 0.166667 0.833333 2.74366 1.36136
2.16667 0.166667 0.833333 -0.314159 -0.146608
11.1667 30.8333 41.8333 -2.9531 -2.03156
0.833333 36.8333 4.5 -2.40855 -2.53422
35.5 8.5 42.8333 0.230383 1.52891
0.166667 0.5 0.166667 0.816814 1.86401
1.5 0.166667 1.16667 2.28289 -2.19912
35.5 5.16667 9.16667 -3.03687 2.28289
1.83333 1.83333 2.5 -1.44513 2.07345
0.166667 1.16667 1.16667 -0.272271 -1.15192
20.8333 12.8333 22.5 -0.858702 1.15192
20.5 7.5 36.5 -3.07876 -1.15192
10.1667 36.1667 14.5 1.9059 2.53422
40.5 25.8333 31.8333 -2.82743 -0.356047
0.5 1.83333 1.5 -0.607375 1.15192
3.5 0.166667 2.16667 -0.565487 -1.69646
40.1667 36.8333 11.8333 -0.356047 0.984366
1.83333 2.83333 0.166667 0.607374 3.03687
0.833333 1.16667 0.166667 2.15723 0.230383
4.83333 1.16667 0.166667 -2.28289 2.53422
2.5 2.16667 2.16667 2.78555 -0.397935
1.5 3.5 0.833333 2.53422 2.78555
9.5 29.5 33.8333 -0.314159 -0.062832
15.8333 36.5 30.8333 2.241 -2.78555
16.8333 49.5 39.8333 2.99498 0.230383
39.5 47.8333 40.1667 2.57611 0.356047
2.83333 39.8333 42.5 -0.062832 -1.9059
0.833333 3.5 4.83333 -2.70177 2.61799
0.833333 2.5 0.833333 -2.74366 2.70177
14.5 9.16667 29.1667 -1.61268 1.9059
5.16667 1.83333 0.166667 0.774926 2.61799
1.5 1.5 0.166667 -1.36136 -0.733038
23.1667 5.5 29.1667 -0.69115 -2.11534
3.16667 0.833333 0.166667 1.27758 3.07876
5.16667 0.166667 0.166667 -0.230384 1.27758
2.83333 42.5 13.8333 0.397935 -0.146608
48.1667 39.5 21.8333 -0.565487 1.02625
1.5 0.5 1.5 -2.19912 1.78024
11.5 4.16667 7.83333 -1.31947 -2.57611
2.5 2.16667 0.833333 -1.69646 -1.31947
0.5 0.166667 1.83333 2.36667 2.40855
0.5 0.166667 1.83333 1.94779 -2.91121
4.16667 1.5 0.833333 -1.78024 -2.61799
41.5 41.5 30.5 -2.99499 0.146608
46.1667 23.8333 12.5 0.146608 -3.07876
23.1667 22.8333 30.8333 1.69646 1.06814
5.5 0.833333 0.833333 -1.73835 -0.314159
7.83333 15.5 4.83333 -0.90059 0.0209438
0.5 0.5 2.5 1.15192 -1.44513
28.1667 37.8333 41.8333 -0.188496 2.61799
1.83333 0.5 1.16667 -0.146608 -3.07876
39.5 32.5 7.83333 0.565487 -0.356047
19.8333 24.8333 36.1667 0.481711 2.65988
49.1667 27.1667 26.1667 -1.86401 -3.07876
9.16667 24.1667 8.83333 1.19381 2.78555
48.8333 3.16667 9.5 -0.146608 -0.69115
16.1667 47.1667 37.1667 2.45044 -0.10472
10.1667 48.1667 29.8333 -0.565487 -2.57611
1.5 0.166667 2.5 1.02625 2.15723
1.5 0.166667 2.16667 -0.90059 -2.65988
0.833333 1.5 1.16667 -1.94779 3.03687
6.83333 49.8333 12.5 2.91121 -2.82743
14.5 19.1667 8.83333 -0.90059 0.774926
0.5 2.5 0.166667 2.57611 0.858702
0.5 1.16667 1.83333 2.11534 1.02625
36.1667 44.5 12.1667 -0.230384 -2.74366
3.5 0.166667 0.5 2.82743 -0.356047
4.83333 49.1667 38.5 -0.984366 3.07876
0.5 0.166667 1.16667 -1.27758 0.565487
47.8333 27.8333 9.83333 -2.07345 -1.94779
19.5 40.8333 3.5 2.32478 -0.314159
15.8333 26.5 5.5 -1.48702 -2.70177
2.83333 0.166667 0.166667 -2.9531 -1.19381
2.5 0.166667 1.16667 2.241 0.188495
31.8333 9.16667 6.5 -0.397935 0.272271
9.16667 9.16667 28.5 -1.15192 -1.65457
9.5 29.5 36.1667 -0.356047 1.23569
0.833333 0.5 0.166667 -1.73835 1.65457
40.5 22.5 28.5 -1.73835 -2.03156
4.83333 0.166667 1.16667 2.11534 1.11003
27.8333 42.5 39.5 -0.397935 3.12065
5.5 0.833333 0.166667 -1.36136 -2.45044
40.1667 23.1667 32.5 -2.70177 0.816814
15.5 35.5 45.8333 -1.44513 3.12065
1.5 43.8333 48.1667 -3.03687 -0.272271
36.8333 27.8333 33.1667 -2.74366 2.9531
0.5 1.16667 1.5 0.272271 -1.15192
2.83333 0.833333 0.5 0.356047 2.15723
39.8333 25.8333 15.1667 -1.69646 1.69646
40.1667 36.1667 48.5 -2.03156 -1.48702
3.5 0.5 2.16667 -2.57611 0.984366
44.5 9.5 45.5 -2.19912 -0.565487
0.166667 3.83333 0.5 -0.942478 0.356047
0.833333 1.16667 2.16667 1.61268 -1.19381
2.16667 1.5 5.16667 -2.49233 0.397935
45.1667 16.1667 16.5 -0.397935 -1.5708
3.5 0.166667 0.5 1.48702 1.23569
10.8333 18.8333 6.16667 -0.565487 -2.53422
1.16667 3.5 0.833333 0.942478 1.9059
2.16667 3.83333 0.166667 2.9531 1.44513
30.8333 43.5 11.5 1.5708 -1.44513
23.8333 35.8333 43.8333 -2.11534 0.523599
0.833333 3.5 0.166667 0.69115 -1.73835
17.8333 41.1667 26.1667 1.19381 -1.52891
20.5 43.1667 23.5 2.28289 -0.356047
1.16667 0.5 0.5 1.48702 1.9059
1.83333 0.5 0.166667 -2.99499 -0.565487
2.16667 1.5 0.833333 -1.98968 0.858702
0.833333 0.833333 1.83333 0.0628317 -1.11003
15.8333 34.5 26.1667 2.15723 -2.32478
0.833333 0.5 0.833333 -1.52891 1.19381
0.5 1.5 0.5 -1.9059 -2.61799
23.1667 42.5 30.1667 -2.19912 0.69115
22.1667 2.5 16.8333 -3.03687 1.36136
37.8333 43.1667 43.1667 -1.36136 0.607374
12.5 34.8333 40.8333 -2.49233 -1.9059
0.833333 0.833333 0.166667 2.11534 -1.82212
8.83333 23.5 3.5 -1.02625 -2.241
4.16667 0.166667 0.166667 -0.607375 -1.11003
0.166667 4.5 2.5 -2.74366 2.11534
0.833333 3.5 1.16667 1.61268 3.03687
47.5 7.83333 22.1667 -1.94779 0.69115
0.833333 2.83333 2.5 -1.65457 -2.61799
30.8333 22.5 48.1667 -1.23569 -1.48702
11.5 24.5 13.5 -1.82212 0.439823
9.5 12.1667 15.8333 2.15723 -1.36136
5.16667 0.5 0.833333 -2.241 1.19381
2.5 0.166667 2.5 2.65988 1.69646
7.83333 0.833333 0.166667 -2.19912 -1.31947
4.16667 4.5 0.5 -2.86932 -2.82743
4.16667 34.8333 8.16667 0.523599 3.03687
0.833333 2.5 2.83333 1.06814 2.45044
6.16667 39.1667 4.5 1.98968 -0.565487
1.16667 5.16667 1.83333 -3.07876 1.40324
27.1667 30.8333 29.5 -1.9059 1.19381
1.16667 0.5 5.83333 3.03687 -1.82212
4.5 8.5 0.5 -2.45044 2.19911
1.16667 6.83333 4.83333 2.99498 -2.9531
21.1667 40.5 0.166667 0.314159 0.816814
2.83333 8.83333 0.833333 -2.61799 2.241
19.8333 13.8333 7.16667 -0.062832 -1.36136
4.83333 1.16667 0.5 1.98968 -0.0209441
47.5 33.1667 18.8333 -2.49233 -3.03687
48.8333 3.5 32.5 -0.565487 -1.02625
42.8333 47.1667 13.1667 0.858702 -0.565487
0.166667 4.16667 0.166667 1.40324 1.94779
18.8333 18.1667 48.5 1.15192 -1.73835
39.1667 32.8333 4.83333 2.99498 2.36667
39.5 42.1667 21.1667 1.69646 2.57611
2.5 0.5 1.16667 -2.65988 1.31947
14.1667 14.5 45.5 1.98968 1.27758
20.8333 16.8333 13.5 1.69646 2.91121
9.5 16.5 38.8333 -0.607375 -0.272271
0.166667 2.16667 2.83333 1.36136 2.91121
41.8333 34.1667 25.8333 1.61268 -2.49233
5.83333 0.833333 0.166667 1.61268 -0.984366
5.83333 0.5 1.16667 -3.03687 -2.82743
49.5 41.5 9.83333 -0.649263 -0.649263
21.8333 37.8333 28.8333 -2.65988 3.12065
0.166667 4.16667 2.5 1.06814 2.65988
11.1667 23.8333 24.1667 0.858702 -1.61268
14.8333 38.8333 39.5 -0.10472 -1.9059
0.166667 4.16667 1.83333 -2.03156 2.74366
21.8333 11.1667 30.5 -1.86401 -1.27758
30.1667 4.5 32.5 0.272271 0.90059
22.1667 41.5 40.1667 2.19911 -3.07876
0.5 1.5 2.5 -2.65988 -2.36667
14.1667 43.5 44.5 0.481711 -2.36667
3.83333 1.5 1.16667 -2.65988 -0.0209441
28.1667 35.5 12.1667 2.86932 2.57611
0.833333 0.833333 1.83333 2.49233 -2.57611
35.8333 0.166667 28.5 -2.28289 0.0209438
2.5 2.83333 0.166667 -2.86932 1.02625
0.833333 0.5 2.83333 -2.36667 -1.36136
30.1667 41.1667 19.1667 -1.86401 1.73835
7.16667 0.166667 0.166667 2.07345 0.0628317
47.5 4.83333 16.1667 -1.73835 2.78555
3.5 3.83333 5.83333 -0.90059 1.15192
3.16667 5.83333 0.166667 -2.99499 -2.70177
1.83333 2.5 0.833333 -2.15723 0.272271
48.8333 11.5 14.1667 1.06814 -0.523599
2.83333 0.166667 3.5 2.74366 -0.439823
0.833333 1.16667 3.16667 1.82212 -2.65988
18.5 18.1667 9.16667 1.02625 0.314159
3.16667 0.5 1.5 -0.356047 0.69115
7.83333 36.8333 39.8333 -2.241 2.19911
2.5 0.166667 1.5 -0.230384 1.15192
0.833333 0.166667 1.83333 0.774926 -1.48702
0.833333 0.166667 1.16667 0.607374 -1.48702
2.83333 33.1667 46.5 -2.241 -1.11003
47.1667 33.1667 2.5 1.86401 0.774926
19.8333 46.1667 42.8333 -3.07876 -1.27758
48.5 14.1667 36.5 -2.11534 -2.82743
2.83333 33.1667 28.5 0.984366 2.07345
0.166667 0.833333 2.5 1.9059 -2.91121
29.1667 41.5 6.5 -2.36667 -1.44513
2.5 4.16667 0.5 -2.45044 1.11003
3.16667 21.5 24.5 1.94779 -0.69115
1.5 26.5 41.1667 -2.65988 -1.31947
38.8333 4.5 21.8333 2.61799 0.0209438
0.833333 2.16667 0.833333 -3.12065 -3.07876
0.5 0.166667 3.83333 -2.11534 2.03156
0.833333 0.166667 2.5 -0.481711 -2.11534
5.5 2.16667 0.5 -2.15723 1.9059
0.166667 3.16667 3.5 2.74366 -2.36667
39.1667 16.1667 46.8333 -0.733038 2.40855
4.16667 4.16667 1.16667 -2.53422 1.61268
1.5 30.1667 47.1667 -1.98968 -2.11534
17.5 22.8333 1.16667 2.78555 -0.816814
17.8333 9.5 42.8333 2.07345 1.23569
4.5 3.83333 0.833333 2.78555 0.146608
2.83333 1.83333 0.166667 -2.74366 0.733038
17.5 20.8333 16.5 0.0209438 -1.5708
6.16667 1.16667 0.166667 2.03156 2.53422
3.5 23.1667 17.8333 1.06814 0.649262
0.833333 2.16667 0.5 -0.942478 0.146608
1.83333 0.833333 3.16667 -2.65988 1.48702
6.83333 16.8333 11.1667 0.356047 0.774926
5.83333 41.1667 48.1667 -2.61799 1.23569
0.833333 1.16667 2.16667 3.07876 -1.02625
0.5 0.833333 1.5 -1.94779 1.23569
0.5 1.83333 1.16667 2.65988 -1.78024
1.83333 1.16667 0.166667 1.36136 0.607374
0.833333 2.16667 0.166667 -2.99499 1.73835
15.5 33.8333 5.5 0.69115 0.733038
0.5 0.833333 1.83333 2.78555 -2.78555
44.5 14.1667 27.8333 1.31947 -2.74366
2.16667 2.5 0.5 1.27758 2.15723
19.5 33.8333 42.1667 1.19381 1.86401
1.5 2.16667 0.166667 2.9531 1.61268
30.8333 48.8333 34.5 1.48702 -1.48702
0.166667 0.166667 19.5 -1.69646 -0.69115
35.8333 10.5 17.5 -1.52891 -2.19912
7.16667 12.5 22.1667 -0.062832 0.188495
17.5 41.8333 3.83333 2.49233 -0.733038
0.833333 2.5 1.16667 0.942478 2.241
28.1667 20.8333 35.5 1.94779 0.230383
11.1667 37.5 13.8333 -1.44513 -2.70177
35.1667 34.8333 36.8333 -1.44513 0.397935
0.166667 1.16667 3.5 2.07345 -3.03687
5.83333 0.166667 0.166667 2.45044 0.481711
0.166667 1.16667 2.16667 2.78555 1.44513
44.5 2.16667 12.5 -1.82212 -3.07876
4.16667 0.833333 0.5 0.0628317 -1.86401
25.5 15.1667 2.83333 -0.10472 -1.52891
24.5 17.5 47.1667 2.99498 2.32478
3.83333 1.83333 15.1667 0.607374 -2.28289
3.5 3.83333 1.5 0.188495 2.07345
0.5 0.833333 5.16667 2.78555 -0.10472
38.5 2.16667 49.8333 -0.062832 -0.565487
35.1667 40.1667 42.5 -1.65457 -3.12065
0.166667 1.5 3.16667 -0.942478 0.230383
0.833333 1.16667 1.16667 -0.607375 -0.230384
0.833333 1.5 0.166667 -2.9531 -1.61268
0.5 1.83333 1.16667 2.36667 3.12065
0.833333 1.5 28.1667 1.78024 0.10472
40.5 21.5 41.1667 -2.65988 -0.230384
27.8333 21.8333 23.8333 -3.07876 1.15192
0.166667 1.83333 0.5 1.36136 -2.78555
14.8333 0.166667 27.5 0.230383 2.74366
1.16667 1.16667 0.166667 -2.36667 2.53422
40.1667 44.5 17.1667 2.40855 -1.69646
14.8333 44.1667 45.8333 3.07876 2.19911
49.8333 5.5 12.1667 -1.44513 1.5708
1.83333 1.5 2.5 3.03687 -3.12065
3.16667 3.5 1.83333 -2.86932 -2.91121
7.16667 16.8333 35.1667 -0.230384 -0.188496
11.5 2.83333 24.5 -1.31947 1.82212
0.833333 4.16667 1.83333 2.61799 -3.07876
33.1667 16.1667 45.5 0.188495 -1.31947
9.83333 47.8333 36.1667 -0.69115 -0.146608
33.1667 3.5 6.5 0.314159 0.984366
0.5 3.5 1.5 -2.65988 -2.70177
28.1667 7.5 47.1667 1.65457 -1.9059
9.83333 3.5 38.5 -2.61799 -2.86932
1.83333 7.83333 23.8333 1.36136 0.69115
0.833333 2.16667 3.83333 0.188495 -2.65988
35.5 22.5 1.5 1.65457 1.11003
4.5 27.5 42.8333 1.11003 2.74366
5.16667 0.833333 0.166667 -2.82743 0.733038
23.8333 23.8333 19.8333 1.31947 -0.69115
25.1667 16.8333 3.16667 2.65988 -0.188496
6.5 24.1667 8.16667 -1.98968 -0.356047
4.5 2.5 0.833333 0.90059 2.91121
39.5 28.8333 26.5 -1.27758 0.0209438
35.1667 0.166667 14.1667 -2.45044 -1.5708
0.5 3.16667 1.16667 0.733038 -1.40324
3.5 1.83333 0.166667 -1.02625 3.07876
36.5 20.8333 12.5 1.73835 2.91121
24.1667 40.1667 13.5 -2.57611 1.86401
0.166667 0.5 4.83333 0.607374 2.82743
1.16667 2.5 3.16667 3.07876 2.91121
18.5 20.5 19.5 -2.45044 -0.774926
4.16667 2.16667 0.166667 -2.86932 1.5708
1.16667 1.16667 0.833333 -2.53422 -1.36136
32.5 42.5 29.5 -0.10472 2.15723
7.16667 20.5 46.1667 1.31947 -1.06814
0.166667 1.5 2.16667 0.942478 -0.942478
1.16667 0.833333 0.166667 -0.314159 3.12065
4.16667 26.1667 3.83333 -1.73835 -0.146608
3.16667 2.16667 0.166667 0.10472 2.91121
26.1667 13.8333 41.5 -1.27758 -1.73835
30.8333 14.1667 48.1667 -1.19381 -1.27758
12.5 9.5 14.8333 2.32478 -2.78555
3.83333 1.16667 0.166667 1.23569 -0.188496
3.5 1.5 2.16667 2.9531 -3.12065
23.8333 43.8333 40.8333 -1.11003 3.07876
4.16667 1.5 0.166667 0.188495 1.9059
1.83333 3.5 0.5 1.06814 -1.23569
11.1667 45.5 48.5 0.607374 0.397935
15.1667 33.8333 38.5 -2.99499 -1.69646
1.16667 4.83333 0.166667 0.314159 -2.65988
2.5 2.5 0.166667 -2.9531 -1.73835
4.16667 4.5 0.5 -2.49233 -0.188496
7.83333 5.16667 1.16667 3.03687 2.65988
44.1667 37.1667 34.5 -2.36667 -2.45044
27.8333 2.83333 45.1667 -1.52891 1.11003
43.8333 30.5 40.5 1.78024 -1.5708
30.5 35.1667 13.5 2.15723 -1.23569
11.8333 45.5 2.16667 -3.12065 -0.942478
0.166667 7.5 3.83333 3.07876 -3.07876
0.166667 3.83333 5.83333 -0.816814 -2.91121
0.166667 2.16667 5.5 -2.36667 -2.74366
0.166667 3.5 2.83333 1.02625 -2.86932
13.8333 41.8333 19.1667 -2.45044 -1.31947
8.5 24.8333 17.1667 -2.49233 -2.82743
2.16667 0.166667 0.166667 2.03156 -1.73835
42.5 33.5 22.5 1.31947 -2.28289
17.5 32.5 46.1667 -2.78555 2.07345
0.833333 0.166667 0.833333 2.65988 -0.774926
30.5 10.1667 29.5 -0.439823 -1.36136
0.833333 0.166667 0.833333 -0.0209441 -2.15723
21.1667 15.5 19.1667 -1.15192 -1.31947
2.16667 0.833333 4.16667 0.356047 2.15723
36.8333 38.1667 12.5 1.98968 -2.9531
8.5 48.8333 40.8333 2.49233 -3.12065
27.5 14.8333 32.8333 2.49233 2.07345
0.166667 0.833333 2.16667 -2.49233 -1.82212
20.5 42.5 42.5 1.82212 3.12065
7.16667 18.1667 38.1667 0.649262 2.61799
3.16667 28.1667 23.1667 -2.65988 1.86401
24.8333 33.5 37.1667 0.230383 -2.57611
24.5 5.5 27.5 1.52891 -2.07345
0.166667 1.83333 0.5 1.31947 -1.98968
25.5 16.8333 43.1667 -0.481711 -1.69646
18.1667 14.8333 44.8333 2.82743 1.48702
44.1667 40.8333 31.5 -2.53422 0.146608
7.83333 10.1667 7.16667 2.61799 0.188495
4.83333 1.16667 0.166667 -2.9531 1.06814
3.16667 2.5 0.166667 1.94779 1.78024
4.5 12.8333 10.5 2.11534 0.774926
37.8333 48.1667 9.5 3.12065 -2.45044
15.1667 9.83333 27.8333 -0.188496 -2.99499
34.1667 22.5 34.5 0.816814 1.94779
2.5 0.833333 1.16667 -2.19912 -2.49233
14.1667 7.5 31.1667 2.9531 0.0628317
48.5 27.1667 43.1667 1.9059 2.53422
0.5 1.83333 4.5 3.07876 2.82743
21.5 4.16667 12.5 2.45044 2.40855
25.1667 35.8333 13.1667 1.94779 -0.356047
3.83333 30.8333 39.5 0.69115 -1.94779
13.5 20.5 9.16667 -2.99499 0.607374
0.166667 3.16667 3.5 0.356047 2.82743
1.5 5.16667 0.5 2.78555 -1.06814
2.5 0.5 0.833333 -2.61799 2.91121
0.5 0.5 2.16667 2.03156 2.49233
0.833333 1.16667 0.833333 2.91121 -2.03156
16.1667 7.5 7.16667 -1.9059 2.57611
47.5 15.8333 16.1667 -0.356047 -1.86401
0.5 1.16667 0.166667 -1.02625 0.565487
37.1667 11.5 38.5 2.70177 -0.858702
2.83333 2.5 1.5 -2.40855 0.146608
37.5 15.5 32.8333 -0.272271 2.86932
2.83333 3.16667 2.5 -0.649263 1.65457
45.1667 19.5 47.8333 -2.45044 -2.78555
20.5 4.83333 22.1667 -2.03156 0.481711
4.16667 0.833333 0.5 0.774926 0.90059
1.83333 1.83333 1.16667 1.06814 1.9059
0.833333 2.5 0.5 -2.241 -2.61799
2.83333 0.5 0.166667 -1.11003 -0.146608
1.5 0.5 3.16667 0.188495 1.36136
29.1667 44.1667 48.5 -1.06814 0.649262
49.5 46.5 47.5 0.90059 -2.45044
2.16667 1.5 5.5 -1.65457 -3.03687
20.5 10.5 29.5 3.12065 -0.733038
14.5 25.1667 16.8333 2.19911 -2.65988
1.5 3.83333 0.5 2.78555 2.11534
3.5 2.16667 0.5 -2.49233 -0.230384
16.5 45.5 1.5 -2.82743 -2.241
10.1667 22.5 43.5 -0.858702 -2.61799
39.5 39.8333 9.83333 -1.36136 -2.03156
33.5 9.83333 15.1667 -0.481711 0.146608
7.83333 12.5 12.8333 -0.356047 1.02625
1.83333 1.16667 2.16667 1.31947 -1.15192
34.5 43.1667 38.1667 -1.23569 -2.11534
41.8333 23.1667 21.8333 0.816814 1.65457
0.833333 1.16667 0.166667 2.28289 -2.57611
1.5 0.833333 0.5 0.188495 -0.062832
25.5 19.8333 31.8333 0.816814 -3.07876
7.5 44.5 11.1667 -1.78024 3.07876
0.833333 1.83333 0.833333 0.774926 0.439823
7.16667 43.1667 5.16667 -1.52891 0.816814
0.166667 0.833333 0.166667 2.53422 0.90059
14.8333 35.8333 27.1667 -2.99499 0.481711
16.5 28.8333 1.5 1.19381 2.99498
23.5 38.5 6.5 -0.733038 -2.241
6.5 10.5 41.5 0.942478 1.31947
43.1667 39.5 16.5 2.40855 -2.28289
5.16667 0.166667 0.166667 0.0209438 0.230383
2.5 5.16667 0.166667 -1.86401 2.40855
48.1667 5.5 49.5 2.74366 -0.397935
0.166667 2.16667 2.16667 -2.74366 0.649262
30.8333 29.1667 0.833333 -1.69646 1.27758
36.5 2.16667 2.16667 2.11534 -0.649263
28.5 22.5 43.1667 -2.65988 1.61268
0.166667 1.5 0.833333 1.78024 -0.69115
3.5 0.166667 0.166667 2.32478 1.69646
1.16667 10.1667 37.5 -1.73835 -2.82743
23.1667 27.1667 42.5 -2.45044 -0.90059
1.16667 8.16667 0.166667 -1.48702 -0.10472
14.1667 19.1667 28.1667 0.90059 2.9531
0.166667 2.16667 2.83333 -2.36667 1.94779
1.5 1.16667 1.5 -2.19912 -1.73835
43.1667 36.5 5.16667 -2.61799 1.44513
22.5 15.1667 25.8333 2.15723 -2.9531
10.8333 23.1667 13.5 -1.94779 2.45044
3.83333 1.16667 0.166667 -1.44513 -0.607375
0.5 5.16667 0.833333 -2.82743 2.49233
20.5 22.5 27.5 1.02625 1.40324
9.16667 3.5 16.1667 0.397935 -0.69115
0.833333 0.833333 1.5 -1.73835 -2.65988
14.1667 17.1667 34.5 -1.82212 2.28289
5.16667 0.166667 0.166667 2.61799 0.272271
39.5 33.1667 26.5 -2.57611 -2.07345
38.1667 5.83333 37.5 -2.86932 0.272271
47.8333 39.8333 17.5 0.0628317 -2.40855
30.5 23.5 10.8333 2.99498 -3.07876
9.5 1.83333 0.5 2.9531 -1.73835
31.1667 21.8333 5.5 1.40324 1.5708
9.83333 16.8333 11.8333 2.70177 1.5708
2.16667 3.83333 2.5 1.86401 -2.91121
9.83333 33.1667 24.8333 0.188495 2.78555
45.1667 42.5 49.8333 0.10472 -2.82743
0.833333 6.16667 4.83333 2.99498 -3.03687
15.8333 6.5 18.5 -1.69646 -2.78555
46.5 15.1667 19.8333 2.45044 -2.78555
18.1667 18.8333 10.1667 0.230383 -3.07876
6.5 1.83333 0.166667 -2.9531 2.03156
3.5 3.5 0.166667 -2.53422 0.188495
4.83333 28.8333 46.1667 1.61268 1.69646
28.8333 24.1667 21.8333 -2.99499 2.82743
9.16667 48.8333 29.8333 -0.90059 1.78024
41.5 48.1667 49.5 -1.44513 -1.69646
3.16667 3.5 0.833333 -2.49233 -2.99499
39.8333 4.83333 40.1667 -0.565487 -1.94779
35.8333 16.1667 45.5 1.5708 2.07345
0.166667 7.16667 0.166667 -2.03156 0.230383
4.5 3.16667 0.166667 1.9059 -1.86401
12.1667 38.8333 48.8333 -0.397935 1.31947
0.166667 5.83333 0.166667 0.314159 1.5708
0.5 1.5 4.83333 -1.48702 1.44513
19.8333 34.8333 8.16667 -1.69646 -1.78024
21.1667 2.5 45.1667 1.52891 0.397935
1.83333 25.5 29.1667 1.52891 -1.27758
1.83333 1.16667 1.16667 2.86932 1.65457
0.5 0.833333 0.166667 -2.70177 -2.57611
7.16667 9.16667 49.5 2.70177 1.86401
23.1667 14.8333 9.5 0.733038 -0.69115
25.1667 41.5 13.8333 0.90059 1.19381
22.1667 36.8333 29.5 -1.61268 -1.36136
14.5 35.5 0.5 -0.90059 -0.439823
0.5 2.5 0.166667 -1.40324 2.49233
0.166667 0.166667 5.16667 2.07345 1.94779
0.5 0.5 3.83333 -2.28289 -1.86401
0.833333 7.83333 2.83333 -2.45044 -2.86932
26.1667 39.1667 27.5 -1.52891 -2.82743
7.16667 0.5 0.5 -1.23569 1.78024
43.1667 27.8333 1.83333 -0.0209441 2.241
0.166667 0.166667 2.16667 3.12065 0.565487
0.5 1.16667 0.5 -0.481711 -2.82743
2.83333 31.5 38.5 -0.523599 3.12065
1.5 0.166667 5.5 -0.565487 2.241
0.5 0.833333 1.83333 2.03156 -2.03156
4.83333 1.83333 0.5 -1.15192 -2.65988
0.5 4.5 2.16667 0.858702 -2.19912
1.83333 2.83333 1.83333 -2.57611 -2.61799
0.166667 0.166667 48.8333 -3.03687 2.03156
17.1667 40.8333 49.8333 1.9059 1.65457
7.83333 41.1667 39.5 -2.03156 -0.90059
21.1667 15.1667 38.8333 2.241 1.9059
1.16667 2.5 3.16667 -2.99499 -2.19912
4.83333 0.166667 0.5 2.91121 -0.733038
2.16667 4.16667 1.16667 -3.03687 2.70177
0.166667 1.83333 5.16667 -1.94779 -2.9531
2.83333 1.5 2.83333 1.5708 0.314159
12.5 49.8333 5.5 2.70177 1.52891
23.1667 16.1667 47.5 -2.11534 -0.439823
5.16667 0.166667 0.166667 2.45044 -0.272271
2.16667 4.16667 2.16667 2.99498 2.9531
20.8333 36.8333 48.1667 -2.28289 2.65988
9.5 11.8333 21.1667 -1.23569 1.48702
46.8333 15.8333 40.8333 -0.272271 -0.565487
22.1667 44.5 2.5 -0.942478 0.649262
0.166667 2.83333 2.5 -2.45044 -2.57611
2.83333 4.83333 0.5 -2.53422 -2.86932
3.5 6.16667 0.5 2.70177 -2.32478
0.166667 1.5 3.83333 -3.03687 2.53422
34.1667 3.83333 2.83333 1.48702 0.397935
1.16667 2.16667 0.5 2.32478 -2.86932
1.16667 1.16667 0.166667 -3.07876 2.9531
19.1667 10.8333 8.16667 -0.565487 -2.36667
0.5 1.16667 3.16667 -2.11534 2.15723
30.1667 17.8333 15.8333 -2.82743 -2.03156
0.5 1.5 0.833333 1.31947 -2.78555
23.8333 2.16667 23.8333 3.03687 2.99498
7.16667 8.5 13.5 0.816814 -1.61268
3.83333 22.5 46.5 1.27758 -0.10472
0.5 4.83333 0.166667 -1.82212 -2.86932
3.5 3.83333 0.833333 -1.82212 1.98968
0.166667 2.16667 2.5 0.649262 -2.32478
30.1667 2.16667 32.5 -0.858702 3.03687
2.16667 1.83333 3.83333 0.188495 1.48702
4.83333 0.5 0.5 -0.397935 0.314159
0.833333 1.5 4.83333 -1.61268 2.15723
14.1667 47.5 48.8333 1.5708 -1.94779
5.16667 0.5 1.83333 2.74366 -2.32478
2.5 2.5 2.83333 -2.61799 -3.03687
16.8333 11.8333 42.1667 -2.36667 -2.45044
0.5 1.83333 5.16667 -0.942478 -3.12065
30.8333 44.1667 31.1667 1.73835 -2.99499
0.5 20.1667 18.8333 -1.31947 -1.69646
2.16667 1.5 1.5 2.70177 -2.99499
14.5 2.83333 28.1667 -1.02625 0.90059
9.83333 18.5 29.8333 0.565487 2.53422
48.1667 47.8333 47.5 -1.44513 0.188495
42.8333 18.1667 38.1667 -2.61799 -2.57611
2.83333 2.16667 0.833333 2.74366 -1.69646
2.16667 4.5 0.166667 2.32478 0.69115
0.5 0.5 7.16667 -0.984366 1.5708
5.5 1.16667 0.166667 -1.02625 -0.90059
1.16667 29.5 36.8333 -1.44513 1.52891
15.8333 2.5 37.5 -1.40324 2.78555
0.166667 4.5 1.83333 2.78555 -2.70177
36.8333 11.5 8.16667 -1.73835 -1.9059
43.8333 40.8333 32.5 2.9531 -0.272271
2.5 0.833333 3.5 3.03687 -2.49233
0.166667 1.5 2.16667 2.65988 1.73835
18.8333 42.5 29.5 1.48702 -3.03687
2.5 0.5 2.5 -0.774926 3.03687
0.5 46.8333 42.1667 0.942478 -1.78024
4.83333 21.8333 32.8333 2.91121 2.53422
13.8333 11.1667 40.5 -0.858702 3.03687
0.833333 4.83333 1.83333 -0.90059 2.91121
30.1667 24.1667 20.8333 2.57611 -3.12065
36.1667 45.5 42.5 -0.062832 -1.36136
38.8333 23.8333 10.1667 -0.816814 1.11003
0.5 3.5 1.83333 -2.61799 -3.12065
4.83333 40.5 21.8333 0.314159 0.356047
7.16667 2.5 0.5 -3.12065 -0.10472
49.5 19.5 36.1667 -2.32478 -2.28289
43.5 30.1667 16.5 -2.9531 1.19381
1.83333 1.5 5.16667 2.07345 -2.86932
30.1667 40.8333 35.8333 2.36667 2.53422
7.16667 39.8333 37.8333 1.98968 0.69115
0.5 1.5 1.83333 -2.78555 1.61268
1.5 1.16667 1.5 -0.649263 -1.98968
0.166667 0.5 2.83333 -0.146608 2.74366
5.83333 0.166667 1.5 -1.52891 0.942478
2.5 0.833333 0.833333 -2.241 -2.9531
0.5 3.5 0.5 1.15192 2.36667
0.166667 1.16667 3.83333 -1.61268 1.52891
0.166667 4.16667 0.166667 3.12065 -3.12065
0.166667 0.833333 1.83333 -2.15723 2.70177
1.5 0.166667 1.16667 -2.45044 1.69646
29.8333 8.5 44.8333 -1.61268 -2.70177
2.5 0.166667 0.5 1.9059 -2.78555
2.16667 3.5 0.166667 -2.36667 -2.11534
0.5 1.16667 0.166667 0.90059 -1.44513
2.16667 0.5 3.5 -2.11534 1.44513
4.83333 15.5 49.5 -2.74366 0.858702
36.5 10.5 41.8333 -1.31947 0.397935
0.166667 1.5 3.16667 0.565487 1.19381
1.83333 1.5 1.16667 -2.45044 2.40855
15.1667 13.1667 20.5 2.61799 1.48702
0.5 1.83333 5.83333 1.61268 3.03687
2.5 0.5 0.166667 -1.02625 0.397935
13.8333 25.5 11.5 -0.565487 2.28289
0.166667 1.5 0.833333 -1.61268 1.9059
39.1667 35.5 38.1667 2.57611 -0.565487
0.166667 0.5 1.5 2.32478 -0.90059
2.16667 0.5 0.166667 -0.816814 -2.07345
16.5 25.5 32.1667 -2.241 0.439823
0.166667 1.16667 1.16667 2.03156 2.74366
1.5 0.833333 0.166667 3.12065 -2.61799
1.16667 1.16667 0.166667 -2.61799 -2.70177
1.16667 22.5 28.1667 -2.15723 -0.356047
49.8333 27.1667 26.8333 -2.241 2.53422
46.8333 15.5 29.1667 1.31947 -2.11534
1.16667 2.16667 0.166667 -2.82743 0.146608
20.1667 28.1667 49.5 -1.9059 2.78555
12.8333 38.5 4.83333 1.69646 -0.523599
0.166667 0.166667 1.5 -1.48702 0.607374
2.16667 0.166667 1.16667 -0.481711 -2.86932
0.166667 0.833333 0.166667 -2.241 -2.11534
0.833333 0.5 0.166667 1.19381 -0.523599
30.5 46.1667 1.5 -2.28289 -2.65988
0.833333 34.5 6.5 -0.272271 -0.481711
45.1667 24.8333 30.1667 -0.188496 2.74366
13.8333 22.5 8.16667 -1.27758 1.86401
1.83333 0.166667 0.5 -2.74366 1.9059
41.1667 48.8333 2.16667 3.03687 0.0628317
25.8333 36.8333 34.5 1.48702 -0.774926
6.83333 49.5 21.1667 -0.272271 -2.28289
2.16667 2.83333 0.166667 2.61799 -2.03156
45.1667 26.1667 19.1667 2.74366 -0.90059
0.833333 0.5 3.16667 1.02625 2.53422
0.833333 0.166667 1.5 -2.78555 -1.06814
29.5 41.1667 22.5 -0.607375 -0.0209441
1.83333 45.1667 48.1667 0.272271 1.31947
17.8333 7.16667 31.5 1.23569 -1.19381
46.1667 18.1667 42.5 1.48702 1.98968
49.5 5.5 4.83333 0.565487 1.61268
39.1667 46.1667 7.16667 0.774926 1.52891
1.83333 0.166667 0.5 2.03156 0.733038
1.16667 0.5 0.5 -1.19381 -2.19912
2.83333 0.833333 0.833333 -0.774926 2.78555
40.5 12.5 9.5 -2.61799 -1.69646
1.5 0.833333 1.5 -1.02625 -1.94779
0.833333 0.833333 0.5 0.10472 1.82212
1.83333 0.166667 1.83333 -0.733038 0.356047
1.5 2.5 0.166667 1.23569 -0.356047
36.5 25.1667 18.5 1.02625 -1.65457
27.8333 19.5 25.8333 2.78555 -1.78024
30.8333 27.8333 39.8333 -2.11534 1.52891
15.5 15.5 24.8333 1.82212 -1.73835
0.5 0.166667 9.16667 0.69115 0.230383
38.1667 23.8333 43.1667 -2.65988 -3.12065
1.16667 1.5 1.5 2.70177 2.9531
4.83333 0.5 0.5 -0.356047 0.69115
49.8333 45.5 3.16667 1.27758 -0.984366
36.8333 27.1667 40.1667 1.36136 -0.523599
0.166667 0.833333 2.83333 1.98968 2.82743
3.16667 2.83333 1.5 -2.241 2.65988
0.166667 4.83333 2.83333 -0.816814 2.65988
14.5 12.8333 29.1667 1.11003 -2.49233
11.8333 14.5 0.166667 -0.314159 -1.48702
19.1667 39.8333 23.1667 -1.61268 0.397935
4.16667 3.5 0.166667 3.03687 2.11534
12.8333 44.8333 46.5 1.94779 -0.397935
5.5 1.16667 0.166667 2.15723 2.19911
32.1667 49.8333 34.1667 -2.70177 3.03687
2.5 6.83333 0.166667 2.40855 -1.27758
4.83333 0.166667 0.166667 -2.03156 -0.062832
47.1667 29.8333 36.1667 1.78024 -1.36136
6.83333 31.5 9.83333 -1.82212 -0.146608
0.166667 3.83333 0.166667 2.40855 -2.57611
3.5 0.166667 0.833333 -0.439823 2.241
2.5 0.5 2.83333 -0.10472 1.36136
0.166667 2.5 1.16667 -2.45044 -1.23569
8.5 1.83333 16.8333 -1.44513 1.52891
18.1667 35.5 15.8333 -1.5708 3.03687
45.5 28.1667 49.5 1.9059 0.146608
19.8333 41.8333 23.8333 2.9531 1.11003
0.5 1.16667 1.16667 -0.942478 0.523599
2.16667 0.166667 1.16667 1.98968 0.188495
47.8333 42.1667 34.8333 -1.02625 1.78024
0.166667 0.166667 1.16667 1.15192 -2.19912
0.5 1.5 2.83333 2.82743 1.36136
45.1667 14.8333 26.8333 -1.48702 0.356047
40.8333 48.5 2.83333 2.65988 0.230383
19.1667 23.5 4.16667 1.19381 -3.07876
31.8333 1.16667 37.1667 0.984366 -2.36667
2.83333 2.5 0.833333 0.565487 2.9531
33.5 22.1667 29.5 1.94779 -2.07345
45.1667 31.5 2.16667 -0.942478 1.9059
4.83333 1.5 1.5 -2.53422 -3.03687
20.5 3.83333 39.1667 -1.19381 1.23569
1.83333 3.83333 0.5 -2.32478 1.11003
4.16667 0.833333 1.16667 -0.733038 -2.19912
39.8333 12.5 49.5 2.9531 1.23569
29.8333 5.16667 35.1667 2.45044 -0.607375
25.1667 26.8333 39.5 2.86932 2.07345
0.833333 0.166667 2.83333 -1.23569 -1.48702
4.16667 0.166667 0.5 1.86401 0.90059
7.16667 47.5 7.5 -0.607375 -1.36136
25.8333 3.83333 20.5 -1.52891 -0.397935
25.5 32.5 9.83333 1.31947 0.607374
8.16667 26.5 28.1667 -0.356047 2.82743
0.166667 0.166667 0.166667 1.5708 -2.9531
3.5 0.166667 0.166667 -2.49233 0.733038
1.16667 0.166667 0.166667 -1.73835 1.78024
0.5 1.5 0.5 -0.984366 1.61268
22.8333 37.8333 29.5 1.11003 2.45044
29.1667 40.1667 49.8333 -2.91121 -0.649263
35.8333 8.83333 6.16667 -0.481711 1.98968
0.166667 0.166667 2.16667 2.61799 0.397935
0.5 1.5 1.16667 2.03156 -2.32478
0.5 3.83333 0.166667 1.86401 -1.94779
4.5 4.16667 1.5 3.03687 2.19911
32.8333 13.8333 4.5 1.94779 -2.19912
3.83333 0.166667 0.166667 -1.11003 1.06814
11.5 32.8333 48.1667 0.942478 3.12065
22.5 23.8333 16.5 1.94779 -3.12065
0.5 0.833333 4.5 2.86932 -2.57611
49.5 2.83333 11.5 0.397935 -1.02625
2.5 1.16667 1.83333 -1.02625 1.86401
4.5 2.16667 1.5 2.91121 -0.230384
0.166667 5.5 0.166667 0.858702 2.65988
8.83333 40.1667 18.1667 0.942478 -0.607375
0.166667 0.166667 5.5 -0.523599 -1.65457
18.8333 44.5 45.5 -1.44513 1.31947
0.166667 2.83333 1.5 1.73835 0.649262
3.16667 2.16667 0.833333 2.9531 0.90059
0.166667 6.16667 1.16667 1.40324 2.49233
0.833333 1.83333 2.16667 -2.19912 -2.241
23.1667 41.8333 34.5 1.19381 -2.19912
0.5 4.5 0.166667 2.15723 0.481711
0.5 1.83333 0.5 0.607374 1.31947
0.833333 0.833333 0.5 1.73835 0.816814
23.5 9.83333 11.5 -0.439823 -1.5708
3.83333 0.166667 0.166667 -1.40324 -0.774926
48.5 17.8333 32.1667 1.61268 -2.11534
1.5 2.83333 4.5 -0.439823 2.07345
1.83333 0.833333 1.5 0.481711 0.816814
1.16667 2.16667 1.16667 -1.40324 1.31947
6.16667 24.8333 15.5 -1.23569 -0.062832
1.16667 3.16667 0.833333 -0.733038 0.816814
20.8333 1.5 8.16667 -0.649263 -0.774926
0.5 2.83333 0.5 0.523599 -1.61268
17.1667 11.5 24.1667 2.36667 1.48702
2.5 0.166667 0.5 3.03687 0.942478
1.16667 0.166667 0.833333 -2.15723 -0.062832
39.1667 46.1667 24.1667 -2.57611 -2.32478
1.16667 0.166667 0.5 -0.481711 -2.36667
1.16667 2.5 0.166667 -1.02625 -1.78024
2.16667 0.5 1.16667 0.230383 0.356047
10.8333 31.5 13.1667 -2.57611 2.82743
1.5 1.83333 0.166667 -1.61268 -0.607375
30.8333 45.5 37.1667 2.32478 1.98968
6.5 31.8333 48.5 -2.57611 2.99498
49.1667 32.1667 6.83333 -0.481711 1.82212
0.5 8.16667 0.166667 -2.70177 -0.607375
1.5 17.8333 31.1667 1.9059 -2.45044
4.83333 2.16667 1.16667 -2.28289 -0.858702
42.1667 18.1667 16.8333 -0.523599 -1.61268
24.8333 1.16667 10.1667 -0.90059 -0.942478
42.5 26.5 29.1667 -0.356047 -1.94779
0.166667 0.833333 4.83333 2.53422 -2.36667
0.833333 5.5 0.166667 -2.82743 1.9059
1.83333 2.83333 0.166667 2.78555 -0.481711
0.5 1.5 1.5 1.23569 1.5708
1.16667 1.5 0.5 1.73835 0.607374
31.8333 31.8333 6.16667 -1.94779 1.78024
1.16667 0.166667 0.5 -0.649263 -3.12065
47.8333 43.5 44.1667 -0.733038 1.31947
0.5 0.166667 0.5 -3.12065 1.11003
16.5 17.8333 49.1667 -1.02625 0.565487
34.5 34.1667 38.8333 -1.73835 -0.649263
0.166667 0.166667 0.5 -1.94779 1.5708
3.83333 0.5 0.833333 -1.86401 -0.523599
32.8333 12.8333 30.5 -0.984366 -1.78024
21.5 33.1667 18.5 -0.774926 1.65457
31.5 47.1667 37.8333 -1.11003 1.40324
34.5 7.5 16.1667 -1.44513 -2.99499
26.5 46.1667 37.1667 -0.314159 2.40855
31.8333 20.1667 48.8333 -1.78024 -1.02625
1.16667 1.16667 3.83333 2.65988 -3.12065
0.833333 4.83333 4.16667 1.52891 2.28289
3.5 1.83333 1.5 2.91121 -1.73835
3.5 1.5 0.833333 -1.44513 -1.23569
1.16667 3.5 0.833333 0.0209438 2.32478
13.8333 9.5 23.5 -0.69115 1.02625
22.8333 0.166667 3.16667 -2.99499 3.12065
0.166667 2.16667 1.83333 0.439823 -0.481711
0.166667 1.83333 1.16667 0.733038 -1.31947
1.5 0.833333 0.166667 1.40324 1.65457
29.1667 22.8333 23.1667 0.146608 -1.69646
3.16667 0.166667 6.5 -2.11534 -1.06814
30.8333 20.8333 20.5 -0.69115 -1.9059
0.5 5.83333 2.83333 -2.19912 -2.57611
14.5 5.5 32.8333 -1.27758 -2.49233
41.8333 25.5 2.83333 2.99498 2.36667
0.166667 4.83333 0.166667 2.74366 2.65988
0.5 0.166667 2.16667 -0.69115 0.816814
1.16667 0.5 0.5 -1.02625 -0.397935
0.5 2.5 0.166667 0.10472 1.61268
2.83333 1.16667 0.166667 -2.11534 -3.07876
23.5 35.5 46.1667 0.565487 3.12065
2.5 4.5 0.166667 -2.28289 -2.32478
4.5 1.16667 3.5 2.61799 -2.91121
1.83333 4.83333 2.5 -2.19912 -2.74366
1.83333 20.8333 2.16667 -2.03156 -2.28289
24.5 43.8333 2.5 1.40324 2.9531
0.166667 7.83333 1.16667 -0.356047 -2.86932
0.166667 1.83333 4.5 -0.523599 -2.241
38.1667 34.5 47.5 -2.11534 -2.49233
2.16667 42.5 34.1667 2.78555 -1.69646
0.833333 1.16667 2.83333 -2.99499 -3.03687
18.1667 27.1667 10.8333 2.82743 0.90059
2.16667 0.166667 4.83333 1.73835 2.03156
3.5 3.16667 2.83333 2.78555 2.49233
8.83333 21.5 23.8333 0.397935 2.241
5.5 0.166667 0.5 2.65988 -0.69115
2.5 4.5 3.5 3.12065 2.65988
0.166667 6.83333 0.833333 -0.649263 2.36667
29.5 39.1667 5.5 -1.73835 2.28289
45.8333 36.5 14.5 1.82212 -1.65457
13.5 30.1667 41.8333 2.03156 -1.65457
41.1667 1.83333 17.1667 -1.52891 1.65457
30.8333 7.5 25.5 -1.82212 -1.69646
7.83333 1.16667 0.166667 1.82212 0.272271
8.83333 1.16667 0.166667 -2.40855 -1.11003
20.5 13.1667 10.8333 2.32478 0.356047
0.166667 34.5 30.1667 -0.10472 0.146608
8.5 1.83333 1.16667 -0.146608 0.356047
46.8333 0.833333 29.8333 0.858702 -0.649263
0.833333 6.83333 0.833333 -1.94779 -3.03687
39.1667 38.5 13.5 2.57611 0.230383
0.166667 3.5 4.83333 -2.53422 -2.86932
0.166667 1.16667 2.5 -1.73835 2.9531
0.5 2.16667 2.5 2.70177 0.0209438
46.8333 35.5 12.5 -0.062832 0.774926
18.5 6.83333 10.8333 -1.40324 -2.36667
37.5 33.5 28.5 2.36667 -2.61799
1.83333 0.166667 3.16667 -1.40324 2.11534
21.5 14.8333 16.5 0.146608 1.15192
23.8333 4.16667 21.8333 0.90059 0.942478
9.83333 25.5 18.1667 2.07345 1.69646
1.83333 0.166667 2.83333 0.230383 -2.11534
0.5 0.166667 4.16667 -0.439823 1.69646
1.16667 2.16667 2.16667 2.91121 -1.69646
3.83333 5.83333 0.5 -3.07876 -2.61799
0.5 6.83333 1.16667 2.86932 2.45044
4.16667 1.5 0.166667 -2.70177 2.241
2.5 24.8333 19.1667 -2.241 -2.57611
9.16667 6.5 20.1667 -0.90059 -0.314159
0.5 13.5 49.1667 -1.5708 1.15192
2.83333 2.83333 0.166667 -2.82743 -2.57611
10.1667 0.833333 0.5 2.19911 -2.9531
1.16667 0.833333 5.83333 2.82743 2.40855
4.5 5.83333 0.166667 2.74366 2.53422
44.5 36.5 28.5 0.984366 0.397935
7.83333 21.1667 38.1667 -0.649263 0.90059
0.166667 2.5 2.83333 0.984366 2.86932
7.16667 0.166667 0.5 0.90059 -2.99499
22.8333 19.8333 18.8333 -3.12065 -0.356047
0.5 3.16667 0.5 2.74366 -2.99499
1.5 1.5 0.833333 2.45044 1.5708
1.16667 1.5 2.5 0.230383 -2.45044
0.833333 0.166667 2.5 2.15723 0.942478
36.1667 26.5 9.83333 2.28289 -2.15723
1.16667 0.166667 1.5 2.32478 -1.36136
1.5 0.5 0.833333 2.91121 1.52891
3.16667 0.166667 0.166667 0.0209438 2.03156
30.5 11.5 0.166667 -1.78024 2.28289
41.8333 4.16667 38.8333 3.12065 -0.565487
0.166667 30.5 29.1667 1.23569 -1.06814
1.16667 0.833333 0.833333 2.19911 2.57611
44.1667 20.1667 48.1667 -1.27758 0.984366
9.5 35.1667 12.5 -2.61799 -1.69646
5.16667 1.16667 0.5 -2.53422 2.49233
0.166667 3.5 2.83333 1.23569 2.28289
26.5 29.5 35.1667 -1.36136 -2.49233
3.83333 1.83333 0.833333 2.57611 0.523599
5.83333 1.5 0.166667 2.70177 -0.565487
5.5 0.833333 0.5 -2.86932 -1.86401
5.16667 22.1667 43.5 2.40855 -2.61799
1.16667 0.5 3.5 1.11003 -1.27758
0.166667 1.5 0.166667 -3.12065 2.28289
34.8333 47.8333 3.16667 2.70177 -1.36136
0.5 1.83333 0.833333 -2.99499 -2.65988
22.5 19.8333 45.8333 1.44513 -0.314159
46.5 32.1667 22.1667 1.44513 -2.57611
21.5 5.83333 40.8333 0.10472 -2.86932
0.833333 1.16667 3.16667 1.31947 -2.86932
0.5 3.83333 1.16667 -2.78555 2.11534
47.8333 30.1667 14.1667 1.82212 -2.03156
0.833333 3.83333 0.5 1.06814 -1.94779
0.5 4.5 2.16667 -1.52891 2.28289
1.16667 4.83333 0.833333 2.49233 -1.98968
23.8333 7.83333 1.83333 -1.69646 2.03156
1.5 0.166667 0.166667 0.0628317 1.19381
12.1667 26.5 26.5 1.69646 2.53422
5.83333 0.166667 0.833333 -1.73835 -0.816814
11.1667 24.5 14.1667 -1.27758 -1.02625
0.5 0.5 4.83333 -1.82212 -1.15192
4.5 1.83333 0.166667 2.82743 3.03687
22.8333 34.8333 26.1667 0.230383 0.984366
5.83333 4.5 0.5 3.12065 -0.649263
7.16667 44.8333 13.1667 -2.15723 2.70177
0.5 2.5 4.5 -2.82743 -3.03687
2.5 4.16667 0.166667 -2.19912 2.82743
30.1667 33.5 13.8333 2.19911 -1.23569
0.5 5.83333 1.16667 -0.356047 3.12065
2.16667 0.166667 3.5 1.06814 -2.82743
7.83333 15.1667 20.8333 2.57611 1.02625
26.8333 10.5 17.5 -2.15723 -0.858702
0.166667 1.16667 4.5 -0.984366 2.19911
40.1667 7.16667 1.16667 -0.356047 0.0628317
1.16667 1.83333 0.5 -0.649263 -2.57611
41.8333 10.8333 46.5 1.19381 2.9531
0.833333 0.166667 2.16667 1.40324 2.9531
1.83333 0.833333 0.5 -2.99499 -0.607375
1.83333 0.833333 0.5 -3.12065 -2.91121
3.5 0.833333 1.16667 3.12065 2.241
2.5 45.5 45.5 3.12065 0.607374
0.5 7.83333 48.5 -0.356047 -1.15192
0.833333 6.5 0.166667 0.774926 2.03156
1.5 5.5 0.5 2.70177 -2.32478
0.166667 1.16667 8.5 0.0628317 -2.91121
18.1667 48.5 15.8333 0.314159 -1.23569
3.16667 2.5 2.16667 1.65457 2.40855
1.5 3.5 2.16667 -2.91121 2.9531
28.1667 18.5 42.1667 1.94779 -2.74366
0.166667 0.166667 5.16667 1.11003 -1.61268
0.833333 1.83333 0.166667 2.36667 -1.36136
39.8333 48.1667 9.5 1.82212 0.0628317
0.5 1.16667 0.833333 1.73835 0.188495
0.166667 39.5 11.1667 1.36136 -2.65988
3.16667 0.166667 0.166667 -0.90059 -1.48702
7.5 17.1667 18.8333 2.61799 -0.649263
1.83333 0.5 0.166667 -2.78555 1.5708
4.16667 0.833333 0.166667 2.11534 -1.52891
1.16667 3.83333 0.5 1.02625 1.86401
5.5 3.16667 0.5 -2.15723 -2.49233
0.166667 3.5 2.5 0.565487 -2.82743
8.16667 0.5 0.833333 -1.23569 1.23569
1.16667 41.5 25.1667 -3.03687 1.27758
46.5 39.8333 44.8333 -2.53422 -0.356047
44.8333 30.8333 44.8333 -0.733038 0.858702
27.1667 29.8333 42.8333 2.15723 -1.98968
25.8333 45.5 34.8333 -0.481711 1.65457
1.83333 0.166667 3.5 -2.36667 0.607374
0.166667 1.83333 0.5 1.23569 -2.91121
32.8333 21.5 23.8333 2.49233 1.94779
45.1667 41.5 42.8333 2.86932 -2.28289
0.166667 0.5 2.5 -0.942478 -0.649263
48.1667 9.5 37.5 -0.481711 2.45044
4.16667 0.833333 0.166667 0.10472 2.9531
1.83333 0.5 0.833333 0.481711 2.57611
0.5 0.166667 0.833333 -2.19912 2.241
1.5 0.166667 0.5 1.31947 0.984366
28.1667 30.8333 37.5 0.397935 -0.146608
0.833333 0.166667 1.83333 -2.74366 -1.27758
0.166667 0.166667 1.16667 1.06814 -2.36667
38.5 29.8333 28.1667 -1.36136 -2.28289
0.5 0.833333 1.16667 -0.69115 2.65988
0.5 0.166667 2.5 -1.23569 -0.439823
41.1667 29.1667 4.83333 -2.15723 1.98968
41.1667 40.1667 31.5 -2.9531 -1.40324
38.8333 14.5 14.8333 -0.816814 1.48702
0.5 1.5 0.166667 2.32478 -2.53422
3.83333 1.16667 0.166667 -3.12065 0.90059
28.1667 40.8333 35.8333 2.61799 2.57611
12.8333 39.1667 2.16667 -1.61268 2.9531
41.8333 37.1667 43.1667 -0.188496 -2.40855
30.8333 15.8333 4.83333 1.65457 0.188495
0.5 3.16667 2.83333 -0.649263 2.53422
1.5 1.83333 2.5 -1.23569 -2.70177
28.8333 15.1667 7.5 -1.86401 -1.73835
1.5 2.16667 1.16667 2.99498 -2.99499
2.16667 2.16667 0.5 -2.32478 0.481711
20.5 16.1667 11.8333 -0.90059 2.32478
0.166667 2.83333 1.83333 1.82212 2.86932
30.5 29.5 14.5 -2.86932 0.565487
0.5 6.16667 0.166667 -2.65988 -2.91121
42.8333 3.5 45.8333 -1.19381 1.27758
4.16667 1.16667 2.16667 2.61799 -2.78555
30.5 25.1667 26.1667 2.53422 2.9531
4.16667 30.1667 7.5 2.19911 1.11003
37.1667 14.5 9.5 -1.40324 0.858702
0.166667 2.5 6.16667 -1.23569 -2.82743
4.83333 1.5 0.166667 -2.57611 0.942478
10.1667 0.833333 42.8333 0.858702 2.49233
4.5 1.16667 3.16667 -2.53422 -2.11534
5.83333 0.5 1.83333 -0.565487 1.11003
49.1667 34.5 48.8333 2.241 2.241
34.8333 24.8333 1.83333 1.52891 1.86401
7.83333 44.8333 35.8333 -3.07876 -0.481711
1.83333 0.5 2.83333 -0.0209441 -2.15723
33.8333 7.83333 36.8333 3.03687 -1.61268
10.5 24.8333 6.5 -2.99499 2.241
14.5 23.1667 24.5 -0.397935 1.69646
1.5 2.83333 1.16667 2.49233 0.90059
5.16667 0.166667 0.5 -2.11534 0.481711
48.1667 3.83333 2.5 2.65988 -1.36136
47.1667 25.8333 24.5 2.03156 -0.062832
1.5 10.5 0.833333 -2.91121 -2.74366
4.16667 4.16667 0.166667 -2.15723 2.74366
0.166667 4.16667 2.5 2.15723 -2.241
35.5 35.8333 26.5 1.86401 -1.61268
42.1667 8.5 15.1667 -1.15192 0.146608
39.1667 15.8333 30.5 1.40324 -1.23569
1.83333 2.5 2.16667 2.78555 -2.74366
25.5 17.5 42.1667 1.06814 1.31947
27.8333 13.1667 12.8333 -0.69115 -1.78024
0.833333 0.833333 1.5 -2.32478 -2.78555
16.1667 7.83333 17.1667 -2.91121 -2.32478
0.166667 0.833333 0.833333 0.858702 1.31947
0.166667 3.16667 0.5 -1.61268 0.272271
0.166667 3.83333 0.5 -1.98968 -1.86401
35.5 8.5 12.1667 -2.32478 -2.70177
6.5 26.8333 41.8333 2.70177 -0.230384
2.5 3.83333 0.166667 -3.07876 3.12065
3.5 0.5 0.5 -2.57611 2.82743
1.16667 1.83333 1.16667 2.36667 2.19911
3.16667 1.16667 1.16667 3.07876 0.314159
9.83333 30.5 35.1667 1.40324 -0.649263
15.5 48.1667 8.83333 0.774926 2.40855
39.1667 34.1667 6.16667 0.733038 2.57611
1.83333 1.16667 0.833333 -1.06814 2.61799
1.16667 1.16667 1.5 2.241 -1.98968
0.5 0.833333 0.833333 1.23569 -0.188496
18.5 23.1667 35.5 1.19381 2.70177
30.1667 9.5 13.5 0.314159 1.94779
34.5 5.16667 30.8333 1.65457 2.03156
48.5 47.1667 11.1667 -1.73835 -2.57611
36.8333 44.1667 14.8333 0.942478 2.57611
7.5 40.1667 13.5 1.82212 2.07345
16.8333 44.8333 32.5 -1.48702 -0.272271
17.5 44.8333 21.1667 -1.27758 3.12065
40.8333 23.1667 12.5 0.607374 1.19381
1.83333 2.83333 0.166667 -2.241 -0.10472
0.166667 0.166667 2.5 -1.36136 -0.733038
38.1667 2.5 15.5 -0.565487 0.649262
1.16667 1.16667 0.5 -2.86932 -0.523599
9.83333 34.8333 18.5 2.91121 -1.11003
0.833333 3.83333 0.5 -1.40324 2.9531
2.5 1.5 2.5 1.73835 2.99498
12.1667 30.5 44.5 1.5708 2.86932
3.83333 2.5 1.5 2.32478 2.28289
49.8333 30.1667 35.5 -0.188496 -0.523599
1.5 0.5 0.833333 0.774926 2.70177
0.833333 0.833333 0.5 -0.942478 -2.82743
2.83333 1.16667 0.5 -1.86401 0.397935
38.8333 1.5 10.8333 1.98968 -1.15192
1.83333 0.833333 2.5 2.53422 -1.02625
13.1667 3.5 29.1667 0.858702 -1.94779
0.833333 3.83333 0.166667 -1.19381 -2.32478
24.5 41.5 3.16667 2.07345 2.74366
29.5 18.5 29.1667 2.36667 1.86401
9.16667 34.5 48.5 0.858702 1.36136
43.5 2.16667 15.1667 -0.816814 1.78024
1.83333 3.16667 0.5 2.70177 -0.314159
41.8333 34.5 0.833333 0.314159 2.82743
23.5 9.83333 41.8333 2.15723 1.65457
23.5 3.16667 10.5 -0.69115 -0.90059
44.8333 6.83333 1.16667 1.61268 1.15192
0.833333 1.5 0.166667 -2.15723 0.0628317
28.8333 20.5 15.8333 -1.98968 0.10472
0.5 1.16667 0.5 1.52891 0.272271
0.166667 42.5 45.5 -2.70177 -0.439823
17.1667 25.5 3.5 -1.40324 1.5708
5.5 39.5 47.5 0.607374 -2.61799
32.5 14.1667 34.5 -0.816814 2.241
0.166667 0.5 0.5 -0.774926 2.86932
18.8333 25.8333 25.8333 -1.65457 -1.65457
40.5 44.5 38.8333 1.02625 0.565487
2.16667 0.5 0.166667 3.12065 2.15723
0.5 2.16667 0.5 -2.86932 1.86401
0.833333 0.166667 4.16667 -2.78555 2.36667
0.5 0.5 2.5 0.0209438 -2.241
1.16667 37.5 47.8333 -0.481711 1.94779
4.83333 1.83333 0.5 3.12065 -0.607375
36.8333 14.1667 16.5 -2.28289 -1.48702
0.5 0.166667 5.16667 -0.565487 1.65457
0.833333 3.5 0.166667 2.61799 -1.23569
2.5 1.83333 0.166667 -2.65988 -2.07345
2.5 2.16667 0.833333 -2.53422 -2.82743
31.8333 5.16667 45.8333 -1.82212 1.44513
1.16667 3.16667 0.166667 0.230383 -2.78555
2.5 0.5 2.16667 2.82743 2.28289
1.5 1.16667 1.5 0.565487 1.9059
1.5 41.5 43.8333 -0.439823 2.36667
21.8333 17.8333 10.5 1.98968 -1.65457
0.5 1.5 0.5 0.565487 1.19381
30.1667 8.16667 29.8333 2.32478 1.73835
49.5 11.5 4.83333 -1.31947 2.241
1.16667 0.5 0.5 0.565487 -1.65457
1.16667 0.166667 0.166667 -0.146608 0.942478
49.5 20.5 45.5 -2.15723 0.774926
0.166667 1.83333 0.166667 1.19381 1.73835
4.16667 21.5 39.5 -0.0209441 -0.397935
5.16667 0.166667 0.166667 0.816814 2.91121
3.83333 1.16667 0.5 1.52891 1.15192
2.83333 0.166667 0.166667 -1.27758 2.99498
3.5 29.1667 36.8333 -1.19381 3.03687
2.5 3.83333 0.5 -1.40324 3.12065
0.5 0.833333 1.83333 0.816814 -1.40324
2.5 1.5 0.166667 -0.69115 -0.858702
11.5 22.1667 12.8333 2.241 0.314159
29.1667 13.8333 46.8333 2.99498 -2.82743
48.8333 4.16667 18.8333 -0.0209441 1.36136
23.8333 29.8333 22.5 -0.523599 -2.36667
33.1667 36.5 12.8333 -1.11003 2.07345
31.8333 27.8333 6.5 1.65457 2.19911
46.1667 20.1667 40.5 -1.94779 -0.146608
3.83333 1.5 0.166667 -2.19912 2.82743
7.16667 43.8333 3.5 1.78024 0.481711
28.5 22.8333 39.5 -0.942478 1.82212
0.833333 5.5 43.5 2.11534 -2.15723
1.16667 2.16667 3.16667 1.5708 -3.12065
20.5 30.8333 7.83333 -1.65457 1.9059
0.833333 0.833333 5.16667 1.98968 2.74366
28.1667 30.8333 24.8333 -0.272271 2.15723
37.5 5.5 3.16667 2.32478 -0.984366
1.16667 0.833333 0.833333 2.53422 -2.65988
6.5 2.16667 0.166667 -2.86932 1.5708
16.1667 14.1667 6.5 2.11534 2.11534
0.5 3.5 4.16667 -1.65457 -2.70177
44.8333 28.5 14.5 -2.49233 -1.65457
12.8333 1.5 32.8333 -2.19912 -1.82212
1.83333 4.16667 2.16667 -3.07876 -2.32478
17.8333 37.5 13.8333 -1.78024 0.230383
2.5 1.5 0.833333 -3.12065 -2.45044
47.1667 33.5 15.5 -3.07876 0.188495
1.16667 3.5 3.83333 -1.73835 2.32478
1.83333 2.83333 1.83333 2.70177 -1.69646
39.5 42.1667 7.83333 0.607374 -1.73835
26.5 28.5 2.5 1.02625 -0.816814
1.5 0.166667 0.5 -2.61799 2.49233
3.83333 0.833333 0.166667 -2.61799 2.9531
10.5 31.5 32.8333 1.11003 1.15192
28.5 26.1667 9.5 -2.53422 -1.98968
3.5 1.83333 5.5 0.984366 -2.74366
29.8333 35.8333 47.5 -2.57611 -2.03156
9.83333 27.1667 15.5 -1.52891 1.06814
0.166667 1.5 2.5 -0.314159 2.28289
0.166667 0.5 2.5 -2.40855 -1.44513
0.166667 2.5 0.166667 -1.82212 2.03156
5.5 48.8333 26.1667 -0.816814 0.607374
1.83333 0.833333 1.5 2.99498 2.49233
17.5 12.1667 40.5 2.74366 0.0628317
0.166667 0.5 2.16667 -0.942478 2.15723
21.8333 22.8333 33.1667 -1.86401 1.19381
46.8333 32.5 33.5 0.565487 0.356047
41.5 20.5 45.5 2.9531 1.78024
1.16667 0.166667 0.833333 -1.52891 -0.272271
0.5 0.5 0.166667 0.188495 -2.9531
0.833333 0.5 0.5 0.523599 2.28289
14.8333 42.5 5.5 2.40855 1.40324
24.5 43.1667 4.83333 -2.86932 2.36667
2.16667 0.833333 1.5 -2.70177 -0.984366
0.833333 0.5 4.5 -1.52891 -3.07876
42.1667 16.1667 22.1667 0.984366 -2.86932
29.8333 4.5 19.8333 1.98968 1.19381
0.833333 4.16667 0.5 2.57611 -3.07876
10.1667 23.8333 44.1667 -2.74366 -3.07876
18.8333 49.1667 18.5 2.40855 -2.45044
3.5 0.5 0.166667 3.12065 1.5708
1.5 1.5 0.5 -1.5708 0.523599
0.833333 26.1667 1.5 1.06814 2.74366
28.1667 48.8333 44.8333 -2.241 3.12065
31.5 49.8333 47.8333 -0.356047 1.23569
0.5 0.166667 2.83333 2.91121 0.523599
13.5 29.8333 48.5 -2.49233 1.5708
2.5 4.16667 0.166667 -1.44513 -2.9531
24.1667 40.8333 25.1667 2.99498 1.73835
29.8333 8.83333 10.1667 -2.32478 2.11534
0.833333 0.5 7.5 -0.481711 2.53422
0.833333 2.5 3.16667 1.98968 2.57611
1.5 2.83333 1.83333 -3.07876 -2.9531
0.166667 2.16667 2.16667 1.23569 -3.12065
2.16667 1.16667 3.16667 -2.32478 -2.61799
30.1667 46.1667 13.5 0.481711 0.481711
18.5 17.5 18.8333 2.07345 -1.23569
2.83333 3.16667 0.166667 -0.439823 -2.53422
6.5 38.8333 12.5 -2.241 0.146608
2.83333 1.83333 3.16667 2.78555 0.397935
1.16667 3.83333 1.16667 0.188495 2.86932
0.5 3.16667 0.833333 2.19911 -2.78555
12.1667 2.5 42.8333 0.314159 2.74366
4.5 1.83333 0.5 -3.03687 -0.10472
7.5 1.16667 0.833333 -3.03687 -1.86401
0.166667 7.5 3.5 -2.241 2.70177
31.8333 42.5 35.1667 2.91121 2.11534
4.83333 15.8333 18.5 -0.733038 -2.9531
2.16667 8.16667 2.83333 2.61799 3.12065
2.83333 48.1667 10.8333 -2.53422 0.10472
49.5 20.1667 3.83333 1.48702 2.11534
0.5 7.16667 0.833333 1.44513 2.19911
1.16667 3.83333 1.16667 3.03687 -1.73835
0.5 0.833333 2.16667 1.19381 2.53422
47.8333 0.166667 21.8333 2.57611 -0.774926
38.8333 25.1667 1.83333 -2.49233 3.07876
1.16667 1.83333 1.83333 0.774926 -2.99499
4.5 46.5 44.5 2.99498 0.565487
0.5 0.166667 0.166667 0.272271 -0.146608
0.166667 0.166667 0.166667 1.78024 1.02625
1.16667 0.166667 0.166667 -1.40324 1.94779
21.1667 36.5 39.5 1.9059 1.48702
1.83333 1.5 0.5 -2.28289 -2.45044
9.16667 48.8333 36.5 -1.5708 -0.984366
11.8333 22.5 49.5 -0.188496 -2.40855
14.8333 31.1667 28.1667 1.36136 -2.28289
47.5 17.1667 18.8333 0.523599 0.272271
39.8333 18.5 30.8333 0.10472 2.241
41.5 38.5 2.83333 1.86401 0.397935
47.1667 29.8333 9.5 -3.12065 -2.65988
0.166667 0.833333 0.5 2.19911 -0.10472
1.16667 0.166667 0.833333 0.481711 0.523599
0.5 0.833333 0.5 2.49233 -1.61268
27.8333 13.8333 23.5 -0.816814 1.15192
1.5 0.5 0.166667 -0.397935 2.65988
0.833333 1.5 0.166667 -2.11534 -0.230384
21.1667 9.83333 23.8333 -1.5708 -3.03687
14.8333 9.83333 43.8333 -2.32478 -2.65988
11.1667 32.5 3.16667 2.40855 -0.439823
10.5 20.1667 34.8333 2.57611 1.69646
24.1667 16.8333 17.1667 2.11534 2.49233
0.166667 1.83333 0.166667 -2.32478 -3.03687
24.1667 37.8333 2.16667 2.86932 1.61268
21.1667 21.5 47.8333 -2.78555 -0.523599
1.16667 0.833333 1.83333 -1.19381 0.858702
1.5 0.833333 0.5 0.10472 -1.15192
0.5 2.16667 0.166667 0.733038 -2.53422
28.5 36.5 6.83333 2.86932 -2.86932
26.5 32.8333 22.1667 -0.523599 -0.984366
2.83333 0.833333 1.83333 -2.28289 0.146608
5.16667 1.5 36.5 -0.69115 0.439823
2.83333 0.833333 0.5 -1.78024 -0.984366
1.16667 2.83333 0.833333 -2.49233 -2.57611
4.83333 2.16667 0.5 2.65988 -0.858702
42.1667 5.5 47.8333 -0.272271 2.19911
0.166667 1.5 3.16667 1.86401 2.74366
29.5 33.8333 26.5 -1.9059 1.82212
20.1667 34.1667 11.5 -2.99499 1.48702
0.5 1.5 1.5 0.272271 2.57611
4.83333 25.8333 4.83333 -0.523599 -1.65457
1.16667 5.16667 0.5 -2.40855 0.774926
21.1667 23.5 39.5 0.188495 0.649262
1.83333 2.83333 1.16667 -2.82743 1.5708
13.8333 12.1667 22.8333 -1.73835 -2.78555
0.5 0.833333 2.83333 -2.28289 -2.11534
5.5 0.166667 0.166667 2.53422 0.69115
1.5 2.83333 4.16667 -2.11534 2.49233
22.1667 15.8333 48.8333 2.45044 -1.5708
19.8333 36.1667 44.8333 1.73835 0.90059
2.16667 2.5 3.16667 2.82743 -3.12065
0.5 1.5 2.16667 -1.5708 2.78555
0.833333 0.5 0.5 -2.53422 -0.10472
3.16667 1.16667 1.16667 1.06814 1.52891
0.833333 1.5 3.83333 1.06814 1.5708
27.1667 22.8333 18.5 -0.69115 -1.73835
35.8333 17.5 38.1667 -1.40324 -0.230384
9.83333 22.5 47.8333 -0.733038 2.241
22.8333 13.1667 21.8333 -2.241 -1.44513
13.8333 5.83333 16.5 3.03687 -1.48702
26.1667 20.5 46.8333 -1.02625 -0.942478
0.166667 3.16667 2.16667 -0.314159 1.48702
0.5 2.83333 2.5 2.99498 -0.188496
44.8333 21.8333 18.8333 -1.11003 -1.11003
19.8333 18.1667 27.1667 -1.02625 -1.06814
1.5 0.166667 2.5 2.57611 -0.0209441
40.1667 48.5 29.1667 0.858702 1.52891
3.83333 28.8333 13.8333 0.0209438 -2.99499
0.5 1.16667 0.833333 0.356047 -2.32478
22.5 19.5 3.5 -0.942478 1.65457
44.8333 47.1667 35.8333 -2.9531 -1.23569
0.833333 1.83333 1.83333 -2.74366 2.28289
42.1667 19.5 14.5 -0.10472 2.45044
47.1667 24.1667 29.1667 -2.40855 -0.733038
1.5 0.166667 2.83333 -2.36667 1.5708
0.166667 0.166667 2.5 -2.86932 -1.69646
0.833333 1.5 0.166667 1.27758 -2.11534
1.5 0.5 0.166667 2.74366 -0.565487
0.166667 0.166667 0.166667 1.98968 -2.49233
1.5 40.5 7.5 -2.03156 1.86401
31.1667 6.16667 49.1667 -0.062832 0.0628317
0.833333 0.166667 0.5 -1.11003 -0.146608
32.5 35.1667 46.1667 0.733038 -3.07876
17.8333 5.5 35.8333 1.31947 -0.188496
41.1667 31.5 28.5 -0.188496 -0.90059
24.5 39.5 48.5 -1.73835 0.607374
0.166667 1.16667 0.166667 2.40855 -1.06814
5.16667 42.1667 23.5 1.61268 1.69646
0.166667 0.833333 0.166667 -0.523599 2.32478
41.8333 21.8333 18.5 -2.03156 0.356047
0.5 2.16667 1.16667 -0.523599 2.78555
0.166667 2.16667 1.5 -2.82743 -0.272271
0.833333 1.5 0.5 2.57611 1.02625
43.8333 31.8333 22.5 -0.439823 2.40855
37.1667 8.16667 2.16667 1.73835 0.146608
2.16667 0.5 2.5 -1.5708 2.49233
15.1667 0.166667 28.8333 -1.9059 0.607374
26.8333 16.1667 8.16667 -0.230384 -1.73835
6.5 21.5 24.5 -2.241 -0.816814
0.833333 5.16667 0.5 -2.61799 0.230383
0.166667 1.5 1.16667 0.0209438 -2.19912
2.83333 0.5 0.5 2.78555 -0.90059
40.8333 45.1667 9.83333 0.774926 -1.15192
0.166667 0.166667 0.166667 1.86401 2.82743
2.16667 3.5 0.166667 -2.15723 -2.91121
4.16667 2.16667 0.166667 2.49233 2.78555
1.16667 4.83333 1.5 2.82743 2.45044
15.8333 23.1667 5.16667 -2.78555 -0.356047
28.1667 11.5 37.5 -2.15723 -2.65988
34.5 24.1667 25.8333 3.07876 -1.94779
17.5 36.8333 18.5 -2.19912 -1.11003
34.5 21.8333 21.8333 -0.439823 2.45044
5.83333 3.5 0.5 2.74366 -2.19912
0.833333 2.16667 5.16667 -1.06814 2.86932
33.1667 36.5 23.1667 1.52891 -2.40855
2.5 3.16667 0.5 -2.91121 -2.9531
13.5 43.8333 40.5 -0.69115 -1.27758
1.16667 5.5 2.5 -2.241 -3.12065
49.1667 22.1667 10.5 -0.481711 2.57611
3.83333 5.5 0.166667 2.78555 -0.272271
6.16667 45.5 43.1667 1.36136 2.9531
24.8333 4.5 26.1667 1.98968 2.78555
47.1667 46.1667 7.83333 3.12065 1.52891
1.5 0.833333 1.5 -2.74366 -1.9059
0.5 2.16667 0.5 -1.19381 1.65457
5.16667 2.83333 0.166667 -2.40855 0.607374
45.5 42.1667 33.8333 -0.439823 1.73835
2.16667 3.16667 1.83333 1.15192 -2.99499
0.5 0.5 0.833333 -0.188496 -0.90059
0.833333 2.5 2.16667 -2.32478 1.9059
14.8333 31.5 7.5 2.49233 1.23569
46.1667 18.5 11.1667 -1.15192 -2.07345
46.5 26.8333 44.1667 1.78024 3.03687
23.8333 41.8333 31.8333 -0.565487 -2.03156
5.83333 44.8333 39.5 -1.52891 0.439823
3.16667 1.16667 1.83333 0.0209438 1.9059
39.5 32.8333 21.8333 1.15192 -1.9059
6.83333 0.833333 0.5 -0.062832 -1.06814
26.1667 36.8333 40.8333 -1.19381 2.9531
0.833333 1.16667 2.5 -2.28289 1.44513
4.5 3.83333 0.5 -1.98968 -1.61268
16.8333 28.5 0.166667 2.65988 -2.45044
47.5 30.1667 24.1667 0.188495 -0.984366
0.833333 5.16667 1.16667 2.11534 2.61799
2.83333 2.83333 2.16667 -3.12065 -2.32478
0.5 3.16667 2.5 -2.15723 -2.78555
0.166667 5.83333 1.83333 1.61268 -3.07876
0.166667 3.5 2.5 -1.15192 2.61799
0.5 3.5 3.16667 2.45044 -2.99499
0.5 47.1667 20.1667 -2.241 1.73835
36.8333 44.8333 34.8333 2.53422 0.942478
0.833333 0.833333 3.5 -2.15723 2.07345
0.166667 3.5 0.5 2.40855 -0.439823
38.8333 17.5 4.5 -0.314159 -0.230384
36.1667 6.16667 25.8333 -1.61268 0.607374
17.8333 17.8333 18.1667 1.11003 2.28289
1.83333 1.16667 2.16667 0.565487 -1.23569
0.833333 1.16667 4.5 0.397935 -1.65457
36.5 46.1667 18.8333 -2.28289 0.816814
8.83333 0.166667 44.1667 -0.774926 -0.230384
3.5 3.5 0.166667 -2.70177 -0.733038
45.1667 7.16667 3.5 -1.5708 -2.36667
21.1667 48.8333 2.16667 -0.146608 2.40855
5.5 0.166667 0.166667 0.0209438 -0.565487
5.16667 1.83333 0.5 2.61799 2.57611
21.5 27.1667 42.8333 1.48702 -0.10472
1.16667 5.83333 19.1667 -2.74366 -1.5708
6.83333 6.16667 46.8333 -1.82212 2.40855
6.5 1.5 0.166667 2.40855 -2.99499
1.5 2.16667 6.5 -2.9531 2.74366
15.1667 1.83333 42.1667 -2.86932 -2.99499
3.83333 35.8333 3.5 -1.73835 -3.03687
16.5 14.5 7.16667 1.94779 -1.73835
4.16667 2.5 1.5 -2.45044 3.12065
17.1667 19.8333 35.1667 -1.27758 2.40855
14.8333 24.1667 49.5 1.11003 1.44513
0.5 7.83333 3.16667 -0.942478 -2.82743
5.83333 2.16667 0.5 3.07876 1.5708
0.166667 2.5 6.5 2.241 -2.99499
0.166667 3.83333 4.16667 -1.31947 2.65988
17.8333 8.83333 44.1667 1.15192 2.03156
4.5 5.16667 0.166667 -2.99499 -1.52891
3.83333 3.5 3.16667 -2.82743 2.9531
31.1667 35.8333 31.5 -0.984366 -0.10472
26.1667 43.5 13.5 0.858702 -2.03156
0.166667 2.5 2.16667 2.65988 -2.19912
4.83333 3.5 1.5 2.86932 2.70177
28.1667 0.833333 14.5 2.49233 -1.15192
6.83333 38.5 25.1667 -2.99499 0.942478
4.16667 3.5 4.16667 -2.74366 -2.15723
27.5 7.5 18.8333 -0.356047 -2.15723
6.16667 1.5 0.5 1.48702 2.28289
7.83333 46.1667 25.8333 0.146608 -0.439823
25.8333 22.1667 30.5 -0.230384 2.65988
11.5 26.8333 37.5 -1.61268 2.57611
20.1667 0.166667 47.8333 2.53422 2.241
0.833333 1.5 4.83333 1.36136 -2.32478
2.16667 3.83333 0.166667 -2.28289 -1.48702
9.5 28.5 10.8333 0.858702 1.78024
22.1667 0.833333 36.8333 1.23569 2.19911
2.16667 34.5 33.1667 2.9531 -0.10472
39.1667 47.8333 4.83333 -0.397935 0.942478
3.16667 0.833333 2.16667 -1.9059 2.99498
34.8333 23.8333 21.8333 -0.356047 0.188495
35.8333 11.8333 14.8333 -2.241 -1.73835
1.83333 7.5 21.1667 1.82212 -0.607375
2.5 0.166667 1.83333 -0.481711 1.73835
0.833333 0.166667 2.16667 1.31947 -1.31947
19.1667 5.83333 6.5 -2.9531 0.565487
9.83333 28.8333 21.1667 -2.86932 -0.10472
22.8333 20.1667 20.8333 -2.03156 -1.40324
0.5 0.5 0.5 2.11534 -1.40324
1.16667 2.5 0.166667 -1.98968 -0.858702
0.5 2.5 1.5 2.78555 2.61799
41.5 19.8333 32.1667 1.5708 2.03156
1.16667 3.83333 0.166667 2.86932 2.15723
23.5 33.1667 23.1667 -0.90059 -2.15723
0.166667 0.833333 3.5 -0.062832 1.98968
0.166667 1.5 1.16667 0.565487 -1.86401
0.166667 3.16667 0.833333 1.15192 2.40855
49.1667 17.8333 15.8333 -1.94779 2.70177
44.5 14.5 47.5 -2.82743 -2.65988
3.83333 1.5 0.5 -2.86932 1.44513
4.16667 2.16667 0.833333 2.78555 -2.36667
0.5 3.16667 0.5 -2.11534 2.53422
1.83333 0.833333 1.5 0.146608 2.45044
3.5 0.166667 1.5 -1.98968 0.10472
0.5 4.83333 0.5 -1.44513 2.99498
4.83333 0.166667 0.833333 2.9531 -1.69646
0.833333 0.833333 0.5 1.98968 -2.53422
19.1667 1.16667 30.1667 2.53422 2.11534
13.5 1.16667 6.5 1.11003 -2.07345
25.1667 1.5 29.5 -2.86932 3.03687
2.5 0.833333 1.83333 -0.816814 2.9531
4.16667 1.5 1.83333 1.36136 2.70177
1.16667 1.83333 2.5 -2.91121 -0.272271
0.166667 36.5 9.5 -1.73835 1.19381
21.8333 4.5 37.5 -0.816814 -0.733038
2.16667 0.166667 1.16667 -1.06814 -1.98968
0.5 3.16667 0.833333 -2.61799 2.70177
0.166667 1.83333 5.16667 -2.99499 -2.28289
0.166667 38.5 10.5 0.314159 -0.188496
2.5 4.5 0.166667 2.74366 -1.73835
3.16667 4.16667 3.83333 2.74366 2.15723
7.83333 0.5 0.166667 0.439823 -0.90059
0.166667 0.166667 7.16667 0.69115 2.45044
1.83333 1.16667 3.83333 2.241 3.12065
27.8333 8.83333 29.5 0.356047 -2.19912
4.5 0.166667 0.166667 -1.15192 -1.86401
48.8333 43.8333 34.1667 0.774926 0.733038
49.8333 17.5 8.5 -0.733038 -1.19381
0.833333 0.5 0.166667 2.86932 2.91121
1.16667 2.16667 0.166667 1.36136 -2.99499
0.5 27.8333 4.83333 -0.146608 -0.230384
2.83333 1.5 0.166667 2.53422 -2.74366
2.16667 7.16667 0.5 2.86932 1.78024
1.16667 2.16667 4.5 1.31947 3.12065
2.83333 0.166667 1.16667 -1.19381 2.15723
0.833333 0.166667 1.83333 1.23569 -1.65457
14.5 5.5 31.8333 2.65988 0.314159
0.5 1.83333 0.5 -2.57611 -1.11003
49.5 4.83333 14.1667 -2.70177 2.74366
2.83333 1.16667 1.16667 3.03687 -2.9531
3.5 1.83333 0.833333 -2.53422 1.36136
2.83333 2.16667 0.166667 1.98968 0.774926
14.5 31.5 22.1667 0.69115 2.70177
0.166667 0.833333 0.5 -1.06814 0.733038
0.833333 2.16667 0.166667 -2.03156 2.45044
1.16667 1.16667 0.166667 2.74366 -0.774926
2.16667 0.166667 0.166667 2.15723 -0.0209441
3.16667 0.833333 0.166667 -1.52891 0.0209438
0.5 0.833333 1.83333 0.481711 1.73835
0.5 0.166667 0.833333 2.9531 0.439823
32.5 12.5 37.8333 -1.40324 -2.99499
47.8333 31.5 22.8333 0.774926 -1.5708
5.5 0.166667 0.833333 -2.65988 -0.942478
38.5 39.1667 12.8333 2.65988 1.40324
0.5 0.166667 0.833333 -1.61268 2.82743
0.833333 0.166667 0.166667 -0.942478 0.984366
0.5 3.83333 1.5 0.0209438 2.15723
0.166667 5.16667 0.166667 0.188495 -1.48702
41.5 19.1667 48.1667 -1.86401 -2.36667
0.5 3.5 0.166667 2.40855 2.241
47.8333 33.8333 10.8333 -0.858702 0.90059
1.16667 3.5 1.16667 1.65457 2.19911
0.833333 1.83333 0.166667 -1.73835 1.78024
9.16667 10.8333 15.1667 3.12065 -1.48702
2.5 1.5 0.5 2.74366 0.10472
6.83333 7.16667 21.8333 2.91121 -3.12065
0.833333 1.16667 1.16667 -2.40855 -2.07345
2.5 0.166667 1.83333 0.942478 -0.062832
1.83333 1.5 0.166667 1.40324 2.70177
3.5 2.5 0.166667 2.19911 1.94779
45.1667 22.8333 40.5 -1.40324 1.19381
0.166667 1.83333 1.5 -1.44513 1.9059
24.5 2.5 31.1667 -0.314159 -0.397935
33.1667 48.5 28.8333 2.61799 1.9059
4.83333 0.5 1.83333 0.565487 -2.53422
0.5 3.16667 3.5 -2.11534 -1.44513
15.8333 45.1667 23.8333 2.99498 1.15192
1.16667 3.5 0.5 -2.241 -1.65457
0.5 0.166667 2.83333 -2.32478 2.57611
37.1667 20.8333 25.1667 -0.942478 -2.07345
0.166667 0.5 0.5 2.36667 3.12065
1.16667 0.5 1.16667 -0.607375 1.48702
0.166667 1.5 0.5 0.90059 -0.774926
8.16667 9.83333 43.1667 2.82743 -2.53422
0.833333 0.5 2.16667 0.649262 0.607374
1.16667 2.5 1.5 -2.28289 2.53422
23.8333 42.1667 7.16667 2.28289 2.86932
41.8333 11.8333 46.5 1.23569 0.565487
34.5 21.1667 29.8333 2.91121 0.0628317
8.83333 38.5 3.16667 -1.52891 -0.774926
49.5 11.8333 22.1667 2.28289 -1.65457
41.8333 29.8333 22.8333 -2.15723 -0.523599
16.1667 20.1667 32.8333 -3.12065 -1.94779
23.8333 4.5 33.1667 -0.69115 -2.70177
2.83333 1.16667 2.5 3.03687 -1.48702
0.833333 1.16667 0.833333 0.0628317 -2.57611
41.5 46.8333 10.1667 -0.272271 -1.5708
18.5 30.8333 35.8333 -2.241 -1.65457
1.16667 0.5 2.16667 -0.733038 1.73835
44.1667 40.5 49.5 1.31947 2.19911
0.166667 0.5 0.833333 -2.70177 -0.774926
0.833333 2.16667 0.166667 -2.32478 0.607374
0.166667 2.83333 1.5 -1.52891 1.65457
23.5 30.8333 13.1667 2.65988 -0.858702
42.8333 43.8333 5.16667 -2.86932 -2.78555
0.166667 32.8333 41.8333 -2.82743 -1.82212
7.83333 28.5 6.5 2.61799 -1.44513
27.5 5.16667 11.1667 -0.146608 -2.36667
9.5 17.1667 29.8333 0.69115 -1.65457
9.83333 33.5 24.5 -1.94779 2.70177
18.5 46.8333 9.16667 2.241 -3.03687
49.5 1.16667 4.83333 2.99498 -0.0209441
8.83333 21.5 46.1667 -2.241 -2.9531
4.83333 36.5 23.5 0.816814 -0.649263
0.166667 1.83333 1.5 0.356047 -1.40324
0.833333 0.5 0.166667 -0.858702 -2.03156
16.8333 48.1667 30.1667 3.12065 1.02625
2.5 0.166667 0.5 0.10472 2.78555
6.5 2.16667 0.166667 2.61799 0.0209438
1.5 1.16667 2.5 1.27758 1.61268
0.5 1.5 3.16667 0.90059 1.9059
2.83333 1.83333 1.16667 -1.86401 -2.40855
44.1667 31.8333 28.1667 -1.19381 -1.27758
22.5 11.5 16.1667 -0.188496 1.65457
1.5 2.5 1.16667 -2.19912 -2.11534
39.1667 42.1667 25.1667 -1.02625 0.0628317
8.5 1.83333 0.166667 -1.48702 0.0209438
5.83333 1.83333 0.166667 3.12065 -0.146608
39.5 19.1667 45.5 2.241 1.86401
19.5 12.5 24.1667 -1.73835 -0.774926
1.5 3.83333 2.5 -2.9531 2.07345
48.1667 6.5 9.83333 2.82743 0.439823
0.166667 0.166667 3.5 -1.82212 -1.9059
35.5 30.5 1.83333 -0.90059 -2.91121
37.1667 6.16667 1.83333 -0.397935 2.99498
39.8333 11.1667 32.1667 -0.565487 -2.19912
3.83333 9.5 4.83333 1.02625 -2.45044
0.166667 16.1667 11.5 1.86401 2.61799
4.83333 0.5 0.5 -0.733038 1.78024
0.166667 0.5 3.16667 -1.48702 -1.06814
5.5 28.1667 28.1667 2.19911 -1.65457
0.833333 1.5 0.833333 1.23569 1.23569
1.5 0.833333 0.833333 -1.78024 -0.10472
19.5 45.5 47.5 0.774926 -2.241
4.5 0.833333 1.5 -1.44513 -1.36136
13.8333 19.8333 23.8333 -0.272271 -2.70177
5.16667 3.16667 0.166667 2.03156 2.19911
34.8333 29.8333 29.1667 -0.816814 -0.523599
10.8333 8.5 11.1667 -1.11003 -0.984366
46.1667 22.1667 13.5 -0.90059 -2.03156
10.1667 10.1667 29.1667 1.40324 -0.146608
1.16667 4.5 1.16667 1.82212 2.07345
1.16667 2.5 1.83333 -2.49233 2.40855
2.16667 2.5 0.5 1.9059 -2.86932
11.1667 40.5 24.1667 2.11534 -1.82212
43.1667 7.16667 43.8333 -0.272271 1.9059
37.1667 2.5 43.8333 1.11003 0.816814
1.5 2.83333 2.16667 2.40855 -2.86932
2.16667 1.83333 2.16667 -1.73835 1.11003
1.5 41.5 33.1667 -1.02625 2.74366
36.1667 37.1667 17.1667 1.52891 2.36667
46.8333 35.5 13.1667 2.32478 0.0628317
1.83333 0.5 2.16667 1.78024 -0.397935
3.16667 12.5 38.5 2.99498 -2.11534
1.16667 1.16667 0.5 -0.230384 3.07876
1.16667 1.16667 0.833333 2.36667 1.11003
12.8333 45.1667 28.5 0.90059 -0.984366
2.16667 0.166667 1.5 -2.78555 -2.45044
0.5 2.83333 1.16667 -1.82212 2.28289
24.1667 34.1667 39.8333 -0.69115 -0.146608
3.83333 1.16667 1.5 -1.44513 2.15723
42.8333 5.83333 28.5 1.5708 -2.65988
27.8333 4.16667 17.8333 -2.36667 -1.98968
23.1667 30.1667 7.5 1.02625 2.78555
0.5 1.83333 3.83333 0.774926 -2.99499
49.8333 46.8333 40.8333 -2.28289 2.57611
42.5 46.1667 16.1667 -0.858702 2.9531
0.5 15.1667 24.1667 2.07345 2.03156
20.5 28.8333 17.5 -0.481711 0.0209438
11.8333 31.8333 42.1667 -2.11534 0.984366
5.83333 0.5 0.166667 -2.61799 -1.94779
6.83333 46.8333 23.5 0.146608 2.49233
37.1667 16.5 40.5 -2.45044 -0.90059
17.1667 20.1667 12.5 -0.230384 2.70177
6.5 2.83333 0.166667 2.70177 2.61799
31.5 47.8333 4.83333 -2.11534 1.27758
0.166667 4.5 4.16667 1.52891 2.40855
26.5 9.5 24.8333 2.07345 -2.49233
0.5 3.16667 2.83333 -1.69646 2.65988
2.83333 4.5 0.833333 -2.91121 0.816814
24.1667 3.5 25.8333 -2.32478 -0.733038
5.5 3.16667 0.5 -2.74366 -0.0209441
1.16667 30.5 13.1667 0.0628317 2.07345
0.5 0.833333 4.16667 -2.82743 -2.28289
0.166667 3.83333 0.833333 -3.07876 1.9059
0.833333 4.83333 1.83333 2.86932 1.94779
22.8333 25.5 12.8333 3.03687 -1.48702
45.5 1.5 46.1667 0.356047 2.28289
2.5 0.5 1.5 1.23569 1.44513
0.5 1.16667 1.16667 -1.65457 -2.19912
1.16667 1.16667 0.833333 -1.44513 -2.78555
26.1667 23.8333 40.5 2.78555 -2.99499
1.16667 15.8333 18.1667 0.0209438 -2.9531
0.5 1.16667 0.166667 2.86932 -0.146608
0.5 0.166667 0.166667 2.07345 -1.40324
38.5 41.8333 5.16667 -0.188496 -1.02625
1.83333 1.83333 0.5 -1.02625 0.984366
2.83333 0.166667 0.833333 0.314159 0.942478
1.83333 0.833333 0.833333 -2.241 2.36667
9.83333 41.1667 31.8333 0.984366 2.99498
1.5 1.5 1.5 -0.942478 1.82212
2.16667 0.166667 2.16667 2.53422 0.733038
2.5 1.16667 1.16667 -1.61268 -2.45044
45.5 23.1667 15.8333 -1.61268 1.78024
1.83333 0.5 1.83333 -1.98968 -0.523599
5.83333 0.5 0.5 2.49233 0.356047
45.5 42.5 7.5 -2.32478 1.40324
2.83333 2.5 4.5 2.15723 -3.12065
36.1667 12.8333 19.8333 1.44513 -0.565487
36.8333 32.8333 40.5 0.90059 1.23569
8.16667 1.83333 0.5 2.70177 -2.82743
40.8333 2.5 5.83333 -2.86932 0.733038
27.1667 19.5 45.1667 -2.03156 1.65457
0.5 0.5 3.16667 -0.984366 2.03156
6.83333 34.1667 48.5 -3.03687 -2.28289
3.16667 0.166667 1.5 -2.40855 -1.36136
12.8333 34.8333 18.5 -2.70177 2.74366
7.83333 13.5 24.8333 0.816814 1.78024
35.5 44.1667 9.83333 -2.9531 1.86401
30.1667 49.5 11.1667 2.91121 3.12065
1.16667 1.16667 2.5 -1.9059 3.12065
0.166667 2.5 1.16667 -1.5708 -2.86932
9.16667 19.1667 27.5 -0.858702 0.0628317
10.1667 19.8333 43.5 -2.65988 0.733038
2.16667 2.83333 0.166667 -2.57611 -1.36136
26.8333 49.8333 5.16667 -0.69115 -0.607375
1.16667 5.5 0.5 0.188495 1.82212
36.1667 32.5 34.8333 -1.27758 1.40324
1.5 3.5 0.833333 2.45044 -1.9059
31.8333 28.8333 9.83333 -2.03156 2.36667
0.833333 5.5 1.5 2.19911 2.65988
3.83333 3.83333 5.16667 0.481711 -1.36136
0.5 3.83333 0.166667 -2.28289 -1.44513
1.83333 2.83333 0.166667 -0.439823 0.397935
31.1667 46.8333 38.5 0.10472 2.07345
0.833333 1.16667 2.16667 -0.314159 0.607374
3.83333 1.83333 1.83333 0.356047 -1.06814
34.5 28.1667 40.5 2.9531 -0.90059
41.1667 16.8333 7.83333 -2.07345 -2.49233
5.5 0.5 1.16667 0.0209438 1.78024
7.5 20.1667 44.8333 -0.607375 0.10472
2.5 0.5 1.83333 0.523599 -0.230384
6.5 6.5 28.8333 -2.40855 -0.984366
5.83333 4.5 34.1667 -2.40855 1.06814
3.5 39.5 30.8333 -1.31947 0.0628317
