9.85537e-05
0
0
6.34535e-05
0
0
0.000725396
0.000412073
0.000247856
0.00036462
0.00100814
0.000159726
0
0.000593948
1.28845e-06
0.00053793
0.000313664
7.8341e-07
0
0.000483455
0.000930191
9.21375e-08
0
0
0
0.000958817
0.000359671
0
0.00034075
0
0
0
0.000595362
2.73256e-07
9.61371e-05
0.000348627
2.35043e-06
0.000130104
0
0
0
0
4.10584e-05
0.000160697
0.000715122
1.52314e-05
0.000462131
0.000113169
0.000101023
0
0
0.000845373
3.45971e-05
2.11743e-05
0
0.000315931
0.000303236
0
0.000120018
0
4.02941e-05
0
0
0
0
1.7684e-05
5.54937e-05
0.00106005
0.000530985
7.38977e-06
0.000404738
0
0
0.00020829
0
0.000438902
0.000177319
0
0
0.000757299
0
0
0
0
0.000165701
0
0.000736397
0.000154958
0.000474443
0
0.000335551
0.000446629
0.000168384
0
0
3.55103e-05
0
0
0.000983643
3.35255e-05
0
0.000204783
0.000542176
0
1.22432e-05
0
0
0.000336103
9.0949e-06
0
0
0
0.00111017
0.000513391
0
0.000780135
0.000908778
0
0
0.000389905
0.00020625
0.00112576
0.0002441
0.00034446
0.00084666
0.000307345
0.000936113
0.000273625
0.00111738
0
9.50296e-05
9.84747e-05
0
0
8.91272e-05
9.82303e-05
0.000517462
0
0.00115323
0
0
0.000972652
0
0.00058311
0.000666144
0.000887963
0.000859054
2.98966e-05
2.85644e-05
0.000395315
1.01854e-05
0.00081844
0.000139419
0
0
0.000523091
0.000196711
0.000842234
0.00071715
0
1.42345e-06
3.75318e-06
0.000535873
4.09318e-06
9.99383e-05
0
4.81407e-05
1.9893e-07
0
0.000618097
0
0
0
0.000771793
0.000258388
0.000475052
0.000263739
0
0
0.000294597
0
0.000115575
9.96682e-05
0
0.000548189
1.60858e-05
0
0.000677743
0
0
0.000707294
0
0.000373601
0
1.35703e-07
0
1.57975e-05
0.000100643
0
0.00070777
0
0
0.000935104
0
0.000136258
0.000404306
5.03062e-07
0.000734527
9.38957e-05
1.61342e-05
0
1.05151e-07
0.000243805
0.000877317
3.57601e-06
0.00114152
0
0
8.59414e-06
0.000538737
6.16298e-06
9.50015e-07
0
0.000407777
0
1.16733e-07
0
2.21268e-07
0
0
0
1.45732e-06
0.000688361
0.000738799
0
0.00031846
8.02036e-06
0.000389737
4.81623e-05
0.000281505
0.000124862
0.000101902
0.00104844
0
2.54637e-05
0.000628011
8.60329e-05
0
0.000976454
0
1.02994e-05
0
0
0
0
0
0
0.000445687
0.000293384
1.18413e-06
0.000373711
0
0
0.000422043
0.000398392
0.0003015
0
0.000732446
0.000410077
0.000588134
3.61993e-05
0
0
7.97618e-05
0
0.000107862
0
0.00100474
0.00101218
9.77581e-06
0
0.000548633
0
5.05736e-05
0.000173865
0
0.000183014
8.01151e-06
0
0.000672334
0.00090079
1.56257e-05
0.000102565
0.000519247
0
0.000226016
0
0
0
0.000729584
0
0
0.000707955
0
0.000686809
0.000833018
0
3.94144e-05
3.42632e-05
0.000710939
0.000194685
0
0.000120839
5.63315e-05
0
0
0.000167084
0.000569831
0.000465442
5.09866e-05
0.000181148
0.000451548
0
0.000255455
0
0
0
0
1.68467e-07
0
0
2.35067e-05
4.23305e-08
0
0.000136478
0
0.00107944
0.000329916
6.67055e-06
0
0.000789442
0
0
0.000404813
0.000531597
0.000275597
0.000793322
0
0.000983513
0.000807484
0
1.07056e-07
0.000427417
0
7.7246e-06
0
0.000929379
0.000684181
0.000641009
0.000383612
0.000703188
6.58634e-06
0.000286603
0
0
7.89162e-05
0.000833073
0.000263997
0.00019837
3.75872e-06
1.19524e-06
0
5.3672e-06
0
0.000670272
0
0.000983954
7.45574e-05
9.74557e-07
0.00116595
5.26565e-05
0
0
0.000551529
0.000375347
0
0.000226662
3.32676e-05
2.1855e-05
0.000221517
0
0
0
0
0.000654589
0.000143317
0
1.93e-05
5.78692e-05
0.000331178
1.3232e-05
0.000954252
0
0
0
6.90135e-05
0
0.000453871
0
0
0.00055686
0
0.000321119
2.34659e-05
0
0.000370151
0.000512484
0.000780456
6.72851e-06
0.000268526
0.000439967
8.62512e-06
0.00107013
0.000223512
0
0.000148494
0.00100254
0.000350099
1.80637e-07
0
1.01603e-06
0
2.15074e-07
0.000239857
0
0.000200621
0
0.000801255
0
0.00052636
0.000787461
1.21745e-07
0.000979101
0.000673212
0
1.07775e-05
0
0.000147442
1.20997e-05
0
7.03921e-05
0.000913506
0.000450454
3.99692e-05
0.00077435
0.000438297
0.000373732
0.0011204
0.000622863
0
0
4.34307e-06
0.000393927
0
0
5.86069e-05
4.1675e-05
4.26097e-05
0
0
6.31993e-07
1.04245e-05
0
0
0
0.000582835
0.000667756
0.000471444
0
0.000397788
0.000318434
0
0
6.55623e-05
0.00109713
0.000107879
3.35882e-05
0.000769846
0.000664283
0.000247104
2.96078e-08
0.000505264
0.000253541
3.79436e-07
0.000970622
0.000138061
0
7.2292e-05
0
0
0.000790306
8.55345e-05
4.06758e-06
0.000347101
0.000138209
0
0.000272337
0
0.000208204
0.000281372
0.000487779
4.76755e-05
0
0
0.00081633
0.000260133
0.000339784
0
0.000914023
0
0
0
0
0.000433774
1.13769e-05
0
0.000466594
0
0
0.000206309
0
0.00023993
5.09886e-05
0.000291456
0.000525565
0
0
0.000648724
0.00104538
0.000265108
0.00114584
0
0.000694055
0.000536326
6.12298e-05
0
0.00036712
0
0
0
0
0.000285596
0
0.000703547
0
2.74273e-05
0.000304767
0.000146135
0.000869725
0.000484481
0.000164002
0.000369341
0.000325912
0
0.000824589
0.000223182
0.000235741
0
0
0
0.000572109
0.000968121
0
0
0
0.000395932
0
0.00086879
0
0
2.332e-07
3.9178e-05
0.000366902
0.000788408
0.000440167
0.000122499
0
0.000409561
4.70182e-07
7.40604e-05
0
0
8.12067e-07
0
1.27507e-07
0.000737765
0.000589059
1.87819e-05
0.000286942
0.000402109
0
0.000674018
0.000235288
0
0
0
0.000721868
0.000569273
0.00010705
0
0.000330821
0
0
0.000276095
1.47352e-05
0.00049007
2.75734e-05
0.000735213
0
0.000471088
3.74673e-05
2.68226e-05
1.22197e-06
0
0.00018985
1.11072e-07
0.00010032
0
0.000508322
0.000258998
0.000952813
0.00103291
0
0.00106387
0
0
0.000206527
3.20594e-05
4.96434e-07
1.08273e-07
0.000253645
0.00121735
0
0.000310362
0.000180477
0
0
5.28484e-06
7.47921e-07
0
0.000278452
0.00118807
2.29791e-07
0
0
0
0.000374967
3.65295e-05
0
3.15367e-07
0.00042679
0
0.000176798
0
0.000602953
0.000280957
0.000822787
0
3.99843e-07
0
0.000529574
0
9.99421e-09
0
0
0
0.000568309
1.59085e-06
0
0.000137546
0.000592775
0.000100672
0.000280246
0.000205675
0
4.354e-05
0
0
0.000360425
0
0.000483334
0
0
0.000321805
0
9.44631e-05
1.20494e-05
0.000713261
0.000228443
0.000568624
0.000626163
0.000675737
0
0
0.000387492
0.00055196
0.00124035
7.09222e-06
0.00035129
0.000874257
0.00053156
0.000109903
3.1511e-05
0
0
0
6.35369e-05
0.000321708
0
0.000467705
0.000467621
0.000696526
0
0
0
0
4.33581e-06
0
0.000476474
2.2939e-05
0.000705448
0
0.000112277
0
0
0.000248502
0.000147257
7.25958e-05
0.000282648
4.7656e-07
1.09092e-06
3.47631e-06
0
0
6.53728e-05
0.000893382
8.86771e-05
5.49099e-07
0
2.36441e-07
0.000258027
0.000134952
0.000209091
4.75811e-05
0
0
0
2.27143e-05
0.000123126
0
0
0
0.000148736
0.000455253
0.000161007
5.86188e-08
0.000242676
7.14411e-05
0
0
0.000499426
0.000306085
0
2.85761e-07
0
0.000463903
0
0
0.000392059
2.7863e-05
0
0.00040031
0.000226693
0
0.000185775
0
0.000131842
0
0.000152978
0.000711577
4.11118e-06
0.000210581
0
0.000463293
3.89345e-07
0.00102405
1.643e-05
6.65169e-05
0.000743963
0
8.75194e-05
0.000747397
0.000199987
0
0
0.000409843
0
3.27573e-07
0
0.000429286
0.000438247
0.000665817
0.000590687
0
0
0.000567865
2.46457e-05
4.05129e-07
0.000208011
0.000509221
0
0
0
0.000258589
0.00031549
0.000260971
0
3.87176e-07
0
0.00010334
0
0
0
0
0
1.82179e-05
0.000768542
0.00107957
0.000876047
0.000156815
0
0.00106658
0.000122775
2.7766e-07
0.000662614
1.2357e-06
1.39644e-06
0.000265258
0.000664816
0.000697892
0.000146486
0.000710421
1.95642e-06
0.000270897
0.000181687
0.000511384
0
0.00111783
9.25896e-05
0
0.000346131
0.00110219
0.000342651
9.93606e-08
0
0.000268012
0
0.000685905
0
0
0
0
0.000540536
0
0
0.000396056
0.000205668
0
0
7.11591e-05
0.000107861
5.50454e-06
0.000208527
0.000212268
0
0.000141901
0.000323889
0
0.000901589
0
0
0.000819832
0
1.12324e-05
0
0
0.00053433
4.25138e-05
2.55159e-06
4.15974e-05
0.000483603
0
0.000445089
3.71575e-06
0.000695958
6.76496e-05
0.000283266
0.000750494
4.86568e-07
0.000103337
0.000450674
0
0
0
0
0.000697123
0
0
2.25645e-06
0
0.000819961
0.00042696
0.000649745
0.000529151
0.000625706
0
0
0.000664188
0.00111394
2.80646e-06
0.000545606
2.26517e-05
0.000356423
8.44636e-05
0
0.000633529
1.23428e-05
0
0
0
0.000187401
6.55788e-07
0
0
0
6.28729e-05
0
4.24953e-07
0
0
0
0
0.00070543
0.000695925
0.000172779
6.5505e-07
4.84643e-05
2.09159e-05
7.76723e-08
0.00051921
0
0.0010165
0.000162789
3.5158e-06
0.000258329
0
0.000847933
0
0.000475513
0
0
0.000759605
0
0.000438916
4.45217e-07
8.51452e-06
0.00023042
3.51057e-05
0
3.48407e-07
0.000275285
0.000290293
0.000708832
0
0
0
4.33313e-05
0.000762145
1.28426e-05
3.13087e-05
0
0
0
0.000592122
0
0.000929107
0
0.000805514
3.96694e-06
0
0.00117358
0.000344528
0.000251761
0.000726673
1.71902e-06
5.06446e-05
0.000344433
0.000857078
0
0.000221778
0.000213771
0.000743124
4.75493e-08
0.000106307
0.00102519
9.6828e-06
0.000566522
0.00106172
4.00648e-05
0.000984345
0.000249249
0
0.000647265
1.51941e-07
0.000277679
0
2.79143e-05
0.000210917
0
7.76241e-05
0.000157055
0.000397322
0.000219514
0.000929512
0
1.11225e-06
5.40683e-05
0.000470247
0.000213296
0.000235364
9.56248e-05
0
0
0
0.000125691
0
0.000939987
0
0
0
0.000248606
0.000880452
0.000488469
0
0
0.000527522
0.000950256
9.23497e-07
0.0012167
0
0
0
0
0.000437839
0.00106655
1.24531e-07
0.000700662
0
0
0.000286645
0.000494459
1.26082e-05
0.000430673
0.000487591
3.07426e-05
0.000244054
4.94103e-05
0
0.000239163
0
0
0.000124994
0.000629399
0.000531197
0.000279921
0.00114136
0.000557225
0.000493373
0.000201667
0
0
0.000731406
0.00023781
9.79315e-07
0.00088312
0.00023435
0.000172539
0
0
0.000498155
4.15255e-05
0.000655738
0
0
0.000886255
0.000305795
0.000254494
0.000513187
0.000211851
0.000128751
0.00013559
0.000374767
0.000946841
0.0004935
0.000193627
0.000308407
0.000502079
0
0.000284775
0
0.000348202
0
0.000799214
0.000983241
0.000403025
0
3.24441e-08
0.000224884
0
0
0
0.000239814
0.000139779
0.000819953
0.000341942
0.000245993
0.000365152
0.000736573
0
0
0.000179943
0
0
0.000701869
0.000113933
0
0.000264556
0
3.44158e-07
0.000177191
1.18155e-06
0
0.000111939
5.71171e-05
0.000513122
0
0.000507749
6.80324e-06
0.000797453
0
0
4.32888e-07
1.88988e-05
0.000719044
1.01309e-06
8.16334e-05
0
0.000744582
5.34606e-05
0
0.00077743
0.000702699
0.000871377
7.80812e-05
0.000192025
0
0.000244182
0.000690702
0.000175886
0.000150094
0.000584569
0.00011651
0
2.42012e-05
0
0
0.000190825
0
0
0
0
0.000186526
0.00031035
0
0
7.18879e-08
2.6446e-05
0.000189061
1.36257e-07
0
1.22947e-07
0.000264411
0.000815328
0
0.000966217
0.000362344
0
0
0.000542298
4.94841e-05
5.89118e-06
0
0.00042215
0.000772705
0.000187887
0
0
0.000719688
0.000685533
0.000270979
0.00104329
0
0.0002169
0
0.000116154
0.000321842
0.000308588
9.96805e-08
0
0.000649007
2.16227e-05
0.000150009
2.10772e-08
0.000299352
0.000949258
0
1.18289e-07
0
0.000944003
5.04456e-07
0.000657958
0
0
0
8.06707e-07
0
0.000819948
4.41852e-05
0.000158781
3.94868e-05
0.00037586
0
3.39436e-05
0
0
0
0
0
2.07278e-07
0
7.24094e-07
3.28244e-05
0
0
0
0.000245867
0
8.40887e-05
0.000309185
0.000299083
0
0.000470349
3.49134e-05
0
0.000266303
0
7.14391e-06
0.000313403
0.000206906
3.4954e-06
0
9.14967e-05
0.000402638
0.000573306
0.000186652
0
3.9692e-07
0.000225193
0
0
0
0
0.000771674
0
0.00108739
0
0
0
0
0
0
7.78364e-06
0.000836201
3.48128e-05
0.000428671
0.000956929
0
0
0.00090733
0
0
0.000110479
0.000328041
0
0
0
6.19132e-06
5.20952e-07
2.11321e-05
0.000471796
0
4.01448e-08
0
0.000583011
0
0.000800835
0.00101516
0.000813445
0.000765561
1.4146e-06
0.000232278
0
0
0.000370086
0.000276869
0
0
0
0
0
0
0.000118736
0.000989325
0.000803736
6.23624e-07
0.000609683
0
0
0
0
0.000422885
0
6.76643e-05
0.000198049
0.000527254
0
0.00113476
0
0
0
0.000911106
0
0.000579659
0
0.000504177
0.000475875
0
0.000137664
9.18838e-07
0
0
1.11004e-06
5.36514e-07
0
0.000469584
0.000374669
8.44045e-08
0
4.79058e-05
0
0
0.000730144
5.54326e-05
0
0
5.69814e-07
0.000195717
0.000784096
1.45815e-06
0
0
4.59752e-05
0
0
0
2.21152e-05
0.000722633
0.000976294
0
0
1.15766e-08
1.2364e-05
0.000510829
4.29751e-07
0.000457568
0
0
1.05686e-06
0.000465492
5.00866e-05
0.000595551
1.44467e-06
0
0.000791851
8.19248e-05
0.000856558
0.000239413
0
0
0.000821445
0.000556436
0.000326921
0.000639759
0
0
0.000413986
1.67647e-05
0
0
0
0.000899019
1.37719e-05
0.000619146
0
0
3.37443e-08
0.00038236
0.000201355
0
0.000857506
0.000677613
0
0.000491078
1.77071e-07
0.00118355
8.20161e-05
0.000819137
0.000521487
0
0.000970524
0
0
0.000257514
1.35636e-07
0
7.31386e-05
0.00109328
0.00084223
0.000617498
0.000533837
0.00116076
0.000820655
0.000469801
0.000320907
0.000543424
0
0.00053068
0.000681403
1.36192e-06
0
0
0
0.000471635
5.16971e-05
5.93997e-07
3.72682e-07
0.000128959
0.000620942
0.000127871
5.49372e-05
6.81233e-06
5.41077e-07
0
0.000119527
7.44578e-05
0.000572273
0
0
0
5.80133e-08
0
8.33269e-05
0
8.49775e-05
0.000626703
0.000422946
0.000858269
0
2.86595e-05
0.000858762
2.62944e-05
0
0
0.000454564
0
0.00106857
0.00052762
0
0.000176434
0.000197731
0
0.0011966
0.000228214
0.000159855
1.53157e-05
0.000659982
0
0
6.27317e-07
0.000755807
0.000754107
2.52112e-05
0.000497374
0.000129184
0.000259911
1.83138e-06
0.000331242
0
0
0
0.00035366
0.000477733
0
0
0.000507548
0
0.000194526
0
0
0.000276319
0.000461356
0.000904545
1.55658e-07
5.30832e-05
0.000118061
0.000983505
0.000477084
2.18052e-05
0.000350085
0.000578758
0
0.000183758
0
8.06488e-05
0
0.000129146
0.000126728
0
0.000627078
0
6.56717e-05
0.000121243
0.000792093
0.000278437
0.000950532
0.000257541
4.42057e-05
0.00024027
0.000216861
0
0.000524246
0
3.9624e-05
5.24091e-05
1.8463e-05
0
0
0
1.41224e-05
0.0004883
0.000702532
0
0.0002909
4.38071e-05
0
0
0
0
0.0007009
7.33391e-06
0
0
0
5.17543e-06
0
0
0.000688344
0
0.00102575
0.000190274
0.000367224
0.00122969
0
0
0.00093996
0
0.000693988
0.000107443
0.000165699
0.000566554
0
0.000670114
0.000906702
0.000855104
0.000705528
0.000720174
0
0.000696195
9.31852e-08
0
0.000767671
0
0
0
6.20385e-08
2.45407e-05
0
5.57261e-05
0
1.06781e-06
0
0.000152553
0
7.70852e-05
4.77326e-05
0.000436522
8.3749e-06
0.000341733
0
0.000629888
0
0.000511474
0
0
0
0
0
0
0
0.00069255
0.000341529
1.3906e-07
0.000612047
0.000133964
0
0.000362503
0
0
0
0
0.000566204
0.000344889
0.000354732
0
7.54104e-07
0
0.000624761
0.000524575
0.000344126
0.000897495
0.00109155
0
0.000269072
0
2.89797e-07
0.000681594
0
0.000419071
0.000169015
4.35458e-07
2.80173e-05
0
0
0.000482614
0.00034371
0.000861394
0.000994387
0.000977726
0
0.000686349
0
3.14904e-05
7.42633e-05
0.000185937
0.000293084
0.000748567
0
0
1.09372e-06
1.31042e-06
0.000914195
0.000646833
0.000253942
1.49298e-05
0.000272302
0.000170774
0.000241165
0.000973318
0.000266453
1.36248e-05
0
0.000196884
3.10917e-06
0
0.000898047
0
0
0.000307766
0
0
0.000385935
0.000536135
0
1.19802e-05
0
0
0.00113633
0
0.00110775
0.000147467
0.000233803
0.00118106
0
0.000788168
4.17801e-06
0.000291057
0.00109146
0
0
3.79604e-05
6.54192e-05
0.000455472
0
0.000143285
0.0002516
0.000202993
0
0
5.10839e-05
0.00044411
0
0
0.000152796
0
0
0.000795612
0
0
0.00109077
0.000456773
0.000493157
4.69668e-05
9.35007e-05
0
0
0.000941835
0
0.000340135
0
0
1.55929e-06
0.000293341
0.000792499
0.000152231
0.00016058
0.00075169
0.000668338
1.56634e-05
0
0
0
0.000956335
0.000711989
0.000924674
0.000322524
0.000860965
0
0.000486232
0
0
0.000324645
2.36409e-07
3.503e-05
0.00017672
0
2.72634e-05
0.000284585
4.47204e-07
0.000466145
0.000445194
0
0
4.0625e-05
8.01745e-05
0.000295811
0.000429491
0.000180187
0
0
0.000289346
0.000314467
0.000740548
0
0
0.000820697
0.000227453
6.31847e-05
0.000629039
0.0005426
0
0
8.60798e-07
4.74464e-05
0
7.01496e-06
8.55643e-07
4.57954e-07
3.60996e-07
0
0.000193287
2.52245e-06
0.000810263
0.000437223
0.000790971
0.000810853
0.000398195
1.27717e-05
5.8865e-08
0.000418004
0.000909127
4.12601e-06
0
0.000341132
0.000444173
0
0.00074162
1.15616e-05
0.000497488
0.000377717
0.00068563
0.000311445
0.000246308
0
0
0.000342312
0.00038665
0.000791197
0
0
0
9.38128e-07
0.000480452
0
0.000285789
0
0.000182607
9.34757e-06
0
0
0
0.000100459
0
0.000167808
0.000904227
0
0
0
0
0.000662061
0.000161403
0
4.96776e-06
0
0.000241523
0
9.87487e-05
0.000603895
0.000853408
0
0
0
0
0.00041012
0.00118163
0
4.17276e-05
0.000675597
0.00104884
0.000580674
0.000263446
4.43644e-05
0.000130136
0
0.00014422
0.000401869
5.83493e-08
1.84241e-06
4.6387e-06
0
0
0
0
2.91464e-05
0.000487862
0.000731903
0
0
0.000826579
0
0.000590234
0.000739603
3.31943e-05
0
0
0
0.000514183
0
0
0
0
1.23071e-07
0
0.000243113
0.000535505
2.61134e-07
0
0.000384445
0
0
8.96527e-05
0.000489545
0.000103763
0
0
0.00049204
0
0
0
0.000171464
1.90165e-06
0.000294079
0
0.000511987
0
0
0.000302741
0
0.000328437
0
7.53594e-06
0
4.20153e-05
0.000643662
6.27219e-08
0
1.18503e-06
0.000335882
0
0.000230257
0
0.000244547
0.000205791
0
0.000449998
5.44038e-05
0.000413013
0.000711008
0
0
0.000956786
2.45337e-07
0
7.80236e-07
0.000600504
0.000572211
3.34171e-05
5.9824e-05
0.000684863
0
9.56763e-05
0
0.000507252
0.000813374
0
0
0.000623555
0
0.00100134
7.51377e-08
2.07855e-05
0.00109149
0.000111355
0.000254767
0
0.000769417
0
0.000133738
0.000482057
0
0.000605177
2.03145e-07
0.000225733
0.00024927
5.29285e-06
0.000859763
0
0
0.000818534
0.000222846
9.88118e-05
0.000492599
0
0.000404265
0
0
0.0009991
7.76115e-07
2.41771e-06
0.000844496
0.000341969
0
0.000172862
0.000406619
5.2246e-07
0.000507114
0.000496967
0.000327577
0
0
9.66753e-05
0.000327953
3.69872e-05
1.72919e-05
7.9978e-05
0.000522772
0.000561916
0
0.000197218
0.000149132
0.000119303
0.000218378
0.000132512
0.000621355
0
0.0007359
0
0
0.000707825
0
0
0
0.000674683
0
0
0
0.000210574
0.0010666
0.000324796
0
2.90111e-05
0
0.000513696
0.000663464
0
0
0.000357048
0
0
4.12718e-05
0
0.000728291
0
7.21626e-05
0
0
5.50365e-05
7.20118e-05
7.25463e-09
0
0
0
0
4.64842e-07
0
0
2.87641e-05
0
0.000333587
2.98607e-06
0
0
0.000398459
5.04096e-05
0.000708081
0.000148029
0
0
0.000417212
0
0
0
0.000308478
1.55915e-05
0
0
5.72833e-05
5.85662e-05
0
0.000384647
0
0.000268635
0.000714087
0.000198295
0
0.000844122
7.2844e-05
0
0
0.000175007
0.000157247
0.000156255
0
0.000117904
0.000928095
0.000410493
0
2.05347e-06
0
2.01271e-05
0.00032189
6.57146e-07
2.85254e-05
0.000622366
0.000226286
0.000111246
0.000426519
0.000222459
0.000997665
0.000235845
0
1.74085e-05
0
0
0.000198761
0.000457467
0.000236366
1.66175e-07
0.00055766
0.000311594
1.87118e-05
0.000909462
0.000908425
0
0
7.67096e-05
0.000456453
0.000148063
0.000349287
0.000105257
0.00040212
0.000277482
3.84421e-05
0
0.000168987
0.000182414
5.05825e-05
0
0.000672537
0
3.0467e-06
0
9.42351e-06
0
0
0
0.000696368
0.000616548
0.000666597
0.000999348
0.000615036
0
4.05377e-05
0.000551218
1.58215e-06
0
0
0.000591048
0
0.000381541
0
0.000134496
0.000287436
0.000564045
0.000828868
0.00103486
0.000413594
0
0
1.56298e-06
2.10882e-06
0.000184051
0.000285878
0.000329374
3.2542e-05
1.68897e-05
4.11819e-08
0.000231218
0.000152367
4.27394e-07
0.000264109
0
0
0
0
0
0
3.40819e-05
0.000234081
0.0011203
0.000587097
6.36917e-06
0.00014323
0.000601224
0
0
0.000581537
0.000203221
0
0
0.000190313
4.64899e-08
0
0.000784042
6.18776e-05
1.90771e-05
0.00103267
0
1.36429e-05
0
0
1.29089e-05
0.000272618
5.46426e-07
1.25345e-07
0.00100892
0
0
7.1846e-05
5.09831e-06
0.000677215
0
0.000329124
0
0
0
0
0.000236908
0.000109937
5.38043e-05
0
1.53294e-05
1.38374e-07
1.87006e-06
0.000104377
0.000815945
0.000870078
0.000259521
9.53119e-05
0
1.5227e-07
0
0
0
0.000295156
0
0.000354882
0
0
0.000489203
0
0.000371155
0
0
0
0.000405364
2.66031e-06
0
0
0.000769086
0
0
0.000348842
0
2.52495e-05
0.000339466
0
0
0
0.000110582
0.000360719
0.00046963
1.35572e-07
0
0
0
0.000519201
0.00116475
0.00115758
5.7684e-05
0
0.00110219
0.000766225
0.000195713
0.000784821
0
0
0.000488447
0.000143655
0.00108599
5.15732e-06
0
1.26585e-05
0
0.000411646
0.000100198
0.00052791
2.30196e-07
0
0
0.000222573
0.000502365
0
0.000487719
0.000203693
0
0.000699402
0.000323604
0
0.000215173
0
3.39156e-06
0.000377168
0.000918984
0.000466443
0
0.000179193
0
0
0
1.02399e-05
0.00081205
9.22988e-08
0
0
0.000527072
0
3.44863e-07
0
4.54362e-05
0
3.45178e-05
7.79125e-07
8.96656e-07
0
2.36476e-06
0
0.000824438
0.000708882
0
0
0
0
0
0
0.000484396
0.000862297
0
0
0
0.00082835
0
0.000115886
0
0.00040422
5.04481e-05
0.00095561
0.000398789
0.000281069
0.000319686
2.07234e-05
0
0.000105458
0
0
0.000411355
0.000130151
0
0.000513711
0.00110431
0
0.000717663
1.66e-05
0
0.000281071
0
0
0.000134023
7.94352e-05
0.000133707
0
3.20641e-05
0
0
0.000844675
0.000125919
0.000650316
0.000886333
0
0.000765655
0.000724967
1.81817e-06
0.00116732
0.000290255
0.000443107
3.87249e-05
0.000601999
0
0
0.000104679
0.000771031
0.000194094
0
4.89417e-05
0.00113334
0
6.10417e-05
0.000792616
6.73068e-06
0
0
4.68832e-05
0.000450175
0
0.000323681
0.000426873
3.69562e-06
0.000930499
0.00033238
0.000784062
5.55124e-06
0.000515108
0
0.000611321
0.000554341
0
0.000448578
0.000119717
0
0.00013661
0
0.000813565
0.000485581
0
0
8.89546e-06
0.000378773
0
0.00114322
0
0
0.000312202
0
0.000487497
4.5756e-05
0.000612165
0
0.000240741
0
7.506e-05
0
5.65741e-07
0.000169238
8.53551e-05
1.02518e-05
0.00017951
7.09128e-05
0.000135052
0
0
0
0
0.000780908
0
0
0
0
1.40491e-06
2.51474e-08
7.56989e-05
0
3.68178e-06
0
0.000799618
0
0
0.000109863
0
0.000540697
0.000121148
0
0.000276413
1.11999e-05
0.000745707
0.00025143
0.000170043
8.99654e-05
0
3.84772e-06
0.00031209
0.0001939
0
0.000101416
0
0.000203489
0.000516727
5.65303e-07
0
0
0
0
0.000166919
0.000220538
0.000591411
0.000541315
2.24981e-05
0
0
0
0
0.000517361
0.00085219
0
0.000837053
0.000467977
0
4.53926e-05
0
7.8339e-06
0
0.000249487
0
0.00030156
0.000815625
0.000866045
0.000239887
1.04718e-07
0.000333172
8.9796e-05
0.000115463
9.3497e-05
0
0
0.000143644
0.00034982
0
0
6.33849e-06
0.000742901
0
0.00105403
0.000345499
0.000616242
0
0.000682174
0.000293482
3.41577e-08
0.000663054
0
0.000435089
0.000448899
2.54643e-06
0.00030144
2.26783e-06
6.84391e-05
2.97504e-05
0.000775364
0
0.000371153
0.000199075
0.000306758
0.00017378
0.000966504
0.000579488
0.000774461
0
0
0
0
6.69729e-05
0.000255508
0
0
0.000147547
0
0
0
0
0.000242098
9.02709e-05
0.000857318
0.000477821
0.000479066
0.000260518
0.000159575
0.00112813
0
0.000199615
0.000568791
0.000195831
0
3.1613e-06
0
0
0.00015087
8.31952e-05
0
0.000541264
0
0.000399233
0.000819515
0.000406123
0
0.000495657
0
6.46273e-06
0
0
3.44932e-05
0.00103804
0
5.06596e-06
0
0.000394564
0.000316424
0.000472926
0.000215888
1.86732e-05
0
0
0
0
0
0.000615136
0.000691835
0.000111842
0.000165006
0
2.8023e-05
0.000279875
0.000906383
1.07936e-07
2.29869e-07
0
0
0
0
0.000236129
0
5.15869e-05
0
0.000147356
3.3731e-07
8.66201e-06
0.00120377
1.78798e-06
0
8.45256e-05
3.95257e-06
0.000277622
0.000850367
7.23751e-05
0
2.03844e-05
5.49392e-05
0
0.000406333
2.04359e-06
0.000154705
0.000564948
0.000722574
0
0
0
0.00111965
0
0.000817465
0.0001347
0.000107569
0
0.000782561
2.54682e-06
0
0.000713497
0.000525105
0
0
0.000103977
0.000372577
0.000246158
2.07265e-05
0.000369797
0
0.000155232
2.22245e-05
0.000723668
0.000737558
6.41221e-05
0
0.000951424
0.000379779
0
0
0.00016308
0
0
0.00122293
0
0
0.000241596
0.00105023
0.00027289
0
0.000201617
0
1.86343e-05
0.000256563
0
0
8.9705e-05
0.00084543
0.000748801
0
0
0.000403177
0.000302146
0
0.000612054
0
4.89457e-05
0.000506136
0.000818148
2.87881e-05
0.000417801
0.0006897
0.000525023
0.000748777
0
0.000277546
0.000434389
2.1866e-06
0
0.000520209
0.000969732
0.000655833
0.000132159
0
0.000667464
0
0.000147218
0.000136829
0
2.8e-08
0.000168294
0.00012002
7.20532e-06
0
0.000619563
0
0.000232974
0.000513074
0.000992935
0.000159217
0.000152069
0.00032431
0
0
2.99648e-05
0
0.00102065
0.00107113
0.000561036
0.000505554
1.18427e-05
0.00109921
0.000118922
0.000106431
0.000232614
0.000162152
6.79138e-06
0.00032688
0
0.000813597
0
0
0.000428983
6.21269e-05
0
0.000133735
0.000355111
0
0
0
0
1.80567e-08
0.00024759
1.67541e-05
1.06003e-05
1.45146e-05
0
2.89502e-05
1.59619e-07
0.000248158
0
0.000807805
0.000962672
0
0.00104455
0.000269542
0.000863389
0.000223421
0.000824648
0.000267936
0.000257625
0.000728021
0
0.000176329
8.07673e-05
3.44607e-07
1.41763e-05
0
0
0.000179769
0
0.00107242
0.000146031
0.0001189
0
0
9.04493e-05
5.05046e-06
0.000488141
4.47157e-06
0.000673219
0
0
0
0
4.97863e-05
6.38936e-05
2.69451e-06
0
1.67971e-05
0.000495648
0
0.000202198
0.000725083
0.000499317
0.000649269
0.000879313
0
1.65945e-05
0.00118077
0
0
0.000305173
9.72205e-05
0.000484092
0.000160221
0.000407962
0.000568935
0
0
0
0.000368626
0.00035222
3.50753e-06
0.000107565
0.000197954
0.000337658
0.00094225
0.000103657
0
0
0
0.000997297
0.00017258
0.000664499
0
0
9.67915e-06
0.000192938
4.92093e-06
0
0.000241985
0
0
0.000125569
0.000169776
0
0.000995308
0
0.000106126
0
0.000583131
0
0.000647184
0.000772896
0.000122875
0.000561513
0.000267348
0
0
0
1.30131e-05
0.000311975
0
0.000717599
0.00105745
0.000676077
2.23781e-06
0.000472816
0
3.49849e-08
0.000861718
0
0
0
0.000271937
0.000334688
0.00038141
0.00070049
8.73221e-05
7.1154e-05
0
2.93e-05
8.08545e-05
0.000184079
2.47221e-07
0
6.46612e-07
0
0
0.00112493
0.000542888
5.86133e-07
0
0.000346806
0
0
0.000214243
0.000936439
3.44917e-05
0.000742268
0.000192897
0.00010848
0
0
3.83224e-05
0
9.87028e-08
0.000796171
0
5.72704e-05
4.0546e-06
2.42381e-05
2.83015e-05
0
1.44383e-06
0.00025805
0.000508723
0.000235159
0
0
0.00011606
0
0
0
5.57885e-05
0.000191334
0.000155575
0.000266541
0
0.000618962
0
9.69571e-05
0
0.000161102
0
0.000509983
0
5.28125e-05
0.000557292
0
0.000173902
0.000136426
4.43529e-05
0.000547244
5.66586e-06
0
0
3.6384e-05
0.000683489
3.04629e-05
0.000649085
0
0
1.246e-05
0
0
0
0
3.86e-06
0
6.84742e-05
0.00010005
0
0.000346761
0
0.000172161
0.000823034
0
5.95971e-05
0
2.07041e-08
0
0.00023447
8.21893e-06
7.87729e-05
0.000220894
0.0005099
1.01674e-06
0
0
0.00100055
0
0.00102965
0.000149931
0.000653885
0.0004752
0
0
0
0.000827571
0
0
0
0
1.47242e-05
4.84173e-05
0.000559738
0.000239361
0.000701623
0
8.8884e-05
6.54464e-07
0
0.000804815
0
0.000948782
0
0.000119329
9.35752e-06
0.000589129
0
9.57131e-05
0.00109993
0.000864788
0.000290698
0
0.000876945
6.80585e-06
5.20152e-05
0.000530843
0.000138878
1.85306e-07
0
0.000501088
1.4865e-06
0
5.60675e-05
0.000975885
0.000700611
0.000151658
6.0971e-05
0.000686255
0.000319431
0.000554011
0
7.61085e-05
0
0
0
4.39408e-05
0.000779622
0.000527758
0.000847771
7.57573e-06
0.00055227
0.000625369
1.31127e-06
2.6115e-05
0.000151684
0.000224775
0
0
0.000168797
0
0
0
0.000940455
2.54148e-05
0
0
0.00048899
3.61233e-05
0.000334011
0
0.000230022
0
0
2.22e-05
0.000139377
0.000557035
0
0
2.9824e-05
3.56722e-05
0.00102243
0
0
3.46424e-06
0
0
0.000222004
1.54062e-07
0.000531208
0.000105614
0.00108875
0
0.000247528
0.00108097
0
0
0.000243276
0.000942854
0.000125031
0
5.78884e-06
3.90996e-06
0.000201481
0
1.53668e-05
0.000683798
0
0.000723926
0
0
4.1986e-05
0.000911226
9.80296e-07
0
0.000366185
1.90195e-07
0
0.000850339
9.28127e-05
0.000442215
0.000230489
0.000256665
0.000398531
2.1265e-05
2.39242e-05
0
0
0.000946688
5.86846e-05
0
0.000740568
0.000631954
0.000697249
0.000775318
0
0.000343845
0.00105133
0
0
0.000507278
3.60684e-07
0.000247724
5.28616e-05
0.000853332
0
1.10093e-07
0.000376171
0
0.000342726
0
0.000999636
0
0.00018556
1.16669e-06
0.000477452
0
0
1.83804e-06
0
8.35508e-08
3.86132e-05
2.85356e-05
0.00029345
0.001046
0.000197636
0
0.000883088
0.000490089
0
0.000249656
0
7.38466e-05
0.000276832
0
0.00043118
2.51289e-07
0
0
0
0
0
0.000155004
0
0
0.00016499
0
0.000590297
0.000712461
0.000627726
8.04649e-05
0.000392855
5.01666e-06
0.000976265
2.44465e-07
0
0.000984714
0
0
0.000323261
0
0.00107229
0.000322917
4.54012e-06
0.000136718
0
0
0.00102164
0.000854514
0
3.74852e-05
3.2652e-05
0
0
0
0
0
1.38223e-05
2.83101e-05
0
0.000177166
7.48895e-06
0
0
0
0
0.000161037
0
3.2641e-05
0
0
0
0
9.3756e-05
0.00113434
0
0.000292212
0.000429796
0.000400157
0
0.000537294
0
0
0.000461447
0
0
0
0.00101303
0
0
0.000562848
3.16105e-06
0.000136866
0
0
0.000777045
7.21052e-08
0
1.99054e-06
0.000605341
0
0.000612702
0
0
0.000455261
0
0
0.000191568
0.000346421
5.22107e-05
0
5.87966e-05
0
0.000858439
0.000376912
7.70052e-06
3.46716e-05
0.000666829
0
0
7.02229e-07
0
0.000415497
0.000215151
0
0.00017465
0.000246017
0.000511083
0.000491587
0.000265923
0
0
0
0
0
0.000435401
0.000851323
5.39843e-07
0.000187297
0.00075355
0
0.000308363
0.000283852
0
0
0.000521114
0.000234201
3.56667e-05
0.000784974
3.10169e-05
0.000103921
0
0
0
0.000282836
3.6873e-05
0.000428262
0
0.000307115
0
0
0
8.66599e-06
0
0
0
0.000904882
0.000320818
0.000270115
2.94367e-06
0
0.00100252
0.000644204
0
0.0010465
0
0.000555089
0
1.00053e-07
3.16352e-06
5.32581e-05
1.35914e-05
0
1.39006e-06
0
0.00107814
0
1.22898e-05
0
0.000161658
0
0
0
0
0.000797065
0.000209255
0
0
2.7295e-05
0
0.000317945
0.00015433
2.95117e-06
0
0.000570521
1.11922e-05
0.000979048
0.000846902
0
0
0.000114959
0
0
0.000375391
0.000888829
0.000141755
0.000168207
0
0.000664974
0.000147898
0
8.09991e-06
0
0
0.000488809
1.37225e-05
0.000311915
0.000808293
0.000613188
0
8.13967e-05
0
0
1.7575e-05
0.000693691
0.000129289
0.000726438
0.000664037
9.10906e-06
0.000411719
1.18755e-06
0.000103766
0
0.00078672
0.000411102
3.7112e-05
0
6.12757e-05
2.71855e-08
0.000442307
0
0
0
0.000547985
0
5.67282e-07
0
0.00051405
0
2.72979e-06
0
0.00103306
0
0.000224826
0.00112712
0
0
0.000823465
0
0
0.00020579
0
0
0
0.000438348
0
0.000481624
0
0.00057292
0
0.000706436
0.000304337
0
0.000524757
0
0.000633625
0.000723086
0.000156097
0
0.000414026
0.000502056
0
0.000595058
0
0.000893557
0.000310513
0.000439679
0
0
0
0
0
0.000749343
0
0.000522131
0
0
0
0.00038343
8.79478e-05
0.000528466
0.000316654
0.000464606
0
0.00025641
0
9.68654e-05
0
0.000189551
0.00060549
0
0.000148083
0
0.00047678
0.000150137
2.58074e-06
0
0.000177911
0.00038314
0.000302973
0.000754295
0.000930702
0
0.000855515
0
0.000810618
0
0.00100596
0
0.000473614
0
2.43933e-07
8.6282e-08
0.000132629
0
1.02894e-06
0
0.000182141
0.000568775
0.000633002
0
0.000332486
1.67128e-07
0
0.000425919
0.000142276
0.000102865
0
0
0.00110158
0.00101259
0.000989666
0.000635735
0.000115313
0
0
0.0006491
4.61193e-06
0.000745541
0
0
0
0.000374451
0.00056468
0
1.94078e-05
0.000574634
0
0
1.5528e-06
0.000910713
0
3.04599e-06
1.71048e-05
0.000519712
5.80069e-08
0
0.000288209
0
2.40754e-05
1.3353e-06
0.000255838
0
3.61849e-07
0.000730761
0.000301588
0
0
0.000431428
0.000115786
0
0.000546709
0.000505039
0
0
0.000509978
0.00090474
2.31679e-05
0.000242917
0
0
7.08456e-05
0.000130985
0.000711995
0
0.000420946
0.000645906
0
0
0.000421213
0.00089353
0.000508056
3.33255e-05
0
0
0
0
5.90086e-06
0.000454959
0.000572198
0.000657245
0.0007716
0
3.44984e-05
0.00089993
0
0
8.14186e-05
0
0.000982011
0
0.000173528
0
0
0
0.000612702
0
1.75784e-07
5.05145e-07
0
0
0.000528703
0
0
0
0.000138671
0.000343035
0.00083845
6.44474e-05
0
6.12631e-07
0
5.21458e-05
0
0
9.13481e-05
3.10444e-05
0
0
7.89752e-06
0.00119742
0.000200032
0.000804916
0.000198993
0.000312014
0.000105195
0
0.000902981
0
0.000311947
0
2.48878e-05
0
2.70894e-07
4.63699e-05
5.43266e-05
0.000340958
0.00091492
4.92049e-05
0
0
0.000291242
0
3.84045e-06
0.000411572
1.07532e-05
6.6959e-06
0
0
0
9.70677e-06
0.000256307
0
0
0.000489322
0.000533643
0
1.29429e-06
0.000525587
0
0.000933717
0
1.16999e-06
0
0
0
0.000245577
0.000166067
0
9.42759e-05
5.76847e-08
3.21307e-05
0
0.000467407
0.000593767
3.15873e-05
0
0.000254739
0
0.000824427
0.000130833
0
3.34163e-07
1.40909e-05
0.000463346
0.00118397
0
3.91664e-05
0.00109153
7.0852e-08
0.000159766
0
0
0
2.24072e-06
1.67996e-05
0
3.68756e-05
0.000816543
0
0
0.000175615
1.79102e-05
0
2.01026e-07
0.000416444
0.000449397
0
2.8689e-08
0
0
0.000691285
0
0
9.7357e-05
0.000647553
0
0.000391132
0.000258234
0
0
0
0.000454889
0.00017143
0
0
0
0
0
0.000160085
2.85858e-05
9.6973e-05
0.00102196
0
0.000125081
0
0.000868261
0.000245396
9.69223e-07
2.83741e-05
0.000272233
0.000169304
6.29881e-06
0.000921749
7.40138e-06
0
0
0
0.000715322
0.00030637
0.000161326
0.000830225
0.000172953
1.01416e-07
0
0.00040873
0.000283524
0
3.17425e-06
0
0
0.000667814
0.00023457
0.000149647
0.00107839
2.33781e-05
0.000869588
0.000755796
2.54375e-06
0.000596942
1.35543e-07
0.00092314
1.70459e-06
4.71699e-05
0
0.000463713
4.02237e-05
0.000794881
0
3.73622e-07
0.000183931
0.000212124
0
1.55576e-05
0.000175756
1.83322e-07
0.000118574
0
1.97079e-05
0.000619643
2.95624e-06
8.42395e-07
0
0
0.000394401
0.000407329
0.000121151
0.000242336
0
2.09984e-07
0.00109598
1.28979e-07
0
0.000424406
0.000929629
0
2.19811e-05
0
5.87346e-06
0
0.000260678
0
0
0
0.000929244
0
0.00017005
0
0
0.000126086
0
0
0.000965931
0.000264805
0.000750943
5.60615e-05
0.000473792
0.000692019
0.00108675
0.00107402
0.0011229
0.000842008
0
4.63209e-05
0.00025272
0.000152459
4.30704e-05
0
0
0.000235935
0.000261289
1.0274e-06
5.88286e-05
0.000423399
6.46643e-08
0.000450133
0
6.6451e-05
0.000692317
0
0.000884805
0.000293168
0.000345845
0
0
0
0.000117472
0
2.25376e-07
0.000360675
0.000729024
0.000835917
0.000990515
0
3.06675e-06
0
1.73366e-07
2.41655e-05
0
0
0
0.000828576
0
0.000457011
0.000122613
0
0
2.27973e-07
0
0
0
0.0002046
1.13666e-05
5.25328e-05
2.34675e-08
0.000103257
0.000576746
0.000489538
0.000868457
0
0
0
0
0.000114879
0
0.000541382
0.000734467
0
0
0.000457254
2.76873e-05
0.000218101
0
4.18001e-05
0
0.000213884
0
0.000540231
0
4.09921e-05
0.000124471
0
5.24142e-07
0.000450917
2.44412e-05
0.00015099
0.000626819
0.000151121
0
0
0
0.000464526
0.000264389
0
0.000943138
0.00055977
0
0
1.25703e-06
0
9.17895e-05
0
0
8.59055e-05
0
0.000316117
0.000241516
0
0
0
0.000684366
0.00110371
0
2.12469e-07
0
0
0.00113186
0.000380639
0.000682003
0.000418798
0
0
9.13073e-08
0.000599414
0.0007865
7.82588e-06
1.76096e-05
2.34419e-06
0.000723973
0
8.44285e-07
0.000625674
0
2.55769e-05
6.99702e-05
0.000432881
0
0.000359014
0
0.000383411
5.36157e-05
0.00104073
0.000868005
0
0.00108735
0.000531123
0.00037283
4.32141e-08
0.000662299
0
1.52395e-05
0.000792503
0.000532602
0
0.000391632
7.35304e-05
2.71335e-05
4.67778e-08
0.00035987
0.000842909
0
0.000513326
0.00110161
0.00021775
1.64067e-05
0.000581022
0
1.06571e-06
0
0.000536807
1.92368e-05
3.69979e-05
0
1.96617e-05
0
0.000755341
0.000616852
0.000824408
0.000530216
0.000563218
0
0.001105
0
0.000664949
0
0
0.000366686
0.000407147
0
0
0
8.0719e-07
0
0
0.000386269
3.77565e-05
0.000206551
1.29889e-05
6.3326e-05
1.40022e-07
0.000239506
0.000308856
0.000677668
0.000597473
0
6.90419e-05
0
9.89771e-05
9.36655e-07
3.08111e-06
0.000919607
0.000680314
0.000176591
0.000994215
0.00056316
0
1.95886e-05
0.000104336
0.000854454
0.000362647
0
0.000513601
0.00075167
0
0
0.000132326
5.39949e-07
5.20992e-05
0.000162252
1.27434e-07
0.000580124
3.20855e-06
0.000869636
0
0
0
6.77503e-08
0
5.84455e-05
1.82032e-05
2.46858e-06
0
9.33029e-06
0
0.000314555
0
0.000250071
0.00116947
0.000534352
0
2.65471e-05
0
0.000165087
0
3.64546e-08
7.04357e-07
0.000215895
0.000292413
0.00022245
2.76315e-05
0.00108391
0.00108058
5.53711e-05
4.19893e-06
0
3.13039e-07
0
0
2.49434e-05
0
0.000495004
0.00092416
0.000908876
0
0.000203778
0
0.000915292
0
8.10598e-06
7.66849e-06
0
0.000118166
0.000687766
0.000128908
0.000836152
0.000286126
0.000249344
1.19892e-05
0.00057072
4.52039e-05
0
0
1.60371e-05
0.000209421
4.52411e-05
0.000376393
8.8913e-08
0
0
5.00628e-05
3.19239e-05
2.25606e-07
0.000144921
0.000682031
6.35434e-06
0.000154282
0
5.24633e-06
0.000279865
0
0
4.66575e-07
0.000316639
0.000343575
2.59351e-06
0
0
0
0.000586343
0
0.000465072
0.00012794
0
0
0
0
0.000828957
0
1.57563e-07
8.3916e-06
0
3.69941e-05
0.00106119
6.10428e-05
0
0.000130908
0.000380446
0
0
0
0
0
0
0
0
1.50068e-05
1.65975e-05
0.000578779
0
0.00080437
0.000688846
0
0.000908141
0.000379269
0.000107511
0
0
0.000222834
0
0.000312185
0
0
0
0.000665657
0.000959281
0
0.000172059
0.000330828
0
0.00122007
0.000220523
0.000386155
0.000382776
0.000615653
0
0.000984013
7.49377e-06
0
0
0.000765928
2.97272e-05
0
0.000628765
0.000237813
0
0
0.000140542
0
0.000219916
0
0.000231185
0
0.000312439
0.000155591
0.000823197
0
0.000327868
0.000157196
0.000221395
0
0.00040199
0
0.000915268
0
0
0.000727587
0.000797935
0
0
0
0
8.19737e-05
4.4114e-06
0.000469146
0.000428369
1.05086e-05
0
0.0011953
0.000158567
0.000120129
0.000158115
0.000999567
0.000135012
0.000188563
0.000270174
0.000338216
0
0.000388528
0.000634841
0.000194483
0
0.000340718
0
0
0.000285053
0.000193845
1.5021e-06
0
0
0.00121724
0
0
1.82896e-07
0.000402758
1.67843e-06
0.000179391
0.000700062
0
1.65559e-06
0.00084419
0.000699294
0.000164914
0
0
0.000311429
0
0
0.000546936
0
0
0.00100529
0
0
2.55063e-06
0.000451308
0.000547862
3.16483e-05
0.000300304
0
0.000283407
0
0
0
0.000700575
9.11288e-05
0
0.00105735
0.000661561
7.56734e-08
0
0.000557179
0
0.00120051
0.000211853
0.000102509
0.000282013
0.000494417
0.000398931
0.000927995
6.94304e-08
0
0.000761456
0.0007506
0
0
0.000172063
0
3.96146e-05
0.000199566
0
5.98358e-05
0
0.000431973
8.96593e-07
0.000423644
8.74273e-05
0.000428024
0
0.000319183
0.000336296
0
0.00024906
0
0.00023535
0
2.53147e-05
8.06443e-05
0
0.000146122
0
0.000287698
0.000210879
0
0
0
0.000869116
0
0.00086533
0.00089981
0
4.56398e-06
0.000859856
0.000396869
0
0.000222014
0
0
0
0
0.000437354
0
0.000480704
0
0
0
0.000258701
0
0.000379387
0.00104703
0
0
0.00027988
0
0.000308865
0.00107975
3.59004e-05
5.30825e-06
0.000682549
0
0
0.000235586
0.000628375
0
0
0
0.000263072
3.83365e-06
0.000661793
2.64788e-06
1.64034e-05
0.000931566
0
9.96367e-08
4.38167e-06
0.000767298
0.000134778
0.00115813
1.62026e-07
0.000343698
0.000644633
0
8.03543e-06
0.00104258
9.06379e-06
0.000213675
0.000654145
0
2.11433e-05
0.000697455
0.000247433
0.00015174
0
0.00081364
2.46095e-07
0
0
8.42119e-05
0
0
0.000287887
0
7.4999e-07
0.000229836
0.000839145
0.00015823
0
0.000596769
0.000351152
0.000469939
0.00033282
1.0164e-05
0
0.00110534
0.000304054
0
0.000126698
0.000422735
5.39879e-06
0
0
0.000188164
0
0.000585241
0.000437724
2.53141e-05
0
0
0
0.000112375
0
0
0.00061249
0.00082277
6.61707e-05
1.34276e-05
0.000947251
9.72452e-06
0
0
0.00121682
0.00108095
0.000404713
5.21956e-06
0.000425305
0
0.00126519
0.000317767
0
0.000258597
0.000686716
0.000313276
4.18137e-05
9.52981e-05
0.000960934
0.00036348
1.04968e-05
9.81833e-05
0
0
0.000488045
0.000254117
0.000633561
0.00120258
0.000319744
0.00114171
0.000372175
8.69865e-05
1.32165e-05
0
0.000334993
0
0.000329127
0.00054674
0
0
0.000326304
0
0
4.08741e-05
0
0
9.06425e-05
0
0.000149953
0
0
2.82909e-06
0
0
0
0
0.00056258
0
0
0.000710826
0
6.84558e-07
0.000908897
0
0
6.63783e-05
0.00013526
0
0.000294428
0.000581003
0
0
0
0
6.40107e-05
0.00107169
2.86309e-05
0.000151184
0.000577942
7.98772e-06
0.000937333
0.00108837
0
0.000732779
0
0
0.000431122
0
0
0.000535052
0
0
8.18057e-08
0.000876008
0
0
0
0.000295832
3.8433e-08
0
0
0.000617523
0.00116827
9.54625e-05
0
0
0.000536024
0
0.00111962
0
0
0.000572012
0
0.000997572
0.00088021
0
6.34249e-07
9.15897e-05
0.000880124
0
0.000503757
0.000465773
0.000233342
0.000122393
0.00059126
6.74771e-05
0
0.000722395
0
0
5.08131e-05
0.000308683
7.9351e-06
0.000223022
0.000459461
0
0
0.000208926
0
0
0
0.000492075
0.000614964
0.000150953
0
0
0.000276834
0
0
0
0.00122313
6.53247e-08
0
0
0.000277083
0
0.000897598
0
0
0
0
0.000794127
0.000711995
0.000332635
0.000527007
0
0.000174123
0.000810742
0.00050855
0.00061187
0
0
0.000627492
9.32782e-05
0.000309675
0
0
0.000555001
0
3.45759e-05
0
0.000637223
9.32528e-05
0.000352719
0.000363085
0
0.000262901
0
0.000445202
3.54883e-05
0.000709276
6.20713e-06
0
0
3.94244e-06
0
6.92809e-05
9.1183e-05
0
0.000354034
0.000753852
0.00055756
6.26961e-08
0.000168816
0.000267298
0
0.000884154
0.00038466
0.000187728
0
0.000570707
0
0
0
0
0
0.000580704
0.000740853
0.000457963
0
0.000680569
0.000684057
0
0
0.000247783
0.00069669
0
0
0.000812747
0
0.00046319
0
0
6.42999e-06
0
0.000850013
0.000552114
0.00050563
0.000884401
0
0
0
0
0.000142391
8.02445e-05
0
0
0.000685329
0
5.35097e-07
0
0.000249904
4.29449e-05
0.000749695
0.000459495
1.72031e-05
0.000866638
0
0.000681256
0.000433972
0
0.000341163
0.000862114
0
0
0
0
0
0
6.6341e-05
1.7675e-05
0.000428151
0.000637912
0
4.96342e-08
0
0
0
0.000121982
0
0.000132279
0
0
0.00061507
0
7.93329e-07
2.37055e-06
0
0.000568006
0.000122427
0.000510432
0.000188236
8.82672e-07
0.000989208
0.000490525
0.000720755
0.000972169
0
0
1.97949e-07
0
2.95373e-05
0.000877757
0
0.000509275
0
0.000493904
6.40582e-08
2.40124e-07
0.000388736
4.69261e-07
0.000788379
8.7991e-07
0.000263502
0.0010655
0.00090801
0.000242367
0
0.000711898
0.000279236
0.000790711
0
0.000142469
0.000772691
0
0.00068648
0
0
3.38747e-06
2.1584e-06
0.000437458
5.91191e-05
4.0294e-07
0
0.000771349
0.000211728
0
0
0.000168644
0
2.77804e-07
0.00087429
0
6.33796e-07
0.000330617
0.00102088
0
0
0.000505186
0.000431095
0.000146499
0
0
0.000944149
0
1.05573e-05
0
0.000600275
0
0.000748837
0.000549687
0
6.21659e-07
0.000144492
0.000423354
0
0
0
0
3.08669e-07
0.00114872
0
0
0
0
4.09265e-06
0
6.55491e-07
0.000443958
0.000197696
0
0
0
0.000435061
1.92396e-06
0.000149499
3.09988e-05
0
0.000762539
0.000339739
0.000500445
0
0.000231264
0
0.00028719
0
0
0.000552149
0.0008592
8.68162e-05
0.000372393
0
7.15033e-05
0
0.000782029
0.000540805
4.57045e-07
0
0.000703338
0
0.000518702
0
3.4607e-06
0.000542182
0.000410347
0
0
0.000759873
0.000324809
0.00108817
0
5.05613e-06
0
0
0
8.57141e-05
0.000665502
0
0.000581776
0
0
0
0.000900874
0.000225191
1.86715e-06
0.0007912
0.000316596
0.0006666
8.14097e-05
0
0.000309964
0.000654869
0
0.00017575
0.000279577
0
0.000229181
6.59215e-05
0.000108262
0.00103525
0.000913189
0
0
0.000151746
0
0.000264062
0.000608155
0.000386621
0
2.77683e-05
0.000191662
0
0.000181033
0
0.000546327
0
0.00019875
0
0
8.43966e-05
0
0
0.000328094
7.6774e-05
0
0.000167891
0
0.000889136
0.000296143
0.000187422
5.71822e-07
2.10866e-06
0
0
6.30682e-05
0
9.34621e-05
0
0.000517948
1.963e-06
1.73206e-05
0.000421903
3.08906e-07
0.000406444
0
0
0.000764374
0.000218627
0.000905651
0.000169319
0
0.00075911
0.00062716
0.0010518
0.00015431
1.30576e-06
0.000757203
0.000750853
0
9.24427e-05
0.000577169
0.00046616
8.04652e-05
0.000805229
0.000206361
0
0
0
0.000582144
0
2.00301e-06
0.000121428
0
0.000423547
0
0.000788839
0.000310846
3.50807e-06
4.87016e-07
0
0.000471913
2.14417e-05
0.000347057
0.000269853
0.0010556
0.000886178
0.000223936
0.000944867
5.4918e-06
0.000664128
0
0.000120408
4.36864e-07
0.000219447
0.000711302
0.000326261
0.000998297
3.00694e-07
0
0.000239783
0
0.000145208
0.000158252
8.18632e-06
6.65227e-05
0
0.00026675
0.000301532
0.000379545
0
0
7.42292e-06
0.000261973
0.000470287
0.000324434
0.000507639
0
3.80679e-05
0.000436797
0
0.000576922
0.000139558
0
0
0
0.000238293
0.000794564
1.71211e-05
0.000180653
0
0.000492463
0.000117077
0.000667816
0
0
5.04412e-05
0.000458089
0.00010511
0
3.18228e-08
0
0
0
0
0.000684114
0.00036519
0.00027845
0
4.53576e-05
0.000103192
0.000627426
0.000101138
0.000416888
1.85607e-07
0.000189013
3.91665e-05
4.28314e-05
8.57193e-06
0
0
0.000609273
0.000208388
0.000205359
0.000224393
0.000154276
0
2.98565e-05
5.51709e-07
0
1.04062e-07
0
0.000141392
0
0
0.000384674
2.72261e-06
0
3.34043e-07
5.98973e-06
0.000677733
8.79111e-05
0.000966399
0
9.02873e-06
9.09325e-05
0.000768712
1.30669e-06
0
2.34532e-07
1.56523e-05
5.59025e-08
0.000298837
1.08357e-06
0
1.3632e-06
0.000655525
1.42297e-05
0.000439801
0
0
3.07506e-07
0.00012704
0.000966008
0
0
0.000433205
0
0
0.000228304
0.000246684
0
0.00071696
0
0
4.4003e-07
0
0
0
0.000429259
0
0
0.000596333
0
0.000467776
4.21918e-08
0
0.000954231
0.000205001
0.000370079
0.000429087
0.000146945
0
0
0.000697754
0.00114596
3.00941e-07
5.23943e-05
2.6676e-06
4.46756e-06
0.000944473
0
0
0.000220409
1.96576e-07
0.000124179
0.000194577
0.00123268
0
0
0
0.00105343
0
0.000569428
0.000519273
0
0
0
0
4.19775e-06
0.00066915
0
0.000218928
0.000537646
4.19207e-08
1.57418e-05
0.000349534
0.000467056
0.000962858
0
0
0.000432519
4.88791e-06
0.000368277
0
1.57682e-06
0.000182806
0.000391306
0
3.32375e-07
9.33968e-05
0
0.000112622
3.06095e-06
0.000814147
0
0
0.00026872
0.00038771
4.00526e-05
0.000406318
0.000729436
0
1.13974e-06
0.00116008
0.000513117
0
0.000115211
0
0.000445276
0
0
0.000132283
7.99827e-05
0
0
0.00105391
0
0.000428913
6.85643e-05
0.000204476
0
0
0
6.29946e-05
0
0.000114621
0.000758076
3.67417e-06
0.000899872
6.25748e-05
0
6.85348e-05
0
0
0
0.000831549
0
0.000202873
0
0.000521487
0
8.02869e-05
0
0.000160991
0
0
0.000583176
0.00046309
0.000392803
0
0.000431479
0
2.10891e-05
0
0.000496385
0.000622607
7.8994e-05
0
0
0
0.000620378
0
0
0.000605184
0
0.000123816
0.000941558
0.000623451
0.000711395
2.38844e-05
0.000476375
0
0
0
1.13274e-05
2.10472e-07
0.000889653
0.000194797
0.00044133
0.000637025
7.03483e-05
0.000691413
0
0.000496071
1.09883e-05
0.000622646
0.000666773
0.000176748
6.44341e-05
0.000124687
2.71438e-06
0.000974567
0
0
0.000661072
0.000678419
2.69374e-07
9.67089e-06
0.00089293
0
0
8.8579e-05
0.000676764
0.000494276
0.000421349
3.82307e-06
5.3617e-05
0
0
1.54596e-05
0
0.000296254
9.56869e-05
8.02466e-06
4.73852e-05
0
0.000806963
1.10326e-05
0
0.000202141
8.8041e-05
0.000715123
0
0.000583539
0.000211426
0.000418592
0.00043576
0
0
0
1.4954e-07
1.25065e-06
0.000187997
0
5.91498e-05
0.000145295
2.75118e-05
0.000401309
0.000801395
6.71531e-05
0
0.000673482
1.12335e-06
0
0
0
4.46088e-06
9.54703e-05
0
5.13776e-05
0
0
1.09488e-05
0.000312607
0
0
0.000258998
1.90646e-06
0
0.000694276
3.32004e-05
0.000851841
0.00015887
8.69086e-05
0.00036765
3.41013e-05
0
0.000776336
0
0.000502296
6.19532e-08
0
0
0
0
0.000976151
0.000180671
0.0011187
0
0.000416956
0
0
0.000183483
0.000151517
0
8.5962e-06
0
0
5.26153e-05
0
0.000241308
0
0.000265232
0.00111033
0
0
0
0.000559668
0.000354983
0.000191583
8.59979e-08
0.000490289
0.000303042
0
0
0
0
0.000419512
0
0
0.000306222
0.000202951
0.000113475
0.000247802
5.66841e-07
0
0
0.000499383
0.000103801
0.000830274
4.99701e-06
0
0
0.000951521
0.000594465
3.0428e-07
2.26737e-05
1.09942e-05
5.27801e-05
0
0.00107597
0
8.3129e-05
0.00103605
0.00104252
0.000852277
4.54579e-06
0.000595417
0
5.32502e-05
0
0.000128756
0.000417961
0
0.000112926
0
0.000294369
0.000346483
0.000156172
0.00027358
0.000373402
0
0.00088421
0.00045216
0.00115786
0
0.000451157
3.30217e-07
0
0
0
0
0
0.000371433
0.000292299
6.96442e-05
0.000549894
0.000526202
0
3.47279e-07
0
0
0
0.000894939
0.000425976
0
0
0
5.56052e-05
0.000520748
0.000225723
0
0.00064266
0
0.000216393
0.000246208
0
0
0.00102224
0.000343393
0
0.000945955
7.71262e-05
0
0
3.33062e-07
0
0.000131932
0.000738338
3.3622e-05
0.000261442
0.000278207
0
0
0.00105794
0.000296156
0
0.000719678
0
1.29823e-06
0
0.000166568
0
5.27205e-05
0.000786049
4.63368e-07
4.60447e-05
0
0.000260681
0.000717518
0.00048021
0.000151575
0.000209417
0
0.000605699
0.000938228
6.78105e-05
0
0.000486705
0.000571757
0.000610508
0
3.15426e-07
4.93214e-07
7.35348e-05
0.000970162
0
1.64015e-07
0
0.00092011
1.7897e-06
0.00104927
0.000546127
7.15243e-05
3.9555e-05
0
0
0
0
0.000260069
0.000215844
0
0.000767719
2.98579e-06
5.00219e-05
1.71545e-06
0.000974772
0
0
0
0
1.40181e-05
0.000494612
0.000631913
0.000103085
0
0.000899596
0
0
0
0.000333442
0.000717754
9.20357e-05
0.000415048
0
0.000250808
0.000173255
0.00046358
0.00105002
0.000652022
0.000591787
1.27973e-05
3.6987e-05
0
1.76719e-05
0.00049654
0
0
3.3255e-05
4.87832e-05
0
0.00118029
0.000206899
0
0
0
0
0.000688316
4.25321e-08
0
0.000462217
4.64145e-06
0
0.000821933
1.17738e-07
0.000648544
6.20314e-05
0.000460511
0.00100706
0.000130251
0
0.000552151
0.000116021
0.000503698
5.71881e-05
0.000203272
0.00108209
0
0
0
0
0.00012771
0.000358093
0
2.37911e-05
0
0.000529389
0.000507304
0
6.9562e-05
0
0.000369918
0.00110628
1.64144e-07
0.000712393
0
3.86039e-05
1.35781e-05
4.12615e-06
0.000623655
0.000325699
0.00112067
3.62657e-05
0.000313017
0.000381117
0.000708782
0.000198639
0
1.19029e-06
5.28574e-08
0.000222607
6.63563e-06
0
0
0.000822485
2.778e-05
0.000589454
5.18256e-05
0.00087761
0.000550045
0
0.000456354
0.000561874
0
0
0.000575952
0.000282145
0
0.000420106
0.000148889
9.88842e-06
0
0.000387932
0
0
0.000332497
9.37182e-06
0.000750493
0
0.000575145
0
8.27859e-05
6.99121e-07
0
0.000762104
0.000519117
0.000292684
0
0.000128175
0.000102253
0.000165954
0
0.00108641
0
3.47525e-05
0
0
0.00113218
0.000265525
0
9.88857e-05
1.61069e-06
0
0.000367898
0.00115552
0
0.000356621
0.000118794
0
0.000117887
0.000208267
0.000657258
0.000423492
8.86754e-05
0.000365185
0
0
0
0.000223737
7.49468e-05
0
0.000457844
0.000478972
0.000373226
0
0.000111182
0.000554828
0.000427961
0.000648271
0
0.000166566
0
0
0
0.000569389
0.000309199
0
0
0
0
0.000223639
0.000458763
2.66528e-07
0.000498038
0
0.000447241
0
0.000144209
0.000907802
0.000334379
0
0.000103858
0
0
0
0
0
0
6.69438e-07
0
5.59266e-05
8.38144e-05
0.000124032
0.000712983
0
0.000191881
0.000752579
0.000487981
0
4.21626e-05
0.000126285
0.000311389
9.82612e-05
0
0.000212736
0
0.000908683
0
8.79933e-05
0.000829787
0
0
0.00101068
7.06876e-07
0
0
0
0.000210162
0
0.000713802
2.24431e-06
0
0.000671825
5.33169e-07
0.000179075
0.000204796
0.000911218
0.000127501
0.0004385
0
0
3.99855e-05
1.98689e-06
0.000805754
0.000707769
0.000395948
5.19665e-05
0.000783561
0.000625699
0
0.000692292
0.000656963
0.000556931
0.000204677
0.00059398
0
3.64691e-07
9.43492e-07
0.000785025
0.0001228
0
0
9.5415e-07
8.37178e-07
0
0.000721634
1.33749e-07
6.03157e-05
0
1.39648e-06
0
0.000982624
0
0
0
6.00133e-05
0.00106561
3.23384e-05
0
0.000496572
0
0.00106538
0.00036281
0.000682978
0
0
0.000161876
1.32773e-05
0
0.000341174
0.000655392
0
0.000520117
4.55603e-05
0.000771881
3.47085e-07
0.000799252
2.86858e-05
0.000135458
0
0
0
0
0
0.000937974
0
0
9.06645e-05
0.000296633
0
0.000687484
0.0007319
0.000870533
0
0.000879724
0
2.24014e-07
0
0.000173646
0
0.000614919
0
0.000128053
0.000983327
0.000295364
1.01862e-05
0
0
0
4.38094e-06
0.000902998
0
0.000809693
5.27009e-05
0.000692929
3.02388e-06
0.000161865
0.000900901
0
0
0
0.000922547
0.000285684
0
0.0010226
0.00053534
9.24044e-05
0.000588638
0
0
0
0
0.000339699
0.000753689
0
0.000203036
0.000497745
0.000324083
0
0.000331319
0
6.22402e-05
0.000155609
0.000295048
0.00123075
0
0
0
0
0
0.000296826
7.20083e-05
0
0
0
0.000812951
6.54276e-07
0.000125197
1.97655e-06
0.00024337
3.58575e-06
0.000432304
0
0
0
7.87359e-05
0.000288315
0.000600509
0.000575272
0.00032279
0.000680771
0
0
0
0
0
0
0
0.000206394
0.000191492
0
0.0010246
0.0001997
0
0
0
7.14199e-06
0
0.00093951
0
0.000389194
0
0.000138386
1.41843e-07
0
1.89578e-07
7.6989e-06
0.000117924
0
0
6.58982e-06
0.000192853
0.000702859
0.000920572
0
3.3831e-07
1.68576e-05
0
0
0.000270857
0
0.000129842
3.89849e-06
0.000717356
0
0
0
0.00082761
0
0.00121025
0
1.59277e-05
0
0
0
0.00042172
0
0.000147308
0
1.30054e-06
0
0
0
0
0.000543005
0
0
0.000181933
8.58715e-05
0.000948076
0.000609486
0.000383485
0.00113385
0
0
0.000685405
0.000342709
0
0
0
0.000146118
0.000274948
0
0.000836212
5.34013e-05
0.000204157
9.59013e-05
0
0
0.000402789
0.000625639
0
0.000491863
7.02489e-06
0
0
0
0.000268278
0
0.0002199
0
0.000164981
0.000455314
0
0.000396672
0.000953329
0
0
0
0
8.27045e-06
0.000274903
0
0
0.000143014
0.000354871
0.000669398
0
0.000458845
0.000275316
0
0
0.000437161
1.22382e-06
2.54563e-06
0
2.84973e-05
0.00115056
0.000358255
0.000192652
0.000121575
0.000411296
5.95562e-05
0
0
1.04487e-07
0
1.0405e-05
0.000438059
0.000723982
8.96891e-05
0.000101182
0
0.000361425
0.000367332
0.000745706
0.000378297
0
0.000539987
0.000416537
0
0.000138982
0
0.000754381
0
0
6.45101e-05
0.000467847
2.47451e-07
0.000903014
1.36197e-07
0.000122092
3.84518e-05
5.30036e-05
2.25634e-06
0.000498817
0.000353413
0
0.000275684
0
0.000465621
6.7677e-06
0
0
5.80243e-05
0.000248572
1.48261e-08
0.000344023
0.000170139
0.000889928
0.000249816
0.000324943
0.000881019
4.4858e-06
0.000356832
0
0.000739991
0.000891839
9.32484e-05
1.77421e-05
1.49573e-07
0.000629153
0
0
0.00026118
0.000260389
0.000464301
0.00044
0
0.000162298
0.000322056
0
0
0.000312357
0
0
0
0
0.000182928
0.00113248
0
0.000284207
5.34964e-06
0
2.28387e-05
0.00089613
0
7.67735e-05
0.000292404
0.00060725
6.38807e-08
0.000333615
0
0.000122681
0
0.00046773
0
0.000100546
0
0.000586545
0.000300024
0.000104284
2.67309e-06
5.77502e-08
0.000117316
8.96556e-06
0
0
0.000267584
7.60669e-08
0.000187926
0.00012302
0
0
0
1.11901e-06
2.75084e-08
0.00112701
0
0.000426375
0.000122848
0
0.000379443
1.1262e-05
0
0.000599617
0.000108584
0
0.000281813
0.0011306
0.00104344
0.000330988
0
0.000322623
0
0.000216018
0
0
0
0.000184147
0.000520594
0.000193878
0
0
0
0.00053569
0
9.64968e-05
0.000138228
0.000298706
0
0
0
0
0
0.000140811
0.00110364
0
0.000179198
0.000196334
0.000326938
0
0.000305579
0
9.36359e-06
0.00104415
0
0
0
0
3.57892e-06
0.000892326
0
0
0
0
0
0.000161773
0.000643765
0.00103381
0
0
0.000619821
0.000961868
0.000416326
0.00105112
0
0
0
0
0.000882522
6.51419e-07
0
0
0.00096529
0
1.34347e-05
0
0.000591178
2.20401e-05
0.000260804
0.00122991
0
0.000395735
0.000467824
0.000695289
0
0
0.000775145
0.000816216
0.000715036
0.000614818
0.000615047
0.000581183
0
6.23649e-06
0.000422502
2.02815e-05
0
0
1.03454e-05
0.000824595
0.000764174
0
0
0.000729979
0.000239094
0
0.000311543
0
0
0
0.000763753
0.00122385
0
0
0
0.00050884
0
0
0.000224045
0
1.41936e-05
0.000371954
0
0.000684226
0.000536545
0
0
0.00057922
0
0.000680904
0.000175519
0.000786593
0
0.000129442
0
0.000418764
0
8.33642e-07
1.13244e-05
0
0
0.000203461
0
2.41429e-06
0
0.00057685
0
0.00110247
1.50763e-05
0
0
0
0.000603644
5.99192e-05
0
0.0001174
0.000954082
9.74171e-06
0
0.000490995
0.000263421
4.56276e-05
0.000328392
1.92075e-06
0.000270225
0.000136023
0
0.000843987
0.000277103
0.00103489
5.44828e-06
0.000953347
5.99628e-06
0.000340806
7.97358e-05
0.000162442
0
0
0
2.59638e-05
2.7869e-05
0.000473172
0
0.000413128
0
0.000477214
0
0.000261482
2.24699e-06
0
0
0
1.42812e-06
9.11963e-05
0.000554373
0.000609525
4.46909e-07
0.000145966
0
0
0.000610104
0
0.000441142
3.40764e-06
0
0.000589315
0
0
6.77823e-05
0.000532848
0.000112781
0
0
0
0
0
0.000655712
0
1.85314e-06
0.00104078
0
8.2954e-05
0
0
0
0.000270509
0.000672031
1.31338e-05
0
0
0.00114926
0.000393352
0.000350691
8.85971e-06
0
0.00117686
0
0
0
0
0.00053228
0.0011647
0.000140439
1.01073e-07
0.00051394
0
0
0.000364005
0.00032815
0.00098004
0.000582607
0
3.11724e-05
0.000498762
0
0.00011558
0
7.29484e-05
0
0.000594792
0
0
0.000642023
0
0.000408885
9.5361e-07
0
0
0.000748233
0
0.000930895
0.000156543
0
0.000271993
0
0.000953493
0.000986114
0
7.25322e-07
0.000187519
0
0.000702022
1.30998e-07
0
0
0
0
0.000912114
0
0
0
0.00104439
9.96324e-05
0
0.000722762
0.000276459
0
4.01794e-05
0.000874746
0
0.000172598
0
0
0.00014086
0.000509615
4.92318e-08
0
0.00015415
2.69389e-05
1.42451e-05
0
7.52672e-06
0.000217032
0
4.30394e-06
0.00066312
0.00055294
0
0.000172235
0
0
0.000490334
0
0.000622162
0
5.13674e-05
1.59314e-05
0.000426
0.000456457
0
7.14333e-06
0.000809347
0.000150587
1.29338e-05
0
0.000798436
5.61265e-06
0.0008209
0.000663032
0
1.39278e-06
2.28142e-06
3.25758e-05
0
0
0.000431748
0.00012973
0.00102889
0.000210858
0
0.000449701
0
0
0
7.46253e-05
0
0.000626919
3.79411e-05
0
0
0.000474174
6.00675e-05
0.000363752
0
2.97126e-05
0
0
0.000151966
0.00107029
0
0.000631948
0.000590735
0
0
0
0.000342468
0
1.97381e-05
0.000968393
0
0
0
1.96543e-05
0.000223353
0
0.000604942
0
0.00072602
4.04841e-05
0.000188759
1.9352e-06
0.000366979
0
0.000734568
0
0.000207574
0.000568047
0
8.8217e-07
0
0
0.000250254
0
0.000100363
0.000200746
0
0
0.000198108
0
0.000802086
0.000461681
5.5381e-05
0.000314394
0.000830912
0
0.000133938
0.00101394
0.000807988
0.000940209
0.00042539
2.75073e-05
0
1.18538e-06
0
0.00010449
0
0
0.000587979
0
6.13375e-05
0
0.000290802
0
0.000502878
0
0
0.000296173
0.000891633
0.000348626
0
0
0
0
0.000579044
0
0
0.000555006
0
0
0
0
0
0.000282828
1.69445e-06
0.00110957
0
0.000975259
0
0
0.000273056
0
0.00108446
0.000993406
0.000151173
0
0
0
0
0.000693034
0
0
0.000450113
3.5759e-06
0.000801012
0
0.000321438
0
0.000648234
0
0
6.96645e-05
0
2.9986e-05
2.87721e-05
7.63896e-06
0.00115483
0
0
2.74908e-05
0.000116928
8.49522e-05
0
1.95347e-08
0
0
0
0.000408692
0
0
0
0.000421365
0.000109162
0.0007474
0
0.000669893
0.000207768
0
0.000990392
8.81196e-05
0.000739721
0.000326132
0
1.15205e-05
2.31615e-07
0.000864796
0
0.000260729
0.000659387
0
8.1395e-05
3.74371e-07
0.00073212
2.15995e-05
7.68984e-07
0.00122648
8.26404e-07
0.000148665
0
0
6.0453e-06
0
6.57237e-06
0
7.62842e-07
0.000180483
0.000849457
0.000619595
1.45277e-05
0.000185165
0.000154087
0
0.00019345
0.000298094
0.00020396
0.000851063
0
0.000665351
0.00014295
0.000118508
0
0.00020021
0.00121259
0.00010058
0.000443349
0.000171172
0
0.000284833
8.20873e-06
0.000385815
0
0
0.000452133
0.000538414
0
0.000127913
0.000692571
6.87493e-05
0
0
0
9.49593e-05
0.000196308
0.000365072
0
0.000321778
0.00035552
0
8.20633e-05
4.61192e-05
0.000375979
0
2.23798e-05
0
0.000170588
0
0.00019688
0.000862114
0
0
0.000445841
0.000338526
1.29435e-06
1.62355e-05
0
0.000896857
2.41956e-05
0
5.24063e-06
0.000844604
0
0.000447958
1.48032e-05
3.78504e-06
0
0.000394694
0.000172968
0
0
1.81021e-06
8.605e-05
0.000167933
0.000203042
2.61725e-08
0
0
0.000420879
0.000444427
0.000136049
0
0
0.000913815
0
0.000321908
0.000130216
0.000582159
8.8821e-05
0
2.26229e-07
0.000497288
0
0
9.50129e-05
0
0
5.80578e-06
0
0.000264768
0.00025906
9.20486e-05
0.00114064
0.000796059
0
0
0.000497928
0
0
0.000892585
3.70189e-05
8.37893e-05
0.000501287
0
1.42508e-06
0.000225985
0.00110324
0.000878194
5.40138e-05
0.000759057
0.000633781
8.63656e-05
0
1.03032e-05
0.00026314
3.74536e-05
8.29511e-05
0.000260157
0.000143697
4.68895e-05
0
4.10871e-06
0.000774768
0.000827825
0.000604616
0
0
8.88513e-08
0.000656841
0
0
0
0.000295272
0.000858455
0
0
0.000695312
0.00106843
1.22003e-06
7.72315e-05
0
0
4.82824e-05
0
2.81811e-05
6.62526e-05
2.48704e-05
2.65105e-05
0.000159845
0
0
0
2.69451e-05
0.000745791
3.59508e-05
0
0
0.000507674
8.53861e-05
0
0.000232907
0
9.75762e-05
9.59317e-05
0
1.93454e-06
0.000104222
0
1.53704e-06
0
0.000110681
0.00075786
0
0
0
0
0
0.00101456
0.000835782
0
0.000773564
2.2129e-06
0
7.47551e-08
0.000410585
0
0
0
0.000300255
0.000696366
0
5.80566e-05
0.000291367
0
2.30089e-07
0
0
0
0
0.000260615
0
0.000476956
0.000948565
3.34655e-05
2.40289e-06
0
0
0.000106409
0
0.000224114
0.000114749
3.53243e-06
0.00114816
0.00106878
0.000622763
9.4525e-05
0.00045909
0.000826918
0.000891643
1.04417e-06
0
0
0.000585972
0.000709685
0.000881007
0
0
0.000432559
0.000610248
7.12698e-05
0.000387056
0.000526528
0
0.0010136
0
0.000601596
3.83406e-07
0.000107798
0.00094069
6.24031e-06
0
0.000635238
9.46996e-07
0.000379827
0.000439001
0
0.000122589
0
0.00101318
0
0
0
0
1.60539e-06
0.000700973
3.92052e-05
0.000927011
2.21384e-05
0.000674378
0.000263631
0
2.10767e-07
0.000897485
3.24685e-06
0
2.98461e-07
0.000990406
2.33028e-07
0.00109873
0
0.000126079
0.000204367
0
0
0.000102431
4.22385e-07
0.0010296
0.00105939
0.000413214
2.78672e-07
0.000859556
0
0
0.000867897
0.000562856
0.000656964
3.39953e-05
0.000157706
4.2811e-05
0
2.34755e-05
0
0.000658682
0
0.000775794
0
0
7.89553e-05
0
0.000538093
1.66905e-05
0.00041846
0.000570391
0.000461444
4.38629e-06
0
1.59031e-05
0
6.77793e-08
0
0.000261106
7.98813e-05
6.58474e-05
0.000370534
8.57271e-05
0
0.000778432
0
4.04667e-06
6.51553e-06
0
0
2.0754e-05
0
0.000514648
0
0
0
0
0
0.000322451
0.00103443
5.45441e-07
0
4.00903e-05
0
0
0.000309436
0.000943624
0
0.00050674
0
0
0.000719233
4.25787e-07
0.000871155
2.23671e-06
0.000193593
0
0
0.000265659
0.000136158
0.000101168
1.87261e-07
0.000412156
9.50811e-05
0
0.000615296
0.000175561
0.000809622
0
0
0.000231366
0.000338467
0.000614374
0
0
0.000365206
0
0.0010994
0
0
0.000198555
0.000331025
0
0.000944825
0
1.5174e-07
0
0.00044223
0.000297077
0
0.000747579
0
0
0.00046048
0.00017064
0
5.91838e-05
0.000508261
0.000917385
0.000194357
5.95674e-05
0.000493504
0.000917783
0
0
0
1.35241e-05
0.000199131
1.94122e-07
0
2.44467e-06
3.27699e-05
1.47891e-08
5.27889e-05
0.000609368
0
0.000146157
0.000321802
5.82623e-05
0.000971747
0.000413091
0.00104753
0.000696478
0.00040308
0.000976753
0.000943065
0.000760546
7.55837e-05
0.000612526
0
0.000943289
0
0.000809064
0
0.00073694
0.000371946
0
3.52809e-06
0
0.000853075
0
0.000173801
0
0
0
0.000122969
0.000152662
0.000104683
1.20808e-05
0
0.000439479
0.000618264
0.000205837
0.000172367
3.24532e-05
0
0.000156567
0.000382789
4.62897e-07
0
1.18895e-05
0.00062352
0.000669248
0.000879375
0.000839743
0.000143982
0.000894972
4.25527e-06
0
0.000906774
1.21549e-05
0
0
0.000837839
0.000825877
0.000757437
0
0
1.0865e-07
0
0
2.8708e-07
7.44837e-05
0
0.00059952
0.000919317
0
0
2.24055e-05
0
0.000144023
0
0.000385692
0
0.000126235
0.000291295
2.41264e-07
0
0.00053087
0
0
2.02961e-05
8.88702e-06
6.8382e-09
0
0
0.000749902
1.80361e-05
0.000393562
0
3.53267e-07
0
0.000101682
0.00084656
0
0.000490384
0.000279276
0.000184852
0
2.15541e-07
0.000610078
0
0.000568187
0.000920542
0.000768765
6.72492e-05
0.000106491
0
0.000767139
0
0
0
0
0.000348329
0.000804808
0
6.08347e-05
0.00048341
0
0
0.000745884
0.000428049
0.000307803
4.72918e-05
0
0.000194524
0
0
0.000168947
0.000571645
0.000562764
6.49543e-06
0.00051608
0.000214714
2.27437e-05
0
0
0
0.00116106
0.000570879
0.000643447
0.000562427
0.000147612
0.000134504
0
0.000208783
0.000689821
0
0.000362092
0
0.000983711
0.000703786
0
0
0.000457112
0.000129094
0
6.73769e-06
0.000537549
0.000497495
0.00067588
0
6.10633e-08
0.000533912
9.7918e-05
0
0
0.000411009
0.000257429
8.67255e-05
0
0.000774243
0.000701733
0
0
0.00109762
0.000702956
2.2164e-05
0.000207757
0
4.49672e-07
0.00107219
0.00085077
0
0
0.000145909
0.00109552
2.81391e-05
0
0.000433645
0.000754215
0.00067511
0.000202497
9.01295e-07
5.74872e-05
0
0.00108134
0.000489555
0
8.31757e-05
0
0
0.000962671
0
0.000799199
0.000577145
0
2.22533e-06
0.000769675
0
0
0.00103852
1.13135e-05
0.000224604
0
0
9.22391e-08
2.27715e-05
1.39326e-05
1.62962e-08
0.000921801
0.000549609
0
0.000246418
0.000256772
5.72741e-05
0
0
3.41585e-05
0.000383963
0.000131253
0.000985776
0
0
0.00100734
1.40536e-07
0.000495925
0
1.15527e-05
0
0
0.000751818
0
0
0
0.000633487
0.0004746
0.000181011
0.000336459
0.000748763
0
2.07447e-06
0
0
5.90788e-05
0.000548611
0
0
0
0.000103502
0.000271345
0
0
6.45075e-05
0.000195059
0.000972549
0
2.56392e-05
0.000864993
0.00078347
0
1.91113e-07
0.000630305
8.45585e-05
1.07609e-06
7.32802e-06
0.000390735
0.00107274
0
0
0.00012326
0.00019055
0
1.08878e-07
0.000466035
7.07951e-05
0
0.0007606
0
0.000349975
0.00037096
0.00051935
0.000340457
0
0.000656802
0.00043625
0.000937488
0
0.000733723
0.00022114
0
6.56828e-05
0
0
0
0.000728857
0.000507669
0.000306453
0.000168239
7.48906e-05
0.000154491
0
0.00100079
2.76444e-06
1.54421e-05
0
0.00042715
0.000909612
0
0
0.000249148
0.000804478
0
0.000270504
0
0.00084589
2.69776e-05
0
0
0.00100931
0.000359481
3.80741e-05
4.60157e-07
0
8.55156e-05
0.000160229
0.000994932
0
0
0.000102882
0.000759957
0
0.000545177
9.99754e-06
5.71502e-05
0.00114097
0
0
0
0
0
0
0.000956602
0
4.35318e-07
0.000300113
0
1.18711e-05
0.000363569
0.000175998
0.000380059
0
0.000465097
1.56238e-07
0
0.000637455
0.000274524
0
2.96555e-07
0
0.00040801
0
0.00107642
0.000709172
0.000439101
0
0.000112562
0
0.000160538
0.000485923
1.69815e-05
0.000939307
0.000252955
0.000144417
0.000147937
0.000984765
0.00039816
0.000670449
0.000365317
0
8.79772e-07
0.0011454
0
0.000129899
0.000971279
9.65049e-05
5.60239e-05
0.000542818
0.000924096
0
0.000822213
0
0
0.00101126
0.000924228
8.85799e-05
0.000865652
0.000106697
0
0.000305569
0.000685739
3.75268e-05
0
0
3.8374e-06
6.11482e-05
0.000840801
0.000182294
0
0.00016823
0.000198828
0.000178889
0
6.58432e-05
0
0.000284846
0
0
0.000807945
0.000197179
6.16211e-05
0.000630336
0
0.00119212
0
2.84668e-05
0
0.000624997
0.000536849
0
0.000464261
0
0
0.000772822
0.000201689
0
4.98822e-05
0.00061799
0.000927672
7.56487e-07
0.000105572
8.27209e-05
0.000301721
0.000455348
0.0004334
0
0.000101086
0.000290686
3.93953e-05
0.0003208
0
0.000531254
0
0.000274632
0.000370012
0.00106316
0
0
0.00029006
0.000194825
0.000386859
0
7.86822e-07
0.000164922
0
0.000572431
0.000113578
0
0.000293324
0.00013157
0
0
0.00071407
0.000791689
0.000885285
0.000320241
0
1.0979e-05
0.000593805
3.97367e-06
0
0.000414605
0.000116224
0.000282535
0
0
0.000144927
0.000279796
0.00100889
0
0
0.000148691
0
1.0583e-07
0.000563272
0
0
0
3.51003e-05
0.000316688
0.00111099
1.88905e-05
0
0
0.000775
2.87145e-05
0.000101682
5.25053e-05
2.53634e-05
0.00022565
0.000295817
0.000371129
0.000708319
0.000432515
4.52021e-05
0
0.000751289
4.91557e-05
0
0.000643885
0.000228192
0
0.000195168
0
0.000655808
4.01925e-07
0
0
0.000477003
0
0.000171086
0.0006647
0.00110007
9.1889e-07
0
0.000199566
0
0
7.66777e-05
0.000427431
0.000347814
0
0.00068736
0.000168113
0
0.000737154
0
0
0.00093202
0.000938337
0.000528066
0
0.000163352
9.93021e-08
0
0.00037544
0.000554931
0
0.000143679
5.62514e-05
2.34178e-05
1.20642e-05
0.000483489
2.03929e-05
0
0.000568523
0.000275586
3.63707e-05
0
1.20117e-06
0
0.000368322
0
0
0.000946762
0
1.54572e-05
6.40063e-06
5.95479e-05
0.000624557
0.00113151
0
9.67513e-07
0.000520327
0
2.30076e-06
0
0
0.000754629
0.000228006
0.000841569
0.00026183
0
0
0
0
0.000165308
0.000544288
2.96012e-07
9.05313e-06
0.000443225
8.68926e-05
0
0
0.000201474
0
4.07889e-05
0
0
0.00101796
0
0.000981607
5.36871e-06
3.70713e-06
0
0.000562226
0
0
0
3.95561e-05
0.000214923
0.000661698
0.000791585
7.03817e-06
0
0.000138575
0.000123891
0.000156641
0
2.64382e-06
0.00102767
0
0
0
0.000468159
0
0
0
1.29295e-06
0.000357881
0
1.6241e-06
9.93753e-05
1.75988e-05
0
0.000192334
0.000332938
0.000104136
0
0.000853288
0.00100316
1.86504e-06
0
0
0
4.05607e-07
0
0.000286219
3.31064e-06
2.32672e-06
0.000557672
0.000633652
0.000122337
5.75726e-05
0.000441295
0.000216613
0.000347059
0.00110418
0.000778921
0.000102287
0.000116858
0
3.46111e-06
0.000994185
0.000916485
0
0.00111285
0
0.000511065
0
0
0.000351184
5.52998e-05
0
0.000538457
9.76627e-05
0
0.000246165
0.000318627
3.14586e-08
0.000712908
0
1.18986e-05
0.000103314
0
0
0.000141125
0
0.000148336
0.000255962
0.000545543
0
0.000157928
0.000625086
0.000883876
0.00102166
0
0.000275644
7.25641e-05
3.28051e-07
0.00105477
0.00036528
7.51087e-06
0.000100015
0.000376443
3.63384e-06
0.000136076
1.65994e-06
0
1.68736e-07
2.81697e-05
0.00063337
2.36831e-05
0
0
0.000626473
0
0.000369234
0
0
0.000106566
0
1.91465e-05
0.000465345
0.000327778
0
0.00109918
0
0
0.00010454
0.000792884
8.15633e-05
0
0
0
0
0.000380256
0.000820402
0
0.000322855
5.14458e-06
0.000450174
0
0.000671497
0.000395678
0
0.000118406
0
0.000117453
0.000177319
0.000181287
0.000538016
0.000234603
0
0
0
9.04735e-05
0.0010171
9.1985e-05
0.000297127
7.65427e-05
0
0.000527746
0
0
0
0.000391784
1.91046e-06
2.95345e-05
5.4124e-05
0
0
0.000695772
0.000441607
6.68435e-07
0
0.000516743
0.000827223
0.000575295
0.00071085
0.000738302
7.77434e-05
0.000816016
0.000673635
0
0
0.00021212
0
0
0.000737042
0
0
4.51585e-05
0
5.92126e-05
1.04079e-06
0.000333545
1.26784e-05
0.000258193
4.9079e-07
1.96862e-07
0
0
1.62478e-05
1.73298e-06
7.21252e-08
0.000586945
0
3.86179e-08
0.000531678
0
0
0
0.000225021
0.000314323
0.00079265
0.000191809
0
0.000505619
0
0.00073221
4.45001e-07
0.000346904
0.000509784
0
1.90874e-05
0.000203522
0
0.000516347
0.000173433
0
0
0
0
0
0.00010552
0.000579002
0.000461846
0.000217064
3.55387e-06
5.5748e-05
0.000240223
4.60802e-07
0
7.76487e-05
0.0002396
0
0
0
0
0.000885399
0.000237938
0
0
0
4.46201e-05
0.000509946
0.00102843
9.92655e-06
0.00028129
0.000662757
0
0
0.00059882
0
0.000134447
1.14709e-07
0
0
0
1.80738e-05
1.05189e-05
0.000231038
4.22081e-05
0.000121712
0.000202689
0.00118051
2.40744e-07
0
0.000333407
0
0.000615484
0
0
0
0
0
3.06308e-05
0.000342784
0.000275758
9.61649e-07
0.000618797
0
0.000433401
0.00103433
0.000974311
0.00101631
0
0
0
0.000825941
0.000234946
0
2.94475e-05
0.000979789
0
0
0.000386933
1.6957e-05
0
1.14894e-06
0.000726828
0.000286116
0
3.16232e-05
0
4.02642e-05
0.000541247
0.000970828
0.000224453
0.000212733
0.000753062
0.0011946
1.05195e-06
0.000612951
3.15399e-07
0
0
0.000366123
0
0.000712415
0
0.000499112
0
0.000277775
2.85861e-06
0.000801452
0.00051567
7.28855e-05
0.000248576
9.69014e-05
0.000634602
0
6.59257e-05
0.0002367
0
1.2123e-05
0.00060945
6.83578e-05
0.000678364
0.000313337
0.000130012
0
0.000293817
0
0
5.68054e-06
0
0.000865872
0
0.000584173
0.000207272
0
0
0.000485747
0.000247973
0.000605024
0.000355391
0
0.000975497
0.000575165
5.44976e-06
0.000151052
0
0.000236853
0
3.91478e-07
0
0.000389087
0.000528647
0.000290365
1.20986e-07
0.000374574
0.000216527
0
0
0
0.000437288
0.000603703
0.000523386
0
0
0.00105506
9.64838e-05
0
0.000455819
0
1.04481e-06
0.000704269
0
0
0.000324782
0
0
0.00100145
0.000286868
2.99839e-06
2.19819e-06
9.89928e-05
0.000407844
0
0
0.000437998
0
0.000409256
0
5.87081e-05
0
0
0
0.00102833
0
4.62698e-07
0.000130887
0.000238503
0.000369847
0.00050014
0
0
0.000333744
0
0
0.00063094
1.75686e-06
0
0.000132023
0.000534287
2.15657e-05
0.000787262
1.94151e-07
1.94002e-07
0.000953069
3.1202e-06
0.0010918
0
0.000991746
0.000436215
2.1985e-07
0.000489824
0.000513507
0
0
7.55604e-05
0.000143434
0
0
1.31026e-06
0.000258955
0
0.000210842
0.00092666
0.000743703
2.01317e-05
0.000945441
0.000969683
0
0
0.000567469
0.000207815
1.49591e-05
0.000215212
0.000954963
0.00025518
0
0
0.000482747
0
0
0
0.000218291
0.000318397
0
0
0.000232733
0
0.000163527
0
0.000368509
0
0.000121453
0.00099906
1.61057e-05
3.96393e-05
0
0
0.000579392
0.00117534
0.000768116
1.80916e-05
0
0.000774696
6.97226e-06
6.83986e-05
0.000363817
0
1.67342e-06
0
0
0.000980767
0.000936676
0.000987385
0
0.000128166
4.3203e-05
0
1.04725e-05
0
0.000685418
2.33435e-05
0
0.000765777
0
0
0.000329535
0
0.000954913
0.000354084
0
0
0
4.9388e-05
3.22518e-07
4.61752e-05
0
0
0.000309671
0
0.000385301
0
0.000146335
0.000192905
0
2.1304e-05
0.000816285
0
0.000199946
0
0.000172208
0
0.000645471
0
6.47092e-08
0
0
0
0.000354559
0
0.000337473
2.32382e-06
0.000489658
0
0.000147958
0.00086697
0
9.42796e-05
0
0.000985066
0
0
0
0
0.000200715
0
0.000620245
0
0.000552317
0
0.000297386
8.98082e-06
0.000965056
0
0.00011696
0.000178621
0.000343791
0
0.000985589
1.6639e-05
0
3.91486e-06
1.22283e-06
5.01533e-07
1.39065e-06
0.000143296
0.000402823
3.40222e-07
0.000974098
6.57078e-07
0.000380507
0
0.000511727
0.000112141
0.000365459
0.000457632
0
0
7.97336e-05
0.000699387
3.21234e-05
0.000868365
0.000604252
0
0
0
0
4.61415e-05
9.13819e-05
0
0
0
2.89157e-05
3.5248e-06
0
2.48088e-07
0.000178301
0.000331343
4.19083e-06
0.000204537
0
0
0.00110153
0
0
0
0
0.000308342
0.000103241
0.000859766
0.000116183
0
0.000189154
0.000346765
0.000317684
0.000430934
0
0
0.000267634
8.26356e-07
0.0011457
0
3.9989e-05
0
0
0.000754279
0.00111168
0
0.000381081
0.000346804
0.000399031
0.000301606
0
0.000379188
0.000129329
0
0.000939549
3.00336e-05
8.10481e-05
0
0
0.000846549
5.071e-05
5.14826e-06
0
0
0.000109397
6.19969e-05
0.000436307
0
0.000879178
0
1.09167e-06
0
0.000262384
5.887e-07
3.02996e-07
3.42236e-05
2.20984e-05
0
0.000106973
5.58727e-06
0.000618525
2.30145e-05
0.000745514
0.000156655
0.000451155
0
0
0.00048652
0
0.000620317
2.35963e-06
8.87617e-05
0
8.66057e-05
0.000521028
0
0
0.00064502
0
0.00111295
0.000414388
0
0
0.000404293
0.000325826
0
0.00117
6.98207e-07
0.00104158
0.000474552
1.56382e-07
0.000170904
1.85151e-07
0
0.000554783
2.00604e-06
0.000179178
0.00104025
0.000396368
0.000290169
0.000167141
0
0.000426865
0
0
0
0
0.00038568
0.000385654
0.000746932
0.000225408
0.0009695
0.000749787
0.000866897
0
0
0
0.000100328
0.000281756
0
0
0.000506477
2.74651e-06
0
0.000607771
0
0
3.28118e-05
0.000266054
0
3.52049e-05
5.05707e-06
0.00045526
1.2246e-07
0
0.000412684
1.02606e-07
0.000276643
1.69036e-07
0.000220031
9.71899e-05
3.62908e-07
0.000169585
0
0.00109745
0
0
0.000332838
0.000501949
4.5335e-07
0
0.00072986
0
0.000987305
0
0.000524782
0.000138393
0.000293151
0
0.000162741
8.57155e-05
0
0.000874986
0.000561391
0.000416311
0
0
0.00111521
3.15596e-07
0
2.12187e-06
4.12135e-06
1.7325e-06
0.000453969
0.000384445
0.000477342
0
0.000134664
1.20453e-05
6.92655e-06
4.62753e-07
0
0
0
1.11427e-05
0.000769286
9.88684e-05
0.00058199
0.000498284
0.000179517
0.000891528
0.000473879
0.000660092
0
0.000430489
0
3.3082e-05
0.000578938
0
3.77444e-08
0.000353234
0.000316179
1.88745e-06
0.000256684
0
0
0.000741824
0
0.000275666
0
0
0.000114807
0
0.000304305
0
3.70738e-05
0
0
0
1.79648e-05
0
0
0
0.000390452
1.40373e-07
0.000350023
0
4.93766e-05
0.000531369
0
0.000684709
0
0
0.000384253
0
0
0.000794344
0.000782703
0.000999652
0
0.000321855
0.000421389
1.30255e-06
0.00029281
6.05812e-06
0
0
0
0.000549395
0
5.78022e-06
0.000574253
0.00014599
0
0.000252647
9.13846e-05
0.000706786
0
0.000624085
2.62095e-06
0.00107247
4.60327e-05
2.08975e-05
0
0.000452419
0
0
0.000217047
0.000554851
6.19986e-06
0.000453569
1.5624e-05
4.72197e-06
0.000394362
0.000209647
0
0.000386062
0
0
0.000206266
0
2.70656e-07
0
0.000474068
0
0
0
6.24397e-06
9.68852e-05
1.82047e-05
1.53781e-06
2.6632e-06
0
0.000895042
0.000336738
0.000759935
3.37543e-07
0.000707929
0.000129459
0
0.000360278
0.000229358
0
7.89515e-05
8.00352e-06
0
2.35851e-06
0.000690992
0
0.000309675
0
0
0
2.52448e-06
8.37211e-05
0.000413612
0.000262055
0
9.18816e-05
0.000171292
0
0
0.000299119
0
0.000778525
0
0.000845145
3.42344e-07
0.000953075
0.000459017
0.000851009
0
0
0.000807442
0.00075004
0.0002035
4.84359e-05
0.00107955
3.29372e-05
0.000422238
0.000382603
0.000247851
0.00066907
0
0.000279892
0
0
0.000528805
7.77678e-07
0.000165289
0
0
0
0
0
0.000163018
0.00042599
0
1.64359e-07
0
0.000580725
0.000212602
0.000211849
0.000121093
0
0.00050328
0
0
4.92169e-06
0.00108542
0
0.000441319
0
0.000304277
0
0.000893132
0
0.00058842
0
0
0.000197887
6.1657e-05
0.000926017
0
2.3129e-06
0.000629233
0
0.00100373
1.4608e-07
0.000314412
0.00022502
1.29946e-06
0.000239249
0.000181605
0
0
0
0.000753555
0.000149995
0
1.80319e-05
0
0
0.000139938
0.000403003
0.000136193
0.000270294
3.84535e-06
9.60955e-06
0
0.000184776
0.0007927
0
7.61925e-05
0
1.41288e-05
0.000172876
0
0
0
0
0.0010943
0.000320061
0
0
0.000462181
0.00117595
0.000246705
0
0
0.000279064
0
2.71342e-05
0.000260731
3.94735e-05
0.000680504
0.000183266
0
0.000193392
0.000135601
0
0.00010405
0
0
0
0
0.000233224
0
5.88648e-05
4.88879e-06
0.000429574
0.000512232
4.24089e-06
9.39905e-08
0.000685099
0.000253409
0.000390426
0.000606286
0.000114957
0
0
0.000536138
0
0.000312584
0.000346701
0
6.51703e-07
0.000357425
0.000336566
0.000440601
0
7.26691e-06
0
0.000332818
0.000156465
0.000810372
0
0.000218317
1.58087e-06
0.000685261
0.000276757
0.00104854
0
0.000190129
0
0
0
7.77423e-06
0
0
6.60114e-07
0
0.000816175
0.000198268
6.66364e-05
0
0.0010882
0.000205679
4.77938e-07
0.000611817
0.000323606
0.000122821
0
0.000651802
0.00109766
0.000682196
8.72673e-05
2.55061e-05
0.000727059
0
0.000864779
5.46708e-05
0
0
0
7.73131e-05
5.76171e-05
0
8.2684e-05
0
0.00020253
5.88478e-05
0.000152611
0.000156182
0.000534307
0.000461606
0
0.000538715
0
0.000128863
0.00015252
2.14559e-06
0.000406192
0.000899586
0.000942013
0
0
5.96457e-05
0
0.000486624
0
0
0.00102176
0
0
0.000486695
0.000157584
0.000157322
0.00109731
0
0
0
0
0
0
0
0.000761434
0
0
0.000938639
0.000313588
0.000403901
0.000250829
0.000105908
0.000146983
0
0.000445852
0.000445745
0
0.000235621
0.00038338
0
3.43591e-05
1.93182e-08
0
0.000751597
1.85671e-05
0.000236488
0.000309884
0.00038421
0.000626133
7.58097e-06
0.000342225
0.000471816
2.34779e-05
0.000130065
2.63131e-05
1.39448e-06
3.62907e-06
4.63055e-06
0.000190393
0
1.51223e-07
7.1661e-05
0
0.000757633
0.000517474
0.000364603
0
0.000149195
0.000694607
4.4331e-07
0.000403229
0.000341809
0
0
1.57054e-05
0
3.81789e-05
0
0
0
0
0
0.000777183
0.000202517
0.000629046
7.65009e-05
0.000384508
5.44801e-07
0
3.34944e-07
0
0.000756674
0.000849793
0.00065495
0
0
0.000332005
2.84541e-08
0
2.77897e-08
0
0
2.72651e-05
0.000905176
0
0.000318083
0.000772101
0
0
0
0
0.00117747
0.000431636
0.000267618
0.000443574
0.000152378
0.000392083
0.000208753
5.58828e-06
0
0.000202447
0.000790123
0
0.000372311
6.34642e-08
0
0.000548611
0.000749853
4.63161e-06
0
0
0.000470001
0
0
0
0
0.000308172
0
0.000570639
0.000757969
9.69435e-05
8.07247e-07
0
0.000485036
0.000922614
0
0.000736916
4.05222e-06
0
0
0.000184755
0.000332458
0
0.000236556
0.00015577
0
2.35739e-06
0
5.58833e-05
1.20141e-05
0.000259293
0.000152156
8.58754e-05
0.000310357
0.00104116
0.000408382
0
0
4.57104e-05
0
0
0
0
1.03973e-06
0.000134962
0.000416738
7.58892e-07
0
0
0
1.08581e-05
0.000203075
0.000942848
0.000978681
0
0
0
0
0
0
0.000672052
0.000425995
0.000959842
0
0.000239313
0
0.000668776
0.000285035
0
0.000788598
0.000642009
0
8.95015e-05
0.000191606
1.7525e-07
0
3.54311e-05
1.81435e-05
0.000102074
0.000530376
4.21258e-05
0
0.000351075
4.22708e-05
0
0
0.000425861
0.000417485
0
0.000234405
0.000737201
1.57554e-05
0
3.7725e-07
0
0.000535034
0
6.47039e-05
0
0
0.000187556
0
0.000117017
0
0
0
0.000988893
0
4.00379e-05
7.51548e-05
0
0
0
0
0.000337366
0
1.12835e-06
0.000133795
0
1.54783e-06
0.000333743
0.00011215
0.000103347
0.00079376
0.000268563
0.000335448
0.000602379
0
5.14566e-07
0.000637892
0.000419343
0.000271051
0.000748122
3.07211e-07
0
2.65607e-07
0.000107927
0.000703479
0.000295745
0.000711023
4.27805e-05
0
0
0
0.00056214
0
0.000536466
0.000747679
2.58134e-05
0.0011549
7.98946e-05
2.20806e-06
0.000385797
0.000155026
0
0
0.000455082
0.000126109
0.000457625
0.000920677
0
2.14489e-05
0
9.14691e-05
0
0
1.93534e-05
0.00037392
0.000767416
7.84875e-07
0
1.19044e-05
8.52858e-07
0
4.91946e-05
3.0636e-05
0.000523626
4.92377e-05
9.82309e-05
0.000119089
0
0
2.38819e-06
0
0.000803955
0.000176976
0
0
7.31059e-05
5.85737e-05
0
0
0.000945121
0
0
0
0.000351569
0
0.000438058
2.62931e-07
3.58829e-06
1.38632e-05
0
7.43119e-05
0
0
0.000250088
0.000736893
0
0.000163115
0.000155523
0.000686411
0
8.40025e-06
0.000207585
0.000165284
0.000561601
8.56134e-06
0.000609823
0.00011877
8.05358e-05
2.35399e-05
0.000138881
7.37535e-05
9.20455e-05
0
0
0.0010156
5.14605e-05
0.00042562
0.000339672
0.000830089
0.000202352
0
0.000427047
0
0
0.00107869
0
0
0.000738519
0
0.00068696
0.000134136
1.95723e-05
0.00022883
1.44347e-06
2.49619e-05
5.68003e-06
2.76068e-05
3.17333e-06
0.000704465
0
0
0.000299695
0.000521968
0
0.000282256
0
0
3.28653e-06
0
0
8.67255e-07
0
0
5.30786e-07
8.53473e-05
0
0
0.000313151
1.69713e-05
0.000270071
0.00027306
0.000557883
0.000515215
0
0
0.00039364
0.000346681
1.8831e-05
0.000662381
6.33498e-05
0.000267943
5.97304e-06
0
0.000929644
0
0.000861837
0
0.000393544
6.69871e-06
0
0.000513987
0
0
2.22907e-05
0.000114905
0.000543478
2.33903e-05
0
0
0
0
0.000145236
0
0.000266983
0.000478722
0
0
0.000957276
0
0.000179751
0.000287326
0
0
0
1.33175e-05
0.00104628
0
0
6.02162e-08
8.90117e-05
0
9.22422e-05
0.000892575
2.06243e-07
0.000385337
0
2.64311e-05
0.000862307
0.00022168
7.58735e-05
0
0.000654125
0
0.000301229
0
0.000460412
0
0.00036865
0.000763534
0
0
0
0.000116848
1.63336e-05
0.000324239
8.86326e-06
5.81965e-05
0
0
0
0
3.93598e-05
0
0.000616135
2.49138e-07
6.81948e-05
3.82859e-05
0.000251976
0.000786098
1.84862e-06
1.37731e-05
0.00101173
1.60741e-05
0
0
0.000226798
0.000523836
3.60185e-05
0
0
1.27508e-05
0.000330842
4.43468e-06
7.21249e-07
7.06037e-07
4.18483e-06
4.70351e-06
2.57078e-05
0.000478519
0.00112017
4.95231e-05
0.000898802
0
0
0
0
0.000948058
0.000331082
8.67347e-06
0.000440999
0
0.000310124
0
0.000478335
0.00026776
0
0
8.90112e-06
0
0.000605013
0.000983777
6.824e-05
4.12085e-05
0
0
0.000327154
0
0.000980403
5.40896e-05
0
0
0
0.000758033
7.86141e-05
6.50041e-06
0.000943593
0.000306803
7.0779e-07
0
0.000889079
0
0
0.000290938
0.000468204
0
0
0
0
0
0.000532058
0.000801532
0
0.00023327
0.000324336
0
0.00108543
0
0.000734823
2.61806e-05
0
0.000390447
0.000135858
0
0
0.000644893
2.73965e-06
4.52424e-05
0.000688302
0.000688051
0.00033409
0
0.000648674
7.55189e-05
1.43493e-06
1.96713e-05
0.000583137
0
3.83663e-07
0
7.68633e-05
0.000339873
0.000222644
2.24899e-06
0
0
0
0.000440954
0.000385867
0.000766929
8.21283e-05
0.00037508
0.000715955
0
0.000263395
0.00019916
0.000141306
0
0
8.88509e-06
0
0.000101113
0
0.000107973
1.64775e-07
0
0
0.00095649
0.000575065
2.3471e-05
2.04338e-06
0
7.63101e-07
0.000717293
0.000631408
0.000874565
0.000849853
0.000503063
0
0
0
0
0
0.000132565
0
0.000145027
6.76532e-05
6.45094e-05
0.000188996
0.000637518
0.000592377
6.60017e-05
0
5.78962e-05
5.80598e-05
0.000455425
0.00086853
0.000383669
2.81129e-05
1.62458e-05
0.00103222
1.37242e-05
0
0.000328376
0.000168989
0.000945322
1.90068e-06
0.000335374
0
0
0.000245658
0.000380028
0.000667922
0
0.000575626
0.00079531
0
0
0
0
0.000217221
0
0.000569112
1.99375e-05
6.41709e-05
0.00107253
0.000373485
6.95208e-05
0
0
0
2.39656e-05
0.000818254
0
0.00106057
0
0.000327487
3.96045e-06
0.00103078
0.000170303
6.3562e-06
0.000301309
0.000180499
5.07459e-05
8.0529e-08
0.000371896
0.000915599
0
0
4.25321e-06
0.000291454
1.3972e-06
0.000197612
0.000570179
0.000743231
2.48458e-06
4.1578e-07
0.000207197
0
0.000228582
0.000113153
0.000656797
3.55329e-05
0
0.000442838
0.000140141
0
5.44054e-05
0
0
0
0.000816474
0
0.000625678
0.000578189
5.62069e-05
0
0
0.000961086
0
0
6.25421e-05
0
1.44143e-06
1.37222e-06
0.000901405
0
0.000668879
1.19585e-05
0.000131346
0.000716525
0
0.00100916
0.000387414
0.000111966
0.000226917
0.000149252
0
0.000299755
0.000328061
7.93445e-08
0.001135
0
9.34386e-06
3.50543e-08
0
0
0.000894805
0
7.59753e-05
0
0.000190399
0.000336017
0.000505994
8.3066e-07
0.000139995
0
4.1193e-05
0
0.000333767
0
0.000107806
4.54072e-05
0
2.70499e-05
0.000441662
0.000222415
0
1.81327e-06
0
0
0
0.000518282
0
1.28865e-05
6.85188e-08
0
0
0.000928278
5.62075e-05
0.000525251
0.00047605
0
0
6.08203e-05
0.000457679
0.000130683
0
0.000567262
0.000322179
0
0
3.93737e-05
0.000305837
8.42412e-05
0.000546102
0
0.000304338
2.976e-05
6.63604e-06
0.000722735
0.000219586
0.00093453
0
0
0.000126593
0
1.4723e-05
0.000108451
0.000367612
0
0
0
0.000219487
7.68659e-06
0
2.23389e-06
0.000855317
0.000665048
0
9.06202e-06
0.00019676
0.00100232
7.85835e-05
0.000418632
0.000213307
0.00059146
0
0
0.000729411
0
4.06196e-05
0.000570747
0.00118402
0.000301611
0
0.000626032
0.000415113
0
0
0.000506149
0
0.000202315
6.9587e-06
0
0
0
1.95978e-05
0
0
0.000316492
4.81707e-05
2.10826e-07
0
0.00105942
0
0.000530001
0.000248582
0
0.000213263
0.00053708
0.00019692
0.000415022
0
0.000133168
0
0.000163908
5.98122e-05
0.000479858
2.53008e-05
9.29597e-05
0
0.000649391
4.20317e-05
4.10279e-05
0.00118522
4.33789e-05
0.000583713
0
0
0.00106538
0
0
0
0.000408565
3.04531e-05
0.000249688
0.000372873
2.9976e-05
3.02809e-05
0.000306634
5.79298e-07
0
0
0.000344473
0.000369123
0.000429554
7.67589e-05
3.21861e-05
0
1.27203e-07
0
6.64955e-05
0
0
0
0.000902994
0
0.000255948
0.000655381
0
0
0.000499771
6.45319e-05
0.000610807
2.56909e-06
0.00028497
0
0
0
0.000358561
0
0.000494431
0.00018608
0
0
0
0
0
2.7948e-08
0.000526611
8.79422e-05
0
4.17799e-05
0
0.000420282
0.000533177
0.00108071
0
0
0
0.000116012
6.46653e-07
7.41319e-05
0.000493783
0.00079663
0
0.000253564
0.000550998
0.000859606
4.87175e-06
0
0
2.47776e-05
0.000655939
0.000286232
0.000242088
0.000286961
2.96107e-05
0
0.000279276
0.000776371
3.87866e-05
0.000913072
0.000289376
0
4.30223e-05
0
0.000240143
0
0
0.000747164
0
0.000912209
0.000461827
0
0
0
0.000481512
0
0.000501452
0
0.00024757
0
0.000170906
0.000660966
0
0.00042232
0.000227778
0.000539302
0.000243358
1.5551e-05
0.000877289
0
0.000366855
0.000370546
0.00022839
0.000112979
0
0
0
1.94925e-06
0.00052165
0.000947207
0
0
0
0.000757887
9.64345e-05
4.43042e-05
0
0
4.99911e-05
0.000412109
0
0
0.000449445
0
2.29205e-05
7.5872e-08
0.000402518
0.00107537
8.53412e-05
0
2.09761e-05
0.00028085
0.00059002
0.000100069
0
0
0
0.000274932
0.000246385
0.000275864
0.000231472
1.41941e-05
0.000629827
0.000634598
0
0
8.32333e-06
0.000389463
0
0
0.000455208
0.000785357
0.000598449
0.000880457
0.000668313
0
0
0.000815455
0.000440718
0
0.000897791
0
0
0
0.000200722
0
0
0
0
0
0
0
0
0
0
0
0.000715374
0.000705514
0
6.92178e-05
0.000332602
0.000383252
3.03928e-05
0
0
1.28241e-05
0.000499785
0.000956223
9.6911e-06
0
0.000748559
0
0
0.000384513
0
0.00105788
5.18841e-05
7.39772e-05
0.00039804
0.000918567
0.000727822
4.38068e-07
4.04034e-05
0
0.00086095
0.000482994
1.06712e-05
0.000401759
0.000330681
0.000628227
0.0007411
0.000161646
0.000299497
8.47511e-05
0
5.38713e-05
0
0.000912339
0.00035718
0
0.000184263
0
0
0.00072412
0.000274817
0
0.000265717
0
0.000618401
0.000210663
0
0
0.000181388
0.000873857
0.000243081
3.99561e-08
4.48336e-05
7.04501e-05
1.37728e-05
0.00018471
0.00092007
4.30752e-06
0.000687716
0.000623562
2.13884e-05
0
2.75256e-06
0.000679494
0
0
0.000491965
0.000271949
0
0.000257256
0.000439457
0.000907434
1.27871e-07
0.000335261
4.52783e-05
1.58496e-05
8.66654e-05
3.45559e-05
0
4.66379e-05
0
0.000724748
0
0.000390474
0.000585614
0.000385398
0
0.000466658
0
0.000232211
0.00030688
0.000509466
0
0.000131079
0.000502162
0
0.000783731
0
0.000156598
0.000156768
3.2859e-05
0.000482179
0
0.000561018
0.000978989
0.000867081
0
0
0
9.13673e-08
0.000932592
0.000265588
8.22159e-05
0.000540094
0.000335603
0
0.000917186
0.00040624
0
0.000546504
0
0.000335198
0.000709363
7.88698e-09
0
0.000491756
0.000366683
0.00018507
0.000167384
0
0
0
0.000363596
0.000222904
1.80212e-06
0.000776936
0
0.000720534
0
0
1.9495e-06
0.000668952
0.000643308
0
0.000640725
5.16955e-05
1.68567e-06
0.000150557
0
0
0.000607133
0.000304131
0
0.00048213
0.000420197
0.000814954
0
0.00100193
0.0010111
0.000426892
0
0
0
0
0.000574868
0.00063018
0
0
0
0.000670481
0.000586724
0.000155647
0
0
0
0
0.000443856
0.000202189
2.49862e-05
0
0
0
0.000153741
0.000432119
0.00100464
0.000608604
0.000472935
0
1.34398e-05
7.25411e-05
0
0.000208087
0.000638852
0
1.23555e-05
1.39547e-06
0.000589043
2.62589e-05
0
1.71551e-06
0.000236649
3.95003e-06
0
3.025e-06
0.000441519
0.000126227
0
0
0
0
2.24206e-06
0.000149989
0
0.00096474
0.000435136
0.000579254
0.000142909
0
0
0.000534024
0.000183395
0.00074878
0.000470977
0.000197554
0
0
0.000573439
0
0.000905901
0.000115346
0.000440268
0
0
0.000962424
0.000151371
9.90471e-05
0
1.39192e-06
1.52534e-06
4.35316e-07
0
0.000338495
0.000167639
2.224e-07
0
0.00107299
0.000367204
0
5.63587e-05
2.29302e-07
7.70227e-06
0.000363488
2.74151e-06
0
0
0
0.000555919
0.000713374
0
0
0
2.28691e-07
0.000499728
0
0
0.000279699
0
0.000199131
0.00075128
0
5.39182e-05
5.72065e-08
0.000100184
1.08499e-05
0
0
0
0.000813876
0.000455595
0.000334526
0.000335538
0.000142298
0.00080388
0
0.00034419
0.0010136
0.000179993
0
2.02417e-05
1.49468e-05
6.83488e-05
3.62371e-06
0
0
0.00044988
0.000150461
0
0.000121976
2.55602e-06
0.0003808
0
6.87844e-06
0
0.000513375
0.00117064
0.000486917
0
0
0
0
0.00110833
0.000222725
8.85525e-05
6.42063e-05
0.000418581
0.000480541
0
0.000281248
9.96739e-05
0
0.000702063
0.000119963
0.000665796
3.27745e-07
0
0
0
3.76121e-07
0.000761281
0
0.000653178
0
0.000351355
0.000398566
3.94658e-05
2.64755e-05
0.000820196
0
0.000459751
0.000877501
0
0
0.000837297
1.01304e-05
0.000475317
0.00105553
0
0.000840594
0.000419958
2.48812e-05
3.78504e-05
0
0
0
2.04747e-06
0.000136538
0
0.000256272
0.000333442
0
0.00021811
0.00095714
0.00104502
0.000257099
3.4076e-05
0
0.00026236
8.96773e-06
0
0
0.000550979
0
0.000396396
0
0
1.21775e-08
0.000424244
0
5.96221e-05
0
0.000553876
0
3.6185e-05
1.07091e-05
3.93433e-05
3.91963e-05
0
0.00103836
0.000688823
0
0
0
0.000178526
0
0
0
0.000834418
2.71906e-06
2.27115e-05
0.000787684
0.000372637
0
0.000554339
0.0002367
0.000218976
0.000269833
0
0
0.000361114
0
0.000240196
0.000383447
0
0
0.000134061
0.000951543
4.00603e-06
6.47746e-06
0.000320505
0.000352293
2.57208e-05
0
0.000515219
0.000978579
5.97769e-07
0
0.000825816
0
0
0.000261729
0
0.000435026
0.000764079
5.43929e-05
0.00068186
0.000687547
0
0.00021943
0.000177028
0
0
0
3.7349e-06
0.000554775
0.00093383
0.000242892
6.29658e-05
8.01674e-05
0
0
0
0.00034313
0
0
0.000241994
0
0
0
1.69469e-06
0
5.81139e-08
0.000902071
0.000265077
0.000751796
0
0.000479942
0
0
0.000285386
0.000586922
0.000100673
2.16974e-06
0
0
1.48787e-06
0
0.000737369
0
2.35515e-06
7.94439e-05
3.36021e-06
0
0.000254733
0.000297866
0.000165763
3.20813e-06
6.9069e-06
0
0.00100591
0.000224458
0.000179978
1.54904e-05
0
0
9.81369e-05
1.03204e-07
0
0.000457223
0.000476409
0
0.000167246
0
0
0
1.98907e-07
4.58408e-06
0
0.000690944
0.000499241
0.000480756
7.09541e-05
0
0
0
0
0.000509371
0
0
0
0
0
0.000202249
0
0
0
0
0.000638889
0.000358272
0.00105652
0
7.92219e-05
2.58102e-08
0.000603514
0.000555356
0.00113433
0
0
0
0.000113736
0.000187348
6.60207e-05
0.00042292
0
0
0.000535676
0.000884157
5.71566e-05
0.000115222
6.72948e-07
0
0.000959003
5.01926e-05
0.000630587
0.00121698
0.000658466
0.000365921
3.88305e-05
0
0.000293358
0
1.77797e-06
0
0.000202641
0.000361546
3.57368e-06
0.00020355
0
0
0
0.000661137
3.21836e-07
8.13448e-06
0.000230362
0.000224774
0.000680525
0
0.000778761
4.67258e-06
0.000168255
0
0
0.000812492
0.000216944
0.00108837
0.000669345
0.000181982
0.000804404
0.000722288
0
0
0
0
0.000460546
0
0.000115328
0.000978734
4.55713e-05
0.000472078
0.000947067
0
0.00068941
0.000606568
2.6193e-07
0
0
0.000173943
8.18729e-05
1.17396e-06
0.000570737
0.00111168
0
0.000453449
0.000148177
0.000469661
0.000122484
0
4.16841e-07
0
3.83965e-06
5.71297e-07
1.13147e-06
0.000424239
7.51619e-05
0
0.000341428
0.000397319
8.78713e-05
0
0
0
0
0.000855139
9.11129e-06
0.000749712
0
0
5.45979e-06
0
0
0.000374052
2.1603e-05
0.00103813
0
2.5276e-05
0.000129787
0.000376309
0.000259732
0
0
0
0
0.000112444
3.02675e-05
0.000763692
0.000663086
0
0
0
0
0.000992134
1.6056e-05
0.000127729
6.53636e-05
1.73344e-05
0.000608607
2.40786e-06
0.000602988
0.000198127
0.000528545
0.000289624
0.000125175
0
0.000278332
0
0
8.77172e-05
0.000206348
0
0.000606119
0.000721461
0.000701306
0
0
0.000523425
0
0.00102855
0
0.000121487
0
0
0
0.000227588
0
0.000265409
0
0.000520498
9.11723e-07
0.000292847
0
0
0.000364874
8.43315e-05
0.000367016
4.00298e-06
0.000436597
2.94848e-07
0
0
3.89956e-07
0
0.000125069
0.000112022
4.9435e-05
0
9.97736e-05
0.000684233
0.000265077
0
0
9.54907e-05
0
0.000664926
0.000387242
0
1.89139e-05
9.57927e-06
0
0.000166901
6.83809e-05
0
0.000403523
0
0.000546199
0.0011808
6.27468e-05
0
2.85993e-07
0
0
0
0
0.000714991
1.50662e-07
0.000583914
0
0.000439289
0
0.00117827
8.07236e-05
0.000446108
0
0.000889166
0.000214752
3.70218e-06
0.00107137
0.000751479
5.63045e-07
0
0.000524905
0
0
1.91956e-05
0
5.7772e-05
8.74708e-07
0.000839835
0
0
0.000373229
4.53069e-07
0
0
3.74746e-05
0.000495511
5.52954e-05
1.73457e-07
0
0
0.000276351
3.91168e-07
4.1067e-06
0.000971978
0.000983441
0.000807256
0.000853191
1.20194e-07
0.000335716
0
0.000541803
0
0
3.14968e-07
0.000703037
0.000516693
0.000174433
0.000634564
0
1.82548e-05
0.000184721
0.000556101
0
0.000450378
3.61618e-05
0
0.000843321
0
0.000718624
0.000638759
0
2.29357e-06
1.44707e-06
0.000217746
0.000814318
0.000363895
3.98599e-05
0.000801391
0.000741376
0.000516081
7.61095e-05
0.000697907
0
0.000379579
0.000145978
6.59652e-07
6.77603e-05
0.000222466
0.00101885
0
2.16637e-05
0.000188092
0
0.000198905
0
1.34724e-07
0.000274953
0.000727168
0.000339436
0.000212636
0.000104504
0.000498359
0
0.000238239
8.67282e-05
0
0.000147625
0.000756809
0.000540323
0
0
0.000586967
0.000581276
0
0.000387453
0.000137817
0.00113355
0
0
0.000432689
0
0.000599354
0.000510348
0.000173508
0
0.000700396
0.00054429
0.000235078
0.000715271
0
0.000149357
5.88316e-05
0
0.00075354
0.000440944
0.000470045
1.48153e-07
0
0.000413299
0.00111654
0
0
0
9.22386e-06
0.000283075
0
0.000682314
3.49964e-06
0.000951953
0.000535108
0.000572925
8.41886e-06
0.000740723
0
0.00058723
1.10494e-05
0.000797425
0.000559766
0
0
0.000341835
9.34356e-05
3.46389e-05
0
1.20327e-06
0.000370005
2.24366e-07
0
0.00126371
0.000168186
0.000100439
0
0
0
0
0.000187335
0
0
0.000474093
0
0
0
0
3.84849e-06
1.44545e-05
0
0.00063927
0
0
0.000447717
0
0
0.000822751
0.000495819
0.000776098
5.49363e-06
0.000253862
0
0
0
0.000606402
0
0.000252095
0
0.000543498
0
4.50555e-07
0.000821947
0.000455054
0.000932229
0
0
0
0
0
0
2.21763e-05
1.83979e-07
0
0.00017776
0.000897189
0.000189451
0.000688585
0.000887773
1.42145e-07
0.000427517
0.00113817
0.000797015
3.20828e-05
0
0
7.31288e-06
8.51396e-05
0
0
0.000154264
0
9.2252e-05
0.000762958
3.8043e-07
0
0
0.000625214
0
0
0
0
0
1.00739e-05
0
9.45061e-05
0.000270768
0
0.000397401
0.000857356
9.12493e-05
0.000573978
9.74574e-05
6.96146e-05
9.32981e-05
0
5.29179e-06
0
6.01416e-05
0
7.95499e-05
6.78325e-07
3.80417e-06
0.00027778
6.71669e-08
0.000345011
0
0.000706685
0.000726453
0
0.000700236
0.00017365
0
8.62638e-05
0
0.000488268
5.11757e-06
0.000173111
0.000555309
0.000457149
0
0.000170763
0.000619322
0.000455715
0
0.00111465
0
1.80773e-06
0
0
9.648e-05
0
8.0708e-06
0.000337762
0.000487162
0.000423988
9.14515e-06
0.000835177
0
5.79507e-06
0.000766659
0.000804024
0
0.000612624
1.92846e-07
0.000146605
5.09447e-06
0.000983017
0
0.000399281
0.000600024
0
0.000810732
0.00100599
0
0.000124418
0
0.000458681
0
0
0.000395837
0.000127369
0.000128574
3.02597e-06
0
0
7.10082e-05
0.000760173
0
1.54583e-05
0.00031981
5.32756e-05
0
0
0.000482847
0
0
0.000945167
0
0
0
0.000432252
0.000437595
4.50987e-05
0.000580141
0.000559351
3.35645e-05
0.000338686
0
0.000366936
0.000232513
0.000166479
0
7.20018e-05
0
0.000324824
0
0.000712221
0.000332557
0.000432413
0.000223161
0
9.74397e-06
0
0.000441672
0
0.000867273
0.000566556
0.000521681
0
0.00067302
0
0.000169846
1.03201e-05
3.82707e-06
0.000197468
0.000852868
0.000477396
0.000434094
0
0.000103375
7.89165e-07
0
0.0001093
0
2.62085e-05
1.26194e-05
0.000565496
0
0.000373817
2.95055e-07
0
0.000518368
0.000397332
0
0.000937407
6.68796e-05
0.000642223
0
0.000210079
0.000596082
0
0.000557432
0
0
0.000599033
0.000207599
0.000119277
0
0.000370452
9.5653e-05
0
0.000263481
0.000200375
0
0
0.000755112
0.000930643
0.00102644
8.71653e-08
9.69463e-06
0
0
0
0
0.000470511
0
0
0
3.69462e-06
0.000120417
0.000311941
0.000285068
0
0.000946193
8.42242e-05
1.32637e-05
3.88297e-05
0
0
2.44937e-05
0
2.24796e-05
0.000231132
0.000578893
0.000463733
0
0
0
0
0.000579642
0
0
0
0
0.00027868
1.97795e-08
0
0
0
7.15368e-05
0.000193684
0.000557834
2.35402e-07
6.99361e-05
0.000278421
0
1.07833e-05
0
0.000529507
0.000248699
0.000362098
0.000242623
0.000661109
0.000960885
1.14595e-05
0.000207761
0
0
1.53442e-05
0
0.000831164
0.0011305
0.00116666
7.54637e-05
0.000256421
0.00100947
1.61364e-05
5.00626e-05
3.37046e-05
6.43499e-06
0.000144399
0
0.000336337
0
0
0.000661367
0.000232729
0
0.000110139
0
0.00010787
0
3.01669e-06
0
0
0.000426584
0
0
0.000875573
0.000170706
0.000316437
1.96104e-06
2.44645e-05
0
0.000140684
2.25563e-06
0.000594682
3.88637e-07
0.000216445
0.000737827
0.000249706
0.00037425
0.000392958
0.000498212
0.000342399
0
0.000877681
1.80049e-05
0
1.76093e-06
0.000255616
0.000839277
0.000621239
0.000434012
0.000198078
0.000523329
0.000729525
0
0
0.000124064
0
0.000468382
0.00114174
2.92008e-07
0
0.000445748
0.000471687
0
0.000654734
0
0
0
4.96282e-06
1.1283e-05
0
0.000180086
7.83538e-05
0
2.16571e-05
0.000609359
0.00024938
0
0
2.20729e-06
0
0
0
0
7.53048e-08
0
0.000815999
0
1.75104e-06
0.000314293
0
0
1.10442e-06
5.6113e-05
0.000391208
0
0
0.000126051
0.000849179
9.76456e-05
0
0.000169792
0
0.0003427
0.000662323
6.63857e-05
0.000911704
0
2.64447e-05
0.000828302
7.78287e-05
0
0.00068734
0.000622955
0
0
0.000664419
3.97116e-05
0
0
0
4.34351e-06
2.39068e-08
2.2688e-05
7.9416e-05
3.70883e-05
0
0
0.00106002
0.000262193
0.000179341
0
0
0
1.81117e-06
1.74669e-05
0.000104731
0
0
3.5399e-05
0
0.000549359
0.000893092
6.05143e-06
0
1.52996e-05
1.89973e-07
0
9.10282e-05
0.000687777
0.000148876
0
4.46583e-05
2.11523e-05
3.46911e-06
0.000234885
0.000263784
0.000423412
0.0005642
0
0
0
0.000629924
0.000140018
2.75498e-05
0
0
0
0
0.000638183
0.000373858
4.30044e-05
0
0
0.000447472
0
0.000527186
0
0.000807075
0
0.000787358
3.66068e-07
9.79891e-05
0.000119368
0
7.28231e-05
0.00114846
0.000292188
0
0.000532387
0
0
0.000443112
0
6.02697e-06
1.25223e-05
2.36705e-07
1.72549e-06
5.78148e-06
0
0
0
0
7.4434e-05
0
6.6855e-05
0.00105171
0.000440639
0.000153114
0
0.000103461
4.49588e-05
1.7111e-05
0.000344155
0.000467078
0.000688497
0
0.000535273
3.17219e-05
0
0
0
0
0.000358671
0.000300177
0
0.000349639
0
0.000284017
0
0.00103397
0.000722412
0.000210372
0.00103102
2.14439e-06
0.00105648
0
0.000871256
0.000807213
0
2.6969e-05
0.000721884
6.05583e-05
0.000828412
5.70903e-06
0
0.000272234
0
0
0
0.000739839
0.000369556
0.000286755
0
0
0
0.000524313
0
0
0
0
0.000289151
1.51902e-05
1.37581e-07
0
4.21424e-05
2.04108e-07
0.000455485
0
0
0.000571028
0
0.000272619
0
0.000792141
0
0.000819875
0
0
0
0
0
3.29312e-05
0.000683078
7.5894e-05
0
0
0.000253549
0.00064495
0
0.000236813
0.000264643
0.000286165
0
0.000185413
0.000688174
4.06191e-06
0
0.000331707
0.00019559
0.000875399
0.000685535
0.00113768
1.48516e-07
0.00102179
0
0.000369594
0.00086566
0.000513951
0.000610237
0.000307208
0.000542317
2.84313e-07
0.000846133
0
2.66548e-07
0.000172027
0.00108785
0.000123825
0.000526631
0
0.0007626
0
0
1.34538e-05
0.000520487
0.000923943
0.000272693
0
0.000187292
0.000756968
0
0
0.000849304
0
1.12955e-06
1.53369e-06
0.000137779
4.28282e-07
0
0
0
0.000299148
0
0
0.000929923
0
0
0
0
0
0.000225613
0.000731932
0.000182313
0.000439729
0
0
0
0
0
0.000578033
0.000585167
0.00058931
5.87602e-06
0.000198041
0.000149044
0
0.000196417
0
0.000857945
0.000323449
0.000376457
0.000835721
0
0
0.000389063
0
0.000251006
0
0
8.22635e-07
4.47007e-05
0.000809115
0.000790239
0.00118814
0
0
4.0111e-06
0
0
0.000532854
8.63885e-05
0
0.000404315
0.000414985
0.000173719
0.000223952
0.0009118
0.000156401
0.000465301
0.00090708
0.000905765
3.49273e-05
1.56165e-05
8.84415e-07
1.69163e-07
0
7.9405e-05
0
2.35091e-05
0.00112303
0.00111975
0.000243341
0
0.000591027
0.000844027
0
0.000432744
2.04672e-07
9.06767e-05
0.000464384
0.00102354
0.000855777
0
0
0.00103748
0
1.54022e-07
0.000860648
0.000777152
0
0.000238936
0.00055748
0
1.93915e-05
0.000253276
5.24459e-05
0.000540988
0
3.20571e-05
0.000679191
0.000108775
0.00039262
0.000287222
0.0001608
7.92083e-05
0.00038843
0
3.33552e-05
0
0
0
0.000927093
0.000756361
0
0.000368217
0
9.99737e-05
0.000132129
0.000169997
1.77257e-05
0
0
0.000571008
0
0.000456321
0.000197851
0.000495869
0
0
7.01729e-05
0
0.00012881
0
0
0
0.000300359
8.07623e-05
7.90749e-05
0.000682769
0.000527467
0
0.000379645
0
2.43878e-07
0.000278417
6.18445e-05
5.37039e-06
0.000486304
7.53553e-05
0
4.74214e-05
0.000305869
0.000484127
0.000251725
8.99526e-06
0.000579142
0.000153493
5.13876e-05
0
0.000256721
0.000772325
0.00092059
9.11582e-05
0.000683451
0.000274347
0
7.19552e-05
0
3.90674e-05
0.00105708
1.00358e-06
0.000608278
9.2819e-05
4.23981e-05
0.000290694
0
0
3.83752e-05
0.00100744
0.000107409
0
3.12117e-05
0.000483397
0
0.000232635
0.000396798
0
1.67354e-05
0.000982462
0
0
0.000451314
0
0
0.000320146
0.000171845
0
0.000309503
0.000345742
1.32867e-05
1.37043e-05
0
0
0
0.000228215
0
0.000488714
0.000218935
0.000786694
0
0.00026204
0
0
0.000973359
0.00103347
0.00057868
0.00021571
0
0
0
4.12325e-08
0.000133003
0.000772539
0.000609795
3.44876e-08
0.000162923
0.000638247
7.80588e-05
7.09064e-05
1.10766e-06
0.000416552
0.000288521
0.000646782
0
0
0
0.000191946
0
0
0.000145475
0
0
0.000250273
7.51859e-08
0
5.64234e-05
0
6.02281e-06
3.06946e-05
0.000205325
6.32935e-05
4.59347e-07
0.00116325
0
0
4.59045e-05
0.000424836
0
1.12228e-05
0
0.000339534
0.000549882
3.54676e-06
0.000603323
2.26093e-05
0
0
0.000211874
0
0.000779777
1.6736e-06
0.000758572
0
0.000477302
6.87849e-05
0
0.000705206
0
0
0.00054275
0.000899625
0
0.000562619
0.0006893
0
8.58004e-05
0
0.000107624
0.000188887
0.000135098
0
0.000595987
0.000433794
0.000464832
0.000803909
0.00013215
1.0897e-05
0
0.000331645
0
1.54687e-05
0
0
0.000631644
0.000482996
0
0
0
0.000210369
0.000354878
1.08836e-05
1.07434e-07
0
4.76248e-05
0.000420884
6.28199e-05
9.67466e-05
0
2.9655e-06
0.000430814
0
0
1.57071e-06
0
0
0.00116217
3.59526e-06
0
0.00084241
0
2.74006e-07
0.000812477
0
1.91666e-07
0.000624112
0
0
0
0
3.87758e-05
0
0.000279781
0
0
0.000209431
0
0
0.00079268
0.000125849
0.000394863
0
0.000689869
0.000375615
0
0.000754381
0
0
0.000458592
0
0.000209708
0.000884423
0
0.00017751
0.000574917
2.03495e-05
7.41315e-07
0.000852566
0
0.00119964
0.00024166
0.000114178
0
0.0010369
0
0.000759624
2.62187e-07
0.000418009
0
0
0
0
1.39234e-06
0.000519596
0
0.000541823
0
0.000245536
0.00014004
0.000111151
2.5767e-06
0
0
0
0.000142846
0.000668853
0.000215444
0.00013061
1.10925e-06
0.000934373
0.000159696
0.00053391
4.18406e-05
0
0
2.56159e-05
0
0.000808768
0.000221938
0.00102325
9.38251e-06
0
0.000327599
0.000301477
0
0.00116264
0
0.00043067
0.000122229
0.000883528
7.18273e-06
0.000870552
0.00121028
0.000117928
0.000481858
0.000110817
0.000410278
0
0
0
3.79325e-05
0.000717697
0.000215991
0
0.000287259
6.63289e-05
0
0.000262695
0.000967044
0
0
0.000885965
0
0
0
0.000326753
0
2.30643e-06
0.000495669
0.000366207
0
0.000224127
8.37994e-05
0.000114299
0
0.000480899
0.000626053
4.34593e-07
0.000321166
0
0
3.80877e-07
0
0
0
0
0.000318112
0
0.000206141
0
0
0.000744364
0
0.000367905
0.000250261
0
0
1.39061e-06
0.000484613
0.0003189
0
2.24282e-06
0.000674737
0
0
0
1.81559e-06
3.30894e-05
0
3.86013e-06
0
0.00111392
6.72116e-05
0.000357351
0.000912245
0
0
0.00026615
0.000918165
0.0007812
0
3.796e-06
3.16081e-06
3.39604e-05
0.000572902
0.000739315
0
0.000467149
0
0.000974521
0
4.4111e-05
0.000155397
0.000733252
0.000392959
1.72927e-05
0.000586638
0
0
0.000649782
0.000349715
0
0
3.94242e-05
3.06349e-06
4.03196e-05
0
1.17522e-05
3.35926e-07
0.000325821
0.00033601
0.000714796
4.71177e-05
0
0
0
0
0.000373037
0.000548706
0.000159266
0.00017857
0
0.000704798
0.000605349
0.000890232
0.000352806
0.000290278
0
0.000433231
0.00021898
0.00051798
0
4.91698e-06
0.000711297
0.000313123
0.00061613
0.000760729
0.000961713
0
0
0
0.000231838
0.000543934
0.000283969
0
2.50025e-06
0
8.59215e-08
0
0
0.000106089
0
0
0.000186921
0.000432433
7.4376e-05
0
0
0.000611788
0
0.000280483
3.70154e-07
0
0.000196735
0
0
0.000302522
0.000479834
0.000200428
0
4.98521e-08
0.000406847
0.000840391
0.0005288
0
9.30327e-05
0.000640386
0
0.000447668
1.76713e-05
7.04883e-05
7.48228e-05
0
0.000372689
0.000440773
0.000310987
8.15981e-06
0
0.000344154
0
0.00076034
0.00059037
7.97616e-07
0.000121911
0.000260276
0
0
0.000228028
0
3.62049e-06
0
0.000245618
0.000325157
0.000395863
0
0.000442452
5.90236e-05
0.000186233
0
0
0
0
3.30069e-06
0.000331461
0
0.00051898
0
0
0.000188352
0.001029
0.000852414
0
2.54431e-06
0
0.000424117
0.000616469
1.15577e-05
0.00080581
0.000529426
0.000116652
0.000431562
0.000198858
0.0002246
0
0.000187221
0.00041489
0.000989813
9.7984e-07
0
0
4.03285e-05
0.000105786
0.000408275
0
6.23692e-05
2.01556e-05
0.000222986
0
0.000488426
0
0
0.000319057
0
0
3.44322e-05
0
0
0
0.000422968
0.00103741
0
0
0
0.000529821
0.00051636
0
2.743e-06
0
5.71895e-05
0.000640474
3.2794e-05
0
0.000130898
0
0.000658981
5.49055e-05
0
0
0.000472146
0.000137455
0.000372576
0.000168163
1.46175e-06
0.000248729
0.000582478
0
0
0.000633474
3.399e-06
0.000806041
0.000498432
0.000385514
3.55796e-05
8.71811e-05
1.62387e-06
6.28163e-05
0.000990175
3.69947e-06
4.53214e-05
0
1.54096e-06
0
1.37968e-05
0.000160963
9.19591e-06
0
0
0
0
0
0
4.6079e-05
0
0.00111282
1.7136e-05
0.000151361
3.13178e-05
0.000516249
4.47366e-06
0.000373006
0
0
0.000447983
0.000317135
6.47754e-05
0
0.000139463
3.3616e-05
4.59354e-05
0
1.2435e-06
0
0
0.000216574
0.000820375
0
0.000492262
3.37251e-07
0
0
0
0
5.55029e-06
0
0.000174447
0.000413235
0
0
0.000801153
0
0
0.000723973
1.88464e-07
0
9.71447e-06
1.52269e-05
0.000550487
1.09509e-07
0.000542498
0.000181507
0.000403741
7.78988e-05
0.000142921
5.15987e-05
0
0.000936974
0.000496942
0
0
0.000219794
0
0.000308532
0
0
9.99573e-05
0.000237633
2.4322e-06
0
0.000998711
0
5.02325e-08
0
0.000616537
0
0.000324972
0.000302944
0
0.000119943
0.000534024
0.000106887
0.000430319
0.000129341
0.000320889
0.000238888
0.000464964
0.000704644
0
0.000425687
0
4.60087e-08
0.000415919
0.000226069
0
0
0.000210705
0
0.000159678
0.000465895
0.000796447
0
0.000486754
0
0.000486276
0
0
0
0.000396792
1.09927e-05
0.000882157
0
0.000122494
0
0
1.79973e-07
0.000696873
0
0.000454428
6.97131e-07
0
0
0
6.13541e-07
1.05884e-07
0.00010473
0.000124249
0.000228831
0.000192914
0.000102292
2.42941e-07
0.000732596
0
0
0.00056257
0
0.000776247
0.00109187
9.18735e-05
0
0
6.62337e-05
0.000594307
0
0.00039671
0.000541132
1.72313e-05
0.000371437
0.000152804
6.2869e-05
0.000737865
0.000882843
0.000720202
0.000159441
0.000126788
0
0
0
0.000571479
0
6.66159e-05
6.75731e-05
0
0
0.00103831
0
9.50525e-07
0
0
0.000329833
0
0.000690472
0
9.23226e-05
0.000693134
3.84307e-05
0
0.000201587
0
0
1.17757e-05
0.00103117
0
0.000768978
0.000553643
0.000504129
0.000717083
0
0
0
0.000504112
0
0
0.000177762
0.000225804
0
0.000286655
3.62676e-07
1.19755e-05
1.27852e-06
9.83836e-08
6.4755e-07
0.000218798
2.12631e-05
1.26439e-08
0.000306269
0.000544278
0
0.000249515
0.000787667
0.000565366
0.000890592
0
5.78559e-07
0.000418372
0
0.000194788
0
2.67988e-06
0
0.000407031
2.61461e-05
0.000136315
0
0.000245889
0.000313184
0.000128835
0
0
0.000131266
0
0.000353653
0
0
0.000600393
0
0.000167599
0
0
0.000431779
1.60397e-06
0.000594177
0
0
0.000435037
1.18323e-05
0
9.72048e-05
0.00040871
0
8.03407e-05
5.33421e-06
0.000583649
0
0
6.22699e-05
0.000610577
9.83482e-08
0.000161427
0.000341279
0
0.00028166
0
0.000291381
0
8.1592e-05
0.000391103
0.000907702
0.000873823
0.000464403
0.00088806
6.35291e-05
0
0.000107066
0.000896447
0.000416882
0
0.000246387
0.000347392
0.000484077
0
0.000557068
0.000694019
0.000535312
0
0
6.22592e-05
0
0
0.000789991
0.000269466
0.00079748
0
6.4349e-06
0.000156276
3.33684e-05
0
0.000188912
0.000535825
0.000175049
9.66345e-05
0.00013897
0
0
0.00119934
0.000344415
0.000375201
0.000378638
8.5186e-08
0.000232522
0
2.76112e-07
0.000132177
0
0.000382971
0.00079542
0.000534604
0
0.000153857
0.000113738
0.000104025
0.000591166
8.0092e-05
9.66804e-05
0
0.000392471
2.7043e-07
0
0
0.000218528
0
0
5.98808e-05
0.000383696
0.000519944
0
2.16187e-06
0
0.000348929
5.88219e-05
0.000290621
0.000103727
3.06507e-06
0.000237024
0
0
0.000397322
0
0
0.000491882
0
3.68528e-06
0
0.000297167
0
0
0.000773958
0.000305246
4.5587e-07
0
0.00100507
0
0.000665363
0
0
1.70148e-05
0
0
0
0
0.000409484
2.43957e-05
0
0
0.000503596
0.000582396
0.000284282
0.000984184
0
0.000630687
5.23796e-05
3.07547e-05
0
0
0
0.000289033
0.000899758
0.000405381
9.14577e-05
0.000472022
0
0
0.000487836
0
0.000631128
0
5.23434e-06
0.000379699
0
0
0
0
0
3.65179e-05
0
0.000204177
6.43544e-05
1.06935e-06
0
0
0.000745478
0
0.000180665
0.000142664
0.00100944
0.000673378
0
0.000908422
0
0.000444173
0
0.000431712
6.18726e-08
0
0.00049072
0
0.000750865
8.60757e-08
3.09977e-05
0
0
2.42879e-06
0.0010592
0
0
0
0
1.6423e-05
0.000727073
0
0.000977542
0.000161144
0
2.71832e-08
0.000666833
0.000778751
0.000101741
0.000278489
0.000859639
0
0
0
0.000832678
0.000221661
3.09815e-05
0.000326409
0
0
6.17587e-07
0.000132553
0.000486852
0
0.000555384
0.000399622
0
8.57216e-05
0.00029205
0
0.000261569
0.000143605
0.00097966
0
0
3.56138e-06
0.000349308
0.000549637
0.000371991
0
0
0.000661479
0.00102303
0.000610675
0.000301055
0.000369477
0
0.000119889
0
0
0.000143398
0
0.000431965
0
0
7.55548e-05
0
0
0
3.15317e-06
0
0.000500587
0.0006037
0
0.00118211
0.000558828
0.000664362
0.000374099
0.000921945
0
8.81032e-05
1.43532e-07
0
8.87841e-07
0
0
0
0.000902364
0
0
0.000434241
0.000141673
0.00065197
0.00028698
0.00025461
1.36408e-07
0.000549986
0
1.97199e-05
0
0
2.9815e-06
0
0
4.70546e-05
0.000425541
0.000247971
3.12611e-06
0
0
0.000387579
1.95741e-06
1.50362e-05
0
4.42889e-05
0.000344359
0.000803145
0
0.00013475
0.000362349
0
0
0
0.00048618
0
0
5.94887e-05
1.35105e-05
0.000134511
0
0
0.000277657
0
2.36225e-05
1.34014e-05
0.000172879
0.000300994
0
0
6.9642e-06
0.000226441
0
0.000660404
2.26126e-06
0
0
0
3.08844e-05
9.4484e-07
0
8.03885e-05
6.15566e-06
0
2.47121e-08
0
0
0.000289856
0.000160292
0.00041252
0
0.000349857
4.67932e-07
0.00101388
0.000476012
0.000142898
0
0
4.12114e-06
4.10724e-05
0.000344958
2.09116e-06
2.76864e-05
2.04472e-06
1.40393e-07
0.000441964
0
0
0.000223284
5.82342e-05
0
0.000154068
0
0
0.000731004
0.000854378
0.000544489
0
0
7.06857e-07
0.000222301
0.000122787
0
8.9579e-07
0.000699648
0.000536002
1.16461e-05
0.000857995
0.000831306
0.000233229
0.000780186
0.000303717
0.000193655
0.000146526
0.000826055
9.58923e-05
0.000338385
0.000378471
0
0.00078241
0
0
0.000344706
0
7.76773e-05
0
0.000633458
5.86362e-05
5.35318e-06
0
4.52407e-07
0
0
0
0
0
1.96222e-06
0
2.86923e-05
0.000352345
0.000402473
0
2.2197e-07
0.00044878
5.04373e-05
0
0.000719149
0.000375759
0
2.75849e-05
7.56094e-07
0.000706414
0.000592321
0.000300411
0
0
1.78391e-05
0
0.000929599
0.000622162
0
0.000151182
1.56983e-07
0.000340813
0
0
0
0.000631827
0
0.000296491
0.000193759
0
0
0
0.00019886
0
0.000518976
0.000332998
0
0
0
0
0.000961001
0.000223731
0.000807225
0.000235438
4.04368e-05
0.000189287
0.000803724
0
0
0.000134087
0.000582144
0.000374257
0.000384316
0
0
0
0.000132654
0
0.00110409
0.000673812
0.000127538
2.59859e-05
0
0
0
9.24944e-06
0.000280929
0.000320352
0
0.000773889
1.22588e-05
0
0
9.18566e-05
0.000682836
0.000433719
0.000424006
0.000213066
0
0
2.03606e-05
0.000357318
0
0.000838264
0.000616037
0.000743475
0
0.000889706
0.00117352
0.000486859
0
0
9.93275e-05
0.000459858
4.62791e-08
0.000163768
0
0.000294096
0
0
0.000669239
0
0
6.24596e-05
0
0
0.000373462
0.000363805
0.000483564
0
0
4.24107e-05
0
0.000536265
0
0
0
0.00115418
0.000237582
0.00050351
0.000221789
0.000320314
0
0
0
5.54647e-06
0
0.000117949
0.000278368
9.73915e-05
1.83525e-06
8.79239e-05
9.67701e-06
0
0.000431274
0.00105327
0.000214621
0.000160421
0.000287977
0.00110525
0.000635279
3.17795e-05
6.26622e-06
0.000447303
0.000349962
0
0.000660424
0
0
0
0.000257917
0.000316435
0.000137287
0.000557818
0.00104847
0.000764291
0.000173041
1.81814e-06
0
0
0
0.00072274
0.000157489
0
0
0.00108167
0.00101053
2.11081e-05
6.92074e-05
0.000299498
0.000785352
0
0.000276311
2.94399e-06
0
0
0
0
3.0081e-07
0.000183253
0.000341436
1.00964e-05
0.000717723
0.000363691
3.20673e-06
8.25063e-05
5.36895e-05
0.000958587
0
0.000506489
0
0
0
0
0
0
0.000135261
0
0
0
1.84057e-06
0.000122758
0
0.000478774
0.000583577
0.000639918
0
0.000125248
0.000220563
0
0.000215718
0.000611316
0.000330279
0.000673697
6.93628e-06
0
0.000521169
0
0
0
0.000446007
0
0
1.26143e-05
0
0
0
0
0
0
0
0
0.000873095
0
0
0.000155572
0.000243136
0
4.6031e-06
0
0.000725767
0
3.36626e-07
0
3.71493e-06
0.000959894
0.000291307
0
9.54771e-05
0.000112554
0.000149819
4.67536e-05
0
7.28586e-05
0
5.8219e-05
1.13938e-06
0.000284324
0.000788375
0.000213729
0
2.80483e-05
0
0
5.85166e-07
0
0.000617287
0.000220968
0.000302281
0
0.000871426
0.000664771
0.000421179
0.000610286
9.43901e-05
0
0
5.11879e-05
0.000385494
6.01587e-05
3.08925e-05
0
4.0185e-05
1.26599e-05
0.000145595
0.000844801
0
0
0.000103095
0.000498668
1.447e-06
0
9.7438e-05
0.000331891
9.20093e-05
0.000234779
0.000726222
0
0.000410127
0
0.00018294
0.000411263
1.71013e-05
0.000338745
0.000366845
0.0003564
4.92732e-08
0
0.000167872
0
7.96802e-05
0.00035152
0
0.000178267
0.000245432
0
0.000538322
3.6009e-06
0
0.000362685
0.000743766
0.000631502
0
0
0.00018971
0.000624801
0.000125481
4.82745e-05
0
0
6.21032e-08
0
0.000307253
0
0.000444674
0
0.000753047
0.00018086
0.000304154
0.000296334
0.000396443
0.000799074
0
0
0
0
0
0
0.000310712
0.000859883
0
0
0.000107794
0
0.000128911
3.6357e-07
0
0
0.000846168
0.000873118
7.36775e-05
0.000339497
2.04982e-05
0.00014991
0
0.00029347
9.26339e-05
0.00027437
9.66596e-05
1.24687e-07
0.000849568
0
0.000212694
0.000338858
0
0.000622193
0
0.000894796
8.35169e-05
0
5.66174e-07
0.000473665
0
0
0
0.000477631
0.000438368
0.00034902
0.000111678
0.000496403
6.23486e-05
0
0
0.000278882
1.20137e-07
0
0
1.54805e-07
0
0
0.00110154
0
0
0.000282147
9.21367e-05
0.000423243
0.000367982
0
0.000404588
0.000343182
0
3.58939e-06
0.000734539
6.20094e-05
0
0.000150816
0.000618778
0.000448966
0.00124631
0.00103964
0
0.000818821
0.000128406
0.00025249
0.000408168
8.22118e-05
1.8682e-06
0
1.03262e-05
0.000533955
0
0.000562576
0.000619047
0.000108267
0.000287464
0.000271101
4.72907e-05
0
0.000581045
0.000527376
1.62169e-06
5.54589e-07
1.956e-07
0
0
0
8.81322e-05
0.000111753
0.000120918
0
0
0.000978249
0.000661269
0.000774085
0.000205783
0
0.000545129
0.000673921
0
0
0.000531667
7.35517e-05
0
0.00047257
0.00046682
0.00071395
4.86782e-06
0.00104597
8.79179e-07
6.65804e-05
0
0
0
0.000337491
0
0.000531059
0.000250277
0.000300864
1.07956e-07
0
0
0.000458201
0.000583895
0.000857288
0.000853126
0.000371795
0.000139195
2.57876e-06
1.465e-07
0
0
0
0.000115545
0
0
0.000222955
0.000705731
0.000772944
0.000316011
5.73672e-07
0.000189778
8.75236e-06
0
0
5.20591e-05
0.000623684
0
0.000646372
1.34468e-05
0.000688471
0.000375851
4.11751e-06
0.000213432
0
0.000898113
0.00085712
0
0
0.000678292
0.000346166
0.000591033
0.000506677
0.000101275
0
0.000519343
0
0.000496335
0.000694823
0
0
4.58793e-07
0
2.76453e-07
0
4.99891e-05
0.000462351
0
7.71782e-07
0.000880651
0
0.000868247
0
0
0
2.61686e-05
1.31492e-05
0.000361723
4.41156e-05
0
0
0.000196058
0.000173253
0
3.52493e-08
0.000489768
3.0617e-05
0
0
0
0.000438409
0.000371154
0
0.000165105
0.00048152
0.000162023
0.000405765
0
0.000120723
0.000916076
0
0.000803182
0.000758361
0
0
1.90335e-06
0
0.000645183
0
9.90692e-06
0.000868838
0.000340149
1.91281e-05
5.58444e-05
0
0.000396814
6.45198e-07
0.000685415
2.4462e-07
0.000671357
0
6.31486e-05
0.000421013
4.12114e-06
0
0
0.000986963
0.000713095
0.000492174
0
0.000576695
0.000798562
0.000366199
0
4.99122e-05
9.81525e-05
2.21881e-06
1.0983e-05
0.000203649
0.000222362
0.000443195
0
0.000364208
0
0.000349196
8.04456e-06
0.000682319
5.11127e-08
0
3.5976e-07
0
0.000119493
0
0
0
5.8339e-06
1.37426e-07
2.32671e-07
0.00103742
7.2669e-06
7.14274e-05
0.00033238
0
0
0.000644509
0.000423246
0.000936375
0
0
0
0.00073242
0.000770662
1.06671e-05
0.000144876
0.000655114
0.000459748
0.000174337
2.44641e-06
1.7258e-06
0.000159035
0.000137022
0.000990331
0
0.000959692
0
9.22356e-06
0.000543089
0
1.20893e-06
0
0
0
5.87611e-05
6.40499e-05
0
1.02208e-06
0.000268151
2.13102e-05
9.46442e-05
0
0
3.14152e-05
0.000128558
0
0
0.000493462
0.000318102
0
0.000492201
0.000486645
0
0
0
0
0.000626759
0
0.00064222
0.000368692
0
0
0.000406861
0.000391482
0.000857718
0
0
7.95349e-06
0
0.000378256
0.000840144
0
0.000218206
0
0.00032121
0.000109089
0.000642765
0
2.36901e-07
0.000974293
0.000137876
0.00104485
4.48654e-06
0.000301702
0.000766727
4.4527e-06
0
0.000614517
0
0
0.000431751
6.36689e-07
0.00029293
0.000190298
2.67284e-07
0.000166945
0.000646353
0
8.67437e-05
0
0
0.000769969
0.000193838
0.000400534
0.000747931
6.93166e-05
0.000780265
0.000596956
0.00104533
0
0.000169786
8.39248e-05
5.13249e-05
0
0.000560037
0
0
0
0.000524575
0
0.00110832
0.0005363
0.000740746
0
0
0.000285393
0
0.000300736
0
0.000930435
0.000384434
0.000431668
0.000616556
0.000329676
0.00107793
0.000273598
0.000661104
5.85807e-05
0.000206675
0.000432982
0.000442435
2.48506e-07
0.000189092
0.000529734
0
0.000835516
0
0
0.000669389
0
0.000121786
0
7.27381e-05
0
0.00098723
0.000355633
0
0.000365011
0
0
0
0
0.00103215
0
0
0
0.000178468
0.000412346
1.4903e-05
0.000525412
3.68973e-05
0
0
0
0.000728063
0
7.39365e-05
0
4.57713e-05
0.000403708
0.00033807
1.67438e-05
0
2.00284e-05
0.000235439
0.000273994
0.00100349
0.000442137
0.000929309
5.23581e-06
0.00100775
0.000329157
0.000825552
0.0006449
0.000596402
0.000653725
0
0.000423773
0
0.000397906
1.4244e-06
0.000182076
1.71009e-07
0.000797886
0
0.000300503
0
0.000620147
0
0
0.000781528
0.00106251
6.86189e-05
0.000581675
0.000277667
0
7.27736e-07
0.00085777
0.000945794
0.000486579
0.000577503
0.000548286
0
0.000429171
0
0.000389804
0.000338393
2.53801e-07
0
1.77321e-05
0.000880775
0
0
0.000625486
0
4.83676e-06
3.36126e-05
0
0
0
4.63875e-05
2.77323e-05
3.54803e-07
0
0
0
0
0.000117855
0
0.000672874
0.000167032
0.000639582
0.000842997
0
0.000159735
0.0001523
0
0
0.000718861
0
0
0
0
0
0.000197099
0.000267391
0
1.33339e-06
0.000197511
0.000131819
0
0
0.000702948
0.000510471
2.70419e-05
4.76675e-05
0.00016833
0.000773263
0.000137319
0.000196848
0.000714726
0
0
0
0
0.000147366
0.000191817
0
0.000328225
0.000135499
0.00052073
0.000267676
0
0
0.000453235
0.00102375
8.57978e-07
0.000172034
0
3.21692e-05
0
0
0.000454708
0.000384826
0.000149938
0.000307492
0.000771714
3.53179e-08
0
6.39216e-05
0
0.000190494
0.000474592
0.00092764
0
0.000316785
0.00111532
0.000490783
0
0
0
0
0.000628878
0.000381811
2.17485e-05
0
9.01382e-05
0.000181054
0.000606508
0.00035468
1.13845e-05
0
0
3.33611e-07
0.000545733
0.00019287
0
9.56216e-05
0.000629554
0.000935849
0
5.17098e-07
6.40139e-05
0.00103794
4.79552e-05
0
0.000729364
0
0.000122361
0.000171752
0.000156332
3.54422e-05
0.000884927
0
0.000299858
0.000160086
1.32752e-05
0
0
0.000132468
0.000279422
0
0
0.000133273
0.000134978
0
3.95202e-06
1.85499e-05
0.00036072
0.000310993
0
0
0.00102746
0
0
0
1.67132e-05
0
0.000261041
2.03758e-06
0
0
0.000547115
0.000712884
0
6.20686e-05
0
0.000682642
0
0
0.00012527
0
0
0.000309118
0
0
0.000440075
0
0.000603697
0.000387868
0.000744256
0.000874123
0.000254204
6.0196e-05
0
0.000183218
0.000918779
0
0.000208035
0
0.000328786
0
0
1.04614e-05
0.0006768
0.000245435
0.000327964
4.50827e-06
4.72677e-06
0.000553526
0.000279324
6.43355e-05
0
0
0
0
1.67465e-06
9.12451e-06
8.15997e-05
0
1.12686e-05
0.000181374
0
0
0.000538988
0
0.000253398
0.000333319
0
0.000253978
0
6.38933e-06
6.91937e-05
0
0
0
0.000282015
0
0
0.000472072
0.000755114
7.61031e-05
0.000601729
0.000254209
0
0.000414408
6.11899e-07
0.000170905
0.000204269
0
8.63185e-07
0
0
0
0
0
0.000186689
0
0
5.32888e-05
6.38528e-05
5.04091e-05
4.51654e-06
8.73811e-05
0
0.000839492
0
0.000325494
0.000713092
0.000270538
4.05109e-06
0
0.000120278
0.000919107
0
0.000323625
0.000587848
1.07521e-06
0.000662368
0.000269282
0
0
0.000932364
0
0
0.000966798
0.000504508
0
0.000915086
0
0
0.000527968
0
7.15997e-06
0.000151044
0
0.000360488
3.42135e-05
4.69647e-05
0
0
0
3.1164e-05
0.000412573
2.47439e-05
0.000112558
0
2.53976e-05
2.89092e-05
0
0.000224451
0
5.97331e-06
0.000291466
0
0
0.000485082
2.18347e-05
1.48954e-06
0
0.000978429
0.000104525
0
0.000408388
2.04943e-07
0
0.000797824
0
0
0
0.000606843
0
0.000114413
6.46788e-05
4.83306e-05
1.36728e-06
0
0.000296929
0.000410855
0.000456952
0
8.47136e-05
0.00111234
0
0
0.000211559
0.000358984
0
5.73151e-05
0.000838175
0.000283678
1.26101e-05
0
0
0
0.000234261
0
0.000739187
9.31552e-05
4.29782e-05
0.00111562
0.000106906
2.34117e-07
0
0
0.000429007
0.000252936
3.42103e-05
9.39144e-06
0.000383692
0.000174758
0.000153
0
0
2.9881e-05
0.000588311
0
0
0.000966852
1.68438e-05
0
0.000589875
0
0.000280998
0
0.000579127
0
0.000210107
2.66923e-05
7.80967e-05
0
3.71625e-05
0.000187659
0.000522308
0.000255702
0.000165081
0.000716916
0.000358538
0.000770276
0.000188649
0.000397909
0.000242049
1.39766e-05
0
0
0
0.000440943
6.89146e-05
0
6.09566e-05
0
0
0.000815841
0
0
0
0.000295891
0
0
7.44393e-06
0
0
0
0.000556133
0
0.00117209
0
0
0
6.31653e-07
5.78577e-05
0.000101345
0.000796586
3.41214e-08
2.23203e-06
0
0.000983728
0.000844926
0.000171483
0
4.75896e-06
0
0.000114386
5.27309e-05
0.000814265
0
0
3.3134e-06
9.42603e-07
0
0
0.000189054
0
0.000842863
0.000351732
0.000155681
0.000614476
0
0.000652928
0.000670024
0.00053928
2.4842e-05
0.000107729
0.000149013
0.000558836
0.000326622
3.09488e-05
0.000182343
0
0.000515491
0
7.50739e-06
0
0.000220846
0
0.000600611
4.21963e-05
0
0.000114248
4.93985e-05
1.77909e-06
0
0
6.35824e-05
0
0
7.30449e-05
0.000156063
0
0.000839276
0.000824963
8.84362e-05
7.06234e-06
8.59234e-07
0
0.000223306
0
2.12199e-08
0
0
0
1.20939e-05
0
0.000696954
0
9.09777e-07
0.00106324
7.0519e-05
0.000304634
0
0
6.77449e-05
0
3.10147e-05
0
0.00026228
0
0.000296104
0
0.000440025
0.000403737
0
0
4.16665e-05
4.34006e-05
0.000144578
0.000240698
0.000233499
0.000750248
0.000204857
0
1.28349e-05
0
0.000520565
0
0.000352081
0.000165274
0.000420376
0
3.44597e-05
0
0.000844709
0.000628212
0.000498239
1.29191e-05
0.000709056
0.00040369
0.000741211
0.000171337
0
0.000551358
0.000557142
0.000551196
0.0011651
0
0.000421617
0
0.00109871
0
0.000448875
0.00022495
0.000503644
0
0
7.45889e-07
0
0
0
0
0.000263782
7.48748e-05
1.06099e-06
0.000476797
0.000727008
0.000884898
0
0
5.38655e-06
2.68792e-05
0.000198278
0.000317062
0.000183208
0
6.13515e-05
0
0
0.000843295
9.15423e-07
0.000195148
0.000592642
0
0.000186658
3.08596e-05
2.01303e-07
0
0
0
0.000686784
3.39556e-06
1.36408e-07
0
0.000236296
0.000731774
6.33944e-05
0
0.000101658
0
0
8.03497e-05
0
1.09992e-05
0.000554035
0
0
0
0
0.00086757
0
0.000261362
0.00102984
0
0.000264098
0.000767215
0.000267184
0.000520759
3.17129e-05
2.98573e-06
0
0
0.000280849
0
0.000213128
0
0.000102733
1.64876e-05
0.000584609
0
0
0
0
0.00100972
0.000309444
0
0
7.63818e-06
7.90612e-05
0.00040059
0.000173119
0
0.000163637
0.00011871
0
0
0.000868945
0.000528072
0
0.000772777
0
5.92315e-05
0
0.000778476
0.000277277
0
0
0
1.18443e-05
0
0.000332603
0
0
0
0.000284995
0
8.15765e-05
0.00098541
0.000597446
0.00015409
8.67132e-05
0.000541684
0.0011313
0.000130212
0.000474142
0
0
0
0.00075451
2.05103e-06
6.03552e-05
5.62571e-05
2.26363e-07
0
0
0
5.03042e-05
0.000188395
0
3.48262e-05
9.51197e-05
0.000978142
0.000711015
0
6.06517e-06
0
0
0
0.000704771
0.000221359
6.14379e-05
0
8.21516e-05
0
0.0001011
0.000327182
0.000317425
0.00113268
0
0.000821659
0.0002749
5.16823e-07
0
0
7.57337e-08
0.000298862
0.00038799
0
0.000594332
0.00028319
0.000831432
0.000285286
4.32724e-05
0
0.000291034
0.00049331
0.000118556
0
0.000809111
2.706e-06
0.00046972
0.000964507
0.00100539
0
0.000595767
0
0.000460116
0.00012104
1.02091e-07
0
0
0
0.000139172
0.000453234
0.000748034
0
0
0
0.000533023
0.000237124
0.00035888
5.85089e-07
0.000916199
1.1844e-06
0.000220622
0.000803794
0.000452025
0
1.76576e-06
0.000666707
0
0.0003249
0.000228719
0.000347016
0.000855701
0.000508715
2.08931e-05
0.000463473
0.000260361
1.20606e-05
0.000635058
0
4.04748e-07
0
5.30814e-05
0.000161467
0.000111133
0.000121346
0.000907283
0.000883186
0
0.000285235
0.000321335
0.00015909
0.000353855
0
0.000284565
0.000328846
0
0.000137186
8.95024e-05
0
0
0.00102379
0.000494514
0.000590813
3.29793e-05
0.000735103
0.000267613
0.000767373
0
0.000638036
0.000788215
0.000684864
0
1.44543e-07
0.000509885
0.000508705
1.04892e-05
0
0.000174915
0.000274561
0.000601111
0
3.38999e-05
0
0.000339329
1.55391e-06
3.29674e-07
1.2039e-05
0.000817751
0.000985846
0.000554642
0
0
0.000947428
0.000652263
0.000384526
0.000348247
7.3829e-05
0
0.000788885
0.000340378
0
0
0.000579385
9.16835e-06
0
0.000470482
0.000308841
0.000529918
0.000911679
0
0
0
0
0.00017734
0.00104573
0.000420209
0.000949606
0
0.000427035
0.00105335
3.01602e-05
0.000258512
0.000275169
8.16784e-07
0.000129469
0
0
2.41963e-05
0
0
0
0
0
0
0
0
0
0
0.000410643
0.00055783
0.000146445
0.000781853
0
0
0.000471486
0
0.000387831
0.000264236
0
0.000113381
0
0.000905919
0
0
6.85632e-06
0.000292748
4.79579e-07
0
0.00121937
0
0
0
0.00055715
0.000310014
0.00025805
0.000699289
0.00106838
0
5.42739e-06
4.56315e-05
0
0.00108584
0
0
0.000531634
0.000469216
0
0
5.0298e-05
0
3.25793e-05
0.000243429
0
0.000268833
0.000204787
0
0.000301374
4.06335e-05
7.88544e-05
0.000816678
0
0
0
0.00111922
0
0
0
0
0.000227233
0
0
6.50628e-06
0
0
0
0
4.91323e-05
0
0.000183461
0.000676572
0.000204263
1.55076e-06
0
0
0.000541482
0
0.000732055
0
0
0.000216022
0
0.000218778
0.000519036
0
0.000477951
0.000159091
0.000841655
0.000183442
0.000597324
0.000122925
0.000168139
0.000177863
0
0.000248444
0
0.000548197
7.94123e-05
0.000330603
0
2.20446e-05
0.000812987
1.29506e-06
0
0.000190548
0.000297803
0.000281739
0.0002278
0
0.000161197
0
0.00104918
0
0.000795779
0.000533996
0
0.000273755
0
0.000730106
0
0.000277674
0.000252076
0.000699045
0
0
0.000193892
5.88321e-05
0.000574401
0.000418273
0
0
0.000521093
0.000130925
0.000894853
4.88619e-06
0.000121433
0
6.98911e-05
0
0
0.000310151
2.85971e-05
0
0
0
0.00047361
0.000698177
9.53007e-06
0
0
0.000456411
0
0.00107911
0
0
0.000436785
0.000133372
0.000455257
0.00072699
0
6.05681e-06
0.000238895
0
0.000875707
9.26549e-05
0.000493283
0
2.84555e-05
0
0
0.000963512
2.87744e-07
0
0.000823472
0
0.000110113
0
0
0.00063486
0
0
0
0.000547867
2.69069e-05
0
0.0009228
0.00100568
0
0
0.00101538
0.0010035
0.000379855
0
0.000125922
0.000542597
0.000735394
7.13306e-05
0.000601318
0.000388796
0.000290377
0.000819396
3.7481e-07
0.00032374
0.00100083
0
0
8.62749e-05
0.00085619
0.000199706
8.52064e-05
8.53066e-05
0
9.48041e-05
0
0.000473042
5.18367e-05
0
0.000254633
0
2.48192e-05
4.59576e-07
0.000658967
0.000905582
1.44367e-05
0
0
0.000744702
1.19229e-05
0
0.000282697
0.000180219
0.000113813
0.000820783
0
0
0
0.000341963
5.85928e-05
0.00103191
0.000485011
0.000100941
0
0
0
0.00033107
0.000881875
0.000727495
0
0
0
0
0.000350148
0
0.000137385
3.32395e-05
0.000269878
3.12734e-06
6.07812e-05
0.000654781
0.000393325
4.46694e-05
0
0.000660963
0
0.000322845
0
0
3.68551e-07
0
7.59376e-05
0.000549082
0.000171567
0
0.000878813
0
0.000707209
0.000174664
0.000424776
0
0.000275746
0.000189906
0.000426905
8.94875e-05
0
0
0
0
0
1.76117e-06
3.55618e-06
0
0.000680976
0
7.08264e-05
0.00084349
0
1.84249e-07
4.39481e-05
0.000570618
0
0.000820694
0
2.39548e-07
0
0.000121628
0
8.54804e-05
1.36108e-05
0.000106531
0.000762378
0.000444598
0.000642931
0
2.56366e-05
1.46151e-05
0.000241995
0.000359953
0
0.000599184
0
0.000896594
0.000447952
2.55452e-05
0
0
0.000579259
0.000122131
0
0
2.38703e-05
0
0.000758362
6.20616e-07
0
0.000201001
0.000299587
0.000333626
0
0
0.000383256
0
0.000472144
0
8.2523e-08
0.000138418
0.000373634
0.00104217
0.000128314
0
1.49512e-07
0.000116589
0.000198439
0
0
0
0
0
0
0
0
0.000345987
3.54819e-06
0.000276658
0.000747776
0.000943272
0
0
0
0.000811728
3.26051e-06
0
0.000780468
4.95457e-05
9.62105e-05
0.000220188
0.000139386
0.000449441
0
0
0.000135884
0.000989182
0.000251649
7.53291e-06
0
7.32113e-06
0.000853459
0
6.52124e-05
0
0
8.51343e-05
0.000200238
6.96908e-05
4.40302e-08
3.34026e-06
0
0
0.000299327
0
0.000128974
0.000598478
0.000596213
0.000657495
0
0
0
0.000162812
0.00113121
0.000383048
0
0
7.06404e-05
0
0.000254269
1.10411e-05
6.23224e-07
0.000815514
0
0.000123534
0
0
0
0.000596311
0.000183351
0
0
0.000240506
0.000294682
0
0
0.00100894
0.00114731
0
1.06286e-05
0.00024335
0.000833439
0
4.62524e-05
0.000701684
0
8.78876e-08
0
0.000479215
0
3.49967e-05
0.000234995
0.000258573
5.42591e-05
0
0
0
0.000243935
0
4.97221e-06
0
0
0
5.83229e-05
0
0
0.000353721
0
0.000382575
0.000355806
7.26982e-05
0.000193937
0.000375514
0.00065498
5.37224e-08
0.000810444
0.000588745
0.00105994
0.000303263
0.000417467
0
7.42988e-07
0.000336645
0
0.000675539
0
0.000110438
0
0.000514521
0
0.00106354
5.08832e-06
0.00039674
0
0.000312692
0.000641265
0.000136918
8.57101e-07
0.000838445
0.000276015
3.60609e-07
0
0
0.000593665
0
4.06133e-07
0
0.00027786
0.000550732
0.000219996
0.00095424
0.000102695
0.00019849
0
0.000188298
0
0.000227701
0.000633104
0.000101088
0.000433529
0
0
0
0
2.0001e-05
0.000596248
0.000932302
0.000128775
0
0.000104366
3.90817e-05
0
2.01004e-05
0.000116951
0.000453486
0.000218044
0
0.000344172
0.000937756
0.000414756
0.000284376
5.44611e-05
1.09321e-06
0
0.00120299
0
0
0
0
0.000116846
0
0
0.000139161
1.46846e-07
0
0
0.000942051
0.00015741
0
3.64859e-05
0.000585484
0.000812454
0.000987345
0.00051827
0.00043501
0
0
5.84724e-05
0
5.40762e-07
0.000101523
0
0
0.000866217
0
0.000703008
0.000349078
0
0.000168669
4.59878e-07
4.64658e-06
0
0.000288332
8.53057e-05
3.59287e-05
0.000523082
0
0.000171484
0.000887987
0.000284676
0.000787329
0
0.000554049
0.00115512
0.00051946
0.000549116
0.000455102
0.000433172
0
0.000799656
6.18682e-07
0.000482066
0
0
0.000479926
0
0
0.000851859
1.20708e-06
0.000966382
0
0
0
0.000362236
0.000109625
0.000407064
1.22966e-05
0.000686459
0.000221202
0.00092521
0.000484979
0.000697929
1.01141e-05
3.96441e-05
0.000623225
0.000243994
0.000776272
0
0
0
0.000538202
0
3.05413e-05
0
0.000357052
0.000463116
0.0005194
3.92008e-06
0
0
0.00105512
0.000472012
0.000352195
0.000802122
0.000198163
0.000479722
1.63718e-05
3.11721e-05
0
0.00112834
0.000222153
1.72105e-05
0.000580394
0.000260965
0.000662778
0
0
0.000660757
7.42027e-05
0.000652462
0.000123384
4.76407e-08
5.65324e-05
0.000545548
0
0.0005154
0.000444788
0
4.53678e-05
0.000304409
0.000213405
0.000862687
0
0.00106957
0.000302701
0.00112793
0
0
0
6.05848e-05
0
0.000143625
0.000416873
0
0.00072417
0.000128032
0.000781148
0.00018879
1.56478e-07
0.000100227
0.000168753
8.97867e-06
0.000439943
0
5.87625e-07
0
0.000112198
0
0
0
0
0
0.000169714
0.000117911
5.97904e-08
0
0.000159819
0.000558175
3.77585e-05
0
0
0.000644452
0.000213529
0.000158439
0.000122812
2.9247e-06
0
0
0
0.000152384
0.000135038
0
0
0.000168254
0.000104939
0.000228917
3.57483e-05
6.18076e-05
0.00013485
0
0
0
0
0.000548789
0
1.88308e-06
0
0.000259849
0
0.000825971
0.00021653
1.94248e-07
0
0.0006599
0.00103916
0.000221074
0.000717794
0.000154009
3.33467e-05
0.000474062
0
0.000214797
0
0
0
0.000217681
0
0
0.000219788
0
0.000205823
0
0.000773696
0.000769582
0.00018043
0
5.16456e-08
0
0.000693176
0
0
0.000761405
0
0
0.000315663
0
0.000688183
0.000793873
0.000145138
0
6.67457e-07
0
0
0
0
0
0.000598424
0
0
1.34676e-06
0.00100274
0
0.000316945
0.000804104
8.13417e-05
0
0
0.000645211
0
0
2.68909e-06
0
0.000918957
0.000743073
0.000322976
1.0092e-05
7.24381e-06
0
0.00048314
3.64888e-07
0.00043363
0.000795954
6.80372e-05
0.000116025
0
0
9.76042e-05
0.000731693
0
0.00037783
0.000843068
0
4.07628e-06
7.43964e-07
0
0
0
0.000170179
4.76072e-05
0
0.000644146
0
0.000578086
6.51151e-05
0.000521205
0
0
1.06532e-07
3.01766e-05
3.9948e-06
1.54585e-06
6.83198e-05
0.000179416
1.15957e-05
0.000543419
0.0002784
4.09833e-07
9.77488e-05
6.23552e-05
1.03802e-06
0
0.000161801
1.19928e-06
0.00023707
0
0.000116817
0.000671094
0.000149598
2.14805e-05
0
0.000321356
0.000610064
0.000746247
0
0.000100391
0
0.000455535
5.41034e-06
0
0
0.000760404
0
0
0.00028808
0.000943036
0
0
5.26394e-05
8.07478e-05
0.000864484
2.9822e-07
0.000205415
0.000918202
0.000942264
0
0.000840817
1.02007e-06
0
0
7.93552e-05
0.000347357
0
4.18114e-05
4.73658e-05
0.000116689
0
0
0.000201572
0.000139516
0.000179519
0.000134692
1.87352e-06
0.00027516
0.00053429
0.000268372
0
0.000748213
1.8136e-06
0.000347837
0.000855862
0
0
0.000214901
0.000350299
0.000832012
0.000794613
0.000502427
0.000225938
0
0.000252536
0.000104841
8.9095e-06
0.000682549
0.000438738
0
0.000290063
0.000142958
0.000634029
2.25923e-07
0.000833037
0.000945536
0
0.000615132
0.000172845
0.000281553
0.00104644
5.44303e-05
1.82678e-05
0
0
0
0.000408596
0
3.75004e-05
0.000770301
0.000360027
0.000381137
0
0.000778011
0
0.000836301
0.00013772
0
0.000116469
0
0.000396612
0.000566956
0.000317863
0
2.73779e-05
8.12479e-08
0
0.000260752
0
3.22029e-05
0.000916025
0.000394379
0.000309126
0.000508225
0.000185625
7.80682e-07
0.000659334
0.000488693
0
0
6.1843e-07
1.30256e-05
5.08683e-06
0
7.4696e-08
0
0
0.00116147
0
0
0
0.000718102
0
0.000700704
0.000610714
0.000645415
0
0
0
7.43205e-05
0
0.000214116
0.000322866
0
2.45868e-07
0.000289435
0.00085578
0
0.000190025
0
0.00111477
8.49285e-07
0.000108008
0
0.000599303
0.00107868
0
0.00013007
0
0.000720154
9.24376e-05
0.000285239
2.43081e-07
0.000617302
5.62747e-05
7.46713e-05
0
0.00046385
0.000528878
0
0.00028711
0
0
0.000897299
0.000627612
0.000214946
1.36073e-05
0
0
0
0.000118599
0.000173737
0
0
0
0.000744329
0.000222567
0
0
0
0
1.1982e-05
0
0
7.69204e-06
0
0
0.000296659
0
0
0
1.72784e-07
0
0
6.61286e-06
0.000727699
0
0.00062558
0
0.000303061
0.000722505
0.000232299
0.00046511
0
0.000177964
0.000514045
0
0.000560248
0
0.000206529
0.000127971
0.000908599
0.000303316
4.58568e-05
0.00022249
0
0.000800926
0
0.000234228
0
0.0001363
0.000645225
0
0.000209028
0
0.000413336
4.78545e-05
0
0.000503831
0
0.000629993
0
0
0
0
0.000293929
0.000374039
0.000141647
0
0.00028127
0
0.000140232
1.13676e-07
0
0.000493936
0
0.000150915
0.000116512
0.000555601
1.66108e-06
0.000335433
0
0
7.22521e-06
0
0
5.08755e-05
0.000730717
0
0
0
0.000592779
0.000420877
2.25372e-07
0
0
0.000172031
0.000922662
2.32862e-07
0.000588403
0
0
0.0008344
0.000838847
0.000539522
1.50208e-07
0.000926623
0.00104798
1.0346e-05
0.000306534
0.00083922
0.000190892
0.000855525
5.68735e-07
0
2.30849e-05
0.000842919
0
0
0
8.80555e-09
0
0.000161541
0
0
0
0
0
8.429e-07
0.000210218
0.00026013
0.000229477
0
0.000308326
0.000493902
2.88575e-05
0
0.000717253
0.000571548
0
0
0.000473201
0
0.000761951
0
0.000422662
0.000294754
0
0
0
0.000178514
0.000103956
1.43903e-06
0
0
0
3.16725e-05
0
0
0.000170033
0
0.000139075
0
0
0
4.62277e-05
0.000203807
0.000161937
0
0.000330307
4.49748e-07
0.000183898
4.07105e-05
0.000237949
0.000626178
0.00017603
9.56979e-05
0.000772982
0.00066477
0.000631424
0.000267247
0.000295501
0.000671836
0.000798634
0.000561336
0.000954606
0.00068227
0.00101332
0.00038417
0.000140118
0.000167326
0.000445867
0.000522856
0
0.000567199
5.47985e-06
0
3.88576e-05
0.00116527
0.000950354
0
0.000348486
1.96965e-05
1.06797e-05
4.59245e-06
0.000176313
0
0
0.000834499
0
0.000441222
0.00038352
0
0
0.000738013
0
0.000666254
0.000160414
0
0
0
0.000240746
0.000481003
0.000337089
0.000632226
1.50884e-05
0
0.000131271
0
0
0.000315924
0.000180303
0.000197382
0
0
0
0.000329789
7.06407e-05
0.000131948
0.000828645
2.06234e-06
0
0.000985236
0.000249913
0.000737301
0
0.00121918
0
1.42044e-05
0.000859157
8.90673e-05
0.000543031
0.000300912
0.000938431
0.000657675
5.42994e-07
0
0
0.000724768
8.2329e-07
0
0.000236086
0.000252633
0
0.000501683
0
0.000768884
0.000250605
1.66222e-05
0
0
2.08264e-06
0
0.000546504
0.000341732
0
3.08871e-05
0.000300932
0
0
0.000203717
0
0
0.000107618
0.000601063
4.90254e-05
8.13096e-05
0.000505802
0
0
0.000119761
0.000585632
0.000408247
0
0.00011467
7.09468e-07
6.0631e-05
0
0.000151481
0.000531519
0
0.000273661
0
0
0
0.0005107
2.59231e-05
1.03842e-05
7.6441e-05
0.000278255
0.000476291
0
0.000370589
8.84751e-05
1.38731e-05
0.000376178
5.2835e-05
0
0
9.81333e-05
0.000961408
0
0
3.62102e-07
0.000543754
0
3.04471e-06
0
4.97531e-06
1.49363e-05
3.26259e-08
0.000571228
0.000874216
0
0
0
0.00046696
3.89874e-05
0.000767735
0
0.000412433
0.000829143
1.31418e-07
2.28729e-05
0
0.000117128
1.2504e-06
0.000538971
0.000502186
6.18591e-05
0
7.45007e-06
4.94802e-05
0.000308313
0
0.000828604
0
3.2971e-05
0.000400386
0
2.00741e-07
0
0.000757285
0.00088481
0.000228745
0.00030183
0.000602841
0.000276039
0.000407557
0
0
0
3.19135e-05
0.000258951
0
7.73069e-05
0
4.92345e-05
4.79203e-05
0
0.000983016
1.27482e-05
0
2.95556e-08
4.487e-06
0
0
0.000721566
0.00100462
0.000657812
0
2.95587e-07
0.000433261
0.000102309
0.000397426
0
0
0.000575411
0
0
0.000425343
0.000991376
0.000345891
0.0001027
0
0.000957894
0
0.000581634
0
0
0.000687025
0
0.000634581
6.5879e-07
0.000609912
0
0
0
0
0
0
0
0.000683571
0.000378025
0
0.000147297
0
0.000377506
0.00093955
0.000820798
0.00048017
0
0
0
7.76989e-05
0.000380998
0.000566935
2.18674e-07
0
0
0.00110858
0.000535758
0.000158799
0.000303958
0.000457881
0
0.000104654
0
3.19159e-05
0.000538045
0.00022064
0.000321994
0
0
0.00107523
0
0
0
0.000233868
0
0
0
3.32696e-05
0
2.79204e-06
0.000643998
0.000251265
1.42906e-07
0.000257851
3.46246e-05
5.46226e-05
4.14576e-05
2.40745e-06
7.0987e-07
6.81268e-08
9.37711e-05
1.46616e-06
0.000383654
0
0.000431924
0
0.000383138
0
0
4.19055e-05
0.000338904
0.000648242
0
0.000651867
0
0
0
0.000172263
0.000532385
0.000197971
0.000904347
0
1.09621e-06
0.000515224
3.39772e-05
0.000160733
0
5.91058e-05
5.70088e-06
1.8981e-05
1.65082e-06
0
0.000698046
0
0
0.000575841
3.00833e-05
9.58533e-05
0
3.09646e-07
0
0.000124853
0.000869492
0
0
0
0.00106354
0
0
0.00098298
0
0
0.000423419
0
0.000302182
0.000747219
0
2.80471e-07
0
3.65422e-05
0
0.000836363
0
0
0
0
0.000573706
0.00110197
0.000558243
0
0.000428852
0.000684684
0.000445497
0
4.87446e-05
0
0.000350354
9.49525e-05
0
0.000362663
1.20694e-05
0.000425349
0.000479216
1.0008e-05
0.000667805
0
0.0010955
0
0.000186451
1.95972e-07
0
0.000894534
0.000747284
0.000665964
0
0.00065639
0.000486777
0.00030711
0.00086009
0.0006553
1.14435e-05
0
0.000814603
1.26894e-06
3.24807e-06
0.000771491
7.56561e-05
0
0.000669016
0
0.00085688
0.000248868
0
0.000470622
4.42953e-07
0
0.000810968
0
0
0.000170719
0.000998536
6.2856e-06
0.000530063
5.95729e-05
0
0
0
0.000140216
0.000532653
0
0.000339122
0
0.000476168
0
0.000727147
0.000518438
0
0.000287332
0.000633299
0
0
0
0.000173967
8.02533e-05
0.000720188
0.000350589
2.00515e-06
1.90751e-05
0.000730557
0
0.000381013
0
0
0.000348363
0
0.000449258
0.000447944
0
0.000147028
6.59254e-05
0.000756173
3.73115e-05
0
0
0
7.71842e-06
0.000659674
0.000468101
2.35157e-07
0.000281329
1.21068e-05
1.23091e-06
0
6.2997e-07
0
0
0
0
2.13066e-08
0.000991519
0
0
8.28974e-05
4.44095e-06
9.13851e-05
0.00046549
0.000577802
0
0.000185463
0.000356418
0
0.000400521
0.000228354
0.000134214
0
0
0
7.98023e-06
0.000416861
0
0.000918754
0.000288059
0
0
0.000224253
0.000801465
0.000945741
0.000336938
0
0.000917176
0
0
0
0.000845273
0
0.000476087
3.28621e-06
0.000161354
0
9.081e-05
0.000304396
3.46265e-08
6.91885e-05
0.00061058
0
8.08033e-07
0
0
0
0.000756915
5.52367e-06
0
0
0.000732454
0
0.000683532
0
0.00022184
0
0.000342097
0
0
2.35458e-07
1.25278e-05
0.000365337
0.00101656
0.000678115
0.000113779
2.35677e-05
1.39571e-05
0
0
0
8.13799e-06
0
0
0
0.000408971
0.000672607
0.000225343
0.00103185
0.000328551
0
0
0.000480434
0.000470372
0.000340516
3.63229e-05
0.000455795
0.000335199
0.00111508
0
0.000527546
4.7842e-07
0.000343557
0.000637479
5.76696e-08
4.01609e-06
0.000312823
8.97099e-05
5.04395e-05
0
0
6.22753e-05
0.000173331
4.62704e-06
0.000380557
3.87558e-06
0.000401458
0
6.87664e-07
8.73245e-06
0.000103048
0
0.000630349
0.000470572
0.000291431
0.000622314
0
0
0.000182477
0
0.000635669
0.000158618
1.18576e-06
0.000463752
0
0
4.71472e-06
0.000519294
0.000317879
0
0
0
3.01579e-06
0
0
0.000312045
5.6319e-05
0.00112015
0.000171061
0.000159714
0.000450042
0.000135112
0.000778088
0.000986251
0.000663825
0.00104477
0.000702573
4.89978e-06
0
0.00104664
0
0.00112049
5.44535e-05
0
0.000114967
0
0
0.000114996
0.000868548
4.56591e-06
0.000618857
0.000143037
0
0.000461159
1.73119e-07
0
0
0.000950035
0.00105408
0.000350628
0.000689568
0.000679184
0
0.000135477
0.000119393
1.18091e-05
0.000113863
5.21968e-05
5.64755e-07
0
0
1.52944e-05
9.27485e-05
1.26842e-06
0
0.000377892
2.20316e-08
0.000102313
0.000761397
5.84014e-05
0
0.00110124
0.000783338
0.000679046
0.00017508
0.000345944
3.73013e-05
0
0
0.000472978
2.55129e-06
0.000604196
3.24938e-06
2.93915e-05
3.99845e-05
0.000688727
0
0.000162882
0.000391587
0.000270855
0
0
0
0
0.000629619
3.17343e-06
0.00047315
0
0.000284996
7.08548e-05
0.000208152
0
0.000524916
0
3.19777e-05
0
0.000333464
0
0.000607719
3.76395e-06
3.43887e-05
0
0.000413423
0.00010961
0
0
0
0.00037803
0
0
5.51092e-05
1.31509e-07
0.000604104
0.000246906
0.000532692
0.000134454
0.000380132
6.7953e-06
0.000386808
0
9.20134e-05
0.00114056
0
0.000329819
0
3.61772e-06
0
0.000886954
4.22685e-06
4.30891e-05
0.000154838
0.000191329
0
1.79251e-05
0.00123638
0.000964785
2.94139e-05
0.00102423
0.000327876
0.000262711
7.69474e-07
8.95065e-05
0
0.000985049
0.000647743
0.000835308
0.000197875
0.000928948
0
0
0
0.0006144
0.000632851
0
1.35259e-05
0
4.61181e-05
0.000568966
0
0
1.7204e-05
0
0.000458955
0
3.25158e-07
0
0.00071763
0.000170041
0
1.36871e-05
0.000168706
0.000213904
0.000430606
0.00049166
0
0
0.000119324
0.000367841
0
2.31128e-06
3.83591e-06
6.01431e-06
0.000162076
0.000249319
1.60991e-05
0.000206403
0
6.53694e-07
0.000633864
4.75733e-07
0
0.000368618
0.000162898
0.000614657
0.000503055
0.000826745
9.31718e-07
0
2.47225e-06
0
0
0.000447967
5.31881e-06
0.000133918
0.000310458
0.000163224
0.000130403
0
0
6.09201e-07
0.000429646
0.000204639
7.68731e-05
6.68959e-05
6.28214e-06
0.000571906
0
0.00104132
0.000870961
0
0.000347699
0.000694397
0.00084206
0.00109909
0.000587721
0
0
0.000947492
2.73852e-05
0
0
5.4754e-05
0
0
0.000515933
0.000497349
0.000920252
0
9.3765e-05
0.000463763
0.000647237
7.19272e-07
0.00017125
1.31205e-06
0.00120523
9.99733e-05
0
0
4.50683e-07
0.000364768
0.00109323
0.000463888
0
4.80684e-05
0
0.000447052
0.000269039
0.000222238
0
3.63777e-05
1.66105e-05
0.000269772
0
2.20963e-05
0.000896409
0
0
0
0.000110506
0
8.48379e-05
3.89328e-05
0.000264231
0
0
0
3.89299e-05
0
0
0.000869575
1.86958e-05
0.000474182
2.61102e-06
0
0.000133628
1.18262e-07
0
0.000654504
0.000170933
0.000447917
0.000366198
0
4.23509e-05
0
5.92621e-08
0.000239774
0
0.000553554
0.000709747
0
7.41958e-05
0
0
0.000629154
4.82676e-07
0.000428532
0
0.00026807
1.29522e-05
0.000595547
0.0010778
0.000118052
2.44899e-05
0.000187991
0.000615593
9.31468e-07
6.83243e-05
0
0
0.000266184
0.000107326
0.000646119
0
2.89583e-07
0.000132011
0.000355733
5.58978e-07
0
0
0
0.000374913
0.000379317
0
0
0.000154319
0
4.32745e-05
0.000205293
2.03088e-06
0.000720384
0
0.000600953
3.18791e-05
0.000629961
0.000688673
0.000958319
0
0
0
3.83915e-05
0
0.000733265
0.000219422
0.000943008
0
1.34276e-05
3.22927e-05
0
0
0
2.61901e-06
0.000830746
0.000338676
0
0.000191342
0
1.99317e-05
0
4.52631e-05
0
0.000122777
0
1.78991e-05
0.00106686
0.000367723
0
0.000190585
0
0.000923014
0.000446945
0
7.23614e-07
0.000836375
0
0
0.000531528
3.98339e-05
0
0
0
0.000210537
0.00111242
0.000590714
0.000558739
8.92528e-05
1.06151e-06
0.000690732
0.000477662
0
2.31153e-08
0.000773304
0
0.000234169
0
0
0.000380225
0.000164577
0.000459478
0
0.000962565
0.000180614
0
0
0.000484605
0.000292145
0.000682479
0
0.000593684
4.36245e-06
0.000984972
0.000307757
3.49088e-06
6.51732e-05
0
0.000168099
0.000812289
0.000237952
0
0
0
0
0.000113153
0
0
0.00046378
3.481e-07
5.20374e-05
0.000197216
0.00107048
2.5135e-05
1.31572e-06
0.000840013
8.52928e-05
0.000386206
0
0
0.000374345
0.000473157
0.0009479
0
0
0.00079832
0.00043567
0.000548056
0.000878413
0.000490046
0
7.27469e-05
0.00022501
6.32507e-08
0.000263926
0
0.00077427
0
0.000849662
0
1.96983e-07
0.000357419
2.96146e-05
0.000407028
0.000274736
4.71524e-06
0
0.000501808
9.41736e-06
0.000783472
0
0.000527466
0
4.19883e-05
0
8.22278e-05
0
0.000266672
7.04505e-08
0.000695241
8.45866e-05
0.000313692
0.000189178
0.000702265
0
0.000283635
0
8.71472e-05
4.91281e-05
0.000331735
0.000549036
2.63795e-06
0
0.000101793
9.66513e-05
0
0
0
0
0
0
0
0.000135823
0.00085306
0
4.91433e-08
0.000770525
0.000968977
0.000669744
0.00102464
0
0
0.000147324
0.000443433
0.00037778
0.000239083
0.000230478
0.000188529
0.000846496
0.000175874
0.000142399
0
6.72662e-08
0
0
0.000134124
0.000175057
0.000426259
0
1.34262e-06
0
0
0
0.0003224
0.000316354
0.000841181
0
0
0.000633984
0
0.00120913
0.000634729
0
0.00108259
0
0
9.03986e-05
0.000540272
6.21882e-05
4.16477e-05
0.000227689
0.000200985
2.58069e-05
0.00037646
4.92897e-05
0
3.03118e-05
0
0
0.000241592
0.000463375
0.000373333
0.000953105
3.07863e-05
0.000423515
0.000107109
0.00078211
0.00016706
0
0.000736939
0.000861184
0.000282545
0.000510687
0
0.000955305
0
0.000636685
0
1.47619e-06
7.08996e-05
0.0001796
3.24324e-05
0.000350256
0
0.00112275
2.81768e-07
3.35133e-06
0
0
0
0
0.000561041
0.000537102
0.000223175
0
0
8.41577e-05
0
8.13165e-05
0
0.000676278
0
0.000140658
1.27155e-05
0.000850198
1.02789e-07
5.06894e-07
0.000527653
7.25127e-05
0.00103357
6.35197e-05
0
0.00033259
0.000767033
2.65341e-06
0
0.000471485
0
0.000725807
0
0
0
0
0.000775814
0
0.000955545
0
0
0.000197936
0
0.000563292
7.99552e-06
0
5.89909e-06
0.000216842
2.76589e-06
0
6.09921e-05
0.000385429
0.000407397
0.000151447
0
0
0.000512397
0
0.000249691
0.000931893
6.54821e-06
0
0
0
0
0.00100908
0
1.35163e-05
0.000727267
4.0234e-07
0.000811952
0
0.000757302
0.000184387
0.000908636
0.000461641
0.000116501
4.3132e-06
5.49465e-05
0.000509417
0.000676356
0
2.7874e-05
0
0
1.28329e-06
0.0002889
0.000125931
4.34839e-08
0
0.00059981
0.000558573
1.26708e-06
0
0.000739864
0
0.000361574
0.000538178
0.000208043
8.36835e-05
3.41415e-06
0
0.000543418
2.4725e-07
0.000289581
3.32562e-05
0
0.000665525
0.000254183
0.000436541
8.27532e-06
0
0.000417997
2.83284e-07
0.00103375
0
4.68778e-05
0.000289997
0
0
0.000391503
0
6.1828e-05
0.000591561
0.000581441
1.83665e-05
0
0.00012953
0.000683634
0.000348277
0
0.000680857
0
0.000823439
0.000655864
9.10395e-07
0.000116949
0
0
0
0
0
0.000967809
2.54804e-06
0.000217249
0
0.00071389
0.000200622
3.51937e-05
0.000223061
1.11316e-07
0
0.000227644
0
0.000266353
0
0.000462668
0
5.52669e-07
0.000102696
0
0
0
0
0.000103855
0.000146451
0
0
0
0.000868978
0.000978738
0.000204704
0
0
0.00100146
0
0
0.00011074
0.000449969
0.000712158
0.000973015
0.000625571
0
2.07211e-05
0.00103534
0.000907878
0
0
4.591e-05
0.000476258
0
0
0.00108377
0
0
3.7379e-07
0.000407665
0.000629835
0
0
0.000791202
6.37483e-05
0
0.000154425
1.85083e-06
2.98728e-07
0.000260505
0
0.000196125
0
0.000156087
3.7991e-08
7.3018e-05
3.86039e-05
0.000150284
0.000268629
0
5.45181e-05
0
0
0
0.000286173
2.5966e-05
2.75852e-05
0.000118223
3.00719e-07
0.000118724
8.9413e-05
1.40112e-05
0
0
2.56422e-05
0.000948108
0.00015773
0
0.000433585
0
0
0
0
0
0
0
0
0
0
0
0
0.000685397
9.43853e-05
8.87745e-05
0
0
0
0.000427301
1.1233e-06
0
0.000151608
0.000619782
0.000523804
3.58023e-07
7.02124e-05
0
0.000947733
5.5333e-07
0
0.000263231
0
0.000143417
0.000320511
3.87147e-05
0.000351996
0.000129267
0
0.00010693
0.000429635
0
0.000907702
0.000880675
0
0
0.000172856
0.000643873
0.000751515
3.58075e-06
0
0.000858174
4.89096e-05
0
0
0.000348182
0.00040537
0.000153736
0.000135546
1.4877e-05
0.000159522
5.45685e-05
3.28609e-07
0
0.000457201
0
3.05092e-05
0.000307566
0
0.000573264
0
0.00101202
0
0.00012998
0.000127685
0.000485439
0
0
0.000459974
0
0
0.000989758
0.000330445
3.29256e-05
0
0.000487231
0.000503813
1.34962e-07
0
0.000106489
0
2.47628e-05
6.7261e-05
0.00103334
0
0.000394495
0
5.97146e-05
0
1.68498e-05
1.96764e-05
0
0.000210165
0
0
0
9.43707e-05
0.00085233
0.000243811
0.000109701
0.000625861
0.000809383
0.000126382
0.000612003
1.41907e-05
0.000484773
0.000286443
0.000460974
0.000129528
0.000295063
0
0.000203941
0
0
0
0.00027704
1.80451e-05
0.000905022
2.24014e-07
0
0.000436811
1.41782e-07
0.000384217
0
0
0.000235687
1.78561e-07
0.000357462
0.000305161
3.82035e-06
0
0.000787465
0
0
1.24606e-05
1.61561e-05
0.000474566
0.000275846
0.000141336
2.2223e-07
0.000145605
0.000292252
0
0
0.000942731
0
1.64049e-07
0.000605058
0
0
0
2.98243e-05
4.02811e-05
0.000603084
3.19131e-05
0.00045039
0.00111573
0.000126367
0.000392067
0.00110746
0.000363707
0
0
0
0.000609688
1.27047e-07
8.78777e-06
0
0
4.32092e-05
0.000171218
0.000475938
0
0
0.000717204
0
0
0.000323041
3.37229e-05
1.90799e-07
0
0
0.000272659
8.15919e-05
0.000132108
0
0.000982408
0
0.000912561
0
0
0.000982266
7.03874e-05
0
0.000120143
0.00088161
5.29341e-06
0.000601036
0.000623749
1.93304e-07
0
0.000788817
3.30043e-05
1.04447e-06
0
0.000658904
0
0.000771575
3.03609e-05
0
0.00045693
0.00044934
0
0.000276634
5.84638e-07
0
8.49857e-07
0
1.1832e-06
1.15584e-06
0
0
0
0
9.76466e-05
1.0436e-07
7.91823e-05
0
0.000184144
0.00025161
0.000621713
0.000708416
0.000130008
0.000537805
0.000904913
0
0
7.91206e-06
9.13153e-05
0
0
0.00043949
0
0
0
3.86894e-07
0.000479272
0
0.000754399
4.10076e-05
0
0
0.000356688
1.12059e-06
2.12583e-05
0.000293166
0.000286221
0.00102324
0
0
8.0786e-05
0
0.000111146
0
0.000521856
0
0.000555643
0
0.000110997
3.69872e-05
0
0.000987908
0
0.000422305
0.000928451
0.000288882
0
0
0.000458399
0
0
5.26639e-06
0
0
0.000223425
0.000318692
0
0.000329601
1.21815e-05
0.000530207
0.000344401
0.000412829
1.75157e-05
0
0
0.000539264
0.000198488
0
9.76197e-06
0
0
4.15249e-05
0.000281918
0
0.000187525
0.000603541
0.000348136
0
0.00107953
0.000776773
0.000151908
0
2.84484e-06
0.000179886
3.03182e-05
0
0.00049352
0.000167196
2.80665e-06
0
0.000302552
0
0.000886474
0.00105845
0.000115097
0.000463708
0
0
0
0
0.000351565
0.000295135
0
0
0.000421326
0.000186734
0
0
0.00026637
0
0
1.28876e-06
0
4.87492e-05
3.05931e-05
0.00104871
0.000100034
0.000126055
8.45291e-05
0.00052466
0
0
0
0
0.000213491
0.00014673
0.000353368
0
0.000768945
0
0.000635134
0
0
0.000779166
7.25254e-06
0.00033961
0
0
0.000194024
0
0.000147342
0.00109647
2.94583e-07
0.00030137
3.07335e-06
0
0.000243539
0.000217652
0
5.99306e-05
0
9.56636e-07
9.73384e-05
0.0011697
0
1.49404e-06
0
0
0.000338048
0
0
0.000636169
4.76828e-05
3.38293e-05
0
0.00043801
0.000235791
1.18866e-05
0
1.70166e-07
7.26808e-05
0
0.000737326
0.000209949
0.000314246
4.102e-06
0
0
7.62448e-08
1.91401e-06
0.000437335
0.00015936
0.000627077
0
0.000111736
1.03212e-07
7.61264e-05
0.000454828
0.00110885
0.000424848
0
0
0
0.000215371
0.000637864
4.88148e-06
0.00016863
0.000313183
0
9.52769e-06
0
0
0
0
6.47437e-05
0
0
0
4.2772e-05
4.65785e-05
0.000714534
0
0
0
0.000125434
0
0.000534915
2.92835e-06
0
0.000439758
0
0.00021982
0.00062781
0
0.00110119
0.000850723
0
3.41901e-05
0
1.09344e-05
0
0.000292414
0.000181452
0
1.65824e-06
0.000624724
0
0.000394404
0
0
0
0
0
0.000103363
0.000304937
0
0
0
0.000386335
0
0
0.000415644
0
0
0.000688317
0.000321957
0.000395381
0.000478045
0
0
0
0
0.000750732
0
0.000113398
0.000523052
0
5.12391e-05
7.889e-05
0
0.00080199
0.000158999
0.000877779
1.32009e-07
0
1.55178e-06
0.000718726
0
0.000148973
0.000408808
0
0
0.000203013
0
0
2.28038e-05
6.87068e-05
0
0.000724757
0
0
0.000408611
0
0
0
0.000116025
9.2793e-07
9.50381e-06
0
7.27068e-07
0
0
0.000111777
0.000460777
0
0.00101692
0.000170543
0.000115786
4.69133e-05
0.000633157
0
0.000805941
0.000503039
0
0
0.000497477
0.00020738
0
1.83842e-07
0
8.14774e-07
2.0696e-06
0.000372761
0.000453724
0.000336751
0
0
0.000519991
0.000102318
0
0
0
0.000719031
9.4795e-05
0.000143593
0.00039654
0
0.000844443
0.000399812
0
0
0.0010096
0
0
0.00108874
0.00063104
1.9337e-07
0
1.52863e-06
0.000331034
0
0.000152718
0.000899377
3.19882e-05
3.60946e-07
0.000910965
0.000205693
0.000356226
0
0.000257661
0
0.000158984
1.32543e-05
0
0
0.000357242
0.000441496
1.45738e-05
8.67596e-06
0
0.00026448
3.46855e-05
1.74513e-07
0.000588475
0
0
0.000470363
0
1.56317e-05
0.000493624
0.000428798
0.000233982
0
0.000189866
0.00091903
0
0
0.00027103
5.58528e-07
0.000243722
0.000680168
0.000680505
0.000986859
4.84305e-08
0
0
0.000501362
0
3.84143e-05
0
8.98363e-07
1.03987e-05
0
0
0.000282541
0
0
0.00114576
2.46014e-07
8.68958e-06
0.000616611
0.000176846
0
0.000339358
4.162e-07
8.62043e-05
0
6.75446e-06
0
0
4.23895e-05
0.000372337
0.000971507
9.01661e-05
1.03211e-06
0
0.000806944
0
1.76715e-06
0.000850098
3.10528e-06
0.000310644
0
0
0.000156926
0.000102929
0
0
0.000200771
6.13342e-06
0.000180705
0.000275042
0.000155409
0.000216803
0
7.97899e-06
0
0
0
5.7044e-06
0.000201468
1.66447e-05
0
0.000203911
0.00015285
2.89228e-05
0.000131205
0
0
0.0011637
9.87209e-06
0
0
8.67815e-05
0.00066409
0
4.95433e-05
6.91625e-06
0.000727904
2.76761e-07
0.00102424
2.64336e-05
0.000407422
0
0.000316626
0
0
9.21482e-05
0.000869594
0.000704184
0.000133221
0.000491473
0.000942429
0
0.000407226
0.000396631
0.000652786
0.000932166
0
0.00036081
0.000328183
3.57659e-07
0
0
0
0
1.32737e-06
0
0
0.000175574
0
0.000616302
0
0
6.01475e-07
0.000317255
0.000516755
0.000788664
0.000558395
0.000976723
0
0
0
0.000232445
0.000563807
0.000433409
0
0
0
2.6728e-05
0
0
0
0.00107634
0
0
0.000958803
0.00041068
0
0.000104228
0
0.000223611
0.000938127
0
0
0
0
0
0.000854046
5.83647e-05
0.000949194
0.000272129
0.000421975
0.00029047
1.18024e-07
0.000694546
0.000581901
7.19607e-05
7.68568e-07
0.000273754
7.41594e-05
0.000270606
0
0
0
0
0
0.000674544
0
3.09624e-05
0.000276041
0.000217395
0.000254045
0
0.000344071
0.000214642
0
0.00058918
2.26308e-05
1.44974e-05
0.000416343
0.000651895
0
0.000228658
0.000789009
0
2.23773e-05
0.000658731
0
0
5.73919e-06
0.000239538
1.655e-07
0.000941158
0.000606792
0.000939453
0
2.16287e-07
1.01431e-05
0
0.000377931
0
0.000342629
0.000679555
0
0
0.00113172
0.000876291
0
0
0.000510857
0.000155293
0.000359973
8.89512e-07
4.03204e-06
0.000369477
1.06899e-07
0
0.000646891
4.52112e-05
0
6.9031e-06
0
0
4.93391e-06
0.000751196
0.000335336
0.000345928
0
0
0
0.000143619
0.000655356
0.000157501
0.000567137
5.04279e-05
0.000452774
0.000399608
2.04998e-05
0.000604372
0.000704623
0.000340275
0.00111495
3.26699e-05
8.11531e-05
0
0.000134891
0.00027842
1.38435e-06
0
0.000169929
0
0.000584721
0
1.26043e-05
0
0.000286222
0
0
0.000293872
0.000669841
0.000468622
5.63177e-07
0.000332823
0
0
0.000345573
2.80995e-05
5.01636e-05
0.000494067
0
0
0.000675843
3.81974e-06
0.000559494
0.000404314
0
0.000613408
0.000483391
0
0.000169782
0
0
0
7.82751e-05
0.000109962
5.89763e-06
0
0
6.29301e-08
3.44147e-08
1.92902e-07
0.000551804
3.50625e-06
1.42544e-06
0
0
0.00025656
0.000115167
0
0.00048628
0
0.00025928
0
0
0.00108896
0.000537792
0.000342393
0
0.000284135
0
0
0
8.78266e-07
0
0.000530913
0.000997468
0.000544807
0.000462055
0
0.000913629
8.11087e-05
3.37322e-05
0.000600909
0
0.000222975
2.7938e-06
8.26693e-05
0.000327299
0.000941131
0
0
1.96818e-07
0.00041822
0.000254535
0
0.000385424
0.00034805
0
0
0.000512981
4.5144e-05
0.000613206
0
7.63128e-05
5.26023e-05
0.000513399
0
0
0.000682061
0
0
5.88141e-05
9.44652e-08
0
0
0
9.22723e-05
2.13058e-05
3.58068e-05
9.23062e-05
0.000460325
0.000126634
0
0
0.000124778
0.00028162
0.000391542
0.00100827
0
0
0
0.000865705
0
0.000126905
0.000394839
0
0.000560505
0.000103815
0.000319335
0
6.78222e-05
0
0
0
0.000367007
0
1.18758e-05
1.04943e-06
0.000475608
0.000590471
0
0.00079874
0.000486036
0.000479973
0
0
0
6.13946e-05
0
0
4.29849e-05
0.000500019
0.000270393
0
0
0.000292921
0.000862698
0.00049836
0.00019922
0
0.000414104
0
0.000607852
0
0.000330318
5.79527e-05
0.000202986
0
5.58605e-05
0
0.000192113
0.000248586
0.000167426
0.000640664
0
0.000439454
4.37822e-05
0
0
8.7742e-05
0
0
3.15871e-07
0
0.000164401
0.000367713
1.2688e-07
0.000433863
0
0
0
0
0.00012339
0.000337126
0
0
1.27491e-08
0
0.000686401
0
0
0.000424525
3.23866e-05
0.000454578
0
8.25686e-05
0
0
0
0.000514321
0.000236236
0.000221365
0.000764755
0.000513176
0.000390759
3.61617e-06
2.88983e-06
0.000952949
9.98193e-05
0
0.000221895
0
0
0.000383521
0
1.67894e-08
0
0.000638984
0.000233849
0.000167736
0
0.00064074
0
0
7.29729e-05
0.000663504
0.000275671
0.000546969
0
6.95605e-07
4.62976e-05
4.77045e-05
0
0.000734047
1.38739e-05
1.17261e-07
4.71108e-06
0.000664973
0.00116793
0.000352575
0.000249172
6.66362e-06
0
0.000247132
7.94346e-06
0.000728772
0.000336118
0.000355842
0
0.000204858
0
9.37528e-05
6.91788e-05
0
0.000231288
0
0
2.78745e-05
0
2.58494e-05
0
0
0.000744387
0.000199222
0.00112501
1.31209e-06
0.000160625
0
0
0.000662946
1.13069e-06
0.000838709
0.000442825
0
0.00020687
0.000690827
0.000786918
0.000434752
0
0
0
0.000111247
0
8.29199e-05
0
0
0.000480816
0.00071663
0.000454361
0
0.00018696
0.000245653
0.000809154
0.000193615
0.000142033
0
3.97968e-06
8.90997e-07
0
0
2.70496e-05
0
0
1.32305e-06
0
0.000306869
0.000363905
8.12437e-05
0
2.38297e-06
0
6.90031e-05
0.000133816
3.93507e-06
0
0
5.1083e-05
0.000219503
0
0
6.44812e-08
0
0.000753568
0.000820076
0.000903549
0.000997319
0
0
0
0
0
1.77498e-06
0.000110324
0.00114455
0
0
0.000106096
0.000149458
8.42222e-08
0.000627247
0.000325842
0.000437618
0
0.00020573
0.00104398
0.000906294
0
0.000236092
0
0.00105939
0.00016301
0
0.000417111
4.29133e-08
0
0
4.41438e-06
0
6.1913e-05
0.000165126
7.64023e-05
0
0
0.000165293
0.000283033
1.49531e-05
4.73375e-06
0
0.000379495
0.000649246
0.000610753
0.000662836
0.000729947
0
0
0.000127029
0.000111795
0
0.000887382
9.58698e-05
0.00112542
3.66796e-05
0.000668523
0.000309457
0
0
0
1.29232e-07
0
1.85835e-06
0.000468486
0
5.04358e-05
2.15653e-06
0
0.00104719
0.000602277
0
0
4.62536e-05
0
0.00106957
0.000139839
0.00106218
0.000690626
0.000153145
8.86214e-05
0
2.91108e-05
0.000500053
0.000266011
0.000499645
0.000108566
0
0.000236624
0.00062597
0
9.9141e-05
5.82506e-05
7.73975e-05
0
0.000850373
0.000495288
0
6.40088e-07
0
0.000731988
0.000227228
0.000268593
0
0
0
0
0.000108433
0
0
8.23237e-05
0
0.000971225
0.000209211
0.000537545
0
0.000720069
0.000739787
0.00060763
0
0.000437969
1.16092e-07
0
0.000296107
0.000460473
0.000100419
0.000977264
0
0.000162156
0.00100096
0
0.000411515
0.000788778
0.000187317
0.000225175
0.000453981
0
1.55904e-05
0.000774058
0.000860558
6.0207e-05
0
0
0
0
0.000852447
0
0.00110672
0.000512083
0
3.3055e-06
0.000421566
0.00103685
9.23479e-05
0
0
3.22855e-05
0.00014999
0
0
1.25314e-06
0
0.000489539
0.000719474
0
0.000442554
0
0
0.000176291
0
0
0.0008356
0
0.000522736
0
3.64269e-05
0.000945456
9.75708e-05
0.000990138
0
0.000425683
0
0
0.000698824
7.78563e-07
0
0
0.000531002
0
0
0.000233829
0
0.000111839
0.00111811
0
0
0.000103946
0
2.3087e-05
0.000946102
0.000577126
0.000405821
1.32306e-05
0.00113091
5.56034e-05
0
0.000417131
0
0.000367954
0
0.000133815
2.07035e-07
0.00122136
0
0
4.2724e-07
1.33708e-07
0
0.000554202
0.000116757
0
0.00107687
0.000147367
0
0.000512162
1.52789e-05
0
0.000554982
0
2.68978e-07
0.000958361
0
0
0
0.000737537
0
0.000349247
0
2.26519e-05
0.000428598
0
1.49443e-06
0
0.000311312
0.00035334
3.98442e-06
0.000540808
0
0
0.000167508
0
0
0.000116969
0.00074101
0.000565636
4.15476e-07
0.00066017
0
0.000942721
0
9.04063e-05
0.000326606
0.000816169
2.05781e-05
0
0.000440257
0.000384702
0
0.000259827
0.000431921
8.72511e-06
0.00110704
0.00110647
1.13692e-06
0
0
0.000562106
0
4.7024e-07
0
7.50487e-05
0.00026982
0
0
0
4.79328e-05
4.36322e-05
0.000195135
0.000748628
0
0.000476843
0.000203795
0
5.35552e-05
0.000491334
0.000715806
0.000215631
0
0
0.0010398
0.000901729
0.000676391
0.000191607
0.000642767
7.00379e-05
0
0
5.17088e-07
0.000990109
0
0.00048911
0
0
2.69182e-07
0
6.10633e-07
0.000117654
0
0
7.39643e-05
0.000561757
0.000295107
0
1.21918e-05
0.000266771
0
0.000698172
0.00070299
0.00019466
0.000392484
8.22534e-06
0.00023
0.000298488
0
0.000430184
0
0.000788129
0
0
0.00105594
0.000264
0.000253933
0
1.21342e-06
1.71693e-05
0.000253245
0
1.30764e-05
0
3.18189e-07
0
0.000848533
3.44987e-06
0
0
0.000594257
0
0
8.30305e-07
0.000588182
0.000723375
0.000226158
0
1.51761e-07
0
0.000565052
3.21473e-07
5.33902e-06
0
4.67715e-08
0
0
0
5.68192e-05
0.00059169
0
8.90846e-05
0.000180155
0.000458164
0
0.00056022
0
0
0.000255406
7.34143e-06
0.000637414
0.00010252
0.000377231
9.0669e-05
0.000205331
0.000444258
0
5.42545e-05
0.000185915
0
0.000585829
0
0.000267425
0.00074473
0.000489247
0
0.000711698
0.00102919
0.000574508
0
0.000159667
0
0.000977419
0
0.000873325
0
0
0.000301328
0.000892626
9.85385e-06
0
2.8331e-05
0
0.000295568
2.07432e-07
0.000334454
1.75061e-06
0
0.000195911
0.000121515
1.1064e-05
8.09459e-05
1.38805e-05
0.00022736
0.000490978
3.47987e-05
0
0.000598883
0.000799903
0.000445154
0.00104791
0
0.000258808
0
6.91494e-05
0.000246685
2.74235e-06
0.000195382
0.000602223
0.000448032
8.02721e-05
0.000298149
0
2.04939e-05
1.2035e-05
0
0
0.000178908
6.12171e-05
0.00067958
2.55605e-05
0
1.88824e-05
0
0
0.000657741
0
0.000189256
0.00114587
1.21156e-05
0.000833733
0
0
7.20156e-05
0.00111817
0.000985896
0.000374658
0.000205843
7.32129e-06
0.000237405
0
0.000362537
5.78012e-06
0.000935026
5.89611e-05
0
0
7.16564e-05
2.59058e-05
0.000228647
3.678e-05
0
0
0.000665586
0.000110849
0.00046066
0.000659583
0.000417079
0
0.000899091
0
0.000202931
0.000181259
0.000125245
0
0.00100309
0.000134963
0
0.000610305
0
0.000340015
4.19614e-05
0.000451017
0
0.000135899
0.000371777
0.000446003
0
0.000141294
0.000540461
0.000654481
0
0.000271153
1.70508e-05
0.000799162
0.000552154
7.03785e-05
0
0
0
0.000108569
0
0
0.000134008
0.000617303
7.09606e-05
0
0.000254211
0.000376712
0
0
0
7.3692e-05
0
0.000207504
0
2.29746e-08
0.000438134
0
0.000695073
0.000830885
6.17587e-05
2.76341e-07
0
0
0
0
0
0.000281983
0
0
1.49884e-05
0.000333438
4.69971e-05
7.79157e-07
0.000649884
0.000512378
0
0.000399586
0
2.12901e-06
0
0
0.000281451
0.000243674
0.000194835
0
0.000845966
0
0.000138137
0.00107367
0.000997295
0.000226534
0.000801886
0.000507138
0
0.00035732
3.88311e-05
0.00016826
0
0.00079313
0.0010556
0
0
0.000746969
0.000724562
0
0.000337382
0
0.000793429
0
0.000219499
0.000350901
0
3.8142e-07
0.000429968
0.000179658
0
0
8.42809e-06
0.00049731
0.000106552
0
1.41806e-06
0.000745432
0
0.000776975
3.12839e-06
8.87578e-05
0.000395308
3.14673e-05
0
0
0.000226796
2.65113e-05
1.14973e-05
0
0
0.000334494
0.000365878
0.000306198
5.77759e-05
0
0
0
0
2.13544e-06
0
0
0
9.35171e-05
0
0.000460439
0.000775625
0.000779035
0
0.000225337
0.000719121
0.000289247
0.000248473
0
0
0
0.000298398
0.000250836
0
0
2.58638e-05
0.000169169
1.98305e-05
4.37879e-06
0.000249621
2.62365e-07
1.20042e-07
2.0783e-06
0.00115054
0.000148636
1.96834e-06
7.16376e-06
7.6795e-05
0
0.000530716
0.000218913
0
0.000284213
8.26557e-06
0
0.000168986
5.47626e-05
0
0.000506526
0
0
0
0
0.000110047
0.000231398
0.000151795
0
0.000746838
0
0.00107651
0.000291139
3.67533e-06
0.000609568
0.000419393
0
0.000472134
1.937e-06
0.000370264
0.00058808
0
0
0
0
0
0
0.00040396
0
0
1.0524e-05
0
0.000326096
5.52905e-08
0
0.0010771
0
9.41818e-07
0.00069432
8.99516e-06
0
0
0.000896304
0.000615118
0.000847334
0
0.000357372
0.000950229
0
0
0.00020462
0
0
0.000272528
8.87054e-05
0
2.93823e-05
0.000293961
0.000965051
8.18057e-07
0.000751001
0
0
1.33095e-05
2.09592e-05
0
3.85247e-05
0.000148691
0
0.000679769
0.000449287
4.05723e-05
0
0.000390209
0
0.00053646
0.000419686
0.000795783
0
0.000301116
0.000163942
0
2.29941e-06
0.000582632
0.000772679
9.60661e-05
0
0.00112584
0.000202436
0.000329915
0
4.88209e-07
0.000854872
0.000620415
0
0
4.19368e-05
0
0.000187467
0
0.000356394
0
0.000144246
2.92691e-05
0
0
0
0.000641368
0
0
0.000438085
9.53538e-05
0.000187959
2.33725e-06
0
3.18479e-05
0
0.000693187
0
0.000683639
0.000189847
0
3.69659e-07
0
0
0
0.000624166
0
2.16627e-05
0
0.000630103
0.000131081
0
0.000853487
0.000790063
5.92849e-08
0.000174053
0.00063236
0.000599158
0
0.000878701
0.000169322
2.88043e-05
0.0011776
0
0.000231233
0
0.000503579
2.21517e-07
0
0.000248341
0.000157285
0.00032018
0.00048592
2.14839e-05
1.92965e-06
0
0
0
0.000482034
0.000699119
0.000407714
0
0.000689131
0
0.00113663
0.000314405
0.00032474
2.81403e-05
0
0.000104312
0
0.00026178
0.000261792
0.000486466
4.83584e-05
0.000599643
0
0.000889944
0.000463002
0.000568349
0.000692124
0
0.00104654
0.000666719
0
1.09972e-06
0.000823137
6.53362e-05
0.00075216
2.30156e-06
0
0.000320696
4.20922e-06
0
2.11609e-07
1.00889e-06
0.000240687
0.000258082
0
4.53083e-07
0.00118174
2.34976e-06
0.000132267
0
0.00114196
0.000145117
0.000198116
0.00100351
4.6843e-08
0
0.00058515
4.29833e-05
0
0.000125243
0
0.000882952
2.825e-05
0.000398719
0.000262874
0.000407428
0
0.000656531
0
0
3.47131e-07
1.14191e-06
9.19142e-05
0.000246999
0
0.000574187
0.000663268
0.000587328
7.28021e-07
0.00031951
1.07037e-05
0
7.0744e-05
0
0
5.4411e-05
0.000237087
0
0.000383365
1.55996e-07
0
0.000244637
0
0
0
0.000177332
0
0
0.000768858
7.52415e-07
0.00112586
0.000204474
5.29823e-07
5.09872e-05
7.61384e-07
0
0.000421579
0.000264639
0.000188718
0
0
0.000406017
4.03438e-07
0
0.000701726
0
0.000663165
0.000692778
0.000388149
0.000327599
0.000142978
5.63728e-07
0.000311812
0.000525492
0
0.000313855
0.000595846
0.000412628
0
6.79635e-05
0
0.00106491
0.000170056
0
1.30549e-07
0.000399491
0
2.71888e-05
0
9.15269e-06
0.000611297
0
0.000243985
0
0
0.000869002
0.000482135
0
0
4.60077e-05
0.000662607
0.000149168
0.000464782
0
0
0.000764516
0
0.000150906
0.000212459
0
1.6011e-05
0
0
1.88013e-07
0
0.000913654
0.000454754
0
0.000231772
5.16477e-05
0
0
0.000657656
0
0.000641858
0
0
2.18725e-05
0.00102943
0.000953708
0.00012067
0.00094532
0.000408995
0.000814673
0.000531958
0
0.000183118
0
0
3.8812e-05
0.000266947
0.000259494
0.000259911
0
0.000922876
0.000233508
9.44509e-05
0.000254761
0.000320635
0.000121464
0
0
0.000494455
0.00060302
0
8.60841e-06
0.000654982
0.000310913
0
0.000466362
0.000367997
0.000568023
0
0
0.00101771
0.000131872
0.000456581
0.000353238
3.1758e-06
0.000643913
0.000153128
0
0
0
0
2.25926e-05
0
0.000963291
0.000522913
6.67125e-05
0
0
8.10729e-05
0
0
0
1.66666e-07
0.000469446
0
0.000406946
0.000495399
0.000815311
0
0.000893786
1.4013e-07
0.000165066
0
2.03857e-05
0.000679206
0.000494753
7.97291e-05
2.51898e-08
0.00119404
0.000295599
0.000387771
0
0
0.00018385
0.000900252
0.00024992
0.000338221
1.79191e-06
6.25869e-07
0
0.000781257
0.000740417
0
0
9.39206e-05
0
0.00014482
4.46522e-05
0
0
0
1.6146e-06
0.000650547
0
0.000508124
0.000189834
0
0
0.000103334
0.000306182
0.000711796
0.000785699
0.000137034
0.000801257
0.000399298
0.000189237
8.6734e-05
0.000271853
0.000609935
3.10614e-05
0.000769532
0.000349411
0
0
0.000204502
0
0
0.000109973
0
1.97583e-05
0.000402469
4.92866e-06
0
0
0
0.000596785
0
0.000714904
0
0
0.00040835
0.000632093
5.94247e-06
0.000421968
8.5034e-07
2.34682e-05
7.18859e-07
0
6.14466e-05
0
0
0
0
0
0.00015858
0
0
0.000833977
0
0
0.000106435
0.000778689
0
1.1895e-05
0
0.000538895
0.000547745
0.000433645
0
5.80524e-05
0.000869179
0.000146086
0.000546525
0.000197248
0.00113059
0.000384887
0
0.000260796
0.00022151
0.000676743
0.000593098
0.00080893
0
0
0.000828643
0.000271563
7.12319e-06
0
0
0.000804641
0
0
0.000132676
0.000248735
2.76649e-05
1.21414e-05
0.000567244
0.00082051
0.000494196
0
0.000236767
9.93902e-06
0
0
0.000253554
0
0.000639494
0.00079754
0
0.000873654
7.01493e-08
6.94144e-05
0.000460376
0
0.000298533
0
0.000210608
9.6937e-05
2.73794e-05
0
0.000720028
0.00020174
0
1.86756e-06
0
0
0.00108375
0.000344004
0.00100322
0.00063594
2.91892e-06
0.000104521
0.000378138
0
0
0.000354888
0
0.000894303
0
0.000659665
0.000668442
0
4.23018e-05
0.000249672
0.000161429
0.000166135
0.000242836
0.000182538
0
6.61286e-05
0.00101409
0
0.0006778
0.000700729
0
0
0
0.00055991
0
0.000271631
0.000138565
0.000222156
0.000503076
7.14515e-05
3.28023e-05
0.0001268
0.000324623
0.000320398
0.000197573
0
0.000828282
0.000805318
0.000259742
0.000350827
0.000122678
0
0
1.66992e-07
0.000568711
0.000322915
5.04082e-06
0.000667532
0.000380823
9.28928e-06
0.000707927
0
0.000552237
0
1.94202e-06
0
0.00042198
0
1.5535e-06
3.27729e-05
1.01354e-05
0.00110647
2.09131e-05
0
0
0.000895481
1.26953e-05
0.00095787
2.44363e-05
0
0.00013175
0
2.37482e-06
0
0.000774627
0.000899644
0
0.000805921
0.000224154
0.000362986
0
0.000522181
2.67536e-05
0
0
0.000738548
7.91367e-05
1.18967e-07
0.00112946
1.36267e-05
1.1061e-05
0.000645438
0.000265143
0.000390434
0
7.44922e-05
0.000229711
0.000429215
0.000286766
0.000830881
0.00103247
0.000531803
4.47133e-05
0
0.000841978
0.000445836
2.53441e-05
6.29227e-06
0
7.58687e-06
7.42757e-08
0
0
0
0
2.68546e-07
0
0
0
0
0.000783014
6.72253e-05
0.000527676
0
9.79389e-07
0
0
0
0
0.000892235
0
0.000725244
0.00016393
0.000282631
0.000850223
0.00118862
0
0.000800095
0
4.3863e-05
0.000376486
0.000719964
6.01508e-06
0
0
0
0.000106503
0.000139234
1.60526e-06
7.14131e-07
0.000366405
0
0
0.000434429
0
5.59072e-05
0
0.00032997
6.18902e-05
0.000193505
0
0
0.000832469
0
0
0.000212447
2.81209e-05
0.000452829
0.000487947
0
0
0
0
0.00043075
0.000485941
0
6.69426e-05
0.000763494
4.806e-08
0.000228452
0.000135331
0
0
0.000647858
0.000188281
0.000339991
0.00104956
0
7.60879e-05
0
0
0
0
0.000275157
1.54561e-05
1.41875e-06
0.00014194
0
0
0.000682814
0.000269589
0
0.000501875
0
0.0004145
0
0.000219049
0
0
0.000557881
0
0.000666993
1.08423e-05
0.000205151
0.000150254
0.00105315
0
0.000127359
0.00052553
0.000328385
0.000612412
0
0.000255437
0
0
0
0.000550009
0
0
0
0
0.000242433
0.000291615
0
0
5.60399e-07
0.000246009
0.000165042
0.00062072
9.77874e-06
0
0.000345049
0.00094039
3.56139e-05
0
0
6.89565e-05
5.75315e-06
0.000822941
4.31823e-08
0
6.74248e-06
0.000815281
0.000553627
0
2.8414e-06
0.000469446
0.000270572
0.000130402
0.000605565
0.000218427
0.000679665
0
0
0
0.000847671
0.000540296
0.000248293
0
0.000955536
0.000606659
0
0.000897195
7.84648e-06
0.000426221
1.60578e-05
0
7.08574e-07
0.000872348
4.42438e-06
0.000260316
0
0
7.76965e-08
0
4.47168e-07
0
0
0.000786928
2.23159e-05
0
2.11126e-05
0
0
0.000220774
0
0.000352013
4.51098e-05
0
0.000753632
3.62284e-06
0
0
0
2.01628e-05
0
0.000458348
0
0
2.92105e-05
0
2.85349e-05
0.00059991
0.000142247
0
0.000484905
0.000317701
0
0
5.18843e-08
0
1.17026e-05
0
0
7.83466e-05
0
0
0.00028761
0.000637262
0
0.000127817
0
0
0
0.000731879
0
0
0
0
7.84792e-05
0.000488412
0
0.000772279
0.000962062
0.000160731
0.000455587
0.000916223
0
0.000500743
0.000195365
0.000681203
0.000438818
0
0
0.000378525
0
0.000497202
1.15086e-06
0
0.00049676
0.000936463
7.37776e-05
0.000166486
0.000362128
2.02219e-05
0.000192296
4.07137e-06
0
0
0.000624205
0
0.000185416
0.00089469
8.36068e-06
2.14446e-05
0
0
1.03998e-07
7.85546e-07
7.02297e-05
0.000334027
0.000139654
0.00044506
0.000191346
0
0.000560147
0
0.00104015
0.000723628
0.00044613
2.08667e-07
0
0.000329966
0.000188881
0.00098351
0
0
0.000179812
8.76843e-07
0
0
2.22972e-06
0.000573399
0.000480204
5.46143e-06
0
2.74224e-05
3.55446e-05
0
0.000694615
0.00104594
0
0.000642205
0.000664179
0.000885792
2.10607e-05
0
0.000537898
0
0
0
0.000945275
4.99726e-05
0
0.000908405
0.000763354
0.000843926
4.25224e-07
0.000640474
0.000122147
1.403e-05
0
0.000497448
0.000570188
0
5.86723e-05
1.14496e-07
0
0.000101301
0
0.000709466
0
0
0.000278166
0.000754117
0.00111378
0.000144552
0
0.000355548
0
0.000610901
0.000231726
0.000483748
0.000290359
0
0.000775868
0
3.25014e-06
3.42069e-05
0.000104671
0
0.000598384
0.000122332
0.00036128
0
0
0
0
0
0
0.000641811
2.74532e-06
3.94443e-06
0.000819433
4.94094e-07
0.000129457
0
0
0
0.000783775
0
0
0
0.000230573
3.58799e-05
0
2.8758e-05
0.000204531
0
0.000595017
0
0.00111856
0.00014373
0
0.000535412
6.76473e-07
0
0.000869324
0
0
0.000549817
0.000348961
1.90743e-05
0.000233221
0
2.08878e-05
3.94606e-05
0
0.000120091
0.000339675
3.37009e-07
0.000564801
0.000418564
4.14371e-08
0
0.000206287
2.32521e-07
0.000724966
0
4.57877e-05
0.000245542
3.67601e-06
0
0
0.000941014
0
0.000187557
0
4.41387e-06
0
0
0
0
0
0.000210306
9.59051e-05
0.00076285
0
0
0.000218794
0
0.000823256
0.00047024
0.000182941
0
0
0
0
7.95673e-06
0
0
2.41221e-05
0.000413063
2.6609e-06
2.47422e-05
0.000302606
0
0
0
0.000183436
8.90756e-05
0.00026387
0
0.000386205
0.000470501
0.000307992
0.000358859
5.71315e-05
0
0
8.24792e-06
0
0
0
0.0001192
0.000298585
0.000810947
0.00063659
0.000640652
0
4.35832e-05
0
0
0.000462898
0
7.57712e-08
0
0.000292935
0.000954323
0
0
0
0
0.00073299
0
0.00076719
0
0.00022181
0.000181275
0
0
0
0.00101215
0.000519469
0.000361053
0
0.000190076
0.000216998
0
0.00113917
0
0.000167192
2.51659e-07
0
2.02836e-05
0
0.000456741
0
1.42703e-07
0.0012216
0
0.000670105
2.25014e-07
6.73337e-07
2.36429e-07
5.88697e-08
6.1492e-05
0.000447441
0.000443849
3.35707e-05
3.49303e-05
0.000238569
0.000924491
0.000232988
6.01164e-05
0.000764999
0
0
5.78694e-05
0
1.19024e-05
0
3.36442e-05
0
0
0.000770435
0
0
0.000860942
0.000842733
0.000607548
0.000649462
2.75804e-05
0.000530317
1.35906e-05
0.000116502
3.10761e-06
0
0
6.82821e-07
0
0.000149289
0
0
0.000203523
4.68642e-05
3.1537e-05
0.000126688
0
0
4.74948e-05
5.36931e-05
0.000731408
0.00042171
0.000622974
5.97605e-07
0.00012318
0
0
0
0
1.33903e-05
0
0
0.000319146
0
0.00020224
0.000898175
0.000529543
1.21296e-06
3.90914e-07
0.000266676
0.000770153
0.00027777
0
0.000802751
0.000275999
1.5403e-05
0
7.05013e-05
0.000352351
0.000777482
3.39666e-05
0
0.000952039
0.000557452
0
0
0
0.000316746
0
0
0
0.000763514
7.43022e-05
3.57538e-05
0.000266339
1.06307e-06
5.32842e-05
0.0011144
0
1.41084e-05
0.000125084
0
7.78958e-06
0
0.000452919
0
2.93772e-05
0
3.54438e-07
0.000106895
0.000922045
0
0
0
7.12895e-05
0
0.000432346
1.65008e-05
0
0.00041895
0.000449776
0
0.00095206
1.52503e-05
0.000784733
0.000891058
0
0
1.1234e-07
0.000709766
2.23467e-06
0.000432181
0.000508249
0
0.000215477
0.000559586
0.00056457
0.000485222
0.000185608
0
0.000316553
1.11453e-05
0.000171241
0.00116754
0
0.000351352
0
0.000679364
0
0
0
0
0.000549648
5.42176e-05
0
0.000552212
1.84367e-06
0.000544324
0.000350718
0
0.000168134
1.46979e-07
0
0
0.000502362
0.000418228
0
0
0.000947014
0.000199237
0
0.000176761
0
0.000802961
0.000176878
0.000466715
0
0.000279296
1.02537e-05
0
0
3.45918e-06
6.12406e-05
9.56143e-06
4.91818e-08
3.7285e-05
0.000170281
0.000537183
0
1.20047e-05
0.000306007
0.00010018
0
0
0
0.000398684
0.00116452
0
0.000620667
0
0
0
0.000423845
0.000437064
3.45978e-06
3.19223e-06
0.000325006
0.000163514
0
0
0
4.84754e-07
0.000700867
3.45232e-05
0.000430693
0
0.000583119
0.000728597
5.0402e-05
0
0
0.000502758
0.000342955
0.000335324
0.000512782
0
0
0
0
1.11871e-05
0
3.05232e-06
0.000362788
5.87744e-05
0
0.000346013
0.00065044
6.66828e-05
0.000845452
0.000865457
0
0.000418709
0
0
5.11911e-05
0.000375953
0
5.97828e-05
0
0.00116196
0.000411294
0.00103978
0
0.000546804
0.000338781
0.000634194
0.000170473
0
8.29929e-06
0
0.000870036
0
0.000257111
0
0
1.05654e-05
0.000896998
0.00067885
0
0
0
3.67221e-06
0
0.000507255
3.76982e-06
1.84338e-05
0
0
0.000476113
0.000907694
1.19861e-06
1.15735e-06
0
0.000456874
0.000356957
0.000370302
6.45823e-05
0
0
0
0.000334002
0.000811722
0.000339683
0
0.00026504
0.000535324
6.8296e-05
0
0.000304279
0
7.627e-05
0
5.73051e-07
0
0
0.000103591
0.000579592
0.000644936
0.00106231
0.000857629
0
0.00070352
0.000228924
0
0.00092509
0.000603753
7.91448e-05
0.00072324
0.000365658
0.00010483
2.5685e-06
0
0
3.13315e-05
0
0.00038054
0.000734893
2.78721e-06
0.000117002
0
0.00103713
0.000181237
0
0.000724614
0.000694122
0
2.37959e-08
0
1.94817e-07
0.000882612
0.000646291
0.000308088
0.000467289
0
0
5.25711e-07
0.000437434
0.000571055
0.000124396
0
0.000115558
0.000248207
0.000176001
0.00073847
0
0
0
0
4.981e-06
4.18792e-06
0.000411994
0.000659916
0
0.000227621
1.1139e-07
0
0.000535045
0.000861803
0.000516575
0.000915063
9.65416e-07
0
0
2.03399e-05
0
0.000153906
0.000681533
0.000974953
0.000244333
0
0
1.35658e-06
0
0.00025761
0.000204227
0.00019385
0
0
0
5.7385e-06
0
0
0.000153459
0.000538438
0.000926187
0
0.000384912
0
0.000665914
5.53599e-05
0
0
0.00110939
0
0
3.46754e-08
0.000643666
3.70218e-06
0.000361753
0
0
4.21228e-05
0.000562525
0
0.00122545
0
0
0
0
0.000161474
4.43376e-08
0.000198738
6.23823e-05
0.000247359
0.000262203
0
0
0.00092737
0.000949461
0
0.000158156
1.60127e-05
0.000613357
0.000404503
0.00066777
4.60625e-05
0.000327708
4.38589e-08
0.000157128
0
0
3.89944e-07
0
0.000429785
0
0.000300218
0.000107003
0.000387816
4.74802e-05
0.000541616
0.000473723
0.000410861
0.000107514
0.000513396
1.66579e-07
0
0.000298998
0
0
0
0.000185656
0.000936194
0.000416993
0.000260198
0
0.000885196
5.59598e-05
0
0.000680601
0.000901951
0.000763666
6.36146e-05
0.000485292
0
0.000379991
0.000439882
0
0.000114737
0
0
0
0
0
0
0
0
0
0.000197231
0.000200829
0.000978298
0.000776644
0.000206225
0.000344727
0
0.000979584
0
0.000937977
4.3587e-06
0.000491061
0
6.53939e-07
0
0.000197307
1.32445e-05
0
0.000323417
0
0
0
0
0.000185078
0
0.000365181
3.26445e-05
0
0.000284388
2.17988e-06
0.000921507
0.000966822
0.000644756
0.000611503
0
3.82729e-05
0.000822045
0
0.000436285
0
5.1138e-05
0.000574763
0.000264071
0
4.51747e-06
0
6.39572e-05
0
2.92998e-05
0
0
3.6175e-05
0
0.000474388
0.000116323
0
4.66701e-05
0.000737557
0.000447688
0
0
0
0
8.37618e-05
0.000235422
0
3.13519e-06
0.00045347
0.000175316
0.000922875
0.000683317
0
1.12319e-07
3.13665e-05
0
0
0.000266063
1.52179e-06
0.000871573
4.9384e-05
0.000165293
0.000454882
0.000590095
0
0
0.000495462
0.000571301
4.30058e-06
0.000671376
0
4.27285e-05
0
0
0.000240983
0.000675977
0.00031562
9.29581e-06
0.000526366
0.0010069
0.000380665
0.000453484
0
1.32547e-05
0
0.000794697
0.000714098
3.25985e-05
0
0
6.86581e-05
0
0.000492473
0
0.000275843
0.000231065
0.000245272
0.000158783
0
0.000151044
0
0
0
6.86796e-05
6.49925e-05
0.000454531
0
0
0.000942696
7.75113e-06
0
8.49226e-05
0.000237218
4.88652e-05
0
0
6.46448e-06
0.000361166
0.000510282
1.39524e-06
0.000685198
9.95528e-06
0.000429531
5.97143e-06
0.000264495
0.00056573
0
0.000246561
0.000876888
0
0
0
0
0
0.000416046
2.51769e-07
0
0
0
2.08572e-07
0.000236666
0.000541652
0.000350256
0
3.57594e-06
0
0.000386315
0.000210609
0
0
0
0
0.000107347
0.000231438
0.00112701
0.000274704
1.60429e-07
0.000650663
0.000860427
3.60632e-05
2.07113e-05
0.000498783
0
0
0.000110164
0.000257643
0.000994383
0.000647529
0
0.000818001
4.18397e-06
1.16332e-05
0
1.78787e-05
0
2.48446e-06
0
0
0.000150897
3.20238e-05
0
0
0.000114241
0.000303956
0
0
0
0.000589869
0
0.000617408
0
0.000585749
2.16519e-06
1.71796e-06
1.62161e-06
0.000450429
0
7.44715e-05
0
0.00058134
0
0
5.44567e-05
0.000115189
0
0
0
0
7.2148e-05
0
0
0.000225581
0
2.7694e-06
0.000231302
0.000199716
0.00035042
0
0.000322435
0.00012801
0.00022223
0
0
0.000536136
0.000887049
0.00041756
0.000466159
0.000675877
0.000860068
0
0.000224428
0
0.000489758
0.00092997
0.000836702
0
0
0.000757632
0
1.48183e-05
0.000517834
0.000602609
0.00114069
9.50478e-05
0.000153779
0
0.000128731
1.60341e-06
0.000455752
9.9593e-05
0.000926616
0.000493785
0
0
0.000162031
0.000438709
0
0
0.000563072
0
0.000701412
0.000255922
0.000746973
0.000383057
0
0
0.000545253
0.000371991
0.000805382
0
8.11325e-06
0.000716755
0
0.000235773
0.000244278
0
0
0
0
0
0.000720652
3.96073e-05
1.00487e-05
0.000259551
1.40207e-05
0.000890994
0
0.000146902
0.00115933
9.10927e-08
0.000127107
0
0.00073124
0
0
5.42521e-06
0
2.88505e-05
0
1.35363e-05
0
0.000184163
0.0010482
0
0.000114
4.72096e-05
0.00050133
5.35548e-05
0.000260505
0.000383269
0.0001507
0.000725463
0
0.000724213
0
0
0.000743983
0.00040282
0.000409013
0
0
0
5.62704e-05
0.000549165
0
0
0.000905287
0.000922384
0.000815262
6.33488e-05
2.59356e-05
0.000109869
1.74849e-06
0
0.000171394
0
0.00108516
5.47864e-06
0
0
0.000637264
0
0.000414501
0.000861603
0
0.00101335
2.63402e-06
0
5.26671e-05
0
0.000534558
1.06138e-05
0.000539648
0.00042011
0.000144159
0.00045409
0.000469709
0.000429777
2.84758e-06
0.000359443
2.17193e-07
4.30642e-06
0
0.0006684
6.9306e-05
0
6.03334e-05
8.59302e-08
0.000350019
0.00029524
2.32894e-07
0.000320853
0.000272381
0.000799538
0
0
0.000118656
0.000252202
0
0.000276294
0
0
0.000357846
0
0
0
0.000445835
0.000860082
0.000527948
0
4.138e-05
0.000243052
0.000820315
0
0
0.000750464
0
0
0.000317061
0.000195621
0
0
0.000227557
0.000497134
0.000174613
1.1383e-05
0.0007264
0
0
0.000580166
0.000168716
0.00102464
0.000358147
3.97092e-05
0
0.000224693
0
0.000130858
0.00104398
0.000830537
0
2.98948e-05
0
0
0
0
0
0
0
0.000979655
0.000564959
0.000291104
0.000436374
2.05502e-07
0.000311528
0
0
0.000181595
0
0.000212249
0.000223115
3.76994e-06
0
0
0
0
7.55438e-05
0.000659657
2.61849e-06
0
0
9.47353e-05
0.000461393
0.000676505
0
0
0
0.000744707
0.000716536
0
0.000740244
0.000194231
3.6576e-06
0.000110995
0.000203421
0
7.23256e-05
1.23564e-05
0.000829534
0
0.000240039
8.57578e-05
0
1.40592e-07
0.00044036
2.5593e-06
6.24455e-05
0.000105891
0
0.0010112
0.000173636
0
7.69305e-05
6.01934e-05
0
9.87515e-05
0
0
0
0
0.00040477
0
0.00012616
9.4173e-06
8.7856e-05
0
0
0.00059422
0
2.03095e-07
0
0
0.000416814
0.000145956
0
5.96919e-06
0.000198812
2.21532e-07
0.000646078
0.000871869
3.31598e-05
1.44129e-05
4.82006e-06
0
0.000305184
0.000113663
1.20551e-05
0.000146736
0.000159312
0.000899755
0.000997217
0.00117302
0
0.000670306
0
8.26155e-05
1.49081e-07
0
1.00248e-05
0.000448904
0
6.34758e-05
0
0.000534519
0.000588487
0
0.000942555
0.000900566
0.000590277
7.80558e-05
0.000827681
0.000950147
5.62307e-05
0
0
0.000283908
0
4.53831e-06
0
0
0
0
0
2.52236e-06
0.000269143
0
0.000755992
0.000328861
0
0.000696951
4.90949e-05
0.00103745
0
0.000185645
0
0.000443099
0
1.96578e-07
0.00086707
0.000784958
0.000375799
0
0
0
0.000756538
0
3.36888e-07
0.00111522
0.000605558
0.000100683
0
0.000174988
0.000526544
0
3.9791e-05
0
0.000655577
0.00053847
0
3.7209e-06
0
3.49591e-05
0.000469621
0
0.000303445
0.000145009
2.77354e-07
7.52994e-05
0
0.000161273
0.000617321
0.00101052
0
0.000850495
0.00108012
0
1.07146e-07
0
9.12161e-08
0.000855633
0
0
0.000110267
2.59366e-05
2.98351e-08
0
8.89151e-05
0
0.000614454
0
0
0.000611808
0.00040113
0.000555394
0.000586306
0.00112336
0.00019177
0.00102788
0
0
0.000265288
0.000557799
0
0.00013401
0.000510307
0.000732498
0.000588622
4.63796e-05
0
0
0.000834576
0
0
1.69993e-05
0.000662762
0
0.000348038
0
0.000346676
0.000509809
4.13861e-05
0
0
0
0
0.000111496
0
1.1806e-06
0.000383792
3.0301e-06
1.05658e-06
0
6.77995e-05
0
9.50341e-05
0
4.01632e-07
0.00104804
0.00054237
0.000112114
0.00111276
0.000691206
0
0.000664189
0.00061731
0
0
0
0.000970575
6.62665e-05
0
1.49124e-05
2.40792e-05
1.5125e-05
0.000863963
2.43387e-07
0
0
0.000977776
6.9481e-08
0
0.00106321
0
7.36854e-07
0.000267215
0.000438132
5.69248e-05
0.000909838
0.000166044
0
0.00104996
0
3.93703e-05
0.000335509
0.000922734
0.000108146
0.000401156
6.94673e-07
0
0.000135512
0.000339132
0
0.000592831
0.000404738
4.33855e-05
0
0.000457045
0
0.00110284
9.92803e-05
8.49717e-07
0
0.000457904
0
0
1.51296e-07
0.000423714
0.000832794
0
0.000219791
6.97172e-05
0
0
0
0.000172091
0
0.000238945
0.000450944
0
0.000269003
0.000517795
0.00026041
0
0.000170178
0.000120944
0
5.90406e-05
0.00047849
3.42482e-06
0.000300999
0
0
0.000510098
0
0
0.000138857
0
0
0.000441502
0.00013436
0
3.85045e-05
0.000764215
1.45688e-06
0
0
8.02948e-05
9.58731e-06
0.000295907
2.12786e-06
0
0.000833613
3.88155e-06
0
0.000120226
0
0
0
6.81054e-05
0
0.000405195
1.01564e-05
2.66034e-07
0
0
7.58785e-05
0.000167449
1.809e-05
8.22893e-05
0.0011673
6.94829e-05
0
0
8.83852e-05
0
0.000583623
0
0.000280912
0.000294428
0
0
0.000487379
0.000207604
0.000689774
0
1.07768e-05
0.000794581
0
0.000213832
0
0
0
0
0.000691904
0
6.79686e-05
0.000170631
6.85575e-06
0
0.00100833
0.000677074
0.00116849
2.96468e-05
0.00023814
0.00051887
0
0.000355582
0.000611211
0.000364073
0
0
0
0
2.62985e-05
0.000244221
0.00080528
8.32639e-07
0.000233671
1.19882e-06
0.000750146
0.000453648
0.000487616
0.000279496
0.000428019
0
0.00037587
0
0.000129642
0.000954584
0
0.000301175
0.000607236
0
0
0.000699731
0
0
0.0001936
0
0
0
0.000105324
0.000243098
0.000423779
0
0
0.000590917
0
0.000763906
0
0
0.000692362
5.66884e-06
1.61007e-07
0
0.000523046
0.000921083
0.000841799
5.71213e-05
0.000816483
0.00070562
0.000242278
0.000161028
0
0.000253912
0.000179387
0.000691573
0.00125544
3.23388e-07
0
0.000624507
0.00083533
0
0.00123002
1.59593e-05
0
0.000460152
0.000719814
0
9.02489e-06
0.000294003
1.61096e-05
3.97926e-05
0.000818546
0.000192703
0.000227789
0.000567459
2.69427e-05
0.000535957
0
0.000202778
0
0
1.86658e-05
0.000791204
0
0
0
0
9.53473e-07
0
0.000532635
0.000125446
0
4.70939e-07
0
8.55885e-05
0.000442546
2.76045e-05
0.000339088
4.44521e-07
0.00016163
8.79774e-07
0
0.000498082
0
0.000265447
0
0.000160728
6.56628e-07
0.00010715
0
0.000304608
0
0.000559257
8.63454e-06
0.000126923
0.000153328
4.9323e-05
3.99543e-05
0
4.33198e-05
0
0.000590197
0.000226841
0.000900518
0
0.000340594
0
0.000444922
0
0.000777223
4.35202e-05
0.000416854
0
0
0.000674311
0.000443436
1.57569e-05
0.000447809
2.0267e-07
7.30594e-06
0
5.23242e-05
0
0.00042137
0.00040317
0
0.000250994
0
1.57152e-06
2.47178e-06
0.000570045
0.00025083
0
0.000162655
0.000192992
0.000433394
0
0.000226016
0.0003619
0.00035696
0.000576153
0.00078904
0
0
0
0
0.000443034
0.00069922
0.00033565
0
3.39246e-07
0.000238129
0
9.90687e-05
0.000401656
0.000475009
0
7.42886e-05
0.000147134
5.28622e-08
0.00100468
1.87877e-05
7.65163e-08
0.000368045
0.000648248
3.10117e-06
8.21896e-07
0.000745635
0.000367129
0
0.000120394
0
0.000388033
0.000249659
0
0
0
0
0
0.000352554
0
0
0
0.00042574
0.000429212
0.000349288
3.86723e-05
0
0.000566288
0.000674118
0
0
0.000748237
0
0
7.43958e-06
0
0
0.000491941
0.00050777
0.000968526
0.000467514
0
0.00055752
0
0
1.2735e-05
0.000609836
0
0
0
3.82269e-05
0
0
0
0.000300999
1.66339e-05
0
0
0.000488503
0
0
0.000253303
2.89684e-06
0.000640334
6.92452e-05
3.96562e-05
0.00012333
0.000732484
0.000283975
0.00063809
7.09312e-05
0.000274926
0
0.000441992
1.70447e-05
0.000754519
0.0010789
0
0.000839195
0.000466834
0.000579018
0.00038406
0.000898346
5.52816e-06
0
4.27113e-06
0.000395478
0
0
1.43674e-05
1.33988e-06
4.26617e-05
0
0.000872182
0.000484815
0.00043234
0.00058344
0
0.00033559
0.000109677
0
0.000112777
0
0
0
0.00104428
0.000469416
0.000275727
0.000648214
0.000527667
0.000470309
0
0
0
6.89734e-05
0
0
0.000155626
0
0
0.000328445
1.90484e-05
0
0
0
0.000237214
0.000226593
0
0.000935697
0.000469228
0.00050583
0.000241318
0.000438985
0.000158926
0
0.000378229
0.000398093
0.000824652
0.000984962
0
0
0.000390666
3.2104e-07
0
0
0
0
4.00781e-05
2.27298e-06
2.1836e-05
0.000225581
0
0.000419505
0
0
0.00064141
0.00067154
0
6.26362e-07
0.000249538
0
0.000592867
5.56938e-07
0.000303532
0.000406859
0.00070024
0.000321415
0.000104194
0
0.000301834
0
0
0.000106726
0.000283269
0
0.000558439
1.93705e-07
0
0
0.000997416
0
0.000314217
0.000184892
0.000873071
8.31549e-07
0
0
3.41322e-06
1.38668e-05
0
0
0
0
3.70285e-05
0.00023119
1.00862e-05
0.000746395
2.83374e-05
1.41875e-07
0.00044808
0.000417898
0
0.000711992
0
0.000470469
0.000280683
0.000392584
1.1186e-06
2.68281e-08
0.000159301
0.0001411
3.95575e-05
0
0.00100945
1.87734e-06
0.00030043
0
6.24323e-06
4.66375e-06
0.000616958
4.04902e-07
0
0.000230031
0.000599807
0.00044448
5.37589e-05
0.000846303
0.000273023
1.34794e-06
0.000793847
0
0
0.000481912
0.000715007
0
1.24656e-06
0
0.000549608
4.72111e-05
0.000620537
0.000273681
0.000448928
8.85867e-05
0
0.00073115
4.04022e-08
0.000922863
0
2.97155e-05
0
1.11255e-05
0.000302125
0
0
0.000307971
0.000160219
0
0
7.83929e-05
0
0
0.000493773
0.000539937
0.000512839
0.000222556
7.1692e-05
0
0.000514076
0.000342739
0.000311317
0
4.10722e-05
0.000775485
0.000178626
0.000111747
0.000638245
0
0.000399021
0
0
0.000816881
0.0010905
0
0
0.00067923
0
9.74994e-06
0
0.000373698
0
0
0
1.16967e-05
0
0.000146433
0.000732382
0
0.000164582
0.000865143
0
0
2.95829e-05
7.14897e-08
0.00104632
6.81689e-08
0.000767309
6.99912e-05
0.000591489
0
0.000210437
0
0
0.00109297
0.000503543
1.49702e-05
0
0.000559267
0.000606415
0
0
0.000767446
0
0.00106909
3.16355e-05
0.000637488
0.000728235
0.000980962
0.000433981
0.000251418
0
0.00023819
0.000236972
0
0.000111542
0
0
5.07601e-07
0
7.86598e-05
0
0
0.000824022
0.000384831
0
0.000495486
0.00110184
0
4.8084e-05
0.000392576
0
0.000985674
3.00329e-05
0.000460231
0.000309179
0
7.7797e-05
0.000410733
1.24638e-06
0
0.000789811
6.63399e-05
0.000886613
9.22822e-05
0.000389148
6.45217e-05
2.31766e-05
0
0.000253661
0.000334453
0.00106972
0.000322338
0.00105778
0.000673121
0.000759533
0
0
6.01534e-08
0
8.03424e-05
0
0.000280512
0.000146266
8.54333e-07
0
0
0.00105348
0
1.0619e-07
0.000569653
0
0.000406802
0.00103178
4.29524e-07
0
2.87014e-05
0
0
0
0.000106237
0.000658076
0
0.000661515
0.000184159
0
0.000195757
0
2.70157e-05
0
0.000757523
0
4.33628e-06
3.82999e-07
1.22524e-06
0
0.000957384
0
0.000710629
6.82888e-06
0
1.28326e-05
0.00105401
3.50918e-05
0.000279817
0
7.66141e-05
0
0
0.000300831
0
0
0
0
0.000456113
0.000185957
5.10364e-07
3.49817e-06
0
0
6.73784e-05
0.000101467
0.000838016
0
0.000617417
6.01567e-07
0
0.00088966
0.000137668
0
0
0
0.00052706
0
0.000162233
0
0
0.000512405
5.86894e-07
0
0
0
0.000716738
0.000637781
0
0.00102139
0.000565943
0
0.000704077
0
0
0.00108307
0
0.000697612
0.000535639
0
1.30797e-07
1.68921e-05
0
0
0
3.20685e-05
0
0.000595077
0.000420266
0.000530226
0.000516589
0
0.000590265
0.00117878
0.000123668
8.34879e-05
0
0.000685054
0
0.000303614
0.00015655
0.000547876
0
0.000146728
0.000124783
0.00021583
0.00101351
0.000167042
0
0
0
5.39266e-05
0
0.000312168
1.36992e-05
0.000735831
0.000125857
5.83038e-05
0
0
0.000928781
0
0
4.47812e-05
9.44633e-05
0.000138002
0
0.000510606
0
0.000725386
0
4.27077e-06
0
0.000844139
0.000735469
0.000358442
0
0.000701305
0
0
0.000172596
0.000940485
0.000749275
0
0
0
0.000735847
0
0
8.94521e-05
0
1.85623e-05
0.000402252
0.000599088
0.000316767
0
0.000587868
0.000187363
0
0
0.000121481
0
1.02643e-05
5.58183e-05
0
0.000101356
6.50242e-05
0
1.5888e-05
0.000533941
0
0.000496131
0
4.01679e-05
0
3.78945e-05
0.000167232
0
0
0.000556939
0.000505319
0.000347397
0.000909169
0
0.000103969
0
0
0
0
0
0
0
0.000676121
0.000448099
0.000166877
1.21998e-05
0
0.000246812
0
0.00055965
0.000663999
0.000360557
0.000512451
0.000443105
0.000174096
0
0
1.43223e-05
0
0.000700483
0.000145378
6.34234e-06
4.08768e-05
0.00088118
8.78143e-06
0
1.34056e-08
0
0.0002228
0.000462437
7.68452e-06
0.000349685
0
0.00095828
0
1.11028e-05
0.000158779
0
0
0
0.000109202
0.000444353
0.000288894
2.10817e-05
0
0
8.94547e-06
0.000347399
2.39622e-06
0
1.34762e-05
0
0.000265739
0
0.000591619
2.4899e-05
0
0
0
0.00074736
2.70898e-05
0
0
0.00102393
0
0.000321313
0.000166577
0.00065628
6.53415e-05
0
0.000165311
0.000180276
0
0.000570974
2.10749e-05
0
1.96239e-05
0
0.00100485
1.19599e-05
0.0003182
0
0.000609741
5.4552e-06
6.29471e-05
0
5.46572e-06
0
0.00081952
0
0.00112914
0
0
0.000234298
0
0
2.7726e-06
0.000465874
0
0
0.000704256
0
0
0.000130217
0.000844513
0
7.90686e-05
0.000654241
6.12995e-08
0
0.000198723
0
0
1.00443e-07
0.000188442
0.000413129
9.65639e-05
1.15072e-05
0.000110527
0.000183402
7.72841e-05
0
0.000515818
0.000884924
0
0.000561486
0.000543395
0.000284857
0
0.000513239
0.000204469
0.000190471
0
0.000189833
0
0.000139479
0
0
0
1.20617e-05
0
0
0
0.000550878
0
0
0
0
0.000375183
0.000780299
0.000920662
0
0.000338336
0.000418679
0.000293324
9.74104e-05
0.000273848
0
0
0.000107785
2.20977e-07
0.000216168
0.000106358
0.00127624
0
0
0.000252465
0
2.21591e-08
0.000689305
0
0.000526655
0.000847257
0.000494939
0
0
0
0
0.000823029
0.00015478
0.000127489
9.76429e-05
0
0.000976743
0
0.000721285
0.000453447
0.000312381
0
0.000645473
0
0
0.000630465
7.68678e-06
0.000432704
0.000140223
0
0
4.81008e-07
0.000164359
0.000261521
0.000189332
9.39992e-05
0
0
0
4.12651e-05
0
0
0.000548982
0
0.00121478
1.8255e-07
0.000144948
9.25025e-05
0.000263969
0
4.71403e-06
0
0
0.000455363
0.000777509
0
5.62827e-05
0.000904287
1.92021e-05
1.31564e-07
6.71738e-05
1.63588e-05
7.14206e-05
6.46411e-05
0
0
0
0
0
0
0.000555843
0.000490211
0
0
0
0.000893184
0
0.000365263
0.00100479
3.78387e-05
0
0.000673788
1.86701e-08
0
0
0.000113251
0.000920152
0.000465748
0.00010628
1.39963e-05
2.8337e-05
0.00116249
0.000572398
0.000791648
0
2.73338e-06
0
0
0
0.000497027
0.000847734
0.000218442
0.000170709
0.000382765
0
0.000204496
0.000425999
0
0.00031501
0
1.33591e-06
1.39726e-05
0
0
0.000405068
0.000459318
0.000416275
0
6.25233e-05
0.000420305
0.000218705
0.00013677
0
3.39915e-05
6.32897e-05
0.000314268
0.000771111
0
0.000563175
0
0
0
0
0.000942898
0.000414579
0.000399576
0.000853084
1.44266e-05
0
3.75736e-07
0.000615255
0.000758027
0
3.94605e-06
2.20934e-05
0
0.000682113
0
0.000526659
0.00024938
0.000451858
0
2.13033e-06
1.08308e-05
0.0010597
0.000605536
0
0.000547881
2.54947e-06
1.67318e-05
0
0
1.49039e-07
0
0.000204361
0
0.000302432
0.000392358
3.55069e-07
1.83376e-05
0
0.000500739
8.6982e-05
0
0.000921385
0.000762076
0.000669254
0
0
0.00031819
0
0.000275036
0
0.00030602
0
1.70279e-05
0.00029747
0.000362883
0
0
0
0.000373687
0
0.000149264
0.000385775
0.000341581
0.000554176
0.00018998
0.00028681
0
0
1.96785e-05
0
0
0.000500465
0.000630533
0.000963054
0.000468071
0.000777565
0.000908566
0.000335382
0
0
9.51741e-05
0
4.32072e-05
3.80769e-05
0
5.00651e-05
0.00107778
0.000593701
8.33725e-05
7.20714e-08
5.92207e-05
0
0.000464537
0.000529833
0.000433853
8.32726e-05
0.000510319
1.29594e-05
0.000609243
0.000173874
0.000778087
0.000301764
2.85994e-06
0
0
8.4112e-05
0
0
1.01305e-05
5.7438e-06
0
0
0
0
0
6.14471e-07
0.000383645
7.5211e-06
0.000882555
0
0
8.40908e-06
2.75466e-06
0.000633506
0
0.000596561
0
0
0
0
0
1.96424e-06
0.000411781
4.4229e-07
0.000142397
0
0
0.00046033
0.000457052
6.45876e-05
0
0
1.86304e-06
0.000345303
0
0.000304412
0.00045039
0.000747432
0
0
0.000705658
0
0.000399817
0.000201929
0
0
0
0.00112764
0
0
0.000762284
0.000100582
7.08058e-06
7.09174e-05
0.000341404
0.000281134
0
0
0.000606731
0.000561175
0
0
0
1.68134e-05
0
0.000276022
0.000307771
0
0.000640497
0
0.000523128
0
1.43476e-06
5.04513e-06
0.000282807
0.000514749
0
2.49377e-06
0.000916003
0
0.000579102
0.00025059
0.00041949
0.000316073
0
0
0
0
2.13703e-05
0.000818034
4.8719e-06
2.75222e-06
0
0
0.000414224
0
0
0.000773823
0.000252645
4.40709e-06
0
0
0.000123317
0
0.000690936
0.00013526
0.000613044
0.000190067
7.79836e-05
0.000204406
0
0
0.000281649
0
0.0006417
0
0.000619778
5.579e-05
0.000581428
0
0
0
0
6.65002e-06
0
0
3.70335e-06
1.00865e-05
0.000321695
0.000172467
0
0
0
2.9544e-06
0
5.5499e-05
0.00031355
0.000236997
0.000351114
0
0.000931638
0
0
0.00016741
0.000727981
7.12914e-05
0.000152742
0
0
0
0.000731981
0
0.000232447
0.000108352
0.000429987
0.000984268
0.000291538
0
0.000228245
0.000716036
0.000734707
0.000612323
0
0.000592221
7.42424e-05
0
0
0
0
0
0.000180427
0
5.35891e-06
0
5.66741e-05
0.000203647
0
2.71865e-06
0.0004381
0.000216252
3.71393e-06
0
0.0010728
0
2.78191e-07
0.000480085
0.00107055
4.12499e-06
0.000494249
9.11471e-06
0.000745002
0
3.03272e-06
0
0.000167854
0
0.000279605
0.000110097
0
0.00074513
0
0.000760712
0
2.71996e-05
0
7.20576e-05
0
0
0.000993649
0
0.000135998
0
1.31814e-05
8.83729e-05
0
0
0
0
1.21246e-06
4.79317e-05
1.27578e-05
0
0
0.00012383
0.000286852
0.000224734
0.000286824
1.13876e-05
0.000295572
1.50069e-06
0.000246542
0.00025628
1.2291e-05
0.00101845
0
0.000200566
6.9234e-07
0.000746504
0.00105746
0
0
0.00102252
1.24953e-07
1.10892e-06
6.08969e-05
0.000705821
1.27654e-07
0
0.000348354
0.000611157
0
0.000738611
0
0.000671965
0.000325326
8.59823e-06
0.000259895
0.000329197
0
0
0.000128371
0.000303469
0
0.000350414
0.000815852
0.000255303
0
0
0.000580453
0.000332193
0
3.70062e-05
0.000623908
0
0
0
0.000800336
1.90622e-06
0.00110946
0
9.80127e-08
0
0
4.01309e-07
0.000122071
0
0
0
0
0.000498598
0.000743436
0
0
5.47187e-05
9.48097e-07
0.000110993
0.000441402
6.36733e-05
0.000729125
0.000202173
0
0
0.000738753
0
0
0.000173514
0
6.9444e-07
0
0
0
0.000905055
0
0.000996755
0.000780556
0
5.09152e-07
0.000569383
0.000981271
0.00106805
0.000136906
3.15566e-06
0.000351659
0
0
0
0
4.54492e-07
2.44276e-05
0.000257278
0
0
5.68142e-07
0.000454095
0
0.000796566
0
0.000734478
0
0.000427781
0
1.83971e-06
0
5.42572e-06
0
0
0.000270549
0
0
0.000704518
0.000622142
1.33418e-05
0
0
2.87995e-05
0.000573195
0.000227378
0.000221596
0.000400341
5.49676e-06
7.0862e-08
0.00108862
6.24492e-05
0
0.000344166
0
0
0.000571323
0.00114667
0.000855007
0
3.56219e-05
4.55698e-05
6.80114e-05
0.000437818
3.88943e-05
2.36798e-05
3.37309e-05
9.14975e-05
3.54268e-05
0
0.000115625
0.000131558
0.000492688
2.71852e-06
8.80444e-05
0
0.000236556
0
9.09742e-07
4.46442e-07
0
0.00037982
0
0.000526771
1.63635e-06
2.7259e-07
0.000466649
0.0006761
0
0.000671957
0
0.000716659
0
2.68519e-05
9.57039e-05
0.00026832
0
0.000337312
0.000554794
0.000129017
9.21607e-06
1.73947e-05
0.000403666
0.000164342
0.000391626
0
0.000672117
4.12009e-06
0
0
0
0.000703744
0
0
0
0
0.000165199
3.21419e-07
5.19427e-07
0.000186301
0
0
0
1.97054e-05
0.000113829
0
0.00032766
0.000206831
0
0.000857358
1.42186e-07
9.97752e-05
0.000678012
0.000249375
0.000727103
0.000135838
0.000130369
0.000205942
0.000459707
0.000433583
0.000314238
9.66794e-06
0
1.71396e-05
0.000734518
0.000484618
0.000318709
5.1089e-05
0.000774798
0
0
0
1.2986e-05
0
0
0
0.000374046
0.0005075
0.000538219
0
2.20989e-05
0.000284662
7.4589e-05
0
0.000281212
0
8.36956e-05
0
0
0.000222254
0.000484194
0.00050824
0
0
0.000215566
1.13389e-05
9.18723e-08
0.000416227
0.000469558
0.000922181
0
0
0
0
0.000114018
0
0.000463588
0
0.00111632
6.60414e-06
0.000479848
0.000271961
0.000153723
0
0
0
0.000802378
0.000218177
0.0010011
0.000407585
0.000600943
0.000296686
0.000838757
0.000375723
0.000568002
0
0
2.80848e-06
7.46477e-05
0.000191654
0
0
0.000282281
0.000191161
0
0
0
4.45839e-05
0.000313928
1.96003e-05
7.21136e-05
1.199e-07
2.3956e-05
0.000834267
1.86016e-06
0.000689963
0
0
8.54519e-05
0
0.000116203
2.94867e-05
0
0.000814164
0
0.000369795
2.83228e-07
5.00924e-05
0.000355469
9.69746e-05
0.000425828
8.96678e-05
0.000641354
0
0.000530013
4.71936e-07
8.61972e-05
0.000966506
3.8485e-05
7.77298e-05
0.000455265
0
0
8.35052e-05
0.00101374
1.82053e-05
0
0
3.52602e-06
1.6164e-06
0
4.92319e-06
0
0
0
0.000185426
6.81237e-06
0.000148462
7.37396e-05
8.05715e-07
7.04757e-05
0
0
0
0
0.000254493
0
6.51343e-05
3.4541e-07
0
0
0.000996239
0
0
0
0
0
0
0
0.000254947
0
0.000210726
0
0.000492303
0
0
1.62163e-05
2.11015e-06
0.000853996
0.00103864
0
0
1.46692e-07
8.85343e-05
0.000944877
0.000385941
0
0.000159541
0.000221308
0
0
1.57457e-07
0.000796049
0.000134221
0.000252143
0
0.0010519
0
0
0.000721151
0.000739627
0
0
2.83249e-06
0
0
0.000190055
0
4.10969e-07
0.000888048
0.000966841
0.00086865
0.000464578
0.000309026
0
0
0
2.50832e-05
1.17093e-07
0
0
0
0.000872934
0
0.000523907
0.000265095
1.47521e-05
1.16089e-05
0.000255389
0.000393884
0.00103151
0.000998425
0.00103294
0
0
2.24023e-05
0.000192692
2.73421e-05
0
0.00043966
0.00109632
0
2.54053e-08
0
1.87166e-05
0
5.68817e-06
0
9.84491e-05
0
0.000257677
0.000427385
0.000216882
0
5.35908e-06
0
1.92344e-06
0.000192566
5.1876e-07
0
5.11093e-06
0.000904019
0.000562081
0.000500192
2.65647e-07
0.000915099
0
0
0.000367052
0
0
0
0
0.000283753
0.000471426
0.000749935
0
0
0
0.000379309
0.000421638
3.64258e-05
0.000167467
0.000380557
6.50299e-05
0.000685527
0
0
0
0
0.000146611
1.10769e-07
0
0
0
0.000342848
0
0
0
0
0.000190472
0
0
3.27399e-05
0.000167407
1.57925e-05
3.00554e-06
0.000158096
0.000707588
0.000194217
0
0
0.000511287
0.00011036
4.53088e-05
0
2.99521e-06
2.30682e-05
0
0.000358856
9.31763e-05
0.000303409
0.000637474
5.03025e-05
0.000119832
0.000146993
1.94601e-06
0
1.13456e-06
8.90094e-05
0.000571344
0.000875177
0
0.000278907
0.000158345
0.00116299
0
0
0.000395112
1.5613e-05
6.58177e-07
0.000362616
0.000164748
0.000535696
0
0
0
0
0.000802726
0.000559878
0.000833104
0
3.73359e-05
7.26984e-07
0.00100508
0.000352728
0
0.000253392
0
0
0
0.000827181
0
1.28016e-05
0.000465446
0.00010363
0
0.0009219
0.000936972
0
0
0
0
0
0
0.0011463
6.32361e-06
0.000377428
0
0.000211181
0.000804846
0.000684721
0.000496323
1.36677e-08
0.000623083
0
0.000496392
0.000134194
0.000133183
8.26115e-06
0
0.000139955
0.000667717
0
0.000463416
0
1.43691e-05
0
6.03547e-05
5.96903e-05
0
0
0.000925786
0
0.000420499
0
0.000584031
0
0.000950492
0
1.28372e-07
0
9.58753e-05
0.000809284
1.00464e-06
0.000721628
0.000942724
0.000252047
9.15612e-06
0
8.72483e-05
6.95203e-07
9.62205e-06
0.000753556
0.000637665
0
0
0
0.000977555
0.000493369
0.000617277
0
0.000448667
0.000327404
5.5821e-05
2.97841e-05
0
5.92148e-05
0.00102636
0.00034276
0.000413668
0.000425123
0.00073543
0
0
0
0.000421856
0
0.000261068
0.0006557
0.000536075
9.53311e-05
0
0
3.56267e-06
0.000335413
1.26902e-05
0.000418697
0.000140323
0
0
0.00010245
0.00086985
0
0.000218775
1.98262e-06
0
0.000678022
0.000480787
6.00863e-07
2.7796e-05
0
3.09664e-05
0.000866906
0
8.64992e-05
0
0.0010119
0.00101835
0
0.000817575
0
0.000192301
0
0
0.00106911
7.15182e-06
5.89068e-05
0.00018929
0.000943616
3.65197e-05
0.000218324
0.000313083
0
0.000290511
0.00019755
0
0.000154535
4.82661e-05
0
0
0.000775269
0.000375591
0.000342746
0.000201016
0.000350478
0
0.000124784
7.83684e-08
0.000720002
0.000507183
0
0
0
0
0.000223808
0
0
0
0.000309148
0
0
0.000219309
0
0
1.80337e-05
0.000519697
0
0.000828221
0.000753717
0.000262821
0
0
0
0.000450668
0.0003176
6.0046e-05
0
0
0.00020857
0
0.000981506
0
0
0.000648534
0.000471775
0
0.000608544
1.9626e-06
0.000774479
3.04922e-05
0.000844095
0.000314245
0.000669608
0.000286436
3.17289e-07
0.000197405
0.000314344
0
4.95788e-05
0.000598316
0.000125061
0.000347618
3.10893e-06
0
0.0004901
0.00018166
0
0.0004292
0.000356433
0.00107152
0.00030295
5.19565e-05
5.52919e-05
0
0.000196565
0.000588199
0.000799461
5.54935e-05
0.00116785
0.000772603
0
0
2.67928e-07
0.000512015
0
4.40365e-05
0
0
0
0.00040474
1.44614e-07
0.000247521
0
0.00106686
0.000717407
0.000171685
0
0.000516507
0
4.86199e-05
0
0.000387897
0
0.0010222
0
0.00050372
1.3065e-05
0
0.00104059
0.000468136
0.000881281
0.00102914
0.000665946
0.000280588
0
0.000303258
4.52198e-05
2.19006e-06
0
0.000630667
1.48604e-07
0.000642909
9.67528e-06
0.000104758
8.04466e-05
1.1948e-05
0.000141203
1.45183e-07
0
0.00022406
0
0
0.000208968
0.000898888
0
6.50283e-07
0.000830795
0
0
0.000347413
0
0
0
0.000481341
6.25239e-05
1.90048e-05
0.000391337
6.33296e-06
0
0.000387246
1.31519e-05
5.39779e-05
0.000503655
0
0
0.000794811
8.80561e-06
3.26241e-06
6.42885e-06
0
4.33129e-05
1.16609e-06
0.000212306
0
0.000315998
0.000670561
0.000240678
0
0
0.000830484
0.000224655
0
6.18808e-05
0.00116115
0
9.04284e-05
0
0
0.00101565
0
0
7.29384e-08
0
0
0.000194603
0.000548008
1.12412e-05
6.00411e-05
0
5.38416e-05
0.000541628
0.000150358
0
0
0
1.51762e-06
8.50109e-05
8.36692e-06
0
0.000561513
0
2.91777e-05
0
0.00028091
0.00102625
0.00056716
0.000714672
0.00102592
1.63972e-05
0.00067817
0.000298528
0
0.00067893
0
0.000975613
0.000521796
0.000971794
0.00106984
0.000151676
1.12899e-05
0
0
0.000244848
1.32321e-07
0.00109363
0.000149669
0
0.000399624
1.65946e-05
0
0.00107869
0.00078484
0.000582232
0
0.00067141
4.94476e-05
0.000238584
0.000607317
0.0005055
4.63913e-07
0
0.000206783
0
4.08748e-06
0
2.08972e-05
0
0
9.15835e-06
1.26527e-05
0.000237731
0
1.27191e-05
0.000734259
0
0.000742657
0
0.000531095
0
0.000286511
0.000870225
0.000563838
0
0
0
0
0
1.39354e-05
0
2.36159e-05
0.000364832
0
5.46984e-07
0
0.000207513
9.42053e-07
0
0
1.59294e-06
0.000796687
0
0.000416867
0
0
0.000822637
0
3.97729e-05
0
1.83448e-06
0.000350388
0.000881952
4.9292e-05
8.11157e-05
0
0.000977052
0
0
0
0.000141501
0.000532823
0.000986805
0.000864835
0
0.00116719
0
0
8.62035e-07
0.000147962
0
0
1.05429e-07
0
0.000867025
0
0
4.12868e-06
0.000281742
0.0003843
0.000380451
0.00114763
1.77099e-05
7.87421e-05
0.000327382
0.000927541
0.000174608
0.000467147
0.000111878
0.000727927
0
0.00109494
0
0.000454935
0.000109014
0.00124063
0.000908576
0
0.000135927
0.000299671
0.000156068
0
9.21245e-07
0.000242767
0.000164605
0.000359193
0.000113341
0.000108952
0.000930165
0.000163544
0.000126285
0
0.000730977
0
0.000365819
0.000683911
3.75171e-05
0.000185683
0.000149184
0
0
0.000380855
1.27296e-05
0.000523561
5.17847e-06
0
7.24703e-07
0.000200195
0.000651528
8.26676e-07
9.15663e-05
0
0.000571252
0.000762107
0
0
0
0
0
5.38742e-08
0.000100406
0.000268885
0
4.64379e-05
0.000121277
0
0.00101875
0
0.000792135
0
0.000346746
0.000237003
1.28825e-05
7.22393e-07
0
0.000755172
0
0.00025341
0
1.10945e-06
2.73856e-06
0
0
4.36405e-06
1.07785e-05
0.000296842
0.000626494
0
3.5571e-05
2.88437e-05
0
0.000321035
0
5.85187e-05
0.000263737
0
0.000762816
0.000668877
0.000916767
5.80808e-05
0
0.000226519
0.000216367
3.09266e-08
2.09873e-06
0.0010834
0.000212772
0.000874862
0
0
0.00116522
0.00085535
0
0.000246131
0.000997873
0
8.52047e-07
0.00045566
0
0
0.000119365
0
0.000115924
2.58916e-05
0
0.000430679
0
0
1.51645e-05
0
0.000223683
3.60872e-05
0.000216049
0.000245986
0
0
0
9.78403e-06
0.000351443
0
0
0.000340866
0
0
1.33927e-05
0.00103599
0
0
0
0
0.000392293
0.00116113
2.94034e-06
4.21655e-05
8.42925e-06
0.000268159
9.55373e-05
0.000625724
0
0.000487836
0
0.000691078
0.000416003
1.86418e-05
0
0
0.000244375
0
0
0
6.63017e-05
0
0
0
0.000473032
0.00107584
0
0.000188734
4.18861e-07
0
0
0.000332396
4.73878e-07
0.000425725
0
0.000869797
0.000245331
9.5227e-05
0
0
0
0
0
0
0.000603894
4.35772e-05
0.000127454
0.000320425
0
0
8.94279e-05
1.14026e-07
0.000924641
6.69229e-06
0
0.00039269
0.000463753
3.67034e-06
2.7879e-06
0.000303828
0
0
0.000907335
0.000583191
0
0.000236027
2.64748e-07
0
0.000306941
5.52543e-07
4.11957e-06
0
0.00047075
0.000782107
0.000376194
8.07228e-05
0.000223207
0
0
0
0.000218585
0.000717063
0
0.0004196
0.000368096
0.000171646
0.000295503
0
0
0.000335099
0
0.000193403
0.00084538
0
0.000314
0.00108577
0
0
0.00059071
0.000762638
0
0.000534813
3.40564e-05
0
0
0.000301367
0.000614154
8.8145e-05
0.00077914
0
0
0.000260186
0
0.000938008
0.000546575
0.000968713
0
0.000673638
2.17421e-07
0.00024773
0
0.000676451
0.000539612
0.000760315
0
0
6.50574e-05
0
0.000582992
1.02201e-07
0
0.00119913
0.000905183
0
4.80113e-08
0.000128503
0.000117752
0.000607339
2.64856e-05
0.000263238
0
0.000481966
0.000184823
0
9.00509e-05
0
0.00060975
0
0.000115686
0.000593624
1.09032e-06
0.000842032
0.000467411
1.56834e-05
0
0.000239137
0
9.26876e-07
0.000597759
0.000933409
0.00108362
0
0.000323695
0
0
0.000562257
0.000728392
3.48039e-05
0.000913905
0.000409255
1.52696e-06
0.00058922
0.000129966
0
0
0
0
0.000751428
0.000204836
8.81775e-05
1.1088e-07
5.75847e-06
0.00021967
0.000820958
0.000248225
0.000111942
0
0.000288299
0
0
0.000618604
0
0.000229256
0.000192568
0.000282083
0
0.00103757
0.000247601
0.00103759
4.53367e-07
0.000724512
0.000250406
0
0.000457557
0.00101108
0.000136411
0
0
0
0
1.32485e-06
0
0
0
0.000345255
1.42533e-07
0.000265771
0
0.000489342
0
0.000132923
0
0.000730343
0
0.000186877
0.000999497
9.21947e-07
4.32646e-06
0
0
0
0
3.92615e-07
0.000374556
0
6.86534e-05
0.000180738
0
0.000684174
0
0.000136883
0
0
0
0
0
0
0.0001233
0
0
5.88838e-06
9.09012e-05
3.42535e-07
0
0.000486372
0.00052449
0.000483895
2.14969e-05
0
6.56459e-06
0.000970645
2.1452e-05
3.8836e-05
0
0.00115197
0.000167087
3.1288e-05
8.99826e-05
0
0.000823845
0
0
0
3.38226e-06
2.12377e-06
0.00067655
0.000326734
9.62298e-06
0.000213022
0
0.000530396
0.000324388
2.36503e-05
4.55618e-05
0.000510608
0.000502456
8.01494e-05
0
2.07181e-05
0.000516591
0
0
0
0.00105792
0
1.05292e-07
0
0.000565393
0
0.000951106
0
0
0.000116441
0
3.04014e-06
0
0
0
1.74104e-06
0
0
0.000682142
1.22307e-07
0.000168565
0
6.25832e-06
0
3.49852e-05
0.000861077
0.000331233
0
1.72263e-06
8.975e-06
0
0
2.22502e-07
4.63251e-05
0
0.000145126
0
0.000419329
0
0
9.56535e-06
0.000116515
0.000841464
0.0011445
0
0
0.000674474
0.00015723
0.000204572
0
0.000425633
0
9.38323e-05
1.63105e-07
3.77018e-08
0.000121091
0
0.000111071
2.72976e-06
0.000482944
0
0.000473613
0
5.70792e-05
0
0.000692327
0
0
0
0
0
8.14303e-05
0
0
0
0
0.00028246
0
0.000180554
0
5.68342e-06
3.21803e-07
0
0.000749689
2.86841e-05
8.26743e-07
0.00118364
0.00090825
0.000925182
1.88304e-05
0
8.65823e-05
0.000560337
0.000759331
0
0.00103767
0.000472553
0
0.000580597
0
1.87261e-07
0.000741352
0.000373124
0
3.897e-05
0
0.000634204
0.000405812
0
0
1.03737e-07
0.000351445
0.000259563
0
0.00100088
0
5.04501e-05
0.000229629
0
7.3317e-05
0
6.80702e-07
0.00017282
0.000244142
7.28148e-05
0
0.000293143
0
0
0.000473491
0
0.000721513
0.00102644
0.000447553
0.000197354
0.000184877
0
4.75456e-05
0.000874356
0
0
0.000125772
0.000211693
0
0.00100261
0.000435926
0
0
0
0
0.000631245
0.000684217
0.00012837
0
0.000679419
0
0.000453776
0.000466144
0.000258269
0.000760678
5.44959e-05
0
0
2.17319e-07
0.000524381
0.000150397
0
0
0
0
0.000289233
0.000632929
0
0.000258962
0
0.000653107
0
0
0
0.00105728
0.000513731
0
0
0
0
0
0
5.97805e-05
0.000110804
0.000680718
5.45693e-05
0
0
0
1.30682e-05
0.000144196
0
0.00051917
0.000687043
0
0
0
0
0.000391623
0
0.000286616
0
0
0
0
0
0
1.25949e-07
0.000275572
0.000103972
0
0
0.000134251
0
0
0.000154343
1.0901e-06
0
0.000653102
0.000668985
0.000921366
0.000859933
0.000979596
0
0
3.68755e-05
0.000261942
5.72278e-05
7.46438e-06
0.000808434
0.00014693
0.000911201
0.000115613
0
0
0.000211603
7.44791e-05
0.000496345
0.000926073
0
0
8.25849e-05
0.00025747
0.000192638
0
0.000634094
0.000585812
3.22991e-07
4.71725e-05
0.00034044
6.43423e-05
0.000376626
0.000870244
0
0.000161416
0.000530236
0
0
0
0.000136994
0
0
6.20795e-05
0
0.000468971
0
0
0
0
8.74403e-06
0
0
0
2.62005e-05
0.000202227
3.74477e-05
0
0.000131284
1.50049e-05
4.79786e-08
0
6.93772e-08
0
1.48756e-05
0
0
0
0
0
0
0
0
0.000415235
0.000510853
0
0.000689252
0.000932654
0.000519592
0.000200415
0.000114612
0.000409148
0.000181873
0.000243288
6.30685e-05
0
1.51522e-05
3.68817e-05
0
0
0.000310057
1.54506e-06
9.81976e-07
0
0
1.55388e-07
2.13652e-05
0
0.00093501
0.000117343
0.00076075
0.000495711
3.54954e-06
0
0
0
0.000833855
0
0.0010623
0
0.000865627
1.12988e-05
7.85523e-05
1.91214e-05
6.45887e-08
0
0
0.000447284
0
0.000167016
0.00019292
0
0
0.000953441
6.21348e-05
0
0.00118714
0.000681754
0.00088629
3.31037e-07
6.61941e-05
4.76388e-05
6.92315e-05
5.01266e-05
2.06526e-06
0
0
0.000550719
0
0
9.58513e-05
0.000450656
0.000435222
0
0
0.000977885
0
0.000465621
0
0
0.000202428
0.000423267
0
0
7.52429e-05
0
0.00119165
3.555e-05
9.21636e-05
0.000930421
0
0.000407703
0
0
0
0.000688403
0
1.08156e-05
1.15528e-05
0
0.00110366
0.000104566
0.000140291
0.00108141
0.000311144
0.00088797
0.000221482
0.000756506
7.58637e-08
0.000577482
4.05926e-06
0.000319381
0.000730888
0.000360589
0
4.12911e-07
0.000583499
0
0
0.000260971
0.000142786
0
0.000329752
0
1.5571e-05
0.000340227
0.000216852
0.00086507
0
1.8408e-05
0.000481441
0.000841383
0
0.000761186
0
0.000599164
0.000864328
0.000263737
0
0
0
0
0.000510351
0.000973022
0.000127517
0.000161517
0.00116815
0.00023936
7.18243e-05
0.000212647
0
0.00111407
1.29728e-06
1.54018e-07
0
2.55476e-05
0.000304408
0.000813818
0.000153499
0.000398834
0
2.03067e-07
0.00085366
0
0
0.000890083
0.000358811
0.000481819
1.45904e-05
0.000571867
0
0.00108611
0
0.000570014
0
0
0.000324705
0.00103633
0
0.000140704
1.76789e-06
7.12242e-05
0.000226712
0
5.98223e-07
0
0
0
0
0.000437274
0.000465694
5.64401e-06
0
0.000532534
0
0.000836469
3.20686e-05
0.00054428
7.89104e-05
0.000550547
0
0
0.000428694
0
0.00116215
8.50979e-05
0.00076133
0.000327472
4.54822e-07
3.73295e-06
0.000735613
0.000220503
0.00104377
0.000401228
0.000635796
0.000827811
2.31313e-06
0
0.000359141
0
0.000410465
6.61799e-05
1.04144e-05
0.0010202
0
0.000741351
2.11496e-06
0
0.00051395
0.00105476
0
0.000188403
0.000421077
0
0.000717315
0.000707522
0.000216946
0
0
0.000151877
1.76607e-05
0.000403178
0
8.67055e-05
0
0
0
1.03754e-05
0.000449751
7.75418e-05
4.16185e-05
0.000509235
8.78297e-07
9.47568e-05
0
0
0
4.4012e-06
1.56593e-05
0
0.000657572
0.000612623
0.000221276
0.00047991
0
0.00109023
8.46474e-05
0
0.000309567
0.000443516
4.93162e-05
0.000212004
0.000183254
0.000547377
0.000232465
0.000276557
2.22085e-07
0.000617521
0
1.15221e-07
4.62315e-08
0.000117861
0
0
0.000403348
4.24312e-05
0
0.000561758
0.000184954
0.000742818
0
0
0
0.000422448
2.08433e-06
0.000721391
0.000567465
0
0.000717439
0.000808797
0
2.74113e-05
0
0
0.000335416
0
0.000819295
0.000710718
0.000874615
0
0
1.3175e-05
0.000604467
0.00103949
0.00102907
7.09449e-05
0.000619729
0.00094965
0.000537644
0.000260722
0
0.00011192
2.91976e-05
0.00053903
0.000199062
0.000153383
8.83024e-07
0
5.67018e-06
0.000855734
0.000903624
0.000544749
0.000718547
6.57492e-05
0.00106435
0
6.56644e-05
0
0.000317328
0.00024195
0.0003469
3.78841e-06
0.000179668
0.000391195
0
0
0
0.000707939
0
0
0
0
0
0
0
0
3.87943e-06
0.000626233
9.3518e-05
0.000151469
2.16589e-05
0
0.000219105
2.31501e-05
0
0.000177393
0
0
0.0004377
0.000577939
9.33114e-05
0
0
0
0
0.000197135
0.000676766
0
0
0
0.000162381
0
0.000426828
0.00106997
0.00056633
0
0
0
0.00103573
0.000397208
0
0.000772369
0.000583389
0
1.56998e-06
0.000872244
0
0.000415854
0.000508704
0.000425784
0.000386024
0
0
0.000120639
0.000427905
0.000559486
0
0
8.34639e-07
8.18809e-05
7.44049e-06
0.000542034
0.000443506
0.000903478
1.15322e-06
2.70635e-05
0.000248636
2.64374e-05
0.000165212
0.000151769
0
0
0.00097179
0.000417088
0.00117239
8.64631e-05
0.000306801
0.000282046
0
0
0.000119056
0
0.000232453
0
0
3.91146e-06
3.95253e-07
0.000246646
4.25887e-05
0.000301968
0.000334413
0
0.000144183
0.000256915
0
0.000999728
0.000199214
0.000847276
0
0
0
0.000149145
3.4629e-06
0.000998307
0.000370091
0.000290189
0
0
0.000271934
0.000182069
0
6.10721e-08
0.000327578
0.000295067
7.28165e-06
0
0
0
0.000904497
0.000207157
0.000105798
2.57549e-05
0.000164592
0.000141515
0
0.000683952
1.72721e-06
0
0.000347767
0.00079397
0.000569057
0
0
0.000874214
0.000241839
0
0.000455786
0.00016512
0.000219731
0.000909993
0.000167109
0
0.000181942
5.03232e-07
4.01401e-05
8.10226e-05
0.000981072
0
0.000319295
0
0.000159905
0.000214601
9.94876e-05
0.000506553
0.000842612
4.62535e-05
0
0
0.000595073
0.000144847
1.14585e-05
0.000769589
5.83979e-06
3.78297e-07
7.16989e-06
0.00038681
2.57119e-05
0.0011298
0
0.000559529
0.00100062
0.000592632
1.24262e-05
0.00044448
0
0
0
0
0.000542115
2.4117e-06
9.56834e-09
0.000129513
0.000240648
7.97793e-05
0
0.000624413
0.000858058
0.000591627
3.64758e-05
0.000977506
0.000675669
0.000496152
0
0
0.000294665
0
0
2.11015e-05
0.00110255
1.29243e-05
0
0.000390713
0.00052478
0
0.000122211
0.000509706
0
0
0
6.7103e-06
0
0.000664586
0
0
0
0
0.000107446
0.000515816
1.84482e-06
0.000329062
0
0.000374539
0
0.000491484
0.000465094
1.36514e-05
0
0
0
0.000284653
0
0.000252437
9.29395e-05
0.000911867
0.000427838
0
1.87724e-05
0.000419042
7.48202e-05
0.000628684
8.97504e-05
9.09647e-05
0
0.000465653
0.000328532
0.000747114
4.95042e-06
0
0.000781335
0
0
0
8.3182e-05
2.60078e-05
0.000178237
3.55764e-05
0
0.000700589
0.000187639
0
0
6.51858e-05
0
0.00030788
0.000453905
3.44712e-07
0.000517036
5.22822e-05
0
0.000106502
3.52344e-05
0
0
5.29249e-06
0
0.000778495
0.000389447
6.55072e-05
0
0.000478343
5.75573e-05
0
0
0
0.000199386
0.000297738
0.000169407
5.8014e-06
2.42124e-05
0.000250504
0.000705323
0.000211689
0.000291225
3.84832e-06
0
0.000710095
2.53528e-06
3.5025e-05
5.13235e-05
0
0
0.000364868
1.10061e-07
0.000111565
0.000373085
0
0
0.000904204
0
0
0.000483036
0.000700448
0
0
0.000923533
0
0
0.000318558
7.93182e-05
0.000412257
0.00031061
0.00102185
0
0
1.5124e-05
0.000240535
0.000173026
0.000620066
2.23029e-06
1.60399e-05
0
0.000114192
0.000281198
0
0.000166888
0.000122001
0.000371775
0
0.000629086
0
0.000918508
0.000132628
0
0
1.27414e-06
0
0.00101066
0
0.000210061
0.000271724
0.000141151
0
7.1657e-08
0
0
0.000646691
5.95613e-07
9.84725e-05
0.000504996
0.000323117
3.52361e-06
0
0.000302142
0
0.000754985
0.000727548
1.62275e-07
0.000550996
1.06863e-05
0.00065829
0.0001536
0.000361673
0.000848362
7.614e-05
0
0.000209699
0
4.77172e-07
0.000203489
0.000425211
0
0.000148757
0.00081042
0.000135822
0
0
0.000500906
0.000324648
0
3.00526e-05
0.000283071
0.000500038
0
2.46221e-07
0.00091376
0
0.000968691
0
0
2.18177e-07
0
0
0.000376239
2.27945e-07
0
0
0.000245425
0.000777914
0
0
9.93791e-06
0.000196321
0.000902854
0.000734411
1.08776e-05
0.000776431
7.3867e-05
0
0
0
7.25558e-06
0.000213689
0
0.000446591
0.000896637
0.000566501
0
0
0.000191539
0.00046136
0.000389256
2.35834e-07
0
0.000400747
0
7.83374e-05
0
0.000105797
1.46639e-05
0.000230837
5.34937e-05
0
0
0.00052678
0.000224263
0.000782618
0.000258991
0.000593852
2.69719e-07
0
1.50236e-05
0.000306822
0
0
8.77005e-05
0
0
0.000999312
0
0.00042564
0
0.000192099
0
0
0.000744519
5.08346e-05
0
0
6.72255e-07
1.25021e-06
0.00111094
0.000436736
0.000593943
0
0
0
0.000328187
0.000684074
0.000393234
0.000460472
0
0
0.000785484
8.62051e-05
0.000943792
0.000409493
0
0
0
0
0.000557634
0.000715728
0
0.000557638
0.00120261
0.00105374
1.19661e-05
0.000613035
0
0.000220564
0
0.000785688
0.000679927
1.59306e-06
7.2823e-06
0
4.46928e-06
0
0
6.96298e-07
0
0
0
5.74087e-07
0
0
0
0
0
0
3.89267e-06
4.04591e-06
0.000120355
0.000189502
0.000109303
1.5882e-07
0.000831335
0.000849827
0
0
0
0.000361579
0.000100728
0
0.000604392
6.89124e-05
0.000141085
0.000824805
1.88243e-05
0
0.000401017
0
0
0.000291009
0.000192
0
0.000332379
0.000451423
0
0.000334255
0.000111391
0.000623889
0
4.82762e-06
0.000106625
6.2306e-05
1.98404e-05
0.000411612
0
0.000751868
0.000461189
0.000722905
0.000198368
0.000563994
0
0.000861372
7.4016e-05
0.00104176
0.0006093
0.000700627
0
0.000396089
2.60857e-05
9.50731e-05
0.000855771
0.000859203
0
0
0.000201211
2.07676e-06
0.000385287
0.000955768
0.00070746
0
0.000611052
0
0
0
0.0002738
3.6591e-07
0
0.000878004
0
0.000777144
0.000166009
0
0
0.000371606
0.000343752
0.000307674
0.000474794
9.59147e-05
0
0.000104327
5.54599e-05
0.000856628
0
0.000134798
1.30399e-05
0
0
1.16652e-05
3.62405e-05
0.000273965
0
4.33177e-05
0.000312827
0
0
0
0.000195493
4.5125e-06
0.000779774
0
5.68926e-05
6.0176e-05
0.000776453
0
0
0
0.000631306
0.000426343
0
0.000656209
0
0.000240144
0
0
0
0.000129657
7.15585e-07
0
0.00030374
0.000858866
6.69848e-05
3.88571e-05
0.000819543
0
0.000180052
1.52922e-06
0.00111426
0
0.000734846
0.000611812
0.000321585
1.69757e-06
0.000234462
0.000408831
0.000517762
0.000802208
0
5.64588e-07
0
0.000489459
0.000979555
0.000957553
0
0
0.000236215
1.65281e-08
0.000109479
5.7299e-05
0
0.000169435
0.00100756
0
0.000453274
2.39524e-06
0
0.000129456
0
0.000924265
0.000269179
0
0.00115874
0
0.000560274
0.000460159
9.36363e-07
7.28945e-07
0.000447124
0
0
0.000459023
0
3.23903e-07
1.12058e-05
0.000613034
0
0.000237411
0
0.000588921
0.000974203
6.49887e-05
0
3.55229e-05
5.30523e-05
0.00048985
0.000903994
0
6.43826e-05
0.000542855
0
0
0
0.00066773
5.70988e-06
8.2734e-05
4.3504e-07
0.000204297
0.000277713
0.00062197
0.00108451
0
1.84304e-05
3.26849e-05
0
0
0.000418518
0.000859397
8.83471e-05
6.20156e-06
0.000613973
0.000332168
0.000675317
0.000638138
0
0
9.21786e-05
0.000839954
0
0
0
0
0.000219874
9.60108e-05
0.000198846
0.000752033
0.000439035
0
0
0.000200523
0
0.000567276
0.000816752
0.000464124
7.53219e-08
0
6.87197e-07
0
0
0.000167888
0
0.000166596
0
0.000189232
0.000646832
9.30333e-05
0
1.23487e-05
0
0.000872372
0.000967748
0.000799807
0
0.000141052
0
0.000483731
7.92191e-05
3.21857e-05
3.63264e-06
2.60468e-05
0
0.000581477
0.00102488
0.000345433
0.000937413
0.000130941
0
1.56263e-07
0
1.5326e-07
0
0.00090352
0.000657681
0
6.64585e-05
0.000567245
0.000929983
0.000227864
0
0.000359116
0
0
0.000480044
0.000680374
0.000245899
0.000956608
7.27371e-05
0.000139414
0
0
0.000236426
0.000326876
0
0
0.000663354
1.0704e-05
0.000104021
0
0.000461688
0.000715003
0.000351828
0
6.61898e-05
0.00116528
0.000650693
0.000195292
0
8.0111e-05
0.000139013
0.000615755
0.000766363
0.000142809
0.000367746
0
0.000815472
0.000294323
0
0.000493799
0.00112693
0
9.63343e-06
0
0
0
0.000187859
7.67192e-07
0.000685334
0
0.00011297
0.000914505
0
0
0.000546502
0.000193971
9.81708e-05
0.000919298
0.00054449
0.000253709
0
0.000593984
0.000269119
0.000264303
0
0.000451544
0.000394571
0.000879349
0
0.000927929
0.000469614
0.000760029
0.000245661
0
0.000254071
0
0.000173134
3.98718e-06
0
0.000190684
0
0.000915178
0
0.000225661
3.41317e-06
0.000448691
0.000263797
0.000123655
3.16262e-05
0.000550455
0
0.000719471
0
0.00094296
0.000904227
0.000427211
0.000146132
0
0
0.000393556
0.000466988
0
0
0.000943331
0.000651729
0.00108259
9.11697e-05
0.000701809
0
2.07447e-05
0
8.05764e-05
2.39593e-05
0
9.65044e-06
0
0
0.00077914
7.1233e-05
0.000312932
0
0.000242945
2.7872e-07
8.09987e-05
0
5.94684e-08
0.000829687
0
0.000370374
0.000365983
0.000128901
1.82947e-05
0.000871824
0.000360231
0
0
0.000671161
0.000360366
2.20638e-05
6.10649e-07
0
0.000243654
1.23178e-07
0
0.000428356
0
7.21231e-07
0.000384473
0.000216663
0
0.000186645
0
0
0
0.000153285
0.00104855
0
0
0.000204967
0.000249838
1.38943e-06
0
0.000212662
0.00090566
0
0.000577065
0.000568696
0.00067103
0.000104462
0.000975231
0.00108573
4.87102e-07
0.00121088
0.000151566
0.000684394
0
0.00100532
0.000683167
6.80696e-07
0.000101682
0.000311283
0
0
0
0
0
0.000290862
1.16924e-05
0.0002848
0
0
0.000929321
0
0
0.000867053
1.61075e-05
6.21519e-05
0.000710457
0
0
0
0.000145835
0.000212866
0.00068961
0.000753513
0.000375909
3.17067e-06
0.000175632
0.000658599
0
0
0
0
0.000906443
0.000455917
0
0
0
0.000472574
3.21072e-05
0.000543884
0
0.000368225
0.00101495
0.000228868
0.000524129
2.44173e-07
0.00119745
0.000423324
2.75034e-05
0.000960302
0
0.000729625
0
0
0.000861889
0.000497326
0.000519982
0.00061885
0
0.000372187
0.000107107
0.00116896
0.000598372
3.84783e-05
0.000244835
0
0.000311226
0.000677983
0
0
2.28112e-06
0.0005699
0
0
0.000453213
0.000506133
0
0
0.000527162
1.27506e-05
0.000722961
0.00055724
0
0
0
3.88651e-06
0.000833989
0.000265063
0.000846545
1.11018e-06
0
0
0
0.000543218
6.85453e-05
9.60652e-05
0
0
4.11649e-07
0.000105457
0
0.000425444
0
0.0004353
0.000496341
7.10238e-05
7.15743e-07
0.000121141
0
3.57551e-07
0
0.00105911
0
8.17404e-06
0.000502985
0
0
0.000283301
0.00113813
0
0
0
2.92837e-05
0.000123614
0
0
5.14457e-05
0
0
0.00040458
2.1137e-07
0.000565851
0.000426074
0.000331272
0
0.000572853
0.000508493
0
0
0.000767402
0.000358561
0.000892128
0.000328861
0
0
0.000116662
0.000935358
0
0.000203953
0.000480901
0
0
0
0.000330562
0.000156537
0
0
0.000177487
0
0.000297123
0
7.26391e-05
0
0
0
0
0.000287369
0.000447572
0
0.000319562
0.000490436
0.000163463
0.000761074
0.000225349
7.45157e-05
5.80996e-07
0.000875975
0
0.000710584
0
0
0.000694837
1.44596e-06
0.000785105
0.000654309
0.000561085
0
0
0
0
0
1.25612e-08
0.000590989
1.73302e-05
0.000636193
0
0
0.00094429
0
0
0.000286474
0.000187718
0
0
0.000157143
0
0
0.000526379
8.5954e-05
0.000967271
2.30849e-05
0
0
0
0
0
0.00101378
0.000843829
7.76396e-05
0.000159551
0
0.000208107
0
8.90078e-07
1.66745e-06
0.000114895
0
0.000465351
0
0
0
0.000966123
0
0.000707873
0.000357116
0.000246136
0
0
0.000530018
0
0
1.79099e-06
0.000624312
0
0.000149933
0.000288038
0.000368071
0
2.64193e-06
5.47084e-05
0.000104916
0.000993334
3.33212e-05
6.25624e-05
1.55147e-05
0
0.000922619
0.000878753
0.000311262
0.000467975
0
0.000235506
2.40139e-06
0.00028638
0.00078505
0
0
0.000324742
0
0.000225322
0.000121533
0
0.000750483
0
0.000502339
0.00113336
0.000383451
0
0
0.000129943
5.95216e-07
0
0.000774251
0.00103571
0.000647478
0
0
0.000935951
0
0
0.000854277
0
4.9027e-05
0
9.83287e-06
0
0.00112499
0
0
3.30802e-06
3.31695e-05
0.000629354
0.000210974
0
0
0
0
0.00120939
1.94474e-05
0.000255328
5.35802e-05
0
0.00010516
0.000312497
5.95921e-07
7.48493e-05
0
0.000110633
4.49347e-05
0.000383928
0.000439464
0.000421234
0
0
0
0.000238477
0.00036622
0.000853314
0
0.000268007
1.57248e-05
0.000369094
5.88264e-07
0.000670753
0.000279694
0
0
5.95503e-05
0
0
0.000432024
8.27496e-06
0
0
1.89452e-05
0
0
0.000252944
1.49737e-06
0.000832141
0.000841353
0
0
0
0
3.56777e-06
0.000474063
0.000212244
8.90247e-05
0
0
0
0
0
0
7.53176e-05
0.000274101
7.34176e-06
0.000267228
0.000434765
0
2.94366e-05
0
5.87351e-05
0
7.70397e-05
4.85423e-07
0
0.000863969
0
0.00103489
0
0.000378734
0
0
0.000944516
3.91823e-05
0
0.000259893
0
0
0.000168248
3.93496e-06
0.000441168
0
0
0.000178431
0.000684325
0.000713095
0.000107723
0
0
1.82036e-07
0
0.00013101
0
0.000636843
0.00012962
0
0.000208031
0
0
0.000485834
0
0
0.000126124
1.14313e-06
0
0
9.47975e-08
0
0.000893689
0.00042108
0.000400674
0
0.000294347
0
0
0
0.000703927
0
0
0
0.00112719
0.000341114
0.0002064
0.00025855
0
0
0.000603754
0.000447364
0.000381008
0.000143467
4.45737e-05
0.000247976
0
0.000680956
0.000338511
0
7.07663e-05
0
0
0
8.52162e-05
0.00036725
6.33726e-05
0.000478344
0
0.000431366
0.000305865
0
0
0
0.000685077
0.00114154
1.28966e-05
5.21866e-05
6.56582e-06
8.61685e-07
0.000129189
0
1.71483e-07
0
8.39676e-05
0.000292866
0
0
0
0
0.000799495
0.000120836
0.000557385
0
0
0
0
0
6.64917e-05
0.00035957
0
9.77353e-06
0.000399626
8.35108e-05
0
0.000227627
0.000372268
0
0.000134474
0.000564929
0.000322663
1.0552e-05
0.00108221
2.30887e-07
0.000312233
0.00062322
0.000302952
0
0
0
0.000880292
0.000171946
0
0.000934553
0.000220577
0.000386605
0
0
0.000416163
0
0.000956543
0.000302123
0
0.000265298
1.41064e-06
0.00116501
7.09991e-05
0
0.000272695
0.0003918
0.00065725
0.000664993
0
0
0
0
0.000185188
1.33024e-08
0.000785969
0
0.000487083
8.37899e-05
1.87508e-06
0
0
2.50384e-05
0.000576147
0
0
0.000671534
0.000478678
0
0.00105989
0
0.000831379
0
0
0.000723237
0.000808592
0
0.000436413
1.75414e-05
0.0003753
0
0
0
0.000156235
8.65724e-06
0.000422052
0.000385654
0.000684084
0
3.82392e-05
0
0.000904268
0
0.000561684
0.000574402
0.000239246
0
3.38886e-05
0
0.000666878
0.00116942
0
3.54148e-05
0
0
0
0
1.00947e-06
0
0.000405371
0
0
0
0.000501711
0.000161695
0.00102309
0.000211083
0
0
0.000195017
0
0
0
0
0
0.000890493
4.06298e-06
0
1.61003e-05
0
0.000587026
2.85313e-05
0.000574655
0
0
0.00013954
0.000234728
6.55985e-05
0
0.00023666
0
1.28655e-06
0.000325185
0
0.000413163
9.317e-06
0
0.000679016
0
3.61716e-07
0.00111285
0.000773083
0.000430645
0.000206178
0.000590283
0.000130146
0.00100169
0.000876937
5.84087e-05
0
0
0
0.000714413
0
0.000217995
0.000289621
0.00113355
4.13185e-05
0.000867193
0.000457129
0.000344263
0
1.9037e-06
0.000539258
0.000766989
0
1.67521e-07
8.53945e-05
0
0.00013665
0.000466635
0.000352521
0.000122241
0
0
0.000321038
0
0
0
0
0
0.000638449
0.000651211
0.000674849
0
6.24804e-05
0
0.000665765
0
0
0.000736477
0
9.38536e-05
3.05344e-05
0.000166974
0.00103278
2.56091e-05
0
2.46994e-05
1.08998e-06
7.05865e-08
6.87647e-05
2.43068e-05
0.000340023
0.000911451
0
0.000670716
1.64424e-06
0
0.000174326
0
0
7.18198e-05
4.43994e-05
0.000182388
0.000705711
9.95124e-05
0.000851963
0
0
0.000284619
1.42334e-06
4.04344e-05
0
0.00015427
0
0
0.0006333
0
0.000381281
0
8.65228e-05
0
0.000597391
0
9.34564e-05
0.000373459
3.33577e-05
0
0.000691221
0
0
0
0.000297103
0.000814896
0.000719726
0.000847845
1.18543e-05
0.000678407
3.56001e-07
0
0
4.21354e-05
7.08839e-07
0.000493651
0
0.000140419
0.000246559
0.000124568
0
9.04024e-05
0
0.000514629
0
0
0
2.70432e-05
0.000360443
0
0
0.000419077
0.000354656
2.12561e-05
0
0
0.000901137
0
1.58791e-05
0.00104074
0.000176496
0.000946366
0.000645186
0.000234026
1.01721e-06
4.89522e-05
0
2.22467e-05
0
0
0
0.00080795
0
4.42168e-05
0
0.000334432
0
9.67717e-05
0.000138916
0
0.000474358
0.000596808
0
0.000579394
9.42331e-05
0
1.27618e-08
0.000240534
0.000173568
0
0.000838307
0.000812538
0.000469207
0.0011133
0
0.000402456
0.000666149
1.85568e-07
0
0.000146073
3.73378e-06
0
0
0.00014289
0
0
0.000570316
0
9.21351e-06
2.47319e-05
0.000864562
0.0001148
5.74289e-08
0
1.71778e-06
0
2.92676e-06
0.000343251
0
0
0.00112021
0.000769138
0
6.70567e-05
0
0.000111011
0.000973968
6.70629e-05
0.000577136
0
0
0
0.000259531
0
0.00059557
0.0009869
0.000970487
0
1.8282e-06
0.000193023
0
0.000462015
0
0.000305663
0.000374607
0
9.8516e-05
0.000221581
0.000143362
0.000110943
3.03104e-06
0.000147894
9.86173e-06
0
0.000330667
0
0
0
0.000112482
8.37163e-05
3.35474e-05
1.43663e-06
2.47832e-08
0.000153972
0
0
0.000298723
0
0.000829737
6.66495e-08
0
0
2.83232e-06
0.000444488
8.30284e-08
0
0
2.02423e-07
2.09135e-05
0.000369276
0
0.000556732
0
0.000296468
2.1037e-07
0.000824118
9.66351e-07
0.000447744
0.000450898
0.000795039
0.000358495
0
0.000901848
6.59135e-07
8.84422e-07
0
0
0.00016128
0.000934566
0
0
0.00049509
0.000665318
0
0.000306461
3.8703e-05
9.78227e-07
0.000739407
0
7.78256e-06
0
0.00104953
0
0
0
0.000200405
0.000947007
0
0.00038041
0.000572307
0.000125877
9.85535e-05
0
0
0
0
0
0
0.000224619
0
3.54994e-06
0.00114123
0.000941798
0.000336469
0
0.000786829
0.000301639
0
0
0
0
5.30461e-07
0.000882927
0.000298922
0.000639304
5.9887e-06
5.34995e-07
0.000342679
0.000130276
0.000122909
5.83431e-05
5.87553e-07
0
0.000737224
8.03764e-06
0.000557279
0
0.00109923
0.00116224
0
0
0
0
2.30945e-05
0.000822302
0.00016433
3.01632e-05
0
0
0.000947549
0
0
0.000632013
0.000883776
0.000231832
0.000390521
0
5.05568e-08
0
0
0.0005707
9.79186e-05
0
0
0
0
0.000151503
0
0
8.60564e-05
0.00100342
0.000983831
1.56446e-06
0.000324294
7.83801e-05
0.000438565
2.988e-06
0.00041714
0.000154327
3.48544e-05
0.000916475
0
0.000259108
3.34109e-08
7.28666e-06
0.000240289
0
0.000219437
0
0.000602871
0
0
0
0.000938301
0
0.000216986
0
0
0
0.000577492
0
7.93837e-07
0.000139051
0.000581576
0.000239508
0.000328049
0.000230107
5.57689e-07
6.08952e-05
0
0.000469588
6.07993e-05
0.000255361
0.000496172
0.000106669
0
0
0.000199098
0.000315003
0.000277674
5.85279e-05
0
0.000844889
0
0.000237843
0
0.00030515
0.00105341
0.000209691
0.00025306
0
0
8.82965e-06
0.000870459
0.000632086
0.000793998
7.97684e-06
3.60757e-07
5.92199e-05
0
0.000714035
3.79187e-05
0
2.36625e-05
0.000232877
0
0
0.000796146
0.000189517
0
0
2.99077e-07
0
0.000356298
0.000703732
0
0.000335911
0
0
9.82258e-05
9.54348e-05
0.000675465
0.000744227
0.000623273
1.94231e-05
0
0.000414256
0
0
3.1525e-05
0
0
0
0
0
0.000414892
0
0
0
0.000638037
0
0.000737751
0.000178726
0
0
0
0
0
0.0011493
2.06642e-05
0.00011747
0.00105359
0.001076
0
6.65189e-06
0
0
0
0.000236857
0
8.92806e-05
0.000450628
0.000334041
0
0.000120743
0.000192544
0
0.000944272
0.000426456
0.000273223
0
0
0
0
1.87972e-05
0.000261988
0
0.000187156
3.10411e-05
4.13683e-05
0.000672325
0
0
0
0.000387457
8.4071e-06
0.000116284
0.000133596
0.000219579
0.000190856
0.000201947
0.000883052
0.000841707
0.000137559
0.000393278
0.000161328
0.00105038
0
0
0.000177205
0.00062923
0
0.000762625
0.00045219
0
0
0
8.4772e-07
0
0.000624275
2.7372e-05
7.37142e-05
0.000423886
0
0.000232648
0
0
0.000212707
0
0
0.000458061
0.000126333
0.000718993
1.91741e-05
0.000557239
0.00117096
0
0.0002446
0
0.000333522
0
0
0
0.000925424
0.000302705
0.000746936
0
0.000456297
5.94577e-05
8.89974e-06
4.04058e-06
0
2.81521e-06
0
0.000932319
0
0.00115591
0.000252899
0.000156864
0
0.000199213
0
0
0
0.000809053
2.10183e-06
0.000903361
0
0.000564266
0.000302391
0.000850547
0
0.000422106
4.37936e-05
0
0
0
0.000682919
0
0.000501654
0.000214368
0.000336482
0
1.02768e-05
0
0.000273241
0
0
0.00041661
0
0
0.000190574
0
0.000459083
0
2.09937e-05
7.6774e-08
0
0.000700332
0
0
0.000683219
0.000588448
0
0.000208823
1.86482e-05
0
0.000439716
0.000903126
5.94711e-05
5.54034e-05
2.63827e-05
0.000394265
0.00106543
0
1.45402e-05
6.96754e-06
4.45927e-05
0.000304969
0.00106765
1.84221e-05
0.000234415
0.000409713
0.000661983
4.05548e-05
0
0
0.000225763
0.000134388
1.6794e-06
9.35998e-05
0.000395545
0
0.000372419
0.000442534
0.000400759
0.000273988
0
0
0.000259386
0.00100422
0
0
1.32788e-06
0.000151851
0.000554395
9.69848e-06
0.000668341
0.000271675
0
0.000550274
0.000391621
0
0
0
0.000134998
3.4384e-08
0
1.9383e-07
0.000111363
0.00041605
2.33749e-05
0.000686289
0
0
0.000573492
0
0.000862777
0
8.07936e-08
6.61578e-05
0
0
9.92912e-05
0.000988176
0
8.68848e-06
0.000124695
0
0
0.000142646
1.24558e-05
7.65275e-05
0
0
0.000191047
1.20165e-05
5.98627e-07
0.000563093
0.000754758
0
0
0.000149541
8.98219e-05
0
0
0.000244097
0.000506073
0.000219812
0.000195913
0.000443446
0
1.21411e-05
0
0.000155052
0.00067217
0
0.000519722
0
0
0.000275495
0
2.45899e-05
7.80556e-07
0.000374229
0.000506602
0
0.000100079
0.000556808
2.55868e-06
0
0.000285635
0
1.92232e-05
0
5.76667e-05
0
0
0.000386051
0.00030106
0
0
0.00103409
0.000521278
0.000845894
0
0
0
0
0
0
5.18877e-07
0
0
0.00108238
2.37668e-06
2.53716e-05
0.000206675
3.16621e-06
0.000518252
0.00037046
3.4378e-05
0.000935388
1.62075e-06
0.000750323
0
8.38149e-06
5.70291e-05
0.000813119
0
0.000910472
0
0
8.12206e-05
0
0.000110124
8.52592e-05
0
0
0
0
6.34871e-05
0.000840588
3.11248e-07
0
9.79043e-05
0
7.75854e-05
0
0
0.000603742
0
0.000523967
0
0
0
0.000688979
0
2.10269e-05
0.000175432
8.77293e-07
0.000193358
0.000686269
3.51567e-06
0.00026821
0
0.000276435
0.000446624
7.25392e-05
3.3241e-05
2.45747e-07
4.90056e-07
0
8.33693e-05
0.000667163
0.000413014
0.000150998
1.24235e-05
0
0.000541519
0
5.15458e-05
2.09096e-05
0
0.00063576
0.000241685
5.41993e-05
0
0.000370527
0
0.000679783
0
0.000164662
5.91222e-05
0.000115448
0.000303222
0
7.46625e-06
0
0.000122646
0.000546379
0
2.41091e-06
0
0.000750591
0.000719294
0.000721557
0.000295811
0.000869869
0.000475352
1.11095e-05
0
0.000133192
0
4.20824e-05
3.69135e-06
0
0.000376296
1.06445e-05
0
0.000137537
7.78796e-06
0
0.000578161
0.000289135
0.000424663
0.000364964
0
3.35669e-06
0
0.000247399
0
0
5.15714e-05
0.00059113
0
0.000200207
0.000811319
0.000259772
3.63272e-07
0
4.6609e-05
0
0
3.31315e-06
0.000532935
0
0
3.27445e-05
0
1.95178e-06
1.92963e-05
0.000512855
0
0.00094536
0
0
0.000684701
0
0
0
0
0
0
1.7745e-07
0.000179774
0.000328775
0
4.06648e-05
0.000361489
0
8.64451e-05
0.000291156
5.05192e-05
0.000382584
0
0
0.000414553
0.000272319
0.00109518
0.000205723
0.000859989
0
0
0.000995269
0.000325622
0.000468604
0.000548189
1.65131e-05
0.000226653
0.000562229
5.06562e-07
0
0
0
0.000260719
0
0
2.48574e-07
0
0.000252332
4.90571e-05
0
1.0659e-06
7.03801e-05
0.000310462
0.000410962
1.75309e-05
0
0.000379589
3.33253e-05
0.000305104
0
0
0
0.00105416
0
0.000229532
0.000667802
0.000493465
1.18333e-05
0
0.000102837
0
0
0.000186037
0
0
0.000418364
0.00074498
0
0.000490268
0
0
0
0.000244105
0.000144108
0
1.02673e-06
0.000511598
0.000213771
0
0
0
0
0
0.000643579
0
0.00099778
0
4.46401e-05
1.12617e-05
2.06135e-05
0
0
0.000247728
0
0.000178461
0
0
0.00106441
0
0
0
0
3.71886e-08
0.000260076
0
0.000720605
0.000656067
0.000555329
0
0.000148762
0.000521133
0
0.000552869
1.55486e-06
0
0
5.35636e-05
0
0.00025611
0.000110687
9.056e-07
0
0.000311616
0
0
9.59473e-05
0.000148077
3.934e-05
0.000294211
2.5982e-05
0.0004666
2.51401e-05
0
4.8576e-06
0
1.64636e-05
0
1.11244e-05
0
0.000405353
0
0.000268884
0.000640265
0.000955458
0
0.000300252
0
6.89714e-06
0.000190837
0.000649345
0.000615855
0
0
0
0.000352084
3.5884e-05
0.00021338
0
0.000568891
0.000576945
0.000179408
8.12666e-05
1.00555e-07
0
0
1.21548e-06
0.000782262
0.00010882
0
0
0
3.88783e-06
6.27443e-07
8.66922e-05
0.000887187
0
0.000658833
0.000748807
0.000860062
0.000793822
2.62856e-05
0
0.000480671
0.000654336
0
0.000800671
0
0.000431981
0.000177788
0
0
0
1.03771e-05
0.000229167
0.000325024
0.000864406
0
0.000257646
0.00037271
0.000332922
0.000133277
0.000413796
0.000351627
0.000657941
1.40135e-07
0
0.000801228
0
0.000151915
1.32702e-06
0.000704085
0.000939272
0
0.00063575
0.000231829
0.00014774
2.08678e-05
0
0
0.000579329
0.000449362
0.000352541
0.000686143
5.9716e-05
0
7.16251e-06
0
0
0.000817304
0.000833492
0.000525643
0.000987318
0.000859019
0.000974747
0.000893999
0
0
0
0
0.000110055
0.00113631
0
0.000822816
0.000620658
5.37904e-05
0
1.85308e-06
0.000510447
1.89712e-07
0
2.65916e-05
1.68708e-05
1.01793e-05
0.000294445
0.000600879
0
0
2.86147e-07
0
0
0.000126626
0
0
0.000731248
0
0.00021978
0
0
0.000463197
7.97691e-06
0
0.000355986
0
0
7.45513e-08
0.000193452
0
6.97647e-05
0
0
0.000470986
0.00081053
0.000675455
0.00013059
0
0
0.000285473
6.67048e-06
0
0.00056408
0.000214177
0.000245493
0
0.000215447
0.000244706
0
2.83908e-05
0.000117304
3.54341e-05
0
0
0
0
0
0
7.44646e-05
2.21459e-06
0.000378744
0.000513451
0.000380165
0
1.18478e-06
0.000197341
0.000676988
0.000795186
0.000686722
0.000172768
2.73334e-06
7.95213e-07
0.000601919
0
0.000380067
0
5.37029e-06
0.000888229
0
0.000151194
0
0
2.34456e-06
0.00024306
0.000257327
0
0
0.000426701
0.000767401
0.000941494
0.00105461
3.00139e-06
0
0.000982973
0
0
0.000263974
0.000416725
0
0
0
0.000854939
0.000842606
0
0.000204647
0.000234288
0.000462092
6.05568e-05
0.000397213
4.37061e-07
0
7.68832e-07
0
0.000222042
0.000458671
0.000116858
0
0.000422303
1.20664e-08
0.000320912
0
0.00015193
0
0
0.000746791
0.000180645
0.000149291
0.000678306
0.000709758
9.7974e-06
0.000802893
0
0.000630138
0.000678181
0
0.00124137
0.000911787
3.04885e-05
0
0.000296152
0.000260323
0.000100282
0
0.000388915
0
0
0.000545508
0.000703755
0
1.0046e-06
0.000363066
0
0
0.000673995
0
0
0
0.000617308
0.000388196
4.09671e-07
0.000641915
0.000226001
0
0
0.00100619
0
1.03293e-05
0.000235192
0
0.00029107
0
0
0.000218952
0.000821104
0.000288973
7.23874e-07
0.000575388
0
0
0.000748708
0
0.000205382
0.000600418
0
0.000617572
0.000288367
0
1.68988e-06
0
0
0.000943751
0.000696229
5.86262e-07
0.000283988
0.000941882
0.000861021
0
0.000481143
0.000501624
0.000645558
0
0.000934128
3.42715e-05
0.000807887
0
0.000564504
0
0
0
6.0312e-06
0.000836522
0
0.000957037
0
0
0.000655637
3.07495e-07
0
0
0.000308373
0
0
0.000502915
0.00105301
0.000403881
0.000871476
3.29678e-05
0.000512232
1.16896e-06
0
0
0.000113768
3.74214e-05
0
0.000227068
0.000467919
0
0.000430161
0.000489166
1.7471e-07
0.000139799
0.000937378
0
0
0
0
0
0
0
0
0.000469432
0.000254596
3.49662e-06
0.00101102
0.000101851
0
0.000941835
0
0.000503283
0
0.000532391
5.70989e-06
0
0
0.000127883
0
0
0.000540692
0
0.000544055
0.000436542
0
0.000483831
0
0
0.000541969
2.83553e-05
0.000100376
0
6.00599e-05
0.000842075
0
2.67509e-05
0
0
0
2.36272e-07
0
6.35628e-05
0.00105507
0
0
0
1.1066e-07
0.000494395
0
0
6.14133e-08
9.77032e-05
0.000427084
3.22594e-06
0.000590441
5.31247e-07
0.000564573
0.000566432
2.91703e-06
9.15286e-05
0
0.000301601
0
0
0
0
0.000195545
0
0.000460999
0.00020437
1.71761e-05
0.000596959
0
0.000204887
0.000304877
0.000175577
0
0.000118951
0.000326515
0.000741353
0.000733544
0
0.000670545
0
0
0
0
0.000534528
0
0
0.000241911
0
0
2.41287e-05
0.000108558
0
0
0.000609937
0.000746573
2.36033e-06
2.75717e-07
0.00115544
0
0.00077755
0
1.46192e-06
0
0.000457472
0.000112958
0.00072401
0
0
0
0.000214934
0.000817103
0.00074918
7.49925e-05
0.000402028
0.000263275
0
0.000841569
0
0.000102613
0.00060091
2.83065e-06
0.000211904
0.000223333
0.000127938
0
8.09324e-05
0
0.000853997
0.000454954
0
0.000355912
0
0.000940662
1.79227e-06
0
0.000849601
8.30946e-07
0.000252342
0.000195171
0.000962584
0.000135826
7.7138e-08
0.00105157
9.38835e-05
0
0
0.000503964
8.88001e-05
0.000695622
0
0.000112049
0.000310044
0
0.000237474
0
0.000139088
0.000154821
0
0
0.000159508
0.000642758
0.000738601
0.000493235
0
0.000171762
0.000106938
4.92124e-05
0
0.000855779
0.000936309
0.000509608
7.78688e-05
0.000388853
0
0
0.00031705
0.000922618
0
0.000246253
0
0
0
3.15613e-05
0.000395525
0
3.30794e-05
0
4.41169e-06
0.000123554
0
0.000265159
1.34973e-05
0
0.000546255
0.000288939
5.62434e-06
0.000665569
0
0.00100771
0
0.000696966
1.25609e-06
0.000279771
0
0
0.000850764
0
0.000493968
0
0
8.345e-07
0.000816707
0.000922
0
0
3.90131e-05
6.20185e-08
0
0
0.000227121
0.000556655
0
0
0.000329378
3.90262e-07
0.000277731
0.000354885
0
0.000165164
2.41043e-05
0
1.47273e-05
0.00065275
0
0.000102422
4.32395e-07
0
0.000278163
0.000916647
0
1.41932e-06
0
0.000671772
0.000733415
8.31497e-06
0.000217485
8.75976e-06
7.53923e-05
0.000413538
3.89971e-05
0
0.000552536
0
0.000162366
0.000502394
0
2.43915e-07
0.00072272
0.000121151
0
0
0.00054684
0.000130468
6.90345e-05
0.000774021
0.000977291
5.1433e-05
5.86772e-05
0.00040856
0.000620273
8.51996e-07
8.41006e-06
0.000941096
0.000117359
0
0
0.000376178
0.000254186
0
0.000501198
0
0
0.00062964
4.12145e-05
0.000178361
0
0
0.000253954
8.30131e-07
0
0
0.000166686
0.000713165
0
0
0.000463689
0
0
0.000703435
0
0
0
0.000173209
0.000283837
0.000746168
0.000370012
5.70256e-06
1.83586e-05
0.00111867
0.000245082
0.000712578
0.000633246
0.000744902
7.7624e-06
0.000349234
0.000790799
0.000290581
0.000668122
0.000651412
0
0
2.31613e-05
0.000179867
8.97578e-05
2.75868e-05
0
1.80229e-05
0
0.000300452
4.33569e-05
0
0
0
0
0
7.64024e-05
0
0.000179111
0
0.000176929
0
0.000898727
0.000467652
0.000110121
0
0
5.10054e-06
0.000127921
0
0
0
0
0.000254912
0
0.000494401
1.48254e-06
6.10843e-06
0
0.000321827
0
1.42648e-05
0
1.426e-05
0.000727094
0
0
0.000950033
0
6.88251e-05
0.0010219
0
0.000865945
0.00109943
0.000582513
0.000524183
0
3.31986e-05
0.000294367
0.00111692
0
0.000322548
0
0
9.70678e-05
0
0
0
0.000592008
0.000256686
4.44191e-05
0.000523553
0.000330235
0.000724906
0.000127876
0
0.000656532
0.000294725
0.000727445
0.0010971
0
3.1394e-08
0
0.000386328
0
0.000594016
2.70822e-05
0.000228738
0.000172007
0.000255505
0
9.22656e-05
0
2.26629e-08
0.000504746
0
0.00049192
0
9.38726e-05
0
0
0
0
0
0
0.000529408
4.61782e-08
0
0.000122463
0.000644257
1.18065e-07
0
0.000323399
0.000433052
0
0.000103625
0.000953003
0
0.00048896
0
0
0
0.000161248
0.000103455
0.000281065
3.22245e-05
0.000668155
0.000171562
0.000490423
0.000332601
0.000957951
0.000158651
0
0.000243342
0
0.000390206
0
4.88256e-05
0.00064206
4.44203e-05
4.15222e-05
0.00089153
0
0
2.42015e-05
0.000779816
0
0
0.000818101
0
0.000506979
0.000171757
0
0.000837594
0
0.000935056
0.000376914
0
0
5.43405e-05
0.000187532
0.0004649
0.000710332
0.000246461
0
0.00101013
0.000633206
0.000237355
0.00116101
0.000239708
0.00111542
0.000406693
0.000405364
0.000258431
0
0.000129255
0
0.000958275
0
0
0
8.0762e-06
2.03895e-05
0
1.42435e-06
0.000168432
0.000110371
0
0.00062635
0
0.000123964
0.000117537
0.000213209
0.000282128
0.00030228
0
0.00069668
0.000172153
0.000188618
0.000211113
0
0.000378311
1.98926e-05
0.000618585
0
4.28125e-07
0
2.28626e-06
3.22512e-06
5.32809e-06
0
0
2.80832e-05
0.000601401
0
2.88198e-07
0
0.000654183
0
0.000478723
0.000800511
0
0.000676441
2.07801e-07
0.000466634
0.000484414
0
0
0
0
0
0.000486053
0
0
5.84997e-05
8.56678e-06
0
0.000359636
0
0.000112651
0
0
0.000162626
0.000299783
4.31162e-05
0.000837318
0
8.11326e-05
7.43852e-05
3.15538e-06
0
6.80329e-05
0.000468792
0
0
0.000688999
0
0
0
0.000695864
1.40522e-07
4.15576e-05
0
0.000466947
0.000446278
0.000735666
0
0.000540822
0.000300621
0
0.00051408
0
0
0
0.000509702
7.58698e-06
5.0088e-05
7.88924e-07
0.000269074
0.000676229
0
0
0.000627688
2.67503e-07
0
0.000810568
0.000689803
0.000406789
0.000974026
0.000425448
7.54623e-05
0
0.0004986
0.000257646
0.000515817
0
8.38201e-06
0
0
7.33234e-05
0.00116526
0
0.000454253
0.000156153
7.60185e-06
0
0
0.000397488
0.000413759
0
0
4.56498e-05
0.00027667
0
0
0
0
0
0.000417607
6.15197e-05
0.000114453
0
0.000160318
0.000888108
0.000144365
0
0.000427552
0.000205953
0
0
5.78975e-06
0.000723464
0.000272058
0.000785455
0
0
0.000650665
0
0.000114814
0
0.000557767
8.75957e-05
0.000344399
2.81144e-06
0
0
0
0
6.11079e-08
0.000986137
0
0
0.000768547
0.000589097
3.60762e-07
0
0
0
0.000873986
0.000692175
0.000127556
0.000458535
0.000867308
0.000418635
0.00018299
0
0.000117255
0.00115078
0.000642185
0.000238618
0.00050026
2.54935e-05
0.000774327
0
0
0.000322924
0.000739362
0
1.77269e-06
0
1.01582e-06
7.71935e-06
0
0
0.000892143
0
0.00024691
8.04775e-06
1.75907e-05
0.000450044
0
0
0.00052406
5.92094e-05
0.000783076
0
0.00076692
6.18085e-06
0.00105015
0
8.35962e-08
0.000160676
0
0
7.68511e-06
0
0.000119989
0
0
0.00027804
0.000368881
0
0.000433023
2.71857e-06
0.000635325
0.000862206
5.39042e-05
0.000410939
0.000376356
7.19287e-06
0
0
0.000687407
0.000494208
0
7.76893e-06
0.000287535
0
0
0
4.5293e-07
5.21922e-05
0
0
0.00022934
0
0
0.00015287
7.31646e-06
0.0003721
2.76268e-05
0
9.64434e-05
0
0.000513334
3.35835e-05
6.7195e-07
0
0
0
0.000154848
0.000634926
0.000352768
0
0.000178946
0
0
0
0
0
0
3.59578e-06
0.000789612
0.000391929
0
7.43124e-05
0
0
0
0.000211281
0
0
0
0.000302873
0
0
0
0
9.05897e-05
9.05771e-05
0.000419671
0.000243609
0
0
0.00054622
0.000600133
0
0
0.000603809
0.000134244
0.000313921
0.000779578
0
1.55748e-06
0.00069509
7.75237e-05
0.000617851
0
0.000541916
9.52436e-05
0.00032142
5.49294e-05
2.01348e-06
0
0
0
0
0
0
0.000160132
0
0.000346766
0
1.53309e-05
0.000929577
1.96449e-06
0
0.0001489
0.000287894
0.00111765
5.0592e-05
0
0
8.55307e-05
0.00041756
0.000745084
0.000303408
1.17225e-05
0.000230529
0
0
0
0
0
0
0.00016647
0.000101728
0
0.000427711
0
0.000462056
9.68975e-05
7.03552e-06
0
0.000233867
0
0.000709624
0.000870123
0.000579439
0.000286628
0.00073292
3.42382e-07
0
0
0.000489884
0.000955872
0.00108025
0.00010123
0
0.000329607
7.92079e-05
0
3.94254e-05
0
0.000296857
0
9.22281e-05
3.11272e-05
0
0.000383797
1.62996e-05
0
2.73918e-07
0
3.48688e-05
0
0
0.00012475
0.000412276
0
0
0
5.43632e-06
9.78914e-05
0
0.000715882
0.000138129
0
0
0.000395401
0.000832758
0.00046946
1.44776e-06
0.000678004
0
0.000340385
0.000277581
0
7.05538e-05
0
0.000778716
0
0.000800794
0
0
0.000809935
0
0
0
9.61637e-05
0
0.000674516
0.000138412
0.000161513
5.28591e-05
0
2.45671e-05
0.000148053
9.77128e-05
0
0
0
0
0.000134269
0
7.58789e-05
0
1.86184e-08
0
0
0
0.00019439
0
0.00105287
0.000572929
0
0
0
0
0
0
6.99945e-07
0.00014711
0
0.000231041
0
0
8.85614e-05
8.59847e-07
0
0
0
0.000990695
1.33277e-06
0
0
0.000261971
0.000505099
0.000142737
0.000185187
0.000687405
0
0.000435941
0
0.000491993
0
0
0
3.3058e-05
0.000482593
3.31152e-05
0
0.000415166
7.25931e-05
9.05009e-05
0
1.8636e-06
0
0
0
7.01209e-06
0.000483121
0
0.000259465
0.000624447
0
0.000240975
0
0.000527789
0
0.000154268
0
6.72463e-05
1.03602e-06
0
0.000470668
6.52138e-07
8.50477e-05
0.000269588
1.66019e-07
0.000100771
0
0.000624752
3.00971e-07
0.000374966
0.00045585
0
9.44718e-05
0
0
0.000682505
0.00106747
0.00033168
0
0.000143296
0
0.000403087
0.000135326
0
0
7.68082e-07
0.00028476
0.000183358
0.000419838
0
0
9.68769e-05
0.000154822
0
1.70868e-05
5.46071e-08
0
0.000760704
0.000152448
0.00105726
0
0.00069368
0.000198187
0.000458122
0.000467949
0.000808358
0
0.000127008
0
2.48882e-05
0.000385203
0.000120471
0.00103154
0.00073337
7.81584e-05
4.06772e-07
2.79148e-07
0.000459401
7.47813e-05
0.000623935
0.000543039
0
3.36536e-08
0.000743398
0.000158882
0
0
4.98825e-05
8.87462e-05
4.10977e-05
7.81621e-06
0.000206747
0.000804799
0.000367756
3.10563e-05
2.68591e-06
0
0
0
0.000189104
0
0
0
0.000617877
2.14772e-08
0.000380158
0.000384186
0
1.37063e-05
0.00105348
0
0.000117831
0
0.000139624
3.91522e-09
0.000423486
0
2.16508e-07
0.000213234
0
0.00034769
0.000673588
0.00030342
0.000301758
0.000523913
5.95408e-07
0.000343112
0.000793601
2.6716e-05
0.000550324
1.92216e-06
0.000201326
0.000178308
0.000498501
0.000891482
8.09624e-05
0.0011008
0.000801583
6.88446e-05
0
3.47675e-08
5.08416e-07
9.90414e-05
0.000432164
0.000456968
7.15529e-05
0
0
3.51178e-06
0.000930358
0
0
4.68167e-07
0
0
0
3.81644e-07
0.000669833
0
0.000592661
0.000163236
5.37434e-05
0
0.000334887
0.000286531
0.000112974
5.38106e-07
5.30133e-06
0.000234133
4.83547e-05
0
0.000347718
0
2.42701e-05
0
0
0
0
0
0
0
0.000816093
1.32134e-05
0
0.000127733
0.000581931
0.000473091
0.00088631
0
0.000776369
0.000212746
9.35987e-08
0.000487938
0
0.000559299
0.000225817
0
0
0
0.000728601
0.00016433
0.000834664
0
0.000286484
0.00103845
0.000788788
8.52963e-05
6.70703e-05
0.000547533
0.000546797
0.000119881
1.9719e-07
3.80115e-05
0
8.55343e-05
0
0.000777269
7.89661e-05
0.000658423
0.000488841
0.000362908
0.000218975
0
0.000502274
0.000272311
0
0
0.000588929
2.67601e-07
0.000821883
0
1.88831e-05
4.36537e-06
1.5793e-05
0
0.000324465
0
0.000133268
0.000452395
0
0
0.000780566
0.000628556
5.63795e-07
0.000404443
0
0.000151781
9.49769e-05
0
0
0.000498861
0
1.54019e-05
5.408e-05
0
0.000108139
0
0.000388868
0
0.000174224
0
0.000556808
0
2.41764e-06
0.000582453
5.62234e-07
4.98769e-05
0.000201996
0.000321432
2.23686e-06
0
0
0
0.000232055
0
1.06157e-05
0.000437205
8.42744e-06
8.50853e-05
0.000564772
0
1.16387e-05
0
0.000855192
0.000893383
0
0.000507937
9.9303e-05
0
0.000405423
0.000501404
0
0.000999672
0
0
0.000515757
0.000521285
0.000234668
0
9.31364e-05
0.000155049
5.91839e-05
0
0.000641637
1.28095e-08
0.000456343
0.000854441
0.000935441
0
6.72842e-05
3.52703e-06
0
0.000675072
5.72735e-05
0
0
7.19065e-05
0.000493814
0.000840898
1.32481e-07
0.00111118
0.000116358
0.000989078
0
0
1.28224e-07
0.000248536
0
0
0.000972183
0.0010824
0
0
9.44321e-05
1.82841e-05
0.000643323
0.000740711
0.000476646
0
0.000669704
0
0.000524748
0
0.000336789
0
0.000643404
0.000284596
0.000339829
0.000655172
0.000155405
0.000271252
0.00030848
0
1.14525e-05
7.74748e-05
0.000712264
0
0
0.000865412
0.000253268
0.000531256
4.827e-05
0.00115157
0.000908117
4.01424e-05
0.000791657
1.54428e-07
7.84529e-05
0.000420642
0.000716053
0
0.000256558
0.000344038
0.00041411
0
0.000207798
0.000947383
5.6702e-07
0.000695969
0.000342253
8.01092e-05
0.000504456
0.000160803
0
0
0
0
0
0
0.00034879
0
0.000677393
0
7.85111e-07
0.000240012
0.000540679
0
0.000329981
0.000186945
0
1.62437e-05
0.00018746
0.000121535
0.000185338
0
0.000122384
0
0
0
0
5.06871e-06
0.000585919
0
0.000927096
0
0.000701232
0
0
0.000616735
0.000965216
0
5.00527e-06
0.000826647
9.29358e-06
0
1.2403e-06
0
6.00967e-06
9.37407e-08
0.000201941
0.000236821
0.000932205
3.16451e-05
0
2.37116e-05
0.000939467
3.86933e-05
0
0.000758071
0.000142929
0.000843285
0
2.53957e-05
0.00111994
2.9773e-05
0
0
0.000132555
0.000660714
0
2.04637e-05
0.000143721
0.000679613
0.00086808
0.00120174
0.000324318
0
0.00015107
0.000401953
0
0.000497051
2.95873e-05
0.00023211
0.000544394
0.00012399
0.000994687
0
0.000840025
0
3.11881e-05
8.71968e-05
0
0.00101431
0.000595876
0.000172593
0.000484963
0
0.00016491
1.38577e-06
0.00065738
1.15621e-08
0
0
0
1.97943e-05
0.000327077
0.000899273
0.000223505
0.000297329
0.000436518
0
4.11752e-07
0.000228772
4.87878e-06
9.29498e-06
0
4.28452e-05
3.95709e-05
8.91588e-05
0
0
0
0
0
1.38096e-06
0
0.000781805
1.11854e-06
0
0
0
5.15392e-05
0.000470677
0.000598035
0.000943686
0
0.000918623
7.82148e-06
9.29106e-05
0.000466247
0
9.82381e-05
1.78828e-06
0
5.95864e-05
6.82617e-06
0
0.000696078
0
1.38171e-06
7.22534e-05
0
0.000107688
0
6.53221e-05
0
0
0
3.03243e-06
7.64547e-05
0
0.000143796
0.000513141
0.00033392
0
0.000291485
0.000204547
0.00060482
8.5102e-05
0.00042898
0.000392398
0
7.89858e-05
0
0
0.000936726
0.000803671
0
1.3895e-06
0
0.000944905
0.000623802
0
0.000801119
8.77634e-06
4.24534e-05
0.000263811
0
0.000156211
0
0
0.000155075
0
8.13218e-05
9.27166e-05
0
2.46423e-06
0
6.33845e-05
0.000241658
0.000297624
0.000493455
1.62988e-05
0
0.000268542
0
0
5.15584e-05
0
0
7.16586e-07
0.000565212
6.28088e-05
6.51589e-05
0.000542994
0.000440193
0
0.000167056
1.42554e-05
0
0
0.00061827
0
0
0
0
2.56782e-07
0.000506076
0.000418917
0.000800357
0.000720782
0.000419674
6.41128e-07
9.48506e-06
0.000453848
0.000841523
0
0.000835321
0
0.000231441
0
6.97632e-05
8.13671e-05
0.00010505
0
0.000203092
2.15996e-05
3.4115e-07
0.000503423
0
0
0.000473251
0.000464542
0
0.000667614
9.2262e-05
0.00051412
0.00074047
6.40569e-05
0
0.000218205
0
0.000106303
0
0.000677022
0
0.000600804
0
0
0
9.70739e-05
0
1.09766e-05
0.000197257
0.000214381
7.80018e-05
0.00108147
0.000266819
0.000467626
0
0.000151932
0
0.000906952
0.000700264
0
0.000213243
0
0.000587103
0.000500669
0
0.000226325
7.63667e-05
0.000435944
9.81734e-05
1.77824e-05
0.00063743
0.000226699
1.73265e-06
0.000160561
0
0
0.000554823
8.2109e-07
0
0.000108175
0
0
0.000339191
0
0.000245696
8.21912e-05
2.74261e-05
0.00029686
0.000171057
8.88581e-05
0.000952112
5.86785e-05
4.16755e-05
3.67684e-06
0
0.000598742
0.000895572
0.000461425
6.50905e-05
0.000527047
0.000354496
0.000485875
0.000344444
0.000236532
0.000659391
0.000299906
0.000396116
0.000149588
0.000533902
0
0
0.00028595
0.00116175
0
0.000163782
8.69009e-06
0
0.000775587
0
0.000234657
0.000917298
6.56324e-06
0
0
0
0.000630178
0
5.67361e-05
0.00112025
0.000177753
0
0.000508537
1.32944e-06
5.49865e-08
5.7432e-05
0
0
0
0
1.1907e-06
0.00058611
0
0.00022868
0.000304292
0.000327759
0.000185258
0
0.000128482
4.61511e-05
7.7002e-07
0.000347284
0.000381688
0.000212622
0
0
0.000553872
0.000737763
0
0
0.00102061
0.000534051
1.01157e-05
0.000652067
0.000261747
0.000305923
1.33486e-05
0.000372882
0.000672114
3.431e-06
1.70345e-07
0
0.00025404
2.25962e-05
0
9.70161e-05
0.000294991
0
0
0.0006934
0
0.000114078
4.0445e-06
0
0.000399384
0.000379187
0.000561022
0
6.78768e-07
0
0.000189282
0
0.000432752
0
0
0.000159279
1.61008e-06
0
0.000565907
0
0.000841436
0.000376223
1.90775e-06
3.43818e-05
0.000554995
0
0.00034953
0
0
0
0.000354595
5.1652e-05
0
0
0.000286309
0
0.000448586
0.00106231
0.0001268
0.000257958
0
0
0
0
0.000416162
7.23069e-08
0
8.54051e-05
0
0
0
3.30486e-05
0.000572172
0.000152578
0
0
0
0
0
0.000376819
0
0
0.00082673
0
0
0
3.16489e-05
0.000322267
0.000664368
0
0
0.000696892
0
0
0
0
0.000142167
0.000950713
0
9.1402e-05
0.000264066
0.000186951
0.00084309
0
0.000334478
0
4.31424e-07
0.000696044
0
0
0.000269088
5.14025e-07
0.000501516
0
0
9.83928e-05
0.000459202
0.000416078
0.00041424
0
0
0.000166071
0
0
3.4627e-05
0
5.09479e-07
0
0.000315644
0.000572176
0.000387471
0.000225517
0
0
8.63026e-08
4.28288e-05
3.81398e-05
0
0
1.61349e-05
0.00102268
0
7.19327e-05
1.67284e-05
0.000239557
0.000425566
0
0
0
5.75822e-05
0.000227929
6.07588e-05
0.000286338
0.000266781
0.000893413
0
2.09694e-06
0
0.000154608
0.000181327
0.000538962
0
7.10104e-05
0.000252222
0.00104407
0
0.000200112
0.000674298
0.00097651
0.000981424
0.000907682
0.000327233
4.37823e-06
1.77544e-05
1.53939e-05
0
0.000120186
0
0.000184933
0
0
1.34612e-06
6.82303e-05
0
0
0.000655203
0.000148525
7.57505e-05
0
9.674e-05
6.37828e-05
0
0
0
0.000462907
0
7.40744e-06
0.000806048
0
5.83931e-05
0
2.18595e-05
0.00033224
3.82113e-06
0.000755075
0.000843277
0
0
0
0.000339009
0.000238151
0
0.000316689
2.05165e-06
0.000690194
0
0
0
0
4.01343e-07
0
1.03646e-05
0
0
0
0.000416056
0.000439771
0.000645762
8.7235e-05
0.000341543
0
0
0
6.21094e-05
1.97709e-06
3.26008e-05
0.000947235
0
0
0.000671922
0
5.61585e-05
8.4253e-07
0
0.000986541
0
0.000114141
0.000229686
0
0
3.64809e-06
0.000403556
0.00112334
0
4.83134e-06
1.20915e-05
0.000529472
0
3.43099e-05
0
4.00873e-08
0.000341652
0.00102851
3.69872e-06
0
0
0
0
3.22477e-05
0.000458322
0
0.000349245
0
0.000277109
0
0.000365886
0
0
2.07191e-07
0.000320305
0.000304976
0.000758583
0
0
0
1.62119e-06
0
0.000195633
2.64201e-05
0.000387618
0.000800895
0
0.000340288
0.000352361
0.000614162
0.000945461
5.60875e-06
0
0.000416663
0
0
0.000278985
8.72466e-05
0.000219616
3.12775e-06
0
0
0
0
1.28465e-05
0.000863212
0
9.01537e-07
1.36655e-07
1.82834e-07
0
0
0.000313756
0
0
0
0.000372133
0.000588853
0.000410339
0.000803275
0
3.7831e-05
1.06239e-06
7.17489e-05
0.000815534
0.000144756
0.000773124
8.18014e-05
0
0
0
0
2.1632e-06
0
0
0
5.35128e-05
0.00102997
0.000875013
0.000307739
0
0
5.75288e-05
5.80939e-06
0.000677604
0.00048685
0.000620833
0
0.00010163
0
0
0
0
0
0.000797487
0.000472446
0.000221531
0
0.000596342
0.000193985
0.00045986
0.000831625
0
0.000787843
0.000498431
0.000349708
7.65019e-05
0.000686392
0.000181339
0
0.00010127
7.34802e-05
0.000889756
0.000368945
0.000164232
7.41589e-07
0
9.63181e-08
0.000243403
0.000574983
0.000604174
0
1.2039e-05
0
7.20014e-05
0
3.76328e-05
0.00105323
0.0011395
0
8.55036e-05
0.000198712
9.91365e-08
0.000632278
0.000477388
0
0.000730016
0
0
0.000340017
0
0.000492455
6.86595e-06
0.000767333
6.94981e-07
0
0
2.95487e-08
0.000238774
0.00109789
0.000464284
0
0.000118398
0
0
0
0.000608211
0
0.000291167
0.00030358
0
0
0
0
0
0.000302035
0
0.000120247
0
0
0.000805061
2.25543e-06
0.000529427
0
0.000135711
0.00063444
7.91652e-06
0.000492125
0
0
0
9.68392e-05
0
9.05955e-05
0.000172843
0
9.08795e-05
0
0
3.35298e-06
0.00045996
0
0
0.000949546
0.00024462
0.000317239
0.00054373
0.000179336
8.54647e-05
0.00110181
0.000302723
0
7.63939e-07
0.000232836
0.000343288
0
0
0
0
0.000778793
0
0
1.50834e-05
0.000219666
0
0.000786183
1.66507e-05
0
0.000900321
0.000159884
0
4.33729e-05
0
0.000762525
0.00066286
0.000277045
0.000110561
0.000676017
0.000278457
0.000261162
0.000475494
0
0
0.000860443
1.94146e-05
0
0.000507332
0
7.3778e-07
3.76527e-05
0.000502436
0
0
0.000329499
0.000778019
0.000298402
0
4.54017e-05
2.0823e-05
4.08093e-07
7.25515e-07
0.000109233
0
4.1992e-05
0.000850591
0.000136976
0
7.07744e-05
0
0.00110504
0.000270164
0.00029757
6.93607e-06
1.53829e-05
0.000962428
0
2.1717e-05
0.00016118
0.000974782
0
0.000667561
0
0
0
0.000333291
0
5.79748e-05
0.000600022
3.35978e-05
0
0
9.21792e-06
0
0
0
5.18891e-05
5.23237e-05
0.000190147
0
4.64678e-05
0.000943074
0
0
4.831e-05
0.000599656
0.000794121
6.6784e-07
0.000144404
3.34904e-05
0
2.0314e-05
0
0.000952522
0
0.000987842
0
0
0.00010558
0.000246242
0.00103182
0
2.75856e-07
0
0
0.000618948
0.000166258
0.000917697
6.90977e-05
0
0.000270204
0
0
0
2.21417e-05
1.84978e-05
3.02816e-05
0.000541572
0.000365682
0.000931547
1.25107e-06
0
0.000631448
0
0
2.0836e-05
0.000487651
7.51622e-06
3.9322e-06
3.68626e-05
0
0
0
0
0.000186254
0.000141586
0.000731907
0.000574141
0.00020992
0.000242267
0.000718714
0
3.73592e-05
7.59204e-05
3.55415e-08
0
0.000178426
0
0
0.000121748
5.51032e-05
0.000351426
0
0.000867883
0.000455947
0.000898451
8.4462e-05
0.000100971
5.37307e-05
7.02304e-05
3.00016e-07
0
0.000241388
0.000139934
0.000414112
0
0.000193821
0.000366649
0.000416184
0.000285682
3.78529e-05
7.62638e-05
0.00105377
0
2.08833e-05
2.44643e-07
0
6.83507e-05
0.000135227
2.04323e-05
9.02369e-06
0.000659348
0.00037027
0
0
0.000242676
7.35722e-05
0
1.09813e-07
0.00117154
2.424e-06
0
0
0.00024741
0
0
0
0.000182777
0.000945303
0.000527686
0.000120842
0
0
0.000478024
1.65719e-06
8.26289e-05
0
3.04689e-06
0.00104108
0
0
6.25082e-06
0.000488767
7.08779e-07
0.000155017
0
0.000692992
1.25982e-06
3.11028e-05
0.000647902
0.000164227
0
0.0010238
0
0
0
0
0.000481052
0.000660066
0.000418315
8.22477e-05
0
0
0
0
0.000460149
0
0.000507072
8.97671e-05
0.000672595
0.0002833
0.00016543
5.78696e-06
0.000571755
0.0010578
6.36875e-05
0
0.000321249
0.000600993
5.61163e-05
0
0
0.000596399
0
0.000101589
0
7.36679e-06
0.000363221
0.000211476
3.73299e-07
0
0.000380893
0
8.29771e-05
0.00061972
0
0.000954231
3.67717e-07
0
0.000184244
0.000711336
0
6.26959e-05
0.000363533
0
8.9268e-05
0.000334086
0.000703034
0
0
0.000589631
0.000474672
0.000386495
5.6282e-06
0
6.98485e-07
0
0
0.000598253
0.00022011
0.000353737
0.000262744
0
0.00113541
0.00050308
0
0
0.00044447
2.79777e-05
0
0
0
0
2.75593e-08
8.14597e-06
0
0
0.000559415
0
0.000251447
1.50565e-07
0
0.000159037
0.000517195
8.16349e-06
0
0
0
0
0
0
0.000978727
7.01068e-05
0.000491025
0.000475663
2.21754e-07
0.000909341
0.000165671
0.000453752
0.000297669
0
0
0
5.4235e-07
0.000835167
3.67171e-05
0
0.000387453
0.000522653
0.000154508
0
0.000431116
0
0
4.79923e-07
0
9.53623e-05
0
9.15295e-05
0
1.56127e-06
0.000543828
0.000672878
0
0.000416355
0.000766736
0.000462392
0
0
0
0.0008122
0
0
0.000586827
0.000439514
0.000982588
0.000243178
0.000646575
0
2.51249e-05
0.000130183
1.76901e-06
0
0
0
0.000271453
0.000902727
0.000435925
0.000962788
0.000112572
2.92904e-07
0
0.000964643
0.000221572
0
0.000509017
4.95567e-07
0.000776624
0.000338019
0.00083676
0
0.000202381
9.83765e-06
0.000282445
0.000292238
0.000946653
4.77362e-05
0.000987564
0
0
0.000770646
0.00113024
0
0.00060974
0.000196729
0
9.20441e-05
7.03646e-05
0.000339666
0
0
0.000382958
0.000238133
0.00037371
0.000156556
0.00101594
0.000538369
0
0
0.000273537
0.000224304
0
0.000232692
0
0.000534244
7.20202e-05
0.000508209
0
0
0
0.000235248
1.04713e-05
0.000151389
0
0.00110796
0
3.33575e-07
1.11807e-05
0.000396245
0
0
0.000148296
0.000820952
0.000108263
0.00015231
0.000151938
4.17929e-06
0.000141465
0
5.23705e-07
0.000811792
0.000357166
0.000781287
0.00067671
0.000152045
0
0
0.000595532
0.000833889
0
4.01168e-05
0
5.13717e-06
0.00094315
0.000310135
0.000915874
0
9.30578e-07
1.08122e-05
0
0.00011486
0.000365038
0
0.000673221
0.000207268
0
0
8.3849e-05
0
0
0
0.000408641
0.000170438
7.52089e-05
0
0.000990744
0.000542685
1.03423e-05
0.000332926
0
0.000861455
0.000710611
0
9.71913e-07
0.000157963
0.00034392
0
0.000828678
0
0
0
0.00114474
0.000478313
0.000518144
0.000149035
0
0
0.000805409
0
0
0.000215245
0
6.64206e-07
0
0.000228692
3.84901e-05
0
0
8.80019e-05
0.000373126
0.000416236
8.54161e-08
2.89963e-05
0
0.000312551
0.000217951
2.76605e-06
5.34148e-05
0.000371584
0.000114615
0
0.000680503
0.000229754
6.25599e-05
0.000244371
0.000314104
0.000301035
0
0.000296176
5.07253e-05
0.000756351
0.000134167
0.000251031
0
0.000198322
0.000334204
0.00045663
0
3.65369e-05
0.000798682
0
3.69376e-05
0.000199546
0
0
0
0
0.00108184
0
0
0
0
0.000429898
0.000129688
0.00100618
0
0.000226312
0.000799127
0
0.000599854
0
8.25758e-06
0.000307
0.000201585
0.000899423
0
0
4.59261e-07
0
0
0
0
1.14133e-05
0.000353931
0.00014542
0
0.000107019
0
0
3.47054e-06
0.000106428
0.000853913
0.000200692
0
3.97503e-06
0.000132074
0.000606947
2.3442e-05
0
0.000607976
0.00100723
7.76367e-07
0
0
0
0
0.000212853
0
0.000288533
0
0
0.00111668
0
0.000693987
0
0.00039533
0
0.000496159
0
0.000332385
0
0
0.000650848
0.000991881
0.000402399
0.000859397
0
0.00077704
0
0.000242446
0.000533948
9.74245e-06
0
0.00052518
0
0.000459649
0.00046424
0
0
0.000392429
4.08611e-06
0
0
0.000113751
0
0
0
5.02263e-06
8.56763e-05
0
1.12098e-06
1.05968e-06
0.00053173
0
0.000183912
9.87934e-05
0.000743099
0.000836963
0
0
0
0.000411651
0
0
0.000216849
0.000947344
0.000671549
0.000105903
0.000295856
0.000750532
0.000636795
0
5.73894e-05
0
0
0.000793233
0.000745106
0.000440153
0.000457778
0
0
3.27623e-06
5.92885e-05
0.000111596
0.000159235
0
0
0
9.88971e-05
2.12975e-07
0.000719982
0
0
5.76829e-08
0.000424995
0
0.000589205
0.000718512
0.000865939
0
0.000733281
0
0
0.000708997
0
0.000126999
0.000397528
0
0.00106493
0
1.44635e-07
0
0
0
0
9.93315e-05
0.000132138
0.000380884
0
0.000778657
0
0
6.99435e-08
0
0.000428246
9.06041e-05
0
0.000142961
5.58073e-08
0
0.00072956
0
1.23554e-05
0
0.000120539
0.000120859
0.000457181
0
1.07195e-07
0
0
0.000905487
0
0
1.75324e-05
2.37323e-06
0
0.000532539
0
0.00031827
0
1.60281e-05
0
0
0.00064498
0.000216477
0.000907443
0.000597393
0
1.46921e-06
0.000177554
2.29821e-05
0
0.000341274
0
0
0
0.000248914
0.000722488
0
0.000534052
1.20646e-05
0
0.000309739
1.89082e-06
0.00101989
5.30282e-05
0.000582133
0
0
0
0
0.000538403
0.000304411
0
0.00109743
0
0
0.000586644
0.000229347
2.83352e-07
0.000481344
0
0.000329894
0
3.26777e-06
0
4.73664e-07
0
0.000613777
0.00118304
0
0.00106324
5.54412e-06
0
0
0
0.000234711
0
2.81581e-05
0.000583923
0.000161808
0
0
0.000352267
0.000376333
0
5.71219e-06
0
0
0.000394794
0
4.26359e-05
0.000343684
0.000716004
0
0.000764175
7.53924e-08
0
0
0
0.00032573
4.10838e-05
0.00040318
0
3.22112e-07
0.000951091
0.00097092
0.000309802
0.000274478
0.000580645
0.000143913
0.000242093
0.000628298
0.000675054
0
0
0
0
0.00032538
0
0.000815947
0.000969814
0.000473755
0
0
1.29478e-05
1.11609e-05
0
0
0
0
0
0.00066728
0
0
0.000730024
0
9.66991e-05
1.77952e-05
0
0.000458647
0
0.000280304
0.00113486
0
6.37101e-05
1.39198e-05
7.21166e-07
0.000596555
0.00103429
0.000153252
0.000158816
0.000213778
4.71701e-05
0.000866802
1.12929e-06
0.000142643
0
0.00057143
0
3.96473e-07
0
0
0
0.000787499
0.000390169
0.000384449
0
0.000111436
0
0
0.000468473
0
0
0
0.000690062
3.29702e-05
0.000867702
0
0.000747061
0.000964463
0.000283114
0
0.000648421
0.000102232
0
0.000166448
0.000468258
0.000541392
0.000658834
0.00018765
0.00062952
0
1.77032e-06
0
0
6.74047e-05
0
0
0
7.4475e-08
0.000338724
3.1219e-05
6.99696e-06
0.000731884
0
0.000427845
0.000272964
0
0.000502287
0.00079414
0.000667704
0.000571537
0.000267077
5.99166e-07
0
0.000809192
0.000376943
3.50776e-07
1.40174e-06
0
4.69524e-06
0
0
0.00105401
5.48935e-05
0
0.000162956
0.000233904
0.000538645
0.000312815
2.75492e-06
0
0.000565553
0
0.00045212
0
0
0.000671817
0.000451323
0
7.53971e-06
0.000189147
0
0.000147263
0
0
0.000582674
4.4947e-07
5.29874e-05
0
0.000186236
3.35446e-05
0
0.000775425
0
0.000271543
0
0
0.000544322
0
0.000703049
0
0
0.000459466
0
1.40147e-05
0.000507309
0
9.68391e-05
0.000444437
4.84007e-05
0
0
0
0
0
0
0.000968963
0
0
0.000770244
0
4.0908e-05
0.000494555
0
0
2.92788e-06
1.21798e-06
1.75335e-06
0.000373599
8.1428e-05
8.69499e-05
6.48778e-07
0.000478825
0
0
0
6.80943e-06
0.000118156
0
0.000214457
0.000309258
0
0.000381273
0
0.000238488
0
0
5.91553e-07
0.000289224
1.80316e-07
4.92353e-06
0.000453609
0
0.000112555
0.000591078
0.00027496
0
0.000797854
8.41131e-06
0.000405544
0.000763903
3.59277e-05
0
0.00014503
0.000280384
0.00106349
3.65911e-05
1.02514e-06
0
0
0
9.41426e-06
0
0
0
9.71827e-05
1.68689e-05
0.000686156
3.33097e-05
0.000957257
0.000380355
0.000660141
0
0.000798399
1.50699e-05
6.12014e-06
0
0.000785078
0.000493053
8.03794e-07
0.000650039
4.76904e-06
0
0.000102648
0.00017621
1.4735e-05
5.10005e-05
0
4.12104e-08
0.000699735
0
0
0
0
0.000302544
0
0.000131203
0.000779425
0.000109702
0
0
0.000233959
0.000939937
0
0
0.000111891
0
0.000309954
0.00040677
0.00109431
0
0
0
3.27228e-07
8.26041e-05
0
0.000208465
9.95285e-05
0.000166186
0.000382858
9.04495e-05
0
0
0.000277218
1.54051e-06
0.000595087
0
0.000831639
0.000259796
9.44995e-05
0
0.00010117
0
0.000243803
0.000172496
0.000341431
0
0
0.00038075
0
0
0
0
8.94942e-05
0
0
0.000229964
9.00534e-05
0.000352604
0
0
0.00010341
4.95285e-05
0.000252937
0
0.000201912
0
0.000347742
0.000586062
0.0004132
0.000886076
0
0.00024966
0.000538464
0.000399094
0.000560758
3.80986e-05
0.000932474
0
0.000234989
0.000304545
0.000556858
0
0
0
0.000601255
0.00021031
5.06667e-06
0.000424831
0.000107288
0.000415608
0.000139739
0.000997611
0
0
7.72518e-05
0
0
0
8.98822e-05
0.000268196
0.000465296
0.000356777
0
0.000135952
0.000753677
0.000407088
6.75004e-05
4.3364e-07
0
0.000228625
0.000792255
0.000365462
3.02055e-07
0.000233092
0
0
0.00111885
0.000594831
0
0
0.000424903
2.54005e-05
0
0
0.000685831
0
0.000382072
0.000572092
7.15418e-05
0
0.000684094
0.000172743
0.000223893
0
0.000811416
3.94702e-07
0.000248964
3.05633e-05
2.33925e-05
0.000248511
0
6.16868e-07
3.23696e-05
0
0.000181694
0
0
0.000322265
0.000444321
9.02856e-05
0
0
0.00012305
0.00067018
0
0
3.32601e-05
0
0.000241956
0.000842969
1.24352e-07
0.000282453
8.41902e-05
0
0
0.000163671
2.02516e-05
0.00101024
0
0
0.000172264
0.000748762
0
0.000107837
0.000853862
0
0
0.000417776
0.000229143
0
0.000362802
0
0.000717819
6.2445e-05
4.48844e-05
0
6.14486e-06
0
7.03363e-05
0.000125816
2.36255e-05
0
0.00102575
1.59442e-05
0.000103169
5.78914e-06
1.80013e-07
0.00105905
0
0.000701231
0
0
4.52928e-05
0
0.000285346
0.000896415
0.000667506
1.46701e-06
0.000992167
7.33181e-05
0.00031074
1.91981e-06
0.000301884
0
0
0
0.000360064
0.000933499
3.29368e-07
0
0
0.000933142
0
0
3.66882e-07
0.000341055
0
0
9.56173e-05
0.000551006
0.00100943
0.000306302
0.000470281
0
3.32606e-05
0.000425496
0.000274502
0
0
0
0.000250295
0
0
2.18379e-05
0.000654876
0
0.000804278
0
0.000189794
0
0.00080309
0
9.54829e-07
2.05677e-06
5.55352e-05
0.00058242
0.00040357
0
0.000277675
0
0.000442691
0.000926327
1.26731e-05
0.000871094
6.24688e-06
0.000351321
0
0.000101756
0
0.00029153
0.000333377
0.000263069
0.000194621
1.54112e-05
0.00016244
0.000364097
8.81066e-06
0.000520777
0
3.41079e-07
0
0.000540773
0.000412628
0.00111497
0.00109414
6.19832e-06
0.000235245
0.00033121
0.000181904
0.000632878
0
0.000719146
2.13679e-05
0.000277856
0
0
0.00030816
0.000746855
0
0.000605788
0.000300289
0.000530187
0
0.000200193
2.74314e-06
0.000604906
0
5.20073e-07
0
0.000466378
0
0.000445467
0.00102214
0.000122164
0
0.000242567
4.82736e-05
0
0.000732017
0
6.93164e-05
2.2627e-07
0
0
0.000913903
0
0.000176624
0.000429669
3.1725e-05
0.000366078
3.44816e-05
0.000284525
0
0.000525637
4.6419e-07
0
0.000423329
0.000724398
0.000962021
0
0.000562611
5.03509e-06
5.05171e-05
0
0.000556835
0.000213881
0
0
0
0.000147983
0.000385318
0.000851819
3.39332e-06
9.16909e-05
5.9218e-05
0.000308128
6.17703e-06
3.76429e-07
0.000858859
0.000289053
0.000871183
2.5833e-08
0.000809068
0.000585457
0
0
0
0
0
0.000118974
0.000293189
0.000793393
0
3.75204e-06
0.000669686
0.000145986
0.000140803
7.03072e-06
0
0
7.28938e-08
0.000483926
0.000202939
0.000497313
0
0
0
5.82472e-06
2.99345e-07
0
2.61552e-05
0
0
0
0.00112525
0.000526202
0
0.00016199
0
5.88425e-05
0.000732464
8.59909e-07
0.000682489
9.35715e-06
0.000263158
4.24313e-06
0
1.61864e-05
0
0
0.000911199
1.04982e-05
0
5.23285e-07
0.000721523
0
0
0.00050336
6.19822e-05
7.20298e-05
0.000723397
0.000778794
3.41318e-05
0
0.000165458
0.000277456
0
0
0.000254681
1.14398e-07
0.000610834
0
9.11192e-05
0
0.000283567
9.94973e-06
0
0
1.84212e-06
0
1.58831e-05
0.000549642
0
0
0
9.57097e-05
0
0.000230348
1.28798e-07
0.000388186
0.00104202
0
0.000118233
0.000440653
2.46161e-05
0
0
0
0.00102702
0.000708682
0
0
0
0
0
0.00061921
0
6.48299e-05
9.03155e-05
0
0.001043
0.00102386
1.63925e-05
0
0
0
1.94875e-06
0.000226138
6.71627e-07
0
0.000898526
1.51635e-06
0
0.000575968
0.000283884
2.26082e-07
0.000589229
0.000459641
0
0
0.000636549
0
0.000336844
0
0.000936151
5.13928e-08
0.000122959
0
5.80581e-05
0
1.82058e-05
0.000746906
0
0.000909695
0
1.31441e-05
0.00023565
0
0
0.000155486
0.000202916
0.000846231
0.000710832
3.81599e-08
0
0.000995928
0.000334929
0
0.000530419
5.27876e-05
0
0
0.00105815
0
6.9417e-05
0
0.000529797
0.000119337
0.000764079
0
0.000496606
0.000712864
3.54792e-07
0.00035091
0
0.000790995
0
6.37864e-08
0
0.000532625
0.000283365
0
0
0.000479937
8.96123e-05
0.000321685
0.000159952
0
0.000189025
0
0
0
0
0
0.000258009
0
0.00106867
0.000417658
0.000238008
0
0.00062433
2.59455e-05
0
5.89769e-05
0
0.000452278
0
0
0
6.78253e-05
0.000646756
0.000298898
0
0
0.000734114
0
0.000352154
0.00035943
0
0
0
0.000109959
0.000821688
0
0.00016955
8.24022e-07
0
0.000471135
0.000790215
2.08629e-06
0
7.21923e-07
0.000209658
0
0.000249363
0.000622934
0
0.000519055
0
8.08592e-05
0.000234406
0
0.000247329
0.00119334
0.000389639
0.000245971
0.00111309
0.000657221
5.97954e-05
0
0.000746278
0
0
0
0
0
0
0.000344293
0.000149844
1.14665e-05
0.000788655
0.000109666
1.22142e-05
0
0.000185406
8.89212e-05
2.4697e-05
0.000281838
7.28654e-05
5.33898e-09
0
3.74695e-05
0
1.83593e-05
0
0
0
0.00101025
0
0.000987964
0
1.34657e-05
0
0.000616647
0.000104182
0
0
0.0005766
3.11703e-07
0
1.28712e-07
6.18503e-05
0.000762587
0.00084952
0.000128707
0.000591335
0
0.000907548
9.8168e-05
7.39428e-05
0.000818312
0
0.000501433
0.000104978
0
1.30298e-05
0
0.000527595
0
0
0.000690972
0
8.6958e-06
0
2.26074e-05
0
0.000840899
2.12241e-07
0
0
0.000234897
0
0.00094088
0.00110676
1.38304e-05
0.000602298
0.00101557
0.000883442
2.20269e-06
0.00102926
0.000194254
0
0
0
0.000703629
0.000391739
0
0.000242719
5.82768e-07
0
0
0.00100693
0
0.000398365
0
0.000199486
0
0.00109038
0.00085112
3.03611e-05
0.000407041
0.000610393
0.000198907
2.6059e-05
0.000457417
0
0
0.000590138
0
3.65023e-05
0.000288795
0.000213086
0
7.10854e-08
0.00058412
0.000563323
0.000528136
0
0.00010291
2.48368e-05
0
0.000447894
0.000261025
0.000909473
0
0
0
0.000567305
0.000341097
0
0
3.03256e-08
0
0.00056778
0
0.000108938
6.52895e-05
7.49091e-05
0.000826132
0.000208452
0.000366109
0
0
0.000273016
1.59454e-05
0
0.000169752
0.000520102
0
2.83354e-05
4.47794e-05
0
0.000195477
1.47763e-07
5.01426e-05
0.000504899
0
0
0
0.000315935
0.000258941
0.000253088
0
0.000258488
0
0
0
7.77282e-05
0.000624466
5.56095e-08
0.000279813
0
0
0
0
0
0
0
0
0.000629198
0.000867221
3.08694e-07
0.000955083
3.63683e-07
0
0.000310879
0.000208932
0.00110798
0.00109226
0.000543592
0
0.000166956
0.000309903
0
1.86796e-06
0.000797935
0.000601842
0.000268065
0
0
1.65654e-05
1.56707e-06
0
0.00104015
0
0.00119473
0.000249043
4.75087e-05
1.41159e-05
6.86417e-06
0
0.000396683
0.00106379
0
0.000538945
0.000209682
8.78839e-05
0
0
0
0.000651667
2.59933e-05
5.53109e-07
0
0
0.000180507
0
0.000703252
0.000219575
0.000435021
0
0
0
0.000275686
0.001041
0
0
0.000847402
0
0.00119502
0
0
0.000912058
0.000782589
0.000274767
2.72817e-05
0
0
0.000175578
0
0
0
0.000401569
0
0
9.4267e-05
0
0
0.000181156
2.94206e-05
0
2.58675e-05
0
0.000170156
0.000760189
0.000153379
2.56711e-07
1.67335e-05
0
0.000476489
0.000818808
0.00030793
1.1679e-05
0.000851891
0.000465289
0
0
9.64728e-05
0
0
0.000817951
0.000121875
0
0
0.000160869
0
6.39126e-05
0.000134751
0
0
0.000711934
0
0
7.34804e-06
6.38552e-08
0
0.00015201
0
0
0
0.000604672
0
0.000267282
0.00058897
0.000840715
0
0
0.000998081
0.00036389
0.000951233
1.06216e-05
0.000422165
0
0.000315756
4.13054e-07
0
8.76411e-07
0.000604495
1.63797e-06
0
5.20544e-05
7.46603e-05
0.000204842
0.000594151
0
0.000690074
0
0.000285967
4.24289e-05
0.000638767
0.000878705
7.91643e-08
0
0.000346336
0
0.000126271
5.04142e-05
0
0.000304342
0
7.13802e-06
0.000137959
0.000127131
0.000628916
0.000894285
0.00105326
0.000447754
0
0
0.000376212
0
0.0010906
0
0.00058929
0
6.30663e-07
7.50059e-05
2.08249e-06
0
0.000901939
4.91848e-06
0
0
0.00014821
0
0
0
0
8.59473e-05
2.72819e-07
0.000372155
0
2.60538e-05
0
5.74257e-05
0.00114786
0.00076609
0
0
7.94967e-07
7.70446e-06
0.000147983
0.00026163
0
0.000395181
0.000170177
0.000223712
0
8.47916e-07
0.000364762
0.00103399
0
0.000198486
0.000294487
1.6763e-07
0.000176609
3.27908e-05
0
0.000352632
0.000249717
9.98207e-07
0.000562657
0
2.91314e-06
0
0
0.000361853
0
0.00109925
0
0
0
0
0.000997345
0.000808302
0
0.000747433
0.000668976
0
5.13311e-05
1.2904e-06
0
0
0
0.000704343
6.39681e-07
0
0
0.000985335
0
0.00117539
0
0.000551097
0.000122503
0.000205215
6.5254e-06
0.000414556
0.00068809
8.01928e-05
0.000443605
0
0
2.37208e-06
0
0.000564309
0.000392634
0
0
0
0.000996506
0.000734594
0.000242754
0
0.000136093
5.01451e-07
0.000343166
0.00011558
2.80565e-05
0.000381272
0
0
1.82264e-06
0.000450128
0
0.000581102
2.92082e-06
0
0.000465366
0.000237846
2.25407e-05
6.52798e-05
0.000355456
0
0
0
0
0
0.000608325
0.000805362
2.7538e-05
0
0
0
0.000822764
0
0
0.000255761
0.000272073
0
0
0.000182714
0
0.00103102
6.47319e-05
0
0.000565973
8.09756e-05
0
0.000143515
0
0.00026415
0.000372775
0
0
0
0.000572524
0
0
0
9.82212e-05
0
0
3.27202e-08
0.000539471
0.000872014
0.000469128
0
0.000225714
0.000177732
0
2.17032e-06
0.000429681
0
0.000459697
0.000358971
0.000136514
0.000495123
0
0.000634203
0.000295651
0
0.000340053
0
3.34691e-06
0.000675523
0.000441744
8.97728e-05
2.30809e-05
0.000158701
0
0.00054463
0.000704899
1.70989e-07
2.45449e-06
0
0.000414595
0.00111507
0.000382917
0
0
2.26904e-05
2.0208e-05
0.000718195
0
1.07679e-07
3.26337e-05
3.02699e-06
0
0.000603317
0
0.000397938
0
0.000537079
0.00103801
0.000320673
0
0
0
0.000454005
0
0
0.000660502
0
0.000612923
0.000168147
0.000611199
0
1.06798e-05
0.00103856
0.000420663
0
0
0.000476698
0
2.6464e-07
0.000329589
0.000171146
0
0
0
0
0
0
0
0.000862678
0.000103561
0
7.76846e-05
0
0
0
0.000171697
0
0.00062452
8.88506e-07
7.38664e-06
0.000826972
0.000352367
0.000600271
3.25787e-07
0.000689638
0.000505354
0.000879782
0
0
0.000286381
0
0
0.000176659
0.000118078
0
5.78424e-06
0
0.000176817
9.20548e-08
0
6.41789e-08
0
0
0.000478291
0.000205007
3.42268e-06
0
0
3.22096e-05
0.000768042
0.00078235
0
7.71073e-06
0.000663949
0.00086349
0
8.54195e-05
0
0
0
0
0
0.00111389
5.44986e-05
1.89251e-05
0
4.57793e-05
0
0.000543498
9.74244e-05
0
2.94818e-08
0
0
2.64267e-07
0.000251342
0.000227448
0
0.000334552
0.000107501
0
0.000192412
0
0
0.000114928
0
5.54117e-06
0
3.67478e-05
0.000100847
2.25976e-06
0.000383501
3.77044e-06
0
0
0.000550283
0
0
0.000128942
0.000269496
0
0.000735493
6.95174e-05
0.000314636
7.6664e-05
0.000328253
0.00069616
0
0
0.000212286
0.000218219
0
0.00105983
0.00110522
0.00086754
0.00101203
3.0963e-05
0
0.000871051
0.00026909
7.01412e-05
0.000361273
0
0.000219569
4.59693e-05
0.000745632
8.73187e-06
0.000106374
9.68998e-07
0.000839243
0
0.000285142
0.000635316
0.000122855
0
0
0.000210941
0.000970389
0.000561894
0.000981244
0.00125202
0.000227303
0
0.000468914
0.000311348
0
0.000994795
7.40801e-07
0
0.000548554
0.000898454
0
0
0
5.50546e-05
0
0.000118559
1.23325e-06
9.50211e-05
0
0.000866999
2.28624e-06
0
0.000805127
0
0
0.000427779
1.80163e-05
0.000493404
9.01422e-05
0.000151816
0.00052898
1.86272e-05
0.000917282
0
0.000600298
0
9.19763e-06
0.000927367
0.000433094
5.19886e-06
0.000136648
0
0
8.81318e-09
0
0.000786255
0
0.00114301
0.00093629
0.000285959
0.000238675
0
0.000584003
0.000617782
0.000945266
7.47342e-05
0.00120874
0.000726726
2.11207e-06
6.06875e-05
0.000727581
0
0.000142264
0
0.000132494
7.84708e-05
0
4.11024e-05
7.46257e-05
0.000160516
0
0
4.41759e-05
0.000600118
6.53976e-07
8.52474e-07
0
0
0.000831826
0.00110607
2.83575e-07
0.000557006
0.000837627
0.00029271
0
0.000386792
0
0.00020012
0
0.000336464
0
2.95201e-05
2.24242e-08
4.52332e-05
0.00105731
0.000897795
2.86313e-07
0
0.00079208
0
0.000664292
0
4.52527e-05
1.54741e-06
0
0
0
0.000194652
0
0.000821556
0.00085917
8.28e-06
0.000480807
1.11068e-07
0
1.16579e-05
0
0.000531232
0
3.68939e-05
0
0.000433633
2.05904e-05
0
0
0
0
0.000421709
0
0
7.15753e-05
0.00088601
0.000699501
2.80609e-05
5.94783e-05
0.000578698
0
0
1.27112e-05
0.000194688
0
0.000714189
4.79557e-05
0.000631412
0.00096858
0
0
5.35048e-05
0
9.45522e-05
0
0.000223706
0.000279525
0.000466381
4.03205e-05
0.000415929
0
1.02532e-06
0
9.9314e-05
0.000504875
0.000107826
8.33897e-05
0
6.05155e-05
0
9.6909e-06
0
0
1.70246e-07
0.000725003
0
0.001109
3.77061e-06
0
0.000297544
0.00058027
0.000399425
0.000196027
0.000912228
9.33478e-07
0.000141663
0.000193821
0.000270669
0.000255958
7.29466e-07
0.000897245
0.000788664
2.31775e-06
7.71383e-07
0.000327496
0
0
6.77277e-05
0
0
0.0010157
0
1.10196e-05
2.59815e-05
0
0.00035037
0
0
0
0.00022867
0
1.97451e-05
5.9335e-05
0.000642501
0.000188898
0.00019878
3.15437e-05
0.000276914
0
0
0.000456971
0
0
0.000631786
0.000701282
1.82598e-06
0
0
0
0.000165004
0.000476886
0.000407922
0.000129247
5.42048e-06
0
0.000428041
0.000521668
2.35204e-05
0.00023744
6.64142e-05
0.00050835
0
0
0
0
0.000506382
1.08314e-07
0.000168226
0
1.17731e-05
0
0
0.00016806
0
9.11743e-06
0.000410327
0
0
0
4.45412e-06
0
0.000304644
0.000251574
0
6.65903e-05
0.000806497
0.000224315
0
0.000506461
0
0.000631545
0.00107382
0.000230099
0
0
1.61502e-05
0.000653255
0
0.000509833
0.000256072
0
0.000791057
0
0
0
0.000188002
9.41121e-07
0.000658237
0.000466628
0
0.000996394
0
0
0.000390091
0
3.5108e-05
0.000210794
0
0.00061364
0
0
0
0
0.000135491
0.000262156
0.000560092
0.000118166
0
0.000194744
0.000221508
1.00209e-05
7.31411e-05
0
0
0
0
0.000800623
0
0.000341187
0
9.48984e-05
0
0
0
0
0.000515257
0
0.00017173
0.00010241
4.11636e-06
1.82788e-07
0.000202607
0.000297186
0
3.63584e-07
0
0.000209533
0
0.000451566
0.000185603
0.000415457
1.35817e-07
0.000733231
0
0.000370883
0
0.000117527
0
0
0.000191878
0.000274664
0
0
0
0.000494707
0
0
0.000709103
0.000380196
0
0.000331683
0.000440011
8.98344e-06
0
0.000274578
0
0.000173997
0.00030566
0.000128283
0.000388953
0.000459382
0.00066265
0
0.000849532
0
8.86434e-05
0
0.000426011
0
0.000189635
4.71633e-05
0.000188294
0
0.000759192
0
0
7.97418e-05
0.000397803
0
3.97625e-07
0
0.000722235
0
0.000471084
0.000122235
0.000701129
0
0
8.35962e-06
0.000152388
0
0.00106972
0
0
0.000183673
0.00013258
0.000968641
0
0
0
0
0
1.71245e-05
4.25229e-06
0.000769822
0
0
0
0
0.000440431
1.86216e-05
0
0
0.000698129
0
0
0
0.000123004
0.000832258
0.000147894
0.000365581
0.000734121
0.000350841
0.00058811
4.6132e-05
0
0.000530022
0.000252234
4.98811e-06
0
0.000249666
0.00021751
1.99316e-06
0.000127654
0.000540859
0.0003778
0.000411671
0
0
1.6909e-07
0.000543255
2.2295e-07
5.0499e-05
0
9.7762e-06
2.83844e-06
0
0
0.000589171
0.00102633
0.000211292
0.000346279
0
0.00015068
0
0.000276897
0
0
0.00102284
0
0
0.000448039
0.000716368
0.000384184
4.45014e-06
0.000158669
4.53986e-07
0
1.78022e-06
0
0.000723551
0.00078345
0
0.000312677
0
0.000297739
2.75149e-05
0
5.60159e-05
1.31665e-07
0.000547579
0
0
0
0.000123919
0.000131507
0.00102189
0.000662999
0.00048412
6.22022e-06
0
2.41925e-05
3.91245e-05
0
0
0
0.000206515
0.000139917
1.61624e-06
0
0
0
0.000294519
0.000978445
5.38067e-07
8.00321e-06
0
1.41352e-06
0
0.000542976
0
0.000289692
0.000217809
0.000186066
0.000418276
0
0.000366487
6.80166e-07
2.08501e-06
0
0.000117971
0.000100779
0.000706674
0
0.000956141
3.18036e-08
8.60197e-06
0.000831318
0
0.000267309
0.000168214
0
0
0.000204448
1.0215e-05
0
0
0
0.000956895
0.000747381
0.00045199
0.000295989
0
0.00119056
0
0
0.000309465
0
0
0.000353193
0
0.000498736
6.0853e-05
0.000384102
0.000300225
6.41929e-07
0.000943435
0.000485618
1.31056e-05
0
3.83698e-05
0.00117383
0.000475431
0.000268197
2.4528e-07
0
0.000243095
7.9946e-05
0.000451864
0.00109456
0.000269523
7.92133e-08
0
0.0006814
0
4.0687e-05
0
0
1.16305e-05
0
7.7792e-06
2.48085e-05
8.38258e-05
0.000553414
0
0.000123651
1.59398e-07
1.85227e-06
0
0.000164338
0
0.000190172
0
0
0.000245954
0
0
0
0
0.000613139
1.03224e-05
0.000162186
0.000689525
0
0
0
0
0.000443617
0
0.00115278
0
0.000159244
0
0.000456573
7.06171e-06
0
1.1801e-05
0.000522809
0
0.00110092
0
0.000260699
0
5.93698e-05
0
0
0
0
0.000429089
0.000168304
0.000270956
0.000245063
0.000501262
4.23799e-05
0
0.00101452
0.000114418
0.000351705
0.000257548
0.000203507
0.000251566
0.000172896
0
0.000148994
0.000300171
2.4519e-05
0.00104621
0
0.00110386
0.000243047
0
0.000183424
0.000759967
0
0.000353482
0.000113725
2.07451e-05
0.000554942
1.58557e-06
0
0.000207379
0.000451978
8.46944e-07
0.000131632
0.00016763
0.000830608
0.00032661
0
7.33934e-05
1.09093e-07
3.44785e-05
0
0.000109857
0.000218334
0.000229003
0.000749538
0
0
0.000903294
0.00046298
0
0
0
0.000867198
0
0
0.000181835
1.05241e-05
0.000313298
0.000179689
0.000151969
3.51525e-05
0
6.8823e-05
0.000160222
0.000181111
0.00101682
0.000396571
0.00051657
0
0.000890823
0.000345438
0.000374772
0
9.07126e-06
0.00018035
0.000746382
2.39761e-06
0.000352639
4.41768e-05
0
5.90316e-08
0
0
0.000534861
0
0.000394399
0
0
0.000101624
0.000164683
0.000775912
0
0.00011143
0.000292039
0
0.00114825
0.000200558
0.000532026
0.000887701
0
0.000352199
0
3.5791e-05
0
0.000392355
0
0
0
0.00100474
2.97637e-05
0
2.73789e-05
0.00023181
6.44782e-05
0
0
0.000388861
0.000519783
4.16255e-05
0.000130726
0
0.000912713
0.000333277
0.000208574
0
0.000653239
1.4578e-05
0.000315858
0
0
4.97602e-07
1.2913e-06
0
0
0.000139922
3.94592e-06
0.000101346
0.000118709
0.000408948
0.000470304
2.49816e-07
0.000893707
0
0
0.000597358
0
0.00085189
2.1354e-07
0
3.01332e-07
0.00108152
0.000132442
0.0003296
6.71556e-07
0.000132092
0
1.2659e-05
0.000299979
0.000285016
0.000652962
0.000539888
0.000945385
3.94217e-06
0.00120503
0.000390475
2.82919e-07
0.000958349
0
0
7.41647e-05
0.000741832
0
0
0.000515422
0.000239263
1.70522e-06
8.19026e-07
0.000109071
0.000511753
0.00072575
0.000445955
0.000120746
0
0.00106639
0.000183326
0
0.000750871
8.10299e-06
0
0
0
0
0.00100893
0.000351137
4.67341e-05
0.00093023
0.000399903
0
8.94526e-05
0.00037836
2.20473e-07
0
0.000313914
0
4.4195e-07
0.000105026
0.000140118
0.000907567
2.48905e-06
0.000217019
0.000142948
0
2.66371e-06
0
0
8.03164e-05
0.000390591
7.45621e-05
2.51263e-08
1.80269e-05
2.53049e-06
0.000913826
0.000174588
0
0.000402506
0.000170844
0
0
0.00014345
0.000118507
0.00101305
5.96654e-05
0
0
0.00117009
0.000127303
0.000265508
0.00106285
0
6.92626e-06
0
0.000466923
4.23544e-06
0
0.000228243
0
0.000140434
0.000446624
0.000109177
0
0
4.94922e-06
0
0.000812901
0.000169724
0.000675581
0
0
0
9.95131e-07
0.000994451
8.18252e-07
0.000247241
1.73517e-05
0
0
0.000673522
0.000484088
0
2.61398e-06
0.00104901
0
5.30319e-06
2.89537e-07
0.000316132
0
0
5.72376e-06
0.000267517
0
0
0
0.000366015
0.000647194
7.34573e-05
0
3.93488e-05
0
0.000721888
0.000136473
0
0
0
0.000705631
0
0
6.30123e-05
0.000569102
0
0.000511111
2.15297e-05
0.000854404
0
0
0.000285088
3.77125e-05
0.000142428
0.000374791
0
2.30225e-06
0
0
1.82659e-05
0
0
0
0
5.79285e-07
1.23569e-06
0
0.00060268
0
0
0
0.000186611
0
9.22025e-07
0
2.41257e-06
4.91534e-07
0.000291243
0.000257964
0
0.000595341
0.000380149
0
0.000527931
0.00085421
0.000614409
0
0.000292642
0.000780124
1.39468e-05
8.44469e-05
0.00114988
0.000526604
2.51043e-05
0.000417919
0
0.000177232
0.000670766
0.000377487
1.94423e-05
5.39769e-05
0.000574482
0
0.000686062
0.000517734
0.000275413
0
0
9.20436e-05
0.000787896
7.00231e-06
2.15877e-08
2.15812e-07
0
0
0
0
0
0
0.000147036
0.000525402
4.66032e-05
0
8.89966e-07
8.23325e-05
0.000877499
6.17097e-05
0
4.26772e-06
0
0.000494735
0.00048941
3.28932e-06
0
0.000450629
9.60213e-05
0.000224072
0.000222152
0
0.000706018
0.00106444
1.16163e-05
6.2513e-05
0
0.000187715
0.000438487
0.000302657
0
0
2.5263e-06
1.84727e-05
0
0
0
0.000729112
0
6.09816e-06
1.39205e-05
0
0.000106987
8.97399e-07
0.000938412
0.000119952
0
0.000518964
0
0.000137569
0.000281802
0
0.00112923
0
0
0
2.33543e-05
0.000344471
1.49208e-07
1.56294e-06
0
0
0
0
0.000271934
0.000409773
0.000103241
1.8963e-07
0
0.000639188
0.00111455
0
4.64943e-06
0
0
0.0003501
1.50478e-07
0.00030228
0.000834975
9.23765e-05
0
0.000638535
5.66886e-05
0
0
0
0
0.000749809
0
0
0
0
0.000367546
0.000515098
0.00075388
0
0
2.15538e-06
2.32709e-05
0
6.4725e-05
0
0.000339268
1.91628e-06
0
0.000550563
0.000402552
0
0
0.000150011
0
0.000280806
0.000328704
0.000545351
0.000800536
0
0.000604865
0.00104547
0.000272505
1.38924e-05
0
6.66803e-07
0.00115218
0.00089285
4.65029e-07
0.000242239
0.000194487
0.00102246
0.000584866
0.000989444
0.000120202
0
0
0.000150329
0.000835071
0
0.000900823
0.000529703
0.000115277
0.000700815
0
0
0
0.000810391
0.000697129
2.06183e-05
0.00010519
0
0.000212879
0
0.000386706
5.39706e-07
0
0.000968635
0
1.75798e-05
0.000587155
5.47002e-05
0
0
1.25119e-05
0
0
2.61648e-07
0
0.000575942
6.93902e-08
8.79037e-05
0
9.2517e-05
0.000122233
0
0
0.000881978
0.000285884
0.000772289
0
0.000816837
2.07664e-06
0
4.05312e-06
0.000802659
0
0
0.000575707
0.00032568
0
0.000797047
0.000347344
0
0.000620641
0
7.27041e-05
0
0
0
0
0
0
0.00106204
0
0
0.000577482
0
0
0.000381778
0.000939374
0.000533669
0.000161442
6.26916e-05
1.91337e-07
1.29728e-08
0.000612345
0.000201186
2.95371e-06
0
0.00065786
0.000794386
5.56409e-05
0
7.96921e-05
0
6.25367e-06
0
0
0
0
0
0
0.000808047
0
3.97141e-05
0
0.0010839
0
3.07355e-05
0
7.40197e-08
0.000255322
0.000193627
0.000550549
2.86449e-06
0
0
0
0.00096719
0
0.000863693
0
0.000185043
0.000478935
0.00105815
0
1.62848e-05
0
0.000242428
0.000112292
1.72821e-05
0.000814047
4.78682e-05
4.3579e-07
0
0.000506937
0
0.000855712
4.1397e-05
0
0
0.000598212
0.000509199
0.00105172
0
0.000830949
0
0
0.000462731
0
0
0.000557225
0.000120627
5.45189e-06
0.000147124
0.000366895
0
3.04991e-08
0
0.000849677
0.000205731
0
5.06714e-05
0.00026379
0.000728713
0.000917874
0
1.04169e-05
3.59833e-05
0
0.000593206
0.00095353
0.00054992
2.76203e-05
0
0
0
0.000293499
0.000156627
0
0.000390726
0.000118297
0
0.000372217
0.000396649
0
0
0.000774746
0.000828955
1.8567e-06
4.84012e-05
0
0
0.000224875
0.000140269
0.000384213
0
0
0.000533577
0
0
0.00019026
5.00864e-07
0.00029671
0.00116509
0.00029906
0
0.000254841
0.000671617
0.000423626
0.000915699
0
0
0
0.000923215
0.000456407
0.000119644
0
0
0.000535285
0.000256439
0
2.44041e-07
0
0
0.000672591
0.00053086
3.28607e-05
0
0.00059705
1.91309e-06
0
0.000672252
0.000689268
0
0
0.000437344
6.72286e-05
0.000196511
0
0.000487831
0.00118104
0.000250809
0
0
0
0
4.71741e-08
0
2.28793e-05
0
0.000836154
0
3.84523e-07
0.000365177
0
0
0.000248152
0.000260383
0.000201774
0.000826451
0
0
6.69269e-05
0
0
0
1.82505e-05
9.90203e-08
0
0.000131874
3.71317e-06
0.000187595
0.000195965
0
0.00038829
0.000862434
0.000643445
0
0.000551872
0
0
0
0.000184649
0
0
1.35461e-05
0
0.000915735
0.0007381
1.43494e-05
0.000166935
1.60964e-05
0
0
0.00094976
0
3.4025e-07
0.000803713
0
0
7.47855e-08
0
2.83363e-07
0
0.000493881
0.000467015
7.67867e-06
0.000185293
0.000817393
1.81038e-05
0.0011447
0
0.000134825
0.000669709
0.000167585
0
0.000487118
0.000229735
5.25466e-05
7.34976e-07
0.000304532
0
0.000309405
0
0
1.52106e-05
0
0.000375507
8.00028e-06
1.69969e-05
0
0
0
0
5.67189e-05
0.000490248
0.000285987
0
3.42223e-06
5.33203e-06
0.00029872
0.000414194
0
0
3.78878e-05
0.000963449
0
8.28417e-06
5.60008e-05
0.000405616
1.02848e-05
0
8.49315e-05
0.000784716
0
0
0
0
8.4235e-08
0
0
0.000192197
0.00076871
0.000431756
0
9.65302e-06
0.000182705
0
0
0
0
0
5.8577e-07
0.000708811
1.9916e-05
0.000681978
0.000443901
0.000989437
1.06131e-07
0
8.18732e-05
0
0.000159722
0.000128197
5.81961e-05
0.000709906
0
0.000185999
0
0
0.0002694
0
0
0
0.000541056
0.000441191
0
0.000251118
0.000894603
0
0.000205606
0.00038298
0
0.000907678
0.000472174
0
0.00069322
9.08593e-06
0.00073042
0
0.000111859
0
0.000299538
0.000723174
0.000831931
3.45671e-06
0.000568993
0.0008585
0.000200333
0.000117961
8.28578e-05
0.00033229
0.000136096
0.000911764
0.000549223
0
0
0
0
0.000289098
0
0.000303949
0
0.000746674
0.000511495
0.000529077
0.000705508
7.96229e-05
0.00038709
0.000481561
0
0
0.000405211
0
3.75631e-05
7.72154e-05
9.20143e-08
0
0
0
0
0.000591627
0
0
0.000551049
0
0
1.87972e-05
0.00077522
0
0.00102025
8.15657e-05
0.000368734
0
0.000494867
0.000758602
0.00064012
2.23757e-05
0.000301965
0
0.000706439
0.00048425
0.000886714
0.000948661
0.000385848
0
0
0
0
2.0438e-07
0
0.000136646
6.56032e-05
5.10854e-05
0
0.00035049
0.000399491
0.000561125
1.15845e-06
8.13133e-07
0.000825001
0
0
0
0.000166587
0.000236023
0
0.000338889
1.22451e-07
0
0
0
0
0.00082601
0
0
0
0
0.000174025
0
0
0.00041567
0.000723563
0.000229275
9.67268e-05
0.000345677
0.000858017
0.0006962
0.00117312
0
0
1.61708e-06
0
0.000475372
0.000717107
0
0.000616081
0.00045233
0
8.12426e-05
0
0
0
0.000950978
0
3.25628e-07
0.000173922
9.39342e-05
1.66556e-05
0
0
7.53401e-05
1.67892e-08
0
0.00105616
0
0
0.000133096
0.000784133
8.61744e-07
0.000399637
0
2.22026e-05
0
0.000931305
0.000715788
0.000102713
4.32839e-05
0.000570118
0.00104644
0
0
0.000403265
0
0
0.000292079
0
0.000874137
1.08635e-06
0
0.000967952
0.000997114
0
0
0
0.000833071
0.000188781
3.58829e-06
0
1.00655e-06
0
0.000606137
0
5.21579e-05
0.000673113
0
0
0.000147157
8.03834e-05
0
0.000140135
0
0
0
8.36825e-05
0
0
0.000113794
2.94591e-05
9.42425e-07
0.000527697
0
0.000903662
0
0.000138149
0.000843885
0
0
0
0.000150461
8.64884e-05
0
0.000383027
0.000804611
0.000968146
0.000121276
0
0.000280957
0.000444354
0
0.00044221
0.000131404
0.000472797
0.000712355
0.000108793
0
0
0
0.000211209
0
5.51779e-05
0
0.000635139
0.000262005
0.000465255
0
0
0.000206039
7.88004e-06
0
0
0.000614816
0.000431522
0.000111579
1.0662e-05
0.000546974
0
0.000222946
4.80315e-06
0
0.000568799
3.14176e-05
0.000120066
0.000633602
0.000703017
4.22679e-06
0.000219039
2.33636e-05
0.000457977
3.66465e-05
8.50572e-05
0.000470854
0
0.000454994
4.81687e-06
0.000132342
0.000390795
0.000150299
0
0
0.00100393
0.000267481
0
6.33996e-05
0
0
0
0.000396176
0
8.31472e-06
0
0.000565961
0.000365909
2.53647e-06
6.65973e-05
1.67694e-05
0
1.49145e-05
0.000341218
2.38099e-05
0
0.000411562
0.000517406
0
0
5.05127e-07
0.000371067
0.000507578
0.000364626
4.992e-08
0
0.000381643
4.88126e-06
0
0
0.000103157
0.000422588
3.70899e-06
0.000254383
0.00111136
0
0.00108045
0
0.000393179
0.000251711
0
0.000963211
5.81443e-05
0
0
6.62817e-05
0
0.000392885
0.000842925
0.000165212
0
1.444e-05
5.41525e-05
0.000696324
8.0845e-08
0
0.00106688
0.000576281
0.000248818
0
0
0
4.49263e-06
0
0.000860813
0
0.00017943
0
5.53377e-06
9.50461e-05
0.000177001
9.37777e-06
0.000266215
8.1548e-06
1.8924e-06
0
0.000128964
0
0
0
0.000862805
1.64557e-06
0.000794147
0.000256084
0
0
0.000441868
0.00108721
0
0
0
0.000187324
0
0
0
0
5.14353e-06
0.00014422
3.66487e-05
9.14482e-05
0
0
0.000273485
0.000148775
0
0.00038528
1.16291e-07
0
7.39798e-05
0.000501735
0.000869423
0.000524536
0.00101353
0.000621144
0.000919761
0.000816235
6.73465e-05
0.000408548
0
0.00010625
0.000862717
0
0
0
0
0.000262724
0.000240966
0
0
0
5.47033e-08
0.000880217
0
0
0
0.000223337
0
1.95143e-07
5.08604e-05
0.000114962
0
0
0
0.000676853
0.000900664
0
0
0
0.000158827
0
0
0
0
0
0.000278445
0.00035271
0
0
4.23474e-05
0
0.000540786
0
0.000151084
0.000844015
0
0.000135131
0
7.98812e-06
0.000314558
0
0.000752228
7.39731e-06
0.000623615
0
0
0
0.000182939
0
0
0.000312919
0.000384086
0
0.000535451
0.000850621
0
7.38056e-05
0
3.77238e-07
0.000101359
2.30256e-05
0
0.000298441
9.23974e-05
0.000448246
4.95418e-05
2.2325e-07
0
0.00102008
0
0
0.000146344
0.000264935
0.000755325
0
0
0
3.8982e-05
0.000879124
0.000768472
0.000266695
0
0
0.000686901
0
6.90648e-05
0
0
0.000655045
0.0006572
7.4811e-05
0
0
0.000177665
1.65025e-07
0.000217636
0.000205924
0
0.000194415
7.79891e-07
0
0
0.000293473
8.06757e-08
0
0
8.31037e-08
2.02408e-06
0.000248573
3.80193e-08
0.00059312
0.000528837
0
0
0.000441573
0.000108909
0
0
0
2.1365e-06
0
0.000361812
0
0.000382062
4.70581e-05
0.000281069
0.000390566
0
0.00116822
9.10015e-05
0.000458363
0.00059751
0
0
9.30852e-07
0.000670164
0.0010879
5.41733e-05
0.00062625
0
0
0
0
0
0
0
0.000389864
4.37965e-05
0.000258943
0
0.000242361
0
7.21659e-06
0.000854959
0
0.000307968
6.69975e-05
0.000481601
2.02165e-08
0.000326217
6.90334e-05
0.000219789
0
0.000718512
0.000810766
0.00021739
0.000542159
0.00048403
0
0.000736178
2.98316e-07
0
7.0119e-05
0
1.586e-06
2.05063e-05
0.00064337
0.000173465
0
0.000470531
0.000472372
0.000680761
0
0.000202338
0
2.92238e-06
0
0
0
0
0
0
0
0.000834804
8.66835e-05
3.65746e-06
0
0
0.000393033
3.01299e-05
0.000202073
4.85183e-05
0.000590691
0.000469888
0
0.000115092
0
8.94649e-05
7.72165e-05
0
1.06096e-06
6.57824e-07
0
2.41713e-05
8.37034e-05
0.000663219
0
3.45866e-05
0
0.000398936
0.000515511
0
0
0.000318854
0
0
1.79439e-05
9.81056e-07
0
0.000868201
0
0.000865135
0.000699615
0
0
4.97544e-06
0
4.49863e-07
0
0
0
0.000854727
0.000239419
0.00061245
9.484e-06
0
1.34687e-05
1.35806e-05
2.6986e-05
0
2.89684e-05
2.69835e-07
0.000180851
0
9.49545e-07
0
0.000684594
0.000356311
0
4.83757e-05
9.64266e-05
0
0.000269427
0.000294545
0
0.000192649
0.00092924
1.23374e-07
0.000621622
0.00120456
0.00077842
0.000392527
0
0
0
0
8.18934e-06
0
0.00091226
0.00060469
0.000426503
4.38175e-05
2.20527e-05
0.000943986
3.57722e-06
0.000207187
0
0
0.000108296
6.96677e-07
0
0.000105433
0.000560701
0
1.89003e-05
0.000752995
1.38086e-05
0.000207129
0
0.000321352
0.000643031
0
4.70413e-05
1.38208e-07
0.000276209
0.000304132
0.00115524
0.00112749
0
0.000326083
0.00106462
0.000413511
5.07127e-05
0.000164909
0
0.000326581
4.31922e-05
0
1.14826e-06
0
8.77973e-05
1.42551e-05
2.55303e-05
0.000851087
7.41596e-06
0
0.000238923
0
0
0.00102862
2.50124e-06
7.60507e-05
0
0.000485014
0.00018182
4.28547e-06
0
0.000104371
7.27457e-05
0
0.000282022
0
9.71353e-06
0
0
1.06979e-06
7.89783e-05
0
0
0
0.000169641
0.000712247
4.3587e-07
4.66108e-05
0.000461944
0
0.000872257
0
9.31614e-07
0
0.000550582
5.65326e-05
0
0.000652186
0
0
0
0.000629962
0.000542205
0.000250933
0
0.000164659
0.000611618
1.36886e-06
0.000130163
0.000268595
2.39747e-06
2.80903e-06
0
0.000910452
0
0.000978503
0
0.000631796
0.000545434
0.00115267
0.000267111
0.000562757
0.00105946
0.000207465
0
0.000588419
2.77722e-08
2.7166e-06
0.000240812
0
0.00079019
0.000267287
0
0.00117967
0
3.15734e-05
2.51403e-05
0.00014334
0
1.03234e-05
8.60538e-06
0.000365048
0.000522769
0.000885039
0
0
8.26364e-05
0
0
0.000728912
0.000483085
0.00107151
0.0006707
0.000130709
0
0.00104942
0
3.66532e-05
0
0.000183406
0
0
0
4.50175e-05
0.000622051
0
0.000303301
1.70003e-07
0.000236216
0
7.60366e-06
0
0
8.9964e-05
0.000328217
0
0
0.000685086
0
0.00109028
0
0.000540033
2.41487e-06
0.000142482
0.000495251
0.000357323
6.41691e-06
0
0.00044626
0.000859157
0.000276234
0.000458883
0
7.91502e-05
0
0
0.000498152
2.08281e-05
0
0
0.000149175
0.00029621
6.92526e-05
4.23092e-06
1.01931e-06
0.000898441
0
1.45342e-05
0
0.000326084
0.00010964
0.000302696
0
9.47211e-05
0
0.000179407
0.000556312
0
0.000442177
0
6.07947e-08
0
0
0
0
0.00044839
0.000938983
0
0.000504843
0
1.26409e-06
0
0.000144996
0
0.000370429
0
0
0.00075279
0
0
5.74893e-05
0
0
2.07439e-05
0.000124424
1.94014e-07
0.000136355
5.84133e-07
0
0
0
0
2.49683e-05
0.000532972
0
0
0.000261772
0
9.30572e-06
0
0.000518585
0.000680354
1.00445e-05
0.00102737
0.000861636
7.22637e-05
0.000713766
3.01559e-05
0
0
0
0.000365546
1.30351e-06
0
0
3.99818e-05
0.000103146
0.000454167
0
0.00025753
0.000290686
0.000125847
7.62912e-05
0
0.000152777
0.000125803
0.000362752
0.000904501
0.000362823
0.000128791
0.00044827
0.000914783
0
4.53897e-07
5.19477e-08
0
0.000210825
0.000394012
0.000237649
0.000778241
3.31896e-06
0
0.000358144
0.000234523
0
5.69276e-05
0.000246515
0
0.000100275
0.00074814
0
0.000359784
0.000245052
0.00104519
0
0.000123602
0
0.000115444
0.000492289
5.97545e-05
0
0.000534519
0.000972098
0.000506918
0.0011212
0.000207429
0.000744178
0
0
0.000470104
2.2063e-06
0
0
4.30183e-05
0
8.63451e-05
0
0.000417332
0
0.000226198
0.00030556
0.000144327
7.67072e-05
0.0010288
0.000704312
0
6.82972e-06
3.81419e-07
1.8936e-05
5.26048e-07
0
3.98228e-05
3.47821e-05
0.000132188
0
0
6.32591e-05
0
0
0.000551873
0
0
0
1.57799e-06
0
9.41967e-07
0
0
0
0
0
0.000315531
0.000387926
0
0.000144215
0
3.69096e-06
8.9274e-05
0
0.000242305
0
2.90428e-07
0
9.07855e-07
0
0.000694812
0
0.000765209
0
0
2.61132e-06
0.00101079
2.43195e-05
0.000365002
0.000737186
5.41157e-06
0
1.65433e-05
0.000668572
0
0.000414294
0.00010943
3.93969e-07
0
0
0.000396392
0.000319716
0.000351069
6.02668e-05
0
9.72263e-06
0.000558148
0.000403586
0.000442187
0.000639499
0.0003307
0
1.60204e-06
0.00105121
0.000606171
4.37181e-05
0.000194348
0
0
0.00061874
0.000126836
0.000350862
4.9104e-05
2.27672e-06
4.94234e-08
0.00050628
1.20984e-05
0
0
0.000237706
2.0117e-05
0
0.000104269
0
0
0.000332789
0.000709125
0
0.000100279
0
0
0.000525916
0.000350173
0.000838686
0.00011459
0.000226348
9.82055e-08
0.000502154
0
0.00100908
0
0
7.84582e-05
0
0.000371977
0.000216989
0.000133408
0.000183681
0.000192339
0.000131023
0
0
0.00028258
0.0004229
0.000484971
3.62908e-05
0.000828834
0
0.000192648
0
0
0
0.000143149
1.7585e-06
0.000202651
0.000408492
0.000643617
0
0
3.80377e-06
3.75096e-06
1.89167e-06
3.06093e-06
7.2005e-05
0.000383933
0
1.14808e-05
0.000140416
7.19738e-05
0
0.000110877
0.000365143
0.000914211
7.59332e-05
0
1.65968e-05
0.000477501
0
0.00073247
0.000450515
0
0
0.000182798
0
0
9.99118e-05
0.000342347
0.00114057
0.000421333
0.000994865
0.00025545
0.000145625
0.000461945
0.000525139
0
0.00085162
0.000276738
0
0.000851346
0
7.02524e-06
0.00048407
0.000352026
0.000779435
0.000443919
6.35503e-05
0.000378554
0
0.000770908
0
0.00107953
0.000174777
0.000132271
0
0.000567135
0
0.000283341
0
0.000167417
0.000880538
0.00013358
0.000299569
0
0
0.000528248
7.35644e-06
0.000193245
0.000160389
0.000313056
6.98994e-07
0.00102339
0
0
0.00084938
0.000201516
0
0
0
0
0.000668994
0
0.000193109
2.37115e-05
0.000418382
0.000190041
0
7.99584e-06
3.6652e-05
2.9818e-07
0.000341547
0.000117702
0.000179927
0.000215153
0.000947807
0
0.00025163
0.000156945
0.000482479
0.000216686
0
6.72583e-07
0.00067297
0
0.000718704
0
0
0
0
0
0.000243351
0.000193373
0.000582563
0.000481201
0.000759327
7.12918e-08
9.77711e-05
0
3.8656e-05
0
0
0
8.0816e-06
0
0
0
0.000211344
0.000805352
0.000913661
0
0
1.07937e-05
0.000169401
0
0
0
0.000399095
0
0.000135136
0.000961732
0.000849902
0.000792727
0
0.000724149
0
7.25515e-05
0.000150251
0
0
0.000188204
0
0.000216789
0.000451485
0
4.44517e-08
0
0.000262425
0
0.000682806
0.000320225
0
0.000761915
0.000298645
0.000531888
0.000323968
4.32757e-05
0
0
0
0.000280618
0.000320854
0
0.00040311
0.000214469
0.000957467
0.000735553
0
0.000782587
0
0
0.000475507
0.000455924
0
7.35843e-05
0.00030633
0
0.000373416
0
0
2.39298e-05
0.000537066
2.32285e-05
0.000691025
0.00036477
0
0
0.000117221
0.000186524
0.000292154
0
0
0
4.66421e-05
0.00034935
0
0
0
0
8.91239e-05
7.22784e-05
0
0.000538195
0
0.000342624
0.000386624
0
0
0
0
0
0.000306203
0.000586696
0
0.000576511
0.000252606
0
1.85966e-05
7.99814e-08
0
0
8.56208e-08
0.000136421
0.000262586
0
0
3.18235e-05
0
1.41196e-06
4.44001e-08
0
0.000757231
0.000805629
0
0
0.000170527
2.21142e-05
3.73084e-05
1.43812e-05
0
0
0.000519687
0
1.19525e-08
0.000124134
0.000323493
0.00010416
5.54739e-08
5.89301e-06
0.000952185
0.000829054
0
0.000453517
0
0
1.95582e-06
0.000284994
0
0
0.00103212
0
0
3.78354e-05
0
0.000461892
0
6.46628e-05
0
0
0.000211031
0
0
1.16557e-05
0.000578851
0.000432391
0
0
5.33095e-05
0
0
1.37395e-05
0
0
0.00101317
0
3.09931e-07
2.40695e-06
0.000938694
2.10611e-05
0
0
0
0
0
0
0.000275409
0
0
0.000308851
2.46386e-07
0.000444446
0.000200785
0.000164133
0
5.01954e-05
0.000279843
0
0.000656526
0.000529414
1.8642e-06
0
9.27019e-06
0.000227132
0
0
0.000377858
0.000117125
0
9.85703e-06
0.0011255
0
4.82119e-05
0
0.000183205
0.000160468
0.00030299
0.000484057
4.07286e-05
0.000126244
0
0.000195403
0.000641858
0
2.74972e-05
0
6.35687e-06
0.000246172
4.83846e-05
0
0
0.000791213
0.000878392
0.0006023
0
0
0
3.02052e-05
0.000355031
0.000783733
0
0
0
3.57166e-05
0
0
2.89505e-08
0
0.000254497
0.00100926
0.000600138
6.97762e-06
0
0
0.00101679
3.53803e-05
5.77642e-05
0.000117233
0.000355654
0.000633365
0
0.000456837
0
0.000218089
0.000144939
0
5.50497e-05
0
0
0.000447166
0.000474956
0.000258934
0.000358757
0
0
0
4.36776e-05
0.000113948
0.000330541
0.00023422
0.000553663
0.000537413
0
0
0
0
0
0
5.50075e-06
0.000250365
0
0
3.68308e-05
0.000286167
0.000317566
0
9.14914e-06
0.000356397
0
0
0
0.000685035
0.000424603
7.53161e-07
4.2461e-05
0.000504249
0.000440357
0.000621395
0
0.000578714
0
0
8.16822e-05
1.15818e-05
0
0.000933735
9.245e-05
0.000349386
6.04225e-06
0
0.000928196
3.1781e-05
0
1.56193e-07
7.40509e-06
7.34536e-05
0
3.61261e-06
6.44792e-06
5.34006e-05
0.000523597
0.000145241
0
0.00107118
0
0.000487518
0
1.44438e-05
0.000218433
0.000282179
0
0.000184243
0
0.000529175
3.42117e-05
0.000443472
0.000120723
0
3.14602e-05
0
0.000136297
0
8.11892e-05
0.000185926
0
0
0.00019332
0
0
0.00103155
0.00053463
0
0
0.000438482
1.69221e-07
0.000568748
1.47693e-06
0
6.25402e-07
0.000874204
2.6544e-06
0.000146709
0
0.000805038
0
0
0.000330611
0.000195031
0.000102735
0.000721512
0
1.18314e-05
0
0
0
0.000514288
5.59837e-05
0
4.28252e-07
2.40469e-05
0
0.000216053
0
4.69521e-06
0.000573744
0
0
1.71065e-05
0.000865479
0
0.00107134
0.000594472
0
0
0.001089
0.000989371
7.9554e-05
0
0.000487404
0.00107353
0.000151141
3.30925e-06
0.000443993
0
0
0.00112113
0.000481188
0
1.4884e-06
0.000249534
0.000596203
0.000627593
5.78264e-07
0
0
0
0.000995807
0.000439553
0
2.35416e-06
0.000245302
0
0.000213459
0
7.03984e-06
0
0.000598317
3.67607e-05
4.56854e-06
0
0.000294503
0
0.000607006
0.000882917
0.000515607
0
0
0.000230433
0.000221155
0.000139224
0
0
6.91039e-05
0.00104709
0.0010549
0.000152464
0.000246279
0.000523673
5.86285e-05
0.000245385
0.000364974
0
0.000777096
0
8.29394e-05
0
0.000926514
4.07769e-06
0.000818796
0.000640741
0.000509952
0.000799332
0.00017085
0
0
0
2.24964e-07
2.15035e-05
0.000219497
2.08685e-05
0
0
0.000694554
3.40975e-05
3.71263e-05
0.000956053
0.000169666
0.000195008
4.5789e-05
0
2.25387e-05
1.84392e-05
7.79382e-06
0.000669802
0
0
0.000375557
0
0
0.000470444
3.09164e-06
0
0
1.48666e-06
0.00100725
0
5.34232e-06
0.000525513
4.02559e-05
0
0.000174607
6.35709e-08
0.000694696
0.000141021
0.000836236
1.74572e-05
2.0352e-06
0.000643012
0
9.86534e-05
5.137e-05
0
2.61742e-05
0.000154971
0
0.000160825
0
2.45723e-06
0.000799587
0
0.000229582
3.49038e-05
6.79065e-05
0
1.11196e-07
0
0.000968822
0.000791228
0
0
0
0
9.8258e-05
0
0.000428574
0.000846431
0
0
0
0.000724492
0.00108317
0
0.000994969
2.52048e-06
0.00028916
0
0
0
0
0.000260713
0.000385985
0.000498143
0.000344853
0.000630597
0
0.0001221
0.000193758
0
0
0
0.000210117
0.000507407
0.000185287
0.000551751
1.65202e-05
0.000448818
3.50323e-07
0.000744287
9.83555e-05
0.000141641
0
0.000537772
3.08942e-05
0.000362873
0.000195058
0
0.000204366
0
0.00101791
0.000144664
0.00038022
0.000241328
2.76994e-06
0.000785709
0.000357929
0
0.000846473
9.90659e-05
0.00026428
8.03613e-05
0.000102011
0
0
0.000535848
0
0
0.000473957
0.000938099
0.000444164
0
0
7.41874e-08
0.0010558
0
6.50301e-05
0
7.05537e-08
0.000989576
0.000858843
0
0
0
0
0
0.000953138
2.70916e-05
2.6845e-07
0
0.00050208
7.52703e-05
6.30482e-07
2.94524e-06
0
2.06929e-08
0
0
9.15342e-05
0.0003796
0.000968871
0
0
4.25466e-05
1.21585e-06
0.000178039
0.000366651
0
0
0
0.00012317
0
0.000247892
0.000173561
0
0
0
8.37656e-05
0.000796262
0.000782772
0
0
0
0
0.000121277
0
5.07255e-05
1.92315e-05
0.000501525
0.00075373
3.44593e-07
0
3.68399e-05
0.000696537
0.000188694
0.000300524
0
0.000389781
0
0.0012011
0
6.51201e-05
6.6796e-05
0
0.000164667
0
0
6.86398e-07
0
0.000500674
0
0.000346132
0.000345798
0.00081338
0.000704677
0
0
0.00085342
0.000802138
0.000547586
2.53614e-07
0.000237532
0.000961965
0.000393437
0.000121969
0.000698656
0
0.0002304
0.000161295
0
0.000847923
9.70803e-05
0.000829389
0.000497648
0
0
0.00085345
0
0.000101168
0.000319486
0.000146997
0.000630469
0.000149072
0
0.000840043
0.000768521
2.98276e-05
0.00053997
0.00036527
0.00012473
0
0
0.000252138
0.000738771
5.18725e-07
0.000127591
0.000400564
0
0
0
7.84603e-05
0.000143744
0.00101154
5.50427e-06
0
1.57556e-05
0
0.000305731
0.000345996
0.000474673
2.17434e-06
0.000455899
3.55783e-05
8.6838e-05
7.1546e-05
0.000595401
0.000514749
0.000153017
0.000334623
0.000749323
0
0
0.0004301
0.000275982
0
0.000648497
0.000944434
0
0
2.1579e-05
0
5.71975e-05
0
3.01005e-05
0.000713853
0
0.000478639
0
0
0.000428003
0
0.000608923
0.000569383
0.000317026
9.08082e-08
0
4.8037e-06
2.93601e-06
3.24434e-06
1.8e-07
0
0
3.69013e-05
0.000720848
4.01611e-05
0.000627647
8.70622e-06
0
0.000710923
0
0
0.000864415
0
0.000432205
0
0.000133221
0.000401928
0
0
0.000518726
2.36816e-06
0
0
0
8.0899e-07
9.65544e-07
0.000831056
0.000533655
0
0.000152118
0.000310152
3.23154e-05
0.00044983
0
0
0
0
5.5531e-07
0
0
0
0.000568771
0
0
0.000248231
0
0.00061898
8.59836e-08
0
0.000864164
9.33343e-05
0.00091875
0
0.00075907
0
0
0
9.28737e-05
0
0
6.79723e-05
0.000127181
0.000593512
0.000279352
9.12703e-08
0
0
0
0
0
0
0
0
0.000339283
7.75948e-06
0
0.000473359
0.000749502
6.26161e-06
0
0
0
0.000622503
0
0.000340669
0
0
0.000187149
0
2.11297e-05
0.00021344
1.71707e-05
0
0
0
0.000577434
0.000824974
0
0.000229435
0
0.000193052
0.000325115
0
0
0.00052651
5.54512e-06
0
0
0.00109054
0
0.00011928
0
0
0.000116524
0.000338357
0.000414638
0.000118034
8.22099e-07
0
0.000313364
0.000216301
0.000689979
0.000656206
0.000470814
0.000462054
9.57942e-05
0.000389371
6.72186e-07
0.000437683
0.000552145
9.88754e-05
0
0
0
0
4.77755e-05
0.000562028
7.56446e-05
0.00109816
0
0.000215154
0.000382622
3.76133e-05
7.30967e-05
0
0
0.000448501
0.000504256
3.27969e-05
6.46501e-06
0.000618156
0.000725485
0.00105729
1.62589e-07
0.000396472
0.000679122
0
0
0.000229291
7.41091e-05
0
0
0.000114883
0.000726883
0.000126001
1.00294e-05
0
0.000519868
0
0
0
0
2.98681e-07
3.49689e-05
0.000271437
0.000849669
0.000497054
0.000252627
0
0
0
0
0.000198281
0.000335684
3.00698e-06
0.000347455
9.74305e-08
0
0
0.000882166
0.000237714
1.6349e-06
0.000783986
0.000476124
0
0.000718216
0.000103199
0
0.00100408
7.24693e-07
0.000481076
0
0.00041069
0.000432787
0
0.000431578
1.49217e-06
0.000445002
2.62008e-05
0
0
0
0
0
7.62183e-08
0
0.000574537
0.000387745
0.00018508
0
1.94206e-05
0
0
0.000245203
0.000276471
0
3.79547e-06
1.29133e-06
0.000743303
0.000641403
0
0
0
0.00083744
0.00010757
0
3.59865e-05
0.00119097
0
0.000736463
0
0
0
0
0
0.000400262
0
0.000108217
0.000932988
0
3.3505e-06
0.00068798
0
0
0.000730634
0.00018621
0
0
0
4.27013e-07
2.88184e-06
0.000152549
0.000649735
0.00074534
0.000116248
0.000438785
1.02137e-05
0
0.000674257
0
0.000808259
0
0.000324967
0
0.000358633
0
0.000878801
0.000160186
0.000472999
0
0
0.00111523
0
0.000107558
0.00067187
0
0.000220207
0
0
0.000333715
0.000108598
0.000368184
3.24368e-05
0.000512943
1.93232e-06
0.000193963
0.00049085
0
0
2.14807e-06
0
0
0.000265235
0.000460747
0.000646279
0.00106532
0.000881686
3.02594e-07
0
2.58139e-06
0.000345136
0
0
0
0.000458097
0.000185677
1.90789e-07
0
0.00103288
0.000518877
0
0
0.000216265
0
0.000475436
0
0.00079975
0
0.000536016
0.000122692
0.00100113
0.000385314
0.000714756
0.000255526
0.000840737
0.00075398
0
0
0
0.000327032
0.000196656
0.000561546
0
0
0.000480994
0
0
0
0.000145299
0
0.000371819
0
0.00064722
0
0
0.00015491
0.000271876
3.32312e-06
0.000685876
0.000508189
0.000674656
0.000437041
0.000146753
0.000603621
0
3.81324e-07
0.000260189
2.57675e-07
3.27068e-05
9.09012e-05
0
0
0.000523081
2.48248e-07
0
0.000653911
0
0
0.000379333
3.96962e-05
0.000605016
0.000890114
2.10085e-05
0.00034828
0
0
0
0.000570349
0.000130228
0
6.09445e-06
5.17417e-05
0.00058383
1.42057e-06
0.000183739
0
4.29511e-06
0
0.000301796
0
8.09876e-05
0.000643023
0
3.40944e-06
0.000118539
0
0.000125691
0.00019587
0.0006457
2.92509e-05
0
0.000864359
0
0.000251656
0.000970075
0.000294892
0.000547591
0
0
0.000205508
0
0
0
1.90057e-06
0
8.86461e-06
0.000237953
0
0.000480354
0.000182201
0
0
0.000336155
0.00024654
0
0
0.000767623
1.56426e-06
0.000268915
0.000256759
0
0.000423891
0.000344846
0
0
0.000751882
0.00079119
0.000165474
8.60939e-05
0
0.000195511
0.000357145
0.000356937
0
0.000319239
0
0
0
8.54698e-06
0.000131934
0.000910355
0.000656329
0
3.75666e-07
0.000310926
0
0.0001319
0
1.9766e-06
0
0.000253107
0.000720278
0
0
2.18776e-05
0.000331793
0
0
0
2.93861e-05
0.000190424
0.000384628
0.000526502
0
0
0.000585193
0.000942091
3.35793e-06
0.000835752
6.08685e-05
0.000150083
8.71666e-05
0
0.000960107
0.00073385
0.000185721
0.00102555
0
0
0
0.00036633
0.00104729
0.000463355
0
0
0
0.000530003
0
0
0
0.000712815
0.000674773
2.75363e-06
0.000351612
0
0
0
0.000481835
0.000415583
4.90771e-06
0
0
0.00111944
2.00101e-07
0.000364007
0
0.00105947
0
0.000722836
0
0.000763657
0.000582486
0.000963523
1.52243e-07
0.000242616
0.000384038
4.15493e-06
0
0
0.000634001
0.000159357
0
0.000626102
0
0
0.000597933
0.00066283
0
2.39084e-06
0.000662097
0
0
0.000664058
0.000539391
2.98098e-05
6.17291e-07
0.000184208
0
7.53239e-05
0
0.000650334
0
2.08716e-07
0.000272188
0.000464774
1.39089e-05
0
0
0
0.000849025
0.000500435
0
0
0.000600279
0.000834346
6.91092e-05
0.000734578
0.000357789
0
3.60772e-06
0
0.000217678
0.000978668
0.000409382
0
0
0
0.000788373
0
0
0.000343631
0.000119307
0.000222154
0.000675965
0
0
9.66067e-07
0.000670178
0
0.00033977
1.95703e-06
0.000298056
0
0
6.37315e-07
0.000382034
0.000680785
0.000426511
0
6.04695e-07
0.000415249
0
0.000306856
2.86962e-05
0.000118038
8.95704e-05
0
0
0.000628191
0.000387488
4.01012e-07
0
0.000242837
0
3.55908e-07
0.000175397
0
1.8734e-05
0.000172332
0.000234743
0.000381242
0
1.46265e-06
0.000528754
2.41631e-06
0.000347913
0
4.28166e-07
0
0.000443108
0.000108769
0.000663778
0.000173076
1.66015e-05
5.96013e-09
0.000269809
0
0
0.000395892
0.000721749
3.08507e-05
0.000102959
0.000492933
0.000557007
0
0
0
0
6.20266e-06
0
0
2.69798e-05
0.000144654
0.000401266
7.74457e-06
0
0
0
0.000824302
0.000168762
0.000436224
9.80761e-05
0
0.0011633
0
1.75077e-05
0
3.94979e-05
0
9.61964e-06
0.000196361
0
0.00106627
0
0.000230239
0
0
0.00111925
0.000296026
0
0.000318324
0.000294935
9.06527e-06
0
0.000141799
0
0
0.000633539
0
0.000961595
0
0
0
0.00074273
8.97369e-07
0
0
0
0.000969721
2.35991e-06
0
0
6.38316e-05
3.70418e-08
6.17897e-06
0.000569042
0
0.000446874
0.00105058
0
0.000710679
0.000826247
0.000399537
0.000508295
0.000118428
0
0
2.06664e-07
0
0
0.000955443
0
0
0
2.87485e-07
0
0
0.0003272
0.000223318
0.000164343
0
5.61168e-07
8.62576e-06
5.57875e-05
0
0.000118023
0.000617372
0
3.9221e-05
0
0
0.000744437
2.0426e-05
0
0
0.000395086
0.000636347
0.00030387
0
0.000797276
0
0.000119332
6.43772e-06
0
0.000655051
0.000564512
2.01747e-06
0
0.00036875
0.000405949
0
3.77098e-08
0.000347667
0
0
0.000388823
0.000570104
0.000494256
1.95878e-05
0.00105271
0.000955681
0
0
0
0.000522646
0.000308753
0
6.55324e-05
0.000560921
1.1167e-06
5.05644e-05
0.000714995
0.000629518
0
0.000577371
0.000507488
5.67566e-05
1.9418e-06
0.00100599
0.00105311
0.000106979
3.87556e-05
4.22062e-05
0.000136532
0
0
0.000442086
0.000307308
0.00111529
0
0
0.000912203
0.000489589
0
0.000236097
0
0.000572767
0
0
0
0.00020265
0
8.72791e-05
6.46437e-05
0.00034598
0.000229497
4.81841e-05
0.000110505
0
3.85463e-05
0
0.000635504
0
0
0
0.000372903
8.97507e-05
0.000662938
0.000753392
0
0
0
0
0
0.000138541
0
0.000988578
0
0
2.39306e-06
0.000435703
0.0001299
0
0
0
2.95644e-05
0
1.41756e-05
0.000312798
0.000325111
0
0
0.00029409
0.000353575
0
0
0.000324774
7.03337e-05
0.000302164
0
0.000134389
0.00049644
0
0.000535952
0
0.0005327
0
0.000659558
0.00109199
0
0.0007216
0
0
0.000628701
0
0.000216575
3.76803e-07
0.000680002
0
0.000586117
0.000377529
0
0.000574294
0
0
0
0.000148241
0
0
0.000553246
0
0.00096071
0.000834189
0.000136593
0.00025221
0
0
2.21428e-05
0
0.000257316
0.000124649
0
0
9.50166e-05
2.6952e-06
1.49631e-05
0.000337728
0.000232014
0
0
0
3.16116e-07
0.000957727
0.000362238
0
0.000521251
0
0.000812833
0.000172434
0.000193879
0
0
0.00036841
0
9.80994e-05
5.35777e-07
2.01852e-05
0
3.34048e-05
0
0
0.000642464
0
0
4.91384e-06
0
0
0.00065469
4.94188e-05
0
0.000894697
0.00114801
0
0.000358743
0.00024626
0.000397815
0
0
3.42536e-05
0.000482941
0.000743268
0.00108429
0.000781104
0.000154952
0.000108751
0
0.000139497
0.000160685
0
0.00104073
0.000320854
0.00110617
0.000313878
3.11894e-07
2.46778e-07
0.0011914
0.000166342
0
0.000685615
0.000612386
0.00102863
0
0
3.26814e-08
5.60715e-05
0
0
3.82109e-07
0
0
0
0
1.68985e-06
0
2.50147e-05
3.84674e-05
0.000351482
0.000567333
0
6.3223e-05
0
0
0.000165928
0.000368901
0
0
0.000886214
0.000457017
0.000576264
0
0.000311042
0.00053921
0.000163724
0
2.13919e-07
0.000107538
0.000485596
0.000860698
0.000168954
9.96733e-05
0.000802843
0.000363914
5.49226e-06
0
0
0.000122751
0
0.000858501
0
6.58309e-06
0.000769677
0.00116297
0.000113755
0.000712866
0.000480728
0.000309425
0
0.000743369
0.000875282
5.05686e-06
0.000474715
9.62025e-05
0.000697366
0.000742274
0.00101686
0.00025036
0
0.000509427
0.000697247
4.80692e-07
0.000186813
0.000565785
0
0
0.000814168
0
3.30832e-07
0.000790686
0
2.00472e-05
0.000364571
0
0.000145667
0
0
0.000544228
0
0.000352103
0
0
0
3.483e-05
0.000321175
0.000661323
2.85208e-05
0
0
0.000157522
0
0.000210863
0.000386883
0.00104861
0.000129243
0.000477189
0
0
0.000740157
0
0.000164906
0.000330407
0.000739707
8.30999e-05
0.000877966
0.000143414
0
0.000694372
0.000113544
1.44509e-08
0
0
0.000442828
6.07716e-05
0
2.91224e-05
0.000918993
0
1.12427e-07
0.000424356
0.000435959
0
0.000671226
0.000668056
0.000456135
2.21475e-05
0.00017471
0
0
2.40983e-05
0
0
0
0
0.000212857
0.00112772
2.84594e-05
3.01848e-05
0
0.000482701
0.000359362
0.000468204
1.94207e-07
5.3471e-05
0
0
9.93183e-07
0
0
0.000177955
0.000167262
0
0
4.61666e-05
1.21134e-05
0.000318425
0
0.000495704
0.000419553
0
0
0
0
7.74639e-06
0.000793728
0.000179814
5.62702e-05
0
5.50639e-05
0
0
0.000794949
1.55415e-05
0
0.000656795
6.33954e-05
1.0953e-06
1.34022e-07
0
9.4274e-05
0.000281054
0
0.000713579
0.000844412
0
0
0
0.000390959
0.00073107
0.000711605
0
0.000661832
0
0
0
0.000297369
0
0
0
7.86605e-07
0.000255731
0
0.000724673
0
0
1.7234e-05
6.45457e-05
0.000598329
3.2849e-05
0.000538724
0
0
0.00110909
0.000330472
0.000263775
0
0.000144311
0.000287628
0.000648478
0
0.000108863
0.000695392
0.000423524
0.000913131
0
8.65931e-05
0.000112527
0.000124605
0
4.84066e-06
0.000626934
0
9.02402e-06
0.000414936
0.000980284
2.9037e-05
0.00112773
0
0.000203839
8.18602e-05
1.67305e-07
0
0.000418911
0
4.90411e-05
0
0.000398196
6.46099e-06
0.00105753
0.000522715
7.28807e-05
6.75165e-07
0.000770528
0
0.000277916
0
0
2.01033e-05
5.95978e-05
0
0
6.77478e-05
0
1.57541e-05
0.000302085
0
0.000316896
0.000263089
0.000152221
6.41458e-06
0.000374374
4.10399e-07
0
0
9.65502e-05
0
3.56852e-06
0
2.7371e-07
0.000311322
2.56323e-08
0
0.000847198
0.000678801
0.000969833
0.000319548
0
0
6.11358e-06
0.000498144
7.42492e-05
0.000315391
0
8.35882e-05
1.82696e-06
0.000277007
0.000827768
0.000462312
0.00020688
4.72033e-05
0
0.000780241
0.000151129
0.000696507
0.000469432
2.13731e-06
1.52162e-05
0.000593484
0
0
0.000697609
0
0.000287377
0
0
0.000933357
2.53991e-05
0
5.10087e-05
0.00115366
1.36526e-05
0
0.000509192
0
0.000679625
6.27244e-05
0
0
0
0.000959536
0
0.000724334
0.0010333
0.000311284
0
0.000183888
0
0
0
0.000962911
7.37991e-05
0
0
0.000791733
0.000836879
0
0.000337511
0.000580068
0.000762533
0
0.000103247
0
4.13661e-07
3.18348e-05
8.91577e-05
0
0.00058029
4.87389e-06
0
2.32595e-05
0
9.78954e-06
0
0.00111547
0.000329021
1.22118e-07
0.000682884
0.000194763
8.98372e-05
0.000228172
0
0
5.03111e-08
0
0.00100698
0
0.000137236
9.69922e-05
0
3.19455e-06
0.000937686
0.000676457
0
0
4.22844e-05
4.50166e-07
0.000510263
5.3e-07
0
0.00104555
2.82781e-06
0.000326029
5.83285e-05
0
0.000799119
3.1682e-06
0
0
9.04959e-06
0.000774839
0
2.97755e-07
7.22556e-05
0.00114093
0
1.34149e-06
4.03217e-05
0.00104858
0.000268077
0
0
0.00104348
0.000105568
0.000240796
0.000856415
0
6.28384e-05
0.00104191
0
0
0
0
0.00065275
0
0.000789225
0
6.21332e-06
3.59331e-05
0.000946267
1.60685e-06
8.84568e-07
0.000171809
0.000548941
0
0
0.000541094
1.31973e-05
4.28742e-05
0
0.000270245
0
0
6.75278e-07
4.79585e-05
0.000467531
0.000704418
0.00034604
0.000154468
0.000187441
0.000148439
0
0
0.000424762
0
0
0
0.000867746
0.000577394
0.000748618
0.000293652
0.000212686
0
0
0
0.00046816
0.000474852
0.000977834
0.000215448
0
0
5.16296e-07
5.92819e-05
1.19215e-05
1.20202e-07
5.96002e-05
0
8.22396e-05
0.000820306
0
0.00017121
9.81425e-05
0.00025445
4.1807e-06
0.000779783
0
0.000678591
0.000161813
0.000270338
0.000191097
0
0
0
3.78978e-08
0.00022678
0.000122088
0
0.000360826
7.28927e-07
1.07564e-05
0.000434887
7.20531e-05
1.53242e-05
0.000477435
0
0
0
0.000469264
0
0.000869709
3.20124e-05
0.000877066
0
0.000901434
0
0
0.00014515
0.000262358
0.000145221
0
0.000790457
0
0.000350776
0.000785878
0.00017132
0.000534995
8.35445e-08
0.000146802
0.000232234
0.00032212
0
0.000184798
0
0
1.42077e-05
0.000154463
0.000686137
0
0
1.10648e-05
0
0.000217719
1.56054e-07
0
1.57913e-06
0.000311487
0
0.00015013
9.32524e-07
5.18313e-05
6.95946e-06
0
2.04333e-06
0.000300687
0.000183556
0
5.85538e-07
0
0.000384773
0
0.000921641
8.11239e-05
0
0
0
0
8.54992e-07
0
2.36492e-05
4.7383e-05
0
0
0.000447987
0.000957478
0.000635798
0
0
0
0
0.000163561
0.000758889
0.000191984
0.000359402
0
0.000136673
0.000596524
0.000604901
0
0.000525685
0
0
3.02386e-07
0
0.000515949
2.9602e-07
0
0.00036614
0.000107889
0.000219457
0.000267466
5.01253e-05
0.00102486
0
0.000182152
0.000502235
3.12888e-05
0
0.00031092
0
0.000550708
0
0.000660414
2.32964e-07
0.000967281
0
0
0
0.000557442
0.000296657
0
2.444e-08
9.57644e-06
0
0
0.0006466
0.000471944
0
0
0
6.61013e-05
0
4.89318e-05
0.000357584
0.000545427
0.000389155
3.17924e-05
3.4632e-05
0.00043759
0.000299248
3.80182e-06
0.000355602
0
0
0
0.000656756
0
1.14674e-05
7.08025e-06
0.000420529
0
0
0.000504106
0.000189678
0.000756695
2.86754e-05
0
0.000628222
0.000874305
0
0.000561821
1.80044e-06
0
0
0.00105796
1.43159e-06
0.00037224
3.69302e-05
0
0.00032286
0
0.000417182
0.000480126
0.000418211
0
0.00055668
0
0
0.00023263
0.000193998
3.22201e-07
0
0.000251913
0.000403507
1.07696e-07
0.000507128
0
0
0.000108698
0.000267927
0
0
0
1.6023e-05
0
0.000300034
1.74165e-07
0.000144364
0
0.000268654
0.000238841
0
0
0
4.6775e-06
0
0.000352541
6.41368e-05
0
1.03336e-07
1.02451e-05
1.02683e-06
8.89347e-05
0.00055014
0.000363727
0.000899367
0.000532373
0.000804442
0.000144826
0
0
0
0.000101982
0
0.000490838
0
0.00062669
0.000260763
0.000489903
1.85295e-08
0.000148511
0
0
0.00083187
0
0.000948895
7.37506e-05
0
5.25273e-05
3.75388e-05
0.000645751
0
0
0
0
0
0.00106043
0.00109971
0
0
1.33279e-06
0.000690286
0
0
0
0
0.000770596
0.000421782
4.50826e-07
0.000418538
0.000427926
3.51463e-05
0.000450712
3.91341e-05
0
0
0
0.00017123
0.00105093
0
3.54371e-07
0
7.34759e-07
0
0.000161151
7.49132e-06
0.000597539
0.000685915
0.000833
0
0
0.00044479
0
0.00011494
0.000259492
0.00069172
0
2.58501e-06
7.89295e-07
0
0.000636842
0
0.000259007
0.000135016
3.16185e-08
0
0
0
0.000216547
4.33615e-06
0
0.000396552
0
0
2.72936e-05
0
0.000916113
0.000254437
0.000323836
0.000418248
0.00028677
3.32705e-05
0
0
0
0.000664768
0
0
0
0
2.45059e-07
2.95605e-05
0.000642915
3.49329e-06
0.000208827
0.000733143
0
0
0
0.000264435
3.40613e-05
5.67887e-06
0
0.000974472
0.00105065
0.00110276
0.000372411
0.000713821
0.000292772
0
0.000448436
0.000576881
0.00100153
5.44734e-06
0.000690116
0.00110887
0.000461381
0
0.000205822
0.000228074
0.00033099
3.70953e-06
0.000478126
0
0
0.00042027
0
0.00090168
0
3.09988e-05
0
0.000607561
0.000173004
6.1495e-05
0
0
0
0
0.000102515
9.2533e-05
0
0.000930653
0
0.00016939
0
0
4.25728e-05
0.000278421
5.40384e-05
9.29133e-05
0.000240959
0
0.000286138
0.000418284
0
0
0.000982761
0
0.000993285
3.58118e-05
0.000821318
0.00100607
0
0
9.40146e-07
9.00496e-05
4.86496e-05
0.000874009
0
0
0
3.09675e-06
4.80208e-07
1.10623e-05
0.000661684
0.000144402
0
0.000323982
0
0.000767679
7.745e-08
6.61672e-08
0.000502885
0.00103432
0
0.000150554
0.000214258
0.000159677
0
0
0
0.000367561
1.92373e-05
0
0
0
0
0
0
0.000147955
0.00110607
0.000854241
0
0.000411216
0.00017492
0.00111623
7.84543e-05
0.000127158
0
0
0
0
0
9.81007e-05
0.000936093
0.00100092
0.00101036
0
0.00051253
0
0.000629062
0
0
0
0.00109031
0.000487179
0.000326729
0
0
0
0.000599483
8.71489e-05
0
0.000248958
0
0.000525724
0.000682906
0.00037804
8.01995e-05
0.00025189
0
1.5238e-05
0.000898635
0
0
0.000340471
0.000174693
0.000138765
0.000302275
0
0.000803927
0.000315411
0
6.35412e-05
0
0
0
0.000617695
0
0
1.88974e-07
0
0.000243601
2.29307e-08
0
0
4.48853e-05
0
0.000158344
0
0.000265806
0.000222484
0
0.000450917
0.000329702
0
0
0.00106647
0.000431303
0
0.000137556
0
1.28413e-06
0
0
0
0.00036088
0.000945146
0
8.0299e-05
0
2.34544e-06
0.000362886
0.000295457
6.12332e-08
0
0
0
0
0
7.63973e-08
0.000404209
0.000987218
0.00038774
0
0
0.000114097
0.000311301
0
0.000928917
0
0
1.60572e-07
0.000995628
0
0
0.000315726
0.000813506
4.78799e-06
0.000378957
0
0.000435898
0.000554179
0.000415338
0.000725425
6.33676e-05
0
0.000348298
0.000314377
0.000413846
0.000797038
0
0
0.000133057
3.72554e-06
0.000277179
3.85956e-05
0.0010926
0
0
2.07956e-05
5.4388e-05
0.000755305
0
0
0.000182149
5.94584e-06
1.17528e-06
2.26182e-05
0
8.96304e-05
0.000168892
0.000640368
0
0
7.41948e-05
0.000144193
4.2857e-05
6.14909e-07
1.75927e-05
1.89384e-07
0
0.000222112
0
0.000477355
0
0.00057382
0.000411171
0.00119869
6.11515e-06
0
0.000397925
8.22329e-05
6.24968e-05
6.3356e-05
0
0.000257681
0.000228094
2.18703e-06
0
2.03006e-07
0.000337037
6.14641e-05
0.000460562
0
0.000782922
0.000222401
9.92702e-08
0
0.000221642
0.000752897
0
0
0
1.10869e-06
0
0
0.00021023
0.000389013
0.000707368
3.65227e-05
0.000448266
0.000662899
0.000314902
0.000272981
0.00112944
1.36949e-05
3.70486e-08
0.000151207
3.42298e-05
0
0
0
0
0.000662866
1.16834e-05
0.000447903
0.000200135
0.000303562
9.44564e-08
0
0.000847189
0.000212149
0
0.000200742
1.5229e-07
0.000727163
5.58382e-05
0.0001289
0
0.000936973
0.000411912
0
0.000363498
1.34541e-07
0
1.58145e-06
0.000283806
0.000132945
0.00052103
0.000172382
3.14874e-06
0
0
0
0.000321463
0.000158152
4.69601e-06
0.00016983
0.000505187
0.00027181
0
0.000193937
0
0.000179287
6.11651e-07
0.000809438
0.000617904
0
0.000736152
0.000546407
4.04579e-07
0.000863232
0
0.000193447
0.000146479
0.000691654
0
0.00091337
0
0.00058001
1.02005e-05
0
0
0.00113033
0
0.000639971
2.97884e-07
0
1.08877e-06
6.16062e-05
0
0.000678004
0.00032527
3.41416e-07
0.000784507
0.000722959
1.20818e-07
0.000116946
0
0
3.43094e-08
0
1.97488e-06
7.50382e-05
8.49804e-05
0.000787255
0
0.00105255
7.21575e-05
0
0.000755927
0.000454224
0.000137828
0
0.00063918
0.00118522
9.36849e-05
0.000722645
0
0.000695738
0.000628904
0
0
1.92201e-08
0.000462997
0.000610804
0.000555294
0.000105136
0.000444233
0
0.00071241
0.000978085
0.000548759
0
0
0.000595326
8.04435e-06
8.70905e-07
0.000831282
0.000421718
0.00040727
0.000149213
0.000118611
0.000160945
0
0
0.000162549
0.000100871
0
0
0
0
0.00072565
0.000552922
0.000744501
1.96097e-05
0.00025064
1.10194e-06
0
0.000249455
9.80628e-08
0
0.000113961
0.000564851
0
0.000108399
3.14254e-05
0
0
0.000580087
0
0
0
0
0.000167488
0
0
0.000116975
0
1.08896e-06
0.000563364
0
0.000480967
0
1.93757e-07
0.000888887
0.000202232
6.89767e-08
0
0.000215093
0
0.000610201
0
0
0
0.000152228
1.53572e-05
0.000351148
0.000835092
0.00076742
0.000295246
4.07086e-06
0
0.000124589
0
0
0.000598158
0.00049769
0.000809166
0
1.69826e-05
0
0
0.000518056
0
3.50061e-06
0.000647308
0.000691983
0.000803414
0.000676039
0
0.00086521
0
1.41876e-06
0.000141485
0.000720689
1.23721e-07
0
0.000138404
8.87874e-05
9.60374e-05
3.61438e-07
0.000123764
0
0
0
0
6.40991e-06
0.000992083
0.000148379
0.000594839
0.00104212
0
0.000202024
0
0.000116757
0
0
0.000123507
0
0
0
0.000937352
1.02646e-07
0.00116368
0.000930091
3.7964e-06
1.11757e-06
0.000743796
0
0.000433795
0
0
0
0
1.15991e-05
0
8.84709e-07
1.31968e-06
0
0
0.000421491
7.90944e-05
0.000555533
0.000678573
0
0.000136018
0
0.000532334
0
0
0.000367428
1.01405e-05
0.000266542
0.000596615
0
0.000481673
0.000942108
0.000968876
1.74034e-06
0.000201992
0.000770832
0.000660827
0
5.31153e-05
6.58699e-05
5.72238e-08
0
0.000523194
0
0
0
0.000439135
0.00022689
5.81088e-05
4.96735e-05
0.000270668
0
0.000332447
0.000331604
0
0
0.000749724
0
5.46436e-05
0.000802055
0
0
0.000383842
0
0.000552339
0.000616804
0
7.90514e-05
0
3.81794e-05
0
0.000322088
0.000239753
3.33186e-05
0.000454914
0
0.000143218
1.11576e-05
0.000121714
0.000270535
0.000137668
0
0.000105132
0
0.000407335
0
0
0
4.70749e-07
0.000140526
0.00049382
0
0
0
6.25984e-05
0
0.000607598
0.000518214
0.00035439
0
0.000370672
0.000233867
0
3.32417e-05
0.000207195
0.00055211
0
0.000472789
0.000560141
2.22501e-05
1.74593e-07
0
0
0.000713442
0.000554174
9.41095e-05
2.72109e-05
0.00112898
0.000654792
0.000198602
0.000806871
0.000331368
0.00115707
0
0
0
0
0
0
0.000461319
0.000203329
0.000452255
6.65244e-07
0
0.000250168
0
0.000203444
0.000520877
0
0.000182982
0
0
0
0
0.00013312
4.20988e-06
7.40771e-05
0.000443951
0.000702097
0
0.000971459
0.000806205
0.000457126
0.000950785
9.68985e-05
0.000145239
0
1.08135e-07
0.000118654
0.000500488
0
4.9691e-06
0
0.000326957
0.0009009
0.000133406
5.50307e-05
0.000519264
4.4789e-07
1.34259e-05
0
0
0.000320602
2.26459e-05
0.000561784
0.000492451
0.000182753
0
0.000582573
4.57516e-07
0.00039581
0.000747646
0.000283239
0
0
0.000604188
4.56299e-05
0.000171069
0
0
0
0.000213792
0
0
0.000541662
0.000113361
0.000338763
0.000186765
0.00078267
0.000440444
0
0
0.00076021
0
0.000516344
0.000260515
0
0.000381429
0.000290516
1.6175e-06
0
0.00102096
0
0
0
5.05082e-05
0
0.000135637
0.000753353
5.97897e-05
2.47287e-05
0.0006933
0
0
0
0
0.000267514
0
0.000727635
4.45535e-05
0
0
0.000412023
6.46859e-07
1.83479e-06
0.000299663
0
9.54332e-05
0.000202521
0
0.000877092
4.94344e-06
0.000385095
2.91173e-05
0.000296636
0.000360067
4.58221e-05
0.000297996
9.95259e-08
0
0
0.000647401
0.000215546
0
0
0
2.38655e-06
0.000573665
0
0
0.00111205
0
0
0
0
0
0.00106335
0
0.000267559
6.45634e-08
0
0
0.000162682
0.000266743
0
0.000406395
0
0
0.000814203
2.45039e-05
4.91373e-05
0.000421374
0
0
0.000785727
0
0.000464132
7.80702e-06
6.32631e-05
0
0
0.000110407
2.02563e-05
0.000699208
0.00107352
0
0
0
0.000139654
4.86885e-05
0
3.04832e-05
0
0
0.00032
0.000111918
0
0.000291105
9.28652e-06
0
5.06044e-07
2.68324e-05
0.000303401
0.000403348
0
0
0.000341161
0
0
0.000595061
2.55266e-06
0.000272012
0.00025345
0.000777406
8.55868e-05
0.000358276
5.29403e-07
0
0
0.000123408
4.40287e-06
0
0.000447608
0.000910448
0
0
0.000340661
6.99322e-05
0.000433277
0
5.11479e-05
0.000608883
0
0
0
2.66442e-05
0.000344815
0
8.81471e-05
0
0.000273341
0
0
0
0
0.000185533
1.36077e-05
0
0.000334372
0
4.79598e-05
0.000881298
0
0.000128841
0.000298356
0.000144333
0.000169909
0
0.00052187
0.000244066
0
0.000622628
0.000975468
0
4.13088e-07
0.000150644
3.24037e-05
0.000421506
0.000198587
0.000113666
0.000565591
0
5.08836e-08
0
0.000994198
0.000935946
2.08732e-05
0
3.48874e-06
0.000317863
0
0
0
0
2.19564e-07
0.00011631
0.000451853
0.000658588
0.000460064
2.20335e-06
0.000388917
0
1.86481e-07
1.82208e-05
0
4.19981e-06
0.000542609
0
0.000651428
0.000849467
0.000777804
0
0.000365992
0.000297194
1.58878e-05
8.72363e-05
0
0.000660357
0
0.000694684
0
5.04571e-08
0
0.000264178
0
8.29417e-06
0
7.63548e-05
0
0
0
0.000119792
0.00091206
0.000159557
0.000232198
9.30503e-08
0.000136022
0.000755665
0.00010322
3.1201e-07
0.000346813
0.000594464
8.76852e-06
0
0
0.000916815
0.000184724
0.000345326
0.000141365
0
3.973e-07
0.000836343
0.000174083
0
0.000656338
0.000867337
0
0.000933826
0
0.000772522
0
0.000339457
4.27368e-05
0
0.000750444
0
0.000390199
0.000825502
0
0
0.000849106
0.000118354
2.19369e-05
0.000228108
0
0.000469495
0.000858511
0.000815709
0.000160018
0
0.000871347
0
0
0
0.000751075
0.000104267
0.00025966
0
0.000262004
0
0
0
0
0
0.00088855
0
0
0
8.21906e-05
1.75835e-06
1.87267e-05
1.36286e-05
0.000577336
0.000192804
0.000633372
0
0.000138576
0.000378286
1.04197e-07
0.000845462
0.00103991
0
0
8.3678e-05
0.000279718
9.77183e-07
0.000286324
0
0.000144011
0
2.70553e-07
3.29396e-06
0.000162782
0.000350812
0
0.000265497
7.05497e-07
0.000627203
2.58905e-08
0
0.000181393
0
0.000693273
0.000312567
0.000542066
0.00013759
0
0
7.66014e-07
0.000112321
1.47304e-06
1.94067e-05
0
0.000311085
0.000272837
2.32933e-05
0.000223585
5.95584e-05
3.99667e-05
4.94201e-07
0
3.68825e-07
0.000951213
0
4.09342e-05
0
0.000247415
0.000147725
0.000263161
0
0.000296852
0
0.000380619
0
0
0.000371532
0.000447981
0.000356067
0.000214699
0.000288877
0.000126469
7.13447e-07
2.69008e-07
0
0.000670718
0.000121053
2.62216e-05
0.000915813
0.000199496
0.000873216
0.000730875
0.000535682
0.000879735
0
2.4715e-06
0.00078628
0.000178367
0.000718816
7.84449e-05
4.88713e-08
0
0.000875495
0
0.000288244
0.000428463
0.000179369
0.00050781
0
0
2.46725e-05
0.000688623
0.000614942
0
0.000868786
0
0.000542011
0.000302513
0.000796956
5.77131e-06
3.08102e-05
0.000524677
0.000519517
0.000515342
0.000716986
1.98691e-05
0.000409297
6.76485e-05
0
0.000645524
0.000690335
0.000177274
0
0.000425467
0
0
0
0.000322897
3.51323e-05
0
0
6.77243e-05
0
0.000323748
1.36858e-05
0
2.01704e-06
0.000722014
0.000115118
5.60873e-05
0.000459531
9.4558e-05
3.08918e-08
0.000758644
0.000406524
0.000392768
0
0
0.000545111
0
0.00047711
0.000902518
0
5.85826e-07
6.5999e-05
1.89833e-05
0
0.000223451
0
0
0
0.000186301
0
7.58997e-05
2.50831e-06
0.000236372
1.34808e-05
0.00017262
0.000276415
0
0
0.000748802
1.02304e-06
6.25445e-05
0.00025962
0.000217055
0.00012316
0.000562244
0
0.000640158
0
0.000147957
0.000275929
0
0
2.14691e-05
0
0
0.000201566
0.000982273
0.000155044
0.000251063
0
0.000192994
0.000347552
0.000522995
0.000834021
0.000577349
0.000257553
0.000869934
0.000274924
0
0
0.000392308
0
0.000353979
0.000874853
0.000982025
0
0.000697985
0
0.00086426
0
1.08332e-05
0.000328773
0.00030175
0.000777688
0
0.000981565
4.769e-05
0
0
3.92393e-05
0.00104812
0.0011029
0
0.000318435
0
1.36204e-07
0
0.000323164
0
0
0
0.000480351
0
0
0.00100937
0
0.000577383
3.55255e-05
0.000214665
0
0
0
0.000276298
0.000248459
0
0
0
0
0.000315885
0
0
0
0.000233051
1.08393e-05
0
0
0
0.000450969
2.1877e-05
0
0
0.000142965
0.000634868
4.37375e-05
0.000304242
0.00107621
8.20767e-05
0.000234988
0
0.000533728
0.000410483
0
0
0.000545417
0
0
0
1.83287e-06
2.8775e-05
0
2.17605e-05
0
0.000267281
0
0.000334299
0
1.07684e-06
0.000950847
4.17121e-05
0
0.000476024
0.000438194
0.000222609
0.00115764
0.000433153
0.000498042
0
0
0
0
0.000858578
0
2.91154e-05
0.00107327
0
0
0.000415317
0.000154258
4.26036e-05
0.000636465
0.000323294
0.000496626
0.000236534
0
0.00035619
0.000130617
0.00021695
0.000238552
1.50503e-06
0.000543883
0.000419733
0.000201232
3.33094e-05
0.000801774
8.19328e-05
5.17486e-05
0.000228541
0.00025919
1.13888e-05
0
0.000620388
0
1.11335e-07
0
0.000377858
0
0.000376073
6.65836e-05
0
0.000817231
0
0.000948405
0
0
0.000459239
4.01585e-07
0
0.000311545
0.000117054
0.000159304
0.000870959
0.000792264
0
0
0
0
0
0
4.1742e-05
0
0
0.000815123
8.69997e-05
0.000866733
0
0.000442529
0
0.000438861
0
0
4.01923e-05
0.000867472
5.65556e-06
0
0.000299395
7.81068e-07
0.000432377
0.000166489
0.000618262
0
1.25563e-05
0.00123865
2.92495e-06
0.000583309
5.65723e-07
0
0
0
1.18479e-06
0.000556256
1.36453e-06
0.000165926
2.72774e-06
0.000394184
3.49788e-07
0.0004717
0.000517827
7.20054e-05
6.83592e-06
0
0.000214258
1.16541e-05
0.000173531
0.00035705
4.97809e-07
0
0.000755218
0
0.00013647
0.000180018
0.000921025
0.000553505
0
0.000995359
0.000641053
0
0.000126171
0
0.000175474
0
3.98183e-05
5.72238e-05
0.000884713
0
0
0
0.000192048
9.35984e-05
1.86402e-05
0.000167122
6.65672e-07
0.000322076
0.000764747
0
0.00105632
0.000130452
5.90313e-07
0.000134286
0.000169549
0
0.000191451
0
0.000958361
0.000718479
0.0002631
0.00109505
0
0.00107084
0.000528696
0
0.00062025
0
0
0.000458066
0.000371734
0
0
0
0.000810516
5.94625e-07
0.000485534
5.39849e-07
0.000438253
0.000701494
0
0.000389759
0
0
0
0
0.000867584
8.01843e-07
3.89457e-06
0.00082379
0.000625908
0.000163877
0
0
0
0.000196041
0.00106762
0.00106912
0.000723546
0.000539576
0.000205553
0
1.16602e-05
0.000640213
0.000528633
0.000592616
0
0
2.75917e-05
0.000956012
0.000260801
0
0
0
3.0814e-05
0.000597164
0
0.00026362
0
0.000862836
6.55845e-05
1.09135e-05
3.33495e-06
0
0.000736832
0
0
0.000608501
0.000528523
0.000548977
3.43419e-05
0.000147207
8.84942e-05
3.20697e-06
0.000174727
0.000100954
0.000576001
0.000650372
0.000360595
0
0
0
0
0.000251882
0
5.75094e-05
0
0.000116492
0
0.000327869
0
8.50424e-05
1.48442e-05
0.000298459
0
0
0.00038383
0
0.000202442
0
0.000249641
8.49259e-06
0.000798836
0.000210592
1.39511e-06
0
0.00109889
3.11578e-05
0.000304773
0
0
1.6671e-05
0
0
0.00047107
1.40375e-06
0.000716941
0.000414784
0.000524957
0
0.000111955
0
0
0
0.000761505
0.00014395
0
0.000726904
0.000687995
0.000855726
0
0
0.000620901
0
0.000202228
0.000816212
0
0
1.52634e-08
0
0.000120242
0
0
0.000161796
0.000459753
0
1.23552e-07
1.2847e-05
0.00115319
0
0
0.000249277
0.000211538
0.000123142
0
0.000102683
0
9.94628e-05
0
0
0
0.000722396
0.000155229
3.48186e-06
0
0
0.000837387
0
0.000464084
0
0.000176718
0.00017622
0
0.000894719
0.000257067
0.000485636
1.67974e-06
0.000927216
0.00108199
4.2392e-07
0.000164002
0
0.000124143
1.50964e-07
0
0
4.03373e-06
0.000214309
0
0
0.000114724
0
0.000668576
0.000773587
0.000126298
0.00103541
2.68438e-06
6.49579e-05
0.000184575
0
0.000499885
8.82762e-06
0.000590232
0
0
0
0.000686054
0
0
0.000537447
0
0.000149555
4.89848e-05
0.000471158
1.21639e-05
0
0
1.10589e-05
0.000507444
5.4293e-07
0.000242304
0.000229195
2.71181e-05
0.000604147
0.000286206
0.000304785
0
0
1.51651e-05
0
0
3.22875e-07
0
0.000557708
0
0
1.50763e-06
1.32891e-05
7.66099e-05
0.001001
0.000115506
0
0.000182863
0
0.000965182
0.000579705
0.000985756
0
0
0
9.46197e-07
0
0.00014405
0.000322146
3.436e-07
0.000641014
0
0.000173104
0.0008517
0.000181211
0
0.000138129
0.000825362
0.000892997
0.000202144
0.00077787
0.000443849
0.00065592
0.000321067
6.91347e-05
0.00101402
0.00108007
0.000292667
0.000656946
0.000264375
0
2.33473e-06
0
2.10744e-05
4.64281e-06
0.000463798
0
0.000998649
1.09337e-05
8.93067e-05
7.13895e-05
3.06088e-05
5.75824e-06
9.62745e-05
0.00114952
0.00112953
0
0
0.000500034
0.000551114
0
0
0
0.000125465
2.10178e-06
0
0
0
0.00072325
0
0.000334653
0
0
0
0.000919624
0
3.62197e-05
0.000463976
0.000702287
0
5.46919e-07
0
0
6.7346e-05
0.00115089
0
0
0.000286683
5.52601e-07
2.2778e-05
0
0
0.000294816
0.000281781
0
1.94141e-07
0
0
0.000262601
0.000905645
0.000190538
0.000295712
0.000428142
0
0.000626964
0.000168976
0.000207125
0
0.0001966
0.000667658
0
0.000387615
0.000237418
0.000469731
0.000439379
1.83819e-07
8.7698e-07
0
0
0.000299006
0
0.000313152
0.000632349
0
0
2.37762e-06
0.000851942
0
0
2.54899e-06
0
0
0.00047206
0
2.02184e-06
0
1.56441e-05
0
0.000446067
0.00109
0
0.000630421
0
0.000317338
0.00054581
0
0.000139051
0.000378501
3.59318e-07
0
0.000444105
0.000770661
0.00011193
0.000184067
0.000931804
8.25799e-05
6.67231e-05
0
8.92467e-06
0
0.000678487
3.39143e-05
0.00104214
7.96969e-05
0.000675656
0.000307391
0.000930255
0
1.69917e-06
0
0
0.000801511
0.000778897
0.000743345
0
8.31342e-05
0
0
9.83616e-06
0
0.000619452
0.000242317
0
0.000163063
0
0
0
0
0
0
9.22553e-05
0.000605432
0.00026087
2.36274e-05
3.79105e-08
0
0.000323148
0
0
0.000262529
0
0
0
0
0
0
0.000414777
0
4.43751e-05
0
0
0
0.000225703
0.000833229
0
0.00043264
0.000158892
0.00105732
0
0.000342834
1.38116e-06
8.31936e-05
0.000401603
0
0
0
0
0
0
0
0
0.000185835
0
0.000262921
0
0.000607123
0.000268616
0.000144195
0.000102511
4.64581e-07
0
0
0
0
0.000304724
0.000763402
0.000366013
0.000881501
0
0
0
0.000266556
1.13114e-06
0.00013503
0
0
0.00062528
0
0.000126154
0
0
0.00030179
0.000904978
0.000508525
0
0.000150598
0.000149736
0.000225605
0
0.000338474
0
0
0.000983739
0.000755662
0.000883037
0
0.000528407
0.000999746
0.000119379
2.14062e-05
0.00047888
0.00013403
9.86169e-07
0
0
1.31619e-06
0.000946174
0.000873466
0.000441364
0
0
0
0
0
0.000254933
0.000944497
1.85852e-06
0.000613441
5.78372e-05
0
0
0
5.52148e-08
0
0.00013396
0.000885812
0
0
0.000254889
0.000468305
0
0.000735789
0
0
0.000619379
0
0.000148642
0.000200187
2.0008e-06
0.000359389
4.10157e-05
0
0.000817074
0
0.000717966
0
0
0
0.000194425
3.78836e-06
0
0.00100745
0.000802027
0.000731317
0.000463011
7.19437e-06
1.83204e-05
0.000161495
6.50978e-05
0
0
0
0.00066569
0
4.41783e-05
0
0.000368781
1.71027e-06
5.34466e-05
0
0.000963415
0.00114968
0
7.82291e-05
0.000786266
0.000108223
0.000314073
0.000127174
0
0
0.000696707
0.000342008
0
4.22439e-06
0
0
1.91649e-06
0
0.000100698
3.3735e-05
0
0.000938677
3.41079e-06
0
0.000667777
0.000768985
1.33116e-07
0
0
0
6.49566e-05
0
0
0.000657706
4.41213e-05
0.000329208
0
0.000559809
0.000671665
0
0
0.000490741
0
0.000305037
8.69682e-07
0.000382237
0
0
0.000233272
0.000752297
0.000376784
0.000839245
0.00072092
0
0
0
0
4.56513e-05
0.000720487
0.000856532
0.000622548
0.000217692
0
0
1.26198e-05
0.000518101
0.00102717
0.000218571
0
0
0.000163352
0
0
0
0.000244215
0.00034967
0
0.00019725
0
0
0
0
0.000692366
0
0
0
0
0.000184183
1.87911e-05
0.000631602
0
0.000165511
0.000501707
0.000364477
1.30986e-05
0.000130929
0
3.02538e-06
0
9.88972e-05
0
1.12432e-05
0
0.000167736
8.99842e-07
0.000664498
0.00028118
0
0
0.000347459
0
0
0.000849929
0.000608741
0
2.44038e-05
0
2.07693e-05
0
7.03407e-06
0.00017978
0.00049198
0.000994923
0
0.000106194
0.000614894
7.22942e-08
4.23107e-05
3.94522e-06
0.0005489
0.000719419
0.000312652
0
0.000753923
0
0.000393668
5.37217e-05
0
0
0
1.43194e-07
0.000863279
0
0.000120067
0
0.000711297
2.02642e-05
0
1.23969e-06
7.67842e-06
2.47711e-05
0
0.000445993
0.000236468
0
0.000267167
0.000575579
0
5.48871e-05
0.000765613
7.63161e-05
0.00116556
6.81758e-05
4.0687e-05
0
0.000297967
0.000148919
0.000227589
0.000525111
0
8.11363e-05
0.000532943
0
0.000806496
0.000178248
0
0.000195448
0
0
0.000398341
7.97859e-06
0.000144636
0.000840794
0.000243542
0
0
0.000603768
0.000367896
0
0.000524123
0
0.000445333
0.000403823
0
1.34534e-05
0.000728879
0.000279962
0
7.70084e-05
0.00042538
0
0.000634111
0
2.90678e-06
0.000420169
0.000727698
3.52013e-05
1.50388e-06
0.000820751
0.000944508
1.49566e-07
0.000762234
0.000472244
0.000197956
0.000565328
0.000155235
0
0.00092376
3.12707e-05
0.000413586
0
0.000200964
5.72997e-05
4.60048e-05
7.51164e-05
0
6.32887e-07
0
0
0
0.000922639
0.000115798
8.62165e-07
0.000193834
0
0.00111807
0.000224775
0
0.000813921
0
0.0010857
0
0
0.000831043
0.000749261
0
0
0.000146457
0.00057478
0.000226939
0.000782208
0.000625306
0.000648418
0
0.000247973
0
0.000438446
0
0.000677735
0
0
2.33755e-07
9.44007e-06
0
0.000202726
0.000521823
0
0
0
0
0.000201469
0.000564404
0.000639057
0.000217718
0
0
0.000319928
0
2.43403e-06
3.05991e-06
0
0
0.000849223
4.73816e-07
0.000539468
0
0.000183139
0.000108061
0.000347878
0
0.00115014
0.00043611
0.000221716
0.000710768
0.000855031
0.000511916
0.000183274
0.000881062
0
4.4808e-05
0
0.000520191
0.000164508
0.00063519
0.000762177
0.000194851
0.00050827
0
9.21541e-05
0.00101351
0.000151043
0.000487652
0
0
0
0.000235787
0
0
0
0.000510054
0.000502301
0.000185774
0.00104733
0
3.10947e-05
8.56273e-07
2.32535e-05
5.92688e-06
0.000250542
0.000951413
0.000430422
0.000495038
0.00058487
0.000216658
9.82723e-05
4.34415e-07
5.19893e-07
0.000234356
0
0.000948947
9.80216e-05
0.000272684
0.000492739
0
2.82313e-05
6.05254e-07
0.000898184
0
0.000404233
0.00121693
0
0
6.86988e-06
0.000317
0
0
0
0.000768572
7.91653e-05
0
0
0.000551883
0
0.00065493
0.000277132
0.000640179
0
0
0
2.97974e-06
0.00058057
0.000112584
8.70249e-07
0.000240224
0
0.00019917
0
0
0.000896318
0
0
0.000701649
0.000393231
5.79787e-06
5.90757e-05
0
3.95586e-05
0.000546628
0
0
0.000445379
3.61683e-06
9.2605e-06
0
8.416e-06
1.9488e-06
0
0.000249918
0.000359837
0
2.34381e-05
7.60579e-05
0
0
0.000277344
1.60518e-05
0
0
0.000565622
0
0.000700132
0.000287583
0.000330383
1.14975e-05
0
1.58449e-07
0
0
0
0.000752559
0.000184431
0
4.16908e-05
1.15755e-05
0
0
0
0.000733037
0
0.000588303
0
0.000241223
6.63814e-05
0
0
0.000193805
5.33535e-07
0
0.000424878
0
0.000393922
0.000102304
6.74855e-05
0.000421176
5.76723e-08
0
0
0.000201667
0
9.97985e-05
0
0.000210843
0
0
0
0.000644623
0
0.000388512
0.000396831
0.000831573
0.000300054
7.56575e-05
1.29562e-05
0.000152181
9.92884e-05
0.000670686
0
0.000350101
8.11437e-05
0
0.000546677
0.000114676
0.00118805
0.000894828
0.000253871
0.000924983
0
0.000550654
0
0.000349927
0.000569246
0.000675838
0.000566723
0.000107472
2.56695e-06
0
0
0.000988543
0
1.84984e-07
0.000728798
0.000715739
0
5.19341e-08
0
3.75253e-05
0
1.18465e-06
0.00102976
0
0.001187
5.88169e-06
0.000839157
0.00102025
0
0.000460361
0
0
0.000217799
0.000153204
0
9.89674e-05
0.000121055
0
0.000778868
0
2.74496e-05
1.82603e-06
0.000901279
0
0.000651544
0.00103458
0
0.000121536
0
0
2.75047e-05
0
0
0.000136225
0
0
0.000197067
0.000216352
0.000546758
0
0.000121096
0
0
0.000189373
0
0
7.67381e-05
0
2.20853e-07
0
2.28035e-06
0.000457725
9.87871e-05
0
0.000104027
0
7.20787e-07
1.90679e-06
0
0
0.000796731
0.000781463
1.67087e-08
0.000908641
0.000263699
0.00085245
0
0.00120189
0
0
0.000150872
0
0
5.23212e-05
2.36877e-08
0
0.000319044
0
0.000761753
0
5.28575e-05
0.000252934
0.000435944
0.000137495
0
0.000107394
0
0.000227834
0
0.000559201
0.00051192
0.000323646
0.000702764
0.000209279
0.000125299
0
2.98872e-07
7.20541e-05
0
5.83382e-05
0
2.75438e-05
0.000664814
0.000321471
0
0
0
0.000153494
0
0
0.000576069
5.39852e-07
0.000289756
0.000578073
0
0
0.000432675
8.83103e-05
2.53098e-06
0
0
0.000272883
2.68139e-05
0.000270441
0
0.000418351
0
0
0
0
0
0
0.000733414
0
0
7.7566e-07
0
0.000997157
0.000526956
3.17154e-05
0
0
0.00025332
3.30099e-05
0.000407991
0.00117679
0
0.00015152
0.000490905
0.000348304
0
0
0
1.02293e-06
0.00103321
0
0.000148105
0
0
0
0
0
3.26146e-05
3.07572e-05
0
3.48123e-05
0
0
1.95195e-06
0.000133322
0
0.000679832
0.000378516
3.92367e-06
0.00075645
0
0.000183829
0.000501732
0
0
0
0.000337875
0.000673107
0.000249619
1.20926e-07
0.000264971
0.000687007
0.000550368
0
0
0
0
0.000511399
0
2.13883e-08
0.000666155
0
0
2.33747e-05
0
7.39091e-06
7.2842e-06
0.000546487
0
8.66768e-05
0.000180638
0
0
0
0.000464845
2.42318e-05
0.000594012
3.39517e-05
0
9.41544e-06
0.000450871
0
8.06825e-05
0.000182451
0
0
3.03258e-05
2.12332e-07
0
0.000353792
0.000144799
4.19458e-06
0.000545111
3.74257e-05
0.000208918
0.000288207
2.18216e-06
3.22759e-07
0.000466186
8.15957e-06
0.000894376
2.73254e-06
3.98227e-07
0
2.56595e-06
4.55067e-05
0.000385316
0
0
0.000393635
0
0
0
0.000112377
0
2.01609e-05
0.000939049
0.000246887
0.000849824
0
0.000534088
0.000942342
0.000870895
0.000278136
0
0
0
1.48231e-06
0.000259355
0
0
0
0
0
0
0
0.000155972
0
0
0
2.92956e-05
0
5.69732e-05
0.000993019
3.73301e-06
0.000175627
1.56318e-07
7.35795e-05
0
0.000622969
0.000197656
0.000742653
0
0
0
0.000202306
0
1.24873e-08
0.000248915
0.000354799
0
0.000389982
2.76087e-06
0.000373882
0
0.000467478
0
0
0
6.17595e-06
6.21554e-06
0
0
0.000115733
1.54842e-07
0
0.000257804
0.000282219
4.12473e-07
0.00017843
0
0
0.000126399
0
2.33489e-07
0
0.000545702
7.75217e-06
0.000683547
0
0
0
2.22382e-06
0.000106343
0.000230841
2.63506e-07
0.00090426
0
0.000203225
0.000155429
0.00059196
0
0.000736276
8.47195e-05
0.000600449
2.16558e-06
0
0
0.000367565
0
0.000463787
0.000529642
0.000625175
0
0.000429895
0.000192149
1.769e-05
4.72583e-06
0
0.000605748
0
3.00377e-06
0.000754665
7.67151e-06
0.000789902
0.000490702
0
0.000983367
0
0.000257366
0.00074464
0
1.00991e-05
0.000166557
0.000645355
0.000787841
7.31807e-07
2.71513e-07
0.000446523
0
7.10107e-05
0.000493908
0.000146173
7.79171e-06
0.000229833
0.000412945
5.4084e-05
0.0007619
6.41537e-08
7.22299e-05
0
1.82643e-05
0
0.000684629
3.36666e-08
0
0
0
8.09076e-06
1.05194e-05
0.000296763
8.27488e-07
0
0.000401954
0.000810633
1.05669e-08
0.000158568
9.73158e-05
0.000882325
0
5.31303e-05
2.99819e-05
0.00023376
0
0.000684909
0
0.000325827
0.000458129
0
2.52034e-07
0.000205178
0
1.53909e-06
0
0.000897381
0
9.34831e-08
4.79835e-05
0
0
0
0
0.000335403
2.3045e-06
0
0.000521675
0
0.000174031
0
7.7875e-05
7.84004e-05
3.46295e-05
0
0.000226514
0
5.74303e-05
0
0
0
0.000523573
0
0.000126797
0
3.45361e-08
0
0
0.000835402
8.68917e-05
0.000166269
3.6599e-05
0.000525328
0.000159961
0
0.000447117
0.000181431
0
0
0
0.000629998
0.000251587
0
0.00041711
0.000652079
0
0.000470935
0.000203032
0
0.000125408
0
0.000376299
0
0.000338082
0
0.000923723
0
0.000541803
0.000278322
0
0
0
0.000394013
1.02801e-06
0.000477777
0.000247364
0
0.000123014
0
0.000472905
0
8.29896e-05
0
0
0
0.000348048
0
0
0
0
0.000661367
7.17933e-05
0
0
0
0
0
0.000550884
0
0.000499529
0
6.9327e-06
0.000159963
0.000823161
0
1.95818e-05
0.000632316
1.25069e-05
0.000304588
0.000406347
0
0.000348176
0.000216607
4.18268e-05
0
0.000633572
7.89841e-05
0
0
0.000263715
6.55854e-05
1.00404e-05
1.34767e-07
0
0
0.000531699
9.02125e-06
0
0.000240779
0
0
0.000108774
0.000242927
0.0011368
0.00114454
2.15658e-06
0.000621435
0.000916635
0
0.000486959
0.00058471
1.10674e-05
0.000344791
0
0
0.000575857
0.000886601
0.000216282
0
0
4.17094e-05
0
0
0.00014476
4.85675e-05
0
0.000332351
0
0.000247037
0.000150879
0.000205895
0
0
0
0.000859243
0
0.000267826
0.000524473
0.00040894
0.000355805
0.000279092
0
0.000128764
0.000643597
0
4.18993e-07
0
6.77393e-05
0
0
0
0
0
4.69182e-05
0.000321148
0.000140385
0.00117065
0
0
0
0.00078251
0
3.1854e-05
0
0
0
2.69466e-05
0.000850168
0
0
3.15848e-06
0.000212988
0
3.61992e-07
0
0
0.000271785
1.46512e-07
2.90811e-05
0.00026565
0
0.000591961
0
4.28119e-05
1.81917e-06
1.73598e-05
0
1.99425e-05
0
0
0.000395381
0.00051108
0.000543323
0.00061713
0
0
1.06213e-06
0
0
0
0
4.46471e-06
0.000658374
0.000367266
4.59748e-06
0
0
0.000747829
1.71129e-08
0.00060404
0
0
0
1.09744e-06
0.000730037
0
4.2587e-07
0
0
2.95799e-05
6.37682e-08
0.000535388
0.000445511
0
0.000192953
0.000525731
0
0
0
0.000987016
0.000520973
0
1.02852e-05
0.000951768
0.00120055
0
0.000547099
0
0.000846367
0
0
0.000758908
6.84051e-07
0
0.000149657
0
0.000339432
0.000513998
0
0.000325472
0.000637778
0.000201409
0
0.00112834
0.000510852
0.000625899
0.000822924
0.000191705
9.35722e-06
0
0.000499062
0.000862685
0
1.63029e-05
0.000631929
0
0.000942919
0
0
0.000122228
4.34949e-06
0
0
0
0
0
0
0.00116359
7.10476e-06
0.000916555
2.98165e-06
0.000576479
1.93934e-05
0.000699847
0
0.000146371
0.000249212
0
0.000469629
4.87697e-05
0
0.000429461
9.30287e-06
0
0
0.000356653
0.00103942
3.75851e-08
0.000270147
0.000156272
0.000324936
7.25762e-05
0.000474851
6.60474e-05
0.000606658
0
0
6.79563e-05
5.36777e-07
0
0
2.86546e-06
0.000461664
0
0
0
0.000573296
0.000760179
0
0.000331606
4.26553e-05
0.000289501
0.000157353
9.39263e-06
0
0.00064735
0.00028271
2.34284e-06
0
0.000735962
6.46697e-06
0
0.00026634
0.000303586
0.000606071
0.000326416
0
0.0008671
3.52798e-05
0
0
0.000163362
0
0.000471363
4.07548e-06
0
0
6.62842e-07
0
0
2.56319e-05
1.23051e-06
9.15344e-05
0
0.000705496
0.00105359
0.000663996
7.14112e-06
0.000207543
0
0.000437253
0.000504051
3.93864e-05
0.000910202
0
0
0.000781383
0.000956627
0
0
0
0
0.00102748
0.0001575
0.000143239
3.22162e-06
0
4.97351e-05
0.0001365
0
0.000803578
0.000621501
0
2.89658e-05
0.000138353
0.000435367
4.77416e-05
0
0.000418814
8.42031e-08
0
0
4.30803e-05
0
0.000244208
3.60029e-05
6.59328e-05
9.39371e-06
0.000888728
0.000393599
0.000268578
0
0.000776869
0
0.000130746
9.94932e-06
2.10868e-05
3.28615e-06
0
0
0.000355353
0
0.00016649
0.000981976
0
1.0629e-05
0.000515448
0.000505614
0.000143975
0.000375872
5.32802e-06
0.000310768
4.76977e-06
0.000502964
0
0.000305883
0.0011187
0
0
0.000166639
0
0
0.000960578
0.000560301
0
0.000308087
0.000364422
0
0
0.000211235
0
0
0
0
0.000355353
0.000824799
2.01239e-05
0.000222035
0.000144487
0
0.000925193
0
0.000718767
0
0.000106739
7.60862e-06
0.00067809
1.6442e-05
0.000944219
0.000439686
3.49026e-06
0
0
0
1.20425e-06
0.000204692
0.000568933
0.000317687
0.000794474
2.25041e-06
0
1.29829e-06
0
0
0
0
0.000582478
0.00031776
0
0.000865938
0
0
0.000944444
0
0
0.000753857
0
0.000824965
0
0.000211138
0.000854281
0
5.63317e-07
0
5.33677e-05
0.00011336
0
8.69754e-05
0.000235517
0.000238955
8.29989e-05
6.06749e-08
0.000169786
0.000110854
9.00252e-05
0.00105401
1.0919e-05
0.000592748
0.000762245
0.00030386
0
0.000830296
0.000896643
0
7.73283e-05
0.000362537
5.55627e-05
0.000908938
5.23289e-05
0.000624324
0.000806089
0.000892226
0.000285349
0.00111122
4.0387e-06
0.000912827
1.00534e-05
0.000682809
1.15855e-06
0
0
0
3.6117e-05
0
0
0
0.000404054
0
0
1.06753e-05
4.34502e-05
0.000204854
0.000878883
0.00107784
1.18114e-07
0.000196928
0.00026801
0.000976656
0.00121836
0.000263526
0
2.98912e-08
0.000119629
0
0.00070961
0
0.000755685
0
0.000699912
0.000572004
0
0.000113901
2.79414e-05
0.000121871
0.000115589
0.000697519
9.79787e-06
0
0.00111784
0
0.00101662
0.000689489
0
9.30834e-05
1.81312e-05
0.000427178
4.05432e-05
1.55053e-06
0
0.000327092
0.00092471
0.000291421
0
0.000170284
0.000151775
0.000132553
1.44882e-05
0
0.000999843
0
0.00041472
0
0
0
0
0.000511276
0.000904015
0.000979827
0
0.000845934
0.000620701
0
0
0.000875842
4.18821e-07
0.00108641
0
0.000980636
0.000419365
0
0.000152521
0.000751796
0
0.000194728
0
0.000491718
0.000111813
0.000436417
0.00113718
1.32575e-07
0
1.84494e-07
1.15046e-07
0.000181958
0
0
2.1333e-05
0
0
0.000393863
0
0
0.000856075
0.000341489
0
0.000169278
0.00052351
3.75618e-05
0.000386373
0
0.000146659
0
0
8.59594e-07
0.000655478
0.000268919
0
0
0
0.000254718
0.000129706
6.51232e-07
0
7.50084e-07
0.00121896
0
3.96415e-05
0
8.34221e-05
1.37117e-07
5.02902e-06
0.000540255
0
0.000166711
0.000556874
0
0
0.000260535
0.000370385
0.000752099
3.46186e-05
0.000445198
0.000650296
0.000177223
2.23944e-05
0
0.00031612
0.000494751
0
0
0
0.000409652
0.000414625
0
0.000135071
2.98172e-05
0.000882727
3.80479e-05
0.000190361
0.000804606
0
0
0.000254771
0.000371532
0
0.000571665
0.000441189
0.000615106
0.00107281
0
4.38377e-06
0
0
0.00072305
0.00101817
0.000725407
0.000387322
0.0002954
1.70135e-06
1.08506e-05
0.000201593
0
0
0
0
0
0.000359811
9.94312e-06
0.000286495
0.000333157
0.000438
0.000625095
0
0.000212622
0
0.000102864
2.95426e-06
2.58946e-05
0.000161772
0.000362721
0
0.000908326
0
0
0.00019554
0
0
0
0
0
7.55448e-07
0.000549121
7.35223e-05
0.000632534
0
0.000660926
0.000716336
0
0.000309069
0.00017441
0.000567687
0.000773546
0
0
0.000888252
0.000548679
0.000613608
0.000690073
0
0.000927846
3.64648e-05
0.000723591
0
0
0
0
1.70167e-07
0
0
0
0.00043987
0.0011103
1.9562e-05
0
0.000674565
0
0.000127806
0.000396415
1.2615e-06
0
0.000456052
0
6.3512e-06
0.000726866
0
0.000339556
0
2.5629e-06
1.2847e-05
0
0.000229185
7.45981e-05
6.91194e-05
0
0
0
0.000795816
0.000607399
0
0
0
0.00029621
0
6.17578e-05
0
0.000402246
0
0
0.000683202
0.000809626
0.000322635
0.000689284
1.1934e-07
0.000767633
0.000731464
0
0.000794626
0.000797936
0.000116936
0
0
0.00055121
0.00049425
0
0
0
0
0.00101603
0.000103362
0
0
0
0
3.35203e-05
0
0
0.000591005
0
0.000921175
0.000769697
0
0
0
0
7.83099e-06
0
0
0
0
0
0
0.000602436
0.000405758
0.000188666
0
0
0
0.0012047
0
0.000271457
2.75298e-05
0.000172939
0.000386173
0.000127848
0.000281964
0
0
5.05518e-05
0
0.00065431
0.000323634
0.00041887
0.000303191
0
0.000341671
0
0.00105447
0
0
0
0.00017357
0
0.000831743
0
0.0010407
0.00026647
0.000651089
4.02014e-05
0
2.30669e-05
0
0
0
0.000773777
4.88697e-05
0.000222574
0
9.245e-06
0.000321034
1.50664e-05
0.000517798
0.000501319
0
0.00020011
7.06424e-06
2.66274e-05
0.00050489
0
0.00114433
0
0.000333419
5.10109e-05
0.00067247
4.1449e-05
0
0
6.94671e-05
0.000216733
0.000309089
0.000476628
0.000838524
2.41673e-07
4.75012e-05
0.000527451
0
0
0
0
3.59871e-05
0
0.000492809
0
0.000449975
0.00071162
5.71409e-08
0.000150679
3.77718e-06
0
0
0.000321217
0.000667787
6.62663e-05
0
0
0
0.00030496
0.000526862
0.000269138
1.08997e-06
0.000270775
0
0
0
0
0.00053619
9.88936e-05
0
0
0
0
0.000274601
0
0.0010597
0
9.68985e-06
0.000192342
0
1.03697e-05
0
8.57989e-05
0.000159072
3.04211e-05
0.000525675
9.65152e-06
0
0.00117922
0.000131719
0
0
5.66343e-06
0.000470295
2.60359e-06
0
0
0
0
0
0.00100354
0
0.000492114
0.00111324
0
0
0
0.00109726
0
0.000778443
0.000724372
0.000268904
0
0
0
4.02744e-06
0.000362598
0
4.87972e-05
1.75079e-08
0.000803368
0.000712462
0.00118176
0.000390317
0
0.000595762
0
0.000353529
0.00110582
0.000159638
0
0
0
0
0.000632876
0
0
3.3322e-07
0
0.00013292
0.000450864
0.000888191
0.000648194
0
4.99725e-06
0
0
0
0
0
9.309e-06
7.98613e-05
0
0
0
0
0
0.000153371
3.20768e-05
0.00106695
0.000291012
0.000451907
0.000381203
0.000582595
0.000962244
0.000253444
0
0.0010497
1.95826e-07
0.000222759
0.00117107
0
0.000345177
0.000679253
0.000205067
0.000180357
0
0.000905493
0.000216988
0.000149928
0.00010084
0.000386444
0
0
0
0.000245987
0.000236036
0
0
0
0.00101768
0
3.73108e-05
0.000169976
0
0.000662977
0.000636596
0.000352815
0.000711065
0.00021867
0
0
0.000166299
0
0
0.000879094
0
0.000186359
0.000223324
0
0
0
6.10345e-05
9.06515e-07
0.000378063
0
8.92716e-06
0
0.00050593
0
0.000643267
0
2.89025e-06
0.000977991
0.000673714
0
0
0.000656076
0.00105937
0.000352658
7.75874e-05
0.000184703
6.6739e-06
1.84338e-07
0.000479329
0
0.000162502
4.35242e-05
4.13168e-07
2.38183e-05
0
0.000522447
0.000161398
0
0.000587935
2.30726e-05
0
0.000212894
0
7.97827e-05
0.00020309
0
0
7.23645e-05
4.54781e-08
1.20452e-05
0
0.000550305
1.59272e-07
0
0
0
0
0
5.43074e-05
0.00011093
0.000699614
7.52498e-05
0.000772354
0.000646998
0
0.000200373
0.000169545
0.000238346
0
0
0.000298704
0.000156262
0
8.43273e-05
0
0.000462936
1.97351e-05
0.000196635
7.93885e-05
0
0
0.0001481
0.000106117
0.000147448
0.000956424
0.000638578
0
0
0
0
8.72045e-07
0
0
0.000297906
0.00028465
0
0
0
0.000297952
0
1.35866e-06
0.00029513
0.000128904
0
7.09459e-05
0
0
0
1.97998e-06
2.19114e-05
0
0.000331277
0
5.11501e-05
2.9393e-06
0
0.000492165
0.00109333
0.000924419
0.000132285
1.61964e-06
1.07812e-05
0.000268541
0
0.0011297
0.000684808
0.000106561
0
1.90816e-05
5.05202e-07
0.000750728
3.35108e-08
0.000500563
0.000144656
4.11444e-07
0.000174003
0.000626322
0.000415554
0.000445801
0
0
4.90169e-06
0.00052811
0
0.000450952
0.000186835
0
8.7826e-05
0.000591117
0.000691554
0.000446977
0.000877481
0
2.5853e-05
0.000944501
0.000162316
0.000179111
0
7.84945e-07
0.000162718
3.77056e-05
0.000203994
0.000664495
0.000524273
0
8.11269e-06
0.000338396
0
0.000706992
0.000427262
0.000820525
0
0
0.000496858
0.000664336
0.000299643
6.38877e-05
0
0.000217655
2.72361e-07
0
7.45306e-06
0.000144605
0
0.000616032
0
0.000202888
2.66172e-07
4.57592e-05
0
0
0
0.000333751
0.000410079
0.000274283
0
0
0.000191002
0
0.000572802
1.54055e-05
0
0.00080533
0.00108087
1.25489e-05
0
1.22015e-06
0.000243625
5.20682e-07
0
0
0
0
0.000458135
0
0
9.24727e-05
0
0.000508204
0.000203433
0.000986956
0.000127176
0
0
0.000249268
1.82259e-05
0.000588891
0.000239207
0.000360009
1.15632e-07
0
0
4.19754e-05
2.49392e-05
8.71831e-08
0
6.72934e-05
0.00011674
3.76923e-07
5.67841e-05
0.000852103
0
0.000887873
0.00086354
0
8.67827e-05
3.07604e-05
0
0.000467785
2.51324e-05
1.68129e-06
0.000531092
0.00104183
0.000161324
0.000548192
0
0.000891038
7.27287e-05
0.000143117
0
0
4.45768e-08
0.00054451
0
2.29172e-07
1.43782e-05
0.000919381
2.62346e-06
0.000548953
0.000678186
2.98508e-07
0
0.00113727
0.000141338
8.01998e-05
8.85615e-06
1.97181e-06
0.000960337
0.000518805
0
0
0
0
0.000200646
0
0.000213498
8.56662e-07
0
3.33828e-07
0.000930818
0
0
0.000653486
0.00041091
0.000472636
0
1.81165e-06
0.000965063
0
0
0.000452314
0
0
0
0
4.3006e-05
2.03627e-05
0.00010796
2.41283e-06
0
4.5734e-05
0.000363791
0
0.000313354
0
0.000933977
0
0
0
0.000299257
7.98341e-07
0
8.7082e-08
0.000101613
0
9.57381e-07
0.000552662
0.000894955
0.000717984
0.000887438
0
0.000207118
0.000284086
0.000689681
0.000848454
5.57285e-05
0.000820376
0
4.89208e-05
0.000201266
3.4353e-05
0
0.000300691
0.000300493
0
0
0.000491478
1.18511e-05
9.70932e-06
1.56944e-06
0.00109191
0.000132432
0
0
0.000233006
0.000613389
0
0
0
0.000603406
0.000122432
0
0.000495968
0.00111963
0.000208725
0
9.19902e-05
0.000176345
0
0
0.00012305
0.000152936
0.000483872
0.000298216
0.000583385
0
0
0
0.000592418
0
0.000305588
0.000823474
0
0.000229463
0
3.90589e-06
0
0
0.000474621
0.000132236
0.000806507
1.45362e-05
0.000554495
0.000283931
0.000355741
0
0
0.000711755
0.000216648
0.00014948
0
0
0.000569418
0.000803215
0.000251448
0.000723683
0
4.29173e-05
0.000250945
0.000510005
0.00115618
0
0
0.000473855
0
0
0.000489454
0.000120692
0
0
0.00100841
0
0.000194308
0
0
0.000462998
0.00013699
3.80696e-05
0.000572222
0
1.84648e-05
0
2.21131e-05
0
6.84375e-05
0.000948338
0.000328948
0
0.000418306
0
5.80748e-05
0
0
0
0
0
0
5.87229e-05
1.22758e-05
0
0.000258548
0
0.000799463
0.000126286
0.000189112
0
0.000537726
4.87991e-07
0
0
0.000539155
0.000143317
0
0
0
0.000699126
0.000789854
0
0.000539029
8.0042e-05
0
0
0.000230254
0.000700879
0
0
0.000824691
0.000152701
0.000216131
7.63768e-06
0
0.000335853
0
0
0
0.000137615
0.000599098
0
0.000504665
0
2.96906e-06
0.000291572
0.000330568
0.000105577
0.000261047
0.000344247
0
0
0.000503164
0
2.96712e-05
0
1.84496e-06
0
0.00019789
1.54429e-06
0
0.000210872
0
8.43614e-05
0.000323669
0
0
0.000203449
0.000913253
0.000730868
4.10822e-07
6.12733e-06
0.000850348
0
0.000129026
0
0.000939928
2.87234e-06
0
0.000248371
5.51972e-05
1.32197e-06
0.000391758
9.80838e-05
0.00033806
5.20348e-05
0.000863952
0
0.000279507
0
0
0.000261487
0.000532322
5.8347e-06
0.000805764
0.000770899
0
0
4.37485e-05
0
0
0
0.000432429
5.64913e-06
0.000116467
0
0
2.04554e-06
0
0
0.000429137
0
8.17279e-05
0.000264846
4.38419e-07
5.52316e-05
0.000267767
0
0
1.24628e-05
0
0.000615163
0.000182078
0.000290064
0
0.000516833
0.000446833
0.000752446
0
3.7149e-05
0
0
2.12492e-06
0.000645788
0.000450197
0.000261572
0.000376457
0.000655917
0.000214507
0.000586277
0.000248696
2.7061e-07
0.000717679
1.43922e-07
0
0
0.00046282
0.000339304
0
0.000252527
0
3.49497e-06
1.91196e-05
0.000303505
8.2824e-05
0.000856214
0
0.00108496
0
0.000713756
0.000661984
0.000317584
4.57234e-06
0
2.00706e-05
0.000209102
0.000434922
5.92547e-06
0.000413243
0
0
0
0
0
0.000942146
0
0
0
0.00050915
0
0.000730064
0.000610627
0
0.00039697
9.52151e-05
0
0.000310357
0.00038011
0.000608159
0.000708171
0.0010561
1.05148e-05
2.25637e-05
0.000886614
0
0
0
0
0
0
0
0.000538714
0
0.000243244
0.000778108
0.000311666
0.000433388
0
0.000222812
2.39143e-05
0.000768819
0.000113613
5.84124e-07
0
0
0.000319686
6.40679e-06
9.60393e-07
0.000853953
0
0
0.000269843
0.000111695
0
0
1.34356e-07
0
0
0.000219199
0.000285146
0.000285971
0.000163757
0.000479981
0.000162867
0.000205411
0
0.000831718
0
0.000332416
4.5535e-06
0.00019448
8.85768e-05
0.000170762
0.000922696
0.000864501
0
0.000287297
0.000102251
0
0.000330512
7.30918e-06
0
0.000115023
0.000340104
0
3.18716e-05
0.000674454
0
4.9782e-05
0
0
1.12882e-05
0
0.000374746
4.26922e-05
0
0
0.00060923
0.000127147
3.31052e-05
0
7.09673e-05
0
0
3.17593e-06
0
0.000721634
0
0.00053926
0.000308191
0.000444427
0
0.00011456
0.000266659
0.000476845
6.50016e-05
0
0.00069616
0
0.000259839
0.00035146
0.000376797
0.000917721
6.66402e-07
0.000299211
8.6011e-05
0
0
0.000835119
0
0
0
0
0.000809424
0
0
0
0
0
3.32702e-07
0.000380205
0.000177761
3.02525e-05
6.08023e-05
0
0.000371075
0.000790372
0.000564208
0
0
0.000468109
0.000146593
0
0
0.000428743
0.000230776
0.000142522
9.32946e-05
0
0
5.87602e-05
0.000825767
4.16271e-07
0
0
0
0
0.000129115
1.39837e-06
0
0
0.000600707
0.000462654
0
0
0
1.58969e-05
4.95501e-05
3.40056e-05
0
0.000757524
0.000558349
0
0
5.0262e-05
0.00028416
3.63809e-05
9.21181e-06
0.00109756
0
1.13493e-05
0.000123852
0.000258014
0.000136406
2.56135e-06
0
0
0.00086583
0.00102827
0.000123084
0
0
0.00026102
9.60809e-08
0
0
2.82878e-05
3.09387e-06
5.23463e-05
0
0
0
0.000885147
0
6.25668e-05
0.000675033
1.70237e-05
9.07917e-05
0
0.00088282
0
0
0.000799255
6.9319e-05
0.000439932
3.11138e-07
0
0.000238076
0
0.000843849
0.000221616
0
0.000684835
0.000160614
1.06757e-06
0
6.84194e-05
0.000639897
7.37352e-06
0.000316807
0
0.000244366
0.000918371
0
1.59439e-06
0.000973985
0
0.000143574
4.06383e-08
4.05612e-08
0.000151953
0.000619093
2.85578e-06
0
0
0
0.000912905
0.000967048
0.00085001
5.88115e-05
0
0
0.000326297
2.54782e-07
0.000193075
7.22768e-05
0
0
0
7.66139e-05
0.00015191
8.97667e-05
0.000347667
5.41109e-05
0.000428968
0.000195965
0.000196201
0
0
0.000483181
0
7.04498e-05
0
0.000439777
0.000500446
0
0.000251073
0
0
6.26985e-05
3.10938e-05
0
0.00019889
4.16647e-07
0.000611259
0
0.000452569
1.07371e-05
2.04358e-07
6.51734e-05
0
0.000368984
4.44711e-06
0.000182238
0.000626856
5.08911e-06
1.33171e-07
0.000494414
0
0
0.00060784
0
0.00023949
0
1.82219e-05
5.756e-05
0.00107365
0.00105652
0
7.9582e-08
0.000400763
0.00120877
0
0.000429176
8.14872e-05
0
0.000468571
1.24918e-06
0.000809756
0.000682363
0
0.000526162
0
0.00113144
0.000803755
0.000252284
0.00038896
0
0.000912774
1.04533e-06
0
1.62539e-06
0
0.000153514
0.000400748
0.000117792
0.000913693
0.000448674
0
0.000145151
6.49957e-06
0.000731476
0.000126793
0
0.000597868
0.0002134
0
0
0.000176854
0.000501702
4.98416e-05
0.000215395
0
0.000643057
0
0.000230245
0
0.000585377
0.00100892
0
2.78456e-05
8.53128e-07
0
1.62571e-05
0
0
0
0
0
0
0.000477092
0.000531846
0
0.000462814
9.2353e-05
3.15114e-07
0.000190823
0
9.90088e-05
0.000272906
0
4.34544e-05
2.40383e-05
0
9.91372e-06
7.90802e-05
0.000279711
0.000473081
0.00079376
0
0
0.000587997
0.000238231
0.000638041
0.000278813
0
0
0.000538214
0
0.000992053
0
0
0
0
0.00060167
1.92911e-05
0.00110944
0
0
0.000823799
0
6.35231e-06
2.82757e-05
3.54112e-05
2.83475e-06
5.41282e-06
0.000225685
0
0.000128191
0
0.000885983
9.11215e-05
0.000321208
0.00019066
0.000997705
7.83364e-07
0
0
0
3.5755e-05
0.000296107
0.000910335
0.000730982
1.22911e-05
0
0.00101831
0.000267699
0.000725326
0
2.36421e-06
0.000413012
0
1.33967e-05
0.00072982
2.15053e-06
0.000769522
0
0
0.000424573
0
6.8527e-08
0
3.7593e-05
0.000379268
0.000127854
3.04006e-05
0
5.97954e-06
0.000784722
0.000528369
0.00010175
0
0.000293377
0
0.000651002
0.000302642
0
0
0
0
0.000161186
0.000399847
4.1814e-05
0.000834613
0
0
0
0.000850143
0.000396407
0
0
8.10064e-07
0
0.000895505
0
2.14904e-07
0
3.40543e-05
0
0.000128936
7.32275e-06
0.000629104
0.000572832
0
0.000729531
0
0.000327921
2.72021e-05
0.00018931
0
0.000535235
0.000338652
2.01329e-06
2.76654e-06
0
1.43898e-05
3.04706e-05
0.000243231
1.28277e-07
0.00111965
0
4.11312e-07
4.71386e-08
0.000451725
0.00010952
5.95567e-05
0
1.96889e-05
0.000127761
0.000589039
0.000541276
0.000735663
0
0
0.000778316
0
0.000258134
0
0.000535812
0.000225012
0.000409634
0.00017565
0.00052
0.000948432
1.35882e-06
0
0
0.000262152
0
0.000127006
0.000834902
0
0.00050815
6.89754e-07
0.000949549
0
0
0.000131708
0
0
0
0
0
0.000550321
0.000147918
0.00079876
0.000988636
0
6.49189e-06
0
0
0.000132013
0
0.000316096
0
0
0.00112614
0
0.000539767
0
0.000726686
0
0.000492116
3.42735e-05
0
0.000165978
2.54929e-05
1.54696e-05
0.000887364
0
0
0
5.50044e-05
0
0
9.83631e-05
0
0.000625844
0.000104013
9.57915e-06
0.000117309
0.000285176
0.000206592
0.000231033
0.000961599
0
0
0
0.000311733
0
4.89912e-07
0.000851307
0
0
2.25771e-05
0
0.000579949
0.000340565
0.000595087
0
0
0
0.000430971
0
0.000594916
6.08875e-07
0
0
0
0.000276935
0
9.95056e-05
0
0.000603224
0.000129595
0
0
2.36522e-05
0
0
0.000494876
3.96332e-07
7.99135e-07
0
0.00102087
0.000762222
2.06623e-06
0
0.000708253
0
8.13972e-05
0.000577153
0.000358889
0.000358283
0.000106975
0
0.000862313
0.000772036
0
0
7.24229e-06
0
0
0
0
0.000901827
0
2.94426e-05
0.000985374
0.000526566
0
0.000788209
0
0.000302845
0.000263957
0
3.14437e-06
5.19119e-06
3.08088e-05
0.000607187
0.000557296
0.00083791
0.000417042
3.20278e-05
0.00084113
0.0004201
3.45358e-05
0.000499153
0.00110872
5.30909e-06
0
5.49869e-05
0.000352595
0.000489138
0
6.06861e-05
7.27392e-06
0
0.000376812
0
1.01019e-06
5.71101e-05
0.00061543
0.000694819
0.000158472
0.00036612
0.000215858
0
0
0
0
0.000474962
7.90443e-05
0
0.000516608
0
0
0.000110156
0.000750865
0
1.05307e-05
0.000347816
0.000113762
0.000707956
0.000380569
5.33374e-06
0
1.17222e-05
0
0.000593237
0.000602926
0
0
0.000268237
0.000377699
0.000314159
0
0.00107557
0.000234444
0
0.000223631
0
2.01882e-05
0
0.00115248
0.000561401
0.000125228
6.7412e-05
0
0.000857996
0
6.96499e-07
0
5.8394e-05
0
0
2.02167e-05
0.000287924
8.93525e-05
0.00014312
0.000103369
0.000127098
0.000266335
0
0.000288316
2.97617e-05
9.99003e-06
0.000442589
0.000502259
0
0
0.000201824
0.000202698
0.000459358
7.57085e-05
0
0.000182469
0.000472962
0.000443342
0
0
0.00107331
0
5.22678e-05
0
1.95508e-05
0
0.000318938
0.000279586
0
0.000941849
0.000303544
0.000852117
0
0
4.28427e-06
0.000627392
0.00106981
0.00108923
0
0
0.000292689
0
0
4.21011e-05
4.8591e-05
0
5.33411e-09
0.00120383
0.000859149
0
0.000105821
0
0
3.16911e-08
0.000328848
0.000964452
0.000164281
0.00117134
9.99432e-05
0.000952755
0.000231456
0
4.95555e-05
0
0.000121261
0.00109404
0
6.40216e-05
0
0.000982079
0.000146309
0
0.000615886
0.000764
0.000479828
0
0.000651355
0.000207181
4.85498e-06
0.000635519
0.000176003
0.000234791
0
0
8.31374e-05
3.43787e-05
2.46483e-08
0
0.000652955
0
0
2.26721e-07
0
0
0
0
0.00037593
7.64653e-05
0.000110519
0.000102924
0.000476509
0.000119651
0
0.000116299
0.000964814
0
0
0.000219733
0
0.000368969
0
7.91895e-06
0
0
2.5556e-07
0
0
0.00021432
0.000745401
0
0.000150455
0
0.000488451
0
0.000367388
3.99288e-05
0
0.000794821
0
7.21988e-05
1.14619e-07
5.13995e-05
2.11359e-08
0
0.000725506
6.07574e-05
0.000402788
0.000130597
0
0.000773635
0.000280639
0
6.40997e-05
0
0
0.000310176
0.000121294
0
1.28635e-06
0.000623882
0
0.0010837
0
0.000368068
0
3.09701e-05
0
0.000733796
0
0.000775471
0.000110548
0.000562059
0
0.000478105
0.00013734
0
0
0
6.77363e-05
0.000199923
0.000116511
3.49306e-06
0
0.00033698
0
0
0.00101284
0.000666978
0
4.66062e-07
0.000575636
0.000105868
0
0
0
0
0
0
0.000280614
0.000715276
0.000359574
0
0
0.000298423
0
0.00022511
0
0
0.00105736
2.522e-06
0.000224039
5.88564e-05
0
0
0.000300603
0
8.21869e-06
0
0
0.000128173
0.00059709
0.000702795
0
0.000710274
0.00102864
0
0.00017939
0.000738757
0
0.000495518
0.000621305
0.000808126
0
0
5.08611e-05
0.000956746
0.000304514
0
0
0
0
0.000138441
0.000981686
0
0.000172313
0.00111539
0.000689816
0.000453891
0
0.000169662
0
0.000575116
0.000948286
0
0.000279677
0.000359561
0.000541878
0
0
0.000151011
0
0.000835047
0
3.3138e-07
0.000178958
0.000337872
0
0.000695008
0
0.000402904
1.67794e-05
0.000707957
2.73788e-06
3.14272e-05
0
0
0
0.000171059
0
5.45553e-06
0
0
0
0.000447793
0
0
0.000249636
5.27623e-05
0.000263421
3.19015e-06
0
2.22353e-05
0
0.000338092
0.000407433
0.000175234
0.000327749
0.000876066
0.00074341
0
7.63062e-08
0
2.51775e-05
0
0
0
0.000375633
0
0.000407286
0.000196077
0.000905559
0.000139398
9.55872e-05
1.21059e-05
6.43504e-06
0
0.000389211
0
0.000108437
0
0
8.04364e-07
0.000757577
0.000140925
0
0
8.96393e-07
0.000217086
0
0.00040116
1.93861e-07
0
9.53758e-06
0
0
0
0.000859347
0
0
2.64635e-07
7.64119e-05
0.000254549
0.000214014
0.000207642
0.000212229
0.000773016
0.000941049
0.000194424
0.000174748
0
0
0.000136037
0.000425037
0
0.000782826
0
3.82245e-06
0
0.000956752
0.000535661
9.08827e-05
9.00787e-05
0.00062725
0
0
0.000574703
0.000128705
1.22463e-05
0
0
0.0010673
0.000326745
0.000865116
0
2.70694e-06
0.000524357
0.000249751
0
0.000775072
0.00072946
0
0
0
0
0.000712384
0
0.000730249
0.000233541
0.0011961
0
0
0.000128154
0.00036028
0.000298734
3.84557e-06
1.38883e-06
0
0.000610582
8.31558e-06
0.000213815
0.000976219
0.00059017
3.21562e-06
0.000183751
0.000264244
0.0001608
0.000378726
0
0
3.45778e-08
0
0
0.000448638
0
0
0.000556217
0.000709477
2.29682e-05
0.000121914
0.000982903
0.000685885
0.00071726
0
0.000466764
0.000783774
0.000934682
0.000296357
0
0
0
0.000105702
4.70188e-06
0.000224942
0.000382487
7.80525e-05
0.000751391
0
2.76498e-06
0
1.72213e-05
4.62028e-05
0.000791824
0.0010447
0
0.000241632
1.99932e-06
3.74502e-05
0.000153638
4.43577e-05
0.000282193
0
0
0
0
0.000176042
0.000954499
0
0.000545821
0.000148926
0.000253225
0
7.53919e-05
0.000427532
7.10505e-05
0.000770794
0.000245433
0.000114707
5.6318e-05
0
0.00043762
0.000734732
1.24924e-06
0
0.000352525
0
0
0.00093215
0
0
0
0
3.33091e-05
0
1.51188e-07
0.000540948
0.00030547
0.000975499
3.44103e-05
0.000342143
0
0
0.000832751
7.42318e-07
0
0
0
0.000161592
0.00013321
0
0
0
0.000105146
0.000103114
0.000261787
0.000423286
0.000701288
0
0
0.000104942
0
7.50636e-07
3.79606e-05
0.000650512
0.000713381
0
2.18423e-05
0
5.48303e-05
5.03446e-07
8.76693e-08
2.25474e-06
4.59773e-05
0.000523155
0.000565823
0.000327027
5.66017e-05
0.000444798
1.57367e-06
0.000488794
0.000750185
0
0.000217634
0.000340343
0.000482091
0
3.97007e-06
0
0
0.00079752
0.000134864
0.000143009
6.01597e-07
0.000356079
0
0.000675269
0
3.76961e-05
0
0.000875945
0
0
0.000697014
0
0.000383713
0.000819362
0.000743014
0
0.000516231
0.000118354
5.12746e-05
0
1.89819e-05
0
0
0
7.37063e-06
0.000750994
0
0.000899301
0
0
0
0.000487125
0
3.66152e-06
6.9445e-05
0.000301405
0.000578378
0.000237934
0
0
0.000121314
0.000584661
0.000189375
0.000710115
0
0
0.000620761
2.01352e-05
0
0.000737716
0
0
0
0
0.000120253
0.000145486
0.000505095
2.54317e-06
0.000870955
0
0
0.000167752
0.000276748
0.000226679
3.64263e-06
5.91857e-05
0.000517532
2.79793e-06
8.43343e-06
0.00108279
0
0
0
0.00107659
1.37939e-06
0.000102368
2.68805e-06
0
0
1.79491e-05
4.89913e-06
0.000231983
3.41871e-06
0
0.00052109
0.000339759
0
1.01622e-07
0.000132232
0
0
0
0.000377144
0.000380705
0.000196176
0.000199536
0
0
0.000146966
0
2.20724e-06
0
0.000850173
2.5988e-07
0.000622923
0.000623806
0.000258926
0
0
0
0.000597638
0.000810694
0.000608321
0.00105717
6.84003e-05
0
1.50857e-06
0.00120241
0.000548668
4.42369e-06
0
0.00039494
6.43448e-05
0.00114463
0
0
0.000125585
0.000578204
0
0.000108604
0
0.000698534
0
0.000113483
0.000178968
1.97469e-07
7.31979e-05
0.000276844
0
2.08763e-05
0
0
0
0
1.39946e-06
0.000623792
4.00148e-05
0
0
0.000107178
0.000106964
0.00048781
0
2.21165e-06
3.69124e-05
0
0.000731475
5.31275e-05
0.00054474
0
0
0.00012417
0
0
0.000643863
0
0.000465607
0
0
0.000703294
0.000620592
0
0.000800984
0
0.00045167
0.000325045
0
6.69218e-05
0.000648254
0.000482652
0
0.000989422
7.10409e-06
0.000152437
0
0.000129468
0.000245371
0.000178567
0.000208006
0
0
0.000144571
0.000573281
0.000694575
0
0
2.96383e-05
0
0
0.00111824
0.000988041
0.000941329
1.42299e-05
0.000702426
0
0.000735968
0
0.00112879
5.59754e-06
7.40884e-07
0
0
0.000431407
0
0.000133463
7.25585e-05
0
9.22796e-07
0
0.00036735
0.000134204
0
0
1.958e-06
0
0
0.000992681
0.0008962
0.000974931
5.54287e-06
0
7.89597e-06
0.000652307
4.36147e-05
2.24824e-05
4.43164e-06
0
0.000565647
0
0.000228441
0.00115818
0.000565749
0
0.00101544
0.00032369
6.97896e-05
0.000613379
0
0.000762591
0.000142552
0
0.000135263
0
0
0.000442444
0
0
8.74564e-05
1.06453e-05
0
0.000468646
0
0
0.00105741
0.000444244
0
0.000332174
0
5.01632e-07
0.000734714
0.000137341
0.000199576
0.000700233
0
0
0.000394984
0.000430953
0
0
0.000771907
0
0.000344754
4.32248e-05
0
0.000343264
0
0
1.3918e-05
0
7.81617e-05
0
0.000228085
0
0
1.94585e-06
0.000672826
0.00013068
0
0
0
0.000693503
0.0011016
0
0.0007559
1.23969e-05
0.000391435
0.000839514
0.000719192
0
0.000431123
0.000288607
4.35644e-06
4.12794e-06
5.13311e-07
0
4.34152e-05
0.000333238
7.55848e-05
6.99744e-05
0.000414971
0.000132968
0.000436888
6.05814e-06
0.000256292
0.000537638
4.46889e-05
3.93754e-06
0.000743957
0.000878586
0.000523318
0.000368913
0
0.00090386
0
0.000287277
0.00088389
0.000594235
0
0
0
0
5.54743e-05
0
0.000229102
0.000113938
7.18997e-07
0
0.000843381
0.000276353
9.07791e-05
0.000173107
0.000152923
0
0
0.000499657
1.17753e-07
0.000171155
0.000813006
0
0
0.0004947
0.000586993
0.000646822
0.000312127
5.50521e-08
9.93309e-06
3.45849e-06
1.66084e-05
0
0.000271268
0
2.16446e-05
0
0.000862086
0.000648708
9.98636e-05
0.000550333
0.000141707
3.90547e-07
4.5327e-06
0
0.00075803
0.000303552
0
0.000230609
6.52045e-05
0
0
0.0001524
0.000169663
7.28195e-06
0
7.21209e-08
0.0003873
0.000196168
3.35942e-05
0.000601249
0.000663248
0.000151023
7.60622e-05
1.69785e-05
2.903e-07
0.000927798
1.03138e-05
0.000910274
0.000873839
0.000674233
0
0.00108432
2.01254e-07
0
2.84246e-06
0.000201323
0
0.000414978
0.000649806
0
0.00107608
0.000646203
0.000213686
0
0
0.000286136
0.000189915
0.000226988
0.000484466
0
0.000646814
2.46971e-05
0
0.000493487
0.000519107
8.41344e-06
0.000517339
0.000126216
2.39783e-05
0.000891644
4.09101e-07
0
0.000320219
0
0
4.46985e-06
0.000103392
4.47161e-05
2.11764e-06
0.000215555
0.00027969
0.00112951
1.93548e-05
0
0
0
0
0
8.93866e-07
0
0
0
6.55236e-05
1.81039e-05
0
0.000928018
8.99898e-05
0.000459388
6.76175e-05
0
0
0.000283465
0.000269482
0.000220118
1.60135e-05
0.000482298
1.3264e-05
0.000992748
0.00104434
0.000108276
0
0.000110263
0
0.000168854
0.000154558
0
0
0
0
1.11901e-06
6.79641e-06
0.000473268
0.000408096
6.00158e-07
0.000502966
0
0
1.98346e-06
2.48816e-05
0
0.000685497
0.00106706
0.000789079
0.000761306
0
0
0.000146322
0.000517681
0.000110982
0
0.000728349
0.000932091
0
9.39843e-06
0
8.89457e-06
0.000331162
0.000929384
0
2.22042e-06
0
0
0
0.000925652
0.00105814
0.000499888
0.000230702
0.000343325
0.000225613
5.18257e-05
0.000901259
0.000995285
0
9.55173e-05
0.000533414
0.000509158
0
0
0
0
3.62278e-07
7.74118e-07
0
0
1.47056e-05
8.19178e-05
0.000268996
0.000380196
0.00070175
0
0.000655523
0
0
0.000227598
0
0.000129103
0.000320215
0.00025735
0.000214656
0
0.000615809
2.67458e-07
0
0
0
0
0
0
0
0
0
0.000968752
0.000737254
4.22836e-06
3.68527e-05
8.26063e-05
0.000403077
2.97592e-05
0
0
0
0.000772168
0
0.000246287
0.000393484
0.00023513
0
0.00027998
0.000168692
0.000280086
0.000251437
0.000565241
0
0
0.000208352
0.000708895
0
0.000122374
0
0.000230329
0
0.000272285
0
0.000551055
0
0
4.5231e-05
0.000187829
0.000716234
0
0.000212117
0
3.43348e-05
0.000180785
0.00105433
3.0809e-05
0
0.000910913
0.000232709
0.00116427
7.17689e-05
0
0
7.14066e-06
0.000267975
0.00102979
0
0.000831206
0
0
0
1.95061e-07
8.15997e-06
0
0.000982649
0
0
0.000370304
0.000829015
0.0002852
0
0.000253521
0.000184693
0
0.000134648
0.000166183
0.000713876
3.707e-05
2.05799e-05
0
0.000169419
0.000400374
4.76978e-08
0.000387651
0.000265968
1.4749e-07
0
0.000285896
0.000399873
0
0
5.14269e-06
0
0
1.30621e-05
4.31354e-06
3.56294e-06
0
0
0
0
0.000503775
0.000497526
2.80529e-05
0.000176489
0
0.000478306
0
0.000230095
0.000110912
0.000412095
0.000827272
0
7.44174e-08
0.000547492
0
0.000736632
0.000173434
0
6.41464e-05
1.40622e-05
0
0.000731012
0.000237635
0
2.54856e-06
0
0.000598758
4.04276e-06
0.000223399
0.000569179
0.000126821
0.000188878
0
0.000280701
0
0.000419886
0.000241984
0
0.000581647
0
2.32947e-05
2.68932e-05
0
3.82687e-08
0
0.000544204
0.00110689
0.00030001
0
0.00113055
8.56669e-06
4.8983e-07
0
0
0.000593261
0
0.000218824
2.29699e-07
6.53326e-05
0.000691191
3.89931e-05
0.00030048
7.12051e-05
0
0
0
0
0.000187995
0.00095718
1.82129e-05
0.000423898
4.67119e-05
0.000107404
0.00086217
0.000236599
0
0
0
0.00021748
0
0.000196276
0
0.00099641
4.90777e-05
0.000247777
0.000722146
0.000712312
7.8685e-05
0.000672881
0.000136426
0
8.39881e-08
0.000653929
1.30543e-07
4.04383e-07
0
0
0.000295103
1.16807e-06
0
0
7.02901e-05
7.94687e-05
0.000799874
0.000613546
0.000873338
0.000216456
0
9.15765e-05
0.000475122
0.000407304
0
0.000170242
1.99351e-05
7.64245e-05
0.000890834
0
6.31913e-05
0.000248301
3.28594e-05
7.69593e-05
0
0
0
0
0.000998092
0.000107106
8.26134e-06
0
0.000260951
0
0.0004749
0.000680092
0
0.00108778
0
1.00503e-07
2.26382e-06
0.00019142
1.292e-06
1.13411e-05
0.000466739
0
0
0
0
7.18349e-06
0
0.000374561
8.20854e-05
6.54582e-05
0.000853976
0
0.000909806
0
3.26601e-07
0.000148865
0.000978025
0
0.000973116
0.00048865
0
1.37428e-07
0
3.58603e-05
0.000750637
0.000929723
0.000524746
2.93871e-05
0.000950974
0.00113837
0.00040704
2.39146e-06
1.90945e-07
0
0.000589527
0.000124488
0.000489684
0.000299138
1.13617e-05
0.000211912
5.34253e-07
0
6.70914e-06
0.000227199
0.000777094
0
0.000190197
0.000165487
0
4.20769e-06
8.42088e-05
3.36369e-06
0
0.000128777
0.000263669
0.000399022
0
0.000623876
0
0
3.0958e-05
0.000383298
0.000981219
0
0.000272082
0
0.000151623
3.2569e-05
4.03235e-05
0.00080072
0.000538735
0.00108327
1.76965e-05
0.000184135
0.000405043
0
0.000450329
0.000144576
0.000932536
0.000296804
0
0
5.79124e-05
0.000849653
5.3398e-06
0.00035824
0.000493294
0
0
4.48875e-08
0.000310248
0
0.000770646
0
0
1.37324e-05
0
0
0
0.000138087
0
0.00102297
0.000755118
0.00062923
0
0
0.000274273
5.71359e-07
8.98013e-07
4.81815e-07
0.000183777
2.9581e-06
1.22637e-05
3.3067e-05
0
0.000426914
0
0.000475091
0.00055376
0
0.000469749
0.000805136
0
1.68996e-05
0.000769688
0.00102304
0
0
0.000270878
4.85881e-06
0.000613006
2.11009e-07
0.000909631
0.000110255
0.00065641
0
0.00115746
4.81311e-05
0
0
0.000497824
0.000397536
0.000443746
0.000624528
0.000561391
0
0.000647971
0.000234153
2.00495e-05
0
4.1882e-05
1.77089e-06
0
0.000189348
6.78239e-05
4.39925e-05
0.000132471
0.000666633
0.0011364
0.000542801
0.00099076
0.000124444
0.000719474
2.18119e-05
0.00100597
0.000492525
4.62815e-06
3.62795e-05
0
0.0010935
0.000605
0
0
2.02205e-05
0
0
0
0.000528593
0.000797142
9.5292e-05
0
0.0011922
0.00069738
0.000155485
0.000133854
0
0
0.000111777
0
6.11557e-08
0.00013414
0.000102016
0.000711921
0.000827568
0.000922546
0.00110345
1.61702e-05
0.000879811
0
0
0
0
5.02012e-05
8.38817e-08
3.19166e-06
0.000306958
0
0
4.12784e-05
0.000422614
1.33657e-05
2.34458e-05
0
0.000518519
0.000590703
0.000479733
0.000108741
0.000526072
0.000401859
0
0.000100603
9.42188e-09
0.000198794
0.000479446
0.000732207
0
0.000356623
0.000115974
0.000819785
0
0.000836598
0.00048519
0
0.000538681
0.000735464
0.00054251
0.000168062
0.000506663
0
0.00023604
3.1851e-05
0.000713523
1.71154e-08
0
0.00107277
0.000541649
0.000910315
0
0.00107362
1.44811e-05
0.00112488
0.000185501
0.00040483
0.000954695
0
1.24261e-06
0
0.000156868
8.52807e-08
0.000296601
6.83501e-05
0.000831697
0.000105466
0
0
0.000582021
0.00026041
0
2.28288e-06
0
2.5892e-06
0.00015101
0.000635454
0
0.000458607
1.09177e-05
3.59556e-05
0.000183486
0.000680198
0
4.45484e-05
0.000702307
0.000107275
0
0
0.000365366
0.000225422
6.43821e-06
0.000697278
0
7.00727e-05
0.000117029
7.80612e-05
0.000176761
0
0
0
0.000269833
0.00051179
0.000122692
0
0.000401287
7.43455e-08
0
0.000185658
0
0.000672079
0.000924506
0.000173871
0.00105538
3.66123e-05
4.21671e-06
0
0.000600701
0.000369777
0
0.000403724
9.05648e-07
2.75055e-05
7.75156e-05
0.000266841
0
0.00039626
2.45966e-06
0
0.000536342
0.000418088
0.000100694
0.000322598
0
0
0
0.000987631
0.000295801
0.000123661
0
0
0.000923764
3.91819e-07
0
0
0
0
0.000412912
0
3.74499e-05
0.000606551
0.000443341
0
0.000389926
0
1.90684e-05
0
0
0
1.75802e-06
0.000282347
0.000499053
3.98953e-05
0
0.000566779
0
2.54331e-05
0.00035983
1.49273e-05
0
0.000128908
0
0.000793771
5.98148e-05
0.000316532
0.000496009
0.000820006
0
0.000153923
0
3.31489e-05
2.34949e-05
1.19826e-05
0
0.000953156
0.000970078
0.000483365
0.000230068
0.0001325
0
0.000335347
0
0
0.00121835
0
0
6.55336e-07
4.27583e-06
6.54299e-05
0
0
0
0
0
0.000399261
0.000689435
0
0.000267426
0
8.28489e-05
9.30996e-05
0
0
0.000751369
0.000561463
0
0.00117804
0.000565667
0
0.000847118
0.000130066
0
0.000224444
0.00024087
0
0
0.000993837
0.000905803
0
0
0
0
0
8.55638e-06
0
0
8.95536e-07
0
0
0.00110417
0
0
0
0.000842112
0
1.38679e-07
4.00048e-06
0.000247518
1.3103e-06
0.000448732
0.000945219
0.000551642
4.06693e-07
0
0
7.59771e-07
0
0.000516314
0.000918736
0.000256135
0.00102596
0
0
0
1.32955e-05
0.000404747
0
0
0.00112269
3.8858e-05
0.000185748
0
0.000106181
0.000174134
0.000793856
0.000400873
0.000429871
0.000924233
0.000493129
2.99357e-05
5.56098e-06
0
0.00050324
0.000255692
0.000168029
0.000500093
0
3.83847e-05
0
0.000234634
0.000390832
0.000179124
0
0.000719752
9.54244e-06
2.68544e-05
2.51571e-05
0.000886774
0.000737906
2.08113e-07
0
0.000404041
0.000714742
0
0
4.2787e-06
4.63392e-07
0.000120826
4.74045e-06
0
0.000582282
0.000329638
9.53115e-05
0.000199635
0
0
3.75496e-07
0.000693943
0
9.69856e-07
0
6.41801e-06
0
0
0.000303913
0
0.000707589
6.58716e-08
0
0
0
6.42934e-05
0
0
0.0011365
0
4.1869e-06
0.00042122
0
1.35457e-05
0
0
0
0
0
2.36407e-07
0.000523775
0
0
0.00064923
0
0.000677547
0.000505916
0
9.65719e-05
0.000803637
0.000883995
0
0
3.97942e-05
5.88049e-05
0.000827794
0.00113966
0.000650328
0
0.000622043
0.000426129
0.000249458
0.000577632
0
0.000425472
0.00027343
8.54811e-05
0
0
1.79546e-05
0.00088571
0
0.000793238
0
0.000708691
9.52421e-08
0.000163879
2.71449e-06
0.000716736
0.000232641
0
0.000124458
0
0.00065934
2.54229e-05
0.000153592
0.00104026
0
8.83458e-05
0.000721321
8.06635e-06
2.65349e-05
3.23713e-05
6.47547e-05
0.00093479
6.50804e-05
1.05881e-05
0.0010037
0
0.000665781
0.000611452
0
0
0.000914144
4.66209e-05
3.61255e-06
0.000766466
0
2.68373e-05
0
0
0
0.00038811
9.50084e-05
0
0.000162248
0
0.000422942
0.000578022
0.000158758
0.000506963
0.000836782
9.68795e-06
0
0.000502334
0.000238327
0.000339709
5.15831e-06
0.000420742
0.000304656
4.26293e-08
0
0
0.000408216
0.000406821
0.000917593
0.000218132
0.000398937
3.42394e-05
0
2.9072e-05
0.000687404
0.000201252
0
0
0
0
0.000246575
0
0
0.000332472
0
0
0.000819588
0
0
0
0
0.000734239
0
0.000659355
0.000444944
5.69529e-05
0.000273088
0
6.67164e-07
0.000281797
0.000399212
0
5.34715e-06
0.000684021
0.000364053
0
7.48284e-05
0
0.000149414
0
0.000777441
0.000869201
9.64952e-05
0.000847023
0
0.000802687
0.000206585
3.94561e-07
0
0
0
5.37024e-07
0.00075321
0.000194176
0.000520182
8.67178e-05
0.00032048
0
0.000555043
0.000373114
0
0
0
0.000586492
5.02355e-06
0
6.23799e-05
0
0
0.000194945
0.000168269
6.1242e-05
0.000307453
0.000275992
0
0
2.2989e-06
8.78267e-07
1.11491e-05
0
0.000469733
0.00062322
2.92032e-06
0
0
0
0.000153398
1.34084e-07
0.000117995
9.12449e-06
0
2.07119e-06
0
2.36915e-05
0
2.38738e-08
0
0.000243121
6.86138e-05
0
0.000295423
8.33438e-05
0.000455365
0
0
2.34121e-07
0.00023918
0.000290878
2.30401e-06
6.55312e-08
3.22257e-05
0.000174597
4.71308e-06
0.000425512
7.40075e-06
0.000533919
0
1.30835e-05
2.63789e-05
0
0.000118416
0
0
0.00119995
0.000392633
2.34945e-05
0
0
0
0
0.000224307
0
0
0.000617659
0.00107533
0.000476467
6.21382e-07
0.000307415
4.04941e-07
4.31744e-06
0
0
0
0
5.04654e-05
0
0.000316884
8.85748e-07
0
0.000576611
0
0
1.61917e-05
0
0
1.19806e-05
0
0.000937098
0.000307464
0.000114547
0.000522274
1.69998e-07
0.000322468
0.000534077
0
0
0
0
0
0
0.000704877
4.34588e-05
0
0
0
2.22698e-05
0.000129078
0
3.46992e-05
0.000145274
5.29014e-06
0
0.000458995
0.000237204
0.000702583
0.000458125
0.000721757
0.000460215
1.25999e-06
8.03989e-05
0
2.72915e-05
0.000245152
0.000398133
2.35171e-06
0.000636638
0.000388871
0.000920118
0
0.000237891
0
1.10819e-05
0.00030764
0
0.000279228
0.000841611
0.000135688
0.000365547
1.91534e-06
0.000496662
0
0.000860045
0
0.000131661
3.02723e-08
0.000963079
2.79017e-07
0.000724325
0
0
4.31909e-05
0
0
0
0.000164536
0
1.7737e-06
0.000813697
0.000231323
0.000249986
0.00075283
3.0411e-05
0
0
0.000171482
0.000485197
0.000227516
0.000371131
0.000145361
0.000413581
0
0.000288967
0
0.000523442
0
2.62887e-05
0.000439108
1.94706e-06
0.000646085
1.00645e-05
0
2.25584e-06
5.05705e-07
9.40701e-07
0
1.02096e-06
5.93791e-07
0
0
0.00031478
0.000225902
0
0.000202759
0
0.000544744
4.97979e-06
1.95796e-07
0.000783838
0
6.3168e-05
0.00038
8.60856e-05
3.21751e-05
5.14177e-07
0.000266219
0
0.000175427
0
0.000678728
3.75593e-05
0
0
0.000387336
0
0
0
6.74838e-05
0
0.000696201
0.000578627
0.000438258
0.000173709
0
0.000237309
0.000220099
0.000501883
0.00100171
0
0.000776828
0
0
0.000153609
7.54473e-06
0.000805734
0.000386742
0
0
0.000131341
0.000106506
0.000579046
0.000832051
0.000442513
0.000535269
0.000743031
0
0.000137756
2.78734e-07
0.000326427
0
0.00020953
0.000896228
0
0.00029939
0
0
0.000850658
2.23215e-05
0
0
0
7.10948e-05
0.000783455
0.00073122
0.000551593
0.000225103
0.000357699
6.07959e-06
0.000530119
2.05737e-05
0.00100267
2.07021e-06
1.32002e-05
0.000124445
0.000191336
0.000575254
0
0.000739958
0
4.34047e-05
0.00101748
0
0.000228002
0.000482645
0.000656184
0.00110924
0.000402897
0.000556705
0
0
0.000833449
0.000976056
0.000184967
0.000711439
0
0
0
0.000341968
0.000751483
0.000230912
7.14644e-05
0
0.000199308
0
0
0
0
0.000169406
0
0
0
1.91584e-06
0
0
0
0
0.00085396
0.00106877
0.000715219
0.000293938
0.000808236
0.000252174
0.000766418
0.000715821
2.15457e-05
0.000554952
0.00107519
0
0.000225618
3.1377e-06
6.71842e-05
0.0002681
0.00102333
0
0
8.12691e-05
0.000220978
0.000400745
7.14669e-07
3.38877e-06
6.81206e-05
0
3.02533e-08
0.000467826
8.59369e-05
5.24846e-05
0.000807898
0.000738562
0
0.000703719
0
1.88667e-06
0.000488955
7.84906e-05
0.00079831
0.000383051
1.4499e-05
0.000143227
0
0.000895704
6.89498e-05
0
0
0
0.000392909
4.73284e-05
2.7278e-05
6.87682e-05
0.000943755
4.3589e-05
0.000141363
5.74723e-05
0.00014563
0
0.000510878
0.000280826
0.000349284
0.000208285
0.000324993
9.48855e-07
0.000305082
0.000590522
0
0
0.00107276
0.000708445
0
0.000168858
9.51568e-05
0.000852471
0
0
1.171e-07
0.00100837
0.000400309
0.000910439
0.000133443
0
0.000222874
0.000158043
0
0.000700954
0.00026978
0.000867427
0.000394348
0
9.70163e-05
0
0
0
0.000559362
2.68716e-06
0.000629698
1.97242e-07
0.000272052
0
0
6.49758e-06
0.000592168
0.000545462
7.25345e-06
0
0
0.000321074
0.000191229
0.000719813
0
0.00036069
0.00048947
0
0
0
0.000498187
0.000175074
0
0.000422046
0.00102205
0
0.00021514
1.77414e-06
0.000988639
0
0
0.000755183
0.000541034
0.000156375
0.00102168
0
0
0.000478913
0.000748646
0
0.000379275
0.000773139
0.000885117
0.000632196
0.000157892
0.000671261
0.000417455
0.00105404
4.18443e-05
0.00049348
0.00111081
0
0.000266051
0.000232951
0
0.000465977
0.000662744
0
0.000301295
1.4611e-07
0
0.000635051
0.000459124
1.07437e-06
0.00110544
0
3.207e-07
0.000316135
0
0.000869375
1.27518e-06
2.77009e-05
0
0.00016498
1.00408e-07
0.000902406
0.000704772
0.000175941
0.000537071
0.00039382
0
0
0
0
3.92602e-06
0.000320697
3.12783e-07
0
0.000308436
0.000762987
0
0.000338939
0
0
3.25752e-05
0
8.73335e-06
3.78655e-05
0
3.77939e-06
2.17257e-06
0.00012862
0.00101187
4.54776e-06
0.000640564
0
0.000469463
0
0
0.000508796
0.00013935
0.00113038
0.000434348
0.000983773
0.000587595
0
0.000477549
2.47699e-05
4.1731e-06
0
0
0
0
0
0.000332959
0
0
0.000220077
0.000112172
1.96328e-05
0
0.000666285
0.00013501
0.000661868
5.25254e-05
8.35892e-05
0.000819587
1.07955e-07
0.000713533
0
0
0.000474221
0.000662813
0.000384477
0.000309536
0
0
0.000497214
0
0.00073751
0.000526536
9.88266e-05
0.000235243
3.52818e-05
0
0.000135326
0
4.61602e-06
0.000415005
4.18419e-07
1.03991e-05
5.67416e-05
0.000375089
0.000501237
0.000483484
0
0.000789941
0
0.0011758
0
6.1124e-05
0.00044545
3.13744e-05
0.000416362
9.88548e-05
0.000531058
0
0
4.94428e-05
0
0.000551735
5.23016e-05
4.75886e-05
5.47439e-05
0.000980173
0.000287168
0.000142508
0
0
0
9.2162e-05
3.38802e-06
0
1.2032e-05
0
0
0.000154554
0.000162229
2.03546e-06
0.00091706
0.000411974
0
0.000426681
8.57466e-07
0
3.56573e-05
0.000455689
3.13401e-07
2.93659e-05
0.000277871
0
0.000907162
0.000995641
0.00041343
0.000241012
9.8768e-06
4.10925e-05
0
0
0.000733672
0.000752299
1.60435e-07
0.000259339
0.000217617
0.00039416
0
0.000193603
0.000848254
0.000230094
2.97113e-07
0.000970137
0
0
0.000600514
0.000119905
0.00102263
6.72459e-05
9.09755e-06
0
1.07422e-07
0.000950408
0
0.000354297
2.6174e-07
0.000408907
0
0.000456651
0.000283674
0
0
0
9.86003e-06
0.000361082
0
0.000289542
0
2.38844e-07
0.000925568
1.65202e-06
0.000934992
0.000514191
0.00074679
0.000357657
0
0.000220226
0.000518983
0
0.000620305
0
0.000184268
0.000643245
0.000423328
0.000420034
0.000544257
0
0
0.000815922
0.000750381
7.89179e-09
0
0.000677734
0
0
0.000255694
0.000882648
0
0.000137685
0
0.000178428
2.19058e-05
0.000156733
2.21868e-07
0.000155484
2.68077e-05
3.87683e-05
0.00110562
0.00037332
0
2.70485e-07
0
0.000424469
7.09245e-05
0.000804521
0
0.000705101
1.30987e-06
0
1.23265e-07
0
0.000228555
0.000902321
0
0.000665151
0.000207336
2.25171e-07
0
0.00048443
0
0
0.000483848
0.000718232
0.000535584
9.55364e-05
0
0.000816968
2.02057e-05
0
0.000145819
0.0010296
0.000793664
0.000616203
0.000384741
0.000300066
3.8028e-08
0
0.000328379
0
0
0
0.000855395
0
0.000430384
0.000630624
0.000543914
0
1.30152e-06
0
0.000581891
0.000217031
0.000721005
2.60923e-06
0
0.000227527
0.000468523
0.000973777
0.000587687
0.000490976
0.000670356
3.89571e-06
0.00110088
0.00100157
8.21531e-07
0
0.00067687
0
0
0
0
0.0007188
0.000392418
0
3.93998e-05
7.29943e-05
0
0.000264991
0.000411805
0.0010313
0
0.000632884
0
0.000828016
0.000396304
2.63367e-05
0
0
0
9.07146e-05
0.000382913
2.76924e-07
1.52707e-05
0.000317396
2.46313e-07
0.00104875
0.00079458
6.47889e-05
6.81393e-08
0.000586982
0.000361355
9.87151e-05
1.30091e-06
0
3.64514e-05
7.88956e-07
0.000888621
0
0
0.000303641
0
0.000429299
6.96559e-05
9.15136e-05
0.000762248
0.000697558
6.83589e-05
0
3.8854e-05
0.000764993
3.43294e-06
2.5064e-05
0
0.00012202
7.59147e-05
3.97567e-05
0
0
0
0
0.000532473
0.000415269
0.000552117
0.000557225
0.000980566
0.000179307
0.000386769
0.000141586
1.54455e-05
0
7.70135e-05
0.000306271
0.000352207
0.000942816
0.00012083
0.00045886
0.000200684
0
0.000521646
0.000351042
0
0.000385399
0
0
1.14331e-05
0.000879444
0.000286508
0
2.11369e-07
0.000470397
0.000670069
0
0
0.000619849
0.000343325
0.000588745
0
9.95412e-06
1.46067e-05
0
0
8.25041e-07
2.38061e-05
0.000537247
0
0
0.00115482
0.000227156
5.8115e-07
7.49256e-05
0.000390757
0
9.06126e-06
0.000969175
0.000801352
2.21004e-05
0.000488487
0.000375246
0
0.000375625
0
1.6198e-08
2.90023e-05
0.000205755
0.000137303
0
0
0.000166989
0.000989583
0.000955414
0.000413852
0
0
9.55692e-07
0.000856245
0.000341783
0
1.35242e-05
0.000463953
0.000461138
0.000268583
0.000393782
0.000628677
0.000121589
0.000737626
0.000701206
0
0
8.21607e-06
0.000233229
0
0
8.08996e-05
0
5.00205e-05
0.000567813
0
2.9291e-05
1.07656e-05
0.000989099
0.000179532
0
0
0.000111331
0.000395189
0.000261205
4.28903e-05
0
0
0.000441164
0
0
0
0.000659366
0.0008118
0.000584608
0
0
0.000761548
0.000785793
0
1.56859e-06
2.34187e-05
0
0
0.000805192
0.00100855
0
0
0.000953419
0.000227028
0
0.000110325
0
0.00104136
0.000348966
0
0.000147495
0
0.000596101
0
0.000983936
0.000120802
0.000673737
0
0
0
0
0.000368991
0
1.41011e-07
9.7115e-05
0
0.000109768
6.78691e-05
0
0
0.000541406
0.000246999
0
0
0
0.000652032
0.000708606
7.92054e-07
0.000221188
0.000668223
0.000135897
1.96478e-05
0.000305394
0.000521188
0.00101182
0.000635378
3.94601e-05
0
0
0
0.000287364
6.36738e-07
0
0
0.00085282
0
0.000536053
1.16193e-05
0.000349353
0.000106391
0.000271635
0.000333048
0.000629879
0
0
0.000241386
2.46475e-06
0.000174349
0.000226703
0
4.81656e-06
0.000938305
1.76865e-05
0.000218561
0
0.000679197
3.68232e-07
0
0
3.05984e-05
0
0.000647043
0.000356051
3.11112e-07
0
0
0
7.62051e-06
0.00021401
0.000514286
0.000356257
0
0.000868131
0
0
0
0.000536412
0.000323638
9.33401e-05
0.000662709
0.000471134
0
0
0
0.00050801
0.000276899
0
0.00100098
4.4208e-07
0
0
0
0.000478496
5.532e-08
0
0.000699152
8.26085e-05
7.15906e-07
0.000385068
0
0
0
0
0.00104495
0
0.000865795
0.000435369
0.000471763
5.83413e-05
1.93665e-05
0
0
0.000149227
0.000267946
0
0
0.000297214
0
0
0.000993948
0.00061003
0.00034453
0.000219488
0
0
0.000109406
0
0.000477274
3.71413e-07
0.000743273
0.000752926
0
0
0.00036409
0.000328682
4.29247e-05
0.000198237
0
0
0.000727354
0.000181383
0.00060313
0.00104109
0
0.000714973
5.80367e-06
0.00069524
8.76329e-05
4.25059e-06
0
0.000423884
0.000151042
0.000280748
0.000144517
0
2.69326e-06
0
0.000115924
0
0.00039341
0
0.000337494
0.000197568
2.40083e-05
0.000463472
0
0.000284962
0
2.12262e-06
5.5561e-07
0
0.000589239
0.000540137
0
0.00081262
0
0
0
0
0
0.000500073
0.000189031
0
0
0.000515977
6.35596e-08
0
0.000349521
0.000650762
0.00013785
0
0
7.84108e-05
0.000649656
0
0.000509283
0
0.00108814
0.000155898
0.000455227
0
0.000165156
5.88693e-05
0
0.000675344
0.000487382
0.000537019
1.70762e-05
0
0.000135819
0
0
0
0.000964863
0.00012819
0.000938632
0.00079894
0.000435822
4.35154e-05
0.000410955
0.000140618
4.79818e-05
0.000557829
0.000307659
0
0.000263242
0.000462592
0.000486002
0
0.000193445
0
4.05777e-05
0
0
0.00104775
0.000237681
0
0.000953228
0
6.46371e-05
0
0
0
0
0
0.000189172
0
0
0
4.45906e-06
0.000344429
0
0
0
0
0.000468056
0.000471097
6.93441e-07
0.000528658
0
2.75201e-06
3.73592e-05
0
0
0.000437506
0.000789851
0
0.000309203
0
0.0008063
0
5.30755e-05
0
0.000318284
3.64607e-05
5.2501e-06
0.00049556
0.000256394
5.11844e-07
0.000914858
0.000163309
5.40252e-08
6.94097e-05
0
0.000149135
0
4.45814e-06
0
0.000406886
1.28738e-05
0
0
9.49069e-05
0.000317502
0
0
0
0.000164571
0.000577273
1.71651e-05
1.39204e-05
0
0
0
0
0
1.12475e-07
0.000440101
5.53563e-05
0.000898427
8.93169e-05
0
6.71551e-06
0.000230216
6.59765e-07
0.000428995
0.000838056
0
0
0.000834572
0.00027898
0.000740944
0.000222082
0
0.000880742
0.000578601
5.97711e-07
0
0
0
0.000121879
0.000492515
0.000810454
5.23589e-05
0
0.000896411
0.00112798
0
4.63984e-05
0.00107521
0.000663408
0
0.000244573
0
0
0.000386143
0
0
4.27253e-07
0
0
0
0.00065793
0.000314108
0
0.00106741
0
1.17217e-05
0
0
0
0.000154213
0
9.9194e-08
0
0
0
0
1.07992e-05
0.00112423
0.00011733
0
3.74541e-05
5.36947e-08
0
0
0
0
0
7.05444e-06
0
0
5.22861e-07
0
0.000269932
0
0.000286887
0
5.69637e-05
0.000284524
1.33287e-06
0.00044897
0.000316085
5.81751e-05
0.00088726
0
0.000161656
0.000608024
0.000560045
0
0
0.000353413
0.000599193
0
4.23722e-08
0.000307584
0
3.59483e-05
0.00103459
5.80051e-05
0
0
0
0.000103873
0.00073339
0.00026214
0.000245372
0
2.63764e-05
0
0
0.00060896
0.000562523
6.32217e-05
0.0001792
0
0
0.000826218
4.40191e-05
2.28731e-05
0.00031372
0.000178955
0
0.00109656
9.00794e-05
4.41724e-07
0.000175769
5.32288e-05
0.000109458
0.000428835
0.000285511
1.78985e-05
0
6.31607e-06
0
0.000790578
0
0
0
3.49269e-05
0.000737121
0
0
0.000984923
0.000124522
0.000397711
0.000836597
0.000419981
0.00051091
0
0.000865512
0.000675467
0.000496187
0
0.000704167
0.000705184
0.000269073
0.000426224
0.000846328
1.79854e-05
0.0011039
9.81097e-08
0.00058965
0.000468481
0.000457696
0
0.000468707
0.00010285
0
4.13818e-05
4.61753e-06
0
0
0.000345411
0.000323874
0
0.000796781
0
0
0
1.94174e-05
7.09423e-05
0
0
0.000279897
0
0
0
0
0.000594544
1.25636e-05
9.24108e-05
6.73817e-05
1.08071e-06
2.40229e-05
0
0.000275739
0
0
0
0.000659717
1.31291e-07
4.58874e-07
0.000504768
0
0
0.000803831
0.000770805
0.000597198
0.00033851
0.000233057
0
0
6.70151e-07
9.6123e-05
0
0.000281432
2.99124e-05
0.000311093
0.000285026
0
0.00108925
0
0.000114659
2.24337e-05
0.0010209
2.70626e-06
0.000292665
3.55605e-06
4.2369e-05
1.0297e-05
0.000298276
0
0
0.000261416
0.000722584
0.00066869
5.77548e-05
0.000407097
0
0
0
0
0.000266914
0.000235647
9.88453e-05
3.94363e-05
0
0
0.00079244
2.60395e-08
4.94134e-05
0.000708956
0
0
0.000480092
3.12132e-06
0.000631839
0.000686884
0.000281129
0
0
0
0
0.000759795
0.000913382
9.01931e-05
0.000349894
0
0.000717317
0.0006423
5.90874e-07
0
0
0
0
0.000806843
0.000777923
7.68965e-06
0
0
0.000426548
0
0.000103887
0.000368015
0.000885252
9.73688e-05
0
0.000160951
8.67422e-05
0
0.000492362
0.000152968
0.000713107
0
0.00104665
1.05409e-05
0.000162801
9.43327e-05
0.00104059
0
0.000270548
0.000952543
0
0.000246003
1.41815e-06
0
0.00045541
3.48209e-05
0
9.95226e-05
0
0.00032127
0.000357266
0.000581048
0
0.000429009
0.000806139
0.000410354
8.10638e-08
5.19965e-05
3.88213e-07
9.5707e-05
0.00021349
0.000509446
0.00012596
0.000853389
0.000685008
0.00043786
0.00108286
0.00104041
0.000345128
2.26275e-06
1.52742e-05
0
0
5.96157e-05
0
0
7.75726e-07
0
5.13636e-06
0.000708904
0.000618946
0.000950524
0
6.67829e-05
0
0
2.30301e-05
0.000744627
0.000113152
0.000833149
0.00068464
0.000303528
0.000152189
0
0.000182172
0.00065184
0.000635401
0
0.000135572
3.5197e-05
0
0
1.33648e-05
0.000125633
0.00117879
0.000180389
0.000497918
0.000526953
0.00105378
8.20568e-07
0
4.26657e-05
0
0
2.25762e-05
0.000231371
0.000125811
1.34295e-05
0.000843991
0
0.000131096
0.000115893
0
0
0.000542249
5.08973e-06
1.92585e-05
0
0
0.000664196
0
0
0.000124182
0.000535022
0
5.56535e-05
0
0
5.34163e-05
0.00105502
0.000849714
0.000113448
0
0
0.000354652
0.000107468
0.000487528
0
8.28935e-08
0
0
0
0
0.000547724
0.00027617
0.000997161
0.000193724
0
0.00021932
0
0.000373606
0.000648083
0.000205194
0
0.000310259
0.000112364
0
9.96805e-05
0
0.000455125
0
0
0.000216329
0
0.000161156
0
9.07264e-06
0.0010175
4.33737e-08
2.09167e-05
0.000931026
0
3.55448e-05
0.000107593
0.000794316
0
0.000742197
0
6.17398e-07
0.000548979
7.33665e-05
0
0
0.000126499
0.000504341
0
0.00104786
0.000628795
0.000338169
0
0
0
0
0.00109691
0
0.00115124
0.000403102
0.000114577
0.000167529
0.000676968
0.0007226
0.000162137
8.81534e-05
0
0.000201186
0.000821611
0
0.000205946
0
0
0
7.7449e-05
9.14664e-07
0.000197512
0
0
0.000263446
0.000899051
0.000844393
0.000234275
0.000838555
2.98396e-05
8.59388e-05
1.52034e-05
0.00088077
0.000151425
0
0.000275793
0.000602058
0.000218777
0.000245553
2.34166e-05
0.000285375
3.05791e-06
0
4.41212e-05
0.000611925
0.000566748
0
0
4.94565e-06
0
0
6.83323e-08
0
0.000388319
0.00044395
0.000300106
0.000764864
0.000263906
0.00110059
0
0.000397104
0
1.20029e-05
1.97912e-07
0.000191813
0.000654525
0
9.11924e-06
1.33917e-06
0
0.000722379
0
5.85645e-05
0.00108305
1.4727e-05
5.381e-07
0
0
0.00039064
0
0
0
0.0010011
0.000499519
0
0.000832191
0.000357029
0.000134281
0
0.000382558
0.000471715
0
0
9.80541e-05
0.000405121
0
0
0.000567311
0
3.09095e-05
0.000110698
0
0.000575212
0.000195301
0.000160104
0
9.60176e-06
0
0.000225848
0
0
0.0010394
5.80209e-06
0.000137995
0
0
0
0.000650552
0.000212697
0
0
0.000157922
0
0.000123644
0
0.000361734
0.000268482
0
0.000347293
0.00047767
0.000403229
1.13859e-05
0.000267939
0
0.000499543
0.000229922
0.00027739
0
0.000847309
4.36548e-05
0
0
1.79768e-07
0
0
0.000340998
0
0
0.00077596
7.84827e-07
0.000253712
0
9.88112e-05
2.08695e-06
0.000181067
0
0.000678604
0.000942257
0.000423212
0.000480783
0.00100222
5.00217e-06
0.000422451
0.000646539
8.96199e-08
0.000331792
0
0
0
0
0
0.000417551
0.000477463
0.000475515
0.000997645
0.000159987
0
0
3.22046e-05
0.00040629
0.000293659
0.000685134
1.01777e-06
0.000552097
0
0.00066535
0
2.64654e-06
0.000217747
0.000253979
0
0
0
0.000349915
0
9.48982e-05
0.000136798
0
0.00017964
0.000738544
0
0
0
0.000502584
0.000312694
0.000227892
1.62552e-05
0
0.000321155
0
0.000670781
0.000894748
0.000179024
2.28271e-05
0.000688259
0
9.40093e-06
0
0
0.000814177
0
0
0.000157708
9.64285e-05
0
0.000895362
0.000551941
0.0007701
0.000702981
6.91625e-05
0.000983575
0.000484985
0
0.000902256
0
0.000148124
0.00017454
0.000587198
0
0.000969709
0
2.09816e-07
0.000146213
0.000399878
0.000261373
0
0
0
8.77472e-06
0
0.000200552
8.54912e-05
0
0.000392659
1.94104e-05
2.54929e-06
0.000684852
0.000920407
1.93871e-05
6.47602e-05
0.000188292
3.20785e-05
6.79366e-05
0.000111578
0
0.000715723
0.000600752
0
3.61796e-06
7.60016e-05
0
0
0
0.000670553
0
0.000732121
0.00031185
0.000656777
4.86441e-05
0
6.12606e-05
0
0.00116333
0.000997831
0
0
0
0.000412462
0
0.000669915
0.000485774
0
0
0.000233326
0.000278469
0.000868086
0.00102705
0.000259005
0.000375229
0.000152421
0.000262748
0
0.000611118
0.000241279
0.000192797
0.000777142
7.74213e-05
6.96612e-06
1.94541e-05
0
0.000726369
0.000299621
0
1.41003e-05
0.000417443
0
0
0.000483892
7.86701e-05
0
0.000898401
0.000885879
0.00026743
0.000278439
0
7.82751e-05
6.54393e-06
1.71333e-05
0.000682879
9.98381e-05
0.000983888
0
0
0.000164583
0.000306602
0.000532383
0
0.00036597
0.00104966
0
0.000495236
0
0.00108461
0
0
0.000150876
0
0.000248287
0
0
0.000737766
0.000384824
0
3.43819e-06
0
0.000352534
0
0
9.55739e-05
5.34267e-07
0.000442791
0
0.000212787
0
0.000131536
0.000734329
0
0.000625454
0.00110516
0.000815579
0
0.000689412
9.10614e-07
5.51031e-05
0
0
0
0
0.000509418
0
0
0
0.000199973
0
0.000256789
3.37311e-06
0
0
0.000196821
0
0.000626664
0.000236222
0.000585671
0
5.84016e-06
0.000325053
7.24998e-05
0.000110815
0.000821368
0.000342746
0.000128938
0.000575282
0
0.000740021
0
1.3287e-07
0.000286088
0
0
0.000531962
0.000255336
0.000926565
0.000844709
0.000703988
0
0
0.000126067
0.000178589
0.000410431
2.21123e-05
0.00103636
0.00114
9.37323e-05
1.72828e-06
0
0
3.00053e-07
1.08617e-05
0.000183346
4.21063e-06
0
0
0.000276183
4.98469e-05
0.000402335
0.000893601
0.000947068
0.000740033
0.000342532
0
0.000807926
0.00112771
0.000448096
0
0
6.1119e-07
0
0
0
0.000508574
0.000587051
0
0.000359395
0
3.51095e-06
2.86273e-05
0
0.000197354
3.30083e-06
0.000374664
0.000273553
0
0
6.87315e-07
1.52837e-05
0
0
0.000196727
0.000478538
0
0.000330501
0
0.000387115
0
0.000684765
2.01926e-05
0
0.000317298
0.000769741
0.000961123
0.000632426
7.48324e-05
0.000252515
4.43317e-08
0.000467306
3.24924e-05
0
0.00108019
0.00014983
0
0
0
0.000161639
0
1.23633e-06
8.30622e-06
0.000533631
0
0
0.000312772
0.000311579
0
0.000747319
0
0
0.00114426
1.39552e-06
0
7.81577e-06
0
0
0.000237725
0
0
3.32779e-05
1.00718e-05
0.0011093
0.000809681
0.000119509
3.34654e-05
0
0.000840641
0.00031444
0
0
0
0.000120042
0.000523396
2.53973e-05
0
0.000605494
7.98267e-06
0
0.000209774
0.000781501
0.000122023
0
0.000748245
0.000745602
0
0.000438487
0
0
0
3.78095e-06
0.000312495
0.00074324
0
0.000664426
0.00043527
0
0.000455062
0.00040182
0.000152011
0
8.00416e-07
0.000813741
8.79357e-07
1.47682e-05
0.00056817
0.000505967
0.000247793
1.54119e-05
0
1.85986e-06
7.18048e-05
0.000848974
0
0.000208257
0
0.00035134
0
0
2.45242e-06
5.40673e-05
2.54394e-08
0.000609046
0.000428843
0.000519405
0.00101442
0
9.75622e-05
0.000356416
3.05526e-05
2.95956e-05
0.000130515
0
0
0.000381275
0
0
0
5.39245e-06
0.000190607
0.000424493
0
0.000691027
0
0
0.000900146
0
0
0.000615085
0.000257694
0
0
0.000191179
0
0
0
2.12454e-05
0
0
7.61461e-05
0
8.679e-07
0
0
0
0.000271747
0.000408058
0.000258302
2.8034e-05
0
0.000370093
0.000931633
0.000154744
0.000596301
0.000501283
0.000202646
0.000875182
0.000262342
0.000152312
0
0
0.0002915
0
0
0
3.85134e-05
0
0.00014725
0
2.85667e-05
0.00107058
0.000271006
0.000212241
1.97335e-05
0.000157661
6.87488e-08
3.68699e-05
3.96366e-05
0.000850603
7.19881e-05
4.76911e-06
0
0
0
0.000320483
0
2.41859e-05
0.000292088
0.000663114
0.000930284
0.000238147
0.000257442
0
0
0
0
0.000298021
0
8.18636e-05
6.75164e-05
0
4.08178e-05
0.00111662
9.67687e-06
1.4801e-05
0.000639408
0.000579591
0
0
0
0
2.64109e-05
0
0
0.000444965
0
0.000439537
0
0.000123758
4.5375e-08
0.000160468
0.000986296
0
0.000759357
0.00034155
0
0
1.4345e-05
0.000742451
0.000403583
0.000243332
0
0
0.000368771
4.14986e-06
1.00275e-05
0.000544535
0
2.94848e-08
0.000283927
0.000153328
0
0.000220432
0.000232642
1.02167e-05
0.000188739
0
0
0.000230842
0.000818888
0
6.60581e-07
0
0
7.28251e-05
0.00109194
0.000265683
4.36925e-06
5.13858e-07
0.00107309
0.000527063
0
1.54878e-05
0
0
0.000848432
5.20261e-06
0.000267046
0
0.000187344
1.94773e-06
8.48088e-05
3.13207e-05
0
0.000605597
0
0.000174335
9.18804e-05
0.00071223
0.000698535
1.72216e-05
0.000878885
0
0
1.52745e-06
0.000433864
0.000372759
0
0.000636364
4.27474e-05
7.67419e-05
0
0.000382214
0
0
0.000791839
0
0
0
0.000139856
0.000376172
0.000779948
9.97655e-05
0.00048218
5.69969e-05
0.000326061
0.000810898
0
1.48325e-05
0
5.22511e-05
0
0
0.000859521
1.62486e-06
0
0
2.3253e-05
1.24529e-05
0.000553722
9.46381e-05
0.000513665
0
3.32223e-07
0
0.000141545
0
0
0
0.000908569
7.22937e-05
0.000746546
0
3.51622e-07
0.00100976
0.00086142
0
0.000238557
0
3.00766e-07
0.000818119
2.66885e-05
1.72608e-07
0.000319685
0
0
0.000230515
0.000175864
0
0.000280602
0.000706829
0.000536367
5.06449e-05
0
0
0
1.51124e-06
0.000104467
0
0.000275029
0.000685457
0
8.60895e-07
0
0.000748204
1.20181e-05
0
0.000718149
0.000335606
0
0
0.000215383
0
0.000102091
0.000539945
0
0.000978512
0
2.33654e-07
0
4.77933e-07
0
0
0.000704052
0
0.000341199
0
0.000172556
7.46028e-06
0
0.000353566
0.000172011
0.00029902
0.00035642
0
0.000703624
0.000189229
8.85573e-08
0.00035984
2.2808e-05
3.39506e-06
0.000189666
0.000325836
0
0
0.000601239
0.000147606
0
0.00108345
0
0.000386002
1.18753e-07
0.000171734
1.22096e-07
0
0
0.000926528
0
0
9.73969e-05
0
0.000233843
0.0003263
0.000572363
0
0.000101232
0
0.000337202
1.47613e-06
0
0
0.000173383
0.000814655
0
0.000920976
7.13945e-08
0.000463543
2.8947e-05
0.000547935
0.000143434
0
0
0.000134195
0.000202666
0.000253736
0.000122948
0
0
0.000965651
0.00058944
0
0.000887253
0.00117194
0.000152338
0
0
9.95456e-05
0.000971759
8.41069e-05
0.0011287
0
0
5.25169e-08
0
5.26685e-05
8.43306e-05
0.0010734
0.000985732
0.000723181
2.11222e-05
1.34158e-05
0.00099314
0
6.02334e-05
0
0
0.00058736
0
0.000729108
3.40401e-06
0.000527444
0
4.22171e-05
0
8.41953e-07
9.55071e-05
0.000258358
0
0.000421683
3.6134e-05
0
0.000242905
7.73656e-05
0
9.0381e-05
0.000625648
0
0.000185669
0
0
0.000825208
0.00024932
5.49039e-05
0
0
0
4.45786e-05
0
5.36264e-05
7.7659e-05
0.00114421
0.000331334
0
0
0
3.3217e-08
0
4.71209e-06
0
0.000839206
0.000133854
0.00079698
0.000230792
0
4.65825e-05
0.000609391
0
0.000575363
9.28586e-05
0.000987832
5.38526e-07
0
0
0
0.000452686
0.000620941
0
0
0.000722908
0
6.75841e-06
0.000542657
0.000144531
0
0.000158129
0.000209464
0
0.000315599
0
0
3.61011e-06
0.000237753
0.000838776
0
0.000325048
0
0.000238972
0.000623539
0.00112839
0.000411305
0
0.00075546
0.00105388
0.000189619
4.25591e-06
0
0
0
0.000416406
0
0
0
0.000845381
4.12062e-05
0.000190002
0.000778516
3.08329e-07
8.50538e-06
0
0.000667638
0.000601249
0
4.51612e-05
0.000358569
3.85996e-08
0
0
0.000561668
0.000430608
2.70194e-05
0
0
0
0.000330219
0
0
3.24408e-05
0
0
0.000148536
3.56821e-05
0.000750705
8.756e-07
0
6.5338e-05
3.34391e-05
0
8.35921e-05
0
0
7.60634e-05
9.73493e-08
0
0
5.42492e-05
2.72662e-05
0
0
0
0
0.000143755
0
0.00113608
0.000153562
9.24612e-05
3.11766e-06
0.000530465
0.000533475
9.96019e-06
0
0
0.000388413
0.000349856
8.92575e-06
0.000594409
0
0
0.000204672
0.000457244
0.000966972
0
0
0.000399882
0.000110204
0.000633677
0
0.000354673
0
0.00034697
0
0
0.000518375
4.16604e-07
1.80743e-05
0.00100788
0
0
0.000682935
0.00036884
0
0.000682207
0.000594088
0.000111317
0.000533859
0.00042306
0.000842195
0.000227301
0
0
0
0
0
0.000266223
0.00099018
0
7.80567e-08
2.54125e-07
0
0.00112807
0
0.000175259
0
0
0.000105835
0.000470977
1.02228e-05
0
0
3.6724e-05
4.78054e-06
5.23036e-08
0.000850264
0
0
0.000518537
0.000233789
2.07213e-05
6.72011e-06
4.91364e-06
0.000623241
0
0
0
0.000767104
0
0
0.00015731
0.0008172
5.79222e-05
0
4.89273e-07
0
0
0
0.000180222
0
0
0.000903002
0.000233999
0
0.000106378
0.000219826
0.000251429
0.00026185
0.000848982
5.04532e-05
0.000138488
0.00064528
8.25528e-06
0
0.000737814
0.000119366
0.000301308
0
0
0
0.000895564
0
4.21333e-05
0
0
0
0
0
0
0.00115199
0.000824113
4.83022e-06
0
0
0.000587929
1.67599e-05
0.000112915
0.000197127
0
0
0
0.000368793
0
0.000218623
0
0
0.000105286
0.000691824
0
0
0
1.13249e-06
5.14708e-07
6.28554e-07
0
0
0.000325446
0.000663418
0.00061694
0.00026132
0.000186099
0.000464141
0.000966665
0.000126254
0.000171351
0
0
0
0
1.25944e-05
0.000735617
0.000937161
0.000138985
0.000518405
0
2.87743e-05
0.000122802
0.000168633
0.000133266
0
0
0.000142542
0.000835221
0.000209097
0
0
0.000320859
0
0
2.17722e-05
0.000326271
0.000271075
0.000313679
0.000434225
3.61502e-05
0.000324699
0.000113715
0.000296204
0.000943784
0
0
0.000107996
0.000124366
0
0.000170855
0
0
0.000950588
0.000415429
0
0.000423311
0.000464662
0
0
0.000462312
0.00027619
0
2.03227e-05
0.000291326
0.000503144
0.000904532
0
0
0
5.27154e-07
0.000859813
9.18106e-05
4.37874e-06
0
9.24219e-05
5.28851e-05
0.000122721
3.84411e-05
0.000324882
0
0
0.0005703
0
0
0.000570276
0
0.000100884
2.86543e-05
0.000336311
1.70549e-07
0.000398467
0.000609643
0.000589645
0.000317083
2.60985e-08
0.000398467
0.000284053
0
2.84845e-07
5.23986e-05
0.000780635
0
0
9.01377e-06
0
0.000560364
1.89489e-06
7.92198e-06
0.000611355
0.000264229
0.000380407
0
0.000908182
0
0
0.000602358
0
0.000244475
4.18446e-05
0.000153183
0.00098479
8.38192e-06
0.000243797
0
0
0
0
0.000416804
1.91384e-07
0
8.1788e-07
0
0.000472692
0
0.000109602
0.00039434
0
0.000232887
0
0.00034827
0
0.000103353
0.000950492
0.000602477
0.000218206
0.000397274
8.77378e-06
9.20285e-05
0.000309709
0.000784611
0
0.000134037
0.000790984
0.00103803
0
0.000229974
2.3567e-05
0.00047256
0.00053823
0
6.5042e-05
0
0.000515949
0
0.000191009
0.000351888
0
0.000640482
0.000981323
0
0.00100418
3.13041e-06
1.10879e-06
0
0
0.000816836
0
0
0.000356897
0.000354391
0
0.000428454
0
0
0.00066095
0.00117672
0
0
0
0
0.000356183
0.000631267
0
0
0
0.000495344
0.000745135
0.000110228
0
9.5058e-05
1.71667e-07
0.000663327
0.000226741
0
9.1808e-05
0
0.000161828
0
0.000959738
0
0.000377137
0
6.37855e-05
0.000244036
0
0.00074655
0
0
8.47091e-05
1.4961e-05
0.000899308
0
0
1.62125e-05
0
0
0.000168274
0
0
0
5.17294e-05
1.41906e-06
0.000253788
0.000244017
1.5985e-06
6.21263e-05
0
0.00017266
0.000205656
0
1.07021e-05
0
6.04093e-05
0.000781236
0
1.60334e-07
0
0
0
0.000620575
0
0.000114414
0.00111122
0.000622906
0.000137402
3.5702e-05
1.15304e-05
0.000205198
5.92448e-08
0.000353008
0.000240246
0.000637054
6.16902e-05
2.89037e-05
0.000978516
8.07099e-05
0
0.000668865
0.000576374
0
0.000823592
4.30221e-06
0
0.000680296
0.000805289
0.0010091
0.000690123
0.000360572
0
0.000184202
0
2.43854e-05
0
0.000531821
0
0
0.00081164
4.06332e-05
3.07683e-05
0.00057121
0.000587157
0
0
2.60714e-05
3.77023e-05
0.000160757
0.000800294
0
1.42079e-06
0.000303202
0.000891592
0
0
6.68552e-07
0.000223611
0.000821634
2.28819e-07
0
0
4.90672e-08
0
0
0
0.000258645
2.94446e-05
0.000671188
0.000130414
0.000823301
0.000622722
0
0.000363559
0.000764278
0
0.000256597
0.00024324
8.87749e-05
0
0.000711433
7.48121e-05
0.000684254
0
0
0.000893245
2.56237e-05
0.000166949
0
0.000135744
0.000578317
0.000275913
0
0.000113817
0.000325385
9.73376e-05
0
1.7562e-05
0.000404563
0.000213396
0.0012023
0.000143071
0.000213774
5.96662e-05
0.000198348
0.00026186
0
6.0598e-05
0
0.000295982
0.000609106
0
0.00124618
0.000939783
0
0.00100971
1.99944e-05
0
0
0
3.62593e-06
0.000201323
0
0
0.000505548
0.00114387
5.02837e-05
0
0
0.000383925
0
0.000253854
0.000814403
0.000747063
0.000442417
7.2397e-06
0.00115336
0.000891787
0
9.8473e-05
0
0
4.23905e-05
0.000658456
1.52764e-05
0
0.00108809
0.000512378
0.000380148
0.000644584
0.000364101
0
0
2.10797e-05
0
0.000874514
0.000414224
0
0.000358819
0.000605942
0
0
8.62338e-06
0.000483358
2.40548e-06
0
1.30093e-05
0
0
3.98016e-06
0.000338991
0
0.000151013
0.000717619
0.000618123
0
5.50807e-05
2.17584e-05
0.000172807
3.37352e-06
0.000276932
0.000475782
1.37689e-06
2.63723e-05
0.000241666
0.000320925
0.000787368
9.22365e-07
9.01867e-05
0.0004703
2.44043e-05
0
0
0
0.000733351
0.000904815
0.000836435
0.000813404
0
0.000319995
0.000980532
0.000622568
0
0.000280174
0
0.000330375
0
7.04825e-05
0.000244142
3.99561e-07
0
0.000961244
0.000721978
4.82007e-05
0.000565734
1.30071e-06
0.00102954
0
3.47006e-06
0.000880224
0
0
0.000556181
0.000805995
4.88096e-06
0
0
3.87267e-05
0.000298224
0
0.000564552
0
0.000456939
0.000519199
0
8.97271e-05
0
0
0
0.000826772
0.000121615
0.000853265
3.77277e-05
0.000103297
0
0.000115669
0
0
0
1.80397e-06
6.69619e-05
0
0.000270727
0.000149271
0.000190059
0.000415031
0
0
0
0
0.000283075
3.16937e-05
0.000323896
1.50593e-06
0.000111633
0.000458724
0.000546895
0.00025078
0.00024589
0
0.000163527
0.000271338
0.000423004
0
0.000904909
0
6.85817e-05
0
0
0
8.75044e-06
0
0
0
0
3.96829e-05
0
1.75036e-05
0.000617233
0
0
9.24699e-06
0.000228813
5.7778e-05
0
0.000344726
0.000831117
6.07415e-05
0
0.000137101
0.000160021
0.000444116
2.26734e-06
0.000103144
6.34485e-05
0
0.000219619
0
0.00044664
0
0.000229414
0.000900783
0.000202577
3.58061e-06
0
0.000219862
0
0.000208727
1.28747e-06
0
0.000185868
0
0.000452471
0.000445017
0.000806227
2.28092e-06
0.000570234
0
0
6.31795e-05
0
0.000187761
0.000396666
0.000369282
0
6.29368e-05
0
0
0.000968242
0.000305645
0
0
0.00012851
0.000162074
0.000512785
0
0
0
0.000524853
0.000609575
0
4.49895e-07
0.000542561
4.04074e-05
0.000864
0
0
0
0
0
0.000361939
0.00057649
0
0
0
0
0
0.000146124
0.000355402
0.000128
0.00116497
0
4.2355e-08
0.000189217
0
1.8589e-06
0.000165913
0
0
2.69655e-05
0
0
0
0
0.00116049
0
0
2.8911e-05
0.000188951
2.81257e-06
3.47774e-05
0
3.34061e-05
0.000920702
0.000735121
0.000421292
2.65486e-05
0
0.000811729
0.000504403
5.28166e-05
0
0
0
1.98297e-05
0.000443476
0.000218224
0.000230763
0
0.000837802
0
1.72129e-07
0.000358683
0.000982842
3.96346e-05
0.00015643
0
0.00042088
0
0.000231706
0.000327287
0.000108418
0.000398763
0.000543219
0
0
0
0.00098151
0.000271576
0
0.000272737
0.000172946
0.000143185
0.000574358
0
0.000861668
0
0.000577396
2.43889e-05
1.54134e-05
0.000381068
0.000500509
1.3726e-05
1.84221e-06
0
0
7.83247e-08
0
0
0.000303176
0
0.000132447
0
0.000200465
0.000240949
3.53813e-05
0.000448553
0
0.000596035
0
0.00114726
0.000185309
0
0.000579002
0
0
4.7301e-07
0.000109439
0.000488886
1.10099e-07
0
8.49352e-05
0.000858422
0.000175997
0
0.000191188
0.00105103
0
0
6.69923e-07
0
0
0.000287248
0
0.000537839
3.95322e-05
0.000244042
0
4.84056e-06
2.92376e-05
0
0
0.000984597
8.98278e-06
0.000938339
0.00058803
0.000480335
0
6.5224e-05
0.000192907
1.07654e-05
3.47327e-06
0.000547713
0
0.000174073
0
1.95999e-06
0
0.000560131
0
0
9.55227e-07
8.49803e-07
0.000564587
0.000714978
0
7.35606e-06
0.000237086
0.000874983
0.000565952
0
0
0.000137092
0.000171918
0.000173684
0.000119248
0.000339776
0.0004876
4.57214e-08
0
0.000247577
0.000515034
2.75761e-05
0
0.000705336
0
0.000649846
0.00039624
0
0.00104931
0
3.97248e-05
0.000448423
0.000172242
4.55832e-05
0.000233898
0
1.52414e-05
0
0.000197042
0
4.25248e-05
1.61478e-07
0.00044311
0.000232946
0
7.06764e-05
0.000425549
0.000600388
0
0
0
0
0.0011013
0.000539228
0.000580211
0
0.000156219
0.00102029
6.2436e-05
1.58524e-07
0.000133572
0.00049034
0
0.000243534
0.000358799
3.06566e-06
0.000367966
0
0
0.000392926
0
0.000434884
0.000122679
0.000346318
0
3.83978e-05
3.70433e-07
0.000153611
0.000295032
0.000520188
0.000471859
4.97351e-06
0
0.000334159
0
0.000215529
1.41784e-07
0.000507607
0.000131344
3.63014e-05
0.000149186
0
9.47002e-06
2.62558e-08
0
0.000291339
0
0.000420544
0.000258892
2.57844e-05
0
9.59097e-08
0.000553872
0
0
0.000460715
3.81206e-05
0.00010392
0
0
0
2.75203e-06
0.000848193
1.39252e-06
0
0
0
0
5.50918e-07
0
0.000311333
0.000141274
0
0.000490852
0
0.000883883
0.000198048
0
0.00029583
0.000614468
0
0.000790373
0
8.6561e-06
0.000971441
0.000270944
0.000498471
7.63234e-05
6.19097e-05
4.75138e-06
0.000143849
0
2.21292e-07
0
0
0.000174961
0
9.49232e-05
0.00118435
0
0.000497737
9.16593e-07
0
0.000936419
0.0011688
0.000283637
0.000503044
0.00106847
0
0.000743876
1.5817e-05
0.00058644
0.000409129
0.000812181
0
9.82864e-05
0.000538449
0
0
0.000930808
7.31768e-08
4.75856e-05
3.1159e-07
2.66052e-06
0.00080799
7.2095e-05
0
0.00100072
9.84466e-05
0
0.000679111
5.18544e-06
0
7.11944e-06
0
0
0
0.000470948
0
0
0.000604285
0
3.23358e-05
0.000342734
0
3.1407e-05
0.000154265
2.81194e-08
0
0.000886359
0.000362539
0
0
0.00047202
0.000311081
1.68006e-07
0.000675317
0
0.000280298
1.19835e-05
4.62261e-06
0
0.000330274
0.000182498
0
0
1.988e-06
3.82306e-07
0
0.000888002
0
0.000198133
0.00117609
0.000141204
0.000260108
0.000506206
0.000111105
1.8083e-07
0.000132604
0
8.36655e-06
4.23464e-05
0
0.000466501
0
3.28935e-06
0.00051783
1.52128e-07
6.02518e-05
