branch,case,dt,stream_id,base_seed,stream_seed,split,relative_path,sha256
density,driven_dt1e-3,0.001,0,2026090801,16094356758956982215,train,experiments/short_chain_section4_2026-09-14/raw/direct_state_f64/driven_dt1e-3/stream_000.f64,2840319a6f10e049348a8219a7ee2a335f298076b02915e3ef84b7e6aad3c9e3
modes,driven_dt1e-3,0.001,0,2026090801,16094356758956982215,validation,experiments/short_chain_section4_2026-09-14/raw/direct_state_f64/driven_dt1e-3/stream_000.f64,2840319a6f10e049348a8219a7ee2a335f298076b02915e3ef84b7e6aad3c9e3
density,driven_dt1e-3,0.001,1,2026090801,4251578818768200377,validation,experiments/short_chain_section4_2026-09-14/raw/direct_state_f64/driven_dt1e-3/stream_001.f64,8907f6d3a37f8b2aff9b10877ab86b749e2169c7c8a02b96ab60e1689cec691a
modes,driven_dt1e-3,0.001,1,2026090801,4251578818768200377,validation,experiments/short_chain_section4_2026-09-14/raw/direct_state_f64/driven_dt1e-3/stream_001.f64,8907f6d3a37f8b2aff9b10877ab86b749e2169c7c8a02b96ab60e1689cec691a
density,driven_dt1e-3,0.001,2,2026090801,9639505670240539701,test,experiments/short_chain_section4_2026-09-14/raw/direct_state_f64/driven_dt1e-3/stream_002.f64,7958f8a548c898a2bc6d343276b817d9f2f2f79a7e55ff3989c94848ba3fc285
modes,driven_dt1e-3,0.001,2,2026090801,9639505670240539701,validation,experiments/short_chain_section4_2026-09-14/raw/direct_state_f64/driven_dt1e-3/stream_002.f64,7958f8a548c898a2bc6d343276b817d9f2f2f79a7e55ff3989c94848ba3fc285
density,driven_dt1e-3,0.001,3,2026090801,7670132900783534363,test,experiments/short_chain_section4_2026-09-14/raw/direct_state_f64/driven_dt1e-3/stream_003.f64,af77135eb9887a4535b21cef4d664cf01fb701e719ab58a0c39a872933230f77
modes,driven_dt1e-3,0.001,3,2026090801,7670132900783534363,train,experiments/short_chain_section4_2026-09-14/raw/direct_state_f64/driven_dt1e-3/stream_003.f64,af77135eb9887a4535b21cef4d664cf01fb701e719ab58a0c39a872933230f77
density,driven_dt1e-3,0.001,4,2026090801,4399499617505774768,validation,experiments/short_chain_section4_2026-09-14/raw/direct_state_f64/driven_dt1e-3/stream_004.f64,d267fa4dfc25bd7cf0df13a11d30f36e0e93020643649c4e7347ac0a82e4ccea
modes,driven_dt1e-3,0.001,4,2026090801,4399499617505774768,train,experiments/short_chain_section4_2026-09-14/raw/direct_state_f64/driven_dt1e-3/stream_004.f64,d267fa4dfc25bd7cf0df13a11d30f36e0e93020643649c4e7347ac0a82e4ccea
density,driven_dt1e-3,0.001,5,2026090801,3556562642687067831,test,experiments/short_chain_section4_2026-09-14/raw/direct_state_f64/driven_dt1e-3/stream_005.f64,49e9d83ac48de64e8718045253dfa9972229996142d016db005a7c1fe81afb90
modes,driven_dt1e-3,0.001,5,2026090801,3556562642687067831,test,experiments/short_chain_section4_2026-09-14/raw/direct_state_f64/driven_dt1e-3/stream_005.f64,49e9d83ac48de64e8718045253dfa9972229996142d016db005a7c1fe81afb90
density,driven_dt1e-3,0.001,6,2026090801,900086684713846573,validation,experiments/short_chain_section4_2026-09-14/raw/direct_state_f64/driven_dt1e-3/stream_006.f64,d14393d72de6bd8da6d904c840505d9797200d20b5c9c821385fa14e360af1e1
modes,driven_dt1e-3,0.001,6,2026090801,900086684713846573,train,experiments/short_chain_section4_2026-09-14/raw/direct_state_f64/driven_dt1e-3/stream_006.f64,d14393d72de6bd8da6d904c840505d9797200d20b5c9c821385fa14e360af1e1
density,driven_dt1e-3,0.001,7,2026090801,12029702387884655807,validation,experiments/short_chain_section4_2026-09-14/raw/direct_state_f64/driven_dt1e-3/stream_007.f64,0eed849e4a482b4da90ca0e35d3e85326e111b5c7073f7e86187a37418125d28
modes,driven_dt1e-3,0.001,7,2026090801,12029702387884655807,train,experiments/short_chain_section4_2026-09-14/raw/direct_state_f64/driven_dt1e-3/stream_007.f64,0eed849e4a482b4da90ca0e35d3e85326e111b5c7073f7e86187a37418125d28
density,driven_dt1e-3,0.001,8,2026090801,1740409770240277451,train,experiments/short_chain_section4_2026-09-14/raw/direct_state_f64/driven_dt1e-3/stream_008.f64,94d0d339849bd762713187477cc57d68473e44e249dd2e6c0442a6994c72b265
modes,driven_dt1e-3,0.001,8,2026090801,1740409770240277451,train,experiments/short_chain_section4_2026-09-14/raw/direct_state_f64/driven_dt1e-3/stream_008.f64,94d0d339849bd762713187477cc57d68473e44e249dd2e6c0442a6994c72b265
density,driven_dt1e-3,0.001,9,2026090801,17817582293706800396,test,experiments/short_chain_section4_2026-09-14/raw/direct_state_f64/driven_dt1e-3/stream_009.f64,4766d38509312b1787d0350c88b3f4124d43f7723e2ac70579293e1283ad1a26
modes,driven_dt1e-3,0.001,9,2026090801,17817582293706800396,train,experiments/short_chain_section4_2026-09-14/raw/direct_state_f64/driven_dt1e-3/stream_009.f64,4766d38509312b1787d0350c88b3f4124d43f7723e2ac70579293e1283ad1a26
density,driven_dt1e-3,0.001,10,2026090801,16217990823857215189,test,experiments/short_chain_section4_2026-09-14/raw/direct_state_f64/driven_dt1e-3/stream_010.f64,c1ad443582a5cdcbc0d0577786531f4141a0d1391b4abbc130f352ec35496f7a
modes,driven_dt1e-3,0.001,10,2026090801,16217990823857215189,train,experiments/short_chain_section4_2026-09-14/raw/direct_state_f64/driven_dt1e-3/stream_010.f64,c1ad443582a5cdcbc0d0577786531f4141a0d1391b4abbc130f352ec35496f7a
density,driven_dt1e-3,0.001,11,2026090801,15138052257317608520,train,experiments/short_chain_section4_2026-09-14/raw/direct_state_f64/driven_dt1e-3/stream_011.f64,c59c8ca8c4af1f8c18410c0066ee6cd3637c927abdaef13a1202c4dc4180c89f
modes,driven_dt1e-3,0.001,11,2026090801,15138052257317608520,validation,experiments/short_chain_section4_2026-09-14/raw/direct_state_f64/driven_dt1e-3/stream_011.f64,c59c8ca8c4af1f8c18410c0066ee6cd3637c927abdaef13a1202c4dc4180c89f
density,driven_dt1e-3,0.001,12,2026090801,5605746976814185567,train,experiments/short_chain_section4_2026-09-14/raw/direct_state_f64/driven_dt1e-3/stream_012.f64,b5777a51152fb46c62ae7c5d6f296a814aa64cab65ca9678fe888b6ad1822377
modes,driven_dt1e-3,0.001,12,2026090801,5605746976814185567,train,experiments/short_chain_section4_2026-09-14/raw/direct_state_f64/driven_dt1e-3/stream_012.f64,b5777a51152fb46c62ae7c5d6f296a814aa64cab65ca9678fe888b6ad1822377
density,driven_dt1e-3,0.001,13,2026090801,17801703779078220967,train,experiments/short_chain_section4_2026-09-14/raw/direct_state_f64/driven_dt1e-3/stream_013.f64,2164bfa630d1dd1550a4d9291c2fa6c3ba5eed29f4cc8eee8db4eef3dd51af4b
modes,driven_dt1e-3,0.001,13,2026090801,17801703779078220967,train,experiments/short_chain_section4_2026-09-14/raw/direct_state_f64/driven_dt1e-3/stream_013.f64,2164bfa630d1dd1550a4d9291c2fa6c3ba5eed29f4cc8eee8db4eef3dd51af4b
density,driven_dt1e-3,0.001,14,2026090801,1685511720604152926,test,experiments/short_chain_section4_2026-09-14/raw/direct_state_f64/driven_dt1e-3/stream_014.f64,70957cf9dfcf68e17f4206287be9213bcb64a183329b01388d68ab922aa7c3a5
modes,driven_dt1e-3,0.001,14,2026090801,1685511720604152926,train,experiments/short_chain_section4_2026-09-14/raw/direct_state_f64/driven_dt1e-3/stream_014.f64,70957cf9dfcf68e17f4206287be9213bcb64a183329b01388d68ab922aa7c3a5
density,driven_dt1e-3,0.001,15,2026090801,17246237816838595108,train,experiments/short_chain_section4_2026-09-14/raw/direct_state_f64/driven_dt1e-3/stream_015.f64,34dfa896ef61f4fa7f12391652931cc87438a43a4944c394ed825ba5599cddbf
modes,driven_dt1e-3,0.001,15,2026090801,17246237816838595108,test,experiments/short_chain_section4_2026-09-14/raw/direct_state_f64/driven_dt1e-3/stream_015.f64,34dfa896ef61f4fa7f12391652931cc87438a43a4944c394ed825ba5599cddbf
density,driven_dt1e-3,0.001,16,2026090801,4540844785872003065,validation,experiments/short_chain_section4_2026-09-14/raw/direct_state_f64/driven_dt1e-3/stream_016.f64,f8b5ae1ef52bac630cc6bf3cf398872c6e70dff5f6538cd759f3ca9a04fd5ed5
modes,driven_dt1e-3,0.001,16,2026090801,4540844785872003065,train,experiments/short_chain_section4_2026-09-14/raw/direct_state_f64/driven_dt1e-3/stream_016.f64,f8b5ae1ef52bac630cc6bf3cf398872c6e70dff5f6538cd759f3ca9a04fd5ed5
density,driven_dt1e-3,0.001,17,2026090801,12990538004655294542,train,experiments/short_chain_section4_2026-09-14/raw/direct_state_f64/driven_dt1e-3/stream_017.f64,65bed353eea0376577b0e9f7e3ba30b9fe7579c5f23ddbc63fc89c28baa54a82
modes,driven_dt1e-3,0.001,17,2026090801,12990538004655294542,train,experiments/short_chain_section4_2026-09-14/raw/direct_state_f64/driven_dt1e-3/stream_017.f64,65bed353eea0376577b0e9f7e3ba30b9fe7579c5f23ddbc63fc89c28baa54a82
density,driven_dt1e-3,0.001,18,2026090801,7015535263815204634,validation,experiments/short_chain_section4_2026-09-14/raw/direct_state_f64/driven_dt1e-3/stream_018.f64,6bc6ff534c4d3c7a29466de8ac509da0e0dfa5eb1b6f02fa4a536549b92cc1d9
modes,driven_dt1e-3,0.001,18,2026090801,7015535263815204634,validation,experiments/short_chain_section4_2026-09-14/raw/direct_state_f64/driven_dt1e-3/stream_018.f64,6bc6ff534c4d3c7a29466de8ac509da0e0dfa5eb1b6f02fa4a536549b92cc1d9
density,driven_dt1e-3,0.001,19,2026090801,12255732523582175557,test,experiments/short_chain_section4_2026-09-14/raw/direct_state_f64/driven_dt1e-3/stream_019.f64,5349d528b13dae2d363dfed6800be64a21ca3688ac9c3c88b974db372bc06e7a
modes,driven_dt1e-3,0.001,19,2026090801,12255732523582175557,test,experiments/short_chain_section4_2026-09-14/raw/direct_state_f64/driven_dt1e-3/stream_019.f64,5349d528b13dae2d363dfed6800be64a21ca3688ac9c3c88b974db372bc06e7a
density,driven_dt1e-3,0.001,20,2026090801,18428268637387278546,validation,experiments/short_chain_section4_2026-09-14/raw/direct_state_f64/driven_dt1e-3/stream_020.f64,8f106bd171e389a12930bba64d8f4acbe7cf408d905a25bdea8023e0cbead528
modes,driven_dt1e-3,0.001,20,2026090801,18428268637387278546,train,experiments/short_chain_section4_2026-09-14/raw/direct_state_f64/driven_dt1e-3/stream_020.f64,8f106bd171e389a12930bba64d8f4acbe7cf408d905a25bdea8023e0cbead528
density,driven_dt1e-3,0.001,21,2026090801,6108016575221733583,train,experiments/short_chain_section4_2026-09-14/raw/direct_state_f64/driven_dt1e-3/stream_021.f64,51a18304e623c4129624cab28aaee6d4a2facbd9272439a64fcce333202a2cee
modes,driven_dt1e-3,0.001,21,2026090801,6108016575221733583,train,experiments/short_chain_section4_2026-09-14/raw/direct_state_f64/driven_dt1e-3/stream_021.f64,51a18304e623c4129624cab28aaee6d4a2facbd9272439a64fcce333202a2cee
density,driven_dt1e-3,0.001,22,2026090801,10786565030717378928,train,experiments/short_chain_section4_2026-09-14/raw/direct_state_f64/driven_dt1e-3/stream_022.f64,daacc04e0be98ccbe917edce71b123e2fe388bb3bc2f3456ce8f78945a0bf5ef
modes,driven_dt1e-3,0.001,22,2026090801,10786565030717378928,test,experiments/short_chain_section4_2026-09-14/raw/direct_state_f64/driven_dt1e-3/stream_022.f64,daacc04e0be98ccbe917edce71b123e2fe388bb3bc2f3456ce8f78945a0bf5ef
density,driven_dt1e-3,0.001,23,2026090801,5252601943597223475,train,experiments/short_chain_section4_2026-09-14/raw/direct_state_f64/driven_dt1e-3/stream_023.f64,009f5da8c8771ef3e559c0aae76d74be44a61bad222f812c5d874260504b4494
modes,driven_dt1e-3,0.001,23,2026090801,5252601943597223475,train,experiments/short_chain_section4_2026-09-14/raw/direct_state_f64/driven_dt1e-3/stream_023.f64,009f5da8c8771ef3e559c0aae76d74be44a61bad222f812c5d874260504b4494
density,driven_dt1e-3,0.001,24,2026090801,7561758364420092014,test,experiments/short_chain_section4_2026-09-14/raw/direct_state_f64/driven_dt1e-3/stream_024.f64,90872680ff9bb4c835e4bec5792b05ff0a08104b8ce8c3ae55d8b7d6a3e42601
modes,driven_dt1e-3,0.001,24,2026090801,7561758364420092014,train,experiments/short_chain_section4_2026-09-14/raw/direct_state_f64/driven_dt1e-3/stream_024.f64,90872680ff9bb4c835e4bec5792b05ff0a08104b8ce8c3ae55d8b7d6a3e42601
density,driven_dt1e-3,0.001,25,2026090801,9672010973734213270,test,experiments/short_chain_section4_2026-09-14/raw/direct_state_f64/driven_dt1e-3/stream_025.f64,0da2797706b80f48e4032aab083a929831920e1bcaecd49542443403158356fe
modes,driven_dt1e-3,0.001,25,2026090801,9672010973734213270,train,experiments/short_chain_section4_2026-09-14/raw/direct_state_f64/driven_dt1e-3/stream_025.f64,0da2797706b80f48e4032aab083a929831920e1bcaecd49542443403158356fe
density,driven_dt1e-3,0.001,26,2026090801,14914883681884992714,train,experiments/short_chain_section4_2026-09-14/raw/direct_state_f64/driven_dt1e-3/stream_026.f64,766215c7eda0b189c911befb82948ca245bfd0134068947ece076340240d225a
modes,driven_dt1e-3,0.001,26,2026090801,14914883681884992714,train,experiments/short_chain_section4_2026-09-14/raw/direct_state_f64/driven_dt1e-3/stream_026.f64,766215c7eda0b189c911befb82948ca245bfd0134068947ece076340240d225a
density,driven_dt1e-3,0.001,27,2026090801,3917561401230222098,validation,experiments/short_chain_section4_2026-09-14/raw/direct_state_f64/driven_dt1e-3/stream_027.f64,b457abea9737a2f38073f99b4f879c29815816e5fc242eedf2fa3ef37dca1886
modes,driven_dt1e-3,0.001,27,2026090801,3917561401230222098,train,experiments/short_chain_section4_2026-09-14/raw/direct_state_f64/driven_dt1e-3/stream_027.f64,b457abea9737a2f38073f99b4f879c29815816e5fc242eedf2fa3ef37dca1886
density,driven_dt1e-3,0.001,28,2026090801,17248104781273705522,train,experiments/short_chain_section4_2026-09-14/raw/direct_state_f64/driven_dt1e-3/stream_028.f64,b552f04d143db12f542418b2be9c9fa098438566f491fda410c5f461793ed57f
modes,driven_dt1e-3,0.001,28,2026090801,17248104781273705522,train,experiments/short_chain_section4_2026-09-14/raw/direct_state_f64/driven_dt1e-3/stream_028.f64,b552f04d143db12f542418b2be9c9fa098438566f491fda410c5f461793ed57f
density,driven_dt1e-3,0.001,29,2026090801,8878334221283847998,train,experiments/short_chain_section4_2026-09-14/raw/direct_state_f64/driven_dt1e-3/stream_029.f64,dcbb8750b2d2db0fe59593fc7b23f1d5bd4b47fd42ff2164d348798eab231567
modes,driven_dt1e-3,0.001,29,2026090801,8878334221283847998,train,experiments/short_chain_section4_2026-09-14/raw/direct_state_f64/driven_dt1e-3/stream_029.f64,dcbb8750b2d2db0fe59593fc7b23f1d5bd4b47fd42ff2164d348798eab231567
density,driven_dt1e-3,0.001,30,2026090801,14325293591807292095,train,experiments/short_chain_section4_2026-09-14/raw/direct_state_f64/driven_dt1e-3/stream_030.f64,27434e460bdcf23215cb9d31629846560a8dec97af740933ff4e4602ed18f8f1
modes,driven_dt1e-3,0.001,30,2026090801,14325293591807292095,validation,experiments/short_chain_section4_2026-09-14/raw/direct_state_f64/driven_dt1e-3/stream_030.f64,27434e460bdcf23215cb9d31629846560a8dec97af740933ff4e4602ed18f8f1
density,driven_dt1e-3,0.001,31,2026090801,16524710350165720780,train,experiments/short_chain_section4_2026-09-14/raw/direct_state_f64/driven_dt1e-3/stream_031.f64,5a63e7cb2942f1ae841e938d57c9536eabc033514388936d7b762ef4e6c7239f
modes,driven_dt1e-3,0.001,31,2026090801,16524710350165720780,test,experiments/short_chain_section4_2026-09-14/raw/direct_state_f64/driven_dt1e-3/stream_031.f64,5a63e7cb2942f1ae841e938d57c9536eabc033514388936d7b762ef4e6c7239f
density,driven_dt1e-3,0.001,32,2026090801,9538286591147786987,train,experiments/short_chain_section4_2026-09-14/raw/direct_state_f64/driven_dt1e-3/stream_032.f64,2d860d94c1fe20bd316fba5b6f0257f2893760dabe6ae5090c65aa60265a827a
modes,driven_dt1e-3,0.001,32,2026090801,9538286591147786987,train,experiments/short_chain_section4_2026-09-14/raw/direct_state_f64/driven_dt1e-3/stream_032.f64,2d860d94c1fe20bd316fba5b6f0257f2893760dabe6ae5090c65aa60265a827a
density,driven_dt1e-3,0.001,33,2026090801,11419438595173137781,train,experiments/short_chain_section4_2026-09-14/raw/direct_state_f64/driven_dt1e-3/stream_033.f64,8c8c7528a4930d796395ed63055f0fecfd9c0004246fa0338bac4ce443239ba9
modes,driven_dt1e-3,0.001,33,2026090801,11419438595173137781,validation,experiments/short_chain_section4_2026-09-14/raw/direct_state_f64/driven_dt1e-3/stream_033.f64,8c8c7528a4930d796395ed63055f0fecfd9c0004246fa0338bac4ce443239ba9
density,driven_dt1e-3,0.001,34,2026090801,2896288868200050318,train,experiments/short_chain_section4_2026-09-14/raw/direct_state_f64/driven_dt1e-3/stream_034.f64,29489c9c887e5273d681defba0e7cf93cdbcbcaf2012351051066b6a90cf8414
modes,driven_dt1e-3,0.001,34,2026090801,2896288868200050318,train,experiments/short_chain_section4_2026-09-14/raw/direct_state_f64/driven_dt1e-3/stream_034.f64,29489c9c887e5273d681defba0e7cf93cdbcbcaf2012351051066b6a90cf8414
density,driven_dt1e-3,0.001,35,2026090801,13543039044706943357,train,experiments/short_chain_section4_2026-09-14/raw/direct_state_f64/driven_dt1e-3/stream_035.f64,915413402348196186d67efbd8c3dfa2c4d7c932d7c7837273ef9c4fb6763bb8
modes,driven_dt1e-3,0.001,35,2026090801,13543039044706943357,test,experiments/short_chain_section4_2026-09-14/raw/direct_state_f64/driven_dt1e-3/stream_035.f64,915413402348196186d67efbd8c3dfa2c4d7c932d7c7837273ef9c4fb6763bb8
density,driven_dt1e-3,0.001,36,2026090801,5963605246055880505,train,experiments/short_chain_section4_2026-09-14/raw/direct_state_f64/driven_dt1e-3/stream_036.f64,32515e342fd1872d7b1b4ef3645c3880fdb25d35ea86384b88b7021d28faa718
modes,driven_dt1e-3,0.001,36,2026090801,5963605246055880505,test,experiments/short_chain_section4_2026-09-14/raw/direct_state_f64/driven_dt1e-3/stream_036.f64,32515e342fd1872d7b1b4ef3645c3880fdb25d35ea86384b88b7021d28faa718
density,driven_dt1e-3,0.001,37,2026090801,8202801102499553186,train,experiments/short_chain_section4_2026-09-14/raw/direct_state_f64/driven_dt1e-3/stream_037.f64,2be00c83cd04dabd96abe9bbeb92360f8aed693500c48c640bc6f776a1c5f52a
modes,driven_dt1e-3,0.001,37,2026090801,8202801102499553186,test,experiments/short_chain_section4_2026-09-14/raw/direct_state_f64/driven_dt1e-3/stream_037.f64,2be00c83cd04dabd96abe9bbeb92360f8aed693500c48c640bc6f776a1c5f52a
density,driven_dt1e-3,0.001,38,2026090801,12015099471891619293,train,experiments/short_chain_section4_2026-09-14/raw/direct_state_f64/driven_dt1e-3/stream_038.f64,7197b79c5bd94c5730cc0f1b2e5bfd7b180e82b1e14bc83adce81ca93dff7af4
modes,driven_dt1e-3,0.001,38,2026090801,12015099471891619293,test,experiments/short_chain_section4_2026-09-14/raw/direct_state_f64/driven_dt1e-3/stream_038.f64,7197b79c5bd94c5730cc0f1b2e5bfd7b180e82b1e14bc83adce81ca93dff7af4
density,driven_dt1e-3,0.001,39,2026090801,17898545608663357660,train,experiments/short_chain_section4_2026-09-14/raw/direct_state_f64/driven_dt1e-3/stream_039.f64,75f69bd7c0410559d7147c6983890cc090fe5fef708076c31192886e7415f84a
modes,driven_dt1e-3,0.001,39,2026090801,17898545608663357660,test,experiments/short_chain_section4_2026-09-14/raw/direct_state_f64/driven_dt1e-3/stream_039.f64,75f69bd7c0410559d7147c6983890cc090fe5fef708076c31192886e7415f84a
density,driven_dt1e-3,0.001,40,2026090801,1636860565463684657,test,experiments/short_chain_section4_2026-09-14/raw/direct_state_f64/driven_dt1e-3/stream_040.f64,2b5c54bc9a8d4ae3b3d9221102732a0a89d89c9da4713631f7c995a14dd04f66
modes,driven_dt1e-3,0.001,40,2026090801,1636860565463684657,validation,experiments/short_chain_section4_2026-09-14/raw/direct_state_f64/driven_dt1e-3/stream_040.f64,2b5c54bc9a8d4ae3b3d9221102732a0a89d89c9da4713631f7c995a14dd04f66
density,driven_dt1e-3,0.001,41,2026090801,16523073201604047234,validation,experiments/short_chain_section4_2026-09-14/raw/direct_state_f64/driven_dt1e-3/stream_041.f64,12fa12fa79afdec2e225d7a30144f71e6ea0d834f17ca9bbd33401b3af77d836
modes,driven_dt1e-3,0.001,41,2026090801,16523073201604047234,test,experiments/short_chain_section4_2026-09-14/raw/direct_state_f64/driven_dt1e-3/stream_041.f64,12fa12fa79afdec2e225d7a30144f71e6ea0d834f17ca9bbd33401b3af77d836
density,driven_dt1e-3,0.001,42,2026090801,10129098236202663839,train,experiments/short_chain_section4_2026-09-14/raw/direct_state_f64/driven_dt1e-3/stream_042.f64,beb99a9944fc2bf54c1d182fd575a314bc64f5158ff0d8e6f7fe7e972421d3fd
modes,driven_dt1e-3,0.001,42,2026090801,10129098236202663839,validation,experiments/short_chain_section4_2026-09-14/raw/direct_state_f64/driven_dt1e-3/stream_042.f64,beb99a9944fc2bf54c1d182fd575a314bc64f5158ff0d8e6f7fe7e972421d3fd
density,driven_dt1e-3,0.001,43,2026090801,1271024806420378038,train,experiments/short_chain_section4_2026-09-14/raw/direct_state_f64/driven_dt1e-3/stream_043.f64,a76cdd14442bb99b85a3ded2e6ae63db29461caade6f5e42d452a5f92b32ed4c
modes,driven_dt1e-3,0.001,43,2026090801,1271024806420378038,train,experiments/short_chain_section4_2026-09-14/raw/direct_state_f64/driven_dt1e-3/stream_043.f64,a76cdd14442bb99b85a3ded2e6ae63db29461caade6f5e42d452a5f92b32ed4c
density,driven_dt1e-3,0.001,44,2026090801,2180226422770298886,validation,experiments/short_chain_section4_2026-09-14/raw/direct_state_f64/driven_dt1e-3/stream_044.f64,77533f14c9e3ff16ca8c3c8f75547a65e340b92165384d0810e1872fce8b63b1
modes,driven_dt1e-3,0.001,44,2026090801,2180226422770298886,train,experiments/short_chain_section4_2026-09-14/raw/direct_state_f64/driven_dt1e-3/stream_044.f64,77533f14c9e3ff16ca8c3c8f75547a65e340b92165384d0810e1872fce8b63b1
density,driven_dt1e-3,0.001,45,2026090801,3649565695466640583,test,experiments/short_chain_section4_2026-09-14/raw/direct_state_f64/driven_dt1e-3/stream_045.f64,698b253883bcd011f82b30f3ae65f4a89d8f3b79a1b363a1fbfc13676f81dd61
modes,driven_dt1e-3,0.001,45,2026090801,3649565695466640583,test,experiments/short_chain_section4_2026-09-14/raw/direct_state_f64/driven_dt1e-3/stream_045.f64,698b253883bcd011f82b30f3ae65f4a89d8f3b79a1b363a1fbfc13676f81dd61
density,driven_dt1e-3,0.001,46,2026090801,2991602415819571342,train,experiments/short_chain_section4_2026-09-14/raw/direct_state_f64/driven_dt1e-3/stream_046.f64,d8e3f859908488436cf2f5663a9c2716bb46c29a16a6a5a9cc5f74ddd0bc4647
modes,driven_dt1e-3,0.001,46,2026090801,2991602415819571342,train,experiments/short_chain_section4_2026-09-14/raw/direct_state_f64/driven_dt1e-3/stream_046.f64,d8e3f859908488436cf2f5663a9c2716bb46c29a16a6a5a9cc5f74ddd0bc4647
density,driven_dt1e-3,0.001,47,2026090801,17491820060001215265,validation,experiments/short_chain_section4_2026-09-14/raw/direct_state_f64/driven_dt1e-3/stream_047.f64,007737163338cfdd6a96f785114ddb2a250d9d28d3b9358ac0f52a5083d3962f
modes,driven_dt1e-3,0.001,47,2026090801,17491820060001215265,validation,experiments/short_chain_section4_2026-09-14/raw/direct_state_f64/driven_dt1e-3/stream_047.f64,007737163338cfdd6a96f785114ddb2a250d9d28d3b9358ac0f52a5083d3962f
density,driven_dt1e-3,0.001,48,2026090801,4854629952968690567,test,experiments/short_chain_section4_2026-09-14/raw/direct_state_f64/driven_dt1e-3/stream_048.f64,32a6f9927e11f7ceb871657656a29f0f906dcd8b71576823db01fb9abc227cee
modes,driven_dt1e-3,0.001,48,2026090801,4854629952968690567,validation,experiments/short_chain_section4_2026-09-14/raw/direct_state_f64/driven_dt1e-3/stream_048.f64,32a6f9927e11f7ceb871657656a29f0f906dcd8b71576823db01fb9abc227cee
density,driven_dt1e-3,0.001,49,2026090801,10806390157643165081,validation,experiments/short_chain_section4_2026-09-14/raw/direct_state_f64/driven_dt1e-3/stream_049.f64,02fe937537cc366d9ab8171730ffcdd8a1ea0f0d57f20037098706e42ad72e9c
modes,driven_dt1e-3,0.001,49,2026090801,10806390157643165081,test,experiments/short_chain_section4_2026-09-14/raw/direct_state_f64/driven_dt1e-3/stream_049.f64,02fe937537cc366d9ab8171730ffcdd8a1ea0f0d57f20037098706e42ad72e9c
density,driven_dt1e-3,0.001,50,2026090801,17762787541016551585,train,experiments/short_chain_section4_2026-09-14/raw/direct_state_f64/driven_dt1e-3/stream_050.f64,eff760ad7bfed8085b11d1735664f2b2814b5c03dd7c780081056c62f5ee98d8
modes,driven_dt1e-3,0.001,50,2026090801,17762787541016551585,train,experiments/short_chain_section4_2026-09-14/raw/direct_state_f64/driven_dt1e-3/stream_050.f64,eff760ad7bfed8085b11d1735664f2b2814b5c03dd7c780081056c62f5ee98d8
density,driven_dt1e-3,0.001,51,2026090801,1267975318160025632,test,experiments/short_chain_section4_2026-09-14/raw/direct_state_f64/driven_dt1e-3/stream_051.f64,ae0e3626096f104d1dcb27d2f66a41f784fde27afd81f82dc60e24a273a41130
modes,driven_dt1e-3,0.001,51,2026090801,1267975318160025632,test,experiments/short_chain_section4_2026-09-14/raw/direct_state_f64/driven_dt1e-3/stream_051.f64,ae0e3626096f104d1dcb27d2f66a41f784fde27afd81f82dc60e24a273a41130
density,driven_dt1e-3,0.001,52,2026090801,10325004006355794423,train,experiments/short_chain_section4_2026-09-14/raw/direct_state_f64/driven_dt1e-3/stream_052.f64,20e5a1159aef7b1d4b29d579f05fb9a806747c9bb821f279724fa4e4088648f7
modes,driven_dt1e-3,0.001,52,2026090801,10325004006355794423,validation,experiments/short_chain_section4_2026-09-14/raw/direct_state_f64/driven_dt1e-3/stream_052.f64,20e5a1159aef7b1d4b29d579f05fb9a806747c9bb821f279724fa4e4088648f7
density,driven_dt1e-3,0.001,53,2026090801,14155553512285047514,train,experiments/short_chain_section4_2026-09-14/raw/direct_state_f64/driven_dt1e-3/stream_053.f64,904186feb8d6257c3bb7a22890034bd02fbf02e72220f82098d3677af22b77ee
modes,driven_dt1e-3,0.001,53,2026090801,14155553512285047514,test,experiments/short_chain_section4_2026-09-14/raw/direct_state_f64/driven_dt1e-3/stream_053.f64,904186feb8d6257c3bb7a22890034bd02fbf02e72220f82098d3677af22b77ee
density,driven_dt1e-3,0.001,54,2026090801,2628854725941060442,test,experiments/short_chain_section4_2026-09-14/raw/direct_state_f64/driven_dt1e-3/stream_054.f64,eca1a9a57867cafeff7076be0ae39a8f4e4771ae9884fc67935e659acf091724
modes,driven_dt1e-3,0.001,54,2026090801,2628854725941060442,validation,experiments/short_chain_section4_2026-09-14/raw/direct_state_f64/driven_dt1e-3/stream_054.f64,eca1a9a57867cafeff7076be0ae39a8f4e4771ae9884fc67935e659acf091724
density,driven_dt1e-3,0.001,55,2026090801,484421712509208990,validation,experiments/short_chain_section4_2026-09-14/raw/direct_state_f64/driven_dt1e-3/stream_055.f64,446e3221798fd7cf5ef5b99404990b068d8a8eda3775e240220dcf991d9d700d
modes,driven_dt1e-3,0.001,55,2026090801,484421712509208990,validation,experiments/short_chain_section4_2026-09-14/raw/direct_state_f64/driven_dt1e-3/stream_055.f64,446e3221798fd7cf5ef5b99404990b068d8a8eda3775e240220dcf991d9d700d
density,driven_dt1e-3,0.001,56,2026090801,12297561147665138265,validation,experiments/short_chain_section4_2026-09-14/raw/direct_state_f64/driven_dt1e-3/stream_056.f64,dcaa2757b0bba30c17a0881517f65fea0b931ecdfb589556f50bd6248530d552
modes,driven_dt1e-3,0.001,56,2026090801,12297561147665138265,validation,experiments/short_chain_section4_2026-09-14/raw/direct_state_f64/driven_dt1e-3/stream_056.f64,dcaa2757b0bba30c17a0881517f65fea0b931ecdfb589556f50bd6248530d552
density,driven_dt1e-3,0.001,57,2026090801,9749724687696924431,validation,experiments/short_chain_section4_2026-09-14/raw/direct_state_f64/driven_dt1e-3/stream_057.f64,d2e818d570a9c484e60181d70e8fab8fcec9a02eca05603f0975012e13ed9f70
modes,driven_dt1e-3,0.001,57,2026090801,9749724687696924431,train,experiments/short_chain_section4_2026-09-14/raw/direct_state_f64/driven_dt1e-3/stream_057.f64,d2e818d570a9c484e60181d70e8fab8fcec9a02eca05603f0975012e13ed9f70
density,driven_dt1e-3,0.001,58,2026090801,4682012092714199975,train,experiments/short_chain_section4_2026-09-14/raw/direct_state_f64/driven_dt1e-3/stream_058.f64,4643b8df5f67e16fd1652f7611a1e8745d0f2281d75d8ffa8fc43a9cdf04f457
modes,driven_dt1e-3,0.001,58,2026090801,4682012092714199975,train,experiments/short_chain_section4_2026-09-14/raw/direct_state_f64/driven_dt1e-3/stream_058.f64,4643b8df5f67e16fd1652f7611a1e8745d0f2281d75d8ffa8fc43a9cdf04f457
density,driven_dt1e-3,0.001,59,2026090801,8751481738823253836,test,experiments/short_chain_section4_2026-09-14/raw/direct_state_f64/driven_dt1e-3/stream_059.f64,89aa3814c8a104664c7c69f11f6d59c2d7be77e702a9a7efcbfc2a61fc57c5a3
modes,driven_dt1e-3,0.001,59,2026090801,8751481738823253836,validation,experiments/short_chain_section4_2026-09-14/raw/direct_state_f64/driven_dt1e-3/stream_059.f64,89aa3814c8a104664c7c69f11f6d59c2d7be77e702a9a7efcbfc2a61fc57c5a3
density,driven_dt1e-3,0.001,60,2026090801,3068228523222190978,train,experiments/short_chain_section4_2026-09-14/raw/direct_state_f64/driven_dt1e-3/stream_060.f64,dae24d9f4f0584dca34d8456f5837945e58419b04cbf97dd633d3670a1916471
modes,driven_dt1e-3,0.001,60,2026090801,3068228523222190978,train,experiments/short_chain_section4_2026-09-14/raw/direct_state_f64/driven_dt1e-3/stream_060.f64,dae24d9f4f0584dca34d8456f5837945e58419b04cbf97dd633d3670a1916471
density,driven_dt1e-3,0.001,61,2026090801,7617658087090390817,test,experiments/short_chain_section4_2026-09-14/raw/direct_state_f64/driven_dt1e-3/stream_061.f64,7883b396fa825a86c1d6004be8c588fbe2b3f1492c6b969dcfb860ad9a7db2ff
modes,driven_dt1e-3,0.001,61,2026090801,7617658087090390817,train,experiments/short_chain_section4_2026-09-14/raw/direct_state_f64/driven_dt1e-3/stream_061.f64,7883b396fa825a86c1d6004be8c588fbe2b3f1492c6b969dcfb860ad9a7db2ff
density,driven_dt1e-3,0.001,62,2026090801,13867907395929610152,validation,experiments/short_chain_section4_2026-09-14/raw/direct_state_f64/driven_dt1e-3/stream_062.f64,6da6b47cbe0b06744099c122c207a36d8966d1c5d3ff406bea094201831355e6
modes,driven_dt1e-3,0.001,62,2026090801,13867907395929610152,test,experiments/short_chain_section4_2026-09-14/raw/direct_state_f64/driven_dt1e-3/stream_062.f64,6da6b47cbe0b06744099c122c207a36d8966d1c5d3ff406bea094201831355e6
density,driven_dt1e-3,0.001,63,2026090801,10310002058431725594,train,experiments/short_chain_section4_2026-09-14/raw/direct_state_f64/driven_dt1e-3/stream_063.f64,de5d275592dfcc79ef2a76269a9c5d8a31347273c4a022b1dcc778dfd47c49bc
modes,driven_dt1e-3,0.001,63,2026090801,10310002058431725594,train,experiments/short_chain_section4_2026-09-14/raw/direct_state_f64/driven_dt1e-3/stream_063.f64,de5d275592dfcc79ef2a76269a9c5d8a31347273c4a022b1dcc778dfd47c49bc
density,driven_dt2p5e-4,0.00025,0,2026090802,16532643195971510750,validation,experiments/short_chain_section4_2026-09-14/raw/direct_state_f64/driven_dt2p5e-4/stream_000.f64,265d41bf34933e6628ea1234b3f870d3e1515c0b792ef6aa58fa10f7422bd210
modes,driven_dt2p5e-4,0.00025,0,2026090802,16532643195971510750,validation,experiments/short_chain_section4_2026-09-14/raw/direct_state_f64/driven_dt2p5e-4/stream_000.f64,265d41bf34933e6628ea1234b3f870d3e1515c0b792ef6aa58fa10f7422bd210
density,driven_dt2p5e-4,0.00025,1,2026090802,15408028045167154213,train,experiments/short_chain_section4_2026-09-14/raw/direct_state_f64/driven_dt2p5e-4/stream_001.f64,5e06731a818590e656b996fc586f49badcf7b2dd67b04306882ceb39f58be43c
modes,driven_dt2p5e-4,0.00025,1,2026090802,15408028045167154213,validation,experiments/short_chain_section4_2026-09-14/raw/direct_state_f64/driven_dt2p5e-4/stream_001.f64,5e06731a818590e656b996fc586f49badcf7b2dd67b04306882ceb39f58be43c
density,driven_dt2p5e-4,0.00025,2,2026090802,10936999978258508574,test,experiments/short_chain_section4_2026-09-14/raw/direct_state_f64/driven_dt2p5e-4/stream_002.f64,5ea68d9884bc534ec46e0299b75b8f8f3856abe5ad363e9e7c6bd0014b83e546
modes,driven_dt2p5e-4,0.00025,2,2026090802,10936999978258508574,validation,experiments/short_chain_section4_2026-09-14/raw/direct_state_f64/driven_dt2p5e-4/stream_002.f64,5ea68d9884bc534ec46e0299b75b8f8f3856abe5ad363e9e7c6bd0014b83e546
density,driven_dt2p5e-4,0.00025,3,2026090802,17949366916723353583,test,experiments/short_chain_section4_2026-09-14/raw/direct_state_f64/driven_dt2p5e-4/stream_003.f64,7754a39df7f4867314a016070ff8a70a4d8e4661664da788c169044ffaeb38b7
modes,driven_dt2p5e-4,0.00025,3,2026090802,17949366916723353583,train,experiments/short_chain_section4_2026-09-14/raw/direct_state_f64/driven_dt2p5e-4/stream_003.f64,7754a39df7f4867314a016070ff8a70a4d8e4661664da788c169044ffaeb38b7
density,driven_dt2p5e-4,0.00025,4,2026090802,6921633572180115830,train,experiments/short_chain_section4_2026-09-14/raw/direct_state_f64/driven_dt2p5e-4/stream_004.f64,9967a865a08d5c74eec73b6be57af78b8c2dbe6fbbb94516f5c9ba62f121e333
modes,driven_dt2p5e-4,0.00025,4,2026090802,6921633572180115830,train,experiments/short_chain_section4_2026-09-14/raw/direct_state_f64/driven_dt2p5e-4/stream_004.f64,9967a865a08d5c74eec73b6be57af78b8c2dbe6fbbb94516f5c9ba62f121e333
density,driven_dt2p5e-4,0.00025,5,2026090802,9169562121657365759,train,experiments/short_chain_section4_2026-09-14/raw/direct_state_f64/driven_dt2p5e-4/stream_005.f64,72609f1f1b25179b4345fbeb2675eeff7765d2ae69b757eb22cb20d487e99793
modes,driven_dt2p5e-4,0.00025,5,2026090802,9169562121657365759,test,experiments/short_chain_section4_2026-09-14/raw/direct_state_f64/driven_dt2p5e-4/stream_005.f64,72609f1f1b25179b4345fbeb2675eeff7765d2ae69b757eb22cb20d487e99793
density,driven_dt2p5e-4,0.00025,6,2026090802,6793712442088199788,train,experiments/short_chain_section4_2026-09-14/raw/direct_state_f64/driven_dt2p5e-4/stream_006.f64,7326afd42f852dce54953bebfc48e462210f97dcaa9efa1e44ce2473526d648f
modes,driven_dt2p5e-4,0.00025,6,2026090802,6793712442088199788,validation,experiments/short_chain_section4_2026-09-14/raw/direct_state_f64/driven_dt2p5e-4/stream_006.f64,7326afd42f852dce54953bebfc48e462210f97dcaa9efa1e44ce2473526d648f
density,driven_dt2p5e-4,0.00025,7,2026090802,17783247153144555486,train,experiments/short_chain_section4_2026-09-14/raw/direct_state_f64/driven_dt2p5e-4/stream_007.f64,c8417f80ce6ed27560e006c5331358131243095630a8086f96df8be46ae9f1a9
modes,driven_dt2p5e-4,0.00025,7,2026090802,17783247153144555486,train,experiments/short_chain_section4_2026-09-14/raw/direct_state_f64/driven_dt2p5e-4/stream_007.f64,c8417f80ce6ed27560e006c5331358131243095630a8086f96df8be46ae9f1a9
density,driven_dt2p5e-4,0.00025,8,2026090802,16040491822819578154,train,experiments/short_chain_section4_2026-09-14/raw/direct_state_f64/driven_dt2p5e-4/stream_008.f64,b0b0315636217d51dc439b6107fbb281a1428820752c34c65d34e7ff60c4df47
modes,driven_dt2p5e-4,0.00025,8,2026090802,16040491822819578154,train,experiments/short_chain_section4_2026-09-14/raw/direct_state_f64/driven_dt2p5e-4/stream_008.f64,b0b0315636217d51dc439b6107fbb281a1428820752c34c65d34e7ff60c4df47
density,driven_dt2p5e-4,0.00025,9,2026090802,7787975476570889064,validation,experiments/short_chain_section4_2026-09-14/raw/direct_state_f64/driven_dt2p5e-4/stream_009.f64,07fea9bb2b37764a8cec69df578dd10a7867dabcf8bc75dfb3f991e650db2c65
modes,driven_dt2p5e-4,0.00025,9,2026090802,7787975476570889064,validation,experiments/short_chain_section4_2026-09-14/raw/direct_state_f64/driven_dt2p5e-4/stream_009.f64,07fea9bb2b37764a8cec69df578dd10a7867dabcf8bc75dfb3f991e650db2c65
density,driven_dt2p5e-4,0.00025,10,2026090802,9944971047728970760,train,experiments/short_chain_section4_2026-09-14/raw/direct_state_f64/driven_dt2p5e-4/stream_010.f64,71fb98d669b0312868612366a02199329c749cd7ea176c0c6aeb2cdfdbc63625
modes,driven_dt2p5e-4,0.00025,10,2026090802,9944971047728970760,train,experiments/short_chain_section4_2026-09-14/raw/direct_state_f64/driven_dt2p5e-4/stream_010.f64,71fb98d669b0312868612366a02199329c749cd7ea176c0c6aeb2cdfdbc63625
density,driven_dt2p5e-4,0.00025,11,2026090802,14001390617292997069,test,experiments/short_chain_section4_2026-09-14/raw/direct_state_f64/driven_dt2p5e-4/stream_011.f64,567091628e147ab9f8aad1d8b72e48234d60c2c71ea5b83fefdcadfd97e103de
modes,driven_dt2p5e-4,0.00025,11,2026090802,14001390617292997069,train,experiments/short_chain_section4_2026-09-14/raw/direct_state_f64/driven_dt2p5e-4/stream_011.f64,567091628e147ab9f8aad1d8b72e48234d60c2c71ea5b83fefdcadfd97e103de
density,driven_dt2p5e-4,0.00025,12,2026090802,5883318766908081559,train,experiments/short_chain_section4_2026-09-14/raw/direct_state_f64/driven_dt2p5e-4/stream_012.f64,d937fa5678a4e20a7f6d099f25079c48b874374f9f5d4141f5683e5a3107beea
modes,driven_dt2p5e-4,0.00025,12,2026090802,5883318766908081559,test,experiments/short_chain_section4_2026-09-14/raw/direct_state_f64/driven_dt2p5e-4/stream_012.f64,d937fa5678a4e20a7f6d099f25079c48b874374f9f5d4141f5683e5a3107beea
density,driven_dt2p5e-4,0.00025,13,2026090802,11724555850684922900,test,experiments/short_chain_section4_2026-09-14/raw/direct_state_f64/driven_dt2p5e-4/stream_013.f64,857dc755014344aad3ff9520cd44186876d078508a2209421ca018fdb8992c82
modes,driven_dt2p5e-4,0.00025,13,2026090802,11724555850684922900,train,experiments/short_chain_section4_2026-09-14/raw/direct_state_f64/driven_dt2p5e-4/stream_013.f64,857dc755014344aad3ff9520cd44186876d078508a2209421ca018fdb8992c82
density,driven_dt2p5e-4,0.00025,14,2026090802,18396581408672274534,test,experiments/short_chain_section4_2026-09-14/raw/direct_state_f64/driven_dt2p5e-4/stream_014.f64,910bc798053347e4a62b796784e097f2906e9b6037b5b87ec29bb98bf98b87e5
modes,driven_dt2p5e-4,0.00025,14,2026090802,18396581408672274534,test,experiments/short_chain_section4_2026-09-14/raw/direct_state_f64/driven_dt2p5e-4/stream_014.f64,910bc798053347e4a62b796784e097f2906e9b6037b5b87ec29bb98bf98b87e5
density,driven_dt2p5e-4,0.00025,15,2026090802,15544506734971366801,train,experiments/short_chain_section4_2026-09-14/raw/direct_state_f64/driven_dt2p5e-4/stream_015.f64,398c90cd7024fec7abe6c07b71cf43e41d153e3f9f345b111ea5b23425073730
modes,driven_dt2p5e-4,0.00025,15,2026090802,15544506734971366801,train,experiments/short_chain_section4_2026-09-14/raw/direct_state_f64/driven_dt2p5e-4/stream_015.f64,398c90cd7024fec7abe6c07b71cf43e41d153e3f9f345b111ea5b23425073730
density,driven_dt2p5e-4,0.00025,16,2026090802,7894690837136664325,test,experiments/short_chain_section4_2026-09-14/raw/direct_state_f64/driven_dt2p5e-4/stream_016.f64,a877593815b81cb69564846ed09d45fd4520fb180f31bce1bcc80ff652912501
modes,driven_dt2p5e-4,0.00025,16,2026090802,7894690837136664325,train,experiments/short_chain_section4_2026-09-14/raw/direct_state_f64/driven_dt2p5e-4/stream_016.f64,a877593815b81cb69564846ed09d45fd4520fb180f31bce1bcc80ff652912501
density,driven_dt2p5e-4,0.00025,17,2026090802,6286530834156738406,validation,experiments/short_chain_section4_2026-09-14/raw/direct_state_f64/driven_dt2p5e-4/stream_017.f64,98eec9ab4111a464a6f5ee5443bbd5f3b2271e6875890ee25c8a4db962de17cd
modes,driven_dt2p5e-4,0.00025,17,2026090802,6286530834156738406,train,experiments/short_chain_section4_2026-09-14/raw/direct_state_f64/driven_dt2p5e-4/stream_017.f64,98eec9ab4111a464a6f5ee5443bbd5f3b2271e6875890ee25c8a4db962de17cd
density,driven_dt2p5e-4,0.00025,18,2026090802,9367388273034457336,validation,experiments/short_chain_section4_2026-09-14/raw/direct_state_f64/driven_dt2p5e-4/stream_018.f64,8b102a3aba930b08d822313735fc0a4ac99046f10b7a986402ffead330e69c0f
modes,driven_dt2p5e-4,0.00025,18,2026090802,9367388273034457336,train,experiments/short_chain_section4_2026-09-14/raw/direct_state_f64/driven_dt2p5e-4/stream_018.f64,8b102a3aba930b08d822313735fc0a4ac99046f10b7a986402ffead330e69c0f
density,driven_dt2p5e-4,0.00025,19,2026090802,10435743659998572706,train,experiments/short_chain_section4_2026-09-14/raw/direct_state_f64/driven_dt2p5e-4/stream_019.f64,90e55db58360bce0fd4362aca73afa3217c9950c242521e5964fe6087adc1f2f
modes,driven_dt2p5e-4,0.00025,19,2026090802,10435743659998572706,train,experiments/short_chain_section4_2026-09-14/raw/direct_state_f64/driven_dt2p5e-4/stream_019.f64,90e55db58360bce0fd4362aca73afa3217c9950c242521e5964fe6087adc1f2f
density,driven_dt2p5e-4,0.00025,20,2026090802,15136364904966560543,train,experiments/short_chain_section4_2026-09-14/raw/direct_state_f64/driven_dt2p5e-4/stream_020.f64,1bf116d1d7c7848573a07d15ae1499b5d8bc79afc953988b30873b8a724132a1
modes,driven_dt2p5e-4,0.00025,20,2026090802,15136364904966560543,train,experiments/short_chain_section4_2026-09-14/raw/direct_state_f64/driven_dt2p5e-4/stream_020.f64,1bf116d1d7c7848573a07d15ae1499b5d8bc79afc953988b30873b8a724132a1
density,driven_dt2p5e-4,0.00025,21,2026090802,8130038430220058111,validation,experiments/short_chain_section4_2026-09-14/raw/direct_state_f64/driven_dt2p5e-4/stream_021.f64,2e584898e7db294fae64d82258bac0e7b116d0c5846e010649098b073a6fa46f
modes,driven_dt2p5e-4,0.00025,21,2026090802,8130038430220058111,test,experiments/short_chain_section4_2026-09-14/raw/direct_state_f64/driven_dt2p5e-4/stream_021.f64,2e584898e7db294fae64d82258bac0e7b116d0c5846e010649098b073a6fa46f
density,driven_dt2p5e-4,0.00025,22,2026090802,1460284473387774482,test,experiments/short_chain_section4_2026-09-14/raw/direct_state_f64/driven_dt2p5e-4/stream_022.f64,7e387013d0e42ad025844dd84670a81c3b36831885f674d5f6bb781cea83ddb6
modes,driven_dt2p5e-4,0.00025,22,2026090802,1460284473387774482,train,experiments/short_chain_section4_2026-09-14/raw/direct_state_f64/driven_dt2p5e-4/stream_022.f64,7e387013d0e42ad025844dd84670a81c3b36831885f674d5f6bb781cea83ddb6
density,driven_dt2p5e-4,0.00025,23,2026090802,207356302124545480,train,experiments/short_chain_section4_2026-09-14/raw/direct_state_f64/driven_dt2p5e-4/stream_023.f64,5f4246ac245269bf15ec98db83fcbb39ecf3e9c6f8aff62bd0139b38c040f88c
modes,driven_dt2p5e-4,0.00025,23,2026090802,207356302124545480,validation,experiments/short_chain_section4_2026-09-14/raw/direct_state_f64/driven_dt2p5e-4/stream_023.f64,5f4246ac245269bf15ec98db83fcbb39ecf3e9c6f8aff62bd0139b38c040f88c
density,driven_dt2p5e-4,0.00025,24,2026090802,13217232466573653909,train,experiments/short_chain_section4_2026-09-14/raw/direct_state_f64/driven_dt2p5e-4/stream_024.f64,7528997b364a897c52955952c47d2898cac531232bac159b6bdd06036bfac362
modes,driven_dt2p5e-4,0.00025,24,2026090802,13217232466573653909,train,experiments/short_chain_section4_2026-09-14/raw/direct_state_f64/driven_dt2p5e-4/stream_024.f64,7528997b364a897c52955952c47d2898cac531232bac159b6bdd06036bfac362
density,driven_dt2p5e-4,0.00025,25,2026090802,9995874780997557960,train,experiments/short_chain_section4_2026-09-14/raw/direct_state_f64/driven_dt2p5e-4/stream_025.f64,65c1265467d5c41aa0be68f180d6e221a94971d9a1e27eda771a5e847481f02d
modes,driven_dt2p5e-4,0.00025,25,2026090802,9995874780997557960,train,experiments/short_chain_section4_2026-09-14/raw/direct_state_f64/driven_dt2p5e-4/stream_025.f64,65c1265467d5c41aa0be68f180d6e221a94971d9a1e27eda771a5e847481f02d
density,driven_dt2p5e-4,0.00025,26,2026090802,1040746330555951721,train,experiments/short_chain_section4_2026-09-14/raw/direct_state_f64/driven_dt2p5e-4/stream_026.f64,4c965ccee78b8047c29ab1610b898c22a48c0872d2becde0f154c32f944caead
modes,driven_dt2p5e-4,0.00025,26,2026090802,1040746330555951721,validation,experiments/short_chain_section4_2026-09-14/raw/direct_state_f64/driven_dt2p5e-4/stream_026.f64,4c965ccee78b8047c29ab1610b898c22a48c0872d2becde0f154c32f944caead
density,driven_dt2p5e-4,0.00025,27,2026090802,5219054146988589113,validation,experiments/short_chain_section4_2026-09-14/raw/direct_state_f64/driven_dt2p5e-4/stream_027.f64,fcff0df1cda3cc84286a17f3d36a96cecf03170a54c80c91f87bcfdf60d332f6
modes,driven_dt2p5e-4,0.00025,27,2026090802,5219054146988589113,test,experiments/short_chain_section4_2026-09-14/raw/direct_state_f64/driven_dt2p5e-4/stream_027.f64,fcff0df1cda3cc84286a17f3d36a96cecf03170a54c80c91f87bcfdf60d332f6
density,driven_dt2p5e-4,0.00025,28,2026090802,16900600248569311390,test,experiments/short_chain_section4_2026-09-14/raw/direct_state_f64/driven_dt2p5e-4/stream_028.f64,25da237065ff89f1914a4d21983897e48dd3fd64d26ecaba757d585c006d75cf
modes,driven_dt2p5e-4,0.00025,28,2026090802,16900600248569311390,validation,experiments/short_chain_section4_2026-09-14/raw/direct_state_f64/driven_dt2p5e-4/stream_028.f64,25da237065ff89f1914a4d21983897e48dd3fd64d26ecaba757d585c006d75cf
density,driven_dt2p5e-4,0.00025,29,2026090802,16015333321148417366,test,experiments/short_chain_section4_2026-09-14/raw/direct_state_f64/driven_dt2p5e-4/stream_029.f64,99cf92f2d60b73de3893882d7eef4c01b39efd324efae957c6251e8e453811f5
modes,driven_dt2p5e-4,0.00025,29,2026090802,16015333321148417366,train,experiments/short_chain_section4_2026-09-14/raw/direct_state_f64/driven_dt2p5e-4/stream_029.f64,99cf92f2d60b73de3893882d7eef4c01b39efd324efae957c6251e8e453811f5
density,driven_dt2p5e-4,0.00025,30,2026090802,15962811853615233981,train,experiments/short_chain_section4_2026-09-14/raw/direct_state_f64/driven_dt2p5e-4/stream_030.f64,457876bf1a9ba7d575f418ff8c992b50bcea4241aaefbd35e21db4dbdabfc6e0
modes,driven_dt2p5e-4,0.00025,30,2026090802,15962811853615233981,validation,experiments/short_chain_section4_2026-09-14/raw/direct_state_f64/driven_dt2p5e-4/stream_030.f64,457876bf1a9ba7d575f418ff8c992b50bcea4241aaefbd35e21db4dbdabfc6e0
density,driven_dt2p5e-4,0.00025,31,2026090802,866910816669820796,test,experiments/short_chain_section4_2026-09-14/raw/direct_state_f64/driven_dt2p5e-4/stream_031.f64,a9b5eba144f2a38df509bf7ee0b8cd1dc5328750c433dacebceb6fe5f4cb8b0a
modes,driven_dt2p5e-4,0.00025,31,2026090802,866910816669820796,validation,experiments/short_chain_section4_2026-09-14/raw/direct_state_f64/driven_dt2p5e-4/stream_031.f64,a9b5eba144f2a38df509bf7ee0b8cd1dc5328750c433dacebceb6fe5f4cb8b0a
density,driven_dt2p5e-4,0.00025,32,2026090802,16928434128687029822,train,experiments/short_chain_section4_2026-09-14/raw/direct_state_f64/driven_dt2p5e-4/stream_032.f64,08d76b8c154b6028f9dfcf086d671806c6fc8604d3c3f7ea38c35dc94cd36ee1
modes,driven_dt2p5e-4,0.00025,32,2026090802,16928434128687029822,validation,experiments/short_chain_section4_2026-09-14/raw/direct_state_f64/driven_dt2p5e-4/stream_032.f64,08d76b8c154b6028f9dfcf086d671806c6fc8604d3c3f7ea38c35dc94cd36ee1
density,driven_dt2p5e-4,0.00025,33,2026090802,848483385255016404,validation,experiments/short_chain_section4_2026-09-14/raw/direct_state_f64/driven_dt2p5e-4/stream_033.f64,248f6b68f7046b461c2846499105e36c0aaf3309ae9084320d4bc7ef84027b54
modes,driven_dt2p5e-4,0.00025,33,2026090802,848483385255016404,train,experiments/short_chain_section4_2026-09-14/raw/direct_state_f64/driven_dt2p5e-4/stream_033.f64,248f6b68f7046b461c2846499105e36c0aaf3309ae9084320d4bc7ef84027b54
density,driven_dt2p5e-4,0.00025,34,2026090802,11979197379612795257,validation,experiments/short_chain_section4_2026-09-14/raw/direct_state_f64/driven_dt2p5e-4/stream_034.f64,3c1ae27fc2f1507ae684aca1981efe87a6c88a42297179fde30435c64a80e7a8
modes,driven_dt2p5e-4,0.00025,34,2026090802,11979197379612795257,validation,experiments/short_chain_section4_2026-09-14/raw/direct_state_f64/driven_dt2p5e-4/stream_034.f64,3c1ae27fc2f1507ae684aca1981efe87a6c88a42297179fde30435c64a80e7a8
density,driven_dt2p5e-4,0.00025,35,2026090802,10235168284753237115,train,experiments/short_chain_section4_2026-09-14/raw/direct_state_f64/driven_dt2p5e-4/stream_035.f64,a792b0dc64d0b19372c164fd46de45a44a48ec824a9c8dfe0f03b3d38aa373be
modes,driven_dt2p5e-4,0.00025,35,2026090802,10235168284753237115,train,experiments/short_chain_section4_2026-09-14/raw/direct_state_f64/driven_dt2p5e-4/stream_035.f64,a792b0dc64d0b19372c164fd46de45a44a48ec824a9c8dfe0f03b3d38aa373be
density,driven_dt2p5e-4,0.00025,36,2026090802,15152658315032297514,validation,experiments/short_chain_section4_2026-09-14/raw/direct_state_f64/driven_dt2p5e-4/stream_036.f64,f305841d836f1f1c22820cfb4fc793da17bfc668a83dad05b5e7dada2a99ff66
modes,driven_dt2p5e-4,0.00025,36,2026090802,15152658315032297514,train,experiments/short_chain_section4_2026-09-14/raw/direct_state_f64/driven_dt2p5e-4/stream_036.f64,f305841d836f1f1c22820cfb4fc793da17bfc668a83dad05b5e7dada2a99ff66
density,driven_dt2p5e-4,0.00025,37,2026090802,8727832432229356192,train,experiments/short_chain_section4_2026-09-14/raw/direct_state_f64/driven_dt2p5e-4/stream_037.f64,0f18e3187b85ab6feb072280af260ec6d013041e24054acbc58105e85988ef35
modes,driven_dt2p5e-4,0.00025,37,2026090802,8727832432229356192,test,experiments/short_chain_section4_2026-09-14/raw/direct_state_f64/driven_dt2p5e-4/stream_037.f64,0f18e3187b85ab6feb072280af260ec6d013041e24054acbc58105e85988ef35
density,driven_dt2p5e-4,0.00025,38,2026090802,1146778115613572157,validation,experiments/short_chain_section4_2026-09-14/raw/direct_state_f64/driven_dt2p5e-4/stream_038.f64,a29664457148c3b94bc04cb403badacfab2dfd5d9daf9b2ebf37ec224fd5eda5
modes,driven_dt2p5e-4,0.00025,38,2026090802,1146778115613572157,validation,experiments/short_chain_section4_2026-09-14/raw/direct_state_f64/driven_dt2p5e-4/stream_038.f64,a29664457148c3b94bc04cb403badacfab2dfd5d9daf9b2ebf37ec224fd5eda5
density,driven_dt2p5e-4,0.00025,39,2026090802,7461109369332280788,train,experiments/short_chain_section4_2026-09-14/raw/direct_state_f64/driven_dt2p5e-4/stream_039.f64,f13c179b361af93dc1fa4b526d32dd1f4935ea63221ddaf704bd7c748e786c20
modes,driven_dt2p5e-4,0.00025,39,2026090802,7461109369332280788,test,experiments/short_chain_section4_2026-09-14/raw/direct_state_f64/driven_dt2p5e-4/stream_039.f64,f13c179b361af93dc1fa4b526d32dd1f4935ea63221ddaf704bd7c748e786c20
density,driven_dt2p5e-4,0.00025,40,2026090802,17982272189819660259,train,experiments/short_chain_section4_2026-09-14/raw/direct_state_f64/driven_dt2p5e-4/stream_040.f64,014c034183dcc33a2f01de649723bc099f6c4cb6cca271d969d02a19305038dd
modes,driven_dt2p5e-4,0.00025,40,2026090802,17982272189819660259,train,experiments/short_chain_section4_2026-09-14/raw/direct_state_f64/driven_dt2p5e-4/stream_040.f64,014c034183dcc33a2f01de649723bc099f6c4cb6cca271d969d02a19305038dd
density,driven_dt2p5e-4,0.00025,41,2026090802,17780030864770317482,train,experiments/short_chain_section4_2026-09-14/raw/direct_state_f64/driven_dt2p5e-4/stream_041.f64,393c61f8afb4cb475ee7c2f8155271fd3386f337d5bfc64482f20efabca2c849
modes,driven_dt2p5e-4,0.00025,41,2026090802,17780030864770317482,train,experiments/short_chain_section4_2026-09-14/raw/direct_state_f64/driven_dt2p5e-4/stream_041.f64,393c61f8afb4cb475ee7c2f8155271fd3386f337d5bfc64482f20efabca2c849
density,driven_dt2p5e-4,0.00025,42,2026090802,12027160456213801557,validation,experiments/short_chain_section4_2026-09-14/raw/direct_state_f64/driven_dt2p5e-4/stream_042.f64,e8e0a8b927a6c5ea78d3e0fecd53dab1b8fc6eaa7b495002207a5b34b9242fc3
modes,driven_dt2p5e-4,0.00025,42,2026090802,12027160456213801557,validation,experiments/short_chain_section4_2026-09-14/raw/direct_state_f64/driven_dt2p5e-4/stream_042.f64,e8e0a8b927a6c5ea78d3e0fecd53dab1b8fc6eaa7b495002207a5b34b9242fc3
density,driven_dt2p5e-4,0.00025,43,2026090802,1758446806358425689,validation,experiments/short_chain_section4_2026-09-14/raw/direct_state_f64/driven_dt2p5e-4/stream_043.f64,3beac0e55213c30aca81b460dc02b68a307defb56056216096dc172c4003a2bd
modes,driven_dt2p5e-4,0.00025,43,2026090802,1758446806358425689,train,experiments/short_chain_section4_2026-09-14/raw/direct_state_f64/driven_dt2p5e-4/stream_043.f64,3beac0e55213c30aca81b460dc02b68a307defb56056216096dc172c4003a2bd
density,driven_dt2p5e-4,0.00025,44,2026090802,7422246898591663386,train,experiments/short_chain_section4_2026-09-14/raw/direct_state_f64/driven_dt2p5e-4/stream_044.f64,5c0bea758a3be20435379d4f655fecbdb11059b1d41d089247b375c0101de5be
modes,driven_dt2p5e-4,0.00025,44,2026090802,7422246898591663386,test,experiments/short_chain_section4_2026-09-14/raw/direct_state_f64/driven_dt2p5e-4/stream_044.f64,5c0bea758a3be20435379d4f655fecbdb11059b1d41d089247b375c0101de5be
density,driven_dt2p5e-4,0.00025,45,2026090802,6563746104157865584,train,experiments/short_chain_section4_2026-09-14/raw/direct_state_f64/driven_dt2p5e-4/stream_045.f64,c34db62518484fbe4d4af3f6cd1f6f12bbfd75538314d97d93254c2d5b217442
modes,driven_dt2p5e-4,0.00025,45,2026090802,6563746104157865584,test,experiments/short_chain_section4_2026-09-14/raw/direct_state_f64/driven_dt2p5e-4/stream_045.f64,c34db62518484fbe4d4af3f6cd1f6f12bbfd75538314d97d93254c2d5b217442
density,driven_dt2p5e-4,0.00025,46,2026090802,14147912765846590002,test,experiments/short_chain_section4_2026-09-14/raw/direct_state_f64/driven_dt2p5e-4/stream_046.f64,3716a759db5a106ff7bf0c3f6a7cfd1877ee6d30472954456d4f589b1cf6d4e1
modes,driven_dt2p5e-4,0.00025,46,2026090802,14147912765846590002,train,experiments/short_chain_section4_2026-09-14/raw/direct_state_f64/driven_dt2p5e-4/stream_046.f64,3716a759db5a106ff7bf0c3f6a7cfd1877ee6d30472954456d4f589b1cf6d4e1
density,driven_dt2p5e-4,0.00025,47,2026090802,6600862613053722655,test,experiments/short_chain_section4_2026-09-14/raw/direct_state_f64/driven_dt2p5e-4/stream_047.f64,75b95924edae126fa48221f51eef71127fa55907302fe59f6715a4363f43e672
modes,driven_dt2p5e-4,0.00025,47,2026090802,6600862613053722655,test,experiments/short_chain_section4_2026-09-14/raw/direct_state_f64/driven_dt2p5e-4/stream_047.f64,75b95924edae126fa48221f51eef71127fa55907302fe59f6715a4363f43e672
density,driven_dt2p5e-4,0.00025,48,2026090802,980097446587228317,test,experiments/short_chain_section4_2026-09-14/raw/direct_state_f64/driven_dt2p5e-4/stream_048.f64,cd6d3e7aa909c14351b59d930ae367aaa719fd89877d52e1fc3451f32a70e1f7
modes,driven_dt2p5e-4,0.00025,48,2026090802,980097446587228317,train,experiments/short_chain_section4_2026-09-14/raw/direct_state_f64/driven_dt2p5e-4/stream_048.f64,cd6d3e7aa909c14351b59d930ae367aaa719fd89877d52e1fc3451f32a70e1f7
density,driven_dt2p5e-4,0.00025,49,2026090802,14579054340396219645,test,experiments/short_chain_section4_2026-09-14/raw/direct_state_f64/driven_dt2p5e-4/stream_049.f64,cce09a82c65585f78500490fac67a747c5e0e23547d41ae57b002d1bac235192
modes,driven_dt2p5e-4,0.00025,49,2026090802,14579054340396219645,train,experiments/short_chain_section4_2026-09-14/raw/direct_state_f64/driven_dt2p5e-4/stream_049.f64,cce09a82c65585f78500490fac67a747c5e0e23547d41ae57b002d1bac235192
density,driven_dt2p5e-4,0.00025,50,2026090802,14098210989481570955,test,experiments/short_chain_section4_2026-09-14/raw/direct_state_f64/driven_dt2p5e-4/stream_050.f64,d8a5c187bc8e89cade01fca4a7fbba9c58d86d6e2913f75e1bde36002c157f17
modes,driven_dt2p5e-4,0.00025,50,2026090802,14098210989481570955,train,experiments/short_chain_section4_2026-09-14/raw/direct_state_f64/driven_dt2p5e-4/stream_050.f64,d8a5c187bc8e89cade01fca4a7fbba9c58d86d6e2913f75e1bde36002c157f17
density,driven_dt2p5e-4,0.00025,51,2026090802,2841358851801934797,train,experiments/short_chain_section4_2026-09-14/raw/direct_state_f64/driven_dt2p5e-4/stream_051.f64,69c9cb6206d68273ee2b0c33399e96dd8ffe687c6e197b4b6f321ce76e0ed949
modes,driven_dt2p5e-4,0.00025,51,2026090802,2841358851801934797,test,experiments/short_chain_section4_2026-09-14/raw/direct_state_f64/driven_dt2p5e-4/stream_051.f64,69c9cb6206d68273ee2b0c33399e96dd8ffe687c6e197b4b6f321ce76e0ed949
density,driven_dt2p5e-4,0.00025,52,2026090802,14665066623181430266,train,experiments/short_chain_section4_2026-09-14/raw/direct_state_f64/driven_dt2p5e-4/stream_052.f64,95ea583b6944495dc977e4897f52fc318ca6e497e8b564ec145f4c6641b0ba2a
modes,driven_dt2p5e-4,0.00025,52,2026090802,14665066623181430266,test,experiments/short_chain_section4_2026-09-14/raw/direct_state_f64/driven_dt2p5e-4/stream_052.f64,95ea583b6944495dc977e4897f52fc318ca6e497e8b564ec145f4c6641b0ba2a
density,driven_dt2p5e-4,0.00025,53,2026090802,11312020363034516590,test,experiments/short_chain_section4_2026-09-14/raw/direct_state_f64/driven_dt2p5e-4/stream_053.f64,0f55c389f8b218621be69bad1359f603256adfb80cbe5c79f374e7c3f0768b95
modes,driven_dt2p5e-4,0.00025,53,2026090802,11312020363034516590,validation,experiments/short_chain_section4_2026-09-14/raw/direct_state_f64/driven_dt2p5e-4/stream_053.f64,0f55c389f8b218621be69bad1359f603256adfb80cbe5c79f374e7c3f0768b95
density,driven_dt2p5e-4,0.00025,54,2026090802,17996554689376140565,train,experiments/short_chain_section4_2026-09-14/raw/direct_state_f64/driven_dt2p5e-4/stream_054.f64,15afc815051301751ebf7e7b275dd54842d11e12abb84f5278fc856238418637
modes,driven_dt2p5e-4,0.00025,54,2026090802,17996554689376140565,test,experiments/short_chain_section4_2026-09-14/raw/direct_state_f64/driven_dt2p5e-4/stream_054.f64,15afc815051301751ebf7e7b275dd54842d11e12abb84f5278fc856238418637
density,driven_dt2p5e-4,0.00025,55,2026090802,14334176001840925896,train,experiments/short_chain_section4_2026-09-14/raw/direct_state_f64/driven_dt2p5e-4/stream_055.f64,8e7590fc8a4ba864589d8cfbffb9e1ea4e788e969247a077de1b26fdce5e5524
modes,driven_dt2p5e-4,0.00025,55,2026090802,14334176001840925896,validation,experiments/short_chain_section4_2026-09-14/raw/direct_state_f64/driven_dt2p5e-4/stream_055.f64,8e7590fc8a4ba864589d8cfbffb9e1ea4e788e969247a077de1b26fdce5e5524
density,driven_dt2p5e-4,0.00025,56,2026090802,189588296670382296,validation,experiments/short_chain_section4_2026-09-14/raw/direct_state_f64/driven_dt2p5e-4/stream_056.f64,10122b9d425c92aab532315e4b683e47d06c0576f67239ad0f9ca041f3a0fbb5
modes,driven_dt2p5e-4,0.00025,56,2026090802,189588296670382296,train,experiments/short_chain_section4_2026-09-14/raw/direct_state_f64/driven_dt2p5e-4/stream_056.f64,10122b9d425c92aab532315e4b683e47d06c0576f67239ad0f9ca041f3a0fbb5
density,driven_dt2p5e-4,0.00025,57,2026090802,16255377098035265470,train,experiments/short_chain_section4_2026-09-14/raw/direct_state_f64/driven_dt2p5e-4/stream_057.f64,3c24cbfd2fd107c641b093bd62da1539d9d60a05bdb9fc1e2194bfd3455c0bd2
modes,driven_dt2p5e-4,0.00025,57,2026090802,16255377098035265470,test,experiments/short_chain_section4_2026-09-14/raw/direct_state_f64/driven_dt2p5e-4/stream_057.f64,3c24cbfd2fd107c641b093bd62da1539d9d60a05bdb9fc1e2194bfd3455c0bd2
density,driven_dt2p5e-4,0.00025,58,2026090802,14425485138438429138,train,experiments/short_chain_section4_2026-09-14/raw/direct_state_f64/driven_dt2p5e-4/stream_058.f64,cc0901e764c027bebc70b97ac7169066e0efa69e4eff9c4b4eb1715ea02b44a0
modes,driven_dt2p5e-4,0.00025,58,2026090802,14425485138438429138,test,experiments/short_chain_section4_2026-09-14/raw/direct_state_f64/driven_dt2p5e-4/stream_058.f64,cc0901e764c027bebc70b97ac7169066e0efa69e4eff9c4b4eb1715ea02b44a0
density,driven_dt2p5e-4,0.00025,59,2026090802,8960136988843143400,validation,experiments/short_chain_section4_2026-09-14/raw/direct_state_f64/driven_dt2p5e-4/stream_059.f64,ec2934160fbff0d9857c17ac44c63ee196aac0190889e0a81419bce91460399a
modes,driven_dt2p5e-4,0.00025,59,2026090802,8960136988843143400,train,experiments/short_chain_section4_2026-09-14/raw/direct_state_f64/driven_dt2p5e-4/stream_059.f64,ec2934160fbff0d9857c17ac44c63ee196aac0190889e0a81419bce91460399a
density,driven_dt2p5e-4,0.00025,60,2026090802,2799094954628538629,validation,experiments/short_chain_section4_2026-09-14/raw/direct_state_f64/driven_dt2p5e-4/stream_060.f64,0801c47a0e59e3765952bc075cc5d49b3f04ddb5abbcbb397dd6438029336866
modes,driven_dt2p5e-4,0.00025,60,2026090802,2799094954628538629,test,experiments/short_chain_section4_2026-09-14/raw/direct_state_f64/driven_dt2p5e-4/stream_060.f64,0801c47a0e59e3765952bc075cc5d49b3f04ddb5abbcbb397dd6438029336866
density,driven_dt2p5e-4,0.00025,61,2026090802,4482843662912853951,validation,experiments/short_chain_section4_2026-09-14/raw/direct_state_f64/driven_dt2p5e-4/stream_061.f64,05c08bcc3c3957cde8188002d7bcb32f3bc414d8d90173ac18d73062172c44ea
modes,driven_dt2p5e-4,0.00025,61,2026090802,4482843662912853951,train,experiments/short_chain_section4_2026-09-14/raw/direct_state_f64/driven_dt2p5e-4/stream_061.f64,05c08bcc3c3957cde8188002d7bcb32f3bc414d8d90173ac18d73062172c44ea
density,driven_dt2p5e-4,0.00025,62,2026090802,12191850241733996671,train,experiments/short_chain_section4_2026-09-14/raw/direct_state_f64/driven_dt2p5e-4/stream_062.f64,ead55c05c6bbfe630a0ea8ac29a5990aae69ea2b9054b19780020c8195f3c35d
modes,driven_dt2p5e-4,0.00025,62,2026090802,12191850241733996671,train,experiments/short_chain_section4_2026-09-14/raw/direct_state_f64/driven_dt2p5e-4/stream_062.f64,ead55c05c6bbfe630a0ea8ac29a5990aae69ea2b9054b19780020c8195f3c35d
density,driven_dt2p5e-4,0.00025,63,2026090802,5328161044870345791,train,experiments/short_chain_section4_2026-09-14/raw/direct_state_f64/driven_dt2p5e-4/stream_063.f64,08599ee2f2fa0c219e0bf21b895e5c93dd4f24cc7bea4ec7686d28b6b386b74a
modes,driven_dt2p5e-4,0.00025,63,2026090802,5328161044870345791,train,experiments/short_chain_section4_2026-09-14/raw/direct_state_f64/driven_dt2p5e-4/stream_063.f64,08599ee2f2fa0c219e0bf21b895e5c93dd4f24cc7bea4ec7686d28b6b386b74a
density,equilibrium_dt1e-3,0.001,0,2026090803,15330819122412841508,train,experiments/short_chain_section4_2026-09-14/raw/direct_state_f64/equilibrium_dt1e-3/stream_000.f64,1e5f87f12d805b3a9851fd12745e36ade439680aa5e903b29c294fb027f2ecfe
modes,equilibrium_dt1e-3,0.001,0,2026090803,15330819122412841508,validation,experiments/short_chain_section4_2026-09-14/raw/direct_state_f64/equilibrium_dt1e-3/stream_000.f64,1e5f87f12d805b3a9851fd12745e36ade439680aa5e903b29c294fb027f2ecfe
density,equilibrium_dt1e-3,0.001,1,2026090803,16459476071631420164,validation,experiments/short_chain_section4_2026-09-14/raw/direct_state_f64/equilibrium_dt1e-3/stream_001.f64,9c6fcb07f14cca19eec232ad0c392abe009d64d9d15036f3402a5513c0813fbf
modes,equilibrium_dt1e-3,0.001,1,2026090803,16459476071631420164,validation,experiments/short_chain_section4_2026-09-14/raw/direct_state_f64/equilibrium_dt1e-3/stream_001.f64,9c6fcb07f14cca19eec232ad0c392abe009d64d9d15036f3402a5513c0813fbf
density,equilibrium_dt1e-3,0.001,2,2026090803,3993461768071216102,train,experiments/short_chain_section4_2026-09-14/raw/direct_state_f64/equilibrium_dt1e-3/stream_002.f64,8bbe865cd59eca8021126d3bec44c6387e4153fa33f528b2a6f6441686b24b93
modes,equilibrium_dt1e-3,0.001,2,2026090803,3993461768071216102,test,experiments/short_chain_section4_2026-09-14/raw/direct_state_f64/equilibrium_dt1e-3/stream_002.f64,8bbe865cd59eca8021126d3bec44c6387e4153fa33f528b2a6f6441686b24b93
density,equilibrium_dt1e-3,0.001,3,2026090803,14242944143011076558,train,experiments/short_chain_section4_2026-09-14/raw/direct_state_f64/equilibrium_dt1e-3/stream_003.f64,63a09312f4df6f301c86605537d019c124132f0a18aded89a1102c93020fe51f
modes,equilibrium_dt1e-3,0.001,3,2026090803,14242944143011076558,test,experiments/short_chain_section4_2026-09-14/raw/direct_state_f64/equilibrium_dt1e-3/stream_003.f64,63a09312f4df6f301c86605537d019c124132f0a18aded89a1102c93020fe51f
density,equilibrium_dt1e-3,0.001,4,2026090803,13649799870973111113,train,experiments/short_chain_section4_2026-09-14/raw/direct_state_f64/equilibrium_dt1e-3/stream_004.f64,961adf3394b6635e45634f094207c06b7864d0405148fe1615231c6980267a12
modes,equilibrium_dt1e-3,0.001,4,2026090803,13649799870973111113,validation,experiments/short_chain_section4_2026-09-14/raw/direct_state_f64/equilibrium_dt1e-3/stream_004.f64,961adf3394b6635e45634f094207c06b7864d0405148fe1615231c6980267a12
density,equilibrium_dt1e-3,0.001,5,2026090803,16620755039322398138,validation,experiments/short_chain_section4_2026-09-14/raw/direct_state_f64/equilibrium_dt1e-3/stream_005.f64,ce3e7d38d99ddcd3298cbf1907afbed2481b5d5dd95ba0dcfdf79309bb5882e5
modes,equilibrium_dt1e-3,0.001,5,2026090803,16620755039322398138,train,experiments/short_chain_section4_2026-09-14/raw/direct_state_f64/equilibrium_dt1e-3/stream_005.f64,ce3e7d38d99ddcd3298cbf1907afbed2481b5d5dd95ba0dcfdf79309bb5882e5
density,equilibrium_dt1e-3,0.001,6,2026090803,11841107264677025965,validation,experiments/short_chain_section4_2026-09-14/raw/direct_state_f64/equilibrium_dt1e-3/stream_006.f64,cff40fbe3a7a9faf1dbcd42c72f49e0cdbe74a2bd9697de9d5c5608a5fe75417
modes,equilibrium_dt1e-3,0.001,6,2026090803,11841107264677025965,validation,experiments/short_chain_section4_2026-09-14/raw/direct_state_f64/equilibrium_dt1e-3/stream_006.f64,cff40fbe3a7a9faf1dbcd42c72f49e0cdbe74a2bd9697de9d5c5608a5fe75417
density,equilibrium_dt1e-3,0.001,7,2026090803,5994806969369702344,validation,experiments/short_chain_section4_2026-09-14/raw/direct_state_f64/equilibrium_dt1e-3/stream_007.f64,fe507172ed6eb2cf85a30bc9e5aad7429b5eda35ae9c57d8cbcadba2f3c4b0b8
modes,equilibrium_dt1e-3,0.001,7,2026090803,5994806969369702344,train,experiments/short_chain_section4_2026-09-14/raw/direct_state_f64/equilibrium_dt1e-3/stream_007.f64,fe507172ed6eb2cf85a30bc9e5aad7429b5eda35ae9c57d8cbcadba2f3c4b0b8
density,equilibrium_dt1e-3,0.001,8,2026090803,978414224396394217,train,experiments/short_chain_section4_2026-09-14/raw/direct_state_f64/equilibrium_dt1e-3/stream_008.f64,30a8e7c88bd4403806e1969874592325c34e1340a828bfb4e2d7250376b7730c
modes,equilibrium_dt1e-3,0.001,8,2026090803,978414224396394217,train,experiments/short_chain_section4_2026-09-14/raw/direct_state_f64/equilibrium_dt1e-3/stream_008.f64,30a8e7c88bd4403806e1969874592325c34e1340a828bfb4e2d7250376b7730c
density,equilibrium_dt1e-3,0.001,9,2026090803,11401975111670966467,validation,experiments/short_chain_section4_2026-09-14/raw/direct_state_f64/equilibrium_dt1e-3/stream_009.f64,c34d646c1c7f4ec8d91bd51dfa9713fdc3975e2b8a7fc81853cad06d5165e68f
modes,equilibrium_dt1e-3,0.001,9,2026090803,11401975111670966467,train,experiments/short_chain_section4_2026-09-14/raw/direct_state_f64/equilibrium_dt1e-3/stream_009.f64,c34d646c1c7f4ec8d91bd51dfa9713fdc3975e2b8a7fc81853cad06d5165e68f
density,equilibrium_dt1e-3,0.001,10,2026090803,13165359773339251309,validation,experiments/short_chain_section4_2026-09-14/raw/direct_state_f64/equilibrium_dt1e-3/stream_010.f64,4192a4c9e309cf6ebe9e370bda311e26290284d8f3302f0040aa86da6f6b6a57
modes,equilibrium_dt1e-3,0.001,10,2026090803,13165359773339251309,train,experiments/short_chain_section4_2026-09-14/raw/direct_state_f64/equilibrium_dt1e-3/stream_010.f64,4192a4c9e309cf6ebe9e370bda311e26290284d8f3302f0040aa86da6f6b6a57
density,equilibrium_dt1e-3,0.001,11,2026090803,17558021612777999693,test,experiments/short_chain_section4_2026-09-14/raw/direct_state_f64/equilibrium_dt1e-3/stream_011.f64,efaf6fbca297d668b8ac0e13279387ad8c8ce71a0e6d6c780d1962ee3f403c3a
modes,equilibrium_dt1e-3,0.001,11,2026090803,17558021612777999693,train,experiments/short_chain_section4_2026-09-14/raw/direct_state_f64/equilibrium_dt1e-3/stream_011.f64,efaf6fbca297d668b8ac0e13279387ad8c8ce71a0e6d6c780d1962ee3f403c3a
density,equilibrium_dt1e-3,0.001,12,2026090803,10782611008405862045,train,experiments/short_chain_section4_2026-09-14/raw/direct_state_f64/equilibrium_dt1e-3/stream_012.f64,a5cfb585eb28480ff2011ab51b7d9ba17c3fdd5149f599f33801ec0f46178ac5
modes,equilibrium_dt1e-3,0.001,12,2026090803,10782611008405862045,test,experiments/short_chain_section4_2026-09-14/raw/direct_state_f64/equilibrium_dt1e-3/stream_012.f64,a5cfb585eb28480ff2011ab51b7d9ba17c3fdd5149f599f33801ec0f46178ac5
density,equilibrium_dt1e-3,0.001,13,2026090803,14136790237321844139,validation,experiments/short_chain_section4_2026-09-14/raw/direct_state_f64/equilibrium_dt1e-3/stream_013.f64,d2e9c0b804df069768563dc61e4bed1a84a82bdc4c56172b9e3d207770a04734
modes,equilibrium_dt1e-3,0.001,13,2026090803,14136790237321844139,validation,experiments/short_chain_section4_2026-09-14/raw/direct_state_f64/equilibrium_dt1e-3/stream_013.f64,d2e9c0b804df069768563dc61e4bed1a84a82bdc4c56172b9e3d207770a04734
density,equilibrium_dt1e-3,0.001,14,2026090803,15508476303375016626,validation,experiments/short_chain_section4_2026-09-14/raw/direct_state_f64/equilibrium_dt1e-3/stream_014.f64,548f170482ce5e102e0ae0e8e493f752b090b0bc1e80c32e9e9e57bd5870a02a
modes,equilibrium_dt1e-3,0.001,14,2026090803,15508476303375016626,validation,experiments/short_chain_section4_2026-09-14/raw/direct_state_f64/equilibrium_dt1e-3/stream_014.f64,548f170482ce5e102e0ae0e8e493f752b090b0bc1e80c32e9e9e57bd5870a02a
density,equilibrium_dt1e-3,0.001,15,2026090803,13571974969405538133,train,experiments/short_chain_section4_2026-09-14/raw/direct_state_f64/equilibrium_dt1e-3/stream_015.f64,9443fd7c9419a77a37efb0241d9cb65e8a8e40b0fb7bde815057972e8840f322
modes,equilibrium_dt1e-3,0.001,15,2026090803,13571974969405538133,train,experiments/short_chain_section4_2026-09-14/raw/direct_state_f64/equilibrium_dt1e-3/stream_015.f64,9443fd7c9419a77a37efb0241d9cb65e8a8e40b0fb7bde815057972e8840f322
density,equilibrium_dt1e-3,0.001,16,2026090803,7096864733066299362,train,experiments/short_chain_section4_2026-09-14/raw/direct_state_f64/equilibrium_dt1e-3/stream_016.f64,8523cc56b31c87b4ea0246c0b70da6fd2cd4817f321741e9bef83a7fe9d2862f
modes,equilibrium_dt1e-3,0.001,16,2026090803,7096864733066299362,validation,experiments/short_chain_section4_2026-09-14/raw/direct_state_f64/equilibrium_dt1e-3/stream_016.f64,8523cc56b31c87b4ea0246c0b70da6fd2cd4817f321741e9bef83a7fe9d2862f
density,equilibrium_dt1e-3,0.001,17,2026090803,3468398688691879143,train,experiments/short_chain_section4_2026-09-14/raw/direct_state_f64/equilibrium_dt1e-3/stream_017.f64,ded70ff84214ae7092cad819d2a224ce425fb61eaaaa949230532b75ccd5ae11
modes,equilibrium_dt1e-3,0.001,17,2026090803,3468398688691879143,train,experiments/short_chain_section4_2026-09-14/raw/direct_state_f64/equilibrium_dt1e-3/stream_017.f64,ded70ff84214ae7092cad819d2a224ce425fb61eaaaa949230532b75ccd5ae11
density,equilibrium_dt1e-3,0.001,18,2026090803,7113587313539441394,train,experiments/short_chain_section4_2026-09-14/raw/direct_state_f64/equilibrium_dt1e-3/stream_018.f64,7cd5b8ca51f804333e5a9d48345596cf9f8b4b8cdb083721d871c40e746dbbcd
modes,equilibrium_dt1e-3,0.001,18,2026090803,7113587313539441394,train,experiments/short_chain_section4_2026-09-14/raw/direct_state_f64/equilibrium_dt1e-3/stream_018.f64,7cd5b8ca51f804333e5a9d48345596cf9f8b4b8cdb083721d871c40e746dbbcd
density,equilibrium_dt1e-3,0.001,19,2026090803,13476406822554429447,test,experiments/short_chain_section4_2026-09-14/raw/direct_state_f64/equilibrium_dt1e-3/stream_019.f64,7816be0f48718f2da2f9cf36dfc7119163d413c0a392c411f8612522d97cd6f3
modes,equilibrium_dt1e-3,0.001,19,2026090803,13476406822554429447,test,experiments/short_chain_section4_2026-09-14/raw/direct_state_f64/equilibrium_dt1e-3/stream_019.f64,7816be0f48718f2da2f9cf36dfc7119163d413c0a392c411f8612522d97cd6f3
density,equilibrium_dt1e-3,0.001,20,2026090803,13051554603742108970,train,experiments/short_chain_section4_2026-09-14/raw/direct_state_f64/equilibrium_dt1e-3/stream_020.f64,28b6b98c66861b81d5fa01d63aa4e9982b720c80a43199774adc8663845feb94
modes,equilibrium_dt1e-3,0.001,20,2026090803,13051554603742108970,validation,experiments/short_chain_section4_2026-09-14/raw/direct_state_f64/equilibrium_dt1e-3/stream_020.f64,28b6b98c66861b81d5fa01d63aa4e9982b720c80a43199774adc8663845feb94
density,equilibrium_dt1e-3,0.001,21,2026090803,631622503027956498,train,experiments/short_chain_section4_2026-09-14/raw/direct_state_f64/equilibrium_dt1e-3/stream_021.f64,06a6054e6a47d7b9631e5c2a687596b5b672796c488d7bfee500db4477b5048d
modes,equilibrium_dt1e-3,0.001,21,2026090803,631622503027956498,validation,experiments/short_chain_section4_2026-09-14/raw/direct_state_f64/equilibrium_dt1e-3/stream_021.f64,06a6054e6a47d7b9631e5c2a687596b5b672796c488d7bfee500db4477b5048d
density,equilibrium_dt1e-3,0.001,22,2026090803,1928475531554857150,test,experiments/short_chain_section4_2026-09-14/raw/direct_state_f64/equilibrium_dt1e-3/stream_022.f64,34dbbd7820160fe9b75be4e39cf9085411019615c5b05ebe6607b285057beb1e
modes,equilibrium_dt1e-3,0.001,22,2026090803,1928475531554857150,train,experiments/short_chain_section4_2026-09-14/raw/direct_state_f64/equilibrium_dt1e-3/stream_022.f64,34dbbd7820160fe9b75be4e39cf9085411019615c5b05ebe6607b285057beb1e
density,equilibrium_dt1e-3,0.001,23,2026090803,17858268671983122094,validation,experiments/short_chain_section4_2026-09-14/raw/direct_state_f64/equilibrium_dt1e-3/stream_023.f64,4e453907670ac20f9fa777c0b8656978e17a09877aa53571f6ddabeeda61c366
modes,equilibrium_dt1e-3,0.001,23,2026090803,17858268671983122094,test,experiments/short_chain_section4_2026-09-14/raw/direct_state_f64/equilibrium_dt1e-3/stream_023.f64,4e453907670ac20f9fa777c0b8656978e17a09877aa53571f6ddabeeda61c366
density,equilibrium_dt1e-3,0.001,24,2026090803,4795754770739344523,train,experiments/short_chain_section4_2026-09-14/raw/direct_state_f64/equilibrium_dt1e-3/stream_024.f64,e6644d7b9594ccc777cb8f815bd4ab86308c6aedc167003452f4767d68452e01
modes,equilibrium_dt1e-3,0.001,24,2026090803,4795754770739344523,train,experiments/short_chain_section4_2026-09-14/raw/direct_state_f64/equilibrium_dt1e-3/stream_024.f64,e6644d7b9594ccc777cb8f815bd4ab86308c6aedc167003452f4767d68452e01
density,equilibrium_dt1e-3,0.001,25,2026090803,15946156340813051795,test,experiments/short_chain_section4_2026-09-14/raw/direct_state_f64/equilibrium_dt1e-3/stream_025.f64,a94ee72e10efdeb68b1993f48dc07622cf9aae74d12be187eb7954f4907182fe
modes,equilibrium_dt1e-3,0.001,25,2026090803,15946156340813051795,train,experiments/short_chain_section4_2026-09-14/raw/direct_state_f64/equilibrium_dt1e-3/stream_025.f64,a94ee72e10efdeb68b1993f48dc07622cf9aae74d12be187eb7954f4907182fe
density,equilibrium_dt1e-3,0.001,26,2026090803,5867376484399100932,test,experiments/short_chain_section4_2026-09-14/raw/direct_state_f64/equilibrium_dt1e-3/stream_026.f64,09afeb7e04df842c7d2a38eeb7ea57611f9ead326a718aa69a676ed5c95ecad9
modes,equilibrium_dt1e-3,0.001,26,2026090803,5867376484399100932,validation,experiments/short_chain_section4_2026-09-14/raw/direct_state_f64/equilibrium_dt1e-3/stream_026.f64,09afeb7e04df842c7d2a38eeb7ea57611f9ead326a718aa69a676ed5c95ecad9
density,equilibrium_dt1e-3,0.001,27,2026090803,5355796347639055371,test,experiments/short_chain_section4_2026-09-14/raw/direct_state_f64/equilibrium_dt1e-3/stream_027.f64,54d2fb41cc37313f3b7df24d44a592fd7ea0b03144287526b0a68a66ec80f5fa
modes,equilibrium_dt1e-3,0.001,27,2026090803,5355796347639055371,train,experiments/short_chain_section4_2026-09-14/raw/direct_state_f64/equilibrium_dt1e-3/stream_027.f64,54d2fb41cc37313f3b7df24d44a592fd7ea0b03144287526b0a68a66ec80f5fa
density,equilibrium_dt1e-3,0.001,28,2026090803,3700552723781048493,validation,experiments/short_chain_section4_2026-09-14/raw/direct_state_f64/equilibrium_dt1e-3/stream_028.f64,d1c0684ba4f5c665e4f55ece198a59528d21b237f653c307442bb5d07d02e188
modes,equilibrium_dt1e-3,0.001,28,2026090803,3700552723781048493,train,experiments/short_chain_section4_2026-09-14/raw/direct_state_f64/equilibrium_dt1e-3/stream_028.f64,d1c0684ba4f5c665e4f55ece198a59528d21b237f653c307442bb5d07d02e188
density,equilibrium_dt1e-3,0.001,29,2026090803,16311619199510631487,train,experiments/short_chain_section4_2026-09-14/raw/direct_state_f64/equilibrium_dt1e-3/stream_029.f64,cc6a9dd10c9ca4f14ab3bad6288072e72138e75cb583415f0512353bc6ef2474
modes,equilibrium_dt1e-3,0.001,29,2026090803,16311619199510631487,train,experiments/short_chain_section4_2026-09-14/raw/direct_state_f64/equilibrium_dt1e-3/stream_029.f64,cc6a9dd10c9ca4f14ab3bad6288072e72138e75cb583415f0512353bc6ef2474
density,equilibrium_dt1e-3,0.001,30,2026090803,16010089092840207901,test,experiments/short_chain_section4_2026-09-14/raw/direct_state_f64/equilibrium_dt1e-3/stream_030.f64,437f6f86838f757e8c0df6416adb0c0e2c32bf6255aae406e24b99f21be0d805
modes,equilibrium_dt1e-3,0.001,30,2026090803,16010089092840207901,test,experiments/short_chain_section4_2026-09-14/raw/direct_state_f64/equilibrium_dt1e-3/stream_030.f64,437f6f86838f757e8c0df6416adb0c0e2c32bf6255aae406e24b99f21be0d805
density,equilibrium_dt1e-3,0.001,31,2026090803,18337633962516066346,validation,experiments/short_chain_section4_2026-09-14/raw/direct_state_f64/equilibrium_dt1e-3/stream_031.f64,0614ff4e16daf7b9906fdef05c44414ffd9432c7e591aaf1dba0a10bca99461c
modes,equilibrium_dt1e-3,0.001,31,2026090803,18337633962516066346,test,experiments/short_chain_section4_2026-09-14/raw/direct_state_f64/equilibrium_dt1e-3/stream_031.f64,0614ff4e16daf7b9906fdef05c44414ffd9432c7e591aaf1dba0a10bca99461c
density,equilibrium_dt1e-3,0.001,32,2026090803,5011460471072061139,test,experiments/short_chain_section4_2026-09-14/raw/direct_state_f64/equilibrium_dt1e-3/stream_032.f64,e50fc941a082884d57f34cd06c059c97b95e3032cff85ba902eacb1338685943
modes,equilibrium_dt1e-3,0.001,32,2026090803,5011460471072061139,train,experiments/short_chain_section4_2026-09-14/raw/direct_state_f64/equilibrium_dt1e-3/stream_032.f64,e50fc941a082884d57f34cd06c059c97b95e3032cff85ba902eacb1338685943
density,equilibrium_dt1e-3,0.001,33,2026090803,7205922719106645323,train,experiments/short_chain_section4_2026-09-14/raw/direct_state_f64/equilibrium_dt1e-3/stream_033.f64,8a60d20771e1555d6b14b3b22c334b045da21b364dc0e798772e072b51c99924
modes,equilibrium_dt1e-3,0.001,33,2026090803,7205922719106645323,train,experiments/short_chain_section4_2026-09-14/raw/direct_state_f64/equilibrium_dt1e-3/stream_033.f64,8a60d20771e1555d6b14b3b22c334b045da21b364dc0e798772e072b51c99924
density,equilibrium_dt1e-3,0.001,34,2026090803,5425806371497237152,train,experiments/short_chain_section4_2026-09-14/raw/direct_state_f64/equilibrium_dt1e-3/stream_034.f64,6b5cbfdb1d434d60eb7c75d589776b28f4d48b9070938df0fdca5f9f04b8d692
modes,equilibrium_dt1e-3,0.001,34,2026090803,5425806371497237152,test,experiments/short_chain_section4_2026-09-14/raw/direct_state_f64/equilibrium_dt1e-3/stream_034.f64,6b5cbfdb1d434d60eb7c75d589776b28f4d48b9070938df0fdca5f9f04b8d692
density,equilibrium_dt1e-3,0.001,35,2026090803,12345801930623468501,validation,experiments/short_chain_section4_2026-09-14/raw/direct_state_f64/equilibrium_dt1e-3/stream_035.f64,119792394efbf3e9637f171d5c77cf52aee03060aa7624c3fb4e7c883cbb58f1
modes,equilibrium_dt1e-3,0.001,35,2026090803,12345801930623468501,train,experiments/short_chain_section4_2026-09-14/raw/direct_state_f64/equilibrium_dt1e-3/stream_035.f64,119792394efbf3e9637f171d5c77cf52aee03060aa7624c3fb4e7c883cbb58f1
density,equilibrium_dt1e-3,0.001,36,2026090803,10631937945715660916,train,experiments/short_chain_section4_2026-09-14/raw/direct_state_f64/equilibrium_dt1e-3/stream_036.f64,bd32bbb237ed9cbc19c4da041db72588496cc1ddd721f5e0322fc8439622ee27
modes,equilibrium_dt1e-3,0.001,36,2026090803,10631937945715660916,test,experiments/short_chain_section4_2026-09-14/raw/direct_state_f64/equilibrium_dt1e-3/stream_036.f64,bd32bbb237ed9cbc19c4da041db72588496cc1ddd721f5e0322fc8439622ee27
density,equilibrium_dt1e-3,0.001,37,2026090803,4611659118648933982,validation,experiments/short_chain_section4_2026-09-14/raw/direct_state_f64/equilibrium_dt1e-3/stream_037.f64,bb085d4c684c0cfdccde314ac7b5ce352f498ae71a2ef2e2a366afa15c90c0c9
modes,equilibrium_dt1e-3,0.001,37,2026090803,4611659118648933982,test,experiments/short_chain_section4_2026-09-14/raw/direct_state_f64/equilibrium_dt1e-3/stream_037.f64,bb085d4c684c0cfdccde314ac7b5ce352f498ae71a2ef2e2a366afa15c90c0c9
density,equilibrium_dt1e-3,0.001,38,2026090803,9966817477003180971,test,experiments/short_chain_section4_2026-09-14/raw/direct_state_f64/equilibrium_dt1e-3/stream_038.f64,305c379d717d1af7cfcd0645e17dcd2baf909ba8a6104fa2c3f26c4ec79b7ba0
modes,equilibrium_dt1e-3,0.001,38,2026090803,9966817477003180971,train,experiments/short_chain_section4_2026-09-14/raw/direct_state_f64/equilibrium_dt1e-3/stream_038.f64,305c379d717d1af7cfcd0645e17dcd2baf909ba8a6104fa2c3f26c4ec79b7ba0
density,equilibrium_dt1e-3,0.001,39,2026090803,17810954901491187968,train,experiments/short_chain_section4_2026-09-14/raw/direct_state_f64/equilibrium_dt1e-3/stream_039.f64,47f42f8e44b6782e222e4307b65ce54897b1d2c87f677e99b48f8bc3560ab247
modes,equilibrium_dt1e-3,0.001,39,2026090803,17810954901491187968,test,experiments/short_chain_section4_2026-09-14/raw/direct_state_f64/equilibrium_dt1e-3/stream_039.f64,47f42f8e44b6782e222e4307b65ce54897b1d2c87f677e99b48f8bc3560ab247
density,equilibrium_dt1e-3,0.001,40,2026090803,10898138289410567683,train,experiments/short_chain_section4_2026-09-14/raw/direct_state_f64/equilibrium_dt1e-3/stream_040.f64,9e7125b8fc1862a89d6b76e11ecd61d3ea2cf0f16d8fdd68b1a892155515fd26
modes,equilibrium_dt1e-3,0.001,40,2026090803,10898138289410567683,train,experiments/short_chain_section4_2026-09-14/raw/direct_state_f64/equilibrium_dt1e-3/stream_040.f64,9e7125b8fc1862a89d6b76e11ecd61d3ea2cf0f16d8fdd68b1a892155515fd26
density,equilibrium_dt1e-3,0.001,41,2026090803,8985910038110432338,test,experiments/short_chain_section4_2026-09-14/raw/direct_state_f64/equilibrium_dt1e-3/stream_041.f64,e2279b19f2ccc2511bd8bc3e0c9b7b8ea875c8f9068555784573b43e1582b746
modes,equilibrium_dt1e-3,0.001,41,2026090803,8985910038110432338,train,experiments/short_chain_section4_2026-09-14/raw/direct_state_f64/equilibrium_dt1e-3/stream_041.f64,e2279b19f2ccc2511bd8bc3e0c9b7b8ea875c8f9068555784573b43e1582b746
density,equilibrium_dt1e-3,0.001,42,2026090803,4516840864792931032,validation,experiments/short_chain_section4_2026-09-14/raw/direct_state_f64/equilibrium_dt1e-3/stream_042.f64,9d624bcacda5032a2af93f923df33e62b89f0c420c39c5044b68a54841b6266d
modes,equilibrium_dt1e-3,0.001,42,2026090803,4516840864792931032,validation,experiments/short_chain_section4_2026-09-14/raw/direct_state_f64/equilibrium_dt1e-3/stream_042.f64,9d624bcacda5032a2af93f923df33e62b89f0c420c39c5044b68a54841b6266d
density,equilibrium_dt1e-3,0.001,43,2026090803,13542269657769644629,train,experiments/short_chain_section4_2026-09-14/raw/direct_state_f64/equilibrium_dt1e-3/stream_043.f64,9067a636d3858302d469ee734e41e4d1ac3020dedec6585f02274b24f1c5c8a4
modes,equilibrium_dt1e-3,0.001,43,2026090803,13542269657769644629,test,experiments/short_chain_section4_2026-09-14/raw/direct_state_f64/equilibrium_dt1e-3/stream_043.f64,9067a636d3858302d469ee734e41e4d1ac3020dedec6585f02274b24f1c5c8a4
density,equilibrium_dt1e-3,0.001,44,2026090803,9716551165196958283,validation,experiments/short_chain_section4_2026-09-14/raw/direct_state_f64/equilibrium_dt1e-3/stream_044.f64,70b2ed6ec91411f951a22fb9f8ebd733fc12be559530e8e82fe5ce72f3dbcfbd
modes,equilibrium_dt1e-3,0.001,44,2026090803,9716551165196958283,train,experiments/short_chain_section4_2026-09-14/raw/direct_state_f64/equilibrium_dt1e-3/stream_044.f64,70b2ed6ec91411f951a22fb9f8ebd733fc12be559530e8e82fe5ce72f3dbcfbd
density,equilibrium_dt1e-3,0.001,45,2026090803,12118747821599785197,train,experiments/short_chain_section4_2026-09-14/raw/direct_state_f64/equilibrium_dt1e-3/stream_045.f64,1a7f96cc82451daac7e09758c2a5d0c10d2c8cdf2f29752c6185f5917198762d
modes,equilibrium_dt1e-3,0.001,45,2026090803,12118747821599785197,train,experiments/short_chain_section4_2026-09-14/raw/direct_state_f64/equilibrium_dt1e-3/stream_045.f64,1a7f96cc82451daac7e09758c2a5d0c10d2c8cdf2f29752c6185f5917198762d
density,equilibrium_dt1e-3,0.001,46,2026090803,14684925522269254736,train,experiments/short_chain_section4_2026-09-14/raw/direct_state_f64/equilibrium_dt1e-3/stream_046.f64,9ac0dbb7fd1c6dc2cc2474ef578e50552c1e08a57f360abae98e2081491770ce
modes,equilibrium_dt1e-3,0.001,46,2026090803,14684925522269254736,test,experiments/short_chain_section4_2026-09-14/raw/direct_state_f64/equilibrium_dt1e-3/stream_046.f64,9ac0dbb7fd1c6dc2cc2474ef578e50552c1e08a57f360abae98e2081491770ce
density,equilibrium_dt1e-3,0.001,47,2026090803,1854190732743515745,test,experiments/short_chain_section4_2026-09-14/raw/direct_state_f64/equilibrium_dt1e-3/stream_047.f64,44487296bae0eb93d66a92fac8477087cc8c70e058cb3b6892dcb5d70358d0ec
modes,equilibrium_dt1e-3,0.001,47,2026090803,1854190732743515745,train,experiments/short_chain_section4_2026-09-14/raw/direct_state_f64/equilibrium_dt1e-3/stream_047.f64,44487296bae0eb93d66a92fac8477087cc8c70e058cb3b6892dcb5d70358d0ec
density,equilibrium_dt1e-3,0.001,48,2026090803,14645471597957987452,train,experiments/short_chain_section4_2026-09-14/raw/direct_state_f64/equilibrium_dt1e-3/stream_048.f64,0446346ebf2d69ce95ccd3597eae48d5643b46c7d096fdb603f2ccb6eaf7489f
modes,equilibrium_dt1e-3,0.001,48,2026090803,14645471597957987452,train,experiments/short_chain_section4_2026-09-14/raw/direct_state_f64/equilibrium_dt1e-3/stream_048.f64,0446346ebf2d69ce95ccd3597eae48d5643b46c7d096fdb603f2ccb6eaf7489f
density,equilibrium_dt1e-3,0.001,49,2026090803,6387884111795889624,train,experiments/short_chain_section4_2026-09-14/raw/direct_state_f64/equilibrium_dt1e-3/stream_049.f64,7cba8dfaa2c5e766f80c99ecae25633f107f85f67b1af076a0cecec37dcb0970
modes,equilibrium_dt1e-3,0.001,49,2026090803,6387884111795889624,validation,experiments/short_chain_section4_2026-09-14/raw/direct_state_f64/equilibrium_dt1e-3/stream_049.f64,7cba8dfaa2c5e766f80c99ecae25633f107f85f67b1af076a0cecec37dcb0970
density,equilibrium_dt1e-3,0.001,50,2026090803,7796940157079484787,train,experiments/short_chain_section4_2026-09-14/raw/direct_state_f64/equilibrium_dt1e-3/stream_050.f64,96cd237db1a7ea2836a781aa0adf67ad4f62aeb3b54848c39ccb48858c3c3e13
modes,equilibrium_dt1e-3,0.001,50,2026090803,7796940157079484787,train,experiments/short_chain_section4_2026-09-14/raw/direct_state_f64/equilibrium_dt1e-3/stream_050.f64,96cd237db1a7ea2836a781aa0adf67ad4f62aeb3b54848c39ccb48858c3c3e13
density,equilibrium_dt1e-3,0.001,51,2026090803,11316117335608166199,train,experiments/short_chain_section4_2026-09-14/raw/direct_state_f64/equilibrium_dt1e-3/stream_051.f64,af2c8b4fab9120d5c680bf1dde918b8808be391ea291fa21a448d6a286abf18f
modes,equilibrium_dt1e-3,0.001,51,2026090803,11316117335608166199,validation,experiments/short_chain_section4_2026-09-14/raw/direct_state_f64/equilibrium_dt1e-3/stream_051.f64,af2c8b4fab9120d5c680bf1dde918b8808be391ea291fa21a448d6a286abf18f
density,equilibrium_dt1e-3,0.001,52,2026090803,1035415793376337120,test,experiments/short_chain_section4_2026-09-14/raw/direct_state_f64/equilibrium_dt1e-3/stream_052.f64,3f0636fb55b13f2d1ed4a0e3aa468f6ef48b522eb1abeec229f79de52aef2b38
modes,equilibrium_dt1e-3,0.001,52,2026090803,1035415793376337120,train,experiments/short_chain_section4_2026-09-14/raw/direct_state_f64/equilibrium_dt1e-3/stream_052.f64,3f0636fb55b13f2d1ed4a0e3aa468f6ef48b522eb1abeec229f79de52aef2b38
density,equilibrium_dt1e-3,0.001,53,2026090803,13656630839414032970,train,experiments/short_chain_section4_2026-09-14/raw/direct_state_f64/equilibrium_dt1e-3/stream_053.f64,12341ae7a1febd987f8fa874bc7b8e368a4d714d6e87161a252ef341816e7f5f
modes,equilibrium_dt1e-3,0.001,53,2026090803,13656630839414032970,validation,experiments/short_chain_section4_2026-09-14/raw/direct_state_f64/equilibrium_dt1e-3/stream_053.f64,12341ae7a1febd987f8fa874bc7b8e368a4d714d6e87161a252ef341816e7f5f
density,equilibrium_dt1e-3,0.001,54,2026090803,2774903683291402355,train,experiments/short_chain_section4_2026-09-14/raw/direct_state_f64/equilibrium_dt1e-3/stream_054.f64,217e7e817833288f2bd39a5b20d1213ae3370c37c577befede34965d49cb1321
modes,equilibrium_dt1e-3,0.001,54,2026090803,2774903683291402355,train,experiments/short_chain_section4_2026-09-14/raw/direct_state_f64/equilibrium_dt1e-3/stream_054.f64,217e7e817833288f2bd39a5b20d1213ae3370c37c577befede34965d49cb1321
density,equilibrium_dt1e-3,0.001,55,2026090803,10162597089919681366,train,experiments/short_chain_section4_2026-09-14/raw/direct_state_f64/equilibrium_dt1e-3/stream_055.f64,b3334161b42e2d25e33efa7f0c57bb72777b980b34a526b99f4d65e03c427a13
modes,equilibrium_dt1e-3,0.001,55,2026090803,10162597089919681366,validation,experiments/short_chain_section4_2026-09-14/raw/direct_state_f64/equilibrium_dt1e-3/stream_055.f64,b3334161b42e2d25e33efa7f0c57bb72777b980b34a526b99f4d65e03c427a13
density,equilibrium_dt1e-3,0.001,56,2026090803,1979965865155544003,validation,experiments/short_chain_section4_2026-09-14/raw/direct_state_f64/equilibrium_dt1e-3/stream_056.f64,70b9b63b69e75487891c3afb44d89837f0a51cf7c122653fb635e42b8d1db5e2
modes,equilibrium_dt1e-3,0.001,56,2026090803,1979965865155544003,train,experiments/short_chain_section4_2026-09-14/raw/direct_state_f64/equilibrium_dt1e-3/stream_056.f64,70b9b63b69e75487891c3afb44d89837f0a51cf7c122653fb635e42b8d1db5e2
density,equilibrium_dt1e-3,0.001,57,2026090803,6570401309702267345,test,experiments/short_chain_section4_2026-09-14/raw/direct_state_f64/equilibrium_dt1e-3/stream_057.f64,25f4ba476a775b731507a89a384f6d659788168ec5370bfb99685dc51ffb4920
modes,equilibrium_dt1e-3,0.001,57,2026090803,6570401309702267345,train,experiments/short_chain_section4_2026-09-14/raw/direct_state_f64/equilibrium_dt1e-3/stream_057.f64,25f4ba476a775b731507a89a384f6d659788168ec5370bfb99685dc51ffb4920
density,equilibrium_dt1e-3,0.001,58,2026090803,7603190699537648028,test,experiments/short_chain_section4_2026-09-14/raw/direct_state_f64/equilibrium_dt1e-3/stream_058.f64,4721801fe0815047e836795cc59aa4a8e8857bf33f3744ce4d40489e967e47a8
modes,equilibrium_dt1e-3,0.001,58,2026090803,7603190699537648028,test,experiments/short_chain_section4_2026-09-14/raw/direct_state_f64/equilibrium_dt1e-3/stream_058.f64,4721801fe0815047e836795cc59aa4a8e8857bf33f3744ce4d40489e967e47a8
density,equilibrium_dt1e-3,0.001,59,2026090803,10127541591160389518,train,experiments/short_chain_section4_2026-09-14/raw/direct_state_f64/equilibrium_dt1e-3/stream_059.f64,ed411260d4120af21e508828ad8a4dff9ec58588e345b2d8e40340f5fa42988c
modes,equilibrium_dt1e-3,0.001,59,2026090803,10127541591160389518,validation,experiments/short_chain_section4_2026-09-14/raw/direct_state_f64/equilibrium_dt1e-3/stream_059.f64,ed411260d4120af21e508828ad8a4dff9ec58588e345b2d8e40340f5fa42988c
density,equilibrium_dt1e-3,0.001,60,2026090803,10503655782807640837,test,experiments/short_chain_section4_2026-09-14/raw/direct_state_f64/equilibrium_dt1e-3/stream_060.f64,4293698da45a677fc4bea514688232324cbe515b4e37ac00bd5c20fa305dcc93
modes,equilibrium_dt1e-3,0.001,60,2026090803,10503655782807640837,train,experiments/short_chain_section4_2026-09-14/raw/direct_state_f64/equilibrium_dt1e-3/stream_060.f64,4293698da45a677fc4bea514688232324cbe515b4e37ac00bd5c20fa305dcc93
density,equilibrium_dt1e-3,0.001,61,2026090803,13506523191562134550,train,experiments/short_chain_section4_2026-09-14/raw/direct_state_f64/equilibrium_dt1e-3/stream_061.f64,646ad035666858f958279b81866b76a9d6351303e62fc2c5b64593f771a3d5e9
modes,equilibrium_dt1e-3,0.001,61,2026090803,13506523191562134550,test,experiments/short_chain_section4_2026-09-14/raw/direct_state_f64/equilibrium_dt1e-3/stream_061.f64,646ad035666858f958279b81866b76a9d6351303e62fc2c5b64593f771a3d5e9
density,equilibrium_dt1e-3,0.001,62,2026090803,14662353000999938416,train,experiments/short_chain_section4_2026-09-14/raw/direct_state_f64/equilibrium_dt1e-3/stream_062.f64,b4cfd5b121fe85e9d30901e13134c5b7d76370a50b60a2885e541faf1b3cf51c
modes,equilibrium_dt1e-3,0.001,62,2026090803,14662353000999938416,train,experiments/short_chain_section4_2026-09-14/raw/direct_state_f64/equilibrium_dt1e-3/stream_062.f64,b4cfd5b121fe85e9d30901e13134c5b7d76370a50b60a2885e541faf1b3cf51c
density,equilibrium_dt1e-3,0.001,63,2026090803,14550691916761226435,test,experiments/short_chain_section4_2026-09-14/raw/direct_state_f64/equilibrium_dt1e-3/stream_063.f64,07cfca5a5b584372f4d0a1d2508f5db5e49271151f3d8a16a5401471aa62fa13
modes,equilibrium_dt1e-3,0.001,63,2026090803,14550691916761226435,test,experiments/short_chain_section4_2026-09-14/raw/direct_state_f64/equilibrium_dt1e-3/stream_063.f64,07cfca5a5b584372f4d0a1d2508f5db5e49271151f3d8a16a5401471aa62fa13
density,equilibrium_dt2p5e-4,0.00025,0,2026090804,4057507823623297848,train,experiments/short_chain_section4_2026-09-14/raw/direct_state_f64/equilibrium_dt2p5e-4/stream_000.f64,c2d0e892a2d59ae32f6add6f52bb9be0bba6b0c349b10a62ee7c25f562a3f7fc
modes,equilibrium_dt2p5e-4,0.00025,0,2026090804,4057507823623297848,test,experiments/short_chain_section4_2026-09-14/raw/direct_state_f64/equilibrium_dt2p5e-4/stream_000.f64,c2d0e892a2d59ae32f6add6f52bb9be0bba6b0c349b10a62ee7c25f562a3f7fc
density,equilibrium_dt2p5e-4,0.00025,1,2026090804,6572708561519843472,train,experiments/short_chain_section4_2026-09-14/raw/direct_state_f64/equilibrium_dt2p5e-4/stream_001.f64,d7c875f5911c671fe8c316a63533ab5715c914dec6e20acf05e893ebed1f884a
modes,equilibrium_dt2p5e-4,0.00025,1,2026090804,6572708561519843472,test,experiments/short_chain_section4_2026-09-14/raw/direct_state_f64/equilibrium_dt2p5e-4/stream_001.f64,d7c875f5911c671fe8c316a63533ab5715c914dec6e20acf05e893ebed1f884a
density,equilibrium_dt2p5e-4,0.00025,2,2026090804,9101777578819793901,train,experiments/short_chain_section4_2026-09-14/raw/direct_state_f64/equilibrium_dt2p5e-4/stream_002.f64,7c0348bbd6a52e4ed6e029de82a85f94a91d050777895ee69414e682363606b3
modes,equilibrium_dt2p5e-4,0.00025,2,2026090804,9101777578819793901,test,experiments/short_chain_section4_2026-09-14/raw/direct_state_f64/equilibrium_dt2p5e-4/stream_002.f64,7c0348bbd6a52e4ed6e029de82a85f94a91d050777895ee69414e682363606b3
density,equilibrium_dt2p5e-4,0.00025,3,2026090804,15648080240813438970,train,experiments/short_chain_section4_2026-09-14/raw/direct_state_f64/equilibrium_dt2p5e-4/stream_003.f64,97f245c5136dd1e500bc0438a140e244685700b78a55b406a95004613972d77e
modes,equilibrium_dt2p5e-4,0.00025,3,2026090804,15648080240813438970,train,experiments/short_chain_section4_2026-09-14/raw/direct_state_f64/equilibrium_dt2p5e-4/stream_003.f64,97f245c5136dd1e500bc0438a140e244685700b78a55b406a95004613972d77e
density,equilibrium_dt2p5e-4,0.00025,4,2026090804,13538315432253127781,test,experiments/short_chain_section4_2026-09-14/raw/direct_state_f64/equilibrium_dt2p5e-4/stream_004.f64,b74f4c10bb35153d33e55e698b05e7a3fe26514cb015006e91c95cdf9b43f315
modes,equilibrium_dt2p5e-4,0.00025,4,2026090804,13538315432253127781,train,experiments/short_chain_section4_2026-09-14/raw/direct_state_f64/equilibrium_dt2p5e-4/stream_004.f64,b74f4c10bb35153d33e55e698b05e7a3fe26514cb015006e91c95cdf9b43f315
density,equilibrium_dt2p5e-4,0.00025,5,2026090804,6092010954228587509,test,experiments/short_chain_section4_2026-09-14/raw/direct_state_f64/equilibrium_dt2p5e-4/stream_005.f64,cc69407d80a0f6bf907f67b8992614a5042cd6d7a5a9176f66bf699be41dd005
modes,equilibrium_dt2p5e-4,0.00025,5,2026090804,6092010954228587509,train,experiments/short_chain_section4_2026-09-14/raw/direct_state_f64/equilibrium_dt2p5e-4/stream_005.f64,cc69407d80a0f6bf907f67b8992614a5042cd6d7a5a9176f66bf699be41dd005
density,equilibrium_dt2p5e-4,0.00025,6,2026090804,13020099792000644922,train,experiments/short_chain_section4_2026-09-14/raw/direct_state_f64/equilibrium_dt2p5e-4/stream_006.f64,12b346f3cf4d88e963c4b661dcacca4c913d22e0792b157a7b041e63bcdf059b
modes,equilibrium_dt2p5e-4,0.00025,6,2026090804,13020099792000644922,train,experiments/short_chain_section4_2026-09-14/raw/direct_state_f64/equilibrium_dt2p5e-4/stream_006.f64,12b346f3cf4d88e963c4b661dcacca4c913d22e0792b157a7b041e63bcdf059b
density,equilibrium_dt2p5e-4,0.00025,7,2026090804,13706832307661128380,test,experiments/short_chain_section4_2026-09-14/raw/direct_state_f64/equilibrium_dt2p5e-4/stream_007.f64,28e78f451bd8ef186bb4f4150da60e46a96699e43be221bc4c8ae8d12c84ed1f
modes,equilibrium_dt2p5e-4,0.00025,7,2026090804,13706832307661128380,train,experiments/short_chain_section4_2026-09-14/raw/direct_state_f64/equilibrium_dt2p5e-4/stream_007.f64,28e78f451bd8ef186bb4f4150da60e46a96699e43be221bc4c8ae8d12c84ed1f
density,equilibrium_dt2p5e-4,0.00025,8,2026090804,4531352714030446351,train,experiments/short_chain_section4_2026-09-14/raw/direct_state_f64/equilibrium_dt2p5e-4/stream_008.f64,8aca78cda927c2c350de87aae35ac0f2d1e44d26d3eb83ea9fa75c7d570aebb7
modes,equilibrium_dt2p5e-4,0.00025,8,2026090804,4531352714030446351,train,experiments/short_chain_section4_2026-09-14/raw/direct_state_f64/equilibrium_dt2p5e-4/stream_008.f64,8aca78cda927c2c350de87aae35ac0f2d1e44d26d3eb83ea9fa75c7d570aebb7
density,equilibrium_dt2p5e-4,0.00025,9,2026090804,12062727968816545738,train,experiments/short_chain_section4_2026-09-14/raw/direct_state_f64/equilibrium_dt2p5e-4/stream_009.f64,966aaeb759df87f19d43bd7bff0942824169bb1ace679a4889eb6d0ee1759055
modes,equilibrium_dt2p5e-4,0.00025,9,2026090804,12062727968816545738,validation,experiments/short_chain_section4_2026-09-14/raw/direct_state_f64/equilibrium_dt2p5e-4/stream_009.f64,966aaeb759df87f19d43bd7bff0942824169bb1ace679a4889eb6d0ee1759055
density,equilibrium_dt2p5e-4,0.00025,10,2026090804,14911028413807520358,train,experiments/short_chain_section4_2026-09-14/raw/direct_state_f64/equilibrium_dt2p5e-4/stream_010.f64,e1468e54757560b6fb926bb3cd6e510eebc6a7833120da0eca111663a0760bcd
modes,equilibrium_dt2p5e-4,0.00025,10,2026090804,14911028413807520358,validation,experiments/short_chain_section4_2026-09-14/raw/direct_state_f64/equilibrium_dt2p5e-4/stream_010.f64,e1468e54757560b6fb926bb3cd6e510eebc6a7833120da0eca111663a0760bcd
density,equilibrium_dt2p5e-4,0.00025,11,2026090804,4691784530038531843,validation,experiments/short_chain_section4_2026-09-14/raw/direct_state_f64/equilibrium_dt2p5e-4/stream_011.f64,5bf2d6e16912f6bb70988fcd217d3b9059eaf62f8991c67683b10a2466de8e19
modes,equilibrium_dt2p5e-4,0.00025,11,2026090804,4691784530038531843,train,experiments/short_chain_section4_2026-09-14/raw/direct_state_f64/equilibrium_dt2p5e-4/stream_011.f64,5bf2d6e16912f6bb70988fcd217d3b9059eaf62f8991c67683b10a2466de8e19
density,equilibrium_dt2p5e-4,0.00025,12,2026090804,6988226954379013975,validation,experiments/short_chain_section4_2026-09-14/raw/direct_state_f64/equilibrium_dt2p5e-4/stream_012.f64,7e5607e9a4f3ccb363aa93941751c44152ad4a885fcc176750841db2aceaba4b
modes,equilibrium_dt2p5e-4,0.00025,12,2026090804,6988226954379013975,test,experiments/short_chain_section4_2026-09-14/raw/direct_state_f64/equilibrium_dt2p5e-4/stream_012.f64,7e5607e9a4f3ccb363aa93941751c44152ad4a885fcc176750841db2aceaba4b
density,equilibrium_dt2p5e-4,0.00025,13,2026090804,15322577564840580277,validation,experiments/short_chain_section4_2026-09-14/raw/direct_state_f64/equilibrium_dt2p5e-4/stream_013.f64,2d8f7e8daaa93872c3e8e46bdbff742b68e5b3fcd8ea8d1f73b396c1ece74b5d
modes,equilibrium_dt2p5e-4,0.00025,13,2026090804,15322577564840580277,validation,experiments/short_chain_section4_2026-09-14/raw/direct_state_f64/equilibrium_dt2p5e-4/stream_013.f64,2d8f7e8daaa93872c3e8e46bdbff742b68e5b3fcd8ea8d1f73b396c1ece74b5d
density,equilibrium_dt2p5e-4,0.00025,14,2026090804,6439283519326314739,train,experiments/short_chain_section4_2026-09-14/raw/direct_state_f64/equilibrium_dt2p5e-4/stream_014.f64,c164051365d37656acd9f3836de66d2a1f50d970cb616afb28637ccf507f0bad
modes,equilibrium_dt2p5e-4,0.00025,14,2026090804,6439283519326314739,train,experiments/short_chain_section4_2026-09-14/raw/direct_state_f64/equilibrium_dt2p5e-4/stream_014.f64,c164051365d37656acd9f3836de66d2a1f50d970cb616afb28637ccf507f0bad
density,equilibrium_dt2p5e-4,0.00025,15,2026090804,16120820935522872609,validation,experiments/short_chain_section4_2026-09-14/raw/direct_state_f64/equilibrium_dt2p5e-4/stream_015.f64,1e4a1ad394209168c4fe01cd0275a4ecfa6bf18478546e506ea3b9e55e8b6d3d
modes,equilibrium_dt2p5e-4,0.00025,15,2026090804,16120820935522872609,test,experiments/short_chain_section4_2026-09-14/raw/direct_state_f64/equilibrium_dt2p5e-4/stream_015.f64,1e4a1ad394209168c4fe01cd0275a4ecfa6bf18478546e506ea3b9e55e8b6d3d
density,equilibrium_dt2p5e-4,0.00025,16,2026090804,15996007332443411599,validation,experiments/short_chain_section4_2026-09-14/raw/direct_state_f64/equilibrium_dt2p5e-4/stream_016.f64,b6da891f5ad7b8cf60b146d4b575c2bbddeac46af0509f7d15fed0d7a347c913
modes,equilibrium_dt2p5e-4,0.00025,16,2026090804,15996007332443411599,test,experiments/short_chain_section4_2026-09-14/raw/direct_state_f64/equilibrium_dt2p5e-4/stream_016.f64,b6da891f5ad7b8cf60b146d4b575c2bbddeac46af0509f7d15fed0d7a347c913
density,equilibrium_dt2p5e-4,0.00025,17,2026090804,15907736861189312515,validation,experiments/short_chain_section4_2026-09-14/raw/direct_state_f64/equilibrium_dt2p5e-4/stream_017.f64,f751691cdc1b01caed43c57ac8d25f7379f14a4b2087afa22861acfb2576c803
modes,equilibrium_dt2p5e-4,0.00025,17,2026090804,15907736861189312515,train,experiments/short_chain_section4_2026-09-14/raw/direct_state_f64/equilibrium_dt2p5e-4/stream_017.f64,f751691cdc1b01caed43c57ac8d25f7379f14a4b2087afa22861acfb2576c803
density,equilibrium_dt2p5e-4,0.00025,18,2026090804,5277152596870385231,test,experiments/short_chain_section4_2026-09-14/raw/direct_state_f64/equilibrium_dt2p5e-4/stream_018.f64,f44a2abf185979a59a84dcaefb1c064877b73ff4f1b12ebcaa4bce410130b83e
modes,equilibrium_dt2p5e-4,0.00025,18,2026090804,5277152596870385231,validation,experiments/short_chain_section4_2026-09-14/raw/direct_state_f64/equilibrium_dt2p5e-4/stream_018.f64,f44a2abf185979a59a84dcaefb1c064877b73ff4f1b12ebcaa4bce410130b83e
density,equilibrium_dt2p5e-4,0.00025,19,2026090804,3679838020796674265,test,experiments/short_chain_section4_2026-09-14/raw/direct_state_f64/equilibrium_dt2p5e-4/stream_019.f64,32635943d1403017de3539052efc8f134a55eb5b23b05f01f5d40277bc01cb18
modes,equilibrium_dt2p5e-4,0.00025,19,2026090804,3679838020796674265,train,experiments/short_chain_section4_2026-09-14/raw/direct_state_f64/equilibrium_dt2p5e-4/stream_019.f64,32635943d1403017de3539052efc8f134a55eb5b23b05f01f5d40277bc01cb18
density,equilibrium_dt2p5e-4,0.00025,20,2026090804,9616964345046106394,train,experiments/short_chain_section4_2026-09-14/raw/direct_state_f64/equilibrium_dt2p5e-4/stream_020.f64,f91409b41550c65768a2bf9cbfc86bb3a04db6f6131c8d45f33cd83985a43746
modes,equilibrium_dt2p5e-4,0.00025,20,2026090804,9616964345046106394,validation,experiments/short_chain_section4_2026-09-14/raw/direct_state_f64/equilibrium_dt2p5e-4/stream_020.f64,f91409b41550c65768a2bf9cbfc86bb3a04db6f6131c8d45f33cd83985a43746
density,equilibrium_dt2p5e-4,0.00025,21,2026090804,9197161869826992864,train,experiments/short_chain_section4_2026-09-14/raw/direct_state_f64/equilibrium_dt2p5e-4/stream_021.f64,cd7601114ad6f24bc98256f836c19e39ed1d1b3a1a8eed8cbaa1d223da41dd21
modes,equilibrium_dt2p5e-4,0.00025,21,2026090804,9197161869826992864,test,experiments/short_chain_section4_2026-09-14/raw/direct_state_f64/equilibrium_dt2p5e-4/stream_021.f64,cd7601114ad6f24bc98256f836c19e39ed1d1b3a1a8eed8cbaa1d223da41dd21
density,equilibrium_dt2p5e-4,0.00025,22,2026090804,8003897110707173910,test,experiments/short_chain_section4_2026-09-14/raw/direct_state_f64/equilibrium_dt2p5e-4/stream_022.f64,a293342b3ac85e1adcf1a9c63013ac83e0938c3a661fc590394a2eb3a629f7d2
modes,equilibrium_dt2p5e-4,0.00025,22,2026090804,8003897110707173910,test,experiments/short_chain_section4_2026-09-14/raw/direct_state_f64/equilibrium_dt2p5e-4/stream_022.f64,a293342b3ac85e1adcf1a9c63013ac83e0938c3a661fc590394a2eb3a629f7d2
density,equilibrium_dt2p5e-4,0.00025,23,2026090804,6292305800315998705,train,experiments/short_chain_section4_2026-09-14/raw/direct_state_f64/equilibrium_dt2p5e-4/stream_023.f64,86f8b302191d2216d7030b077b3b7afaf455f895afc7408929601218e4bfb6c7
modes,equilibrium_dt2p5e-4,0.00025,23,2026090804,6292305800315998705,train,experiments/short_chain_section4_2026-09-14/raw/direct_state_f64/equilibrium_dt2p5e-4/stream_023.f64,86f8b302191d2216d7030b077b3b7afaf455f895afc7408929601218e4bfb6c7
density,equilibrium_dt2p5e-4,0.00025,24,2026090804,11567873787318315070,train,experiments/short_chain_section4_2026-09-14/raw/direct_state_f64/equilibrium_dt2p5e-4/stream_024.f64,269559e49639c040d257ba3adea8db30487965bf5a966b7e340cc0212cfe0ad6
modes,equilibrium_dt2p5e-4,0.00025,24,2026090804,11567873787318315070,train,experiments/short_chain_section4_2026-09-14/raw/direct_state_f64/equilibrium_dt2p5e-4/stream_024.f64,269559e49639c040d257ba3adea8db30487965bf5a966b7e340cc0212cfe0ad6
density,equilibrium_dt2p5e-4,0.00025,25,2026090804,14375772955041600186,test,experiments/short_chain_section4_2026-09-14/raw/direct_state_f64/equilibrium_dt2p5e-4/stream_025.f64,3352f449ae426f688f43eb35b3158aec7976bee1bee2e9ce810621df5c491640
modes,equilibrium_dt2p5e-4,0.00025,25,2026090804,14375772955041600186,test,experiments/short_chain_section4_2026-09-14/raw/direct_state_f64/equilibrium_dt2p5e-4/stream_025.f64,3352f449ae426f688f43eb35b3158aec7976bee1bee2e9ce810621df5c491640
density,equilibrium_dt2p5e-4,0.00025,26,2026090804,9207443836921007448,train,experiments/short_chain_section4_2026-09-14/raw/direct_state_f64/equilibrium_dt2p5e-4/stream_026.f64,ac9b2bb06115225c6589a000bb2500ac732d30b3062956db2a1a4509817a8e36
modes,equilibrium_dt2p5e-4,0.00025,26,2026090804,9207443836921007448,test,experiments/short_chain_section4_2026-09-14/raw/direct_state_f64/equilibrium_dt2p5e-4/stream_026.f64,ac9b2bb06115225c6589a000bb2500ac732d30b3062956db2a1a4509817a8e36
density,equilibrium_dt2p5e-4,0.00025,27,2026090804,7031755529524759061,train,experiments/short_chain_section4_2026-09-14/raw/direct_state_f64/equilibrium_dt2p5e-4/stream_027.f64,a6865ed1114cbd0cb24d28713307301838ae26ed7398a97ecfac0e773e387173
modes,equilibrium_dt2p5e-4,0.00025,27,2026090804,7031755529524759061,train,experiments/short_chain_section4_2026-09-14/raw/direct_state_f64/equilibrium_dt2p5e-4/stream_027.f64,a6865ed1114cbd0cb24d28713307301838ae26ed7398a97ecfac0e773e387173
density,equilibrium_dt2p5e-4,0.00025,28,2026090804,10236542369810502381,train,experiments/short_chain_section4_2026-09-14/raw/direct_state_f64/equilibrium_dt2p5e-4/stream_028.f64,7e4af47b16f7c3b7cd090cb2b382fe312176a98604a9bf2facec2ea013d1a628
modes,equilibrium_dt2p5e-4,0.00025,28,2026090804,10236542369810502381,train,experiments/short_chain_section4_2026-09-14/raw/direct_state_f64/equilibrium_dt2p5e-4/stream_028.f64,7e4af47b16f7c3b7cd090cb2b382fe312176a98604a9bf2facec2ea013d1a628
density,equilibrium_dt2p5e-4,0.00025,29,2026090804,17024678490180377457,validation,experiments/short_chain_section4_2026-09-14/raw/direct_state_f64/equilibrium_dt2p5e-4/stream_029.f64,9292ba7e418756d7a5fdac7a86423f058a2f3636b3e9018d80a9c1221718e7a3
modes,equilibrium_dt2p5e-4,0.00025,29,2026090804,17024678490180377457,train,experiments/short_chain_section4_2026-09-14/raw/direct_state_f64/equilibrium_dt2p5e-4/stream_029.f64,9292ba7e418756d7a5fdac7a86423f058a2f3636b3e9018d80a9c1221718e7a3
density,equilibrium_dt2p5e-4,0.00025,30,2026090804,18022152812335142603,validation,experiments/short_chain_section4_2026-09-14/raw/direct_state_f64/equilibrium_dt2p5e-4/stream_030.f64,e54c010442104d0a8f526482059d0eecb44a8e7ce6b639f6ea1f2efebe7d0474
modes,equilibrium_dt2p5e-4,0.00025,30,2026090804,18022152812335142603,train,experiments/short_chain_section4_2026-09-14/raw/direct_state_f64/equilibrium_dt2p5e-4/stream_030.f64,e54c010442104d0a8f526482059d0eecb44a8e7ce6b639f6ea1f2efebe7d0474
density,equilibrium_dt2p5e-4,0.00025,31,2026090804,10512774939450265126,train,experiments/short_chain_section4_2026-09-14/raw/direct_state_f64/equilibrium_dt2p5e-4/stream_031.f64,2a668c230e19a59781a0b1391c4794f7f280eea8f19ad1e94b4c61976892d126
modes,equilibrium_dt2p5e-4,0.00025,31,2026090804,10512774939450265126,validation,experiments/short_chain_section4_2026-09-14/raw/direct_state_f64/equilibrium_dt2p5e-4/stream_031.f64,2a668c230e19a59781a0b1391c4794f7f280eea8f19ad1e94b4c61976892d126
density,equilibrium_dt2p5e-4,0.00025,32,2026090804,10300634419791145225,train,experiments/short_chain_section4_2026-09-14/raw/direct_state_f64/equilibrium_dt2p5e-4/stream_032.f64,c1ef5381c606d26c60c8d76c5ff78f5bd8d028f738c9de49331220b9b1710b74
modes,equilibrium_dt2p5e-4,0.00025,32,2026090804,10300634419791145225,train,experiments/short_chain_section4_2026-09-14/raw/direct_state_f64/equilibrium_dt2p5e-4/stream_032.f64,c1ef5381c606d26c60c8d76c5ff78f5bd8d028f738c9de49331220b9b1710b74
density,equilibrium_dt2p5e-4,0.00025,33,2026090804,15141373119918068112,validation,experiments/short_chain_section4_2026-09-14/raw/direct_state_f64/equilibrium_dt2p5e-4/stream_033.f64,9734ccab15f164adf18f20b9a2c2c88c63dadf27a5c87b0074662105bd2482e9
modes,equilibrium_dt2p5e-4,0.00025,33,2026090804,15141373119918068112,train,experiments/short_chain_section4_2026-09-14/raw/direct_state_f64/equilibrium_dt2p5e-4/stream_033.f64,9734ccab15f164adf18f20b9a2c2c88c63dadf27a5c87b0074662105bd2482e9
density,equilibrium_dt2p5e-4,0.00025,34,2026090804,6704539225759714531,train,experiments/short_chain_section4_2026-09-14/raw/direct_state_f64/equilibrium_dt2p5e-4/stream_034.f64,082031e7cc48312336d792b1aaec2c36042aa6895fd01df3989ea9a65bdfaa4e
modes,equilibrium_dt2p5e-4,0.00025,34,2026090804,6704539225759714531,train,experiments/short_chain_section4_2026-09-14/raw/direct_state_f64/equilibrium_dt2p5e-4/stream_034.f64,082031e7cc48312336d792b1aaec2c36042aa6895fd01df3989ea9a65bdfaa4e
density,equilibrium_dt2p5e-4,0.00025,35,2026090804,135808010928490083,validation,experiments/short_chain_section4_2026-09-14/raw/direct_state_f64/equilibrium_dt2p5e-4/stream_035.f64,04312f6a3256c081c79f7e82399962819f2b20478321a3702d8457a0183640f3
modes,equilibrium_dt2p5e-4,0.00025,35,2026090804,135808010928490083,validation,experiments/short_chain_section4_2026-09-14/raw/direct_state_f64/equilibrium_dt2p5e-4/stream_035.f64,04312f6a3256c081c79f7e82399962819f2b20478321a3702d8457a0183640f3
density,equilibrium_dt2p5e-4,0.00025,36,2026090804,11772646611795269116,validation,experiments/short_chain_section4_2026-09-14/raw/direct_state_f64/equilibrium_dt2p5e-4/stream_036.f64,46bd8912a7c1db2298db88180718d1ccbd51526adff864aa416c997ffc527d39
modes,equilibrium_dt2p5e-4,0.00025,36,2026090804,11772646611795269116,train,experiments/short_chain_section4_2026-09-14/raw/direct_state_f64/equilibrium_dt2p5e-4/stream_036.f64,46bd8912a7c1db2298db88180718d1ccbd51526adff864aa416c997ffc527d39
density,equilibrium_dt2p5e-4,0.00025,37,2026090804,1259600625452370371,train,experiments/short_chain_section4_2026-09-14/raw/direct_state_f64/equilibrium_dt2p5e-4/stream_037.f64,fb3ac1fa3e33a6a0956b5663a28b309d202888f972ce87c2b68613f9c5a43060
modes,equilibrium_dt2p5e-4,0.00025,37,2026090804,1259600625452370371,validation,experiments/short_chain_section4_2026-09-14/raw/direct_state_f64/equilibrium_dt2p5e-4/stream_037.f64,fb3ac1fa3e33a6a0956b5663a28b309d202888f972ce87c2b68613f9c5a43060
density,equilibrium_dt2p5e-4,0.00025,38,2026090804,574792399402552378,test,experiments/short_chain_section4_2026-09-14/raw/direct_state_f64/equilibrium_dt2p5e-4/stream_038.f64,74ea8b512795a2cb10c8180aa327a9b9d64230c51b08585dd6b1ea0df74c0559
modes,equilibrium_dt2p5e-4,0.00025,38,2026090804,574792399402552378,validation,experiments/short_chain_section4_2026-09-14/raw/direct_state_f64/equilibrium_dt2p5e-4/stream_038.f64,74ea8b512795a2cb10c8180aa327a9b9d64230c51b08585dd6b1ea0df74c0559
density,equilibrium_dt2p5e-4,0.00025,39,2026090804,6256231428965035874,validation,experiments/short_chain_section4_2026-09-14/raw/direct_state_f64/equilibrium_dt2p5e-4/stream_039.f64,6ec35499aab0520f2d32205e080fb49a54d844d9a03d5ad8530960419854fc51
modes,equilibrium_dt2p5e-4,0.00025,39,2026090804,6256231428965035874,train,experiments/short_chain_section4_2026-09-14/raw/direct_state_f64/equilibrium_dt2p5e-4/stream_039.f64,6ec35499aab0520f2d32205e080fb49a54d844d9a03d5ad8530960419854fc51
density,equilibrium_dt2p5e-4,0.00025,40,2026090804,16030923514294794010,test,experiments/short_chain_section4_2026-09-14/raw/direct_state_f64/equilibrium_dt2p5e-4/stream_040.f64,742e2d16cf5015387ff18773c6985b08762ba63886b7450160eb9470370d76c9
modes,equilibrium_dt2p5e-4,0.00025,40,2026090804,16030923514294794010,train,experiments/short_chain_section4_2026-09-14/raw/direct_state_f64/equilibrium_dt2p5e-4/stream_040.f64,742e2d16cf5015387ff18773c6985b08762ba63886b7450160eb9470370d76c9
density,equilibrium_dt2p5e-4,0.00025,41,2026090804,6829601579189050491,test,experiments/short_chain_section4_2026-09-14/raw/direct_state_f64/equilibrium_dt2p5e-4/stream_041.f64,7fedb5970350d0a31433ebfc996a488e16d99dc9616553dcb2835d547feab2db
modes,equilibrium_dt2p5e-4,0.00025,41,2026090804,6829601579189050491,train,experiments/short_chain_section4_2026-09-14/raw/direct_state_f64/equilibrium_dt2p5e-4/stream_041.f64,7fedb5970350d0a31433ebfc996a488e16d99dc9616553dcb2835d547feab2db
density,equilibrium_dt2p5e-4,0.00025,42,2026090804,435311262184613435,train,experiments/short_chain_section4_2026-09-14/raw/direct_state_f64/equilibrium_dt2p5e-4/stream_042.f64,7eb21d5c9ab204dc236389022ab0834247594f647d08b0f9f672cb8a3f39ba5b
modes,equilibrium_dt2p5e-4,0.00025,42,2026090804,435311262184613435,train,experiments/short_chain_section4_2026-09-14/raw/direct_state_f64/equilibrium_dt2p5e-4/stream_042.f64,7eb21d5c9ab204dc236389022ab0834247594f647d08b0f9f672cb8a3f39ba5b
density,equilibrium_dt2p5e-4,0.00025,43,2026090804,8934223683287607477,validation,experiments/short_chain_section4_2026-09-14/raw/direct_state_f64/equilibrium_dt2p5e-4/stream_043.f64,968337701fb390062a9b11ea8b2d2f293fd08114380ddcc7b8a46175fddabc0a
modes,equilibrium_dt2p5e-4,0.00025,43,2026090804,8934223683287607477,validation,experiments/short_chain_section4_2026-09-14/raw/direct_state_f64/equilibrium_dt2p5e-4/stream_043.f64,968337701fb390062a9b11ea8b2d2f293fd08114380ddcc7b8a46175fddabc0a
density,equilibrium_dt2p5e-4,0.00025,44,2026090804,14067397931055683687,train,experiments/short_chain_section4_2026-09-14/raw/direct_state_f64/equilibrium_dt2p5e-4/stream_044.f64,ae7e9f33717dd70c8e85d87fceb481e683f8e3e29db1540917f4ca2eed1110a2
modes,equilibrium_dt2p5e-4,0.00025,44,2026090804,14067397931055683687,test,experiments/short_chain_section4_2026-09-14/raw/direct_state_f64/equilibrium_dt2p5e-4/stream_044.f64,ae7e9f33717dd70c8e85d87fceb481e683f8e3e29db1540917f4ca2eed1110a2
density,equilibrium_dt2p5e-4,0.00025,45,2026090804,3939994769580536659,train,experiments/short_chain_section4_2026-09-14/raw/direct_state_f64/equilibrium_dt2p5e-4/stream_045.f64,082256fc7398235cd1c5a48f0100fad8f71788c5e5b1c36bfeba993d7f01fcd2
modes,equilibrium_dt2p5e-4,0.00025,45,2026090804,3939994769580536659,train,experiments/short_chain_section4_2026-09-14/raw/direct_state_f64/equilibrium_dt2p5e-4/stream_045.f64,082256fc7398235cd1c5a48f0100fad8f71788c5e5b1c36bfeba993d7f01fcd2
density,equilibrium_dt2p5e-4,0.00025,46,2026090804,15611818801930985822,test,experiments/short_chain_section4_2026-09-14/raw/direct_state_f64/equilibrium_dt2p5e-4/stream_046.f64,bc9086618185ec0b471edad44de032f750de379d991b12d208706a17c536e3cc
modes,equilibrium_dt2p5e-4,0.00025,46,2026090804,15611818801930985822,test,experiments/short_chain_section4_2026-09-14/raw/direct_state_f64/equilibrium_dt2p5e-4/stream_046.f64,bc9086618185ec0b471edad44de032f750de379d991b12d208706a17c536e3cc
density,equilibrium_dt2p5e-4,0.00025,47,2026090804,11804067539529670414,train,experiments/short_chain_section4_2026-09-14/raw/direct_state_f64/equilibrium_dt2p5e-4/stream_047.f64,cd726e869fd7ea14261dd78ebb0e70a3a747dc8944d8fe462f06a0ab23ad286e
modes,equilibrium_dt2p5e-4,0.00025,47,2026090804,11804067539529670414,train,experiments/short_chain_section4_2026-09-14/raw/direct_state_f64/equilibrium_dt2p5e-4/stream_047.f64,cd726e869fd7ea14261dd78ebb0e70a3a747dc8944d8fe462f06a0ab23ad286e
density,equilibrium_dt2p5e-4,0.00025,48,2026090804,12289856440821472041,train,experiments/short_chain_section4_2026-09-14/raw/direct_state_f64/equilibrium_dt2p5e-4/stream_048.f64,bf98018a9dc7a1091bff5a37632b9e50fb2e93c61707fb62384dcb2179168639
modes,equilibrium_dt2p5e-4,0.00025,48,2026090804,12289856440821472041,train,experiments/short_chain_section4_2026-09-14/raw/direct_state_f64/equilibrium_dt2p5e-4/stream_048.f64,bf98018a9dc7a1091bff5a37632b9e50fb2e93c61707fb62384dcb2179168639
density,equilibrium_dt2p5e-4,0.00025,49,2026090804,3152140046612065571,test,experiments/short_chain_section4_2026-09-14/raw/direct_state_f64/equilibrium_dt2p5e-4/stream_049.f64,0bca3b9d2b29728f0d29add7834473d2b9b53f6e8acfae23392688f3039f8df5
modes,equilibrium_dt2p5e-4,0.00025,49,2026090804,3152140046612065571,validation,experiments/short_chain_section4_2026-09-14/raw/direct_state_f64/equilibrium_dt2p5e-4/stream_049.f64,0bca3b9d2b29728f0d29add7834473d2b9b53f6e8acfae23392688f3039f8df5
density,equilibrium_dt2p5e-4,0.00025,50,2026090804,16358873858133551019,train,experiments/short_chain_section4_2026-09-14/raw/direct_state_f64/equilibrium_dt2p5e-4/stream_050.f64,cb9c5789c6aa666000bd471d79fd354c482b29f484055bd20eb10f639280209b
modes,equilibrium_dt2p5e-4,0.00025,50,2026090804,16358873858133551019,validation,experiments/short_chain_section4_2026-09-14/raw/direct_state_f64/equilibrium_dt2p5e-4/stream_050.f64,cb9c5789c6aa666000bd471d79fd354c482b29f484055bd20eb10f639280209b
density,equilibrium_dt2p5e-4,0.00025,51,2026090804,4751415711902969944,train,experiments/short_chain_section4_2026-09-14/raw/direct_state_f64/equilibrium_dt2p5e-4/stream_051.f64,fe887bf4c03551ef3820121b35509f37bd6b2b626dc4e4e27317e907761595f6
modes,equilibrium_dt2p5e-4,0.00025,51,2026090804,4751415711902969944,test,experiments/short_chain_section4_2026-09-14/raw/direct_state_f64/equilibrium_dt2p5e-4/stream_051.f64,fe887bf4c03551ef3820121b35509f37bd6b2b626dc4e4e27317e907761595f6
density,equilibrium_dt2p5e-4,0.00025,52,2026090804,10906163856204793210,train,experiments/short_chain_section4_2026-09-14/raw/direct_state_f64/equilibrium_dt2p5e-4/stream_052.f64,4512d42ede52bd6a5d533f631deaab854af861ff7d0e1ba23f666c16087a6643
modes,equilibrium_dt2p5e-4,0.00025,52,2026090804,10906163856204793210,test,experiments/short_chain_section4_2026-09-14/raw/direct_state_f64/equilibrium_dt2p5e-4/stream_052.f64,4512d42ede52bd6a5d533f631deaab854af861ff7d0e1ba23f666c16087a6643
density,equilibrium_dt2p5e-4,0.00025,53,2026090804,17716033283242493559,train,experiments/short_chain_section4_2026-09-14/raw/direct_state_f64/equilibrium_dt2p5e-4/stream_053.f64,057462c1ff56aaebee7883e3942ccf7c8662aa99c9546d07ecd84308ac9fc914
modes,equilibrium_dt2p5e-4,0.00025,53,2026090804,17716033283242493559,train,experiments/short_chain_section4_2026-09-14/raw/direct_state_f64/equilibrium_dt2p5e-4/stream_053.f64,057462c1ff56aaebee7883e3942ccf7c8662aa99c9546d07ecd84308ac9fc914
density,equilibrium_dt2p5e-4,0.00025,54,2026090804,9762351537523356500,validation,experiments/short_chain_section4_2026-09-14/raw/direct_state_f64/equilibrium_dt2p5e-4/stream_054.f64,eabab45c188538410d62606c47c99c2111a78ec9a51fb0f2d5ba57727fac6b14
modes,equilibrium_dt2p5e-4,0.00025,54,2026090804,9762351537523356500,train,experiments/short_chain_section4_2026-09-14/raw/direct_state_f64/equilibrium_dt2p5e-4/stream_054.f64,eabab45c188538410d62606c47c99c2111a78ec9a51fb0f2d5ba57727fac6b14
density,equilibrium_dt2p5e-4,0.00025,55,2026090804,4359431265688440564,test,experiments/short_chain_section4_2026-09-14/raw/direct_state_f64/equilibrium_dt2p5e-4/stream_055.f64,b99f9b74e4b6d1b51879ca9434f234a5cd993b09d193b363552d71c2f5cfa586
modes,equilibrium_dt2p5e-4,0.00025,55,2026090804,4359431265688440564,validation,experiments/short_chain_section4_2026-09-14/raw/direct_state_f64/equilibrium_dt2p5e-4/stream_055.f64,b99f9b74e4b6d1b51879ca9434f234a5cd993b09d193b363552d71c2f5cfa586
density,equilibrium_dt2p5e-4,0.00025,56,2026090804,678416473978428174,validation,experiments/short_chain_section4_2026-09-14/raw/direct_state_f64/equilibrium_dt2p5e-4/stream_056.f64,a267b038e30b5481eb1343caa3a8c50d67781063b12d36cc0bd5ba94c17a292c
modes,equilibrium_dt2p5e-4,0.00025,56,2026090804,678416473978428174,test,experiments/short_chain_section4_2026-09-14/raw/direct_state_f64/equilibrium_dt2p5e-4/stream_056.f64,a267b038e30b5481eb1343caa3a8c50d67781063b12d36cc0bd5ba94c17a292c
density,equilibrium_dt2p5e-4,0.00025,57,2026090804,13781684670530395251,train,experiments/short_chain_section4_2026-09-14/raw/direct_state_f64/equilibrium_dt2p5e-4/stream_057.f64,278602cca9d550d2f0cb3283b488581e3e280ff4d93e27bfc224fa7ad45f76f6
modes,equilibrium_dt2p5e-4,0.00025,57,2026090804,13781684670530395251,test,experiments/short_chain_section4_2026-09-14/raw/direct_state_f64/equilibrium_dt2p5e-4/stream_057.f64,278602cca9d550d2f0cb3283b488581e3e280ff4d93e27bfc224fa7ad45f76f6
density,equilibrium_dt2p5e-4,0.00025,58,2026090804,15862233274672993505,test,experiments/short_chain_section4_2026-09-14/raw/direct_state_f64/equilibrium_dt2p5e-4/stream_058.f64,2a953aab451a5d3fa1f55bf9a63df6c0d2e357b4e418200cd95f51b667503458
modes,equilibrium_dt2p5e-4,0.00025,58,2026090804,15862233274672993505,train,experiments/short_chain_section4_2026-09-14/raw/direct_state_f64/equilibrium_dt2p5e-4/stream_058.f64,2a953aab451a5d3fa1f55bf9a63df6c0d2e357b4e418200cd95f51b667503458
density,equilibrium_dt2p5e-4,0.00025,59,2026090804,3979004319002592793,train,experiments/short_chain_section4_2026-09-14/raw/direct_state_f64/equilibrium_dt2p5e-4/stream_059.f64,5d764b9d06bdb7f3476db2bfde6bf6f883a78c0369a2be61bd0bdb6ef378c69c
modes,equilibrium_dt2p5e-4,0.00025,59,2026090804,3979004319002592793,train,experiments/short_chain_section4_2026-09-14/raw/direct_state_f64/equilibrium_dt2p5e-4/stream_059.f64,5d764b9d06bdb7f3476db2bfde6bf6f883a78c0369a2be61bd0bdb6ef378c69c
density,equilibrium_dt2p5e-4,0.00025,60,2026090804,17135664989757834389,validation,experiments/short_chain_section4_2026-09-14/raw/direct_state_f64/equilibrium_dt2p5e-4/stream_060.f64,f21796b4f081780dfe05c639cd56f004cd70a08953178db5b92aed2bd8941ff5
modes,equilibrium_dt2p5e-4,0.00025,60,2026090804,17135664989757834389,train,experiments/short_chain_section4_2026-09-14/raw/direct_state_f64/equilibrium_dt2p5e-4/stream_060.f64,f21796b4f081780dfe05c639cd56f004cd70a08953178db5b92aed2bd8941ff5
density,equilibrium_dt2p5e-4,0.00025,61,2026090804,4703451888040936388,test,experiments/short_chain_section4_2026-09-14/raw/direct_state_f64/equilibrium_dt2p5e-4/stream_061.f64,b0df41d6d973d8a9287a8151e999163b6fd78823efcbdaecc8ae8ccc9c650809
modes,equilibrium_dt2p5e-4,0.00025,61,2026090804,4703451888040936388,validation,experiments/short_chain_section4_2026-09-14/raw/direct_state_f64/equilibrium_dt2p5e-4/stream_061.f64,b0df41d6d973d8a9287a8151e999163b6fd78823efcbdaecc8ae8ccc9c650809
density,equilibrium_dt2p5e-4,0.00025,62,2026090804,14970525143322010935,train,experiments/short_chain_section4_2026-09-14/raw/direct_state_f64/equilibrium_dt2p5e-4/stream_062.f64,e6ce30648936cc515cd39b0e4875d021e0ce7039c68d9eecc04e00596caed830
modes,equilibrium_dt2p5e-4,0.00025,62,2026090804,14970525143322010935,validation,experiments/short_chain_section4_2026-09-14/raw/direct_state_f64/equilibrium_dt2p5e-4/stream_062.f64,e6ce30648936cc515cd39b0e4875d021e0ce7039c68d9eecc04e00596caed830
density,equilibrium_dt2p5e-4,0.00025,63,2026090804,5821828398182637281,test,experiments/short_chain_section4_2026-09-14/raw/direct_state_f64/equilibrium_dt2p5e-4/stream_063.f64,496d24e6b124152af7d25dd9007ba737bbb1a4c1a3a0c311d2118b90029ceb2c
modes,equilibrium_dt2p5e-4,0.00025,63,2026090804,5821828398182637281,validation,experiments/short_chain_section4_2026-09-14/raw/direct_state_f64/equilibrium_dt2p5e-4/stream_063.f64,496d24e6b124152af7d25dd9007ba737bbb1a4c1a3a0c311d2118b90029ceb2c
