timestep,marginal,bin,center,left,right,target_density,reconstructed_density,seed_min_density,seed_max_density
fine,log_I1,0,-6.775367748869883,-6.837236641946318,-6.713498855793446,0.0011007845263723017,0.0010802062908513786,0.0010795690677764236,0.0010811815931976165
fine,log_I1,1,-6.65162996271701,-6.713498855793446,-6.5897610696405735,0.0012171893268622376,0.0011081190832927972,0.0011056400688611485,0.0011096937312303568
fine,log_I1,2,-6.527892176564137,-6.5897610696405735,-6.466023283487702,0.0013260025099289337,0.0013749856468032956,0.00137296994718351,0.0013764887723367552
fine,log_I1,3,-6.404154390411265,-6.466023283487702,-6.342285497334829,0.0015613426500498972,0.0015713761594494254,0.0015702427374438444,0.0015722517718373351
fine,log_I1,4,-6.280416604258393,-6.342285497334829,-6.218547711181957,0.0018574157295569414,0.0018268399370117785,0.0018209351511383925,0.001830711615754691
fine,log_I1,5,-6.1566788181055205,-6.218547711181957,-6.094809925029085,0.0019712899909058003,0.001999559738610906,0.0019952874369481293,0.002002342607447496
fine,log_I1,6,-6.032941031952649,-6.094809925029085,-5.971072138876212,0.002305321157529103,0.002367813840710497,0.0023629911966672255,0.002371213034737158
fine,log_I1,7,-5.909203245799777,-5.971072138876212,-5.84733435272334,0.0025229475236624942,0.002596850605909149,0.0025931469799001547,0.00259963609035298
fine,log_I1,8,-5.785465459646904,-5.84733435272334,-5.723596566570468,0.0028240816814516776,0.0028437574944619516,0.0028411785320309082,0.0028464439391903524
fine,log_I1,9,-5.661727673494031,-5.723596566570468,-5.599858780417596,0.003213784709178904,0.0033813353273449997,0.003379811548792978,0.003383108632160791
fine,log_I1,10,-5.53798988734116,-5.599858780417596,-5.476120994264724,0.0037072398416906254,0.003689600596817963,0.0036865681024510107,0.0036921378042748102
fine,log_I1,11,-5.414252101188287,-5.476120994264724,-5.352383208111851,0.0040918817911356304,0.004276576137431882,0.0042713816166610186,0.004279614500131071
fine,log_I1,12,-5.290514315035415,-5.352383208111851,-5.228645421958979,0.004453748888310922,0.004719408509382901,0.004713054970856199,0.004723893689736272
fine,log_I1,13,-5.166776528882544,-5.228645421958979,-5.104907635806107,0.005215441169777733,0.00506728781015337,0.005060372824196533,0.005071366660569034
fine,log_I1,14,-5.043038742729671,-5.104907635806107,-4.981169849653234,0.006123904721427474,0.006074410950546443,0.006068765310673806,0.006077363626171388
fine,log_I1,15,-4.919300956576798,-4.981169849653234,-4.8574320635003625,0.007098162290745532,0.00673941022843159,0.0067295306744385094,0.006745117278886223
fine,log_I1,16,-4.795563170423927,-4.8574320635003625,-4.733694277347491,0.007627044971232453,0.007819742020615814,0.007808176179539409,0.007827726227624836
fine,log_I1,17,-4.671825384271054,-4.733694277347491,-4.609956491194618,0.00861648577539692,0.008716479358676097,0.008702428923004322,0.008725098433231632
fine,log_I1,18,-4.548087598118181,-4.609956491194618,-4.486218705041745,0.009628701431831213,0.009840299278284717,0.009827931451742374,0.009848037627790903
fine,log_I1,19,-4.424349811965309,-4.486218705041745,-4.362480918888873,0.011124250064212962,0.010677652906275314,0.010664134701859253,0.010684769360146026
fine,log_I1,20,-4.300612025812438,-4.362480918888873,-4.238743132736001,0.012455313652424065,0.012297936867838852,0.012276780337184677,0.012309566898637922
fine,log_I1,21,-4.176874239659565,-4.238743132736001,-4.115005346583128,0.013907843119407189,0.013595532874807805,0.013579709951616219,0.013606000143555234
fine,log_I1,22,-4.053136453506692,-4.115005346583128,-3.9912675604302565,0.015679220518167315,0.015215880841093737,0.015196730546085835,0.015228954864045892
fine,log_I1,23,-3.92939866735382,-3.9912675604302565,-3.867529774277384,0.01778715962269168,0.017531907677257593,0.017512841037038394,0.01754211889908788
fine,log_I1,24,-3.8056608812009483,-3.867529774277384,-3.743791988124512,0.019943178970896733,0.019721187508381456,0.01969571089155204,0.01973583312192773
fine,log_I1,25,-3.681923095048076,-3.743791988124512,-3.62005420197164,0.021929652196649118,0.02203805319293385,0.022019775750918253,0.02205000862567597
fine,log_I1,26,-3.5581853088952036,-3.62005420197164,-3.4963164158187676,0.024829650052333303,0.02470146197444344,0.024674980441661214,0.024725232042800728
fine,log_I1,27,-3.4344475227423317,-3.4963164158187676,-3.3725786296658953,0.028132003631450193,0.02804460348230046,0.028013345636248185,0.028060595463391347
fine,log_I1,28,-3.310709736589459,-3.3725786296658953,-3.248840843513023,0.03155329255019811,0.03138663560220595,0.031354846414019664,0.031407764490858636
fine,log_I1,29,-3.186971950436587,-3.248840843513023,-3.125103057360151,0.03578435399409361,0.03528896941818869,0.03525691295927635,0.03531089885719571
fine,log_I1,30,-3.063234164283715,-3.125103057360151,-3.0013652712072787,0.04028112204780284,0.03900214933836659,0.03896802439117564,0.039026227371340164
fine,log_I1,31,-2.9394963781308423,-3.0013652712072787,-2.8776274850544064,0.044466633787158656,0.04395716134950426,0.04391632936594041,0.043984229222937044
fine,log_I1,32,-2.8157585919779704,-2.8776274850544064,-2.753889698901534,0.0497124414266294,0.04886472975864983,0.04882730471666737,0.048887138911366854
fine,log_I1,33,-2.692020805825098,-2.753889698901534,-2.630151912748662,0.05587683477431447,0.05581791055589272,0.055771035764367975,0.05584527976860253
fine,log_I1,34,-2.5682830196722257,-2.630151912748662,-2.5064141265957893,0.06266880182898818,0.06181625453946312,0.06177760856496969,0.06185132971371466
fine,log_I1,35,-2.4445452335193534,-2.5064141265957893,-2.3826763404429174,0.06916975688243793,0.06824655689236377,0.06820910606828036,0.06828443672336973
fine,log_I1,36,-2.3208074473664815,-2.3826763404429174,-2.2589385542900455,0.07841128582568309,0.07612754492137024,0.07609271360444335,0.07615942317422543
fine,log_I1,37,-2.197069661213609,-2.2589385542900455,-2.1352007681371727,0.08622559069335527,0.08513784017126051,0.08509602063111751,0.08518313778238853
fine,log_I1,38,-2.073331875060737,-2.1352007681371727,-2.011462981984301,0.09491546210384436,0.09314937322969681,0.09312260918426113,0.09319043564664949
fine,log_I1,39,-1.9495940889078645,-2.011462981984301,-1.887725195831428,0.10483517553689975,0.10357573178171686,0.10351932777181008,0.10363051595691308
fine,log_I1,40,-1.825856302754992,-1.887725195831428,-1.7639874096785562,0.11657940769067947,0.11380142860168328,0.11376532022631429,0.11385648261625475
fine,log_I1,41,-1.7021185166021202,-1.7639874096785562,-1.6402496235256843,0.12812625779145376,0.1267858961845122,0.12674413773162535,0.1268561144185312
fine,log_I1,42,-1.5783807304492479,-1.6402496235256843,-1.5165118373728115,0.14115853436804437,0.138514041667,0.13847149627887143,0.13859548712077227
fine,log_I1,43,-1.4546429442963755,-1.5165118373728115,-1.3927740512199396,0.15284962519986153,0.1519570960939751,0.15188367041081255,0.15206895259498884
fine,log_I1,44,-1.3309051581435032,-1.3927740512199396,-1.2690362650670668,0.16864271997937652,0.16555404109746474,0.1654395772363856,0.16568677320044395
fine,log_I1,45,-1.2071673719906308,-1.2690362650670668,-1.145298478914195,0.18204445527056784,0.18129427095721984,0.1811640163920014,0.18145527110414947
fine,log_I1,46,-1.083429585837759,-1.145298478914195,-1.021560692761323,0.19607629480788835,0.196464849106586,0.1962950240650023,0.19666022735511404
fine,log_I1,47,-0.9596917996848866,-1.021560692761323,-0.8978229066084502,0.21347628194199245,0.21122759373045416,0.21101003207745336,0.21145340253827727
fine,log_I1,48,-0.8359540135320143,-0.8978229066084502,-0.7740851204555783,0.22889485692862943,0.22734419997493313,0.22707049972918997,0.22760712124897567
fine,log_I1,49,-0.7122162273791419,-0.7740851204555783,-0.6503473343027055,0.24619615303623094,0.24448707492513466,0.24414792356428097,0.24479720229849877
fine,log_I1,50,-0.5884784412262696,-0.6503473343027055,-0.5266095481498336,0.262611760444456,0.26209419336976286,0.2616867971354219,0.2624282665946832
fine,log_I1,51,-0.4647406550733977,-0.5266095481498336,-0.40287176199696173,0.279138711574887,0.2792501970431491,0.2787856123914464,0.27962521105000876
fine,log_I1,52,-0.34100286892052534,-0.40287176199696173,-0.27913397584408894,0.2928744780326984,0.2947424192047883,0.29421056244735677,0.2951371916924455
fine,log_I1,53,-0.217265082767653,-0.27913397584408894,-0.15539618969121705,0.3078679224436336,0.31182984041687095,0.3112944722489329,0.31223985966127055
fine,log_I1,54,-0.0935272966147811,-0.15539618969121705,-0.03165840353834515,0.32069269481065615,0.32461236509934627,0.32408577908810043,0.32501464797488505
fine,log_I1,55,0.030210489538091245,-0.03165840353834515,0.09207938261452764,0.32988614351021833,0.33516461916724954,0.3346796697447028,0.3355391537306263
fine,log_I1,56,0.1539482756909636,0.09207938261452764,0.21581716876739954,0.3398969563523559,0.3441257798101645,0.34368958778515246,0.34444652199219256
fine,log_I1,57,0.27768606184383593,0.21581716876739954,0.3395549549202723,0.34337138659306415,0.35115784248721144,0.3508284588334211,0.3513897275248497
fine,log_I1,58,0.40142384799670827,0.3395549549202723,0.4632927410731442,0.3453806346710887,0.34839043022858657,0.3481814983802716,0.34849854110842965
fine,log_I1,59,0.5251616341495802,0.4632927410731442,0.5870305272260161,0.3416354367422818,0.3454011306284819,0.34534801410473026,0.34549392553020225
fine,log_I1,60,0.6488994203024525,0.5870305272260161,0.7107683133788889,0.33402863608417566,0.335438462035835,0.3352112393439392,0.33556583249558825
fine,log_I1,61,0.7726372064553249,0.7107683133788889,0.8345060995317608,0.31941224200526674,0.3209211946006909,0.32051783516925647,0.3212317027245425
fine,log_I1,62,0.8963749926081972,0.8345060995317608,0.9582438856846336,0.30272080583066296,0.29953517227643106,0.2989681460431393,0.30004650304208397
fine,log_I1,63,1.0201127787610695,0.9582438856846336,1.0819816718375055,0.2756086094730724,0.27363189425247286,0.2729490428612458,0.2743244768280229
fine,log_I1,64,1.1438505649139414,1.0819816718375055,1.2057194579903774,0.2424003443246041,0.23794287848073792,0.2372513214538852,0.23874843277189148
fine,log_I1,65,1.2675883510668138,1.2057194579903774,1.3294572441432502,0.2028910367148308,0.20085320914378893,0.2001903455430053,0.20166645245615505
fine,log_I1,66,1.3913261372196866,1.3294572441432502,1.453195030296123,0.16395363095094465,0.16149122461133278,0.1609005509739692,0.1622075453250887
fine,log_I1,67,1.5150639233725585,1.453195030296123,1.576932816448994,0.122855144760573,0.12377202614418303,0.1233180111436668,0.12432206361158121
fine,log_I1,68,1.6388017095254304,1.576932816448994,1.7006706026018668,0.08586372359618,0.08779853135827399,0.08746582500570792,0.0881580138327945
fine,log_I1,69,1.7625394956783031,1.7006706026018668,1.8244083887547395,0.053556330381938445,0.055230893666326275,0.055009898952610575,0.05542909564326617
fine,log_I1,70,1.886277281831175,1.8244083887547395,1.9481461749076106,0.030323450527630774,0.03152521841052521,0.031387979516628556,0.03160008961567081
fine,log_I1,71,2.010015067984047,1.9481461749076106,2.071883961060484,0.01443925633903514,0.015976568471693264,0.01588972297735963,0.016046820489507087
fine,log_I2,0,-6.1696430140809015,-6.22872526265736,-6.110560765504443,0.0011686029519720684,0.0009882313112905012,0.0009851356551098265,0.0009911444725316362
fine,log_I2,1,-6.051478516927985,-6.110560765504443,-5.992396268351527,0.0012904980444680212,0.001096627550241269,0.001093050295292901,0.001100357791993942
fine,log_I2,2,-5.933314019775069,-5.992396268351527,-5.874231771198611,0.001211001245014139,0.0011581979187666024,0.001153746988666326,0.0011608407691134314
fine,log_I2,3,-5.815149522622153,-5.874231771198611,-5.756067274045694,0.0014918899364178562,0.001426558824225108,0.001419956571749058,0.0014320568224832286
fine,log_I2,4,-5.696985025469236,-5.756067274045694,-5.637902776892778,0.0017409799080400205,0.001687100959247139,0.0016800625460413107,0.0016934971860783647
fine,log_I2,5,-5.578820528316319,-5.637902776892778,-5.519738279739861,0.001793977774342595,0.002070333300544945,0.002061812886722569,0.0020773748720604697
fine,log_I2,6,-5.460656031163403,-5.519738279739861,-5.4015737825869445,0.0025147487560578073,0.002245371429821094,0.0022360463113064964,0.0022534163802560413
fine,log_I2,7,-5.342491534010486,-5.4015737825869445,-5.283409285434028,0.002957280939684418,0.0027351888404285266,0.002725349201343267,0.0027448767247349524
fine,log_I2,8,-5.22432703685757,-5.283409285434028,-5.165244788281112,0.003026178165877783,0.0030503061860382963,0.003039226802147477,0.003059766158876305
fine,log_I2,9,-5.106162539704654,-5.165244788281112,-5.047080291128196,0.003476660029449782,0.0034750843998434763,0.0034621172602170144,0.0034874672804812543
fine,log_I2,10,-4.987998042551737,-5.047080291128196,-4.928915793975279,0.0039695401860638515,0.0038896391330598815,0.003875795332599726,0.003902811938362004
fine,log_I2,11,-4.869833545398821,-4.928915793975279,-4.810751296822363,0.004743309034081638,0.004513284502956363,0.004496522268512142,0.004527132100232374
fine,log_I2,12,-4.751669048245905,-4.810751296822363,-4.692586799669446,0.005458780229166538,0.005104677957032286,0.005086565780797072,0.005121213003098999
fine,log_I2,13,-4.6335045510929875,-4.692586799669446,-4.574422302516529,0.006068255691646342,0.005959737383501178,0.005937582424813545,0.005979048065713544
fine,log_I2,14,-4.515340053940071,-4.574422302516529,-4.456257805363613,0.0066008842479873524,0.006641789827129933,0.0066143655042402725,0.00666539035497614
fine,log_I2,15,-4.397175556787155,-4.456257805363613,-4.338093308210697,0.007379952882635398,0.00781539065298456,0.0077839758055610764,0.007843463394282815
fine,log_I2,16,-4.279011059634239,-4.338093308210697,-4.21992881105778,0.00803712642478749,0.008486404265333388,0.008454497678993384,0.008512821466377855
fine,log_I2,17,-4.160846562481322,-4.21992881105778,-4.101764313904864,0.009253427456431889,0.009486689155608873,0.009451286872787856,0.009517081732420706
fine,log_I2,18,-4.042682065328406,-4.101764313904864,-3.9835998167519477,0.01094935917811471,0.010612301165853433,0.010574927617793472,0.010645590351651496
fine,log_I2,19,-3.9245175681754896,-3.9835998167519477,-3.8654353195990314,0.011206398829682261,0.01237804314912624,0.012334925047546684,0.01241747725459628
fine,log_I2,20,-3.8063530710225733,-3.8654353195990314,-3.7472708224461146,0.012589643140179765,0.013495504979924402,0.013445505948725572,0.013538518355303002
fine,log_I2,21,-3.6881885738696565,-3.7472708224461146,-3.6291063252931983,0.014131881049585128,0.014697499070679736,0.014643132439124818,0.014742341047464054
fine,log_I2,22,-3.57002407671674,-3.6291063252931983,-3.510941828140282,0.015697967998826605,0.017246880731961834,0.01719083105203216,0.017295483166916474
fine,log_I2,23,-3.451859579563824,-3.510941828140282,-3.3927773309873657,0.017343551747521967,0.019018508816760166,0.01895857200913336,0.019069833609384995
fine,log_I2,24,-3.3336950824109075,-3.3927773309873657,-3.2746128338344493,0.01899178538953246,0.02172053750899598,0.02165220650685271,0.021779767872353237
fine,log_I2,25,-3.2155305852579907,-3.2746128338344493,-3.1564483366815326,0.02175827401052748,0.024477158889051373,0.02440291034380057,0.024538532935802552
fine,log_I2,26,-3.0973660881050744,-3.1564483366815326,-3.0382838395286162,0.024829500362762543,0.027048867120909075,0.026963045537666885,0.027116640735549695
fine,log_I2,27,-2.979201590952158,-3.0382838395286162,-2.9201193423757,0.029032231160557784,0.03038009046877498,0.030288892332819412,0.030454557257319693
fine,log_I2,28,-2.8610370937992418,-2.9201193423757,-2.8019548452227836,0.03212995644594406,0.032639007518450704,0.03254637178638491,0.032715852902561966
fine,log_I2,29,-2.7428725966463254,-2.8019548452227836,-2.683790348069867,0.036589726895306714,0.0365143956938008,0.03641664788176982,0.03659251487128031
fine,log_I2,30,-2.6247080994934087,-2.683790348069867,-2.5656258509169505,0.04020153148382823,0.04189688531486103,0.041800767474987836,0.04197261439391726
fine,log_I2,31,-2.5065436023404923,-2.5656258509169505,-2.447461353764034,0.04432211558885446,0.0454833423184316,0.045379417663962064,0.04556535007476984
fine,log_I2,32,-2.388379105187576,-2.447461353764034,-2.329296856611118,0.05148212732633412,0.05074364696488621,0.05063191498407254,0.05082685771856845
fine,log_I2,33,-2.2702146080346592,-2.329296856611118,-2.211132359458201,0.05636853059943253,0.055712432714921295,0.055604027633635554,0.05579347329137746
fine,log_I2,34,-2.152050110881743,-2.211132359458201,-2.0929678623052848,0.06233609034510417,0.06219888284347641,0.06209026682035325,0.06227951510709606
fine,log_I2,35,-2.0338856137288266,-2.0929678623052848,-1.9748033651523684,0.06994393405284069,0.0700326877211923,0.06991643462153078,0.07011518592979901
fine,log_I2,36,-1.9157211165759103,-1.9748033651523684,-1.856638867999452,0.07905691716357073,0.07786111519239568,0.07775097041254013,0.07792891340014421
fine,log_I2,37,-1.797556619422994,-1.856638867999452,-1.7384743708465358,0.08701719668221947,0.08751881410621316,0.08741444177957057,0.08758101600436562
fine,log_I2,38,-1.6793921222700776,-1.7384743708465358,-1.6203098736936195,0.0980407528731578,0.09815723663108267,0.09805402527915978,0.09822504437113841
fine,log_I2,39,-1.5612276251171613,-1.6203098736936195,-1.5021453765407031,0.10739752616887972,0.1068910469771558,0.10680357781118605,0.10693874452026293
fine,log_I2,40,-1.443063127964245,-1.5021453765407031,-1.3839808793877868,0.11773211009788441,0.11698980457219675,0.11693506726407933,0.11703378300101176
fine,log_I2,41,-1.3248986308113282,-1.3839808793877868,-1.2658163822348696,0.12976527564188609,0.1311599172679195,0.13111794780564304,0.13120342847489075
fine,log_I2,42,-1.2067341336584114,-1.2658163822348696,-1.1476518850819533,0.1409001273520608,0.14145117985668065,0.14142511433901497,0.14147371882034684
fine,log_I2,43,-1.088569636505495,-1.1476518850819533,-1.029487387929037,0.15379185833016537,0.15610468625932197,0.15608652250080174,0.15611881974635305
fine,log_I2,44,-0.9704051393525788,-1.029487387929037,-0.9113228907761206,0.16861536153499931,0.17214436284415469,0.17211616704444063,0.17218062454591349
fine,log_I2,45,-0.8522406421996624,-0.9113228907761206,-0.7931583936232043,0.1874852518320358,0.18804105989638686,0.1879939053158982,0.18812349797960873
fine,log_I2,46,-0.7340761450467461,-0.7931583936232043,-0.674993896470288,0.20348265777547203,0.20417668651948573,0.2041105180413911,0.2043074909921179
fine,log_I2,47,-0.6159116478938298,-0.674993896470288,-0.5568293993173716,0.22090305642913274,0.22230670814659292,0.22219888027662082,0.22248564889125305
fine,log_I2,48,-0.49774715074091347,-0.5568293993173716,-0.4386649021644553,0.2377378286601499,0.24238704123032348,0.2422297521584771,0.24262595397317616
fine,log_I2,49,-0.37958265358799714,-0.4386649021644553,-0.320500405011539,0.2590138220873239,0.25690993414783503,0.25671409281156476,0.25720875945542304
fine,log_I2,50,-0.2614181564350804,-0.320500405011539,-0.20233590785862177,0.2776425720926815,0.27279556137816824,0.27256188458804254,0.27314854173503084
fine,log_I2,51,-0.1432536592821636,-0.20233590785862177,-0.08417141070570544,0.2968357493741659,0.2876296048197358,0.2873759080185605,0.2880021830808219
fine,log_I2,52,-0.025089162129247278,-0.08417141070570544,0.033993086447210885,0.3120540866829541,0.3085246998938714,0.30824017629561373,0.30895113269108954
fine,log_I2,53,0.09307533502366905,0.033993086447210885,0.1521575836001272,0.3279269476405792,0.3245789822914437,0.3242823805090505,0.32500595374186514
fine,log_I2,54,0.21123983217658537,0.1521575836001272,0.27032208075304354,0.3437362111586413,0.3426999009349738,0.3423938736731179,0.34313484923484716
fine,log_I2,55,0.3294043293295017,0.27032208075304354,0.38848657790595986,0.3592592861986693,0.3545180115950323,0.35423396301060883,0.35491439248493367
fine,log_I2,56,0.447568826482418,0.38848657790595986,0.5066510750588762,0.3686637575740636,0.3656614111714444,0.36542098572686127,0.36599665016292726
fine,log_I2,57,0.5657333236353344,0.5066510750588762,0.6248155722117925,0.3760278110968082,0.36977202856415675,0.36962719224591933,0.36996725186593266
fine,log_I2,58,0.6838978207882507,0.6248155722117925,0.7429800693647088,0.3714116969418528,0.3731978399122961,0.37316591652475,0.37325104732916536
fine,log_I2,59,0.8020623179411674,0.7429800693647088,0.861144566517626,0.3696150692741923,0.3676344727091698,0.36756833578516274,0.36770969571204437
fine,log_I2,60,0.9202268150940842,0.861144566517626,0.9793090636705424,0.36307513257245566,0.3564989766683042,0.3562711929278068,0.35670491045692204
fine,log_I2,61,1.0383913122470005,0.9793090636705424,1.0974735608234587,0.34369911265222947,0.34066817319183545,0.34035517145455996,0.3409815643949973
fine,log_I2,62,1.1565558093999169,1.0974735608234587,1.215638057976375,0.31814884130775173,0.31710388185818505,0.31676219769533515,0.31746981261327273
fine,log_I2,63,1.2747203065528332,1.215638057976375,1.3338025551292914,0.28548890619878176,0.288200937138307,0.28791917794561,0.2885785290843539
fine,log_I2,64,1.3928848037057495,1.3338025551292914,1.4519670522822077,0.24820755714822615,0.24982777779472323,0.2496573994962534,0.25013247404025696
fine,log_I2,65,1.5110493008586658,1.4519670522822077,1.570131549435124,0.20606895365103833,0.21034216179358314,0.2102326078973777,0.2105245999834274
fine,log_I2,66,1.6292137980115822,1.570131549435124,1.6882960465880403,0.16253915616340756,0.1671562373190548,0.16709774156223994,0.1672247668839257
fine,log_I2,67,1.747378295164499,1.6882960465880403,1.8064605437409575,0.12093583111587496,0.12239730070728032,0.12238678943632506,0.12241526026983542
fine,log_I2,68,1.8655427923174157,1.8064605437409575,1.9246250408938739,0.08340804198701321,0.08493513629918455,0.08489599524153961,0.08497468373195124
fine,log_I2,69,1.983707289470332,1.9246250408938739,2.04278953804679,0.05165702028513266,0.05328680985547899,0.053230643732529954,0.053335499885001726
fine,log_I2,70,2.1018717866232484,2.04278953804679,2.1609540351997065,0.02873279321594816,0.030187541917115906,0.03012138475616916,0.03024927377099905
fine,log_I2,71,2.2200362837761647,2.1609540351997065,2.2791185323526233,0.014616811526253753,0.014934459945519113,0.014883285239280983,0.014972195455645949
fine,log_I3,0,-6.31166915151596,-6.371670381267711,-6.251667921764209,0.0010567695155299032,0.0010866025715618255,0.0010832046176738666,0.0010912629681609145
fine,log_I3,1,-6.191666692012458,-6.251667921764209,-6.131665462260707,0.0012602954962986162,0.0011033918106237103,0.0011001286969157787,0.001107967207248752
fine,log_I3,2,-6.071664232508956,-6.131665462260707,-6.011663002757205,0.0013777143313574935,0.0012422259249990322,0.0012379682083557965,0.0012479175045506516
fine,log_I3,3,-5.951661773005454,-6.011663002757205,-5.891660543253703,0.0013803236388032565,0.0015231297414893125,0.001518299965102735,0.0015290785050365082
fine,log_I3,4,-5.8316593135019525,-5.891660543253703,-5.771658083750202,0.001659519535498811,0.001613039401685352,0.0016081924391426116,0.0016198289381096174
fine,log_I3,5,-5.71165685399845,-5.771658083750202,-5.6516556242466995,0.0019282782024113401,0.0018613092254513395,0.0018559121629413199,0.001868775368823013
fine,log_I3,6,-5.591654394494949,-5.6516556242466995,-5.531653164743197,0.0021839903320951173,0.002016520490005102,0.0020099292642942173,0.0020257798908018287
fine,log_I3,7,-5.4716519349914465,-5.531653164743197,-5.411650705239696,0.0024214373096586423,0.002508725537814029,0.0025014047084070414,0.0025189591114695253
fine,log_I3,8,-5.351649475487945,-5.411650705239696,-5.291648245736194,0.0028389265009790983,0.002664502946956299,0.002656799970923763,0.0026754794685471058
fine,log_I3,9,-5.231647015984443,-5.291648245736194,-5.171645786232692,0.0029824384104954827,0.002975926948900026,0.00296728614718016,0.0029878750743655763
fine,log_I3,10,-5.111644556480941,-5.171645786232692,-5.05164332672919,0.003548658126223846,0.003250248342380149,0.003240260394527451,0.0032642032892925997
fine,log_I3,11,-4.991642096977439,-5.05164332672919,-4.931640867225688,0.0037704492591128648,0.003683639994575983,0.0036735475958561267,0.0036990133274661667
fine,log_I3,12,-4.871639637473938,-4.931640867225688,-4.811638407722187,0.0046054276417537765,0.004498706379382366,0.004485831304279276,0.004517884017834781
fine,log_I3,13,-4.751637177970435,-4.811638407722187,-4.691635948218685,0.005090758826663768,0.004792660434316445,0.0047793011035899054,0.004812362864727874
fine,log_I3,14,-4.631634718466934,-4.691635948218685,-4.571633488715182,0.0056961181540784245,0.005562887623001312,0.00554658938828524,0.005585923143277461
fine,log_I3,15,-4.511632258963432,-4.571633488715182,-4.451631029211681,0.006512831384599107,0.006271940920824722,0.006252756005843249,0.0062977306016678124
fine,log_I3,16,-4.39162979945993,-4.451631029211681,-4.3316285697081796,0.006979897417388867,0.0071474725933656945,0.007126531659111125,0.007177409378084652
fine,log_I3,17,-4.271627339956428,-4.3316285697081796,-4.211626110204677,0.00828455114026523,0.007976568981164727,0.007953281043201837,0.0080093404117509
fine,log_I3,18,-4.1516248804529265,-4.211626110204677,-4.091623650701175,0.008942096616594944,0.008805897735355056,0.008779633853367108,0.008842506424526443
fine,log_I3,19,-4.031622420949424,-4.091623650701175,-3.9716211911976735,0.010228485187351163,0.009997419092965002,0.009967002610488978,0.010040195336388552
fine,log_I3,20,-3.911619961445923,-3.9716211911976735,-3.8516187316941717,0.011405282845385655,0.011370393949307436,0.011336231853030902,0.011417845673057661
fine,log_I3,21,-3.7916175019424205,-3.8516187316941717,-3.73161627219067,0.012908243934139288,0.01265515455043457,0.01261636305107542,0.01270842264210733
fine,log_I3,22,-3.671615042438919,-3.73161627219067,-3.611613812687168,0.014807819754647357,0.014106272235684149,0.014064431344136418,0.014163475440693407
fine,log_I3,23,-3.551612582935417,-3.611613812687168,-3.491611353183666,0.01621684577535389,0.0166113060587644,0.01655905496181781,0.016681541992089214
fine,log_I3,24,-3.4316101234319154,-3.491611353183666,-3.3716088936801643,0.018056407524609637,0.01801018367946013,0.017955367549791636,0.018084131058328397
fine,log_I3,25,-3.311607663928413,-3.3716088936801643,-3.2516064341766624,0.020652668433133715,0.020771337161354753,0.02070875159738147,0.02085632198785928
fine,log_I3,26,-3.1916052044249117,-3.2516064341766624,-3.1316039746731605,0.02348898562666705,0.02350431542252367,0.023432420617258445,0.023602252979163053
fine,log_I3,27,-3.0716027449214094,-3.1316039746731605,-3.0116015151696587,0.026278335286176832,0.026095870729080244,0.026016638026321127,0.026205388879927717
fine,log_I3,28,-2.951600285417908,-3.0116015151696587,-2.891599055666157,0.0293286156902619,0.028780481501064794,0.02869486678670334,0.028901466347210046
fine,log_I3,29,-2.8315978259144057,-2.891599055666157,-2.771596596162655,0.03303644157067668,0.03275435694941453,0.03265467826987036,0.03288953656356582
fine,log_I3,30,-2.7115953664109043,-2.771596596162655,-2.651594136659153,0.03693474689463142,0.0367868900366513,0.03667586730902446,0.036937987579701105
fine,log_I3,31,-2.591592906907402,-2.651594136659153,-2.5315916771556513,0.04160801652997475,0.04117613635505064,0.04105465174139843,0.04134124180391061
fine,log_I3,32,-2.4715904474039005,-2.5315916771556513,-2.4115892176521494,0.04691795718208178,0.046461452223207945,0.04632291352270042,0.04664895750668117
fine,log_I3,33,-2.3515879879003982,-2.4115892176521494,-2.2915867581486475,0.052405330740499995,0.05165317081131556,0.051499437269622604,0.05185662511053124
fine,log_I3,34,-2.2315855283968964,-2.2915867581486475,-2.1715842986451452,0.058811180519822995,0.05770291111525291,0.05753615294745444,0.05792634944583886
fine,log_I3,35,-2.1115830688933945,-2.1715842986451452,-2.051581839141644,0.06608592967858237,0.06539577146816673,0.06521132157812394,0.06564895527666266
fine,log_I3,36,-1.9915806093898931,-2.051581839141644,-1.9315793796381424,0.07428176436569206,0.07309998595567348,0.07289203538487905,0.0733822134850547
fine,log_I3,37,-1.8715781498863913,-1.9315793796381424,-1.8115769201346401,0.08221144969333435,0.08163349244647808,0.0814091416605397,0.08194150331442751
fine,log_I3,38,-1.751575690382889,-1.8115769201346401,-1.6915744606311378,0.09158408203847852,0.09106004901773956,0.09081135817849445,0.09140146810689313
fine,log_I3,39,-1.631573230879387,-1.6915744606311378,-1.5715720011276364,0.10280932267010795,0.10112748440940968,0.10085997704653045,0.10149830069413553
fine,log_I3,40,-1.5115707713758857,-1.5715720011276364,-1.451569541624135,0.11425374512717994,0.1133705910754715,0.11308253679713123,0.11377511322504096
fine,log_I3,41,-1.3915683118723838,-1.451569541624135,-1.3315670821206327,0.12701586784435617,0.12516435322406463,0.1248544205309007,0.12559962695722066
fine,log_I3,42,-1.2715658523688815,-1.3315670821206327,-1.2115646226171304,0.1389899797129159,0.1392614490055291,0.13893183965859326,0.13973512424639134
fine,log_I3,43,-1.1515633928653797,-1.2115646226171304,-1.091562163113629,0.15437706572052148,0.15337946622649623,0.15304026271366666,0.15388170222664826
fine,log_I3,44,-1.0315609333618783,-1.091562163113629,-0.9715597036101276,0.16973284003877698,0.17008766941151898,0.16973159722760564,0.17062128273669463
fine,log_I3,45,-0.9115584738583764,-0.9715597036101276,-0.8515572441066253,0.18688120857226334,0.1862307331497999,0.18586093801400436,0.18678839826352728
fine,log_I3,46,-0.7915560143548741,-0.8515572441066253,-0.731554784603123,0.20544643104879468,0.20360187053118828,0.20323851076948748,0.2041800894212646
fine,log_I3,47,-0.6715535548513722,-0.731554784603123,-0.6115523250996215,0.22456743601127305,0.22164799477343075,0.221286610073937,0.22222551863315143
fine,log_I3,48,-0.5515510953478708,-0.6115523250996215,-0.49154986559612013,0.24239683378810228,0.24220469183219498,0.24186872496252157,0.24277761825380464
fine,log_I3,49,-0.431548635844369,-0.49154986559612013,-0.3715474060926178,0.2619222814046689,0.2619505863805817,0.2616309714792733,0.2625055065994146
fine,log_I3,50,-0.3115461763408667,-0.3715474060926178,-0.2515449465891155,0.28234272147513056,0.28209412174846354,0.2817928466490356,0.28260835021821107
fine,log_I3,51,-0.19154371683736482,-0.2515449465891155,-0.1315424870856141,0.3020168996161091,0.3014750868699434,0.30123075712454095,0.3019225500318481
fine,log_I3,52,-0.0715412573338634,-0.1315424870856141,-0.0115400275821127,0.31929312421443873,0.32103543076403857,0.3208491678401599,0.3214003014201556
fine,log_I3,53,0.04846120216963845,-0.0115400275821127,0.1084624319213896,0.3378531280760762,0.33795043345344267,0.3378167629994318,0.3382014074838286
fine,log_I3,54,0.16846366167314075,0.1084624319213896,0.2284648914248919,0.35118668912387313,0.3525251638493851,0.35245357971809105,0.3526195186672454
fine,log_I3,55,0.2884661211766426,0.2284648914248919,0.3484673509283933,0.36178569596852383,0.3654312680832272,0.3653407536294108,0.36551707135640493
fine,log_I3,56,0.408468580680144,0.3484673509283933,0.46846981043189473,0.3701824473289565,0.374736894731118,0.37444247971152717,0.37493838321773865
fine,log_I3,57,0.5284710401836459,0.46846981043189473,0.588472269935397,0.37424774832943664,0.3764461834853907,0.3759249547920762,0.3767745361854868
fine,log_I3,58,0.6484734996871482,0.588472269935397,0.7084747294388993,0.37387461736469396,0.3746253337149814,0.3738534591876865,0.3750833701179871
fine,log_I3,59,0.76847595919065,0.7084747294388993,0.8284771889424007,0.36551961492339613,0.3693675931895493,0.36837424019285914,0.36996704565896493
fine,log_I3,60,0.8884784186941515,0.8284771889424007,0.9484796484459022,0.35148415017269163,0.35586569567035625,0.3546717273056758,0.35657322737930397
fine,log_I3,61,1.0084808781976533,0.9484796484459022,1.0684821079494045,0.33347992879699445,0.3333389887669325,0.33203469294658394,0.3341375963509319
fine,log_I3,62,1.1284833377011556,1.0684821079494045,1.1884845674529068,0.3057534278784249,0.3072188704765324,0.30588912398411483,0.3080316975259959
fine,log_I3,63,1.2484857972046575,1.1884845674529068,1.3084870269564082,0.27205422221652914,0.27684477621661313,0.2755440494503864,0.27764420565110515
fine,log_I3,64,1.3684882567081589,1.3084870269564082,1.4284894864599096,0.23278414515794876,0.23440392540444654,0.23326691638906066,0.23512341467735354
fine,log_I3,65,1.4884907162116607,1.4284894864599096,1.5484919459634119,0.19238945659024753,0.19497012363591995,0.19405182132734536,0.19557316849273493
fine,log_I3,66,1.608493175715163,1.5484919459634119,1.6684944054669142,0.1529628210849223,0.15209288563626752,0.1514536892432902,0.15253805616912647
fine,log_I3,67,1.728495635218665,1.6684944054669142,1.7884968649704156,0.11417807521125312,0.11156620395136596,0.11124104579295108,0.1118208883108647
fine,log_I3,68,1.8484980947221663,1.7884968649704156,1.908499324473917,0.07879847555429025,0.0756278636015662,0.07555903683900282,0.07574941331039924
fine,log_I3,69,1.9685005542256686,1.908499324473917,2.02850178397742,0.049991721353178066,0.04801163408878898,0.04787144335578546,0.04810158221587103
fine,log_I3,70,2.088503013729171,2.02850178397742,2.1485042434809216,0.028558869993764918,0.026112325299425542,0.02599577385061205,0.026259334770371644
fine,log_I3,71,2.2085054732326728,2.1485042434809216,2.268506702984424,0.014262474498484959,0.01318249695875226,0.013092956892404802,0.013298043097004653
fine,theta1,0,-3.097959422289935,-3.141592653589793,-3.0543261909900767,0.24630851205540108,0.24477537125924467,0.2444223841083418,0.2452352302896103
fine,theta1,1,-3.0106929596902186,-3.0543261909900767,-2.9670597283903604,0.23983773466441624,0.23744546558533297,0.2371698300061372,0.23781940361361512
fine,theta1,2,-2.923426497090502,-2.9670597283903604,-2.8797932657906435,0.23550478466823813,0.23343580474216555,0.23323787356866207,0.23370568218582854
fine,theta1,3,-2.8361600344907854,-2.8797932657906435,-2.792526803190927,0.22669564665948302,0.22702445258296367,0.22690809149893523,0.22717736766473312
fine,theta1,4,-2.748893571891069,-2.792526803190927,-2.705260340591211,0.2217825826968758,0.21576640818086457,0.21574517977115754,0.2157952104774631
fine,theta1,5,-2.6616271092913526,-2.705260340591211,-2.6179938779914944,0.21311668270452203,0.20912424066801927,0.20907638927604308,0.20919366871001158
fine,theta1,6,-2.574360646691636,-2.6179938779914944,-2.5307274153917776,0.20251348854032283,0.1971884647460086,0.19705882056207127,0.19733475446041074
fine,theta1,7,-2.4870941840919194,-2.5307274153917776,-2.443460952792061,0.19225764656590186,0.19030869154235575,0.19014847294280474,0.19052222718065037
fine,theta1,8,-2.399827721492203,-2.443460952792061,-2.356194490192345,0.18201970934353015,0.17979532867015158,0.179649878334868,0.18002769223562962
fine,theta1,9,-2.3125612588924866,-2.356194490192345,-2.2689280275926285,0.17057857278337712,0.17344724283280888,0.1733236233061535,0.1736895186813261
fine,theta1,10,-2.2252947962927703,-2.2689280275926285,-2.181661564992912,0.16321255778987642,0.16702002025765753,0.16687871026113324,0.16723474302451108
fine,theta1,11,-2.138028333693054,-2.181661564992912,-2.0943951023931957,0.15508380035903216,0.1578563014461425,0.15769563017211513,0.15802845756379796
fine,theta1,12,-2.0507618710933375,-2.0943951023931957,-2.007128639793479,0.14917165123201648,0.1522084143563856,0.15204448877883797,0.1523556934143015
fine,theta1,13,-1.9634954084936207,-2.007128639793479,-1.9198621771937625,0.14272952144431292,0.14729266503317198,0.1471318423869808,0.14739719342451948
fine,theta1,14,-1.8762289458939043,-1.9198621771937625,-1.832595714594046,0.1383070476878841,0.14272757969701586,0.14257371668168617,0.14281545350633884
fine,theta1,15,-1.7889624832941877,-1.832595714594046,-1.7453292519943295,0.13518445893030903,0.13713605084347416,0.13698890353356405,0.13721115828679667
fine,theta1,16,-1.7016960206944713,-1.7453292519943295,-1.6580627893946132,0.1311666325702177,0.1328381958707945,0.1327200040681079,0.13291224461879297
fine,theta1,17,-1.6144295580947547,-1.6580627893946132,-1.5707963267948966,0.12801539620936148,0.12885768953821594,0.1287510754377834,0.12891200003955688
fine,theta1,18,-1.5271630954950384,-1.5707963267948966,-1.4835298641951802,0.1254120452612456,0.12572956153518633,0.125640486288257,0.12578583805578936
fine,theta1,19,-1.439896632895322,-1.4835298641951802,-1.3962634015954636,0.12185258055364212,0.12255011553974661,0.12246145086243468,0.12261551847202679
fine,theta1,20,-1.3526301702956054,-1.3962634015954636,-1.3089969389957472,0.11909166778748344,0.12156774980036111,0.12148798361161763,0.12163390767920262
fine,theta1,21,-1.2653637076958888,-1.3089969389957472,-1.2217304763960306,0.11860465853171448,0.11806632974833793,0.11799422927939687,0.11813081283008696
fine,theta1,22,-1.1780972450961724,-1.2217304763960306,-1.1344640137963142,0.11438271799824987,0.11413821625166576,0.11407261234981567,0.11420524972024561
fine,theta1,23,-1.090830782496456,-1.1344640137963142,-1.0471975511965979,0.11358774700721576,0.1124312328006501,0.11237848192448391,0.11249959244618454
fine,theta1,24,-1.0035643198967397,-1.0471975511965979,-0.9599310885968815,0.11200496692596768,0.11132756468536809,0.11126830703455784,0.11140668551338284
fine,theta1,25,-0.9162978572970231,-0.9599310885968815,-0.8726646259971647,0.11090203419966754,0.10983288774018159,0.10978301927782959,0.10990785087607387
fine,theta1,26,-0.8290313946973065,-0.8726646259971647,-0.7853981633974483,0.10829510230114184,0.10758745675971038,0.10754653023671984,0.1076438842159798
fine,theta1,27,-0.7417649320975901,-0.7853981633974483,-0.6981317007977319,0.10679826502973529,0.10688591914192937,0.1068512018579811,0.10692845544736752
fine,theta1,28,-0.6544984694978737,-0.6981317007977319,-0.6108652381980155,0.10649030329446982,0.10683148860051955,0.10680093415494137,0.1068686303903717
fine,theta1,29,-0.5672320068981571,-0.6108652381980155,-0.5235987755982987,0.10658698895554099,0.10579902010740881,0.10577519265321202,0.10582525051931829
fine,theta1,30,-0.4799655442984405,-0.5235987755982987,-0.43633231299858233,0.10670157936866355,0.10588086476791435,0.10586886821875306,0.1058907437684287
fine,theta1,31,-0.39269908169872414,-0.43633231299858233,-0.34906585039886595,0.10412687602382786,0.10544400484857465,0.10543690989634331,0.10545081747866364
fine,theta1,32,-0.30543261909900776,-0.34906585039886595,-0.2617993877991496,0.10481799945297014,0.10463604200800192,0.10462290870511351,0.10464826230271572
fine,theta1,33,-0.21816615649929139,-0.2617993877991496,-0.1745329251994332,0.10401944751152596,0.10559940558128682,0.1055764178011154,0.10562107707638158
fine,theta1,34,-0.1308996938995748,-0.1745329251994332,-0.08726646259971638,0.10428443784187014,0.10502595964745398,0.10499581413388867,0.10506882057792886
fine,theta1,35,-0.04363323129985819,-0.08726646259971638,0.0,0.10502211362634374,0.10603650327551324,0.10600733274440793,0.106087805601918
fine,theta1,36,0.04363323129985819,0.0,0.08726646259971638,0.10621098916248486,0.10604897101091122,0.10600267236075361,0.10613075466969885
fine,theta1,37,0.13089969389957457,0.08726646259971638,0.17453292519943275,0.10463537098205689,0.10830942715152293,0.10824846838063093,0.10841168626950097
fine,theta1,38,0.21816615649929116,0.17453292519943275,0.2617993877991496,0.10752877891338769,0.10924171447124753,0.10917155572230895,0.10936536352183829
fine,theta1,39,0.30543261909900776,0.2617993877991496,0.34906585039886595,0.10869258779665888,0.11203608764965389,0.1119602773306092,0.11218487363962365
fine,theta1,40,0.39269908169872414,0.34906585039886595,0.43633231299858233,0.11071940572875485,0.11228427758679872,0.11217887909527155,0.11245482009143137
fine,theta1,41,0.4799655442984405,0.43633231299858233,0.5235987755982987,0.11224489060344194,0.11355583594663278,0.11345275243625443,0.1137438227205421
fine,theta1,42,0.5672320068981569,0.5235987755982987,0.6108652381980151,0.11290736642930368,0.1163411778698557,0.11622725684566622,0.1165672254684605
fine,theta1,43,0.6544984694978735,0.6108652381980151,0.6981317007977319,0.11506309857616136,0.11824934325445084,0.11812044903169472,0.11849410178598502
fine,theta1,44,0.7417649320975901,0.6981317007977319,0.7853981633974483,0.11743726869803407,0.11903711096969416,0.11889222741515632,0.11929260909381553
fine,theta1,45,0.8290313946973065,0.7853981633974483,0.8726646259971647,0.1188803917132897,0.1221962890790454,0.12201951934098353,0.1224766003260379
fine,theta1,46,0.9162978572970228,0.8726646259971647,0.959931088596881,0.12342819873407039,0.12456022232195667,0.12436537472053233,0.12486264301972548
fine,theta1,47,1.0035643198967392,0.959931088596881,1.0471975511965974,0.1269518539375729,0.1282873230481856,0.12807400404769348,0.1285894177344604
fine,theta1,48,1.0908307824964556,1.0471975511965974,1.1344640137963138,0.13076914707470066,0.13079613772675933,0.13057891086700177,0.13109957160903588
fine,theta1,49,1.178097245096172,1.1344640137963138,1.2217304763960302,0.13547451591352416,0.13578747615117032,0.13555374600260384,0.1360977024074926
fine,theta1,50,1.2653637076958888,1.2217304763960302,1.3089969389957474,0.13866514272888938,0.13987321282029602,0.1396188604786563,0.14017301066154955
fine,theta1,51,1.3526301702956056,1.3089969389957474,1.3962634015954638,0.1445772918559057,0.14323012950141895,0.1429753287743069,0.14350187879554058
fine,theta1,52,1.439896632895322,1.3962634015954638,1.4835298641951802,0.14889591805044236,0.1483302922275577,0.14808647826416435,0.14858665039543884
fine,theta1,53,1.5271630954950384,1.4835298641951802,1.5707963267948966,0.15387702007084075,0.1541697840430956,0.15390420764643026,0.1544007070346023
fine,theta1,54,1.6144295580947547,1.5707963267948966,1.658062789394613,0.15969248353678395,0.1604467926186368,0.16019460698985513,0.16066008098613085
fine,theta1,55,1.7016960206944711,1.658062789394613,1.7453292519943293,0.166174003778999,0.1668184742812998,0.16655417622375382,0.16701179947641373
fine,theta1,56,1.7889624832941875,1.7453292519943293,1.8325957145940457,0.17532333207671136,0.17450740591107372,0.17423959183749752,0.17466892930038716
fine,theta1,57,1.8762289458939039,1.8325957145940457,1.919862177193762,0.18312264206982973,0.18308560307855004,0.18281303873378119,0.1832473459284953
fine,theta1,58,1.9634954084936203,1.919862177193762,2.0071286397934784,0.19164530404578098,0.19098979518988277,0.19069658378380294,0.19122053065185943
fine,theta1,59,2.050761871093337,2.0071286397934784,2.0943951023931957,0.20326190717602508,0.20017375291017855,0.19985610972865867,0.20048453772078553
fine,theta1,60,2.138028333693054,2.0943951023931957,2.181661564992912,0.21122594088800847,0.21141853087897355,0.21109440348903952,0.21183340873566067
fine,theta1,61,2.2252947962927703,2.181661564992912,2.2689280275926285,0.22103416406117254,0.22001588071949105,0.21979654147056032,0.22039066392819187
fine,theta1,62,2.3125612588924866,2.2689280275926285,2.356194490192345,0.2308602919863869,0.22770155383153456,0.22749272911547466,0.2280231979128964
fine,theta1,63,2.399827721492203,2.356194490192345,2.443460952792061,0.23694432673308485,0.23546123975522548,0.23523553552924728,0.23568425815613372
fine,theta1,64,2.4870941840919194,2.443460952792061,2.5307274153917776,0.24259864743057521,0.24056206434792382,0.24030049382133903,0.24073062686664762
fine,theta1,65,2.574360646691636,2.5307274153917776,2.617993877991494,0.24593609321275445,0.2430602988523901,0.24278126164128308,0.24336389047122062
fine,theta1,66,2.661627109291352,2.617993877991494,2.7052603405912103,0.24859673936743168,0.24610182089093857,0.24584879395170864,0.24649650214735744
fine,theta1,67,2.7488935718910685,2.7052603405912103,2.7925268031909267,0.25233167064512796,0.24932364462307363,0.24906497271349015,0.24983771923674936
fine,theta1,68,2.8361600344907854,2.7925268031909267,2.879793265790644,0.2533594034128136,0.2500225062318204,0.2496856872036745,0.2505767242714059
fine,theta1,69,2.923426497090502,2.879793265790644,2.9670597283903604,0.25318751779313314,0.2501522105456164,0.24976231137056096,0.2507306872895692
fine,theta1,70,3.0106929596902186,2.9670597283903604,3.0543261909900767,0.25045525263025464,0.24982403894967467,0.24945548749388724,0.2503810892584603
fine,theta1,71,3.097959422289935,3.0543261909900767,3.141592653589793,0.24997898622571618,0.2475367654773435,0.24717207029147198,0.24806143652198132
fine,theta3,0,-3.097959422289935,-3.141592653589793,-3.0543261909900767,0.23923613499552554,0.2385087065411613,0.23802954426861583,0.2392383645101073
fine,theta3,1,-3.0106929596902186,-3.0543261909900767,-2.9670597283903604,0.23860588772335437,0.23861537922471318,0.23818184672891313,0.23929446653003014
fine,theta3,2,-2.923426497090502,-2.9670597283903604,-2.8797932657906435,0.23891026850820857,0.24037445861686738,0.2399774719605327,0.24096320706922117
fine,theta3,3,-2.8361600344907854,-2.8797932657906435,-2.792526803190927,0.23572680359366327,0.23815510656005687,0.23782371367761726,0.23862885694132793
fine,theta3,4,-2.748893571891069,-2.792526803190927,-2.705260340591211,0.23298379557955462,0.23531564452991696,0.2350796364014868,0.2356572241928796
fine,theta3,5,-2.6616271092913526,-2.705260340591211,-2.6179938779914944,0.2301261971523239,0.23295874065698463,0.23282720692562414,0.23317371224291275
fine,theta3,6,-2.574360646691636,-2.6179938779914944,-2.5307274153917776,0.2247583524876375,0.22723095695202092,0.22717228526151703,0.22732909243908597
fine,theta3,7,-2.4870941840919194,-2.5307274153917776,-2.443460952792061,0.2201639931115271,0.22445187946218845,0.2244241224683826,0.22449395851056683
fine,theta3,8,-2.399827721492203,-2.443460952792061,-2.356194490192345,0.21371828237341273,0.21816891776993005,0.2180585842507403,0.21826472545080342
fine,theta3,9,-2.3125612588924866,-2.356194490192345,-2.2689280275926285,0.21074609353305998,0.2122394748715536,0.21208159659259776,0.21234021006270629
fine,theta3,10,-2.2252947962927703,-2.2689280275926285,-2.181661564992912,0.2042574113900248,0.2067059925563739,0.20651962782037903,0.2068046437838257
fine,theta3,11,-2.138028333693054,-2.181661564992912,-2.0943951023931957,0.20054038486437886,0.19856618799609663,0.19839022199445897,0.1986893040316516
fine,theta3,12,-2.0507618710933375,-2.0943951023931957,-2.007128639793479,0.19511882594354163,0.19164198098062282,0.19147173325232275,0.1917921226808576
fine,theta3,13,-1.9634954084936207,-2.007128639793479,-1.9198621771937625,0.18712614462828078,0.1863048229408432,0.186133690665737,0.18645852352396627
fine,theta3,14,-1.8762289458939043,-1.9198621771937625,-1.832595714594046,0.18205551884763035,0.1804331121234076,0.1802543535487957,0.18056917631597455
fine,theta3,15,-1.7889624832941877,-1.832595714594046,-1.7453292519943295,0.1762579601337379,0.17519939444158342,0.17501163633323477,0.17534420964146472
fine,theta3,16,-1.7016960206944713,-1.7453292519943295,-1.6580627893946132,0.16956516381732917,0.17088940664174945,0.1706851641821246,0.17104155616873173
fine,theta3,17,-1.6144295580947547,-1.6580627893946132,-1.5707963267948966,0.16432623336740576,0.16481557258332444,0.1646124344933445,0.16493505191847155
fine,theta3,18,-1.5271630954950384,-1.5707963267948966,-1.4835298641951802,0.15912311242158386,0.15718424828536456,0.15696392270946435,0.15729741326304225
fine,theta3,19,-1.439896632895322,-1.4835298641951802,-1.3962634015954636,0.15427808651676747,0.1525459267677345,0.15233371122347725,0.15267247992607988
fine,theta3,20,-1.3526301702956054,-1.3962634015954636,-1.3089969389957472,0.14895321325700336,0.14858807279995281,0.1483895091166442,0.14872820388047955
fine,theta3,21,-1.2653637076958888,-1.3089969389957472,-1.2217304763960306,0.14280114045251383,0.14559385342803197,0.14540694567860638,0.1457390613978674
fine,theta3,22,-1.1780972450961724,-1.2217304763960306,-1.1344640137963142,0.1397752373560105,0.13947210628831622,0.13929282430580517,0.13962668330830064
fine,theta3,23,-1.090830782496456,-1.1344640137963142,-1.0471975511965979,0.13541722070696316,0.13646668696837846,0.13629838745972267,0.1366251013014815
fine,theta3,24,-1.0035643198967397,-1.0471975511965979,-0.9599310885968815,0.13196160356125183,0.1330024635230657,0.13284525186389493,0.13315741905260486
fine,theta3,25,-0.9162978572970231,-0.9599310885968815,-0.8726646259971647,0.13127764203292902,0.12808443789405113,0.12793557697099134,0.12825201772238334
fine,theta3,26,-0.8290313946973065,-0.8726646259971647,-0.7853981633974483,0.12657585414451625,0.12586746220047326,0.12573145089365673,0.12603564526180117
fine,theta3,27,-0.7417649320975901,-0.7853981633974483,-0.6981317007977319,0.124026217452551,0.12493605071665222,0.12479830686745849,0.1251249320069262
fine,theta3,28,-0.6544984694978737,-0.6981317007977319,-0.6108652381980155,0.12283018001558979,0.12112807773967327,0.12098420737751384,0.12132503782701697
fine,theta3,29,-0.5672320068981571,-0.6108652381980155,-0.5235987755982987,0.12026621952198367,0.11967733869323509,0.11954462668834667,0.11989486244032711
fine,theta3,30,-0.4799655442984405,-0.5235987755982987,-0.43633231299858233,0.11682850712832328,0.11876376158272724,0.11862641333208711,0.11897802720843156
fine,theta3,31,-0.39269908169872414,-0.43633231299858233,-0.34906585039886595,0.11615528845123133,0.11634536054545841,0.11619569041830337,0.11656553908778008
fine,theta3,32,-0.30543261909900776,-0.34906585039886595,-0.2617993877991496,0.11499506051837073,0.11509849160804553,0.11495024863488754,0.11533994271215219
fine,theta3,33,-0.21816615649929139,-0.2617993877991496,-0.1745329251994332,0.11460473692367382,0.11188857506306508,0.111757675452299,0.11212755354565046
fine,theta3,34,-0.1308996938995748,-0.1745329251994332,-0.08726646259971638,0.11369875646992715,0.11315190446530306,0.11301098716108916,0.11340011648985564
fine,theta3,35,-0.04363323129985819,-0.08726646259971638,0.0,0.11209449068621925,0.11387471172563746,0.11372046501675069,0.11414166571762284
fine,theta3,36,0.04363323129985819,0.0,0.08726646259971638,0.11207658593416894,0.11209198159391655,0.11192857474174452,0.11235841077346234
fine,theta3,37,0.13089969389957457,0.08726646259971638,0.17453292519943275,0.11238812861984447,0.11331493373966027,0.11315025086642848,0.11359731177847207
fine,theta3,38,0.21816615649929116,0.17453292519943275,0.2617993877991496,0.11186889081038469,0.11137813719042865,0.11119762085411579,0.11165008283663179
fine,theta3,39,0.30543261909900776,0.2617993877991496,0.34906585039886595,0.11140694820748706,0.11163460092718114,0.11143540777964946,0.11191201500080673
fine,theta3,40,0.39269908169872414,0.34906585039886595,0.43633231299858233,0.11195841457063685,0.11162748252875763,0.11142796965382884,0.11191049279499045
fine,theta3,41,0.4799655442984405,0.43633231299858233,0.5235987755982987,0.11351970894942455,0.11261333223605051,0.11239658748733052,0.11289009465328954
fine,theta3,42,0.5672320068981569,0.5235987755982987,0.6108652381980151,0.11233441436369351,0.11299529713527283,0.11275965325641608,0.11327590088371393
fine,theta3,43,0.6544984694978735,0.6108652381980151,0.6981317007977319,0.11444359415522036,0.11214038518272057,0.11190890120770954,0.11240306654277823
fine,theta3,44,0.7417649320975901,0.6981317007977319,0.7853981633974483,0.11636298357501501,0.11545261211295844,0.11518489433307538,0.11571584011440919
fine,theta3,45,0.8290313946973065,0.7853981633974483,0.8726646259971647,0.11655635489715845,0.11581180439425352,0.11554573463475531,0.11607237111708328
fine,theta3,46,0.9162978572970228,0.8726646259971647,0.959931088596881,0.1171114022107183,0.1180806090041378,0.11780583655435932,0.11833415800047027
fine,theta3,47,1.0035643198967392,0.959931088596881,1.0471975511965974,0.11941395332438916,0.1191363552200151,0.11885962734692365,0.11938214863178638
fine,theta3,48,1.0908307824964556,1.0471975511965974,1.1344640137963138,0.12141928555402474,0.12088500579495957,0.12059132383149665,0.12110696510337943
fine,theta3,49,1.178097245096172,1.1344640137963138,1.2217304763960302,0.12100747625686743,0.1220413336382505,0.12176450785846574,0.12225513679996063
fine,theta3,50,1.2653637076958888,1.2217304763960302,1.3089969389957474,0.12535833100509336,0.12459975896973972,0.12432445105051872,0.12480416296092028
fine,theta3,51,1.3526301702956056,1.3089969389957474,1.3962634015954638,0.12597067352521552,0.1254709343283414,0.12521114609641065,0.12563689612775578
fine,theta3,52,1.439896632895322,1.3962634015954638,1.4835298641951802,0.12831619604380715,0.12795287559415977,0.1277151509795104,0.12808845071532995
fine,theta3,53,1.5271630954950384,1.4835298641951802,1.5707963267948966,0.13030004257098235,0.13199722009433987,0.13177380162018565,0.1321192710271989
fine,theta3,54,1.6144295580947547,1.5707963267948966,1.658062789394613,0.13377714541915406,0.13372334293520294,0.13353478630518634,0.13385988368250776
fine,theta3,55,1.7016960206944711,1.658062789394613,1.7453292519943293,0.13654522008613318,0.1377359604698177,0.1375753710611482,0.13788613085331863
fine,theta3,56,1.7889624832941875,1.7453292519943293,1.8325957145940457,0.14036967512408105,0.14183304929867105,0.14171676165868377,0.14200063298128168
fine,theta3,57,1.8762289458939039,1.8325957145940457,1.919862177193762,0.14439466338499246,0.14506356350297453,0.1449608608997301,0.14523588188240913
fine,theta3,58,1.9634954084936203,1.919862177193762,2.0071286397934784,0.1479863566462862,0.15001246612750724,0.1498543254252943,0.15017902752144335
fine,theta3,59,2.050761871093337,2.0071286397934784,2.0943951023931957,0.15527359073076394,0.15349569699025503,0.15329538592353986,0.15364997468489613
fine,theta3,60,2.138028333693054,2.0943951023931957,2.181661564992912,0.16087419717210494,0.1582919064545342,0.15804444437250081,0.15844061689237407
fine,theta3,61,2.2252947962927703,2.181661564992912,2.2689280275926285,0.1659161753494744,0.16369713017513404,0.1634002133335481,0.163858375649986
fine,theta3,62,2.3125612588924866,2.2689280275926285,2.356194490192345,0.17157049604696473,0.1701594817145817,0.16980112916050188,0.1704012349901106
fine,theta3,63,2.399827721492203,2.356194490192345,2.443460952792061,0.18068401484057647,0.1773336660484872,0.17692902010950307,0.17764358415192108
fine,theta3,64,2.4870941840919194,2.443460952792061,2.5307274153917776,0.18933559103129,0.18798415631889273,0.18751316367924814,0.18839860709067563
fine,theta3,65,2.574360646691636,2.5307274153917776,2.617993877991494,0.1963005395788636,0.1938479925957093,0.193320709056262,0.19435236994057478
fine,theta3,66,2.661627109291352,2.617993877991494,2.7052603405912103,0.2042001161834638,0.20242293462004132,0.20185240603253404,0.20301430717625232
fine,theta3,67,2.7488935718910685,2.7052603405912103,2.7925268031909267,0.21118655043349777,0.21113076615417012,0.21052436914400358,0.21184843711154103
fine,theta3,68,2.8361600344907854,2.7925268031909267,2.879793265790644,0.2192365269553184,0.2184217461450267,0.2178184243100997,0.2192144763730176
fine,theta3,69,2.923426497090502,2.879793265790644,2.9670597283903604,0.2244289050499128,0.22482663819682294,0.22422952354894524,0.2256492112435605
fine,theta3,70,3.0106929596902186,2.9670597283903604,3.0543261909900767,0.23025511136708618,0.23182985929044322,0.23126833516023795,0.23265820175294671
fine,theta3,71,3.097959422289935,3.0543261909900767,3.141592653589793,0.23512162297436254,0.23587562014848854,0.2353565430713537,0.23665063069639686
coarse,log_I1,0,-6.750586093739457,-6.812224063747858,-6.688948123731056,0.0011557089447223126,0.001088322088573017,0.0010846832972431079,0.0010911257611645538
coarse,log_I1,1,-6.6273101537226555,-6.688948123731056,-6.565672183714254,0.0011607889840397649,0.0012826499310004329,0.0012796020841662195,0.001284695636287593
coarse,log_I1,2,-6.504034213705853,-6.565672183714254,-6.442396243697452,0.0013512904584445501,0.0013579762870006343,0.0013545852092371315,0.0013601475896758872
coarse,log_I1,3,-6.380758273689051,-6.442396243697452,-6.31912030368065,0.001600212385000125,0.0014715199805947997,0.0014640776969492716,0.0014758281806371016
coarse,log_I1,4,-6.2574823336722485,-6.31912030368065,-6.195844363663848,0.0017780137611112373,0.0018932439361745862,0.0018850111499819507,0.001898114367286614
coarse,log_I1,5,-6.134206393655447,-6.195844363663848,-6.072568423647046,0.0019024747243890376,0.0019919904798177145,0.0019833338725077166,0.0019970751807620486
coarse,log_I1,6,-6.010930453638645,-6.072568423647046,-5.949292483630243,0.002336818086031912,0.0021823914956272303,0.0021743543960800484,0.0021864181286655225
coarse,log_I1,7,-5.887654513621842,-5.949292483630243,-5.8260165436134415,0.002608600189516077,0.0025156750753706813,0.0025080895601299084,0.0025195678569092947
coarse,log_I1,8,-5.764378573605041,-5.8260165436134415,-5.70274060359664,0.002890542371635147,0.002905527373251333,0.0028938904907951043,0.002912612117038949
coarse,log_I1,9,-5.641102633588239,-5.70274060359664,-5.579464663579838,0.0031293042195558005,0.0030857380092364343,0.003072916236703461,0.0030946520033274067
coarse,log_I1,10,-5.517826693571436,-5.579464663579838,-5.456188723563035,0.003429026539285958,0.003838662468951426,0.003823194703804841,0.0038499062220453835
coarse,log_I1,11,-5.394550753554634,-5.456188723563035,-5.3329127835462335,0.004069111493286032,0.003918886441092358,0.003904921590398768,0.003928209618157856
coarse,log_I1,12,-5.271274813537833,-5.3329127835462335,-5.209636843529431,0.004732056624214622,0.00449969452585783,0.004482173210773897,0.004510765205428904
coarse,log_I1,13,-5.14799887352103,-5.209636843529431,-5.086360903512629,0.005113059573024209,0.005009121622965473,0.004989191919424112,0.005022684777668541
coarse,log_I1,14,-5.024722933504228,-5.086360903512629,-4.963084963495827,0.005890305588595698,0.005708783159916321,0.005687843317940905,0.005723780934255017
coarse,log_I1,15,-4.901446993487426,-4.963084963495827,-4.839809023479025,0.006555790739183005,0.006642824753458427,0.0066191204019287716,0.006657177874456428
coarse,log_I1,16,-4.778171053470624,-4.839809023479025,-4.716533083462223,0.007482897914619633,0.007629643520146427,0.0075995306755193785,0.007648553151510641
coarse,log_I1,17,-4.654895113453822,-4.716533083462223,-4.59325714344542,0.008333804500294242,0.008443752344053573,0.008415396811195231,0.008460646419215503
coarse,log_I1,18,-4.5316191734370195,-4.59325714344542,-4.469981203428619,0.00966731482112774,0.009727987586034112,0.009690894988430664,0.009750613719139175
coarse,log_I1,19,-4.408343233420218,-4.469981203428619,-4.346705263411817,0.01087382415902466,0.010721014515053482,0.010681461219799229,0.010741810979617005
coarse,log_I1,20,-4.285067293403416,-4.346705263411817,-4.223429323395015,0.012545157094469236,0.012264577601871515,0.012225237628426042,0.012287445689100621
coarse,log_I1,21,-4.161791353386613,-4.223429323395015,-4.1001533833782124,0.013787226707588281,0.014100243102895968,0.014046816248453813,0.01413612064285195
coarse,log_I1,22,-4.038515413369812,-4.1001533833782124,-3.9768774433614102,0.015509360036207506,0.015061160614647762,0.015005764350910328,0.015094999128881853
coarse,log_I1,23,-3.9152394733530094,-3.9768774433614102,-3.8536015033446085,0.01749057537001724,0.01707778666542262,0.017018998181387,0.017116299954778754
coarse,log_I1,24,-3.791963533336207,-3.8536015033446085,-3.7303255633278063,0.019362569858501443,0.02002208015415901,0.01995201170752433,0.02005964580035915
coarse,log_I1,25,-3.6686875933194054,-3.7303255633278063,-3.607049623311004,0.021821308888152424,0.021117337629347917,0.021036805139391056,0.021170504582107178
coarse,log_I1,26,-3.545411653302603,-3.607049623311004,-3.4837736832942023,0.024701691181152726,0.024656491111104004,0.02457186726152939,0.024712286928757658
coarse,log_I1,27,-3.422135713285801,-3.4837736832942023,-3.3604977432774,0.02786909569558938,0.027259439396777867,0.027161906851564555,0.027324031523546646
coarse,log_I1,28,-3.2988597732689993,-3.3604977432774,-3.237221803260598,0.03107206048524835,0.03151865904974663,0.031405031220427974,0.03159508756815901
coarse,log_I1,29,-3.1755838332521966,-3.237221803260598,-3.1139458632437957,0.03523769272556612,0.03465671776158544,0.03452897958239287,0.03473826433173893
coarse,log_I1,30,-3.052307893235395,-3.1139458632437957,-2.990669923226994,0.039347444533391965,0.03923266245099198,0.03909647789192432,0.03932779169176581
coarse,log_I1,31,-2.929031953218593,-2.990669923226994,-2.867393983210192,0.04416078178668583,0.04339302323430303,0.04323616471671547,0.04350183355555761
coarse,log_I1,32,-2.8057560132017905,-2.867393983210192,-2.7441180431933896,0.04931448167424971,0.04911332714985487,0.04895249178169669,0.049221148383202344
coarse,log_I1,33,-2.6824800731849887,-2.7441180431933896,-2.620842103176588,0.05518700712523447,0.05388815435672733,0.05372049596060954,0.054012022750938436
coarse,log_I1,34,-2.5592041331681865,-2.620842103176588,-2.497566163159785,0.061270354207893236,0.05990941588548049,0.059723216092954896,0.06004501175691811
coarse,log_I1,35,-2.4359281931513843,-2.497566163159785,-2.3742902231429834,0.06870753176865617,0.06814894914616848,0.06794519566732332,0.06830193048493535
coarse,log_I1,36,-2.3126522531345826,-2.3742902231429834,-2.2510142831261817,0.07713531699632349,0.07529867179606489,0.07508810413429687,0.07545005684379238
coarse,log_I1,37,-2.1893763131177804,-2.2510142831261817,-2.127738343109379,0.08493317734862507,0.0831205302247048,0.08288622100543325,0.08329284493855374
coarse,log_I1,38,-2.066100373100978,-2.127738343109379,-2.0044624030925773,0.09376736572168987,0.09167511723835924,0.09143406316253146,0.09184775764287145
coarse,log_I1,39,-1.9428244330841764,-2.0044624030925773,-1.8811864630757755,0.10403920522159545,0.10306975435860066,0.10282633124392997,0.10324586486445797
coarse,log_I1,40,-1.8195484930673742,-1.8811864630757755,-1.7579105230589729,0.11508321069775419,0.1141293515486565,0.1138632835639056,0.11432033841294915
coarse,log_I1,41,-1.696272553050572,-1.7579105230589729,-1.6346345830421711,0.12648027890647814,0.12372913792827005,0.123466818522824,0.12391713188781814
coarse,log_I1,42,-1.5729966130337703,-1.6346345830421711,-1.5113586430253694,0.13930737818306646,0.13736565567307865,0.13711537790903802,0.137548355580711
coarse,log_I1,43,-1.449720673016968,-1.5113586430253694,-1.3880827030085667,0.15276694235467753,0.15033775889964454,0.150079749205148,0.15051960866052258
coarse,log_I1,44,-1.3264447330001659,-1.3880827030085667,-1.264806762991765,0.16519271852518752,0.16400491391405544,0.1637544296523653,0.16417790056666254
coarse,log_I1,45,-1.2031687929833637,-1.264806762991765,-1.1415308229749623,0.18071223864002872,0.17747130770404004,0.17725296224926834,0.17762088263966203
coarse,log_I1,46,-1.0798928529665615,-1.1415308229749623,-1.0182548829581606,0.19485506809984066,0.1945816009555448,0.19437854668393037,0.19472192862492957
coarse,log_I1,47,-0.9566169129497597,-1.0182548829581606,-0.8949789429413588,0.21057778978738154,0.21068012638815836,0.21050305091385976,0.21078975546919
coarse,log_I1,48,-0.8333409729329575,-0.8949789429413588,-0.7717030029245562,0.22835030733951622,0.2271663983576604,0.22703992666489656,0.22723718825232467
coarse,log_I1,49,-0.7100650329161553,-0.7717030029245562,-0.6484270629077544,0.24349136452520953,0.24351624539051495,0.2434326629318321,0.24355969176560066
coarse,log_I1,50,-0.5867890928993535,-0.6484270629077544,-0.5251511228909527,0.2613223025294966,0.2606877480365564,0.2606714367143782,0.26069942880867314
coarse,log_I1,51,-0.46351315288255135,-0.5251511228909527,-0.40187518287415,0.27690786315546406,0.278338830720394,0.27826757532062907,0.27840573292331783
coarse,log_I1,52,-0.34023721286574915,-0.40187518287415,-0.2785992428573483,0.2938294741219277,0.29376806864961474,0.2936321500930065,0.29393584848515203
coarse,log_I1,53,-0.2169612728489474,-0.2785992428573483,-0.15532330284054652,0.30922707329315113,0.3096621829252655,0.3094567142578656,0.30992766831101876
coarse,log_I1,54,-0.0936853328321452,-0.15532330284054652,-0.032047362823743875,0.32136582724222124,0.32199264155651286,0.3217285844080076,0.3223540939841537
coarse,log_I1,55,0.029590607184657003,-0.032047362823743875,0.09122857719305788,0.3340557654572404,0.3335915924371316,0.33327063639719806,0.33405100065341636
coarse,log_I1,56,0.15286654720145876,0.09122857719305788,0.21450451720985964,0.3418434657309077,0.34210300667909416,0.3417521427380767,0.3426402877610072
coarse,log_I1,57,0.27614248721826096,0.21450451720985964,0.3377804572266623,0.349173962466001,0.3511907164294585,0.3508151095375074,0.35177852181629743
coarse,log_I1,58,0.39941842723506316,0.3377804572266623,0.46105639724346403,0.3516073012990672,0.3542591192058622,0.35391076661923976,0.3548590718728986
coarse,log_I1,59,0.5226943672518654,0.46105639724346403,0.5843323372602667,0.34795221301015167,0.35030134192146084,0.3499904458286736,0.350870483611621
coarse,log_I1,60,0.6459703072686676,0.5843323372602667,0.7076082772770684,0.3415412033915188,0.3430829445705272,0.3428104020964489,0.3435822902739679
coarse,log_I1,61,0.7692462472854693,0.7076082772770684,0.8308842172938702,0.32349944375555706,0.32667157935409213,0.32641524905202124,0.3271036056209533
coarse,log_I1,62,0.8925221873022715,0.8308842172938702,0.9541601573106728,0.307380479001252,0.3076024627304656,0.30738189729417376,0.307939826758348
coarse,log_I1,63,1.0157981273190737,0.9541601573106728,1.0774360973274746,0.2801133679647838,0.27770687557920704,0.2775064941086289,0.2779999321200849
coarse,log_I1,64,1.139074067335876,1.0774360973274746,1.2007120373442772,0.24583580267021585,0.24373695855783192,0.24354845719122117,0.24397115588091445
coarse,log_I1,65,1.262350007352678,1.2007120373442772,1.323987977361079,0.20633087691798438,0.2058022950518775,0.20563636942664845,0.20600281178685198
coarse,log_I1,66,1.3856259473694799,1.323987977361079,1.4472639173778807,0.16496919679521924,0.1669245911479008,0.16679985944539572,0.16705422557778163
coarse,log_I1,67,1.5089018873862816,1.4472639173778807,1.5705398573946825,0.12562937232080348,0.12787857096777408,0.12784550105746367,0.12791535143077354
coarse,log_I1,68,1.6321778274030834,1.5705398573946825,1.6938157974114842,0.08788214017241162,0.0914660725807036,0.09138645391257376,0.09150824873591853
coarse,log_I1,69,1.755453767419886,1.6938157974114842,1.8170917374282878,0.05571533121424958,0.05925147664747266,0.059087997965553425,0.059345027729469604
coarse,log_I1,70,1.8787297074366887,1.8170917374282878,1.9403676774450895,0.030746937968930976,0.03458905260502975,0.03438244657776285,0.03469364846603409
coarse,log_I1,71,2.0020056474534904,1.9403676774450895,2.0636436174618913,0.014815934669374173,0.017792853074162344,0.017598535840441687,0.01790342093584144
coarse,log_I2,0,-6.409284128921996,-6.469938623670079,-6.348629634173913,0.0009473020560778866,0.0010108385001883307,0.001005810337666638,0.001018030279351531
coarse,log_I2,1,-6.28797513942583,-6.348629634173913,-6.227320644677748,0.0011512172125633256,0.0011280912904783628,0.0011226663436117352,0.0011360326158607347
coarse,log_I2,2,-6.166666149929665,-6.227320644677748,-6.106011655181582,0.001210584916350215,0.0012603323483171278,0.0012534063988753098,0.0012687633161119194
coarse,log_I2,3,-6.0453571604335,-6.106011655181582,-5.984702665685417,0.0013422263464863886,0.0013629283888562382,0.0013556656559158796,0.001371752232790199
coarse,log_I2,4,-5.9240481709373345,-5.984702665685417,-5.863393676189252,0.00151258584430965,0.0015786048097896608,0.0015694715018578183,0.0015883132862255483
coarse,log_I2,5,-5.802739181441169,-5.863393676189252,-5.742084686693086,0.0015745347526090214,0.0014810402954978815,0.0014722664713879452,0.0014915700657780198
coarse,log_I2,6,-5.681430191945003,-5.742084686693086,-5.620775697196921,0.0019488094069177373,0.001832303831852717,0.0018230664303957621,0.001845539539944025
coarse,log_I2,7,-5.560121202448838,-5.620775697196921,-5.499466707700755,0.0021294937227908893,0.002246186414562102,0.0022346872971969393,0.0022623950417184698
coarse,log_I2,8,-5.438812212952672,-5.499466707700755,-5.378157718204589,0.0024779563319748533,0.002420439661993087,0.0024079606767554015,0.0024375152270628064
coarse,log_I2,9,-5.317503223456507,-5.378157718204589,-5.256848728708424,0.0027980256915216255,0.0027297847192669106,0.0027160356153245508,0.0027496082204982054
coarse,log_I2,10,-5.196194233960341,-5.256848728708424,-5.135539739212258,0.0029528979622700335,0.0028205056016464094,0.0028061028055779078,0.0028406429283426952
coarse,log_I2,11,-5.074885244464175,-5.135539739212258,-5.014230749716093,0.003407189956465448,0.0035072777806683508,0.0034875096127876086,0.0035337036546234666
coarse,log_I2,12,-4.95357625496801,-5.014230749716093,-4.892921760219927,0.003794370633336494,0.0038162499831683734,0.003796715154253229,0.003845840334390083
coarse,log_I2,13,-4.832267265471844,-4.892921760219927,-4.771612770723761,0.0048165276202761205,0.004438974030283326,0.0044163432483056795,0.004473776032420322
coarse,log_I2,14,-4.710958275975679,-4.771612770723761,-4.6503037812275965,0.0054592475438821385,0.005027912281816694,0.005002682356993161,0.005063760599968337
coarse,log_I2,15,-4.5896492864795135,-4.6503037812275965,-4.528994791731431,0.006029693741138809,0.005819177052309568,0.00578631164251023,0.005865038645205479
coarse,log_I2,16,-4.468340296983348,-4.528994791731431,-4.407685802235266,0.007180910953702179,0.006312756385835838,0.006279794159406462,0.006359432247706822
coarse,log_I2,17,-4.347031307487183,-4.407685802235266,-4.2863768127391,0.007823630877308104,0.006926673440695146,0.0068885561712692,0.006976237332654637
coarse,log_I2,18,-4.225722317991017,-4.2863768127391,-4.165067823242934,0.008879343522909892,0.008057960200691714,0.008013619458142319,0.008117210220653637
coarse,log_I2,19,-4.104413328494852,-4.165067823242934,-4.043758833746769,0.009612405604452522,0.009037816213672044,0.008988865377580283,0.009103525329626301
coarse,log_I2,20,-3.983104338998686,-4.043758833746769,-3.922449844250603,0.010557126456017864,0.010410717155784779,0.010357115326040145,0.010488203688814724
coarse,log_I2,21,-3.86179534950252,-3.922449844250603,-3.8011408547544376,0.01186063473481718,0.012372142864186295,0.012309815586955845,0.012458504815950625
coarse,log_I2,22,-3.740486360006355,-3.8011408547544376,-3.679831865258272,0.01326739119411541,0.013849250997747623,0.013782749638524884,0.013948214287260289
coarse,log_I2,23,-3.6191773705101893,-3.679831865258272,-3.558522875762107,0.014650916812801373,0.0152793961220236,0.015202149207662899,0.015384471462209866
coarse,log_I2,24,-3.4978683810140243,-3.558522875762107,-3.4372138862659414,0.016548102129469628,0.01667590980724578,0.016594013144057507,0.016789643838002834
coarse,log_I2,25,-3.3765593915178584,-3.4372138862659414,-3.3159048967697755,0.01905961412010658,0.018771105938384974,0.018683669660377013,0.01889787602850215
coarse,log_I2,26,-3.2552504020216926,-3.3159048967697755,-3.19459590727361,0.021834408971016,0.021393662071084656,0.021298307507399594,0.02154059838034031
coarse,log_I2,27,-3.1339414125255276,-3.19459590727361,-3.0732869177774447,0.02480279416036089,0.024525847001731337,0.02441487919424626,0.024685031899511222
coarse,log_I2,28,-3.0126324230293617,-3.0732869177774447,-2.9519779282812793,0.027458853603696442,0.026240291806475458,0.02612272606073096,0.026412181976943342
coarse,log_I2,29,-2.8913234335331963,-2.9519779282812793,-2.8306689387851134,0.030527905769027697,0.029564696534437843,0.029443701132463154,0.029760001810018605
coarse,log_I2,30,-2.770014444037031,-2.8306689387851134,-2.709359949288948,0.03494434668987051,0.033585778388838035,0.03344695095388099,0.03380351599586602
coarse,log_I2,31,-2.648705454540865,-2.709359949288948,-2.5880509597927825,0.038909076821030286,0.037973830966671174,0.03782819953613356,0.038207644003442745
coarse,log_I2,32,-2.5273964650447,-2.5880509597927825,-2.466741970296617,0.04265182336411732,0.04245233308979845,0.04229540805432366,0.04271159403346226
coarse,log_I2,33,-2.406087475548534,-2.466741970296617,-2.3454329808004513,0.04803879718164999,0.047018352257202085,0.046854159802493744,0.047302971057258295
coarse,log_I2,34,-2.2847784860523688,-2.3454329808004513,-2.2241239913042863,0.05504934863752925,0.05440020639820966,0.05422573053674012,0.05471544515844117
coarse,log_I2,35,-2.1634694965562034,-2.2241239913042863,-2.1028150018081204,0.06076155422363338,0.06041415955361343,0.06023283367291515,0.06075619182174523
coarse,log_I2,36,-2.0421605070600375,-2.1028150018081204,-1.9815060123119546,0.0689594597552502,0.06813826462979734,0.06794326625334778,0.06851412566235092
coarse,log_I2,37,-1.920851517563872,-1.9815060123119546,-1.8601970228157896,0.07621522563981462,0.0766363065384993,0.07643204197501759,0.07704095479839161
coarse,log_I2,38,-1.7995425280677066,-1.8601970228157896,-1.7388880333196237,0.08594378544732784,0.08629761336125473,0.08606137885712292,0.08672991146207458
coarse,log_I2,39,-1.6782335385715412,-1.7388880333196237,-1.6175790438234587,0.09623504783856159,0.09754579704608364,0.09728063713146304,0.09800801389033259
coarse,log_I2,40,-1.5569245490753758,-1.6175790438234587,-1.4962700543272929,0.1065624470929686,0.1068110105302369,0.10651619155409639,0.1072962390884647
coarse,log_I2,41,-1.43561555957921,-1.4962700543272929,-1.374961064831127,0.11664205071417881,0.11796382686550767,0.1176487824445382,0.1184680248955589
coarse,log_I2,42,-1.3143065700830445,-1.374961064831127,-1.253652075334962,0.1297313387969344,0.1307130177332775,0.13037363434350932,0.13122546988136266
coarse,log_I2,43,-1.192997580586879,-1.253652075334962,-1.1323430858387962,0.14218823177413206,0.1448323665145456,0.14444776673397308,0.14536114567609976
coarse,log_I2,44,-1.0716885910907137,-1.1323430858387962,-1.0110340963426312,0.1574018511706538,0.1565190580104094,0.1561097565210343,0.15703983069842725
coarse,log_I2,45,-0.9503796015945483,-1.0110340963426312,-0.8897251068464653,0.17370473887143723,0.17409337404118563,0.17365639520120607,0.1746197996869772
coarse,log_I2,46,-0.8290706120983824,-0.8897251068464653,-0.7684161173502995,0.18958689023668854,0.19009940001595846,0.1896613942977588,0.19059750202524658
coarse,log_I2,47,-0.707761622602217,-0.7684161173502995,-0.6471071278541345,0.20724232910201087,0.2043695432339021,0.20391780352562536,0.20484354573861685
coarse,log_I2,48,-0.5864526331060516,-0.6471071278541345,-0.5257981383579686,0.2263871229710276,0.22361832675758428,0.22315920246350168,0.2240527136577225
coarse,log_I2,49,-0.46514364360988614,-0.5257981383579686,-0.40448914886180365,0.24286811378317463,0.24196555511334808,0.24149456035011452,0.2423508066013047
coarse,log_I2,50,-0.3438346541137207,-0.40448914886180365,-0.2831801593656378,0.26022155172053424,0.25935645717146777,0.25890165953775407,0.2596748549028987
coarse,log_I2,51,-0.22252566461755485,-0.2831801593656378,-0.16187116986947192,0.2791340371834298,0.27695665334658515,0.27650868708249676,0.2771996113140427
coarse,log_I2,52,-0.10121667512138943,-0.16187116986947192,-0.040562180373306944,0.29979916051029726,0.29629141547216586,0.2958800180648662,0.2965719467611219
coarse,log_I2,53,0.020092314374775988,-0.040562180373306944,0.08074680912285892,0.3184457819084059,0.31444458223997374,0.3140808521887472,0.3147837658805588
coarse,log_I2,54,0.14140130387094185,0.08074680912285892,0.20205579861902478,0.3348157809265147,0.32948477843768204,0.3291896029820234,0.32990707069479097
coarse,log_I2,55,0.2627102933671073,0.20205579861902478,0.32336478811518976,0.3480418728484331,0.34699176876216925,0.34671602341665303,0.34748946834728334
coarse,log_I2,56,0.3840192828632727,0.32336478811518976,0.4446737776113556,0.3603180815097559,0.3593103957870736,0.3588636777149183,0.3598447418644333
coarse,log_I2,57,0.5053282723594381,0.4446737776113556,0.5659827671075206,0.3684204824744139,0.36645089544697,0.36583847698833233,0.36700512831361026
coarse,log_I2,58,0.6266372618556035,0.5659827671075206,0.6872917566036865,0.3747573395525344,0.3695497144153081,0.36878392755640665,0.37010379354542755
coarse,log_I2,59,0.7479462513517694,0.6872917566036865,0.8086007460998523,0.37435725285310095,0.37018146542192315,0.3693077668747835,0.370687749338872
coarse,log_I2,60,0.8692552408479348,0.8086007460998523,0.9299097355960173,0.3673131457385626,0.364855124348543,0.3639252832510989,0.36537814370612964
coarse,log_I2,61,0.9905642303441002,0.9299097355960173,1.0512187250921832,0.3539347627504082,0.35278735698804004,0.3518358822269413,0.35345336457068577
coarse,log_I2,62,1.1118732198402657,1.0512187250921832,1.1725277145883481,0.33273791129397573,0.334245350769635,0.3333347087369033,0.33502143288323744
coarse,log_I2,63,1.233182209336431,1.1725277145883481,1.293836704084514,0.3025868613837668,0.3039254370516418,0.3030717720356886,0.30478287656306174
coarse,log_I2,64,1.354491198832597,1.293836704084514,1.4151456935806799,0.26393332380947154,0.27071811602862467,0.2699080013347664,0.2716320874566865
coarse,log_I2,65,1.4758001883287624,1.4151456935806799,1.5364546830768449,0.22283022315284032,0.23288446448471664,0.23213011150201482,0.23380294510104313
coarse,log_I2,66,1.5971091778249278,1.5364546830768449,1.6577636725730107,0.18068947828219134,0.18561286310101122,0.18492303564094673,0.18647618545337236
coarse,log_I2,67,1.7184181673210936,1.6577636725730107,1.7790726620691766,0.13568101519818557,0.14097153326804543,0.14036843208420083,0.1417405519051523
coarse,log_I2,68,1.8397271568172595,1.7790726620691766,1.9003816515653424,0.09350929587338855,0.09776500026454493,0.09728279244268123,0.09838396006532169
coarse,log_I2,69,1.9610361463134245,1.9003816515653424,2.0216906410615065,0.05666776386685076,0.061077285924359036,0.0607312663915236,0.06152663007115414
coarse,log_I2,70,2.0823451358095895,2.0216906410615065,2.1429996305576724,0.03230635567812215,0.03531475116692736,0.03510999278038763,0.03559335998651767
coarse,log_I2,71,2.2036541253057553,2.1429996305576724,2.2643086200538387,0.015270405895794977,0.016889762697719277,0.016798616927564246,0.017031017225613777
coarse,log_I3,0,-6.28821296060072,-6.348039588177033,-6.2283863330244085,0.0009734952181394885,0.0010536602673714114,0.0010513699176990699,0.0010571431127316341
coarse,log_I3,1,-6.1685597054480965,-6.2283863330244085,-6.108733077871784,0.0012273367131919897,0.0012299495266185473,0.001227764108850027,0.001233359958274867
coarse,log_I3,2,-6.048906450295471,-6.108733077871784,-5.989079822719159,0.0013398643862565004,0.0012444317053081017,0.001242228213335544,0.0012475379739462092
coarse,log_I3,3,-5.929253195142847,-5.989079822719159,-5.869426567566534,0.0015989397265678159,0.0014978840136147147,0.001495868129543618,0.0015016779330238675
coarse,log_I3,4,-5.809599939990221,-5.869426567566534,-5.749773312413909,0.0016826812507088472,0.0016361645976654107,0.0016331877609055462,0.0016408831442137788
coarse,log_I3,5,-5.689946684837597,-5.749773312413909,-5.630120057261284,0.002143259633484519,0.0018558403005215255,0.0018521911682746353,0.00186175189379489
coarse,log_I3,6,-5.5702934296849715,-5.630120057261284,-5.51046680210866,0.0022243842349961435,0.0021317083657474145,0.0021280259069803675,0.0021374332791043896
coarse,log_I3,7,-5.450640174532348,-5.51046680210866,-5.390813546956036,0.0024991611110839205,0.0024723612701187518,0.002468544924938102,0.0024795148391101728
coarse,log_I3,8,-5.330986919379723,-5.390813546956036,-5.27116029180341,0.0026012210936307645,0.002809290759422373,0.0028050781454725085,0.00281748253753209
coarse,log_I3,9,-5.211333664227098,-5.27116029180341,-5.151507036650786,0.003124605619512253,0.0031375774348499376,0.0031323027394902963,0.0031453994708285533
coarse,log_I3,10,-5.091680409074474,-5.151507036650786,-5.031853781498161,0.0035066763234056844,0.003535581099888295,0.003529568937582272,0.0035452312626485945
coarse,log_I3,11,-4.972027153921848,-5.031853781498161,-4.912200526345536,0.003998657777734243,0.0038100258922880888,0.0038023097876441667,0.0038203059271308655
coarse,log_I3,12,-4.852373898769224,-4.912200526345536,-4.792547271192912,0.0045141915357274675,0.004443111476662835,0.004436864575386231,0.004454168523355883
coarse,log_I3,13,-4.732720643616599,-4.792547271192912,-4.672894016040287,0.004956451460097288,0.00515641016583416,0.0051500117387398795,0.005169153895657185
coarse,log_I3,14,-4.613067388463975,-4.672894016040287,-4.553240760887662,0.005678722105813684,0.005582621438718478,0.005573981024279295,0.005597002787998396
coarse,log_I3,15,-4.493414133311349,-4.553240760887662,-4.433587505735037,0.006225658935359794,0.006359079049525287,0.006349230843812449,0.0063748683890257766
coarse,log_I3,16,-4.373760878158725,-4.433587505735037,-4.313934250582412,0.0073116818265637935,0.007215681575390969,0.0072030646080657006,0.007234652519445446
coarse,log_I3,17,-4.2541076230060995,-4.313934250582412,-4.1942809954297875,0.00808890784749774,0.008375594963055238,0.00836250731597967,0.008397583033472133
coarse,log_I3,18,-4.1344543678534755,-4.1942809954297875,-4.074627740277163,0.009114741518225373,0.009241282016621106,0.00922756400106888,0.009265298713261129
coarse,log_I3,19,-4.01480111270085,-4.074627740277163,-3.954974485124538,0.010349928999305584,0.010129285798413974,0.010111398266599098,0.010158198598344026
coarse,log_I3,20,-3.895147857548226,-3.954974485124538,-3.8353212299719135,0.011676708772415091,0.011613731488146171,0.011595231210298337,0.011644059249851282
coarse,log_I3,21,-3.775494602395601,-3.8353212299719135,-3.7156679748192887,0.012859557800907116,0.012873041344192987,0.012855079667124543,0.012906725645507388
coarse,log_I3,22,-3.6558413472429763,-3.7156679748192887,-3.596014719666664,0.01434596985441042,0.014587275483601869,0.014561268043214129,0.01462721441099459
coarse,log_I3,23,-3.5361880920903515,-3.596014719666664,-3.476361464514039,0.01672475252454159,0.016786773216757426,0.016757791702315426,0.01683247282427531
coarse,log_I3,24,-3.4165348369377266,-3.476361464514039,-3.3567082093614142,0.01859323528193835,0.01816601364612346,0.018136926286654642,0.018215484420972664
coarse,log_I3,25,-3.296881581785102,-3.3567082093614142,-3.2370549542087894,0.020922296422110784,0.020915736970967633,0.020881864063166826,0.020973740177800394
coarse,log_I3,26,-3.177228326632477,-3.2370549542087894,-3.1174016990561646,0.02365174672458252,0.023306150709103718,0.023266792108743033,0.023370019402294134
coarse,log_I3,27,-3.057575071479852,-3.1174016990561646,-2.9977484439035402,0.0266141031410716,0.026340546417892092,0.026295597798961467,0.026412950334155205
coarse,log_I3,28,-2.937921816327228,-2.9977484439035402,-2.8780951887509154,0.029945445648306902,0.029759732185951935,0.029710080470027805,0.029838786973588924
coarse,log_I3,29,-2.818268561174603,-2.8780951887509154,-2.7584419335982906,0.033580351180553546,0.033438352012267074,0.03338301528411317,0.03352729170285918
coarse,log_I3,30,-2.698615306021978,-2.7584419335982906,-2.638788678445666,0.03764966586928178,0.037235179018085394,0.0371720567048524,0.037334486013977895
coarse,log_I3,31,-2.5789620508693534,-2.638788678445666,-2.519135423293041,0.04236797737010301,0.04202243299464875,0.04194796564358505,0.04213328735118745
coarse,log_I3,32,-2.4593087957167286,-2.519135423293041,-2.399482168140416,0.04660739202974272,0.0464755243516082,0.04639743680648411,0.04659811629243728
coarse,log_I3,33,-2.3396555405641037,-2.399482168140416,-2.2798289129877913,0.05202180494998627,0.05188617110218444,0.05179558805917039,0.052022362946458345
coarse,log_I3,34,-2.220002285411479,-2.2798289129877913,-2.1601756578351665,0.058888609929550834,0.05904450157723384,0.05894759725212835,0.059191681618392666
coarse,log_I3,35,-2.100349030258854,-2.1601756578351665,-2.0405224026825417,0.06665301937100208,0.06579010704441228,0.06567331046761303,0.06595625961199478
coarse,log_I3,36,-1.9806957751062293,-2.0405224026825417,-1.9208691475299169,0.0747000564564293,0.07323431020308863,0.07310472372724566,0.07341665592646987
coarse,log_I3,37,-1.8610425199536045,-1.9208691475299169,-1.801215892377292,0.08276279507763298,0.08194918684913917,0.08180629326609923,0.08214435919813841
coarse,log_I3,38,-1.7413892648009797,-1.801215892377292,-1.6815626372246673,0.09220465192453424,0.09182060558010924,0.09165318457744846,0.0920436149318711
coarse,log_I3,39,-1.6217360096483548,-1.6815626372246673,-1.5619093820720424,0.10305964699131542,0.1029162424717854,0.10272645392995328,0.10315056310719446
coarse,log_I3,40,-1.5020827544957305,-1.5619093820720424,-1.4422561269194185,0.11514459569391886,0.11384323621166069,0.11363737064688283,0.11408740425493324
coarse,log_I3,41,-1.382429499343106,-1.4422561269194185,-1.3226028717667937,0.1285092195623007,0.12774389504083392,0.12751956870329761,0.12800152878664225
coarse,log_I3,42,-1.2627762441904813,-1.3226028717667937,-1.2029496166141689,0.14080613899788527,0.14168447365165035,0.141429488450997,0.1419556083014908
coarse,log_I3,43,-1.1431229890378565,-1.2029496166141689,-1.083296361461544,0.1559136333374532,0.15622729810610744,0.155949789108945,0.156504759950615
coarse,log_I3,44,-1.0234697338852317,-1.083296361461544,-0.9636431063089193,0.17032240933496937,0.17184311945433547,0.17153819670985998,0.17211922496525636
coarse,log_I3,45,-0.9038164787326068,-0.9636431063089193,-0.8439898511562944,0.18830851856688524,0.18764766814484646,0.1873158542914028,0.18792185057238525
coarse,log_I3,46,-0.784163223579982,-0.8439898511562944,-0.7243365960036696,0.20687820154515896,0.2053109203971243,0.20495811735039712,0.20557386392547186
coarse,log_I3,47,-0.6645099684273572,-0.7243365960036696,-0.6046833408510448,0.22614136902022555,0.2240755194136875,0.22370458796348006,0.22432771757800765
coarse,log_I3,48,-0.5448567132747324,-0.6046833408510448,-0.48503008569842,0.24391550751915944,0.24278734497288265,0.24240686108244255,0.24300762798899314
coarse,log_I3,49,-0.4252034581221076,-0.48503008569842,-0.3653768305457952,0.2647514454944998,0.2620063848413668,0.26160184896098465,0.26220916025136565
coarse,log_I3,50,-0.30555020296948276,-0.3653768305457952,-0.24572357539317036,0.2829861623762093,0.28092911696007067,0.28053362795583325,0.2811611124009807
coarse,log_I3,51,-0.18589694781685795,-0.24572357539317036,-0.12607032024054554,0.30185679145686484,0.30065447636406933,0.3002515479605361,0.3009210915103709
coarse,log_I3,52,-0.06624369266423313,-0.12607032024054554,-0.006417065087920726,0.31922792387087,0.31860552822086846,0.31821226622118015,0.31891656754292996
coarse,log_I3,53,0.05340956248839168,-0.006417065087920726,0.11323619006470409,0.33480384736110186,0.33378143892180767,0.33341746059031235,0.3341171470465504
coarse,log_I3,54,0.1730628176410165,0.11323619006470409,0.2328894452173289,0.35090053845458574,0.3492694188814503,0.3489495673671113,0.3496187953580676
coarse,log_I3,55,0.29271607279364087,0.2328894452173289,0.35254270036995283,0.3607741875353419,0.35992579311662837,0.3596465873259472,0.3602968114930399
coarse,log_I3,56,0.41236932794626524,0.35254270036995283,0.47219595552257765,0.3687531846324018,0.36709007541245886,0.36688728674658344,0.3674630967586148
coarse,log_I3,57,0.5320225830988901,0.47219595552257765,0.5918492106752025,0.37379076069401074,0.3713156095558534,0.3710315917874764,0.3716885512602404
coarse,log_I3,58,0.6516758382515149,0.5918492106752025,0.7115024658278273,0.3710665442367978,0.3696391930828738,0.3692677532919701,0.3699788190927138
coarse,log_I3,59,0.7713290934041397,0.7115024658278273,0.8311557209804521,0.36439077460917996,0.3611444067436611,0.3606670227216214,0.36145159605702654
coarse,log_I3,60,0.8909823485567645,0.8311557209804521,0.9508089761330769,0.34965226636035845,0.3489210815637889,0.3483853642703937,0.34923553948867875
coarse,log_I3,61,1.0106356037093893,0.9508089761330769,1.0704622312857017,0.32921933446994683,0.33257455008329534,0.3319794816914257,0.33303236641922523
coarse,log_I3,62,1.1302888588620141,1.0704622312857017,1.1901154864383265,0.30348451733235615,0.3079539762015255,0.30737366284689377,0.30851374113003543
coarse,log_I3,63,1.249942114014639,1.1901154864383265,1.3097687415909514,0.2701946445636668,0.2760671170558217,0.27554353574627305,0.27672621992105984
coarse,log_I3,64,1.3695953691672638,1.3097687415909514,1.4294219967435762,0.2366692487583308,0.24104586328555078,0.24062406958860966,0.24176197469040225
coarse,log_I3,65,1.4892486243198886,1.4294219967435762,1.549075251896201,0.19718250320320516,0.20039015477327493,0.19999060721383394,0.20112944992147733
coarse,log_I3,66,1.608901879472513,1.549075251896201,1.668728507048825,0.15771930995174535,0.16105168378811396,0.16059327992741732,0.16181474888833766
coarse,log_I3,67,1.7285551346251378,1.668728507048825,1.7883817622014506,0.116981675379761,0.11994336550764255,0.11943500872353344,0.12069018246617269
coarse,log_I3,68,1.8482083897777626,1.7883817622014506,1.9080350173540745,0.0815354583644416,0.08284225857167234,0.08235823673872475,0.08354874336892693
coarse,log_I3,69,1.9678616449303874,1.9080350173540745,2.0276882725067003,0.052694354065743534,0.053747802466550844,0.053296749496526574,0.05434860440557718
coarse,log_I3,70,2.087514900083012,2.0276882725067003,2.147341527659324,0.029840768743130835,0.029886882656019978,0.029485440067520397,0.030327993100750395
coarse,log_I3,71,2.2071681552356366,2.147341527659324,2.266994782811949,0.014076426823581475,0.014453807121376979,0.014151614440222752,0.01472917474827466
coarse,theta1,0,-3.097959422289935,-3.141592653589793,-3.0543261909900767,0.24719300680668674,0.24339282784409255,0.24307105634947734,0.24388692208501783
coarse,theta1,1,-3.0106929596902186,-3.0543261909900767,-2.9670597283903604,0.24303552338060297,0.23966106628998998,0.23930946123409902,0.24020240014008767
coarse,theta1,2,-2.923426497090502,-2.9670597283903604,-2.8797932657906435,0.23792908809585114,0.23343316642992398,0.23309293315859053,0.23402380168183193
coarse,theta1,3,-2.8361600344907854,-2.8797932657906435,-2.792526803190927,0.23010113049945347,0.22635918673525132,0.22601461923681176,0.22701548230550944
coarse,theta1,4,-2.748893571891069,-2.792526803190927,-2.705260340591211,0.22017473596275727,0.2168927792047235,0.21655609667039824,0.21753195984267581
coarse,theta1,5,-2.6616271092913526,-2.705260340591211,-2.6179938779914944,0.2110540552683254,0.20738072670976124,0.20701185832150626,0.20801023153459092
coarse,theta1,6,-2.574360646691636,-2.6179938779914944,-2.5307274153917776,0.20057619436847848,0.19956500750694206,0.19919130843457028,0.20016196624504964
coarse,theta1,7,-2.4870941840919194,-2.5307274153917776,-2.443460952792061,0.19271600821839,0.19028946559688695,0.18991987205950522,0.19082567157490427
coarse,theta1,8,-2.399827721492203,-2.443460952792061,-2.356194490192345,0.1819373474840987,0.18185265274760756,0.18148908201197286,0.18232862704676908
coarse,theta1,9,-2.3125612588924866,-2.356194490192345,-2.2689280275926285,0.17180683877402894,0.17433244255899663,0.17399905957983117,0.174742529384658
coarse,theta1,10,-2.2252947962927703,-2.2689280275926285,-2.181661564992912,0.16184463473323213,0.1668983804983084,0.1665681753799669,0.16727201267547515
coarse,theta1,11,-2.138028333693054,-2.181661564992912,-2.0943951023931957,0.15480090527663715,0.15941100775380534,0.15908181656949968,0.15976595505225302
coarse,theta1,12,-2.0507618710933375,-2.0943951023931957,-2.007128639793479,0.14821195652211946,0.1521990669422239,0.15187657267482255,0.15253574875564208
coarse,theta1,13,-1.9634954084936207,-2.007128639793479,-1.9198621771937625,0.1440186635919358,0.14692812635748018,0.14658807980286248,0.14727816940556598
coarse,theta1,14,-1.8762289458939043,-1.9198621771937625,-1.832595714594046,0.1391378281830188,0.1404434332657767,0.14011230090837984,0.140782486051216
coarse,theta1,15,-1.7889624832941877,-1.832595714594046,-1.7453292519943295,0.1360904393840551,0.1362834491414954,0.13593460270994115,0.13662573072056197
coarse,theta1,16,-1.7016960206944713,-1.7453292519943295,-1.6580627893946132,0.13190072740428074,0.13222881180698332,0.1318828361910029,0.13256284447499067
coarse,theta1,17,-1.6144295580947547,-1.6580627893946132,-1.5707963267948966,0.12836991029995776,0.12878978089888313,0.12844762442339755,0.12912218196742475
coarse,theta1,18,-1.5271630954950384,-1.5707963267948966,-1.4835298641951802,0.1250288835673688,0.12582444474651377,0.12549659656385712,0.12613965721197187
coarse,theta1,19,-1.439896632895322,-1.4835298641951802,-1.3962634015954636,0.12167353303313895,0.12336839079940853,0.12306106732428634,0.12365933883533352
coarse,theta1,20,-1.3526301702956054,-1.3962634015954636,-1.3089969389957472,0.11933875336577783,0.11934940596636816,0.11906631692596627,0.11961787362332035
coarse,theta1,21,-1.2653637076958888,-1.3089969389957472,-1.2217304763960306,0.11526721274953527,0.1168452372222951,0.11657579584200263,0.11708899503525998
coarse,theta1,22,-1.1780972450961724,-1.2217304763960306,-1.1344640137963142,0.1141141467174951,0.11493709830979186,0.11470378248494217,0.11514945041903238
coarse,theta1,23,-1.090830782496456,-1.1344640137963142,-1.0471975511965979,0.11115628167878261,0.11281955883644794,0.1126116960230463,0.11300310341601327
coarse,theta1,24,-1.0035643198967397,-1.0471975511965979,-0.9599310885968815,0.11120283403411343,0.11122070316281767,0.11105784486974325,0.11135990205697716
coarse,theta1,25,-0.9162978572970231,-0.9599310885968815,-0.8726646259971647,0.10949830163892263,0.10960464031880583,0.10946754869098883,0.10972746772655459
coarse,theta1,26,-0.8290313946973065,-0.8726646259971647,-0.7853981633974483,0.10732824569042466,0.10761979963125039,0.10751431285861876,0.10771453182036236
coarse,theta1,27,-0.7417649320975901,-0.7853981633974483,-0.6981317007977319,0.10656550325308115,0.10623780091129759,0.10616433166005547,0.10631056752823544
coarse,theta1,28,-0.6544984694978737,-0.6981317007977319,-0.6108652381980155,0.10731392188878441,0.10637118043780534,0.10633613722136387,0.1064214446540339
coarse,theta1,29,-0.5672320068981571,-0.6108652381980155,-0.5235987755982987,0.10597464643542012,0.10543833863650236,0.10541443955939667,0.10546326239571793
coarse,theta1,30,-0.4799655442984405,-0.5235987755982987,-0.43633231299858233,0.10550196098129226,0.10562437619366061,0.10558065085695609,0.10565647345689472
coarse,theta1,31,-0.39269908169872414,-0.43633231299858233,-0.34906585039886595,0.10476786614722924,0.10462699585331843,0.10457639402773428,0.10467779124989242
coarse,theta1,32,-0.30543261909900776,-0.34906585039886595,-0.2617993877991496,0.10515818974192617,0.10513206036658068,0.10505612764994882,0.1052237927960979
coarse,theta1,33,-0.21816615649929139,-0.2617993877991496,-0.1745329251994332,0.1053623039152998,0.10464454551716251,0.10456252638327174,0.10476142701730332
coarse,theta1,34,-0.1308996938995748,-0.1745329251994332,-0.08726646259971638,0.10529426585750805,0.1057397948722139,0.10563309568002516,0.10588733009148356
coarse,theta1,35,-0.04363323129985819,-0.08726646259971638,0.0,0.10570249420425583,0.10578501442428011,0.10568262746908777,0.10595462431420087
coarse,theta1,36,0.04363323129985819,0.0,0.08726646259971638,0.10669083651743336,0.10625873181898508,0.10614192021955328,0.10645328264901865
coarse,theta1,37,0.13089969389957457,0.08726646259971638,0.17453292519943275,0.10782957874783357,0.10788440583557325,0.10776134661569213,0.10810466715350053
coarse,theta1,38,0.21816615649929116,0.17453292519943275,0.2617993877991496,0.10771498833471099,0.10837404140280531,0.1082441802930935,0.10862166608939781
coarse,theta1,39,0.30543261909900776,0.2617993877991496,0.34906585039886595,0.10979910147336852,0.10986110000081743,0.10972696153476257,0.11012910256409462
coarse,theta1,40,0.39269908169872414,0.34906585039886595,0.43633231299858233,0.11074805333203536,0.11042461772599989,0.11025390765920451,0.11072025864086381
coarse,theta1,41,0.4799655442984405,0.43633231299858233,0.5235987755982987,0.11245974762804574,0.11205984729133285,0.11185774996206153,0.11238758014318886
coarse,theta1,42,0.5672320068981569,0.5235987755982987,0.6108652381980151,0.11274264271044075,0.11391038754612608,0.11367166655258272,0.11425480987400022
coarse,theta1,43,0.6544984694978735,0.6108652381980151,0.6981317007977319,0.11698248799595543,0.11650220297325903,0.11623007295859143,0.11688236728526522
coarse,theta1,44,0.7417649320975901,0.6981317007977319,0.7853981633974483,0.11838263960629085,0.11873267350007888,0.11842591828425572,0.11914820114683997
coarse,theta1,45,0.8290313946973065,0.7853981633974483,0.8726646259971647,0.12185974245446256,0.12080094251560032,0.120458319717048,0.12124197767332681
coarse,theta1,46,0.9162978572970228,0.8726646259971647,0.959931088596881,0.12417661736977367,0.12339836210552464,0.12301362601026743,0.12387002835841446
coarse,theta1,47,1.0035643198967392,0.959931088596881,1.0471975511965974,0.12569135939323056,0.1258565780098699,0.12544213284936653,0.126353656157944
coarse,theta1,48,1.0908307824964556,1.0471975511965974,1.1344640137963138,0.13109143261160638,0.1299415107851646,0.12950057874343768,0.13046135839733097
coarse,theta1,49,1.178097245096172,1.1344640137963138,1.2217304763960302,0.13605462987995445,0.13538646780638464,0.13490920909243173,0.13594132417764027
coarse,theta1,50,1.2653637076958888,1.2217304763960302,1.3089969389957474,0.1384288000018252,0.13916561015047768,0.13868931567157228,0.13972282438469547
coarse,theta1,51,1.3526301702956056,1.3089969389957474,1.3962634015954638,0.14359253049313822,0.1437682636000375,0.1432584764826911,0.14435526229492895
coarse,theta1,52,1.439896632895322,1.3962634015954638,1.4835298641951802,0.14896037515782348,0.14964391323640466,0.1491220180917796,0.1502216626040233
coarse,theta1,53,1.5271630954950384,1.4835298641951802,1.5707963267948966,0.15459679110326352,0.15365723420029245,0.1531258754299945,0.15421506444698363
coarse,theta1,54,1.6144295580947547,1.5707963267948966,1.658062789394613,0.16079541626308352,0.1619528078347018,0.16139208999233257,0.16250049609631095
coarse,theta1,55,1.7016960206944711,1.658062789394613,1.7453292519943293,0.16616684187817884,0.16900019438296773,0.16839070918509425,0.16952290471517523
coarse,theta1,56,1.7889624832941875,1.7453292519943293,1.8325957145940457,0.17445316112706588,0.17599364203438442,0.17535407439467512,0.17646558237920157
coarse,theta1,57,1.8762289458939039,1.8325957145940457,1.919862177193762,0.18311906111941967,0.18507862137922163,0.18438250484317945,0.1855061494278094
coarse,theta1,58,1.9634954084936203,1.919862177193762,2.0071286397934784,0.19126214235190422,0.19294387815941025,0.19221092168044723,0.19332505495007424
coarse,theta1,59,2.050761871093337,2.0071286397934784,2.0943951023931957,0.19997817564999684,0.20028192890989968,0.19955261055713566,0.20075036710267455
coarse,theta1,60,2.138028333693054,2.0943951023931957,2.181661564992912,0.20714007647012594,0.210775815421007,0.21006625205671314,0.2113674701899598
coarse,theta1,61,2.2252947962927703,2.181661564992912,2.2689280275926285,0.2196017838971471,0.2196412659637311,0.21902722146500672,0.22029952348999005
coarse,theta1,62,2.3125612588924866,2.2689280275926285,2.356194490192345,0.23008322574740311,0.22781385592921866,0.22732620157520564,0.22848846813160742
coarse,theta1,63,2.399827721492203,2.356194490192345,2.443460952792061,0.23545465136249846,0.2355884120515246,0.2352699280332109,0.23621197738592817
coarse,theta1,64,2.4870941840919194,2.443460952792061,2.5307274153917776,0.24123072437393095,0.2381305036013939,0.2377534629257338,0.23864919135296292
coarse,theta1,65,2.574360646691636,2.5307274153917776,2.617993877991494,0.24590744560947395,0.2437933893223472,0.24340468163891033,0.2441989394338123
coarse,theta1,66,2.661627109291352,2.617993877991494,2.7052603405912103,0.24887247254900655,0.24840844541351226,0.24805639176887817,0.24865938499817994
coarse,theta1,67,2.7488935718910685,2.7052603405912103,2.7925268031909267,0.25022965275442066,0.2512597209723518,0.2509531936573113,0.2514683645116428
coarse,theta1,68,2.8361600344907854,2.7925268031909267,2.879793265790644,0.2536172318423382,0.25157855241154264,0.2512988008958411,0.2518627147603482
coarse,theta1,69,2.923426497090502,2.879793265790644,2.9670597283903604,0.2537031746521823,0.2522203373485294,0.2519747008979491,0.2525614271298869
coarse,theta1,70,3.0106929596902186,2.9670597283903604,3.0543261909900767,0.252560851471372,0.25163533168897273,0.25142669841613063,0.2520309872331127
coarse,theta1,71,3.097959422289935,3.0543261909900767,3.141592653589793,0.25002911953145707,0.24990154479136054,0.24963308333636905,0.250338812757519
coarse,theta3,0,-3.097959422289935,-3.141592653589793,-3.0543261909900767,0.23940443966479855,0.24198309236591256,0.2415884395028206,0.24253380682493866
coarse,theta3,1,-3.0106929596902186,-3.0543261909900767,-2.9670597283903604,0.24084040077923402,0.24445694734198783,0.2440554881297369,0.24502837230244368
coarse,theta3,2,-2.923426497090502,-2.9670597283903604,-2.8797932657906435,0.24074371511816106,0.24281736513051344,0.24241398011529192,0.2433908495429119
coarse,theta3,3,-2.8361600344907854,-2.8797932657906435,-2.792526803190927,0.23730242177409125,0.2394908446449268,0.23902698172291134,0.24004673605123467
coarse,theta3,4,-2.748893571891069,-2.792526803190927,-2.705260340591211,0.23407598545462396,0.23866900363791843,0.2382236829213308,0.2391837716267336
coarse,theta3,5,-2.6616271092913526,-2.705260340591211,-2.6179938779914944,0.2303697017802082,0.23458218887484072,0.23416587815007253,0.23504183985212523
coarse,theta3,6,-2.574360646691636,-2.6179938779914944,-2.5307274153917776,0.22672429426276236,0.22880405214179642,0.22841797656378438,0.22920941366764544
coarse,theta3,7,-2.4870941840919194,-2.5307274153917776,-2.443460952792061,0.2217754207960557,0.22200156893917222,0.22166941156115005,0.2223276031765616
coarse,theta3,8,-2.399827721492203,-2.443460952792061,-2.356194490192345,0.21676925212278683,0.21604950949186244,0.21576701371245557,0.2163449589232779
coarse,theta3,9,-2.3125612588924866,-2.356194490192345,-2.2689280275926285,0.2105276555580461,0.21023490653806562,0.21001499945784868,0.21048857122549897
coarse,theta3,10,-2.2252947962927703,-2.2689280275926285,-2.181661564992912,0.2051240013892602,0.2027095762461463,0.2025813782741163,0.2029071601139383
coarse,theta3,11,-2.138028333693054,-2.181661564992912,-2.0943951023931957,0.1992404998655258,0.19560293712021357,0.19551688848577778,0.19575487226360813
coarse,theta3,12,-2.0507618710933375,-2.0943951023931957,-2.007128639793479,0.194012312266832,0.1906505546955453,0.19056749991194788,0.19075199627273778
coarse,theta3,13,-1.9634954084936207,-2.007128639793479,-1.9198621771937625,0.18804644888366712,0.18631244150223503,0.18623672084823548,0.18636098882119947
coarse,theta3,14,-1.8762289458939043,-1.9198621771937625,-1.832595714594046,0.18159715719514222,0.1784610608761923,0.17839022624602607,0.17855917208271313
coarse,theta3,15,-1.7889624832941877,-1.832595714594046,-1.7453292519943295,0.17519083691153897,0.17085347989654373,0.1707774337024798,0.17098261654331298
coarse,theta3,16,-1.7016960206944713,-1.7453292519943295,-1.6580627893946132,0.16711937468725574,0.16611924468666736,0.16597462490644213,0.16629730390513475
coarse,theta3,17,-1.6144295580947547,-1.6580627893946132,-1.5707963267948966,0.16235312969146073,0.15946647916800183,0.1592702156856026,0.1596700211144654
coarse,theta3,18,-1.5271630954950384,-1.5707963267948966,-1.4835298641951802,0.157497360935415,0.15455065029837556,0.15430080955642436,0.15479695789539916
coarse,theta3,19,-1.439896632895322,-1.4835298641951802,-1.3962634015954636,0.15052166953661084,0.1493987737033373,0.14912954011444152,0.14965164311594054
coarse,theta3,20,-1.3526301702956054,-1.3962634015954636,-1.3089969389957472,0.14822269937335042,0.14604392108336364,0.14572132435039178,0.14633279710178296
coarse,theta3,21,-1.2653637076958888,-1.3089969389957472,-1.2217304763960306,0.1440616349968562,0.1401079249867151,0.13976019693499006,0.14040912343647516
coarse,theta3,22,-1.1780972450961724,-1.2217304763960306,-1.1344640137963142,0.1389193902080053,0.13825759386255046,0.13789486893263245,0.1385703650061554
coarse,theta3,23,-1.090830782496456,-1.1344640137963142,-1.0471975511965979,0.13564640153320723,0.13354193904998793,0.13315564012037343,0.13387239723108824
coarse,theta3,24,-1.0035643198967397,-1.0471975511965979,-0.9599310885968815,0.1335658693449603,0.13077880486263294,0.13038630491890157,0.13111446013354552
coarse,theta3,25,-0.9162978572970231,-0.9599310885968815,-0.8726646259971647,0.12858476732456126,0.1282027741265237,0.12779625885358473,0.12854729362166986
coarse,theta3,26,-0.8290313946973065,-0.8726646259971647,-0.7853981633974483,0.1264934922850848,0.12712482191739963,0.126679894868311,0.1274922336521319
coarse,theta3,27,-0.7417649320975901,-0.7853981633974483,-0.6981317007977319,0.1242733030308454,0.12466464218594826,0.12421333548483846,0.1250368870733103
coarse,theta3,28,-0.6544984694978737,-0.6981317007977319,-0.6108652381980155,0.12279437051148916,0.12172880804521526,0.12127228990503351,0.12210209113062398
coarse,theta3,29,-0.5672320068981571,-0.6108652381980155,-0.5235987755982987,0.12074248592652212,0.11966210390433202,0.11919653564292848,0.1200238094570159
coarse,theta3,30,-0.4799655442984405,-0.5235987755982987,-0.43633231299858233,0.11882667745713874,0.11948563492593607,0.1190339244559635,0.119831064282461
coarse,theta3,31,-0.39269908169872414,-0.43633231299858233,-0.34906585039886595,0.1175626019623863,0.1168418924894089,0.11639716859094368,0.11718844410899926
coarse,theta3,32,-0.30543261909900776,-0.34906585039886595,-0.2617993877991496,0.11638088832706532,0.11763772476029315,0.11716876753974988,0.11797920380995282
coarse,theta3,33,-0.21816615649929139,-0.2617993877991496,-0.1745329251994332,0.11460473692367382,0.11542718235178274,0.11497658549569785,0.11574362372702728
coarse,theta3,34,-0.1308996938995748,-0.1745329251994332,-0.08726646259971638,0.11377037547812842,0.11454406910789251,0.11409791990626213,0.11485609323648346
coarse,theta3,35,-0.04363323129985819,-0.08726646259971638,0.0,0.1121195573390897,0.1138067058058545,0.11337134729331902,0.11410189690765872
coarse,theta3,36,0.04363323129985819,0.0,0.08726646259971638,0.11231292866123314,0.11169051635672352,0.11127038520578635,0.11196738314716254
coarse,theta3,37,0.13089969389957457,0.08726646259971638,0.17453292519943275,0.11088412944761779,0.11288569531221287,0.11247846680404111,0.11314174228476287
coarse,theta3,38,0.21816615649929116,0.17453292519943275,0.2617993877991496,0.11061913911727252,0.11225487420832121,0.1118751659500741,0.11248964120205132
coarse,theta3,39,0.30543261909900776,0.2617993877991496,0.34906585039886595,0.11201212882678781,0.11123906297042467,0.11089157127678793,0.1114426465268556
coarse,theta3,40,0.39269908169872414,0.34906585039886595,0.43633231299858233,0.11122431973657382,0.11184823155777514,0.11150611310285793,0.11204379631216131
coarse,theta3,41,0.4799655442984405,0.43633231299858233,0.5235987755982987,0.11248123333050614,0.11272352845466611,0.11241517605689337,0.11288342735161178
coarse,theta3,42,0.5672320068981569,0.5235987755982987,0.6108652381980151,0.11315445200759808,0.1130898114319272,0.11278155567611733,0.11324655866645433
coarse,theta3,43,0.6544984694978735,0.6108652381980151,0.6981317007977319,0.11319026151169813,0.11450988047517223,0.11423847939829503,0.1146604634954208
coarse,theta3,44,0.7417649320975901,0.6981317007977319,0.7853981633974483,0.11512755568354309,0.11533426957310007,0.11507611085809968,0.11548824793658617
coarse,theta3,45,0.8290313946973065,0.7853981633974483,0.8726646259971647,0.1160299551868791,0.11666854357313759,0.11642801319107138,0.11681091055097896
coarse,theta3,46,0.9162978572970228,0.8726646259971647,0.959931088596881,0.11804244931733482,0.11787881110293598,0.1176424772427741,0.11802133690599932
coarse,theta3,47,1.0035643198967392,0.959931088596881,1.0471975511965974,0.11969684840678418,0.11852612127303014,0.1183333234234583,0.1186473762121527
coarse,theta3,48,1.0908307824964556,1.0471975511965974,1.1344640137963138,0.1221497994376777,0.12097256397936466,0.1207916627100676,0.12108406817215665
coarse,theta3,49,1.178097245096172,1.1344640137963138,1.2217304763960302,0.12236465646228152,0.12224197140500348,0.12209382028343814,0.12233675059491476
coarse,theta3,50,1.2653637076958888,1.2217304763960302,1.3089969389957474,0.12362873195703268,0.12239507243844244,0.12229365807607329,0.12246653721481124
coarse,theta3,51,1.3526301702956056,1.3089969389957474,1.3962634015954638,0.12684800637568108,0.12545702235702202,0.12539448662131647,0.12550321158091507
coarse,theta3,52,1.439896632895322,1.3962634015954638,1.4835298641951802,0.1284665959610298,0.12735076870380613,0.1273376381639784,0.12736097259627657
coarse,theta3,53,1.5271630954950384,1.4835298641951802,1.5707963267948966,0.13174674653664803,0.12898630233756167,0.12895464310291613,0.12901586700150072
coarse,theta3,54,1.6144295580947547,1.5707963267948966,1.658062789394613,0.13407078335277925,0.1325222271873844,0.13246674869903874,0.1326001782244657
coarse,theta3,55,1.7016960206944711,1.658062789394613,1.7453292519943293,0.13756221000259122,0.1367414176656135,0.13663904624651424,0.1368733587866787
coarse,theta3,56,1.7889624832941875,1.7453292519943293,1.8325957145940457,0.1413472745860284,0.14073553103749864,0.14061842608790553,0.14090428226879065
coarse,theta3,57,1.8762289458939039,1.8325957145940457,1.919862177193762,0.14413325400505783,0.143708508604851,0.1435659486577535,0.14392576972015017
coarse,theta3,58,1.9634954084936203,1.919862177193762,2.0071286397934784,0.1501206030906841,0.14874510358346357,0.14860599880636788,0.14900628528265691
coarse,theta3,59,2.050761871093337,2.0071286397934784,2.0943951023931957,0.15512677176395134,0.15243306243649327,0.15225375501858135,0.15276832938523086
coarse,theta3,60,2.138028333693054,2.0943951023931957,2.181661564992912,0.16159038725411762,0.15740529810166531,0.15719595145501786,0.15776011247532618
coarse,theta3,61,2.2252947962927703,2.181661564992912,2.2689280275926285,0.16658581307615627,0.16331926958236775,0.1630629995857822,0.1637189456493191
coarse,theta3,62,2.3125612588924866,2.2689280275926285,2.356194490192345,0.17365102823521167,0.16986564540228985,0.1695795976808193,0.17029202406392882
coarse,theta3,63,2.399827721492203,2.356194490192345,2.443460952792061,0.17988188194872226,0.1793552904674834,0.17902421201071433,0.17980841721435215
coarse,theta3,64,2.4870941840919194,2.443460952792061,2.5307274153917776,0.18444759372155328,0.18835318086126632,0.18799255480904634,0.1888473404804269
coarse,theta3,65,2.574360646691636,2.5307274153917776,2.617993877991494,0.19492903557180927,0.195257762859831,0.19488252731797345,0.1957738591827911
coarse,theta3,66,2.661627109291352,2.617993877991494,2.7052603405912103,0.20229146961489994,0.2067915157111203,0.2063737856039344,0.207312834138169
coarse,theta3,67,2.7488935718910685,2.7052603405912103,2.7925268031909267,0.2083325329566771,0.2153609405579738,0.2149507338868386,0.21587883529748786
coarse,theta3,68,2.8361600344907854,2.7925268031909267,2.879793265790644,0.2181694037331195,0.22275308622142162,0.2223637401154946,0.22324193981586957
coarse,theta3,69,2.923426497090502,2.879793265790644,2.9670597283903604,0.22555332347867274,0.23056531099902813,0.23019007634843575,0.2310444386828685
coarse,theta3,70,3.0106929596902186,2.9670597283903604,3.0543261909900767,0.23069198731711393,0.23667019670444875,0.23629131627364483,0.23719150853045184
coarse,theta3,71,3.097959422289935,3.0543261909900767,3.141592653589793,0.23488528024729835,0.24144828635554583,0.24106777079875066,0.24196376015086452
