-1.931486087586277989e-01
-7.117828683278495383e-01
-9.942499577212424167e-02
-7.021215948884103053e-01
-2.276447618694383279e-01
2.990613709225403705e-01
1.484002010293798968e+00
2.936873397942960651e-01
3.947210610575236922e-01
5.169129796908229491e-01
3.368150281056449535e-01
-1.709599080987288522e-01
6.896244048801157822e-01
-5.186792600918658375e-02
-3.726175899485384413e-02
-6.006755127289542529e-02
4.501888001193604660e-01
1.217123193718766122e-01
2.660960443174484324e-01
-1.376650995913083000e-02
-9.417518239500986821e-02
-6.619674609012698996e-01
7.644244611070388773e-01
9.886977900120106355e-01
-5.026555797070949572e-01
-1.091242143016365757e-03
1.284356652972477586e-01
1.652257923261268163e-02
1.972556113627164098e-01
-3.546419282505608450e-01
-2.483019080692706604e-01
-7.255257076087408274e-02
4.220484827847059139e-01
1.328153318916626802e+00
2.163804977395654694e-01
-1.760713879283397898e-01
-3.130549806434949622e-01
3.011058420784594736e-01
3.991468486880490052e-01
2.068888691242627420e-01
-3.225635880290836921e-01
3.801580676859728225e-01
-6.352761513888067757e-01
-3.600661306949978768e-01
-3.796564730511588492e-01
1.187235024192619059e+00
-4.870062052368603345e-01
-3.323593358274903875e-01
-3.510633727337743037e-01
-4.266097052592807692e-01
-3.324807390156700460e-01
1.507166130952207306e+00
2.703969004507773832e-02
1.137781868466076068e-01
-3.363165045955388011e-01
-9.364104750645493858e-02
-4.112272815329020559e-01
3.990023643049300794e-01
-4.117046257626612582e-01
-3.191662167864677269e-01
-1.212141209271591080e-01
-5.415308317433216168e-01
8.186132496954051652e-02
1.318175970665771191e+00
-6.345257778726604014e-01
-3.041714280074964694e-01
6.539654706044238930e-01
-8.024139451476262064e-01
3.148993061747283884e-01
4.135683145910071246e-01
1.258959193121737874e+00
-3.083344773522739835e-01
4.196662748477486549e-02
-5.060323311705259286e-01
2.269747940429489227e-02
1.307349682982079209e+00
-3.532285623969464439e-01
-8.327607751154073035e-02
1.692302537354892222e-02
7.626667599520077501e-02
-3.627214756098626203e-01
-4.728181465720112109e-01
1.088967706495813870e+00
7.023690389594869354e-02
-7.137821249962211789e-01
-4.914186803517602842e-01
1.365115806269705967e+00
3.958712329305454358e-01
-5.875589604694444468e-01
-4.105700952592971631e-01
-3.745255805262990845e-01
4.041351829003350105e-01
1.702317566478990241e-01
3.393351672255175977e-01
-1.929249519174021099e-01
1.014928148659789281e-01
-2.427210180725132838e-01
3.847368828567671734e-02
-5.778378653688283073e-01
7.017597788955259874e-01
-3.959585735969156084e-01
-1.349788021512414726e-01
1.924943620242560993e-01
-1.569606087979664166e-01
-2.715945254734974945e-01
-3.360237878485484719e-01
-4.572213442007317385e-01
4.972498052758304588e-01
8.343799202890381239e-02
-8.379210727520705060e-01
-4.989831340458385500e-01
8.877885685626415446e-01
-5.742107676012535578e-01
1.081027675780377589e-01
1.466912636821119387e-01
-3.061341636256073029e-01
-1.244506620475983455e-01
4.544906032292019282e-01
4.648003495386742179e-01
-6.447197232407819723e-01
1.030994178803117611e+00
9.481953471384186871e-01
-3.367286985099602892e-01
-2.055521309111423833e-01
-4.939750292326647307e-01
-4.791687018741576098e-01
3.209506705996026943e-01
4.094841642063096199e-01
1.890559371714791992e-01
1.507051937611616710e+00
-4.146267321381247317e-01
-7.681584070265959907e-01
1.091400478425387899e+00
-3.708591435047350893e-01
6.680018804263794241e-01
-2.624624093821197324e-01
-2.637192701374868609e-01
-6.641228987576283105e-01
-2.647639796856186556e-01
-7.308657079462975714e-01
-4.301665454990357129e-01
-8.766487947644371892e-02
3.239124757959007672e-01
1.411652650871219605e-01
2.422869443325319783e-01
-1.882005897506222325e-01
-3.718196539749952234e-01
-6.111725352695651647e-01
-2.827488484926887757e-01
-2.213576177355068841e-01
1.371837378103395455e-01
-2.908340082674709670e-01
-2.977463078078374514e-01
4.930841124838982181e-01
1.927735184914582955e-01
-3.482864052319710746e-01
-5.409552930133046944e-01
-5.681154490118611733e-01
-8.132899911823270322e-01
-6.994362239189415575e-01
-5.530673732414266297e-01
-6.094868172024571207e-01
4.464129236567246917e-01
1.197396191507532848e+00
-6.290462114216044398e-01
-1.226637721092798533e-01
-3.485298112713756113e-01
-1.269324082221253702e-01
-4.432885745308586256e-01
-3.677077207486067478e-01
1.288855107436675251e-01
6.271713467084651938e-01
1.137779747082258430e-01
1.270671336500929005e+00
5.340898717825088605e-03
1.147237291850120799e+00
-6.318101306160064379e-01
-4.094207043140422053e-01
8.933735548437001794e-01
-6.072938203498652321e-01
-1.888016755386932866e-01
-5.160755924948485784e-01
2.950831369845382524e-01
-1.179485492933442792e-01
-1.826548326250521104e-01
2.582979704772624396e-01
1.966825491765665235e-01
-3.492678397410001745e-01
1.211207289222755223e+00
4.594987383611444098e-01
-3.943308256282387209e-02
3.667690164142269338e-01
2.646962309617189590e-01
-6.052337429016959591e-01
1.847116313277230581e-01
-7.969582725518903343e-01
3.059390506630984413e-02
-3.604669918196502509e-01
2.119572078682922522e-01
1.256500742734505627e+00
-6.380184034189355646e-01
4.205504652082102390e-02
-6.120699413100422204e-01
1.377156053940748803e+00
-8.949337996242512361e-02
1.001474377090440404e+00
1.180891816958380414e+00
1.063405509423128059e+00
3.719449067485612326e-01
-5.695861164359723450e-01
-1.630144987126570522e-01
6.024212502427100935e-01
-6.838512354213653888e-01
-1.976625657330976504e-01
-1.100024047815656610e-02
-2.227805061888163754e-02
-2.946976199761117132e-01
-2.901445282111232982e-01
-2.534784594109990574e-01
-1.696347052472581274e-01
3.311417519762142603e-01
-2.186175142554794004e-01
-3.658581251969386106e-01
-6.155179256585515679e-01
3.653793153939637883e-01
-7.327026267639963342e-02
6.902371506554477731e-01
-5.815639822912361812e-01
-3.909805383628754960e-01
1.169554474931108867e+00
-7.613184343496258721e-01
-5.139863408085233731e-02
1.373071678548854369e+00
4.807046463051657947e-01
2.110143956271997578e-01
-3.139392164692209053e-01
1.098498633225119869e+00
-6.402355734427370160e-02
-4.350747459564826003e-01
-1.498785801217360214e-01
2.821246149203849862e-01
-8.188543065280551314e-03
8.055282952240921945e-01
3.818369821239811501e-01
8.019068175067037840e-01
-6.937142783456982098e-01
6.179372828854741428e-02
-7.021701970077790511e-01
-1.500264551265654001e-01
5.906208069450105125e-01
-2.837938559551715922e-01
-1.974428519413572725e-01
-6.039264579568778268e-01
-7.837128514483501229e-01
6.210687101513141517e-01
5.402050279682184541e-01
-4.463799265309626452e-01
1.518156081443380045e-01
5.545455767386723300e-01
-6.846859381622840690e-01
-4.075841241995268316e-01
4.538782707911018788e-01
-3.160156183272732622e-01
2.546250402719143491e-01
1.054451269369212629e-01
4.371905094761809746e-02
-2.659717538254364744e-01
8.641636908283242824e-02
-4.616545994120970220e-01
-1.108101316909665401e-01
-6.116667174232902626e-01
-1.074218775580223911e-01
-9.087458038266012228e-02
-2.385592817071356952e-01
-3.637690544496300915e-01
-8.345342698758770883e-01
-6.222511986748041624e-01
-6.879059423775273352e-01
-3.053219102990649692e-01
-6.716159522094439227e-01
4.999007313777523720e-01
-3.339580877541347692e-01
8.728860941806901308e-02
1.352070981964283103e+00
-4.610372912781006138e-01
-1.880578510607627818e-01
-1.924202839018207822e-01
-1.189934856604843022e-01
-7.470730533066272105e-01
2.844732346933158684e-01
-5.029169238765560657e-01
1.233287350092362178e-01
9.759334249540030370e-01
-3.483351263263733677e-01
-1.742144189893974349e-01
5.756099201630530127e-01
1.376279285862685553e+00
6.944464417802588274e-01
-3.786494183156786097e-01
3.287513889085763585e-01
-5.730436132685089445e-01
-8.280237764745016493e-01
-1.967608969636539806e-01
-2.424300262918824556e-01
3.653766207472301103e-02
2.351235955966368141e-01
-3.879199971686031478e-02
7.425946155372130375e-02
-3.099206083753937024e-01
4.230184766483250369e-01
-6.438616976855272567e-01
1.089929605013045116e-01
-8.990523495514932129e-02
1.213173810314699175e+00
-3.868587435741833169e-01
6.360756446246732532e-01
1.779192384649206649e-01
-1.909693742666188077e-01
3.874696328992938699e-01
8.157051266530270794e-01
-5.183402658372655569e-01
1.319995978033508877e+00
-4.509573391564843936e-01
1.448327727709751156e-01
1.208486407319141892e-01
2.088448401998898030e-01
-5.449676558895142353e-01
2.197996058193274760e-01
1.395205663250134176e+00
6.819139999120975570e-01
2.984471031675002273e-01
5.221982173946874140e-01
4.193183780451408826e-01
1.226007165394362997e-01
-4.808633254245333055e-01
-2.161853775256592225e-01
-5.321003067325835723e-01
-6.378533449488353879e-01
8.058970970976649939e-01
3.754074911513799462e-01
-7.506994094272415596e-01
-5.459361197830107093e-01
1.430583143805294943e+00
7.567832174716433713e-02
7.075672065877945671e-02
-5.806914158747525923e-01
1.117235278078912097e+00
-3.046219229300105025e-01
-1.692984091385077716e-01
-2.038909249386639255e-01
-1.255429793912326841e-01
-1.669619658575502708e-01
7.530754486097437361e-01
-3.840614972937421712e-01
-3.106155391499944018e-01
-5.397053267122630116e-01
2.832452561894817089e-01
1.088798873103623971e-01
6.655961557250876792e-01
1.427557209241839820e+00
4.375038466087640132e-01
-2.215673274294322481e-01
2.081151791133675766e-02
-3.131658016671008682e-02
-5.850335950292470111e-01
-6.262585765230130885e-01
5.392717106842598307e-01
-2.039566246677101125e-01
6.208203945050547734e-01
-6.595959397825050807e-01
-4.863402760551069903e-01
2.454035250348888739e-02
-1.868605968954222540e-01
-5.124896898179579496e-01
-5.443020829350935230e-01
-1.916583078822539088e-01
-3.398289174839834725e-01
1.366679736470100881e+00
-4.016905872833919644e-01
-3.238722136999790946e-01
-2.420460974000892274e-01
9.405964614397225310e-01
2.899415662580487330e-01
-1.363000134029061783e-01
-3.706697755966282815e-01
-4.243286082476224741e-01
2.344951926624633809e-01
1.430060015644625704e+00
-7.311772913134246821e-01
-1.764680881763490417e-01
1.344215706704899649e+00
-4.297149147702379879e-01
6.835320461445951734e-01
-2.353111817289424701e-01
-4.108733503778414647e-02
-4.347001557850476150e-01
-1.200189009045381922e-01
4.617296573461918130e-01
3.482891232372148926e-01
7.532333751590386539e-01
9.965292915713839239e-01
5.759004435790899823e-01
-5.460793643879882087e-01
1.309247805697792533e+00
-2.996149261963428415e-03
-5.280835139944883849e-01
-4.045883563167247399e-01
-1.231174909166877218e-01
5.940906002726812352e-01
-5.154468804853051811e-01
8.968898477218337217e-02
-4.248069242301636406e-01
-5.164497434478890758e-01
1.558501272396201898e-01
-7.226392018097180792e-01
-4.007040208243781154e-01
-6.450528346655409750e-01
5.208766494090573129e-01
4.975971407100420185e-01
-1.691811670860622896e-01
-5.883330684068355243e-01
-3.506040536951061659e-01
9.197668874622170199e-01
-3.501200894861293544e-02
1.239506994445379595e+00
-4.874323510272275950e-01
-1.935328473651532766e-01
-6.010153100282230598e-01
1.207420150834860539e+00
4.383775467586187857e-01
1.245057221265738201e-01
-5.665776200672205665e-01
-1.074110358458545272e-01
-1.889305613402461614e-01
3.274813127349843755e-01
5.289431464253333548e-01
3.518405427870545110e-01
1.388099925461907080e+00
5.367090131791891761e-01
8.081867463396513740e-01
-3.052405653250451212e-01
2.857629131615577744e-01
8.349117921202960924e-01
-2.895884081992874393e-01
-6.074397290516888592e-01
1.466909726904615241e-01
-6.507885856858746099e-01
8.155773605301229121e-03
1.368722956371969834e+00
-2.085621020427169958e-01
-6.187945900869360610e-02
-1.790111292324099435e-01
-2.665000755831987700e-01
1.092780291079069876e-01
-6.208121913335319375e-01
3.005190196864754304e-01
-2.929829993546948508e-01
3.388498126078415829e-01
-5.310821755280992207e-01
-3.784321002501665476e-01
-2.803235909086037592e-01
-6.607316828845425372e-01
-2.416577305389056296e-01
-1.712180092565399880e-01
1.095854225300509910e+00
-3.104944650778872495e-01
-5.288162450402157377e-01
3.018964761522162643e-01
-2.551974045690330040e-01
1.480092928893780857e-01
7.258892220915618143e-01
-8.550209082346015010e-03
-1.393585818466184512e-01
4.751674561490593085e-01
-2.682776643883066914e-02
-2.417122782813374837e-01
-1.226672489934311355e-01
2.901847666438876761e-02
-1.694077767838911841e-01
1.226595839661318355e+00
-1.457756798907505411e-02
1.824464620163849526e-01
-4.974955085301243640e-01
1.282172872813503450e-01
-3.896080119208600312e-01
-4.787258252692067617e-01
3.350457596552305906e-02
2.669261134297308824e-01
9.219744684601952067e-02
6.974301780276740415e-01
-1.367667509945034721e-01
-6.569800967482183895e-02
-1.442157302699726210e-02
-1.739202063098110873e-01
3.006246267656166316e-01
-8.963205426986266267e-02
9.457524450222407064e-02
-3.657036451148341638e-01
-2.063012992409825330e-01
5.324268798691888377e-02
1.039422860107800661e-01
6.417708652517815915e-02
-6.083994926384821422e-01
-5.795924401355104782e-01
-3.773160390326386615e-01
1.154457309921179897e+00
-4.578393822897690590e-01
6.163122092217389048e-01
1.127982851109188556e-01
7.396820430167306837e-01
4.197437167172588524e-01
4.802387593735780169e-01
-4.819345698013037527e-02
-4.429407983541096272e-02
-2.914489466235707926e-01
-1.783342472184651362e-01
-7.108568062862264947e-01
-2.250826934076595176e-01
-3.302408018870775508e-01
-3.888725580532171461e-02
7.786680380811333846e-01
-2.928650891195468953e-01
-3.188164383418105596e-01
-5.421690580867708498e-01
-4.906752757653571329e-01
-5.303104409207648473e-01
-2.841824620015458991e-01
-2.719556538406164847e-01
-1.685899203456074080e-01
-2.018087137666603192e-01
6.903113823574608121e-01
-2.410546611447285936e-01
-1.200014321184382643e-01
-5.607470139736981940e-01
3.268154385667101369e-01
-4.884774666673742383e-01
7.751621538514108511e-01
1.234401148344056176e-01
2.921319163946789216e-03
-1.541277009835346490e-01
3.097543786123038156e-01
-1.070704685485314861e-01
4.424254521024189590e-01
9.653475467259400311e-01
5.097676578115684087e-01
-3.863305399525557293e-01
-4.873843391390172280e-02
2.098253992239564047e-01
-9.588578631536139041e-02
-7.258933156880179038e-02
-5.950809727169003027e-01
-1.055976973661441887e-01
-4.516145111483647057e-01
2.837459771758750193e-01
1.270180544525340294e-01
-5.377651683088537915e-01
-3.410778063905513247e-02
8.015022098069460310e-02
-4.203951804750287735e-01
-7.308648978228730886e-02
-4.469942949644357677e-01
-7.222486596443125073e-01
-3.303264405556569638e-01
-6.074023487427462342e-01
8.130589826425621558e-02
6.972539306019552852e-01
-3.676758568968142016e-01
-3.395031419263299655e-01
4.345355028197813718e-01
-2.879394762509948635e-02
-3.522235076012456001e-01
8.629774278686720423e-01
-4.859433841532967979e-01
9.494641525615910016e-02
6.655992177109641972e-01
-4.221494862786286939e-01
1.070219049353902774e+00
-1.816672600603811139e-01
-4.848373759375431691e-01
6.226736130883180342e-01
-2.704148571756607722e-01
-4.372742240976966732e-01
7.508278711357916357e-01
-4.753209366515824263e-01
3.416481937948874781e-01
-4.479413832523033989e-02
-2.386687073987773244e-01
-3.908151885948813464e-01
-2.004960593380082645e-01
-7.367155276927338514e-01
-2.944972773696147850e-01
1.116821447718899379e-01
-4.187893899585268254e-01
1.383518692392997851e+00
-6.250492654100429091e-01
-3.685538880984564475e-02
-6.339863161449182938e-01
2.998574795022778128e-01
-3.817405872904005570e-01
-4.434053673801582884e-01
-3.334595700591241885e-01
-5.133505282577969231e-01
7.811183210960879197e-01
-9.229575923853171326e-02
-2.988332715967515485e-01
-3.369422380303360720e-01
1.025035152808710937e+00
1.093408564541317324e-01
1.054506761014182725e+00
-4.329104971646570155e-01
1.370617041888545273e+00
-9.633991105405334543e-02
2.973563930643702280e-01
-2.152750572257911693e-02
7.839180536755318007e-01
-7.711770620483771044e-01
-3.876933377592352015e-01
-2.811207221986088134e-02
-7.852604797783022672e-01
-3.907665535174476013e-01
4.760632823794484769e-02
1.211379394774303175e-01
6.160307103751984092e-01
4.494743031080918050e-02
1.897920103189887631e-01
5.660128637115238726e-02
1.246779306585534375e+00
1.165097327937616306e-01
4.519515316643966663e-01
-2.667650853087528695e-01
2.863100824097837838e-01
1.412526156132962729e-01
-3.495797596229093251e-01
3.735701051447657892e-03
-4.350002366007500454e-01
-4.323312255134886817e-01
-3.668772244197503474e-01
-1.737695698122038723e-01
-4.586246131560933748e-01
-2.262798883189436616e-01
-7.070372372533231253e-01
1.559316336177948570e-01
3.092393626025714548e-01
1.052119520504007033e+00
-2.033393635997977900e-01
-6.585292707788175104e-01
2.179595587347523799e-03
-3.151268608236473812e-01
-7.747645764024240211e-01
5.229497549264270490e-02
-2.830880811795709051e-01
2.115702670099801896e-01
4.916573499164663685e-01
-1.668613164893244238e-01
-3.278989182978068184e-01
-2.184363583452727797e-01
2.910298136003086067e-01
6.103265591590613104e-01
8.648846886976319093e-01
1.919428492950500942e-01
5.364176149430296414e-01
-1.663073365600929721e-01
8.316187371259753380e-01
-1.896733532514830456e-01
2.337853268144972074e-01
-5.034064989966731130e-01
-3.319022906668209760e-01
-8.982164863295200030e-02
-3.448754131636402320e-01
1.280289531105286649e+00
3.197092590476013907e-01
-4.825899385765085037e-01
8.070260611836064246e-01
6.284001978262753196e-01
-8.673083262408530503e-02
1.605483878708552636e-01
-3.256851824631306069e-01
-3.626073346903638805e-01
-2.230438620639733083e-01
-9.605672584958563354e-02
1.867005576424778102e-02
3.551003752010259418e-01
-3.278966660515462705e-01
-2.674139557546086898e-01
-4.189948561532970128e-01
2.206043486785589092e-01
-2.726310908951507517e-01
-2.373565983280701563e-01
3.983861670837913205e-01
6.845580752519447865e-02
-3.490090691299762016e-01
-7.714473155777180902e-02
-1.444612370323700434e-01
-7.909585916798095306e-02
-4.920776858147337118e-01
6.303396798616449637e-01
-2.020505276077805557e-01
6.881106175726943441e-02
-4.187392638078842044e-02
1.190564596356440630e+00
5.985628559812139482e-01
-2.536182950617031917e-01
-6.222028436611016788e-01
3.967810082732693422e-01
-4.017465009922658314e-01
-5.430086740688615521e-01
6.299925839448439202e-01
-1.876391314032231639e-01
-6.696891104890301261e-01
5.093654299619535530e-01
-8.420124810969110696e-01
1.182519968879808703e+00
-6.661751649975895528e-01
-6.324003921190941846e-02
6.745752426540674307e-02
-2.446139738239112571e-01
9.602074590616929139e-01
4.140354888758298046e-01
-1.569423337857051570e-01
7.044490534676997040e-01
-3.162028251493269604e-01
-1.153920169905849197e-01
-4.805021353858232591e-01
-5.553123294949349059e-02
1.111833433263650806e+00
9.016008162282302951e-01
3.214985854796572062e-01
-5.324655272195412126e-01
-1.020345298811049239e-01
-2.282436837662427942e-01
-7.102838503818419413e-01
-4.928255724594503007e-01
1.285815089037258607e+00
-6.644842573771624350e-01
-5.163501921624368274e-01
1.052534787462670318e-01
1.070281873171637033e+00
1.080986266784747185e+00
8.153402127414850487e-01
1.195154455159474494e-01
-6.159407691187051004e-01
-7.970794770714000332e-01
-6.060643280452876480e-01
-7.001254576744576734e-03
-7.008621943798577780e-02
9.256148695172015106e-01
-3.682683500900702511e-01
-1.310456763432677751e-01
3.798931844049636269e-02
-6.540989093174109925e-01
-4.152035273023788053e-01
-5.137634992086231867e-01
5.328588551107552584e-01
2.079913933887676467e-02
1.153769299298985196e+00
1.373567939091860923e+00
6.055023944590938179e-01
6.283484172624858033e-01
-7.906331396540801082e-01
1.299402676405190915e+00
-2.299648699638529303e-01
2.620081577249366855e-01
-6.241847450472454151e-01
7.042940483687833986e-01
6.502596911869386320e-02
3.464218696730038682e-01
6.598404281600129817e-01
3.081550357896218895e-01
-6.516194499141807484e-01
1.546172195945996197e-01
-4.449639065277429251e-01
1.312596204249002474e-01
-3.753304839841712925e-01
-2.421438165686566890e-01
9.764649897021659974e-02
6.701307418535494831e-01
3.725968616558326119e-01
5.579661241083613277e-01
-3.258776009708228005e-01
7.705019098477537687e-02
-1.686315312925066034e-01
1.164532316585771055e+00
-3.288289554994100472e-01
-3.956836529803136604e-01
-2.329029304810642242e-01
-3.264978895061425024e-01
-4.902976180403620932e-01
1.076862229082765354e-01
3.557078955336105963e-01
-4.793457357319338419e-01
-2.483009678005952958e-01
6.756623047294024742e-01
2.078779435465745451e-01
9.771391775845249539e-01
1.475457828227742629e+00
3.468850652783248001e-01
1.294143701909369559e+00
-6.089464404353845950e-01
-2.362503269341559298e-01
4.357315386485396957e-02
9.826367163474608590e-01
-5.271659923363836153e-01
-2.908856762263213325e-01
3.405699613519809765e-01
2.331034806415608618e-01
1.202005753992459569e+00
9.598652823170774617e-01
4.528495111190781741e-01
6.286883267999963110e-01
-8.266211363422537595e-02
2.081640166455947794e-01
-7.072943139368257359e-01
-4.003509160924528243e-01
-2.371977121295531787e-01
-8.372832571114181832e-02
6.889524569964483591e-02
-3.892825127042240929e-01
4.593610883688516999e-01
-7.993023042137908929e-01
5.041348905904063926e-01
-2.357936120583819795e-01
4.564178247776019548e-01
1.233634386752802126e+00
5.825920425695593208e-01
-1.233147136444603525e-01
5.291025527655582872e-01
-1.334234465069935316e-01
-2.809937487242007981e-01
-4.688310817973214556e-02
6.140455811075375969e-01
-6.775706250065088865e-02
1.327021554794399316e+00
9.854867245784916241e-01
-8.817666995934632379e-02
-2.210464694312287426e-01
-1.956515609978623504e-01
-3.433217486969363241e-01
-4.615146378612391409e-01
-3.235622073437768309e-01
1.805645056204443211e-01
-3.703821533586670878e-01
-5.395596949879352122e-01
1.240757724098627002e-01
6.933646436142822944e-01
1.005516673639754574e-03
-1.821507086753382798e-01
1.480088477787526502e+00
-7.613459262219957058e-01
1.046821507076864249e-01
-2.825176995356252704e-02
-3.526477610359585180e-01
-4.698834035097284034e-01
2.958881556195908091e-02
-4.966908318764183539e-02
1.002046332537217088e+00
-4.419062671348528704e-01
7.653336131542473053e-01
3.497293309622259150e-01
-3.414921748704501381e-01
-7.050313095668091501e-01
8.012868738652234590e-02
-1.659983629757972867e-01
1.164578425643721937e+00
-2.636927193644400536e-02
-9.031944694567312082e-02
-5.449795435042722319e-02
-1.693166675698249204e-02
-1.062491091013649108e-01
-1.826666426871731141e-01
-9.213209600043127667e-02
2.259538944610041400e-02
-1.705097748924621348e-01
-1.439433581743519708e-01
-5.827632477088295904e-01
-4.178475917924777683e-01
1.208017344180144503e+00
-2.741658555509704498e-01
2.989024719991486556e-01
-7.337474420090994709e-01
1.159657998662841777e-01
3.188170942205681424e-01
8.820291770831113487e-01
1.141286389835009629e+00
-1.920552172297856630e-01
-1.108244450431948858e-01
-3.400029492676089338e-01
-5.995695540164808213e-01
-2.956236186927508891e-01
3.216991373492340545e-01
-1.727718357992018006e-01
-7.554125760176640947e-01
1.095089854248504579e+00
1.001937704774580773e+00
-4.383665051693621528e-01
-2.282317178843999150e-01
-5.367000760698849016e-01
-4.135968361300004781e-01
4.581185000061869794e-01
-3.737914594383539013e-01
-2.988918787125380838e-01
8.498601197785395078e-02
1.441433481151533913e-01
1.271862667864827268e+00
-7.473190581444758562e-01
3.229806931648013940e-02
-2.550045577211011438e-01
-3.361301836216469274e-01
2.652559887527721205e-01
-3.151190023127506401e-01
4.949045973792762787e-01
1.094345260612660242e-01
9.455134740493638390e-02
-4.360999462321213382e-01
9.799838806228740040e-01
-7.065660214189281030e-01
2.896297008836803272e-02
-7.804558656377971748e-02
4.267764380240424149e-01
5.164933342396154092e-01
-1.470289964262404270e-01
4.731603159421667870e-01
1.186730920025871772e+00
2.133752969932535895e-02
-5.452562049627130980e-01
3.386575713867778226e-01
5.505581969635965356e-01
-2.684841229743302193e-01
4.467482579631972262e-01
8.333786114595592709e-01
-9.364778052181391838e-03
-5.445130614517542655e-01
1.067861102627440051e+00
1.330031151065109440e-01
-2.768575512877579081e-01
-1.159899294448566570e-01
8.499088133089860442e-01
-5.689442572858113278e-01
-2.559993018646543050e-01
9.097491877862475818e-01
3.263339167607058888e-01
-4.434539112388796167e-01
-2.234562465666827535e-01
-3.766049549951287073e-02
-3.191695082852045728e-01
1.014102926633337676e+00
5.693817436093941975e-01
1.444869146191335996e-01
1.082757885664384023e+00
-2.830583683321927779e-01
-4.041850648899185661e-01
-3.392536695342564523e-01
-4.031159472842740787e-01
-7.735992390965886756e-01
-3.296203349706990915e-01
7.508301381993637280e-02
-5.369570950565140111e-01
-3.198096826886915323e-01
-6.415397542304399070e-02
-7.342437362531262224e-01
-3.874630521020263479e-02
6.555463161015991913e-01
-7.301259709448896240e-01
9.278950695830583129e-02
-4.754586490649209685e-01
9.064113822485090344e-01
-1.365638488584302035e-01
-2.571683000418751863e-01
6.120129986371154462e-01
-2.012831881266421152e-01
-2.213245059424365779e-01
5.103125898359082147e-01
3.852139898730726486e-01
2.862430989116976909e-01
2.031414397693084850e-01
1.434932260341517107e+00
-7.606920591588116620e-01
-6.282327517175422260e-01
1.444561036402206844e-01
-2.457298813473227650e-01
-1.269886427935301987e-01
6.117365833607066872e-01
-5.534600962342067776e-01
8.574330522602648108e-02
-3.333127807766700368e-01
-3.264274908705921407e-01
5.263932181024335577e-01
1.388427342576469270e+00
-5.121470594154684530e-01
-7.055143438136103340e-01
9.103516410376484291e-01
-5.181141470950644257e-01
-3.895002370247065415e-01
1.012721781103348651e+00
1.117624775329878029e+00
-6.546940416766882098e-01
-3.057011029679898573e-01
2.184458116954794138e-01
2.633359298904793810e-01
-2.344579717486246495e-01
-5.974264969034517314e-01
-5.668001799315285361e-01
-1.422972049763994717e-01
-5.375993619974809290e-01
8.593550732212984489e-01
8.887157596126443737e-01
9.062045935817332198e-01
1.951593124367115989e-02
-2.912850954145980165e-01
1.120804321259636360e+00
-9.567552860880618182e-02
-6.582425394255878581e-01
1.039040770063511393e-01
-3.260358177994301943e-01
3.088642778435318065e-02
5.506947561111728007e-01
6.581525913253609694e-01
2.595642711931646363e-02
2.640245056667405409e-03
8.686858035819954305e-01
2.223911998720916050e-01
2.272536767401524271e-01
-7.590344700002395195e-02
-4.427689288305497461e-01
-3.204586729294470193e-01
3.800049403711209806e-01
3.180507011806194689e-02
-1.505134679369045936e-01
-5.169109856066932407e-01
-3.026383326199806253e-02
-5.380161299425388621e-02
-5.903742302607651871e-01
5.931099637364755095e-01
3.263559758540499067e-01
7.634048840091040011e-02
2.965739107794324592e-01
-3.196536509826845562e-01
-5.976050084794475303e-01
7.928510386306095725e-01
7.999409962344982139e-01
1.716929482257322226e-01
4.912887763916450323e-01
-2.599304124055984433e-01
1.430320991776067585e-01
-3.417884165083105441e-01
-4.789739782781352595e-01
7.603155978432644124e-01
-8.389472338228941284e-02
-7.479005790640352869e-01
-7.285475969746266767e-01
4.642449825737027247e-01
-1.897578646653853285e-01
3.690329449058420141e-02
-1.223151853749205181e-01
2.417376021844397094e-01
-3.506913521623173380e-01
2.873600937690899415e-01
-7.632506725945294168e-02
-4.295150851170498330e-02
6.585614863146272979e-01
-1.433265831117831179e-01
8.086537711848288401e-01
-5.168592578393890191e-01
-4.042413891672414494e-01
3.104858333071511822e-01
-6.245406689498881336e-01
9.390841005908333317e-02
1.572182214473354656e-01
-6.661392352313875165e-01
-3.056568834408723290e-01
7.983528876428347409e-01
8.049541793826482383e-01
1.856656059463876463e-01
-2.783178718669376828e-01
-4.483430931168898570e-01
-1.456083772890046368e-01
7.444268498157512459e-01
4.183377307246464727e-01
9.813158502730982835e-02
8.340677484420291332e-01
2.323971209608041988e-01
1.758989303580564545e-01
4.846024067388569612e-01
3.710026830161928801e-01
3.988460799979541282e-01
-6.389999859234704038e-01
1.148323379258729071e+00
2.203776432214119563e-01
-7.756935300507731279e-01
-4.250702847346720659e-01
-1.592529494875869200e-01
-9.306308864779222478e-02
1.240787735401454706e+00
-3.750080586831574525e-01
3.808390415245971328e-01
-5.022136556983585187e-01
-6.942283421799321230e-01
9.961802531963145912e-02
-5.955235490519780184e-01
-4.770365784544913224e-01
-1.865055680370234503e-01
8.538867786840134144e-01
-1.172551063897884632e-01
4.284752537790603166e-01
-5.402815580084929792e-02
-3.671961660825270313e-01
-2.272347146370080062e-01
1.597874012263076904e-01
-7.106607206081140271e-01
-5.566248886441936550e-02
-2.768610670692587816e-01
-5.363236324950354517e-01
-5.270861744221344569e-02
-5.417441506292223208e-01
-4.593893960205871485e-01
-5.093153083599388786e-01
5.349213989618979426e-01
-4.546941483679826645e-01
5.586871698924049667e-01
4.056282903834492193e-01
1.212209408555084522e+00
4.629467232194519610e-01
1.441027438090880741e+00
-2.499521591596023384e-01
-4.878995067556142207e-01
-7.938545000853673983e-01
-6.319203142548562857e-01
4.422044060268583987e-01
-3.222692799829798282e-01
-2.835235810440662196e-01
1.217587689514944893e+00
4.193169034745840573e-01
-5.106032808296130376e-01
6.898358153535455450e-01
-1.874241834775501603e-01
-2.003737604755921053e-01
9.146248294712190363e-01
-9.674747832188751451e-02
-2.388384416935698251e-01
-3.328376973743324974e-01
-3.466149675386127060e-01
6.015302332192279389e-01
1.377583315185398005e+00
-1.375125653222094013e-01
-2.395317902079374672e-02
1.059425010374696052e+00
1.061238688375846229e+00
7.292788228373564552e-01
-5.049459896538400772e-01
8.112802552546332091e-01
-6.635615914169623597e-01
9.307545818684181960e-02
-5.265595282823344603e-02
-3.047236497064379490e-01
5.967571093412972205e-01
7.040497948402919814e-02
-4.358645717479562864e-01
5.656732223839318861e-03
1.494358893041696890e+00
-4.630736322732708632e-01
-2.185763165037668543e-01
1.158441012847095886e+00
2.041912067892515392e-01
3.412383941116835934e-02
-1.411479160635527585e-01
-6.458209501363937344e-01
-8.431542837935716850e-02
-2.472960973651475852e-02
-4.433625832441799308e-01
-3.741602293238288635e-01
-9.079241939936853745e-02
7.637467924621015314e-01
1.603422434871839830e-01
-3.087636366635159724e-01
-5.535514231180651556e-01
-1.849399550968053585e-01
-7.023251860800212576e-01
8.437518122290987854e-02
2.635772041823934431e-01
-4.611364071601830594e-01
-3.210560992291396909e-01
1.761418911110464725e-01
-1.704435299188708786e-01
9.361404180893271310e-01
-8.303219991482665430e-01
4.605895054619638107e-01
-3.824145239039840050e-01
-5.453586397245540063e-01
6.416275021261746980e-01
-2.767236243824395259e-01
4.030107174025443495e-01
-6.781716292628882092e-01
-6.421745529954674403e-01
-7.245497661604870521e-01
3.865827671798587883e-01
-6.732660211178193022e-01
-6.534250762724888029e-01
-1.281246148956441400e-01
-2.905300290403426966e-01
1.427883601861008378e+00
1.082197944616405616e+00
7.223770527165666033e-01
1.128882976576455421e+00
1.322654114988446539e+00
-3.681083467713751611e-01
3.187886132540175832e-01
-2.525055233627893081e-01
1.615464930783022113e-01
-4.820418150904863808e-01
-2.955873464766075598e-01
2.149464093314373825e-01
-4.533685267298357968e-01
4.468728070075884129e-01
-1.809125530915447477e-01
1.431778393125913151e+00
-5.910172711342642771e-01
2.975333576554302639e-01
1.206341703558531320e+00
-1.819479370118291806e-01
-6.103797765167804368e-01
1.228987617049615677e+00
3.379022011407861181e-01
1.442661840622200820e-01
4.292983061124044930e-01
-4.561102284442602461e-01
-6.463351839922965025e-01
6.263082575172732591e-01
-4.107856168832587640e-01
1.882402069641743170e-01
3.395484787912081415e-01
-1.971715467576145436e-02
4.216349417922238829e-01
8.736803811417291898e-01
-6.893066590746731170e-02
6.731308407347524891e-01
1.830711652984672033e-01
7.238213585604635902e-01
7.846141233212389210e-01
6.050147026500604097e-01
-1.539228836833579916e-01
-2.613551256588401706e-01
-5.800644190800936517e-01
5.358632702302623674e-02
-1.426509991962740254e-01
-2.824789623904634395e-01
-3.991637435651114174e-01
2.391830550810577494e-01
-6.152910220929656004e-01
9.691565195751269401e-01
-5.213439070758649763e-01
-2.549780151708068709e-01
-2.428607738579265096e-01
-1.862896969934545732e-01
-6.073242360211014157e-01
2.636508633533593202e-02
-2.832415898870119797e-01
-3.420962796098995229e-01
-5.861854801293346906e-01
-6.829632634105239908e-02
-5.531179465900357833e-02
-4.620836583971723588e-01
1.357044176847842065e+00
-4.731938922732870645e-01
1.385922739039925133e+00
1.441884619642535004e-01
-3.659524054828232065e-01
9.098879712531413033e-02
-1.230023820535269471e-02
-4.464377329658540949e-01
-2.796147466814291258e-02
-1.566579896370166591e-01
4.131432655434590373e-01
-4.444059084504596857e-01
-2.641969519206229244e-01
-1.429685653204039730e-01
-5.597011645384037948e-01
-5.721205961286218722e-01
-3.706887158131810245e-01
1.759541478241611334e-01
-1.408951139188814317e-01
-2.586509045135501617e-01
8.979340432513434334e-02
-2.804442008893564542e-01
5.453425727983297611e-01
3.240237666845839914e-01
-2.113564108352843640e-01
1.228830365726866658e+00
-2.064397669720099415e-01
9.352931902844960899e-01
1.041672661352555540e+00
1.706208541721544736e-02
2.897473750544146132e-01
1.114745504557259403e+00
-2.566136362491875933e-01
1.004251596041001005e+00
-5.286777733008268809e-01
2.795027375220755089e-02
2.907371905603346462e-01
9.817786420877008813e-02
9.828358781523345300e-01
-2.262748708862791225e-01
-6.038457282176317165e-01
-1.908556423345859621e-01
-2.927030013615827819e-01
3.068006937672866641e-02
3.566364284801543660e-01
5.421125328211477967e-01
-2.531975774287438252e-01
1.391010970063077279e+00
-1.718847583887239405e-01
-1.577687973789204945e-01
7.529056995786636008e-01
-4.681144143673464653e-01
-2.652490324624001139e-01
4.910351390380464087e-01
-3.151139764398357412e-01
-6.698805211978247076e-01
2.552582250970055200e-01
-5.844021633844551644e-01
-6.510497305398692536e-01
-4.599730865193842888e-01
-3.848128941735476927e-01
-2.493978760694226526e-01
9.649981738996035729e-02
7.967393687237211974e-01
1.193493465732676340e+00
-2.945156790492879373e-01
-7.931513639693736628e-03
-1.630518909509712511e-01
6.776942310255281710e-01
-3.322822262769761087e-02
-5.771900593818263259e-01
2.231834677749800766e-01
8.294728559640415222e-01
-7.505537696169957418e-02
-6.102498632140719304e-01
2.909427771070606239e-01
2.009613558185464541e-02
3.243989746165552024e-01
2.629148873580226531e-01
-4.295055364671569453e-01
-4.016859364093265383e-01
-1.730691278347659123e-01
3.475697066377556738e-02
-4.098766324781093484e-01
-2.676650552449247877e-01
6.464948016685202470e-01
3.852298583118514141e-01
-3.231577500651705015e-01
1.046068954726856015e+00
-2.917569492153562205e-01
1.110094243770588518e+00
3.620425793655748792e-01
7.533051516183264518e-01
1.790481650969270311e-01
-7.525751367020308003e-01
2.721977199523127611e-02
-2.366220400535011259e-01
-7.006638299332396125e-01
7.560202993734348453e-01
-6.785831186245877555e-01
6.563453080255757799e-01
1.504322166569955210e-01
-3.126916263439538657e-01
-3.231525175679867412e-01
3.786878753074077730e-01
-2.009387907744475954e-01
1.446358251474982870e-02
-1.685517115108339514e-01
1.411798643951464871e-01
-3.662093940744762799e-01
5.328371411030648208e-02
-9.167540394671085113e-02
-1.637449120779917514e-02
2.216807799515448929e-01
1.078688552024178682e+00
-7.651670998683318681e-01
-4.815957256521676833e-01
9.306507012694149594e-01
1.360910434588873841e+00
1.022581285562172426e-01
-3.724825997502647090e-01
4.099843046204141861e-01
6.664667987792040338e-02
-4.035827533536430201e-01
9.400343046694199511e-01
-3.219470015708154609e-01
-3.471981298764420520e-01
1.984369254203265098e-01
1.187537057717126476e+00
-6.396516150535547229e-01
-3.944808653228299433e-01
-3.683813771817300298e-01
-3.025257924653154129e-01
-4.381902766917245562e-01
-6.114920047619247789e-01
-2.696351776380071508e-01
-9.324210359838412676e-02
3.362231952515356004e-01
2.337009876604511649e-01
-4.437950617371217432e-01
-8.077278716278230020e-02
-6.549810329678050769e-01
-5.191996185143422649e-01
-1.345886206063214019e-01
4.261266379264354587e-01
-2.197944730641716304e-01
2.696581417686265136e-01
-2.803877423925149048e-01
-2.166497696290216324e-01
8.890278011648607981e-01
1.318852692571128138e+00
-5.595650258237707675e-01
-3.957305711382622104e-01
-4.224959700368998150e-01
-6.611054660538338013e-01
2.310588468826409170e-01
-4.861130674453293943e-01
9.915267986831064473e-01
1.109644460843767444e+00
-8.460625354655756936e-02
1.297962966825725983e+00
5.693503649400138977e-01
-1.365246396820891939e-01
2.675620993707787387e-01
-5.613406770470407148e-01
-8.340236992706996644e-02
-1.261020587761274570e-01
-2.266610731220688735e-01
-1.627632510177096370e-01
-3.194422371287088391e-01
3.165184721558768344e-02
-8.862142260101216196e-02
-2.719586232244697865e-01
-3.792769376399751646e-01
6.609799967933029929e-01
-5.371970570134824985e-02
1.660436096464604216e-01
-5.264092476435875412e-01
-3.021018956522026344e-01
7.211149097897926463e-01
4.432790983780109939e-01
-4.139497982201077453e-01
3.597740969105312492e-01
-3.721028354522222248e-01
1.906018971422151487e-01
1.225459041409858507e+00
-7.858853080654477630e-01
-2.654665525723833852e-01
1.655306519114488617e-01
-1.094171274299019919e-01
2.156278610305956689e-01
-5.837114157934514963e-02
-8.568683185966964322e-01
-4.475771649142336606e-01
-8.628727102964463269e-02
-2.202474777749706958e-01
-1.643230936526299535e-01
1.529117335401790900e-01
-4.593177753097221760e-01
-5.924767060088087511e-01
-1.633362303249492886e-01
1.636266552019608952e-02
6.018879358015167824e-01
-7.217127212316645224e-01
7.627505275944461705e-01
-2.678229985116730716e-01
8.896060196767467954e-01
4.463886871202813467e-01
2.234103383933924991e-01
1.644994144716298984e-02
7.164587314508058524e-01
2.193965424150193244e-01
-4.426573691793431187e-01
-7.755325216024890889e-01
2.391662389066358252e-01
1.070134809056511455e-01
2.513148191867285997e-01
1.027657477797990326e+00
-1.519253623640623961e-02
-1.003714749930377792e-01
6.277527807803552351e-01
-4.809308301273544917e-01
1.068157940433738906e+00
4.039746696658026992e-01
-4.733276725209299429e-01
-2.213780382976327232e-01
-4.221524198838918496e-01
3.677762917439226786e-01
-6.466572014741148733e-01
1.980289785747487152e-01
1.052410142808466453e-01
-4.752652653947220807e-01
-4.277118551262736323e-01
7.114365749963537100e-01
-4.401871315684578456e-01
-5.664285906352956035e-01
-3.957095056885898687e-01
2.445410270244195716e-02
-6.327833279005553591e-01
-9.530892986893976793e-02
-1.837524441143090770e-01
-5.682157305338033509e-02
-5.625218141915934167e-01
-5.170556683020531841e-01
-1.148261525610109191e-01
-3.462504330067064928e-01
3.534928623656610203e-01
1.985409496178662803e-01
-2.570661464931890960e-01
2.755383750765075801e-01
2.989093557997357098e-01
1.627377414493488827e-01
-6.474244401118626202e-01
3.224192141967138214e-01
-3.588165619145091134e-01
9.675031658370845111e-01
-6.920421643218375163e-01
-2.073444454460495745e-01
-1.107192134533622752e-01
5.020588427644081531e-01
-3.429976689638155607e-01
1.592377215341588548e-01
2.994179748180003098e-01
1.494009362577361388e+00
1.789217245732478007e-02
-3.146729299372573729e-01
-3.407400637182655401e-01
-7.687462057841512042e-01
-5.557989988018947614e-01
-2.080540375010276610e-01
-9.296908643552873053e-02
9.539211282905398770e-01
1.788532174740611047e-01
-6.172250899425539838e-01
-5.596893760065773105e-01
1.410299757338786264e-01
-6.434655002694119608e-01
4.198321546266434168e-01
-1.494690464275176267e-01
-6.500502383202453327e-01
-6.104484901457426366e-02
5.836956093504619414e-01
5.810491603192985410e-01
9.489961074168891397e-02
-6.688682277977625601e-01
1.377682666653402555e+00
-3.152584114026066309e-01
6.874836183332024842e-01
1.645009766837981224e-01
1.253345915678690525e-01
-1.773243483594759418e-01
7.735403647462835153e-01
8.789256641909316548e-01
-3.505111305754435858e-01
7.936700094317440390e-01
-2.264624135563194085e-01
-1.400620785533463752e-01
-6.385561844256280872e-02
1.070936214171142042e+00
8.724817047790981439e-01
-1.651724899854670747e-01
-3.189865023794679066e-01
-4.687964302392859661e-01
9.940394179631956151e-01
3.042177220944935478e-01
-3.926763288653022932e-01
-2.523597344081943694e-01
-6.627536371502982249e-01
-1.319219271804838445e-01
-3.764910958927030760e-01
-4.282305396420253429e-01
-3.478837322496330930e-01
8.224961237914611978e-01
-5.777220768700683795e-01
-4.127659973694153828e-01
2.104361276039209139e-01
1.223370391491241493e+00
-2.023611283040624709e-01
-1.209796665357946305e-01
1.276240729778828742e+00
7.110921986780708304e-01
-3.159829497177090163e-01
-6.425780616048993865e-01
-3.601128440755752003e-01
-4.224749486085079830e-01
-1.536502287647635023e-01
-5.755997856770294074e-01
-2.126705861841877709e-01
-1.148099897255078494e-01
-8.664490650988244946e-02
-1.002080241624849488e-01
-5.170658183707338429e-01
-2.080753066116081129e-02
6.364451180965338684e-02
-6.136992626257830041e-01
-7.066779625603049342e-02
-1.156976893603822165e-01
-3.678500676224020216e-01
-3.695688274257379335e-01
-2.447633346736509119e-01
1.382374056873635348e-01
1.248206527321662901e-01
-3.632097765394955990e-01
-6.075022469414909088e-01
-7.286670123151530289e-04
-1.660539944512705590e-01
-2.316797691144597826e-01
-2.653570579790217043e-01
-4.287581507515788037e-01
-3.083229496708880801e-01
-6.505811687332464510e-01
1.684838479655090537e-01
7.692286109423014662e-02
-3.729740941099375373e-01
4.339655186869443848e-01
3.389620398139542856e-01
-3.347666817569897590e-01
1.333976203674832883e-01
1.391825934556731592e-01
-1.523711737486692919e-01
9.290825027426412308e-02
2.297498150947090700e-01
-3.530609367500799900e-01
1.418330288923651816e-01
-6.764211110064233257e-01
-4.305222359615358263e-01
-7.260989902674531982e-02
-1.046707384023427660e-02
-2.204281474029473054e-01
7.967043015379982052e-02
8.819208524731910748e-01
-5.209731718523402666e-01
2.404534745881751479e-01
-1.475396365787641217e-01
-1.533046898685561932e-01
4.256860554606815839e-02
1.372850518221174765e+00
-8.008611481639599239e-02
-1.722352256766756240e-01
-5.316858840618819970e-01
1.036622563831991251e+00
-8.348876229380085279e-02
8.998401297282270228e-01
-3.157849217346772597e-01
2.068808523745905847e-01
-7.500432582249047520e-02
-3.488200428449443613e-02
1.440351740465582453e-01
9.623403994717931731e-01
-4.072982572307273785e-01
5.509996388232296649e-01
-7.343473111438741929e-02
-1.938068297420794395e-01
2.859775906529704592e-01
6.423633669579752181e-02
1.228162765600954165e+00
9.532528021340647140e-02
6.410332233892405140e-01
7.156593232429417917e-01
5.712422374332593034e-01
1.191326499832262353e+00
-3.996015709889428891e-01
-7.578226053014721630e-01
1.453171437118929987e-01
2.600256821865607471e-01
-4.694840001307499233e-01
-2.886702162030008179e-01
-5.486276060872340432e-01
5.124624382322898741e-01
-2.585874590256976302e-01
1.099820242690733169e-01
-3.687580008967261125e-01
-4.170064982546053955e-01
6.116956850694387215e-01
-6.277183884983669193e-01
-6.541334736765230806e-02
-2.910966566843781189e-01
-2.400390361349378499e-01
3.970774364199972095e-01
-4.335806214241711976e-01
2.472635840806233776e-01
2.472163334646662602e-01
3.604357647206370419e-01
6.571890265741622272e-01
-4.751037198276402140e-01
-4.022155140752381453e-01
-4.839866426658425702e-01
1.658639952966015907e-01
1.925429405652700210e-01
1.269038411624988871e+00
-1.826631665752614098e-01
-2.085749240982415764e-01
7.239900277338886525e-01
8.581025458142517159e-01
-4.306641920864833772e-01
6.765759281985940232e-01
4.102321120373822461e-01
4.118042567735444859e-01
7.552261159248778721e-01
-2.266515198904272832e-01
-3.273818714741526525e-01
3.956553041622983269e-01
1.083666958375473888e+00
1.349409030161616618e+00
4.913984262100291600e-01
-6.502499832916867895e-02
-6.553042849082821864e-01
1.133052916306182878e+00
4.072044639260630899e-02
-3.843243942532295621e-01
-4.954352650594472385e-01
3.246375460532227586e-01
-7.060186827842258595e-01
5.985351192488619354e-01
-5.527267184734344779e-02
4.926330382907129768e-01
-6.243578524563131449e-01
-7.237873347907023414e-01
-5.579299791701201050e-01
5.813292030182035663e-01
1.127211930755404046e-01
9.733312636267211770e-01
-6.357327181869445454e-01
-3.296584845695183508e-01
-7.906418150278921031e-02
6.768931231265042925e-01
-6.690855087253001765e-02
-4.186139387661371170e-01
-2.725786732861574801e-01
-5.221397707459258797e-01
2.739798974319670455e-01
-3.300370700393803758e-01
2.530472985679269593e-01
3.515505033057050310e-01
8.740092898503281083e-01
-1.512950955887771773e-02
1.345932773666739524e-01
6.113925011921817615e-02
-4.168864707750059018e-01
-7.121397494293758568e-01
1.099361275867332122e+00
-2.484905856030310001e-01
-5.115537975450499264e-01
4.880709665589622603e-01
-6.253422154577201741e-01
-9.738200710600856611e-03
2.128843512256627934e-01
-4.546646556207564749e-01
9.116310684064737879e-01
-2.026254985755755189e-01
2.286059179015816623e-01
1.130917563026925254e+00
1.192065027053297310e-01
-7.250264648087179076e-01
-2.542854309927700673e-01
-5.407211775874714021e-01
5.604241719419655182e-03
-5.066631057054641653e-03
1.583299524545159487e-01
2.902829093772800184e-01
8.902400591746399972e-01
9.201637361584602548e-02
-1.607578684790187118e-01
-7.906948128122761599e-01
-1.663929001997577761e-01
-1.623742121003203531e-01
2.244663266976713034e-01
8.187441878791846817e-01
-6.830780408779982826e-01
1.140834080349554691e+00
7.928501045110791789e-02
9.594008021846509027e-02
-6.257941030134117621e-01
2.445756365283113243e-01
-1.070388383936795723e-01
-3.685863923317184154e-02
-2.569316589341329627e-04
-3.040477565390535819e-01
-3.980146202759088370e-01
-1.567054245210581231e-01
-2.951437252987600957e-01
7.803699585392745997e-01
5.769901184200822986e-01
-4.438245335927975543e-01
-2.380993322721146332e-01
6.942766484186710940e-01
-3.655381965098363772e-01
-3.177243195712074475e-01
-7.020756203092604064e-01
1.427011749023316289e+00
-1.665934542571839705e-02
-1.122805280783601561e-01
-1.786243401313944990e-01
-8.809279558454373438e-02
1.331402032572966299e+00
2.327577588841030498e-01
-2.911881044782763661e-01
-5.395737595972126266e-02
1.868875186963335766e-01
-6.373499455828339766e-01
-4.243871937176287301e-01
3.287059224326544515e-01
-1.235348035976794462e-01
-9.274762397032913774e-02
4.351258725593861176e-01
2.377916458224259011e-01
9.875685933211709733e-01
-4.336710301028214865e-01
-3.359934892064776468e-01
-2.458929267636317528e-01
-2.308343986737551590e-02
1.578723699260583813e-01
-4.062043678234634747e-01
-2.012723961019633467e-01
-7.276873021323405633e-01
-2.112154356147607770e-01
-2.944645000492974174e-01
7.190816677251508915e-02
-3.591754049027798823e-01
1.152014836992666102e-01
1.256630866155360238e+00
1.798090662485614666e-01
5.130033956687943819e-01
-6.623542625539741158e-02
2.820043663380252252e-01
-2.165860706117118950e-01
-5.055514092571580242e-01
1.269990474409568235e-02
3.521886166626250758e-01
-2.534093645724310728e-01
-6.834107921338414826e-01
-1.531378707429807973e-01
-1.346221722472691895e-01
-6.041073054203114356e-01
-6.182431868857601875e-01
-5.539687993007758049e-01
1.395232865689606805e-01
7.335695048333839008e-01
-4.185816114632125162e-02
1.110815450737168281e-01
-4.420794042516474898e-01
1.533932384413488614e-01
6.492949169901099382e-02
-4.232428029704472516e-01
-2.719696828788820131e-01
6.482561452512333733e-02
6.647049539762620585e-01
4.864743949619008134e-01
-2.378730240057190248e-01
-6.122863669935724173e-01
-5.775716403513752040e-01
6.668003302975740176e-01
-3.089696212076844528e-01
2.868697216646166614e-01
-6.063268324877311155e-01
1.315595087822128972e-01
-7.667146819849317285e-02
1.033468026701912956e+00
1.400011222141988032e-01
-7.385480485100140435e-02
-3.772537502840752621e-01
-7.957162521270363387e-01
-1.466835481366318694e-01
8.927084469573473013e-01
-4.250286149128561508e-01
1.127154438027896610e+00
-4.021305856446729110e-01
-5.079754748673965814e-01
9.296244481951564387e-01
-4.002857513216713792e-01
9.025275023425189946e-01
-6.502871204348883993e-02
-1.675119367455873420e-01
3.721067856651199546e-01
-6.019517317439411208e-01
3.736794319184278401e-01
-3.972473222278304905e-01
-3.982937109168119827e-01
3.380984211200562251e-01
5.537184219351178882e-01
9.898312819992861195e-03
7.676977894432113203e-01
-2.412956985893665862e-01
5.028419542888573623e-01
8.228351050867424923e-03
9.131069390145176712e-01
-7.163820299189659346e-01
3.255108759504060090e-01
8.115415434434616326e-01
1.203363144398624129e+00
-6.199824720326541083e-01
-2.204363778706980026e-01
-3.194682107889180167e-01
-7.930939329376758551e-02
4.158527611789285539e-01
9.660887393068888496e-02
4.342049543657763855e-01
1.144700108048219561e-01
-5.269272647744687177e-01
5.139799470076848731e-02
4.395960187749871073e-01
-8.806656378979521582e-02
4.445946177510758934e-01
-2.038388269389020679e-01
1.489764788248777672e+00
-4.366133381826679538e-01
2.553536167500760623e-01
-1.497422993885859088e-01
-5.794869785363650216e-02
-3.163581384480871894e-01
-1.562206181713730602e-01
-3.032093664174350112e-01
2.317893308197911395e-01
-4.484055317584595968e-01
-6.156520297258393226e-01
7.833439577133011200e-01
-2.068408864812145143e-01
1.027680185955392567e+00
-2.378170098940418919e-01
-5.272457839487049158e-01
-7.825888269277749831e-01
-4.176780560996158909e-01
-2.457420624343523430e-01
-2.766812639025484355e-01
-6.381785329054714406e-01
-2.338144540898786650e-01
-4.957730655956534283e-01
-3.475798151023719029e-01
-9.678753245436393093e-02
4.809593101574279883e-01
-4.290354237245417313e-01
-5.612794776770791971e-01
-1.310320532601317867e-01
-4.146958230553198788e-01
-4.168305446179740303e-01
1.488640244841052951e-01
2.915038374926753884e-01
1.096533485563059782e-02
4.843851248258401188e-01
-3.899028147439328462e-01
1.510459831904619465e-01
-4.197860442049003993e-01
-6.191735319597299059e-01
1.280251119407355587e+00
-2.017263638200484377e-01
5.741957145894247549e-01
3.749774018649455476e-01
-1.124343386969435254e-01
-2.350797671383867971e-01
-1.096348460285951898e-01
-6.571351755005007123e-01
-6.049511703574056432e-01
-1.113995557868418911e-02
4.679455681985241755e-01
5.293581803950543341e-01
8.448688241916394448e-01
2.681535266258551764e-01
-3.874357052205741336e-01
9.983932487158935221e-01
2.988180704566413826e-01
-7.049770030272426435e-01
-2.272493602868407014e-01
-1.244381916025332352e-01
4.791835746702176047e-01
-2.087394307384290715e-01
-6.329453084460717749e-01
1.139210071044018668e-01
-4.653293762292005087e-01
5.744896912080171836e-01
1.483252173116059447e-01
-5.067532394040390464e-01
3.179513973675184846e-01
-5.863858647853082973e-01
-4.502890157579449992e-01
4.241567064006528942e-01
-2.570504289387039454e-01
-3.965647734927640333e-01
4.169228855434923275e-01
-1.710688062717821353e-02
-6.510793896113435952e-01
3.312550276652888037e-01
-2.007554397302961646e-01
1.227199715593376927e+00
-2.137775181131664759e-01
-5.291857970085476204e-01
8.365543176206023945e-01
9.846758600856744259e-01
1.905126244823570347e-01
-7.020722625421571550e-02
-3.002072493162033506e-01
2.887205540578369201e-01
3.778686615289112982e-01
1.454113203024063883e-01
-5.839245470907578062e-01
-2.008052898081153781e-01
-1.469931513993698868e-01
-3.677409866191884424e-02
-3.262603439513960257e-01
-2.464085806634432052e-01
-6.166386225559077061e-02
-2.777021839004684134e-01
6.216426467263024280e-01
1.486284731069117182e+00
1.036201786712750872e+00
-2.681835245440382098e-01
8.841849454204978032e-02
2.286756284390861760e-01
-3.730536273030169991e-01
-2.409647982955306911e-01
-2.463511768251665512e-01
8.195183803789571342e-02
-4.402161770417465508e-02
1.713099288115793872e-01
-6.990801055572904987e-01
2.272514034694309293e-01
-4.667222331954432590e-01
-5.801560257078998140e-01
-7.727152845248536073e-01
-2.709192748896838143e-01
-7.479149750885305536e-01
-5.620416194012542443e-02
-2.084003688795925402e-01
8.310545828932429657e-01
-3.325349206538890656e-01
-2.752364701725977802e-01
-2.176242821451544462e-01
3.622057353209126584e-01
-4.517130564900925793e-01
-3.435459355883079824e-01
-2.470193093789778416e-01
1.098765428512802123e+00
-1.038103677137638819e-01
-7.472796171910808805e-02
-4.595289155257936686e-01
1.277143255884766404e+00
6.367606666140028515e-02
1.198570534504338703e+00
-5.697587882154203642e-01
5.072404696885379760e-01
1.484334998521666393e-01
1.771384219704787710e-01
-4.518342535308834673e-01
-1.263146805980107923e-01
5.973166748760592171e-01
5.736849874481587674e-01
3.136809066820920866e-01
-1.758821313627838279e-01
9.553375605416245531e-01
-5.542914734411640287e-01
-5.084397138275188466e-01
-4.086669758276643138e-01
2.423960150490646337e-01
-3.005300724214016728e-01
4.154473978422182356e-01
-4.583429442023243539e-01
-3.750863593652832284e-01
-2.839405673394802543e-01
-5.411083574940589447e-01
-3.326564801327902554e-01
-5.461265464679424531e-01
1.311534865069271749e+00
-4.840567160641807143e-01
-4.658922547356664778e-01
2.007726289490753546e-02
-2.346272518218238679e-01
-2.663454769940402089e-01
-2.831394859864269087e-01
-3.917906909200615795e-01
3.777342618711200251e-01
5.176706677076047258e-01
1.427696377574483831e-02
1.028970370046567329e+00
-2.173719303287484361e-01
-7.107293186713958821e-01
-2.099542663511818341e-01
-7.905225407884373945e-02
-3.086353595534464533e-01
-3.106290080076103410e-01
-3.094069518466230906e-01
1.978475665543485973e-01
1.337068276753191620e+00
2.830442519590020689e-01
-4.063739875113573929e-01
-3.807850170242380594e-01
2.868180588933256780e-01
9.609162989187619575e-01
4.885841581410829138e-01
-6.623729549142139961e-01
4.304605643057103914e-01
-3.686549989820769313e-01
8.514604011763776681e-01
-8.616301446541865805e-02
3.126603573860409213e-01
-8.102949016247045222e-01
-2.121376143890439658e-01
-3.670808435215220378e-01
-6.865078153961339247e-01
-4.459712187273011663e-01
-4.052491561010807541e-01
5.124711027961181831e-01
-1.272489349251350599e-01
3.965211444086165493e-02
-4.978830981841279590e-01
9.491962701456977403e-01
-3.393106225660334485e-01
-7.272903846156879293e-02
-7.150124859835695901e-01
-4.662743565461239040e-03
8.687065164467282496e-01
1.177342730857097841e+00
-1.052067189447481455e-01
-1.001013743688107388e-01
3.280427594415157300e-01
4.970367010798572016e-01
1.354470167184041451e-01
-2.433309275568684357e-02
-2.261196926457754441e-01
1.097938999816916672e+00
-5.414385264283354537e-01
-8.356874864051345719e-01
-5.076071730050244479e-01
-5.754443802185034151e-01
-3.382733453079667107e-01
-2.029291776322708907e-01
8.985717235123914515e-01
-1.204239568772636770e-01
-6.223496655640953223e-01
2.507655529153447471e-01
8.521013524370171788e-02
3.971236706209855805e-01
-1.961330467191109983e-01
-3.321340958770691576e-01
-9.527811380771714078e-02
9.769393914369015053e-02
-4.495621887012978823e-01
5.927207031019343653e-01
3.192315785407796591e-01
-2.194737106183642095e-01
-2.328124513753987990e-01
-7.030037124911666657e-01
1.038844733779902413e-01
-8.852972751136256591e-01
-1.954067102636685704e-01
4.327005008601919611e-01
5.359672016088822266e-01
-3.811430708876959450e-01
-7.699343067154035269e-01
-6.931312598155707771e-01
-4.377861268719693277e-01
5.717823715829057907e-01
-4.033858906471848860e-01
-6.220946959429772827e-01
-1.036263342138468713e-01
3.358907464999306702e-01
1.023632926628947004e+00
-1.486446158150148966e-01
-8.490133978056145503e-02
5.391577011380714879e-01
-6.343668781828956105e-01
-1.210333998775980219e-01
-2.455642356088936218e-01
-5.485529483035769260e-01
5.181319985008039364e-01
-3.300781118602006403e-01
1.313705362500829643e-01
-2.813511434509206044e-01
9.169308268020890385e-01
-4.337847230725738190e-01
-7.097394775824686919e-01
-5.704999303346367512e-01
1.171260131522013692e+00
-7.041819310452426262e-01
-6.256276880526793205e-01
2.526783352460257870e-01
-2.490824199305414210e-01
-1.436352358767590230e-02
6.151294869755363770e-01
-3.582643400362800490e-01
-3.802029405744355994e-02
-6.293621387750372165e-01
-5.590277392382879684e-01
1.099713655734515072e+00
2.496314478012315874e-01
-9.271096901247738442e-02
1.233253958378635495e+00
-2.729138381814638636e-01
4.153516539752409309e-01
-5.115883701559320595e-01
-6.565541931661549313e-01
-7.925963221923918445e-01
-7.314351925583121306e-01
4.955032548729291775e-01
7.958450873627694044e-02
6.600437222795149106e-01
2.413903727537934363e-01
1.358234237624982299e+00
-3.646569172401660230e-01
3.011563598232678274e-01
8.284964393723820431e-01
-3.551990158275456499e-01
4.474463434915186277e-01
-1.971682386801323905e-01
8.432644599845391664e-02
-5.827149562056588294e-01
-6.647689952638946576e-01
5.186265840947210659e-01
-2.835836766058690006e-03
7.850458270848084119e-01
3.433280042818755429e-01
3.649220698704993548e-01
1.241279055673053938e-01
3.704803058399762372e-02
9.134932126196271263e-01
-3.010378594572014066e-01
-3.157303905857911652e-01
-7.651644265777363119e-01
-3.038169555231247654e-01
6.424781157549495081e-01
3.074148319042515620e-01
7.820784881009062994e-01
2.187232173449429884e-01
6.184561708979380290e-02
1.711926482686415563e-01
-3.737692470245287946e-01
4.181519002603717450e-01
-5.515447272380224336e-02
-6.623295971131637483e-01
-7.414712539942044378e-01
-1.416655412032629758e-03
-4.577901928307224755e-01
1.088323148578677207e-01
8.812413888672765427e-02
-2.563714032285890898e-01
2.228867723694394343e-01
5.689265967026085891e-01
-8.491261545400417832e-02
-4.511009813433646820e-01
9.443198947739958604e-02
-6.788966434095284885e-01
3.119681081528737909e-01
9.223333996273391788e-01
-2.802335621969246904e-01
3.948082731444803040e-01
2.797277437894805652e-01
-2.041150103529047466e-01
-3.297823495298885521e-01
-5.347595244998294417e-01
-2.033607154988442689e-01
-6.790454808506500572e-02
-3.451965370944759526e-01
-7.131186818602752719e-01
4.494814258367102466e-01
1.585918509401023496e-02
-4.135826385303186248e-01
-2.311213388255920764e-01
1.284591339081188721e+00
-3.163032310252011370e-01
1.568612102873249148e+00
-2.871231164423987403e-01
-2.673184471815655550e-01
-3.204340700819111043e-01
-4.387619245521142131e-01
2.450211948078965390e-02
3.782028469356761846e-01
-6.680528607932615381e-01
-3.519970237758288101e-01
7.921024352549348446e-01
-3.706348321768564158e-02
-3.317600469346546621e-01
-7.109743056559746366e-01
7.194654622788504428e-01
-2.511796052912603217e-01
-7.531303905466959492e-01
-2.660540254416747796e-01
-3.586938487752434207e-02
-7.412402111241561675e-01
1.258166993332846983e+00
-5.000458445563545906e-01
-1.487651257487511980e-01
-5.812416824423751738e-01
-5.468688462287053520e-01
1.419642777971445446e-01
-1.419959923546492697e-01
-7.369063434550440772e-02
1.303827122865514887e-01
-5.115620833276396384e-01
8.700996480727716254e-01
-3.716457532519842344e-01
8.057197972287249987e-01
1.611189635058837832e-01
-2.026120637904547939e-01
5.992510899454989159e-01
1.273293159033436872e+00
3.726122234591307258e-02
-7.699328821532615275e-02
-5.250333466950798389e-01
-5.468386808262374332e-01
4.298892289476278217e-01
5.280861109658387953e-01
1.225407397207829652e+00
4.806572742112427687e-01
-5.693345687120746623e-01
3.502912190191320718e-02
5.098979707925823668e-01
-2.020549801885538482e-02
-1.388977152980204119e-02
-1.865870875518498284e-01
4.789101646297556636e-01
1.132892796485536424e+00
7.343826083044775743e-02
1.536475198463103375e-01
4.031348440114913140e-02
-2.208365668894116812e-02
1.076586258267437035e+00
-3.038671753556028698e-01
-6.687218775409878857e-01
5.878952519092286444e-01
-1.165903611707574394e-01
2.317697966568554035e-01
-9.943013273470104746e-03
4.902970168405821894e-01
-2.125351575926921199e-01
3.630380867271208456e-01
-4.539774556549881490e-01
5.515991075812889388e-01
-3.291137264664624751e-01
7.354508690129206716e-01
-4.088517533675779525e-01
-4.829020017315459323e-02
-3.376224209003056975e-01
-6.889681871151991377e-01
1.641042471848065398e-01
-5.979483917153147754e-01
-3.799967576591956608e-01
5.941398695492992182e-02
-7.881715845894932126e-01
8.214675605851303741e-01
-5.915459647143480604e-01
-2.918948610379960562e-01
-4.323217964758898635e-01
1.841380517384472726e-01
-6.283088766731429464e-01
2.082244396860368774e-01
-2.714177537193430134e-01
5.952431502875685787e-01
1.346770756790068302e-01
-7.130296275026826169e-01
2.531408290108247416e-01
-5.183051087374029864e-01
8.046024852730386812e-01
-7.157116781260696170e-01
-4.825081023946568015e-01
-6.651714081436040926e-01
2.176506329476378399e-01
-1.859056002580963263e-01
2.232628064479318108e-02
-1.806205729986724851e-01
7.994176883394921163e-01
3.601806625091508729e-01
1.294857346198889259e+00
5.973538681017133145e-01
-4.691411315816270550e-02
-1.674663550558056768e-01
5.533131980990179111e-01
4.682088584298919609e-01
3.490948651680443326e-01
1.462841590888753762e+00
9.435902469188026664e-01
-2.830521965609711366e-01
1.061418950177634102e+00
3.667447187270778119e-01
-6.917689602075476063e-02
2.142019045905886043e-01
-7.216908261211598674e-01
-4.853430991272446038e-01
-6.049782996706206672e-01
-3.713233915718407857e-02
-1.577419423282853672e-01
2.907360126406713374e-01
-5.045049426305923124e-01
-5.827128587893020129e-01
-4.099761599434337267e-01
-5.896109053471276784e-01
6.382340660011924793e-01
-7.118287654359812811e-01
-5.010601197892431413e-01
-5.274962292867766411e-01
-2.910311815857412610e-01
-4.220323590329357333e-01
-2.374177542880603342e-01
2.036277524788357163e-01
1.083495302643584096e-01
-1.165738398454386621e-01
4.873204997324703802e-01
4.260054702233954105e-01
2.973831701700200836e-01
4.108921225452806247e-01
-6.526565857266111714e-02
-2.753618205444975375e-01
4.162764869314093952e-01
-4.339246091431853136e-01
-2.647949619976520119e-01
1.140121588366738381e+00
-2.323473954175755696e-01
-9.578000082567668383e-02
1.953918804312669844e-01
-4.753382704580794149e-01
-2.162692454812432385e-01
6.213214729360785338e-01
-3.049110187157839102e-01
-1.768541281841157775e-01
-5.308253867028090989e-01
-2.377970850879348175e-01
-1.973012020477899475e-01
-2.193661096465159277e-01
-2.709838793895267828e-01
4.632211374178505925e-01
1.027250569294739346e+00
7.869396078295583241e-02
2.368597008501660273e-01
-4.213157979995368896e-01
6.833853054853890052e-01
1.862896141477461687e-01
-7.776816021116413069e-02
-4.716905195300694076e-01
8.719340419526387664e-02
1.040730966584657580e+00
-1.968835437678905786e-01
-6.732093933290802523e-01
1.140405718705687216e-01
-4.749190819077085401e-01
-3.242561983900484890e-01
-2.250450065690051960e-01
6.255146949428798120e-01
9.153264057558525568e-01
-6.782336499263050822e-01
-2.467170604326109074e-01
-4.282614033034349427e-02
2.502690809664603333e-01
1.344980728413450954e+00
6.050985828855869747e-02
2.040803753091526840e-01
-4.089045179148941278e-01
6.244621810858362876e-01
-6.263039847986805464e-01
4.274768051552607639e-02
-1.834243816306795616e-01
-3.067196616160222100e-01
-1.208833774571158870e-01
4.311043402978730343e-01
6.528493214688599333e-02
-2.977356160371215643e-01
-1.243796073657656015e-01
-3.628253230458389766e-01
8.198047091393690922e-01
5.122346922198298680e-01
-3.260316832481532923e-01
-8.091977452755216849e-02
3.307951157526304864e-01
-1.073893036177736987e-01
-2.207216465763516267e-01
4.075293171886162358e-01
8.675157869388319121e-01
7.524923472867686147e-01
-2.082269941483207432e-01
4.160229897289420831e-01
-2.144267695966508569e-01
-6.128612544303408960e-01
-1.597075147607427137e-01
-5.512460131120683338e-01
4.759972416767709325e-01
5.991696730634698403e-02
2.623186928360483616e-01
8.026822561719082483e-01
-7.168646550999345779e-01
6.893622300396249347e-01
8.058372534599308676e-03
1.413953670444083877e-01
-5.336826608032095853e-01
-6.554660454240577305e-01
1.734423725056823407e-01
-1.301761788423279054e-01
-2.514731882407458263e-01
2.871140475123930558e-01
-2.268522490120329915e-01
-1.563261366939983910e-01
2.519091188097820067e-01
-3.147524463374562487e-01
3.730707888290260010e-01
-5.519969792363305094e-01
-4.413760161352428546e-01
-5.992205317981862400e-01
4.961415745288664803e-01
4.464169775973189647e-01
-3.416921680035520104e-01
-3.017500126467596577e-01
-2.008973922989209793e-01
5.132526625275689591e-01
2.430754139028336869e-01
8.453423880452007877e-01
1.930862388374087746e-01
-2.582409339559629813e-01
-7.582246753185444277e-01
-7.343992320654830763e-01
-1.915930364604473968e-01
2.490234986123238958e-01
-1.761480488719032456e-01
1.019331595766491239e+00
-4.936040893631259419e-01
-3.656033535985341310e-01
1.251191191406747505e+00
1.095574903396170363e-01
-2.562556989364058735e-01
2.605258083385731949e-01
-3.579856407325092693e-01
-2.071614951835377971e-01
-3.644038762915366436e-01
-3.274040571399312594e-01
5.985061918246751267e-01
3.502666494107884443e-01
-7.889040102187211412e-02
-6.529440772721472053e-01
-4.151511680242656044e-01
-5.127257918782689439e-01
3.935169178445312443e-01
-1.591212831946277328e-01
6.706476892300302639e-01
6.037201388416609804e-01
6.210473354373599042e-01
6.256814198023460949e-02
-1.566546473084577396e-01
-2.342323837678697215e-02
-4.418972434886549450e-01
2.296517707706186018e-02
-3.298786346364351862e-01
2.500674004976816481e-02
-5.787810939209000471e-01
-6.017159397040380275e-01
3.113477485854139748e-01
-6.117886648179226006e-01
-4.448541583929729315e-01
-2.752212624649152950e-01
1.531469632508003775e-01
-1.071529867136728487e-01
1.916363810707983062e-01
5.605083064794466052e-01
9.874462687258192539e-02
1.161111196855977162e-01
-4.945270880389963652e-01
2.832070310624172360e-01
-2.057129092610026633e-01
-6.322441767048415651e-01
-3.702752884087089913e-01
-1.306909358186834347e-01
-5.691089132056207367e-01
-6.509031189647446203e-01
-1.047713795517126942e-02
-5.115801969131297255e-01
-3.499824560000101004e-01
-1.339001648359442742e-01
8.184036284467839694e-04
-4.388262966815504318e-01
4.722637513077536653e-01
-7.719114512997471422e-01
-4.218346751299206776e-01
1.469884623735675744e+00
7.525083716865752503e-01
-2.735236107667182170e-01
-3.262354900231088928e-02
-2.239631413880118979e-02
2.385595109005482217e-01
4.498340007567466770e-01
1.621681722150630778e-01
-4.421722736241343391e-03
-6.042671677607784897e-01
-1.273534257872893094e-01
-4.647329873091866070e-01
-4.443083498359802763e-01
-9.500314783573009236e-02
-5.540030155749615937e-02
-2.889822534890649774e-01
-5.885993205333525102e-01
3.617739487507852791e-01
7.349794374075854231e-01
1.321963285772068897e+00
9.420281004453374685e-01
-6.985943496747668569e-01
-6.066223331464513091e-01
2.169973124660992403e-01
-1.167531279148132789e-01
4.021835733265496926e-01
-2.378341965492086485e-01
2.633179994467293450e-01
1.180446042950902941e+00
1.092614745315930058e+00
-8.526522677021899921e-02
-2.594956395661726645e-01
1.178448602155004910e+00
-1.394866937824296438e-01
-5.904144207326225136e-01
3.233134358251625873e-01
-2.683113766371582054e-01
7.036624797996793301e-01
-1.003931853160721782e-01
-3.816427424875533658e-01
2.528460176610745069e-01
8.094453367656675447e-01
-3.838378040691081128e-01
7.319501382931283828e-01
-6.503003825748657762e-01
-5.701024677130864943e-02
3.985812979082738877e-02
1.053286680940114461e+00
6.481004698453163293e-02
-2.967829623814047801e-01
4.734070868844130198e-01
-2.380596064218945263e-01
1.684448493963828231e-01
-1.766873014691915933e-01
-1.707643132192480651e-01
-3.639564080417442282e-01
-7.337054328218993726e-01
-1.705769209929240970e-01
-3.906047409762475886e-01
-2.063484191482592711e-01
-2.465164819876490832e-01
-1.306695610135091001e-01
1.557183867360558971e-01
3.033044714672546993e-01
-7.411177376852309262e-01
6.590507549214577043e-01
4.907196133838138269e-02
-7.470480410594767529e-01
-7.161810568971432867e-01
4.274698725221671158e-01
1.043932219158480307e-01
-2.449250817623470355e-01
1.733361754314849401e-01
-2.680626506149764721e-01
8.671567869488702174e-01
-4.701811139112296312e-01
5.366397557135360596e-01
-6.623404139200955720e-01
-2.346662635833305643e-01
8.643011552298517364e-01
8.786689374079283132e-02
-4.051835275077702025e-01
-7.858545315985032698e-01
4.200256737441624977e-01
-3.673965707669938907e-01
6.619287736790110399e-01
-5.978176179521340616e-01
2.230793815302216931e-01
2.303985513350911146e-02
4.562311335670047874e-01
-1.690402822509211034e-01
8.131726053073496940e-01
2.741276409016301097e-01
3.625058635068230672e-01
2.886065738102014389e-01
9.118298606423002051e-01
-7.906812162698622082e-01
-2.292819391982368338e-01
1.302949872527727204e-01
-3.322988040932360887e-01
-7.993327109926533502e-01
1.312318607412849177e-02
-1.141980766426116817e-01
4.079569707110595189e-01
-2.329353727740763047e-01
-1.762936665546171733e-01
1.319403418567683117e-01
4.212336769537713965e-01
-1.291183483253750541e-01
-2.472884696923317305e-01
-5.503890318108641821e-01
-4.307716521377452645e-01
4.066443434838514781e-01
5.001180132062267303e-01
1.522221052986567347e-01
-3.589867697231357568e-01
-6.615456729036381378e-02
-4.817910357721457565e-02
1.110499131592841637e+00
-3.397552020454153165e-01
-3.070702267724363943e-01
-1.773981442163411748e-01
-7.163886044514977680e-02
-7.295408324501322372e-01
-5.654292994740851563e-01
-4.307409397390359745e-02
1.171866737283743909e+00
5.232790079607017031e-01
-3.290808160133328331e-01
-4.216233158874709286e-01
1.093108587128444054e+00
4.688563824536790547e-01
-5.530891632878101039e-01
4.004954044418040371e-01
2.639407997979247855e-01
8.870550403658631344e-01
-2.251902121674412005e-01
2.305864778222505296e-01
2.027457876565867401e-01
2.812848166941621098e-01
-5.911701519607965860e-01
5.050288726813141338e-01
4.926984599983861290e-01
3.509970738017859082e-01
-8.441183030552423805e-02
-6.976901106599012192e-02
1.535947906435956162e-02
3.478001821489499767e-01
-6.276836195841665189e-01
-6.557592205256265183e-01
9.677587560176429404e-01
-7.660115292914302376e-01
-1.253519623580028330e-01
-3.891593669757417717e-01
9.672904232845284112e-01
8.385132258859927523e-01
7.742509958423700045e-01
-6.627246481338744388e-01
-6.128831210116800765e-01
-3.130059882202579358e-01
1.201233695759851949e+00
1.088932305813973045e+00
1.143996412203640345e+00
1.441660851151092215e+00
1.405547598456492395e-02
-1.123684869491083510e-01
-8.209254676884020219e-02
-3.957556403424449254e-01
2.114988199795025114e-01
-5.864796548364371587e-01
2.454568529893246323e-02
1.231783231948565760e+00
-5.059625164890281246e-01
-5.006444128551050810e-01
-5.180933845092787760e-01
-1.805416542482876363e-01
-6.098923091669392615e-01
2.834993205624277146e-01
-4.113810851723720408e-01
3.225615579592386872e-01
-2.598008334687927912e-01
7.726453873600744870e-01
-5.589436831473102441e-01
6.240827999512335023e-01
-3.582582165264530105e-01
-3.352075809910106119e-01
3.660905575462954920e-01
-7.671052235351758508e-01
3.199798893230435537e-01
3.036812449851878926e-01
-3.749599178883831763e-01
-2.799647637135057043e-01
3.971603902326963365e-01
-4.830540926501776799e-01
-3.080580782487470359e-01
-1.353042775291172783e-01
4.797612645710086499e-02
-2.253726448738724852e-01
1.474598016844337112e+00
-7.349564926275315990e-01
1.046308584050632540e+00
1.596880274798153088e-01
1.310047180629548169e+00
3.303880817234656764e-01
9.880157711711137769e-02
6.785355210481913701e-02
3.085516244754647475e-01
-7.759248872292441312e-01
1.406914001702630479e+00
5.855350760364123192e-02
-4.940646508756282862e-01
1.587057041746725017e-01
1.106634198410245684e+00
-2.226275686381950780e-01
3.053300351932913825e-01
-1.909082132459504477e-01
-4.422328717608173809e-01
2.560607468623102845e-01
-7.043853093954945133e-02
1.197594460604395339e+00
1.455407359838632175e-01
-1.698487099547258683e-01
4.729284573472398723e-01
3.359425966879938108e-01
4.231329625394201210e-01
3.968912407405684739e-01
-5.773906146287999253e-01
-3.166853081269064840e-01
-3.942193968866451736e-02
2.494539074317422001e-01
-1.551561078878215538e-01
-7.052163627894250109e-01
-6.703431588775251582e-01
-3.609365764449805059e-01
5.139818030407042881e-01
-6.539989004586097554e-01
2.344925143204191764e-01
-1.071433445001320345e-01
3.373469592636178516e-01
6.005899024430231270e-01
-1.953064695121506378e-01
2.227896797560157682e-01
-5.618027677689855226e-01
-6.208423278472501305e-01
1.128761840542555683e+00
1.389509474399977795e-01
3.483007515384894393e-01
-4.545294235662806215e-01
-7.371256553899810382e-02
-5.483065965680208181e-02
8.993456229188275808e-01
-2.005759972341876196e-01
-2.202568355787109244e-01
4.430207233195180838e-01
3.479546317684041323e-01
9.946664401245837450e-02
-4.465500510982339244e-01
6.305486470966854551e-01
-2.905029693827100856e-01
5.188608220228367873e-01
-2.693954742175067030e-02
-4.843447271548636524e-01
3.542344142126327977e-01
7.990712547051634917e-01
8.552562256387384876e-01
-4.373431661142256344e-01
-3.442883732540583108e-02
1.751125819223413871e-01
-2.472383108969015628e-02
1.521978360779045469e-01
9.319186018030067853e-01
4.730890325090374993e-01
-5.862536411487857119e-02
-1.417395054643760116e-02
2.409156769632259942e-01
1.742146813516490811e-01
-8.866603571513832771e-02
4.865552201606117566e-01
5.282017190630066139e-01
1.384364936166132987e+00
5.321117371999672940e-01
3.493225858205342704e-02
-1.816556530611929676e-01
3.504481948578313522e-01
1.625475191042662637e-01
-4.824354580016262384e-01
-1.247873942395865549e-01
-1.086535834725023963e-01
-2.643122638329043483e-01
-5.132254913616037806e-01
-7.117035665724924520e-01
2.772677673528615716e-01
-3.176996998434121755e-01
-4.283433822351795373e-01
-2.528769353336849379e-01
-5.259806743525904382e-01
2.449107209415863073e-01
1.413693791962228885e-01
-5.498820700130724326e-01
1.305259415640615872e+00
-5.381970464075052085e-01
-7.996214801870630273e-01
-5.274422403849764462e-01
7.384978056426423632e-02
-3.362067550850553806e-03
-4.160692052407741759e-01
2.489809369282022511e-01
-4.568421506241277519e-01
1.071520524967174010e-01
4.893609071540435118e-01
7.242548548753471316e-01
-3.008490019873497623e-01
1.954325703021783656e-01
5.019778399906660304e-01
2.561806338379398751e-01
-1.366112064728085829e-01
4.931411490742851345e-02
-2.332273290339426652e-01
-2.592271820774891267e-01
-2.273955612043533636e-01
-7.387259972012676090e-02
-1.028196692656945660e-01
4.692150442675893651e-01
2.945342117274321048e-01
4.734519265506719199e-01
-2.543582751585214408e-01
1.895458740642403661e-01
4.990144596668267818e-01
1.222461809013023898e-01
2.726160240548585259e-02
1.466796622981408338e-01
8.598235035528428716e-01
-1.415832139001450829e-01
-2.677210749854491145e-01
1.726388276255501689e-02
-4.968882437174036715e-02
-3.012818927841722783e-01
-3.909337537432127085e-01
-1.990534102914854053e-01
-4.152138969099884447e-01
1.569552480177064946e-01
8.286985257368877367e-01
-1.645510096046419457e-01
6.608168524179780512e-01
-4.662389611061430045e-02
1.902582417905533119e-01
1.484820568457571599e-01
-3.240814414031196189e-01
1.285038851075251509e+00
-2.651801821538354864e-01
1.899242298416280450e-01
2.381281467001984953e-01
-5.238494374299759171e-01
2.809701345000856221e-01
1.727369198093201552e-01
-4.799726864611991023e-02
1.391295192220271537e-01
2.508288368685276382e-01
-3.363130917471021664e-01
3.414735104798238274e-01
1.470604972554935053e+00
-6.719378308523342724e-01
-4.147532488048886190e-01
2.291223799007446604e-01
6.850465434796512154e-01
9.562644160510973546e-01
-3.249499253615886762e-01
-6.121681557037792487e-01
-4.120176308426909406e-01
-1.776514177281925955e-01
2.921441430836708153e-01
1.358395443784673695e+00
-3.551013573766184095e-01
6.982442665925944203e-01
-6.000926058519587825e-01
-4.619895192522521232e-01
-3.659686816718131230e-01
6.242724148529937844e-01
1.030249125803466559e-01
3.859794000163985911e-02
5.787240040938035346e-01
-7.850447393869386392e-01
-6.573847109304858938e-01
-5.673311853202984700e-01
8.348089054727754199e-01
2.181918558278450951e-02
-7.606449863731914451e-01
-2.275623901269846205e-01
1.127717162170112974e+00
-2.360460878273720059e-02
1.027610264036345589e+00
-1.775944725941673852e-01
2.342187617694547197e-01
-6.870992674286182655e-01
-6.273630365343901838e-01
-4.612088256028660793e-01
1.635595254957138492e-02
1.183682889519932502e-01
-1.636228671086322195e-01
-2.410835605483271915e-01
-4.639962642560291894e-01
-4.860243940024992493e-01
-5.490453700718822549e-01
-4.916308598774464245e-01
2.609361158932038127e-01
-4.480195430298452575e-01
2.289915186045016204e-01
5.982303414956630094e-01
4.661928843040317183e-01
6.201554725602733686e-01
-3.512336005617633927e-01
2.016206987628776058e-03
2.787906684565711335e-01
-6.802632979359898857e-02
2.132699671465689006e-01
2.419536258589705668e-01
-1.042212469789655371e-01
-2.808645351281714442e-01
1.150590408955123461e-01
-2.496320377969379611e-01
-6.315770745861859492e-02
-1.463161368157653575e-01
1.966977609584871500e-01
-2.818272006338326530e-01
5.673047017278405324e-01
4.191174847052067665e-01
2.283963456095503552e-01
1.129707897589641741e+00
1.889363173821573608e-02
-2.571757799931576605e-01
5.831463223804613655e-02
-5.355395991376125098e-01
-3.364702665233309520e-01
-3.965454317300636800e-01
-6.652553514711615490e-01
-2.193950759398120287e-01
5.679724135523346318e-01
-1.251744370787368499e-01
1.197609758629078813e+00
-3.382630838256431294e-02
-2.204579509148141825e-01
-7.524774619962212308e-01
1.447421322489633067e+00
-8.972604956382025654e-02
-3.389423883792386238e-01
-4.979738173464687834e-01
2.707699169582748477e-01
-5.189419875919981662e-01
-2.862463108483710994e-01
4.675973477002466350e-01
-1.533634868769073456e-01
1.027568304333205118e-01
-3.921304418630999766e-01
2.872753738930020617e-01
3.696454883127309188e-01
-1.658869743032095334e-01
2.684108368528492772e-01
-6.256745625620157014e-01
-2.704773819562240056e-01
2.477254139054833187e-02
2.124962921977390506e-01
1.854135056764612266e-01
1.998652945778671697e-01
-2.104625367720345530e-01
3.149004328702544875e-01
4.622176072882532294e-01
-3.384018342822626146e-01
1.039736299989034052e+00
-5.666659273805751962e-01
-7.243303708603802959e-02
2.283899671035971857e-01
4.821639862591176051e-01
1.410313225444707053e+00
-3.714090690487422131e-01
-9.703802238122831436e-02
-8.005777316511134001e-02
9.715433052019217808e-02
-4.347331010515149696e-01
-5.924990074699809650e-01
7.385639155005175871e-01
6.736736206974239805e-01
1.101852120698636028e+00
1.893118350964354824e-01
8.151369124038342073e-02
-5.567788785384285566e-01
-2.777001742594816247e-01
-1.139697525408295414e-01
-9.089453599923066895e-02
2.761761532811174424e-01
3.219022751228945434e-01
-4.294586015925100364e-01
-7.203799552915959303e-01
1.756254609997452143e-01
3.452418516813484106e-01
-4.538032521385638729e-01
2.647144130131053388e-02
3.557714470013042529e-01
1.084036656956589129e+00
-7.717672654841002400e-01
1.543895886683529506e+00
1.663557125811883086e-01
1.445721013303885139e+00
3.164966774805345051e-01
1.241488150885321939e+00
1.006783120160329004e+00
6.446938824021521963e-01
1.528186606163373762e+00
-7.894786038079660839e-01
-2.351546258671883827e-01
-3.960669546702840216e-01
-1.392582257431549952e-01
5.113925747805126987e-01
-3.397549106256235185e-01
-3.359231948021945136e-01
5.488667718549621322e-01
-5.823799233709395784e-01
-1.456689824466933236e-01
-6.408562063992411240e-01
-3.409428128448496742e-01
-1.809026516821394398e-02
-5.692443402169116151e-01
6.030184567253232819e-01
-6.752801253313089891e-01
-6.504185029595433987e-01
-5.060528147469872673e-01
-3.157030090783302656e-01
4.720802999277476375e-03
-3.737788521042926804e-01
-1.704037014894488888e-01
-7.072667389277695893e-01
-5.094554141922105206e-01
-8.138874883314892728e-01
2.276161858276815331e-01
3.845290405726154992e-01
1.257647797373070801e-02
2.720471370943784717e-02
-5.144918442721180263e-01
-2.255527031267725580e-01
-2.867856763232712880e-01
1.097483012351152531e+00
-9.707593408469558649e-02
9.404028103933588512e-02
3.372712858947111148e-01
8.128433972133201901e-02
-4.235713959416046448e-01
-3.298878260386411965e-01
-1.478917018361696756e-01
1.608347233443165047e-01
8.926690734656158588e-01
-8.432442139135157833e-01
-6.297612900874941522e-01
-4.207930953182769662e-01
3.401873839980980585e-01
-5.221417759238169420e-01
5.914232987708128997e-03
9.372221770027522325e-01
-9.888253525411801192e-02
-1.282454974254632618e-01
8.864029227037808489e-01
9.846282545372532224e-01
-5.652255081954131732e-01
-7.073181050778398760e-01
-5.106165618475272394e-01
-1.374873905740041369e-01
-6.318575476070121821e-01
-2.594561859128968750e-01
5.795190990540806109e-01
-2.018560960016355099e-01
-3.139510452595631329e-01
1.806157665403093290e-02
3.869269478418637664e-01
-1.640430979955117552e-01
-2.321380036307689812e-02
-5.561350444128985160e-01
5.874440000996733469e-01
-8.103228280804411487e-02
-8.101314768494456697e-02
-2.431958559458907432e-01
7.226533772231533703e-01
2.194061329076470515e-02
1.067983204832243960e+00
-2.035505942319693617e-01
-2.711200366288685215e-01
-5.020345279980278907e-02
8.472506516816248334e-01
-2.996810831958691135e-01
2.577946955833515519e-01
5.960630613942492495e-01
-6.307716993358721824e-01
2.997605455944270525e-01
1.445547634624054112e+00
-1.255819295237421973e-01
4.258594188804501468e-02
-5.533885868535171060e-01
1.287962719920964005e+00
4.323125791302404597e-01
-5.010067824685426885e-01
7.689991758286639500e-01
8.642464332208651401e-01
-7.067295879387132385e-02
4.802937881317232982e-01
2.700332905183268628e-01
-4.743524973126222455e-01
-6.479793065364832794e-01
7.235176298467069778e-01
-1.850003089073464502e-01
-3.557604595574284101e-01
3.030987982222269062e-01
-3.379838041159627382e-01
1.567253957707968881e-01
3.008671924285358928e-02
-9.980183292695099517e-02
-3.616172527276690363e-01
-2.468209645675235320e-01
2.872392709087932539e-01
4.744940168885335430e-01
7.063681485668360516e-01
4.839032339804602012e-01
-2.663987072753651320e-01
-5.285917785945466463e-01
2.701793335060497236e-01
1.133425802762959345e+00
9.096184617584652798e-01
-5.726545849067133931e-01
3.749078987090752046e-01
2.646883409944111865e-01
-4.880900951158834156e-01
-4.241409375986464614e-01
7.181840596982802527e-01
1.023403164506990898e-01
-1.359893013895930591e-01
2.150825520618585285e-01
-1.332785181637884675e-01
2.921790486101453199e-01
-2.445740317286766163e-01
8.326022609837644417e-01
5.184351414762756738e-01
3.405750414439258078e-01
4.717411155915690046e-01
1.301774772659012314e+00
-3.342630760721626570e-01
2.999349008239284853e-01
-3.280210876436882583e-01
-4.654524078434208595e-02
-4.747008002089975198e-01
-1.781203747385894376e-01
-5.271816997368941049e-01
-5.516070459268277437e-01
-1.141866230872091853e-01
5.014619473448777009e-01
1.887824470938807286e-01
-1.765438773847832210e-01
2.686787717471796899e-01
5.691243205523627280e-01
-3.719004016879268737e-01
-1.598079013013918304e-01
-1.126293765855017476e-01
-2.167398556703232226e-01
1.062053731335785622e+00
-2.574709583743359786e-01
3.551537849650633627e-02
-1.144599178458967220e-01
-1.759928916034284863e-01
9.483360440937447233e-01
-1.401717405618946033e-01
-5.746636020025467674e-03
-5.525543499133550585e-01
-6.061065059263586186e-01
-2.744511823761521807e-01
-4.545948625626534678e-01
-2.613248931905559069e-01
6.623075843172440136e-01
7.746313620762548258e-01
-2.794844757954290104e-01
-2.995642855456350784e-01
4.390566555867955745e-01
4.194740909476447899e-02
1.598816683553894447e-01
-6.125427990097014747e-02
-5.777819128908457946e-01
-5.283294884721411178e-01
-2.406753095164119727e-01
5.532056012702970399e-02
4.061615984515256073e-01
-2.649936922951621199e-01
6.750150083562932168e-02
1.450922557653006040e+00
1.233801998791328236e+00
6.719186822451115315e-01
-3.891618552401507891e-01
1.007116614075734551e-01
-5.493248845330198638e-01
2.466431320752426604e-01
-3.399484015676369486e-01
-3.284328346212455063e-01
-4.603517395392440203e-01
1.214054700162188416e+00
-2.809950731381098410e-01
-2.967447278462528870e-01
-4.466432569041119960e-01
-2.593056151470910647e-02
1.386752362752296408e+00
-1.959439825460757012e-01
-3.492732664987616142e-01
-2.442148122763335427e-01
-3.721376437480058419e-01
-3.026895997523720294e-01
9.241189479502244231e-01
7.339339634684922675e-01
-3.796154145893285148e-01
-3.549974833640456851e-01
-1.913128703534503205e-01
6.655382581271767073e-01
1.661738364979445381e-01
3.890301366870919098e-01
1.569914713845439458e-01
2.676172974356560985e-02
-6.211336649033379897e-01
3.248634006204103031e-01
-2.123010959638876038e-01
9.787597172407017099e-02
-5.900667660632284983e-01
4.228402324677329460e-01
1.748117908124702247e-01
-6.642639323771156734e-01
5.939626753731431369e-02
1.364908907412321071e-01
-9.235255215322661637e-02
4.793474129145284812e-01
-9.039178488122431854e-02
9.067661858088503501e-02
4.196725977524842777e-01
-5.183841780569149044e-02
-3.548794359630159656e-01
-6.870916485069128443e-01
9.131735565350013531e-03
5.520401854033800682e-01
-3.072527801912935952e-01
-1.942489973501099199e-01
9.771131649366853189e-01
1.788593203750042104e-01
-4.962469503914727076e-01
-3.317407099210628596e-02
-5.838988014106022417e-01
-6.910464610473208147e-01
1.236289538252291625e-01
-2.267182364722209187e-01
2.225950671889609933e-01
-2.743487858136688384e-01
-4.166192322043869578e-01
-1.318127438750524294e-01
-7.004435289957104960e-01
-6.330896441976203715e-01
5.376970994263792214e-01
-5.599104275738846503e-01
-1.973687893026757345e-01
5.747618283236858305e-01
-1.128083226870582600e-01
-3.874035616276105265e-01
-1.933957331924139600e-01
-2.121537370053873661e-01
-3.965394342812731399e-01
1.322617066667322039e+00
2.636178354989694994e-01
1.102002484194920751e+00
-6.822362997106565241e-02
-2.326447389058910742e-01
-2.475559707912847185e-01
-7.102706339798904311e-01
1.069360229331377754e+00
2.102430358029849511e-01
1.372725391232417214e-01
6.322148224022638985e-01
8.339286254593454295e-01
3.733799374304158092e-01
1.153083623882902586e-01
4.858924665401059273e-01
-3.493202712439179569e-01
1.759499909764996595e-01
-4.004888654172495954e-01
3.536322311990984513e-02
6.835077432556627142e-02
-7.071320811901835035e-02
1.465387672508260186e+00
2.527877847587283178e-01
3.665864774477446963e-01
6.567528130658260854e-02
-4.839333985567863539e-01
3.044008645037198924e-01
-2.719967981331125606e-01
-5.511391276835962971e-01
3.980533504479347173e-02
1.230730158003934038e+00
1.364572490029971386e+00
-3.849765635397037200e-01
1.892671444031470418e-01
-4.498675560491502967e-01
1.664456919250612288e-01
3.668950047199798781e-01
1.267918935453052676e+00
-3.597984459815789515e-02
-2.291946756617538328e-01
-3.770624008928090687e-01
-2.677636711061081032e-01
1.503110753543345890e+00
4.132457126608263254e-01
-2.593316039942149542e-01
-5.161693016699832048e-01
-5.572420987479358434e-01
7.663920467436671768e-02
-1.739409001255845244e-01
-5.893470883266662685e-01
7.467488501801595735e-01
-5.015169581240938035e-01
8.895973076249954481e-01
3.474497650621239941e-01
1.297547710525610354e+00
1.073706666894395756e+00
1.188157818776552466e+00
-1.281036001261239565e-01
9.643328174715541934e-01
5.782552154028099967e-01
5.531395760782990001e-01
1.409497028096368121e+00
-2.561063810004695143e-02
-2.910528533862086764e-01
6.145299022676405098e-02
-4.323365303847771512e-01
8.256052840500701651e-01
-1.525081629397731595e-03
-4.592077101784589610e-01
3.840397884744856660e-01
-3.753786782456031701e-01
4.971691205130215341e-01
-2.897884189758319073e-01
5.460759489578442816e-01
1.032791319396144658e+00
-6.076110866401287502e-01
-4.408056333346279110e-01
-3.603833779009561478e-01
4.120907036674341384e-02
-1.064108219643898900e-01
-7.579216580613260534e-01
6.724662108392296389e-01
-5.636707692102069789e-01
3.283820809960565912e-01
2.728380204283878396e-01
-4.244338726165114428e-01
-3.987005627919910089e-01
-2.756145544623948562e-01
-5.724019755984389723e-01
4.781914253754173671e-01
-5.168491990997013952e-01
-3.874061545020326403e-01
4.799038092297745473e-01
-4.357567650230551592e-01
-3.858743898769534941e-01
5.924996961755186753e-01
1.368155017385216665e-01
-3.794209051495571750e-01
5.767795254109151504e-01
1.054080876333461259e+00
-7.540334302910218778e-01
-6.677470982381171760e-01
1.345047272684980699e+00
-5.934445736994283793e-01
1.408054338738548017e+00
4.788150201795913219e-01
4.643581568679427396e-01
-6.257845101669887167e-02
1.837372680722598461e-01
2.899948152363580056e-01
-7.673743472637506446e-01
1.122870550513310750e+00
-2.764949263903097587e-01
6.937228410736769046e-02
1.785714310478427325e-01
-4.769929875131609376e-01
-2.911548745052869574e-03
8.657582681409864422e-01
-6.106181606752856261e-01
-5.151719238711601756e-01
9.304196148949809286e-01
-3.306319350250307987e-01
7.673801933723668478e-01
1.208910504719308276e+00
1.497587528411699620e-01
1.001594714462356928e+00
-4.466754787813523309e-02
1.156343631401995475e+00
1.205342902506687963e+00
-3.894849645019975992e-01
-6.140433225942268924e-01
1.344801212669451518e+00
-3.675821469038808575e-01
-4.769570990590765724e-01
-5.829508647621337580e-01
-2.434696435818012872e-01
-8.055081180737418134e-02
-6.097215667579370946e-01
-5.844407321367809383e-01
-8.970376085574638045e-03
3.604559076300761084e-02
1.921097297169583884e-01
3.794613702213078810e-01
2.404579363027969097e-01
-2.487438390267370236e-01
-2.807012355313611707e-01
-9.133370644649554948e-02
-6.530668716438614574e-01
2.719774040172323049e-01
-2.628091200616744505e-01
-3.245937624293037116e-01
-1.259824345437933202e-01
-1.350599348821767964e-01
6.073440657637343421e-01
-7.044631607984970234e-01
1.542265587278223715e-01
2.502460982347329277e-01
-8.480576519213936515e-02
-1.681762571508822746e-01
-5.092150729314146584e-01
-6.268223473621075126e-01
1.103650942741807528e+00
1.177507939531900361e+00
-5.597047860512083250e-01
-3.684830375823672233e-01
-1.917938981680344934e-01
-6.401106551865873850e-01
-2.470694582190940958e-01
-4.925316404572799983e-02
-2.154017155349431112e-01
-4.846264289985535156e-01
6.398786189012356518e-01
8.470871673183347217e-02
-5.212355821802537870e-01
7.155688781889051331e-01
-2.635569399616575770e-01
-3.616105634714978923e-01
-2.039709293939618306e-01
-7.122121334497319989e-01
-4.749852083909721356e-01
8.308836050189043199e-02
-3.285463897693411111e-03
-2.220127852861711326e-01
-8.152412379310866042e-01
1.982385883149005990e-01
1.433866960793184431e+00
-4.099667678866936726e-01
-2.998580149488354052e-01
-1.448620275225126833e-02
1.927211004500660740e-01
-3.357831534353805658e-01
1.380129222189855620e-01
1.176257091555438054e-02
1.094977993513432057e+00
8.900800058979215779e-01
3.398791338908304649e-01
1.086002506343424212e+00
-5.990322553983675746e-01
-6.616856905952285262e-01
1.307926141203180848e+00
-3.679872457219057758e-01
7.991358459700870220e-02
-7.450060836281431342e-01
-2.775302033031481486e-01
9.322282979395016267e-02
1.295500169776387045e+00
-2.929742205726192372e-01
-3.023350623455406394e-01
-5.912435181771401593e-01
9.772598724464326425e-02
-6.891021912190098409e-01
-3.560265597564913342e-01
-7.447595330478294917e-01
4.763713119490017300e-01
4.146975291664931063e-01
-3.655467524724476114e-01
3.646291775382044520e-01
-2.883990049111621046e-01
-4.092173790934340860e-01
2.910591597751064352e-01
-4.973661127521056269e-01
9.049005328265247172e-02
1.479170398336511649e+00
-5.476062142637038166e-01
5.362542868313807665e-02
4.916966310578205768e-01
1.273215140024091196e+00
4.151233374186891756e-01
-6.165002138027261269e-01
5.357572605211299299e-01
-2.899815156720249032e-01
-8.120448597845909555e-01
5.117969856822446317e-02
2.462230323528311338e-01
-3.915704692998883685e-01
-7.173709603899517395e-01
1.562570967915976883e-01
1.187279628349058314e-01
1.960144049176185399e-01
-3.572110909710583537e-01
1.301385630951865380e-01
-4.095025645940040260e-01
-4.064675447767072680e-01
-2.858173372202379992e-01
3.188841295258461606e-01
2.916729436368196149e-01
-7.050945758986577605e-01
-4.931913691407708300e-01
-6.910136353795175435e-01
-2.074101152940968917e-01
2.944252676651972211e-01
-6.449070343656150284e-01
1.094105139375213531e-01
-5.432934342287940588e-01
-6.772774447815165244e-01
2.390466716607492215e-01
-4.159846893718932015e-01
-4.244996678876130081e-01
-2.040748416965421780e-02
-7.115326912611475985e-01
-4.512586492773431046e-01
9.707605910507449698e-01
-5.849672319458522063e-01
8.040146163227285259e-02
1.709384720052061629e-02
1.406545333993386881e+00
2.338703166043074044e-01
-3.633751463647204027e-01
-4.868997122753347950e-01
4.931461310407533882e-01
1.669159602049618552e-01
2.966655201875740278e-01
-8.880577764262659324e-02
-4.719093274274654415e-01
-4.403878683993192045e-01
7.001359245878603366e-01
-4.102180776062474554e-01
2.374001679945675347e-01
-8.391159073928182444e-02
-1.320806098478112534e-01
-6.959776505492895060e-01
1.371631381247578330e-01
3.618902053099570248e-01
-5.790418466097656536e-01
2.829681478865350153e-01
-1.026560061686220687e-01
-2.074212193294764917e-01
5.440374967789437521e-01
-7.099273349806078937e-01
1.478015114300092359e+00
5.213640295123037616e-01
5.017244528801657888e-02
1.813358620990361547e-01
7.661148937729715495e-03
2.529062017778617721e-01
-5.042701991507667625e-01
-7.930718483469425747e-03
-6.275905617307321327e-01
3.943965301350815106e-02
2.724057358915654148e-01
-6.839311665682197283e-01
-4.653971893068719057e-01
6.495097605480009140e-01
-2.721966898675720614e-01
-5.256175356093105711e-01
-2.092457483508429819e-02
2.356229138472816786e-01
-8.279408246083760914e-02
5.801699888398389321e-02
2.515259684167713838e-01
-7.429154362772691922e-01
9.392074506929740663e-01
4.198519126918762723e-01
-4.835546120389648261e-01
-7.303794473747805549e-01
-4.764967401790132784e-01
2.271963388741363998e-01
3.092318400067044504e-01
-6.133729166784287479e-01
-1.988783019194658996e-01
-5.864318551602428764e-01
-4.848107418741287589e-02
-2.907388294247619243e-01
-9.718561833546864037e-02
-1.089765827499196010e-01
5.877384694008941368e-01
3.686064870116685932e-01
-6.353455874246112245e-01
7.161311929435542067e-01
-5.311056120829585891e-01
-3.471323856292320431e-01
5.619696566728090703e-01
-3.030233624455308528e-01
1.754474950343025696e-01
9.488927656102110753e-01
-6.474303573359652120e-01
2.925733037240890733e-01
7.627819273079760043e-01
-2.762578016031421724e-01
-1.129396173995221436e-01
2.018314720675952467e-02
-5.272309093539757630e-01
-5.071674309378128020e-01
-3.415550343766093344e-01
-5.391418655419643047e-01
-2.944044787079229120e-01
-5.655981591490469862e-01
-3.461544027937215606e-01
1.166707896573273118e+00
4.312135924565337342e-01
-3.177548609470333130e-01
-7.049827474649874581e-01
5.274155061978361703e-01
1.670283940211431950e-01
-4.905433494825340301e-01
2.641359745454822661e-01
-4.966742162859843490e-01
-3.574795114170848387e-01
-2.004213342009159016e-01
-2.924594908291408002e-01
6.934950284437186863e-01
-4.369045652324182044e-02
-3.720060347417179503e-01
4.990273529709715605e-01
-2.316531306257460510e-01
-4.369122239843493682e-01
-8.143662649542071641e-01
-7.543707571496645059e-01
-3.650646241043021822e-01
-4.113637695615473544e-01
-6.829952455754133567e-01
2.696794470415603273e-01
9.465871577852663643e-01
9.259575096169786468e-02
-3.798879177432629151e-01
-4.683938759032156840e-01
-1.474903150531136353e-01
1.962521357877353989e-01
-2.901011257546542987e-01
-1.968850458913989632e-01
-1.619945537053432000e-02
-5.979805186789740601e-01
-5.716352482424716941e-01
7.928030906923434484e-01
-2.875153396831533481e-01
5.246977144962892969e-02
1.457974016836527387e+00
7.621296908503137901e-01
2.166865714869511683e-01
-2.008132448410333282e-01
-3.981865026537372287e-01
-1.711358265301553827e-01
7.632464245084839838e-02
-1.880915452959811274e-01
1.233519258199379465e+00
5.790244495239633971e-02
1.992445325623551089e-01
-1.067126854181843360e-01
-1.851215130715049006e-01
1.458820281053293755e+00
4.829756081846730553e-01
4.767447783825235798e-03
-1.084403753888432131e-01
7.903129333885638985e-02
-2.034310953301817493e-01
-1.637286712653245879e-01
-4.095050739545333940e-01
-2.193691957357513933e-01
1.876421028559998316e-01
-5.904880093537646646e-01
1.352501550429003663e+00
2.083690686961889305e-02
-1.579293666707629329e-01
-1.746986385591866864e-01
-1.834486476650332709e-01
3.105243656051389634e-01
-7.814231054263985898e-01
-4.067138555341319184e-01
-3.579550020474541738e-01
-4.584224070781521276e-01
-4.068950821639834986e-02
1.079893194221224206e+00
5.488046093944645154e-01
-4.180317651749603236e-01
-3.978358724295260607e-01
1.001982258326663100e+00
-4.112343970073195631e-01
1.430569885477208369e-01
1.505747179400868108e+00
-5.420580730440898165e-01
-5.887061400673530009e-01
-1.150897623937904984e-01
-3.936765145893267315e-01
-6.499735668241970465e-01
5.531481085219176752e-02
-2.426347089201755791e-01
-4.235523618854760142e-01
2.352766846815732282e-01
3.795381299713553869e-01
-1.525404574450721085e-01
-5.715382495491294623e-01
5.300134669064379134e-01
-2.803505068292628799e-01
-5.518390544956519594e-01
8.692037817758782037e-01
4.720863888124182117e-01
-1.935133480810530548e-01
-2.503174829167609250e-02
7.653362861825150354e-01
-1.896264845643488850e-01
-3.689519854955706779e-01
-1.330951207280978710e-01
-5.132594838999992026e-01
1.315318878390785706e-01
2.769180658658365046e-01
2.636106789958225227e-01
1.126720131984407930e-01
-3.542854819680558709e-01
4.115940615248348533e-01
-4.676400541389277854e-01
-4.279676604820907837e-01
2.046203329117834702e-01
-2.258247128203062226e-01
1.579031268633633300e-01
1.137881996996869677e-01
-4.687042116805100189e-01
8.246663407176030303e-01
-4.160410242898165412e-01
-5.980697340399236950e-01
7.406235593378597271e-01
-9.905398488315054345e-03
5.724295294963001324e-02
1.783962662801026264e-02
-5.466029539916646973e-01
-6.640803155655752299e-01
-6.306936062035357615e-01
-5.968625783995139544e-01
1.047668200612629219e+00
-3.921946152523728135e-02
-6.765121428129526604e-02
1.029446496775168612e-01
6.469804496222021362e-01
7.286507209590146195e-01
9.625584820123671281e-02
2.557252369346269538e-01
1.155395829665761154e+00
-5.320556206184812176e-02
-3.060821818397653216e-01
5.298898678517991456e-01
8.367649253776570095e-01
3.742488162837251386e-02
-5.929557163592102942e-01
7.334649495824433485e-01
3.791581318605498786e-03
9.927511707277845154e-01
6.027802086236094814e-01
-6.387389756213491809e-01
-2.335194884800300547e-02
-3.831567427827402977e-03
6.461679207818568083e-01
6.189446035375544275e-01
3.161339157640721820e-01
-4.032519805792677547e-01
5.951333556968296801e-01
-8.080537590323395684e-04
1.358829152719952527e-01
-2.321513467005597575e-01
-1.031200455515114134e-01
9.949957067710578640e-01
-5.175568018234533163e-01
-4.562684872063638708e-01
-5.275990957292235883e-01
1.253821707646041450e-01
2.274919270542746785e-01
-4.830196324274369513e-01
-5.791891815784067088e-01
1.024771707224925166e+00
-2.271114936007320034e-02
1.978533975145468360e-01
3.395172131264630466e-01
-6.302199468322587927e-01
-2.982970728381002523e-01
-6.236005935022629343e-01
-4.945320939705613594e-01
5.017430234742820822e-02
-2.327467046226658620e-01
-6.251477574282983396e-02
-1.048583658810669228e-01
8.607513001898053906e-02
7.145476594840238782e-01
1.016032267904218189e+00
8.617377960214956945e-01
4.789886743773814071e-01
-5.911838336660680815e-01
-4.420564964203465563e-01
-3.334758577195809370e-02
-1.849968896843506849e-01
2.643594416958149895e-01
-4.024598705764674267e-01
-5.167885853652353090e-01
-2.601210780768298814e-01
1.086818564861994130e+00
-1.705961029108785804e-02
-1.589691251488329349e-01
-2.906680053549904330e-01
4.641848539481112090e-01
4.775630658922285776e-01
-2.196244641921269725e-01
7.112422670740797814e-02
1.448437773056899136e+00
-6.575939800887483644e-01
1.078674688598486309e-01
-1.390114070356131271e-01
-7.557813906066254139e-01
-2.541676111384527648e-01
-4.119385036985463988e-01
-1.073125124939012104e-01
-2.430652302819991673e-01
9.850440096570978188e-02
7.066090703261566075e-01
-2.872183283515182262e-01
-2.596739804595130652e-01
-3.517329815783207247e-01
-2.470223729660671330e-01
-4.361062460141725272e-01
-4.855461034438044998e-01
-3.713856737654066403e-02
-1.192678444179711000e-01
1.088532271868845186e-01
-3.010570067920134152e-01
1.124079041186171857e+00
-7.862110692878573337e-01
-2.008216353440884783e-01
-2.866625962673419736e-01
6.442181730389401340e-01
-8.073667635427700384e-01
-5.280261882877393953e-01
-2.004773284879562689e-01
-4.750070551450857881e-01
-5.349293935130264854e-01
-5.220695048496333257e-01
-2.039604700911750237e-02
-3.920127060965988841e-02
4.375362503454596763e-01
-3.312965656352408472e-01
3.609544795758073965e-01
-5.891125277889692757e-01
1.983001685736169861e-01
-3.887677556777836552e-01
-2.787616040571129772e-01
-6.316195518133648212e-01
-7.379405652670266713e-01
-8.058468489623100695e-01
7.107269665355810118e-02
-1.131056612464498151e-01
1.085233875878715892e+00
-6.984168293643898684e-01
4.907052368014164778e-01
1.795751722108500717e-02
4.613180876399769481e-01
-6.576998267698230816e-01
4.308426525692835019e-01
-1.980330346056861229e-02
-1.629322480153148900e-02
-3.091739056105402006e-01
-5.847785346273296492e-01
1.282152750852165957e+00
-7.180971347694320439e-01
6.400248842736810939e-02
-1.081337605870456575e-01
5.540482552580462405e-01
-5.146398184944224186e-01
-2.741603735901406158e-01
7.753263830821713887e-01
-4.831680773458880140e-01
4.293308490551394629e-01
-1.565172598759885167e-02
2.942105101617891738e-01
4.660835828919444590e-01
-3.939674859710106669e-01
3.580648068054134714e-01
-1.480374153640134569e-02
4.861946080556085459e-01
-5.548278964028952043e-01
-5.486739267704844325e-01
-6.796264112211062303e-01
-3.612120981168578937e-01
2.097835214687864824e-01
7.813145804201012679e-01
-1.925157007052059055e-01
-4.390222213176433463e-01
9.556320756238975145e-01
-6.744974261549969707e-01
6.194927159233150071e-01
1.176580323643586085e-01
1.052713501159834975e+00
-1.102579391778105711e-01
-4.316757494661934702e-01
-2.000201926459359569e-01
-2.497648337444243194e-01
1.671723084039802854e-01
9.219850892453133051e-01
5.591369712665639202e-02
1.123134944805533886e-01
1.372522365816567502e-01
-1.697775034134365313e-01
-3.093816514549733165e-01
-3.550215522139495983e-01
1.047825368032230475e+00
-3.449308146574404654e-01
-1.693174935718186058e-01
1.879977964017797709e-01
9.522809621044371620e-02
8.886518357693649062e-01
-5.894057523733661208e-01
4.589861964376886205e-01
4.490026100178108326e-01
1.504839867473483916e-01
-3.216234486081283594e-01
-2.530613303363051306e-02
7.400399248965494614e-01
4.548818048975603046e-01
9.196238834733249101e-01
-4.480287981670534880e-01
-1.387211363316284973e-01
-6.993074963564841484e-01
-4.191732900419069541e-01
9.877717055655410583e-02
-2.943251775475282384e-01
-3.002162267650649793e-02
5.062047163410537953e-01
-5.373717404084541460e-01
1.278167423719574480e-01
-2.899002720684245027e-01
-1.209158987034928551e-01
1.463237764259709972e-01
-4.145366288477512762e-01
-2.967684436703292850e-01
-4.169444027930034880e-01
-5.438446582069215163e-01
1.103596416429948102e+00
-2.930131612239535999e-01
-4.552370915701318133e-01
-3.487807920251564942e-01
2.688594536852946179e-02
-5.199165298580435968e-01
1.436262100959956989e+00
-7.098281383621020124e-01
1.920512951139262681e-01
-1.126640163313030185e-01
-1.491668470370988847e-02
-3.744542014496196614e-01
-2.357680138606011166e-01
-4.417442100820730966e-01
2.054379069135405800e-01
6.913510630378559840e-01
5.774897618656931429e-03
-4.729952115230016269e-02
-1.321591365823446794e-02
-3.063423714211658266e-01
-7.606408468510760246e-01
1.333048347194963068e-01
-6.433271240735540797e-01
-5.358753020975270953e-01
5.363678283417596671e-01
2.534415958149539017e-01
5.077361207040427260e-01
-7.607322082745791025e-01
3.378700841047523329e-01
-4.221991973314287994e-01
1.417538850073379209e+00
8.366639302398497235e-02
-8.721958588838833737e-02
1.073492822580994543e+00
5.283933814906460746e-01
8.230600479535458147e-01
5.524687356221184842e-03
4.084914710081427036e-01
1.081739535547698861e+00
-2.411152938551973657e-01
3.829759207317885994e-01
9.813801224739985285e-01
-4.279823504027169823e-01
5.161840075648348458e-01
8.894690305365737792e-02
1.089951645136025382e+00
9.665639411282149485e-02
-2.105542069882151146e-01
-2.151121712379269746e-01
-7.836046907862917466e-02
1.008968776544741042e+00
-3.782712864812512454e-01
1.282094241644385901e+00
3.699567937204584211e-02
4.835768558042221610e-01
-4.979409348092635190e-02
-6.540827237324862153e-01
2.098312927727523647e-01
-9.250144894248017724e-02
-2.740623143252808314e-01
-3.076503966204508500e-01
-4.232856892503800844e-02
9.085005546426677681e-01
-6.683826301817169524e-01
-2.821801650573833586e-01
-5.423116822499853829e-01
-4.797472474075724636e-01
1.526298899107356166e-01
1.455442993466140811e+00
8.783074564022714803e-01
-1.664840905056580445e-01
-7.280091152044904090e-01
-4.854989735772339832e-01
-6.080171499539974711e-01
-8.045258770987559482e-02
-7.436058543167113621e-02
-2.663315482282615498e-01
-6.918793899053253815e-01
-4.134270946453351692e-01
1.473275265543580792e+00
4.284308742189962826e-01
-1.875641460669667804e-01
-2.251865077605227639e-01
1.013327559512662956e+00
-4.221359106473889650e-02
-2.679881049732585341e-01
-7.089126545046144923e-01
-4.140520904376885358e-01
-2.930360084282281896e-01
4.917467100528606916e-01
-2.657904900460360265e-02
-2.171048772468590071e-01
5.326121557689158514e-01
-2.300876816596756080e-01
-2.458941910805386433e-01
2.325105956125275153e-01
-3.334440904185524968e-01
6.468396621589497242e-01
8.156144055298083506e-01
-4.554786586344145571e-01
-1.699052351349842060e-01
-3.351312427739349675e-01
1.842555891826384851e-01
-3.470840831960165795e-01
-3.014103749953294664e-01
8.926368724935269672e-01
-3.600886306976683326e-01
-5.021608621064497235e-01
-3.604976680060633099e-01
-1.338009710026422661e-01
-2.645428858464248245e-01
5.975239905772273818e-01
-2.558671681344376059e-01
-7.329749447188558253e-01
-1.950183691948285947e-01
-2.290956601698742878e-01
-2.384880287814076794e-01
-6.686283602994738673e-02
3.928752182378066893e-01
-2.276050828033510665e-01
-4.806900914539236069e-01
7.476049531503450307e-01
1.154297757077762387e+00
1.308147222132790777e+00
1.309500454215776877e+00
2.723062265582849584e-01
-5.925283414262566550e-01
-3.613875683120978954e-01
1.230068601064677053e-01
-1.198500473625181521e-02
3.672759346460626739e-01
4.212806903732107533e-01
-1.667534255703540802e-01
1.820558612854749070e-01
6.303598937579864003e-01
-4.311982816225704562e-01
3.112144630544046997e-01
-1.231007696441812627e-01
-5.482973212345527980e-02
2.121659489603261450e-01
1.207498824362009504e+00
-6.762895119036368419e-01
-7.987803504069253269e-02
-1.376443353519715695e-01
1.753058481128739465e-01
-1.916042098558167484e-01
3.830594047756331610e-01
-1.133851738977336848e-01
2.653288109237043305e-05
-1.350101086508353754e-01
7.697175222423759955e-01
-3.103494952801764684e-01
-4.365965474370598898e-01
8.203909881939686066e-01
-7.667918918477899526e-01
-1.792660501386032501e-01
-2.284240194989305972e-01
-7.733308166530352690e-01
1.598272162422853804e-01
9.983468995261662871e-01
1.597101256562761806e-01
-8.510233596804669953e-02
2.858833036761248558e-01
-4.709545847426232501e-01
8.224638810616703433e-01
5.436091116336594364e-02
-4.245498897901847819e-03
1.006363963372121972e+00
-4.987040608798929964e-01
-2.234440843215460271e-01
9.317017069854071076e-01
1.555917119263097725e-01
-1.510554638900604985e-01
4.693795603406661909e-01
4.915999557878772963e-01
-2.679559189332996194e-01
-4.960224052967213693e-01
-1.039484643033606465e-01
-5.835303158974041171e-01
-1.595553562414969151e-01
5.241146774654660279e-01
-1.738103928535514320e-01
-2.490712241512795522e-01
1.007881053384829695e+00
-1.965337651333192159e-01
1.244153365013550561e-01
1.218985371182942368e+00
-3.129866266523075313e-01
1.456100911475429194e-01
-5.169125265991916240e-01
-3.172520693151116289e-01
1.237466733178542277e+00
5.591997609536443203e-01
4.521438900041793163e-01
-4.283052999683886752e-01
-4.107437651881170465e-02
-4.720006076820445484e-01
-3.806696247058783955e-01
1.339077212367861813e-01
-4.312744950641137498e-01
-3.295279476446574818e-01
8.962844739812085570e-02
-5.875427390917368209e-01
-4.296427117718266964e-02
1.248165370804154711e-01
-2.074943817949431446e-01
6.869931531770439026e-01
1.288190976581825797e+00
-5.151596859674067996e-01
1.332403100146631880e+00
1.020865738701347142e-01
1.366488333568908864e+00
-4.931002861131420500e-01
-6.489998669514008833e-01
-4.973454378440777535e-01
3.884264317843379860e-02
-3.671661896070347320e-01
-3.644123950854011307e-01
-6.533314938076195677e-01
1.916885750578362357e-01
5.537151187369611094e-01
-4.855134776107862815e-01
-2.065152231768693780e-01
5.551478449024247613e-02
-2.906222856668277954e-01
-3.414119439054070226e-01
1.698182982807000252e-01
-2.181871668251986474e-01
8.744912489513594067e-02
-4.558281740105722957e-01
-4.073273952715844581e-01
-5.652485823284481015e-01
3.337512252111984185e-02
-7.848070060384544355e-01
5.820856101699271035e-01
-1.765084372172443516e-01
1.088185605079809437e-01
3.027578499408239109e-03
-2.448724162382085179e-01
-2.266331905654735412e-01
-4.003388085290666143e-01
-6.766557812595608290e-02
3.318805129194197234e-01
-2.098813934662894787e-01
1.231138670161805448e-01
-1.090794600893533334e-01
5.199749863920525295e-01
-2.232476893535049745e-01
-1.696518820363623545e-02
-2.890857581293286849e-01
-1.213982285778956449e-01
5.644296599844340623e-01
-2.403964108698233015e-01
7.814250859815645434e-02
1.247646327293759017e+00
-5.591115765971450546e-01
-2.220584034761399761e-02
-3.736291986205066418e-01
-6.620358335816942663e-01
-9.404125733118008645e-02
1.460210902626275287e+00
-1.515810223602971907e-01
1.177699052762474913e-01
-5.040543376578313639e-01
-4.434610901153480667e-01
-9.930436303740217130e-02
1.904363185219860866e-01
-6.002457853208300609e-01
3.106015667014961901e-01
-5.380808678341649776e-01
4.400549073705128933e-01
-6.903089123274356309e-01
-1.846463613581366403e-01
-3.712521493330554062e-02
-3.210649756038282399e-01
-6.096847563826032074e-02
7.441027215549628204e-01
5.273245326504272246e-01
4.307907789738486537e-01
7.024996579550162046e-02
1.481854657088716443e-01
-1.954718335826324815e-01
7.466876857266037115e-01
5.042979158065445944e-01
-4.843536015223779967e-01
-2.546531113953215408e-01
8.769245999747994624e-02
2.513915620284648544e-01
-5.890561166367634938e-01
1.048766483113629938e-02
-3.166290143672513546e-02
7.524256275873689725e-01
8.026654527417753648e-01
-2.633039848210513845e-01
-2.974505848944357100e-01
-5.478204840935415459e-02
-3.122647754357258942e-01
-2.882395286853711158e-01
6.408363979328203508e-02
-3.321985133448935312e-01
4.252919962754073829e-02
-1.332373332142489097e-01
1.186435263751701909e-03
-5.572746516893966051e-01
-1.812148575924865113e-01
-5.163863435795998935e-01
-3.863278822399426327e-01
1.947868438286542297e-02
1.042987964603109496e+00
-8.782334027242021113e-02
7.109007044266379971e-01
-2.935945472337506135e-02
-2.780708328258516548e-01
-8.071462920687612064e-01
-6.377781638307851164e-01
1.046959279416491917e+00
-9.556198033838148032e-02
1.362348617872529033e+00
-9.260356580278987504e-02
-6.207314716839695823e-01
4.687455873675498985e-01
1.007622052872044274e-02
-3.659179040679126915e-01
1.350963234119796796e+00
5.694347398491214074e-01
2.031911806126081993e-02
3.641310042254812251e-01
-3.655178428228336718e-01
-6.187634031847965010e-01
2.566107726744808470e-01
8.730255015666178453e-01
-5.842544781271103993e-01
1.650320825575596895e-01
1.003704855562483456e+00
1.012942424337223368e+00
-4.126249067578465213e-01
-5.191317155895667224e-01
-6.107460693800534912e-01
-3.617108289629266116e-01
2.896284029318783523e-02
-1.483234915909422136e-01
3.187939573826419348e-01
-6.583220431574674514e-01
-5.129662899786194830e-01
-4.282443553291051530e-02
3.561433073727059417e-01
-1.804813813310575943e-01
-7.632006174360417283e-01
-8.017893843996223291e-01
7.592884522161938987e-01
1.696553013203018767e-01
-1.060186385321773561e-01
-4.174038382150930260e-01
5.800362133163375344e-02
5.225170019268402521e-01
-3.063899773029468698e-01
-4.953876771394696843e-01
2.751815266163314955e-01
-5.803432181764240916e-01
-1.584015037104518075e-01
7.797583445293177623e-03
2.271611935379418828e-02
-3.086795036019996941e-01
1.793548546491934292e-01
6.832510104266574791e-01
9.400374626925185328e-01
7.591849947616084726e-02
1.239740885530478343e+00
4.770146557758297989e-01
-2.406809647713392120e-01
2.632715569376665732e-01
-1.626911603516076610e-01
-5.008328931741412582e-01
1.462405213443905616e+00
6.745711967892425998e-01
1.389777555810820242e-01
-3.405087898273330693e-01
5.661670964627756319e-01
-1.288846021248306883e-01
-3.901223972205179469e-01
-8.081250895824171332e-01
6.371959238628081001e-01
3.247882495473357611e-01
1.091144581429858818e+00
-2.933655078161449478e-02
1.636500351268991293e-01
-5.161045843974464420e-01
-6.748994474945301247e-01
1.135715355225224849e-01
4.645556179982592293e-01
-4.564268708727034496e-01
6.393951341896153551e-02
3.367103219766036659e-01
-3.384234698991750445e-02
-5.807062482680688253e-01
7.054052759499094272e-01
-7.607764542580240652e-02
-4.376542041956297813e-01
-2.720427927852808181e-01
-3.482137632483856687e-02
4.486450819530791168e-01
-2.438623212785778482e-01
3.969349379019960211e-01
-9.102240481757825630e-02
3.389649957374434308e-01
-6.663680868432784177e-01
-1.555452138528394257e-01
-1.536419938997586054e-01
-4.123719985753272477e-01
-3.346897649936197983e-01
1.091344231939853415e+00
1.026510083484453828e+00
3.085474088529959746e-01
-2.619628152010694544e-01
2.733425048602078355e-01
-6.696774650985325428e-01
1.051143127818583711e-02
-3.542812084842094089e-01
2.803453762235755264e-01
1.324233486222971212e+00
2.304126942156861646e-01
6.088050891371569184e-01
2.090288039874393100e-01
3.902433245290070629e-01
2.062764383514730238e-01
-2.656901691498727014e-01
-6.313142638667152973e-01
-1.574513540443782389e-01
-2.072031437392611933e-02
-5.217502366822741600e-01
-1.252116843601004843e-02
4.390778675863413749e-01
7.053927513659095094e-01
-5.733274559113923363e-01
1.174258439947314825e+00
-2.166574049194732454e-01
-4.222103833835902376e-01
-3.667477160032372452e-01
7.378108891063623886e-01
-2.121317061830572254e-02
1.704666379077883209e-01
-2.319489046380409508e-02
3.845722518594433814e-01
1.464328317219761644e+00
9.294101857586077875e-01
4.852788927970184130e-01
-1.112803171082475256e-01
1.031004644045041552e+00
-5.091321248648054132e-01
7.475969572487640713e-01
-1.853513465285043516e-01
5.720159416193347501e-02
-2.605625798483486300e-01
-6.752286532620949133e-01
-4.077515731295311974e-01
-4.334504159047012917e-01
2.938021186016653297e-01
-1.471397979798105271e-01
-1.735366241998170800e-02
9.530119276054455080e-02
7.622552707485711343e-01
1.146435297955816779e-01
-5.116373994798822933e-01
-6.520150042812629387e-02
1.205936747945579590e+00
-3.858379838861212274e-01
-1.138576003291364019e-01
3.982710949057788330e-01
-5.349713122283573652e-01
-5.423748750750511105e-01
5.190299108725745514e-01
9.508849494178052142e-01
5.131621770430578877e-01
-7.314293382933658716e-01
-2.788926590997894417e-01
-1.926483701536042259e-01
5.041178384521964873e-01
2.252300471607785251e-02
2.975264258107995774e-01
2.619402177099237061e-01
1.240033543123979093e-01
1.818416566431420855e-01
9.435520193179246506e-01
-3.993075644872372543e-01
7.976257736672276444e-01
2.938195151395678884e-01
-3.413315168955198819e-01
-5.572859374321653680e-01
-2.926186953767237475e-01
-2.177567704547827832e-01
4.375293697761571399e-01
-1.986047814045067625e-02
3.657209149291987260e-01
-3.370262313366990670e-01
1.920752795044961339e-02
1.356449404820952553e+00
8.688463319827122167e-02
1.351652307323158109e+00
-4.092553504046526069e-01
-4.506890214583683663e-01
-3.041242949882537183e-01
1.324089743266582998e-02
-3.428879713869850132e-01
1.533491007267521467e-01
1.019494191649352732e+00
-1.115839960104259149e-01
-3.088197609651384679e-01
4.991786775093153689e-02
-7.539578516121331342e-01
-2.252520590977111770e-01
1.126018060513957614e-01
-2.576441479521767719e-01
7.379822785258046691e-01
-1.944987443626414181e-01
-3.053665880132233057e-01
4.042920924723866077e-02
-5.848960828217817376e-01
-1.652610445999800337e-01
1.239225005499951626e+00
4.273457044744951583e-01
1.454990379981291049e-01
6.657416233889436041e-01
1.194144871071805003e+00
6.653577137244107709e-01
5.407897156481942247e-01
-1.202265535689889392e-01
-2.457176182278759669e-01
1.109822065121743417e+00
-2.166665744873631505e-01
-3.860420776212160066e-01
-4.921870377495838472e-02
-5.483357909114041639e-01
-1.712976469739604241e-02
6.312197399651582330e-01
-4.457184235858404064e-01
-7.006881079692818259e-01
1.030807026017130368e-01
-2.640286986823585647e-01
-7.469891307323170970e-01
2.074995799635696164e-02
4.885808331925568515e-01
-5.410998485488542620e-02
1.128895488358067523e+00
-5.186269028702719663e-02
-3.874662377071244612e-01
-7.461584354736055039e-03
-2.979610360826439597e-01
-2.490114013633005774e-01
-1.215990809489880253e-01
-6.245389900518499848e-01
-9.395687816627466826e-02
-5.387443072660943466e-01
-4.319170604497248878e-01
3.175588011518043485e-01
5.925321947524875288e-02
1.178827326868049141e+00
5.437189087884560790e-01
-3.167981846584213002e-01
3.809405808139207927e-01
-5.143982076476097953e-01
1.478951730011340837e-01
8.968218991814279617e-01
4.941664197866139085e-01
-3.943224964815709721e-01
-2.263741692014015761e-01
1.721971018941297338e-01
1.454713665240005893e+00
-2.670680748289376294e-01
1.701199283109468829e-01
-1.260650345306948972e-01
-4.006357258670625171e-02
-6.348023031125777926e-01
-4.710509077185002225e-01
-2.105967399832371911e-01
-4.763925511464495860e-02
-1.195303307017398786e-01
2.334725583941959365e-02
-5.635021921937684031e-01
3.450583519287250822e-01
-6.564021950065482836e-01
-2.735532583496666503e-01
1.910344175352291785e-01
4.855361791395765292e-01
-5.811145332825566889e-01
-1.472142801264763878e-01
-5.693636707390608009e-01
6.159876573237169084e-02
-2.437220058644167520e-01
5.207499803258863746e-01
-3.654147153410285953e-01
1.205571243549067972e+00
-6.523948224877430535e-01
1.309388221016420495e+00
5.355090678005298699e-01
6.704107985125162816e-01
3.067522283614377288e-01
7.573031700934311772e-01
-3.588398716554418444e-01
6.020278761970604409e-01
-5.978428903240359249e-01
9.904972154818662000e-01
-4.879847464272523694e-01
-4.588071350333404186e-01
2.921874365724380640e-01
-4.949718954325839637e-01
4.773847916092907595e-01
-4.235270683433035588e-01
4.189055071541918362e-01
-3.306932469441624112e-01
-4.620051569570745031e-01
1.258103043354564798e+00
-3.865644379852773982e-01
1.220062876449388295e-01
3.766067984226887932e-01
4.930459939218866383e-01
4.738888743082197985e-01
3.200284777277200843e-01
4.800690004450564735e-02
1.434969487956253287e-01
2.226894168018530851e-01
7.005368539689934559e-01
1.442001494345824364e+00
-4.981750384794616515e-01
-5.778887843345741349e-01
1.179422657440530875e+00
1.018979091533302794e+00
-3.822688502606337302e-01
4.621594015718246684e-01
8.656682402235067741e-02
-1.469991713417063139e-01
4.051122183361291484e-01
1.314248356449737587e+00
-4.443633639753549747e-01
-5.961650908235510693e-01
-2.271463211913920532e-01
-6.824751286269088446e-01
2.280483041847536640e-01
2.532496948785120661e-01
-2.693951860540687582e-01
1.217089065805892822e+00
4.825985921364116527e-01
-3.305872264022296503e-01
7.225891043879041631e-02
2.037860224283095378e-01
-1.965649029399859360e-01
-1.687097676511005451e-01
2.746857129665400410e-01
-5.263297296513351764e-01
3.212407029327338792e-01
-2.553539770026549277e-02
-1.066495691757802650e-01
-2.241044758871473530e-01
-2.733415176624003906e-01
1.396651916222838297e-01
-2.161459148681738052e-01
7.603697831650464423e-01
8.452241229286709956e-01
-3.266600939731617581e-01
4.262128793574146424e-01
-1.674125526755211035e-01
-4.123132664419226767e-01
5.408275977580843108e-01
9.256367764721221691e-01
1.147242608649796380e-01
-5.082738069149549121e-02
-6.273449337984146057e-01
-6.874652889960984892e-01
7.897633505917938113e-01
-5.968943036171996397e-01
3.657524219344275851e-01
1.790782224655060872e-01
1.443369412257166085e+00
2.911898691022559160e-01
1.542399907246860546e-01
-4.199055441158269786e-01
1.823822328147759603e-02
-6.591762765310394956e-01
-7.821302198565231734e-02
-5.451243906539721129e-01
4.405146025584117941e-01
-1.275621837535790559e-01
6.195731840385176881e-01
1.246101557365209223e+00
-2.540971946579482221e-01
-1.196347010676540590e-01
2.659812846775049255e-01
-4.958015406228858390e-01
2.097727682299145580e-01
1.573392411841133612e-02
1.212804021008222266e+00
8.586903448085452251e-01
1.827987380686324492e-01
-2.692620408751196792e-01
2.382622995009937850e-01
-4.570040072203085391e-01
1.367313081916275319e+00
1.946049452642346633e-01
-2.998127841734752330e-01
8.509863719787810754e-02
-6.402866096534214346e-01
3.100643356919937643e-01
1.232568461626348366e+00
1.517561994514281254e-01
-4.979353455672845818e-01
3.932968652085262751e-02
2.075608439980165532e-01
2.461445293357807096e-01
7.120525040962060181e-01
1.657356881997144316e-01
-7.888445560048534810e-02
1.948117085797047843e-01
2.688412647318885740e-01
2.960739901506405092e-01
-3.337941123112832531e-01
-5.477965096633381492e-01
-5.911361712184401984e-01
-5.587217356238375482e-02
6.063733781732627559e-01
2.286387704691517364e-01
-5.602045845281062864e-01
1.016769425772568458e-01
2.050462459758934652e-01
-6.911090913654946988e-01
5.384556892307706955e-01
-2.965655952430497622e-01
-3.109983168483182459e-01
3.668953714480350237e-01
-3.528897105050098071e-02
-6.723571009723763314e-01
-1.539161166934100433e-01
1.166033438670649458e+00
4.695982935388542945e-01
-4.903486782517342546e-02
-4.561968551359111279e-01
-5.163683585564127210e-01
-2.743844830000196633e-01
-2.218355855925863152e-01
5.265371582241678006e-01
-3.961796151128897936e-01
-9.655677147726285381e-02
7.749438813598815701e-01
-6.042830753253158882e-01
7.551193171207637445e-01
9.067329073928428462e-01
1.227430360854598002e+00
4.643973745169046596e-01
1.711369004946092509e-01
1.269787196736731572e+00
1.487274362029683994e+00
-3.815833593105053545e-01
7.074098307768819094e-01
5.647905224480446185e-01
-5.747726502455086095e-01
3.204211693371528114e-02
3.633587705951697444e-01
1.067579958684413244e+00
6.714581817266155328e-01
-3.294081667861550322e-01
-1.387317367554092296e-01
5.413175762015993708e-01
4.897023676508409085e-01
3.248909372093107262e-01
-7.295918503947184108e-01
4.637718913699766521e-01
8.311693455866131508e-01
3.105525183000645284e-01
-2.129611290245784772e-01
-2.193430000903050514e-01
-1.096837170602243533e-01
9.709854877675971885e-02
3.349268164752394750e-01
7.864484516939344028e-01
-1.149286053812530323e-01
-6.074443905177622227e-01
-5.461379760851374776e-01
-8.125028506676695850e-02
-3.698628180950196964e-01
-5.388814607056583439e-01
1.917120153883766775e-01
8.405339099334371844e-03
4.792462956863753343e-01
1.497075584361922562e+00
1.408824664237989577e+00
5.330144490559745041e-01
6.383621306531860051e-02
-1.594541045416101588e-01
1.181293948173012476e+00
-2.139228665361309067e-01
6.984059127326463536e-03
-3.642904568854655190e-01
-7.134370429051194451e-01
-6.198352595563364487e-01
1.245999341210954237e+00
-2.912988248947749326e-01
1.387586475904163119e-01
-1.242679424067323346e-01
1.276242677902181544e-01
-4.129620914073832139e-01
-2.379287938080289211e-01
-5.376692424452007568e-01
1.264534386207134764e+00
-2.086363272040049621e-01
1.190726460533294562e+00
-1.699217148037956981e-01
-3.729629932460351016e-01
1.978049797190038206e-01
-2.489291884422767387e-01
-1.461959962476480079e-01
8.959798628756032723e-02
-1.923594297561373456e-01
4.877115128722757098e-01
-3.209089342754999907e-01
-5.657982137816905954e-01
-1.358041559917725072e-01
1.087516529365416318e+00
2.827904280285918337e-01
-3.717752371926998263e-03
2.761070283763680244e-01
-5.518670516697851136e-01
2.711559431914244422e-01
7.592748916482893184e-01
1.283012557289628895e-02
7.977895412260274655e-02
-3.351017301734940390e-01
1.011204002460522666e+00
-1.007709951352483008e-01
9.112773644814766705e-01
-2.375363909805215945e-01
-4.346893861968206263e-01
-5.237557581232163972e-01
-2.439629263605807286e-01
-5.396702236548073239e-01
6.288536385670997486e-01
-8.263525459687745545e-02
-7.343629893343296411e-01
-4.270721183767392515e-01
-3.625593202072437404e-01
1.635525502338363857e-01
-1.426111181350319113e-01
-4.774618380349842650e-01
-6.843218057595527037e-01
-5.344336911677153301e-01
-5.033587373683966470e-01
2.717567734045347461e-01
4.537604242049631670e-02
1.589130948623534323e+00
-6.805613571416847529e-01
-4.147338647169487857e-02
1.078257934685487918e+00
8.901155723588618715e-03
3.576837274926625843e-01
-1.613746561450684347e-01
4.689478661186656794e-01
-2.598096891935965380e-01
1.122096586985994682e+00
-3.725571322888501791e-01
-1.015567143759937424e-01
1.059596972216260147e-01
-5.299227549022139661e-01
-7.063248849243736194e-01
-4.238343996123427049e-01
-3.023491498413966028e-01
-3.206806260986422852e-01
-5.872281263828215137e-01
-1.718491731785349863e-01
-1.855554198345766848e-01
-2.766166099062631334e-01
1.043810950605448540e-01
-7.794670838143730185e-02
-6.707675074328149911e-01
-2.578224723268252583e-01
-1.024458736935406206e-01
4.482549477836824114e-01
-2.622430801036989001e-01
8.032747451784084947e-02
-3.386568762660016607e-01
-1.183082196862065422e-01
-5.986132391282705800e-01
-1.181379464597439449e-01
4.141690289048644558e-01
8.637132291036465626e-01
3.151653394514841167e-01
1.663857071934407017e-01
2.636335951205804329e-01
1.293734939320108357e-01
-3.160784399253824262e-01
7.171296967615485574e-02
-5.904327021412827392e-01
3.123259287123086314e-01
-1.254994998101439246e-02
3.045151940011707192e-01
-4.774881565065744460e-01
-3.334788221464760616e-01
4.010616479426395986e-01
-2.449536971305614486e-01
-6.951577765175378509e-01
1.232828235688752383e-01
1.244618465459965906e+00
-2.961024772838708463e-01
-1.428030922068756758e-01
-5.590935638230837279e-01
-7.665888707640045041e-02
-5.018347774153215646e-01
6.442110257603554935e-01
-2.777002331343920161e-01
5.606316400940060118e-01
4.788412675706250621e-01
-8.546632054607469220e-01
-6.217709599943153226e-02
-5.053719737357588171e-01
-5.731095736289910647e-01
5.854196889630385314e-01
-4.366174680385427331e-01
3.977070056832408135e-02
3.977862857214372050e-01
1.423027020634334283e+00
-4.299003861321544773e-01
-3.292018486002313837e-01
5.764564674883317086e-02
-1.075432139258996472e-01
-1.624498601950719601e-01
-5.625654716204344652e-01
-9.601404698314694452e-02
-8.506905098471850835e-01
-1.355318850267107356e-01
8.787066493119195798e-02
-6.861452124317446444e-01
1.011966873792246702e+00
9.555734588641686678e-01
-3.369941139330964730e-01
-3.621788687577237043e-01
-2.211738145845656978e-01
3.335275632224197762e-01
-2.148395702321000411e-01
-4.793479365423489180e-01
4.690170933038164125e-01
-4.477827673727599600e-01
1.054474926010334546e+00
-2.674417673057657430e-01
1.845715032528070232e-01
9.030569443415354947e-01
4.817467068421324994e-01
1.240261749960934468e-01
1.470327098345638184e-01
6.746475772300555285e-01
-3.077973292047975207e-01
-1.938591060382736375e-01
3.726603748186955167e-01
5.504698311690519041e-01
-4.525791257548556490e-01
-1.935517277844271689e-01
-1.789344379750873806e-02
6.333240399563184742e-01
-4.279843402798036989e-01
-2.346386804566045758e-01
-2.138037446155139909e-01
1.387613884858250435e+00
-6.480732180557985389e-01
2.421715596548172367e-01
9.963789598387688962e-01
2.698563957954301373e-01
3.398514051331171237e-01
-7.392956316863994459e-01
-3.647805035026864817e-01
-2.820676300947616011e-01
-7.035226769551817805e-01
8.014506120206695838e-01
8.018528457314458846e-01
-5.825574186484749895e-01
-4.398140632493697383e-02
-4.590197266118660191e-01
-4.315254155657303192e-01
-2.232442943046961115e-01
-4.134882903002112808e-02
5.164115285358931995e-02
6.436754813992383584e-01
3.557577067094774836e-02
1.136753284637982003e-01
-2.190933051593362824e-01
9.178321512684452232e-02
-1.338524765583024370e-02
-5.266150164199564498e-01
-5.078229557917006698e-01
4.710063328036194208e-01
-3.595570772093736323e-01
3.032813879102166377e-01
-4.844387458506371202e-01
-2.255969652248929758e-01
2.236799466757414395e-02
4.063654179338980349e-02
-6.127230830296350739e-01
7.133146204114659827e-01
-2.795194738479666111e-02
-2.380399357482464451e-01
6.369143908941281573e-01
-4.074299657700029553e-01
-2.690124558424306089e-01
-4.105677515969631264e-01
-9.323566442390550379e-02
-1.601991564135781532e-01
-6.594952318210324238e-01
-1.060220539355332808e-01
-5.319999335648441241e-02
1.923595974721945268e-01
8.017355171988562734e-01
-5.133409292811158542e-01
6.343144868205170817e-02
-4.600604165131939038e-01
-3.413405438840212414e-01
1.909474613517830599e-01
5.009472106598786278e-03
1.318323323601336972e-01
-2.785097428329577074e-01
-2.503595115987750086e-01
-6.022624789257334799e-01
-3.382218634891890480e-02
1.806200682263353896e-01
-1.465237288423760220e-01
-3.989501276113506800e-01
8.043337724865030625e-01
-4.975577914431519311e-01
-4.293547513119006509e-01
7.939165910030377971e-01
-5.358056731902638425e-01
-6.931370101028093700e-01
1.364446312905101655e+00
-9.033101252205605336e-02
6.304870205151522633e-01
6.433922538899771171e-01
-3.187014128160003401e-01
-3.367764971429818566e-01
-1.830309087964864800e-01
-2.041105531421135433e-01
3.363025196855179422e-01
1.108788031901919879e+00
-1.249847331077005297e-01
9.856121087873609410e-01
-3.245080955270280287e-01
-1.800871987042155786e-01
-1.025131988597842159e-01
-1.690214915435599152e-01
1.468290957421997334e+00
7.354087845267719414e-01
-8.951918349109123929e-02
-3.805795594158912221e-01
-7.041365395115340986e-01
7.308996795444416827e-01
-2.732854779205448614e-01
2.505691628098140680e-02
6.542583701391032625e-01
-4.974906811289169783e-01
-5.210467713522605182e-01
1.082847205969081177e-02
-5.669532325271459117e-01
7.651591635536354463e-01
1.145787327036732473e+00
-6.668569845275192920e-01
-2.190358713139878843e-01
-3.755699943952983122e-01
8.284962286214352378e-01
-1.307048934765864534e-01
-7.116155367897843975e-01
-2.360082123422542200e-01
-1.167300042310823356e-02
-3.510454137069963232e-01
4.186065724458585269e-01
-4.148878992486755291e-01
-3.161698378658923947e-02
4.182965228695671445e-01
-5.110171198297668305e-01
-5.790670473860676237e-01
-4.782660709490550444e-01
-7.089075522086389913e-01
2.878279940562364914e-01
1.071626718625104502e+00
-6.046848048679109855e-01
1.551737573286586125e+00
-9.511402719567235708e-02
9.646350005918216675e-02
-7.250203255169893612e-01
-6.204034695488076512e-01
2.255920691046999771e-01
1.254487465880112840e+00
2.677463770135826149e-01
8.610055854690826793e-01
2.438773382865252193e-01
-6.598243802918181133e-01
-6.970348043689514883e-01
-5.499920809854230708e-01
-3.812515475331267889e-01
1.187913581588779577e+00
-4.570783592538165685e-01
8.191837370153125519e-01
-1.780865793977396694e-01
9.279370668641488684e-02
1.842927400777133115e-02
7.667443563384462868e-01
6.235041952521447328e-01
-9.953320908367319086e-02
7.616922212174788154e-01
-1.296593931685914754e-02
-3.957039003118377751e-01
-3.394673163833946683e-01
-1.492236802827928699e-01
-4.364663568633024293e-01
-1.629103698252131749e-01
-6.609019125394521854e-01
-6.933402578355417623e-01
-2.102240732431027159e-01
1.109728705841118435e-01
-1.285884181308473706e-01
-5.808080629828443753e-01
-8.570683019748238929e-02
-8.933263100358451725e-02
2.236434523301121802e-01
-7.080414299753148288e-01
-8.450118660318585440e-02
-4.418165380736387982e-01
-3.436950738974248187e-01
2.868666066284834559e-01
3.714311183406959760e-01
9.587979214532948991e-01
-2.199214008141958110e-01
1.053105825870231271e+00
1.147212047338324048e-01
-9.599544870333914792e-02
-3.234529850731679423e-01
-1.211397349047548949e-01
5.080166176938930578e-01
4.768621241767639352e-01
-2.896772501481618134e-01
-3.641898728745447955e-01
-3.285596226771648753e-01
7.176235433471591652e-01
2.353677993450782879e-01
-8.278809418280135279e-01
-5.428733316404835696e-01
8.983319489267159730e-01
3.451776484037732962e-01
-4.569227067603177650e-01
-3.926713207271185224e-01
1.520525541509297751e+00
-1.957962619919048630e-02
1.985912268501809075e-01
-4.528925120133984739e-01
9.584682245863218597e-02
-2.867859046236018727e-01
-5.052300374224707458e-01
1.225490347404358527e-01
8.423193954396495098e-01
-1.109719563750210108e-01
-5.633191589730686399e-02
1.134746368188506577e-01
3.906873787328606906e-01
8.582719477408187192e-01
-4.399151580672837625e-01
1.148721050458173965e+00
9.784317798294830393e-01
2.907106627278815969e-02
7.254304393703321363e-01
-7.685323437638053035e-02
-8.237476397548869622e-01
-5.519068643857480971e-01
4.990471479031512447e-01
-5.187029242470607704e-01
-2.884150964151185326e-01
1.663474193096639575e-01
2.683672555783810365e-01
-2.520371686462417604e-01
-4.464162098049440641e-01
3.970834735531598159e-01
4.431969618295288349e-01
9.392496631796963813e-01
6.353247806148422383e-02
7.356502374522723153e-01
4.513618311312029424e-02
-5.308420366028876458e-01
1.040294986665469379e+00
-2.844997615962012727e-01
-2.474479160061031358e-01
-3.653777511371702480e-01
-4.450163823828544585e-01
1.827342471964911452e-01
5.838205159357595653e-02
3.711710903881278445e-01
-1.908305639846638313e-01
-6.046653236585928237e-01
2.693603884323139130e-01
-5.258195430171686696e-02
1.056093184401597940e+00
-1.928033540381423605e-01
-1.312319600202010994e-01
4.969189045054580589e-01
-4.228047412960443951e-01
-2.854946952067838883e-01
-3.798148341366422431e-01
-7.768877458519377610e-01
5.591624248001797470e-01
-2.003112936823760182e-02
5.375038636017898108e-02
-3.271048180014498596e-01
3.814186394240004496e-01
-4.976920409019520153e-01
2.051764517332821947e-01
1.123230872580850866e-02
-6.148873658828603039e-01
6.400646922090850177e-01
1.403365174508272251e+00
2.916737233383617789e-02
7.583635504251824422e-01
1.768200737264845612e-01
1.060194162089153291e+00
-2.705645628939937208e-01
-4.184617297338616981e-01
-4.910877510902575960e-01
7.675200522677722015e-01
2.627527108871729675e-02
-6.221864860510518680e-01
1.368394800061595751e+00
-3.288784919417150898e-01
3.446439581338525682e-01
-5.246055425345761553e-02
-3.360812775087366200e-01
2.087410678207466952e-01
-7.465049998110741269e-02
-3.058909117275198097e-01
-7.926368852893844741e-01
-5.818310848252451761e-02
-2.962665585631089615e-01
-2.256175186765482232e-01
6.497259835717340559e-01
-5.506430158153278187e-01
-7.685623078502087369e-01
-4.415503573199525134e-01
-1.834652967367119691e-01
1.157645770899353943e+00
6.644302078877739604e-02
3.090322218474083824e-04
1.726821788014399617e-01
-6.707722561050235566e-01
1.352633274400812935e+00
2.572504310817775308e-01
-5.715430671375946181e-01
-3.003681777682371545e-01
-6.829547985768412433e-02
-6.295587626382541657e-01
-2.733348174688424725e-01
3.491150491590627042e-02
1.473529722400320319e+00
-4.128808246234501600e-01
1.463459079916025862e+00
8.138810020890927532e-01
-3.838942378810203393e-01
1.795225562159729130e-02
7.559034221230677142e-01
-1.776138389870640655e-01
-2.828384126388367448e-01
1.036500923299883831e-01
4.860956113389904715e-02
-2.267947921137200562e-01
-2.383452819070291939e-01
-6.829048392872052488e-03
-3.049448684212341942e-01
4.384542656341179345e-01
-3.068324469466648940e-01
-3.465384578126277926e-02
9.874862901786016223e-02
-6.731309291635646508e-01
-3.809181847801350607e-01
-7.567432680241522602e-01
-2.031368391679823915e-01
-1.066768543400288122e-01
-4.350401518499526499e-01
-3.020763214553398579e-01
-1.421984651770139829e-01
4.086552161910331216e-01
-3.967386814037272003e-01
-5.320555259761674538e-01
1.344381329559037663e+00
8.100216161063356068e-02
6.925359304256218929e-01
7.678425410042848398e-01
-3.661708483779682055e-01
1.427784138137821734e-01
-5.376109348980689928e-01
3.707502417202264422e-02
1.241089390845593998e+00
5.411590069861174079e-01
-4.899478324705837384e-02
-5.047757280039273375e-01
-2.593344565485383724e-02
3.502716845217564989e-01
-3.466594576978888204e-02
-4.553093606456670717e-01
-8.805812282852901185e-02
6.417325579870157837e-01
1.085169460650223794e+00
-5.099649137737337634e-01
-5.827405073484850234e-02
3.064632280386851426e-01
-6.004439149460230052e-01
2.619256369256621197e-01
7.388555823568988823e-02
-6.468556680373923617e-01
-3.506814006669182193e-01
-6.114298134175915056e-01
-1.259188129859435124e-01
-5.958874553104770433e-01
-5.982450547655136786e-02
-3.961513432468140028e-01
-3.360511161615237774e-01
3.471215313381575407e-01
-4.102869933503439093e-01
-4.991387984774099396e-01
-4.210543846334969253e-01
-4.534217993063990315e-01
-4.979122270259382921e-01
-2.438089872024062355e-01
-1.330078952572211204e-01
-4.415031837644655677e-01
-8.114719496092691331e-02
2.824574587355079269e-01
-3.799897295613327008e-01
-4.903110258820534417e-01
-3.888977956995067209e-01
-4.460830337673346024e-01
2.375081137598712422e-01
-2.566882475551179321e-01
-5.577793195046188979e-01
8.052428170369158034e-01
-7.687855670906561523e-01
7.582756858723977977e-01
-7.914392069092311688e-02
-1.805145864425194424e-01
-3.131278783581644132e-01
8.109710822810187736e-01
1.423585371761233453e+00
-6.434088094916865508e-01
4.447254290263429888e-01
2.089135861334903144e-01
1.447132011109203420e-01
-1.746323435490520770e-01
-3.688422322374292905e-01
-5.116449607167207203e-01
1.130367155818820635e+00
-2.113443220251114418e-01
-3.059106860580095705e-02
1.602526660247541486e-03
8.913819579123963971e-03
1.265461289255564482e-02
3.431569828097633668e-01
-3.291412528278896965e-01
-6.563625496626295241e-01
-2.081363196665151349e-01
-2.208115510029282080e-01
-2.833418067591759737e-01
3.330760864312486969e-01
1.185724064345376805e+00
-1.595771072548431702e-01
3.142288001475972981e-01
1.164215209742646140e-01
3.548373777853181671e-02
-2.912518931445037262e-01
-4.900984498903682152e-01
2.899981967460701568e-02
-4.164311558073860442e-01
-5.465664577292674020e-02
5.324581382504368632e-01
-5.901594523381518131e-01
4.888359679937794300e-01
1.372785328606886679e-01
-1.478546372285492183e-01
7.831620100554924635e-01
-3.132459926216019652e-01
-4.602417650411587124e-01
-3.643162718273278977e-01
-6.105522161264665959e-01
-4.554585814750223838e-01
-4.536826076447407208e-01
-4.313908932257489171e-01
5.492653753190107624e-01
-4.183891878023452970e-01
4.083998064856698140e-01
1.211055247417002351e-01
-4.972649998632441837e-01
-5.872695125288845963e-01
5.251475972523018086e-03
6.339953102212310398e-02
6.092010395543232537e-01
6.065486407851456985e-01
-2.957405400213391489e-01
-3.583570322662009144e-01
-3.835485646424113826e-02
4.556368048437085538e-01
-6.806421209116880755e-01
6.680933598787418964e-03
2.016977477453722467e-01
3.958925624933790077e-01
-1.361805494150967466e-01
1.169767156132340613e+00
-3.743075466488763325e-01
9.446820706018834723e-01
-1.811311886098844748e-01
-7.270696202494372207e-01
-8.615976516436558985e-02
-1.183199646046811382e-01
-4.226799812167110759e-01
-1.563648627981854833e-01
4.184076385267346820e-01
-2.210879834176755487e-01
-9.114658519738108589e-02
4.197407447459395313e-01
3.201434106682208847e-01
7.791248411753509510e-03
-5.422234579928430359e-02
-3.844626683579887017e-01
-3.730891903831916601e-01
5.288080710910062487e-01
-1.660884969573393211e-01
-6.067330835997071237e-01
8.111469657214093187e-01
9.759942952941961236e-01
1.233906764071895257e+00
3.316153263414208241e-01
5.857725229113402987e-01
1.076747291498482362e+00
-2.657166424035061203e-01
5.414266737061060875e-01
2.025689089503666107e-01
6.321082013068202166e-01
4.645806449612711053e-01
-6.595362946702467699e-01
-9.376288116581923959e-02
8.262437764722010969e-02
-5.105558345286359545e-01
-5.382055358171902171e-01
-6.746234713441965347e-01
-5.698673202092281453e-01
-7.054359946134890480e-01
-3.304754956223099893e-01
-7.129144914446933212e-01
-4.032840467681373942e-01
3.267146776870281655e-01
1.420794312245839297e+00
1.022851314883277851e+00
-2.407256653018297332e-01
8.094807567577069207e-01
2.728874801244194903e-01
-5.379963592840977249e-01
-3.593912795127390813e-02
9.385411321113538152e-01
-4.173608044431841857e-01
2.986987872643465450e-02
3.299142269906431002e-01
4.626945870833585328e-01
-2.203583899702808435e-01
6.094325009697428852e-01
6.149472467519174756e-01
1.235035484867007094e+00
3.109333686230075083e-02
7.975787823089683370e-02
-3.320079283334937958e-01
6.412287797515663357e-01
1.204918199611612728e+00
7.673025774406839750e-01
-1.859466470584104358e-01
3.162606131367202700e-01
-8.492145492994757072e-01
-2.512497249622389628e-01
6.289827305098838472e-01
1.038329960256499040e+00
-5.689779474257442571e-01
-3.281463569821091442e-01
1.066251912062781276e-01
5.725669309682750452e-01
-5.260623645523546665e-01
-7.569986213618581927e-03
1.164668119807724445e+00
-6.712749006183145184e-01
5.473237563252629778e-01
8.469820306608361049e-01
2.149288872568061726e-01
7.498027750018941562e-02
-5.707705133684567445e-01
6.964314921012118020e-01
5.680933641049989991e-01
1.007449409036146548e+00
-5.913713970078358266e-04
-3.461846902219958833e-01
-5.393373306224509278e-01
2.118060374245411270e-01
2.721721414865626576e-01
4.003446601742863820e-01
-7.089659060122405210e-01
1.069914708661539732e-01
8.111081930808851093e-01
1.491844510652576457e-02
1.266022852713653668e+00
1.354612383017139043e+00
-3.645690421536863790e-02
-9.676105622725690580e-02
4.735668736027510983e-02
-3.481627001573362468e-01
4.201110419116208528e-01
1.001244609720100209e+00
6.049685979621142323e-02
-5.200904072781499243e-01
1.162685534274311872e+00
-2.841821847475245466e-01
-6.630647668750566659e-01
-6.560800751666912012e-01
6.655741501051692065e-03
1.261131323505198187e+00
-2.404888965037464410e-01
2.044528571964276953e-01
-7.725644429611792097e-01
-4.882173216247293751e-02
-4.382591693747480699e-01
-1.976362344398947257e-01
5.364787448392878133e-01
1.651387579112954251e-01
1.497498803199965034e-01
-4.164983899382627697e-01
2.474362289877768684e-01
-6.979702661984480416e-01
5.206591122072667943e-01
2.541600048182171001e-01
-1.158136688837120704e-01
4.879633573736570917e-01
6.495658150659638919e-01
1.230469361583558241e+00
-4.718848392513216305e-01
-4.453317541792994882e-02
7.782715724238385979e-01
-4.985126760830025372e-01
-1.003037148592591660e-01
-3.341978077889063425e-01
-1.955693498080727233e-01
-2.131512593585214166e-01
-6.802410766515420981e-01
-1.536781310769894382e-01
-7.033427094033468663e-01
-2.408107839357629676e-01
-4.522622479929554185e-02
6.449587688297795385e-01
4.400845645011776663e-01
2.561941069920246616e-01
-3.108541386681271668e-01
5.927322397116425723e-01
5.475952092544155159e-01
1.631093595117158734e-01
-1.541826470452710152e-01
4.886531707227595445e-02
1.215301528262471287e+00
6.488756313670684950e-01
-6.968172274169784908e-01
-7.343162802455842630e-01
-2.977850061000510418e-01
1.129274756452363748e+00
-4.928979583922340479e-01
-9.377495159738484520e-02
-4.066995574995878049e-01
-2.830833450951105168e-01
1.950380897549006814e-02
-8.284841515153626434e-02
4.612940883502740508e-02
-1.335769499662733673e-01
-2.894109741919602685e-01
-2.040505930812830104e-01
-2.367947869313227760e-01
4.618793498979307799e-01
-3.373962889631691442e-01
-2.803385344496348019e-01
-2.456521868432809397e-01
1.630171890091832235e-02
5.118926433649347851e-01
-4.976579696722511215e-01
-5.304601049062513951e-01
-5.508624562166056782e-01
-6.420565785994325481e-01
-4.288482298748374499e-01
6.064146505111863567e-02
-7.097889264351173733e-01
-6.960850795245596689e-01
1.289407937488405764e+00
-4.952656908096844668e-01
1.038594423367179553e-01
-3.255835602538110218e-01
-1.196121720056729509e-01
-2.503920569161044440e-01
-9.603233342139076700e-03
-5.606469388806486487e-01
4.096547415068108600e-01
3.414627288548050532e-01
-4.879212836744735715e-01
5.156785857878740109e-02
-2.202858336989194366e-01
1.609299525191041913e-01
2.000830735083113376e-01
-4.274171288803380597e-01
1.140868815767993816e+00
1.148899877383621648e+00
-3.688081725761316876e-01
-7.966245953616868380e-02
1.313387643581400421e-01
-3.123776574845582021e-01
-4.012949098734007736e-01
-2.875054298711186007e-01
-3.843611700256837627e-01
-1.832592863907956671e-01
5.809797310253850267e-01
-1.121235507036704437e-01
9.184532142841504987e-01
-3.302768128750446786e-01
4.047287919153988445e-01
-2.442081649590650827e-01
5.469733998897134686e-02
2.070053410433962404e-01
-1.040949644918764613e-02
-7.731538326792065652e-01
-6.273072254069843590e-01
3.003552743022373517e-01
6.839489453173146494e-01
2.881046571673096524e-01
-4.357072660592385405e-01
-2.249629490541606713e-01
-1.642496244799438732e-01
-3.953925714103885269e-01
-3.240696840541787971e-01
8.824237854224912248e-01
-2.407745662972567424e-01
3.844630782768084232e-01
2.275839698379623355e-01
5.604556501796154055e-01
-2.775989056828053192e-01
4.801920286750560041e-01
2.731256407139592834e-01
4.157125711941300761e-01
4.347361464286394472e-01
-6.502459352006752236e-02
-3.167454810875930948e-01
-6.037085092110740236e-02
-1.217129382273855476e-01
-3.762729505957350673e-01
2.632363671050312881e-01
1.399163702672126253e-01
1.551880266242135487e-01
5.750097159288410607e-03
-7.802141915905836944e-01
-1.226739285420579556e-01
1.204719172664865168e+00
-5.924355233618038702e-02
5.551852136097910062e-01
4.970947422647370439e-01
-4.870096027776981140e-01
-1.632283195708082724e-01
4.110544719938362124e-01
2.314678201894221077e-01
-2.466304412170165494e-01
1.839797411805606797e-01
-9.178306693773066738e-02
1.138272752561168000e+00
2.816525436184080244e-01
1.152704851175707645e+00
-4.311667581577006969e-02
5.191422104608176546e-01
1.869660103763191861e-01
2.967133972967320177e-01
-1.305393999821568007e-01
2.859643187139836451e-01
2.161431876883341402e-02
-1.944672568555692316e-01
7.009252006835607895e-01
-5.169168901058781573e-01
3.874394911344817838e-01
9.541217269331102591e-01
8.029695459213871400e-01
-1.876815924591334894e-01
-2.786239706894507173e-01
-1.035223739265202364e-01
-7.226848173291016142e-01
-1.632318051062215392e-01
6.828640241405038447e-01
-1.578390927761006424e-01
1.352953001013613266e+00
4.449809486182019214e-01
3.776249941014157563e-01
-2.740991605661374786e-01
-7.538198525315967791e-01
1.848095070807087015e-01
-4.259863574278618947e-01
-1.878147350821888217e-01
2.150953846537701220e-01
-2.211009995994876465e-01
-3.338477247863544939e-01
-1.911976558135693449e-01
-5.237836600739320669e-01
-3.612781614875869574e-01
1.133683822542607578e+00
4.132079595273933093e-01
-7.295050658490848106e-01
1.349032840511886100e+00
1.765837830186884061e-01
-8.451432550082726980e-02
3.187677356552718333e-01
-5.536269842151982923e-01
5.232236803396998065e-02
-5.560933662574901737e-01
3.829478846841183892e-01
1.223504517026650307e+00
-2.174004233639221517e-01
1.466556034004622644e+00
7.251156008883004045e-01
7.732339544791186903e-01
-2.771875212565095281e-01
-4.919196034967343034e-01
-6.950364953574731386e-01
-5.319082669500351246e-01
-2.357528875277252745e-01
-1.343630880924568671e-01
2.357573281143120481e-01
-7.740566251296800149e-02
8.556704666504612034e-01
-3.466500735562139113e-01
-1.460630807882951909e-01
-4.996760113499856826e-01
-7.432644089642916063e-02
-1.176864095264115312e-01
5.145552383040139510e-01
-5.294719709744798442e-01
-3.964794496495960829e-01
1.289136818286749753e+00
5.466325479505974583e-01
-6.117677763657145551e-01
-1.135933665254838659e-01
-7.294577831023968395e-01
-2.323393817013948703e-01
-5.555906715326560663e-01
-1.254015302955389100e-01
1.488010817580737166e-01
8.575791108157541087e-01
-7.494893784852861562e-02
-7.385761945988624788e-01
-6.308228818171655039e-01
-4.420583551810803452e-02
4.956200477067958521e-01
-5.951494468343317967e-01
3.187792930906992867e-02
-3.658900975936166811e-01
-6.089891632973656321e-01
-1.801916828518974056e-01
-5.006778369245868943e-01
-4.038453603121301971e-01
3.209564717079610996e-01
-5.448865071679436234e-01
7.718341188053753354e-01
-3.100476311108369409e-01
-3.184681850162089933e-01
-2.624467842736296630e-01
-3.659943670288436368e-01
8.940884101483280444e-02
-1.174426687148320686e-01
8.810305003937950186e-02
9.502214088396110370e-01
1.082573219519723073e+00
6.227836454974530200e-01
-1.782322748093938258e-01
-4.055841814091262210e-01
-4.140614745588362400e-01
-6.948327689347040259e-01
2.287287924525930119e-02
-2.178333728053370721e-01
-5.072414294974643134e-01
8.251547306665750758e-01
-9.854018988984096505e-02
-3.738332411751184026e-01
-4.934053296247090103e-01
5.604459183819550105e-01
5.353911832000199378e-02
-3.622695158252463993e-02
-2.602602778664626637e-01
1.894870077496858540e-01
-6.297834859565134558e-01
6.006100972464397669e-01
-6.197245463996206571e-02
-2.077128186569260695e-02
-2.677317524469557397e-01
-5.851006276006243123e-02
-6.117650071769225040e-01
1.069914499578081546e-01
5.952933350854348882e-02
-1.106333326174658710e-01
8.876674367328085680e-01
-1.221774837450613493e-01
-5.227580962858103808e-01
-9.920030535630389168e-02
3.388488574639437201e-01
-3.653489643699855405e-01
7.578022513929265624e-01
-2.490502970515538483e-01
-6.039839292250755998e-01
9.982557125950644039e-01
9.799251976729128621e-01
1.835474003177131608e-01
-3.125491482220738026e-02
-5.225662868459645116e-01
2.808430647966828064e-01
-5.384533691370336772e-01
1.374419851484334654e+00
6.441792901658962567e-01
5.244258851716648850e-01
-5.423664004211178336e-01
2.654287166478906945e-01
4.098493900230651965e-01
7.433920739063767380e-01
-1.007683333908865747e-01
-4.612376001124749991e-01
4.293576857900411325e-01
-3.270261834470750695e-01
-1.216929458807684966e-01
4.760184592311619833e-01
-5.112831414351278747e-01
-3.722156978884365031e-01
-1.955230362715876524e-01
1.361982433556344185e+00
1.020752119530439650e+00
-4.561532963233939086e-01
7.942587277910680144e-02
-1.079434793056755770e-01
-2.427541545782629928e-01
-4.309753187168032240e-01
9.299846104155502502e-01
2.706115643292486550e-02
-4.685912170135907440e-01
-4.536022149149018245e-01
1.729645840078390673e-01
6.110233781479847970e-01
-2.031336231373932488e-01
1.964521757424058865e-02
5.637915901556276310e-01
-1.073293720168283366e-01
6.686675237093298030e-01
-1.808589575013845336e-03
-3.822336026353216343e-01
-4.608367703900228540e-01
2.912135717447394967e-01
4.303837929167899645e-01
-1.484479488199062780e-01
-2.632839608272982690e-02
1.955693200507983565e-01
3.009981481051324237e-01
-1.862442875506207240e-01
3.929363150285204442e-01
-3.464418199426167466e-01
-2.892775705071427561e-01
-4.506650552735251836e-01
-6.117124968740990099e-01
1.375353251813588029e+00
1.664154695903671266e-01
3.356196643939202834e-02
-1.782886126408372851e-01
3.532357030862102731e-01
-1.404071931753883562e-01
5.968353499320067090e-01
-5.642137872984251956e-01
-2.475465461410307488e-01
4.611537968305063906e-01
-2.894319961284971821e-01
-6.168316478568103278e-01
-1.737582828346595776e-01
-2.526044541978934022e-01
-4.520283588471494252e-01
6.409159669666608661e-01
-3.340679968006507461e-01
-5.394512067842355263e-01
-6.835886479079463819e-03
-2.021022225098257075e-01
1.100538300108480971e+00
-6.633777203697360791e-01
9.288153464441325502e-01
2.726101714019350530e-01
-5.150232716469274608e-02
-3.740667703676340827e-01
-5.296894850971303192e-01
1.189294399834355254e+00
5.440402911629846905e-01
8.691730662707097821e-02
-6.086018144277889619e-02
-4.251790393682309821e-01
4.122978559338128651e-02
-7.409708799022161063e-01
2.780007324371079266e-02
-1.161048683460458725e-01
-4.240785768449318871e-01
8.681945811924589584e-01
-3.269622743482115679e-01
6.821726347171809257e-01
1.071728914619237472e+00
-3.992843202300110916e-01
-5.308627450294798322e-01
7.452929934069323359e-01
1.065984009654737941e+00
-3.486545738684285883e-02
3.067147477149068189e-03
9.302376354779574585e-01
-1.260036854674247697e-01
-2.610102098027314299e-01
-3.344149460890013525e-01
-6.349848202662597974e-01
-4.742162609930615225e-01
1.629268822954329510e-01
-4.477057625693373621e-01
-1.461750438628636739e-01
-1.942871047075790947e-01
-4.172951584801619651e-01
-2.449178947281945296e-01
9.558641711972928195e-03
2.805528824070142591e-01
-3.202943414314783910e-01
7.019321106598029880e-01
-5.812647431204317483e-01
1.175162769510387645e-01
-5.918458935700336987e-01
5.007496076494837300e-01
-4.937468303195094999e-01
-1.568889088356525130e-01
7.290258385630981053e-01
6.855617139721124076e-01
1.220585001697279903e+00
-3.961738361210372372e-01
-1.274642402022502508e-01
-1.385352522724842342e-02
-1.029130073993049094e-01
3.519494109019987715e-01
1.578016324749527133e-01
-2.917430042360201203e-01
-4.348984850993372619e-01
1.383057813108508949e+00
-4.684577860208029576e-01
-2.920410773796167092e-01
-2.978501647414626419e-01
-2.932414023690434468e-01
1.435484085512182650e+00
9.137102814256999883e-01
-6.769104550796433140e-01
1.162781101616379154e+00
3.012747679296829406e-01
8.012994672906907923e-01
1.222485447011501636e+00
2.612436136600939651e-01
5.433282213439115660e-01
6.863701033489845449e-02
-7.368856680434479056e-01
4.647133550902163290e-01
-9.493387936577687980e-02
7.979016764619957514e-02
1.331982351571107781e+00
1.933765022003033074e-01
-1.496137634824754592e-01
-7.036575015335783112e-01
-4.152032689751147809e-01
-6.628527233412077058e-01
-5.507064194963846582e-01
4.888085710420603802e-01
-2.117158216450882591e-01
-5.084759122775661666e-01
-2.936300705916254916e-01
-3.160500271649977627e-02
6.213508313688583806e-01
-3.782347150514076550e-01
2.131730685679014692e-02
1.407673090963814877e+00
-3.736611888862982709e-03
-6.489458323242547344e-01
-4.624312782306542191e-01
1.257451468296438002e-01
-1.249783994382988872e-01
-4.527702740737821752e-01
-1.039110249842498668e-01
-1.450766837351421257e-01
1.089932077795008336e-01
1.164431536663651734e+00
-2.349273872958115572e-01
-8.253709530940907257e-02
1.191672187534013883e-01
-2.707365368707668196e-01
-4.933683323590553615e-01
-3.053530825603419929e-01
-1.350348348449179336e-01
1.176373026817956635e+00
2.013799107032633595e-01
1.481119828569849028e+00
7.302671013093682273e-01
2.196882529177817955e-01
-1.015968580149288342e-01
-3.712503108039318933e-01
-2.944521595266795175e-02
9.872307663740239603e-01
-4.851144655329950317e-01
-3.595107219257788200e-01
-6.065026587709944073e-01
-3.264439156882118498e-01
-4.037851768429702171e-01
-6.852816912861890986e-01
-3.422557151857223978e-01
5.739277725440810052e-01
-3.859250281457269893e-01
5.050056896353692926e-01
-3.120706513253690972e-01
1.033137412035842972e+00
-4.410297524702871397e-01
6.645368850612660694e-01
-3.179017078336845437e-01
1.229333225686671249e-02
6.341079772212646626e-01
-5.224770211528874109e-01
-8.752817665559892157e-02
2.879320794187981147e-01
1.194566333889700793e+00
-3.263278512647590501e-01
2.067007071607580848e-01
9.538914156336757155e-02
-3.118253498694852355e-01
-4.315300280363366103e-01
3.481511383593107190e-01
-7.634534301714608340e-01
-4.291354544260992526e-02
9.274866927251297355e-01
1.130789657573840978e+00
1.832148499392974861e-01
3.658771994518970616e-01
-3.711318271419232206e-01
6.657035492451163217e-01
-2.937209969196712955e-01
7.033169053379980662e-01
-4.653897221265883566e-01
-1.569119257925770394e-01
6.316126735502498590e-01
4.204452452367222204e-01
-4.045160777795824281e-01
8.702062581829054233e-01
1.264067431889860815e+00
7.494358540310870342e-01
-7.153381804282066270e-01
1.045039835632501912e+00
-6.571946359142035732e-01
-2.472286342394009184e-01
1.188770821074579959e-01
-1.916058021428643232e-02
8.610949353166070797e-01
-1.560103695707406035e-01
-1.078234336758079615e-01
5.683808022291517853e-02
-3.188357151230041681e-02
-2.700952465040575290e-01
-3.734956687667976838e-01
-2.586931131477616663e-01
1.067003159898363418e-01
1.066413620433348752e+00
-3.802853583256841086e-01
5.285657935562787513e-01
5.122121547278670750e-01
-1.025332032131297672e-01
5.992741202494634295e-02
3.008873192197545343e-01
8.486909785251901817e-02
-5.687079759996098716e-01
-4.141679542474722697e-01
-1.620083949847709870e-01
-7.777001278396424855e-01
-2.717957936929859541e-01
-4.110070274247945021e-01
-1.334055180051008371e-01
4.750034772756979266e-03
-1.348272960622179661e-01
8.408370251003848272e-01
1.238808819677210404e-01
4.939874751233653272e-01
1.135272116583263546e+00
-6.414034031231113930e-02
-5.630604318743398506e-01
1.263957464112097917e-01
6.550175887036138733e-02
1.080736198267223447e+00
3.839140116201291697e-01
7.066733649256248251e-01
5.647249974418075968e-01
-6.227406393573489130e-01
1.023952258218989858e-01
-2.163975043344970872e-01
-2.398437306964499860e-01
8.313926716175388254e-01
-1.251755303212018500e-01
6.715903440356281173e-01
2.459591677152673517e-01
-5.391030454583009002e-01
3.100814938545048971e-01
-2.505021815523796880e-01
-8.116460480437610869e-02
-3.215930214021290867e-01
-3.539715552369868679e-01
9.764680980776433428e-01
-5.208866791429730414e-01
1.311423694158165287e-01
1.544562390972534505e-01
-1.154796415376941610e-01
-2.424571369781468033e-01
-2.583211783522914029e-01
-1.635036021658642369e-01
-3.230773739798398769e-01
3.889221427737310499e-01
3.994117976869354658e-01
-2.158432957714877531e-01
-5.686828127014151302e-02
1.217208479278276911e+00
-3.535160092413455191e-01
-3.872119981396001109e-01
9.093910471372392834e-01
-7.046320698610440969e-01
-4.957505763076856531e-01
-5.808677160234732018e-01
-6.743825193953460750e-02
4.349657260903076472e-01
1.404672102408556666e+00
-6.047537692636750090e-02
-2.159962214406950798e-01
1.378950938197897713e+00
-5.057957685508520651e-01
7.955327526605441291e-01
-1.937752310369387221e-01
1.890933330234843557e-01
3.623682639706583553e-01
-8.181377586579234584e-02
3.575227530686785754e-02
-6.360113494156607317e-01
-5.806672110213100674e-02
-4.129545426785644624e-01
9.927373688339626856e-01
3.363035473515159635e-01
-3.616409413620950142e-01
3.820585500558373315e-01
1.493126736827001588e+00
-6.993020571888607373e-01
-1.681380658388370031e-01
-1.768026276007473863e-01
2.017072847321354709e-02
-7.131376335429594482e-01
-1.399409044430314220e-01
-2.328045821455515876e-02
-4.997160168765689137e-01
2.777027128566308956e-01
-5.926468602661517648e-01
-1.622250446908964638e-01
-5.871346445317656704e-01
3.198958902197391874e-01
3.688854625740721205e-01
5.313287970442728270e-01
-6.615627521384928045e-01
-2.440528728797740354e-01
3.424908663691961785e-01
-1.595928230687411187e-01
-2.557486478197850688e-01
-7.170251775244355086e-01
-6.288471020021636380e-04
6.029459978551320321e-01
2.028962319277867743e-01
-3.094231982448369944e-01
-3.493493100836226883e-01
-7.747843235920430782e-01
1.161325078858824744e+00
-7.047778348149040806e-01
-6.686994169802138455e-01
3.161744468168245503e-01
-4.271583352476114315e-01
6.975985728646854067e-01
-3.244880945087737500e-01
-3.960208316870803547e-01
-6.128104967836189854e-01
1.333099200485267755e+00
6.297252108221294831e-02
4.341043771776461058e-01
1.242556877308173657e+00
8.477739805492472414e-01
-3.260114943619500660e-02
-2.313550351909082481e-01
5.033676211524955590e-01
-1.519040646324792097e-02
-6.161224518439446518e-01
8.900006734288814503e-01
1.060476957711010276e-01
-4.473200607712746746e-01
-1.464394208271131148e-01
2.539898803272678252e-01
1.924418056760913709e-01
-1.025745826666858707e-01
-5.881416215697375938e-01
-5.111328872158413805e-01
-4.472061862834106893e-01
1.115585740870039588e+00
-1.663503142013994518e-01
-7.268726830496302638e-01
-4.683363647523874906e-01
1.226636955760647352e+00
-5.577339050815696142e-01
4.908551796495874697e-01
1.338648444275744476e+00
-2.828537901308218472e-01
6.932036535897753149e-01
4.316329759142633615e-01
1.113726728319989867e+00
-5.130894398241491183e-01
2.704154981044029071e-01
1.218311306319059151e+00
1.650871168069777684e-01
-3.075396657064913830e-01
1.291002170433867891e+00
-2.991912095524819071e-01
3.994001334940412012e-02
1.291693027180315922e-01
9.600833199032615672e-02
-3.850293165777867732e-01
-5.178529147649879594e-01
1.070426959514665655e-01
1.397015107314544258e+00
-5.505302203566327934e-01
9.061777879918132550e-01
-2.188359600590189802e-01
-2.935433009606928656e-01
1.283530213814638998e-01
-2.355691876255892325e-01
1.208195540027585446e+00
1.122469612360058822e+00
-3.400245365642877715e-01
-3.449764994520094219e-01
1.125942998298101294e+00
-4.695179177910022150e-01
-1.966017213674834119e-01
9.965105560549645906e-04
1.281075637049662763e+00
9.884128462805352733e-01
-5.110444502385605992e-01
9.096058957961630220e-01
-4.683753877239790753e-01
-7.799079580228238107e-02
-3.837759343459790640e-01
1.518404163149376374e-01
2.892048615253288713e-01
1.292458486670117646e+00
-2.349644367891005337e-01
-5.747037844775434445e-01
-2.406025509508415428e-01
1.251798982324750231e-01
-4.480840739384335247e-01
-3.171565000585933099e-03
-2.737544096108773806e-01
-9.629716712160041325e-02
-6.334990074708695129e-01
1.551049612349525986e-01
-6.377315566669770064e-01
-4.707352490643550991e-01
1.857295585177940189e-01
-3.744234451886037651e-01
-1.166108711531291808e-01
-5.198225275479689128e-02
-5.457513931000949059e-01
7.051730525803308336e-02
5.250684785999035764e-01
2.741774216740243131e-01
-5.210972941657062707e-01
-3.586064881297320595e-01
8.986594062321416887e-01
-2.479356281918254357e-01
5.975238924206225377e-01
4.609531451413472758e-01
-8.039132826602376491e-01
-5.730120158353071425e-01
-1.953425417158145827e-01
-3.465425137403965739e-02
-2.250060531941681652e-01
-2.611700950376679708e-01
9.432993096229481955e-02
-4.644202258996702470e-01
6.544083778869461132e-02
-5.183922239170668522e-01
1.203453117436422470e+00
9.542277387623199214e-01
3.488830705008487687e-01
4.289635407709609383e-01
2.180474126007803659e-01
-1.267823215914279655e-01
-1.830069683749690201e-01
-2.776531529889146865e-01
-4.439557871480093176e-01
1.172853265119645050e+00
-5.743181561159087511e-01
-3.375897381561765997e-01
5.689272719973705872e-01
4.443766664190009624e-02
6.730503959977411910e-01
-6.299198256798509143e-02
1.125763597647693626e+00
-2.973453092453491320e-01
-3.796795600626879930e-01
-5.666616197136370436e-01
-4.589607372345168024e-01
-4.064038801850718419e-01
-3.933781550021806517e-01
-5.605434238160295068e-01
-2.269554320090091670e-01
-6.309126378569126503e-01
-5.563808995274146518e-01
6.583801500209406077e-02
-3.922512887812721338e-01
-4.962615592511287477e-01
-5.234364420055424016e-01
9.253848544029701362e-01
-5.351725645650228236e-01
-1.046636976650994061e-01
-4.378610354404384453e-02
5.911905954298808386e-01
1.964709227817632020e-01
7.418150941094989737e-01
2.571785232247867856e-02
-5.320705515301515920e-01
6.970109821405160444e-01
-5.502628168404624098e-01
4.113390753152662005e-01
-2.846461052637163092e-01
-1.883003888245073643e-01
-3.609619955232975519e-01
-2.672745284323901349e-01
-6.725764412698069794e-01
-5.902695684581229368e-02
1.378457226421293258e-01
2.411632362508656369e-01
1.576819486720244801e-01
-5.153538061982581020e-01
-1.913696360953466291e-01
-1.289730804793977059e-01
7.877521821884768682e-01
6.705640938623383951e-01
-3.247122034201038732e-01
-5.790480800823603891e-02
-9.831955209006598695e-02
-3.013677227526692301e-02
-6.311909603423395687e-01
-1.889563770555592603e-01
-4.879574076609685118e-01
1.109483801874519837e-01
1.786809612874115383e-01
-3.871123619015211237e-02
-3.163504594865980679e-01
-1.337124408107838794e-02
-2.910808565999801201e-01
-3.900615506934428378e-01
-6.141072073125258823e-01
3.731649053127584770e-01
3.183266706732262863e-01
-2.515796824640242346e-01
7.987049288536632319e-02
-3.010118564001277863e-01
1.220524445473983866e+00
-7.030218083519051975e-01
9.193466001412917699e-01
8.224051236399504416e-02
1.512096571429148240e-03
-5.679897251640388944e-01
-1.616103577437748018e-01
2.392734020795244942e-01
-6.863058570590503393e-01
-2.039331973634477338e-02
-5.729171047260905175e-02
-1.831377633370672720e-01
2.628586850103439287e-01
8.369987690576867756e-01
-2.730935013038695014e-01
2.758706607147742851e-01
8.858618237778188576e-01
-1.354714692683265942e-01
-1.107523142441938641e-01
-4.033100035622183555e-01
1.006449233758233586e+00
5.223163381918072279e-01
-3.271014567470215129e-01
1.491645933271062985e-01
-5.402277468609721911e-01
-1.003309091466521724e-01
3.289908668235195788e-01
4.307545288951813434e-01
4.154789647064753288e-01
-1.839903395679203524e-01
-6.075503348740595166e-01
-3.935904469810305728e-01
-3.740181972885484041e-01
-2.350239777551169640e-01
9.279418115313712301e-01
3.796889596612720852e-01
-1.829363386768231570e-01
-8.144001440867052466e-01
8.740181130501394335e-01
-5.932461947271986391e-01
-6.328964448357383699e-01
6.021884753502441123e-01
-2.531045380264409506e-01
7.266284383656432255e-02
-2.100182338363953127e-01
1.332911412569863785e+00
-5.784610655527407941e-01
-1.462363477935862965e-01
-2.651046321060372413e-01
3.789726844510050152e-01
4.417621482488890972e-01
-1.246233083222606924e-01
-1.908138244338173639e-01
1.794915111923214013e-01
-2.944352478425790731e-01
-2.978150702807502159e-01
-4.308133769313285955e-01
4.545963068705421439e-01
-2.571422161014423335e-01
-4.187562429089855542e-01
-5.482240876993206280e-01
-1.073066401422431426e-01
-1.017552845532407463e-01
-6.765030218977601262e-01
-2.464314342698531446e-01
-3.415486597764690879e-01
-2.456933868615522321e-01
8.837910827342834730e-02
2.480047348903486881e-01
5.057887979328987704e-01
1.534478749249766627e-01
-1.864928782201466795e-01
1.080276852248202857e-01
-4.236560975390167849e-01
1.230680369838379751e-01
9.015074372776383793e-01
-2.258749756576749756e-01
5.495675647355968696e-01
1.265313365993034012e+00
8.507766319465051019e-01
-4.664848661344347946e-01
8.888587480430920618e-01
-6.955695592768366131e-01
-4.784657146905967329e-01
-3.859735393693199401e-01
-3.305750182043847296e-01
1.601184964691803880e-01
1.044514788106025993e-01
-5.624254809547440948e-01
4.990245148781582429e-01
-3.403704984138029577e-01
5.500404941361493050e-01
2.743289644241098113e-01
-1.438172206753705884e-01
-2.144828215185371756e-01
-4.362294726379624399e-02
3.966429348154533741e-01
-2.974327820866242700e-01
-3.783415578894941955e-01
-4.399196863180799832e-01
3.613092130961295667e-01
4.097934826104078221e-01
7.613829402192182627e-01
-5.834368108333354286e-01
3.858458154655022287e-01
-9.970358106523120878e-02
8.951516201563870789e-02
2.743700142588260116e-01
8.235180193562130491e-02
7.871716294683014925e-02
9.498119668047101324e-03
2.785197198706825250e-01
-3.232871586542936937e-01
-7.200209832225926143e-02
-3.502575656022023365e-01
1.056422323822268305e+00
1.245366536650662631e-01
1.248491058354627814e+00
-4.871785751794339980e-02
-8.276886171169266226e-02
-3.425904977630248038e-01
1.742342997265153293e-02
5.942612772165994928e-01
2.254427026301723258e-01
1.194862916549426446e+00
-5.748670395746816042e-02
1.355875113256802267e-01
-4.600964680206209856e-01
-2.337363765859298836e-02
1.374096843064726681e+00
6.030505031500753566e-01
-4.032752952637385646e-01
-6.805232950184073593e-01
1.354694935719304105e+00
1.259360449906840262e+00
-1.343478565931487678e-01
1.213434488366117725e-01
2.161268497918018006e-01
-1.659595780399503173e-01
-4.191268271585277955e-02
-4.072838481590982940e-01
5.223486961095401282e-02
1.074012165909949967e+00
-7.717914688498530573e-01
-2.154764895867709862e-01
3.540474832351812595e-01
-7.766043897934504781e-02
6.894662093844506900e-01
1.730233987675051099e-01
-7.174864038736588068e-01
5.017585814686891660e-02
-6.018195533736362401e-01
-1.118218624569377317e-01
-6.686991817209524402e-01
-1.410285458847340967e-01
-2.328430545137327168e-01
-1.170887649511310191e-01
1.687208375643923786e-01
8.473814205603634742e-01
4.744756594618333434e-01
3.361555408165877723e-01
3.643664113333502375e-01
9.104080307429319729e-01
-5.194653758457780102e-01
8.469843000682502066e-01
1.331557727687882720e+00
1.253359533107431811e-01
1.062254116609939958e+00
-2.370453495544191658e-01
-2.375705528444223003e-01
-5.124415476247790036e-01
-6.624631615315924871e-02
2.719907840544220079e-01
-3.411071981886039106e-01
1.119498932210289732e+00
5.804633120868234464e-01
-1.754820749998360907e-01
-3.908743652459387152e-01
-1.245419556807395162e-01
1.169840141124172339e+00
-5.804322307721473395e-01
-1.271317204630163233e-01
4.586277737262633991e-01
-3.103073230824887618e-01
-2.233026936770625692e-01
3.074551261815735570e-01
-1.255092655272962432e-01
-5.834398738442063692e-01
7.863326654535010007e-01
-3.407393093240388970e-01
-2.700303487282394443e-01
-6.748777738596862807e-01
4.442192469483149386e-01
1.507015685200014665e-01
-2.032054871070510318e-02
-1.185813778402159367e-02
2.377527822322489104e-01
8.218456253083631369e-01
9.973843195443039544e-01
-1.973818140558065426e-01
4.515815740506716192e-01
4.567519471828800914e-01
-4.495415841611987151e-01
2.610820918314493699e-01
5.451809755207669417e-01
-3.041104736861027780e-01
1.399981327423808652e+00
-6.153250549341730824e-02
8.921568966232957809e-01
-3.553286656957183598e-01
-4.694659469582563860e-01
-1.032460916865507311e-01
-6.661148200213147241e-01
-4.057324011350728066e-01
-2.257710293217639330e-01
-3.751397176632733643e-01
1.370969493134760742e-01
-4.653482519980740584e-01
5.540301279007570079e-01
3.242109692124184317e-01
-4.877656258477332252e-02
-3.653561234448857720e-01
-6.757070446303399258e-01
-5.459502781080649569e-01
-3.997502947345256685e-01
7.563074769353841376e-01
1.526475713957390831e-02
-2.584468065490168054e-01
-4.297994693428711654e-01
3.686145013578384644e-01
-4.109958407629778487e-01
-1.310561199167945279e-01
4.563753175640931636e-01
-3.331709379631908607e-01
-6.183884149434111244e-01
5.905402517674486207e-01
-2.287205231582547793e-01
-3.186013913946625364e-01
8.481474810581524082e-02
3.349378942052613217e-01
2.886317794579033591e-01
-1.217219727365915875e-02
1.011598871239179909e-01
-2.000584831309099310e-01
7.190817461316151293e-02
-4.788146423017830555e-01
4.898016109032520271e-01
-2.797180311572525779e-01
-4.561789218136906854e-01
-5.181144823721423043e-01
-2.265919214834120898e-01
8.348408951159375091e-02
-7.460281642410823699e-02
5.631955453276486778e-02
2.991815644870600144e-01
-6.380048371069074742e-01
-3.338336302059298766e-01
4.508192234256547803e-01
-1.150067381737524402e-01
4.113848283579096266e-01
-2.124182859995494416e-02
-1.942623741407648735e-02
4.501903132827059228e-02
-3.475033452797091083e-01
-2.593659038785367868e-02
-6.757150101976313605e-01
-2.843590089521902398e-01
-2.153641570293501062e-01
-4.107869464139599081e-01
2.576373238864045345e-01
-6.123824479780108909e-01
2.929127712493027891e-02
4.623434811492204560e-02
6.031382530490637661e-01
-2.689214397813962099e-01
-1.092696572538577465e-01
3.418142604486076874e-01
3.909210887685740099e-01
1.437322344618621184e+00
-9.696967540225591431e-02
-5.234000953817564694e-01
2.859873872286870511e-01
-5.776146708998353141e-01
3.361440714222717618e-01
7.621264604269537557e-01
-1.385478073207974947e-01
7.628794059826277119e-01
7.339863061232093644e-01
-4.626992082787178551e-01
-1.452190061030201595e-01
1.254483319462410540e+00
-3.930924570827146747e-01
7.418560529776319079e-01
-6.699112501445099177e-01
-5.891298835993835636e-01
4.158500557763143424e-01
2.592559352836989670e-02
1.087789377410904423e+00
-5.508357005236167447e-01
-5.611210940703420524e-01
-1.609955582989028855e-01
1.060989576592552774e+00
-2.164047732480227915e-01
-3.603068614085051524e-01
-3.008760999124320268e-01
2.816414318089706659e-01
-2.514634771822271131e-01
7.367130249027046274e-01
9.559659444761542391e-02
1.649528525203119156e-01
8.367400719236042783e-02
4.125582518991407488e-01
-1.397020206266185588e-02
9.269333212043189690e-03
-5.044670486019655620e-01
-8.788682976403253133e-02
2.148123392077666005e-01
3.439057634654982265e-01
-3.817931730283316560e-01
-5.188408610053103776e-02
-4.112681822309895985e-01
2.224482942594602497e-01
-1.757097912072289048e-01
1.244269592377742262e+00
-6.138487290201356528e-01
-4.937615862935128552e-01
-1.443168634409719986e-01
1.034435983477884347e-01
-7.611845131764444217e-01
8.311671118770761479e-01
-3.734042167879104146e-01
-2.521216523013396493e-01
7.712213152297580088e-01
-6.146653817946154952e-01
-5.871747294774722764e-02
1.842124912623533395e-01
-6.106891551565243326e-01
-6.851176275132213611e-01
-6.124184687080158618e-01
-3.216097977954285314e-01
-6.832702577920467535e-01
-4.175902191036821587e-01
-8.457868520595762662e-01
-4.537079734536459547e-02
-1.712397486289914117e-01
6.902231952845206964e-01
1.123608291780159973e+00
-2.904078889721833923e-01
-2.347793258553545481e-01
-6.272073265461161062e-01
-3.336375574496691088e-01
5.971488663458509455e-02
-6.168089733297068555e-01
2.727182620493373566e-01
-1.707572785051152398e-01
-5.788568500761416269e-01
-1.962982480365144111e-01
-6.902233502790070530e-01
1.865550930579151778e-01
-1.885868934155837950e-01
-2.843361671279321934e-01
4.710717337674695249e-01
1.986480630051221108e-01
7.005748144877959049e-01
-1.403327338410592651e-01
-1.216437006239539376e-01
-2.220627282979325545e-01
-6.705802470870707299e-02
-1.685461023728242747e-01
-3.471648182665412197e-01
-1.542698523508728436e-01
-2.143308958846235901e-01
1.050010477529293551e+00
-1.855555221047327785e-01
8.393708715268849430e-02
-6.084778076374890432e-01
9.282698596964867876e-01
5.776036490335391127e-01
3.727814844559414476e-01
-2.325384904353871851e-01
1.188473021781792038e+00
-4.746622559844355660e-01
-1.544687569211176115e-01
-7.601955289076153723e-04
-1.152656646600969670e-01
2.184168809225455268e-02
-1.566998105339852954e-01
-4.906187060674431777e-01
-5.232039129857520704e-02
6.591090722396960588e-01
6.187606120043793734e-01
6.507513623199853159e-01
4.997636673093777682e-01
-7.799507924379728285e-01
6.461246005197138764e-01
1.138397681188754174e-01
-2.831329941173270082e-01
5.857403451505950320e-01
-3.277500177092169675e-01
-3.451748310973683578e-03
-2.265940216194040346e-01
-5.892639342738310582e-01
-7.186011054763206951e-02
1.113708854614753108e+00
-2.658319426535205587e-01
-3.968637994755818132e-01
1.835414727969967297e-01
4.675267028567058059e-02
1.414367104125197894e-01
6.353729810003565237e-02
1.095939732960948154e+00
4.802396037679319551e-01
1.116998762046473193e+00
-2.262513615239809817e-01
6.642757873428626336e-01
-2.184640088910732303e-01
5.505956718981822595e-01
-2.260421491724999999e-03
-2.339748346464928519e-01
-5.671626705443940653e-01
-2.008929326729881060e-01
3.037552266976056847e-01
7.208196137077680365e-01
-1.418929111903446671e-01
-3.146530570667736559e-01
4.772730566876618452e-01
1.412469407559415746e-01
1.273196996683549631e-01
1.084805257755370178e+00
-2.388365520621777427e-01
6.816067318908870520e-01
-6.498452817523356906e-01
-5.601142811457910514e-02
-1.354629824117719455e-02
-3.937384002443688469e-01
-1.084119901218656978e-01
3.372668036885264915e-03
-7.570482024115973707e-02
-6.693483616103521605e-01
8.401158454227964922e-01
-1.911526525250415443e-01
-7.323183468291043496e-01
-5.761893913072202444e-01
1.889345542418260915e-01
-2.259100194349211443e-01
-6.326029948766458411e-01
1.481689698234937680e+00
4.517465169577873363e-01
9.655499291942887252e-01
5.330906088307646451e-01
-1.094542549855289926e-01
-5.587822831639582821e-01
-6.626648573915910889e-02
-2.924845773286803841e-01
2.267620121546807532e-01
3.281392834440836070e-01
-3.041683105186574476e-01
-8.782673393428433450e-02
-8.573493592599944202e-02
-3.481992292105320908e-01
-5.623394865951981680e-01
-7.001728273573513961e-02
7.813378456533727201e-01
-1.238368048858942416e-01
-2.339927060306803419e-01
-3.727126706167708803e-01
-7.171247309917827550e-01
6.411344394230856780e-01
6.184664871826458521e-01
-6.844260112427792420e-01
4.375051308549187667e-01
3.188985775407408938e-03
2.812037955675066869e-01
-2.364028177979957679e-01
6.170690537053059588e-01
-5.324843054400635323e-01
-1.016706242726049259e-01
8.626507453915233103e-01
-1.626547991317801312e-01
1.179871010585219038e+00
-2.662758196702059155e-01
-3.452044067798473170e-01
-4.048350921009994940e-01
-5.739578657143894480e-01
4.981076879098488841e-01
-9.390549868853366455e-02
1.429134656921668745e+00
2.984778257653806222e-01
1.265751204243834305e-01
-3.216780339247325426e-01
-7.189759932062796954e-01
-3.054271572026521220e-01
-5.173822533856196060e-01
-1.051291064985129635e-02
-4.507595541750411550e-01
-6.976569812098463164e-01
-5.400025924292610746e-01
-6.146531058686537374e-01
-2.213337298001393505e-01
8.622744319001515723e-02
3.922327632053130841e-01
-8.601158966915821436e-02
4.109332827341672378e-01
-6.042115201450246609e-01
-5.391702499960999706e-01
4.014042696979685521e-01
-4.616207006470695595e-01
-6.577717731412607849e-01
-4.523627897507554452e-01
6.127073273288452526e-01
9.788957505810720605e-02
-6.999643894328816396e-01
-1.019001912819174765e-01
5.807096982928604545e-01
4.572597108585850223e-01
-3.977136271094509623e-01
-3.818318220252122086e-01
3.388023767452478241e-01
-1.190421846252623605e-04
4.868164137362055444e-01
5.479993157756338773e-01
-3.989174835809586317e-01
-3.556626761084508703e-01
-6.865536125716971416e-02
-2.476097270049603116e-01
-1.080519296036834033e-02
-2.462482360950233318e-01
-3.795108529569468647e-01
7.698963322695480116e-01
1.449584003574978519e-01
9.755543554391212790e-01
1.164113290833229675e+00
1.082329358780715012e+00
8.880094925710761977e-01
-3.284791205323115415e-01
2.314095494564237798e-01
1.443043968574945435e+00
-2.300438205497775113e-01
-5.073503903526120906e-01
-1.537085211101702764e-01
-1.895151626246808219e-01
-1.341097603538874972e-01
1.007921879840871504e-01
2.109087222107774995e-01
-3.604737837390026463e-03
-1.526585903042909365e-01
-1.422644878175913508e-01
-2.057228755310967772e-01
7.920273703845853719e-01
3.387950436627305550e-01
-4.955790708246467224e-02
1.220426833508580167e+00
6.677376743743182463e-02
1.739306655438636606e-01
2.319693243184725029e-01
-2.885710523260074170e-02
-6.086240849737373226e-01
2.464612736301053167e-02
3.892569488555622792e-01
9.992961509127196162e-01
1.460749065985765593e+00
-2.915828418734476291e-01
4.786347979799121521e-01
-6.366591526845196691e-01
7.643837909829994670e-01
3.120075772752755050e-01
4.395245845373150773e-01
-6.671450455990619588e-01
3.130722076345581750e-01
-4.019293718353219025e-01
-6.881130677965360265e-01
1.178303195877465237e+00
-1.960304112767479734e-01
-7.344881750414409272e-01
-2.624938742151191606e-01
-5.763927857131556642e-01
-2.329357620218357738e-01
-6.788922878129929339e-01
-5.301925878973936523e-01
-5.327303968932661782e-01
-4.470118715928377839e-01
1.124579595607883425e-01
-5.257215205205771902e-01
-6.073239489419275383e-01
9.608211878451020094e-02
-4.382559214965365824e-01
-6.683395494390835523e-02
-6.631239980455846394e-01
1.034215504880137554e-01
9.420255176422367427e-01
-7.179985113186279078e-01
-3.599780145021653360e-02
7.472783147080553912e-01
5.799505407643764654e-01
1.204410732842629145e-01
-1.295876744520688406e-01
1.212002509805725353e-01
-3.699471044608109715e-01
-2.030560526337657767e-01
9.840556957259949389e-02
-1.682565189370215653e-01
1.154897646004022643e-01
6.128406290933201966e-02
-9.876711074603689369e-03
4.044303854942765675e-01
-3.762338748989173948e-02
1.251522196368046735e+00
-5.374729797436682277e-02
-5.895493468721515473e-01
-1.145844402117194294e-01
-4.900484323151194088e-01
1.509446573786311641e-01
-4.559953910600738625e-01
1.614799567464722807e-01
1.044081853410070149e-01
-1.735952961133134242e-01
-1.191118369477836003e-01
4.502820329401952537e-01
-3.813891062847560298e-01
5.368470814629160426e-01
-8.548676110483837132e-01
7.931548771450901147e-02
8.984464491933652486e-01
5.196299394981058750e-01
-3.071587760714867277e-01
9.392161388563444735e-01
-4.671133519789925082e-01
2.233128643987847273e-01
1.469570673201683553e+00
-2.115715473478702591e-01
-3.026471552585191516e-01
-4.458604223214273632e-01
-7.528070009256735418e-01
9.543646079965579787e-01
-2.670877032180111743e-01
1.200978206174355467e+00
-6.366674148885367313e-01
2.613401119254226690e-01
1.473006870924921108e-01
7.548369048851852892e-01
-4.216041783216545324e-01
7.533641781575693974e-01
4.242303197052565977e-01
-5.988461034680887113e-02
3.576471555997002838e-01
-1.923259647981358234e-01
-1.000082062966005658e-01
-1.100474845957511300e-01
1.237797734171867781e+00
-7.189767028032717500e-01
1.741510487090635606e-01
-3.416623794536184366e-01
2.926294554981728746e-01
-7.420523998552400746e-01
-3.436489481103238153e-01
4.778223601851234736e-01
-7.094334523101545331e-01
-3.883011568466600005e-01
4.802732639019452465e-02
6.033881911360764461e-01
-1.782708413777773226e-01
-7.891109466789358873e-02
-1.803049534384723873e-01
2.050155365174542443e-01
4.094466610894937353e-01
8.516300339907186823e-01
4.459112746594741106e-01
-6.622742099133585580e-02
-1.786326766804515742e-01
-6.523740836467022408e-01
5.830279386280073917e-01
2.726178098095423108e-01
-4.127943293051566931e-01
-6.122103941670088423e-01
-5.050011100486198057e-01
-2.102745440368639362e-01
-2.755404207711915632e-01
6.015497830010966274e-01
7.138732176845956623e-01
-4.892746174270958259e-01
-3.893586288827933228e-01
3.791073839447767768e-01
-1.579792501443961494e-01
-6.914621562623664008e-01
-5.936191119919905640e-02
-2.260308722641404811e-01
-5.992638592011432230e-01
-3.444843134404854679e-01
-6.467882620531695270e-02
7.746202089344710329e-01
-6.434488382590698441e-01
-2.121375280669078600e-01
-4.500046244689990260e-01
-2.373452017339059694e-01
6.683203156437425019e-01
-1.837270457299955417e-01
-8.367869927240019212e-01
2.693439949690837332e-01
6.356017227444398232e-01
-4.499774895098505034e-01
5.854647843545185415e-01
-1.573675740932966027e-01
5.034276087397822064e-01
-3.339661186946763505e-01
-4.393699449680319447e-01
-4.723748605975992554e-01
-5.395661831170476264e-01
4.012348558361110151e-01
3.440816029980351964e-01
-3.783224214853347367e-01
3.207467697661560146e-01
-4.533479985590683770e-01
-2.973774424304792552e-01
-6.643895249736964104e-01
1.077313538364869372e-01
-6.362450295827953850e-02
8.479387922707584679e-02
6.598764610151683536e-03
-6.817643727162477907e-01
-1.520880589720188525e-01
5.651759170459007553e-01
5.693507722707549096e-02
-4.859576418949412835e-02
7.838158971517367180e-01
-1.408477720897809496e-02
-1.065026377909677607e-01
-4.883003774394042984e-02
4.865513804470429637e-02
-2.221349972648277993e-01
2.924473407664335278e-01
-5.517281844556209958e-01
6.617006518088672795e-01
3.387162771988528331e-01
-6.619107136263874258e-01
1.154847570030205439e+00
-4.257798042468036170e-01
-5.425045305072141444e-01
4.851872711267462418e-02
-7.195483691194894948e-01
-1.190775700064565096e-01
-1.283204708204872813e-01
1.074916228601581342e-01
2.534318015752481598e-02
6.243224442002762720e-01
2.335788956276927189e-02
3.089523146311599078e-01
2.241797592936715933e-01
5.867920545283797917e-01
-3.462338303907970816e-01
2.381322469114571239e-01
5.509071170006642898e-02
1.246439740166297216e+00
3.079017164271444229e-01
3.568606023100732161e-01
4.305306655368673630e-02
-1.189462940853702605e-01
1.253428506627572991e+00
-1.705789006070919378e-01
-3.540286915723309114e-01
-7.067326359727406360e-02
2.925674649006561046e-01
1.014354024002565469e+00
1.709833689468035281e-02
4.248876383048114103e-01
7.691992698144755058e-01
3.875600383232054580e-01
8.133104643425529412e-01
-5.506531269546279805e-01
5.250222671406674646e-01
6.092862336368783799e-02
-2.286528532004095948e-01
2.100431346707136437e-01
-1.025367708929342397e-01
2.559021971304139553e-01
-1.123414826231080715e-01
-7.212933385600278635e-01
-1.548432389463173797e-01
1.396833604668233364e-01
7.714781161942380061e-02
8.990631556183701356e-01
-5.361601669696112321e-02
-3.163247989688015571e-01
-1.975291276588878875e-01
1.871547821189022409e-01
-2.688103335403472793e-01
5.036875052627622917e-01
-6.720079472240352292e-01
5.843299835177410279e-02
1.073970371164489679e+00
-2.905160883738907573e-01
6.219505806031342399e-01
-1.799280950519040190e-02
-2.967752817282472977e-01
-5.615898457145405143e-01
-2.168465000152158262e-01
-1.655513926795489088e-01
5.110227714980810632e-01
-2.931424392856381567e-01
-4.592624730581879033e-01
-3.802110031953585129e-02
4.328601037878804236e-01
-6.292347085610049406e-01
1.156929954216643130e+00
-1.130742256289637843e-01
-1.477076917633932118e-01
-5.171589968081139466e-01
-7.338190188860015395e-01
-3.719373077351453283e-01
1.267963835136404205e+00
1.192126468353822411e+00
-8.652046920096342908e-03
-5.341497675608206652e-01
-3.810941875549969660e-01
1.267156011164162654e+00
2.192528313332535450e-01
2.731828055282456980e-01
1.622198454708089488e-01
-6.017303246508646231e-01
-6.720089151414461170e-01
-3.246552044841179985e-01
-3.249509573713619814e-01
4.700223550075535162e-01
-3.458235670703090348e-01
-9.219900411054259004e-02
7.914524740259156754e-01
-7.876831971900216667e-01
-6.721239568086956329e-02
7.766370967599169894e-01
3.348486044369106684e-01
2.293519333758996526e-01
4.364274773397670559e-01
6.802025372966571393e-01
-5.860655738902822987e-02
1.374755383939303688e-01
1.062398551628054022e-01
-5.243150834811703964e-01
-1.458762384614931129e-01
-5.924817602305827435e-01
1.438320541934429819e+00
-6.066862033233899609e-02
-6.645241731808771979e-01
8.645533645535717904e-01
-7.891403657861564835e-02
-4.909514286284068496e-01
-2.999155007640163517e-01
9.036214647038117720e-01
3.582869351071384934e-01
-5.352103122233107246e-01
7.210698387506836449e-02
1.855613699869106403e-01
-4.387764440355128581e-01
1.270254993931472898e+00
1.143930842260463931e+00
-4.347304978722389968e-01
5.632765923348816983e-01
-2.980825362576822180e-01
-4.947042013417930484e-01
8.763529314991566621e-02
-5.373794194141965352e-01
-1.935861741022321114e-01
-3.636000129232206390e-01
-1.283949903490333999e-01
-5.467026335193689857e-01
8.546480860110792013e-03
-2.129638767399849864e-01
9.980481048886108431e-01
-3.825043974288745430e-01
1.450838702159930604e-01
2.078707980804208877e-01
-8.158473541808011764e-02
-6.769392065920485368e-01
4.463932984838838158e-01
2.059024848433397559e-01
-4.597821720126126221e-01
8.785509238400426302e-01
7.342680355566729711e-01
1.403767395846304167e+00
-6.273116182345027658e-01
-2.607540492293153878e-01
-3.038398317948368121e-01
-1.980711272259072231e-01
1.539326236512146562e-01
-5.773088734712690240e-01
8.747024598687510588e-01
-1.461580961718484395e-01
6.534618419611193385e-01
-3.292383501817665037e-01
-3.521702830076007262e-01
-4.152005705719861162e-01
-7.053835676353275019e-01
-8.056485294325564928e-01
-7.153766403609587154e-01
-1.278735563052981750e-01
-7.387754537752734274e-01
-2.868597102897859075e-01
8.045007203339064050e-01
-3.509330491481154612e-01
5.048703713895330569e-01
-3.699117904586657346e-01
2.122828966648542259e-01
-2.465905911878144008e-01
-6.142096157110412680e-01
3.178931631465963803e-01
-6.239333177844674783e-02
-2.401421274544675180e-04
1.076807953248685390e+00
-5.937316929152776090e-01
5.599672035543112880e-01
9.135439730980014772e-02
-6.317191155176767881e-01
1.235596996742343689e+00
-5.924595559816916435e-01
1.162767130629086987e+00
-4.189180322774949672e-01
3.637469464263114460e-01
6.387305711506912065e-01
1.888857620676511750e-01
-2.005425582996151201e-01
2.129031881586113395e-01
-1.564113598548070305e-01
-3.176057334644109553e-01
3.547840871876430380e-01
6.207624598566828800e-01
8.456951204121164467e-02
-3.703473867962602806e-01
1.410662086371971213e+00
-5.596227207652506586e-01
1.242923351689783740e+00
-1.534432963424858798e-01
-1.747702564392939750e-01
-2.775288908601766802e-01
-5.450855197660162688e-01
-2.451216466425898688e-01
1.366976220193072689e-01
2.938819420208538813e-01
1.410442727017349629e+00
4.845919470486495517e-01
-6.451947377850347776e-02
-3.577737526889501196e-01
7.417821266613332520e-01
-1.786331956293390477e-01
-3.547020907618418928e-01
9.619494498863915277e-01
-6.570219080062918993e-01
-6.134148639347590803e-01
2.072892291183583632e-02
6.821139579399237984e-01
-7.072010046435871743e-03
4.906392607202608169e-01
-2.916082075327368628e-01
-1.921514315384244831e-01
-8.853879519887437877e-02
5.548119546192490370e-01
7.717532062750628308e-01
-2.433904955333630327e-01
-2.193034667834283247e-01
2.283921302399118114e-01
-3.558693882739515923e-01
-6.086459310098343289e-01
-4.525144230118194333e-01
-6.657225952469297825e-01
9.033134666166527937e-01
2.392610498510075803e-02
-4.130629623296688258e-01
-4.504178342232106891e-01
-3.701114406158442782e-02
-3.191181590947689273e-01
8.379574951809021233e-02
-5.488742102417487612e-01
-6.113058173497009085e-01
-1.347393411210876246e-01
8.229903182697738684e-01
2.621601108906818633e-01
-7.828802093459833467e-01
-2.209449503485295951e-01
-4.400766539312556680e-01
2.286185999585697293e-01
-9.138394442919543781e-02
-7.369694751019392198e-01
-6.036100254131840925e-01
3.387752097664281092e-01
1.820065049667201340e-01
1.157946123398944926e-01
4.156452268254607341e-01
3.768610810378168474e-01
-3.306475813484278103e-01
-3.805454348694656264e-03
5.687012792098349312e-01
5.320198841735073597e-02
3.175336270260411542e-01
1.924931948537420834e-01
1.190579845918375623e+00
-9.701805086241110931e-02
-5.064091974592256351e-01
-4.644660565677860564e-01
-8.255585150011970352e-01
-3.100501936931125413e-01
-3.656424792777744903e-01
-4.772029817090056580e-01
6.654191875848888271e-01
4.532199328683865491e-02
5.300281561365969285e-01
-6.745172120197577836e-01
1.039416735227457200e-01
-2.105912743723697576e-04
-3.680320897127866142e-01
-1.671723656748062281e-01
6.134359317077210660e-02
-3.431793876489985240e-01
-1.009185970127493420e-01
2.653010822025227422e-01
1.914104931845799773e-01
3.157483176292411042e-01
4.818617146579138866e-01
1.707218030509067286e-01
2.212686875709330980e-01
7.170209253534386429e-01
-4.286279772333885796e-01
-2.118205127913026231e-01
-5.542168404742198184e-01
-1.733125939341743360e-01
-5.102895339177193623e-01
-7.588248795010646974e-01
4.658176381468738803e-01
6.349862994983358488e-01
-6.749518634144969775e-01
5.530284020891113386e-03
6.862522828972512645e-01
7.275510666220165179e-01
-3.043999394699501426e-01
1.280221353355787961e-01
9.759275160442569819e-01
3.132385531730642048e-01
4.790885279231395510e-01
7.546557700498249255e-02
1.963797421555929165e-02
4.250345454482958307e-01
2.342629940711564718e-01
-4.152641081822006086e-01
-5.258573641802273269e-01
-4.929475069964867062e-01
3.087306297552312034e-02
-4.523668781495425728e-01
-4.969700349274979723e-01
-6.472121624345874569e-01
-8.342432662943891075e-02
-1.189232420854128558e-01
4.012896055568037079e-01
1.027692761961967044e-01
3.658953534864625157e-01
-4.758201967054986326e-01
8.764695574646567122e-01
-3.919991647248827205e-01
-5.056855603268075594e-01
4.715074316741305616e-01
9.614697275364946227e-01
-6.182692893417073704e-02
7.709122783785844479e-01
1.732817563503993852e-01
1.481317911459267833e+00
-7.502040540979083849e-02
-3.825145015211413035e-01
-4.275051368687968756e-01
2.644121941003456031e-02
-3.967689441462754485e-01
-6.050708518215439646e-01
7.387368005394464587e-01
-7.823399206238021431e-02
-5.716342840195444142e-01
1.033767580491708887e-01
9.254380600675020663e-01
1.392494084024596679e-01
-5.864837357646794924e-01
-7.936716258140645575e-02
-2.929876639395710344e-02
1.188026481312071392e-01
3.587494604958278988e-01
1.809214506719570847e-01
-1.019676857357260241e-01
-7.309292453460347616e-01
2.420512757205812437e-01
3.175102585178419257e-01
1.885331779203451574e-01
-3.803019605743766518e-01
1.337216434386067521e+00
-5.420851917882762300e-02
-2.262357840378997065e-01
-2.409281372935740684e-01
-1.313119702562676183e-01
-4.236441823445829535e-01
1.508198139545700700e+00
-2.064316012219855057e-01
-7.976746879734210038e-01
5.336243303319267856e-02
-4.809043005361588463e-01
-3.047086093441608856e-01
1.147451319166058747e-01
-4.037399949874670435e-01
1.517032320451843219e-01
-6.290104248014247723e-01
2.709556821183869424e-01
6.730885865594420370e-01
9.891848407075434224e-01
1.026665462192398959e+00
1.051211495215208958e+00
-1.896817842387237829e-01
-3.115207905724558524e-01
-5.554645536502313963e-01
3.918080384682475215e-01
-4.338261914264434083e-01
-5.513489448027428796e-01
1.430219785122957665e+00
1.415211867457991879e+00
3.654561358806109328e-01
-5.556483402986235332e-01
7.754907004919887603e-01
4.622433760080869036e-01
-6.611774022619810731e-01
-2.673500837541493702e-01
1.205161481078269148e+00
6.708311817526441123e-01
5.565157681594237182e-01
-5.696529659177993477e-01
6.668511913717922734e-01
1.404517178293986257e+00
-3.571039868450824328e-01
-1.180077762927724400e-01
5.373299079894403585e-01
-5.089107076304625332e-01
2.303273802278467952e-01
-2.257870924039679372e-01
1.604050322249213623e-01
1.279636512935035664e-01
-4.051078835460953931e-01
1.283149752751752581e+00
-4.474473485438044129e-01
-1.063335952872475620e-01
3.940882122110438424e-01
1.648388981466787362e-01
-6.439219671371161358e-01
6.238196670742092165e-01
1.014209194269426462e+00
-5.380918964466168131e-01
-1.552237638310163988e-02
1.217599988949229217e-01
1.435714555377129720e-01
-2.104642116360006532e-01
1.303968671010874436e+00
4.413116645257050830e-01
1.028406519963124044e+00
-2.142336592711241161e-01
-4.915445679962838210e-01
4.450091748827147975e-01
5.492240526462749406e-02
-2.929566434367740224e-01
-2.227387899086054612e-01
-7.105353207627987944e-01
1.018325381052823886e+00
-1.744276098378141349e-01
1.343755269985412948e+00
-3.339522963662348159e-02
9.364180280506643195e-01
-4.976424048528193533e-01
9.848153936120593865e-01
-1.162329133213165985e-02
-2.262410856182096863e-01
-4.714818092612720890e-01
-5.762044211449163233e-01
1.473010963109511851e+00
4.866239593048516943e-01
-3.128066872701186218e-01
1.562609282947892697e-01
-1.914088141666724918e-01
-1.035870958057951430e-01
-1.017176959980790607e-01
1.339547523063647327e+00
-1.456626255910962175e-01
4.843591942421578422e-01
-3.004058584799522147e-01
-2.453344530511095689e-01
-7.642528973891079547e-01
-4.797380686572677577e-02
-1.289131224634556261e-01
-1.737463097645289833e-01
-6.713163751625662590e-01
-8.651922169596278078e-02
1.585972418790711769e-01
6.484241410498099434e-01
4.058876650980355882e-01
4.389708503762532188e-01
1.457174182383767613e+00
7.229268356360868397e-01
-2.553869598085978798e-01
-1.859623451355680579e-01
-1.084894891801429229e-01
-2.533231730375730684e-01
4.116317512656523236e-01
-4.511416205060648776e-01
-3.053647699297366500e-02
1.288272307492559499e-01
-2.189897850666498724e-02
-3.883757461058654492e-01
3.340426485630830500e-02
-1.126804806454725178e-03
2.382938128782182141e-01
9.784785820302659420e-01
-5.829195705657344018e-01
8.240208466950208477e-01
-6.090885884403807182e-01
-2.263674644749336384e-01
3.601859174255453433e-01
5.952031036974106959e-01
-5.985572333983844029e-01
8.953275118913482933e-01
9.198608643026983112e-01
-1.397591090479275988e-01
-2.647669512557666582e-01
6.147548727175674577e-01
-2.957054542772816555e-02
-3.193263216392094317e-01
3.762620141321498246e-01
-4.047716030033185475e-01
3.252680857289139693e-01
5.570302732429148751e-01
6.909053884111648891e-01
1.538170725076078771e+00
-3.483767025878572454e-01
3.853485983730685627e-01
-3.539555754941459131e-01
-5.183340721577289756e-01
-4.251762154960472273e-01
-1.178947648206219584e-01
-3.749687555890553192e-02
-4.421402291624477177e-01
5.661480193217618417e-01
3.548926572578398747e-02
-1.769144374822463894e-01
-3.649711374577153666e-01
6.287838273008128365e-02
-1.408266104728922441e-01
1.881792313375632297e-01
4.162750226701226741e-01
2.325339559482850205e-01
-2.861982953691312725e-01
2.183217224997723374e-02
2.872987008063025427e-01
3.045501297628324527e-02
1.179960614075429515e+00
2.255204799672068661e-01
7.194934157814248943e-01
1.002422270999746567e+00
-7.303035823608791111e-01
7.366694409784845243e-01
-6.225868426684653956e-02
-7.485437991571320948e-01
-3.548415712641327380e-01
8.740277641187252922e-01
1.241864612426179237e-01
-3.780132955943734663e-01
-3.670978267615126467e-01
7.100695938337664437e-01
-2.085131787305233853e-01
-5.395580697088030453e-01
-7.004582611417738969e-01
-1.869607389271708831e-01
5.016219617052397606e-01
1.505894487591579622e+00
1.751648093688810137e-01
5.216531444860595945e-01
1.051832664253995686e+00
2.818143175467743844e-01
1.062679716270849894e+00
1.116424983499863632e+00
1.504653169372287991e+00
-1.808432180677802537e-01
-3.499427376525880706e-02
8.593013475046069882e-02
5.828620012625339297e-02
-5.231896246791403193e-01
-4.026604049297700105e-01
3.785262729866618048e-01
-4.834330494009108636e-01
-4.006636702364578251e-01
5.222854549425005599e-01
-5.543679993853245502e-01
-5.742470026916443038e-01
7.676634253814825781e-01
1.759683541359622350e-01
8.258145227808780797e-01
-4.337979222815702696e-01
7.579138358198278524e-01
2.782645346622151794e-01
-4.230779570297611980e-01
-2.253479457172470890e-01
6.105369844620895936e-01
-1.888159448834402787e-01
-3.396964479799116088e-01
-1.285463227007138109e-01
1.850980350296054511e-01
9.017279370571876229e-02
3.137150285297904961e-01
-2.779882207754389434e-01
-1.193044582587549085e-02
-1.289668913051772725e-01
-2.726127392266322613e-01
-3.385799285130298153e-01
5.635779884395483164e-01
-6.373219049637295353e-01
9.438803954781561645e-01
8.485738260724869919e-01
2.310160107779339334e-01
-4.970849543630803669e-01
-3.446828542172146181e-01
-1.224066592514398699e-01
9.117207359289100643e-02
-5.875797717940993703e-01
-2.252892311799910563e-01
-2.952288914317259261e-01
-4.316631810361600818e-01
-5.170118803254178941e-01
1.359412050697156871e-01
6.743622659060696800e-02
-3.292137302367467711e-01
2.527692758548597540e-01
-7.229251706652300991e-01
1.163742768468671418e+00
-2.005906192221539042e-01
5.946888908977188137e-01
-3.355667763576320461e-01
4.621853545009648179e-01
1.460049442262674815e-02
6.379858157649885841e-01
-3.732577656088236218e-01
6.285901443801187316e-01
-7.051952775493375292e-01
6.112083442563360364e-02
-2.162766440031941573e-01
4.174897703363025236e-01
-2.333519806000742547e-01
-4.105993088921912615e-01
3.245614276074643145e-01
-2.132048070155322939e-01
-1.223704316614644544e-01
-5.562703886524371644e-01
-2.014464869187760354e-01
-3.893491450518978825e-01
6.359754012586920080e-01
-6.094342870006358437e-01
-4.039106992129578022e-01
-1.758210138136318268e-01
2.829190869606749287e-02
-2.420373107703505111e-01
1.308272667328470362e+00
-6.862576351099268779e-01
-3.636641975703568952e-01
-6.124801136597843865e-01
1.493088110511576083e+00
5.003334221260705705e-01
-5.788759952998100838e-02
-3.830596600034245625e-01
1.419362725713988749e-01
2.617033262264046312e-01
1.156682219460649641e+00
-3.501391260784471604e-01
-8.301737891841272088e-01
1.156100558658048172e+00
-3.411958384326796434e-01
-1.196369443544512308e-02
4.360087265003839141e-01
-7.965488237321169396e-02
-3.116515145015885668e-01
2.835277083643472085e-01
-9.792874140284209272e-02
-1.853767157154889156e-01
-7.612875036305827292e-01
7.502594622974553817e-02
-5.474659089837783377e-01
6.634463751853209024e-01
-4.086058323796238900e-01
-7.741608185551970833e-02
8.824080843973515220e-01
3.226445043151802694e-01
-1.444846494597284148e-01
1.063370944661060857e+00
-5.698813136745333185e-01
-3.854138894335851773e-01
2.185522275335475550e-01
3.685268687100096141e-01
5.862539509266082582e-01
3.479027036927096472e-01
1.259859856580223814e-01
-3.574755389332684996e-01
1.383147873939684969e+00
-4.906833973674747384e-01
-7.486267982724277292e-01
5.864947246837454858e-02
-2.533940636313389838e-01
-3.611723937484676017e-01
-2.559376124108483364e-01
-3.775741034183005551e-01
-7.323706979837836528e-02
7.369495263455125289e-02
-6.346656231014439209e-01
-5.042090941656311998e-01
-7.012891991023288696e-02
7.813788295701667996e-01
-7.325291255272553537e-01
1.457685942889303810e-01
6.194249385631422911e-02
-4.061702529267591233e-01
4.600944635073927341e-02
9.351121055597039211e-01
-1.575596612952809839e-01
7.485144293746022193e-01
-8.087911433668256711e-01
1.155673743115892771e+00
-2.395445198808395793e-01
-4.132385561607838653e-01
2.275758875286298666e-01
-2.815598562748596878e-01
7.651689003896312673e-03
-1.634191544508760419e-01
-2.407676780028890906e-01
-3.828399550969003307e-01
-6.159988625446090049e-01
-4.558813103653038823e-01
-2.658435521631944409e-01
1.476812809189279874e-01
-2.799896137646951111e-01
1.071455589325105207e+00
1.989442103988573740e-01
2.690319098688542798e-01
1.151128807347926220e+00
-2.786674089470907445e-01
6.117323427378861256e-01
-3.163272370098207942e-01
-1.012775745299709512e-01
-2.207177661253055811e-01
-4.028905681390768101e-02
4.969730661709395036e-01
-2.672369142801627739e-01
1.684643965163662716e-01
-6.050753373241187782e-01
2.649582620392958998e-01
-2.111436576761890616e-01
-7.392023876267079796e-01
6.828776807783979441e-01
5.541346429285638475e-01
-2.022266209320216501e-01
1.671366798940804588e-01
-2.510068906894265608e-02
2.191767152259056078e-02
-3.341322920231067917e-01
1.317228009334548422e-01
-3.231022989587695737e-01
-3.047383385137946710e-01
-3.963743937727620126e-01
-2.941508572219053153e-01
7.200713409592504055e-01
-7.009360041801614427e-01
-2.415486655570156793e-01
-1.864342119154036304e-01
2.242345035200827841e-01
1.116855371020125443e+00
-1.472678723083647445e-01
-4.638183766463148117e-01
-7.257372395276870947e-01
-7.807647413900786759e-01
-1.284398789698464882e-01
-2.739578045044236965e-01
2.070954932940813342e-01
5.485785584276982041e-01
-2.382583021078349128e-01
-3.128312774854242195e-01
-1.508547782013029692e-01
-2.289067264868129559e-01
3.453075664851899818e-02
-9.166412983688394800e-02
-2.451362107278882430e-01
-4.320815143898505406e-01
5.833235944028540843e-01
-7.410970737931047436e-01
8.003254602666627360e-01
-5.383739775856984794e-03
-2.917518288456351638e-01
-7.129507455305612584e-01
1.298254847215954522e+00
1.191097229087352827e-01
-2.497196607761723308e-01
-3.664710042800924938e-01
7.714392182961763433e-01
9.749856298692566314e-01
-5.050724741156239483e-01
-2.814861637252508708e-01
6.297733703888653833e-01
9.386795850652279727e-02
-2.884144137314011980e-01
-4.008019300335796675e-01
-4.184229456768605582e-01
-1.313176539926197983e-01
-5.006847526601062581e-01
-3.425212225243201569e-01
3.593798643479746979e-01
-5.498883784939427866e-01
7.176268598774435126e-02
-6.815588605800195765e-01
-3.722151018369772302e-02
1.268178748220348540e-01
-4.611668470641789308e-01
-4.106478693435560157e-01
6.025946263139624337e-01
1.153795069364227599e+00
-5.161704088677271374e-01
6.903240838681212743e-01
-5.335036357911357996e-01
1.186160097943134817e+00
1.942496258431073916e-02
-3.475920217230697440e-01
-5.416393204048489673e-01
-6.431633388165115539e-01
6.596071003518508835e-01
-2.688887706414915257e-01
8.836118156931270784e-01
6.857202816091456654e-01
-6.424729945843205003e-01
-6.698456652943454159e-01
-8.692608881703971224e-02
-7.452299141113336578e-01
-4.525317719233390990e-01
8.719022034951046107e-01
1.659191001410338373e-01
-4.329604603655287133e-04
-2.517829583937857829e-01
1.321004412923540705e-01
8.987104251719242320e-01
-8.991737031955937542e-03
-1.500809523684115132e-01
-6.425272512947043380e-01
1.421570807601181818e-01
-7.549790537222286768e-02
-5.177262815867464951e-01
6.806632627003953440e-01
-1.487100241647283938e-01
-3.280344335302591841e-01
-8.761494641826170215e-02
-5.161228631927283761e-02
-2.767737375577100645e-01
1.237887330650341289e-01
-3.019435703383033798e-01
-2.420883735162552008e-01
3.093724096890184683e-01
2.758407917095401923e-02
-7.443894047226348176e-01
-3.035866215892387143e-01
3.545730131785822942e-02
9.741146103052005234e-01
5.433954689332812782e-01
2.563354895663786381e-01
-1.109343231364927074e-01
-3.329414797233620771e-01
-1.741011659869011463e-01
-4.002328608791277942e-01
-3.430541547320301587e-01
-7.679013296318588921e-02
-2.877096008735727239e-01
-1.144314505359278478e-01
-3.075745792688841518e-01
-2.847208005610585291e-01
-4.027870922250846863e-01
-1.616931459346057642e-02
-5.158640401797301989e-01
-7.372415941219714330e-01
-2.484068543515523808e-01
-7.634841786832013977e-02
3.446762950809993398e-01
-7.717669764021365397e-01
3.861010914268329097e-01
1.683875857811185373e-01
-3.559468925135792494e-01
-1.600572639647309670e-01
1.427270029395716344e-01
-1.796904094587397638e-01
1.976245593139228096e-01
-6.011311865314370451e-01
-1.451434543734977586e-02
1.524659846738875557e-01
3.618917472531077983e-01
-7.549059032960706572e-01
-4.536273002786034847e-01
-2.343739648323846514e-01
5.817457317753420287e-02
-7.462910328282689187e-01
8.289496138944062453e-01
5.157728092119105712e-02
3.608053034876317899e-01
3.433443622995876465e-01
-3.266676408719054181e-01
-6.568447113871445087e-03
1.154938770551653171e+00
6.575014304156655554e-01
6.946932857358592006e-01
3.841063514933908130e-02
-3.775953610054778864e-02
1.365597309538658877e+00
-3.258068566574911507e-01
-4.034583907508377254e-01
-2.683190237860614835e-01
1.158625456170525370e+00
-2.352622708492622602e-02
1.149252323354041705e+00
-4.116252339096692081e-01
-3.322561511038790161e-01
-3.228230882705589444e-01
-9.430391265369905685e-02
-1.708045512991778481e-01
1.182499359623651047e+00
2.829298382779327214e-01
1.175251483507159384e-01
-3.636246971140314477e-01
3.698803659281217904e-01
4.714960163813952665e-01
4.123529015254300822e-01
-3.407855545837332745e-01
-6.911528909042885527e-01
-9.537960712754235681e-02
1.475587277695072086e-01
2.173416267961725268e-01
1.343364111832252794e+00
1.282572741582110598e-01
-2.875996512956787710e-01
-3.287259997330876371e-01
-6.217396206680477766e-01
2.861198934813619643e-01
4.236192045372692006e-01
2.467924163481776401e-01
2.761814125613495374e-01
1.124475338781843137e+00
-3.613281023292901073e-02
-8.330403942043044241e-01
-7.094754331023807314e-02
1.730417306825956236e-01
1.142989498834953710e-01
-4.241499093710122681e-01
-1.453202336367163082e-02
-6.322116923060137061e-01
2.409064876664827604e-01
1.341836063130081302e-01
-2.364173282865823789e-01
-5.501140582373915677e-01
-1.351377922025760736e-01
-1.027155600217862091e-01
-2.019311758354751154e-03
3.037612971355901914e-01
8.517201346304703602e-01
-3.711722486032617008e-01
-2.752062982158356430e-01
-4.311284294949667140e-01
9.547119542865968589e-02
-6.503561226369468651e-01
-1.395295391889332659e-01
9.780202616090404311e-01
-1.832787092987075150e-01
9.058015241399564044e-01
1.407076505051345350e-01
-1.430989549546050343e-01
-1.115728252967115447e-01
-7.307437477094264056e-01
-2.685653976773839102e-01
-6.851897950774519241e-01
7.943055994951907506e-01
2.406792450724941357e-03
-3.925869129483141595e-01
1.365400169839751099e-01
-5.855224672718147838e-01
1.631585514064295972e-01
1.043206118950373157e-01
-3.135163042280618706e-01
-1.517038582767493982e-01
-6.071222911308656878e-01
-3.342714035172180131e-01
3.750874327852816159e-01
-4.610576463495672656e-02
1.358693659706318446e-01
-1.413842897128380904e-01
1.210919490325365888e-01
-3.366864841929394503e-01
1.285770759563569232e+00
-2.435476036714754877e-01
-3.289431837706842110e-01
-4.542589068844028466e-01
2.014699679666020482e-01
-5.263973787498656826e-02
-3.674879534582387586e-01
6.334330882245692296e-02
1.192509234663605838e-01
-4.343678217129848806e-01
1.520569871953103558e-01
4.773168150747648109e-01
7.173436411511765476e-01
-1.812707184006769057e-01
-4.339312214841445359e-01
-2.078578864932703052e-01
9.361182291422237567e-02
-1.995464276738109777e-01
4.906417659105464790e-01
-1.645977598301112677e-01
5.323367760215679326e-03
3.201680725799548322e-01
-7.778079004428845034e-01
-1.552860169577566229e-01
2.996411948868345498e-01
1.246283886958072934e-01
9.029783660709413962e-01
-4.946998245500932034e-01
6.835258646285944373e-01
7.895644467420018797e-01
-4.442087368485695409e-01
6.657843461431942611e-01
-3.647929877799653831e-01
-6.482280235152998449e-01
-3.522506253527870612e-01
-2.267659140438940402e-01
-2.207894161202887395e-01
-5.030817842799651940e-01
-5.594852928026805561e-01
5.897132826284583462e-01
3.369374378413430571e-01
-2.639829423666708030e-01
1.006598214995889418e+00
2.378812409493007429e-01
-3.042744200319281167e-01
-8.711874112561776018e-01
8.670925583553283633e-02
5.272246756724517924e-01
3.633147791827747164e-01
4.472051271622220353e-02
2.522475019374774696e-01
-1.333139573719111792e-01
4.208670501548228415e-02
5.081004255789310919e-01
3.740664161196540216e-01
3.588470825338755943e-01
-6.783146773096705440e-01
3.010879213420792344e-01
1.421599253848618183e+00
-1.628029933266102181e-01
-4.746930010851480725e-02
-4.510005113653431930e-01
8.862612154641189566e-01
2.879849234052904161e-01
-2.018263896630136944e-01
-7.146431571035257724e-01
2.249475854724402035e-01
-5.211852329862843858e-01
1.500476746962954404e-02
5.341985413929797311e-01
-7.032186276358189936e-01
-5.787317963305149693e-01
-3.135512666475355481e-02
6.115593613600329714e-01
7.094691906748065158e-01
-4.987691565274207095e-01
-3.644010017439288512e-02
6.362357879581732600e-01
-1.130753848210103302e-01
-4.908221329895939289e-01
1.435373561379015950e+00
-2.180007159777582193e-01
-1.393002070961456562e-01
5.590430114908891968e-01
-1.336279075182161546e-01
-1.550877331447594876e-01
1.356781222324772718e-01
7.571400668200720663e-01
-6.355977718729086678e-01
-2.494458972188065005e-01
1.654691717445264942e-01
-4.825693643037617386e-01
7.834175933838524175e-01
-4.821157031483987443e-01
-4.557471091988623546e-01
5.705202161400301231e-01
4.052486215550873960e-01
-6.368545881241892415e-02
-6.197983110313368682e-01
2.759449838908388797e-01
-3.768466521548086146e-01
4.563541339759785709e-02
2.819012358477058777e-01
1.105030853085514186e+00
9.007169450042216141e-01
4.383911643423480387e-01
-2.056358114653955294e-01
1.268253071543387289e+00
-5.523572648455249423e-01
-4.149922547216671614e-02
1.312520057241626903e+00
1.327849499074617245e+00
3.927346414835509170e-01
9.332800580210881547e-01
1.191894025876249597e+00
9.863330304024627015e-02
-5.617480135415426901e-01
-1.904545580800462712e-01
1.814389303668361986e-01
-4.551153974758939680e-02
1.198810600807072718e-01
2.663032032786983444e-02
-1.448082747415787297e-01
-1.663919706777002017e-01
-7.160734944473956531e-01
-5.365427089346112011e-01
9.589444781521717920e-02
8.859131337721501964e-01
-3.061180625783100351e-01
2.684564171878023875e-01
-4.297875946861992036e-01
-7.828381790819451125e-02
1.683326427154634986e-01
-2.724995623894436725e-01
6.843127252583663944e-01
-9.039609922091920158e-01
1.698300652956554468e-01
-1.420552310857898792e-01
1.599867145351027697e-02
8.091883480991468591e-01
-2.344421906789711518e-01
-3.973289080913472437e-01
8.125774313901483747e-01
-4.247125101341391873e-01
-5.200058237351655732e-01
-2.274244899749758575e-01
-1.431410887485678740e-01
-3.755569205767915197e-01
-7.401656964277444906e-02
-6.279979203009679045e-01
-5.590394901752619994e-01
-3.641245668119099665e-01
-6.487236621728349750e-02
1.030557858882900746e+00
3.869616827190398567e-01
1.530597379057152319e+00
-6.045399299571437846e-01
2.099229753247595642e-01
1.464422125264153385e+00
6.090821661531262698e-01
1.575327507463930854e-01
1.714521512122390776e-02
4.697465864340239494e-01
2.266759088020053881e-01
7.901521288622355144e-01
-9.145005656422051932e-02
-4.842772303468965700e-01
-3.906490652089371629e-01
5.592069044436447367e-01
7.171444542693581337e-01
-6.705541830953044569e-01
2.059450016950464812e-01
-9.493179720606592653e-02
3.648727501609985713e-02
2.070185501962334973e-01
-1.907273776746448712e-01
-1.441399702122090898e-01
-3.939788332393287518e-01
-6.299184754873297098e-01
1.181719334361530510e-01
8.845332315336303930e-01
1.379735625892036355e+00
-7.250857359444023986e-01
1.377650923061312316e+00
-7.051022488199298888e-02
-2.144493576288080683e-01
8.152688196747155391e-01
9.220197464006348043e-02
-5.666723831513221787e-01
-7.883133262137981268e-02
-5.877867331380159932e-01
-2.645199716882287166e-01
-6.469835986265252137e-01
3.779586391057668249e-01
-2.434022778843694321e-02
1.855747192352032171e-01
-3.401439551243584103e-01
-5.433668996074003665e-01
-1.739833607607545185e-01
1.348982001390379271e+00
-5.359392667595322957e-01
1.050012919663492333e-01
2.884821463920004825e-01
1.219737354853574152e+00
1.415696851571965897e-01
2.491095383915674921e-01
-9.848142461537930104e-02
6.540709447719844638e-02
-3.964218792025795413e-01
2.219992196488262959e-01
2.541614414808980316e-01
1.412991011824828114e+00
3.382375795240608052e-01
-1.101151108062491113e-01
1.380576808300432834e+00
-1.745168988595565129e-01
-2.615477332448116199e-01
7.471945954690646374e-01
-7.099009485052689694e-01
-1.926532803039404107e-01
1.678608087766646217e-01
1.038238214144397320e+00
6.010244770041853757e-01
6.853622121682340085e-01
-6.973238858582939681e-01
-2.824269280930722936e-01
3.079636748773405958e-02
-4.860099808183881431e-01
7.168888009536622530e-02
8.362738948812239448e-01
5.983426422274279455e-01
-4.882478369821981468e-01
-1.996045836952139163e-01
-7.571904234731224870e-01
-2.146983802670320851e-01
1.087537674975246893e-01
9.645325160365493256e-01
1.055185186120025653e+00
4.148069124699213517e-01
-7.444681374056855150e-01
6.616954167374621276e-01
-1.008325416768883209e-01
2.204209301587715109e-01
-1.013295043617455649e-01
-1.187702179686664777e-01
4.754449013664495682e-01
-7.376368233279043674e-01
-3.898803042228083382e-01
-2.698729776176369000e-01
-1.493272497774064678e-01
1.662962870468540771e-02
1.910010494625367233e-02
-2.242300628718205957e-01
-1.191663470369876271e-01
9.825101626819952028e-01
-3.130628874848387366e-01
-5.382676575781708550e-01
-2.340451380921741431e-01
-2.877314257084622184e-01
-4.312003169459093788e-01
-3.163912505962118149e-01
-2.071402349971221968e-01
-3.011135398109881511e-01
-7.349756949993531130e-01
-8.105419367928500263e-01
-3.550563145783902086e-01
-1.581080848356884727e-01
4.950526619465971390e-01
6.969729548433115651e-01
6.248504194237042286e-01
-7.844478298302314245e-01
-2.804817824454904351e-01
4.384338295023165188e-01
-1.626946576323493043e-01
4.296306783731186352e-01
-3.343907950504085291e-01
4.854807692235769134e-01
-1.214399999975764449e-01
3.026954115601894202e-01
-8.059504620789961216e-01
-2.934913797347850350e-02
-4.816052512463722124e-01
-4.877597204140265985e-01
-2.233205336100438088e-01
-1.748357951569597390e-01
9.160222614445270861e-02
-5.330689195226712140e-01
3.165980283040870091e-01
1.487618289673993344e+00
-2.611161507260761350e-01
-5.574439751766284701e-01
-2.366695377074456430e-01
-4.732926850495222659e-01
-9.669016231910343429e-02
-6.780151893959739384e-01
-7.064508495341799144e-01
-2.993494081662811390e-01
-2.309577542501594360e-01
-2.838259787475428397e-01
-5.161415600812242488e-01
-6.149473319841359809e-01
-7.550558244522582729e-01
-1.696993509648404841e-01
9.633387341274454174e-01
6.734752569100026509e-01
-3.241955471135667954e-01
3.100941818046936693e-01
-5.709421550713276172e-01
3.903672225006942775e-01
-8.024534522645023760e-01
-6.753797975371663709e-01
-3.864045400246660100e-01
-1.991329773589964047e-01
5.573369020367099358e-01
3.686405027423018520e-03
6.232668714493951878e-01
1.669348404964519084e-01
1.929663280337736153e-01
-3.597044170471683233e-01
-2.656041656605591661e-01
-6.187158210456847884e-01
-1.730076720845011851e-01
-9.578019507542070987e-02
-4.912175375846801195e-01
-2.750598222031901408e-01
-2.850605418907362076e-01
-1.991229431398887639e-01
-4.315695742481999164e-01
1.409548137334213323e-02
-7.085087644366803161e-01
8.274158514661501540e-01
7.738332804637414464e-01
-4.911829628582026208e-02
1.206811834212456608e-01
-2.238131751347276210e-01
4.478032207790354907e-02
-7.013466362646019192e-01
4.314540971187157958e-01
7.705353516529847013e-01
-2.238742119543536413e-01
-3.664715524958626625e-01
1.160143056671671724e+00
-1.767953399369137646e-01
-8.956311182358012157e-02
-6.707048485538497085e-01
-1.630610258322284789e-01
2.960148835382371835e-01
-4.519384676715478832e-01
-1.716695685981207281e-02
-2.268944156462230355e-01
-2.695594571133669848e-01
-8.143216120734474150e-02
-1.634951972592371683e-01
7.135129357634123308e-03
1.416243158752292564e+00
-1.649244814228803535e-01
-1.318273242592577221e-01
5.813680040168399676e-01
6.523810100673060886e-01
1.255113871334745168e+00
-3.164728066865610812e-01
5.412654866132802223e-01
-1.749469831117957119e-01
4.539290976774107422e-01
-6.392084272183244931e-01
-2.772736873030033355e-01
1.031136348387413415e+00
1.489478769464008368e+00
-3.513846669332010286e-01
1.369750670952269322e+00
-6.406579321683970873e-02
7.455449892264603973e-01
4.660667353834646587e-01
1.403465490335488175e+00
-8.474051051520076205e-02
-1.668874223369521403e-01
4.995883782568321663e-01
1.247252742709694440e+00
-5.539573491156919438e-01
-1.447032949865100226e-01
1.299958319729917156e+00
1.108389875705113881e-01
7.287174524746375948e-02
-1.625947198793337434e-01
9.388718066992863820e-01
6.359632625188205157e-01
-3.779960439326501831e-01
-7.276080144533378924e-01
-6.944464898928062180e-01
8.387406505485739405e-01
-1.684396370712679808e-02
1.209599332201796440e-01
-5.046878980555648958e-02
2.230357991454204880e-01
-4.206305870790472690e-01
1.896997166804897383e-01
-7.258537686862037708e-02
1.252906285139535392e+00
-2.451395970664786428e-01
3.075647584357694142e-01
1.306160722224394499e+00
-1.229751978514792565e-02
-4.240809120089345519e-01
-4.799590882008752252e-02
4.619315593346403070e-01
3.148063216638928297e-01
-6.430778084229273051e-02
1.314142627108827455e+00
2.013349486648077953e-03
-3.947676625613328327e-01
-3.925655377337536334e-01
4.090166910369683051e-01
-8.328276077569268798e-01
-6.028813308950060623e-01
-2.343658325959420419e-01
4.334954641107808260e-01
-2.529751826599924147e-01
5.443482731777717770e-02
-7.732968559775709183e-01
-2.873772530790638657e-01
6.090226532712963436e-01
-7.629617108615578402e-01
-3.011763088142374589e-01
5.746500128301974542e-01
-6.884851598977755893e-01
-8.140262516401353121e-02
-1.554710407116126070e-01
-1.546622134756117373e-01
-6.409051463211420385e-01
3.555522884959780860e-01
-1.188423900406971184e-01
-7.349637601295228029e-01
-1.073675952110833554e-01
-5.914949581515077659e-01
-6.753978338112478497e-01
-1.511542009135334874e-01
-2.484725820703172494e-01
-2.480727427134935825e-01
-5.297184195676356566e-01
-2.919688178771112641e-01
7.812278864406614620e-02
-3.437164351319947353e-01
6.050271335519982197e-01
2.473169012654455601e-01
-6.662622445892987244e-01
-4.293568900277590639e-01
5.278977056627102149e-01
-2.782228387044876489e-02
-4.047458784136525045e-01
7.959651095847520841e-01
2.049546837888023831e-01
9.879099573460621286e-01
1.217955105339441207e-01
-5.688687159853411668e-01
-3.091614656503395286e-01
6.646906466307755945e-01
-2.645861659234204355e-01
6.402268053678048521e-01
-6.882726602947301098e-01
2.961359391275439901e-01
2.059039397364187396e-01
4.684804629311057345e-01
7.781497938919740287e-01
4.974013381955214586e-01
1.179211010239670510e-01
-7.075455777047658934e-01
-5.527488237813273737e-04
1.036944524343913487e+00
3.066307624495634987e-01
6.035408459339015597e-01
4.256914498773957112e-01
2.336321786335660289e-01
1.777782402009564500e-02
5.047713187063442852e-01
-9.940584075185157631e-02
-7.765079589639625746e-02
2.260016317088010540e-01
7.667008384820240240e-03
3.851400098404738070e-01
-6.399696336396027974e-01
2.185296069233232386e-01
-8.723294201027928518e-02
2.449646330952758855e-01
-2.398482304179716529e-01
3.569361398924285611e-01
-1.564656829036030483e-02
1.340002929438442125e+00
5.542132389942969750e-01
1.132598393469973708e+00
6.214929593502394045e-01
-3.781570774423169690e-01
-1.846166380206242519e-01
1.807102226183488758e-01
-1.957993309231439993e-02
-7.598972458295341070e-01
-4.092272186056508110e-01
4.229228053352973582e-01
5.283243624381874781e-01
6.650622716772014442e-01
1.965008680425006649e-01
-1.618786264313033362e-03
-1.830935643242973324e-03
-5.839907327508525592e-01
1.990927384968072256e-01
2.971024278035175326e-01
-5.501973970873107467e-01
-5.868663792156408876e-01
-7.507846143783004633e-01
1.399173570744517148e-01
-6.237717791817676272e-01
2.976480547505441429e-02
-3.425527857943269083e-01
-2.278028180296819416e-01
1.004554126648641521e+00
-9.301278862150196003e-02
-5.076927535739154118e-01
-1.622595743284826197e-01
-2.536941748287705259e-02
7.519060497661613773e-01
-4.134328270741682299e-01
6.918120255434642152e-01
-9.687907795213948625e-02
1.462506652709585797e+00
9.851001321125102406e-02
5.664543788867174023e-02
1.327012163595550520e+00
1.229334653650109743e+00
-3.629885931154669954e-01
-4.255036587443211671e-01
-3.696899701570215968e-01
1.075928597778104540e-01
1.817331955350826311e-01
2.738002235848194243e-01
-2.821598908390766103e-01
6.956120899860877005e-01
-2.303011053884573556e-01
1.260081683086743842e+00
-2.391834910133014136e-01
-5.749058407606700838e-01
2.056207666302369008e-01
-1.471173779363898204e-01
4.191046670615393155e-01
-3.261496449783033436e-01
4.337584725504513572e-01
3.464429545961929535e-01
2.230866843338297489e-01
2.387815409516457765e-01
-1.946365995204038801e-01
-7.090480175065885238e-01
2.251531404056512919e-01
-4.052860654699627085e-01
-4.082723025569878761e-01
-7.320213038977348985e-01
2.139077761888658891e-01
-5.294547797260229505e-01
-4.705720870090679964e-01
-3.778734980263935839e-01
1.172786403379219244e+00
1.784952248677144360e-01
5.100849248817148629e-01
1.152984453866064962e+00
9.656348741014300074e-01
-2.486309785765757341e-01
1.442906548929126620e+00
-3.773258604226850110e-01
-4.806353576823856333e-01
-7.556893129417059374e-01
4.743976783548643494e-01
-1.595480923210241542e-01
1.267307973747455296e+00
1.449431019219552530e+00
-5.562888942247636859e-01
2.432556608854647556e-02
1.844779327333920804e-01
-9.191925813904995579e-03
4.935902433973046732e-01
-4.669505546776817617e-01
-1.922303207873896913e-01
-1.832009996777771987e-01
1.291488095688514970e-01
-1.935909965914859587e-01
6.023326457737820938e-01
-8.066996557634162901e-01
4.997406792587357760e-01
-6.784611854288178368e-01
-4.833177338416095314e-01
-2.834428734858311372e-01
-6.460677796903815384e-01
-6.516287271360925448e-01
1.125206092819270642e+00
-2.197146403208736776e-01
-4.849697897138879887e-01
5.037510511743685804e-01
4.903858211237702158e-01
-5.340409369785813487e-01
6.211359186967742030e-01
-1.254643568434553325e-01
-1.469283107279454048e-01
-4.363375543314352289e-01
1.497832979274499765e+00
1.763138441672841839e-01
4.453158192171499663e-01
3.289831982372191099e-01
-7.031248181889859783e-01
7.228546554115237166e-01
3.059444560751434783e-01
-4.099030250855369983e-01
1.223202124387010148e+00
2.877052313476666789e-01
-6.202158643063357957e-01
1.403952653515605720e+00
-6.871651898307209461e-01
-2.289047438069792273e-01
-1.439957113489462037e-01
6.854167487135774950e-01
7.787271425225671118e-02
5.176972317482292363e-01
6.912821036847247580e-01
-3.828561574693066794e-01
-7.746651037571926635e-01
-2.095227816600612469e-01
1.986156922612226372e-01
-3.645557200242230955e-01
-3.564323886246237999e-02
1.013651374723583964e-01
7.160988956899621005e-01
6.935477950005886072e-01
-4.044367926201884386e-03
-4.529377113496183549e-01
-1.383060474177144339e-01
-3.619915478332759728e-01
4.595573584323144334e-01
2.263060769526144544e-01
-7.104404114284565974e-01
2.735094499826172254e-01
-6.213845655327502326e-01
1.313633110027578876e+00
1.328842714815269943e+00
-3.337412692071065057e-02
4.755599666348364618e-01
-4.106560680057223522e-01
-1.587419725969991396e-02
-3.205248063398106750e-01
7.730221298649290196e-01
3.060714519505528530e-01
1.122175431803516421e+00
1.878152064954243250e-01
-3.575972176684302783e-01
-2.641212738685681516e-01
1.631509847948948988e-01
-6.081743083726657284e-01
4.944359576215118790e-01
3.533886849006346309e-01
1.189869125625903301e+00
-4.307717972067709455e-01
2.511198916072451270e-01
-3.890508157701810243e-01
6.554723383973487527e-01
-7.558564050897328968e-02
1.277062705332986658e-01
-2.396312012179180884e-01
-2.161492187842271873e-01
2.665431718098671410e-01
-3.226956425861801647e-01
-1.795228164828822914e-01
1.005940559310798843e+00
4.998631779793770262e-03
-6.092860185888450131e-01
-3.110476049394264031e-01
-1.803264405949811799e-01
-3.644719710838776328e-01
3.938466058679803150e-01
3.473838442879726984e-01
1.115608141045020929e+00
2.318309127232048017e-01
7.464213532754624403e-01
-1.165174797060175571e-01
-2.625044082112090726e-01
-2.391991715728145063e-01
-1.371583718097705955e-02
9.323884607893507814e-01
-4.922882431858287000e-01
-4.382040484446281942e-02
-7.258211569498287385e-01
-2.576597109976923039e-01
-1.288018582185908034e-01
5.638080192473644559e-01
-6.138633250895531024e-01
-4.993023109458281650e-01
-2.928734340883755727e-01
-5.376398109106286100e-02
-2.962575322154852309e-01
-6.421430011717589315e-01
-6.963130291853968090e-02
-7.262548608363865454e-02
-6.459518094860403625e-01
4.094730107638889782e-01
4.544305926140445040e-01
6.421601791930291458e-01
-1.475671989025469436e-02
-3.946455546867240205e-01
-2.270541805635902244e-01
-4.007906342790351628e-01
-6.282415767158433528e-03
1.288802861067835481e+00
-4.088743027640187044e-01
-6.744123031662923040e-01
-2.945367960979218200e-02
-1.483904514253625018e-01
1.694637286108192364e-01
3.140028312034895408e-01
3.905899708926439118e-01
-6.544690869937579425e-01
-7.391743245068803370e-02
1.209063565132238338e+00
-1.705035194319238501e-01
-1.151549867106488878e-01
2.132813152308212779e-01
1.933037305517115167e-01
5.950106885481110108e-01
7.356851910411658091e-01
1.409101226138179008e+00
-4.436546936955684806e-02
-6.312634311027689460e-01
5.463842732704033561e-02
-3.513396631255496453e-03
-5.958480972580736390e-01
-7.267782115630658790e-01
-3.178025154473006486e-01
-3.399310709314058987e-01
-5.357495418915949603e-01
-6.158120433983623743e-01
-3.350328125050739403e-01
9.488683945767230066e-01
-2.332178836782884956e-01
-7.267456667011803484e-01
8.348629004993400882e-01
-2.183363581978379486e-01
2.960080253582442200e-01
4.788501309359979169e-02
6.801583918736561762e-02
4.313697665015651245e-02
-7.486574526466156509e-01
1.354335084920169407e+00
8.330499030422165996e-01
-3.151497243706133378e-01
-3.924961925078899183e-01
-4.981443165131486106e-01
1.880333712052807693e-01
8.284468754526135015e-02
-1.233051396067821326e-01
-7.088908475488348016e-02
-2.683347792340540772e-01
1.486693444627637806e-01
-5.006276330519703333e-01
6.175179699741822903e-01
-2.433225303335582457e-01
-7.871275290603833852e-02
3.092408606069043109e-01
-6.324515798317575932e-01
-1.003821843778076317e-01
-7.171223958592788383e-01
7.299277599872244782e-01
6.555340062015119207e-02
-2.322688073536456066e-01
6.062754027504748677e-01
1.718101515236502425e-02
4.424413818362166739e-01
-5.229467980366095947e-01
-3.205317410409754264e-01
3.848589047950864428e-01
1.653685624594731784e-01
-2.157600780843655641e-01
-4.659049963503152370e-01
-7.045194549325400901e-01
4.105943288499060984e-01
1.274664805433981807e-01
-2.791596712590707630e-01
4.495656951210150881e-02
2.708780348747050204e-01
-6.530571232945964200e-01
9.433171711125789560e-01
-3.444649329326392173e-02
-6.071299460547672222e-01
2.551047565111574378e-01
3.682250965732438153e-01
7.733093549595638772e-01
-8.652363220839899560e-02
2.463374761701263016e-01
-1.211480220750969644e-01
-5.732643387046017919e-02
1.182635688187249068e+00
5.870225818009330299e-01
1.602233012037634630e-01
1.156526648663565471e+00
5.938856898865104705e-01
-3.906744013773800206e-01
2.777602066512160350e-01
-2.735639934420113217e-01
-2.670142300363881893e-01
-2.594915644116657649e-01
1.129696713706393796e+00
-5.593995892733228947e-01
-1.146574198540754319e-01
-7.298650180833213263e-03
-2.533069950610680743e-01
-2.382876700044499751e-01
3.880727522580176281e-01
6.657681329835345441e-01
-2.108568590890810002e-01
-3.444648112784154392e-01
-4.690572660261858595e-01
-3.090433455497744175e-01
3.769679935993199282e-01
3.140092785736046110e-01
8.711167022041690911e-02
-5.940182645924506621e-01
-7.104670977067246707e-01
-5.150070560198160008e-01
4.804909346698836292e-01
-4.817652231286184139e-01
2.560350462696582841e-01
-6.460622882095888864e-01
-3.998737169397322821e-01
-2.224443106250886468e-02
1.044573048378107494e+00
-4.280805769374691483e-01
-1.163632012779376307e-01
-5.207704566737848539e-01
-3.040730478636184952e-01
1.428442709083537654e+00
-2.674465954345432994e-01
-2.306952593715443367e-01
-1.518137532334073447e-01
6.168343644161956574e-01
-6.939546174206864260e-01
-5.621322358820362020e-01
1.829564460043998919e-01
4.500901682090208827e-03
-7.169308705978111318e-01
1.112921712529153728e+00
3.998768743393757985e-01
-3.858831975387032598e-01
-5.408010985471398691e-01
2.860062813566489059e-01
-2.945300018205315173e-01
3.090617316039911966e-01
3.053416756335548543e-01
-9.467048982799301793e-02
-3.920895487747567687e-01
-6.392913095482078978e-01
1.524796713453054897e+00
3.842873357096084908e-01
-5.205517478500500811e-02
6.832163433767792782e-01
-1.573974853116757999e-01
8.293674418398289117e-01
-3.203898155769847600e-01
-5.785527537318025937e-01
-5.722701929635004570e-01
-2.057257248446782427e-01
1.551237550023835399e-01
9.451856127883306175e-03
-6.574155625579558571e-01
-6.119620207983401672e-01
3.623677804324044738e-01
1.254760754325452199e+00
1.403596019640786230e-01
8.516825993977334974e-01
-3.878107850396789180e-02
-3.986396710101044460e-01
-1.284875629969983724e-01
-7.163313776901651941e-01
-6.894237484970872076e-01
-4.994819442550594291e-01
-1.226881557370955306e-01
-6.421446971622114530e-01
1.264123442157904176e+00
-4.783244608706048173e-01
-3.955108116447256794e-01
6.431525640380035547e-02
-3.628711496016934768e-01
-4.838437255744920118e-01
1.880587968516391206e-01
-4.964297436282630871e-01
3.063695379281159981e-01
1.932719906284749434e-01
2.966210851227737977e-01
-1.281739928755855074e-01
-7.663165934029934900e-02
1.857793009311045074e-01
-8.321396361645121836e-03
-5.227865231831926307e-01
1.435261230685765665e-01
-5.165485350097233086e-01
3.906178538078284856e-01
9.581466622987117043e-02
8.406598565791019162e-01
-7.923466179507363538e-01
3.245656494657438440e-01
1.623212509147491933e-01
3.297889943665058277e-01
-1.882038938940385209e-01
-4.479203140335692446e-01
-3.767549559980327700e-01
-2.963017666873149492e-01
3.629134042048203779e-01
1.488810943936102138e+00
-2.862238439181729807e-02
-5.207153404613319436e-01
-6.567962596375851447e-01
6.814466744909853935e-01
9.124168570719964899e-01
8.561997982213929992e-02
3.788283237670121983e-01
-3.671869266546318178e-01
-7.965406329359174878e-03
-3.345743212520027599e-02
-4.036866607430079634e-01
-2.130459380280690929e-01
1.162624178419916277e+00
-2.259491522527810534e-02
-5.467421454896735922e-01
-4.161735536380696820e-01
-2.306449630517011865e-02
5.130800186502882942e-01
-2.841192788722576856e-01
5.650848632657532455e-01
-5.419523615464630906e-01
1.237947166776837971e-01
-4.105062113894465403e-01
-3.475976515566654990e-01
1.212522688901503720e+00
7.348657684944404078e-02
-3.167887930982190015e-01
1.277628783270457813e+00
7.053105777962931366e-01
-7.491586850311582335e-02
-3.209417919555052623e-01
5.557167008261999497e-01
-5.770629643645915907e-01
5.426120723759677578e-01
-1.353636794367294727e-01
-1.187878709916306424e-01
-2.682337574345043940e-01
1.366626158958572090e-01
-3.034945186183591881e-01
1.080188479565286741e+00
4.233815780400633777e-01
-4.406447453041017481e-01
-1.189913408936491557e-01
-2.545922447451576254e-01
-1.608482862266671920e-01
5.841626763067997441e-01
5.685186746359990329e-01
-3.270383485908506249e-01
3.219266651354551340e-02
2.315328540913942357e-01
9.035854991175101825e-01
1.948424778971739324e-01
-4.874090538354873825e-01
1.206426072751989542e+00
4.519365758763672081e-01
-2.933136823031521900e-01
-6.513517203609232586e-01
-1.370235134432165325e-01
-5.534602961919903030e-02
4.556480415577196519e-01
-1.801507661052314385e-02
-1.595242254567881823e-01
-5.285467330995641255e-01
3.718250120369278044e-01
1.063627399554026409e+00
-2.623282907881070436e-01
-6.943298661080930800e-02
1.940369683525997868e-01
-4.788583115443187377e-01
-2.748911791313712882e-01
1.742225702455434677e-01
-8.135969712857343827e-02
-1.106221949370224736e-02
6.032297034018292425e-01
-1.741599878128738677e-01
5.489706090846823150e-01
1.298757499772368595e-01
-1.296781923573483430e-01
-3.127806498832149673e-01
-2.926935100492292774e-01
4.479242717495336978e-01
8.014970369388622895e-02
-6.403633755291642249e-01
-7.010491143657519020e-01
-5.660279113682368246e-01
-5.251423472882015275e-01
1.932232741946001697e-01
5.917126765824276546e-01
3.004730818861710562e-01
5.447458218928782347e-01
-1.228089298231319982e-03
1.021615604666026127e-02
1.507384788731807035e+00
4.365099173773191732e-02
4.876780231029451684e-01
-5.979575675895394404e-01
9.171278359085801579e-01
-6.578230261446500471e-01
-9.566184475274339127e-02
3.679586485396502127e-01
-1.869301405600846677e-01
-4.786323112793158252e-01
-4.066889418569115400e-02
-6.531451426798494664e-01
-2.594941437823017338e-01
-4.366264619652238665e-01
-9.083926129236082059e-02
-5.806509555541586876e-01
-2.122384973326904845e-01
3.645669024912120276e-02
3.317498375425105284e-01
-2.792268572712248154e-01
-6.015478952845185745e-01
2.847741653244065252e-01
2.586384773067323395e-01
-6.235838565618377904e-01
1.582436111432565795e-01
9.327493526993132500e-01
-2.832238884033874138e-01
-3.730539572003468418e-01
-6.374509838791377891e-01
4.605647981339902608e-02
-5.520489308464235911e-01
-1.697402218701839494e-01
2.555040021654368387e-01
-4.522138587197213067e-01
3.528786440977975669e-01
-8.134463855516894659e-01
-5.628867491910486409e-01
-8.557457528532465274e-02
-8.004711355681638080e-03
2.989332691811465992e-01
-2.582076253952121370e-01
-1.510547723138611353e-01
-7.940484016990709271e-02
-8.522872198498472607e-02
-2.155607498852220305e-01
-5.175900569041822635e-02
5.986735272303336103e-02
2.870420598883642871e-01
3.897945915434386510e-02
-3.178634663681658701e-01
-1.185928975419208581e-01
1.147285573068405284e+00
-4.349618667166295638e-01
2.570647334841729692e-01
-1.287396833626374693e-01
-3.102906895410040278e-01
4.877090418230528579e-01
-2.258203242083179629e-01
1.721355491056289488e-01
1.247786932377982883e+00
4.103946379231241948e-01
-6.037021800030920593e-01
-5.634234706025785799e-01
-2.157326603948265253e-01
8.458161244881969854e-01
-1.126244112211022275e-01
-3.710456437601716284e-01
7.764999905512680600e-01
5.205868298203150113e-01
-2.884846015616298054e-01
1.351472181007846718e+00
1.259197999586421757e+00
-5.128803214308835789e-01
1.655215354608898237e-01
-8.562129726165296217e-02
-1.609235585216392261e-01
-5.269547902256694893e-01
6.931373031713280453e-01
7.308366697601460515e-01
7.592480225137111516e-01
1.046435012784180829e+00
3.655982896484462619e-01
3.592453340882506008e-01
1.189039049163020723e+00
3.584025346028850700e-01
-5.228981137669582724e-01
6.736030490198972043e-01
1.191082520959789171e-01
-5.369704876707406260e-01
-4.111806970455991750e-01
-2.255896487413746043e-01
1.497890356533411738e-01
-5.908671491914110341e-01
2.669711645985454671e-02
3.783722882303319768e-01
4.896193156008782355e-02
-6.315833846272357610e-02
1.020894285738318086e+00
-4.032279470225584306e-01
-4.184142561410418848e-01
-4.057310269830701199e-01
2.114484889492297334e-02
6.378993741388735428e-01
4.843114596498880320e-01
4.859514674425329250e-01
3.846166354252398278e-01
1.289284294678421927e-01
-1.836179262096341303e-01
1.232761713273729631e+00
-7.130820245876076102e-01
-5.187442319103626742e-01
-6.781302918494376275e-01
1.243327492310803528e+00
-2.337596281154366920e-02
1.873351176438433352e-01
-2.303814310637199159e-01
2.288716290201457948e-01
-3.429182415634637882e-01
6.694493820931163297e-01
1.619593440160613795e-01
-5.039984587228192314e-01
-1.577773374391035210e-01
-3.553610787906969493e-01
-4.941225035417429190e-02
-7.089861710510635129e-02
1.085409205112292108e+00
-6.858526329219728490e-01
-7.781232331000150770e-01
-4.575807618986028058e-01
-4.933949628685841415e-01
3.742751425549543653e-01
-2.583610044997511901e-01
9.206981080008025398e-01
-1.610281252583949385e-01
1.457366626386948694e+00
-9.995606502964025225e-03
-9.031293246042348954e-01
2.763577181792238324e-01
-6.770093092331137541e-01
5.169245194312923619e-01
3.137721361525535602e-01
-4.949001232344222845e-01
7.810460680289645907e-01
-4.424148922306478937e-01
1.018314464313411216e-01
-5.132559036643463690e-01
4.239495555391446513e-01
3.354210557294418082e-01
9.764398495642051534e-02
4.252020439759403581e-01
-1.956829885284874782e-01
1.666481061835553557e-01
-4.606298684084055850e-01
-6.178228120731535933e-01
-2.687190584052006614e-01
-4.047927329320453738e-01
-2.269222356277301456e-01
-2.143046854302858295e-01
1.472615617099174878e+00
-3.334894185090961360e-01
8.892189493147093504e-01
-3.444432012484100469e-01
6.328443135648229578e-01
2.337151485983957333e-01
1.779162629314184341e-01
7.235269450677999092e-01
1.173960338795976943e+00
4.828642015354417394e-01
-3.777227190446388883e-01
-3.177546519373287137e-01
-1.217771253677069204e-01
2.124798628856051641e-01
-1.214668239720817847e-02
-5.736032953183703986e-01
5.255613143253603514e-01
-3.785290692713656480e-01
-4.728389311283562879e-01
-5.035475602736840806e-01
4.765502520291254873e-01
6.587195099141943677e-01
-2.638139224728741628e-01
-9.670572668272912897e-02
1.848598265426082965e-01
9.447670083204737779e-01
-1.265366227635592034e-01
-2.892395871089114764e-02
3.439712564604484601e-01
-1.784391827288547838e-02
-4.939743267505231072e-02
4.893281094400120379e-02
8.047204727048918871e-01
1.295472809427863137e+00
8.834306574406505796e-02
7.041865778120845465e-02
1.185598010580753758e+00
-1.913129406489653683e-01
-2.008113247618218966e-01
4.250380087913481209e-01
-6.423250456023629207e-01
-1.888215541171360812e-01
3.284895123924495008e-01
8.468912655477852658e-01
-8.837839951965102692e-02
7.727852749841249147e-02
6.712280702175199565e-01
1.094882266852919006e+00
1.125694553125706543e+00
3.338423200996831208e-01
3.830153118736856488e-01
1.363765650594720213e+00
1.917654787492438506e-01
-2.765950566786263831e-01
3.521895511038396487e-01
-5.071471525262998270e-01
-7.191655679515062127e-01
9.779626072521447888e-01
2.808823591084237958e-01
-5.429735650682092629e-01
7.111858519120302091e-01
-4.239831245234516044e-01
-5.108157013422971460e-01
5.767030751241797315e-01
-4.060760418526976889e-01
2.756257990424748616e-01
-2.906888513680119246e-01
1.023704893720181586e+00
1.572675476038291331e-01
3.474091397493203059e-01
1.006474226832060614e-01
-3.378317655537934061e-01
6.179529345671896934e-02
-4.309110044952844665e-01
-3.303747114095288012e-02
-1.468360249207304180e-01
-6.225524417108047048e-01
-5.628378262701489998e-01
1.029639749089861889e+00
1.740054423067361467e-01
-6.694999477694018042e-01
-5.274710255024414041e-01
-1.951494066821425899e-01
-6.011638047740852642e-01
7.971990566792167554e-01
5.670252202121960766e-02
-7.441468970441357245e-01
-7.780555926712194870e-01
-1.377597964054964041e-01
7.095366422565442255e-01
3.487643754523775397e-01
-1.717729401842053305e-01
-6.457107460739855464e-04
1.504037874086140203e+00
5.015813169950241734e-01
1.335728190834338525e-02
-1.622312542734179186e-01
1.030680706878681074e-01
-6.720617518030517212e-01
-1.909084909975893307e-01
7.538915008709622112e-02
9.439231108057639652e-01
3.957000653976340265e-01
-4.198329637711457063e-01
4.864651100503766812e-01
1.329633176200432088e-01
-6.012663863673042286e-01
5.993215219268832605e-01
-2.287752696791776341e-01
-5.210956044866188464e-01
1.157103387765993974e+00
-1.228791489719979341e-01
-1.591297916991610550e-01
9.870260103590348943e-02
-1.239122050253321089e-01
1.858618767783077330e-01
-4.947231177383397127e-01
2.484595079437031950e-01
-5.207446742390032801e-01
-2.814294004184010323e-01
1.110429664289704355e-01
5.385061886139644871e-01
1.470771354191616476e-01
2.122141078128570169e-01
-4.223131552640389808e-03
-1.271772257244345172e-01
-1.744967881023977707e-01
-4.455403384362816577e-01
-7.647775561348880702e-01
9.370951716597440972e-01
-6.253060274036781330e-01
7.686297915195606789e-01
-1.208166481213741178e-01
-5.765068883693305057e-01
-2.179633411860287251e-01
-1.247735595740158548e-01
-1.651510424173632530e-01
-7.735655235213892422e-02
8.288754331762329675e-02
-2.825522492939386843e-01
-5.081266477840441498e-01
-1.395252435677706571e-01
1.328461855439630468e-01
-6.438662702329593923e-01
2.422199920249975824e-01
-4.454887867899972043e-01
6.956425296359323163e-01
-4.064435327588965530e-01
-4.639442756465332884e-01
-1.742325684646977013e-01
-4.698388052659694392e-01
-5.881267707307061832e-01
3.922685466580579094e-02
-6.511781639037105274e-01
1.343805758583039411e+00
5.426060769325758981e-01
-2.146411722880909034e-01
2.442077149211012710e-01
-9.697381779680122604e-02
9.672096325915374715e-01
-4.757944711540531557e-01
-3.193807404244558557e-01
-5.668595932417859196e-01
-1.396137828590338081e-01
4.826382110538608439e-01
-3.625363019666789088e-01
-6.413564382773577766e-01
-7.444335491277709327e-02
6.400581730207444142e-01
4.726484664348586384e-01
-2.756176005606204571e-01
1.303663256533629800e-02
4.288036023118516060e-01
8.419702856059676499e-01
3.891928809282773072e-01
-3.470678267565843744e-02
-1.545057779225477990e-01
-5.805279666546254713e-01
-4.347553767725897411e-01
2.477256902519847370e-01
-3.237728265335204081e-01
2.784186727571330011e-01
-7.688457581827661258e-01
-4.139561725843989293e-01
6.121725776865369339e-02
-6.556096979395257263e-01
-6.091590604096637218e-01
1.254317302118603150e+00
1.215731963967270866e-02
-6.552888111189912879e-01
-6.615818975496330356e-01
5.356728512715003276e-01
6.264525207268294427e-01
-2.751481402462072068e-01
-9.911531579935438374e-02
1.138031197340883205e+00
1.364166736135015601e+00
4.345484105211543935e-01
-2.908852674599392563e-01
1.376226677073999483e-02
6.720212018953882760e-01
-2.625323147139432822e-01
-1.476563352553108277e-01
-5.773303667953011420e-01
-4.036403120973901248e-02
1.048177711031744314e-01
-2.796430175512837346e-01
1.252391169226786394e+00
5.102675113537319396e-01
-4.980880504150785870e-01
-6.715393604081469903e-01
-2.007228941566531477e-01
-1.630939192102873192e-01
-1.283776960639133879e-01
-3.810822909531775271e-01
-6.479768513048818068e-01
-6.349491054259593925e-01
-3.101719853662090465e-01
-4.381909890961786513e-01
-1.522177626866879664e-02
-2.910651301235034349e-01
7.899266120723105189e-01
-3.163528070747614884e-02
3.349674174246338731e-01
-1.514316545291899754e-02
-4.461641573518731474e-01
4.885197485157418695e-01
-2.186392485900534033e-01
-1.597547522513783624e-01
6.335777149291148547e-01
1.245654023703641061e-01
-4.494433400676622337e-01
5.574856725912584743e-01
-4.228086832593629385e-01
1.710361267092992132e-01
1.232717966461942316e+00
3.819806264515375471e-02
-1.531098469509467874e-01
1.477249949004448171e+00
-2.826679014526121692e-01
-4.453856137328385811e-01
-6.946278750591380891e-02
1.020627753513977387e+00
-5.148265746900836382e-01
1.996824027773365373e-01
1.252916812612197450e+00
4.209048760220293617e-01
2.198006814492794725e-01
7.200112404583073333e-01
5.728445183769904636e-01
-9.937275437002348125e-03
-4.529145630762078101e-01
2.397439537441294899e-01
4.043074391799629796e-01
8.991192147952739577e-02
-7.611738041163866875e-01
1.637048287415144021e-01
3.329723385780126166e-01
2.590500494942163390e-01
9.530304280179165977e-01
-2.391438326542115189e-01
1.639739045591786237e-01
3.238130593723836936e-01
-4.313202512127425198e-02
-3.293084418282794523e-01
1.109591232848373910e+00
1.829889989941901329e-01
-2.786961960929920101e-01
-3.503478718978382256e-01
-4.029492668957931206e-02
-2.917376145269387488e-01
-3.498363532061183473e-02
2.711868620562010168e-01
-1.533338227145079058e-01
-1.209017280814559253e-01
4.850176187338022249e-01
1.353126067791650566e+00
1.332825981435429075e+00
4.987380889864425071e-01
1.271790771299735612e-01
5.057480928041836049e-02
-4.575860472128185502e-02
1.451263754396843408e+00
-8.831124817145225014e-02
-6.985955913473987922e-01
7.782948508725374970e-02
4.546495592855926970e-01
-3.656249984860184266e-01
1.177662207447210507e+00
3.681575682805784261e-02
-7.695098024924909019e-01
-2.705462781346884005e-01
-7.830754582257247465e-02
1.187511780210732448e+00
-5.160458354172544615e-01
-2.985139313106788261e-01
-5.583719834217437672e-01
-1.126930893686196346e-02
2.760067432382962704e-01
-4.793369880615530043e-01
-7.210380448893598526e-01
-3.648648056132114403e-01
6.266712148183274378e-01
-7.287488812583747810e-01
-1.069635319559266717e-01
3.905981767770869695e-01
8.516220410389961637e-02
-6.229422471883754309e-01
-2.688400010144328389e-01
1.172603970672561724e+00
-1.925608502164232738e-01
6.896994271555177691e-02
-3.011874347679491803e-01
1.105109836492172981e+00
5.597735657596015768e-01
4.666984564913320005e-02
-3.507613458880602941e-01
1.234467595230755776e+00
-5.635467221676065952e-01
4.297322241901116446e-01
-2.885480352244325086e-01
4.044155511562656513e-01
-5.546740832548157085e-01
-2.938053040056747278e-01
-1.881568526480508485e-01
-5.416529873157207575e-01
-3.487704231388369380e-01
2.788857313012889361e-02
-3.218661848269060988e-01
3.177016257347983763e-01
8.837279713389710745e-01
-3.114236050490316599e-01
-3.417054758663027464e-02
-7.166287105180002559e-02
-1.925283057960363031e-01
-3.839668991503768503e-01
4.167874820854688966e-02
4.645853996843717915e-01
-2.505545540295175001e-03
-2.998353312412941896e-01
-5.115302803873207349e-01
2.998872978685975244e-01
-5.029476656475726642e-02
-5.127500892846337255e-01
7.515398150131379351e-01
1.045112967485797295e-01
3.577762214303062405e-01
4.353969459226397776e-01
2.132553595268600888e-01
3.235732366789290104e-01
1.323426019632177875e+00
-2.989745264091778765e-01
1.600625379090648281e-01
-1.790535187068824710e-02
-5.557677964958229744e-01
4.614997260365315546e-01
2.550302779906374329e-01
6.902309948710273479e-01
7.578014344995178675e-01
-3.767448832669295644e-01
-7.366873714889851654e-02
2.647327203280641639e-01
7.323413736960766585e-01
-2.474968255002036877e-01
8.403025200233017467e-01
1.698058365086557442e-01
3.843390525983141071e-02
-6.534304925481496662e-01
-6.238885316360923694e-01
1.069551113869565473e+00
-3.514473153209916184e-02
-1.970048266096551537e-01
5.678459881959236899e-01
-2.356478757913043343e-01
2.918071826952774450e-01
-1.392867630281210134e-01
2.289479936631235446e-01
-1.897458000340035422e-01
2.334246289783622752e-01
-3.517172767374346920e-01
6.025938309211136268e-01
-1.112268754471779086e-01
9.924461692903302490e-01
-6.357545946103412282e-01
-1.739940949863625630e-01
1.130396694132033586e+00
-3.806251720463691424e-01
1.424312772067921173e+00
3.158971525829816218e-01
1.619107564629160834e-01
5.562179438700900480e-01
-3.580192490202031008e-01
2.461179641791902128e-01
5.224226637255578731e-02
-5.103327149004735497e-02
4.168614361167986559e-01
-7.251751756950532146e-02
1.092820024359017150e+00
-5.305251011466322053e-01
-4.595090107601759177e-01
-3.689630236765186755e-01
1.779121864765602634e-01
-2.644652778270958904e-02
-7.296305754314397207e-01
-3.465818172220558324e-01
6.468672864669700040e-02
-3.927959357356095027e-02
4.145959896977220206e-03
-2.998427745148186663e-01
3.237066160809973225e-01
2.617112272573368648e-01
5.688896533950996703e-01
-3.348047754881310345e-01
3.404061938903370742e-03
8.819278561479351186e-01
-6.472593562873415474e-01
-3.849013488756414247e-01
4.733377297469462675e-01
-1.466964282658118623e-01
-7.753689832623089639e-01
1.150303223190398461e+00
-1.279116277233202821e-02
-4.454159344297031198e-01
-4.713964525867674338e-01
5.422766998900899749e-01
7.144320427675217022e-01
1.354166733846656479e-01
-1.644799898992545806e-01
9.549426608108384507e-01
-7.399804446149107484e-01
-5.628254450793904740e-01
-1.671631532802486109e-01
-8.325105399780208248e-01
-5.264161311743339455e-01
-2.791805502558923346e-01
2.845969669439541438e-01
-6.739125430092535174e-01
-6.447104858653773807e-02
5.423516724921504384e-01
-4.650117603041614700e-01
-6.100341647198372907e-01
-6.293453578827615802e-01
-6.583067231251233942e-01
2.087859493681771053e-02
3.670097874538024163e-01
4.405683939983369157e-01
1.029553594293030061e+00
5.905801043121837735e-01
2.087387023339481729e-01
9.555515701511531346e-02
-8.058563501193902745e-01
2.619523640863486436e-01
-5.542935535775849604e-02
6.563096368920643409e-01
-1.880310659194960321e-01
-6.767106788911873005e-01
-2.530069146999188168e-01
-1.618216731406225128e-01
-3.931094080239502320e-04
6.257249465169943958e-01
-7.681194498142217553e-01
4.457848168400362354e-01
-1.041859916667213226e-01
-3.769169831926008629e-01
4.763577865042539772e-01
-2.096946535468811046e-01
-1.618742423007647202e-01
-2.326389312713032231e-01
4.339116066236828329e-01
-7.087811831828745579e-02
-4.555304955612978768e-01
-3.620101023437590770e-01
6.591032543381337462e-03
-5.131943497064410664e-01
2.034540538898353679e-01
5.248575649430170520e-01
-3.076227707501628661e-01
-6.429066359630888350e-01
2.176672352259657606e-01
3.155944324669290868e-01
1.142049253225161820e+00
1.294158954348634927e+00
-1.233786315075521556e-01
1.214764343203809660e-01
-2.757142247492905263e-01
-4.088276355699196341e-01
9.645148779297355590e-01
-4.416512866134141291e-01
-6.399940865220227204e-01
5.507652908682730830e-01
1.028819447497980155e+00
-8.446206324077357164e-02
4.772284042299089202e-01
-9.654482963700433684e-02
9.634920156264895064e-02
2.576015695460983634e-01
5.041805829761608626e-01
1.061793882156913948e+00
2.085893036018159896e-01
-1.497942574576016928e-01
4.905191786796960773e-01
-7.924560151526376106e-02
-2.393630682789947908e-02
2.603486662229749244e-03
-3.073768916618873082e-01
-1.743537986985911337e-01
3.659562040513685832e-01
-3.124482793222611854e-02
3.257796421456701438e-03
-6.767987917755661220e-01
-4.075135488863192990e-01
9.956109241056992909e-01
-4.773194923563824910e-01
5.507297280299045666e-03
-2.993740652506395317e-01
-1.374338937314572573e-01
1.405709210866222802e+00
-4.952161422189296780e-01
2.005830576440003343e-01
1.193142121678759417e-02
-2.894204897505442964e-01
-1.855706868580139224e-01
4.884205205233506653e-01
-4.508425520076862758e-02
-5.779094009444333269e-01
4.655416261404850542e-01
3.081497994446918409e-01
-4.440413111424584836e-01
-3.043566338819068684e-01
4.673519830188576640e-01
-3.948877631557681234e-01
1.042231242605750507e+00
1.752230295988460584e-01
1.008880126109278574e+00
1.811212432805124894e-01
-5.958423049822664241e-01
7.581900017298295880e-02
4.119780598902962609e-02
3.482483479436028206e-01
-8.242549949790243247e-01
-1.687288937135718592e-01
4.003851856796819542e-01
6.109268838546433322e-01
1.829685915468793056e-01
1.545836657556229864e-02
7.468762895033388693e-02
1.233645957416429351e-01
1.147202598558498821e+00
-3.007041703882193384e-01
6.972962493748745549e-01
-6.842927451086310286e-01
4.343037044276136238e-01
-1.195379495027109606e-01
1.060454527855919871e+00
2.734001810020383338e-01
6.672282420848372197e-01
-3.897151718228747952e-01
-5.091960810638490598e-01
2.503220959723643224e-01
5.698459961602334589e-01
-2.538610708401654037e-01
-1.204372295953676786e-01
7.899959064451134161e-01
-7.478982339362628684e-01
1.530389434294733286e-01
4.495874988164146879e-01
-4.003404632520583539e-01
1.764651528179372320e-01
5.831195574006894367e-01
1.421241290462151419e+00
1.072186481355250492e-01
-5.982134203321217703e-01
1.344369964087998248e+00
-2.187594204179446264e-02
-5.629363359915157128e-01
-5.790133478827308444e-01
5.267130995072026589e-02
-3.785258374923439195e-01
-1.529806045264303638e-01
-5.913462555219872741e-01
6.669623098929710059e-01
3.081936343746254914e-01
9.206459636899586574e-01
4.743398641828569517e-01
-6.419324917679644082e-01
1.220813911831209131e+00
-2.011185129435499874e-01
-4.882812086434804577e-01
3.587437862034135311e-02
-7.777743653102051069e-02
2.256395880814924815e-01
-1.788831474752542450e-01
-1.081598012596608344e-01
-1.885201459597608542e-01
-1.696391821729598681e-01
3.586447702937259341e-01
4.132378261218334070e-01
-6.315146444103522105e-01
1.971167159245117151e-01
-6.918087147912298507e-01
8.826448391410494088e-01
-4.826411626944157041e-01
-6.041408923652844543e-01
-5.170153310541605318e-01
-6.932396453150272420e-01
-2.137524471614182242e-01
1.451308722946811902e-01
-3.075079100185106329e-01
1.606917767857540535e-01
6.404177672747470851e-01
-2.736074679794361364e-01
6.904979760028870373e-02
-4.328450869843216142e-01
-1.944628854609340984e-01
2.271946840366166898e-01
-6.599683499483738336e-01
-5.200781305399247989e-01
-9.542609314880821925e-02
-7.323891345923969065e-02
4.030858888630359793e-01
-1.354700265947449411e-01
-3.060661694774046149e-01
2.128037033912911213e-01
-2.275725067895177922e-01
7.065632041188987800e-02
2.944718163364747343e-01
7.343071426142830926e-01
-5.971327618463442288e-01
-4.667498914732600701e-01
6.115598021794268480e-01
5.353767269505693704e-01
-2.337087058141229801e-01
-7.266579051212476159e-01
-1.403657609236086401e-01
7.998705296121894071e-02
-7.553508700387950858e-01
-5.288678851036998640e-01
-4.694248865107825686e-01
9.598244936242616987e-01
7.290617434804872454e-01
1.705182467449425920e-02
1.433350528704951721e+00
-1.914567911439490899e-01
-7.031749434692226020e-01
1.008260093101208572e-02
-3.404247180607880563e-01
3.702696733683766284e-01
6.200857770670308300e-01
-5.297577566522413406e-01
-3.233503380833384067e-01
8.293132146197143006e-01
-1.911542711639469816e-01
-2.923869588169029643e-01
5.668848344351048452e-01
-5.352603151803406734e-01
-4.018798577596023880e-01
-3.451982196928611857e-01
2.916468408097718790e-01
-3.098578918664732784e-01
-4.383056064150576137e-01
1.443668697514208926e-02
1.849214681898316837e-01
-2.447906510907052816e-02
-1.182466145063476408e-02
-5.003236700665776304e-01
5.122413975622547300e-01
-3.578356784822149250e-01
5.034116767155120131e-01
5.879485006390531288e-01
7.016461381962102450e-02
6.120635113932115789e-01
-6.112316279116020851e-02
-3.905802857975502751e-01
2.660024989492877912e-01
4.290385586764549133e-03
-5.009294072870740244e-01
-3.362857731296846620e-01
-2.273677450647892950e-01
1.375308697125231516e+00
1.431366577607335433e+00
5.950092419441780356e-01
-2.275126534525621358e-01
4.528427304395234512e-03
-6.748244617728040851e-01
-2.177015002494806784e-01
-3.848352655608808237e-01
5.397348955025069728e-01
-3.963776446908846007e-01
1.573766591451374874e-01
4.434184688835668964e-01
-3.791976896458927326e-01
-2.814165831767183601e-01
-4.689118556505948998e-01
1.322822734163958236e+00
-5.945083959587474931e-01
-6.447054430961062232e-01
-2.300098592278951304e-01
-3.274626093896347845e-01
2.139012650978046048e-01
-1.199301891214580723e-01
-6.755284522019284754e-01
-5.120057425316201227e-01
-4.562956048699053357e-01
3.240898923590211367e-01
-6.144655385681315751e-01
-1.080062809123137901e-01
1.099782658340308306e+00
-6.656455820672678714e-01
4.525298403262286162e-01
-6.696905462969756639e-01
-3.607250839887312654e-01
5.198712878596677134e-02
-4.599615334835367025e-02
-5.425777149645993891e-01
6.552118603181233958e-02
-1.475313895587866408e-01
-1.538910485631545810e-01
1.944357101906294683e-01
-2.069243879848103596e-01
1.259106849886077795e+00
3.420599556787199957e-01
-2.574783545858369549e-01
-9.714242680330262281e-03
-4.292608311712607372e-01
-2.216336989099318699e-01
5.408591398152650109e-01
4.102205818311493446e-01
-1.413562740812660812e-01
8.349772577431627818e-01
-7.965177016734181770e-01
1.429236543965537731e-01
5.545858972143210552e-01
-3.714863582452151980e-01
-6.974575447159033770e-01
-6.254432981911244305e-01
-2.067440633280354378e-01
2.719939367217161230e-01
-7.445586190977225571e-02
3.810811628734931539e-02
-2.367701039488795678e-01
-4.925125350240130984e-01
-3.437417251839881005e-01
3.280593660254056410e-01
-5.496907976359001191e-01
3.321610189851841866e-01
-1.395865159816758183e-01
-7.346094661437579942e-01
-2.762866298408436783e-01
3.378872465674753744e-01
1.919214205188015387e-01
-6.623731204187776056e-01
1.055628266143011362e-01
-1.937105204997911223e-01
-4.275771988452715111e-01
6.551366213203990707e-01
-1.051082877332158438e-01
3.014377814782092102e-01
1.013721277229597817e+00
-5.693039634290133488e-01
-4.200710269674605146e-01
-1.035676343118286935e-01
-4.958763729747262539e-01
5.453253457911578783e-01
3.639514594723226582e-01
5.023890138996403021e-01
-7.146950937913637558e-01
-2.932748030416307272e-01
1.276340339042429106e-01
-2.016733731129866924e-01
-2.598027206496131836e-01
2.863280476276851005e-01
-2.095441038348004048e-01
-6.954095034562912669e-01
-2.869116888245524799e-01
2.457914013525915320e-01
8.425153637713754806e-01
8.418050050357441805e-01
-1.335737509074650387e-01
-5.255266420274731232e-01
1.728255570902438865e-01
-2.464139900335227951e-01
9.825507352651674520e-02
1.777618749123344860e-02
-1.535982332187982025e-01
-6.629690398286811615e-01
-7.049547192873565349e-01
4.404011843401231530e-01
-4.409544808512753655e-01
-2.805611736534941447e-01
-5.402977334815339816e-01
-2.389538443527616240e-01
-1.748995734716961570e-01
1.804780223793540916e-01
4.602628530676185492e-01
-9.757257962374084326e-02
1.096420423819416179e+00
2.553290954772311494e-01
-2.047401543169324184e-02
9.516040484891696849e-01
-4.783825122602663460e-01
-4.961025006353700362e-01
1.942628818366940180e-01
-1.270342394184940660e-01
5.603643623041978383e-01
-2.058470495926782440e-01
-3.653237443409729779e-01
-6.373680273349412173e-02
1.521163400033259949e-01
-6.241257627531296981e-01
1.117988382162267147e+00
-3.003631369420004527e-01
3.065277692452902381e-01
-2.566597064387289850e-01
-6.833011053719016958e-01
-3.317789991038547215e-01
2.213202173627152602e-01
5.577430229838618025e-01
6.018845062815255664e-01
-9.700677998707499250e-02
6.699954495100685081e-01
4.732013897826695820e-02
-7.451532550938019250e-01
-1.668264523248229048e-01
5.790510171270500939e-01
1.401005478179170871e-01
-4.282389702271199305e-01
9.633952822129820959e-01
2.612995686548080232e-01
8.485217220724503573e-01
-2.025629696780934519e-01
4.251584309314405674e-01
-2.635577525130055609e-01
4.052712079007559365e-01
-2.753611686287890103e-01
2.482824377528095317e-01
-3.452965296369298054e-01
-2.784191550632045264e-01
-2.965087582442658132e-01
-3.359436879089113814e-01
-3.977141858317471690e-01
4.172383064015994930e-02
-1.851857420279193478e-01
-3.128219992287405438e-01
-5.394526501756652381e-01
-2.000286193347857178e-01
2.405012998633830335e-01
-3.729570631887659665e-02
-2.324418489317369996e-01
5.509393697867547290e-01
1.120418151260314632e+00
2.124913134711706453e-01
9.642683483438923009e-01
3.043520094105411911e-01
2.286962400905916404e-01
1.855982137723493630e-01
-1.498034044132664222e-01
-2.897801595581281919e-01
-4.396439448477386103e-01
-2.044765110874494432e-02
3.030877616413859554e-01
3.898467009338286715e-01
1.300353486294465677e+00
1.749949999900989039e-01
-3.394914938620154365e-01
-6.574735380915119887e-01
-9.195939575289645979e-03
5.635916318001127356e-01
4.268955915344268548e-01
-3.300297454047007584e-01
-4.977186012933511594e-01
2.831674204421424923e-01
-5.113996664273125908e-02
8.070858550105657059e-02
1.420444156553002601e+00
-2.877628738588869362e-01
-6.445534583261857131e-01
-1.447382386400850873e-01
-5.523471208015915401e-01
5.141911467975209815e-01
1.241728920079926191e+00
-5.241758904284024578e-02
-4.678626893267801012e-01
-5.522282791167382188e-01
-1.696281312273237862e-01
-2.543931418776845810e-01
-3.744301452981509404e-01
-5.912060937683645268e-01
-4.991508213840991637e-01
4.846999819583007740e-01
3.124696071337138004e-01
5.360376851963425393e-01
5.144383585471178355e-01
2.129735025960908246e-01
3.042485100553745658e-01
-5.064284919004953256e-01
-5.549783804939333043e-02
-3.663939139834478803e-02
1.857169317257528762e-01
-6.314928962818094384e-03
1.001883429840193414e-02
4.922668399699769992e-01
-1.204630993232264913e-01
-4.802291264338074406e-01
5.410322933614646335e-01
-7.101459336985295190e-01
-2.135736953330526489e-01
1.076192814687096933e+00
-2.947609652107360811e-01
-1.031863100052400339e-01
3.808239875178673350e-01
-2.812050320677841886e-01
-6.058318249987481030e-01
-3.017750859645374484e-01
-1.330935082352247834e-01
-4.013662242195404350e-01
-4.028629047856264189e-01
1.117301278876500881e+00
-1.212575540986638584e-01
-1.714830386239550031e-01
1.773194878709516767e-02
-3.220865330465151610e-02
-7.952549804972518510e-01
3.721391021110498909e-01
6.573097226722108832e-01
5.615560992550477915e-01
-5.775211483718614147e-01
-1.106774395230512298e-01
2.447413834763026153e-01
2.641872783959578475e-01
-3.580828662971180520e-01
-4.672157953588926826e-01
5.314999473409410813e-01
-3.841912658878955389e-01
1.125845306613982633e+00
2.347849246041824045e-01
-1.358577641744900810e-01
-3.740134374107911136e-02
-1.940863683544233331e-01
1.159007526099913171e-01
1.101818979009718591e+00
-2.041517893065091516e-01
1.656960352435528361e-01
4.316866544939253481e-01
7.418840161096126873e-02
-1.936576240260430570e-01
7.705500122427845211e-01
-4.434335690968465443e-02
-3.689734747423515926e-01
-7.016867034157603378e-01
5.234421344534112563e-01
-3.708818409332296229e-01
5.511571395247641947e-01
-2.682129104228180849e-01
6.520073569898027221e-01
1.010981310391124488e+00
2.210177956586175385e-01
6.769781605395590596e-01
9.536748564900636715e-01
-6.672850021294570722e-01
-2.417600252361183366e-01
2.346974092622803321e-01
-5.980457115993569328e-01
-5.180077619894455365e-01
1.446477385993701903e+00
3.972306256941804947e-01
-2.878868755412673508e-01
-4.214622103477834170e-01
2.767552197787371826e-01
8.546216908404230539e-01
1.045555594489717688e+00
-6.432796568696699802e-02
-7.097053077993239478e-01
7.544038768270587836e-01
-4.167625643490351917e-01
2.712654853334317551e-02
-3.505957379077304786e-02
4.169222600361429665e-01
2.016091601650320253e-01
-5.926534366967362022e-01
4.769781195728120538e-01
3.849787863453218995e-01
4.147389750339211534e-01
3.042406318102895413e-01
8.674522636971949974e-02
-5.854721629509797021e-01
5.708253684192499122e-01
-5.675234574539421706e-01
-4.478576443328275980e-01
-4.177834763640944082e-01
1.057262459239699082e+00
-4.054625723423556649e-01
-8.856949878393224613e-05
5.336503700024947811e-02
9.767997976203176558e-01
-1.526633875212636826e-01
-5.826097741218629888e-01
-4.580896967015519738e-01
2.708921685826868320e-01
-5.623564208288049926e-01
-1.757338625904390772e-01
-3.582056456762110486e-01
-7.989388720174251945e-01
2.052398875069798012e-01
4.645400785924793663e-01
2.275709886307583918e-01
1.995713782731033670e-01
7.146230213493061090e-01
-1.412759511112253452e-01
1.224612191888204693e+00
4.569186126061228759e-01
-7.539236031505089364e-02
-5.272375387851261364e-01
4.179401023087908618e-01
5.210902346474152735e-02
1.152824264798910869e+00
-4.221175453973026181e-01
-6.666424859294507455e-01
-3.568492555396984289e-01
2.752273040197764642e-01
2.404998873932054082e-01
-1.218318985612179967e-01
3.866225749095838493e-01
1.895696989660271559e-01
-1.574838978679462265e-01
-7.589722446291229385e-01
6.497223082171715847e-02
-3.325596667958885533e-01
-4.819729140160524672e-01
-8.969383025092647621e-02
-5.171690958102825864e-01
1.923556183205027137e-01
-1.449270207082876127e-01
-7.065179909875701769e-01
1.332732800833684950e+00
4.454841673118294099e-02
1.779069637857154341e-03
4.142379917958883412e-02
1.793145216426977884e-01
-3.339299611935643841e-01
-2.214877729168500675e-01
-3.654859859090892615e-01
-5.593750641925576694e-01
2.024505962143131332e-01
-1.587163024247932042e-01
1.350098608439660730e-03
2.457714334574740908e-02
-2.940763353765663557e-01
1.138593776971557503e+00
6.592612258916064061e-01
8.669829464937375274e-01
-2.174699101982452421e-01
-3.638259676754814209e-01
6.720544145088258592e-02
1.488840151961781655e-01
-2.837692822991176866e-01
-7.976225972615250126e-02
-5.542906483869993739e-01
-2.576123998142299532e-01
1.084368603083826432e+00
4.825533277565463575e-01
-4.607430149472281911e-01
-1.421982431767332966e-01
5.189170646121052943e-01
-3.502216260374872991e-01
-3.269592380285065158e-01
5.815670908123952154e-01
5.032906271585505520e-01
8.036062405423051169e-01
3.566836073158359821e-01
-2.071754374036205437e-01
1.292461076795978103e+00
5.762210378520308263e-01
3.439128297024235392e-01
-2.796446636331044178e-01
-2.424341527398989060e-01
5.518600542324668679e-01
-1.849413717259598688e-02
3.941658372235927639e-03
3.784671337721238760e-01
-5.164756755614526851e-01
1.091849531718633415e+00
-3.833934107506615785e-01
6.549670807199110545e-01
-1.789375627128846069e-01
2.440031923855346396e-01
-5.070656682984944208e-01
-7.676720495964767244e-01
-7.204469507813353324e-02
6.118620037612974016e-01
-2.591216894035284213e-01
1.193181298698117315e-01
1.749996517748413430e-02
-1.471174389456786358e-01
3.422230212569462582e-01
8.196406244501974747e-01
3.303223245465609637e-01
-2.578355865900253119e-01
6.441015259991143826e-02
-4.546884624432229183e-01
-5.013067299240251407e-01
4.222180670007337766e-01
-2.735424396210346942e-01
2.977180686955557265e-01
6.783462245625732079e-02
1.471247074097636887e-01
-1.369162233511140581e-01
-3.163995392858103828e-01
-3.895605620207370223e-01
-5.262025619217017280e-02
1.694096402696859405e-01
-1.869900396326275999e-02
-5.464716484822038783e-02
-6.919951829704137358e-01
6.786515258318691624e-01
-1.688017262059570978e-01
9.364044411442941085e-01
-3.204076820908636214e-01
-5.110615789003674081e-01
-3.705564609187688152e-01
-4.820559241229818159e-01
-4.327394991949715108e-02
2.760396958948082569e-01
-3.162063379586674272e-02
-4.042187501742155464e-01
3.372082837147034606e-01
2.139469717383578051e-01
-6.802918717381050140e-01
4.608613643571343732e-01
8.784150753778103837e-01
-7.266704126406861031e-01
9.423822863339231803e-02
-4.993023464099118902e-01
-2.059769964143967624e-01
3.909242112487230636e-01
-6.619182735167227216e-01
1.336089422986851127e-01
1.195799520488132900e-01
-2.653785130316764843e-02
1.197389233883692894e+00
2.618345755043176015e-01
9.156735447021893681e-02
-7.588188584942612280e-01
6.230037284618671345e-01
5.658806983537677526e-01
-2.222459282618088061e-01
-6.080659792344725867e-01
5.032907344232440128e-01
5.399012939308175385e-01
-3.224928264917484300e-01
6.617208622124984840e-01
-5.328509919503336967e-01
-5.510337766656792091e-01
1.178921079897367941e+00
6.403278261794430604e-01
-1.078069954747091913e-01
1.248973524231998367e+00
1.325707269927909548e+00
1.044441964978862769e-01
-1.415813709773283413e-01
4.101659414676867010e-01
1.159226118999069355e+00
1.015816177077780269e+00
-8.378770209331795060e-01
-3.320048943140171405e-01
-1.272837423006500657e-01
5.145482841745050440e-01
7.182324176317155251e-01
3.836592998425526480e-01
-3.650929954093772301e-01
-6.597230682479306996e-01
-7.921315141571412533e-02
4.334193312805835752e-01
4.604347141367123170e-02
-4.463527729527884402e-03
-4.378312696434812357e-01
4.741780289940464854e-01
6.210393884097584749e-01
1.463620300191011692e-01
-5.467098464070345443e-02
7.781665351712016565e-02
-6.574514507303229616e-01
2.009861739944241443e-01
-2.041754939524809409e-01
5.505365411499211215e-01
-1.985882950975396688e-01
6.119087814224501987e-01
1.974741477345266505e-01
7.276563807781296633e-01
5.537730900022482805e-01
1.428048695582554428e-01
8.544670805551658477e-01
4.751001470933180482e-01
-1.778021844100658444e-01
-4.085874339586723081e-01
4.612092174348702556e-01
1.607806195911726244e-01
2.008011309266752864e-01
1.351462981835402699e+00
1.239186893095920450e+00
-4.421052666536313125e-01
9.936587381980764855e-01
3.826591842592446113e-01
-2.276894465572232296e-01
7.957253629025458075e-01
-1.196742414452105774e-01
-1.097109275305564215e-02
2.147327559030421384e-01
-1.335818352383740526e-01
-9.032214526549874056e-02
-5.690501406907765292e-01
1.445529216911975778e+00
-2.489037686098609370e-01
7.137817697669258943e-02
1.469642556127919164e-01
-3.587995507879272461e-01
-3.182480396665266498e-01
2.083915507871453021e-01
-3.625990531372610404e-01
9.543048592977984024e-01
-5.026157348450922546e-01
-3.746162427532831463e-01
2.965829927888519735e-01
-3.818118332503908641e-01
-3.802921612111105909e-01
-6.173812133895679732e-01
-5.511384437435155881e-02
2.021504245116688137e-01
-4.461993255319110507e-01
-5.437566021768025504e-01
3.281767596534235776e-01
1.564967873565449585e-01
1.354055397646919123e-01
-1.732990054272780800e-01
-6.401767943801746075e-01
4.404146456312793001e-01
7.921007345155752777e-01
6.418540060950350679e-01
-2.975547434573649341e-01
-3.327948643046338417e-01
2.263248371879384435e-01
4.338528432718946615e-01
3.629254956471341526e-02
-5.141556353945389308e-04
5.939737332052210661e-01
9.742125319582506382e-02
3.692781475204766073e-01
9.134906549870392967e-01
-8.115807256391081859e-02
-7.385968366099584514e-01
-2.191370489153961487e-01
-3.043599499500267980e-01
1.007540944693336160e-01
-3.784772451800362814e-01
-8.751508114084435852e-02
1.041204307284405647e-02
-2.606026863769620450e-01
-6.973636671012830579e-01
-3.542344994343197273e-01
-3.218015901701886672e-01
2.026222623582150106e-01
-7.229019198758923626e-01
5.537147157179407309e-01
-9.824318713696476857e-02
-3.318157014397725701e-01
-1.011073185682534875e-01
1.867376876314315037e-01
1.222533963712377991e+00
-1.239058321003260049e-01
3.984270223721677606e-01
4.945816260729020142e-01
7.941972881405954254e-01
1.749134130640349338e-01
-4.385355495152378769e-01
-5.360473071860920591e-01
-4.211064882981749857e-01
1.284157560891074634e-01
-1.852830594338170933e-01
1.423722040126833122e+00
2.163272959381161709e-01
-1.224534052587563093e-01
-2.935273115332008298e-01
5.708328863515627072e-01
-5.889510458773548063e-01
-5.527764443869753741e-01
-2.411001237275562370e-01
6.853143873662135288e-01
-7.352957455603387205e-01
-7.276556454090682413e-01
-4.761171467663588008e-01
2.184795909117323853e-01
1.346894249035556490e-01
-3.740288136562268662e-01
-9.630145901936368324e-02
-6.133932134100632538e-01
-5.035767136138196154e-01
-7.951317836716103038e-01
1.616835721201695733e-02
-7.930059652489125643e-02
-1.570445218691792488e-01
5.547782629350218875e-02
3.481402586721779602e-01
5.467043228415805478e-01
1.292473102232764459e+00
8.275291331215973711e-01
-6.130206587793708417e-01
-1.160810946565758867e-01
-3.282070663583355752e-01
-8.604789200322829901e-01
-2.000784149944493939e-01
3.813195856369046566e-01
3.572663521555852761e-01
2.910354463006166181e-01
6.498927404917966832e-01
-3.876997996336857266e-01
9.845340476014163844e-01
1.138510493645043198e+00
1.374904664969731405e+00
1.131183469197596825e+00
-2.944027974223076827e-01
-4.635500093602591964e-01
1.877694398775134939e-03
-3.001717077479705842e-01
5.305732531127206331e-01
-1.942396982140091877e-02
6.060083383334907703e-01
-3.009905609736348575e-01
2.289831091626417237e-01
4.240888638803520794e-02
-2.370431767097630205e-01
2.766660545140465777e-01
-4.014371875760732178e-01
1.253097546137362128e+00
-4.711632018322602367e-01
2.206105893994415174e-02
5.305742908168151889e-02
1.191952696758922681e+00
3.010367999778231288e-02
6.979851861803675339e-01
-4.417936924753103622e-01
-7.613685279081687518e-02
-6.386494751454335761e-01
-5.273669668854471526e-01
4.148126480944051564e-01
6.126903979047234466e-02
-1.883949547426869708e-01
7.802969460191738760e-01
-5.345844379300322691e-02
-1.076901278377380283e-01
-4.173258703193307717e-01
-2.584659701197966064e-01
-3.685070526089231358e-01
2.223924169551065033e-01
-5.824298648581409388e-02
3.265972441051355757e-01
-4.997922126354597538e-01
3.624528220240208487e-01
-2.821615773547481165e-01
-6.290743777878996523e-01
-6.757743400227467223e-01
-5.313934561783936195e-01
1.589044830578048240e+00
-3.177466044340899187e-01
-4.314601927592419117e-01
-2.047149957957826449e-01
-2.690371082081517984e-01
-1.840050085931224308e-02
-1.512664943744835011e-01
-2.074296497468973710e-01
-4.525578979585093697e-01
-4.370503409312718746e-01
-7.532352638718911586e-02
1.010184058927658057e+00
-6.053029256507500011e-02
-1.557710386015946635e-01
-4.947618548312515130e-01
1.229177130049625699e+00
-3.420038885883140700e-02
-3.326761826852997483e-01
4.503081858439338947e-01
-3.289353378824020346e-01
-1.403307460803040752e-01
-6.677802225459810170e-01
8.442197450599321640e-02
-2.917333138440190710e-01
-6.468780070923541015e-01
2.199241672065560815e-01
1.532804935407866775e+00
4.308840277278477293e-01
1.562224501119200415e-01
-4.690149672384472668e-01
-3.154094664298016659e-01
-2.648804288798321527e-01
-5.578362532137843416e-02
-6.036721559353465105e-01
-4.521394477787663568e-01
-7.586334143927977447e-01
-2.525453313969051594e-01
1.211083549098591838e+00
-2.408275219655408583e-01
-8.021124874965195051e-02
-2.076168689878501172e-01
-5.182724431701734025e-01
3.118172854648286821e-03
2.597367492530927580e-01
2.255764149826362808e-01
1.080683102806352824e+00
-1.374038065956854349e-01
1.381941245315356226e-01
3.974745903922110024e-01
2.405098458149552143e-01
2.162521061587153737e-01
-3.479525664981496513e-01
-2.200205370964689044e-02
7.948658497907463982e-02
-1.303041850526491241e-01
-7.766341076163697510e-01
2.861281341586134341e-01
7.272069516220439622e-01
3.259306597448288767e-01
-6.222341182920181346e-01
-1.591408344649836160e-01
-2.793761396403384722e-01
-2.658596629690123114e-01
-3.575362123193370767e-01
1.088916271592489382e+00
-6.043311330947855747e-02
-3.166619912572139484e-01
-2.399328053723885634e-02
-5.608567312270834604e-01
2.133478299510336573e-01
-4.320991253639810403e-01
8.243253767086389239e-02
9.775832855150536904e-01
-4.574659417910314496e-01
-2.561873342617687621e-01
7.139224963801973356e-01
7.198382918326122759e-01
-6.939892098813786880e-01
-5.520618796504366266e-01
5.597460168743135789e-01
-2.806549303629628511e-01
3.217866232505889879e-01
1.585719463077810976e-01
1.171113481768940145e+00
2.983656351254304617e-01
-2.863823066549450735e-02
-6.685737065393566603e-01
8.358550438257593695e-01
1.071333879226704200e+00
3.505235108374362141e-01
-2.527063474066415516e-01
3.427294799737488629e-01
-6.765342355994992118e-01
1.007069879346917940e-01
-1.329700536212258533e-01
-6.370110388039985638e-01
7.632046408977489760e-01
1.421748697642128134e-01
-2.762892296781198076e-01
-5.190103085511685865e-01
4.515642154494531879e-01
-1.490475297516689057e-01
4.155096407765900834e-01
-3.054595215592205149e-01
-3.790119291717416461e-01
7.954847198822678767e-02
-4.839068634129665702e-01
3.221484441710718571e-01
-5.020047241647185299e-01
-2.489276771376518482e-01
-3.253207228235689974e-01
-2.530501629534815944e-01
-5.413616487050704196e-01
3.973102498522168013e-01
6.328624992557839724e-01
9.517965431326481235e-03
-9.018791494473457626e-02
-4.741704322020670603e-01
2.782870167611916634e-01
1.260967847226178273e+00
-4.397073366401334504e-01
8.086008994107315995e-02
1.300913319502628118e+00
-6.459477717064987523e-02
4.341215080780713720e-01
-2.086560746109733244e-01
4.049716722634492255e-02
2.190372702204397282e-01
-1.133893625156616042e-01
-6.239476537648728227e-01
1.308880038970297033e-01
-6.914408642198996424e-02
-1.428257064755577288e-01
6.630723971325203081e-02
-4.046934897509791851e-01
3.536002750122737015e-01
-6.341323340467407421e-01
3.192571116022684952e-01
1.170985452527246867e-01
1.238830521279479902e+00
-5.737140363615105265e-01
-3.865468245446428419e-01
-4.049122430580378018e-01
-7.190022913160497575e-01
-2.686393080603750039e-01
5.168566194274800685e-01
8.319143924494614151e-01
-5.335193343295526747e-01
-4.932220037219010034e-01
-1.473348089792008986e-01
-2.207049171656735032e-01
1.167412316171546172e+00
-1.288478107192894129e-01
-6.051055524902462235e-01
6.758141436904033239e-02
-2.482681782773937529e-01
-2.510952853437707355e-01
-4.575812807636983059e-01
-7.143601757947781739e-01
9.750908963282569619e-01
7.148394354907257053e-01
5.042974489298556184e-01
-4.569360884122757871e-01
-1.437360361984838242e-01
-3.186965789745001554e-01
-1.429605800039779329e-01
-4.714960035716111997e-01
5.842361198373240416e-01
-7.699114905520628716e-01
5.519227020456460853e-01
9.330834035734434373e-01
6.804041210636818660e-01
-4.724002302685667565e-01
1.997029080539133514e-02
2.598666861916259507e-01
5.722287462975477190e-01
-4.132168978872514664e-01
-6.196112832275317839e-01
-1.976831294973447062e-01
3.099300509551519700e-02
4.654652738155210523e-01
-4.403502458946406128e-01
-5.699033489313120038e-01
-7.345938051505646049e-02
-2.328245685104312623e-01
-6.646416079970590696e-01
-3.335225402281289386e-01
3.153613085343298095e-01
-7.684397228607240393e-01
-7.377174915407490319e-02
8.008003523076491215e-01
1.286408331401333038e+00
-6.052769057435990474e-01
1.885751988644085442e-01
3.962405575394528090e-01
-3.491151637306481176e-02
-3.352707790848445391e-01
-5.925673213025854126e-03
-4.503651925576857562e-01
-5.898681158307660377e-01
-4.505741821989893148e-01
-3.434669089672376385e-01
-6.908191496029121303e-01
1.292396277201970145e+00
-7.207260522205145570e-01
-6.242776852642141217e-01
-1.950034140499857793e-01
4.898971675369209189e-01
-5.224094717319762715e-01
-1.954326635232181975e-01
-2.046536068817676191e-01
-5.249556428483720394e-01
8.186825475003420838e-01
-2.816709171521293298e-01
-2.398409363788766568e-01
-6.850723504897533456e-01
1.054918365641359934e-01
-1.132249840722009404e-01
-2.840859950972631220e-01
-6.279261579037201946e-01
5.429234666946355370e-01
1.596740789137003125e+00
7.146616562068517364e-01
8.271831119111340280e-01
4.715809564186814740e-01
-4.412462722817452887e-01
-2.007272404609060645e-01
-6.976462073070914816e-01
-4.988354808260887507e-01
-3.653548435034488229e-01
-8.201201430952579363e-01
5.668025538840635313e-01
1.517803589991737201e-01
-1.641648373660925253e-01
1.109415202946501255e-01
-2.655844677545710075e-01
5.668446621480676129e-01
1.469824210730115155e+00
-5.833011399285479293e-01
-4.809528057344711893e-01
-7.230282975425337266e-01
-1.652504927948261204e-01
-3.513906570621199710e-01
-3.164058431981497388e-01
5.278362177309208203e-01
-3.158158733545241570e-01
6.512024803950838825e-02
-2.713828889763924557e-01
1.912439837669478171e-01
-6.071420799332649665e-01
-3.005564113306692375e-01
-1.977229289938406132e-01
1.336152794206788355e-02
-2.320105473690920739e-01
-1.341765058539952371e-01
2.399874537593856549e-01
6.072668209833720354e-01
-7.457821571909730718e-01
5.581956886716197275e-01
-1.670928141864245764e-01
8.082981881631767784e-01
1.138150179411587581e+00
4.591572197471848193e-01
3.066385777781832633e-01
-4.599967452441428017e-03
-3.670957867703651956e-01
-1.551804484908988757e-01
1.250185063531465135e-01
-4.733601629449745718e-01
3.396776165699014749e-01
8.174194194433344052e-01
-3.955741655471325391e-01
5.806157917108075717e-01
-3.205221562836903515e-01
-6.409655822233935041e-01
6.434101782265468916e-01
1.342748970099486794e+00
-3.804086636207307803e-01
-3.455490818082384563e-01
-1.991349238697775748e-01
-4.494530677026181142e-01
-4.380058743986355863e-01
-4.683950082475603627e-01
1.611866258671880991e-01
-6.580935957491570454e-01
-3.379339018032831432e-01
6.115859097109536124e-01
5.411707903323982327e-01
-3.971683958375215040e-01
2.674267099605817655e-01
1.388503596806881291e+00
1.332847634366683520e+00
2.139866993890885971e-01
-4.245658266646601398e-01
-2.366780206880529647e-01
8.244813725950239647e-02
4.250593085114127284e-02
7.045764100782245243e-02
-1.544844985149826933e-01
2.058893312853802005e-01
1.091546135811979346e+00
3.628686075975756098e-01
-3.351333307160447306e-01
1.222608734384327489e+00
-9.613223339409267265e-02
3.298472451819989826e-01
-1.548216210734352227e-01
-4.477247733257554985e-01
1.482837231314172999e-01
1.116091810488999414e+00
-4.214236911277534081e-01
-3.228307817785218137e-01
-5.514792267004359205e-01
-4.812545691949917104e-01
2.081162507128900829e-01
-6.204010796566172825e-01
1.250974177964338796e-01
-2.162452024217299540e-01
1.260716674621381594e+00
3.812867247597327425e-01
4.226089741703675795e-01
6.060846582365517765e-01
2.623871575003664317e-02
-4.522788617887179563e-01
-3.233266383327577653e-01
3.558265028820117304e-01
-2.905322226127284302e-01
6.526637953850954188e-02
-7.262167651251101308e-01
1.091058816530118269e+00
-1.423599803232431793e-01
-3.922959511939764221e-01
3.195492819385801764e-01
6.084041694339312745e-01
-5.657060288775169754e-01
-4.728202797980008421e-01
-2.567885741869647687e-01
-4.011349674056157166e-01
6.934548977724047658e-01
-6.758043496323195010e-01
4.207143625064618808e-01
-2.544334841129792801e-01
5.804253826226731805e-01
-2.811061746667162242e-01
3.698797527944656660e-01
-4.482096071001964166e-01
9.144619569503255330e-02
-4.099608012556304470e-01
-6.278340749902552309e-01
-1.554824502654942320e-01
2.538986159531894660e-01
5.689073033493233789e-01
1.190284839959269564e-01
2.551381401178727248e-01
9.262684889215692108e-01
-3.654870061410304127e-01
7.936388923815655971e-01
-5.206700027936350672e-01
-2.182157448203958239e-01
1.231262527570223773e-02
-5.812524787577993957e-01
1.318880047443794057e+00
-3.917112362230438793e-01
-1.466654901845343417e-01
3.265042954949199383e-01
2.039483901040506364e-02
8.634733524979496533e-01
-2.810858073854222150e-01
3.420106144369536305e-01
5.174900348259198202e-01
1.518177089369692645e+00
2.222492671661172314e-01
3.563796057715926113e-01
2.829929098507552032e-01
1.340404869231928586e+00
-5.015619145981730503e-02
-4.085359502309028334e-01
-3.911952994857360588e-01
8.598631821757050930e-02
-3.831594078104628986e-02
1.571612309951941233e+00
-3.650334349978793802e-01
7.237962983446385445e-01
1.989373837063911910e-01
5.243806334589643514e-01
-4.382169452039451629e-01
5.682085873623270861e-03
-2.345451788074140176e-01
4.522539687010526666e-01
-6.858893691187247788e-01
-1.545870118252234970e-01
-2.251774345750692796e-01
2.703414651055283668e-01
6.003654458984364339e-01
-4.943068095958869645e-01
1.120987563123656328e+00
4.204527703126089144e-01
9.168117102686391684e-01
-2.767613148706714044e-01
-2.353428747502112062e-01
7.661797486537065272e-01
-6.114552500429067949e-01
5.911701216977867102e-01
-6.992149286406740272e-01
3.538912377051280922e-01
9.223161725682930967e-02
-2.617835066590855631e-01
-2.944156498929360599e-01
2.775270802834278738e-02
-6.440540391381591734e-01
2.246857231225877216e-01
-1.057277420995570011e-01
4.971974198001606338e-01
-7.080299354435540815e-01
-1.977372090022171958e-01
9.100838667110239255e-01
3.140960706755301923e-01
-3.523119200635346782e-01
-4.718108205814350864e-01
-2.182786490600241713e-01
-1.644675485943825344e-01
-2.516640633421156070e-01
-3.451132781764825186e-01
1.289214206506542337e-01
-3.526550445348667906e-01
-4.741955868830499132e-01
5.129770378089053562e-01
8.540377720919264948e-02
-1.031984403058485988e-01
-2.301975343016199882e-01
3.950010826235922368e-02
-2.207486650977767417e-01
-6.387230359743188979e-01
-3.553810559918154643e-01
-4.229196750237223523e-01
-2.261096535598599022e-01
-4.781479407796473957e-01
2.537682099643852052e-01
-5.021842056182610481e-01
-4.204254982862445367e-01
4.293112628595280311e-01
2.209876957399534436e-01
9.158188639840482148e-01
1.383877530199499661e+00
4.270537535811734786e-01
9.379524948829002229e-01
-2.086962855458230071e-01
8.828054998254052377e-01
4.176369814406049596e-01
-5.227266476486427393e-01
-3.047241742638324702e-01
-1.355538900141760317e-01
8.327354912001608267e-02
-5.393389533705272854e-01
-4.703423631842959529e-01
1.328871843078061721e+00
-2.633841517071256466e-01
6.115205081179631019e-01
-6.384053726077991708e-01
-1.878956784636715283e-01
-5.999360184413563557e-01
-4.089571797434969347e-01
2.698642462652972029e-01
-4.999379882260339136e-01
-3.757931235398325187e-01
5.433519655532778048e-01
2.121284595539449647e-01
-1.953771507410115016e-01
1.237492070617627782e+00
-5.074824071401927705e-01
3.062464843211782917e-01
1.326155592643356362e+00
-3.960490212284438760e-01
-5.034902234701301577e-02
-5.438067211912973598e-01
-3.338002529464961232e-01
-4.718683422359542523e-01
1.239204179600137193e-02
-8.308809798002735059e-02
-5.959772985810897206e-01
-4.648883926407259559e-01
-1.322057839599753704e-02
1.483696488616363940e-01
3.595171362078325994e-01
-1.593958008195483222e-01
-3.782694797924602836e-01
-5.756177382959153377e-01
-5.094994046450185277e-01
-2.719455295888680013e-02
2.254276570921769085e-02
3.765395737566604728e-01
-5.387410338372553009e-02
-1.921244611001391434e-01
-8.842304976445935008e-03
-2.292061567377531028e-01
7.620484645634641174e-02
1.017998190100666056e+00
1.594700238157562566e-01
6.677227073923507339e-01
-2.926815523442791167e-01
-5.629776909554912168e-01
-7.861050761854011526e-01
2.400432904756637231e-01
-2.415379696692747380e-01
1.107661058457542202e-01
1.001037442509867675e-01
-3.242342647950722245e-01
-3.083948497438337988e-01
1.346777768073645631e-01
8.607011600889697966e-01
1.403414578799613670e-02
-3.122941692003998182e-01
-4.921780685401127425e-02
1.121818312442670468e-01
1.110187123249302799e+00
-5.174847089780563181e-01
4.958593670996587210e-01
-5.084750280468828265e-01
9.785396368555080437e-01
1.384444672333855042e+00
-3.313300612391125166e-01
-5.671585242772670954e-01
1.728017031798495806e-01
-5.997947176770092037e-01
1.296856347338647186e+00
1.134901148746505051e+00
2.942929019229789667e-01
9.320763715386508608e-01
-3.325907067630236580e-01
3.253676753096736984e-01
5.786956717758071633e-01
-1.409675309294398382e-01
-3.207227648243240470e-01
1.327159118821972517e-01
2.233941649895918868e-01
-5.829395884634911429e-01
1.196748573515604042e+00
-4.432791652335984489e-01
-5.519264608110620030e-01
7.221685865874711840e-01
-6.606121669917327521e-01
-4.799031616174378456e-01
-2.078287884039062561e-01
-5.219819728283702220e-01
2.022221403423895281e-01
-2.029334233515190100e-01
3.625673220271338204e-01
2.264547747787583054e-01
1.458602913282907032e+00
-4.584620954702158802e-01
-8.594082122531588874e-01
1.293183658927148372e+00
3.622962882388634509e-01
3.607480092382969183e-01
-5.942481923785903897e-01
5.784842105901977227e-01
-2.797532415915709447e-01
-5.933752250304805687e-01
-2.897890987858704470e-01
-5.044729788368546020e-01
1.578105609718699898e-01
1.415162704682411121e+00
-5.060832474590225560e-01
3.222176834672648565e-02
3.408212506775379902e-01
-1.907406727871854002e-01
1.287830843185928664e+00
1.056225625860558015e+00
-9.858846540108444356e-02
-4.761344280958642594e-01
-1.105795696112629178e-01
-4.495873991234222156e-01
3.885720568073263159e-01
1.129027993460681722e+00
1.225879501923229781e-01
1.054126083712412232e+00
9.488694622001433432e-01
2.162523372154783949e-02
-2.970702656332712133e-01
8.105260574083891223e-01
9.612283961246951280e-01
3.635182605822245838e-01
1.025616217952449061e+00
-2.514106803085848219e-01
-6.646853277138083937e-01
-4.030349477280049109e-01
-5.904932345172683172e-01
6.460982351847387173e-02
-6.834855889230632142e-01
-2.621869586461190171e-01
-1.302032353952706778e-01
3.675288278384003515e-01
4.730997300382248638e-01
1.381600217853202306e+00
-7.970316119782556719e-01
-8.007118100567599955e-03
-2.963649861486672976e-01
8.916411307109459172e-02
-3.455588629946351742e-01
-4.203302545798447976e-01
-7.756690612456089706e-01
-3.952611590821537568e-01
-1.507609564861309322e-02
-7.143515665585939978e-01
-1.423673312979317762e-01
3.983197601345231931e-01
6.653699919633705717e-02
-4.104275528768532855e-01
4.327392667131160775e-01
-6.742257425685754813e-01
-4.915990563064649987e-01
-5.841842024393479882e-01
-9.139645052715492102e-02
1.991385598650625144e-01
7.017774764057187475e-01
9.738022931119300063e-02
-3.963861631448634681e-01
1.825995468244227260e-01
-1.530740474215070701e-01
-7.029586451807654512e-01
1.800634629150239530e-01
-7.016695618411358804e-02
-4.212483436505711776e-01
-7.208946323512664678e-02
-3.906173937738843249e-01
-2.688725052404978277e-01
-2.682124878773554655e-01
1.021379350334011837e+00
-3.166820178805772601e-01
-1.688456052527156914e-01
1.308400932000701289e+00
-4.227435599563144075e-01
7.454625430476552288e-03
9.917303879958883073e-01
-6.530247289168640279e-01
-7.799812483724362089e-01
-3.442328837325515228e-02
-2.750740794510770915e-01
1.725780132681197232e-01
3.372184024265258984e-01
3.221566241445324441e-01
2.470533840584508700e-01
1.869827451553395248e-01
-5.368136976086187451e-01
1.352479124868142257e-01
7.365504949558785430e-01
6.088072856784128017e-01
1.889483570857979633e-01
-1.561067555864308343e-01
9.207842831951094098e-01
-3.699208732643756437e-02
4.765786570178063286e-01
-1.047095184480731356e-02
-5.099353138689065590e-01
-7.933672962600977208e-01
7.855946977319007152e-01
-4.467639284258331234e-01
-4.994590750071502966e-02
-7.387681964342832641e-01
-1.946257816544238739e-01
-8.048431623010231240e-02
-1.491701679852389106e-01
8.700055217297716359e-01
-2.747742636713252362e-01
5.933443323915319617e-02
-2.695197800644703601e-01
-7.868241759657488288e-01
6.810876996249990434e-01
-7.610750604867270175e-01
-5.124785863739633740e-01
-1.580557035463766302e-01
-7.465165139594585053e-01
-2.481059481893574392e-01
5.146753780622340679e-01
1.392326191206229691e+00
2.927969326861741828e-01
-6.295318175736321596e-03
-3.178923807705902882e-01
-6.096501420106368307e-01
-4.621650137422953497e-01
7.467845349406015965e-01
2.522470136134293828e-01
6.514858400714224930e-03
5.255140978111315364e-02
3.154032758660122449e-01
-3.662216626155687105e-01
-6.426081869699034055e-01
6.367339668959698384e-01
9.944964999938921135e-02
-5.795727581369166659e-01
1.811297281051975350e-01
-1.892348547439531570e-01
5.079536278490084378e-01
3.085287280699179346e-01
-2.714689736440535350e-01
6.400407371861608352e-01
-5.313856383999681077e-01
-1.999612908436639025e-01
-2.652021785541338605e-01
-3.764608204997432206e-01
3.749707237537962534e-01
7.373390076386016068e-01
-7.705273928131635142e-01
5.390605022958249171e-01
6.831904568538763600e-01
2.748102461188030587e-01
-2.565144505454751145e-01
-1.843218664652517269e-01
-4.016386850296939093e-01
-1.003608748077122609e-01
-4.293138658767413351e-02
-9.196911027060374055e-02
6.231659669316154115e-01
-4.696362799585157566e-01
-1.168219418863678666e-01
1.078474113503094189e+00
1.933891365573628396e-02
-8.456084062752733388e-02
2.860479258682807058e-01
2.945360247446631718e-01
-1.470874060909230230e-01
6.525070066838914995e-01
-1.307274406409001666e-01
-7.208970609891577341e-01
5.559243137672865709e-01
-5.219986087500960714e-01
-5.555745708557595641e-01
7.992917012541127519e-01
4.947668136981087095e-01
8.597401616696442872e-01
9.826559785460617924e-01
-9.921120635343519401e-02
2.287755420869398149e-01
-5.875031702869951827e-02
1.055706400838273495e+00
1.064855225702764953e-02
9.579685338554946306e-01
-1.982066344835035909e-01
-1.199266359813941085e-01
4.365519019199702311e-01
-2.485761864120750730e-01
1.517162280606570324e+00
-4.988097603910598976e-01
7.228248220363661658e-02
-5.611513431176210487e-01
7.856554905490724661e-01
6.810648522813350647e-01
5.512755042187331700e-01
-4.997557740859059350e-01
6.273879227721513852e-01
9.209224253861709661e-03
-2.146737205769571055e-01
-5.026693865184020948e-01
1.090788324802477310e-01
-2.357149755931076673e-01
-4.133889429828009610e-02
1.004183115243594271e+00
-4.844363589002859127e-01
-1.040809264013388274e-01
1.389436324046628701e-01
-5.860380920540100291e-01
1.487936988294517315e-01
1.212701634382531424e+00
1.417039078445067490e+00
-3.637756140679169747e-01
-3.188545574251947512e-01
-6.693220016649054083e-01
2.256679261988332186e-01
1.407411623694560632e+00
1.071478275744873060e-01
-7.341004668601308625e-01
5.975955056441875080e-01
8.089718214262998641e-01
-2.713650421637294752e-01
-5.312876936220861657e-01
-7.258948848399006393e-02
-7.408268787050560356e-01
4.507382125205803280e-01
1.459602967315629662e+00
-7.365313824944287324e-01
1.712992148152346628e-01
1.702899960348378539e-01
8.175621919347025868e-01
-1.153776113532479358e-01
-2.291093841052054270e-01
-2.614047723808583523e-01
-6.476206473302279498e-01
8.390945451013179235e-02
-2.129198123097328088e-01
-3.383043182862162657e-01
1.429040291182394340e-01
-3.684952429190754830e-01
-3.210153634672745504e-01
-1.367899915994907623e-01
-5.107826282961441811e-01
-5.770813987070114726e-01
-4.896345920083604586e-01
7.572110416009032730e-02
-8.325324793853949856e-02
8.367320268389664140e-01
-3.635378838493115716e-01
5.387206456347861522e-02
4.126204728617791084e-02
4.920056628171415869e-01
5.302582737426244641e-01
-2.356262507316346233e-01
1.115658384045350004e+00
-3.118695725414766806e-01
7.892559327717103834e-02
1.041185229037558502e+00
-1.389685787464325639e-01
-4.927392160457925996e-02
-2.559411197528887461e-01
7.654491299415605576e-01
-5.357685888170677924e-01
-6.467924353764445966e-01
-4.444149699969201506e-01
1.941055789831319656e-01
-2.012924589530917241e-01
-5.016446599087188291e-02
4.724264152026701469e-01
-5.520578364806628252e-02
1.348983671914074867e+00
-1.803883382946101233e-01
-1.548306107681814703e-01
2.436223781549599898e-01
-5.535614932703014635e-01
8.727085487822855425e-01
8.145549867666836974e-01
-7.560219901439758639e-01
1.065635231137570083e+00
-5.224595235572871976e-01
-1.755241335729684077e-02
8.601272656801972616e-01
9.651226783465374215e-01
1.222406321353081582e+00
1.150166533238536626e-01
-1.469071254731620924e-01
-3.042644921288479853e-01
-4.042282351272671881e-01
5.609433004808266759e-02
1.063807208810056526e+00
-2.480205668426279861e-02
4.534302330440607154e-01
5.700418194186447352e-01
1.861705815841772915e-01
-1.019997417799967526e-01
-1.627669768825231733e-01
-4.043661388396232459e-01
1.558889414273824936e-01
-3.514114380945290717e-01
-4.354696484979621585e-01
-9.844904538911285197e-02
7.587490197987292184e-01
4.297819180740709566e-01
4.755484471781221134e-01
-3.562913196057199694e-01
-5.474146352062434495e-01
7.721807206897949964e-03
-3.029070556142256510e-01
5.077463136327592386e-01
1.331847202537707053e-01
-7.594319078670557221e-01
-2.929251666099084161e-01
-5.829275821798175494e-01
3.298607462074280156e-02
-4.290838643942462283e-01
2.896151411344788928e-01
1.118201778807680347e-01
-4.965345337383071378e-01
-2.846507057737746593e-01
-3.594507738595944524e-01
9.664012516301999645e-01
7.227543788893829868e-01
-7.419965311462076718e-01
1.153386961554766638e-01
-2.359207767467122463e-01
-2.419516218844879052e-01
-3.110368113554436431e-01
1.193447395777764264e+00
7.709264940057070775e-03
-7.986478228273544699e-01
-1.742795485014079493e-01
-2.438796410802106518e-01
-6.312016597502890791e-01
7.480085189215719688e-02
3.974705739902514856e-01
4.562460869735049385e-01
-3.893938244803200610e-01
-2.887980204459252853e-01
-6.420474782870618791e-01
-1.749185302610835671e-02
-1.681260736645541487e-01
3.244299951493092027e-01
-1.073580589081115852e-02
-2.656591518054750023e-01
9.726398965669373273e-03
-7.095568657742787888e-01
2.055185718601405531e-01
6.281579976549854782e-01
3.462133648140010012e-01
5.391009328373328469e-01
-2.927954133879143717e-01
4.829209525891424160e-01
3.182602247213717761e-01
-6.318045982456653720e-01
8.389430307555374722e-02
-6.462191348711339156e-01
-5.823459199640154127e-01
-2.109277286551680952e-01
-7.120371512117028567e-01
-2.047115641671855626e-02
1.192132435095429877e+00
-1.364665508844316866e-01
-7.843423082219541653e-01
9.888674301900622632e-02
-1.380761363461799895e-01
-1.408921776646019086e-01
-4.932980384874497970e-01
1.257717431065157321e+00
-2.990208492481841521e-02
4.305901035427018853e-01
-2.808564288653590535e-01
-4.935416966797057103e-01
-7.850832975296175853e-01
-4.715947595569795481e-01
-3.071941056273374410e-02
7.594702574033729281e-01
-1.994157988521016722e-01
-5.735860420477395527e-01
1.473464356953897658e+00
-4.661044306664473558e-01
-4.104676868073890983e-01
-4.399935912547757733e-01
-2.791341827304146261e-01
-2.051042810005817840e-01
-6.436265165199802629e-01
-1.418580102436227675e-01
-3.664056206275509431e-01
-2.994399634827404344e-01
2.279158650551804666e-01
6.446698684870780793e-01
1.767545817536581299e-01
-5.148535059707779471e-01
-5.468278373203115938e-01
-1.854871542604254464e-01
9.631741248197692520e-03
-5.491242478482740719e-01
-2.405162479382683960e-01
1.431275576170566999e-01
7.702170069447025202e-01
6.061643974406062396e-01
-4.891974408276756042e-04
7.262370071760844148e-01
-1.640616968821568822e-01
-2.120366589055281137e-01
-5.929887913162529278e-01
-5.367757487143708373e-01
-1.377664163889277538e-01
-5.400770572678731396e-01
-2.571322233144045510e-01
-3.266648497486175362e-01
-7.346205036369195251e-02
-2.960012269127633711e-01
6.499695861864160928e-01
5.122893730391242517e-02
6.581072721064096243e-01
2.783106318107098076e-01
1.283020965371196864e-01
-1.761420027834050828e-01
-2.944498290914626670e-02
-2.181714361567133331e-01
2.043491590288819271e-02
7.048670574944865264e-02
4.594290039073131715e-02
2.955966615829402344e-01
2.259045225197709172e-01
9.387396562234789910e-01
1.090708243107069986e-01
4.103370956394787883e-01
1.236967560196377436e+00
-2.066030321920741403e-02
-2.817899399203288233e-02
-4.357433771173857551e-01
4.462084678570106266e-01
1.309125208702536458e+00
-3.913365921007849191e-01
-5.850371402034243440e-01
-3.706447367463451270e-01
1.365828435723576595e+00
-2.454382229500550738e-01
2.232877336484727637e-01
-2.687679565447442451e-02
-3.996436063472066369e-01
-2.651012681188073539e-01
3.190444486989624240e-01
2.063747931144253311e-01
-3.528216507149719572e-01
-4.269203674449716379e-01
-2.673845288472675996e-01
-3.945576280557397952e-01
-2.493586896121474661e-01
-2.212151509764191670e-01
9.576494091490354021e-01
-5.714692082441870102e-01
-2.394879267665851463e-01
-5.564519092937373346e-01
-2.804619530417434836e-01
8.755475157236941586e-02
-3.496292332830513994e-01
6.095777160551276719e-01
-8.434499285434932103e-01
-2.411630975296316648e-02
-1.821072480538101293e-02
-5.228507103217403529e-01
-4.302952106244222197e-01
8.443785283153798504e-02
-1.088995400684596576e-01
4.541063824192994036e-01
-4.952160369876091872e-01
-1.051636255968535216e-01
1.476904302752216624e-01
-9.607770108797167308e-02
-1.507142963915551470e-01
-7.151310231881434776e-01
-2.514169547903417068e-01
6.613193339946698002e-01
1.261775749027863824e+00
-5.189264735539912410e-01
2.099093624535190716e-02
-7.460714025881975964e-02
-6.266631918927199063e-01
-4.536205742169594490e-01
2.246784734577451370e-01
1.359756317601749531e+00
2.843923017294049393e-01
6.050714993535410979e-01
-1.388195054585217997e-02
2.172916034581393041e-01
6.903660379930963431e-02
4.320787094482287372e-01
2.081851445261011235e-01
7.780320713451333026e-02
4.423548578329260517e-01
-4.796386705325063060e-01
3.025059170122000318e-01
-7.210673431921121868e-01
1.048175340163060021e+00
4.720097766876337753e-01
4.916152421889151136e-01
3.807284023145897089e-01
-5.127887332159923872e-01
-7.196883660348726286e-01
-4.254403876515759353e-01
-4.143822727930863287e-02
-3.494676805296946243e-01
-1.867164704288347410e-01
5.653539872980319764e-02
-3.900225936036221253e-01
-3.108179066687796199e-01
-2.887243962832677924e-01
-4.085460821604979254e-01
9.713318811525585295e-01
-5.154271538180457135e-01
4.457003911325439494e-01
1.242903432720436463e+00
-2.951195910034609682e-01
-6.832125375659621191e-01
-2.705545891130346423e-02
5.403443444192533862e-01
-2.048397237043949604e-01
-3.017382820680267197e-01
3.911150636335905539e-01
-2.551049454656350579e-01
2.365567459916103898e-01
6.518234444800081739e-01
-1.601085381346566694e-01
-4.586880588387195479e-01
1.789781024061126158e-01
5.054954907366635553e-01
6.830002458741293858e-02
-1.997984114045068815e-01
6.940470434035933556e-01
1.538469051892504547e-01
4.048133288846739730e-01
-4.429875982246153088e-01
3.112666904541962487e-01
2.990795657430498355e-01
4.333701754565675440e-02
6.655669296947351599e-02
2.476450390401455925e-01
1.723712994651193653e-01
6.585091242334236705e-01
-2.919697838445253213e-01
-3.906830719779155192e-01
-2.260357932873297282e-01
-3.946045170163311466e-01
1.730449439508344178e-01
-4.477829502183335308e-01
-2.525905113002011593e-01
-7.083269072926402510e-01
4.541164825302759778e-01
-3.749113938357921394e-01
2.406393205427623597e-02
1.252279426795037454e+00
1.936657124827531884e-01
-5.059442582300737179e-01
6.602518152133621809e-01
6.028794991565933348e-01
1.405856740031777852e+00
-2.879232275611517955e-01
1.055916758339306982e+00
1.054744676757626287e-01
6.057390655939584034e-01
2.811331478206223200e-01
2.351989443497206622e-01
7.035612851779052268e-02
-4.840703168395600886e-01
-2.213711873362518012e-01
-6.856451389629426574e-01
1.395838201485563868e-01
-5.572509344897310646e-01
1.222639392526258112e-01
5.630860200202302268e-01
1.575482499975406070e-01
5.746465033373562240e-04
2.852598423176188058e-01
-2.928045652449355329e-01
1.047643816530600680e-01
9.277332158993559785e-01
2.113979435157503362e-01
2.265288531045092091e-01
-4.150219278177401661e-01
-2.513231000012529637e-01
1.142071664993548952e+00
-3.550256266826756213e-01
-7.457412917439353306e-01
1.806192797167821829e-01
3.624769181828683684e-01
4.242210729913611228e-02
-6.691003619746214992e-02
-1.408334762001284546e-01
1.093780504959262906e-01
5.250842823572920981e-01
7.869886603104021550e-01
9.839337012869312504e-01
-3.166402615990936142e-02
-1.658671824949000118e-01
-2.167339485282408218e-01
8.764676106607385275e-01
-1.115214455950233885e-01
8.951070125018129042e-02
2.352066230994268037e-01
-2.441152839586088752e-01
-5.130579474807352991e-01
-6.844273945473592358e-01
3.188638794305009294e-01
-8.663956059536465082e-01
4.240944813442110717e-01
1.369298709481897580e+00
1.655264051452633722e-01
-5.172657183041153850e-01
8.756811923940647224e-01
4.187795813660706301e-01
-2.194792909747873277e-01
-6.685675798314605345e-01
-7.912192047220713009e-01
8.717219099535892246e-01
-1.794439935696298116e-01
2.252044248450124075e-01
7.365250598893040568e-01
8.087868073270498837e-02
-5.366572243656084762e-01
7.217528264148453943e-01
7.892460273365903278e-01
-4.475944106386243737e-01
1.434090524330650762e+00
5.235036177449314820e-01
-2.236255024240695055e-01
4.484657512480909047e-01
-5.999240618998551433e-01
-3.054731504840056400e-01
1.072587760291872305e+00
5.028047492000280866e-02
1.466435997396343558e-03
-7.571794523375303676e-01
-5.512711981618069190e-01
-1.846365538364475034e-01
1.275538481459417062e+00
1.463055737325092531e+00
4.422977388008930699e-02
2.652171499072393246e-01
8.232756770540569091e-01
4.052689982802671897e-01
5.311617685648231113e-01
-7.122814996205583116e-01
-1.594325260922841575e-02
1.553584219080547113e-01
-1.761959320004194418e-01
-9.857574170359609256e-03
-5.087290987326804625e-01
-2.217026875637186090e-01
-4.470994476622033864e-01
2.693795913882912618e-01
8.256611425685674854e-01
-6.269638616011453669e-01
-2.135542600925838530e-01
1.101091295418492821e+00
-3.173643884278042893e-01
-1.616125978003196961e-01
1.224297013138637036e+00
-3.036765131316642718e-01
-4.204130864193497685e-01
3.148511762500609268e-01
-1.587662751242179260e-01
1.279610778552651373e+00
1.214052549520681576e-02
-4.192812911060168068e-01
9.817334004789673996e-01
1.951401226867376382e-01
2.559783332123383420e-03
-7.791157085167343954e-02
2.938860214810821714e-01
-5.983496268254951955e-01
6.200915691523725126e-01
4.302345802753713699e-01
-1.152560891626376732e-01
-5.018851740715476462e-01
-3.175989807679812094e-01
1.331333914638476612e+00
-2.541591671970804267e-01
5.157076006258414225e-01
9.855799098039118647e-03
-3.862282435753137122e-01
-6.613850205154043760e-01
-3.556336729529941953e-01
-3.828951943736006447e-01
-2.156840648113868275e-01
-4.153745427777723320e-02
-6.878696239758582687e-01
-1.727608218583586430e-01
3.952782700535162896e-01
-1.260253315816466935e-01
1.403227254398926593e+00
8.115667948952748345e-02
-1.522628674617248212e-01
-3.922086517560686714e-01
-6.391692222354447006e-01
1.769768416439479741e-01
5.111748710682754160e-01
9.410746901894641026e-01
2.521305361088889141e-01
5.818507014233327279e-01
-5.427892225139409055e-01
-7.433286582421271271e-01
-7.302733014346378670e-01
-3.920397366456527255e-01
3.129181555458773190e-01
1.530888708329352921e-01
9.394697012261981062e-01
-5.733521957573505246e-01
4.646540453596431641e-01
-1.443884506336946816e-01
1.433544230886515614e+00
-6.207829645995855961e-01
2.327404838831888811e-01
-1.878281519873036542e-01
-3.524157734922963581e-01
4.772895586338113394e-01
2.284791342923236934e-02
2.952702507808493970e-01
-1.884909239162111116e-01
-1.058855762772649423e-01
1.699417053623334117e-01
-3.160149449998901350e-01
-2.562824069377656055e-01
1.065642812155864982e+00
4.402454148025562036e-02
1.155671409614846823e+00
-3.708659371465731769e-01
-5.825005522443407746e-02
-1.163293129273695360e-02
-6.676249555068503039e-01
1.083469212638454637e+00
-3.419087204216573750e-01
-7.494028133208131548e-01
2.416607346995521682e-02
1.448334432862241172e+00
-1.147949359485751913e-01
-2.384414132776396245e-01
-4.026687156260724820e-01
-1.720449977065195979e-01
-3.687711749380670478e-01
-7.157490102473929028e-01
-4.674642201241315659e-02
6.652531664831025093e-01
-5.700942730415519133e-01
-2.704254954662640431e-01
-1.894839745348325388e-01
-2.748423349141194127e-01
-8.879047543943043019e-02
-2.012424001968715070e-01
2.517206288484800658e-01
1.117727008094393737e+00
-4.594524068988838361e-01
6.120093406255879831e-01
-3.903961560268242592e-01
-7.507054345975524567e-01
4.194360864149450085e-01
-9.442142834695156639e-02
6.692160222932805880e-01
2.633024420739655813e-01
-6.193421223875476833e-02
1.134947658324191311e-01
-2.222412735400069728e-01
-2.640712426125688683e-01
5.481835469710335529e-01
8.031369954494252950e-01
-1.726218716867406189e-01
1.393068174049447938e+00
-3.042407086281341821e-01
7.180468065291435199e-03
-3.072742331532005711e-01
-3.753822864963439754e-01
-4.685607242121088145e-01
-8.691040563697352561e-02
-4.581894829893575771e-01
5.359708402278151596e-01
-3.749085497782371212e-01
6.895788008768120869e-02
6.780193133130362204e-01
-1.129281833684684863e-02
6.040642406692796618e-01
-2.120959454964201907e-01
-4.279616236022563691e-01
2.290562523771831963e-02
-2.353061099935522260e-01
-1.887982989092006347e-01
-4.980795030539993951e-01
-1.860003902607713089e-01
4.445548750002586980e-01
2.586976437954993657e-02
1.458839937823493971e-01
1.113309744963863146e+00
-1.810786600650658718e-02
-4.550433026680992810e-01
-3.041905884675748517e-01
-6.305881919274416436e-01
2.376371300730909519e-01
-5.752892603453686471e-01
-6.427101347716714930e-01
2.515560318524187600e-01
9.924985707645084254e-01
-3.790617736142810612e-01
-7.058865084924190736e-01
-6.412377261312467436e-01
-4.441171812474327685e-01
3.705060768424232875e-02
-7.676516410455624939e-01
-4.217647168418244275e-01
-4.724823297382364506e-01
1.083041785271971147e+00
-5.240255174519031778e-01
7.816756369872355226e-01
1.559568362026587662e-01
-3.022296393027716910e-01
-1.766291005807307801e-01
-1.013283478108350788e-01
-1.342831870367874048e-01
5.625072968794706668e-02
-6.531867632415537805e-01
-4.710492899222993302e-01
-7.010087704924607144e-02
-1.924915688472118303e-01
7.574330562593009075e-01
3.549284016413850606e-02
-1.495927630711703649e-01
2.016726658725950527e-01
-7.421520086395735349e-01
-2.900026891531516382e-01
8.224918042157056686e-01
-3.082975639819336422e-01
-7.137390149931711614e-01
-6.796019720583120760e-01
2.009956143897528580e-01
-6.976493294799908096e-01
1.394981692702919607e-01
-5.690601147378712144e-01
-6.523360790250575247e-01
1.141525488806086203e-01
1.454805510221446996e+00
3.880689019777987525e-01
-2.222667581462000469e-02
-3.089809603812065930e-01
2.073941974738709726e-01
6.637438292807290585e-01
-2.196772138869092228e-01
4.552112587075853312e-01
-1.877256807211227785e-01
1.440648148347159763e-01
1.373399293291919676e+00
-6.676958461299564718e-01
-3.778486806667684383e-02
-7.071297238914611150e-01
-6.344108119212141794e-01
-5.954136507663122524e-01
9.887328284646995993e-04
-4.767437282241130947e-01
-5.829897402761798908e-01
6.299234458791457270e-01
-3.440269256708443080e-01
-3.536151970102522912e-01
6.734854859024728135e-01
4.222827920930803391e-01
3.493046987642787343e-02
-5.196991318106589652e-01
2.133552160971542433e-01
-1.571911585338225253e-02
-6.449927805440108797e-01
-1.051397494529967246e-02
-3.027132070445676670e-01
-8.662070674142025029e-01
-1.304629786824257065e-01
-5.083588123289997096e-01
-5.051423308238782439e-02
-4.791466486995971108e-01
6.256606329772245179e-01
3.944918725742884574e-02
7.121817962182580564e-01
-2.858994639224695655e-01
4.159594922995307198e-01
7.563766261909559141e-01
2.684735399135337874e-01
-1.823194134619399998e-01
-1.217980767385528074e-01
-1.921655045460538280e-01
2.352757743878175489e-01
1.216106008815277667e-01
-8.997442937927797868e-02
2.394266254395318108e-02
5.625996287132950524e-02
-6.493766121564198412e-01
-7.540007551947672804e-01
1.477950053115412832e+00
3.032557432656411422e-01
6.168666216817375592e-01
1.120047386860385297e+00
-6.526963788003846689e-01
4.031144720414636673e-01
2.191259623232783282e-01
-2.078525902255963509e-01
-4.398180723901998213e-01
-3.088658866412488657e-01
5.105346436181713576e-01
-6.297358951214893086e-01
3.454630210006536806e-01
4.048502983463871108e-02
-1.703137331224244821e-01
-3.687351585498329642e-01
-1.474807346639428196e-01
-3.735132730800380663e-01
-1.035136879778930930e-01
1.438121578660737088e-01
-5.030370284730818486e-01
1.361468763233573354e+00
1.450515191737786536e+00
3.667607382468328348e-02
8.054670833940540120e-02
-2.105731553364742492e-01
6.443959086730279839e-01
9.148866740890408966e-01
-3.933419605026207133e-01
-5.869462577994337404e-02
-7.075231757162599999e-01
-8.101643964271495468e-01
-9.497628647073499963e-02
-8.126232581737607985e-01
3.713475935919615112e-01
9.218915367659127336e-01
2.141076256332209160e-01
-6.396746426668806773e-01
-2.627541930784315638e-01
3.436606054994481019e-01
2.415548542998669501e-01
1.397028249625559493e+00
1.181167675418570429e-01
-2.038392032092771998e-03
-4.009134172380577343e-01
2.289027218165210625e-02
9.518832893681435092e-02
-6.727660921546613215e-03
-1.566877559450863822e-01
-4.273888925376932435e-01
-2.299210337437872231e-01
1.409232572050137300e+00
-2.224597260226389706e-01
2.180883823522238030e-01
-2.752896688462629429e-02
-1.227756171119489953e-01
1.235345513501680648e+00
3.988087669241255906e-01
4.863498071606420226e-01
-4.310125787366498318e-01
7.295185117063798796e-02
3.532599848336227810e-02
-5.330443740461394686e-01
-5.531758805221088648e-01
-2.299891220854949070e-01
2.546546738787269226e-01
-7.001939265448700600e-02
-4.523718117616109535e-01
-4.832866532997835002e-02
4.060559780128263352e-01
-5.342110504771206969e-01
2.198869990376110528e-01
3.319409513384052879e-01
-1.830000511433540200e-01
1.878478806499615517e-01
-5.656721931372199474e-01
-6.314290777913896813e-01
1.000176476833356087e+00
-4.752769233331890497e-01
1.954734929167505908e-01
-8.004102203957146056e-02
-1.981444114202593754e-01
7.744135150132536172e-02
9.680300872192152406e-01
1.764642696753227491e-01
6.560032915078901627e-01
8.635181727792182738e-01
1.741632233694869747e-01
-1.801074703687785550e-01
1.009576586192022507e+00
-4.712811471997027657e-01
4.211590210157421521e-01
8.229640796349050325e-01
-5.210174984989757174e-01
1.359923098479774162e-01
-4.381637358935914772e-01
5.453955658922891025e-01
2.392788054102523987e-01
4.594455005201411590e-01
-5.022892351487127094e-01
5.083277221173176756e-03
-1.813517235068365721e-02
-2.292922138114304453e-01
-6.819295778436306188e-01
3.943459203738788332e-01
-2.081945825736509770e-01
-8.752307686854604585e-02
-2.219505718776038916e-01
-3.269774067421074570e-01
2.219404648686063020e-01
-4.279458039938845992e-01
6.138379987210886013e-02
-4.326544245879949679e-01
-3.591737264462972479e-01
3.382907055434483667e-01
-3.571935246269108966e-02
-5.754032268935343336e-02
-1.550759789696301294e-01
6.429591756424285487e-01
3.639369147818808936e-01
-1.652942013048804004e-01
1.402120377468842050e-01
9.129910269817401725e-01
-5.963385564143572903e-01
1.284915075082269376e-01
-5.477039389970532746e-01
-5.583666324252345436e-01
-4.482364624831340350e-01
-3.820569665113881380e-02
3.653330917172912251e-01
8.736257895367637305e-01
1.432329006544621197e-01
-3.579952251388767714e-01
-3.690785977398089446e-01
8.737451772897137925e-01
-5.994020236102015620e-01
1.380618975144779770e-01
8.745002250917734976e-01
3.129824830006854020e-02
-7.370462688598558021e-01
5.490879273314998310e-02
-5.486075379388530848e-01
-2.446108238109592214e-01
1.451887767831465004e+00
-5.394510468898060518e-01
3.194983429280789239e-02
-4.864050144754924476e-01
-3.199003784552238439e-01
1.139819355996198436e+00
-5.863648202638687135e-01
1.534247360779845692e+00
-5.602101049015297818e-01
-3.780004611512705059e-02
3.038359861411144558e-01
-9.283068881144480866e-02
7.260150280102092291e-01
-7.511703069275992295e-01
-5.727493449401049874e-01
3.773547558512715949e-01
-5.374755210166742847e-01
-5.690877270946937960e-01
-2.616600460316327315e-01
-6.492706451314729232e-01
-2.892272819511049198e-01
-6.366588495957764549e-01
-4.243140716489638559e-02
-3.315229093049583131e-01
1.357845051133878822e-01
-6.831521398017124103e-01
-5.866748311796597948e-01
1.380545616896890371e+00
-3.263549531546363625e-01
-5.469008053803133818e-01
1.363085796877295253e-01
6.293605005337585823e-01
-7.743102936419728188e-02
3.481577020015438895e-01
-7.148359104584919299e-01
1.208069989681369583e+00
-3.354205046208860175e-01
1.130609637721334722e-02
6.427644179313219963e-01
-2.710118528345021316e-01
3.927334392251421447e-01
-3.042317192144849414e-01
-3.639527791379856825e-01
-1.263783474223277026e-01
1.147693961578069854e-01
-1.536085825111785652e-01
-6.984539699033535110e-01
-5.200170736420598461e-01
-2.397900955301514592e-01
-4.861412636241459473e-01
7.913632527771669034e-01
-1.627149695919559436e-01
7.189763940010072962e-02
2.612446951879726087e-01
-5.230439408517184585e-01
1.299977069204518720e-01
-1.863135275144188197e-01
1.367296934267669739e+00
-6.147585405831141880e-01
1.014410985203900051e+00
9.647415755443902730e-02
-1.825550227503239253e-01
-4.884772862461164156e-01
-4.023921221423279460e-01
5.512236593698578435e-01
-5.624404955828923303e-01
7.139629690769653259e-01
-5.647631658143881239e-01
-7.053414068740246345e-02
3.905115824124736346e-01
-5.428430373853043722e-01
-2.574412105692046593e-01
4.364151762652932476e-01
4.137279190238844495e-01
1.381385009666126651e+00
4.853612733596556206e-01
-4.220708605333979291e-01
-4.410858776133702586e-01
1.595534270291397994e-01
-3.039886197342938079e-01
2.080377464138312982e-01
2.971060619215263321e-01
-8.754520092541352716e-02
-1.684536050578770150e-01
-5.682113196724194459e-01
-3.741703681545151539e-01
-1.315350171448336457e-02
-1.817088843678126286e-01
-1.762699033535499726e-01
-1.515501930152441112e-01
-2.315605498023872721e-01
-1.607774712680996865e-01
-7.126871274336180617e-01
-6.397933122845219645e-01
-1.006611780357249825e-01
2.359639522643663251e-02
-4.811140810508930388e-01
-9.381758375904353242e-02
5.417107161249571506e-02
-1.701510017870921376e-01
-3.250664518977872119e-01
7.581498348396657760e-02
2.123814834681508334e-01
-3.321911973972117155e-02
-4.135395062074267436e-01
1.405547733861308490e+00
-2.534234732297566683e-01
-1.610536290403821458e-01
-5.114411043423933156e-01
-3.803317704080436124e-01
-2.821494949205909375e-01
1.518978774758452666e-01
-2.126898242587112464e-01
4.031860989249783644e-01
6.401819471818935570e-02
5.423227356231129503e-01
1.091460071846792834e+00
-6.586208283697544408e-01
-4.404112216168120097e-01
-5.839754123918100559e-01
-3.398117153337002483e-01
3.078740916923660698e-01
-2.450823536277274284e-01
-3.248097978690164811e-01
-1.206274724108789831e-01
3.515298600983692290e-01
7.308498121734353647e-01
-2.041796162739538401e-01
2.062838474139127298e-01
1.131468982834318709e-01
8.103952070888111869e-01
3.383280455931889641e-01
9.187631439879203610e-01
5.029067123451519405e-01
5.306272583165732026e-01
-3.573155217617415280e-01
-6.615290291036653170e-02
-7.844564869312149469e-01
1.215906117391348573e+00
-1.358322753513253878e-01
-2.582572165863034619e-01
1.943483196827562945e-02
-7.344987912058487112e-01
4.055796071661521007e-01
-3.051488457230623896e-01
-2.146220177184769429e-01
1.191488372635230997e-01
-8.954610381658695273e-02
-1.715418421241128311e-01
-1.437323359894962863e-02
-1.668423354810995296e-01
-6.495161793033046305e-01
6.068799828548844255e-01
-4.685018085453983572e-01
-3.134514504583400529e-01
2.872777511300532161e-01
-3.271819906366170705e-01
-2.109523847849137657e-01
-2.066358779015648739e-01
1.486891157742686875e-01
1.703953334628375560e-01
-6.637652074257557322e-01
1.747395820579183134e-01
-3.783365774963323713e-01
-6.951204469517259232e-01
-4.376892069281090869e-01
4.621197111586020090e-01
-6.531717237759139261e-01
1.213199745490451287e+00
-4.009661139952584996e-01
3.388939169753665132e-02
-9.779066094488902960e-02
-6.978077042408383779e-01
-4.368626841718923348e-01
1.303574329354050931e+00
9.743029761085337803e-01
-3.794775217220626162e-01
-5.175915372153292449e-01
1.326544891953306715e+00
-1.142519186996618918e-01
8.480173214635360057e-02
3.446867441239326313e-02
-3.752241554647530175e-01
1.071363853510688413e+00
-3.432851193691833780e-01
-2.318055655060048403e-01
2.990472392377791500e-01
6.133738872157201705e-02
-7.123975755136269239e-01
-6.660567240285042434e-02
-6.319013435003333345e-01
6.279408045581335029e-01
-4.923614941961972774e-02
-2.828348919697884489e-01
-1.698539099581522771e-01
-2.585992653249737372e-01
4.651197778434234403e-02
1.807015610007260409e-01
-2.065689173977392490e-01
-6.663918150109823246e-01
1.412254926902959951e-01
-3.204621395800902328e-01
4.071980341564526706e-01
-1.137176639127322059e-01
1.334559988514234519e+00
-4.690256648467615030e-01
-1.219288068077885728e-01
5.983415952580465325e-01
-1.572563069564388294e-01
5.692079335874875579e-01
-8.215802736189700139e-01
-3.857813967090899521e-01
1.503979395524390750e-01
-5.455819334755435124e-01
-6.324807821157314436e-01
4.581753107041595108e-01
-3.415656795595641837e-01
4.653445922353158931e-02
1.316324229790835743e+00
-6.957152899381238154e-01
-1.093326547836905027e-01
-6.885438996137281942e-01
-2.330684168488304786e-01
1.401346384701362524e+00
6.997029488899898508e-01
2.825229284610181746e-01
-6.117351629592384654e-01
-1.508186893488994151e-01
-5.896139963691894303e-01
1.233753131004382553e+00
-6.529599460711471570e-02
3.374344808965845099e-01
-6.993549920210597737e-01
-1.700333036015166110e-01
-1.714133045350590134e-01
1.650298370770586498e-01
4.042154490576004289e-01
-2.911338222744287718e-02
-1.677143897357658842e-01
-6.795617476549513369e-02
-5.532714249454239175e-01
-3.637033394393536234e-01
-1.884375988848310812e-01
-3.486800436125083724e-01
1.085052699103417728e+00
4.918502314182842117e-01
2.596240056107465555e-01
-2.427085044970706332e-02
1.503201528659909025e-01
1.449816579463111044e+00
-2.098231836995449184e-01
-7.358274988481632306e-01
-2.130614474041609210e-02
-3.011866796395806789e-01
3.894712208115833074e-01
1.527972847810352142e-01
1.323075006837287799e-02
-6.332836016468685880e-01
-2.333515126110017601e-01
-2.348654754961490287e-01
-9.551538303018891618e-02
5.396627093945458586e-01
2.845237410350865970e-01
-2.173487180438967992e-01
-9.485622846152109988e-02
1.341846473757919156e-01
-5.599605648691011739e-01
-5.868454551471854463e-01
-2.859268683220391738e-01
6.098478988198750145e-02
1.010524071912195510e+00
-2.623330056751091433e-01
3.157777970929753764e-01
-1.723488920961240012e-01
6.265895067684327246e-01
-2.082662803068315287e-03
-4.057886072776741293e-01
-2.734802576337368452e-01
2.763210126708268155e-01
-3.822140951540884402e-01
6.474385212723973160e-01
-1.600533561508910296e-01
2.511757271915928680e-01
4.106083961779624647e-02
-5.962551164873099996e-01
1.171150908738512325e-01
5.546249509246524712e-01
5.686413274533699269e-01
6.521880781454895970e-02
8.337378054766537705e-01
-1.384111406631798602e-01
1.212647278931229033e+00
-2.518345468303250789e-01
-4.922488630528919495e-01
9.957055793733231575e-01
-5.851607107967827792e-01
1.814524934373718812e-01
2.381995412939598433e-01
1.671216837017173718e-01
7.842676132286453550e-01
-4.228918711151612997e-01
-2.702881105335041001e-01
4.430285496259806499e-01
2.959842070737873643e-01
-3.821948617387378455e-01
-4.723241179018022873e-01
3.116781294249915124e-01
3.208502615000515257e-01
-6.260102128856732673e-01
1.627227841046624823e-01
-2.639131145283684643e-01
-4.295416728486083913e-01
1.088742625097101291e+00
-9.783966413101361989e-03
-3.267853586471949900e-01
-3.574612387536294511e-01
-5.650373104362722554e-01
-4.394177267808158094e-01
-2.402168684074166838e-01
1.195710184677309718e+00
-4.350003032259695535e-01
-2.131468913576742286e-01
7.400996814223020914e-01
-3.563231439008942014e-01
-2.787183587098487347e-01
1.534521802450800228e-02
-2.127512354878510203e-01
-6.337769534960734363e-01
3.091784359433987772e-01
-6.266405034181896649e-01
-3.400571645381677555e-01
-4.876363170460464302e-01
1.111540875102069670e+00
-2.177829042294064932e-01
-4.528240059494719194e-01
5.083435825928107610e-01
-2.763775545101141429e-01
1.048770011791356094e+00
4.616876816670181100e-02
-6.965808284491931124e-01
-2.356339679891155114e-01
-4.627194035842950859e-01
7.686672628298937271e-01
-6.104915988653371040e-01
-1.754435555932385982e-01
-9.376019466072267605e-02
-2.434669208959253650e-01
4.356566383484436478e-01
1.719223403768886105e-01
-2.211517336259296307e-01
1.431197964712620285e+00
1.439503118431535222e+00
-3.916763470980298423e-01
6.934931947671453267e-01
1.280851506788830863e+00
1.342248728126322455e+00
7.361143013890600884e-01
5.877074365431742553e-01
3.495569631592886917e-01
-6.083091418324526600e-01
-4.578464038925801338e-01
-8.202189294659386620e-01
-4.030435968965675325e-02
6.579602676343396239e-02
-3.706175355673231309e-01
2.271403964814983356e-01
-6.479523560181957853e-01
-2.649921278482420539e-01
2.142229777275296565e-01
-1.006811431237542021e-01
1.250650429912172068e-01
5.807085100663084143e-02
1.378400049231925939e+00
-3.237984829464300440e-01
-2.796133283567653338e-01
2.222526066639039094e-02
-3.203011125682198035e-01
1.270765137868947958e+00
-4.538657127284048132e-01
9.282942611089017859e-01
-6.802755184137714295e-01
3.262070134731582804e-01
3.936884679032635614e-01
-5.649973800165257742e-01
3.515213565649579208e-01
-5.545247053699533524e-01
1.380312026123813318e-01
1.712343806455533524e-01
-1.934234608696344115e-01
-3.452793500631486379e-01
-3.335869102962435440e-01
5.591635644816869144e-01
8.460815751800194739e-01
1.150330717893330856e+00
3.508216302061604175e-01
-7.007079360163506188e-01
1.852556920595098133e-01
1.709791321600643843e-01
-4.234166687564087095e-01
3.620373426996504884e-01
-6.452372764387980242e-01
-1.567442017049359704e-01
6.044032203094975575e-01
7.648761104365713326e-01
-3.923305882381053489e-01
-3.025358310384297367e-01
-3.743871404069163411e-01
1.988238835783142089e-01
1.188567740841868670e+00
-3.652161677121377736e-01
3.133692421644864168e-01
-6.839734217364646929e-01
6.618350807337117780e-01
-1.811231314599383857e-01
-3.440934194497911047e-01
-4.855087860648684694e-01
-7.586907066733167282e-01
1.111745256262260950e+00
-2.260609896894837378e-01
4.043953510102152871e-01
-4.286183887004185178e-01
7.957459994245419388e-01
-1.520714058304050709e-01
-1.843126531836501159e-01
8.079201409800327305e-01
-2.911197134308858292e-01
3.424891597645629560e-01
-6.759612892745676671e-01
1.331408481152004830e+00
1.129357322539327413e+00
-1.572175670820270543e-01
-5.598816855270252191e-01
-6.498005677637168631e-01
-7.961060561829340354e-02
-4.634405503544403171e-01
8.828956144579459819e-02
2.179593882097682622e-01
1.487800770891234969e-01
6.820874113951149731e-01
-7.423808240555526128e-01
-4.479676303501736734e-01
1.237440452419003890e-02
-5.719848029733659578e-02
2.902522012778042115e-01
9.126138544953102949e-01
1.321454037933334824e+00
5.840149227612139171e-01
-2.385123925506618392e-01
2.952632651031302999e-02
-7.687824690023139507e-01
-6.530237845839946820e-01
8.224302064342704499e-01
-3.050734042158030901e-01
1.651914802174278829e-01
-4.318922129734510951e-01
1.232479113661803849e+00
3.836128894307367365e-01
-1.499217863198273881e-01
-3.928406901446847010e-01
4.058371333505551570e-01
-3.691882361564793880e-01
-5.040448283786340689e-01
-7.085153693740271486e-01
-2.713823142441277869e-01
-3.182682331674405174e-01
-7.069269933456370225e-01
-4.537934694241851918e-01
-3.919818412090990134e-01
2.913256543374894703e-01
4.385208894463786256e-01
-2.064682569972622062e-01
8.365900946121338499e-01
-6.797408787975045552e-01
-4.816944493334958666e-01
-9.315784123004336448e-02
-4.548211676416813454e-01
-1.388209220928346421e-01
8.000030948037166467e-02
1.027211388090900762e-01
-3.314210266369355118e-01
-2.656457756659236225e-01
4.257078081031947514e-01
4.310372036829483028e-02
-5.904956504908450698e-01
5.111900319357132183e-01
-2.222064439231492827e-01
9.180882345142974410e-01
-4.172848855590943207e-01
6.289314484810626382e-02
7.214132029831195059e-01
-1.512729706177194655e-01
8.902045093419563848e-01
9.032737696329470323e-01
-3.622592231328796153e-01
-2.864677230898110549e-01
-1.832037968828111318e-01
-4.658686870783675382e-01
-5.357251134617260768e-02
1.840454405156672080e-01
5.635635715784323985e-01
-2.446255278169340019e-01
-3.084966503429710794e-01
1.133317561390803085e+00
-1.890812142035739885e-01
5.290131142244929308e-01
-1.303234285201517080e-02
6.594984145571554102e-01
8.891475146397800344e-01
4.688064482043470260e-01
-1.326649357822901887e-01
-3.977645792119905432e-01
8.679301860976404437e-02
-3.920717471017312050e-01
-4.334009847327260356e-01
-4.403184119854547940e-01
-4.984588475928659612e-01
1.534105535013619362e-02
-4.491402422340295963e-01
-1.796538515123773938e-01
-1.870030147782855146e-01
-2.084914414516663428e-01
6.121138050713096357e-01
-4.983336544648649391e-01
-1.326187764845599415e-01
2.450633514895198817e-01
-2.426199012887320094e-02
1.268585186677414212e-01
-6.322998983696153097e-01
5.704518074113220649e-01
6.627940920833164107e-01
8.708077942727367182e-02
5.026551296413351855e-01
-4.972184071380672532e-02
-1.741773845700749224e-01
-2.970473881230697999e-01
-5.343016063068855015e-01
3.736503955029227830e-01
-3.471456146799244413e-01
1.416929939580363840e+00
1.499649696519481656e-01
-4.231462012105207671e-01
-4.642536229306845064e-01
-8.714569523106727167e-02
-2.097224006565565069e-01
6.490125800683858026e-01
-4.731976103313806914e-01
-5.024381899615014690e-01
-1.051895403105883170e-01
8.920411612823772596e-02
-1.021641044537379556e-02
-2.739061289057035942e-01
-1.524781075349066484e-01
-1.175046449246788804e-01
2.276536902214073010e-01
-2.451306952927056748e-01
-2.690221479392415072e-01
-9.980758838043360393e-02
-2.335307369982728143e-02
-7.244639527366797394e-01
-2.821876348579912541e-01
-6.576450423884542262e-01
-2.132900919889375024e-01
-1.239496511419434926e-01
5.647904264544744216e-03
5.495230203183949502e-01
4.189538951475164918e-02
2.153705306426920429e-01
-5.443529556240790379e-01
-3.130063013306076947e-01
5.626751276194295048e-01
1.025199325419964724e+00
1.477916596827577762e-02
-5.448419413517354704e-01
-3.295061946587739543e-01
1.453528445820445048e-01
1.446141973423717308e+00
1.047503536508612720e+00
6.295002704383318992e-01
4.743929002040292997e-01
-1.304726062097466832e-01
-6.505478039705715476e-01
1.117805814084861016e+00
-7.376888469921342173e-01
3.742380271141786396e-01
-4.559559173542396260e-01
-6.036474537445898347e-01
-3.253397755976305539e-01
1.388514919539485526e-01
1.204961374254891471e+00
-2.309503409520367867e-01
-1.196767107534065372e-01
-1.964484610163178546e-01
-4.615268981842516882e-01
1.026014882382896509e+00
-6.205298020890911981e-02
-1.672683819205388889e-01
8.251922587739476400e-01
-3.345342030716199067e-01
-5.027920541909032259e-01
-3.423839774652857604e-01
-3.337812571505825998e-01
4.833051312029054691e-01
-4.425629338022797898e-01
-4.684476404936726013e-01
-5.379836776574498103e-01
-5.715767704031428087e-01
-4.982587255933809689e-02
1.014727695700227972e-01
-5.788678004423448709e-01
8.856416967213047442e-02
1.200995090650370356e+00
-4.516548482733300229e-01
1.276436681227502978e-01
-4.037146656401425782e-01
5.000324162340411688e-02
-2.880741321276178990e-01
-3.088662667718288790e-01
-7.007810165206149189e-02
-6.431578996149193150e-01
-3.363176139359360106e-01
7.136632354536983636e-01
-1.442697073443836020e-01
-4.228248893233516048e-01
-3.929235257513535307e-01
-5.695226802480979345e-01
9.935012717768242074e-02
-1.172358795433683099e-01
-3.061193210384877128e-01
5.285990121702125767e-03
-6.921620592245356085e-02
4.469042119204595653e-02
-9.959783028053739717e-02
9.351881082428186165e-01
-2.405282982538379799e-01
3.284774755079896691e-01
1.275853311852423788e+00
2.433071940965348401e-01
-5.487335013286069874e-01
-1.446697634438164626e-01
-3.392825551030551057e-01
2.212331767719083811e-02
1.213385162319019078e-01
8.022863559495903019e-01
-3.199413711111181446e-01
8.807213878788335004e-02
-2.414003474710949282e-01
6.187547973634538456e-01
-5.687086679735959827e-01
-2.875413523133078519e-01
1.134783645810893749e+00
5.874980864959342686e-01
-1.174986697160219640e-01
3.969883129758464829e-03
8.074015624718844375e-01
-2.769395529266936440e-01
-4.893942866977396000e-01
1.447963000679869383e-01
1.032185122445758446e-04
9.194292001037580597e-01
7.366690661763812542e-03
6.131446074433298810e-01
1.047118118747761284e-01
-6.180965432459489817e-02
-1.003594725651046904e-01
3.921961027060454907e-01
2.140565250188797286e-01
-7.443042606530596121e-03
2.428848450099022060e-02
6.106814317922462099e-01
8.116458138167140235e-02
1.158761938346072051e-01
-4.515659175548260018e-01
-2.799762840054308977e-01
-3.055698311613813112e-01
-1.280769525888988403e-01
-5.088440890623103369e-02
1.123347908094098901e+00
4.000544763268539666e-02
6.897138812194567592e-01
3.793864942785539762e-01
1.753207371825708238e-01
3.050467465049550020e-01
3.445120467816815690e-01
6.551382610339369084e-01
1.075512587500497275e-01
2.018809503195662103e-01
7.321065485017432817e-01
-7.762190371376521958e-02
7.465098321101701351e-02
6.812077799520513399e-02
-2.488137933823111603e-01
1.480211598890759150e+00
1.793063087464873487e-02
-6.810254534193002085e-01
2.326628243292789000e-01
-7.559515322152677852e-01
3.284449062358443805e-01
5.675771746114801619e-01
7.331407880183329340e-01
1.566597338687490959e+00
3.186768994312253467e-01
1.304180604059285820e+00
4.794337079115284506e-01
1.965054826124241205e-01
6.133184239858957554e-01
-1.144948760095897480e-02
4.230114595741328865e-01
5.688335065844087879e-01
5.136541699876691069e-01
-5.892967340856503089e-02
-4.489182166672901070e-02
1.179317847945126285e+00
-3.971143546283688597e-01
7.701120234157154965e-01
-1.596653084409866696e-01
-1.673657068816579163e-01
1.101492070918827330e-02
1.223905393867484731e-01
6.906086411846951156e-01
-1.795880442085134587e-01
-2.223218804592035358e-01
2.151388736190094353e-01
-2.699013739722632699e-01
2.865263052342264527e-01
-4.779618451309631810e-01
-2.224927380753139172e-01
4.195690655831457727e-01
3.328627710047415977e-01
-3.729171452609539306e-01
4.799367693242023170e-01
5.710718462567296871e-01
-3.087580149818315300e-01
1.432807302585221709e+00
5.899965129875509584e-01
-4.967543533135691525e-01
-4.403579472271134665e-01
1.288989911780714426e+00
2.340093231107688299e-01
-2.225990609787584229e-01
-3.897953401634147164e-01
7.251765901038223494e-02
-4.259815007613397819e-01
1.044958446130731078e+00
-3.514764808780794225e-01
-3.665839845256634311e-01
1.243368702819410254e+00
7.787432752913647782e-02
-2.764718473166854484e-01
3.185005345874504790e-01
-5.746752729105079061e-01
3.054625445982834808e-01
-1.884012060794781063e-01
1.134323142068315304e+00
1.508570007698172288e+00
-6.646443982214843560e-01
-6.819614058999247108e-01
3.896083259629339879e-01
-5.898268174737215652e-01
6.304355227862906697e-02
-7.239316319814944611e-01
-6.015466778388491864e-01
-4.186703802366015248e-01
-2.097745285651786973e-01
-2.769544353175728002e-01
6.719504412623017453e-01
1.005071945600002348e+00
-4.214018696156880406e-01
2.043460508488049721e-01
5.613207598697836920e-01
7.124025476330283491e-01
-2.240335874781824721e-01
-4.779878974358173216e-01
6.614299931785966313e-01
-6.360729191799204818e-01
-3.466828874559836349e-01
-1.312418271132227976e-01
-1.340069081303998932e-01
3.276811025608807881e-01
2.201069272974546798e-01
1.117172436832766902e+00
4.734683252150523880e-01
6.719220847306484057e-01
6.135954669411154000e-02
-6.490822395335955619e-01
1.518355061547207174e-01
-2.952749713475723570e-01
-1.570192849992427808e-01
-6.088937468486282922e-01
-3.506881945637015385e-01
4.260710240999717735e-01
-4.618208935174726859e-01
6.471341938232437752e-01
1.343902643488062099e+00
6.318766278626171129e-01
3.806290167618501807e-01
1.240612295071100490e+00
-1.171422678704878706e-01
-3.055648538959930896e-02
5.944712940290209913e-01
9.113094970241241155e-01
-1.285033151046468536e-01
-1.886001493868228462e-01
-1.077077310314464298e-01
-1.933363347181945580e-01
9.186476074986807405e-02
2.023958622017633935e-01
-4.855863082995003910e-01
-1.233398889859193687e-01
-3.998776138531265900e-01
-6.670249858114714048e-01
-2.561911171507956220e-01
4.827115036090662281e-01
-5.918194801459564225e-01
9.017589026936820851e-01
1.368642891138885487e+00
-3.355730918470181123e-01
1.398417786693057496e-01
2.212096744250995894e-01
-6.451727058692515726e-01
-3.700721584504066963e-01
-5.324303618138566119e-01
-8.020336308417740090e-02
-3.332569288167032684e-01
-6.451206628856444025e-01
-2.777068015130799705e-01
-4.149321447101986249e-01
1.366473319674703424e+00
-1.730083295386562747e-01
-5.036042810482318499e-01
2.793199159662914099e-01
-1.417945584698822870e-01
-2.341142184014441130e-01
-7.280316339168380058e-01
2.966009675088346342e-01
-5.821521432898525417e-01
3.558103076805646525e-01
-4.752534915885503475e-01
3.607864169353192652e-01
8.999539160509391067e-01
5.620998727587719346e-01
-4.102721039722200813e-01
1.175289933479888083e+00
-3.982839017203225196e-01
-3.172794522283711172e-01
-5.054563897615771406e-01
-4.740836195817194620e-01
-2.410689438012288965e-01
1.060560517612055831e-01
-2.678006626936457746e-01
-2.228379540488890920e-01
-8.405827090308076732e-01
1.133641740350447291e+00
1.684719112402377761e-01
-4.269502341339745377e-01
3.130682574644210736e-01
-3.096901422578762220e-01
-1.501064126301107082e-01
4.935343910034664106e-01
2.753001862612665662e-01
1.255585616519755865e+00
-4.216860479850188803e-02
-1.440373551410191744e-01
9.291400137277584792e-02
-3.206392540404946478e-01
9.716924335892691555e-01
-1.273206798641581261e-01
3.044815858934991626e-01
7.868258517467388580e-02
2.637046655890470381e-01
1.009779675094523155e+00
-2.016716232510919193e-01
-4.022234454277140991e-01
-4.221207254106321832e-02
1.202048166247168537e-01
9.481270031729408521e-01
-1.030128185418747455e-01
5.995001050250596819e-01
-2.294992245535153186e-01
2.387379837858182863e-01
7.219871617830050381e-01
3.528027155892701772e-01
3.636149770213805144e-01
-5.711943250575092224e-01
-7.533032570453543353e-02
-2.231212327790103866e-02
-3.190539376281016914e-01
-4.439984482944274169e-01
2.094434919746653856e-01
-5.976547817665127660e-01
-8.935811320566239280e-02
-2.401545203190491584e-02
-3.654708406702307788e-01
7.367701970023680103e-01
4.948440964390590779e-02
-5.693579240662475227e-01
-4.023722109976391459e-01
-2.360777006564153957e-01
1.119011116738366368e-01
-3.970551618105276348e-01
-4.655768215258228038e-01
6.342219098764872998e-01
-2.217348856737821616e-01
7.107946547197407927e-01
-3.613011078119080510e-01
3.025496199888689786e-01
-3.997693375106061153e-01
-2.160408797671035663e-01
1.101776804177349245e+00
9.857170515098997443e-01
-3.095323091802093529e-01
-3.932332153875559011e-01
5.534457968866807187e-01
2.087960874055407590e-01
-4.048369769438492916e-01
5.461072326956449841e-01
-5.988017274679650059e-01
5.376263538576775414e-01
1.369601104688590976e+00
-4.557398307805469312e-02
4.279399537742766269e-01
-1.512616572250273794e-01
8.919743827355993693e-01
1.763294135781326155e-01
9.082515610523962390e-01
-5.676605824361227182e-01
-2.946027411418082331e-01
9.517814143461825194e-02
5.758383299925223797e-01
-6.255672317998886012e-01
-3.426135235828441372e-01
-5.230047723700932405e-01
1.857804848303886425e-01
1.437437602143938099e-02
4.785671113870841320e-01
3.015859873072053721e-01
-2.991804889712336157e-01
2.014473785892131608e-01
-4.662168699408195671e-01
-6.312934789519193679e-02
-2.258481015111236667e-01
4.534202384563907340e-01
-6.503092209230062481e-01
-6.396454364301694673e-01
-7.935512445341558196e-01
6.762135682213380461e-01
-4.290631057463615283e-01
-6.111104718954057935e-01
3.185082525843866419e-01
-7.885917651400579098e-01
4.630326259136974265e-01
4.002426874989891692e-01
2.867202345051581558e-01
1.309015077246883096e-01
-4.306899279971354577e-01
1.825651525587969060e-01
6.777684172976374821e-01
-2.626806373830730540e-02
-4.792544891876977103e-02
-1.899155468073275843e-01
8.855339889410497323e-01
-5.852642280302796651e-01
1.311570782524580092e-01
-4.340853707004893591e-01
2.056699430492226199e-01
2.823786655016512492e-01
8.199321685788610869e-01
2.130761471022049602e-02
-4.449900234928342302e-01
-6.157480835638289296e-01
4.889151002919339684e-01
-3.865921387144962140e-01
-4.429754609711239466e-01
-6.469496761967898912e-01
-7.066783825958937448e-02
5.018899450741134416e-01
-6.290961754550620233e-01
-2.651170686865801374e-01
-4.281864477035622896e-01
-2.510910230727793624e-01
-7.410388161040879496e-01
3.550434213513164461e-01
-1.906253052922231295e-01
3.259339140615837849e-01
-2.625457714730495273e-01
-1.679607068763604161e-01
-6.096082202277477435e-01
-4.893250321505958171e-03
1.063798731835144284e+00
-2.123632149128492491e-02
4.017561000081467104e-01
5.642206916132910255e-01
-3.547251403625180655e-01
8.656981648720055156e-02
-5.222674549435255553e-01
1.096286809638411297e+00
-5.844076734993139954e-01
-3.486707850338676695e-01
5.335257067336449666e-01
-6.877561626722010768e-01
3.055036378737733815e-01
1.705208348516387140e-01
4.780155670333289253e-01
8.952545630664857645e-01
-2.656561405595353476e-01
9.734757424318941643e-01
6.045359130156383598e-01
-3.890930536840648823e-01
-3.605739859275068349e-01
1.015760680228140922e+00
3.011796090520022506e-01
1.123337273057551489e+00
1.327799451538506093e+00
9.259665731120240995e-02
5.526442093423331037e-02
-4.417973396115296852e-02
-4.840129776010366758e-01
-7.972157510447070994e-01
-7.740025067097678901e-01
-5.357697779001080463e-01
4.610854992669399244e-01
6.877219930770895884e-01
-6.319510554195912899e-01
-1.866622282338943062e-01
-3.751611657578537429e-01
-5.937749815981094859e-01
-3.465795058910022819e-01
1.345181480884733993e-01
-5.803715105104971794e-01
2.732941781392020375e-01
5.707163522678188050e-01
-4.846160376740921150e-01
3.922543444934663559e-01
-3.620693214661079851e-01
-5.385022043892246923e-01
-1.463667153212657446e-01
-1.572135368929350185e-01
-7.080171730597325519e-01
7.807303780379379332e-02
3.938349900059118780e-01
-6.637721429127392547e-02
2.792849527863206643e-02
8.227846274379135849e-01
4.995642135477297852e-01
-1.996297833421865064e-01
1.001125100188361428e+00
4.242228832953843232e-01
2.231224977507316742e-01
1.048748605122057920e-01
8.048812436072255716e-01
-8.761503364928484305e-02
-2.708421084228221920e-01
9.807975861799625439e-02
-6.177973284129274489e-01
2.342602606226925899e-01
-9.803437924135997850e-02
7.780204584325602080e-02
-2.406374485247431139e-01
1.374631606078801527e+00
-3.031120677732985214e-01
-9.441604500122724453e-02
5.508369190816150285e-01
-1.980081704889416760e-01
-4.178563138541509514e-01
3.933355183496644036e-01
1.166295287344844889e+00
5.807699032532271932e-01
-3.770310519776595704e-01
-2.692225356021487048e-01
1.487595825442192599e+00
1.781315421531188825e-01
1.508957283279529216e-01
1.487180444193421658e-01
-7.742867109292812799e-02
-4.294168269067030197e-01
1.789621327492680047e-01
-1.244324761660805939e-01
-6.082020101020382263e-01
-2.911992887185908541e-01
5.447782988850521368e-01
1.844341399744267307e-01
-6.709753310931598769e-02
1.571588695606915553e-01
1.230775900195149708e+00
-3.039037934730293711e-01
-6.776465948844232479e-01
-2.104041743923407148e-01
8.714509164239283567e-01
1.085253119181909920e+00
-4.328347254651664366e-01
8.561558641057901431e-01
1.147390235163257138e-01
-5.904739254242610258e-01
-2.969580031400479436e-01
5.355833036951832549e-01
-1.414011973190373583e-01
1.054562986423507598e-01
-4.370049753598022613e-01
1.260531434724317057e+00
1.107378272322443014e+00
1.167228913332656326e+00
-2.058581787751616321e-01
3.390509103066091656e-01
1.837665399335856597e-01
-2.188474795171748144e-01
1.948096964630378070e-01
-1.173925068461491306e-01
-6.532137961932886761e-01
-8.864672428933885462e-02
-4.557576141462963415e-01
4.141934430818205309e-02
2.168746052611046637e-01
-5.587163580480436487e-02
-1.906675115655739328e-01
-2.359471092627230260e-01
-3.556385282135392512e-01
8.454899073646975349e-01
-1.952725388451127531e-01
-5.915555509319516680e-01
-1.050926368823036361e-01
-5.677695738344609167e-01
-2.455565244832498550e-01
1.599926858277506692e-01
2.522662524267414441e-01
-6.777726493353723736e-02
-2.126703444228704720e-01
-3.864607872290440338e-01
1.310682661385446979e+00
1.347716897988341600e+00
1.969890217227362184e-01
-1.386297039178103485e-01
-1.825642400049293235e-01
-1.883618398591895837e-01
1.212300659895474642e+00
-5.984803414243448083e-01
8.488332972595699077e-01
1.180155766126745442e+00
-5.127720507722284271e-01
-5.162191094607387204e-02
-1.757602934780836401e-01
4.401210225272239041e-01
-6.252554742453412251e-01
7.714430397180848109e-01
5.303353943146796867e-01
-1.227838612768397536e-01
-1.033787745090501975e-01
4.772515974245000181e-01
6.885450039021605295e-02
-9.639001281492953765e-02
-2.978894459596487798e-01
2.651062134061882847e-01
-1.481298929549862142e-01
-2.811929279245931057e-01
4.448779615070911908e-01
-1.806038288685986315e-01
-4.040223856058904883e-01
5.961760843229746420e-01
-1.943685513617841587e-01
-2.185308474606230400e-01
9.705166216401898138e-01
-2.443821673844342734e-01
-1.319724310261664035e-01
-4.189059591422311102e-01
-2.954998432875833303e-01
4.419554158516438708e-03
2.380670855708697797e-01
-4.200817907183562738e-02
1.399473904983503214e+00
5.905779516293576670e-01
1.757526399941272688e-01
5.279029044000718013e-02
1.220116764457566116e-01
5.441291460268119495e-01
1.460863500749935984e-01
-7.040457087639317990e-01
6.543068759343000085e-02
6.954929944798702302e-01
-4.458279723430084301e-02
5.444411984357936385e-01
2.817703628318326547e-01
3.776430281007233103e-01
-6.009729516327124710e-01
-1.672177009503834078e-01
-9.027734261916785241e-02
1.528111678136769847e+00
-1.214110180546403850e-01
2.362527007452406014e-01
-5.505615171508361216e-01
4.385220806991115272e-01
-1.549423769373581561e-01
1.427858306043908510e+00
-1.853186379350066637e-01
-3.772329949281388317e-01
8.590646227307695282e-02
-3.483911019042108814e-02
-2.720023734644179125e-01
6.545133133354775756e-01
-6.731665752138608072e-01
-4.177523334930378640e-01
8.357383828028745743e-02
5.070412086077460412e-01
-3.518470198788471448e-01
6.307918378445579455e-01
-3.768714908135388786e-01
-5.786369073253598838e-01
-6.595226704228184245e-01
1.365994219866010877e-02
4.996694054236175964e-01
2.423404696760813881e-01
-5.137635738654033890e-01
-7.136303547945163639e-02
-1.623817448541560460e-01
-2.665943645901410752e-01
6.142843705643045993e-02
-4.847677564491935653e-01
3.688206982973732950e-01
-4.861362068870204722e-01
4.116856341312441492e-01
-4.671285918831017958e-01
1.530355206585248262e-01
-7.228232819068663995e-01
1.775157408563441397e-01
-3.282116184821682325e-01
9.318866432338729355e-01
1.437996778739187576e-01
3.384316117095328980e-01
1.048880017932562358e+00
1.014992948273887308e+00
6.596992036151867467e-01
-7.047455231950033872e-01
9.999589312072574288e-01
6.675803897114002128e-01
-8.089490049418397444e-01
-1.050492185921775151e-01
-6.369988925822919201e-01
3.740271223048785010e-01
1.148082284473460196e-01
-5.200608266895574427e-01
7.518867099456293113e-02
1.213290139830413672e+00
8.222706823396903897e-02
-5.865722836979477828e-01
-3.602923287995408175e-01
4.855012944270526987e-01
-1.603063856084110950e-01
-3.603569406769582262e-01
-6.487567331451946639e-01
-4.554672668717225648e-01
-8.018702031647382267e-01
-3.595642825936910536e-01
-5.545813367902451690e-02
-6.125704862613329249e-01
-9.325762591433495174e-02
-5.586150047222032677e-01
-4.315165636054990594e-02
-4.328166640799108733e-01
1.133997110766377103e+00
3.245070596261263041e-01
-1.572500850232406155e-01
-1.220927753101654634e-01
2.763391693362551860e-01
-5.840905814637410431e-01
-4.533841230132075739e-01
8.412197310882331136e-01
5.540143483872466135e-01
-4.030562376440517958e-01
-5.114428826597522404e-01
-1.823057579447047993e-01
7.655657506319775152e-01
1.107112227764335932e+00
-6.472829585020746235e-01
-5.258239999278884191e-01
1.377590515636843149e-01
2.827661552219087326e-01
-1.929109391286270292e-01
4.573526943337096612e-02
-5.078974732069283515e-01
-1.467687566046406156e-01
3.312953042902842538e-01
-5.366770031901019200e-01
4.860398935565812262e-01
-6.593827007382807581e-01
-4.954571445178110323e-01
8.935100578483983202e-01
-3.030931578831146805e-02
5.507185004576116774e-03
-5.011116009481886291e-01
2.339531531628072369e-01
1.112138635461865782e-01
-5.434854653635883270e-01
1.099696085037247917e+00
-1.622603656710898401e-01
1.104169036460843495e-01
2.281959890059819807e-01
-6.724592518898574456e-01
5.612486672842322000e-02
-4.704696880972645406e-02
-5.210431904842309780e-01
-2.709262527891015404e-01
-3.197561404841774979e-01
-6.022708076175108394e-01
4.289913588722034654e-01
8.551624263520402058e-01
-2.766069373489672412e-01
-3.217164099084271478e-01
1.002307923008966428e+00
-7.466647423924817062e-01
-2.271920711309189100e-01
4.674373966569787126e-02
9.115440676715508284e-01
-4.493855308388141068e-01
-7.238100466036645475e-02
3.127539622400973829e-01
6.728413201815055533e-01
1.167676602387241136e+00
-2.289264092358970215e-01
5.809229056796979540e-01
-6.009399100571046759e-01
1.385153823110970572e-01
-1.587424578081705895e-01
-6.250938415330879738e-02
3.851387466661149173e-01
-6.259789842463817644e-01
-6.515973365979192966e-01
-5.767998207632756349e-03
-2.636077467963797716e-01
-2.032445616528259225e-01
8.627751747386905867e-01
7.331706228156744665e-01
-5.764523885969106282e-02
1.284934933805941482e+00
-3.257011115007213964e-01
2.794268118127198886e-01
5.677064022922226894e-01
1.249419368570940936e+00
-2.225888367713192151e-01
6.711366669457241585e-01
2.848414808046422775e-01
-1.361496369590749766e-01
1.132458265713856438e+00
-7.077664019959509778e-01
1.170442217696963549e+00
-2.306911273204001189e-01
1.570103483119370813e-01
-1.042639919640534624e-01
7.996546315248775905e-01
3.102153288565942177e-02
-5.337355790467902539e-01
-5.557339542602424132e-01
-1.030531735736994886e-01
-2.405228673404576079e-01
1.115655305573374223e+00
-5.422901761081393435e-01
-3.925023315576167682e-01
1.700136512875516093e-01
1.919627285012418250e-01
7.134675789580728900e-01
-3.289047688458402452e-01
5.020062764437280833e-01
-7.031279923120988817e-01
9.578028988613110362e-03
7.686428105726996751e-01
-6.890942355992415447e-01
2.418628387314791447e-02
-3.732250553694635431e-02
5.808819572106176388e-01
5.801501286274254876e-02
-4.040591902661319068e-01
-1.852015494227929882e-01
-3.580325871399910320e-01
-4.836346644667892658e-01
-4.981312201095225989e-01
-2.734971369018677212e-01
-9.979634562518675811e-02
-5.601092004008264569e-01
-6.421285116722190711e-01
-6.700220232136201437e-01
-2.364411909079007779e-01
-6.783554365501691386e-02
-7.876812876140886210e-01
-5.003232086956554969e-01
-3.435988998791055238e-01
1.186973040970969520e-02
-4.428906625951432585e-01
-5.360208562379074893e-02
-2.550929956911140994e-01
3.007943264719044052e-01
-3.249683350585575448e-01
-4.461575114044515067e-02
-4.028454871623239342e-01
-1.179060118649849914e-01
6.059830875020655316e-01
3.293672251361424719e-01
-3.927643862932510277e-02
-2.441795172278145576e-01
6.343054751377352751e-01
-5.547216531612202406e-01
5.625619037394469224e-01
-6.122650919094195787e-01
2.270594359352319791e-01
-4.487467155803124830e-01
3.454960280047873755e-02
1.594294576296075849e-01
2.944324802489097781e-01
-7.302015847980832808e-01
-2.300503724030000807e-01
-5.080666553308768041e-01
-6.588798217595920326e-01
1.137819418902357382e+00
-1.418192340176506472e-01
-1.710766253487537233e-02
-5.995750333267189092e-01
-4.758211644841893739e-01
7.655092773654090799e-01
-2.534879999141500528e-01
3.116483393895535525e-01
-1.024949537187643533e-01
-5.870706920662196460e-01
-6.965074868155193277e-01
-3.775467287665406624e-01
-2.624329514927548623e-01
1.022588314132149151e-01
-2.420138888980076508e-01
-3.039569997339015561e-01
4.567137687082167830e-01
1.231356784182099151e+00
3.510623888340423382e-01
2.061658378372150657e-01
3.797881142583425795e-01
-5.189211384680595396e-01
-7.248337814482870289e-01
-5.771602294093133301e-01
-2.787153924831084484e-01
-2.601382487211099659e-01
-1.533653399755294799e-01
2.885553649961488110e-01
3.561294529046775126e-01
-4.410281052843788019e-01
3.988145739748586438e-01
3.045834958598218067e-01
9.462317236272569376e-01
-4.773036319572597774e-01
1.395225692928028782e-01
1.351878584326734023e+00
-4.464090771805897528e-01
1.400843170384799663e+00
6.368629185318079866e-01
-4.535709081653420682e-01
-4.476531932080835552e-01
6.894189476431954178e-02
-1.262250919068320099e-01
-3.581797523639921321e-01
4.257448091945838509e-01
-7.016075484875532453e-01
-2.954481311896299811e-01
7.586492623678983693e-02
-6.350747094180870800e-01
7.079610453107702817e-02
-2.583470600957447627e-01
9.689891470824353314e-01
-7.187416068541789826e-01
-5.060733170851136054e-01
-4.709134032408849313e-01
-5.482689018766619127e-02
1.124177112672077428e+00
-3.920742217619448411e-01
2.493418837898162335e-02
-2.535397889088043533e-01
1.306055716036360170e+00
3.583849222195570339e-01
-2.555435752536074911e-01
-5.776552722762698933e-01
1.444311246599244147e-01
2.414061751331452177e-01
3.411663293321620105e-01
-2.691861486535219727e-01
1.299684217480761850e-01
6.376625343217067199e-01
-1.616468358044089448e-01
-1.362697295169765788e-01
1.011835401059954398e+00
-5.223953139519399436e-01
-7.304773656265777237e-01
1.281718272127211566e+00
3.417204867631047360e-01
-6.842944669475163888e-01
4.148739886313040914e-01
1.176648964707648792e+00
3.841241605796271164e-01
1.082891285861623532e-01
4.721968174091933923e-02
3.448598341564120817e-01
-1.187174995993084820e-01
-3.885983399317690656e-01
6.807200608515145968e-01
6.008884651378109121e-01
7.522874891266871922e-01
-7.153392976497275901e-01
1.120446626514784716e-01
-3.088827712083443977e-01
3.488626810468803408e-01
-1.262599636348888180e-03
-7.296402507831197815e-01
-5.353891154363432658e-01
4.356044833172867392e-01
-1.635358669010452681e-01
-6.933853063123450733e-01
-1.308409193371121992e-01
1.993878743379150220e-01
-7.839513681365117836e-02
-3.677565123925715107e-01
-1.925933037534099945e-01
8.252160011964430053e-01
4.291533557601865945e-01
7.231718727555279669e-01
6.125670350170848710e-01
1.233087030779013438e-01
-1.340397091089165493e-01
1.903977473424859346e-01
-2.391527132968126190e-01
1.482988679849032293e-03
2.111421260687198209e-01
2.528053258216052535e-01
2.119643157965506869e-02
-5.530593584322132106e-01
-1.072219413490258649e-01
8.540045948891718253e-03
9.686437836087951059e-01
9.591576681436905227e-01
4.624599503775872478e-02
-8.261709948990801633e-02
9.038075554410553158e-02
1.376926486531848459e+00
1.727901483013262740e-01
1.012363813823110165e-01
5.400252210991849378e-01
7.960934082663360944e-02
-4.513198393510853834e-01
3.901830794241794576e-01
4.496651164119950389e-02
-7.256998575401936435e-02
3.247794886549615345e-01
-6.364869145235371173e-01
3.359302642344031420e-01
-1.592545298475484261e-01
-1.031971730645249580e-01
3.062458427838194667e-03
1.439686561505482576e+00
3.363863549118535912e-01
-3.090098353923974028e-01
2.184230428346732866e-01
4.937651370623963309e-01
6.938610370696564333e-02
-1.968388934688339031e-01
-3.046657258516791145e-01
1.097232474491770748e+00
-5.415296473896245022e-01
-1.156885387726279690e-01
1.841728664518739456e-01
1.085903278667911670e-01
1.380265729084539650e-01
-5.174648391248227730e-01
-3.789272312683090171e-01
2.800311702693769056e-01
9.930379758225441611e-01
-3.361409944360824742e-01
3.852762822344105720e-01
1.966091978200818977e-02
-4.723917179712325276e-01
-3.405642804530272794e-01
2.107675600993315270e-03
-6.146885699227322419e-01
-6.338955401173067272e-02
-4.035812960425759210e-01
-1.808916680337276373e-01
2.088012533452992536e-01
1.120658349340127646e+00
-9.531758657484633995e-03
3.537427075407414967e-01
1.071141451365613673e+00
3.265004971991073979e-01
4.879871675496202932e-01
1.072042927445912230e+00
-4.988157801431856303e-02
3.126898984084968691e-01
-1.841994485461817543e-01
-6.762474550646372373e-01
-5.067792748522966795e-01
2.412595715311281752e-02
9.563752403608472008e-01
3.384642150115192427e-01
3.459193192146163554e-02
-3.065738573736445649e-01
-4.674817820698278226e-01
-3.421007413190719215e-01
8.478056695390282504e-01
-5.072117986323830818e-01
2.064163311298506109e-01
5.103226433372746174e-01
7.207359689384482127e-02
-4.186616223644248347e-01
-5.162253005547005058e-01
-2.855680273774411360e-01
-4.225781553126398138e-01
8.374663691458434922e-01
-1.267337756974868945e-01
-3.019569312493230462e-01
-3.456009478513761939e-03
-4.047050005071520795e-01
8.984567957445944719e-01
2.311570116124151142e-01
3.747180565755939829e-01
1.669753532459965217e-01
-4.486382692913205572e-01
1.213684912240378777e+00
-2.061386576305732632e-01
-2.435167300892684128e-01
-1.653023448704187826e-01
-3.517697698328543787e-02
-5.454451889978203516e-01
4.457816583983126302e-01
1.025800753512742802e-01
4.008403463879795514e-01
-5.373178511537021196e-01
-6.620725524133034279e-01
8.127229827464874656e-01
-2.154117904229294889e-01
-2.121667984086778591e-01
5.062595376844854396e-03
-3.832510561910246749e-01
-2.343767753065771967e-02
1.142829533358069583e-01
-3.128969035331421455e-01
1.101659416329996199e+00
-6.690424194658092238e-01
8.125935835457795964e-01
9.199580608998016995e-01
4.676806113306076207e-01
-1.934565001984134627e-02
-4.540956075288190008e-01
-2.588368063762127025e-01
-2.611320454586169015e-02
1.057325991382414898e+00
-4.397756742396063956e-01
-2.577297237105815597e-01
-5.922025009182183691e-02
-6.900314790887588368e-01
-7.716124557675712037e-01
4.192658595063544769e-01
1.131570984199350649e+00
4.115155465137889657e-01
-1.972965411788428491e-01
-2.231995061950637488e-02
1.226413163947316143e+00
-4.853618365432972870e-01
-1.580011592387748354e-01
6.382876003571853474e-01
-1.979803970742245178e-01
-1.969446841746619326e-01
-5.743598305103088386e-02
8.886487074229151850e-02
1.624777203553514140e-02
4.121874150556978922e-01
1.280293301416818297e+00
-4.304141296895321878e-01
2.857752800645378399e-01
-2.725818176602536336e-01
3.039176586908111100e-01
-4.884105340821101593e-01
-1.873049449210093531e-01
4.735980720772628438e-01
-2.240181580596284638e-01
4.291078648716948885e-01
1.446785654691858491e+00
1.203860629040826163e-01
-2.033322048487840733e-02
1.189942935943937075e+00
1.407794721789425108e+00
6.955178103347759988e-01
-1.361788113333903538e-01
-3.739673774086121893e-01
1.793297550085177772e-01
2.772963369965936870e-02
-1.776821662838803384e-01
3.486704264380983131e-01
-7.025685222283777343e-01
-4.048963029973575156e-01
1.582367977173915752e-01
9.981455955136403491e-01
-1.463296533082811268e-01
5.237327464618456441e-01
-4.058522508844081278e-02
-4.252748302795194002e-01
-5.388449620068865853e-01
-4.760109990093847609e-01
-7.377895217808767558e-01
-1.943558971069993535e-01
-5.038492894904366207e-03
5.449061464544442401e-01
-1.969625720529349089e-01
9.533366430449442541e-01
6.243632812357534645e-01
3.055334313053227890e-01
-2.817411038577711472e-03
5.862908412067783237e-01
-1.927416451121313767e-02
9.414133529131303302e-01
7.949444053809390232e-02
-1.728528661076863260e-01
-3.402020410910694403e-01
-7.517688009697249818e-01
1.915954642271667230e-01
-8.979296787370111277e-02
-3.196140981698323835e-01
-4.852306139954211117e-01
-4.531293789045769405e-01
-2.678654810402136821e-01
3.995411347102635347e-01
-6.890335742161681765e-01
2.746226361563461338e-01
-2.315930077036011114e-01
-7.839349429364651511e-01
1.397153941893560236e-01
4.683246812384583846e-01
-5.724430021649293820e-01
3.729159817152932765e-01
-1.046011906606578723e-01
1.932942111548078545e-01
-2.233579517638740741e-01
-1.688584155825765543e-01
3.889542880729828234e-01
-5.608501334908240210e-01
-2.528990522777043726e-01
-2.857001964477812184e-01
-4.435524909083745082e-01
-4.050623361141299505e-01
2.269345178620262582e-01
-2.252314525032609316e-01
7.950770499085563214e-02
-6.705080684749658015e-01
-4.292117260353952440e-02
-5.902281666549498151e-01
-1.864433376626135896e-01
1.054499009232845730e-01
2.743554675195953307e-01
7.442012111943523134e-02
-4.474083879740820557e-01
-6.915950428700113894e-01
-4.539538493113382130e-04
3.596782631823496057e-02
-1.755909665561833088e-01
-5.752603023241572577e-01
-3.044905194245750568e-01
1.167208259381385532e-01
7.710366376565662705e-01
-2.063051241778869060e-01
5.878111441181914643e-01
8.592221835078827086e-01
-7.857045926087130594e-02
1.282629350085837672e-01
4.630919159813363661e-01
8.926647638122571504e-03
1.015783642240642992e-01
1.268593232870102394e+00
-5.893553832165737694e-01
6.313710537448585791e-02
-8.021652106314923758e-01
-3.074373136038170418e-01
1.212593370300122819e+00
-2.286854160789152934e-01
5.834536425186421793e-01
-7.674519773850688731e-01
-6.827240384524402295e-01
3.465913453971862235e-01
2.468572922114031509e-01
4.265528654062000768e-01
1.155276297133778218e+00
7.322769997325664360e-01
-2.819254655257892872e-01
-3.439738409769478866e-01
-3.152371693305348055e-01
7.693926596910231064e-01
-1.595784103511326338e-02
7.939523196647758907e-02
-1.927091065945755743e-01
-6.098961109212849285e-01
-4.463650110327248011e-01
-4.985682432392888885e-01
1.652473481582754367e-01
-5.904292029960471755e-01
3.189273362940120982e-01
1.056262386030228928e+00
5.268240079164285827e-01
-9.995132557312848276e-02
7.495791070608448514e-01
-1.893086100473073130e-01
8.785781222615925978e-01
-3.238248454196083759e-01
6.286743075333008730e-04
-6.540001643666065734e-01
-2.303022819597940751e-01
2.972996353925029811e-01
8.505122347444536990e-01
-5.927043126082451874e-01
-1.342930386425549294e-01
7.180404338418863719e-02
-2.365902872576750304e-01
-4.070488220676597435e-01
-3.134116968128191627e-01
7.241003480509411450e-01
-1.379470090146682759e-01
-5.903319407816097764e-01
-4.216620207356819305e-01
-1.645662745617378631e-01
6.200677852797944478e-01
-2.115639698634066701e-01
2.295567611024047217e-01
-6.290530206175238837e-01
1.295780588159393343e+00
-1.604198100364916113e-02
-5.054633052700077123e-01
1.248673694458192429e+00
-2.112076582383325407e-01
9.740783495977666240e-01
1.035202073019956259e+00
-1.178803529253477644e-01
4.604139712524724787e-02
-2.956351480646424168e-01
-4.844525978091686058e-01
2.922301271331617656e-01
-3.798921576234812747e-01
5.180111203372144146e-01
6.504815770740995928e-02
9.988336952431723370e-01
3.708991447415060927e-01
5.738122953206900023e-01
1.492325205503757912e+00
-1.409839915214835815e-01
2.887329595363381102e-02
-5.820916641146939297e-01
-1.544121232173047489e-02
-1.044572575902846107e-01
9.408060993228400948e-01
2.968091513107688484e-01
-5.558454456087932316e-01
9.606746076005309720e-02
4.162605628129989466e-01
6.432359768937965239e-01
-5.097405558693379746e-01
-6.457009515421028301e-01
6.754636217322710356e-01
-3.976287205144758419e-01
-4.889817560856050127e-01
4.683301396197046135e-02
3.490387752461208137e-01
-2.716668814265740250e-01
4.692906222412168149e-01
7.398756228126148748e-01
2.338762146302925671e-01
1.169805792663562369e-02
1.822004576911050444e-01
3.471406746966025914e-01
-3.283913799219408958e-01
2.031838650011550951e-01
-1.462310657578732853e-01
-8.088933856310390191e-02
1.249410789445236092e-01
-1.940508285922259157e-01
3.316531146572117006e-01
-4.871204336340674845e-01
-3.570208301394763861e-01
-5.002108081324557753e-01
-2.701427115955374880e-01
-3.076027286070840416e-01
-1.925127438320523576e-01
4.330953653057962871e-01
-1.330513728983795108e-01
-1.419825964505550542e-01
-4.762946095446918826e-01
3.130607572158682905e-01
-4.850939992526964728e-01
1.104405294898383127e+00
1.025488962865375303e-01
-4.286474051037827970e-02
1.229560032998106567e-01
2.250639532746265548e-01
7.473188550441283162e-01
3.956601482818797866e-01
-4.306214811844680246e-02
3.485226615686695673e-01
-4.947479156236868070e-01
-2.870558938842808772e-01
-7.849462454559547053e-01
-5.055027220184399317e-01
1.764993469121873826e-01
-2.599035933097415541e-01
-1.599839339818490691e-01
-3.850951794031534647e-01
-3.879540372316129249e-01
-4.460769193718615022e-01
1.861026410267333300e-02
2.693759105573394486e-01
-5.430802326896366772e-01
3.501404839145138004e-01
5.490930106817578649e-01
-5.204269235695565543e-01
1.249277536851882697e+00
1.942505966965737130e-01
-5.892508286607067713e-01
-3.142707121835733308e-01
-1.060656800205638378e-01
-1.028987874419701881e-01
-7.349643240186457538e-01
1.025803571855897545e+00
3.378523690121199019e-01
-4.149196287830793084e-01
9.113339848268818821e-01
-4.287861761404337946e-01
1.244770149199082354e+00
1.744886454462957759e-01
-5.677525612664569010e-01
-3.467053756354127048e-02
1.216643519389396300e+00
-5.700922487566642549e-02
3.377270938351086271e-01
3.287314462631124590e-01
-6.324547177165257272e-01
1.017257171038456809e+00
1.404732298001970969e+00
-4.352313444359619532e-01
2.345185930626081383e-01
2.839340111289423985e-01
-7.450698744615556757e-02
-6.095817536869273523e-01
1.735033291068864836e-01
-5.038082417457239170e-01
-6.758020478733484104e-01
-1.986509569110855508e-02
9.079467591201758614e-01
-1.233398766351902383e-02
-2.679674897095709607e-01
-3.773677193180594719e-02
1.619469337312517410e-01
-3.072266925275573546e-01
-1.814962465062439911e-01
-5.409853356366106647e-01
-1.231395111480918791e-01
1.230672832486516544e-01
2.020394773784804088e-01
-7.341903264627290815e-01
-6.874503822016164722e-01
-2.623271479657606209e-01
-2.776829625007030122e-01
-6.590751121313014327e-01
3.914049683794644796e-01
4.702274977920016807e-01
-1.041858833693447978e-01
1.249678926312117605e-01
1.330711662598097922e+00
-6.351906239758859929e-01
-6.460240204972528266e-01
6.573538187593417348e-01
-2.713663519820536663e-01
1.142499401463913600e+00
-5.348370299840606856e-01
-7.383059375437319716e-01
5.004704732134752920e-02
2.743926525051895160e-01
-3.694489978471591773e-01
1.886763914019421590e-02
2.593019751822813000e-03
-1.281008911817611562e-01
9.962204326776529992e-03
-2.981047074000624519e-01
7.710719337671707863e-02
-3.730281269467981553e-01
1.122295154545654317e+00
5.190091269664646317e-02
4.396816936959263011e-01
9.030056992990637132e-01
1.266601486486414359e-02
-5.890282942928011245e-01
-4.476731467094188788e-01
-4.374662044578815356e-01
4.211608529539737633e-01
-2.467484973816513327e-01
-5.485312088332847669e-01
-2.855764619295454443e-01
-1.516230107043853581e-01
-7.681549778792154948e-01
-5.180189820815020996e-01
-1.922977119394373921e-02
2.166106142210893759e-01
2.669534096330212769e-01
-3.237895109210106592e-01
-6.163863408265010113e-01
-6.375019979571742157e-01
7.686743253970275414e-02
-6.521813170906723967e-01
-5.165465456670017552e-01
-1.137338630025496872e-01
-2.523808531461008142e-01
-5.090168528665874881e-01
-2.828310140036263687e-01
2.412999585975175720e-02
1.001827964421392880e-01
-4.752972173442174264e-01
-4.225212918016522101e-01
-3.323535824021613821e-02
2.566052128845560179e-02
1.017192754734464133e+00
1.166362497395915798e-01
1.825052090438542551e-01
3.359919118985960681e-03
1.502668495431092044e-01
-7.758156244306743110e-01
9.951535973806144852e-01
-2.398258792065540990e-01
6.326439377370998152e-01
1.959788348552202186e-02
-6.761692674261156055e-01
-5.624250408908424564e-02
7.660287498202585921e-01
1.060397352391096587e-01
1.467641728728411143e+00
-3.191725494372954497e-01
4.141168378337540812e-01
-6.478042474716859678e-01
-4.224827298971243206e-01
-2.114834840501371716e-01
-2.993827048105867639e-01
-7.122337591866479967e-01
5.371339603816482899e-02
-3.981406760547397949e-01
-2.950292082935819793e-01
-5.773446236624548700e-01
-4.131818275631975457e-01
-4.418633335134461437e-01
-1.921879952117479529e-01
-6.333597378072983730e-01
8.515099476347766094e-01
-2.542001087920328639e-01
-1.522331582618570711e-01
5.489682981870511735e-01
1.579085019577592189e-02
3.587856387932686908e-01
-2.833442599367808623e-01
9.635251173441472528e-01
-3.200705855487658291e-01
5.454872075738472770e-01
9.347584969374173047e-02
1.436545390097875574e-01
4.764227917057153316e-01
8.515699491508350594e-01
-9.674747709139058793e-02
-3.691180849636998551e-01
1.342413031430979564e-01
-4.416563353782133050e-01
-5.937488197553306701e-01
-3.058862673249172492e-01
-5.078911857440538968e-01
-6.005023320484764726e-01
1.405392502989354142e+00
-2.744631803543436943e-01
-2.485626369633701094e-01
1.794879203116298699e-02
-6.015674239931062539e-01
1.064617285091478349e+00
-1.515637312470772824e-01
5.762941367487856015e-01
1.260887761821884445e-01
-2.415288211362904280e-01
4.180156604741997461e-01
-2.892677779979354602e-01
-1.263114856441880651e-01
-7.544413034655286232e-01
1.210344116429005468e-01
-3.211186137676247387e-01
-1.594351005955315093e-01
8.586134999548547531e-02
-5.500185282425794631e-01
-4.599870328101428041e-01
-2.037903443566931316e-01
-1.964952819988584065e-01
-4.391045710011374781e-01
-2.290191451777836007e-01
-8.713084047959661349e-02
-5.615668451409231571e-02
5.988140123730617548e-01
-1.870456636872785683e-01
-1.046772347211353260e-01
-4.137981947459753451e-01
1.235112543810706009e+00
-1.902287666772977115e-01
-4.331962058332077814e-01
-7.870055037267928988e-01
9.395572965781821828e-02
8.432135991971607680e-01
1.006897166042438618e+00
9.909864201644815740e-01
-8.548220290635674679e-02
6.925338794833038047e-01
6.031629884676484865e-01
-2.121635761788864261e-01
-2.682975072674829708e-01
-8.176173984621594448e-02
-5.799187815454736050e-01
4.091556941312439188e-01
6.918861461245898736e-01
-4.221395460032282276e-01
6.698500816241783617e-01
-3.504557801043090004e-01
-4.749897878942508367e-01
-3.333952825156217270e-01
1.247646845305457886e+00
-5.064515991606340917e-01
8.333492335505470194e-01
-4.654232882409989891e-01
6.741822093825420303e-01
1.169996884082846744e+00
-4.758363310556152359e-01
-2.912634362570915014e-01
-3.049785853207268582e-01
-1.363749391553344681e-01
-2.432428918089978021e-02
1.633583132644408353e-01
-7.306805039017981729e-01
-6.866591753203283854e-01
-6.149280034430500974e-01
1.309691635075332927e+00
-1.093975207780473469e-01
-4.964030470401354367e-01
3.410875301638883195e-01
-7.894992115555234946e-01
-1.561016375770396813e-01
-3.492602049130798525e-01
-6.346319076165057860e-01
-3.450825115332426529e-01
1.291506037755905778e+00
-1.157541496155111288e-01
8.663389327222088543e-01
1.017260813851116052e-01
-1.140362635569348720e-01
7.201965154434685212e-01
-4.394511181234134201e-02
-5.280656959711488990e-02
-3.218388443885659145e-01
1.093132109150404541e-01
-4.813307075148923753e-01
-5.568829106996702194e-01
-8.501188863697241999e-03
1.087394284059164384e+00
1.108239498184074856e+00
-2.041622422482861354e-01
2.465298393595280468e-01
-8.327823597657778576e-01
-1.385626089150791551e-01
4.941794618750278700e-01
1.323705297939639369e-01
-3.012505292643282706e-01
-2.751490068272448020e-01
5.968808301099906011e-01
1.195894786689796763e-02
-1.902009400544440176e-01
1.833894122682948047e-01
-5.077641611514204234e-01
-1.731823705452154721e-02
5.544940832096638683e-01
1.132660564269733355e-01
-2.311437708712391625e-01
1.201996975908857790e+00
3.763600211975857146e-01
1.143093060167871405e-01
-5.253375744186866703e-01
-2.865382350062924046e-03
4.717903200323891877e-01
5.042622182986202795e-01
-2.511453650069118138e-01
8.693477592843976698e-01
-2.570787226389599778e-01
-4.367877928209734639e-01
5.254766718123898145e-02
1.404046561559834316e+00
-7.101792194757623744e-02
-1.818806962614366030e-01
1.999430419319131735e-01
1.009105780745661596e+00
-1.479809156308331541e-01
1.201061682852876622e+00
-5.302745707992987390e-01
-8.558388514432441196e-03
2.973873308648032343e-01
-3.817164007452855667e-01
-5.999663752793494842e-01
5.115795649598031680e-01
7.000822551959463569e-01
2.244009968424003909e-01
6.291105710059479161e-01
-4.145177774508873592e-01
-4.145082262708817133e-02
-4.833923655654936979e-01
4.309372331196870132e-01
-4.342449955621408009e-01
2.826816709842192021e-01
-1.292672736710275549e-01
4.837367177571757354e-02
1.265638421802113278e-01
-1.975047440639230711e-01
-9.682541325160490264e-02
-2.753596135661374733e-01
-9.677960625164870601e-02
9.994801549793789208e-01
-5.301945580768643862e-02
2.836226967649789765e-01
2.124775052675973233e-02
-1.059237425302775662e-02
-1.711993275057339114e-01
-1.385660670905774494e-01
-5.834850332293716191e-01
-6.361443463672850074e-01
-7.634909229240835482e-02
-5.486167632638925262e-01
2.732324372394477896e-01
-3.923873784506138329e-01
-6.350437029991242571e-03
-3.292179121984455392e-01
2.010018328773435503e-01
-1.930408604087076874e-01
-7.260743743546704820e-01
-1.420102364658453742e-01
2.748577113754936962e-01
1.305599123299352904e+00
-3.493396194701370305e-01
-1.850240590129627050e-01
-1.829543811713823520e-01
-4.189868172531762136e-01
-6.124699188829714203e-01
1.175983490326278913e+00
3.122776655005162771e-01
-5.142868955468448133e-01
-6.497656997895747688e-01
7.140928678050513234e-01
5.525115676541181298e-01
8.678538580513465162e-01
2.545135719004988362e-01
-1.907885463611056279e-02
1.068616523369472215e+00
-7.042715186588019982e-01
-8.901926877972957119e-02
-2.542127163252205779e-01
8.111873620380471994e-01
6.846468191947319148e-02
3.816110621666966574e-01
-2.160286400399048512e-01
-5.248354157481347620e-02
1.306317392211802320e+00
-2.486340337982881343e-02
-7.214196108993295997e-01
-6.185632916901524503e-01
2.983634882555864509e-01
-4.543122814984431046e-01
3.473517811707254044e-01
-4.938629281019428219e-01
-1.677778368745958815e-01
-3.232089198055957402e-01
-4.249026718292813753e-01
-2.114400256233077424e-01
4.520707930624269233e-01
1.176575935955870955e+00
1.206334486622936270e-01
5.283976021040226456e-01
-4.057078175301591649e-01
-2.035938423761378124e-01
2.443100403129093157e-01
-6.229229600584271741e-03
1.403769401958690155e+00
-1.478130517681406353e-01
-3.821735841966112379e-01
3.702320198060905093e-02
-1.385914782154316384e-02
-4.017246578229416998e-01
-3.717277003656441203e-01
-9.743170543547680085e-02
-4.975155950020676565e-01
1.143975365490404114e-02
2.299501069710093715e-01
5.079955787485860297e-01
3.484558862475196084e-01
1.695593229599316742e-01
2.990823705882340033e-01
-6.706644275051895088e-01
-6.270654253803559230e-01
8.125039082122347267e-01
2.411166993499303246e-01
2.294402948181686885e-01
-2.297107095776613761e-01
7.751122487148395246e-01
-1.889905046338667127e-01
1.043823398744720965e+00
3.214874580123170955e-01
-7.190627295855700485e-02
8.288281757598275901e-01
-2.226254852495737069e-01
-5.636816875445919139e-01
-3.818639261453780076e-01
6.772810522515134712e-01
7.535858491748396171e-01
-5.245181037557186121e-01
-4.284334494639037705e-01
6.316133596244905002e-01
-1.802950051624509775e-01
-2.592794063511323355e-01
2.271920714128398912e-04
-5.537026992205151821e-01
-1.455409920255603673e-01
-1.626963309961757809e-01
3.752016362670697602e-01
8.795954312428604371e-01
4.187139766088161796e-02
-4.527511447699203440e-01
-4.612818106595563683e-01
-3.803427732833460362e-01
1.643791303738617315e-01
1.745492894532829353e-01
-4.891478715546820899e-01
-6.331492958730972065e-01
-5.567625574697436797e-01
9.805304033831128141e-01
-7.039182130507036332e-03
-7.014968895889839295e-01
-4.694063744115781756e-01
-2.162378860348062037e-01
-1.705395520593517011e-01
-4.481140329722925753e-01
-1.489495670593296017e-01
-1.221692822963218461e-01
-1.402506682379878744e-01
-2.319322797995744534e-01
-5.956538642040309917e-01
-4.251759403507870405e-01
-3.469142027102413706e-01
6.587790611724437806e-01
-2.020430344693001923e-01
-1.280922107904234252e-03
-1.781526206877833141e-01
-4.523438931426097820e-02
7.507917572969845244e-02
9.214721976411636151e-01
-7.150948253790360108e-03
1.125524868721013150e-01
-6.585800764088456383e-01
-6.374760553573397548e-01
1.533712676910672090e-01
-5.484110149558110159e-01
2.414449023826037710e-01
1.973240875207271927e-01
3.958207737066536391e-01
-1.999709568823979933e-01
1.410150496632003314e+00
3.432882871376111145e-01
-2.456345454260957795e-01
-2.178893435326756389e-01
-1.744902800098475926e-01
1.081230094830259336e+00
-5.267183978931396782e-01
-2.347542232147459274e-01
5.246718170301104545e-01
-4.168758850913542036e-01
7.430819203123857353e-01
-3.472386472427613224e-01
2.281212569940757606e-02
-6.924604457013764369e-01
8.043805856759376205e-01
5.964043254472666256e-01
6.897056426773668925e-01
1.925239380879454620e-01
-7.474695083843188592e-02
1.025184766375113021e+00
1.331584949352689583e-03
-1.191810369426275079e-02
-3.742447253554177788e-02
-1.171712882502931319e-01
-3.434628916784536745e-01
3.574257123686694348e-01
-4.620462635831762421e-01
3.308938857649999510e-01
-3.728006079207366597e-01
1.302182485319863248e-01
-9.299749796847431305e-02
-3.413029030370929862e-01
-6.375911285403236262e-01
-6.386451326487952995e-01
3.724011616831077176e-01
-6.083154360228317792e-01
-5.799360695923657522e-02
-1.643610810772690167e-02
-6.264174872758998536e-01
-3.654847602461424594e-01
-3.240804475622766079e-01
-3.705442769719781149e-01
3.258668626744625624e-02
7.917471416948387297e-01
-6.184802964174209716e-01
1.170436754607918406e+00
5.553461308561746801e-01
-5.241880558070416418e-01
-6.305608567027319589e-02
-3.158221792124104033e-01
-5.828846986281162046e-01
-3.250315271181074550e-01
-3.101323676043504229e-01
1.208903067557989930e+00
-1.978126323781616847e-01
1.332253369895390060e-01
-4.373502922564060924e-01
-2.736072337767060381e-01
2.445211130321970905e-01
5.123185143420107002e-01
1.570294194876449556e-01
2.210127941567185950e-01
-5.119556400713133337e-01
-1.176208172657208784e-01
-2.518710981785984293e-01
2.349542751596223056e-02
-1.515770762009971961e-01
-2.504802420870320678e-01
-4.145932000478764201e-01
3.530804057158977716e-01
1.202445888576406108e-01
-2.160006335772941127e-02
3.688852324051595383e-02
4.372822439577881970e-01
-6.931517640304032390e-01
-5.396958897313661740e-01
7.411844326308132669e-02
1.374177733731856366e+00
-4.982918257400751894e-01
-6.986231808301115453e-01
-3.107547365253604532e-02
-2.192517489877145523e-02
5.834004059508244300e-01
1.860624022375020892e-01
-6.728971127926157425e-02
-7.375028343850191515e-02
5.785807394150299654e-01
3.527122769190561558e-01
-7.241648924789350072e-01
-2.355701123094310068e-01
-5.822752714970295951e-02
5.378711553584025751e-01
5.036271872780129222e-01
1.881754187748422291e-01
-5.183397000340326244e-01
-5.181142191621597171e-01
-3.679293638154306212e-01
-2.151750445332097084e-01
-7.693415253348951932e-01
-2.267078091151186747e-01
-4.801932179039776760e-01
1.197143564037525421e+00
6.427317224999274936e-01
-3.899753798999547327e-01
2.204705631175105651e-01
-6.791840036879855935e-01
-3.704645899556203159e-01
-2.619844991975973092e-01
-3.415217714740615973e-01
2.145196037872849348e-01
-5.362036077838577830e-01
3.607200498596112581e-01
3.267988597404783424e-01
-6.377629902892617553e-01
-6.180555221770724916e-01
6.616394235596270157e-01
2.241374410268562600e-01
8.708747128627640777e-01
-1.523227768254980553e-02
8.907010989937327317e-01
-7.015129418717556131e-01
1.874165631933816245e-01
-2.419713888531605239e-01
1.507781921520443824e-01
4.350545801334634310e-01
-4.041108292263357882e-01
-3.668913183259305266e-01
-4.692866244027754652e-02
-5.805046643014776658e-02
-5.127512662278974620e-01
-5.153597760173810050e-02
5.007413493572091673e-02
-3.710671107898042553e-01
2.664245228764369755e-01
9.520026771145015387e-02
1.073430778449944167e+00
7.004071114618798388e-02
3.466321062683691556e-01
-3.756598808840371784e-01
-5.415847935961789483e-01
1.353801365638945819e+00
3.083281051894029220e-02
1.541461593880790959e+00
5.817764094572869249e-02
-5.091852310583905306e-01
-7.339809260929100465e-02
2.630482994875331104e-01
4.989999525131839225e-02
-2.607207387997323433e-01
-2.422087325478743947e-01
1.238135619168132945e-01
2.202460063451207040e-01
6.796454696137847751e-02
3.768386212749251785e-01
-3.932067493992706941e-01
-6.037534439785973567e-02
8.739701867507643218e-02
-5.425976580244066261e-01
1.253452998674142060e+00
-3.304331635782649101e-01
-4.395764687513392110e-01
-2.518917955250318252e-01
-2.854133379699269057e-01
-1.272921485140033615e-01
-3.466631183940072081e-01
-3.267860445009421883e-02
3.268724574458649335e-02
-2.279881293978877621e-01
-7.063468956461766979e-01
-5.973711648942759966e-01
-2.871361751571743226e-01
-5.692057425580733243e-01
8.631870602658575642e-02
1.001798994663152476e+00
-3.563660804140158511e-01
5.134575631711771893e-01
-7.572830512604209474e-01
4.913326221878434596e-01
5.091816763106830068e-01
-6.677760184999296245e-01
7.915831296516789850e-01
5.023910355451062237e-01
6.812752006802701432e-01
-5.296841873274253931e-01
-3.310769476136234402e-01
1.483333861062317904e+00
3.248522607339638379e-01
1.362934720085763773e+00
4.917443162389647376e-02
1.843576968433973950e-01
3.835403545493610289e-01
-1.693250472166568099e-01
-1.245090903457097692e-01
-4.239034967152367772e-02
-4.520018196466011884e-01
-1.377973148378345003e-01
-3.983648656827723511e-01
-2.624473468054921987e-01
1.788034086743543055e-02
5.782650576884135196e-01
1.299610357135800642e+00
-5.479497927782344541e-02
-3.398661998289407293e-01
1.375427414265227410e+00
1.261600845366232404e+00
7.248582388767357276e-01
2.795864376405903795e-01
1.797058152110823925e-01
2.815605447404957440e-01
-1.588087634369453882e-01
1.369521883216121116e+00
-1.761840440932639362e-01
7.149996889605726436e-01
-6.441896167424396302e-02
7.682465781102906233e-01
-1.616119783473861371e-01
-1.319955117225185548e-01
1.034744946077198691e+00
-2.817554263140366055e-01
-5.308346277245623579e-01
-2.756996632690067450e-01
1.247368676885943550e+00
-3.925871706165260377e-01
6.108348408943713448e-01
-2.660037447744938999e-01
-4.281831888365169592e-01
-2.509364564149926813e-01
-1.899599913296777798e-01
-3.682313208287049111e-01
-2.560454876773328170e-01
1.117369332164690920e+00
7.201343272022752220e-03
-5.345426613400904303e-01
-4.229621387180160785e-01
-4.068776836645152661e-01
-2.312908800891619043e-01
1.379307783943727883e-01
-7.083448708971235019e-01
2.434838899367063880e-01
-7.497174223342569777e-01
-3.885366794585437544e-01
-4.780087225834072640e-01
-3.577266608037074636e-01
4.545425912577830130e-01
4.332141587833940322e-01
5.144529631822279958e-01
-1.547784314363781499e-01
-1.738980338582706286e-01
-1.792751214596128573e-01
-1.718234001384488230e-01
5.877291814509404133e-02
1.225684858666777677e+00
-3.212727735979237220e-01
5.642961259207531777e-01
1.136919480092316997e-01
-4.165738299002410550e-01
-2.694064768617731032e-01
-5.505025387730240194e-01
3.709087019605010749e-01
-1.092302208309717804e-01
1.314792312416206199e+00
-1.999289878642205587e-01
-4.554696827666357972e-01
3.153098250266613278e-01
-5.941972834355560007e-01
-6.007113358256330748e-01
-9.184697456724902342e-02
1.302710222053835576e-01
-2.044466685202371830e-03
-4.379731028124573822e-01
1.415887406027708240e+00
8.228929349259770376e-01
1.963543829498365367e-01
-4.536466474321903530e-01
-2.964628857399435602e-01
1.091723640970326148e+00
3.980594856107497193e-01
-4.272320971211319152e-01
-7.761664431893410265e-01
8.139183824148282786e-01
-8.475921057681043980e-01
-3.448229665084180939e-01
3.834556819591373733e-01
-6.709669748725897165e-01
1.520485564516118639e-02
-5.262305322744807549e-03
-1.527597542918102402e-01
1.455451212997949939e-01
-2.851287918688076850e-01
-7.459214857825055001e-01
-8.457420935717588906e-01
-5.252185960297869327e-01
-6.331979894331861702e-01
6.867502533272512588e-02
3.993252637304263164e-01
-3.369233405756106858e-01
-4.141461819569323133e-01
-5.021778933314532400e-01
3.620739143531380710e-01
-3.303387117752065727e-02
1.825037974042592326e-01
-5.391016476249987921e-01
1.232876206885736778e-02
1.014180206807995255e+00
-2.968854277947755027e-01
1.031227804000214021e-01
1.479890460093282734e-01
-1.770735908741720155e-01
-6.046113802945672633e-02
-4.882951252929367270e-01
-5.347591594260506925e-02
-2.668954280524993838e-01
8.390443325475276382e-01
5.867063115025505926e-02
6.473748984104246151e-01
5.677152724186799171e-01
-3.841863919066549893e-01
1.147460595883328160e+00
3.640608073956587698e-01
-6.817207264443810866e-01
6.750381349105072371e-01
1.267984951763346579e+00
4.778277852048575247e-01
-3.046713239158465036e-01
-1.547581529138815359e-01
-1.362353750075463721e-01
3.071715129471392358e-01
-4.531405642892635810e-01
1.214541557556664486e+00
-1.240919147164761122e-01
3.989858140989172020e-01
3.191951144228253323e-01
-2.673368345164351539e-02
4.669801043094993220e-01
1.457664016722832523e+00
2.154206335378987813e-01
-1.460241751169653046e-01
-3.735988536577461439e-01
-5.435963823714031751e-01
3.783243414541902494e-01
7.170193403902419549e-01
-2.506488846181122443e-01
5.470272538536522511e-01
-6.902715404602458582e-01
1.280251212261200588e-01
4.352277463434434113e-01
-4.249500297169392926e-01
-2.595028761522554239e-01
9.658623877005131919e-02
-6.254675821298167904e-01
-1.783536542989098694e-01
-7.071710033079647850e-01
-4.105273611170068282e-01
-6.075869422037986078e-01
-5.780092280473498878e-01
-5.096859352800542364e-01
-3.803983300846361937e-01
1.160488436125469480e+00
-2.870169314825053442e-01
-8.280231246823057667e-01
3.913603081923068827e-01
5.181371001092148765e-01
1.457649898077867823e+00
-6.782145317356369496e-01
-3.192098241223725874e-01
-5.537212618406983644e-01
-9.570880363848028455e-03
1.133358899831715672e+00
-5.679649071698850138e-01
-1.170376080453600642e-01
3.457335275179732603e-01
-5.922337581067573797e-01
1.270803489437799250e-01
4.712337265093430316e-01
-7.468271500545116126e-01
2.070175958605474098e-01
-5.087724962242703430e-01
-3.340173876057684899e-01
-2.131411959812698764e-01
7.233311896849698996e-01
-5.226783057146233008e-02
8.696987416334626131e-01
-1.180425334846238600e-01
-4.137166501191947843e-01
-7.036564442633189698e-01
7.118573109552713829e-01
2.739880121563899665e-03
-7.397598068037982699e-01
1.423566962279313730e-01
-6.082720473757978752e-01
8.084309975398511483e-01
-4.773263165526188123e-01
-5.110613687957631102e-02
-3.641325403613671630e-01
-1.495307655845511292e-02
-4.192287593351065600e-01
6.045284632254671608e-01
-4.273760299768145643e-01
7.046819001636769886e-02
-5.986700168448496617e-01
4.454668630931117312e-01
2.790260651999575958e-01
-6.228993916774765438e-01
1.176778760438160487e-01
-6.696060379395726292e-01
1.407476615336113457e-01
-5.255076944847737463e-01
3.976055518053108195e-01
-6.479137980705258482e-01
-4.648548174408613232e-01
-2.848586066731537136e-01
-2.823247608542467368e-01
-7.331533074025190500e-01
-4.203835651123171702e-01
-4.110823302099658183e-01
1.061069607458633879e+00
-3.216562425105501388e-01
-2.161224574875500459e-01
3.933450303089902067e-01
5.739106446863236899e-01
1.319457265121738221e+00
-8.077002677512927775e-01
-4.061889037168615602e-01
1.285719459626394889e-01
-1.469089607690957366e-01
-1.081935810065010051e-02
-7.527314259017112708e-01
3.050088832547838691e-01
-3.036795203466957083e-01
-6.245736441726766272e-03
4.538823079459660542e-02
4.722057770648335207e-01
1.275451066397018218e+00
-6.584107555427242131e-01
-1.195895990757178812e-01
-3.683841579014228151e-01
-5.942394224840510386e-01
1.289783838622914125e+00
-1.327525553467805153e-01
1.186506287768722245e+00
-5.931198543928554306e-02
-6.953612374661224393e-01
-2.179315603562877179e-01
-4.103824619206019042e-01
4.530933666341815935e-01
-1.700955234331740507e-01
6.713545563985909848e-01
2.415908613426080431e-01
7.785304707058298898e-03
-5.557358086795345375e-01
-2.789154315836256948e-01
-3.012142139055730694e-01
-1.040012769342610333e-01
-7.121802839411951469e-01
-2.798518414611145810e-01
2.990604075040453891e-01
-2.559255953777168635e-01
2.578005414125034145e-01
7.665333920238777410e-02
-8.206708260269746091e-01
5.363732999848884742e-01
4.631131992276329296e-02
1.367897121014471917e+00
5.489753195806335029e-01
-1.913281873982629888e-01
-4.085518405155239008e-01
5.422548641989403118e-01
1.343005021727815829e-01
1.531478861642350253e+00
1.316362405185678153e+00
-4.725822056002882549e-02
1.705311253898280366e-01
2.342973934382562018e-01
-1.257637791299399399e-01
-5.112551995405730659e-02
-4.775505047532752068e-01
6.712848376393368843e-01
2.268830365668105670e-02
1.710006871857697522e-02
5.381718178477076092e-02
1.092049847809548169e+00
-2.780723729458246529e-01
1.547224861253613915e+00
-2.370448126308227765e-01
4.341536135840346478e-01
9.275427319386861935e-01
1.593035127896605396e-01
9.313281422993725522e-01
4.123052109050295289e-01
8.584672298267432833e-01
-5.580937066705422556e-01
5.253065622057953021e-01
-3.071663236643001338e-01
2.774404417889747565e-01
-5.212133797766862475e-01
-3.117457304293215770e-01
3.470821961130585165e-01
6.837379062663580254e-02
-5.812140605533544502e-01
-4.538543983107066332e-02
4.093622025690449306e-01
-3.461227736774009217e-02
-1.611474212397777661e-01
1.524869037351868517e+00
4.204179678691900152e-02
-6.784866901185576671e-01
-3.709883516170875972e-01
-3.656657113344486398e-01
1.374967774155475775e+00
7.281206672611986175e-01
7.342273458534758213e-01
2.302134925873866866e-01
-3.355918824793193700e-01
-6.048472563317817130e-01
-8.903491618853576206e-01
4.736738599801875726e-01
4.219522080379353030e-02
-4.889501823222303090e-01
-2.543473955031445022e-01
1.353147347631922515e-01
-3.549592240275655786e-01
1.154277192184234968e+00
-5.446728615330301837e-01
1.285656090329946044e-01
1.337687944803440110e-01
2.492555043562943440e-01
-2.863449163592359237e-01
1.712036499382343924e-01
3.249503096481047570e-02
2.857696376661061355e-01
-6.068299808538251128e-01
-1.958658439046289668e-01
-3.974476173133640322e-01
-9.465871443581479194e-02
-2.059466964034120107e-01
-3.521474479647642708e-01
1.799063928799496392e-01
-1.853431520742219174e-01
1.224925803159474302e+00
-2.816040881418492847e-01
-1.859841534098431379e-02
-3.079536003334087391e-01
-4.402452043561689288e-01
2.473743683662614143e-02
-4.661281570867006341e-01
-6.598749302549531404e-01
-1.011373055697872558e-01
-2.677056476995509637e-01
4.259951399478378864e-01
-2.490986878307331620e-01
-4.246537456922345743e-01
-6.252730523099673254e-01
-2.237442178162008799e-01
-6.931304692541279122e-01
-6.590195173111658145e-01
1.389209889561585198e+00
4.497801463856144349e-02
-3.662238096231389406e-01
4.939909099729815622e-01
4.950142359494399402e-01
-2.436698068557157371e-01
-7.423739655651779845e-01
2.347275602452573162e-01
8.490578331220075547e-01
4.876661054184139865e-01
4.878904284127180135e-01
1.127822699484603675e+00
1.382408444001226533e+00
3.632126385218846232e-01
-7.436637691057013111e-01
-4.374667513802884544e-01
-2.008651486288164090e-01
1.990531954959408878e-01
-1.088170266018632787e-01
-3.797843562954538177e-01
-7.141511297819953530e-01
5.779268869260897334e-01
1.525850394445678881e-01
-4.488471527874574041e-01
4.503995860678902119e-01
-4.970121631683678820e-01
-5.533497671372750171e-01
-4.855759664924348407e-01
3.117277655734100872e-01
-4.694496296792804307e-02
1.279602912830534456e-01
-5.192576577547749483e-01
2.742948036030257719e-01
1.393362500808906501e-01
4.786342084862194035e-02
-4.439714723445108424e-01
-6.041815632139044961e-02
1.373579779527326350e+00
4.699479994276354287e-03
-3.275285862846275542e-01
6.987596895856454937e-01
-6.881071816429673582e-01
-2.167688821025015311e-01
-7.414211043435100512e-01
7.421245035242691745e-01
-5.644147241510470980e-01
-3.630038612969634926e-01
-6.154910730894268267e-03
-4.146388726569451566e-01
-1.533430965458992268e-01
9.927845501160474928e-01
-1.904569517708169513e-01
-2.322936401381467120e-01
-3.223957424592987508e-01
-4.073071013812429308e-01
-3.349582308756991478e-01
-3.105780594582338572e-01
-3.093579536163220678e-01
-8.909049430053379848e-02
1.025062470280627247e+00
1.481644201691445950e+00
-3.043727820400629058e-01
-1.724367652670896756e-01
-3.737326719811118192e-01
1.562203894581855601e-01
-7.345731435784806918e-01
3.689168253083853766e-01
5.519577403617026423e-01
9.288116571754412298e-02
-5.584127111806108656e-01
-2.394774953558486408e-01
9.711560555457854349e-02
1.268667147084200808e+00
1.856821231603152655e-01
2.763116791915770087e-01
-6.474493423327466746e-02
-4.018056228805415575e-01
1.051297023516948537e+00
-3.655962887950295892e-01
-3.133745610498419598e-01
-5.915163694237407510e-01
1.390404669562016020e-02
-3.771735136819289180e-01
1.092922014236481359e-01
6.294884265185012318e-01
-5.737801412020490099e-01
4.846309769860272509e-01
9.201761077601353644e-01
1.569111454538471007e-01
-3.016287115619940007e-01
-5.369780163595848643e-01
3.526623162301955605e-01
-2.623096469392344754e-01
-5.220624573965890192e-02
-3.555710531633179960e-01
2.856164579551638202e-02
8.737552174299251240e-02
-3.866148373538628169e-01
-2.417212590128932637e-01
-6.080511850584678912e-01
9.789272239070813120e-01
6.688265470615252506e-02
-5.082697658172833366e-01
5.144673551460197114e-01
3.345806490857526905e-01
5.444025513751646894e-01
-1.093791153826580154e-01
-4.051440435112440008e-01
7.626734036168247854e-02
3.472325410152371505e-01
-3.589953671645341737e-01
-7.385894449777967719e-01
-6.215592220325585338e-01
9.274584448752021260e-01
-1.233585928012674998e-01
1.415140381045211670e+00
-5.519321513484238828e-01
-4.348400578952523743e-01
-2.657399631437618592e-01
-1.442188166063574917e-01
-5.128550961755170556e-01
-1.261126810572689161e-01
-4.191356919012698690e-01
-1.949604265405729953e-01
5.749340757944652880e-02
1.148976791432072098e+00
5.127846999598921762e-01
-2.140122564038166864e-01
-5.633911322370680486e-01
-7.430992938442854134e-01
-1.052614412201396121e-01
1.101260808141810932e+00
-6.677214077472308495e-02
-6.831961448327770192e-01
-1.104735528659192556e-01
-5.342392368827185711e-01
-7.888829605752089025e-01
1.424433869019886556e+00
-1.986464582685174007e-01
9.575876586871281265e-03
2.332319153718395710e-02
7.012211668034810108e-01
2.990347072741658674e-01
9.433749133360547212e-01
-7.602190459823171542e-01
-5.375132773872736136e-01
-7.553631263856863676e-02
-1.528047977968473303e-01
3.892473319377643959e-01
-4.546659955944677700e-02
9.879730983733446825e-01
1.757590274596551039e-01
3.265584069826583113e-01
-6.235000632123948172e-01
-2.377662706051589525e-01
-3.516105347816209092e-01
1.033352353394122736e-01
-4.436062053958660378e-01
9.954488747268676052e-01
-6.173960792280303728e-02
5.009174576165699166e-01
2.078089882584276959e-01
1.161979165000353476e+00
2.143453344414038286e-01
-7.083368404285890207e-01
1.257420285857856257e+00
-5.106086898548215514e-01
-6.627185195563435327e-01
2.736754318299251532e-01
2.388759825929582734e-02
-1.124381404201973966e-01
7.678119871757987935e-01
-2.942380695039772398e-01
5.979777412884649257e-01
-3.724279806696366157e-01
-5.180066590141313432e-01
-3.903053559351024604e-01
-6.021290118177482498e-01
-5.369575613849152385e-01
2.915126615509850416e-01
7.783515109430590995e-01
-2.691904688809353408e-01
6.118205437270287650e-01
3.488672727238298354e-01
3.823734492179949318e-01
3.130884028576918360e-02
9.836175653496896654e-02
-1.730804235710075023e-01
3.309154579666832574e-01
-7.135232546766659967e-01
-6.519351380000900642e-01
-6.131044432210516204e-01
-3.190885983496909994e-01
1.069563244817834047e+00
4.034040730470965785e-01
1.414196399594305431e+00
-5.077221583459090581e-01
8.488884189335670349e-01
-3.022705143031292341e-01
-4.879509477105686832e-01
-9.974128791111486203e-02
1.303100904151454298e+00
9.708864547504549858e-01
5.593640802670847290e-01
-6.701929185002836187e-02
-5.486688723258588141e-01
8.203888470711154790e-01
-6.210416152475309870e-01
-5.472227479616676993e-01
-2.368409674343569804e-01
-1.085175384679428617e-01
-5.786116020401793625e-01
1.364931373217788124e+00
-8.254734555680575889e-03
-6.923082771190340878e-01
-6.487099584646289774e-01
6.946224090969127518e-01
7.664027495832349546e-01
9.555448859631957004e-03
4.603186751852531566e-01
1.100574944012990136e-01
-4.599719959076948861e-01
-2.040111235709841098e-01
-2.534853236022360790e-01
2.366868040427709541e-01
4.753596859202337543e-01
-1.356245803650924231e-01
1.048562604039000451e-01
1.162583518192445986e+00
-4.711351695625896618e-01
5.978342495972308601e-01
2.753775721876426941e-01
-4.246201917814526605e-01
6.876009570049953501e-01
1.145534827508689624e+00
-7.196235845755022398e-02
1.120904668545680716e+00
-2.448060542270434625e-01
-2.848404631417656430e-01
4.635644029203809247e-01
3.476911978307519191e-01
-5.250238714401804785e-01
-2.127305899467272499e-01
2.008971994373963954e-01
-9.646744197777420982e-02
-2.184121953037884353e-02
1.456280773094864311e-01
-9.105969736032042128e-02
-4.303788592225005205e-01
-3.914522960574843280e-01
8.112913866725765533e-02
-6.227152751329094738e-01
1.195031021778838048e-01
-1.399168368268387808e-01
-2.302785375168264204e-01
7.859300042724607360e-01
-3.738865573138877574e-01
1.313398388905692993e-01
-6.392701139041498948e-01
-4.252735514235248537e-01
1.078451662925639543e+00
7.570094830459827007e-01
2.988141735538466515e-01
-7.516190394989692436e-01
6.647877505105492801e-01
-5.710928258426544168e-01
-6.288430632877858306e-01
-1.658196718917383794e-01
8.858807549407234777e-03
-3.604007296975020869e-01
5.090407116653785646e-01
-6.592755577383122567e-01
7.345999329159325075e-01
4.211564737915833301e-01
-3.127813976796810502e-01
3.759924912336283787e-01
6.913703107633563383e-02
1.055252976665646880e+00
-4.797162231083031969e-01
-6.634538694585603302e-01
3.079495713260086420e-01
5.346777780425111537e-01
8.801026308334876092e-01
3.385660715115828556e-01
-4.782214985352472025e-01
-1.538713172314976063e-01
-2.099060633895286632e-01
-3.006001645265326053e-02
-3.493972499874560267e-01
1.004898781719853806e+00
-6.580112135062595735e-01
4.554579364368800676e-02
-2.967079908126034615e-01
-2.697767963355578447e-01
2.277356664334469760e-01
1.560468488604169202e-01
-4.681015028822463897e-01
-9.642283778726296745e-03
1.804480747761823267e-02
-4.393218731158651802e-02
-1.768543009620981710e-01
5.008614720518161922e-01
-7.448996834056109684e-01
-5.296892894375197086e-02
-2.865662742615173175e-01
-4.005847723585307940e-01
-3.168049018499444758e-01
5.354852312776963164e-01
-9.155105590261944370e-02
-3.187665549756160677e-01
-7.187887045213010584e-01
-2.376959161097969564e-01
2.139847084873307825e-01
-2.550237734085209484e-01
-3.278253038375310013e-01
-3.290597640825888015e-01
-1.877321209126990853e-01
-3.936884422092009062e-01
7.680980040691640642e-01
5.627288598210688358e-02
1.233292221437961023e-01
5.407998714905662974e-01
3.437879203688089524e-01
2.772635199112131743e-01
-6.014531337884395645e-01
3.856613370995481960e-01
-1.952528753452259791e-01
8.818830108532220435e-02
-1.591803918976716081e-01
-1.264459136499308800e-01
3.509383538262719066e-02
1.153768457392256308e-01
6.505301966012136394e-02
-3.711488341580886363e-01
-3.475683682688767706e-01
-3.933093178239076004e-01
9.708749124349085324e-01
-6.559292204005222615e-01
-1.003278020000017701e-01
-1.503288358337314442e-03
1.151879245375898364e+00
-5.580895098276570376e-01
1.321123668250253846e+00
-1.098868739204065942e-01
1.324194864252913328e+00
-3.240785766315902316e-01
-5.067593793548301750e-01
-2.381824877357791859e-01
2.714821332475768692e-02
3.136370476129107243e-01
-7.088783248652954505e-01
-4.624887461516977161e-01
2.324386726081776600e-01
-5.810871717312636742e-01
3.153978280261768852e-01
-1.765167598695119855e-01
-2.262250011919485562e-02
-4.994637578156437829e-01
-6.808137321605812753e-01
-4.915630804916368279e-01
-1.829738786553389285e-01
-2.458723592680698566e-01
7.962580994323325001e-01
-4.579646975461715286e-01
-2.312096671874323273e-01
-1.336973397135270414e-01
-5.861303927710102002e-01
7.916314662471420419e-03
-5.369183983178246189e-01
9.178005151868265932e-01
-4.158217187312374108e-01
7.422892908510303478e-01
-7.190618228948397750e-01
5.729908679635872248e-01
-2.343491825229780112e-01
8.340979757503153014e-01
-2.862629767315407747e-01
-6.459855745931293303e-01
1.099166526998362592e+00
4.803827653032834433e-01
-1.145709758691869501e-01
-3.744395610115278106e-01
-3.910446689716781665e-01
-5.933610140886758089e-01
-5.008392105561585428e-01
1.389874177976107017e-01
2.898656160476247301e-01
1.710153348070742874e-01
6.394290812381978051e-02
7.229089316883656746e-01
-8.318812975097845674e-01
4.033740056648994071e-02
1.375144964641765444e-01
-7.611497904796945546e-01
3.861971682735428346e-01
2.419469837645754906e-01
-3.042514544760154260e-01
-5.002453845790681974e-01
1.048152202967448154e+00
-4.111372479652212336e-02
-2.441882212976290711e-01
-1.010748942969663527e-01
5.839057428436796870e-01
-7.600702466751910746e-01
-7.181157438490113343e-01
-1.578859551528045621e-02
3.081959586818464603e-01
2.802025629215135760e-01
-2.375911827503846829e-01
5.188864660268521778e-01
-4.490974404745965987e-01
-6.951658755498724140e-01
-2.170398332540086628e-01
-4.341619132103927137e-01
2.102171521335723381e-01
9.948212054987386477e-01
-4.424021013175809536e-01
-6.039983397046120306e-01
-1.568908573691889796e-01
7.902535608573216797e-01
2.106507982879512186e-01
-4.979498449653602665e-01
-2.287716197412094365e-01
-5.022154342924470272e-02
-4.946623403662206431e-02
5.432700824607094026e-01
2.308872626568810871e-01
9.230038418454573623e-01
1.753421435625704961e-01
-1.452721183438018537e-01
1.201414310595834145e+00
1.043689337940938433e+00
-2.353356073070557164e-01
7.260340767405425444e-01
-1.927428480778348718e-01
1.014736704697141723e-01
-6.397042735123418256e-01
4.866056166799770377e-01
-5.407017339859755412e-01
1.159694573003436507e-01
6.710522229171034594e-03
-3.784811824630581745e-01
-1.649280191824873676e-01
8.763012525878020043e-01
-5.083631567523388961e-01
-1.773511970504813851e-01
-6.119588846992091158e-01
-5.249447475791291229e-01
-5.971157297725284696e-01
-5.253597162025537282e-01
-3.477343300154929762e-01
3.284232012906597165e-01
9.143266952475599396e-01
7.249921584095145866e-01
-2.867504389808233634e-01
-5.752188988960388327e-01
7.337925790437310747e-02
1.408958196862790224e+00
-5.021555730677331741e-01
-5.538351701796457860e-01
-2.832620748125097010e-01
8.761161474488904366e-01
-5.490913558667654959e-01
9.132434338861411538e-01
-4.847431316445264260e-01
-5.529904694234402673e-02
-3.081031060622915208e-01
1.365188011997962469e+00
-2.849957423169227622e-01
-6.509545680932971035e-01
-5.824384604605574722e-01
-3.608397050994263666e-01
-5.563688836499244283e-01
7.128471989486958593e-01
1.078304909597567640e+00
-5.102025883450209687e-01
-2.981031588406573563e-01
-1.750526172934460667e-01
-3.657978041296929272e-01
4.893000133543419228e-01
-3.701164612035101609e-01
3.846541038823525493e-01
-6.455309113496848772e-01
7.484331131672579129e-01
-1.132597070259404454e-01
1.093886180753443627e-01
4.596288455658091299e-01
-4.610287037864373993e-01
-6.485805852484276546e-01
5.197666497674849895e-01
8.531132634254148250e-01
3.408576208390901030e-01
-3.387817475521976429e-01
-8.013653676017689076e-01
1.237351444287131397e+00
3.385125621029014958e-02
-6.142325670262006598e-01
-5.199873335995837120e-01
-1.518048049332865190e-01
-1.374251747863875772e-01
6.567309007782498598e-02
-4.075766958381912830e-01
-6.241499904752694228e-01
1.059446823939591775e+00
-4.694067542979223351e-01
7.312467917271329165e-01
1.018937743909349436e+00
2.102100279492192247e-01
-3.790222236813744483e-01
6.331610683106703164e-01
5.716926655247506206e-01
8.681705020964582131e-02
3.517755951166303130e-01
-1.596772831122238862e-02
1.315288393924098242e+00
-4.434993893448357372e-01
-6.393224014961288448e-01
-4.223193355800923254e-01
1.137645314227849092e+00
1.217508806219751882e+00
9.158132407009064724e-02
4.056780551668051626e-01
1.193883509086400840e+00
-5.460585280016941878e-01
1.701667969804362968e-01
-7.003417426841485049e-01
4.982713600439688667e-02
5.401286562715099798e-02
7.147610477357888570e-01
5.696616622720019896e-01
-1.858480525363991887e-01
-6.407060963594856107e-01
-6.531121062482626582e-01
-3.219125710909072624e-01
-3.639720788489933523e-02
6.029949768235671748e-01
7.477774600945189531e-01
7.883517112249661951e-02
3.151387080248123085e-01
8.085885291151735654e-02
-7.537991142005091572e-01
1.449822431056472904e+00
6.990822353503284292e-01
-2.587467956043296158e-01
-6.714035969775044022e-01
4.561050118340898019e-01
-4.506726858335818320e-01
-4.799738492185253169e-01
-5.821618022692339744e-01
2.994891509994679346e-01
-5.262593630277139639e-02
6.484202776613011421e-02
1.049720592913511830e+00
1.901154668702734751e-01
1.915264467332012110e-01
2.007077647175543045e-01
-6.723138355949016542e-01
1.431132510045930450e+00
-6.059906149623011107e-01
-3.968032128711011519e-01
-7.185064674559215048e-01
-1.271940519980380713e-01
-2.825196579281242237e-01
8.053883921967897042e-01
4.355903357966025014e-01
-2.253985536908619247e-01
2.810846658664931663e-01
9.365956730278086617e-01
6.283626887728720467e-01
-5.559900013122199836e-01
-1.481165204854599793e-01
-5.647967247499930954e-01
-1.911082981691968052e-01
-6.541585251233781317e-01
2.597495968999987692e-01
1.208307859630732173e+00
5.470036272633104629e-03
-4.426069112643561398e-01
-1.534054980796783763e-01
1.989590424682768921e-02
-1.603860938324269125e-01
-2.542866157972568097e-01
5.534681684356044240e-01
-6.715261751014848235e-01
-7.579776774396723704e-01
2.911111519318031471e-01
-9.533274981578800100e-02
2.410523442672582450e-01
6.902679782987346246e-02
9.330572851497882791e-02
3.372244320514988791e-02
-5.274377254948907634e-01
4.740684740658579477e-01
6.589864787479362551e-01
-5.058862574265583500e-01
-3.433835536847783532e-01
-3.732350215564214091e-01
1.529917311579749306e-01
5.679843540299173155e-01
-3.434185975361559590e-02
-4.487082515889785905e-01
1.576603589547631579e-01
-3.608003797639373622e-01
-3.676405341161170792e-01
7.079412375040833316e-01
2.557184395396815413e-01
3.677563935907735004e-02
-7.282644968978800870e-01
-2.394425817796482225e-01
6.376488390650515425e-01
-1.196601549833775785e-01
2.009056689092273210e-02
-5.441394667970542720e-01
-2.798481535149308433e-02
2.238542075205803561e-01
-3.555927926506396441e-01
-4.476945780207573500e-01
-5.373391355760682719e-01
-6.822596987606134311e-01
7.229344680912261345e-02
5.531344119602545906e-01
1.304524348040826121e-01
-6.287566068768686289e-01
9.004317096997496161e-01
-2.288254220642383929e-01
-4.138882053395550598e-01
-6.249664691725285159e-01
8.020441309394361618e-01
-3.212322542438375561e-01
5.182597881557543529e-01
-4.207624483415880468e-01
-3.553639715108947161e-01
3.648651160204286481e-01
-2.279963031717807953e-01
-9.456479354808447479e-02
2.782896585023829084e-01
-9.488901000529301535e-03
1.088002631219580296e+00
-3.244994501971125156e-01
-2.866340365738734297e-02
-6.800082870181916039e-01
1.688370507519727781e-01
-1.840733067466123396e-03
4.357049707145346229e-01
4.845791850918530069e-02
1.139926593979016856e+00
-6.463443291492816378e-01
4.955654381604186060e-02
-3.530208292911976020e-01
4.231817466032242181e-02
-5.784373674240705920e-01
-3.371658063901831759e-01
1.390336587744807062e-01
2.544943384846686807e-01
-2.116716374361465314e-01
-1.321978215843296889e-01
-3.583474191969285849e-01
-9.933305912040701902e-02
-4.139319960981729940e-01
-3.087126107196253022e-01
7.975010018258713584e-01
-4.176531231242447961e-01
-5.123606477923657865e-01
1.607105030463874817e-02
-4.017411869327696672e-01
-3.332221839466061319e-01
2.870624955775290532e-01
-8.591374358061132366e-02
-4.752245309489775416e-01
2.941285116736738758e-02
1.361523624741234340e+00
-1.330737344366919317e-01
4.055122912336127650e-01
2.916705965381629628e-01
7.960783063478538146e-01
-3.782019197946367428e-01
-1.769324566416468139e-02
-7.115623742351773195e-01
3.029530267229083029e-01
7.734644817916144222e-01
7.138933054015290935e-02
1.913580063438045376e-01
-5.306973592348587232e-01
6.089098820073474139e-01
-1.628260018153376565e-01
-3.640074016178650174e-02
-1.377422992761637710e-01
-6.327015927877107648e-01
-4.750592441333014171e-01
-2.618103361381033389e-01
-6.567910205808235036e-01
1.632221555368918164e-01
-6.839709727797801397e-01
2.082365075033213164e-01
-8.397710955198089966e-01
7.556854625269914250e-01
6.946124765283169245e-01
1.357193009238323034e-01
2.891314122648916962e-01
4.886336277101955283e-01
-1.610764633142854896e-01
-5.973090406870276148e-01
-1.960159295771471133e-01
-3.461592486670715951e-01
-6.652938451122353269e-02
-6.592263903636469413e-01
-7.261139813556224953e-02
-5.127066239526786307e-01
-1.458751038670237365e-01
1.052204545540988523e+00
5.973261929857224262e-01
-6.094849554495994359e-02
-6.438426481201725560e-01
-4.167557821142370278e-01
-5.080960514140310871e-03
-5.947850027774598258e-01
2.276851437308931025e-01
-1.398946305252961042e-01
-5.616094218033180763e-01
-5.661668705754797914e-02
9.465663682420059899e-02
2.023688723060849404e-01
7.060429461562790499e-01
1.435485780544053791e-01
-1.038622555195137798e-01
3.521554936053188367e-01
1.774247694256039787e-01
-4.660830679650908581e-01
-2.158957411345867328e-01
-2.040105290055400089e-01
9.900194562056877090e-02
-6.367696919694720847e-01
-2.515524227144129155e-01
4.957841386053447597e-01
-2.861436442507619970e-01
2.914052210680125876e-01
2.873175196601760462e-01
-6.327597882860821685e-03
2.721194892760829265e-01
2.050085761079588897e-01
-5.610260930989107164e-01
-4.898635897106130566e-01
4.083566186706235612e-01
4.326635475027525990e-01
-9.532412508435646192e-02
7.863118725935822617e-01
1.932103082875859246e-01
-3.712739347097295250e-01
8.936623419307822280e-02
1.847315814755290733e-02
-4.138172979106649052e-01
3.142601219435253168e-01
8.612882299721640322e-01
-8.816231026710355523e-02
-5.185182213446888344e-01
1.100817296328465478e+00
-3.506946983912833105e-01
-1.029036776166905726e-01
-5.033757458076462132e-01
-1.000108705820220850e-01
-2.607100420185205492e-01
-4.814700957734663334e-02
-3.857881976173533900e-01
2.711277125147982733e-02
-2.466287717472811503e-01
-8.053615005647244418e-01
6.342207797513895740e-01
-6.958059833629822721e-01
-1.136348688444906996e-01
-7.365878660686163704e-01
8.901080870525036604e-01
1.972849221066720615e-01
6.565730182438167528e-01
1.351869715709891340e-01
-7.574901452664133117e-02
3.145358022953284594e-01
-3.875366958373021586e-01
-5.306463683280341348e-01
-6.130370382761587966e-02
-2.696816241675258907e-01
-7.998601144792235607e-01
5.294897652193313320e-01
9.686411904312712540e-02
-7.575061999393468692e-01
-3.820601209084668604e-01
3.602212788372998742e-01
-3.416472073609517768e-01
-1.268823737135193475e-01
-5.391085460912810046e-01
-9.351364826451993850e-02
4.777070589159138070e-01
-5.961434571692181272e-02
-2.404901445721855935e-01
-5.737506780566921094e-01
6.967619121854827513e-02
6.522026598972943123e-01
2.715125413314742331e-01
-5.953042773559613643e-01
-1.489846217858093735e-01
-2.845852405119671524e-01
1.946499274085279896e-01
-5.099125086184229660e-01
4.267983203767761191e-01
-4.396799995062515565e-02
7.650921049481080871e-01
-7.084937350204194573e-01
7.333500951346491048e-01
7.076256118694116415e-01
1.295445483525894170e+00
-1.998613626120269160e-01
5.203008142976530692e-01
7.114618671891578261e-01
2.161563197236073264e-01
4.640290405492469850e-01
-3.163505619781649680e-01
-2.388869409952603939e-01
-1.648161225827501561e-02
-3.008424236179718658e-01
3.303055610475980064e-01
-6.259325525158606629e-01
3.290086441226371811e-02
-7.934331743563932671e-01
-7.804111146139665056e-01
-4.581070236822212816e-01
-3.136876415615488800e-01
-2.537621640066216600e-01
1.122142591407116363e+00
-5.731357433182471262e-01
-8.089998208444694194e-01
-7.702097308772670736e-01
-6.025050390005159962e-01
-3.079402624092180130e-01
-2.814289937724273605e-01
-1.216163778484474906e-01
8.035720046347051559e-02
-5.664612095894949739e-01
4.822245172100328089e-03
-6.427207844954918592e-02
-5.206005650001973573e-01
-4.766363975274766629e-01
1.167273397357373899e+00
-4.111941600716274015e-01
5.644366272164475645e-02
9.602947180288389228e-01
2.240964348934571526e-01
-8.761214002536103773e-02
-1.865311243111471284e-01
6.937126350535468555e-01
-7.202794309058824229e-01
2.003719611333990569e-01
-5.305607810914141353e-01
1.807677409514020783e-01
-6.015640215819835213e-01
2.602104769028580900e-01
-7.097340517181105479e-01
9.508121163564324518e-02
7.361406755479126263e-01
1.151551709026221726e+00
-3.484676822855963807e-01
-2.715342830660686935e-01
-3.544610208132506490e-01
6.486571764540047247e-02
3.974459867420089831e-01
9.515737891029259210e-02
-4.029502664517277677e-01
-6.180907564453689274e-01
-4.317412706115569820e-01
5.180453552126572381e-02
4.125039867830372353e-01
1.093566148559418583e+00
-8.103385712104992367e-01
1.260970809085378397e+00
1.502172424156186681e+00
-5.275181576302996334e-01
-6.685347261190044410e-01
4.334881775692680517e-01
-1.173009980855454215e-01
-4.896363096972389251e-01
4.724839794407330040e-01
4.984018953724261292e-01
7.194899016482851628e-02
2.822260129018405728e-01
1.072065398514398415e+00
3.829477380976157863e-01
2.722883280073563617e-01
3.519328304330150980e-01
-2.050954215706168593e-01
1.158370894482860347e+00
2.871998401810711976e-01
-5.046512756003679323e-02
-3.829851118866114956e-01
-5.247902393840160329e-01
-5.446659715079031905e-01
-1.860054400910479133e-01
-1.415945221722250402e-01
5.422815620385276758e-02
1.760565890950695905e-02
2.605971594970058480e-01
1.621579284385932240e-01
-4.122618857826076955e-01
-2.429334422586517939e-01
-2.463029485282741404e-01
4.883127169776974030e-02
-1.946122278759475355e-01
1.731151245186734466e-01
-2.436433770348873373e-01
5.470117889458233629e-01
-2.260278419061169664e-01
2.886046938338918677e-01
-7.293251166188254031e-02
1.426708497689832766e+00
-4.255702039456409902e-01
2.777986187331012990e-01
-3.629173687445577667e-02
3.502902731403325087e-01
3.112123270730499658e-01
-2.980991974023520230e-01
1.377559584524593594e-01
-4.721829469728575090e-01
-5.903831287556751128e-01
3.697531431783087075e-01
-7.757747506953547312e-01
-1.142584111537132963e-01
7.471559696528656813e-02
4.344767529529081629e-01
3.339152746224196000e-01
-4.028295002249517309e-01
-8.474780382295639403e-02
6.279778326755763862e-02
7.248776487515634637e-02
5.505100875097201918e-01
-1.377236599167725728e-01
4.888402156448649616e-01
-5.232357758860136654e-01
-1.088920799738098827e-01
4.205025176618254479e-01
-5.710614353122764886e-01
-4.166149015183426285e-01
5.697257191925252789e-02
3.363269578509706648e-01
1.173023020474513567e+00
-3.774416436967888977e-01
3.330842993239641614e-01
-4.289934275952338449e-01
-2.582990907354972832e-01
-5.732919752529670454e-01
-4.693477099304415590e-01
8.104416056855314743e-01
1.313472810735308194e+00
2.151124487649360567e-02
-1.289943235791811416e-01
6.336536890072079764e-01
-5.484281908668765526e-01
-1.411973647512546892e-01
-5.287888473922801313e-02
3.482261964039951585e-01
-1.109530108795294956e-01
-7.239938552509143088e-01
-4.309852507447175518e-01
-2.355122529117574873e-02
-5.239442536575913412e-01
5.825277449774038940e-01
-6.101140208680724264e-01
7.257232289369617284e-01
-6.586372947598227723e-02
-4.649508360346099045e-01
6.087879692824822442e-01
1.201609031093310076e+00
4.776733857820497642e-02
-4.377856653688486088e-01
9.045799147859945322e-01
5.361642765468904032e-02
2.724719318045963345e-01
-1.848601400854675558e-01
-6.167131110706907116e-01
-2.816807218718014871e-01
-3.974707242149229103e-01
-3.076219064761866462e-01
-3.066623736039136849e-03
5.063312616178141656e-01
-6.033649815056517651e-01
5.782724208576548452e-01
4.327460351369647462e-01
7.761426280963823476e-01
1.562554781031867401e-01
-4.011002537333238638e-02
6.968845229221504178e-01
-5.400045063402141299e-01
4.595343728819744622e-01
-2.052129156233408469e-01
-5.639724254095499489e-01
-1.627426091471688430e-01
1.820764617414460107e-01
-2.023688996424142794e-01
-4.274402595849833286e-01
7.577138868451037401e-02
-5.740769580051323651e-01
-4.236855017281382363e-01
-3.554254313395101006e-01
-3.279656602232250973e-01
-2.460922543883655167e-01
6.332076192444004992e-01
-1.453839539420069826e-01
3.634896936982707442e-03
3.752537945083669890e-01
6.565773002955710425e-02
-6.405869944674445760e-02
6.715557040439094072e-01
5.064700003199691380e-01
2.203001888935804953e-01
1.170999657780811970e-01
-7.462685508056629002e-01
-1.380899440616148999e-01
3.013657305424777832e-01
7.608180095774776941e-01
1.064904853201239510e-01
1.054586566071670506e-02
-5.440670802894075342e-01
-6.993242669732405714e-01
-1.834899542765550395e-01
1.194626968957218927e-01
-4.328156902306273257e-01
-3.320860377338373248e-01
-2.861668738324482097e-01
-2.135452850000410241e-01
6.499029652156333992e-01
6.023079563710780349e-01
1.470785998450900633e+00
8.191133594280962660e-01
4.143932617760621717e-01
-5.263240317718780314e-01
-5.202649449674063842e-01
5.999346275130823525e-01
5.974268275018205232e-01
3.997893395732909361e-01
-4.082621056960952233e-01
3.378893568217207211e-01
-6.281365679246361244e-01
3.718474661050052976e-01
3.147647362104613600e-01
-3.171827012407191781e-01
-2.701520600236635428e-01
-3.536482816507770521e-01
1.356597647099903936e+00
1.069599744651806406e+00
-5.980080456248314524e-01
1.723122582005850445e-01
2.147625437549671376e-02
-7.482240627221699303e-02
-7.412519509725090661e-01
-5.869826572643734863e-01
-2.025350570427635055e-01
2.210317951710500939e-01
-1.875167327156374367e-02
-4.223855428858441785e-01
-5.323145106816285638e-02
-7.280078942548786625e-01
-1.241764263038901833e-01
-6.214834498399508522e-01
7.634132043782917432e-01
1.321310804432861974e-01
-2.441630751817322198e-01
-2.161073539947253042e-01
1.286525957400989073e+00
1.092974287806264044e+00
-1.538319437454269134e-01
7.737057658289616668e-01
-6.776008523018633989e-02
-4.785764600164718607e-01
5.390723955410171575e-01
-7.175213121595782617e-01
6.134923432741997695e-01
-5.519975993982845219e-01
2.479570121864966559e-01
-1.539416615751757755e-01
7.216699016761023155e-02
-2.497770402028216818e-01
-1.439990754883030966e-01
-4.171759906570499665e-01
-5.695167195531732895e-01
-3.247719243419657786e-01
2.120073194196213651e-01
-1.504642549889708691e-01
2.254691522350599220e-01
-3.160807721233516859e-02
4.063298051113499731e-01
1.374660372424886923e+00
-3.034454896037663829e-01
1.129907135407254848e-01
-5.671753593281436689e-01
5.308410131727794301e-01
3.510262161995562902e-02
-3.901703296454729353e-01
1.383144443032106485e+00
-5.236870028530905552e-01
7.353084147680690741e-01
-4.522492218591507851e-01
-8.247037866429592912e-01
-1.417103176324702729e-01
4.721957626544232012e-01
3.757593813391568172e-01
1.574702435259097422e-01
-4.564642644469120158e-01
2.515496020351994377e-01
-1.823887431653813951e-01
-4.885756981443168390e-01
1.145018566459395482e+00
-4.911745554638174416e-01
-3.065703191979923803e-01
-2.408129735594966292e-01
-7.121906978788227205e-01
-5.964781159409277000e-01
-3.668862258532582521e-01
-6.906046716680321884e-01
-4.261576473394959597e-01
-2.036865199640832957e-01
-7.268566933225688587e-01
-4.091207588862063593e-01
-1.618236926604455783e-01
1.258616147487810588e+00
-5.790697438670374536e-02
-8.265481892363853167e-02
-3.108141731458002321e-01
2.069581174565903736e-01
-3.154998802528410917e-01
-2.189936721786542029e-01
6.399646910753781226e-01
-4.083556398433093038e-01
-1.762151400103437182e-01
4.496173042313122981e-01
-7.152294308324971261e-01
1.319978797472704413e+00
-4.016101968463335892e-01
-2.415749214273234247e-01
7.338549547164120446e-01
-7.822975081430264543e-01
-1.744596203238543697e-01
-6.036567063111044629e-01
3.278246559973029273e-01
2.939130205118768990e-01
-5.517890198452660849e-02
-5.292371146193138864e-01
-5.712187253189309200e-01
-5.903196745648625621e-01
1.199233599332558270e-01
-1.145794535054170810e-01
5.722496835054181191e-02
-7.518751051817493258e-02
-2.963849614463605620e-01
-5.373028304825793189e-01
-5.710058511492003275e-01
-5.019936914924694182e-01
-3.635382106507856204e-02
2.286574679415543515e-02
-1.839320889392874192e-01
-4.452798920004886196e-01
3.055667659519623602e-01
-1.114519774468818447e-01
1.001921347767998488e-01
7.324228082686216057e-01
1.785543766635740246e-03
-4.031082304484419621e-01
4.565403989647717209e-01
2.229163210290634189e-01
7.758201502280751560e-01
-4.533314038501294330e-01
-3.087865307971920936e-02
-5.352184134584749842e-01
-5.919612888888038660e-02
2.726792441812053713e-01
-3.905062461759080672e-01
-3.734625955936303199e-01
-2.220432255243467157e-01
-2.607832722339194567e-03
-1.277538541661942806e-01
-2.732859862953421759e-01
-3.687791084053421709e-01
1.389905153905805157e+00
1.719014960599017094e-01
-2.110533382060658658e-01
6.711108151922688947e-01
-5.022284216942862756e-01
-3.469472103769216664e-01
-2.054252684728760936e-01
-2.101889945848216257e-01
1.172404936230193040e-01
1.995913760803532389e-01
-3.590548081083017040e-01
-6.136757275274518780e-02
-3.063487905903947150e-01
-3.089068716336040854e-01
1.181941964596079780e-01
-2.943942718200073250e-01
-2.693428423525524029e-01
8.179565627503987413e-01
-2.639567789557443200e-01
-4.519941202525212809e-01
2.647655281425690954e-01
2.094557010078826609e-01
-2.665782913473637716e-01
1.064138412617751550e+00
3.235722856011455928e-01
1.301039621114703282e+00
4.415675325847794319e-01
5.465588982604830948e-01
1.234192758731085804e-01
5.336884263992229815e-01
6.219550905012775077e-01
1.611256741798249015e-01
5.740957501311375749e-02
5.442339902919018924e-01
2.997236275789493809e-01
6.183702331361893290e-01
-5.274797033500155941e-01
7.589712051399526427e-01
-5.056584197214355481e-01
9.952065568665438011e-01
1.445668259954144830e-01
1.521505926718225710e-01
8.630900928236276970e-01
-5.034119651469138867e-01
5.094985117930779239e-01
1.024406706149859847e+00
-5.828802973144999733e-01
-2.530924485490836373e-01
4.385911189350141237e-01
-3.921809246223406098e-01
-2.960270541749294160e-01
1.183523274916050416e-01
-4.250494874790779476e-01
-1.169297956490729928e-01
4.969013387384844244e-02
-4.650946602684701836e-01
1.135350340560725702e+00
3.259516878835801851e-02
7.421893558311354333e-02
7.346606696371942302e-01
-4.993315118761305627e-01
1.105328678279797527e+00
1.447816563053690775e+00
3.448439307228485240e-01
2.260807632087475927e-01
-8.651167200284767267e-01
-3.851342319407520809e-01
9.080320711291524349e-02
1.080676872692218238e+00
7.576467214960589391e-01
-1.084013958300918540e-01
-1.265850357436942575e-01
-3.327450102551040012e-01
-3.922599155455008813e-01
-1.855650817665201180e-01
-5.022003698083414847e-01
4.604652559048805216e-01
1.242546683729011531e-01
4.331733105239390369e-01
-4.272485647952829479e-01
-2.000425330120978451e-01
-1.338630343040971282e-01
-1.763268402373790317e-02
-6.539829297013726173e-01
1.092389478170022049e-01
6.126646543386963240e-01
-4.779230684680396690e-01
3.135332255508362087e-02
-2.400650256860756004e-01
2.502663518926056541e-01
-2.880121420770388463e-01
4.153044432117085072e-01
-7.400210564564798643e-01
-5.445167485278590291e-01
5.498408293911956346e-02
-2.925156871411074277e-01
5.933205350573123038e-01
1.266178171895153026e+00
1.603097466319677589e-01
1.900391076279357438e-01
8.159435954393012835e-01
5.723210706519944457e-01
2.709439637789421984e-01
-1.307339049125701425e-01
2.069252182769910353e-01
-6.765372073372732942e-01
8.455196437487337846e-01
-4.239679226553373925e-01
-5.906211781717840559e-01
5.379853525390405622e-01
-9.115623804588415813e-02
-6.392392452913229217e-01
-1.911057660657867474e-01
-7.655633507587911168e-01
-5.295855485987974731e-01
-1.035959250816686633e-01
-3.577364797164263588e-01
1.136053958327875923e+00
-4.889791269551383573e-02
1.306185486281626895e-01
5.626721389499963477e-01
5.432505471634699878e-01
-3.048663153186128016e-01
5.099706270018314891e-01
-2.228040423057814634e-01
1.832377142369653600e-01
1.141801847293344663e+00
1.220923559020707039e+00
-3.147944893348940121e-01
3.514310083720535993e-01
9.939272120352946605e-01
2.607264605370708810e-01
-8.965637957683675330e-02
-3.505466157013402695e-01
3.620495980360669552e-01
-4.350103329556673226e-01
-6.291234324397509958e-01
-2.406513385919521741e-01
1.939304336963066644e-01
-4.122744127483343179e-01
-7.150949922920826207e-01
5.343355471560988779e-01
4.984412216793621675e-01
1.217259646955052149e-01
3.405472852195433608e-01
5.909719080741220321e-01
-6.410433366199528304e-01
-2.621749937474896486e-01
-1.301457291446695697e-01
-1.914448553110573437e-01
-5.907375036744265395e-02
3.027197571629745843e-03
6.314499912386334346e-01
-4.646673368623799871e-01
1.436110828821838548e-01
-5.547635582216171868e-02
7.530452463958238196e-01
3.887535563448983877e-01
-3.559791281285623610e-01
-9.428698540501624648e-02
2.168480651413908222e-01
4.012925565481382795e-01
-2.258342493561370790e-01
7.053582770054718232e-01
-1.958394881554008093e-01
-3.418552925658013830e-01
3.101867541762962088e-01
-3.588366214299809065e-01
4.658787166892944948e-02
6.699226974975136528e-02
1.793379129569492025e-01
1.523656343677231018e+00
-6.399246682643549011e-01
2.088189122193113978e-01
-6.824906705702070697e-01
-6.723691705814088815e-01
1.419304141541355646e+00
-6.338841038754414736e-01
1.554507171018421618e-01
5.335213365391010959e-02
3.352136538625703488e-01
3.637563634767518317e-01
-6.356178178114932908e-01
-2.710206404972488256e-02
6.482314391347598903e-01
1.170199064054493893e-01
-9.043110589388379805e-02
-5.326000177146726910e-01
2.025103798268759747e-01
1.045557465267948238e+00
-2.020920425671718368e-01
1.731160101004391300e-02
-5.809301000751538879e-01
-4.804610221020682581e-01
2.090667174039363141e-01
1.092167261994870901e-02
1.101208082812977551e+00
2.792766872931493616e-01
-6.129944896794113918e-01
-1.595769180790160002e-01
1.844904438712047512e-01
-3.892657980805892121e-02
2.456240276126656352e-01
-3.576968451446457115e-02
-1.674821997014800908e-04
-3.213462575736515947e-01
-2.254955394878925545e-01
-5.655956238843794504e-01
-4.818897172663038492e-02
7.598061873411189604e-02
-7.590124470435682946e-02
3.972516464354454713e-01
2.963820529840489604e-01
-1.187480119166058924e-02
1.469570499891472148e-01
-6.042639874195356864e-01
-4.232534235879824580e-01
-6.120868802174930234e-01
6.596697239400406421e-01
2.749370445752977177e-01
-7.457464658484651565e-01
-7.401838952597610266e-01
1.285603481196691877e+00
7.204931609899427603e-01
1.328945607144047525e+00
-6.263342661445663317e-01
8.876672407459165193e-01
4.968461582157333578e-01
-6.002104579669478301e-01
1.032647779721677095e+00
-4.114015063951504958e-01
-1.917723753547094789e-01
-3.970278242684449621e-01
-2.007067803239342973e-02
2.035326567469205594e-01
-9.458934964321759342e-02
-3.028390768722831194e-01
1.695545415861258176e-01
1.010795967521647354e+00
3.661785946879430598e-01
-4.811898520441639793e-01
-5.300942818714496907e-01
-7.092869908486163499e-01
-5.143726088348091752e-01
-1.868659146526131798e-02
-1.669514089862725037e-01
3.611950914677749536e-01
3.175616207613391473e-01
4.195927733951108907e-02
2.733960165266005604e-02
9.076628361325390637e-01
-1.062831696995142211e-01
4.409678546732092030e-01
-5.045538878450911424e-01
5.810207151726668462e-01
1.102731890210045806e+00
9.717730477899422237e-02
9.598079692868922708e-01
2.822280217620576903e-01
-4.105234321105243230e-03
-1.816631271552077986e-01
1.052929043071144655e+00
-1.455068203556199036e-01
4.593561823778624653e-01
-2.464339031395267887e-01
-3.464499576643477463e-02
-3.310869032940013668e-01
-2.315460435621273516e-01
7.126501020981381718e-01
-3.282833681510247820e-02
-4.728048444317532462e-01
-5.017428664490568568e-01
1.401451312677617356e-01
-6.076497043389845754e-01
6.448220394535010280e-01
7.101016213527297505e-02
9.232191436676517871e-02
-3.333415860254321239e-01
1.097434813921259744e-01
3.154855089526636958e-01
-1.307927346175009331e-01
-3.413726504252614369e-01
-5.158920610434412080e-01
1.520053417158911124e-01
-1.516525579855012573e-01
1.311556716933052646e+00
-6.388073077131978250e-01
-2.626687363210954973e-01
7.469628402658786692e-01
-5.295701459410245837e-01
-5.408453277665800085e-01
-7.134303303852452816e-01
5.525830568624505723e-01
-5.768930965443329617e-01
-4.991861312160410513e-01
-3.296517705675345300e-01
-3.990453826948088256e-01
-1.804131167814757575e-01
-1.923447402365274228e-01
1.040376361531087035e+00
-4.421969758079184465e-01
7.312673369739621787e-01
-4.903360405173610298e-02
-4.798345062354794077e-01
-6.908106896206657188e-01
3.592994813028566048e-01
1.088052082668728548e+00
-9.487203183943190843e-02
-1.063546554103957098e-01
-5.148169201399414030e-01
2.176771698660108154e-02
-1.724724592291795033e-01
-3.892862740441739855e-01
-6.063961975446473252e-02
-5.547767499003726233e-01
-6.414321125471476870e-02
-3.234876230320367640e-01
1.469018534571655821e-01
-1.616734969708357450e-01
5.250039115674349777e-01
-7.268747411796776525e-01
8.484437836250685594e-01
4.217088538676843634e-01
-6.184713526427120245e-01
-7.355261660491843045e-01
-4.166349160994105016e-01
-3.002876209507671645e-01
2.425567430652372791e-01
7.016635167445725053e-03
-6.445245462965687455e-01
-6.090009197140850983e-01
-4.052405614437375458e-01
-1.955165678425788145e-01
1.001452059043641984e+00
-2.886051291449422962e-01
5.610273683605118133e-01
-5.221143215206928371e-04
1.002281211524451932e+00
-2.762366784093809868e-01
-3.711996258857429565e-01
-2.308403319251588204e-02
-1.732609230473800277e-01
6.404772838188593775e-02
-6.174811109346226567e-01
-8.075058590842831840e-02
-1.041944945893447105e-01
-1.824200555156503256e-01
-1.527306864515440010e-01
-2.565418191786898450e-01
-3.282112405436966585e-01
-3.711938772352871285e-02
-9.109133975021742602e-01
3.303866162134931894e-01
-1.064803448528932606e-01
-8.163108777258027970e-01
-2.958900278667367725e-02
1.574350310583494117e-01
-1.042508943899773943e-01
-2.155512898759439355e-01
-2.020343051359038689e-01
-9.097664980485296871e-02
1.024846253974737165e+00
3.997314947525067441e-01
1.416221339185633893e-02
4.098160827962109565e-01
3.303054609176410139e-01
7.917388945682565238e-01
-2.724667016884940729e-01
1.283421159640021125e+00
-2.653495330075570369e-01
-3.678861173897339243e-01
-1.001643735206503433e-01
-5.817241807644291107e-01
-3.311220564440923164e-01
-1.106223410177976790e-01
3.710115505515866885e-01
-4.771086185432171778e-02
-6.074496071594467361e-01
-2.976050872735925279e-01
5.938114019987490444e-01
4.196475119264161391e-01
-4.283342989927372418e-02
3.762218044554763163e-01
-3.081080931072001650e-01
-3.158288690953582334e-01
7.275233523738025010e-01
-4.125140557956548104e-01
-6.551715523214757253e-01
-2.802331720060944886e-01
-9.754027169027360000e-02
2.421508136347411688e-01
-1.850793431494544561e-01
-6.596276050114506795e-01
9.136839180361358559e-02
-5.587764775049386401e-01
-6.723449739816068638e-01
-2.435791555961842880e-01
3.730736481718093245e-01
-1.985457230785827032e-01
8.456044433890943512e-01
-1.354479949902165081e-01
-3.073318109853256930e-01
-4.138163174273569722e-01
5.565512978800295912e-02
-4.498866948795060550e-02
4.134403017391063417e-01
-9.198139110139585961e-02
1.129316843716198226e+00
4.491656280533935508e-01
-6.915410971890162406e-01
1.400756626740650823e+00
1.210655661516651938e+00
-4.014920106867265748e-01
1.249066796816956648e+00
5.277549004200975391e-01
-4.814048446400976955e-01
-3.987573025896739565e-01
-2.182622805135848998e-01
7.950446167550380139e-01
8.252209025016716826e-01
3.462846198490471955e-02
1.847623561210877674e-01
3.360527394514323252e-01
-5.828271595920068160e-01
5.519546339859292550e-01
-6.227795928755778254e-01
-6.233504239250416967e-01
1.450127741772452294e+00
-2.279373717661900903e-02
-3.702234772784836481e-01
1.479866677474850789e+00
-5.274847911487473562e-01
1.272008052783926590e+00
3.176680110993517769e-01
3.173500980090752238e-02
-3.187060380912518087e-01
-5.615178416705788114e-03
-1.984279314054779031e-01
-4.755617415513815338e-01
-2.646722535128780973e-01
6.104505212158487515e-01
-1.260422091388704738e-03
2.292793676584791718e-01
-6.132261531270393196e-01
-9.791660982950900483e-02
4.811952739608434115e-02
-3.736255668541085817e-01
2.464054290551179749e-01
-6.531847241799307313e-02
-2.519344766882333775e-01
1.329270529087433150e+00
-7.676486622391627268e-01
1.612152548819495990e-01
-2.953965925678134763e-01
-4.563358517503833811e-01
-8.587542642063586973e-01
-2.228310123219273686e-01
-1.458932082414833298e-01
4.788345032397539613e-01
-6.488475562343454239e-01
2.009501029035250241e-01
-5.785981960241010080e-01
3.639175006934505241e-01
-5.876413762741257152e-01
9.816178359606350101e-01
-4.609100192517550099e-01
2.788676019142370954e-01
-6.500663848157558489e-01
7.525124589934846508e-02
1.115685513960984476e+00
-5.314181313066999035e-01
-4.629679985447490154e-01
3.017346863032761561e-01
-2.062744500116730217e-01
-5.281848510809500352e-01
1.027575179742986400e+00
-1.175904180413253342e-01
-4.937238674175520869e-01
-7.961237456812995938e-02
4.109604999405725989e-01
1.729206797023279674e-01
1.238887206690824527e+00
-5.465094416661256949e-01
-5.231517096071962580e-01
9.842053557231241756e-01
-4.204251233686604472e-01
-4.016414333514370938e-01
1.396503616616528332e+00
4.722880751872251537e-01
-5.252117280927508514e-01
-8.893612444236620451e-02
-5.252216488701647590e-01
3.792277262319916353e-01
-3.212646867429299058e-01
-3.696330233430926149e-01
5.942390905072880702e-02
-1.695480481857836452e-01
-6.119314297958553528e-01
3.056183481813498082e-01
-7.200528098485531325e-01
-6.690853261542825114e-01
3.120478045146778956e-01
1.066876309961065861e+00
-1.581111975286831478e-02
5.468141652433285982e-01
-3.865277126088993986e-01
1.233948755024131039e+00
-4.112022843482966428e-01
-3.152643080401043574e-01
-3.065394633262248925e-01
-2.799114467507716753e-01
-2.088281299413921599e-01
-5.244628581932800904e-01
-2.359802928306422437e-02
-1.778068676805608095e-01
1.029513004175076407e+00
-6.016356905962945145e-01
-8.081758829157874302e-02
-1.952536918686536838e-01
-5.707031026375523897e-02
-4.064472387176769619e-01
-1.165593097400940137e-01
-3.934527601893219040e-01
-5.476432353987993329e-01
2.938709832288577406e-01
-5.587003967327642401e-02
-2.084655483505963303e-01
-1.099487521333913503e-01
-2.428217357612804939e-01
-2.442445936901629644e-01
1.251779233817266190e-01
3.603252978147466479e-01
3.100082765992244749e-01
9.984078973900902820e-01
-6.568320025554242637e-03
3.085681355947465510e-01
-6.375043306075565130e-01
-5.569345272243049205e-01
6.419105579803927597e-01
-4.216811175241385601e-01
3.639802660810699808e-01
-7.492346505042536686e-02
6.406211708525794135e-01
5.075040617851975799e-01
-2.203666988604147670e-01
-7.196190086977175548e-01
4.096867386923177534e-01
-2.232235039793830367e-01
1.063859636964328059e+00
-4.672473958127320026e-01
4.395835030465656268e-01
-5.271926753974280899e-01
1.771988900431512581e-01
5.939166176964442295e-02
1.186362052258792765e+00
-2.554149539945400615e-01
-3.023629335235802906e-01
-1.968052725049835860e-01
5.962415785835453730e-02
1.319660727203596506e-01
1.324891032206614527e+00
-5.593838069915334499e-01
-1.487867647699215867e-01
1.625187699360881172e-02
-4.495920586640244493e-02
1.229725101537321036e-01
-2.611878391303532609e-01
-3.485769156994361073e-01
2.341553024177318032e-01
-6.732179066221374297e-01
-7.499034001843739583e-01
-6.534890941741228199e-01
3.475752927781138035e-02
-4.705899645736949521e-02
-1.204129722867061103e-01
6.192155209336986516e-03
-2.187993947710354867e-02
-5.378177059289243056e-01
1.869736478636520316e-01
1.669623724291677269e-01
-7.013325743940383994e-01
1.162633830762501264e+00
-2.822972247155322578e-02
1.444855839942826403e+00
-4.472996087226080442e-01
2.527409363715852897e-01
3.581285006577816232e-01
1.912636155436360230e-01
2.683672744051495140e-01
-1.219436232735944398e-01
1.196543741562003271e+00
-3.699242687856436618e-01
-4.522002766681633146e-01
-1.734440878472281178e-01
-5.834322683367708651e-01
-7.367452693851921364e-01
1.917448799880727139e-01
-1.461137959945509879e-01
-2.153503763900086465e-01
-2.171566019875441345e-01
2.441105486567799743e-01
-3.994640967030046452e-01
-5.804237981149041881e-01
1.290935387927168998e+00
1.068774970187027051e+00
4.175773851002968495e-01
-1.222748814810385859e-01
1.181834081094437883e+00
-3.943138235336852704e-01
-2.850829071606532372e-02
-8.785175337126865935e-02
-5.097223859641312194e-01
5.964074214671296614e-01
9.869531991809192550e-02
8.807249576642236510e-01
5.613239069098022727e-01
7.938757381233994825e-02
-1.468187497573378575e-01
-5.229232317387152440e-01
-3.733949661517579344e-01
-3.696806459645173709e-02
-4.756415309349754095e-01
1.148990090273066533e+00
1.002548554058632746e+00
-3.489250671581700658e-01
-5.442723767070161145e-01
-6.498098449152285572e-02
9.901803038069232343e-01
-3.598800943147479892e-01
-8.989569209317904708e-02
-5.375489156204535934e-01
3.037814909111789530e-01
-1.983266176953482965e-02
1.230476879202316187e+00
-5.279852315234091487e-01
-1.452169423353508459e-01
9.629002694159553843e-02
1.139218398308032398e+00
-2.098976642114794844e-01
2.843590482710467993e-01
3.127103502070608526e-02
3.215949913082783995e-01
-2.070040333066100469e-02
-8.090480917482012480e-02
-3.197412987470018564e-01
4.132869746767112856e-02
-2.844824601251048218e-02
1.055431917312600554e+00
3.130055315550442918e-01
-2.868769605095913833e-01
3.166546349990951859e-01
-5.646434287827196696e-01
-4.128022074143143372e-01
3.092881000681340156e-02
-2.090455469969817737e-01
9.754181740304049830e-01
-2.375709265543488047e-01
-3.773472999471080280e-01
2.588948502169586274e-01
-2.618074562948392026e-01
3.745736469984423112e-01
1.082672905055771073e+00
3.543175473742244397e-01
1.546514211621268509e-01
-4.929793287256020173e-01
6.188974766271020389e-01
3.173798211285862592e-01
3.980301386303535666e-02
-3.021698102752508608e-01
-2.712748404626922349e-01
9.476452018970460411e-01
-8.225052343319242398e-01
5.789981592427230206e-01
7.970298054247803021e-01
-3.765717828292531322e-01
-7.834790354969070059e-01
6.788451076066402690e-02
2.630876916819334110e-01
-4.602447296934743526e-01
1.667085253190984939e-01
-3.234608056089237627e-01
-3.127625233931322635e-01
3.797359807892899397e-01
1.520972999429592021e-01
3.796737422830595010e-01
-8.017732884126027582e-02
-4.356801276480197216e-01
-4.662628490790211022e-01
1.946326110229844308e-01
1.070716415953764988e+00
1.091421385274521816e+00
3.091384966583788918e-01
7.871839145781447389e-01
2.293995705485817604e-01
2.571111031798148927e-01
2.709163297877651977e-01
8.344013841565712797e-01
8.278942629077601367e-02
2.338457896446139994e-01
5.057911549148111918e-01
-5.600618440738897030e-01
-3.270896986724263211e-01
-1.862534304553039033e-01
2.857343296193354601e-02
1.185451313264050732e+00
-3.936972170422276679e-02
3.171270309434393586e-01
1.289831013318112340e+00
8.661887156682169797e-01
1.303882710054160787e+00
-3.611102890391588716e-01
-4.004896340635746288e-01
-2.883095715584200192e-01
-4.332842475088281020e-01
-3.676775873423155372e-01
1.497809905946248521e-01
-5.126624630671827720e-01
-1.420185057129097206e-01
-1.001246594745115737e-01
1.921235178472942562e-01
-5.677093622200245493e-01
-2.218301473201362839e-01
-8.678636591762717289e-02
5.729894399100367020e-01
-6.291818834070296296e-01
7.635126197422900836e-03
-4.102015057308746604e-01
-7.033200766133583803e-01
9.995369060217912383e-01
1.221017597378377430e-02
1.326350189405297864e-01
3.062800593247446135e-01
-5.382565747674648016e-01
3.677241144683621732e-01
-7.280392472180680086e-01
-4.631494890300837386e-01
1.239738150711234610e+00
-8.559384550744360276e-02
1.448339593132662362e+00
-1.670580987645451376e-01
-9.858196773146495062e-02
7.396564880465966718e-01
-4.264225454945601568e-01
1.170740461189727188e+00
2.476321034284970357e-01
-3.044284447583771036e-01
4.012055049383944638e-01
-5.246864144407569208e-01
-1.347216336196074005e-01
1.342454840450525710e-02
4.496688112041490326e-01
-6.148353327342201968e-01
-2.906251843227629639e-01
-5.001649202840647845e-01
1.581535471501432227e-02
2.210146862801353265e-02
1.518723291204787940e-01
4.278004955046675328e-01
1.391888649494610997e+00
6.950287586677225127e-01
-3.308412939598868174e-01
-4.869807180613995312e-01
-9.352009037832800797e-02
5.030717465970760416e-02
3.930526061027896922e-01
-2.466807198143116941e-01
-3.491791569223952618e-01
4.995943780010975721e-01
-1.644255150080715377e-01
-2.680716216223408277e-01
3.022320467862534277e-01
1.384547782557068729e-01
1.309286083240546628e+00
-2.890233807334914862e-01
2.408223292770274027e-01
-6.300846724668165422e-01
-4.660938505191829506e-01
4.295548076776268265e-01
-2.008846434002475589e-01
1.336606896663533328e-01
-6.973416325843733166e-01
8.847640921792198077e-01
7.810922156748655309e-01
1.444333374201639097e+00
-5.326456950718372330e-01
2.036321935381042170e-01
-7.351552725242773700e-01
-7.980631991911721901e-01
1.361033609622888108e+00
1.360489812305599511e+00
-2.008402114794175242e-01
-8.529528804874744186e-01
-4.471644789544953480e-01
1.343815155893020696e+00
2.484188770150655423e-01
1.313012188267315805e+00
6.396353447160743055e-01
-4.563388959706039527e-01
-2.573655577090242508e-01
-6.614970304995515527e-01
6.674431177062692955e-01
4.343824280495749979e-01
2.461238475378355051e-01
-2.743935040670916758e-01
-1.512106993180296899e-01
9.180160341564858051e-01
-5.240601488838289024e-01
2.676773378291197325e-01
1.311642326349395260e+00
3.621354805466525106e-01
-3.885827937869941184e-01
-7.590170002736642552e-01
4.380563170153721209e-01
3.591628148105545648e-01
-7.519385369699438382e-01
-5.213358217962321683e-01
1.226197428010037838e+00
-1.456270264133764925e-01
-1.560840068985165363e-01
-6.979451090479962261e-01
-3.176278439732425074e-01
9.392141705691051667e-01
-6.177669348255165893e-01
-6.891722822852298647e-01
-2.204705930745027576e-01
1.370894008712988110e-01
-1.387874269713980924e-01
7.259962613742214355e-02
7.923951014907620882e-01
1.288915413825821643e+00
-8.682580975224461761e-02
3.453133837263779315e-01
-5.356481666421766263e-01
5.161498206157670854e-01
-5.228165945172863482e-01
5.741241563197485576e-01
-5.001304182516375790e-02
-3.675591468217204172e-01
-3.601309689776902578e-01
2.154559131755193757e-01
-3.572327459985139009e-01
8.677911333847155850e-01
-1.310046713480228220e-01
-3.236453180121068862e-01
-2.512236724775127605e-01
-3.479908241995998547e-02
-4.058547927274314682e-01
3.215903709419583589e-01
-3.853328847234244181e-01
-4.949322022063080695e-01
-5.027280202379581509e-01
8.704038864668888209e-01
1.064227658518329234e+00
7.681561803076154549e-01
-5.060444832343977684e-01
-1.250956331384326381e-01
-1.055351289114928870e-01
-4.669906117961804548e-01
-4.208317453710805900e-01
2.938220517092001161e-01
-5.209143807958893646e-02
5.548876692112042486e-01
-1.675750852009063041e-01
1.390105654838641236e+00
1.424655498557667377e+00
-2.092122944014112862e-01
3.979065552331028655e-01
-3.010709137826619863e-01
-2.311506151328095171e-01
6.589132919043856340e-01
5.461003634535440687e-01
7.895244339300027114e-01
-7.020702075681051202e-01
-4.785613901227594447e-01
-7.575752898877159691e-02
-5.234872472964011703e-01
-8.237974784531367778e-01
-3.623583686913261492e-01
-4.084213540160065992e-01
3.713101396397903153e-01
8.679909153744032324e-02
-1.006747291870177391e-01
-3.932226931316028518e-01
6.280044105500153240e-01
-6.544084273555824671e-01
7.082000000690332753e-01
-2.021977690629183366e-01
-1.886595929191255960e-01
-3.959875003368489299e-01
-3.387967225346791289e-01
5.881832427294584331e-01
-8.034814870762929662e-01
1.155132170071309972e+00
-2.590480068754941884e-02
1.137538207534551704e+00
-9.944440018255074065e-02
-2.551668158507089945e-01
-3.546136392860446684e-01
3.271360935730496800e-01
2.850405378475570628e-01
3.410460981754150911e-01
-1.020394411263671891e-01
5.128084157727330616e-01
7.443794701390552548e-01
-3.759456435756130394e-02
1.265535630163998615e+00
2.037772663519931138e-01
-5.874813264797009715e-01
-1.952682886776655746e-01
1.100226992397551173e+00
2.014377635101373964e-01
-1.196643663797879349e-02
-1.732800122005115351e-01
4.673575378877778963e-01
-4.017775331879802625e-01
3.108116031530503975e-01
-2.188735577620118666e-01
-1.726000342729206716e-01
-5.693899212199019511e-01
9.686918600375853117e-02
-3.279162597874807905e-01
-5.502111144046225588e-01
-7.947556259776477061e-01
2.458466693086556465e-01
1.806040605778275465e-01
-1.663721206210413417e-01
4.224979199596997081e-01
9.264962953835713666e-01
6.156212096998423533e-01
-6.606618824450151140e-01
5.971553060144269703e-02
-1.150924214060279477e-01
4.442562097587978570e-02
3.825385788866664805e-01
-1.322798120124283328e-01
-7.541790230934675154e-01
-4.085407276507687091e-01
-4.094501670033978136e-01
7.263952606393923039e-01
-2.598204420974342677e-01
9.771968438415162828e-02
-4.899058219087373267e-01
-2.852980364533296287e-01
1.308945148698243965e+00
-7.201948550083003830e-01
-2.361214399738175984e-01
-3.855122791551136574e-01
-4.301919724950950541e-01
1.785829911676619919e-01
-9.763307066682740121e-02
3.640886370307710451e-01
-1.545664145000430652e-02
-1.284838626674146000e-01
-3.366602851026732068e-01
-8.568273162162840517e-01
-1.016778548525280046e-01
-1.606843663578646775e-01
-2.498692083873643166e-01
1.632354517697643670e-01
7.935590565428408266e-03
2.007550763853640508e-01
2.771192065623713230e-01
1.449188492232683423e+00
1.210629796536086156e+00
-1.065185955672219714e-01
-5.454700095422055500e-02
8.036444261701178871e-01
-3.744242251610942207e-02
-1.849632880296557536e-02
1.103527778609438986e-01
-6.039414719763960271e-01
2.070148977843075666e-01
2.478364879499582452e-02
7.569398768401118527e-02
-5.251893384770657258e-01
-6.777354441157351639e-01
4.266562986621379172e-02
-3.812743033252453673e-01
-7.181617492920837620e-01
-4.174115619688123502e-01
5.440365669840383500e-01
-1.739898811977855231e-01
6.009572908291325316e-02
6.158035489567607879e-02
-2.999767535701874238e-02
-2.352127802026819370e-01
3.553539994196950880e-01
-3.949846964106964453e-01
4.099517393275208810e-01
-6.032380410070246057e-01
1.243476420947753347e+00
-5.540068541646145928e-01
7.066787130647038673e-01
-1.717814247369073288e-02
-4.700487348858332221e-02
-1.237210633640755814e-01
-5.032227262838907533e-01
-3.079235956829114440e-01
3.726069473052369685e-01
6.867143069097138008e-01
-7.123632578640395341e-01
1.192883901199389279e-01
1.772278199531901813e-02
7.957149776816108133e-01
7.495601942979192023e-01
-1.637615233510787138e-01
2.678528038974783421e-01
1.013520925533789585e+00
1.274622317217301903e+00
-3.302965929939998824e-01
7.159127635257409583e-01
-6.286930339374280363e-01
2.977267723875654526e-01
2.919309236470086222e-01
-2.512619252774078715e-01
3.304912275806609068e-01
4.419032784689449489e-01
-3.168428607265229291e-02
-4.109584132256108302e-01
1.293455488776263929e-01
5.595980648297669280e-01
8.734199480463794574e-01
1.106273354712310475e+00
3.306131429483772921e-01
1.434189657479325808e+00
-5.693750787791632684e-01
4.324080161788026455e-01
8.473544838967556059e-01
-5.904554488692326242e-01
4.612915528098381068e-02
6.530600628621758830e-01
-1.566418383093824696e-01
8.589007142597432365e-02
-6.780900228901081128e-01
-1.443286019283656074e-01
1.393475404925106353e-01
-2.289882408529647639e-02
-1.945433047390595360e-01
1.406421945707860832e+00
-3.207263332984231496e-01
-1.395040208905180268e-01
1.804853324666238915e-03
4.360445350053545610e-01
-2.464694875883288727e-01
-2.990039451001425541e-01
-2.415947949801406092e-01
-7.260730938183189709e-01
-1.349723078401704746e-01
-3.236577576811526247e-01
-6.668099745405090539e-01
1.481071764654474376e-01
-8.100673889256695404e-01
-1.626604572476064436e-01
-3.938249338633273977e-01
-4.568196866665633071e-01
1.315569902765812538e+00
8.465320505001662221e-01
-5.095209550013336530e-01
-2.504167693393304361e-01
-3.849766276581177982e-01
3.012750291758098942e-01
7.803615199230108379e-01
4.280297116347039355e-01
9.021925264658174626e-02
2.179521334573343294e-01
1.326446929420115051e-01
9.553330438056607532e-01
-6.853255918306369043e-01
-7.311762607839970007e-01
-2.115461035615588681e-01
-6.062623556064917762e-01
-2.284340197969833286e-01
-5.444366889572551660e-01
-1.241487039944302734e-01
3.883872050153994171e-01
-4.128595780940915172e-01
-2.527859825912293079e-01
7.133652534532385348e-01
-3.468512910832011187e-01
-4.986781719432534787e-01
-2.147814125376891481e-01
1.192230652331127239e+00
-2.177041786100301357e-01
-7.394050358716965921e-01
-1.619682631456802746e-01
-2.924786010806604830e-01
-1.216946295108373155e-01
3.936040331628375410e-01
1.264922552893167074e-01
-3.747912941336488668e-01
-2.142505749406924953e-01
1.151970335112901672e-01
7.155888943783630385e-01
9.350631674485251343e-01
-6.031189552594343750e-01
2.141479862780029664e-01
2.139371776143151327e-01
1.098100766361740144e+00
6.459535323196667900e-01
3.309258485902066838e-02
1.479491336530180723e+00
1.427341902846203547e+00
-5.188118776627561601e-01
-3.713512027981039076e-01
2.970892562828092659e-04
2.660819581474018758e-01
-3.176386571778748169e-01
-3.518491723797948501e-01
-4.182594042379890187e-01
-2.169395441664914992e-01
2.778466937701045691e-01
1.047295521850840849e+00
-2.549648024469270413e-01
-7.279444506365321255e-01
-3.865622759158877098e-01
-6.933957814323684632e-01
4.439244044513751368e-03
5.317267385767965315e-01
-6.331019526458875335e-01
4.293505490963315241e-01
7.774550198974090609e-01
4.916721160464839757e-01
4.461907924189639774e-02
1.036459708780121391e-01
-2.479171975703280389e-03
3.779491572843577396e-01
4.753155143803350913e-01
-3.481738920641392343e-01
1.458643193809945338e-01
-8.226709734645938354e-01
-4.046217164822045187e-01
-4.463442930735660452e-01
-1.955586194928258525e-01
-7.087506762476825095e-01
-7.612188388060581179e-01
5.648731776627454737e-01
-4.537165460448261411e-01
1.847702904120819001e-01
-1.295129604557580250e-01
-5.406626164629247944e-01
-2.568769313608660343e-01
2.468380055486954217e-01
5.100875544443057574e-01
-6.585199408413072719e-01
1.280472661136726753e+00
-2.909926885008257691e-01
-2.751249219523784761e-01
-5.328320899664141796e-01
1.819172989295745058e-01
-1.221904195392926537e-02
-4.406139389284649543e-01
4.660204060290031730e-02
-5.168269113350246746e-01
1.312087431605053700e+00
2.638576134051017763e-01
3.533037516279154411e-01
6.340906438319218186e-01
-9.210441428774972239e-02
3.566089516576045892e-02
-4.596823753918637123e-02
-4.310477681467742572e-01
-1.322722229880620715e-01
-4.285603714580620283e-01
-2.507578326806759739e-01
1.313472174934354531e+00
1.508690426082491598e+00
-6.376999437375636681e-01
-6.273987665344614717e-01
4.130234560674621025e-01
1.424722393485012839e+00
4.436936537615265158e-02
-5.929657462029150894e-01
-6.334164153206658376e-01
9.595826138080439938e-01
-3.568994381272873051e-01
3.702979720043108047e-01
4.354355318269725883e-01
2.405648743950802582e-01
-2.617950325351119933e-01
1.005105114221106211e-01
-1.036037691766280300e-01
5.073442279174028569e-01
9.631971682043438676e-02
-6.182607340311171984e-02
-5.506908619770347624e-01
-2.492873479182063368e-01
7.012402832735414870e-01
-5.442458655504559539e-01
8.356322889327146008e-02
-3.497100195750182383e-01
-5.489526706527881883e-01
-3.906032698831241601e-01
-1.353323187096378277e-01
-6.764306385418672463e-02
-7.719963749698026678e-01
-1.315537039035942490e-01
-2.776787153380388395e-01
3.614030159666165587e-01
-2.367499120099224308e-01
-6.337681977481529616e-01
5.735561466583335433e-01
1.862395807933438230e-01
-3.674923046533349336e-01
2.109546581702589907e-01
-3.130786534858406855e-01
-3.523474203584961439e-01
5.928497221281604501e-01
-1.155169663968434735e-01
6.288495523574174628e-01
6.724130846591825916e-01
-8.212305745291828551e-02
-2.929962261667338197e-01
5.572045567558111534e-01
-4.459781443266869205e-02
-7.011005215412328961e-02
-1.009465149800182898e-01
-1.055331785139968642e-01
-1.460453541693923218e-01
-2.067732256780880906e-01
5.750936960825941968e-01
-3.320683614566939668e-02
5.106942229205670980e-01
3.374628101910410183e-01
9.779094662704292118e-02
-4.298838091758750979e-01
-5.291638245086632830e-01
-2.940820888862059612e-01
2.716040185737547130e-01
7.055042685014073500e-01
-3.456590701983318636e-01
8.248337097643687610e-01
8.563617997978212326e-02
-1.969283154833415816e-01
3.443607149270515033e-01
-2.311086233607882734e-01
-2.123801196425330329e-01
-5.412841591674665276e-01
-1.712067522857529112e-01
-4.918362879960262550e-03
-1.732413784858088668e-01
-7.330875076836202986e-01
-5.877102731368352151e-01
-3.995617174202008570e-01
4.934464770381237764e-01
3.847692877103317532e-01
6.890041849755285108e-02
-5.509381500445102997e-01
-4.414543896719985011e-02
2.678853812620824448e-01
2.544462471604514997e-01
-5.008859834423270291e-02
5.088889173125315385e-02
2.583721222980417953e-01
-2.913792662673460598e-01
-9.722466677005931271e-03
-4.921044893373670015e-01
2.425535519390675243e-01
5.418285089606886262e-02
-5.949771031895235707e-01
-2.355505815992293417e-01
-4.327259042262875943e-01
-1.833116985121336084e-01
2.982856269794479931e-01
7.912551979866479235e-02
9.998825221313888401e-01
7.904092406028913054e-01
-7.074689637562227296e-02
2.979212283212015477e-01
5.460281947561977933e-01
-3.448601449656959472e-01
8.735423760499272383e-02
-6.134435836114647822e-01
-3.368778908369783609e-02
-5.524506513181555167e-01
3.013816607058570352e-01
-3.720996912585877725e-01
4.191069102044470834e-02
-4.806381167918691855e-01
-1.193685425895241875e-01
9.062360216383923417e-01
1.368784798220911592e+00
2.769278675821129632e-01
-3.429864054890052749e-01
-3.833456896589093055e-01
5.745392737480935486e-01
6.551197285373833168e-01
-7.361119689680983846e-01
-5.054815200451151513e-02
-2.323485203442312574e-01
-6.643064305323709284e-01
6.241128440354752893e-01
-8.142978538399416877e-01
9.895101107522488171e-01
-2.766817201735227161e-01
-4.344883376403280151e-01
-1.495273867800334111e-01
-1.785803240898331257e-01
8.621903579407071971e-01
-1.787374938503758226e-01
-6.892224397613723186e-01
9.033101543376397258e-01
-2.621822608961699164e-01
5.879652685904006582e-01
4.545381151350867954e-01
-2.569465022419819070e-02
-2.407049650314529998e-01
-3.237389297976497882e-01
-1.420096086091328647e-01
-1.361693814863544350e-01
-1.825840888446702837e-01
9.454211917224591977e-01
8.964605845362079162e-01
7.402755658499432512e-01
1.177073059934375943e+00
-5.274149470977649440e-02
8.329956285167670060e-01
7.783132928839678888e-01
-2.165654460459412456e-01
1.221763447126303470e+00
-2.993147670704472407e-01
-1.131377269612159758e-01
-1.534259584469319371e-01
-3.975047175166786517e-01
2.117382611314304885e-01
-2.949200181728278691e-01
1.476988767429254334e+00
3.730733343250898781e-01
-2.379786389093933863e-01
1.092044285253575664e+00
7.008197215472889985e-01
7.421891475163232554e-01
-1.703282990438239053e-01
-5.388027311288111354e-02
-2.422640899094742617e-01
-5.689977350648586230e-01
-2.996702201956109590e-01
5.062535035819952511e-02
-3.325379998421374439e-01
-2.316785236677214033e-01
-4.747890184223347854e-01
-4.993238108519265084e-01
3.978177512074418387e-01
7.509672094549471044e-01
-6.000232312232363086e-01
-2.252717437746594165e-01
1.861761813003285637e-01
-6.847663978962080789e-01
1.162648622403331528e-01
2.406841431470855275e-01
2.921402205544798014e-01
-7.882189061345212799e-01
-4.076601135884413973e-01
-2.342561464355787659e-01
3.375247610388432684e-01
1.872301296141860583e-01
2.323687137244140888e-01
2.605107911122461761e-01
3.212111496167146529e-01
-3.656862580048103606e-01
8.087868598336890591e-02
8.838726607739305630e-01
-2.894816219492550302e-01
1.509458435586928382e-01
-1.448945764430666083e-01
-1.659940882436029830e-01
-4.076893674530898681e-01
-3.582429273383494484e-01
-2.145317501882750000e-01
1.912426871406351925e-01
3.707811843446338629e-01
5.442337650618865874e-01
-5.113333324103774835e-01
7.369043324781047177e-01
-3.393213387354332422e-01
-6.835999390784400220e-02
1.013705433733817357e-01
1.055925614122387585e-01
2.270848315847702747e-01
3.698402543458506053e-01
-3.472911037098516673e-01
-6.295771775175552643e-01
-4.861173050381777938e-01
1.737998259397688719e-02
-3.838492814909961193e-01
-5.830828511806563919e-01
1.328165617326111936e-01
-1.685051875750146755e-01
5.889603826451907942e-01
-9.699082246854182077e-02
-2.762258482826500661e-01
-1.509293905798200497e-01
-8.086649665225228434e-01
-3.450840048421038864e-02
-8.748670554962718893e-02
1.301905572338857064e+00
8.774994935954641972e-01
-5.766684875565830648e-01
-1.218069619040040505e-02
-2.185761315272554961e-01
-4.314810084022088210e-01
2.569176108745607201e-01
1.358300151807006362e+00
-1.450106532462409337e-01
-5.036515177114855163e-02
2.152134245747180652e-01
-3.117471287249026224e-01
-5.134035322215450003e-01
1.206685840309727892e-01
5.811512886699907732e-01
1.023605689354730508e+00
-5.659129218254493887e-01
6.885688668691382075e-01
-6.243057736245150730e-02
4.252141639579389287e-01
-5.091192655684902146e-02
-1.405645878465833776e-01
1.609696261145133755e-01
-6.719800235666962829e-01
-1.714448602258377419e-01
1.428178488621979270e+00
-5.223866979068773064e-01
1.306689144168467764e-01
1.288642268966213145e+00
2.490147975445974604e-01
1.301263329603985497e-01
-1.293092111154381108e-01
4.254965171740761609e-01
-2.727828160151962722e-01
-2.346178617365171915e-01
2.825500727408732371e-01
5.604079144175079241e-01
-5.476994061518407619e-01
4.095557039727739101e-01
-1.253109370238334741e-01
4.487480046797538424e-01
-6.200607346191727709e-01
2.012795174632806827e-01
2.775420331354456760e-01
-2.408599073361361240e-02
1.698507917788265875e-01
-2.223411642414073464e-01
7.410017131214137187e-01
-7.431085860224679873e-01
1.022397098635287715e+00
1.091239170962458482e+00
-1.412804554483799158e-01
1.233328212160117010e+00
-5.430240982074565625e-01
3.170411807027201379e-01
-3.609978401044531271e-01
1.686531155470593901e-01
7.728637188702751626e-01
3.112997193519700945e-01
1.741332278636436859e-01
1.448996544489130345e-01
-2.564452588915087650e-01
-7.993886827220139102e-01
5.746493398002838759e-02
-2.605839897136150163e-01
-1.821327635540599330e-02
-3.753173090381740074e-01
6.224114865773922034e-01
-4.867187503592535491e-01
-1.853332989167146561e-01
-4.039135976584836696e-01
-2.784664779545778512e-01
-4.565975863567196535e-01
1.120106050806275233e+00
-2.827056871142160643e-01
4.469644634451316184e-02
-1.349039315423520846e-01
-7.236023732023227906e-01
2.465361080678872274e-01
-7.122291558920028631e-01
-5.483148349572073421e-01
-3.087686966763650287e-01
2.025996703090073847e-01
-6.425154683733493854e-01
-1.708202619967855163e-01
-2.997328929115654073e-01
8.263515053729481030e-01
1.111752694209781622e-01
1.784845493802334204e-01
4.588798640647295257e-01
-7.047247464059251953e-01
-7.073717435700254130e-01
-1.641695428695108261e-01
-4.337956412922757687e-01
-4.345249838285578092e-01
-1.555841219467931358e-01
4.336236476905515058e-01
1.173388908946318976e+00
-2.620046347294617984e-03
8.333706807539541517e-01
3.293462931443650876e-01
4.552997599566509512e-01
4.898588041375488422e-01
-1.537333099227804478e-01
-3.748938678523099921e-01
1.193058203344486090e+00
-3.361131090050605286e-01
-1.699798378893485895e-01
-1.044137393122200885e-01
3.468125130709993620e-01
-3.356093786701250248e-01
-6.573887367775274604e-02
-3.240157250999300964e-01
-3.761170481816462630e-01
1.211900770498971491e+00
-4.840574017845901689e-01
-4.308488493324266200e-01
1.406423805489654288e+00
-2.574949752686505056e-01
3.807210753080252919e-01
-2.776969685883987626e-01
-2.933652784134164193e-01
4.197965834745528979e-01
6.152574957108368769e-01
-3.006419591032575833e-01
3.066815972941666635e-01
1.215997661698161453e-03
9.220231409487605889e-02
-4.491496822426728208e-01
-5.351770168151610552e-01
-4.023815386319196663e-01
2.809827666527868750e-01
6.266272959140548049e-02
-4.483110634758807889e-01
2.913883312261230096e-01
2.018471301275692187e-01
-5.142493278364380638e-01
1.283698560560470603e-01
9.906691589005212246e-04
2.739590760209720255e-01
-7.144547233187860114e-01
5.831605568763551517e-01
2.480991945801872545e-01
-2.212452307881301039e-01
4.809426706768419879e-01
-1.485176395957172046e-01
1.805693862024400353e-01
-5.208433901601099425e-01
-3.462197100764942137e-01
4.592150626100751504e-02
2.136910939730177206e-01
1.544760522249095436e+00
-4.059362989870731742e-01
-2.027860618793186909e-01
3.741413802677130973e-01
-4.649616810860119909e-01
9.253399555663356368e-01
-4.902344306186951495e-01
5.072850886117981073e-01
5.682196975571149333e-02
-2.416359692519313151e-01
1.015861666202412250e+00
9.248034120411366965e-01
-6.418598433272038051e-01
1.129321812790140545e-01
-2.738205115840716686e-02
-1.541856768008469381e-01
5.049216323182222077e-02
-3.335529558181901111e-01
-3.072557959377390513e-01
6.847427657756633979e-01
-2.668256388935182355e-01
-2.813429615934234240e-01
-9.146020582944577523e-03
5.248635475447338550e-01
7.036079033941479155e-01
1.177356285309441031e+00
-4.419125498325853774e-01
1.162417733067831749e-01
2.708612473882535121e-01
1.691046171167935874e-01
-1.447471168859126300e-01
-3.724240159778515191e-01
-4.412539733000860886e-01
-2.373288366409232186e-01
2.260462176968836556e-01
1.113803159383270902e-01
-3.725945702356792677e-01
-6.085424497018268042e-01
-5.325674913294375923e-01
4.960674945260827862e-01
5.835456273869462640e-01
3.564835074535045445e-01
-5.908184475786342205e-01
1.392738076018590787e+00
-3.948771669929154737e-01
8.157785044526966178e-01
-2.414687114661693002e-01
-1.923586683717799783e-02
-2.056104796129139545e-01
-2.224761188790773392e-01
2.353094701047774018e-01
3.902519912535601931e-01
-4.034131247213685323e-01
5.857280856943635206e-01
1.345519793536407160e+00
-3.240250724620303835e-01
3.102877168239321359e-01
-4.245615486386630777e-01
1.271119081530145550e-02
2.594089161790318898e-01
-2.765467135811437993e-01
-7.360818003609895799e-01
-5.287822656766674040e-02
1.810781590587796641e-01
2.702302121639698074e-01
-1.346189043853197008e-02
-3.382353799354462232e-01
6.751673820365131640e-01
1.104617689994941143e+00
1.175721703762867110e+00
1.456517106803036608e-02
4.245161495747522551e-01
-1.210308012098636199e-01
8.363046426787764664e-01
-3.687864195816363821e-01
7.788519565194436112e-01
2.246826079815611721e-01
-2.916964133393322722e-01
-1.571815359336764528e-01
-7.800921450656931322e-01
7.763123855836632226e-01
9.449715973206398445e-01
-8.862584707100676362e-02
-4.152180089169496546e-01
-9.189936608016753272e-01
-1.890943394342727846e-01
-4.133403974016204296e-01
-2.235435875219047852e-01
4.504602536243353939e-01
-2.471266289620678291e-01
-3.770201923149458234e-01
1.041639564768733317e+00
-6.020345126842698846e-01
9.041700344606413975e-02
-3.734774109340830428e-01
9.176858477217376686e-01
-4.133017261585990587e-01
3.956557929190125389e-01
2.903729915199708689e-01
-4.955331879130284167e-01
7.334790197799202771e-02
2.137151008676077824e-01
9.182634768544042370e-01
1.611078435923616325e-01
-2.978710205519456422e-01
2.438168533611647509e-02
3.209414725916963085e-01
2.439027792503134506e-02
9.226490746072304461e-01
-2.592289662215782053e-01
1.605328020360406338e+00
-3.580968023694042213e-01
6.741117609940859845e-01
-5.588513249236313207e-01
-2.656847880199528777e-01
-5.766128938784156194e-02
3.341454941433222303e-02
-3.321293741213582340e-01
-5.576087334628172520e-01
1.841231633983341498e-01
8.049291629303224893e-02
5.134543666774273873e-01
-6.863345447854006798e-01
-5.554133260306363118e-01
-3.217195889621100036e-01
-2.803551653224968798e-01
5.421386553269745834e-01
3.967924727580766642e-01
-6.592253835967153419e-01
-4.774759917619551541e-01
1.298691809442327205e+00
3.356577626211338372e-01
-6.705694393005396936e-01
-3.269617265387234073e-01
-3.090823784254887463e-01
-3.525254620108860815e-01
7.468199413868743530e-01
-1.240093736172257349e-01
2.491664276776202613e-01
-2.216563330262595055e-01
-1.202792599589891515e-01
4.386133938422456802e-01
-4.757594010049235878e-01
-6.708177852801417984e-01
-8.737631863166109292e-02
-2.269209965538029616e-01
3.496300762410807228e-01
9.855338240368581582e-02
-7.628156162172732291e-01
-4.730463339004868373e-01
9.131705484149453822e-01
1.168834299458100023e+00
-3.156965662322495092e-01
-5.844178852673624913e-01
3.757353695250214565e-01
-3.698326478389493688e-01
-7.764469838227797474e-03
-1.565195584135262996e-01
1.212014061967478407e+00
-4.478835082220113395e-01
2.604118475622215212e-01
1.080283766733654838e-01
6.346474358694642603e-01
-6.258582452082070424e-02
1.365115428929647656e+00
6.355880329817289454e-01
-1.034057525057981153e-01
-2.701771264457285548e-01
1.030299313913708881e+00
-1.768381896856552615e-01
7.972612509692245109e-02
9.334094677736782808e-01
-9.045199570004057443e-02
6.410508914221425825e-02
2.022770838048842668e-01
7.565209762575016983e-01
-4.134233054984763900e-01
-6.819084042735172602e-02
-5.724444342946542752e-02
5.469945202073372981e-01
-4.228250226071655210e-02
-6.740521102933150210e-02
-7.941253305522971706e-01
-3.823976760170016975e-02
-2.810851831115044885e-01
1.060163300267551678e+00
5.876056302197520120e-02
-5.474423581368028646e-01
-2.937341941144811508e-01
3.100129171067567690e-01
-3.108814594876235793e-01
-2.814265021205756834e-01
9.979199901979765031e-01
7.400969516773574230e-02
1.699737116588971864e-01
-1.677468970298246764e-01
-6.414484900332201311e-01
-3.723997526825682525e-01
-1.061586713167985696e-01
-1.589001834119538048e-01
-5.425222288370944905e-04
-3.444551689880166051e-02
-5.637846822155957449e-01
1.443443131322017514e-01
7.581688776832328225e-01
-4.690747313262542684e-01
-3.709693143503873802e-01
-5.427772907622931964e-01
3.088542217504008230e-02
1.390563452701002678e+00
1.541782667761086634e+00
-3.780632501245893562e-01
-7.297742414789084586e-01
6.259436079521473184e-01
-6.375956688900383806e-01
-6.066691402008280720e-01
1.421523752325300205e-01
1.430543537621829842e+00
-3.436674480650148689e-01
1.414781962278490290e+00
-1.985853583427939772e-01
9.391975605271819516e-01
-5.552401701116053273e-02
1.052218295588636554e+00
-7.248697907844127153e-01
-3.122389942934240478e-02
1.644062637346990208e-01
-5.144325105123286335e-01
5.767751411276523799e-01
-4.133655792424389408e-01
5.225587670759648251e-01
8.719733901203450266e-01
-6.811597285266628166e-02
-1.712842610986906600e-01
-4.946320314250729488e-01
3.246446415288386511e-01
-4.727541962318329016e-01
-4.951673218221174788e-01
-3.812824933319120535e-01
-4.306448167977117714e-01
6.478007166476333900e-01
-5.601347077635587812e-01
-1.679495505279529899e-01
3.900765266758094429e-01
5.000443357131789668e-03
-3.982410705342619983e-01
2.694797455835221678e-01
5.424727817747048153e-01
-1.035732732510349745e-02
-6.590937790965576415e-01
-3.317340296480418838e-01
-2.677335270193669792e-01
-3.120116200223337910e-01
2.653297943153513083e-01
1.573403621267986108e-01
-3.194363270892471851e-01
-7.336492659875767375e-01
-2.821308884792956828e-01
1.414036344986987770e-01
-5.021158801956122214e-02
6.687803146848443347e-01
-1.500675754898642966e-01
4.683856399621752487e-01
-2.580553431142036946e-01
2.932670347402134281e-01
1.073219671723999874e-01
-2.308810357979479144e-01
-4.506380353477590361e-01
1.052212278255818090e+00
3.457066469919698459e-01
5.723970342094315544e-01
7.702469035466767977e-01
2.788270715089715135e-01
-2.505985244318291172e-01
-1.407231348832241151e-02
4.430929618441218909e-01
2.551622738924519407e-01
-6.128571229736071713e-01
6.728151628055747402e-01
1.072413550288894846e-01
2.237754739446504160e-01
3.562364287237239080e-01
1.217787408047396269e+00
-1.472918334340478086e-01
8.281151829893301786e-01
1.183933841318283720e-01
-6.442372761992748442e-01
1.111428753713914030e+00
2.132926230121163780e-01
-2.911778436365164979e-01
3.795315213105689978e-01
-1.507276633745333605e-01
-6.505935457460392257e-01
-6.939139331143485689e-01
8.274451285017923874e-02
-5.409529330280005155e-01
-4.599333786663519774e-01
-9.556878774245874952e-02
-3.410959310433217540e-01
9.888638170200066135e-02
-4.604417746186712512e-01
-5.453358675273303202e-01
-7.495055201300251380e-01
4.014186111373557742e-01
2.394669575702481068e-01
-2.078825659523560465e-01
-7.307265148475644567e-01
2.859812201289620437e-01
-1.411615185411216888e-01
-7.785259017948523153e-02
2.743983174382359433e-02
-8.900701647463597765e-02
-2.253950649819350116e-01
4.236712746345879244e-01
-2.784713698334883580e-01
-7.149935897315675692e-01
3.629405950106568551e-02
3.655223308390522230e-01
-2.510508857212020439e-01
-2.292085740278046180e-01
1.999005020502071794e-02
-2.804002221624830871e-02
-6.528003574766674255e-01
9.681655170504528674e-02
1.374563954122304699e+00
3.071959036485727174e-03
-3.993584553685148308e-01
-5.501721280734215291e-01
7.417073105852657333e-01
-3.941778294277460959e-01
-4.047123285256568614e-01
4.519324345035676815e-01
-5.022055440726972408e-01
4.383540265471532610e-02
4.325883932288964728e-01
6.268206412691505747e-02
2.410311207519944543e-01
-1.155100533112916709e-02
1.033629033095895544e-01
-4.782643983317720893e-01
-3.010895385541457747e-01
4.465856564370628834e-01
1.302146353827186243e+00
4.144155321983578055e-01
8.762984002927430571e-02
-5.687463213966149206e-02
-2.261851827488929878e-01
-3.776260881575279060e-01
4.336223086855820440e-03
6.020637537466512201e-01
2.398939656479255611e-01
1.031621565451126404e-01
3.161651423145193929e-02
1.477178209047666169e+00
2.961637410547707933e-02
-3.944040191992397859e-01
-6.544086574092976283e-02
-2.921523592820511883e-01
1.812172353164778205e-01
-4.494580897498570704e-02
-4.935906172454880836e-01
7.014698810095260084e-01
3.263493157051784999e-01
-1.959555555893768564e-01
1.101718271940278937e+00
-9.732285504894036543e-02
-2.917553806321060983e-01
1.068679874775303740e-01
1.141560399220980848e+00
4.549501101872711895e-02
5.401307034587392586e-01
1.969972943318785974e-01
1.369012447756337743e-02
3.566699774309252668e-01
-2.732660229843094091e-01
-3.988302606077933632e-01
-7.848339331409338870e-02
-3.002238902275070620e-01
-6.636203625852283849e-01
7.823680167218741155e-02
1.123152596446924667e+00
-5.426655376282839560e-01
-6.552366891505968516e-01
1.984461307306299993e-01
1.417146210364381931e+00
8.589234683504964885e-02
4.148912834403521432e-01
-6.349789977224870041e-01
1.241912223126217796e-01
-1.478228160512626288e-01
1.435354795560447316e+00
4.214060447165595136e-01
5.838920990076719164e-01
-1.389986404205137416e-01
9.034989720549388981e-01
-4.966703508851357807e-01
3.443164010121932406e-01
6.475714505145541144e-01
-4.580285725544826492e-01
1.046309596565038469e-01
-2.816117686123352781e-01
2.176068017078218730e-01
8.324496464693846576e-03
9.346963309143627718e-01
5.249015788113968739e-01
-6.967246277798404552e-01
2.450395082760276899e-01
1.226631071214371455e-01
3.401390595952105689e-01
-3.851239465899270464e-01
-4.321978051580338542e-01
1.524926295683296518e+00
6.927929311600102835e-01
-2.302818207891195457e-01
3.363372521711099905e-01
-1.605348976587070986e-01
4.668737878571849187e-02
2.699718293599220886e-01
2.508907421040639241e-01
-4.114873427319121757e-01
1.396532154619492538e-02
6.783406403722963551e-01
-1.188018717519761791e-01
-6.253403479639233487e-01
-6.646458643121705423e-01
-7.446953221685366220e-01
3.059795285873573301e-01
5.370006542247741654e-01
9.105704560926845825e-02
1.326183013101712438e-01
1.396896461221530883e+00
-5.647050434314319078e-01
-1.866195437117948441e-01
-1.364744967532481035e-01
-5.208583017129446713e-01
-6.928392603058701471e-02
-7.831965777290706976e-01
-5.059792449264709502e-01
-1.817543781405613068e-01
-2.923250256822244597e-01
-3.498017987754244995e-01
-7.082961195318020209e-02
2.435598264178142625e-01
-6.223985647707794833e-01
1.244862919039489979e+00
2.676424537535386228e-01
-2.388871699948107996e-01
-2.631413084818972625e-01
-2.133789124708991292e-01
-6.681067921370207330e-01
1.366488303162485540e-01
5.839575683746187629e-01
3.129407371000150762e-01
-7.856226428949357743e-01
3.407186502475266221e-01
-5.892219707287237318e-01
-2.303085561297185668e-01
-1.693311694180195115e-01
-6.636163039114455486e-01
-2.431385953414015866e-01
-7.687610211120594617e-01
5.056117451012253489e-02
-5.334819767595828655e-01
6.694620155001840267e-02
4.730682748011824645e-01
-1.370758585348959557e-01
-6.707478642942178437e-01
-3.783332866328557864e-02
2.583305010352896502e-01
-2.774045504204721846e-01
-2.599504338314566620e-01
-5.454468542322943314e-01
1.254370064237541715e+00
-2.414694900332767513e-01
-5.336840089097019679e-02
1.241111414498434984e+00
8.081744686606070482e-01
6.149823798734884717e-01
-4.828791448805020980e-01
-4.137168335632990801e-01
-2.764580065679310070e-02
-7.448862933149602572e-01
7.789760501188185415e-01
6.703388806522513343e-01
-1.416054645348809315e-01
1.501067373444434638e+00
-2.080175119834892505e-01
-5.485148730976048270e-01
-4.308787957870013341e-01
-4.089879580176157270e-01
-1.932285760434815369e-01
-7.751021014318610902e-01
-7.608403875711875486e-01
1.241306518089311528e-01
-2.773549374405445689e-01
-4.446835920414315413e-01
-2.700505359563497576e-01
-3.079038744673746608e-01
-4.346139729260660722e-01
-3.996220419269771451e-01
-5.771274436220259485e-01
-4.665260159349541857e-01
2.403455084878410308e-01
-3.326310644668299954e-01
-4.894459176772605336e-01
7.935227425538646795e-01
-3.581608606958871510e-01
1.804248311999735455e-01
-3.259020012113050813e-01
6.142262820874504481e-01
-3.391664861040414314e-01
2.641357226393831886e-02
8.166727086978352590e-01
2.686083768587994025e-01
3.679490464257353377e-01
6.613357369038229683e-01
6.164402524826539942e-01
-6.725422593456351628e-01
-4.514765494196218976e-01
-5.112587004441249139e-01
1.912899402608403757e-02
-3.186779569960776493e-01
-5.749396508820660001e-01
-2.375716472600936102e-01
-3.773045670190869894e-01
-5.539839065597124135e-01
-4.747295976782909821e-01
-3.516525778083848808e-01
1.550427778889609531e-01
-3.952672510697524677e-01
-5.169954488749876065e-01
1.309444458712082815e+00
-8.759309544193563668e-02
1.552683437040384140e-01
-4.870661875530761242e-01
5.348860609554477730e-01
-6.077865923159769812e-01
-4.724036648489994827e-01
1.065842361356638568e+00
3.771871670052081016e-01
9.583252849904313475e-01
-2.137764227446453669e-01
3.950833177219851416e-02
9.856006737314125798e-01
-2.270405598817087922e-01
-4.799548162019969255e-01
-6.277791739375839786e-01
4.318877457713657941e-01
1.071431335562223142e+00
-5.630606476133684923e-01
-6.944445772773411019e-01
-2.369459108601615072e-01
-5.219387998339694024e-01
1.242434654248032871e-01
9.263873983563074566e-01
-6.754766196566739378e-01
-7.663960292079139425e-01
-2.658269269992759032e-01
-5.724767129115855280e-01
-6.891891944314789686e-01
-4.690825160032108948e-02
4.512162279607875859e-01
9.778756410306657099e-01
-1.186319460614213284e-01
-4.876868426147519253e-01
-3.824478219663355327e-01
-4.919526499751427639e-01
-5.545175324751068224e-01
-5.811873072246466210e-01
4.572609499498812013e-01
4.059540239612005053e-01
7.159149919155022301e-01
5.760940813740342836e-01
-4.207467141104108688e-01
5.206966592614475919e-01
-4.603044517271860370e-01
5.501242185901917825e-01
1.361588630347649209e+00
-1.417042638245159802e-01
7.651190007954620231e-01
1.372059970296397147e+00
-2.775653726238729302e-01
4.321603998356340348e-01
-3.748590291277831832e-01
3.638974035442990584e-02
-7.343630609351797789e-01
1.098143788236754403e+00
1.268068568867371182e+00
5.209308198394674294e-01
-2.276305930743003358e-01
1.432216216780253681e+00
-3.527350860809523869e-01
-1.073943362333937418e-01
1.497569875089616587e-01
-5.633128681011247973e-01
-2.254266391559859584e-01
-5.271841916447338461e-01
7.711881737106162094e-01
-1.464842928576308712e-01
-4.542376782783767025e-02
-2.649864068659677496e-01
-8.121859410490038511e-02
-7.541315557720189577e-01
2.850986875842835833e-01
9.403975501051600738e-02
9.899878384576674684e-01
-3.168139123921556166e-01
3.650626761623057548e-02
-6.883943193273720507e-01
-4.584994743333142830e-02
8.013183350609832944e-02
-2.374480520573780118e-01
4.919802785747660889e-02
-3.715502344154586467e-01
-2.422794501442527837e-01
4.927332127165531817e-01
1.015675800332152434e+00
5.058331825996901232e-01
-3.952793921333421778e-01
4.109290458777028476e-01
-5.168778185619079535e-01
-3.851844338399819656e-01
1.311084145963876679e+00
9.075281556339637179e-01
-2.636559997724339244e-01
-3.320686921313842355e-01
1.789976464103938403e-01
-1.961872751574796070e-01
-7.945372764260467680e-01
1.555028578861606114e-01
2.485993264219192242e-03
3.579368927100516906e-01
-3.904045132442975907e-01
3.313173415549815204e-02
-2.867802845914091403e-01
-3.612466696631714269e-01
1.015856915038731989e+00
-1.473606908792724490e-01
1.255557050432801525e+00
1.238834728551403863e+00
4.060745320589473351e-02
-8.014297415637913757e-02
-4.442159241283658577e-01
-1.979467669534099028e-01
-4.688545457456506083e-01
1.019736252496380224e+00
4.167685363029639822e-02
1.365244351617091789e+00
-1.796708360985198039e-01
3.250346199388584600e-01
3.245031655325323339e-01
6.472165457630922880e-01
4.220431122445391647e-01
7.823128395933164336e-01
1.599667115075454671e+00
-5.101051324047208846e-01
-8.018415398723773846e-01
6.028316755202782762e-01
-2.570630527528717790e-01
-1.352533954905204283e-01
-4.348239784246835105e-01
-2.177475078814757325e-01
-3.928139920319034806e-01
-2.890120374413878701e-01
-4.649956985519289598e-01
8.588280887114544404e-01
-4.084396336237640091e-01
4.223973086706499513e-01
-4.679553292987717605e-01
2.465132332903959000e-01
1.344124914300588551e-02
-6.080350756044981125e-02
-3.968344552126776836e-01
-1.555111521177128808e-01
1.400563069608748545e+00
-6.557719172561209120e-02
-5.611006192629942602e-01
3.766913540176331510e-01
-2.782734543089147028e-01
-2.574804012943882059e-01
-3.670078336141377462e-01
-6.389291140949043823e-01
3.449029501969249067e-01
1.077937940046594378e-01
-1.013672091021490806e-01
2.508803797487388909e-01
8.069337412437505019e-01
2.038797747180958186e-01
-4.882960947944901126e-02
4.534673031013542466e-01
3.182842856829073974e-02
-2.694939228940034792e-01
-7.612630131484097173e-01
-6.174435411342718005e-01
-1.372816264006937181e-01
-3.979833484334280858e-01
-8.054568435950135163e-02
1.102238530807590156e+00
-3.901473939623236187e-01
-3.686385784736719851e-01
7.234478065356459986e-01
1.135779891770593464e+00
-3.378372572294082721e-01
-4.058358337802271398e-01
-8.889939065083486691e-03
1.628910586278798922e-01
1.449432692333343931e-01
9.155088628421385044e-01
-1.478362173558975534e-01
2.163868771078134301e-01
-3.541516506699955436e-01
1.095537051196001421e+00
-1.657022080043574555e-02
4.280033584330474317e-01
-1.387693913814494473e-01
1.351352790165967876e+00
-5.141693205995301330e-01
-5.784926846239007991e-01
1.682024538438524064e-01
-7.796043415135830434e-01
-1.062741477665079814e-01
5.223632612512066897e-01
7.718417044874316124e-01
5.791891474500738823e-01
1.628970387928447838e-01
-8.157153030790828541e-03
-6.868553268619386198e-01
1.395498147047302906e+00
-1.220948492717795070e-01
-4.183734651319088171e-01
8.065555687615302283e-01
-4.342095737094697205e-01
-2.123860370424166324e-02
8.401376808471509028e-01
-2.646679319160943900e-01
-4.033844795580504017e-01
1.901973515133592862e-01
-4.780438078809342572e-01
-3.632797427577258431e-01
2.290387423084136176e-01
1.554394677117668377e-01
7.133173145470176335e-01
7.411577878852513290e-01
-2.908416762760776542e-02
2.162970312006671503e-01
-6.212252134434570472e-01
-1.120194977584337837e-01
-3.335184973173837553e-01
-3.177846236515974865e-01
1.267444989048217341e+00
1.248843488933814028e-01
1.110543817725140048e-01
2.924236651191647329e-01
-6.322634136520532966e-01
1.088950912235180368e+00
2.470874478750344772e-01
1.205971970861704934e+00
-6.166441430210883867e-01
-5.095537820819483477e-01
-1.079012920579924262e-01
-4.968382574413053310e-01
-5.663673820767392564e-02
-5.085826045090348080e-01
2.967588138074258586e-01
-4.493089488253103614e-01
-5.280730911859768950e-01
4.564750580669084679e-01
-3.968572375246670059e-01
-7.166887318724692868e-01
-1.987717389961752568e-01
5.898499436971920140e-01
-5.360667503996003475e-02
1.196162399353883493e-01
1.849689604517402719e-01
-6.701498028125059125e-01
-2.295025485254019448e-01
-6.659700497027061239e-01
-1.059105467504297265e-01
1.983919092942883489e-01
-2.186745458295379085e-02
6.170553467733540937e-02
5.634328127108133299e-02
-3.020569684333305194e-01
-4.059249223803492596e-02
-3.700080724361713980e-01
1.325789539501669001e+00
1.590267898236114030e-01
1.267111010262119253e+00
9.491001245449719181e-02
-1.887388301159592385e-01
-1.538922444639040099e-01
-7.208375915526599176e-01
2.248346622101879411e-01
2.031395334609749359e-01
-2.479253446254383320e-01
-3.783806471944995975e-01
-5.696567483646687302e-01
-1.892529533638228623e-01
-2.270018386531246213e-01
-3.916171295035745792e-01
7.869446920130747092e-01
3.328260198859783747e-01
9.454412231510972431e-02
1.256628754889665744e+00
1.959015969690857673e-01
6.467993514842742230e-03
-2.244804295494336466e-01
-4.041127619783148606e-01
-2.684635645014599170e-02
6.123520438610858818e-01
4.928597158234159781e-01
6.353854229509734441e-01
-5.623850778553960567e-02
2.745614506573290994e-02
9.083801026700196735e-01
-1.060908561062476607e-01
-2.197664765809101972e-01
-6.799936470031132940e-02
-6.761299779215044214e-01
-1.607919639893728159e-01
1.332280476620073761e+00
1.986291937301945254e-01
9.783517356173241364e-01
-7.034725526613361257e-01
-1.500570678868114183e-01
2.198407973055283016e-01
-3.070073618064446674e-01
-5.680688535569453634e-01
-6.708425982528202214e-01
1.377618714046526582e+00
-3.588290992722263928e-01
9.872200337741365850e-02
-3.585160424978157123e-01
3.545111084997732975e-01
-9.216795134999646033e-02
2.177726160367972896e-01
-6.432101720372862541e-01
1.327762091916894649e+00
1.589897368361835039e-01
4.038877303728278245e-01
7.568108357323227731e-01
6.439794525158812899e-01
4.177897795315612117e-01
9.899821822368840563e-01
8.132935890123205169e-02
-2.880484643837817327e-01
-1.644739140684761958e-01
4.636710679333849727e-01
-1.345561734231030121e-02
9.624166130408641218e-01
1.679664942174801390e-01
9.804947250481874446e-03
2.806113735777236440e-01
-2.697172513575701175e-02
-6.754916371883322723e-01
1.008948786801850822e-01
-1.482433479416473410e-01
-5.185003940659380639e-01
1.263718797681493644e+00
-2.163019047996289357e-01
1.504514798678212029e-01
8.480798769759010369e-01
-3.407726697453569709e-01
2.088094324150756298e-01
-7.470268224505526300e-01
-1.991324635813863930e-01
3.427683905730815606e-01
1.005541374488887252e+00
2.262916968923975869e-01
7.959443612270242219e-02
-5.325884466889203583e-01
-3.676241529941025044e-01
9.124883764827088073e-02
7.829578666971753753e-01
-3.347051027732804718e-01
-3.761380237355167466e-01
-3.414277867891398199e-01
-2.160674863193567385e-01
2.789279199877784388e-01
-5.759306895546425359e-02
5.053458419679847380e-02
1.066501413537132903e+00
1.447686810771102450e-01
1.188241082773741741e+00
-1.357979190079277310e-01
-2.000381525008815276e-01
-4.507646742850811572e-01
9.507683520740380922e-01
-3.223713726848816963e-01
-3.682941315557149986e-01
5.558792916582140364e-01
-2.057975284900896706e-01
-6.267631905851031582e-02
1.182089970455446837e+00
2.326969808681333685e-01
-5.893852204690394059e-01
6.139069503525708404e-02
7.419500839178040374e-01
1.028987277999215688e-01
-8.915421113616331938e-01
-3.915627545242604257e-01
1.996762850981339821e-01
-2.558004384300057721e-01
2.277610114819329443e-02
1.103977073427267808e+00
1.417345322820975140e+00
-6.202864763939999193e-01
-1.816555806564388864e-01
-8.481750737895840664e-02
2.221065657592986159e-02
4.273826622885220083e-01
1.553607087707227774e-01
-4.851928673631039635e-01
7.902497721151164889e-01
-3.476886915281192647e-01
5.777755519940528384e-01
-7.246516809163173756e-01
9.601504947355992137e-01
-1.757790498222406295e-01
8.322218533188667777e-01
-5.160910028460763410e-01
-6.397189222165799993e-01
-1.386053142608187627e-01
-7.728525499043935598e-01
5.816126357715669659e-01
-5.335425050568533001e-01
5.214893607419773813e-01
-4.287093502984395954e-02
-4.226013622956416582e-01
1.049177912094942711e+00
4.583273298897116432e-01
1.698486097446707047e-02
1.459851588182285553e+00
9.794244231868336481e-01
-6.708468554356155078e-01
2.493778971317371917e-01
9.676130994590017576e-01
-5.950422435579992841e-01
-5.816097219143588903e-01
-1.692472386634859272e-01
-5.004178338437011986e-01
1.120485419033174779e+00
7.325550476719919768e-01
1.190542680443126056e+00
-1.534378383947474223e-01
-2.517454508312073624e-01
1.098288562300116400e+00
3.970185036354395014e-01
-1.646490666049645335e-01
-7.521325265809665206e-01
-5.631612959119972617e-01
4.167821306448875607e-01
2.387106788606668806e-02
-7.762364135549887356e-01
-3.850102585573761393e-01
2.888708212261871799e-01
7.597772881915941523e-02
5.855027746821107604e-01
-5.563613230635259255e-01
-1.121542770188943133e-01
-6.919553277942436242e-02
-2.873191687707600250e-01
-6.734467426187853434e-01
8.472548176392140362e-02
8.953594783926384360e-02
5.818495804481720740e-02
-4.716404224265766110e-01
-1.111270625494889704e-02
-6.591721874054050634e-01
-9.539136306360312956e-02
-5.328687191605561146e-01
-1.770761092677283211e-01
9.443807941444652965e-01
9.154073726094267283e-01
-1.830062262054728273e-01
1.964709991172253756e-01
-5.284912228055936856e-01
-8.754494077207250480e-02
-3.145057261807396309e-01
-2.506035581626377962e-01
-4.707401049508003199e-01
-2.134131708848300835e-01
-5.254696981225520647e-01
1.179235636361632977e+00
-6.936898689029356024e-01
-3.140722332958604812e-01
9.576390957723580621e-01
9.349569979184388924e-01
-3.113340711497438185e-01
-7.817104196129115445e-01
1.039176378368955156e+00
-9.564298710520456603e-02
5.070294296514160637e-01
-5.132305383822653999e-01
-2.598223533858921019e-01
-2.856940406867437554e-01
-7.801652075710124867e-01
-1.140640876146460821e-02
-6.307659730326856673e-01
9.791584809216502538e-01
-1.485967224974882039e-01
-5.526421618297355787e-01
-3.606680850219482481e-01
-3.197593244453405398e-02
8.815861083993811187e-01
-7.513207074641186090e-01
-2.997126078745812605e-02
1.007671304485387331e+00
-3.117606040756725205e-01
-1.128793424717144389e-01
5.506749243175840247e-02
3.150612047212695277e-01
8.406427731555607963e-01
3.384480655537682181e-01
-4.720747044123681513e-01
-4.949777367818886664e-01
-2.515885728457308845e-01
-1.032948537212843854e-01
2.639692703553189052e-02
3.831962921245061215e-01
-5.043417142603296988e-01
1.402476166564518234e+00
-3.751161383322245690e-01
-1.796798179529573158e-01
1.159081845600377747e+00
-1.357525791443370544e-01
5.581358054284988636e-03
8.185110829315933589e-01
-1.449433962354587657e-01
-4.095666463633317045e-02
8.315382505405802260e-02
-3.964550794558816538e-01
-1.459226892824548420e-02
-2.146294865871463953e-01
4.030611906726004334e-01
-7.706390624140563306e-02
-1.839586986412895531e-01
1.399611626303708389e-01
6.438586617116723865e-01
-3.586066633700323858e-01
-5.636975622976158062e-01
1.309746830954934271e+00
1.201282923522092733e-01
-6.068324188041485795e-02
-3.409615439838670770e-01
-5.115389557658540642e-01
5.142268183604898901e-01
-4.269881188527256954e-01
1.178410528795444057e+00
9.231736295708263818e-01
5.412832216342579050e-01
-4.113022409636701848e-01
-3.597327906602578174e-01
-4.653976989542593090e-01
4.307678287296861086e-01
-2.827783427106767000e-01
-1.040028032444734879e-01
-5.391345842049499043e-02
-9.739204168348650215e-02
1.236138596350450536e+00
5.909513239066421786e-01
9.594033000208668227e-01
-6.726543193043444946e-01
4.610153310174942010e-01
5.494506519027640978e-01
1.276731976741347863e+00
-3.290491888447497626e-01
5.350167057433132811e-01
1.150326793060896247e+00
-2.277567172301214193e-01
9.210174869148591847e-01
-2.449958901434332870e-01
2.274831718855786222e-01
1.378871451587950547e+00
-1.542810942980872291e-01
-5.987780627892717034e-01
1.825137030495270485e-02
4.332679336862323843e-02
-2.048626123771409707e-02
5.641854582635914550e-01
5.504580192769671365e-01
4.173578005496711985e-01
-1.324176239168347591e-01
4.370210527885577401e-01
-4.630988704117908195e-01
1.397113249856561490e+00
6.229492755235083168e-01
4.640404566465898273e-01
-1.867771446910011790e-01
6.484361178513042834e-01
-2.547748170977907067e-01
2.487671627992586454e-01
4.307386889324099633e-01
-5.614481521601252800e-02
-1.396030623681250027e-01
-2.133568353676257856e-01
3.929273218027474757e-01
-5.214470296323252541e-01
-2.043731196592283028e-01
3.730696957667903879e-01
-4.920007664012573390e-01
-3.099478506455556892e-01
4.953421043085181052e-01
1.467594545450573267e-02
-8.278544901726496708e-01
1.364112957313911689e+00
-2.706815797909604693e-01
-1.071186339536677884e-01
5.824065054913916128e-01
-4.135801851631262793e-01
-2.867931386497790114e-01
-5.688599671586085371e-01
4.303215521900777829e-01
5.297294266729257045e-02
-1.268132719374492345e-01
-6.350605945793831308e-01
7.455465555192112292e-01
-5.485747634394212424e-01
-2.513339177532056962e-02
8.781418925600674441e-02
-5.556656482459172430e-01
-3.083214354654146838e-01
-8.280672939267227917e-02
3.374607389585879136e-01
5.201036427455991706e-01
-2.032244126757891400e-01
-6.788669520229306809e-02
1.275223238872288167e+00
4.217997314198255188e-01
3.179622895544699235e-01
6.072624435770638263e-01
-6.709285507614698441e-01
-1.891434107054284219e-01
9.159780415148113253e-01
-2.802907631958041768e-02
-5.117607938402545242e-01
-4.226254541009070165e-01
-1.051274037824262431e-01
-2.449570975992189648e-01
-5.044912759483185516e-01
-6.441878789578753262e-01
-1.126732614164393104e-01
-1.864041106759148358e-01
1.180789962094376033e+00
5.866688556745924821e-01
-7.227511807178983450e-01
5.413733830107878009e-02
-3.740642435388922271e-01
-2.624869937248404672e-01
3.499837303547972955e-01
-1.377046091015272367e-01
5.557959454778611530e-01
-3.422728877899166022e-01
-5.813225418999847793e-01
4.112132929508896528e-01
-4.072165129561950980e-01
-2.342098521434797798e-01
-5.320558145841924880e-01
9.409291125685201873e-01
-4.720771886376633891e-02
3.508052657648619288e-01
1.948132976018339957e-01
-5.350312363627220957e-01
-6.218026787464085992e-01
1.052408306452026210e+00
-5.572930301770405714e-01
3.623738393084675602e-01
-5.593104254853793478e-01
9.904035324456454958e-01
6.271178814608771024e-01
-5.769258073236114420e-02
-3.429220568612341702e-01
-4.105711323621164671e-02
1.102641201431836082e+00
-7.668941692571652480e-01
5.377408116875725952e-01
1.046109776481436660e+00
3.938921122311529466e-01
-4.170212585261435789e-01
4.921693038016887178e-01
7.660414320983379710e-01
-6.070472901830721302e-01
-6.717715719011676523e-01
1.222851989025919295e+00
9.339673582370069393e-01
-6.546361361985358895e-02
1.401780670582412625e-01
5.345775603743437854e-01
-1.751103822154292389e-01
-3.001359287025224254e-01
1.409891586440402411e-01
8.809810969811394665e-01
8.859483933713968584e-02
-1.357613419347989403e-01
5.433452159773720647e-01
-5.910680094523750316e-01
-3.360462788492348252e-01
-4.908642164644680395e-01
6.802986722162006616e-01
2.797102124212555996e-01
-5.980030386610355464e-01
-5.423774656236436398e-01
3.687642304073621147e-01
-3.881149507257604658e-01
1.346898323898083893e-01
-6.209998077363099167e-01
-3.689978212364524168e-01
-1.018048025651907690e-01
-2.475073226227581316e-02
2.790419506646166919e-02
-3.466571545521083264e-01
-4.734454430333761010e-01
-2.277790578704894930e-01
2.262985555206640242e-01
2.689602967761161034e-01
4.432581684633857266e-01
-6.740076355740581837e-02
-1.492299597814066847e-01
-9.120488837560648820e-02
3.451328938757592391e-01
-5.941968909890261719e-01
2.474471791921114064e-02
-2.244477986741196807e-01
-3.334883087701585175e-02
7.747980541254854137e-01
-1.661724195688880634e-01
1.494123937729164020e-01
-8.072744683345787209e-01
-2.535165475196641260e-01
-4.001367143215746602e-01
-3.954401848836484046e-01
8.100380783000313833e-01
1.264526671700394678e+00
-1.664740888483680625e-01
-6.485561717394034975e-01
-5.696962095872954990e-01
1.255314946049127967e+00
-5.744435298820904645e-01
3.770155895436514415e-01
-2.422893672766726070e-01
-4.048225268173120672e-01
1.049445218152144532e+00
1.835560959242680534e-01
6.052348188090744818e-02
-3.405020589496600414e-02
-1.428468928869414123e-01
-6.575326333649572641e-01
-6.810368150046580693e-02
-7.694723003093478786e-01
1.299883437386705753e-01
-5.271050553355198787e-01
8.217775634736190771e-01
-5.925771323515583999e-01
-1.447037771418924201e-01
4.207644232916807892e-01
-6.166032895647701739e-01
3.358783784966224983e-01
2.534178855495244354e-01
3.965168979654960513e-01
-6.766611863605359600e-01
-7.549833543133527280e-01
-6.153190677705089318e-01
5.689916339999194772e-01
-3.645590472589733122e-01
-3.740310354422605732e-01
1.384268551425861027e+00
-6.173685312480511334e-01
1.752077727703242604e-02
1.392509291258779702e-01
-3.471408317870026683e-01
2.956235711517021802e-01
1.930946831821826470e-01
-3.384485092961443953e-01
-3.691919414019975698e-01
1.133336829783978122e-01
-6.304507253839325420e-01
-4.629397040136383201e-01
-1.948194015740370433e-01
2.075851483793449692e-01
8.183417142037018310e-01
3.967665371877810432e-01
-2.589306274404991060e-01
-8.217191556313562240e-01
-1.571576373025027062e-01
2.038040786738634369e-01
1.828315500948067551e-01
7.301912828574498304e-01
-6.987363540394956329e-01
1.313697209980280722e-01
6.044466233021446181e-04
-6.622287105447349775e-01
9.129866187949414735e-01
-3.196739733720152521e-01
-1.532555407927360391e-01
8.125352678212530710e-01
1.763281499067949343e-01
5.832338151992439990e-01
-2.510667485680420086e-01
-6.667565127368383360e-01
-3.799439859870247238e-01
7.930425146227247646e-02
1.791955598457568022e-01
2.451251172994711180e-01
-4.656306710791876524e-01
2.484238780872408958e-01
4.711879629181968399e-02
2.080998966497434599e-01
1.402547978169591980e+00
-4.938079665403058427e-01
-4.688334771446572291e-01
1.383242748165628422e-01
1.319365508124942687e+00
7.817536262896258581e-01
3.661531154613145156e-01
5.296177766667450326e-01
1.147923633144500410e+00
-4.883954855474756385e-01
-3.079245943810072217e-01
-3.078558696916393611e-01
1.043322817418725235e+00
-7.668203173634245973e-01
5.350456448743543536e-01
1.748419011605540363e-01
8.263837743575613848e-02
-7.052687647005073668e-01
-4.491852172181388103e-01
7.166135458660998214e-01
-6.022676216004086980e-01
-1.749670143737982186e-01
-6.702172714035531387e-01
-2.927696192611375925e-01
-6.207588766770776312e-01
-7.728807144019811393e-01
-5.213483542319210379e-02
-3.347014698855887982e-01
9.456816710657770519e-01
-4.488033167982929950e-01
-7.507951494897253941e-02
-4.401184701582550596e-01
2.598300776541475621e-01
8.454908860378813895e-02
6.035216487250915085e-01
-3.432834396465889171e-01
-6.439228906936188546e-01
-4.272603258883289623e-01
-1.435686531165478452e-01
6.001280342794097500e-01
-9.268074263302268287e-03
4.774886742467036593e-01
2.849499882925675687e-01
-4.966092990333886847e-01
1.184747507041346154e-01
-6.773634798835799220e-01
-5.361268577339991515e-01
1.161264363202438643e+00
-1.862838499289827254e-01
4.561129955560522253e-02
9.327878535102504531e-02
-2.520698891472116787e-01
-3.118460347999856344e-02
3.845385894830550266e-01
-5.564239452871598823e-01
-1.824631479165622350e-01
-6.304839215288028376e-01
-1.784138294452697684e-02
6.112874386764763912e-01
1.096208919895672457e-01
-3.523875474316970902e-01
-4.317168271793463408e-01
-1.187444341088685490e-01
-5.140393781312404542e-01
8.273102660417041010e-01
4.219077457239355233e-01
6.320949844895950021e-01
-4.662183017014253084e-01
1.187282535402039985e+00
-5.553522897751187459e-01
-1.653953235591413551e-01
-4.747529118282171057e-01
-5.107393824911021785e-01
-3.726613354604448869e-01
-4.733830232853641351e-01
3.445299111322411845e-01
-2.309713607012728598e-01
2.042663925457250673e-01
1.336955442001926397e-01
2.076845280108113312e-01
7.453788281816169370e-01
-1.539940003623803955e-01
-7.245363490201425782e-02
-3.227291804798145258e-01
1.332237622624850293e-01
-1.103956867694356053e-01
6.259922547449389141e-01
-8.098706318380811675e-01
-1.139528905135264551e-02
1.330525143092114337e+00
5.409128100822663265e-01
1.453944441414910749e+00
2.129654613969373944e-01
2.792440007032856442e-01
-4.003286278587783187e-01
3.361690112717881651e-01
1.195653969479842260e+00
-6.139265191129616994e-01
-6.401232814112074454e-01
-4.085258491506279510e-01
-1.413916401041170612e-01
-1.327213643475281257e-01
-2.554033334171637026e-01
2.381525570768840971e-01
-7.835678334222184738e-01
1.369405526518153948e+00
-7.098955495100673918e-01
-6.707634942406415224e-01
-6.714192835983616714e-01
2.890303261123126077e-01
4.995814426408038550e-02
-4.880811847250705604e-01
1.941506634520044072e-01
-4.001369647176891697e-01
4.061896022648176507e-01
9.311029448916199325e-01
1.140066591518017480e-01
-7.972747068974994633e-02
7.864962850515715420e-01
-4.341142953161176155e-01
-4.479560873441681412e-01
1.126923778033158019e+00
-6.193329027666396591e-01
-3.986056572018709665e-01
6.764750916776925138e-03
-2.742575026512768591e-02
4.032031910685167364e-02
2.764450530320592958e-01
2.925366726967439379e-01
-7.122328840993095156e-01
-6.960847212647353066e-02
-6.842890691632534939e-01
-4.841840750405392857e-01
-7.437714723131720884e-01
-6.405858610873738090e-01
1.724019165995057667e-01
-6.031007911328924997e-01
-2.858889931579735033e-01
-2.400215411356535766e-01
-4.960683365945136591e-01
-4.069108129905673610e-01
-5.141372608660599308e-02
2.452894403879593288e-01
-1.849557521075249344e-01
8.169494589458026201e-01
8.851946898499702954e-01
-6.511346822677981094e-02
-1.143836051794061281e-01
-3.261599205984058725e-01
7.167812251619161135e-01
-1.352166521534315657e-01
4.097931611061129131e-01
1.093047177544804738e+00
-3.911460322092422670e-01
-3.909621552102521269e-01
-3.380165347250062013e-01
4.428101304302033414e-01
3.740702750440313973e-01
1.373115526038214629e+00
3.298130743550922728e-01
-1.669313822208754183e-01
-3.842145338777038233e-01
7.272676754772335883e-01
1.154593599602270704e+00
-6.444993179481701695e-01
1.635750473317131859e-01
7.094305522844225609e-02
-1.034393591472408808e-01
1.224483562527108570e-02
-1.283465421567875908e-01
5.328987041648325373e-01
-6.773269434648543363e-02
-2.857493934915646960e-01
9.921569157209889633e-01
4.829719854133678325e-01
5.068573514245355155e-02
1.467781638205939432e-01
2.682125650358845315e-01
1.386777995033889432e+00
7.089632945432551292e-01
8.936978185311350575e-01
1.424994769038040454e+00
-2.025619325668334414e-01
-4.713461030560842646e-01
-4.937018185971162598e-01
6.878899844907207517e-02
1.106337127357509553e+00
-5.846609277834310253e-03
1.044237798348457424e-01
1.177253089386796514e+00
-1.918974108538639145e-01
4.376903450148628694e-01
-2.387626323808744733e-01
3.216797920123353194e-01
9.676165347744559719e-01
-2.945944711219136702e-01
9.618992166096217156e-02
2.435522516717575359e-01
-1.964701556411588834e-01
-7.912198002967535393e-02
-1.591041732402232456e-01
-1.524381943885386170e-01
6.006354124703614517e-01
-2.832214131063894857e-01
8.082365828930008211e-01
-6.759953213406229011e-01
2.512519798216958367e-01
-3.153470036043188318e-01
2.097101513850697652e-01
1.829867332259043911e-01
-2.897230681656505213e-01
-1.670429619674456134e-01
4.416967839259495210e-01
6.322437238836874362e-01
2.693187469574305770e-01
1.163448503878660834e+00
7.312034418098698474e-01
9.881386300323667660e-02
1.411727571339736143e+00
7.915921687635416593e-01
-1.886989854944608747e-01
-3.690614538492204555e-01
-2.657383837508129343e-01
-5.918746860735402820e-02
1.500045848881131016e+00
-1.986555162646929107e-01
6.431549122440929356e-01
-2.014386516463314014e-01
2.706006667580183045e-01
-5.359404873354987192e-02
-3.435474762399798321e-01
-5.908375739104546609e-01
-5.681938413635136964e-01
-3.173789517743991762e-01
2.400296399393595306e-02
-7.450466874913705406e-02
2.291813238675649844e-01
7.841145512681009511e-02
3.511110649550526208e-01
-5.500511402112530090e-01
1.854138987083655266e-01
-5.419641846846544597e-01
2.756148828267764861e-01
-4.405907394049192738e-01
-2.900663201939449043e-01
8.971107714767234675e-01
-2.198543711086687613e-01
-4.829362521819531573e-02
-2.251178570040426596e-01
-1.601385390745415638e-01
5.409627243350499937e-01
-5.390478039487894835e-01
9.595650032205760294e-01
1.598146049004297298e-01
-3.527065663184602573e-01
-1.837911652606031843e-01
1.609445676173386353e-01
-6.635720585247797398e-01
-4.465811713212435863e-01
1.011728382987756136e+00
1.204307019145590685e-01
-2.606946508225612899e-02
-2.901428496354997444e-01
1.177581177373697274e+00
-6.248211564890431280e-01
5.575073299252482073e-01
1.796947254779556191e-01
2.699935099704231165e-02
-3.068037948334158549e-01
-2.934388835538247475e-01
-8.387783381818851858e-01
7.016321854108577005e-01
-5.921277325400797764e-01
-2.717273504851719368e-01
-3.578427660121777376e-01
-9.100025918840931594e-02
-2.203778754506435095e-02
-1.585769649065151277e-01
-2.505442337961363841e-01
-1.850514481251918641e-01
-3.350045858101687313e-01
-5.486788468974350685e-01
8.311891935770150674e-02
8.742239184125409623e-02
-4.502810058803227156e-01
-2.385935901687298577e-01
3.419575702285726493e-01
3.846190935801240274e-01
-3.727131258314326234e-01
3.820536683045771542e-01
-1.759969367953999608e-01
-1.864524548218314814e-01
3.905402238660204972e-01
-1.318918415676313960e-01
7.711712889478548882e-02
-3.871919314618338936e-01
-5.638665820877593049e-01
-5.196019762062008551e-01
-4.775393508529817699e-01
4.705575111214959638e-01
1.996386814817045496e-01
4.835954749678310072e-01
7.089879358528061726e-01
-3.596562539707203743e-01
2.376029690089113411e-01
-1.206909265667711201e-01
9.686240123035877447e-02
2.903813134584055655e-01
-6.093582539333406434e-01
3.432061853826294806e-01
-6.366760691349174772e-01
-5.875006451810115271e-01
-1.260361674327255543e-01
3.804755544335458040e-01
-8.451427730514415870e-02
3.603371552847999815e-01
-8.177100488653553378e-02
-9.084607247055284662e-02
-1.304701394872470055e-01
-3.033053195559916038e-01
-1.820616530655496945e-01
-7.457122406562745054e-01
3.294579469872703503e-02
-1.429866490360461317e-01
-2.222563381956592921e-01
-3.518046129238214942e-02
6.135688900087225006e-01
-5.135493825465237139e-01
-4.115977654993512314e-01
-3.975831156261049326e-01
-4.097478013459620455e-02
-2.315894817940769845e-01
2.355229535176502076e-01
-7.701971144265824520e-01
8.147282601107423972e-01
-1.571923246069984736e-01
5.167327218141410938e-01
-4.773442151637092845e-01
-7.449263126833648441e-01
2.004022923064094075e-01
-7.406840440375306311e-02
8.118220428264099064e-01
-7.553256499607205465e-02
-2.454080930131381511e-01
-7.714519113358112579e-01
1.798716919158319105e-01
-4.571722186966126200e-01
1.762536884563278561e-01
7.494995642650685852e-01
2.664672921695260266e-01
-3.919868168946135101e-01
4.384373570278308346e-02
2.402404192005383812e-02
7.481194896844884923e-01
2.766183780155670457e-01
-4.836579710709663221e-02
-7.122695606956120917e-01
-4.805959225816703873e-01
2.310329021671606309e-01
7.600586920458289875e-01
-3.585535021476131678e-01
1.675986480533984413e-01
3.174844946294793080e-01
1.260334541272902509e-01
2.770573776135115338e-02
-4.397595702365046932e-01
-6.104882716359475436e-01
2.341697169698762349e-01
-9.129306928131948606e-02
7.948237900370408449e-01
4.268238774367284494e-01
6.456688752301122936e-01
-6.616734053419601747e-01
-3.594334032197598477e-02
-3.426226355049148964e-01
2.549327340281727361e-01
7.434790210192639970e-01
1.823563357731106671e-01
-4.427605983864645323e-01
-6.414859917043382875e-01
7.195351762196300349e-01
-1.137702321203080541e-01
1.243244655701085388e-01
-2.828893639846982722e-01
-1.898124507120794169e-01
-2.003089111732584415e-01
-3.760331751562919766e-01
-7.158889028662970277e-01
-2.497916708974042554e-01
-2.400844735639595384e-01
-3.965881297160900321e-02
-2.531045148464141081e-01
1.031853125593975296e-01
4.252627679561486740e-02
-2.542540003918713487e-01
-1.749715331008917796e-02
3.260726369500001609e-01
7.283415473024157372e-01
-8.595025726489963214e-02
2.730194605800824181e-01
1.160947587049238235e-02
-3.903812540103564488e-01
5.409386304124816913e-01
3.793305857445414819e-01
-5.060400760362906425e-01
-6.083690539499919669e-01
2.009661230075619753e-01
1.404575507611035556e-01
6.473712893550110925e-01
4.602182987637867262e-01
-2.844506382138524136e-01
-2.321514432208664214e-02
-2.773084926987278709e-01
8.329445517572384161e-02
-7.484254566820387478e-01
-4.400192718974820227e-01
5.633190160479869535e-01
7.666276294502567534e-01
-1.592978276824447426e-01
8.329949609896887264e-01
-3.048446765862469210e-01
-2.903915504261112557e-01
-2.852472525084941979e-01
3.576063365124813875e-02
-2.612428872444026995e-01
1.806535455572944038e-02
-1.049377949434397994e-01
-4.836250132339270924e-01
1.243580496867653373e+00
-1.713352026057320676e-01
-3.831914549801881398e-01
1.300709682636238262e-01
-6.059813350538482274e-02
-3.953539843059029057e-01
-6.808972883011730204e-01
-1.271386788604547124e-01
1.325037402618776783e+00
-5.347293376982568125e-01
1.139441407682823648e+00
3.008679127618814064e-01
-2.884251490103471594e-01
-5.513843537892676450e-01
-7.266669052428165188e-02
-5.074549297049425478e-01
2.142680407930596664e-01
-6.936621571590665392e-01
-6.115125864115935617e-01
-1.073130441423146703e-01
2.204939085927803410e-01
1.138342120119454792e+00
-1.631784919385011468e-01
-2.793087119129816775e-01
8.401639346449454315e-01
7.830257390810455576e-01
2.004195316146147390e-02
-6.965419654702582897e-02
3.819003565163150982e-01
1.571034847062222350e-01
-3.842896137549916546e-01
-7.667388332172631049e-02
-4.901447959598259629e-01
-1.273980417319152680e-01
1.056497743908049625e+00
-2.579184674865627747e-01
-6.268109551542675462e-01
-5.619503726632615881e-02
-6.336511709792215230e-01
1.127307445109536399e+00
1.399062197078243308e+00
2.008708024511364487e-01
-6.358403690692291388e-01
-6.106979204052064292e-01
2.321106825475979518e-01
3.180794372995482400e-01
8.718871434402524212e-01
1.498481488824353891e-01
-2.665945100303352411e-01
-6.430078092551954061e-01
4.487177834376269714e-01
-1.589572094264935231e-01
-3.285581363282903677e-02
-4.347432671198219190e-01
-4.754121617171692127e-01
8.158608964426150578e-01
-5.314581591221203549e-01
-5.246770019774256166e-01
-2.582183156824940928e-01
7.036089965327709805e-01
4.171178095248400663e-01
-1.529558996838072948e-01
-1.477516880692023656e-04
1.062340866070876910e-01
-6.703236159441001707e-01
-4.623707352389325731e-01
-5.256383949765881525e-01
-2.969120529868758407e-01
-4.921359466644238678e-02
-4.055351600344699325e-01
-6.145725574210463282e-01
-2.296677943318205795e-01
-6.092815831020341744e-01
-2.549022279548058822e-01
3.578679158860881282e-02
5.752697753089310861e-01
-3.221455684850862977e-01
-2.145971890917033192e-02
-4.994770613502652612e-01
4.417974569887916925e-01
1.275057387607218873e+00
2.209094094521688312e-01
-2.626135121306258369e-01
-2.668858577084877171e-01
2.310986096630384679e-01
-2.722478755945781925e-01
-1.130004193533581669e-01
-1.282081991178448954e-01
-1.329328904797150157e-01
-6.435691389966587961e-01
-1.194016545253166334e-01
-1.275839357327325507e-01
-2.364038725452003165e-01
6.124634661760972598e-01
5.696961169897248878e-01
-2.627722615375383541e-01
2.070007362884961621e-01
-2.768392218147770409e-03
-4.516395046288423365e-01
-4.067800327897638790e-01
-5.070467544735148824e-01
2.491392478380453634e-01
3.059802919723755843e-01
-2.853192308308847847e-01
2.731472149843761077e-01
3.281867180335693579e-01
-3.872932442125728292e-01
8.001258097201371378e-01
3.599473265754612461e-01
8.262939929844285158e-01
8.254282252703797340e-01
-4.639087674699758357e-01
-3.318730683366057921e-01
1.327929623721735286e-01
1.496239355876807453e+00
-4.073684571198794568e-01
3.913331658214730946e-01
7.601576101013194364e-01
7.674425137273218622e-01
-2.235935887416805601e-01
1.234214009698040515e+00
-1.898161318802012998e-01
-4.353384790316101038e-01
-4.848784443349690165e-01
6.579095717235892149e-01
4.480930988306724427e-01
-1.888602225946224011e-01
1.053999459077603201e-01
1.448432802925310625e+00
2.912687088521209375e-02
-4.225593835477829963e-01
2.204188151744279622e-02
6.330457193777382086e-02
-5.295819821466083432e-01
-3.761553783495247827e-01
8.195645919904763765e-01
-5.908421740195710786e-03
-1.167565933917062704e-01
-4.768398469018411134e-01
-1.310513751508706089e-02
-4.800796271030497997e-01
-1.190968123661611949e-01
-2.078607307974730811e-01
4.410132372106444903e-02
-6.246921551508501924e-01
1.001079394627950592e-01
-4.839724213881056447e-01
1.351389644950642843e+00
-5.243198425753408110e-01
-1.885924234755403661e-01
-4.556747247031284753e-01
1.189534305831002392e+00
1.432444625135000038e+00
-2.736639410437534670e-01
3.172856256830385718e-02
-5.861981168474360571e-01
-7.648785183069499727e-01
1.585464842209204084e-01
4.275192641988563858e-01
3.973373156013478291e-01
-4.065069029481582774e-01
8.998381719585449856e-01
-6.047384620126596833e-01
3.990886400970620196e-01
8.754387633152392878e-01
3.538572035667587601e-01
1.350321482394793715e-02
-1.699962179715243105e-01
1.556231116629911704e-01
1.838457834452835588e-02
-7.684156600260996228e-01
-6.643057654994828642e-02
9.816099999142796628e-01
2.085969204047872505e-01
-5.897278685911494511e-02
7.031607727005571851e-02
8.789277722075852783e-02
6.450655623988379439e-01
-6.270333321771043300e-01
-7.004481605911179187e-01
-9.212758040650984026e-02
-5.025806218188690888e-01
-2.981470996432773468e-01
9.370143703079184538e-01
-4.243808212654484602e-01
1.083648444776205366e+00
1.402833060972623336e-01
-5.297020171194025823e-02
-4.824266161747553516e-02
4.287680463465938230e-01
6.523447431287753284e-01
-3.713028513665757591e-01
-3.934482854329043877e-01
-4.992798543160345548e-01
9.085033392437447120e-01
2.876803069784519273e-01
-1.472099626412847750e-01
-3.885968856611308753e-01
1.410149559565850030e-01
-3.746534494569380147e-01
1.248611789047511911e+00
-6.408937915426921039e-01
-2.385482041403127196e-01
3.250780857182974937e-01
-6.330715119288534698e-01
-5.636410391536118558e-01
-3.016740936540629470e-01
-2.740535623413875022e-01
7.362690784930510102e-01
-5.642777017667698763e-02
-1.174264028083493172e-01
4.483440371581624839e-02
-4.935577305802406056e-01
-4.090845841875382360e-01
9.992554775687837593e-03
-3.590051596107233789e-01
-1.153640448797290108e-01
-2.949919558071157910e-01
-6.230544239654816074e-01
-5.884094246150619600e-01
1.051578358238632438e+00
-4.155574632293619897e-01
-2.438138303251055905e-01
6.802768491567993125e-01
2.523371464217812332e-01
-7.627752242810579286e-01
-4.578763478073754611e-01
-7.951034963386320875e-01
-1.973918024158600459e-01
1.160518811445879317e+00
6.775695186230153988e-01
-6.093383242654420995e-01
1.329553250262967667e+00
-6.770098107563559120e-01
-2.315867358341858473e-01
1.351148950058488618e-01
3.033328438106788760e-01
5.489151466821719921e-02
-1.538719156047127223e-01
-4.618235873142109704e-01
-4.284315762046373433e-01
5.304287081279033256e-01
-6.310044898386625301e-01
-2.046373335625821521e-02
-6.513431248002713447e-01
1.173437212948136521e+00
-5.610948263821534665e-01
-6.242432796255567018e-01
-5.714764212956573858e-02
-1.840732536682785359e-01
-7.718032714247287096e-01
-6.436347834693405545e-01
-4.518229034010429745e-01
-4.001840293155458084e-01
-3.813064159509927387e-01
-9.633811401532116347e-02
8.467251938793370902e-01
-8.696965578196795554e-02
2.262359465612215903e-01
-2.569302151598228945e-01
-1.668574079443994052e-01
-4.742439371372949575e-01
3.575241307283544973e-02
1.142613860163149975e-01
1.722394635245651229e-01
5.136236991874854052e-01
3.683738136638827626e-02
-4.862656778498536947e-01
3.994232177922512061e-01
9.966249730853722621e-02
1.528167809061528604e-01
-1.570565187748808322e-01
-3.286420082919991881e-01
2.130856789510572613e-02
5.908636224316770047e-01
5.451168845784010175e-01
-2.772933021396152831e-01
9.058998840885630344e-01
-7.568298472867849291e-01
1.846310770010453073e-01
3.741892084560985987e-01
-6.786401625916481661e-01
-2.413992711342597963e-01
-3.680670368942696308e-02
-1.673081744006245930e-01
-2.857757448422423852e-01
-6.372582910239776854e-01
-2.559166980983411110e-01
-4.058341339196399056e-01
-4.695712821045189972e-02
1.070541416911343857e+00
4.886769371090389780e-01
1.885195933214404984e-01
-4.120764876296040269e-01
2.162841698999067308e-01
-2.094067337300573040e-01
-4.996873375599081291e-01
-1.874381800273069998e-02
8.852354457900767359e-01
-7.805315265169657790e-01
6.730101668081498456e-01
-2.419800959206406810e-01
-7.239282499415332361e-02
7.953995894150067691e-02
-3.455194070129501138e-02
-7.606592958971185314e-02
4.170061125781530098e-01
3.881442776882009227e-01
7.263133000660777772e-02
-2.144668092846615526e-01
-1.519684811771335742e-01
6.913600024751686002e-01
4.266984600214780987e-01
-2.983145589541202902e-01
4.479169312496517619e-01
1.444584971456698286e+00
6.084820123292740135e-01
-1.756917188033614852e-01
-7.137227360783560126e-01
4.513554327484621265e-01
-1.407120429501231007e-01
-1.437477507652093756e-01
-2.593656322048407681e-01
4.258825050775806309e-01
5.755974697733744483e-01
9.558369056288927856e-01
-5.626598526524587696e-01
-4.540197712006410063e-02
-2.117556124427207587e-01
8.784316343180480491e-01
-4.426789487140207480e-01
-5.131783907307367887e-01
-3.427739662493105022e-01
-2.129781885724801593e-01
5.331126709694551380e-01
-2.239725338306844671e-01
-1.997096850722518691e-01
-1.953331946945429665e-01
-2.504225483152763831e-01
-5.144777119404085886e-01
-6.699744703320437145e-01
-7.729631376054471592e-02
-8.706630870212449247e-02
-6.834340870580379868e-01
6.962682572944988157e-01
-3.725907304070509296e-01
-4.239509130563599570e-01
8.336202837862648485e-01
-3.501781197733739304e-01
-5.881754088833687222e-01
-5.573024013903274954e-01
-3.959051461347680712e-01
7.621400822034530842e-01
-4.958792032837269076e-02
1.317134360030875362e+00
1.646244620879011022e-01
5.430971961476889209e-01
-1.331338584099633071e-01
1.064798692695033244e+00
2.102489034516009658e-01
1.219391670868673838e+00
1.109787036844581465e+00
-3.760890856072940935e-01
3.097980922716518370e-01
3.737590032631848969e-01
2.863065904622871805e-01
-3.769445299764443424e-01
1.032324904392992737e+00
-2.774229458195381359e-01
-2.513380290001699935e-01
4.181781959873573928e-01
-2.956003182343774904e-01
-8.177521547296619231e-02
-2.282762467774212267e-01
4.968003960099921512e-01
4.876694204099441543e-01
-1.235909795452717896e-01
1.603916445037534555e-01
-1.470786324115171406e-01
1.032904121216502574e-01
2.533691526367456426e-01
-1.014551672966669538e-01
-4.399810336778033903e-01
-5.293954635446646018e-01
-7.614299983913033198e-01
6.744768146059423319e-01
-2.784891409969545428e-01
-7.359027693071090725e-01
1.942358338174369481e-01
7.590026612204308076e-01
-2.648992346891166916e-01
8.454986257843077890e-02
-2.380788061451817872e-01
5.750738582377113994e-01
-1.279409405777256481e-01
-3.399004986245856563e-01
9.616581476181104704e-02
-6.565235228229013287e-02
-4.734563890252831142e-02
4.662152517678778696e-01
8.393349146860087373e-01
1.309021771362495867e+00
-3.692080518287039759e-01
-4.618259946238222335e-01
3.589023895974529504e-02
6.756677303964702119e-01
8.306985895434758349e-02
-3.254142861655407587e-02
7.270652823993636327e-01
3.776359444309791979e-01
6.102006326690478932e-01
-4.441616903544099437e-01
2.982425464090230349e-01
4.302900782491931864e-01
-1.412763059345192584e-01
2.235055784752341124e-01
-2.729092632314021327e-01
-2.790717647295118398e-01
-5.944282065498074363e-01
2.374794033014848704e-01
5.906518076081129776e-01
7.868186708089720816e-02
-6.245595974444299175e-02
1.290003198735044654e+00
3.789948221088086933e-01
2.269415842202431588e-01
-5.636569527480509434e-01
6.472900109840563632e-01
-1.820325618037167970e-01
-2.372540926959855190e-01
2.952957720109262718e-01
-1.930525656019971281e-01
-5.093062812066784240e-01
-2.312993797733907397e-01
1.165036508754306935e-02
-1.866411613682431025e-01
-4.715711965657810034e-01
-1.443157789786538581e-01
-6.627303747989171656e-01
-8.223390662296050646e-01
-3.547538369423208771e-02
-5.884861658779029225e-01
1.173665697627865323e-01
2.405834635091260165e-01
1.362597271056514403e+00
-1.138315651136281303e-01
9.856876866247021862e-01
1.548515439406277505e-01
3.221922649466589239e-01
-9.576721819668283786e-02
5.193337939323890151e-02
8.390184018648288999e-02
-5.783294512597438874e-01
-2.729401402936738608e-01
-2.369655037817587351e-01
-6.896337345496323934e-01
-5.296560156530375485e-01
9.589008608178551940e-01
-2.604877887584072238e-01
-4.212146913707348062e-01
2.474002018573193129e-01
3.406945585859560977e-01
1.718432315608970640e-01
6.063806630624928029e-02
-4.157827469086369243e-01
2.918578450842211902e-01
-6.250343617194409340e-02
-8.404457353598871264e-03
1.023218268681335141e+00
-1.272620913370409446e-01
-7.809582849577931252e-02
2.104157952238603080e-01
-4.314666843858541156e-01
-1.666145911881851405e-01
-3.279466732479431879e-01
-2.022681349784203053e-01
-2.455310608167774189e-01
-8.032363208624638817e-01
4.246953907803843187e-01
-6.012996216044866893e-01
-5.988153061598875393e-01
-9.207973689040584164e-02
2.525013309058916633e-01
-5.241186952363501295e-01
-7.148576822564450817e-01
-1.318752739761948345e-01
1.859514318406461086e-01
-6.569106684205490154e-01
1.342190742989147534e+00
5.751637803666267423e-01
-1.833871118129030420e-01
-2.520481045916864171e-02
-6.314936077039253748e-01
-2.743744767751789618e-02
3.781598811985775743e-01
-6.064848778248506100e-01
-3.519300844207923773e-01
-3.568476850892051133e-01
-6.353962614342109072e-01
-7.607550063360232206e-01
3.682204210669321465e-01
1.303772905344119826e+00
-1.676679580803801251e-01
-6.110985516182990684e-01
-3.865441077389170782e-02
6.029792158897859800e-01
1.183578727012797982e+00
-3.691048870808769644e-01
-7.902915703626961497e-01
-4.872913343549554743e-01
5.177930715853468202e-01
3.333577914688594657e-01
-6.209895635119628832e-01
-4.267559156640985535e-03
3.790391164506191624e-01
1.279721638066810309e-02
-7.046400528314575862e-01
1.466631452553029125e-01
-3.129944709948594417e-01
-9.376842315317238108e-02
1.249903739842219919e+00
-2.543066760041408081e-01
2.898315740831459153e-01
7.188232817115358664e-01
-2.618423148251711186e-01
-1.615839608709429831e-01
-4.456120798869343536e-01
-4.395647209060642435e-01
6.434121542535907734e-01
-4.910321531242454185e-01
-1.195310683943496405e-01
-4.988208338124778402e-02
1.840930494494634473e-02
-4.238466597740964126e-01
4.706326778967988012e-01
5.636361202036085372e-01
-4.776416746869212582e-01
-2.289580719262494235e-01
6.380462585517254759e-01
-1.572252585846451930e-02
-4.721177597287103817e-02
5.319460340261513709e-01
-4.420840559649902302e-01
-4.412250698138034388e-01
-3.251256448482438555e-01
-4.060041099701863776e-02
4.794896412443185318e-01
7.101110007078627051e-01
-6.281537826453602591e-01
-5.837445547764223974e-01
-1.914604406164289452e-01
-1.761500593809105231e-01
-3.886190248384113755e-01
1.247199644733286927e+00
1.087327244316589114e+00
-1.541995298355101074e-01
-7.864994208152422672e-01
4.411079778769045889e-01
-2.957428951110467885e-01
8.347928983225517963e-02
2.329151981624075773e-01
7.274304359999785030e-02
1.326218765338494032e+00
-3.775027878663770320e-01
-5.264171656607510297e-01
-2.365528875442933499e-01
-2.190825241107676180e-01
1.371275796248350998e-01
5.437491034807807599e-01
1.088207531398789563e+00
8.913705723992722263e-02
2.634901019576147557e-02
-5.759988201817800579e-01
1.343120127773793360e-02
-2.620687800061999861e-01
-5.107756366178758389e-01
1.544253757866957677e-01
-3.877751790612791738e-01
-5.290924072888737451e-01
-5.339577640343646792e-01
-3.376240693053497721e-02
-3.690741291487458220e-01
2.090807909256292008e-01
-2.823016348114834595e-01
-3.210713817955042626e-01
-4.276428119669193895e-01
-1.477976966289465122e-01
-4.633745843140334442e-01
3.753727011524720103e-01
-5.749004486909826683e-01
-5.445800372597050520e-01
-1.862445941508725777e-01
-2.604684382261840958e-01
6.338277131137345366e-01
3.043230499482932339e-01
-7.071908760646941072e-01
8.579050800214277350e-01
-1.703382580548815362e-01
3.833902486269323562e-02
1.117411912501401927e+00
-5.906521391825074740e-01
-7.862480475509374400e-02
-6.352012178536238229e-01
5.344736381424123328e-01
3.182466615167269253e-01
-3.950152566562363243e-01
5.835251632031505237e-02
2.929572665825234679e-01
1.515963699732810088e+00
4.220216651864930335e-02
1.007164906796247372e+00
3.970110730942904564e-01
-4.918178412318462422e-01
1.129923381811045235e+00
-1.327910216978954450e-02
2.200057692633870243e-01
1.426520137132927246e-01
9.968495423192548222e-01
3.488896355143018546e-01
8.367947397821772215e-01
3.571345967829355206e-01
-7.125596001838556404e-02
2.501485840532371649e-02
2.006998601302049656e-01
-3.481566053817709561e-01
-4.773695875612922190e-01
5.353314902867099823e-02
6.724804692366991021e-02
1.438695555561973066e-02
-1.837121910872669683e-01
4.360688603029025945e-01
8.928657025584008089e-01
-2.150026028562937452e-01
-4.427376058515619106e-01
1.473619164488468580e-01
6.476723677615964236e-01
-4.299563148595770268e-01
1.179803917452846740e+00
1.573320511814408351e-01
-4.454568442934069283e-01
-1.983519688937671888e-01
3.064725157622776863e-01
-2.606835163497506214e-01
2.004072705535242804e-01
1.323889088628296351e+00
6.343973365266818432e-01
-6.088704763736431103e-01
-1.712795855083084628e-01
-4.912237833117294450e-01
-4.183311504545989545e-01
-3.490918112546065322e-01
-3.304944876546848653e-01
9.165219270937011720e-01
-6.417504336319828084e-01
-3.815811444404375030e-01
-1.214112344440782809e-01
-4.441573404599294395e-01
1.450865786606641838e-01
-2.832255220754745784e-01
1.913315089041712769e-01
2.230042749872793162e-01
1.291983243553100014e+00
-7.323526646745978641e-02
-7.555697305871355018e-01
-6.982200699289626833e-01
-9.769048491804087353e-02
5.392721680687230512e-02
1.381352437304272929e-01
2.279672277453430873e-01
-3.415920082043119033e-01
-7.603924446741856524e-01
6.525569960623833765e-01
-1.057637603769115836e-01
1.352245127375384937e-01
6.257478890766534629e-01
-3.007520639718512800e-01
-1.560847017670289882e-01
-5.436954169411961635e-01
5.374080374187942960e-02
-4.264625846161740341e-01
-2.676064589075928257e-01
1.112689988678001507e+00
-5.020173960067909613e-01
-3.058038729683943968e-01
-4.894117796132571585e-01
6.271298951676501643e-01
-1.506876885081587514e-01
-3.480793088841080962e-01
-3.263015132406911767e-01
8.646169928256254300e-01
6.866462568245227382e-01
-3.500018615972101399e-01
1.799040180374368858e-01
6.371620465505367648e-01
-3.109741213426991946e-01
-4.116165457953444018e-01
-2.826285266192461454e-01
5.644411583496096174e-01
-5.944872739109163112e-02
7.579908121613614380e-01
-6.790885739994775294e-01
3.123527658533104545e-01
-3.456381267403007412e-02
1.222273060547429235e+00
3.312693043581741437e-01
-8.020716991219432879e-02
-4.079545602112834568e-01
9.244024980632182809e-01
-7.540058837465025698e-01
5.931222140665992626e-01
1.013768850416887218e-01
-1.337470787105983772e-01
-2.577292341280616461e-01
3.420616480714239183e-01
6.281380907305552652e-01
1.289618812055548236e-01
3.880820920543976982e-01
-5.426953899255755331e-01
1.730788776085285738e-02
-4.869939545131677927e-01
-3.001201691140568117e-01
1.529971453985156105e-01
-3.566264171109064240e-01
5.102992884549755193e-01
6.459912350196529707e-02
-6.172108174824538773e-01
1.230822546918287852e+00
-4.967645739983005404e-01
1.343941170970377685e+00
-1.997404327769141674e-01
-5.304491171456064968e-01
-8.511810873768531349e-02
1.114995142753842511e-01
-3.324023847309453550e-01
7.678382638821590334e-02
3.055430458281327769e-02
6.198516971721949043e-01
-8.847059761886726104e-02
1.125165871436993204e+00
-1.681889142776127888e-01
4.570104514974958620e-01
-5.576480793925350232e-01
-4.844005036981151036e-01
3.624928578345789631e-01
1.167237815977945514e+00
-4.706807246105922105e-02
2.876997377380919318e-01
-4.781341549224394361e-01
7.429382112771899527e-01
-3.903950834196981967e-01
6.185327440845899138e-01
3.044743441395418859e-01
4.495920990340981915e-02
-2.815185693828320956e-01
-1.962181466507999794e-01
1.236938843538538391e-01
-5.941932804343286190e-02
-1.827105435610682227e-01
-4.259464393572574559e-01
8.842678760393259951e-01
-2.478462944916342003e-01
-2.214820769613364826e-01
-3.185816923763464814e-01
4.642842223826233461e-01
5.238386280176924314e-01
-5.594913845218368875e-01
9.667584059076039793e-01
-1.795189718408467805e-01
-6.240884120818878111e-01
-7.297338192456668260e-01
-6.133967144705705365e-01
-1.921873181412432977e-02
-5.214979860150072977e-01
-2.557946608328029447e-01
-6.880965899030050403e-01
1.641925517678351210e-01
-1.086246293845351124e-01
-6.564032667915786767e-01
-5.977236995607786429e-01
-3.212716809010875418e-01
1.449566161531943842e-01
1.450646681640139213e-01
8.275860364664638924e-01
5.928826080425090433e-02
-4.735942966702046120e-02
-3.210549513343562422e-01
1.865827751773411480e-01
9.852940046243525984e-02
-4.870998657914096808e-01
-3.463490451945462345e-01
2.440596176543599616e-01
1.371757174927671574e+00
9.207780020147793287e-02
1.147025375989102258e+00
-1.793070078563321346e-01
-4.300626647396212920e-01
-1.073942631012634041e-01
-3.568773876922762267e-02
5.113193625043510604e-01
1.578385048473796015e-01
-7.998824896439787890e-01
-5.210012267565905519e-01
-2.004624358695764608e-01
2.523319754389871106e-01
-3.368284070644954609e-01
2.323340375365668675e-01
9.181995031076754799e-02
1.823993320311251554e-01
1.999248682868973170e-01
6.025326481259510869e-01
2.714304569916306184e-02
1.622510814301952597e-01
-2.539453116648077713e-01
-7.109349641189574576e-02
2.271164879906217293e-01
7.645548593560996808e-02
-3.253960344817578010e-01
1.370617108297418563e+00
3.589178416072882349e-01
-3.516895185731940821e-01
3.406854817799793295e-02
2.385703399222849075e-01
-5.197280022833379309e-01
1.207527728265549882e+00
5.387681882920194454e-01
-2.141636195969049694e-01
1.427083461742281401e+00
-3.095636386243219018e-01
1.051997276334438292e+00
-4.311001533264640084e-01
-3.075560800174880205e-01
-6.521798122732814784e-01
-1.476445566425906297e-01
-4.964132087665986126e-01
-8.590105925837394907e-02
-6.124342287116317785e-01
-3.282711312333697617e-01
-3.834474035582605689e-01
-2.548286188580745071e-01
2.028785261576308285e-01
1.412426693735688410e+00
-1.331629094037353467e-01
-3.534386236439037154e-01
1.063537861300810849e+00
1.155353589715595763e+00
1.738107251991238555e-01
-1.810814588929050006e-01
1.280350591450742093e-01
-6.262002563365418606e-01
-1.329276484748631859e-01
-1.882121326477772250e-01
5.110685011222907415e-01
-2.200563533432221552e-01
-3.984433358690620541e-01
-3.693338836416172888e-01
-3.534264829140530972e-01
4.460314965716306868e-02
-3.419662880145616923e-01
3.351443329508302926e-01
3.505134610494483605e-01
4.515190990635928880e-01
-2.026415802367028673e-01
-6.543669034966290154e-02
5.984510119101521530e-01
-5.747846698845858748e-01
-6.023198942863789984e-01
-6.036881364120106896e-01
-2.490658626265666864e-01
3.262873004604273097e-01
-3.607159040317137744e-01
-7.477008004787604190e-01
-5.352297052904737146e-02
4.152768450392849142e-01
2.942621837674137542e-01
1.300191894769019862e+00
-2.418138954856159650e-01
-1.641175787601828473e-01
-4.370910720622319667e-01
-3.261324306221027314e-01
5.485490881856738277e-01
-2.056418675994727829e-01
-6.336489993286443800e-01
-5.443544675749676376e-01
6.418706696351448304e-01
-5.554715494317258306e-01
-6.076656932744817219e-01
-4.782536102245097398e-01
-7.027138000480507296e-01
1.088632575217265863e+00
-2.979138871271850286e-01
-6.902734831507095770e-01
1.231231970283775401e-01
-4.772552907648700549e-01
1.221891644309432312e+00
6.602674840928293154e-01
-3.296805373741155121e-01
-1.259528410188604508e-01
2.732676493860107803e-01
-4.904204898462942719e-01
-6.872189811394123771e-01
-5.264275545461327699e-01
-5.483483242213170739e-01
6.579258503663261148e-01
9.084421390833036236e-01
-1.597280564900868671e-01
1.152439251716500940e-01
-7.737832174164102073e-01
-6.429577463717792707e-01
-7.919482642074116355e-03
-6.934035033365868461e-01
-3.910882653526072672e-01
1.755208348351738890e-02
-3.433380073741089666e-01
9.323899752423299436e-02
-7.450231624289130883e-01
4.385271173279670642e-01
-2.445441198267541139e-01
-4.498985417085006877e-01
-7.401017607143656196e-01
8.047142973176076020e-02
-5.620763084635514995e-01
1.309611861237510944e+00
-3.353194931418206348e-01
-7.740981494475022151e-01
8.885465892383277442e-01
-2.162657598604821596e-01
-4.627511432581590256e-01
-6.175662403643145809e-02
-7.757071785101053718e-02
8.456043111207947049e-01
2.654639771626051137e-01
-9.960275260505838460e-03
-1.718879156255401219e-01
7.243254955237282688e-02
-4.281514055240788763e-01
-2.114014456328753844e-01
-2.935306025319736056e-01
-1.753741064664895155e-01
-2.305810000466786414e-01
4.444648029853023874e-01
4.064656674983697093e-01
-8.147648761180690258e-01
-2.207200904480440540e-01
8.545235446570874638e-01
-4.160763086302695091e-01
8.779521195358283570e-02
1.281907015186214416e+00
-5.496882291036006007e-01
-5.548806734726816625e-01
8.587688399432212849e-01
-5.654992297822031971e-02
5.887546422947199931e-02
3.381796022272692825e-01
6.910159466154038033e-02
1.033698471550329234e+00
-5.574029560953519535e-01
-2.026461262774718886e-01
-1.847985710098486167e-01
-1.589176336123047505e-04
2.511157922241397666e-01
7.302751505065944171e-01
-3.888131765813675478e-01
-5.510855870022028924e-01
-3.724707430172587985e-01
-1.946599208812895554e-01
-1.944803977279122298e-01
-5.201342269730173662e-01
-5.374181852462175252e-02
-3.873532991746880816e-01
1.607827669098256529e-01
-3.378625138650255821e-01
-2.990808803625334966e-01
5.242974988278474857e-01
-2.827455812381769462e-01
-2.192074799229032089e-01
7.173602307903264030e-01
-7.541960030758223521e-01
-6.496801776982471521e-01
5.695673268407123319e-02
1.185049009874519221e+00
1.297076497761118219e+00
2.530629677070025396e-01
-3.915297648556406718e-01
-5.155647333353378103e-01
-2.484317743165095627e-01
-2.815565365926603891e-01
9.567728760746958550e-01
-2.221014591748980693e-01
-3.769771219866123180e-01
-3.657382917123360166e-01
9.946507770623642941e-02
6.306023311353342597e-01
-5.400539060752848064e-01
-7.827430690453754392e-02
-3.623114287899400487e-01
1.117679343339846171e-01
-1.845571833921718918e-01
-3.727478659973297304e-01
-3.264726823223462748e-01
-2.470505457035050700e-01
-2.394851717229238564e-01
4.941420298234688868e-01
-1.865337782515359144e-01
4.196007736986610559e-01
-1.740424181073020604e-01
-5.631314035088615944e-01
-7.905353560193192908e-02
4.082127515742345336e-01
-1.035689209617338818e-01
2.120571488699539986e-01
-2.593651264226496389e-01
1.335109035112310716e+00
1.381992787729195760e+00
3.004698800811241299e-01
-4.183747813493384760e-01
-2.061118069484123294e-01
8.386762523380063283e-02
-3.497151062472508842e-01
4.563793440294008352e-01
3.155772415290304389e-01
-3.305208961873391527e-01
-4.061281696111935235e-01
1.316342057900232065e+00
-5.234307969152995899e-01
-1.859489294053553662e-02
8.718785707320912681e-02
-4.617245188626011299e-01
4.830820789305765306e-01
-4.906655235029379614e-01
-7.362318635418131640e-02
6.191779960490821910e-01
-3.618733232348289031e-01
-6.527702301711959532e-01
-1.537050546196093992e-01
7.129967485032821795e-02
4.135340288225843874e-01
-1.358511027141089123e-02
-5.127383162492372692e-01
9.633172463991475365e-02
-1.315618311563444276e-01
-1.289492397456830641e-01
-6.435315163586119436e-01
3.311956240010019425e-02
4.919701141403206700e-04
4.834973098944410630e-01
8.529194355662584881e-01
-6.647976440774253648e-01
6.086720255597093399e-01
-3.400364546380108544e-01
-3.002491637036626138e-01
-6.072310513040265478e-01
8.263444234307724123e-01
-4.218514571862443385e-01
3.516751700737155706e-01
-9.384822116978371043e-02
2.909951962416979510e-01
-4.668934394195026205e-01
1.031684365242615253e-01
-5.756044433305710362e-01
1.175710005870451436e-01
-6.080526074393333841e-02
4.956554986469755009e-01
-2.049969411077313119e-01
-7.950502197404423210e-01
6.610372502383035087e-01
5.294762491180701192e-01
-4.973548717983849315e-02
-2.808495823968771288e-01
6.956500287014660833e-01
-6.658727112010123239e-01
1.952571467434334462e-01
8.127305866556303604e-01
-2.219535586357842538e-01
-1.996194465679889951e-01
7.134346923792920236e-01
5.776661619811098713e-01
6.567575331483506140e-01
-7.904953960003971991e-01
-1.253357424492756445e-01
-4.805689853949499657e-01
-5.740807178802935784e-01
8.809015698671489314e-02
1.520172736683985358e-02
-3.179013188935740364e-01
6.397936657773579672e-01
-1.670703860974366017e-01
6.697469344449018536e-01
-6.984148942952540517e-01
1.634273556978778907e-01
1.226097921863205542e+00
-5.003952294030113990e-01
-5.531257080846251339e-01
1.356977237636449285e+00
2.072151241517656006e-01
7.437606213880890715e-01
2.866899404799647111e-01
8.632058112241710601e-01
-3.738298329531604125e-01
-9.373002964973904672e-02
-2.405952966486089861e-01
-3.675437384587930401e-02
-5.716397508755449719e-01
7.506542636759791498e-02
-2.206234230641347105e-01
-3.119332246661159491e-01
1.176053693703989822e+00
2.306911047834526718e-01
-3.686544300203493663e-01
-7.514295191419460007e-01
-5.248478104891676210e-01
3.608150306437256649e-01
-7.294311168149348878e-01
-4.655926042859114267e-01
-5.051768872043491121e-02
1.299058545760326755e+00
-1.250472725259690887e-01
8.268013869647322656e-02
2.243943486151642464e-01
5.305996548875399621e-02
-5.762622504722019201e-01
1.301540869418846835e+00
-5.836494801738849603e-01
-6.953203555192190022e-01
8.146001900996214795e-01
-6.146559328760292651e-01
1.772750293156601376e-01
2.071824767048353610e-01
3.833252625057824714e-01
1.121572958356590100e+00
-3.098961389980157688e-01
-7.432421084640238318e-01
-4.231763784856670818e-01
-2.105739160621921680e-01
5.846987901990454706e-01
4.050928807707909196e-01
-2.201547438465512319e-01
-7.081165305394119258e-01
9.923944523000881590e-01
1.352472144767273399e+00
6.496502087316692597e-02
5.326669034140107950e-01
-6.831377377886064250e-01
-5.026314492593473293e-01
-5.265398148353597207e-01
-6.753812463606398420e-02
-8.313785786940014466e-02
-4.831727228091861059e-01
5.109096614059536329e-02
-4.469021575551009318e-01
-3.381415801155088219e-01
9.253375721424269562e-01
-4.739488265191430655e-02
5.541414659699946954e-01
3.190389307915267869e-01
3.709685239866873374e-01
7.823310691315560339e-01
-1.955218144819014792e-01
1.123498194976443355e-02
4.371570870746062099e-01
-2.261701969866591333e-01
6.712891994600112683e-03
-2.794659762291829552e-01
-2.749794508073160476e-02
-6.703237802861562455e-01
-2.151123303215713711e-01
-4.130930235295779407e-01
-7.196527749811519881e-01
-5.886118695237928522e-01
-2.394417175168292167e-01
6.345789125878211756e-01
-5.850598180024237926e-01
6.905884253744234980e-02
-2.935208912510871015e-01
-4.473725392075596496e-01
-4.596627937768199557e-01
-4.050190014752058087e-01
7.803068511251979311e-01
5.995092706238753788e-01
2.056247678256649114e-01
2.244822496381109617e-02
2.646803192684579753e-01
-3.614106238471194357e-03
2.351768564697673813e-01
-5.183270579205523365e-01
-4.868977698148887479e-01
-1.209974908023324358e-01
5.925988922298571770e-01
9.592336980277089697e-01
-5.147947534437034012e-01
-5.819041192392706563e-01
-4.451080855224658905e-01
-1.562113709637562020e-01
-5.341143136779185063e-01
-1.442269324832083123e-02
-7.500961870431770429e-01
-3.345691872707439729e-01
2.426295143350744588e-01
3.162834251157277676e-01
1.427808772935253157e-01
1.230255299316320050e+00
-4.593399215139357117e-01
4.694781090065077572e-02
1.998350476070035742e-01
4.107404954279873510e-01
-4.074931605681153535e-01
5.742903179774841993e-01
-5.962000004679475218e-01
-6.007721038990189166e-01
-4.966105975753115076e-01
-8.731394168208087003e-02
2.590915755098068818e-01
-5.032162464674006658e-02
-7.441365253913417854e-01
-2.813547049508596243e-01
-5.342869032674422147e-01
-5.426706947225646838e-01
-6.891451204050866863e-01
-4.382394491054222851e-02
-2.077842654446575565e-01
-3.114462376160488932e-01
-3.995270677470363907e-02
-3.496995323011396484e-01
1.064881132706873457e+00
-5.532824196240990755e-01
5.257808014524792961e-01
-2.534684025454518874e-01
-1.655916677057616138e-01
7.954328316810426180e-01
-4.171818188608562017e-01
-6.883798899683657435e-01
-4.447936942898630397e-01
-3.498169838182791924e-01
8.364471191476890999e-02
-1.015770952047111569e-01
-4.102320355925361262e-01
-5.425120347442033975e-01
-1.127568360090306088e-01
2.549165872778294539e-01
-1.206351438735017573e-01
5.879326310717801762e-01
-1.395322477976460585e-01
-7.495276894665522383e-01
-1.629487952041359933e-01
-7.146002697919264790e-01
2.223578661081217211e-01
-3.733767893078637767e-01
-3.999661639004788993e-01
4.595615218548317338e-01
-3.543785201976236421e-02
7.776209138029378798e-02
-5.212670844658643388e-01
-4.838895602380258731e-01
-2.245756658825209529e-01
1.173108483806261232e-01
-5.777416551012052315e-01
1.136066318636452799e+00
-5.797875969150025899e-01
3.434363786775106869e-02
-2.654785770442771309e-01
-4.556153093161474099e-01
-5.327119270639608661e-01
4.087918435850632637e-01
1.360388850983552445e+00
-6.209681922635559292e-01
1.578835846815838939e-01
3.797335594200808018e-01
-5.205102587967765926e-01
1.070460003630211432e+00
3.122513536455956418e-01
-5.244813126924345870e-01
-2.318970428827490105e-01
6.698472515792028292e-02
1.860863294392075262e-01
-5.901107611352309767e-01
-6.227125975454437246e-01
-2.669263402048930797e-02
1.631389784785088337e-01
-4.902999988314176716e-01
3.067698934243516182e-02
4.561103380470481888e-02
2.946280836190296945e-02
2.914075980664834198e-01
-5.114327005999138587e-01
-6.445481959974001807e-02
5.324011730834028455e-01
-4.877173001249785478e-01
-3.003215526989778672e-01
-1.529919872810429904e-01
4.024678560376957481e-01
1.086023141031709494e-01
-3.145027662218161102e-01
2.791889828315228250e-01
5.805388279241093796e-01
7.170364098595066737e-01
2.390522725346478361e-01
5.224467016053371271e-01
3.807884773924909150e-02
5.506047667339208224e-02
6.073503475653257988e-01
-1.602112405761278446e-01
-4.202763303704963316e-01
-3.506048491103120890e-01
-2.118709114737293564e-01
4.782531394533180436e-01
-2.526835072057280196e-01
-1.832696752129021889e-01
-1.382193701434202004e-01
8.199284932889157052e-01
-1.280864368983414443e-02
-3.685373366429025022e-01
-2.400624553538941441e-01
-5.203280225126852843e-01
5.693195338720397070e-01
-2.111638143641160759e-01
6.529993532746211637e-02
-1.202009073321021193e-01
-4.711398263769226991e-01
-1.574672081028751780e-01
3.538601278178170051e-01
-2.159086456337324933e-01
-6.516449933864827404e-01
1.020732140814148314e+00
-7.331215322209898577e-01
-4.096979145917710174e-01
-6.903407027756299774e-01
8.974578884108677657e-02
-1.398826940269632113e-01
-5.843139384735327457e-01
7.211640494613700270e-01
1.571909162756109923e-01
-5.678699829442140912e-01
-2.655099194792273631e-01
4.215423387122101406e-01
-2.422784626689003795e-01
-5.613546487822240749e-01
-4.731470727813095190e-01
-2.529771787921557546e-01
8.059956717915137681e-01
-6.826913367896718654e-01
-1.219366955221535230e-02
-3.787262876333464812e-01
1.338868823050406220e+00
-2.867204005063590522e-01
6.690121038078232774e-01
6.720414345484978513e-01
-4.356060314800762612e-01
6.918023018447243266e-02
-2.009339108553468700e-01
-4.168299166522329013e-01
-4.332368631552774851e-01
-2.572476229930407629e-02
-7.323875904782014556e-01
5.297713559867458719e-03
-5.074426262277599298e-01
-1.053611055708735325e-02
-2.598894992718591146e-01
2.270395603295510822e-01
-3.432879345003914118e-01
-3.397970257947522388e-01
7.919139312669147834e-01
-4.634601007286035523e-01
-7.720772639084612088e-01
6.602332577488450038e-01
-2.654512280925707887e-02
1.128840707405387445e+00
6.215526219712340650e-01
-2.395288641519346118e-01
-2.318733789135478951e-01
-3.836539211848609132e-01
6.730782064234308582e-02
1.293339094922137056e+00
-4.719615775208287345e-01
-3.157091096666463925e-01
-6.598565834575537137e-01
-4.016834033750099064e-01
2.498092382727605185e-02
-3.927277179766590076e-01
-8.649710600750626019e-03
-3.625993728866909183e-01
-5.720909059439734934e-01
-2.425200651803126883e-01
1.463650134199459829e-01
8.890971636664467548e-01
3.339871268040070507e-01
-2.355436104462822755e-02
3.221636044537276033e-01
1.201491415616487535e+00
1.326085836308756871e-01
2.949124367063323815e-01
-5.015931741359628271e-01
1.367032301146177353e+00
-5.175370471971274533e-02
8.459843778293547611e-01
-5.694038449972902427e-01
-3.742997538533185398e-01
-1.775187777898363795e-01
-2.830245615979688767e-02
-2.924542762004301855e-01
-2.864443367871185031e-01
-5.150607056049164578e-01
-5.665121379595878803e-01
1.184347026324407137e+00
1.784009500543672078e-02
2.979682496599181732e-02
-1.079076021973871952e-01
8.207755605819460065e-01
-2.674468331274125754e-01
-3.749560711521349732e-01
4.022616490796322719e-02
-4.742691889833243746e-01
1.983744469886713768e-01
-5.958335327376027557e-01
-3.119951735361481959e-01
6.856542458450877175e-01
4.380021804984852163e-01
1.730044413189539276e-01
3.176296996699987107e-01
3.851440797290057727e-01
1.430266468992016815e+00
3.850891975136370160e-01
2.645917433182283507e-02
-7.840164798808918478e-01
-1.340254023599650457e-01
1.055786422334316077e+00
-5.550191896180562967e-01
-5.754950938438454511e-01
2.218563438937373455e-01
1.190986363058130548e+00
-5.170238113653662371e-01
1.006348070402927064e+00
-2.371883529522894329e-01
-4.005973608939475405e-01
-3.586336518404648066e-01
9.731009839673819828e-01
-3.024530553586772252e-01
-5.946452225556476678e-01
1.051251756445245933e+00
-6.565891429813126567e-01
1.288953800872500062e-02
1.010928468373746059e+00
-4.783550598543931942e-01
9.377373737455240166e-01
8.196608343258951490e-02
5.074512586379441581e-01
3.121003492153992531e-01
-3.139149471945040237e-01
-2.496220528701047492e-01
-1.682567393437240932e-01
-6.267200207159946690e-02
-7.698677683378639669e-01
-3.846804259391222724e-01
1.095442873449777171e-01
-3.696384064511914480e-01
6.885298397937456016e-01
-1.226058497176508166e-01
3.745007709939605911e-02
-4.640824706045196257e-01
6.195433338859002159e-01
5.898291314648770184e-02
9.877759342004481802e-01
-2.235324186333341456e-03
1.371486292225767567e+00
1.853867648601088269e-01
9.846787540741372968e-01
-3.935410623572150879e-01
-5.789552979501740859e-01
-6.178392251265978352e-01
7.580782541800091812e-01
-1.507036067190304640e-01
-3.543218585783520225e-01
-5.747245072477340511e-01
-6.674672093869982170e-02
-4.748463607474015524e-01
8.355219667290674224e-01
5.967813456890484064e-02
-4.120422565966696538e-01
-3.173016902706941589e-01
1.654880360145654650e-01
-2.437252739883305486e-01
-6.844917731521309515e-03
8.473435109605637061e-02
-3.472309526231296545e-02
-5.033139192427672493e-01
-5.571147377998181272e-01
3.953239686927910446e-02
-5.667466538371668250e-01
2.674747585287325924e-01
3.831643225351034077e-01
5.366935978523221795e-01
5.381796968518224311e-01
-3.146926322593898151e-01
-1.959690975011628700e-01
4.819942513515726445e-01
2.714685793755732268e-01
-7.057952113287646601e-02
-2.699140812846380633e-01
-5.132072927320077138e-01
-5.722877165440576341e-02
-8.279231886818612107e-01
-8.861827052632055557e-02
2.593398692026649965e-01
3.971587017890295668e-01
4.989233726631176619e-02
-3.956033633242030390e-01
5.342258289055853426e-01
-2.999759626394826739e-01
9.339290977363524648e-01
4.051797315301663427e-01
4.200931562374404793e-01
-3.194220246586169099e-01
3.451636491370709686e-02
3.909247350498605278e-01
4.666605351443797733e-01
-3.640045924644608188e-01
-5.060089217151294561e-01
-4.897638034146013508e-01
1.000396063168304650e+00
-4.289441797800828127e-01
2.507769800193473952e-01
-5.256012911794637477e-01
-7.150848057403880187e-01
-6.233861980416737225e-01
-1.406667122318160795e-02
1.431821301942045321e-01
7.105922973795476549e-01
1.027174440112858189e+00
-5.435497957536339353e-02
-5.014833044684480212e-01
-4.074788767528585987e-01
1.013442112808085271e+00
4.590590432779004249e-01
-1.226018377824651812e-01
-5.017704046886252156e-01
-6.501910111827641225e-01
-1.369289691480371496e-01
1.215943107181223892e+00
1.880004286114830003e-01
-4.176809980223705754e-01
-3.527840381450386142e-01
-2.620092953105974676e-01
-6.787261715689685282e-01
8.487521813916011348e-01
-3.446444780168567701e-01
-3.246903461152389481e-02
-1.159821087376432108e-01
4.748436322236804785e-01
3.478231899994538856e-01
4.622043744616741723e-01
1.189410453410642970e-01
5.551556877224331776e-01
-6.232512599193028580e-01
-1.616903401629352921e-01
-2.385635252899823977e-01
-1.695299390912875098e-02
-4.226489781467845930e-01
-4.859075496357802004e-01
4.111386673767897237e-01
1.132418345525644937e-01
1.125178380195260841e+00
-4.850369656452978573e-01
9.578818370323798348e-01
1.919705313282240866e-01
-1.417022473118646209e-01
1.281045656381777587e+00
8.037963211590316570e-01
4.069829238515661474e-01
9.686988034711392359e-01
3.516802581831081631e-01
-2.658407813810817477e-01
1.963600701549472471e-01
-1.541341826510069513e-01
4.817045892804251439e-01
2.456386579255949998e-01
5.523764214684541152e-01
-5.312714374614604385e-01
-4.835809006213309114e-01
2.511902494831321220e-01
5.843220419666035337e-01
-3.250629173143095296e-01
6.985377136536157217e-01
-2.739604738606003700e-03
-3.750048664437685142e-01
-6.448552198542523151e-01
-4.800885269525688170e-01
-1.822614377571903643e-01
1.365252609225508229e-01
-4.223670498012793151e-01
-7.447231356136584379e-01
7.515997828837807093e-01
2.806670060167414937e-01
-2.176911446688006846e-01
9.867429384997241648e-01
2.588877049331161917e-01
-4.134265308931291960e-01
-8.653121845334607598e-02
-7.574180840942520421e-01
-1.486280520381603465e-01
2.008882955372567891e-01
2.647503705745992732e-03
3.728761992229556732e-01
9.406158119958780983e-02
7.560213101910725486e-01
-4.561322881270037446e-03
1.407969940391650687e-01
8.119443063291338358e-01
-3.842893018384435644e-01
4.359657039048872029e-01
-4.762064213064353679e-01
-6.618821772755657806e-02
9.993556035567029427e-01
-3.641938528349741855e-01
3.849027732012252345e-01
2.026333512321164265e-01
7.829371033494857413e-01
-3.580604026457015476e-01
-3.221632850542712201e-01
5.659539478794911593e-01
-4.559894682389267762e-01
-6.613323303582190338e-01
2.894788109934473552e-01
1.462167362102828883e-01
1.382120340687588600e+00
4.319124207181609387e-01
-4.271746267008560416e-01
-1.898530100360939360e-02
2.347661293239190761e-01
-1.261735355653253454e-01
-4.764753576824352632e-01
-5.983422919538501361e-01
8.910847531141651290e-01
1.842957469256155667e-01
4.612582534235492582e-01
5.255398978426569778e-01
3.065284879263714957e-01
9.958933546989574559e-01
6.290041304752872486e-01
1.300846905408571397e+00
7.336039177025599489e-01
-4.886183059954226637e-01
-4.697829723153265635e-01
-5.111786963846246534e-01
-7.473387877265327273e-01
8.378978530573688577e-02
2.162721198453650823e-02
3.766384649782248961e-01
5.077655768400676228e-01
-4.689670599976114573e-01
6.268470098054235162e-01
2.063119067094333348e-01
2.960035726545950929e-01
-6.684772097471030072e-01
3.063219423353813128e-02
6.311935556373433898e-02
-4.179777247119292327e-01
-5.360258827398763914e-01
-6.296626995420364636e-01
8.106590953042737413e-02
3.224090679251027658e-01
1.732091672102987201e-01
-2.908306538114271977e-01
-6.267462150427050016e-01
-2.347625307673581740e-01
-3.232696184096132686e-01
9.156227054705611268e-01
3.451938181975875430e-01
-2.173528481598324680e-01
-2.742251175209728734e-02
-3.667903372145058793e-01
-2.277411333859977738e-01
8.220510407908917516e-01
5.192679566153974441e-02
-2.862663139233679807e-03
-1.770509490378784634e-01
-2.714508887406011373e-01
-5.604436044584068521e-02
-2.394768732244708653e-01
5.563397708992344759e-01
1.365647859591001545e-01
7.044582692982941374e-01
9.241102073515641280e-01
7.302985093506126901e-01
4.587394628199683022e-01
-3.649694418201705065e-02
5.196502316002413746e-01
-4.983374102771299663e-01
-1.945978509590647054e-01
-7.320781935728726438e-03
-2.694448596251627914e-01
6.388185430513219909e-02
2.011624366872600544e-01
-2.297334353195438772e-01
-6.010121060318016628e-01
-4.378791152695204469e-01
4.558591433082689326e-01
-5.204759322791917553e-01
-7.197465909951874519e-01
-1.720621596452711344e-01
7.061680018995446506e-01
-2.145400368240503730e-01
3.424062036741224446e-01
-3.756950962967119390e-01
-4.534452318926891490e-01
-4.410106556047589665e-02
-6.556581313419316270e-01
2.293985809690080868e-01
3.286196324971597527e-01
-3.752150317127465051e-01
1.646017793874465784e-01
1.371867393136063207e+00
2.353744088407877522e-01
1.555102803481413776e-01
1.664257434705145589e-01
-6.424248723990654275e-01
2.404692005588155712e-01
-6.211910029362790464e-01
-6.225107166827784644e-01
3.381609217591109440e-01
-5.936529204334033416e-01
-5.507357730202072643e-01
-3.829242322997901682e-01
-5.480399343162745129e-01
6.513580411791412006e-01
2.132480857792384277e-01
-3.816911399493889689e-01
-7.875125238928887272e-01
1.080857379231954379e-01
-6.043384552363106205e-02
6.421849736534901432e-01
9.726700161797512401e-01
1.292006944318191630e+00
-3.046136872829141584e-01
-3.619923100931429216e-01
4.226539985521904907e-01
-5.704013977034700922e-01
1.991572402396368513e-01
1.737326761406317588e-01
6.511878800607215356e-02
8.203247492367010674e-01
-7.222615306569736271e-01
1.422165999852065092e-02
4.157665505942580997e-01
2.001843288120821462e-01
7.232197318613156067e-01
7.654363964145181054e-01
-1.083956242831716626e-01
5.508457169765021422e-02
1.399803632673303211e+00
3.102335758434985463e-02
7.859521463220562124e-03
7.955785915808304132e-02
1.623497736798294455e-01
1.778113773947116727e-02
-2.225049105178077968e-01
1.368161266338885906e-01
-9.658793021460809758e-02
-3.377085709507240407e-01
-5.191936657553645196e-01
-2.028473277074049064e-01
9.644548094403818661e-01
4.292712991948194334e-01
6.356163917584322087e-01
1.258549157011899844e+00
-1.607933492576657797e-01
-6.264246299583972055e-01
1.223192230819722531e-01
3.965481670714163798e-01
-7.344169637517649063e-01
-3.754324384361964473e-01
-2.900477187017457270e-01
2.637322355032126198e-01
7.580574972293676606e-01
9.047560119401273360e-01
-3.712822842174185486e-04
1.431076634629684596e+00
-2.971670451762213894e-01
-8.140240516755020694e-01
-3.613224933347607970e-01
-5.487289054543285083e-01
-7.274811011188920817e-01
-4.924479470325424102e-01
-2.048730247871536070e-01
-7.010963220635541004e-01
-5.694602923251462778e-01
6.711897054769572213e-01
-5.244328043136851081e-01
-3.171905240186649322e-01
8.906822901201586484e-01
-6.981237070380949539e-02
-2.604097166281377773e-01
-2.981608244785389217e-01
-2.239055083365271981e-01
-6.141333468959284669e-01
-6.471620188162038323e-01
-6.068098115491573630e-01
-8.713121638522257628e-01
-2.626950114960829863e-01
-7.041593083207348114e-01
-1.589124306540218301e-01
8.469357622610650393e-01
-6.109586685472523371e-01
1.133850476477167968e+00
3.769030665427900995e-01
2.291390904376196525e-01
-1.823973913202937280e-01
9.679922915387708660e-01
-4.157416817492673444e-01
1.316336085970118419e-01
-7.184206840679677186e-02
-5.321491221992171727e-01
-6.306026456171587302e-01
1.032295809973559964e+00
-1.694756587037137552e-01
-6.961196717177865478e-01
-2.503258318481599298e-01
3.273858885699754695e-01
9.719615953207068060e-01
-2.988836205663393253e-01
-6.081377450251137518e-01
6.313695063584097433e-02
-5.524464591814872705e-01
1.475173548559312597e-01
-5.626522701266958304e-01
-8.344709243424763834e-02
2.386755475961721273e-01
8.712644033512846331e-01
-4.808736242396004501e-01
-1.883210908940798900e-01
1.003389190614359716e+00
1.278712286658199915e+00
-7.517733877196691727e-01
-5.330421920126457991e-01
-2.681488992082686207e-01
-5.058871939292549635e-01
-8.056681732086126702e-02
-6.581220326651059382e-01
3.334035285870559084e-01
9.738878564061907994e-01
-1.761554503869887101e-01
3.320475700620317827e-02
1.088781724989907662e+00
1.631713147497594607e-01
-5.485428131090263060e-01
-5.120949269400246751e-01
-5.688220352547628256e-01
3.218812940159369584e-01
-5.806497605079904423e-01
1.225381857479912323e-01
-5.040718679808652292e-01
9.394937582453004310e-02
3.865897191007391931e-01
3.690355672552698141e-01
-2.451346560733315694e-01
-5.906062773359153084e-01
-2.512638102927530759e-01
-4.300136908044237326e-04
-4.844836366981155051e-01
-7.031533240662409812e-01
5.844366904142120900e-01
1.560161431225323581e+00
-3.111490446355398287e-01
-2.536924842649527362e-02
-2.182022352950516997e-01
5.302191935583279447e-02
-1.214161498503902497e-03
8.862646849299046226e-01
-3.601572279920001174e-01
-9.278983383949997166e-02
-5.385768482317613293e-01
4.505849661122858230e-01
2.657837348426155821e-01
-7.281403300596724915e-01
-5.990453314184260858e-01
-2.267658249410743898e-01
2.980937618411915735e-01
5.783718816572006594e-01
-4.160902278158010170e-01
-8.277105351025060287e-02
1.780637368850380153e-01
1.094562100515855452e+00
-4.691070274862732536e-01
2.518299185908278170e-01
-8.214465539924448167e-02
1.004722915630721580e+00
8.486392456896769965e-02
-2.158115721589490277e-01
6.830558560114667888e-01
-5.273087666336190305e-01
1.057228937006682079e+00
-2.797365412759556524e-01
-3.514882089321368919e-01
-3.747239351807201135e-01
1.113062245288404029e+00
-1.928892927626854326e-01
9.737728356706707444e-01
-6.296325205613132470e-01
-4.326568300761384628e-02
-5.771295026412978091e-01
-4.218378262916692711e-01
2.735935947724145723e-01
1.251051934293944123e+00
-1.040543308250481240e-02
-4.220203118453556002e-01
-4.159885076762745437e-01
-5.281980997850029835e-01
-2.892521495644947427e-01
5.357621301431320093e-01
-3.669928826994382498e-01
1.016275639910056094e+00
-5.266546909296677681e-01
5.040048963945261695e-01
-5.413698832061606403e-01
-6.299865174311095606e-01
-5.295796108943751773e-03
1.314947377448049348e+00
-1.782207394479349283e-01
5.017344729888500998e-01
-4.278043448980630714e-01
-3.248870114251380115e-03
-2.617168388514305999e-01
4.598552014147838096e-01
7.068739693352557030e-01
-5.167341165314304208e-01
1.201355443339551243e+00
-1.341819019607604913e-01
-2.496042223830836557e-02
-3.720008550362975674e-02
3.133753529610169286e-01
5.913847585870945361e-02
1.338188691498239491e+00
1.005133084901456808e+00
-4.388313197363132856e-01
-1.646329217358913077e-01
-6.423738857086925824e-01
-1.938775210756430167e-01
-1.356640671811445292e-02
-3.460682914754377726e-01
1.164583129772861048e+00
3.275961326523702533e-01
5.481773138542705981e-01
-3.008567109755224678e-01
-2.462771482122248223e-01
-7.784860547417171706e-01
-6.269815970942380634e-01
-9.265079425152027148e-02
1.215907951934366960e+00
5.333416576916947260e-01
7.097919461667463459e-01
-4.506583609212101438e-01
-2.783344919187148367e-02
-6.109620737714860361e-01
4.035784889318704827e-01
-1.886538288014966702e-01
-2.520461138942819979e-01
-1.843893141410871406e-01
7.392288823089207539e-02
-4.651125648900811260e-01
-2.927556119249812294e-01
-7.849643715998931848e-01
1.235815273880568776e+00
-4.258268461033269947e-01
1.677364640629871451e-01
1.273149257710118221e+00
6.449132005660385136e-01
-2.712330966054511960e-01
-2.763984646030203107e-01
4.457468156093549738e-01
-1.139217144198896303e-01
6.707000338308980458e-01
-5.658678356103017393e-01
-5.889748566881914948e-01
2.386806699003833077e-01
3.166982240958335915e-01
2.943518175370109513e-01
1.345416534602461356e+00
-7.180982959921745901e-02
-5.545090326663748570e-01
9.282900467038115444e-01
-5.114810711298507506e-01
-2.201559152809733633e-01
-5.765620452438003918e-01
-5.854928225829713062e-01
1.117744264288907385e-01
2.988625859304483087e-02
1.186107645013747972e-03
-4.049638456824618538e-01
-2.396822616581738286e-01
-1.002358965450578510e-01
1.241891484998447481e+00
-2.780257536179299160e-01
4.703872882449564030e-01
1.410469579407156004e+00
-7.080950282926590234e-01
-1.725278820576175154e-01
-8.502905458635462432e-02
-7.322454415459834776e-01
-2.154104644073523422e-01
-2.775709778169834219e-01
3.606527742576223217e-01
3.234741898533881055e-01
-4.305958860964611418e-02
-5.260401797273108748e-01
-3.701226613617767391e-01
1.039582986961004263e+00
-1.579164221776322152e-01
-3.251308802081753768e-01
9.740761079709033821e-01
-6.077065799932971357e-01
4.936670105886249993e-01
-3.725371310864845076e-01
1.294834647043798491e-02
-2.416876764882303352e-01
-2.711393231088840006e-01
-1.375816675725413663e-02
1.132154525722107952e+00
1.302641902714090749e+00
-8.362690387079672882e-02
-2.853527618670993748e-02
1.327252918959945349e+00
5.567235720844002644e-01
-4.102706136639246992e-01
-5.232482957993895845e-01
-2.074441796629011292e-01
3.819371181861865860e-01
7.217739893440315857e-01
-5.995575231934557880e-01
-2.126393963946090482e-01
-3.649593450503048619e-01
-5.362479395425066020e-01
-7.082162922329411116e-03
1.696495495551763157e-03
3.066904986261939636e-01
3.140621641049481244e-02
-9.580506337193876037e-03
4.841769631368855742e-01
4.730911045442035001e-01
1.747676536517197010e-01
6.625542085461147979e-01
-3.514786600013047879e-01
-2.518196746797881636e-01
-6.932180132999503641e-01
-2.617603656317635807e-01
-1.767671956189706961e-01
-1.146669894381139865e-01
-5.379480524397216579e-01
-1.262165954105664845e-01
1.393994241271133694e+00
-2.873342731404064931e-01
-2.537568774535811991e-02
1.338935483394757764e+00
4.485607435256052100e-01
1.343544281675260965e+00
-4.093539550140388728e-01
-4.930600676730762522e-01
-5.654955225550035713e-01
-6.668362020729339257e-01
-7.960555465249262441e-02
1.480416265510082485e-01
6.211513574889389044e-01
3.164953396679683340e-01
-4.785943602953161014e-01
-1.958301982641855732e-01
-5.534547930686330997e-01
1.441550492311151899e-01
-3.850680909911821659e-01
1.637791877248576389e-01
-6.965574518769374057e-01
-3.188941866754282373e-01
3.704046746344277219e-01
3.115360600917271849e-01
-3.015496639081244323e-01
5.560223288003793840e-01
1.108455049279769788e+00
4.708858122528951085e-01
-6.252584746081883971e-01
-3.213399155784359418e-01
-3.365363781444420388e-01
1.474055621353254630e-01
-2.235384342458561491e-01
6.288126554597933682e-01
-4.154569595384165481e-01
-3.381160784416031850e-01
4.728567473986685643e-01
-6.689060201047114518e-01
6.072356247424092190e-01
9.231160789131348521e-01
6.994287507708446539e-01
6.489013536011610794e-01
-3.198309949888570314e-01
1.850823714006679110e-01
-9.540646358813428818e-02
-6.223830577085647242e-01
-3.289703969725469301e-01
7.581750688297078655e-01
-2.854638398258058790e-02
1.546944669261811345e-01
6.111884916472949403e-01
-3.732854677468972482e-01
-6.640320066128305720e-01
-2.262234688641958369e-01
9.871251999586707626e-01
-1.812460674397840532e-01
-4.816049001602712987e-01
6.564425173719479201e-02
8.135438154845795466e-01
9.784369559147333417e-01
3.012970001392795485e-02
-1.541987967282066885e-01
-1.720271993878771666e-01
6.084300921629869074e-02
-9.702617528184924456e-02
2.472393553188881876e-01
1.359772124994645948e-01
1.120355234919126364e+00
-5.412192554515473653e-01
-1.346522725607999793e-01
-6.449091350936513312e-01
-5.930815800836284346e-01
-2.755787121699403985e-01
5.773886822997161827e-01
1.480227377020553847e+00
1.819143307860989489e-01
-2.876394825560907396e-03
1.966247641683741554e-01
-7.340628449295557578e-01
-3.740335217893879603e-03
2.107115919540488436e-01
3.477932964023160434e-01
-2.381541165726022424e-01
2.109116070302632373e-01
3.488822778304957462e-01
1.090202713896574860e+00
5.642977161169137057e-01
7.719024579953874809e-01
-7.199440843387926448e-01
-3.558376597882590975e-01
-1.490127378504091937e-01
-3.575874718901830840e-01
7.744508806395045131e-01
1.836028677626382055e-01
4.327499503292589478e-01
-4.821507449452020477e-01
-6.200402988568363138e-01
2.134153828540033548e-01
-3.848886672578608614e-01
4.668156998204965880e-01
-7.448641928911050591e-01
2.549687809139972519e-02
-1.150700977795444807e-01
8.446067884618065902e-01
1.345890388022666029e+00
1.118058965051758946e+00
4.984019476092880763e-01
3.884941301581487042e-03
-1.955289141970932010e-01
1.286793216121786987e+00
2.454249624859674850e-01
-7.451283999663853297e-02
-8.540674867767629463e-02
-2.910154014484935825e-01
-3.581776033642912749e-01
1.331486325982391694e+00
6.350125363653907895e-01
6.634936348176604382e-01
1.027058623364630746e-01
1.013086072781633762e-01
-5.606257620955340526e-01
-5.267678539634365054e-01
-2.334204647397035426e-01
-2.129036071603003788e-01
-3.655432841208807737e-01
-5.380053020483190895e-01
4.566190823189548303e-02
7.054162206234687593e-01
-6.002487320112329661e-01
-3.782132673780030374e-01
-5.148716615716198985e-01
-6.722477394995748368e-01
-5.691451305373839142e-01
1.279880087882489803e-01
-3.274925917875736170e-01
4.024090683401650437e-01
-3.821992493359682025e-02
2.306739191267498379e-01
-3.256013147759582171e-01
6.279945661639007026e-01
2.070946005583199634e-01
1.200387259232379433e+00
-6.830485332301097223e-01
-4.837889871247857410e-01
-5.654627841805673905e-01
5.826660633978441445e-02
4.277607132244271582e-01
-2.649016214940640990e-01
-3.025793730440309859e-02
1.590078638541060629e-01
-2.060645418391902628e-01
-2.557701846891697328e-01
-5.683329296623170768e-01
-2.894022279827682675e-01
3.233784211812670839e-02
5.090438694185802637e-01
-1.459925985297255702e-01
-4.990641690940086361e-01
-1.331381823818522381e-01
-4.245646530164414734e-01
-2.696308030302115855e-01
7.057282911661545421e-01
-4.910680004270340238e-02
-6.294041477912428739e-01
-1.532984467791911054e-01
-2.422042919350508583e-01
1.066468254660138948e+00
6.794954172396812098e-01
-5.957810223029784691e-01
1.101885717179239554e+00
-4.331735546295727851e-02
-2.260880072697042109e-01
-5.544736365999246575e-01
5.496118680999280137e-01
-4.101333045636141317e-01
-3.343402480665341181e-01
1.341452945887412485e+00
-5.931183347641866277e-01
-2.993193840908175418e-01
1.321102388521550708e+00
-1.179583670622292024e-01
1.228622888751018882e+00
3.169047834636173899e-02
-3.823573237356454046e-01
-1.396158218295174558e-01
-6.063329646915650573e-01
1.397126110915946490e-02
-2.994610222001682920e-01
1.043656179205970091e-01
-2.863937326380672221e-01
-4.757288848854336338e-01
-2.856219545640274471e-01
-1.881110771200740148e-02
7.842759118398292539e-01
3.264212631710046442e-02
1.637513341512612797e-02
-2.759061463491734312e-01
-7.650501965373424085e-02
2.012817145089552673e-01
2.175583588536783575e-01
-5.122217368265038484e-01
-3.060763676042891346e-01
1.311004098255938999e+00
-3.003500751771197574e-01
-9.165776247635609719e-02
-5.692154950785237588e-01
-5.328294779590525554e-01
-6.449177272594236454e-02
-3.635706826880124587e-01
7.278037722611894189e-01
-3.138893063995837895e-01
2.007316796786728641e-01
-7.901569725572236136e-01
7.399395030442817989e-01
2.298123803455922043e-01
7.957808480883879487e-02
-7.188663747142296501e-01
-3.404524489277832022e-01
-4.904891462977369748e-02
1.440835107323361619e-01
-2.026455093505779292e-01
-3.764867289557550234e-01
-6.231195772200137650e-01
4.935425191495804165e-01
-4.577612340653808842e-01
-3.319411167340410862e-01
1.359381394360977158e+00
3.219296918972962551e-01
1.154074539465506921e-01
-3.541931423170783244e-01
-1.711871825475411724e-01
-7.239991512336081403e-01
6.271116806808232358e-01
3.390378601874207143e-01
-8.248880704387427931e-01
8.053075324099793209e-01
-7.414194760784674765e-01
-1.495794858230506119e-01
-3.334215405179731251e-01
2.368953984576821492e-01
-2.860537757067567743e-01
-1.664340747834684164e-01
-1.053646670040572358e-01
9.956767986976131080e-02
-3.363042649440552423e-01
-4.371911433975983474e-01
-3.508848324599783131e-01
-4.544481783824987908e-01
-8.641742081718771507e-02
-5.413192881580227711e-01
-2.692007409182370914e-01
5.737847581716013501e-01
-1.975911950673488182e-01
-1.469371036540790751e-02
-2.473182987683049672e-01
9.647592912186048197e-02
-1.018749136152973939e-01
-5.176216917331452061e-01
-2.867303851445074936e-01
1.378538591541410119e+00
-7.645167874314281464e-01
-5.188272630671614261e-01
-3.718259609483692274e-01
2.777144916351640958e-01
7.107850625571385805e-01
3.807011926512998135e-01
1.008873436352952790e+00
6.786081769692073329e-02
1.378153066795604342e-01
-2.568868137815564223e-01
7.054138456381143785e-01
1.010483528110024259e-01
-3.889558433493497946e-02
-4.851147385854855387e-01
-3.483891544470444912e-01
9.552380412054319037e-02
-1.853448378521404538e-01
-4.345811561179510618e-01
3.869774039531132526e-01
2.290815271707561940e-01
3.799815225069316238e-01
2.679429577192609657e-01
-4.691462399997206600e-01
-2.503976181282744906e-01
-1.768600367673331675e-01
-4.918612559762720049e-01
1.371098917273789297e+00
-3.905277483489724699e-01
4.209250473466532583e-01
6.968644384543565273e-01
5.462026357121562148e-01
-2.442507929871474415e-01
7.859489552882075181e-01
-8.804886957099870848e-02
9.925800589821525133e-01
2.257747386784073329e-01
-1.388979372360075182e-01
-3.463730490832523934e-01
-3.899499405855708090e-01
1.273062189942482381e-01
-2.982107295273820485e-02
5.551183007490515520e-01
2.861690167026523322e-03
5.331613398537776716e-01
2.396213799155531288e-01
5.400997939220611999e-01
-1.082483378562996423e-01
-1.643244176135094659e-01
-5.120734070188585063e-01
3.766009068702634299e-01
5.476617160496061176e-01
-2.109238701891540113e-01
1.874620135184977832e-01
-6.867878703452923173e-01
-1.147286256702229751e-01
1.523224012876666977e+00
2.083122704585339824e-01
-2.002616932822991469e-01
-2.605777716615514938e-01
-3.521019496140174732e-01
-5.840563555341512503e-01
-5.778295010341134331e-03
-1.780044514625137020e-01
-6.144932568467952327e-01
1.062930465309075645e+00
-1.180397717016364034e-01
2.345349114966700232e-01
-2.188165572447134388e-02
-4.832303524448001708e-01
-3.153001029858747140e-02
3.065038581174871560e-02
1.319662783607942758e-01
2.300661494214722297e-02
-1.436156121875817315e-01
-3.251173317824504472e-01
-7.137250523875209307e-01
1.351625391794367914e+00
6.895502548582728153e-01
1.278812244513947427e-01
9.611993900874109542e-01
-5.156250531963475492e-01
-5.340678695247640384e-01
-3.989028871468319748e-01
7.298133962076609471e-01
1.572971067611365903e-01
-7.678519818993011503e-01
1.820897536505676761e-01
-2.768552753644599185e-01
-3.531431129026759708e-01
2.132794159838944104e-01
-6.243372212240592134e-01
-4.783377037403814813e-01
2.769255843908191572e-01
-3.459504157242461186e-01
-2.726699565298488781e-01
-5.240971878260879402e-01
-5.272116526729346830e-01
1.866487018680274279e-01
-3.335341058899711220e-01
-4.396295848650335625e-01
-8.112236782932837065e-02
-2.452119765154045228e-01
2.706947857093535692e-01
1.252797668208932846e-01
-4.110769546975572286e-01
2.763759780816693046e-01
-3.947730978921391576e-01
-4.584006765956847307e-01
1.033053477464668468e+00
1.129091280517355855e+00
-3.231175242258179647e-01
7.286610507429450156e-02
-2.564984804441631031e-02
2.900223776982974525e-02
5.084411311581162884e-01
3.012490155754695142e-01
9.673377158432382439e-01
-5.075723030106892297e-01
-4.886267852559320057e-02
1.234602719192606335e+00
8.115671691035774016e-01
-6.983684656267605817e-01
-2.406762205715084479e-01
9.560150524324300125e-01
3.147465694723832197e-01
4.349887447857059275e-02
-3.396573936463023052e-02
-2.144863722465817635e-01
-1.007071314931104189e-01
-3.705581081873197350e-03
-1.153402379725356752e-01
-6.010773756736875056e-02
-7.311193141482438262e-01
5.676498195579864348e-01
-5.852835058697696269e-01
5.702280487840650780e-01
2.546855750189958578e-01
-7.201877689951323713e-01
3.703665055107219217e-01
-1.639336962177495027e-01
1.011116111752503044e-01
-4.326492423308744145e-02
-4.234210164353441885e-01
1.685878377763217612e-02
4.895487242780851567e-01
1.183765560792813920e+00
-7.020304667395494969e-01
-3.247002455018119793e-01
-2.195737736151252284e-01
-2.579705190950107307e-01
1.345748674175990756e+00
1.461620881913792802e+00
1.919431520367717026e-01
1.460946637450781793e-01
-1.761785217371121537e-01
-5.849115366880454081e-01
-3.841128637192628426e-01
-1.867669527961637321e-01
-5.591367917437193302e-01
1.031344226417295395e+00
-2.151569911348861774e-01
4.722240153699959753e-01
1.789525816353890741e-01
1.601266856042989351e-01
1.464130802699195710e+00
1.217047925909071626e-01
-8.849269482173832690e-01
-5.495573829489678319e-01
-5.304869147217404768e-01
-8.654375186514516594e-02
6.404740082644616583e-01
-5.581294774282418159e-01
1.852724259930381423e-01
-5.901225785175147065e-01
-4.610481567311435769e-01
-6.286543969853275286e-03
-5.912345267547963745e-01
3.323499078289710584e-01
2.475508213666249291e-01
3.785171115011234377e-01
-3.332027808088514620e-01
7.344374079401690125e-02
-4.572316846258688838e-01
2.008392972467078208e-01
2.828038880537166455e-01
-2.020502895221748252e-01
2.862635835270765372e-01
1.026157550503477844e-01
-3.891980461423295568e-01
-3.296591130780314183e-01
5.508865860966715156e-01
-4.384918822012290329e-01
-4.914360055374575320e-01
-2.141632400360713173e-01
2.730525351763573583e-01
-4.186009742442917125e-01
-2.709391842743406054e-01
5.721801581760826982e-01
1.075827301353632498e-01
-2.515119800821977725e-01
-5.187094331851829221e-01
-3.349365817168059034e-01
1.368567891329105723e+00
-1.007690489381847798e-01
3.768083654617664924e-01
-4.611260923847980697e-01
-3.681437105243270946e-01
1.289653301630925952e+00
-5.265191843064518373e-01
8.314404420024595899e-02
-3.396973434161895122e-01
1.641819279781133456e-01
-7.068263240882295684e-02
-1.290671841204634462e-01
-1.780701750784996207e-01
-4.644836701292078818e-01
-2.027556786315574400e-01
-3.009641895910460940e-01
4.012554852401772898e-01
8.711774575458678394e-01
-7.109542538549734614e-01
1.280196322275107268e-01
4.698772421756617912e-01
2.257259156553668433e-01
-7.662815290028319737e-01
1.485995315872737886e-02
-6.989801182689849013e-02
-2.189541725275989947e-01
-5.935130667025799722e-01
2.683897528425486234e-01
2.672278657283616229e-02
-9.903029478555705478e-02
-4.119580844043552736e-01
-6.296382506298572324e-01
-4.159017171738856877e-01
1.477697828617378084e+00
3.321558399677994045e-01
3.238518800651088436e-02
-8.279822423937435172e-01
-6.021079803676090414e-01
-3.563189408786435752e-01
2.935596964872243253e-02
-5.856388475189102522e-02
3.650590748190969959e-01
-3.922991218789740331e-01
-1.741587482204116077e-01
4.767820217669883065e-01
-6.580693417608564078e-01
7.750086409276011334e-01
-3.301374355965010499e-01
9.762664068218868119e-01
3.984383018397798931e-02
-3.735781622319052087e-01
1.792628073177294501e-01
1.450946409911481327e-01
3.672428193053772771e-01
3.373517731714328893e-01
-3.106678305159628062e-01
-7.054432781130980379e-01
-1.079422579555401190e-01
-4.355636895439095047e-01
5.779903799648224844e-02
-6.178545424548043119e-01
3.973190049668024471e-01
-1.053983260608287315e-01
-7.139472729938310669e-02
-1.793038253079532185e-01
-2.901975603998606101e-01
-3.348728093776828230e-01
-2.510553450880023130e-01
-2.959837243719238287e-01
-3.006360650527098999e-01
-2.080078152391261481e-01
-4.245879222550563714e-02
8.064540989403605753e-01
8.829088216567325675e-01
2.879367101958220654e-01
-4.350461208711590144e-01
8.774679124671290464e-02
-2.957884210936456704e-01
-5.568642736477262822e-01
-6.059898430579185868e-01
3.144792859572622667e-01
5.224353463767049677e-01
-3.321323786601763639e-01
8.409344968515667859e-03
-6.590402139569674633e-02
-1.871569274905649782e-01
4.854098630435332851e-01
1.392280393838619124e-01
-1.972579376118012151e-01
2.838830834644273660e-01
-4.016764823101716675e-01
3.674034464218416396e-01
3.798458834764136260e-01
-7.445955559954228198e-01
-2.469912715474878451e-01
7.922422219619423486e-03
-1.659394648477281742e-01
6.608602456079942788e-01
3.459440980995862752e-02
3.221933690495450975e-01
-1.729727649405987666e-02
1.201888633366347214e+00
1.594375677356874854e-01
-7.158242648227051141e-01
-1.692201611793037186e-01
-2.760694591523201735e-01
2.938144772663942583e-01
6.013351963777541220e-01
-1.690351944503704629e-01
2.803226009299060739e-01
-2.279566198395419629e-01
7.002686167512095494e-01
-7.464950565599818288e-01
-5.656670760090477534e-01
1.322434722584648649e-02
-4.433614833790053278e-01
2.120936704931857160e-03
-1.049527142545422370e-01
-5.570651613794894708e-01
5.298520818834261403e-01
-4.627319153488707593e-01
-3.512249500704685001e-01
1.294775382460435331e+00
-3.690940065618874243e-03
-7.329378360603960862e-01
1.734246682861654565e-01
2.175360893995864908e-01
-3.812239920698815010e-01
-3.822640294738355871e-01
-7.802948492410489989e-02
-5.920004027386646661e-02
6.061657045393517018e-01
-2.011332935023960322e-01
-2.525270578127400412e-01
2.509578100808694812e-01
-2.626416865095771991e-01
1.337827007518309630e-01
-3.154795129219811201e-01
-2.805103866254450296e-01
1.212740037773970769e+00
-1.404127970645818735e-01
-2.640716012334875726e-02
-2.858198632551404716e-01
-3.601529254859426321e-01
7.590975139953033413e-01
-6.415467052438912632e-02
-7.733765186178899187e-01
5.884418220915303976e-01
-3.070340659551779906e-03
-6.845798337749357809e-02
-4.964641959030208218e-02
7.283538731103094133e-01
8.105848399388965175e-01
-3.346650595669056205e-01
1.215764179057691408e+00
1.260713315245108046e-01
1.357367144803457992e-01
-2.103896087854374708e-01
-1.357272939586756655e-01
-2.192885875356477207e-02
1.961240753501520828e-01
-1.373715523684440887e-01
6.088614805935598229e-01
-3.313116945447961981e-01
-4.834229793985927448e-01
8.586238464917288482e-01
-3.735740418846570932e-01
-3.600147163888824942e-01
-3.700442951169251038e-01
3.119360109404779174e-02
3.953181819397171282e-01
-6.452318354323458016e-02
7.096886638679642534e-01
-2.383132367492896975e-01
2.847428891514862670e-01
1.151932423196146305e+00
-5.096450257389245619e-01
8.165176210141348312e-01
1.181583946987192629e-01
8.754018349666049803e-02
-3.470829817409996632e-01
-4.575465230810299433e-02
1.032822731356085821e+00
-3.360303007959233867e-01
-1.841150509204538543e-01
-4.348764113449430369e-01
-6.124556861026690946e-01
2.773973106435699831e-01
-8.014070099531291902e-01
1.115353465333744909e+00
6.999265574430167947e-01
9.041268418722359090e-01
-4.218325300494656371e-01
-4.330129439976032057e-01
3.619946227149771212e-01
7.841756494826811197e-02
-2.927465515201561619e-01
-2.407345438528311343e-01
-4.074355990809628292e-01
1.806681679888883785e-01
1.189725996940390607e+00
-5.588623953797043908e-01
6.311113190588683863e-02
2.826942554375959024e-02
-2.199800110998081926e-01
-1.960518886290341968e-03
9.366725565804393527e-01
5.756784356754715559e-02
1.229802039041675288e+00
-7.228394638302534370e-01
4.665536213568806101e-01
2.468819889874709628e-01
-1.730488512608257812e-01
-4.833825331989361485e-01
1.122965909158859299e+00
-1.606877033595238979e-01
9.900199368393322041e-01
-2.204046089034755740e-01
1.609866921524300276e-01
6.565347556189032874e-01
5.564612390553987931e-01
5.898563141219168582e-01
-6.255199853873517624e-01
1.182987028596228507e+00
-2.541960810074025412e-01
5.320388607247267254e-01
-4.959023756715851827e-01
8.591281538984832933e-01
-3.808578669946740408e-02
1.223095899789456764e+00
5.652838565230879908e-01
-6.907064017407675838e-01
7.739676006559291777e-01
-4.187605594183220759e-01
4.625264010332473807e-01
1.139448533804019670e+00
-4.629153324484305138e-02
6.454846282601279794e-01
-5.929958760080934477e-01
1.398715668175410043e+00
-5.216262946896017549e-01
-1.439445719539988455e-01
-1.309186180517560028e-01
-2.464016312717298429e-01
9.668140543908500251e-02
1.250158472759883788e+00
9.893889901207124637e-01
-2.805612701130280051e-01
-5.693688386634791071e-02
4.110504202793486828e-01
-1.937576904396932365e-01
1.256068959808213981e+00
-2.243418741821946727e-01
-4.511204479599847939e-01
-3.903699044119597339e-01
1.087008379747028020e+00
-1.875622670074036380e-01
-1.314396121943599283e-01
1.065322372501284337e-01
8.668250696832592306e-01
-1.748854187332671561e-01
6.494902908795753271e-01
8.477480174903839804e-04
-2.759527482250305197e-01
-4.847379791350232003e-01
-3.095535088396046963e-01
2.464805177232388400e-01
-1.051209636357722244e-01
8.149728755703786742e-01
-5.589160303201942126e-01
2.619009401323264541e-01
-2.485313374691822119e-01
-5.486672417427047588e-01
-2.756971262079791485e-01
-7.725628646633371233e-01
-6.870119846981816991e-01
-5.727747470558298692e-01
-8.271652989994722482e-02
-6.213467333626270239e-01
-2.583806103593047632e-01
-2.133914125778589854e-01
3.539294480284656541e-01
1.293838699985848661e+00
-4.210599532192584316e-01
6.188109972488393673e-01
-5.720342107284683841e-01
-1.431438628086543485e-01
3.696681715112176136e-01
-7.012459615664329293e-01
8.961961008869887002e-02
1.188297754283676344e+00
-4.555604355364130387e-02
-1.780183372878280379e-01
1.295581938032763558e+00
-1.952498218664405760e-01
-1.169264509653374501e-01
-7.131150465843430486e-02
4.974409867918214712e-01
-2.383034848761564628e-01
1.199995872500119187e-01
5.373247303723447388e-01
4.492682200120612368e-01
-4.848612283414360236e-01
-1.644078071940433816e-01
-3.533243769215201335e-01
8.872387971376944904e-01
-2.766161198325920237e-02
-3.710829998055503731e-01
3.876371082711952409e-01
1.862971998425821257e-02
-1.865191743900332655e-01
3.227614078092410632e-01
-2.809871803669475310e-01
1.688086941499912508e-01
-2.817126550847807165e-01
-3.071518561469818165e-01
-5.535042017416017535e-01
-5.214482256149782780e-01
4.620695444449666317e-02
-3.742108427820771133e-01
-4.628305622856453971e-01
-4.335439301271803991e-01
-1.864436432850623271e-01
-1.798489779294392965e-01
1.683302820830294977e-01
-1.565414260662808532e-01
1.190527718858649830e+00
1.895441021017026106e-01
8.172846463020331242e-01
6.224770249928348598e-01
5.547832610855902846e-01
-3.143424527360638154e-01
8.152215319274324079e-01
-6.247774565600079377e-01
-1.697218754747071567e-01
1.127355594726627164e+00
-5.736024003480219013e-01
-5.339105334385131352e-01
5.388959290881678577e-01
1.255587018099832530e+00
-2.986136566452165034e-03
-3.119299707686663536e-01
-2.064968108344335251e-01
-2.573791293245646372e-01
6.533592696166479197e-01
-2.296430806287856619e-01
-3.261486926790271301e-01
-5.791446865280625023e-01
-2.236473726677679352e-01
-3.276343236751143029e-01
1.822528289552178549e-01
2.982938958843225352e-01
1.232181322680664382e+00
-3.088237015598835900e-01
7.744593570222629841e-01
-1.709118083910773356e-01
3.989542360795803738e-02
1.263003577200114247e+00
-5.731341448730883359e-01
6.789547260505289783e-01
-5.557816150847130210e-01
-1.078804779956612642e-01
-7.936620259669692201e-01
6.275329087570938880e-01
1.040993238902275519e-01
2.254787773139171336e-01
-1.653900011363477335e-02
-1.926529619520015169e-01
-4.389421160634784935e-01
-4.944785879371484949e-01
1.666748917061120494e-01
1.528365588313902734e-01
-3.577043565171733608e-01
-6.317748634764245308e-01
-4.247447272074524882e-01
-5.530314961413786978e-01
-2.059273454959274774e-01
-1.709927213305533489e-01
-9.612637038699613223e-02
-5.419773447060187710e-01
-1.468173741384419251e-01
1.369053064149745147e+00
7.935926359656388929e-01
-6.072488873776443752e-01
-6.963780356607425226e-01
4.711380995128859606e-02
4.631739799148046899e-01
7.907273901294317175e-01
-5.052920729674568179e-01
-1.205840904980797351e-01
5.254881708966662179e-01
-1.193904278605626562e-01
4.961523096159352053e-01
9.221071867804248035e-01
3.032471832347672924e-01
-1.468038202149456184e-01
3.201177748866180783e-01
2.066790770942747435e-01
-2.862640368976449023e-01
-2.307474617616465107e-01
1.405278942743813930e+00
-7.009999856544822938e-01
4.050914770338122639e-01
-4.095183663451133493e-01
-9.653724407420570530e-02
-3.124446342247255148e-01
-5.765616822344425962e-01
-1.052658044662257569e-01
-2.147644178595562725e-01
-1.147150964159028008e-01
-5.689186906641863217e-01
3.690622623041760475e-01
-6.196726788885149606e-01
-2.213004293622436169e-01
-5.701308289680410146e-01
-4.605411067257648705e-01
-1.781325643403936509e-01
6.838390481983669389e-01
-7.040646635082601357e-01
-5.704882614348834036e-01
6.064299671875489350e-02
-3.561853323557490625e-01
4.775669699876179675e-02
1.619469301140570028e-01
8.743560273849445563e-01
-3.170758285817465438e-01
-3.289695135264544268e-01
1.739435798140991363e-01
-1.311593975849918436e-01
-3.580655466766693440e-01
3.491811432576270163e-02
-8.370578240884846838e-03
-2.770999830455549984e-01
4.989481083239810100e-01
-8.242794394080039666e-01
3.363612920714646459e-01
2.145330143334561457e-01
1.272076414544790618e-02
-1.304329624331147242e-01
-6.755318277692311524e-01
6.498430788479107878e-02
-5.585676254562826903e-01
2.798157791948675532e-01
7.949696969014223846e-01
8.273058593520521420e-02
-2.510355057297137815e-01
7.534160235669332684e-01
-4.790747088467325887e-01
3.956403560150310583e-01
4.634767672391637561e-01
1.219411897774338172e-01
2.928105853774301548e-01
2.142498644746977376e-01
-3.361102357703251164e-01
-1.750072077920570845e-01
-2.805536164919953945e-01
-1.766351695917336706e-01
-1.454734017516090272e-01
-4.537356109475066401e-01
-3.419693393571583973e-01
1.444528019822750586e-01
1.371467398251798586e-01
-2.506029644708142046e-01
4.368866782808911720e-01
3.600668439914827546e-01
8.572983361019763660e-01
2.081613579444872575e-01
3.925036363207843881e-01
3.965737072174014277e-01
2.727567989837531570e-01
-1.035788405260752998e-01
3.910086263117290573e-02
-6.293191753349798301e-01
-2.458404536747242075e-01
-2.279875498208916440e-01
-2.545455893827916483e-01
-1.006271945083355573e-01
-2.009276284419286018e-01
-8.888749765542476589e-02
3.375696943861959676e-02
-3.006001123424153487e-01
-1.359838673672567610e-01
-4.213662327319332435e-01
1.165822198851736102e+00
5.890467268112730137e-01
-6.467869147079174930e-01
5.262387074000927090e-01
-3.164951550500625932e-01
-7.788178315718805034e-02
-7.555517950776200475e-01
3.974298295527334268e-02
-4.534738005016509255e-01
-2.270578675144065695e-01
4.525376746467847378e-01
-3.766134721196855994e-01
2.639937925343740499e-01
-1.182168937770306377e-01
-6.226780760481434029e-01
-1.771703600723920080e-01
8.468005763970559707e-01
1.364899090762287992e+00
-5.456756923382649616e-01
-2.400768968433434070e-01
-7.123103873040809164e-01
4.569215587382418481e-03
1.463990241259186253e-01
2.151854711681785992e-01
1.190180352224847082e+00
9.657541710560249570e-02
1.173040002965990869e+00
1.035691995672644028e+00
-1.483207821529796966e-01
-1.179778148568537584e-02
-4.101457844736922653e-01
-2.604877617844272297e-01
3.394263355950475347e-01
2.202413225765736601e-02
-1.037913096972154364e-01
-1.534780790759110169e-01
-1.508963354759130515e-01
1.043720516535519449e+00
-4.110873268574827266e-01
-8.437015287478279169e-02
-6.418122493434321729e-01
-6.251235470955944784e-01
3.107253823012666449e-02
7.470877939346238783e-01
-4.919273764595914478e-01
-1.904867114866778399e-01
-1.865433454167905736e-01
2.186788003588442941e-01
2.023344567370085056e-01
1.804100699409868225e-01
1.129110304412418858e-01
-3.302002108820331072e-01
7.142414166806622111e-01
-5.847743634845844474e-01
-4.399738823540734201e-01
1.307374065797981322e+00
-4.596349874215089337e-01
1.585964092910453205e-01
-1.210672804212723636e-01
1.058281868639803891e+00
6.660638218180662262e-01
-5.123342574423337403e-01
-8.634780101477994296e-02
1.020198436795495045e+00
4.667941951413087653e-01
1.825285101937144244e-02
6.608723987663120414e-02
-1.566784543329064472e-01
-5.065396635702835715e-01
3.655695163598764452e-01
4.832064935224449909e-01
4.358900890642687653e-02
5.020828532895663110e-02
-2.380997490297065977e-01
4.583390218188351239e-01
-7.332997321985053329e-02
-3.446975774293162265e-01
-2.203677650047576320e-01
3.576641860536790007e-01
6.786695606974225692e-01
9.135886439463398734e-01
1.501186556433583008e-01
1.478274732736152064e+00
-2.615763932539302838e-01
6.938863674971576523e-02
-9.848777448908567489e-02
-7.916650133908338383e-01
-5.552155903193873865e-01
-2.924132978345011374e-02
-2.637473853882413843e-01
6.278370939367053927e-01
7.062474812978686289e-01
-4.121958156483858660e-01
-1.769037363956739717e-01
-7.320506575478333833e-01
-9.217769019410253575e-03
-4.884981890593753096e-01
-3.336970667010222269e-01
-5.959088524010388577e-01
-6.529153179160183118e-01
9.932664698663845604e-01
-4.218059106577641548e-02
-5.914617769803200142e-02
9.915605196854239134e-01
3.472766520229042531e-01
1.296735705074588907e+00
5.419189921643896568e-01
1.853617386219365004e-01
-6.965792510612140997e-01
-1.528630125351279102e-02
-3.684511512921636589e-01
-9.507642623419575167e-02
6.232699031449576710e-01
-3.889715118823651729e-01
-6.332500278136339311e-01
-1.339090798635171053e-01
-3.595826586441310257e-01
-2.229460216370513503e-01
-6.889748392270429456e-01
5.385925985387484127e-01
-7.726413203192716850e-01
-5.166003180338475387e-01
-3.771952622462431126e-01
1.912030127421408543e-01
1.667346736706869503e-01
-4.237143640284125046e-01
4.068991898173129340e-01
1.083060192392282794e-01
-4.183391855283917216e-01
1.337920054295019812e+00
1.297623976571954385e-01
-7.167757698203303107e-01
4.111408950176979049e-01
-2.088344849651230239e-02
1.177648478428138246e+00
-3.234677407570762941e-01
-3.080657933227886613e-01
6.108409060563875226e-01
-2.390229818372572798e-02
-2.489187795773290524e-01
1.373005428638593151e-01
-9.761065594751724972e-02
2.914274591397952863e-01
-4.584155024358104180e-01
4.707234233532031076e-01
6.229304727853615109e-01
1.942475434292049163e-01
7.875062843398805690e-02
-4.852789220079202770e-01
-4.743316389630967134e-01
-5.262319440086866973e-02
6.480960085716571673e-01
3.223173512820436820e-02
1.037337345886136131e+00
-1.318442458706425291e-01
1.559933945761763363e-01
1.070602119226085752e-01
-3.804585964419152089e-02
-1.737502273560865285e-01
1.713336883661643884e-01
2.447853140087645207e-01
5.102998759439106996e-02
-5.701244081319221113e-01
7.969112863363185806e-01
-5.740931951047020254e-01
1.655465421277331206e-01
7.946273637751197771e-01
-4.125017743520728586e-01
-5.933806415667974149e-02
-5.521214398370504206e-01
-6.012049898184216312e-01
2.000147040719095770e-01
-1.486213285357160796e-01
-4.473062137366153740e-02
-2.660815757580914931e-01
2.021451348704343398e-01
-3.114710995137700555e-01
1.342620693650802943e+00
3.811066071919307352e-01
2.514969123295820452e-01
-1.412800556671052477e-01
7.951691877478326287e-01
-4.798416090924072508e-01
-5.730993441844091096e-01
1.486063806160585532e+00
-4.225131186751325540e-02
3.060101233030136370e-01
1.398284925457730310e+00
4.290125835846920199e-01
-2.206847337763896688e-01
6.891288673945954457e-01
-1.066317201636662049e-01
3.470206089122149923e-02
-2.739232932210118321e-01
9.334111271467659954e-01
1.429871197739100708e-01
-4.894688383710744106e-01
-2.153737479625679185e-01
-5.445889251008432241e-01
-7.183736078098350575e-01
-7.177466236215737649e-02
-7.253397311147941062e-01
-2.144297369929164254e-01
-3.589528930318375277e-01
-3.456184341960450435e-01
1.333656196589405152e+00
6.624660647585100225e-03
-8.337016026189923712e-02
-5.389597053686843164e-01
7.971730533651391615e-02
-6.435135486512937320e-01
8.829380848769281531e-01
7.609372272276073712e-01
1.265375893909859828e+00
-4.711008515768217997e-01
-1.680139696336698796e-01
1.042853100463517535e+00
1.013545368806232583e+00
9.556453411501494299e-01
8.265703964591085071e-03
6.757335626069967960e-01
-2.662321206543909469e-01
-7.642659466108836508e-01
-1.781836147310788820e-01
1.285161996841452381e-01
-3.046069789207552225e-01
-7.009243615137610017e-02
-1.898493714089665996e-01
-1.083265004570897194e-01
-3.832295023706455694e-01
1.257115600465013916e+00
7.768730698405973412e-01
2.833968072815941652e-01
1.290630140218053112e+00
1.119258253073133202e+00
4.052210299528379855e-01
-6.582669698586618434e-01
1.260083621831988410e+00
2.321142177283272434e-01
3.984985588934592850e-03
-3.988786096932619429e-01
-5.021448906301804183e-01
-3.366239610330551413e-01
8.703319433591427678e-01
-3.846653576161011001e-01
-2.488793417666039787e-01
1.022981853320310330e+00
1.217017468869668217e+00
-4.009272854628026517e-01
1.197362157420555073e+00
-1.208799843200492469e-01
-3.108006961875355856e-01
2.176991123161240160e-01
2.198266924915958098e-01
2.905668239798491204e-01
-4.256213484473628239e-01
-3.128988952336946294e-01
2.577568081836634217e-01
1.659616432932987107e-01
5.393861576702602134e-01
4.618602710252732169e-01
1.416540612375347452e+00
7.439502402442664808e-01
-2.124827241143051881e-01
-1.488913889197098217e-01
2.312363424459481787e-01
1.124878518911082814e+00
-7.223395560023053719e-01
-2.261242443019066961e-01
2.843899170969091741e-02
-6.473529564412242587e-01
-4.004408444183438776e-01
2.569128965813539667e-01
-4.055641226061449944e-01
-2.145413719966323407e-01
7.248805415962988885e-01
-2.142932230763234247e-01
-1.523110728243433909e-01
-4.910004538459430412e-01
-6.192539679082821324e-01
-1.449008462354154370e-01
2.213226874507782937e-01
1.172216212809597952e-01
-5.769612186237473850e-01
-5.242819221304039212e-01
2.194548822515363373e-01
7.007250647672624844e-02
-6.857978813767529047e-02
1.408878206070294903e+00
-3.527831619588605444e-02
-1.952864986949474635e-01
-2.122899695639295370e-01
-1.985616848250827404e-01
-4.244301678076218276e-01
-4.123790675836171843e-02
-5.311265637044036980e-01
5.496877322558714196e-01
-7.189541654927948944e-01
-4.201905413992151894e-01
-4.565587983103882586e-01
4.197027168468532854e-01
2.687567138755447144e-02
2.564400208402728976e-01
-2.307796247265719858e-01
1.332245077908984721e+00
-2.567518821635911830e-01
2.758558987551056330e-01
-2.562085550907748366e-01
1.304515565922937270e+00
2.353326124487403748e-01
-1.743027548447442787e-01
-2.747225574375214766e-02
-5.062167603997635990e-01
7.427888585529713872e-01
-6.189299789445984468e-01
-2.983943407254585067e-01
2.075952211554255855e-01
-2.706334415412005590e-01
-4.264520179383501225e-02
-2.467415929149785192e-01
-5.672204289993897364e-01
-2.742131557891160920e-01
2.810919562197633503e-01
1.829587094355817067e-01
-4.569569986341525114e-01
-4.076746176453980852e-01
9.741080672725824785e-01
-5.110568327604380068e-01
3.766345439464371947e-01
-9.699863855528800816e-02
-7.102076354201050101e-01
1.196966557878667903e+00
-3.689186728734381027e-01
-3.805976957880929934e-01
-7.687552580820268266e-01
-2.593297019599998254e-01
-5.206188698006971594e-01
8.651067137217473002e-01
-5.414085959153590588e-01
2.609595747972254243e-01
3.319003451697206675e-01
-1.383010296367286757e-02
7.585237941234293513e-03
3.121386456099028983e-01
3.655029803012342926e-01
6.838240358191447488e-01
2.036702202048377708e-01
3.341007509708054934e-01
4.804173758460267285e-02
6.224095387384009914e-01
-3.054910180660896923e-01
5.747695456625395716e-01
-3.175171155593318334e-02
-7.763904030196359940e-02
-3.675120411100363804e-01
-1.771546560303332574e-01
1.707996971928609983e-02
1.038148719068091363e+00
-1.855060863598913812e-01
-1.519183472634590137e-01
-5.252188196681015775e-01
-4.016450693371551028e-01
9.151133594208105126e-01
5.593332308519052276e-01
-2.072270846486653495e-01
-1.052650059864199683e-01
2.326939525237867734e-01
4.445164520409548570e-01
4.792236508844533449e-01
6.275787841487454055e-02
-3.068805349782057212e-01
-1.544517510663891147e-01
2.904254034594575332e-02
-5.386904507940524223e-01
9.010086598891818843e-01
9.294579927979540468e-01
2.776056629339720624e-02
-7.133370045533616866e-01
-3.846856280991409454e-03
1.135456861031080456e+00
7.317068436908048534e-01
5.099142972083016145e-01
6.058464267179382023e-01
8.841188510126398725e-01
-2.931520206249192406e-01
5.854416683184813369e-02
-3.267497031315291789e-01
6.928803944322798891e-01
-1.381369602662291807e-01
-1.774404769423549300e-01
-9.663559336913854839e-03
-4.997472762123403855e-01
-6.319650626324549991e-01
-5.289214959390834414e-01
-6.072234302864160105e-01
-2.596614464766736075e-01
1.058100694476752923e-01
-1.863216483818013747e-01
5.150591073425998534e-01
-3.285444812429472172e-01
-8.605607235937173805e-02
1.247464378574228760e+00
-2.325775677676469866e-01
6.831144449265498519e-02
-7.850792531450301315e-01
-6.073708880176810210e-01
-1.393444460446592315e-01
4.145871647365346191e-01
4.865285331305160832e-02
2.513320158301360352e-01
-6.860046911654531510e-01
2.538488515136910206e-01
1.457481221676539540e-01
-5.715334946450838505e-01
8.337004513148145168e-01
1.759775905783506067e-01
7.321580333384182238e-01
6.914866949926790074e-02
-4.569862352968295793e-01
1.219807662760777012e+00
-2.906651490921156877e-02
-5.491422013186882944e-01
-4.522845670245480565e-01
-3.313691178858141906e-01
1.627205674658174783e-01
-6.969421028302118237e-02
3.479570055661254657e-01
-2.913956782757446407e-01
-4.216657095018365442e-02
1.526459269209553410e-02
4.100208204000258538e-01
-4.044507172297427400e-01
-7.977769820871760675e-01
8.036385412610405066e-01
-2.058389655848889832e-01
7.047753768862859980e-01
-7.029692265368443493e-01
-2.197199285487500334e-02
2.100979094979467388e-01
1.174762156991651540e+00
1.928070048730756436e-01
8.721852997683742226e-01
4.003738546171650148e-01
3.972995672440501891e-02
9.077460435236349712e-01
1.263604003750726512e-01
-5.497624540178019936e-01
2.379712949720649562e-01
4.638480109249311090e-01
-4.860458295532268935e-01
3.386967291778131828e-01
7.934706073942664473e-01
-1.803040302640722681e-01
-4.783778595081245588e-01
1.208497194085174531e+00
-6.835777391882991161e-01
-1.520884191490743664e-01
8.349612066633259611e-01
-2.501606030442939371e-03
-1.548271144426840717e-01
-4.420113402556094528e-01
-2.930606422984272097e-01
-2.917436061144226822e-01
-2.895953268828841409e-01
-1.454163300276112569e-01
-5.144124583533430384e-01
-8.207610526712838528e-01
3.879990030610909191e-01
-1.876117179087831155e-01
1.302754570191511752e+00
2.267596866669523148e-01
-7.230940634334506179e-01
-3.310816998119185672e-02
-3.811954520192949447e-01
4.792013657127753845e-01
-5.010565400066764319e-01
4.270438535331184671e-01
1.235370715612130327e-01
-7.695950478905229097e-01
3.104543416185531757e-01
-7.814897284255421794e-02
-7.762748049275942919e-02
1.103801667209225873e-01
-2.701366133943464698e-01
4.001171297095397206e-01
-2.467292061414964877e-01
-6.469124390785854217e-01
-1.019728891334060195e-01
-4.587954198835246800e-01
-2.749513002676342577e-01
2.532712339714157657e-01
-3.688269991341664999e-01
-4.915452108094520711e-01
6.949344408949005569e-02
-5.301925174481587899e-02
-2.799980284594559277e-01
5.892658288369821973e-01
3.317502444116693372e-01
-2.362698895863583198e-02
-5.771344980339707664e-01
-4.690834904058520660e-01
2.995623637410715911e-01
-5.462156905587596256e-01
-3.759864226126716780e-01
-3.245436630455812432e-01
1.257423950360829837e-02
1.341453889603648086e+00
-2.417155035505413330e-01
2.193750447877286791e-01
1.179436863503323218e+00
-3.219580054690864279e-01
-5.745699868760784090e-01
1.221462263940093829e+00
1.690403087043059749e-01
-5.947499090842816027e-01
-7.576691808569478714e-02
-1.919000609384268474e-01
-1.844356566770246619e-01
-4.943093337916094621e-01
4.503045682012090656e-01
5.385050929558429234e-01
-1.918105874503259756e-01
7.818106419799687457e-01
1.324734239291624371e+00
-4.179789130003035841e-02
-7.165906400821988598e-01
-2.746708784297052786e-01
-7.659785325669857814e-01
-2.685045112459681360e-01
-3.917458808993753983e-01
4.901089831499333416e-01
1.219289605051065761e+00
-5.750634524146346349e-01
-2.886275583984609927e-01
-4.515475925999581364e-01
-5.058295218762254991e-02
3.956068621958170328e-01
1.016231423419546420e+00
9.172043929292321429e-02
-1.191268684667170230e-01
-5.916486853609549401e-01
-3.046329342030291154e-01
1.313643400898766078e+00
1.628914917972283938e-01
-6.386481338721359258e-01
-5.425797271246165510e-01
-4.120912988615458850e-01
3.793442119931356715e-01
-1.985214095069311180e-01
-4.267744000377808877e-01
-7.111463973452630816e-01
-7.257129201651226769e-01
-3.108585108704836064e-01
-2.414005014213387035e-01
5.204231232299606491e-01
-6.372514575422557614e-01
-4.650828154447944618e-01
1.306095071631017346e+00
9.675091706671337111e-01
-1.624472027413382536e-01
4.133690595704799242e-01
6.829147647177740144e-01
2.219593217314352607e-01
6.719251469473079830e-01
-1.815986301013050863e-01
-3.818920035013762537e-01
2.305410229149191387e-02
-5.782410368048269689e-01
3.936539991721660359e-01
-6.742190025496214156e-02
-3.991187796933109433e-01
-1.747949803441495031e-01
1.074193683671676336e+00
4.446704689351492767e-01
-2.737495336978051363e-01
-3.042976797878532147e-01
-5.072733724718389015e-01
1.952357784735192503e-02
-5.927636164782756900e-01
-3.708722668222914631e-01
-3.525747974177139699e-01
9.727060938805763834e-01
4.178913330011298916e-02
-1.137043132064148587e-01
-3.752442020720443694e-02
1.328312694391444448e-01
4.795923424126693480e-01
-7.239018985894345448e-01
-6.955222775301448390e-01
-3.146125859759945631e-01
2.399537241261777143e-01
-1.831361799370141152e-01
-4.120708805592535606e-01
-6.743997042175824408e-01
3.067752518312011345e-01
1.093562961094708186e+00
-1.845935471373425230e-01
1.481836127726894881e-01
3.125900977415986270e-01
1.530565831678412980e+00
1.326595845012165542e+00
-2.718440356646095180e-01
-1.180101476434325392e-01
-1.439868613799937525e-01
4.474445223767148927e-01
2.668354084139957783e-01
-2.078401995436032490e-01
-3.939166741286743711e-01
-9.035944314202286332e-02
-4.117425108392091526e-01
-2.739568300013263680e-01
-3.013697516873783400e-01
-1.602874613631374567e-01
-2.427110019332678892e-01
-6.307673140869058948e-01
6.862354318467255299e-01
4.656540441980150380e-01
3.400187570244050383e-01
6.549842731567837584e-01
-6.520966666683026824e-01
-6.943926916881730804e-01
-1.753864614328624338e-01
-1.774331728717792600e-01
-4.528371274349266007e-01
-4.162747738083173443e-01
-3.303715056645436521e-01
1.953689662804294902e-01
-2.909569210431600661e-01
-5.181802225827907282e-01
-3.212568524604106357e-01
-1.880613288860608634e-01
7.313838371535091865e-01
7.961605468693893073e-01
-6.346063913966198955e-01
-5.679614825596658312e-01
8.116315752316087817e-01
-3.521307558998357234e-01
-1.461079741304901758e-01
-6.358180943442137689e-01
7.434587833577734894e-01
3.720661488304556341e-01
-2.452155717029238235e-01
-8.781265073083596717e-02
-4.421944365328679405e-01
1.226489583197652333e+00
7.000853648653753147e-01
5.819832162153381061e-01
6.510010307171015809e-01
-3.812719465209228886e-01
5.770313172393967682e-02
-1.840705909212342894e-01
-3.196926152194387583e-01
-6.038711689312598052e-01
-4.383059899852024405e-02
1.003094483295438183e-01
2.578200801305349441e-02
3.580745614112662012e-01
-2.567478779594706273e-01
-2.328824895582031484e-01
-1.357384924118029820e-03
8.523823812287359969e-01
-4.666140399340893419e-01
-5.986272922301967281e-01
9.437913526774377448e-02
-2.838413171990203931e-01
6.107324133959803891e-01
-2.764203812444634423e-01
1.272387366157974986e+00
-5.627284503814212746e-01
-3.157056527891199393e-01
-9.485686958304405392e-02
5.372017048891085667e-01
8.044210002566276607e-02
1.559129080656203592e-01
4.764573003786867766e-01
-5.250175771873909492e-01
8.930726870188783473e-02
3.149632665676486698e-01
-3.691760437278092302e-03
6.993760457383211282e-01
-6.161176442459612712e-01
-3.457277846168602120e-01
-1.427499574732589427e-01
-4.140771987376933305e-01
-1.887914982537090003e-01
-2.795171848219578092e-01
-2.301156461873697101e-01
-1.454905982351333560e-01
-6.228655430486419557e-03
1.445952098436185662e-01
1.442150557461145066e+00
1.096793128459596200e+00
-5.892958210455592205e-01
-8.337737106934711706e-01
-2.962344073224929542e-01
1.917723857836431678e-01
-1.929427244087735804e-01
-1.511816716888000622e-01
-2.889129077489981934e-01
6.629879030624968861e-01
-1.992630467076222101e-01
5.191942715229831418e-01
4.655149353169277249e-02
5.222297363762016253e-01
-7.273246404288364886e-01
-7.035966433129028363e-01
6.530715435436398320e-01
9.911248250034455920e-02
8.301205568875815732e-01
-7.213829970693610427e-01
1.096341687723030867e-01
-2.580154161780801592e-01
-6.181837267043691631e-01
1.966733890841007582e-01
-4.044643944670279212e-01
-3.974065589942836763e-01
-1.310862452917392895e-01
7.072356699269282121e-01
9.070664080807226970e-01
-7.395789005369095559e-01
1.164225691615267344e+00
3.126333928751086066e-01
-6.175306247432935658e-01
-6.040744998785136932e-01
-1.236121440573230146e-01
-1.203663350379195474e-01
-3.163621282819382707e-01
2.262581965592336819e-01
-6.014607277821950281e-04
9.936429927875035928e-02
4.739596870739644641e-01
4.370849632194637180e-02
1.288793433597260840e+00
-2.379912092089594422e-01
-4.971977241935933434e-02
5.669099033686945122e-01
2.405074785059208020e-01
-6.192534514999491202e-02
6.870903115771215264e-01
-3.534257829929607908e-01
-7.425609908139169102e-01
5.406576587942212297e-01
1.174128582540454380e+00
1.505266700717048656e-01
-4.123350120456918400e-01
-5.046464539583600528e-01
3.893554024878628783e-01
-4.443930851960205541e-01
-4.778014880397325470e-01
5.022945306619239769e-01
1.564263946728587651e-01
-4.537886483545603422e-01
-5.743505583731048914e-01
1.215076735144466014e+00
-1.708972650486985656e-01
-5.900035127777077948e-01
3.866463330353349381e-02
1.480013203337172956e-01
-2.962824876889169623e-01
-2.642829711548460581e-01
-3.283076942647658036e-01
-3.181573408349957499e-01
-2.096696120351989601e-01
-2.152197120038109035e-01
1.758952323181583455e-01
5.871294422802726398e-01
-2.140550584147456747e-01
2.970152065933961971e-01
4.054768859969667960e-02
2.386275934898183793e-01
4.969763066149632813e-01
-1.070089574125062393e-01
-3.817068031080126933e-01
7.954105374795517047e-01
1.552909192495723345e-01
4.637024272624635235e-01
1.091854761353639125e+00
-4.511486321108106878e-01
1.977950088814657836e-01
-3.061251442511543353e-01
-2.318731000723500413e-01
4.694711744436252387e-01
4.094297006908282355e-01
-1.808757717273831167e-01
-3.618957698982669391e-01
-4.588766452678397778e-01
3.596465306518217275e-01
1.893246169582930155e-02
1.249172322231056759e-01
-5.361423450911101396e-01
1.098225282518243029e+00
-5.742588149749019433e-01
5.654079938885713252e-01
1.451123592507998494e-01
-3.916026800423794696e-01
2.183855454142239472e-01
1.309713991690302226e+00
-5.539285193668826990e-01
-4.361416281188414956e-01
6.434220189675265988e-01
-7.364594207476359289e-01
1.757480967745367606e-01
-7.483529986745262041e-01
-5.233330077030620142e-01
-5.452728399860315989e-01
-5.691406947174391107e-01
-4.002000843892769555e-01
4.071525426256551450e-01
1.040117930396994517e+00
-5.338375887699555733e-01
-1.348037820188087432e-01
1.313350546545314579e+00
8.333512797785650461e-01
2.224486283085353178e-01
3.652463932300643590e-01
-1.609483519432312049e-01
2.937027001564441742e-01
-1.539639165100006868e-01
1.285122683639330798e+00
1.282271833222276447e+00
-7.439749976569104417e-01
-3.464961601062969132e-01
3.917163532901845047e-01
7.659841845723266429e-01
5.996614678405648435e-01
1.755361197836570186e-01
-4.930174928106052512e-01
-3.234064176522186695e-01
-2.250035203175687892e-01
-8.062108598622429456e-01
-3.512377951155654654e-01
9.426154131670922975e-01
-3.854307128163839691e-01
2.093849039500961240e-01
-5.742123506558250989e-01
-5.315839361273873992e-02
-2.743618678984821591e-01
-1.293342184099115777e-01
-3.708528189092073490e-01
-5.098082945574643476e-01
-1.504920597512313940e-01
-4.366950776400856382e-01
1.352484590820391963e+00
1.788212809900810718e-01
2.077776867425656371e-01
2.671181573440997714e-01
4.522093081266042591e-01
-1.844698245575390472e-01
-7.261416184683137931e-02
1.171591689795024482e+00
-1.948376444480463127e-02
1.386783764406962771e-01
-3.075255971241553365e-01
-7.440654320387981580e-01
4.205694219171011994e-02
1.297356555785125209e+00
1.356760669519013307e+00
-6.750441711452789817e-02
-5.012934227262394460e-01
6.662018850875660592e-01
5.431219207383021219e-01
8.007420826075517528e-01
4.463156411388439770e-01
-6.396152755208490692e-01
3.154719339955607826e-01
-5.701871443380590598e-01
-1.965957309699222777e-01
6.049300868590173907e-01
-5.914854929350161772e-01
-7.787999565896845944e-01
-1.435103291482102417e-02
-5.350559812588201458e-01
8.153935826599726377e-01
-9.744426376846727911e-02
1.927408244944039950e-01
-3.570371408354225951e-01
-5.915764895302956239e-01
-2.415566954966246183e-01
-5.573608364727817843e-01
3.122897473983647365e-01
-2.337128050001605339e-01
1.398912541202294912e+00
-5.807903534358037634e-01
-4.324476435261340179e-01
-1.372691938623336327e-01
-3.344845529562159858e-02
-3.326728110716422049e-01
2.709524619134586754e-01
-2.653943838698046287e-01
-4.282423067225014091e-01
6.137351975600063847e-01
-2.175857459027656093e-01
-1.196874660357697198e-02
5.039467681062694826e-01
-5.556091834013499042e-01
5.291774150226812717e-02
1.308112012538348579e-01
9.255199555375295262e-01
7.202174648621352260e-01
7.999813932901131963e-01
-5.744606677692570829e-01
6.648594044087298149e-01
-1.616921449723882423e-02
5.658131550906050355e-01
-2.377906386327739430e-01
2.715532250083023680e-01
-3.708364903285251701e-01
-5.070335469371353154e-01
1.241291793008293537e-01
2.206721725585548410e-01
1.321453849265193270e+00
-2.063230929810367376e-01
-9.119822334373041406e-02
9.271816226354209767e-02
1.522198885323953754e-01
1.133190918730745622e+00
4.296658006414392217e-01
-3.407921694832517501e-01
-1.091408969632264581e-01
-6.730720680719227689e-01
1.111474535719473744e+00
1.027562461643337366e-01
9.497090903722685828e-01
-2.893786538469771408e-01
-7.918359952099920385e-01
9.379520998390813435e-01
2.613672500378175778e-01
-4.727472264804320479e-01
-6.451147684552007711e-01
4.189542773469611125e-01
-2.564243778095955384e-01
-2.099069441996868901e-01
-1.141565808853930719e-01
9.375409758043390385e-01
-2.763906296825159870e-01
-3.811036062416716108e-01
-5.536386400507152805e-01
-5.795766725421060972e-01
-1.128690977812349047e-02
3.727118939134314579e-01
3.336990418889685950e-01
-5.464008826390369666e-01
1.352289279562439994e-01
-2.788165539774932200e-01
3.523684848960665916e-01
-3.330954302948591628e-01
-1.049028120151621890e-01
-6.631223737662026441e-01
-3.386198488446601207e-01
-4.047831323618554245e-01
4.215850636060625156e-01
7.055011872059634426e-01
2.245162342506937525e-01
-4.001178862094628141e-01
-6.794851373302233100e-01
-8.205698595173213095e-01
1.101093449001817881e-01
2.065865129672857514e-01
1.354710428257869803e-01
2.374811424642904456e-01
2.205451458418191957e-01
1.991187069621576100e-01
-7.468821529424825023e-01
1.979667354074982899e-01
-2.047540009661923122e-01
1.579910577616581602e+00
4.685226605294171009e-01
-7.828680323876713310e-02
1.415670156152768033e+00
9.680526396987285676e-01
-2.191198950451383742e-01
1.538573520702641584e-01
-6.000501493898524608e-01
-4.911210453364652229e-01
-4.802820826639775942e-01
-1.557121338378242292e-01
-2.250021890985850204e-01
-4.878266899820435931e-01
1.253047837058312908e+00
4.380478744809767622e-01
1.221031005727003516e-01
4.904315131672677963e-01
-1.868161631179823812e-01
-1.652612416285802188e-01
5.963382604338745008e-01
-6.204385800920346750e-01
4.267285935461920809e-01
-3.602656302787172748e-01
-1.548646026893108762e-01
-3.711187500571621611e-01
-6.567148421035605699e-01
-2.175954011498290042e-01
4.061304680518078997e-02
-2.376226211317075121e-01
-7.367621664794692105e-02
-1.935282460897503887e-01
-6.771094410652480633e-01
1.570392974490931182e-01
-4.287618678622817647e-01
-4.724764371613788261e-01
-2.947548720079352091e-01
-2.239716663496598703e-01
4.215882510675288408e-01
-3.767486021532491236e-01
6.297258089739474762e-01
-4.811012922421339377e-01
-1.841634335228924391e-01
-4.570475779175037778e-01
-2.261986214018450736e-01
1.327243600477990559e-01
-2.037266253774682942e-02
-8.661434362950877486e-02
1.580721044236319817e-01
-7.168415042149317573e-01
-3.795655464238820720e-01
3.055224786477314658e-01
-9.446691782317552868e-03
-2.602723064383635210e-01
-5.156044165883359731e-02
-3.245598934954740944e-01
-2.235679671399966040e-01
-5.090934523429080372e-01
3.994687005830073745e-01
3.968587726175542008e-01
-4.588554130014542709e-01
-3.196833126173433959e-01
2.040935590780323383e-01
-4.675341692677915106e-01
-6.002055533986368902e-02
-4.530065181387310513e-01
-4.056637501520046762e-01
-3.624811386324137130e-01
-4.148842384831413210e-01
4.897235117951012628e-02
-4.122479445778715057e-01
1.965357514449702636e-01
-3.463690255610797908e-01
3.991249697096390103e-01
-7.311323231715892712e-01
-7.181035527495127635e-02
-6.777410669968233492e-01
7.728526432045206285e-01
-3.301834633507395589e-01
1.420176196243104760e+00
-5.119692321456588147e-01
-3.280100128172427909e-01
3.666013400032065994e-01
1.522285487563825201e+00
-6.942040613081944533e-01
6.741850645703764133e-01
6.153501301699527692e-01
-1.769923706941884389e-01
-1.588635763040757987e-01
-5.355733425047048968e-01
-6.474326331690652969e-01
3.483499768731326274e-01
3.289373135457128172e-01
-3.819300988389662255e-01
-4.945111794041790465e-01
-3.725483394567248863e-01
-6.657786801425379375e-01
-4.047599449589255882e-01
-9.389284552165236275e-02
-3.703615599972590600e-01
-1.312676043252532787e-01
-7.168166161551644544e-01
3.885756719305847318e-01
1.492284808096472626e-01
3.436533247530595969e-01
-5.239447860553008152e-01
-4.443602493712802554e-02
-3.776055096093438035e-01
-7.816169075114898224e-01
3.268868060993687097e-01
1.235334508452102104e-01
-2.205830174878282701e-01
6.279822581328842190e-01
1.224559124969437418e+00
1.284621942652916404e+00
5.736969698841957177e-01
-1.438781861818117236e-01
3.885573711409955888e-01
-2.408204296784055565e-01
-3.018500333667845648e-01
-5.427065694123747175e-01
-2.115182381563780190e-01
1.428349289498842545e-01
-1.235288124448137015e-01
-4.355818428472761350e-01
2.159079419276301037e-01
-2.723972180434267032e-01
-9.698115771131381180e-02
-6.602473674978713847e-01
-6.393476847986018230e-01
-4.683966666103968057e-01
-2.829705463237254803e-01
1.065584594115110972e+00
8.713806202090626507e-02
-6.877897094958348445e-01
-6.680987716643301821e-01
-1.920621760444276085e-02
-5.087738412841092961e-01
-3.173404855983911754e-01
-5.462928239947210107e-01
-2.287800869946163551e-01
-2.318589037183499679e-01
9.586762876839328706e-01
-5.126640868061955736e-01
-1.548587540695890996e-01
1.170115680138814396e+00
-5.453780206322741408e-01
-5.009327936639095258e-01
6.937797542907424564e-01
-1.921715421064129348e-01
3.383744263743549419e-01
-9.704859547794252028e-02
2.662365693888354978e-01
4.509106355317705761e-01
2.191033088046906163e-01
-7.671941211388617621e-01
6.880567567068756052e-01
4.402091458917578026e-01
2.799625128376760363e-01
-6.674974413210676971e-01
-4.174720618944284256e-01
5.327417332470998357e-01
-2.314799339060646943e-01
6.240809541194475285e-01
1.743861335735245044e-01
5.461045775881520070e-01
1.974702676535762258e-01
-4.012319413731157969e-01
-5.881287157339528671e-01
1.787042339317562734e-02
-2.073728592135377913e-01
1.500267991843919624e-01
-2.535979469568533373e-01
-2.413895302078982452e-01
5.365640098843580535e-02
-2.756848844542369448e-01
3.380582359445023083e-02
4.648996515929196272e-01
1.179244795866460915e+00
-1.683331275727437820e-02
-1.766885567166639748e-01
-1.519652023278310060e-01
-6.354403911495208890e-01
-5.200765330429375499e-01
3.546167529957238163e-01
-4.248114986962599204e-02
-4.978673455437849227e-01
-5.972017591035795603e-02
2.503005048094233964e-02
5.584618159189427278e-01
3.249520649467301792e-01
6.506413870702378865e-01
-1.560675143133397613e-01
-4.856910239725150680e-01
-5.679872422974041601e-01
2.952084171762710540e-01
1.394803261342417056e+00
-1.035132528651273309e-01
1.631830599227978018e-01
-3.103735696024005897e-01
-1.201447480093644909e-01
-1.534797992386732479e-01
-6.415097531299834843e-02
2.944793038263750495e-01
-4.363892926530822391e-01
1.165230402165124746e+00
-5.864667563906722503e-01
-3.646582523368269713e-01
-3.864699860147257499e-02
-2.879865471681260503e-01
7.826402438931363836e-02
-5.297194364504801412e-01
-2.523787739648742923e-01
-4.517282142069801720e-01
1.340469681458384521e+00
3.461573270461473228e-01
-6.167972516690535256e-01
-4.116968242489995045e-01
-4.248476672895198925e-01
2.876518022108892625e-02
7.521118319312126710e-01
-3.892156610922939408e-01
2.012180270582568375e-01
-4.905904807872933926e-01
1.261962046692835081e-03
3.136799081031799719e-01
-1.479689483220932023e-01
-2.340888452546187604e-01
-4.024339084786602849e-01
-1.975390646217786428e-01
2.416743134720958364e-01
7.843844172405162185e-01
5.116440037871548829e-02
-5.078567641995512805e-01
1.184817980979617325e+00
-5.050714498655517470e-01
2.450380532756834262e-01
-5.401236766725616700e-01
3.316871144770308089e-01
-3.192188737480581295e-01
-7.294273578621263132e-01
1.122068952012806181e-01
-3.979348568741689074e-01
7.291576913185374154e-02
-2.153877889019878145e-01
9.384750309349584318e-01
-7.250946749521897106e-01
-4.757495458703626112e-01
-5.967512200179652115e-01
-7.429241268906073836e-01
5.573934584040016738e-01
-4.644756879397540783e-01
9.662155355895041264e-01
-2.501065229494154885e-01
-1.525302579997549202e-02
-6.344254798955420993e-01
4.332713611017143251e-01
-3.987768072036739220e-01
2.682404827872620912e-01
-3.328343030090782362e-01
-3.994993465582988290e-01
-3.985680451711521854e-01
-3.652348430677296309e-01
2.162143241128751114e-01
-4.907561623825090757e-01
-1.785671559287521082e-01
-7.069092225901871807e-01
-3.536597578084840765e-01
-6.280483427559697684e-01
3.319076015473294561e-01
-5.455608845291135545e-01
-4.946540588306250208e-01
9.885743993962534115e-02
1.340323077328990253e+00
7.990385149204919102e-02
2.427970975930928699e-01
-2.749323035108514612e-01
-4.264061746375640838e-01
-4.912454465441937201e-01
-4.884121834620046565e-01
1.328962082241615383e-01
1.415395482571833341e+00
-5.557693592780144076e-01
-4.357821708190091070e-01
-6.644155647255310937e-01
1.118723963641658159e+00
-1.619226951607624088e-01
1.187385815545173029e-01
-5.592148217790893217e-01
-5.685336214562486390e-01
1.751187960572034852e-01
-3.611107622295205433e-01
-3.596902134963125136e-02
-6.472832969984940732e-01
4.793544343327754143e-01
-7.430094424565618638e-01
-1.960578546734671190e-01
2.294737500825315413e-01
5.048725355090147859e-01
8.279696913243865808e-01
-2.679877437707181009e-01
-5.338805400665743717e-01
-3.597340438942392415e-01
-5.802598949072030887e-01
-5.115825237516522517e-01
2.369021733784804074e-01
1.037495295381839489e+00
-6.848835606173664381e-01
1.109717200003387028e+00
5.731073614488473300e-01
-2.357320791207342114e-01
-4.683490473377222574e-01
-7.027635494117361326e-01
1.256597718612411096e-01
-2.746838260804568832e-01
1.083989022304497007e+00
4.135228220674035948e-01
1.154144937628472034e+00
2.537514536218868355e-01
-2.025129193738404443e-01
-1.561793609301662944e-01
3.916820922531683569e-01
1.315149653232567273e+00
2.647685825012363603e-02
-7.974013614201832523e-01
-7.185272634073605058e-01
-7.595525118261868824e-01
6.743925595003955609e-01
1.890674942885798571e-01
1.088133573681782318e+00
-3.902383511853808051e-01
4.052399951308114368e-01
7.597073568899188611e-01
3.343522906635402192e-01
-2.884667722340241158e-01
1.450332829912420518e+00
-5.393032715573130575e-01
-1.360399937034828255e-01
-3.684395847943121027e-01
7.264667508634371496e-01
-1.663620640173574527e-01
-3.141819543952785732e-01
-1.743761370804972066e-01
-7.886613397888572186e-01
-4.345024690919738197e-02
4.088707450514902364e-01
1.363004709668527159e-01
-2.617235902203255415e-01
6.209901188981031828e-01
2.669335470485940665e-01
6.052054285990094984e-01
2.653370134466537800e-01
-2.512873875055741113e-01
-2.338015442213881110e-03
6.046556096195489748e-03
1.810935229873701091e-01
-1.300819823896551264e-01
-1.015318330403869457e-01
-3.428844475003315351e-01
-2.234043269129916132e-01
-3.881971167800072342e-01
6.229128244534459791e-02
3.454834954768957189e-01
2.727190130117163602e-01
3.281573828952234484e-01
6.445490149677689240e-02
-7.478852368952479401e-02
-5.617200871316654354e-01
7.011977711207761921e-01
-1.768130938101170058e-01
-2.060555457836419913e-01
1.299190765158648730e+00
5.992629068972817746e-02
2.156656278801770757e-02
-2.992064481932683040e-01
2.551433360600872113e-01
2.761237900155565361e-01
1.312907083867746183e-01
-5.194948341212251020e-01
-2.901341872435286851e-01
-6.949786301474806249e-01
9.660257300526522428e-01
3.691510673377716434e-01
1.364504184351887917e+00
-2.446298002954170325e-01
-9.603276688169088554e-03
-5.058082969997371725e-01
-6.607982586101105449e-01
1.810226185278733246e-01
1.118495011016070961e+00
4.592551682103276911e-01
4.501219934422000524e-01
-6.812132531577805850e-01
5.505030638378997400e-03
-1.433908178969311303e-02
-2.751606578798237446e-01
-2.728636015854415953e-01
1.441488670896405866e+00
-1.057191759305086409e-01
1.477527996976855107e-01
-1.436725722173180508e-01
-7.646808198691690261e-01
8.898333963965476823e-02
1.062436788260786580e-01
4.550083795929379393e-01
-6.024970854341843429e-01
1.980638738660858433e-01
-2.429836683773617667e-01
4.520772709868629002e-01
-3.805760570032625245e-01
-1.342156460354844427e-01
-1.174891633974668309e-01
1.173706882793181493e-02
8.708826043965802732e-01
-5.751834654581526873e-01
-4.506582914551637148e-02
-2.051653877789976280e-02
8.274470693102907726e-01
-3.974681247637832371e-01
3.630368528811384055e-01
5.517094426171773591e-01
2.941015627580449987e-01
-1.661199618187644000e-01
9.674574596713229058e-01
4.464479937817573685e-01
-3.561959459246781812e-01
-5.126503796178909500e-01
4.287939248112727086e-01
1.742102659294977596e-01
9.036999181577834994e-01
-4.881922437757608702e-01
-3.486362009384890714e-01
9.330151128261790494e-02
4.876816611955533953e-01
9.091994621028610946e-02
8.111416219018215135e-02
-1.189304232599801836e-01
-4.360262841735216832e-01
-9.422888722086007751e-02
7.396133493426573224e-01
-1.308538447631434065e-01
-5.590209003573253232e-01
3.218840179756649600e-01
-5.955051904332903101e-01
5.293964547497352902e-01
-4.139221852331930185e-01
4.958612352498421028e-01
-5.233628845344262537e-01
-2.330673769089276759e-01
-1.915746590479526223e-01
-3.139026425990072977e-01
1.114438303731707602e+00
-1.846218687604186948e-01
3.985816145409889488e-01
5.597414011111425669e-01
-6.761156876057000664e-01
-2.420303626805068442e-01
1.483426778205358731e+00
1.123255042443312146e-01
-3.258912390288155048e-01
3.612703186901602970e-01
1.359431747583274674e+00
-3.794552589866275194e-01
-6.627811281068995974e-01
-5.605252789091849097e-01
1.706198007891930046e-01
3.428989255116798168e-02
6.815805629585123260e-01
-1.609130736339835499e-01
3.439793062191309758e-01
-2.079772783411328596e-01
6.644372807941180126e-01
-3.534454446530743144e-01
4.417682797621095281e-01
-2.467907642078508851e-02
8.680243366383443293e-01
-3.794203814395392671e-01
-2.690191306163902674e-01
-3.667934199007553686e-01
-4.812260066035679573e-01
1.485531861375977425e-01
1.024193027751524099e+00
-3.928103845129930494e-01
1.016742557200101649e+00
-5.621334333851524256e-01
7.045492888187385727e-01
-7.107901267301731663e-01
-7.509050715930058739e-02
-4.849157416567789203e-01
-6.573221596882755646e-01
-1.920940367714052410e-01
-1.638683670741938048e-01
-6.015046195486806191e-01
-2.337642677695134508e-01
1.788815848090031801e-01
5.905431757362139544e-01
1.436240378902553738e+00
5.989283263039142380e-01
-1.535447685010267738e-01
3.366567232439469093e-01
-5.466995868930830671e-01
1.896154626722677539e-01
-4.497728379034094948e-01
3.877403080809625757e-02
1.572388487252314448e-01
7.649412133838537908e-01
1.156300778668051255e+00
-1.591084291897404968e-01
-1.844403814807131226e-01
-3.478955799570158103e-01
-7.881688711145974358e-01
-2.845952835294932037e-01
1.039194251575431271e-01
1.576596897661000918e-01
-5.650086241754532779e-01
-1.170113268903697490e-01
1.209127211468754154e-01
-2.466651387468582202e-01
-4.085418254046280784e-01
-5.843443000937772469e-01
8.688186040412931854e-01
7.071948213286817497e-02
-5.228347322952981990e-01
-2.584746043607271671e-01
8.996289394685406948e-02
-6.787193270263173206e-01
-6.214781851589550321e-01
7.568741903342757205e-01
6.082914684227149760e-01
-2.990937995727454002e-01
7.275444585936959030e-02
-4.486282784756959741e-01
-6.344985070018921425e-01
-1.263910416447729668e-01
-4.312539268733259212e-01
-3.244461085813585832e-01
-4.615756586294385566e-01
7.322144622121465329e-02
-6.038186708595261187e-01
8.157816827902260037e-01
-3.964988275523443351e-01
1.480991144840671792e-01
-1.729220787664005055e-01
-5.260057150118552238e-01
7.130939290515465878e-02
-4.156550731734682813e-01
-3.831252111862691323e-01
2.656498352411331698e-01
-4.147854333487959178e-01
3.643908450546270994e-01
-1.531962756769848222e-01
-5.310532477346450175e-01
-1.162730061264893172e-01
2.789037534896842696e-01
-5.395547121976069782e-01
6.949705539098977036e-01
-5.410826255737275492e-01
4.130171391049436980e-01
1.769003363688290975e-01
-1.310462725085265456e-01
-2.049511297326323533e-01
2.985149012214297071e-02
4.164849053000728718e-01
-6.017024541500062274e-01
1.317023831120043564e-01
1.374836933246659509e-01
-6.222157265572141743e-02
-1.780300317275837485e-01
-8.496165472680236586e-02
-4.806964766312875059e-01
4.330040258126988117e-01
-3.339887198727293782e-01
-2.228176524139779957e-01
7.580218052423033370e-01
-7.345172950769640607e-01
2.489446450611330353e-01
8.298476847187276351e-02
-7.650474184718933923e-01
-2.848397828948365240e-01
-3.204473685236961522e-01
-4.342065194960500335e-02
-6.607004459439247412e-01
-4.925383920183091790e-01
1.086162038369282989e-01
-2.489004420130502826e-01
-2.258650299065437517e-01
4.186490229516288131e-01
3.422887793115307886e-01
-6.879320195834466301e-01
1.078929888544817084e+00
9.559542250201926716e-01
3.664623613876493158e-01
5.505503549951314968e-01
-5.752920729451693749e-01
-6.294105461655062905e-01
9.369348841404263606e-01
1.353463910798331504e+00
-2.334125652406727480e-01
1.385208985247400326e-01
1.264309762694074135e-01
-1.017189920278153137e-01
-6.319190264169562976e-01
8.650500863108598892e-01
1.179898219527075298e+00
2.692129363828359989e-01
1.847622801906987078e-01
-3.328588250460942644e-01
-4.750333592729888421e-01
1.296748044920560117e-01
2.040670444199702838e-01
6.544351320355639157e-01
-5.898518379683563573e-02
-1.728596832239102654e-01
4.855127474215240602e-01
-6.244534666558265723e-01
-6.255303291819598321e-01
1.318746576350094957e+00
6.627975463024792235e-01
3.763842519628226024e-01
-2.368190328256441490e-01
-2.240247118352674816e-01
-4.604574414752043293e-02
1.465603907163099739e+00
-5.499737754495859221e-01
-3.050844700565110701e-01
-3.414688932048776104e-01
1.862009561374255440e-01
4.307938716944949564e-01
9.784836047234870549e-01
-1.929776525505078333e-01
8.038370887702973588e-01
-8.681356756640455641e-02
-5.051344220763113180e-01
5.606785968987840763e-01
1.187439943367706530e+00
4.122237215015563949e-01
5.489613888719783175e-01
-7.422608474638451304e-01
3.396250932864924854e-01
-8.047995333356611214e-02
3.686748733727372995e-01
-1.532367719237945217e-03
6.516280399415321778e-01
6.941008721981315258e-03
5.486764433986923706e-01
7.500649892261476159e-01
6.956696249164112666e-01
-5.747337820706728273e-01
-6.154537273395040142e-02
1.926216453944178675e-01
8.167843468829211195e-02
-7.052548624568549807e-01
-2.478991799049881928e-01
1.069110437907429656e+00
8.844250551884310640e-01
-1.000228782566003893e-01
-2.713108477819854980e-01
-2.314177702109495582e-01
-6.299932559741298066e-01
-3.751095404801584321e-01
4.368773882994021474e-01
3.890288137840125504e-02
-2.460739251468062605e-01
-2.424910410541764039e-01
4.749863854550760989e-01
1.591877474274143445e-01
4.457093894802287015e-01
1.311350508507942880e+00
3.234616347250851565e-02
-1.725159149459702113e-01
-7.221026024416693501e-01
-5.885750249133274714e-01
3.076572690172130753e-01
-5.038645207631473610e-01
-1.834291946135502629e-02
-5.407408597963078156e-01
-2.665365700920387382e-01
-3.622004281252713676e-01
-7.016558500996239456e-01
1.202141117665146197e+00
2.736099603553585058e-01
-1.192486545319455249e-01
-2.382073479459253518e-01
-1.725325732111713042e-03
-2.772002041918717463e-01
-2.258633500657344362e-01
-4.293228628455355023e-01
-1.875154098109227951e-01
-2.657358939246060731e-02
2.140107024014784309e-01
-3.093888698128973574e-02
-1.402259090531571550e-01
-1.234033120338121486e-01
2.832869252024690365e-02
3.099049258438905108e-01
2.525459613062038255e-01
-5.066594355385858339e-01
4.394680881132869144e-01
-3.278540714026578762e-01
-1.595577831327291973e-01
1.233066777681411041e+00
1.098224998790182205e+00
-2.804958333552661220e-01
-4.546539079318666632e-01
2.311644697171359175e-01
9.153891357497838388e-02
6.595812745501626884e-01
1.110204330786976890e+00
-3.285839830225915081e-01
7.795700547585109330e-01
-6.169388983993410180e-01
-6.428884675614551236e-01
1.472534673206183919e-01
-2.290055647176210685e-01
4.228049621455987062e-01
-5.529097967836988925e-01
-5.268821606357121379e-01
2.354352110575519130e-01
-2.476102459056697125e-01
3.379834571696086476e-01
1.391758474219318975e-01
-2.947950216783101762e-01
7.891495466660152225e-01
-8.302776583400676980e-02
1.350550936502249222e+00
8.828403282860473045e-01
3.271192256327633552e-01
3.545810804021011231e-01
4.409379710063975333e-01
-5.976787486062077326e-01
-5.657361176656146018e-01
-4.167068349461520160e-01
5.730362387807022007e-01
-6.395109151193234531e-01
-6.862601829906713746e-01
-6.258046509271854019e-01
3.232311074486620139e-01
3.002556300736310968e-01
-3.561572365129434536e-01
-1.869752291987161474e-01
1.108318361577262795e-01
5.988061940137340972e-02
-4.447535543350342180e-01
-8.524872064163093732e-01
-3.168191908659152567e-01
-8.896532238408363380e-01
-8.081670730380682288e-01
1.390834410115785423e-02
-1.368065990802734277e-01
-6.218996187325933622e-01
-8.140584872407032047e-02
-1.468464110175575488e-01
1.891272385218013552e-01
-3.885835088242302615e-01
8.958767116821654275e-01
-1.907117358796477091e-01
3.607335777145129208e-01
1.535765591746517111e-01
-3.624613241905700334e-01
-4.821981582173598402e-01
3.931658576112688763e-01
-6.507396389811986870e-01
-9.976440849554150947e-02
-6.946849227322737796e-02
9.945189111362909840e-01
-6.722668786470273883e-01
7.148077931451811695e-01
-4.089336711116925427e-01
5.388258554396625488e-01
-6.654290004484366694e-01
9.089083450657699237e-02
-1.270301845312105660e-01
-6.792149970279027782e-01
-6.924596400520204031e-02
-7.251310541063671344e-01
5.962630088973769338e-01
-4.233272337558213749e-01
-6.410716290691264030e-01
-2.882900756569651834e-01
1.391521646243605970e+00
1.134710158070734165e+00
-4.697867024793125901e-01
-9.305186551271235618e-02
4.369612501716214070e-01
-5.602166360855835858e-01
-5.691220339535782990e-01
-4.023002602282166884e-01
-2.159074462328489374e-01
-5.821269122788945705e-01
-7.317468698679905348e-01
-5.881825770220232563e-01
4.829832401248576601e-02
2.437056028750678449e-01
-1.020543378622926906e-01
-2.898084051798646699e-01
-6.846898522285748134e-01
-2.132454964259175301e-01
5.707615156765238895e-01
-3.079489310173494920e-01
-5.176549431685013164e-02
-1.666044385554995011e-01
8.458165918353737212e-01
-3.197441542603295279e-03
8.955480021537498558e-01
5.404812193096490969e-01
3.190543513967714767e-02
-3.091516701238444242e-01
-6.952448358309296639e-01
-5.002216437375401892e-01
-1.060390836846141355e-01
-7.238611882901436756e-01
1.255526895817376198e+00
1.183979914531152033e+00
-7.426977220755784370e-02
8.302438204472178951e-01
7.904724829281422060e-01
1.038961726774872973e+00
-4.054010708362821847e-01
9.796982274491207177e-01
-7.880700998132783575e-02
-1.022276930534862932e-01
-1.797244832197278097e-01
-9.264477921732966470e-02
8.787663722200028671e-02
2.353966305044737362e-01
-2.639183622584387323e-01
3.498452255618630380e-01
-7.301887469361131311e-01
4.505672874941650807e-01
9.278652108114903152e-01
9.396312015761141279e-01
-6.446812266511916523e-01
-7.904593236280084423e-02
-2.160106301558517017e-01
1.382100838786531061e-01
-4.719704054536006388e-01
1.203621592947280661e+00
-6.604651412281320466e-01
3.189630943909303462e-01
1.272946956507583008e-02
4.066104952505124048e-01
-5.807807911510957238e-02
5.631642527962390371e-02
5.974427862261445510e-01
-1.461116779573701785e-01
-1.541186290237146206e-01
-5.077224706879035487e-01
1.489539858022712743e-02
3.030448516775125986e-02
-1.379093999369824242e-01
8.026110259241493461e-01
1.167847221667669855e+00
-3.998374118804827737e-01
-5.029012786624988962e-01
-2.253366985441142556e-01
2.219572891941200554e-01
-2.663028765650270469e-01
-5.273173313346894986e-01
4.021847717236683994e-01
9.735259614991763621e-01
-3.309431391325043936e-01
-6.009362335685258794e-01
2.612177680539113922e-01
2.795579598547690003e-02
-4.702891592330343817e-01
4.086282058281091034e-01
-1.676725515417058499e-01
-7.987819799243783825e-02
-3.135869958714097017e-01
9.369460163220204585e-01
-6.067145391464678905e-01
4.355862183533633011e-03
-6.658367024393616607e-01
4.009394626266349348e-01
1.013909732325168456e+00
-2.649775063570732891e-01
-1.789411857674096940e-01
-4.576876432734746647e-01
-2.319225152973065085e-01
7.273755180982398594e-01
-2.048577840506173586e-01
-2.547210816464704486e-01
4.054498513073835908e-01
-1.081653986058247058e-01
3.271202315684005463e-02
-1.966343003322492122e-01
-3.182690827170290837e-01
-3.895011080104715528e-01
-3.160116011368125366e-01
-1.244492842561126661e-01
-3.207953271671128426e-01
-5.830439218199833656e-02
3.006293477143508475e-01
1.009717083973533436e+00
4.995875505627037083e-01
-7.202445647204004375e-01
-2.423813583325586662e-01
-6.422719010641729787e-01
-4.071124960703271234e-01
-2.001052759687608762e-01
2.163958097362575494e-02
-4.266959858913196846e-01
-2.028564679018552974e-01
4.583320129491673112e-01
2.224435876543172652e-01
7.949902743728420873e-01
-7.837470516070145221e-01
-5.982900146748280079e-01
-1.268773116809496504e-01
-5.592791877013568724e-01
-3.059122379609891529e-01
-5.572703088100661173e-01
-3.453074324084673408e-01
-3.149456947807243168e-01
-9.427104140714313851e-02
-5.167642184803669103e-01
2.019550991438784082e-01
-1.381924030353352539e-01
-6.582398413364790590e-01
-1.935055867023076637e-01
-1.156628674701999787e-01
6.856861050084661624e-01
1.136559224454376960e+00
7.529599961183978951e-02
-4.331753225651572281e-01
-3.630666638934712531e-02
1.743381839354268825e-01
1.121975614902154250e+00
1.101968397013413536e+00
1.065808653519998150e-01
1.482725374771235671e+00
-2.706548263894349438e-01
5.453068958486922274e-02
1.156519231592688435e+00
7.229680226457424475e-01
1.119468483201339959e+00
2.455820262103566576e-01
-5.722183933616555862e-01
7.931797014076966690e-01
-7.645555751054069482e-01
-8.200412094547779307e-02
5.779134522285361841e-02
-1.817842102189515252e-01
-4.664660481502512779e-01
5.867847666419041819e-02
1.474400622199986577e+00
-5.364081982034610840e-01
5.304660199325085257e-01
-4.712642668140656910e-03
-5.641708387815632664e-01
1.050144996602559999e+00
1.451964684522302651e+00
1.109353702797331032e+00
-6.329573555924016270e-01
-4.248240588568394371e-01
5.729663319029301149e-01
-2.242336650110000884e-02
-4.236117041027021024e-01
-2.350133479890964550e-01
9.137986145369288993e-01
-2.491715088425001390e-01
-3.960512454479629407e-01
-6.147221224355237101e-01
-7.736598180072655762e-01
6.941643738529186258e-01
-5.697185079954887321e-01
5.369945811137230018e-01
-2.596897302542506836e-01
-1.229303007659990205e-01
2.333188560331445061e-01
6.621959510719552799e-01
-7.044911630250706713e-02
1.549852767649333718e-01
-6.388315791043951419e-01
-2.781272683412934765e-01
5.608107454550449456e-01
2.509977318284029590e-01
-5.041932241948460236e-02
-2.797170634432422087e-01
2.906433114476807411e-01
-2.731825214304868243e-01
6.925216632757716373e-02
-3.498609875450832685e-01
-2.004094978066856547e-01
-6.378198010409021901e-01
2.910055378572289353e-01
-5.251628578974930628e-01
-2.211170506950527193e-01
-1.443161114651297927e-01
-3.621496749261984838e-01
6.723243086810438696e-01
-2.843556859955138072e-01
-1.608961822342804548e-01
1.041874110551679999e+00
-5.689061123200598313e-01
1.290018709939957098e-01
3.326413199235343510e-01
1.376521645996713561e+00
-6.496443532816337241e-02
3.486234350807593252e-02
-2.859309652839903682e-01
-2.029365349978360100e-01
7.152862520390128598e-01
-3.264056952782498078e-01
9.237519114542462606e-02
-5.608586283641812768e-03
3.300734739985284327e-01
8.645779646922338579e-02
-6.060845872574930349e-01
6.357932380545624484e-01
4.272191178809380818e-01
6.972627005666914846e-01
-5.959462954788831146e-01
-5.413963602596453262e-01
4.155275924819875066e-01
-3.318006330133679294e-01
5.328703326183185096e-01
-6.163401958460611452e-01
5.186686757765789357e-01
-4.206309253395831282e-01
-5.539998314987378825e-01
2.200178930195398619e-01
1.328146441600887462e+00
6.335889878257400243e-01
6.223967465527281417e-01
6.134579962840673861e-01
-3.339346620531946641e-01
1.340516464885910919e+00
-5.288368546525666902e-01
4.608319156484949053e-01
1.930187125438489193e-01
9.902171908281007240e-02
9.085387231816843823e-01
4.637509857618798970e-01
2.102307064490504251e-01
-7.817696907506357928e-02
-1.374850179955529328e-01
-4.493630920993963995e-01
-1.419146170423314368e-01
1.836839544769236221e-01
-3.120899131298832674e-01
-7.066616557135566024e-02
1.081956363719441781e-02
1.347496279850707745e+00
6.416004912349542177e-01
-3.070993011749592345e-03
-1.964152444178750290e-02
-5.382208979787147518e-01
-5.629318192637752238e-01
-1.871928537315520891e-01
3.476278365640401713e-01
1.214818383572570770e+00
-4.193368756592363855e-02
2.362771414083469912e-01
-1.001148943365695043e-01
-3.686695658182525537e-01
-3.213463188215271438e-01
3.839520976352611692e-01
-3.858567514545451216e-01
3.094006501835702694e-01
3.571268520662004287e-01
-9.813446755952462408e-02
-2.377754285570131132e-01
-6.092977267235931693e-01
-3.931402946980115387e-01
-5.202032226478222610e-01
5.551024620293291273e-02
3.634909932937090971e-01
1.357578122159042611e+00
-2.874765883333855188e-01
-4.624407645641857578e-01
7.787056830736619473e-01
-2.982436960918419810e-01
6.767569391199290685e-01
-7.744316096281137797e-03
-1.883936179631944818e-01
-6.841420664331260282e-02
-5.335705621631693651e-03
-6.350446835026571923e-01
5.352631200992281901e-02
-3.701976548845449799e-01
-4.206396110677477207e-01
-1.235172706965444456e-01
-3.681375873977151270e-01
2.344142572845384076e-01
-3.495880143239432081e-01
-2.252572136359104749e-01
3.620148237805796976e-01
4.070442821330704231e-01
-3.875941767379760816e-01
-7.425820016045640015e-01
4.135809621216165466e-01
-7.992722371449429222e-03
-6.655537564407296158e-02
-4.946722824202235413e-01
1.073531682549503596e+00
-7.159335280501284426e-01
-3.727474492191798494e-01
-2.042175817415806116e-01
-5.863298362341109460e-01
-3.846297805645044199e-01
-4.560816798844979369e-01
9.346963572594322311e-01
7.516791261713264838e-01
2.713350601712432031e-01
-4.195136749836386736e-01
9.836123987456155682e-01
5.257781192104109547e-01
1.162073762199168803e+00
6.652927363745712031e-01
5.657940816550285357e-01
7.111154641023540446e-01
4.904624710511417129e-01
3.698411445062787517e-01
-1.087767141712432384e-01
-4.842253398235518702e-01
1.255437274525212699e+00
1.217410285098118328e+00
5.029957454602065337e-01
1.043636223763107163e+00
-1.301280709891375620e-01
-8.726122335603879454e-02
7.546839633218113130e-01
5.165420037935257724e-01
-2.718603517778616502e-02
-3.604310432203098880e-01
6.551904630872076307e-01
-5.380176521466415451e-01
-7.993222578942959025e-03
-5.358665011202770057e-01
-2.461721326843664959e-01
1.083119587841230524e+00
1.250397142735710510e-01
-6.089439732976318354e-01
-5.396067451951198635e-01
7.160637128196946088e-01
-9.847219152079554616e-02
3.901772686883367980e-01
6.335312190340031124e-01
-7.701398795427648603e-01
8.641687792933243628e-01
-5.767193367104708202e-01
-1.427906756735881633e-01
3.921855595170481434e-01
6.379169894233258087e-02
-3.176989808443285157e-01
-4.577044573803038530e-01
1.159642841030626093e+00
4.964686814282944644e-02
4.426492049148097463e-01
2.733919538687386019e-01
-4.392143073674295017e-01
-3.824532888404254538e-01
-2.883529315752480504e-01
-1.995427241392955520e-01
2.461551006110580253e-01
5.988450125944435598e-01
-4.000718694757597338e-01
-7.174146449762606181e-01
9.961972927098372566e-01
-3.606472827284893934e-01
6.323843266795786677e-02
3.271862626589620571e-01
-4.214711884114649143e-01
-6.517517209270655421e-02
2.858956499449114355e-02
-3.880583976549548120e-01
-2.843423632486152819e-01
-1.870055194565108381e-01
-1.203648576937521725e-01
-2.735983407639686615e-01
-1.415108325111128496e-01
-1.465391144519281319e-01
-3.303764153278146987e-01
-5.511335268374235596e-01
6.283048949921272719e-01
-3.971789005242375992e-01
-2.063947491361127207e-01
9.964625395822646059e-02
-2.498029303332483797e-01
6.857463574363032999e-01
-5.577820981104805176e-01
1.696167500813527962e-01
-3.086336625140063683e-01
1.914510098701844854e-01
-3.756335919737575080e-01
-3.668048443774549749e-01
4.072483157565747747e-01
2.117022794752923820e-01
4.553501588638513009e-02
-4.293257939342887686e-01
-3.267193013522424194e-01
9.066787519274442930e-01
-6.294644396846149625e-01
7.370675565435887144e-02
-4.674901040340299629e-01
8.286079068833182570e-02
-3.169440242898282079e-01
-2.063967584442083225e-01
6.553006033201026481e-01
-3.015419718321519713e-02
-3.947359583433300845e-01
1.421001887537735042e-01
-6.839885378121707271e-01
1.364210361370018221e-01
-3.319451079432638729e-01
-2.603222876727072643e-01
-2.570439447836390667e-01
-1.872150033730724528e-01
1.156230630042325069e+00
7.648449264661828506e-01
-4.382438041096307080e-01
6.684472233547522624e-01
-4.882890269404692729e-01
-4.071015815634608792e-01
-5.382817921321116916e-01
5.594529627314759335e-01
9.801289657925829624e-02
5.997256786237453730e-02
-4.972412218609587042e-02
5.399495513105869587e-02
-3.611608254025066023e-01
8.787497278985656468e-01
-1.191167770577994806e-01
9.571953394777796276e-02
4.689307890824601088e-02
-7.221749877042128729e-02
-5.409922828030165887e-01
-7.664703537978750925e-02
-2.437679337147939228e-03
-2.285433864687051453e-01
-3.231600918949449897e-01
-8.100723896589827333e-02
-6.514789920227791464e-01
-7.547725809648056505e-02
-3.437748744293998571e-01
-4.131207206215685157e-01
7.798345891441044175e-01
-1.916703472334410907e-01
-6.764882614751902556e-01
1.287656153348569199e-01
-2.160056815349814807e-01
3.607512570182426215e-01
-5.868674581934509860e-01
-3.049203937527735220e-01
4.354914565511976421e-01
-4.695545817574466874e-01
-3.298676916284303817e-01
-1.327658896857613346e-01
2.619911745289711935e-01
-4.268978559465433364e-02
2.710934012131163695e-01
-4.591144041822400879e-01
-3.773130596658000324e-01
1.012544145751381075e+00
-7.006004746403782235e-02
-5.648332392680233127e-01
1.657901214416337143e-01
-6.370879421051163227e-01
-7.421916711304950010e-01
1.624661762773220719e-01
5.590108163092656346e-01
-1.173783288215270310e-01
-8.028988683023098316e-01
-3.562078673322293665e-01
6.900232529051506525e-01
4.565259165797813101e-01
2.499600357942803330e-01
4.721123955414623929e-01
1.506980393811754304e+00
-5.306010368736802096e-01
5.576343814026999551e-02
1.047495101978330290e+00
7.711173776256992352e-02
-4.686488454106620960e-01
1.941234294813513062e-01
1.269572605555895246e-02
2.001411154848087640e-02
-5.705121191724189522e-01
-2.075349469021766646e-01
-4.182119987237415959e-01
-8.106902163851060772e-01
-7.700480245236786259e-02
-8.717379290985463602e-02
-6.026461692501215994e-01
-1.012195267902202822e-01
-7.022244956736023447e-01
-5.089715795654143893e-01
3.529657855032428126e-01
2.334340744988488148e-01
-3.899849775606032409e-01
9.032450378730427776e-01
-8.961272184925274387e-02
-1.832213133769491076e-01
7.175746577325446962e-01
4.157825599246667281e-01
1.829694307378727236e-01
-5.022475573183300401e-01
6.466082833235385907e-01
-5.769064891679684948e-01
-3.578902072171664117e-01
1.196704861062787062e+00
3.846598901259182246e-01
-4.826479172130227480e-01
-2.582689585753840111e-01
5.327654245292937629e-01
4.922144647403374484e-02
-2.154941158178364236e-01
4.255100088005736580e-01
1.374290271425543386e+00
-7.312252065396935841e-01
1.773774899330538002e-01
6.771095187579868613e-01
8.159844805199121254e-01
-4.506775799945844652e-01
-2.663794071350428783e-01
-5.596256105191214081e-01
2.997549765447130032e-01
-1.909729427102841159e-01
4.887647637785966920e-02
-4.046478024460202771e-01
-4.286593273557825351e-02
4.005180972169135323e-02
8.863174149487184073e-01
1.522468409234850162e+00
-2.380186782364041020e-01
-6.132587305628847130e-01
3.194295887566638292e-01
-3.832534512887143530e-01
-1.584280108801631726e-01
-6.931198231346135108e-01
-1.946104837055370462e-01
-5.936013343431609246e-02
1.305206412199096722e+00
-4.803866536430361628e-02
2.065493171155152741e-02
-7.590113489516234768e-01
-1.414281034357731809e-02
-6.191768477861293585e-01
-3.137300607096372151e-01
1.056721617065060626e+00
1.413062638024705775e+00
3.044109005732836271e-01
7.891238758787066931e-02
-2.163076861344975441e-02
9.866606160015982396e-02
2.009599421637225658e-01
4.820060754163026928e-01
-6.975556582861393018e-01
-3.908983078513368348e-01
-3.421617702027965335e-01
-3.177059496983580811e-01
8.047795834186353137e-01
3.556687479714962241e-02
1.041006174723358102e+00
-4.681225804716749872e-01
1.893833227993799440e-01
-9.563419053794267044e-02
-7.316136029707266397e-01
-5.140307930596929031e-01
5.926283404124704779e-01
5.829229072926644939e-01
1.444691807264113746e-02
5.547511446827809722e-01
6.125654570259115861e-01
9.024257086280631501e-01
-5.512782147645849395e-01
5.360449835143821229e-01
-1.281911333310368009e-02
-4.697455275378856210e-01
1.315841626462693759e-01
-7.059589798969767571e-01
6.219161192352016254e-01
-3.152678107168103705e-01
-5.597128132673606649e-01
2.197580425015249195e-01
-2.328714196079478271e-01
-5.403984443619365141e-01
-1.587524769040264683e-01
6.451781611561163698e-01
6.818271287079771259e-01
8.363566412813696616e-01
1.364844296044001315e-01
-2.125523692755588723e-01
-5.851724885240231488e-01
3.666152551200165255e-01
4.231990396011474087e-01
4.364771644412587248e-01
-2.010841375712890955e-01
-2.724818295344110797e-01
1.017596352141042049e+00
-2.150697102024197727e-01
9.313468946533151049e-01
4.039710749444197502e-01
-4.372546588803171153e-01
1.322293860688678269e+00
-1.382291478289908726e-01
-5.350810897604548755e-01
-7.107755615761216506e-01
-6.022709061244334583e-01
6.109823297800007769e-01
-2.598649952753117609e-01
4.639778730632447279e-01
-2.599354484862008707e-01
-1.603843306843723004e-01
1.111365475942641901e+00
2.303297157260495165e-01
5.317170074404894420e-01
1.121432675643871391e-01
-6.131231739116853596e-01
4.231792111137030465e-01
-6.648864714265213527e-01
-6.982535779377734286e-01
-4.383330086256466696e-01
-4.751235685529547892e-01
-3.896013530835342742e-01
-5.623878880666898228e-01
-6.787960651401968581e-01
-1.592078059645347377e-01
1.631293100311815569e-01
-8.256262333593654690e-01
2.509169297032427526e-01
-5.931053558748469179e-01
-4.178940460227311138e-01
3.750272486737089017e-01
-6.841649503874164262e-01
2.632120501530353374e-01
-6.096655493048016572e-01
-6.809029523588375765e-01
1.124349531555537185e+00
-3.834199473574528838e-01
7.833367841410051602e-01
-9.115126572842299074e-03
7.005693170648379375e-01
-5.977646422255727954e-01
4.847392288222294315e-02
-1.165251480643580972e-01
-6.707550315250906947e-02
4.873489293298480241e-02
5.864456740438449556e-01
-5.954824598276037273e-01
-5.160322493680132017e-02
-6.579013498213657218e-01
3.250679830625556876e-01
-3.943305932212204934e-01
-1.496365749418852309e-01
-7.413994307624594340e-03
5.227467496765648702e-01
-5.386081620739684439e-01
-2.102333556388271685e-01
-4.373677310481653979e-01
-6.517443873873964844e-01
-4.064645053249795192e-01
7.956740615496870062e-01
4.289354609569069332e-01
-4.390397383401158371e-01
-6.014891475057444481e-01
-4.252284715631605705e-01
1.236469142266954035e+00
-4.401199399991276295e-01
-6.661647091415622279e-01
-1.647346365386439804e-01
-2.351421789625891268e-01
1.003829688474857339e-02
2.904049322927555465e-01
8.417647327594862672e-02
1.517423632474772743e+00
-1.599745496782865595e-01
6.903174762366459660e-01
-5.318079519961207424e-01
-5.615354138844513149e-02
-1.025851924216363981e-01
1.237091243707318711e+00
-1.062958905449961772e-01
1.040970427926539266e+00
9.394556720115556647e-01
-3.219160256295898193e-01
-7.968388069114122618e-02
-1.297122279799137190e-01
-1.498735009278577279e-01
-2.974649889436265515e-01
3.895021115427163005e-01
2.294240730172676379e-01
-5.312123775061553532e-01
-6.410514813371817611e-02
1.047639515116075698e-01
1.134505336011725651e+00
1.214535319143929648e+00
-5.410230352588384362e-01
1.411721402399606085e-01
-7.333426272652787681e-01
-2.209405683747740490e-01
-3.867372022174698776e-01
-1.730729680143859930e-02
-2.520487890997855640e-01
-4.739731932321892272e-01
1.402163943682073199e+00
-4.194381959700018148e-01
1.190877433505468930e-01
9.953676519461926442e-02
-2.614634015019793312e-01
2.133283472790320767e-01
-5.767871826907600835e-02
-1.114738441023457871e-01
3.848592359689571585e-01
1.424972297801073484e+00
6.745043475248098108e-01
-2.935453019767426674e-01
-2.341639696177536326e-02
1.070027721243210994e+00
-4.102331021102334496e-01
3.058068477917635919e-01
-6.995590755737748911e-02
-6.026034469011427586e-01
5.555519949227800680e-01
3.814506075193584422e-01
-5.484006799150605849e-01
1.147723530520716517e+00
8.597406434890594862e-02
-3.597763517920075649e-01
-3.030822323230321635e-01
1.932270256875544545e-01
-1.762386402612450831e-01
-3.793393653600449916e-02
-2.410607765047030060e-01
-3.615487380093429515e-01
-3.244628202218067803e-01
7.756440410561525889e-01
-4.494195136992263362e-01
1.241950520074934783e+00
1.548351803463059007e+00
1.082467542820978013e+00
7.891284671614032797e-01
1.071900806353145663e+00
-2.135810536084745415e-01
-6.446321256720931592e-01
-3.607846990708591939e-01
-5.465110627039676539e-01
7.612988273074791090e-01
-1.222527138678381198e-01
-6.608518092950511624e-01
1.027824254729683640e+00
3.872058079188566704e-01
-2.123051620968683106e-01
3.110572265313877871e-01
1.121442778639038629e+00
3.482506732510950997e-01
5.080813657974267983e-01
-3.544292689201284929e-01
5.222821304567591694e-02
-1.983409727030905068e-01
-5.004051522170271937e-01
-5.547804929934924134e-01
-1.682463152419313435e-01
-1.284512884671477340e-01
-5.768660656663657793e-01
-7.241857728648144477e-01
-3.719439019026672399e-01
-6.112285722416778595e-03
-3.173526285643932243e-01
-2.586793629090395341e-01
-2.906333022887366488e-02
-3.880523149330047938e-01
-4.095936025714955742e-01
1.364818706153547057e+00
-3.559882416850078668e-01
-3.699423496101882924e-01
4.919424180181504180e-01
-4.601555582720207593e-01
-5.012295423508008607e-01
-3.361308294816397479e-01
2.655744319726098188e-02
7.213143528913269487e-01
2.384775574073223769e-01
-6.244128557539271318e-01
-6.223889974065092145e-01
9.666200915528022630e-01
1.081800100193944569e+00
-5.412482110887933962e-02
1.409920758664515050e+00
-5.863713185054281185e-01
-3.978129388107691233e-01
-8.878723727933077181e-02
-7.256978432831342474e-01
-5.094787630230527276e-01
-1.242184840473078700e-01
-3.593081222359992277e-01
1.105347976305149915e+00
-1.433057257210983365e-03
5.861166580322210162e-01
-5.319856118741146389e-01
-1.985545293265696676e-01
-2.687241677510344706e-01
1.221943685832802134e-01
9.244858835769491634e-01
-5.264004683905195714e-01
-1.800754385778327027e-01
-6.792555944105906907e-01
-4.767326736302981982e-01
-5.329411952931255581e-01
4.904690931006425170e-01
6.688671453175523141e-01
-4.778962864902239760e-01
-3.743079746701363786e-01
4.846322743227030605e-01
8.909865246867784139e-01
-6.315635451507660703e-01
2.272427237000677058e-01
-5.871495410066132070e-01
-1.548187227211346717e-01
9.197658746282861841e-01
-6.752368925981483416e-01
1.039047903250324367e+00
8.191055546697778578e-02
8.700448962380440410e-01
2.382429041927714430e-01
1.492598806861802574e+00
-3.676654691676218834e-01
4.316917058202455193e-01
-3.197737139407651474e-01
7.263893225379397522e-01
2.335064732214857941e-01
-3.665276417208114812e-01
6.148673219974990639e-02
-2.870859791436362052e-01
9.901072091611777815e-01
5.366506971774731571e-02
7.782099459838276445e-02
1.496361651031065110e-01
-6.891352785431856809e-01
2.033335855399158454e-02
1.742784310886390242e-02
-7.721102107274607773e-01
-5.923329973332033260e-01
-2.189386918098103763e-01
-4.753859868041196424e-01
-3.079103684836737576e-01
-2.624960798831637021e-01
1.345940198770694263e+00
-6.862603641480681249e-01
-2.881041595211601414e-01
1.497805985244525864e-02
-3.733024417861940947e-01
6.784919550844608072e-01
-5.465511108288770847e-01
-3.228289289747928725e-01
-9.134863666981127284e-02
-3.524746841684368026e-01
1.014187316813931344e-01
-5.413994017937131531e-01
5.154001774986809448e-01
-1.144355759189919636e-02
-2.170145978686485733e-01
-5.022512159364931339e-01
-2.644655548371938614e-01
1.435585446782560171e+00
2.735215142058924909e-01
-1.013575499871138957e-01
1.401254732916993095e+00
-5.927758219001830753e-01
-6.878691189318267840e-01
4.984814574693452460e-01
-5.505751078659630871e-01
2.025898907636445867e-01
-1.715415890204584626e-01
4.314997540191447545e-01
-4.074494607429069992e-01
1.023707973522477305e-01
4.467171807559535135e-01
-3.230427188075982170e-01
-9.253711114052969033e-02
-3.508539784062531530e-01
2.552681560762335433e-01
-1.279246680342280285e-01
5.274528909821858402e-01
-7.044634036365993168e-01
-6.157461194702438245e-01
-7.689449298240151887e-01
5.653103535706469618e-01
5.362697828900188091e-01
-6.506150690484784338e-01
-5.752282001223589791e-01
2.729763212752154278e-01
3.444483389689599884e-01
3.164342212184316216e-01
-6.087227012790241698e-01
7.254818820281206948e-01
-8.164059376169104931e-01
-5.204625449380757482e-03
-1.083005999502634348e-01
6.525407831919610019e-03
9.026390208910302360e-02
-5.352035533609602602e-01
2.706704961826873479e-01
-3.260940180550238043e-01
9.507708762604669683e-01
8.826379451968477050e-03
-4.605512323760159177e-01
-5.103428321675379520e-01
8.099742582129425550e-01
-4.097454115646865791e-01
7.640653931334115967e-01
-2.667328892688625719e-01
-2.400132894149826501e-01
-2.716334688914265327e-01
6.067919069088012485e-01
-2.617893671302828351e-01
-7.868011345205374596e-01
-6.320251940348327047e-01
-6.390655720630210590e-01
1.221711199466413822e+00
1.189911195516745179e+00
1.615444232127497826e-01
-1.882655358480665453e-01
-3.267776680917200416e-01
-4.040317792468119951e-01
-3.786761661697000680e-01
-6.557252927104529894e-01
2.073542850634207124e-01
-2.579657266432265894e-01
-4.055468928900103909e-01
-4.853760913222814333e-01
8.306686456230031323e-01
-6.659948310748824429e-01
-4.995450922316950482e-02
2.323714722038738856e-01
3.089619705357202206e-01
5.173865800629674078e-02
-2.894144514839115390e-01
1.250104524528047878e-01
-8.668697588448508184e-02
5.655994856976604979e-01
3.541345653292557460e-01
-1.284612596411796037e-01
1.687328281061456769e-01
4.993220972384969092e-01
1.442396232589430172e+00
-3.720206399166551825e-01
1.338369385740943551e+00
-6.938701408833773954e-01
3.581732922795703017e-02
-1.498643846158426163e-01
-2.427138692866819547e-01
-4.193333804941467569e-01
8.286999583000662639e-01
5.854552438940056891e-02
-4.371722088628831465e-02
-6.366610818190046039e-01
-6.356133858684628879e-02
-6.276803731582184520e-01
-2.919773258660122162e-01
2.011397802079194219e-01
9.330200800945178674e-01
1.211465243799789038e+00
-7.620811921440048264e-01
-2.739016212687662120e-03
8.322841001951641893e-01
4.604443765194292104e-01
-1.674976722456752998e-01
-6.147563412797505400e-01
8.743434507334165717e-01
8.216208640556597054e-01
-4.966245794029541805e-01
7.027704213513727982e-01
-1.423521458915747162e-01
8.046128613492998793e-01
-7.249154059417803331e-02
-6.818535640711604895e-01
-2.508742405917575580e-01
1.243831224357182762e-02
-7.469257442111398859e-02
-2.323426680732747496e-01
6.431118209000281638e-01
1.644789041260149021e-01
-1.360431550701715619e-01
-3.981571317064235283e-01
2.183984219972126897e-02
8.526139435231001595e-01
1.357264516977534918e-01
-7.170107132551930551e-01
1.500138782730939258e-01
9.625872933623240701e-01
3.016096145994957012e-01
4.800936221320523667e-01
-3.182757568700371187e-01
-1.890687381785639276e-01
5.213935298326998202e-01
-4.511869758912024353e-01
1.938091527213268439e-01
1.294085749958734932e-01
1.414412931597974765e+00
-3.398690132169279732e-01
-4.702936346778606724e-01
1.321736591936743865e+00
-1.121601615007554453e-01
1.100848002562793804e+00
3.704489054167532658e-02
-5.982054278737659603e-01
-7.570434125698520811e-01
-6.930227190713212915e-01
-1.747770611194537638e-01
-4.196790491236130349e-01
-5.691687675489786047e-01
-1.350005403598008302e-01
-2.664079133357218909e-01
-2.046738767885213431e-02
-2.150831925037025583e-01
1.172451030214112233e-01
2.494912945981760943e-01
2.061405341404031477e-01
3.702047009490176399e-01
8.073625702387980940e-01
1.691067613370273170e-01
4.067508603456732041e-01
-4.558900560507688215e-01
-6.980074789395160906e-01
8.142355837969716612e-03
2.588296275257527257e-01
-1.762632507159009321e-01
-5.028038978017441707e-01
3.821900341547546098e-01
-4.245721318380619308e-02
-5.450360127350172279e-01
-2.800376976744573532e-01
6.273403320240569236e-01
5.823746435318465364e-01
-1.737415323360763930e-01
2.382683067583506870e-02
-6.272420718602948753e-02
-6.185987078320130950e-01
-4.426086160175071171e-01
-7.582806601503792043e-01
1.131991034778417338e-01
-1.855762575428910321e-01
9.927177128216653490e-02
9.608361390607415009e-01
-3.972989248195722967e-01
-2.821218308313419576e-01
5.709371014641210218e-01
2.731974669362537966e-01
1.333201735528708909e+00
-5.257365649202340174e-01
-4.781471849072476132e-01
4.126460948107509852e-01
3.245450273117316264e-01
-2.343090748351533137e-01
-3.975376060995116090e-01
-2.681818897511544231e-01
-2.888197198773703733e-01
6.321538048779585806e-01
-7.056647678359252440e-01
-2.677048750579497649e-01
1.060074640051337086e-01
7.407772865321955447e-01
-1.303997211999844419e-01
1.201565464977376818e+00
3.531073933455372571e-01
-1.536820453245774099e-01
-2.558594439076111171e-01
1.431074632151688175e-01
-5.600422538346949697e-01
7.385392390504316174e-01
1.019118202244535309e+00
-1.308552042077920086e-01
1.210353135563243754e+00
-7.921816347090210320e-02
-2.171645719072028691e-01
-3.202055580056828998e-01
-9.080727102249938620e-02
1.269193007706939991e+00
-7.916178943168256099e-02
-3.706112139071362499e-01
1.354157071559640269e+00
-4.340313228351692088e-01
5.155410533682264901e-02
1.052781617481933329e+00
-4.544489052216432734e-01
-2.521439966238095964e-01
-5.130281271210527239e-01
-6.720868877530750130e-01
5.953330148422473211e-01
-5.364573173633864211e-01
-9.339111246536194177e-02
1.142699777876513417e-01
2.155910295742673455e-01
-4.037375664786507778e-02
-2.352874877436688661e-01
-5.674215864746334770e-01
5.795634723270401967e-01
-8.242033740987665669e-02
-5.780498945619900741e-01
-5.625122138760620949e-01
-2.757366205873289511e-01
3.292676226606547907e-01
4.290847049515130185e-01
1.352574526168149327e-01
1.140808535130020118e-01
6.444964903228446174e-01
-4.510441625091848317e-01
-1.543068909002053013e-01
-2.757274952738502094e-01
-6.346273344406417882e-01
5.395830054381219876e-01
7.805153157004711684e-01
8.974520559671406161e-01
-7.868491751149799818e-01
-4.633832262099539245e-01
7.924799717933219689e-01
-6.816340876344842981e-01
-4.403340830251197269e-01
-6.603844676006517256e-01
1.417850568524468891e+00
2.441580860360377525e-01
-4.094122169315149162e-01
-5.087555846592005659e-01
9.427023919147427267e-02
-9.986564111335016758e-02
-2.644872797587174418e-01
-6.041999541046261246e-01
-4.403451861745647650e-02
-3.032872589576007250e-01
-3.302056421190096569e-01
-2.679889217773607779e-01
1.513776557541732515e-01
-1.402354863029166010e-01
-6.156240787003212089e-01
1.136487521974336223e+00
7.356798042487049383e-01
-9.657385784563385367e-02
-1.360680322560941236e-01
-2.849854025154684445e-01
1.041977229620703937e+00
1.332920335004055823e-01
-6.018726253318302799e-01
-2.513666602204530642e-01
-3.717766850639248055e-01
2.201035563083445223e-01
-2.762899491627958115e-01
8.947152840319530509e-02
7.504196735898432946e-01
-1.622354907652825140e-01
-3.348053842302674554e-01
-2.303955278210847654e-02
4.769468519715360788e-01
1.209197411873232486e+00
-5.998618562297034496e-01
-1.782205845463301908e-01
-6.230098630817672289e-02
9.620937914657430590e-02
3.169206624676856321e-01
1.465153437795384261e-01
1.281022831974747866e+00
-9.620537881246517264e-02
-3.705605063486216433e-01
-4.777493484077520447e-02
9.199217560567984897e-01
-4.744712100039863434e-01
-3.288171141167326450e-01
-4.211342710573195425e-01
2.023722948827927637e-01
-3.346849651231262324e-01
-8.137447347065479564e-01
8.729469993439628595e-02
2.456257020499256483e-01
1.414988545216003257e-01
1.541527032655524154e-01
6.426090853353323418e-01
-2.632370944752046929e-02
-4.091387940128712875e-01
1.293330849483067535e+00
-2.867070533145685274e-01
1.432112461505020029e+00
1.523323533886010994e-01
7.361969771498402260e-01
-4.645073771248572347e-01
-2.706916507585442888e-01
-5.595462890525972899e-01
-9.042695764458867635e-02
-5.354859319097430292e-01
-3.299696861393734415e-01
3.341465634208386493e-01
6.914598390757434876e-01
-7.013800478749027123e-01
5.326249087017267438e-03
9.835106371171571382e-01
1.458683807181711534e-01
1.141104436981181941e-01
1.021888391086014591e+00
-3.003117356010180372e-01
-4.532174617212531009e-01
7.654062055746163606e-01
1.123737654258018193e+00
4.327622826707951398e-01
-5.573379543158399896e-01
-7.980915372487377146e-01
-4.246728502643885572e-01
4.865334224119477469e-02
4.406813254823779280e-01
2.617442358085521059e-01
-1.807025222202156833e-01
-2.669119046577180243e-01
-2.803557092241185794e-02
-4.706011027605168373e-02
8.521203590555169738e-01
-9.173359252537616193e-02
2.058578744171351560e-01
-6.836760838403730389e-01
-2.627352536712264652e-01
-6.955004562913623678e-01
1.135077599212526378e+00
-2.899671810317638876e-01
9.093591254406009350e-01
-7.237353787427649454e-01
-8.314656756148937344e-02
-2.942890667955069262e-01
4.181692358032381707e-01
-7.246668750822963245e-01
-4.141551219762497071e-01
7.129362763074008347e-02
-2.895843532108751672e-01
-1.696807367849272608e-01
7.080382330263630675e-02
-3.299456744541564013e-01
1.150039945869748698e-01
6.454862293276462104e-01
-2.453482895000229647e-01
-4.609751422911105290e-01
-1.014578706199707608e-01
6.589569281022779057e-01
-1.942045543875381974e-01
-2.903237655800692263e-01
1.013176744130039886e+00
-3.702090019554551414e-01
-4.669351037571997654e-01
8.017993096018495303e-01
-4.243504980093724260e-02
-1.533045615112696713e-01
4.106203277343167257e-01
-5.650912236428490276e-01
-2.227663599332344591e-01
-3.457019758977110113e-01
3.825906036517859876e-01
-4.160135473829701391e-01
-1.234632715312165285e-01
-2.311973161420132206e-01
-3.803446492959482450e-01
-4.484284561867257213e-01
-4.563856031954521275e-01
1.102378684213531246e+00
4.581441077576897669e-01
-4.126465651103393695e-01
1.189734211173921530e+00
-4.932457520173809118e-01
1.321292977256004197e-01
-8.284159000438619247e-02
9.439349016830200778e-01
2.962475273978993351e-01
3.788276182506078449e-01
-1.972406357247686592e-01
-1.389333338702863907e-01
3.837714462075798028e-01
6.130148828540964157e-02
4.974905911178640339e-01
7.404120308859734045e-01
-3.099692939489758214e-01
-1.907808921951824610e-01
-4.950749275649606873e-01
-3.262375592790524581e-01
-1.908368589707992724e-01
7.829644675501262752e-01
-5.249504711444599181e-01
7.482235846770078913e-01
8.202060161270314786e-01
-3.375604444981074037e-01
-2.472958827673594484e-01
1.703402833452606902e-01
-1.737233613235011215e-02
9.732781113471818124e-02
-3.342108033395459477e-01
1.066004913020540457e+00
-2.168540466898506713e-01
-9.251305244779400860e-01
-4.214673898794016327e-01
-5.751625547627267077e-01
5.440363514777522835e-02
1.314802689006282055e+00
1.746940035364470956e-01
-1.763109234803107717e-01
-9.851818092872483001e-02
1.524727523978471888e+00
3.193926937877671346e-01
-4.696610580221977638e-01
9.850805028406798280e-01
7.134817882921144772e-02
-4.114235336811344901e-01
-2.487698931055052631e-01
-4.006329188734084057e-01
4.267258876189583550e-01
-6.799865573302860122e-01
8.974807994100441055e-01
3.554262185357608961e-01
2.175454405002681113e-01
-8.637631758652379865e-01
-6.126446530726115114e-01
1.252127657196190569e+00
-8.048176691327819654e-01
1.125051399534538143e+00
4.222429291799086881e-01
7.268811709162566193e-02
2.397434126961577872e-01
6.624700328495436441e-01
3.382062203767711717e-01
-2.604847519357056940e-01
-3.446228957353739686e-01
1.034337248159205247e+00
-5.483317023923963696e-01
-5.071652839498589360e-01
-3.494075426850677402e-01
1.941322311122715971e-01
-8.361184241451503907e-02
3.319131575799027511e-01
1.699917735955623621e-01
3.216769537380516630e-01
-4.049357593249788834e-01
-2.570753936464246214e-01
-6.319842600752196837e-01
-7.578827149538260866e-01
1.216949552595269601e+00
-6.787376566462757221e-01
-3.499474663331469948e-01
1.037053622289263038e-01
7.951080443383344576e-02
-2.066564420355039289e-01
-3.466030979204839935e-01
-3.364023135855794822e-01
-6.126598561975358237e-01
-1.614145082483681437e-01
-5.624306470739878216e-01
2.330304061951219974e-01
-5.260424797414499538e-03
-5.305599527137838667e-01
-2.415123641628984241e-02
2.963069534675394356e-01
4.534794099243885657e-01
-3.106290171901411878e-01
1.575674706255253132e-01
1.642568969494148934e-01
1.122372397970406777e+00
2.123869662287064530e-01
4.362633969730697614e-01
-5.838656223501189624e-01
6.330788499411502124e-02
-1.909305261738370729e-01
-3.018561319840518120e-02
-3.353252784334298520e-01
-5.195904700000817389e-01
2.792010835310803629e-01
8.325244216004349385e-01
2.493345791560682423e-01
4.917458705360549381e-02
5.746190973908934518e-01
6.296929217049435090e-02
2.229102224987044023e-01
4.820830350804992115e-01
-5.178157807623878783e-01
-4.433578757172806917e-02
3.269200591041179771e-01
-4.021488106517696615e-01
-2.149652297891829766e-01
-1.153889468667784225e-02
-3.775537192851609047e-01
1.161854137816274446e-01
-5.896521428889666128e-01
-1.344781814639706974e-01
-5.867833225828904542e-01
5.153829556359887931e-01
-1.498128755770630760e-01
-7.001220911971777205e-01
-3.975674115440608891e-01
-7.152851912412145907e-01
-3.521693173468603555e-01
3.521103937762715130e-01
6.468300324100947907e-02
-3.971826052520505690e-01
2.026123727477307512e-01
-3.647171526497062222e-01
3.521645953584585098e-01
-1.890679653534859672e-01
-2.298729872977414712e-01
-1.965182343943502538e-02
1.063524060820982164e+00
-3.918366526762280255e-01
-3.094445791673323121e-01
-2.138050995646146590e-01
-3.078782966518214120e-02
-3.710655799040394331e-01
-1.963105849115075185e-01
-3.794450328239917236e-01
-6.524795280334563241e-01
-1.601747536642532388e-01
-3.266629903000609070e-01
8.123141379801709361e-01
-6.356332392874970427e-01
9.804910810135044619e-01
7.784516221822993520e-01
4.592500468086051918e-02
-2.748888639007728840e-01
-1.351036768865850890e-01
1.297154567416471282e+00
-5.823633894162983937e-01
9.556783023547779088e-01
-5.161778293814555524e-02
-4.306887188311299686e-01
-4.619903004273893665e-01
-3.159888406649544734e-01
-2.466396796089053989e-01
8.364003150262352415e-01
6.005755902245183409e-01
-5.200708909156901427e-01
-1.595432617704170275e-01
-6.088973019088678162e-01
-3.052567956424338813e-02
-1.063707313886488037e-01
-1.659871157419171295e-01
-2.730532092009003153e-01
9.024770596437523551e-01
-3.111663489221430101e-01
3.425317682350714071e-02
-7.611245560447880143e-01
8.759430293431194614e-02
1.909043116488723033e-02
-2.870705004182526610e-01
-2.579968235282375510e-01
-4.665762413920168106e-01
-2.360545212026095019e-01
-3.783840860142934637e-01
-2.327676575474729379e-02
-2.427375111288126996e-01
4.876644401148660379e-01
4.093935380293470955e-02
3.302769966034671545e-01
5.925158217336061739e-01
8.666602737217665720e-01
4.446034522483118812e-01
1.344148299367994515e+00
9.521834122078989826e-02
-1.917052011177113324e-01
4.397698644313641214e-02
-4.003859402070377160e-01
-6.754207689025358841e-01
-4.270105646886745987e-01
-2.316767534709104903e-01
1.259956757400066518e+00
-3.778750514587861375e-01
9.108105113236310002e-01
-3.202867370073315123e-01
1.466444348320467883e+00
3.291572427683582824e-01
1.715364724223326096e-03
-6.347409838232832557e-01
-2.674680663174157647e-01
-1.041463294568804598e-01
2.899110350626594723e-01
9.665970410574283855e-01
8.863705640147562237e-01
-3.240759483418443332e-01
-7.301245105705518601e-02
-6.927189377564604289e-01
-2.508506550868175866e-01
3.725569879830834541e-01
-4.352311312876405158e-01
1.201772773675694017e+00
1.391214767525006391e-01
4.355578763835178391e-01
-2.824078456958112882e-01
-2.924404743863576739e-01
4.386839946049714278e-01
-1.913839354091596834e-01
-2.890224607668116508e-01
8.008541334638993314e-01
-1.105607801724260014e-01
-1.260563560323387233e-01
-7.024165673020646428e-02
8.075494656545058048e-01
-2.865358756581106170e-01
1.101486952790385471e-01
-1.804863236906643909e-01
2.679408620719799239e-01
-6.657710824729538845e-02
9.843502282629704864e-03
2.717358193951514567e-01
1.865983461909991314e-01
8.792741261388127283e-01
-3.915172849559279133e-01
-6.481449325345614021e-01
3.535136528937569689e-01
-2.949798306806972192e-01
5.561681574732734168e-01
-2.911246694937958401e-01
2.636275759847182543e-01
5.323377870084994301e-01
2.622894073042568094e-02
2.448898036658900268e-02
-3.765284217571626679e-01
1.516754361281564600e+00
-8.459510049229764742e-04
-1.154857696885212281e-01
3.230464289496644964e-02
8.840952827170785178e-02
2.762724646067920009e-01
2.600116359935999988e-01
-2.994101677817246898e-01
1.089112362328529482e+00
9.120399704183865808e-01
-4.179031897500967707e-01
-5.409013125358199670e-01
3.427315048295808686e-01
2.988783627852931724e-01
-6.132478369703055947e-04
1.634493254815621577e-01
1.095283291160865508e-01
-4.138801269255507065e-01
-1.635530515258206141e-01
1.153408816547929067e-01
-2.351389353261887361e-01
-3.605481231948504117e-02
1.723039977368766573e-01
-2.967844629633415443e-01
-4.461585586519412616e-01
4.985963082476611574e-01
1.157844407262847430e-01
3.411173727451435878e-01
-6.252370138464573568e-01
-5.872558737092409276e-01
4.616963698267701477e-01
-6.682750285802560031e-01
-3.635047687950495598e-01
-3.603752507525370130e-01
-5.673627040624519280e-01
7.409761538964877436e-01
1.739998681442106732e-01
-1.162122643331631733e-01
-2.575409249134869571e-01
-2.251247665320714464e-01
-5.848698357693459665e-02
9.950554596882478231e-01
1.465408014890225097e+00
2.829289225010952480e-01
-2.297640753206927899e-01
1.347848903472936177e+00
-4.883058339489761979e-01
1.130405539462953746e+00
5.555816863330365063e-01
4.275372889084471661e-01
-2.877891394341748899e-01
-7.157543395863111835e-01
-2.240304782792730820e-01
-6.131430638851047554e-01
-4.569192417510350296e-02
4.427088891678835902e-01
-6.998625137213401182e-01
-1.660634132528938101e-01
-1.840363112750658670e-01
5.515645768601092902e-01
-6.895050508558639990e-01
-1.730762474403412243e-01
-2.409017298729065060e-01
-3.766963782924079851e-01
-5.141704767732910852e-01
-2.946921034804532158e-01
6.331168131476537786e-01
1.244440311727115639e-01
2.909337242145535463e-01
5.198381396335154808e-02
2.080562345934471591e-01
-4.901994376828307520e-01
-3.415702371184248243e-01
1.156541067872764783e+00
-2.607827994046321707e-01
-4.326708469048909933e-01
-5.917003391149945335e-01
1.481743769674837563e-01
-1.485819745411797177e-01
-5.786196001252091187e-02
-4.400456630852756512e-01
5.139166028316153323e-01
3.926237368906859149e-01
-6.781675712185691873e-01
-4.921183093015044085e-02
-2.252047265300477774e-01
-1.889475860980458222e-01
-1.249838102264474449e-01
9.359835888846298468e-01
1.352752694748790896e+00
6.884768384767362415e-01
2.303492795308091368e-01
-3.647095431287724066e-01
5.570348422811036704e-01
-3.718848410082100653e-01
1.315286478287028604e+00
6.177375610825941443e-02
-8.745351583552715136e-01
-5.918413542542595440e-01
-4.287209995298675302e-01
-2.800962488475486345e-01
1.140644139365784682e+00
-3.159845221388137282e-01
-5.580050657511050893e-01
3.499236990607300091e-01
-6.486005266391532409e-01
-3.506861243986698629e-01
1.447337978734875907e+00
1.265073760148389237e+00
1.550397165996173499e-01
1.000086599603256632e+00
-2.832217227006663118e-01
1.253571908178815475e+00
-6.024758879266127742e-01
5.126429940590080392e-01
8.704361045475209613e-01
-3.954492943688733830e-01
-8.092169250546065173e-01
9.590537768532085838e-01
-4.446592819415509101e-01
2.737893223236826379e-01
-5.070905273163867077e-01
-3.601575635011512455e-01
4.537953489442924093e-01
-2.053212280002822757e-02
1.034332174045879071e+00
-1.717905079737881702e-01
-5.279016958687733352e-01
-1.989717366327689585e-01
4.793899416520857604e-01
-4.201578814257023731e-01
-5.029008618899803995e-01
3.232756747098799455e-01
4.803249070479630456e-01
-2.411836541509763954e-01
-3.656648815289783028e-01
8.646141259928611170e-03
1.265011789926006935e+00
3.104835409869146634e-01
-2.066737767315043328e-01
-4.755519901777155445e-01
4.111338203763501009e-01
-2.965623502931772348e-01
-6.931759191089487127e-01
-1.983138664847119981e-01
1.374840600038859995e+00
-6.288695762698495173e-01
-2.172089248022678609e-01
-4.035073889654023915e-01
-4.304847442146516046e-01
-4.814741243613610000e-01
-6.696044347516824091e-01
-3.219195496182168936e-01
1.078788414127653361e+00
-2.589971396953333338e-01
-2.298319641205548436e-01
-4.786032958909576807e-01
-1.935658652094416343e-01
-5.491649934377841324e-01
-1.436524987933508191e-01
-6.914042720624256066e-01
1.438454197659764233e-01
-3.165840977292450065e-01
6.462617905499812299e-01
6.408830498226962824e-01
4.210140845595049253e-02
-4.121586925359927989e-01
-5.035747922892579442e-01
-4.560328453536899862e-01
2.825217762833814872e-01
4.242994382876988935e-01
-1.740708337432238240e-01
-1.888728878420488921e-01
1.124755515961834762e+00
4.946961452216945276e-01
-5.874840201926125882e-01
-4.024590485307649734e-01
-4.982370086090006089e-01
-3.396034514678695770e-01
-1.145637621439556941e-01
-3.486371480858092009e-01
1.506969644995065100e-03
-5.556335539212358121e-01
-7.468074806999694393e-02
3.390281363721567853e-01
-9.951374708580566775e-02
-1.619156706435441739e-01
-2.415783636458935513e-01
-3.747970512155342493e-01
-4.280677919841675561e-01
-7.590326288341058165e-03
5.748486806366289725e-01
2.249734882885763218e-02
3.361638398905055225e-01
-1.493736045968087345e-01
4.074693342466507717e-01
8.222060761156479991e-01
-7.502143673715446770e-01
6.128578968328688426e-01
-5.442780963927611459e-01
1.212750584297359824e+00
-1.907044139924604920e-01
3.967647705065524555e-02
4.418189844176018122e-01
-3.320826896143974083e-01
2.682301546028366124e-01
3.955560743096507292e-01
-1.356936933744287699e-01
1.108528955453909504e+00
-3.552394185044800423e-01
6.793221127287039085e-01
-5.162813976827536067e-01
7.883027063501483189e-01
1.256515564335587976e-01
2.518562464084896368e-01
-4.906047680756889795e-01
-6.586189793748478682e-02
7.378710190799007973e-02
1.264526555524860506e-02
-9.924872083959451752e-02
-2.640492007333288815e-01
-5.017145043519891656e-01
-2.890691397629923665e-01
-4.976165099958550497e-01
-5.067387894231371037e-01
6.102097276835397599e-01
4.368346476263618161e-01
-4.873147160075166906e-02
-5.586007170533463517e-01
-3.132832422088674407e-01
1.958108768386504217e-01
-7.527753925294293769e-01
1.596538886946919159e-02
8.659325103296952042e-01
3.910871209978260543e-01
5.020497469416097536e-01
-4.873740408674024360e-01
1.477426110223835631e-01
1.598625697610596696e-01
-1.094211534245060208e-01
3.565510329382747812e-01
-2.654815706277935394e-01
8.037037204086173725e-01
-5.919897810443962571e-01
3.584873050754472934e-01
7.640594980798680238e-04
-2.131579393489111199e-02
6.580827732234599825e-01
-5.226188283007115239e-04
-2.419540497807257662e-01
-4.705913799905251937e-01
-6.773185391381967291e-01
-2.010333428964886371e-01
2.760444932956386266e-01
-2.218975375858453780e-01
-5.102279445450057516e-01
-8.138030475748835382e-03
3.317356113190026989e-01
1.459751527564143725e+00
3.256951465401035084e-01
5.691911143076124890e-01
-2.207329314571935836e-03
8.402384975609166196e-01
3.485791160521396481e-01
-6.051494831308472655e-01
-1.596400723884535688e-01
5.792240564903162747e-01
6.629661125787633669e-01
-3.460619714543195502e-01
9.148709693258928466e-01
-2.493260184319207873e-01
-3.803885450705098425e-01
3.901284435762274461e-01
5.820078038756362204e-01
2.957467968879715636e-01
-6.319231359461349173e-01
-2.883843776008768178e-01
-2.064488817448342783e-01
1.270713766888388552e+00
-4.247460065756647474e-01
8.186846971767313130e-01
-6.748003083554042769e-01
-6.316858411536592222e-01
-2.401384992333381041e-01
2.842780485284466252e-01
-3.755344952508125056e-01
1.417647940324056610e-01
-4.307848126291973778e-01
-4.937568052044648548e-01
-4.354939557863137245e-01
-2.962435782399686079e-01
2.710200132572136988e-01
1.082342759295100931e+00
-5.060082529950510333e-01
3.782860186192405633e-02
-3.539991714992170579e-01
-5.110090841244071536e-01
-2.737068996368433038e-01
-7.778018966326601114e-02
1.468340985702164259e-01
2.235720751609125145e-01
-2.500204811711866787e-02
3.144432615329212366e-02
-4.103607678254879154e-01
-4.193641657310281240e-02
-3.526431370395941567e-01
7.599182581059868991e-01
5.491733020610516103e-02
4.507808720247481055e-02
2.515015253851476396e-01
-2.216661132532563860e-01
8.281989876248226912e-01
-5.517340384569807687e-01
-1.637980633988390944e-01
-6.246295287723195866e-01
2.781900005331388107e-02
-3.567637204866839773e-01
-6.836116378494553336e-01
-1.330356996957003379e-01
-6.989296556149172668e-01
-7.926272305759923809e-02
1.551380072132170496e-01
5.175114420101597501e-01
-6.510924825813181327e-01
1.840060771397425410e-01
1.131557090174102054e-01
2.492365753847278487e-01
-7.515534215582755362e-01
-8.366650255063892705e-02
1.099896835226026187e-01
-4.736818918047873694e-01
1.770379683314425578e-01
1.014929653093310374e-01
-4.955477739756498634e-01
7.912852191245417499e-01
-4.025687843958855594e-02
1.466448113719717394e+00
1.279027942596653977e+00
-5.123905573065081764e-01
-4.929903629808941590e-01
1.825645611736475549e-01
-1.366579320665430308e-01
-2.261630580928981060e-01
-1.099006547687594957e-03
-5.604113756954417491e-01
-3.436108634115378480e-01
-3.937120238878670242e-01
-6.811968703860914465e-01
-1.497309654757377761e-01
1.412322402625758810e+00
-2.897471914265238313e-01
-2.657107237530357269e-01
-3.764559728485831203e-01
2.431649028175891791e-01
6.003423898128649183e-01
-4.663907314991888042e-01
-4.120430496797095055e-01
6.768382597889307517e-01
-5.222252653137383627e-01
7.865903617059731845e-01
4.227934731540453628e-01
2.813524378463618247e-01
1.809530529034513724e-01
2.691118436093460908e-01
-3.033569048829564546e-02
1.295352603298792760e+00
8.637950606029779488e-01
-1.873770206818688444e-01
-2.234478576310409692e-01
7.070353898454366515e-02
-3.218169260360400075e-01
-1.207803416720028833e-01
1.134476551413358347e+00
2.129004528007562291e-01
-6.616300680902135189e-01
4.922009034854758491e-01
1.462725225732355749e+00
1.388001509708595704e-01
-6.628198050732160562e-02
2.294909836684093929e-01
4.662951644802978968e-01
7.573677668619521741e-01
-4.530653685630693928e-01
5.607125425937873331e-01
1.151764837415526710e+00
4.872469063482533225e-02
-5.705339039792160782e-02
8.181174516401548136e-01
-5.712823742827365103e-02
-5.516546776716303446e-01
-1.880428095977973793e-02
3.502943044743747070e-01
5.199816742944294301e-01
4.219093481650507682e-01
-1.412909716721705011e-01
-1.019739660697669970e-01
2.187232114385591064e-01
1.096932303324210829e-02
-6.188276214568687594e-01
3.928047745249383382e-01
1.365170966762411453e+00
-4.060789074275465427e-01
1.318931560093704047e-01
2.606479378991804347e-02
-2.078789887207226350e-01
4.821311178921250939e-01
-6.388178163447280067e-01
-6.692819123122351055e-02
9.188047013047661027e-01
-7.284508818982373679e-01
-4.163194809225725379e-01
1.712233647666186465e-02
6.733483387425435174e-01
2.515728237187530580e-01
-3.444562607327909115e-02
-4.957861477892491209e-01
-6.266545433410249943e-01
7.372128600383606734e-02
-4.560605223141579456e-01
-2.961910768042072539e-01
5.256131138885744569e-01
-6.302905670437928265e-01
-3.240656988957956730e-01
-4.405627934172243743e-01
2.789945673447241092e-01
9.420582510733133130e-01
-1.668183201393915183e-01
-4.868798808496508923e-01
-1.095627013300406738e-01
4.049430575164750801e-01
2.249586845519905287e-01
1.382785164221051258e-02
-4.132329748109209722e-01
-4.804914178977666150e-01
7.133930973045190527e-01
-9.957158250768537167e-02
5.734522140447666505e-01
-2.056678483897686482e-01
-2.290705027448292908e-01
3.379034201357835471e-02
9.296238054917568827e-02
-3.861270565982911074e-01
-6.959394310051212340e-01
-3.783253828390300555e-01
-1.059834627508644683e-01
8.856446369587328560e-01
-2.228994367012405720e-01
4.816214572400774330e-01
9.085768095231435693e-01
-4.501579987022221174e-01
-3.437061014843232898e-01
-1.916890301950520126e-01
5.099492942689524133e-01
-2.053240498563659727e-02
-4.529384284453322196e-01
3.987377094677503342e-01
-1.051606781313742106e-01
3.053430156068051571e-01
1.470886379623279894e-01
-2.767278150960708269e-02
2.815526999173041944e-01
2.596225279385497298e-01
8.476787579001485717e-01
-1.215694094316192020e-01
-4.306880419543068217e-01
1.325504635346694160e+00
9.138955524579505107e-01
-1.407327900899973394e-01
-5.069938656347515726e-01
-4.005207324685125525e-01
-6.015186108707794022e-01
8.299127262270447614e-02
1.407189266596726274e+00
-5.761033949358460582e-01
-3.877498203443397462e-01
-2.413416209962461478e-02
8.021121574387621300e-02
-2.763176532433755939e-01
9.227147356637878384e-02
5.484625986213014226e-01
-2.230634647349074018e-01
1.078666248184578125e+00
-1.480882071612061313e-01
-5.183912417387985527e-02
-2.513018608013022903e-01
-1.676941766520858024e-01
1.404751465626773721e-01
-7.108792850849723344e-01
3.864789049703081236e-01
2.714721651946535030e-01
1.224777093980965903e+00
-2.168215518842710188e-01
1.124781595409890533e+00
-1.641860461176568864e-01
-4.980945112788948137e-01
4.581506877724655230e-02
-1.301650074316005601e-01
-4.494704359530017901e-01
-7.964471706049830457e-02
-4.858526467935188609e-01
7.281966585807442272e-01
4.908081072546903734e-01
-2.438362243855821676e-01
2.834100897643719863e-01
1.579771134773948760e-01
2.569807633430146732e-01
2.681646520283260116e-01
-6.134775947030518539e-02
5.179510203154403802e-01
-3.659116274299115124e-01
3.610103387410670828e-01
-2.856051781168816306e-01
-6.366471178217544269e-01
-5.387211989775131382e-01
4.746044844945456198e-01
5.910442391272553442e-01
-5.477567667228125936e-01
2.601409236129393898e-01
3.469943675300565245e-01
3.853965953955179047e-01
-7.211249595845398153e-01
4.205821782780646556e-01
-3.368184402780647901e-01
7.916589226303049065e-01
1.353145268222321729e+00
-3.188303221576253843e-02
-2.361174409381611994e-01
2.773522607977939591e-01
-6.188238669461327418e-02
-3.346239790947062587e-01
-8.949283281979608651e-02
3.406973449771283358e-01
2.967280241794945789e-02
9.835133245793379331e-01
-7.024420623313577527e-01
-5.983461657360436003e-01
8.406416457828934652e-01
-1.813374344503626279e-01
1.201095458118565246e-01
-1.108371317583860677e-01
-2.207233055721093129e-01
8.627918321557552783e-01
-1.690696832674365158e-01
3.668615515520220471e-01
-1.978515970494407195e-01
-6.343178849605802805e-01
-1.938893148984621451e-01
1.435043273964970167e-01
-1.494124268441750225e-01
-2.700463178864163649e-01
1.682028951236398395e-01
6.156147621886105537e-01
1.190840971989149288e+00
7.969975655987110441e-01
-2.649061139257428144e-01
2.094121965269636343e-01
-1.376591106954016819e-01
4.988185652078287458e-01
7.076403881008084262e-01
-2.477656462369477730e-01
-8.509724547132858918e-02
-1.919368394989559301e-01
5.947273218921114157e-01
-8.004796908793119226e-01
1.386230203857158561e+00
5.589168898788159368e-01
-2.496625332200113831e-02
5.185867318840344797e-01
1.431197775923521265e+00
2.433230087901153693e-01
5.849336330669280271e-01
9.724247721445543613e-01
-1.283420443694682778e-01
-3.089990884816897765e-01
-2.118037252673730664e-01
1.863124373800227052e-01
1.057637161312403373e+00
1.400860081480717723e+00
5.254817062552218365e-01
4.493993845197710169e-01
-5.152001478970418269e-01
-3.668577781072673294e-01
-1.759879431863414223e-01
8.417923719986536435e-01
4.073562764032035433e-01
-8.125014226113462801e-01
-4.176338481033905481e-01
-6.161229882411195513e-01
-5.386857410949412728e-01
3.546793784647259140e-01
-5.505249402067519116e-01
-1.336375500195396970e-01
-4.176723730043141458e-01
-5.261731537364072731e-01
-4.061150498293332745e-01
-2.096721737926145746e-01
6.697869745473933323e-01
-5.697402169215720624e-01
-6.736103812705962479e-01
2.746449945056013142e-01
-2.659594253141918663e-01
2.445134202615692198e-01
-6.818630674963324090e-01
-7.505870306388595647e-01
-1.226594773758822171e-01
3.936935308756494001e-01
-3.604451101331710428e-01
-6.252649079958970679e-01
-1.487803350855808060e-01
-6.921440544379890980e-01
7.538864162670508295e-02
-6.643785027743525501e-03
3.746564789982300692e-01
9.278076823018365227e-01
3.070880047723033579e-01
3.775901986549527467e-01
-4.548080848711665708e-02
-3.470080560286754601e-01
5.088173238959122768e-01
-5.514721016130970099e-01
-5.235409680158655821e-01
-7.515834803545485832e-01
-4.255891050624099892e-01
1.816518346844795406e-01
1.084837590290084197e+00
2.796788808298186768e-01
4.819959574958145865e-01
5.587851976708624324e-01
5.337294653103660247e-01
-1.594799873051333805e-01
1.342033310174257227e-02
5.597651860796409862e-01
-1.046932681633101596e-02
-6.096414924113938705e-01
2.231676093431143593e-01
-1.375399844331513521e-01
9.098618240080057207e-02
2.565012454518456053e-01
-5.669571848021924820e-01
-1.839340987370929326e-01
5.443324464431125165e-01
5.048034454032183094e-01
4.067888521194494844e-01
9.396290775769398917e-02
1.027601202205242092e+00
4.318878346999246443e-01
1.271810787726359804e+00
1.214016663348730596e+00
-1.377242934505666927e-01
8.010081217555793387e-01
-4.619699857390858200e-01
-1.447930630087250481e-01
-6.051838114934986468e-01
-2.495400083496578103e-01
3.399071815215975456e-01
-2.972771123691353434e-01
-3.630150181029896395e-01
-5.847719559359881858e-01
7.285006199210760647e-01
1.572823315095873142e-01
-1.610261864976863244e-01
-3.281697538178821039e-01
-5.397473596263219209e-01
-6.037637679030525423e-02
1.240038312755043171e+00
-8.119798793135623027e-01
-2.378270527777809062e-01
-5.857576475955417195e-01
-5.521239671385322900e-01
-4.437328205132281544e-01
-5.612659229424187268e-01
-2.048528562305134970e-01
-2.920946679118001654e-01
1.994891876388689769e-02
-6.725820709323426794e-01
-1.104802748437990895e-01
-1.207418568391738500e-01
-5.017739261700946418e-01
2.666712071218597102e-01
5.631591493987105901e-01
8.042447135836128247e-02
-6.147039580857278640e-01
7.458308870539369362e-02
-3.199993337218544620e-01
-4.211507104191657969e-01
4.445601811858476138e-01
6.221303408977342519e-02
-2.584845379323824632e-02
-3.985676088045427834e-01
-1.324942108846957345e-01
1.302249073876949215e+00
-6.053169962757959377e-01
1.042615412932245356e+00
3.740544255032154375e-01
-5.577394921964421437e-01
-6.588268333947294719e-01
1.090419123196882056e+00
7.282736511504159793e-01
-6.170272097020442111e-03
-4.159829707370352181e-01
-4.519663360746862257e-01
1.744088950128390714e-01
-5.681265657105604161e-01
-4.905886293307569201e-01
6.301215846714105506e-01
4.547098983979760978e-01
-7.171868514005761419e-01
-4.396371068394085840e-02
-9.487425467394157430e-02
1.081466715623856434e+00
-1.057563702856155891e-01
1.375814134993599502e+00
-4.241543665122928797e-01
-2.104915831293100448e-01
-7.060224752725127173e-01
-4.791599188689658617e-01
-2.964931717348669449e-01
-4.104327991651985919e-01
6.061224371914553100e-01
-4.036854193605895515e-03
-9.583799313618374810e-03
-1.999583712352017428e-01
-1.412308716372796258e-01
1.774277753035674310e-01
-1.431725064281494895e-02
7.172432510278626827e-01
-2.082206755997042802e-01
-7.219478917695572040e-01
1.104371349241764166e+00
1.204943390596152630e+00
-1.656785011022937903e-01
1.919519358251126351e-01
-4.650996355429160012e-01
1.745499785643165880e-01
-7.558324483835223706e-01
2.535343079947317557e-01
-6.222667817871644358e-01
-2.756740093991283435e-04
-1.144547061319369230e-01
-4.109966877730191759e-01
6.271044230646072304e-01
-3.475015137078816818e-01
-1.477408356298499578e-02
9.477873811586905450e-01
6.315800961768157640e-01
1.059148081016020732e-01
1.814536858726017651e-02
-1.219387346164830660e-01
-7.146838436410419826e-01
3.138366992597113603e-01
-5.419734362647218306e-01
5.846486773860101564e-03
-5.863778455525565231e-02
1.053213765852845096e-02
-2.721324461933647409e-01
-2.057763989357428921e-02
1.944704943743711945e-01
-2.015920356042107398e-01
5.777061508075223561e-02
-4.805608530162303049e-01
2.269260440964822323e-01
9.073481262500379119e-01
6.847883148460125191e-02
-4.181742272816167394e-01
-3.143666651273569479e-01
-5.553668087103409423e-01
-1.133544499794131716e-01
1.122585270825895876e+00
5.655042564073754496e-01
-1.550227360995288239e-01
-2.659756010351426170e-01
9.508351632034059420e-02
6.677356016765157998e-01
3.068354357725263659e-01
-5.518823907563261688e-01
3.292022061065282834e-01
1.094088402772709356e-01
1.462980318973984561e-01
1.298362120856392687e+00
-6.253993862634356082e-01
1.897372365513119441e-01
-5.814580950252545843e-01
4.194921597263365394e-03
6.681130887224814296e-01
3.684483185798634874e-01
9.683478240781419055e-01
-2.572117853940774149e-02
1.658762584928915595e-01
-3.335571733424454455e-01
-2.273569946828820076e-01
-6.076558897011219429e-01
-2.258664026332895258e-01
-9.758493673882255581e-02
3.417163233862382521e-01
-7.424344589483165835e-02
-2.708790783754435605e-01
2.325728811664949658e-01
4.036777911022305654e-01
-3.566733600791628378e-01
4.308985638363844184e-01
4.490570220689113490e-01
-7.439887968529093065e-01
1.138762611244194867e+00
8.174277888326070274e-01
5.254211453735213588e-02
-1.484772364134222256e-01
-7.189669110115678441e-01
-5.202066659653862279e-01
-4.651294550127257899e-01
1.140929998489313979e-01
-5.602828748431836620e-02
-1.940462303298942093e-01
-1.220110586798128227e-01
-5.321116789768299826e-01
-5.902795156383044972e-01
-2.113406439959412686e-01
2.292272482146369139e-01
2.409592458528393710e-01
1.046492035647834662e-01
-7.144273866192962785e-02
1.125455038231063076e+00
-5.324901430480718512e-01
1.170626535220546938e+00
4.660361507412971727e-01
-7.233088292019031196e-02
-1.467749084466611065e-01
-1.545474362452477213e-01
-3.869318761400706852e-01
-4.017140626229785960e-01
-3.128936308273302935e-01
-7.712619619852528752e-01
2.582483902474691506e-01
1.203970238827544614e+00
-1.737054608563499969e-02
2.698990608324643437e-01
-6.980651333407495995e-01
2.254054274127151591e-01
3.889455552917870929e-01
-4.150319154079239875e-02
-4.086062038252161882e-02
2.053988016107707593e-01
-4.439461251722908175e-01
-6.629637793570302140e-01
-3.382956441414565751e-01
1.021372926117292579e+00
6.253843689636812142e-01
-4.200207934506059448e-01
2.166400333430726632e-01
-6.643885527733417451e-01
7.670677867250718096e-01
-5.049102401977674237e-01
4.279643184938582978e-01
1.392158389631181770e+00
4.293076379810684129e-01
-7.478828785944828805e-01
-3.799459601924188301e-01
3.559393108026074337e-01
-7.392063717565905412e-01
-3.340604744966045314e-01
6.562031800603326248e-01
-1.238580871819966178e-01
-6.086477303007760131e-01
-3.037213395657522019e-01
-9.862098480560649305e-02
1.127135240517770143e+00
-1.943948150305885025e-01
-6.288419575455006516e-01
1.444473314202127545e+00
9.815349215964243035e-01
-2.795209698021478006e-02
-4.418325160724641543e-01
-3.272194108086194375e-01
-1.980924724014808125e-01
1.157352942823364483e-01
-1.259762892747886415e-02
-4.639069613029633277e-01
-2.695859676897742752e-01
4.731541354918423203e-01
3.466052569974513164e-01
1.090542721629019107e+00
-5.611486094339543929e-01
3.024862331996372444e-01
-6.638428161198360877e-01
-2.271807432101909663e-01
3.198451405052316621e-01
1.422601725037260456e+00
9.997365648765541568e-01
-6.034218901579158079e-01
3.854867800779494535e-01
1.185566235886263559e-01
-6.928245883760539847e-01
-2.314184482034683243e-01
1.377606945480055911e+00
8.269003495270945692e-01
-5.835736204840652475e-01
1.806331662057756582e-01
-1.985856941215376481e-01
-4.227764475672040057e-01
-2.740491065022390149e-01
-3.176823562245659760e-01
6.970101648759550184e-01
-3.465577929540647473e-01
6.163551235280376878e-02
-4.493736130336355994e-01
-6.260056923786733174e-01
9.731573528789467797e-01
9.931363320089445779e-01
-6.673871638091348757e-01
-6.034158036166149541e-01
-7.054309404214664792e-01
-2.513084982452368221e-01
1.264259285347960393e+00
2.613446437468308972e-02
-4.044857963366728093e-01
6.356435430433153844e-01
3.242915178355070815e-01
9.241437867946381002e-02
3.264858507616377054e-02
1.037562154165634576e+00
-7.262074487081741081e-01
-4.749150183844811357e-01
7.835972348738149407e-01
-5.775672846431290086e-01
-8.212146954843102531e-01
4.228761163494182962e-01
-5.595493001665960975e-01
5.898683414505490052e-01
3.463504089457487833e-02
-3.606466521810106074e-01
1.320929290087897057e+00
-1.352714954206541698e-01
1.122945437447854244e-01
6.572560619029081674e-02
-4.146138918781256399e-01
2.584634465829721006e-01
-6.597058329561337198e-01
-6.694275226204257079e-01
-4.596174669647623001e-01
-1.096147356910335546e-01
9.933693725673811148e-01
1.314240164249279030e-01
-4.852245316089413008e-01
2.809656582436186323e-01
1.109459762331256982e+00
1.062100018968495721e-02
1.266562012079957555e-01
-5.009754786373846885e-02
-6.465700883845008073e-01
2.153315328458012545e-01
2.560341862317293549e-01
7.857847734857120736e-02
2.031596343642299296e-01
3.451585187098967222e-01
-1.093130643939395873e-02
-4.394287429244657650e-01
4.579466338449520446e-01
-7.230716593153171390e-01
-3.361396234072305811e-01
5.860644706957819361e-01
4.738468532146615786e-01
-3.461811956311774408e-01
-7.075604124644263582e-01
-5.837817263517670607e-01
-3.614985711357910497e-02
8.209225333466818944e-03
-7.270083265890283641e-01
9.770554492726654661e-02
-2.204823485321517618e-01
1.715458311986690606e-03
-4.915503936449908684e-01
-3.576606464584473621e-01
-1.399598296040188428e-01
1.112750378778399440e+00
-2.623512904032179183e-01
7.729994793042335166e-01
1.325856681924738600e+00
-4.379379642773012504e-02
-8.591227768664956577e-02
5.736325508071706825e-01
-2.240910580302767352e-01
5.638717375209931770e-01
-2.788319304871080262e-01
8.104229102343895041e-01
3.868026881445106313e-01
2.985536958363124715e-01
-4.313795722311956626e-01
-2.800688072527214301e-01
3.145528863135219066e-01
3.903189971652490931e-01
-2.221778158275431597e-02
4.941106211990606289e-01
5.153466159469672903e-01
9.882444489513669827e-02
2.243326873994463261e-02
-7.124881154808494765e-02
-2.910188560755895826e-01
4.019062903273787901e-01
-5.596817603312796985e-01
-5.986499103937552579e-01
-3.135411327444900254e-01
5.800913531852555094e-01
1.464161472108487461e+00
-6.354755238104184967e-01
2.259475680758025462e-01
1.325479106362173143e+00
-6.722219955845614159e-01
-4.615970274299279613e-02
6.900514763742678914e-01
-4.223821135036173180e-01
-3.717325423468018641e-01
2.841878394999656707e-02
2.184395757998824350e-01
-3.425466125302366327e-02
1.094435991661841800e+00
1.185204039348186078e-01
-6.983614135979708815e-01
-4.650349324189851918e-01
6.329121982068045549e-01
1.747488969762625022e-01
9.052248124434428278e-02
4.862725882630828944e-01
-2.822737140941840028e-01
1.165539755532721822e+00
1.263967067569901959e+00
6.100468964652414616e-01
-7.376124551236501459e-01
-3.062746549672429874e-01
-4.795434305396799046e-01
6.602370155255747886e-01
-2.845889593584986499e-01
-9.298861645648889840e-02
-3.126875734361092563e-01
-7.780384402370638108e-01
-1.320893517267763273e-01
-2.683051451015975794e-02
-3.197840429066947654e-01
2.145293711044104351e-02
-4.195513998132283789e-02
1.351657336450956759e+00
-6.565493246671536554e-01
-9.549396232304277476e-02
1.347255102393263737e+00
-6.741042966267453140e-01
-9.478872268765883846e-02
-2.513450212831808139e-01
-2.110615974530501149e-01
-1.846477880465984822e-01
7.948953206868102361e-01
2.787081215545087476e-01
-6.909929349333422399e-01
-1.134101266090238314e-01
6.180115469094282776e-01
-5.876020052494632662e-01
-6.814612648735620670e-01
6.303435360853726355e-01
-6.974901437019679351e-01
-4.179529553098813577e-01
2.675744031335373918e-02
-1.170519164724894701e-01
9.771697005267364344e-02
4.999642997545521439e-01
-9.130463829802246134e-02
6.812580036863694621e-01
-1.945680386687348787e-02
-6.707067216106666896e-01
2.736085147474800472e-01
-1.807889030596357416e-01
3.079368821143088075e-01
7.991602655302160185e-01
2.283594380012059499e-01
-2.522263178504444703e-01
-9.610893878455675776e-02
-3.427438056823318979e-02
1.599654372834373173e-01
-1.524193130862826207e-01
-2.340513723253368483e-01
9.530405454924590902e-01
2.048629757003010143e-01
4.008420338941304784e-01
3.162606452297716531e-01
-6.995000808237783474e-01
1.918997415733240397e-01
3.658588408949303705e-01
-3.183767549295053456e-01
5.981270861619886192e-02
-2.754210055042487504e-01
-1.057335216241025028e-01
8.034895198701871299e-01
-2.327062813259896112e-01
-4.347894858557321829e-01
-4.229738805086123432e-01
-4.757830825255648932e-01
-6.437873860767505674e-01
-3.709059795736494025e-01
2.079734502840406285e-01
6.116618714499474363e-01
6.330549673393769394e-01
1.291931718865798828e+00
4.310161757102550784e-01
1.207350868223784901e-01
-4.946265262736783130e-01
7.783518498082929726e-01
-5.110770994836817682e-02
2.878480041381415444e-01
1.415243163165708362e-01
9.520968074671005976e-02
-2.168961018775302785e-01
-4.746180674913445530e-01
-5.720298336871191269e-01
-5.846278837938087003e-01
-3.026258272548190131e-01
5.246441598059525813e-01
-6.285231837050910819e-01
8.053267663967961232e-01
6.746115521924481717e-01
8.233600513441369229e-01
7.579258123482652820e-01
-3.835529822656423282e-01
-3.584137555630869526e-02
-3.591073142415892594e-01
1.819377390028458774e-01
2.239930903991309563e-01
-3.167143071410330468e-01
-2.971699280378352626e-01
-4.596635446506658895e-01
2.094092482160581914e-01
-2.801454099080830651e-01
-3.004193023126302542e-01
2.721523407463560806e-01
-4.271020746550501790e-01
-3.962726368268756211e-02
-6.907210979047049282e-01
6.462546264113258609e-02
-6.541979991052684351e-01
4.966253746141199854e-02
2.144538674535570455e-01
-1.560983093084637729e-01
1.333072251142596087e+00
-7.099502429516214574e-01
1.707004830884144286e-01
1.006097581285117920e-01
1.239520745843051053e+00
-6.440383877007179736e-01
-3.145195581847838318e-01
4.997587422508511512e-01
5.080053735945886384e-01
1.382179166369672751e+00
-2.844011089036045936e-01
-4.051833990745048464e-01
-5.793646973063673045e-01
2.685475716248207356e-01
1.244090955609965521e+00
8.353998734924147351e-01
1.020851428560820340e+00
-2.492423844780610742e-01
-1.075357900971671693e-01
9.025468266169881515e-01
1.383957254755505462e+00
-3.853439905335266369e-01
-3.263119031415139260e-01
-7.405807766119308910e-01
6.617611217621148789e-01
-5.439240542002364842e-01
-8.487139163594069613e-01
-4.961865850403264777e-01
9.535287580835466459e-01
-6.412111655307539682e-01
-1.573751844239517916e-01
8.563531691775307930e-01
5.464400043589974221e-01
1.100933210042990718e+00
-6.173150349775681223e-01
-4.254344215300516763e-01
1.022793787183778447e+00
7.116448474757349762e-01
3.987821518173699231e-01
-6.491665528767700533e-01
-1.973055883493649576e-01
1.170865924509393752e+00
-1.796680115498285601e-01
8.074962660815411253e-01
-2.669128590040474869e-01
-6.200114141367679688e-01
-1.153664994406166655e-01
-2.500689272326052093e-01
-5.339326128826219486e-01
1.674508701569444591e-01
1.213872615380915398e-01
-2.269186675397080744e-01
-3.877422767838660800e-01
5.603876432523041684e-02
1.355811365635168020e+00
-3.705624931265906752e-01
8.090790934850364269e-02
9.992066834428019184e-02
-1.116282542594719401e-01
1.408038908042689441e-01
-1.235884495710296432e-01
1.306967198995592438e+00
1.162135404965269556e-02
-4.899284484706004084e-01
-7.769666945813785697e-01
-2.107994355093259775e-01
7.750761204344250865e-01
-6.667094386701502007e-01
-1.049285053043030047e-01
-6.506160348946680994e-02
9.356545835363795360e-01
7.799094616818540437e-01
3.089472638562799633e-01
1.798093028220276723e-01
3.683369940678111187e-01
-4.852837535206010466e-01
2.038771089243247292e-01
4.826801300247041820e-02
-5.026682073429370456e-01
-8.282369721352347836e-02
-3.064242994867117376e-01
9.237020689698664799e-02
-4.633633979705285011e-01
2.065007885351603789e-01
4.726539069219157785e-01
-6.359588098567734438e-01
1.025081146722398806e+00
7.026172877055995025e-01
-5.443082562907095023e-02
5.580111492705943643e-01
1.132126734359541718e-02
-2.861136985953626963e-02
6.077104877698118468e-01
1.008621600714146166e-01
-2.160935378281403363e-01
3.763230474984990970e-01
1.241243175719898950e+00
-3.783917248654977694e-01
-2.140219469845629219e-01
-5.135069224715597125e-01
1.838705249841551814e-01
-6.872705988178621217e-01
8.645250621909824143e-03
3.844107144261377784e-01
-2.428431710623333017e-01
-6.304589845386410207e-01
-1.050457709396607348e-01
-2.722133940797149543e-01
-1.128171566730527819e-01
1.400865808827678416e+00
1.198509519921644173e-01
-2.616018935327983908e-01
-2.582776790660594735e-01
-6.209239328032402083e-01
-1.416783762055927598e-01
1.121434413376202199e+00
-6.344794340905507424e-02
-3.368930177948683546e-01
-1.093414018624550288e-01
-7.379937708199922897e-01
1.018781711008146740e+00
-7.834196983704068140e-01
1.110818507209134109e+00
8.293630282449460100e-01
-3.482773293043810448e-01
6.860229643484326845e-01
9.343353394480495844e-01
4.335574801502192765e-01
1.059979193029237710e+00
-1.911267518931116793e-01
-7.279121503489592859e-01
2.073451589967438558e-01
-2.932459221059851018e-01
1.420057506827147875e-01
1.152859284118974648e+00
-3.016908035261876564e-01
-6.581890282140773207e-01
3.989494089573800695e-01
3.624501946902434213e-01
6.214473652188111652e-01
-3.901536085692620670e-01
-5.870883403778088816e-01
4.413942776293209858e-01
-7.272153180063972711e-01
-5.980301676999272287e-01
-3.955127361259914154e-01
-5.942235765025948302e-01
7.739761241069150755e-01
7.805630888218592078e-01
8.675763867929230377e-01
2.420598815887386734e-01
-5.408039323999839221e-01
-7.924157952344422495e-02
3.121043795225216799e-01
-6.647040050552959212e-01
-6.354105438458793054e-02
-3.280566513807894324e-01
-7.017375321708625435e-01
-6.396128692159204210e-01
-4.372848083028976207e-01
1.420557647348950903e-01
1.297494702945134248e+00
1.511061954850850542e-01
-4.297920261865181835e-01
-1.947666061469775474e-03
-4.539336183029895055e-01
-2.390527114364881245e-01
-1.257611086976685166e-01
-3.821449398698067990e-01
-4.351137160859053776e-01
4.696394608275769600e-01
1.137212459522108476e+00
3.074297249038442370e-01
-4.643917020918295058e-01
-4.596500568205325599e-01
-4.705482906405952792e-01
-2.359689967530856081e-01
-7.681764231366646767e-01
-2.904843638965699526e-01
-6.382710201769797864e-01
-9.451432209441189281e-02
-4.885148250269715220e-01
7.159448850521925312e-02
3.364369012588846932e-03
-4.544432113566280185e-01
6.326597865755886028e-03
-9.731853291210676438e-02
1.926764039477977808e-01
-6.487670244602791181e-01
-3.917351803119195619e-01
3.140804102737400072e-01
5.032010937927315630e-02
1.079561839032387338e+00
1.206781620458401871e+00
-4.160112434447247876e-01
-6.843465089670885959e-01
-6.261372066267933967e-01
2.124692284459519520e-01
1.127521337246675248e+00
-1.858636445957366767e-01
-2.437425716500210837e-01
-7.174596375278270433e-01
-9.990295577167779273e-02
2.324911540635093421e-01
1.381850098729901388e+00
-4.232924988782659770e-01
5.494899723488851917e-01
-5.075740263996056933e-01
-2.963381191646767276e-01
-5.784506667253938028e-01
-4.295649085718696858e-01
5.628417866271481773e-02
1.174832916140821970e+00
2.740219566920901739e-01
1.744025067374953830e-01
2.594347822237500194e-03
-3.643435306351116426e-02
-3.230399222917518243e-01
4.138567820625608795e-01
4.691833200211019683e-01
-6.223650766497363929e-01
4.395815839355807775e-01
-1.356616546482234953e-01
-2.443868710630003049e-01
-3.953959675070239932e-01
3.112749875497073937e-01
-1.805896004091187279e-01
-4.448242631122490409e-01
-3.717342388632303707e-01
6.319061360179509812e-01
-1.194749222850366444e-01
-2.046669089459951518e-01
8.554403520465503341e-01
1.512731523077710249e-01
-6.441409056974086722e-01
-7.508663715199199729e-01
-5.029209518699406800e-01
-1.161999225621360154e-01
1.065255158022866827e-01
-1.639756449539980510e-01
-7.370876787980116251e-01
-1.458050600890176407e-01
-2.489101544229899154e-01
-1.324751137249591086e-02
-8.189865118544215061e-02
-3.528832936707870793e-01
4.012508979384898367e-01
2.988737529965390660e-01
-3.211712860216014431e-01
-9.317575281519716035e-02
9.044515119781628698e-01
-1.049659274410790905e-01
-3.783862439607372785e-01
1.605748210106783813e-01
-2.195718905348178762e-01
-3.645696939611849374e-01
2.509427125952577442e-01
-8.312216347642244207e-02
6.900581630008081335e-01
5.778391285826536272e-01
6.522708405657441644e-02
-1.061905220201892208e-01
-2.405008599502448108e-01
-3.294791078749159663e-01
-1.861573426855766544e-01
2.210480186022925619e-01
6.969133294703147019e-01
-7.337462059659641822e-01
1.142108303889584286e+00
-3.349325979962926580e-01
-1.532438423530349259e-01
4.502913950681835531e-01
4.455472581094606643e-01
-4.293005755596787654e-01
1.072975947721689360e+00
-1.947623728874386673e-01
-6.680194976884972213e-01
2.284823369783732239e-01
-6.969470228719024663e-01
2.084320114103731247e-01
9.592779709615740780e-01
-3.641771791406486769e-01
7.760690048535034968e-01
4.836118897098366787e-02
-4.316610885765454625e-02
9.512368061619150966e-03
-2.491923232438486013e-01
1.184830456893275930e+00
-6.109509649911063489e-01
-6.828933077160140863e-01
8.511721922501317428e-01
-2.865386632991082094e-01
-5.073262420954841589e-01
2.710890816562895878e-01
-3.678798058071199306e-01
-3.284878168127912113e-01
9.760926315190114888e-01
1.160673203173551826e+00
-5.149030950252581063e-01
-6.690244270263949744e-01
4.295163013187999757e-01
-2.759085685931156329e-01
3.705875119393906569e-01
6.235490717203805433e-01
8.838328693103168765e-02
5.804749933827436648e-01
-8.468631976100948755e-02
1.016914363131630195e+00
9.949480269691234335e-01
8.611681491312391801e-01
6.179096810964197078e-02
1.474510604913671585e+00
3.090679061320927151e-02
-3.834819813548627776e-01
1.436201933695886890e+00
7.599506938229219632e-02
-2.646354990870268264e-01
-4.460670482778056889e-01
3.685347052883132246e-01
-6.308427279896695605e-01
-6.299478315125448535e-01
3.239268412102627170e-01
-3.215251653309094126e-01
2.146328469578870357e-02
-1.182439204548412642e-01
-6.257057864406043723e-01
-3.669327531704683620e-01
-2.172912455202252180e-01
-2.399925263210696824e-01
-8.377879710486313414e-02
8.280125380043425187e-02
-3.212748574387078171e-01
-5.305544290712396055e-02
1.485304874094824645e-01
-2.810107664138326578e-01
-1.573447892363584177e-01
-3.824799959436169239e-01
-5.597611803877996506e-01
2.860748135375302259e-01
-5.210577666135962627e-01
-5.796622762919568794e-01
9.996702819467722101e-01
-4.378084993696634841e-01
-7.173030656390952942e-01
-1.693409230001191590e-01
3.669888742826424854e-01
-3.768396251759909554e-01
-4.429343837816818175e-01
9.056141218441617902e-01
-5.050401207035177392e-02
-7.552115400459351591e-01
5.384885955981977279e-01
6.108931319972787932e-01
-1.788609401294422863e-01
1.405041281964670985e-02
3.898518010119676469e-01
2.385003792814827384e-01
-2.987805849816145831e-01
-7.105401895282125180e-01
7.496944051055223213e-01
-3.083806840041211084e-01
-5.649746410949664233e-01
-7.825109660352304042e-01
7.142477999086846996e-01
-2.968583846005459770e-01
-4.187607288874333755e-01
6.462881095522208241e-01
3.559455493366974754e-01
-4.527286249277459595e-01
2.921721669249663367e-01
8.899619111599420540e-01
-1.052298603420644130e-01
8.748882025004346419e-01
-5.904731960201140689e-03
4.982953869843766981e-01
4.173216256230289911e-01
1.423051917266083599e+00
-7.014099928421956287e-01
-1.090520745985352064e-01
1.164322630484229681e-02
1.830568649998035868e-01
-3.200549863773727854e-01
3.374486999310000734e-01
3.790087351613947164e-01
1.329783624597759895e+00
4.818366936028758117e-03
1.853661739871226843e-01
-2.678210597790924297e-01
1.287277669232641530e-01
-2.938049517126767665e-02
-1.687933961317692744e-01
6.311597774417125606e-02
-3.488054010985141562e-01
-2.291859738862131457e-01
9.397772984833431265e-01
-1.771200293839146275e-02
-2.123004985843793824e-01
-2.334062315699168277e-01
-4.773796813905394898e-01
2.147221249451230218e-01
3.624791778121210228e-01
-1.570219793000355302e-01
5.135198215922829323e-01
-7.269145298824839507e-01
-4.151737905472534934e-02
1.113035797780150382e+00
-3.874757804925046956e-01
7.184997074429298920e-03
6.511613715693929105e-01
3.889484659278983347e-01
5.768983018175988936e-02
-5.587217186406787661e-01
1.348280726223593406e+00
2.122360956200851634e-01
-5.288170427081363423e-01
-2.316107500327022842e-03
-1.107251565207185151e-01
3.448429068862179925e-01
4.206371950633794321e-01
-6.539534847434345100e-01
-4.911784268927524288e-01
3.579886412370859167e-02
-2.866396189662602789e-01
5.331282447796590329e-01
1.300510902234700783e+00
8.415900904236558455e-01
4.129321961888492432e-01
-2.976390161755245733e-01
7.021722108800314555e-01
-4.464240864627823102e-01
5.604208429458393814e-01
-3.600086556818369904e-04
6.112542316265728859e-01
1.476284731469621248e+00
7.948580909302794817e-01
3.018447410585760049e-01
-2.698991476099469877e-01
-4.302318078699178816e-01
-5.373688720476413883e-01
5.994422550130437677e-02
2.719824882533710634e-03
-1.785920205759765900e-01
8.498966343907136123e-01
-4.928921945259803206e-01
-1.529340196168661181e-01
-2.361603753308629816e-01
2.787437490292983822e-01
-5.377750575016823076e-01
9.203579251222543389e-01
-7.654697826997321208e-02
-4.011728223900765111e-02
8.382559392800258136e-02
1.109455625822610036e+00
-6.930468466441869202e-02
-1.575070959638950607e-01
-3.016043180595346374e-01
1.538019772231786764e+00
-2.726909136425816407e-02
8.343969782772338029e-01
-2.068401213427802643e-01
1.873313758024802156e-01
-1.726978391956866254e-01
5.427235028974166653e-01
6.152796305344749861e-01
1.040130945185871125e+00
-4.561571960469668063e-01
-2.731628889013276718e-01
7.738526690712548284e-01
1.167715862159810457e-02
-5.379100907342466709e-01
-1.674469196632190626e-01
2.565060146715346715e-05
1.200321634972775664e+00
-3.724611936800169970e-02
1.187282832756592632e-01
8.938936889514777218e-02
-6.612763933967391594e-01
4.196135298348340203e-01
9.312216021617770734e-01
-5.341368624559745815e-01
-4.164838373868431365e-01
-7.051347170899213528e-03
-2.221854048579813001e-01
-5.348401417390962198e-01
3.620439274994416423e-01
8.504242365477356902e-01
-4.749791013427858144e-01
3.845140843222880078e-01
-3.766263943954188398e-01
-7.166544890621490138e-01
3.444621942307303508e-02
-4.166195555941864526e-01
3.481365072640137809e-02
2.424080800221447840e-01
-5.524177440185310539e-01
-1.698705233710608442e-01
-3.741035111733816421e-01
-3.384639978416537076e-02
-5.573301307638822699e-01
-7.377757955750390284e-01
1.139777492608671672e+00
-3.280046756282735676e-01
-3.559445116921433616e-01
1.061980228981237728e-01
-2.380453028608460753e-01
-6.234265303868034014e-01
8.022189840794978766e-01
-1.930037404387794364e-01
-4.012931432984220281e-01
-1.240378855287725679e-01
-3.844565943709213340e-01
-4.009736348189226196e-01
-3.910287720410105528e-01
-5.429792941605877665e-01
-5.366488175816402917e-01
-3.213498870984248246e-01
-2.129005149927284124e-01
1.420712090932614857e-01
-4.082282488178808344e-01
2.276028975282217148e-01
-2.372832484019002097e-01
-4.307227418154173093e-01
-5.964854035230438001e-01
-2.524585138948201579e-01
1.843673143817366467e-01
-1.510155321208659918e-01
1.042885319410379985e+00
9.974722022521405329e-02
7.250488742883116899e-02
6.415511838342116135e-01
-3.726225184855071482e-01
-3.620155267539829635e-01
1.076122517936328182e-01
-8.226386208529994359e-01
-1.356222114230591913e-01
-3.967362397239629357e-01
-1.294937757604354145e-01
-5.834317935676858191e-01
-1.160943913899736141e-01
1.710439109165812765e-01
-5.285934385055607310e-01
1.284896826910885553e-02
-2.304585513733588276e-01
8.906180392871078100e-01
-7.177031918533292032e-01
5.012149896407174232e-01
-1.299120302580019370e-01
2.330659080237499625e-01
5.819522966205063763e-02
1.243932254385559322e+00
-3.644920794331620306e-01
3.303694957104170715e-01
-6.247316772006368257e-01
9.973592962395656514e-01
-1.006044658200176828e-01
6.322732188761611694e-01
-6.360797084857552353e-01
-6.851115888138750165e-01
5.896365030784944672e-02
6.976961495659165235e-01
-6.497884350916945939e-01
4.506424886185586565e-01
-3.519942733799848456e-01
3.102829346587168344e-02
-2.143764895435148754e-01
-7.183826053025125224e-01
-6.253269511661139202e-01
-5.540712132932796852e-01
1.053312994142051817e+00
8.804136674979834432e-01
-4.172123628629463288e-01
-2.413823520130069927e-02
2.517160004574640619e-01
-3.765169503837305642e-01
1.680730784936062816e-01
8.424161482098296849e-01
-6.415731315760641040e-01
-2.342398801036757738e-01
1.331515880195736357e-01
-5.760357439443226646e-01
-3.570618148633760702e-01
9.699690939039640192e-01
9.504257860271579927e-01
1.261419252624084442e-01
-1.592023896446933262e-01
3.385123316851683106e-01
-6.642894706212923994e-01
-2.547113739568082069e-01
6.622116739494897653e-01
1.821794831440162743e-01
-6.757781628594735635e-01
-8.869037210744008803e-02
2.054215460199120269e-01
3.394350555285335358e-01
1.534831117290473002e-01
4.131079901457469505e-01
-2.819306809462172048e-01
-2.280535455063306127e-01
-2.237514069361579497e-02
1.117585992389585225e+00
2.839978416254859139e-01
-2.816753002593878064e-01
-1.010991728744903805e-02
-2.286503852639230894e-01
1.318525440422410933e+00
-5.685358648347973443e-01
-5.216494074304224293e-01
-4.354257400625095031e-01
1.459204022698589398e+00
-4.881784770604527535e-01
-4.367205171552751009e-01
-7.900684040404157065e-04
-5.183136032075231353e-02
8.126178267995802784e-01
4.212113726219686716e-01
1.196959802322918653e+00
-5.188826365921669348e-01
-7.161974292386373842e-01
1.485509751043696536e-01
-3.942963474140638858e-01
-3.868982792453095620e-01
1.441642243960104208e+00
1.339418973713218497e+00
-4.174884760223229740e-02
-3.984725323784887308e-01
1.815989367223876383e-01
-6.868868747047001122e-01
-2.735176058857833326e-01
-1.598195085168370999e-01
8.416220699753184098e-01
-5.867835591311562626e-02
-3.967362252131650946e-02
-2.528950378821642198e-01
-2.007169498932475926e-01
-2.738945175768494056e-01
3.636685249184232888e-02
1.089041761379682338e+00
2.325271307027912057e-02
5.974474938005828184e-01
9.355446061431039739e-01
-5.258933432059098578e-01
4.865486476479137512e-02
-4.791705649060742922e-01
-2.860292127480362767e-01
-6.346731510159185907e-01
4.820419753655510453e-01
3.489547848662121754e-01
1.577746947927979315e-01
1.979325821515591499e-01
7.784149871204192328e-01
-5.442839133012472574e-01
-9.227192949142700579e-03
6.927482292868881730e-01
-3.359212590602331239e-01
-4.823480713586420499e-01
2.709076352728722048e-01
3.766906534344376389e-01
1.377360237395911131e-02
7.161509269002667988e-02
-1.202207826294808719e-02
-2.641596154452947043e-01
-2.365689556164391749e-01
-1.942071476203948155e-01
3.524733365665902451e-01
-3.651601523929630666e-01
1.182460008972700649e+00
-5.870957818923885352e-01
-1.594375192591098445e-01
-2.552321703415225684e-01
1.071384925633885737e-01
-1.333412388570886509e-01
-3.092172092465100830e-01
-1.772314799987804307e-02
-7.222855516328462455e-01
-4.903831467530263000e-01
-3.001082339421788925e-01
-4.925437390067712723e-02
-5.705187965622929847e-01
6.113081413113629070e-01
3.533258746016150198e-01
2.341231871884678073e-01
-7.251692037469863461e-01
4.364781313950331088e-01
-3.916999207482886325e-01
-2.482876961762446322e-01
6.927651108368181321e-01
-5.397531669455282177e-01
-5.428829953693851129e-01
-2.830703111764370505e-01
-3.853428643685440358e-01
5.210017045586797790e-01
-4.857999636714315783e-01
-7.615679631493681330e-03
-9.194110999209466339e-02
-4.385968052592346678e-01
-3.036584467124380793e-01
-4.205479495783854271e-01
-1.972890467991419705e-01
-6.376562440298737533e-01
1.429556712993837186e-01
-2.920516440266238689e-01
9.769491201761084653e-01
-5.770542205168430749e-01
-7.115033697691421910e-01
-2.401901843951609605e-01
1.340068016492059089e+00
-5.103588935328066123e-01
-5.138224939009131687e-01
6.728093099721875747e-01
1.213558614452782569e+00
-2.987191419263163783e-01
-4.228385405728580237e-01
-4.991693341333017925e-02
-1.176723436012333673e-01
1.374498575633062714e-01
-1.161317694975200210e-02
-1.744414734667818490e-01
2.661580635597295963e-01
-2.252469886541243749e-01
1.193857053281385694e+00
-7.993913432064992941e-01
-2.360696691747837528e-01
-4.754188925032321045e-01
1.932073103772393718e-01
3.067138159948943898e-01
-2.971727043350224085e-01
-4.029256418468800116e-01
1.140016094266641383e-01
-4.475019342840860226e-01
2.441750831586663173e-01
-1.313190774460864575e-04
-1.526593096245064396e-01
7.156583573822965505e-01
-6.100477635386326591e-01
-2.689637645606607341e-01
-2.292562273729492617e-01
2.219273614670269623e-01
3.575784083372939848e-01
-5.832871812212189200e-01
1.623458998310237100e-01
2.276222584537645477e-01
-3.681299460094362708e-01
2.095606711906969899e-01
-1.787916679465757774e-01
-8.207675646551249038e-02
-8.298040417721286310e-01
1.051580709981379674e-01
-5.237064553873349571e-01
-2.354020993573828838e-02
-5.979507968368021897e-01
-5.361430591370467402e-01
4.935245453316943753e-01
-4.719210483540737799e-01
-3.567945849973975236e-01
2.769816797593508406e-01
-9.854837601385656176e-02
3.962888012848541086e-01
-4.729756839837980231e-01
-5.569032038982608679e-01
-8.101991998391515626e-01
-5.877258907107706376e-01
1.229871175007425516e-01
5.939549146300268090e-01
-5.085523302927944522e-01
1.273477290182503663e-01
6.248014013302586461e-02
2.922138307568614146e-01
-7.318912772682285572e-01
-2.587254095831612033e-01
-1.863262524407933440e-01
7.822445483166990954e-01
-1.927076896543918338e-01
-3.691404712337306160e-01
-5.115075600284308549e-02
-1.001528535281775434e-01
-6.987196531285163603e-01
-2.490238144192790104e-01
-3.738809193965917932e-01
-4.185419181763220808e-01
-5.408150578272092890e-01
-6.462037462590541903e-01
-3.537793455615875771e-01
-2.432901783431441478e-01
-2.159431540079750911e-01
2.327848244245178666e-01
1.002696515529662852e-01
1.210590788889940983e+00
1.127094577051024560e+00
-1.055784516679555279e-01
2.094288908772048152e-01
-3.963694584513310915e-01
1.422119156345508895e+00
-4.773987083375058615e-01
-9.718017610747303747e-02
-2.868852382323770489e-01
4.315596260516085247e-01
-3.638752952046348521e-01
6.590067860612824902e-01
-2.105808164876349364e-01
3.593157825488008661e-01
-1.790559386972981892e-01
-4.168546219867321767e-01
-5.464942433848972714e-01
-1.560647004404223936e-01
-3.816008026593776248e-01
1.297507435281189059e+00
1.320356091092055317e-01
-2.377572960471530661e-01
-7.089688408065251135e-01
6.401534896752562875e-02
5.812034542125775749e-01
-5.896158025615685361e-01
3.707799883864246193e-01
7.707683703152651278e-01
-3.326147482626665708e-01
-2.465640692307572990e-01
2.464357896153682725e-01
7.849475657700183406e-01
-8.033398586770268412e-01
-3.913284340164714381e-01
8.710006966733466749e-01
-1.970203424568716943e-01
7.676905770304386090e-02
-4.619165509192856012e-02
-4.757740050915752472e-01
-3.203286953934638137e-01
-3.640149698498638675e-01
-3.344912475128832274e-01
3.260357045164802292e-01
-3.207951825954723502e-01
-3.121653728337806522e-01
1.317242076110205495e+00
1.196314477295391254e-01
-6.164492070620573028e-01
5.537594633113501752e-01
-6.550077539886400846e-01
3.881449035363578881e-01
-4.831852298790864086e-01
6.714695822270239089e-01
-4.311583201110477104e-01
-2.311435397863744745e-01
-5.429233401750264143e-01
-7.154412237373829198e-02
1.113102268820343188e-01
-6.150637751508679640e-01
-3.483168662771087276e-01
1.177365496356429370e-01
-3.213560720090737760e-02
-4.864451744565859159e-01
2.825593651425261088e-01
-3.897444098905627485e-01
-2.629474731202297577e-01
-5.603034199461245368e-01
1.361277179984518249e+00
8.902923151566664028e-01
-2.010974999955678910e-01
-2.717104990024445943e-01
1.117396387541572889e+00
-3.344452128320755668e-01
-3.254452471890270093e-01
2.358502332468906115e-01
5.974672287412934740e-02
3.825503715363958168e-01
3.528381551733785759e-01
-2.359935835270417226e-01
3.296122255494569053e-01
-4.291449724441450120e-01
1.433134267118880700e+00
-6.010410833354826732e-01
-6.106691744687302581e-01
2.199331150355794337e-02
-2.010326174870231963e-01
-6.930477712812902480e-01
4.053686634577033931e-01
2.600136706771626338e-01
-5.174538812866988913e-01
-2.463599653821384183e-01
-1.816227838402128258e-01
7.975891704976393326e-01
7.150670961358502886e-01
7.719696313172146329e-01
1.022862219861003924e-01
1.587747874413553695e-01
-8.064730005858645745e-01
-2.845411737262738550e-01
-6.375919805507994642e-01
-2.011039542584859285e-01
4.610873661390168521e-01
-3.880139116955651224e-02
9.078142214739791382e-02
-8.116658539216502211e-02
-1.362619059542833910e-01
-1.217835018914485701e-01
-7.290503255709224195e-01
-2.320913047953499231e-01
-1.286940852437101213e-01
-6.609257063292856005e-01
5.799577479948826442e-01
-1.044820204839815858e-01
3.541002523060610141e-01
8.974860918697593615e-01
5.616603329292781943e-01
-2.712975021418305779e-02
3.999515284643680446e-01
-2.579310019448823321e-01
2.320550349768131515e-01
3.518631676989787405e-01
1.456235076226802538e-01
-5.612819366318845260e-01
6.522354173817890288e-01
1.937932197912349275e-01
-3.480451083394227596e-01
4.541217053220452660e-01
-2.217128374146420111e-01
-3.295271381945978906e-01
-4.482852084699909812e-01
2.486244440989704430e-01
-2.252151881783746312e-01
-4.731998756125941896e-01
3.727763485152156553e-02
-2.220454207563260507e-01
9.433692310878908360e-01
2.451337841227209380e-02
4.992501094714119625e-01
-7.220016284045159549e-02
-2.271648725126142188e-01
-4.404167772708481032e-01
-6.249141116314014255e-01
2.098798625188252331e-01
-5.200233221085089896e-01
2.218553548377154849e-01
-7.423147739098405751e-01
9.810665481899247253e-02
3.782949964913686625e-01
-1.786912503882800429e-01
-2.428021548566192817e-02
6.114930760459760806e-02
3.792272241054411852e-01
3.067537094385761609e-01
-4.135273077181083057e-01
3.246435019958246460e-01
2.348622257137288338e-01
3.450089522826636501e-01
-7.248354333238612446e-01
-2.032084805065634825e-01
6.116309970614777214e-01
-2.130607295565054848e-01
-5.257065731477573722e-01
1.676713971099022538e-01
2.831803619979769704e-01
-2.489404987256172153e-01
1.327093198960764608e+00
-7.000604699167495282e-01
-4.790933769942806730e-02
-1.331665896743772504e-01
-3.131780185780376202e-01
-2.575229210674513936e-01
5.799181486814704023e-01
4.274902421253099806e-03
-6.369359338696500838e-01
4.302494065032206327e-01
7.011792022739771202e-02
-2.284589713205127381e-01
-2.522551680359865767e-01
-1.300371528430095402e-01
6.273828084168130426e-01
-6.819517121930115944e-02
6.371219706094028989e-01
-1.634864591493638275e-01
-6.855580368003757474e-01
-5.103678066146061232e-01
5.228205406732527871e-01
-8.351525917419385658e-01
7.279732636788468492e-01
-4.762735989148164650e-01
3.302500333817645606e-04
-1.458416152212359540e-01
1.239234109056281508e+00
7.439727982846338072e-01
1.573663803498305189e-02
1.144327298778126112e+00
-4.094261888197677224e-01
-1.951529988668722349e-02
-2.850261855926094490e-01
-6.768690524966544109e-01
-1.469026336841364015e-02
5.171477231213279097e-02
-3.606197554539697370e-01
-7.773618278186489317e-01
6.576451174392695664e-01
-7.883571052887577979e-01
8.704502592194052202e-02
-5.770711673520619728e-02
1.770160210233641118e-01
7.228269249740051361e-01
1.244691938258397412e+00
-3.143967063009964757e-01
-2.814544555636407930e-01
-3.794169634017376946e-01
-7.233193525416857783e-01
9.419557242686192877e-01
1.022544806443828058e+00
8.905234344216662601e-01
1.674244844759647521e-01
2.434546264753927394e-02
-6.829525509264203764e-01
8.680006312155897907e-01
-7.192034995692384025e-02
-5.164403663959427071e-01
6.057535737423731803e-02
2.955032762418117742e-01
-3.707799521601583548e-01
-1.028659585293570794e-01
1.004124780753790969e+00
1.417648330227135434e+00
1.804557889903322665e-01
7.698764673415652016e-02
-3.157735201257849678e-01
-7.343954384007966851e-01
1.997554867698344006e-01
-6.616517488225751586e-01
-1.273144699186064543e-01
5.282929185715932174e-01
-4.143558513144456334e-01
-4.112786803380725775e-01
-5.480489727129937982e-01
-4.434506954428811820e-01
-4.100399855389622733e-02
-7.503810803478261349e-02
1.170158420517240172e+00
-6.418788960717045633e-01
-5.087063078958836693e-01
-2.010667630339728895e-01
-3.168363816538823374e-01
-7.289153081830294090e-01
7.892666423484893945e-02
-3.643132485488349004e-01
9.794792114062736976e-01
-4.443806816335384852e-02
3.031851674520612550e-01
-6.755309495099419692e-01
-1.120084767176114937e-01
-1.075192103411036632e-01
4.295985279943411728e-01
-2.494798364452613937e-01
-4.778851935889665697e-02
-6.001174882330400084e-01
9.299573986926391589e-01
-6.876726074081392082e-02
3.680222302183974031e-02
8.450370499455710505e-01
-4.465805141551296847e-02
-5.444452526537945092e-01
-7.021396278204304897e-01
6.104318850576824218e-01
-5.203693376843771673e-02
-2.190776973523103632e-01
-1.902293182201028610e-02
5.237122532881868242e-01
-4.877987385924862362e-01
4.617487111683770684e-01
2.686134689636617834e-01
5.666586324792077800e-01
-2.141391182364629220e-01
-5.493409693166360075e-01
-3.623525025526429522e-01
-1.658460490342001936e-01
-2.466591688156110351e-01
3.641788979412909355e-01
1.186751252902018272e-01
-5.431877333924167717e-01
-2.151238522200528414e-01
-3.539480073483449590e-02
-1.198872131247635808e-01
-7.484872470858859594e-02
-3.887362374428242062e-01
4.967822366715957116e-01
1.383659327895686797e+00
-1.019804597347166164e-01
-3.688415641181887472e-01
1.954697212139782508e-02
8.090867894625564105e-02
6.697122288274814927e-01
1.065064955098885408e-01
-4.090548365991748536e-01
1.885484943482710896e-01
1.217072045363330884e-01
1.410770879640201203e+00
7.776295959989036888e-01
1.181684152454745701e-01
5.393335736437516736e-01
-4.856688202354344508e-01
-6.545065397727616308e-01
-3.558043762789835918e-01
1.594268054830433323e-01
-4.277660373148890471e-01
-6.847330127957391710e-01
1.539667434886409780e-01
-2.045121916316532118e-01
2.495469538062298487e-01
7.227424687425906269e-01
8.122325081780857881e-01
-6.441468090553238435e-01
1.217179486502938390e+00
-4.158435639131993211e-01
-4.888345123460367536e-01
-4.630717470751334330e-01
-2.256609935544099943e-01
5.205370124433296164e-01
5.232909667555420835e-02
1.254013295705752373e+00
-3.165277668578885678e-02
3.391319784761934741e-01
-4.468469311589717829e-01
-6.888956479921458376e-02
-5.524961037513548279e-01
1.925327230872921902e-01
-1.849761630794945211e-01
5.029176673903414801e-02
-6.979393824823082459e-02
-3.816371099867298805e-02
-2.929497861622913368e-01
-3.477074259062486183e-02
-3.426003135104241926e-01
-6.199560975368325622e-01
-5.556224016659399023e-01
1.044676442852845666e+00
1.228351658331333293e-02
-7.200658661761604185e-01
-3.324467146791069139e-01
-6.220805566931282282e-01
-4.400034912248014241e-01
-5.746588165751042032e-01
-2.858528055643195787e-01
4.140614708302024494e-01
7.366887412186551298e-02
-1.053715483854924112e-01
-2.434534855356934868e-01
-2.396590920242118450e-01
9.099837296627496519e-01
-3.406564901772557996e-01
3.000230138575467054e-01
4.494467996671873133e-01
1.116753361019821922e+00
-5.636251133430941751e-01
1.333393192146450634e-01
-1.503215706695336384e-01
1.248082076484511749e+00
-2.095390026043771892e-01
-1.334493237143557220e-01
-1.144646944071617267e-01
4.848780130503688168e-01
-3.765485865953899225e-01
-1.899475103625403172e-01
1.533509129222819789e+00
3.558592426071099935e-02
-1.255429594411908711e-01
-2.802244317151986186e-01
8.277738855387714034e-01
-4.496032895151726994e-01
-8.711473506998718142e-02
-5.806585027895923012e-01
-5.195837876983973036e-01
2.786430987069190013e-01
-2.740984874846068634e-02
7.798469140658088883e-02
2.770379700314135052e-01
7.529792132286068362e-01
-5.905535734905523193e-02
-3.456834620000742708e-02
2.967555688896076349e-01
-4.745255032817371488e-01
-4.572476235075904616e-01
3.388354627259041463e-01
-5.588050112261947477e-01
-4.302301855048608625e-01
-7.994488292045175137e-02
-2.359004182939050953e-01
-5.022564158036552096e-01
-3.011039029598148731e-01
-5.594287794794143842e-01
5.721344627322239723e-02
-3.106216690366641123e-02
-7.117914079929851812e-02
-2.311505682172824427e-01
-4.556908833174616591e-01
5.623784546082880587e-01
6.831628769725074657e-02
-9.913152961993494661e-02
-6.036957491830185346e-02
3.656927441246137223e-01
9.252217559406855640e-01
1.322044785576462989e+00
-2.345060301346328369e-01
-4.523697094005695862e-01
-4.193853251695156548e-01
-2.315152171764530142e-01
-1.773959475247397499e-01
1.523305701028585535e-01
5.660850049582138999e-01
-3.564846743138149754e-01
2.421628758757875810e-01
3.344887760547235467e-01
-3.025483546552235614e-01
-4.615648782061850808e-01
-6.207115320281365589e-01
5.274750170404545191e-01
-3.401063992362678423e-01
5.349455638782474320e-02
-1.983580430588260946e-01
-5.126506729200955848e-01
-1.471467067816088214e-01
-5.186819623851766092e-01
-8.165486671726009948e-01
1.399744713426855861e-03
-2.661837921288259246e-01
-2.074762431878351132e-01
-6.051366941379801023e-01
-4.106877968045595240e-01
-4.440881018433635585e-01
-3.088636445882292914e-01
-6.662001020065664303e-01
1.112930240961623740e+00
-4.870549387335285085e-01
-5.191653792496007114e-01
-4.036656604313711150e-02
-4.849937627968268217e-01
2.522366545423705003e-02
-3.526116514080943065e-01
4.492049177968611140e-01
1.946200034567066584e-01
-4.347950015869517792e-01
-4.578015837836420521e-01
6.988116777268589541e-02
9.630142330914498450e-02
5.941305196241518649e-01
1.975952121690059959e-01
1.479267085281218863e+00
8.495936263634631946e-02
-4.722127673041181528e-01
-3.278405019148842303e-01
-7.072900193228828236e-01
-3.632508133237820347e-02
1.221310907419681036e-03
-5.784753898303518493e-01
-3.044868057194648481e-01
-6.618086288057011268e-01
-1.819192535422218815e-01
1.191777756510489450e+00
-3.517622750414489685e-01
6.476373672177587748e-01
-4.984451441214872713e-01
1.002986383755227306e+00
5.289552372138287550e-01
-3.978634410919889564e-01
1.171340413664545110e+00
-8.075763537708073869e-01
-1.910982421355418848e-01
-5.701620462093241054e-02
-1.417456245898258138e-01
1.129852368708981869e+00
-5.728168266496656003e-01
-1.429538262807660554e-01
-3.483227594843332220e-01
-7.628282877556006314e-01
-2.008148443960078855e-01
-4.509647518015399981e-02
5.541304472215676652e-02
-2.177618141311422895e-02
1.063783547881747671e+00
-1.295721727058153361e-01
2.594489170163237143e-02
-5.533116235515330716e-01
-6.763480285838401329e-01
-6.078634968497430291e-02
5.419907270358929052e-01
-1.545638166274627412e-01
5.089686231045188469e-01
6.266904068184048215e-01
4.271858134004066776e-01
-2.244106656137629940e-01
-8.537542538584727003e-01
8.070424840593911631e-01
-2.282951171074410757e-01
-8.152654718598340011e-01
-7.476038341671186194e-01
3.437265999191042865e-02
5.043901964873566124e-01
1.699062719036528724e-02
-2.868019636691143681e-01
-6.075376496315061381e-01
-7.667851302720541939e-01
-2.099986320192359646e-01
7.861704511918084226e-02
1.083010978223474807e-01
-7.587812387647625834e-02
-3.102649679321572429e-01
-4.470759145186175565e-01
-6.129612095579409781e-01
-5.355378246542156218e-01
-2.544079224488507429e-01
-5.973944015783234224e-02
8.274166763375182532e-01
1.248958208476372705e-01
1.476516174103939538e-01
3.691546740048898267e-01
3.561741856207432666e-01
1.367033421345762889e+00
1.245674816613860036e+00
-3.900205756611609398e-01
-6.479053643638843507e-02
6.529904115946363330e-01
2.813465448381550771e-01
2.978318117720941682e-01
-3.263252550220905324e-01
-4.226829404387017486e-01
5.311462860581047697e-03
6.242318843258445327e-01
-2.618751917112712158e-01
1.001395348090881487e+00
1.150705306027008934e+00
1.058663977256788957e+00
-2.892515148874612585e-01
-4.942434337793414900e-01
-6.123248632427751303e-01
-7.869189546816403036e-01
9.544960744166491873e-01
-5.188224525807108023e-01
-7.180333257605497899e-01
1.106685283076195431e-01
-2.288349740827029244e-01
-3.507487211600200383e-01
-7.751624457835207815e-01
5.779778119890919275e-01
3.161544785517008682e-01
1.227100776415507993e-01
-1.649740117865869660e-01
1.624967586713773615e-01
5.009584480953982455e-01
-2.459003541475197341e-01
7.898732485479650345e-01
-2.436888876698092288e-01
1.378503581841118708e-01
8.215629863920957954e-01
-1.394899666019668305e-01
3.397565593783096749e-01
-2.982480827940257040e-01
-7.601980713396280787e-02
-1.133886822264934709e-02
6.813442432907472479e-02
-2.628218264932288828e-01
-2.425329548182544037e-01
-2.433737889343959571e-01
-4.257201404754061280e-01
-2.698390423574827945e-01
-1.063077833377608639e-01
-5.767226585745213185e-01
4.705923841311039357e-01
8.437575313062840587e-01
1.328929724447926730e-01
-1.312021694088608414e-01
-6.261673076792733106e-01
1.923484649218120679e-01
-4.315937250297242622e-01
7.994413175298017427e-01
-8.711345999806640039e-01
2.535842910152018015e-01
6.873937599739925186e-02
1.433671204081775619e-01
-1.060886308641647430e-02
-1.359820325097629151e-02
1.645564098176017509e-01
-6.580307387962194277e-01
-1.380241943326386000e-01
-2.557836688635861111e-01
5.269296119165416403e-01
1.058405885908638988e-01
-6.966714994174248998e-01
1.154951065228127377e-01
3.174927022682797473e-01
1.104577464702474421e+00
5.439051763097699776e-01
1.363827734696105298e-01
-5.057642596881536390e-01
-5.949859341059644535e-01
9.828934842589583110e-02
-2.912072282694200959e-02
-8.898232669822517260e-02
-7.784763185831958809e-01
-3.636398377881182309e-02
-3.098586302646488821e-01
-7.068183346866003802e-01
2.635761360878759452e-01
-4.267132341733514411e-01
-4.172797644156173158e-01
-4.968538555993684547e-01
8.177798300686781596e-01
7.569408209066674775e-01
-1.543099798589332439e-01
1.100874396575448610e-01
-4.874637591510322943e-01
-4.685303906151693787e-01
-4.099749394499669908e-01
1.109376044962698815e+00
3.610812834534654070e-01
1.464137816486688948e+00
1.020943961169485270e+00
1.423761084517000342e+00
-2.298410373800228168e-01
3.257760095045265647e-01
-2.907848861413307451e-01
-5.054821777760886564e-02
-1.805465234855994916e-01
-7.883672536038558443e-01
6.696807337131599480e-01
5.700172711197102338e-01
7.075010501481980574e-02
5.130673405241837903e-01
4.860791077717839248e-01
2.513594607905727044e-02
-4.728569028858742307e-02
-3.805744542509254535e-01
-4.658671538366688791e-01
1.067261492711459731e-01
1.133932944835879475e+00
-3.023277148689414440e-01
-6.296490155815039069e-02
-4.024557178091621168e-01
6.560324766551410558e-02
-2.969091081519293907e-01
5.095272338367089482e-01
-5.264563715348730133e-01
-6.159891530590982933e-01
5.152409555016779219e-02
1.223111637935764939e+00
-6.398659943863526101e-01
-2.758184022564058036e-01
5.610084518232406614e-01
1.004512981871882982e+00
-6.895333247799471099e-01
4.077822727094497779e-01
1.101843062096476283e-01
3.253490707532138981e-01
2.553446195071402969e-02
-8.174046028671937414e-01
6.045717901518141701e-01
1.118396083694500831e+00
2.905952157366503696e-01
-5.426729447472518064e-01
-1.133933021856949608e-01
-5.944566341188688430e-01
2.471814911688803573e-02
-3.099913901181551301e-01
3.588790659000706817e-01
-1.007564677738037873e-01
-4.708470871558116944e-01
-2.313280345931385262e-01
-6.302637632970524706e-01
-1.702654697333363110e-01
8.232101315892740301e-01
-6.407395810721827623e-01
-2.541214892986865537e-01
1.441765600790022028e-01
4.040263285360615741e-01
-4.045833661717507246e-01
-7.225017954132647580e-01
-2.262779557780240369e-01
-5.312467490532579717e-01
-3.575071528616239336e-01
-5.836881674702046885e-01
4.837764807931685396e-01
-7.979917327902890170e-03
4.750055408725448874e-03
4.701140652405030318e-01
-1.444629713693369732e-01
-1.864274122198507910e-01
-3.200126579471322397e-01
-2.634449480390163023e-01
-1.989385383921005446e-01
1.335454197057005299e+00
-1.350504361389199270e-01
-6.613358395099010467e-01
1.405357898783808679e+00
-6.104958630505217254e-01
6.787496572068978384e-01
-4.195333010133405760e-01
3.330833534483988445e-01
-4.817042334673692361e-01
-3.297324363525636071e-01
6.530141451882585935e-02
1.117745986270130887e+00
2.043274872135884268e-01
-1.249430960607779556e-01
1.713215469898094756e-01
-6.066037391750398605e-02
-3.077663355443149840e-02
-3.054919792913578930e-02
3.395836505115036319e-01
-1.678645387353335516e-01
-2.530963839368519791e-02
-4.969549478096411121e-01
-1.571173589523084946e-01
5.166961639353215840e-01
7.116177954570740427e-01
-7.192118787670441771e-01
6.179386006429667816e-02
-2.293418684883856695e-01
-6.141792421764217247e-01
-5.003660776633657159e-01
-6.673206317915657271e-02
-1.619528086712389015e-01
6.356269159164117388e-01
1.402121354598403202e-01
1.142064537960239823e-01
-2.704427784107607535e-01
4.168195319871836335e-01
2.323032513175631308e-01
4.141014025093836537e-02
-5.560863179708328552e-01
-2.317104887407973601e-01
-3.549841201104966815e-01
4.116964126141253733e-02
5.474134419100651350e-01
1.644785017466907640e-01
1.337425778755864547e+00
-3.773163423209162093e-01
4.626111218721090101e-01
-1.737929471583497532e-01
4.302026413596082288e-01
6.200232912450901468e-01
-7.330701311845724266e-01
-2.668446883053139373e-01
-1.975841907830593047e-01
6.746887650966554295e-01
1.305692437287910290e-01
9.513484523716109198e-02
1.089795538157698251e+00
-6.380426851237926966e-01
2.566334293715563999e-02
-1.742456992585292852e-01
1.100316140510663870e-01
8.817142384442266945e-01
-3.066895370892024353e-01
-8.359549028184951047e-02
-5.807314159886134419e-01
-6.572858634921967258e-02
-3.806214220026593043e-01
4.834045525876889959e-01
4.636641901474931604e-01
-3.607244262634871079e-01
-4.866049458698863961e-01
-1.419974622483772542e-01
3.928045580649013324e-01
-9.802183993174068410e-02
1.366862549119648662e+00
-6.879216143588969823e-01
7.461191812412254487e-01
1.595159223881213451e-01
6.938207984330917455e-01
4.592816520519575341e-01
-3.967763600418466180e-02
1.390083051257833269e+00
-5.614719200152998857e-01
-6.389410478538976035e-01
-6.918318060617492660e-02
-2.042320633935127139e-01
6.146301754146015206e-01
-4.420669819920041155e-01
7.998689482747318724e-01
1.053687665739255985e+00
7.676915392944790861e-01
-6.433910240309947959e-01
9.375043982439068557e-01
2.919966624810171191e-02
9.335574999512933347e-01
-4.368376008871651672e-01
1.101194057444766089e-01
2.355905778473532386e-01
-7.476842898772223522e-02
-4.448768516981380094e-01
2.372862672211535906e-01
3.162721154933235135e-01
-2.403722435674637004e-01
-4.064379777044404563e-01
6.274729487365909852e-01
-5.247502148403826450e-01
-4.442339440798708239e-01
2.537582119862712496e-02
-6.620075190672025656e-01
7.129037080175019137e-01
1.010994770357282885e-01
-5.326172435609353162e-01
1.426813920685709114e+00
1.010095557456712978e+00
4.281349390220044737e-02
-3.868999196718513334e-01
8.017202253324281491e-01
-4.793630075811824431e-01
2.206589916959032227e-01
-1.104466986658242042e-02
1.879439898776653350e-01
-1.538279772068179840e-01
3.818312611369017451e-01
-5.559064398848625466e-01
1.384794688539012997e+00
6.216828884138356215e-02
-4.908340969743253956e-01
4.816190476725610847e-01
-1.074395502327729485e-01
1.809463563939788244e-01
-3.544504021279503148e-01
-2.095841675972640594e-01
-4.890540484887153094e-01
1.847897198875976532e-01
-1.839249952157362977e-01
-2.648245999690170827e-01
7.646313743314351319e-01
-5.161036763521328341e-01
-4.732341342448075916e-01
-6.579780856261872035e-01
1.670749798586454449e-01
1.321374065311038626e+00
-3.309899048426151458e-01
3.398618564931793484e-01
3.198228865597818049e-01
-4.982882526119519762e-01
1.158012820314115315e-01
5.002949507243580063e-02
9.317543808317420018e-01
-2.875520226821424719e-01
3.672393304592060786e-02
-4.693336447844801973e-01
-4.365513555643500965e-01
-5.383439893175391289e-01
2.862506955382074225e-01
-2.302148098705509016e-01
1.146890163086777159e+00
-3.875371055667362619e-01
-3.026577182944645839e-01
1.468755002798738607e+00
-7.108407992122334207e-02
1.362790050570013567e-01
-6.583749818711467361e-01
-4.300551642388459328e-01
-1.283209340049412117e-01
5.053116503404022630e-01
-2.389375027350379432e-01
3.654982258965623343e-01
-1.897633370814408582e-01
1.728927217840425801e-01
-2.462802822289561488e-01
-2.187366206058423135e-01
1.484003370968399516e+00
-2.961799230113215109e-01
-2.553767887823715221e-01
1.179648906522481777e+00
-1.209904213831307085e-01
1.382621768751629787e+00
-1.117349099781283633e-01
1.055215927803904385e+00
-8.256411177430357518e-02
-5.541813858312759633e-01
-2.646814592410631217e-01
-1.272441750202021327e-01
-6.450657951931670908e-01
-6.430236784154328422e-01
-1.418845950224532221e-02
8.854014150446770648e-01
-6.416797575593450320e-01
-2.506368463812569392e-01
3.960483997851371729e-02
-6.494705948843270370e-03
-2.628915334412063043e-01
-6.467670594128999140e-01
-2.025066941449407965e-01
2.148427568436798718e-01
-3.124686011431796473e-01
1.086300940018221750e+00
-7.269998471126435380e-01
-3.474226143881840034e-01
4.396012675114005508e-01
-7.279341645560251095e-01
-7.121863272787677390e-01
5.142762586373210709e-01
-2.318016486064500004e-01
1.041910976091545427e-01
-1.134271647415893980e-01
7.202777676539652285e-01
-1.572627087239642230e-01
-3.159783202749685271e-01
-4.467655786985902377e-01
-9.074388873031580260e-02
7.914989254995445922e-01
1.862098394284479319e-01
3.309757249024596060e-02
-6.900260070449828476e-01
-2.955461375095186360e-01
-6.454424045129807386e-01
-1.843702082561647082e-01
-2.866715385567246699e-01
-5.323208247068555998e-01
3.542320241669204561e-01
-4.705515270072734846e-01
4.068778817401872416e-01
-1.311489534091113129e-01
-5.854418137622112717e-01
-2.308905988662974251e-01
1.529939100653469941e+00
1.404174067529500913e+00
-4.051692971321602665e-01
1.970368549369249378e-01
-8.691493096605087398e-01
-2.066514632782784355e-02
4.860182521056440746e-02
8.578661981120807578e-01
-1.493201544799822866e-01
5.510380528418737933e-01
-2.692827515741150757e-01
-6.533555115640720112e-01
-5.731094164758387954e-01
-3.639970823683256751e-01
-3.256861932318644293e-01
-8.147335523091515652e-01
9.260035722977165429e-02
-5.243059836821372111e-01
7.568968289252713255e-01
-3.443669532200273053e-01
-1.001517477397725897e-01
2.908310911552676736e-01
-6.742039894755946783e-01
-1.828912542309056033e-01
1.126296791570093186e-01
6.843611825560843576e-01
-2.699247574399203375e-01
-5.212557686527652390e-01
1.156567199600067042e+00
5.134878211188551589e-01
-6.518888919632913337e-02
-4.561710234398501096e-01
-2.354711747647428577e-01
-5.506908582709023614e-01
-4.098981517256349294e-01
-2.080266704263699085e-01
-2.995478820283798971e-01
-4.705474549378165783e-01
-1.487567656598577370e-01
-5.916489598744789635e-01
-3.503057518419055438e-01
-6.339770774604135406e-01
-4.065142298931554987e-01
-1.163746484534711884e-01
-6.967347197719085949e-01
5.335254001550507885e-01
1.035163306584250681e-01
6.905305079411795388e-01
9.807135527395729468e-01
-7.555587275414159532e-01
-6.667634399622357488e-01
-2.783530873799002214e-01
1.646687730894274282e-01
9.606856627761201084e-01
-1.409467560423990906e-01
-8.719035523665473464e-02
4.407038624549934891e-01
-6.603219189158132663e-01
-4.674371641998205096e-01
-6.544604864672860789e-02
3.454196488918028218e-01
1.862472851811918240e-01
1.139468392898963511e+00
-2.184722256685092678e-02
-2.059351434823793528e-02
-5.592973314923790351e-01
1.523880814193119548e-01
-4.707585874438225543e-02
-4.007298782909402557e-01
-4.664358157371910341e-02
-1.645534646219390940e-01
-3.085248351158814684e-02
6.804941875312621180e-01
-3.822262033190053088e-01
-1.331869419677985111e-01
1.428162833619937455e+00
1.120749872912968126e+00
-7.069010551297597589e-01
-9.627696439705631104e-02
-1.093110635041348866e-01
-3.800255627713208240e-01
1.305322046771665787e-02
-5.235478120473953112e-01
-3.890896229870251521e-01
-2.997415752222483132e-01
7.542400577269928741e-01
-4.613292239684871343e-01
-2.067252388633334659e-01
-3.323456475700202195e-01
-2.552256778311732255e-01
3.901983880625088386e-01
-1.600878482038523704e-02
2.551579461903450974e-01
-4.020851652457582137e-01
-8.691907803831781798e-02
-1.681661370353906004e-01
-3.567105780607816579e-01
1.311999098564597510e+00
-1.763556216156509093e-01
3.865502482837175346e-01
1.119393378256680061e+00
-4.185405791330942815e-01
-9.278883638029773728e-02
1.302903574879475057e+00
-5.480531142751288165e-01
9.141707264198972727e-01
3.816762186034805548e-01
-7.008674540636506967e-01
-2.589053212155467687e-03
-1.521892397459635726e-01
-3.541104427179964098e-01
-5.935201028654486510e-01
-2.977835685799318788e-01
-5.506544610514715332e-01
-2.408280606644197797e-01
-6.705705908042048913e-01
-2.533949108953558738e-01
1.300833301010569099e-01
-5.511341549212236401e-01
-3.873136135823933568e-01
4.046194983418550106e-01
1.313081575362272435e+00
-6.456088746319369603e-03
-5.146873741560507864e-02
2.381120943964012970e-01
-6.910633435799705682e-01
-2.639557227934910544e-01
-5.309922736876139249e-01
-8.011596618255290014e-01
6.518777874614121171e-01
3.364918906567951895e-01
-2.078690578666624877e-01
-7.600632751703714773e-02
6.722582754376721370e-01
-4.679443662822123096e-01
1.469282886021671675e-01
8.393151560937598399e-01
-3.845182426524560992e-01
-1.626273846922455801e-01
-7.101475213343828585e-01
-4.049939633617740120e-01
-3.163625191989202085e-03
-5.653364317664372196e-01
-5.782627374063876724e-01
1.092318807715044304e+00
-3.009934704898627467e-01
-4.320093257769764272e-01
-4.332109074428218687e-01
8.129474657261008541e-02
3.223036289713316349e-01
-6.162997181848800521e-01
7.081683492737942398e-01
1.131810476366131635e+00
2.822829507441702024e-01
-2.901543579584728305e-01
-1.064741258428180820e-01
-5.200515049764201647e-01
-8.242112742206438025e-02
-6.331094459412263120e-01
-1.354572912081480618e-01
2.741222603613859277e-01
-3.877990252078424294e-01
7.557360183435900269e-02
1.140166945427947720e+00
-2.356608254707447669e-01
-4.732686701441839450e-01
3.764158761508418910e-02
-1.445419084848297286e-01
-3.599384889864468695e-01
7.084212925584285059e-02
9.702820095110114007e-01
5.027191608405778833e-01
-4.264053070585502314e-01
1.276508016475013108e+00
-2.121350933123436477e-01
-3.832815916722348004e-01
-5.588573188927651314e-01
-7.374542053196788682e-01
3.387758451474499055e-01
-2.226990465714684397e-01
4.590220498699988383e-01
-3.623804346481990235e-01
-3.226156921563278490e-01
-6.098279470034689842e-01
-2.478213337038285835e-01
-5.684054353982649355e-01
-4.520751691594640520e-01
-3.070726949882874313e-01
-5.390239754485653956e-01
2.942620222246201955e-02
2.523962484465038236e-01
-2.521889689225685974e-02
-2.503522888999227258e-01
-1.530172940587415653e-01
1.041592645508636616e+00
1.061659107808478053e+00
-5.049435874094286569e-02
-5.887756621208037888e-01
7.997811188180045106e-01
-8.232434206421042344e-02
1.789436623528293246e-01
-6.979407684552566549e-01
-3.478422984054487799e-01
-5.848092823945760799e-01
7.550066352616024989e-01
-3.941980582824581858e-01
-4.363515507976574170e-01
-6.964724500666611418e-01
8.581096933268377025e-02
-1.416584599105522868e-01
-1.738842490620919057e-02
-1.062115408905613123e-01
4.843949963459301400e-01
-8.339162627428428620e-02
-5.204282652156947409e-01
9.152262628360334773e-01
-8.992993024730168428e-02
-9.234774390205140182e-02
-4.718535503227956340e-01
-4.004155880652318644e-01
-2.490743025882745931e-01
-3.439339204219833343e-03
-3.989274537310518176e-01
-1.353062187741839173e-01
2.387179185378238977e-01
-1.854660893607051608e-01
-1.016703476184654953e-02
-9.075411052770883391e-02
7.505154221429634065e-01
1.355467619526771417e+00
1.640191412935301796e-01
2.655980326033079986e-01
1.425493348896704315e+00
-2.427585682280926915e-01
-3.557530664515926033e-02
-6.575021958095724761e-01
-4.381769345509237135e-01
-3.997272540334426139e-01
-2.298122348431544670e-01
-7.977393632127217638e-01
1.167405504785888892e+00
2.077782373214185629e-01
5.795721518252951870e-02
7.627271112928082353e-01
5.255316236956218967e-01
7.063456186010365068e-01
-2.501523078907355591e-01
-4.693968458152249223e-02
6.759807619698872116e-01
3.572117715857109910e-01
-1.002209547570500209e-01
-1.052185803372458414e-02
-3.336734066361748408e-01
-1.309980703945162472e-01
-4.796408012476835458e-01
-3.979975187246846957e-01
8.838073957767084154e-01
-3.225307480518706527e-01
4.476560156331248902e-02
-4.005906302329052537e-01
-2.941901193694024808e-01
-2.265934788411342882e-01
-3.123509014083988844e-02
5.021794004506379139e-01
-2.819248070728746502e-01
-2.100965734280436648e-01
-6.848934619235089727e-01
-2.234347916278374702e-01
-4.653738273416081483e-01
2.657812800762848759e-01
-6.860674648419935462e-01
4.332959217643836403e-02
-2.478605110132543476e-01
-7.136413110301572660e-01
2.488451263564464555e-03
3.189383134972589157e-02
-5.104474765578271844e-01
-9.139401648548146906e-02
1.737167526530456266e-02
-4.220082720087295902e-01
7.572356269489671776e-01
-9.700886059350889712e-02
-2.466218379381622527e-01
-5.184344625285899344e-01
1.273602722589283198e+00
1.361961441489668578e+00
5.515304895850534628e-01
-5.548634230311625393e-01
-2.729828108644796192e-01
-3.351217252993933804e-01
-4.898164630631854366e-01
-2.726346167549487109e-01
-2.894177147471134193e-01
-7.368887301303971293e-01
1.215495108620528592e-01
1.137629534293313815e+00
1.371477502609550758e-01
2.581091455956041059e-01
2.636342826365011827e-01
-4.969705426883047061e-01
-4.537152883950569260e-01
-5.052004621626121628e-01
-5.234379346282296286e-01
-7.967585185574741491e-01
1.995016735382505180e-01
3.221553765764190169e-01
-2.649706248143018916e-01
-3.565910944495041535e-01
5.789431776330083990e-01
-3.738352508551788800e-01
-3.473961717431728324e-02
4.014438262630204424e-01
2.321545310635689252e-01
8.401178497412651325e-01
2.871354469550790323e-01
-5.221492960980253506e-02
1.511942234061278256e+00
7.324290115002518586e-01
-2.417323645757334105e-01
1.426914058608729496e-01
-7.402258361627286343e-01
-3.401992666228828566e-01
-3.775338974443757656e-01
-1.577946559072650190e-01
-5.690553573497425521e-01
-7.301282727142645035e-01
-7.137116581264479898e-01
-2.134035548742395372e-01
-4.562568881928114606e-01
4.230806276727621662e-01
-6.130081144372105939e-01
-9.887026620277390709e-02
-5.502659901641439033e-01
8.170324996104786353e-01
-5.609951400573028879e-01
1.191908782128223709e+00
8.453092275149434731e-02
4.661888066144085907e-01
1.874202128681365376e-01
-3.576518459264464433e-01
-3.056534328809772383e-01
9.430261780847082331e-01
-7.222768039136148177e-01
-3.093749620372617665e-02
2.700332139273208254e-01
1.654235255707506291e-01
-2.085452958792134992e-01
-4.685051424291076239e-01
9.878242024814030964e-02
6.682251831305190404e-01
-4.929856569391787291e-01
-6.807384977459726150e-01
5.815077423354836350e-01
-3.633983567863092179e-01
-2.676375548176853081e-01
1.513973539111665101e+00
-7.147994775815168511e-01
1.338614068410888480e+00
-4.338310925895255132e-01
4.960020546557777910e-01
3.774181281039265534e-01
3.151031003066080416e-01
-1.882996023277539732e-01
3.237112469635245460e-01
4.922437627034737528e-01
-5.297736638506537199e-01
5.476207095647803724e-01
3.334335972093005820e-03
-1.504746432271049719e-02
1.444914017964308295e-01
1.210231154789336294e+00
-6.263726574818029302e-01
-4.521072277349558743e-01
-5.899668984504489178e-01
-5.348340137073130940e-01
1.738884893797914277e-01
-6.728714476394839772e-02
6.973521718237015721e-01
4.885697356046130313e-01
5.518777637424625571e-01
-4.084421027570099838e-01
-2.283638743233720736e-01
-3.174828950377986958e-01
6.241140784442988226e-02
7.758151691027410923e-02
-3.525860538624956964e-01
1.464560729984598630e+00
-1.434922985037512533e-01
6.968327950162489515e-01
-7.949980486015431613e-03
-1.540865806452442477e-01
-3.653582877274026419e-01
-4.209587198754036752e-01
6.411201190593917021e-01
-5.019189763097751111e-01
-2.770873219325573067e-01
1.288801724031729767e+00
-2.679756270028913478e-01
5.280742173604635603e-02
-2.521951356360534469e-01
-5.145409790375908843e-01
1.424497522748196209e-02
1.192535080180369356e+00
3.882709322703797872e-01
3.869283473515223726e-01
-4.009895714737944927e-01
3.687638604762481787e-02
-2.949874858223595075e-01
-5.780414417890475942e-01
-1.001021129805690531e-02
-5.479986324279443322e-01
-7.087159560521785195e-01
-2.007840777300142765e-01
3.073454947392155190e-01
9.169546738151318488e-01
-6.504823966999174756e-01
-1.649572447121235574e-01
-3.089806770695303628e-01
-6.080807129121814647e-01
1.732645533325704867e-01
4.519989675603844348e-01
1.924939933057226160e-01
6.820945918393742646e-01
7.428405281115104675e-01
9.192954029176318986e-01
2.571243336443109762e-01
1.787596327485945977e-02
-6.765609193340069716e-01
7.366709827872203187e-01
2.594604659357381826e-01
1.076377417982798540e-01
-5.387861396721370655e-01
-2.262374224052983440e-01
5.104795516034535963e-01
-6.154941579219492809e-01
1.451483589040244160e-01
-3.847880217584900842e-01
1.149081504755763650e+00
9.140449996397764787e-02
-8.799273257893758249e-02
-7.809889945467216599e-01
-5.205435616192899406e-01
2.013962413447166755e-01
-2.790348378624603609e-01
-4.512797173886458624e-01
-9.672495748061514520e-02
-7.311464046352832424e-01
3.807618811694089000e-01
3.421454953433436530e-01
5.145457835873330499e-01
-5.667477082717354842e-01
1.092786759512431205e+00
2.210756423202683008e-01
-4.828250606601895978e-01
6.641802262555398517e-01
7.943065936055496712e-01
4.965350415622922231e-01
8.007124238900704682e-01
1.514935947519491510e-01
5.679327994536333968e-01
4.165395865026648714e-01
-4.189424025588014966e-01
8.534579202130982978e-01
7.034253303538652302e-01
-6.347701206439370081e-01
-7.019654732503095573e-01
-4.327660593411970270e-03
2.980613015678446609e-01
-5.508332021096754710e-02
2.935828632503306723e-01
-6.156849677873373061e-02
9.719056686202853790e-01
-1.162070622472776704e-01
-4.106010502787215688e-01
-9.800464551383415712e-02
-6.076260158580549381e-02
1.340476495049386152e+00
-3.111844017062727619e-01
2.333505547777597056e-01
1.585419484838804793e-01
1.528862769235565244e-01
6.331246533925286579e-01
-7.015445582151077497e-01
-6.103518809194671269e-01
-5.995106998655396202e-01
1.072731851509771017e+00
-2.696928114838220703e-01
-2.831753207781487758e-01
-5.744018508931472144e-01
-2.459705870272847206e-01
1.159084620001225696e+00
1.273145598925356392e+00
1.041406852815042638e+00
7.792296454481769663e-01
-1.284434018542606193e-01
3.870899164015469962e-01
1.614950675087786780e-01
9.466520948707566330e-01
3.885392918971695697e-01
2.967029686331644142e-02
-5.205609748122296265e-01
6.795853375559605114e-01
-1.290775918834480007e-01
-5.052091994008073295e-01
-2.350101944006757204e-01
-5.582534385610157801e-02
-2.609690034778675560e-01
5.927322947057122038e-01
5.702361494281051879e-01
-5.913844111255957964e-02
-4.755396145732624508e-02
-1.746432967766139710e-01
-3.029397846742095113e-01
2.057991913838743137e-01
1.056931902755956276e+00
-3.301038857722550790e-01
-3.384688842446176293e-01
-7.020005215945557264e-01
4.067732947428074897e-01
-4.216781304217085413e-01
3.646573736351962358e-01
1.518593363513559835e-01
8.420604690779780466e-01
-1.183121859799705772e-01
2.828948767557947774e-01
-1.151798407696299070e-01
-2.963832459744858080e-02
-2.590742369440156012e-01
-7.809369143316110540e-01
-2.754645702176670707e-01
1.596161499298358044e-01
8.665349045274715056e-01
-1.638749291538637021e-01
-6.184545813025952299e-01
4.025664911402594415e-01
2.121322352475698766e-02
4.562244394851482261e-03
6.457569179957963756e-01
-2.424179661638005499e-03
8.500076154380389881e-02
-3.744414328079248566e-01
-1.192295890921112322e-01
-4.701032881086565918e-01
-7.525249760598818893e-01
-1.827221559199544432e-01
-4.732691552897642651e-01
1.130471412184426594e+00
1.492910220395116949e-01
-1.349815690552405023e-01
-9.531497064174174194e-02
-4.623578561591139002e-01
1.050386622947268034e+00
3.122078161363888715e-01
5.967936792928236756e-01
1.034573616540457985e+00
7.088662639756242168e-02
2.825975546127107441e-01
1.979862316425755053e-01
-1.836377483027612223e-01
-3.324836355248967923e-01
-2.814451750486207660e-01
1.745758751931159314e-01
-2.417384918220098766e-01
-1.359437200957241687e-01
1.081637999827322061e-01
-2.561497004138181266e-01
-3.310113709226956691e-01
1.076990987919681064e+00
1.380300600119976684e+00
9.845830277669441744e-01
8.147827680106173309e-02
5.001874358094331452e-01
-4.401432171036589458e-01
7.907276829994392964e-01
-2.636005384277627095e-01
4.979959341563889863e-01
-1.431797719930623658e-01
-9.040340436923161027e-02
4.667927637883453329e-01
-4.057072752344570987e-01
-1.790454978032374744e-01
-1.123448291919534464e-01
-1.671986264814361856e-01
1.316691773703952961e+00
-7.050481535200521233e-01
2.548209808411249222e-01
-4.036344151332827979e-01
-1.637133004565406724e-01
1.025609354180030131e-01
-5.361301950781396375e-01
-1.985871230241606500e-01
-1.449053884563915040e-01
1.248088459156200924e+00
3.288490797737936289e-01
-5.320653033472230176e-01
2.183902547949970741e-01
-1.284708835735210997e-01
-4.950429695590194412e-02
-4.416040962430027306e-01
1.387132645794630248e+00
1.552318118147367754e-01
-3.233333637411953121e-02
9.000385206617862455e-01
-3.187511798231027621e-02
-6.349882105198506599e-01
-6.742264234728868599e-01
3.058499453003035717e-02
-5.759244700919292914e-02
-1.256246357493607246e-01
-4.413557473091734296e-01
-7.677812322519476929e-02
-1.412487261941749450e-01
-5.477530488026084721e-02
2.046103885760804098e-01
-2.803703339602303668e-01
-4.376517206602733023e-01
-1.497883754780237608e-01
3.974031019294924638e-01
1.308343691852439816e+00
3.616695971799255838e-01
-1.591908542380242875e-01
-6.402821631565015492e-01
8.037734736375660161e-01
2.270160261923718711e-02
-3.539239708022719477e-01
1.053510148929462042e+00
-1.248140942234299625e-02
-6.113523240553865312e-01
1.252015649497030259e+00
-5.207452087469045116e-02
1.748077751890080855e-01
-2.808143565188694901e-01
3.923114060020026495e-01
-6.486046579163342596e-01
-5.098529259000110503e-02
-7.469263059466857424e-01
-4.900617411546401847e-01
1.017690546367277377e-01
-6.213558543251912480e-01
3.247482112988810954e-01
1.177952808699290976e+00
8.616598667399748557e-01
-4.276856332321108400e-01
3.949937321134565638e-01
7.190765308335269612e-01
-1.635967754254881168e-01
-5.689978189003146447e-01
9.340863379752408768e-01
2.876883754454071518e-01
7.005196633434517262e-01
-6.432861364276512006e-01
7.578768978486341013e-01
5.628356564362111542e-02
-7.742276563490789743e-01
-5.977202740790558133e-01
8.358733578072666814e-01
-7.071658600890581292e-01
-4.898289606362106752e-01
-7.552459959062082229e-01
1.343641247206782019e+00
2.069229746036505557e-01
-4.671613743725901435e-01
-1.535212332977327898e-01
4.393954689443735906e-01
1.815850234664202756e-01
4.911487721892087710e-01
-5.011313465167033243e-01
-4.617144664474518989e-01
-8.100246592201827689e-02
-5.408425731142244564e-01
4.243997034851738626e-01
-4.801660707564531783e-01
-1.595662538672840136e-01
-5.867332475540751879e-01
-1.729862729878655914e-01
-7.975950716428119314e-02
-3.258418137147277016e-01
-5.900347980313412899e-01
1.576986232509575980e-01
-6.753602836982361968e-01
6.777598298992962844e-01
1.286400919554145927e-01
1.792759556499086970e-01
3.436331535480870447e-01
3.479744770828525069e-01
-2.862020153571856462e-01
6.605837159434498895e-01
-9.033033588008836101e-02
-4.950900169741818124e-01
-5.511812448470168047e-01
3.359462460633115821e-01
-2.408965217486350174e-01
6.880751151967113843e-01
-5.424958163109915299e-01
2.317839159103195212e-01
-7.342997243210277469e-01
1.030508844379425804e-01
9.383972470278459932e-01
-3.941628886907809770e-01
6.873831063768265359e-01
7.449309693361291229e-01
1.265218609181597120e+00
-8.127699401429756554e-01
1.059921613814050811e+00
-4.520009524705821957e-01
-1.365613173617884896e-02
9.899281511988405891e-01
6.596357051546702932e-01
2.608946777901852143e-01
5.514600226348163881e-02
3.620935138272891596e-01
1.568264467721890987e-01
-6.798733193594182732e-03
1.160195988564086400e-01
-1.295687801631843494e-01
-2.703167378715132796e-01
-5.811837276386188078e-01
-2.479211175471024153e-01
-4.555598549487887006e-01
1.756727642521506705e-01
3.418991131735506228e-02
3.835154302354477074e-01
-1.638887243514319803e-01
1.348377408638124164e+00
4.488085036069554556e-01
-3.294411212346540219e-01
4.985687983795920042e-01
-7.640962511050011230e-01
1.430613756880012577e+00
3.192365383533107281e-01
-3.148813995962753687e-01
-2.239459327523540266e-01
1.752445307138745384e-02
5.550028872963294058e-01
-4.906853596099331610e-02
-8.468191757932758135e-02
-4.309496797230350507e-01
1.599886942347102381e-01
-4.923114902803118476e-01
-7.793643558506269109e-01
1.041962884838375791e-01
-4.433982403634151304e-01
5.931180871479415639e-01
-2.710247668238684876e-02
-2.873229438373654521e-01
2.189233726458746088e-01
2.697472571525104668e-01
-3.773947977742220239e-02
-1.395548554441899125e-01
3.690102024220329874e-02
1.476830534612194601e+00
-7.733781900710637869e-01
3.749032225546620190e-01
9.006983868080861155e-01
2.927218256177254174e-01
-4.290232247784959985e-02
-5.994771024282181671e-01
-2.274007891594882758e-01
-1.622345658003784274e-01
-1.197299723433270235e-01
-1.092506894371340909e-01
-2.177069545919901872e-01
6.362705785930203306e-02
2.535219815846072589e-01
-7.561343372196640544e-01
-1.995676900965479283e-01
1.433267159068380911e-02
-1.533124018400542909e-01
-5.625360857454045904e-01
9.267786863479935411e-01
-2.870271599945878327e-01
-7.370120170828732276e-01
-6.404628878990770158e-01
-6.822528737433300461e-02
-7.325129974428071788e-01
-2.419610537840153897e-01
5.707751073230680344e-02
1.074877964585772450e+00
1.466875625223464485e+00
-3.713102923558414536e-01
-1.694125857598127727e-01
-6.634721154308125257e-01
-1.721303042484511048e-01
-5.289966146954969695e-01
1.344701812417012254e+00
3.668966669225965371e-01
1.156332061584296050e-01
-1.957630473859197362e-01
4.770515534843179362e-01
1.281733436351342625e+00
1.292975322238458236e-01
-1.378878415648189804e-01
-2.949125970135701991e-01
-5.190941397042124761e-01
5.477266327206379432e-02
8.763540527516729128e-02
-3.790913018519279087e-01
4.555153196249038805e-01
1.228281082267414837e+00
-2.762165096604681791e-01
1.029984091307352578e+00
-2.788568970318658913e-01
2.385396644935664778e-01
3.102460072599345642e-01
-2.439969391861947501e-01
-1.292657413089478846e-01
-7.071227773394112015e-01
1.652751405743261848e-01
-4.073043630560700679e-02
1.010414877480998008e+00
-6.026418317764723476e-01
-1.858338746639264238e-01
1.056144832180346160e+00
-2.335860502585413445e-01
1.012742364841140996e-01
5.598218166989503697e-01
-6.257468725976361723e-01
8.577899898902739684e-02
-1.069489713195627967e-01
-5.439287644939386768e-01
1.419187289012808328e+00
6.806619549144335979e-01
-5.391020758705752369e-01
8.341705329443656058e-01
8.516484958593186771e-01
3.711678769221935514e-01
1.871469029660619288e-01
-4.479082044917536143e-01
-2.493436586120973963e-01
7.075863884975867046e-01
-1.326131565210842134e-01
5.550001511124281507e-03
2.067027391725475005e-01
-1.119235361475849899e-01
-2.422328194732054907e-01
-1.714942324648118799e-01
-4.309799533531535332e-01
-7.331504988512220489e-02
3.067572824523095987e-01
-2.233526514364767360e-02
-3.564270469386830453e-01
5.994081919233794631e-01
-6.807789408258831942e-01
1.541172053852180035e-01
5.976851837118904998e-01
1.324956525706592614e-01
-2.966917641179340759e-01
2.140794406713003306e-01
1.396025754352090975e-01
-1.615385213232326811e-01
2.139046027694394836e-01
4.254352442324136341e-01
-1.895676077560114192e-01
-5.983831509834466322e-01
-1.940982699355509869e-04
6.856281974381083222e-01
5.894360162853200524e-01
-2.856819631143687199e-01
-9.882478932881148814e-02
-1.721346893339033013e-01
-4.046528576597558935e-01
9.543362500597900311e-02
-3.178688348176180178e-01
3.133467972425895143e-01
-3.223668325874395335e-01
2.968637941073420938e-01
-3.469721634648365582e-01
-3.078833310783245514e-01
-1.868035419156745813e-01
2.705909211802566827e-01
8.566931632090063475e-01
-4.456868512900142437e-02
1.131591059522955467e+00
-1.318383207749446451e-01
-2.914693621102485421e-01
9.085588250292324364e-02
3.537791364076600664e-01
-7.207700500788387643e-01
7.279742788035492573e-02
7.856603316527352998e-01
1.216259182227537927e+00
3.954139453301881435e-01
1.016272768602288767e+00
2.453681681925602986e-01
7.285226091715908681e-02
1.058657909250438678e+00
-3.137301261515172413e-01
1.634953257757082792e-02
8.364892993285960934e-03
-5.411361693620910795e-01
-5.434796504464012301e-01
3.213925953028273219e-01
-6.964617931361154479e-01
-7.066743213773580834e-01
-1.383834285042862544e-01
-2.852668278648674560e-01
-4.307460971800400884e-01
5.425569616634517978e-01
4.385562992770040691e-01
-2.805550476277182681e-01
-5.025556697912740844e-01
-1.216923403370431811e-02
3.212801444667516271e-01
3.706345651818344078e-01
-1.088573899226542019e-01
-4.091414418819755427e-02
-6.059997742835775414e-01
-3.252459497706776115e-01
7.252241609790802124e-02
6.561664280429428953e-01
-3.609841220058746525e-01
2.276736811889530365e-01
4.941859597752107369e-02
2.342527283907943347e-01
1.265378286879168312e+00
-5.347069427725318347e-01
4.855253595978291647e-01
-1.179259978691457322e-01
-6.225284646307004399e-01
-5.487537549221739308e-01
5.390336890701216133e-01
-2.758359817636016897e-01
-3.205625826783424781e-01
-6.436727884336210792e-01
9.635071098336788209e-01
2.517604485486270027e-01
-4.728806449650158061e-01
3.553481018605973984e-01
8.990424242295363966e-01
-4.260519022895732921e-01
3.321333422771723942e-01
6.782281292509747539e-01
-6.253472732459587347e-01
-5.249433321252977569e-01
-2.124594761384526742e-01
1.402278278162686798e+00
6.615732571281469632e-01
9.468877145616375612e-01
-5.898734358983684922e-01
-2.612895804102923214e-01
4.191142574797914605e-02
-4.278529819196402739e-01
-4.934135239589000910e-01
-4.716732816158804575e-01
1.272073476775378076e+00
-6.435199473965304284e-02
-4.681689323297895666e-01
-3.551163151151878195e-01
-3.862136674862657881e-01
1.121662059098675002e+00
-2.922415102738355752e-02
5.581219742063663336e-01
-7.785862230864494526e-02
1.406789473922588074e-01
2.125921403098687268e-01
4.653198232293862535e-01
7.655691258169521340e-01
1.123170701043822106e+00
-6.235548049987456043e-01
-2.355336729270292306e-01
-4.617702219579316592e-01
6.951361434409455975e-03
8.135455948907406587e-02
-4.992670131470224870e-01
3.807796421072557336e-01
-5.715734935114635817e-01
7.906300718456087395e-01
6.076998855539870320e-02
2.654562128803286680e-01
-8.280997173728675831e-01
-4.554875999598034242e-01
3.401104042790484838e-01
2.398650716703597946e-03
1.408066897529698380e-01
-7.090911230850891478e-01
-1.179000243608718801e-01
4.896563258173829980e-01
-2.099149016625496966e-01
1.098719832674625169e-01
-1.274513156480680254e-01
3.188740600878785247e-02
5.559387784070760063e-02
6.657225523165742620e-02
-1.259046174978663279e-02
1.421255386067990623e+00
-1.479258698888584189e-01
-4.268084733045915957e-01
2.527619147846625891e-01
-4.350722041215237534e-01
5.688353464219858546e-01
-1.664416385962894096e-01
-7.322253609696194321e-01
1.141337219112457113e+00
-1.868625242893401928e-01
2.967790722824257058e-02
-5.500939769472934504e-01
-6.589445130493946090e-01
-1.285517369620099160e-01
-3.926621845454421611e-01
-2.941672621666474030e-01
3.127663113918447979e-01
2.172873930791342223e-01
-1.724981933496717301e-01
2.373426278469558393e-01
-8.496406533501181524e-02
2.236992959845683360e-01
4.938018761797091302e-03
-4.363170947520189462e-03
4.277428790900080213e-01
2.357083774133524323e-01
-3.928530298858515790e-01
-4.582463445921191592e-01
-3.674958305529695823e-01
1.993227443060268528e-02
-6.790341822685418416e-01
-5.844695732075431138e-01
-3.629517515720693810e-01
-2.828472089691916880e-01
2.649084796026295874e-01
-2.781340980272565822e-01
-4.596619099664333019e-01
2.208144838977998681e-01
6.749061960112887615e-01
1.060179291980908545e+00
2.986167290147528353e-01
-1.787481384144182783e-01
-3.434742828851009566e-01
-2.802778525032582069e-01
-3.647012106164553707e-02
6.554167308054608121e-01
-1.386542541023069453e-01
-3.532856170785364514e-01
-1.514819962062007863e-01
-2.399934278945745070e-01
1.195085609494199730e-01
9.615174684420005891e-01
-1.335423708420672151e-01
1.465930523218907044e+00
-2.685808418547823151e-01
3.015996557766006947e-01
1.912992525452943959e-01
6.406305499494049926e-02
-6.402087823934172750e-01
1.533190411002373355e-01
7.370251448123180671e-01
5.376559113878556229e-01
-2.024526456826011567e-01
-4.244332656494938516e-01
-1.180922542563829086e-01
2.636571759078068077e-03
1.062835392058288697e+00
2.373230336651079575e-01
-4.910983416441027649e-01
5.794369463633345374e-01
-1.849354305976050328e-01
-3.277247260158188680e-01
-6.450929119479692497e-01
-9.717549086613128800e-03
5.768164505852765300e-01
5.225400795537466642e-02
-3.491635053292401203e-01
4.506722502238765804e-01
7.925528020408967311e-01
5.409351755677744844e-01
-2.689098779422893215e-01
1.369791031328373293e-02
3.185775539730873462e-01
-1.313176952456962254e-01
-4.623089290816708719e-01
-6.263955051307740218e-02
1.979864407542468174e-01
-5.152985445040518808e-01
1.145683256828319063e+00
3.362575909192362655e-02
-3.047245473652547207e-02
-5.457710272740708968e-01
-4.719391729652288592e-01
-5.807331872024154018e-01
9.025117340653425746e-01
-3.899553347260186209e-01
-4.064011977421587152e-01
-2.882529357416708238e-01
7.975862560183245575e-01
1.054295164685461916e+00
6.173893438644335596e-01
1.133884067254751660e+00
1.924405708247451524e-02
2.066981539169956417e-01
5.818929516642789429e-02
-6.135428662677334666e-01
-1.943938766994683098e-01
-1.536663190303564352e-01
-2.858095685844264655e-01
-6.122767196744056672e-01
-3.648722636874032754e-01
7.593163638316200448e-01
1.287544373747629756e+00
9.611419187253336105e-01
1.444965947826097330e-01
-4.164180340235746347e-01
-7.694201033042581406e-01
5.205757910603804328e-01
-2.642517906953295928e-02
5.566326782801526152e-01
-3.995809053002583600e-01
1.784518386009093793e-01
8.470148086476299298e-02
-4.821655191650305317e-01
5.125050163241308132e-01
1.818959263664932796e-02
-3.562316977257595774e-01
-3.347628277686230391e-01
1.060841688184473997e+00
-3.798921989951987155e-01
5.416368290215523018e-01
-3.078460503670266135e-01
-7.423314250637640388e-01
-5.282921537211788809e-01
-3.695842541605455223e-01
4.731152837327861488e-02
-1.959669942339703486e-01
-3.616478691665553358e-02
-3.701444702469323667e-01
-1.248905884335319849e-01
-3.578120949180996213e-01
-4.466644141923515887e-01
-6.318450524991740813e-02
-6.977638657815373735e-01
6.503467592893075189e-01
-3.940634830950254797e-01
1.379649339157615229e+00
-3.149348580224185269e-03
2.501276961503357543e-01
9.569934723331295912e-01
-7.716039387213592671e-02
-8.424884720582057063e-02
-4.416317948755909550e-01
5.540521751356268787e-01
6.022398930831064368e-01
4.901528357553286419e-02
-3.055991534076419880e-01
-3.373419322986580537e-01
2.252937008086430271e-01
-2.303546350687703248e-01
1.351691226973426030e+00
-9.135214953509566971e-02
-2.373723353066238273e-01
-6.994536578251641101e-01
2.002416663170819566e-01
3.922036496841136977e-01
-5.813626461197850537e-01
-4.941509497898246006e-01
8.281475269085549762e-01
3.782531979088515350e-01
6.068588224397089004e-01
9.116071901389832810e-01
2.153794644562048444e-01
-5.000267388469268326e-01
-6.122546026527329044e-01
-2.146511730616859691e-04
-3.430482746303800679e-01
-8.167875575477692718e-02
7.361373168954614687e-01
-5.911875682302017987e-01
6.457080481427214247e-01
-4.284501920990809176e-01
-4.660422283770124796e-01
5.103541245746705535e-01
9.898783595977507510e-02
-1.849277007856249544e-01
5.039583279393465842e-01
-6.851953741782003393e-02
4.867702602784867438e-01
4.968493061181533110e-01
4.030556352355098571e-01
-3.257666607136305292e-01
3.381371351896670929e-01
4.440131970937546968e-02
2.366334196842650173e-01
1.370206826572436976e+00
-1.907039482332690827e-01
9.884343469956548001e-01
3.705344549068385618e-01
1.474226165080199547e+00
3.438356474073229196e-01
-8.276276599284713986e-02
4.710486961109338622e-01
2.003374724244399441e-01
-5.637377579593906285e-01
-3.914994378511418294e-01
-8.238774564089036689e-02
2.653661933063564682e-01
5.923846341676845817e-02
8.974124161372984965e-01
-4.607239421965718118e-01
6.918385111869077564e-01
1.142981972373341648e+00
-6.015145603649820760e-01
-6.778262189921720193e-02
-4.157235294570569839e-01
2.090426850723727664e-02
-1.263774912328065880e-01
3.862161300934650043e-01
-3.204235097786395925e-01
-1.424249758911100006e-01
1.183394832720322754e+00
-3.047498748414059766e-01
-4.304949792384366036e-01
-8.459757150079953714e-02
2.084297151748651933e-01
8.165035727204349447e-01
-4.959294768900321393e-01
3.136762602973665048e-01
-9.445251674525759200e-02
-3.847204066198111061e-01
3.506768704492091437e-01
-5.362606600512580535e-01
-1.158687853551171043e-01
-4.226849514729860147e-01
-7.371536831063690842e-02
-6.655967029537025736e-02
-1.373107925361208570e-01
-1.943060491491318265e-01
-6.649789302981069516e-01
-2.844759117771791801e-01
8.686254090667479000e-01
7.879013498618304689e-01
3.076545006382409020e-01
1.574603285638018768e+00
1.324374497173758769e+00
-2.889042298736855252e-01
-1.942908324064166747e-01
5.061335278195165932e-01
-6.163359779158951168e-01
-5.332890469340105799e-01
4.447032769284943454e-02
-3.062674517436525523e-01
1.758701771218748600e-01
8.327551911811346130e-01
7.675852319702849849e-04
8.776885201803462655e-01
-3.802172477608918855e-01
-2.891135158492719737e-01
3.940555513619790617e-01
-2.542831902526634380e-01
-5.805455380670339061e-01
-5.030068288626223794e-01
-2.511230933465860571e-01
-1.709724048419758446e-01
-8.479355826624646042e-02
8.449088137563332684e-03
-7.464551758559174743e-01
1.807129336254177099e-01
-1.760193188877724746e-01
-5.452791022306509028e-01
-3.524508699447584936e-01
1.775810741153573125e-01
7.166982695208412579e-01
6.724501212341429390e-01
-1.698692823289263409e-01
5.609216264193221946e-01
3.560098948314268513e-02
-3.322606068034567595e-01
-5.869794516886926994e-01
-7.506827426735754871e-01
8.879200423981139512e-01
-2.108229230604110327e-01
-4.224232384799536111e-01
7.789591952532720631e-01
-1.824363717177667765e-01
6.294667858442625219e-01
9.690747683819859182e-01
9.599683476578809715e-01
-1.887776732980907535e-01
7.672319656200274895e-01
6.027003797161943899e-01
2.592006120913901146e-01
-3.543928020111780652e-01
5.333002694235435825e-01
-2.087642031870436954e-01
-2.256978018612049164e-02
-2.892251077863756681e-01
-1.071845161030929861e-01
-2.502272649308271424e-01
-3.085929493934475021e-01
1.098745686510124164e+00
2.617967291439183275e-01
-4.012444568234561082e-01
7.615547920766794210e-01
1.091753390654485401e+00
-6.896925273049924199e-01
-6.504602034929285459e-01
1.174520501351051349e+00
-2.842689001223963063e-01
-4.779169778391000323e-01
-3.526865787828377674e-01
-2.952288300326755821e-01
3.911890917166978010e-01
3.008090037279936846e-01
3.481433816340316345e-01
-3.751512427839857056e-01
-6.844969845682928877e-01
3.231551472511298706e-01
-5.114344601389221312e-01
5.615414764624867550e-01
-6.144955450020844756e-01
3.631977883951672398e-02
4.806584239309638629e-02
7.509484618821774538e-01
-4.267902452003187741e-01
4.313275452722810654e-01
1.037440650729982483e+00
-3.344314324057300752e-02
9.489485102275723172e-01
7.395235871458997190e-01
-1.649613813100918036e-01
7.769382923755070447e-01
-2.859962315096359897e-01
4.070138467176407371e-01
-3.190665112717225860e-01
-6.555380467928760835e-01
-7.199549135507594677e-01
9.798055160657439533e-01
3.163494982808265910e-01
-6.495830009686538453e-01
-7.518434672654452644e-01
-2.884708246019059286e-01
-3.604806337288173901e-01
-3.139218872285512441e-01
3.357866394210956007e-01
-3.341074439647283983e-02
2.496171514246661727e-01
5.248769203296828056e-01
-5.045655769862557039e-01
1.185104604707779119e+00
-2.264448966140021960e-02
-4.619035513270224325e-01
-6.994771050585483207e-01
2.277514933432045197e-01
-3.743524426996749366e-01
4.804472019750511969e-01
-1.154143018529267019e-02
-6.811403001450767880e-02
1.124755858468261982e+00
1.529686473493212961e+00
2.334277854006509556e-01
-7.533947981264635940e-01
4.928281078789211178e-01
-2.910093678335538003e-01
-7.314894395196425148e-01
-1.599952637561588911e-02
-3.845262912763647845e-01
-1.753037597473416087e-01
1.151672796614284344e+00
-5.736852640326750574e-01
1.033812478442335925e+00
1.695677424358912888e-02
-2.280647750660032835e-01
6.618595496818073798e-01
-3.221114649847004463e-01
1.218978874215332214e-01
1.185740687678657812e+00
-7.362650332219181637e-01
-4.958553640959450504e-01
2.471700201159256205e-01
2.700338023792176467e-01
-7.840474096676373558e-03
-3.840788713693252254e-01
-4.826500073666905588e-01
1.461752777745719101e+00
-2.572820703936275488e-01
-2.278111674272870202e-01
-7.740930494147498786e-01
1.309690424949365717e+00
8.906786025264555873e-01
1.000294897101512426e+00
7.214207903050957604e-01
1.369556518736092299e+00
-6.984894764734225214e-01
2.730961266509165375e-01
-3.004670108133060125e-01
-2.489461568910479594e-01
7.030432053559958205e-02
-5.550734129676769824e-01
-2.900707539377665456e-01
1.977506836690217651e-01
1.887389984053963743e-01
-1.199279680893115645e-02
-1.221507585086885062e-01
-1.785859757617484778e-01
-1.551953828140997249e-01
7.377800686092034210e-01
-2.319454559426923079e-01
1.202167530185102445e-01
7.666674601927392363e-01
-9.220343585659444841e-02
-6.622470548079983921e-01
5.338525622259140402e-01
-2.047042197364113691e-01
9.171149950188671740e-01
8.750439540020839013e-01
9.721244746430591777e-01
2.306535749443976435e-01
9.683766306161490922e-01
1.288607456804575502e-01
-1.725397497652153833e-01
-1.066727616053367578e-01
-3.653860187898194112e-01
-2.164534111758741608e-01
-5.685047287202031896e-01
9.827223992503596184e-02
-4.198826280516862464e-01
6.678629229422523572e-01
-7.424695201112492260e-01
-2.016489614270886369e-02
-6.586510029155966117e-02
1.380512151256429565e+00
-4.896170285138909395e-02
7.178680624437956681e-02
-1.254347121370052720e-01
1.473024669638974382e+00
-1.085308962793236492e-01
4.037322900150878136e-01
-3.293168446434249774e-01
1.134308045436800555e-01
8.090671701865357335e-01
3.842551225193382436e-01
2.268768042041384991e-01
7.060418364040361716e-01
-8.040721761477064300e-01
1.118205193666095276e+00
7.877950116185953103e-03
-5.105688675729269654e-01
1.523902268824738560e+00
4.014957975200986739e-01
-1.590775570834143116e-01
-4.804338902699838987e-01
-6.980321847551340664e-01
2.519899070041659583e-01
-2.839833977040192581e-01
-4.493711324569499288e-01
6.199450756475908264e-01
1.457639031647743222e+00
4.831377199822291524e-01
-1.302455438966516887e-01
6.219594255055053145e-01
4.206463698306754373e-01
8.536537051644674801e-01
4.132380653137756460e-02
8.209099719720511779e-01
4.463798476929906056e-02
-9.286191376776155304e-02
-6.410318755481640984e-01
1.044454925594020950e-01
-6.163682944732159497e-01
-4.786402663953234771e-01
-5.014126075980869235e-01
2.534810322770931768e-01
-1.109554720333931904e-01
-3.898712356070618279e-01
6.796451907326844788e-02
-7.080945588495617393e-01
-3.982233912055270775e-01
-7.431887158092774504e-02
-1.603543630693142208e-01
6.503368827667297403e-01
9.129571992682045112e-01
-2.260087908565223090e-03
-6.558517863769238732e-01
4.263919402098783618e-01
4.025550048934274927e-01
-7.351843641589073108e-01
1.131491134549157618e+00
1.172607890310633838e+00
-1.575198393920287931e-01
-9.206590470526154757e-02
1.333304773867047439e-02
-1.340516018863312057e-02
1.104535187813909136e+00
8.041199634747469016e-01
-5.942788837721025841e-01
7.847983473001756138e-01
4.463211768359727771e-01
-3.559538220470626624e-01
-7.314235065006172709e-01
-4.024597018751597810e-01
-6.347501053519918335e-01
-1.394048101187419508e-01
1.432266500849472268e-01
1.665983754109866544e-01
-2.580016432693750805e-01
-4.206246177831710065e-01
3.863072803296435098e-01
-2.250378425505182023e-01
-4.095219071741222905e-01
3.925559805346558462e-01
5.677115708605946498e-01
3.899142258617643853e-01
1.933230908392078590e-02
1.518070364729664778e-01
1.200175574931338529e+00
-3.357226982639784363e-01
-3.959766289417738783e-01
3.339888075236678855e-01
-2.278267442571648704e-01
9.054114956290815197e-01
-4.959294746787598629e-02
7.877715873613749809e-02
-4.895776857936455784e-01
8.424994221306478792e-01
9.830991230930030689e-01
6.770771378554575337e-01
-9.869035829340215560e-02
5.265251396974919285e-01
-7.103301148146438093e-01
-1.951684080267410137e-01
2.080832081768195230e-01
1.035456896309083774e+00
2.582548667676010882e-03
4.430479467178451980e-01
5.468110492837296305e-02
-4.069627743091667749e-01
-4.070185463188110142e-01
7.554174586497952593e-01
-2.231626161958188415e-01
4.788824198765820883e-01
5.118035657842933128e-01
1.547268452667164562e-01
-3.469699157972201409e-01
-5.047022442034188039e-01
-9.202470282653169020e-02
8.591829131826765886e-01
1.785143477089130015e-01
-2.162174944842376878e-01
-2.838064816996347384e-01
4.854741695847031857e-01
-2.152387772187334958e-01
2.190510024196498373e-01
1.591412597271498197e-01
-5.244433880834507011e-01
-2.870851798831957069e-01
7.874481336136344989e-02
-4.530373191378434528e-01
6.847229578775153591e-01
-7.811018243763446778e-01
2.570043576358901904e-01
5.565623127823530192e-01
-3.225704991069264227e-02
3.758119557444880021e-01
4.027607322861452566e-02
-3.790214025629365380e-01
-1.232132635927539049e-01
9.318255078205657516e-02
3.650743076671896653e-02
2.021271776777391060e-01
7.807037706047981196e-02
-2.471279931399947838e-01
8.479075647031243668e-02
1.927915429997791863e-01
8.915217703293933926e-01
-6.914339904114530366e-02
-9.541983976438200843e-02
1.039706123350007255e-01
5.439951723001408279e-01
1.861863603321182170e-01
-8.717446650059409302e-03
-8.729036754476938997e-02
-2.170506340439941062e-01
-1.082124198659807496e-01
1.407550322805712018e+00
5.167317670864989276e-01
5.423609054219439424e-02
3.058351460127393118e-01
-7.088126958626316497e-03
3.935379936293698089e-01
-3.937600307671944300e-02
-2.055825752758292657e-01
5.089745012093561255e-02
5.833671932840147623e-01
-4.966194017863259091e-01
-6.116248658170989616e-01
-7.346966229606012588e-02
-2.492128637845204275e-01
1.026744108174015846e+00
6.910883803124120428e-01
3.007331882108045806e-01
6.399661631732353473e-02
1.360868838885468945e-01
6.361774587127009273e-01
8.775920669460753887e-01
-5.109149956046443730e-01
-6.598063222185654997e-01
-5.431952784236793175e-01
8.856749740828144812e-01
1.870845881084579332e-01
2.563534062082691301e-01
1.883378076788421729e-01
9.503560852685781768e-01
-4.678044838009454837e-02
2.552394618086289424e-01
-5.010776997329487170e-02
1.194598343333746482e-01
-1.586699592880804199e-01
3.471441328685642702e-02
-7.636105366508439962e-01
-2.079170032669857004e-01
-5.695859907485455453e-01
-2.547397424357657481e-01
-3.377532317486635627e-01
8.321764894515067956e-01
-7.737625955794703581e-01
9.942008576094565897e-02
-5.248378712691973424e-01
-5.120427412035877257e-02
4.256843345542687951e-01
-1.146608027026811694e-02
1.278355518277579428e+00
1.099442604887800767e+00
1.391198111157142536e-01
3.039670764867515029e-02
1.416634768293531632e+00
-2.730304862073874572e-01
-5.167695758169781051e-02
8.398309772211597080e-02
1.116416403723617279e+00
-4.077850372705695281e-01
5.321835524121415473e-01
1.203359442610308326e-02
-5.941564035680514388e-01
-4.554244019073623306e-01
-4.060586632497870663e-01
1.668726154452852273e-01
-4.182659568358301772e-01
-1.677626094513574584e-01
5.684131333839842481e-01
3.052569968199114192e-01
-6.471798470206503451e-01
1.437636264549301490e+00
1.093817438909963080e-01
-5.350050777951961267e-01
-3.662321677958236266e-01
-1.472949821192053865e-01
5.454189806405455032e-01
-5.107629155981731062e-01
-4.494846306536788294e-01
1.110324258619269644e+00
1.257553928541237598e+00
6.441281514457850577e-01
-4.269586686452789825e-01
-5.890653152962830319e-01
-3.291133482317586956e-01
-2.172116890269094880e-01
1.332035028170734714e+00
-6.407775508670632281e-01
4.957473288689328572e-01
2.048989943219985399e-01
-1.776526652021486741e-01
1.085488479245537430e-01
4.064683592941605028e-02
1.455036515730368407e+00
3.722946759437970599e-01
4.890487811210679145e-03
1.000089500132712361e+00
-3.415333083939136594e-01
-3.028427730800073436e-03
-2.047217060688706347e-01
1.256417554630609557e+00
-7.315809794740632532e-02
-2.658634039517327463e-01
4.571329828046391541e-01
4.155939977202766644e-01
2.444735025203114698e-01
6.623480671380128637e-01
-5.929520734329085663e-01
-6.199701510742581245e-01
1.736298025636341669e-01
1.953924924805157670e-01
1.717090254074554179e-01
-1.980058566416609267e-01
1.160623743708415256e+00
1.421568906630644058e+00
-4.690487532282984762e-01
-4.113414767883305512e-01
-2.981972212071319905e-01
-7.047655287183403061e-01
-3.384892740295885050e-01
-1.881231232294857392e-01
-2.496760266070023326e-01
-2.317686953403411410e-01
6.152467551512694199e-02
-3.215075162796778019e-02
-1.021028185785565895e-01
1.363566101431203270e+00
7.020106422545782099e-01
-6.909410049823969668e-01
-6.915857446189821456e-01
5.445726180130937982e-02
3.461934869983420704e-01
4.066270715677788306e-01
2.929613832463172640e-01
-3.619579682759712091e-01
-6.344708068652939181e-02
-3.894085360889163461e-01
2.656063510485198176e-01
3.838758560434301081e-01
-3.636288114351603484e-01
-4.603572381737210395e-01
1.333509162513220603e-01
-1.223611778811482809e-02
-7.819905420405378615e-01
1.298336478057634080e+00
5.537017748431306147e-02
-1.466209983627481464e-02
-5.141264994747238859e-01
1.099244718861943498e-01
-2.572280384998182692e-02
1.367690985700201201e-01
1.082460297138145622e+00
8.914411230931348351e-01
1.368033611980497000e+00
-5.136979278247214564e-01
-9.857217230790903117e-02
3.697834420077410478e-01
3.404689738580641833e-01
5.964048315485251939e-01
7.302910076647157744e-01
1.197768006658876061e+00
-7.433149110787032887e-01
-1.566763240734369289e-01
3.184817126809576515e-01
4.841957049243795219e-01
3.809259788552355475e-01
5.056594170451640391e-01
8.445902678197031443e-01
8.419242634843384643e-01
7.663802340235255084e-01
-5.601168068478350470e-01
-2.425927892373622718e-01
1.390597127777824182e+00
-1.098568081329146101e-01
-3.757513060979395525e-01
-1.339170311021406767e-01
5.292493988001197025e-02
-5.202695463125014408e-01
-1.504956937949431528e-01
-2.939585141352594744e-01
2.615237620767876803e-01
-4.412350536807564672e-02
-4.802354287615330786e-01
-4.517380886702012099e-01
-5.855146242551593216e-01
-1.782326095483412476e-01
-2.862361562665348691e-01
7.272304107495114467e-02
-5.759439432488335786e-01
-6.753524418901322157e-01
4.318743207777465121e-01
2.768665449533250222e-01
1.231358203060841428e+00
-1.263734381879911273e-01
-2.942828422943217781e-01
-9.970768662521807546e-02
7.469717367342330050e-01
-1.020027116710959664e-01
2.245876152187906497e-02
-7.791390404896211264e-01
-3.924663789356828136e-01
-4.134295476608034203e-01
5.062440020880498021e-02
4.445852630826305774e-01
-2.549967566837843536e-01
7.937526505560630330e-01
1.510744354238434450e+00
-4.156405924713772043e-02
-4.200184959033821941e-01
-3.918785032900992671e-01
4.751601494984391411e-02
-5.482959040656609773e-01
9.745875783727681041e-01
-3.429002241434150888e-01
-5.283125784379010259e-01
-1.677152526319946879e-01
2.953995658238968702e-01
1.779607830143671299e-01
9.009518701287558828e-01
1.828170896683583777e-02
7.179860104091418949e-01
-5.106354403458065461e-01
1.298148932090825991e-01
6.632203995661353768e-02
3.183986983548086069e-01
-3.556020912110215981e-01
-3.732581474514735653e-01
-6.054847211522222938e-01
-1.611497499015533685e-01
3.397300671507584857e-01
2.121734607351986324e-01
-3.321024496937459713e-01
1.593078348918561815e-01
-1.650065608635353509e-01
-7.680395814379384900e-01
1.354707627824260907e+00
1.883388215374808272e-01
-4.628344105044279733e-01
-2.571084437306768722e-01
8.155103084183841222e-01
-7.313341220945831500e-01
1.068475553418144798e-02
3.553660637116610177e-01
-2.689664826813803478e-01
-4.888828126227247606e-01
1.213250457189842535e-01
-2.474908422113523132e-01
8.947928331157220527e-02
1.362680742845025605e+00
-4.964755129379704868e-01
-5.188662156271475201e-01
9.529703141414959111e-01
1.594422794199919502e-01
-4.768295851900879456e-01
-3.007484359301629273e-01
9.786532744682302498e-01
1.154105837559340930e+00
5.516641212678256023e-01
2.551880044681277271e-01
4.217422700811506719e-01
5.905623380502108416e-02
-2.392652754628120937e-01
-4.040675732327068670e-01
1.651214499549129577e-01
-3.843227117338027937e-02
7.635550380037686713e-01
-8.035491514397120616e-01
-5.094636325582728720e-01
-1.643256565563235849e-01
-4.436793655358386435e-01
-1.604891658332191495e-01
-4.899873889661607307e-01
-8.253109696769472814e-02
1.671744513916354757e-01
-3.128903365046922791e-01
-3.463936406491413544e-01
-8.471690844954346544e-02
6.338402268342360757e-02
-3.113815877547506661e-01
2.597264015069441698e-02
6.184157775385065725e-02
-2.211293947342341804e-01
6.314684652555505595e-01
1.171257587049054250e+00
-6.281822228921780660e-01
-1.962870379292007139e-01
1.189170233081766614e+00
-2.118099188450362491e-01
-1.562516156922253707e-01
-6.430818936611760739e-01
1.969148028275907181e-01
4.019884910255433486e-01
1.811047682038878226e-01
-7.965278083897584516e-01
2.485052659429711763e-01
8.281647783592162304e-02
-1.876433096231841791e-01
-1.174042307552294467e-01
1.679992749561075027e-01
-1.608434611694650462e-01
4.940027749506178956e-01
-2.970187260606271806e-01
1.550853564562541864e+00
-4.000317552823464684e-01
-2.136803943257241933e-01
9.551040784788032978e-01
-2.658839419912900071e-01
2.412938976027026727e-01
-4.858934432142789084e-01
2.038367067502498686e-01
1.765582656870467726e-01
-5.141795351598361652e-01
3.153984018107099940e-01
-7.293848372926354795e-01
-8.934113802496634893e-02
-7.519668878287522062e-01
-6.259454201194044609e-01
-3.360277730889445480e-01
-6.354555822281573452e-01
-1.997843920273504048e-01
3.610293963486261304e-01
-5.049599897710471685e-01
-3.380680571023579328e-01
-9.387325577897173007e-03
-1.659754235826103874e-01
-6.461938036511014616e-01
-8.126662832101985146e-01
-7.938104990516042792e-01
3.959319698494168649e-01
8.919484295109545435e-01
-5.442511648143226743e-01
5.573399354201631350e-01
4.555518593483119383e-01
1.111057038762497617e+00
7.136213297776650144e-01
-7.004199083825499716e-01
-4.124822442101906961e-01
-1.759108001676457089e-01
-9.639531545361688936e-02
-6.226716570662536032e-01
-5.012599056666118269e-01
-4.000569994284402520e-01
-1.834107030039462682e-01
9.212540277277983525e-02
1.195942897960498463e+00
4.363899912132924164e-01
-4.714041634622915394e-02
-1.840462840179033221e-01
1.301627930468780229e-03
-2.031531929244317081e-01
-7.088461798425218507e-01
4.383857827679532027e-01
-3.362258018553482275e-02
-5.092085740309821862e-01
-2.613644496311629539e-01
9.344006729767776465e-01
1.312185473342998732e+00
-3.787869746507776525e-01
-7.140133076525445599e-01
9.895883531112141807e-01
-6.516375663315088218e-01
-1.977033605589134935e-01
-8.022968967687645891e-01
-2.510070059475972837e-01
3.276121088379663725e-03
-4.927899248046507114e-02
-2.932637549483967931e-01
-5.831792048742616696e-01
1.781169240063142090e-01
3.353052181042623370e-01
3.689085300797247946e-01
1.395201037996489868e+00
-4.722425245291090312e-01
-5.456932814357421183e-03
7.848633619220065638e-01
-6.030854770735780690e-01
-4.201856831817054605e-01
1.721297153581178435e-02
1.016436014671414867e+00
-5.472520949269988888e-01
-4.501939465844675969e-02
1.187926812882162120e-01
9.955256276668967841e-01
-3.240884662414496575e-01
-4.434173756072178896e-01
-4.706936034395969859e-01
-3.720251393449019450e-01
-5.076834661828543149e-01
1.265436600925311517e+00
-5.496871411979381561e-01
3.248032131283343227e-01
-4.573738311517264732e-01
-7.150376730411156512e-01
3.275125369162693589e-01
1.651011953090369966e-01
1.787089538423894119e-01
-2.656213412380578620e-01
-2.042174018295162541e-01
2.343445895382572641e-01
7.227133750025045433e-01
-4.617126891360429086e-01
-7.062758831613908939e-01
-6.606720184110200789e-01
1.163628015648562553e+00
-6.025377145203204554e-01
2.957782612101615416e-01
1.247992653738189822e-01
-4.924791200317066853e-01
-2.487334378174314298e-01
-5.544436709613787678e-02
1.404206464980091162e+00
-5.516534961452759234e-01
-5.674735327418546360e-01
3.184673636020997622e-01
3.503793522651305059e-01
-3.397321103196060954e-01
-5.334768023991127289e-02
-3.960764286475115803e-01
-1.189159761980583402e-01
-4.848145699929941044e-01
2.279482697943322270e-02
1.717351424890711520e-01
1.261833542441554545e+00
-8.162349549279540595e-02
6.436940546590924628e-01
1.214291155640267572e+00
5.421986834802391408e-01
-5.610332645600514256e-01
-1.938595827354067658e-01
-3.475567860254882291e-01
-5.363135147281622439e-01
1.141115813911269816e+00
1.202890959949554750e+00
-6.035302236399704423e-01
1.513526646314579671e-01
-3.697925382415274131e-01
-2.843783049673999641e-01
1.296136568601343464e-01
-2.362841885099888628e-01
-3.281995476262756228e-01
-3.133493609169883676e-02
-3.850370831692896938e-03
1.201820309154458116e-01
-6.784304405081039713e-01
-2.837213648622044504e-01
1.970063876928274949e-01
4.776601364342980549e-01
9.498984308908492435e-02
4.431636645018992016e-01
-4.336613202505574249e-01
-6.789535665522267172e-01
-3.358820270116100182e-01
1.477786511157234806e+00
3.586818130919434133e-01
3.638174816416566704e-01
-6.543526638855337030e-01
8.542343332286171931e-01
-3.923114806366505003e-01
-4.901041436549054275e-02
-1.084631350272602102e-01
8.688534328555247432e-02
-2.483939305284287580e-01
-5.638813624740544039e-01
-7.209709692524627345e-01
-3.408560775697757617e-01
-6.785909583852204330e-01
-1.304889540600800701e-01
9.357127643956487661e-01
2.702526116757016927e-01
1.210433408909029396e+00
-4.276376067164673334e-01
-4.819472194794480746e-01
-7.412061533387774848e-01
-4.257912985670709305e-01
-3.867522955918290539e-01
6.518413009699505767e-02
-3.410962771107163560e-02
-2.549132714701604630e-01
9.153182909110447671e-03
8.190564997138328751e-01
-5.109035841269335965e-01
-2.461550310517971185e-01
-5.767552926111287892e-01
-4.218715777415830148e-01
1.794928316628257095e-02
-4.094209671207384438e-01
-2.105687408908567537e-01
-8.051112632726552254e-02
2.093392303842367130e-01
-4.311346916367592708e-01
-2.998062646308145562e-01
1.205775001318316164e+00
-1.466377995663566691e-01
-1.039015255650507508e-01
8.519540531629240521e-01
-6.911994046589921004e-01
2.111820450243829528e-01
-4.450759317637529855e-01
-1.101436091907045667e-01
2.380391468836421942e-01
-6.429127644670886710e-01
-3.083867929175945211e-01
-4.141409570614881241e-01
8.335935134663892132e-01
-2.128889283802390675e-01
-5.957691544832961483e-01
1.417450341863207175e+00
1.286177582728572077e-01
-3.712906814199787298e-01
-6.367429774363239092e-01
8.792448369392932839e-02
1.200469979311926449e+00
-3.461098866117149897e-01
1.215356803226105953e+00
-5.618293640202998152e-01
-3.202436509521369712e-01
1.044179121896054649e-02
9.562835107765352838e-01
-2.824027479210174940e-01
1.316393446492731267e-01
7.965340617748914998e-01
8.568364423026937349e-01
-1.599660596715865579e-01
-2.076956073783416956e-01
-5.635992380211277686e-01
-1.219616607888110854e-01
6.813630344443257769e-01
4.124060567556677159e-01
1.085582019607894466e+00
4.075507740147219504e-01
-6.457570798429342895e-01
3.072498082217264281e-01
5.353513759465799993e-01
-5.110856198561142261e-01
-1.632174640503500362e-01
-1.093090881825610344e-01
-4.918160674096324625e-01
1.128877487418784797e+00
-4.852881531120963321e-01
-4.509178052486684796e-01
-4.399846610274133485e-01
-4.433028177180116103e-01
3.878959330692535179e-01
-3.982832849894046151e-02
8.413125546243147013e-02
2.063518938401186220e-01
-3.976752865181388819e-01
-7.206901609188520741e-01
1.336114166012275728e+00
-3.434044096263623724e-01
2.498854908374230077e-01
1.239548765398988284e+00
2.593426748814116056e-01
1.204329840376149097e+00
5.277192322239361300e-01
1.255159113149438177e+00
-2.836949657223451493e-01
-2.985932577013950540e-01
-7.145949437647340918e-01
-5.584676476406734702e-01
7.932249690641897388e-02
2.407675384707508651e-02
-3.978236579197126366e-01
-2.492056359125759402e-01
-5.744584066746502016e-01
-7.910103652915038142e-01
1.797138935704704066e-01
-6.951091408464823429e-01
8.453340166099981845e-02
-3.683918464674777460e-01
8.492276414562203168e-01
1.118526171229227373e+00
3.476439561526989963e-01
-3.861855513573981824e-01
-3.182717696844176714e-01
-5.002309768807607915e-01
9.516639003691866883e-01
-3.020135057986997329e-01
-4.747669627622815303e-01
6.849366580692108908e-01
-1.642819907231961307e-01
2.196807825657212110e-01
-2.619954481572950855e-01
-2.357820716048537601e-01
1.381004941336232861e+00
-4.610490772650987501e-01
-6.146807091548550650e-01
4.815754118468924122e-02
-1.869449566535566487e-01
-1.515065532037140617e-01
4.704453212178533877e-02
-2.826636134680194160e-02
-6.901265128375828617e-01
-3.928073915823800111e-02
-5.159641832797084993e-01
-2.239313051447489739e-02
-3.609015229044813533e-01
1.075763959669181036e+00
-4.374570887076506542e-02
2.318413341467673028e-01
-6.721468363516350242e-03
3.213189454153566604e-01
-7.276120797724832112e-01
-5.302344854469999147e-01
-4.608378581355901948e-01
1.233021704264653851e+00
-2.961000073107771802e-01
-1.757236125006463034e-02
3.639154840206536567e-01
3.832293344831564502e-02
-2.276432765710427464e-01
-3.969442764471931007e-01
-7.901842448904289329e-01
1.171766803144031893e-01
1.199660896242255581e-01
-9.200317703430492544e-02
-3.718915010613442207e-01
-2.639786569889553403e-01
-3.091875378618921810e-01
1.349941196400393506e-01
2.718353592408715436e-01
-7.553717069611499968e-02
8.971588770022457249e-01
-7.838644450717860979e-01
-3.433615219883056069e-01
-1.866117366683507084e-01
-5.496563352959703552e-01
-3.263845396469510218e-01
4.189647888256292085e-01
-8.192613989596261859e-02
5.203824752974632872e-01
-3.462972337139573753e-01
-4.790549341189623278e-01
3.133792465735454891e-02
-1.681361075102568159e-01
1.159228792228881533e+00
8.541888439310771353e-02
-4.032666422230456460e-01
8.213059932000972563e-02
-1.895320743848371292e-01
-2.325380324333653492e-01
1.449569299415073842e-01
-3.886690369095820996e-01
4.966043057090094859e-01
-5.341982692712994307e-01
1.538403146645660191e-02
4.577367630857605563e-01
-2.401002602568902411e-01
-4.420378502061372283e-01
-3.717955771348659400e-01
1.973791128605087708e-01
-4.208175000319547832e-01
-7.820464721457517920e-02
-3.944630708064765789e-01
2.084266724452583652e-01
-2.987380650218892097e-01
-3.719716594588425851e-01
-2.283234379310241924e-01
1.473751823399299110e-01
5.885838172535710067e-01
-2.495237974314035712e-01
-5.915921458122248150e-02
-3.569341044099170190e-01
1.920459027928283005e-02
-3.330601694729788953e-01
-6.656917732947424671e-02
-6.316575082923059359e-02
1.009241141491628441e-01
-2.635046839344010183e-01
-6.448284387102170001e-01
1.275310477016790012e+00
-2.187568119070232020e-01
1.159203132833309946e-01
5.908279186786696835e-01
-5.211766514391681371e-01
2.243727447092812022e-01
1.116865885955663718e+00
-1.854027291589950277e-01
6.416002339766395668e-01
8.188252775170798969e-01
1.003871041134746928e-01
-1.738334414903202618e-01
4.543130872087555727e-01
-6.467138056436614324e-01
-3.788772237534899778e-01
9.941578880448115330e-01
2.782857611607550408e-01
-5.235212808069770185e-01
1.307817981337333402e+00
-6.707626535457879013e-01
9.566956604589987173e-03
-5.468926722808097329e-01
5.529503321502862029e-02
1.428053643044477461e+00
-7.712694546913894111e-01
-5.896553458332587372e-01
-4.730379114047054689e-01
-2.265999962238244569e-01
7.116176306877719515e-01
-2.558268633517436427e-02
1.226019375761103758e+00
2.516772728129883507e-01
-5.765216938886474907e-02
-5.451148368846570058e-01
1.370212289791451765e-01
9.684698704720810791e-02
-2.984401579720072362e-01
2.275397673981321145e-01
-5.556676659128210322e-02
2.611297061085934290e-01
-1.518889373561775336e-01
-5.245797433568279988e-01
1.181823388598316482e+00
-4.437710329894234418e-01
-6.516201309673580466e-01
1.934093708925291311e-01
-4.375921415893966882e-01
7.123151772759327427e-01
1.146995187478696110e+00
-6.166045710811710046e-02
-1.024497835121705863e-01
-6.962583811258604705e-01
1.001702422052642705e+00
-1.141915918399456775e-01
1.751826717950017986e-01
7.289558894343131090e-01
2.585319623748896442e-02
8.261861168098911801e-01
-6.619560894893741221e-01
-4.172331192827567758e-02
5.691526605420366147e-01
-5.731729979835216149e-01
3.368058111528430265e-01
8.461424083867427060e-01
4.413333572185630382e-01
-2.324687369355133149e-01
3.457397754136403156e-01
4.044063898532231083e-02
1.063613853479780325e+00
-6.614257276796290386e-01
2.250095047295525008e-01
1.337034291877457204e-01
9.780211820457305194e-01
2.798723787894155657e-01
-1.632815444835819807e-01
-4.101750495598426305e-01
6.056533822769609721e-01
1.931063808748843258e-01
-1.267295499713694817e-01
-2.411623016387825225e-01
5.444451705197241864e-01
-1.763987672109800231e-01
-1.929669050290509225e-01
-2.693767173278979743e-01
6.357090193637525699e-01
-5.503381252069099450e-01
-2.111811698932207770e-01
-2.437056695022043196e-01
-5.155913495395784141e-01
-3.146403276341277477e-01
1.102715477750739081e+00
8.187493773152554333e-01
2.369023071632429533e-01
-5.606167991537219786e-01
9.847195076572964334e-01
-1.798125761953456303e-01
-7.184236845044823516e-01
-4.615405084155479454e-01
1.311817525685010644e+00
8.385086596003066273e-01
-1.404419381376941812e-03
-4.451214136954848577e-01
-1.951947003770604649e-01
-3.201060973944128696e-01
3.910575180763754544e-01
5.408434386553290230e-01
1.373572866742511112e+00
-5.702002388894227281e-01
5.546930076322569292e-01
-3.221774282978536741e-01
-2.974836275270887898e-01
-3.211818479152858119e-01
1.579975061149734517e+00
-1.455055679435373062e-01
-1.170757099115590609e-02
1.249404229869351679e-01
2.573634832609236200e-01
3.782218780910182598e-01
3.313599752497497358e-02
1.044460943907784767e+00
-2.419119241369227236e-01
3.307218328567244070e-01
-8.560389963083258058e-01
3.594157684247318296e-01
-3.053169324568302256e-01
-4.601238547274089652e-01
8.231963125135474124e-01
7.274442155781499775e-01
1.374808989136067916e-01
-6.551942205640454153e-01
1.110023867915697765e-01
3.507579995805586437e-01
-5.986137860309237446e-01
-6.252400869430511932e-02
-4.580203027043142638e-01
-3.487342678144574326e-01
9.897241967371126492e-01
4.043660221392826083e-03
-6.587064082076181659e-01
-7.271549266982617610e-01
-2.232219036554937142e-01
4.702947752176903640e-01
-3.549932707523585362e-01
-1.053915716298942234e-01
-3.145395011193366508e-01
-2.434856006518799354e-01
4.420941350596068187e-01
1.809062340842195193e-01
-7.441538302788772707e-01
9.404554363821915342e-02
-2.419349034018786204e-01
-4.288081710497431143e-01
1.597753379929885142e-01
-1.463433444478200451e-01
-7.049991550815379870e-01
-2.518169834963650544e-01
-4.820379294054525920e-01
1.028708243536813782e+00
-4.584111359521078621e-01
-2.299402712964233320e-01
3.679700180732224657e-02
-5.052012933788828652e-01
4.782953492216314162e-01
3.050262297363129371e-01
-5.521839906712522339e-01
-7.079108748545435148e-01
-3.797894154263224964e-01
-1.917125679409558414e-01
-5.591716023045748551e-01
-6.234246936205418699e-01
-2.859988653962387550e-01
-6.249284324288219283e-02
-4.915970029834720867e-01
-2.857674731779985544e-01
-3.710185803988395592e-01
2.392152312448782570e-01
-2.467385466256286353e-01
8.119944470223123822e-01
-3.702551402823314741e-01
2.649780377251796382e-01
-2.218518746099685524e-01
2.698236786880601201e-01
2.241088553815314896e-02
-2.952750972322518153e-01
3.458161307028147502e-01
-6.374353760461122509e-02
-1.814283803893809721e-01
-5.847556269751646996e-01
-5.267837936025866474e-01
-9.426763363453669053e-02
1.196674635372461548e+00
4.752397462334443934e-01
-2.885287868758300012e-01
1.107525313065553796e+00
1.348344121568493259e+00
-9.105054522921453286e-02
1.124180829838568263e+00
7.303753840150276067e-02
-2.626448765637642846e-01
-3.901950251441143047e-01
8.967007277876930596e-03
-1.375369353226105207e-01
-5.209577458675389572e-01
-6.551629419310733837e-01
-4.611748451574557151e-01
7.049953686575393119e-01
7.369736593375340039e-01
-5.718595744151490079e-01
-5.228941071244695982e-01
-2.206805187765203402e-01
-5.623838955146813756e-01
1.400357715824765537e+00
3.281585521003567152e-01
1.247340594043877982e+00
6.051507103970648060e-01
1.128164045221907719e+00
3.350775912287400349e-01
2.707122349394263661e-01
-7.349618721552388934e-01
-7.379275360321390087e-01
1.587645295450425653e+00
-4.952782454161744341e-01
-4.927202855922031000e-01
1.951964323629148679e-01
-6.863313917215216331e-02
8.895282526297778602e-01
-4.908925701110009032e-01
1.372226727260209347e-02
8.524844343920092715e-01
-3.183615152092539313e-01
5.416451166755746893e-01
-7.335142683709419131e-01
1.314256895356490595e+00
1.203309362421651901e-01
-1.817422630093743774e-01
1.319487780965770796e+00
-3.772431781471068113e-02
-1.149661200924807225e-01
8.778743639569094315e-01
2.471249661133135544e-01
1.783984774806098364e-02
6.863414568158964224e-01
-2.654965759954624471e-01
-7.792675940308870786e-01
-2.214015400435773440e-01
1.502758741910332096e+00
-1.493766690788532192e-01
2.137509946142227557e-01
-4.078883437570693937e-01
4.886963037478680438e-01
2.001591846074995407e-01
9.637697423769728822e-01
3.348597139459966870e-02
1.814874711876997837e-01
-5.127102948068348320e-01
7.304457510287007405e-02
-8.820133609079555681e-02
-1.267265037092278057e-01
5.747833320978659039e-02
-3.602500882933457049e-01
1.074591383635951497e-01
-1.453450787622139473e-01
1.185770458943838257e+00
9.645780075910942442e-01
-3.649767730725595460e-01
5.183521915400769453e-01
3.921355850379694696e-01
-5.720408438446282773e-01
2.004763523347626586e-01
-1.002418827783706223e-01
7.433772172058051853e-01
4.740316150337108847e-01
1.002800203563660508e+00
-6.236754009831498857e-01
-1.189851187009356541e-02
1.965425822495909525e-01
7.019915034924167907e-02
2.042849442570679186e-01
1.208017533617220751e+00
-3.604352058692680272e-01
7.120229285960782972e-02
1.563691662506844215e-01
1.160112992135927446e+00
1.531092629215708434e-01
-2.075925640477092535e-02
1.365108630595614825e+00
1.233932644397588207e+00
5.200303215952107871e-01
-2.129653919793801919e-01
6.050409351835158711e-01
1.807671044286514872e-01
-1.400987459268351366e-02
-5.951970897908189784e-01
1.116868706587428983e+00
9.766272397229489588e-01
-7.742420899583061233e-01
1.988064328154302562e-01
-7.955183681352125113e-02
1.861821537423725692e-01
-4.584619893953829073e-01
-6.243281802850522144e-01
-1.719916456292483742e-01
-4.936934863885820701e-01
7.975863993616263414e-01
3.447051527850785724e-01
9.557135286864461010e-01
1.239040597124166920e-01
-2.503962830514415705e-01
1.368253351631940840e+00
1.829854240119321851e-01
5.585207230020767799e-01
-5.651562743812461598e-01
-6.352929142731756906e-01
7.645737549772954056e-01
4.085597283858113937e-01
2.785848580840147304e-01
-9.311006927569512315e-02
-3.754408326413303243e-01
5.164716898815795432e-01
5.208602235523511759e-01
-1.724450018725799379e-04
-4.710146104514136289e-01
1.254392997586844249e-01
6.944877026553708532e-02
-7.875379056753328832e-01
-1.575144828102651162e-01
1.533739004860222022e-01
-3.641306472882752110e-01
-1.625061121363939320e-01
-1.824844465965374807e-01
-2.477991836253771174e-01
-4.839859877290892953e-01
1.016633901564390902e-01
-6.656045063511215609e-01
-1.700653177926806370e-01
-5.467981850724416490e-03
-7.215999357933594593e-02
-1.586944212636249435e-02
-6.737058961604048823e-01
-1.324174179146292429e-01
2.137085499753889617e-01
9.490723795430912046e-01
3.142905498873718902e-03
-4.323057605339330478e-01
-1.528213854509460345e-01
-8.947312741067206532e-02
-3.564050943256560910e-01
-5.605143552513326410e-01
-6.736664667163964060e-01
-2.852928230336221893e-01
1.279233675301914452e+00
-7.864150537072374103e-01
-3.383703250824288133e-01
1.318455647892840643e+00
8.923387788511543128e-01
7.569744181046573345e-03
-5.022978248606971841e-01
-5.101051649818737904e-02
1.727541137760152112e-01
-1.489895882190596377e-01
-4.351647617923811162e-01
-5.022066098654975885e-01
-6.425409960806469645e-01
-6.959183317619692666e-01
-4.221318665042951557e-02
-1.947065967801424602e-01
1.328621784387050031e+00
-6.178550280324085486e-01
2.323103869889761586e-01
9.265262425437581495e-01
-6.373587891791611115e-01
-1.909845989420884405e-01
-7.259866951338159735e-01
-3.678418116742031563e-01
-1.076040321174299985e-01
2.104925937688459092e-01
1.357491646354464621e+00
-8.440888110818907109e-01
-9.663803398893716645e-02
-2.926486753995690138e-01
-5.522259533226822059e-01
-6.482190865944817415e-02
-5.093556620802864865e-01
6.992631888657125927e-01
7.905894516671092831e-02
1.091618022257604181e+00
-2.053609732935838816e-01
-2.948853247095403196e-01
-3.891118801345466172e-01
-2.465525615204207932e-01
-3.256066254850192854e-01
-6.868313479394346777e-01
-6.645887713231722616e-02
6.670694670656463106e-03
8.132555050405883001e-01
2.020799936964674526e-01
5.765123748234715628e-02
-3.920448610638001263e-02
-6.076364862533251143e-02
4.512900276318260739e-01
-2.875876967015660868e-01
-5.585669608179980594e-01
3.058339207654055536e-01
8.852086472732175748e-01
1.520556079680181749e-01
-2.588834140403072359e-01
7.715185032127001019e-01
-5.669104767610213536e-01
1.441558293303749627e+00
-6.710647313157948324e-02
1.029467699212711862e+00
-4.963053464685505123e-01
-1.206378138615073620e-01
4.812724981118326473e-01
2.487224749750782393e-01
-6.528285222513995345e-01
1.142400249735358697e+00
1.417802443781195076e-01
-5.671345675071951531e-01
9.022547630304840194e-01
-2.354899019029315921e-01
6.635736730210899381e-01
-6.475316247941839132e-01
8.113922814256135929e-01
-7.634913087102795926e-02
-3.626869074998133602e-01
-4.940826930436822417e-01
-3.593597258061361766e-01
-6.095212862309932200e-01
1.235644335786379999e+00
8.433213073826906214e-02
-7.020677757472366942e-02
7.338864819436824449e-01
-8.826277143113762935e-02
4.498422873890258189e-01
6.449168201434333225e-01
-3.669117930709389075e-01
-1.055425383253357774e-01
-7.101629534305700098e-01
6.097846759400387118e-01
1.056464881026089708e+00
-3.817673695911831255e-01
-4.964165464735002531e-01
7.857477196132981456e-01
5.298667352560035848e-01
-7.812985042181072037e-01
-1.727083928879979968e-01
2.163607821492687933e-01
-2.780978352416007757e-02
-4.553855237344017759e-01
6.144830726896655104e-01
7.329660484155889888e-01
6.940164118606122479e-01
-2.748188774772526433e-01
-3.301874604180533579e-01
4.608075398141431855e-01
5.455754594447254080e-01
-5.331153750669147540e-01
-3.678803375684011057e-01
1.114600868308560089e-01
6.648971903584871557e-01
1.202786667215973937e+00
1.537290011211393859e+00
1.140905226912428239e+00
-2.770637331581775054e-01
-1.601781493380886601e-01
-3.485430119992123932e-01
-2.703905686311516288e-01
-2.687993598858283706e-01
-3.716419396098018524e-01
6.833003540234153794e-01
-4.799422190662975263e-01
6.865056722949426371e-01
6.583115471238001337e-01
-7.959062566149815651e-03
5.163442755837991394e-01
-6.130439970156186247e-01
1.805857258519476261e-02
4.360285189650811022e-01
1.181153920657799450e+00
-1.772675595031241724e-01
-2.457354564712451589e-02
-3.267679142367352352e-01
-4.477369503172223264e-01
4.043660681686490066e-01
-6.102380259457828027e-01
1.403926217975103086e+00
-1.580662812912133064e-01
-4.953456258363622133e-01
-6.365021707709271892e-01
-1.729933040639978492e-01
-4.538216826762229150e-01
3.273212346088117952e-01
7.559211539856143525e-02
-2.829271369414650406e-01
7.403605053412321002e-01
7.191388171285650888e-01
3.248291740591906507e-01
-2.327533910086491686e-01
-2.926495914688617694e-01
5.582843294514447940e-01
3.527020596902419869e-01
1.673599491897451996e-01
1.067414060232078077e+00
3.108416994196049887e-01
6.215555055178161314e-01
-4.175875204632514132e-02
-4.186163801741058649e-02
-6.769557634492896492e-01
2.141236915732456503e-01
4.690768584208998004e-01
1.204431221457466783e-01
-3.339046218268822419e-01
-2.125442241700149226e-01
-2.079716334733006100e-02
-5.689476827821328131e-01
3.359489097742515695e-01
2.220195288291494651e-01
-8.053142205654715280e-01
5.711522834474468402e-01
-5.327823478185408357e-01
-2.753855682541742067e-01
4.276634358660306168e-01
2.766912165718851679e-01
1.504682267830568687e+00
-3.915517461020335266e-01
9.069937429722887967e-02
-9.258408248906216387e-02
-2.628030067094931921e-01
-6.519139812899416020e-01
-4.125228742149819050e-01
-5.277773853496054990e-01
-2.426473401508411620e-01
-4.687610821727432042e-01
-4.451370111475146940e-01
3.423539164275998803e-01
1.397146665407528854e+00
-3.064403673925686911e-01
-2.907783232431601639e-01
-4.101851829659426962e-01
-5.830045042454891080e-01
8.566609271059621999e-02
-6.932794931550764206e-01
-1.036251953473773108e-01
-1.851286050173430731e-01
-3.498730975149466071e-01
3.997916318989102602e-01
1.336262554938187241e+00
-6.720764648641461836e-01
-4.747432147679592762e-01
3.963274612205467395e-01
-6.521532749499362458e-01
-4.074711673049024041e-01
2.906417366160311544e-01
8.255369790771988070e-01
-1.230865851917237602e-01
-3.296890604910610589e-01
-2.733281590720502696e-01
-4.615059038697510302e-02
1.402666097245694354e+00
-4.629847846927213559e-03
-4.197608916793429956e-01
-6.139503799634666859e-01
8.015079113491205831e-01
-3.908644911840745140e-01
-4.471463636518472895e-01
9.069622376585806389e-01
-2.424711137411736939e-01
1.193611463892316621e-01
-1.599912717404884666e-01
-3.738060676583107034e-01
-5.104521033077079606e-01
-4.378797982912510656e-01
-1.799127852628161495e-01
2.190442603380458042e-01
-2.438772480305070878e-01
3.385221141559698332e-01
-8.479010237115518211e-02
1.324562271553574588e-01
-3.792511427899409870e-01
-1.308608058704534838e-01
-1.276567035801942085e-01
4.612195793227197305e-01
-6.537421292021989849e-01
1.808087473502434372e-01
-4.087684774072262162e-01
-1.869669885476971383e-01
-6.758124485388924962e-02
1.227790487465217906e+00
2.354201172044791956e-01
7.617988889136345643e-01
-2.265162955901091624e-01
-4.289773202895850318e-02
-6.870619380573605994e-02
6.056488795411342219e-01
-8.988821725901167958e-02
9.989349170561748759e-01
3.599486166029355894e-01
-1.331104411053470604e-01
3.243796400089232757e-02
-4.750280732596284250e-01
-3.676578072528038366e-01
-1.777622969898358662e-01
3.286200202395554021e-02
-7.105942760347614406e-01
1.071285253533851067e+00
5.335992774494581203e-01
1.138088408680788532e+00
3.727472188852289370e-01
-1.899405469460030069e-02
-5.944001889034645769e-01
-3.077566590487204046e-01
1.361903392463941875e+00
2.365076883664207416e-02
-3.157427648216348803e-01
-8.164276015684972243e-02
7.016817348538854915e-02
-3.551389861119568780e-01
1.447825074248636046e+00
2.774490816914276237e-01
4.691730835574535741e-01
4.778783173622644376e-01
-3.152758116202540872e-01
-6.546550980438016198e-01
1.032190120410522993e-01
-3.989883108095491071e-01
-4.742427187816133927e-01
-5.368166874559757717e-01
3.078361098455071332e-01
-2.374179985512517646e-02
2.071153502032101190e-01
-6.110169266658878051e-01
1.306364581312884576e+00
-4.946437548851874699e-01
-4.811670638177040216e-02
-3.930044525326975569e-01
-2.093994447160338335e-01
8.602158767031399256e-01
-1.889890673073407468e-01
3.510963710481751487e-01
-2.359093985897650347e-01
1.283567693957870626e+00
-4.668301972645251818e-01
-3.536270963254017907e-01
8.015046589942720345e-01
7.041759537430752891e-01
5.893445246808753923e-01
1.624416932847768114e-01
4.955760706508333113e-01
-7.130049093194599230e-01
6.008502283782206632e-01
-1.570530598599843009e-01
-2.519663241704793166e-01
1.290015812751398760e+00
8.923289846103924505e-01
2.915282227922404851e-02
-4.465591066403221121e-01
-5.461387464066228548e-01
9.410276340384238214e-01
-5.501849991586661437e-01
1.106763585487378299e+00
-1.338092008106144815e-01
3.707447622840083779e-01
-2.715984591291137895e-01
3.226676813090970652e-01
-4.229281672474520248e-01
-4.904782907202414610e-01
7.935635648660417374e-01
-4.529945021055331034e-01
4.031731412629640521e-01
4.762564343917957688e-01
-3.392076538615426129e-01
6.942413984749369327e-01
7.169731555201472872e-01
5.338320306668706966e-02
4.049724890546149703e-01
-2.372028458984660748e-01
-3.594460745201369378e-01
-4.331848121724768963e-01
-6.583878878597541062e-01
1.389567751837800791e-01
-1.184926977710231283e-01
-3.480263096736914141e-01
-1.086143183858216954e-01
3.549993571718439069e-03
-3.376893047662904990e-01
3.497526473280127002e-02
1.114528351583738752e+00
-5.152858725870991252e-01
-3.885274200662578448e-01
1.785289964445078426e-01
3.087184307588043408e-01
3.423737964626823449e-01
3.208080063665672554e-01
-2.597368484208553152e-01
-2.470077377231392757e-01
-2.166599723738878158e-01
7.105941160611634055e-02
8.053340053997395387e-01
-3.363095829642301360e-01
2.484639734479834050e-01
-8.193915523121546585e-01
-2.661795471545880254e-01
-1.974343722910217036e-01
9.468965820966855906e-01
4.049248944946036710e-01
-5.024837463476021782e-01
-6.773100586452787120e-01
6.723500455645253782e-01
-5.608347139673233173e-01
4.321057613127096686e-02
2.414111462834094279e-01
4.539057007742238747e-01
1.348010116124010116e+00
-1.056873432991691647e-01
-3.997000224465742102e-01
8.082666929612022377e-01
1.122546886838663882e+00
5.767452393351223394e-01
-5.173652214145373351e-01
-5.603511781280648418e-02
2.909245351481868913e-01
-4.295119497990707580e-01
-5.136175399664849595e-01
-5.194159445851872503e-01
-5.767400673200594463e-01
-1.337181825106041888e-01
3.353805861787835241e-01
-4.956044859371115663e-02
-4.850896993689549075e-02
-6.589527470078074822e-01
-1.684974714763972647e-01
-7.238928459683068306e-01
-6.931702829604593497e-01
3.054299176692040207e-01
-2.486985372152383245e-01
1.930532275194983272e-01
-2.794783049437727929e-01
5.287083283162010705e-01
-6.051781525938262352e-01
-6.004041913763336069e-01
-3.220716691435208667e-01
-3.751974936317449272e-01
-1.806905560058309768e-01
-3.415846826600692498e-01
1.389304150636010149e-01
1.187299124501314695e+00
9.296910873157530897e-03
-1.821734060365958197e-01
-8.601728230039858147e-03
8.788434901286453771e-01
-5.925007460996929431e-01
-3.334972806548991420e-02
-1.303530473790076860e-01
-7.433350628595677412e-01
-1.573931170900639831e-01
-8.607418241549792681e-02
-2.559307952682527421e-01
-4.481446507034381188e-01
8.104288693899774909e-02
-5.245691975086346215e-01
-3.124270955126048355e-01
-3.962424341919714710e-01
8.272153419344715486e-01
-4.581485241342998782e-02
-2.610479420649262083e-01
-6.283645324358723139e-01
-4.219605561723218101e-01
7.639615274576356807e-01
-8.469150504622909859e-01
-2.966497112680866466e-01
2.792142086522256816e-01
4.713292406090678344e-01
7.819461027283002297e-01
8.599787380953727300e-01
-5.885996140267176768e-01
-1.402207163912040089e-01
1.243286241644159656e-01
-2.935280017074063386e-01
-5.633584745910072966e-01
-5.608415150031292873e-02
-5.500447032112929652e-02
-1.129398440309703489e-01
-2.342652559892565156e-01
8.433682942001751170e-01
6.587564938823128324e-01
5.992879719691520668e-01
-2.053741051900220271e-01
1.310373883278389329e+00
1.127936494554152791e+00
-1.526879113090519047e-01
-1.491216253817849099e-02
-9.203488753012627199e-02
-5.611320731517278615e-01
4.058433322791775710e-01
-3.679797277479483486e-01
1.801915031074237672e-01
2.124247784582953269e-01
7.658454179858797950e-01
-4.648593688912665278e-02
4.666306940036344941e-01
-1.642251930163493578e-01
5.966880996167881479e-01
-2.289951915547051575e-01
-5.641293610680824244e-01
-4.728682124045457957e-01
3.332296118342070734e-01
9.587289461716052008e-01
-6.782162439900344397e-01
-2.909137276193445865e-01
2.265322328359947041e-02
7.265890405649738648e-02
6.034172076743384849e-01
-4.590386174680874398e-01
5.172677737995685643e-01
2.910984171073221008e-02
-4.295265596397454533e-01
6.286123551119595643e-01
-4.334189406939621680e-02
6.133029663915908758e-01
-5.063135716667187536e-01
-4.538589563708870789e-01
-6.063753280221865216e-01
2.151071128217563744e-01
-2.193060449302448311e-01
1.041821658247612803e-01
-3.625685186536123372e-02
-1.953787561324223099e-01
-7.536973970857915317e-01
-6.022121291258553111e-01
-2.652087156902454002e-01
6.059030861032373844e-02
-4.240632344108967722e-01
-2.882782666372821212e-01
7.390861788123439524e-01
-2.508570488904850460e-01
1.085528622248412844e+00
8.268361659879756853e-02
1.382359674389347814e+00
6.265798821163651722e-01
-4.704925419350285826e-02
5.735063101994689605e-01
1.538083392277526662e-01
2.533139002707930354e-01
1.474207207738419123e-01
-1.902180497839085771e-01
5.538929947883253213e-01
2.574058193605202050e-01
-7.015453576534782520e-01
4.081818528474951413e-01
2.089689338977697083e-02
-5.795012862941249267e-03
-2.934647876922505949e-01
-7.273443314621665934e-01
8.108251187182614617e-01
-1.892558323899455053e-01
-5.432782804374522989e-01
-2.879014206355865607e-02
-5.642549244851243762e-01
-6.014554882591473944e-02
-1.928573063668144461e-01
1.746980613660893134e-01
3.037812642546316444e-01
-3.291412767797599614e-01
-3.725254583275932618e-01
-4.791553085135463047e-02
-2.212652069088238971e-01
6.052568426136789581e-01
4.539696485429828843e-01
-2.549469516920624956e-01
-2.642642344647400665e-01
-7.255748729309583478e-01
-2.156493247481442443e-01
3.704573137480572931e-01
1.319007100260023990e-01
1.038143425941273762e-01
-4.007582846656765341e-01
5.769958135614380312e-01
-4.288531599969752639e-02
-8.743010463724498749e-02
-1.781977271995051348e-01
1.467657890406129373e-01
-3.341961545893298302e-01
-1.615431088730995002e-01
8.985400063588926400e-01
-6.816372257144479585e-01
2.024581287889734293e-01
-5.058738603347925356e-01
4.023993853492563444e-01
1.391528742922454542e+00
5.167362405321178631e-01
-2.269791151384018824e-01
-1.908567118884655911e-01
-3.239468797031780367e-01
5.107069086015721820e-02
-3.186879217346664239e-01
-2.565533354667929311e-01
1.348538543316810001e+00
-1.435986732591072179e-01
-6.632318467399119788e-01
1.248859266275960250e-01
-5.452786534350455572e-01
1.258116831010910597e-01
-4.572193150092736524e-01
-2.486289883381239962e-01
-1.617608660950553001e-01
-2.492942441060625736e-01
-1.424786426226576641e-01
1.605112835631116591e-02
-2.736285241465709062e-01
-7.786199832238691609e-01
-4.199971779529122762e-02
-2.566511073758279138e-01
-2.548435617376514917e-01
-5.165535548267642385e-01
7.909440474531537202e-01
-6.872677992850517725e-01
1.541608457234859564e-01
-3.274023917202980027e-01
5.232200195983088831e-01
-1.867551777139414837e-01
-3.034127701832848301e-01
-3.328386023740712019e-01
-4.565642453296454156e-02
6.644093727479774003e-01
1.553078159637366618e-01
-7.824403086041643585e-01
-2.224116959450300746e-01
2.569334356868606672e-01
4.023451122651128808e-01
-1.980093076071482994e-01
-4.935152689975664253e-01
-4.101985189791182429e-01
-2.594093016250514916e-01
1.081946219674708443e-01
-2.579800824906707812e-01
-6.678250357730944886e-01
-7.106273013175568032e-01
-4.952484625281437514e-01
4.155191765342627214e-02
5.043388725165622866e-01
-1.103374205397758823e-01
8.556141083058424468e-02
-3.579291503803493368e-01
-4.228428986176067661e-01
8.505512524875219471e-01
7.504529196956859494e-01
1.066156420106158187e+00
6.915724089573669353e-01
-7.678370797923709246e-01
6.818366421019890211e-01
-3.874984976991787122e-01
-6.057102184595785088e-01
-7.576639987874502769e-01
1.248825007735129416e-01
-2.498219438824316185e-01
1.155970551008374425e+00
-2.846059059467315744e-01
-4.320049811988135313e-01
5.576688668424999856e-02
7.943052134704929879e-01
-6.034771665434980337e-01
-1.953802833160573627e-01
-3.634895818553332547e-01
-8.861014780289695747e-02
3.970781302382619393e-01
-3.019011496674598935e-02
3.892530179305767057e-01
-3.355702989088442112e-01
-2.637754046898652116e-01
-7.884909520538309069e-01
-1.641497987485711907e-01
-2.918616004860496438e-01
4.974563672893888566e-01
1.107454466106323893e-01
-3.708909471535576374e-02
1.296352783022840738e+00
-1.840563698225820832e-01
3.637863646841688614e-01
-4.281678047155104694e-02
-2.878898928290561376e-01
3.840452877666161169e-01
-3.377655624359510722e-01
-5.516267091914085485e-01
-3.465879774471299912e-01
3.616645142514146594e-01
-2.399586173634506436e-01
-1.264971777013687744e-02
8.935137869783427167e-01
7.975042314403325561e-01
-7.849709036382773383e-03
-2.972453316144822444e-01
4.867739280831918092e-01
-2.262255672553384334e-01
-4.785318521940604697e-01
6.788807981862016172e-02
2.476663987993054511e-02
3.404829167511996268e-01
3.548721961928302804e-01
1.782945830063443482e-01
-2.973832957981303871e-01
3.595569525914596443e-01
1.054792960065580321e+00
-6.542300246663123042e-01
-3.726407760258895197e-01
5.174666963866652036e-01
1.104060646281534552e+00
-6.503928705681423228e-01
1.250744473688623071e+00
1.225515495918965136e-01
-5.183096075550395199e-01
8.021894662755152394e-01
9.766861783124806129e-01
6.072783361177418460e-01
-4.907743482076009078e-01
-3.319193285094880208e-01
-8.429936361696791502e-01
-6.682704102680642189e-02
1.182721507917126741e-01
-3.124601539421429375e-01
8.006959696302391460e-01
-4.170595800330760827e-01
6.710274453064707378e-01
-3.160759604659092448e-01
-2.164650695703238814e-01
1.393725366816664923e+00
-3.324240906899365577e-01
-7.126172554247202084e-01
4.156533802592154991e-01
9.121387995869922882e-01
1.048990375942351116e+00
1.897498464487285819e-01
-4.336362089853852964e-01
-4.395402089433009252e-02
-2.723832326502804990e-02
-9.990214222381862963e-02
1.034491176235437515e-01
6.440037184961636130e-02
-1.873603761069425611e-01
1.272581936152697435e-01
1.288104958437652048e+00
6.712189023365239260e-02
1.141053403112429310e+00
3.613945640600691456e-01
-4.154379775530896157e-02
-3.502353479334097686e-01
6.450247630910221908e-01
-3.859661245116238065e-02
-4.691727090318668081e-01
-7.394877285164165592e-02
-2.089241643236552370e-01
-1.663234786217293038e-01
-5.270394569957469189e-02
1.154641147212173591e+00
-3.125615907363192281e-01
4.977138990362411364e-01
-4.071326458090094302e-01
-5.069988861538893277e-01
-1.858813319568855260e-01
-2.469201821048440104e-01
9.856266162790372487e-01
-6.127351967906712327e-01
-5.994855079759430216e-01
-3.120940737226147177e-01
7.009492154628044723e-03
-9.449681626251042743e-02
-4.983760937983268691e-01
-6.441074901108246875e-01
-2.768425619655163206e-01
-1.872832318040370259e-01
-3.852479416897837128e-01
1.027107108872956864e+00
6.114403580938435057e-02
1.482364149009929299e+00
-4.424145277430339973e-02
-3.103575368278526647e-01
6.053581522406767945e-01
-3.052948411232577208e-01
8.910437250474736448e-01
5.330274313777597639e-01
-5.111357449856090973e-01
-3.384909800274125691e-01
-3.268655925431080411e-01
6.514503274732077465e-01
1.147407007008274471e+00
1.606230523645145736e-01
-2.788539546077388742e-01
1.278295928650943436e+00
4.815958038350854342e-01
-2.590209660646849987e-01
-2.808612041453267816e-01
-2.436020905284186633e-01
4.596674598055603411e-01
9.395605491390469910e-02
-7.213453981388853187e-01
-1.572815656235029280e-01
-1.857995611164860172e-01
-6.206912228055737613e-01
-1.536146448605444637e-01
3.729230048797420594e-01
1.085094357391561015e+00
3.737489082999797228e-03
-5.723281611337487362e-01
8.969812622700584770e-01
1.353393688537511519e+00
-1.406096031590499118e-01
-2.214432955070452097e-03
-6.718438813212297411e-01
-9.888417944716212937e-02
1.766877780691212818e-01
-4.930589489122690905e-01
6.215059275727023991e-01
-6.564590490186349436e-01
4.041395605808917879e-01
-7.924215816749082819e-01
6.282508718131468717e-02
-7.855214148264437479e-02
-9.620479303215055678e-02
4.326999616892137496e-02
-7.557677567300304933e-01
-1.778587996642653768e-01
-7.282802856715142603e-01
-7.215408734227470866e-01
6.748213545666664759e-01
1.397703446759454016e-01
4.075289478071094512e-02
-5.162858388743005733e-01
1.628624522408156916e-01
-9.588640186171552837e-02
-8.010628322059708539e-01
-2.500425317621035592e-01
1.190842386312115503e-01
-6.250437469310260452e-01
1.480951947056285412e-01
9.939034457915055798e-01
-5.208313087579032885e-01
1.282590048762322077e+00
-1.585041082829697356e-01
-4.963427902277202097e-01
-6.910811266453280310e-02
6.144507829049291603e-01
1.092783557382282389e+00
6.800559432445735242e-02
1.047144769087932498e-01
-5.050421721626976446e-01
6.136921166208810646e-02
-5.255589841804062523e-01
-6.149941848304500969e-01
-3.972636277401033755e-01
-5.524338587070236617e-01
9.177227822795037682e-01
1.294103792845913148e+00
-5.086060421080939031e-01
-3.942624278306666036e-02
-4.620623073509285139e-01
5.238009058766992521e-01
3.748570421434829214e-01
7.271619705414698043e-01
-4.268717861177201423e-01
2.958414872592154965e-02
1.329106266487523724e+00
1.041520527285571207e+00
-1.083198309896895271e-02
-3.530152780787900735e-01
2.464573277957402692e-02
-3.974451883290710530e-01
-5.120486904527934424e-01
5.100428632631113374e-02
-5.485557358347988854e-01
-1.431372212745410377e-02
6.779682627875572853e-01
1.251049530829901335e-01
-1.270880397343056023e-01
-2.302892586809730802e-01
-5.635627080972104713e-02
2.627134088059210892e-01
-4.461667470398470448e-01
8.513893398014842073e-02
-5.712427659904938393e-01
-5.821358916729121313e-01
-7.697228172658389378e-02
-2.767716454964732065e-01
1.072531789843796712e+00
1.079868465464529859e+00
-7.847224108505738149e-01
-5.405724973777858988e-01
3.027213773178351608e-01
1.648034341538678060e-01
-2.601489538041568683e-01
9.058343927182604949e-01
-6.763568257024733521e-01
9.031530315890448080e-01
-6.192321091580055281e-01
-1.212540894456488327e-01
9.856062152889971673e-01
-5.467888871545252272e-01
9.617869554114705233e-02
4.049368726457446832e-01
-2.136737021393591007e-01
-5.597801146278368750e-02
4.623061350379645829e-01
3.004908814812479179e-02
-1.935861823984190433e-01
2.859545924127095962e-01
-2.650703149625342481e-01
1.280244274986230557e-01
2.425357411159938525e-01
-1.633435341596947976e-01
1.419826822007324907e+00
3.112511192917432057e-01
-2.043044926078852186e-01
-7.234077173880416878e-02
1.373101758877571799e+00
1.212002496227498671e+00
-2.201977098030508673e-01
-3.761659204842765503e-02
-3.899491920776667064e-01
7.551773000790888979e-01
-2.061756045108044944e-01
-1.912501608212409943e-01
4.616537631868025127e-01
-9.993693962699902456e-02
-4.653269795109382101e-01
-4.227917933331420963e-01
2.108209182890596889e-01
-3.549740873059745727e-01
3.815325330272395510e-01
-3.076273601013717052e-01
4.955915313031231118e-02
-1.040927837353639307e-01
-6.225741406171936276e-01
5.546267247441651893e-01
-1.231046018166394480e-02
2.612380416062960731e-02
1.506792279396244327e-01
-6.409053600539571516e-01
1.045581770311831304e+00
1.105864906722543450e+00
-2.900519916398898168e-01
1.519752595053500688e-01
1.496366840907531193e-01
-3.403041109860463487e-02
1.353263401913906039e+00
5.732743977853146378e-01
1.079387569353980503e+00
-4.743175714614731309e-01
-1.328749681488272105e-01
-2.726376469090404098e-01
-1.731966350114547137e-01
2.236019190045375471e-01
8.034324024257691876e-01
4.795583530087602631e-01
-2.072848174424890833e-01
-2.961531515325545594e-01
-6.036691976646118007e-01
-2.300641244199326529e-01
-2.373870647000270173e-01
-4.274718049766172423e-01
7.716084276438938371e-03
1.400688613910641589e+00
-3.514039946282537796e-01
7.139962312462942995e-01
-3.955678446505444396e-02
-1.698745629022526960e-01
-3.799516227165153359e-01
1.254636094489910203e+00
-7.040286172782589391e-01
1.390671627783962860e-01
-3.227205131418566797e-01
2.250562186744547721e-01
-3.854928678237066753e-01
8.450640504420281474e-01
-1.743498193763476090e-01
1.232563459279392593e+00
1.036682717527292130e+00
-3.164984129320045914e-01
1.267373331792331692e+00
-6.230779070080278981e-01
-5.097097308228335510e-01
-1.659618445616823368e-01
9.470319129717615914e-01
3.289140545297106200e-01
-5.747143207043107216e-01
1.151599312580643408e+00
6.413547008469343558e-01
2.799900729055355142e-01
-4.606084865861667654e-01
-1.357000439104159573e-01
-3.372217482129326593e-01
4.413691199925949826e-01
9.904990079569481187e-01
1.345443888140493427e-01
-9.153456181340005604e-02
1.857529183270821282e-01
-4.106407639552472899e-01
-4.883039417549056571e-02
-4.611036828968314016e-01
1.396571722025908846e-01
-6.251145294593070389e-02
1.477207325850954378e+00
-5.723411845406372045e-01
-3.837657868013981677e-01
-6.586322813626067918e-02
-3.558664100022453924e-01
-3.797073327121847086e-01
-2.221794536881108867e-02
-4.693084542466956222e-02
-1.558516939669138124e-01
1.359312376736886152e-01
-2.712617031165187598e-01
-2.748143285987105777e-01
-1.459615362796081728e-01
-3.744500341840072966e-01
2.460829739199423272e-01
-3.404931437265290572e-01
-3.658235430125202359e-01
8.417406091627724907e-01
-2.457624066747210734e-01
-7.281258245788729822e-01
-2.748166422963750632e-02
-7.355474988949303183e-01
-3.640287381368286224e-01
-4.834254678911606984e-01
-8.736284269120396517e-02
-4.916799414956442016e-01
-6.048911930585935126e-01
3.256889881249095398e-01
9.861345707307941355e-01
4.885613970374438203e-02
1.982658042299940138e-01
1.352113497263415010e+00
5.361193796835745512e-02
1.987451920305545461e-01
1.076320172886050974e+00
3.176660672228496241e-01
-1.826870573511784890e-01
1.181808554084515350e+00
-7.103343816173179892e-01
-2.069007151799722166e-01
-2.591181993989976617e-01
3.470567040111806056e-01
1.046289210664245406e+00
1.478892032584227800e-01
-4.777838406031177376e-01
5.926978043463700940e-01
1.318595290255603958e+00
-7.448342992960663711e-01
-5.729645456596880182e-01
1.435226882174367224e+00
2.949439786156450860e-01
-3.132662156598075565e-01
-5.667703644006965025e-01
-7.403497143639573008e-02
9.509738921959313140e-01
4.155448381572355854e-01
1.246732251194177854e+00
2.303478581444829698e-01
-5.606833892676568176e-01
-1.848651734422801229e-01
-5.748795836852012009e-01
-7.433223090716934989e-01
-5.479531193468603067e-01
-2.392178719127747155e-01
-4.560422290797521150e-01
6.671139922543115608e-01
6.627159372975161000e-01
-1.952701712221776575e-01
4.337814946165847729e-01
-1.736969670759423157e-01
-4.574948537112307201e-01
8.950114425098287807e-01
3.639314604969197675e-01
-1.534176385560001021e-01
6.427547739391888948e-01
-1.212249952603321607e-01
-3.037511786802558622e-01
7.318629869820831857e-01
-2.773266534915880821e-01
-5.726817337510253618e-03
1.275486247132531226e+00
-9.782574426230974951e-02
-7.941958340530856919e-01
9.861077217650514315e-02
-5.480718962909332248e-01
1.176888315106190186e+00
1.339285134523391374e+00
-4.048101123989326644e-01
7.448612881934757457e-01
-1.431012073758921033e-01
-5.161051342197628955e-01
-6.942502727523456318e-01
-3.522004570208952523e-01
-2.651661213213987178e-01
-3.067916020348980255e-01
-1.898502130717894670e-02
3.713197487284702336e-01
5.675785548902320676e-02
-6.064575982368960311e-02
-7.235510910350554381e-01
-1.291681181012757917e-01
3.348322083829988749e-01
8.711034873865181050e-01
-6.720994146967896876e-01
-3.012063215190759480e-01
-6.257433194336383675e-01
-5.322208943113607704e-01
2.905305992893180145e-01
1.052039175434234197e+00
-2.054602266764463114e-01
1.066933933956693004e+00
-2.148123541158485916e-01
5.456433657310509888e-01
7.721534424615479342e-01
7.297322369144079723e-02
-5.052366823002240048e-01
5.634469401686761914e-02
-1.654335688725601661e-01
-6.760098407010476373e-01
-2.858436483179834786e-01
-1.372475501834335143e-01
-2.590121405940817301e-01
-4.844057660867590598e-01
-6.922107355042754762e-01
8.585721091625613255e-01
6.232730408049943494e-01
2.054303381005960771e-01
1.240852032609199157e-01
-5.796321467118770165e-01
4.779961471681653390e-02
-1.651717163161847968e-01
-4.572015422964114117e-01
2.461567416494654936e-01
-3.919943960166704655e-01
-4.452708584792570146e-01
2.000548708320481484e-01
-6.021344246501078024e-01
-3.232845192337952672e-02
-7.603457204641025924e-02
5.277455271168339790e-01
-2.828298325041583849e-01
3.235154310521238807e-01
1.425623045389909083e-01
-1.564304928274697359e-01
-2.729103008128535568e-01
-2.059342648318353841e-01
-3.293261499368728695e-01
3.672746222365677604e-01
4.764758089926668383e-01
-7.835524683831575077e-01
-2.381371822657475656e-01
-2.008468157802842102e-01
1.262414679816739493e+00
-4.708553257016647731e-01
-4.684987020278156833e-01
-2.115262370578764040e-01
1.606099538765882670e-02
5.507279974693114755e-02
1.102332918750266844e+00
-3.903038073629682692e-01
-7.074519854920957584e-02
-5.590241764182052320e-01
-4.614017157927735036e-01
-6.987278837582652224e-01
-1.170670363858915958e-01
-8.069128919493259722e-02
-7.604822618548712221e-01
-7.003219979986848864e-01
1.105172237071367670e-02
3.136473947395931328e-01
1.184948725532901509e-01
6.492104801559532845e-01
-2.601922426425684054e-01
-5.419651283603803549e-01
-3.064148552660542202e-01
6.930254642283537048e-02
-2.288542585484346081e-01
-3.717551529881161776e-01
-1.365653299983842217e-01
6.548466746615440315e-02
5.281650794646810532e-01
-7.447065488877664396e-01
4.229836601550672759e-01
-2.811612841925460460e-01
-3.165962817998185796e-01
8.135960223473920339e-01
-5.400861654748089213e-01
-1.549839253539985473e-01
-5.968742144082911372e-01
1.200302163053068583e+00
1.155742309753400310e+00
-8.170600839749304900e-02
1.155420206787689308e+00
3.517010486431841887e-01
1.414319827843629529e+00
-3.670329948684539767e-01
4.766710020016137750e-01
5.532275254937927267e-01
3.504449317515852536e-01
1.448173954103075534e-01
-4.035832638950425100e-01
-2.502486313437535803e-01
-6.009744908579264244e-01
8.250124162729801647e-01
8.796603078496780803e-01
-3.440933521634804704e-01
-7.744214096203573539e-02
-5.675447801994477626e-01
-4.016347840543655345e-01
4.040335113774870535e-01
8.513398884364388464e-02
1.126596155023316115e+00
-3.124475873880577792e-01
-4.606290162346620143e-01
9.591190728843284052e-01
3.206461387545378461e-01
-4.820529915608472438e-01
2.940078455564101856e-01
4.697966895754762673e-01
-2.841009535621909499e-01
8.667334534643363064e-02
-2.097780416526822955e-01
8.854716372809644520e-01
-3.366047090436795064e-01
-2.828044567862188496e-01
4.017511831601811717e-02
4.621236977448959782e-01
1.287736258713739534e+00
3.290063420261236660e-01
1.365917582713470635e+00
-1.516352317072564015e-01
1.455571008629950314e-01
-1.324204977270028727e-01
5.540649849345695710e-01
-4.821619497673679811e-01
4.482126140760072097e-01
-9.680886465546062469e-02
-3.896091235691954147e-01
1.237169902668293409e+00
-4.174873442728138095e-01
-2.442899671901820891e-01
-6.752792400923741667e-01
-2.278887423775009802e-02
1.183884074422595134e+00
1.927629835825220572e-01
-7.330624865813184510e-01
6.928831955158842870e-01
-4.436589157714642129e-01
-5.017394852230003810e-01
9.735816956124783150e-01
-6.580785234566856046e-01
-1.327536030076304774e-01
-6.957717156874811959e-01
-1.878011559370431627e-01
-3.172301407400303086e-01
-1.658938617032633123e-01
9.168542424126194246e-02
-2.526814357372864639e-01
-1.456249355585747252e-01
1.006475421589587971e-01
-6.083092839746070402e-01
8.091683401556333533e-02
-6.060366989828026574e-01
3.296130449364343407e-01
-6.217514447739519445e-01
-4.766725694150897308e-01
-5.541752216252968655e-01
-3.621177592458513228e-02
-6.606939700445814134e-01
-3.906499183192588820e-01
-4.283241957287905327e-02
5.131299185227309323e-01
-3.149538429667564920e-01
-1.330022340283738141e-02
-2.846058668119174073e-01
8.568421208964017710e-01
-7.528866698951423020e-01
-1.375844385865383213e-01
1.062670668435902327e-01
-5.752559795710375790e-01
-3.195194732629407786e-01
-5.650302919304578397e-01
5.108368802649360108e-01
1.249903399845900376e+00
-5.999157014031932661e-02
1.328367701565487946e-01
-5.605482514885449241e-01
3.549806676732402549e-02
-4.945828746327912695e-01
-5.234549369120327089e-01
3.751674375901130620e-01
3.597573293451520882e-01
5.025144816721496266e-01
1.139235412054086849e+00
-4.681278621978303134e-01
3.624144316733143856e-01
4.807520205757696008e-01
8.504414328997698946e-02
-1.493107264635891440e-01
7.656218672944590242e-01
4.461060031513723878e-01
3.606926234740702175e-01
1.427797004259793390e+00
-1.248163380788232246e-02
5.054871446175993599e-01
-3.872144414865948125e-02
7.150758546301668739e-01
-2.867746290514943119e-01
-4.664969412976782692e-01
-3.452494466946955387e-01
6.809524659072776487e-01
-5.842756994697634321e-01
1.016995306589887793e+00
5.789192188476219858e-01
-2.714310001898814773e-01
-3.518710843003667876e-01
3.921098473436441800e-01
-4.189684376741034111e-01
-9.243616658055212043e-02
5.424506209478608953e-01
-3.949395272994573602e-01
-1.682360396785834433e-01
1.598192912591198112e-01
5.153729528400988191e-02
-5.360781036960644563e-01
5.336602347298908811e-01
4.639792814962537260e-01
-4.355048640589568865e-01
-4.213957781670564784e-01
1.119923402068330326e-01
2.972319085906609537e-01
3.080956671803809083e-02
-9.329444697276190190e-02
5.406035811146685521e-01
1.482227048169006967e+00
-4.420689272902423861e-01
1.293502750956361698e-02
-9.396732686593120554e-02
5.037680020333551445e-01
-7.582687339520026715e-01
1.369570078312958739e+00
-3.131423154549963228e-01
-5.279649916871185233e-01
-5.202370460000286558e-03
-7.613521339079161176e-01
-5.909978263293019091e-02
-4.421063570548237620e-01
7.587323769261443696e-01
5.813077506224177959e-01
-3.156883907537840761e-01
-1.300363083896043936e-01
-2.758135553615887470e-01
-1.162255824017575587e-02
4.547875682852039469e-01
-2.067822833392988363e-02
-1.946604200231122073e-01
2.921432855945031437e-01
-4.222291150239063651e-01
3.076946195697135011e-01
-1.649472908039260610e-01
1.460925326408007152e-01
-5.071255068161998336e-01
-6.576243312527946250e-01
-5.598931380922167467e-01
-1.335478365386457700e-01
8.873327379070817811e-01
-5.914891020984895942e-01
3.397100377078423050e-01
-3.144026218311147657e-03
2.552516990701926280e-01
4.670948602447825282e-01
-5.295078186481165794e-01
-5.561276357074753651e-01
7.205713660054410274e-01
5.966602369870744882e-01
-6.136082856722375745e-01
3.353820749066910301e-01
-5.181194374087200183e-01
8.165310351840618375e-02
7.702708035949107357e-01
1.149196751919258491e-01
-6.328082213209036411e-01
6.974709106381647983e-01
8.571699265600224438e-01
1.265583025744234646e+00
7.589214667166370720e-01
9.313201797176736685e-01
9.470299904745955732e-01
-4.155974435452738924e-01
-1.062983389901721726e-01
1.135281927494150356e+00
-6.598284748775223862e-02
-1.370600505870482044e-01
-5.525015746773337399e-01
-4.375476441563116992e-01
-2.579632082474672683e-01
6.860709703202108045e-01
2.640349666978523968e-02
3.100446913698954865e-01
-1.739562128136878105e-01
2.860906251554619639e-01
8.149701027335437553e-02
7.781881063297577672e-01
3.921437321763917017e-01
-7.667810131662873285e-01
-2.308418408670525057e-01
-1.322599126302132777e-01
-5.443974215249061110e-01
-6.693033824017964317e-01
8.902269032338867571e-01
1.132133888850887171e+00
-5.407979094050171520e-01
8.002361785043177189e-01
1.159816846461549644e-01
-1.335480469862260766e-01
-2.745534752815793622e-01
8.313447592456906232e-01
3.705673523028913952e-01
-4.642609007554838740e-01
-2.615521716488912740e-01
-3.648948039977353286e-01
-6.731395088194895571e-02
1.003912911756212667e+00
-4.097211300446632620e-01
1.875243920567329081e-01
3.496685678959694510e-01
-9.111688654510421981e-02
6.366896388385443473e-01
-6.243631402354623550e-01
-6.705644357771241015e-01
-4.721352544244644123e-01
-3.654071920638161663e-01
-4.475064772993313233e-02
4.806815376112554689e-02
1.047767833096993506e+00
2.164998741260290849e-01
-4.482401121490686702e-01
-4.668188271500834929e-01
-7.078551273175281988e-01
1.692385910649935321e-01
-3.251710563905183538e-01
2.553599421182514706e-01
-4.046161897023486387e-01
7.118132013317396423e-01
9.246572727804826253e-02
5.585843958350700938e-02
-1.225708667768368870e-01
-7.087506912216128274e-01
6.935899840086664492e-01
3.621608195028824806e-01
2.355051229332662532e-01
-8.450713591687002146e-02
-1.999802503281286337e-01
-9.769316963196739145e-02
2.858255072646733244e-02
-2.756721433720136227e-01
-2.018407101503729151e-01
1.197679929670142640e-01
-6.312363668632454683e-01
-2.365762005913905064e-01
-7.385762211440846103e-01
5.464643467713979907e-01
-2.050962790512866618e-01
-6.822191284503689168e-01
-6.355197491938427978e-01
-1.723826925139079480e-01
8.301620186045225447e-01
1.167227296776702339e+00
1.538509868405146142e+00
-2.106871070699085358e-01
-2.751594491956701471e-01
6.418036168418861376e-01
-5.213031144588894938e-02
-1.991761230565029621e-03
-4.079916463419162032e-01
-1.579948311056037225e-01
-4.016228731698207599e-01
-4.954364896461699308e-02
-3.407299604338466237e-01
-1.204248329556924235e-01
5.879876132477949158e-01
-1.649661229290221298e-01
7.125796163647412085e-01
-5.251860093324045575e-01
-1.128511079999957589e-01
1.362068973369461755e+00
1.117308259643549295e+00
-3.788540991018139042e-02
-1.390565493343859718e-02
7.995365702827916810e-01
9.403300857743734920e-02
3.104754239209834843e-01
4.414882191176425219e-01
-2.737467190269040132e-02
3.395225065442761259e-01
8.377835370265495074e-01
8.102687661376181683e-02
1.438150775720030250e+00
-3.697973646877209530e-01
9.709053257557319627e-01
-5.328859664873536461e-01
-4.476662636530995831e-01
-1.006219275337179864e-01
8.523707713623497328e-01
1.234351420362786111e+00
3.060705830878833744e-01
-1.106931664150853645e-01
7.264324521357555520e-02
-7.192366406165504600e-01
2.673976482522136267e-01
-5.455836727321420332e-01
-7.275131038875645162e-01
-3.237983623580236725e-01
-2.259353611779107707e-01
7.003522805647779403e-01
-1.869030135009222826e-01
-3.316532327296022320e-01
7.748565729277597791e-01
-6.535341675265314842e-01
-5.516792424286415253e-01
-3.556210865074405092e-01
6.279524879007805094e-01
-2.040322433281262920e-02
1.817506072602861900e-01
2.437617782592075011e-01
4.663813705956276756e-01
2.032011470619040916e-01
-3.374731991998725644e-01
1.079463188812983088e+00
2.964410333084513960e-01
6.868974686373644500e-01
3.577415317773764980e-01
5.375440160698479186e-01
6.118997724806731764e-01
-5.655562177653070677e-01
-5.160908817792055070e-02
-6.593317363962272193e-01
8.700681369415246003e-02
-6.216765637576404657e-01
-4.173525978097532563e-01
-4.966008351826028955e-01
1.604068957534868223e-01
-2.364100687787029989e-02
-3.945982828264617548e-01
1.223107104943312207e+00
-5.269397824530981378e-01
4.631741213173418137e-01
4.027385622708811591e-02
-3.014396042767229500e-01
2.841961465229656536e-01
1.369653177433634461e+00
-5.651684556523686176e-01
8.225940046748456691e-01
1.005648314647959590e-01
-1.621624089141967540e-01
-4.724530547407594372e-01
-3.017747490503041793e-02
-5.261311731207619219e-02
1.329504868005031704e-01
-1.552626346294178339e-01
8.669033045121974368e-01
7.493652265416760327e-01
1.481995420248950757e-01
-6.116477927000768533e-02
-5.651590503710675062e-01
4.380358716428268961e-02
-5.144994808328956504e-01
7.989637338231432295e-01
-7.291782664645848344e-01
9.097611510005923149e-03
3.549522888986278435e-01
-1.081806170388789345e-01
-3.737998353395762668e-02
1.180656948817483842e+00
8.066635060831343906e-02
2.147134641536877775e-01
2.977143190918127846e-01
8.753935053657873055e-01
-3.953323897811298338e-01
-4.558404794281367689e-01
-6.326814296877829591e-01
3.004852777492879046e-01
7.367808798501449541e-01
-1.175926475829899287e-01
-1.655041850540086013e-01
1.089106563622728174e+00
-6.423192664592012324e-01
-4.676111988379198503e-01
2.337990218084450358e-02
-1.244978732284254680e-01
2.655029891224336414e-01
-5.169520367899979041e-01
-3.894660471432490056e-01
-6.808178605194797894e-02
-5.255839355640479910e-02
3.184729497216737260e-01
-5.968695932896507239e-01
-4.353943046443728426e-01
-3.516355371320944445e-01
-1.722919729562553404e-01
3.158810145370185563e-01
1.205874571173653174e-02
8.219701631304873191e-01
-3.844007641657585794e-01
-3.920486376383437999e-01
-6.647016669558325486e-01
1.801536185257321399e-01
9.306425983285738779e-01
-5.239765967575841232e-01
1.233854854539527368e+00
3.297866142283692459e-01
2.913262405552870596e-02
-2.859194931374423043e-01
-6.330089343735804119e-01
3.609351502480711016e-01
2.029804393085415382e-01
8.714558380015592354e-01
-4.766273340087313626e-01
-2.834088306928569945e-01
2.607765037678944076e-01
-6.522067572774000732e-01
-7.940413378401889322e-02
-8.014089043329595263e-01
3.048444652508663366e-01
-4.779444815653264844e-01
-6.931863835944919172e-01
-3.228145519659800788e-01
7.025482114357598507e-01
3.487828562782801511e-01
-1.384166357509493961e-01
-5.847306712576567644e-01
-2.755173547995508621e-01
-3.094454744428000725e-01
1.071641746273762852e+00
-3.497784449034744836e-01
-4.024431219050906838e-01
6.652453913036591171e-01
-4.215808380789485277e-01
1.710017871452100546e-01
3.056858823858734087e-01
-8.930740733562102240e-02
-5.160629114778432225e-01
-1.611002124219950149e-01
1.181464467762717740e+00
1.051266533730762197e-02
-3.367427276377340517e-01
2.258466670028097811e-01
-5.667486041550804515e-02
-1.871999330942515638e-01
-6.132649948266928608e-02
-3.547317941369292349e-01
-6.117861453388747511e-02
3.733054397400623059e-01
6.184980854501095360e-01
-1.547050145454608450e-01
-2.075263903834758672e-01
-4.449168222366078340e-01
3.601520354112040523e-01
-2.393786630515875036e-01
-3.057709331466971353e-02
1.938491647434435750e-01
-1.636506989152285430e-01
-4.192976541988253092e-01
-6.414495592834910109e-01
-2.444482799491453362e-01
1.206498093867630628e+00
-6.475542407340415529e-01
-2.834807356296432101e-01
-4.508415441175489535e-01
-7.387124163676693778e-01
2.513304810784951493e-01
-5.028122027220812557e-02
1.243233704208703161e+00
1.486443747774564228e+00
1.066687695449654916e+00
4.826915599693301639e-01
3.361622089045396278e-01
5.935054689487433421e-01
7.295410667385192338e-02
7.318923303330926444e-01
-5.951633220912722066e-01
3.374434674652029842e-01
2.336427914424847874e-01
-4.039631834348552664e-01
-5.016659487553595115e-02
4.920480338635633832e-01
-2.593573048948707438e-01
1.985596981605733669e-01
-1.518257726488334014e-01
-5.976149496888122359e-01
-2.357701191622975923e-01
-1.310327117452897150e-01
5.423382372389530248e-01
3.064069926176523836e-02
1.667075806103592017e-01
-4.065246488492632593e-01
-4.746943024869049732e-01
-3.296176839039292039e-01
-4.872222947278821437e-01
-2.358049138290899127e-01
2.789699275009331902e-01
-3.827786374514727252e-01
-6.141955843412900684e-01
-3.315497983804294169e-01
2.295639998436002985e-02
-5.897645358251558667e-01
3.224387149598500479e-01
-4.651499722072684473e-01
4.759402817246665141e-01
-7.248267848573971550e-01
-3.020540740877664110e-01
-4.359929879371176042e-01
2.070669708100557893e-01
7.655269765589888253e-01
3.653668629571839212e-03
3.085062828760625764e-01
-3.217766393426357147e-02
1.395678381582972083e+00
1.052705391621635567e-01
-1.960465060949156679e-01
-3.289936266058293701e-01
-5.461314010579274569e-01
-3.391288034232648463e-01
9.476223160930538070e-01
3.261759056018998515e-01
9.955878262096597986e-01
5.258163071094070773e-01
-3.872221321228984658e-01
2.562370548177195784e-01
3.384011765330490751e-01
-4.359301739427354216e-01
1.905893216536199697e-01
-1.040022593456591121e-01
2.203450617749043439e-01
-6.001458859911655841e-01
-1.690925214877039562e-01
-5.506635263880177433e-01
6.632326171672751070e-01
8.664476768003070983e-02
1.060214185697773592e+00
-2.361464130849364740e-01
-3.015202556942263024e-01
-4.362952598132096016e-01
2.652594118642806476e-01
-1.625517147536399143e-01
-8.088186997181170401e-01
-3.040073634405640046e-01
-4.449794859272112046e-01
-3.044233519215958639e-01
1.215512341456372880e+00
4.488473106277124924e-01
4.722626908513781196e-01
-5.786420602819674075e-01
-3.575107070936831000e-01
1.400877548284919172e+00
-1.528911186995449700e-01
-2.321825521620547450e-01
2.977132702908102946e-01
3.845162982074655234e-01
-1.868152010012729958e-01
-3.803329890171688876e-01
1.202220507935308547e+00
-4.779253980601345653e-01
2.639768433516582677e-02
5.942876124370146673e-01
-6.318786544024722618e-01
-3.074461947457083344e-01
3.820793127658519278e-02
-2.736109332782808989e-01
4.709741828810864450e-01
-6.967726209241199564e-01
-8.987340255364668906e-02
3.713554616684687781e-01
-7.884380729959560297e-01
3.314114444031523304e-02
-5.439992304435011805e-01
8.337159469312231952e-01
5.128083784419326108e-01
1.320672567122530561e+00
-5.550311915401654472e-01
1.386141690981621100e+00
-3.254020079608300198e-01
-6.409405380361480331e-01
-5.003772694365363899e-02
-6.043514969135806991e-01
-1.001025179198551246e-01
-4.974529409862487594e-01
-4.413885502770993896e-01
-1.815480158176861203e-01
-4.033659488450672126e-02
-5.379150092976476838e-01
3.268315515065158827e-01
-1.766473361468302583e-01
7.129387607749506639e-01
-6.971476817882357215e-03
-1.388612135174809893e-02
3.164067283933133523e-01
-4.028602586038071975e-01
-3.225246844173794147e-01
-6.852728158138223780e-01
1.601910572589063664e-01
-4.787423246262605403e-01
2.290410751629082600e-02
-6.566377438971814362e-01
-1.519908155400071480e-02
-3.144351064145964880e-01
4.990406085863983709e-01
-1.547455252107668433e-01
-6.370426633778013548e-01
-2.695884313334137028e-01
-1.343847923835141400e-01
-4.517700980713659220e-01
-6.369815944487678960e-01
-2.247674802394427074e-01
8.233552991501906781e-01
1.947602795443637291e-01
-3.070840439770193275e-01
3.038971175026412147e-02
-3.155694763888727827e-01
-3.199557505681008274e-02
8.903298007427887795e-01
-6.234096005516925887e-01
9.412250668177003510e-01
5.098366023268197100e-01
1.409758224384687786e+00
-4.185595596795014806e-01
2.533842148107700032e-01
-4.686150618883106467e-01
9.171269564148121353e-04
-1.237250829549532971e-01
-2.827507498685596921e-01
5.040603723913057443e-01
1.154075585786703995e+00
-4.543686866114927669e-01
-2.121476628345120019e-01
-3.504375326324023487e-01
3.270334638127173621e-01
-5.380281303712208807e-01
-2.812895345498000466e-01
-3.449212852737693069e-01
1.445666178338602531e-02
-7.552739766079962225e-01
-1.501779817891848168e-01
-8.264575223585903796e-01
2.069471789999543232e-01
3.534486461708153393e-01
-7.582492273847080133e-02
1.712852998226616630e-01
2.320770169007894679e-01
-1.790257199888261042e-01
2.723655556919147847e-01
-6.898198867087013131e-01
2.586153650601317744e-01
3.321416658413666734e-01
-2.799223682284573272e-02
2.124434290159084859e-01
-1.474187775108057874e-01
-2.732094309446936875e-01
3.782692848794043661e-01
-3.266271934301766544e-01
-7.088380498538257024e-01
-4.389377977965175370e-01
9.707396372656439121e-02
2.805035290400045289e-01
-3.362664791346042237e-01
-5.249131399808021348e-01
-1.963204833068936950e-01
-3.824320698553694275e-01
-7.477698495448628080e-01
-1.333429478911549726e-01
8.802670613066850003e-02
-1.804711755240068494e-01
-1.629531493784038831e-01
-1.146529814031831684e-01
-5.082351322230499457e-01
3.737293159466463233e-01
8.065839320018991510e-01
-2.123031086557110314e-01
-2.424105334683630819e-01
-2.036345643804644556e-01
5.698135640558306125e-01
3.462497311655748922e-01
-1.188216370331680732e-01
-2.150412847344658207e-01
3.609452852663105893e-01
-7.153193530670451938e-01
4.976777765725702851e-01
1.593574955916947367e-01
-3.938201310338981798e-01
4.254696818158095750e-01
-4.770784368938070785e-01
-3.872214899408733535e-01
-2.910840797037798633e-01
-5.777174953124286638e-01
-5.178082845787340682e-01
1.116027565145473049e-01
9.671573415727986456e-01
7.054385630927953454e-02
-7.129248884227601391e-01
8.785172252892015088e-01
2.099025776873624516e-01
6.701197975071035984e-01
2.318990693229061872e-01
-1.716573282724128714e-03
-7.583709257000520454e-01
1.319485629482617384e+00
-6.330807191653682331e-01
-8.591479399522305993e-02
-7.307159483548067991e-01
-6.313741752988241140e-01
-5.572074653651547527e-01
-2.337816659298630750e-01
7.375229321321812304e-01
-2.947711857925370271e-01
2.796947642498734052e-02
-2.261705387465370171e-02
-4.491688384857037142e-01
1.480203001228608262e+00
-2.228022355325660342e-01
-4.801023792390553546e-01
-2.601282031970149622e-01
1.120575768202122444e-02
-1.000105067829153288e-01
1.815172884383017826e-01
-2.210561342901373738e-01
-1.897439781084273580e-01
-4.888895759230396099e-01
8.122530691711936368e-02
5.081016733273534536e-01
1.844220662122616483e-01
-2.515843211866680140e-01
-6.401359040687301660e-02
2.706693154808825774e-01
8.072395350730192376e-02
3.097385603381875296e-01
-3.307673905473715870e-01
-4.677754670975434181e-01
-5.847481309549276141e-01
3.340554220182690437e-01
-4.037623180220498154e-01
-5.739888288668421046e-01
-1.783702328252591840e-01
-6.281819636305932542e-02
8.776366349854562710e-02
-4.038170873746042555e-01
-2.971979394672398245e-01
7.922775102984949136e-01
-3.195290492380409297e-01
-7.838583497628895946e-01
-5.140956357518994269e-01
-1.302619360612166932e-01
2.511580595445149222e-01
-4.829511266435317363e-01
-4.324405017200469992e-01
-2.105985372724486770e-01
-5.933998131288316102e-01
-7.027337955481764709e-03
6.050845122377124241e-01
-7.661191183506531333e-02
8.272439532089311820e-01
3.690333057181015008e-01
6.266708139975889491e-01
-2.611689595620317883e-01
3.003097671974749514e-02
3.402756609933769716e-01
-4.544619341654436706e-01
-2.315181248937954184e-01
1.043484780855755023e+00
-5.904301274454708537e-01
-6.432466395056382624e-02
3.375246532083576723e-01
-1.718855892375709682e-01
8.699018037041060802e-01
-7.466251664524635456e-02
-1.529150047359737787e-02
4.198527474556680295e-01
-4.929326347934517294e-01
-6.038042586955860713e-02
1.031380176248934299e+00
-6.854794669437892507e-01
-9.664816231616440989e-02
1.708432604061577431e-01
2.929149058275858364e-01
-1.392546386761239763e-01
-4.687180671018332384e-02
2.384107825327780872e-01
1.378855817195340228e+00
-2.593453079336786593e-01
1.898202863167322840e-01
7.949903107707231298e-01
-5.060410967815121008e-01
9.236002714024719173e-01
1.248301409841537257e+00
1.828623147946817351e-01
-3.429361155849486309e-01
3.390722008618382577e-01
-5.470240498019932063e-02
6.912148168018339423e-02
1.350365360098211731e+00
1.125195212593225191e+00
-4.057014953536281499e-01
8.854798009586009044e-01
-4.917199803122744850e-01
1.631732197124060868e-01
-9.035366483012971517e-02
-1.293875380589116775e-01
4.717887910256003958e-01
1.944290690333853877e-01
2.830000885178626802e-02
2.583494606109102976e-01
4.894725326912993113e-01
1.802576482965629057e-01
-2.033256344188930087e-01
-5.486235842319086009e-01
-6.201032928350018736e-01
1.305527836990700630e+00
1.572787423823768238e-01
2.225093918505968160e-01
-3.626212931049123678e-01
6.010667841795778177e-01
-2.341292736819413911e-01
-5.780537206253637539e-01
-4.916857426391068042e-01
-4.697197176441252897e-01
6.055990485588405026e-01
-1.619282468035832812e-01
-7.665921767435226464e-01
2.306229728729687622e-02
-3.133081267088354549e-01
-9.375702662015175659e-02
-4.585308112147417625e-01
4.684668189573835684e-01
-3.909319951381199920e-01
-6.624745527645503618e-02
4.393651861746700749e-01
7.885040760890543732e-01
-2.879337329998827300e-01
-5.629628308916250212e-01
-1.483858292000449393e-02
-9.355554922296692444e-02
-3.869949049322177898e-02
-1.787218339158505309e-01
5.167873326397238731e-01
-3.892685344648745271e-01
2.878044709298413495e-01
-6.005224847273090694e-01
-2.017964643835137850e-02
-3.073497013970646896e-01
-4.127283689310381476e-01
6.967722631767936381e-01
8.016559029931027425e-01
-4.878948018611384979e-05
-1.952139892177559288e-01
-6.622177096021559795e-01
-6.429511042462316972e-01
2.992805302132019452e-01
-2.793185028429142625e-01
-2.058918142461894918e-01
4.743524925819122551e-01
1.110645019366098385e+00
8.458124717271847670e-01
2.772599891587280152e-01
1.127634185161385139e+00
-2.946840316926437331e-01
-7.318298688774567129e-01
1.276930089928779877e+00
8.290090171921196127e-01
-5.466772207251036075e-01
-7.389666266841544706e-01
1.468406995555798789e+00
3.512208852727956021e-01
-4.776616004383659186e-01
1.104369678625710893e+00
-2.922531857506843744e-01
-2.182945711574477698e-01
-1.446335522608161728e-01
1.286293172205783097e+00
1.545782754457209751e-01
-6.891979359357168766e-01
-1.542872739830872808e-01
-4.913776053430822799e-01
-5.688873429937712362e-02
7.298626376275698657e-01
-2.356519147305124462e-01
1.102071606353552946e+00
1.400423582905397923e+00
-6.505703959367138411e-01
-6.908600385079136652e-01
3.250717366458145130e-01
1.348664089502495944e+00
-5.842133668460073453e-02
3.922219583781556551e-01
2.090097313961969058e-02
-4.002571916761666349e-01
-3.728186464108833587e-01
3.898294329420132209e-01
5.768749225314586532e-02
-4.159501231548187045e-02
-6.013752064783939311e-01
-7.656588033766140722e-01
3.560396561032029839e-01
-4.771283010242681200e-01
2.712299138361700113e-01
-1.669740469437464292e-01
4.274169327067306456e-01
5.174369002693029324e-02
-5.118928377491280268e-02
1.324083208034356786e-02
-2.042553434202661333e-01
8.273232730639564769e-01
2.786633039274906687e-01
3.967817192211224309e-01
-3.883523381885378017e-02
-5.671199564220801292e-01
-5.600963503308818980e-01
7.078661936473242822e-01
-6.281283908508552560e-01
-4.843541270882970595e-01
1.400097491358766488e+00
-4.354695990975055581e-02
-3.787589034002362964e-02
-5.400872995862278092e-01
1.241335364944163855e+00
9.131950610315331396e-02
-1.191260054711652527e-01
6.518022164047413414e-01
-3.587495842160993709e-01
-3.303558829814718378e-01
8.292988090190738237e-01
4.122142571403413780e-01
8.069199105195266897e-02
-5.158672943830633351e-01
2.452848758381037664e-01
-3.695410782580781928e-01
1.626430091555200741e-01
-4.429997824719300592e-01
-6.762236096289725440e-01
-4.277474295997679352e-03
-6.885941952707603786e-01
-3.995364222286636458e-01
2.251950400954722820e-01
5.698521424467425378e-01
-1.835985193317479502e-01
-7.169976168297956948e-03
9.415314040842097665e-01
7.382500235031934643e-01
-6.321663109449301432e-01
-5.546006100423918062e-01
-4.557888648066762277e-02
1.617347472639261291e-02
3.643308448688296619e-01
-8.305373298888234501e-01
-5.807615008350169167e-02
1.138629060257359896e-02
-5.920147650137382866e-01
-4.130166112796487266e-01
-3.882082333923941864e-01
1.688624146878388022e-01
-4.318031328971057015e-01
-1.803719611055308869e-01
-5.826355637081778172e-01
-4.816010730508921145e-01
-4.000990895587469565e-01
1.137802846360629783e+00
-6.190430914900734161e-01
9.617236541733800159e-01
-2.965510380925241996e-01
4.182838374611397847e-01
1.177709598384100304e-01
-2.907236675512185342e-01
-6.703172460709455605e-01
1.308899316506239474e+00
-6.728784234753118487e-02
-5.201843560126493404e-01
-8.137033698172053686e-01
1.142446773037819385e+00
3.889271863637552284e-01
-3.784152736892406610e-01
3.203612302067824213e-01
-6.826322050961519672e-01
-5.609096812900399298e-01
1.066857667923713837e+00
-3.278041907977267133e-01
1.818219718110565819e-01
9.114337957274125657e-01
7.531531533923097044e-02
4.818929855118094796e-01
6.932253442302047652e-01
2.237914144380082071e-01
-3.392696877240586328e-01
1.001156427942486049e+00
1.121199434641700465e+00
-1.791885947277140900e-01
-5.932387155807680168e-01
2.099861528393373034e-01
-8.187707651660476316e-01
8.693437067363282700e-02
-5.865184430922608660e-01
-4.821587199301352045e-01
-4.631018826698604096e-01
-8.141442221811122371e-02
-1.186470751438550297e-01
1.141879684974936415e+00
1.511081443291588000e+00
6.414621832570809312e-01
3.054268478977623102e-01
-1.129398179731361113e-01
-1.756458813428180832e-01
1.925874693700594664e-01
-3.353588764140172929e-01
6.236175935028961392e-01
-4.983219287854619428e-01
1.362903426833995457e+00
4.247207683950622870e-01
-2.355172419954628671e-01
6.690574638739857360e-02
4.484142060530803553e-01
4.837571443862929699e-01
-6.934848131624643530e-01
-6.128659582969530062e-01
-9.595752121732777432e-03
-1.796422696991500922e-01
1.500978385477680643e-01
-1.735947546110167550e-01
-7.009870579543568958e-01
-7.014951631337296156e-01
3.952030688280053772e-01
-4.730062791924850019e-01
-3.860582551766168075e-02
1.237367797391046853e-01
3.820414906086342932e-01
-5.299921023458636915e-01
-2.034988692197410853e-01
-4.627711728640820921e-01
1.309869596987461859e+00
-2.028243592993372313e-01
-4.390441904077106994e-01
1.133487907944221718e+00
6.639294450803836511e-01
1.205798493517110881e+00
-4.455041366568673888e-01
6.276416896622208919e-01
-5.153232203285612600e-01
1.457868830025152995e-01
3.056612273163873406e-01
-1.107396511413614310e-01
5.251080472547399181e-01
-5.034424439713881538e-01
5.444827106756080504e-01
1.098004232508693834e+00
-2.301057492799277460e-01
-4.766074053813829092e-01
1.081976455158545174e-02
-5.559261895001779141e-01
-2.735371889029554193e-01
-5.416783230021091633e-01
2.782417179578142719e-01
5.419932721187774582e-01
2.535431174368395491e-01
3.163661403727926341e-02
-2.119754687246892533e-01
8.989546884599122212e-01
-3.622715107486909614e-01
-2.541675139098253933e-01
-5.521216928879673080e-01
-5.333759012710039826e-01
-5.018590406120253533e-01
-4.932831962596183339e-02
-2.892166685472510879e-01
1.108490820708042668e-02
-7.664470760298518481e-01
-2.621062806404948486e-01
1.382057224180126276e-01
-3.435676548209996573e-01
-2.615379423621826960e-01
2.036964881482339063e-01
6.712787143726901551e-01
1.319920363954745435e+00
3.754648280759795981e-02
9.875802840881996447e-01
1.487207035874898775e+00
-1.946884363750110702e-01
-4.037975655153145382e-01
-4.386604746352303907e-01
-3.609299099723621285e-01
5.619588004114638435e-01
-1.071326485264406832e-02
3.134481815101797242e-01
-7.035311169857247915e-01
5.576009918322415854e-02
2.708615053230846170e-01
-1.687864036766660303e-01
-8.706996955393916937e-02
8.227327699087303436e-01
-1.251391802746852078e-01
-2.550349311815116593e-01
1.359921220031854672e+00
1.098517982776137103e+00
-5.978233401379134948e-01
-5.125155550416444772e-01
1.596766327610574243e-01
1.916439767605527568e-03
-1.843401506243098065e-01
-6.925518254355044201e-01
3.438878572535475908e-01
-6.194165105415655459e-01
-6.510033526643788093e-01
-4.136525703367684853e-02
-3.480047929195431711e-01
-7.586438711545695490e-01
-3.682460443929208571e-01
-4.694832756204874169e-01
3.916720190965312653e-01
-1.043235874338661606e-01
3.206287056820349979e-01
-2.879542012068289081e-01
8.019552296657191104e-02
3.174920081011090023e-01
3.313847602888098098e-01
5.915165556069178487e-01
-3.890522190457628149e-01
8.500671294572867964e-01
-1.915696207831855957e-02
-3.954158422221105140e-01
-4.290033195537862887e-01
-2.254787244510102484e-01
-1.053337788526520352e-01
-9.315148557105626392e-02
1.207310270516582573e+00
-3.466277611854305385e-01
6.532111628149384064e-01
-5.184920825707535208e-01
-2.947220640678498427e-01
6.203231026704254525e-01
4.177353258149835713e-01
5.907652718841437389e-01
5.084423882169304409e-01
-1.816204818076959937e-01
-5.236696365809912629e-02
-5.610313758996748890e-01
-5.592540276753240475e-02
-5.001751684953882338e-01
-7.065896652832357461e-01
-5.997210397365205781e-01
1.380792691264523808e-01
1.548869286833284842e-01
2.880503090763398277e-01
5.219958579848703595e-01
-2.649619744668708088e-01
-3.946069859855255157e-01
4.814627424364967268e-02
-2.239259542382092960e-01
1.061677899443908418e-01
-7.496097922694963667e-02
-5.898573666789601599e-01
-7.206365227189734934e-01
-2.044798386332517537e-01
9.395259743145975007e-01
-5.018074553001404814e-01
-5.562440703619272453e-01
-3.837543580095683082e-01
-2.524133409169608266e-01
2.400303077316489897e-01
-2.720333255984652698e-01
-6.469281878355488680e-02
4.725784823658912281e-01
-5.750903102138248402e-01
-3.925003160234336597e-01
-3.182957603771030541e-01
-2.259885113930384382e-01
1.991777803039760653e-01
9.001217486062387252e-01
-7.344581340719891216e-01
-1.515889324369799618e-01
-4.142238961103630185e-02
-2.599590066810830713e-01
-4.294238163998259639e-01
-4.458063666629192845e-01
-2.241026783156429558e-01
4.166370596663782067e-01
6.918904974966484378e-01
4.061374843974489141e-02
-7.854248469036314573e-01
-3.242057376915803424e-01
2.760717019316513143e-01
2.906554140698716648e-01
1.035644711384332561e-01
-1.842382136951123406e-01
1.336222397093907110e+00
-2.587915730522881777e-02
2.787006090290767429e-02
8.956272290397333524e-01
-2.924795961735262018e-01
1.937022280074491287e-01
-3.110946781421372598e-01
4.419491727906998957e-01
9.263540650015857081e-02
-3.328042595127909120e-01
-7.689029775609407431e-03
-2.966555982723663165e-01
-2.424568598009740339e-01
-5.721281607739726605e-01
-6.161812772371484392e-01
-5.171129623396698571e-01
-2.704499738918266227e-01
-7.326003815244184203e-01
1.177528273655690461e+00
-6.780429680233173162e-01
-4.696613275263154530e-01
-1.666887414236160880e-01
1.003761952119550660e+00
-1.649190957551481818e-01
1.359055752906699777e+00
-5.352428516020509841e-01
-2.889552656198209335e-01
-7.885685399948118290e-02
1.863554535629922265e-02
1.283013370368546180e-01
9.010503307711976995e-02
-2.605695662623895847e-01
1.472294725899948142e+00
-4.400118590695853982e-01
-2.437664814366757512e-02
-6.505601468495484374e-01
-2.405353547771915679e-01
4.820608872667646594e-01
9.894753261673174816e-01
1.207970263280550884e-02
-5.385492458988332815e-02
2.959691873767478776e-01
-5.081571811607214773e-02
8.515588525768164052e-01
-3.713455171550019140e-01
3.519247012226904836e-01
-7.688394015240519463e-01
-9.889672555545529764e-02
-1.262092197306894092e-01
-8.654048305744414804e-02
9.185169597954994103e-01
