case,replicate,reference_mode,reference_real,reference_imag,matched,distance,mu_real,mu_imag,lambda_real,lambda_imag,gram_kept,trivial_error
driven_dt1e-3,0,0,-0.9003294425796398,0.0,1,0.004822216074922725,0.6390621210734716,0.0,-0.895507226504717,0.0,517,2.509104035652854e-13
driven_dt1e-3,0,1,-1.7219560332019352,0.0,1,0.018311501449694623,0.4188955109673791,0.0,-1.7402675346516299,0.0,517,2.509104035652854e-13
driven_dt1e-3,0,2,-1.9826109179025015,0.0,1,0.08634370319925355,0.3554121025394468,0.0,-2.068954621101755,0.0,517,2.509104035652854e-13
driven_dt1e-3,0,3,-2.4330203253846303,0.19025723976725073,1,0.2613075802583615,0.27088254453972194,0.0,-2.6121399340728666,0.0,517,2.509104035652854e-13
driven_dt1e-3,0,4,-2.6464198717560925,3.045678744368468,1,0.22258548385745988,0.023707612390569188,0.23997188618550114,-2.844754214690116,2.9446451557110875,517,2.509104035652854e-13
driven_dt1e-3,0,5,-2.9498543094339507,5.367773635409873,1,0.37620301352648167,-0.19024079834771185,0.06370145892883332,-3.2126592571870747,5.63696179789642,517,2.509104035652854e-13
driven_dt1e-3,0,6,-2.9778280760975364,0.0,1,0.151261454533242,0.21393143336963097,0.011829359036836256,-3.0811465574384256,0.11047768571491881,517,2.509104035652854e-13
driven_dt1e-3,1,0,-0.9003294425796398,0.0,1,0.005094079169405075,0.6391489956807385,0.0,-0.8952353634102347,0.0,517,2.112754415861673e-13
driven_dt1e-3,1,1,-1.7219560332019352,0.0,1,0.14876971270185949,0.3924556308916319,0.0008770781037942496,-1.8706585864009755,0.004469685613151749,517,2.112754415861673e-13
driven_dt1e-3,1,2,-1.9826109179025015,0.0,1,0.11204152184841117,0.3924556308916319,0.0008770781037942496,-1.8706585864009755,0.004469685613151749,517,2.112754415861673e-13
driven_dt1e-3,1,3,-2.4330203253846303,0.19025723976725073,1,0.23176837681312043,0.31653200201821613,0.0,-2.300661860575101,0.0,517,2.112754415861673e-13
driven_dt1e-3,1,4,-2.6464198717560925,3.045678744368468,1,0.36267343695061915,0.0400836506822433,0.22994798314065404,-2.9098707006238107,2.7964285033686105,517,2.112754415861673e-13
driven_dt1e-3,1,5,-2.9498543094339507,5.367773635409873,1,0.32356264848144356,-0.18580509826479222,0.1324984278468681,-2.9549864178090672,5.044251690318118,517,2.112754415861673e-13
driven_dt1e-3,1,6,-2.9778280760975364,0.0,1,0.26745530183426813,0.20678498540888157,0.02200106098731022,-3.1408950058471823,0.2119941388370998,517,2.112754415861673e-13
driven_dt1e-3,2,0,-0.9003294425796398,0.0,1,0.0038086010704275752,0.6387383216550273,0.0,-0.8965208415092122,0.0,517,3.921307722976053e-13
driven_dt1e-3,2,1,-1.7219560332019352,0.0,1,0.059310766567123974,0.41039572580518335,0.0,-1.7812667997690592,0.0,517,3.921307722976053e-13
driven_dt1e-3,2,2,-1.9826109179025015,0.0,1,0.20134411813344233,0.41039572580518335,0.0,-1.7812667997690592,0.0,517,3.921307722976053e-13
driven_dt1e-3,2,3,-2.4330203253846303,0.19025723976725073,1,0.2277950922564727,0.2782749599532695,0.0,-2.558291179026975,0.0,517,3.921307722976053e-13
driven_dt1e-3,2,4,-2.6464198717560925,3.045678744368468,1,0.30538942269009156,0.025429740777264266,0.23020447111661066,-2.9254458612743406,2.921553015108375,517,3.921307722976053e-13
driven_dt1e-3,2,5,-2.9498543094339507,5.367773635409873,1,0.4427102076693547,-0.16545948933104443,0.12867639253500754,-3.1250563782566383,4.961206835172946,517,3.921307722976053e-13
driven_dt1e-3,2,6,-2.9778280760975364,0.0,1,0.3421755510932941,0.19169456282348188,0.010939003252863856,-3.3004528888410603,0.1140058681305735,517,3.921307722976053e-13
driven_dt1e-3,3,0,-0.9003294425796398,0.0,1,0.009529888943526355,0.6405681405442396,0.0,-0.8907995536361134,0.0,516,1.7918999617450027e-13
driven_dt1e-3,3,1,-1.7219560332019352,0.0,1,0.009053832026521658,0.4246665099351521,0.0,-1.7129022011754136,0.0,516,1.7918999617450027e-13
driven_dt1e-3,3,2,-1.9826109179025015,0.0,1,0.013928787445308233,0.36851647772754825,0.0,-1.9965397053478098,0.0,516,1.7918999617450027e-13
driven_dt1e-3,3,3,-2.4330203253846303,0.19025723976725073,1,0.2269862022267148,0.2784805416217681,0.0,-2.556814181118483,0.0,516,1.7918999617450027e-13
driven_dt1e-3,3,4,-2.6464198717560925,3.045678744368468,1,0.4405372984206044,-0.03514968479632444,0.3071707240686141,-2.3476938242667,3.369462406481135,516,1.7918999617450027e-13
driven_dt1e-3,3,5,-2.9498543094339507,5.367773635409873,1,0.1523215467214743,-0.1966562637104376,0.08656201504392771,-3.0754972022030493,5.453888193367486,516,1.7918999617450027e-13
driven_dt1e-3,3,6,-2.9778280760975364,0.0,1,0.3770389795207487,0.18685291399359674,0.0,-3.354867055618285,0.0,516,1.7918999617450027e-13
driven_dt1e-3,4,0,-0.9003294425796398,0.0,1,0.010232221139004127,0.640793125859786,0.0,-0.8900972214406356,0.0,516,5.613287612504791e-13
driven_dt1e-3,4,1,-1.7219560332019352,0.0,1,0.008990978346357759,0.42465316421836413,0.0,-1.7129650548555775,0.0,516,5.613287612504791e-13
driven_dt1e-3,4,2,-1.9826109179025015,0.0,1,0.14287196340843766,0.34550732299120035,0.0,-2.125482881310939,0.0,516,5.613287612504791e-13
driven_dt1e-3,4,3,-2.4330203253846303,0.19025723976725073,1,0.21050352136456235,0.2832150433207451,0.0,-2.5230975990058253,0.0,516,5.613287612504791e-13
driven_dt1e-3,4,4,-2.6464198717560925,3.045678744368468,1,0.0637013870795713,0.01091877461654829,0.2578301188123178,-2.709116922758994,3.056945798615295,516,5.613287612504791e-13
driven_dt1e-3,4,5,-2.9498543094339507,5.367773635409873,1,0.3525519383207434,-0.2354791009212755,0.07222270171244546,-2.802363205631037,5.687991129486495,516,5.613287612504791e-13
driven_dt1e-3,4,6,-2.9778280760975364,0.0,1,0.34985816984203844,0.2687469756153812,0.0,-2.627969906255498,0.0,516,5.613287612504791e-13
driven_dt1e-3,5,0,-0.9003294425796398,0.0,1,0.00660378241599191,0.6396316404773409,0.0,-0.8937256601636479,0.0,517,6.306066779870889e-14
driven_dt1e-3,5,1,-1.7219560332019352,0.0,1,0.16235207575255317,0.38978730731742667,0.0,-1.8843081089544884,0.0,517,6.306066779870889e-14
driven_dt1e-3,5,2,-1.9826109179025015,0.0,1,0.09830280894801313,0.38978730731742667,0.0,-1.8843081089544884,0.0,517,6.306066779870889e-14
driven_dt1e-3,5,3,-2.4330203253846303,0.19025723976725073,1,0.34532784513650056,0.25650549635277825,0.0,-2.721210372649913,0.0,517,6.306066779870889e-14
driven_dt1e-3,5,4,-2.6464198717560925,3.045678744368468,1,0.4730882199678169,0.014982276071972682,0.2098956908565636,-3.117207048481638,2.9990751167939145,517,6.306066779870889e-14
driven_dt1e-3,5,5,-2.9498543094339507,5.367773635409873,1,0.6019610177745797,-0.25193112144791774,0.045447364799314854,-2.725174698098441,5.926232352926514,517,6.306066779870889e-14
driven_dt1e-3,5,6,-2.9778280760975364,0.0,1,0.16898131272903516,0.24550858039048462,0.0,-2.8088467633685013,0.0,517,6.306066779870889e-14
driven_dt1e-3,6,0,-0.9003294425796398,0.0,1,0.0036633891723909517,0.6386919471365625,0.0,-0.8966660534072488,0.0,517,7.038813976123492e-14
driven_dt1e-3,6,1,-1.7219560332019352,0.0,1,0.12416364527023079,0.4029274646236458,0.016254265069913704,-1.816371416353808,0.0806371268776161,517,7.038813976123492e-14
driven_dt1e-3,6,2,-1.9826109179025015,0.0,1,0.1235303219457402,0.3488648713294663,0.0,-2.1061412398482418,0.0,517,7.038813976123492e-14
driven_dt1e-3,6,3,-2.4330203253846303,0.19025723976725073,1,0.2422350659603265,0.26147345332220095,0.023303168765180547,-2.674933592646201,0.1777753206986262,517,7.038813976123492e-14
driven_dt1e-3,6,4,-2.6464198717560925,3.045678744368468,1,0.4071202513355041,0.03221244954520186,0.2203296286327119,-3.0041115385632082,2.851247341184128,517,7.038813976123492e-14
driven_dt1e-3,6,5,-2.9498543094339507,5.367773635409873,1,0.2770541701189033,-0.23517547915089754,0.08679967730269954,-2.7671365726764647,5.576036070463572,517,7.038813976123492e-14
driven_dt1e-3,6,6,-2.9778280760975364,0.0,1,0.3512109519288242,0.26147345332220095,0.023303168765180547,-2.674933592646201,0.1777753206986262,517,7.038813976123492e-14
driven_dt1e-3,7,0,-0.9003294425796398,0.0,1,0.016080871207697855,0.6426697558402302,0.0,-0.8842485713719419,0.0,517,4.453104551771503e-13
driven_dt1e-3,7,1,-1.7219560332019352,0.0,1,0.03289307490345217,0.41585253944349615,0.0,-1.7548491081053874,0.0,517,4.453104551771503e-13
driven_dt1e-3,7,2,-1.9826109179025015,0.0,1,0.22289952075079822,0.3319552131464961,0.0,-2.2055104386532998,0.0,517,4.453104551771503e-13
driven_dt1e-3,7,3,-2.4330203253846303,0.19025723976725073,1,0.27982788320943275,0.26737350986991143,0.0,-2.638217369558319,0.0,517,4.453104551771503e-13
driven_dt1e-3,7,4,-2.6464198717560925,3.045678744368468,1,0.8170396087073024,0.06342233163552773,0.18709707966397762,-3.243483388497899,2.4879432522465406,517,4.453104551771503e-13
driven_dt1e-3,7,5,-2.9498543094339507,5.367773635409873,1,0.5048850161981735,-0.15783732649491,0.08212126518481098,-3.4528110274425807,5.323689404766509,517,4.453104551771503e-13
driven_dt1e-3,7,6,-2.9778280760975364,0.0,1,0.17625268750021883,0.20658560884807525,0.0,-3.1540807635977552,0.0,517,4.453104551771503e-13
driven_dt1e-3,8,0,-0.9003294425796398,0.0,1,0.012144766566853704,0.6414061919237721,0.0,-0.8881846760127861,0.0,516,6.613598557692058e-13
driven_dt1e-3,8,1,-1.7219560332019352,0.0,1,0.030676487546120734,0.41631368167752764,0.0,-1.752632520748056,0.0,516,6.613598557692058e-13
driven_dt1e-3,8,2,-1.9826109179025015,0.0,1,0.11931160289652643,0.3496015294338599,0.0,-2.101922520799028,0.0,516,6.613598557692058e-13
driven_dt1e-3,8,3,-2.4330203253846303,0.19025723976725073,1,0.21665401080506416,0.2813010289015255,0.0,-2.5366598116534638,0.0,516,6.613598557692058e-13
driven_dt1e-3,8,4,-2.6464198717560925,3.045678744368468,1,0.25825505874371135,0.04064619799074629,0.2887133693025646,-2.46501552023012,2.8618632482476043,516,6.613598557692058e-13
driven_dt1e-3,8,5,-2.9498543094339507,5.367773635409873,1,0.3444653885000404,-0.19842698110874685,0.14114223302435022,-2.8252404669027165,5.046638470527413,516,6.613598557692058e-13
driven_dt1e-3,8,6,-2.9778280760975364,0.0,1,0.44116826444407264,0.2813010289015255,0.0,-2.5366598116534638,0.0,516,6.613598557692058e-13
driven_dt1e-3,9,0,-0.9003294425796398,0.0,1,0.004179470443404831,0.6388567768779658,0.0,-0.8961499721362349,0.0,517,7.338574192772285e-14
driven_dt1e-3,9,1,-1.7219560332019352,0.0,1,0.13678806893165651,0.3948015477595885,0.0,-1.8587441021335918,0.0,517,7.338574192772285e-14
driven_dt1e-3,9,2,-1.9826109179025015,0.0,1,0.12386681576890979,0.3948015477595885,0.0,-1.8587441021335918,0.0,517,7.338574192772285e-14
driven_dt1e-3,9,3,-2.4330203253846303,0.19025723976725073,1,0.20491107234956119,0.3077517773428979,0.0,-2.3569234773053966,0.0,517,7.338574192772285e-14
driven_dt1e-3,9,4,-2.6464198717560925,3.045678744368468,1,0.36174353288305106,0.03904808865516199,0.3112082475794115,-2.318965252412015,2.8919521824055585,517,7.338574192772285e-14
driven_dt1e-3,9,5,-2.9498543094339507,5.367773635409873,1,0.6147607230147365,-0.14460966717600066,0.12088093479125837,-3.3375423565333358,4.890669113635171,517,7.338574192772285e-14
driven_dt1e-3,9,6,-2.9778280760975364,0.0,1,0.20665569848243592,0.2501771057813888,0.0,-2.7711723776151005,0.0,517,7.338574192772285e-14
driven_dt1e-3,10,0,-0.9003294425796398,0.0,1,0.020228386921470665,0.6440038801430511,0.0,-0.8801010556581691,0.0,517,1.0513812043200232e-12
driven_dt1e-3,10,1,-1.7219560332019352,0.0,1,0.04626445794079159,0.4130815509562068,0.0,-1.7682204911427268,0.0,517,1.0513812043200232e-12
driven_dt1e-3,10,2,-1.9826109179025015,0.0,1,0.11786626097961572,0.3498542676184869,0.0,-2.1004771788821173,0.0,517,1.0513812043200232e-12
driven_dt1e-3,10,3,-2.4330203253846303,0.19025723976725073,1,0.27447080188174633,0.2683603057029981,0.0,-2.6308495542709496,0.0,517,1.0513812043200232e-12
driven_dt1e-3,10,4,-2.6464198717560925,3.045678744368468,1,0.2696150279477756,0.036238184166587244,0.24091859034178625,-2.824219367604365,2.842997707832289,517,1.0513812043200232e-12
driven_dt1e-3,10,5,-2.9498543094339507,5.367773635409873,1,0.3650933853251176,-0.23478977291265118,0.06963010687809731,-2.8138343189963035,5.7065829360636435,517,1.0513812043200232e-12
driven_dt1e-3,10,6,-2.9778280760975364,0.0,1,0.08429649424464847,0.23533016558691214,0.0,-2.893531581852888,0.0,517,1.0513812043200232e-12
driven_dt1e-3,11,0,-0.9003294425796398,0.0,1,0.0061211005757294545,0.6355749405287626,0.0,-0.9064505431553692,0.0,518,6.661338147750939e-16
driven_dt1e-3,11,1,-1.7219560332019352,0.0,1,0.09393442889038917,0.403352168638479,0.0,-1.8158904620923244,0.0,518,6.661338147750939e-16
driven_dt1e-3,11,2,-1.9826109179025015,0.0,1,0.16672045581017714,0.403352168638479,0.0,-1.8158904620923244,0.0,518,6.661338147750939e-16
driven_dt1e-3,11,3,-2.4330203253846303,0.19025723976725073,1,0.24156697624879434,0.2750132660264839,0.0,-2.5818718847655533,0.0,518,6.661338147750939e-16
driven_dt1e-3,11,4,-2.6464198717560925,3.045678744368468,1,0.086605964543112,0.015594125707420813,0.2774075667348455,-2.56137998236857,3.0292833088024107,518,6.661338147750939e-16
driven_dt1e-3,11,5,-2.9498543094339507,5.367773635409873,1,0.4160944186990759,-0.2091072118044598,0.05506029787034166,-3.0627814118104957,5.768250894216611,518,6.661338147750939e-16
driven_dt1e-3,11,6,-2.9778280760975364,0.0,1,0.017358284507402733,0.22758422352759342,0.0,-2.9604697915901337,0.0,518,6.661338147750939e-16
driven_dt1e-3,12,0,-0.9003294425796398,0.0,1,0.006140821697950272,0.6394835954509811,0.0,-0.8941886208816895,0.0,517,4.586331314726522e-13
driven_dt1e-3,12,1,-1.7219560332019352,0.0,1,0.09973443982561858,0.40218413960793725,0.0,-1.8216904730275538,0.0,517,4.586331314726522e-13
driven_dt1e-3,12,2,-1.9826109179025015,0.0,1,0.16092044487494772,0.40218413960793725,0.0,-1.8216904730275538,0.0,517,4.586331314726522e-13
driven_dt1e-3,12,3,-2.4330203253846303,0.19025723976725073,1,0.168260423828462,0.2767754090721568,0.012275158471200278,-2.5671327537642155,0.08864313257211613,517,4.586331314726522e-13
driven_dt1e-3,12,4,-2.6464198717560925,3.045678744368468,1,0.5966600572027894,-0.007510562196739292,0.19994166368042968,-3.2180492310957534,3.21668488286111,517,4.586331314726522e-13
driven_dt1e-3,12,5,-2.9498543094339507,5.367773635409873,1,0.4661591134263755,-0.15715396108566954,0.10942430184649435,-3.3057677911827823,5.066725611765989,517,4.586331314726522e-13
driven_dt1e-3,12,6,-2.9778280760975364,0.0,1,0.09754146945698716,0.23689380858027664,0.0,-2.8802866066405493,0.0,517,4.586331314726522e-13
driven_dt1e-3,13,0,-0.9003294425796398,0.0,1,0.007555853288118586,0.6351191575973334,0.0,-0.9078852958677583,0.0,517,5.062616992290714e-14
driven_dt1e-3,13,1,-1.7219560332019352,0.0,1,0.25957199922964724,0.48133488862556684,0.0,-1.462384033972288,0.0,517,5.062616992290714e-14
driven_dt1e-3,13,2,-1.9826109179025015,0.0,1,0.06421589207475331,0.3593661819232434,0.0,-2.046826809977255,0.0,517,5.062616992290714e-14
driven_dt1e-3,13,3,-2.4330203253846303,0.19025723976725073,1,0.020025156335373294,0.29198369704162264,0.02841438613076989,-2.452688977585457,0.19401902217178518,517,5.062616992290714e-14
driven_dt1e-3,13,4,-2.6464198717560925,3.045678744368468,1,0.3522693072316196,0.01613317614877458,0.22306835679678094,-2.9953369281800057,2.9971962469707787,517,5.062616992290714e-14
driven_dt1e-3,13,5,-2.9498543094339507,5.367773635409873,1,0.43206202717978304,-0.16014832248720598,0.10361416852603691,-3.3136431713759595,5.134674387754198,517,5.062616992290714e-14
driven_dt1e-3,13,6,-2.9778280760975364,0.0,1,0.3034224926241809,0.19954243024836,0.019010861804207406,-3.2144209043795273,0.18997116264264813,517,5.062616992290714e-14
driven_dt1e-3,14,0,-0.9003294425796398,0.0,1,0.004644459737703777,0.6390053249265291,0.0,-0.895684982841936,0.0,516,1.6431300764452317e-13
driven_dt1e-3,14,1,-1.7219560332019352,0.0,1,0.08756932335505341,0.4046379030727369,0.0,-1.8095253565569887,0.0,516,1.6431300764452317e-13
driven_dt1e-3,14,2,-1.9826109179025015,0.0,1,0.10339580362781775,0.35239472255172266,0.0,-2.0860067215303193,0.0,516,1.6431300764452317e-13
driven_dt1e-3,14,3,-2.4330203253846303,0.19025723976725073,1,0.24780380860941809,0.3207402760510832,0.0,-2.274247184465015,0.0,516,1.6431300764452317e-13
driven_dt1e-3,14,4,-2.6464198717560925,3.045678744368468,1,0.4641874820730969,0.07534581703452933,0.2639616085397179,-2.5855752175024933,2.585496229965626,516,1.6431300764452317e-13
driven_dt1e-3,14,5,-2.9498543094339507,5.367773635409873,1,0.5347454662695674,-0.15191700381967488,0.092313947040888,-3.4545778779678633,5.191119076843585,516,1.6431300764452317e-13
driven_dt1e-3,14,6,-2.9778280760975364,0.0,1,0.05520251056195313,0.21947536319633582,0.0,-3.0330305866594895,0.0,516,1.6431300764452317e-13
driven_dt1e-3,15,0,-0.9003294425796398,0.0,1,0.0013789513972575218,0.6370837241321725,0.0,-0.9017083939768973,0.0,516,3.3173463975799677e-13
driven_dt1e-3,15,1,-1.7219560332019352,0.0,1,0.17533601789438547,0.38726501557565884,0.0,-1.8972920510963207,0.0,516,3.3173463975799677e-13
driven_dt1e-3,15,2,-1.9826109179025015,0.0,1,0.07428083678519593,0.3851335812608508,0.0,-1.9083300811173056,0.0,516,3.3173463975799677e-13
driven_dt1e-3,15,3,-2.4330203253846303,0.19025723976725073,1,0.21934189164929954,0.31287963745625036,0.0,-2.3238734145330633,0.0,516,3.3173463975799677e-13
driven_dt1e-3,15,4,-2.6464198717560925,3.045678744368468,1,0.04768898320552657,0.0066532497964894854,0.26776037157033733,-2.634708447298365,3.0919073248825604,516,3.3173463975799677e-13
driven_dt1e-3,15,5,-2.9498543094339507,5.367773635409873,1,0.3535858172296398,-0.1886234420692552,0.13842047518883138,-2.9051782801380326,5.0170216111073715,516,3.3173463975799677e-13
driven_dt1e-3,15,6,-2.9778280760975364,0.0,1,0.011725330708819648,0.22429868427190125,0.0,-2.989553406806356,0.0,516,3.3173463975799677e-13
driven_dt1e-3,16,0,-0.9003294425796398,0.0,1,0.002808952673409526,0.6384191445582122,0.0,-0.8975204899062302,0.0,516,3.26405569239796e-14
driven_dt1e-3,16,1,-1.7219560332019352,0.0,1,0.014308252078795602,0.41973482227564696,0.0,-1.7362642852807308,0.0,516,3.26405569239796e-14
driven_dt1e-3,16,2,-1.9826109179025015,0.0,1,0.07858616078662517,0.3567933417929623,0.0,-2.0611970786891267,0.0,516,3.26405569239796e-14
driven_dt1e-3,16,3,-2.4330203253846303,0.19025723976725073,1,0.34254479669454746,0.2569343151472887,0.0,-2.7178696196766396,0.0,516,3.26405569239796e-14
driven_dt1e-3,16,4,-2.6464198717560925,3.045678744368468,1,0.6976238244554207,-0.05924986083481934,0.21969517424908075,-2.960818599366409,3.6684406896772845,516,3.26405569239796e-14
driven_dt1e-3,16,5,-2.9498543094339507,5.367773635409873,1,0.30972833042617315,-0.1738972715408192,0.11361761400642902,-3.1430908624987204,5.125717292323741,516,3.26405569239796e-14
driven_dt1e-3,16,6,-2.9778280760975364,0.0,1,0.25995845642089677,0.2569343151472887,0.0,-2.7178696196766396,0.0,516,3.26405569239796e-14
driven_dt1e-3,17,0,-0.9003294425796398,0.0,1,0.002603234867439075,0.638353480842465,0.0,-0.8977262077122007,0.0,516,2.6356694604601216e-13
driven_dt1e-3,17,1,-1.7219560332019352,0.0,1,0.18339942581877544,0.46334734374154174,0.0,-1.5385566073831598,0.0,516,2.6356694604601216e-13
driven_dt1e-3,17,2,-1.9826109179025015,0.0,1,0.028846471244364347,0.37648306104859774,0.0,-1.9537644466581372,0.0,516,2.6356694604601216e-13
driven_dt1e-3,17,3,-2.4330203253846303,0.19025723976725073,1,0.24258912499806995,0.31941700310549637,0.0,-2.2825156201974632,0.0,516,2.6356694604601216e-13
driven_dt1e-3,17,4,-2.6464198717560925,3.045678744368468,1,0.24880753479225662,-0.0008359479819488507,0.2377651648671923,-2.8729312281568364,3.14862433577915,516,2.6356694604601216e-13
driven_dt1e-3,17,5,-2.9498543094339507,5.367773635409873,1,0.2847712663305452,-0.21766578193542635,0.07100378557827822,-2.948468412793092,5.652541529348082,516,2.6356694604601216e-13
driven_dt1e-3,17,6,-2.9778280760975364,0.0,1,0.1066636943781969,0.23797677577252915,0.0,-2.8711643817193395,0.0,516,2.6356694604601216e-13
driven_dt1e-3,18,0,-0.9003294425796398,0.0,1,0.004910798249668447,0.6390904264565462,0.0,-0.8954186443299713,0.0,517,2.744471316873387e-13
driven_dt1e-3,18,1,-1.7219560332019352,0.0,1,0.09361856103311017,0.4034158766617941,0.0,-1.8155745942350454,0.0,517,2.744471316873387e-13
driven_dt1e-3,18,2,-1.9826109179025015,0.0,1,0.16703632366745613,0.4034158766617941,0.0,-1.8155745942350454,0.0,517,2.744471316873387e-13
driven_dt1e-3,18,3,-2.4330203253846303,0.19025723976725073,1,0.030491192496431053,0.2904665823403141,0.02765615585222364,-2.4635088435490644,0.18985340812982568,517,2.744471316873387e-13
driven_dt1e-3,18,4,-2.6464198717560925,3.045678744368468,1,0.602886952688011,-0.0445402141412542,0.21983301925618234,-2.989543721583877,3.5413991306759063,517,2.744471316873387e-13
driven_dt1e-3,18,5,-2.9498543094339507,5.367773635409873,1,0.32363575588852295,-0.19779133957602865,0.06655231187010917,-3.133831242226392,5.634030261036018,517,2.744471316873387e-13
driven_dt1e-3,18,6,-2.9778280760975364,0.0,1,0.16201030917389475,0.22202534310642397,0.01779550037531123,-3.003523893235949,0.15995957383104714,517,2.744471316873387e-13
driven_dt1e-3,19,0,-0.9003294425796398,0.0,1,0.00902781013961873,0.6346518955680391,0.0,-0.9093572527192585,0.0,517,3.3861802251067274e-14
driven_dt1e-3,19,1,-1.7219560332019352,0.0,1,0.06364168007659288,0.40950799312888103,0.0,-1.7855977132785281,0.0,517,3.3861802251067274e-14
driven_dt1e-3,19,2,-1.9826109179025015,0.0,1,0.1635326318190431,0.3419564891021642,0.0,-2.1461435497215446,0.0,517,3.3861802251067274e-14
driven_dt1e-3,19,3,-2.4330203253846303,0.19025723976725073,1,0.14501574545287926,0.28270969136869567,0.011067753026598955,-2.5251380093818976,0.0782576918921192,517,3.3861802251067274e-14
driven_dt1e-3,19,4,-2.6464198717560925,3.045678744368468,1,0.90545132589274,0.05307347234873555,0.17436794940757125,-3.4045738179806637,2.550658848419799,517,3.3861802251067274e-14
driven_dt1e-3,19,5,-2.9498543094339507,5.367773635409873,1,0.1521842756330666,-0.1982795240652124,0.11711513092689502,-2.936883843657825,5.216143095057635,517,3.3861802251067274e-14
driven_dt1e-3,19,6,-2.9778280760975364,0.0,1,0.14724297611945847,0.20960394060648974,0.0,-3.125071052216995,0.0,517,3.3861802251067274e-14
driven_dt1e-3,20,0,-0.9003294425796398,0.0,1,0.007453155935182809,0.6399033412558479,0.0,-0.892876286644457,0.0,516,1.978417429882029e-13
driven_dt1e-3,20,1,-1.7219560332019352,0.0,1,0.03528338682190957,0.4153558276859536,0.0,-1.7572394200238448,0.0,516,1.978417429882029e-13
driven_dt1e-3,20,2,-1.9826109179025015,0.0,1,0.008523908084179688,0.3695137181640455,0.0,-1.9911348259866812,0.0,516,1.978417429882029e-13
driven_dt1e-3,20,3,-2.4330203253846303,0.19025723976725073,1,0.23482638103054443,0.26824848163772447,0.04818088797929267,-2.5999317727739566,0.3554359247066296,516,1.978417429882029e-13
driven_dt1e-3,20,4,-2.6464198717560925,3.045678744368468,1,0.5084268928625324,0.04854152872737635,0.2157108292057675,-3.018234728411199,2.698905594086628,516,1.978417429882029e-13
driven_dt1e-3,20,5,-2.9498543094339507,5.367773635409873,1,0.3634201427611892,-0.18111031200809166,0.134527647055393,-2.977919213587345,5.005438760853995,516,1.978417429882029e-13
driven_dt1e-3,20,6,-2.9778280760975364,0.0,1,0.07658654119531239,0.21714122978282238,0.0,-3.054414617292849,0.0,516,1.978417429882029e-13
driven_dt1e-3,21,0,-0.9003294425796398,0.0,1,0.005278205919974077,0.6392078406032801,0.0,-0.8950512366596657,0.0,516,2.0117241206207837e-13
driven_dt1e-3,21,1,-1.7219560332019352,0.0,1,0.19396369459979423,0.3836748369458768,0.0,-1.9159197278017295,0.0,516,2.0117241206207837e-13
driven_dt1e-3,21,2,-1.9826109179025015,0.0,1,0.06669119010077207,0.3836748369458768,0.0,-1.9159197278017295,0.0,516,2.0117241206207837e-13
driven_dt1e-3,21,3,-2.4330203253846303,0.19025723976725073,1,0.1943244539956497,0.2904612808603418,0.0,-2.472569992094405,0.0,516,2.0117241206207837e-13
driven_dt1e-3,21,4,-2.6464198717560925,3.045678744368468,1,0.5059632427509246,0.008684703448136235,0.3424733030507206,-2.142480282438067,3.0908859709258563,516,2.0117241206207837e-13
driven_dt1e-3,21,5,-2.9498543094339507,5.367773635409873,1,0.49099215783561867,-0.2291492972941065,0.04966496710127009,-2.9008583814992717,5.85631503396469,516,2.0117241206207837e-13
driven_dt1e-3,21,6,-2.9778280760975364,0.0,1,0.20597179075572525,0.20353853447488288,0.0,-3.1837998668532617,0.0,516,2.0117241206207837e-13
driven_dt1e-3,22,0,-0.9003294425796398,0.0,1,0.017132114045409597,0.632085393090833,0.0,-0.9174615566250494,0.0,517,1.6209256159527285e-13
driven_dt1e-3,22,1,-1.7219560332019352,0.0,1,0.08173793261892182,0.44038362792439056,0.0,-1.6402181005830134,0.0,517,1.6209256159527285e-13
driven_dt1e-3,22,2,-1.9826109179025015,0.0,1,0.03951048695614734,0.37849583297694445,0.0,-1.9431004309463542,0.0,517,1.6209256159527285e-13
driven_dt1e-3,22,3,-2.4330203253846303,0.19025723976725073,1,0.2464613923844729,0.2739403157985348,0.0,-2.589690043748582,0.0,517,1.6209256159527285e-13
driven_dt1e-3,22,4,-2.6464198717560925,3.045678744368468,1,0.37589018917457784,0.015386740160980485,0.3209684072740064,-2.2705296987577763,3.0457890212738987,517,1.6209256159527285e-13
driven_dt1e-3,22,5,-2.9498543094339507,5.367773635409873,1,0.6343719204044292,-0.24194271664868305,0.17566874124206375,-2.4146817479263896,5.027159392009748,517,1.6209256159527285e-13
driven_dt1e-3,22,6,-2.9778280760975364,0.0,1,0.14144653045646338,0.24215172830635626,0.0,-2.836381545641073,0.0,517,1.6209256159527285e-13
driven_dt1e-3,23,0,-0.9003294425796398,0.0,1,0.006073098865322368,0.63946194199734,0.0,-0.8942563437143174,0.0,517,6.825651155395462e-13
driven_dt1e-3,23,1,-1.7219560332019352,0.0,1,0.005017171666440223,0.42168925344786923,0.0,-1.7269732048683755,0.0,517,6.825651155395462e-13
driven_dt1e-3,23,2,-1.9826109179025015,0.0,1,0.026277038319746593,0.36624822022700265,0.0,-2.008887956222248,0.0,517,6.825651155395462e-13
driven_dt1e-3,23,3,-2.4330203253846303,0.19025723976725073,1,0.1905289408592776,0.2977728302666644,0.0,-2.422848795455216,0.0,517,6.825651155395462e-13
driven_dt1e-3,23,4,-2.6464198717560925,3.045678744368468,1,0.24729107809593476,0.03832996645627977,0.28907406728304347,-2.4647158307409174,2.877939307191025,517,6.825651155395462e-13
driven_dt1e-3,23,5,-2.9498543094339507,5.367773635409873,1,0.3533069179096283,-0.16796269827413907,0.09900441647037236,-3.269818062668368,5.217943815751216,517,6.825651155395462e-13
driven_dt1e-3,23,6,-2.9778280760975364,0.0,1,0.0003036299374921114,0.22558328508970826,0.0,-2.9781317060350285,0.0,517,6.825651155395462e-13
driven_dt1e-3,24,0,-0.9003294425796398,0.0,1,0.00697885634243256,0.6397516063014372,0.0,-0.8933505862372072,0.0,516,1.176836406102666e-14
driven_dt1e-3,24,1,-1.7219560332019352,0.0,1,0.08298721337345971,0.4055660135301192,0.0,-1.804943246575395,0.0,516,1.176836406102666e-14
driven_dt1e-3,24,2,-1.9826109179025015,0.0,1,0.1287430608667719,0.3479567845019388,0.0,-2.1113539787692734,0.0,516,1.176836406102666e-14
driven_dt1e-3,24,3,-2.4330203253846303,0.19025723976725073,1,0.373720558477486,0.3479567845019388,0.0,-2.1113539787692734,0.0,516,1.176836406102666e-14
driven_dt1e-3,24,4,-2.6464198717560925,3.045678744368468,1,0.0597674834974642,0.018326788667640044,0.2603926893730259,-2.6861875814335288,3.001061692127976,516,1.176836406102666e-14
driven_dt1e-3,24,5,-2.9498543094339507,5.367773635409873,1,0.39699488395061666,-0.16812505666163155,0.1234379677361785,-3.134926146515899,5.016556675395018,516,1.176836406102666e-14
driven_dt1e-3,24,6,-2.9778280760975364,0.0,1,0.1715470590274025,0.24438541589425794,0.007334183205376155,-2.817117214927177,0.06000343792511054,516,1.176836406102666e-14
driven_dt1e-3,25,0,-0.9003294425796398,0.0,1,0.009270051319537731,0.6404849240982267,0.0,-0.891059391260102,0.0,516,9.547918011776346e-14
driven_dt1e-3,25,1,-1.7219560332019352,0.0,1,0.08577455973052395,0.4412733577452296,0.0,-1.6361814734714113,0.0,516,9.547918011776346e-14
driven_dt1e-3,25,2,-1.9826109179025015,0.0,1,0.03757931842360085,0.37813053974485256,0.0,-1.9450315994789007,0.0,516,9.547918011776346e-14
driven_dt1e-3,25,3,-2.4330203253846303,0.19025723976725073,1,0.19103281215424078,0.2937258617186829,0.0,-2.4502167795454253,0.0,516,9.547918011776346e-14
driven_dt1e-3,25,4,-2.6464198717560925,3.045678744368468,1,0.30122517152492695,0.032510816068597057,0.2337776074325148,-2.8876149492178635,2.865230584033063,516,9.547918011776346e-14
driven_dt1e-3,25,5,-2.9498543094339507,5.367773635409873,1,0.25576045651606955,-0.1779326696056351,0.1066082287387174,-3.145965817270902,5.203597852752303,516,9.547918011776346e-14
driven_dt1e-3,25,6,-2.9778280760975364,0.0,1,0.2100450979547679,0.2506014403148045,0.0,-2.7677829781427685,0.0,516,9.547918011776346e-14
driven_dt1e-3,26,0,-0.9003294425796398,0.0,1,0.019501129976876808,0.6437697445677221,0.0,-0.880828312602763,0.0,517,1.7175150190951172e-13
driven_dt1e-3,26,1,-1.7219560332019352,0.0,1,0.018670105314608554,0.4188204089259369,0.0,-1.7406261385165438,0.0,517,1.7175150190951172e-13
driven_dt1e-3,26,2,-1.9826109179025015,0.0,1,0.06651497952149588,0.35895331213582354,0.0,-2.0491258974239974,0.0,517,1.7175150190951172e-13
driven_dt1e-3,26,3,-2.4330203253846303,0.19025723976725073,1,0.1200453568222553,0.2888670333675483,0.04473091396256453,-2.4598821785459393,0.307258643773027,517,1.7175150190951172e-13
driven_dt1e-3,26,4,-2.6464198717560925,3.045678744368468,1,0.267477082205365,0.048693111063769376,0.26913635049964807,-2.592865281289884,2.783617882458315,517,1.7175150190951172e-13
driven_dt1e-3,26,5,-2.9498543094339507,5.367773635409873,1,0.1745289451392841,-0.19780638786396665,0.08325328390115055,-3.0778434645957975,5.486429140349121,517,1.7175150190951172e-13
driven_dt1e-3,26,6,-2.9778280760975364,0.0,1,0.22767490069878793,0.2378898730991969,0.02340765304910551,-2.86225945861777,0.19616257304087942,517,1.7175150190951172e-13
driven_dt1e-3,27,0,-0.9003294425796398,0.0,1,0.01175697076408655,0.6337864527036657,0.0,-0.9120864133437263,0.0,516,1.2168044349891716e-13
driven_dt1e-3,27,1,-1.7219560332019352,0.0,1,0.042490921149936245,0.4318259972477836,0.0,-1.679465112051999,0.0,516,1.2168044349891716e-13
driven_dt1e-3,27,2,-1.9826109179025015,0.0,1,0.025327647308519108,0.3758212546110722,0.0,-1.9572832705939824,0.0,516,1.2168044349891716e-13
driven_dt1e-3,27,3,-2.4330203253846303,0.19025723976725073,1,0.19170514245730322,0.299766417754545,0.0,-2.409503430166048,0.0,516,1.2168044349891716e-13
driven_dt1e-3,27,4,-2.6464198717560925,3.045678744368468,1,0.01668779382243146,0.01495301152561402,0.26559320780523804,-2.648414144188569,3.029110541686069,516,1.2168044349891716e-13
driven_dt1e-3,27,5,-2.9498543094339507,5.367773635409873,1,0.2000047506870427,-0.22785651462545387,0.09384903602984257,-2.801379502595731,5.501777859342328,516,1.2168044349891716e-13
driven_dt1e-3,27,6,-2.9778280760975364,0.0,1,0.161201962697068,0.24455548661331472,0.0,-2.8166261134004684,0.0,516,1.2168044349891716e-13
driven_dt1e-3,28,0,-0.9003294425796398,0.0,1,0.0059743816117546755,0.6356215676874152,0.0,-0.9063038241913944,0.0,516,9.414691248821327e-14
driven_dt1e-3,28,1,-1.7219560332019352,0.0,1,0.19838214552795796,0.3828281483335575,0.0,-1.9203381787298932,0.0,516,9.414691248821327e-14
driven_dt1e-3,28,2,-1.9826109179025015,0.0,1,0.06227273917260834,0.3828281483335575,0.0,-1.9203381787298932,0.0,516,9.414691248821327e-14
driven_dt1e-3,28,3,-2.4330203253846303,0.19025723976725073,1,0.29412697358218926,0.26483115594502615,0.0,-2.657325606875648,0.0,516,9.414691248821327e-14
driven_dt1e-3,28,4,-2.6464198717560925,3.045678744368468,1,0.24472598386011607,0.017236693085372668,0.23559400497282693,-2.88595204143014,2.9955275044282113,516,9.414691248821327e-14
driven_dt1e-3,28,5,-2.9498543094339507,5.367773635409873,1,0.16861931985062653,-0.19658443259926014,0.08457741975856993,-3.083497846003559,5.4705932841160205,516,9.414691248821327e-14
driven_dt1e-3,28,6,-2.9778280760975364,0.0,1,0.3205024692218883,0.26483115594502615,0.0,-2.657325606875648,0.0,516,9.414691248821327e-14
driven_dt1e-3,29,0,-0.9003294425796398,0.0,1,0.006113638476422323,0.639474903897928,0.0,-0.8942158041032174,0.0,517,2.873257187729905e-13
driven_dt1e-3,29,1,-1.7219560332019352,0.0,1,0.0412870330998909,0.4141108724540538,0.0,-1.7632430663018261,0.0,517,2.873257187729905e-13
driven_dt1e-3,29,2,-1.9826109179025015,0.0,1,0.19959574436810423,0.3358457401506064,0.0,-2.182206662270606,0.0,517,2.873257187729905e-13
driven_dt1e-3,29,3,-2.4330203253846303,0.19025723976725073,1,0.2341444839493151,0.2767202007393008,0.0,-2.5694967778591797,0.0,517,2.873257187729905e-13
driven_dt1e-3,29,4,-2.6464198717560925,3.045678744368468,1,0.4208299613236466,0.06858695451499155,0.28381823646847204,-2.462085504197065,2.6673684256032044,517,2.873257187729905e-13
driven_dt1e-3,29,5,-2.9498543094339507,5.367773635409873,1,0.39908165543542984,-0.23252358378367655,0.1428976275190166,-2.5971313506048963,5.181084905112727,517,2.873257187729905e-13
driven_dt1e-3,29,6,-2.9778280760975364,0.0,1,0.17670438071206762,0.24645845292107293,0.0,-2.801123695385469,0.0,517,2.873257187729905e-13
driven_dt1e-3,30,0,-0.9003294425796398,0.0,1,0.001051247675364908,0.6378583147770188,0.0,-0.8992781949042749,0.0,516,1.2012613126444194e-13
driven_dt1e-3,30,1,-1.7219560332019352,0.0,1,0.013131669088841225,0.42553325366147643,0.0,-1.708824364113094,0.0,516,1.2012613126444194e-13
driven_dt1e-3,30,2,-1.9826109179025015,0.0,1,0.10011165582028236,0.3529738560893531,0.0,-2.082722573722784,0.0,516,1.2012613126444194e-13
driven_dt1e-3,30,3,-2.4330203253846303,0.19025723976725073,1,0.20971482440505704,0.30962265935601163,0.0,-2.344801901620709,0.0,516,1.2012613126444194e-13
driven_dt1e-3,30,4,-2.6464198717560925,3.045678744368468,1,0.5326323246700033,-0.027410090653548096,0.2159646919979419,-3.0493005482869826,3.394081318643378,516,1.2012613126444194e-13
driven_dt1e-3,30,5,-2.9498543094339507,5.367773635409873,1,0.28927915101859025,-0.21469065413295751,0.06964979549743452,-2.977044561959688,5.655772103082225,516,1.2012613126444194e-13
driven_dt1e-3,30,6,-2.9778280760975364,0.0,1,0.17628623394286924,0.24640693040433878,0.0,-2.801541842154667,0.0,516,1.2012613126444194e-13
driven_dt1e-3,31,0,-0.9003294425796398,0.0,1,0.003421038245133179,0.6386145580326772,0.0,-0.8969084043345066,0.0,517,3.5016434196677437e-13
driven_dt1e-3,31,1,-1.7219560332019352,0.0,1,0.09237607727643748,0.4036665733623439,0.0,-1.8143321104783727,0.0,517,3.5016434196677437e-13
driven_dt1e-3,31,2,-1.9826109179025015,0.0,1,0.13645092759705357,0.34661836299078763,0.0,-2.119061845499555,0.0,517,3.5016434196677437e-13
driven_dt1e-3,31,3,-2.4330203253846303,0.19025723976725073,1,0.36710726549007483,0.34661836299078763,0.0,-2.119061845499555,0.0,517,3.5016434196677437e-13
driven_dt1e-3,31,4,-2.6464198717560925,3.045678744368468,1,0.29722315973508623,0.0007352520830424941,0.23109626725967852,-2.9298317053553804,3.1352295079542585,517,3.5016434196677437e-13
driven_dt1e-3,31,5,-2.9498543094339507,5.367773635409873,1,0.3284407501987277,-0.17129295954836574,0.11150523598282801,-3.1754644901663767,5.129082678855199,517,3.5016434196677437e-13
driven_dt1e-3,31,6,-2.9778280760975364,0.0,1,0.07025105051250469,0.21783016851702394,0.0,-3.048079126610041,0.0,517,3.5016434196677437e-13
driven_dt1e-3,32,0,-0.9003294425796398,0.0,1,0.012630618199737986,0.633509660208253,0.0,-0.9129600607793777,0.0,517,1.4210854715202004e-14
driven_dt1e-3,32,1,-1.7219560332019352,0.0,1,0.09796335734998096,0.40254044798835464,0.0,-1.8199193905519162,0.0,517,1.4210854715202004e-14
driven_dt1e-3,32,2,-1.9826109179025015,0.0,1,0.16269152735058534,0.40254044798835464,0.0,-1.8199193905519162,0.0,517,1.4210854715202004e-14
driven_dt1e-3,32,3,-2.4330203253846303,0.19025723976725073,1,0.2488096097537869,0.3209913961743761,0.0,-2.2726819188128466,0.0,517,1.4210854715202004e-14
driven_dt1e-3,32,4,-2.6464198717560925,3.045678744368468,1,0.3083571724052201,0.011648480448308948,0.22794261561047874,-2.9547146544939227,3.0394761069958056,517,1.4210854715202004e-14
driven_dt1e-3,32,5,-2.9498543094339507,5.367773635409873,1,0.19939682223841157,-0.18837558317963926,0.08739066243921022,-3.1437106495046523,5.414451383140126,517,1.4210854715202004e-14
driven_dt1e-3,32,6,-2.9778280760975364,0.0,1,0.0337613326620696,0.2218409258056528,0.0,-3.011589408759606,0.0,517,1.4210854715202004e-14
driven_dt1e-3,33,0,-0.9003294425796398,0.0,1,0.005623889331128007,0.6393183319251473,0.0,-0.8947055532485118,0.0,516,1.0036416142611415e-13
driven_dt1e-3,33,1,-1.7219560332019352,0.0,1,0.02436263531373073,0.4176300299255788,0.0,-1.746318668515666,0.0,516,1.0036416142611415e-13
driven_dt1e-3,33,2,-1.9826109179025015,0.0,1,0.12092641982421859,0.34931937212345016,0.0,-2.10353733772672,0.0,516,1.0036416142611415e-13
driven_dt1e-3,33,3,-2.4330203253846303,0.19025723976725073,1,0.20219079052732516,0.32169150226975374,0.04448969236772703,-2.2493784543020037,0.2748549877238992,516,1.0036416142611415e-13
driven_dt1e-3,33,4,-2.6464198717560925,3.045678744368468,1,0.21848306286621846,0.011397913489931882,0.29667301660777645,-2.428774461900228,3.0647922037119977,516,1.0036416142611415e-13
driven_dt1e-3,33,5,-2.9498543094339507,5.367773635409873,1,0.16338384982398227,-0.22217276078325876,0.09212255325489557,-2.8499484910422344,5.4970528287659075,516,1.0036416142611415e-13
driven_dt1e-3,33,6,-2.9778280760975364,0.0,1,0.22721670182014764,0.2527623178042035,0.0,-2.7506113742773888,0.0,516,1.0036416142611415e-13
driven_dt1e-3,34,0,-0.9003294425796398,0.0,1,0.0048213674336542445,0.6359881136751683,0.0,-0.905150810013294,0.0,517,3.7991831902672857e-13
driven_dt1e-3,34,1,-1.7219560332019352,0.0,1,0.1334580415757336,0.3954594452888919,0.0,-1.8554140747776688,0.0,517,3.7991831902672857e-13
driven_dt1e-3,34,2,-1.9826109179025015,0.0,1,0.1271968431248327,0.3954594452888919,0.0,-1.8554140747776688,0.0,517,3.7991831902672857e-13
driven_dt1e-3,34,3,-2.4330203253846303,0.19025723976725073,1,0.26715038945404074,0.3253870722336678,0.0,-2.245479627663862,0.0,517,3.7991831902672857e-13
driven_dt1e-3,34,4,-2.6464198717560925,3.045678744368468,1,0.30252213416897217,-0.01981870279758046,0.24511103068507495,-2.805571551065133,3.302953664707124,517,3.7991831902672857e-13
driven_dt1e-3,34,5,-2.9498543094339507,5.367773635409873,1,0.6460856114770267,-0.29095364699121573,0.1143034937785359,-2.325656058942817,5.534516435678584,517,3.7991831902672857e-13
driven_dt1e-3,34,6,-2.9778280760975364,0.0,1,0.15450701995963625,0.21453242377969467,0.012902792428208626,-3.0749780359260317,0.12014285048278649,517,3.7991831902672857e-13
driven_dt1e-3,35,0,-0.9003294425796398,0.0,1,0.002715732976635521,0.638389388632142,0.0,-0.8976137096030042,0.0,516,7.375211552584915e-13
driven_dt1e-3,35,1,-1.7219560332019352,0.0,1,0.011998064683053977,0.4202199354452788,0.0,-1.7339540978849892,0.0,516,7.375211552584915e-13
driven_dt1e-3,35,2,-1.9826109179025015,0.0,1,0.06810922416007714,0.35866729644902523,0.0,-2.0507201420625787,0.0,516,7.375211552584915e-13
driven_dt1e-3,35,3,-2.4330203253846303,0.19025723976725073,1,0.31206130281674227,0.33520806190645924,0.05699045828128821,-2.157512433109045,0.3368098173957152,516,7.375211552584915e-13
driven_dt1e-3,35,4,-2.6464198717560925,3.045678744368468,1,0.16413182436624152,0.03454385677133212,0.2695494887220235,-2.605716495317432,2.8866740560216035,516,7.375211552584915e-13
driven_dt1e-3,35,5,-2.9498543094339507,5.367773635409873,1,0.6499820470323029,-0.1473292020135076,0.14019952038638114,-3.185397546766192,4.7619716505902865,516,7.375211552584915e-13
driven_dt1e-3,35,6,-2.9778280760975364,0.0,1,0.04192915696560373,0.2303974404071755,0.0,-2.9358989191319327,0.0,516,7.375211552584915e-13
driven_dt1e-3,36,0,-0.9003294425796398,0.0,1,0.010819966317246688,0.634083452633062,0.0,-0.9111494088968864,0.0,517,3.5083047578154947e-13
driven_dt1e-3,36,1,-1.7219560332019352,0.0,1,0.0983601580425677,0.40246059174609167,0.0,-1.820316191244503,0.0,517,3.5083047578154947e-13
driven_dt1e-3,36,2,-1.9826109179025015,0.0,1,0.1622947266579986,0.40246059174609167,0.0,-1.820316191244503,0.0,517,3.5083047578154947e-13
driven_dt1e-3,36,3,-2.4330203253846303,0.19025723976725073,1,0.2683847014530185,0.2695079001171236,0.0,-2.6223151501690727,0.0,517,3.5083047578154947e-13
driven_dt1e-3,36,4,-2.6464198717560925,3.045678744368468,1,0.722744150288407,0.04317105989262347,0.1893693155468935,-3.2774461092032126,2.6933082086685567,517,3.5083047578154947e-13
driven_dt1e-3,36,5,-2.9498543094339507,5.367773635409873,1,0.41771822982992807,-0.17995153556253282,0.14156359038783609,-2.9484135671656904,4.950057890202722,517,3.5083047578154947e-13
driven_dt1e-3,36,6,-2.9778280760975364,0.0,1,0.1872187198586821,0.2054559962843508,0.0,-3.1650467959562185,0.0,517,3.5083047578154947e-13
driven_dt1e-3,37,0,-0.9003294425796398,0.0,1,0.009735329214181854,0.6406339431698924,0.0,-0.8905941133654579,0.0,517,3.5083047578154947e-14
driven_dt1e-3,37,1,-1.7219560332019352,0.0,1,0.14821860939118814,0.39255158592142014,0.0,-1.8701746425931234,0.0,517,3.5083047578154947e-14
driven_dt1e-3,37,2,-1.9826109179025015,0.0,1,0.11243627530937816,0.39255158592142014,0.0,-1.8701746425931234,0.0,517,3.5083047578154947e-14
driven_dt1e-3,37,3,-2.4330203253846303,0.19025723976725073,1,0.29657831956296715,0.3319552619492189,0.0,-2.2055101446213503,0.0,517,3.5083047578154947e-14
driven_dt1e-3,37,4,-2.6464198717560925,3.045678744368468,1,0.35097180522435,0.0011954521374737922,0.2245959584760814,-2.986876131808385,3.130947396601541,517,3.5083047578154947e-14
driven_dt1e-3,37,5,-2.9498543094339507,5.367773635409873,1,0.2576567242629743,-0.1874563732906613,0.07970811885704332,-3.1822238865828703,5.479090153382538,517,3.5083047578154947e-14
driven_dt1e-3,37,6,-2.9778280760975364,0.0,1,0.11866543696122278,0.21262042260229444,0.0,-3.096493513058759,0.0,517,3.5083047578154947e-14
driven_dt1e-3,38,0,-0.9003294425796398,0.0,1,0.002876834946012763,0.636606764147317,0.0,-0.9032062775256525,0.0,517,2.353672812205332e-13
driven_dt1e-3,38,1,-1.7219560332019352,0.0,1,0.021913890555035342,0.4181416777588262,0.0,-1.7438699237569706,0.0,517,2.353672812205332e-13
driven_dt1e-3,38,2,-1.9826109179025015,0.0,1,0.21261680834221727,0.34954265201352774,0.031732871434691855,-2.094051422489008,0.18107159116530663,517,2.353672812205332e-13
driven_dt1e-3,38,3,-2.4330203253846303,0.19025723976725073,1,0.19793518693242299,0.30446075336061973,0.0,-2.3784261778766775,0.0,517,2.353672812205332e-13
driven_dt1e-3,38,4,-2.6464198717560925,3.045678744368468,1,0.5451526891443783,0.07525886529204004,0.2351052018045001,-2.797892536958611,2.5219923055734643,517,2.353672812205332e-13
driven_dt1e-3,38,5,-2.9498543094339507,5.367773635409873,1,0.32146928671736985,-0.23874795684799563,0.08190024184021104,-2.7534414231524313,5.622262300000533,517,2.353672812205332e-13
driven_dt1e-3,38,6,-2.9778280760975364,0.0,1,0.3193926876446209,0.19231697016924035,0.0,-3.2972207637421573,0.0,517,2.353672812205332e-13
driven_dt1e-3,39,0,-0.9003294425796398,0.0,1,0.003799502303882152,0.6387354157962011,0.0,-0.8965299402757576,0.0,517,4.207745263329343e-14
driven_dt1e-3,39,1,-1.7219560332019352,0.0,1,0.06918794764795422,0.43762887603129474,0.0,-1.652768085553981,0.0,517,4.207745263329343e-14
driven_dt1e-3,39,2,-1.9826109179025015,0.0,1,0.11198273615294685,0.392462577256463,0.0,-1.8706281817495547,0.0,517,4.207745263329343e-14
driven_dt1e-3,39,3,-2.4330203253846303,0.19025723976725073,1,0.21792844444756904,0.3124311299142393,0.0,-2.3267424367365956,0.0,517,4.207745263329343e-14
driven_dt1e-3,39,4,-2.6464198717560925,3.045678744368468,1,0.28614541837892854,0.0298150791188498,0.30299957702711594,-2.378411805412396,2.945424682934704,517,4.207745263329343e-14
driven_dt1e-3,39,5,-2.9498543094339507,5.367773635409873,1,0.4092746422302213,-0.17391070983326082,0.07232997709185875,-3.3388830659010003,5.494904903846779,517,4.207745263329343e-14
driven_dt1e-3,39,6,-2.9778280760975364,0.0,1,0.021273503574748887,0.22803018093610408,0.0,-2.9565545725227875,0.0,517,4.207745263329343e-14
driven_dt1e-3,40,0,-0.9003294425796398,0.0,1,0.01222202510534165,0.6336390972657719,0.0,-0.9125514676849814,0.0,517,5.984102102729594e-14
driven_dt1e-3,40,1,-1.7219560332019352,0.0,1,0.0009547343432638744,0.42254666703130284,0.0,-1.7229107675451991,0.0,517,5.984102102729594e-14
driven_dt1e-3,40,2,-1.9826109179025015,0.0,1,0.0047984815613097975,0.3719833372054777,0.0,-1.9778124363411917,0.0,517,5.984102102729594e-14
driven_dt1e-3,40,3,-2.4330203253846303,0.19025723976725073,1,0.19415466535173417,0.3223864947356732,0.016001966426832857,-2.261547618483466,0.09919053418375395,517,5.984102102729594e-14
driven_dt1e-3,40,4,-2.6464198717560925,3.045678744368468,1,0.36896775444283025,0.03618010341562901,0.22679668290967478,-2.942272358008144,2.8252053668439596,517,5.984102102729594e-14
driven_dt1e-3,40,5,-2.9498543094339507,5.367773635409873,1,0.18209075057620216,-0.20355079830756806,0.08079705647453254,-3.0373651837233795,5.527457348813916,517,5.984102102729594e-14
driven_dt1e-3,40,6,-2.9778280760975364,0.0,1,0.006682059944471241,0.22637259018349798,0.0,-2.971146016153065,0.0,517,5.984102102729594e-14
driven_dt1e-3,41,0,-0.9003294425796398,0.0,1,0.0006228113675860181,0.6373246319223431,0.0,-0.9009522539472258,0.0,516,3.957945082788683e-13
driven_dt1e-3,41,1,-1.7219560332019352,0.0,1,0.13645484930413776,0.39486733105185146,0.0,-1.858410882506073,0.0,516,3.957945082788683e-13
driven_dt1e-3,41,2,-1.9826109179025015,0.0,1,0.11735739108532361,0.34994329409582053,0.0,-2.099968308987825,0.0,516,3.957945082788683e-13
driven_dt1e-3,41,3,-2.4330203253846303,0.19025723976725073,1,0.19043865282603956,0.2974958662922671,0.0,-2.424709897817791,0.0,516,3.957945082788683e-13
driven_dt1e-3,41,4,-2.6464198717560925,3.045678744368468,1,0.18121039266549333,-0.0038563937767764293,0.28457091125423917,-2.513361986301683,3.1686942130233633,516,3.957945082788683e-13
driven_dt1e-3,41,5,-2.9498543094339507,5.367773635409873,1,0.27230674193399346,-0.22070201802698633,0.07377866032107051,-2.915947971942159,5.63796120355578,516,3.957945082788683e-13
driven_dt1e-3,41,6,-2.9778280760975364,0.0,1,0.16536212149725138,0.20771359426502867,0.0,-3.143190197594788,0.0,516,3.957945082788683e-13
driven_dt1e-3,42,0,-0.9003294425796398,0.0,1,0.00493107322518016,0.6359532288422381,0.0,-0.9052605158048199,0.0,517,7.360778653264788e-14
driven_dt1e-3,42,1,-1.7219560332019352,0.0,1,0.14374656618280013,0.4542512892524938,0.0,-1.5782094670191351,0.0,517,7.360778653264788e-14
driven_dt1e-3,42,2,-1.9826109179025015,0.0,1,0.07882747674253854,0.38601010906217953,0.0,-1.903783441159963,0.0,517,7.360778653264788e-14
driven_dt1e-3,42,3,-2.4330203253846303,0.19025723976725073,1,0.19819601371087817,0.3046036107032887,0.0,-2.377487969347546,0.0,517,7.360778653264788e-14
driven_dt1e-3,42,4,-2.6464198717560925,3.045678744368468,1,0.4161320728129654,0.0622441391896857,0.2986293440196843,-2.3745772653214363,2.730611292303949,517,7.360778653264788e-14
driven_dt1e-3,42,5,-2.9498543094339507,5.367773635409873,1,0.49638484462959587,-0.22810577625041356,0.15945337108560437,-2.558024295924626,5.063032508400028,517,7.360778653264788e-14
driven_dt1e-3,42,6,-2.9778280760975364,0.0,1,0.3096732379310622,0.21455597252331002,0.03239274484860184,-3.0558314840578147,0.2996881423034463,517,7.360778653264788e-14
driven_dt1e-3,43,0,-0.9003294425796398,0.0,1,0.008413539003151449,0.6348468496757528,0.0,-0.9087429815827912,0.0,517,1.887379141862766e-14
driven_dt1e-3,43,1,-1.7219560332019352,0.0,1,0.08262822341153409,0.40563881712774164,0.0,-1.8045842566134693,0.0,517,1.887379141862766e-14
driven_dt1e-3,43,2,-1.9826109179025015,0.0,1,0.17802666128903222,0.40563881712774164,0.0,-1.8045842566134693,0.0,517,1.887379141862766e-14
driven_dt1e-3,43,3,-2.4330203253846303,0.19025723976725073,1,0.2931010407590428,0.33120061038945303,0.0,-2.2100620270188127,0.0,517,1.887379141862766e-14
driven_dt1e-3,43,4,-2.6464198717560925,3.045678744368468,1,0.8217140355503937,0.11845188828407607,0.23980910160897118,-2.637508958225259,2.2240130265485263,517,1.887379141862766e-14
driven_dt1e-3,43,5,-2.9498543094339507,5.367773635409873,1,0.1172930418382072,-0.20688257922401426,0.11464619279431998,-2.8834013875150624,5.271121336771395,517,1.887379141862766e-14
driven_dt1e-3,43,6,-2.9778280760975364,0.0,1,0.15980981857686105,0.2082910398303594,0.0,-3.1376378946743975,0.0,517,1.887379141862766e-14
driven_dt1e-3,44,0,-0.9003294425796398,0.0,1,0.005359814173276911,0.6358169138585745,0.0,-0.9056892567529167,0.0,517,2.381428387820961e-13
driven_dt1e-3,44,1,-1.7219560332019352,0.0,1,0.01177941556529638,0.425245636484444,0.0,-1.7101766176366389,0.0,517,2.381428387820961e-13
driven_dt1e-3,44,2,-1.9826109179025015,0.0,1,0.04059323567331208,0.36363593996045523,0.0,-2.0232041535758136,0.0,517,2.381428387820961e-13
driven_dt1e-3,44,3,-2.4330203253846303,0.19025723976725073,1,0.21468777623038962,0.31136845607520963,0.0,-2.333556643676699,0.0,517,2.381428387820961e-13
driven_dt1e-3,44,4,-2.6464198717560925,3.045678744368468,1,0.3090676384880073,-0.0023558570817057366,0.23074752462893824,-2.9327580342993906,3.1620112928314037,517,2.381428387820961e-13
driven_dt1e-3,44,5,-2.9498543094339507,5.367773635409873,1,0.5888038885208988,-0.1530966332820701,0.07492895893008833,-3.538636008727196,5.372885358670107,517,2.381428387820961e-13
driven_dt1e-3,44,6,-2.9778280760975364,0.0,1,0.1435493597382016,0.2099913965490693,0.0,-3.121377435835738,0.0,517,2.381428387820961e-13
driven_dt1e-3,45,0,-0.9003294425796398,0.0,1,0.014388501378417407,0.6329530868542128,0.0,-0.9147179439580572,0.0,516,3.532729664357248e-13
driven_dt1e-3,45,1,-1.7219560332019352,0.0,1,0.09645636533802193,0.4028438749092895,0.0,-1.8184123985399572,0.0,516,3.532729664357248e-13
driven_dt1e-3,45,2,-1.9826109179025015,0.0,1,0.033255102681400084,0.3649725950431706,0.0,-2.0158660205839016,0.0,516,3.532729664357248e-13
driven_dt1e-3,45,3,-2.4330203253846303,0.19025723976725073,1,0.1500536854085985,0.2743067012688838,0.02229765870923972,-2.5804310068535563,0.16221799060523695,516,3.532729664357248e-13
driven_dt1e-3,45,4,-2.6464198717560925,3.045678744368468,1,0.3257012851034793,-0.023374995889544677,0.24520612577888914,-2.802265810054412,3.3316741475377745,516,3.532729664357248e-13
driven_dt1e-3,45,5,-2.9498543094339507,5.367773635409873,1,0.2843624517322263,-0.1753298507958613,0.09561984167119487,-3.2217872915439694,5.284620420222996,516,3.532729664357248e-13
driven_dt1e-3,45,6,-2.9778280760975364,0.0,1,0.2713690020965758,0.2584043851041251,0.0,-2.7064590740009606,0.0,516,3.532729664357248e-13
driven_dt1e-3,46,0,-0.9003294425796398,0.0,1,0.005024816889549033,0.6359234212477924,0.0,-0.9053542594691888,0.0,517,1.7696955012524995e-13
driven_dt1e-3,46,1,-1.7219560332019352,0.0,1,0.08740434818691245,0.40467128205244146,0.0,-1.8093603813888477,0.0,517,1.7696955012524995e-13
driven_dt1e-3,46,2,-1.9826109179025015,0.0,1,0.17325053651365385,0.40467128205244146,0.0,-1.8093603813888477,0.0,517,1.7696955012524995e-13
driven_dt1e-3,46,3,-2.4330203253846303,0.19025723976725073,1,0.21214572040613805,0.26509866725653136,0.028222686454410943,-2.644036175758766,0.2121231396462783,517,1.7696955012524995e-13
driven_dt1e-3,46,4,-2.6464198717560925,3.045678744368468,1,0.12522971387161994,0.013751509952092329,0.24983827007736936,-2.770857977303799,3.0316203261051773,517,1.7696955012524995e-13
driven_dt1e-3,46,5,-2.9498543094339507,5.367773635409873,1,0.3536190854050276,-0.1766543936932103,0.12831953274100677,-3.043396848263277,5.026751273984625,517,1.7696955012524995e-13
driven_dt1e-3,46,6,-2.9778280760975364,0.0,1,0.02140743734008632,0.22804545191779507,0.0,-2.95642063875745,0.0,517,1.7696955012524995e-13
driven_dt1e-3,47,0,-0.9003294425796398,0.0,1,0.022031750554575846,0.6445848286075381,0.0,-0.8782976920250639,0.0,516,1.48991929904696e-13
driven_dt1e-3,47,1,-1.7219560332019352,0.0,1,0.028204102215068083,0.4287522788159734,0.0,-1.6937519309868672,0.0,516,1.48991929904696e-13
driven_dt1e-3,47,2,-1.9826109179025015,0.0,1,0.036110293621223644,0.3778529001514864,0.0,-1.946500624281278,0.0,516,1.48991929904696e-13
driven_dt1e-3,47,3,-2.4330203253846303,0.19025723976725073,1,0.2049251647090378,0.28519630213987757,0.0,-2.5091551127500202,0.0,516,1.48991929904696e-13
driven_dt1e-3,47,4,-2.6464198717560925,3.045678744368468,1,0.4444252979661283,-0.03408564269276228,0.23551546362977333,-2.871227618299094,3.429052351397616,516,1.48991929904696e-13
driven_dt1e-3,47,5,-2.9498543094339507,5.367773635409873,1,0.22935701924041935,-0.2328032326495224,0.10400580296496839,-2.7331441544137425,5.442882562881695,516,1.48991929904696e-13
driven_dt1e-3,47,6,-2.9778280760975364,0.0,1,0.07300565888573818,0.21753035662743378,0.0,-3.0508337349832746,0.0,516,1.48991929904696e-13
driven_dt1e-3,48,0,-0.9003294425796398,0.0,1,0.010746993357100831,0.6341065885283922,0.0,-0.9110764359367406,0.0,517,4.463096558993129e-14
driven_dt1e-3,48,1,-1.7219560332019352,0.0,1,0.10091874704812853,0.4019460553154727,0.0,-1.8228747802500638,0.0,517,4.463096558993129e-14
driven_dt1e-3,48,2,-1.9826109179025015,0.0,1,0.15973613765243777,0.4019460553154727,0.0,-1.8228747802500638,0.0,517,4.463096558993129e-14
driven_dt1e-3,48,3,-2.4330203253846303,0.19025723976725073,1,0.2939398839142187,0.3313830859407052,0.0,-2.208960426983218,0.0,517,4.463096558993129e-14
driven_dt1e-3,48,4,-2.6464198717560925,3.045678744368468,1,0.3217541516200685,-0.01733056364854048,0.2387100573769681,-2.8597541777876323,3.286540131798648,517,4.463096558993129e-14
driven_dt1e-3,48,5,-2.9498543094339507,5.367773635409873,1,0.39062438703674146,-0.1891145452395402,0.0626500849326382,-3.2266725312647746,5.643380391151184,517,4.463096558993129e-14
driven_dt1e-3,48,6,-2.9778280760975364,0.0,1,0.04990222189084381,0.22005777598501092,0.0,-3.0277302979883802,0.0,517,4.463096558993129e-14
driven_dt1e-3,49,0,-0.9003294425796398,0.0,1,0.017706460303357763,0.6431923266564185,0.0,-0.882622982276282,0.0,517,7.043254868221993e-13
driven_dt1e-3,49,1,-1.7219560332019352,0.0,1,0.058326127253542914,0.41059782143180285,0.0,-1.7802821604554782,0.0,517,7.043254868221993e-13
driven_dt1e-3,49,2,-1.9826109179025015,0.0,1,0.2023287574470234,0.41059782143180285,0.0,-1.7802821604554782,0.0,517,7.043254868221993e-13
driven_dt1e-3,49,3,-2.4330203253846303,0.19025723976725073,1,0.23067251216741788,0.29225078024134926,0.062334716455631455,-2.415797068326371,0.42028586252088257,517,7.043254868221993e-13
driven_dt1e-3,49,4,-2.6464198717560925,3.045678744368468,1,0.5192745361646708,0.06716480267901632,0.22964593604429562,-2.860356166901117,2.572521999168048,517,7.043254868221993e-13
driven_dt1e-3,49,5,-2.9498543094339507,5.367773635409873,1,0.4980301180181579,-0.20395202653257657,0.04673830825629764,-3.128557662077372,5.83263825033252,517,7.043254868221993e-13
driven_dt1e-3,49,6,-2.9778280760975364,0.0,1,0.3733328080318885,0.18719948948269638,0.0,-3.351160884129425,0.0,517,7.043254868221993e-13
driven_dt1e-3,50,0,-0.9003294425796398,0.0,1,0.007667471176520002,0.635083713256771,0.0,-0.9079969137561598,0.0,516,5.995204332975845e-14
driven_dt1e-3,50,1,-1.7219560332019352,0.0,1,0.04108353997780445,0.4141530089548023,0.0,-1.7630395731797397,0.0,516,5.995204332975845e-14
driven_dt1e-3,50,2,-1.9826109179025015,0.0,1,0.21957134472276185,0.4141530089548023,0.0,-1.7630395731797397,0.0,516,5.995204332975845e-14
driven_dt1e-3,50,3,-2.4330203253846303,0.19025723976725073,1,0.24036001644868107,0.2752838528652515,0.0,-2.579905042844811,0.0,516,5.995204332975845e-14
driven_dt1e-3,50,4,-2.6464198717560925,3.045678744368468,1,0.49898140987755724,-0.051791593147608464,0.2934842369855054,-2.42119559801181,3.49093875146517,516,5.995204332975845e-14
driven_dt1e-3,50,5,-2.9498543094339507,5.367773635409873,1,0.23947068128548032,-0.20340474256885901,0.07451924293392473,-3.0591704537937945,5.580837446925648,516,5.995204332975845e-14
driven_dt1e-3,50,6,-2.9778280760975364,0.0,1,0.3979230332527255,0.2752838528652515,0.0,-2.579905042844811,0.0,516,5.995204332975845e-14
driven_dt1e-3,51,0,-0.9003294425796398,0.0,1,0.00665120860778623,0.6396468083036078,0.0,-0.8936782339718535,0.0,517,2.375877272697835e-14
driven_dt1e-3,51,1,-1.7219560332019352,0.0,1,0.07343379809030814,0.4385589162633766,0.0,-1.648522235111627,0.0,517,2.375877272697835e-14
driven_dt1e-3,51,2,-1.9826109179025015,0.0,1,0.11455628656918693,0.3929679134282928,0.0,-1.8680546313333146,0.0,517,2.375877272697835e-14
driven_dt1e-3,51,3,-2.4330203253846303,0.19025723976725073,1,0.20972976999463533,0.28347335783319455,0.0,-2.521274272254725,0.0,517,2.375877272697835e-14
driven_dt1e-3,51,4,-2.6464198717560925,3.045678744368468,1,0.27219614402520276,0.034837794863462127,0.23940237691588676,-2.8382641877120354,2.852581620470712,517,2.375877272697835e-14
driven_dt1e-3,51,5,-2.9498543094339507,5.367773635409873,1,0.626428841973824,-0.2678446846486101,0.054226466289040744,-2.5945257571798104,5.883675480734778,517,2.375877272697835e-14
driven_dt1e-3,51,6,-2.9778280760975364,0.0,1,0.01273870659756815,0.2241850636201797,0.0,-2.9905667826951046,0.0,517,2.375877272697835e-14
driven_dt1e-3,52,0,-0.9003294425796398,0.0,1,0.00018354537253451042,0.6374646248146157,0.0,-0.9005129879521743,0.0,517,1.1457501614131615e-13
driven_dt1e-3,52,1,-1.7219560332019352,0.0,1,0.13078437580279112,0.39598846200530696,0.0,-1.8527404090047264,0.0,517,1.1457501614131615e-13
driven_dt1e-3,52,2,-1.9826109179025015,0.0,1,0.12987050889777518,0.39598846200530696,0.0,-1.8527404090047264,0.0,517,1.1457501614131615e-13
driven_dt1e-3,52,3,-2.4330203253846303,0.19025723976725073,1,0.23717585891394277,0.31800025895171913,0.0,-2.291406163777419,0.0,517,1.1457501614131615e-13
driven_dt1e-3,52,4,-2.6464198717560925,3.045678744368468,1,0.46500926920653246,0.00477081003064685,0.211278087948751,-3.1086503630729,3.0964388994609817,517,1.1457501614131615e-13
driven_dt1e-3,52,5,-2.9498543094339507,5.367773635409873,1,0.5533631671923016,-0.2557746433701922,0.05617896849177288,-2.679801800382974,5.850766841532244,517,1.1457501614131615e-13
driven_dt1e-3,52,6,-2.9778280760975364,0.0,1,0.10997231824644205,0.2135466012768629,0.0,-3.0878003943439785,0.0,517,1.1457501614131615e-13
driven_dt1e-3,53,0,-0.9003294425796398,0.0,1,0.004345536032904329,0.6361394432337886,0.0,-0.9046749786125441,0.0,516,2.113864638886298e-13
driven_dt1e-3,53,1,-1.7219560332019352,0.0,1,0.05967998863144963,0.4103199692196131,0.0,-1.7816360218333849,0.0,516,2.113864638886298e-13
driven_dt1e-3,53,2,-1.9826109179025015,0.0,1,0.11091916996127194,0.35107161537105325,0.0,-2.0935300878637735,0.0,516,2.113864638886298e-13
driven_dt1e-3,53,3,-2.4330203253846303,0.19025723976725073,1,0.15152212051495936,0.3099502950793933,0.04566038674452168,-2.321217031172101,0.2925263768936415,516,2.113864638886298e-13
driven_dt1e-3,53,4,-2.6464198717560925,3.045678744368468,1,0.3525768284657034,0.052263379928686404,0.24365221842411922,-2.7790436799325007,2.718996413233585,516,2.113864638886298e-13
driven_dt1e-3,53,5,-2.9498543094339507,5.367773635409873,1,0.3422861039560837,-0.24691101454200698,0.09489753544542125,-2.6596802489840945,5.549319198846378,516,2.113864638886298e-13
driven_dt1e-3,53,6,-2.9778280760975364,0.0,1,0.06436283745877924,0.21847242871521,0.0,-3.0421909135563157,0.0,516,2.113864638886298e-13
driven_dt1e-3,54,0,-0.9003294425796398,0.0,1,0.0020127529875350048,0.6368818637799675,0.0,-0.9023421955671748,0.0,516,1.0103029524088925e-13
driven_dt1e-3,54,1,-1.7219560332019352,0.0,1,0.04816787143481549,0.43305346585225485,0.0,-1.6737881617671198,0.0,516,1.0103029524088925e-13
driven_dt1e-3,54,2,-1.9826109179025015,0.0,1,0.04267332632108123,0.37909486727441705,0.0,-1.9399375915814203,0.0,516,1.0103029524088925e-13
driven_dt1e-3,54,3,-2.4330203253846303,0.19025723976725073,1,0.19114406384345872,0.29355045175251027,0.0,-2.451411515088918,0.0,516,1.0103029524088925e-13
driven_dt1e-3,54,4,-2.6464198717560925,3.045678744368468,1,0.400437033628561,-0.04005841899380817,0.2612860785572431,-2.661046034017857,3.4458485749138674,516,1.0103029524088925e-13
driven_dt1e-3,54,5,-2.9498543094339507,5.367773635409873,1,0.5999513644662045,-0.14514939229357754,0.09796847009968017,-3.484595277140349,5.095755736768469,516,1.0103029524088925e-13
driven_dt1e-3,54,6,-2.9778280760975364,0.0,1,0.1051226191788337,0.23779347634756406,0.0,-2.8727054569187027,0.0,516,1.0103029524088925e-13
driven_dt1e-3,55,0,-0.9003294425796398,0.0,1,9.046625329589553e-05,0.6374942928278903,0.0,-0.9004199088329357,0.0,516,1.4788170688007085e-13
driven_dt1e-3,55,1,-1.7219560332019352,0.0,1,0.0060705360021142685,0.4214672157144998,0.0,-1.7280265692040495,0.0,516,1.4788170688007085e-13
driven_dt1e-3,55,2,-1.9826109179025015,0.0,1,0.17574686345538515,0.3878552477730565,0.028864277048877944,-1.8887230730681412,0.14856659317210205,516,1.4788170688007085e-13
driven_dt1e-3,55,3,-2.4330203253846303,0.19025723976725073,1,0.21776510416934114,0.31237874875406635,0.0,-2.3270777781713843,0.0,516,1.4788170688007085e-13
driven_dt1e-3,55,4,-2.6464198717560925,3.045678744368468,1,0.28795767966984237,0.006780520524106571,0.30672131916055567,-2.363142821757322,3.0973869470527,516,1.4788170688007085e-13
driven_dt1e-3,55,5,-2.9498543094339507,5.367773635409873,1,0.211030626737848,-0.225838046562979,0.08723228859152365,-2.836810784471483,5.545973205794958,516,1.4788170688007085e-13
driven_dt1e-3,55,6,-2.9778280760975364,0.0,1,0.20109830218910707,0.24948290405640985,0.0,-2.7767297739084293,0.0,516,1.4788170688007085e-13
driven_dt1e-3,56,0,-0.9003294425796398,0.0,1,0.009559041107074506,0.6344833445836656,0.0,-0.9098884836867143,0.0,517,2.831068712794149e-13
driven_dt1e-3,56,1,-1.7219560332019352,0.0,1,0.052825441498453696,0.4117286606104115,0.0,-1.774781474700389,0.0,517,2.831068712794149e-13
driven_dt1e-3,56,2,-1.9826109179025015,0.0,1,0.18226721220040498,0.3387682393793474,0.0,-2.1648781301029065,0.0,517,2.831068712794149e-13
driven_dt1e-3,56,3,-2.4330203253846303,0.19025723976725073,1,0.31315775824487324,0.2616157300297578,0.0,-2.681757062247325,0.0,517,2.831068712794149e-13
driven_dt1e-3,56,4,-2.6464198717560925,3.045678744368468,1,0.23346521310174292,0.0038526411958262827,0.23795641132694403,-2.871073436521168,3.109214415978881,517,2.831068712794149e-13
driven_dt1e-3,56,5,-2.9498543094339507,5.367773635409873,1,0.26847250967487435,-0.17818327582061583,0.09138453141055053,-3.216368661348633,5.335407160862551,517,2.831068712794149e-13
driven_dt1e-3,56,6,-2.9778280760975364,0.0,1,0.0336212316982909,0.2294423630999108,0.0,-2.9442068443992455,0.0,517,2.831068712794149e-13
driven_dt1e-3,57,0,-0.9003294425796398,0.0,1,0.003745211031928042,0.6387180771524535,0.0,-0.8965842315477117,0.0,516,4.367617378875366e-13
driven_dt1e-3,57,1,-1.7219560332019352,0.0,1,0.11510536824330697,0.4477924959819069,0.0,-1.6068506649586283,0.0,516,4.367617378875366e-13
driven_dt1e-3,57,2,-1.9826109179025015,0.0,1,0.09800105940708415,0.38972850268308457,0.0,-1.8846098584954174,0.0,516,4.367617378875366e-13
driven_dt1e-3,57,3,-2.4330203253846303,0.19025723976725073,1,0.21211158265947244,0.2826920854104868,0.0,-2.5267940222001717,0.0,516,4.367617378875366e-13
driven_dt1e-3,57,4,-2.6464198717560925,3.045678744368468,1,0.4089007629229608,0.06807305504383514,0.26737935144115027,-2.575369904055604,2.6429980569637466,516,4.367617378875366e-13
driven_dt1e-3,57,5,-2.9498543094339507,5.367773635409873,1,0.5075794953749715,-0.24686177121457914,0.05653221393562269,-2.7467397006996688,5.832941776885437,516,4.367617378875366e-13
driven_dt1e-3,57,6,-2.9778280760975364,0.0,1,0.45103405389736473,0.2826920854104868,0.0,-2.5267940222001717,0.0,516,4.367617378875366e-13
driven_dt1e-3,58,0,-0.9003294425796398,0.0,1,0.0017318907013644802,0.636971308108346,0.0,-0.9020613332810042,0.0,517,1.1324274851176597e-14
driven_dt1e-3,58,1,-1.7219560332019352,0.0,1,0.014844583512570564,0.42589786079838177,0.0,-1.7071114496893647,0.0,517,1.1324274851176597e-14
driven_dt1e-3,58,2,-1.9826109179025015,0.0,1,0.07389885453511291,0.35763052227082714,0.0,-2.0565097724376145,0.0,517,1.1324274851176597e-14
driven_dt1e-3,58,3,-2.4330203253846303,0.19025723976725073,1,0.22900021311087806,0.2779720452854601,0.0,-2.560469453749537,0.0,517,1.1324274851176597e-14
driven_dt1e-3,58,4,-2.6464198717560925,3.045678744368468,1,0.19548753360990898,0.020078950407591306,0.24220029822911077,-2.829131159421644,2.9761664349802643,517,1.1324274851176597e-14
driven_dt1e-3,58,5,-2.9498543094339507,5.367773635409873,1,0.16979714817836072,-0.21463043596571285,0.1188968206565003,-2.810038442522976,5.271427411356012,517,1.1324274851176597e-14
driven_dt1e-3,58,6,-2.9778280760975364,0.0,1,0.10315545248045499,0.2142757023749296,0.0,-3.0809835285779914,0.0,517,1.1324274851176597e-14
driven_dt1e-3,59,0,-0.9003294425796398,0.0,1,0.0005968937158624676,0.6373328909547792,0.0,-0.9009263362955022,0.0,517,2.432498646953718e-13
driven_dt1e-3,59,1,-1.7219560332019352,0.0,1,0.03433159143455433,0.43006788060397627,0.0,-1.687624441767381,0.0,517,2.432498646953718e-13
driven_dt1e-3,59,2,-1.9826109179025015,0.0,1,0.0038611291709791384,0.37180903831839146,0.0,-1.9787497887315224,0.0,517,2.432498646953718e-13
driven_dt1e-3,59,3,-2.4330203253846303,0.19025723976725073,1,0.19093621079261566,0.29388871792421295,0.0,-2.4491081875169654,0.0,517,2.432498646953718e-13
driven_dt1e-3,59,4,-2.6464198717560925,3.045678744368468,1,0.3494910834583693,0.014711071124125733,0.31677978682233665,-2.2969425525806937,3.0487804856344796,517,2.432498646953718e-13
driven_dt1e-3,59,5,-2.9498543094339507,5.367773635409873,1,0.45132066416143457,-0.15983140062269224,0.09154684735877301,-3.3835470133339314,5.242869750430093,517,2.432498646953718e-13
driven_dt1e-3,59,6,-2.9778280760975364,0.0,1,0.09799834535901475,0.21482893671591918,0.0,-3.075826421456551,0.0,517,2.432498646953718e-13
driven_dt1e-3,60,0,-0.9003294425796398,0.0,1,0.015453674243063431,0.632616074379959,0.0,-0.9157831168227032,0.0,516,1.1457501614131615e-13
driven_dt1e-3,60,1,-1.7219560332019352,0.0,1,0.017700452218749607,0.42650644939359494,0.0,-1.7042555809831856,0.0,516,1.1457501614131615e-13
driven_dt1e-3,60,2,-1.9826109179025015,0.0,1,0.092208836290532,0.35437135966734995,0.0,-2.0748197541930335,0.0,516,1.1457501614131615e-13
driven_dt1e-3,60,3,-2.4330203253846303,0.19025723976725073,1,0.12057129641567839,0.313326474410872,0.028552021880753637,-2.3127496018273983,0.1817489747045452,516,1.1457501614131615e-13
driven_dt1e-3,60,4,-2.6464198717560925,3.045678744368468,1,0.2491425212872811,0.04006524228890171,0.24879263537399307,-2.75666814497033,2.82225691426527,516,1.1457501614131615e-13
driven_dt1e-3,60,5,-2.9498543094339507,5.367773635409873,1,0.09327419783937195,-0.2110092055709339,0.11033743153817058,-2.869994584492912,5.319581309102462,516,1.1457501614131615e-13
driven_dt1e-3,60,6,-2.9778280760975364,0.0,1,0.12717425616738298,0.21171776972360307,0.0,-3.1050023322649194,0.0,516,1.1457501614131615e-13
driven_dt1e-3,61,0,-0.9003294425796398,0.0,1,0.006681037242726395,0.6396563482703164,0.0,-0.8936484053369134,0.0,517,1.9828583219805296e-13
driven_dt1e-3,61,1,-1.7219560332019352,0.0,1,0.09399634000947876,0.40333968283965865,0.0,-1.815952373211414,0.0,517,1.9828583219805296e-13
driven_dt1e-3,61,2,-1.9826109179025015,0.0,1,0.16665854469108754,0.40333968283965865,0.0,-1.815952373211414,0.0,517,1.9828583219805296e-13
driven_dt1e-3,61,3,-2.4330203253846303,0.19025723976725073,1,0.21863518054796632,0.2807277355204759,0.0,-2.5407399841725633,0.0,517,1.9828583219805296e-13
driven_dt1e-3,61,4,-2.6464198717560925,3.045678744368468,1,0.27460400380557054,-0.02288406965999571,0.25989997465453285,-2.6871940485229895,3.3172387292981913,517,1.9828583219805296e-13
driven_dt1e-3,61,5,-2.9498543094339507,5.367773635409873,1,0.1878512163858991,-0.22467159058124175,0.11251119574852986,-2.7624626795682983,5.354641363940084,517,1.9828583219805296e-13
driven_dt1e-3,61,6,-2.9778280760975364,0.0,1,0.10755525269187949,0.21380483535472633,0.0,-3.085383328789416,0.0,517,1.9828583219805296e-13
driven_dt1e-3,62,0,-0.9003294425796398,0.0,1,0.013287712878963132,0.6333015564826073,0.0,-0.9136171554586029,0.0,517,4.984901380566953e-14
driven_dt1e-3,62,1,-1.7219560332019352,0.0,1,0.10068624663863601,0.4019927843427769,0.0,-1.8226422798405713,0.0,517,4.984901380566953e-14
driven_dt1e-3,62,2,-1.9826109179025015,0.0,1,0.1599686380619303,0.4019927843427769,0.0,-1.8226422798405713,0.0,517,4.984901380566953e-14
driven_dt1e-3,62,3,-2.4330203253846303,0.19025723976725073,1,0.23367825423987157,0.3170573343293798,0.0,-2.2973453121333285,0.0,517,4.984901380566953e-14
driven_dt1e-3,62,4,-2.6464198717560925,3.045678744368468,1,0.9483807323907494,-0.05885849421713045,0.1854076567270309,-3.2743800381507158,3.7563770228183677,517,4.984901380566953e-14
driven_dt1e-3,62,5,-2.9498543094339507,5.367773635409873,1,0.31357505615718834,-0.17970843588079974,0.07975658438299224,-3.25304720572472,5.447794779383192,517,4.984901380566953e-14
driven_dt1e-3,62,6,-2.9778280760975364,0.0,1,0.1582784291263413,0.23152677721195147,0.017117395596237227,-2.9206683308058583,0.1475968314188781,517,4.984901380566953e-14
driven_dt1e-3,63,0,-0.9003294425796398,0.0,1,0.0055277214537223784,0.635763536954765,0.0,-0.9058571640333621,0.0,516,3.9745984281580604e-13
driven_dt1e-3,63,1,-1.7219560332019352,0.0,1,0.114359016655319,0.44762542183762644,0.0,-1.6075970165466162,0.0,516,3.9745984281580604e-13
driven_dt1e-3,63,2,-1.9826109179025015,0.0,1,0.021095970963275645,0.36719822855910256,0.0,-2.003706888865777,0.0,516,3.9745984281580604e-13
driven_dt1e-3,63,3,-2.4330203253846303,0.19025723976725073,1,0.2380297482335278,0.3241472983067353,0.05102517057373998,-2.2286374855471607,0.31226468144228897,516,3.9745984281580604e-13
driven_dt1e-3,63,4,-2.6464198717560925,3.045678744368468,1,0.27776576664753666,-0.012343733969619308,0.29581639309771857,-2.434292935655125,3.224999641370769,516,3.9745984281580604e-13
driven_dt1e-3,63,5,-2.9498543094339507,5.367773635409873,1,0.31542375018309654,-0.17368645091964466,0.11482250154076938,-3.138421123003417,5.114920517968488,516,3.9745984281580604e-13
driven_dt1e-3,63,6,-2.9778280760975364,0.0,1,0.044115474468459315,0.2306494390976553,0.0,-2.933712601629077,0.0,516,3.9745984281580604e-13
driven_dt1e-3,64,0,-0.9003294425796398,0.0,1,0.02045060438592594,0.6310374780695427,0.0,-0.9207800469655657,0.0,517,2.6201263381153694e-13
driven_dt1e-3,64,1,-1.7219560332019352,0.0,1,0.01274609849988706,0.42545122501507193,0.0,-1.7092099347020482,0.0,517,2.6201263381153694e-13
driven_dt1e-3,64,2,-1.9826109179025015,0.0,1,0.1320920912914827,0.34737461313648593,0.0,-2.1147030091939842,0.0,517,2.6201263381153694e-13
driven_dt1e-3,64,3,-2.4330203253846303,0.19025723976725073,1,0.19151024936123887,0.2930400866412699,0.0,-2.4548917296959853,0.0,517,2.6201263381153694e-13
driven_dt1e-3,64,4,-2.6464198717560925,3.045678744368468,1,0.44386491068068157,-0.04633129939305547,0.28126140869132665,-2.510168221538458,3.4681140018299406,517,2.6201263381153694e-13
driven_dt1e-3,64,5,-2.9498543094339507,5.367773635409873,1,0.6412423988614055,-0.1433912647824349,0.08832637674154342,-3.5626837746141744,5.179009600952959,517,2.6201263381153694e-13
driven_dt1e-3,64,6,-2.9778280760975364,0.0,1,0.19649870578086598,0.2071955971758443,0.010612985191336868,-3.145563772466656,0.10235466543896188,517,2.6201263381153694e-13
driven_dt1e-3,65,0,-0.9003294425796398,0.0,1,0.003224935924806882,0.6385519442040944,0.0,-0.8971045066548329,0.0,517,1.0147438445073931e-13
driven_dt1e-3,65,1,-1.7219560332019352,0.0,1,0.006008447199752354,0.4240203655266951,0.0,-1.715947586002183,0.0,517,1.0147438445073931e-13
driven_dt1e-3,65,2,-1.9826109179025015,0.0,1,0.09720339000235678,0.3534875003525009,0.0,-2.0798143079048583,0.0,517,1.0147438445073931e-13
driven_dt1e-3,65,3,-2.4330203253846303,0.19025723976725073,1,0.3684913802905826,0.2534594170679151,0.058072456947523415,-2.693938939588701,0.4504636465106017,517,1.0147438445073931e-13
driven_dt1e-3,65,4,-2.6464198717560925,3.045678744368468,1,0.3272617874903989,0.002358654529229864,0.22706399651458498,-2.9649388596937993,3.1208181606195273,517,1.0147438445073931e-13
driven_dt1e-3,65,5,-2.9498543094339507,5.367773635409873,1,0.23644895103000088,-0.20768922398533915,0.12894968359664355,-2.8173713052245213,5.171925837263373,517,1.0147438445073931e-13
driven_dt1e-3,65,6,-2.9778280760975364,0.0,1,0.11682980886311922,0.23918950492084412,0.0,-2.860998267234417,0.0,517,1.0147438445073931e-13
driven_dt1e-3,66,0,-0.9003294425796398,0.0,1,0.0041791764315914914,0.6361923593866134,0.0,-0.9045086190112313,0.0,516,3.108624468950438e-14
driven_dt1e-3,66,1,-1.7219560332019352,0.0,1,0.14307659752337698,0.4540991476727882,0.0,-1.5788794356785583,0.0,516,3.108624468950438e-14
driven_dt1e-3,66,2,-1.9826109179025015,0.0,1,0.11552876671011458,0.3931590366363237,0.0,-1.867082151192387,0.0,516,3.108624468950438e-14
driven_dt1e-3,66,3,-2.4330203253846303,0.19025723976725073,1,0.23813730799083932,0.3182554632097584,0.0,-2.2898017505653327,0.0,516,3.108624468950438e-14
driven_dt1e-3,66,4,-2.6464198717560925,3.045678744368468,1,0.4067363103082513,0.014314264633131648,0.32600398022635213,-2.2397652983765917,3.0538325209601007,516,3.108624468950438e-14
driven_dt1e-3,66,5,-2.9498543094339507,5.367773635409873,1,0.5817920986946349,-0.1741164617170149,0.050619914936317,-3.4149236159957925,5.71733419696909,516,3.108624468950438e-14
driven_dt1e-3,66,6,-2.9778280760975364,0.0,1,0.3996077392207237,0.2612677090726925,0.033208647882202555,-2.668392610822622,0.2528557653588211,516,3.108624468950438e-14
driven_dt1e-3,67,0,-0.9003294425796398,0.0,1,0.0050915566316094285,0.6391481895424975,0.0,-0.8952378859480303,0.0,516,7.616129948928574e-14
driven_dt1e-3,67,1,-1.7219560332019352,0.0,1,0.07841942224326326,0.43965352498617144,0.0,-1.643536610958672,0.0,516,7.616129948928574e-14
driven_dt1e-3,67,2,-1.9826109179025015,0.0,1,0.03087586385031771,0.37686527089944455,0.0,-1.9517350540521838,0.0,516,7.616129948928574e-14
driven_dt1e-3,67,3,-2.4330203253846303,0.19025723976725073,1,0.1539946409826328,0.27307993888492743,0.030536224275683678,-2.5835548897308835,0.22271789885565677,516,7.616129948928574e-14
driven_dt1e-3,67,4,-2.6464198717560925,3.045678744368468,1,0.5338997207929753,0.08130572502476471,0.30062529465114723,-2.3331866950917286,2.613320225428956,516,7.616129948928574e-14
driven_dt1e-3,67,5,-2.9498543094339507,5.367773635409873,1,0.26147336371093144,-0.2331722934784713,0.0871973093417108,-2.781061487719001,5.56746665799157,516,7.616129948928574e-14
driven_dt1e-3,67,6,-2.9778280760975364,0.0,1,0.4032398352596718,0.18442102504471652,0.0,-3.381067911357208,0.0,516,7.616129948928574e-14
driven_dt1e-3,68,0,-0.9003294425796398,0.0,1,0.0022144226730929084,0.6368176471350565,0.0,-0.9025438652527327,0.0,516,5.566658245470535e-13
driven_dt1e-3,68,1,-1.7219560332019352,0.0,1,0.0717656405923155,0.4078479535518597,0.0,-1.7937216737942507,0.0,516,5.566658245470535e-13
driven_dt1e-3,68,2,-1.9826109179025015,0.0,1,0.0524333162505799,0.38094936961861675,0.0,-1.9301776016519216,0.0,516,5.566658245470535e-13
driven_dt1e-3,68,3,-2.4330203253846303,0.19025723976725073,1,0.25510224874868476,0.3225359905304618,0.0,-2.2630811008577933,0.0,516,5.566658245470535e-13
driven_dt1e-3,68,4,-2.6464198717560925,3.045678744368468,1,0.20691974487325102,0.036701231224089144,0.2534610057491675,-2.724340239095985,2.8539909847904825,516,5.566658245470535e-13
driven_dt1e-3,68,5,-2.9498543094339507,5.367773635409873,1,0.4454426657049347,-0.25403956177207976,0.07605815837076052,-2.6546856241008463,5.701382111964419,516,5.566658245470535e-13
driven_dt1e-3,68,6,-2.9778280760975364,0.0,1,0.20924664953599903,0.20320552720885482,0.0,-3.1870747256335354,0.0,516,5.566658245470535e-13
driven_dt1e-3,69,0,-0.9003294425796398,0.0,1,0.0050365957234790315,0.6359196760406355,0.0,-0.9053660383031188,0.0,516,3.2573943542502093e-13
driven_dt1e-3,69,1,-1.7219560332019352,0.0,1,0.060212715326741995,0.410210689573698,0.0,-1.7821687485286772,0.0,516,3.2573943542502093e-13
driven_dt1e-3,69,2,-1.9826109179025015,0.0,1,0.0012728181763055346,0.37085583824856266,0.0,-1.983883736078807,0.0,516,3.2573943542502093e-13
driven_dt1e-3,69,3,-2.4330203253846303,0.19025723976725073,1,0.2808237306796882,0.3284950031582521,0.0,-2.2264673045183043,0.0,516,3.2573943542502093e-13
driven_dt1e-3,69,4,-2.6464198717560925,3.045678744368468,1,0.5292324171432714,-0.04395559473266123,0.23181075520512673,-2.8883440454280094,3.5163799718455904,516,3.2573943542502093e-13
driven_dt1e-3,69,5,-2.9498543094339507,5.367773635409873,1,0.39809089415368887,-0.1828568370241497,0.14090806234900916,-2.9319745906644847,4.970084465749938,516,3.2573943542502093e-13
driven_dt1e-3,69,6,-2.9778280760975364,0.0,1,0.12515847954215253,0.24018764708591794,0.0,-2.852669596555384,0.0,516,3.2573943542502093e-13
driven_dt1e-3,70,0,-0.9003294425796398,0.0,1,0.0058426963862048265,0.6393882794320621,0.0,-0.8944867461934349,0.0,516,8.260059303211165e-14
driven_dt1e-3,70,1,-1.7219560332019352,0.0,1,0.0014155761635747943,0.42244931466014407,0.0,-1.72337160936551,0.0,516,8.260059303211165e-14
driven_dt1e-3,70,2,-1.9826109179025015,0.0,1,0.11654915046741277,0.39335967436134983,0.0,-1.8660617674350888,0.0,516,8.260059303211165e-14
driven_dt1e-3,70,3,-2.4330203253846303,0.19025723976725073,1,0.22886142577028118,0.31571657916946577,0.0,-2.3058207384287255,0.0,516,8.260059303211165e-14
driven_dt1e-3,70,4,-2.6464198717560925,3.045678744368468,1,0.5754156063274662,0.06793553224175716,0.22089462801623017,-2.929763402840533,2.5448598515560996,516,8.260059303211165e-14
driven_dt1e-3,70,5,-2.9498543094339507,5.367773635409873,1,0.1750712428730453,-0.18719114922661906,0.1083988814881035,-3.062067739287921,5.233393256479313,516,8.260059303211165e-14
driven_dt1e-3,70,6,-2.9778280760975364,0.0,1,0.03796839456850343,0.22994161714887915,0.0,-2.939859681529033,0.0,516,8.260059303211165e-14
driven_dt1e-3,71,0,-0.9003294425796398,0.0,1,0.0006545172589200732,0.6377317984282275,0.0,-0.8996749253207197,0.0,516,5.773159728050814e-15
driven_dt1e-3,71,1,-1.7219560332019352,0.0,1,0.14518555206812933,0.4545782374536647,0.0,-1.576770481133806,0.0,516,5.773159728050814e-15
driven_dt1e-3,71,2,-1.9826109179025015,0.0,1,0.03960525515509361,0.3785137680860606,0.0,-1.943005662747408,0.0,516,5.773159728050814e-15
driven_dt1e-3,71,3,-2.4330203253846303,0.19025723976725073,1,0.19121398721666508,0.2934458136808645,0.0,-2.452124555896269,0.0,516,5.773159728050814e-15
driven_dt1e-3,71,4,-2.6464198717560925,3.045678744368468,1,0.30642537877032155,-0.0011963570702594097,0.23063385657737984,-2.933820817569889,3.151967074395194,516,5.773159728050814e-15
driven_dt1e-3,71,5,-2.9498543094339507,5.367773635409873,1,0.4563093803231151,-0.17261891575053023,0.14082099949424481,-3.0032032323282976,4.914593601651899,516,5.773159728050814e-15
driven_dt1e-3,71,6,-2.9778280760975364,0.0,1,0.04162801935762017,0.2303627523516657,0.0,-2.9362000567399162,0.0,516,5.773159728050814e-15
driven_dt1e-3,72,0,-0.9003294425796398,0.0,1,0.011580169215436809,0.6338424823933388,0.0,-0.9119096117950766,0.0,516,2.248201624865942e-13
driven_dt1e-3,72,1,-1.7219560332019352,0.0,1,0.06161489337542858,0.4099231961525865,0.0,-1.7835709265773638,0.0,516,2.248201624865942e-13
driven_dt1e-3,72,2,-1.9826109179025015,0.0,1,0.19903999132513772,0.4099231961525865,0.0,-1.7835709265773638,0.0,516,2.248201624865942e-13
driven_dt1e-3,72,3,-2.4330203253846303,0.19025723976725073,1,0.23184598042588955,0.2772717196783328,0.0,-2.565514632265299,0.0,516,2.248201624865942e-13
driven_dt1e-3,72,4,-2.6464198717560925,3.045678744368468,1,0.38572341094358154,0.029594132012380432,0.2219425554550457,-2.9930496635422634,2.876473729087517,516,2.248201624865942e-13
driven_dt1e-3,72,5,-2.9498543094339507,5.367773635409873,1,0.471489051831636,-0.15709752304136937,0.11306002193862515,-3.2844228461979545,5.035560119422506,516,2.248201624865942e-13
driven_dt1e-3,72,6,-2.9778280760975364,0.0,1,0.16015885787950265,0.2094399885540283,0.006447238453978122,-3.1256889046487712,0.06154701566614798,516,2.248201624865942e-13
driven_dt1e-3,73,0,-0.9003294425796398,0.0,1,0.006871900835921152,0.6353363903920801,0.0,-0.9072013434155609,0.0,517,1.1679546219056647e-13
driven_dt1e-3,73,1,-1.7219560332019352,0.0,1,0.049739534362781335,0.43339390663832966,0.0,-1.672216498839154,0.0,517,1.1679546219056647e-13
driven_dt1e-3,73,2,-1.9826109179025015,0.0,1,0.014863413422830263,0.37386004896000435,0.0,-1.9677475044796713,0.0,517,1.1679546219056647e-13
driven_dt1e-3,73,3,-2.4330203253846303,0.19025723976725073,1,0.2043940240963434,0.30753589195150166,0.0,-2.3583269535070435,0.0,517,1.1679546219056647e-13
driven_dt1e-3,73,4,-2.6464198717560925,3.045678744368468,1,0.30719538679628083,0.045844260121715066,0.24438681664155903,-2.7834213869126465,2.7707249473157174,517,1.1679546219056647e-13
driven_dt1e-3,73,5,-2.9498543094339507,5.367773635409873,1,0.17511402869983583,-0.18626693513914622,0.09806283120495612,-3.116506754347692,5.313997379945595,517,1.1679546219056647e-13
driven_dt1e-3,73,6,-2.9778280760975364,0.0,1,0.3483632751956316,0.18955128162262458,0.0,-3.326191351293168,0.0,517,1.1679546219056647e-13
driven_dt1e-3,74,0,-0.9003294425796398,0.0,1,0.013764659033805304,0.641925906895229,0.0,-0.8865647835458345,0.0,517,9.348077867343818e-14
driven_dt1e-3,74,1,-1.7219560332019352,0.0,1,0.13243236551393367,0.45168879909799975,0.0,-1.5895236676880016,0.0,517,9.348077867343818e-14
driven_dt1e-3,74,2,-1.9826109179025015,0.0,1,0.06551645495959435,0.3591325687294997,0.0,-2.048127372862096,0.0,517,9.348077867343818e-14
driven_dt1e-3,74,3,-2.4330203253846303,0.19025723976725073,1,0.3224692120976566,0.2600994141379077,0.0,-2.693382717958962,0.0,517,9.348077867343818e-14
driven_dt1e-3,74,4,-2.6464198717560925,3.045678744368468,1,0.7208896810169643,0.009821311436864742,0.3814476370861491,-1.926900673496687,3.0901090890990988,517,9.348077867343818e-14
driven_dt1e-3,74,5,-2.9498543094339507,5.367773635409873,1,0.257125145456309,-0.18475957326142228,0.08249144939162407,-3.1956247597235325,5.443339674014422,517,9.348077867343818e-14
driven_dt1e-3,74,6,-2.9778280760975364,0.0,1,0.19432216850054607,0.2486390695919447,0.0,-2.7835059075969903,0.0,517,9.348077867343818e-14
driven_dt1e-3,75,0,-0.9003294425796398,0.0,1,0.004773346588515137,0.636003384201852,0.0,-0.9051027891681549,0.0,516,9.325873406851315e-15
driven_dt1e-3,75,1,-1.7219560332019352,0.0,1,0.09541265492984641,0.4434050071954373,0.0,-1.6265433782720888,0.0,516,9.325873406851315e-15
driven_dt1e-3,75,2,-1.9826109179025015,0.0,1,0.0809935244036113,0.3563641345043787,0.0,-2.063604442306113,0.0,516,9.325873406851315e-15
driven_dt1e-3,75,3,-2.4330203253846303,0.19025723976725073,1,0.2799171338017142,0.25812599044865303,0.015933882316560746,-2.7048117173942665,0.12330172449605731,516,9.325873406851315e-15
driven_dt1e-3,75,4,-2.6464198717560925,3.045678744368468,1,0.3799695489709342,-0.0060560473162757965,0.2235514560073842,-2.9954937181682215,3.1957597488167875,516,9.325873406851315e-15
driven_dt1e-3,75,5,-2.9498543094339507,5.367773635409873,1,0.4449197253310945,-0.20015377772960874,0.05301174977931509,-3.149541470097675,5.765364631101119,516,9.325873406851315e-15
driven_dt1e-3,75,6,-2.9778280760975364,0.0,1,0.29956843522523224,0.25812599044865303,0.015933882316560746,-2.7048117173942665,0.12330172449605731,516,9.325873406851315e-15
driven_dt1e-3,76,0,-0.9003294425796398,0.0,1,0.0012899002338694343,0.637934432577748,0.0,-0.8990395423457703,0.0,516,1.5920598173124745e-13
driven_dt1e-3,76,1,-1.7219560332019352,0.0,1,0.2239797415007112,0.37795963024810714,0.0,-1.9459357747026464,0.0,516,1.5920598173124745e-13
driven_dt1e-3,76,2,-1.9826109179025015,0.0,1,0.0366751431998551,0.37795963024810714,0.0,-1.9459357747026464,0.0,516,1.5920598173124745e-13
driven_dt1e-3,76,3,-2.4330203253846303,0.19025723976725073,1,0.20329166612151398,0.28584057042565203,0.0,-2.5046421393145217,0.0,516,1.5920598173124745e-13
driven_dt1e-3,76,4,-2.6464198717560925,3.045678744368468,1,0.4834824077542147,0.06838286496155263,0.23854066041798336,-2.7874528416512088,2.583223405973098,516,1.5920598173124745e-13
driven_dt1e-3,76,5,-2.9498543094339507,5.367773635409873,1,0.5451532034247573,-0.1622449733922095,0.14369652617074552,-3.058200980378191,4.833495604699667,516,1.5920598173124745e-13
driven_dt1e-3,76,6,-2.9778280760975364,0.0,1,0.18794925607623636,0.24784805302318771,0.0,-2.7898788200213,0.0,516,1.5920598173124745e-13
driven_dt1e-3,77,0,-0.9003294425796398,0.0,1,0.008444203919421023,0.640220507289277,0.0,-0.8918852386602187,0.0,517,4.318767565791859e-13
driven_dt1e-3,77,1,-1.7219560332019352,0.0,1,0.1511173461203581,0.4559284710333617,0.0,-1.5708386870815771,0.0,517,4.318767565791859e-13
driven_dt1e-3,77,2,-1.9826109179025015,0.0,1,0.10369179846378285,0.3523425729017763,0.0,-2.0863027163662844,0.0,517,4.318767565791859e-13
driven_dt1e-3,77,3,-2.4330203253846303,0.19025723976725073,1,0.2999651591627146,0.2536635361538525,0.029841108526934126,-2.729748700045293,0.23420457623664342,517,4.318767565791859e-13
driven_dt1e-3,77,4,-2.6464198717560925,3.045678744368468,1,0.5856009769189419,-0.02374431775388251,0.20729216045229715,-3.134216886618387,3.369688893067322,517,4.318767565791859e-13
driven_dt1e-3,77,5,-2.9498543094339507,5.367773635409873,1,0.11066769710008582,-0.19392598834448516,0.09624698764256245,-3.0603610049331205,5.361806271562234,517,4.318767565791859e-13
driven_dt1e-3,77,6,-2.9778280760975364,0.0,1,0.10419540143166905,0.2141643134411628,0.0,-3.0820234775292055,0.0,517,4.318767565791859e-13
driven_dt1e-3,78,0,-0.9003294425796398,0.0,1,0.005527701079238945,0.6392875852081472,0.0,-0.8948017415004008,0.0,517,4.283240429003854e-13
driven_dt1e-3,78,1,-1.7219560332019352,0.0,1,0.19492401601644738,0.46602499516922397,0.0,-1.5270320171854879,0.0,517,4.283240429003854e-13
driven_dt1e-3,78,2,-1.9826109179025015,0.0,1,0.11467713910593114,0.37200500835053396,0.02129902587179836,-1.9744231864172297,0.11438447135274162,517,4.283240429003854e-13
driven_dt1e-3,78,3,-2.4330203253846303,0.19025723976725073,1,0.20349608638111977,0.28575794796123427,0.0,-2.505220324613017,0.0,517,4.283240429003854e-13
driven_dt1e-3,78,4,-2.6464198717560925,3.045678744368468,1,0.5104650962095665,0.029038057287873405,0.3415525987619253,-2.1413051455349588,2.9719649206798877,517,4.283240429003854e-13
driven_dt1e-3,78,5,-2.9498543094339507,5.367773635409873,1,0.23177714066320182,-0.21583086310932695,0.07679059491896972,-2.9473277658637684,5.599537005060035,517,4.283240429003854e-13
driven_dt1e-3,78,6,-2.9778280760975364,0.0,1,0.05806777065379176,0.2191611613179472,0.0,-3.035895846751328,0.0,517,4.283240429003854e-13
driven_dt1e-3,79,0,-0.9003294425796398,0.0,1,0.007055811117598565,0.6397762227455349,0.0,-0.8932736314620412,0.0,516,4.1611158962950867e-13
driven_dt1e-3,79,1,-1.7219560332019352,0.0,1,0.02320560467011945,0.4178717051964201,0.0,-1.7451616378720547,0.0,516,4.1611158962950867e-13
driven_dt1e-3,79,2,-1.9826109179025015,0.0,1,0.028482358043559364,0.3658445955863049,0.0,-2.011093275946061,0.0,516,4.1611158962950867e-13
driven_dt1e-3,79,3,-2.4330203253846303,0.19025723976725073,1,0.19641147994559946,0.2891235996033553,0.0,-2.481802004020851,0.0,516,4.1611158962950867e-13
driven_dt1e-3,79,4,-2.6464198717560925,3.045678744368468,1,0.46913089748045433,0.041307953930062376,0.21675571279488018,-3.022294217470329,2.764961314904761,516,4.1611158962950867e-13
driven_dt1e-3,79,5,-2.9498543094339507,5.367773635409873,1,0.2570634782944843,-0.18641834202341756,0.12321830542636215,-2.997042150370091,5.115078286143915,516,4.1611158962950867e-13
driven_dt1e-3,79,6,-2.9778280760975364,0.0,1,0.15040302638203507,0.20927302261093328,0.0,-3.1282311024795715,0.0,516,4.1611158962950867e-13
driven_dt1e-3,80,0,-0.9003294425796398,0.0,1,0.013460710567334555,0.6418283581103733,0.0,-0.8868687320123052,0.0,517,6.927791673660977e-14
driven_dt1e-3,80,1,-1.7219560332019352,0.0,1,0.03778274386416314,0.43081063616586013,0.0,-1.684173289337772,0.0,517,6.927791673660977e-14
driven_dt1e-3,80,2,-1.9826109179025015,0.0,1,0.08242003422799793,0.35611004666038726,0.0,-2.0650309521304995,0.0,517,6.927791673660977e-14
driven_dt1e-3,80,3,-2.4330203253846303,0.19025723976725073,1,0.07784354106972215,0.29481640366561535,0.016629722309106025,-2.4396282499722917,0.11269467006435023,517,6.927791673660977e-14
driven_dt1e-3,80,4,-2.6464198717560925,3.045678744368468,1,0.13877001401070757,0.025165725906878454,0.2803647219775992,-2.5353031957641385,2.9625511249809797,517,6.927791673660977e-14
driven_dt1e-3,80,5,-2.9498543094339507,5.367773635409873,1,0.4807071018813507,-0.15555376929862766,0.10537163376838987,-3.3438678859866786,5.092396404522323,517,6.927791673660977e-14
driven_dt1e-3,80,6,-2.9778280760975364,0.0,1,0.25513580123079876,0.22241655743264954,0.028494607324450725,-2.990126661062989,0.25483920788907116,517,6.927791673660977e-14
driven_dt1e-3,81,0,-0.9003294425796398,0.0,1,0.007158239260984023,0.6352454362924439,0.0,-0.9074876818406238,0.0,517,2.4935609133081016e-13
driven_dt1e-3,81,1,-1.7219560332019352,0.0,1,0.14634986895784663,0.3929185458433251,0.0,-1.8683059021597819,0.0,517,2.4935609133081016e-13
driven_dt1e-3,81,2,-1.9826109179025015,0.0,1,0.11430501574271967,0.3929185458433251,0.0,-1.8683059021597819,0.0,517,2.4935609133081016e-13
driven_dt1e-3,81,3,-2.4330203253846303,0.19025723976725073,1,0.19407448472805214,0.3019907569813518,0.0,-2.3947177361953105,0.0,517,2.4935609133081016e-13
driven_dt1e-3,81,4,-2.6464198717560925,3.045678744368468,1,0.4454540652889203,-0.012018217548814311,0.2182273361382976,-3.041407530475639,3.25162551841865,517,2.4935609133081016e-13
driven_dt1e-3,81,5,-2.9498543094339507,5.367773635409873,1,0.14933149346984845,-0.189432623762477,0.09649300128508313,-3.096755138379829,5.3409400483043585,517,2.4935609133081016e-13
driven_dt1e-3,81,6,-2.9778280760975364,0.0,1,0.11209827463202515,0.238624307082559,0.0,-2.8657298014655113,0.0,517,2.4935609133081016e-13
driven_dt1e-3,82,0,-0.9003294425796398,0.0,1,0.00485393094722808,0.6359777587556804,0.0,-0.9051833735268678,0.0,517,3.7192471324942744e-14
driven_dt1e-3,82,1,-1.7219560332019352,0.0,1,0.06702488914730931,0.4088158531290682,0.0,-1.7889809223492446,0.0,517,3.7192471324942744e-14
driven_dt1e-3,82,2,-1.9826109179025015,0.0,1,0.04253621715427891,0.36328284255507753,0.0,-2.0251471350567805,0.0,517,3.7192471324942744e-14
driven_dt1e-3,82,3,-2.4330203253846303,0.19025723976725073,1,0.20290671627035303,0.3068950998317678,0.0,-2.362498568289643,0.0,517,3.7192471324942744e-14
driven_dt1e-3,82,4,-2.6464198717560925,3.045678744368468,1,0.5920449688021808,0.0036934880510579,0.19830503282501769,-3.2355508867082867,3.1043463871144716,517,3.7192471324942744e-14
driven_dt1e-3,82,5,-2.9498543094339507,5.367773635409873,1,0.5072195551588016,-0.18763418129348242,0.05063336754373954,-3.2762315667453,5.756038445874862,517,3.7192471324942744e-14
driven_dt1e-3,82,6,-2.9778280760975364,0.0,1,0.12729475435500293,0.21170501430408883,0.0,-3.1051228304525393,0.0,517,3.7192471324942744e-14
driven_dt1e-3,83,0,-0.9003294425796398,0.0,1,0.0056787305733857485,0.6393358626712586,0.0,-0.894650712006254,0.0,516,5.684341886080802e-14
driven_dt1e-3,83,1,-1.7219560332019352,0.0,1,0.04594643855055325,0.4325727332756224,0.0,-1.676009594651382,0.0,516,5.684341886080802e-14
driven_dt1e-3,83,2,-1.9826109179025015,0.0,1,0.10241988004690339,0.3905905247884804,0.0,-1.8801910378555982,0.0,516,5.684341886080802e-14
driven_dt1e-3,83,3,-2.4330203253846303,0.19025723976725073,1,0.19667054829011257,0.3037340189305715,0.0,-2.383205796571438,0.0,516,5.684341886080802e-14
driven_dt1e-3,83,4,-2.6464198717560925,3.045678744368468,1,0.41385072470181455,-0.0327476732129493,0.2398412388534221,-2.83708491969733,3.4129923186204723,516,5.684341886080802e-14
driven_dt1e-3,83,5,-2.9498543094339507,5.367773635409873,1,0.4038775457338666,-0.16612089128567853,0.12065014572495181,-3.166458717800982,5.026893007881731,516,5.684341886080802e-14
driven_dt1e-3,83,6,-2.9778280760975364,0.0,1,0.24232537121086908,0.21270997877702524,0.023272129007519664,-3.083752295931065,0.21794872145792413,516,5.684341886080802e-14
driven_dt1e-3,84,0,-0.9003294425796398,0.0,1,0.006304681276014801,0.635516603559856,0.0,-0.9066341238556546,0.0,516,1.1524114995609125e-13
driven_dt1e-3,84,1,-1.7219560332019352,0.0,1,0.07858524455987959,0.4064596410712123,0.0,-1.8005412777618148,0.0,516,1.1524114995609125e-13
driven_dt1e-3,84,2,-1.9826109179025015,0.0,1,0.15724893166050946,0.3430325546577078,0.0,-2.139859849563011,0.0,516,1.1524114995609125e-13
driven_dt1e-3,84,3,-2.4330203253846303,0.19025723976725073,1,0.3010725435682106,0.26363771325507623,0.0,-2.666358833151306,0.0,516,1.1524114995609125e-13
driven_dt1e-3,84,4,-2.6464198717560925,3.045678744368468,1,0.6903444555375847,-0.05723498580918275,0.21871406503864568,-2.9737421220794023,3.6534908960524968,516,1.1524114995609125e-13
driven_dt1e-3,84,5,-2.9498543094339507,5.367773635409873,1,0.4993082276651617,-0.15496377133413453,0.0932696703619627,-3.4199826704555516,5.199583176770662,516,1.1524114995609125e-13
driven_dt1e-3,84,6,-2.9778280760975364,0.0,1,0.1055884328481147,0.21401519656986037,0.0,-3.083416508945651,0.0,516,1.1524114995609125e-13
driven_dt1e-3,85,0,-0.9003294425796398,0.0,1,0.005212060335872404,0.6358638877881524,0.0,-0.9055415029155122,0.0,517,2.1516122217235534e-13
driven_dt1e-3,85,1,-1.7219560332019352,0.0,1,0.03409839107309631,0.41560199805148745,0.0,-1.7560544242750316,0.0,517,2.1516122217235534e-13
driven_dt1e-3,85,2,-1.9826109179025015,0.0,1,0.20238633995113076,0.33537746210072206,0.0,-2.1849972578536323,0.0,517,2.1516122217235534e-13
driven_dt1e-3,85,3,-2.4330203253846303,0.19025723976725073,1,0.3125912015897746,0.33537746210072206,0.0,-2.1849972578536323,0.0,517,2.1516122217235534e-13
driven_dt1e-3,85,4,-2.6464198717560925,3.045678744368468,1,0.8158908857574426,0.0687486891001571,0.18980254544464056,-3.2002653660044804,2.446568482427627,517,2.1516122217235534e-13
driven_dt1e-3,85,5,-2.9498543094339507,5.367773635409873,1,0.2079918979414368,-0.22801898289004646,0.09164673973552488,-2.8069022518034616,5.518854206061729,517,2.1516122217235534e-13
driven_dt1e-3,85,6,-2.9778280760975364,0.0,1,0.23133448192571052,0.21875317836708175,0.024834617085234417,-3.0268161864054295,0.22608805270579554,517,2.1516122217235534e-13
driven_dt1e-3,86,0,-0.9003294425796398,0.0,1,0.01221316909961001,0.6336419030277225,0.0,-0.9125426116792498,0.0,518,1.503241975342462e-13
driven_dt1e-3,86,1,-1.7219560332019352,0.0,1,0.09755568991374597,0.40262250766754143,0.0,-1.8195117231156812,0.0,518,1.503241975342462e-13
driven_dt1e-3,86,2,-1.9826109179025015,0.0,1,0.16309919478682033,0.40262250766754143,0.0,-1.8195117231156812,0.0,518,1.503241975342462e-13
driven_dt1e-3,86,3,-2.4330203253846303,0.19025723976725073,1,0.2586642613868645,0.3233921198504549,0.0,-2.257779397416992,0.0,518,1.503241975342462e-13
driven_dt1e-3,86,4,-2.6464198717560925,3.045678744368468,1,0.47746977001445007,-0.025357133755248742,0.2219468972211076,-2.9976659535415076,3.369103498071776,518,1.503241975342462e-13
driven_dt1e-3,86,5,-2.9498543094339507,5.367773635409873,1,0.424461342573672,-0.2161632592363605,0.05452104621437211,-3.0017684723215896,5.789048309501634,518,1.503241975342462e-13
driven_dt1e-3,86,6,-2.9778280760975364,0.0,1,0.1668795575838602,0.2452507164449239,0.0,-2.810948518513676,0.0,518,1.503241975342462e-13
driven_dt1e-3,87,0,-0.9003294425796398,0.0,1,0.007055820323188633,0.6352779677068072,0.0,-0.9073852629028284,0.0,516,2.8954616482224083e-13
driven_dt1e-3,87,1,-1.7219560332019352,0.0,1,0.06203142360744307,0.40983783234004645,0.0,-1.7839874568093783,0.0,516,2.8954616482224083e-13
driven_dt1e-3,87,2,-1.9826109179025015,0.0,1,0.19862346109312323,0.40983783234004645,0.0,-1.7839874568093783,0.0,516,2.8954616482224083e-13
driven_dt1e-3,87,3,-2.4330203253846303,0.19025723976725073,1,0.21566437227665072,0.3116941242844207,0.0,-2.3314658858675483,0.0,516,2.8954616482224083e-13
driven_dt1e-3,87,4,-2.6464198717560925,3.045678744368468,1,0.44063159010108105,-0.0465273005040932,0.27351932815308766,-2.5642406453056448,3.4785791635586243,516,2.8954616482224083e-13
driven_dt1e-3,87,5,-2.9498543094339507,5.367773635409873,1,0.2025462830794941,-0.18797504675857163,0.08737182351566475,-3.147289066289055,5.412989933078793,516,2.8954616482224083e-13
driven_dt1e-3,87,6,-2.9778280760975364,0.0,1,0.2350326715654032,0.253752041772083,0.0,-2.742795404532133,0.0,516,2.8954616482224083e-13
driven_dt1e-3,88,0,-0.9003294425796398,0.0,1,0.0024903672303530078,0.6383174571344481,0.0,-0.8978390753492868,0.0,517,2.398081733190338e-13
driven_dt1e-3,88,1,-1.7219560332019352,0.0,1,0.0563840231837871,0.41099672692947287,0.0,-1.7783400563857223,0.0,517,2.398081733190338e-13
driven_dt1e-3,88,2,-1.9826109179025015,0.0,1,0.12074376597241998,0.34935127584467546,0.0,-2.1033546838749215,0.0,517,2.398081733190338e-13
driven_dt1e-3,88,3,-2.4330203253846303,0.19025723976725073,1,0.2866324489107986,0.2661482004472964,0.0,-2.6474039616182488,0.0,517,2.398081733190338e-13
driven_dt1e-3,88,4,-2.6464198717560925,3.045678744368468,1,0.8629978620174651,0.004109272217301699,0.173026419404596,-3.508058091043711,3.0941027973749824,517,2.398081733190338e-13
driven_dt1e-3,88,5,-2.9498543094339507,5.367773635409873,1,0.5295132236377301,-0.27250174885662476,0.09119844713596716,-2.4940560595981114,5.637277270735645,517,2.398081733190338e-13
driven_dt1e-3,88,6,-2.9778280760975364,0.0,1,0.3228177528898352,0.20849326673360252,0.03072103436291875,-3.114218010971959,0.2925903061377691,517,2.398081733190338e-13
driven_dt1e-3,89,0,-0.9003294425796398,0.0,1,0.00939262697947163,0.6405241792322699,0.0,-0.8909368156001681,0.0,517,9.636735853746359e-14
driven_dt1e-3,89,1,-1.7219560332019352,0.0,1,0.09371971491023934,0.4033954736377498,0.0,-1.8156757481121746,0.0,517,9.636735853746359e-14
driven_dt1e-3,89,2,-1.9826109179025015,0.0,1,0.16693516979032696,0.4033954736377498,0.0,-1.8156757481121746,0.0,517,9.636735853746359e-14
driven_dt1e-3,89,3,-2.4330203253846303,0.19025723976725073,1,0.2940580742165214,0.2648431204870212,0.0,-2.6572352529163985,0.0,517,9.636735853746359e-14
driven_dt1e-3,89,4,-2.6464198717560925,3.045678744368468,1,0.20700225815074821,0.04041581313645607,0.2694323578917197,-2.6006241687806617,2.843805793063705,517,9.636735853746359e-14
driven_dt1e-3,89,5,-2.9498543094339507,5.367773635409873,1,0.18093553318760883,-0.22194729133875146,0.1148610713278785,-2.773330343745895,5.328062721196694,517,9.636735853746359e-14
driven_dt1e-3,89,6,-2.9778280760975364,0.0,1,0.08379356020183959,0.21636016742575545,0.0,-3.061621636299376,0.0,517,9.636735853746359e-14
driven_dt1e-3,90,0,-0.9003294425796398,0.0,1,0.0042444843528710585,0.638877544503837,0.0,-0.8960849582267687,0.0,516,5.040412531798211e-14
driven_dt1e-3,90,1,-1.7219560332019352,0.0,1,0.0035948298488854835,0.42350896271575816,0.0,-1.7183612033530498,0.0,516,5.040412531798211e-14
driven_dt1e-3,90,2,-1.9826109179025015,0.0,1,0.0096390303845868,0.3728847293262052,0.0,-1.9729718875179147,0.0,516,5.040412531798211e-14
driven_dt1e-3,90,3,-2.4330203253846303,0.19025723976725073,1,0.22556629569334755,0.27884603135811026,0.0,-2.5541910168449236,0.0,516,5.040412531798211e-14
driven_dt1e-3,90,4,-2.6464198717560925,3.045678744368468,1,0.3235188046417079,-0.0188974107425757,0.29890515672662954,-2.4112688483840135,3.2678687827677253,516,5.040412531798211e-14
driven_dt1e-3,90,5,-2.9498543094339507,5.367773635409873,1,0.20425962329133676,-0.20510502326298366,0.07822177852117161,-3.0326718726107855,5.554490653746632,516,5.040412531798211e-14
driven_dt1e-3,90,6,-2.9778280760975364,0.0,1,0.22061946956787093,0.251929925572596,0.0,-2.7572086065296655,0.0,516,5.040412531798211e-14
driven_dt1e-3,91,0,-0.9003294425796398,0.0,1,0.0013465300534803992,0.6379524958893975,0.0,-0.8989829125261594,0.0,517,6.339373470609644e-14
driven_dt1e-3,91,1,-1.7219560332019352,0.0,1,0.0953660166964323,0.4030635549216893,0.0,-1.8173220498983675,0.0,517,6.339373470609644e-14
driven_dt1e-3,91,2,-1.9826109179025015,0.0,1,0.165288868004134,0.4030635549216893,0.0,-1.8173220498983675,0.0,517,6.339373470609644e-14
driven_dt1e-3,91,3,-2.4330203253846303,0.19025723976725073,1,0.27371865010439916,0.32689443612849567,0.0,-2.2362359709986137,0.0,517,6.339373470609644e-14
driven_dt1e-3,91,4,-2.6464198717560925,3.045678744368468,1,0.4510881494994864,0.0010890914211989316,0.21338470928219683,-3.089291141737573,3.131384968435694,517,6.339373470609644e-14
driven_dt1e-3,91,5,-2.9498543094339507,5.367773635409873,1,0.5072582459689061,-0.22409631116695328,0.046378501351527615,-2.949419039850425,5.87503169463007,517,6.339373470609644e-14
driven_dt1e-3,91,6,-2.9778280760975364,0.0,1,0.35624030591050015,0.18880619921132916,0.0,-3.3340683820080366,0.0,517,6.339373470609644e-14
driven_dt1e-3,92,0,-0.9003294425796398,0.0,1,0.003027828238696406,0.6384890155569837,0.0,-0.8973016143409434,0.0,517,5.637712519046545e-13
driven_dt1e-3,92,1,-1.7219560332019352,0.0,1,0.0807039771834881,0.4060292794159212,0.0,-1.8026600103854233,0.0,517,5.637712519046545e-13
driven_dt1e-3,92,2,-1.9826109179025015,0.0,1,0.1799509075170782,0.4060292794159212,0.0,-1.8026600103854233,0.0,517,5.637712519046545e-13
driven_dt1e-3,92,3,-2.4330203253846303,0.19025723976725073,1,0.25811356586965023,0.32326054568437323,0.0,-2.2585932758708203,0.0,517,5.637712519046545e-13
driven_dt1e-3,92,4,-2.6464198717560925,3.045678744368468,1,0.5512169560008139,-0.05101676058019521,0.23736322179559022,-2.8311672869975237,3.565013439092798,517,5.637712519046545e-13
driven_dt1e-3,92,5,-2.9498543094339507,5.367773635409873,1,0.2095797026204614,-0.22213334994369913,0.08347971722106066,-2.8768460538375358,5.5642257831844635,517,5.637712519046545e-13
driven_dt1e-3,92,6,-2.9778280760975364,0.0,1,0.09975751497929153,0.23715643778485834,0.0,-2.878070561118245,0.0,517,5.637712519046545e-13
driven_dt1e-3,93,0,-0.9003294425796398,0.0,1,0.010026502992715125,0.6407272178624586,0.0,-0.8903029395869246,0.0,517,7.978062654956375e-13
driven_dt1e-3,93,1,-1.7219560332019352,0.0,1,0.01002427989780541,0.42487261829074796,0.0,-1.7119317533041298,0.0,517,7.978062654956375e-13
driven_dt1e-3,93,2,-1.9826109179025015,0.0,1,0.04599584600912032,0.3797251657543138,0.0,-1.9366150718933812,0.0,517,7.978062654956375e-13
driven_dt1e-3,93,3,-2.4330203253846303,0.19025723976725073,1,0.19093994933182873,0.2938822069406114,0.0,-2.449152497184738,0.0,517,7.978062654956375e-13
driven_dt1e-3,93,4,-2.6464198717560925,3.045678744368468,1,0.3960289357371046,0.06401505526553716,0.25534293793377677,-2.6693400521112323,2.650313617841669,517,7.978062654956375e-13
driven_dt1e-3,93,5,-2.9498543094339507,5.367773635409873,1,0.3128257427041325,-0.17388547703827484,0.11457610708660944,-3.1381292855587954,5.117948739405529,517,7.978062654956375e-13
driven_dt1e-3,93,6,-2.9778280760975364,0.0,1,0.061872379137200895,0.21874464640580288,0.0,-3.0397004552347373,0.0,517,7.978062654956375e-13
driven_dt1e-3,94,0,-0.9003294425796398,0.0,1,0.002452083807307548,0.6383052387627643,0.0,-0.8978773587723322,0.0,516,3.04867242562068e-13
driven_dt1e-3,94,1,-1.7219560332019352,0.0,1,0.1583172079651176,0.4575727398860299,0.0,-1.5636388252368176,0.0,516,3.04867242562068e-13
driven_dt1e-3,94,2,-1.9826109179025015,0.0,1,0.05200671824237335,0.3615666737286558,0.0,-2.034617636144875,0.0,516,3.04867242562068e-13
driven_dt1e-3,94,3,-2.4330203253846303,0.19025723976725073,1,0.4415003058632262,0.3615666737286558,0.0,-2.034617636144875,0.0,516,3.04867242562068e-13
driven_dt1e-3,94,4,-2.6464198717560925,3.045678744368468,1,0.4638094083266017,0.058865708098396106,0.23032057730121563,-2.8732891809682433,2.641142610271804,516,3.04867242562068e-13
driven_dt1e-3,94,5,-2.9498543094339507,5.367773635409873,1,0.20719298793913832,-0.22208586114312523,0.08381473081972453,-2.8762255896186395,5.561442801436647,516,3.04867242562068e-13
driven_dt1e-3,94,6,-2.9778280760975364,0.0,1,0.14582498294047203,0.23308138096148626,0.014978834638612444,-2.908613815600252,0.12835229562965764,516,3.04867242562068e-13
driven_dt1e-3,95,0,-0.9003294425796398,0.0,1,0.005804351810286712,0.6393760210133625,0.0,-0.894525090769353,0.0,517,3.1752378504279477e-13
driven_dt1e-3,95,1,-1.7219560332019352,0.0,1,0.06460716135183486,0.43662768085520604,0.0,-1.6573488718501004,0.0,517,3.1752378504279477e-13
driven_dt1e-3,95,2,-1.9826109179025015,0.0,1,0.05793165690138058,0.38199810523694966,0.0,-1.924679261001121,0.0,517,3.1752378504279477e-13
driven_dt1e-3,95,3,-2.4330203253846303,0.19025723976725073,1,0.182133786172582,0.31706892885435245,0.011136900351063508,-2.296039202218049,0.07022021230663059,517,3.1752378504279477e-13
driven_dt1e-3,95,4,-2.6464198717560925,3.045678744368468,1,0.3636901574301314,0.038147409268512136,0.31212073632299847,-2.313903112051707,2.898358904810961,517,3.1752378504279477e-13
driven_dt1e-3,95,5,-2.9498543094339507,5.367773635409873,1,0.14877639895571027,-0.2222473160825979,0.0968714198890943,-2.8339886390665328,5.461098676618208,517,3.1752378504279477e-13
driven_dt1e-3,95,6,-2.9778280760975364,0.0,1,0.145165208086095,0.24260238924973002,0.0,-2.8326628680114414,0.0,517,3.1752378504279477e-13
driven_dt1e-3,96,0,-0.9003294425796398,0.0,1,0.0012272299438078615,0.6379144431229709,0.0,-0.8991022126358319,0.0,517,1.199040866595169e-14
driven_dt1e-3,96,1,-1.7219560332019352,0.0,1,0.029303853832409743,0.41659950284572617,0.0,-1.751259887034345,0.0,517,1.199040866595169e-14
driven_dt1e-3,96,2,-1.9826109179025015,0.0,1,0.16211229495645751,0.3918479709859212,0.022938388752701634,-1.8703417305843717,0.11694454136459793,517,1.199040866595169e-14
driven_dt1e-3,96,3,-2.4330203253846303,0.19025723976725073,1,0.21402109860997057,0.3111432176113506,0.0,-2.3350039320294083,0.0,517,1.199040866595169e-14
driven_dt1e-3,96,4,-2.6464198717560925,3.045678744368468,1,0.19127509593079578,0.037165337148145156,0.25945225233295405,-2.678053627813218,2.8570376359083727,517,1.199040866595169e-14
driven_dt1e-3,96,5,-2.9498543094339507,5.367773635409873,1,0.19220268867916226,-0.22510584854330945,0.11285176617371002,-2.7581626533226564,5.353767118612029,517,1.199040866595169e-14
driven_dt1e-3,96,6,-2.9778280760975364,0.0,1,0.126070583630415,0.24029721013467378,0.0,-2.8517574924671214,0.0,517,1.199040866595169e-14
driven_dt1e-3,97,0,-0.9003294425796398,0.0,1,0.007325849097317705,0.6398626105167298,0.0,-0.8930035934823221,0.0,517,3.097522238704187e-14
driven_dt1e-3,97,1,-1.7219560332019352,0.0,1,0.07029227030769891,0.40814851977730526,0.0,-1.7922483035096342,0.0,517,3.097522238704187e-14
driven_dt1e-3,97,2,-1.9826109179025015,0.0,1,0.14714961585093822,0.34476913258106456,0.0,-2.1297605337534398,0.0,517,3.097522238704187e-14
driven_dt1e-3,97,3,-2.4330203253846303,0.19025723976725073,1,0.22959862037909332,0.2627914415248999,0.02754088459527557,-2.6618656849294715,0.20884023992264483,517,3.097522238704187e-14
driven_dt1e-3,97,4,-2.6464198717560925,3.045678744368468,1,0.44594271204879476,0.0484051792815655,0.22399254311361338,-2.9466427113175016,2.7159346784095506,517,3.097522238704187e-14
driven_dt1e-3,97,5,-2.9498543094339507,5.367773635409873,1,0.09929345171166641,-0.20455757527950835,0.11255590102414448,-2.90932281592235,5.277129343882297,517,3.097522238704187e-14
driven_dt1e-3,97,6,-2.9778280760975364,0.0,1,0.31188505797952226,0.1930402491427643,0.0,-3.2897131340770587,0.0,517,3.097522238704187e-14
driven_dt1e-3,98,0,-0.9003294425796398,0.0,1,0.0032685037356424695,0.6385658545107612,0.0,-0.8970609388439973,0.0,517,6.737943536450075e-13
driven_dt1e-3,98,1,-1.7219560332019352,0.0,1,0.04846799519827005,0.4126266812888308,0.0,-1.7704240284002053,0.0,517,6.737943536450075e-13
driven_dt1e-3,98,2,-1.9826109179025015,0.0,1,0.2070379964253719,0.33459833813475554,0.0,-2.1896489143278735,0.0,517,6.737943536450075e-13
driven_dt1e-3,98,3,-2.4330203253846303,0.19025723976725073,1,0.3089133551719803,0.33459833813475554,0.0,-2.1896489143278735,0.0,517,6.737943536450075e-13
driven_dt1e-3,98,4,-2.6464198717560925,3.045678744368468,1,0.6900734959704813,-0.06276421496643593,0.22527661763823154,-2.9060944944405107,3.6850303848407724,517,6.737943536450075e-13
driven_dt1e-3,98,5,-2.9498543094339507,5.367773635409873,1,0.49645569246145116,-0.16854449866250196,0.14297864682772649,-3.0189980043239086,4.876156503858964,517,6.737943536450075e-13
driven_dt1e-3,98,6,-2.9778280760975364,0.0,1,0.18414053299015798,0.20577245572711778,0.0,-3.1619686090876944,0.0,517,6.737943536450075e-13
driven_dt1e-3,99,0,-0.9003294425796398,0.0,1,0.01693518362112212,0.632147634577417,0.0,-0.9172646262007619,0.0,517,2.19824158875781e-14
driven_dt1e-3,99,1,-1.7219560332019352,0.0,1,0.07128435616867468,0.40794611079540327,0.0,-1.79324038937061,0.0,517,2.19824158875781e-14
driven_dt1e-3,99,2,-1.9826109179025015,0.0,1,0.18937052853189162,0.40794611079540327,0.0,-1.79324038937061,0.0,517,2.19824158875781e-14
driven_dt1e-3,99,3,-2.4330203253846303,0.19025723976725073,1,0.20061467868428276,0.32583033356589686,0.032798941812124116,-2.2326749916382376,0.20064937860603288,517,2.19824158875781e-14
driven_dt1e-3,99,4,-2.6464198717560925,3.045678744368468,1,0.23092025151823334,-0.011633736312975472,0.2865264929147871,-2.4982013342152394,3.2227533831242616,517,2.19824158875781e-14
driven_dt1e-3,99,5,-2.9498543094339507,5.367773635409873,1,0.09636944968585562,-0.20981031967974326,0.11136647452579088,-2.8748808499088594,5.307225710593293,517,2.19824158875781e-14
driven_dt1e-3,99,6,-2.9778280760975364,0.0,1,0.07106779153280796,0.2177412312608925,0.0,-3.0488958676303444,0.0,517,2.19824158875781e-14
driven_dt1e-3,100,0,-0.9003294425796398,0.0,1,0.0007704797104830519,0.6372775773233414,0.0,-0.9010999222901228,0.0,516,2.5157653738006047e-13
driven_dt1e-3,100,1,-1.7219560332019352,0.0,1,0.17886451926672398,0.3865823853486851,0.0,-1.9008205524686592,0.0,516,2.5157653738006047e-13
driven_dt1e-3,100,2,-1.9826109179025015,0.0,1,0.08179036543384233,0.3865823853486851,0.0,-1.9008205524686592,0.0,516,2.5157653738006047e-13
driven_dt1e-3,100,3,-2.4330203253846303,0.19025723976725073,1,0.18246894514644102,0.3207422532608935,0.016928030885951427,-2.2714532445944244,0.10545750894346814,516,2.5157653738006047e-13
driven_dt1e-3,100,4,-2.6464198717560925,3.045678744368468,1,0.46803220786662,0.013021077847493378,0.21040372382477496,-3.1136316179520143,3.017977989558165,516,2.5157653738006047e-13
driven_dt1e-3,100,5,-2.9498543094339507,5.367773635409873,1,0.07210688285270975,-0.21205320108629117,0.106018493958003,-2.8787232057411756,5.355951256538339,516,2.5157653738006047e-13
driven_dt1e-3,100,6,-2.9778280760975364,0.0,1,0.1171519800597942,0.215030325501687,0.007381377639164336,-3.072774764588863,0.0686273471471938,516,2.5157653738006047e-13
driven_dt1e-3,101,0,-0.9003294425796398,0.0,1,0.012973838367015267,0.6416721329340984,0.0,-0.8873556042126245,0.0,517,1.341149413747189e-13
driven_dt1e-3,101,1,-1.7219560332019352,0.0,1,0.07547737449444791,0.40709174394306075,0.0,-1.7974334076963832,0.0,517,1.341149413747189e-13
driven_dt1e-3,101,2,-1.9826109179025015,0.0,1,0.1851775102061184,0.40709174394306075,0.0,-1.7974334076963832,0.0,517,1.341149413747189e-13
driven_dt1e-3,101,3,-2.4330203253846303,0.19025723976725073,1,0.2902637698437043,0.3305813072963731,0.0,-2.2138052738940317,0.0,517,1.341149413747189e-13
driven_dt1e-3,101,4,-2.6464198717560925,3.045678744368468,1,0.4757805813544025,0.05682600331565946,0.2263603413905995,-2.910138255742991,2.6496739772995954,517,1.341149413747189e-13
driven_dt1e-3,101,5,-2.9498543094339507,5.367773635409873,1,0.3351261644581151,-0.23760275449807033,0.12734096727222152,-2.6218157510923907,5.299215263597245,517,1.341149413747189e-13
driven_dt1e-3,101,6,-2.9778280760975364,0.0,1,0.30878678377864244,0.26328435157719454,0.0,-2.669041292318894,0.0,517,1.341149413747189e-13
driven_dt1e-3,102,0,-0.9003294425796398,0.0,1,0.00010123482550328244,0.6374908603854689,0.0,-0.900430677405143,0.0,517,8.881784197001252e-15
driven_dt1e-3,102,1,-1.7219560332019352,0.0,1,0.06172531691798788,0.40990056419161935,0.0,-1.7836813501199231,0.0,517,8.881784197001252e-15
driven_dt1e-3,102,2,-1.9826109179025015,0.0,1,0.05878454944897604,0.3821610416448685,0.0,-1.9238263684535255,0.0,517,8.881784197001252e-15
driven_dt1e-3,102,3,-2.4330203253846303,0.19025723976725073,1,0.2153266403997742,0.3115820586511851,0.0,-2.3321850895689664,0.0,517,8.881784197001252e-15
driven_dt1e-3,102,4,-2.6464198717560925,3.045678744368468,1,0.4981837557655234,0.0806605633252887,0.26908766341142915,-2.5393928625247195,2.5591273351590913,517,8.881784197001252e-15
driven_dt1e-3,102,5,-2.9498543094339507,5.367773635409873,1,0.7203155998416281,-0.1456480594077253,0.06585187147012965,-3.6671247652770997,5.433937496767608,517,8.881784197001252e-15
driven_dt1e-3,102,6,-2.9778280760975364,0.0,1,0.15780476940224286,0.21424595994246265,0.013120582736409805,-3.077517743023169,0.12232871925411248,517,8.881784197001252e-15
driven_dt1e-3,103,0,-0.9003294425796398,0.0,1,0.006172816053922503,0.6394938254657022,0.0,-0.8941566265257173,0.0,517,4.39648317751562e-14
driven_dt1e-3,103,1,-1.7219560332019352,0.0,1,0.049808724217311307,0.43340890012835476,0.0,-1.672147308984624,0.0,517,4.39648317751562e-14
driven_dt1e-3,103,2,-1.9826109179025015,0.0,1,0.028032070768898798,0.3763297882651112,0.0,-1.9545788471336027,0.0,517,4.39648317751562e-14
driven_dt1e-3,103,3,-2.4330203253846303,0.19025723976725073,1,0.1907535851065122,0.298306366365226,0.0,-2.419268491065738,0.0,517,4.39648317751562e-14
driven_dt1e-3,103,4,-2.6464198717560925,3.045678744368468,1,0.2755653877929689,-0.0031968374461571686,0.30163280599189757,-2.3969774305222606,3.162788741639391,517,4.39648317751562e-14
driven_dt1e-3,103,5,-2.9498543094339507,5.367773635409873,1,0.259825267096705,-0.17901825332103688,0.11242207405444596,-3.1080892573631167,5.161689015227463,517,4.39648317751562e-14
driven_dt1e-3,103,6,-2.9778280760975364,0.0,1,0.15644680075167638,0.2086415777039319,0.0,-3.134274876849213,0.0,517,4.39648317751562e-14
driven_dt1e-3,104,0,-0.9003294425796398,0.0,1,0.006415488677325887,0.6395714239955047,0.0,-0.8939139539023139,0.0,517,1.0691447727140257e-13
driven_dt1e-3,104,1,-1.7219560332019352,0.0,1,0.02447896469594535,0.41760573931032596,0.0,-1.7464349978978806,0.0,517,1.0691447727140257e-13
driven_dt1e-3,104,2,-1.9826109179025015,0.0,1,0.03223066637304117,0.3651595885187677,0.0,-2.0148415842755427,0.0,517,1.0691447727140257e-13
driven_dt1e-3,104,3,-2.4330203253846303,0.19025723976725073,1,0.2541628082795406,0.3223081168409795,0.0,-2.264494612721282,0.0,517,1.0691447727140257e-13
driven_dt1e-3,104,4,-2.6464198717560925,3.045678744368468,1,0.5119170687790646,0.07664050366064151,0.3029087183401091,-2.326596488575426,2.6459637347951195,517,1.0691447727140257e-13
driven_dt1e-3,104,5,-2.9498543094339507,5.367773635409873,1,0.2175669417132281,-0.18354253814903504,0.09186894359567499,-3.167048228190631,5.355038809868717,517,1.0691447727140257e-13
driven_dt1e-3,104,6,-2.9778280760975364,0.0,1,0.25908881900494984,0.256822619585762,0.0,-2.7187392570925866,0.0,517,1.0691447727140257e-13
driven_dt1e-3,105,0,-0.9003294425796398,0.0,1,0.007092457480681658,0.6352663304239194,0.0,-0.9074219000603214,0.0,516,1.9029222642075183e-13
driven_dt1e-3,105,1,-1.7219560332019352,0.0,1,0.045021448907313744,0.4133383628025023,0.0,-1.766977482109249,0.0,516,1.9029222642075183e-13
driven_dt1e-3,105,2,-1.9826109179025015,0.0,1,0.09352532566687155,0.354138173357454,0.0,-2.076136243569373,0.0,516,1.9029222642075183e-13
driven_dt1e-3,105,3,-2.4330203253846303,0.19025723976725073,1,0.2414662778380815,0.27503574602133257,0.0,-2.5817084084616693,0.0,516,1.9029222642075183e-13
driven_dt1e-3,105,4,-2.6464198717560925,3.045678744368468,1,0.5014734213142337,-0.0023572284221728542,0.20868925933769275,-3.1336902837523954,3.1641824906280527,516,1.9029222642075183e-13
driven_dt1e-3,105,5,-2.9498543094339507,5.367773635409873,1,0.05570863577602655,-0.20458863091517981,0.10747374263264226,-2.9298113348607564,5.315795454696382,516,1.9029222642075183e-13
driven_dt1e-3,105,6,-2.9778280760975364,0.0,1,0.39611966763586715,0.27503574602133257,0.0,-2.5817084084616693,0.0,516,1.9029222642075183e-13
driven_dt1e-3,106,0,-0.9003294425796398,0.0,1,0.004956642359695618,0.639105075890357,0.0,-0.8953728002199441,0.0,516,1.2523315717771766e-13
driven_dt1e-3,106,1,-1.7219560332019352,0.0,1,0.06692197317782167,0.40883689051026756,0.0,-1.788878006379757,0.0,516,1.2523315717771766e-13
driven_dt1e-3,106,2,-1.9826109179025015,0.0,1,0.16073115274945393,0.3424358167038171,0.0,-2.1433420706519555,0.0,516,1.2523315717771766e-13
driven_dt1e-3,106,3,-2.4330203253846303,0.19025723976725073,1,0.27887067940881893,0.26754833216242424,0.0,-2.6369100959717864,0.0,516,1.2523315717771766e-13
driven_dt1e-3,106,4,-2.6464198717560925,3.045678744368468,1,0.4527270548648697,0.010696364303514744,0.21207173466380141,-3.0991206717227677,3.040803099164907,516,1.2523315717771766e-13
driven_dt1e-3,106,5,-2.9498543094339507,5.367773635409873,1,0.09309644025832405,-0.20426734195688478,0.09062338014347485,-2.996978168984285,5.448062420740404,516,1.2523315717771766e-13
driven_dt1e-3,106,6,-2.9778280760975364,0.0,1,0.07474943435049353,0.23420948691866045,0.0,-2.903078641747043,0.0,516,1.2523315717771766e-13
driven_dt1e-3,107,0,-0.9003294425796398,0.0,1,0.006630170062480123,0.6396400797198195,0.0,-0.8936992725171596,0.0,517,2.240430063693566e-13
driven_dt1e-3,107,1,-1.7219560332019352,0.0,1,0.0142132946336464,0.4197547512219254,0.0,-1.7361693278355816,0.0,517,2.240430063693566e-13
driven_dt1e-3,107,2,-1.9826109179025015,0.0,1,0.08568637162909742,0.355528933535278,0.0,-2.068297289531599,0.0,517,2.240430063693566e-13
driven_dt1e-3,107,3,-2.4330203253846303,0.19025723976725073,1,0.19030578986890326,0.29562622667248983,0.0,-2.437318740647728,0.0,517,2.240430063693566e-13
driven_dt1e-3,107,4,-2.6464198717560925,3.045678744368468,1,0.5958540121848656,0.08089683686034299,0.23228652362663765,-2.805089975796605,2.471339296027528,517,2.240430063693566e-13
driven_dt1e-3,107,5,-2.9498543094339507,5.367773635409873,1,0.41401681241337807,-0.16190258665232904,0.1019909670854598,-3.3073080763199605,5.158879582119846,517,2.240430063693566e-13
driven_dt1e-3,107,6,-2.9778280760975364,0.0,1,0.33372540060158223,0.19751338041187055,0.021416333379625768,-3.2322094545044684,0.216015641393108,517,2.240430063693566e-13
driven_dt1e-3,108,0,-0.9003294425796398,0.0,1,0.006221754371439792,0.6355429548185288,0.0,-0.9065511969510796,0.0,516,1.1297629498585593e-12
driven_dt1e-3,108,1,-1.7219560332019352,0.0,1,0.1367574486722274,0.45266665184941635,0.0,-1.5851985845297079,0.0,516,1.1297629498585593e-12
driven_dt1e-3,108,2,-1.9826109179025015,0.0,1,0.11797310193382016,0.39363983662644836,0.0,-1.8646378159686814,0.0,516,1.1297629498585593e-12
driven_dt1e-3,108,3,-2.4330203253846303,0.19025723976725073,1,0.26654198006006047,0.32524593444311367,0.0,-2.246347322916452,0.0,516,1.1297629498585593e-12
driven_dt1e-3,108,4,-2.6464198717560925,3.045678744368468,1,0.3930184956878807,0.005691694673873649,0.32328726522821494,-2.25811805774246,3.106384915277917,516,1.1297629498585593e-12
driven_dt1e-3,108,5,-2.9498543094339507,5.367773635409873,1,0.15921420113737486,-0.18951071736881925,0.10945003812351,-3.03877291823262,5.235703037421064,516,1.1297629498585593e-12
driven_dt1e-3,108,6,-2.9778280760975364,0.0,1,0.10580997291628247,0.2378752145098716,0.0,-2.872018103181254,0.0,516,1.1297629498585593e-12
driven_dt1e-3,109,0,-0.9003294425796398,0.0,1,0.00626560692233058,0.639523495747683,0.0,-0.8940638356573092,0.0,516,1.674216321134736e-13
driven_dt1e-3,109,1,-1.7219560332019352,0.0,1,0.07320149497889084,0.43850797992120766,0.0,-1.6487545382230444,0.0,516,1.674216321134736e-13
driven_dt1e-3,109,2,-1.9826109179025015,0.0,1,0.027260118947939782,0.36606823869950705,0.0,-2.0098710368504413,0.0,516,1.674216321134736e-13
driven_dt1e-3,109,3,-2.4330203253846303,0.19025723976725073,1,0.09905883501285957,0.2838166865921028,0.03734396860677552,-2.5016888840549227,0.26165249061945756,516,1.674216321134736e-13
driven_dt1e-3,109,4,-2.6464198717560925,3.045678744368468,1,0.5026511552661651,-0.0016434182239009603,0.34044507634641846,-2.1549796364961566,3.1512471063812852,516,1.674216321134736e-13
driven_dt1e-3,109,5,-2.9498543094339507,5.367773635409873,1,0.6904409480625054,-0.17653396142447764,0.17829842577148894,-2.7653419529148753,4.7024437224695115,516,1.674216321134736e-13
driven_dt1e-3,109,6,-2.9778280760975364,0.0,1,0.15419187167252746,0.24369980897302052,0.0,-2.823636204425009,0.0,516,1.674216321134736e-13
driven_dt1e-3,110,0,-0.9003294425796398,0.0,1,0.0106529632147917,0.6409279443552045,0.0,-0.8896764793648481,0.0,516,2.1860291354869332e-13
driven_dt1e-3,110,1,-1.7219560332019352,0.0,1,0.06346227653172853,0.4095447283692733,0.0,-1.7854183097336638,0.0,516,2.1860291354869332e-13
driven_dt1e-3,110,2,-1.9826109179025015,0.0,1,0.15085043967825684,0.3441317575557104,0.0,-2.1334613575807584,0.0,516,2.1860291354869332e-13
driven_dt1e-3,110,3,-2.4330203253846303,0.19025723976725073,1,0.2740641695939724,0.3269729525286062,0.0,-2.2357556509713423,0.0,516,2.1860291354869332e-13
driven_dt1e-3,110,4,-2.6464198717560925,3.045678744368468,1,0.24714648560999591,0.008620087543341912,0.23529090544585304,-2.8925239825649114,3.068353664266287,516,2.1860291354869332e-13
driven_dt1e-3,110,5,-2.9498543094339507,5.367773635409873,1,0.48547812685211994,-0.2664259094744536,0.11469957209106865,-2.4752879730091655,5.4701250105066475,516,2.1860291354869332e-13
driven_dt1e-3,110,6,-2.9778280760975364,0.0,1,0.2051036572434315,0.20362690296381747,0.0,-3.182931733340968,0.0,516,2.1860291354869332e-13
driven_dt1e-3,111,0,-0.9003294425796398,0.0,1,0.00391584051258298,0.6387725715439027,0.0,-0.8964136020670568,0.0,517,9.325873406851315e-15
driven_dt1e-3,111,1,-1.7219560332019352,0.0,1,0.18471882552271324,0.46365311476307763,0.0,-1.537237207679222,0.0,517,9.325873406851315e-15
driven_dt1e-3,111,2,-1.9826109179025015,0.0,1,0.0637418241685841,0.3831094551812035,0.0,-1.9188690937339175,0.0,517,9.325873406851315e-15
driven_dt1e-3,111,3,-2.4330203253846303,0.19025723976725073,1,0.20104978023411452,0.28679051955341056,0.0,-2.498006453506966,0.0,517,9.325873406851315e-15
driven_dt1e-3,111,4,-2.6464198717560925,3.045678744368468,1,0.43926014316688633,0.041889473951963865,0.3239347774407609,-2.2378422046449304,2.8843909168271624,517,9.325873406851315e-15
driven_dt1e-3,111,5,-2.9498543094339507,5.367773635409873,1,0.09426494223252056,-0.20908508759224514,0.111382046887341,-2.88021786756375,5.3042390361921345,517,9.325873406851315e-15
driven_dt1e-3,111,6,-2.9778280760975364,0.0,1,0.050257858719310544,0.2200186491390855,0.0,-3.028085934816847,0.0,517,9.325873406851315e-15
driven_dt1e-3,112,0,-0.9003294425796398,0.0,1,0.006772523208445902,0.6396856087289167,0.0,-0.8935569193711939,0.0,516,8.060219158778636e-14
driven_dt1e-3,112,1,-1.7219560332019352,0.0,1,0.03051904176359388,0.4163464563842647,0.0,-1.7524750749655291,0.0,516,8.060219158778636e-14
driven_dt1e-3,112,2,-1.9826109179025015,0.0,1,0.08298331052986518,0.3560097666073242,0.0,-2.0655942284323667,0.0,516,8.060219158778636e-14
driven_dt1e-3,112,3,-2.4330203253846303,0.19025723976725073,1,0.20560899856535372,0.2849366227816192,0.0,-2.510976999295172,0.0,516,8.060219158778636e-14
driven_dt1e-3,112,4,-2.6464198717560925,3.045678744368468,1,0.4465033547455053,-0.025276088894278993,0.226291602684624,-2.9594626391038297,3.3640644720797788,516,8.060219158778636e-14
driven_dt1e-3,112,5,-2.9498543094339507,5.367773635409873,1,0.47884190917151115,-0.16543901039492429,0.07287150697811373,-3.4209821348128564,5.453378227183685,516,8.060219158778636e-14
driven_dt1e-3,112,6,-2.9778280760975364,0.0,1,0.11949099964702103,0.23950798120844707,0.0,-2.8583370764505154,0.0,516,8.060219158778636e-14
driven_dt1e-3,113,0,-0.9003294425796398,0.0,1,0.010819547022158482,0.6409813306871075,0.0,-0.8895098955574813,0.0,517,2.391420395042587e-13
driven_dt1e-3,113,1,-1.7219560332019352,0.0,1,0.15416415590387267,0.39138635191144394,0.0,-1.876120189105808,0.0,517,2.391420395042587e-13
driven_dt1e-3,113,2,-1.9826109179025015,0.0,1,0.10649072879669363,0.39138635191144394,0.0,-1.876120189105808,0.0,517,2.391420395042587e-13
driven_dt1e-3,113,3,-2.4330203253846303,0.19025723976725073,1,0.252286861268458,0.3218503210666416,0.0,-2.2673373658358673,0.0,517,2.391420395042587e-13
driven_dt1e-3,113,4,-2.6464198717560925,3.045678744368468,1,0.4511560414171949,0.03156917739581989,0.3304885319832918,-2.205283418133778,2.9511250400900995,517,2.391420395042587e-13
driven_dt1e-3,113,5,-2.9498543094339507,5.367773635409873,1,0.4454274496128445,-0.23161588374030836,0.05638733524361249,-2.8677710047137577,5.8055726120587625,517,2.391420395042587e-13
driven_dt1e-3,113,6,-2.9778280760975364,0.0,1,0.1946385417339736,0.23535678443596503,0.020241067404088132,-2.885936306854056,0.17158107318008803,517,2.391420395042587e-13
driven_dt1e-3,114,0,-0.9003294425796398,0.0,1,0.009144399012696591,0.6404446861581324,0.0,-0.8911850435669432,0.0,517,5.3734794391857577e-14
driven_dt1e-3,114,1,-1.7219560332019352,0.0,1,0.010099490488674645,0.42061903420766117,0.0,-1.7320555236906099,0.0,517,5.3734794391857577e-14
driven_dt1e-3,114,2,-1.9826109179025015,0.0,1,0.16255365238569566,0.3460973136137282,0.014989711012519571,-2.1201965223882486,0.08656726484197798,517,5.3734794391857577e-14
driven_dt1e-3,114,3,-2.4330203253846303,0.19025723976725073,1,0.32956083295974764,0.3460973136137282,0.014989711012519571,-2.1201965223882486,0.08656726484197798,517,5.3734794391857577e-14
driven_dt1e-3,114,4,-2.6464198717560925,3.045678744368468,1,0.3380870381479156,0.031413014200134065,0.3110953290216133,-2.3251673516464715,2.9403238029236185,517,5.3734794391857577e-14
driven_dt1e-3,114,5,-2.9498543094339507,5.367773635409873,1,0.5717964414512083,-0.16588323701020205,0.15243832786794162,-2.9807512096855877,4.796812557917628,517,5.3734794391857577e-14
driven_dt1e-3,114,6,-2.9778280760975364,0.0,1,0.1829987660111838,0.2472353269974859,0.0,-2.7948293100863526,0.0,517,5.3734794391857577e-14
driven_dt1e-3,115,0,-0.9003294425796398,0.0,1,0.005620271692789669,0.6393171755149392,0.0,-0.8947091708868501,0.0,516,8.79296635503124e-13
driven_dt1e-3,115,1,-1.7219560332019352,0.0,1,0.07818154974864777,0.4065416921758728,0.0,-1.800137582950583,0.0,516,8.79296635503124e-13
driven_dt1e-3,115,2,-1.9826109179025015,0.0,1,0.11185069779150791,0.35090813695512013,0.0,-2.0944616156940095,0.0,516,8.79296635503124e-13
driven_dt1e-3,115,3,-2.4330203253846303,0.19025723976725073,1,0.20935971021595318,0.2835985481862918,0.0,-2.520391207135101,0.0,516,8.79296635503124e-13
driven_dt1e-3,115,4,-2.6464198717560925,3.045678744368468,1,0.22819392745350897,0.0383476692634903,0.2844182111878224,-2.4966036425374583,2.873552145641348,516,8.79296635503124e-13
driven_dt1e-3,115,5,-2.9498543094339507,5.367773635409873,1,0.5174325485471107,-0.15484457283006253,0.08714862729593856,-3.455493338231475,5.257930042730761,516,8.79296635503124e-13
driven_dt1e-3,115,6,-2.9778280760975364,0.0,1,0.35497143017121685,0.22149496510083855,0.03972586387840955,-2.9830497611656166,0.35493302219270734,516,8.79296635503124e-13
driven_dt1e-3,116,0,-0.9003294425796398,0.0,1,0.00035817837065443836,0.6376373130622435,0.0,-0.8999712642089853,0.0,517,1.3999912340523224e-13
driven_dt1e-3,116,1,-1.7219560332019352,0.0,1,0.002278885724568802,0.4232303973043965,0.0,-1.7196771474773664,0.0,517,1.3999912340523224e-13
driven_dt1e-3,116,2,-1.9826109179025015,0.0,1,0.028022335742396765,0.36592875360093946,0.0,-2.0106332536448983,0.0,517,1.3999912340523224e-13
driven_dt1e-3,116,3,-2.4330203253846303,0.19025723976725073,1,0.2550517021787384,0.27213913124029837,0.0,-2.6028836631018044,0.0,517,1.3999912340523224e-13
driven_dt1e-3,116,4,-2.6464198717560925,3.045678744368468,1,0.36117092950883467,0.043169372272930266,0.2323958905040049,-2.8847018589348883,2.774263684159201,517,1.3999912340523224e-13
driven_dt1e-3,116,5,-2.9498543094339507,5.367773635409873,1,0.12522330070435644,-0.2148958997568824,0.09033737955805936,-2.9124746185465513,5.4872877925146115,517,1.3999912340523224e-13
driven_dt1e-3,116,6,-2.9778280760975364,0.0,1,0.3177266391523185,0.19669162306535004,0.016982417510542344,-3.2448092815923655,0.17225345610336962,517,1.3999912340523224e-13
driven_dt1e-3,117,0,-0.9003294425796398,0.0,1,0.0019611580523268834,0.6368982939311432,0.0,-0.9022906006319666,0.0,517,2.099431739566171e-13
driven_dt1e-3,117,1,-1.7219560332019352,0.0,1,0.08120101578562511,0.4402654191007069,0.0,-1.6407550174163101,0.0,517,2.099431739566171e-13
driven_dt1e-3,117,2,-1.9826109179025015,0.0,1,0.08686093159781216,0.38756372459079924,0.0,-1.8957499863046894,0.0,517,2.099431739566171e-13
driven_dt1e-3,117,3,-2.4330203253846303,0.19025723976725073,1,0.23803985701738184,0.31822967034896843,0.0,-2.289963846170991,0.0,517,2.099431739566171e-13
driven_dt1e-3,117,4,-2.6464198717560925,3.045678744368468,1,0.36938197647798404,-0.020220007795988218,0.3073439839242217,-2.3552564610187035,3.272982314060086,517,2.099431739566171e-13
driven_dt1e-3,117,5,-2.9498543094339507,5.367773635409873,1,0.3486148850363015,-0.24848560484078724,0.1020428914609611,-2.628899233068387,5.503862492499823,517,2.099431739566171e-13
driven_dt1e-3,117,6,-2.9778280760975364,0.0,1,0.049596492944018244,0.23128240294167152,0.0,-2.928231583153518,0.0,517,2.099431739566171e-13
driven_dt1e-3,118,0,-0.9003294425796398,0.0,1,0.002224623397980685,0.6382326483052642,0.0,-0.8981048191816591,0.0,517,2.0627943797535409e-13
driven_dt1e-3,118,1,-1.7219560332019352,0.0,1,0.15075823492245322,0.39205343525242303,0.0,-1.8727142681243885,0.0,517,2.0627943797535409e-13
driven_dt1e-3,118,2,-1.9826109179025015,0.0,1,0.10989664977811309,0.39205343525242303,0.0,-1.8727142681243885,0.0,517,2.0627943797535409e-13
driven_dt1e-3,118,3,-2.4330203253846303,0.19025723976725073,1,0.19676318050734645,0.3037893749396561,0.0,-2.382841326595162,0.0,517,2.0627943797535409e-13
driven_dt1e-3,118,4,-2.6464198717560925,3.045678744368468,1,0.23330737135174756,-0.0070818665711783624,0.24383381053577272,-2.8216935920157735,3.1996639790937276,517,2.0627943797535409e-13
driven_dt1e-3,118,5,-2.9498543094339507,5.367773635409873,1,0.32798084240926173,-0.23699146674767096,0.07816519728433739,-2.7761991780551134,5.646009737189077,517,2.0627943797535409e-13
driven_dt1e-3,118,6,-2.9778280760975364,0.0,1,0.18914949321878577,0.23573822018317897,0.019357600043887955,-2.8833464409037473,0.16386198886877706,517,2.0627943797535409e-13
driven_dt1e-3,119,0,-0.9003294425796398,0.0,1,0.006069113853927721,0.6394606678670467,0.0,-0.894260328725712,0.0,517,1.7363888105137448e-13
driven_dt1e-3,119,1,-1.7219560332019352,0.0,1,0.06717143681980997,0.40878589872064014,0.0,-1.7891274700217452,0.0,517,1.7363888105137448e-13
driven_dt1e-3,119,2,-1.9826109179025015,0.0,1,0.1281620175827458,0.3480578881640117,0.0,-2.1107729354852474,0.0,517,1.7363888105137448e-13
driven_dt1e-3,119,3,-2.4330203253846303,0.19025723976725073,1,0.19029833348395758,0.296848643141162,0.0,-2.4290657782653775,0.0,517,1.7363888105137448e-13
driven_dt1e-3,119,4,-2.6464198717560925,3.045678744368468,1,0.5232707084582562,-0.005767118967201853,0.20721112426685026,-3.147259837533768,3.197242470273521,517,1.7363888105137448e-13
driven_dt1e-3,119,5,-2.9498543094339507,5.367773635409873,1,0.5473167042597873,-0.23412379941416794,0.044318023826175224,-2.8686056356129526,5.909026097542032,517,1.7363888105137448e-13
driven_dt1e-3,119,6,-2.9778280760975364,0.0,1,0.2953902212393502,0.19463891621604867,0.0,-3.2732182973368866,0.0,517,1.7363888105137448e-13
driven_dt1e-3,120,0,-0.9003294425796398,0.0,1,0.0013917280768771523,0.6379669131482224,0.0,-0.8989377145027626,0.0,517,4.390932062392494e-13
driven_dt1e-3,120,1,-1.7219560332019352,0.0,1,0.017397197437578837,0.41908705366927584,0.0,-1.739353230639514,0.0,517,4.390932062392494e-13
driven_dt1e-3,120,2,-1.9826109179025015,0.0,1,0.16387287640070958,0.3418983196289752,0.0,-2.146483794303211,0.0,517,4.390932062392494e-13
driven_dt1e-3,120,3,-2.4330203253846303,0.19025723976725073,1,0.19059045638275537,0.29459823569518484,0.0,-2.4442855275725113,0.0,517,4.390932062392494e-13
driven_dt1e-3,120,4,-2.6464198717560925,3.045678744368468,1,0.0852158660398776,0.023287374710378915,0.27050262334522585,-2.607562931164116,2.9698375814504456,517,4.390932062392494e-13
driven_dt1e-3,120,5,-2.9498543094339507,5.367773635409873,1,0.6188408534188901,-0.1750473206755219,0.04581738721490852,-3.419133350375485,5.771185563336172,517,4.390932062392494e-13
driven_dt1e-3,120,6,-2.9778280760975364,0.0,1,0.2887514838457697,0.20099605606461468,0.01852992256197805,-3.2004768149350227,0.1838612480029727,517,4.390932062392494e-13
driven_dt1e-3,121,0,-0.9003294425796398,0.0,1,0.004485387285676268,0.6389545028757055,0.0,-0.8958440552939635,0.0,516,4.2010839251815923e-13
driven_dt1e-3,121,1,-1.7219560332019352,0.0,1,0.10384694032331199,0.44527885775373327,0.0,-1.6181090928786233,0.0,516,4.2010839251815923e-13
driven_dt1e-3,121,2,-1.9826109179025015,0.0,1,0.04714003993135263,0.37994246752061445,0.0,-1.935470877971149,0.0,516,4.2010839251815923e-13
driven_dt1e-3,121,3,-2.4330203253846303,0.19025723976725073,1,0.19466193861721307,0.290225200910202,0.0,-2.474196205003146,0.0,516,4.2010839251815923e-13
driven_dt1e-3,121,4,-2.6464198717560925,3.045678744368468,1,0.4120078920325942,0.006445930001623619,0.2167853891762039,-3.056811080302178,3.0821418633412763,516,4.2010839251815923e-13
driven_dt1e-3,121,5,-2.9498543094339507,5.367773635409873,1,0.41863344471480096,-0.17642138573881186,0.06838574336561343,-3.3297762340587354,5.543595398065068,516,4.2010839251815923e-13
driven_dt1e-3,121,6,-2.9778280760975364,0.0,1,0.14144626587473308,0.24215169627189675,0.0,-2.8363818102228033,0.0,516,4.2010839251815923e-13
driven_dt1e-3,122,0,-0.9003294425796398,0.0,1,0.005145665435222213,0.6391654815483426,0.0,-0.8951837771444175,0.0,516,1.4033219031261979e-13
driven_dt1e-3,122,1,-1.7219560332019352,0.0,1,0.04667510924283058,0.4129967434247113,0.0,-1.7686311424447658,0.0,516,1.4033219031261979e-13
driven_dt1e-3,122,2,-1.9826109179025015,0.0,1,0.21397977545773572,0.4129967434247113,0.0,-1.7686311424447658,0.0,516,1.4033219031261979e-13
driven_dt1e-3,122,3,-2.4330203253846303,0.19025723976725073,1,0.26809065031739737,0.3302199787336456,0.051263129810344046,-2.1921790419892297,0.308020022513165,516,1.4033219031261979e-13
driven_dt1e-3,122,4,-2.6464198717560925,3.045678744368468,1,0.31627654199418004,-0.029472432595432835,0.2669999860292664,-2.628902430065821,3.361469799106287,516,1.4033219031261979e-13
driven_dt1e-3,122,5,-2.9498543094339507,5.367773635409873,1,0.2798306208807434,-0.18831710412490382,0.07612510446508931,-3.187901441640899,5.514874754476146,516,1.4033219031261979e-13
driven_dt1e-3,122,6,-2.9778280760975364,0.0,1,0.13295255340320455,0.2411254934408938,0.0,-2.844875522694332,0.0,516,1.4033219031261979e-13
driven_dt1e-3,123,0,-0.9003294425796398,0.0,1,0.006548342719626898,0.6396139102311151,0.0,-0.8937810998600129,0.0,517,2.220446049250313e-15
driven_dt1e-3,123,1,-1.7219560332019352,0.0,1,0.1515557893112245,0.39189712445212643,0.0,-1.8735118225131597,0.0,517,2.220446049250313e-15
driven_dt1e-3,123,2,-1.9826109179025015,0.0,1,0.10909909538934182,0.39189712445212643,0.0,-1.8735118225131597,0.0,517,2.220446049250313e-15
driven_dt1e-3,123,3,-2.4330203253846303,0.19025723976725073,1,0.3550118056051905,0.3441604676514861,0.0,-2.1332945092873103,0.0,517,2.220446049250313e-15
driven_dt1e-3,123,4,-2.6464198717560925,3.045678744368468,1,0.3736920507710875,0.026420339523189704,0.3188486868970767,-2.27923465411587,2.976247017067445,517,2.220446049250313e-15
driven_dt1e-3,123,5,-2.9498543094339507,5.367773635409873,1,0.31418185018323075,-0.1863167858537501,0.1315462576018191,-2.9561584961983587,5.053655039631467,517,2.220446049250313e-15
driven_dt1e-3,123,6,-2.9778280760975364,0.0,1,0.20228988881775944,0.24909645267001013,0.004924830705995026,-2.779439387509037,0.03953640547693753,517,2.220446049250313e-15
driven_dt1e-3,124,0,-0.9003294425796398,0.0,1,0.0028157816809624148,0.6366261979046912,0.0,-0.9031452242606022,0.0,517,8.659739592076221e-15
driven_dt1e-3,124,1,-1.7219560332019352,0.0,1,0.02154059302871314,0.4273261585023766,0.0,-1.700415440173222,0.0,517,8.659739592076221e-15
driven_dt1e-3,124,2,-1.9826109179025015,0.0,1,0.06910397444526706,0.3584889486078779,0.0,-2.0517148923477686,0.0,517,8.659739592076221e-15
driven_dt1e-3,124,3,-2.4330203253846303,0.19025723976725073,1,0.22363783996827533,0.27935244672631715,0.0,-2.5505620889490026,0.0,517,8.659739592076221e-15
driven_dt1e-3,124,4,-2.6464198717560925,3.045678744368468,1,0.2110226698095125,0.029497120635492313,0.24474005116307687,-2.8006956836778043,2.9017011730963036,517,8.659739592076221e-15
driven_dt1e-3,124,5,-2.9498543094339507,5.367773635409873,1,0.15258926743414306,-0.22223939587252167,0.10743502547229057,-2.7979863893960712,5.3825931967885605,517,8.659739592076221e-15
driven_dt1e-3,124,6,-2.9778280760975364,0.0,1,0.1298750013177239,0.24075474063421803,0.0,-2.8479530747798125,0.0,517,8.659739592076221e-15
driven_dt1e-3,125,0,-0.9003294425796398,0.0,1,0.009918170523253944,0.6406925130215013,0.0,-0.8904112720563858,0.0,517,2.3381296898605797e-13
driven_dt1e-3,125,1,-1.7219560332019352,0.0,1,0.05626644974284223,0.41102088878936527,0.0,-1.7782224829447775,0.0,517,2.3381296898605797e-13
driven_dt1e-3,125,2,-1.9826109179025015,0.0,1,0.20298801499265617,0.3352765831513513,0.0,-2.1855989328951577,0.0,517,2.3381296898605797e-13
driven_dt1e-3,125,3,-2.4330203253846303,0.19025723976725073,1,0.23938718518170396,0.2633636834659994,0.016945861406468112,-2.664307152396534,0.12851075743841564,517,2.3381296898605797e-13
driven_dt1e-3,125,4,-2.6464198717560925,3.045678744368468,1,0.5576702726295686,0.016360831210660558,0.20121940547317083,-3.2001294920958805,2.9793327624411106,517,2.3381296898605797e-13
driven_dt1e-3,125,5,-2.9498543094339507,5.367773635409873,1,0.5358952994635433,-0.1513596646846337,0.09466349862737092,-3.4460610933716986,5.165381442968371,517,2.3381296898605797e-13
driven_dt1e-3,125,6,-2.9778280760975364,0.0,1,0.26576050529675,0.25768077009298246,0.0,-2.7120675708007864,0.0,517,2.3381296898605797e-13
driven_dt1e-3,126,0,-0.9003294425796398,0.0,1,0.011613268014129208,0.6412357613393194,0.0,-0.8887161745655106,0.0,517,1.2878587085651816e-13
driven_dt1e-3,126,1,-1.7219560332019352,0.0,1,0.02407802167374351,0.41768946575603305,0.0,-1.7460340548756788,0.0,517,1.2878587085651816e-13
driven_dt1e-3,126,2,-1.9826109179025015,0.0,1,0.09303822974703557,0.3887626234659605,0.0,-1.889572688155466,0.0,517,1.2878587085651816e-13
driven_dt1e-3,126,3,-2.4330203253846303,0.19025723976725073,1,0.2740927279038531,0.3269794388809884,0.0,-2.2357159762031626,0.0,517,1.2878587085651816e-13
driven_dt1e-3,126,4,-2.6464198717560925,3.045678744368468,1,0.5731125399676122,-0.046185540789362385,0.22646542443704057,-2.9295758249025203,3.5439564677977478,517,1.2878587085651816e-13
driven_dt1e-3,126,5,-2.9498543094339507,5.367773635409873,1,0.6696554413440401,-0.27070528146314643,0.048717540083933655,-2.581575076356883,5.927066775548251,517,1.2878587085651816e-13
driven_dt1e-3,126,6,-2.9778280760975364,0.0,1,0.10216480954320772,0.2143818640204209,0.0,-3.079992885640744,0.0,517,1.2878587085651816e-13
driven_dt1e-3,127,0,-0.9003294425796398,0.0,1,0.0028520277802381866,0.6366146604010535,0.0,-0.903181470359878,0.0,517,2.375877272697835e-14
driven_dt1e-3,127,1,-1.7219560332019352,0.0,1,0.10608423241454035,0.44577724589514456,0.0,-1.615871800787395,0.0,517,2.375877272697835e-14
driven_dt1e-3,127,2,-1.9826109179025015,0.0,1,0.012707873781874213,0.3734573309397997,0.0,-1.9699030441206273,0.0,517,2.375877272697835e-14
driven_dt1e-3,127,3,-2.4330203253846303,0.19025723976725073,1,0.19335980829410132,0.2911956831320518,0.0,-2.4675195743573033,0.0,517,2.375877272697835e-14
driven_dt1e-3,127,4,-2.6464198717560925,3.045678744368468,1,0.1534047475446923,0.03326122339900649,0.26627640547511816,-2.6309581533429887,2.8930551818593826,517,2.375877272697835e-14
driven_dt1e-3,127,5,-2.9498543094339507,5.367773635409873,1,0.41674433179586234,-0.19383467662447168,0.14897072674335857,-2.8173491407040667,4.972655655125699,517,2.375877272697835e-14
driven_dt1e-3,127,6,-2.9778280760975364,0.0,1,0.14820723651138845,0.20950290857478382,0.0,-3.126035312608925,0.0,517,2.375877272697835e-14
driven_dt1e-3,128,0,-0.9003294425796398,0.0,1,0.004835589815173402,0.6359835910584517,0.0,-0.9051650323948132,0.0,517,3.1885605267234496e-13
driven_dt1e-3,128,1,-1.7219560332019352,0.0,1,0.044274506058708196,0.4134927616995705,0.0,-1.7662305392606434,0.0,517,3.1885605267234496e-13
driven_dt1e-3,128,2,-1.9826109179025015,0.0,1,0.004574879212932759,0.370244049121952,0.0,-1.9871857971154343,0.0,517,3.1885605267234496e-13
driven_dt1e-3,128,3,-2.4330203253846303,0.19025723976725073,1,0.2839492552077132,0.32919045861363927,0.0,-2.2222375883088397,0.0,517,3.1885605267234496e-13
driven_dt1e-3,128,4,-2.6464198717560925,3.045678744368468,1,0.1691091794396795,0.0013014131030994285,0.28631560602134193,-2.5013004578042435,3.132501957077015,517,3.1885605267234496e-13
driven_dt1e-3,128,5,-2.9498543094339507,5.367773635409873,1,0.6371096151175449,-0.26696490482034174,0.05130006508441146,-2.605015968518037,5.903492946532392,517,3.1885605267234496e-13
driven_dt1e-3,128,6,-2.9778280760975364,0.0,1,0.2563415785402903,0.20219909513349166,0.014257421982706232,-3.192045300353311,0.14079057397666603,517,3.1885605267234496e-13
driven_dt1e-3,129,0,-0.9003294425796398,0.0,1,0.008091641365160385,0.6349490357495945,0.0,-0.9084210839448001,0.0,516,3.519406988061746e-13
driven_dt1e-3,129,1,-1.7219560332019352,0.0,1,0.0717959381052149,0.40784177520934006,0.0,-1.7937519713071501,0.0,516,3.519406988061746e-13
driven_dt1e-3,129,2,-1.9826109179025015,0.0,1,0.16091962216637268,0.34240354888486213,0.0,-2.1435305400688742,0.0,516,3.519406988061746e-13
driven_dt1e-3,129,3,-2.4330203253846303,0.19025723976725073,1,0.25420543667699946,0.2603208439463507,0.020776067676614225,-2.6853314360329965,0.1592813220321475,516,3.519406988061746e-13
driven_dt1e-3,129,4,-2.6464198717560925,3.045678744368468,1,0.7442276468815249,0.05806257103102487,0.19263710600749262,-3.206939428794543,2.5560946182366755,516,3.519406988061746e-13
driven_dt1e-3,129,5,-2.9498543094339507,5.367773635409873,1,0.24974910514555507,-0.22095416029546344,0.12684717440491308,-2.7347390006756056,5.240887783326958,516,3.519406988061746e-13
driven_dt1e-3,129,6,-2.9778280760975364,0.0,1,0.07429808187583964,0.23415663736657466,0.0,-2.9035299942216968,0.0,516,3.519406988061746e-13
driven_dt1e-3,130,0,-0.9003294425796398,0.0,1,0.014235500000335688,0.6420770471925136,0.0,-0.8860939425793041,0.0,516,3.383959779057477e-13
driven_dt1e-3,130,1,-1.7219560332019352,0.0,1,0.005649540656365248,0.4215559429207082,0.0,-1.7276055738583005,0.0,516,3.383959779057477e-13
driven_dt1e-3,130,2,-1.9826109179025015,0.0,1,0.06857095741792629,0.35858450169702893,0.0,-2.051181875320428,0.0,516,3.383959779057477e-13
driven_dt1e-3,130,3,-2.4330203253846303,0.19025723976725073,1,0.24909725623806045,0.2733773054928045,0.0,-2.59380473315316,0.0,516,3.383959779057477e-13
driven_dt1e-3,130,4,-2.6464198717560925,3.045678744368468,1,0.6874167630556957,-0.0778574129931239,0.2555462633484163,-2.6399383450249077,3.733064950180894,516,3.383959779057477e-13
driven_dt1e-3,130,5,-2.9498543094339507,5.367773635409873,1,0.257862765741238,-0.23645471855218156,0.10424325587043629,-2.7063892264836857,5.452732209666632,516,3.383959779057477e-13
driven_dt1e-3,130,6,-2.9778280760975364,0.0,1,0.38402334294437646,0.2733773054928045,0.0,-2.59380473315316,0.0,516,3.383959779057477e-13
driven_dt1e-3,131,0,-0.9003294425796398,0.0,1,0.00451208742454734,0.6360864704847157,0.0,-0.9048415300041871,0.0,516,3.7414515929867775e-13
driven_dt1e-3,131,1,-1.7219560332019352,0.0,1,0.10068381866837495,0.44457517875725605,0.0,-1.6212722145335603,0.0,516,3.7414515929867775e-13
driven_dt1e-3,131,2,-1.9826109179025015,0.0,1,0.043781713076825435,0.3793050173659617,0.0,-1.9388292048256761,0.0,516,3.7414515929867775e-13
driven_dt1e-3,131,3,-2.4330203253846303,0.19025723976725073,1,0.19693226065306635,0.2888264928769622,0.0,-2.483858283664582,0.0,516,3.7414515929867775e-13
driven_dt1e-3,131,4,-2.6464198717560925,3.045678744368468,1,0.5557991206124542,0.060547142048377516,0.33481194369707107,-2.156193056155152,2.783781184740015,516,3.7414515929867775e-13
driven_dt1e-3,131,5,-2.9498543094339507,5.367773635409873,1,0.10053271931587596,-0.21025780260656,0.09074732790307234,-2.9480203842571253,5.468289626035696,516,3.7414515929867775e-13
driven_dt1e-3,131,6,-2.9778280760975364,0.0,1,0.017200882758729552,0.22368544455121572,0.0,-2.995028958856266,0.0,516,3.7414515929867775e-13
driven_dt1e-3,132,0,-0.9003294425796398,0.0,1,0.008307389711864066,0.6348805448415089,0.0,-0.9086368322915038,0.0,517,4.596323321948148e-14
driven_dt1e-3,132,1,-1.7219560332019352,0.0,1,0.1254424015672817,0.450112910343104,0.0,-1.5965136316346535,0.0,517,4.596323321948148e-14
driven_dt1e-3,132,2,-1.9826109179025015,0.0,1,0.0529148593999238,0.381041102441095,0.0,-1.9296960585025777,0.0,517,4.596323321948148e-14
driven_dt1e-3,132,3,-2.4330203253846303,0.19025723976725073,1,0.19699687521708087,0.28132926284413295,0.053394749724983134,-2.501070746581208,0.37512721845568603,517,4.596323321948148e-14
driven_dt1e-3,132,4,-2.6464198717560925,3.045678744368468,1,0.2868598086166915,0.020825802381029837,0.3062107571563454,-2.36234845371963,3.0057791296540577,517,4.596323321948148e-14
driven_dt1e-3,132,5,-2.9498543094339507,5.367773635409873,1,0.13593302934518756,-0.1919915287438358,0.09400594514004229,-3.085703703594294,5.372541294502897,517,4.596323321948148e-14
driven_dt1e-3,132,6,-2.9778280760975364,0.0,1,0.014699458007889632,0.22728187106561476,0.0,-2.963128618089647,0.0,517,4.596323321948148e-14
driven_dt1e-3,133,0,-0.9003294425796398,0.0,1,0.012071550410339027,0.6413827117054889,0.0,-0.8882578921693007,0.0,517,4.480860127387132e-13
driven_dt1e-3,133,1,-1.7219560332019352,0.0,1,0.06367849030720474,0.40950045615640845,0.0,-1.78563452350914,0.0,517,4.480860127387132e-13
driven_dt1e-3,133,2,-1.9826109179025015,0.0,1,0.04149452250891472,0.3634721067355908,0.0,-2.0241054404114163,0.0,517,4.480860127387132e-13
driven_dt1e-3,133,3,-2.4330203253846303,0.19025723976725073,1,0.1927550197126155,0.2917157856600791,0.0,-2.4639505749884996,0.0,517,4.480860127387132e-13
driven_dt1e-3,133,4,-2.6464198717560925,3.045678744368468,1,0.9725586352476365,-0.055123414799084336,0.18063334634887282,-3.333529480736647,3.7339742363203876,517,4.480860127387132e-13
driven_dt1e-3,133,5,-2.9498543094339507,5.367773635409873,1,0.21810725443883083,-0.2031111849824344,0.07689377539339448,-3.0540648931320664,5.559374597526828,517,4.480860127387132e-13
driven_dt1e-3,133,6,-2.9778280760975364,0.0,1,0.2179604136048041,0.24056002286395856,0.020579930196226913,-2.842279126194124,0.17068457481231125,517,4.480860127387132e-13
driven_dt1e-3,134,0,-0.9003294425796398,0.0,1,0.013867745159753753,0.6419589945753857,0.0,-0.886461697419886,0.0,517,1.149524919696887e-12
driven_dt1e-3,134,1,-1.7219560332019352,0.0,1,0.09177253760298898,0.40378840614008266,0.0,-1.8137285708049242,0.0,517,1.149524919696887e-12
driven_dt1e-3,134,2,-1.9826109179025015,0.0,1,0.08704684124666406,0.3552871726155764,0.0,-2.0696577591491656,0.0,517,1.149524919696887e-12
driven_dt1e-3,134,3,-2.4330203253846303,0.19025723976725073,1,0.19068065107960788,0.2943869472600037,0.0,-2.445720459726047,0.0,517,1.149524919696887e-12
driven_dt1e-3,134,4,-2.6464198717560925,3.045678744368468,1,0.37636269404045786,0.037015820406113294,0.2262786257529476,-2.9455680551062304,2.8172947653688376,517,1.149524919696887e-12
driven_dt1e-3,134,5,-2.9498543094339507,5.367773635409873,1,0.297361477271653,-0.18753135375525853,0.07450159411861987,-3.201072838475485,5.526874543111204,517,1.149524919696887e-12
driven_dt1e-3,134,6,-2.9778280760975364,0.0,1,0.18958640608672006,0.24805101830431006,0.0,-2.7882416700108164,0.0,517,1.149524919696887e-12
driven_dt1e-3,135,0,-0.9003294425796398,0.0,1,0.0023042751397519545,0.6382580669824677,0.0,-0.8980251674398878,0.0,517,4.864997293907436e-13
driven_dt1e-3,135,1,-1.7219560332019352,0.0,1,0.0659286015391789,0.40904000443392663,0.0,-1.7878846347411141,0.0,517,4.864997293907436e-13
driven_dt1e-3,135,2,-1.9826109179025015,0.0,1,0.1947262831613874,0.40904000443392663,0.0,-1.7878846347411141,0.0,517,4.864997293907436e-13
driven_dt1e-3,135,3,-2.4330203253846303,0.19025723976725073,1,0.2427885430746677,0.31946830860814707,0.0,-2.2821944013381765,0.0,517,4.864997293907436e-13
driven_dt1e-3,135,4,-2.6464198717560925,3.045678744368468,1,0.08394100937505622,0.02382170833393435,0.26795144379256164,-2.626026303180953,2.9642527324578114,517,4.864997293907436e-13
driven_dt1e-3,135,5,-2.9498543094339507,5.367773635409873,1,0.4205129991108954,-0.21193052671471924,0.05461082233278578,-3.0387047021544076,5.77879284437055,517,4.864997293907436e-13
driven_dt1e-3,135,6,-2.9778280760975364,0.0,1,0.25519473301502543,0.22226436853151132,0.028473888657304505,-2.9914970178448415,0.2548283967498891,517,4.864997293907436e-13
driven_dt1e-3,136,0,-0.9003294425796398,0.0,1,0.015929392527460062,0.6426210823002827,0.0,-0.8844000500521797,0.0,517,3.177458296477198e-13
driven_dt1e-3,136,1,-1.7219560332019352,0.0,1,0.04966594480265907,0.4123796023084544,0.0,-1.7716219780045943,0.0,517,3.177458296477198e-13
driven_dt1e-3,136,2,-1.9826109179025015,0.0,1,0.08620833233858982,0.35543615957469854,0.0,-2.0688192502410914,0.0,517,3.177458296477198e-13
driven_dt1e-3,136,3,-2.4330203253846303,0.19025723976725073,1,0.2988401130509194,0.25487855858622405,0.018660746664437722,-2.7285901628387275,0.14616773585027673,517,3.177458296477198e-13
driven_dt1e-3,136,4,-2.6464198717560925,3.045678744368468,1,0.29957269593443975,0.03047329016585467,0.23294309403114621,-2.8969534533472796,2.8814328170383807,517,3.177458296477198e-13
driven_dt1e-3,136,5,-2.9498543094339507,5.367773635409873,1,0.589658759409868,-0.1840728825532295,0.04357700816315676,-3.3303164052742305,5.818268969656085,517,3.177458296477198e-13
driven_dt1e-3,136,6,-2.9778280760975364,0.0,1,0.2527827306343844,0.19882993783505204,0.0,-3.230610806731921,0.0,517,3.177458296477198e-13
driven_dt1e-3,137,0,-0.9003294425796398,0.0,1,0.0003157043642794122,0.637623771700383,0.0,-0.9000137382153603,0.0,517,6.372680161348399e-14
driven_dt1e-3,137,1,-1.7219560332019352,0.0,1,0.07184558322453416,0.40783165165819,0.0,-1.7938016164264694,0.0,517,6.372680161348399e-14
driven_dt1e-3,137,2,-1.9826109179025015,0.0,1,0.18479016841284232,0.3520310325642754,0.027476495285459365,-2.081998362109639,0.15578684885451574,517,6.372680161348399e-14
driven_dt1e-3,137,3,-2.4330203253846303,0.19025723976725073,1,0.29029598396985273,0.2655003778888876,0.0,-2.652278029981691,0.0,517,6.372680161348399e-14
driven_dt1e-3,137,4,-2.6464198717560925,3.045678744368468,1,0.6380881094957944,0.09354045369965187,0.2437708028816265,-2.6856917131568645,2.408800296034008,517,6.372680161348399e-14
driven_dt1e-3,137,5,-2.9498543094339507,5.367773635409873,1,0.3399475046423263,-0.2436969811621701,0.08594733258423293,-2.7064240848576686,5.605062555663823,517,6.372680161348399e-14
driven_dt1e-3,137,6,-2.9778280760975364,0.0,1,0.07871456805631816,0.23467428347694488,0.0,-2.8991135080412183,0.0,517,6.372680161348399e-14
driven_dt1e-3,138,0,-0.9003294425796398,0.0,1,0.019586459426735314,0.6313101909090235,0.0,-0.9199159020063751,0.0,516,4.412026299860372e-13
driven_dt1e-3,138,1,-1.7219560332019352,0.0,1,0.01235005189113969,0.4201459859318607,0.0,-1.734306085093075,0.0,516,4.412026299860372e-13
driven_dt1e-3,138,2,-1.9826109179025015,0.0,1,0.10337802946121921,0.3523978543268923,0.0,-2.0859889473637208,0.0,516,4.412026299860372e-13
driven_dt1e-3,138,3,-2.4330203253846303,0.19025723976725073,1,0.1399989704555792,0.27710379852055195,0.01887806917328655,-2.56209577634665,0.13604248451027826,516,4.412026299860372e-13
driven_dt1e-3,138,4,-2.6464198717560925,3.045678744368468,1,0.43130003494227503,0.017284185426562043,0.21445836736259621,-3.072804817916268,2.980751109041192,516,4.412026299860372e-13
driven_dt1e-3,138,5,-2.9498543094339507,5.367773635409873,1,0.634627478838823,-0.19066451658719827,0.17690058165669018,-2.693455616915689,4.7872465065241965,516,4.412026299860372e-13
driven_dt1e-3,138,6,-2.9778280760975364,0.0,1,0.12997006651140325,0.22619705152197284,0.01468202730563216,-2.9684932853795267,0.12963440851575458,516,4.412026299860372e-13
driven_dt1e-3,139,0,-0.9003294425796398,0.0,1,0.004667558512699732,0.639012705089258,0.0,-0.89566188406694,0.0,517,4.904965322793942e-13
driven_dt1e-3,139,1,-1.7219560332019352,0.0,1,0.023707126073578833,0.4177669325313746,0.0,-1.745663159275514,0.0,517,4.904965322793942e-13
driven_dt1e-3,139,2,-1.9826109179025015,0.0,1,0.03361123855278625,0.3649076109125534,0.0,-2.016222156455288,0.0,517,4.904965322793942e-13
driven_dt1e-3,139,3,-2.4330203253846303,0.19025723976725073,1,0.1903052733770346,0.29562961575239893,0.0,-2.437295812638119,0.0,517,4.904965322793942e-13
driven_dt1e-3,139,4,-2.6464198717560925,3.045678744368468,1,0.13986819246830137,0.019850577393954818,0.24937005606644252,-2.7713180053752753,2.9827218743478374,517,4.904965322793942e-13
driven_dt1e-3,139,5,-2.9498543094339507,5.367773635409873,1,0.5221966402207859,-0.1517290058512032,0.10745185658314663,-3.364838663002354,5.05079206283618,517,4.904965322793942e-13
driven_dt1e-3,139,6,-2.9778280760975364,0.0,1,0.18839845175241043,0.20533484052490492,0.0,-3.166226527849947,0.0,517,4.904965322793942e-13
driven_dt1e-3,140,0,-0.9003294425796398,0.0,1,0.021797302504287686,0.644509272207981,0.0,-0.8785321400753521,0.0,516,1.0258460747536446e-13
driven_dt1e-3,140,1,-1.7219560332019352,0.0,1,0.09476166250075146,0.40318536990088233,0.0,-1.8167176957026867,0.0,516,1.0258460747536446e-13
driven_dt1e-3,140,2,-1.9826109179025015,0.0,1,0.14032743364832112,0.34594717957175336,0.0,-2.1229383515508227,0.0,516,1.0258460747536446e-13
driven_dt1e-3,140,3,-2.4330203253846303,0.19025723976725073,1,0.36379753679831767,0.34594717957175336,0.0,-2.1229383515508227,0.0,516,1.0258460747536446e-13
driven_dt1e-3,140,4,-2.6464198717560925,3.045678744368468,1,0.6075855176599372,0.006152649799350084,0.1965112584062624,-3.253091310816962,3.0789943007634575,516,1.0258460747536446e-13
driven_dt1e-3,140,5,-2.9498543094339507,5.367773635409873,1,0.20933619429233302,-0.2302818439713415,0.09957231726827778,-2.765503894542638,5.4669531028928064,516,1.0258460747536446e-13
driven_dt1e-3,140,6,-2.9778280760975364,0.0,1,0.15523002017935195,0.20876855183409374,0.0,-3.1330580962768884,0.0,516,1.0258460747536446e-13
driven_dt1e-3,141,0,-0.9003294425796398,0.0,1,0.012534277550147688,0.6415311214669881,0.0,-0.8877951650294921,0.0,517,6.279421427279885e-13
driven_dt1e-3,141,1,-1.7219560332019352,0.0,1,0.09820026959008654,0.4024927674328042,0.0,-1.8201563027920218,0.0,517,6.279421427279885e-13
driven_dt1e-3,141,2,-1.9826109179025015,0.0,1,0.14211934239466628,0.3456373654936932,0.0,-2.124730260297168,0.0,517,6.279421427279885e-13
driven_dt1e-3,141,3,-2.4330203253846303,0.19025723976725073,1,0.1970038484251786,0.2887865496040645,0.0,-2.484134892882337,0.0,517,6.279421427279885e-13
driven_dt1e-3,141,4,-2.6464198717560925,3.045678744368468,1,0.6014791424773283,0.08945238056826427,0.2463695313540646,-2.678010819663888,2.445029786286004,517,6.279421427279885e-13
driven_dt1e-3,141,5,-2.9498543094339507,5.367773635409873,1,0.1248004887371638,-0.19141563161108138,0.10001168359781595,-3.0652478341661307,5.320239474652385,517,6.279421427279885e-13
driven_dt1e-3,141,6,-2.9778280760975364,0.0,1,0.2109943956639846,0.25072041623507163,0.0,-2.766833680433552,0.0,517,6.279421427279885e-13
driven_dt1e-3,142,0,-0.9003294425796398,0.0,1,0.001135992449774026,0.6371611214287057,0.0,-0.9014654350294138,0.0,516,4.2743586448068527e-13
driven_dt1e-3,142,1,-1.7219560332019352,0.0,1,0.03378917308312901,0.4156662588262383,0.0,-1.7557452062850643,0.0,516,4.2743586448068527e-13
driven_dt1e-3,142,2,-1.9826109179025015,0.0,1,0.1137958071890639,0.35056702549934654,0.0,-2.0964067250915654,0.0,516,4.2743586448068527e-13
driven_dt1e-3,142,3,-2.4330203253846303,0.19025723976725073,1,0.26588860109317924,0.26998750418906836,0.0,-2.618759203671958,0.0,516,4.2743586448068527e-13
driven_dt1e-3,142,4,-2.6464198717560925,3.045678744368468,1,0.5044707246274303,-0.055040641522352704,0.28145482781830616,-2.498036968511679,3.5278335183061356,516,4.2743586448068527e-13
driven_dt1e-3,142,5,-2.9498543094339507,5.367773635409873,1,0.1501193275949918,-0.19337724401662287,0.11326473458728831,-2.991269076361174,5.223480081853464,516,4.2743586448068527e-13
driven_dt1e-3,142,6,-2.9778280760975364,0.0,1,0.2363322593526216,0.2326911431924577,0.02621011714905947,-2.90347879048751,0.22433261140546082,516,4.2743586448068527e-13
driven_dt1e-3,143,0,-0.9003294425796398,0.0,1,0.01285263877541809,0.6416332489120667,0.0,-0.8874768038042217,0.0,517,4.618527782440651e-13
driven_dt1e-3,143,1,-1.7219560332019352,0.0,1,0.00926500262478358,0.42471135084286316,0.0,-1.7126910305771517,0.0,517,4.618527782440651e-13
driven_dt1e-3,143,2,-1.9826109179025015,0.0,1,0.041116276886824066,0.363540854102796,0.0,-2.0237271947893256,0.0,517,4.618527782440651e-13
driven_dt1e-3,143,3,-2.4330203253846303,0.19025723976725073,1,0.20480630493193142,0.2852420093679047,0.0,-2.508834606730681,0.0,517,4.618527782440651e-13
driven_dt1e-3,143,4,-2.6464198717560925,3.045678744368468,1,0.7812119012859434,0.0049492038824874955,0.18020601011139892,-3.426555168927451,3.0866781689760714,517,4.618527782440651e-13
driven_dt1e-3,143,5,-2.9498543094339507,5.367773635409873,1,0.34939842642107755,-0.24811711398423686,0.09631958526813843,-2.6473376100997474,5.542596136849088,517,4.618527782440651e-13
driven_dt1e-3,143,6,-2.9778280760975364,0.0,1,0.4689934693668554,0.2852420093679047,0.0,-2.508834606730681,0.0,517,4.618527782440651e-13
driven_dt1e-3,144,0,-0.9003294425796398,0.0,1,0.009530542359153849,0.6344923856385287,0.0,-0.9098599849387936,0.0,516,8.260059303211165e-14
driven_dt1e-3,144,1,-1.7219560332019352,0.0,1,0.023544147792863512,0.42775445867762885,0.0,-1.6984118854090717,0.0,516,8.260059303211165e-14
driven_dt1e-3,144,2,-1.9826109179025015,0.0,1,0.055988861147120206,0.3816272132594594,0.0,-1.9266220567553813,0.0,516,8.260059303211165e-14
driven_dt1e-3,144,3,-2.4330203253846303,0.19025723976725073,1,0.20986391030946214,0.30967744059601954,0.0,-2.34444807484009,0.0,516,8.260059303211165e-14
driven_dt1e-3,144,4,-2.6464198717560925,3.045678744368468,1,0.379018783364597,-0.03378041161697227,0.2503709100919268,-2.7515835425463817,3.409815862071526,516,8.260059303211165e-14
driven_dt1e-3,144,5,-2.9498543094339507,5.367773635409873,1,0.40543606321227305,-0.22311099540325235,0.058191794048573386,-2.9343587338574597,5.772913473602341,516,8.260059303211165e-14
driven_dt1e-3,144,6,-2.9778280760975364,0.0,1,0.29563019455977013,0.26155807375375084,0.0,-2.6821978815377663,0.0,516,8.260059303211165e-14
driven_dt1e-3,145,0,-0.9003294425796398,0.0,1,0.013196481483442657,0.641743568851904,0.0,-0.8871329610961971,0.0,517,1.652011860642233e-13
driven_dt1e-3,145,1,-1.7219560332019352,0.0,1,0.0653912486556456,0.40914991861187205,0.0,-1.7873472818575808,0.0,517,1.652011860642233e-13
driven_dt1e-3,145,2,-1.9826109179025015,0.0,1,0.15686744512609185,0.3430979920486147,0.0,-2.1394783630285934,0.0,517,1.652011860642233e-13
driven_dt1e-3,145,3,-2.4330203253846303,0.19025723976725073,1,0.20899189263404044,0.283724079663351,0.0,-2.5195061271263333,0.0,517,1.652011860642233e-13
driven_dt1e-3,145,4,-2.6464198717560925,3.045678744368468,1,0.392455256369778,0.06205536331724142,0.29078079587706884,-2.4258342226775125,2.7210819180240784,517,1.652011860642233e-13
driven_dt1e-3,145,5,-2.9498543094339507,5.367773635409873,1,0.364963644113775,-0.17799886075082888,0.07409037815091005,-3.2921731643581307,5.494329010989911,517,1.652011860642233e-13
driven_dt1e-3,145,6,-2.9778280760975364,0.0,1,0.16694303449401504,0.24525850044729594,0.0,-2.8108850416035214,0.0,517,1.652011860642233e-13
driven_dt1e-3,146,0,-0.9003294425796398,0.0,1,0.0019723159906949173,0.6368947407050997,0.0,-0.9023017585703347,0.0,516,9.015010959956271e-14
driven_dt1e-3,146,1,-1.7219560332019352,0.0,1,0.04088657467990231,0.4141937978486614,0.0,-1.7628426078818376,0.0,516,9.015010959956271e-14
driven_dt1e-3,146,2,-1.9826109179025015,0.0,1,0.15021150615940626,0.34424171377585555,0.0,-2.132822424061908,0.0,516,9.015010959956271e-14
driven_dt1e-3,146,3,-2.4330203253846303,0.19025723976725073,1,0.23826106867025745,0.2684688879108323,0.049301652014346456,-2.5968729803116872,0.3632330887093731,516,9.015010959956271e-14
driven_dt1e-3,146,4,-2.6464198717560925,3.045678744368468,1,0.05190487349760339,0.00614633635762601,0.2640846342236724,-2.662429748254596,3.0950528240794344,516,9.015010959956271e-14
driven_dt1e-3,146,5,-2.9498543094339507,5.367773635409873,1,0.43324492041571755,-0.24823587719919593,0.0707866225838316,-2.708573387955385,5.727613430313766,516,9.015010959956271e-14
driven_dt1e-3,146,6,-2.9778280760975364,0.0,1,0.1319392317809221,0.2250845400145938,0.014870258422712635,-2.9782033126256087,0.1319386981915764,516,9.015010959956271e-14
driven_dt1e-3,147,0,-0.9003294425796398,0.0,1,0.004126376576779611,0.6362091550404185,0.0,-0.9044558191564194,0.0,517,1.127986593019159e-13
driven_dt1e-3,147,1,-1.7219560332019352,0.0,1,0.0489615840648443,0.41252485988585746,0.0,-1.7709176172667795,0.0,517,1.127986593019159e-13
driven_dt1e-3,147,2,-1.9826109179025015,0.0,1,0.12295677085314538,0.348964931590258,0.0,-2.105567688755647,0.0,517,1.127986593019159e-13
driven_dt1e-3,147,3,-2.4330203253846303,0.19025723976725073,1,0.19131478159300477,0.29330150536295735,0.0,-2.4531083410189827,0.0,517,1.127986593019159e-13
driven_dt1e-3,147,4,-2.6464198717560925,3.045678744368468,1,0.391592231165478,-0.00889865818774847,0.22334879890856923,-2.996455092896104,3.221234488992848,517,1.127986593019159e-13
driven_dt1e-3,147,5,-2.9498543094339507,5.367773635409873,1,0.25191287322529987,-0.20113856377695832,0.1302951601307958,-2.8571266413301237,5.133547942402781,517,1.127986593019159e-13
driven_dt1e-3,147,6,-2.9778280760975364,0.0,1,0.33053070785065897,0.26616238564229006,0.0,-2.6472973682468774,0.0,517,1.127986593019159e-13
driven_dt1e-3,148,0,-0.9003294425796398,0.0,1,0.0029910218524044074,0.6365704191063658,0.0,-0.9033204644320442,0.0,516,1.1501910535116622e-13
driven_dt1e-3,148,1,-1.7219560332019352,0.0,1,0.009925251992916495,0.4206556798178108,0.0,-1.7318812851948517,0.0,516,1.1501910535116622e-13
driven_dt1e-3,148,2,-1.9826109179025015,0.0,1,0.003539783495665416,0.3704357177313078,0.0,-1.986150701398167,0.0,516,1.1501910535116622e-13
driven_dt1e-3,148,3,-2.4330203253846303,0.19025723976725073,1,0.22237982157941089,0.31381706692744915,0.0,-2.3178901044961187,0.0,516,1.1501910535116622e-13
driven_dt1e-3,148,4,-2.6464198717560925,3.045678744368468,1,0.20467682138311083,0.011847504030825583,0.24008661693387126,-2.8510788880335363,3.042979065157364,516,1.1501910535116622e-13
driven_dt1e-3,148,5,-2.9498543094339507,5.367773635409873,1,0.45489271403036247,-0.17038685259308312,0.13812434362448636,-3.034264935632649,4.920781211019198,516,1.1501910535116622e-13
driven_dt1e-3,148,6,-2.9778280760975364,0.0,1,0.14736769753057777,0.20959086996441692,0.0,-3.125195773628114,0.0,516,1.1501910535116622e-13
driven_dt1e-3,149,0,-0.9003294425796398,0.0,1,0.004814713186382602,0.6359902296897735,0.0,-0.9051441557660224,0.0,517,1.0902390101819037e-13
driven_dt1e-3,149,1,-1.7219560332019352,0.0,1,0.0987632296221641,0.40237948970562787,0.0,-1.8207192628240993,0.0,517,1.0902390101819037e-13
driven_dt1e-3,149,2,-1.9826109179025015,0.0,1,0.04831979651022089,0.3622338224845299,0.0,-2.0309307144127224,0.0,517,1.0902390101819037e-13
driven_dt1e-3,149,3,-2.4330203253846303,0.19025723976725073,1,0.20246580815197457,0.2861807605492889,0.0,-2.502263275832882,0.0,517,1.0902390101819037e-13
driven_dt1e-3,149,4,-2.6464198717560925,3.045678744368468,1,0.6487608162034048,-0.03585211480150895,0.20666385990493097,-3.1236718978324673,3.485134203143192,517,1.0902390101819037e-13
driven_dt1e-3,149,5,-2.9498543094339507,5.367773635409873,1,0.4433345094845722,-0.15908673831631795,0.10512392093686707,-3.3142962115602854,5.115330399662774,517,1.0902390101819037e-13
driven_dt1e-3,149,6,-2.9778280760975364,0.0,1,0.028180957994278444,0.22246076788260144,0.0,-3.006009034091815,0.0,517,1.0902390101819037e-13
driven_dt1e-3,150,0,-0.9003294425796398,0.0,1,0.011404378709793384,0.6411687911906665,0.0,-0.8889250638698464,0.0,517,4.276579090856103e-13
driven_dt1e-3,150,1,-1.7219560332019352,0.0,1,0.021651936358253687,0.4181964483292622,0.0,-1.743607969560189,0.0,517,4.276579090856103e-13
driven_dt1e-3,150,2,-1.9826109179025015,0.0,1,0.08098092155898029,0.3563663801123636,0.0,-2.063591839461482,0.0,517,4.276579090856103e-13
driven_dt1e-3,150,3,-2.4330203253846303,0.19025723976725073,1,0.14164032141889066,0.29561743062765033,0.049227220932834014,-2.4100257197874977,0.33001856762685206,517,4.276579090856103e-13
driven_dt1e-3,150,4,-2.6464198717560925,3.045678744368468,1,0.4553708698688762,-0.020803454267643805,0.22179886758358336,-3.003209732785371,3.328633907233267,517,4.276579090856103e-13
driven_dt1e-3,150,5,-2.9498543094339507,5.367773635409873,1,0.45415798351745523,-0.1818230099458395,0.059731188684406925,-3.3069580883043557,5.648373644513789,517,4.276579090856103e-13
driven_dt1e-3,150,6,-2.9778280760975364,0.0,1,0.23607230847394822,0.20049816341834067,0.0,-3.2139003845714846,0.0,517,4.276579090856103e-13
driven_dt1e-3,151,0,-0.9003294425796398,0.0,1,0.005593974685268677,0.6357424766091846,0.0,-0.9059234172649084,0.0,517,2.8888003100746573e-13
driven_dt1e-3,151,1,-1.7219560332019352,0.0,1,0.07989155809330328,0.4399772589745218,0.0,-1.642064475108632,0.0,517,2.8888003100746573e-13
driven_dt1e-3,151,2,-1.9826109179025015,0.0,1,0.07032879890008803,0.384373301419935,0.0,-1.9122821190024135,0.0,517,2.8888003100746573e-13
driven_dt1e-3,151,3,-2.4330203253846303,0.19025723976725073,1,0.19081058197181514,0.2984211194781269,0.0,-2.4184992748520537,0.0,517,2.8888003100746573e-13
driven_dt1e-3,151,4,-2.6464198717560925,3.045678744368468,1,0.37847928525285535,-0.02302516393227117,0.30662536761115394,-2.3586341598798097,3.2914956547008805,517,2.8888003100746573e-13
driven_dt1e-3,151,5,-2.9498543094339507,5.367773635409873,1,0.34535194826290083,-0.17674184188104225,0.1269697354701297,-3.0499985640368914,5.037260252263286,517,2.8888003100746573e-13
driven_dt1e-3,151,6,-2.9778280760975364,0.0,1,0.04228051379817943,0.22089798398925253,0.0,-3.020108589895716,0.0,517,2.8888003100746573e-13
driven_dt1e-3,152,0,-0.9003294425796398,0.0,1,0.010819720947625844,0.6340835304254749,0.0,-0.9111491635272656,0.0,516,4.8183679268731794e-14
driven_dt1e-3,152,1,-1.7219560332019352,0.0,1,0.057192899128571506,0.43501204133935195,0.0,-1.6647631340733637,0.0,516,4.8183679268731794e-14
driven_dt1e-3,152,2,-1.9826109179025015,0.0,1,0.0980063846060435,0.3897295403753745,0.0,-1.884604533296458,0.0,516,4.8183679268731794e-14
driven_dt1e-3,152,3,-2.4330203253846303,0.19025723976725073,1,0.022553024328261957,0.29187889968075836,0.02947719028392577,-2.452685025219759,0.2012998158591537,516,4.8183679268731794e-14
driven_dt1e-3,152,4,-2.6464198717560925,3.045678744368468,1,0.15567407566499972,-0.006202084847645804,0.2584155631522375,-2.7057967050965277,3.189584301928328,516,4.8183679268731794e-14
driven_dt1e-3,152,5,-2.9498543094339507,5.367773635409873,1,0.28996274168929587,-0.1930072215741912,0.13230712656939003,-2.9048507344304806,5.081324565233549,516,4.8183679268731794e-14
driven_dt1e-3,152,6,-2.9778280760975364,0.0,1,0.45944253082417363,0.17931068568580102,0.0,-3.43727060692171,0.0,516,4.8183679268731794e-14
driven_dt1e-3,153,0,-0.9003294425796398,0.0,1,0.007640303673193127,0.63509234013481,0.0,-0.9079697462528329,0.0,516,6.661338147750939e-15
driven_dt1e-3,153,1,-1.7219560332019352,0.0,1,0.0032388019818949676,0.42206437989384304,0.0,-1.7251948351838302,0.0,516,6.661338147750939e-15
driven_dt1e-3,153,2,-1.9826109179025015,0.0,1,0.01852282949155515,0.3676709590896519,0.0,-2.0011337473940567,0.0,516,6.661338147750939e-15
driven_dt1e-3,153,3,-2.4330203253846303,0.19025723976725073,1,0.2099486717738834,0.30970851021641055,0.0,-2.344247426954058,0.0,516,6.661338147750939e-15
driven_dt1e-3,153,4,-2.6464198717560925,3.045678744368468,1,0.5299468540282006,0.0011166324303360604,0.20499575246657048,-3.169502369005498,3.130698560680387,516,6.661338147750939e-15
driven_dt1e-3,153,5,-2.9498543094339507,5.367773635409873,1,0.09468360312485607,-0.19491384517560084,0.09879251908403892,-3.041747545071362,5.344956581594963,516,6.661338147750939e-15
driven_dt1e-3,153,6,-2.9778280760975364,0.0,1,0.5127895558818909,0.17459106412854924,0.0,-3.4906176319794273,0.0,516,6.661338147750939e-15
driven_dt1e-3,154,0,-0.9003294425796398,0.0,1,0.00298058520021649,0.6384739336545476,0.0,-0.8973488573794233,0.0,517,2.0472512574087887e-13
driven_dt1e-3,154,1,-1.7219560332019352,0.0,1,0.07001574519443743,0.4082049553365072,0.0,-1.7919717783963727,0.0,517,2.0472512574087887e-13
driven_dt1e-3,154,2,-1.9826109179025015,0.0,1,0.17879417694051603,0.33972569419132753,0.004942520865345055,-2.1590218992658556,0.02909507453599122,517,2.0472512574087887e-13
driven_dt1e-3,154,3,-2.4330203253846303,0.19025723976725073,1,0.19029593671798156,0.2956943669012588,0.0,-2.4368578047032603,0.0,517,2.0472512574087887e-13
driven_dt1e-3,154,4,-2.6464198717560925,3.045678744368468,1,0.19920720539472336,0.03280263833705595,0.24973468749718114,-2.7576066800821635,2.8803880781606113,517,2.0472512574087887e-13
driven_dt1e-3,154,5,-2.9498543094339507,5.367773635409873,1,0.3177586941136458,-0.2396432716911967,0.12030324236138441,-2.63245442777682,5.352677185202991,517,2.0472512574087887e-13
driven_dt1e-3,154,6,-2.9778280760975364,0.0,1,0.18387545276506082,0.24209112854816622,0.013824829215534474,-2.8336263421105947,0.11408786984037968,517,2.0472512574087887e-13
driven_dt1e-3,155,0,-0.9003294425796398,0.0,1,0.010613219918326089,0.634149003256316,0.0,-0.9109426624979658,0.0,517,4.54081217071689e-13
driven_dt1e-3,155,1,-1.7219560332019352,0.0,1,0.01118532529624039,0.4251193380962366,0.0,-1.7107707079056949,0.0,517,4.54081217071689e-13
driven_dt1e-3,155,2,-1.9826109179025015,0.0,1,0.00336132644906173,0.3717161343425974,0.0,-1.9792495914534398,0.0,517,4.54081217071689e-13
driven_dt1e-3,155,3,-2.4330203253846303,0.19025723976725073,1,0.1434020653968338,0.2872182529960574,0.00869362886257469,-2.4941100227563644,0.06051826630473349,517,4.54081217071689e-13
driven_dt1e-3,155,4,-2.6464198717560925,3.045678744368468,1,0.18300592426295842,0.016271409105097098,0.24293215242214963,-2.825469981032977,3.0078339734842974,517,4.54081217071689e-13
driven_dt1e-3,155,5,-2.9498543094339507,5.367773635409873,1,0.14448081925417575,-0.2107489434222795,0.08557269122211462,-2.96156657246119,5.511778947906109,517,4.54081217071689e-13
driven_dt1e-3,155,6,-2.9778280760975364,0.0,1,0.375383672487406,0.18700762748071295,0.0,-3.3532117485849424,0.0,517,4.54081217071689e-13
driven_dt1e-3,156,0,-0.9003294425796398,0.0,1,0.0031291053788327083,0.6365264706793766,0.0,-0.9034585479584725,0.0,516,2.2959412149248237e-13
driven_dt1e-3,156,1,-1.7219560332019352,0.0,1,0.09837673153553306,0.4440626375961246,0.0,-1.6235793016664022,0.0,516,2.2959412149248237e-13
driven_dt1e-3,156,2,-1.9826109179025015,0.0,1,0.019946932511938575,0.3748115200008242,0.0,-1.962663985390563,0.0,516,2.2959412149248237e-13
driven_dt1e-3,156,3,-2.4330203253846303,0.19025723976725073,1,0.23206015782059974,0.2772198159865574,0.0,-2.565889055956833,0.0,516,2.2959412149248237e-13
driven_dt1e-3,156,4,-2.6464198717560925,3.045678744368468,1,0.0723653590910447,0.005381882420440574,0.27233251074614134,-2.601072519348892,3.1020734500245224,516,2.2959412149248237e-13
driven_dt1e-3,156,5,-2.9498543094339507,5.367773635409873,1,0.1463602887732503,-0.19623751771379336,0.08760331555087945,-3.0751325954319406,5.44344850037305,516,2.2959412149248237e-13
driven_dt1e-3,156,6,-2.9778280760975364,0.0,1,0.19011877766517019,0.21095513247440784,0.014700937503153972,-3.1073750260755117,0.1391500534398114,516,2.2959412149248237e-13
driven_dt1e-3,157,0,-0.9003294425796398,0.0,1,0.001062265851944022,0.6371846097225073,0.0,-0.9013917084315838,0.0,517,8.637535131583718e-14
driven_dt1e-3,157,1,-1.7219560332019352,0.0,1,0.010557671586584272,0.4249859451636723,0.0,-1.711398361615351,0.0,517,8.637535131583718e-14
driven_dt1e-3,157,2,-1.9826109179025015,0.0,1,0.04659162388684979,0.36254695904119105,0.0,-2.0292025417893513,0.0,517,8.637535131583718e-14
driven_dt1e-3,157,3,-2.4330203253846303,0.19025723976725073,1,0.19494400221731328,0.29003465921849214,0.0,-2.4755096971927744,0.0,517,8.637535131583718e-14
driven_dt1e-3,157,4,-2.6464198717560925,3.045678744368468,1,0.34913479972132283,0.058042202976727415,0.2569212910713279,-2.668193433560719,2.697223553012695,517,8.637535131583718e-14
driven_dt1e-3,157,5,-2.9498543094339507,5.367773635409873,1,0.602879327767049,-0.2363710768498844,0.03807313330859856,-2.859090856677886,5.963781587951319,517,8.637535131583718e-14
driven_dt1e-3,157,6,-2.9778280760975364,0.0,1,0.023215634654948136,0.22301374885232683,0.0,-3.0010437107524846,0.0,517,8.637535131583718e-14
driven_dt1e-3,158,0,-0.9003294425796398,0.0,1,0.012030896123209067,0.6336996535570913,0.0,-0.9123603387028488,0.0,517,5.067057884389214e-13
driven_dt1e-3,158,1,-1.7219560332019352,0.0,1,0.11101631587093364,0.44687790776626046,0.0,-1.6109397173310016,0.0,517,5.067057884389214e-13
driven_dt1e-3,158,2,-1.9826109179025015,0.0,1,0.05177742886148873,0.38082446015766375,0.0,-1.9308334890410128,0.0,517,5.067057884389214e-13
driven_dt1e-3,158,3,-2.4330203253846303,0.19025723976725073,1,0.21951617520506767,0.28047840970793697,0.0,-2.542517055439956,0.0,517,5.067057884389214e-13
driven_dt1e-3,158,4,-2.6464198717560925,3.045678744368468,1,0.24190096894896798,-0.013999355180615684,0.2859341375803442,-2.501593345777686,3.239434663378638,517,5.067057884389214e-13
driven_dt1e-3,158,5,-2.9498543094339507,5.367773635409873,1,0.5777939532186036,-0.25102573616858437,0.16135129794099853,-2.418577914420558,5.140636574414633,517,5.067057884389214e-13
driven_dt1e-3,158,6,-2.9778280760975364,0.0,1,0.0950419878808555,0.23659793764475057,0.0,-2.882786088216681,0.0,517,5.067057884389214e-13
driven_dt1e-3,159,0,-0.9003294425796398,0.0,1,0.007043090822178244,0.6397721536871968,0.0,-0.8932863517574615,0.0,517,2.282618538629322e-13
driven_dt1e-3,159,1,-1.7219560332019352,0.0,1,0.04435021866987188,0.4134771086875122,0.0,-1.7663062518718071,0.0,517,2.282618538629322e-13
driven_dt1e-3,159,2,-1.9826109179025015,0.0,1,0.1416540766333345,0.34571778146303045,0.0,-2.124264994535836,0.0,517,2.282618538629322e-13
driven_dt1e-3,159,3,-2.4330203253846303,0.19025723976725073,1,0.3270041680497762,0.25937266290792355,0.0,-2.6989787970264887,0.0,517,2.282618538629322e-13
driven_dt1e-3,159,4,-2.6464198717560925,3.045678744368468,1,0.5694050402126328,0.03602094621064415,0.2032619585115683,-3.1555974956295763,2.790805742333919,517,2.282618538629322e-13
driven_dt1e-3,159,5,-2.9498543094339507,5.367773635409873,1,0.5140376957262527,-0.15397032993624676,0.09158187779421029,-3.439082977841986,5.210007787916646,517,2.282618538629322e-13
driven_dt1e-3,159,6,-2.9778280760975364,0.0,1,0.015228414574651072,0.22390615958297952,0.0,-2.9930564906721875,0.0,517,2.282618538629322e-13
driven_dt1e-3,160,0,-0.9003294425796398,0.0,1,0.009312026192666578,0.6345617128476263,0.0,-0.9096414687723063,0.0,517,1.1179945857975326e-13
driven_dt1e-3,160,1,-1.7219560332019352,0.0,1,0.1013041471464795,0.4018686077531617,0.0,-1.8232601803484147,0.0,517,1.1179945857975326e-13
driven_dt1e-3,160,2,-1.9826109179025015,0.0,1,0.1593507375540868,0.4018686077531617,0.0,-1.8232601803484147,0.0,517,1.1179945857975326e-13
driven_dt1e-3,160,3,-2.4330203253846303,0.19025723976725073,1,0.3102635827935831,0.33488480695549355,0.0,-2.1879373322495344,0.0,517,1.1179945857975326e-13
driven_dt1e-3,160,4,-2.6464198717560925,3.045678744368468,1,0.5725705422874906,0.033750682318147415,0.20228848239405958,-3.1686643220832282,2.810949623895743,517,1.1179945857975326e-13
driven_dt1e-3,160,5,-2.9498543094339507,5.367773635409873,1,0.075327643339789,-0.21305316205478358,0.10512165161266057,-2.874537969573892,5.3664687211557585,517,1.1179945857975326e-13
driven_dt1e-3,160,6,-2.9778280760975364,0.0,1,0.0006777376026954052,0.22569400230785577,0.0,-2.977150338494841,0.0,517,1.1179945857975326e-13
driven_dt1e-3,161,0,-0.9003294425796398,0.0,1,0.0044632091404077645,0.6389474175020984,0.0,-0.895866233439232,0.0,516,8.33755287033e-12
driven_dt1e-3,161,1,-1.7219560332019352,0.0,1,0.042975802891924264,0.4137613510741313,0.0,-1.7649318360938595,0.0,516,8.33755287033e-12
driven_dt1e-3,161,2,-1.9826109179025015,0.0,1,0.2146696926210383,0.33332399459960027,0.0,-2.19728061052354,0.0,516,8.33755287033e-12
driven_dt1e-3,161,3,-2.4330203253846303,0.19025723976725073,1,0.30293733749183405,0.33332399459960027,0.0,-2.19728061052354,0.0,516,8.33755287033e-12
driven_dt1e-3,161,4,-2.6464198717560925,3.045678744368468,1,0.6965963023490918,-0.02102504254783487,0.19388750962441353,-3.269263771246564,3.357627274279943,516,8.33755287033e-12
driven_dt1e-3,161,5,-2.9498543094339507,5.367773635409873,1,0.2497977683968663,-0.1980124717209447,0.07459427867023329,-3.1061445195783124,5.562638448316374,516,8.33755287033e-12
driven_dt1e-3,161,6,-2.9778280760975364,0.0,1,0.32019147285464145,0.2044235644461458,0.02724799697558766,-3.157511546311171,0.26502156482220557,516,8.33755287033e-12
driven_dt1e-3,162,0,-0.9003294425796398,0.0,1,0.023848701110874226,0.6299662251886999,0.0,-0.924178143690514,0.0,516,2.347011474057581e-13
driven_dt1e-3,162,1,-1.7219560332019352,0.0,1,0.12578033457619342,0.3969804737993431,0.0,-1.8477363677781287,0.0,516,2.347011474057581e-13
driven_dt1e-3,162,2,-1.9826109179025015,0.0,1,0.13487455012437288,0.3969804737993431,0.0,-1.8477363677781287,0.0,516,2.347011474057581e-13
driven_dt1e-3,162,3,-2.4330203253846303,0.19025723976725073,1,0.20287023565943726,0.30687898341678593,0.0,-2.362603599866736,0.0,516,2.347011474057581e-13
driven_dt1e-3,162,4,-2.6464198717560925,3.045678744368468,1,0.5512889549800621,0.014297591766531134,0.2018126353764514,-3.1958245358808046,3.0001372586546564,516,2.347011474057581e-13
driven_dt1e-3,162,5,-2.9498543094339507,5.367773635409873,1,0.5271350425408053,-0.21678329874324162,0.043134100929782426,-3.018887308643768,5.890368888062051,516,2.347011474057581e-13
driven_dt1e-3,162,6,-2.9778280760975364,0.0,1,0.12473161835259505,0.24013638916374086,0.0,-2.8530964577449414,0.0,516,2.347011474057581e-13
driven_dt1e-3,163,0,-0.9003294425796398,0.0,1,0.005649340192090513,0.6357248777505653,0.0,-0.9059787827717303,0.0,517,1.3300471835009375e-13
driven_dt1e-3,163,1,-1.7219560332019352,0.0,1,0.1756404803135838,0.3872060662409804,0.0,-1.897596513515519,0.0,517,1.3300471835009375e-13
driven_dt1e-3,163,2,-1.9826109179025015,0.0,1,0.08501440438698249,0.3872060662409804,0.0,-1.897596513515519,0.0,517,1.3300471835009375e-13
driven_dt1e-3,163,3,-2.4330203253846303,0.19025723976725073,1,0.21886691540916986,0.31272985382120305,0.0,-2.324831095898181,0.0,517,1.3300471835009375e-13
driven_dt1e-3,163,4,-2.6464198717560925,3.045678744368468,1,0.4553328951437706,0.03654551250585054,0.32942225528262614,-2.2085976352390726,2.9206198198119107,517,1.3300471835009375e-13
driven_dt1e-3,163,5,-2.9498543094339507,5.367773635409873,1,0.4529808840351587,-0.16240889917816936,0.12485080840586302,-3.1709342374986638,4.972406278755109,517,1.3300471835009375e-13
driven_dt1e-3,163,6,-2.9778280760975364,0.0,1,0.3811634770022736,0.2729866736253972,0.0,-2.596664599095263,0.0,517,1.3300471835009375e-13
driven_dt1e-3,164,0,-0.9003294425796398,0.0,1,0.00878082757537102,0.640328273042037,0.0,-0.8915486150042687,0.0,516,2.2082335959794364e-13
driven_dt1e-3,164,1,-1.7219560332019352,0.0,1,0.12316402538724547,0.39750012544830093,0.0,-1.8451200585891807,0.0,516,2.2082335959794364e-13
driven_dt1e-3,164,2,-1.9826109179025015,0.0,1,0.13749085931332083,0.39750012544830093,0.0,-1.8451200585891807,0.0,516,2.2082335959794364e-13
driven_dt1e-3,164,3,-2.4330203253846303,0.19025723976725073,1,0.2845845460114668,0.2556205596588447,0.02769549309234748,-2.716451732467122,0.21585023310120235,516,2.2082335959794364e-13
driven_dt1e-3,164,4,-2.6464198717560925,3.045678744368468,1,0.4381743755180119,0.0015514199889135293,0.21470211810039977,-3.076955204967418,3.127141068280891,516,2.2082335959794364e-13
driven_dt1e-3,164,5,-2.9498543094339507,5.367773635409873,1,0.29369650314487544,-0.22846880005009051,0.12859554635941595,-2.677499553914077,5.257862202404759,516,2.2082335959794364e-13
driven_dt1e-3,164,6,-2.9778280760975364,0.0,1,0.02449212739264839,0.22287145655052099,0.0,-3.002320203490185,0.0,516,2.2082335959794364e-13
driven_dt1e-3,165,0,-0.9003294425796398,0.0,1,0.006884531996368737,0.6397214349369625,0.0,-0.893444910583271,0.0,517,4.0123460109953157e-13
driven_dt1e-3,165,1,-1.7219560332019352,0.0,1,0.012992155457075993,0.42001111896476895,0.0,-1.7349481886590112,0.0,517,4.0123460109953157e-13
driven_dt1e-3,165,2,-1.9826109179025015,0.0,1,0.0593187573550884,0.36024719239309483,0.0,-2.04192967525759,0.0,517,4.0123460109953157e-13
driven_dt1e-3,165,3,-2.4330203253846303,0.19025723976725073,1,0.2820698303004129,0.2669664796856758,0.0,-2.6412643454232634,0.0,517,4.0123460109953157e-13
driven_dt1e-3,165,4,-2.6464198717560925,3.045678744368468,1,0.09802105677412926,0.011802634984212974,0.25327349647648667,-2.7444014821403653,3.048459319420798,517,4.0123460109953157e-13
driven_dt1e-3,165,5,-2.9498543094339507,5.367773635409873,1,0.109180840225984,-0.21233624019509534,0.11174891787321671,-2.8546755255229064,5.314281066153325,517,4.0123460109953157e-13
driven_dt1e-3,165,6,-2.9778280760975364,0.0,1,0.0448949989870715,0.22060940539776341,0.0,-3.022723075084608,0.0,517,4.0123460109953157e-13
driven_dt1e-3,166,0,-0.9003294425796398,0.0,1,0.005934993182201476,0.6394177868577118,0.0,-0.8943944493974383,0.0,517,2.3314683517128287e-14
driven_dt1e-3,166,1,-1.7219560332019352,0.0,1,0.00023750276797884773,0.42279863003258494,0.0,-1.7217185304339564,0.0,517,2.3314683517128287e-14
driven_dt1e-3,166,2,-1.9826109179025015,0.0,1,0.015009522209050052,0.37388736207664863,0.0,-1.9676013956934515,0.0,517,2.3314683517128287e-14
driven_dt1e-3,166,3,-2.4330203253846303,0.19025723976725073,1,0.13155777500630145,0.2775686359213487,0.02067502503346459,-2.5578412242084507,0.14869774769357136,517,2.3314683517128287e-14
driven_dt1e-3,166,4,-2.6464198717560925,3.045678744368468,1,0.5077632967028305,-0.04417825889959821,0.23645938235495845,-2.849646748748672,3.51099842152211,517,2.3314683517128287e-14
driven_dt1e-3,166,5,-2.9498543094339507,5.367773635409873,1,0.37387122631542397,-0.17935805273551012,0.13452916082993277,-2.990398400088858,4.996107292328386,517,2.3314683517128287e-14
driven_dt1e-3,166,6,-2.9778280760975364,0.0,1,0.13888171232463686,0.2124235180765652,0.007563827790633803,-3.097079463988795,0.0711845243310076,517,2.3314683517128287e-14
driven_dt1e-3,167,0,-0.9003294425796398,0.0,1,0.001994336034759847,0.6381591640791177,0.0,-0.8983351065448799,0.0,517,7.926992395823618e-14
driven_dt1e-3,167,1,-1.7219560332019352,0.0,1,0.03442575878279519,0.4155339762815479,0.0,-1.7563817919847304,0.0,517,7.926992395823618e-14
driven_dt1e-3,167,2,-1.9826109179025015,0.0,1,0.08163860445038584,0.3562492113427573,0.0,-2.0642495223528874,0.0,517,7.926992395823618e-14
driven_dt1e-3,167,3,-2.4330203253846303,0.19025723976725073,1,0.27311027183065784,0.2686142927398074,0.0,-2.6289575686426763,0.0,517,7.926992395823618e-14
driven_dt1e-3,167,4,-2.6464198717560925,3.045678744368468,1,0.749682697690748,0.028453343804695955,0.1836570652259269,-3.365651381781894,2.834183632834222,517,7.926992395823618e-14
driven_dt1e-3,167,5,-2.9498543094339507,5.367773635409873,1,0.3358857948834573,-0.1766954444639548,0.1251801417653023,-3.0599220984436575,5.050434149957768,517,7.926992395823618e-14
driven_dt1e-3,167,6,-2.9778280760975364,0.0,1,0.0019415010703864866,0.22583665929177715,0.0,-2.97588657502715,0.0,517,7.926992395823618e-14
driven_dt1e-3,168,0,-0.9003294425796398,0.0,1,0.005701675212458013,0.6393431973786391,0.0,-0.8946277673671817,0.0,517,1.7641443861293737e-13
driven_dt1e-3,168,1,-1.7219560332019352,0.0,1,0.1707340478182724,0.4604223803313062,0.0,-1.5512219853836628,0.0,517,1.7641443861293737e-13
driven_dt1e-3,168,2,-1.9826109179025015,0.0,1,0.005546825510568842,0.37006416416873794,0.0,-1.9881577434130704,0.0,517,1.7641443861293737e-13
driven_dt1e-3,168,3,-2.4330203253846303,0.19025723976725073,1,0.20143597352734527,0.2866206292284926,0.0,-2.4991915740282535,0.0,517,1.7641443861293737e-13
driven_dt1e-3,168,4,-2.6464198717560925,3.045678744368468,1,0.6290933408141389,0.0237306349557041,0.19466779456577765,-3.258170515568631,2.898983205064647,517,1.7641443861293737e-13
driven_dt1e-3,168,5,-2.9498543094339507,5.367773635409873,1,0.2302381554294024,-0.2306581937704022,0.11265107446831846,-2.719715978468542,5.374552782553113,517,1.7641443861293737e-13
driven_dt1e-3,168,6,-2.9778280760975364,0.0,1,0.07509192258820616,0.2222476902361163,0.007705016632822022,-3.0067244043409715,0.0693094441763949,517,1.7641443861293737e-13
driven_dt1e-3,169,0,-0.9003294425796398,0.0,1,0.0032730874928503795,0.6364806481153655,0.0,-0.9036025300724901,0.0,516,1.2234657731369225e-13
driven_dt1e-3,169,1,-1.7219560332019352,0.0,1,0.12020270265681376,0.39808912447316275,0.0,-1.842158735858749,0.0,516,1.2234657731369225e-13
driven_dt1e-3,169,2,-1.9826109179025015,0.0,1,0.14045218204375254,0.39808912447316275,0.0,-1.842158735858749,0.0,516,1.2234657731369225e-13
driven_dt1e-3,169,3,-2.4330203253846303,0.19025723976725073,1,0.32081762018519083,0.33710758463740925,0.0,-2.1747063146584673,0.0,516,1.2234657731369225e-13
driven_dt1e-3,169,4,-2.6464198717560925,3.045678744368468,1,0.07705371139073844,0.014986706369245453,0.2561501312025526,-2.7205658296139466,3.0247108791354846,516,1.2234657731369225e-13
driven_dt1e-3,169,5,-2.9498543094339507,5.367773635409873,1,0.4342222257459588,-0.2589788955134047,0.09205325162385164,-2.5830417390771467,5.600147212995641,516,1.2234657731369225e-13
driven_dt1e-3,169,6,-2.9778280760975364,0.0,1,0.20533891445601826,0.2500124453845478,0.0,-2.772489161641518,0.0,516,1.2234657731369225e-13
driven_dt1e-3,170,0,-0.9003294425796398,0.0,1,0.015702310262028507,0.6325374336971533,0.0,-0.9160317528416683,0.0,516,1.226796442210798e-13
driven_dt1e-3,170,1,-1.7219560332019352,0.0,1,0.13456501995237558,0.395240623324887,0.0,-1.8565210531543108,0.0,516,1.226796442210798e-13
driven_dt1e-3,170,2,-1.9826109179025015,0.0,1,0.12608986474819073,0.395240623324887,0.0,-1.8565210531543108,0.0,516,1.226796442210798e-13
driven_dt1e-3,170,3,-2.4330203253846303,0.19025723976725073,1,0.1934860559170634,0.29109368029855676,0.0,-2.468220276385844,0.0,516,1.226796442210798e-13
driven_dt1e-3,170,4,-2.6464198717560925,3.045678744368468,1,0.5827327221424256,-0.0663188438918759,0.2819038371085112,-2.478511592645339,3.6036968760287094,516,1.226796442210798e-13
driven_dt1e-3,170,5,-2.9498543094339507,5.367773635409873,1,0.0953184902177775,-0.21288839198255688,0.10922338208771909,-2.8603064204305166,5.335111881745607,516,1.226796442210798e-13
driven_dt1e-3,170,6,-2.9778280760975364,0.0,1,0.43034997601557334,0.21350661588453695,0.04611603704185305,-3.042577288875484,0.42545110330241315,516,1.226796442210798e-13
driven_dt1e-3,171,0,-0.9003294425796398,0.0,1,0.001615587587039169,0.6370083500587935,0.0,-0.9019450301666789,0.0,517,5.340172748447003e-13
driven_dt1e-3,171,1,-1.7219560332019352,0.0,1,0.11644490079832814,0.44809251275438106,0.0,-1.605511132403607,0.0,517,5.340172748447003e-13
driven_dt1e-3,171,2,-1.9826109179025015,0.0,1,0.07895120228481667,0.38603398945585987,0.0,-1.9036597156176849,0.0,517,5.340172748447003e-13
driven_dt1e-3,171,3,-2.4330203253846303,0.19025723976725073,1,0.24585156856281437,0.3333736342966199,0.03294866992981026,-2.1872620148266497,0.19702824829503857,517,5.340172748447003e-13
driven_dt1e-3,171,4,-2.6464198717560925,3.045678744368468,1,0.3236950241097277,-0.02935555283191562,0.27949047138577066,-2.5386027602799697,3.350890046758046,517,5.340172748447003e-13
driven_dt1e-3,171,5,-2.9498543094339507,5.367773635409873,1,0.3999032672420156,-0.255359685246486,0.09978375599924402,-2.588064701843721,5.538158209214389,517,5.340172748447003e-13
driven_dt1e-3,171,6,-2.9778280760975364,0.0,1,0.14238258611251986,0.2422650885796207,0.0,-2.8354454899850166,0.0,517,5.340172748447003e-13
driven_dt1e-3,172,0,-0.9003294425796398,0.0,1,0.015194708064538709,0.6326979927669952,0.0,-0.9155241506441785,0.0,516,1.8030021919912542e-13
driven_dt1e-3,172,1,-1.7219560332019352,0.0,1,0.040936348729999184,0.41418348992550674,0.0,-1.7628923819319344,0.0,516,1.8030021919912542e-13
driven_dt1e-3,172,2,-1.9826109179025015,0.0,1,0.21971853597056712,0.41418348992550674,0.0,-1.7628923819319344,0.0,516,1.8030021919912542e-13
driven_dt1e-3,172,3,-2.4330203253846303,0.19025723976725073,1,0.2919459519513617,0.3309488820567075,0.0,-2.2115827008107254,0.0,516,1.8030021919912542e-13
driven_dt1e-3,172,4,-2.6464198717560925,3.045678744368468,1,0.3920603570072507,0.04485159814807886,0.22911376668975333,-2.9094668023908943,2.754959574343059,516,1.8030021919912542e-13
driven_dt1e-3,172,5,-2.9498543094339507,5.367773635409873,1,0.4119109859223233,-0.17059479897025015,0.13075637953242078,-3.0747794587351147,4.975263294914769,516,1.8030021919912542e-13
driven_dt1e-3,172,6,-2.9778280760975364,0.0,1,0.22285698886130723,0.2522119323266018,0.0,-2.754971087236229,0.0,516,1.8030021919912542e-13
driven_dt1e-3,173,0,-0.9003294425796398,0.0,1,0.0021137389870471424,0.638197264260535,0.0,-0.8982157035925926,0.0,516,1.6719958750854857e-13
driven_dt1e-3,173,1,-1.7219560332019352,0.0,1,0.04273363291376797,0.4318784050524472,0.0,-1.6792224002881673,0.0,516,1.6719958750854857e-13
driven_dt1e-3,173,2,-1.9826109179025015,0.0,1,0.09596508937695392,0.38933196677545934,0.0,-1.8866458285255476,0.0,516,1.6719958750854857e-13
driven_dt1e-3,173,3,-2.4330203253846303,0.19025723976725073,1,0.31508372412445596,0.335903431739445,0.0,-2.181863131730371,0.0,516,1.6719958750854857e-13
driven_dt1e-3,173,4,-2.6464198717560925,3.045678744368468,1,0.3682776207424512,0.02439972659764533,0.31847296806943975,-2.28258270085809,2.988661913409019,516,1.6719958750854857e-13
driven_dt1e-3,173,5,-2.9498543094339507,5.367773635409873,1,0.42880368628311905,-0.21703011201807948,0.05414679760109157,-2.995053599644563,5.794188486856734,516,1.6719958750854857e-13
driven_dt1e-3,173,6,-2.9778280760975364,0.0,1,0.21209914502459792,0.20291591236439743,0.0,-3.1899272211221343,0.0,516,1.6719958750854857e-13
driven_dt1e-3,174,0,-0.9003294425796398,0.0,1,0.005525187125375863,0.635764342572052,0.0,-0.9058546297050156,0.0,516,5.517808432387028e-14
driven_dt1e-3,174,1,-1.7219560332019352,0.0,1,0.0624909537135343,0.43616592777297725,0.0,-1.659465079488401,0.0,516,5.517808432387028e-14
driven_dt1e-3,174,2,-1.9826109179025015,0.0,1,0.10184148133853177,0.35266869648482524,0.0,-2.0844523992410333,0.0,516,5.517808432387028e-14
driven_dt1e-3,174,3,-2.4330203253846303,0.19025723976725073,1,0.2793031782441893,0.26746926285467065,0.0,-2.6375012489287406,0.0,516,5.517808432387028e-14
driven_dt1e-3,174,4,-2.6464198717560925,3.045678744368468,1,0.4145615722426192,-0.0424751282332212,0.26448116718209325,-2.6345057633524607,3.4600690811298587,516,5.517808432387028e-14
driven_dt1e-3,174,5,-2.9498543094339507,5.367773635409873,1,0.4178981351103633,-0.17335198022761,0.0717365961296663,-3.346793055771898,5.498458305453371,516,5.517808432387028e-14
driven_dt1e-3,174,6,-2.9778280760975364,0.0,1,0.1263094854536626,0.21180933318094122,0.0,-3.104137561551199,0.0,516,5.517808432387028e-14
driven_dt1e-3,175,0,-0.9003294425796398,0.0,1,0.009588013147435182,0.6405867570713653,0.0,-0.8907414294322046,0.0,517,2.6134649999676185e-13
driven_dt1e-3,175,1,-1.7219560332019352,0.0,1,0.1439370418443171,0.45429455322005197,0.0,-1.5780189913576181,0.0,517,2.6134649999676185e-13
driven_dt1e-3,175,2,-1.9826109179025015,0.0,1,0.04570026373545377,0.37966904988719885,0.0,-1.9369106541670478,0.0,517,2.6134649999676185e-13
driven_dt1e-3,175,3,-2.4330203253846303,0.19025723976725073,1,0.25475959890449923,0.2721988603911186,0.0,-2.6024447508672868,0.0,517,2.6134649999676185e-13
driven_dt1e-3,175,4,-2.6464198717560925,3.045678744368468,1,0.6991596335322563,-0.021297771487910185,0.19372255277354866,-3.270642322686953,3.360592264108139,517,2.6134649999676185e-13
driven_dt1e-3,175,5,-2.9498543094339507,5.367773635409873,1,0.3084013852352092,-0.19154568686074974,0.13399057974561004,-2.906930031503014,5.062374027061886,517,2.6134649999676185e-13
driven_dt1e-3,175,6,-2.9778280760975364,0.0,1,0.37538332523024964,0.2721988603911186,0.0,-2.6024447508672868,0.0,517,2.6134649999676185e-13
driven_dt1e-3,176,0,-0.9003294425796398,0.0,1,0.006821179338702743,0.6353525032028747,0.0,-0.9071506219183425,0.0,516,3.0819791163594346e-13
driven_dt1e-3,176,1,-1.7219560332019352,0.0,1,0.14223514424946937,0.39372775379936786,0.0,-1.8641911774514046,0.0,516,3.0819791163594346e-13
driven_dt1e-3,176,2,-1.9826109179025015,0.0,1,0.11841974045109693,0.39372775379936786,0.0,-1.8641911774514046,0.0,516,3.0819791163594346e-13
driven_dt1e-3,176,3,-2.4330203253846303,0.19025723976725073,1,0.06368325885928679,0.3016290228009043,0.021368939949577774,-2.3921083604272093,0.14145387326183756,516,3.0819791163594346e-13
driven_dt1e-3,176,4,-2.6464198717560925,3.045678744368468,1,0.28076234989748444,-0.024697207655921302,0.27027704333964275,-2.6083003608853823,3.323841286798133,516,3.0819791163594346e-13
driven_dt1e-3,176,5,-2.9498543094339507,5.367773635409873,1,0.085870647314635,-0.2008687683018272,0.09249329253603897,-3.0179109881487998,5.420138285246745,516,3.0819791163594346e-13
driven_dt1e-3,176,6,-2.9778280760975364,0.0,1,0.3014428133586779,0.20740751570410704,0.027194134455205635,-3.129094571462866,0.2607416673749813,516,3.0819791163594346e-13
driven_dt1e-3,177,0,-0.9003294425796398,0.0,1,0.0010923155997246692,0.6371750361760222,0.0,-0.9014217581793644,0.0,516,5.051514762044462e-14
driven_dt1e-3,177,1,-1.7219560332019352,0.0,1,0.07424199363691497,0.4387361727569661,0.0,-1.6477140395650203,0.0,516,5.051514762044462e-14
driven_dt1e-3,177,2,-1.9826109179025015,0.0,1,0.04557804655477238,0.37964584955564123,0.0,-1.9370328713477292,0.0,516,5.051514762044462e-14
driven_dt1e-3,177,3,-2.4330203253846303,0.19025723976725073,1,0.19057256104339346,0.29788998860715427,0.0,-2.4220620527659737,0.0,516,5.051514762044462e-14
driven_dt1e-3,177,4,-2.6464198717560925,3.045678744368468,1,0.2098343513870959,0.0019971023890416936,0.29325251403399133,-2.453396059483332,3.127972504263939,516,5.051514762044462e-14
driven_dt1e-3,177,5,-2.9498543094339507,5.367773635409873,1,0.33409401013984347,-0.1750402022169939,0.12228822213973863,-3.087990518594797,5.063574366295049,516,5.051514762044462e-14
driven_dt1e-3,177,6,-2.9778280760975364,0.0,1,0.0004637704591230474,0.22556522330035125,0.0,-2.9782918465566595,0.0,516,5.051514762044462e-14
driven_dt1e-3,178,0,-0.9003294425796398,0.0,1,0.002422006967332191,0.6367515538941757,0.0,-0.902751449546972,0.0,517,1.6120438317557273e-13
driven_dt1e-3,178,1,-1.7219560332019352,0.0,1,0.03725277334492283,0.41494703090405344,0.0,-1.759208806546858,0.0,517,1.6120438317557273e-13
driven_dt1e-3,178,2,-1.9826109179025015,0.0,1,0.00979812203192787,0.3692783733751248,0.0,-1.9924090399344294,0.0,517,1.6120438317557273e-13
driven_dt1e-3,178,3,-2.4330203253846303,0.19025723976725073,1,0.21769227223031432,0.31235535448595364,0.0,-2.327227565211998,0.0,517,1.6120438317557273e-13
driven_dt1e-3,178,4,-2.6464198717560925,3.045678744368468,1,0.46873464041271307,0.04322301736041284,0.21777831732097996,-3.009919949845539,2.7497398041260563,517,1.6120438317557273e-13
driven_dt1e-3,178,5,-2.9498543094339507,5.367773635409873,1,0.4235778825614061,-0.1760133566346958,0.1390364865536403,-2.989514716543796,4.946056580142854,517,1.6120438317557273e-13
driven_dt1e-3,178,6,-2.9778280760975364,0.0,1,0.1140179447927537,0.23573759626573368,0.00840010668582646,-2.8888030194713408,0.0712364445172981,517,1.6120438317557273e-13
driven_dt1e-3,179,0,-0.9003294425796398,0.0,1,0.013723175099772056,0.6331636820418157,0.0,-0.9140526176794118,0.0,517,2.2870594307278225e-14
driven_dt1e-3,179,1,-1.7219560332019352,0.0,1,0.016817023521605412,0.4192086429926922,0.0,-1.7387730567235407,0.0,517,2.2870594307278225e-14
driven_dt1e-3,179,2,-1.9826109179025015,0.0,1,0.02903490035415146,0.3765185329035757,0.0,-1.95357601754835,0.0,517,2.2870594307278225e-14
driven_dt1e-3,179,3,-2.4330203253846303,0.19025723976725073,1,0.22103333909865086,0.28005651047962044,0.0,-2.5455277460698724,0.0,517,2.2870594307278225e-14
driven_dt1e-3,179,4,-2.6464198717560925,3.045678744368468,1,0.6068129129177869,0.07293979157854831,0.22069159377056563,-2.918308510665746,2.5031859063368254,517,2.2870594307278225e-14
driven_dt1e-3,179,5,-2.9498543094339507,5.367773635409873,1,0.454718191466815,-0.1582397972463256,0.10924750145858755,-3.297517326985731,5.074688221447251,517,2.2870594307278225e-14
driven_dt1e-3,179,6,-2.9778280760975364,0.0,1,0.13629136196918762,0.23316343907469522,0.013701362959006003,-2.908584100340043,0.11739083085450845,517,2.2870594307278225e-14
driven_dt1e-3,180,0,-0.9003294425796398,0.0,1,0.005417282464663664,0.6392522915576883,0.0,-0.8949121601149761,0.0,517,1.9984014443252818e-15
driven_dt1e-3,180,1,-1.7219560332019352,0.0,1,0.004373412358454898,0.4236738631463316,0.0,-1.7175826208434803,0.0,517,1.9984014443252818e-15
driven_dt1e-3,180,2,-1.9826109179025015,0.0,1,0.005471060830150032,0.3721084523822463,0.0,-1.9771398570723515,0.0,517,1.9984014443252818e-15
driven_dt1e-3,180,3,-2.4330203253846303,0.19025723976725073,1,0.28469610667655904,0.2664938684361048,0.0,-2.644808086770735,0.0,517,1.9984014443252818e-15
driven_dt1e-3,180,4,-2.6464198717560925,3.045678744368468,1,0.28231918386486904,0.04462225585564655,0.24806004961896197,-2.7563227897668687,2.785629767845117,517,1.9984014443252818e-15
driven_dt1e-3,180,5,-2.9498543094339507,5.367773635409873,1,0.08843049173137728,-0.21358213120727915,0.10721880969727175,-2.8627200169882716,5.352688313144702,517,1.9984014443252818e-15
driven_dt1e-3,180,6,-2.9778280760975364,0.0,1,0.33301998932680155,0.2664938684361048,0.0,-2.644808086770735,0.0,517,1.9984014443252818e-15
driven_dt1e-3,181,0,-0.9003294425796398,0.0,1,0.009604162469643795,0.6405919296132198,0.0,-0.890725280109996,0.0,517,1.0436096431476471e-14
driven_dt1e-3,181,1,-1.7219560332019352,0.0,1,0.14666907441843313,0.45491555102886766,0.0,-1.5752869587835021,0.0,517,1.0436096431476471e-14
driven_dt1e-3,181,2,-1.9826109179025015,0.0,1,0.07921627313179935,0.386085156024751,0.0,-1.9033946447707022,0.0,517,1.0436096431476471e-14
driven_dt1e-3,181,3,-2.4330203253846303,0.19025723976725073,1,0.060325783003656985,0.3034110761729277,0.031329617091013645,-2.374727640383497,0.20578666249840688,517,1.0436096431476471e-14
driven_dt1e-3,181,4,-2.6464198717560925,3.045678744368468,1,0.05974163701124006,0.01667453312012896,0.2730234266368167,-2.5926723015043462,3.0195969138189,517,1.0436096431476471e-14
driven_dt1e-3,181,5,-2.9498543094339507,5.367773635409873,1,0.2057119903942232,-0.18579337928291362,0.11327176443947834,-3.050195377967494,5.1881933108821014,517,1.0436096431476471e-14
driven_dt1e-3,181,6,-2.9778280760975364,0.0,1,0.2129244366843266,0.202832197232885,0.0,-3.190752512781863,0.0,517,1.0436096431476471e-14
driven_dt1e-3,182,0,-0.9003294425796398,0.0,1,0.020758602371290347,0.6309403064159357,0.0,-0.9210880449509301,0.0,518,1.7896795156957523e-13
driven_dt1e-3,182,1,-1.7219560332019352,0.0,1,0.039904948639164495,0.4143971394548735,0.0,-1.7618609818410997,0.0,518,1.7896795156957523e-13
driven_dt1e-3,182,2,-1.9826109179025015,0.0,1,0.048209798072110344,0.36225374560975515,0.0,-2.030820715974612,0.0,518,1.7896795156957523e-13
driven_dt1e-3,182,3,-2.4330203253846303,0.19025723976725073,1,0.19380306681025292,0.29084595178625994,0.0,-2.46992305456834,0.0,518,1.7896795156957523e-13
driven_dt1e-3,182,4,-2.6464198717560925,3.045678744368468,1,0.5361760340186924,-0.05978887302237425,0.27210491030946593,-2.555984373117184,3.574172982787342,518,1.7896795156957523e-13
driven_dt1e-3,182,5,-2.9498543094339507,5.367773635409873,1,0.05934070687220386,-0.2095672504172023,0.10645673275552167,-2.8958603616269123,5.343157114690981,518,1.7896795156957523e-13
driven_dt1e-3,182,6,-2.9778280760975364,0.0,1,0.07725606719010969,0.21706855109962708,0.0,-3.055084143287646,0.0,518,1.7896795156957523e-13
driven_dt1e-3,183,0,-0.9003294425796398,0.0,1,0.009251874732242982,0.6404791032096108,0.0,-0.8910775678473968,0.0,517,1.5898393712632242e-13
driven_dt1e-3,183,1,-1.7219560332019352,0.0,1,0.05794172251665741,0.41067674689014655,0.0,-1.7798977557185927,0.0,517,1.5898393712632242e-13
driven_dt1e-3,183,2,-1.9826109179025015,0.0,1,0.2027131621839089,0.41067674689014655,0.0,-1.7798977557185927,0.0,517,1.5898393712632242e-13
driven_dt1e-3,183,3,-2.4330203253846303,0.19025723976725073,1,0.30718557404187546,0.3342310055170079,0.0,-2.1918457835781133,0.0,517,1.5898393712632242e-13
driven_dt1e-3,183,4,-2.6464198717560925,3.045678744368468,1,0.4080997045910953,-0.03740144368346697,0.2494836770045899,-2.7544977852250154,3.4392070578448215,517,1.5898393712632242e-13
driven_dt1e-3,183,5,-2.9498543094339507,5.367773635409873,1,0.2458441028518869,-0.235003586689441,0.10152609151826886,-2.7251826314066334,5.467583254182006,517,1.5898393712632242e-13
driven_dt1e-3,183,6,-2.9778280760975364,0.0,1,0.26596837368982973,0.25770755332860873,0.0,-2.7118597024077067,0.0,517,1.5898393712632242e-13
driven_dt1e-3,184,0,-0.9003294425796398,0.0,1,0.0029252634423224677,0.6365913493797821,0.0,-0.9032547060219622,0.0,516,1.488809076022335e-13
driven_dt1e-3,184,1,-1.7219560332019352,0.0,1,0.03655029693399925,0.430545242322203,0.0,-1.685405736267936,0.0,516,1.488809076022335e-13
driven_dt1e-3,184,2,-1.9826109179025015,0.0,1,0.0980004227950051,0.3897283786301681,0.0,-1.8846104951074965,0.0,516,1.488809076022335e-13
driven_dt1e-3,184,3,-2.4330203253846303,0.19025723976725073,1,0.21584291722497395,0.2815411418046679,0.0,-2.5349533800447053,0.0,516,1.488809076022335e-13
driven_dt1e-3,184,4,-2.6464198717560925,3.045678744368468,1,0.19922643582765337,0.030342125050603203,0.2872939190599863,-2.4834064898136767,2.931145735850023,516,1.488809076022335e-13
driven_dt1e-3,184,5,-2.9498543094339507,5.367773635409873,1,0.1369906377798071,-0.20561886897511772,0.0856465510451844,-3.0034731371907704,5.493834954414962,516,1.488809076022335e-13
driven_dt1e-3,184,6,-2.9778280760975364,0.0,1,0.26696643325479785,0.19742485369279428,0.0,-3.2447945093523343,0.0,516,1.488809076022335e-13
driven_dt1e-3,185,0,-0.9003294425796398,0.0,1,6.838708234058188e-05,0.6375449288862228,0.0,-0.9002610554972992,0.0,516,2.453592884421596e-13
driven_dt1e-3,185,1,-1.7219560332019352,0.0,1,0.04589879398089014,0.4131570823786186,0.0,-1.7678548271828254,0.0,516,2.453592884421596e-13
driven_dt1e-3,185,2,-1.9826109179025015,0.0,1,0.21475609071967616,0.4131570823786186,0.0,-1.7678548271828254,0.0,516,2.453592884421596e-13
driven_dt1e-3,185,3,-2.4330203253846303,0.19025723976725073,1,0.25019980213143744,0.3092978432629936,0.063587567993593,-2.3055040023633633,0.40552341999476893,516,2.453592884421596e-13
driven_dt1e-3,185,4,-2.6464198717560925,3.045678744368468,1,0.6618413187484682,0.03722126528761582,0.1939111337270973,-3.244528294667579,2.7623057646314333,516,2.453592884421596e-13
driven_dt1e-3,185,5,-2.9498543094339507,5.367773635409873,1,0.3283531744103494,-0.1707959003504042,0.1090517598379327,-3.1926349991771232,5.146700471427487,516,2.453592884421596e-13
driven_dt1e-3,185,6,-2.9778280760975364,0.0,1,0.1605674594440556,0.20821214987184403,0.0,-3.138395535541592,0.0,516,2.453592884421596e-13
driven_dt1e-3,186,0,-0.9003294425796398,0.0,1,0.006615531344855929,0.6354178360455438,0.0,-0.9069449739244957,0.0,517,1.4210854715202004e-14
driven_dt1e-3,186,1,-1.7219560332019352,0.0,1,0.015243785139317456,0.41953853028719174,0.0,-1.7371998183412527,0.0,517,1.4210854715202004e-14
driven_dt1e-3,186,2,-1.9826109179025015,0.0,1,0.07018534302815937,0.3582951716555064,0.0,-2.052796260930661,0.0,517,1.4210854715202004e-14
driven_dt1e-3,186,3,-2.4330203253846303,0.19025723976725073,1,0.2668501133364353,0.2698021093686678,0.0,-2.6201330339423743,0.0,517,1.4210854715202004e-14
driven_dt1e-3,186,4,-2.6464198717560925,3.045678744368468,1,0.1548813752748259,0.03257869136212722,0.27274934673488116,-2.5842376823650715,2.9038280632648488,517,1.4210854715202004e-14
driven_dt1e-3,186,5,-2.9498543094339507,5.367773635409873,1,0.203298971590381,-0.20576389664404404,0.1249476840703788,-2.848162545047892,5.191735977774477,517,1.4210854715202004e-14
driven_dt1e-3,186,6,-2.9778280760975364,0.0,1,0.2471071334414474,0.2552886351666826,0.0,-2.730720942656089,0.0,517,1.4210854715202004e-14
driven_dt1e-3,187,0,-0.9003294425796398,0.0,1,0.01592937132151384,0.6324656254635141,0.0,-0.9162588139011536,0.0,517,5.773159728050814e-15
driven_dt1e-3,187,1,-1.7219560332019352,0.0,1,0.08028399841084766,0.44006359985276733,0.0,-1.6416720347910876,0.0,517,5.773159728050814e-15
driven_dt1e-3,187,2,-1.9826109179025015,0.0,1,0.023387050599584347,0.3667778292052049,0.0,-2.005997968502086,0.0,517,5.773159728050814e-15
driven_dt1e-3,187,3,-2.4330203253846303,0.19025723976725073,1,0.2177215600586821,0.28098986740481985,0.0,-2.538873338712231,0.0,517,5.773159728050814e-15
driven_dt1e-3,187,4,-2.6464198717560925,3.045678744368468,1,0.14167274449976894,-0.0004955229821379045,0.2800568482732845,-2.545522203096215,3.145131381302329,517,5.773159728050814e-15
driven_dt1e-3,187,5,-2.9498543094339507,5.367773635409873,1,0.34519575091927684,-0.1916656399647488,0.13885248660717586,-2.882122724476969,5.029287980097955,517,5.773159728050814e-15
driven_dt1e-3,187,6,-2.9778280760975364,0.0,1,0.2657682236609076,0.2576817645319113,0.0,-2.712059852436629,0.0,517,5.773159728050814e-15
driven_dt1e-3,188,0,-0.9003294425796398,0.0,1,0.004882145156863138,0.6390812705634824,0.0,-0.8954472974227766,0.0,517,4.872768855079812e-13
driven_dt1e-3,188,1,-1.7219560332019352,0.0,1,0.07292325319781923,0.4076119568905455,0.0,-1.7948792863997545,0.0,517,4.872768855079812e-13
driven_dt1e-3,188,2,-1.9826109179025015,0.0,1,0.09288018457803404,0.354252426327164,0.0,-2.0754911024805356,0.0,517,4.872768855079812e-13
driven_dt1e-3,188,3,-2.4330203253846303,0.19025723976725073,1,0.1348205944517457,0.2938139235430573,0.04812656305035761,-2.423140606355804,0.3247153516096886,517,4.872768855079812e-13
driven_dt1e-3,188,4,-2.6464198717560925,3.045678744368468,1,0.6170426555736094,-0.029954920146817672,0.2069437495614579,-3.1298807085429723,3.429093999790917,517,4.872768855079812e-13
driven_dt1e-3,188,5,-2.9498543094339507,5.367773635409873,1,0.40362237859054706,-0.1720114417639093,0.13119598866823728,-3.0618651628274107,4.98000489863348,517,4.872768855079812e-13
driven_dt1e-3,188,6,-2.9778280760975364,0.0,1,0.19815464169049912,0.2043356367592066,0.0,-3.1759827177880355,0.0,517,4.872768855079812e-13
driven_dt1e-3,189,0,-0.9003294425796398,0.0,1,0.0014749516228416137,0.6379934606349227,0.0,-0.8988544909567981,0.0,517,1.170175067954915e-13
driven_dt1e-3,189,1,-1.7219560332019352,0.0,1,0.00170403165257893,0.4231087669265232,0.0,-1.7202520015493563,0.0,517,1.170175067954915e-13
driven_dt1e-3,189,2,-1.9826109179025015,0.0,1,0.11994355771774767,0.3940278526836154,0.0,-1.8626673601847539,0.0,517,1.170175067954915e-13
driven_dt1e-3,189,3,-2.4330203253846303,0.19025723976725073,1,0.21481354900815555,0.31141067809974904,0.0,-2.333285459095924,0.0,517,1.170175067954915e-13
driven_dt1e-3,189,4,-2.6464198717560925,3.045678744368468,1,0.052753619078986506,0.0062913288336024515,0.2687832619874043,-2.627152159811189,3.094787802619864,517,1.170175067954915e-13
driven_dt1e-3,189,5,-2.9498543094339507,5.367773635409873,1,0.38707995137129375,-0.2148183488982498,0.05854893570882822,-3.004270603650254,5.751009536229939,517,1.170175067954915e-13
driven_dt1e-3,189,6,-2.9778280760975364,0.0,1,0.08676272221410386,0.2160392015395909,0.0,-3.0645907983116403,0.0,517,1.170175067954915e-13
driven_dt1e-3,190,0,-0.9003294425796398,0.0,1,0.0010199078788811766,0.6371981047896801,0.0,-0.9013493504585209,0.0,517,1.6364687382974807e-13
driven_dt1e-3,190,1,-1.7219560332019352,0.0,1,0.09503119101932933,0.4433204437561749,0.0,-1.626924842182606,0.0,517,1.6364687382974807e-13
driven_dt1e-3,190,2,-1.9826109179025015,0.0,1,0.09611279559083963,0.38936072121262705,0.0,-1.886498122311662,0.0,517,1.6364687382974807e-13
driven_dt1e-3,190,3,-2.4330203253846303,0.19025723976725073,1,0.21892697475987785,0.26867184223153395,0.044813652410667246,-2.6010878686568133,0.33055093590490725,517,1.6364687382974807e-13
driven_dt1e-3,190,4,-2.6464198717560925,3.045678744368468,1,0.2992448826211115,0.0026555762651359204,0.23029433527985932,-2.9366611788282637,3.1185312216356165,517,1.6364687382974807e-13
driven_dt1e-3,190,5,-2.9498543094339507,5.367773635409873,1,0.3854827093047461,-0.17518264985928117,0.13201304789432614,-3.0341320867156485,4.991616520058609,517,1.6364687382974807e-13
driven_dt1e-3,190,6,-2.9778280760975364,0.0,1,0.024135746021288984,0.2229111737066907,0.0,-3.0019638221188254,0.0,517,1.6364687382974807e-13
driven_dt1e-3,191,0,-0.9003294425796398,0.0,1,0.006799959763337138,0.6353592441937976,0.0,-0.9071294023429769,0.0,517,6.616929226765933e-14
driven_dt1e-3,191,1,-1.7219560332019352,0.0,1,0.05998316271051962,0.41025777474427433,0.0,-1.7819391959124549,0.0,517,6.616929226765933e-14
driven_dt1e-3,191,2,-1.9826109179025015,0.0,1,0.014787734076034953,0.373845902485506,0.0,-1.9678231838264666,0.0,517,6.616929226765933e-14
driven_dt1e-3,191,3,-2.4330203253846303,0.19025723976725073,1,0.2044767157210606,0.3075706431160854,0.0,-2.3581009688189316,0.0,517,6.616929226765933e-14
driven_dt1e-3,191,4,-2.6464198717560925,3.045678744368468,1,0.07925247913461908,0.0026987138751138305,0.2630331398934646,-2.6708452335054638,3.1210734202573898,517,6.616929226765933e-14
driven_dt1e-3,191,5,-2.9498543094339507,5.367773635409873,1,0.404454235755071,-0.2041084519124578,0.0566514134747605,-3.103993820006804,5.741704431280686,517,6.616929226765933e-14
driven_dt1e-3,191,6,-2.9778280760975364,0.0,1,0.12534980609147622,0.23804208754375328,0.0075323760487113365,-2.8696147838197668,0.06326497657927875,517,6.616929226765933e-14
driven_dt1e-3,192,0,-0.9003294425796398,0.0,1,0.004645283072943984,0.6390055879843846,0.0,-0.8956841595066958,0.0,516,5.848654893725325e-13
driven_dt1e-3,192,1,-1.7219560332019352,0.0,1,0.037260709465356534,0.41494538437251477,0.0,-1.7592167426672918,0.0,516,5.848654893725325e-13
driven_dt1e-3,192,2,-1.9826109179025015,0.0,1,0.14232475723337035,0.3456018677948215,0.0,-2.124935675135872,0.0,516,5.848654893725325e-13
driven_dt1e-3,192,3,-2.4330203253846303,0.19025723976725073,1,0.23411267616453005,0.2767277522487814,0.0,-2.5694421999395014,0.0,516,5.848654893725325e-13
driven_dt1e-3,192,4,-2.6464198717560925,3.045678744368468,1,0.5757431532037616,0.028812630810622842,0.20082886536776898,-3.1902300398064605,2.856600243247794,516,5.848654893725325e-13
driven_dt1e-3,192,5,-2.9498543094339507,5.367773635409873,1,0.14169593520604526,-0.2166625378733118,0.08932581815283042,-2.9018457046688737,5.5010887205369,516,5.848654893725325e-13
driven_dt1e-3,192,6,-2.9778280760975364,0.0,1,0.23587555054727938,0.2538590054411659,0.0,-2.741952525550257,0.0,516,5.848654893725325e-13
driven_dt1e-3,193,0,-0.9003294425796398,0.0,1,0.0042873897933281,0.6388912503120725,0.0,-0.8960420527863117,0.0,517,3.5416114485542494e-14
driven_dt1e-3,193,1,-1.7219560332019352,0.0,1,0.02291561309503609,0.4276200505390651,0.0,-1.6990404201068992,0.0,517,3.5416114485542494e-14
driven_dt1e-3,193,2,-1.9826109179025015,0.0,1,0.034495062313151914,0.3647463895295679,0.0,-2.0171059802156535,0.0,517,3.5416114485542494e-14
driven_dt1e-3,193,3,-2.4330203253846303,0.19025723976725073,1,0.2224695179146989,0.2796652709066887,0.0,-2.5483237039879714,0.0,517,3.5416114485542494e-14
driven_dt1e-3,193,4,-2.6464198717560925,3.045678744368468,1,0.41013440861714995,-0.01646065696964978,0.22504314535648018,-2.9775904265547704,3.2876214995112396,517,3.5416114485542494e-14
driven_dt1e-3,193,5,-2.9498543094339507,5.367773635409873,1,0.2465806032521589,-0.1852547030725652,0.12027902167355059,-3.0203047580223936,5.131471438649272,517,3.5416114485542494e-14
driven_dt1e-3,193,6,-2.9778280760975364,0.0,1,0.25732678493741296,0.2022288228996281,0.014512713850355572,-3.1915740416947553,0.14328201714499308,517,3.5416114485542494e-14
driven_dt1e-3,194,0,-0.9003294425796398,0.0,1,0.003407168837495589,0.6386101294452183,0.0,-0.8969222737421442,0.0,517,5.369038547087257e-13
driven_dt1e-3,194,1,-1.7219560332019352,0.0,1,0.10747837045212649,0.4006299074780508,0.0,-1.8294344036540617,0.0,517,5.369038547087257e-13
driven_dt1e-3,194,2,-1.9826109179025015,0.0,1,0.06541792448504347,0.35915026191653754,0.0,-2.048028842387545,0.0,517,5.369038547087257e-13
driven_dt1e-3,194,3,-2.4330203253846303,0.19025723976725073,1,0.16688054803369098,0.29783902794599615,0.05294274938852841,-2.3912958627998666,0.35183751868159624,517,5.369038547087257e-13
driven_dt1e-3,194,4,-2.6464198717560925,3.045678744368468,1,0.5074906763032665,0.03515162814882983,0.3392910163044618,-2.1511177468908023,2.935122913953807,517,5.369038547087257e-13
driven_dt1e-3,194,5,-2.9498543094339507,5.367773635409873,1,0.5190543717432853,-0.2223632086237802,0.16408737045394453,-2.5721645222786766,5.011728883300787,517,5.369038547087257e-13
driven_dt1e-3,194,6,-2.9778280760975364,0.0,1,0.00018156929424728574,0.22559705293027355,0.0,-2.9780096453917837,0.0,517,5.369038547087257e-13
driven_dt1e-3,195,0,-0.9003294425796398,0.0,1,0.006442811363181256,0.6395801614597373,0.0,-0.8938866312164585,0.0,517,8.926193117986259e-14
driven_dt1e-3,195,1,-1.7219560332019352,0.0,1,0.12903160029851857,0.3963356535583862,0.0,-1.8509876335004538,0.0,517,8.926193117986259e-14
driven_dt1e-3,195,2,-1.9826109179025015,0.0,1,0.13162328440204774,0.3963356535583862,0.0,-1.8509876335004538,0.0,517,8.926193117986259e-14
driven_dt1e-3,195,3,-2.4330203253846303,0.19025723976725073,1,0.21258103682773175,0.3106480236358367,0.0,-2.3381895290424066,0.0,517,8.926193117986259e-14
driven_dt1e-3,195,4,-2.6464198717560925,3.045678744368468,1,0.5418039309844003,-0.01603689653084909,0.20873676814929276,-3.1274773670696723,3.294948048200235,517,8.926193117986259e-14
driven_dt1e-3,195,5,-2.9498543094339507,5.367773635409873,1,0.5690215349448872,-0.1583691477514379,0.06911366335810736,-3.511319702664479,5.4601972224184046,517,8.926193117986259e-14
driven_dt1e-3,195,6,-2.9778280760975364,0.0,1,0.4878403256861494,0.1860461888900971,0.031099006617569588,-3.335962248470849,0.3312523176432893,517,8.926193117986259e-14
driven_dt1e-3,196,0,-0.9003294425796398,0.0,1,0.006206670098994893,0.6355477481881454,0.0,-0.9065361126786347,0.0,517,6.661338147750939e-16
driven_dt1e-3,196,1,-1.7219560332019352,0.0,1,0.014495462634390943,0.4258235223692566,0.0,-1.7074605705675443,0.0,517,6.661338147750939e-16
driven_dt1e-3,196,2,-1.9826109179025015,0.0,1,0.13295631491663618,0.3472245408890909,0.0,-2.1155672328191377,0.0,517,6.661338147750939e-16
driven_dt1e-3,196,3,-2.4330203253846303,0.19025723976725073,1,0.2407376434308991,0.31893778141225454,0.0,-2.2855184756307727,0.0,517,6.661338147750939e-16
driven_dt1e-3,196,4,-2.6464198717560925,3.045678744368468,1,0.5441369407207005,0.07027718449977799,0.22871288205271575,-2.8603544477705194,2.5453618373561118,517,6.661338147750939e-16
driven_dt1e-3,196,5,-2.9498543094339507,5.367773635409873,1,0.10489899126909188,-0.19413532342068762,0.10503941525601387,-3.0216286579689324,5.29127369252328,517,6.661338147750939e-16
driven_dt1e-3,196,6,-2.9778280760975364,0.0,1,0.01597083416136824,0.22742639737306847,0.0,-2.961857241936168,0.0,517,6.661338147750939e-16
driven_dt1e-3,197,0,-0.9003294425796398,0.0,1,0.003493216577830305,0.6386376055155744,0.0,-0.8968362260018095,0.0,517,1.199040866595169e-14
driven_dt1e-3,197,1,-1.7219560332019352,0.0,1,0.09315714086019544,0.40350895951074023,0.0,-1.8151131740621307,0.0,517,1.199040866595169e-14
driven_dt1e-3,197,2,-1.9826109179025015,0.0,1,0.16749774384037086,0.40350895951074023,0.0,-1.8151131740621307,0.0,517,1.199040866595169e-14
driven_dt1e-3,197,3,-2.4330203253846303,0.19025723976725073,1,0.16134089095083146,0.2849819817305709,0.04955594048570648,-2.48086856007557,0.34433978105525276,517,1.199040866595169e-14
driven_dt1e-3,197,4,-2.6464198717560925,3.045678744368468,1,0.3480473681538239,0.03428206697043091,0.22852907752450954,-2.9299295632784395,2.8437896032743835,517,1.199040866595169e-14
driven_dt1e-3,197,5,-2.9498543094339507,5.367773635409873,1,0.5366044459494427,-0.21391797193219955,0.16738672642300287,-2.6066782279898435,4.95525150444309,517,1.199040866595169e-14
driven_dt1e-3,197,6,-2.9778280760975364,0.0,1,0.2925070486124044,0.261149950474804,0.0,-2.685321027485132,0.0,517,1.199040866595169e-14
driven_dt1e-3,198,0,-0.9003294425796398,0.0,1,0.011626027671858052,0.6338279490410303,0.0,-0.9119554702514978,0.0,517,1.0413891970983968e-13
driven_dt1e-3,198,1,-1.7219560332019352,0.0,1,0.004524784437115681,0.42179308343005467,0.0,-1.726480817639051,0.0,517,1.0413891970983968e-13
driven_dt1e-3,198,2,-1.9826109179025015,0.0,1,0.1083966440299331,0.3515146883548551,0.0,-2.0910075619324346,0.0,517,1.0413891970983968e-13
driven_dt1e-3,198,3,-2.4330203253846303,0.19025723976725073,1,0.23858279941842062,0.2756869728408412,0.0,-2.576978426561595,0.0,517,1.0413891970983968e-13
driven_dt1e-3,198,4,-2.6464198717560925,3.045678744368468,1,0.445663677081091,-0.03731807410903507,0.239696267527498,-2.832815454753702,3.4504907991647897,517,1.0413891970983968e-13
driven_dt1e-3,198,5,-2.9498543094339507,5.367773635409873,1,0.42624116453941296,-0.25713808828374657,0.11703102484639548,-2.528028070678701,5.428963133246627,517,1.0413891970983968e-13
driven_dt1e-3,198,6,-2.9778280760975364,0.0,1,0.3309923751168647,0.20165945529412305,0.026114225045593065,-3.185719408137977,0.2575599861157679,517,1.0413891970983968e-13
driven_dt1e-3,199,0,-0.9003294425796398,0.0,1,0.014216342321118236,0.6420708968689186,0.0,-0.8861131002585215,0.0,517,3.552713678800501e-15
driven_dt1e-3,199,1,-1.7219560332019352,0.0,1,0.018531336021759603,0.4266836748548275,0.0,-1.7034246971801756,0.0,517,3.552713678800501e-15
driven_dt1e-3,199,2,-1.9826109179025015,0.0,1,0.032038314348769914,0.3770843781796212,0.0,-1.9505726035537316,0.0,517,3.552713678800501e-15
driven_dt1e-3,199,3,-2.4330203253846303,0.19025723976725073,1,0.20813161556757678,0.309029883731269,0.0,-2.348634591312357,0.0,517,3.552713678800501e-15
driven_dt1e-3,199,4,-2.6464198717560925,3.045678744368468,1,0.14541498703972816,0.03033961387357748,0.2749412142431768,-2.5702924815860797,2.921783066793877,517,3.552713678800501e-15
driven_dt1e-3,199,5,-2.9498543094339507,5.367773635409873,1,0.4387365371336592,-0.2493872884941904,0.13557745971918686,-2.518563534545307,5.287287509201762,517,3.552713678800501e-15
driven_dt1e-3,199,6,-2.9778280760975364,0.0,1,0.06390075514042826,0.21852291066986837,0.0,-3.0417288312379647,0.0,517,3.552713678800501e-15
driven_dt1e-3,200,0,-0.9003294425796398,0.0,1,0.007748768940331607,0.6399979301209571,0.0,-0.8925806736393082,0.0,517,5.928590951498336e-14
driven_dt1e-3,200,1,-1.7219560332019352,0.0,1,0.22905655645007594,0.37700143136167874,0.0,-1.9510125896520112,0.0,517,5.928590951498336e-14
driven_dt1e-3,200,2,-1.9826109179025015,0.0,1,0.03159832825049036,0.37700143136167874,0.0,-1.9510125896520112,0.0,517,5.928590951498336e-14
driven_dt1e-3,200,3,-2.4330203253846303,0.19025723976725073,1,0.19121661191397038,0.29910968868217375,0.0,-2.413889842170534,0.0,517,5.928590951498336e-14
driven_dt1e-3,200,4,-2.6464198717560925,3.045678744368468,1,0.5706958488759174,0.0018829613259889765,0.2006922845954695,-3.2118769085357535,3.1228285433349527,517,5.928590951498336e-14
driven_dt1e-3,200,5,-2.9498543094339507,5.367773635409873,1,0.28223783869649033,-0.21185229271402067,0.1342512735170219,-2.7661328325076147,5.153520008817295,517,5.928590951498336e-14
driven_dt1e-3,200,6,-2.9778280760975364,0.0,1,0.10819691293333111,0.21373625132608706,0.0,-3.0860249890308675,0.0,517,5.928590951498336e-14
driven_dt1e-3,201,0,-0.9003294425796398,0.0,1,0.0074164272591125124,0.639891589962482,0.0,-0.8929130153205272,0.0,518,2.4202861936828413e-14
driven_dt1e-3,201,1,-1.7219560332019352,0.0,1,0.05079333781847262,0.43362232280772783,0.0,-1.6711626953834626,0.0,518,2.4202861936828413e-14
driven_dt1e-3,201,2,-1.9826109179025015,0.0,1,0.020824624556605054,0.367248050898732,0.0,-2.0034355424591066,0.0,518,2.4202861936828413e-14
driven_dt1e-3,201,3,-2.4330203253846303,0.19025723976725073,1,0.20716718499115439,0.2843642584068936,0.0,-2.514998525250851,0.0,518,2.4202861936828413e-14
driven_dt1e-3,201,4,-2.6464198717560925,3.045678744368468,1,0.48184057388630447,0.01903215518171586,0.20920824357447845,-3.1206083832040687,2.960147497131942,518,2.4202861936828413e-14
driven_dt1e-3,201,5,-2.9498543094339507,5.367773635409873,1,0.1983575430824369,-0.18394728230103208,0.10603033008683828,-3.099338028277731,5.23738831147219,518,2.4202861936828413e-14
driven_dt1e-3,201,6,-2.9778280760975364,0.0,1,0.3183204116322691,0.2645423750908868,0.0,-2.6595076644652673,0.0,518,2.4202861936828413e-14
driven_dt1e-3,202,0,-0.9003294425796398,0.0,1,0.011902198678085285,0.6337404326323123,0.0,-0.912231641257725,0.0,517,2.355893258254582e-13
driven_dt1e-3,202,1,-1.7219560332019352,0.0,1,0.0326629367107365,0.42970921284767744,0.0,-1.6892930964911987,0.0,517,2.355893258254582e-13
driven_dt1e-3,202,2,-1.9826109179025015,0.0,1,0.15927518613304037,0.3426851950231232,0.0,-2.141886104035542,0.0,517,2.355893258254582e-13
driven_dt1e-3,202,3,-2.4330203253846303,0.19025723976725073,1,0.16874408875740643,0.2939297941162566,0.003269173608592379,-2.4487049735904827,0.02224367096631694,517,2.355893258254582e-13
driven_dt1e-3,202,4,-2.6464198717560925,3.045678744368468,1,0.3880581554257205,0.006523723699558479,0.3225884145253936,-2.262347165101113,3.1011520532217407,517,2.355893258254582e-13
driven_dt1e-3,202,5,-2.9498543094339507,5.367773635409873,1,0.018231577625778397,-0.20316892293597122,0.1010452747897521,-2.966411192686339,5.3601408089549105,517,2.355893258254582e-13
driven_dt1e-3,202,6,-2.9778280760975364,0.0,1,0.13548586077499536,0.24143110944988502,0.0,-2.842342215322541,0.0,517,2.355893258254582e-13
driven_dt1e-3,203,0,-0.9003294425796398,0.0,1,0.01767662426538319,0.6431827315726469,0.0,-0.8826528183142566,0.0,517,1.496580637194711e-13
driven_dt1e-3,203,1,-1.7219560332019352,0.0,1,0.09286507741587857,0.4428405624504858,0.0,-1.6290909557860567,0.0,517,1.496580637194711e-13
driven_dt1e-3,203,2,-1.9826109179025015,0.0,1,0.07820653230577435,0.3858902822497118,0.0,-1.9044043855967272,0.0,517,1.496580637194711e-13
driven_dt1e-3,203,3,-2.4330203253846303,0.19025723976725073,1,0.19069568275830293,0.2943540182503073,0.0,-2.445944184669,0.0,517,1.496580637194711e-13
driven_dt1e-3,203,4,-2.6464198717560925,3.045678744368468,1,0.3657497621392703,0.05108106980777685,0.30140303750789027,-2.370295929014527,2.80582783911734,517,1.496580637194711e-13
driven_dt1e-3,203,5,-2.9498543094339507,5.367773635409873,1,0.1728383518461808,-0.19148299442219663,0.11496008864977107,-2.998103900935193,5.201806551959969,517,1.496580637194711e-13
driven_dt1e-3,203,6,-2.9778280760975364,0.0,1,0.06714282102351232,0.21816896478966322,0.0,-3.0449708971210487,0.0,517,1.496580637194711e-13
driven_dt1e-3,204,0,-0.9003294425796398,0.0,1,0.003991293684124542,0.6362521269780939,0.0,-0.9043207362637643,0.0,517,1.375566327510569e-13
driven_dt1e-3,204,1,-1.7219560332019352,0.0,1,0.038544318699679225,0.4146791559514082,0.0,-1.7605003519016145,0.0,517,1.375566327510569e-13
driven_dt1e-3,204,2,-1.9826109179025015,0.0,1,0.0583896642749242,0.36041458285721556,0.0,-2.0410005821774257,0.0,517,1.375566327510569e-13
driven_dt1e-3,204,3,-2.4330203253846303,0.19025723976725073,1,0.4357491208804623,0.36041458285721556,0.0,-2.0410005821774257,0.0,517,1.375566327510569e-13
driven_dt1e-3,204,4,-2.6464198717560925,3.045678744368468,1,0.47666240979464136,0.06384698380965548,0.23368093725125524,-2.835601491215302,2.6081660385300824,517,1.375566327510569e-13
driven_dt1e-3,204,5,-2.9498543094339507,5.367773635409873,1,0.1885146669025422,-0.2143135646642368,0.08151927259075636,-2.945501323000339,5.556238038272815,517,1.375566327510569e-13
driven_dt1e-3,204,6,-2.9778280760975364,0.0,1,0.14694811121707804,0.2249332424003182,0.016556387736374228,-2.9785000545442974,0.1469465747652317,517,1.375566327510569e-13
driven_dt1e-3,205,0,-0.9003294425796398,0.0,1,0.001994125141750569,0.638159096787468,0.0,-0.8983353174378892,0.0,516,1.8995915951336428e-13
driven_dt1e-3,205,1,-1.7219560332019352,0.0,1,0.10123167652272547,0.4018831698513267,0.0,-1.8231877097246607,0.0,516,1.8995915951336428e-13
driven_dt1e-3,205,2,-1.9826109179025015,0.0,1,0.02405827524760329,0.3755828017901631,0.0,-1.9585526426548983,0.0,516,1.8995915951336428e-13
driven_dt1e-3,205,3,-2.4330203253846303,0.19025723976725073,1,0.16948766865260897,0.2746554508854393,0.014925175834462205,-2.581527103639559,0.1085761119736288,516,1.8995915951336428e-13
driven_dt1e-3,205,4,-2.6464198717560925,3.045678744368468,1,0.4113431241879284,0.06828676209963133,0.26597535534784267,-2.584868809087476,2.6389667670417,516,1.8995915951336428e-13
driven_dt1e-3,205,5,-2.9498543094339507,5.367773635409873,1,0.3682671886568414,-0.16842382297775016,0.0897618317346342,-3.312533679487027,5.303864349862955,516,1.8995915951336428e-13
driven_dt1e-3,205,6,-2.9778280760975364,0.0,1,0.2612538184110217,0.20254128871218668,0.015808962342592717,-3.187549243265291,0.15579021046308958,516,1.8995915951336428e-13
driven_dt1e-3,206,0,-0.9003294425796398,0.0,1,0.001645170682046615,0.6369989277892085,0.0,-0.9019746132616864,0.0,517,9.137135492665038e-14
driven_dt1e-3,206,1,-1.7219560332019352,0.0,1,0.07045877384042254,0.408114542106466,0.0,-1.7924148070423578,0.0,517,9.137135492665038e-14
driven_dt1e-3,206,2,-1.9826109179025015,0.0,1,0.10620148686475539,0.3519007151568807,0.0,-2.088812404767257,0.0,517,9.137135492665038e-14
driven_dt1e-3,206,3,-2.4330203253846303,0.19025723976725073,1,0.21576905304736377,0.2815631733366278,0.0,-2.5347968795073896,0.0,517,9.137135492665038e-14
driven_dt1e-3,206,4,-2.6464198717560925,3.045678744368468,1,0.399806620158433,0.055717875210643766,0.2384871961723512,-2.8137336963100097,2.6825652392001107,517,9.137135492665038e-14
driven_dt1e-3,206,5,-2.9498543094339507,5.367773635409873,1,0.33184303260370773,-0.1843211390158267,0.1325500595393927,-2.965323336236234,5.036291347048314,517,9.137135492665038e-14
driven_dt1e-3,206,6,-2.9778280760975364,0.0,1,0.14220522707090336,0.2103421652830142,0.0025881338788286863,-3.117888044707678,0.024607555734230752,517,9.137135492665038e-14
driven_dt1e-3,207,0,-0.9003294425796398,0.0,1,0.004969559855595329,0.6359409911115459,0.0,-0.9052990024352351,0.0,517,8.970602038971265e-14
driven_dt1e-3,207,1,-1.7219560332019352,0.0,1,0.10014277502859636,0.4021020350186304,0.0,-1.8220988082305316,0.0,517,8.970602038971265e-14
driven_dt1e-3,207,2,-1.9826109179025015,0.0,1,0.16051210967196994,0.4021020350186304,0.0,-1.8220988082305316,0.0,517,8.970602038971265e-14
driven_dt1e-3,207,3,-2.4330203253846303,0.19025723976725073,1,0.3296757179079145,0.33895363810774026,0.0,-2.1637838833968384,0.0,517,8.970602038971265e-14
driven_dt1e-3,207,4,-2.6464198717560925,3.045678744368468,1,0.5421627790032407,0.00319703020687751,0.20341834410280266,-3.184734245442795,3.110162184248874,517,8.970602038971265e-14
driven_dt1e-3,207,5,-2.9498543094339507,5.367773635409873,1,0.699175927593663,-0.14629473924132347,0.1492380335495605,-3.1309990822868783,4.692471074334824,517,8.970602038971265e-14
driven_dt1e-3,207,6,-2.9778280760975364,0.0,1,0.08258767318980942,0.23512918288910845,0.0,-2.895240402907727,0.0,517,8.970602038971265e-14
driven_dt1e-3,208,0,-0.9003294425796398,0.0,1,0.008813459046381755,0.6403387205540058,0.0,-0.891515983533258,0.0,516,4.686251386942786e-13
driven_dt1e-3,208,1,-1.7219560332019352,0.0,1,0.0036780270478991017,0.42197169944355134,0.0,-1.7256340602498343,0.0,516,4.686251386942786e-13
driven_dt1e-3,208,2,-1.9826109179025015,0.0,1,0.1059048882460909,0.35195290565970416,0.0,-2.0885158061485924,0.0,516,4.686251386942786e-13
driven_dt1e-3,208,3,-2.4330203253846303,0.19025723976725073,1,0.2597963078977259,0.2711823054896687,0.0,-2.609927940578089,0.0,516,4.686251386942786e-13
driven_dt1e-3,208,4,-2.6464198717560925,3.045678744368468,1,0.6843866503791278,0.019556858450729103,0.18895370571002248,-3.3218510316936696,2.9353255142275168,516,4.686251386942786e-13
driven_dt1e-3,208,5,-2.9498543094339507,5.367773635409873,1,0.0636901489488794,-0.21026429388911894,0.09577226227235511,-2.9302554520306674,5.428373304234184,516,4.686251386942786e-13
driven_dt1e-3,208,6,-2.9778280760975364,0.0,1,0.2995438471181284,0.19423510705952401,0.0,-3.277371923215665,0.0,516,4.686251386942786e-13
driven_dt1e-3,209,0,-0.9003294425796398,0.0,1,0.00372989015314118,0.6387131843100747,0.0,-0.8965995524264986,0.0,517,3.5083047578154947e-14
driven_dt1e-3,209,1,-1.7219560332019352,0.0,1,0.05574834797782313,0.4111273779057903,0.0,-1.7777043811797584,0.0,517,3.5083047578154947e-14
driven_dt1e-3,209,2,-1.9826109179025015,0.0,1,0.20490653672274317,0.4111273779057903,0.0,-1.7777043811797584,0.0,517,3.5083047578154947e-14
driven_dt1e-3,209,3,-2.4330203253846303,0.19025723976725073,1,0.28850950206727954,0.33019670498226716,0.0,-2.2161334528006575,0.0,517,3.5083047578154947e-14
driven_dt1e-3,209,4,-2.6464198717560925,3.045678744368468,1,0.3092790084281253,0.00037836914644058094,0.22975226434369486,-2.941504612084629,3.138298942379078,517,3.5083047578154947e-14
driven_dt1e-3,209,5,-2.9498543094339507,5.367773635409873,1,0.3588578715529526,-0.18163295280129726,0.13429849697159665,-2.975407903327598,5.009826731785,517,3.5083047578154947e-14
driven_dt1e-3,209,6,-2.9778280760975364,0.0,1,0.07629879170770515,0.23439099431037944,0.0,-2.9015292843898313,0.0,517,3.5083047578154947e-14
driven_dt1e-3,210,0,-0.9003294425796398,0.0,1,0.006843531553175741,0.6397083206402098,0.0,-0.893485911026464,0.0,517,1.1102230246251565e-15
driven_dt1e-3,210,1,-1.7219560332019352,0.0,1,0.06590157726646062,0.40904553147558387,0.0,-1.7878576104683959,0.0,517,1.1102230246251565e-15
driven_dt1e-3,210,2,-1.9826109179025015,0.0,1,0.19475330743410568,0.40904553147558387,0.0,-1.7878576104683959,0.0,517,1.1102230246251565e-15
driven_dt1e-3,210,3,-2.4330203253846303,0.19025723976725073,1,0.20744354059363967,0.28426533239756563,0.0,-2.515694415946135,0.0,517,1.1102230246251565e-15
driven_dt1e-3,210,4,-2.6464198717560925,3.045678744368468,1,0.4994679091362832,-0.005988100899187714,0.20985248641675572,-3.1218869773680917,3.19864679246322,517,1.1102230246251565e-15
driven_dt1e-3,210,5,-2.9498543094339507,5.367773635409873,1,0.4573129455916154,-0.15779411448554426,0.10201296458952576,-3.343712908184503,5.135371969331656,517,1.1102230246251565e-15
driven_dt1e-3,210,6,-2.9778280760975364,0.0,1,0.15495058665210953,0.21231964372867548,0.010539463606534547,-3.096863713125102,0.0991977893971159,517,1.1102230246251565e-15
driven_dt1e-3,211,0,-0.9003294425796398,0.0,1,0.006068054152650659,0.6394603290484933,0.0,-0.8942613884269891,0.0,516,4.50417481090426e-13
driven_dt1e-3,211,1,-1.7219560332019352,0.0,1,0.0059220544286711085,0.4240020497750987,0.0,-1.7160339787732641,0.0,516,4.50417481090426e-13
driven_dt1e-3,211,2,-1.9826109179025015,0.0,1,0.08323471514535608,0.3868616662597503,0.0,-1.8993762027571455,0.0,516,4.50417481090426e-13
driven_dt1e-3,211,3,-2.4330203253846303,0.19025723976725073,1,0.19317801074154967,0.3012612318106042,0.0,-2.3995550217074015,0.0,516,4.50417481090426e-13
driven_dt1e-3,211,4,-2.6464198717560925,3.045678744368468,1,0.20687162113890975,-0.006251257034763168,0.2873575576924439,-2.493582849260337,3.1850943539223215,516,4.50417481090426e-13
driven_dt1e-3,211,5,-2.9498543094339507,5.367773635409873,1,0.2132549955242827,-0.19616372042630362,0.12391796117144911,-2.9218153738521457,5.1563699665497955,516,4.50417481090426e-13
driven_dt1e-3,211,6,-2.9778280760975364,0.0,1,0.20565476567314592,0.2413588021026637,0.01815437585302263,-2.837299585223911,0.15015200930010197,516,4.50417481090426e-13
driven_dt1e-3,212,0,-0.9003294425796398,0.0,1,0.0015268886347566957,0.6380100285870276,0.0,-0.8988025539448831,0.0,517,1.258881887622465e-12
driven_dt1e-3,212,1,-1.7219560332019352,0.0,1,0.003673202051270197,0.42352555870599096,0.0,-1.718282831150665,0.0,517,1.258881887622465e-12
driven_dt1e-3,212,2,-1.9826109179025015,0.0,1,0.11309904205101451,0.3506891782170087,0.0,-2.095709959953516,0.0,517,1.258881887622465e-12
driven_dt1e-3,212,3,-2.4330203253846303,0.19025723976725073,1,0.2873090207436086,0.2660279626868052,0.0,-2.6483077056854696,0.0,517,1.258881887622465e-12
driven_dt1e-3,212,4,-2.6464198717560925,3.045678744368468,1,0.26984324327521064,0.033474502272899234,0.23877049070354908,-2.8450408924947044,2.8630176755496404,517,1.258881887622465e-12
driven_dt1e-3,212,5,-2.9498543094339507,5.367773635409873,1,0.5898435005508557,-0.17840539139703646,0.16500608612135054,-2.8292777324230136,4.790385859111818,517,1.258881887622465e-12
driven_dt1e-3,212,6,-2.9778280760975364,0.0,1,0.32952037041206683,0.2660279626868052,0.0,-2.6483077056854696,0.0,517,1.258881887622465e-12
driven_dt1e-3,213,0,-0.9003294425796398,0.0,1,0.0024937265072599857,0.638318529277895,0.0,-0.8978357160723798,0.0,517,1.34781075189494e-13
driven_dt1e-3,213,1,-1.7219560332019352,0.0,1,0.13499696897236046,0.395155270642269,0.0,-1.8569530021742957,0.0,517,1.34781075189494e-13
driven_dt1e-3,213,2,-1.9826109179025015,0.0,1,0.12565791572820584,0.395155270642269,0.0,-1.8569530021742957,0.0,517,1.34781075189494e-13
driven_dt1e-3,213,3,-2.4330203253846303,0.19025723976725073,1,0.21219827929742166,0.2826643915666072,0.0,-2.5269899611875504,0.0,517,1.34781075189494e-13
driven_dt1e-3,213,4,-2.6464198717560925,3.045678744368468,1,0.5541278915957311,-0.017012256788312162,0.2077534680202901,-3.1361232455505554,3.3050015662308154,517,1.34781075189494e-13
driven_dt1e-3,213,5,-2.9498543094339507,5.367773635409873,1,0.4089726945674215,-0.190716419988026,0.1467549217497012,-2.8488693436551213,4.9714647891947195,517,1.34781075189494e-13
driven_dt1e-3,213,6,-2.9778280760975364,0.0,1,0.051428040651073204,0.2198899558674554,0.0,-3.0292561167486096,0.0,517,1.34781075189494e-13
driven_dt1e-3,214,0,-0.9003294425796398,0.0,1,0.0014022847963203189,0.6370762915111439,0.0,-0.9017317273759601,0.0,517,3.5282887722587475e-13
driven_dt1e-3,214,1,-1.7219560332019352,0.0,1,0.05903668067084622,0.4104519714993011,0.0,-1.7809927138727815,0.0,517,3.5282887722587475e-13
driven_dt1e-3,214,2,-1.9826109179025015,0.0,1,0.007979054860367318,0.3696143972475459,0.0,-1.9905899727628689,0.0,517,3.5282887722587475e-13
driven_dt1e-3,214,3,-2.4330203253846303,0.19025723976725073,1,0.1962261958738648,0.3034631631233142,0.0,-2.3849900988259805,0.0,517,3.5282887722587475e-13
driven_dt1e-3,214,4,-2.6464198717560925,3.045678744368468,1,0.34131948816048874,-0.00429201755879215,0.22754131439545502,-2.9604911768198328,3.1793133519134336,517,3.5282887722587475e-13
driven_dt1e-3,214,5,-2.9498543094339507,5.367773635409873,1,0.09768707050155713,-0.21399833665030427,0.09396554964113718,-2.9072670560810456,5.4556888763811155,517,3.5282887722587475e-13
driven_dt1e-3,214,6,-2.9778280760975364,0.0,1,0.07881582087333427,0.21689933035782777,0.0,-3.0566438969708707,0.0,517,3.5282887722587475e-13
driven_dt1e-3,215,0,-0.9003294425796398,0.0,1,0.004571390332261394,0.6389819794834076,0.0,-0.8957580522473784,0.0,516,1.1868284133242923e-13
driven_dt1e-3,215,1,-1.7219560332019352,0.0,1,0.08291022680881466,0.4406418331742964,0.0,-1.6390458063931206,0.0,516,1.1868284133242923e-13
driven_dt1e-3,215,2,-1.9826109179025015,0.0,1,0.022263060102772902,0.37524582708135756,0.0,-1.9603478577997286,0.0,516,1.1868284133242923e-13
driven_dt1e-3,215,3,-2.4330203253846303,0.19025723976725073,1,0.08427663251634357,0.30618736905027166,0.03407279744734599,-2.354808709556944,0.22164981751928062,516,1.1868284133242923e-13
driven_dt1e-3,215,4,-2.6464198717560925,3.045678744368468,1,0.3796528519310176,-0.011020646696028355,0.22588166880293165,-2.9731104287964314,3.239094276113021,516,1.1868284133242923e-13
driven_dt1e-3,215,5,-2.9498543094339507,5.367773635409873,1,0.08929718489363671,-0.21185204601113014,0.09323478155506665,-2.926691143937986,5.4540143160318095,516,1.1868284133242923e-13
driven_dt1e-3,215,6,-2.9778280760975364,0.0,1,0.03663673369997289,0.2215222141523496,0.0,-3.0144648097975093,0.0,516,1.1868284133242923e-13
driven_dt1e-3,216,0,-0.9003294425796398,0.0,1,0.0011025067769756536,0.6371717894024276,0.0,-0.9014319493566154,0.0,516,3.7203573555188996e-13
driven_dt1e-3,216,1,-1.7219560332019352,0.0,1,0.11410584948398816,0.44756876339278545,0.0,-1.607850183717947,0.0,516,3.7203573555188996e-13
driven_dt1e-3,216,2,-1.9826109179025015,0.0,1,0.018928207386976537,0.36759644380181794,0.0,-2.001539125289478,0.0,516,3.7203573555188996e-13
driven_dt1e-3,216,3,-2.4330203253846303,0.19025723976725073,1,0.2085282741636791,0.26747144132641376,0.017633850219789762,-2.633147880472035,0.13166540739771013,516,3.7203573555188996e-13
driven_dt1e-3,216,4,-2.6464198717560925,3.045678744368468,1,0.43315617789105487,0.0680882447920456,0.2522026093354561,-2.6846926466058085,2.614216730802395,516,3.7203573555188996e-13
driven_dt1e-3,216,5,-2.9498543094339507,5.367773635409873,1,0.3990873621070809,-0.21011925461667105,0.1492918702557129,-2.71148363331385,5.047695295999605,516,3.7203573555188996e-13
driven_dt1e-3,216,6,-2.9778280760975364,0.0,1,0.27716996824968687,0.19642020291746182,0.0,-3.2549980443472233,0.0,516,3.7203573555188996e-13
driven_dt1e-3,217,0,-0.9003294425796398,0.0,1,0.00907045700973097,0.6346383627538443,0.0,-0.9093998995893707,0.0,517,1.1668443988810395e-12
driven_dt1e-3,217,1,-1.7219560332019352,0.0,1,0.06103469941658246,0.4100421308840549,0.0,-1.7829907326185177,0.0,517,1.1668443988810395e-12
driven_dt1e-3,217,2,-1.9826109179025015,0.0,1,0.036454568015099165,0.3779179482890147,0.0,-1.9461563498874024,0.0,517,1.1668443988810395e-12
driven_dt1e-3,217,3,-2.4330203253846303,0.19025723976725073,1,0.20939667004434048,0.2835859954299076,0.0,-2.5204797339225644,0.0,517,1.1668443988810395e-12
driven_dt1e-3,217,4,-2.6464198717560925,3.045678744368468,1,0.21855464751153636,0.025037704231913215,0.29405348725908165,-2.440763379985648,2.971708876573771,517,1.1668443988810395e-12
driven_dt1e-3,217,5,-2.9498543094339507,5.367773635409873,1,0.18300449685799067,-0.19261590318790842,0.08547095576797062,-3.1143768453084006,5.447917138326121,517,1.1668443988810395e-12
driven_dt1e-3,217,6,-2.9778280760975364,0.0,1,0.03720084010995972,0.2298533877234606,0.0,-2.9406272359875767,0.0,517,1.1668443988810395e-12
driven_dt1e-3,218,0,-0.9003294425796398,0.0,1,0.007993150588309295,0.6400761367733601,0.0,-0.8923362919913305,0.0,517,1.6564527527407336e-13
driven_dt1e-3,218,1,-1.7219560332019352,0.0,1,0.14007905480183203,0.4534190666455947,0.0,-1.5818769784001032,0.0,517,1.6564527527407336e-13
driven_dt1e-3,218,2,-1.9826109179025015,0.0,1,0.05423955910813172,0.3812935685609234,0.0,-1.9283713587943698,0.0,517,1.6564527527407336e-13
driven_dt1e-3,218,3,-2.4330203253846303,0.19025723976725073,1,0.2186449541988312,0.31265953897628657,0.0,-2.325280830709948,0.0,517,1.6564527527407336e-13
driven_dt1e-3,218,4,-2.6464198717560925,3.045678744368468,1,0.6259398719256605,0.025688800114386047,0.3629232974258507,-2.0221298140294595,3.0002623696783903,517,1.6564527527407336e-13
driven_dt1e-3,218,5,-2.9498543094339507,5.367773635409873,1,0.230368869739005,-0.2074609173560955,0.1282152566719332,-2.822128871780082,5.176055016801887,517,1.6564527527407336e-13
driven_dt1e-3,218,6,-2.9778280760975364,0.0,1,0.22396282012459737,0.2043182832520309,0.01120646387389758,-3.17314878289941,0.109586341724593,517,1.6564527527407336e-13
driven_dt1e-3,219,0,-0.9003294425796398,0.0,1,0.01613166858461801,0.632401655666278,0.0,-0.9164611111642578,0.0,516,1.3389289676979388e-13
driven_dt1e-3,219,1,-1.7219560332019352,0.0,1,0.03189313445004882,0.4295438491123191,0.0,-1.6900628987518864,0.0,516,1.3389289676979388e-13
driven_dt1e-3,219,2,-1.9826109179025015,0.0,1,0.09117104259777475,0.3883998465480856,0.0,-1.8914398753047268,0.0,516,1.3389289676979388e-13
driven_dt1e-3,219,3,-2.4330203253846303,0.19025723976725073,1,0.22081438511355786,0.31333830111669153,0.0,-2.320943675768283,0.0,516,1.3389289676979388e-13
driven_dt1e-3,219,4,-2.6464198717560925,3.045678744368468,1,0.44123343046026614,-0.010828088216357936,0.21820446526945533,-3.0421860099807287,3.2407584818874953,516,1.3389289676979388e-13
driven_dt1e-3,219,5,-2.9498543094339507,5.367773635409873,1,0.49022894178174203,-0.2655302849688941,0.08657344334569417,-2.551029871296777,5.652841141283507,516,1.3389289676979388e-13
driven_dt1e-3,219,6,-2.9778280760975364,0.0,1,0.2990939851075747,0.19427880147134474,0.0,-3.276922061205111,0.0,516,1.3389289676979388e-13
driven_dt1e-3,220,0,-0.9003294425796398,0.0,1,0.01123423972676263,0.6339521242780729,0.0,-0.9115636823064024,0.0,516,1.021405182655144e-14
driven_dt1e-3,220,1,-1.7219560332019352,0.0,1,0.037800896251495075,0.41483332549957297,0.0,-1.7597569294534303,0.0,516,1.021405182655144e-14
driven_dt1e-3,220,2,-1.9826109179025015,0.0,1,0.11908340519505312,0.34964142084232275,0.0,-2.1016943230975547,0.0,516,1.021405182655144e-14
driven_dt1e-3,220,3,-2.4330203253846303,0.19025723976725073,1,0.3755145777824893,0.24558108570632697,0.01618154766537081,-2.803923989368457,0.1315914902149463,516,1.021405182655144e-14
driven_dt1e-3,220,4,-2.6464198717560925,3.045678744368468,1,0.6438050557421077,0.011741715804978167,0.1926833853755691,-3.289707308160117,3.0198674297208803,516,1.021405182655144e-14
driven_dt1e-3,220,5,-2.9498543094339507,5.367773635409873,1,0.39115994578296165,-0.21317012928609008,0.05792058379017395,-3.020100828704567,5.752574271733791,516,1.021405182655144e-14
driven_dt1e-3,220,6,-2.9778280760975364,0.0,1,0.21808014966535916,0.24558108570632697,0.01618154766537081,-2.803923989368457,0.1315914902149463,516,1.021405182655144e-14
driven_dt1e-3,221,0,-0.9003294425796398,0.0,1,0.0008383698886448299,0.6377904254569696,0.0,-0.8994910726909949,0.0,517,3.0753177782116836e-13
driven_dt1e-3,221,1,-1.7219560332019352,0.0,1,0.026093579780275045,0.41726873909703954,0.0,-1.7480496129822103,0.0,517,3.0753177782116836e-13
driven_dt1e-3,221,2,-1.9826109179025015,0.0,1,0.0418277586953788,0.36341155075122494,0.0,-2.0244386765978803,0.0,517,3.0753177782116836e-13
driven_dt1e-3,221,3,-2.4330203253846303,0.19025723976725073,1,0.3022643939576206,0.25391236589886673,0.021381949673516146,-2.7344658834038538,0.16802349502987765,517,3.0753177782116836e-13
driven_dt1e-3,221,4,-2.6464198717560925,3.045678744368468,1,0.26926519768794177,0.0018848834026036303,0.2341427075249349,-2.90358417381318,3.1254927057625594,517,3.0753177782116836e-13
driven_dt1e-3,221,5,-2.9498543094339507,5.367773635409873,1,0.35532465298396687,-0.18740733175633917,0.13795392991901323,-2.915945695119414,5.014070631615101,517,3.0753177782116836e-13
driven_dt1e-3,221,6,-2.9778280760975364,0.0,1,0.2957313843925471,0.25391236589886673,0.021381949673516146,-2.7344658834038538,0.16802349502987765,517,3.0753177782116836e-13
driven_dt1e-3,222,0,-0.9003294425796398,0.0,1,0.0022554794856542992,0.6368045744178509,0.0,-0.9025849220652941,0.0,517,1.6764367671839864e-13
driven_dt1e-3,222,1,-1.7219560332019352,0.0,1,0.00691354313102055,0.42421229850666575,0.0,-1.7150424900709147,0.0,517,1.6764367671839864e-13
driven_dt1e-3,222,2,-1.9826109179025015,0.0,1,0.046824699576813344,0.379882566646823,0.0,-1.9357862183256882,0.0,517,1.6764367671839864e-13
driven_dt1e-3,222,3,-2.4330203253846303,0.19025723976725073,1,0.20343527531267122,0.30712638138192316,0.0,-2.3609919007337385,0.0,517,1.6764367671839864e-13
driven_dt1e-3,222,4,-2.6464198717560925,3.045678744368468,1,0.6945566878738915,-0.06620968273165456,0.229094968272567,-2.867018501985863,3.7042721219627914,517,1.6764367671839864e-13
driven_dt1e-3,222,5,-2.9498543094339507,5.367773635409873,1,0.23074580914248458,-0.2257785605950844,0.08346838870449824,-2.848296712543341,5.574968430109509,517,1.6764367671839864e-13
driven_dt1e-3,222,6,-2.9778280760975364,0.0,1,0.015296722100950788,0.22389851247562684,0.0,-2.993124798198487,0.0,517,1.6764367671839864e-13
driven_dt1e-3,223,0,-0.9003294425796398,0.0,1,0.014221976730972807,0.6420727057167609,0.0,-0.886107465848667,0.0,516,2.6201263381153694e-14
driven_dt1e-3,223,1,-1.7219560332019352,0.0,1,0.07015027358508696,0.43783949750798024,0.0,-1.6518057596168483,0.0,516,2.6201263381153694e-14
driven_dt1e-3,223,2,-1.9826109179025015,0.0,1,0.06247147917635676,0.3828661918575361,0.0,-1.9201394387261448,0.0,516,2.6201263381153694e-14
driven_dt1e-3,223,3,-2.4330203253846303,0.19025723976725073,1,0.1813976708568581,0.312172191588197,0.04988749868992415,-2.3031828743645812,0.3169353803634459,516,2.6201263381153694e-14
driven_dt1e-3,223,4,-2.6464198717560925,3.045678744368468,1,0.140611076162378,-0.005894009302799716,0.26511935950175436,-2.654656163493633,3.18604839293238,516,2.6201263381153694e-14
driven_dt1e-3,223,5,-2.9498543094339507,5.367773635409873,1,0.1916974986286111,-0.22130228924987677,0.11750891075374828,-2.7680701888647254,5.306925755501533,516,2.6201263381153694e-14
driven_dt1e-3,223,6,-2.9778280760975364,0.0,1,0.07506665603037765,0.21730630736654175,0.0,-3.052894732127914,0.0,516,2.6201263381153694e-14
driven_dt1e-3,224,0,-0.9003294425796398,0.0,1,0.011851907808013484,0.6413122780891726,0.0,-0.8884775347716263,0.0,518,4.263256414560601e-14
driven_dt1e-3,224,1,-1.7219560332019352,0.0,1,0.060508593337850414,0.4357338229290135,0.0,-1.6614474398640848,0.0,518,4.263256414560601e-14
driven_dt1e-3,224,2,-1.9826109179025015,0.0,1,0.06651977250114083,0.3836419540452798,0.0,-1.9160911454013607,0.0,518,4.263256414560601e-14
driven_dt1e-3,224,3,-2.4330203253846303,0.19025723976725073,1,0.11225710972571401,0.2983403254543103,0.011802740508015448,-2.4174769492888104,0.07908142340634025,518,4.263256414560601e-14
driven_dt1e-3,224,4,-2.6464198717560925,3.045678744368468,1,0.23884227207096956,0.020303331257337753,0.29886712512202174,-2.4109079505143285,3.005932475599737,518,4.263256414560601e-14
driven_dt1e-3,224,5,-2.9498543094339507,5.367773635409873,1,0.4442869729449706,-0.25761026852525604,0.08330839903313891,-2.6131491077016027,5.657636571044948,518,4.263256414560601e-14
driven_dt1e-3,224,6,-2.9778280760975364,0.0,1,0.1253989401085529,0.21190578613666203,0.0,-3.1032270162060893,0.0,518,4.263256414560601e-14
driven_dt1e-3,225,0,-0.9003294425796398,0.0,1,0.013959158940920147,0.6330889782502425,0.0,-0.9142886015205599,0.0,516,4.0123460109953157e-13
driven_dt1e-3,225,1,-1.7219560332019352,0.0,1,0.03184665506169915,0.4160701745472126,0.0,-1.7538026882636344,0.0,516,4.0123460109953157e-13
driven_dt1e-3,225,2,-1.9826109179025015,0.0,1,0.03834073271173977,0.36404571618852977,0.0,-2.0209516506142413,0.0,516,4.0123460109953157e-13
driven_dt1e-3,225,3,-2.4330203253846303,0.19025723976725073,1,0.24339210228537417,0.26495342654587006,0.04491410548002138,-2.628071563196152,0.335841339459103,516,4.0123460109953157e-13
driven_dt1e-3,225,4,-2.6464198717560925,3.045678744368468,1,0.09478817077495544,0.02495239514729457,0.2696347025632325,-2.612846915420637,2.9570353355793215,516,4.0123460109953157e-13
driven_dt1e-3,225,5,-2.9498543094339507,5.367773635409873,1,0.38318123868797216,-0.23447460560361522,0.06663618650554785,-2.823145916668479,5.7293989178297275,516,4.0123460109953157e-13
driven_dt1e-3,225,6,-2.9778280760975364,0.0,1,0.256725198206615,0.25651928322153417,0.0,-2.7211028778909214,0.0,516,4.0123460109953157e-13
driven_dt1e-3,226,0,-0.9003294425796398,0.0,1,0.0002202358700541529,0.637452930474766,0.0,-0.9005496784496939,0.0,517,1.5876189252139739e-13
driven_dt1e-3,226,1,-1.7219560332019352,0.0,1,0.14041095919184654,0.39408703376537285,0.0,-1.8623669923937818,0.0,517,1.5876189252139739e-13
driven_dt1e-3,226,2,-1.9826109179025015,0.0,1,0.12024392550871976,0.39408703376537285,0.0,-1.8623669923937818,0.0,517,1.5876189252139739e-13
driven_dt1e-3,226,3,-2.4330203253846303,0.19025723976725073,1,0.24307832203959412,0.31954275713496805,0.0,-2.2817283779395283,0.0,517,1.5876189252139739e-13
driven_dt1e-3,226,4,-2.6464198717560925,3.045678744368468,1,0.2131799598297313,0.026751465867005414,0.24266644638583004,-2.820055324560748,2.9220000283243235,517,1.5876189252139739e-13
driven_dt1e-3,226,5,-2.9498543094339507,5.367773635409873,1,0.7061179397298337,-0.14934969790735936,0.06196205628737951,-3.644111513608514,5.496651404090215,517,1.5876189252139739e-13
driven_dt1e-3,226,6,-2.9778280760975364,0.0,1,0.3085420998564916,0.19336318168954605,0.0,-3.286370175954028,0.0,517,1.5876189252139739e-13
driven_dt1e-3,227,0,-0.9003294425796398,0.0,1,0.0002723095912330331,0.6374363334177515,0.0,-0.9006017521708728,0.0,517,8.260059303211165e-14
driven_dt1e-3,227,1,-1.7219560332019352,0.0,1,0.058063142198429674,0.43520136563304374,0.0,-1.6638928910035056,0.0,517,8.260059303211165e-14
driven_dt1e-3,227,2,-1.9826109179025015,0.0,1,0.003326175567176737,0.37170960132504144,0.0,-1.9792847423353248,0.0,517,8.260059303211165e-14
driven_dt1e-3,227,3,-2.4330203253846303,0.19025723976725073,1,0.19304845598332734,0.3011473547801494,0.0,-2.4003111665190535,0.0,517,8.260059303211165e-14
driven_dt1e-3,227,4,-2.6464198717560925,3.045678744368468,1,0.2603077148298717,0.011653495599582307,0.30296339912937653,-2.3868080865400967,3.064700504983969,517,8.260059303211165e-14
driven_dt1e-3,227,5,-2.9498543094339507,5.367773635409873,1,0.45972441140682246,-0.16402577376416608,0.07853997996338233,-3.409038556129325,5.390052819195435,517,8.260059303211165e-14
driven_dt1e-3,227,6,-2.9778280760975364,0.0,1,0.28130182620936584,0.259690919844163,0.0,-2.6965262498881706,0.0,517,8.260059303211165e-14
driven_dt1e-3,228,0,-0.9003294425796398,0.0,1,0.005121362446658062,0.6391577147798373,0.0,-0.8952080801329817,0.0,517,7.638334409421077e-14
driven_dt1e-3,228,1,-1.7219560332019352,0.0,1,0.05782256361854743,0.43514901871824,0.0,-1.6641334695833878,0.0,517,7.638334409421077e-14
driven_dt1e-3,228,2,-1.9826109179025015,0.0,1,0.12432897617920524,0.394892789123868,0.0,-1.8582819417232963,0.0,517,7.638334409421077e-14
driven_dt1e-3,228,3,-2.4330203253846303,0.19025723976725073,1,0.23127409400234653,0.2774108456190862,0.0,-2.564511348929027,0.0,517,7.638334409421077e-14
driven_dt1e-3,228,4,-2.6464198717560925,3.045678744368468,1,0.5636603971432291,0.05305438369036276,0.21133257236414918,-3.0475262454530307,2.6496652088834356,517,7.638334409421077e-14
driven_dt1e-3,228,5,-2.9498543094339507,5.367773635409873,1,0.5030758156238979,-0.1617893141563594,0.07457273320361442,-3.4502760339920533,5.41938152100834,517,7.638334409421077e-14
driven_dt1e-3,228,6,-2.9778280760975364,0.0,1,0.0668653989535608,0.21819922933153324,0.0,-3.044693475051097,0.0,517,7.638334409421077e-14
driven_dt1e-3,229,0,-0.9003294425796398,0.0,1,0.01409207400878354,0.6330469061160092,0.0,-0.9144215165884233,0.0,516,1.1002310174035301e-13
driven_dt1e-3,229,1,-1.7219560332019352,0.0,1,0.06755171125720237,0.42537996620837704,0.014082596997238102,-1.7084495406112379,0.06618767522487762,516,1.1002310174035301e-13
driven_dt1e-3,229,2,-1.9826109179025015,0.0,1,0.069398643187222,0.3584361347548758,0.0,-2.0520095610897235,0.0,516,1.1002310174035301e-13
driven_dt1e-3,229,3,-2.4330203253846303,0.19025723976725073,1,0.28887464452827966,0.2657507757203096,0.0,-2.650392685558335,0.0,516,1.1002310174035301e-13
driven_dt1e-3,229,4,-2.6464198717560925,3.045678744368468,1,0.561283930920149,-0.029626000060539018,0.33925459268626895,-2.1544118550589677,3.315804201545196,516,1.1002310174035301e-13
driven_dt1e-3,229,5,-2.9498543094339507,5.367773635409873,1,0.4380159830548993,-0.16148896315232897,0.11772968999964058,-3.2204028620105323,5.023300875804318,516,1.1002310174035301e-13
driven_dt1e-3,229,6,-2.9778280760975364,0.0,1,0.23082374249062632,0.25321859110976197,0.0,-2.74700433360691,0.0,516,1.1002310174035301e-13
driven_dt1e-3,230,0,-0.9003294425796398,0.0,1,0.006594003597432341,0.6354246756396954,0.0,-0.9069234461770721,0.0,517,2.078337502098293e-13
driven_dt1e-3,230,1,-1.7219560332019352,0.0,1,0.13521273132108536,0.39511264312701116,0.0,-1.8571687645230206,0.0,517,2.078337502098293e-13
driven_dt1e-3,230,2,-1.9826109179025015,0.0,1,0.12544215337948095,0.39511264312701116,0.0,-1.8571687645230206,0.0,517,2.078337502098293e-13
driven_dt1e-3,230,3,-2.4330203253846303,0.19025723976725073,1,0.1937068945262965,0.2797599757736021,0.051813178998626704,-2.513920515938104,0.366261558337658,517,2.078337502098293e-13
driven_dt1e-3,230,4,-2.6464198717560925,3.045678744368468,1,0.22721886671206123,-0.009909545887321122,0.28777801320936397,-2.4899467218024953,3.210434826907209,517,2.078337502098293e-13
driven_dt1e-3,230,5,-2.9498543094339507,5.367773635409873,1,0.47649332241165837,-0.15710551079876736,0.11579518515651158,-3.2677860024836827,5.012857694858548,517,2.078337502098293e-13
driven_dt1e-3,230,6,-2.9778280760975364,0.0,1,0.11550820852084254,0.23903150066542692,0.0,-2.862319867576694,0.0,517,2.078337502098293e-13
driven_dt1e-3,231,0,-0.9003294425796398,0.0,1,0.020408324907886244,0.6440618231302665,0.0,-0.8799211176717535,0.0,516,2.26929586233382e-13
driven_dt1e-3,231,1,-1.7219560332019352,0.0,1,0.06478885058085737,0.4092731727345876,0.0,-1.7867448837827926,0.0,516,2.26929586233382e-13
driven_dt1e-3,231,2,-1.9826109179025015,0.0,1,0.07603677461454672,0.35724843378857973,0.0,-2.0586476925170483,0.0,516,2.26929586233382e-13
driven_dt1e-3,231,3,-2.4330203253846303,0.19025723976725073,1,0.25409853605857996,0.2595834588292166,0.027172430970953287,-2.6864563392806144,0.20859443932519822,516,2.26929586233382e-13
driven_dt1e-3,231,4,-2.6464198717560925,3.045678744368468,1,0.34162574818763125,0.022752663847383996,0.22520213139057085,-2.9713580785798017,2.9402116235632083,516,2.26929586233382e-13
driven_dt1e-3,231,5,-2.9498543094339507,5.367773635409873,1,0.20403989786897878,-0.22967243134685245,0.10039027528720613,-2.767360284882545,5.459032667430897,516,2.26929586233382e-13
driven_dt1e-3,231,6,-2.9778280760975364,0.0,1,0.07161265632069203,0.2338424432410668,0.0,-2.9062154197768444,0.0,516,2.26929586233382e-13
driven_dt1e-3,232,0,-0.9003294425796398,0.0,1,0.004636491205947113,0.6390027789644888,0.0,-0.8956929513736926,0.0,516,5.3734794391857577e-14
driven_dt1e-3,232,1,-1.7219560332019352,0.0,1,0.08791530619146282,0.404567910242279,0.0,-1.809871339393398,0.0,516,5.3734794391857577e-14
driven_dt1e-3,232,2,-1.9826109179025015,0.0,1,0.1727395785091035,0.404567910242279,0.0,-1.809871339393398,0.0,516,5.3734794391857577e-14
driven_dt1e-3,232,3,-2.4330203253846303,0.19025723976725073,1,0.23148434215563313,0.2773596062139646,0.0,-2.564880794742862,0.0,516,5.3734794391857577e-14
driven_dt1e-3,232,4,-2.6464198717560925,3.045678744368468,1,0.7744688877291311,-0.028991236621367402,0.18894346946788979,-3.3093442672993616,3.44609515743615,516,5.3734794391857577e-14
driven_dt1e-3,232,5,-2.9498543094339507,5.367773635409873,1,0.5935833245414458,-0.17175802159993744,0.051106951293639805,-3.438502490977596,5.704766391782712,516,5.3734794391857577e-14
driven_dt1e-3,232,6,-2.9778280760975364,0.0,1,0.03687608818349064,0.22149570457109996,0.0,-3.014704164281027,0.0,516,5.3734794391857577e-14
driven_dt1e-3,233,0,-0.9003294425796398,0.0,1,0.02227829975568041,0.6304610693461409,0.0,-0.9226077423353202,0.0,517,9.50350909079134e-14
driven_dt1e-3,233,1,-1.7219560332019352,0.0,1,0.18897602208345798,0.38463285323697105,0.0,-1.9109320552853932,0.0,517,9.50350909079134e-14
driven_dt1e-3,233,2,-1.9826109179025015,0.0,1,0.07167886261710832,0.38463285323697105,0.0,-1.9109320552853932,0.0,517,9.50350909079134e-14
driven_dt1e-3,233,3,-2.4330203253846303,0.19025723976725073,1,0.1931920600967965,0.29133446229651505,0.0,-2.466566633685114,0.0,517,9.50350909079134e-14
driven_dt1e-3,233,4,-2.6464198717560925,3.045678744368468,1,0.5125234460412872,-0.0269530812623777,0.21831404468981208,-3.0285139553106477,3.3872697191535766,517,9.50350909079134e-14
driven_dt1e-3,233,5,-2.9498543094339507,5.367773635409873,1,0.5206212448090376,-0.23147919053211094,0.16192318924055302,-2.5282100346219196,5.0623843984273815,517,9.50350909079134e-14
driven_dt1e-3,233,6,-2.9778280760975364,0.0,1,0.25425635836903426,0.19868349113821976,0.0,-3.2320844344665707,0.0,517,9.50350909079134e-14
driven_dt1e-3,234,0,-0.9003294425796398,0.0,1,0.0013653922126165563,0.6379585124985184,0.0,-0.8989640503670232,0.0,517,7.602807272633072e-13
driven_dt1e-3,234,1,-1.7219560332019352,0.0,1,0.0991075071857972,0.40231023055170617,0.0,-1.8210635403877324,0.0,517,7.602807272633072e-13
driven_dt1e-3,234,2,-1.9826109179025015,0.0,1,0.1615473775147691,0.40231023055170617,0.0,-1.8210635403877324,0.0,517,7.602807272633072e-13
driven_dt1e-3,234,3,-2.4330203253846303,0.19025723976725073,1,0.19098321073134647,0.2987369175526202,0.0,-2.4163839346281963,0.0,517,7.602807272633072e-13
driven_dt1e-3,234,4,-2.6464198717560925,3.045678744368468,1,0.5226198005158139,0.015669494781868274,0.20476559773101302,-3.165939907154961,2.9888422357639857,517,7.602807272633072e-13
driven_dt1e-3,234,5,-2.9498543094339507,5.367773635409873,1,0.18782975654210532,-0.20405412531878636,0.08010832846189764,-3.0354001354130116,5.534991843450226,517,7.602807272633072e-13
driven_dt1e-3,234,6,-2.9778280760975364,0.0,1,0.1223680381476151,0.23985276598032465,0.0,-2.8554600379499213,0.0,517,7.602807272633072e-13
driven_dt1e-3,235,0,-0.9003294425796398,0.0,1,0.008843181060203986,0.6347104858699797,0.0,-0.9091726236398437,0.0,518,2.1038726316646716e-13
driven_dt1e-3,235,1,-1.7219560332019352,0.0,1,0.009430444590923459,0.42474648483646504,0.0,-1.7125255886110118,0.0,518,2.1038726316646716e-13
driven_dt1e-3,235,2,-1.9826109179025015,0.0,1,0.08145624062463841,0.35628169630830536,0.0,-2.06406715852714,0.0,518,2.1038726316646716e-13
driven_dt1e-3,235,3,-2.4330203253846303,0.19025723976725073,1,0.34954054626264613,0.2558605891147754,0.0,-2.7262451132142678,0.0,518,2.1038726316646716e-13
driven_dt1e-3,235,4,-2.6464198717560925,3.045678744368468,1,0.3056211885148712,-0.01082662485801067,0.30239208452768296,-2.390780567942169,3.213168616345179,518,2.1038726316646716e-13
driven_dt1e-3,235,5,-2.9498543094339507,5.367773635409873,1,0.48842772624746944,-0.21824857679250992,0.04758494851359293,-2.9977990358967292,5.853842506015348,518,2.1038726316646716e-13
driven_dt1e-3,235,6,-2.9778280760975364,0.0,1,0.21988774612004072,0.20250560802613057,0.0043301613441561575,-3.1935182729282925,0.042759325121675865,518,2.1038726316646716e-13
driven_dt1e-3,236,0,-0.9003294425796398,0.0,1,0.004456876355963257,0.6361040302339613,0.0,-0.904786318935603,0.0,516,4.050093593832571e-13
driven_dt1e-3,236,1,-1.7219560332019352,0.0,1,0.04399670049303239,0.43215123700047936,0.0,-1.6779593327089029,0.0,516,4.050093593832571e-13
driven_dt1e-3,236,2,-1.9826109179025015,0.0,1,0.12317804578090485,0.3489263251309436,0.0,-2.1057889636834064,0.0,516,4.050093593832571e-13
driven_dt1e-3,236,3,-2.4330203253846303,0.19025723976725073,1,0.2459130384726645,0.2740586909101755,0.0,-2.5888259902591946,0.0,516,4.050093593832571e-13
driven_dt1e-3,236,4,-2.6464198717560925,3.045678744368468,1,0.5071923885390734,0.026216977394523992,0.3415799436772136,-2.142473462193109,2.9883888213405205,516,4.050093593832571e-13
driven_dt1e-3,236,5,-2.9498543094339507,5.367773635409873,1,0.2089376205761113,-0.18360743894831943,0.09420695578043305,-3.156214639324965,5.335057530212603,516,4.050093593832571e-13
driven_dt1e-3,236,6,-2.9778280760975364,0.0,1,0.05981926236676349,0.21896931585521592,0.0,-3.0376473384643,0.0,516,4.050093593832571e-13
driven_dt1e-3,237,0,-0.9003294425796398,0.0,1,0.008204364832075761,0.6401437369414176,0.0,-0.892125077747564,0.0,516,2.928768338961163e-13
driven_dt1e-3,237,1,-1.7219560332019352,0.0,1,0.017055643763674633,0.41915863014233695,0.0,-1.7390116769656099,0.0,516,2.928768338961163e-13
driven_dt1e-3,237,2,-1.9826109179025015,0.0,1,0.05811443478124345,0.36046418463168256,0.0,-2.040725352683745,0.0,516,2.928768338961163e-13
driven_dt1e-3,237,3,-2.4330203253846303,0.19025723976725073,1,0.21961248816659834,0.28045135073090066,0.0,-2.5427100134818765,0.0,516,2.928768338961163e-13
driven_dt1e-3,237,4,-2.6464198717560925,3.045678744368468,1,0.40564323930939,-0.01794942079494003,0.22662072270643122,-2.962701183060469,3.299671991753116,516,2.928768338961163e-13
driven_dt1e-3,237,5,-2.9498543094339507,5.367773635409873,1,0.19582178599930875,-0.18908010211351295,0.11610414405932253,-3.011222484126594,5.181816331152008,516,2.928768338961163e-13
driven_dt1e-3,237,6,-2.9778280760975364,0.0,1,0.006760202109743929,0.2263814349784624,0.0,-2.9710678739877925,0.0,516,2.928768338961163e-13
driven_dt1e-3,238,0,-0.9003294425796398,0.0,1,0.014894842188231228,0.6327928621478596,0.0,-0.915224284767871,0.0,517,2.498001805406602e-13
driven_dt1e-3,238,1,-1.7219560332019352,0.0,1,0.10541712697228434,0.40104301821424654,0.0,-1.8273731601742196,0.0,517,2.498001805406602e-13
driven_dt1e-3,238,2,-1.9826109179025015,0.0,1,0.15523775772828197,0.40104301821424654,0.0,-1.8273731601742196,0.0,517,2.498001805406602e-13
driven_dt1e-3,238,3,-2.4330203253846303,0.19025723976725073,1,0.2004467199318516,0.305757705966277,0.0,-2.369924602490087,0.0,517,2.498001805406602e-13
driven_dt1e-3,238,4,-2.6464198717560925,3.045678744368468,1,0.24012160229023224,0.029816753674858462,0.295102778856117,-2.43070613214551,2.940199047603421,517,2.498001805406602e-13
driven_dt1e-3,238,5,-2.9498543094339507,5.367773635409873,1,0.4720851524876009,-0.24013494667201626,0.05730494291997732,-2.7977235874311828,5.814674781774657,517,2.498001805406602e-13
driven_dt1e-3,238,6,-2.9778280760975364,0.0,1,0.04915183146244528,0.22014035610027108,0.0,-3.0269799075599817,0.0,517,2.498001805406602e-13
driven_dt1e-3,239,0,-0.9003294425796398,0.0,1,0.012280796297140961,0.6414498185630313,0.0,-0.8880486462824988,0.0,517,9.992007221626409e-16
driven_dt1e-3,239,1,-1.7219560332019352,0.0,1,0.00601908902892645,0.4240226217088457,0.0,-1.7159369441730088,0.0,517,9.992007221626409e-16
driven_dt1e-3,239,2,-1.9826109179025015,0.0,1,0.012392551478430214,0.3687996506024504,0.0,-1.9950034693809318,0.0,517,9.992007221626409e-16
driven_dt1e-3,239,3,-2.4330203253846303,0.19025723976725073,1,0.20271067486608985,0.267951324628812,0.0379695647685825,-2.614019017696315,0.28153205056478514,517,9.992007221626409e-16
driven_dt1e-3,239,4,-2.6464198717560925,3.045678744368468,1,0.4530270180329814,0.07142557295814242,0.29149911176411514,-2.4071310001836066,2.6610044470604444,517,9.992007221626409e-16
driven_dt1e-3,239,5,-2.9498543094339507,5.367773635409873,1,0.5077988642373813,-0.18153046163702075,0.0538577775508139,-3.328301014999126,5.706355645516198,517,9.992007221626409e-16
driven_dt1e-3,239,6,-2.9778280760975364,0.0,1,0.27498608380026557,0.19663479957306576,0.0,-3.252814159897802,0.0,517,9.992007221626409e-16
driven_dt1e-3,240,0,-0.9003294425796398,0.0,1,0.009287605609239136,0.6345694610785545,0.0,-0.9096170481888789,0.0,516,3.2152058793144533e-13
driven_dt1e-3,240,1,-1.7219560332019352,0.0,1,0.12574281004002463,0.3969879221232903,0.0,-1.8476988432419599,0.0,516,3.2152058793144533e-13
driven_dt1e-3,240,2,-1.9826109179025015,0.0,1,0.13491207466054167,0.3969879221232903,0.0,-1.8476988432419599,0.0,516,3.2152058793144533e-13
driven_dt1e-3,240,3,-2.4330203253846303,0.19025723976725073,1,0.25210215060888663,0.321805040474646,0.0,-2.2676187623394988,0.0,516,3.2152058793144533e-13
driven_dt1e-3,240,4,-2.6464198717560925,3.045678744368468,1,0.7417167677961908,0.010725320695136799,0.18348412630689545,-3.387843233227328,3.0248181908110414,516,3.2152058793144533e-13
driven_dt1e-3,240,5,-2.9498543094339507,5.367773635409873,1,0.42802744706494744,-0.17205183909345165,0.13553193944396275,-3.0371639967359725,4.948745576750122,516,3.2152058793144533e-13
driven_dt1e-3,240,6,-2.9778280760975364,0.0,1,0.12739862809741975,0.21169401929355244,0.0,-3.105226704194956,0.0,516,3.2152058793144533e-13
driven_dt1e-3,241,0,-0.9003294425796398,0.0,1,0.01241531472391011,0.6414929634241819,0.0,-0.8879141278557297,0.0,517,6.794564910705958e-14
driven_dt1e-3,241,1,-1.7219560332019352,0.0,1,0.02382205124985215,0.41774292725190276,0.0,-1.7457780844517874,0.0,517,6.794564910705958e-14
driven_dt1e-3,241,2,-1.9826109179025015,0.0,1,0.022647671679567827,0.36691344816973304,0.0,-2.0052585895820694,0.0,517,6.794564910705958e-14
driven_dt1e-3,241,3,-2.4330203253846303,0.19025723976725073,1,0.17924488487343115,0.2740666681155586,0.013369643294436849,-2.5863908755238434,0.09748761594951223,517,6.794564910705958e-14
driven_dt1e-3,241,4,-2.6464198717560925,3.045678744368468,1,0.7476950859425544,-0.02454304394910525,0.18993571903369763,-3.305579838976765,3.398603777705982,517,6.794564910705958e-14
driven_dt1e-3,241,5,-2.9498543094339507,5.367773635409873,1,0.48056548005818955,-0.18986657773882692,0.1558320086026318,-2.80787718423992,4.908659622832173,517,6.794564910705958e-14
driven_dt1e-3,241,6,-2.9778280760975364,0.0,1,0.11173057165279676,0.21335894925434537,0.0,-3.089558647750333,0.0,517,6.794564910705958e-14
driven_dt1e-3,242,0,-0.9003294425796398,0.0,1,0.021337322811187942,0.6443610586638244,0.0,-0.8789921197684518,0.0,517,1.6586731987899839e-13
driven_dt1e-3,242,1,-1.7219560332019352,0.0,1,0.015624229649441101,0.42606391797367416,0.0,-1.7063318035524941,0.0,517,1.6586731987899839e-13
driven_dt1e-3,242,2,-1.9826109179025015,0.0,1,0.03166500819447826,0.377014000788373,0.0,-1.9509459097080233,0.0,517,1.6586731987899839e-13
driven_dt1e-3,242,3,-2.4330203253846303,0.19025723976725073,1,0.3359176872267044,0.25796472944032206,0.0,-2.7098648220030115,0.0,517,1.6586731987899839e-13
driven_dt1e-3,242,4,-2.6464198717560925,3.045678744368468,1,0.2808209779077228,0.04250715622107597,0.2454335874406976,-2.7799033421806114,2.7986107683851844,517,1.6586731987899839e-13
driven_dt1e-3,242,5,-2.9498543094339507,5.367773635409873,1,0.277943715291386,-0.17994356802341036,0.11875283966938258,-3.0686917601843335,5.11651606006312,517,1.6586731987899839e-13
driven_dt1e-3,242,6,-2.9778280760975364,0.0,1,0.05019202950629209,0.23135128175970737,0.0,-2.9276360465912443,0.0,517,1.6586731987899839e-13
driven_dt1e-3,243,0,-0.9003294425796398,0.0,1,0.0039887980084349905,0.6362529209180721,0.0,-0.9043182405880748,0.0,517,3.2862601528904634e-14
driven_dt1e-3,243,1,-1.7219560332019352,0.0,1,0.023584036399220576,0.4177926447204342,0.0,-1.7455400696011558,0.0,517,3.2862601528904634e-14
driven_dt1e-3,243,2,-1.9826109179025015,0.0,1,0.04642986299113838,0.37980757828131795,0.0,-1.9361810549113632,0.0,517,3.2862601528904634e-14
driven_dt1e-3,243,3,-2.4330203253846303,0.19025723976725073,1,0.27387400815175866,0.3269297490353869,0.0,-2.2360199318386873,0.0,517,3.2862601528904634e-14
driven_dt1e-3,243,4,-2.6464198717560925,3.045678744368468,1,0.47064389558069164,0.028212112844137764,0.3348031160412683,-2.181349802591713,2.9734602757139172,517,3.2862601528904634e-14
driven_dt1e-3,243,5,-2.9498543094339507,5.367773635409873,1,0.04377327111128696,-0.20065000570794328,0.09925341287596312,-2.993501468488426,5.364453278462863,517,3.2862601528904634e-14
driven_dt1e-3,243,6,-2.9778280760975364,0.0,1,0.13516930553862316,0.2108731121074008,0.0,-3.1129973816361596,0.0,517,3.2862601528904634e-14
driven_dt1e-3,244,0,-0.9003294425796398,0.0,1,0.007015783553636523,0.639763418531827,0.0,-0.8933136590260032,0.0,516,5.083711229758592e-13
driven_dt1e-3,244,1,-1.7219560332019352,0.0,1,0.09192062144130886,0.4037585099783558,0.0,-1.813876654643244,0.0,516,5.083711229758592e-13
driven_dt1e-3,244,2,-1.9826109179025015,0.0,1,0.16873426325925744,0.4037585099783558,0.0,-1.813876654643244,0.0,516,5.083711229758592e-13
driven_dt1e-3,244,3,-2.4330203253846303,0.19025723976725073,1,0.21770619331816182,0.32531230934400124,0.013308820842807286,-2.24426690945249,0.0817762064801676,516,5.083711229758592e-13
driven_dt1e-3,244,4,-2.6464198717560925,3.045678744368468,1,0.11790944540408417,0.008162627473317492,0.2514234799868247,-2.760179716984149,3.0766841459815315,516,5.083711229758592e-13
driven_dt1e-3,244,5,-2.9498543094339507,5.367773635409873,1,0.23997548962178245,-0.18008001335835339,0.10883523625887234,-3.1173594917109018,5.1959299578142755,516,5.083711229758592e-13
driven_dt1e-3,244,6,-2.9778280760975364,0.0,1,0.2545562150990086,0.23085496936562905,0.028666989708660277,-2.916628840465144,0.24709010543432056,516,5.083711229758592e-13
driven_dt1e-3,245,0,-0.9003294425796398,0.0,1,0.005432095697220363,0.6357939353660658,0.0,-0.9057615382768601,0.0,517,2.4846791291111003e-13
driven_dt1e-3,245,1,-1.7219560332019352,0.0,1,0.05822072946357815,0.4106194600534352,0.0,-1.7801767626655134,0.0,517,2.4846791291111003e-13
driven_dt1e-3,245,2,-1.9826109179025015,0.0,1,0.0007818110732411565,0.3712370196379619,0.0,-1.9818291068292604,0.0,517,2.4846791291111003e-13
driven_dt1e-3,245,3,-2.4330203253846303,0.19025723976725073,1,0.19158078186903987,0.2929508365506247,0.0,-2.4555009547730506,0.0,517,2.4846791291111003e-13
driven_dt1e-3,245,4,-2.6464198717560925,3.045678744368468,1,0.6821113881697225,0.01450926522056116,0.18900208130199544,-3.326118513098538,2.9883576938890903,517,2.4846791291111003e-13
driven_dt1e-3,245,5,-2.9498543094339507,5.367773635409873,1,0.14280130836012492,-0.22206878627721366,0.10004198014178128,-2.824759140062202,5.436646070165855,517,2.4846791291111003e-13
driven_dt1e-3,245,6,-2.9778280760975364,0.0,1,0.1877688425101045,0.2478256964560075,0.0,-2.790059233587432,0.0,517,2.4846791291111003e-13
driven_dt1e-3,246,0,-0.9003294425796398,0.0,1,0.011406699729229364,0.6338974609424581,0.0,-0.9117361423088691,0.0,516,4.0090153419214403e-13
driven_dt1e-3,246,1,-1.7219560332019352,0.0,1,0.16828922762540688,0.3886319098875925,0.0,-1.8902452608273421,0.0,516,4.0090153419214403e-13
driven_dt1e-3,246,2,-1.9826109179025015,0.0,1,0.011315992776925965,0.36899822127738674,0.0,-1.9939269106794275,0.0,516,4.0090153419214403e-13
driven_dt1e-3,246,3,-2.4330203253846303,0.19025723976725073,1,0.19250722526872835,0.3006414457120678,0.0,-2.4036738690941037,0.0,516,4.0090153419214403e-13
driven_dt1e-3,246,4,-2.6464198717560925,3.045678744368468,1,0.4762480981353662,-0.05059611971639842,0.26293810201165985,-2.6353145630346777,3.521797346290043,516,4.0090153419214403e-13
driven_dt1e-3,246,5,-2.9498543094339507,5.367773635409873,1,0.3014533379709966,-0.19484177385374468,0.0699954464041828,-3.149753776756368,5.593415648204631,516,4.0090153419214403e-13
driven_dt1e-3,246,6,-2.9778280760975364,0.0,1,0.03949604662126127,0.23011731963512858,0.0,-2.938332029476275,0.0,516,4.0090153419214403e-13
driven_dt1e-3,247,0,-0.9003294425796398,0.0,1,0.007174942295845921,0.6352401310512632,0.0,-0.9075043848754857,0.0,516,7.582823258189819e-14
driven_dt1e-3,247,1,-1.7219560332019352,0.0,1,0.07653399881575051,0.4068767292266807,0.0,-1.7984900320176858,0.0,516,7.582823258189819e-14
driven_dt1e-3,247,2,-1.9826109179025015,0.0,1,0.1584456369599987,0.34282736161470223,0.0,-2.1410565548625002,0.0,516,7.582823258189819e-14
driven_dt1e-3,247,3,-2.4330203253846303,0.19025723976725073,1,0.2915854796358489,0.33087021361143454,0.0,-2.2120581687817067,0.0,516,7.582823258189819e-14
driven_dt1e-3,247,4,-2.6464198717560925,3.045678744368468,1,0.5929411338789967,-0.040350418519542644,0.217514847331436,-3.0171425446971893,3.508435579016125,516,7.582823258189819e-14
driven_dt1e-3,247,5,-2.9498543094339507,5.367773635409873,1,0.21566410432831826,-0.22981034556575672,0.10974624892636184,-2.7355699071402038,5.392129349920997,516,7.582823258189819e-14
driven_dt1e-3,247,6,-2.9778280760975364,0.0,1,0.24806333517822354,0.25541071806649013,0.0,-2.729764740919313,0.0,516,7.582823258189819e-14
driven_dt1e-3,248,0,-0.9003294425796398,0.0,1,0.0018318278590918613,0.6369394803525034,0.0,-0.9021612704387316,0.0,516,2.169375790117556e-13
driven_dt1e-3,248,1,-1.7219560332019352,0.0,1,0.13376032021208406,0.39539968033449596,0.0,-1.8557163534140193,0.0,516,2.169375790117556e-13
driven_dt1e-3,248,2,-1.9826109179025015,0.0,1,0.12689456448848224,0.39539968033449596,0.0,-1.8557163534140193,0.0,516,2.169375790117556e-13
driven_dt1e-3,248,3,-2.4330203253846303,0.19025723976725073,1,0.23737959235183928,0.31805447459404707,0.0,-2.291065214235816,0.0,516,2.169375790117556e-13
driven_dt1e-3,248,4,-2.6464198717560925,3.045678744368468,1,0.06945508451071844,0.0046996568940019905,0.2616172521913967,-2.681422777284899,3.1056687882835416,516,2.169375790117556e-13
driven_dt1e-3,248,5,-2.9498543094339507,5.367773635409873,1,0.20784574234115097,-0.2225836052747598,0.11909154202079955,-2.753158607957145,5.300612235559278,516,2.169375790117556e-13
driven_dt1e-3,248,6,-2.9778280760975364,0.0,1,0.135925913521179,0.24148423650571121,0.0,-2.8419021625763574,0.0,516,2.169375790117556e-13
driven_dt1e-3,249,0,-0.9003294425796398,0.0,1,0.0018719685099448657,0.6369266968981402,0.0,-0.9022014110895846,0.0,517,2.8954616482224083e-13
driven_dt1e-3,249,1,-1.7219560332019352,0.0,1,0.0836005316984827,0.40544166206379967,0.0,-1.805556564900418,0.0,517,2.8954616482224083e-13
driven_dt1e-3,249,2,-1.9826109179025015,0.0,1,0.04993032004367781,0.3619422468497786,0.0,-2.0325412379461794,0.0,517,2.8954616482224083e-13
driven_dt1e-3,249,3,-2.4330203253846303,0.19025723976725073,1,0.22595615755333767,0.3148803006791209,0.0,-2.311125420436082,0.0,517,2.8954616482224083e-13
driven_dt1e-3,249,4,-2.6464198717560925,3.045678744368468,1,0.3860994318762312,0.04897383031521172,0.23350742468689278,-2.8660355386466825,2.7281228750299373,517,2.8954616482224083e-13
driven_dt1e-3,249,5,-2.9498543094339507,5.367773635409873,1,0.306515276909757,-0.2051476692271979,0.13751567154553576,-2.7969449232193524,5.102122859791694,517,2.8954616482224083e-13
driven_dt1e-3,249,6,-2.9778280760975364,0.0,1,0.10852350080711304,0.2381981740648243,0.0,-2.8693045752904234,0.0,517,2.8954616482224083e-13
driven_dt1e-3,250,0,-0.9003294425796398,0.0,1,0.011171346647790403,0.641094089099995,0.0,-0.8891580959318494,0.0,516,5.474509734426647e-13
driven_dt1e-3,250,1,-1.7219560332019352,0.0,1,0.09281241944891927,0.4428289030621235,0.0,-1.629143613753016,0.0,516,5.474509734426647e-13
driven_dt1e-3,250,2,-1.9826109179025015,0.0,1,0.05456978817192759,0.3813565308678649,0.0,-1.928041129730574,0.0,516,5.474509734426647e-13
driven_dt1e-3,250,3,-2.4330203253846303,0.19025723976725073,1,0.010295465693246759,0.29608946233683936,0.02715407076887496,-2.425811894849704,0.18290637974518775,516,5.474509734426647e-13
driven_dt1e-3,250,4,-2.6464198717560925,3.045678744368468,1,0.15614004148861513,-0.00728228841991912,0.2612710582040475,-2.6836171698143887,3.19732330765126,516,5.474509734426647e-13
driven_dt1e-3,250,5,-2.9498543094339507,5.367773635409873,1,0.17750140581804097,-0.22520522075314336,0.09463338688472461,-2.818877811328519,5.487573076190783,516,5.474509734426647e-13
driven_dt1e-3,250,6,-2.9778280760975364,0.0,1,0.14416446745514078,0.2424810285808558,0.0,-2.8336636086423956,0.0,516,5.474509734426647e-13
driven_dt1e-3,251,0,-0.9003294425796398,0.0,1,0.006343334359671826,0.6395483504918758,0.0,-0.8939861082199679,0.0,516,3.1108449149996886e-13
driven_dt1e-3,251,1,-1.7219560332019352,0.0,1,0.02517268867676492,0.4281029083366187,0.0,-1.6967833445251703,0.0,516,3.1108449149996886e-13
driven_dt1e-3,251,2,-1.9826109179025015,0.0,1,0.04017824255658886,0.37862222543169477,0.0,-1.9424326753459127,0.0,516,3.1108449149996886e-13
driven_dt1e-3,251,3,-2.4330203253846303,0.19025723976725073,1,0.2579776136791427,0.32322802046197363,0.0,-2.2587945182384677,0.0,516,3.1108449149996886e-13
driven_dt1e-3,251,4,-2.6464198717560925,3.045678744368468,1,0.24452322231930357,-0.0194466126698249,0.2628057586118458,-2.6672196665625787,3.2893157177313457,516,3.1108449149996886e-13
driven_dt1e-3,251,5,-2.9498543094339507,5.367773635409873,1,0.13469667888321743,-0.19281345624366458,0.09287866371030815,-3.083395315604124,5.385380309520173,516,3.1108449149996886e-13
driven_dt1e-3,251,6,-2.9778280760975364,0.0,1,0.05608730267487161,0.23203422730479706,0.0,-2.921740773422665,0.0,516,3.1108449149996886e-13
driven_dt1e-3,252,0,-0.9003294425796398,0.0,1,0.009894024990671269,0.6406847781372178,0.0,-0.8904354175889685,0.0,517,3.5571545708990016e-13
driven_dt1e-3,252,1,-1.7219560332019352,0.0,1,0.1050607597839901,0.4455491838486893,0.0,-1.6168952734179451,0.0,517,3.5571545708990016e-13
driven_dt1e-3,252,2,-1.9826109179025015,0.0,1,0.07287179155339896,0.38486234150120224,0.0,-1.9097391263491026,0.0,517,3.5571545708990016e-13
driven_dt1e-3,252,3,-2.4330203253846303,0.19025723976725073,1,0.19035287751586824,0.29536989932245183,0.0,-2.4390536242101497,0.0,517,3.5571545708990016e-13
driven_dt1e-3,252,4,-2.6464198717560925,3.045678744368468,1,0.458783110772241,-0.010827464854846787,0.21613286670109128,-3.061217374533157,3.241701636959526,517,3.5571545708990016e-13
driven_dt1e-3,252,5,-2.9498543094339507,5.367773635409873,1,0.33477805246780357,-0.17424031753898678,0.0842968875831797,-3.284330672042987,5.381983043207667,517,3.5571545708990016e-13
driven_dt1e-3,252,6,-2.9778280760975364,0.0,1,0.0827151738560401,0.23514417293064777,0.0,-2.8951129022414963,0.0,517,3.5571545708990016e-13
driven_dt1e-3,253,0,-0.9003294425796398,0.0,1,0.010692433991371653,0.6409405934418692,0.0,-0.8896370085882681,0.0,517,2.90878432451791e-14
driven_dt1e-3,253,1,-1.7219560332019352,0.0,1,0.17996058359690648,0.38637058380938544,0.0,-1.9019166167988417,0.0,517,2.90878432451791e-14
driven_dt1e-3,253,2,-1.9826109179025015,0.0,1,0.08069430110365983,0.38637058380938544,0.0,-1.9019166167988417,0.0,517,2.90878432451791e-14
driven_dt1e-3,253,3,-2.4330203253846303,0.19025723976725073,1,0.19303728351441313,0.2914660519033541,0.0,-2.465663479992768,0.0,517,2.90878432451791e-14
driven_dt1e-3,253,4,-2.6464198717560925,3.045678744368468,1,0.30990021019907976,0.04182359939667983,0.23936203765750808,-2.8294825370327983,2.7956263481327537,517,2.90878432451791e-14
driven_dt1e-3,253,5,-2.9498543094339507,5.367773635409873,1,0.2246519011368147,-0.18085801652205058,0.10384652966337919,-3.1351386302986137,5.240737431412328,517,2.90878432451791e-14
driven_dt1e-3,253,6,-2.9778280760975364,0.0,1,0.1525496854223345,0.2434997908632704,0.0,-2.825278390675202,0.0,517,2.90878432451791e-14
driven_dt1e-3,254,0,-0.9003294425796398,0.0,1,0.007533254672400291,0.6351263340447667,0.0,-0.90786269725204,0.0,517,2.3161472739730016e-12
driven_dt1e-3,254,1,-1.7219560332019352,0.0,1,0.07761001457578609,0.40665788521534096,0.0,-1.7995660477777213,0.0,517,2.3161472739730016e-12
driven_dt1e-3,254,2,-1.9826109179025015,0.0,1,0.15739159540348768,0.34300808637629693,0.0,-2.1400025133059892,0.0,517,2.3161472739730016e-12
driven_dt1e-3,254,3,-2.4330203253846303,0.19025723976725073,1,0.2079430955154784,0.3089578807211503,0.0,-2.3491006394420206,0.0,517,2.3161472739730016e-12
driven_dt1e-3,254,4,-2.6464198717560925,3.045678744368468,1,0.0553830052426776,0.007595726637375038,0.27133048321622333,-2.6080520336649258,3.0856185274164574,517,2.3161472739730016e-12
driven_dt1e-3,254,5,-2.9498543094339507,5.367773635409873,1,0.31692792910818035,-0.24371607207425008,0.10856341136444352,-2.64249369411704,5.445057297336633,517,2.3161472739730016e-12
driven_dt1e-3,254,6,-2.9778280760975364,0.0,1,0.1833926279283271,0.20584941924718428,0.0,-3.1612207040258635,0.0,517,2.3161472739730016e-12
driven_dt1e-3,255,0,-0.9003294425796398,0.0,1,0.017031396365588924,0.6429752653186619,0.0,-0.8832980462140508,0.0,517,9.592326932761353e-14
driven_dt1e-3,255,1,-1.7219560332019352,0.0,1,0.024996764211196787,0.4280652531050834,0.0,-1.6969592689907385,0.0,517,9.592326932761353e-14
driven_dt1e-3,255,2,-1.9826109179025015,0.0,1,0.04694162478690811,0.36248351871140716,0.0,-2.0295525426894097,0.0,517,9.592326932761353e-14
driven_dt1e-3,255,3,-2.4330203253846303,0.19025723976725073,1,0.21279278746448743,0.28247579122721783,0.0,-2.528324853677117,0.0,517,9.592326932761353e-14
driven_dt1e-3,255,4,-2.6464198717560925,3.045678744368468,1,0.6670272085053301,-0.07502115991343103,0.25553899475713526,-2.6460850343179096,3.712705868832161,517,9.592326932761353e-14
driven_dt1e-3,255,5,-2.9498543094339507,5.367773635409873,1,0.3858708450579593,-0.18879873011427512,0.14281369964430157,-2.8816768292064756,4.987973503425199,517,9.592326932761353e-14
driven_dt1e-3,255,6,-2.9778280760975364,0.0,1,0.06407490050249676,0.21850388412252716,0.0,-3.041902976600033,0.0,517,9.592326932761353e-14
driven_dt1e-3,256,0,-0.9003294425796398,0.0,1,0.0024919974270897205,0.636729271017071,0.0,-0.9028214400067295,0.0,517,4.070077608275824e-13
driven_dt1e-3,256,1,-1.7219560332019352,0.0,1,0.010692805284226115,0.4250146610948917,0.0,-1.7112632279177091,0.0,517,4.070077608275824e-13
driven_dt1e-3,256,2,-1.9826109179025015,0.0,1,0.033359275127825105,0.3773335172832953,0.0,-1.9492516427746764,0.0,517,4.070077608275824e-13
driven_dt1e-3,256,3,-2.4330203253846303,0.19025723976725073,1,0.1846449589209586,0.2856334828844891,0.002947888409403938,-2.5059851291660515,0.020640323558810025,517,4.070077608275824e-13
driven_dt1e-3,256,4,-2.6464198717560925,3.045678744368468,1,0.35476889200631406,-0.01680531572436749,0.2330527449831319,-2.907794648350625,3.2855624513924044,517,4.070077608275824e-13
driven_dt1e-3,256,5,-2.9498543094339507,5.367773635409873,1,0.2247503585873723,-0.22874523214922737,0.0885996647741007,-2.81051023008988,5.544114076707114,517,4.070077608275824e-13
driven_dt1e-3,256,6,-2.9778280760975364,0.0,1,0.4722941768914798,0.2856334828844891,0.002947888409403938,-2.5059851291660515,0.020640323558810025,517,4.070077608275824e-13
driven_dt1e-3,257,0,-0.9003294425796398,0.0,1,0.004564589625908222,0.6360697727339056,0.0,-0.904894032205548,0.0,517,1.5365486660812167e-13
driven_dt1e-3,257,1,-1.7219560332019352,0.0,1,0.20182952518908315,0.46763684617029305,0.0,-1.520126508012852,0.0,517,1.5365486660812167e-13
driven_dt1e-3,257,2,-1.9826109179025015,0.0,1,0.09551118572232765,0.37642588102381686,0.01704113969000342,-1.9520208711199778,0.09048002893416854,517,1.5365486660812167e-13
driven_dt1e-3,257,3,-2.4330203253846303,0.19025723976725073,1,0.2299442190374453,0.316022663057942,0.0,-2.30388269885817,0.0,517,1.5365486660812167e-13
driven_dt1e-3,257,4,-2.6464198717560925,3.045678744368468,1,0.1989412223016368,0.03933149501084583,0.2692153285215583,-2.6033678105740226,2.851451738113301,517,1.5365486660812167e-13
driven_dt1e-3,257,5,-2.9498543094339507,5.367773635409873,1,0.40793817881873135,-0.1668110011315726,0.0836334946653589,-3.35754980284814,5.353704435443141,517,1.5365486660812167e-13
driven_dt1e-3,257,6,-2.9778280760975364,0.0,1,0.40306663218073124,0.22123974757971077,0.045200381853506055,-2.97612377433794,0.40306302898309726,517,1.5365486660812167e-13
driven_dt1e-3,258,0,-0.9003294425796398,0.0,1,0.0028161698228303944,0.6366260743540624,0.0,-0.9031456124024702,0.0,516,4.440892098500626e-15
driven_dt1e-3,258,1,-1.7219560332019352,0.0,1,0.12997954198415962,0.396147846525674,0.0,-1.8519355751860949,0.0,516,4.440892098500626e-15
driven_dt1e-3,258,2,-1.9826109179025015,0.0,1,0.13067534271640668,0.396147846525674,0.0,-1.8519355751860949,0.0,516,4.440892098500626e-15
driven_dt1e-3,258,3,-2.4330203253846303,0.19025723976725073,1,0.13759833005593614,0.31588539711281827,0.025864400184021866,-2.298069789278161,0.1633936354156591,516,4.440892098500626e-15
driven_dt1e-3,258,4,-2.6464198717560925,3.045678744368468,1,0.4409775396086994,-0.033349831288098764,0.30961723457576223,-2.333301620249789,3.3561914671560813,516,4.440892098500626e-15
driven_dt1e-3,258,5,-2.9498543094339507,5.367773635409873,1,0.4096983999041884,-0.21215080708169004,0.15058237601394486,-2.6929199885633293,5.048653699268608,516,4.440892098500626e-15
driven_dt1e-3,258,6,-2.9778280760975364,0.0,1,0.10856959314923298,0.23820366368394708,0.0,-2.8692584829483034,0.0,516,4.440892098500626e-15
driven_dt1e-3,259,0,-0.9003294425796398,0.0,1,9.551635437576866e-05,0.6374926831246143,0.0,-0.9004249589340155,0.0,516,1.7996715229173788e-13
driven_dt1e-3,259,1,-1.7219560332019352,0.0,1,0.038073631743071434,0.41477675947107534,0.0,-1.7600296649450067,0.0,516,1.7996715229173788e-13
driven_dt1e-3,259,2,-1.9826109179025015,0.0,1,0.14978762529635037,0.3443146802452225,0.0,-2.132398543198852,0.0,516,1.7996715229173788e-13
driven_dt1e-3,259,3,-2.4330203253846303,0.19025723976725073,1,0.28910788272060345,0.26570960565744756,0.0,-2.650702549204898,0.0,516,1.7996715229173788e-13
driven_dt1e-3,259,4,-2.6464198717560925,3.045678744368468,1,0.6941141704746738,-0.02212536163436052,0.194564922310156,-3.261130078409811,3.368054059008853,516,1.7996715229173788e-13
driven_dt1e-3,259,5,-2.9498543094339507,5.367773635409873,1,0.49879206942139853,-0.22934580408628752,0.04876765461994247,-2.900826139199295,5.864150273700922,516,1.7996715229173788e-13
driven_dt1e-3,259,6,-2.9778280760975364,0.0,1,0.19281633861197456,0.20488176806796354,0.0,-3.170644414709511,0.0,516,1.7996715229173788e-13
driven_dt1e-3,260,0,-0.9003294425796398,0.0,1,0.003289000124866659,0.6364755840943416,0.0,-0.9036184427045064,0.0,516,3.774758283725532e-13
driven_dt1e-3,260,1,-1.7219560332019352,0.0,1,0.017854644147027754,0.41899120963374153,0.0,-1.739810677348963,0.0,516,3.774758283725532e-13
driven_dt1e-3,260,2,-1.9826109179025015,0.0,1,0.02636511277115594,0.3662320920265878,0.0,-2.0089760306736575,0.0,516,3.774758283725532e-13
driven_dt1e-3,260,3,-2.4330203253846303,0.19025723976725073,1,0.1931733047197813,0.2913502211164562,0.0,-2.466458452911577,0.0,516,3.774758283725532e-13
driven_dt1e-3,260,4,-2.6464198717560925,3.045678744368468,1,0.5034211421218636,-0.03893072720140042,0.23046098822182465,-2.9072111122979085,3.476283871128406,516,3.774758283725532e-13
driven_dt1e-3,260,5,-2.9498543094339507,5.367773635409873,1,0.2637698523618152,-0.17945716765732794,0.11458654020837612,-3.0936770159212017,5.146663789148663,516,3.774758283725532e-13
driven_dt1e-3,260,6,-2.9778280760975364,0.0,1,0.051951097663067713,0.21983245589508227,0.0,-3.029779173760604,0.0,516,3.774758283725532e-13
driven_dt1e-3,261,0,-0.9003294425796398,0.0,1,0.009457080716577582,0.6345156914929733,0.0,-0.9097865232962173,0.0,517,1.6764367671839864e-13
driven_dt1e-3,261,1,-1.7219560332019352,0.0,1,0.003696294382679266,0.4219678453120018,0.0,-1.7256523275846145,0.0,517,1.6764367671839864e-13
driven_dt1e-3,261,2,-1.9826109179025015,0.0,1,0.14534876830039134,0.39906495741617365,0.0,-1.8372621496021102,0.0,517,1.6764367671839864e-13
driven_dt1e-3,261,3,-2.4330203253846303,0.19025723976725073,1,0.3126616322257051,0.34034838017507985,0.00803094316613749,-2.1550144490331133,0.04718373075853471,517,1.6764367671839864e-13
driven_dt1e-3,261,4,-2.6464198717560925,3.045678744368468,1,0.14611746297826794,0.02650980215192776,0.2528435769616229,-2.7390356704268077,2.93266269761496,517,1.6764367671839864e-13
driven_dt1e-3,261,5,-2.9498543094339507,5.367773635409873,1,0.2542905991571516,-0.18740205833904375,0.12371027072120926,-2.987292735817295,5.116254107242293,517,1.6764367671839864e-13
driven_dt1e-3,261,6,-2.9778280760975364,0.0,1,0.2617827985649859,0.25716879012136784,0.0,-2.7160452775325505,0.0,517,1.6764367671839864e-13
driven_dt1e-3,262,0,-0.9003294425796398,0.0,1,0.009386876920516207,0.6345379645889866,0.0,-0.909716319500156,0.0,517,9.792167077193881e-14
driven_dt1e-3,262,1,-1.7219560332019352,0.0,1,0.10997394309853536,0.4466450617677925,0.0,-1.6119820901033999,0.0,517,9.792167077193881e-14
driven_dt1e-3,262,2,-1.9826109179025015,0.0,1,0.05772662358693159,0.38195894607540215,0.0,-1.92488429431557,0.0,517,9.792167077193881e-14
driven_dt1e-3,262,3,-2.4330203253846303,0.19025723976725073,1,0.09387827808490586,0.28299001091076326,0.03475339239514675,-2.5097181913837328,0.24439196473533975,517,9.792167077193881e-14
driven_dt1e-3,262,4,-2.6464198717560925,3.045678744368468,1,0.15527276890901523,0.012606038762963314,0.28746785959418547,-2.4913672846622488,3.0539448196269237,517,9.792167077193881e-14
driven_dt1e-3,262,5,-2.9498543094339507,5.367773635409873,1,0.43465292989403104,-0.25928253271252427,0.11329266106849467,-2.5249457156044097,5.4592933401475285,517,9.792167077193881e-14
driven_dt1e-3,262,6,-2.9778280760975364,0.0,1,0.46739769771207706,0.17859887904471655,0.0,-3.4452257738096135,0.0,517,9.792167077193881e-14
driven_dt1e-3,263,0,-0.9003294425796398,0.0,1,0.0013179232195619228,0.6379433710541069,0.0,-0.8990115193600778,0.0,517,2.4646951146678475e-14
driven_dt1e-3,263,1,-1.7219560332019352,0.0,1,0.037495517336623596,0.4148966710109426,0.0,-1.7594515505385588,0.0,517,2.4646951146678475e-14
driven_dt1e-3,263,2,-1.9826109179025015,0.0,1,0.16054296145526004,0.3424680399395884,0.0,-2.1431538793577616,0.0,517,2.4646951146678475e-14
driven_dt1e-3,263,3,-2.4330203253846303,0.19025723976725073,1,0.320571420072002,0.26040575978107094,0.0,-2.691028499834834,0.0,517,2.4646951146678475e-14
driven_dt1e-3,263,4,-2.6464198717560925,3.045678744368468,1,0.6347617995449115,-0.036742670014313014,0.20902844011257718,-3.100139630818795,3.4895941894676192,517,2.4646951146678475e-14
driven_dt1e-3,263,5,-2.9498543094339507,5.367773635409873,1,0.3729455712007578,-0.2379697839744088,0.07107842186599016,-2.7857670134969608,5.702682217548859,517,2.4646951146678475e-14
driven_dt1e-3,263,6,-2.9778280760975364,0.0,1,0.04231773084897572,0.23044220796998013,0.0,-2.9355103452485607,0.0,517,2.4646951146678475e-14
driven_dt1e-3,264,0,-0.9003294425796398,0.0,1,0.0014567383378697452,0.6370589462171181,0.0,-0.9017861809175095,0.0,517,3.105293799876563e-13
driven_dt1e-3,264,1,-1.7219560332019352,0.0,1,0.08005341016051859,0.4061613755288742,0.0,-1.8020094433624538,0.0,517,3.105293799876563e-13
driven_dt1e-3,264,2,-1.9826109179025015,0.0,1,0.1806014745400477,0.4061613755288742,0.0,-1.8020094433624538,0.0,517,3.105293799876563e-13
driven_dt1e-3,264,3,-2.4330203253846303,0.19025723976725073,1,0.31601385180152747,0.3360993016184126,0.0,-2.180697244302886,0.0,517,3.105293799876563e-13
driven_dt1e-3,264,4,-2.6464198717560925,3.045678744368468,1,0.351210723530155,0.016386639433177815,0.2232044829582241,-2.993958584180175,2.9950248630839518,517,3.105293799876563e-13
driven_dt1e-3,264,5,-2.9498543094339507,5.367773635409873,1,0.17397814500486022,-0.1869571523517215,0.09568290782880966,-3.1211096710285884,5.3371142801586275,517,3.105293799876563e-13
driven_dt1e-3,264,6,-2.9778280760975364,0.0,1,0.10827471570066967,0.22841051352814246,0.011975449445493619,-2.9504764606213905,0.10476308124003368,517,3.105293799876563e-13
driven_dt1e-3,265,0,-0.9003294425796398,0.0,1,0.005016265645344631,0.6391241289466069,0.0,-0.8953131769342951,0.0,517,2.1760371282653068e-13
driven_dt1e-3,265,1,-1.7219560332019352,0.0,1,0.04555765979738835,0.41322755939095485,0.0,-1.7675136929993236,0.0,517,2.1760371282653068e-13
driven_dt1e-3,265,2,-1.9826109179025015,0.0,1,0.01710984024436879,0.3679308084257712,0.0,-1.9997207581468703,0.0,517,2.1760371282653068e-13
driven_dt1e-3,265,3,-2.4330203253846303,0.19025723976725073,1,0.19107061452344865,0.2988825931002193,0.0,-2.4154088958425635,0.0,517,2.1760371282653068e-13
driven_dt1e-3,265,4,-2.6464198717560925,3.045678744368468,1,0.0706306327088866,0.008410856319007497,0.2578055308228027,-2.7100356574140925,3.07636617000134,517,2.1760371282653068e-13
driven_dt1e-3,265,5,-2.9498543094339507,5.367773635409873,1,0.4182303025253103,-0.25729951390622774,0.09485674443108351,-2.5875928536681894,5.576778954999791,517,2.1760371282653068e-13
driven_dt1e-3,265,6,-2.9778280760975364,0.0,1,0.022103503594982588,0.2281248331024661,0.0,-2.955724572502554,0.0,517,2.1760371282653068e-13
driven_dt1e-3,266,0,-0.9003294425796398,0.0,1,0.021451261461527982,0.6443977685241604,0.0,-0.8788781811181118,0.0,517,7.260858581048524e-14
driven_dt1e-3,266,1,-1.7219560332019352,0.0,1,0.05604104133790244,0.41106721518137523,0.0,-1.7779970745398377,0.0,517,7.260858581048524e-14
driven_dt1e-3,266,2,-1.9826109179025015,0.0,1,0.12160145570613312,0.3492014904629413,0.0,-2.1042123736086347,0.0,517,7.260858581048524e-14
driven_dt1e-3,266,3,-2.4330203253846303,0.19025723976725073,1,0.3324050171111064,0.25851644666363516,0.0,-2.7055919272010738,0.0,517,7.260858581048524e-14
driven_dt1e-3,266,4,-2.6464198717560925,3.045678744368468,1,0.4178756966973258,0.012558956543730961,0.21575956926402262,-3.063798736037509,3.025307648633816,517,7.260858581048524e-14
driven_dt1e-3,266,5,-2.9498543094339507,5.367773635409873,1,0.08523276995281227,-0.20131628524748757,0.11004042808389639,-2.944333276897158,5.282719868452984,517,7.260858581048524e-14
driven_dt1e-3,266,6,-2.9778280760975364,0.0,1,0.27223614889646264,0.25851644666363516,0.0,-2.7055919272010738,0.0,517,7.260858581048524e-14
driven_dt1e-3,267,0,-0.9003294425796398,0.0,1,0.002459325728214723,0.6383075500449757,0.0,-0.897870116851425,0.0,516,2.708944180085382e-14
driven_dt1e-3,267,1,-1.7219560332019352,0.0,1,0.09082059318165592,0.44238810347709395,0.0,-1.6311354400202793,0.0,516,2.708944180085382e-14
driven_dt1e-3,267,2,-1.9826109179025015,0.0,1,0.06173924189862934,0.3827260430656143,0.0,-1.9208716760038722,0.0,516,2.708944180085382e-14
driven_dt1e-3,267,3,-2.4330203253846303,0.19025723976725073,1,0.24680464026689944,0.32048955478433827,0.0,-2.27581118705794,0.0,516,2.708944180085382e-14
driven_dt1e-3,267,4,-2.6464198717560925,3.045678744368468,1,0.2826539122390912,0.03946942890442831,0.29552491197393943,-2.4203240237015446,2.8760500274701823,516,2.708944180085382e-14
driven_dt1e-3,267,5,-2.9498543094339507,5.367773635409873,1,0.21382246662098772,-0.1893304417412709,0.11930829061147917,-2.9941238801408634,5.158584122428679,516,2.708944180085382e-14
driven_dt1e-3,267,6,-2.9778280760975364,0.0,1,0.1331900242812023,0.24115412528198482,0.0,-2.844638051816334,0.0,516,2.708944180085382e-14
driven_dt1e-3,268,0,-0.9003294425796398,0.0,1,0.008917465684754489,0.6403720211587416,0.0,-0.8914119768948853,0.0,516,2.0405899192610377e-13
driven_dt1e-3,268,1,-1.7219560332019352,0.0,1,0.1492436737236602,0.4555015407509362,0.0,-1.572712359478275,0.0,516,2.0405899192610377e-13
driven_dt1e-3,268,2,-1.9826109179025015,0.0,1,0.080156847454391,0.3862667696187198,0.0,-1.9024540704481105,0.0,516,2.0405899192610377e-13
driven_dt1e-3,268,3,-2.4330203253846303,0.19025723976725073,1,0.20049788617156722,0.2870384201010494,0.0,-2.4962784084682457,0.0,516,2.0405899192610377e-13
driven_dt1e-3,268,4,-2.6464198717560925,3.045678744368468,1,0.2927869452206245,-0.02573374342609092,0.27577055248330234,-2.567702041442519,3.327685301885041,516,2.0405899192610377e-13
driven_dt1e-3,268,5,-2.9498543094339507,5.367773635409873,1,0.16108585556788313,-0.18746076363987635,0.10121378442281895,-3.092556701898215,5.293042918505698,516,2.0405899192610377e-13
driven_dt1e-3,268,6,-2.9778280760975364,0.0,1,0.1966344725316166,0.2270162412132651,0.022251318705856452,-2.955906071462506,0.19540865257344356,516,2.0405899192610377e-13
driven_dt1e-3,269,0,-0.9003294425796398,0.0,1,0.018576556254800813,0.6434722070524155,0.0,-0.881752886324839,0.0,517,5.517808432387028e-13
driven_dt1e-3,269,1,-1.7219560332019352,0.0,1,0.037363188379726964,0.4149241233409645,0.0,-1.7593192215816622,0.0,517,5.517808432387028e-13
driven_dt1e-3,269,2,-1.9826109179025015,0.0,1,0.142997259152587,0.3454856783706305,0.0,-2.1256081770550885,0.0,517,5.517808432387028e-13
driven_dt1e-3,269,3,-2.4330203253846303,0.19025723976725073,1,0.2971633850503287,0.26430637654187045,0.0,-2.6612926630226297,0.0,517,5.517808432387028e-13
driven_dt1e-3,269,4,-2.6464198717560925,3.045678744368468,1,0.46721714803252873,-0.011995536945377139,0.21563455888513045,-3.065250513904584,3.252736119540501,517,5.517808432387028e-13
driven_dt1e-3,269,5,-2.9498543094339507,5.367773635409873,1,0.29615525718836394,-0.23740825029360024,0.08587697845277714,-2.752981678999936,5.589018078834556,517,5.517808432387028e-13
driven_dt1e-3,269,6,-2.9778280760975364,0.0,1,0.31653541307490674,0.26430637654187045,0.0,-2.6612926630226297,0.0,517,5.517808432387028e-13
driven_dt1e-3,270,0,-0.9003294425796398,0.0,1,0.0014198669719825974,0.6370706909421276,0.0,-0.9017493095516224,0.0,517,3.965716643961059e-13
driven_dt1e-3,270,1,-1.7219560332019352,0.0,1,0.12095325887951858,0.4491037328122149,0.0,-1.6010027743224167,0.0,517,3.965716643961059e-13
driven_dt1e-3,270,2,-1.9826109179025015,0.0,1,0.004481990257266366,0.3719244771170398,0.0,-1.9781289276452352,0.0,517,3.965716643961059e-13
driven_dt1e-3,270,3,-2.4330203253846303,0.19025723976725073,1,0.1794584239654534,0.27305867544620255,0.0415903960778729,-2.5732029078240157,0.302302630180196,517,3.965716643961059e-13
driven_dt1e-3,270,4,-2.6464198717560925,3.045678744368468,1,0.43452777183040836,-0.03446376570642023,0.3065366865406094,-2.3522745022725835,3.365511335114485,517,3.965716643961059e-13
driven_dt1e-3,270,5,-2.9498543094339507,5.367773635409873,1,0.1554234004987497,-0.1968025738100083,0.11674672649878601,-2.949592261625045,5.212350455820918,517,3.965716643961059e-13
driven_dt1e-3,270,6,-2.9778280760975364,0.0,1,0.15641207487010256,0.2086452003667412,0.0,-3.134240150967639,0.0,517,3.965716643961059e-13
driven_dt1e-3,271,0,-0.9003294425796398,0.0,1,0.010579781368291519,0.6409044926390464,0.0,-0.8897496612113482,0.0,517,8.770761894538737e-14
driven_dt1e-3,271,1,-1.7219560332019352,0.0,1,0.026435421052332986,0.4283732833816837,0.0,-1.6955206121496023,0.0,517,8.770761894538737e-14
driven_dt1e-3,271,2,-1.9826109179025015,0.0,1,0.10899511998860834,0.39187675115143095,0.0,-1.8736157979138932,0.0,517,8.770761894538737e-14
driven_dt1e-3,271,3,-2.4330203253846303,0.19025723976725073,1,0.34102308673185844,0.34129728011501986,0.0,-2.150002784584998,0.0,517,8.770761894538737e-14
driven_dt1e-3,271,4,-2.6464198717560925,3.045678744368468,1,0.4789577990663355,-0.04364717057781118,0.24225302255007664,-2.8035989692038674,3.498111396386391,517,8.770761894538737e-14
driven_dt1e-3,271,5,-2.9498543094339507,5.367773635409873,1,0.3565783068208738,-0.18298405429825426,0.07056374386088991,-3.2580739803235237,5.547074286194984,517,8.770761894538737e-14
driven_dt1e-3,271,6,-2.9778280760975364,0.0,1,0.017047782836141945,0.22754889362928354,0.0,-2.9607802932613945,0.0,517,8.770761894538737e-14
driven_dt1e-3,272,0,-0.9003294425796398,0.0,1,0.014101275346070974,0.6330439936836578,0.0,-0.9144307179257107,0.0,517,1.4455103780619538e-13
driven_dt1e-3,272,1,-1.7219560332019352,0.0,1,0.08781542531429043,0.40458811504566855,0.0,-1.8097714585162257,0.0,517,1.4455103780619538e-13
driven_dt1e-3,272,2,-1.9826109179025015,0.0,1,0.16380242318672367,0.341910363758848,0.0,-2.146413341089225,0.0,517,1.4455103780619538e-13
driven_dt1e-3,272,3,-2.4330203253846303,0.19025723976725073,1,0.11285284004468132,0.29920495567214056,0.04447895011438814,-2.3913946402463555,0.29515273939864406,517,1.4455103780619538e-13
driven_dt1e-3,272,4,-2.6464198717560925,3.045678744368468,1,0.36941451313848855,0.03346918887409968,0.31558092941163346,-2.2954951897392584,2.9302709886987106,517,1.4455103780619538e-13
driven_dt1e-3,272,5,-2.9498543094339507,5.367773635409873,1,0.44248186636455666,-0.21271007510716505,0.1548458070165294,-2.670424990817319,5.0246855155938315,517,1.4455103780619538e-13
driven_dt1e-3,272,6,-2.9778280760975364,0.0,1,0.004419525996564477,0.22511952377467873,0.0,-2.982247602094101,0.0,517,1.4455103780619538e-13
driven_dt1e-3,273,0,-0.9003294425796398,0.0,1,0.009945561942582892,0.6343607359155161,0.0,-0.9102750045222227,0.0,516,2.7544633240950134e-13
driven_dt1e-3,273,1,-1.7219560332019352,0.0,1,0.07055221526105782,0.4080954751505822,0.0,-1.792508248462993,0.0,516,2.7544633240950134e-13
driven_dt1e-3,273,2,-1.9826109179025015,0.0,1,0.10709007877768095,0.3517444018193234,0.0,-2.0897009966801825,0.0,516,2.7544633240950134e-13
driven_dt1e-3,273,3,-2.4330203253846303,0.19025723976725073,1,0.27904005994280145,0.2675173506016397,0.0,-2.6371417053746478,0.0,516,2.7544633240950134e-13
driven_dt1e-3,273,4,-2.6464198717560925,3.045678744368468,1,0.5091508316670559,0.001733528964479726,0.20706471363872533,-3.149377730032374,3.124849207202726,516,2.7544633240950134e-13
driven_dt1e-3,273,5,-2.9498543094339507,5.367773635409873,1,0.3578423353557994,-0.19580817249553864,0.14207931109046315,-2.838260752867793,5.02777655438445,516,2.7544633240950134e-13
driven_dt1e-3,273,6,-2.9778280760975364,0.0,1,0.1432720764203843,0.2423728587670914,0.0,-2.834555999677152,0.0,516,2.7544633240950134e-13
driven_dt1e-3,274,0,-0.9003294425796398,0.0,1,0.015155173442408576,0.6423723656904885,0.0,-0.8851742691372312,0.0,517,7.573941473992818e-13
driven_dt1e-3,274,1,-1.7219560332019352,0.0,1,0.0008091917990946662,0.4225774174086363,0.0,-1.72276522500103,0.0,517,7.573941473992818e-13
driven_dt1e-3,274,2,-1.9826109179025015,0.0,1,0.07097420178208336,0.35815387738131993,0.0,-2.053585119684585,0.0,517,7.573941473992818e-13
driven_dt1e-3,274,3,-2.4330203253846303,0.19025723976725073,1,0.2804002512219165,0.3254441951316347,0.05970013197337547,-2.212031390016183,0.36284979850033766,517,7.573941473992818e-13
driven_dt1e-3,274,4,-2.6464198717560925,3.045678744368468,1,0.2995178226124611,0.038242161952205554,0.23787552654596994,-2.846498305305653,2.822789654256673,517,7.573941473992818e-13
driven_dt1e-3,274,5,-2.9498543094339507,5.367773635409873,1,0.12280718819353315,-0.1955610469294043,0.11111246131717688,-2.9839993317816194,5.249808712992745,517,7.573941473992818e-13
driven_dt1e-3,274,6,-2.9778280760975364,0.0,1,0.310263954042457,0.26347888131427594,0.0,-2.6675641220550794,0.0,517,7.573941473992818e-13
driven_dt1e-3,275,0,-0.9003294425796398,0.0,1,0.0025654153136346336,0.6383414098346879,0.0,-0.8977640272660051,0.0,516,2.0450308113595383e-13
driven_dt1e-3,275,1,-1.7219560332019352,0.0,1,0.0775198267325885,0.4394558142857545,0.0,-1.6444362064693467,0.0,516,2.0450308113595383e-13
driven_dt1e-3,275,2,-1.9826109179025015,0.0,1,0.064388400975816,0.38323333004795423,0.0,-1.9182225169266856,0.0,516,2.0450308113595383e-13
driven_dt1e-3,275,3,-2.4330203253846303,0.19025723976725073,1,0.21660916290992296,0.31200461105869104,0.0,-2.329474624495195,0.0,516,2.0450308113595383e-13
driven_dt1e-3,275,4,-2.6464198717560925,3.045678744368468,1,0.6779797725377523,-0.05788443350308532,0.22153551618844164,-2.948303176647902,3.6527397315830483,516,2.0450308113595383e-13
driven_dt1e-3,275,5,-2.9498543094339507,5.367773635409873,1,0.0819982364812093,-0.19712291016425254,0.10557755310648508,-2.9956510482213243,5.299756214829044,516,2.0450308113595383e-13
driven_dt1e-3,275,6,-2.9778280760975364,0.0,1,0.14179093943725127,0.2379792477760717,0.010833002646564206,-2.8690736085377533,0.09097876835991096,516,2.0450308113595383e-13
driven_dt1e-3,276,0,-0.9003294425796398,0.0,1,0.0020767134016493882,0.6368614964917696,0.0,-0.9024061559812891,0.0,516,4.627409566637652e-13
driven_dt1e-3,276,1,-1.7219560332019352,0.0,1,0.011205072466626609,0.42512353556896054,0.0,-1.7107509607353086,0.0,516,4.627409566637652e-13
driven_dt1e-3,276,2,-1.9826109179025015,0.0,1,0.0720364179487436,0.35796370946629524,0.0,-2.054647335851245,0.0,516,4.627409566637652e-13
driven_dt1e-3,276,3,-2.4330203253846303,0.19025723976725073,1,0.22238907185573742,0.27968698654914204,0.0,-2.5481684126331956,0.0,516,4.627409566637652e-13
driven_dt1e-3,276,4,-2.6464198717560925,3.045678744368468,1,0.2299321787026849,0.04237248423601185,0.25914772726343815,-2.6743305724645436,2.8174468456581283,516,4.627409566637652e-13
driven_dt1e-3,276,5,-2.9498543094339507,5.367773635409873,1,0.41150488925867423,-0.21513587558263184,0.15054490229540388,-2.6744141023933943,5.062046688234376,516,4.627409566637652e-13
driven_dt1e-3,276,6,-2.9778280760975364,0.0,1,0.1422674523020948,0.24225114252964947,0.0,-2.8355606237954416,0.0,516,4.627409566637652e-13
driven_dt1e-3,277,0,-0.9003294425796398,0.0,1,0.0033363847280507564,0.6385875281205268,0.0,-0.896993057851589,0.0,517,6.583622536027178e-14
driven_dt1e-3,277,1,-1.7219560332019352,0.0,1,0.007956033875813562,0.42107006518100437,0.0,-1.7299120670777488,0.0,517,6.583622536027178e-14
driven_dt1e-3,277,2,-1.9826109179025015,0.0,1,0.051029271011721056,0.36174342308789675,0.0,-2.0336401889142226,0.0,517,6.583622536027178e-14
driven_dt1e-3,277,3,-2.4330203253846303,0.19025723976725073,1,0.1956918206380811,0.30312467692016914,0.0,-2.3872221662426543,0.0,517,6.583622536027178e-14
driven_dt1e-3,277,4,-2.6464198717560925,3.045678744368468,1,0.49796323644209806,0.03469762538112546,0.2107064930312137,-3.0878223125042235,2.8151765314734902,517,6.583622536027178e-14
driven_dt1e-3,277,5,-2.9498543094339507,5.367773635409873,1,0.09244022098877443,-0.20211486840787857,0.09117420249315213,-3.0126108134351424,5.435647162369961,517,6.583622536027178e-14
driven_dt1e-3,277,6,-2.9778280760975364,0.0,1,0.10783161794484108,0.23811578569919056,0.0,-2.8699964581526953,0.0,517,6.583622536027178e-14
driven_dt1e-3,278,0,-0.9003294425796398,0.0,1,5.2912247953784686e-05,0.6375062631723127,0.0,-0.9003823548275935,0.0,517,1.9984014443252818e-13
driven_dt1e-3,278,1,-1.7219560332019352,0.0,1,0.008574533463723721,0.42093986948264056,0.0,-1.730530566665659,0.0,517,1.9984014443252818e-13
driven_dt1e-3,278,2,-1.9826109179025015,0.0,1,0.01311856174934345,0.373534026030058,0.0,-1.969492356153158,0.0,517,1.9984014443252818e-13
driven_dt1e-3,278,3,-2.4330203253846303,0.19025723976725073,1,0.19843484232333133,0.3047325533016866,0.0,-2.3766415229493867,0.0,517,1.9984014443252818e-13
driven_dt1e-3,278,4,-2.6464198717560925,3.045678744368468,1,0.49878391179534304,-0.04367105812845502,0.23764840807863025,-2.840714646542076,3.505064128503323,517,1.9984014443252818e-13
driven_dt1e-3,278,5,-2.9498543094339507,5.367773635409873,1,0.17830060435405776,-0.20827169450106406,0.08117577200856411,-2.996400402872065,5.539891521460895,517,1.9984014443252818e-13
driven_dt1e-3,278,6,-2.9778280760975364,0.0,1,0.04274626664560177,0.2208465480460778,0.0,-3.020574342743138,0.0,517,1.9984014443252818e-13
driven_dt1e-3,279,0,-0.9003294425796398,0.0,1,0.0009897044601440141,0.6378386871532338,0.0,-0.8993397381194957,0.0,516,7.238654120556021e-14
driven_dt1e-3,279,1,-1.7219560332019352,0.0,1,0.1346421820917667,0.45218814961359427,0.0,-1.5873138511101685,0.0,516,7.238654120556021e-14
driven_dt1e-3,279,2,-1.9826109179025015,0.0,1,0.1080936352642321,0.39170015550149045,0.0,-1.8745172826382694,0.0,516,7.238654120556021e-14
driven_dt1e-3,279,3,-2.4330203253846303,0.19025723976725073,1,0.2746713418730815,0.32711075035834414,0.0,-2.2349129586298675,0.0,516,7.238654120556021e-14
driven_dt1e-3,279,4,-2.6464198717560925,3.045678744368468,1,0.27532922538287574,0.02134362011271475,0.2326995703640753,-2.907636415096102,2.9586609310459573,516,7.238654120556021e-14
driven_dt1e-3,279,5,-2.9498543094339507,5.367773635409873,1,0.42779011879854084,-0.16087742524288212,0.09812182686153224,-3.3379567344774386,5.1878267170782895,516,7.238654120556021e-14
driven_dt1e-3,279,6,-2.9778280760975364,0.0,1,0.02648096118442611,0.2226499395668856,0.0,-3.0043090372819625,0.0,516,7.238654120556021e-14
driven_dt1e-3,280,0,-0.9003294425796398,0.0,1,0.014364065829305384,0.6329608201795744,0.0,-0.9146935084089451,0.0,517,8.881784197001252e-15
driven_dt1e-3,280,1,-1.7219560332019352,0.0,1,0.15946176925094013,0.4578346748507968,0.0,-1.562494263950995,0.0,517,8.881784197001252e-15
driven_dt1e-3,280,2,-1.9826109179025015,0.0,1,0.039861403846751076,0.37856224909381575,0.0,-1.9427495140557505,0.0,517,8.881784197001252e-15
driven_dt1e-3,280,3,-2.4330203253846303,0.19025723976725073,1,0.2749541618376475,0.3271748601405624,0.0,-2.2345210210332294,0.0,517,8.881784197001252e-15
driven_dt1e-3,280,4,-2.6464198717560925,3.045678744368468,1,0.17868493815522526,-0.004521609441563524,0.28339681407153156,-2.5215598560703363,3.1735000399591846,517,8.881784197001252e-15
driven_dt1e-3,280,5,-2.9498543094339507,5.367773635409873,1,0.2521591734386471,-0.2357774249309172,0.10037666719462085,-2.723166842609856,5.478213850613107,517,8.881784197001252e-15
driven_dt1e-3,280,6,-2.9778280760975364,0.0,1,0.3117784790290599,0.2551460945458387,0.023100793870435822,-2.7236739755158257,0.1805865807394769,517,8.881784197001252e-15
driven_dt1e-3,281,0,-0.9003294425796398,0.0,1,0.007048714153140123,0.6397739525150058,0.0,-0.8932807284264996,0.0,516,5.939693181744587e-14
driven_dt1e-3,281,1,-1.7219560332019352,0.0,1,0.01063255017039788,0.4205069416220835,0.0,-1.7325885833723331,0.0,516,5.939693181744587e-14
driven_dt1e-3,281,2,-1.9826109179025015,0.0,1,0.15474965972999377,0.3434614884249753,0.0,-2.1373605776324953,0.0,516,5.939693181744587e-14
driven_dt1e-3,281,3,-2.4330203253846303,0.19025723976725073,1,0.10575055088434579,0.30609465946642567,0.039579339788462474,-2.3511404054777385,0.25718150837276926,516,5.939693181744587e-14
driven_dt1e-3,281,4,-2.6464198717560925,3.045678744368468,1,0.5985451479344197,0.07408563998823121,0.22327876882339381,-2.8942215268809215,2.500838736812826,516,5.939693181744587e-14
driven_dt1e-3,281,5,-2.9498543094339507,5.367773635409873,1,0.6750331197234256,-0.21984734672163095,0.026900394688240247,-3.014782846977138,6.039676900572384,516,5.939693181744587e-14
driven_dt1e-3,281,6,-2.9778280760975364,0.0,1,0.07411994756617934,0.21740919457592245,0.0,-3.0519480236637158,0.0,516,5.939693181744587e-14
driven_dt1e-3,282,0,-0.9003294425796398,0.0,1,0.003698648311135311,0.6387032070998059,0.0,-0.8966307942685044,0.0,516,5.850875339774575e-13
driven_dt1e-3,282,1,-1.7219560332019352,0.0,1,0.029068818952161735,0.41664846342966244,0.0,-1.751024852154097,0.0,516,5.850875339774575e-13
driven_dt1e-3,282,2,-1.9826109179025015,0.0,1,0.004668912177138607,0.37195923916011653,0.0,-1.977942005725363,0.0,516,5.850875339774575e-13
driven_dt1e-3,282,3,-2.4330203253846303,0.19025723976725073,1,0.29388171435719834,0.33137044110501396,0.0,-2.2090367439558283,0.0,516,5.850875339774575e-13
driven_dt1e-3,282,4,-2.6464198717560925,3.045678744368468,1,0.5200741564176512,0.014483485574553749,0.20499808501041636,-3.164530021587245,3.000523447719323,516,5.850875339774575e-13
driven_dt1e-3,282,5,-2.9498543094339507,5.367773635409873,1,0.3833923332703465,-0.21394040265882208,0.05885881918950215,-3.0111534411601566,5.74623380195332,516,5.850875339774575e-13
driven_dt1e-3,282,6,-2.9778280760975364,0.0,1,0.1340297232502783,0.2412553949747052,0.0,-2.843798352847258,0.0,516,5.850875339774575e-13
driven_dt1e-3,283,0,-0.9003294425796398,0.0,1,0.006769975762171199,0.6396847939470751,0.0,-0.8935594668174686,0.0,517,3.1108449149996886e-13
driven_dt1e-3,283,1,-1.7219560332019352,0.0,1,0.02765117486838764,0.428633760769741,0.0,-1.6943048583335476,0.0,517,3.1108449149996886e-13
driven_dt1e-3,283,2,-1.9826109179025015,0.0,1,0.07464640458281946,0.35749687389260354,0.0,-2.057257322485321,0.0,517,3.1108449149996886e-13
driven_dt1e-3,283,3,-2.4330203253846303,0.19025723976725073,1,0.2808832193954695,0.26718149122327967,0.0,-2.639654218185667,0.0,517,3.1108449149996886e-13
driven_dt1e-3,283,4,-2.6464198717560925,3.045678744368468,1,0.46704155905962136,0.0735583740524616,0.25444854818164186,-2.6570496521343516,2.578758166905928,517,3.1108449149996886e-13
driven_dt1e-3,283,5,-2.9498543094339507,5.367773635409873,1,0.21904058431843332,-0.20153016389812034,0.12637157432107615,-2.872025807087791,5.163026225655526,517,3.1108449149996886e-13
driven_dt1e-3,283,6,-2.9778280760975364,0.0,1,0.16599136196013878,0.21299121305006685,0.01312242748721576,-3.0892201061687525,0.12306481171315824,517,3.1108449149996886e-13
driven_dt1e-3,284,0,-0.9003294425796398,0.0,1,0.003932204045111187,0.6387777978531591,0.0,-0.8963972385345286,0.0,516,1.7181811529098923e-12
driven_dt1e-3,284,1,-1.7219560332019352,0.0,1,0.11347191393973399,0.44742692099990033,0.0,-1.6084841192622013,0.0,516,1.7181811529098923e-12
driven_dt1e-3,284,2,-1.9826109179025015,0.0,1,0.020962777953778655,0.37500194364404876,0.0,-1.961648139948723,0.0,516,1.7181811529098923e-12
driven_dt1e-3,284,3,-2.4330203253846303,0.19025723976725073,1,0.1904576268809667,0.2975589431949082,0.0,-2.4242858904700864,0.0,516,1.7181811529098923e-12
driven_dt1e-3,284,4,-2.6464198717560925,3.045678744368468,1,0.22505950861138163,-0.002149056787858079,0.2936937363616101,-2.450381993294257,3.156227071468335,516,1.7181811529098923e-12
driven_dt1e-3,284,5,-2.9498543094339507,5.367773635409873,1,0.37870677541286235,-0.21450130150114777,0.05944848443062019,-3.004875331274777,5.742462184606668,516,1.7181811529098923e-12
driven_dt1e-3,284,6,-2.9778280760975364,0.0,1,0.045674073282361505,0.23082925412452937,0.0,-2.932154002815175,0.0,516,1.7181811529098923e-12
driven_dt1e-3,285,0,-0.9003294425796398,0.0,1,0.0025311292776160066,0.6383304668302013,0.0,-0.8977983133020238,0.0,516,1.6648904477278847e-12
driven_dt1e-3,285,1,-1.7219560332019352,0.0,1,0.0820734899240001,0.44045752109475894,0.0,-1.6398825432779351,0.0,516,1.6648904477278847e-12
driven_dt1e-3,285,2,-1.9826109179025015,0.0,1,0.1603075527774902,0.4020609107499557,0.0,-1.8223033651250113,0.0,516,1.6648904477278847e-12
driven_dt1e-3,285,3,-2.4330203253846303,0.19025723976725073,1,0.19880891876015616,0.2677738605606905,0.02107900803560805,-2.629047287959886,0.15711487832299564,516,1.6648904477278847e-12
driven_dt1e-3,285,4,-2.6464198717560925,3.045678744368468,1,0.48254481130086596,0.00021972046118075452,0.3373545793657626,-2.173241050756034,3.14029004533396,516,1.6648904477278847e-12
driven_dt1e-3,285,5,-2.9498543094339507,5.367773635409873,1,0.2627025461056154,-0.23704087043739264,0.09909565927792677,-2.717974424522708,5.491241634113674,516,1.6648904477278847e-12
driven_dt1e-3,285,6,-2.9778280760975364,0.0,1,0.382535126706516,0.2677738605606905,0.02107900803560805,-2.629047287959886,0.15711487832299564,516,1.6648904477278847e-12
driven_dt1e-3,286,0,-0.9003294425796398,0.0,1,0.00338991597122118,0.6364434696684356,0.0,-0.9037193585508609,0.0,516,5.4067861299245124e-14
driven_dt1e-3,286,1,-1.7219560332019352,0.0,1,0.08839767422628797,0.4418524927171944,0.0,-1.6335583589756473,0.0,516,5.4067861299245124e-14
driven_dt1e-3,286,2,-1.9826109179025015,0.0,1,0.031856366977599526,0.3652279344206368,0.0,-2.014467284880101,0.0,516,5.4067861299245124e-14
driven_dt1e-3,286,3,-2.4330203253846303,0.19025723976725073,1,0.3998565467601149,0.24848910210656708,0.0,-2.7847125782180853,0.0,516,5.4067861299245124e-14
driven_dt1e-3,286,4,-2.6464198717560925,3.045678744368468,1,0.02616972815258985,0.012735165548598998,0.2625116250434287,-2.6725691005657795,3.0446431265629568,516,5.4067861299245124e-14
driven_dt1e-3,286,5,-2.9498543094339507,5.367773635409873,1,0.08074365764080625,-0.19731908774909823,0.10564555468591305,-2.993817994654925,5.300048214547343,516,5.4067861299245124e-14
driven_dt1e-3,286,6,-2.9778280760975364,0.0,1,0.09921706346214831,0.21469806863566696,0.0,-3.0770451395596847,0.0,516,5.4067861299245124e-14
driven_dt1e-3,287,0,-0.9003294425796398,0.0,1,0.005311189041736664,0.6358323723870279,0.0,-0.9056406316213764,0.0,516,9.836575998178887e-14
driven_dt1e-3,287,1,-1.7219560332019352,0.0,1,0.05893279048480804,0.43539064284213774,0.0,-1.6630232427171272,0.0,516,9.836575998178887e-14
driven_dt1e-3,287,2,-1.9826109179025015,0.0,1,0.07808489243819383,0.38586681314199706,0.0,-1.9045260254643077,0.0,516,9.836575998178887e-14
driven_dt1e-3,287,3,-2.4330203253846303,0.19025723976725073,1,0.25499374974087125,0.32250971855215393,0.0,-2.2632440163098453,0.0,516,9.836575998178887e-14
driven_dt1e-3,287,4,-2.6464198717560925,3.045678744368468,1,0.15470765615672682,0.016155842248907884,0.2464243263707482,-2.7971116074314653,3.010657898110109,516,9.836575998178887e-14
driven_dt1e-3,287,5,-2.9498543094339507,5.367773635409873,1,0.40278543972414294,-0.16830628696606345,0.0816756592697708,-3.3524666607035902,5.379580627359711,516,9.836575998178887e-14
driven_dt1e-3,287,6,-2.9778280760975364,0.0,1,0.056000885267578404,0.23202420162323348,0.0,-2.921827190829958,0.0,516,9.836575998178887e-14
driven_dt1e-3,288,0,-0.9003294425796398,0.0,1,0.014187988955463693,0.642061794497982,0.0,-0.8861414536241761,0.0,517,2.821076705572523e-13
driven_dt1e-3,288,1,-1.7219560332019352,0.0,1,0.049577740767242195,0.41239778948202055,0.0,-1.7715337739691774,0.0,517,2.821076705572523e-13
driven_dt1e-3,288,2,-1.9826109179025015,0.0,1,0.15673536093708162,0.3431206517068675,0.0,-2.139346278839583,0.0,517,2.821076705572523e-13
driven_dt1e-3,288,3,-2.4330203253846303,0.19025723976725073,1,0.16539945505142595,0.2733398777047349,0.03780734077071058,-2.5751278945857052,0.2748883127078106,517,2.821076705572523e-13
driven_dt1e-3,288,4,-2.6464198717560925,3.045678744368468,1,0.136611167379143,0.008468850233315766,0.2489122103266587,-2.7801531021754955,3.0735720076103887,517,2.821076705572523e-13
driven_dt1e-3,288,5,-2.9498543094339507,5.367773635409873,1,0.3185702950599722,-0.17364062523873047,0.08938985060654359,-3.26644941109389,5.3323536622375185,517,2.821076705572523e-13
driven_dt1e-3,288,6,-2.9778280760975364,0.0,1,0.1564859513127388,0.20863749352649247,0.0,-3.134314027410275,0.0,517,2.821076705572523e-13
driven_dt1e-3,289,0,-0.9003294425796398,0.0,1,0.011306070077036878,0.6339293561853634,0.0,-0.9116355126566766,0.0,517,2.1893598045608087e-13
driven_dt1e-3,289,1,-1.7219560332019352,0.0,1,0.1589137139787633,0.39045799856071395,0.0,-1.8808697471806985,0.0,517,2.1893598045608087e-13
driven_dt1e-3,289,2,-1.9826109179025015,0.0,1,0.101741170721803,0.39045799856071395,0.0,-1.8808697471806985,0.0,517,2.1893598045608087e-13
driven_dt1e-3,289,3,-2.4330203253846303,0.19025723976725073,1,0.22860331097515263,0.3156431842038727,0.0,-2.3062857345857912,0.0,517,2.1893598045608087e-13
driven_dt1e-3,289,4,-2.6464198717560925,3.045678744368468,1,0.45945232955601484,-0.03751025467773713,0.23705380393031317,-2.8542062330922993,3.455460724422628,517,2.1893598045608087e-13
driven_dt1e-3,289,5,-2.9498543094339507,5.367773635409873,1,0.636060754152778,-0.14274028495710203,0.0932230467481133,-3.538209382479979,5.126088735189765,517,2.1893598045608087e-13
driven_dt1e-3,289,6,-2.9778280760975364,0.0,1,0.042601404393694864,0.22086254478953982,0.0,-3.0204294804912313,0.0,517,2.1893598045608087e-13
driven_dt1e-3,290,0,-0.9003294425796398,0.0,1,0.004931843173927475,0.6390971512967368,0.0,-0.8953975994057123,0.0,517,1.1657341758564144e-13
driven_dt1e-3,290,1,-1.7219560332019352,0.0,1,0.07381918723040526,0.40742940107095765,0.0,-1.7957752204323405,0.0,517,1.1657341758564144e-13
driven_dt1e-3,290,2,-1.9826109179025015,0.0,1,0.18256100767487893,0.33871847874648653,0.0,-2.1651719255773805,0.0,517,1.1657341758564144e-13
driven_dt1e-3,290,3,-2.4330203253846303,0.19025723976725073,1,0.28299557276589016,0.2667993808773016,0.0,-2.64251657098641,0.0,517,1.1657341758564144e-13
driven_dt1e-3,290,4,-2.6464198717560925,3.045678744368468,1,0.9352050717144071,-0.0012717028079607794,0.1673731655783603,-3.5750011418883063,3.1567883790541873,517,1.1657341758564144e-13
driven_dt1e-3,290,5,-2.9498543094339507,5.367773635409873,1,0.6791525929996327,-0.15882799818699478,0.1626285426549908,-2.9627932510068486,4.688744307347308,517,1.1657341758564144e-13
driven_dt1e-3,290,6,-2.9778280760975364,0.0,1,0.3353115051111266,0.2667993808773016,0.0,-2.64251657098641,0.0,517,1.1657341758564144e-13
driven_dt1e-3,291,0,-0.9003294425796398,0.0,1,0.004763711638664292,0.6390434273623254,0.0,-0.8955657309409755,0.0,516,1.0303979891546078e-12
driven_dt1e-3,291,1,-1.7219560332019352,0.0,1,0.04402119884205047,0.41354513536644455,0.0,-1.7659772320439857,0.0,516,1.0303979891546078e-12
driven_dt1e-3,291,2,-1.9826109179025015,0.0,1,0.21663368585851583,0.41354513536644455,0.0,-1.7659772320439857,0.0,516,1.0303979891546078e-12
driven_dt1e-3,291,3,-2.4330203253846303,0.19025723976725073,1,0.1805338594790328,0.27206137147853643,0.04002922815139708,-2.582038064800056,0.29216988745099753,516,1.0303979891546078e-12
driven_dt1e-3,291,4,-2.6464198717560925,3.045678744368468,1,0.2552934788159277,-0.018971482186369605,0.28051952998970825,-2.5376604985776883,3.276646618913347,516,1.0303979891546078e-12
driven_dt1e-3,291,5,-2.9498543094339507,5.367773635409873,1,0.10376359114653624,-0.19386031514394686,0.0989898320815374,-3.0495380132118015,5.338963185070539,516,1.0303979891546078e-12
driven_dt1e-3,291,6,-2.9778280760975364,0.0,1,0.31317385571064715,0.1929158942965729,0.0,-3.2910019318081836,0.0,516,1.0303979891546078e-12
driven_dt1e-3,292,0,-0.9003294425796398,0.0,1,0.01152596901862002,0.6412077723312521,0.0,-0.8888034735610197,0.0,517,6.705747068735946e-14
driven_dt1e-3,292,1,-1.7219560332019352,0.0,1,0.060069822825987496,0.43563823983789607,0.0,-1.6618862103759477,0.0,517,6.705747068735946e-14
driven_dt1e-3,292,2,-1.9826109179025015,0.0,1,0.013275850451303306,0.3686368063888425,0.0,-1.9958867683538049,0.0,517,6.705747068735946e-14
driven_dt1e-3,292,3,-2.4330203253846303,0.19025723976725073,1,0.21698432328899003,0.2812041736254513,0.0,-2.5373485539199976,0.0,517,6.705747068735946e-14
driven_dt1e-3,292,4,-2.6464198717560925,3.045678744368468,1,0.6976366005216786,-0.029133841183763866,0.19721147570544817,-3.2253681833910974,3.4349288938127827,517,6.705747068735946e-14
driven_dt1e-3,292,5,-2.9498543094339507,5.367773635409873,1,0.32305667014646033,-0.20003195341416202,0.06604511427833978,-3.115084901474786,5.645378504927599,517,6.705747068735946e-14
driven_dt1e-3,292,6,-2.9778280760975364,0.0,1,0.06332355486144348,0.2328752769915492,0.0,-2.914504521236093,0.0,517,6.705747068735946e-14
driven_dt1e-3,293,0,-0.9003294425796398,0.0,1,0.006003433900610644,0.6394396683384538,0.0,-0.8943260086790291,0.0,517,1.3433698597964394e-13
driven_dt1e-3,293,1,-1.7219560332019352,0.0,1,0.06009908946749909,0.43564461471863586,0.0,-1.6618569437344362,0.0,517,1.3433698597964394e-13
driven_dt1e-3,293,2,-1.9826109179025015,0.0,1,0.020813593407286834,0.37497397243983155,0.0,-1.9617973244952147,0.0,517,1.3433698597964394e-13
driven_dt1e-3,293,3,-2.4330203253846303,0.19025723976725073,1,0.08807250654430251,0.303091185930776,0.03857171761328505,-2.3713775089817943,0.25316136995694866,517,1.3433698597964394e-13
driven_dt1e-3,293,4,-2.6464198717560925,3.045678744368468,1,0.2113365031202466,-0.015132711330021227,0.271368430227682,-2.6054508716810454,3.253006163162859,517,1.3433698597964394e-13
driven_dt1e-3,293,5,-2.9498543094339507,5.367773635409873,1,0.2546991316894604,-0.23600087514241377,0.099000138992544,-2.7257442120886797,5.488795583631087,517,1.3433698597964394e-13
driven_dt1e-3,293,6,-2.9778280760975364,0.0,1,0.10868699626288247,0.23821764702026446,0.0,-2.869141079834654,0.0,517,1.3433698597964394e-13
driven_dt1e-3,294,0,-0.9003294425796398,0.0,1,0.009887560386595884,0.6343791331371518,0.0,-0.9102170029662356,0.0,517,2.6401103525586223e-13
driven_dt1e-3,294,1,-1.7219560332019352,0.0,1,0.0797895082658755,0.40621497244314475,0.0,-1.8017455414678107,0.0,517,2.6401103525586223e-13
driven_dt1e-3,294,2,-1.9826109179025015,0.0,1,0.09757888357846345,0.35342114043931794,0.0,-2.080189801480965,0.0,517,2.6401103525586223e-13
driven_dt1e-3,294,3,-2.4330203253846303,0.19025723976725073,1,0.23392308984592597,0.2767728078391447,0.0,-2.569116595279187,0.0,517,2.6401103525586223e-13
driven_dt1e-3,294,4,-2.6464198717560925,3.045678744368468,1,0.3379509746357438,-0.02775067309800303,0.2496911193642738,-2.762784858401076,3.3629641854784595,517,2.6401103525586223e-13
driven_dt1e-3,294,5,-2.9498543094339507,5.367773635409873,1,0.03573256865702901,-0.20176438157626492,0.10320867891591676,-2.9688781533117408,5.337526159036748,517,2.6401103525586223e-13
driven_dt1e-3,294,6,-2.9778280760975364,0.0,1,0.16468969621852114,0.20778344194196646,0.0,-3.1425177723160576,0.0,517,2.6401103525586223e-13
driven_dt1e-3,295,0,-0.9003294425796398,0.0,1,0.004457422955140955,0.6361038563870152,0.0,-0.9047868655347807,0.0,516,1.9584334154387761e-13
driven_dt1e-3,295,1,-1.7219560332019352,0.0,1,0.05625969427297983,0.41102227711132344,0.0,-1.778215727474915,0.0,516,1.9584334154387761e-13
driven_dt1e-3,295,2,-1.9826109179025015,0.0,1,0.09056832329573683,0.35466215432440773,0.0,-2.0731792411982384,0.0,516,1.9584334154387761e-13
driven_dt1e-3,295,3,-2.4330203253846303,0.19025723976725073,1,0.19037301000633625,0.29528057852302286,0.0,-2.4396585220538674,0.0,516,1.9584334154387761e-13
driven_dt1e-3,295,4,-2.6464198717560925,3.045678744368468,1,0.5092094590790821,-0.011012114768477658,0.2104265949234529,-3.114501878948353,3.2461619300935456,516,1.9584334154387761e-13
driven_dt1e-3,295,5,-2.9498543094339507,5.367773635409873,1,0.32874401972629497,-0.23185137491016913,0.07295755794204428,-2.8288989541890315,5.673457185087277,516,1.9584334154387761e-13
driven_dt1e-3,295,6,-2.9778280760975364,0.0,1,0.12540632766250548,0.24021741395872684,0.0,-2.852421748435031,0.0,516,1.9584334154387761e-13
driven_dt1e-3,296,0,-0.9003294425796398,0.0,1,0.00678242280784247,0.6353648153516172,0.0,-0.9071118653874822,0.0,516,2.1260770921571748e-13
driven_dt1e-3,296,1,-1.7219560332019352,0.0,1,0.05458784799068983,0.4113660037888135,0.0,-1.776543881192625,0.0,516,2.1260770921571748e-13
driven_dt1e-3,296,2,-1.9826109179025015,0.0,1,0.1406661981388615,0.3458885872241244,0.0,-2.123277116041363,0.0,516,2.1260770921571748e-13
driven_dt1e-3,296,3,-2.4330203253846303,0.19025723976725073,1,0.20424571246781897,0.30747334449438984,0.0,-2.358733760127958,0.0,516,2.1260770921571748e-13
driven_dt1e-3,296,4,-2.6464198717560925,3.045678744368468,1,0.1325637713692946,0.021981984009236833,0.25146854614759956,-2.7532624856926806,2.9672070340083145,516,2.1260770921571748e-13
driven_dt1e-3,296,5,-2.9498543094339507,5.367773635409873,1,0.22358472378688113,-0.18118577009684744,0.09787008237777516,-3.1604456960093787,5.292664404212273,516,2.1260770921571748e-13
driven_dt1e-3,296,6,-2.9778280760975364,0.0,1,0.08036809395011524,0.23486838370549581,0.0,-2.897459982147421,0.0,516,2.1260770921571748e-13
driven_dt1e-3,297,0,-0.9003294425796398,0.0,1,0.002672549171063965,0.6366717923214189,0.0,-0.9030019917507037,0.0,516,9.887646257311644e-13
driven_dt1e-3,297,1,-1.7219560332019352,0.0,1,0.021928159659887703,0.41813869451574676,0.0,-1.743884192861823,0.0,516,9.887646257311644e-13
driven_dt1e-3,297,2,-1.9826109179025015,0.0,1,0.03385220322601312,0.36486364863933446,0.0,-2.0164631211285147,0.0,516,9.887646257311644e-13
driven_dt1e-3,297,3,-2.4330203253846303,0.19025723976725073,1,0.18628042589389218,0.2722682274226873,0.014436109040738637,-2.599127786285882,0.10594408240643886,516,9.887646257311644e-13
driven_dt1e-3,297,4,-2.6464198717560925,3.045678744368468,1,0.1796915251288096,0.018679163096671128,0.2902763032337586,-2.4697117588460378,3.0130706620132455,516,9.887646257311644e-13
driven_dt1e-3,297,5,-2.9498543094339507,5.367773635409873,1,0.25629076429352576,-0.17801253232065703,0.09660980711869008,-3.193648806446274,5.288721759475978,516,9.887646257311644e-13
driven_dt1e-3,297,6,-2.9778280760975364,0.0,1,0.012793329238783624,0.227065359999929,0.0,-2.965034746858753,0.0,516,9.887646257311644e-13
driven_dt1e-3,298,0,-0.9003294425796398,0.0,1,0.013152806213064916,0.6417295548429796,0.0,-0.8871766363665748,0.0,517,1.0658141036401503e-14
driven_dt1e-3,298,1,-1.7219560332019352,0.0,1,0.08534681040651448,0.4050878094966757,0.0,-1.8073028436084497,0.0,517,1.0658141036401503e-14
driven_dt1e-3,298,2,-1.9826109179025015,0.0,1,0.07013377388494366,0.3589555979745105,0.004066238698059723,-2.0489848466306326,0.022654973505554597,517,1.0658141036401503e-14
driven_dt1e-3,298,3,-2.4330203253846303,0.19025723976725073,1,0.20461318387738203,0.285316647152293,0.0,-2.5083113456499064,0.0,517,1.0658141036401503e-14
driven_dt1e-3,298,4,-2.6464198717560925,3.045678744368468,1,0.5230737480269166,-0.05220469634394315,0.24712316856630176,-2.752077471368962,3.5579702800383175,517,1.0658141036401503e-14
driven_dt1e-3,298,5,-2.9498543094339507,5.367773635409873,1,0.36600290601350227,-0.24105100698382967,0.07558084373238409,-2.7517191833986616,5.675508259788263,517,1.0658141036401503e-14
driven_dt1e-3,298,6,-2.9778280760975364,0.0,1,0.060117865656671654,0.23250231309222943,0.0,-2.9177102104408648,0.0,517,1.0658141036401503e-14
driven_dt1e-3,299,0,-0.9003294425796398,0.0,1,0.007843390576518283,0.6400282096628784,0.0,-0.8924860520031215,0.0,516,3.774758283725532e-15
driven_dt1e-3,299,1,-1.7219560332019352,0.0,1,0.13569846213981895,0.4524270313497458,0.0,-1.5862575710621163,0.0,516,3.774758283725532e-15
driven_dt1e-3,299,2,-1.9826109179025015,0.0,1,0.05172588528709143,0.3808146457571844,0.0,-1.9308850326154101,0.0,516,3.774758283725532e-15
driven_dt1e-3,299,3,-2.4330203253846303,0.19025723976725073,1,0.23311889794085014,0.3169042826295093,0.0,-2.2983109964823476,0.0,516,3.774758283725532e-15
driven_dt1e-3,299,4,-2.6464198717560925,3.045678744368468,1,0.41826055288615566,0.04113178243180611,0.32044855844153985,-2.2597257947076947,2.8862749148149707,516,3.774758283725532e-15
driven_dt1e-3,299,5,-2.9498543094339507,5.367773635409873,1,0.2359564579018294,-0.19787452479994933,0.07618717943732918,-3.1020084555191385,5.548119319734908,516,3.774758283725532e-15
driven_dt1e-3,299,6,-2.9778280760975364,0.0,1,0.15490382668824945,0.2194360925912821,0.01610787322548909,-3.028014537434202,0.14654867662714194,516,3.774758283725532e-15
driven_dt1e-3,300,0,-0.9003294425796398,0.0,1,0.007401827197571986,0.6398869187512356,0.0,-0.8929276153820678,0.0,517,1.0791367799356522e-13
driven_dt1e-3,300,1,-1.7219560332019352,0.0,1,0.21730408279549018,0.3792233027844676,0.0,-1.9392601159974254,0.0,517,1.0791367799356522e-13
driven_dt1e-3,300,2,-1.9826109179025015,0.0,1,0.04335080190507612,0.3792233027844676,0.0,-1.9392601159974254,0.0,517,1.0791367799356522e-13
driven_dt1e-3,300,3,-2.4330203253846303,0.19025723976725073,1,0.11386018172043581,0.2786819982436801,0.03048291564657658,-2.543474368764798,0.21789860880683862,517,1.0791367799356522e-13
driven_dt1e-3,300,4,-2.6464198717560925,3.045678744368468,1,0.15190661076610665,-0.006477451383608555,0.2605081121827254,-2.6896244935392697,3.1913117730776794,517,1.0791367799356522e-13
driven_dt1e-3,300,5,-2.9498543094339507,5.367773635409873,1,0.4326869187445669,-0.22605320773996407,0.15090875617614216,-2.6054010346597476,5.10591506451712,517,1.0791367799356522e-13
driven_dt1e-3,300,6,-2.9778280760975364,0.0,1,0.22132337564237314,0.20198219563830538,0.0,-3.1991514517399096,0.0,517,1.0791367799356522e-13
driven_dt1e-3,301,0,-0.9003294425796398,0.0,1,0.01970068025606797,0.6438339799883495,0.0,-0.8806287623235718,0.0,517,2.3925306180672123e-13
driven_dt1e-3,301,1,-1.7219560332019352,0.0,1,0.045217090461305176,0.413297931700224,0.0,-1.7671731236632404,0.0,517,2.3925306180672123e-13
driven_dt1e-3,301,2,-1.9826109179025015,0.0,1,0.19079629739863635,0.33732662389142315,0.0,-2.173407215301138,0.0,517,2.3925306180672123e-13
driven_dt1e-3,301,3,-2.4330203253846303,0.19025723976725073,1,0.32186454326482855,0.33732662389142315,0.0,-2.173407215301138,0.0,517,2.3925306180672123e-13
driven_dt1e-3,301,4,-2.6464198717560925,3.045678744368468,1,0.5623073110428688,-0.0364168305902493,0.21862544983213758,-3.0134223673844382,3.4717053635542032,517,2.3925306180672123e-13
driven_dt1e-3,301,5,-2.9498543094339507,5.367773635409873,1,0.34371580359335785,-0.17192402180443864,0.08712673115392254,-3.292820133935199,5.345080093068343,517,2.3925306180672123e-13
driven_dt1e-3,301,6,-2.9778280760975364,0.0,1,0.2718680972610552,0.25846887734027413,0.0,-2.705959978836481,0.0,517,2.3925306180672123e-13
driven_dt1e-3,302,0,-0.9003294425796398,0.0,1,0.0039987148814577544,0.63624976610618,0.0,-0.9043281574610975,0.0,516,2.1649348980190553e-13
driven_dt1e-3,302,1,-1.7219560332019352,0.0,1,0.1087079720818056,0.4003836755840246,0.0,-1.8306640052837408,0.0,516,2.1649348980190553e-13
driven_dt1e-3,302,2,-1.9826109179025015,0.0,1,0.1519469126187607,0.4003836755840246,0.0,-1.8306640052837408,0.0,516,2.1649348980190553e-13
driven_dt1e-3,302,3,-2.4330203253846303,0.19025723976725073,1,0.19374068734532618,0.2908938019033683,0.0,-2.469594040661948,0.0,516,2.1649348980190553e-13
driven_dt1e-3,302,4,-2.6464198717560925,3.045678744368468,1,0.7667129145609788,0.040989529786410614,0.18441831573996653,-3.332877548105071,2.7041753740539836,516,2.1649348980190553e-13
driven_dt1e-3,302,5,-2.9498543094339507,5.367773635409873,1,0.3768721048978246,-0.1782520934077859,0.13392895061630491,-3.001533616501013,4.994461657740812,516,2.1649348980190553e-13
driven_dt1e-3,302,6,-2.9778280760975364,0.0,1,0.24412924420018056,0.25490880736809285,0.0,-2.733698831897356,0.0,516,2.1649348980190553e-13
driven_dt1e-3,303,0,-0.9003294425796398,0.0,1,0.007132953425806887,0.6398009001287291,0.0,-0.8931964891538329,0.0,517,8.482103908136196e-14
driven_dt1e-3,303,1,-1.7219560332019352,0.0,1,0.07417994296426755,0.4073559164523661,0.0,-1.7961359761662028,0.0,517,8.482103908136196e-14
driven_dt1e-3,303,2,-1.9826109179025015,0.0,1,0.025300376841229655,0.375816130235393,0.0,-1.957310541061272,0.0,517,8.482103908136196e-14
driven_dt1e-3,303,3,-2.4330203253846303,0.19025723976725073,1,0.3296912048496662,0.33895685196106445,0.0,-2.1637649201067206,0.0,517,8.482103908136196e-14
driven_dt1e-3,303,4,-2.6464198717560925,3.045678744368468,1,0.2885240709753876,-0.010303956997557505,0.23790348948402595,-2.869906259080506,3.2281615496211624,517,8.482103908136196e-14
driven_dt1e-3,303,5,-2.9498543094339507,5.367773635409873,1,0.23107020718195373,-0.20325598580254683,0.0754555932677749,-3.0574684886623054,5.572255001495193,517,8.482103908136196e-14
driven_dt1e-3,303,6,-2.9778280760975364,0.0,1,0.0904060821803423,0.23605014989917278,0.0,-2.887421993917194,0.0,517,8.482103908136196e-14
driven_dt1e-3,304,0,-0.9003294425796398,0.0,1,0.0004900841363729702,0.6373669284926937,0.0,-0.9008195267160127,0.0,516,1.6631140908884845e-13
driven_dt1e-3,304,1,-1.7219560332019352,0.0,1,0.03563868703617601,0.41528204623250237,0.0,-1.7575947202381113,0.0,516,1.6631140908884845e-13
driven_dt1e-3,304,2,-1.9826109179025015,0.0,1,0.19765852160120523,0.33617120175506093,0.0,-2.1802694395037068,0.0,516,1.6631140908884845e-13
driven_dt1e-3,304,3,-2.4330203253846303,0.19025723976725073,1,0.3163555398557844,0.33617120175506093,0.0,-2.1802694395037068,0.0,516,1.6631140908884845e-13
driven_dt1e-3,304,4,-2.6464198717560925,3.045678744368468,1,0.7902807962291597,-0.050723976669454135,0.1989592550851566,-3.1663377644348647,3.6408502505421585,516,1.6631140908884845e-13
driven_dt1e-3,304,5,-2.9498543094339507,5.367773635409873,1,0.19849352926229302,-0.18384947102714094,0.09768055682494765,-3.138630387470538,5.3064281097366415,516,1.6631140908884845e-13
driven_dt1e-3,304,6,-2.9778280760975364,0.0,1,0.21561806107043235,0.2513007104057585,0.0,-2.762210015027104,0.0,516,1.6631140908884845e-13
driven_dt1e-3,305,0,-0.9003294425796398,0.0,1,0.006025129105478144,0.6356054397912703,0.0,-0.9063545716851179,0.0,516,8.315570454442422e-14
driven_dt1e-3,305,1,-1.7219560332019352,0.0,1,0.018962404844597547,0.4267756497810742,0.0,-1.7029936283573377,0.0,516,8.315570454442422e-14
driven_dt1e-3,305,2,-1.9826109179025015,0.0,1,0.05805910512666279,0.36047415694903534,0.0,-2.0406700230291643,0.0,516,8.315570454442422e-14
driven_dt1e-3,305,3,-2.4330203253846303,0.19025723976725073,1,0.21403879859351096,0.27013800972859037,0.010720504818462578,-2.616070923639508,0.07932894859730222,516,8.315570454442422e-14
driven_dt1e-3,305,4,-2.6464198717560925,3.045678744368468,1,0.09091614991288716,0.010513225972957736,0.25435283309366274,-2.7363587596468424,3.0589732078761727,516,8.315570454442422e-14
driven_dt1e-3,305,5,-2.9498543094339507,5.367773635409873,1,0.376677837101653,-0.24510478832116606,0.07875857821523467,-2.7138780867792565,5.661374410792367,516,8.315570454442422e-14
driven_dt1e-3,305,6,-2.9778280760975364,0.0,1,0.09942183322948218,0.2150086429583864,0.00271265300507463,-3.073994940722191,0.025231628385308354,516,8.315570454442422e-14
driven_dt1e-3,306,0,-0.9003294425796398,0.0,1,0.006322235029439072,0.635511025733456,0.0,-0.9066516776090788,0.0,516,4.618527782440651e-14
driven_dt1e-3,306,1,-1.7219560332019352,0.0,1,0.0040604488789242055,0.421891021562072,0.0,-1.7260164820808594,0.0,516,4.618527782440651e-14
driven_dt1e-3,306,2,-1.9826109179025015,0.0,1,0.12221979309136421,0.3490935449822169,0.0,-2.1048307109938658,0.0,516,4.618527782440651e-14
driven_dt1e-3,306,3,-2.4330203253846303,0.19025723976725073,1,0.26288690401783393,0.2705717185092273,0.0,-2.6144361654323744,0.0,516,4.618527782440651e-14
driven_dt1e-3,306,4,-2.6464198717560925,3.045678744368468,1,0.6937601575129022,0.025308417331176065,0.18856280596872016,-3.31879429251755,2.8747524606727732,516,4.618527782440651e-14
driven_dt1e-3,306,5,-2.9498543094339507,5.367773635409873,1,0.19502889366731319,-0.18417013550417427,0.10528009496008849,-3.101036408436106,5.244565509434357,516,4.618527782440651e-14
driven_dt1e-3,306,6,-2.9778280760975364,0.0,1,0.10251704948287621,0.23748388431931985,0.0,-2.87531102661466,0.0,516,4.618527782440651e-14
driven_dt1e-3,307,0,-0.9003294425796398,0.0,1,0.00027151032094663297,0.6374365881597628,0.0,-0.9006009529005864,0.0,516,4.645173135031655e-13
driven_dt1e-3,307,1,-1.7219560332019352,0.0,1,0.1777623578103824,0.3867954821624818,0.0,-1.8997183910123177,0.0,516,4.645173135031655e-13
driven_dt1e-3,307,2,-1.9826109179025015,0.0,1,0.08289252689018389,0.3867954821624818,0.0,-1.8997183910123177,0.0,516,4.645173135031655e-13
driven_dt1e-3,307,3,-2.4330203253846303,0.19025723976725073,1,0.1229096766453343,0.2912072822021643,0.045915451295159955,-2.44288321552319,0.31277055337510046,516,4.645173135031655e-13
driven_dt1e-3,307,4,-2.6464198717560925,3.045678744368468,1,0.4755110739438367,0.02773680032076295,0.2112518230314634,-3.0923166826684607,2.8804915309970913,516,4.645173135031655e-13
driven_dt1e-3,307,5,-2.9498543094339507,5.367773635409873,1,0.4048992439975767,-0.2453522703341727,0.13298858925653673,-2.5525385722503517,5.289776181758728,516,4.645173135031655e-13
driven_dt1e-3,307,6,-2.9778280760975364,0.0,1,0.2599988614786999,0.1981138390539409,0.0,-3.2378269375762363,0.0,516,4.645173135031655e-13
driven_dt1e-3,308,0,-0.9003294425796398,0.0,1,0.007568284187436269,0.6351152100584498,0.0,-0.907897726767076,0.0,517,1.588729148238599e-13
driven_dt1e-3,308,1,-1.7219560332019352,0.0,1,0.07223577138911375,0.40775209387725947,0.0,-1.794191804591049,0.0,517,1.588729148238599e-13
driven_dt1e-3,308,2,-1.9826109179025015,0.0,1,0.125802920275371,0.34846868160519684,0.0,-2.1084138381778725,0.0,517,1.588729148238599e-13
driven_dt1e-3,308,3,-2.4330203253846303,0.19025723976725073,1,0.37625415455588546,0.34846868160519684,0.0,-2.1084138381778725,0.0,517,1.588729148238599e-13
driven_dt1e-3,308,4,-2.6464198717560925,3.045678744368468,1,0.8320180224581583,0.02909173436566177,0.17617827448814374,-3.4456160423756277,2.8142927669146576,517,1.588729148238599e-13
driven_dt1e-3,308,5,-2.9498543094339507,5.367773635409873,1,0.20178493706992776,-0.20372866644072266,0.07860764720438145,-3.0431482160954473,5.546696545648195,517,1.588729148238599e-13
driven_dt1e-3,308,6,-2.9778280760975364,0.0,1,0.18600114502728582,0.205581113390364,0.0,-3.1638292211248222,0.0,517,1.588729148238599e-13
driven_dt1e-3,309,0,-0.9003294425796398,0.0,1,8.419768531009453e-05,0.6374962909191791,0.0,-0.9004136402649499,0.0,517,7.105427357601002e-15
driven_dt1e-3,309,1,-1.7219560332019352,0.0,1,0.03971513147832706,0.4144364711655376,0.0,-1.7616711646802623,0.0,517,7.105427357601002e-15
driven_dt1e-3,309,2,-1.9826109179025015,0.0,1,0.10893496316008977,0.3514200875461463,0.0,-2.0915458810625913,0.0,517,7.105427357601002e-15
driven_dt1e-3,309,3,-2.4330203253846303,0.19025723976725073,1,0.39089974854033666,0.3514200875461463,0.0,-2.0915458810625913,0.0,517,7.105427357601002e-15
driven_dt1e-3,309,4,-2.6464198717560925,3.045678744368468,1,0.4143983422067723,-0.02420695415046603,0.2302163262494404,-2.9264761447030447,3.351120179027853,517,7.105427357601002e-15
driven_dt1e-3,309,5,-2.9498543094339507,5.367773635409873,1,0.32830298024893895,-0.23765030785275787,0.1258253045772579,-2.6267973262069093,5.30931824704765,517,7.105427357601002e-15
driven_dt1e-3,309,6,-2.9778280760975364,0.0,1,0.1689107811160483,0.2334347927433597,0.017762226307003987,-2.903931897793665,0.151888797510929,517,7.105427357601002e-15
driven_dt1e-3,310,0,-0.9003294425796398,0.0,1,0.0002737718715392079,0.6374358673626235,0.0,-0.900603214451179,0.0,516,7.30526750203353e-14
driven_dt1e-3,310,1,-1.7219560332019352,0.0,1,0.03247167791459815,0.4296681219790869,0.0,-1.689484355287337,0.0,516,7.30526750203353e-14
driven_dt1e-3,310,2,-1.9826109179025015,0.0,1,0.06660182367451961,0.3836576935043812,0.0,-1.916009094227982,0.0,516,7.30526750203353e-14
driven_dt1e-3,310,3,-2.4330203253846303,0.19025723976725073,1,0.2558311468394115,0.32271218036518484,0.0,-2.261988870940381,0.0,516,7.30526750203353e-14
driven_dt1e-3,310,4,-2.6464198717560925,3.045678744368468,1,0.16975815922008716,0.030316411920060828,0.2812934126859153,-2.525165442283851,2.9268713542146827,516,7.30526750203353e-14
driven_dt1e-3,310,5,-2.9498543094339507,5.367773635409873,1,0.0518372979009471,-0.20698161205128596,0.1068284987940503,-2.9140837933876576,5.330255964434006,516,7.30526750203353e-14
driven_dt1e-3,310,6,-2.9778280760975364,0.0,1,0.15647384200550318,0.2439780255304342,0.0,-2.8213542340920332,0.0,516,7.30526750203353e-14
driven_dt1e-3,311,0,-0.9003294425796398,0.0,1,6.483581844896058e-05,0.6375024625082071,0.0,-0.9003942783980887,0.0,516,6.674660824046441e-13
driven_dt1e-3,311,1,-1.7219560332019352,0.0,1,0.07506809038789375,0.40717506055816427,0.0,-1.797024123589829,0.0,516,6.674660824046441e-13
driven_dt1e-3,311,2,-1.9826109179025015,0.0,1,0.11691344369748058,0.39343133002024533,0.0,-1.865697474205021,0.0,516,6.674660824046441e-13
driven_dt1e-3,311,3,-2.4330203253846303,0.19025723976725073,1,0.24248540187395587,0.3193902942533074,0.0,-2.2826828621955744,0.0,516,6.674660824046441e-13
driven_dt1e-3,311,4,-2.6464198717560925,3.045678744368468,1,0.2413636280880202,-0.0161266421885879,0.2537118549880543,-2.7390800773189232,3.268547511289421,516,6.674660824046441e-13
driven_dt1e-3,311,5,-2.9498543094339507,5.367773635409873,1,0.4763372425271329,-0.1780453312064997,0.14859824571942398,-2.9228242757398784,4.892203928745487,516,6.674660824046441e-13
driven_dt1e-3,311,6,-2.9778280760975364,0.0,1,0.11445855695534313,0.21306812759986776,0.0,-3.0922866330528795,0.0,516,6.674660824046441e-13
driven_dt1e-3,312,0,-0.9003294425796398,0.0,1,0.0057362305158962235,0.6356972591802768,0.0,-0.906065673095536,0.0,516,4.141131881851834e-13
driven_dt1e-3,312,1,-1.7219560332019352,0.0,1,0.11758276194399597,0.39861095113954126,0.0,-1.8395387951459312,0.0,516,4.141131881851834e-13
driven_dt1e-3,312,2,-1.9826109179025015,0.0,1,0.14307212275657033,0.39861095113954126,0.0,-1.8395387951459312,0.0,516,4.141131881851834e-13
driven_dt1e-3,312,3,-2.4330203253846303,0.19025723976725073,1,0.32821818881787934,0.3386509683611432,0.0,-2.1655705877010125,0.0,516,4.141131881851834e-13
driven_dt1e-3,312,4,-2.6464198717560925,3.045678744368468,1,0.1562062459007682,0.01904576820451656,0.24692118964190293,-2.7914402582181514,2.9876315328178142,516,4.141131881851834e-13
driven_dt1e-3,312,5,-2.9498543094339507,5.367773635409873,1,0.34011837791181704,-0.23117302773142734,0.0707009762226409,-2.8397615916896672,5.689581193576307,516,4.141131881851834e-13
driven_dt1e-3,312,6,-2.9778280760975364,0.0,1,0.1654840781347889,0.23036935714399373,0.018281289546780634,-2.929865018229242,0.1583809495995133,516,4.141131881851834e-13
driven_dt1e-3,313,0,-0.9003294425796398,0.0,1,0.002813593030123407,0.6366268945813035,0.0,-0.9031430356097632,0.0,517,1.1590728377086634e-13
driven_dt1e-3,313,1,-1.7219560332019352,0.0,1,0.09014665769639629,0.40411679533037304,0.0,-1.8121026908983315,0.0,517,1.1590728377086634e-13
driven_dt1e-3,313,2,-1.9826109179025015,0.0,1,0.17050822700417,0.40411679533037304,0.0,-1.8121026908983315,0.0,517,1.1590728377086634e-13
driven_dt1e-3,313,3,-2.4330203253846303,0.19025723976725073,1,0.30304690105622645,0.2583751469218617,0.04945797889235522,-2.6706993857482995,0.37826279421824455,517,1.1590728377086634e-13
driven_dt1e-3,313,4,-2.6464198717560925,3.045678744368468,1,0.49320712104748576,0.011751397355773944,0.2077827198037282,-3.1393312261030517,3.0286006587674508,517,1.1590728377086634e-13
driven_dt1e-3,313,5,-2.9498543094339507,5.367773635409873,1,0.368446368938619,-0.20832451014385645,0.06023168620615885,-3.0570342768057444,5.720286303803839,517,1.1590728377086634e-13
driven_dt1e-3,313,6,-2.9778280760975364,0.0,1,0.13357333363101098,0.24120034802672863,0.0,-2.8442547424665254,0.0,517,1.1590728377086634e-13
driven_dt1e-3,314,0,-0.9003294425796398,0.0,1,0.002180445812400955,0.6382185506722444,0.0,-0.8981489967672388,0.0,517,6.927791673660977e-14
driven_dt1e-3,314,1,-1.7219560332019352,0.0,1,0.10380679482391697,0.4452699198723802,0.0,-1.6181492383780183,0.0,517,6.927791673660977e-14
driven_dt1e-3,314,2,-1.9826109179025015,0.0,1,0.03882597641107988,0.3639574014574786,0.0,-2.0214368943135814,0.0,517,6.927791673660977e-14
driven_dt1e-3,314,3,-2.4330203253846303,0.19025723976725073,1,0.2828051932050349,0.2990622392809123,0.07057214445036143,-2.3600166561072404,0.4634773736808674,517,6.927791673660977e-14
driven_dt1e-3,314,4,-2.6464198717560925,3.045678744368468,1,0.1829470824803527,0.03106062412971266,0.28330271261238693,-2.5105298663140974,2.92318980034066,517,6.927791673660977e-14
driven_dt1e-3,314,5,-2.9498543094339507,5.367773635409873,1,0.5725564429798529,-0.24487505878599464,0.045658608914130615,-2.7798388935948717,5.914505414964351,517,6.927791673660977e-14
driven_dt1e-3,314,6,-2.9778280760975364,0.0,1,0.2666812131079639,0.2577994217506761,0.0,-2.7111468629895725,0.0,517,6.927791673660977e-14
driven_dt1e-3,315,0,-0.9003294425796398,0.0,1,0.008983560753736075,0.6346659372016861,0.0,-0.9093130033333758,0.0,517,8.171241461241152e-14
driven_dt1e-3,315,1,-1.7219560332019352,0.0,1,0.20908816960322918,0.3807843397934387,0.0,-1.9310442028051644,0.0,517,8.171241461241152e-14
driven_dt1e-3,315,2,-1.9826109179025015,0.0,1,0.051566715097337124,0.3807843397934387,0.0,-1.9310442028051644,0.0,517,8.171241461241152e-14
driven_dt1e-3,315,3,-2.4330203253846303,0.19025723976725073,1,0.21913647292333796,0.2805854633231848,0.0,-2.5417538366929096,0.0,517,8.171241461241152e-14
driven_dt1e-3,315,4,-2.6464198717560925,3.045678744368468,1,0.6460062092282496,0.09746082872009224,0.25067756396917795,-2.6264077154316015,2.3999825805571153,517,8.171241461241152e-14
driven_dt1e-3,315,5,-2.9498543094339507,5.367773635409873,1,0.22799543483022425,-0.22161823262290453,0.0803146333991292,-2.890200307953692,5.587826625416408,517,8.171241461241152e-14
driven_dt1e-3,315,6,-2.9778280760975364,0.0,1,0.43607423940462686,0.2805854633231848,0.0,-2.5417538366929096,0.0,517,8.171241461241152e-14
driven_dt1e-3,316,0,-0.9003294425796398,0.0,1,0.013461786073303728,0.6418287032555813,0.0,-0.886867656506336,0.0,516,1.822986206434507e-13
driven_dt1e-3,316,1,-1.7219560332019352,0.0,1,0.06384923634464057,0.4364622466847829,0.0,-1.6581067968572947,0.0,516,1.822986206434507e-13
driven_dt1e-3,316,2,-1.9826109179025015,0.0,1,0.0811231413217528,0.38645343831461676,0.0,-1.9014877765807487,0.0,516,1.822986206434507e-13
driven_dt1e-3,316,3,-2.4330203253846303,0.19025723976725073,1,0.31366705023539493,0.3356046834880152,0.0,-2.1836426978405368,0.0,516,1.822986206434507e-13
driven_dt1e-3,316,4,-2.6464198717560925,3.045678744368468,1,0.3561577884252987,0.026329460539985645,0.31597245052840106,-2.297280885355878,2.9753201028847753,516,1.822986206434507e-13
driven_dt1e-3,316,5,-2.9498543094339507,5.367773635409873,1,0.32578671735515474,-0.19972001108712725,0.06582100041380859,-3.1185670922132624,5.646472365460636,516,1.822986206434507e-13
driven_dt1e-3,316,6,-2.9778280760975364,0.0,1,0.07129751375459348,0.2338055992901045,0.0,-2.906530562342943,0.0,516,1.822986206434507e-13
driven_dt1e-3,317,0,-0.9003294425796398,0.0,1,0.0071540525119709875,0.6352467661004375,0.0,-0.9074834950916107,0.0,516,8.01581023779363e-14
driven_dt1e-3,317,1,-1.7219560332019352,0.0,1,0.05839742164501782,0.4352741111480361,0.0,-1.6635586115569174,0.0,516,8.01581023779363e-14
driven_dt1e-3,317,2,-1.9826109179025015,0.0,1,0.00801458489594431,0.36960783109952794,0.0,-1.9906255027984459,0.0,516,8.01581023779363e-14
driven_dt1e-3,317,3,-2.4330203253846303,0.19025723976725073,1,0.1902719388334592,0.29591214276934635,0.0,-2.4353853673695642,0.0,516,8.01581023779363e-14
driven_dt1e-3,317,4,-2.6464198717560925,3.045678744368468,1,0.624153705232076,0.002927493151346941,0.19521503021949285,-3.2670823555913677,3.1116024041148442,516,8.01581023779363e-14
driven_dt1e-3,317,5,-2.9498543094339507,5.367773635409873,1,0.27812383255208273,-0.21137987838270322,0.13379689283714866,-2.771260620270372,5.154566786494549,516,8.01581023779363e-14
driven_dt1e-3,317,6,-2.9778280760975364,0.0,1,0.10523491566724008,0.23780682840858786,0.0,-2.8725931604302963,0.0,516,8.01581023779363e-14
driven_dt1e-3,318,0,-0.9003294425796398,0.0,1,0.014289583659523486,0.632984392766143,0.0,-0.9146190262391632,0.0,517,6.03073146976385e-13
driven_dt1e-3,318,1,-1.7219560332019352,0.0,1,0.028447095752617946,0.4167780035710313,0.0,-1.7504031289545532,0.0,517,6.03073146976385e-13
driven_dt1e-3,318,2,-1.9826109179025015,0.0,1,0.23220778894794836,0.4167780035710313,0.0,-1.7504031289545532,0.0,517,6.03073146976385e-13
driven_dt1e-3,318,3,-2.4330203253846303,0.19025723976725073,1,0.19466987610790742,0.2902197579703963,0.0,-2.47423371374345,0.0,517,6.03073146976385e-13
driven_dt1e-3,318,4,-2.6464198717560925,3.045678744368468,1,0.3090644232544109,0.025407398041633875,0.22975149949327262,-2.929358798325134,2.9213148366076545,517,6.03073146976385e-13
driven_dt1e-3,318,5,-2.9498543094339507,5.367773635409873,1,0.3188879147139423,-0.17367493927388414,0.08921386496852467,-3.2669611588355587,5.33411731039967,517,6.03073146976385e-13
driven_dt1e-3,318,6,-2.9778280760975364,0.0,1,0.2057843852325303,0.2500681382057902,0.0,-2.772043690865006,0.0,517,6.03073146976385e-13
driven_dt1e-3,319,0,-0.9003294425796398,0.0,1,0.007598082118816407,0.6351057475692168,0.0,-0.9079275246984562,0.0,517,1.7752466163756253e-13
driven_dt1e-3,319,1,-1.7219560332019352,0.0,1,0.1847889864428205,0.4636693802129469,0.0,-1.5371670467591148,0.0,517,1.7752466163756253e-13
driven_dt1e-3,319,2,-1.9826109179025015,0.0,1,0.06414258108329607,0.38318622975455957,0.0,-1.9184683368192055,0.0,517,1.7752466163756253e-13
driven_dt1e-3,319,3,-2.4330203253846303,0.19025723976725073,1,0.19716109795688894,0.3040231277556161,0.0,-2.381303004652473,0.0,517,1.7752466163756253e-13
driven_dt1e-3,319,4,-2.6464198717560925,3.045678744368468,1,0.41883082217028084,-0.0421098367830701,0.2592679973049309,-2.673748304259457,3.4636170345223403,517,1.7752466163756253e-13
driven_dt1e-3,319,5,-2.9498543094339507,5.367773635409873,1,0.38629673851266466,-0.24501744289887997,0.07646512107712625,-2.7199133599443264,5.678180352368981,517,1.7752466163756253e-13
driven_dt1e-3,319,6,-2.9778280760975364,0.0,1,0.18320088750246732,0.2058691550208603,0.0,-3.1610289636000037,0.0,517,1.7752466163756253e-13
driven_dt1e-3,320,0,-0.9003294425796398,0.0,1,0.0050296046476672185,0.639128391599942,0.0,-0.8952998379319725,0.0,517,5.906386491005833e-14
driven_dt1e-3,320,1,-1.7219560332019352,0.0,1,0.06958796337101436,0.408292276004785,0.0,-1.7915439965729496,0.0,517,5.906386491005833e-14
driven_dt1e-3,320,2,-1.9826109179025015,0.0,1,0.045224743061967,0.36279482297487414,0.0,-2.0278356609644685,0.0,517,5.906386491005833e-14
driven_dt1e-3,320,3,-2.4330203253846303,0.19025723976725073,1,0.19493310133844768,0.2900419162681843,0.0,-2.4754596551810866,0.0,517,5.906386491005833e-14
driven_dt1e-3,320,4,-2.6464198717560925,3.045678744368468,1,0.22206321364495543,0.002218061272681182,0.2399519660645806,-2.8545475904664315,3.123105636071255,517,5.906386491005833e-14
driven_dt1e-3,320,5,-2.9498543094339507,5.367773635409873,1,0.4495284368873069,-0.15849414509720516,0.10318458690909572,-3.3307169330075124,5.128986119959402,517,5.906386491005833e-14
driven_dt1e-3,320,6,-2.9778280760975364,0.0,1,0.113788317617745,0.2131395428858858,0.0,-3.0916163937152814,0.0,517,5.906386491005833e-14
driven_dt1e-3,321,0,-0.9003294425796398,0.0,1,0.007372075315670412,0.6398773999020182,0.0,-0.8929573672639693,0.0,516,3.361755318564974e-13
driven_dt1e-3,321,1,-1.7219560332019352,0.0,1,0.00014560640160476979,0.4227176487729719,0.0,-1.72210163960354,0.0,516,3.361755318564974e-13
driven_dt1e-3,321,2,-1.9826109179025015,0.0,1,0.1195111693596933,0.34956664680386623,0.0,-2.102122087262195,0.0,516,3.361755318564974e-13
driven_dt1e-3,321,3,-2.4330203253846303,0.19025723976725073,1,0.31867615503270497,0.34131280104472017,0.04926653207696278,-2.1292906638924527,0.2867081833410478,516,3.361755318564974e-13
driven_dt1e-3,321,4,-2.6464198717560925,3.045678744368468,1,0.5254236381194016,0.05896092414773374,0.32950279566468493,-2.1888236180754257,2.787462423985641,516,3.361755318564974e-13
driven_dt1e-3,321,5,-2.9498543094339507,5.367773635409873,1,0.2915408622952462,-0.24005113914226478,0.09450212005805741,-2.7097235989672557,5.533101540733251,516,3.361755318564974e-13
driven_dt1e-3,321,6,-2.9778280760975364,0.0,1,0.056589836415996686,0.2193231740635739,0.0,-3.034417912513533,0.0,516,3.361755318564974e-13
driven_dt1e-3,322,0,-0.9003294425796398,0.0,1,0.006082453966318457,0.6355872220556611,0.0,-0.9064118965459582,0.0,517,1.0513812043200232e-13
driven_dt1e-3,322,1,-1.7219560332019352,0.0,1,0.021202543820810993,0.4272539359715421,0.0,-1.7007534893811243,0.0,517,1.0513812043200232e-13
driven_dt1e-3,322,2,-1.9826109179025015,0.0,1,0.0301666355447614,0.36553663336732334,0.0,-2.012777553447263,0.0,517,1.0513812043200232e-13
driven_dt1e-3,322,3,-2.4330203253846303,0.19025723976725073,1,0.20750103238711476,0.3266936682204111,0.022170188071240906,-2.2328699615183725,0.13551684987164409,517,1.0513812043200232e-13
driven_dt1e-3,322,4,-2.6464198717560925,3.045678744368468,1,0.10926421614293298,0.019592549267939408,0.27923546303043667,-2.546488754386663,3.001492313073025,517,1.0513812043200232e-13
driven_dt1e-3,322,5,-2.9498543094339507,5.367773635409873,1,0.13517490916433117,-0.221174934459462,0.10060266039988237,-2.829552854315287,5.429416282691745,517,1.0513812043200232e-13
driven_dt1e-3,322,6,-2.9778280760975364,0.0,1,0.18554044572247275,0.2056284743829595,0.0,-3.163368521820009,0.0,517,1.0513812043200232e-13
driven_dt1e-3,323,0,-0.9003294425796398,0.0,1,0.006253466130193952,0.6395196135985519,0.0,-0.8940759764494458,0.0,516,1.325606291402437e-13
driven_dt1e-3,323,1,-1.7219560332019352,0.0,1,0.058635974684533965,0.4105342150189304,0.0,-1.7805920078864692,0.0,516,1.325606291402437e-13
driven_dt1e-3,323,2,-1.9826109179025015,0.0,1,0.1199527843626893,0.34948946838707867,0.0,-2.102563702265191,0.0,516,1.325606291402437e-13
driven_dt1e-3,323,3,-2.4330203253846303,0.19025723976725073,1,0.14088725793876383,0.3055176193704191,0.0466352386650532,-2.348462959096554,0.30294828313773264,516,1.325606291402437e-13
driven_dt1e-3,323,4,-2.6464198717560925,3.045678744368468,1,0.6961608026501094,-0.05612604798330067,0.21660927301568883,-2.994339036187885,3.6486647460032717,516,1.325606291402437e-13
driven_dt1e-3,323,5,-2.9498543094339507,5.367773635409873,1,0.26613522607272444,-0.19826601447125844,0.07270413435389797,-3.110126724907062,5.580237070840995,516,1.325606291402437e-13
driven_dt1e-3,323,6,-2.9778280760975364,0.0,1,0.09350332340994427,0.2153123100988552,0.0,-3.0713313995074807,0.0,516,1.325606291402437e-13
driven_dt1e-3,324,0,-0.9003294425796398,0.0,1,0.004214922613508643,0.6361809887643214,0.0,-0.9045443651931484,0.0,517,9.192646643896296e-14
driven_dt1e-3,324,1,-1.7219560332019352,0.0,1,0.07201191548688413,0.4077977352879171,0.0,-1.7939679486888194,0.0,517,9.192646643896296e-14
driven_dt1e-3,324,2,-1.9826109179025015,0.0,1,0.10772453978009078,0.3516328354634993,0.0,-2.0903354576825923,0.0,517,9.192646643896296e-14
driven_dt1e-3,324,3,-2.4330203253846303,0.19025723976725073,1,0.20203175166254528,0.28636392349309,0.0,-2.5009836345740983,0.0,517,9.192646643896296e-14
driven_dt1e-3,324,4,-2.6464198717560925,3.045678744368468,1,0.6685921350225593,-0.057556267593168765,0.22280570773593453,-2.9383107557040034,3.6471894715231308,517,9.192646643896296e-14
driven_dt1e-3,324,5,-2.9498543094339507,5.367773635409873,1,0.2531930830346726,-0.22889504711516082,0.1208761532695003,-2.703003153554475,5.311459834813842,517,9.192646643896296e-14
driven_dt1e-3,324,6,-2.9778280760975364,0.0,1,0.17643226286388058,0.2464249223302545,0.0,-2.801395813233656,0.0,517,9.192646643896296e-14
driven_dt1e-3,325,0,-0.9003294425796398,0.0,1,0.005818342880636318,0.6393804938064522,0.0,-0.8945110996990034,0.0,516,1.9118040484045196e-13
driven_dt1e-3,325,1,-1.7219560332019352,0.0,1,0.010217544149157876,0.42491367661873986,0.0,-1.7117384890527774,0.0,516,1.9118040484045196e-13
driven_dt1e-3,325,2,-1.9826109179025015,0.0,1,0.026149644072748,0.3662715499281274,0.0,-2.0087605619752495,0.0,516,1.9118040484045196e-13
driven_dt1e-3,325,3,-2.4330203253846303,0.19025723976725073,1,0.25789854440966375,0.27156207832550766,0.0,-2.6071290325901293,0.0,516,1.9118040484045196e-13
driven_dt1e-3,325,4,-2.6464198717560925,3.045678744368468,1,0.6001596361061698,-0.010684455078720248,0.20046277686298142,-3.2114166516021094,3.248089780566403,516,1.9118040484045196e-13
driven_dt1e-3,325,5,-2.9498543094339507,5.367773635409873,1,0.42484561264107057,-0.19819009913699745,0.15128045684054642,-2.7779616583592808,4.979255024418213,516,1.9118040484045196e-13
driven_dt1e-3,325,6,-2.9778280760975364,0.0,1,0.17658638799266724,0.2065511428637815,0.0,-3.1544144640902037,0.0,516,1.9118040484045196e-13
driven_dt1e-3,326,0,-0.9003294425796398,0.0,1,0.0018173388250386502,0.6381026903823762,0.0,-0.8985121037546011,0.0,517,3.375077994860476e-14
driven_dt1e-3,326,1,-1.7219560332019352,0.0,1,0.14472152817811712,0.39323857875196,0.0,-1.8666775613800524,0.0,517,3.375077994860476e-14
driven_dt1e-3,326,2,-1.9826109179025015,0.0,1,0.005468627864172904,0.37210799971891945,0.0,-1.9771422900383286,0.0,517,3.375077994860476e-14
driven_dt1e-3,326,3,-2.4330203253846303,0.19025723976725073,1,0.23344658528602846,0.3169940239249403,0.0,-2.2977447145087084,0.0,517,3.375077994860476e-14
driven_dt1e-3,326,4,-2.6464198717560925,3.045678744368468,1,0.09984190536210562,0.024998235382867474,0.2610398058671735,-2.6770357788950347,2.950646790287773,517,3.375077994860476e-14
driven_dt1e-3,326,5,-2.9498543094339507,5.367773635409873,1,0.11247614284716945,-0.1946527901535159,0.09443948865414803,-3.061689918893629,5.379760259895488,517,3.375077994860476e-14
driven_dt1e-3,326,6,-2.9778280760975364,0.0,1,0.1891530572761999,0.24799727781974887,0.0,-2.7886750188213365,0.0,517,3.375077994860476e-14
driven_dt1e-3,327,0,-0.9003294425796398,0.0,1,0.004935245794285281,0.6359519020642247,0.0,-0.905264688373925,0.0,516,1.4410694859634532e-13
driven_dt1e-3,327,1,-1.7219560332019352,0.0,1,0.16647125938577068,0.4594420838031218,0.0,-1.5554847738161646,0.0,516,1.4410694859634532e-13
driven_dt1e-3,327,2,-1.9826109179025015,0.0,1,0.062345219550368425,0.38284202234935866,0.0,-1.9202656983521331,0.0,516,1.4410694859634532e-13
driven_dt1e-3,327,3,-2.4330203253846303,0.19025723976725073,1,0.19368086343531737,0.3016818105670063,0.0,-2.3967648488714617,0.0,516,1.4410694859634532e-13
driven_dt1e-3,327,4,-2.6464198717560925,3.045678744368468,1,0.6589273047802913,0.007584000165115704,0.19140724031613107,-3.305135247266335,3.0623894311113644,516,1.4410694859634532e-13
driven_dt1e-3,327,5,-2.9498543094339507,5.367773635409873,1,0.0881596817276187,-0.2132253764610228,0.10762286225423007,-2.863866788966118,5.348324321640254,516,1.4410694859634532e-13
driven_dt1e-3,327,6,-2.9778280760975364,0.0,1,0.09124996694875431,0.2155550345018969,0.0,-3.0690780430462907,0.0,516,1.4410694859634532e-13
driven_dt1e-3,328,0,-0.9003294425796398,0.0,1,0.0068966858955746835,0.6397253225036948,0.0,-0.8934327566840651,0.0,516,4.3298697960381105e-15
driven_dt1e-3,328,1,-1.7219560332019352,0.0,1,0.19280544486113893,0.46553160298076524,0.0,-1.5291505883407963,0.0,516,4.3298697960381105e-15
driven_dt1e-3,328,2,-1.9826109179025015,0.0,1,0.11299746750373056,0.36014704792298,0.017529331989099704,-2.0401194982174027,0.09726865297937055,516,4.3298697960381105e-15
driven_dt1e-3,328,3,-2.4330203253846303,0.19025723976725073,1,0.19598300523184695,0.289377397598032,0.0,-2.480047137479998,0.0,516,4.3298697960381105e-15
driven_dt1e-3,328,4,-2.6464198717560925,3.045678744368468,1,0.540402574069141,0.049554787091837374,0.3390325291989778,-2.1421791656943268,2.8513176052205265,516,4.3298697960381105e-15
driven_dt1e-3,328,5,-2.9498543094339507,5.367773635409873,1,0.18156885391705904,-0.22633680842335357,0.0967026506709878,-2.803794542488965,5.475633698420845,516,4.3298697960381105e-15
driven_dt1e-3,328,6,-2.9778280760975364,0.0,1,0.1995197329039886,0.2041962159539769,0.0,-3.177347809001525,0.0,516,4.3298697960381105e-15
driven_dt1e-3,329,0,-0.9003294425796398,0.0,1,0.0013503311805251883,0.6370928409345342,0.0,-0.901679773760165,0.0,517,1.1368683772161603e-13
driven_dt1e-3,329,1,-1.7219560332019352,0.0,1,0.14795413651074063,0.39260349897806984,0.0,-1.8699101697126759,0.0,517,1.1368683772161603e-13
driven_dt1e-3,329,2,-1.9826109179025015,0.0,1,0.11270074818982567,0.39260349897806984,0.0,-1.8699101697126759,0.0,517,1.1368683772161603e-13
driven_dt1e-3,329,3,-2.4330203253846303,0.19025723976725073,1,0.1864648609650349,0.27140038066108163,0.040531527382769696,-2.586262244724823,0.2964931025050458,517,1.1368683772161603e-13
driven_dt1e-3,329,4,-2.6464198717560925,3.045678744368468,1,0.12622903707235927,0.024637302655888517,0.25455786670824315,-2.7271305152956136,2.9486243172687656,517,1.1368683772161603e-13
driven_dt1e-3,329,5,-2.9498543094339507,5.367773635409873,1,0.2258771412730484,-0.23068717468820543,0.1111408524541785,-2.72465436569507,5.385251286558972,517,1.1368683772161603e-13
driven_dt1e-3,329,6,-2.9778280760975364,0.0,1,0.18785789423603338,0.22596873104048418,0.021244562719155174,-2.96591721573755,0.18747991847737083,517,1.1368683772161603e-13
driven_dt1e-3,330,0,-0.9003294425796398,0.0,1,0.009175310366259182,0.6346050916447407,0.0,-0.9095047529458989,0.0,517,2.262634524186069e-13
driven_dt1e-3,330,1,-1.7219560332019352,0.0,1,0.0282518697639782,0.4287625191609863,0.0,-1.693704163437957,0.0,517,2.262634524186069e-13
driven_dt1e-3,330,2,-1.9826109179025015,0.0,1,0.02334293290892986,0.3754484906713034,0.0,-1.9592679849935717,0.0,517,2.262634524186069e-13
driven_dt1e-3,330,3,-2.4330203253846303,0.19025723976725073,1,0.22683361600678414,0.31513529141128577,0.0,-2.309506471639959,0.0,517,2.262634524186069e-13
driven_dt1e-3,330,4,-2.6464198717560925,3.045678744368468,1,0.3077515192416576,0.026146651697427963,0.3080895228642163,-2.347553155026874,2.9722642823936947,517,2.262634524186069e-13
driven_dt1e-3,330,5,-2.9498543094339507,5.367773635409873,1,0.1435308798086142,-0.19827717554943103,0.11600310615914025,-2.941801838813602,5.224468816315945,517,2.262634524186069e-13
driven_dt1e-3,330,6,-2.9778280760975364,0.0,1,0.16989885287050913,0.22998494331122404,0.018879634943080273,-2.932766586820019,0.16381417029917486,517,2.262634524186069e-13
driven_dt1e-3,331,0,-0.9003294425796398,0.0,1,0.011693696589424096,0.6338065041782027,0.0,-0.9120231391690639,0.0,516,3.2240876635114546e-13
driven_dt1e-3,331,1,-1.7219560332019352,0.0,1,0.0633850896465511,0.40956053441523804,0.0,-1.7853411228484863,0.0,516,3.2240876635114546e-13
driven_dt1e-3,331,2,-1.9826109179025015,0.0,1,0.1616213182054962,0.3422834383493488,0.0,-2.1442322361079977,0.0,516,3.2240876635114546e-13
driven_dt1e-3,331,3,-2.4330203253846303,0.19025723976725073,1,0.18352207340512064,0.27640104667928306,0.009514970557913643,-2.5706204552698257,0.06882184261101858,516,3.2240876635114546e-13
driven_dt1e-3,331,4,-2.6464198717560925,3.045678744368468,1,0.3621348522328137,0.016121065044094583,0.22196476736713397,-3.0052121319485474,2.996589384750812,516,3.2240876635114546e-13
driven_dt1e-3,331,5,-2.9498543094339507,5.367773635409873,1,0.6379153547878041,-0.1419216300045806,0.11786596063211079,-3.380391324473493,4.897057289236415,516,3.2240876635114546e-13
driven_dt1e-3,331,6,-2.9778280760975364,0.0,1,0.0027956106177393636,0.2259331245116991,0.0,-2.975032465479797,0.0,516,3.2240876635114546e-13
driven_dt1e-3,332,0,-0.9003294425796398,0.0,1,0.0017254449430696983,0.638073372189265,0.0,-0.8986039976365701,0.0,517,4.1744385725905886e-14
driven_dt1e-3,332,1,-1.7219560332019352,0.0,1,0.005440232135140777,0.42389991525822235,0.0,-1.7165158010667945,0.0,517,4.1744385725905886e-14
driven_dt1e-3,332,2,-1.9826109179025015,0.0,1,0.08084993311721766,0.35638972081510956,0.0,-2.063460851019719,0.0,517,4.1744385725905886e-14
driven_dt1e-3,332,3,-2.4330203253846303,0.19025723976725073,1,0.2303052098857574,0.27764836953466837,0.0,-2.562799647376501,0.0,517,4.1744385725905886e-14
driven_dt1e-3,332,4,-2.6464198717560925,3.045678744368468,1,0.16534655707559123,-0.0019959370343813863,0.2832248435534168,-2.5229787316549723,3.155686784380493,517,4.1744385725905886e-14
driven_dt1e-3,332,5,-2.9498543094339507,5.367773635409873,1,0.2661089713862631,-0.18680739222001747,0.12495830183565589,-2.985552682137602,5.104069993344455,517,4.1744385725905886e-14
driven_dt1e-3,332,6,-2.9778280760975364,0.0,1,0.4150284287210355,0.27764836953466837,0.0,-2.562799647376501,0.0,517,4.1744385725905886e-14
driven_dt1e-3,333,0,-0.9003294425796398,0.0,1,0.003152042599881777,0.6365191706470565,0.0,-0.9034814851795215,0.0,516,2.6867397195928788e-14
driven_dt1e-3,333,1,-1.7219560332019352,0.0,1,0.0456710735207555,0.43251317967366726,0.0,-1.6762849596811797,0.0,516,2.6867397195928788e-14
driven_dt1e-3,333,2,-1.9826109179025015,0.0,1,0.05411394933233926,0.3611859220788189,0.0,-2.036724867234841,0.0,516,2.6867397195928788e-14
driven_dt1e-3,333,3,-2.4330203253846303,0.19025723976725073,1,0.07363462559137952,0.2845040063335652,0.025654857761026814,-2.5059174221153375,0.17986150149541255,516,2.6867397195928788e-14
driven_dt1e-3,333,4,-2.6464198717560925,3.045678744368468,1,0.09367825239965386,0.012521687172852819,0.2537906629950306,-2.740059682737361,3.0429953189371246,516,2.6867397195928788e-14
driven_dt1e-3,333,5,-2.9498543094339507,5.367773635409873,1,0.1867091601978896,-0.20406315901430777,0.08023087532896697,-3.0349146500047546,5.5339814840927195,516,2.6867397195928788e-14
driven_dt1e-3,333,6,-2.9778280760975364,0.0,1,0.42070688862461747,0.19940353754658013,0.03651057640433877,-3.191873857100472,0.36218598781710154,516,2.6867397195928788e-14
driven_dt1e-3,334,0,-0.9003294425796398,0.0,1,0.008794534751504712,0.6347259242188488,0.0,-0.9091239773311445,0.0,517,4.340972026284362e-13
driven_dt1e-3,334,1,-1.7219560332019352,0.0,1,0.012760263798964333,0.42005982032547523,0.0,-1.7347162970008996,0.0,517,4.340972026284362e-13
driven_dt1e-3,334,2,-1.9826109179025015,0.0,1,0.08328213766834724,0.3559565778910676,0.0,-2.065893055570849,0.0,517,4.340972026284362e-13
driven_dt1e-3,334,3,-2.4330203253846303,0.19025723976725073,1,0.23191089179416607,0.27725597763525195,0.0,-2.5656281850646367,0.0,517,4.340972026284362e-13
driven_dt1e-3,334,4,-2.6464198717560925,3.045678744368468,1,0.5227660808686533,0.02374509137134027,0.20546749722169474,-3.1516677035959555,2.9114811150008486,517,4.340972026284362e-13
driven_dt1e-3,334,5,-2.9498543094339507,5.367773635409873,1,0.1744520833008015,-0.18875141626480305,0.111567227385447,-3.035006646083255,5.215515272975643,517,4.340972026284362e-13
driven_dt1e-3,334,6,-2.9778280760975364,0.0,1,0.3636388167682119,0.20247895420297887,0.03148171966825942,-3.1703517539936192,0.30849282408177753,517,4.340972026284362e-13
driven_dt1e-3,335,0,-0.9003294425796398,0.0,1,0.015268025652369621,0.6424086132836772,0.0,-0.8850614169272701,0.0,517,1.6253665080512292e-13
driven_dt1e-3,335,1,-1.7219560332019352,0.0,1,0.058490112753579515,0.4105641567674202,0.0,-1.7804461459555148,0.0,517,1.6253665080512292e-13
driven_dt1e-3,335,2,-1.9826109179025015,0.0,1,0.07615901694042981,0.3572265990161376,0.0,-2.0587699348429314,0.0,517,1.6253665080512292e-13
driven_dt1e-3,335,3,-2.4330203253846303,0.19025723976725073,1,0.19323201750208774,0.2913010549788081,0.0,-2.466795986800419,0.0,517,1.6253665080512292e-13
driven_dt1e-3,335,4,-2.6464198717560925,3.045678744368468,1,0.20993966647216802,-0.014027628174276385,0.27551184821837826,-2.5756603284644406,3.243334380745481,517,1.6253665080512292e-13
driven_dt1e-3,335,5,-2.9498543094339507,5.367773635409873,1,0.29296688087299066,-0.2307962858756539,0.07783171407149748,-2.8247295118301055,5.6326762180946135,517,1.6253665080512292e-13
driven_dt1e-3,335,6,-2.9778280760975364,0.0,1,0.24373334481773304,0.21106263338743841,0.022335755628832832,-3.1000639588182177,0.21086567371560455,517,1.6253665080512292e-13
driven_dt1e-3,336,0,-0.9003294425796398,0.0,1,0.01027288487578737,0.634256924002358,0.0,-0.9106023274554271,0.0,517,1.0234035840994693e-12
driven_dt1e-3,336,1,-1.7219560332019352,0.0,1,0.054384511546853975,0.41140782876507564,0.0,-1.7763405447487892,0.0,517,1.0234035840994693e-12
driven_dt1e-3,336,2,-1.9826109179025015,0.0,1,0.08161709383320814,0.3562530429335647,0.0,-2.0642280117357097,0.0,517,1.0234035840994693e-12
driven_dt1e-3,336,3,-2.4330203253846303,0.19025723976725073,1,0.07700502116691647,0.3017058279185515,0.018826709037272186,-2.3927193238579023,0.12464014930401911,517,1.0234035840994693e-12
driven_dt1e-3,336,4,-2.6464198717560925,3.045678744368468,1,0.24526878217850123,0.012076958841952222,0.23524800410812868,-2.8915979346526064,3.039008438105771,517,1.0234035840994693e-12
driven_dt1e-3,336,5,-2.9498543094339507,5.367773635409873,1,0.35698688501731507,-0.1849112815854308,0.06905940426912606,-3.2451842932516044,5.568322474181455,517,1.0234035840994693e-12
driven_dt1e-3,336,6,-2.9778280760975364,0.0,1,0.08587749776770792,0.2161348442956473,0.0,-3.0637055738652443,0.0,517,1.0234035840994693e-12
driven_dt1e-3,337,0,-0.9003294425796398,0.0,1,0.006218282452965629,0.6395083633716753,0.0,-0.8941111601266741,0.0,516,4.233280392895722e-13
driven_dt1e-3,337,1,-1.7219560332019352,0.0,1,0.025628166860368173,0.41736585152707073,0.0,-1.7475842000623034,0.0,516,4.233280392895722e-13
driven_dt1e-3,337,2,-1.9826109179025015,0.0,1,0.11571807699146697,0.3502302451675201,0.0,-2.0983289948939685,0.0,516,4.233280392895722e-13
driven_dt1e-3,337,3,-2.4330203253846303,0.19025723976725073,1,0.21180851868960032,0.26556717310447286,0.03346479008091922,-2.6360205268897987,0.2507036356758885,516,4.233280392895722e-13
driven_dt1e-3,337,4,-2.6464198717560925,3.045678744368468,1,0.5328526157539145,-0.058367301736538105,0.2874029532209206,-2.4533242719056085,3.5423134183836544,516,4.233280392895722e-13
driven_dt1e-3,337,5,-2.9498543094339507,5.367773635409873,1,0.16167371079999932,-0.20674241420049605,0.11994488453409943,-2.862439889271098,5.231769562267066,516,4.233280392895722e-13
driven_dt1e-3,337,6,-2.9778280760975364,0.0,1,0.03868182668936804,0.22129581316126748,0.0,-3.0165099027869045,0.0,516,4.233280392895722e-13
driven_dt1e-3,338,0,-0.9003294425796398,0.0,1,0.0007601708906926907,0.6372808621216576,0.0,-0.9010896134703325,0.0,517,6.88338275267597e-14
driven_dt1e-3,338,1,-1.7219560332019352,0.0,1,0.06534890274858896,0.4091585816157953,0.0,-1.7873049359505242,0.0,517,6.88338275267597e-14
driven_dt1e-3,338,2,-1.9826109179025015,0.0,1,0.10846942327178666,0.3515018971013315,0.0,-2.091080341174288,0.0,517,6.88338275267597e-14
driven_dt1e-3,338,3,-2.4330203253846303,0.19025723976725073,1,0.1939192574998577,0.3018708238126668,0.0,-2.395512177663862,0.0,517,6.88338275267597e-14
driven_dt1e-3,338,4,-2.6464198717560925,3.045678744368468,1,0.5963630751788294,0.08842221901912885,0.24566790850798859,-2.6857329427461223,2.450612865758307,517,6.88338275267597e-14
driven_dt1e-3,338,5,-2.9498543094339507,5.367773635409873,1,0.35829080004406993,-0.21555166444975332,0.1434679219758848,-2.7023828208363376,5.108678749841861,517,6.88338275267597e-14
driven_dt1e-3,338,6,-2.9778280760975364,0.0,1,0.1554300889787998,0.2265380665218481,0.017567509233953883,-2.9636889299713336,0.15478564890447535,517,6.88338275267597e-14
driven_dt1e-3,339,0,-0.9003294425796398,0.0,1,0.012405274090077079,0.6335810430647746,0.0,-0.9127347166697168,0.0,517,9.814371537686384e-13
driven_dt1e-3,339,1,-1.7219560332019352,0.0,1,0.03060635500425435,0.4163282805018442,0.0,-1.7525623882061896,0.0,517,9.814371537686384e-13
driven_dt1e-3,339,2,-1.9826109179025015,0.0,1,0.08631180459053955,0.3554177711604475,0.0,-2.068922722493041,0.0,517,9.814371537686384e-13
driven_dt1e-3,339,3,-2.4330203253846303,0.19025723976725073,1,0.19885000095301303,0.2878195119888875,0.0,-2.4908433795685814,0.0,517,9.814371537686384e-13
driven_dt1e-3,339,4,-2.6464198717560925,3.045678744368468,1,0.6471686199550974,-0.003812881672915195,0.1940099546552945,-3.279305450503848,3.1808936358105866,517,9.814371537686384e-13
driven_dt1e-3,339,5,-2.9498543094339507,5.367773635409873,1,0.17830905869845193,-0.19447831504299626,0.11836042252516492,-2.959766763555326,5.18974031362089,517,9.814371537686384e-13
driven_dt1e-3,339,6,-2.9778280760975364,0.0,1,0.10013832298672046,0.23136486773598913,0.009896286695099203,-2.92569069990768,0.08549489888075287,517,9.814371537686384e-13
driven_dt1e-3,340,0,-0.9003294425796398,0.0,1,0.006025887284624942,0.6394468471709646,0.0,-0.8943035552950148,0.0,517,6.317169010117141e-14
driven_dt1e-3,340,1,-1.7219560332019352,0.0,1,0.02678311741018269,0.4284477617706782,0.0,-1.6951729157917526,0.0,517,6.317169010117141e-14
driven_dt1e-3,340,2,-1.9826109179025015,0.0,1,0.08309706514602655,0.3868350414219374,0.0,-1.899513852756475,0.0,517,6.317169010117141e-14
driven_dt1e-3,340,3,-2.4330203253846303,0.19025723976725073,1,0.19248201595379044,0.3006165196551359,0.0,-2.403839695134718,0.0,517,6.317169010117141e-14
driven_dt1e-3,340,4,-2.6464198717560925,3.045678744368468,1,0.14525600749717688,0.017560898910475468,0.28543686163305293,-2.5036909290670577,3.018701779511573,517,6.317169010117141e-14
driven_dt1e-3,340,5,-2.9498543094339507,5.367773635409873,1,0.431717893115555,-0.2527656931386941,0.07745890787294486,-2.660827292482777,5.688466202689565,517,6.317169010117141e-14
driven_dt1e-3,340,6,-2.9778280760975364,0.0,1,0.23637709814366167,0.24089670737840063,0.02299852863164245,-2.8377007463378305,0.19036403016650205,517,6.317169010117141e-14
driven_dt1e-3,341,0,-0.9003294425796398,0.0,1,0.013350356163523869,0.6417929447944821,0.0,-0.8869790864161159,0.0,517,1.0880185641326534e-14
driven_dt1e-3,341,1,-1.7219560332019352,0.0,1,0.043737962815785014,0.4136037049540123,0.0,-1.7656939960177203,0.0,517,1.0880185641326534e-14
driven_dt1e-3,341,2,-1.9826109179025015,0.0,1,0.07156610528105456,0.3580478967980669,0.0,-2.054177023183556,0.0,517,1.0880185641326534e-14
driven_dt1e-3,341,3,-2.4330203253846303,0.19025723976725073,1,0.2967963328274221,0.2643695574827625,0.0,-2.6608146314942274,0.0,517,1.0880185641326534e-14
driven_dt1e-3,341,4,-2.6464198717560925,3.045678744368468,1,0.5308348068350744,0.02564042291533134,0.20492212701262646,-3.154716060762768,2.892640917708125,517,1.0880185641326534e-14
driven_dt1e-3,341,5,-2.9498543094339507,5.367773635409873,1,0.21065380856022814,-0.18780461434616186,0.11714083588866922,-3.016087061773863,5.1678030136215485,517,1.0880185641326534e-14
driven_dt1e-3,341,6,-2.9778280760975364,0.0,1,0.012092392701638754,0.22698579473972097,0.0,-2.9657356833958977,0.0,517,1.0880185641326534e-14
driven_dt1e-3,342,0,-0.9003294425796398,0.0,1,0.0006157925760772454,0.6373268685506251,0.0,-0.900945235155717,0.0,517,2.793321129956894e-13
driven_dt1e-3,342,1,-1.7219560332019352,0.0,1,0.0625490466243015,0.40973177531742816,0.0,-1.7845050798262367,0.0,517,2.793321129956894e-13
driven_dt1e-3,342,2,-1.9826109179025015,0.0,1,0.1552631543623193,0.3433733169289987,0.0,-2.137874072264821,0.0,517,2.793321129956894e-13
driven_dt1e-3,342,3,-2.4330203253846303,0.19025723976725073,1,0.12543778661838192,0.2887570928839045,0.010858669789215689,-2.4829257802019766,0.07517429623871337,517,2.793321129956894e-13
driven_dt1e-3,342,4,-2.6464198717560925,3.045678744368468,1,0.4716613812445451,0.009673054807309404,0.33669508883133015,-2.176330039046802,3.0841496130987585,517,2.793321129956894e-13
driven_dt1e-3,342,5,-2.9498543094339507,5.367773635409873,1,0.34088528296405635,-0.2108315428713852,0.14180409947079547,-2.7401859353958447,5.098995010758094,517,2.793321129956894e-13
driven_dt1e-3,342,6,-2.9778280760975364,0.0,1,0.2115371462308925,0.20483814390206553,0.009276875082111832,-3.169021331856461,0.09051576209596042,517,2.793321129956894e-13
driven_dt1e-3,343,0,-0.9003294425796398,0.0,1,0.011087933665654859,0.6410673518726562,0.0,-0.8892415089139849,0.0,516,2.6711965972481266e-13
driven_dt1e-3,343,1,-1.7219560332019352,0.0,1,0.03419878789661568,0.41558113601488605,0.0,-1.756154821098551,0.0,516,2.6711965972481266e-13
driven_dt1e-3,343,2,-1.9826109179025015,0.0,1,0.13652534559678853,0.3466054659081103,0.0,-2.11913626349929,0.0,516,2.6711965972481266e-13
driven_dt1e-3,343,3,-2.4330203253846303,0.19025723976725073,1,0.10865740136214173,0.27926455665283434,0.028750337447332575,-2.540648461996043,0.20517753066014555,516,2.6711965972481266e-13
driven_dt1e-3,343,4,-2.6464198717560925,3.045678744368468,1,0.600202655794346,-0.028625281286043094,0.20821265395280913,-3.1196660765744544,3.414841659146758,516,2.6711965972481266e-13
driven_dt1e-3,343,5,-2.9498543094339507,5.367773635409873,1,0.2114011920201234,-0.20924516657073786,0.12575848345988797,-2.8201209149453828,5.200861352033236,516,2.6711965972481266e-13
driven_dt1e-3,343,6,-2.9778280760975364,0.0,1,0.0981658349393002,0.23696777428360952,0.0,-2.879662241158236,0.0,516,2.6711965972481266e-13
driven_dt1e-3,344,0,-0.9003294425796398,0.0,1,0.0028412859390192224,0.638429465729527,0.0,-0.8974881566406205,0.0,516,3.11972669919669e-13
driven_dt1e-3,344,1,-1.7219560332019352,0.0,1,0.12006727724274624,0.39811608107806357,0.0,-1.8420233104446815,0.0,516,3.11972669919669e-13
driven_dt1e-3,344,2,-1.9826109179025015,0.0,1,0.14058760745782006,0.39811608107806357,0.0,-1.8420233104446815,0.0,516,3.11972669919669e-13
driven_dt1e-3,344,3,-2.4330203253846303,0.19025723976725073,1,0.19730340988594666,0.2886216036965513,0.0,-2.4852775571211922,0.0,516,3.11972669919669e-13
driven_dt1e-3,344,4,-2.6464198717560925,3.045678744368468,1,0.08971317998337848,0.007829684082813232,0.2553644251748912,-2.7291876268001323,3.0802902076097105,516,3.11972669919669e-13
driven_dt1e-3,344,5,-2.9498543094339507,5.367773635409873,1,0.3821427359618202,-0.18753439438908304,0.0644512314414809,-3.235942884257773,5.621123981775651,516,3.11972669919669e-13
driven_dt1e-3,344,6,-2.9778280760975364,0.0,1,0.0406892491192794,0.23025464887676672,0.0,-2.937138826978257,0.0,516,3.11972669919669e-13
driven_dt1e-3,345,0,-0.9003294425796398,0.0,1,0.0038145993392978417,0.6387402373199955,0.0,-0.8965148432403419,0.0,517,8.926193117986259e-14
driven_dt1e-3,345,1,-1.7219560332019352,0.0,1,0.0661468601706372,0.40899536861371943,0.0,-1.7881028933725724,0.0,517,8.926193117986259e-14
driven_dt1e-3,345,2,-1.9826109179025015,0.0,1,0.1945080245299291,0.40899536861371943,0.0,-1.7881028933725724,0.0,517,8.926193117986259e-14
driven_dt1e-3,345,3,-2.4330203253846303,0.19025723976725073,1,0.3162290876317113,0.33614459623428633,0.0,-2.1804277313116223,0.0,517,8.926193117986259e-14
driven_dt1e-3,345,4,-2.6464198717560925,3.045678744368468,1,0.369226324007481,-0.013284450766577086,0.22854262803012482,-2.948692030859938,3.257715581193527,517,8.926193117986259e-14
driven_dt1e-3,345,5,-2.9498543094339507,5.367773635409873,1,0.23163401476666318,-0.21276309060359286,0.07588413087596524,-2.9754095062208954,5.5979936360920535,517,8.926193117986259e-14
driven_dt1e-3,345,6,-2.9778280760975364,0.0,1,0.2605796277350194,0.19805631848952956,0.0,-3.238407703832556,0.0,517,8.926193117986259e-14
driven_dt1e-3,346,0,-0.9003294425796398,0.0,1,0.006464943529704503,0.6354656809385548,0.0,-0.9067943861093443,0.0,516,3.199662756969701e-13
driven_dt1e-3,346,1,-1.7219560332019352,0.0,1,0.06264960142769938,0.4097111755862265,0.0,-1.7846056346296346,0.0,516,3.199662756969701e-13
driven_dt1e-3,346,2,-1.9826109179025015,0.0,1,0.14493004898596573,0.34620699920489495,0.007468840014793675,-2.120971537860588,0.043139980805378175,516,3.199662756969701e-13
driven_dt1e-3,346,3,-2.4330203253846303,0.19025723976725073,1,0.3449897588040543,0.34620699920489495,0.007468840014793675,-2.120971537860588,0.043139980805378175,516,3.199662756969701e-13
driven_dt1e-3,346,4,-2.6464198717560925,3.045678744368468,1,0.17082478757044164,0.025876041391418764,0.2482795574419781,-2.7755963099139676,2.9338996950196243,516,3.199662756969701e-13
driven_dt1e-3,346,5,-2.9498543094339507,5.367773635409873,1,0.4201220200752508,-0.24589928931792232,0.13562461555150035,-2.5400748503933395,5.275127498412729,516,3.199662756969701e-13
driven_dt1e-3,346,6,-2.9778280760975364,0.0,1,0.015394524805687482,0.22388756380327812,0.0,-2.993222600903224,0.0,516,3.199662756969701e-13
driven_dt1e-3,347,0,-0.9003294425796398,0.0,1,0.008049124214475012,0.6400940507152346,0.0,-0.8922803183651647,0.0,516,1.34781075189494e-13
driven_dt1e-3,347,1,-1.7219560332019352,0.0,1,0.15640418001600787,0.45713527442022306,0.0,-1.5655518531859274,0.0,516,1.34781075189494e-13
driven_dt1e-3,347,2,-1.9826109179025015,0.0,1,0.015032266784393178,0.3738916140554642,0.0,-1.9675786511181084,0.0,516,1.34781075189494e-13
driven_dt1e-3,347,3,-2.4330203253846303,0.19025723976725073,1,0.19676926997581268,0.3252162674596837,0.02388457756815995,-2.241150505960789,0.14662103918703537,516,1.34781075189494e-13
driven_dt1e-3,347,4,-2.6464198717560925,3.045678744368468,1,0.4714492861080265,-0.04945941172545035,0.2862753400929574,-2.472190202577644,3.4837523132467285,516,1.34781075189494e-13
driven_dt1e-3,347,5,-2.9498543094339507,5.367773635409873,1,0.25948936916880855,-0.18148725087220025,0.11745656729193923,-3.06329044409197,5.134392025025777,516,1.34781075189494e-13
driven_dt1e-3,347,6,-2.9778280760975364,0.0,1,0.17765013144589314,0.2465750246121951,0.0,-2.8001779446516433,0.0,516,1.34781075189494e-13
driven_dt1e-3,348,0,-0.9003294425796398,0.0,1,0.003659654268320267,0.6386907544110996,0.0,-0.8966697883113195,0.0,517,4.440892098500626e-14
driven_dt1e-3,348,1,-1.7219560332019352,0.0,1,0.1031781443115789,0.401492233795795,0.0,-1.8251341775135141,0.0,517,4.440892098500626e-14
driven_dt1e-3,348,2,-1.9826109179025015,0.0,1,0.1574767403889874,0.401492233795795,0.0,-1.8251341775135141,0.0,517,4.440892098500626e-14
driven_dt1e-3,348,3,-2.4330203253846303,0.19025723976725073,1,0.2779008423979997,0.32784001899335113,0.0,-2.23045907311346,0.0,517,4.440892098500626e-14
driven_dt1e-3,348,4,-2.6464198717560925,3.045678744368468,1,0.7388083065430837,-0.035349789615103766,0.19573865362825674,-3.2298551741909423,3.4989347004129687,517,4.440892098500626e-14
driven_dt1e-3,348,5,-2.9498543094339507,5.367773635409873,1,0.6682283053409305,-0.13859955061032,0.11138139631141081,-3.454103000188234,4.929296354434674,517,4.440892098500626e-14
driven_dt1e-3,348,6,-2.9778280760975364,0.0,1,0.012526848316562145,0.2270351077221188,0.0,-2.9653012277809743,0.0,517,4.440892098500626e-14
driven_dt1e-3,349,0,-0.9003294425796398,0.0,1,0.012456382129946042,0.633564852729035,0.0,-0.9127858247095858,0.0,516,3.044231533522179e-13
driven_dt1e-3,349,1,-1.7219560332019352,0.0,1,0.1507074265966939,0.39206339516826083,0.0,-1.8726634597986291,0.0,516,3.044231533522179e-13
driven_dt1e-3,349,2,-1.9826109179025015,0.0,1,0.10994745810387241,0.39206339516826083,0.0,-1.8726634597986291,0.0,516,3.044231533522179e-13
driven_dt1e-3,349,3,-2.4330203253846303,0.19025723976725073,1,0.27956846841372296,0.32821427921253776,0.0,-2.228177187234138,0.0,516,3.044231533522179e-13
driven_dt1e-3,349,4,-2.6464198717560925,3.045678744368468,1,0.4021839302188678,0.016333890602209987,0.3251754667491553,-2.2442607132224617,3.041215008957733,516,3.044231533522179e-13
driven_dt1e-3,349,5,-2.9498543094339507,5.367773635409873,1,0.18163382490505037,-0.18567615155894412,0.10559357535353614,-3.087285518383715,5.249015439245378,516,3.044231533522179e-13
driven_dt1e-3,349,6,-2.9778280760975364,0.0,1,0.04366885240178986,0.23059793828363637,0.0,-2.9341592236957466,0.0,516,3.044231533522179e-13
driven_dt1e-3,350,0,-0.9003294425796398,0.0,1,0.0030764004133415623,0.6365432449532332,0.0,-0.9034058429929813,0.0,517,5.861977570020827e-14
driven_dt1e-3,350,1,-1.7219560332019352,0.0,1,0.05379382030723523,0.4115293542103773,0.0,-1.7757498535091705,0.0,517,5.861977570020827e-14
driven_dt1e-3,350,2,-1.9826109179025015,0.0,1,0.20686106439333107,0.4115293542103773,0.0,-1.7757498535091705,0.0,517,5.861977570020827e-14
driven_dt1e-3,350,3,-2.4330203253846303,0.19025723976725073,1,0.3033444543333507,0.333411159728805,0.0,-2.1967576734674363,0.0,517,5.861977570020827e-14
driven_dt1e-3,350,4,-2.6464198717560925,3.045678744368468,1,0.6616986556641763,0.09494043700032373,0.23964186508398452,-2.7114272457227857,2.3871810965080273,517,5.861977570020827e-14
driven_dt1e-3,350,5,-2.9498543094339507,5.367773635409873,1,0.2860659172690461,-0.2274700534832416,0.128112180281979,-2.685965533050645,5.257336220002311,517,5.861977570020827e-14
driven_dt1e-3,350,6,-2.9778280760975364,0.0,1,0.022949610732979853,0.22304341432127545,0.0,-3.0007776868305163,0.0,517,5.861977570020827e-14
driven_dt1e-3,351,0,-0.9003294425796398,0.0,1,0.01313596050011101,0.6333496108145376,0.0,-0.9134654030797508,0.0,516,3.9013237085328e-13
driven_dt1e-3,351,1,-1.7219560332019352,0.0,1,0.1862459832699379,0.3851582430481823,0.0,-1.9082020164718732,0.0,516,3.9013237085328e-13
driven_dt1e-3,351,2,-1.9826109179025015,0.0,1,0.0744089014306284,0.3851582430481823,0.0,-1.9082020164718732,0.0,516,3.9013237085328e-13
driven_dt1e-3,351,3,-2.4330203253846303,0.19025723976725073,1,0.19921780176817255,0.3051437169216673,0.0,-2.373944820668295,0.0,516,3.9013237085328e-13
driven_dt1e-3,351,4,-2.6464198717560925,3.045678744368468,1,0.5516558990196954,-0.06201843612080031,0.273750163978817,-2.5410270872990717,3.587173519881237,516,3.9013237085328e-13
driven_dt1e-3,351,5,-2.9498543094339507,5.367773635409873,1,0.35753228412386634,-0.22727019529471099,0.13940058008268597,-2.643889297237179,5.182801352344927,516,3.9013237085328e-13
driven_dt1e-3,351,6,-2.9778280760975364,0.0,1,0.3142877964267492,0.26400951367552916,0.0,-2.663540279670787,0.0,516,3.9013237085328e-13
driven_dt1e-3,352,0,-0.9003294425796398,0.0,1,0.015759752900403434,0.6425665776114841,0.0,-0.8845696896792363,0.0,517,2.1016521856154213e-13
driven_dt1e-3,352,1,-1.7219560332019352,0.0,1,0.06013991562333221,0.4102256214537237,0.0,-1.7820959488252675,0.0,517,2.1016521856154213e-13
driven_dt1e-3,352,2,-1.9826109179025015,0.0,1,0.15234430653875766,0.3446716454331371,0.006674543300200638,-2.129951204712108,0.03872502572804716,517,2.1016521856154213e-13
driven_dt1e-3,352,3,-2.4330203253846303,0.19025723976725073,1,0.23534873873970907,0.2764358929298985,0.0,-2.57155267374601,0.0,517,2.1016521856154213e-13
driven_dt1e-3,352,4,-2.6464198717560925,3.045678744368468,1,0.2195051614901381,0.021256980321891945,0.29562818480706266,-2.4321485640734153,2.9980308417413104,517,2.1016521856154213e-13
driven_dt1e-3,352,5,-2.9498543094339507,5.367773635409873,1,0.17303103227185973,-0.18784974984245084,0.09355251657946015,-3.122666007263399,5.3590641450476975,517,2.1016521856154213e-13
driven_dt1e-3,352,6,-2.9778280760975364,0.0,1,0.014803428771927862,0.22729368670762579,0.0,-2.9630246473256086,0.0,517,2.1016521856154213e-13
driven_dt1e-3,353,0,-0.9003294425796398,0.0,1,0.005584496806838146,0.6357454893612764,0.0,-0.9059139393864779,0.0,517,4.196643033083092e-14
driven_dt1e-3,353,1,-1.7219560332019352,0.0,1,0.20016250432422433,0.46724722837822585,0.0,-1.521793528877711,0.0,517,4.196643033083092e-14
driven_dt1e-3,353,2,-1.9826109179025015,0.0,1,0.051354975543166814,0.38074402837418536,0.0,-1.9312559423593347,0.0,517,4.196643033083092e-14
driven_dt1e-3,353,3,-2.4330203253846303,0.19025723976725073,1,0.2535479996342859,0.32022383429119083,0.05830434097364253,-2.2448568949470156,0.3602016764649455,517,4.196643033083092e-14
driven_dt1e-3,353,4,-2.6464198717560925,3.045678744368468,1,0.5022332271053533,-0.043130702666988444,0.23610753063796083,-2.854110782316295,3.5029562313272415,517,4.196643033083092e-14
driven_dt1e-3,353,5,-2.9498543094339507,5.367773635409873,1,0.2497272202071204,-0.17818854976866721,0.10205217119869757,-3.1661456964892354,5.242946873863814,517,4.196643033083092e-14
driven_dt1e-3,353,6,-2.9778280760975364,0.0,1,0.17989881495483662,0.24685241511961958,0.0,-2.7979292611427,0.0,517,4.196643033083092e-14
driven_dt1e-3,354,0,-0.9003294425796398,0.0,1,0.0010136133176389395,0.637200110234083,0.0,-0.9013430558972787,0.0,517,1.092015367021304e-12
driven_dt1e-3,354,1,-1.7219560332019352,0.0,1,0.06490735211321175,0.4092489237039212,0.0,-1.786863385315147,0.0,517,1.092015367021304e-12
driven_dt1e-3,354,2,-1.9826109179025015,0.0,1,0.06933366715882472,0.35844777982227255,0.0,-2.0519445850613263,0.0,517,1.092015367021304e-12
driven_dt1e-3,354,3,-2.4330203253846303,0.19025723976725073,1,0.38231026936426055,0.34377704271496384,0.06566539215523554,-2.0996883411959577,0.3774761767854273,517,1.092015367021304e-12
driven_dt1e-3,354,4,-2.6464198717560925,3.045678744368468,1,0.5969200363885503,-0.009964584711611445,0.3552328443069922,-2.0691770691017872,3.1976796543193986,517,1.092015367021304e-12
driven_dt1e-3,354,5,-2.9498543094339507,5.367773635409873,1,0.24310792608681783,-0.19193537167175173,0.1255405292379164,-2.9450465474766094,5.124713253711836,517,1.092015367021304e-12
driven_dt1e-3,354,6,-2.9778280760975364,0.0,1,0.1791905850420532,0.24676501646290333,0.0,-2.798637491055483,0.0,517,1.092015367021304e-12
driven_dt1e-3,355,0,-0.9003294425796398,0.0,1,0.011465506633896116,0.6411883881487478,0.0,-0.8888639359457436,0.0,517,5.595524044110789e-14
driven_dt1e-3,355,1,-1.7219560332019352,0.0,1,0.06086623219140441,0.4358117475684691,0.0,-1.6610898010105308,0.0,517,5.595524044110789e-14
driven_dt1e-3,355,2,-1.9826109179025015,0.0,1,0.041554526693731164,0.37888286097996793,0.0,-1.9410563912087704,0.0,517,5.595524044110789e-14
driven_dt1e-3,355,3,-2.4330203253846303,0.19025723976725073,1,0.22739140316481216,0.26623690069449313,0.01403604367547096,-2.643961968327319,0.10534273272692535,517,5.595524044110789e-14
driven_dt1e-3,355,4,-2.6464198717560925,3.045678744368468,1,0.42869515352681725,0.010547702095465326,0.3295690139704932,-2.218915226906483,3.077605430532092,517,5.595524044110789e-14
driven_dt1e-3,355,5,-2.9498543094339507,5.367773635409873,1,0.049687954560425025,-0.2101471937108985,0.10411782054826622,-2.9003791204859963,5.363180324298803,517,5.595524044110789e-14
driven_dt1e-3,355,6,-2.9778280760975364,0.0,1,0.042801036120093006,0.2304979016658732,0.0,-2.9350270399774434,0.0,517,5.595524044110789e-14
driven_dt1e-3,356,0,-0.9003294425796398,0.0,1,0.006380911123055499,0.6395603666832772,0.0,-0.8939485314565843,0.0,517,1.1657341758564144e-13
driven_dt1e-3,356,1,-1.7219560332019352,0.0,1,0.05964535659833703,0.43554579278826355,0.0,-1.6623106766035982,0.0,517,1.1657341758564144e-13
driven_dt1e-3,356,2,-1.9826109179025015,0.0,1,0.01922794306742781,0.36754135704468055,0.0,-2.0018388609699294,0.0,517,1.1657341758564144e-13
driven_dt1e-3,356,3,-2.4330203253846303,0.19025723976725073,1,0.2805501648960926,0.26724200911707074,0.0,-2.6392012598557195,0.0,517,1.1657341758564144e-13
driven_dt1e-3,356,4,-2.6464198717560925,3.045678744368468,1,0.43289877200059024,0.05785950163327053,0.23473999633727063,-2.8395735344906363,2.658260353772656,517,1.1657341758564144e-13
driven_dt1e-3,356,5,-2.9498543094339507,5.367773635409873,1,0.2185573971848937,-0.20162655127670742,0.12633202355668535,-2.8715158193507784,5.163738303087934,517,1.1657341758564144e-13
driven_dt1e-3,356,6,-2.9778280760975364,0.0,1,0.191506845944327,0.20501595757972496,0.0,-3.1693349220418634,0.0,517,1.1657341758564144e-13
driven_dt1e-3,357,0,-0.9003294425796398,0.0,1,0.0034654658175633513,0.6386287442375073,0.0,-0.8968639767620764,0.0,517,4.590772206825022e-13
driven_dt1e-3,357,1,-1.7219560332019352,0.0,1,0.1306365716127047,0.3960177274636381,0.0,-1.85259260481464,0.0,517,4.590772206825022e-13
driven_dt1e-3,357,2,-1.9826109179025015,0.0,1,0.09860582174819821,0.35323971619162103,0.0,-2.0812167396506998,0.0,517,4.590772206825022e-13
driven_dt1e-3,357,3,-2.4330203253846303,0.19025723976725073,1,0.195413658902756,0.30294232172324365,0.0,-2.388425697884117,0.0,517,4.590772206825022e-13
driven_dt1e-3,357,4,-2.6464198717560925,3.045678744368468,1,0.42966013312364343,-0.009015310875564831,0.32545735634780976,-2.244280651245847,3.196979363412935,517,4.590772206825022e-13
driven_dt1e-3,357,5,-2.9498543094339507,5.367773635409873,1,0.22971097263481463,-0.19866405321738412,0.07662409076775598,-3.0935952477787145,5.546954196834932,517,4.590772206825022e-13
driven_dt1e-3,357,6,-2.9778280760975364,0.0,1,0.06844249925659351,0.2334720782107771,0.0,-2.909385576840943,0.0,517,4.590772206825022e-13
driven_dt1e-3,358,0,-0.9003294425796398,0.0,1,0.000236182604055446,0.6375984197220517,0.0,-0.9000932599755843,0.0,516,4.1744385725905886e-14
driven_dt1e-3,358,1,-1.7219560332019352,0.0,1,0.0937910991166706,0.403381075861813,0.0,-1.8157471323186058,0.0,516,4.1744385725905886e-14
driven_dt1e-3,358,2,-1.9826109179025015,0.0,1,0.1668637855838957,0.403381075861813,0.0,-1.8157471323186058,0.0,516,4.1744385725905886e-14
driven_dt1e-3,358,3,-2.4330203253846303,0.19025723976725073,1,0.3019642871797761,0.3331154434799235,0.0,-2.1985323439268654,0.0,516,4.1744385725905886e-14
driven_dt1e-3,358,4,-2.6464198717560925,3.045678744368468,1,0.803724396906068,-0.023697344327379626,0.39137756487090275,-1.8725056686129566,3.262542093866136,516,4.1744385725905886e-14
driven_dt1e-3,358,5,-2.9498543094339507,5.367773635409873,1,0.45988645941698847,-0.2541737123170559,0.07279217183222418,-2.660647051062512,5.725341415362666,516,4.1744385725905886e-14
driven_dt1e-3,358,6,-2.9778280760975364,0.0,1,0.14714734555569003,0.21882141382869524,0.014885866306094201,-3.0343816265186185,0.13584563754076087,516,4.1744385725905886e-14
driven_dt1e-3,359,0,-0.9003294425796398,0.0,1,0.0017212718120982462,0.6380720408087782,0.0,-0.8986081707675415,0.0,517,1.4654943925052066e-14
driven_dt1e-3,359,1,-1.7219560332019352,0.0,1,0.020233300444121083,0.41849318780852257,0.0,-1.7421893336460563,0.0,517,1.4654943925052066e-14
driven_dt1e-3,359,2,-1.9826109179025015,0.0,1,0.032652425873493485,0.37720018188902615,0.0,-1.949958492029008,0.0,517,1.4654943925052066e-14
driven_dt1e-3,359,3,-2.4330203253846303,0.19025723976725073,1,0.201380450318286,0.3062023424527534,0.0,-2.3670182914270126,0.0,517,1.4654943925052066e-14
driven_dt1e-3,359,4,-2.6464198717560925,3.045678744368468,1,0.6547527464342371,0.05523107275156463,0.20144983917165193,-3.131952784914956,2.606407815211252,517,1.4654943925052066e-14
driven_dt1e-3,359,5,-2.9498543094339507,5.367773635409873,1,0.2463375662960927,-0.20471541818794453,0.13010351006285886,-2.8330128259941025,5.150909013315218,517,1.4654943925052066e-14
driven_dt1e-3,359,6,-2.9778280760975364,0.0,1,0.1415810420722119,0.24216801496415172,0.0,-2.8362470340253245,0.0,517,1.4654943925052066e-14
driven_dt1e-3,360,0,-0.9003294425796398,0.0,1,0.0048807458413455684,0.6359692319747107,0.0,-0.9052101884209853,0.0,517,1.9706458687096529e-13
driven_dt1e-3,360,1,-1.7219560332019352,0.0,1,0.08241939763740347,0.4056811732589682,0.0,-1.8043754308393387,0.0,517,1.9706458687096529e-13
driven_dt1e-3,360,2,-1.9826109179025015,0.0,1,0.1252678589588958,0.348561920132488,0.0,-2.1078787768613974,0.0,517,1.9706458687096529e-13
driven_dt1e-3,360,3,-2.4330203253846303,0.19025723976725073,1,0.28920056389090004,0.26569325484928835,0.0,-2.6508256257585225,0.0,517,1.9706458687096529e-13
driven_dt1e-3,360,4,-2.6464198717560925,3.045678744368468,1,0.5506541875900322,-0.06180531845137252,0.2799030970331912,-2.499018055572198,3.576237637325817,517,1.9706458687096529e-13
driven_dt1e-3,360,5,-2.9498543094339507,5.367773635409873,1,0.4643411337854664,-0.16641931608950392,0.07377017747287351,-3.4070918845982585,5.4486840079404475,517,1.9706458687096529e-13
driven_dt1e-3,360,6,-2.9778280760975364,0.0,1,0.041361606967238895,0.22099949964153764,0.0,-3.0191896830647753,0.0,517,1.9706458687096529e-13
driven_dt1e-3,361,0,-0.9003294425796398,0.0,1,0.01180469826861108,0.6412971402392051,0.0,-0.8885247443110287,0.0,517,2.107203300738547e-13
driven_dt1e-3,361,1,-1.7219560332019352,0.0,1,0.039272053176947264,0.41452829524031276,0.0,-1.7612280863788825,0.0,517,2.107203300738547e-13
driven_dt1e-3,361,2,-1.9826109179025015,0.0,1,0.07809227310637445,0.35688146059066517,0.0,-2.060703191008876,0.0,517,2.107203300738547e-13
driven_dt1e-3,361,3,-2.4330203253846303,0.19025723976725073,1,0.33492582342264476,0.258120116252443,0.0,-2.7086604710664295,0.0,517,2.107203300738547e-13
driven_dt1e-3,361,4,-2.6464198717560925,3.045678744368468,1,0.4421539090147171,0.02249684718441637,0.21387667225034837,-3.0737081055880413,2.9319912583123124,517,2.107203300738547e-13
driven_dt1e-3,361,5,-2.9498543094339507,5.367773635409873,1,0.08796492342749294,-0.19564912075117946,0.10352905880702983,-3.015999381553781,5.309785212531964,517,2.107203300738547e-13
driven_dt1e-3,361,6,-2.9778280760975364,0.0,1,0.020154673831385583,0.223355328350193,0.0,-2.997982749928922,0.0,517,2.107203300738547e-13
driven_dt1e-3,362,0,-0.9003294425796398,0.0,1,0.0009006191983467193,0.6378102767727603,0.0,-0.899428823381293,0.0,517,2.2959412149248237e-13
driven_dt1e-3,362,1,-1.7219560332019352,0.0,1,0.004425311873053506,0.42181406237151386,0.0,-1.7263813450749887,0.0,517,2.2959412149248237e-13
driven_dt1e-3,362,2,-1.9826109179025015,0.0,1,0.06932252102282832,0.3584497774816899,0.0,-2.05193343892533,0.0,517,2.2959412149248237e-13
driven_dt1e-3,362,3,-2.4330203253846303,0.19025723976725073,1,0.2655786373074492,0.27004744683312254,0.0,-2.618315212821463,0.0,517,2.2959412149248237e-13
driven_dt1e-3,362,4,-2.6464198717560925,3.045678744368468,1,0.15504490234870452,0.007123510033595825,0.2866420369267195,-2.49842478875421,3.09189970445786,517,2.2959412149248237e-13
driven_dt1e-3,362,5,-2.9498543094339507,5.367773635409873,1,0.07095388704453376,-0.21305362563515856,0.10380104046695869,-2.879434724717079,5.376464790398239,517,2.2959412149248237e-13
driven_dt1e-3,362,6,-2.9778280760975364,0.0,1,0.35951286327607335,0.27004744683312254,0.0,-2.618315212821463,0.0,517,2.2959412149248237e-13
driven_dt1e-3,363,0,-0.9003294425796398,0.0,1,0.005167868796045805,0.6391725773986369,0.0,-0.895161573783594,0.0,517,1.5987211554602254e-14
driven_dt1e-3,363,1,-1.7219560332019352,0.0,1,0.11927962194914588,0.39827290107542623,0.0,-1.8412356551510811,0.0,517,1.5987211554602254e-14
driven_dt1e-3,363,2,-1.9826109179025015,0.0,1,0.14137526275142043,0.39827290107542623,0.0,-1.8412356551510811,0.0,517,1.5987211554602254e-14
driven_dt1e-3,363,3,-2.4330203253846303,0.19025723976725073,1,0.19174400547349327,0.2927530157214709,0.0,-2.456851950406141,0.0,517,1.5987211554602254e-14
driven_dt1e-3,363,4,-2.6464198717560925,3.045678744368468,1,0.3226331561142168,0.013052155842389272,0.2262990762120535,-2.9684745504244394,3.026367157896911,517,1.5987211554602254e-14
driven_dt1e-3,363,5,-2.9498543094339507,5.367773635409873,1,0.3562667827207666,-0.17557576136689929,0.1273929848210094,-3.0564207104816554,5.02781831093628,517,1.5987211554602254e-14
driven_dt1e-3,363,6,-2.9778280760975364,0.0,1,0.1485151601248806,0.22035443913393837,0.015717276253497642,-3.0199612054742047,0.14241331467193602,517,1.5987211554602254e-14
driven_dt1e-3,364,0,-0.9003294425796398,0.0,1,0.007622585790009184,0.6399575529171899,0.0,-0.8927068567896306,0.0,516,4.418687638008123e-14
driven_dt1e-3,364,1,-1.7219560332019352,0.0,1,0.050740822255328055,0.4121580330854971,0.0,-1.7726968554572633,0.0,516,4.418687638008123e-14
driven_dt1e-3,364,2,-1.9826109179025015,0.0,1,0.12977259433268906,0.347777714018488,0.0,-2.1123835122351906,0.0,516,4.418687638008123e-14
driven_dt1e-3,364,3,-2.4330203253846303,0.19025723976725073,1,0.2856829521113857,0.26631741134016973,0.0,-2.6461328117462304,0.0,516,4.418687638008123e-14
driven_dt1e-3,364,4,-2.6464198717560925,3.045678744368468,1,0.7222190258143804,0.026500742670776324,0.18599520517202608,-3.343971308353701,2.8585362463919655,516,4.418687638008123e-14
driven_dt1e-3,364,5,-2.9498543094339507,5.367773635409873,1,0.42217436202426295,-0.1966987598802915,0.05627752944916065,-3.173482794444622,5.725853923393483,516,4.418687638008123e-14
driven_dt1e-3,364,6,-2.9778280760975364,0.0,1,0.05118523556188226,0.21991665268812688,0.0,-3.0290133116594187,0.0,516,4.418687638008123e-14
driven_dt1e-3,365,0,-0.9003294425796398,0.0,1,0.0049324886039037175,0.6390973575429997,0.0,-0.895396953975736,0.0,516,6.865619184281968e-13
driven_dt1e-3,365,1,-1.7219560332019352,0.0,1,0.09689316366452005,0.44373336120626383,0.0,-1.6250628695374152,0.0,516,6.865619184281968e-13
driven_dt1e-3,365,2,-1.9826109179025015,0.0,1,0.17445991223627796,0.40382849151930333,0.008335359007498398,-1.8131040806830323,0.041275817536932755,516,6.865619184281968e-13
driven_dt1e-3,365,3,-2.4330203253846303,0.19025723976725073,1,0.19577212753167356,0.28950572356586,0.0,-2.4791604232868316,0.0,516,6.865619184281968e-13
driven_dt1e-3,365,4,-2.6464198717560925,3.045678744368468,1,0.1451945942176485,-0.0058218030038229346,0.2719883249109678,-2.6035342212101336,3.1843953301369963,516,6.865619184281968e-13
driven_dt1e-3,365,5,-2.9498543094339507,5.367773635409873,1,0.3097507609055748,-0.1767804966564262,0.12010879566614473,-3.086150170634781,5.089620849874465,516,6.865619184281968e-13
driven_dt1e-3,365,6,-2.9778280760975364,0.0,1,0.3343156544424767,0.19353230308065067,0.013984413335825131,-3.2794139276387404,0.1442668740753343,516,6.865619184281968e-13
driven_dt1e-3,366,0,-0.9003294425796398,0.0,1,0.0049122284088307655,0.6359592210813709,0.0,-0.9052416709884705,0.0,517,3.3706371027619753e-13
driven_dt1e-3,366,1,-1.7219560332019352,0.0,1,0.023833860284854902,0.4177404606887597,0.0,-1.7457898934867901,0.0,517,3.3706371027619753e-13
driven_dt1e-3,366,2,-1.9826109179025015,0.0,1,0.06761388719971806,0.3587561380344029,0.0,-2.0502248051022196,0.0,517,3.3706371027619753e-13
driven_dt1e-3,366,3,-2.4330203253846303,0.19025723976725073,1,0.2067273709314699,0.2845232477865831,0.0,-2.5138806284287347,0.0,517,3.3706371027619753e-13
driven_dt1e-3,366,4,-2.6464198717560925,3.045678744368468,1,0.5660191999340825,0.012265905698235886,0.20033131419949332,-3.2118235534073394,3.0192891352536217,517,3.3706371027619753e-13
driven_dt1e-3,366,5,-2.9498543094339507,5.367773635409873,1,0.48409168850354906,-0.1728787882589415,0.0633183991866906,-3.3844495594931274,5.581014652815575,517,3.3706371027619753e-13
driven_dt1e-3,366,6,-2.9778280760975364,0.0,1,0.05913394805721417,0.2190443601144617,0.0,-3.0369620241547506,0.0,517,3.3706371027619753e-13
driven_dt1e-3,367,0,-0.9003294425796398,0.0,1,0.018574219466631514,0.6316297904812952,0.0,-0.9189036620462713,0.0,517,2.595701431573616e-13
driven_dt1e-3,367,1,-1.7219560332019352,0.0,1,0.03708613269838845,0.4306606085453619,0.0,-1.6848699005035468,0.0,517,2.595701431573616e-13
driven_dt1e-3,367,2,-1.9826109179025015,0.0,1,0.14445655166474214,0.3467298554675189,0.008842021199071074,-2.1177685345451525,0.050991312812542246,517,2.595701431573616e-13
driven_dt1e-3,367,3,-2.4330203253846303,0.19025723976725073,1,0.2980387113766781,0.25770869743291,0.010413081357637037,-2.7102194773425685,0.08076886763180113,517,2.595701431573616e-13
driven_dt1e-3,367,4,-2.6464198717560925,3.045678744368468,1,0.596775909854104,-0.0027843411768656897,0.19885239477566252,-3.230188890361506,3.1695949236941154,517,2.595701431573616e-13
driven_dt1e-3,367,5,-2.9498543094339507,5.367773635409873,1,0.08210045875608458,-0.20338654925706295,0.09201374006628907,-2.999085553925915,5.433475765464628,517,2.595701431573616e-13
driven_dt1e-3,367,6,-2.9778280760975364,0.0,1,0.2795317014331663,0.25770869743291,0.010413081357637037,-2.7102194773425685,0.08076886763180113,517,2.595701431573616e-13
driven_dt1e-3,368,0,-0.9003294425796398,0.0,1,0.009852203637060297,0.6343903480283425,0.0,-0.9101816462167001,0.0,516,1.8640644583456378e-13
driven_dt1e-3,368,1,-1.7219560332019352,0.0,1,0.04861084339407218,0.412597210852812,0.0,-1.7705668765960074,0.0,516,1.8640644583456378e-13
driven_dt1e-3,368,2,-1.9826109179025015,0.0,1,0.10024018640967935,0.35295117284935107,0.0,-2.082851104312181,0.0,516,1.8640644583456378e-13
driven_dt1e-3,368,3,-2.4330203253846303,0.19025723976725073,1,0.17040922327979083,0.27852097504914713,0.009963049265467663,-2.5552450503262376,0.07151205042566082,516,1.8640644583456378e-13
driven_dt1e-3,368,4,-2.6464198717560925,3.045678744368468,1,0.513770364332456,-0.0396918010753982,0.22949632791306387,-2.91426282542303,3.4841079170261224,516,1.8640644583456378e-13
driven_dt1e-3,368,5,-2.9498543094339507,5.367773635409873,1,0.401241725548472,-0.16832364614770312,0.12482069274341938,-3.125543618386613,5.007040785449059,516,1.8640644583456378e-13
driven_dt1e-3,368,6,-2.9778280760975364,0.0,1,0.22225560511223413,0.2042181711910192,0.010590749168155824,-3.1744469331284253,0.10362711548466569,516,1.8640644583456378e-13
driven_dt1e-3,369,0,-0.9003294425796398,0.0,1,0.004045312090327324,0.6362349425472426,0.0,-0.9043747546699671,0.0,517,3.9035441545820504e-13
driven_dt1e-3,369,1,-1.7219560332019352,0.0,1,0.04465523373211577,0.4322935534061524,0.0,-1.6773007994698195,0.0,517,3.9035441545820504e-13
driven_dt1e-3,369,2,-1.9826109179025015,0.0,1,0.0049760701133467755,0.37016978729877287,0.0,-1.9875869880158483,0.0,517,3.9035441545820504e-13
driven_dt1e-3,369,3,-2.4330203253846303,0.19025723976725073,1,0.20721743235949244,0.2843462164430569,0.0,-2.5151254226064697,0.0,517,3.9035441545820504e-13
driven_dt1e-3,369,4,-2.6464198717560925,3.045678744368468,1,0.49759643555821076,-0.032054819823270214,0.22444022119614845,-2.9680991229380083,3.4253162978840264,517,3.9035441545820504e-13
driven_dt1e-3,369,5,-2.9498543094339507,5.367773635409873,1,0.42201268205604003,-0.24842954416567128,0.13297191552042867,-2.53327241800879,5.300288588527115,517,3.9035441545820504e-13
driven_dt1e-3,369,6,-2.9778280760975364,0.0,1,0.2792198547900881,0.23289606393501044,0.03128883780011678,-2.8964378963553115,0.267094301606242,517,3.9035441545820504e-13
driven_dt1e-3,370,0,-0.9003294425796398,0.0,1,0.015551157053324993,0.6424995627465199,0.0,-0.8847782855263148,0.0,516,7.838174553853605e-14
driven_dt1e-3,370,1,-1.7219560332019352,0.0,1,0.027919451244434512,0.416887973388994,0.0,-1.7498754844463698,0.0,516,7.838174553853605e-14
driven_dt1e-3,370,2,-1.9826109179025015,0.0,1,0.12090003006640271,0.3493239813806747,0.0,-2.1035109479689043,0.0,516,7.838174553853605e-14
driven_dt1e-3,370,3,-2.4330203253846303,0.19025723976725073,1,0.2311769000590179,0.2774345688237353,0.0,-2.564340323241179,0.0,516,7.838174553853605e-14
driven_dt1e-3,370,4,-2.6464198717560925,3.045678744368468,1,0.8376230296869013,-0.014377541659116675,0.1781601542850117,-3.443653389235563,3.3026438362957062,516,7.838174553853605e-14
driven_dt1e-3,370,5,-2.9498543094339507,5.367773635409873,1,0.454007840770888,-0.1580668868962734,0.10343947921457411,-3.333028585020302,5.1242565025212015,516,7.838174553853605e-14
driven_dt1e-3,370,6,-2.9778280760975364,0.0,1,0.1992889399467015,0.2042197808378765,0.0,-3.177117016044238,0.0,516,7.838174553853605e-14
driven_dt1e-3,371,0,-0.9003294425796398,0.0,1,0.007857767620392031,0.6350232890453479,0.0,-0.9081872102000318,0.0,516,5.81756864903582e-14
driven_dt1e-3,371,1,-1.7219560332019352,0.0,1,0.08305313183481355,0.4055526466066075,0.0,-1.8050091650367488,0.0,516,5.81756864903582e-14
driven_dt1e-3,371,2,-1.9826109179025015,0.0,1,0.17760175286575275,0.4055526466066075,0.0,-1.8050091650367488,0.0,516,5.81756864903582e-14
driven_dt1e-3,371,3,-2.4330203253846303,0.19025723976725073,1,0.2510437167660822,0.32154484224748403,0.0,-2.269236533622821,0.0,516,5.81756864903582e-14
driven_dt1e-3,371,4,-2.6464198717560925,3.045678744368468,1,0.4142808237261659,-0.035178529676539685,0.29984766663301804,-2.3952909933895734,3.3751675717323173,516,5.81756864903582e-14
driven_dt1e-3,371,5,-2.9498543094339507,5.367773635409873,1,0.21101035245714245,-0.19102950885336178,0.08297452873441381,-3.1378248793729404,5.463650815598377,516,5.81756864903582e-14
driven_dt1e-3,371,6,-2.9778280760975364,0.0,1,0.13958160990545698,0.24192603667965726,0.0,-2.8382464661920794,0.0,516,5.81756864903582e-14
driven_dt1e-3,372,0,-0.9003294425796398,0.0,1,0.011074414988483605,0.6340027869185039,0.0,-0.9114038575681234,0.0,517,1.2789769243681803e-13
driven_dt1e-3,372,1,-1.7219560332019352,0.0,1,0.1357287260833684,0.3950107182485697,0.0,-1.8576847592853036,0.0,517,1.2789769243681803e-13
driven_dt1e-3,372,2,-1.9826109179025015,0.0,1,0.12492615861719791,0.3950107182485697,0.0,-1.8576847592853036,0.0,517,1.2789769243681803e-13
driven_dt1e-3,372,3,-2.4330203253846303,0.19025723976725073,1,0.2063413697300599,0.2846644083293578,0.0,-2.5128886143247606,0.0,517,1.2789769243681803e-13
driven_dt1e-3,372,4,-2.6464198717560925,3.045678744368468,1,0.27263470925441546,0.049336932455583266,0.27065747038204946,-2.5811145232526127,2.7809809994837056,517,1.2789769243681803e-13
driven_dt1e-3,372,5,-2.9498543094339507,5.367773635409873,1,0.3707580933173183,-0.1937853378659342,0.06277126524248085,-3.182230807898346,5.656672798997655,517,1.2789769243681803e-13
driven_dt1e-3,372,6,-2.9778280760975364,0.0,1,0.12175357032469858,0.21229237582012625,0.0,-3.099581646422235,0.0,517,1.2789769243681803e-13
driven_dt1e-3,373,0,-0.9003294425796398,0.0,1,0.013064583758346515,0.6333722144336872,0.0,-0.9133940263379863,0.0,516,3.602673714908633e-13
driven_dt1e-3,373,1,-1.7219560332019352,0.0,1,0.022950555903052505,0.4179249974259785,0.0,-1.7449065891049877,0.0,516,3.602673714908633e-13
driven_dt1e-3,373,2,-1.9826109179025015,0.0,1,0.030582215162601623,0.3654606864708914,0.0,-2.013193133065103,0.0,516,3.602673714908633e-13
driven_dt1e-3,373,3,-2.4330203253846303,0.19025723976725073,1,0.21045831142224655,0.2832300120224759,0.0,-2.522991896243709,0.0,516,3.602673714908633e-13
driven_dt1e-3,373,4,-2.6464198717560925,3.045678744368468,1,0.6710934406698867,-0.06316848665281664,0.22961490172321283,-2.869747219061224,3.678522565588048,516,3.602673714908633e-13
driven_dt1e-3,373,5,-2.9498543094339507,5.367773635409873,1,0.22630543447352527,-0.23147951732384586,0.09444671149124688,-2.772541551320483,5.508394883741858,516,3.602673714908633e-13
driven_dt1e-3,373,6,-2.9778280760975364,0.0,1,0.3010401239936748,0.20502192131357616,0.025120466164370105,-3.1543757566708996,0.24383615962012856,516,3.602673714908633e-13
driven_dt1e-3,374,0,-0.9003294425796398,0.0,1,0.004444196552389923,0.6361080630838231,0.0,-0.9047736391320297,0.0,516,1.2656542480726785e-14
driven_dt1e-3,374,1,-1.7219560332019352,0.0,1,0.06165420594202331,0.40991513866530316,0.0,-1.7836102391439586,0.0,516,1.2656542480726785e-14
driven_dt1e-3,374,2,-1.9826109179025015,0.0,1,0.17091505691520736,0.3406965817421453,0.0,-2.153525974817709,0.0,516,1.2656542480726785e-14
driven_dt1e-3,374,3,-2.4330203253846303,0.19025723976725073,1,0.3209585219025912,0.26034316435407423,0.0,-2.691509310639405,0.0,516,1.2656542480726785e-14
driven_dt1e-3,374,4,-2.6464198717560925,3.045678744368468,1,0.2731720915314155,0.04693432167139182,0.2550662882403563,-2.6991651610223033,2.7776471677737096,516,1.2656542480726785e-14
driven_dt1e-3,374,5,-2.9498543094339507,5.367773635409873,1,0.40713005315531053,-0.16355230666409712,0.09375161685427767,-3.3371323973084213,5.242192733858165,516,1.2656542480726785e-14
driven_dt1e-3,374,6,-2.9778280760975364,0.0,1,0.2863187654581316,0.26034316435407423,0.0,-2.691509310639405,0.0,516,1.2656542480726785e-14
driven_dt1e-3,375,0,-0.9003294425796398,0.0,1,0.002827014139986539,0.638424909977266,0.0,-0.8975024284396532,0.0,517,1.0202949596305189e-13
driven_dt1e-3,375,1,-1.7219560332019352,0.0,1,0.09860949236280514,0.44411432079696617,0.0,-1.62334654083913,0.0,517,1.0202949596305189e-13
driven_dt1e-3,375,2,-1.9826109179025015,0.0,1,0.01779965528301597,0.37440932382511305,0.0,-1.9648112626194856,0.0,517,1.0202949596305189e-13
driven_dt1e-3,375,3,-2.4330203253846303,0.19025723976725073,1,0.16933987511900664,0.294059825236777,0.05331234687374087,-2.415603890269642,0.35869910241785835,517,1.0202949596305189e-13
driven_dt1e-3,375,4,-2.6464198717560925,3.045678744368468,1,0.4051689868747676,-0.0014774453531156994,0.21908566092355222,-3.036539483452682,3.1550798252352843,517,1.0202949596305189e-13
driven_dt1e-3,375,5,-2.9498543094339507,5.367773635409873,1,0.5440238825776376,-0.1776940890784341,0.05231031328771251,-3.3722730086960846,5.71059199449896,517,1.0202949596305189e-13
driven_dt1e-3,375,6,-2.9778280760975364,0.0,1,0.2897889632822963,0.260795277612498,0.0,-2.68803911281524,0.0,517,1.0202949596305189e-13
driven_dt1e-3,376,0,-0.9003294425796398,0.0,1,0.008763017500598935,0.6347359267057663,0.0,-0.9090924600802387,0.0,517,2.9110047705671604e-13
driven_dt1e-3,376,1,-1.7219560332019352,0.0,1,0.11571763968599358,0.39898285360210567,0.0,-1.8376736728879288,0.0,517,2.9110047705671604e-13
driven_dt1e-3,376,2,-1.9826109179025015,0.0,1,0.14493724501457272,0.39898285360210567,0.0,-1.8376736728879288,0.0,517,2.9110047705671604e-13
driven_dt1e-3,376,3,-2.4330203253846303,0.19025723976725073,1,0.2068915124448659,0.28446368531508054,0.0,-2.5142993548932986,0.0,517,2.9110047705671604e-13
driven_dt1e-3,376,4,-2.6464198717560925,3.045678744368468,1,0.4646552563173205,-0.023330980581018127,0.2222572857363785,-2.9968802178344958,3.3507722596222678,517,2.9110047705671604e-13
driven_dt1e-3,376,5,-2.9498543094339507,5.367773635409873,1,0.6783478175460647,-0.18373093356033995,0.18023703012883244,-2.7144338888995847,4.731587352026671,517,2.9110047705671604e-13
driven_dt1e-3,376,6,-2.9778280760975364,0.0,1,0.11644004262376129,0.21285713641551038,0.0,-3.0942681187212977,0.0,517,2.9110047705671604e-13
driven_dt1e-3,377,0,-0.9003294425796398,0.0,1,0.002979298762042948,0.6365741504035737,0.0,-0.9033087413416827,0.0,517,4.1255887595070817e-13
driven_dt1e-3,377,1,-1.7219560332019352,0.0,1,0.17045632791971133,0.38821103578472216,0.0,-1.8924123611216466,0.0,517,4.1255887595070817e-13
driven_dt1e-3,377,2,-1.9826109179025015,0.0,1,0.09019855678085498,0.38821103578472216,0.0,-1.8924123611216466,0.0,517,4.1255887595070817e-13
driven_dt1e-3,377,3,-2.4330203253846303,0.19025723976725073,1,0.24590469037799068,0.3202626244243308,0.0,-2.277227836907033,0.0,517,4.1255887595070817e-13
driven_dt1e-3,377,4,-2.6464198717560925,3.045678744368468,1,0.7881619573219323,0.0029836803211387647,0.17975168050797977,-3.4320823810090784,3.1083979003245323,517,4.1255887595070817e-13
driven_dt1e-3,377,5,-2.9498543094339507,5.367773635409873,1,0.500481103515995,-0.25150720971396856,0.0616072312034986,-2.70229687117053,5.8027410476800805,517,4.1255887595070817e-13
driven_dt1e-3,377,6,-2.9778280760975364,0.0,1,0.14000289275851743,0.2244564315691877,0.015726142698468618,-2.983250471619881,0.1398978470440206,517,4.1255887595070817e-13
driven_dt1e-3,378,0,-0.9003294425796398,0.0,1,0.013880132543784285,0.6331139941149764,0.0,-0.914209575123424,0.0,516,6.905587213168474e-14
driven_dt1e-3,378,1,-1.7219560332019352,0.0,1,0.06401611481013636,0.43649866627916006,0.0,-1.6579399183917989,0.0,516,6.905587213168474e-14
driven_dt1e-3,378,2,-1.9826109179025015,0.0,1,0.02321451867614388,0.36680947101216477,0.0,-2.0058254365786454,0.0,516,6.905587213168474e-14
driven_dt1e-3,378,3,-2.4330203253846303,0.19025723976725073,1,0.20200228537222004,0.32587255102927515,0.03389551922008783,-2.231736903457601,0.2072839057046931,516,6.905587213168474e-14
driven_dt1e-3,378,4,-2.6464198717560925,3.045678744368468,1,0.16072626945062551,0.028919306806056918,0.25269338402352604,-2.7381444344444135,2.9136956458628207,516,6.905587213168474e-14
driven_dt1e-3,378,5,-2.9498543094339507,5.367773635409873,1,0.2081624167253677,-0.2300290905383578,0.09858906190662318,-2.7704600195912663,5.473363788874979,516,6.905587213168474e-14
driven_dt1e-3,378,6,-2.9778280760975364,0.0,1,0.20024449558752977,0.24937642171162724,0.0,-2.7775835805100066,0.0,516,6.905587213168474e-14
driven_dt1e-3,379,0,-0.9003294425796398,0.0,1,0.0030102098070876604,0.6365643118934848,0.0,-0.9033396523867274,0.0,517,5.806466418789569e-13
driven_dt1e-3,379,1,-1.7219560332019352,0.0,1,0.22633211567451772,0.3775153403468807,0.0,-1.948288148876453,0.0,517,5.806466418789569e-13
driven_dt1e-3,379,2,-1.9826109179025015,0.0,1,0.03432276902604858,0.3775153403468807,0.0,-1.948288148876453,0.0,517,5.806466418789569e-13
driven_dt1e-3,379,3,-2.4330203253846303,0.19025723976725073,1,0.19812620674349762,0.3045655894539706,0.0,-2.3777376290437857,0.0,517,5.806466418789569e-13
driven_dt1e-3,379,4,-2.6464198717560925,3.045678744368468,1,0.41274958978100623,0.06623792484192872,0.2550722564211115,-2.66715802000813,2.6334504665035627,517,5.806466418789569e-13
driven_dt1e-3,379,5,-2.9498543094339507,5.367773635409873,1,0.4577674261256026,-0.19883745619304471,0.1556686129226462,-2.7524872998291645,4.9547393996117695,517,5.806466418789569e-13
driven_dt1e-3,379,6,-2.9778280760975364,0.0,1,0.08073844540107178,0.2166909225600653,0.0,-3.058566521498608,0.0,517,5.806466418789569e-13
driven_dt1e-3,380,0,-0.9003294425796398,0.0,1,0.01370011621543532,0.6419051913758824,0.0,-0.8866293263642044,0.0,517,3.774758283725532e-15
driven_dt1e-3,380,1,-1.7219560332019352,0.0,1,0.09347316003268591,0.4034452062639464,0.0,-1.8154291932346212,0.0,517,3.774758283725532e-15
driven_dt1e-3,380,2,-1.9826109179025015,0.0,1,0.13554811851756665,0.3467748634132432,0.0,-2.118159036420068,0.0,517,3.774758283725532e-15
driven_dt1e-3,380,3,-2.4330203253846303,0.19025723976725073,1,0.2522606210680284,0.3218438907354935,0.0,-2.267377324754437,0.0,517,3.774758283725532e-15
driven_dt1e-3,380,4,-2.6464198717560925,3.045678744368468,1,0.2367429668340997,0.03366153283671654,0.24401306185321633,-2.8022157293298493,2.8674236375460564,517,3.774758283725532e-15
driven_dt1e-3,380,5,-2.9498543094339507,5.367773635409873,1,0.3027161384464093,-0.22309423076184035,0.1334299864447778,-2.694523149369834,5.205160415848184,517,3.774758283725532e-15
driven_dt1e-3,380,6,-2.9778280760975364,0.0,1,0.20999245560628377,0.24745991677876783,0.011808438366348203,-2.7907388497240584,0.09536484041055465,517,3.774758283725532e-15
driven_dt1e-3,381,0,-0.9003294425796398,0.0,1,0.0020084990552845516,0.6368832184075581,0.0,-0.9023379416349243,0.0,516,7.664979762012081e-13
driven_dt1e-3,381,1,-1.7219560332019352,0.0,1,0.03732879244439369,0.4149312592539833,0.0,-1.759284825646329,0.0,516,7.664979762012081e-13
driven_dt1e-3,381,2,-1.9826109179025015,0.0,1,0.05531486977928535,0.3609691093995414,0.0,-2.037925787681787,0.0,516,7.664979762012081e-13
driven_dt1e-3,381,3,-2.4330203253846303,0.19025723976725073,1,0.20946463098460424,0.3095303394942264,0.0,-2.3453983284337316,0.0,516,7.664979762012081e-13
driven_dt1e-3,381,4,-2.6464198717560925,3.045678744368468,1,0.80887898038312,0.12724305035142092,0.28512241765757634,-2.3280507384325677,2.3020886019832534,516,7.664979762012081e-13
driven_dt1e-3,381,5,-2.9498543094339507,5.367773635409873,1,0.23420559552033265,-0.22086499508120133,0.12460040025602089,-2.744092919015655,5.255905359360926,516,7.664979762012081e-13
driven_dt1e-3,381,6,-2.9778280760975364,0.0,1,0.13412237225370216,0.21098352604386586,0.0,-3.1119504483512386,0.0,516,7.664979762012081e-13
driven_dt1e-3,382,0,-0.9003294425796398,0.0,1,0.0027064166874605222,0.6366610111665191,0.0,-0.9030358592671003,0.0,516,3.1308289294429414e-14
driven_dt1e-3,382,1,-1.7219560332019352,0.0,1,0.2126672849676674,0.3801035136234404,0.0,-1.9346233181696026,0.0,516,3.1308289294429414e-14
driven_dt1e-3,382,2,-1.9826109179025015,0.0,1,0.0479875997328989,0.3801035136234404,0.0,-1.9346233181696026,0.0,516,3.1308289294429414e-14
driven_dt1e-3,382,3,-2.4330203253846303,0.19025723976725073,1,0.19586738990076558,0.3032375328650711,0.0,-2.3864776874846854,0.0,516,3.1308289294429414e-14
driven_dt1e-3,382,4,-2.6464198717560925,3.045678744368468,1,0.5531228707880685,-0.05740619829498525,0.24974762445417253,-2.723123014519409,3.5934574753165256,516,3.1308289294429414e-14
driven_dt1e-3,382,5,-2.9498543094339507,5.367773635409873,1,0.35427818116172466,-0.16798527669728555,0.10785285541843313,-3.2226004625027054,5.141670637567175,516,3.1308289294429414e-14
driven_dt1e-3,382,6,-2.9778280760975364,0.0,1,0.3117971240622403,0.2279924887389321,0.03545598611979098,-2.9329884518057585,0.3085560802623346,516,3.1308289294429414e-14
driven_dt1e-3,383,0,-0.9003294425796398,0.0,1,0.008485813286763788,0.6348239085396369,0.0,-0.9088152558664035,0.0,517,3.0953017926549364e-13
driven_dt1e-3,383,1,-1.7219560332019352,0.0,1,0.16465659551900358,0.3893384297017136,0.0,-1.8866126287209388,0.0,517,3.0953017926549364e-13
driven_dt1e-3,383,2,-1.9826109179025015,0.0,1,0.09599828918156272,0.3893384297017136,0.0,-1.8866126287209388,0.0,517,3.0953017926549364e-13
driven_dt1e-3,383,3,-2.4330203253846303,0.19025723976725073,1,0.3480536874041312,0.3427394377889553,0.0,-2.1415695541868867,0.0,517,3.0953017926549364e-13
driven_dt1e-3,383,4,-2.6464198717560925,3.045678744368468,1,0.206330767495214,0.016366010509173492,0.24009617915519735,-2.848795755415309,3.0054744245966405,517,3.0953017926549364e-13
driven_dt1e-3,383,5,-2.9498543094339507,5.367773635409873,1,0.4955194504481786,-0.255161736099455,0.0663926658694292,-2.66620556349195,5.77407760376115,517,3.0953017926549364e-13
driven_dt1e-3,383,6,-2.9778280760975364,0.0,1,0.19131083734270504,0.24826498399785846,0.0,-2.7865172387548314,0.0,517,3.0953017926549364e-13
driven_dt1e-3,384,0,-0.9003294425796398,0.0,1,0.004676710420729369,0.6360341154091566,0.0,-0.9050061530003691,0.0,517,4.263256414560601e-14
driven_dt1e-3,384,1,-1.7219560332019352,0.0,1,0.053316447141346535,0.41162759246932584,0.0,-1.7752724803432818,0.0,517,4.263256414560601e-14
driven_dt1e-3,384,2,-1.9826109179025015,0.0,1,1.7890996903302536e-05,0.3710952490088523,0.0,-1.9825930269055982,0.0,517,4.263256414560601e-14
driven_dt1e-3,384,3,-2.4330203253846303,0.19025723976725073,1,0.1904047826048888,0.2951542159139724,0.0,-2.4405145868533697,0.0,517,4.263256414560601e-14
driven_dt1e-3,384,4,-2.6464198717560925,3.045678744368468,1,0.19634283916357867,-0.0040243588472947045,0.2471941336058646,-2.7948975617622125,3.1741500877149957,517,4.263256414560601e-14
driven_dt1e-3,384,5,-2.9498543094339507,5.367773635409873,1,0.16907474226128352,-0.19473629174279342,0.11725901747166666,-2.9628411558584995,5.199198399118582,517,4.263256414560601e-14
driven_dt1e-3,384,6,-2.9778280760975364,0.0,1,0.05854196263966274,0.22071425064936895,0.004316466773595113,-3.021390399437387,0.03910863555454192,517,4.263256414560601e-14
driven_dt1e-3,385,0,-0.9003294425796398,0.0,1,0.0087947157423236,0.6403327195504557,0.0,-0.8915347268373162,0.0,516,1.9939605522267811e-13
driven_dt1e-3,385,1,-1.7219560332019352,0.0,1,0.15329852700755842,0.4564259735032453,0.0,-1.5686575061943768,0.0,516,1.9939605522267811e-13
driven_dt1e-3,385,2,-1.9826109179025015,0.0,1,0.055973036435902124,0.38162419370118394,0.0,-1.9266378814665994,0.0,516,1.9939605522267811e-13
driven_dt1e-3,385,3,-2.4330203253846303,0.19025723976725073,1,0.27790342542393554,0.33014760323479736,0.05411212153683194,-2.1899212570531064,0.3249166502765128,516,1.9939605522267811e-13
driven_dt1e-3,385,4,-2.6464198717560925,3.045678744368468,1,0.49175610601951286,0.06114839054944729,0.3199333058306864,-2.2434067320708784,2.763890744182973,516,1.9939605522267811e-13
driven_dt1e-3,385,5,-2.9498543094339507,5.367773635409873,1,0.12660724269111973,-0.1932540442468027,0.09380636701710746,-3.0759285239495835,5.379379079654463,516,1.9939605522267811e-13
driven_dt1e-3,385,6,-2.9778280760975364,0.0,1,0.17075534373551848,0.20715422601542283,0.0,-3.148583419833055,0.0,516,1.9939605522267811e-13
driven_dt1e-3,386,0,-0.9003294425796398,0.0,1,0.0022415453385136175,0.6382380483955695,0.0,-0.8980878972411261,0.0,517,6.750155989720952e-14
driven_dt1e-3,386,1,-1.7219560332019352,0.0,1,0.027936548758703106,0.4168844095301906,0.0,-1.7498925819606383,0.0,517,6.750155989720952e-14
driven_dt1e-3,386,2,-1.9826109179025015,0.0,1,0.0014211863494382193,0.3713557184962126,0.0,-1.9811897315530633,0.0,517,6.750155989720952e-14
driven_dt1e-3,386,3,-2.4330203253846303,0.19025723976725073,1,0.20677064564406952,0.30850268720088864,0.0,-2.352049450273809,0.0,517,6.750155989720952e-14
driven_dt1e-3,386,4,-2.6464198717560925,3.045678744368468,1,0.35483858417834285,0.05924432570887937,0.25846149353821135,-2.6548094729627953,2.6909393535288215,517,6.750155989720952e-14
driven_dt1e-3,386,5,-2.9498543094339507,5.367773635409873,1,0.3726981974798944,-0.24007276353234164,0.07320573019019579,-2.7647156250029323,5.691235555783685,517,6.750155989720952e-14
driven_dt1e-3,386,6,-2.9778280760975364,0.0,1,0.09698737324169734,0.22388415519173144,0.010765526630775693,-2.9909435277307943,0.0960964905539218,517,6.750155989720952e-14
driven_dt1e-3,387,0,-0.9003294425796398,0.0,1,0.013664182603738806,0.6418936584935409,0.0,-0.886665259975901,0.0,517,3.1796787425264483e-13
driven_dt1e-3,387,1,-1.7219560332019352,0.0,1,0.13320660732550627,0.45186369112503594,0.0,-1.588749425876429,0.0,517,3.1796787425264483e-13
driven_dt1e-3,387,2,-1.9826109179025015,0.0,1,0.08216983243589149,0.3866557399367831,0.0,-1.90044108546661,0.0,517,3.1796787425264483e-13
driven_dt1e-3,387,3,-2.4330203253846303,0.19025723976725073,1,0.05622222000958462,0.28743174796477233,0.024759741845694745,-2.4861467637593733,0.17185833848427254,517,3.1796787425264483e-13
driven_dt1e-3,387,4,-2.6464198717560925,3.045678744368468,1,0.1439276427340328,0.017524292005143598,0.2852502554907354,-2.505009659204361,3.018877286776584,517,3.1796787425264483e-13
driven_dt1e-3,387,5,-2.9498543094339507,5.367773635409873,1,0.09313467972831496,-0.19574872995323028,0.09683751517982628,-3.0429272485997694,5.364382977194775,517,3.1796787425264483e-13
driven_dt1e-3,387,6,-2.9778280760975364,0.0,1,0.1427710666117723,0.21007312988143226,0.0,-3.1205991427093087,0.0,517,3.1796787425264483e-13
driven_dt1e-3,388,0,-0.9003294425796398,0.0,1,0.007447160312405665,0.6351536750308613,0.0,-0.9077766028920454,0.0,517,1.0647038806155251e-13
driven_dt1e-3,388,1,-1.7219560332019352,0.0,1,0.0883398475230428,0.4044820414566492,0.0,-1.810295880724978,0.0,517,1.0647038806155251e-13
driven_dt1e-3,388,2,-1.9826109179025015,0.0,1,0.14215135649363497,0.3456318329035605,0.0,-2.1247622743961365,0.0,517,1.0647038806155251e-13
driven_dt1e-3,388,3,-2.4330203253846303,0.19025723976725073,1,0.19064085667905853,0.2944770680568317,0.0,-2.4451082926029932,0.0,517,1.0647038806155251e-13
driven_dt1e-3,388,4,-2.6464198717560925,3.045678744368468,1,0.3898324791511135,0.04716336463559001,0.2312890288497008,-2.887434116054473,2.7392778699467653,517,1.0647038806155251e-13
driven_dt1e-3,388,5,-2.9498543094339507,5.367773635409873,1,0.10195381949926534,-0.20058622530060555,0.09065410017559804,-3.027161030095551,5.434243570350702,517,1.0647038806155251e-13
driven_dt1e-3,388,6,-2.9778280760975364,0.0,1,0.11161074370167656,0.21438325272980135,0.004948558902558996,-3.079447257921195,0.046157339558639314,517,1.0647038806155251e-13
driven_dt1e-3,389,0,-0.9003294425796398,0.0,1,0.006227020145225692,0.635541281508016,0.0,-0.9065564627248655,0.0,517,3.086420008457935e-14
driven_dt1e-3,389,1,-1.7219560332019352,0.0,1,0.009419141203963033,0.4247440843063095,0.0,-1.7125368919979722,0.0,517,3.086420008457935e-14
driven_dt1e-3,389,2,-1.9826109179025015,0.0,1,0.03049697963196052,0.3767938835097515,0.0,-1.952113938270541,0.0,517,3.086420008457935e-14
driven_dt1e-3,389,3,-2.4330203253846303,0.19025723976725073,1,0.2065788299011115,0.3084269450814829,0.0,-2.3525405410940445,0.0,517,3.086420008457935e-14
driven_dt1e-3,389,4,-2.6464198717560925,3.045678744368468,1,0.2956170026848274,-0.0026073304024777167,0.3052383928506607,-2.3732514213375824,3.1586761335963223,517,3.086420008457935e-14
driven_dt1e-3,389,5,-2.9498543094339507,5.367773635409873,1,0.04595460150460481,-0.2105370953867886,0.1015861440622958,-2.9068863384076082,5.384070226014242,517,3.086420008457935e-14
driven_dt1e-3,389,6,-2.9778280760975364,0.0,1,0.13469411615861615,0.24133555247474645,0.0,-2.8431339599389203,0.0,517,3.086420008457935e-14
driven_dt1e-3,390,0,-0.9003294425796398,0.0,1,0.00910799188809086,0.6404330278894977,0.0,-0.8912214506915489,0.0,516,2.1360690993788012e-13
driven_dt1e-3,390,1,-1.7219560332019352,0.0,1,0.20660553808544213,0.3873368804639303,0.022291621925591084,-1.8936143011447781,0.11497515998874816,516,2.1360690993788012e-13
driven_dt1e-3,390,2,-1.9826109179025015,0.0,1,0.14497907551823386,0.3451435033448997,0.0,-2.1275899934207354,0.0,516,2.1360690993788012e-13
driven_dt1e-3,390,3,-2.4330203253846303,0.19025723976725073,1,0.35984094398418337,0.3451435033448997,0.0,-2.1275899934207354,0.0,516,2.1360690993788012e-13
driven_dt1e-3,390,4,-2.6464198717560925,3.045678744368468,1,0.17426894979820148,0.03593474739868743,0.2644387328347016,-2.641993543160703,2.8714660167079042,516,2.1360690993788012e-13
driven_dt1e-3,390,5,-2.9498543094339507,5.367773635409873,1,0.488302854956038,-0.2097563145487688,0.16093651888585767,-2.66071431382127,4.974279364682437,516,2.1360690993788012e-13
driven_dt1e-3,390,6,-2.9778280760975364,0.0,1,0.006122630534831419,0.22630927929616135,0.0,-2.971705445562705,0.0,516,2.1360690993788012e-13
driven_dt1e-3,391,0,-0.9003294425796398,0.0,1,0.008995218614990752,0.6346622377887484,0.0,-0.9093246611946305,0.0,516,9.261480471423056e-13
driven_dt1e-3,391,1,-1.7219560332019352,0.0,1,0.0963209106039209,0.4028711593882121,0.0,-1.8182769438058561,0.0,516,9.261480471423056e-13
driven_dt1e-3,391,2,-1.9826109179025015,0.0,1,0.13406800280471187,0.34703159186055876,0.0,-2.1166789207072134,0.0,516,9.261480471423056e-13
driven_dt1e-3,391,3,-2.4330203253846303,0.19025723976725073,1,0.1928216751408465,0.30094171138722436,0.0,-2.4016773657243013,0.0,516,9.261480471423056e-13
driven_dt1e-3,391,4,-2.6464198717560925,3.045678744368468,1,0.36184038984255745,-0.01025408460067434,0.2277648804380125,-2.956858024028842,3.2315728576020373,516,9.261480471423056e-13
driven_dt1e-3,391,5,-2.9498543094339507,5.367773635409873,1,0.25911842950784475,-0.1853860522440408,0.08150183041146235,-3.1939262519523033,5.454786550462352,516,9.261480471423056e-13
driven_dt1e-3,391,6,-2.9778280760975364,0.0,1,0.1457592452474791,0.2165427703779032,0.013326133314676069,-3.056154324708019,0.12292581646555634,516,9.261480471423056e-13
driven_dt1e-3,392,0,-0.9003294425796398,0.0,1,0.0010947944967142353,0.6371742464308722,0.0,-0.901424237076354,0.0,517,2.8621549574836536e-13
driven_dt1e-3,392,1,-1.7219560332019352,0.0,1,0.0073737401946010195,0.4243099203646119,0.0,-1.7145822930073342,0.0,517,2.8621549574836536e-13
driven_dt1e-3,392,2,-1.9826109179025015,0.0,1,0.0219160243035863,0.3751807208623218,0.0,-1.9606948935989152,0.0,517,2.8621549574836536e-13
driven_dt1e-3,392,3,-2.4330203253846303,0.19025723976725073,1,0.19247341189031375,0.29197938642757776,0.0,-2.462144147263725,0.0,517,2.8621549574836536e-13
driven_dt1e-3,392,4,-2.6464198717560925,3.045678744368468,1,0.26584499098072356,-0.0013079595489702738,0.3008871485501456,-2.402021116268173,3.150286619528501,517,2.8621549574836536e-13
driven_dt1e-3,392,5,-2.9498543094339507,5.367773635409873,1,0.4480965536141514,-0.16828799928098176,0.07367657359975421,-3.388801878342746,5.4578600001380515,517,2.8621549574836536e-13
driven_dt1e-3,392,6,-2.9778280760975364,0.0,1,0.37006139789339443,0.18750594320222772,0.0,-3.347889473990931,0.0,517,2.8621549574836536e-13
driven_dt1e-3,393,0,-0.9003294425796398,0.0,1,0.012075047563316121,0.6413838332131993,0.0,-0.8882543950163236,0.0,517,8.326672684688674e-14
driven_dt1e-3,393,1,-1.7219560332019352,0.0,1,0.011744838545633352,0.42027314414922634,0.0,-1.7337008717475686,0.0,517,8.326672684688674e-14
driven_dt1e-3,393,2,-1.9826109179025015,0.0,1,0.05434089413158527,0.36114493977075496,0.0,-2.036951812034087,0.0,517,8.326672684688674e-14
driven_dt1e-3,393,3,-2.4330203253846303,0.19025723976725073,1,0.21531027210640621,0.2817006486268024,0.0,-2.533820603115803,0.0,517,8.326672684688674e-14
driven_dt1e-3,393,4,-2.6464198717560925,3.045678744368468,1,0.31293892885482194,-0.024477217783390758,0.25018192085340263,-2.7616071971145657,3.3366472190690177,517,8.326672684688674e-14
driven_dt1e-3,393,5,-2.9498543094339507,5.367773635409873,1,0.36567746255970507,-0.18471089186120562,0.06815274104454123,-3.2502914255292863,5.576238370788359,517,8.326672684688674e-14
driven_dt1e-3,393,6,-2.9778280760975364,0.0,1,0.4440074729817334,0.2817006486268024,0.0,-2.533820603115803,0.0,517,8.326672684688674e-14
driven_dt1e-3,394,0,-0.9003294425796398,0.0,1,0.019560217267144298,0.6313184744347584,0.0,-0.9198896598467841,0.0,517,8.104628079763643e-14
driven_dt1e-3,394,1,-1.7219560332019352,0.0,1,0.053947495349535135,0.4343067188967066,0.0,-1.6680085378524,0.0,517,8.104628079763643e-14
driven_dt1e-3,394,2,-1.9826109179025015,0.0,1,0.01922358843263461,0.36754215729974243,0.0,-2.001834506335136,0.0,517,8.104628079763643e-14
driven_dt1e-3,394,3,-2.4330203253846303,0.19025723976725073,1,0.21171281036362025,0.2851557002996906,0.05762869293209611,-2.4694092808017967,0.3988193599993526,517,8.104628079763643e-14
driven_dt1e-3,394,4,-2.6464198717560925,3.045678744368468,1,0.4460671742467357,0.04399716389515859,0.22111514354779158,-2.979314640716667,2.748766304852786,517,8.104628079763643e-14
driven_dt1e-3,394,5,-2.9498543094339507,5.367773635409873,1,0.27259848147875165,-0.1761164085872579,0.09805897062058905,-3.2031857825498817,5.26711035097392,517,8.104628079763643e-14
driven_dt1e-3,394,6,-2.9778280760975364,0.0,1,0.3400846846690504,0.26743688197695054,0.0,-2.637743391428486,0.0,517,8.104628079763643e-14
driven_dt1e-3,395,0,-0.9003294425796398,0.0,1,0.003775710826120604,0.638727817611674,0.0,-0.8965537317535192,0.0,517,3.8058445284150366e-13
driven_dt1e-3,395,1,-1.7219560332019352,0.0,1,0.13387882500740145,0.3953762526494828,0.0,-1.8558348582093367,0.0,517,3.8058445284150366e-13
driven_dt1e-3,395,2,-1.9826109179025015,0.0,1,0.12677605969316486,0.3953762526494828,0.0,-1.8558348582093367,0.0,517,3.8058445284150366e-13
driven_dt1e-3,395,3,-2.4330203253846303,0.19025723976725073,1,0.07757881988326307,0.2884730966202314,0.018799152942770167,-2.4820690520787485,0.13015153534441354,517,3.8058445284150366e-13
driven_dt1e-3,395,4,-2.6464198717560925,3.045678744368468,1,0.041590993440514895,0.013678955757376925,0.2714928981820762,-2.605103243215227,3.0409093690021254,517,3.8058445284150366e-13
driven_dt1e-3,395,5,-2.9498543094339507,5.367773635409873,1,0.514915590734219,-0.1525618291171788,0.10019799119148107,-3.401755062865793,5.120946216696103,517,3.8058445284150366e-13
driven_dt1e-3,395,6,-2.9778280760975364,0.0,1,0.09086646148092736,0.21559637173220825,0.0,-3.0686945375784638,0.0,517,3.8058445284150366e-13
driven_dt1e-3,396,0,-0.9003294425796398,0.0,1,0.006421708042361973,0.6395734128626733,0.0,-0.8939077345372778,0.0,517,8.770761894538737e-14
driven_dt1e-3,396,1,-1.7219560332019352,0.0,1,0.019108918332529035,0.4268069151207655,0.0,-1.7028471148694062,0.0,517,8.770761894538737e-14
driven_dt1e-3,396,2,-1.9826109179025015,0.0,1,0.02756691215402518,0.3660120893818761,0.0,-2.0101778300565267,0.0,517,8.770761894538737e-14
driven_dt1e-3,396,3,-2.4330203253846303,0.19025723976725073,1,0.19049303526983785,0.2976691725759049,0.0,-2.4235451366022076,0.0,517,8.770761894538737e-14
driven_dt1e-3,396,4,-2.6464198717560925,3.045678744368468,1,0.4562704120642913,0.01633326600048988,0.21172715687739896,-3.098980254682144,2.9876116389546112,517,8.770761894538737e-14
driven_dt1e-3,396,5,-2.9498543094339507,5.367773635409873,1,0.39068763156380826,-0.22630862389583897,0.14474121589185343,-2.6287916231667903,5.145162815942685,517,8.770761894538737e-14
driven_dt1e-3,396,6,-2.9778280760975364,0.0,1,0.09470355942879483,0.2365579052949687,0.0,-2.8831245166687416,0.0,517,8.770761894538737e-14
driven_dt1e-3,397,0,-0.9003294425796398,0.0,1,0.011461121732918245,0.6411869823764937,0.0,-0.8888683208467215,0.0,517,9.459100169806334e-14
driven_dt1e-3,397,1,-1.7219560332019352,0.0,1,0.06044413649151492,0.41016322660194326,0.0,-1.7824001696934502,0.0,517,9.459100169806334e-14
driven_dt1e-3,397,2,-1.9826109179025015,0.0,1,0.043557389247750544,0.3792624761748156,0.0,-1.939053528654751,0.0,517,9.459100169806334e-14
driven_dt1e-3,397,3,-2.4330203253846303,0.19025723976725073,1,0.25012661897121785,0.2731600316953748,0.0,-2.5953949177139712,0.0,517,9.459100169806334e-14
driven_dt1e-3,397,4,-2.6464198717560925,3.045678744368468,1,0.20307206205523495,-0.009350656774661526,0.2829397956099188,-2.5239506917792367,3.207665047317704,517,9.459100169806334e-14
driven_dt1e-3,397,5,-2.9498543094339507,5.367773635409873,1,0.3110491154342992,-0.18667220353957398,0.07342403198419897,-3.212953395944972,5.533696578035436,517,9.459100169806334e-14
driven_dt1e-3,397,6,-2.9778280760975364,0.0,1,0.33383003353224305,0.19093369557028164,0.0,-3.3116581096297795,0.0,517,9.459100169806334e-14
driven_dt1e-3,398,0,-0.9003294425796398,0.0,1,0.02054562498190926,0.644106039515973,0.0,-0.8797838175977305,0.0,515,6.363798377151397e-13
driven_dt1e-3,398,1,-1.7219560332019352,0.0,1,0.10919069470622267,0.4002870501159927,0.0,-1.831146727908158,0.0,515,6.363798377151397e-13
driven_dt1e-3,398,2,-1.9826109179025015,0.0,1,0.0525950803622266,0.3614603233052513,0.0,-2.035205998264728,0.0,515,6.363798377151397e-13
driven_dt1e-3,398,3,-2.4330203253846303,0.19025723976725073,1,0.19081943332463489,0.2941020059389317,0.0,-2.447657225687688,0.0,515,6.363798377151397e-13
driven_dt1e-3,398,4,-2.6464198717560925,3.045678744368468,1,0.6766277855673566,0.012767470484197109,0.18952460899665705,-3.321944920116687,3.0070643786582694,515,6.363798377151397e-13
driven_dt1e-3,398,5,-2.9498543094339507,5.367773635409873,1,0.24973625024657212,-0.20882295662341394,0.07324995465947641,-3.016494666638627,5.6084544561639404,515,6.363798377151397e-13
driven_dt1e-3,398,6,-2.9778280760975364,0.0,1,0.05919087672513923,0.23239457452687648,0.0,-2.918637199372397,0.0,515,6.363798377151397e-13
driven_dt1e-3,399,0,-0.9003294425796398,0.0,1,0.003033633254161505,0.6365568566719073,0.0,-0.9033630758338013,0.0,517,4.442779477642489e-12
driven_dt1e-3,399,1,-1.7219560332019352,0.0,1,0.05352053692831227,0.41158559011859686,0.0,-1.7754765701302475,0.0,517,4.442779477642489e-12
driven_dt1e-3,399,2,-1.9826109179025015,0.0,1,0.008339218497702472,0.36954784240752203,0.0,-1.990950136400204,0.0,517,4.442779477642489e-12
driven_dt1e-3,399,3,-2.4330203253846303,0.19025723976725073,1,0.1975372334860785,0.28849521373787157,0.0,-2.4861535666699157,0.0,517,4.442779477642489e-12
driven_dt1e-3,399,4,-2.6464198717560925,3.045678744368468,1,0.5007142690040863,-0.05455395579823934,0.26757348883568777,-2.5959941195744394,3.5438474132961826,517,4.442779477642489e-12
driven_dt1e-3,399,5,-2.9498543094339507,5.367773635409873,1,0.09523215194605009,-0.21187118352236411,0.1100446010945355,-2.8647178246250498,5.3251011417089025,517,4.442779477642489e-12
driven_dt1e-3,399,6,-2.9778280760975364,0.0,1,0.19145308179725706,0.20502146890785009,0.0,-3.1692811578947935,0.0,517,4.442779477642489e-12
driven_dt1e-3,400,0,-0.9003294425796398,0.0,1,0.0005994387132424173,0.6377142360000619,0.0,-0.8997300038663973,0.0,516,9.614531393253856e-14
driven_dt1e-3,400,1,-1.7219560332019352,0.0,1,0.06346117985820054,0.40954495293776594,0.0,-1.7854172130601358,0.0,516,9.614531393253856e-14
driven_dt1e-3,400,2,-1.9826109179025015,0.0,1,0.15541378663441274,0.3433474563514177,0.0,-2.1380247045369143,0.0,516,9.614531393253856e-14
driven_dt1e-3,400,3,-2.4330203253846303,0.19025723976725073,1,0.30006175248084516,0.2638098813127956,0.0,-2.665053163616685,0.0,516,9.614531393253856e-14
driven_dt1e-3,400,4,-2.6464198717560925,3.045678744368468,1,0.22701901461309995,0.024808029665130904,0.2398445749058937,-2.8448866187788693,2.935458132312011,516,9.614531393253856e-14
driven_dt1e-3,400,5,-2.9498543094339507,5.367773635409873,1,0.4736103763391519,-0.16064272093869097,0.12608505079984425,-3.177169649532183,4.952280525079343,516,9.614531393253856e-14
driven_dt1e-3,400,6,-2.9778280760975364,0.0,1,0.31277491248085143,0.2638098813127956,0.0,-2.665053163616685,0.0,516,9.614531393253856e-14
driven_dt1e-3,401,0,-0.9003294425796398,0.0,1,0.0007776143862443519,0.6377710511123832,0.0,-0.8995518281933954,0.0,517,2.5912605394751154e-13
driven_dt1e-3,401,1,-1.7219560332019352,0.0,1,0.031056407169654632,0.416234606319728,0.0,-1.7530124403715899,0.0,517,2.5912605394751154e-13
driven_dt1e-3,401,2,-1.9826109179025015,0.0,1,0.1483067632780879,0.3445697159178837,0.0,-2.1309176811805894,0.0,517,2.5912605394751154e-13
driven_dt1e-3,401,3,-2.4330203253846303,0.19025723976725073,1,0.23814127191026102,0.26998224727299014,0.051204153336242814,-2.583459998051195,0.3748626846355258,517,2.5912605394751154e-13
driven_dt1e-3,401,4,-2.6464198717560925,3.045678744368468,1,0.6165549124029205,0.015004460746927815,0.19532520665462103,-3.2602951280288197,2.9882581057072133,517,2.5912605394751154e-13
driven_dt1e-3,401,5,-2.9498543094339507,5.367773635409873,1,0.16766571289003887,-0.22107392786535304,0.08957503108408625,-2.8665061994553986,5.513255193835428,517,2.5912605394751154e-13
driven_dt1e-3,401,6,-2.9778280760975364,0.0,1,0.22987527777095762,0.25309853512921154,0.0,-2.747952798326579,0.0,517,2.5912605394751154e-13
driven_dt1e-3,402,0,-0.9003294425796398,0.0,1,0.005510462367851354,0.6357690233271763,0.0,-0.9058399049474911,0.0,517,7.083222897108499e-14
driven_dt1e-3,402,1,-1.7219560332019352,0.0,1,0.16211809661778598,0.458443158232262,0.0,-1.5598379365841493,0.0,517,7.083222897108499e-14
driven_dt1e-3,402,2,-1.9826109179025015,0.0,1,0.1334284678743145,0.347142579017127,0.0,-2.116039385776816,0.0,517,7.083222897108499e-14
driven_dt1e-3,402,3,-2.4330203253846303,0.19025723976725073,1,0.3324876014039005,0.25850342982892766,0.0,-2.7056926338493255,0.0,517,7.083222897108499e-14
driven_dt1e-3,402,4,-2.6464198717560925,3.045678744368468,1,0.17435080970782918,0.011025400514775057,0.2438107765072823,-2.820682858173476,3.0512119541666305,517,7.083222897108499e-14
driven_dt1e-3,402,5,-2.9498543094339507,5.367773635409873,1,0.6324253390189896,-0.16356123371507988,0.15984835058761712,-2.9506867812585154,4.735348844289264,517,7.083222897108499e-14
driven_dt1e-3,402,6,-2.9778280760975364,0.0,1,0.27213544224821096,0.25850342982892766,0.0,-2.7056926338493255,0.0,517,7.083222897108499e-14
driven_dt1e-3,403,0,-0.9003294425796398,0.0,1,0.0044508916493568584,0.6361059336848053,0.0,-0.9047803342289966,0.0,517,2.1538326677728037e-14
driven_dt1e-3,403,1,-1.7219560332019352,0.0,1,0.1400449054352635,0.4534113247247323,0.0,-1.5819111277666718,0.0,517,2.1538326677728037e-14
driven_dt1e-3,403,2,-1.9826109179025015,0.0,1,0.04433871515453647,0.37941066891869196,0.0,-1.938272202747965,0.0,517,2.1538326677728037e-14
driven_dt1e-3,403,3,-2.4330203253846303,0.19025723976725073,1,0.19180447895885613,0.29268250534508305,0.0,-2.457333713976621,0.0,517,2.1538326677728037e-14
driven_dt1e-3,403,4,-2.6464198717560925,3.045678744368468,1,0.1883594588109654,0.02935299362830078,0.2860785151877597,-2.4925052652386768,2.9370989137177026,517,2.1538326677728037e-14
driven_dt1e-3,403,5,-2.9498543094339507,5.367773635409873,1,0.3231631463404958,-0.17261181672741494,0.09095615078657195,-3.268384905600211,5.313251360524689,517,2.1538326677728037e-14
driven_dt1e-3,403,6,-2.9778280760975364,0.0,1,0.012559155378192077,0.22420519087440394,0.0,-2.9903872314757285,0.0,517,2.1538326677728037e-14
driven_dt1e-3,404,0,-0.9003294425796398,0.0,1,0.005146841342879349,0.639165857348245,0.0,-0.8951826012367604,0.0,517,1.5631940186722204e-13
driven_dt1e-3,404,1,-1.7219560332019352,0.0,1,0.11266623063887393,0.3995920481539387,0.0,-1.8346222638408092,0.0,517,1.5631940186722204e-13
driven_dt1e-3,404,2,-1.9826109179025015,0.0,1,0.021201659187004118,0.3750467367824354,0.0,-1.9614092587154974,0.0,517,1.5631940186722204e-13
driven_dt1e-3,404,3,-2.4330203253846303,0.19025723976725073,1,0.18920062221333042,0.29973948214837576,0.05615552416382415,-2.375185893242424,0.37040177591725426,517,1.5631940186722204e-13
driven_dt1e-3,404,4,-2.6464198717560925,3.045678744368468,1,0.2226050187189272,0.016663921653674425,0.29707468906882606,-2.424401860052193,3.029523347811865,517,1.5631940186722204e-13
driven_dt1e-3,404,5,-2.9498543094339507,5.367773635409873,1,0.35561335507380437,-0.2440293752696862,0.08218700459328723,-2.7134893708250734,5.633466078101172,517,1.5631940186722204e-13
driven_dt1e-3,404,6,-2.9778280760975364,0.0,1,0.04092671591978858,0.23028198941723782,0.0,-2.936901360177748,0.0,517,1.5631940186722204e-13
driven_dt1e-3,405,0,-0.9003294425796398,0.0,1,0.01185999687305117,0.6337538052684892,0.0,-0.9121894394526909,0.0,517,1.4144241333724494e-13
driven_dt1e-3,405,1,-1.7219560332019352,0.0,1,0.03771678729404182,0.43079642900415865,0.0,-1.6842392459078934,0.0,517,1.4144241333724494e-13
driven_dt1e-3,405,2,-1.9826109179025015,0.0,1,0.03643250100244977,0.37791377855194547,0.0,-1.9461784169000518,0.0,517,1.4144241333724494e-13
driven_dt1e-3,405,3,-2.4330203253846303,0.19025723976725073,1,0.19098284113212444,0.2987362837113157,0.0,-2.4163881781075904,0.0,517,1.4144241333724494e-13
driven_dt1e-3,405,4,-2.6464198717560925,3.045678744368468,1,0.34796943969703115,0.05542380886153016,0.25039553453290775,-2.7215956939259285,2.7059268838523627,517,1.4144241333724494e-13
driven_dt1e-3,405,5,-2.9498543094339507,5.367773635409873,1,0.05235838642058384,-0.19987035500707453,0.10363528750187793,-2.982057567472681,5.3264898516654275,517,1.4144241333724494e-13
driven_dt1e-3,405,6,-2.9778280760975364,0.0,1,0.024527729485066985,0.2284015138160171,0.0,-2.9533003466124694,0.0,517,1.4144241333724494e-13
driven_dt1e-3,406,0,-0.9003294425796398,0.0,1,0.010336489663758774,0.6408265340075862,0.0,-0.889992952915881,0.0,515,2.502442697505103e-13
driven_dt1e-3,406,1,-1.7219560332019352,0.0,1,0.06737856308897028,0.40874356576370113,0.0,-1.7893345962909055,0.0,515,2.502442697505103e-13
driven_dt1e-3,406,2,-1.9826109179025015,0.0,1,0.19327632161159602,0.40874356576370113,0.0,-1.7893345962909055,0.0,515,2.502442697505103e-13
driven_dt1e-3,406,3,-2.4330203253846303,0.19025723976725073,1,0.21161175511027164,0.2828527194026455,0.0,-2.5256578858932945,0.0,515,2.502442697505103e-13
driven_dt1e-3,406,4,-2.6464198717560925,3.045678744368468,1,0.42360626413132124,0.0009710354905869572,0.2164243439182048,-3.06100835621575,3.1326192732645994,515,2.502442697505103e-13
driven_dt1e-3,406,5,-2.9498543094339507,5.367773635409873,1,0.29329208761529796,-0.17603124196929462,0.09009279705887499,-3.241537925670569,5.337099270267809,515,2.502442697505103e-13
driven_dt1e-3,406,6,-2.9778280760975364,0.0,1,0.1537048706767794,0.20892781417758813,0.0,-3.131532946774316,0.0,515,2.502442697505103e-13
driven_dt1e-3,407,0,-0.9003294425796398,0.0,1,0.013625976329271539,0.6418813964280156,0.0,-0.8867034662503682,0.0,517,2.290390099801698e-13
driven_dt1e-3,407,1,-1.7219560332019352,0.0,1,0.04127266611232372,0.43156304024482794,0.0,-1.6806833670896115,0.0,517,2.290390099801698e-13
driven_dt1e-3,407,2,-1.9826109179025015,0.0,1,0.012111647355171673,0.3688514529114911,0.0,-1.9947225652576732,0.0,517,2.290390099801698e-13
driven_dt1e-3,407,3,-2.4330203253846303,0.19025723976725073,1,0.22596581099605778,0.2787425837403603,0.0,-2.554933123954973,0.0,517,2.290390099801698e-13
driven_dt1e-3,407,4,-2.6464198717560925,3.045678744368468,1,0.7705448802009754,-0.05587629456148176,0.20540540046158023,-3.094149420666925,3.6727972845473067,517,2.290390099801698e-13
driven_dt1e-3,407,5,-2.9498543094339507,5.367773635409873,1,0.48418142986153506,-0.17857043354286684,0.058531919563328955,-3.3434931987166925,5.64969575562574,517,2.290390099801698e-13
driven_dt1e-3,407,6,-2.9778280760975364,0.0,1,0.1679599412706967,0.20744396817173893,0.0,-3.145788017368233,0.0,517,2.290390099801698e-13
driven_dt1e-3,408,0,-0.9003294425796398,0.0,1,0.0011723080044129253,0.6378969256143037,0.0,-0.8991571345752268,0.0,516,3.1308289294429414e-13
driven_dt1e-3,408,1,-1.7219560332019352,0.0,1,0.040927779879592396,0.41418526446749127,0.0,-1.7628838130815276,0.0,516,3.1308289294429414e-13
driven_dt1e-3,408,2,-1.9826109179025015,0.0,1,0.007034871831333778,0.3697889302626659,0.0,-1.9896457897338353,0.0,516,3.1308289294429414e-13
driven_dt1e-3,408,3,-2.4330203253846303,0.19025723976725073,1,0.19707867293980497,0.28874502056137347,0.0,-2.484422524207847,0.0,516,3.1308289294429414e-13
driven_dt1e-3,408,4,-2.6464198717560925,3.045678744368468,1,0.3382538001999299,-0.028315238799647167,0.2507758032853641,-2.7537236910286773,3.3664614180265233,516,3.1308289294429414e-13
driven_dt1e-3,408,5,-2.9498543094339507,5.367773635409873,1,0.46221325027077437,-0.25826712400873525,0.07897968020066404,-2.6181222445789243,5.689635291829046,516,3.1308289294429414e-13
driven_dt1e-3,408,6,-2.9778280760975364,0.0,1,0.17015503975855006,0.20721641310060604,0.0,-3.1479831158560865,0.0,516,3.1308289294429414e-13
driven_dt1e-3,409,0,-0.9003294425796398,0.0,1,0.01662026023490948,0.6428431037218764,0.0,-0.8837091823447303,0.0,516,1.0109690862236675e-12
driven_dt1e-3,409,1,-1.7219560332019352,0.0,1,0.044429346889441224,0.43224473145031994,0.0,-1.677526686312494,0.0,516,1.0109690862236675e-12
driven_dt1e-3,409,2,-1.9826109179025015,0.0,1,0.10293890342838408,0.39069190074951,0.0,-1.8796720144741175,0.0,516,1.0109690862236675e-12
driven_dt1e-3,409,3,-2.4330203253846303,0.19025723976725073,1,0.1905878012623329,0.2979290027268374,0.0,-2.421800133489775,0.0,516,1.0109690862236675e-12
driven_dt1e-3,409,4,-2.6464198717560925,3.045678744368468,1,0.19309230969343627,-0.0009661129899432539,0.24545737533391687,-2.809248449688903,3.1494645539530373,516,1.0109690862236675e-12
driven_dt1e-3,409,5,-2.9498543094339507,5.367773635409873,1,0.4864625235881611,-0.24224189486324232,0.05654172974288496,-2.782588912615209,5.824575642720295,516,1.0109690862236675e-12
driven_dt1e-3,409,6,-2.9778280760975364,0.0,1,0.16215898484474378,0.20804652831568574,0.0,-3.13998706094228,0.0,516,1.0109690862236675e-12
driven_dt1e-3,410,0,-0.9003294425796398,0.0,1,0.010435734183569245,0.6342052819543397,0.0,-0.910765176763209,0.0,517,2.9531932455029164e-14
driven_dt1e-3,410,1,-1.7219560332019352,0.0,1,0.0752543391052296,0.4389583052590694,0.0,-1.6467016940967056,0.0,517,2.9531932455029164e-14
driven_dt1e-3,410,2,-1.9826109179025015,0.0,1,0.10404196738969218,0.390907439260083,0.0,-1.8785689505128094,0.0,517,2.9531932455029164e-14
driven_dt1e-3,410,3,-2.4330203253846303,0.19025723976725073,1,0.15524638943657013,0.2728648447204243,0.030067171978899153,-2.5854884906532525,0.21949591300512705,517,2.9531932455029164e-14
driven_dt1e-3,410,4,-2.6464198717560925,3.045678744368468,1,0.406305541451589,0.0380333097644507,0.31993098058372466,-2.2652665244164316,2.904943820394208,517,2.9531932455029164e-14
driven_dt1e-3,410,5,-2.9498543094339507,5.367773635409873,1,0.4033607224157103,-0.17274986052739377,0.13211879839294532,-3.0512895679658665,4.977375427531959,517,2.9531932455029164e-14
driven_dt1e-3,410,6,-2.9778280760975364,0.0,1,0.046703100940322706,0.22041005337513386,0.0,-3.024531177037859,0.0,517,2.9531932455029164e-14
driven_dt1e-3,411,0,-0.9003294425796398,0.0,1,2.5957159386469364e-05,0.6375148552491057,0.0,-0.9003553997390262,0.0,517,7.682743330406083e-14
driven_dt1e-3,411,1,-1.7219560332019352,0.0,1,0.07897410916461034,0.40638061986976626,0.0,-1.8009301423665456,0.0,517,7.682743330406083e-14
driven_dt1e-3,411,2,-1.9826109179025015,0.0,1,0.15432610259377255,0.3435342339098905,0.0,-2.136937020496274,0.0,517,7.682743330406083e-14
driven_dt1e-3,411,3,-2.4330203253846303,0.19025723976725073,1,0.3190066158984011,0.2513207696619652,0.02551216230670527,-2.7517983525054044,0.202331609810323,517,7.682743330406083e-14
driven_dt1e-3,411,4,-2.6464198717560925,3.045678744368468,1,0.3389726555302522,0.019610244272342578,0.22493741391378339,-2.976294382204279,2.967670613037175,517,7.682743330406083e-14
driven_dt1e-3,411,5,-2.9498543094339507,5.367773635409873,1,0.1350621690170213,-0.21850729805163843,0.09263439662413339,-2.8765889059733087,5.481237154460411,517,7.682743330406083e-14
driven_dt1e-3,411,6,-2.9778280760975364,0.0,1,0.3033603736079787,0.2513207696619652,0.02551216230670527,-2.7517983525054044,0.202331609810323,517,7.682743330406083e-14
driven_dt1e-3,412,0,-0.9003294425796398,0.0,1,0.01284959294110799,0.6416322717585288,0.0,-0.8874798496385318,0.0,517,2.90656387846866e-13
driven_dt1e-3,412,1,-1.7219560332019352,0.0,1,0.07173563121441795,0.43818670119420167,0.0,-1.6502204019875173,0.0,517,2.90656387846866e-13
driven_dt1e-3,412,2,-1.9826109179025015,0.0,1,0.1412420863952759,0.3982463816915166,0.0,-1.8413688315072256,0.0,517,2.90656387846866e-13
driven_dt1e-3,412,3,-2.4330203253846303,0.19025723976725073,1,0.19036676283643317,0.29530739729510536,0.0,-2.4394768808881206,0.0,517,2.90656387846866e-13
driven_dt1e-3,412,4,-2.6464198717560925,3.045678744368468,1,0.33723173471975115,0.05667989210957433,0.25787128636182854,-2.663408479843328,2.7088751961428725,517,2.90656387846866e-13
driven_dt1e-3,412,5,-2.9498543094339507,5.367773635409873,1,0.1163365107837081,-0.21217801005292497,0.08969150919884417,-2.9362551376617017,5.483312573731275,517,2.90656387846866e-13
driven_dt1e-3,412,6,-2.9778280760975364,0.0,1,0.17115101037787567,0.2174898168374469,0.01715366580393105,-3.0450051119434027,0.15741637211018078,517,2.90656387846866e-13
driven_dt1e-3,413,0,-0.9003294425796398,0.0,1,0.0027256559891033483,0.6383925560129309,0.0,-0.8976037865905364,0.0,516,4.063416270128073e-14
driven_dt1e-3,413,1,-1.7219560332019352,0.0,1,0.09016638568616187,0.44224342033497693,0.0,-1.6317896475157734,0.0,516,4.063416270128073e-14
driven_dt1e-3,413,2,-1.9826109179025015,0.0,1,0.009350966539050987,0.369360945031901,0.0,-1.9919618844415525,0.0,516,4.063416270128073e-14
driven_dt1e-3,413,3,-2.4330203253846303,0.19025723976725073,1,0.1785534101199233,0.2834563116580755,0.004951705418530349,-2.521089422093241,0.034934496840199405,516,4.063416270128073e-14
driven_dt1e-3,413,4,-2.6464198717560925,3.045678744368468,1,0.36689001154951845,-0.023633791926781236,0.2374786877549257,-2.865499357902158,3.339978692252904,516,4.063416270128073e-14
driven_dt1e-3,413,5,-2.9498543094339507,5.367773635409873,1,0.39493421931944006,-0.249156868945124,0.12490054551074616,-2.5551665743581093,5.353822672355013,516,4.063416270128073e-14
driven_dt1e-3,413,6,-2.9778280760975364,0.0,1,0.36421412752936894,0.19199390932453692,0.017721094492025222,-3.292099999785794,0.18407902833636816,516,4.063416270128073e-14
driven_dt1e-3,414,0,-0.9003294425796398,0.0,1,0.0074714479701410985,0.6351459618801607,0.0,-0.9078008905497809,0.0,517,2.9110047705671604e-13
driven_dt1e-3,414,1,-1.7219560332019352,0.0,1,0.14966795150210044,0.3922672181983031,0.0,-1.8716239847040357,0.0,517,2.9110047705671604e-13
driven_dt1e-3,414,2,-1.9826109179025015,0.0,1,0.11098693319846586,0.3922672181983031,0.0,-1.8716239847040357,0.0,517,2.9110047705671604e-13
driven_dt1e-3,414,3,-2.4330203253846303,0.19025723976725073,1,0.24974175625270764,0.33171940730380084,0.014678381374063505,-2.2049755581724217,0.08844108700494861,517,2.9110047705671604e-13
driven_dt1e-3,414,4,-2.6464198717560925,3.045678744368468,1,0.27558854778519365,0.0226043449666169,0.3040090442882792,-2.3758823355038783,2.993157423469867,517,2.9110047705671604e-13
driven_dt1e-3,414,5,-2.9498543094339507,5.367773635409873,1,0.2866734212217848,-0.2374140002281729,0.08859722073007373,-2.745520396908589,5.568844027628819,517,2.9110047705671604e-13
driven_dt1e-3,414,6,-2.9778280760975364,0.0,1,0.019988067033560153,0.22337393538321365,0.0,-2.9978161431310966,0.0,517,2.9110047705671604e-13
driven_dt1e-3,415,0,-0.9003294425796398,0.0,1,0.004226609792443492,0.6361772711946581,0.0,-0.9045560523720833,0.0,517,6.017408793468348e-14
driven_dt1e-3,415,1,-1.7219560332019352,0.0,1,0.00311923611006093,0.42208961289586305,0.0,-1.7250752693119962,0.0,517,6.017408793468348e-14
driven_dt1e-3,415,2,-1.9826109179025015,0.0,1,0.04423443677280203,0.37939088726911224,0.0,-1.9383764811296995,0.0,517,6.017408793468348e-14
driven_dt1e-3,415,3,-2.4330203253846303,0.19025723976725073,1,0.13570335692742544,0.2754898798173119,0.028675881259765914,-2.5676322124796607,0.20743399540057753,517,6.017408793468348e-14
driven_dt1e-3,415,4,-2.6464198717560925,3.045678744368468,1,0.34210409415649096,0.007802728035284956,0.31535786932356696,-2.307482382071578,3.092117837005954,517,6.017408793468348e-14
driven_dt1e-3,415,5,-2.9498543094339507,5.367773635409873,1,0.18005141786878567,-0.22645055466094352,0.10474252795595868,-2.7765830751547704,5.416718425203369,517,6.017408793468348e-14
driven_dt1e-3,415,6,-2.9778280760975364,0.0,1,0.1272607919059685,0.2117086093449922,0.0,-3.105088868003505,0.0,517,6.017408793468348e-14
driven_dt1e-3,416,0,-0.9003294425796398,0.0,1,0.013235276088080838,0.6417560170666509,0.0,-0.8870941664915589,0.0,516,1.4099832412739488e-13
driven_dt1e-3,416,1,-1.7219560332019352,0.0,1,0.10170968960777449,0.4017871286221,0.0,-1.8236657228097097,0.0,516,1.4099832412739488e-13
driven_dt1e-3,416,2,-1.9826109179025015,0.0,1,0.1589451950927918,0.4017871286221,0.0,-1.8236657228097097,0.0,516,1.4099832412739488e-13
driven_dt1e-3,416,3,-2.4330203253846303,0.19025723976725073,1,0.2969855458132266,0.26433697945292023,0.0,-2.6610611049354094,0.0,516,1.4099832412739488e-13
driven_dt1e-3,416,4,-2.6464198717560925,3.045678744368468,1,0.3983887464123554,-0.003780767109425865,0.2205537376335399,-3.0229340009686276,3.175873612820855,516,1.4099832412739488e-13
driven_dt1e-3,416,5,-2.9498543094339507,5.367773635409873,1,0.41568193198160414,-0.2126898258416949,0.05517814059353967,-3.0307049666431194,5.775516985821384,516,1.4099832412739488e-13
driven_dt1e-3,416,6,-2.9778280760975364,0.0,1,0.12844666901451268,0.22001368020030782,0.013177803766878705,-3.0245500662704456,0.11964782662132373,516,1.4099832412739488e-13
driven_dt1e-3,417,0,-0.9003294425796398,0.0,1,0.017655900405329383,0.6319198759120864,0.0,-0.9179853429849691,0.0,516,4.5075054799781356e-14
driven_dt1e-3,417,1,-1.7219560332019352,0.0,1,0.05750304235016079,0.43507950458799965,0.0,-1.6644529908517744,0.0,516,4.5075054799781356e-14
driven_dt1e-3,417,2,-1.9826109179025015,0.0,1,0.0943381758272237,0.3539942719665018,0.0,-2.0769490937297252,0.0,516,4.5075054799781356e-14
driven_dt1e-3,417,3,-2.4330203253846303,0.19025723976725073,1,0.3460269179569858,0.33536403383864205,0.06552433056983728,-2.147613552258296,0.38590386458971954,516,4.5075054799781356e-14
driven_dt1e-3,417,4,-2.6464198717560925,3.045678744368468,1,0.11068450948012688,-0.0014148929855017072,0.2703764998281516,-2.615852310611323,3.152058652455085,516,4.5075054799781356e-14
driven_dt1e-3,417,5,-2.9498543094339507,5.367773635409873,1,0.3418440001337049,-0.2434936442940277,0.08495554057882182,-2.710454107872817,5.611791798504141,516,4.5075054799781356e-14
driven_dt1e-3,417,6,-2.9778280760975364,0.0,1,0.07314202329108666,0.2175155254341879,0.0,-3.050970099388623,0.0,516,4.5075054799781356e-14
driven_dt1e-3,418,0,-0.9003294425796398,0.0,1,0.004126721309325898,0.6388399275292735,0.0,-0.8962027212703139,0.0,517,1.4210854715202004e-13
driven_dt1e-3,418,1,-1.7219560332019352,0.0,1,0.061384240140313295,0.4099704739343981,0.0,-1.7833402733422485,0.0,517,1.4210854715202004e-13
driven_dt1e-3,418,2,-1.9826109179025015,0.0,1,0.1115695873593987,0.3923815129095074,0.0,-1.8710413305431028,0.0,517,1.4210854715202004e-13
driven_dt1e-3,418,3,-2.4330203253846303,0.19025723976725073,1,0.3052305126219826,0.3338142860367009,0.0,-2.194340940955172,0.0,517,1.4210854715202004e-13
driven_dt1e-3,418,4,-2.6464198717560925,3.045678744368468,1,0.4884132631764948,0.010584112493870635,0.33957268977172583,-2.1591634634845684,3.0792749978061043,517,1.4210854715202004e-13
driven_dt1e-3,418,5,-2.9498543094339507,5.367773635409873,1,0.6018690049177565,-0.14628864312092327,0.0905821670891907,-3.5197952558094667,5.174347637350482,517,1.4210854715202004e-13
driven_dt1e-3,418,6,-2.9778280760975364,0.0,1,0.18070861572980634,0.24695238599591057,0.0,-2.79711946036773,0.0,517,1.4210854715202004e-13
driven_dt1e-3,419,0,-0.9003294425796398,0.0,1,0.004959649581769088,0.6391060368565252,0.0,-0.8953697929978707,0.0,517,2.657873920952625e-13
driven_dt1e-3,419,1,-1.7219560332019352,0.0,1,0.011993184876221141,0.42022096074258575,0.0,-1.7339492180781564,0.0,517,2.657873920952625e-13
driven_dt1e-3,419,2,-1.9826109179025015,0.0,1,0.14143369573691378,0.34575587835924265,0.0,-2.1240446136394153,0.0,517,2.657873920952625e-13
driven_dt1e-3,419,3,-2.4330203253846303,0.19025723976725073,1,0.21478083577877816,0.3113997043680279,0.0,-2.3333559378935242,0.0,517,2.657873920952625e-13
driven_dt1e-3,419,4,-2.6464198717560925,3.045678744368468,1,0.7256028363533298,0.07710893116327447,0.20643348747576423,-3.024943352717301,2.426631532529979,517,2.657873920952625e-13
driven_dt1e-3,419,5,-2.9498543094339507,5.367773635409873,1,0.3912438182389898,-0.25271814927738917,0.09106017358509387,-2.6288913243724674,5.591502237807165,517,2.657873920952625e-13
driven_dt1e-3,419,6,-2.9778280760975364,0.0,1,0.07428844222800324,0.2341555087755331,0.0,-2.903539633869533,0.0,517,2.657873920952625e-13
driven_dt1e-3,420,0,-0.9003294425796398,0.0,1,0.008786186773280136,0.6347285735634749,0.0,-0.9091156293529199,0.0,517,5.839773109528323e-14
driven_dt1e-3,420,1,-1.7219560332019352,0.0,1,0.08951853401040566,0.40424373292798443,0.0,-1.811474567212341,0.0,517,5.839773109528323e-14
driven_dt1e-3,420,2,-1.9826109179025015,0.0,1,0.0061221420443040575,0.36995772746207656,0.0,-1.9887330599468056,0.0,517,5.839773109528323e-14
driven_dt1e-3,420,3,-2.4330203253846303,0.19025723976725073,1,0.19286753985451277,0.30098398672482185,0.0,-2.401396431796412,0.0,517,5.839773109528323e-14
driven_dt1e-3,420,4,-2.6464198717560925,3.045678744368468,1,0.23918489528806966,-0.0175540500327966,0.27780247222254406,-2.557705004077528,3.2678027781575643,517,5.839773109528323e-14
driven_dt1e-3,420,5,-2.9498543094339507,5.367773635409873,1,0.4837168770881214,-0.16457876048856412,0.07337108553539635,-3.427454566211885,5.4444548710906835,517,5.839773109528323e-14
driven_dt1e-3,420,6,-2.9778280760975364,0.0,1,0.19238651037439336,0.2049258047844907,0.0,-3.1702145864719298,0.0,517,5.839773109528323e-14
driven_dt1e-3,421,0,-0.9003294425796398,0.0,1,0.008873181493922022,0.6347009651464556,0.0,-0.9092026240735618,0.0,517,5.511147094239277e-13
driven_dt1e-3,421,1,-1.7219560332019352,0.0,1,0.08863340772261719,0.40442267589918984,0.0,-1.8105894409245524,0.0,517,5.511147094239277e-13
driven_dt1e-3,421,2,-1.9826109179025015,0.0,1,0.157218682244044,0.34303774296424705,0.0,-2.1398296001465456,0.0,517,5.511147094239277e-13
driven_dt1e-3,421,3,-2.4330203253846303,0.19025723976725073,1,0.29813613877001055,0.2641392698317627,0.0,-2.6625575553862966,0.0,517,5.511147094239277e-13
driven_dt1e-3,421,4,-2.6464198717560925,3.045678744368468,1,0.4399417699603273,0.022915907652504324,0.2141850745921273,-3.0704475223366523,2.9284212819238276,517,5.511147094239277e-13
driven_dt1e-3,421,5,-2.9498543094339507,5.367773635409873,1,0.4777279049837307,-0.1940347631922848,0.15696833251436046,-2.775977710548128,4.922811974634427,517,5.511147094239277e-13
driven_dt1e-3,421,6,-2.9778280760975364,0.0,1,0.31527052071123984,0.2641392698317627,0.0,-2.6625575553862966,0.0,517,5.511147094239277e-13
driven_dt1e-3,422,0,-0.9003294425796398,0.0,1,0.010409432546330644,0.6342136223278113,0.0,-0.9107388751259704,0.0,517,1.5543122344752192e-15
driven_dt1e-3,422,1,-1.7219560332019352,0.0,1,0.06245812047207311,0.40975040340775776,0.0,-1.7844141536740084,0.0,517,1.5543122344752192e-15
driven_dt1e-3,422,2,-1.9826109179025015,0.0,1,0.017452947009319875,0.37434442404543866,0.0,-1.9651579708931817,0.0,517,1.5543122344752192e-15
driven_dt1e-3,422,3,-2.4330203253846303,0.19025723976725073,1,0.19790987740365856,0.3044467739140684,0.0,-2.378518010845906,0.0,517,1.5543122344752192e-15
driven_dt1e-3,422,4,-2.6464198717560925,3.045678744368468,1,0.6599592427919942,0.10257596986277337,0.2981853264344538,-2.308237854849275,2.4789520681060746,517,1.5543122344752192e-15
driven_dt1e-3,422,5,-2.9498543094339507,5.367773635409873,1,0.3278852118507553,-0.2188834257729425,0.13862281606849056,-2.7011802650518906,5.15406839026815,517,1.5543122344752192e-15
driven_dt1e-3,422,6,-2.9778280760975364,0.0,1,0.11635902636029405,0.23913320843006672,0.0,-2.8614690497372424,0.0,517,1.5543122344752192e-15
driven_dt1e-3,423,0,-0.9003294425796398,0.0,1,0.002462762858328804,0.6383086470189695,0.0,-0.897866679721311,0.0,517,1.6231460620019789e-13
driven_dt1e-3,423,1,-1.7219560332019352,0.0,1,0.04948065744911534,0.4124178084407889,0.0,-1.7714366906510506,0.0,517,1.6231460620019789e-13
driven_dt1e-3,423,2,-1.9826109179025015,0.0,1,0.11052467777966357,0.3511408697046262,0.0,-2.093135595682165,0.0,517,1.6231460620019789e-13
driven_dt1e-3,423,3,-2.4330203253846303,0.19025723976725073,1,0.23082368910913623,0.27752097506018014,0.0,-2.5637175256993197,0.0,517,1.6231460620019789e-13
driven_dt1e-3,423,4,-2.6464198717560925,3.045678744368468,1,0.1536616026961866,0.010708590568179115,0.2463871602287321,-2.799815113281746,3.0547224173196064,517,1.6231460620019789e-13
driven_dt1e-3,423,5,-2.9498543094339507,5.367773635409873,1,0.15224410240012193,-0.22208912121856772,0.10771161499062304,-2.798105610264437,5.380045514482745,517,1.6231460620019789e-13
driven_dt1e-3,423,6,-2.9778280760975364,0.0,1,0.17456714313492094,0.24619522345870282,0.0,-2.8032609329626155,0.0,517,1.6231460620019789e-13
driven_dt1e-3,424,0,-0.9003294425796398,0.0,1,0.009793780986767975,0.6344088796817341,0.0,-0.9101232235664077,0.0,517,5.864198016070077e-13
driven_dt1e-3,424,1,-1.7219560332019352,0.0,1,0.10816187858889892,0.4004930139705419,0.0,-1.8301179117908342,0.0,517,5.864198016070077e-13
driven_dt1e-3,424,2,-1.9826109179025015,0.0,1,0.15249300611166738,0.4004930139705419,0.0,-1.8301179117908342,0.0,517,5.864198016070077e-13
driven_dt1e-3,424,3,-2.4330203253846303,0.19025723976725073,1,0.2049745603569245,0.3077780594239043,0.0,-2.356752684083346,0.0,517,5.864198016070077e-13
driven_dt1e-3,424,4,-2.6464198717560925,3.045678744368468,1,0.45120016388441203,0.06827856314972758,0.2466597141746475,-2.7256596903123937,2.601491127426612,517,5.864198016070077e-13
driven_dt1e-3,424,5,-2.9498543094339507,5.367773635409873,1,0.6391231002986967,-0.19158942165091614,0.035180652681132976,-3.2716390197776932,5.919980967418795,517,5.864198016070077e-13
driven_dt1e-3,424,6,-2.9778280760975364,0.0,1,0.10095842079287287,0.23729888181847766,0.0,-2.8768696553046635,0.0,517,5.864198016070077e-13
driven_dt1e-3,425,0,-0.9003294425796398,0.0,1,0.0029072313931024496,0.6384505168370901,0.0,-0.8974222111865373,0.0,517,3.1086244689504383e-15
driven_dt1e-3,425,1,-1.7219560332019352,0.0,1,0.07964841601888972,0.40624363034559546,0.0,-1.801604449220825,0.0,517,3.1086244689504383e-15
driven_dt1e-3,425,2,-1.9826109179025015,0.0,1,0.12973850023539568,0.3477836426526299,0.0,-2.1123494181378972,0.0,517,3.1086244689504383e-15
driven_dt1e-3,425,3,-2.4330203253846303,0.19025723976725073,1,0.372864114709764,0.3477836426526299,0.0,-2.1123494181378972,0.0,517,3.1086244689504383e-15
driven_dt1e-3,425,4,-2.6464198717560925,3.045678744368468,1,0.6148386587360399,-0.027560986187739618,0.2058627156808802,-3.143326296411725,3.4077706959668,517,3.1086244689504383e-15
driven_dt1e-3,425,5,-2.9498543094339507,5.367773635409873,1,0.21612362362127563,-0.20545889775286105,0.12648456166692085,-2.843668861883643,5.1795342361977745,517,3.1086244689504383e-15
driven_dt1e-3,425,6,-2.9778280760975364,0.0,1,0.17390835529367107,0.24388922177098937,0.009091272726424331,-2.8206937783871213,0.0745179745028296,517,3.1086244689504383e-15
driven_dt1e-3,426,0,-0.9003294425796398,0.0,1,0.0033493809320364054,0.6364563689296441,0.0,-0.9036788235116762,0.0,517,3.3306690738754696e-15
driven_dt1e-3,426,1,-1.7219560332019352,0.0,1,0.10838442360442024,0.446290227274241,0.0,-1.613571609597515,0.0,517,3.3306690738754696e-15
driven_dt1e-3,426,2,-1.9826109179025015,0.0,1,0.07321107734451981,0.3849276362014411,0.0,-1.9093998405579817,0.0,517,3.3306690738754696e-15
driven_dt1e-3,426,3,-2.4330203253846303,0.19025723976725073,1,0.2399670195095156,0.3187367365575785,0.0,-2.2867795883500164,0.0,517,3.3306690738754696e-15
driven_dt1e-3,426,4,-2.6464198717560925,3.045678744368468,1,0.25592268327479917,0.023806152895637436,0.30052897881084645,-2.3981669094596807,2.9834944495213804,517,3.3306690738754696e-15
driven_dt1e-3,426,5,-2.9498543094339507,5.367773635409873,1,0.49223919058890403,-0.2635721861707139,0.12705672982150854,-2.4579098460919777,5.384804951823987,517,3.3306690738754696e-15
driven_dt1e-3,426,6,-2.9778280760975364,0.0,1,0.2867822152931332,0.26040349934264617,0.0,-2.6910458608044032,0.0,517,3.3306690738754696e-15
driven_dt1e-3,427,0,-0.9003294425796398,0.0,1,0.0009938576521896225,0.6372064044212704,0.0,-0.9013233002318294,0.0,516,1.8685053504441385e-13
driven_dt1e-3,427,1,-1.7219560332019352,0.0,1,0.04270767832173128,0.43187280047490706,0.0,-1.679248354880204,0.0,516,1.8685053504441385e-13
driven_dt1e-3,427,2,-1.9826109179025015,0.0,1,0.08205722793044612,0.38663397096042346,0.0,-1.9005536899720554,0.0,516,1.8685053504441385e-13
driven_dt1e-3,427,3,-2.4330203253846303,0.19025723976725073,1,0.2016326409318615,0.2865351870415308,0.0,-2.4997878669396694,0.0,516,1.8685053504441385e-13
driven_dt1e-3,427,4,-2.6464198717560925,3.045678744368468,1,0.4957445907350896,0.07274893982109179,0.2429266359832711,-2.7441060916362097,2.5596539490250256,516,1.8685053504441385e-13
driven_dt1e-3,427,5,-2.9498543094339507,5.367773635409873,1,0.11000056568318667,-0.1953477642292435,0.10863387652371016,-2.996491199106493,5.268148713968036,516,1.8685053504441385e-13
driven_dt1e-3,427,6,-2.9778280760975364,0.0,1,0.033114894098948966,0.2219126406594998,0.0,-3.0109429701964854,0.0,516,1.8685053504441385e-13
driven_dt1e-3,428,0,-0.9003294425796398,0.0,1,0.0013949606213929933,0.6379679442772789,0.0,-0.8989344819582468,0.0,517,9.181544413650045e-14
driven_dt1e-3,428,1,-1.7219560332019352,0.0,1,0.12955216881267795,0.39623250705153384,0.0,-1.8515082020146132,0.0,517,9.181544413650045e-14
driven_dt1e-3,428,2,-1.9826109179025015,0.0,1,0.13110271588788835,0.39623250705153384,0.0,-1.8515082020146132,0.0,517,9.181544413650045e-14
driven_dt1e-3,428,3,-2.4330203253846303,0.19025723976725073,1,0.19856459684306443,0.28796190924795356,0.0,-2.4898541342979486,0.0,517,9.181544413650045e-14
driven_dt1e-3,428,4,-2.6464198717560925,3.045678744368468,1,0.38639709543412765,-0.0049811589638205055,0.2223740515914652,-3.006287165647789,3.1863849849798833,517,9.181544413650045e-14
driven_dt1e-3,428,5,-2.9498543094339507,5.367773635409873,1,0.31803542815989616,-0.1914634651686255,0.13521160107083002,-2.9015056704521003,5.053434737604572,517,9.181544413650045e-14
driven_dt1e-3,428,6,-2.9778280760975364,0.0,1,0.16919860298258493,0.24553525515034055,0.0,-2.8086294731149515,0.0,517,9.181544413650045e-14
driven_dt1e-3,429,0,-0.9003294425796398,0.0,1,0.015208608652553246,0.6326935953452094,0.0,-0.915538051232193,0.0,517,3.4861002973229915e-14
driven_dt1e-3,429,1,-1.7219560332019352,0.0,1,0.07652979889209344,0.40687758365317817,0.0,-1.7984858320940287,0.0,517,3.4861002973229915e-14
driven_dt1e-3,429,2,-1.9826109179025015,0.0,1,0.10661284094874729,0.3807014250642496,0.01759211178414681,-1.9293466816869265,0.09235377087880227,517,3.4861002973229915e-14
driven_dt1e-3,429,3,-2.4330203253846303,0.19025723976725073,1,0.2339516119680875,0.2767660244758122,0.0,-2.5691656134360845,0.0,517,3.4861002973229915e-14
driven_dt1e-3,429,4,-2.6464198717560925,3.045678744368468,1,0.3461283883243247,0.05932702929894581,0.27385678050865486,-2.5444371542601245,2.7149154052026345,517,3.4861002973229915e-14
driven_dt1e-3,429,5,-2.9498543094339507,5.367773635409873,1,0.2291162038177861,-0.21431671703962624,0.07660082150293593,-2.960377850693984,5.596648033128844,517,3.4861002973229915e-14
driven_dt1e-3,429,6,-2.9778280760975364,0.0,1,0.16205406956159463,0.2080574422321556,0.0,-3.139882145659131,0.0,517,3.4861002973229915e-14
driven_dt1e-3,430,0,-0.9003294425796398,0.0,1,0.00251991391795503,0.6367203834556595,0.0,-0.9028493564975948,0.0,516,1.9118040484045196e-13
driven_dt1e-3,430,1,-1.7219560332019352,0.0,1,0.1060345757268304,0.4009192255680757,0.0,-1.8279906089287656,0.0,516,1.9118040484045196e-13
driven_dt1e-3,430,2,-1.9826109179025015,0.0,1,0.1546203089737359,0.4009192255680757,0.0,-1.8279906089287656,0.0,516,1.9118040484045196e-13
driven_dt1e-3,430,3,-2.4330203253846303,0.19025723976725073,1,0.28172111208524553,0.32869518501588973,0.0,-2.2252488939733452,0.0,516,1.9118040484045196e-13
driven_dt1e-3,430,4,-2.6464198717560925,3.045678744368468,1,0.7051212159153014,-0.02194496201478674,0.19334564247384195,-3.2737513482716323,3.367627727449182,516,1.9118040484045196e-13
driven_dt1e-3,430,5,-2.9498543094339507,5.367773635409873,1,0.16499167435970993,-0.19480829388362564,0.08617449101138763,-3.0927650222563496,5.4502283549146675,516,1.9118040484045196e-13
driven_dt1e-3,430,6,-2.9778280760975364,0.0,1,0.11972662591143779,0.23953620005614493,0.0,-2.8581014501860986,0.0,516,1.9118040484045196e-13
driven_dt1e-3,431,0,-0.9003294425796398,0.0,1,0.01114340979873385,0.6410851340881397,0.0,-0.8891860327809059,0.0,516,1.6431300764452317e-13
driven_dt1e-3,431,1,-1.7219560332019352,0.0,1,0.15490668257604012,0.3912410714790534,0.0,-1.8768627157779754,0.0,516,1.6431300764452317e-13
driven_dt1e-3,431,2,-1.9826109179025015,0.0,1,0.10574820212452618,0.3912410714790534,0.0,-1.8768627157779754,0.0,516,1.6431300764452317e-13
driven_dt1e-3,431,3,-2.4330203253846303,0.19025723976725073,1,0.21015251893986617,0.30978300888453314,0.0,-2.3437663958749573,0.0,516,1.6431300764452317e-13
driven_dt1e-3,431,4,-2.6464198717560925,3.045678744368468,1,0.18825893650304987,-0.0037099298588194247,0.2860636115382922,-2.5029139716769078,3.1675289959715007,516,1.6431300764452317e-13
driven_dt1e-3,431,5,-2.9498543094339507,5.367773635409873,1,0.3242627402026907,-0.18513383407017744,0.07293305864483289,-3.2290835579359074,5.53262918267714,516,1.6431300764452317e-13
driven_dt1e-3,431,6,-2.9778280760975364,0.0,1,0.11884394950157207,0.21260144574332446,0.0,-3.0966720255991085,0.0,516,1.6431300764452317e-13
driven_dt1e-3,432,0,-0.9003294425796398,0.0,1,0.016362953330485985,0.6427604050572004,0.0,-0.8839664892491538,0.0,516,2.831068712794149e-13
driven_dt1e-3,432,1,-1.7219560332019352,0.0,1,0.0477610005745539,0.4329653763947217,0.0,-1.6741950326273813,0.0,516,2.831068712794149e-13
driven_dt1e-3,432,2,-1.9826109179025015,0.0,1,0.1136244668744546,0.3927848684522672,0.0,-1.868986451028047,0.0,516,2.831068712794149e-13
driven_dt1e-3,432,3,-2.4330203253846303,0.19025723976725073,1,0.19698495645693706,0.28879707045631997,0.0,-2.4840620317284454,0.0,516,2.831068712794149e-13
driven_dt1e-3,432,4,-2.6464198717560925,3.045678744368468,1,0.43720404183745964,0.02894102005288674,0.32886008846899756,-2.216530886675372,2.9660368288636336,516,2.831068712794149e-13
driven_dt1e-3,432,5,-2.9498543094339507,5.367773635409873,1,0.24788443112303707,-0.18172409727516822,0.08852784997215031,-3.197583431570584,5.3765470747927315,516,2.831068712794149e-13
driven_dt1e-3,432,6,-2.9778280760975364,0.0,1,0.19099889867530973,0.2482262652932676,0.0,-2.7868291774222267,0.0,516,2.831068712794149e-13
driven_dt1e-3,433,0,-0.9003294425796398,0.0,1,0.007980972601117742,0.6400722393657281,0.0,-0.892348469978522,0.0,517,2.4513724383723456e-13
driven_dt1e-3,433,1,-1.7219560332019352,0.0,1,0.020119819450164167,0.42702269944407983,0.0,-1.701836213751771,0.0,517,2.4513724383723456e-13
driven_dt1e-3,433,2,-1.9826109179025015,0.0,1,0.18386719975454857,0.3540941993307093,0.02872055493407853,-2.069827328493011,0.16186551476236907,517,2.4513724383723456e-13
driven_dt1e-3,433,3,-2.4330203253846303,0.19025723976725073,1,0.19516833368690684,0.2898871194661821,0.0,-2.47652734999297,0.0,517,2.4513724383723456e-13
driven_dt1e-3,433,4,-2.6464198717560925,3.045678744368468,1,0.33464947668143635,0.03306357847250181,0.22965284320732945,-2.921856939901324,2.855613771965033,517,2.4513724383723456e-13
driven_dt1e-3,433,5,-2.9498543094339507,5.367773635409873,1,0.161321736677721,-0.22383091409252154,0.09689647335049995,-2.8219604173244113,5.466098886926406,517,2.4513724383723456e-13
driven_dt1e-3,433,6,-2.9778280760975364,0.0,1,0.08733959643381696,0.21835152026161475,0.0064184007810312695,-3.0424343915578715,0.058772690153349925,517,2.4513724383723456e-13
driven_dt1e-3,434,0,-0.9003294425796398,0.0,1,0.0047963741916311475,0.6359960614272526,0.0,-0.9051258167712709,0.0,516,4.947153797729698e-13
driven_dt1e-3,434,1,-1.7219560332019352,0.0,1,0.20485047762637484,0.38179335735235825,0.0041825538778251636,-1.9256315268986588,0.02190916363419263,516,4.947153797729698e-13
driven_dt1e-3,434,2,-1.9826109179025015,0.0,1,0.06104639588312012,0.38179335735235825,0.0041825538778251636,-1.9256315268986588,0.02190916363419263,516,4.947153797729698e-13
driven_dt1e-3,434,3,-2.4330203253846303,0.19025723976725073,1,0.26628365966429596,0.26991123079465584,0.0,-2.6193242977533306,0.0,516,4.947153797729698e-13
driven_dt1e-3,434,4,-2.6464198717560925,3.045678744368468,1,0.46130636159557836,0.019880151507517534,0.21146953380426964,-3.098549711103213,2.9541245657609485,516,4.947153797729698e-13
driven_dt1e-3,434,5,-2.9498543094339507,5.367773635409873,1,0.29374063299429504,-0.206406312829528,0.06838685855581553,-3.0516609600747846,5.64330759948179,516,4.947153797729698e-13
driven_dt1e-3,434,6,-2.9778280760975364,0.0,1,0.07285024780594096,0.21754726059799745,0.0,-3.0506783239034774,0.0,516,4.947153797729698e-13
driven_dt1e-3,435,0,-0.9003294425796398,0.0,1,0.0077029836067989965,0.6399832790293136,0.0,-0.8926264589728408,0.0,518,1.3566925360919413e-13
driven_dt1e-3,435,1,-1.7219560332019352,0.0,1,0.0056833224960597395,0.42154882251320047,0.0,-1.727639355697995,0.0,518,1.3566925360919413e-13
driven_dt1e-3,435,2,-1.9826109179025015,0.0,1,0.14646570903648448,0.3448870477202501,0.0,-2.129076626938986,0.0,518,1.3566925360919413e-13
driven_dt1e-3,435,3,-2.4330203253846303,0.19025723976725073,1,0.22492048124029895,0.2790142969250358,0.0,-2.5529845100295256,0.0,518,1.3566925360919413e-13
driven_dt1e-3,435,4,-2.6464198717560925,3.045678744368468,1,0.26675669747319314,-0.022763267084984055,0.2707873640316972,-2.605801022193799,3.309324803901017,518,1.3566925360919413e-13
driven_dt1e-3,435,5,-2.9498543094339507,5.367773635409873,1,0.24759580495335087,-0.18326136170648466,0.08602110630423043,-3.19456481131361,5.405462531656687,518,1.3566925360919413e-13
driven_dt1e-3,435,6,-2.9778280760975364,0.0,1,0.07791505019137768,0.23458048908472603,0.0,-2.8999130259061587,0.0,518,1.3566925360919413e-13
driven_dt1e-3,436,0,-0.9003294425796398,0.0,1,0.005796997835282314,0.6356779446645103,0.0,-0.9061264404149221,0.0,517,8.174572130315028e-13
driven_dt1e-3,436,1,-1.7219560332019352,0.0,1,0.0416272179619297,0.4140404413191178,0.0,-1.763583251163865,0.0,517,8.174572130315028e-13
driven_dt1e-3,436,2,-1.9826109179025015,0.0,1,0.07234846881445489,0.3579078623804753,0.0,-2.0549593867169564,0.0,517,8.174572130315028e-13
driven_dt1e-3,436,3,-2.4330203253846303,0.19025723976725073,1,0.22936476357617055,0.27788118173049614,0.0,-2.561123321003388,0.0,517,8.174572130315028e-13
driven_dt1e-3,436,4,-2.6464198717560925,3.045678744368468,1,0.4137485230802053,0.06364575121772766,0.24808009805479547,-2.7242631734319875,2.6393189767545384,517,8.174572130315028e-13
driven_dt1e-3,436,5,-2.9498543094339507,5.367773635409873,1,0.546594785944643,-0.276186068926868,0.09926377996376534,-2.4518737801965025,5.593120595722767,517,8.174572130315028e-13
driven_dt1e-3,436,6,-2.9778280760975364,0.0,1,0.008402695773201962,0.22656742637667052,0.0,-2.9694253803243345,0.0,517,8.174572130315028e-13
driven_dt1e-3,437,0,-0.9003294425796398,0.0,1,0.007517976364095569,0.6399240809964573,0.0,-0.8928114662155442,0.0,516,4.426459199180499e-13
driven_dt1e-3,437,1,-1.7219560332019352,0.0,1,0.03198277661779603,0.42956310216467564,0.0,-1.6899732565841392,0.0,516,4.426459199180499e-13
driven_dt1e-3,437,2,-1.9826109179025015,0.0,1,0.0627011435794933,0.3829101597496698,0.0,-1.9199097743230082,0.0,516,4.426459199180499e-13
driven_dt1e-3,437,3,-2.4330203253846303,0.19025723976725073,1,0.20689856504639467,0.28446113221495056,0.0,-2.5143173052449184,0.0,516,4.426459199180499e-13
driven_dt1e-3,437,4,-2.6464198717560925,3.045678744368468,1,0.3771844246153201,-0.0017954789109075361,0.31905040760936537,-2.284780673136029,3.152847677338002,516,4.426459199180499e-13
driven_dt1e-3,437,5,-2.9498543094339507,5.367773635409873,1,0.3538714219687937,-0.2072108612500146,0.06183698454941543,-3.0627238558537844,5.703162139651144,516,4.426459199180499e-13
driven_dt1e-3,437,6,-2.9778280760975364,0.0,1,0.20643103735183255,0.20349180265087885,0.0,-3.184259113449369,0.0,516,4.426459199180499e-13
driven_dt1e-3,438,0,-0.9003294425796398,0.0,1,0.0190043727350514,0.6436098657824391,0.0,-0.8813250698445884,0.0,517,1.667554982986985e-13
driven_dt1e-3,438,1,-1.7219560332019352,0.0,1,0.047424404643199525,0.43289251533402195,0.0,-1.6745316285587357,0.0,517,1.667554982986985e-13
driven_dt1e-3,438,2,-1.9826109179025015,0.0,1,0.07102581178055756,0.38450728133600987,0.0,-1.911585106121944,0.0,517,1.667554982986985e-13
driven_dt1e-3,438,3,-2.4330203253846303,0.19025723976725073,1,0.20088978741872,0.30597085191502055,0.0,-2.368530873492981,0.0,517,1.667554982986985e-13
driven_dt1e-3,438,4,-2.6464198717560925,3.045678744368468,1,0.6563739169065433,0.06883139810602534,0.20969826712465456,-3.021847843762102,2.50727317546089,517,1.667554982986985e-13
driven_dt1e-3,438,5,-2.9498543094339507,5.367773635409873,1,0.4548343813165155,-0.16125487395035573,0.08577025228742519,-3.40040757713407,5.305515564508807,517,1.667554982986985e-13
driven_dt1e-3,438,6,-2.9778280760975364,0.0,1,0.1434822301998801,0.2363699756848329,0.012618937024061845,-2.881867964275091,0.10667149254676797,517,1.667554982986985e-13
driven_dt1e-3,439,0,-0.9003294425796398,0.0,1,0.006561101451004747,0.6396179905751632,0.0,-0.893768341128635,0.0,517,2.1760371282653068e-14
driven_dt1e-3,439,1,-1.7219560332019352,0.0,1,0.03834823860604453,0.41471981310825407,0.0,-1.7603042718079798,0.0,517,2.1760371282653068e-14
driven_dt1e-3,439,2,-1.9826109179025015,0.0,1,0.18432098618143855,0.3384205412354327,0.0,-2.16693190408394,0.0,517,2.1760371282653068e-14
driven_dt1e-3,439,3,-2.4330203253846303,0.19025723976725073,1,0.24033681575640398,0.27528907895176735,0.0,-2.5798670744942873,0.0,517,2.1760371282653068e-14
driven_dt1e-3,439,4,-2.6464198717560925,3.045678744368468,1,0.6270362497907961,-0.0057013115420402015,0.19640969940883587,-3.254262747044214,3.1996316511717335,517,2.1760371282653068e-14
driven_dt1e-3,439,5,-2.9498543094339507,5.367773635409873,1,0.3260911339527261,-0.17368573279545457,0.08735163415664035,-3.2755244395638003,5.351208793612212,517,2.1760371282653068e-14
driven_dt1e-3,439,6,-2.9778280760975364,0.0,1,0.09551321656898148,0.22248105549577527,0.010234541147618155,-3.003712714996213,0.09193889279536857,517,2.1760371282653068e-14
driven_dt1e-3,440,0,-0.9003294425796398,0.0,1,0.008939202993086592,0.6346800135376516,0.0,-0.9092686455727264,0.0,517,2.9032332093947844e-13
driven_dt1e-3,440,1,-1.7219560332019352,0.0,1,0.1302216980390798,0.39609988462945855,0.0,-1.852177731241015,0.0,517,2.9032332093947844e-13
driven_dt1e-3,440,2,-1.9826109179025015,0.0,1,0.1304331866614865,0.39609988462945855,0.0,-1.852177731241015,0.0,517,2.9032332093947844e-13
driven_dt1e-3,440,3,-2.4330203253846303,0.19025723976725073,1,0.19577028342823036,0.28950685628025297,0.0,-2.4791525981415248,0.0,517,2.9032332093947844e-13
driven_dt1e-3,440,4,-2.6464198717560925,3.045678744368468,1,0.4577835164824987,-0.04843137384144933,0.26526366754943353,-2.6212706957009533,3.5027709308110166,517,2.9032332093947844e-13
driven_dt1e-3,440,5,-2.9498543094339507,5.367773635409873,1,0.2603141969036588,-0.18504880565109855,0.0816860673248743,-3.1962420603028185,5.451776952793042,517,2.9032332093947844e-13
driven_dt1e-3,440,6,-2.9778280760975364,0.0,1,0.21894421749494475,0.20222261240052308,0.0,-3.196772293592481,0.0,517,2.9032332093947844e-13
driven_dt1e-3,441,0,-0.9003294425796398,0.0,1,0.008422773769503622,0.6348439183513572,0.0,-0.9087522163491434,0.0,517,2.5979218776228663e-14
driven_dt1e-3,441,1,-1.7219560332019352,0.0,1,0.02797005410816089,0.41687742565977765,0.0,-1.7499260873100961,0.0,517,2.5979218776228663e-14
driven_dt1e-3,441,2,-1.9826109179025015,0.0,1,0.009127739389725775,0.369402173028076,0.0,-1.9917386572922273,0.0,517,2.5979218776228663e-14
driven_dt1e-3,441,3,-2.4330203253846303,0.19025723976725073,1,0.12968981865215684,0.30277406647059135,0.010373820530338609,-2.3883635778036685,0.06849836346856117,517,2.5979218776228663e-14
driven_dt1e-3,441,4,-2.6464198717560925,3.045678744368468,1,0.3206976609839605,-0.012789697383895767,0.30379325812155195,-2.3810449203250585,3.225742968781758,517,2.5979218776228663e-14
driven_dt1e-3,441,5,-2.9498543094339507,5.367773635409873,1,0.23742050372534548,-0.23299947542870525,0.10883351905729868,-2.7160799974931136,5.4092232031492955,517,2.5979218776228663e-14
driven_dt1e-3,441,6,-2.9778280760975364,0.0,1,0.16702836611617755,0.20754061550190628,0.0,-3.144856442213714,0.0,517,2.5979218776228663e-14
driven_dt1e-3,442,0,-0.9003294425796398,0.0,1,0.00459551384367074,0.6360599378298579,0.0,-0.9049249564233105,0.0,517,1.837419105754634e-13
driven_dt1e-3,442,1,-1.7219560332019352,0.0,1,0.1051536566057235,0.40573405727143635,0.013599420242161443,-1.8029919006882333,0.06701104146554916,517,1.837419105754634e-13
driven_dt1e-3,442,2,-1.9826109179025015,0.0,1,0.16836844012065533,0.341130669865978,0.0,-2.150979358023157,0.0,517,1.837419105754634e-13
driven_dt1e-3,442,3,-2.4330203253846303,0.19025723976725073,1,0.3402130575889892,0.341130669865978,0.0,-2.150979358023157,0.0,517,1.837419105754634e-13
driven_dt1e-3,442,4,-2.6464198717560925,3.045678744368468,1,0.49324254410669044,0.06840777308014725,0.2364134196383279,-2.8039402303393235,2.578265068970913,517,1.837419105754634e-13
driven_dt1e-3,442,5,-2.9498543094339507,5.367773635409873,1,0.29392558089687515,-0.2191985290498178,0.07042731547498488,-2.9373123975315845,5.661431510413079,517,1.837419105754634e-13
driven_dt1e-3,442,6,-2.9778280760975364,0.0,1,0.22508370632405392,0.24866159382293884,0.013453248661686157,-2.7804019156223307,0.10809988904985655,517,1.837419105754634e-13
driven_dt1e-3,443,0,-0.9003294425796398,0.0,1,0.005121992730876657,0.6391579162053794,0.0,-0.8952074498487631,0.0,516,3.9013237085328e-13
driven_dt1e-3,443,1,-1.7219560332019352,0.0,1,0.09812880211567654,0.44400759291193465,0.0,-1.6238272310862587,0.0,516,3.9013237085328e-13
driven_dt1e-3,443,2,-1.9826109179025015,0.0,1,0.008521694853375061,0.3695141270738436,0.0,-1.9911326127558766,0.0,516,3.9013237085328e-13
driven_dt1e-3,443,3,-2.4330203253846303,0.19025723976725073,1,0.2699790135147678,0.33370715549263397,0.0459316926347319,-2.1762151548461643,0.27356253445562306,516,3.9013237085328e-13
driven_dt1e-3,443,4,-2.6464198717560925,3.045678744368468,1,0.26002178783073515,0.024057909718663263,0.30109676113993106,-2.3942833352267217,2.982129573692014,516,3.9013237085328e-13
driven_dt1e-3,443,5,-2.9498543094339507,5.367773635409873,1,0.25904329924890257,-0.17731773982838334,0.09979044594545453,-3.1844813073573714,5.257984734644816,516,3.9013237085328e-13
driven_dt1e-3,443,6,-2.9778280760975364,0.0,1,0.4818283245501885,0.237129706499346,0.055165446319564396,-2.825589171140796,0.4571453271733337,516,3.9013237085328e-13
driven_dt1e-3,444,0,-0.9003294425796398,0.0,1,0.0038728450828821037,0.6387588395409092,0.0,-0.8964565974967577,0.0,517,1.0080825063596421e-13
driven_dt1e-3,444,1,-1.7219560332019352,0.0,1,0.18182362105020622,0.46298241504762855,0.0,-1.540132412151729,0.0,517,1.0080825063596421e-13
driven_dt1e-3,444,2,-1.9826109179025015,0.0,1,0.012587673467721716,0.37343488677000475,0.0,-1.9700232444347798,0.0,517,1.0080825063596421e-13
driven_dt1e-3,444,3,-2.4330203253846303,0.19025723976725073,1,0.20962511810219078,0.29919133677592175,0.05934537831143114,-2.3747544692844516,0.3916220334931419,517,1.0080825063596421e-13
driven_dt1e-3,444,4,-2.6464198717560925,3.045678744368468,1,0.7267890469193966,0.0949337921614559,0.22435540560552744,-2.824340683170115,2.341003994155449,517,1.0080825063596421e-13
driven_dt1e-3,444,5,-2.9498543094339507,5.367773635409873,1,0.44276441296716357,-0.19129259005366886,0.05595628232806641,-3.225800733259933,5.714030615942841,517,1.0080825063596421e-13
driven_dt1e-3,444,6,-2.9778280760975364,0.0,1,0.1984388765828272,0.21401705679770933,0.01850279801380381,-3.0759524907297133,0.17248068585365478,517,1.0080825063596421e-13
driven_dt1e-3,445,0,-0.9003294425796398,0.0,1,0.006159955939877282,0.6355625929008272,0.0,-0.906489398519517,0.0,518,9.914291609902648e-14
driven_dt1e-3,445,1,-1.7219560332019352,0.0,1,0.05037419208753957,0.4122335947954988,0.0,-1.7723302252894748,0.0,518,9.914291609902648e-14
driven_dt1e-3,445,2,-1.9826109179025015,0.0,1,0.17668443949557688,0.33971519346185747,0.0,-2.1592953573980784,0.0,518,9.914291609902648e-14
driven_dt1e-3,445,3,-2.4330203253846303,0.19025723976725073,1,0.3012799697588682,0.263602443905001,0.0,-2.6666264102669626,0.0,518,9.914291609902648e-14
driven_dt1e-3,445,4,-2.6464198717560925,3.045678744368468,1,0.5721207703272918,-0.023798167958926697,0.20891097865694414,-3.1188008827397855,3.368445465549444,518,9.914291609902648e-14
driven_dt1e-3,445,5,-2.9498543094339507,5.367773635409873,1,0.3828288711026604,-0.19347981985107549,0.1444682556783323,-2.8420585487943835,5.000434529762415,518,9.914291609902648e-14
driven_dt1e-3,445,6,-2.9778280760975364,0.0,1,0.022099845655545902,0.22812441586943585,0.0,-2.9557282304419905,0.0,518,9.914291609902648e-14
driven_dt1e-3,446,0,-0.9003294425796398,0.0,1,0.006486833574694817,0.6354587257904443,0.0,-0.9068162761543346,0.0,516,4.8183679268731794e-14
driven_dt1e-3,446,1,-1.7219560332019352,0.0,1,0.0168340091862349,0.4263217176406694,0.0,-1.7051220240157003,0.0,516,4.8183679268731794e-14
driven_dt1e-3,446,2,-1.9826109179025015,0.0,1,0.037660204269984954,0.378145832758473,0.0,-1.9449507136325166,0.0,516,4.8183679268731794e-14
driven_dt1e-3,446,3,-2.4330203253846303,0.19025723976725073,1,0.21064379679734693,0.30996128937205947,0.0,-2.342615724587166,0.0,516,4.8183679268731794e-14
driven_dt1e-3,446,4,-2.6464198717560925,3.045678744368468,1,0.41116219204414084,0.06800953192350986,0.27912178455361,-2.494541713759452,2.663595804039944,516,4.8183679268731794e-14
driven_dt1e-3,446,5,-2.9498543094339507,5.367773635409873,1,0.3272234957534861,-0.21726544685034332,0.13898957881810098,-2.710216885441697,5.144952807847707,516,4.8183679268731794e-14
driven_dt1e-3,446,6,-2.9778280760975364,0.0,1,0.3003658843517498,0.19415528921891725,0.0,-3.2781939604492862,0.0,516,4.8183679268731794e-14
driven_dt1e-3,447,0,-0.9003294425796398,0.0,1,0.0139818903578377,0.6330817827863781,0.0,-0.9143113329374775,0.0,516,2.575717417130363e-13
driven_dt1e-3,447,1,-1.7219560332019352,0.0,1,0.021758420422058444,0.4273727027085888,0.0,-1.7001976127798768,0.0,516,2.575717417130363e-13
driven_dt1e-3,447,2,-1.9826109179025015,0.0,1,0.04203420450855133,0.3633740402906721,0.0,-2.024645122411053,0.0,516,2.575717417130363e-13
driven_dt1e-3,447,3,-2.4330203253846303,0.19025723976725073,1,0.19065764607408353,0.29443849985499293,0.0,-2.4453702534272295,0.0,516,2.575717417130363e-13
driven_dt1e-3,447,4,-2.6464198717560925,3.045678744368468,1,0.226866259652344,0.04305905922082963,0.2649608772083459,-2.63027908494326,2.8193873950647275,516,2.575717417130363e-13
driven_dt1e-3,447,5,-2.9498543094339507,5.367773635409873,1,0.280370455652692,-0.22025790084181932,0.1315796656935119,-2.7207289684502878,5.206190311635362,516,2.575717417130363e-13
driven_dt1e-3,447,6,-2.9778280760975364,0.0,1,0.03643493033101963,0.22154456724461993,0.0,-3.014263006428556,0.0,516,2.575717417130363e-13
driven_dt1e-3,448,0,-0.9003294425796398,0.0,1,0.0031921292257317546,0.6365064128219915,0.0,-0.9035215718053715,0.0,516,5.051514762044462e-13
driven_dt1e-3,448,1,-1.7219560332019352,0.0,1,0.004646606326388358,0.4237317396710123,0.0,-1.7173094268755469,0.0,516,5.051514762044462e-13
driven_dt1e-3,448,2,-1.9826109179025015,0.0,1,0.12463964505798342,0.3949541343382742,0.0,-1.8579712728445181,0.0,516,5.051514762044462e-13
driven_dt1e-3,448,3,-2.4330203253846303,0.19025723976725073,1,0.19490023773116089,0.3025931542529343,0.0,-2.3907322019477846,0.0,516,5.051514762044462e-13
driven_dt1e-3,448,4,-2.6464198717560925,3.045678744368468,1,0.2581061262925842,0.033217657476116644,0.2960350396525161,-2.422042758520131,2.918110396077601,516,5.051514762044462e-13
driven_dt1e-3,448,5,-2.9498543094339507,5.367773635409873,1,0.3454190585594287,-0.24718907355802325,0.11077344770697506,-2.612196603475684,5.440585719730285,516,5.051514762044462e-13
driven_dt1e-3,448,6,-2.9778280760975364,0.0,1,0.2474186214496656,0.23806787620626607,0.025909274752203098,-2.858624211352644,0.21680962356393302,516,5.051514762044462e-13
driven_dt1e-3,449,0,-0.9003294425796398,0.0,1,0.008200020346607495,0.6349146291169592,0.0,-0.9085294629262473,0.0,516,2.842170943040401e-14
driven_dt1e-3,449,1,-1.7219560332019352,0.0,1,0.07175741123436552,0.40784963171871175,0.0,-1.7937134444363008,0.0,516,2.842170943040401e-14
driven_dt1e-3,449,2,-1.9826109179025015,0.0,1,0.18889747346620078,0.40784963171871175,0.0,-1.7937134444363008,0.0,516,2.842170943040401e-14
driven_dt1e-3,449,3,-2.4330203253846303,0.19025723976725073,1,0.23471061007205793,0.2765861618777392,0.0,-2.5704657807352693,0.0,516,2.842170943040401e-14
driven_dt1e-3,449,4,-2.6464198717560925,3.045678744368468,1,0.4237254073864713,0.015683915806310563,0.21518326451642356,-3.06723208744754,2.996077333202195,516,2.842170943040401e-14
driven_dt1e-3,449,5,-2.9498543094339507,5.367773635409873,1,0.3279541049011711,-0.2050096159177346,0.14016737297366474,-2.785863076892258,5.083765236641483,516,2.842170943040401e-14
driven_dt1e-3,449,6,-2.9778280760975364,0.0,1,0.1917015254474015,0.21545795765296774,0.018569807386774592,-3.0625781102341123,0.17195030262465355,516,2.842170943040401e-14
driven_dt1e-3,450,0,-0.9003294425796398,0.0,1,0.016348644232000553,0.6427558064126818,0.0,-0.8839807983476392,0.0,517,4.3720582709738665e-13
driven_dt1e-3,450,1,-1.7219560332019352,0.0,1,0.13014131103812887,0.39611580559031717,0.0,-1.8520973442400641,0.0,517,4.3720582709738665e-13
driven_dt1e-3,450,2,-1.9826109179025015,0.0,1,0.13051357366243743,0.39611580559031717,0.0,-1.8520973442400641,0.0,517,4.3720582709738665e-13
driven_dt1e-3,450,3,-2.4330203253846303,0.19025723976725073,1,0.22031555231691052,0.3131838583857875,0.0,-2.321929707829176,0.0,517,4.3720582709738665e-13
driven_dt1e-3,450,4,-2.6464198717560925,3.045678744368468,1,0.5183956067953736,0.0400211567034474,0.21032910035702782,-3.082597695212813,2.7655307272965963,517,4.3720582709738665e-13
driven_dt1e-3,450,5,-2.9498543094339507,5.367773635409873,1,0.5742121204016347,-0.15993474244590078,0.14586233398669898,-3.0606987834969823,4.804361653121751,517,4.3720582709738665e-13
driven_dt1e-3,450,6,-2.9778280760975364,0.0,1,0.17237967798673592,0.24592609892518283,0.0,-2.8054483981108005,0.0,517,4.3720582709738665e-13
driven_dt1e-3,451,0,-0.9003294425796398,0.0,1,0.014655282840763784,0.6422118277999874,0.0,-0.885674159738876,0.0,516,5.750955267558311e-14
driven_dt1e-3,451,1,-1.7219560332019352,0.0,1,0.023239744763161374,0.4276893587553129,0.0,-1.6987162884387739,0.0,516,5.750955267558311e-14
driven_dt1e-3,451,2,-1.9826109179025015,0.0,1,0.09447774040715107,0.3890425381592895,0.0,-1.8881331774953505,0.0,516,5.750955267558311e-14
driven_dt1e-3,451,3,-2.4330203253846303,0.19025723976725073,1,0.19257954233578048,0.29187818421117223,0.0,-2.462837482231076,0.0,516,5.750955267558311e-14
driven_dt1e-3,451,4,-2.6464198717560925,3.045678744368468,1,0.6617998636603881,-0.0778464051136575,0.2803367042582611,-2.469245167048183,3.683321421384815,516,5.750955267558311e-14
driven_dt1e-3,451,5,-2.9498543094339507,5.367773635409873,1,0.34711311288460306,-0.23433265142364193,0.07210755588758612,-2.8115575825524433,5.686146888793854,516,5.750955267558311e-14
driven_dt1e-3,451,6,-2.9778280760975364,0.0,1,0.23994159929763992,0.20969975579235756,0.02075143666472953,-3.114411992792908,0.1972734264255098,516,5.750955267558311e-14
driven_dt1e-3,452,0,-0.9003294425796398,0.0,1,0.013415045018574379,0.6418137035555845,0.0,-0.8869143975610654,0.0,517,5.344613640545504e-13
driven_dt1e-3,452,1,-1.7219560332019352,0.0,1,0.018799527273698713,0.4267408951057051,0.0,-1.7031565059282365,0.0,517,5.344613640545504e-13
driven_dt1e-3,452,2,-1.9826109179025015,0.0,1,0.08732151906378394,0.35523838121361967,0.0,-2.0699324369662855,0.0,517,5.344613640545504e-13
driven_dt1e-3,452,3,-2.4330203253846303,0.19025723976725073,1,0.19030142323346808,0.2956554771731189,0.0,-2.4371208620361444,0.0,517,5.344613640545504e-13
driven_dt1e-3,452,4,-2.6464198717560925,3.045678744368468,1,0.6036453258391076,0.058785447397841126,0.20974608868511252,-3.0480966562051504,2.59507532644749,517,5.344613640545504e-13
driven_dt1e-3,452,5,-2.9498543094339507,5.367773635409873,1,0.3495922476126002,-0.24394874874933692,0.12139281321694283,-2.6003551165914116,5.359708042236196,517,5.344613640545504e-13
driven_dt1e-3,452,6,-2.9778280760975364,0.0,1,0.2804958872907495,0.25958629341664946,0.0,-2.697332188806787,0.0,517,5.344613640545504e-13
driven_dt1e-3,453,0,-0.9003294425796398,0.0,1,0.0040495548460876,0.6388152794958856,0.0,-0.8962798877335522,0.0,516,1.2656542480726785e-13
driven_dt1e-3,453,1,-1.7219560332019352,0.0,1,0.013422483564120125,0.42559513377521424,0.0,-1.7085335496378151,0.0,516,1.2656542480726785e-13
driven_dt1e-3,453,2,-1.9826109179025015,0.0,1,0.08665548726582545,0.3563169351751866,0.005475906770423666,-2.0636332037107703,0.030733738394162987,516,1.2656542480726785e-13
driven_dt1e-3,453,3,-2.4330203253846303,0.19025723976725073,1,0.22850958478242905,0.2780948914078102,0.0,-2.559585775068124,0.0,516,1.2656542480726785e-13
driven_dt1e-3,453,4,-2.6464198717560925,3.045678744368468,1,0.2958541138501525,0.04983555568284617,0.2544072729835102,-2.699983179834189,2.7547137486906546,516,1.2656542480726785e-13
driven_dt1e-3,453,5,-2.9498543094339507,5.367773635409873,1,0.6086334328533911,-0.2536357518263568,0.16518074986311118,-2.390151808920956,5.128675817547801,516,1.2656542480726785e-13
driven_dt1e-3,453,6,-2.9778280760975364,0.0,1,0.040636741830063716,0.22107961157455921,0.0,-3.0184648179276,0.0,516,1.2656542480726785e-13
driven_dt1e-3,454,0,-0.9003294425796398,0.0,1,0.012102088672490074,0.6336770966116577,0.0,-0.9124315312521298,0.0,517,1.729727472365994e-13
driven_dt1e-3,454,1,-1.7219560332019352,0.0,1,0.07984413723607808,0.4062038770418653,0.0,-1.8018001704380133,0.0,517,1.729727472365994e-13
driven_dt1e-3,454,2,-1.9826109179025015,0.0,1,0.08195971929028345,0.3561920174800976,0.0,-2.064570637192785,0.0,517,1.729727472365994e-13
driven_dt1e-3,454,3,-2.4330203253846303,0.19025723976725073,1,0.2059155444206247,0.26602061180574943,0.02594941937208102,-2.638892607385163,0.19447801433307124,517,1.729727472365994e-13
driven_dt1e-3,454,4,-2.6464198717560925,3.045678744368468,1,0.5692335879418879,-0.0031880820854188036,0.20175152651605363,-3.20118713824007,3.1731940676793955,517,1.729727472365994e-13
driven_dt1e-3,454,5,-2.9498543094339507,5.367773635409873,1,0.5369503935697224,-0.15135842470518399,0.11683300538366083,-3.308819026106217,4.9684491341091395,517,1.729727472365994e-13
driven_dt1e-3,454,6,-2.9778280760975364,0.0,1,0.31282475371273133,0.26381645569944745,0.0,-2.665003322384805,0.0,517,1.729727472365994e-13
driven_dt1e-3,455,0,-0.9003294425796398,0.0,1,0.0032854093240465287,0.6385712521993265,0.0,-0.8970440332555932,0.0,516,5.262457136723242e-13
driven_dt1e-3,455,1,-1.7219560332019352,0.0,1,0.07791028639524633,0.43954161754565946,0.0,-1.644045746806689,0.0,516,5.262457136723242e-13
driven_dt1e-3,455,2,-1.9826109179025015,0.0,1,0.05085700399039772,0.3806492403276042,0.0,-1.9317539139121038,0.0,516,5.262457136723242e-13
driven_dt1e-3,455,3,-2.4330203253846303,0.19025723976725073,1,0.07657245553228721,0.2937176374370716,0.01690232429207586,-2.446966689817243,0.1149655412516982,516,5.262457136723242e-13
driven_dt1e-3,455,4,-2.6464198717560925,3.045678744368468,1,0.26940796273593426,0.008664361570235965,0.2326596701474002,-2.91497117891417,3.067146063931338,516,5.262457136723242e-13
driven_dt1e-3,455,5,-2.9498543094339507,5.367773635409873,1,0.08550683066418371,-0.2112559519308237,0.10905919444116091,-2.8731079073029955,5.330072072442443,516,5.262457136723242e-13
driven_dt1e-3,455,6,-2.9778280760975364,0.0,1,0.07849047245384488,0.21693461715503598,0.0,-3.0563185485513813,0.0,516,5.262457136723242e-13
driven_dt1e-3,456,0,-0.9003294425796398,0.0,1,3.305554668542321e-06,0.6375220756572455,0.0,-0.9003327481343083,0.0,517,1.176836406102666e-14
driven_dt1e-3,456,1,-1.7219560332019352,0.0,1,0.174512701293299,0.4612930909144042,0.0,-1.5474433319086363,0.0,517,1.176836406102666e-14
driven_dt1e-3,456,2,-1.9826109179025015,0.0,1,0.0604633270351187,0.36004108736724627,0.0,-2.0430742449376202,0.0,517,1.176836406102666e-14
driven_dt1e-3,456,3,-2.4330203253846303,0.19025723976725073,1,0.3145556733841942,0.2613859122727302,0.0,-2.683514745231322,0.0,517,1.176836406102666e-14
driven_dt1e-3,456,4,-2.6464198717560925,3.045678744368468,1,0.6016664761485185,0.09498359553866637,0.26602381839251504,-2.528350135245179,2.4557108758864468,517,1.176836406102666e-14
driven_dt1e-3,456,5,-2.9498543094339507,5.367773635409873,1,0.10532873118874864,-0.20390603284265374,0.08929387199882935,-3.004751508726619,5.457664898186923,517,1.176836406102666e-14
driven_dt1e-3,456,6,-2.9778280760975364,0.0,1,0.2876077765715189,0.2007710157655411,0.017986193333493636,-3.2031869434593663,0.1786941914159661,517,1.176836406102666e-14
driven_dt1e-3,457,0,-0.9003294425796398,0.0,1,0.004804772527354784,0.6390565473425242,0.0,-0.895524670052285,0.0,516,6.283862319378386e-14
driven_dt1e-3,457,1,-1.7219560332019352,0.0,1,0.0735292792309814,0.4074884638728344,0.0,-1.7954853124329166,0.0,516,6.283862319378386e-14
driven_dt1e-3,457,2,-1.9826109179025015,0.0,1,0.1871256054695849,0.4074884638728344,0.0,-1.7954853124329166,0.0,516,6.283862319378386e-14
driven_dt1e-3,457,3,-2.4330203253846303,0.19025723976725073,1,0.24485630619886778,0.27428807472239036,0.0,-2.587152714587875,0.0,516,6.283862319378386e-14
driven_dt1e-3,457,4,-2.6464198717560925,3.045678744368468,1,0.729057190555312,-0.0020343518421608374,0.18581425902201287,-3.3658955649590965,3.163488395885062,516,6.283862319378386e-14
driven_dt1e-3,457,5,-2.9498543094339507,5.367773635409873,1,0.35805959092670325,-0.17686919148665947,0.12934963638556063,-3.036261824793673,5.020296424726989,516,6.283862319378386e-14
driven_dt1e-3,457,6,-2.9778280760975364,0.0,1,0.13705535984453265,0.24034154754698323,0.006164669767683917,-2.850730818289599,0.0512879978144699,516,6.283862319378386e-14
driven_dt1e-3,458,0,-0.9003294425796398,0.0,1,0.0021241934298823484,0.636846377570315,0.0,-0.9024536360095221,0.0,517,3.643751966819764e-13
driven_dt1e-3,458,1,-1.7219560332019352,0.0,1,0.0652550351520309,0.4091777854327795,0.0,-1.7872110683539661,0.0,517,3.643751966819764e-13
driven_dt1e-3,458,2,-1.9826109179025015,0.0,1,0.13983252835674187,0.34603279570917483,0.0,-2.1224434462592434,0.0,517,3.643751966819764e-13
driven_dt1e-3,458,3,-2.4330203253846303,0.19025723976725073,1,0.19548508574892212,0.2896843330169275,0.0,-2.4779269113872457,0.0,517,3.643751966819764e-13
driven_dt1e-3,458,4,-2.6464198717560925,3.045678744368468,1,0.4297449574802498,0.005105735494467509,0.21502623485436045,-3.073426819090137,3.0941121564737726,517,3.643751966819764e-13
driven_dt1e-3,458,5,-2.9498543094339507,5.367773635409873,1,0.6088570751006835,-0.21212396057090627,0.034195752974526775,-3.075513325117191,5.963522533585672,517,3.643751966819764e-13
driven_dt1e-3,458,6,-2.9778280760975364,0.0,1,0.045814239474851526,0.23084543192025073,0.0,-2.932013836622685,0.0,517,3.643751966819764e-13
driven_dt1e-3,459,0,-0.9003294425796398,0.0,1,0.007232928752859857,0.6398328830802186,0.0,-0.8930965138267799,0.0,517,2.653433028854124e-14
driven_dt1e-3,459,1,-1.7219560332019352,0.0,1,0.1303486620851091,0.4512184514070979,0.0,-1.5916073711168262,0.0,517,2.653433028854124e-14
driven_dt1e-3,459,2,-1.9826109179025015,0.0,1,0.12094568136284956,0.3942253344687768,0.0,-1.861665236539652,0.0,517,2.653433028854124e-14
driven_dt1e-3,459,3,-2.4330203253846303,0.19025723976725073,1,0.2999650961365777,0.3326859764138385,0.0,-2.2011124953823358,0.0,517,2.653433028854124e-14
driven_dt1e-3,459,4,-2.6464198717560925,3.045678744368468,1,0.6495515217907706,0.0066735890076889195,0.3678903083317486,-1.999611909593862,3.1053163125973002,517,2.653433028854124e-14
driven_dt1e-3,459,5,-2.9498543094339507,5.367773635409873,1,0.43827169145861705,-0.2458272731813398,0.13942806174858358,-2.5273395330588713,5.251311885128015,517,2.653433028854124e-14
driven_dt1e-3,459,6,-2.9778280760975364,0.0,1,0.04529461776446109,0.22056532997081926,0.0,-3.0231226938619975,0.0,517,2.653433028854124e-14
driven_dt1e-3,460,0,-0.9003294425796398,0.0,1,0.003875171994219495,0.6387595827089343,0.0,-0.8964542705854203,0.0,516,4.214406601477094e-13
driven_dt1e-3,460,1,-1.7219560332019352,0.0,1,0.0939837275250004,0.40334222640542344,0.0,-1.8159397607269356,0.0,516,4.214406601477094e-13
driven_dt1e-3,460,2,-1.9826109179025015,0.0,1,0.09539045828381787,0.3538080699740072,0.0,-2.0780013761863194,0.0,516,4.214406601477094e-13
driven_dt1e-3,460,3,-2.4330203253846303,0.19025723976725073,1,0.3242745819061772,0.25147450368965435,0.0379559559745088,-2.7383019981407846,0.2996057868523876,516,4.214406601477094e-13
driven_dt1e-3,460,4,-2.6464198717560925,3.045678744368468,1,0.30498966765473673,0.018067122288898365,0.3095091576434606,-2.3421335282835085,3.024978054712531,516,4.214406601477094e-13
driven_dt1e-3,460,5,-2.9498543094339507,5.367773635409873,1,0.11265138082361861,-0.21784174767397102,0.09729339703672182,-2.866090372815344,5.443099172405118,516,4.214406601477094e-13
driven_dt1e-3,460,6,-2.9778280760975364,0.0,1,0.20950437803355637,0.20317934296838583,0.0,-3.187332454131093,0.0,516,4.214406601477094e-13
driven_dt1e-3,461,0,-0.9003294425796398,0.0,1,0.006522927926542077,0.6354472576585117,0.0,-0.9068523705061818,0.0,517,6.394884621840902e-14
driven_dt1e-3,461,1,-1.7219560332019352,0.0,1,0.07518649676569944,0.4071509552097013,0.0,-1.7971425299676347,0.0,517,6.394884621840902e-14
driven_dt1e-3,461,2,-1.9826109179025015,0.0,1,0.11954921583818012,0.3495599969771634,0.0,-2.1021601337406817,0.0,517,6.394884621840902e-14
driven_dt1e-3,461,3,-2.4330203253846303,0.19025723976725073,1,0.1493047208746564,0.2743080403599081,0.033753316561084205,-2.5719795756321706,0.2448670048839452,517,6.394884621840902e-14
driven_dt1e-3,461,4,-2.6464198717560925,3.045678744368468,1,0.5180081167104774,0.07798711849050158,0.2472255964406698,-2.700045035323463,2.530453792711128,517,6.394884621840902e-14
driven_dt1e-3,461,5,-2.9498543094339507,5.367773635409873,1,0.4389977711011417,-0.16015409225464783,0.09568582383431913,-3.357991059626891,5.206084315497531,517,6.394884621840902e-14
driven_dt1e-3,461,6,-2.9778280760975364,0.0,1,0.246011896171195,0.224135252523163,0.027708953900442344,-2.9758434235068862,0.2460038906437076,517,6.394884621840902e-14
driven_dt1e-3,462,0,-0.9003294425796398,0.0,1,0.004265855305965349,0.6361647877652886,0.0,-0.9045952978856051,0.0,517,5.2735593669694936e-14
driven_dt1e-3,462,1,-1.7219560332019352,0.0,1,0.09269632967577279,0.44280319985465105,0.0,-1.6292597035261625,0.0,517,5.2735593669694936e-14
driven_dt1e-3,462,2,-1.9826109179025015,0.0,1,0.041526736224504646,0.3788775963503004,0.0,-1.941084181677997,0.0,517,5.2735593669694936e-14
driven_dt1e-3,462,3,-2.4330203253846303,0.19025723976725073,1,0.2020312866828744,0.3065025514358557,0.0,-2.365058398433692,0.0,517,5.2735593669694936e-14
driven_dt1e-3,462,4,-2.6464198717560925,3.045678744368468,1,0.26785738759453653,0.033799784217753544,0.2974103799305417,-2.412451751596976,2.9152697767390174,517,5.2735593669694936e-14
driven_dt1e-3,462,5,-2.9498543094339507,5.367773635409873,1,0.5321164407232298,-0.15614191502610703,0.07996651687536185,-3.481054509457782,5.336560593542729,517,5.2735593669694936e-14
driven_dt1e-3,462,6,-2.9778280760975364,0.0,1,0.20221485841494893,0.20696867786366055,0.011422303969147195,-3.1473344751384125,0.11026526945495185,517,5.2735593669694936e-14
driven_dt1e-3,463,0,-0.9003294425796398,0.0,1,0.005664159995764639,0.6357201671090785,0.0,-0.9059936025754044,0.0,517,2.049471703458039e-13
driven_dt1e-3,463,1,-1.7219560332019352,0.0,1,0.024235502256039876,0.4176565780607002,0.0,-1.7461915354579751,0.0,517,2.049471703458039e-13
driven_dt1e-3,463,2,-1.9826109179025015,0.0,1,0.09301656117633539,0.35422827128029793,0.0,-2.075627479078837,0.0,517,2.049471703458039e-13
driven_dt1e-3,463,3,-2.4330203253846303,0.19025723976725073,1,0.20411993925642652,0.28550943813406426,0.0,-2.506960384339125,0.0,517,2.049471703458039e-13
driven_dt1e-3,463,4,-2.6464198717560925,3.045678744368468,1,0.8631323089729885,0.07067301850645455,0.18547749828445456,-3.2340763214078843,2.4134942143650093,517,2.049471703458039e-13
driven_dt1e-3,463,5,-2.9498543094339507,5.367773635409873,1,0.3467659377232289,-0.17373813987162262,0.12273618982248867,-3.095572199344261,5.053110462914017,517,2.049471703458039e-13
driven_dt1e-3,463,6,-2.9778280760975364,0.0,1,0.11958237595208265,0.23951892413560402,0.0,-2.8582457001454538,0.0,517,2.049471703458039e-13
driven_dt1e-3,464,0,-0.9003294425796398,0.0,1,0.0002821372949939338,0.6376130702095263,0.0,-0.9000473052846458,0.0,517,5.3179682879545e-14
driven_dt1e-3,464,1,-1.7219560332019352,0.0,1,0.1174045589420889,0.3986464695559329,0.0,-1.8393605921440241,0.0,517,5.3179682879545e-14
driven_dt1e-3,464,2,-1.9826109179025015,0.0,1,0.1432503257584774,0.3986464695559329,0.0,-1.8393605921440241,0.0,517,5.3179682879545e-14
driven_dt1e-3,464,3,-2.4330203253846303,0.19025723976725073,1,0.2694448855943377,0.33759179859012023,0.026442899217020057,-2.1657190841869447,0.15633685021874413,517,5.3179682879545e-14
driven_dt1e-3,464,4,-2.6464198717560925,3.045678744368468,1,0.36263233035483766,0.032018210436726924,0.22563764708720177,-2.957713944847965,2.8596728114618744,517,5.3179682879545e-14
driven_dt1e-3,464,5,-2.9498543094339507,5.367773635409873,1,0.21853230992541275,-0.1819502075795628,0.09657422093995503,-3.1598416862962977,5.307261884156027,517,5.3179682879545e-14
driven_dt1e-3,464,6,-2.9778280760975364,0.0,1,0.1849372835713217,0.21823559626137745,0.019180586970954486,-3.0366653077366443,0.17532820374310976,517,5.3179682879545e-14
driven_dt1e-3,465,0,-0.9003294425796398,0.0,1,0.0017181624328701517,0.6369756803799224,0.0,-0.9020476050125099,0.0,518,5.5844218138645374e-14
driven_dt1e-3,465,1,-1.7219560332019352,0.0,1,0.025807038506696856,0.42823871337600444,0.0,-1.6961489946952384,0.0,518,5.5844218138645374e-14
driven_dt1e-3,465,2,-1.9826109179025015,0.0,1,0.012655612616697676,0.36875114536454107,0.0,-1.9952665305191992,0.0,518,5.5844218138645374e-14
driven_dt1e-3,465,3,-2.4330203253846303,0.19025723976725073,1,0.2262756365931196,0.31497339339272334,0.0,-2.3105342182876685,0.0,518,5.5844218138645374e-14
driven_dt1e-3,465,4,-2.6464198717560925,3.045678744368468,1,0.49275856521371003,0.07609473775011694,0.2513698067370576,-2.673979425387595,2.5536914736031497,518,5.5844218138645374e-14
driven_dt1e-3,465,5,-2.9498543094339507,5.367773635409873,1,0.20285882088430807,-0.1940313701061357,0.08186477825104065,-3.1156422432061674,5.484675569637288,518,5.5844218138645374e-14
driven_dt1e-3,465,6,-2.9778280760975364,0.0,1,0.19332363239625153,0.23773875753323048,0.018859589981009083,-2.866892351754407,0.15832653570184055,518,5.5844218138645374e-14
driven_dt1e-3,466,0,-0.9003294425796398,0.0,1,0.01568915960581796,0.6325415928519926,0.0,-0.9160186021854577,0.0,517,4.440892098500626e-14
driven_dt1e-3,466,1,-1.7219560332019352,0.0,1,0.18119266318981286,0.46283637688782187,0.0,-1.5407633700121224,0.0,517,4.440892098500626e-14
driven_dt1e-3,466,2,-1.9826109179025015,0.0,1,0.030871292688229746,0.36540786705273043,0.0,-2.0134822105907313,0.0,517,4.440892098500626e-14
driven_dt1e-3,466,3,-2.4330203253846303,0.19025723976725073,1,0.29378615681321024,0.2648903646121115,0.0,-2.656878514091729,0.0,517,4.440892098500626e-14
driven_dt1e-3,466,4,-2.6464198717560925,3.045678744368468,1,0.320342562644854,0.0073263369806368765,0.31186196880092215,-2.32983746028397,3.094616809188891,517,4.440892098500626e-14
driven_dt1e-3,466,5,-2.9498543094339507,5.367773635409873,1,0.14035641889414313,-0.22128626819226666,0.0972218739561186,-2.8401020271225814,5.455262839613784,517,4.440892098500626e-14
driven_dt1e-3,466,6,-2.9778280760975364,0.0,1,0.3209495620058074,0.2648903646121115,0.0,-2.656878514091729,0.0,517,4.440892098500626e-14
driven_dt1e-3,467,0,-0.9003294425796398,0.0,1,0.005270614507359772,0.6392054143626525,0.0,-0.89505882807228,0.0,516,1.0236256287043943e-13
driven_dt1e-3,467,1,-1.7219560332019352,0.0,1,0.08000070039389429,0.4061720800055892,0.0,-1.8019567335958295,0.0,516,1.0236256287043943e-13
driven_dt1e-3,467,2,-1.9826109179025015,0.0,1,0.12519777951845268,0.34857413385863084,0.0,-2.1078086974209542,0.0,516,1.0236256287043943e-13
driven_dt1e-3,467,3,-2.4330203253846303,0.19025723976725073,1,0.25795178146163855,0.2715513725172422,0.0,-2.607207880265511,0.0,516,1.0236256287043943e-13
driven_dt1e-3,467,4,-2.6464198717560925,3.045678744368468,1,0.45166859884833843,-0.000641328241324318,0.3318882444834525,-2.205910225452304,3.1454573728363546,516,1.0236256287043943e-13
driven_dt1e-3,467,5,-2.9498543094339507,5.367773635409873,1,0.1481814677475893,-0.20487103420999841,0.08442688912124388,-3.0138954241216087,5.501401787434033,516,1.0236256287043943e-13
driven_dt1e-3,467,6,-2.9778280760975364,0.0,1,0.22163296171704205,0.2520576224256575,0.0,-2.7561951143804944,0.0,516,1.0236256287043943e-13
driven_dt1e-3,468,0,-0.9003294425796398,0.0,1,0.002974657481889076,0.6365756276647732,0.0,-0.9033041000615288,0.0,517,1.0025313912365164e-13
driven_dt1e-3,468,1,-1.7219560332019352,0.0,1,0.10908595195889359,0.44644679735660237,0.0,-1.6128700812430417,0.0,517,1.0025313912365164e-13
driven_dt1e-3,468,2,-1.9826109179025015,0.0,1,0.07654400563577579,0.38556963909465797,0.0,-1.9060669122667258,0.0,517,1.0025313912365164e-13
driven_dt1e-3,468,3,-2.4330203253846303,0.19025723976725073,1,0.1916884002354604,0.29281912703221963,0.0,-2.4564003489298907,0.0,517,1.0025313912365164e-13
driven_dt1e-3,468,4,-2.6464198717560925,3.045678744368468,1,0.45443855381618997,0.0207396281739005,0.21230358578605968,-3.089978236121384,2.9468335290258048,517,1.0025313912365164e-13
driven_dt1e-3,468,5,-2.9498543094339507,5.367773635409873,1,0.40647942302925616,-0.2528689229485499,0.0851388411142253,-2.6423844559346517,5.633645428827897,517,1.0025313912365164e-13
driven_dt1e-3,468,6,-2.9778280760975364,0.0,1,0.207999362493974,0.2503452392405589,0.0,-2.7698287136035624,0.0,517,1.0025313912365164e-13
driven_dt1e-3,469,0,-0.9003294425796398,0.0,1,0.010204138176995503,0.6407841282384517,0.0,-0.8901253044026443,0.0,517,2.013944566670034e-13
driven_dt1e-3,469,1,-1.7219560332019352,0.0,1,0.08694929509968308,0.4047633659859193,0.0,-1.8089053283016183,0.0,517,2.013944566670034e-13
driven_dt1e-3,469,2,-1.9826109179025015,0.0,1,0.15012036558321173,0.3442574013273678,0.0,-2.1327312834857133,0.0,517,2.013944566670034e-13
driven_dt1e-3,469,3,-2.4330203253846303,0.19025723976725073,1,0.3514693014871547,0.2555669612524569,0.0,-2.728541648818347,0.0,517,2.013944566670034e-13
driven_dt1e-3,469,4,-2.6464198717560925,3.045678744368468,1,0.52928573488906,0.0347615727018936,0.20724602228772568,-3.1199521658508163,2.809224614342282,517,2.013944566670034e-13
driven_dt1e-3,469,5,-2.9498543094339507,5.367773635409873,1,0.05539690826272424,-0.2011442206803702,0.09637668638697595,-3.00079580779226,5.389540150750622,517,2.013944566670034e-13
driven_dt1e-3,469,6,-2.9778280760975364,0.0,1,0.018786622886798998,0.22350816134903,0.0,-2.9966146989843354,0.0,517,2.013944566670034e-13
driven_dt1e-3,470,0,-0.9003294425796398,0.0,1,0.02367173220441876,0.6451135990166937,0.0,-0.876657710375221,0.0,516,3.008704396734174e-13
driven_dt1e-3,470,1,-1.7219560332019352,0.0,1,0.06767250293608584,0.43729740044741316,0.0,-1.6542835302658494,0.0,516,3.008704396734174e-13
driven_dt1e-3,470,2,-1.9826109179025015,0.0,1,0.020423332605952416,0.36732174513507,0.0,-2.003034250508454,0.0,516,3.008704396734174e-13
driven_dt1e-3,470,3,-2.4330203253846303,0.19025723976725073,1,0.2057976644045036,0.28486593154329404,0.0,-2.5114732500623984,0.0,516,3.008704396734174e-13
driven_dt1e-3,470,4,-2.6464198717560925,3.045678744368468,1,0.4413483695576007,0.05516418502329717,0.23035861685647746,-2.880473671924914,2.6715033818207905,516,3.008704396734174e-13
driven_dt1e-3,470,5,-2.9498543094339507,5.367773635409873,1,0.26003634435785017,-0.22368154158684814,0.07714176481328776,-2.882684271828198,5.618984874081705,516,3.008704396734174e-13
driven_dt1e-3,470,6,-2.9778280760975364,0.0,1,0.1692038232929683,0.222695408031302,0.018765565074512512,-2.9968250465971455,0.16813402073582556,516,3.008704396734174e-13
driven_dt1e-3,471,0,-0.9003294425796398,0.0,1,0.004690738501158642,0.6390201112857413,0.0,-0.8956387040784811,0.0,517,2.688960165642129e-13
driven_dt1e-3,471,1,-1.7219560332019352,0.0,1,0.08791920940823417,0.40456712068492323,0.0,-1.8098752426101694,0.0,517,2.688960165642129e-13
driven_dt1e-3,471,2,-1.9826109179025015,0.0,1,0.17273567529233214,0.40456712068492323,0.0,-1.8098752426101694,0.0,517,2.688960165642129e-13
driven_dt1e-3,471,3,-2.4330203253846303,0.19025723976725073,1,0.328787469266803,0.33876923295452993,0.0,-2.1648722643008034,0.0,517,2.688960165642129e-13
driven_dt1e-3,471,4,-2.6464198717560925,3.045678744368468,1,0.556706710470376,0.017202054134538992,0.20135350334546437,-3.1981142463377754,2.9711423201339184,517,2.688960165642129e-13
driven_dt1e-3,471,5,-2.9498543094339507,5.367773635409873,1,0.08722785102977945,-0.21241198500130726,0.10834313533198375,-2.867214416672298,5.3398568641134645,517,2.688960165642129e-13
driven_dt1e-3,471,6,-2.9778280760975364,0.0,1,0.15139960425233534,0.20916877015542043,0.0,-3.1292276803498718,0.0,517,2.688960165642129e-13
driven_dt1e-3,472,0,-0.9003294425796398,0.0,1,0.007594291428050459,0.6399484993859108,0.0,-0.8927351511515893,0.0,516,1.7341683644644945e-13
driven_dt1e-3,472,1,-1.7219560332019352,0.0,1,0.010779281726734924,0.42047609193475566,0.0,-1.7327353149286702,0.0,516,1.7341683644644945e-13
driven_dt1e-3,472,2,-1.9826109179025015,0.0,1,0.09099149890869707,0.35458712007557874,0.0,-2.0736024168111986,0.0,516,1.7341683644644945e-13
driven_dt1e-3,472,3,-2.4330203253846303,0.19025723976725073,1,0.204865348162824,0.2852192827394455,0.0,-2.508993962878316,0.0,516,1.7341683644644945e-13
driven_dt1e-3,472,4,-2.6464198717560925,3.045678744368468,1,0.6999911576707206,0.05164355396240673,0.19471558301917302,-3.2044500057432246,2.6230796549474196,516,1.7341683644644945e-13
driven_dt1e-3,472,5,-2.9498543094339507,5.367773635409873,1,0.4940652242426867,-0.18145979265619272,0.05543602370097796,-3.324213866484019,5.69019473870687,516,1.7341683644644945e-13
driven_dt1e-3,472,6,-2.9778280760975364,0.0,1,0.025889372722498916,0.2285570674505006,0.0,-2.9519387033750375,0.0,516,1.7341683644644945e-13
driven_dt1e-3,473,0,-0.9003294425796398,0.0,1,0.004425272186679763,0.6361140820831079,0.0,-0.9047547147663195,0.0,517,4.671818487622659e-13
driven_dt1e-3,473,1,-1.7219560332019352,0.0,1,0.06481322542965562,0.4092681847791315,0.0,-1.7867692586315909,0.0,517,4.671818487622659e-13
driven_dt1e-3,473,2,-1.9826109179025015,0.0,1,0.1871326354140781,0.33794511556874873,0.0,-2.1697435533165796,0.0,517,4.671818487622659e-13
driven_dt1e-3,473,3,-2.4330203253846303,0.19025723976725073,1,0.051782260970124734,0.2892125930437115,0.033161228669708206,-2.4681251572689216,0.22832367287509198,517,4.671818487622659e-13
driven_dt1e-3,473,4,-2.6464198717560925,3.045678744368468,1,0.09747198312167779,0.011066068353253921,0.25342007944411565,-2.743508566037607,3.054314306676927,517,4.671818487622659e-13
driven_dt1e-3,473,5,-2.9498543094339507,5.367773635409873,1,0.40542592099518726,-0.17583027765478637,0.07075256357012857,-3.326399461945381,5.518053126808199,517,4.671818487622659e-13
driven_dt1e-3,473,6,-2.9778280760975364,0.0,1,0.02344865452828726,0.22827831587713357,0.0,-2.954379421569249,0.0,517,4.671818487622659e-13
driven_dt1e-3,474,0,-0.9003294425796398,0.0,1,0.008402881419982466,0.6402072796701506,0.0,-0.8919265611596573,0.0,516,1.596500709410975e-13
driven_dt1e-3,474,1,-1.7219560332019352,0.0,1,0.10267109057259516,0.40159403576917707,0.0,-1.8246271237745304,0.0,516,1.596500709410975e-13
driven_dt1e-3,474,2,-1.9826109179025015,0.0,1,0.15798379412797114,0.40159403576917707,0.0,-1.8246271237745304,0.0,516,1.596500709410975e-13
driven_dt1e-3,474,3,-2.4330203253846303,0.19025723976725073,1,0.34320851300073857,0.341746306048662,0.0,-2.147373224730125,0.0,516,1.596500709410975e-13
driven_dt1e-3,474,4,-2.6464198717560925,3.045678744368468,1,0.7574907382387244,0.05690947774790226,0.1906806102276239,-3.2289821275828174,2.5615161305665293,516,1.596500709410975e-13
driven_dt1e-3,474,5,-2.9498543094339507,5.367773635409873,1,0.46190342463304285,-0.16278552183438913,0.12786719729194784,-3.1500695580063227,4.951518151449798,516,1.596500709410975e-13
driven_dt1e-3,474,6,-2.9778280760975364,0.0,1,0.20829895775475205,0.2503827431731063,0.0,-2.7695291183427844,0.0,516,1.596500709410975e-13
driven_dt1e-3,475,0,-0.9003294425796398,0.0,1,0.008405792197545336,0.6348493086980822,0.0,-0.9087352347771851,0.0,516,5.551115123125783e-13
driven_dt1e-3,475,1,-1.7219560332019352,0.0,1,0.06207504425176724,0.4098288937423661,0.0,-1.7840310774537025,0.0,516,5.551115123125783e-13
driven_dt1e-3,475,2,-1.9826109179025015,0.0,1,0.07705136066337759,0.357067250110629,0.0,-2.059662278565879,0.0,516,5.551115123125783e-13
driven_dt1e-3,475,3,-2.4330203253846303,0.19025723976725073,1,0.23524510723414502,0.2764602383115534,0.0,-2.57137654387065,0.0,516,5.551115123125783e-13
driven_dt1e-3,475,4,-2.6464198717560925,3.045678744368468,1,0.8372726249421916,-0.034461688916765335,0.1847865840376077,-3.342918389345145,3.5103455749835226,516,5.551115123125783e-13
driven_dt1e-3,475,5,-2.9498543094339507,5.367773635409873,1,0.4534234037294868,-0.19156496920846958,0.05470131514481565,-3.226671852413039,5.726890372625856,516,5.551115123125783e-13
driven_dt1e-3,475,6,-2.9778280760975364,0.0,1,0.13700836901810387,0.210679296711121,0.0,-3.1148364451156403,0.0,516,5.551115123125783e-13
driven_dt1e-3,476,0,-0.9003294425796398,0.0,1,0.0019480152452574506,0.6381443842321177,0.0,-0.8983814273343823,0.0,517,3.423594741036595e-11
driven_dt1e-3,476,1,-1.7219560332019352,0.0,1,0.002239625238431575,0.42322208927036803,0.0,-1.7197164079635037,0.0,517,3.423594741036595e-11
driven_dt1e-3,476,2,-1.9826109179025015,0.0,1,0.041461773256454615,0.36347805850421255,0.0,-2.024072691158956,0.0,517,3.423594741036595e-11
driven_dt1e-3,476,3,-2.4330203253846303,0.19025723976725073,1,0.2199824333697382,0.2803477694054132,0.0,-2.5434488258155343,0.0,517,3.423594741036595e-11
driven_dt1e-3,476,4,-2.6464198717560925,3.045678744368468,1,0.38886323828900543,-0.01651049849149544,0.22795550812380108,-2.951977427358016,3.2861973471982475,517,3.423594741036595e-11
driven_dt1e-3,476,5,-2.9498543094339507,5.367773635409873,1,0.05575754226574514,-0.19986669981710167,0.10444523054233354,-2.9787669248065654,5.320098021183818,517,3.423594741036595e-11
driven_dt1e-3,476,6,-2.9778280760975364,0.0,1,0.1664517816098381,0.20760045647900416,0.0,-3.1442798577073745,0.0,517,3.423594741036595e-11
driven_dt1e-3,477,0,-0.9003294425796398,0.0,1,0.0021474117708917273,0.6382080092902533,0.0,-0.898182030808748,0.0,517,1.5720758028692217e-13
driven_dt1e-3,477,1,-1.7219560332019352,0.0,1,0.05077220983584163,0.41215156481452914,0.0,-1.7727282430377769,0.0,517,1.5720758028692217e-13
driven_dt1e-3,477,2,-1.9826109179025015,0.0,1,0.14922739365799953,0.34441114174349857,0.0,-2.131838311560501,0.0,517,1.5720758028692217e-13
driven_dt1e-3,477,3,-2.4330203253846303,0.19025723976725073,1,0.338978409569806,0.2574871717231392,0.0,-2.7135707573404946,0.0,517,1.5720758028692217e-13
driven_dt1e-3,477,4,-2.6464198717560925,3.045678744368468,1,0.858588408647395,-0.1067453949449065,0.301425680770368,-2.280314725136353,3.822300323441703,517,1.5720758028692217e-13
driven_dt1e-3,477,5,-2.9498543094339507,5.367773635409873,1,0.5687685160185706,-0.20786599378775866,0.0387846515633456,-3.107501714340911,5.914257780230258,517,1.5720758028692217e-13
driven_dt1e-3,477,6,-2.9778280760975364,0.0,1,0.2236522446241982,0.20174713748462444,0.0,-3.2014803207217346,0.0,517,1.5720758028692217e-13
driven_dt1e-3,478,0,-0.9003294425796398,0.0,1,0.0017221000805488496,0.6369744262882523,0.0,-0.9020515426601886,0.0,517,6.263878304935133e-13
driven_dt1e-3,478,1,-1.7219560332019352,0.0,1,0.006686531680799357,0.42416415071469965,0.0,-1.7152695015211359,0.0,517,6.263878304935133e-13
driven_dt1e-3,478,2,-1.9826109179025015,0.0,1,0.05128643594870064,0.3616969122159016,0.0,-2.033897353851202,0.0,517,6.263878304935133e-13
driven_dt1e-3,478,3,-2.4330203253846303,0.19025723976725073,1,0.19363792839853547,0.29097356241215555,0.0,-2.4690457335103297,0.0,517,6.263878304935133e-13
driven_dt1e-3,478,4,-2.6464198717560925,3.045678744368468,1,0.16973304403822337,0.00010094700880415323,0.24820397149273354,-2.787008644907526,3.140779233863823,517,6.263878304935133e-13
driven_dt1e-3,478,5,-2.9498543094339507,5.367773635409873,1,0.3220478379067078,-0.20400702641332624,0.13934341784890386,-2.7963003553971735,5.08469062090696,517,6.263878304935133e-13
driven_dt1e-3,478,6,-2.9778280760975364,0.0,1,0.05589387587640937,0.21939950748134793,0.0,-3.033721951973946,0.0,517,6.263878304935133e-13
driven_dt1e-3,479,0,-0.9003294425796398,0.0,1,0.010070756273258152,0.6343210279744615,0.0,-0.9104001988528979,0.0,517,6.511458039426543e-13
driven_dt1e-3,479,1,-1.7219560332019352,0.0,1,0.01565893743555602,0.4260713119054989,0.0,-1.7062970957663792,0.0,517,6.511458039426543e-13
driven_dt1e-3,479,2,-1.9826109179025015,0.0,1,0.12134158758423474,0.3943033803245038,0.0,-1.8612693303182668,0.0,517,6.511458039426543e-13
driven_dt1e-3,479,3,-2.4330203253846303,0.19025723976725073,1,0.21220110166735343,0.3105152830027313,0.0,-2.339044316398372,0.0,517,6.511458039426543e-13
driven_dt1e-3,479,4,-2.6464198717560925,3.045678744368468,1,0.3577019471030807,-0.002593623734717808,0.3155481137223583,-2.3068206607821597,3.158031131380126,517,6.511458039426543e-13
driven_dt1e-3,479,5,-2.9498543094339507,5.367773635409873,1,0.3287676203599824,-0.21148742337166776,0.06469452846469972,-3.0177261297835245,5.689459140522554,517,6.511458039426543e-13
driven_dt1e-3,479,6,-2.9778280760975364,0.0,1,0.21699476670286005,0.2147104320459557,0.021300511486055003,-3.0671363048605724,0.19776442817564002,517,6.511458039426543e-13
driven_dt1e-3,480,0,-0.9003294425796398,0.0,1,0.013178839411596921,0.641737908033797,0.0,-0.8871506031680428,0.0,517,4.596323321948148e-14
driven_dt1e-3,480,1,-1.7219560332019352,0.0,1,0.0016761843527670628,0.4231028757491938,0.0,-1.7202798488491682,0.0,517,4.596323321948148e-14
driven_dt1e-3,480,2,-1.9826109179025015,0.0,1,0.14045436900275887,0.3459252238045737,0.0,-2.1230652869052604,0.0,517,4.596323321948148e-14
driven_dt1e-3,480,3,-2.4330203253846303,0.19025723976725073,1,0.1905772069375709,0.2946315903299863,0.0,-2.4440590988795705,0.0,517,4.596323321948148e-14
driven_dt1e-3,480,4,-2.6464198717560925,3.045678744368468,1,0.4837430115691727,0.06310158789617275,0.23144933787382704,-2.8550906069931052,2.6092571299889125,517,4.596323321948148e-14
driven_dt1e-3,480,5,-2.9498543094339507,5.367773635409873,1,0.6218861966967465,-0.22065658790460557,0.17884624852281136,-2.517322693559897,4.920941627926831,517,4.596323321948148e-14
driven_dt1e-3,480,6,-2.9778280760975364,0.0,1,0.07081810455427506,0.23374956172891057,0.0,-2.9070099715432614,0.0,517,4.596323321948148e-14
driven_dt1e-3,481,0,-0.9003294425796398,0.0,1,0.011043510278615165,0.6410531128392479,0.0,-0.8892859323010246,0.0,517,3.375077994860476e-14
driven_dt1e-3,481,1,-1.7219560332019352,0.0,1,0.09507953597513774,0.4031212940258464,0.0,-1.817035569177073,0.0,517,3.375077994860476e-14
driven_dt1e-3,481,2,-1.9826109179025015,0.0,1,0.16557534872542856,0.4031212940258464,0.0,-1.817035569177073,0.0,517,3.375077994860476e-14
driven_dt1e-3,481,3,-2.4330203253846303,0.19025723976725073,1,0.2471802030484595,0.2708146450272772,0.05398343866806034,-2.573675129571566,0.3935163818450732,517,3.375077994860476e-14
driven_dt1e-3,481,4,-2.6464198717560925,3.045678744368468,1,0.15891118694393944,0.010098179600653397,0.28781960541725116,-2.489612523136143,3.071451224938124,517,3.375077994860476e-14
driven_dt1e-3,481,5,-2.9498543094339507,5.367773635409873,1,0.49432015725825584,-0.238608602282729,0.15469859662888955,-2.5149652668113442,5.132775893976855,517,3.375077994860476e-14
driven_dt1e-3,481,6,-2.9778280760975364,0.0,1,0.18581651419813938,0.212875481008055,0.015915059987097534,-3.088521922493092,0.14924694073549524,517,3.375077994860476e-14
driven_dt1e-3,482,0,-0.9003294425796398,0.0,1,0.009852356373312499,0.6343902995811422,0.0,-0.9101817989529523,0.0,517,2.2093438190040615e-13
driven_dt1e-3,482,1,-1.7219560332019352,0.0,1,0.052553869973181566,0.4117845712964433,0.0,-1.7745099031751168,0.0,517,2.2093438190040615e-13
driven_dt1e-3,482,2,-1.9826109179025015,0.0,1,0.15317457784045652,0.34373208494899643,0.0,-2.135785495742958,0.0,517,2.2093438190040615e-13
driven_dt1e-3,482,3,-2.4330203253846303,0.19025723976725073,1,0.35291126538546064,0.34373208494899643,0.0,-2.135785495742958,0.0,517,2.2093438190040615e-13
driven_dt1e-3,482,4,-2.6464198717560925,3.045678744368468,1,0.4211441562954807,-0.008107112931847252,0.21945721049623307,-3.0318322568613976,3.2154423853204466,517,2.2093438190040615e-13
driven_dt1e-3,482,5,-2.9498543094339507,5.367773635409873,1,0.14829096179115808,-0.22182235924640345,0.10702946965022775,-2.802463087413159,5.384084276726644,517,2.2093438190040615e-13
driven_dt1e-3,482,6,-2.9778280760975364,0.0,1,0.01816137620998015,0.22357804613983182,0.0,-2.9959894523075166,0.0,517,2.2093438190040615e-13
driven_dt1e-3,483,0,-0.9003294425796398,0.0,1,0.005687934003527184,0.6357126103458984,0.0,-0.906017376583167,0.0,516,1.199040866595169e-13
driven_dt1e-3,483,1,-1.7219560332019352,0.0,1,0.055703005269155614,0.41113669882590964,0.0,-1.7776590384710909,0.0,516,1.199040866595169e-13
driven_dt1e-3,483,2,-1.9826109179025015,0.0,1,0.1167578316387321,0.3500482157255966,0.0,-2.0993687495412336,0.0,516,1.199040866595169e-13
driven_dt1e-3,483,3,-2.4330203253846303,0.19025723976725073,1,0.2665913489234843,0.2698519223079327,0.0,-2.6197638126525664,0.0,516,1.199040866595169e-13
driven_dt1e-3,483,4,-2.6464198717560925,3.045678744368468,1,0.37931472920764325,0.047711111765550054,0.23343521744762694,-2.8687763104735566,2.7383722557374037,516,1.199040866595169e-13
driven_dt1e-3,483,5,-2.9498543094339507,5.367773635409873,1,0.28739962651065926,-0.19979571461056542,0.1343651123999562,-2.8477897788567197,5.09910771476396,516,1.199040866595169e-13
driven_dt1e-3,483,6,-2.9778280760975364,0.0,1,0.35287033267872703,0.18912460330798345,0.0,-3.3306984087762634,0.0,516,1.199040866595169e-13
driven_dt1e-3,484,0,-0.9003294425796398,0.0,1,0.010662385894062876,0.6409309639915456,0.0,-0.8896670566855769,0.0,517,1.865174681370263e-13
driven_dt1e-3,484,1,-1.7219560332019352,0.0,1,0.04546593768068452,0.4324688199714203,0.0,-1.6764900955212507,0.0,517,1.865174681370263e-13
driven_dt1e-3,484,2,-1.9826109179025015,0.0,1,0.06127335047818794,0.3826368990589525,0.0,-1.9213375674243136,0.0,517,1.865174681370263e-13
driven_dt1e-3,484,3,-2.4330203253846303,0.19025723976725073,1,0.2533026156203791,0.27249828527669423,0.0,-2.600245914922453,0.0,517,1.865174681370263e-13
driven_dt1e-3,484,4,-2.6464198717560925,3.045678744368468,1,0.3526071125274242,0.03146257913988204,0.31355717533228994,-2.3095291866160625,2.941580511574588,517,1.865174681370263e-13
driven_dt1e-3,484,5,-2.9498543094339507,5.367773635409873,1,0.29301224675289084,-0.2016693143052347,0.06896395113471954,-3.0916587877072943,5.624186713642637,517,1.865174681370263e-13
driven_dt1e-3,484,6,-2.9778280760975364,0.0,1,0.19935041156156783,0.21920568457774073,0.021264834209027347,-3.02612291998425,0.1934119816446862,517,1.865174681370263e-13
driven_dt1e-3,485,0,-0.9003294425796398,0.0,1,0.0048165936155823985,0.639060324525601,0.0,-0.8955128489640574,0.0,517,5.624389842751043e-13
driven_dt1e-3,485,1,-1.7219560332019352,0.0,1,0.05113945997628577,0.4120758904025702,0.0,-1.773095493178221,0.0,517,5.624389842751043e-13
driven_dt1e-3,485,2,-1.9826109179025015,0.0,1,0.16186955572205552,0.3422409571904101,0.0,-2.144480473624557,0.0,517,5.624389842751043e-13
driven_dt1e-3,485,3,-2.4330203253846303,0.19025723976725073,1,0.23860548984829652,0.2756817897138832,0.0,-2.5770160284520913,0.0,517,5.624389842751043e-13
driven_dt1e-3,485,4,-2.6464198717560925,3.045678744368468,1,0.44163524469042786,-0.0010100391757553475,0.21488157093140725,-3.07531437704506,3.1509934759386797,517,5.624389842751043e-13
driven_dt1e-3,485,5,-2.9498543094339507,5.367773635409873,1,0.5995826677185533,-0.15589290817565765,0.1448158327588226,-3.095017409824497,4.786028803276831,517,5.624389842751043e-13
driven_dt1e-3,485,6,-2.9778280760975364,0.0,1,0.1554496970924517,0.2087456222778807,0.0,-3.133277773189988,0.0,517,5.624389842751043e-13
driven_dt1e-3,486,0,-0.9003294425796398,0.0,1,0.0009872612337166187,0.6372085060647849,0.0,-0.9013167038133564,0.0,517,2.220446049250313e-16
driven_dt1e-3,486,1,-1.7219560332019352,0.0,1,0.10107367144382384,0.44466184663757713,0.0,-1.6208823617581114,0.0,517,2.220446049250313e-16
driven_dt1e-3,486,2,-1.9826109179025015,0.0,1,0.04694152784314798,0.3624835362816652,0.0,-2.0295524457456495,0.0,517,2.220446049250313e-16
driven_dt1e-3,486,3,-2.4330203253846303,0.19025723976725073,1,0.21363612732702256,0.28221202584126387,0.0,-2.530193251734693,0.0,517,2.220446049250313e-16
driven_dt1e-3,486,4,-2.6464198717560925,3.045678744368468,1,0.6570668290623777,-0.0423134775625706,0.2101200424062625,-3.080400305139788,3.5390323713888714,517,2.220446049250313e-16
driven_dt1e-3,486,5,-2.9498543094339507,5.367773635409873,1,0.30531682886233685,-0.17896010681798535,0.12264778908138389,-3.0561364197012746,5.081552603646521,517,2.220446049250313e-16
driven_dt1e-3,486,6,-2.9778280760975364,0.0,1,0.33134401703598254,0.1951312233767148,0.016873938759102078,-3.2607159378666,0.1725204778838401,517,2.220446049250313e-16
driven_dt1e-3,487,0,-0.9003294425796398,0.0,1,0.011143282326034898,0.6410850932277149,0.0,-0.8891861602536049,0.0,517,3.7125857943465235e-13
driven_dt1e-3,487,1,-1.7219560332019352,0.0,1,0.05514104708756795,0.43456598001899216,0.0,-1.6668149861143673,0.0,517,3.7125857943465235e-13
driven_dt1e-3,487,2,-1.9826109179025015,0.0,1,0.07180308026352544,0.35800547511430225,0.0,-2.054413998166027,0.0,517,3.7125857943465235e-13
driven_dt1e-3,487,3,-2.4330203253846303,0.19025723976725073,1,0.19175726277562644,0.292737437085114,0.0,-2.4569583817666243,0.0,517,3.7125857943465235e-13
driven_dt1e-3,487,4,-2.6464198717560925,3.045678744368468,1,0.5424004160077446,-0.0007512384140588595,0.3476068301729255,-2.1133618018723923,3.1459149923890246,517,3.7125857943465235e-13
driven_dt1e-3,487,5,-2.9498543094339507,5.367773635409873,1,0.43800281077678466,-0.2607557005790384,0.10395592196632751,-2.54083759816564,5.524463750451056,517,3.7125857943465235e-13
driven_dt1e-3,487,6,-2.9778280760975364,0.0,1,0.10705531046210304,0.23802337810142998,0.0,-2.8707727656354334,0.0,517,3.7125857943465235e-13
driven_dt1e-3,488,0,-0.9003294425796398,0.0,1,0.01189750122136446,0.6413268980637066,0.0,-0.8884319413582753,0.0,517,4.618527782440651e-14
driven_dt1e-3,488,1,-1.7219560332019352,0.0,1,0.03326377939465863,0.4157754673844308,0.0,-1.7552198125965939,0.0,517,4.618527782440651e-14
driven_dt1e-3,488,2,-1.9826109179025015,0.0,1,0.05322427556808429,0.3613466266392726,0.0,-2.035835193470586,0.0,517,4.618527782440651e-14
driven_dt1e-3,488,3,-2.4330203253846303,0.19025723976725073,1,0.2197650947025725,0.2804085544698704,0.0,-2.543015232383898,0.0,517,4.618527782440651e-14
driven_dt1e-3,488,4,-2.6464198717560925,3.045678744368468,1,0.43985439117826175,0.0629571156238478,0.24013163636744544,-2.7866584187757253,2.6287794335407555,517,4.618527782440651e-14
driven_dt1e-3,488,5,-2.9498543094339507,5.367773635409873,1,0.4933804955624682,-0.1594992901215415,0.1284987518984479,-3.1712302967653603,4.926846220028939,517,4.618527782440651e-14
driven_dt1e-3,488,6,-2.9778280760975364,0.0,1,0.04215493810667237,0.22091185413323217,0.0,-3.019983014204209,0.0,517,4.618527782440651e-14
driven_dt1e-3,489,0,-0.9003294425796398,0.0,1,0.006999332400285829,0.6352959107266278,0.0,-0.9073287749799256,0.0,516,4.549693954913892e-13
driven_dt1e-3,489,1,-1.7219560332019352,0.0,1,0.040327930070443774,0.41430950757428237,0.0,-1.762283963272379,0.0,516,4.549693954913892e-13
driven_dt1e-3,489,2,-1.9826109179025015,0.0,1,0.07869023700187561,0.3567747754257256,0.0,-2.061301154904377,0.0,516,4.549693954913892e-13
driven_dt1e-3,489,3,-2.4330203253846303,0.19025723976725073,1,0.28193469075448135,0.26699091962246585,0.0,-2.6410812601296514,0.0,516,4.549693954913892e-13
driven_dt1e-3,489,4,-2.6464198717560925,3.045678744368468,1,0.14329157317082492,0.025483992727312072,0.2523742782751233,-2.7435394055664544,2.940320920291526,516,4.549693954913892e-13
driven_dt1e-3,489,5,-2.9498543094339507,5.367773635409873,1,0.4039541049998835,-0.2211756832122731,0.0578274785008087,-2.9514723532864107,5.771724499848047,516,4.549693954913892e-13
driven_dt1e-3,489,6,-2.9778280760975364,0.0,1,0.336746815967885,0.26699091962246585,0.0,-2.6410812601296514,0.0,516,4.549693954913892e-13
driven_dt1e-3,490,0,-0.9003294425796398,0.0,1,0.005115379931323383,0.6358946263200546,0.0,-0.9054448225109631,0.0,517,1.8107737531636303e-13
driven_dt1e-3,490,1,-1.7219560332019352,0.0,1,0.048005998652016046,0.4127220083494239,0.0,-1.7699620318539513,0.0,517,1.8107737531636303e-13
driven_dt1e-3,490,2,-1.9826109179025015,0.0,1,0.028199748646760225,0.3763613406778893,0.0,-1.9544111692557413,0.0,517,1.8107737531636303e-13
driven_dt1e-3,490,3,-2.4330203253846303,0.19025723976725073,1,0.1969465629097057,0.3038978979118389,0.0,-2.382126992244684,0.0,517,1.8107737531636303e-13
driven_dt1e-3,490,4,-2.6464198717560925,3.045678744368468,1,1.005017239750381,0.15895561592253146,0.30491284069956015,-2.135049577449131,2.1804850814837433,517,1.8107737531636303e-13
driven_dt1e-3,490,5,-2.9498543094339507,5.367773635409873,1,0.43661702110790124,-0.18872630073902694,0.057760749048132616,-3.2453758513657234,5.689179051318511,517,1.8107737531636303e-13
driven_dt1e-3,490,6,-2.9778280760975364,0.0,1,0.11490030914290239,0.21302107114114924,0.0,-3.092728385240439,0.0,517,1.8107737531636303e-13
driven_dt1e-3,491,0,-0.9003294425796398,0.0,1,0.0058530080330087,0.6393915760136144,0.0,-0.8944764345466311,0.0,516,8.177902799388903e-13
driven_dt1e-3,491,1,-1.7219560332019352,0.0,1,0.11792968516445579,0.39854181343864314,0.0,-1.839885718366391,0.0,516,8.177902799388903e-13
driven_dt1e-3,491,2,-1.9826109179025015,0.0,1,0.14272519953611051,0.39854181343864314,0.0,-1.839885718366391,0.0,516,8.177902799388903e-13
driven_dt1e-3,491,3,-2.4330203253846303,0.19025723976725073,1,0.19097307676691674,0.29382527629334537,0.0,-2.4495399732613117,0.0,516,8.177902799388903e-13
driven_dt1e-3,491,4,-2.6464198717560925,3.045678744368468,1,0.31463439896873724,0.054495826362477476,0.26181611638172475,-2.6378134690966673,2.7311620757359734,516,8.177902799388903e-13
driven_dt1e-3,491,5,-2.9498543094339507,5.367773635409873,1,0.37095929070699607,-0.17374992181142576,0.12757687335364495,-3.0690582204640107,5.016488533310488,516,8.177902799388903e-13
driven_dt1e-3,491,6,-2.9778280760975364,0.0,1,0.09372274575781114,0.21528868922831235,0.0,-3.0715508218553476,0.0,516,8.177902799388903e-13
driven_dt1e-3,492,0,-0.9003294425796398,0.0,1,0.004940530720150105,0.635950221587117,0.0,-0.9052699732997899,0.0,517,2.680078381445128e-13
driven_dt1e-3,492,1,-1.7219560332019352,0.0,1,0.04453382275354345,0.4322673116109962,0.0,-1.6774222104483918,0.0,517,2.680078381445128e-13
driven_dt1e-3,492,2,-1.9826109179025015,0.0,1,0.029919679848085634,0.36558177183104307,0.0,-2.012530597750587,0.0,517,2.680078381445128e-13
driven_dt1e-3,492,3,-2.4330203253846303,0.19025723976725073,1,0.21598063331716566,0.2815001397013792,0.0,-2.535244670255267,0.0,517,2.680078381445128e-13
driven_dt1e-3,492,4,-2.6464198717560925,3.045678744368468,1,0.23518423585828233,-0.006118847514331926,0.2427813097866152,-2.830553405329613,3.1919882335001484,517,2.680078381445128e-13
driven_dt1e-3,492,5,-2.9498543094339507,5.367773635409873,1,0.17498938212201476,-0.20166460095510225,0.12107658075910388,-2.894473464042891,5.201778919171024,517,2.680078381445128e-13
driven_dt1e-3,492,6,-2.9778280760975364,0.0,1,0.2686938284871519,0.22057229113707522,0.029656472801310063,-3.0051435813774128,0.26730177073560146,517,2.680078381445128e-13
driven_dt1e-3,493,0,-0.9003294425796398,0.0,1,0.0035595991843782038,0.6386588030818067,0.0,-0.8967698433952616,0.0,517,3.3595348725157237e-13
driven_dt1e-3,493,1,-1.7219560332019352,0.0,1,0.049424701414799266,0.4333256886671546,0.0,-1.672531331787136,0.0,517,3.3595348725157237e-13
driven_dt1e-3,493,2,-1.9826109179025015,0.0,1,0.07478547892316123,0.3852307708387491,0.0,-1.9078254389793403,0.0,517,3.3595348725157237e-13
driven_dt1e-3,493,3,-2.4330203253846303,0.19025723976725073,1,0.2686910722341578,0.3257432818028494,0.0,-2.243291373944719,0.0,517,3.3595348725157237e-13
driven_dt1e-3,493,4,-2.6464198717560925,3.045678744368468,1,0.32938501421476163,0.005488070397508076,0.31301443171988197,-2.322704606000791,3.1065303204058505,517,3.3595348725157237e-13
driven_dt1e-3,493,5,-2.9498543094339507,5.367773635409873,1,0.45178241298277555,-0.1745018499233596,0.06591080060126585,-3.358277865716666,5.560899364803754,517,3.3595348725157237e-13
driven_dt1e-3,493,6,-2.9778280760975364,0.0,1,0.19820434026585065,0.24912216809596302,0.0,-2.7796237358316858,0.0,517,3.3595348725157237e-13
driven_dt1e-3,494,0,-0.9003294425796398,0.0,1,0.0013334508632516506,0.6370982181218702,0.0,-0.9016628934428914,0.0,517,6.612488334667432e-13
driven_dt1e-3,494,1,-1.7219560332019352,0.0,1,0.053510621918695156,0.41158763056119674,0.0,-1.7754666551206304,0.0,517,6.612488334667432e-13
driven_dt1e-3,494,2,-1.9826109179025015,0.0,1,0.16903533540621285,0.3410169396108282,0.0,-2.1516462533087144,0.0,517,6.612488334667432e-13
driven_dt1e-3,494,3,-2.4330203253846303,0.19025723976725073,1,0.33966039763333594,0.3410169396108282,0.0,-2.1516462533087144,0.0,517,6.612488334667432e-13
driven_dt1e-3,494,4,-2.6464198717560925,3.045678744368468,1,0.7032804624457432,0.1003526654116999,0.23841777433882982,-2.7043516605047624,2.3447883701227674,517,6.612488334667432e-13
driven_dt1e-3,494,5,-2.9498543094339507,5.367773635409873,1,0.21320387138738803,-0.18222711959915794,0.0981511593704299,-3.150274321882053,5.295056997802841,517,6.612488334667432e-13
driven_dt1e-3,494,6,-2.9778280760975364,0.0,1,0.05894494498474989,0.21906506112111856,0.0,-3.0367730210822863,0.0,517,6.612488334667432e-13
driven_dt1e-3,495,0,-0.9003294425796398,0.0,1,0.025171385432917304,0.62954973969885,0.0,-0.9255008280125571,0.0,517,3.930189507173054e-14
driven_dt1e-3,495,1,-1.7219560332019352,0.0,1,0.006972155292453319,0.42127725704934926,0.0,-1.7289281884943886,0.0,517,3.930189507173054e-14
driven_dt1e-3,495,2,-1.9826109179025015,0.0,1,0.007155463102235693,0.3724219745494046,0.0,-1.9754554548002659,0.0,517,3.930189507173054e-14
driven_dt1e-3,495,3,-2.4330203253846303,0.19025723976725073,1,0.30032405269822604,0.26376515566590497,0.0,-2.6653922672047083,0.0,517,3.930189507173054e-14
driven_dt1e-3,495,4,-2.6464198717560925,3.045678744368468,1,0.057300926856942984,0.01661787211564448,0.2726713937612963,-2.5952684155491386,3.0198538581814427,517,3.930189507173054e-14
driven_dt1e-3,495,5,-2.9498543094339507,5.367773635409873,1,0.18761767643585192,-0.2211325554436519,0.11696359590804715,-2.771308105063609,5.310139917708061,517,3.930189507173054e-14
driven_dt1e-3,495,6,-2.9778280760975364,0.0,1,0.006456941882204692,0.2263471113380358,0.0,-2.9713711342153317,0.0,517,3.930189507173054e-14
driven_dt1e-3,496,0,-0.9003294425796398,0.0,1,0.008312737422588312,0.6401784248987514,0.0,-0.8920167051570514,0.0,516,1.7541523789077473e-14
driven_dt1e-3,496,1,-1.7219560332019352,0.0,1,0.08597481256918038,0.40496063145452527,0.0,-1.8079308457711156,0.0,516,1.7541523789077473e-14
driven_dt1e-3,496,2,-1.9826109179025015,0.0,1,0.17468007213138592,0.40496063145452527,0.0,-1.8079308457711156,0.0,516,1.7541523789077473e-14
driven_dt1e-3,496,3,-2.4330203253846303,0.19025723976725073,1,0.33159637855599683,0.3393518757841753,0.0,-2.161435456535869,0.0,516,1.7541523789077473e-14
driven_dt1e-3,496,4,-2.6464198717560925,3.045678744368468,1,0.6180567721776636,-0.023113735068404806,0.20325483124745172,-3.173740637370898,3.368055827589481,516,1.7541523789077473e-14
driven_dt1e-3,496,5,-2.9498543094339507,5.367773635409873,1,0.4199240206085758,-0.22482704554491273,0.1494991915275154,-2.6187049304696637,5.109556145886722,516,1.7541523789077473e-14
driven_dt1e-3,496,6,-2.9778280760975364,0.0,1,0.12392810454607739,0.21206168273727388,0.0,-3.101756180643614,0.0,516,1.7541523789077473e-14
driven_dt1e-3,497,0,-0.9003294425796398,0.0,1,0.007287462185702198,0.6352043934817804,0.0,-0.907616904765342,0.0,517,1.5920598173124745e-13
driven_dt1e-3,497,1,-1.7219560332019352,0.0,1,0.08335951873461211,0.40549052335611707,0.0,-1.8053155519365474,0.0,517,1.5920598173124745e-13
driven_dt1e-3,497,2,-1.9826109179025015,0.0,1,0.12531245156357218,0.34855414857717193,0.0,-2.1079233694660737,0.0,517,1.5920598173124745e-13
driven_dt1e-3,497,3,-2.4330203253846303,0.19025723976725073,1,0.1915236466310911,0.29302294426144476,0.0,-2.455008729942895,0.0,517,1.5920598173124745e-13
driven_dt1e-3,497,4,-2.6464198717560925,3.045678744368468,1,0.35567785548711334,-0.0013856261633452215,0.2247801369678216,-2.9852270484625723,3.1539212216871992,517,1.5920598173124745e-13
driven_dt1e-3,497,5,-2.9498543094339507,5.367773635409873,1,0.17888191173547988,-0.1872486627793326,0.09339772653293123,-3.1284594859799695,5.357827316638314,517,1.5920598173124745e-13
driven_dt1e-3,497,6,-2.9778280760975364,0.0,1,0.11109146164715566,0.23850421228790675,0.0,-2.8667366144503807,0.0,517,1.5920598173124745e-13
driven_dt1e-3,498,0,-0.9003294425796398,0.0,1,0.0191747211274913,0.6314401715802197,0.0,-0.9195041637071311,0.0,516,9.268141809570807e-13
driven_dt1e-3,498,1,-1.7219560332019352,0.0,1,0.06257783543071849,0.40972587751549466,0.0,-1.7845338686326537,0.0,516,9.268141809570807e-13
driven_dt1e-3,498,2,-1.9826109179025015,0.0,1,0.05355484004981048,0.36128690739449454,0.0,-2.036165757952312,0.0,516,9.268141809570807e-13
driven_dt1e-3,498,3,-2.4330203253846303,0.19025723976725073,1,0.20288474186968972,0.30688539440333723,0.0,-2.362561818448438,0.0,516,9.268141809570807e-13
driven_dt1e-3,498,4,-2.6464198717560925,3.045678744368468,1,0.29600953691891924,0.05246701992886996,0.2721118064059833,-2.566581585065885,2.760639284073362,516,9.268141809570807e-13
driven_dt1e-3,498,5,-2.9498543094339507,5.367773635409873,1,0.28926611853753526,-0.17887895821752817,0.08514577199015957,-3.237867934112793,5.394663026126778,516,9.268141809570807e-13
driven_dt1e-3,498,6,-2.9778280760975364,0.0,1,0.2887668784462196,0.2606620342126284,0.0,-2.689061197651317,0.0,516,9.268141809570807e-13
driven_dt1e-3,499,0,-0.9003294425796398,0.0,1,0.005393666814375919,0.6358061519087601,0.0,-0.9057231093940157,0.0,516,1.509903313490213e-14
driven_dt1e-3,499,1,-1.7219560332019352,0.0,1,0.08418112766776575,0.440921928200259,0.0,-1.6377749055341695,0.0,516,1.509903313490213e-14
driven_dt1e-3,499,2,-1.9826109179025015,0.0,1,0.03210604778567472,0.3770971490063416,0.0,-1.9505048701168268,0.0,516,1.509903313490213e-14
driven_dt1e-3,499,3,-2.4330203253846303,0.19025723976725073,1,0.19231730334534464,0.30045017222241766,0.0,-2.4049467099749227,0.0,516,1.509903313490213e-14
driven_dt1e-3,499,4,-2.6464198717560925,3.045678744368468,1,0.28657832378994713,0.033182251751034376,0.23618244640854527,-2.866755063595621,2.8624315372866302,516,1.509903313490213e-14
driven_dt1e-3,499,5,-2.9498543094339507,5.367773635409873,1,0.33190139056973067,-0.24522652724968674,0.09357163569545139,-2.6752195628815776,5.55414500941413,516,1.509903313490213e-14
driven_dt1e-3,499,6,-2.9778280760975364,0.0,1,0.21000673632703748,0.20312831496323744,0.0,-3.187834812424574,0.0,516,1.509903313490213e-14
