case,replicate,reference_mode,reference_real,reference_imag,matched,distance,mu_real,mu_imag,lambda_real,lambda_imag,gram_kept,trivial_error
driven_dt2p5e-4,0,0,-0.9226805184503813,0.0,1,0.013446901364086439,0.6262136263745984,0.0,-0.9361274198144678,0.0,516,5.326850072151501e-13
driven_dt2p5e-4,0,1,-1.3493022938056025,6.283185307179586,1,1.9766711857582047,-0.18957193168013492,0.0,-3.325973479563807,6.283185307179586,516,5.326850072151501e-13
driven_dt2p5e-4,0,2,-1.7807710567401813,0.0,1,0.086440188402096,0.3931336602288304,0.0,-1.8672112451422773,0.0,516,5.326850072151501e-13
driven_dt2p5e-4,0,3,-1.9776322153425845,0.0,1,0.11042097020030717,0.3931336602288304,0.0,-1.8672112451422773,0.0,516,5.326850072151501e-13
driven_dt2p5e-4,0,4,-2.320247394247764,0.0,1,0.0932081428059428,0.29917464816912154,0.0,-2.4134555370537067,0.0,516,5.326850072151501e-13
driven_dt2p5e-4,0,5,-2.9438533246558065,0.18042077961838413,1,0.19605292968626326,0.23845623638545133,0.0,-2.8671389614605003,0.0,516,5.326850072151501e-13
driven_dt2p5e-4,1,0,-0.9226805184503813,0.0,1,0.004776823869685809,0.6319456740634258,0.0,-0.9179036945806955,0.0,517,3.1086244689504383e-15
driven_dt2p5e-4,1,1,-1.3493022938056025,6.283185307179586,1,2.1651683121943757,-0.17129548706152392,0.08457102897440995,-3.310596377291328,5.3659724975140595,517,3.1086244689504383e-15
driven_dt2p5e-4,1,2,-1.7807710567401813,0.0,1,0.0416446393616805,0.40203832943667794,0.0,-1.8224156961018618,0.0,517,3.1086244689504383e-15
driven_dt2p5e-4,1,3,-1.9776322153425845,0.0,1,0.13949733599515168,0.3469534091362464,0.0,-2.117129551337736,0.0,517,3.1086244689504383e-15
driven_dt2p5e-4,1,4,-2.320247394247764,0.0,1,0.03077796042522074,0.3086606957738098,0.0,-2.3510253546729847,0.0,517,3.1086244689504383e-15
driven_dt2p5e-4,1,5,-2.9438533246558065,0.18042077961838413,1,0.1898007906576748,0.2174318991447785,0.0389130923634238,-3.020212288523554,0.3541839770202579,517,3.1086244689504383e-15
driven_dt2p5e-4,2,0,-0.9226805184503813,0.0,1,0.025545806013056116,0.6224368122433924,0.0,-0.9482263244634375,0.0,516,5.540012892879531e-14
driven_dt2p5e-4,2,1,-1.3493022938056025,6.283185307179586,1,1.913271932140076,-0.19567755285500477,0.0,-3.2625742259456785,6.283185307179586,516,5.540012892879531e-14
driven_dt2p5e-4,2,2,-1.7807710567401813,0.0,1,0.10565506463280094,0.43276605050705924,0.0,-1.6751159921073804,0.0,516,5.540012892879531e-14
driven_dt2p5e-4,2,3,-1.9776322153425845,0.0,1,0.03087960623006869,0.377805296550757,0.0,-1.9467526091125158,0.0,516,5.540012892879531e-14
driven_dt2p5e-4,2,4,-2.320247394247764,0.0,1,0.1071698238467218,0.29709343043888237,0.0,-2.4274172180944857,0.0,516,5.540012892879531e-14
driven_dt2p5e-4,2,5,-2.9438533246558065,0.18042077961838413,1,0.24144617083498304,0.24865197531621783,0.0,-2.7834020993791815,0.0,516,5.540012892879531e-14
driven_dt2p5e-4,3,0,-0.9226805184503813,0.0,1,0.00858696460837538,0.633150722528726,0.0,-0.914093553842006,0.0,515,6.636913241209186e-13
driven_dt2p5e-4,3,1,-1.3493022938056025,6.283185307179586,0,2.399306269957761,nan,nan,nan,nan,515,6.636913241209186e-13
driven_dt2p5e-4,3,2,-1.7807710567401813,0.0,1,0.010435249162326965,0.4083612200712733,0.0,-1.7912063059025083,0.0,515,6.636913241209186e-13
driven_dt2p5e-4,3,3,-1.9776322153425845,0.0,1,0.1864259094400762,0.4083612200712733,0.0,-1.7912063059025083,0.0,515,6.636913241209186e-13
driven_dt2p5e-4,3,4,-2.320247394247764,0.0,1,0.1462095206903169,0.3372202717500534,0.0,-2.174037873557447,0.0,515,6.636913241209186e-13
driven_dt2p5e-4,3,5,-2.9438533246558065,0.18042077961838413,1,0.2792883450756838,0.2062797404741624,0.0,-3.1570441358485235,0.0,515,6.636913241209186e-13
driven_dt2p5e-4,4,0,-0.9226805184503813,0.0,1,0.008191830650566945,0.62786118838461,0.0,-0.9308723491009483,0.0,516,2.064792781197866e-12
driven_dt2p5e-4,4,1,-1.3493022938056025,6.283185307179586,1,0.5672963964840203,-0.6763781616265836,0.0,-0.7820058973215822,6.283185307179586,516,2.064792781197866e-12
driven_dt2p5e-4,4,2,-1.7807710567401813,0.0,1,0.0716548126778318,0.3960507439263022,0.0,-1.8524258694180131,0.0,516,2.064792781197866e-12
driven_dt2p5e-4,4,3,-1.9776322153425845,0.0,1,0.12520634592457136,0.3960507439263022,0.0,-1.8524258694180131,0.0,516,2.064792781197866e-12
driven_dt2p5e-4,4,4,-2.320247394247764,0.0,1,0.10629312559796356,0.33055668077311906,0.0,-2.2139542686498004,0.0,516,2.064792781197866e-12
driven_dt2p5e-4,4,5,-2.9438533246558065,0.18042077961838413,1,0.1835207837081833,0.22566105593494806,0.0,-2.9774423159291428,0.0,516,2.064792781197866e-12
driven_dt2p5e-4,5,0,-0.9226805184503813,0.0,1,0.011762840634542804,0.6267411393226319,0.0,-0.9344433590849242,0.0,517,4.0190073491430667e-14
driven_dt2p5e-4,5,1,-1.3493022938056025,6.283185307179586,1,1.488170212638382,-0.2420196753038233,0.0,-2.8374725064439845,6.283185307179586,517,4.0190073491430667e-14
driven_dt2p5e-4,5,2,-1.7807710567401813,0.0,1,0.10148560741248902,0.4318647905077292,0.0,-1.6792854493276923,0.0,517,4.0190073491430667e-14
driven_dt2p5e-4,5,3,-1.9776322153425845,0.0,1,0.001662971007058589,0.3717076602599103,0.0,-1.979295186349643,0.0,517,4.0190073491430667e-14
driven_dt2p5e-4,5,4,-2.320247394247764,0.0,1,0.22034632375338736,0.28074826675676495,0.0,-2.5405937180011513,0.0,517,4.0190073491430667e-14
driven_dt2p5e-4,5,5,-2.9438533246558065,0.18042077961838413,1,0.2644960024117923,0.2527832464202535,0.0,-2.750445781954615,0.0,517,4.0190073491430667e-14
driven_dt2p5e-4,6,0,-0.9226805184503813,0.0,1,0.008081108128056402,0.6329906010811926,0.0,-0.914599410322325,0.0,517,1.7812418207086012e-12
driven_dt2p5e-4,6,1,-1.3493022938056025,6.283185307179586,1,1.6685238579315846,-0.32262946925336755,0.3542055006881427,-1.471628696482493,4.619151618910316,517,1.7812418207086012e-12
driven_dt2p5e-4,6,2,-1.7807710567401813,0.0,1,0.005763283833817523,0.4116820765173131,0.0,-1.7750077729063638,0.0,517,1.7812418207086012e-12
driven_dt2p5e-4,6,3,-1.9776322153425845,0.0,1,0.11486593395908473,0.35125280427996985,0.0,-2.092498149301669,0.0,517,1.7812418207086012e-12
driven_dt2p5e-4,6,4,-2.320247394247764,0.0,1,0.22774924494609472,0.35125280427996985,0.0,-2.092498149301669,0.0,517,1.7812418207086012e-12
driven_dt2p5e-4,6,5,-2.9438533246558065,0.18042077961838413,1,0.26884806289781976,0.2535313702960049,0.0,-2.7445354298098983,0.0,517,1.7812418207086012e-12
driven_dt2p5e-4,7,0,-0.9226805184503813,0.0,1,0.010790663076801321,0.6338487436538861,0.0,-0.91188985537358,0.0,516,3.3173463975799677e-13
driven_dt2p5e-4,7,1,-1.3493022938056025,6.283185307179586,1,2.0609537559972706,-0.1817491162731388,0.0,-3.410256049802873,6.283185307179586,516,3.3173463975799677e-13
driven_dt2p5e-4,7,2,-1.7807710567401813,0.0,1,0.03656971012864818,0.4030597828750138,0.0,-1.8173407668688295,0.0,516,3.3173463975799677e-13
driven_dt2p5e-4,7,3,-1.9776322153425845,0.0,1,0.16029144847375498,0.4030597828750138,0.0,-1.8173407668688295,0.0,516,3.3173463975799677e-13
driven_dt2p5e-4,7,4,-2.320247394247764,0.0,1,0.09800751039671818,0.3291900807785603,0.0,-2.2222398838510458,0.0,516,3.3173463975799677e-13
driven_dt2p5e-4,7,5,-2.9438533246558065,0.18042077961838413,1,0.18554251905177244,0.2345046943854066,0.0,-2.9005593451901603,0.0,516,3.3173463975799677e-13
driven_dt2p5e-4,8,0,-0.9226805184503813,0.0,1,0.0016346239631472859,0.6299230743824216,0.0,-0.9243151424135286,0.0,517,3.497202527569243e-14
driven_dt2p5e-4,8,1,-1.3493022938056025,6.283185307179586,1,0.9931271798697432,-0.8368691465558356,0.0,-0.35617511393585927,6.283185307179586,517,3.497202527569243e-14
driven_dt2p5e-4,8,2,-1.7807710567401813,0.0,1,0.012723059097416112,0.40789436071535723,0.0,-1.7934941158375974,0.0,517,3.497202527569243e-14
driven_dt2p5e-4,8,3,-1.9776322153425845,0.0,1,0.15843554557606288,0.34368357657345916,0.0,-2.1360677609186474,0.0,517,3.497202527569243e-14
driven_dt2p5e-4,8,4,-2.320247394247764,0.0,1,0.18417963332911658,0.34368357657345916,0.0,-2.1360677609186474,0.0,517,3.497202527569243e-14
driven_dt2p5e-4,8,5,-2.9438533246558065,0.18042077961838413,1,0.2210110188403732,0.21529393270838496,0.0,-3.071502111296159,0.0,517,3.497202527569243e-14
driven_dt2p5e-4,9,0,-0.9226805184503813,0.0,1,0.01231707815309424,0.6343326864439893,0.0,-0.9103634402972871,0.0,516,1.0238476733093194e-12
driven_dt2p5e-4,9,1,-1.3493022938056025,6.283185307179586,1,1.3648816307602638,-0.2574082424756372,0.0,-2.7141839245658663,6.283185307179586,516,1.0238476733093194e-12
driven_dt2p5e-4,9,2,-1.7807710567401813,0.0,1,0.018498153299661757,0.406718245397894,0.0,-1.799269210039843,0.0,516,1.0238476733093194e-12
driven_dt2p5e-4,9,3,-1.9776322153425845,0.0,1,0.003734169674172394,0.3713229193077891,0.0,-1.9813663850167569,0.0,516,1.0238476733093194e-12
driven_dt2p5e-4,9,4,-2.320247394247764,0.0,1,0.02361569545406006,0.31717048268582515,0.0,-2.296631698793704,0.0,516,1.0238476733093194e-12
driven_dt2p5e-4,9,5,-2.9438533246558065,0.18042077961838413,1,0.18128123361297935,0.2274675952646674,0.0,-2.9614949782670204,0.0,516,1.0238476733093194e-12
driven_dt2p5e-4,10,0,-0.9226805184503813,0.0,1,0.00473695566273058,0.6319330769185236,0.0,-0.9179435627876508,0.0,516,3.2596148002994596e-13
driven_dt2p5e-4,10,1,-1.3493022938056025,6.283185307179586,1,0.7529988028686709,-0.7421887074291696,0.0,-0.5963034909369316,6.283185307179586,516,3.2596148002994596e-13
driven_dt2p5e-4,10,2,-1.7807710567401813,0.0,1,0.006996204891092761,0.40906401028701483,0.0,-1.787767261631274,0.0,516,3.2596148002994596e-13
driven_dt2p5e-4,10,3,-1.9776322153425845,0.0,1,0.12180071216043986,0.3500369832153106,0.0,-2.0994329275030243,0.0,516,3.2596148002994596e-13
driven_dt2p5e-4,10,4,-2.320247394247764,0.0,1,0.2208144667447396,0.3500369832153106,0.0,-2.0994329275030243,0.0,516,3.2596148002994596e-13
driven_dt2p5e-4,10,5,-2.9438533246558065,0.18042077961838413,1,0.25272082619353115,0.20580371060264407,0.03643866144233805,-3.1307975655316813,0.35047861329647106,516,3.2596148002994596e-13
driven_dt2p5e-4,11,0,-0.9226805184503813,0.0,1,0.0061186258477996525,0.6285123682492206,0.0,-0.928799144298181,0.0,515,6.781242234410456e-13
driven_dt2p5e-4,11,1,-1.3493022938056025,6.283185307179586,0,2.4068129966277256,nan,nan,nan,nan,515,6.781242234410456e-13
driven_dt2p5e-4,11,2,-1.7807710567401813,0.0,1,0.045940358265544656,0.40117573430892506,0.0,-1.826711415005726,0.0,515,6.781242234410456e-13
driven_dt2p5e-4,11,3,-1.9776322153425845,0.0,1,0.1509208003368585,0.40117573430892506,0.0,-1.826711415005726,0.0,515,6.781242234410456e-13
driven_dt2p5e-4,11,4,-2.320247394247764,0.0,1,0.020330702718967864,0.31664995891634334,0.0,-2.299916691528796,0.0,515,6.781242234410456e-13
driven_dt2p5e-4,11,5,-2.9438533246558065,0.18042077961838413,1,0.24002163551071318,0.20261056656163148,0.021893221773426633,-3.1813306771417906,0.21527608867576165,515,6.781242234410456e-13
driven_dt2p5e-4,12,0,-0.9226805184503813,0.0,1,0.004651586906259331,0.6319061038237178,0.0,-0.918028931544122,0.0,517,2.3314683517128287e-15
driven_dt2p5e-4,12,1,-1.3493022938056025,6.283185307179586,0,2.3688570909754105,nan,nan,nan,nan,517,2.3314683517128287e-15
driven_dt2p5e-4,12,2,-1.7807710567401813,0.0,1,0.02442834924104531,0.4055140720819871,0.0,-1.8051994059812266,0.0,517,2.3314683517128287e-15
driven_dt2p5e-4,12,3,-1.9776322153425845,0.0,1,0.04168976301095517,0.36434247467953024,0.0,-2.0193219783535397,0.0,517,2.3314683517128287e-15
driven_dt2p5e-4,12,4,-2.320247394247764,0.0,1,0.04738008258988469,0.30610908965567285,0.0,-2.3676274768376486,0.0,517,2.3314683517128287e-15
driven_dt2p5e-4,12,5,-2.9438533246558065,0.18042077961838413,1,0.04586159552407972,0.22958332450536856,0.025851420987562535,-2.9303791057433917,0.2242583362190275,517,2.3314683517128287e-15
driven_dt2p5e-4,13,0,-0.9226805184503813,0.0,1,0.0030295667829457473,0.6313938293734397,0.0,-0.9196509516674356,0.0,517,2.5002222514558525e-13
driven_dt2p5e-4,13,1,-1.3493022938056025,6.283185307179586,1,1.976370268227823,-0.1896004565847475,0.0,-3.3256725620334255,6.283185307179586,517,2.5002222514558525e-13
driven_dt2p5e-4,13,2,-1.7807710567401813,0.0,1,0.022089359084097815,0.40598859621627403,0.0,-1.8028604158242791,0.0,517,2.5002222514558525e-13
driven_dt2p5e-4,13,3,-1.9776322153425845,0.0,1,0.029881872950493715,0.3776168690959662,0.0,-1.9477503423920908,0.0,517,2.5002222514558525e-13
driven_dt2p5e-4,13,4,-2.320247394247764,0.0,1,0.17690173684982735,0.34243520258922316,0.0,-2.1433456573979366,0.0,517,2.5002222514558525e-13
driven_dt2p5e-4,13,5,-2.9438533246558065,0.18042077961838413,1,0.24601228402086994,0.20336831049541124,0.012068531896016905,-3.1819577806337653,0.11854742563942598,517,2.5002222514558525e-13
driven_dt2p5e-4,14,0,-0.9226805184503813,0.0,1,0.006633250812525637,0.6325325268715031,0.0,-0.9160472676378557,0.0,516,2.4231727735468667e-12
driven_dt2p5e-4,14,1,-1.3493022938056025,6.283185307179586,1,1.288545903550425,-0.9700785851695481,0.0,-0.06075639025517747,6.283185307179586,516,2.4231727735468667e-12
driven_dt2p5e-4,14,2,-1.7807710567401813,0.0,1,0.04326811283283405,0.4194749486783703,0.0,-1.7375029439073473,0.0,516,2.4231727735468667e-12
driven_dt2p5e-4,14,3,-1.9776322153425845,0.0,1,0.09095634182617873,0.3554771602691315,0.0,-2.068588557168763,0.0,516,2.4231727735468667e-12
driven_dt2p5e-4,14,4,-2.320247394247764,0.0,1,0.2516588370790007,0.3554771602691315,0.0,-2.068588557168763,0.0,516,2.4231727735468667e-12
driven_dt2p5e-4,14,5,-2.9438533246558065,0.18042077961838413,1,0.31718130944416334,0.20364216932494908,0.044806873488181694,-3.13550506808742,0.4331530337933056,516,2.4231727735468667e-12
driven_dt2p5e-4,15,0,-0.9226805184503813,0.0,1,0.001761577911695622,0.6309936560661581,0.0,-0.9209189405386857,0.0,515,3.561595462997502e-13
driven_dt2p5e-4,15,1,-1.3493022938056025,6.283185307179586,0,2.2609790809787125,nan,nan,nan,nan,515,3.561595462997502e-13
driven_dt2p5e-4,15,2,-1.7807710567401813,0.0,1,0.025887359481131522,0.4158453475119932,0.0,-1.7548836972590498,0.0,515,3.561595462997502e-13
driven_dt2p5e-4,15,3,-1.9776322153425845,0.0,1,0.028352549838698726,0.37732823036284563,0.0,-1.9492796655038858,0.0,515,3.561595462997502e-13
driven_dt2p5e-4,15,4,-2.320247394247764,0.0,1,0.19859764343372754,0.2838178786620354,0.0,-2.5188450376814915,0.0,515,3.561595462997502e-13
driven_dt2p5e-4,15,5,-2.9438533246558065,0.18042077961838413,1,0.2658639710482679,0.20813596457840178,0.0,-3.1391274739522474,0.0,515,3.561595462997502e-13
driven_dt2p5e-4,16,0,-0.9226805184503813,0.0,1,0.0069573495016702624,0.6326350366585008,0.0,-0.9157231689487111,0.0,516,1.3664624987086427e-12
driven_dt2p5e-4,16,1,-1.3493022938056025,6.283185307179586,1,1.9511138745906165,-0.1920099502270211,0.0,-3.300416168396219,6.283185307179586,516,1.3664624987086427e-12
driven_dt2p5e-4,16,2,-1.7807710567401813,0.0,1,0.013763963571838955,0.4076821264164755,0.0,-1.7945350203120203,0.0,516,1.3664624987086427e-12
driven_dt2p5e-4,16,3,-1.9776322153425845,0.0,1,0.1830971950305642,0.4076821264164755,0.0,-1.7945350203120203,0.0,516,1.3664624987086427e-12
driven_dt2p5e-4,16,4,-2.320247394247764,0.0,1,0.15646262867055727,0.33895348859865054,0.0,-2.1637847655772067,0.0,516,1.3664624987086427e-12
driven_dt2p5e-4,16,5,-2.9438533246558065,0.18042077961838413,1,0.18654284529046872,0.23498640068951496,0.0,-2.8964552718375924,0.0,516,1.3664624987086427e-12
driven_dt2p5e-4,17,0,-0.9226805184503813,0.0,1,0.0025381746675268158,0.6296385549379153,0.0,-0.9252186931179082,0.0,517,2.842170943040401e-14
driven_dt2p5e-4,17,1,-1.3493022938056025,6.283185307179586,1,1.6485476497162674,-0.22337016035196083,0.0,-2.99784994352187,6.283185307179586,517,2.842170943040401e-14
driven_dt2p5e-4,17,2,-1.7807710567401813,0.0,1,0.0036623376786184547,0.4097464614752491,0.0,-1.7844333944187998,0.0,517,2.842170943040401e-14
driven_dt2p5e-4,17,3,-1.9776322153425845,0.0,1,0.04802166879509473,0.36319080759194255,0.0,-2.025653884137679,0.0,517,2.842170943040401e-14
driven_dt2p5e-4,17,4,-2.320247394247764,0.0,1,0.2945935101100847,0.36319080759194255,0.0,-2.025653884137679,0.0,517,2.842170943040401e-14
driven_dt2p5e-4,17,5,-2.9438533246558065,0.18042077961838413,1,0.3137787724310114,0.23116179192943823,0.057223237391845344,-2.8697999039606876,0.4853358643742292,517,2.842170943040401e-14
driven_dt2p5e-4,18,0,-0.9226805184503813,0.0,1,0.0059121652210581965,0.6285772531269379,0.0,-0.9285926836714395,0.0,515,7.184253192349388e-13
driven_dt2p5e-4,18,1,-1.3493022938056025,6.283185307179586,1,1.829468981973333,-0.2040509343962358,0.0,-3.1787712757789355,6.283185307179586,515,7.184253192349388e-13
driven_dt2p5e-4,18,2,-1.7807710567401813,0.0,1,0.06491593617574964,0.39738746318407947,0.0,-1.845686992915931,0.0,515,7.184253192349388e-13
driven_dt2p5e-4,18,3,-1.9776322153425845,0.0,1,0.13194522242665352,0.39738746318407947,0.0,-1.845686992915931,0.0,515,7.184253192349388e-13
driven_dt2p5e-4,18,4,-2.320247394247764,0.0,1,0.18758693554737693,0.3442695925214992,0.0,-2.132660458700387,0.0,515,7.184253192349388e-13
driven_dt2p5e-4,18,5,-2.9438533246558065,0.18042077961838413,1,0.2835475927812444,0.2560055348453361,0.0,-2.7251124284933996,0.0,515,7.184253192349388e-13
driven_dt2p5e-4,19,0,-0.9226805184503813,0.0,1,0.010193121878834144,0.6272332360714292,0.0,-0.9328736403292155,0.0,518,3.175237850427948e-14
driven_dt2p5e-4,19,1,-1.3493022938056025,6.283185307179586,1,0.7807725981489224,-0.3447149463374947,0.0,-2.130074891954525,6.283185307179586,518,3.175237850427948e-14
driven_dt2p5e-4,19,2,-1.7807710567401813,0.0,1,0.10642416342628325,0.43293250243315445,0.0,-1.674346893313898,0.0,518,3.175237850427948e-14
driven_dt2p5e-4,19,3,-1.9776322153425845,0.0,1,0.05147951152661423,0.38171678269611925,0.0,-1.9261527038159703,0.0,518,3.175237850427948e-14
driven_dt2p5e-4,19,4,-2.320247394247764,0.0,1,0.11112224023214035,0.2965068917198489,0.0,-2.4313696344799043,0.0,518,3.175237850427948e-14
driven_dt2p5e-4,19,5,-2.9438533246558065,0.18042077961838413,1,0.0802232293744954,0.236683050565702,0.016042878472114844,-2.8774828511215818,0.13535719371895005,518,3.175237850427948e-14
driven_dt2p5e-4,20,0,-0.9226805184503813,0.0,1,0.0021636618127688356,0.6297564698440705,0.0,-0.9248441802631502,0.0,516,2.1680435224880057e-12
driven_dt2p5e-4,20,1,-1.3493022938056025,6.283185307179586,0,2.257257542807217,nan,nan,nan,nan,516,2.1680435224880057e-12
driven_dt2p5e-4,20,2,-1.7807710567401813,0.0,1,0.02437540144524597,0.4155310959533237,0.0,-1.7563956552949354,0.0,516,2.1680435224880057e-12
driven_dt2p5e-4,20,3,-1.9776322153425845,0.0,1,0.08035286888887283,0.35736681128309544,0.0,-2.0579850842314573,0.0,516,2.1680435224880057e-12
driven_dt2p5e-4,20,4,-2.320247394247764,0.0,1,0.12166460298611881,0.294948062160123,0.0,-2.4419119972338827,0.0,516,2.1680435224880057e-12
driven_dt2p5e-4,20,5,-2.9438533246558065,0.18042077961838413,1,0.21891132434230592,0.24415848607581306,0.0,-2.819875462893326,0.0,516,2.1680435224880057e-12
driven_dt2p5e-4,21,0,-0.9226805184503813,0.0,1,0.0022490478528720548,0.6297295842123943,0.0,-0.9249295663032534,0.0,516,1.2079226507921703e-13
driven_dt2p5e-4,21,1,-1.3493022938056025,6.283185307179586,1,0.540736951639649,-0.3886719440251732,0.0,-1.8900392454452515,6.283185307179586,516,1.2079226507921703e-13
driven_dt2p5e-4,21,2,-1.7807710567401813,0.0,1,0.25058679341731815,0.3877989248896092,0.0447005023113044,-1.8813375778409485,0.2295214932612252,516,1.2079226507921703e-13
driven_dt2p5e-4,21,3,-1.9776322153425845,0.0,1,0.24890313995696026,0.3877989248896092,0.0447005023113044,-1.8813375778409485,0.2295214932612252,516,1.2079226507921703e-13
driven_dt2p5e-4,21,4,-2.320247394247764,0.0,1,0.3990449325885481,0.2673653127756927,0.03525703898610986,-2.621038871599041,0.2622238459359391,516,1.2079226507921703e-13
driven_dt2p5e-4,21,5,-2.9438533246558065,0.18042077961838413,1,0.17556394472760803,0.22961093641784294,0.040948272353421175,-2.9114289359194587,0.35296456450614183,516,1.2079226507921703e-13
driven_dt2p5e-4,22,0,-0.9226805184503813,0.0,1,0.02051949384856444,0.6240030603925644,0.0,-0.9432000122989458,0.0,515,1.6040502259784262e-12
driven_dt2p5e-4,22,1,-1.3493022938056025,6.283185307179586,1,1.5697331148656841,-0.2323483082926465,0.0,-2.9190354086712866,6.283185307179586,515,1.6040502259784262e-12
driven_dt2p5e-4,22,2,-1.7807710567401813,0.0,1,0.06504866285001665,0.3973610921009338,0.0,-1.845819719590198,0.0,515,1.6040502259784262e-12
driven_dt2p5e-4,22,3,-1.9776322153425845,0.0,1,0.13181249575238652,0.3973610921009338,0.0,-1.845819719590198,0.0,515,1.6040502259784262e-12
driven_dt2p5e-4,22,4,-2.320247394247764,0.0,1,0.05076747018294325,0.3215057141577444,0.0,-2.2694799240648207,0.0,515,1.6040502259784262e-12
driven_dt2p5e-4,22,5,-2.9438533246558065,0.18042077961838413,1,0.22666402300990318,0.25488878440665336,0.012983985788629184,-2.7312644338721195,0.10179163208138292,515,1.6040502259784262e-12
driven_dt2p5e-4,23,0,-0.9226805184503813,0.0,1,0.0076119550077751175,0.6280432554825027,0.0,-0.9302924734581565,0.0,516,3.4994229736184934e-13
driven_dt2p5e-4,23,1,-1.3493022938056025,6.283185307179586,1,2.064212044067832,-0.18119868588704863,0.09841640674070286,-3.157810056066824,5.28806167831953,516,3.4994229736184934e-13
driven_dt2p5e-4,23,2,-1.7807710567401813,0.0,1,0.03599621327455038,0.4179525282307289,0.0,-1.744774843465631,0.0,516,3.4994229736184934e-13
driven_dt2p5e-4,23,3,-1.9776322153425845,0.0,1,0.18479026929698028,0.3391844421837705,0.0,-2.1624224846395648,0.0,516,3.4994229736184934e-13
driven_dt2p5e-4,23,4,-2.320247394247764,0.0,1,0.15782490960819917,0.3391844421837705,0.0,-2.1624224846395648,0.0,516,3.4994229736184934e-13
driven_dt2p5e-4,23,5,-2.9438533246558065,0.18042077961838413,1,0.37006521865925907,0.18990172549817302,0.017662302933880665,-3.3138839372664086,0.1854815890741685,516,3.4994229736184934e-13
driven_dt2p5e-4,24,0,-0.9226805184503813,0.0,1,0.016444950929908275,0.6252756198524256,0.0,-0.9391254693802896,0.0,516,2.1094237467877974e-14
driven_dt2p5e-4,24,1,-1.3493022938056025,6.283185307179586,1,2.162666696475436,-0.17178112821523486,0.07282325234646252,-3.3577936384404,5.481256533178378,516,2.1094237467877974e-14
driven_dt2p5e-4,24,2,-1.7807710567401813,0.0,1,0.044012476875044726,0.40156263036764206,0.0,-1.824783533615226,0.0,516,2.1094237467877974e-14
driven_dt2p5e-4,24,3,-1.9776322153425845,0.0,1,0.15284868172735844,0.40156263036764206,0.0,-1.824783533615226,0.0,516,2.1094237467877974e-14
driven_dt2p5e-4,24,4,-2.320247394247764,0.0,1,0.025701498731001138,0.3175014328461286,0.0,-2.294545895516763,0.0,516,2.1094237467877974e-14
driven_dt2p5e-4,24,5,-2.9438533246558065,0.18042077961838413,1,0.12762719032813707,0.2212810277399861,0.008261236918215504,-3.0152506992683654,0.07463271502937459,516,2.1094237467877974e-14
driven_dt2p5e-4,25,0,-0.9226805184503813,0.0,1,0.008079516553858301,0.6278964482057604,0.0,-0.9307600350042396,0.0,517,2.0761170560490427e-14
driven_dt2p5e-4,25,1,-1.3493022938056025,6.283185307179586,0,2.5069286303062945,nan,nan,nan,nan,517,2.0761170560490427e-14
driven_dt2p5e-4,25,2,-1.7807710567401813,0.0,1,0.05125989840962197,0.4001101168740776,0.0,-1.8320309551498033,0.0,517,2.0761170560490427e-14
driven_dt2p5e-4,25,3,-1.9776322153425845,0.0,1,0.1456012601927812,0.4001101168740776,0.0,-1.8320309551498033,0.0,517,2.0761170560490427e-14
driven_dt2p5e-4,25,4,-2.320247394247764,0.0,1,0.17315844317125428,0.34179488423647,0.0,-2.1470889510765097,0.0,517,2.0761170560490427e-14
driven_dt2p5e-4,25,5,-2.9438533246558065,0.18042077961838413,1,0.2577448953182763,0.2516054711287372,0.0,-2.7597860180950713,0.0,517,2.0761170560490427e-14
driven_dt2p5e-4,26,0,-0.9226805184503813,0.0,1,0.0076259166670789025,0.628038871234825,0.0,-0.9303064351174603,0.0,516,2.886579864025407e-15
driven_dt2p5e-4,26,1,-1.3493022938056025,6.283185307179586,1,0.5775445194902828,-0.38158432906302325,0.0,-1.9268468132958854,6.283185307179586,516,2.886579864025407e-15
driven_dt2p5e-4,26,2,-1.7807710567401813,0.0,1,0.09266120307601566,0.39191271495830676,0.0,-1.873432259816197,0.0,516,2.886579864025407e-15
driven_dt2p5e-4,26,3,-1.9776322153425845,0.0,1,0.1041999555263875,0.39191271495830676,0.0,-1.873432259816197,0.0,516,2.886579864025407e-15
driven_dt2p5e-4,26,4,-2.320247394247764,0.0,1,0.199657835876212,0.34635369741950073,0.0,-2.120589558371552,0.0,516,2.886579864025407e-15
driven_dt2p5e-4,26,5,-2.9438533246558065,0.18042077961838413,1,0.28989944292278996,0.2570538739653265,0.0,-2.716939179462435,0.0,516,2.886579864025407e-15
driven_dt2p5e-4,27,0,-0.9226805184503813,0.0,1,0.016028719372966682,0.6355109871362238,0.0,-0.9066517990774147,0.0,516,1.2037038032985947e-12
driven_dt2p5e-4,27,1,-1.3493022938056025,6.283185307179586,1,0.4624317616875413,-0.6418277804311724,0.0,-0.8868705321180612,6.283185307179586,516,1.2037038032985947e-12
driven_dt2p5e-4,27,2,-1.7807710567401813,0.0,1,0.02867573156941705,0.4164255176305817,0.0,-1.7520953251707643,0.0,516,1.2037038032985947e-12
driven_dt2p5e-4,27,3,-1.9776322153425845,0.0,1,0.08548670616622545,0.35645065610532034,0.0,-2.06311892150881,0.0,516,1.2037038032985947e-12
driven_dt2p5e-4,27,4,-2.320247394247764,0.0,1,0.22277137967179472,0.2804080579318624,0.0,-2.5430187739195587,0.0,516,1.2037038032985947e-12
driven_dt2p5e-4,27,5,-2.9438533246558065,0.18042077961838413,1,0.43956796378038654,0.2804080579318624,0.0,-2.5430187739195587,0.0,516,1.2037038032985947e-12
driven_dt2p5e-4,28,0,-0.9226805184503813,0.0,1,0.004468680194298469,0.6318483165323198,0.0,-0.9182118382560829,0.0,517,5.748734821509061e-13
driven_dt2p5e-4,28,1,-1.3493022938056025,6.283185307179586,1,2.001759835501333,-0.18794519672499277,0.10771156590870319,-3.0592008946520894,5.242373501976768,517,5.748734821509061e-13
driven_dt2p5e-4,28,2,-1.7807710567401813,0.0,1,0.00026981042565421554,0.4104420893112325,0.0,-1.7810408671658355,0.0,517,5.748734821509061e-13
driven_dt2p5e-4,28,3,-1.9776322153425845,0.0,1,0.0990363902250393,0.3540439210492846,0.0,-2.076668605567624,0.0,517,5.748734821509061e-13
driven_dt2p5e-4,28,4,-2.320247394247764,0.0,1,0.24357878868014016,0.3540439210492846,0.0,-2.076668605567624,0.0,517,5.748734821509061e-13
driven_dt2p5e-4,28,5,-2.9438533246558065,0.18042077961838413,1,0.29099768437732354,0.20472565959918396,0.0,-3.1721688839040953,0.0,517,5.748734821509061e-13
driven_dt2p5e-4,29,0,-0.9226805184503813,0.0,1,0.013625919601249037,0.6347479427613079,0.0,-0.9090545988491323,0.0,516,1.0857981180834031e-13
driven_dt2p5e-4,29,1,-1.3493022938056025,6.283185307179586,1,1.8309677266467512,-0.20389808154971997,0.0,-3.1802700204523537,6.283185307179586,516,1.0857981180834031e-13
driven_dt2p5e-4,29,2,-1.7807710567401813,0.0,1,0.059934143334792855,0.39837854802607287,0.0,-1.8407052000749742,0.0,516,1.0857981180834031e-13
driven_dt2p5e-4,29,3,-1.9776322153425845,0.0,1,0.1369270152676103,0.39837854802607287,0.0,-1.8407052000749742,0.0,516,1.0857981180834031e-13
driven_dt2p5e-4,29,4,-2.320247394247764,0.0,1,0.07333176740567549,0.325153528301758,0.0,-2.2469156268420885,0.0,516,1.0857981180834031e-13
driven_dt2p5e-4,29,5,-2.9438533246558065,0.18042077961838413,1,0.2657136322425137,0.20815727196131983,0.0,-3.138922739586503,0.0,516,1.0857981180834031e-13
driven_dt2p5e-4,30,0,-0.9226805184503813,0.0,1,0.011506291610826058,0.6268215393928697,0.0,-0.9341868100612074,0.0,517,1.6830981053317373e-13
driven_dt2p5e-4,30,1,-1.3493022938056025,6.283185307179586,1,0.5362611727855032,-0.6659634029280627,0.0,-0.8130411210200993,6.283185307179586,517,1.6830981053317373e-13
driven_dt2p5e-4,30,2,-1.7807710567401813,0.0,1,0.0421665561829061,0.4019334278412948,0.0,-1.8229376129230874,0.0,517,1.6830981053317373e-13
driven_dt2p5e-4,30,3,-1.9776322153425845,0.0,1,0.15469460241949706,0.4019334278412948,0.0,-1.8229376129230874,0.0,517,1.6830981053317373e-13
driven_dt2p5e-4,30,4,-2.320247394247764,0.0,1,0.10807734337949304,0.33085170490419713,0.0,-2.212170050868271,0.0,517,1.6830981053317373e-13
driven_dt2p5e-4,30,5,-2.9438533246558065,0.18042077961838413,1,0.1859956150950234,0.23472785929426274,0.0,-2.898656962894371,0.0,517,1.6830981053317373e-13
driven_dt2p5e-4,31,0,-0.9226805184503813,0.0,1,0.0038965171332915327,0.6292110677292275,0.0,-0.9265770355836729,0.0,516,6.195044477408373e-13
driven_dt2p5e-4,31,1,-1.3493022938056025,6.283185307179586,1,0.5701833522976787,-0.6773552035591258,0.0,-0.7791189415079238,6.283185307179586,516,6.195044477408373e-13
driven_dt2p5e-4,31,2,-1.7807710567401813,0.0,1,0.04880425191910631,0.4006016830926983,0.0,-1.8295753086592876,0.0,516,6.195044477408373e-13
driven_dt2p5e-4,31,3,-1.9776322153425845,0.0,1,0.1137771949744546,0.35144406764495717,0.0,-2.091409410317039,0.0,516,6.195044477408373e-13
driven_dt2p5e-4,31,4,-2.320247394247764,0.0,1,0.22883798393072485,0.35144406764495717,0.0,-2.091409410317039,0.0,516,6.195044477408373e-13
driven_dt2p5e-4,31,5,-2.9438533246558065,0.18042077961838413,1,0.28104699308105197,0.2555896941462477,0.0,-2.728363755066475,0.0,516,6.195044477408373e-13
driven_dt2p5e-4,32,0,-0.9226805184503813,0.0,1,0.006788328417548173,0.6283019453073154,0.0,-0.9294688468679295,0.0,516,1.9673151996357774e-13
driven_dt2p5e-4,32,1,-1.3493022938056025,6.283185307179586,1,0.7142820219295893,-0.3563677207164367,0.0,-2.063584315735192,6.283185307179586,516,1.9673151996357774e-13
driven_dt2p5e-4,32,2,-1.7807710567401813,0.0,1,0.03928494654959502,0.41864036079369077,0.0,-1.7414861101905863,0.0,516,1.9673151996357774e-13
driven_dt2p5e-4,32,3,-1.9776322153425845,0.0,1,0.006038522718289752,0.3708953361310109,0.0,-1.9836707380608742,0.0,516,1.9673151996357774e-13
driven_dt2p5e-4,32,4,-2.320247394247764,0.0,1,0.05371388223170204,0.3051412062383033,0.0,-2.373961276479466,0.0,516,1.9673151996357774e-13
driven_dt2p5e-4,32,5,-2.9438533246558065,0.18042077961838413,1,0.20593979912411384,0.21836784442294152,0.0,-3.043148556893688,0.0,516,1.9673151996357774e-13
driven_dt2p5e-4,33,0,-0.9226805184503813,0.0,1,0.013047820113420538,0.6345644955449653,0.0,-0.9096326983369608,0.0,516,8.092415626492766e-13
driven_dt2p5e-4,33,1,-1.3493022938056025,6.283185307179586,1,2.1419490943309105,-0.173610445786815,0.07943685486015833,-3.311791851046702,5.424942532421394,516,8.092415626492766e-13
driven_dt2p5e-4,33,2,-1.7807710567401813,0.0,1,0.039874689622061865,0.40239428073567557,0.0,-1.8206457463622432,0.0,516,8.092415626492766e-13
driven_dt2p5e-4,33,3,-1.9776322153425845,0.0,1,0.07376026379901912,0.358546744051904,0.0,-2.0513924791416036,0.0,516,8.092415626492766e-13
driven_dt2p5e-4,33,4,-2.320247394247764,0.0,1,0.26885491510616033,0.358546744051904,0.0,-2.0513924791416036,0.0,516,8.092415626492766e-13
driven_dt2p5e-4,33,5,-2.9438533246558065,0.18042077961838413,1,0.2777024886043231,0.2550304939370079,0.0,-2.7327443138132357,0.0,516,8.092415626492766e-13
driven_dt2p5e-4,34,0,-0.9226805184503813,0.0,1,0.0037728628806671383,0.6292499712440229,0.0,-0.9264533813310485,0.0,516,4.4142467459096224e-13
driven_dt2p5e-4,34,1,-1.3493022938056025,6.283185307179586,1,2.0087124245170735,-0.1879198547220664,0.12997074217744814,-2.952552760244602,5.073014432355543,516,4.4142467459096224e-13
driven_dt2p5e-4,34,2,-1.7807710567401813,0.0,1,0.05017483548881274,0.42092605139307726,0.0,-1.7305962212513686,0.0,516,4.4142467459096224e-13
driven_dt2p5e-4,34,3,-1.9776322153425845,0.0,1,0.09436635703397167,0.3548715854094345,0.0,-2.071998572376556,0.0,516,4.4142467459096224e-13
driven_dt2p5e-4,34,4,-2.320247394247764,0.0,1,0.10188731122531225,0.2978791675466548,0.0,-2.422134705473076,0.0,516,4.4142467459096224e-13
driven_dt2p5e-4,34,5,-2.9438533246558065,0.18042077961838413,1,0.3282804737159588,0.26321117840124786,0.0,-2.6695972186069734,0.0,516,4.4142467459096224e-13
driven_dt2p5e-4,35,0,-0.9226805184503813,0.0,1,0.027248656342218625,0.6390862027927525,0.0,-0.8954318621081627,0.0,517,7.065459328714496e-13
driven_dt2p5e-4,35,1,-1.3493022938056025,6.283185307179586,1,1.7756007704732488,-0.20962154681279158,0.0,-3.1249030642788513,6.283185307179586,517,7.065459328714496e-13
driven_dt2p5e-4,35,2,-1.7807710567401813,0.0,1,0.025482793644777457,0.40530033240911784,0.0,-1.8062538503849588,0.0,517,7.065459328714496e-13
driven_dt2p5e-4,35,3,-1.9776322153425845,0.0,1,0.1713783649576257,0.40530033240911784,0.0,-1.8062538503849588,0.0,517,7.065459328714496e-13
driven_dt2p5e-4,35,4,-2.320247394247764,0.0,1,0.16257581951018762,0.33999111727710374,0.0,-2.1576715747375763,0.0,517,7.065459328714496e-13
driven_dt2p5e-4,35,5,-2.9438533246558065,0.18042077961838413,1,0.20226953785285726,0.24021844847062696,0.0,-2.8524131353236375,0.0,517,7.065459328714496e-13
driven_dt2p5e-4,36,0,-0.9226805184503813,0.0,1,0.0036886555245299046,0.6316019359439536,0.0,-0.9189918629258514,0.0,516,7.993605777301127e-14
driven_dt2p5e-4,36,1,-1.3493022938056025,6.283185307179586,0,2.6268806156770146,nan,nan,nan,nan,516,7.993605777301127e-14
driven_dt2p5e-4,36,2,-1.7807710567401813,0.0,1,0.015509607093067812,0.4136931660184019,0.0,-1.7652614496471135,0.0,516,7.993605777301127e-14
driven_dt2p5e-4,36,3,-1.9776322153425845,0.0,1,0.08008839653174515,0.3574140712292336,0.0,-2.0577206118743296,0.0,516,7.993605777301127e-14
driven_dt2p5e-4,36,4,-2.320247394247764,0.0,1,0.2625267823734343,0.3574140712292336,0.0,-2.0577206118743296,0.0,516,7.993605777301127e-14
driven_dt2p5e-4,36,5,-2.9438533246558065,0.18042077961838413,1,0.2172670280746632,0.2438014177697708,0.0,-2.822802493306778,0.0,516,7.993605777301127e-14
driven_dt2p5e-4,37,0,-0.9226805184503813,0.0,1,0.0335479938017732,0.619951359694559,0.0,-0.9562285122521545,0.0,516,8.43769498715119e-14
driven_dt2p5e-4,37,1,-1.3493022938056025,6.283185307179586,1,2.0742745145165697,-0.1806535489553712,0.1353796762522878,-2.976648306543147,4.99696615151436,516,8.43769498715119e-14
driven_dt2p5e-4,37,2,-1.7807710567401813,0.0,1,0.005991331474170414,0.4092695907031424,0.0,-1.7867623882143517,0.0,516,8.43769498715119e-14
driven_dt2p5e-4,37,3,-1.9776322153425845,0.0,1,0.17859932918003008,0.3402360041685037,0.0,-2.1562315445226146,0.0,516,8.43769498715119e-14
driven_dt2p5e-4,37,4,-2.320247394247764,0.0,1,0.16401584972514938,0.3402360041685037,0.0,-2.1562315445226146,0.0,516,8.43769498715119e-14
driven_dt2p5e-4,37,5,-2.9438533246558065,0.18042077961838413,1,0.29990656734219306,0.2205841878020101,0.05393254445358573,-2.9648907359322614,0.47958858614469246,516,8.43769498715119e-14
driven_dt2p5e-4,38,0,-0.9226805184503813,0.0,1,0.009280772266269777,0.6275194293435051,0.0,-0.9319612907166511,0.0,517,1.4246381851990009e-12
driven_dt2p5e-4,38,1,-1.3493022938056025,6.283185307179586,1,2.247778884872817,-0.16466042887174193,0.05322480083446268,-3.5083616477636923,5.657907271929536,517,1.4246381851990009e-12
driven_dt2p5e-4,38,2,-1.7807710567401813,0.0,1,0.0450055447049178,0.40136329039631713,0.0,-1.8257766014450991,0.0,517,1.4246381851990009e-12
driven_dt2p5e-4,38,3,-1.9776322153425845,0.0,1,0.11694060171655973,0.3508886267655819,0.0,-2.094572817059144,0.0,517,1.4246381851990009e-12
driven_dt2p5e-4,38,4,-2.320247394247764,0.0,1,0.03421710913732179,0.31885617416456485,0.0,-2.286030285110442,0.0,517,1.4246381851990009e-12
driven_dt2p5e-4,38,5,-2.9438533246558065,0.18042077961838413,1,0.22552723826054133,0.24554677586010598,0.0,-2.8085356337232406,0.0,517,1.4246381851990009e-12
driven_dt2p5e-4,39,0,-0.9226805184503813,0.0,1,0.004857309951341371,0.6289088695850351,0.0,-0.9275378284017227,0.0,516,4.665823283289683e-12
driven_dt2p5e-4,39,1,-1.3493022938056025,6.283185307179586,1,1.9474637338053433,-0.19236070187813953,0.0,-3.296766027610946,6.283185307179586,516,4.665823283289683e-12
driven_dt2p5e-4,39,2,-1.7807710567401813,0.0,1,0.050385631471786985,0.4002850566306414,0.0,-1.8311566882119683,0.0,516,4.665823283289683e-12
driven_dt2p5e-4,39,3,-1.9776322153425845,0.0,1,0.14647552713061618,0.4002850566306414,0.0,-1.8311566882119683,0.0,516,4.665823283289683e-12
driven_dt2p5e-4,39,4,-2.320247394247764,0.0,1,0.026063787312629927,0.3175589516274562,0.0,-2.294183606935134,0.0,516,4.665823283289683e-12
driven_dt2p5e-4,39,5,-2.9438533246558065,0.18042077961838413,1,0.2772732240320633,0.20655291121218955,0.0,-3.1543973415430817,0.0,516,4.665823283289683e-12
driven_dt2p5e-4,40,0,-0.9226805184503813,0.0,1,0.008068979705881052,0.6329867625042102,0.0,-0.9146115387445003,0.0,517,6.128431095930864e-14
driven_dt2p5e-4,40,1,-1.3493022938056025,6.283185307179586,1,1.8809886591091338,-0.23135358162709446,0.27719523119543626,-2.0374425689342006,4.532590751766165,517,6.128431095930864e-14
driven_dt2p5e-4,40,2,-1.7807710567401813,0.0,1,0.022147343976341327,0.4059768257843998,0.0,-1.8029184007165227,0.0,517,6.128431095930864e-14
driven_dt2p5e-4,40,3,-1.9776322153425845,0.0,1,0.17471381462606184,0.4059768257843998,0.0,-1.8029184007165227,0.0,517,6.128431095930864e-14
driven_dt2p5e-4,40,4,-2.320247394247764,0.0,1,0.0674730444581626,0.32420242981864905,0.0,-2.2527743497896013,0.0,517,6.128431095930864e-14
driven_dt2p5e-4,40,5,-2.9438533246558065,0.18042077961838413,1,0.18847857108851052,0.23582476314958656,0.0,-2.889332557589842,0.0,517,6.128431095930864e-14
driven_dt2p5e-4,41,0,-0.9226805184503813,0.0,1,0.008301382489680376,0.6278267976525629,0.0,-0.9309819009400617,0.0,516,4.884981308350689e-15
driven_dt2p5e-4,41,1,-1.3493022938056025,6.283185307179586,1,2.1844365857988866,-0.17086706203858507,0.0,-3.5337388796044893,6.283185307179586,516,4.884981308350689e-15
driven_dt2p5e-4,41,2,-1.7807710567401813,0.0,1,0.012715096662417658,0.4131155347277819,0.0,-1.7680559600777637,0.0,516,4.884981308350689e-15
driven_dt2p5e-4,41,3,-1.9776322153425845,0.0,1,0.09829908578248148,0.35417446418824033,0.0,-2.075931301125066,0.0,516,4.884981308350689e-15
driven_dt2p5e-4,41,4,-2.320247394247764,0.0,1,0.24431609312269797,0.35417446418824033,0.0,-2.075931301125066,0.0,516,4.884981308350689e-15
driven_dt2p5e-4,41,5,-2.9438533246558065,0.18042077961838413,1,0.2511230208469633,0.25042657672205343,0.0,-2.769179016638861,0.0,516,4.884981308350689e-15
driven_dt2p5e-4,42,0,-0.9226805184503813,0.0,1,0.0007423902750710587,0.6302041563693945,0.0,-0.9234229087254524,0.0,517,6.064038160502605e-13
driven_dt2p5e-4,42,1,-1.3493022938056025,6.283185307179586,1,1.867705879699523,-1.2958952809728395,0.0,0.5184035858939203,6.283185307179586,517,6.064038160502605e-13
driven_dt2p5e-4,42,2,-1.7807710567401813,0.0,1,0.11615635809572988,0.4350443281369324,0.0,-1.6646146986444514,0.0,517,6.064038160502605e-13
driven_dt2p5e-4,42,3,-1.9776322153425845,0.0,1,0.03092693741431063,0.377814237642604,0.0,-1.9467052779282739,0.0,517,6.064038160502605e-13
driven_dt2p5e-4,42,4,-2.320247394247764,0.0,1,0.21088969056039586,0.2820788767395069,0.0,-2.53113708480816,0.0,517,6.064038160502605e-13
driven_dt2p5e-4,42,5,-2.9438533246558065,0.18042077961838413,1,0.23057487078231922,0.20865022662701996,0.005154161024610967,-3.1335819491875925,0.04939475140429305,517,6.064038160502605e-13
driven_dt2p5e-4,43,0,-0.9226805184503813,0.0,1,0.001580820050490428,0.6299400207734034,0.0,-0.9242613385008718,0.0,515,7.527312106958561e-13
driven_dt2p5e-4,43,1,-1.3493022938056025,6.283185307179586,0,2.4043526468888845,nan,nan,nan,nan,515,7.527312106958561e-13
driven_dt2p5e-4,43,2,-1.7807710567401813,0.0,1,0.0066103535158945625,0.41185647514949075,0.0,-1.7741607032242868,0.0,515,7.527312106958561e-13
driven_dt2p5e-4,43,3,-1.9776322153425845,0.0,1,0.012340129523547905,0.36972855695508144,0.0,-1.9899723448661324,0.0,515,7.527312106958561e-13
driven_dt2p5e-4,43,4,-2.320247394247764,0.0,1,0.1862506863776452,0.2855754417989803,0.0,-2.506498080625409,0.0,515,7.527312106958561e-13
driven_dt2p5e-4,43,5,-2.9438533246558065,0.18042077961838413,1,0.12700173306715518,0.22905062750351363,0.0353071211608294,-2.924141501266316,0.30588346020796214,515,7.527312106958561e-13
driven_dt2p5e-4,44,0,-0.9226805184503813,0.0,1,0.005469244615287416,0.6321644980882211,0.0,-0.9172112738350939,0.0,517,6.106226635438361e-14
driven_dt2p5e-4,44,1,-1.3493022938056025,6.283185307179586,0,2.2707587736883226,nan,nan,nan,nan,517,6.106226635438361e-14
driven_dt2p5e-4,44,2,-1.7807710567401813,0.0,1,0.007385324267894733,0.41201609443369414,0.0,-1.7733857324722866,0.0,517,6.106226635438361e-14
driven_dt2p5e-4,44,3,-1.9776322153425845,0.0,1,0.0830731536709397,0.3568810719461368,0.0,-2.060705369013524,0.0,517,6.106226635438361e-14
driven_dt2p5e-4,44,4,-2.320247394247764,0.0,1,0.011602088277132605,0.31527101247584766,0.0,-2.3086453059706313,0.0,517,6.106226635438361e-14
driven_dt2p5e-4,44,5,-2.9438533246558065,0.18042077961838413,1,0.2965304905467021,0.25813739609446174,0.0,-2.708526585618862,0.0,517,6.106226635438361e-14
driven_dt2p5e-4,45,0,-0.9226805184503813,0.0,1,0.002237672635601373,0.629733165878001,0.0,-0.9249181910859827,0.0,516,3.2218672174622043e-13
driven_dt2p5e-4,45,1,-1.3493022938056025,6.283185307179586,0,2.258825542870747,nan,nan,nan,nan,516,3.2218672174622043e-13
driven_dt2p5e-4,45,2,-1.7807710567401813,0.0,1,0.07341814559828741,0.39570171315580555,0.0,-1.8541892023384687,0.0,516,3.2218672174622043e-13
driven_dt2p5e-4,45,3,-1.9776322153425845,0.0,1,0.12344301300411575,0.39570171315580555,0.0,-1.8541892023384687,0.0,516,3.2218672174622043e-13
driven_dt2p5e-4,45,4,-2.320247394247764,0.0,1,0.19938153300344919,0.34630585146377607,0.0,-2.1208658612443148,0.0,516,3.2218672174622043e-13
driven_dt2p5e-4,45,5,-2.9438533246558065,0.18042077961838413,1,0.16964515881422573,0.21360619014739518,0.03222214721675964,-3.0647421900317,0.2994391065148456,516,3.2218672174622043e-13
driven_dt2p5e-4,46,0,-0.9226805184503813,0.0,1,0.00894739646549636,0.6332648366563881,0.0,-0.913733121984885,0.0,516,4.949374243778948e-13
driven_dt2p5e-4,46,1,-1.3493022938056025,6.283185307179586,1,0.12165734663492422,-0.47927543774878206,0.0,-1.4709596404405267,6.283185307179586,516,4.949374243778948e-13
driven_dt2p5e-4,46,2,-1.7807710567401813,0.0,1,0.037700223931367516,0.40283201493084897,0.0,-1.8184712806715488,0.0,516,4.949374243778948e-13
driven_dt2p5e-4,46,3,-1.9776322153425845,0.0,1,0.15916093467103565,0.40283201493084897,0.0,-1.8184712806715488,0.0,516,4.949374243778948e-13
driven_dt2p5e-4,46,4,-2.320247394247764,0.0,1,0.05800082278820451,0.3226706014957537,0.0,-2.2622465714595594,0.0,516,4.949374243778948e-13
driven_dt2p5e-4,46,5,-2.9438533246558065,0.18042077961838413,1,0.13367794415985376,0.2208613844722197,0.007734430365594238,-3.019214381537433,0.0700101648184962,516,4.949374243778948e-13
driven_dt2p5e-4,47,0,-0.9226805184503813,0.0,1,0.001627496568903486,0.6309513552457623,0.0,-0.9210530218814779,0.0,516,3.701483564100272e-13
driven_dt2p5e-4,47,1,-1.3493022938056025,6.283185307179586,1,2.1377607706460102,-0.174204520282653,0.06761099810989364,-3.354739593874059,5.5427514154598985,516,3.701483564100272e-13
driven_dt2p5e-4,47,2,-1.7807710567401813,0.0,1,0.012720038236954334,0.4131165554496464,0.0,-1.768051018503227,0.0,516,3.701483564100272e-13
driven_dt2p5e-4,47,3,-1.9776322153425845,0.0,1,0.1831100839853197,0.33946950826681677,0.0,-2.160742299327904,0.0,516,3.701483564100272e-13
driven_dt2p5e-4,47,4,-2.320247394247764,0.0,1,0.15950509491985976,0.33946950826681677,0.0,-2.160742299327904,0.0,516,3.701483564100272e-13
driven_dt2p5e-4,47,5,-2.9438533246558065,0.18042077961838413,1,0.3808799831911638,0.18926686671207704,0.014251013246793688,-3.3235410763457627,0.15030811098328362,516,3.701483564100272e-13
driven_dt2p5e-4,48,0,-0.9226805184503813,0.0,1,0.00783718630285446,0.6329134056773236,0.0,-0.9148433321475269,0.0,516,6.847855615887966e-13
driven_dt2p5e-4,48,1,-1.3493022938056025,6.283185307179586,0,2.3488871208094975,nan,nan,nan,nan,516,6.847855615887966e-13
driven_dt2p5e-4,48,2,-1.7807710567401813,0.0,1,0.0240401083772952,0.41546143944432745,0.0,-1.7567309483628861,0.0,516,6.847855615887966e-13
driven_dt2p5e-4,48,3,-1.9776322153425845,0.0,1,0.11493827844406068,0.3512400989081511,0.0,-2.092570493786645,0.0,516,6.847855615887966e-13
driven_dt2p5e-4,48,4,-2.320247394247764,0.0,1,0.22767690046111877,0.3512400989081511,0.0,-2.092570493786645,0.0,516,6.847855615887966e-13
driven_dt2p5e-4,48,5,-2.9438533246558065,0.18042077961838413,1,0.38835114879934285,0.19322981937359315,0.0,-3.2877500490596074,0.0,516,6.847855615887966e-13
driven_dt2p5e-4,49,0,-0.9226805184503813,0.0,1,0.015077762687939367,0.6352088872520787,0.0,-0.907602755762442,0.0,516,1.4233059175694507e-12
driven_dt2p5e-4,49,1,-1.3493022938056025,6.283185307179586,1,0.4322215849850264,-0.4103429771295773,0.0,-1.781523878790629,6.283185307179586,516,1.4233059175694507e-12
driven_dt2p5e-4,49,2,-1.7807710567401813,0.0,1,0.009934258450346789,0.4125415301412436,0.0,-1.7708367982898345,0.0,516,1.4233059175694507e-12
driven_dt2p5e-4,49,3,-1.9776322153425845,0.0,1,0.12468772119231541,0.349532067760838,0.0,-2.1023199365349,0.0,516,1.4233059175694507e-12
driven_dt2p5e-4,49,4,-2.320247394247764,0.0,1,0.21792745771286404,0.349532067760838,0.0,-2.1023199365349,0.0,516,1.4233059175694507e-12
driven_dt2p5e-4,49,5,-2.9438533246558065,0.18042077961838413,1,0.26102661385982184,0.25218078027047985,0.0,-2.7552181332809758,0.0,516,1.4233059175694507e-12
driven_dt2p5e-4,50,0,-0.9226805184503813,0.0,1,0.008135992485189147,0.6278787179377491,0.0,-0.9308165109355705,0.0,516,9.78772618509538e-13
driven_dt2p5e-4,50,1,-1.3493022938056025,6.283185307179586,1,1.8682906022118566,-0.20012833404153474,0.0,-3.217592896017459,6.283185307179586,516,9.78772618509538e-13
driven_dt2p5e-4,50,2,-1.7807710567401813,0.0,1,0.07302688399221302,0.3957791321722387,0.0,-1.8537979407323943,0.0,516,9.78772618509538e-13
driven_dt2p5e-4,50,3,-1.9776322153425845,0.0,1,0.12383427461019014,0.3957791321722387,0.0,-1.8537979407323943,0.0,516,9.78772618509538e-13
driven_dt2p5e-4,50,4,-2.320247394247764,0.0,1,0.13396835148701447,0.29313914858067747,0.0,-2.4542157457347784,0.0,516,9.78772618509538e-13
driven_dt2p5e-4,50,5,-2.9438533246558065,0.18042077961838413,1,0.2799324644233123,0.20619279873839733,0.0,-3.157887263366478,0.0,516,9.78772618509538e-13
driven_dt2p5e-4,51,0,-0.9226805184503813,0.0,1,0.002662878344656394,0.6312780775763561,0.0,-0.920017640105725,0.0,515,1.2809753258125056e-12
driven_dt2p5e-4,51,1,-1.3493022938056025,6.283185307179586,1,2.011228029870434,-0.18632456332483718,0.0,-3.360530323676037,6.283185307179586,515,1.2809753258125056e-12
driven_dt2p5e-4,51,2,-1.7807710567401813,0.0,1,0.04371435797344159,0.40162249153411256,0.0,-1.824485414713623,0.0,515,1.2809753258125056e-12
driven_dt2p5e-4,51,3,-1.9776322153425845,0.0,1,0.15314680062896158,0.40162249153411256,0.0,-1.824485414713623,0.0,515,1.2809753258125056e-12
driven_dt2p5e-4,51,4,-2.320247394247764,0.0,1,0.15540681437814508,0.3387745998522661,0.0,-2.164840579869619,0.0,515,1.2809753258125056e-12
driven_dt2p5e-4,51,5,-2.9438533246558065,0.18042077961838413,1,0.26933193179400505,0.2536140581170747,0.0,-2.7438832474797823,0.0,515,1.2809753258125056e-12
driven_dt2p5e-4,52,0,-0.9226805184503813,0.0,1,0.010034812775093771,0.6272828864021475,0.0,-0.9327153312254751,0.0,516,9.274803147718558e-13
driven_dt2p5e-4,52,1,-1.3493022938056025,6.283185307179586,1,1.1946440435296655,-0.9255851701229306,0.0,-0.15465825027593705,6.283185307179586,516,9.274803147718558e-13
driven_dt2p5e-4,52,2,-1.7807710567401813,0.0,1,0.06980303170191648,0.3964176133571013,0.0,-1.8505740884420978,0.0,516,9.274803147718558e-13
driven_dt2p5e-4,52,3,-1.9776322153425845,0.0,1,0.12705812690048668,0.3964176133571013,0.0,-1.8505740884420978,0.0,516,9.274803147718558e-13
driven_dt2p5e-4,52,4,-2.320247394247764,0.0,1,0.09147268652782614,0.3281162364811214,0.0,-2.228774707719938,0.0,516,9.274803147718558e-13
driven_dt2p5e-4,52,5,-2.9438533246558065,0.18042077961838413,1,0.21158109696650373,0.24252120322123535,0.0,-2.833332272926086,0.0,516,9.274803147718558e-13
driven_dt2p5e-4,53,0,-0.9226805184503813,0.0,1,0.006225797194491456,0.6324036761638214,0.0,-0.9164547212558899,0.0,516,5.335731856348502e-13
driven_dt2p5e-4,53,1,-1.3493022938056025,6.283185307179586,1,1.9716236472637931,-0.19005097173044933,0.0,-3.3209259410693956,6.283185307179586,516,5.335731856348502e-13
driven_dt2p5e-4,53,2,-1.7807710567401813,0.0,1,0.002142093256887634,0.41005803726427675,0.0,-1.782913149997069,0.0,516,5.335731856348502e-13
driven_dt2p5e-4,53,3,-1.9776322153425845,0.0,1,0.07502438937797118,0.3583201916019302,0.0,-2.0526566047205557,0.0,516,5.335731856348502e-13
driven_dt2p5e-4,53,4,-2.320247394247764,0.0,1,0.2675907895272083,0.3583201916019302,0.0,-2.0526566047205557,0.0,516,5.335731856348502e-13
driven_dt2p5e-4,53,5,-2.9438533246558065,0.18042077961838413,1,0.23419984077496114,0.20394943905967772,0.027218736352918355,-3.1621119803550517,0.26534854087096577,516,5.335731856348502e-13
driven_dt2p5e-4,54,0,-0.9226805184503813,0.0,1,0.003392273924368694,0.6315083452825424,0.0,-0.9192882445260127,0.0,516,1.5372147998959917e-12
driven_dt2p5e-4,54,1,-1.3493022938056025,6.283185307179586,1,2.0305675067867,-0.18453153655035823,0.0,-3.379869800592303,6.283185307179586,516,1.5372147998959917e-12
driven_dt2p5e-4,54,2,-1.7807710567401813,0.0,1,0.020329985255081118,0.4146914473101088,0.0,-1.7604410714851002,0.0,516,1.5372147998959917e-12
driven_dt2p5e-4,54,3,-1.9776322153425845,0.0,1,0.21719114385748428,0.4146914473101088,0.0,-1.7604410714851002,0.0,516,1.5372147998959917e-12
driven_dt2p5e-4,54,4,-2.320247394247764,0.0,1,0.11251076627240231,0.33158592113765184,0.0,-2.2077366279753616,0.0,516,1.5372147998959917e-12
driven_dt2p5e-4,54,5,-2.9438533246558065,0.18042077961838413,1,0.13566963416304062,0.23966417939143791,0.03215573016528427,-2.839191711215134,0.26674688404762675,516,1.5372147998959917e-12
driven_dt2p5e-4,55,0,-0.9226805184503813,0.0,1,0.0038634084045507944,0.6292214840047258,0.0,-0.9265439268549321,0.0,516,1.6111556533360272e-12
driven_dt2p5e-4,55,1,-1.3493022938056025,6.283185307179586,0,2.3236724838319507,nan,nan,nan,nan,516,1.6111556533360272e-12
driven_dt2p5e-4,55,2,-1.7807710567401813,0.0,1,0.016931595256177046,0.40703694406597035,0.0,-1.7977026519963584,0.0,516,1.6111556533360272e-12
driven_dt2p5e-4,55,3,-1.9776322153425845,0.0,1,0.07406639982128804,0.3860521141957448,0.0,-1.9035658155212964,0.0,516,1.6111556533360272e-12
driven_dt2p5e-4,55,4,-2.320247394247764,0.0,1,0.017342255665775852,0.31617716641484145,0.0,-2.302905138581988,0.0,516,1.6111556533360272e-12
driven_dt2p5e-4,55,5,-2.9438533246558065,0.18042077961838413,1,0.32053570954772787,0.26198755258764356,0.0,-2.6789165711142116,0.0,516,1.6111556533360272e-12
driven_dt2p5e-4,56,0,-0.9226805184503813,0.0,1,0.005644902499567062,0.628661256373216,0.0,-0.9283254209499484,0.0,516,2.091660178393795e-13
driven_dt2p5e-4,56,1,-1.3493022938056025,6.283185307179586,1,2.1848972636062713,-0.1693279799757057,0.08817112655162655,-3.311920483004847,5.3230259995964895,516,2.091660178393795e-13
driven_dt2p5e-4,56,2,-1.7807710567401813,0.0,1,0.01372739307982207,0.407689581052605,0.0,-1.7944984498200034,0.0,516,2.091660178393795e-13
driven_dt2p5e-4,56,3,-1.9776322153425845,0.0,1,0.06977459031493227,0.35926198161633177,0.0,-2.0474068056575168,0.0,516,2.091660178393795e-13
driven_dt2p5e-4,56,4,-2.320247394247764,0.0,1,0.13355106522742588,0.2932003164310065,0.0,-2.45379845947519,0.0,516,2.091660178393795e-13
driven_dt2p5e-4,56,5,-2.9438533246558065,0.18042077961838413,1,0.21231756903592253,0.253435714792615,0.027032595403946202,-2.7339770753494412,0.21252545370824408,516,2.091660178393795e-13
driven_dt2p5e-4,57,0,-0.9226805184503813,0.0,1,0.003861459828760405,0.6316565100681263,0.0,-0.9188190586216209,0.0,516,4.596323321948148e-14
driven_dt2p5e-4,57,1,-1.3493022938056025,6.283185307179586,1,1.7855126271192046,-0.20858524748549354,0.0,-3.134814920924807,6.283185307179586,516,4.596323321948148e-14
driven_dt2p5e-4,57,2,-1.7807710567401813,0.0,1,0.06342228960292935,0.4042841598138273,0.011328678312873045,-1.8104896643137067,0.05602848545488839,516,4.596323321948148e-14
driven_dt2p5e-4,57,3,-1.9776322153425845,0.0,1,0.17628336151438015,0.4042841598138273,0.011328678312873045,-1.8104896643137067,0.05602848545488839,516,4.596323321948148e-14
driven_dt2p5e-4,57,4,-2.320247394247764,0.0,1,0.05639519623594591,0.3047323906455,0.0,-2.37664259048371,0.0,516,4.596323321948148e-14
driven_dt2p5e-4,57,5,-2.9438533246558065,0.18042077961838413,1,0.18320536657829828,0.2473923306721176,0.03187623689601216,-2.777093899262426,0.25628579385787564,516,4.596323321948148e-14
driven_dt2p5e-4,58,0,-0.9226805184503813,0.0,1,0.011476612191514746,0.6340661749307385,0.0,-0.9112039062588666,0.0,515,3.814726312612038e-13
driven_dt2p5e-4,58,1,-1.3493022938056025,6.283185307179586,0,2.3063247787694094,nan,nan,nan,nan,515,3.814726312612038e-13
driven_dt2p5e-4,58,2,-1.7807710567401813,0.0,1,0.004844366732696281,0.4095043669118633,0.0,-1.7856154234728776,0.0,515,3.814726312612038e-13
driven_dt2p5e-4,58,3,-1.9776322153425845,0.0,1,0.19201679186970688,0.4095043669118633,0.0,-1.7856154234728776,0.0,515,3.814726312612038e-13
driven_dt2p5e-4,58,4,-2.320247394247764,0.0,1,0.09989678198170493,0.32950119243186443,0.0,-2.220350612266059,0.0,515,3.814726312612038e-13
driven_dt2p5e-4,58,5,-2.9438533246558065,0.18042077961838413,1,0.2477918458435963,0.24982328084600466,0.0,-2.774002975381891,0.0,515,3.814726312612038e-13
driven_dt2p5e-4,59,0,-0.9226805184503813,0.0,1,0.0036009071373814816,0.6315742255262448,0.0,-0.9190796113129999,0.0,516,6.092903959142859e-13
driven_dt2p5e-4,59,1,-1.3493022938056025,6.283185307179586,0,2.290703983752324,nan,nan,nan,nan,516,6.092903959142859e-13
driven_dt2p5e-4,59,2,-1.7807710567401813,0.0,1,0.009885470535380803,0.40847348963685265,0.0,-1.7906565272755621,0.0,516,6.092903959142859e-13
driven_dt2p5e-4,59,3,-1.9776322153425845,0.0,1,0.04344268922518424,0.3640232818429248,0.0,-2.0210749045677687,0.0,516,6.092903959142859e-13
driven_dt2p5e-4,59,4,-2.320247394247764,0.0,1,0.21616732212124834,0.28133550379173816,0.0,-2.5364147163690123,0.0,516,6.092903959142859e-13
driven_dt2p5e-4,59,5,-2.9438533246558065,0.18042077961838413,1,0.22829308600966247,0.21398142721280208,0.0,-3.083732112903738,0.0,516,6.092903959142859e-13
driven_dt2p5e-4,60,0,-0.9226805184503813,0.0,1,0.002235537834350265,0.6311432066379149,0.0,-0.9204449806160311,0.0,516,3.5793590313915047e-13
driven_dt2p5e-4,60,1,-1.3493022938056025,6.283185307179586,1,1.3527133490896952,-0.2589791243625951,0.0,-2.7020156428952977,6.283185307179586,516,3.5793590313915047e-13
driven_dt2p5e-4,60,2,-1.7807710567401813,0.0,1,0.18349079221435294,0.3745121907529875,0.0,-1.9642618489545343,0.0,516,3.5793590313915047e-13
driven_dt2p5e-4,60,3,-1.9776322153425845,0.0,1,0.013370366388050225,0.3745121907529875,0.0,-1.9642618489545343,0.0,516,3.5793590313915047e-13
driven_dt2p5e-4,60,4,-2.320247394247764,0.0,1,0.14229553098487102,0.29192117475781193,0.0,-2.462542925232635,0.0,516,3.5793590313915047e-13
driven_dt2p5e-4,60,5,-2.9438533246558065,0.18042077961838413,1,0.2172456965246225,0.24379675012379637,0.0,-2.822840784229771,0.0,516,3.5793590313915047e-13
driven_dt2p5e-4,61,0,-0.9226805184503813,0.0,1,0.004227504650151981,0.6291069458407821,0.0,-0.9269080231005333,0.0,516,6.230571614196379e-13
driven_dt2p5e-4,61,1,-1.3493022938056025,6.283185307179586,0,2.2855219786048773,nan,nan,nan,nan,516,6.230571614196379e-13
driven_dt2p5e-4,61,2,-1.7807710567401813,0.0,1,0.08072053512564503,0.39425956351948716,0.0,-1.8614915918658264,0.0,516,6.230571614196379e-13
driven_dt2p5e-4,61,3,-1.9776322153425845,0.0,1,0.061006071192834854,0.3835393437873597,0.0,-1.9166261441497496,0.0,516,6.230571614196379e-13
driven_dt2p5e-4,61,4,-2.320247394247764,0.0,1,0.14805085444925536,0.2910823318962628,0.0,-2.4682982486970193,0.0,516,6.230571614196379e-13
driven_dt2p5e-4,61,5,-2.9438533246558065,0.18042077961838413,1,0.37147676875927305,0.191910249730385,0.03496495155505929,-3.2687992214463026,0.3604350954014647,516,6.230571614196379e-13
driven_dt2p5e-4,62,0,-0.9226805184503813,0.0,1,0.013165402864706244,0.6263017716757033,0.0,-0.9358459213150876,0.0,516,1.0893508317622036e-12
driven_dt2p5e-4,62,1,-1.3493022938056025,6.283185307179586,1,2.0149441413719495,-0.18597868333010953,0.0,-3.3642464351775523,6.283185307179586,516,1.0893508317622036e-12
driven_dt2p5e-4,62,2,-1.7807710567401813,0.0,1,0.1717180487006385,0.3833600922228463,0.020627141107120463,-1.9146701638857757,0.10750868502203668,516,1.0893508317622036e-12
driven_dt2p5e-4,62,3,-1.9776322153425845,0.0,1,0.12458867235353835,0.3833600922228463,0.020627141107120463,-1.9146701638857757,0.10750868502203668,516,1.0893508317622036e-12
driven_dt2p5e-4,62,4,-2.320247394247764,0.0,1,0.09182226285895956,0.29938203008520475,0.0,-2.4120696571067235,0.0,516,1.0893508317622036e-12
driven_dt2p5e-4,62,5,-2.9438533246558065,0.18042077961838413,1,0.2781459312801162,0.2064343859691415,0.0,-3.1555453211260973,0.0,516,1.0893508317622036e-12
driven_dt2p5e-4,63,0,-0.9226805184503813,0.0,1,0.006997511674397883,0.6282362336202193,0.0,-0.9296780301247792,0.0,517,1.305622276959184e-13
driven_dt2p5e-4,63,1,-1.3493022938056025,6.283185307179586,1,1.7222118583927302,-0.21529263654569553,0.0,-3.0715141521983327,6.283185307179586,517,1.305622276959184e-13
driven_dt2p5e-4,63,2,-1.7807710567401813,0.0,1,0.06159796764267966,0.42333707716123814,0.0,-1.7191730890975017,0.0,517,1.305622276959184e-13
driven_dt2p5e-4,63,3,-1.9776322153425845,0.0,1,0.02176037299442668,0.3760865705857457,0.0,-1.9558718423481578,0.0,517,1.305622276959184e-13
driven_dt2p5e-4,63,4,-2.320247394247764,0.0,1,0.09698596008788707,0.29861006797910217,0.0,-2.417233354335651,0.0,517,1.305622276959184e-13
driven_dt2p5e-4,63,5,-2.9438533246558065,0.18042077961838413,1,0.36405297960661587,0.26687010793581223,0.04502657566595123,-2.6139173455375264,0.33429352458550593,517,1.305622276959184e-13
driven_dt2p5e-4,64,0,-0.9226805184503813,0.0,1,0.00681062789432918,0.6325886277460998,0.0,-0.9158698905560522,0.0,516,1.2354561818028742e-12
driven_dt2p5e-4,64,1,-1.3493022938056025,6.283185307179586,1,1.9722512996621846,-0.19005762915724858,0.038040105117039244,-3.281577314430262,5.888105019530166,516,1.2354561818028742e-12
driven_dt2p5e-4,64,2,-1.7807710567401813,0.0,1,0.07695088733246735,0.3950033741220638,0.0,-1.8577219440726487,0.0,516,1.2354561818028742e-12
driven_dt2p5e-4,64,3,-1.9776322153425845,0.0,1,0.11991027126993581,0.3950033741220638,0.0,-1.8577219440726487,0.0,516,1.2354561818028742e-12
driven_dt2p5e-4,64,4,-2.320247394247764,0.0,1,0.1493875194917722,0.33775654051231213,0.0,-2.1708598747559917,0.0,516,1.2354561818028742e-12
driven_dt2p5e-4,64,5,-2.9438533246558065,0.18042077961838413,1,0.20166055916197445,0.21937576288589367,0.0,-3.0339384144510366,0.0,516,1.2354561818028742e-12
driven_dt2p5e-4,65,0,-0.9226805184503813,0.0,1,0.0071257081291006275,0.628195966081839,0.0,-0.929806226579482,0.0,516,3.7281289166912757e-13
driven_dt2p5e-4,65,1,-1.3493022938056025,6.283185307179586,1,2.0844378110761532,-0.17962749359707753,0.0,-3.433740104881756,6.283185307179586,516,3.7281289166912757e-13
driven_dt2p5e-4,65,2,-1.7807710567401813,0.0,1,0.12183770372353764,0.436281903674096,0.0,-1.6589333530166437,0.0,516,3.7281289166912757e-13
driven_dt2p5e-4,65,3,-1.9776322153425845,0.0,1,0.031407105259370516,0.37790495565629745,0.0,-1.946225110083214,0.0,516,3.7281289166912757e-13
driven_dt2p5e-4,65,4,-2.320247394247764,0.0,1,0.03668340666630687,0.3077506504181681,0.0,-2.356930800914071,0.0,516,3.7281289166912757e-13
driven_dt2p5e-4,65,5,-2.9438533246558065,0.18042077961838413,1,0.2292299125268337,0.20548298128283626,0.030393028128041785,-3.143142579858073,0.29369101206268367,516,3.7281289166912757e-13
driven_dt2p5e-4,66,0,-0.9226805184503813,0.0,1,0.017073241386650673,0.6250792233501593,0.0,-0.939753759837032,0.0,516,1.6138201885951275e-12
driven_dt2p5e-4,66,1,-1.3493022938056025,6.283185307179586,0,2.259626284236563,nan,nan,nan,nan,516,1.6138201885951275e-12
driven_dt2p5e-4,66,2,-1.7807710567401813,0.0,1,0.023878886716021563,0.41542795010241623,0.0,-1.7568921700241598,0.0,516,1.6138201885951275e-12
driven_dt2p5e-4,66,3,-1.9776322153425845,0.0,1,0.0990693780398284,0.39090863411155286,0.0,-1.878562837302756,0.0,516,1.6138201885951275e-12
driven_dt2p5e-4,66,4,-2.320247394247764,0.0,1,0.22970115659405727,0.3481936158494033,0.015324737524317438,-2.1080579804899076,0.0879674600619163,516,1.6138201885951275e-12
driven_dt2p5e-4,66,5,-2.9438533246558065,0.18042077961838413,1,0.2409052840582176,0.24669018249413718,0.04314159495785725,-2.7691188555242126,0.346261731088371,516,1.6138201885951275e-12
driven_dt2p5e-4,67,0,-0.9226805184503813,0.0,1,0.010016821892804284,0.6336035419626048,0.0,-0.9126636965575771,0.0,517,2.708944180085382e-14
driven_dt2p5e-4,67,1,-1.3493022938056025,6.283185307179586,1,0.32383902197298964,-0.5988574818824037,0.0,-1.0254632718326129,6.283185307179586,517,2.708944180085382e-14
driven_dt2p5e-4,67,2,-1.7807710567401813,0.0,1,0.07146961683673014,0.39608741909961853,0.0,-1.8522406735769115,0.0,517,2.708944180085382e-14
driven_dt2p5e-4,67,3,-1.9776322153425845,0.0,1,0.12539154176567302,0.39608741909961853,0.0,-1.8522406735769115,0.0,517,2.708944180085382e-14
driven_dt2p5e-4,67,4,-2.320247394247764,0.0,1,0.19248708117760582,0.28468634810408794,0.0,-2.5127344754253698,0.0,517,2.708944180085382e-14
driven_dt2p5e-4,67,5,-2.9438533246558065,0.18042077961838413,1,0.4673490343200482,0.28468634810408794,0.0,-2.5127344754253698,0.0,517,2.708944180085382e-14
driven_dt2p5e-4,68,0,-0.9226805184503813,0.0,1,0.0024189396903475657,0.629676093526247,0.0,-0.9250994581407289,0.0,516,5.53113110868253e-13
driven_dt2p5e-4,68,1,-1.3493022938056025,6.283185307179586,1,2.1600559000498505,-0.17155584062119425,0.09647007128986038,-3.250937317751699,5.258672873364507,516,5.53113110868253e-13
driven_dt2p5e-4,68,2,-1.7807710567401813,0.0,1,0.025915373024272936,0.40521267960550694,0.0,-1.8066864297644543,0.0,516,5.53113110868253e-13
driven_dt2p5e-4,68,3,-1.9776322153425845,0.0,1,0.1306850635631065,0.34848550595246713,0.0,-2.108317278905691,0.0,516,5.53113110868253e-13
driven_dt2p5e-4,68,4,-2.320247394247764,0.0,1,0.21193011534207296,0.34848550595246713,0.0,-2.108317278905691,0.0,516,5.53113110868253e-13
driven_dt2p5e-4,68,5,-2.9438533246558065,0.18042077961838413,1,0.32046880398695776,0.2619769488414726,0.0,-2.6789975212254764,0.0,516,5.53113110868253e-13
driven_dt2p5e-4,69,0,-0.9226805184503813,0.0,1,0.005648831379964525,0.6286600214069856,0.0,-0.9283293498303459,0.0,516,1.7275070263167436e-13
driven_dt2p5e-4,69,1,-1.3493022938056025,6.283185307179586,1,2.2001311189021493,-0.16691131444076288,0.12782160314011315,-3.1190814161352076,4.976105050069154,516,1.7275070263167436e-13
driven_dt2p5e-4,69,2,-1.7807710567401813,0.0,1,0.016940395949927023,0.4139892256915445,0.0,-1.7638306607902543,0.0,516,1.7275070263167436e-13
driven_dt2p5e-4,69,3,-1.9776322153425845,0.0,1,0.04507021189481453,0.3637271742679767,0.0,-2.022702427237399,0.0,516,1.7275070263167436e-13
driven_dt2p5e-4,69,4,-2.320247394247764,0.0,1,0.2712493562217436,0.32644957280189546,0.041546779651634544,-2.222892060462399,0.25317612887918667,516,1.7275070263167436e-13
driven_dt2p5e-4,69,5,-2.9438533246558065,0.18042077961838413,1,0.3936082621914868,0.2733464079492468,0.0,-2.5940307891505925,0.0,516,1.7275070263167436e-13
driven_dt2p5e-4,70,0,-0.9226805184503813,0.0,1,0.014204634323197962,0.6349316383264595,0.0,-0.9084758841271834,0.0,515,7.598366380534571e-13
driven_dt2p5e-4,70,1,-1.3493022938056025,6.283185307179586,1,2.12739698184897,-0.1751029930209622,0.07253899424542512,-3.3263785263954038,5.497699795595428,515,7.598366380534571e-13
driven_dt2p5e-4,70,2,-1.7807710567401813,0.0,1,0.014122247896151796,0.40760909990013605,0.0,-1.7948933046363331,0.0,515,7.598366380534571e-13
driven_dt2p5e-4,70,3,-1.9776322153425845,0.0,1,0.044969087708711,0.3637455655401542,0.0,-2.0226013030512955,0.0,515,7.598366380534571e-13
driven_dt2p5e-4,70,4,-2.320247394247764,0.0,1,0.293505111722677,0.2706642237765971,0.0,-2.613752505970441,0.0,515,7.598366380534571e-13
driven_dt2p5e-4,70,5,-2.9438533246558065,0.18042077961838413,1,0.37618905913762846,0.2706642237765971,0.0,-2.613752505970441,0.0,515,7.598366380534571e-13
driven_dt2p5e-4,71,0,-0.9226805184503813,0.0,1,0.004998544145583539,0.632015735531469,0.0,-0.9176819743047978,0.0,517,6.394884621840902e-14
driven_dt2p5e-4,71,1,-1.3493022938056025,6.283185307179586,0,2.5513312061987525,nan,nan,nan,nan,517,6.394884621840902e-14
driven_dt2p5e-4,71,2,-1.7807710567401813,0.0,1,0.034356321237180465,0.41760997017795476,0.0,-1.7464147355030009,0.0,517,6.394884621840902e-14
driven_dt2p5e-4,71,3,-1.9776322153425845,0.0,1,0.01738991221849928,0.3752656320797626,0.0,-1.9602423031240852,0.0,517,6.394884621840902e-14
driven_dt2p5e-4,71,4,-2.320247394247764,0.0,1,0.0547073730062341,0.315270592390074,0.008404652767772011,-2.307937545705022,0.05330444906476367,517,6.394884621840902e-14
driven_dt2p5e-4,71,5,-2.9438533246558065,0.18042077961838413,1,0.24308051065713043,0.2159659731572609,0.044937056457272286,-3.022884776797535,0.41029501530759954,517,6.394884621840902e-14
driven_dt2p5e-4,72,0,-0.9226805184503813,0.0,1,0.018331785062542072,0.624686002332852,0.0,-0.9410123035129234,0.0,516,6.609157665593557e-13
driven_dt2p5e-4,72,1,-1.3493022938056025,6.283185307179586,1,1.8741579765394771,-0.203838391688894,0.130887153204279,-2.835630136543898,5.141564676266028,516,6.609157665593557e-13
driven_dt2p5e-4,72,2,-1.7807710567401813,0.0,1,0.13117738018647707,0.4383240340857804,0.0,-1.6495936765537043,0.0,516,6.609157665593557e-13
driven_dt2p5e-4,72,3,-1.9776322153425845,0.0,1,0.061592560978058764,0.3836518312334195,0.0,-1.9160396543645257,0.0,516,6.609157665593557e-13
driven_dt2p5e-4,72,4,-2.320247394247764,0.0,1,0.281437570809965,0.27230228645103943,0.0,-2.601684965057729,0.0,516,6.609157665593557e-13
driven_dt2p5e-4,72,5,-2.9438533246558065,0.18042077961838413,1,0.1804347181681786,0.22974040043178703,0.0,-2.9416106025766102,0.0,516,6.609157665593557e-13
driven_dt2p5e-4,73,0,-0.9226805184503813,0.0,1,0.011557983848410114,0.6340919729631598,0.0,-0.9111225346019712,0.0,516,2.682298827494378e-13
driven_dt2p5e-4,73,1,-1.3493022938056025,6.283185307179586,1,2.1928024329138287,-0.17015383091516317,0.0,-3.5421047267194314,6.283185307179586,516,2.682298827494378e-13
driven_dt2p5e-4,73,2,-1.7807710567401813,0.0,1,0.015514121694751193,0.4073255283724152,0.0,-1.7962851784349325,0.0,516,2.682298827494378e-13
driven_dt2p5e-4,73,3,-1.9776322153425845,0.0,1,0.03521757425175087,0.36552343112674035,0.0,-2.0128497895943354,0.0,516,2.682298827494378e-13
driven_dt2p5e-4,73,4,-2.320247394247764,0.0,1,0.3073976046534286,0.36552343112674035,0.0,-2.0128497895943354,0.0,516,2.682298827494378e-13
driven_dt2p5e-4,73,5,-2.9438533246558065,0.18042077961838413,1,0.3611249726092833,0.2683363423901795,0.0,-2.631028152836226,0.0,516,2.682298827494378e-13
driven_dt2p5e-4,74,0,-0.9226805184503813,0.0,1,0.0017790534023338633,0.6298775863067138,0.0,-0.9244595718527152,0.0,517,9.00390872971002e-13
driven_dt2p5e-4,74,1,-1.3493022938056025,6.283185307179586,0,2.618100067540884,nan,nan,nan,nan,517,9.00390872971002e-13
driven_dt2p5e-4,74,2,-1.7807710567401813,0.0,1,0.08930823680010014,0.39257030107848934,0.0,-1.8700792935402815,0.0,517,9.00390872971002e-13
driven_dt2p5e-4,74,3,-1.9776322153425845,0.0,1,0.10755292180230303,0.39257030107848934,0.0,-1.8700792935402815,0.0,517,9.00390872971002e-13
driven_dt2p5e-4,74,4,-2.320247394247764,0.0,1,0.10654169729981433,0.3305977668446238,0.0,-2.2137056969479496,0.0,517,9.00390872971002e-13
driven_dt2p5e-4,74,5,-2.9438533246558065,0.18042077961838413,1,0.22830100283936278,0.21398004484262897,0.0,-3.083745033414236,0.0,517,9.00390872971002e-13
driven_dt2p5e-4,75,0,-0.9226805184503813,0.0,1,0.0065463886215262335,0.6325050558874736,0.0,-0.9161341298288551,0.0,516,5.311306949806749e-13
driven_dt2p5e-4,75,1,-1.3493022938056025,6.283185307179586,1,0.402894809363617,-0.6230031262054532,0.0,-0.9464074844419855,6.283185307179586,516,5.311306949806749e-13
driven_dt2p5e-4,75,2,-1.7807710567401813,0.0,1,0.008449962902894237,0.412235476945476,0.0,-1.772321093837287,0.0,516,5.311306949806749e-13
driven_dt2p5e-4,75,3,-1.9776322153425845,0.0,1,0.07880724569663711,0.35764309524289606,0.0,-2.0564394610392216,0.0,516,5.311306949806749e-13
driven_dt2p5e-4,75,4,-2.320247394247764,0.0,1,0.2398955940158216,0.27801742312835676,0.0,-2.5601429882635856,0.0,516,5.311306949806749e-13
driven_dt2p5e-4,75,5,-2.9438533246558065,0.18042077961838413,1,0.4240109432223854,0.27801742312835676,0.0,-2.5601429882635856,0.0,516,5.311306949806749e-13
driven_dt2p5e-4,76,0,-0.9226805184503813,0.0,1,0.005012238576289962,0.6320200630941326,0.0,-0.9176682798740914,0.0,517,2.2648549702353193e-14
driven_dt2p5e-4,76,1,-1.3493022938056025,6.283185307179586,0,2.31258600473669,nan,nan,nan,nan,517,2.2648549702353193e-14
driven_dt2p5e-4,76,2,-1.7807710567401813,0.0,1,0.016583794144743313,0.4071077341717817,0.0,-1.7973548508849246,0.0,517,2.2648549702353193e-14
driven_dt2p5e-4,76,3,-1.9776322153425845,0.0,1,0.18027736445765985,0.4071077341717817,0.0,-1.7973548508849246,0.0,517,2.2648549702353193e-14
driven_dt2p5e-4,76,4,-2.320247394247764,0.0,1,0.046740898395990715,0.3208590823844894,0.0,-2.2735064958517732,0.0,517,2.2648549702353193e-14
driven_dt2p5e-4,76,5,-2.9438533246558065,0.18042077961838413,1,0.18959932914598956,0.22289257939210988,0.0,-3.0021306606836635,0.0,517,2.2648549702353193e-14
driven_dt2p5e-4,77,0,-0.9226805184503813,0.0,1,0.013904952409998339,0.6348365066898829,0.0,-0.908775566040383,0.0,517,4.758415883543421e-13
driven_dt2p5e-4,77,1,-1.3493022938056025,6.283185307179586,0,2.2675904863942398,nan,nan,nan,nan,517,4.758415883543421e-13
driven_dt2p5e-4,77,2,-1.7807710567401813,0.0,1,0.023484194521749657,0.4153459751068111,0.0,-1.7572868622184317,0.0,517,4.758415883543421e-13
driven_dt2p5e-4,77,3,-1.9776322153425845,0.0,1,0.12938554786641898,0.34871201072365127,0.0,-2.1070177632090035,0.0,517,4.758415883543421e-13
driven_dt2p5e-4,77,4,-2.320247394247764,0.0,1,0.21322963103876047,0.34871201072365127,0.0,-2.1070177632090035,0.0,517,4.758415883543421e-13
driven_dt2p5e-4,77,5,-2.9438533246558065,0.18042077961838413,1,0.22242007580075257,0.24490373308042432,0.0,-2.8137801437109746,0.0,517,4.758415883543421e-13
driven_dt2p5e-4,78,0,-0.9226805184503813,0.0,1,0.0002761530740392759,0.6305251832334263,0.0,-0.9224043653763421,0.0,516,2.1715962361668062e-13
driven_dt2p5e-4,78,1,-1.3493022938056025,6.283185307179586,1,0.6152063131150658,-0.37446598667011116,0.0,-1.9645086069206683,6.283185307179586,516,2.1715962361668062e-13
driven_dt2p5e-4,78,2,-1.7807710567401813,0.0,1,0.026383423457361665,0.4051178607158541,0.0,-1.807154480197543,0.0,516,2.1715962361668062e-13
driven_dt2p5e-4,78,3,-1.9776322153425845,0.0,1,0.022135655791815534,0.3679221413680598,0.0,-1.9997678711344,0.0,516,2.1715962361668062e-13
driven_dt2p5e-4,78,4,-2.320247394247764,0.0,1,0.287445835110925,0.28678303447532455,0.034025423978753105,-2.484080131370761,0.23618624508934474,516,2.1715962361668062e-13
driven_dt2p5e-4,78,5,-2.9438533246558065,0.18042077961838413,1,0.21147994837707607,0.24249770865625628,0.0,-2.8335260349788403,0.0,516,2.1715962361668062e-13
driven_dt2p5e-4,79,0,-0.9226805184503813,0.0,1,0.001547325183299808,0.6299505707404125,0.0,-0.9242278436336812,0.0,517,1.823208251039432e-12
driven_dt2p5e-4,79,1,-1.3493022938056025,6.283185307179586,1,1.8639903616644262,-0.20126395715400586,0.05925604745662797,-3.1231461964658385,5.710526702622751,517,1.823208251039432e-12
driven_dt2p5e-4,79,2,-1.7807710567401813,0.0,1,0.1659458660684967,0.37781203784820194,0.0,-1.946716922808678,0.0,517,1.823208251039432e-12
driven_dt2p5e-4,79,3,-1.9776322153425845,0.0,1,0.030915292533906458,0.37781203784820194,0.0,-1.946716922808678,0.0,517,1.823208251039432e-12
driven_dt2p5e-4,79,4,-2.320247394247764,0.0,1,0.3316606729208247,0.26554949506497144,0.0,-2.6519080671685886,0.0,517,1.823208251039432e-12
driven_dt2p5e-4,79,5,-2.9438533246558065,0.18042077961838413,1,0.32650735346189674,0.20028933835190593,0.0,-3.215984532249839,0.0,517,1.823208251039432e-12
driven_dt2p5e-4,80,0,-0.9226805184503813,0.0,1,0.016625679460192444,0.6252191198333562,0.0,-0.9393061979105738,0.0,516,9.516831767086842e-13
driven_dt2p5e-4,80,1,-1.3493022938056025,6.283185307179586,1,1.9943882853119759,-0.18790001559643876,0.0,-3.3436905791175784,6.283185307179586,516,9.516831767086842e-13
driven_dt2p5e-4,80,2,-1.7807710567401813,0.0,1,0.04011756000756139,0.40234541887546776,0.0,-1.8208886167477427,0.0,516,9.516831767086842e-13
driven_dt2p5e-4,80,3,-1.9776322153425845,0.0,1,0.005486188247970869,0.37099777941561196,0.0,-1.9831184035905554,0.0,516,9.516831767086842e-13
driven_dt2p5e-4,80,4,-2.320247394247764,0.0,1,0.3371289906572086,0.37099777941561196,0.0,-1.9831184035905554,0.0,516,9.516831767086842e-13
driven_dt2p5e-4,80,5,-2.9438533246558065,0.18042077961838413,1,0.22571995038350767,0.2282793720556329,0.04675713154868663,-2.913273390751128,0.4040596931453432,516,9.516831767086842e-13
driven_dt2p5e-4,81,0,-0.9226805184503813,0.0,1,0.0030525969603194536,0.6294766257092784,0.0,-0.9257331154107008,0.0,516,4.871658632055187e-13
driven_dt2p5e-4,81,1,-1.3493022938056025,6.283185307179586,1,2.0118559352085086,-0.1862660754125727,0.0,-3.361158229014111,6.283185307179586,516,4.871658632055187e-13
driven_dt2p5e-4,81,2,-1.7807710567401813,0.0,1,0.0237841475053151,0.40564470955462845,0.0,-1.8045552042454964,0.0,516,4.871658632055187e-13
driven_dt2p5e-4,81,3,-1.9776322153425845,0.0,1,0.03062182239234712,0.3777566036392576,0.0,-1.9470103929502374,0.0,516,4.871658632055187e-13
driven_dt2p5e-4,81,4,-2.320247394247764,0.0,1,0.11550938419667967,0.33208344375779464,0.0,-2.2047380100510843,0.0,516,4.871658632055187e-13
driven_dt2p5e-4,81,5,-2.9438533246558065,0.18042077961838413,1,0.18286016702998445,0.23292418849960533,0.0,-2.9140844992149484,0.0,516,4.871658632055187e-13
driven_dt2p5e-4,82,0,-0.9226805184503813,0.0,1,0.00680680106676268,0.6325874173434584,0.0,-0.9158737173836187,0.0,516,6.572520305780927e-13
driven_dt2p5e-4,82,1,-1.3493022938056025,6.283185307179586,1,0.07038501592535251,-0.5275779569098068,0.0,-1.27891727788025,6.283185307179586,516,6.572520305780927e-13
driven_dt2p5e-4,82,2,-1.7807710567401813,0.0,1,0.010981641402525,0.40824967260821177,0.0,-1.7917526981427063,0.0,516,6.572520305780927e-13
driven_dt2p5e-4,82,3,-1.9776322153425845,0.0,1,0.18587951719987816,0.40824967260821177,0.0,-1.7917526981427063,0.0,516,6.572520305780927e-13
driven_dt2p5e-4,82,4,-2.320247394247764,0.0,1,0.11783811088396146,0.33247033474386695,0.0,-2.2024092833638025,0.0,516,6.572520305780927e-13
driven_dt2p5e-4,82,5,-2.9438533246558065,0.18042077961838413,1,0.25503062338061633,0.2511253179160095,0.0,-2.7636063797613084,0.0,516,6.572520305780927e-13
driven_dt2p5e-4,83,0,-0.9226805184503813,0.0,1,0.016379217371545796,0.635622369560301,0.0,-0.9063013010788356,0.0,516,7.429612480791548e-13
driven_dt2p5e-4,83,1,-1.3493022938056025,6.283185307179586,1,1.2441515550477444,-0.9487828091898655,0.0,-0.10515073875785812,6.283185307179586,516,7.429612480791548e-13
driven_dt2p5e-4,83,2,-1.7807710567401813,0.0,1,0.07472048018900113,0.3954441290157674,0.0,-1.8554915369291825,0.0,516,7.429612480791548e-13
driven_dt2p5e-4,83,3,-1.9776322153425845,0.0,1,0.046533704361434,0.3807740000823529,0.0,-1.9310985109811505,0.0,516,7.429612480791548e-13
driven_dt2p5e-4,83,4,-2.320247394247764,0.0,1,0.11862360954161622,0.29539687084146915,0.0,-2.43887100378938,0.0,516,7.429612480791548e-13
driven_dt2p5e-4,83,5,-2.9438533246558065,0.18042077961838413,1,0.32405771360750546,0.20058438297737963,0.0,-3.213040516086637,0.0,516,7.429612480791548e-13
driven_dt2p5e-4,84,0,-0.9226805184503813,0.0,1,0.010513366243481426,0.6271328101572664,0.0,-0.9331938846938628,0.0,516,2.0050627824730327e-12
driven_dt2p5e-4,84,1,-1.3493022938056025,6.283185307179586,1,1.776607131268458,-0.20951609589216288,0.0,-3.1259094250740604,6.283185307179586,516,2.0050627824730327e-12
driven_dt2p5e-4,84,2,-1.7807710567401813,0.0,1,0.10689690153146314,0.4330348463735836,0.0,-1.6738741552087182,0.0,516,2.0050627824730327e-12
driven_dt2p5e-4,84,3,-1.9776322153425845,0.0,1,0.03953222722741456,0.37944334035981003,0.0,-1.93809998811517,0.0,516,2.0050627824730327e-12
driven_dt2p5e-4,84,4,-2.320247394247764,0.0,1,0.22548843633796256,0.2800273742836471,0.0,-2.5457358305857265,0.0,516,2.0050627824730327e-12
driven_dt2p5e-4,84,5,-2.9438533246558065,0.18042077961838413,1,0.4243159061126988,0.18938935312415967,0.0,-3.3279006270316143,0.0,516,2.0050627824730327e-12
driven_dt2p5e-4,85,0,-0.9226805184503813,0.0,1,0.007278311525959702,0.6327365707164283,0.0,-0.9154022069244216,0.0,516,1.6038281813735011e-12
driven_dt2p5e-4,85,1,-1.3493022938056025,6.283185307179586,0,2.3215448821653646,nan,nan,nan,nan,516,1.6038281813735011e-12
driven_dt2p5e-4,85,2,-1.7807710567401813,0.0,1,0.059953450073370274,0.42298912760256724,0.0,-1.720817606666811,0.0,516,1.6038281813735011e-12
driven_dt2p5e-4,85,3,-1.9776322153425845,0.0,1,0.03689795418431885,0.3789438906722819,0.0,-1.9407342611582656,0.0,516,1.6038281813735011e-12
driven_dt2p5e-4,85,4,-2.320247394247764,0.0,1,0.24974965496392582,0.32228244350817215,0.0388181202775292,-2.2502505522646192,0.23974013486895904,516,1.6038281813735011e-12
driven_dt2p5e-4,85,5,-2.9438533246558065,0.18042077961838413,1,0.21461629522204892,0.25450597951868303,0.019488389633808563,-2.731015533078769,0.15284853539621113,516,1.6038281813735011e-12
driven_dt2p5e-4,86,0,-0.9226805184503813,0.0,1,0.02237737875213519,0.6375315137429147,0.0,-0.9003031396982462,0.0,517,6.7346128673762e-13
driven_dt2p5e-4,86,1,-1.3493022938056025,6.283185307179586,1,1.7398293990005744,-0.21340450144548775,0.0,-3.089131692806177,6.283185307179586,517,6.7346128673762e-13
driven_dt2p5e-4,86,2,-1.7807710567401813,0.0,1,0.03898572214249141,0.4185777317719665,0.0,-1.74178533459769,0.0,517,6.7346128673762e-13
driven_dt2p5e-4,86,3,-1.9776322153425845,0.0,1,0.1377215416997002,0.3472616048814262,0.0,-2.1153537570422847,0.0,517,6.7346128673762e-13
driven_dt2p5e-4,86,4,-2.320247394247764,0.0,1,0.20489363720547926,0.3472616048814262,0.0,-2.1153537570422847,0.0,517,6.7346128673762e-13
driven_dt2p5e-4,86,5,-2.9438533246558065,0.18042077961838413,1,0.290978761322311,0.2572309544832374,0.0,-2.7155618841185825,0.0,517,6.7346128673762e-13
driven_dt2p5e-4,87,0,-0.9226805184503813,0.0,1,0.008127564635566964,0.6330053045182662,0.0,-0.9145529538148144,0.0,515,8.237854842718662e-13
driven_dt2p5e-4,87,1,-1.3493022938056025,6.283185307179586,1,2.06924087362291,-0.18110337888977043,0.1307024423412687,-2.9981038379056852,5.032900835051388,515,8.237854842718662e-13
driven_dt2p5e-4,87,2,-1.7807710567401813,0.0,1,0.016242619685893356,0.41384481495697845,0.0,-1.764528437054288,0.0,515,8.237854842718662e-13
driven_dt2p5e-4,87,3,-1.9776322153425845,0.0,1,0.13777020446894328,0.347253155628545,0.0,-2.1154024198115278,0.0,515,8.237854842718662e-13
driven_dt2p5e-4,87,4,-2.320247394247764,0.0,1,0.20484497443623617,0.347253155628545,0.0,-2.1154024198115278,0.0,515,8.237854842718662e-13
driven_dt2p5e-4,87,5,-2.9438533246558065,0.18042077961838413,1,0.383983289739692,0.193707708658327,0.0,-3.2828098249345454,0.0,515,8.237854842718662e-13
driven_dt2p5e-4,88,0,-0.9226805184503813,0.0,1,0.00539497510676723,0.628739821116364,0.0,-0.9280754935571486,0.0,516,1.1446399383885364e-13
driven_dt2p5e-4,88,1,-1.3493022938056025,6.283185307179586,1,2.036817982007254,-0.18387088259610462,0.07307624097787632,-3.240389634618092,5.526603413894498,516,1.1446399383885364e-13
driven_dt2p5e-4,88,2,-1.7807710567401813,0.0,1,0.0035918919308604025,0.41123535749793766,0.0,-1.777179164809321,0.0,516,1.1446399383885364e-13
driven_dt2p5e-4,88,3,-1.9776322153425845,0.0,1,0.1409281236525235,0.3467052895706938,0.0,-2.118560338995108,0.0,516,1.1446399383885364e-13
driven_dt2p5e-4,88,4,-2.320247394247764,0.0,1,0.17698237882274226,0.2869019134743301,0.0,-2.497229773070506,0.0,516,1.1446399383885364e-13
driven_dt2p5e-4,88,5,-2.9438533246558065,0.18042077961838413,1,0.08547630215048307,0.2334058244879278,0.029335006365037445,-2.8942806004170403,0.2500536974149831,516,1.1446399383885364e-13
driven_dt2p5e-4,89,0,-0.9226805184503813,0.0,1,0.004944674576480845,0.6288813979912318,0.0,-0.9276251930268622,0.0,516,1.5707435352396715e-12
driven_dt2p5e-4,89,1,-1.3493022938056025,6.283185307179586,1,2.1496574231236814,-0.17386435400730127,0.0,-3.4989597169292836,6.283185307179586,516,1.5707435352396715e-12
driven_dt2p5e-4,89,2,-1.7807710567401813,0.0,1,0.052228705221846417,0.39991634910531637,0.0,-1.8329997619620277,0.0,516,1.5707435352396715e-12
driven_dt2p5e-4,89,3,-1.9776322153425845,0.0,1,0.01617871135841842,0.36901962083875,0.0,-1.993810926701003,0.0,516,1.5707435352396715e-12
driven_dt2p5e-4,89,4,-2.320247394247764,0.0,1,0.32643646754676103,0.36901962083875,0.0,-1.993810926701003,0.0,516,1.5707435352396715e-12
driven_dt2p5e-4,89,5,-2.9438533246558065,0.18042077961838413,1,0.26379127367041716,0.20843084038212586,0.0,-3.136295987146626,0.0,516,1.5707435352396715e-12
driven_dt2p5e-4,90,0,-0.9226805184503813,0.0,1,0.007082588010714264,0.6326746530332419,0.0,-0.9155979304396671,0.0,516,3.148592497836944e-13
driven_dt2p5e-4,90,1,-1.3493022938056025,6.283185307179586,1,1.3903775313996782,-0.25414764213090324,0.0,-2.7396798252052807,6.283185307179586,516,3.148592497836944e-13
driven_dt2p5e-4,90,2,-1.7807710567401813,0.0,1,0.0002893824786702748,0.4105568635077033,0.0,-1.780481674261511,0.0,516,3.148592497836944e-13
driven_dt2p5e-4,90,3,-1.9776322153425845,0.0,1,0.14728691087000723,0.3456047274760505,0.0,-2.1249191262125917,0.0,516,3.148592497836944e-13
driven_dt2p5e-4,90,4,-2.320247394247764,0.0,1,0.19532826803517223,0.3456047274760505,0.0,-2.1249191262125917,0.0,516,3.148592497836944e-13
driven_dt2p5e-4,90,5,-2.9438533246558065,0.18042077961838413,1,0.19744541871869664,0.22046203718696714,0.0,-3.024059531740395,0.0,516,3.148592497836944e-13
driven_dt2p5e-4,91,0,-0.9226805184503813,0.0,1,0.012889555841121392,0.626388159372805,0.0,-0.9355700742915027,0.0,517,4.698463840213662e-13
driven_dt2p5e-4,91,1,-1.3493022938056025,6.283185307179586,1,1.4856156332542683,-0.6381592479168641,0.445800773056055,-0.5008991298979216,5.063650198525097,517,4.698463840213662e-13
driven_dt2p5e-4,91,2,-1.7807710567401813,0.0,1,0.01040776188913739,0.4126392116204994,0.0,-1.770363294851044,0.0,517,4.698463840213662e-13
driven_dt2p5e-4,91,3,-1.9776322153425845,0.0,1,0.04198814700918163,0.3642881217519827,0.0,-2.019620362351766,0.0,517,4.698463840213662e-13
driven_dt2p5e-4,91,4,-2.320247394247764,0.0,1,0.21140560990818003,0.282006121148859,0.0,-2.531653004155944,0.0,517,4.698463840213662e-13
driven_dt2p5e-4,91,5,-2.9438533246558065,0.18042077961838413,1,0.44995640004148724,0.282006121148859,0.0,-2.531653004155944,0.0,517,4.698463840213662e-13
driven_dt2p5e-4,92,0,-0.9226805184503813,0.0,1,0.015128850685502182,0.6352251132343579,0.0,-0.9075516677648792,0.0,516,9.181544413650045e-13
driven_dt2p5e-4,92,1,-1.3493022938056025,6.283185307179586,1,1.7272918946199318,-0.21474648326239512,0.0,-3.0765941884255343,6.283185307179586,516,9.181544413650045e-13
driven_dt2p5e-4,92,2,-1.7807710567401813,0.0,1,0.04185583090020528,0.40199587813138665,0.0,-1.8226268876403866,0.0,516,9.181544413650045e-13
driven_dt2p5e-4,92,3,-1.9776322153425845,0.0,1,0.15500532770219788,0.40199587813138665,0.0,-1.8226268876403866,0.0,516,9.181544413650045e-13
driven_dt2p5e-4,92,4,-2.320247394247764,0.0,1,0.06011836069657672,0.32301241603042374,0.0,-2.260129033551187,0.0,516,9.181544413650045e-13
driven_dt2p5e-4,92,5,-2.9438533246558065,0.18042077961838413,1,0.21504293719380432,0.24330957761380315,0.0,-2.826841329036413,0.0,516,9.181544413650045e-13
driven_dt2p5e-4,93,0,-0.9226805184503813,0.0,1,0.004471485425306065,0.6318492027731861,0.0,-0.9182090330250753,0.0,516,1.1581846592889633e-12
driven_dt2p5e-4,93,1,-1.3493022938056025,6.283185307179586,0,2.2642768647235254,nan,nan,nan,nan,516,1.1581846592889633e-12
driven_dt2p5e-4,93,2,-1.7807710567401813,0.0,1,0.03193087312684195,0.41710383148675595,0.0,-1.7488401836133394,0.0,516,1.1581846592889633e-12
driven_dt2p5e-4,93,3,-1.9776322153425845,0.0,1,0.08408371520019342,0.3567007923549634,0.0,-2.061715930542778,0.0,516,1.1581846592889633e-12
driven_dt2p5e-4,93,4,-2.320247394247764,0.0,1,0.25853146370498603,0.3567007923549634,0.0,-2.061715930542778,0.0,516,1.1581846592889633e-12
driven_dt2p5e-4,93,5,-2.9438533246558065,0.18042077961838413,1,0.18628034023399437,0.22422534272321068,0.0,-2.990207477000415,0.0,516,1.1581846592889633e-12
driven_dt2p5e-4,94,0,-0.9226805184503813,0.0,1,0.006061854669737854,0.6323518393607477,0.0,-0.9166186637806435,0.0,517,1.8385293287792592e-13
driven_dt2p5e-4,94,1,-1.3493022938056025,6.283185307179586,0,2.2859019384238017,nan,nan,nan,nan,517,1.8385293287792592e-13
driven_dt2p5e-4,94,2,-1.7807710567401813,0.0,1,0.02748815894299006,0.4161783232553212,0.0,-1.7532828977971913,0.0,517,1.8385293287792592e-13
driven_dt2p5e-4,94,3,-1.9776322153425845,0.0,1,0.002335251914420189,0.3715827352757006,0.0,-1.9799674672570047,0.0,517,1.8385293287792592e-13
driven_dt2p5e-4,94,4,-2.320247394247764,0.0,1,0.08180407520178079,0.3265338502520885,0.0,-2.238443319045983,0.0,517,1.8385293287792592e-13
driven_dt2p5e-4,94,5,-2.9438533246558065,0.18042077961838413,1,0.22743014734828693,0.24593360040314424,0.0,-2.805387393088659,0.0,517,1.8385293287792592e-13
driven_dt2p5e-4,95,0,-0.9226805184503813,0.0,1,0.012426177769985669,0.6265333034548382,0.0,-0.935106696220367,0.0,517,1.099120794378905e-13
driven_dt2p5e-4,95,1,-1.3493022938056025,6.283185307179586,1,1.9572209651568706,-0.19142453340245916,0.0,-3.306523258962473,6.283185307179586,517,1.099120794378905e-13
driven_dt2p5e-4,95,2,-1.7807710567401813,0.0,1,0.007359586756024772,0.4120107923332494,0.0,-1.7734114699841566,0.0,517,1.099120794378905e-13
driven_dt2p5e-4,95,3,-1.9776322153425845,0.0,1,0.06925073263197667,0.35935609501593235,0.0,-2.046882947974561,0.0,517,1.099120794378905e-13
driven_dt2p5e-4,95,4,-2.320247394247764,0.0,1,0.2733644462732028,0.35935609501593235,0.0,-2.046882947974561,0.0,517,1.099120794378905e-13
driven_dt2p5e-4,95,5,-2.9438533246558065,0.18042077961838413,1,0.21107570960611294,0.24240353401917114,0.0,-2.8343028912124897,0.0,517,1.099120794378905e-13
driven_dt2p5e-4,96,0,-0.9226805184503813,0.0,1,0.022214436984243635,0.6234744595593623,0.0,-0.944894955434625,0.0,516,5.753175713607561e-13
driven_dt2p5e-4,96,1,-1.3493022938056025,6.283185307179586,1,2.1605633240968074,-1.5002481310769045,0.0,0.8112610302912048,6.283185307179586,516,5.753175713607561e-13
driven_dt2p5e-4,96,2,-1.7807710567401813,0.0,1,0.04617909560926736,0.4200859353888297,0.0,-1.734591961130914,0.0,516,5.753175713607561e-13
driven_dt2p5e-4,96,3,-1.9776322153425845,0.0,1,0.061485912621598526,0.3607539745294874,0.0,-2.039118127964183,0.0,516,5.753175713607561e-13
driven_dt2p5e-4,96,4,-2.320247394247764,0.0,1,0.2811292662835809,0.3607539745294874,0.0,-2.039118127964183,0.0,516,5.753175713607561e-13
driven_dt2p5e-4,96,5,-2.9438533246558065,0.18042077961838413,1,0.13781150803235268,0.2182576374188144,0.032268230088993294,-3.0225355953478887,0.2935627790036217,516,5.753175713607561e-13
driven_dt2p5e-4,97,0,-0.9226805184503813,0.0,1,0.01792631184961102,0.6248126618919022,0.0,-0.9406068302999924,0.0,516,1.7719159473017498e-12
driven_dt2p5e-4,97,1,-1.3493022938056025,6.283185307179586,1,0.9815801309619303,-0.8320513831935378,0.0,-0.36772216284367215,6.283185307179586,516,1.7719159473017498e-12
driven_dt2p5e-4,97,2,-1.7807710567401813,0.0,1,0.0038706697106654087,0.4097037820416894,0.0,-1.7846417264508467,0.0,516,1.7719159473017498e-12
driven_dt2p5e-4,97,3,-1.9776322153425845,0.0,1,0.19299048889173775,0.4097037820416894,0.0,-1.7846417264508467,0.0,516,1.7719159473017498e-12
driven_dt2p5e-4,97,4,-2.320247394247764,0.0,1,0.1289287646134376,0.3343191127243604,0.0,-2.1913186296343263,0.0,516,1.7719159473017498e-12
driven_dt2p5e-4,97,5,-2.9438533246558065,0.18042077961838413,1,0.34776150741330575,0.26626122486347936,0.0,-2.646554807471026,0.0,516,1.7719159473017498e-12
driven_dt2p5e-4,98,0,-0.9226805184503813,0.0,1,0.0024568969311403732,0.6312130651488811,0.0,-0.920223621519241,0.0,516,4.996003610813204e-13
driven_dt2p5e-4,98,1,-1.3493022938056025,6.283185307179586,1,2.175086318340947,-0.16982079155993984,0.10946790743266245,-3.1985261902536286,5.138034018903861,516,4.996003610813204e-13
driven_dt2p5e-4,98,2,-1.7807710567401813,0.0,1,0.08697636437205336,0.3930282799442576,0.0,-1.8677474211122347,0.0,516,4.996003610813204e-13
driven_dt2p5e-4,98,3,-1.9776322153425845,0.0,1,0.1098847942303498,0.3930282799442576,0.0,-1.8677474211122347,0.0,516,4.996003610813204e-13
driven_dt2p5e-4,98,4,-2.320247394247764,0.0,1,0.09129467170081806,0.3280870330032658,0.0,-2.228952722546946,0.0,516,4.996003610813204e-13
driven_dt2p5e-4,98,5,-2.9438533246558065,0.18042077961838413,1,0.3072347557027352,0.25986659691695585,0.0,-2.695173736845279,0.0,516,4.996003610813204e-13
driven_dt2p5e-4,99,0,-0.9226805184503813,0.0,1,0.012184217115276064,0.6342905487940963,0.0,-0.9104963013351053,0.0,516,1.3673506771283428e-12
driven_dt2p5e-4,99,1,-1.3493022938056025,6.283185307179586,0,2.3003862944595173,nan,nan,nan,nan,516,1.3673506771283428e-12
driven_dt2p5e-4,99,2,-1.7807710567401813,0.0,1,0.116603770482299,0.40791684557888963,0.023734375009434774,-1.7900041698829934,0.11623763982626581,516,1.3673506771283428e-12
driven_dt2p5e-4,99,3,-1.9776322153425845,0.0,1,0.22071581809051904,0.40791684557888963,0.023734375009434774,-1.7900041698829934,0.11623763982626581,516,1.3673506771283428e-12
driven_dt2p5e-4,99,4,-2.320247394247764,0.0,1,0.10943330525504864,0.30467758981366155,0.014467075975628189,-2.3747501689418202,0.0948951834904891,516,1.3673506771283428e-12
driven_dt2p5e-4,99,5,-2.9438533246558065,0.18042077961838413,1,0.24697875874358324,0.24967487862173587,0.0,-2.775191385996204,0.0,516,1.3673506771283428e-12
driven_dt2p5e-4,100,0,-0.9226805184503813,0.0,1,0.00038589266850019843,0.6303164995183114,0.0,-0.9230664111188815,0.0,516,9.334755191048316e-13
driven_dt2p5e-4,100,1,-1.3493022938056025,6.283185307179586,1,0.4847288408753979,-0.6490232578593308,0.0,-0.8645734529302046,6.283185307179586,516,9.334755191048316e-13
driven_dt2p5e-4,100,2,-1.7807710567401813,0.0,1,0.03348221179144506,0.4174274916476283,0.0,-1.7472888449487363,0.0,516,9.334755191048316e-13
driven_dt2p5e-4,100,3,-1.9776322153425845,0.0,1,0.041242197307612916,0.3644240174010901,0.0,-2.0188744126501974,0.0,516,9.334755191048316e-13
driven_dt2p5e-4,100,4,-2.320247394247764,0.0,1,0.029437835967530912,0.30886758695481886,0.0,-2.349685230215295,0.0,516,9.334755191048316e-13
driven_dt2p5e-4,100,5,-2.9438533246558065,0.18042077961838413,1,0.17495007090589385,0.23341447159884043,0.04047587232052167,-2.880252122312767,0.34340057704891547,516,9.334755191048316e-13
driven_dt2p5e-4,101,0,-0.9226805184503813,0.0,1,0.00529763455789245,0.632110257522411,0.0,-0.9173828838924889,0.0,516,1.6442402994698568e-12
driven_dt2p5e-4,101,1,-1.3493022938056025,6.283185307179586,0,2.30944974935667,nan,nan,nan,nan,516,1.6442402994698568e-12
driven_dt2p5e-4,101,2,-1.7807710567401813,0.0,1,0.011341300341240812,0.41283186386451765,0.0,-1.7694297563989405,0.0,516,1.6442402994698568e-12
driven_dt2p5e-4,101,3,-1.9776322153425845,0.0,1,0.11575986730076648,0.3510958410646933,0.0,-2.093392082643351,0.0,516,1.6442402994698568e-12
driven_dt2p5e-4,101,4,-2.320247394247764,0.0,1,0.21933233687602235,0.2816053278009656,0.006995750927164227,-2.5338805160003743,0.04967457387568908,516,1.6442402994698568e-12
driven_dt2p5e-4,101,5,-2.9438533246558065,0.18042077961838413,1,0.2137070581924354,0.2430088409597389,0.0,-2.8293149075061033,0.0,516,1.6442402994698568e-12
driven_dt2p5e-4,102,0,-0.9226805184503813,0.0,1,0.00677047352202409,0.6283075544651486,0.0,-0.9294509919724054,0.0,515,4.3520742565306136e-14
driven_dt2p5e-4,102,1,-1.3493022938056025,6.283185307179586,0,2.2555581929435347,nan,nan,nan,nan,515,4.3520742565306136e-14
driven_dt2p5e-4,102,2,-1.7807710567401813,0.0,1,0.0692991850136504,0.4249703250686933,0.0,-1.711471871726531,0.0,515,4.3520742565306136e-14
driven_dt2p5e-4,102,3,-1.9776322153425845,0.0,1,0.05511619051597316,0.36190475738162514,0.0,-2.0327484058585576,0.0,515,4.3520742565306136e-14
driven_dt2p5e-4,102,4,-2.320247394247764,0.0,1,0.22499451954237948,0.28009653793525874,0.0,-2.5452419137901434,0.0,515,4.3520742565306136e-14
driven_dt2p5e-4,102,5,-2.9438533246558065,0.18042077961838413,1,0.2835076858272906,0.20571341995122244,0.0,-3.162542488093413,0.0,515,4.3520742565306136e-14
driven_dt2p5e-4,103,0,-0.9226805184503813,0.0,1,0.015523335122120452,0.6353504188021858,0.0,-0.9071571833282609,0.0,517,1.7763568394002505e-15
driven_dt2p5e-4,103,1,-1.3493022938056025,6.283185307179586,1,0.850388340452143,-0.77922380490576,0.0,-0.49891395335345956,6.283185307179586,517,1.7763568394002505e-15
driven_dt2p5e-4,103,2,-1.7807710567401813,0.0,1,0.0023363368631224013,0.41097727419729285,0.0,-1.778434719877059,0.0,517,1.7763568394002505e-15
driven_dt2p5e-4,103,3,-1.9776322153425845,0.0,1,0.0016704515940675346,0.37170626996676315,0.0,-1.979302666936652,0.0,517,1.7763568394002505e-15
driven_dt2p5e-4,103,4,-2.320247394247764,0.0,1,0.09549525655960184,0.3061823645743223,0.012891492665289894,-2.3653776090517336,0.08415823035884096,517,1.7763568394002505e-15
driven_dt2p5e-4,103,5,-2.9438533246558065,0.18042077961838413,1,0.2191632361951198,0.2442127280045512,0.0,-2.819431194866077,0.0,517,1.7763568394002505e-15
driven_dt2p5e-4,104,0,-0.9226805184503813,0.0,1,0.00313856734148521,0.6314282414511951,0.0,-0.9195419511088961,0.0,517,1.4432899320127035e-14
driven_dt2p5e-4,104,1,-1.3493022938056025,6.283185307179586,0,2.463910060789008,nan,nan,nan,nan,517,1.4432899320127035e-14
driven_dt2p5e-4,104,2,-1.7807710567401813,0.0,1,0.001021346290925207,0.410707147390097,0.0,-1.7797497104492561,0.0,517,1.4432899320127035e-14
driven_dt2p5e-4,104,3,-1.9776322153425845,0.0,1,0.13264603413720444,0.348143988494912,0.0,-2.110278249479789,0.0,517,1.4432899320127035e-14
driven_dt2p5e-4,104,4,-2.320247394247764,0.0,1,0.209969144767975,0.348143988494912,0.0,-2.110278249479789,0.0,517,1.4432899320127035e-14
driven_dt2p5e-4,104,5,-2.9438533246558065,0.18042077961838413,1,0.3703660145316566,0.19521549705279861,0.0,-3.2673024350301554,0.0,517,1.4432899320127035e-14
driven_dt2p5e-4,105,0,-0.9226805184503813,0.0,1,0.011020731189599009,0.6269737377328455,0.0,-0.9337012496399804,0.0,516,7.864819906444609e-13
driven_dt2p5e-4,105,1,-1.3493022938056025,6.283185307179586,0,2.4788904614001455,nan,nan,nan,nan,516,7.864819906444609e-13
driven_dt2p5e-4,105,2,-1.7807710567401813,0.0,1,0.008520750374433561,0.41225006775723205,0.0,-1.7722503063657478,0.0,516,7.864819906444609e-13
driven_dt2p5e-4,105,3,-1.9776322153425845,0.0,1,0.1338661709941671,0.34793166161251476,0.0,-2.1114983863367516,0.0,516,7.864819906444609e-13
driven_dt2p5e-4,105,4,-2.320247394247764,0.0,1,0.20874900791101236,0.34793166161251476,0.0,-2.1114983863367516,0.0,516,7.864819906444609e-13
driven_dt2p5e-4,105,5,-2.9438533246558065,0.18042077961838413,1,0.32400495037145194,0.20059075370885496,0.0,-3.212976995385643,0.0,516,7.864819906444609e-13
driven_dt2p5e-4,106,0,-0.9226805184503813,0.0,1,0.0059324644235770885,0.6323109306039829,0.0,-0.9167480540268043,0.0,516,4.263256414560601e-14
driven_dt2p5e-4,106,1,-1.3493022938056025,6.283185307179586,1,0.8769712109040235,-0.789649943315201,0.0,-0.472331082901579,6.283185307179586,516,4.263256414560601e-14
driven_dt2p5e-4,106,2,-1.7807710567401813,0.0,1,0.03948601961283904,0.4024724876290003,0.0,-1.8202570763530204,0.0,516,4.263256414560601e-14
driven_dt2p5e-4,106,3,-1.9776322153425845,0.0,1,0.15737513898956412,0.4024724876290003,0.0,-1.8202570763530204,0.0,516,4.263256414560601e-14
driven_dt2p5e-4,106,4,-2.320247394247764,0.0,1,0.09588563112751958,0.32884101517605396,0.0,-2.2243617631202444,0.0,516,4.263256414560601e-14
driven_dt2p5e-4,106,5,-2.9438533246558065,0.18042077961838413,1,0.22065079394247228,0.24453064860067533,0.0,-2.8168292515462663,0.0,516,4.263256414560601e-14
driven_dt2p5e-4,107,0,-0.9226805184503813,0.0,1,0.0019914504555671453,0.6298106977868931,0.0,-0.9246719689059485,0.0,516,8.455458555545192e-13
driven_dt2p5e-4,107,1,-1.3493022938056025,6.283185307179586,1,2.00088233237136,-0.18738878302313755,0.06411210623120177,-3.238443066578259,5.623884731839489,516,8.455458555545192e-13
driven_dt2p5e-4,107,2,-1.7807710567401813,0.0,1,0.040702063262022525,0.40222784995278393,0.0,-1.8214731200022038,0.0,516,8.455458555545192e-13
driven_dt2p5e-4,107,3,-1.9776322153425845,0.0,1,0.01597906569765306,0.3750010043223176,0.0,-1.9616531496449314,0.0,516,8.455458555545192e-13
driven_dt2p5e-4,107,4,-2.320247394247764,0.0,1,0.07813580049874957,0.30143779654823605,0.0,-2.3983831947465135,0.0,516,8.455458555545192e-13
driven_dt2p5e-4,107,5,-2.9438533246558065,0.18042077961838413,1,0.29725673978785044,0.25825545329532223,0.0,-2.707612109726666,0.0,516,8.455458555545192e-13
driven_dt2p5e-4,108,0,-0.9226805184503813,0.0,1,0.018643409375598052,0.636342362577389,0.0,-0.9040371090747833,0.0,517,4.614086890342151e-13
driven_dt2p5e-4,108,1,-1.3493022938056025,6.283185307179586,1,1.920134429067795,-1.3303154141734648,0.0,0.5708321352621926,6.283185307179586,517,4.614086890342151e-13
driven_dt2p5e-4,108,2,-1.7807710567401813,0.0,1,0.02919251833988712,0.4165331331327487,0.0,-1.7515785384002942,0.0,517,4.614086890342151e-13
driven_dt2p5e-4,108,3,-1.9776322153425845,0.0,1,0.03765647763699853,0.36507796462760045,0.0,-2.015288692979583,0.0,517,4.614086890342151e-13
driven_dt2p5e-4,108,4,-2.320247394247764,0.0,1,0.2346665022421175,0.2787452635098908,0.0,-2.5549138964898814,0.0,517,4.614086890342151e-13
driven_dt2p5e-4,108,5,-2.9438533246558065,0.18042077961838413,1,0.42874880349703876,0.2787452635098908,0.0,-2.5549138964898814,0.0,517,4.614086890342151e-13
driven_dt2p5e-4,109,0,-0.9226805184503813,0.0,1,7.598858673507625e-05,0.6304141759136966,0.0,-0.9227565070371164,0.0,517,9.547918011776346e-14
driven_dt2p5e-4,109,1,-1.3493022938056025,6.283185307179586,1,1.8054454943511258,-0.2065167214987862,0.0,-3.1547477881567283,6.283185307179586,517,9.547918011776346e-14
driven_dt2p5e-4,109,2,-1.7807710567401813,0.0,1,0.017243928297494326,0.40697338348578255,0.0,-1.7980149850376757,0.0,517,9.547918011776346e-14
driven_dt2p5e-4,109,3,-1.9776322153425845,0.0,1,0.11113335195042318,0.35190895632372143,0.0,-2.0887655672930077,0.0,517,9.547918011776346e-14
driven_dt2p5e-4,109,4,-2.320247394247764,0.0,1,0.23148182695475628,0.35190895632372143,0.0,-2.0887655672930077,0.0,517,9.547918011776346e-14
driven_dt2p5e-4,109,5,-2.9438533246558065,0.18042077961838413,1,0.30227667263968616,0.2590684482339151,0.0,-2.70132594660538,0.0,517,9.547918011776346e-14
driven_dt2p5e-4,110,0,-0.9226805184503813,0.0,1,0.011025522092081852,0.6339231805702314,0.0,-0.9116549963582995,0.0,516,2.071676163950542e-13
driven_dt2p5e-4,110,1,-1.3493022938056025,6.283185307179586,1,2.24377827849046,-0.16587176549918137,0.0,-3.593080572296062,6.283185307179586,516,2.071676163950542e-13
driven_dt2p5e-4,110,2,-1.7807710567401813,0.0,1,0.046222989881532506,0.40111904584146624,0.0,-1.8269940466217138,0.0,516,2.071676163950542e-13
driven_dt2p5e-4,110,3,-1.9776322153425845,0.0,1,0.13013834443044248,0.34858078082080235,0.0,-2.107770559773027,0.0,516,2.071676163950542e-13
driven_dt2p5e-4,110,4,-2.320247394247764,0.0,1,0.21247683447473698,0.34858078082080235,0.0,-2.107770559773027,0.0,516,2.071676163950542e-13
driven_dt2p5e-4,110,5,-2.9438533246558065,0.18042077961838413,1,0.36479031121380806,0.2689036964850102,0.0,-2.626803938223091,0.0,516,2.071676163950542e-13
driven_dt2p5e-4,111,0,-0.9226805184503813,0.0,1,0.010728392479497861,0.6270653887778475,0.0,-0.9334089109298792,0.0,516,2.3669954885008337e-13
driven_dt2p5e-4,111,1,-1.3493022938056025,6.283185307179586,1,0.3539111590965578,-0.6079299804663243,0.0,-0.9953911347090447,6.283185307179586,516,2.3669954885008337e-13
driven_dt2p5e-4,111,2,-1.7807710567401813,0.0,1,0.011014330500168867,0.4127643775967029,0.0,-1.7697567262400125,0.0,516,2.3669954885008337e-13
driven_dt2p5e-4,111,3,-1.9776322153425845,0.0,1,0.04735636372451513,0.3633116440320418,0.0,-2.0249885790670996,0.0,516,2.3669954885008337e-13
driven_dt2p5e-4,111,4,-2.320247394247764,0.0,1,0.20017310815993894,0.3064322396317478,0.030280107711794582,-2.355800207540079,0.19699053453760773,516,2.3669954885008337e-13
driven_dt2p5e-4,111,5,-2.9438533246558065,0.18042077961838413,1,0.2979155934857062,0.19687401767782664,0.023492002673225418,-3.236244464548673,0.23752701530320858,516,2.3669954885008337e-13
driven_dt2p5e-4,112,0,-0.9226805184503813,0.0,1,0.0034430512868569574,0.631524378650156,0.0,-0.9192374671635244,0.0,516,1.0302869668521453e-12
driven_dt2p5e-4,112,1,-1.3493022938056025,6.283185307179586,0,2.451375535637953,nan,nan,nan,nan,516,1.0302869668521453e-12
driven_dt2p5e-4,112,2,-1.7807710567401813,0.0,1,0.050744731233502094,0.40021319194825494,0.0,-1.8315157879736834,0.0,516,1.0302869668521453e-12
driven_dt2p5e-4,112,3,-1.9776322153425845,0.0,1,0.14611642736890107,0.40021319194825494,0.0,-1.8315157879736834,0.0,516,1.0302869668521453e-12
driven_dt2p5e-4,112,4,-2.320247394247764,0.0,1,0.09101746546605938,0.2995025252657775,0.0,-2.4112648597138233,0.0,516,1.0302869668521453e-12
driven_dt2p5e-4,112,5,-2.9438533246558065,0.18042077961838413,1,0.34908446581729924,0.2664671825643583,0.0,-2.645008370613006,0.0,516,1.0302869668521453e-12
driven_dt2p5e-4,113,0,-0.9226805184503813,0.0,1,0.011326487213573544,0.6268778945605962,0.0,-0.9340070056639549,0.0,516,1.6608936448392342e-13
driven_dt2p5e-4,113,1,-1.3493022938056025,6.283185307179586,1,2.012810409278724,-0.1861772035511602,0.0,-3.3621127030843265,6.283185307179586,516,1.6608936448392342e-13
driven_dt2p5e-4,113,2,-1.7807710567401813,0.0,1,0.0011380286069309076,0.4102639513375363,0.0,-1.7819090853471122,0.0,516,1.6608936448392342e-13
driven_dt2p5e-4,113,3,-1.9776322153425845,0.0,1,0.12430560690731385,0.34959885473877816,0.0,-2.1019378222498983,0.0,516,1.6608936448392342e-13
driven_dt2p5e-4,113,4,-2.320247394247764,0.0,1,0.16521510585402188,0.34044008040393914,0.0,-2.155032288393742,0.0,516,1.6608936448392342e-13
driven_dt2p5e-4,113,5,-2.9438533246558065,0.18042077961838413,1,0.23626647944226822,0.21263046757269277,0.0,-3.0963990279382596,0.0,516,1.6608936448392342e-13
driven_dt2p5e-4,114,0,-0.9226805184503813,0.0,1,0.0016800995914858508,0.6299087514714518,0.0,-0.9243606180418672,0.0,516,1.3520295993885156e-12
driven_dt2p5e-4,114,1,-1.3493022938056025,6.283185307179586,1,1.479479449096228,-0.243073631451617,0.0,-2.8287817429018305,6.283185307179586,516,1.3520295993885156e-12
driven_dt2p5e-4,114,2,-1.7807710567401813,0.0,1,0.048852765450942304,0.42064789647792283,0.0,-1.731918291289239,0.0,516,1.3520295993885156e-12
driven_dt2p5e-4,114,3,-1.9776322153425845,0.0,1,0.06791984821660457,0.3848674908442842,0.0,-1.90971236712598,0.0,516,1.3520295993885156e-12
driven_dt2p5e-4,114,4,-2.320247394247764,0.0,1,0.04841750637470499,0.3211281726072187,0.0,-2.271829887873059,0.0,516,1.3520295993885156e-12
driven_dt2p5e-4,114,5,-2.9438533246558065,0.18042077961838413,1,0.043039128166358145,0.23065248735133803,0.016184793717732755,-2.9287744786759307,0.14010955342473697,516,1.3520295993885156e-12
driven_dt2p5e-4,115,0,-0.9226805184503813,0.0,1,0.00976248140776681,0.6335229715696995,0.0,-0.9129180370426145,0.0,516,4.569677969357144e-13
driven_dt2p5e-4,115,1,-1.3493022938056025,6.283185307179586,1,1.2353828621203673,-0.2746266945278139,0.0,-2.58468515592597,6.283185307179586,516,4.569677969357144e-13
driven_dt2p5e-4,115,2,-1.7807710567401813,0.0,1,0.0023741038609672582,0.41098503495948224,0.0,-1.778396952879214,0.0,516,4.569677969357144e-13
driven_dt2p5e-4,115,3,-1.9776322153425845,0.0,1,0.16293219881220944,0.3429117316449412,0.0,-2.140564414154794,0.0,516,4.569677969357144e-13
driven_dt2p5e-4,115,4,-2.320247394247764,0.0,1,0.17968298009297,0.3429117316449412,0.0,-2.140564414154794,0.0,516,4.569677969357144e-13
driven_dt2p5e-4,115,5,-2.9438533246558065,0.18042077961838413,1,0.34457975621276593,0.19815378901774508,0.0,-3.237423675123192,0.0,516,4.569677969357144e-13
driven_dt2p5e-4,116,0,-0.9226805184503813,0.0,1,0.006769701542427509,0.6325756831061504,0.0,-0.9159108169079538,0.0,517,5.74429392941056e-13
driven_dt2p5e-4,116,1,-1.3493022938056025,6.283185307179586,1,0.24732142786065547,-0.5763786631530359,0.0,-1.101980865944947,6.283185307179586,517,5.74429392941056e-13
driven_dt2p5e-4,116,2,-1.7807710567401813,0.0,1,0.0938657116656747,0.39167675490363507,0.0,-1.874636768405856,0.0,517,5.74429392941056e-13
driven_dt2p5e-4,116,3,-1.9776322153425845,0.0,1,0.10299544693672846,0.39167675490363507,0.0,-1.874636768405856,0.0,517,5.74429392941056e-13
driven_dt2p5e-4,116,4,-2.320247394247764,0.0,1,0.15901078535350388,0.3393856171215815,0.0,-2.16123660889426,0.0,517,5.74429392941056e-13
driven_dt2p5e-4,116,5,-2.9438533246558065,0.18042077961838413,1,0.2812333455490719,0.2556207488029647,0.0,-2.7281207658460196,0.0,517,5.74429392941056e-13
driven_dt2p5e-4,117,0,-0.9226805184503813,0.0,1,0.0014364945227992587,0.6308911016230273,0.0,-0.9212440239275821,0.0,516,3.206324095117452e-13
driven_dt2p5e-4,117,1,-1.3493022938056025,6.283185307179586,1,0.9338149316335234,-0.3193209360831546,0.0,-2.283117225439126,6.283185307179586,516,3.206324095117452e-13
driven_dt2p5e-4,117,2,-1.7807710567401813,0.0,1,0.01697114739475425,0.4070288945547556,0.0,-1.7977422041349356,0.0,516,3.206324095117452e-13
driven_dt2p5e-4,117,3,-1.9776322153425845,0.0,1,0.06522906705808529,0.3600794270401246,0.0,-2.0428612824006698,0.0,516,3.206324095117452e-13
driven_dt2p5e-4,117,4,-2.320247394247764,0.0,1,0.06939649939763148,0.3027578563815535,0.0,-2.3896438936453954,0.0,516,3.206324095117452e-13
driven_dt2p5e-4,117,5,-2.9438533246558065,0.18042077961838413,1,0.22200902053756494,0.2296032221225441,0.0463761044369501,-2.902818003982606,0.39860443541619256,516,3.206324095117452e-13
driven_dt2p5e-4,118,0,-0.9226805184503813,0.0,1,0.013453745002936501,0.6346933013772689,0.0,-0.9092267734474448,0.0,516,5.131450819817474e-13
driven_dt2p5e-4,118,1,-1.3493022938056025,6.283185307179586,0,2.490394864399424,nan,nan,nan,nan,516,5.131450819817474e-13
driven_dt2p5e-4,118,2,-1.7807710567401813,0.0,1,0.024738622250748632,0.40545116692574534,0.0,-1.80550967899093,0.0,516,5.131450819817474e-13
driven_dt2p5e-4,118,3,-1.9776322153425845,0.0,1,0.03591104592918759,0.36539671302340093,0.0,-2.013543261271772,0.0,516,5.131450819817474e-13
driven_dt2p5e-4,118,4,-2.320247394247764,0.0,1,0.24901691795134884,0.2767523665806873,0.0,-2.5692643121991128,0.0,516,5.131450819817474e-13
driven_dt2p5e-4,118,5,-2.9438533246558065,0.18042077961838413,1,0.4157746817344541,0.2767523665806873,0.0,-2.5692643121991128,0.0,516,5.131450819817474e-13
driven_dt2p5e-4,119,0,-0.9226805184503813,0.0,1,0.035021500325772115,0.6415747941917347,0.0,-0.8876590181246092,0.0,516,7.664979762012081e-13
driven_dt2p5e-4,119,1,-1.3493022938056025,6.283185307179586,1,2.2133183467880126,-0.16772256054197504,0.05108840180613491,-3.482161845321744,5.691840874775948,516,7.664979762012081e-13
driven_dt2p5e-4,119,2,-1.7807710567401813,0.0,1,0.028951022370694135,0.40459810432925064,0.0,-1.8097220791108755,0.0,516,7.664979762012081e-13
driven_dt2p5e-4,119,3,-1.9776322153425845,0.0,1,0.16791013623170903,0.40459810432925064,0.0,-1.8097220791108755,0.0,516,7.664979762012081e-13
driven_dt2p5e-4,119,4,-2.320247394247764,0.0,1,0.157217643610696,0.3390814702280933,0.0,-2.163029750637068,0.0,516,7.664979762012081e-13
driven_dt2p5e-4,119,5,-2.9438533246558065,0.18042077961838413,1,0.2689667733604988,0.25355166534952306,0.0,-2.7443753372640836,0.0,516,7.664979762012081e-13
driven_dt2p5e-4,120,0,-0.9226805184503813,0.0,1,0.0006262100750045185,0.6302407660551993,0.0,-0.9233067285253859,0.0,515,1.2612133559741778e-12
driven_dt2p5e-4,120,1,-1.3493022938056025,6.283185307179586,1,1.9638987672110597,-0.19078645166993827,0.0,-3.3132010610166622,6.283185307179586,515,1.2612133559741778e-12
driven_dt2p5e-4,120,2,-1.7807710567401813,0.0,1,0.09736073223852104,0.390992893446984,0.0,-1.8781317889787024,0.0,515,1.2612133559741778e-12
driven_dt2p5e-4,120,3,-1.9776322153425845,0.0,1,0.09950042636388212,0.390992893446984,0.0,-1.8781317889787024,0.0,515,1.2612133559741778e-12
driven_dt2p5e-4,120,4,-2.320247394247764,0.0,1,0.12404190307242358,0.3335032243065223,0.0,-2.1962054911753404,0.0,515,1.2612133559741778e-12
driven_dt2p5e-4,120,5,-2.9438533246558065,0.18042077961838413,1,0.32372947620688136,0.26879652464320686,0.02308809334293733,-2.6202504488879343,0.1713680142980598,515,1.2612133559741778e-12
driven_dt2p5e-4,121,0,-0.9226805184503813,0.0,1,0.003402047414216791,0.6315114313102835,0.0,-0.9192784710361646,0.0,517,9.916512055951898e-13
driven_dt2p5e-4,121,1,-1.3493022938056025,6.283185307179586,0,2.456652221328082,nan,nan,nan,nan,517,9.916512055951898e-13
driven_dt2p5e-4,121,2,-1.7807710567401813,0.0,1,0.041851119689531036,0.401996825076138,0.0,-1.8226221764297124,0.0,517,9.916512055951898e-13
driven_dt2p5e-4,121,3,-1.9776322153425845,0.0,1,0.15501003891287213,0.401996825076138,0.0,-1.8226221764297124,0.0,517,9.916512055951898e-13
driven_dt2p5e-4,121,4,-2.320247394247764,0.0,1,0.10437416819901202,0.3302396707854331,0.0,-2.215873226048752,0.0,517,9.916512055951898e-13
driven_dt2p5e-4,121,5,-2.9438533246558065,0.18042077961838413,1,0.27299235019455725,0.25423661395605157,0.0,-2.7389797891597785,0.0,517,9.916512055951898e-13
driven_dt2p5e-4,122,0,-0.9226805184503813,0.0,1,0.008073709887721714,0.6278982712009283,0.0,-0.9307542283381031,0.0,516,9.15489906105904e-13
driven_dt2p5e-4,122,1,-1.3493022938056025,6.283185307179586,1,0.2616843467071286,-0.5805328016699296,0.0,-1.087617947098474,6.283185307179586,516,9.15489906105904e-13
driven_dt2p5e-4,122,2,-1.7807710567401813,0.0,1,0.051964520011290816,0.42130288238972546,0.0,-1.7288065367288905,0.0,516,9.15489906105904e-13
driven_dt2p5e-4,122,3,-1.9776322153425845,0.0,1,0.047642190583494726,0.3809850999436761,0.0,-1.9299900247590898,0.0,516,9.15489906105904e-13
driven_dt2p5e-4,122,4,-2.320247394247764,0.0,1,0.1316721388451021,0.2934758967644515,0.0,-2.451919533092866,0.0,516,9.15489906105904e-13
driven_dt2p5e-4,122,5,-2.9438533246558065,0.18042077961838413,1,0.18324788160341107,0.20871468088923711,0.024074342207692796,-3.1203573432763045,0.2296764140468701,516,9.15489906105904e-13
driven_dt2p5e-4,123,0,-0.9226805184503813,0.0,1,0.00553035917068434,0.6286972618807761,0.0,-0.9282108776210657,0.0,516,8.717471189356729e-13
driven_dt2p5e-4,123,1,-1.3493022938056025,6.283185307179586,1,1.8407318738586984,-0.20290506207691122,0.0,-3.190034167664301,6.283185307179586,516,8.717471189356729e-13
driven_dt2p5e-4,123,2,-1.7807710567401813,0.0,1,0.015376835578083892,0.4073534894020744,0.0,-1.7961478923182652,0.0,516,8.717471189356729e-13
driven_dt2p5e-4,123,3,-1.9776322153425845,0.0,1,0.1408975457365007,0.3467105903738302,0.0,-2.118529761079085,0.0,516,8.717471189356729e-13
driven_dt2p5e-4,123,4,-2.320247394247764,0.0,1,0.20171763316867874,0.3467105903738302,0.0,-2.118529761079085,0.0,516,8.717471189356729e-13
driven_dt2p5e-4,123,5,-2.9438533246558065,0.18042077961838413,1,0.30308421075754083,0.26393101375670297,0.008766347931364266,-2.6630324452588687,0.06640467327699058,516,8.717471189356729e-13
driven_dt2p5e-4,124,0,-0.9226805184503813,0.0,1,0.0022001099416927294,0.6297449932261444,0.0,-0.9248806283920741,0.0,517,1.1268763699945339e-13
driven_dt2p5e-4,124,1,-1.3493022938056025,6.283185307179586,1,2.120698512590163,-0.17640012916216702,0.0,-3.470000806395766,6.283185307179586,517,1.1268763699945339e-13
driven_dt2p5e-4,124,2,-1.7807710567401813,0.0,1,0.03514553401718712,0.4033468991460457,0.0,-1.8159165907573684,0.0,517,1.1268763699945339e-13
driven_dt2p5e-4,124,3,-1.9776322153425845,0.0,1,0.06992353944172347,0.35923522673339775,0.0,-2.047555754784308,0.0,517,1.1268763699945339e-13
driven_dt2p5e-4,124,4,-2.320247394247764,0.0,1,0.272691639463456,0.35923522673339775,0.0,-2.047555754784308,0.0,517,1.1268763699945339e-13
driven_dt2p5e-4,124,5,-2.9438533246558065,0.18042077961838413,1,0.2304062120094503,0.24652895350096388,0.0,-2.800551667950665,0.0,517,1.1268763699945339e-13
driven_dt2p5e-4,125,0,-0.9226805184503813,0.0,1,0.003963341971645051,0.6316886881471186,0.0,-0.9187171764787363,0.0,517,2.176925306685007e-12
driven_dt2p5e-4,125,1,-1.3493022938056025,6.283185307179586,0,2.488308767356531,nan,nan,nan,nan,517,2.176925306685007e-12
driven_dt2p5e-4,125,2,-1.7807710567401813,0.0,1,0.0032526927253144766,0.4111656180587176,0.0,-1.7775183640148668,0.0,517,2.176925306685007e-12
driven_dt2p5e-4,125,3,-1.9776322153425845,0.0,1,0.011865855781900914,0.37423056791084625,0.0,-1.9657663595606836,0.0,517,2.176925306685007e-12
driven_dt2p5e-4,125,4,-2.320247394247764,0.0,1,0.024174847916651032,0.31725916841068535,0.0,-2.296072546331113,0.0,517,2.176925306685007e-12
driven_dt2p5e-4,125,5,-2.9438533246558065,0.18042077961838413,1,0.13491436060363846,0.24389081850101074,0.025232944340557794,-2.811422148120795,0.2061864191144498,517,2.176925306685007e-12
driven_dt2p5e-4,126,0,-0.9226805184503813,0.0,1,0.000287406611635066,0.6303475389758508,0.0,-0.9229679250620164,0.0,516,2.0183854587685346e-13
driven_dt2p5e-4,126,1,-1.3493022938056025,6.283185307179586,1,1.7092329308197904,-0.2166943134607615,0.0,-3.058535224625393,6.283185307179586,516,2.0183854587685346e-13
driven_dt2p5e-4,126,2,-1.7807710567401813,0.0,1,0.045258188172912606,0.41989254978390306,0.0,-1.7355128685672687,0.0,516,2.0183854587685346e-13
driven_dt2p5e-4,126,3,-1.9776322153425845,0.0,1,0.12859166551986512,0.3488504563538913,0.0,-2.1062238808624496,0.0,516,2.0183854587685346e-13
driven_dt2p5e-4,126,4,-2.320247394247764,0.0,1,0.21402351338531433,0.3488504563538913,0.0,-2.1062238808624496,0.0,516,2.0183854587685346e-13
driven_dt2p5e-4,126,5,-2.9438533246558065,0.18042077961838413,1,0.3056586535084036,0.1992913216640214,0.0358393288978567,-3.194146910828413,0.3558640273808053,516,2.0183854587685346e-13
driven_dt2p5e-4,127,0,-0.9226805184503813,0.0,1,0.02071625466172544,0.623941673737447,0.0,-0.9433967731121068,0.0,516,2.220446049250313e-15
driven_dt2p5e-4,127,1,-1.3493022938056025,6.283185307179586,1,1.9145169974257519,-0.19555577510012856,0.0,-3.2638192912313544,6.283185307179586,516,2.220446049250313e-15
driven_dt2p5e-4,127,2,-1.7807710567401813,0.0,1,0.14216849215598737,0.3823305331620848,0.0,-1.9229395488961687,0.0,516,2.220446049250313e-15
driven_dt2p5e-4,127,3,-1.9776322153425845,0.0,1,0.054692666446415794,0.3823305331620848,0.0,-1.9229395488961687,0.0,516,2.220446049250313e-15
driven_dt2p5e-4,127,4,-2.320247394247764,0.0,1,0.00674315645449397,0.31450600195797496,0.0,-2.31350423779327,0.0,516,2.220446049250313e-15
driven_dt2p5e-4,127,5,-2.9438533246558065,0.18042077961838413,1,0.18425056556105254,0.22523470063875253,0.0,-2.98122461298605,0.0,516,2.220446049250313e-15
driven_dt2p5e-4,128,0,-0.9226805184503813,0.0,1,0.0041974354422699145,0.6317626295730169,0.0,-0.9184830830081114,0.0,517,1.4011014570769476e-13
driven_dt2p5e-4,128,1,-1.3493022938056025,6.283185307179586,1,2.0623233302276223,-0.194008715330722,0.25611836627748585,-2.270737657605165,4.43815566277256,517,1.4011014570769476e-13
driven_dt2p5e-4,128,2,-1.7807710567401813,0.0,1,0.07182710355055044,0.4255078098577637,0.0,-1.7089439531896309,0.0,517,1.4011014570769476e-13
driven_dt2p5e-4,128,3,-1.9776322153425845,0.0,1,0.08540956409064115,0.3882478612637418,0.0,-1.8922226512519433,0.0,517,1.4011014570769476e-13
driven_dt2p5e-4,128,4,-2.320247394247764,0.0,1,0.10798148902409865,0.3308358484957243,0.0,-2.2122659052236653,0.0,517,1.4011014570769476e-13
driven_dt2p5e-4,128,5,-2.9438533246558065,0.18042077961838413,1,0.10725870688492276,0.21905450378711006,0.01327786766253621,-3.0332020306250773,0.12108075143973758,517,1.4011014570769476e-13
driven_dt2p5e-4,129,0,-0.9226805184503813,0.0,1,0.008830764275049807,0.6276606396082715,0.0,-0.9315112827254312,0.0,516,4.445332990599127e-13
driven_dt2p5e-4,129,1,-1.3493022938056025,6.283185307179586,1,0.8719754672536137,-0.32934847951504487,0.0,-2.2212777610592163,6.283185307179586,516,4.445332990599127e-13
driven_dt2p5e-4,129,2,-1.7807710567401813,0.0,1,0.005010209981329838,0.4094704115524304,0.0,-1.7857812667215112,0.0,516,4.445332990599127e-13
driven_dt2p5e-4,129,3,-1.9776322153425845,0.0,1,0.10581342405650429,0.39222901194102827,0.0,-1.8718187912860802,0.0,516,4.445332990599127e-13
driven_dt2p5e-4,129,4,-2.320247394247764,0.0,1,0.023559324248424218,0.317161543170558,0.0,-2.2966880699993397,0.0,516,4.445332990599127e-13
driven_dt2p5e-4,129,5,-2.9438533246558065,0.18042077961838413,1,0.3076928456726587,0.233192011429232,0.05644355769245963,-2.854851142063064,0.4749602485726598,516,4.445332990599127e-13
driven_dt2p5e-4,130,0,-0.9226805184503813,0.0,1,0.002503830730293144,0.629649367164254,0.0,-0.9251843491806745,0.0,517,1.092459456231154e-13
driven_dt2p5e-4,130,1,-1.3493022938056025,6.283185307179586,0,2.4668918802211817,nan,nan,nan,nan,517,1.092459456231154e-13
driven_dt2p5e-4,130,2,-1.7807710567401813,0.0,1,0.0791414333680791,0.3945709744255323,0.0,-1.8599124901082604,0.0,517,1.092459456231154e-13
driven_dt2p5e-4,130,3,-1.9776322153425845,0.0,1,0.11771972523432406,0.3945709744255323,0.0,-1.8599124901082604,0.0,517,1.092459456231154e-13
driven_dt2p5e-4,130,4,-2.320247394247764,0.0,1,0.0971977642894335,0.32905682756246524,0.0,-2.2230496299583304,0.0,517,1.092459456231154e-13
driven_dt2p5e-4,130,5,-2.9438533246558065,0.18042077961838413,1,0.22754087560583322,0.24595595628885464,0.0,-2.8052055971109104,0.0,517,1.092459456231154e-13
driven_dt2p5e-4,131,0,-0.9226805184503813,0.0,1,0.007504499409937915,0.63280813343603,0.0,-0.9151760190404434,0.0,517,8.504308368628699e-14
driven_dt2p5e-4,131,1,-1.3493022938056025,6.283185307179586,1,0.32477681424483507,-0.5991383496853945,0.0,-1.0245254795607674,6.283185307179586,517,8.504308368628699e-14
driven_dt2p5e-4,131,2,-1.7807710567401813,0.0,1,0.0758198483362773,0.3952268194073209,0.0,-1.8565909050764586,0.0,517,8.504308368628699e-14
driven_dt2p5e-4,131,3,-1.9776322153425845,0.0,1,0.12104131026612586,0.3952268194073209,0.0,-1.8565909050764586,0.0,517,8.504308368628699e-14
driven_dt2p5e-4,131,4,-2.320247394247764,0.0,1,0.2669056217564756,0.27428803338493635,0.0,-2.5871530160042395,0.0,517,8.504308368628699e-14
driven_dt2p5e-4,131,5,-2.9438533246558065,0.18042077961838413,1,0.2114921091647688,0.24250053480320735,0.0,-2.83350272646596,0.0,517,8.504308368628699e-14
driven_dt2p5e-4,132,0,-0.9226805184503813,0.0,1,4.2488306438048795e-05,0.6304515217763285,0.0,-0.9226380301439433,0.0,516,5.293543381412746e-13
driven_dt2p5e-4,132,1,-1.3493022938056025,6.283185307179586,0,2.3669692000504368,nan,nan,nan,nan,516,5.293543381412746e-13
driven_dt2p5e-4,132,2,-1.7807710567401813,0.0,1,0.06804657972183481,0.3967659105274889,0.0,-1.8488176364620161,0.0,516,5.293543381412746e-13
driven_dt2p5e-4,132,3,-1.9776322153425845,0.0,1,0.12881457888056835,0.3967659105274889,0.0,-1.8488176364620161,0.0,516,5.293543381412746e-13
driven_dt2p5e-4,132,4,-2.320247394247764,0.0,1,0.05057649061087055,0.321475015111636,0.0,-2.2696709036368934,0.0,516,5.293543381412746e-13
driven_dt2p5e-4,132,5,-2.9438533246558065,0.18042077961838413,1,0.22523865935487888,0.2454876664808006,0.0,-2.8090171427539237,0.0,516,5.293543381412746e-13
driven_dt2p5e-4,133,0,-0.9226805184503813,0.0,1,0.00480856941973451,0.6289241964481121,0.0,-0.9274890878701159,0.0,515,1.2758682998992299e-12
driven_dt2p5e-4,133,1,-1.3493022938056025,6.283185307179586,1,1.7695241860683641,-0.2102594068358185,0.0,-3.1188264798739667,6.283185307179586,515,1.2758682998992299e-12
driven_dt2p5e-4,133,2,-1.7807710567401813,0.0,1,0.06915298663926883,0.42493926121873554,0.0,-1.7116180701009125,0.0,515,1.2758682998992299e-12
driven_dt2p5e-4,133,3,-1.9776322153425845,0.0,1,0.17047446561884483,0.34162100104765153,0.0,-2.1481066809614293,0.0,515,1.2758682998992299e-12
driven_dt2p5e-4,133,4,-2.320247394247764,0.0,1,0.17214071328633462,0.34162100104765153,0.0,-2.1481066809614293,0.0,515,1.2758682998992299e-12
driven_dt2p5e-4,133,5,-2.9438533246558065,0.18042077961838413,1,0.28512765957535063,0.20549793680556927,0.0,-3.164638569943646,0.0,515,1.2758682998992299e-12
driven_dt2p5e-4,134,0,-0.9226805184503813,0.0,1,0.016436741879945038,0.6252781863170948,0.0,-0.9391172603303264,0.0,515,1.2849721287011562e-12
driven_dt2p5e-4,134,1,-1.3493022938056025,6.283185307179586,0,2.3219424894889666,nan,nan,nan,nan,515,1.2849721287011562e-12
driven_dt2p5e-4,134,2,-1.7807710567401813,0.0,1,0.024107949912414384,0.4055790405040306,0.0,-1.8048790066525957,0.0,515,1.2849721287011562e-12
driven_dt2p5e-4,134,3,-1.9776322153425845,0.0,1,0.17275320868998878,0.4055790405040306,0.0,-1.8048790066525957,0.0,515,1.2849721287011562e-12
driven_dt2p5e-4,134,4,-2.320247394247764,0.0,1,0.15551416631594916,0.33879278439518473,0.0,-2.1647332279318148,0.0,515,1.2849721287011562e-12
driven_dt2p5e-4,134,5,-2.9438533246558065,0.18042077961838413,1,0.2915603651087396,0.25732625653763397,0.0,-2.7148210370100774,0.0,515,1.2849721287011562e-12
driven_dt2p5e-4,135,0,-0.9226805184503813,0.0,1,0.007810164951957188,0.6279810163573505,0.0,-0.9304906834023385,0.0,517,1.6120438317557273e-13
driven_dt2p5e-4,135,1,-1.3493022938056025,6.283185307179586,1,1.856989854183284,-0.20222049953733529,0.06677662199151412,-3.093295540744517,5.6452990530784986,517,1.6120438317557273e-13
driven_dt2p5e-4,135,2,-1.7807710567401813,0.0,1,0.010297107915936854,0.4083894268093496,0.0,-1.7910681646561182,0.0,517,1.6120438317557273e-13
driven_dt2p5e-4,135,3,-1.9776322153425845,0.0,1,0.1804337902124482,0.33992407240130457,0.0,-2.1580660055550327,0.0,517,1.6120438317557273e-13
driven_dt2p5e-4,135,4,-2.320247394247764,0.0,1,0.16218138869273124,0.33992407240130457,0.0,-2.1580660055550327,0.0,517,1.6120438317557273e-13
driven_dt2p5e-4,135,5,-2.9438533246558065,0.18042077961838413,1,0.17322425655201468,0.21005437557950368,0.025399693434765502,-3.1062620127302853,0.240670767966307,517,1.6120438317557273e-13
driven_dt2p5e-4,136,0,-0.9226805184503813,0.0,1,0.010209332746935362,0.6272281520944039,0.0,-0.9328898511973167,0.0,517,2.2581936320875684e-13
driven_dt2p5e-4,136,1,-1.3493022938056025,6.283185307179586,1,1.4571066086254076,-0.24580802074086885,0.0,-2.80640890243101,6.283185307179586,517,2.2581936320875684e-13
driven_dt2p5e-4,136,2,-1.7807710567401813,0.0,1,0.05980485091826959,0.4229577008565894,0.0,-1.7209662058219117,0.0,517,2.2581936320875684e-13
driven_dt2p5e-4,136,3,-1.9776322153425845,0.0,1,0.10777478690733999,0.39261385231961143,0.0,-1.8698574284352445,0.0,517,2.2581936320875684e-13
driven_dt2p5e-4,136,4,-2.320247394247764,0.0,1,0.20115738165100838,0.3466134814086018,0.0,-2.1190900125967556,0.0,517,2.2581936320875684e-13
driven_dt2p5e-4,136,5,-2.9438533246558065,0.18042077961838413,1,0.1761131984240354,0.21252521199626812,0.009633471047677465,-3.095336731620356,0.09059519265366475,517,2.2581936320875684e-13
driven_dt2p5e-4,137,0,-0.9226805184503813,0.0,1,0.0014104946987972822,0.6299936704356373,0.0,-0.9240910131491786,0.0,517,4.67847982577041e-13
driven_dt2p5e-4,137,1,-1.3493022938056025,6.283185307179586,0,2.367056505108393,nan,nan,nan,nan,517,4.67847982577041e-13
driven_dt2p5e-4,137,2,-1.7807710567401813,0.0,1,0.05242062646081469,0.39987797472595843,0.0,-1.833191683200996,0.0,517,4.67847982577041e-13
driven_dt2p5e-4,137,3,-1.9776322153425845,0.0,1,0.14444053214158847,0.39987797472595843,0.0,-1.833191683200996,0.0,517,4.67847982577041e-13
driven_dt2p5e-4,137,4,-2.320247394247764,0.0,1,0.17038569211616927,0.3413213564930077,0.0,-2.1498617021315947,0.0,517,4.67847982577041e-13
driven_dt2p5e-4,137,5,-2.9438533246558065,0.18042077961838413,1,0.32208175463287037,0.2622324179267304,0.0,-2.6770481542612226,0.0,517,4.67847982577041e-13
driven_dt2p5e-4,138,0,-0.9226805184503813,0.0,1,0.013197584664484507,0.6346120149575222,0.0,-0.9094829337858968,0.0,516,1.3211653993039363e-13
driven_dt2p5e-4,138,1,-1.3493022938056025,6.283185307179586,1,2.0569460177244605,-0.1819980641191537,0.10411632974176074,-3.124395410541902,5.243920496485061,516,1.3211653993039363e-13
driven_dt2p5e-4,138,2,-1.7807710567401813,0.0,1,0.0019401643509959765,0.4100994406397846,0.0,-1.7827112210911773,0.0,516,1.3211653993039363e-13
driven_dt2p5e-4,138,3,-1.9776322153425845,0.0,1,0.0009476071118095231,0.37219316299392646,0.0,-1.976684608230775,0.0,516,1.3211653993039363e-13
driven_dt2p5e-4,138,4,-2.320247394247764,0.0,1,0.2435733908148383,0.2775066471104659,0.0,-2.5638207850626022,0.0,516,1.3211653993039363e-13
driven_dt2p5e-4,138,5,-2.9438533246558065,0.18042077961838413,1,0.2412658132178586,0.2486182194229775,0.0,-2.7836736289713375,0.0,516,1.3211653993039363e-13
driven_dt2p5e-4,139,0,-0.9226805184503813,0.0,1,0.013661515607073182,0.6347592401075763,0.0,-0.9090190028433082,0.0,516,1.2678746941219288e-13
driven_dt2p5e-4,139,1,-1.3493022938056025,6.283185307179586,0,2.4062956107948845,nan,nan,nan,nan,516,1.2678746941219288e-13
driven_dt2p5e-4,139,2,-1.7807710567401813,0.0,1,0.037807543183633774,0.41833122464836175,0.0,-1.7429635135565476,0.0,516,1.2678746941219288e-13
driven_dt2p5e-4,139,3,-1.9776322153425845,0.0,1,0.12412795278154487,0.34962990995748394,0.0,-2.1017601681241294,0.0,516,1.2678746941219288e-13
driven_dt2p5e-4,139,4,-2.320247394247764,0.0,1,0.21848722612363458,0.34962990995748394,0.0,-2.1017601681241294,0.0,516,1.2678746941219288e-13
driven_dt2p5e-4,139,5,-2.9438533246558065,0.18042077961838413,1,0.1912538375737013,0.22231643818602517,0.0,-3.00730702957965,0.0,516,1.2678746941219288e-13
driven_dt2p5e-4,140,0,-0.9226805184503813,0.0,1,0.0031267404775059404,0.6294532903363144,0.0,-0.9258072589278873,0.0,517,1.9406698470447736e-13
driven_dt2p5e-4,140,1,-1.3493022938056025,6.283185307179586,1,0.9647022054454315,-0.8250592771150401,0.0,-0.38460008836017107,6.283185307179586,517,1.9406698470447736e-13
driven_dt2p5e-4,140,2,-1.7807710567401813,0.0,1,0.07983005993912173,0.39443514178279016,0.0,-1.860601116679303,0.0,517,1.9406698470447736e-13
driven_dt2p5e-4,140,3,-1.9776322153425845,0.0,1,0.11703109866328143,0.39443514178279016,0.0,-1.860601116679303,0.0,517,1.9406698470447736e-13
driven_dt2p5e-4,140,4,-2.320247394247764,0.0,1,0.008912342079020252,0.3120537382062349,0.0,-2.329159736326784,0.0,517,1.9406698470447736e-13
driven_dt2p5e-4,140,5,-2.9438533246558065,0.18042077961838413,1,0.22795482235793788,0.21404057512333194,0.0,-3.083179357105358,0.0,517,1.9406698470447736e-13
driven_dt2p5e-4,141,0,-0.9226805184503813,0.0,1,0.012990992388800193,0.6263563908522373,0.0,-0.9356715108391815,0.0,516,1.2589929099249275e-13
driven_dt2p5e-4,141,1,-1.3493022938056025,6.283185307179586,1,0.7773870767755311,-0.34529896040534375,0.0,-2.1266893705811336,6.283185307179586,516,1.2589929099249275e-13
driven_dt2p5e-4,141,2,-1.7807710567401813,0.0,1,0.18473043610486028,0.4502193771113628,0.0,-1.596040620635321,0.0,516,1.2589929099249275e-13
driven_dt2p5e-4,141,3,-1.9776322153425845,0.0,1,0.004561022001465576,0.37116943642689104,0.0,-1.98219323734405,0.0,516,1.2589929099249275e-13
driven_dt2p5e-4,141,4,-2.320247394247764,0.0,1,0.2280369651020302,0.27967077262525153,0.0,-2.548284359349794,0.0,516,1.2589929099249275e-13
driven_dt2p5e-4,141,5,-2.9438533246558065,0.18042077961838413,1,0.43477173784800544,0.27967077262525153,0.0,-2.548284359349794,0.0,516,1.2589929099249275e-13
driven_dt2p5e-4,142,0,-0.9226805184503813,0.0,1,0.024973406258070208,0.6383595757173561,0.0,-0.8977071121923111,0.0,516,1.0433875985427221e-12
driven_dt2p5e-4,142,1,-1.3493022938056025,6.283185307179586,1,2.1499671025869063,-0.1737165261226184,0.024829895842984808,-3.480436868793972,5.999241711557003,516,1.0433875985427221e-12
driven_dt2p5e-4,142,2,-1.7807710567401813,0.0,1,0.029695252831029473,0.41663784907964163,0.0,-1.7510758039091519,0.0,516,1.0433875985427221e-12
driven_dt2p5e-4,142,3,-1.9776322153425845,0.0,1,0.003538151480119822,0.3713593141152976,0.0,-1.9811703668227043,0.0,516,1.0433875985427221e-12
driven_dt2p5e-4,142,4,-2.320247394247764,0.0,1,0.08517711673139816,0.3003784030985929,0.0,-2.405424510979162,0.0,516,1.0433875985427221e-12
driven_dt2p5e-4,142,5,-2.9438533246558065,0.18042077961838413,1,0.27881491489066296,0.25521688865070324,0.0,-2.731283103205618,0.0,516,1.0433875985427221e-12
driven_dt2p5e-4,143,0,-0.9226805184503813,0.0,1,0.0019362036408901995,0.6298280955446358,0.0,-0.9246167220912715,0.0,516,2.1280754936015e-12
driven_dt2p5e-4,143,1,-1.3493022938056025,6.283185307179586,1,1.9602566574915101,-0.191508298150045,0.06831418732746283,-3.185870143476487,5.597893619797453,516,2.1280754936015e-12
driven_dt2p5e-4,143,2,-1.7807710567401813,0.0,1,0.012860296291802964,0.41314552792778697,0.0,-1.7679107604483784,0.0,516,2.1280754936015e-12
driven_dt2p5e-4,143,3,-1.9776322153425845,0.0,1,0.07100409745569558,0.38546146234850515,0.0,-1.906628117886889,0.0,516,2.1280754936015e-12
driven_dt2p5e-4,143,4,-2.320247394247764,0.0,1,0.11849140784803147,0.33257895341312865,0.0,-2.2017559863997325,0.0,516,2.1280754936015e-12
driven_dt2p5e-4,143,5,-2.9438533246558065,0.18042077961838413,1,0.18075229997908598,0.24324977376710744,0.005184749708116982,-2.8268787707533938,0.04262256596138119,516,2.1280754936015e-12
driven_dt2p5e-4,144,0,-0.9226805184503813,0.0,1,0.003537648968648277,0.6315542497276916,0.0,-0.9191428694817331,0.0,516,8.526512829121202e-13
driven_dt2p5e-4,144,1,-1.3493022938056025,6.283185307179586,1,1.11204502673882,-0.29209573809236306,0.0,-2.4613473205444225,6.283185307179586,516,8.526512829121202e-13
driven_dt2p5e-4,144,2,-1.7807710567401813,0.0,1,0.10480484338503593,0.4325821161603255,0.0,-1.6759662133551454,0.0,516,8.526512829121202e-13
driven_dt2p5e-4,144,3,-1.9776322153425845,0.0,1,0.015653711058480457,0.37494000512581965,0.0,-1.961978504284104,0.0,516,8.526512829121202e-13
driven_dt2p5e-4,144,4,-2.320247394247764,0.0,1,0.34825946937299923,0.26335471433437085,0.0,-2.668506863620763,0.0,516,8.526512829121202e-13
driven_dt2p5e-4,144,5,-2.9438533246558065,0.18042077961838413,1,0.329191936904032,0.26335471433437085,0.0,-2.668506863620763,0.0,516,8.526512829121202e-13
driven_dt2p5e-4,145,0,-0.9226805184503813,0.0,1,0.008402173729400664,0.6330922249919506,0.0,-0.9142783447209807,0.0,517,2.744471316873387e-13
driven_dt2p5e-4,145,1,-1.3493022938056025,6.283185307179586,1,2.217112750290143,-0.16809810325766153,0.0,-3.566415044095746,6.283185307179586,517,2.744471316873387e-13
driven_dt2p5e-4,145,2,-1.7807710567401813,0.0,1,0.01164423870208342,0.408114442444926,0.0,-1.7924152954422647,0.0,517,2.744471316873387e-13
driven_dt2p5e-4,145,3,-1.9776322153425845,0.0,1,0.11921855475697507,0.3504892003703111,0.0,-2.0968507700995596,0.0,517,2.744471316873387e-13
driven_dt2p5e-4,145,4,-2.320247394247764,0.0,1,0.22339662414820438,0.3504892003703111,0.0,-2.0968507700995596,0.0,517,2.744471316873387e-13
driven_dt2p5e-4,145,5,-2.9438533246558065,0.18042077961838413,1,0.31528643268984197,0.261153720138804,0.0,-2.685292157965639,0.0,517,2.744471316873387e-13
driven_dt2p5e-4,146,0,-0.9226805184503813,0.0,1,0.014933795000501515,0.6257482428619332,0.0,-0.9376143134508829,0.0,516,2.1782575743145571e-13
driven_dt2p5e-4,146,1,-1.3493022938056025,6.283185307179586,1,1.1203967438917286,-0.8918540552697984,0.0,-0.2289055499138738,6.283185307179586,516,2.1782575743145571e-13
driven_dt2p5e-4,146,2,-1.7807710567401813,0.0,1,0.026297372364888494,0.4051352915080836,0.0,-1.8070684291050698,0.0,516,2.1782575743145571e-13
driven_dt2p5e-4,146,3,-1.9776322153425845,0.0,1,0.11844703845903304,0.3506244305168688,0.0,-2.0960792538016175,0.0,516,2.1782575743145571e-13
driven_dt2p5e-4,146,4,-2.320247394247764,0.0,1,0.2132700260650564,0.28174335525982613,0.0,-2.5335174203128203,0.0,516,2.1782575743145571e-13
driven_dt2p5e-4,146,5,-2.9438533246558065,0.18042077961838413,1,0.1859914538629322,0.23472584913072336,0.0,-2.898674090577065,0.0,516,2.1782575743145571e-13
driven_dt2p5e-4,147,0,-0.9226805184503813,0.0,1,0.025399401405512556,0.6384955592397117,0.0,-0.8972811170448688,0.0,516,2.375877272697835e-13
driven_dt2p5e-4,147,1,-1.3493022938056025,6.283185307179586,1,1.6941800115250667,-0.21833140749983607,0.0,-3.043482305330669,6.283185307179586,516,2.375877272697835e-13
driven_dt2p5e-4,147,2,-1.7807710567401813,0.0,1,0.01434030696175781,0.41345137097136075,0.0,-1.7664307497784235,0.0,516,2.375877272697835e-13
driven_dt2p5e-4,147,3,-1.9776322153425845,0.0,1,0.13412342069742092,0.3485718363955017,0.005812545873258142,-2.1075438519833822,0.033347543311115134,516,2.375877272697835e-13
driven_dt2p5e-4,147,4,-2.320247394247764,0.0,1,0.2153017778298691,0.3485718363955017,0.005812545873258142,-2.1075438519833822,0.033347543311115134,516,2.375877272697835e-13
driven_dt2p5e-4,147,5,-2.9438533246558065,0.18042077961838413,1,0.3536468384239521,0.2671765136259855,0.0,-2.639691478578506,0.0,516,2.375877272697835e-13
driven_dt2p5e-4,148,0,-0.9226805184503813,0.0,1,0.029357912853649748,0.6397605566938913,0.0,-0.8933226055967316,0.0,516,7.924771949774367e-13
driven_dt2p5e-4,148,1,-1.3493022938056025,6.283185307179586,1,2.205607188762811,-0.1686385244637126,0.04039199541686108,-3.5042118106330102,5.813006569454391,516,7.924771949774367e-13
driven_dt2p5e-4,148,2,-1.7807710567401813,0.0,1,0.0038338531617509997,0.4097113240507729,0.0,-1.7846049099019323,0.0,516,7.924771949774367e-13
driven_dt2p5e-4,148,3,-1.9776322153425845,0.0,1,0.08512957872868165,0.3881935132090125,0.0,-1.8925026366139028,0.0,516,7.924771949774367e-13
driven_dt2p5e-4,148,4,-2.320247394247764,0.0,1,0.36658160242995574,0.26095312164709983,0.0,-2.6868289966777197,0.0,516,7.924771949774367e-13
driven_dt2p5e-4,148,5,-2.9438533246558065,0.18042077961838413,1,0.2631864004690726,0.2085173540720729,0.0,-3.1354660164947386,0.0,516,7.924771949774367e-13
driven_dt2p5e-4,149,0,-0.9226805184503813,0.0,1,0.0074768906978108785,0.6280856700291242,0.0,-0.9301574091481922,0.0,516,1.192379528447418e-13
driven_dt2p5e-4,149,1,-1.3493022938056025,6.283185307179586,0,2.3534725697176837,nan,nan,nan,nan,516,1.192379528447418e-13
driven_dt2p5e-4,149,2,-1.7807710567401813,0.0,1,0.04558584824368084,0.40124685102080615,0.0,-1.8263569049838622,0.0,516,1.192379528447418e-13
driven_dt2p5e-4,149,3,-1.9776322153425845,0.0,1,0.04678771228177658,0.38082236295936706,0.0,-1.930844503060808,0.0,516,1.192379528447418e-13
driven_dt2p5e-4,149,4,-2.320247394247764,0.0,1,0.23943166001146965,0.27808192147700755,0.0,-2.5596790542592336,0.0,516,1.192379528447418e-13
driven_dt2p5e-4,149,5,-2.9438533246558065,0.18042077961838413,1,0.3172081933631079,0.20141713785012227,0.0,-3.204754417444973,0.0,516,1.192379528447418e-13
driven_dt2p5e-4,150,0,-0.9226805184503813,0.0,1,0.008644307448883004,0.633168876119419,0.0,-0.9140362110014983,0.0,516,5.084821452783217e-14
driven_dt2p5e-4,150,1,-1.3493022938056025,6.283185307179586,0,2.425200907222923,nan,nan,nan,nan,516,5.084821452783217e-14
driven_dt2p5e-4,150,2,-1.7807710567401813,0.0,1,0.050433927221346764,0.40027539071392376,0.0,-1.831204983961528,0.0,516,5.084821452783217e-14
driven_dt2p5e-4,150,3,-1.9776322153425845,0.0,1,0.1464272313810564,0.40027539071392376,0.0,-1.831204983961528,0.0,516,5.084821452783217e-14
driven_dt2p5e-4,150,4,-2.320247394247764,0.0,1,0.07929957749029759,0.3261252045282202,0.0,-2.2409478167574663,0.0,516,5.084821452783217e-14
driven_dt2p5e-4,150,5,-2.9438533246558065,0.18042077961838413,1,0.18062185388739807,0.22850736484461234,0.0,-2.9523736757996875,0.0,516,5.084821452783217e-14
driven_dt2p5e-4,151,0,-0.9226805184503813,0.0,1,0.01358878988045975,0.6347361588637482,0.0,-0.9090917285699216,0.0,516,2.686739719592879e-13
driven_dt2p5e-4,151,1,-1.3493022938056025,6.283185307179586,0,2.297322921940114,nan,nan,nan,nan,516,2.686739719592879e-13
driven_dt2p5e-4,151,2,-1.7807710567401813,0.0,1,0.06500329373048586,0.39737010616461566,0.0,-1.8457743504706672,0.0,516,2.686739719592879e-13
driven_dt2p5e-4,151,3,-1.9776322153425845,0.0,1,0.1318578648719173,0.39737010616461566,0.0,-1.8457743504706672,0.0,516,2.686739719592879e-13
driven_dt2p5e-4,151,4,-2.320247394247764,0.0,1,0.18487809590024762,0.34380362259142616,0.0,-2.1353692983475163,0.0,516,2.686739719592879e-13
driven_dt2p5e-4,151,5,-2.9438533246558065,0.18042077961838413,1,0.2764761984177499,0.2036127318289753,0.03759427175790773,-3.1495486198667297,0.3651598762374327,516,2.686739719592879e-13
driven_dt2p5e-4,152,0,-0.9226805184503813,0.0,1,0.003156896159710154,0.6294437996111715,0.0,-0.9258374146100915,0.0,516,1.0125233984581428e-13
driven_dt2p5e-4,152,1,-1.3493022938056025,6.283185307179586,1,2.1393256103364626,-0.1747648449085554,0.0,-3.4886279041420654,6.283185307179586,516,1.0125233984581428e-13
driven_dt2p5e-4,152,2,-1.7807710567401813,0.0,1,0.0836886349979502,0.4280388952097344,0.0,-1.6970824217422311,0.0,516,1.0125233984581428e-13
driven_dt2p5e-4,152,3,-1.9776322153425845,0.0,1,0.0405481632162088,0.36455050069165107,0.0,-2.0181803785587933,0.0,516,1.0125233984581428e-13
driven_dt2p5e-4,152,4,-2.320247394247764,0.0,1,0.30206701568897065,0.36455050069165107,0.0,-2.0181803785587933,0.0,516,1.0125233984581428e-13
driven_dt2p5e-4,152,5,-2.9438533246558065,0.18042077961838413,1,0.27495496807924263,0.26193348743539296,0.01564968526724044,-2.675766021577058,0.11935170070425245,516,1.0125233984581428e-13
driven_dt2p5e-4,153,0,-0.9226805184503813,0.0,1,0.009683210073521353,0.6334978619617051,0.0,-0.91299730837686,0.0,515,4.818367926873179e-13
driven_dt2p5e-4,153,1,-1.3493022938056025,6.283185307179586,1,1.9265028256884793,-0.19438733082222978,0.0,-3.275805119494082,6.283185307179586,515,4.818367926873179e-13
driven_dt2p5e-4,153,2,-1.7807710567401813,0.0,1,0.03968640437703641,0.41872440245306586,0.0,-1.741084652363145,0.0,515,4.818367926873179e-13
driven_dt2p5e-4,153,3,-1.9776322153425845,0.0,1,0.13296629113134983,0.34808824518443476,0.0,-2.1105985064739343,0.0,515,4.818367926873179e-13
driven_dt2p5e-4,153,4,-2.320247394247764,0.0,1,0.20964888777382962,0.34808824518443476,0.0,-2.1105985064739343,0.0,515,4.818367926873179e-13
driven_dt2p5e-4,153,5,-2.9438533246558065,0.18042077961838413,1,0.40719633086881335,0.27543472457106416,0.0,-2.578809225737719,0.0,515,4.818367926873179e-13
driven_dt2p5e-4,154,0,-0.9226805184503813,0.0,1,0.008105467515233555,0.6329983107597089,0.0,-0.9145750509351478,0.0,516,4.289901767151605e-13
driven_dt2p5e-4,154,1,-1.3493022938056025,6.283185307179586,1,0.8356797358862049,-0.33538001570157633,0.0,-2.1849820296918074,6.283185307179586,516,4.289901767151605e-13
driven_dt2p5e-4,154,2,-1.7807710567401813,0.0,1,0.017817771607686828,0.40685663075925643,0.0,-1.7985888283478682,0.0,516,4.289901767151605e-13
driven_dt2p5e-4,154,3,-1.9776322153425845,0.0,1,0.1190181608447527,0.3505243200807527,0.0,-2.096650376187337,0.0,516,4.289901767151605e-13
driven_dt2p5e-4,154,4,-2.320247394247764,0.0,1,0.013699414363097961,0.31560179894661466,0.0,-2.306547979884666,0.0,516,4.289901767151605e-13
driven_dt2p5e-4,154,5,-2.9438533246558065,0.18042077961838413,1,0.21432747986824646,0.24314903211787778,0.0,-2.8281614454742146,0.0,516,4.289901767151605e-13
driven_dt2p5e-4,155,0,-0.9226805184503813,0.0,1,0.008599751073424144,0.6277331427424313,0.0,-0.9312802695238055,0.0,515,3.3306690738754696e-14
driven_dt2p5e-4,155,1,-1.3493022938056025,6.283185307179586,1,1.9643754880687563,-0.1944196293945044,0.15097192048440544,-2.803600444086734,4.9626596738750886,515,3.3306690738754696e-14
driven_dt2p5e-4,155,2,-1.7807710567401813,0.0,1,0.07641032283639371,0.4264840257836725,0.0,-1.7043607339037876,0.0,515,3.3306690738754696e-14
driven_dt2p5e-4,155,3,-1.9776322153425845,0.0,1,0.06120411815846616,0.36080480734679266,0.0,-2.0388363335010506,0.0,515,3.3306690738754696e-14
driven_dt2p5e-4,155,4,-2.320247394247764,0.0,1,0.14476271012643815,0.2915612858643708,0.0,-2.465010104374202,0.0,515,3.3306690738754696e-14
driven_dt2p5e-4,155,5,-2.9438533246558065,0.18042077961838413,1,0.20692877548152938,0.21814574422455169,0.0,-3.0451837761705396,0.0,515,3.3306690738754696e-14
driven_dt2p5e-4,156,0,-0.9226805184503813,0.0,1,0.0035519900200322585,0.6293194672019966,0.0,-0.9262325084704136,0.0,517,1.9095836023552692e-14
driven_dt2p5e-4,156,1,-1.3493022938056025,6.283185307179586,0,2.4115980948840363,nan,nan,nan,nan,517,1.9095836023552692e-14
driven_dt2p5e-4,156,2,-1.7807710567401813,0.0,1,0.016223067113543266,0.4071811681761534,0.0,-1.7969941238537246,0.0,517,1.9095836023552692e-14
driven_dt2p5e-4,156,3,-1.9776322153425845,0.0,1,0.1806380914888599,0.4071811681761534,0.0,-1.7969941238537246,0.0,517,1.9095836023552692e-14
driven_dt2p5e-4,156,4,-2.320247394247764,0.0,1,0.07668008159966799,0.3256983423136495,0.0,-2.243567312648096,0.0,517,1.9095836023552692e-14
driven_dt2p5e-4,156,5,-2.9438533246558065,0.18042077961838413,1,0.2814593421110844,0.2556583956958186,0.0,-2.7278262348186777,0.0,517,1.9095836023552692e-14
driven_dt2p5e-4,157,0,-0.9226805184503813,0.0,1,0.0006833488907540541,0.6306535699110853,0.0,-0.9219971695596273,0.0,516,1.6431300764452317e-13
driven_dt2p5e-4,157,1,-1.3493022938056025,6.283185307179586,1,0.1565769993891133,-0.5508114925174963,0.0,-1.1927252944164892,6.283185307179586,516,1.6431300764452317e-13
driven_dt2p5e-4,157,2,-1.7807710567401813,0.0,1,0.09753712737164277,0.43101302682452736,0.0,-1.6832339293685386,0.0,516,1.6431300764452317e-13
driven_dt2p5e-4,157,3,-1.9776322153425845,0.0,1,0.02875612856113663,0.37740437886814115,0.0,-1.9488760867814479,0.0,516,1.6431300764452317e-13
driven_dt2p5e-4,157,4,-2.320247394247764,0.0,1,0.1393213614085682,0.29235560923652615,0.0,-2.459568755656332,0.0,516,1.6431300764452317e-13
driven_dt2p5e-4,157,5,-2.9438533246558065,0.18042077961838413,1,0.30255537884734324,0.20212551074444685,0.04027331499846918,-3.1588004834157983,0.3933467672536802,516,1.6431300764452317e-13
driven_dt2p5e-4,158,0,-0.9226805184503813,0.0,1,0.009354420315586975,0.6333937267172469,0.0,-0.9133260981347944,0.0,516,9.658940314238862e-13
driven_dt2p5e-4,158,1,-1.3493022938056025,6.283185307179586,0,2.2706157487498064,nan,nan,nan,nan,516,9.658940314238862e-13
driven_dt2p5e-4,158,2,-1.7807710567401813,0.0,1,0.03370073638282234,0.41747310322541675,0.0,-1.747070320357359,0.0,516,9.658940314238862e-13
driven_dt2p5e-4,158,3,-1.9776322153425845,0.0,1,0.1091941185155374,0.35225033860903016,0.0,-2.086826333858122,0.0,516,9.658940314238862e-13
driven_dt2p5e-4,158,4,-2.320247394247764,0.0,1,0.23342106038964205,0.35225033860903016,0.0,-2.086826333858122,0.0,516,9.658940314238862e-13
driven_dt2p5e-4,158,5,-2.9438533246558065,0.18042077961838413,1,0.29219079182280183,0.25742946543093975,0.0,-2.7140190341160126,0.0,516,9.658940314238862e-13
driven_dt2p5e-4,159,0,-0.9226805184503813,0.0,1,0.008187436277758975,0.6330242543354528,0.0,-0.9144930821726224,0.0,516,1.0629275237761249e-12
driven_dt2p5e-4,159,1,-1.3493022938056025,6.283185307179586,1,2.0826047378644104,-0.17979220424051695,0.0,-3.431907031670013,6.283185307179586,516,1.0629275237761249e-12
driven_dt2p5e-4,159,2,-1.7807710567401813,0.0,1,0.046980110450314916,0.4009672268395331,0.0,-1.8277511671904962,0.0,516,1.0629275237761249e-12
driven_dt2p5e-4,159,3,-1.9776322153425845,0.0,1,0.14988104815208825,0.4009672268395331,0.0,-1.8277511671904962,0.0,516,1.0629275237761249e-12
driven_dt2p5e-4,159,4,-2.320247394247764,0.0,1,0.12687933223463643,0.33397670598195367,0.0,-2.1933680620131275,0.0,516,1.0629275237761249e-12
driven_dt2p5e-4,159,5,-2.9438533246558065,0.18042077961838413,1,0.1805011761139772,0.22886567322348578,0.0,-2.949240054686491,0.0,516,1.0629275237761249e-12
driven_dt2p5e-4,160,0,-0.9226805184503813,0.0,1,0.0006515658602782581,0.6302327759810806,0.0,-0.9233320843106596,0.0,517,1.3766765505351941e-14
driven_dt2p5e-4,160,1,-1.3493022938056025,6.283185307179586,1,2.2349606368989665,-0.16660467884295835,0.0,-3.584262930704569,6.283185307179586,517,1.3766765505351941e-14
driven_dt2p5e-4,160,2,-1.7807710567401813,0.0,1,0.04003761806563366,0.4023615013339367,0.0,-1.820808674805815,0.0,517,1.3766765505351941e-14
driven_dt2p5e-4,160,3,-1.9776322153425845,0.0,1,0.1568235405367695,0.4023615013339367,0.0,-1.820808674805815,0.0,517,1.3766765505351941e-14
driven_dt2p5e-4,160,4,-2.320247394247764,0.0,1,0.11758929935658458,0.33242897609065014,0.0,-2.2026580948911794,0.0,517,1.3766765505351941e-14
driven_dt2p5e-4,160,5,-2.9438533246558065,0.18042077961838413,1,0.23960453687835692,0.24830598327921738,0.0,-2.7861869795640706,0.0,517,1.3766765505351941e-14
driven_dt2p5e-4,161,0,-0.9226805184503813,0.0,1,0.007246238868973243,0.6327264240262886,0.0,-0.9154342795814081,0.0,516,4.776179451937423e-13
driven_dt2p5e-4,161,1,-1.3493022938056025,6.283185307179586,1,0.3940362270561226,-0.6202497661878047,0.0,-0.9552660667494799,6.283185307179586,516,4.776179451937423e-13
driven_dt2p5e-4,161,2,-1.7807710567401813,0.0,1,0.05615669363991693,0.4221868959672711,0.0,-1.7246143631002644,0.0,516,4.776179451937423e-13
driven_dt2p5e-4,161,3,-1.9776322153425845,0.0,1,0.10508854233910814,0.352974176597012,0.0,-2.0827207576816926,0.0,516,4.776179451937423e-13
driven_dt2p5e-4,161,4,-2.320247394247764,0.0,1,0.2113931751707101,0.2820078744903503,0.0,-2.531640569418474,0.0,516,4.776179451937423e-13
driven_dt2p5e-4,161,5,-2.9438533246558065,0.18042077961838413,1,0.23209113562034575,0.21332801329885226,0.0,-3.089848658538216,0.0,516,4.776179451937423e-13
driven_dt2p5e-4,162,0,-0.9226805184503813,0.0,1,0.0017491234136173262,0.6298870124917705,0.0,-0.9244296418639987,0.0,516,7.351896869067787e-13
driven_dt2p5e-4,162,1,-1.3493022938056025,6.283185307179586,1,1.9836891906291596,-0.18937900167183075,0.08562152247424834,-3.1420200812889183,5.433958753508603,516,7.351896869067787e-13
driven_dt2p5e-4,162,2,-1.7807710567401813,0.0,1,0.014529251635419627,0.40752615912581414,0.0,-1.795300308375601,0.0,516,7.351896869067787e-13
driven_dt2p5e-4,162,3,-1.9776322153425845,0.0,1,0.09116985164133684,0.35543921336328577,0.0,-2.0688020669839213,0.0,516,7.351896869067787e-13
driven_dt2p5e-4,162,4,-2.320247394247764,0.0,1,0.05763975033131885,0.32261235302046853,0.0,-2.262607643916445,0.0,516,7.351896869067787e-13
driven_dt2p5e-4,162,5,-2.9438533246558065,0.18042077961838413,1,0.3503020173911509,0.19749148530293237,0.0,-3.2441196159210843,0.0,516,7.351896869067787e-13
driven_dt2p5e-4,163,0,-0.9226805184503813,0.0,1,0.0026103730800977054,0.629615825896088,0.0,-0.925290891530479,0.0,517,1.9517720772910252e-13
driven_dt2p5e-4,163,1,-1.3493022938056025,6.283185307179586,1,0.3448664259272929,-0.4286629385629775,0.0,-1.6941687197328954,6.283185307179586,517,1.9517720772910252e-13
driven_dt2p5e-4,163,2,-1.7807710567401813,0.0,1,0.04590380790158877,0.42002811712099497,0.0,-1.7348672488385926,0.0,517,1.9517720772910252e-13
driven_dt2p5e-4,163,3,-1.9776322153425845,0.0,1,0.03975904599251323,0.3794863752349859,0.0,-1.9378731693500713,0.0,517,1.9517720772910252e-13
driven_dt2p5e-4,163,4,-2.320247394247764,0.0,1,0.050055593673058674,0.30569986430742335,0.0,-2.3703029879208226,0.0,517,1.9517720772910252e-13
driven_dt2p5e-4,163,5,-2.9438533246558065,0.18042077961838413,1,0.3467857083991392,0.2589045578794588,0.05067558682835038,-2.664996671556711,0.3865743499785977,517,1.9517720772910252e-13
driven_dt2p5e-4,164,0,-0.9226805184503813,0.0,1,0.010253511805595528,0.6272142970727675,0.0,-0.9329340302559769,0.0,517,1.6409096303959814e-13
driven_dt2p5e-4,164,1,-1.3493022938056025,6.283185307179586,1,2.0821156160270715,-0.17982012511310902,0.012156632065860908,-3.427036522474364,6.148181923807104,517,1.6409096303959814e-13
driven_dt2p5e-4,164,2,-1.7807710567401813,0.0,1,0.06932704840485648,0.39651196866585287,0.0,-1.8500981051450378,0.0,517,1.6409096303959814e-13
driven_dt2p5e-4,164,3,-1.9776322153425845,0.0,1,0.12753411019754668,0.39651196866585287,0.0,-1.8500981051450378,0.0,517,1.6409096303959814e-13
driven_dt2p5e-4,164,4,-2.320247394247764,0.0,1,0.16383783295776677,0.34020572165941765,0.0,-2.156409561289997,0.0,517,1.6409096303959814e-13
driven_dt2p5e-4,164,5,-2.9438533246558065,0.18042077961838413,1,0.27369111360133247,0.2070430537078018,0.0,-3.1496570368337746,0.0,517,1.6409096303959814e-13
driven_dt2p5e-4,165,0,-0.9226805184503813,0.0,1,0.00389751765830737,0.6292107529585995,0.0,-0.9265780361086887,0.0,516,3.6703973194107675e-13
driven_dt2p5e-4,165,1,-1.3493022938056025,6.283185307179586,1,2.24199597367027,-0.16288866531270252,0.11706130510716911,-3.212991510435254,5.036907469066408,516,3.6703973194107675e-13
driven_dt2p5e-4,165,2,-1.7807710567401813,0.0,1,0.05097024794692273,0.4210934895990896,0.0,-1.7298008087932586,0.0,516,3.6703973194107675e-13
driven_dt2p5e-4,165,3,-1.9776322153425845,0.0,1,0.053135309413555376,0.3820329364708483,0.0,-1.9244969059290291,0.0,516,3.6703973194107675e-13
driven_dt2p5e-4,165,4,-2.320247394247764,0.0,1,0.15375696068993883,0.2968736263770268,0.01661727156540539,-2.4257692462452827,0.11183175627531361,516,3.6703973194107675e-13
driven_dt2p5e-4,165,5,-2.9438533246558065,0.18042077961838413,1,0.287005811291993,0.20324271878934885,0.03904910962978402,-3.1504596198668886,0.37963467093755465,516,3.6703973194107675e-13
driven_dt2p5e-4,166,0,-0.9226805184503813,0.0,1,0.0013161735359412674,0.6308531480447181,0.0,-0.9213643449144401,0.0,517,2.5357493882438575e-13
driven_dt2p5e-4,166,1,-1.3493022938056025,6.283185307179586,1,1.6301969139099028,-0.22542909504877665,0.0,-2.9794992077155054,6.283185307179586,517,2.5357493882438575e-13
driven_dt2p5e-4,166,2,-1.7807710567401813,0.0,1,0.008329101733428823,0.4122105660672537,0.0,-1.7724419550067525,0.0,517,2.5357493882438575e-13
driven_dt2p5e-4,166,3,-1.9776322153425845,0.0,1,0.10188496293067972,0.3914593398822659,0.0,-1.8757472524119048,0.0,517,2.5357493882438575e-13
driven_dt2p5e-4,166,4,-2.320247394247764,0.0,1,0.06065655009880633,0.30408379558912774,0.0,-2.3809039443465703,0.0,517,2.5357493882438575e-13
driven_dt2p5e-4,166,5,-2.9438533246558065,0.18042077961838413,1,0.22425578296043364,0.24528542499278852,0.0,-2.8106654931054296,0.0,517,2.5357493882438575e-13
driven_dt2p5e-4,167,0,-0.9226805184503813,0.0,1,0.00951353671053845,0.6274464014875402,0.0,-0.9321940551609198,0.0,516,2.26929586233382e-13
driven_dt2p5e-4,167,1,-1.3493022938056025,6.283185307179586,1,2.218193506843786,-0.16755169743486747,0.0403288111267641,-3.5166087611128956,5.810781760863608,516,2.26929586233382e-13
driven_dt2p5e-4,167,2,-1.7807710567401813,0.0,1,0.0801257250365437,0.3943768357403509,0.0,-1.860896781776725,0.0,516,2.26929586233382e-13
driven_dt2p5e-4,167,3,-1.9776322153425845,0.0,1,0.014886729541221833,0.3692580811722174,0.0,-1.9925189448838063,0.0,516,2.26929586233382e-13
driven_dt2p5e-4,167,4,-2.320247394247764,0.0,1,0.3277284493639576,0.3692580811722174,0.0,-1.9925189448838063,0.0,516,2.26929586233382e-13
driven_dt2p5e-4,167,5,-2.9438533246558065,0.18042077961838413,1,0.19237375668031997,0.23727155151330165,0.0,-2.8771000135679405,0.0,516,2.26929586233382e-13
driven_dt2p5e-4,168,0,-0.9226805184503813,0.0,1,0.003047849685546389,0.6294781198603044,0.0,-0.9257283681359277,0.0,516,1.7430501486614958e-13
driven_dt2p5e-4,168,1,-1.3493022938056025,6.283185307179586,0,2.3026166893772553,nan,nan,nan,nan,516,1.7430501486614958e-13
driven_dt2p5e-4,168,2,-1.7807710567401813,0.0,1,0.09274343952873254,0.42998119293748355,0.0,-1.6880276172114488,0.0,516,1.7430501486614958e-13
driven_dt2p5e-4,168,3,-1.9776322153425845,0.0,1,0.006886315053875824,0.37073814833737806,0.0,-1.9845185303964603,0.0,516,1.7430501486614958e-13
driven_dt2p5e-4,168,4,-2.320247394247764,0.0,1,0.28871948786736334,0.27131264782866077,0.0,-2.6089668821151273,0.0,516,1.7430501486614958e-13
driven_dt2p5e-4,168,5,-2.9438533246558065,0.18042077961838413,1,0.38039530375079184,0.27131264782866077,0.0,-2.6089668821151273,0.0,516,1.7430501486614958e-13
driven_dt2p5e-4,169,0,-0.9226805184503813,0.0,1,0.005380115364543858,0.6321363265419223,0.0,-0.9173004030858375,0.0,515,5.38902256153051e-13
driven_dt2p5e-4,169,1,-1.3493022938056025,6.283185307179586,0,2.38065715864213,nan,nan,nan,nan,515,5.38902256153051e-13
driven_dt2p5e-4,169,2,-1.7807710567401813,0.0,1,0.03257535058357597,0.4038655701036328,0.0,-1.8133464073237573,0.0,515,5.38902256153051e-13
driven_dt2p5e-4,169,3,-1.9776322153425845,0.0,1,0.16285770057281335,0.3429245050429765,0.0,-2.140489915915398,0.0,515,5.38902256153051e-13
driven_dt2p5e-4,169,4,-2.320247394247764,0.0,1,0.1797574783323661,0.3429245050429765,0.0,-2.140489915915398,0.0,515,5.38902256153051e-13
driven_dt2p5e-4,169,5,-2.9438533246558065,0.18042077961838413,1,0.18140265944549036,0.22733037387743532,0.0,-2.96270185605194,0.0,515,5.38902256153051e-13
driven_dt2p5e-4,170,0,-0.9226805184503813,0.0,1,0.016949721055326994,0.6358037078742794,0.0,-0.9057307973950544,0.0,517,4.920508445138694e-13
driven_dt2p5e-4,170,1,-1.3493022938056025,6.283185307179586,1,0.5299924006023443,-0.6638792844227156,0.0,-0.8193098932032582,6.283185307179586,517,4.920508445138694e-13
driven_dt2p5e-4,170,2,-1.7807710567401813,0.0,1,0.04679325836374404,0.42021495576529094,0.0,-1.7339777983764373,0.0,517,4.920508445138694e-13
driven_dt2p5e-4,170,3,-1.9776322153425845,0.0,1,0.11615607792293359,0.3942626100628596,0.0,-1.861476137419651,0.0,517,4.920508445138694e-13
driven_dt2p5e-4,170,4,-2.320247394247764,0.0,1,0.2002455978766413,0.3464554991485907,0.0,-2.1200017963711226,0.0,517,4.920508445138694e-13
driven_dt2p5e-4,170,5,-2.9438533246558065,0.18042077961838413,1,0.16993413853498915,0.21061350738914913,0.026155079931186934,-3.1001568339997814,0.2471052936106661,517,4.920508445138694e-13
driven_dt2p5e-4,171,0,-0.9226805184503813,0.0,1,0.019676396548089503,0.6242661634918989,0.0,-0.9423569149984709,0.0,516,3.689271110829395e-13
driven_dt2p5e-4,171,1,-1.3493022938056025,6.283185307179586,1,2.1973980660789896,-0.16813204088198289,0.08837113196544184,-3.3220764487726493,5.315342141009706,516,3.689271110829395e-13
driven_dt2p5e-4,171,2,-1.7807710567401813,0.0,1,0.04645584842402872,0.4010723465619095,0.0,-1.82722690516421,0.0,516,3.689271110829395e-13
driven_dt2p5e-4,171,3,-1.9776322153425845,0.0,1,0.15040531017837444,0.4010723465619095,0.0,-1.82722690516421,0.0,516,3.689271110829395e-13
driven_dt2p5e-4,171,4,-2.320247394247764,0.0,1,0.11618294271751584,0.2957575735567961,0.0,-2.4364303369652798,0.0,516,3.689271110829395e-13
driven_dt2p5e-4,171,5,-2.9438533246558065,0.18042077961838413,1,0.43018004355773676,0.18877773512509266,0.0,-3.3343699211753792,0.0,516,3.689271110829395e-13
driven_dt2p5e-4,172,0,-0.9226805184503813,0.0,1,0.012703982652474188,0.6264462824933194,0.0,-0.9353845011028555,0.0,516,2.1227464230832993e-13
driven_dt2p5e-4,172,1,-1.3493022938056025,6.283185307179586,1,2.069229428846327,-0.18066271180829155,0.08281416397675243,-3.2315254654564884,5.423565413677711,516,2.1227464230832993e-13
driven_dt2p5e-4,172,2,-1.7807710567401813,0.0,1,0.0894135327632335,0.4292658899341003,0.0,-1.6913575239769478,0.0,516,2.1227464230832993e-13
driven_dt2p5e-4,172,3,-1.9776322153425845,0.0,1,0.04052277935763193,0.3796313161104577,0.0,-1.9371094359849526,0.0,516,2.1227464230832993e-13
driven_dt2p5e-4,172,4,-2.320247394247764,0.0,1,0.04185498486218053,0.30695590011260027,0.0,-2.3621023791099445,0.0,516,2.1227464230832993e-13
driven_dt2p5e-4,172,5,-2.9438533246558065,0.18042077961838413,1,0.19063195330605964,0.23270005501632013,0.04248305516655251,-2.8832231100189047,0.3611540601573234,516,2.1227464230832993e-13
driven_dt2p5e-4,173,0,-0.9226805184503813,0.0,1,0.006182012209995147,0.6284924490085653,0.0,-0.9288625306603765,0.0,516,3.013145288832675e-13
driven_dt2p5e-4,173,1,-1.3493022938056025,6.283185307179586,1,2.0638487297429577,-0.18136408505858886,0.04053914867032135,-3.3657427728067932,5.84336787470667,516,3.013145288832675e-13
driven_dt2p5e-4,173,2,-1.7807710567401813,0.0,1,0.058236580897889745,0.42262617491305493,0.0,-1.7225344758422916,0.0,516,3.013145288832675e-13
driven_dt2p5e-4,173,3,-1.9776322153425845,0.0,1,0.0461454697355832,0.38070009243023456,0.0,-1.9314867456070013,0.0,516,3.013145288832675e-13
driven_dt2p5e-4,173,4,-2.320247394247764,0.0,1,0.3379468649662871,0.2751897473565694,0.031875539533850215,-2.567261215828214,0.2306344629251305,516,3.013145288832675e-13
driven_dt2p5e-4,173,5,-2.9438533246558065,0.18042077961838413,1,0.24816089363500785,0.21074196462986286,0.0,-3.114241620649458,0.0,516,3.013145288832675e-13
driven_dt2p5e-4,174,0,-0.9226805184503813,0.0,1,0.0187995280024692,0.6363920369640708,0.0,-0.9038809904479121,0.0,516,9.343636975245317e-13
driven_dt2p5e-4,174,1,-1.3493022938056025,6.283185307179586,1,0.2642151865349074,-0.44630230611690047,0.0,-1.61351748034051,6.283185307179586,516,9.343636975245317e-13
driven_dt2p5e-4,174,2,-1.7807710567401813,0.0,1,0.04545197813505486,0.4199332372357394,0.0,-1.7353190786051265,0.0,516,9.343636975245317e-13
driven_dt2p5e-4,174,3,-1.9776322153425845,0.0,1,0.0674051000190321,0.3596878677393383,0.0,-2.0450373153616166,0.0,516,9.343636975245317e-13
driven_dt2p5e-4,174,4,-2.320247394247764,0.0,1,0.27521007888614735,0.3596878677393383,0.0,-2.0450373153616166,0.0,516,9.343636975245317e-13
driven_dt2p5e-4,174,5,-2.9438533246558065,0.18042077961838413,1,0.34687246218168183,0.26612274624829335,0.0,-2.64759524915089,0.0,516,9.343636975245317e-13
driven_dt2p5e-4,175,0,-0.9226805184503813,0.0,1,0.0007063837272750506,0.630660833453856,0.0,-0.9219741347231063,0.0,517,4.707345624410664e-13
driven_dt2p5e-4,175,1,-1.3493022938056025,6.283185307179586,1,0.8300012845378362,-0.7713211118561514,0.0,-0.5193010092677663,6.283185307179586,517,4.707345624410664e-13
driven_dt2p5e-4,175,2,-1.7807710567401813,0.0,1,0.0340661211052149,0.4035646468261457,0.0,-1.8148371778453962,0.0,517,4.707345624410664e-13
driven_dt2p5e-4,175,3,-1.9776322153425845,0.0,1,0.008727238699366646,0.3703970550313639,0.0,-1.9863594540419511,0.0,517,4.707345624410664e-13
driven_dt2p5e-4,175,4,-2.320247394247764,0.0,1,0.14943355477126863,0.29088116162680194,0.0,-2.4696809490190326,0.0,517,4.707345624410664e-13
driven_dt2p5e-4,175,5,-2.9438533246558065,0.18042077961838413,1,0.2200019932703552,0.21548294725421663,0.0,-3.069747007280567,0.0,517,4.707345624410664e-13
driven_dt2p5e-4,176,0,-0.9226805184503813,0.0,1,0.001497890892999898,0.6299661415125385,0.0,-0.9241784093433812,0.0,516,8.346656699131927e-13
driven_dt2p5e-4,176,1,-1.3493022938056025,6.283185307179586,1,2.071690199162163,-0.1806191962879843,0.04344325721664917,-3.3664884467141127,5.811104481664795,516,8.346656699131927e-13
driven_dt2p5e-4,176,2,-1.7807710567401813,0.0,1,0.04226367653900076,0.41926433363874144,0.0,-1.7385073802011806,0.0,516,8.346656699131927e-13
driven_dt2p5e-4,176,3,-1.9776322153425845,0.0,1,0.037395521700336776,0.3651256023664775,0.0,-2.0150277370429213,0.0,516,8.346656699131927e-13
driven_dt2p5e-4,176,4,-2.320247394247764,0.0,1,0.3052196572048427,0.3651256023664775,0.0,-2.0150277370429213,0.0,516,8.346656699131927e-13
driven_dt2p5e-4,176,5,-2.9438533246558065,0.18042077961838413,1,0.32195824108237187,0.2622128671155837,0.0,-2.6771972703784863,0.0,516,8.346656699131927e-13
driven_dt2p5e-4,177,0,-0.9226805184503813,0.0,1,0.00879006834727325,0.6276734113542394,0.0,-0.9314705867976546,0.0,516,1.7998935675223038e-12
driven_dt2p5e-4,177,1,-1.3493022938056025,6.283185307179586,1,1.765356322403454,-0.21069802997842474,0.0,-3.1146586162090566,6.283185307179586,516,1.7998935675223038e-12
driven_dt2p5e-4,177,2,-1.7807710567401813,0.0,1,0.010938363086422598,0.4127486995733332,0.0,-1.7698326936537587,0.0,516,1.7998935675223038e-12
driven_dt2p5e-4,177,3,-1.9776322153425845,0.0,1,0.16166352549233842,0.34312932213296105,0.0,-2.139295740834923,0.0,516,1.7998935675223038e-12
driven_dt2p5e-4,177,4,-2.320247394247764,0.0,1,0.18095165341284103,0.34312932213296105,0.0,-2.139295740834923,0.0,516,1.7998935675223038e-12
driven_dt2p5e-4,177,5,-2.9438533246558065,0.18042077961838413,1,0.3337851360075082,0.19942091427645708,0.0,-3.224675081828297,0.0,516,1.7998935675223038e-12
driven_dt2p5e-4,178,0,-0.9226805184503813,0.0,1,0.009618778309495535,0.6334774535980672,0.0,-0.9130617401408858,0.0,516,9.472422846101836e-13
driven_dt2p5e-4,178,1,-1.3493022938056025,6.283185307179586,1,2.0576422640445737,-0.18182159897539388,0.07250843702802227,-3.261872909896817,5.524261513082345,516,9.472422846101836e-13
driven_dt2p5e-4,178,2,-1.7807710567401813,0.0,1,0.061110910099150484,0.39814421765340674,0.0,-1.8418819668393318,0.0,516,9.472422846101836e-13
driven_dt2p5e-4,178,3,-1.9776322153425845,0.0,1,0.13575024850325268,0.39814421765340674,0.0,-1.8418819668393318,0.0,516,9.472422846101836e-13
driven_dt2p5e-4,178,4,-2.320247394247764,0.0,1,0.09473637368511545,0.3286521079649772,0.0,-2.2255110205626485,0.0,516,9.472422846101836e-13
driven_dt2p5e-4,178,5,-2.9438533246558065,0.18042077961838413,1,0.3198394281018935,0.2618771707595226,0.0,-2.6797593980871692,0.0,516,9.472422846101836e-13
driven_dt2p5e-4,179,0,-0.9226805184503813,0.0,1,0.002606313386232184,0.6312602237197269,0.0,-0.9200742050641492,0.0,517,2.1871393585115584e-14
driven_dt2p5e-4,179,1,-1.3493022938056025,6.283185307179586,1,1.903750629650743,-0.19661132636199072,0.0,-3.2530529234563454,6.283185307179586,517,2.1871393585115584e-14
driven_dt2p5e-4,179,2,-1.7807710567401813,0.0,1,0.028431869532783205,0.4163747455385732,0.0,-1.7523391872073981,0.0,517,2.1871393585115584e-14
driven_dt2p5e-4,179,3,-1.9776322153425845,0.0,1,0.06886018515112724,0.35942627467664995,0.0,-2.0464924004937117,0.0,517,2.1871393585115584e-14
driven_dt2p5e-4,179,4,-2.320247394247764,0.0,1,0.062149689465504476,0.32334065489917285,0.0,-2.2580977047822595,0.0,517,2.1871393585115584e-14
driven_dt2p5e-4,179,5,-2.9438533246558065,0.18042077961838413,1,0.2567624167882086,0.251432139648853,0.0,-2.7611642966414887,0.0,517,2.1871393585115584e-14
driven_dt2p5e-4,180,0,-0.9226805184503813,0.0,1,0.015237471842335482,0.6256532374497639,0.0,-0.9379179902927168,0.0,516,1.6231460620019789e-13
driven_dt2p5e-4,180,1,-1.3493022938056025,6.283185307179586,1,1.8775678315673607,-0.19970062621967016,0.05278358355779363,-3.154342456734586,5.76637685876773,516,1.6231460620019789e-13
driven_dt2p5e-4,180,2,-1.7807710567401813,0.0,1,0.10948226113987403,0.38863034427685406,0.0,-1.8902533178800554,0.0,516,1.6231460620019789e-13
driven_dt2p5e-4,180,3,-1.9776322153425845,0.0,1,0.08737889746252914,0.38863034427685406,0.0,-1.8902533178800554,0.0,516,1.6231460620019789e-13
driven_dt2p5e-4,180,4,-2.320247394247764,0.0,1,0.1747123954224632,0.34206055389750223,0.0,-2.1455349988253007,0.0,516,1.6231460620019789e-13
driven_dt2p5e-4,180,5,-2.9438533246558065,0.18042077961838413,1,0.24725216061328018,0.2108817599222856,0.0,-3.112915364185175,0.0,516,1.6231460620019789e-13
driven_dt2p5e-4,181,0,-0.9226805184503813,0.0,1,0.009343561697166103,0.633390287836188,0.0,-0.9133369567532152,0.0,517,1.8784973576657649e-13
driven_dt2p5e-4,181,1,-1.3493022938056025,6.283185307179586,1,2.190573635804533,-0.17034355579333313,0.0,-3.539875929610136,6.283185307179586,517,1.8784973576657649e-13
driven_dt2p5e-4,181,2,-1.7807710567401813,0.0,1,0.06733115942320267,0.4245523545091507,0.0,-1.7134398973169787,0.0,517,1.8784973576657649e-13
driven_dt2p5e-4,181,3,-1.9776322153425845,0.0,1,0.0021804298299683555,0.3716115009958893,0.0,-1.9798126451725528,0.0,517,1.8784973576657649e-13
driven_dt2p5e-4,181,4,-2.320247394247764,0.0,1,0.016451965373192046,0.31603645300511285,0.0,-2.303795428874572,0.0,517,1.8784973576657649e-13
driven_dt2p5e-4,181,5,-2.9438533246558065,0.18042077961838413,1,0.2649752171345169,0.21799600872539393,0.048730658852758395,-2.9977956622284667,0.43984724301925143,517,1.8784973576657649e-13
driven_dt2p5e-4,182,0,-0.9226805184503813,0.0,1,0.011142502877297566,0.6339602600703329,0.0,-0.9115380155730838,0.0,516,4.334310688136611e-13
driven_dt2p5e-4,182,1,-1.3493022938056025,6.283185307179586,1,1.8009932978483707,-0.206976960089496,0.0,-3.150295591653973,6.283185307179586,516,4.334310688136611e-13
driven_dt2p5e-4,182,2,-1.7807710567401813,0.0,1,0.05327734462988398,0.42157952157241746,0.0,-1.7274937121102973,0.0,516,4.334310688136611e-13
driven_dt2p5e-4,182,3,-1.9776322153425845,0.0,1,0.05108694648287315,0.38164186571605874,0.0,-1.9265452688597113,0.0,516,4.334310688136611e-13
driven_dt2p5e-4,182,4,-2.320247394247764,0.0,1,0.13367789320408274,0.3351139182376134,0.0,-2.186569501043681,0.0,516,4.334310688136611e-13
driven_dt2p5e-4,182,5,-2.9438533246558065,0.18042077961838413,1,0.1886927440005685,0.23591154514281668,0.0,-2.8885967058634976,0.0,516,4.334310688136611e-13
driven_dt2p5e-4,183,0,-0.9226805184503813,0.0,1,0.007352692930902238,0.6281246746590061,0.0,-0.9300332113812836,0.0,517,2.3447910280083306e-13
driven_dt2p5e-4,183,1,-1.3493022938056025,6.283185307179586,1,0.5552029741322239,-0.6723006384637512,0.0,-0.7940993196733787,6.283185307179586,517,2.3447910280083306e-13
driven_dt2p5e-4,183,2,-1.7807710567401813,0.0,1,0.001821822794795036,0.4101237072607162,0.0,-1.7825928795349764,0.0,517,2.3447910280083306e-13
driven_dt2p5e-4,183,3,-1.9776322153425845,0.0,1,0.022410169644818678,0.37620878033445404,0.0,-1.9552220456977658,0.0,517,2.3447910280083306e-13
driven_dt2p5e-4,183,4,-2.320247394247764,0.0,1,0.1482342037004023,0.3375618266834356,0.0,-2.1720131905473616,0.0,517,2.3447910280083306e-13
driven_dt2p5e-4,183,5,-2.9438533246558065,0.18042077961838413,1,0.18048314512157157,0.2289392052813696,0.0,-2.948597579588748,0.0,517,2.3447910280083306e-13
driven_dt2p5e-4,184,0,-0.9226805184503813,0.0,1,0.002743292297561206,0.6313034598694254,0.0,-0.9199372261528201,0.0,516,2.8466118351389014e-13
driven_dt2p5e-4,184,1,-1.3493022938056025,6.283185307179586,0,2.326236815252224,nan,nan,nan,nan,516,2.8466118351389014e-13
driven_dt2p5e-4,184,2,-1.7807710567401813,0.0,1,0.016472174338953982,0.4138923176845035,0.0,-1.7642988824012273,0.0,516,2.8466118351389014e-13
driven_dt2p5e-4,184,3,-1.9776322153425845,0.0,1,0.19854880164119226,0.33685910958587895,0.0,-2.1761810169837768,0.0,516,2.8466118351389014e-13
driven_dt2p5e-4,184,4,-2.320247394247764,0.0,1,0.1440663772639872,0.33685910958587895,0.0,-2.1761810169837768,0.0,516,2.8466118351389014e-13
driven_dt2p5e-4,184,5,-2.9438533246558065,0.18042077961838413,1,0.18099376299036773,0.23114005661451706,0.0,-2.9294628929976567,0.0,516,2.8466118351389014e-13
driven_dt2p5e-4,185,0,-0.9226805184503813,0.0,1,0.0030249088958058667,0.6294853402643118,0.0,-0.9257054273461872,0.0,517,2.7533531010703882e-14
driven_dt2p5e-4,185,1,-1.3493022938056025,6.283185307179586,1,1.1425033613324975,-0.9017666761826215,0.0,-0.2067989324731049,6.283185307179586,517,2.7533531010703882e-14
driven_dt2p5e-4,185,2,-1.7807710567401813,0.0,1,0.06348032654811608,0.4237357008786365,0.0,-1.7172907301920652,0.0,517,2.7533531010703882e-14
driven_dt2p5e-4,185,3,-1.9776322153425845,0.0,1,0.006553737962862405,0.3707998029709165,0.0,-1.984185953305447,0.0,517,2.7533531010703882e-14
driven_dt2p5e-4,185,4,-2.320247394247764,0.0,1,0.08135880823251984,0.3009524195719518,0.0,-2.401606202480284,0.0,517,2.7533531010703882e-14
driven_dt2p5e-4,185,5,-2.9438533246558065,0.18042077961838413,1,0.14128132574591604,0.22753402443957285,0.03688539817027432,-2.9349709104828734,0.32142260841143244,517,2.7533531010703882e-14
driven_dt2p5e-4,186,0,-0.9226805184503813,0.0,1,0.020827234213955714,0.6239070523142388,0.0,-0.9435077526643371,0.0,516,2.6845192735436285e-13
driven_dt2p5e-4,186,1,-1.3493022938056025,6.283185307179586,1,1.9004862572313963,-0.19721355247720773,0.04418760814286773,-3.1979529920486365,5.842346776863843,516,2.6845192735436285e-13
driven_dt2p5e-4,186,2,-1.7807710567401813,0.0,1,0.09905955589104765,0.3906609204701514,0.0,-1.879830612631229,0.0,516,2.6845192735436285e-13
driven_dt2p5e-4,186,3,-1.9776322153425845,0.0,1,0.09780160271135552,0.3906609204701514,0.0,-1.879830612631229,0.0,516,2.6845192735436285e-13
driven_dt2p5e-4,186,4,-2.320247394247764,0.0,1,0.07871865897077468,0.32603049219842584,0.0,-2.2415287352769893,0.0,516,2.6845192735436285e-13
driven_dt2p5e-4,186,5,-2.9438533246558065,0.18042077961838413,1,0.23370113677891627,0.20467820516923868,0.02953688066415174,-3.1520213550175487,0.286638915862015,516,2.6845192735436285e-13
driven_dt2p5e-4,187,0,-0.9226805184503813,0.0,1,0.012530841792312009,0.6344004886991035,0.0,-0.9101496766580693,0.0,516,6.892264536872972e-13
driven_dt2p5e-4,187,1,-1.3493022938056025,6.283185307179586,1,1.5611206845311052,-0.2333510074716555,0.0,-2.9104229783367077,6.283185307179586,516,6.892264536872972e-13
driven_dt2p5e-4,187,2,-1.7807710567401813,0.0,1,0.01845498804195933,0.414302856836078,0.0,-1.762316068698222,0.0,516,6.892264536872972e-13
driven_dt2p5e-4,187,3,-1.9776322153425845,0.0,1,0.2153161466443625,0.414302856836078,0.0,-1.762316068698222,0.0,516,6.892264536872972e-13
driven_dt2p5e-4,187,4,-2.320247394247764,0.0,1,0.12453986732721134,0.3335862709869434,0.0,-2.1957075269205526,0.0,516,6.892264536872972e-13
driven_dt2p5e-4,187,5,-2.9438533246558065,0.18042077961838413,1,0.21737391859725552,0.24382479296716073,0.0,-2.822610746457301,0.0,516,6.892264536872972e-13
driven_dt2p5e-4,188,0,-0.9226805184503813,0.0,1,0.007779910915557631,0.632895280756635,0.0,-0.9149006075348237,0.0,516,1.0815792705898275e-12
driven_dt2p5e-4,188,1,-1.3493022938056025,6.283185307179586,0,2.4192580621893596,nan,nan,nan,nan,516,1.0815792705898275e-12
driven_dt2p5e-4,188,2,-1.7807710567401813,0.0,1,0.004609630887209892,0.40955243240938066,0.0,-1.7853806876273912,0.0,516,1.0815792705898275e-12
driven_dt2p5e-4,188,3,-1.9776322153425845,0.0,1,0.19225152771519327,0.40955243240938066,0.0,-1.7853806876273912,0.0,516,1.0815792705898275e-12
driven_dt2p5e-4,188,4,-2.320247394247764,0.0,1,0.1395834671123013,0.3361049006033995,0.0,-2.1806639271354626,0.0,516,1.0815792705898275e-12
driven_dt2p5e-4,188,5,-2.9438533246558065,0.18042077961838413,1,0.18075693201756823,0.2282221026534688,0.0,-2.9548719794874203,0.0,516,1.0815792705898275e-12
driven_dt2p5e-4,189,0,-0.9226805184503813,0.0,1,0.0019263925038340846,0.6310456566897773,0.0,-0.9207541259465473,0.0,517,1.270095140171179e-13
driven_dt2p5e-4,189,1,-1.3493022938056025,6.283185307179586,1,1.951981763430817,-0.19219788482218986,0.05711379975974032,-3.2138382086626742,5.705484150027738,517,1.270095140171179e-13
driven_dt2p5e-4,189,2,-1.7807710567401813,0.0,1,0.07776836653051689,0.4267737160964974,0.0,-1.7030026902096644,0.0,517,1.270095140171179e-13
driven_dt2p5e-4,189,3,-1.9776322153425845,0.0,1,0.09273853155606093,0.38967319920444565,0.0,-1.8848936837865236,0.0,517,1.270095140171179e-13
driven_dt2p5e-4,189,4,-2.320247394247764,0.0,1,0.10680946095537047,0.33064203084091454,0.0,-2.2134379332923935,0.0,517,1.270095140171179e-13
driven_dt2p5e-4,189,5,-2.9438533246558065,0.18042077961838413,1,0.28818044842112606,0.2567712319095338,0.0,-2.7191394774320634,0.0,517,1.270095140171179e-13
driven_dt2p5e-4,190,0,-0.9226805184503813,0.0,1,0.003058448926260171,0.6314029474428108,0.0,-0.9196220695241212,0.0,516,6.505906924303417e-14
driven_dt2p5e-4,190,1,-1.3493022938056025,6.283185307179586,0,2.454565589274462,nan,nan,nan,nan,516,6.505906924303417e-14
driven_dt2p5e-4,190,2,-1.7807710567401813,0.0,1,0.05095456475895577,0.4001712050783569,0.0,-1.831725621499137,0.0,516,6.505906924303417e-14
driven_dt2p5e-4,190,3,-1.9776322153425845,0.0,1,0.08781466283566797,0.3560359966383511,0.0,-2.0654468781782525,0.0,516,6.505906924303417e-14
driven_dt2p5e-4,190,4,-2.320247394247764,0.0,1,0.2548005160695115,0.3560359966383511,0.0,-2.0654468781782525,0.0,516,6.505906924303417e-14
driven_dt2p5e-4,190,5,-2.9438533246558065,0.18042077961838413,1,0.23638583837249044,0.24769393939512604,0.0,-2.7911228206136878,0.0,516,6.505906924303417e-14
driven_dt2p5e-4,191,0,-0.9226805184503813,0.0,1,0.003475419436169247,0.6293435613427393,0.0,-0.9261559378865506,0.0,516,6.714628852932947e-13
driven_dt2p5e-4,191,1,-1.3493022938056025,6.283185307179586,1,1.0258515020132077,-0.8506747712527637,0.0,-0.3234507917923949,6.283185307179586,516,6.714628852932947e-13
driven_dt2p5e-4,191,2,-1.7807710567401813,0.0,1,0.06313711301639935,0.397741061419326,0.0,-1.8439081697565807,0.0,516,6.714628852932947e-13
driven_dt2p5e-4,191,3,-1.9776322153425845,0.0,1,0.13372404558600381,0.397741061419326,0.0,-1.8439081697565807,0.0,516,6.714628852932947e-13
driven_dt2p5e-4,191,4,-2.320247394247764,0.0,1,0.018315641937256544,0.31059001442488554,0.0,-2.3385630361850205,0.0,516,6.714628852932947e-13
driven_dt2p5e-4,191,5,-2.9438533246558065,0.18042077961838413,1,0.19235835208883828,0.20920577002339635,0.029300099913001584,-3.1094487125494723,0.27829775917271976,516,6.714628852932947e-13
driven_dt2p5e-4,192,0,-0.9226805184503813,0.0,1,0.0031351296694112074,0.6314271561305117,0.0,-0.9195453887809701,0.0,517,8.881784197001252e-15
driven_dt2p5e-4,192,1,-1.3493022938056025,6.283185307179586,1,1.8373703885508041,-0.20324638002291193,0.0,-3.1866726823564067,6.283185307179586,517,8.881784197001252e-15
driven_dt2p5e-4,192,2,-1.7807710567401813,0.0,1,0.030753394264962486,0.4042336504484154,0.0,-1.8115244510051438,0.0,517,8.881784197001252e-15
driven_dt2p5e-4,192,3,-1.9776322153425845,0.0,1,0.16610776433744068,0.4042336504484154,0.0,-1.8115244510051438,0.0,517,8.881784197001252e-15
driven_dt2p5e-4,192,4,-2.320247394247764,0.0,1,0.03558886613823464,0.31907494577595813,0.0,-2.2846585281095293,0.0,517,8.881784197001252e-15
driven_dt2p5e-4,192,5,-2.9438533246558065,0.18042077961838413,1,0.2796469758329992,0.19980967380478443,0.012104385563658723,-3.21711682541901,0.12101126654866798,517,8.881784197001252e-15
driven_dt2p5e-4,193,0,-0.9226805184503813,0.0,1,0.0014338378660486706,0.6308902635930319,0.0,-0.9212466805843327,0.0,516,2.9598545836506673e-13
driven_dt2p5e-4,193,1,-1.3493022938056025,6.283185307179586,0,2.3224769544258033,nan,nan,nan,nan,516,2.9598545836506673e-13
driven_dt2p5e-4,193,2,-1.7807710567401813,0.0,1,0.025436585322079486,0.4053096966415686,0.0,-1.8062076420622608,0.0,516,2.9598545836506673e-13
driven_dt2p5e-4,193,3,-1.9776322153425845,0.0,1,0.17142457328032368,0.4053096966415686,0.0,-1.8062076420622608,0.0,516,2.9598545836506673e-13
driven_dt2p5e-4,193,4,-2.320247394247764,0.0,1,0.15460400928023477,0.33863864215307315,0.0,-2.165643384967529,0.0,516,2.9598545836506673e-13
driven_dt2p5e-4,193,5,-2.9438533246558065,0.18042077961838413,1,0.08858544905453822,0.21896321512878578,0.023365971789860173,-3.0263799891718506,0.2126190936744104,516,2.9598545836506673e-13
driven_dt2p5e-4,194,0,-0.9226805184503813,0.0,1,0.0023859572178713817,0.6311906765090177,0.0,-0.92029456123251,0.0,516,2.318145675417327e-13
driven_dt2p5e-4,194,1,-1.3493022938056025,6.283185307179586,0,2.3173151948654827,nan,nan,nan,nan,516,2.318145675417327e-13
driven_dt2p5e-4,194,2,-1.7807710567401813,0.0,1,0.060782793034701355,0.39820954196772773,0.0,-1.8415538497748827,0.0,516,2.318145675417327e-13
driven_dt2p5e-4,194,3,-1.9776322153425845,0.0,1,0.1360783655677018,0.39820954196772773,0.0,-1.8415538497748827,0.0,516,2.318145675417327e-13
driven_dt2p5e-4,194,4,-2.320247394247764,0.0,1,0.09118880032113719,0.32806966594951864,0.0,-2.2290585939266268,0.0,516,2.318145675417327e-13
driven_dt2p5e-4,194,5,-2.9438533246558065,0.18042077961838413,1,0.1963867898088936,0.22075352595793407,0.0,-3.0214169339925117,0.0,516,2.318145675417327e-13
driven_dt2p5e-4,195,0,-0.9226805184503813,0.0,1,0.03407524768345327,0.6412713200660695,0.0,-0.8886052707669281,0.0,516,3.33288951992472e-13
driven_dt2p5e-4,195,1,-1.3493022938056025,6.283185307179586,1,1.7301381396835918,-0.21444109006094836,0.0,-3.0794404334891943,6.283185307179586,516,3.33288951992472e-13
driven_dt2p5e-4,195,2,-1.7807710567401813,0.0,1,0.030671615792569273,0.4042501795915569,0.0,-1.8114426725327506,0.0,516,3.33288951992472e-13
driven_dt2p5e-4,195,3,-1.9776322153425845,0.0,1,0.1661895428098339,0.4042501795915569,0.0,-1.8114426725327506,0.0,516,3.33288951992472e-13
driven_dt2p5e-4,195,4,-2.320247394247764,0.0,1,0.15955987764415136,0.33947880692640603,0.0,-2.1606875166036126,0.0,516,3.33288951992472e-13
driven_dt2p5e-4,195,5,-2.9438533246558065,0.18042077961838413,1,0.2823432858444675,0.255805496019218,0.0,-2.726675808915007,0.0,516,3.33288951992472e-13
driven_dt2p5e-4,196,0,-0.9226805184503813,0.0,1,0.005987608987812698,0.6285535424563102,0.0,-0.928668127438194,0.0,517,7.682743330406083e-14
driven_dt2p5e-4,196,1,-1.3493022938056025,6.283185307179586,1,2.2457538369245196,-0.1652581785098369,0.03755647561310397,-3.5501352668718122,5.836257437467091,517,7.682743330406083e-14
driven_dt2p5e-4,196,2,-1.7807710567401813,0.0,1,0.07380823110521773,0.3956245419302096,0.0,-1.854579287845399,0.0,517,7.682743330406083e-14
driven_dt2p5e-4,196,3,-1.9776322153425845,0.0,1,0.12305292749718544,0.3956245419302096,0.0,-1.854579287845399,0.0,517,7.682743330406083e-14
driven_dt2p5e-4,196,4,-2.320247394247764,0.0,1,0.1296664786305075,0.29377035084852643,0.0,-2.4499138728782714,0.0,517,7.682743330406083e-14
driven_dt2p5e-4,196,5,-2.9438533246558065,0.18042077961838413,1,0.28476616964377405,0.23673378816738205,0.053239991251870275,-2.8322982496969766,0.4424269563099204,517,7.682743330406083e-14
driven_dt2p5e-4,197,0,-0.9226805184503813,0.0,1,0.008508528277167637,0.6277617751817011,0.0,-0.931189046727549,0.0,517,8.43769498715119e-14
driven_dt2p5e-4,197,1,-1.3493022938056025,6.283185307179586,1,0.5690733381976419,-0.676979370950305,0.0,-0.7802289556079606,6.283185307179586,517,8.43769498715119e-14
driven_dt2p5e-4,197,2,-1.7807710567401813,0.0,1,0.03798864398432311,0.4027739267038627,0.0,-1.8187597007245044,0.0,517,8.43769498715119e-14
driven_dt2p5e-4,197,3,-1.9776322153425845,0.0,1,0.15826073577964594,0.343713617514329,0.0,-2.1358929511222304,0.0,517,8.43769498715119e-14
driven_dt2p5e-4,197,4,-2.320247394247764,0.0,1,0.1843544431255335,0.343713617514329,0.0,-2.1358929511222304,0.0,517,8.43769498715119e-14
driven_dt2p5e-4,197,5,-2.9438533246558065,0.18042077961838413,1,0.2979080829604534,0.2583612367373828,0.0,-2.7067930619058744,0.0,517,8.43769498715119e-14
driven_dt2p5e-4,198,0,-0.9226805184503813,0.0,1,0.001977153554839739,0.6310616731634128,0.0,-0.9207033648955416,0.0,516,1.603162047558726e-13
driven_dt2p5e-4,198,1,-1.3493022938056025,6.283185307179586,1,0.7171718527308302,-0.3558531713381722,0.0,-2.0664741465364327,6.283185307179586,516,1.603162047558726e-13
driven_dt2p5e-4,198,2,-1.7807710567401813,0.0,1,0.0015238603595140177,0.41018481254166367,0.0,-1.7822949170996953,0.0,516,1.603162047558726e-13
driven_dt2p5e-4,198,3,-1.9776322153425845,0.0,1,0.1448217123897022,0.3460309822472166,0.0,-2.1224539277322867,0.0,516,1.603162047558726e-13
driven_dt2p5e-4,198,4,-2.320247394247764,0.0,1,0.04400110602449114,0.3066266944964102,0.0,-2.364248500272255,0.0,516,1.603162047558726e-13
driven_dt2p5e-4,198,5,-2.9438533246558065,0.18042077961838413,1,0.18773842263880364,0.2355164524300437,0.0,-2.89194901253436,0.0,516,1.603162047558726e-13
driven_dt2p5e-4,199,0,-0.9226805184503813,0.0,1,0.0016199452173041307,0.6309489729824969,0.0,-0.9210605732330772,0.0,516,5.266898028821743e-13
driven_dt2p5e-4,199,1,-1.3493022938056025,6.283185307179586,1,1.906376880987094,-0.1965401768873488,0.037474665718949876,-3.218066360031843,5.906364823203929,516,5.266898028821743e-13
driven_dt2p5e-4,199,2,-1.7807710567401813,0.0,1,0.1525816488735885,0.38034507249571275,0.0,-1.9333527056137698,0.0,516,5.266898028821743e-13
driven_dt2p5e-4,199,3,-1.9776322153425845,0.0,1,0.04427950972881467,0.38034507249571275,0.0,-1.9333527056137698,0.0,516,5.266898028821743e-13
driven_dt2p5e-4,199,4,-2.320247394247764,0.0,1,0.1092629757928667,0.2967826622424571,0.0,-2.4295103700406306,0.0,516,5.266898028821743e-13
driven_dt2p5e-4,199,5,-2.9438533246558065,0.18042077961838413,1,0.31501125448201345,0.26110989955144376,0.0,-2.6856277784133282,0.0,516,5.266898028821743e-13
driven_dt2p5e-4,200,0,-0.9226805184503813,0.0,1,0.018663622244293077,0.636348793762197,0.0,-0.9040168962060883,0.0,516,6.832312493543213e-13
driven_dt2p5e-4,200,1,-1.3493022938056025,6.283185307179586,0,2.3440464012479936,nan,nan,nan,nan,516,6.832312493543213e-13
driven_dt2p5e-4,200,2,-1.7807710567401813,0.0,1,0.013560862601647683,0.40772352883636026,0.0,-1.794331919341829,0.0,516,6.832312493543213e-13
driven_dt2p5e-4,200,3,-1.9776322153425845,0.0,1,0.18330029600075548,0.40772352883636026,0.0,-1.794331919341829,0.0,516,6.832312493543213e-13
driven_dt2p5e-4,200,4,-2.320247394247764,0.0,1,0.14410237614503885,0.33686517291595564,0.0,-2.176145018102725,0.0,516,6.832312493543213e-13
driven_dt2p5e-4,200,5,-2.9438533246558065,0.18042077961838413,1,0.18257423997682495,0.22629720658776847,0.0,-2.971812140528617,0.0,516,6.832312493543213e-13
driven_dt2p5e-4,201,0,-0.9226805184503813,0.0,1,0.003076623273404633,0.6294690637534555,0.0,-0.925757141723786,0.0,516,5.611067166455541e-13
driven_dt2p5e-4,201,1,-1.3493022938056025,6.283185307179586,1,1.3417391368924483,-0.26040407615088335,0.0,-2.691041430698051,6.283185307179586,516,5.611067166455541e-13
driven_dt2p5e-4,201,2,-1.7807710567401813,0.0,1,0.009382399839236388,0.4085762480813955,0.0,-1.7901534565794177,0.0,516,5.611067166455541e-13
driven_dt2p5e-4,201,3,-1.9776322153425845,0.0,1,0.18747875876316678,0.4085762480813955,0.0,-1.7901534565794177,0.0,516,5.611067166455541e-13
driven_dt2p5e-4,201,4,-2.320247394247764,0.0,1,0.11071085279549653,0.331287642392663,0.0,-2.2095365414522674,0.0,516,5.611067166455541e-13
driven_dt2p5e-4,201,5,-2.9438533246558065,0.18042077961838413,1,0.24342475411242137,0.21147819482001792,0.0,-3.107266767176877,0.0,516,5.611067166455541e-13
driven_dt2p5e-4,202,0,-0.9226805184503813,0.0,1,0.0021633239785158187,0.6311204184070563,0.0,-0.9205171944718655,0.0,517,5.679900993982301e-13
driven_dt2p5e-4,202,1,-1.3493022938056025,6.283185307179586,1,0.9884862196504816,-0.31071031723047277,0.0,-2.337788513456084,6.283185307179586,517,5.679900993982301e-13
driven_dt2p5e-4,202,2,-1.7807710567401813,0.0,1,0.03342251923854245,0.40369453520413556,0.0,-1.8141935759787238,0.0,517,5.679900993982301e-13
driven_dt2p5e-4,202,3,-1.9776322153425845,0.0,1,0.008585548125031428,0.3736172752967695,0.0,-1.969046667217553,0.0,517,5.679900993982301e-13
driven_dt2p5e-4,202,4,-2.320247394247764,0.0,1,0.10212941532795039,0.29784311084479087,0.0,-2.4223768095757143,0.0,517,5.679900993982301e-13
driven_dt2p5e-4,202,5,-2.9438533246558065,0.18042077961838413,1,0.18876844126064687,0.2232006929655528,0.0,-2.9993678875908487,0.0,517,5.679900993982301e-13
driven_dt2p5e-4,203,0,-0.9226805184503813,0.0,1,0.00851700696555413,0.6277591138891058,0.0,-0.9311975254159355,0.0,515,7.8026474170656e-13
driven_dt2p5e-4,203,1,-1.3493022938056025,6.283185307179586,0,2.3677361546848874,nan,nan,nan,nan,515,7.8026474170656e-13
driven_dt2p5e-4,203,2,-1.7807710567401813,0.0,1,0.07229362871214318,0.39592426234418265,0.0,-1.8530646854523245,0.0,515,7.8026474170656e-13
driven_dt2p5e-4,203,3,-1.9776322153425845,0.0,1,0.12456752989025999,0.39592426234418265,0.0,-1.8530646854523245,0.0,515,7.8026474170656e-13
driven_dt2p5e-4,203,4,-2.320247394247764,0.0,1,0.09008465753523742,0.32788859805785375,0.0,-2.2301627367125265,0.0,515,7.8026474170656e-13
driven_dt2p5e-4,203,5,-2.9438533246558065,0.18042077961838413,1,0.201567882265048,0.21939854120938737,0.0,-3.033730760326339,0.0,515,7.8026474170656e-13
driven_dt2p5e-4,204,0,-0.9226805184503813,0.0,1,0.0024624189539532715,0.6296624047486137,0.0,-0.9251429374043346,0.0,516,9.237055564881302e-13
driven_dt2p5e-4,204,1,-1.3493022938056025,6.283185307179586,1,1.2344615422520053,-0.2747532331862467,0.0,-2.583763836057608,6.283185307179586,516,9.237055564881302e-13
driven_dt2p5e-4,204,2,-1.7807710567401813,0.0,1,0.03562714251955379,0.40324978319146637,0.0,-1.8163981992597351,0.0,516,9.237055564881302e-13
driven_dt2p5e-4,204,3,-1.9776322153425845,0.0,1,0.16123401608284937,0.40324978319146637,0.0,-1.8163981992597351,0.0,516,9.237055564881302e-13
driven_dt2p5e-4,204,4,-2.320247394247764,0.0,1,0.08104056367989854,0.326409217864692,0.0,-2.2392068305678654,0.0,516,9.237055564881302e-13
driven_dt2p5e-4,204,5,-2.9438533246558065,0.18042077961838413,1,0.18279591844809634,0.22613741003007035,0.0,-2.9732249109796256,0.0,516,9.237055564881302e-13
driven_dt2p5e-4,205,0,-0.9226805184503813,0.0,1,0.0028324914664692447,0.6313316163692794,0.0,-0.9198480269839121,0.0,516,6.012967901369848e-13
driven_dt2p5e-4,205,1,-1.3493022938056025,6.283185307179586,1,1.9572470353158047,-0.19231377160221702,0.09229855757215377,-3.0899636050135912,5.388247232832432,516,6.012967901369848e-13
driven_dt2p5e-4,205,2,-1.7807710567401813,0.0,1,0.04423786270773267,0.40151737965349654,0.0,-1.825008919447914,0.0,516,6.012967901369848e-13
driven_dt2p5e-4,205,3,-1.9776322153425845,0.0,1,0.1526232958946705,0.40151737965349654,0.0,-1.825008919447914,0.0,516,6.012967901369848e-13
driven_dt2p5e-4,205,4,-2.320247394247764,0.0,1,0.12669480124783528,0.3339458928779069,0.0,-2.1935525929999287,0.0,516,6.012967901369848e-13
driven_dt2p5e-4,205,5,-2.9438533246558065,0.18042077961838413,1,0.36809635444224426,0.2694148765967323,0.0,-2.6230055906205405,0.0,516,6.012967901369848e-13
driven_dt2p5e-4,206,0,-0.9226805184503813,0.0,1,0.011953679239915416,0.6266813389732521,0.0,-0.9346341976902968,0.0,517,1.8474111129762605e-13
driven_dt2p5e-4,206,1,-1.3493022938056025,6.283185307179586,1,1.3601216631749664,-0.46591009535705175,0.36418916793420175,-1.0506625718721554,4.9562545421728545,517,1.8474111129762605e-13
driven_dt2p5e-4,206,2,-1.7807710567401813,0.0,1,0.054792508371978466,0.39940402415274284,0.0,-1.8355635651121598,0.0,517,1.8474111129762605e-13
driven_dt2p5e-4,206,3,-1.9776322153425845,0.0,1,0.08428954373715447,0.35666408464275784,0.0,-2.061921759079739,0.0,517,1.8474111129762605e-13
driven_dt2p5e-4,206,4,-2.320247394247764,0.0,1,0.258325635168025,0.35666408464275784,0.0,-2.061921759079739,0.0,517,1.8474111129762605e-13
driven_dt2p5e-4,206,5,-2.9438533246558065,0.18042077961838413,1,0.2635585208525389,0.20846410551840758,0.0,-3.1359768167016067,0.0,517,1.8474111129762605e-13
driven_dt2p5e-4,207,0,-0.9226805184503813,0.0,1,0.004106123044961607,0.6291451280048848,0.0,-0.926786641495343,0.0,515,1.2145839889399213e-13
driven_dt2p5e-4,207,1,-1.3493022938056025,6.283185307179586,1,2.2028319745693308,-0.16930268438377113,0.0,-3.552134268374933,6.283185307179586,515,1.2145839889399213e-13
driven_dt2p5e-4,207,2,-1.7807710567401813,0.0,1,0.05107670454189206,0.4001467674125045,0.0,-1.8318477612820734,0.0,515,1.2145839889399213e-13
driven_dt2p5e-4,207,3,-1.9776322153425845,0.0,1,0.1457844540605111,0.4001467674125045,0.0,-1.8318477612820734,0.0,515,1.2145839889399213e-13
driven_dt2p5e-4,207,4,-2.320247394247764,0.0,1,0.09461079563529573,0.3286314728674191,0.0,-2.225636598612468,0.0,515,1.2145839889399213e-13
driven_dt2p5e-4,207,5,-2.9438533246558065,0.18042077961838413,1,0.18222752076896773,0.22656458910456254,0.0,-2.969450426200689,0.0,515,1.2145839889399213e-13
driven_dt2p5e-4,208,0,-0.9226805184503813,0.0,1,0.01827403525256832,0.6362248492282587,0.0,-0.904406483197813,0.0,516,1.4646062140855065e-12
driven_dt2p5e-4,208,1,-1.3493022938056025,6.283185307179586,1,2.0726250391613905,-0.18048111690548668,0.051488199786071505,-3.3460143163670417,5.7273834972532764,516,1.4646062140855065e-12
driven_dt2p5e-4,208,2,-1.7807710567401813,0.0,1,0.0420413161790012,0.41921772234583393,0.0,-1.7387297405611801,0.0,516,1.4646062140855065e-12
driven_dt2p5e-4,208,3,-1.9776322153425845,0.0,1,0.09419412858140519,0.3899569060074264,0.0,-1.8834380867611793,0.0,516,1.4646062140855065e-12
driven_dt2p5e-4,208,4,-2.320247394247764,0.0,1,0.2599628051532168,0.27524185373315585,0.0,-2.5802101994009807,0.0,516,1.4646062140855065e-12
driven_dt2p5e-4,208,5,-2.9438533246558065,0.18042077961838413,1,0.4059408580855128,0.27524185373315585,0.0,-2.5802101994009807,0.0,516,1.4646062140855065e-12
driven_dt2p5e-4,209,0,-0.9226805184503813,0.0,1,0.0013079369551624032,0.6300259766286148,0.0,-0.9239884554055438,0.0,515,8.328893130737924e-13
driven_dt2p5e-4,209,1,-1.3493022938056025,6.283185307179586,1,2.0197842182392662,-0.1855291519296359,0.0,-3.369086512044869,6.283185307179586,515,8.328893130737924e-13
driven_dt2p5e-4,209,2,-1.7807710567401813,0.0,1,0.005776983618808851,0.4093134560832289,0.0,-1.7865480403589902,0.0,515,8.328893130737924e-13
driven_dt2p5e-4,209,3,-1.9776322153425845,0.0,1,0.10696344083070164,0.3526434362717312,0.0,-2.084595656173286,0.0,515,8.328893130737924e-13
driven_dt2p5e-4,209,4,-2.320247394247764,0.0,1,0.13501861409370486,0.2929852524488965,0.0,-2.455266008341469,0.0,515,8.328893130737924e-13
driven_dt2p5e-4,209,5,-2.9438533246558065,0.18042077961838413,1,0.1978109651385778,0.23897992985507535,0.0,-2.862751412157086,0.0,515,8.328893130737924e-13
driven_dt2p5e-4,210,0,-0.9226805184503813,0.0,1,0.0046100336565055855,0.6318929750840272,0.0,-0.9180704847938758,0.0,515,6.468159341466162e-13
driven_dt2p5e-4,210,1,-1.3493022938056025,6.283185307179586,1,1.9503223872884872,-0.19208595198337905,0.0,-3.2996246810940897,6.283185307179586,515,6.468159341466162e-13
driven_dt2p5e-4,210,2,-1.7807710567401813,0.0,1,0.0063208088682302765,0.4092021737172817,0.0,-1.7870918656084116,0.0,515,6.468159341466162e-13
driven_dt2p5e-4,210,3,-1.9776322153425845,0.0,1,0.17201028771848437,0.34135876720511554,0.0,-2.149642503061069,0.0,515,6.468159341466162e-13
driven_dt2p5e-4,210,4,-2.320247394247764,0.0,1,0.17060489118669508,0.34135876720511554,0.0,-2.149642503061069,0.0,515,6.468159341466162e-13
driven_dt2p5e-4,210,5,-2.9438533246558065,0.18042077961838413,1,0.23779854481273366,0.21237946711414452,0.0,-3.098761330249282,0.0,515,6.468159341466162e-13
driven_dt2p5e-4,211,0,-0.9226805184503813,0.0,1,0.006896741780287319,0.6326158656649604,0.0,-0.915783776670094,0.0,516,3.739231146937527e-13
driven_dt2p5e-4,211,1,-1.3493022938056025,6.283185307179586,1,2.079052514431055,-0.18011181903280385,0.0,-3.4283548082366577,6.283185307179586,516,3.739231146937527e-13
driven_dt2p5e-4,211,2,-1.7807710567401813,0.0,1,0.041630051454074835,0.41913152647783525,0.0,-1.7391410052861065,0.0,516,3.739231146937527e-13
driven_dt2p5e-4,211,3,-1.9776322153425845,0.0,1,0.004128402544120613,0.37278556910611704,0.0,-1.9735038127984639,0.0,516,3.739231146937527e-13
driven_dt2p5e-4,211,4,-2.320247394247764,0.0,1,0.22620349585951827,0.27992727405897916,0.0,-2.546450890107282,0.0,516,3.739231146937527e-13
driven_dt2p5e-4,211,5,-2.9438533246558065,0.18042077961838413,1,0.22106751347197034,0.2152834061894359,0.0,-3.071599901105331,0.0,516,3.739231146937527e-13
driven_dt2p5e-4,212,0,-0.9226805184503813,0.0,1,0.0037591165388066727,0.6292542962014962,0.0,-0.926439634989188,0.0,517,8.970602038971265e-14
driven_dt2p5e-4,212,1,-1.3493022938056025,6.283185307179586,1,1.3070843069059823,-0.26495552418231116,0.0,-2.656386600711585,6.283185307179586,517,8.970602038971265e-14
driven_dt2p5e-4,212,2,-1.7807710567401813,0.0,1,0.04929342263964265,0.4207405874485308,0.0,-1.7314776341005387,0.0,517,8.970602038971265e-14
driven_dt2p5e-4,212,3,-1.9776322153425845,0.0,1,0.06737237094652637,0.384762152160961,0.0,-1.9102598443960581,0.0,517,8.970602038971265e-14
driven_dt2p5e-4,212,4,-2.320247394247764,0.0,1,0.017362964949972248,0.31073799564627497,0.0,-2.337610359197736,0.0,517,8.970602038971265e-14
driven_dt2p5e-4,212,5,-2.9438533246558065,0.18042077961838413,1,0.2416407406035481,0.21176066212258002,0.0,-3.1045971886174697,0.0,517,8.970602038971265e-14
driven_dt2p5e-4,213,0,-0.9226805184503813,0.0,1,0.010551684992197718,0.6337730101992918,0.0,-0.9121288334581836,0.0,516,4.707345624410664e-14
driven_dt2p5e-4,213,1,-1.3493022938056025,6.283185307179586,1,1.8801191840225504,-0.19983363058726403,0.06901738627041934,-3.107851589166574,5.618089432951628,516,4.707345624410664e-14
driven_dt2p5e-4,213,2,-1.7807710567401813,0.0,1,0.06109055473407454,0.3981482698594794,0.0,-1.8418616114742559,0.0,516,4.707345624410664e-14
driven_dt2p5e-4,213,3,-1.9776322153425845,0.0,1,0.13577060386832862,0.3981482698594794,0.0,-1.8418616114742559,0.0,516,4.707345624410664e-14
driven_dt2p5e-4,213,4,-2.320247394247764,0.0,1,0.022010974261430505,0.31691609965531126,0.0,-2.2982364199863334,0.0,516,4.707345624410664e-14
driven_dt2p5e-4,213,5,-2.9438533246558065,0.18042077961838413,1,0.17449100523112096,0.24936071648181402,0.022813502434306968,-2.7693743288596924,0.1824679563441872,516,4.707345624410664e-14
driven_dt2p5e-4,214,0,-0.9226805184503813,0.0,1,0.004016432879658582,0.6317054568327016,0.0,-0.9186640855707228,0.0,517,3.086420008457935e-14
driven_dt2p5e-4,214,1,-1.3493022938056025,6.283185307179586,0,2.3562284482416316,nan,nan,nan,nan,517,3.086420008457935e-14
driven_dt2p5e-4,214,2,-1.7807710567401813,0.0,1,0.07030305227985467,0.39631851726307116,0.0,-1.851074109020036,0.0,517,3.086420008457935e-14
driven_dt2p5e-4,214,3,-1.9776322153425845,0.0,1,0.1265581063225485,0.39631851726307116,0.0,-1.851074109020036,0.0,517,3.086420008457935e-14
driven_dt2p5e-4,214,4,-2.320247394247764,0.0,1,0.05185780205381585,0.3216810359065317,0.0,-2.268389592193948,0.0,517,3.086420008457935e-14
driven_dt2p5e-4,214,5,-2.9438533246558065,0.18042077961838413,1,0.1808825124556993,0.23096973064862317,0.0,-2.9309372263989535,0.0,517,3.086420008457935e-14
driven_dt2p5e-4,215,0,-0.9226805184503813,0.0,1,0.017274355237064776,0.6359069180586671,0.0,-0.9054061632133166,0.0,516,1.6997514507011147e-13
driven_dt2p5e-4,215,1,-1.3493022938056025,6.283185307179586,1,2.0005897835110957,-0.18732439963361197,0.03243779215512239,-3.320281917960432,5.940258488374963,516,1.6997514507011147e-13
driven_dt2p5e-4,215,2,-1.7807710567401813,0.0,1,0.03544767305257723,0.40328597032688746,0.0,-1.8162187297927586,0.0,516,1.6997514507011147e-13
driven_dt2p5e-4,215,3,-1.9776322153425845,0.0,1,0.16141348554982593,0.40328597032688746,0.0,-1.8162187297927586,0.0,516,1.6997514507011147e-13
driven_dt2p5e-4,215,4,-2.320247394247764,0.0,1,0.08336412811708405,0.3267886546587739,0.0,-2.23688326613068,0.0,516,1.6997514507011147e-13
driven_dt2p5e-4,215,5,-2.9438533246558065,0.18042077961838413,1,0.19140308072373383,0.20799831158184634,0.024940936459785845,-3.1261747746935384,0.23867906801304076,516,1.6997514507011147e-13
driven_dt2p5e-4,216,0,-0.9226805184503813,0.0,1,0.021478726757014677,0.6237038500161588,0.0,-0.944159245207396,0.0,517,8.215650382226158e-14
driven_dt2p5e-4,216,1,-1.3493022938056025,6.283185307179586,1,0.5007099648242519,-0.6542300934912277,0.0,-0.8485923289813506,6.283185307179586,517,8.215650382226158e-14
driven_dt2p5e-4,216,2,-1.7807710567401813,0.0,1,0.12242271753965704,0.4076116498222842,0.02489135662989244,-1.7911586295340551,0.12198122847900256,517,8.215650382226158e-14
driven_dt2p5e-4,216,3,-1.9776322153425845,0.0,1,0.22282687967464243,0.4076116498222842,0.02489135662989244,-1.7911586295340551,0.12198122847900256,517,8.215650382226158e-14
driven_dt2p5e-4,216,4,-2.320247394247764,0.0,1,0.32457311390826993,0.2664922133297346,0.0,-2.644820508156034,0.0,517,8.215650382226158e-14
driven_dt2p5e-4,216,5,-2.9438533246558065,0.18042077961838413,1,0.23125815555810642,0.24669736722595628,0.0,-2.7991858549397994,0.0,517,8.215650382226158e-14
driven_dt2p5e-4,217,0,-0.9226805184503813,0.0,1,0.002284692529216481,0.6297183610587992,0.0,-0.9249652109795978,0.0,517,3.2862601528904634e-14
driven_dt2p5e-4,217,1,-1.3493022938056025,6.283185307179586,1,1.5770968970706563,-0.23149440008683309,0.0,-2.9263991908762588,6.283185307179586,517,3.2862601528904634e-14
driven_dt2p5e-4,217,2,-1.7807710567401813,0.0,1,0.0012387176114925236,0.41024329732301484,0.0,-1.7820097743516738,0.0,517,3.2862601528904634e-14
driven_dt2p5e-4,217,3,-1.9776322153425845,0.0,1,0.07998621633129721,0.3574323320164228,0.0,-2.0576184316738817,0.0,517,3.2862601528904634e-14
driven_dt2p5e-4,217,4,-2.320247394247764,0.0,1,0.26262896257388224,0.3574323320164228,0.0,-2.0576184316738817,0.0,517,3.2862601528904634e-14
driven_dt2p5e-4,217,5,-2.9438533246558065,0.18042077961838413,1,0.16259088548614528,0.21207435412007442,0.013532644098997345,-3.097573120923031,0.12744889765510228,517,3.2862601528904634e-14
driven_dt2p5e-4,218,0,-0.9226805184503813,0.0,1,0.005684328296940544,0.6322324858777512,0.0,-0.9169961901534408,0.0,515,2.396305376350938e-12
driven_dt2p5e-4,218,1,-1.3493022938056025,6.283185307179586,1,2.2092618372550485,-0.16764859010051203,0.06704398992560907,-3.4234139619561272,5.522331409513679,515,2.396305376350938e-12
driven_dt2p5e-4,218,2,-1.7807710567401813,0.0,1,0.005128197260360734,0.40944625611509466,0.0,-1.785899254000542,0.0,515,2.396305376350938e-12
driven_dt2p5e-4,218,3,-1.9776322153425845,0.0,1,0.19076034446298928,0.33817347351669674,0.0,-2.1683925598055738,0.0,515,2.396305376350938e-12
driven_dt2p5e-4,218,4,-2.320247394247764,0.0,1,0.15185483444219017,0.33817347351669674,0.0,-2.1683925598055738,0.0,515,2.396305376350938e-12
driven_dt2p5e-4,218,5,-2.9438533246558065,0.18042077961838413,1,0.3164668551162911,0.2613415687396461,0.0,-2.683854069524008,0.0,515,2.396305376350938e-12
driven_dt2p5e-4,219,0,-0.9226805184503813,0.0,1,0.0031893597722888467,0.629433582684266,0.0,-0.9258698782226702,0.0,516,3.0819791163594346e-13
driven_dt2p5e-4,219,1,-1.3493022938056025,6.283185307179586,1,1.7095915321093524,-0.216655463513652,0.0,-3.058893825914955,6.283185307179586,516,3.0819791163594346e-13
driven_dt2p5e-4,219,2,-1.7807710567401813,0.0,1,0.08959234099291868,0.4293042697866548,0.0,-1.6911787157472626,0.0,516,3.0819791163594346e-13
driven_dt2p5e-4,219,3,-1.9776322153425845,0.0,1,0.008615198612367925,0.37362281430497296,0.0,-1.9690170167302166,0.0,516,3.0819791163594346e-13
driven_dt2p5e-4,219,4,-2.320247394247764,0.0,1,0.018357972066067596,0.31633778036260723,0.0,-2.3018894221816963,0.0,516,3.0819791163594346e-13
driven_dt2p5e-4,219,5,-2.9438533246558065,0.18042077961838413,1,0.26415147389664806,0.2527236685932516,0.0,-2.7509172123189347,0.0,516,3.0819791163594346e-13
driven_dt2p5e-4,220,0,-0.9226805184503813,0.0,1,0.00038357529323918005,0.6305590503501606,0.0,-0.9222969431571422,0.0,517,6.119549311733863e-13
driven_dt2p5e-4,220,1,-1.3493022938056025,6.283185307179586,1,1.430399265260687,-0.24911247453809385,0.0,-2.7797015590662895,6.283185307179586,517,6.119549311733863e-13
driven_dt2p5e-4,220,2,-1.7807710567401813,0.0,1,0.08231701167752603,0.42774544178276813,0.0,-1.6984540450626553,0.0,517,6.119549311733863e-13
driven_dt2p5e-4,220,3,-1.9776322153425845,0.0,1,0.0601222991490995,0.3610000228886332,0.0,-2.037754514491684,0.0,517,6.119549311733863e-13
driven_dt2p5e-4,220,4,-2.320247394247764,0.0,1,0.18864784385857725,0.28523336219126594,0.0,-2.508895238106341,0.0,517,6.119549311733863e-13
driven_dt2p5e-4,220,5,-2.9438533246558065,0.18042077961838413,1,0.31541212069963187,0.20163747554152814,0.0,-3.2025677389549205,0.0,517,6.119549311733863e-13
driven_dt2p5e-4,221,0,-0.9226805184503813,0.0,1,0.00042524193781900976,0.6305721871269202,0.0,-0.9222552765125623,0.0,516,3.0331293032759277e-13
driven_dt2p5e-4,221,1,-1.3493022938056025,6.283185307179586,1,1.8294552005797728,-0.20411370336697626,0.016338965463620313,-3.1717688456362056,6.123429248180098,516,3.0331293032759277e-13
driven_dt2p5e-4,221,2,-1.7807710567401813,0.0,1,0.06265218464359301,0.42356028055420325,0.0,-1.7181188720965883,0.0,516,3.0331293032759277e-13
driven_dt2p5e-4,221,3,-1.9776322153425845,0.0,1,0.002779290755387409,0.37253418919757325,0.0,-1.974852924587197,0.0,516,3.0331293032759277e-13
driven_dt2p5e-4,221,4,-2.320247394247764,0.0,1,0.1221042870276221,0.2985292812226358,0.011247419252482342,-2.416356030784243,0.07531657781407003,516,3.0331293032759277e-13
driven_dt2p5e-4,221,5,-2.9438533246558065,0.18042077961838413,1,0.21523749187130775,0.20882465875867406,0.03383629842279115,-3.106604993609561,0.3212720208618276,516,3.0331293032759277e-13
driven_dt2p5e-4,222,0,-0.9226805184503813,0.0,1,0.0015587184474783466,0.6309296577943797,0.0,-0.921121800002903,0.0,516,8.43769498715119e-14
driven_dt2p5e-4,222,1,-1.3493022938056025,6.283185307179586,1,1.5799903095663934,-0.23208235454601792,0.0398159166090148,-2.892318173808491,5.943374518088628,516,8.43769498715119e-14
driven_dt2p5e-4,222,2,-1.7807710567401813,0.0,1,0.1276455377681307,0.4375506714272347,0.0,-1.6531255189720506,0.0,516,8.43769498715119e-14
driven_dt2p5e-4,222,3,-1.9776322153425845,0.0,1,0.029099891971222647,0.3666432209921455,0.0,-2.006732107313807,0.0,516,8.43769498715119e-14
driven_dt2p5e-4,222,4,-2.320247394247764,0.0,1,0.232655827470182,0.27902563745604925,0.0,-2.552903221717946,0.0,516,8.43769498715119e-14
driven_dt2p5e-4,222,5,-2.9438533246558065,0.18042077961838413,1,0.20247741803564245,0.21917687665815375,0.0,-3.0357524383418197,0.0,516,8.43769498715119e-14
driven_dt2p5e-4,223,0,-0.9226805184503813,0.0,1,0.008682257710782126,0.6331808906957452,0.0,-0.9139982607395992,0.0,516,1.7705836796721997e-12
driven_dt2p5e-4,223,1,-1.3493022938056025,6.283185307179586,1,0.5423433050489801,-0.3883598971051585,0.0,-1.8916455988545826,6.283185307179586,516,1.7705836796721997e-12
driven_dt2p5e-4,223,2,-1.7807710567401813,0.0,1,0.004211481456094512,0.40963397205934055,0.0,-1.7849825381962758,0.0,516,1.7705836796721997e-12
driven_dt2p5e-4,223,3,-1.9776322153425845,0.0,1,0.19097899532143936,0.33813650457741135,0.0,-2.168611210664024,0.0,516,1.7705836796721997e-12
driven_dt2p5e-4,223,4,-2.320247394247764,0.0,1,0.1516361835837401,0.33813650457741135,0.0,-2.168611210664024,0.0,516,1.7705836796721997e-12
driven_dt2p5e-4,223,5,-2.9438533246558065,0.18042077961838413,1,0.4185225124193385,0.2771744078218448,0.0,-2.5662166796070376,0.0,516,1.7705836796721997e-12
driven_dt2p5e-4,224,0,-0.9226805184503813,0.0,1,0.01697612084340938,0.6251095781040412,0.0,-0.9396566392937907,0.0,517,1.865174681370263e-14
driven_dt2p5e-4,224,1,-1.3493022938056025,6.283185307179586,1,2.1590065652344244,-0.17305350938242625,0.0,-3.5083088590400267,6.283185307179586,517,1.865174681370263e-14
driven_dt2p5e-4,224,2,-1.7807710567401813,0.0,1,0.0047739584052111095,0.4114784831031,0.0,-1.7759970983349702,0.0,517,1.865174681370263e-14
driven_dt2p5e-4,224,3,-1.9776322153425845,0.0,1,0.0036834083236543247,0.3727026346209381,0.0,-1.9739488070189302,0.0,517,1.865174681370263e-14
driven_dt2p5e-4,224,4,-2.320247394247764,0.0,1,0.03704678088061586,0.31930762260508533,0.0,-2.283200613367148,0.0,517,1.865174681370263e-14
driven_dt2p5e-4,224,5,-2.9438533246558065,0.18042077961838413,1,0.2388040259285849,0.2574900860017596,0.02375134107616669,-2.7050755708232717,0.18396296459232958,517,1.865174681370263e-14
driven_dt2p5e-4,225,0,-0.9226805184503813,0.0,1,0.014808369918293152,0.6351233326734339,0.0,-0.9078721485320882,0.0,516,6.616929226765933e-13
driven_dt2p5e-4,225,1,-1.3493022938056025,6.283185307179586,1,2.192320291973208,-0.170003819429366,0.027536915823076723,-3.517970090935501,5.962018297215538,516,6.616929226765933e-13
driven_dt2p5e-4,225,2,-1.7807710567401813,0.0,1,0.042958967637418466,0.41941011435681363,0.0,-1.7378120891027629,0.0,516,6.616929226765933e-13
driven_dt2p5e-4,225,3,-1.9776322153425845,0.0,1,0.0475762357445948,0.38097253624539135,0.0,-1.9300559795979897,0.0,516,6.616929226765933e-13
driven_dt2p5e-4,225,4,-2.320247394247764,0.0,1,0.12080893718614982,0.33296455752307885,0.0,-2.199438457061614,0.0,516,6.616929226765933e-13
driven_dt2p5e-4,225,5,-2.9438533246558065,0.18042077961838413,1,0.25127071213176544,0.2504531564006696,0.0,-2.7689667526810005,0.0,516,6.616929226765933e-13
driven_dt2p5e-4,226,0,-0.9226805184503813,0.0,1,0.004808077473678285,0.6289243511465202,0.0,-0.9274885959240596,0.0,516,5.691003224228552e-13
driven_dt2p5e-4,226,1,-1.3493022938056025,6.283185307179586,1,1.9632274741689522,-0.1914137683140144,0.08073982613325471,-3.1428839980787906,5.484857814587548,516,5.691003224228552e-13
driven_dt2p5e-4,226,2,-1.7807710567401813,0.0,1,0.007160599243644539,0.4119698018711106,0.0,-1.7736104574965368,0.0,516,5.691003224228552e-13
driven_dt2p5e-4,226,3,-1.9776322153425845,0.0,1,0.2040217578460477,0.4119698018711106,0.0,-1.7736104574965368,0.0,516,5.691003224228552e-13
driven_dt2p5e-4,226,4,-2.320247394247764,0.0,1,0.13510316676094103,0.3353528178549294,0.0,-2.185144227486823,0.0,516,5.691003224228552e-13
driven_dt2p5e-4,226,5,-2.9438533246558065,0.18042077961838413,1,0.25176431382292674,0.2565367242678768,0.03326070049488547,-2.7042967775851445,0.25786708663370184,516,5.691003224228552e-13
driven_dt2p5e-4,227,0,-0.9226805184503813,0.0,1,0.005321853241762375,0.6287628088507493,0.0,-0.9280023716921437,0.0,516,1.2922996006636822e-13
driven_dt2p5e-4,227,1,-1.3493022938056025,6.283185307179586,1,2.1420928108116377,-0.17314026440426106,0.11383220838888454,-3.148060415969737,5.119986773790097,516,1.2922996006636822e-13
driven_dt2p5e-4,227,2,-1.7807710567401813,0.0,1,0.13958339114559593,0.3828250342008126,0.0,-1.9203544478857772,0.0,516,1.2922996006636822e-13
driven_dt2p5e-4,227,3,-1.9776322153425845,0.0,1,0.05727776745680724,0.3828250342008126,0.0,-1.9203544478857772,0.0,516,1.2922996006636822e-13
driven_dt2p5e-4,227,4,-2.320247394247764,0.0,1,0.11879340948152306,0.33262917689852467,0.0,-2.201453984766241,0.0,516,1.2922996006636822e-13
driven_dt2p5e-4,227,5,-2.9438533246558065,0.18042077961838413,1,0.186014688102768,0.21369222152952644,0.035133312956647754,-3.0597649979022696,0.32590599603288867,516,1.2922996006636822e-13
driven_dt2p5e-4,228,0,-0.9226805184503813,0.0,1,0.008056108276163987,0.6329826887950061,0.0,-0.9146244101742174,0.0,517,2.9043434324194095e-13
driven_dt2p5e-4,228,1,-1.3493022938056025,6.283185307179586,1,1.830459378210363,-0.2039499137721174,0.0,-3.1797616720159656,6.283185307179586,517,2.9043434324194095e-13
driven_dt2p5e-4,228,2,-1.7807710567401813,0.0,1,0.0026359242385869397,0.4110388406097839,0.0,-1.7781351325015944,0.0,517,2.9043434324194095e-13
driven_dt2p5e-4,228,3,-1.9776322153425845,0.0,1,0.018579881372206453,0.36857684726156503,0.0,-1.996212096714791,0.0,517,2.9043434324194095e-13
driven_dt2p5e-4,228,4,-2.320247394247764,0.0,1,0.07670507225783174,0.3257024120470445,0.0,-2.243542321989932,0.0,517,2.9043434324194095e-13
driven_dt2p5e-4,228,5,-2.9438533246558065,0.18042077961838413,1,0.12850388444690294,0.2346633435593537,0.03435844569778738,-2.877995681621024,0.29076578028377964,517,2.9043434324194095e-13
driven_dt2p5e-4,229,0,-0.9226805184503813,0.0,1,3.8942991360091384e-05,0.630450404202676,0.0,-0.9226415754590213,0.0,517,1.4193313191412926e-11
driven_dt2p5e-4,229,1,-1.3493022938056025,6.283185307179586,1,1.350340987266202,-0.2592865027235864,0.0,-2.6996432810718045,6.283185307179586,517,1.4193313191412926e-11
driven_dt2p5e-4,229,2,-1.7807710567401813,0.0,1,0.060416421868297654,0.398282494896668,0.0,-1.841187478608479,0.0,517,1.4193313191412926e-11
driven_dt2p5e-4,229,3,-1.9776322153425845,0.0,1,0.05641226775163455,0.36167030509813697,0.0,-2.034044483094219,0.0,517,1.4193313191412926e-11
driven_dt2p5e-4,229,4,-2.320247394247764,0.0,1,0.2862029111535449,0.36167030509813697,0.0,-2.034044483094219,0.0,517,1.4193313191412926e-11
driven_dt2p5e-4,229,5,-2.9438533246558065,0.18042077961838413,1,0.2195494439944667,0.2442956561900426,0.0,-2.818752163029809,0.0,517,1.4193313191412926e-11
driven_dt2p5e-4,230,0,-0.9226805184503813,0.0,1,0.004677404054562406,0.6289654443366173,0.0,-0.9273579225049438,0.0,516,1.1368683772161603e-13
driven_dt2p5e-4,230,1,-1.3493022938056025,6.283185307179586,1,1.8383928457634773,-0.20337202047795594,0.03216004878430959,-3.160737881661847,5.969514514146129,516,1.1368683772161603e-13
driven_dt2p5e-4,230,2,-1.7807710567401813,0.0,1,0.06724953517630605,0.3969240620912749,0.0,-1.8480205919164874,0.0,516,1.1368683772161603e-13
driven_dt2p5e-4,230,3,-1.9776322153425845,0.0,1,0.1296116234260971,0.3969240620912749,0.0,-1.8480205919164874,0.0,516,1.1368683772161603e-13
driven_dt2p5e-4,230,4,-2.320247394247764,0.0,1,0.12119048582549707,0.3330280846694971,0.0,-2.199056908422267,0.0,516,1.1368683772161603e-13
driven_dt2p5e-4,230,5,-2.9438533246558065,0.18042077961838413,1,0.1813747529141398,0.23162452472838715,0.0,-2.925275292559814,0.0,516,1.1368683772161603e-13
driven_dt2p5e-4,231,0,-0.9226805184503813,0.0,1,0.008578110656153215,0.6277399349827498,0.0,-0.9312586291065346,0.0,516,4.065636716177323e-13
driven_dt2p5e-4,231,1,-1.3493022938056025,6.283185307179586,1,2.0333513698663603,-0.18427485996410042,0.0,-3.382653663671963,6.283185307179586,516,4.065636716177323e-13
driven_dt2p5e-4,231,2,-1.7807710567401813,0.0,1,0.04622844728983422,0.4011179513077542,0.0,-1.8269995040300155,0.0,516,4.065636716177323e-13
driven_dt2p5e-4,231,3,-1.9776322153425845,0.0,1,0.06524984523958066,0.36007568616171287,0.0,-2.042882060582165,0.0,516,4.065636716177323e-13
driven_dt2p5e-4,231,4,-2.320247394247764,0.0,1,0.005737591777609463,0.31254947791429966,0.0,-2.3259849860253734,0.0,516,4.065636716177323e-13
driven_dt2p5e-4,231,5,-2.9438533246558065,0.18042077961838413,1,0.24173647078969113,0.2040866509478741,0.030356314531013506,-3.1565381552263783,0.2953193616593405,516,4.065636716177323e-13
driven_dt2p5e-4,232,0,-0.9226805184503813,0.0,1,0.002965671996316477,0.629503984920339,0.0,-0.9256461904466978,0.0,516,3.5793590313915047e-13
driven_dt2p5e-4,232,1,-1.3493022938056025,6.283185307179586,1,2.2328474577369914,-0.16653686039071602,0.028220656224005256,-3.556766471229203,5.947462691149487,516,3.5793590313915047e-13
driven_dt2p5e-4,232,2,-1.7807710567401813,0.0,1,0.12050401148059442,0.43599106776094054,0.0,-1.660267045259587,0.0,516,3.5793590313915047e-13
driven_dt2p5e-4,232,3,-1.9776322153425845,0.0,1,0.06458126136296993,0.38422556999780844,0.0,-1.9130509539796146,0.0,516,3.5793590313915047e-13
driven_dt2p5e-4,232,4,-2.320247394247764,0.0,1,0.039632530531910515,0.3072971874360571,0.0,-2.3598799247796745,0.0,516,3.5793590313915047e-13
driven_dt2p5e-4,232,5,-2.9438533246558065,0.18042077961838413,1,0.27781410739089585,0.2078854416273952,0.04331621834511118,-3.09903598117379,0.4108530286232093,516,3.5793590313915047e-13
driven_dt2p5e-4,233,0,-0.9226805184503813,0.0,1,0.00010963183381917929,0.6304035714129466,0.0,-0.9227901502842005,0.0,517,3.774758283725532e-15
driven_dt2p5e-4,233,1,-1.3493022938056025,6.283185307179586,0,2.275052583804353,nan,nan,nan,nan,517,3.774758283725532e-15
driven_dt2p5e-4,233,2,-1.7807710567401813,0.0,1,0.05981332312064991,0.42295949255200427,0.0,-1.7209577336195314,0.0,517,3.774758283725532e-15
driven_dt2p5e-4,233,3,-1.9776322153425845,0.0,1,0.06562172505101893,0.3600087399467556,0.0,-2.0432539403936034,0.0,517,3.774758283725532e-15
driven_dt2p5e-4,233,4,-2.320247394247764,0.0,1,0.23986178436291494,0.2780221230043709,0.0,-2.560109178610679,0.0,517,3.774758283725532e-15
driven_dt2p5e-4,233,5,-2.9438533246558065,0.18042077961838413,1,0.4240415396420612,0.2780221230043709,0.0,-2.560109178610679,0.0,517,3.774758283725532e-15
driven_dt2p5e-4,234,0,-0.9226805184503813,0.0,1,0.007936997453158234,0.6329449923730248,0.0,-0.9147435209972231,0.0,516,1.5687451337953462e-12
driven_dt2p5e-4,234,1,-1.3493022938056025,6.283185307179586,1,2.0175935817045114,-0.1857631655470326,0.06967960371440061,-3.2349238877506514,5.565470137085368,516,1.5687451337953462e-12
driven_dt2p5e-4,234,2,-1.7807710567401813,0.0,1,0.023506171299931822,0.4153505391150685,0.0,-1.7572648854402495,0.0,516,1.5687451337953462e-12
driven_dt2p5e-4,234,3,-1.9776322153425845,0.0,1,0.15607025055191626,0.344090273542411,0.0,-2.1337024658945007,0.0,516,1.5687451337953462e-12
driven_dt2p5e-4,234,4,-2.320247394247764,0.0,1,0.1865449283532632,0.344090273542411,0.0,-2.1337024658945007,0.0,516,1.5687451337953462e-12
driven_dt2p5e-4,234,5,-2.9438533246558065,0.18042077961838413,1,0.2803848692659522,0.2554792681511292,0.0,-2.7292280297924574,0.0,516,1.5687451337953462e-12
driven_dt2p5e-4,235,0,-0.9226805184503813,0.0,1,0.006722998034880967,0.6283224692457815,0.0,-0.9294035164852623,0.0,517,1.9273471707492718e-13
driven_dt2p5e-4,235,1,-1.3493022938056025,6.283185307179586,1,0.9244555401551027,-0.3208187628605006,0.0,-2.273757833960705,6.283185307179586,517,1.9273471707492718e-13
driven_dt2p5e-4,235,2,-1.7807710567401813,0.0,1,0.025883957619100117,0.41584464018834544,0.0,-1.7548870991210812,0.0,517,1.9273471707492718e-13
driven_dt2p5e-4,235,3,-1.9776322153425845,0.0,1,0.06477407585127581,0.3601613528451796,0.0,-2.0424062911938603,0.0,517,1.9273471707492718e-13
driven_dt2p5e-4,235,4,-2.320247394247764,0.0,1,0.1765834434096729,0.3423807094862064,0.0,-2.143663950838091,0.0,517,1.9273471707492718e-13
driven_dt2p5e-4,235,5,-2.9438533246558065,0.18042077961838413,1,0.18823284026403433,0.22340718759398323,0.0,-2.997518438424063,0.0,517,1.9273471707492718e-13
driven_dt2p5e-4,236,0,-0.9226805184503813,0.0,1,0.008312618198899835,0.6278232706228007,0.0,-0.9309931366492812,0.0,516,1.5050183321818622e-12
driven_dt2p5e-4,236,1,-1.3493022938056025,6.283185307179586,1,2.1847744630245147,-0.1708381984323061,0.0,-3.5340767568301175,6.283185307179586,516,1.5050183321818622e-12
driven_dt2p5e-4,236,2,-1.7807710567401813,0.0,1,0.023643039871845906,0.4153789643052524,0.0,-1.7571280168683354,0.0,516,1.5050183321818622e-12
driven_dt2p5e-4,236,3,-1.9776322153425845,0.0,1,0.09235471541671658,0.3895984249481044,0.0,-1.885277499925868,0.0,516,1.5050183321818622e-12
driven_dt2p5e-4,236,4,-2.320247394247764,0.0,1,0.03210745331057385,0.3084555828558945,0.0,-2.352354847558338,0.0,516,1.5050183321818622e-12
driven_dt2p5e-4,236,5,-2.9438533246558065,0.18042077961838413,1,0.39136909644457624,0.2700070200371019,0.0470303636215829,-2.588726406735118,0.3449037325952702,516,1.5050183321818622e-12
driven_dt2p5e-4,237,0,-0.9226805184503813,0.0,1,0.010163910150854827,0.6272423974216697,0.0,-0.9328444286012362,0.0,516,8.690825836765725e-13
driven_dt2p5e-4,237,1,-1.3493022938056025,6.283185307179586,0,2.5922393899385474,nan,nan,nan,nan,516,8.690825836765725e-13
driven_dt2p5e-4,237,2,-1.7807710567401813,0.0,1,0.01973759704041056,0.4064662712911373,0.0,-1.8005086537805919,0.0,516,8.690825836765725e-13
driven_dt2p5e-4,237,3,-1.9776322153425845,0.0,1,0.1771235615619926,0.4064662712911373,0.0,-1.8005086537805919,0.0,516,8.690825836765725e-13
driven_dt2p5e-4,237,4,-2.320247394247764,0.0,1,0.11669238482955668,0.33227992932477013,0.0,-2.2035550094182073,0.0,516,8.690825836765725e-13
driven_dt2p5e-4,237,5,-2.9438533246558065,0.18042077961838413,1,0.23011705139244165,0.24647159435174318,0.0,-2.801017056070247,0.0,516,8.690825836765725e-13
driven_dt2p5e-4,238,0,-0.9226805184503813,0.0,1,0.011003924617681848,0.6339163350373611,0.0,-0.9116765938326995,0.0,516,5.5067062021407764e-14
driven_dt2p5e-4,238,1,-1.3493022938056025,6.283185307179586,1,2.1947227665079785,-0.16999053326535968,0.0,-3.544025060313581,6.283185307179586,516,5.5067062021407764e-14
driven_dt2p5e-4,238,2,-1.7807710567401813,0.0,1,0.0636577220036163,0.42377328693934546,0.0,-1.717113334736565,0.0,516,5.5067062021407764e-14
driven_dt2p5e-4,238,3,-1.9776322153425845,0.0,1,0.10724522913179824,0.35259375437435786,0.0,-2.0848774444743827,0.0,516,5.5067062021407764e-14
driven_dt2p5e-4,238,4,-2.320247394247764,0.0,1,0.21570771294677415,0.2814001634103161,0.0,-2.535955107194538,0.0,516,5.5067062021407764e-14
driven_dt2p5e-4,238,5,-2.9438533246558065,0.18042077961838413,1,0.2233753250481337,0.21485827811087027,0.0,-3.07555327956185,0.0,516,5.5067062021407764e-14
driven_dt2p5e-4,239,0,-0.9226805184503813,0.0,1,0.014564165685296504,0.635045787504588,0.0,-0.9081163527650848,0.0,516,8.502087922579449e-13
driven_dt2p5e-4,239,1,-1.3493022938056025,6.283185307179586,1,1.7650377841758045,-0.21120025388912178,0.03808462604045089,-3.0778975359453415,5.926370413403988,516,8.502087922579449e-13
driven_dt2p5e-4,239,2,-1.7807710567401813,0.0,1,0.00943888233921486,0.4124393611853401,0.0,-1.7713321744009665,0.0,516,8.502087922579449e-13
driven_dt2p5e-4,239,3,-1.9776322153425845,0.0,1,0.11289181792448177,0.3515996823427573,0.0,-2.0905240332670663,0.0,516,8.502087922579449e-13
driven_dt2p5e-4,239,4,-2.320247394247764,0.0,1,0.22972336098069768,0.3515996823427573,0.0,-2.0905240332670663,0.0,516,8.502087922579449e-13
driven_dt2p5e-4,239,5,-2.9438533246558065,0.18042077961838413,1,0.1938223301056307,0.23775446820729315,0.0,-2.8730335680234194,0.0,516,8.502087922579449e-13
driven_dt2p5e-4,240,0,-0.9226805184503813,0.0,1,0.018895011329616906,0.6245101073185936,0.0,-0.9415755297799983,0.0,516,2.7977620220553945e-14
driven_dt2p5e-4,240,1,-1.3493022938056025,6.283185307179586,1,1.9096620467115788,-0.1960310585611754,0.0,-3.2589643405171813,6.283185307179586,516,2.7977620220553945e-14
driven_dt2p5e-4,240,2,-1.7807710567401813,0.0,1,0.030223026815966003,0.41674780889642826,0.0,-1.7505480299242153,0.0,516,2.7977620220553945e-14
driven_dt2p5e-4,240,3,-1.9776322153425845,0.0,1,0.14336002206370413,0.34628396975292647,0.0,-2.1209922374062886,0.0,516,2.7977620220553945e-14
driven_dt2p5e-4,240,4,-2.320247394247764,0.0,1,0.19925515684147532,0.34628396975292647,0.0,-2.1209922374062886,0.0,516,2.7977620220553945e-14
driven_dt2p5e-4,240,5,-2.9438533246558065,0.18042077961838413,1,0.2623299948424078,0.20864020789599627,0.0,-3.1342880076206283,0.0,516,2.7977620220553945e-14
driven_dt2p5e-4,241,0,-0.9226805184503813,0.0,1,0.017192422371345772,0.6250419756812982,0.0,-0.9398729408217271,0.0,516,4.3653969328261155e-13
driven_dt2p5e-4,241,1,-1.3493022938056025,6.283185307179586,0,2.3740701691217363,nan,nan,nan,nan,516,4.3653969328261155e-13
driven_dt2p5e-4,241,2,-1.7807710567401813,0.0,1,0.019460281695679038,0.4145111571987981,0.0,-1.7613107750445023,0.0,516,4.3653969328261155e-13
driven_dt2p5e-4,241,3,-1.9776322153425845,0.0,1,0.13701319653803634,0.3983957147806231,0.0,-1.8406190188045481,0.0,516,4.3653969328261155e-13
driven_dt2p5e-4,241,4,-2.320247394247764,0.0,1,0.024814582016512876,0.30958239947232585,0.0,-2.345061976264277,0.0,516,4.3653969328261155e-13
driven_dt2p5e-4,241,5,-2.9438533246558065,0.18042077961838413,1,0.05173351481788052,0.22356848316166672,0.017571872177057492,-2.989916471065888,0.1568720408365459,516,4.3653969328261155e-13
driven_dt2p5e-4,242,0,-0.9226805184503813,0.0,1,0.006914139578499956,0.6326213687504842,0.0,-0.9157663788718814,0.0,517,6.270539643082884e-13
driven_dt2p5e-4,242,1,-1.3493022938056025,6.283185307179586,1,2.047390596882287,-0.18283991241046504,0.08154192606743726,-3.216889816362938,5.4441828627313225,517,6.270539643082884e-13
driven_dt2p5e-4,242,2,-1.7807710567401813,0.0,1,0.050984249798004866,0.40016526557351106,0.0,-1.8317553065381862,0.0,517,6.270539643082884e-13
driven_dt2p5e-4,242,3,-1.9776322153425845,0.0,1,0.1458769088043983,0.40016526557351106,0.0,-1.8317553065381862,0.0,517,6.270539643082884e-13
driven_dt2p5e-4,242,4,-2.320247394247764,0.0,1,0.1655323799864581,0.34049409110345363,0.0,-2.154715014261306,0.0,517,6.270539643082884e-13
driven_dt2p5e-4,242,5,-2.9438533246558065,0.18042077961838413,1,0.27708373249136814,0.2549266405198233,0.0,-2.7335589188974923,0.0,517,6.270539643082884e-13
driven_dt2p5e-4,243,0,-0.9226805184503813,0.0,1,0.016377251887170985,0.6252967854911025,0.0,-0.9390577703375523,0.0,516,3.801403636316536e-13
driven_dt2p5e-4,243,1,-1.3493022938056025,6.283185307179586,1,1.9692279786343745,-0.19034207739060566,0.03598088531344427,-3.282755082479453,5.9095288529255,516,3.801403636316536e-13
driven_dt2p5e-4,243,2,-1.7807710567401813,0.0,1,0.008015120520219021,0.41214585795985326,0.0,-1.7727559362199623,0.0,516,3.801403636316536e-13
driven_dt2p5e-4,243,3,-1.9776322153425845,0.0,1,0.13053905601527527,0.34851094763821483,0.0,-2.1081712713578598,0.0,516,3.801403636316536e-13
driven_dt2p5e-4,243,4,-2.320247394247764,0.0,1,0.17844529608601656,0.3426995891100403,0.0,-2.1418020981617474,0.0,516,3.801403636316536e-13
driven_dt2p5e-4,243,5,-2.9438533246558065,0.18042077961838413,1,0.2038657715782059,0.20826416541943815,0.01139217655438978,-3.1349082690860013,0.10929229706777424,516,3.801403636316536e-13
driven_dt2p5e-4,244,0,-0.9226805184503813,0.0,1,0.001662279688122048,0.6299143639529948,0.0,-0.9243427981385034,0.0,516,1.298072760391733e-12
driven_dt2p5e-4,244,1,-1.3493022938056025,6.283185307179586,0,2.2498964053305066,nan,nan,nan,nan,516,1.298072760391733e-12
driven_dt2p5e-4,244,2,-1.7807710567401813,0.0,1,0.010068839433120091,0.4125692911975413,0.0,-1.7707022173070612,0.0,516,1.298072760391733e-12
driven_dt2p5e-4,244,3,-1.9776322153425845,0.0,1,0.09636036200029752,0.3545179538726303,0.0,-2.073992577342882,0.0,516,1.298072760391733e-12
driven_dt2p5e-4,244,4,-2.320247394247764,0.0,1,0.0732142083148477,0.3021804869299615,0.0,-2.3934616025626116,0.0,516,1.298072760391733e-12
driven_dt2p5e-4,244,5,-2.9438533246558065,0.18042077961838413,1,0.24390988451622242,0.25444748635144776,0.03505195730096058,-2.718522398332793,0.27379103937559834,516,1.298072760391733e-12
driven_dt2p5e-4,245,0,-0.9226805184503813,0.0,1,0.014787645839251295,0.6351167515344571,0.0,-0.90789287261113,0.0,517,1.354472090042691e-14
driven_dt2p5e-4,245,1,-1.3493022938056025,6.283185307179586,0,2.3025333400670336,nan,nan,nan,nan,517,1.354472090042691e-14
driven_dt2p5e-4,245,2,-1.7807710567401813,0.0,1,0.01621090918771495,0.40718364342289753,0.0,-1.7969819659278963,0.0,517,1.354472090042691e-14
driven_dt2p5e-4,245,3,-1.9776322153425845,0.0,1,0.16459065863651023,0.3426274968441205,0.0,-2.1422228739790947,0.0,517,1.354472090042691e-14
driven_dt2p5e-4,245,4,-2.320247394247764,0.0,1,0.17802452026866922,0.3426274968441205,0.0,-2.1422228739790947,0.0,517,1.354472090042691e-14
driven_dt2p5e-4,245,5,-2.9438533246558065,0.18042077961838413,1,0.2313030116616427,0.24670621073323745,0.0,-2.799114161035035,0.0,517,1.354472090042691e-14
driven_dt2p5e-4,246,0,-0.9226805184503813,0.0,1,0.008443472959058118,0.633105298237526,0.0,-0.9142370454913232,0.0,517,3.9745984281580604e-13
driven_dt2p5e-4,246,1,-1.3493022938056025,6.283185307179586,1,0.3274839726027723,-0.4324047823760229,0.0,-1.6767862664083748,6.283185307179586,517,3.9745984281580604e-13
driven_dt2p5e-4,246,2,-1.7807710567401813,0.0,1,0.02926185112553381,0.4165475730842549,0.0,-1.7515092056146475,0.0,517,3.9745984281580604e-13
driven_dt2p5e-4,246,3,-1.9776322153425845,0.0,1,0.15331392613533623,0.3445648126744876,0.0,-2.1309461414779207,0.0,517,3.9745984281580604e-13
driven_dt2p5e-4,246,4,-2.320247394247764,0.0,1,0.18930125276984322,0.3445648126744876,0.0,-2.1309461414779207,0.0,517,3.9745984281580604e-13
driven_dt2p5e-4,246,5,-2.9438533246558065,0.18042077961838413,1,0.15002764175164093,0.2332918790990762,0.03748231528028372,-2.885443475233161,0.3186111656080852,517,3.9745984281580604e-13
driven_dt2p5e-4,247,0,-0.9226805184503813,0.0,1,0.0016895895885375989,0.6299057625624458,0.0,-0.924370108038919,0.0,515,1.2816414596272807e-12
driven_dt2p5e-4,247,1,-1.3493022938056025,6.283185307179586,0,2.3356813621364023,nan,nan,nan,nan,515,1.2816414596272807e-12
driven_dt2p5e-4,247,2,-1.7807710567401813,0.0,1,0.01091550475969938,0.4127439822279762,0.0,-1.769855551980482,0.0,515,1.2816414596272807e-12
driven_dt2p5e-4,247,3,-1.9776322153425845,0.0,1,0.142683547090229,0.34640111578302574,0.0,-2.1203157624328135,0.0,515,1.2816414596272807e-12
driven_dt2p5e-4,247,4,-2.320247394247764,0.0,1,0.19993163181495044,0.34640111578302574,0.0,-2.1203157624328135,0.0,515,1.2816414596272807e-12
driven_dt2p5e-4,247,5,-2.9438533246558065,0.18042077961838413,1,0.2099866578824499,0.21748068615701158,0.0,-3.0512904633487907,0.0,515,1.2816414596272807e-12
driven_dt2p5e-4,248,0,-0.9226805184503813,0.0,1,0.007026432755432799,0.6282271490503926,0.0,-0.9297069512058141,0.0,516,3.6215475063272606e-13
driven_dt2p5e-4,248,1,-1.3493022938056025,6.283185307179586,0,2.618824708702128,nan,nan,nan,nan,516,3.6215475063272606e-13
driven_dt2p5e-4,248,2,-1.7807710567401813,0.0,1,0.022711988804411165,0.40586222560476304,0.0,-1.8034830455445925,0.0,516,3.6215475063272606e-13
driven_dt2p5e-4,248,3,-1.9776322153425845,0.0,1,0.174149169797992,0.40586222560476304,0.0,-1.8034830455445925,0.0,516,3.6215475063272606e-13
driven_dt2p5e-4,248,4,-2.320247394247764,0.0,1,0.10404250397121073,0.33018491098332525,0.0,-2.216204890276553,0.0,516,3.6215475063272606e-13
driven_dt2p5e-4,248,5,-2.9438533246558065,0.18042077961838413,1,0.254661577510158,0.25105971484440986,0.0,-2.764128920798521,0.0,516,3.6215475063272606e-13
driven_dt2p5e-4,249,0,-0.9226805184503813,0.0,1,0.007973698007774033,0.6329566071957228,0.0,-0.9147068204426073,0.0,516,4.54081217071689e-13
driven_dt2p5e-4,249,1,-1.3493022938056025,6.283185307179586,1,0.11409247881803752,-0.48109169819314607,0.0,-1.46339477262364,6.283185307179586,516,4.54081217071689e-13
driven_dt2p5e-4,249,2,-1.7807710567401813,0.0,1,0.04245954530636009,0.419305396043533,0.0,-1.7383115114338212,0.0,516,4.54081217071689e-13
driven_dt2p5e-4,249,3,-1.9776322153425845,0.0,1,0.011428295589805293,0.3741487026668242,0.0,-1.9662039197527792,0.0,516,4.54081217071689e-13
driven_dt2p5e-4,249,4,-2.320247394247764,0.0,1,0.2693788503240735,0.2739490545212274,0.0,-2.5896262445718374,0.0,516,4.54081217071689e-13
driven_dt2p5e-4,249,5,-2.9438533246558065,0.18042077961838413,1,0.34211058067406774,0.2004364827170516,0.044929850089730834,-3.16548968996455,0.4410296263252391,516,4.54081217071689e-13
driven_dt2p5e-4,250,0,-0.9226805184503813,0.0,1,0.006122649168730843,0.628511103897009,0.0,-0.9288031676191122,0.0,517,1.2279066652354231e-13
driven_dt2p5e-4,250,1,-1.3493022938056025,6.283185307179586,1,1.9036123181819697,-0.1966249236328132,0.0,-3.2529146119875723,6.283185307179586,517,1.2279066652354231e-13
driven_dt2p5e-4,250,2,-1.7807710567401813,0.0,1,0.16423798560898462,0.3781348045387237,0.0,-1.945009042349166,0.0,517,1.2279066652354231e-13
driven_dt2p5e-4,250,3,-1.9776322153425845,0.0,1,0.03262317299341855,0.3781348045387237,0.0,-1.945009042349166,0.0,517,1.2279066652354231e-13
driven_dt2p5e-4,250,4,-2.320247394247764,0.0,1,0.12687420656015425,0.2941807806626719,0.0,-2.447121600807918,0.0,517,1.2279066652354231e-13
driven_dt2p5e-4,250,5,-2.9438533246558065,0.18042077961838413,1,0.47872885440803886,0.25528631727521045,0.07333550724391275,-2.6514449344022335,0.5594704456941471,517,1.2279066652354231e-13
driven_dt2p5e-4,251,0,-0.9226805184503813,0.0,1,0.0055839209855551575,0.628680425023055,0.0,-0.9282644394359365,0.0,517,1.0320633236915455e-12
driven_dt2p5e-4,251,1,-1.3493022938056025,6.283185307179586,1,1.6314497891015665,-0.22528792201110956,0.0,-2.980752082907169,6.283185307179586,517,1.0320633236915455e-12
driven_dt2p5e-4,251,2,-1.7807710567401813,0.0,1,0.045540049247184466,0.41995172963650973,0.0,-1.7352310074929969,0.0,517,1.0320633236915455e-12
driven_dt2p5e-4,251,3,-1.9776322153425845,0.0,1,0.07652499927660572,0.3865269797708483,0.0,-1.9011072160659788,0.0,517,1.0320633236915455e-12
driven_dt2p5e-4,251,4,-2.320247394247764,0.0,1,0.00025447371227960147,0.31340752641650643,0.0,-2.3205018679600435,0.0,517,1.0320633236915455e-12
driven_dt2p5e-4,251,5,-2.9438533246558065,0.18042077961838413,1,0.16753909383590393,0.2483757724793089,0.023665314219096116,-2.776587563731151,0.1899870320534674,517,1.0320633236915455e-12
driven_dt2p5e-4,252,0,-0.9226805184503813,0.0,1,0.009169559191441246,0.6275543244963214,0.0,-0.9318500776418226,0.0,517,5.484501741648273e-14
driven_dt2p5e-4,252,1,-1.3493022938056025,6.283185307179586,1,0.9571472957638603,-0.8219485320033343,0.0,-0.3921549980417422,6.283185307179586,517,5.484501741648273e-14
driven_dt2p5e-4,252,2,-1.7807710567401813,0.0,1,0.04854834013519649,0.4006529457179846,0.0,-1.8293193968753778,0.0,517,5.484501741648273e-14
driven_dt2p5e-4,252,3,-1.9776322153425845,0.0,1,0.07483668568662827,0.35835382219137507,0.0,-2.0524689010292128,0.0,517,5.484501741648273e-14
driven_dt2p5e-4,252,4,-2.320247394247764,0.0,1,0.2677784932185512,0.35835382219137507,0.0,-2.0524689010292128,0.0,517,5.484501741648273e-14
driven_dt2p5e-4,252,5,-2.9438533246558065,0.18042077961838413,1,0.2884847060371906,0.2641468960044916,0.020555346837623986,-2.656462454497945,0.15532270464695622,517,5.484501741648273e-14
driven_dt2p5e-4,253,0,-0.9226805184503813,0.0,1,0.0005682794270550628,0.6306172864708396,0.0,-0.9221122390233263,0.0,517,5.337952302397753e-13
driven_dt2p5e-4,253,1,-1.3493022938056025,6.283185307179586,1,0.8260190079242504,-0.33700394216981133,0.0,-2.175321301729853,6.283185307179586,517,5.337952302397753e-13
driven_dt2p5e-4,253,2,-1.7807710567401813,0.0,1,0.005090730329593951,0.4094539265342065,0.0,-1.7858617870697753,0.0,517,5.337952302397753e-13
driven_dt2p5e-4,253,3,-1.9776322153425845,0.0,1,0.15135317470338894,0.34490278129045504,0.0,-2.1289853900459734,0.0,517,5.337952302397753e-13
driven_dt2p5e-4,253,4,-2.320247394247764,0.0,1,0.19126200420179051,0.34490278129045504,0.0,-2.1289853900459734,0.0,517,5.337952302397753e-13
driven_dt2p5e-4,253,5,-2.9438533246558065,0.18042077961838413,1,0.37509168029649337,0.2704949572537998,0.0,-2.615003646368688,0.0,517,5.337952302397753e-13
driven_dt2p5e-4,254,0,-0.9226805184503813,0.0,1,0.005952595766787305,0.632317295270195,0.0,-0.916727922683594,0.0,516,4.592992652874273e-13
driven_dt2p5e-4,254,1,-1.3493022938056025,6.283185307179586,1,0.9256148976590575,-0.32063284493197725,0.0,-2.27491719146466,6.283185307179586,516,4.592992652874273e-13
driven_dt2p5e-4,254,2,-1.7807710567401813,0.0,1,0.0006687046644278105,0.410360235981821,0.0,-1.7814397614046091,0.0,516,4.592992652874273e-13
driven_dt2p5e-4,254,3,-1.9776322153425845,0.0,1,0.03639475036820228,0.36530835170297693,0.0,-2.0140269657107868,0.0,516,4.592992652874273e-13
driven_dt2p5e-4,254,4,-2.320247394247764,0.0,1,0.20611896123250295,0.282752540872409,0.0,-2.526366355480267,0.0,516,4.592992652874273e-13
driven_dt2p5e-4,254,5,-2.9438533246558065,0.18042077961838413,1,0.2441978471010661,0.2534115683722329,0.03675448223266718,-2.724662703541224,0.28806863210137207,516,4.592992652874273e-13
driven_dt2p5e-4,255,0,-0.9226805184503813,0.0,1,0.0002418834371838985,0.6303618868496312,0.0,-0.9229224018875652,0.0,516,8.382183835919932e-13
driven_dt2p5e-4,255,1,-1.3493022938056025,6.283185307179586,1,1.97934876775123,-0.18986268703736628,0.08729860549815135,-3.1311194109860825,5.421240236237733,516,8.382183835919932e-13
driven_dt2p5e-4,255,2,-1.7807710567401813,0.0,1,0.0522078341384733,0.3999205224708242,0.0,-1.8329788908786546,0.0,516,8.382183835919932e-13
driven_dt2p5e-4,255,3,-1.9776322153425845,0.0,1,0.14465332446392987,0.3999205224708242,0.0,-1.8329788908786546,0.0,516,8.382183835919932e-13
driven_dt2p5e-4,255,4,-2.320247394247764,0.0,1,0.18765812665399384,0.3442818472062371,0.0,-2.13258926759377,0.0,516,8.382183835919932e-13
driven_dt2p5e-4,255,5,-2.9438533246558065,0.18042077961838413,1,0.2791400676940356,0.20154146678718438,0.034274543261482125,-3.1750094974231553,0.33690081407576267,516,8.382183835919932e-13
driven_dt2p5e-4,256,0,-0.9226805184503813,0.0,1,0.009717350459997665,0.6335086759849232,0.0,-0.9129631679903837,0.0,516,2.9531932455029164e-13
driven_dt2p5e-4,256,1,-1.3493022938056025,6.283185307179586,1,2.023506024039709,-0.1851842212335409,0.0,-3.3728083178453114,6.283185307179586,516,2.9531932455029164e-13
driven_dt2p5e-4,256,2,-1.7807710567401813,0.0,1,0.027929562142353648,0.4048047975429992,0.0,-1.808700618882535,0.0,516,2.9531932455029164e-13
driven_dt2p5e-4,256,3,-1.9776322153425845,0.0,1,0.09510725007500165,0.35474014881200805,0.0,-2.072739465417586,0.0,516,2.9531932455029164e-13
driven_dt2p5e-4,256,4,-2.320247394247764,0.0,1,0.2475079288301778,0.35474014881200805,0.0,-2.072739465417586,0.0,516,2.9531932455029164e-13
driven_dt2p5e-4,256,5,-2.9438533246558065,0.18042077961838413,1,0.24376321647206134,0.24908325946588386,0.0,-2.7799361260868354,0.0,516,2.9531932455029164e-13
driven_dt2p5e-4,257,0,-0.9226805184503813,0.0,1,0.013926860199026447,0.6260633660237461,0.0,-0.9366073786494078,0.0,516,1.94932958663685e-12
driven_dt2p5e-4,257,1,-1.3493022938056025,6.283185307179586,1,1.9321995289799525,-0.19444925093570264,0.07173113053376638,-3.147582056011124,5.576372095197521,516,1.94932958663685e-12
driven_dt2p5e-4,257,2,-1.7807710567401813,0.0,1,0.03483300036990111,0.40340993380978657,0.0,-1.8156040571100824,0.0,516,1.94932958663685e-12
driven_dt2p5e-4,257,3,-1.9776322153425845,0.0,1,0.0550497840830082,0.36191677398312433,0.0,-2.0326819994255927,0.0,516,1.94932958663685e-12
driven_dt2p5e-4,257,4,-2.320247394247764,0.0,1,0.28756539482217125,0.36191677398312433,0.0,-2.0326819994255927,0.0,516,1.94932958663685e-12
driven_dt2p5e-4,257,5,-2.9438533246558065,0.18042077961838413,1,0.2493591152892525,0.20176829907351884,0.01815087980119499,-3.1932104916562007,0.17943505989340278,516,1.94932958663685e-12
driven_dt2p5e-4,258,0,-0.9226805184503813,0.0,1,0.0056551743689563505,0.6322232699147404,0.0,-0.917025344081425,0.0,516,2.859934511434403e-13
driven_dt2p5e-4,258,1,-1.3493022938056025,6.283185307179586,1,2.027541448885084,-0.18481094943408316,0.0,-3.3768437426906868,6.283185307179586,516,2.859934511434403e-13
driven_dt2p5e-4,258,2,-1.7807710567401813,0.0,1,0.044093164174766386,0.4015464301922746,0.0,-1.8248642209149477,0.0,516,2.859934511434403e-13
driven_dt2p5e-4,258,3,-1.9776322153425845,0.0,1,0.15276799442763678,0.4015464301922746,0.0,-1.8248642209149477,0.0,516,2.859934511434403e-13
driven_dt2p5e-4,258,4,-2.320247394247764,0.0,1,0.07125016675553209,0.3248152844564894,0.0,-2.248997227492232,0.0,516,2.859934511434403e-13
driven_dt2p5e-4,258,5,-2.9438533246558065,0.18042077961838413,1,0.18167140683259966,0.23193766795747695,0.0,-2.9225732320237148,0.0,516,2.859934511434403e-13
driven_dt2p5e-4,259,0,-0.9226805184503813,0.0,1,0.011552519164198083,0.6340902404093299,0.0,-0.9111279992861833,0.0,515,4.147793219999585e-13
driven_dt2p5e-4,259,1,-1.3493022938056025,6.283185307179586,1,1.8904521534068919,-0.19993082820253988,0.10051911795933009,-2.994204857826026,5.351463836352713,515,4.147793219999585e-13
driven_dt2p5e-4,259,2,-1.7807710567401813,0.0,1,0.022825977106273987,0.4152093036208013,0.0,-1.7579450796339073,0.0,515,4.147793219999585e-13
driven_dt2p5e-4,259,3,-1.9776322153425845,0.0,1,0.023997916016105236,0.3675797174286679,0.0,-2.0016301313586897,0.0,515,4.147793219999585e-13
driven_dt2p5e-4,259,4,-2.320247394247764,0.0,1,0.14792511321044044,0.29110063299806244,0.0,-2.4681725074582044,0.0,515,4.147793219999585e-13
driven_dt2p5e-4,259,5,-2.9438533246558065,0.18042077961838413,1,0.18986973771628865,0.2227952163621028,0.0,-3.003004483413237,0.0,515,4.147793219999585e-13
driven_dt2p5e-4,260,0,-0.9226805184503813,0.0,1,0.000763580495423799,0.6301974793222963,0.0,-0.9234440989458051,0.0,516,1.4317436125566019e-12
driven_dt2p5e-4,260,1,-1.3493022938056025,6.283185307179586,1,2.1516001884543887,-0.17282287132903193,0.07248152497965217,-3.3489470303427975,5.48895341497426,516,1.4317436125566019e-12
driven_dt2p5e-4,260,2,-1.7807710567401813,0.0,1,0.008090835887926362,0.41216146114279384,0.0,-1.772680220852255,0.0,516,1.4317436125566019e-12
driven_dt2p5e-4,260,3,-1.9776322153425845,0.0,1,0.02256787142440997,0.3678426391083606,0.0,-2.0002000867669945,0.0,516,1.4317436125566019e-12
driven_dt2p5e-4,260,4,-2.320247394247764,0.0,1,0.19260311922604334,0.2846698313591099,0.0,-2.5128505134738073,0.0,516,1.4317436125566019e-12
driven_dt2p5e-4,260,5,-2.9438533246558065,0.18042077961838413,1,0.23383646746240355,0.24930376123838524,0.03968643575958442,-2.75314100417674,0.3157289624189287,516,1.4317436125566019e-12
driven_dt2p5e-4,261,0,-0.9226805184503813,0.0,1,0.0007045308195614552,0.6306602491759652,0.0,-0.9219759876308199,0.0,517,5.10702591327572e-15
driven_dt2p5e-4,261,1,-1.3493022938056025,6.283185307179586,1,1.8555237597862142,-0.29532645437668037,0.39362728898986593,-1.4181559647305098,4.428939477972646,517,5.10702591327572e-15
driven_dt2p5e-4,261,2,-1.7807710567401813,0.0,1,0.005327778887442625,0.4115924414864635,0.0,-1.7754432778527387,0.0,517,5.10702591327572e-15
driven_dt2p5e-4,261,3,-1.9776322153425845,0.0,1,0.10378465617185606,0.3532043706987161,0.0,-2.0814168715144405,0.0,517,5.10702591327572e-15
driven_dt2p5e-4,261,4,-2.320247394247764,0.0,1,0.2388305227333234,0.3532043706987161,0.0,-2.0814168715144405,0.0,517,5.10702591327572e-15
driven_dt2p5e-4,261,5,-2.9438533246558065,0.18042077961838413,1,0.3818867309796693,0.2715424306697656,0.0,-2.607273738851449,0.0,517,5.10702591327572e-15
driven_dt2p5e-4,262,0,-0.9226805184503813,0.0,1,0.0069310189531578414,0.6282571205358018,0.0,-0.9296115374035392,0.0,516,1.9095836023552692e-13
driven_dt2p5e-4,262,1,-1.3493022938056025,6.283185307179586,0,2.3023032180525846,nan,nan,nan,nan,516,1.9095836023552692e-13
driven_dt2p5e-4,262,2,-1.7807710567401813,0.0,1,0.027497574227188792,0.40489224237670673,0.0,-1.8082686309673701,0.0,516,1.9095836023552692e-13
driven_dt2p5e-4,262,3,-1.9776322153425845,0.0,1,0.010257839877331199,0.37011369838732416,0.0,-1.9878900552199157,0.0,516,1.9095836023552692e-13
driven_dt2p5e-4,262,4,-2.320247394247764,0.0,1,0.27692703280655984,0.27291709437480316,0.0,-2.5971744270543238,0.0,516,1.9095836023552692e-13
driven_dt2p5e-4,262,5,-2.9438533246558065,0.18042077961838413,1,0.2104049322875165,0.2422462587124146,0.0,-2.8356009444842423,0.0,516,1.9095836023552692e-13
driven_dt2p5e-4,263,0,-0.9226805184503813,0.0,1,0.0089241817894945,0.6332574861800447,0.0,-0.9137563366608868,0.0,516,3.1907809727727e-13
driven_dt2p5e-4,263,1,-1.3493022938056025,6.283185307179586,0,2.4902875831232403,nan,nan,nan,nan,516,3.1907809727727e-13
driven_dt2p5e-4,263,2,-1.7807710567401813,0.0,1,0.0018205442087428914,0.4108712983336993,0.0,-1.7789505125314384,0.0,516,3.1907809727727e-13
driven_dt2p5e-4,263,3,-1.9776322153425845,0.0,1,0.1735981012932819,0.3410878677115954,0.0,-2.1512303166358664,0.0,516,3.1907809727727e-13
driven_dt2p5e-4,263,4,-2.320247394247764,0.0,1,0.16901707761189755,0.3410878677115954,0.0,-2.1512303166358664,0.0,516,3.1907809727727e-13
driven_dt2p5e-4,263,5,-2.9438533246558065,0.18042077961838413,1,0.18968656828794575,0.22286101995085666,0.0,-3.00241386145963,0.0,516,3.1907809727727e-13
driven_dt2p5e-4,264,0,-0.9226805184503813,0.0,1,0.011985545962828859,0.634227544306284,0.0,-0.9106949724875525,0.0,517,1.7497114868092467e-13
driven_dt2p5e-4,264,1,-1.3493022938056025,6.283185307179586,0,2.411896040407246,nan,nan,nan,nan,517,1.7497114868092467e-13
driven_dt2p5e-4,264,2,-1.7807710567401813,0.0,1,0.028886006130449893,0.4164693017786758,0.0,-1.7518850506097314,0.0,517,1.7497114868092467e-13
driven_dt2p5e-4,264,3,-1.9776322153425845,0.0,1,0.03794609607881583,0.36502510179957665,0.0,-2.0155783114214003,0.0,517,1.7497114868092467e-13
driven_dt2p5e-4,264,4,-2.320247394247764,0.0,1,0.2514552905239449,0.27641515949155016,0.0,-2.571702684771709,0.0,517,1.7497114868092467e-13
driven_dt2p5e-4,264,5,-2.9438533246558065,0.18042077961838413,1,0.41357920219015953,0.27641515949155016,0.0,-2.571702684771709,0.0,517,1.7497114868092467e-13
driven_dt2p5e-4,265,0,-0.9226805184503813,0.0,1,0.02399589490518328,0.6229193600604206,0.0,-0.9466764133555646,0.0,517,7.311928840181281e-13
driven_dt2p5e-4,265,1,-1.3493022938056025,6.283185307179586,1,0.32687353832781496,-0.4325367798688556,0.0,-1.6761758321334175,6.283185307179586,517,7.311928840181281e-13
driven_dt2p5e-4,265,2,-1.7807710567401813,0.0,1,0.127863158545358,0.3850750195729184,0.0,-1.9086342152855393,0.0,517,7.311928840181281e-13
driven_dt2p5e-4,265,3,-1.9776322153425845,0.0,1,0.03790152083730369,0.36503323743127364,0.0,-2.015533736179888,0.0,517,7.311928840181281e-13
driven_dt2p5e-4,265,4,-2.320247394247764,0.0,1,0.024260527726625014,0.30966817408097547,0.0,-2.344507921974389,0.0,517,7.311928840181281e-13
driven_dt2p5e-4,265,5,-2.9438533246558065,0.18042077961838413,1,0.18465920174425107,0.24336397030394658,0.00465325180705873,-2.8260287437119813,0.0382364312735821,517,7.311928840181281e-13
driven_dt2p5e-4,266,0,-0.9226805184503813,0.0,1,0.009992903607707326,0.6272960309916091,0.0,-0.9326734220580887,0.0,516,1.574296248918472e-13
driven_dt2p5e-4,266,1,-1.3493022938056025,6.283185307179586,0,2.478931365920576,nan,nan,nan,nan,516,1.574296248918472e-13
driven_dt2p5e-4,266,2,-1.7807710567401813,0.0,1,0.031154523637864084,0.40415258358290734,0.0,-1.8119255803780454,0.0,516,1.574296248918472e-13
driven_dt2p5e-4,266,3,-1.9776322153425845,0.0,1,0.04730432747599478,0.36332109684251307,0.0,-2.0249365428185793,0.0,516,1.574296248918472e-13
driven_dt2p5e-4,266,4,-2.320247394247764,0.0,1,0.10096154667914359,0.3296766597543054,0.0,-2.2192858475686204,0.0,516,1.574296248918472e-13
driven_dt2p5e-4,266,5,-2.9438533246558065,0.18042077961838413,1,0.20373039790866623,0.21887804994640292,0.0,-3.038481107647473,0.0,516,1.574296248918472e-13
driven_dt2p5e-4,267,0,-0.9226805184503813,0.0,1,0.000552578629525402,0.6306123358931048,0.0,-0.922127939820856,0.0,516,8.273381979506667e-13
driven_dt2p5e-4,267,1,-1.3493022938056025,6.283185307179586,1,2.142878208602921,-0.17400476156716735,0.05106555180650553,-3.414728081223432,5.712270835848984,516,8.273381979506667e-13
driven_dt2p5e-4,267,2,-1.7807710567401813,0.0,1,0.02953768211202301,0.40447944102423344,0.0,-1.8103087388522043,0.0,516,8.273381979506667e-13
driven_dt2p5e-4,267,3,-1.9776322153425845,0.0,1,0.16732347649038015,0.40447944102423344,0.0,-1.8103087388522043,0.0,516,8.273381979506667e-13
driven_dt2p5e-4,267,4,-2.320247394247764,0.0,1,0.14616578024112536,0.3372128967476188,0.0,-2.1740816140066386,0.0,516,8.273381979506667e-13
driven_dt2p5e-4,267,5,-2.9438533246558065,0.18042077961838413,1,0.3078612809708485,0.19587024452148324,0.023230953977321167,-3.24663687381325,0.23610462539643565,516,8.273381979506667e-13
driven_dt2p5e-4,268,0,-0.9226805184503813,0.0,1,0.017555200698843088,0.6359962201145647,0.0,-0.9051253177515383,0.0,516,1.2523315717771766e-12
driven_dt2p5e-4,268,1,-1.3493022938056025,6.283185307179586,1,1.3890915559797687,-0.25431110848910515,0.0,-2.7383938497853713,6.283185307179586,516,1.2523315717771766e-12
driven_dt2p5e-4,268,2,-1.7807710567401813,0.0,1,0.06343070187736943,0.3976826795319073,0.0,-1.8442017586175508,0.0,516,1.2523315717771766e-12
driven_dt2p5e-4,268,3,-1.9776322153425845,0.0,1,0.13343045672503373,0.3976826795319073,0.0,-1.8442017586175508,0.0,516,1.2523315717771766e-12
driven_dt2p5e-4,268,4,-2.320247394247764,0.0,1,0.010416220680111277,0.3118191809340629,0.0,-2.330663614927875,0.0,516,1.2523315717771766e-12
driven_dt2p5e-4,268,5,-2.9438533246558065,0.18042077961838413,1,0.3941872101394631,0.26539229132976594,0.05321135094706667,-2.613678877791996,0.39575398949486856,516,1.2523315717771766e-12
driven_dt2p5e-4,269,0,-0.9226805184503813,0.0,1,0.00958680221113628,0.6274234168211869,0.0,-0.9322673206615176,0.0,516,3.2085445411667024e-13
driven_dt2p5e-4,269,1,-1.3493022938056025,6.283185307179586,1,2.198237243820582,-0.16748638451809605,0.10973455567683406,-3.216544501801476,5.123162239823336,516,3.2085445411667024e-13
driven_dt2p5e-4,269,2,-1.7807710567401813,0.0,1,0.03285890214794529,0.40380831580526627,0.0,-1.8136299588881266,0.0,516,3.2085445411667024e-13
driven_dt2p5e-4,269,3,-1.9776322153425845,0.0,1,0.03400436921888561,0.3657452258236865,0.0,-2.01163658456147,0.0,516,3.2085445411667024e-13
driven_dt2p5e-4,269,4,-2.320247394247764,0.0,1,0.027879330091202803,0.3178473534398076,0.0,-2.292368064156561,0.0,516,3.2085445411667024e-13
driven_dt2p5e-4,269,5,-2.9438533246558065,0.18042077961838413,1,0.24671879538827907,0.24962733194111397,0.0,-2.7755722910253406,0.0,516,3.2085445411667024e-13
driven_dt2p5e-4,270,0,-0.9226805184503813,0.0,1,0.0018347645843214133,0.631016746651704,0.0,-0.9208457538660599,0.0,516,8.171241461241152e-14
driven_dt2p5e-4,270,1,-1.3493022938056025,6.283185307179586,1,1.0334132444338748,-0.8538971508672516,0.0,-0.3158890493717278,6.283185307179586,516,8.171241461241152e-14
driven_dt2p5e-4,270,2,-1.7807710567401813,0.0,1,0.023790042213273965,0.41540949626747253,0.0,-1.7569810145269074,0.0,516,8.171241461241152e-14
driven_dt2p5e-4,270,3,-1.9776322153425845,0.0,1,0.12292742975742676,0.34983984233675636,0.0,-2.1005596451000113,0.0,516,8.171241461241152e-14
driven_dt2p5e-4,270,4,-2.320247394247764,0.0,1,0.2196877491477527,0.34983984233675636,0.0,-2.1005596451000113,0.0,516,8.171241461241152e-14
driven_dt2p5e-4,270,5,-2.9438533246558065,0.18042077961838413,1,0.29095011019918354,0.1974920744597191,0.022154079996852725,-3.231608473724327,0.2234200913509068,516,8.171241461241152e-14
driven_dt2p5e-4,271,0,-0.9226805184503813,0.0,1,0.008570516476520074,0.6277423185721898,0.0,-0.9312510349269014,0.0,517,4.973799150320701e-14
driven_dt2p5e-4,271,1,-1.3493022938056025,6.283185307179586,1,1.909163538165431,-0.1960799262301616,0.0,-3.2584658319710336,6.283185307179586,517,4.973799150320701e-14
driven_dt2p5e-4,271,2,-1.7807710567401813,0.0,1,0.08638026943791122,0.3931454384861183,0.0,-1.8671513261780925,0.0,517,4.973799150320701e-14
driven_dt2p5e-4,271,3,-1.9776322153425845,0.0,1,0.11048088916449195,0.3931454384861183,0.0,-1.8671513261780925,0.0,517,4.973799150320701e-14
driven_dt2p5e-4,271,4,-2.320247394247764,0.0,1,0.11156774724204599,0.3314296120742376,0.0,-2.208679647005718,0.0,517,4.973799150320701e-14
driven_dt2p5e-4,271,5,-2.9438533246558065,0.18042077961838413,1,0.23546576540188807,0.2475171577261492,0.0,-2.7925507504602844,0.0,517,4.973799150320701e-14
driven_dt2p5e-4,272,0,-0.9226805184503813,0.0,1,0.011792839181450243,0.6341664372759036,0.0,-0.9108876792689311,0.0,517,4.645173135031655e-13
driven_dt2p5e-4,272,1,-1.3493022938056025,6.283185307179586,1,1.7972919562974334,-0.20736036096569901,0.0,-3.146594250103036,6.283185307179586,517,4.645173135031655e-13
driven_dt2p5e-4,272,2,-1.7807710567401813,0.0,1,0.035924243742057715,0.41793748857729934,0.0,-1.7448468129981236,0.0,517,4.645173135031655e-13
driven_dt2p5e-4,272,3,-1.9776322153425845,0.0,1,0.0031391164750209644,0.3726012189185049,0.0,-1.9744930988675635,0.0,517,4.645173135031655e-13
driven_dt2p5e-4,272,4,-2.320247394247764,0.0,1,0.05097435444587939,0.30555946403666656,0.0,-2.3712217486936433,0.0,517,4.645173135031655e-13
driven_dt2p5e-4,272,5,-2.9438533246558065,0.18042077961838413,1,0.18628790275143337,0.22422193658171402,0.0,-2.9902378586452945,0.0,517,4.645173135031655e-13
driven_dt2p5e-4,273,0,-0.9226805184503813,0.0,1,0.008220082149492436,0.6278523194374059,0.0,-0.9309006005998738,0.0,516,1.2734258092450546e-12
driven_dt2p5e-4,273,1,-1.3493022938056025,6.283185307179586,1,1.2569066117765857,-0.9548530344094649,0.0,-0.09239568202901685,6.283185307179586,516,1.2734258092450546e-12
driven_dt2p5e-4,273,2,-1.7807710567401813,0.0,1,0.014395392643828497,0.41346275875357247,0.0,-1.7663756640963528,0.0,516,1.2734258092450546e-12
driven_dt2p5e-4,273,3,-1.9776322153425845,0.0,1,0.013258834662328134,0.37449130633984223,0.0,-1.9643733806802564,0.0,516,1.2734258092450546e-12
driven_dt2p5e-4,273,4,-2.320247394247764,0.0,1,0.3558740135675076,0.37449130633984223,0.0,-1.9643733806802564,0.0,516,1.2734258092450546e-12
driven_dt2p5e-4,273,5,-2.9438533246558065,0.18042077961838413,1,0.21082125749782304,0.21730435633256384,0.0,-3.052912688741876,0.0,516,1.2734258092450546e-12
driven_dt2p5e-4,274,0,-0.9226805184503813,0.0,1,0.0001481309770543504,0.6303914365310467,0.0,-0.9228286494274357,0.0,517,2.2426505097428162e-14
driven_dt2p5e-4,274,1,-1.3493022938056025,6.283185307179586,1,2.2373052905934108,-0.16640947814694235,0.0,-3.5866075843990135,6.283185307179586,517,2.2426505097428162e-14
driven_dt2p5e-4,274,2,-1.7807710567401813,0.0,1,0.028864482036925487,0.4046156117355175,0.0,-1.8096355387771068,0.0,517,2.2426505097428162e-14
driven_dt2p5e-4,274,3,-1.9776322153425845,0.0,1,0.01523595242134701,0.3748616960918991,0.0,-1.9623962629212375,0.0,517,2.2426505097428162e-14
driven_dt2p5e-4,274,4,-2.320247394247764,0.0,1,0.1780182299810944,0.3426264192330721,0.0,-2.1422291642666695,0.0,517,2.2426505097428162e-14
driven_dt2p5e-4,274,5,-2.9438533246558065,0.18042077961838413,1,0.31465438536780466,0.26105305325592304,0.0,-2.686063246272085,0.0,517,2.2426505097428162e-14
driven_dt2p5e-4,275,0,-0.9226805184503813,0.0,1,0.001206842365348404,0.6300578235423354,0.0,-0.9238873608157298,0.0,517,4.376499163072367e-13
driven_dt2p5e-4,275,1,-1.3493022938056025,6.283185307179586,1,1.9855200125152221,-0.18905538964953444,0.07691978101719031,-3.1782476155086017,5.510366615428953,517,4.376499163072367e-13
driven_dt2p5e-4,275,2,-1.7807710567401813,0.0,1,0.014511937831600319,0.40752968705506976,0.0,-1.7952829945717816,0.0,517,4.376499163072367e-13
driven_dt2p5e-4,275,3,-1.9776322153425845,0.0,1,0.011511303130234518,0.369881809100927,0.0,-1.989143518472819,0.0,517,4.376499163072367e-13
driven_dt2p5e-4,275,4,-2.320247394247764,0.0,1,0.06791491853087361,0.32427406605593,0.0,-2.2523324757168903,0.0,517,4.376499163072367e-13
driven_dt2p5e-4,275,5,-2.9438533246558065,0.18042077961838413,1,0.18492571501450952,0.2248748447908968,0.0,-2.9844225538267195,0.0,517,4.376499163072367e-13
driven_dt2p5e-4,276,0,-0.9226805184503813,0.0,1,0.0014875953139614762,0.6309072213461742,0.0,-0.9211929231364199,0.0,516,5.963562976774028e-12
driven_dt2p5e-4,276,1,-1.3493022938056025,6.283185307179586,0,2.401280329700597,nan,nan,nan,nan,516,5.963562976774028e-12
driven_dt2p5e-4,276,2,-1.7807710567401813,0.0,1,0.0010245621058329046,0.41070780776971155,0.0,-1.7797464946343484,0.0,516,5.963562976774028e-12
driven_dt2p5e-4,276,3,-1.9776322153425845,0.0,1,0.18953150197578505,0.33838131832844326,0.0,-2.1671637173183695,0.0,516,5.963562976774028e-12
driven_dt2p5e-4,276,4,-2.320247394247764,0.0,1,0.1530836769293944,0.33838131832844326,0.0,-2.1671637173183695,0.0,516,5.963562976774028e-12
driven_dt2p5e-4,276,5,-2.9438533246558065,0.18042077961838413,1,0.3094369403849635,0.20008925442485836,0.03826586294222993,-3.182062189022427,0.37792459480171764,516,5.963562976774028e-12
driven_dt2p5e-4,277,0,-0.9226805184503813,0.0,1,0.015311084625338367,0.6352829956588872,0.0,-0.907369433825043,0.0,517,2.717825964282383e-13
driven_dt2p5e-4,277,1,-1.3493022938056025,6.283185307179586,1,1.904313163843711,-0.19655603384143688,0.0,-3.2536154576493135,6.283185307179586,517,2.717825964282383e-13
driven_dt2p5e-4,277,2,-1.7807710567401813,0.0,1,0.002025185632401838,0.41091334112830274,0.0,-1.7787458711077795,0.0,517,2.717825964282383e-13
driven_dt2p5e-4,277,3,-1.9776322153425845,0.0,1,0.198886344234805,0.41091334112830274,0.0,-1.7787458711077795,0.0,517,2.717825964282383e-13
driven_dt2p5e-4,277,4,-2.320247394247764,0.0,1,0.08917869751534457,0.3277401047122419,0.0,-2.2310686967324194,0.0,517,2.717825964282383e-13
driven_dt2p5e-4,277,5,-2.9438533246558065,0.18042077961838413,1,0.1920448760801615,0.23715842463500109,0.0,-2.8780538055805196,0.0,517,2.717825964282383e-13
driven_dt2p5e-4,278,0,-0.9226805184503813,0.0,1,0.009215864354934489,0.6275397951617195,0.0,-0.9318963828053158,0.0,517,7.283063041541027e-14
driven_dt2p5e-4,278,1,-1.3493022938056025,6.283185307179586,1,2.024771007338539,-0.1850421505383094,0.03034299803387773,-3.3478093750594105,5.958120577722348,517,7.283063041541027e-14
driven_dt2p5e-4,278,2,-1.7807710567401813,0.0,1,0.027174564585419114,0.4161130727840417,0.0,-1.7535964921547622,0.0,517,7.283063041541027e-14
driven_dt2p5e-4,278,3,-1.9776322153425845,0.0,1,0.006664733752891783,0.37077922493340393,0.0,-1.9842969490954763,0.0,517,7.283063041541027e-14
driven_dt2p5e-4,278,4,-2.320247394247764,0.0,1,0.2051725295818958,0.2828863755132321,0.0,-2.5254199238296597,0.0,517,7.283063041541027e-14
driven_dt2p5e-4,278,5,-2.9438533246558065,0.18042077961838413,1,0.23948538892862645,0.2121059699007756,0.0,-3.1013385423500077,0.0,517,7.283063041541027e-14
driven_dt2p5e-4,279,0,-0.9226805184503813,0.0,1,0.006709057057594725,0.628326848975682,0.0,-0.9293895755079761,0.0,516,1.283417816466681e-13
driven_dt2p5e-4,279,1,-1.3493022938056025,6.283185307179586,1,2.1330912861299334,-0.17519412627302003,0.025923375316661557,-3.4620625532288964,5.989378361779944,516,1.283417816466681e-13
driven_dt2p5e-4,279,2,-1.7807710567401813,0.0,1,0.04034839647533217,0.402298983557602,0.0,-1.8211194532155135,0.0,516,1.283417816466681e-13
driven_dt2p5e-4,279,3,-1.9776322153425845,0.0,1,0.07624305122588826,0.35810192253430795,0.0,-2.0538752665684727,0.0,516,1.283417816466681e-13
driven_dt2p5e-4,279,4,-2.320247394247764,0.0,1,0.2663721276792912,0.35810192253430795,0.0,-2.0538752665684727,0.0,516,1.283417816466681e-13
driven_dt2p5e-4,279,5,-2.9438533246558065,0.18042077961838413,1,0.19852663621486258,0.23918676713033166,0.0,-2.8610211595948662,0.0,516,1.283417816466681e-13
driven_dt2p5e-4,280,0,-0.9226805184503813,0.0,1,0.014952944506147925,0.6351692456799065,0.0,-0.9077275739442334,0.0,516,1.2212453270876722e-12
driven_dt2p5e-4,280,1,-1.3493022938056025,6.283185307179586,1,1.422788613208289,-0.2500622346482538,0.0,-2.7720909070138915,6.283185307179586,516,1.2212453270876722e-12
driven_dt2p5e-4,280,2,-1.7807710567401813,0.0,1,0.03861821055143214,0.4122679751810405,0.007744191019919413,-1.7718106417112482,0.037564306844450286,516,1.2212453270876722e-12
driven_dt2p5e-4,280,3,-1.9776322153425845,0.0,1,0.20922140741516768,0.4122679751810405,0.007744191019919413,-1.7718106417112482,0.037564306844450286,516,1.2212453270876722e-12
driven_dt2p5e-4,280,4,-2.320247394247764,0.0,1,0.10790228177673322,0.29698464614053915,0.0,-2.428149676024497,0.0,516,1.2212453270876722e-12
driven_dt2p5e-4,280,5,-2.9438533246558065,0.18042077961838413,1,0.24026739417542134,0.21198015898947825,0.0,-3.1025251967243674,0.0,516,1.2212453270876722e-12
driven_dt2p5e-4,281,0,-0.9226805184503813,0.0,1,0.004600443747410865,0.6289896474891767,0.0,-0.9272809621977922,0.0,516,2.05613304160579e-13
driven_dt2p5e-4,281,1,-1.3493022938056025,6.283185307179586,0,2.3273585842104962,nan,nan,nan,nan,516,2.05613304160579e-13
driven_dt2p5e-4,281,2,-1.7807710567401813,0.0,1,0.011625906404588937,0.41289061527046966,0.0,-1.7691451503355924,0.0,516,2.05613304160579e-13
driven_dt2p5e-4,281,3,-1.9776322153425845,0.0,1,0.1639092296521718,0.3427442548871602,0.0,-2.1415414449947563,0.0,516,2.05613304160579e-13
driven_dt2p5e-4,281,4,-2.320247394247764,0.0,1,0.17870594925300765,0.3427442548871602,0.0,-2.1415414449947563,0.0,516,2.05613304160579e-13
driven_dt2p5e-4,281,5,-2.9438533246558065,0.18042077961838413,1,0.31836036218528196,0.20127623370747727,0.0,-3.206154034705624,0.0,516,2.05613304160579e-13
driven_dt2p5e-4,282,0,-0.9226805184503813,0.0,1,0.015059752716626074,0.6352031672309144,0.0,-0.9076207657337553,0.0,517,1.2878587085651816e-13
driven_dt2p5e-4,282,1,-1.3493022938056025,6.283185307179586,0,2.3008123718664004,nan,nan,nan,nan,517,1.2878587085651816e-13
driven_dt2p5e-4,282,2,-1.7807710567401813,0.0,1,0.038584031066396296,0.4184936707441378,0.0,-1.742187025673785,0.0,517,1.2878587085651816e-13
driven_dt2p5e-4,282,3,-1.9776322153425845,0.0,1,0.08847031883886558,0.3559192971987931,0.0,-2.06610253418145,0.0,517,1.2878587085651816e-13
driven_dt2p5e-4,282,4,-2.320247394247764,0.0,1,0.16367541795713691,0.28881717425129705,0.0,-2.483922812204901,0.0,517,1.2878587085651816e-13
driven_dt2p5e-4,282,5,-2.9438533246558065,0.18042077961838413,1,0.18287473490859374,0.23293459522307258,0.0,-2.9139951440383793,0.0,517,1.2878587085651816e-13
driven_dt2p5e-4,283,0,-0.9226805184503813,0.0,1,0.028604158105701827,0.6214857241556548,0.0,-0.9512846765560832,0.0,516,1.1324274851176597e-13
driven_dt2p5e-4,283,1,-1.3493022938056025,6.283185307179586,1,1.8993153558021103,-0.1970766513538949,0.01457389662073066,-3.2428713031165497,6.135553238295978,516,1.1324274851176597e-13
driven_dt2p5e-4,283,2,-1.7807710567401813,0.0,1,0.02487789360273185,0.4156355096279916,0.0,-1.7558931631374495,0.0,516,1.1324274851176597e-13
driven_dt2p5e-4,283,3,-1.9776322153425845,0.0,1,0.007003363367671822,0.37071645183470764,0.0,-1.9846355787102563,0.0,516,1.1324274851176597e-13
driven_dt2p5e-4,283,4,-2.320247394247764,0.0,1,0.33561181553750763,0.37071645183470764,0.0,-1.9846355787102563,0.0,516,1.1324274851176597e-13
driven_dt2p5e-4,283,5,-2.9438533246558065,0.18042077961838413,1,0.3151153813491767,0.26112648250085113,0.0,-2.685500763521353,0.0,516,1.1324274851176597e-13
driven_dt2p5e-4,284,0,-0.9226805184503813,0.0,1,0.0009753951790091309,0.6301307403165946,0.0,-0.9236559136293905,0.0,516,4.6629367034256575e-14
driven_dt2p5e-4,284,1,-1.3493022938056025,6.283185307179586,1,1.6791920555873439,-0.21997372431456885,0.0,-3.0284943493929464,6.283185307179586,516,4.6629367034256575e-14
driven_dt2p5e-4,284,2,-1.7807710567401813,0.0,1,0.019247133187681786,0.4144669833353856,0.0,-1.7615239235524995,0.0,516,4.6629367034256575e-14
driven_dt2p5e-4,284,3,-1.9776322153425845,0.0,1,0.03496869673711056,0.3785785267592988,0.0,-1.942663518605474,0.0,516,4.6629367034256575e-14
driven_dt2p5e-4,284,4,-2.320247394247764,0.0,1,0.20379074941730924,0.28308188643499155,0.0,-2.524038143665073,0.0,516,4.6629367034256575e-14
driven_dt2p5e-4,284,5,-2.9438533246558065,0.18042077961838413,1,0.2747526403814277,0.2612740081829068,0.02900009834589743,-2.6721265559238185,0.221084972110537,516,4.6629367034256575e-14
driven_dt2p5e-4,285,0,-0.9226805184503813,0.0,1,0.002674085943342286,0.6312816151419444,0.0,-0.9200064325070391,0.0,516,3.566036355096003e-13
driven_dt2p5e-4,285,1,-1.3493022938056025,6.283185307179586,1,1.8487337847661258,-0.20209486981455602,0.0,-3.1980360785717283,6.283185307179586,516,3.566036355096003e-13
driven_dt2p5e-4,285,2,-1.7807710567401813,0.0,1,0.012510355231153847,0.4130732459594558,0.0,-1.7682607015090275,0.0,516,3.566036355096003e-13
driven_dt2p5e-4,285,3,-1.9776322153425845,0.0,1,0.07997457254406992,0.3871942316072416,0.0,-1.8976576427985146,0.0,516,3.566036355096003e-13
driven_dt2p5e-4,285,4,-2.320247394247764,0.0,1,0.032630632814538096,0.31457802926921746,0.004997173858355095,-2.312793943981364,0.03176797565164502,516,3.566036355096003e-13
driven_dt2p5e-4,285,5,-2.9438533246558065,0.18042077961838413,1,0.2807101087642394,0.19856035850388953,0.023058285310489327,-3.21992886685602,0.2312190095214935,516,3.566036355096003e-13
driven_dt2p5e-4,286,0,-0.9226805184503813,0.0,1,0.0050598298703878886,0.6320351025994185,0.0,-0.9176206885799935,0.0,516,2.498001805406602e-13
driven_dt2p5e-4,286,1,-1.3493022938056025,6.283185307179586,0,2.2557601539092818,nan,nan,nan,nan,516,2.498001805406602e-13
driven_dt2p5e-4,286,2,-1.7807710567401813,0.0,1,0.037642808932172755,0.40284357939674803,0.0,-1.818413865672354,0.0,516,2.498001805406602e-13
driven_dt2p5e-4,286,3,-1.9776322153425845,0.0,1,0.15214541583303642,0.3447661852619551,0.0,-2.129777631175621,0.0,516,2.498001805406602e-13
driven_dt2p5e-4,286,4,-2.320247394247764,0.0,1,0.19046976307214303,0.3447661852619551,0.0,-2.129777631175621,0.0,516,2.498001805406602e-13
driven_dt2p5e-4,286,5,-2.9438533246558065,0.18042077961838413,1,0.29798604926140676,0.2583738930019821,0.0,-2.7066950909039167,0.0,516,2.498001805406602e-13
driven_dt2p5e-4,287,0,-0.9226805184503813,0.0,1,0.007910403972112068,0.632936576323649,0.0,-0.9147701144782693,0.0,516,1.0755840662568517e-12
driven_dt2p5e-4,287,1,-1.3493022938056025,6.283185307179586,1,2.1985430706847118,-0.1676657653975564,0.10144048742004966,-3.259646222428829,5.194986011081607,516,1.0755840662568517e-12
driven_dt2p5e-4,287,2,-1.7807710567401813,0.0,1,0.0440506681672963,0.4015549623429684,0.0,-1.8248217249074776,0.0,516,1.0755840662568517e-12
driven_dt2p5e-4,287,3,-1.9776322153425845,0.0,1,0.15281049043510686,0.4015549623429684,0.0,-1.8248217249074776,0.0,516,1.0755840662568517e-12
driven_dt2p5e-4,287,4,-2.320247394247764,0.0,1,0.08856091009085221,0.3276388834887499,0.0,-2.2316864841569117,0.0,516,1.0755840662568517e-12
driven_dt2p5e-4,287,5,-2.9438533246558065,0.18042077961838413,1,0.19692747303632938,0.22060357932336055,0.0,-3.022775893787638,0.0,516,1.0755840662568517e-12
driven_dt2p5e-4,288,0,-0.9226805184503813,0.0,1,0.005243514915603709,0.6320931529633231,0.0,-0.9174370035347776,0.0,516,1.5121237595394632e-13
driven_dt2p5e-4,288,1,-1.3493022938056025,6.283185307179586,0,2.4036330546153093,nan,nan,nan,nan,516,1.5121237595394632e-13
driven_dt2p5e-4,288,2,-1.7807710567401813,0.0,1,0.020366017414167326,0.4146989184915099,0.0,-1.760405039326014,0.0,516,1.5121237595394632e-13
driven_dt2p5e-4,288,3,-1.9776322153425845,0.0,1,0.012108065383154898,0.3742758917735749,0.0,-1.9655241499594296,0.0,516,1.5121237595394632e-13
driven_dt2p5e-4,288,4,-2.320247394247764,0.0,1,0.11578539383264008,0.3321292760354695,0.0,-2.204462000415124,0.0,516,1.5121237595394632e-13
driven_dt2p5e-4,288,5,-2.9438533246558065,0.18042077961838413,1,0.2096924576832447,0.2175433468534653,0.0,-3.0507143048643646,0.0,516,1.5121237595394632e-13
driven_dt2p5e-4,289,0,-0.9226805184503813,0.0,1,0.015475801605456807,0.6255786859978708,0.0,-0.9381563200558382,0.0,517,6.827871601444713e-14
driven_dt2p5e-4,289,1,-1.3493022938056025,6.283185307179586,1,2.151623161137043,-0.17363729950621565,0.016737744375241833,-3.4923242162722334,6.090989398355314,517,6.827871601444713e-14
driven_dt2p5e-4,289,2,-1.7807710567401813,0.0,1,0.07290230353022986,0.39580378611364525,0.0,-1.8536733602704112,0.0,517,6.827871601444713e-14
driven_dt2p5e-4,289,3,-1.9776322153425845,0.0,1,0.1239588550721733,0.39580378611364525,0.0,-1.8536733602704112,0.0,517,6.827871601444713e-14
driven_dt2p5e-4,289,4,-2.320247394247764,0.0,1,0.007095589744832154,0.3145614280338807,0.0,-2.313151804502932,0.0,517,6.827871601444713e-14
driven_dt2p5e-4,289,5,-2.9438533246558065,0.18042077961838413,1,0.0691215512962644,0.22128689222645345,0.023546310215821223,-3.0053318545274523,0.21201475401894448,517,6.827871601444713e-14
driven_dt2p5e-4,290,0,-0.9226805184503813,0.0,1,0.006890565507316704,0.628269828247019,0.0,-0.929571083957698,0.0,516,2.391420395042587e-13
driven_dt2p5e-4,290,1,-1.3493022938056025,6.283185307179586,1,0.8824238894801917,-0.32763238006416395,0.0,-2.231726183285794,6.283185307179586,516,2.391420395042587e-13
driven_dt2p5e-4,290,2,-1.7807710567401813,0.0,1,0.010159321933074894,0.4084175629478115,0.0,-1.7909303786732562,0.0,516,2.391420395042587e-13
driven_dt2p5e-4,290,3,-1.9776322153425845,0.0,1,0.11003299760600616,0.3930574050822633,0.0,-1.8675992177365783,0.0,516,2.391420395042587e-13
driven_dt2p5e-4,290,4,-2.320247394247764,0.0,1,0.08091575965105635,0.3010190952281075,0.0,-2.4011631538988203,0.0,516,2.391420395042587e-13
driven_dt2p5e-4,290,5,-2.9438533246558065,0.18042077961838413,1,0.21138515202263633,0.21718638048925046,0.0,-3.053998795636358,0.0,516,2.391420395042587e-13
driven_dt2p5e-4,291,0,-0.9226805184503813,0.0,1,0.012730522353643692,0.6264379696999062,0.0,-0.935411040804025,0.0,517,8.37108160567368e-14
driven_dt2p5e-4,291,1,-1.3493022938056025,6.283185307179586,1,1.4156768908012063,-0.45305601215274854,0.37608231370358086,-1.0593021848130175,4.8975298680704045,517,8.37108160567368e-14
driven_dt2p5e-4,291,2,-1.7807710567401813,0.0,1,0.05276810584182101,0.39980850608529533,0.0,-1.8335391625820023,0.0,517,8.37108160567368e-14
driven_dt2p5e-4,291,3,-1.9776322153425845,0.0,1,0.14409305276058215,0.39980850608529533,0.0,-1.8335391625820023,0.0,517,8.37108160567368e-14
driven_dt2p5e-4,291,4,-2.320247394247764,0.0,1,0.1781454934372726,0.3426482218378782,0.0,-2.1421019008104913,0.0,517,8.37108160567368e-14
driven_dt2p5e-4,291,5,-2.9438533246558065,0.18042077961838413,1,0.25632245357330496,0.2513543497974912,0.0,-2.761783166508642,0.0,517,8.37108160567368e-14
driven_dt2p5e-4,292,0,-0.9226805184503813,0.0,1,0.015004623243257575,0.6351856582641848,0.0,-0.9076758952071238,0.0,516,1.3522516439934407e-13
driven_dt2p5e-4,292,1,-1.3493022938056025,6.283185307179586,1,1.3762267889856397,-0.2559522074971138,0.0,-2.725529082791242,6.283185307179586,516,1.3522516439934407e-13
driven_dt2p5e-4,292,2,-1.7807710567401813,0.0,1,0.024847264754708887,0.4054291429089326,0.0,-1.8056183214948902,0.0,516,1.3522516439934407e-13
driven_dt2p5e-4,292,3,-1.9776322153425845,0.0,1,0.05674022166977988,0.3616110043634301,0.0,-2.0343724370123644,0.0,516,1.3522516439934407e-13
driven_dt2p5e-4,292,4,-2.320247394247764,0.0,1,0.12445064117464137,0.3041178378560813,0.01680926138558731,-2.3776296975061584,0.11043203050537917,516,1.3522516439934407e-13
driven_dt2p5e-4,292,5,-2.9438533246558065,0.18042077961838413,1,0.23047586977232887,0.21360356615358161,0.0,-3.0872669531197916,0.0,516,1.3522516439934407e-13
driven_dt2p5e-4,293,0,-0.9226805184503813,0.0,1,0.006611843514145677,0.6283573906576588,0.0,-0.929292361964527,0.0,517,7.172040739078511e-14
driven_dt2p5e-4,293,1,-1.3493022938056025,6.283185307179586,1,2.231837559461883,-0.16680109684198463,0.014371232454852504,-3.574510658838872,6.111293992649917,517,7.172040739078511e-14
driven_dt2p5e-4,293,2,-1.7807710567401813,0.0,1,0.09874924006760266,0.39072153930538744,0.0,-1.879520296807784,0.0,517,7.172040739078511e-14
driven_dt2p5e-4,293,3,-1.9776322153425845,0.0,1,0.0981119185348005,0.39072153930538744,0.0,-1.879520296807784,0.0,517,7.172040739078511e-14
driven_dt2p5e-4,293,4,-2.320247394247764,0.0,1,0.06039989758075626,0.32305788918552153,0.0,-2.2598474966670077,0.0,517,7.172040739078511e-14
driven_dt2p5e-4,293,5,-2.9438533246558065,0.18042077961838413,1,0.16868275203907634,0.2329494606424728,0.001681230889934105,-2.9138154262376506,0.014434046732598746,517,7.172040739078511e-14
driven_dt2p5e-4,294,0,-0.9226805184503813,0.0,1,0.017074116969978403,0.6358432547960254,0.0,-0.905606401480403,0.0,515,1.3069545445887343e-12
driven_dt2p5e-4,294,1,-1.3493022938056025,6.283185307179586,0,2.3405772459702323,nan,nan,nan,nan,515,1.3069545445887343e-12
driven_dt2p5e-4,294,2,-1.7807710567401813,0.0,1,0.05406365433475724,0.42174530019321077,0.0,-1.726707402405424,0.0,515,1.3069545445887343e-12
driven_dt2p5e-4,294,3,-1.9776322153425845,0.0,1,0.007045421358021553,0.37070865612219905,0.0,-1.984677636700606,0.0,515,1.3069545445887343e-12
driven_dt2p5e-4,294,4,-2.320247394247764,0.0,1,0.10554300305074404,0.2973351876349545,0.0,-2.425790397298508,0.0,515,1.3069545445887343e-12
driven_dt2p5e-4,294,5,-2.9438533246558065,0.18042077961838413,1,0.2969428909010917,0.21993178954614365,0.053361695511151344,-2.9716747386648468,0.4760574643840526,515,1.3069545445887343e-12
driven_dt2p5e-4,295,0,-0.9226805184503813,0.0,1,0.013957960291772209,0.6348533325821043,0.0,-0.9087225581586091,0.0,516,3.0730973321624333e-13
driven_dt2p5e-4,295,1,-1.3493022938056025,6.283185307179586,1,0.18811782506790187,-0.5595668736800877,0.0,-1.1611844687377006,6.283185307179586,516,3.0730973321624333e-13
driven_dt2p5e-4,295,2,-1.7807710567401813,0.0,1,0.004553481578559282,0.40956393061375196,0.0,-1.7853245383187406,0.0,516,3.0730973321624333e-13
driven_dt2p5e-4,295,3,-1.9776322153425845,0.0,1,0.19230767702384388,0.40956393061375196,0.0,-1.7853245383187406,0.0,516,3.0730973321624333e-13
driven_dt2p5e-4,295,4,-2.320247394247764,0.0,1,0.09035832972267954,0.3279334681226398,0.0,-2.2298890645250844,0.0,516,3.0730973321624333e-13
driven_dt2p5e-4,295,5,-2.9438533246558065,0.18042077961838413,1,0.2671960729220852,0.25324834094706855,0.0,-2.746769373845806,0.0,516,3.0730973321624333e-13
driven_dt2p5e-4,296,0,-0.9226805184503813,0.0,1,0.0009432603756911462,0.6307355322896291,0.0,-0.9217372580746902,0.0,516,9.192646643896296e-14
driven_dt2p5e-4,296,1,-1.3493022938056025,6.283185307179586,1,0.48745417782997247,-0.6499082642420472,0.0,-0.86184811597563,6.283185307179586,516,9.192646643896296e-14
driven_dt2p5e-4,296,2,-1.7807710567401813,0.0,1,0.04258603465265742,0.4193319157148604,0.0,-1.738185022087524,0.0,516,9.192646643896296e-14
driven_dt2p5e-4,296,3,-1.9776322153425845,0.0,1,0.14151897931592394,0.3466028783070706,0.0,-2.1191511946585084,0.0,516,9.192646643896296e-14
driven_dt2p5e-4,296,4,-2.320247394247764,0.0,1,0.2010961995892555,0.3466028783070706,0.0,-2.1191511946585084,0.0,516,9.192646643896296e-14
driven_dt2p5e-4,296,5,-2.9438533246558065,0.18042077961838413,1,0.3294049191372362,0.19994215261351087,0.0,-3.21945438240723,0.0,516,9.192646643896296e-14
driven_dt2p5e-4,297,0,-0.9226805184503813,0.0,1,8.893581219837632e-05,0.6304661633966891,0.0,-0.922591582638183,0.0,517,1.7856827128071018e-12
driven_dt2p5e-4,297,1,-1.3493022938056025,6.283185307179586,1,1.949547196880489,-0.19236368748571162,0.04981357616750501,-3.231829851300842,5.776406984699649,517,1.7856827128071018e-12
driven_dt2p5e-4,297,2,-1.7807710567401813,0.0,1,0.04044882855438181,0.418884055686041,0.0,-1.7403222281857995,0.0,517,1.7856827128071018e-12
driven_dt2p5e-4,297,3,-1.9776322153425845,0.0,1,0.07399130649050267,0.38603761949830445,0.0,-1.9036409088520818,0.0,517,1.7856827128071018e-12
driven_dt2p5e-4,297,4,-2.320247394247764,0.0,1,0.03932677079513036,0.31967183924779263,0.0,-2.2809206234526336,0.0,517,1.7856827128071018e-12
driven_dt2p5e-4,297,5,-2.9438533246558065,0.18042077961838413,1,0.2355311135047247,0.2475297416230318,0.0,-2.792449072038286,0.0,517,1.7856827128071018e-12
driven_dt2p5e-4,298,0,-0.9226805184503813,0.0,1,0.0017382554170890518,0.6309862979359905,0.0,-0.9209422630332923,0.0,516,1.7479351299698465e-12
driven_dt2p5e-4,298,1,-1.3493022938056025,6.283185307179586,1,0.2282761321132627,-0.45439463748264525,0.0,-1.5775784259188652,6.283185307179586,516,1.7479351299698465e-12
driven_dt2p5e-4,298,2,-1.7807710567401813,0.0,1,0.0074513279971857305,0.40897093363627374,0.0,-1.788222384737367,0.0,516,1.7479351299698465e-12
driven_dt2p5e-4,298,3,-1.9776322153425845,0.0,1,0.18940983060521743,0.40897093363627374,0.0,-1.788222384737367,0.0,516,1.7479351299698465e-12
driven_dt2p5e-4,298,4,-2.320247394247764,0.0,1,0.14403975087192933,0.3368546249443714,0.0,-2.1762076433758346,0.0,516,1.7479351299698465e-12
driven_dt2p5e-4,298,5,-2.9438533246558065,0.18042077961838413,1,0.273118293903019,0.2071219922903712,0.0,-3.1488946491403853,0.0,516,1.7479351299698465e-12
driven_dt2p5e-4,299,0,-0.9226805184503813,0.0,1,0.004535210771255849,0.631869335498443,0.0,-0.9181453076791255,0.0,517,3.3950620093037287e-13
driven_dt2p5e-4,299,1,-1.3493022938056025,6.283185307179586,1,1.1356109041461846,-0.3295613682260525,0.16655335192063253,-1.9925249297847534,5.347302426590488,517,3.3950620093037287e-13
driven_dt2p5e-4,299,2,-1.7807710567401813,0.0,1,0.024459792659484947,0.41554862991011987,0.0,-1.7563112640806964,0.0,517,3.3950620093037287e-13
driven_dt2p5e-4,299,3,-1.9776322153425845,0.0,1,0.007538837462742309,0.37061721059229213,0.0,-1.9851710528053268,0.0,517,3.3950620093037287e-13
driven_dt2p5e-4,299,4,-2.320247394247764,0.0,1,0.21486116869071825,0.28151929746759446,0.0,-2.535108562938482,0.0,517,3.3950620093037287e-13
driven_dt2p5e-4,299,5,-2.9438533246558065,0.18042077961838413,1,0.4467929475153539,0.28151929746759446,0.0,-2.535108562938482,0.0,517,3.3950620093037287e-13
driven_dt2p5e-4,300,0,-0.9226805184503813,0.0,1,0.003716350685827985,0.6292677516437128,0.0,-0.9263968691362093,0.0,517,1.9917401061775308e-13
driven_dt2p5e-4,300,1,-1.3493022938056025,6.283185307179586,1,2.1880098199207234,-0.17056206057194032,0.0,-3.5373121137263257,6.283185307179586,517,1.9917401061775308e-13
driven_dt2p5e-4,300,2,-1.7807710567401813,0.0,1,0.04830884394711643,0.4007009260173232,0.0,-1.8290799006872978,0.0,517,1.9917401061775308e-13
driven_dt2p5e-4,300,3,-1.9776322153425845,0.0,1,0.14855231465528673,0.4007009260173232,0.0,-1.8290799006872978,0.0,517,1.9917401061775308e-13
driven_dt2p5e-4,300,4,-2.320247394247764,0.0,1,0.05441779027020299,0.3220930493683584,0.0,-2.265829603977561,0.0,517,1.9917401061775308e-13
driven_dt2p5e-4,300,5,-2.9438533246558065,0.18042077961838413,1,0.1301824485328813,0.219630370528182,0.03234649900270493,-3.0101599404810804,0.29245159057597664,517,1.9917401061775308e-13
driven_dt2p5e-4,301,0,-0.9226805184503813,0.0,1,0.024698263933890297,0.6227006388354779,0.0,-0.9473787823842716,0.0,516,5.337952302397753e-13
driven_dt2p5e-4,301,1,-1.3493022938056025,6.283185307179586,1,1.600684003976683,-0.22878029443855483,0.0,-2.9499862977822855,6.283185307179586,516,5.337952302397753e-13
driven_dt2p5e-4,301,2,-1.7807710567401813,0.0,1,0.03048535305393063,0.40428782971750654,0.0,-1.811256409794112,0.0,516,5.337952302397753e-13
driven_dt2p5e-4,301,3,-1.9776322153425845,0.0,1,0.14214556838057213,0.34649430652876945,0.0,-2.1197777837231566,0.0,516,5.337952302397753e-13
driven_dt2p5e-4,301,4,-2.320247394247764,0.0,1,0.06967599639600852,0.30271554938174533,0.0,-2.3899233906437725,0.0,516,5.337952302397753e-13
driven_dt2p5e-4,301,5,-2.9438533246558065,0.18042077961838413,1,0.13528919512250198,0.2328266180437493,0.03580643383524513,-2.8915464216171536,0.3051891819139949,516,5.337952302397753e-13
driven_dt2p5e-4,302,0,-0.9226805184503813,0.0,1,0.002249030039115585,0.6297295898213191,0.0,-0.9249295484894969,0.0,516,2.2581936320875684e-13
driven_dt2p5e-4,302,1,-1.3493022938056025,6.283185307179586,1,1.0696785097591943,-0.2983492789580334,0.0,-2.418980803564797,6.283185307179586,516,2.2581936320875684e-13
driven_dt2p5e-4,302,2,-1.7807710567401813,0.0,1,0.02518948066211868,0.40535977669264206,0.0,-1.8059605374023,0.0,516,2.2581936320875684e-13
driven_dt2p5e-4,302,3,-1.9776322153425845,0.0,1,0.1537820036722879,0.3444841805859545,0.0,-2.1314142190148724,0.0,516,2.2581936320875684e-13
driven_dt2p5e-4,302,4,-2.320247394247764,0.0,1,0.18883317523289156,0.3444841805859545,0.0,-2.1314142190148724,0.0,516,2.2581936320875684e-13
driven_dt2p5e-4,302,5,-2.9438533246558065,0.18042077961838413,1,0.2924070039576192,0.25746483998323083,0.0,-2.7137442239114735,0.0,516,2.2581936320875684e-13
driven_dt2p5e-4,303,0,-0.9226805184503813,0.0,1,0.006274977764869072,0.6324192273417759,0.0,-0.9164055406855123,0.0,516,9.310330284506563e-13
driven_dt2p5e-4,303,1,-1.3493022938056025,6.283185307179586,1,0.26631926222795,-0.5818797220290367,0.0,-1.0829830315776525,6.283185307179586,516,9.310330284506563e-13
driven_dt2p5e-4,303,2,-1.7807710567401813,0.0,1,0.0028009260724433105,0.4110727530899134,0.0,-1.777970130667738,0.0,516,9.310330284506563e-13
driven_dt2p5e-4,303,3,-1.9776322153425845,0.0,1,0.10163311849386725,0.3535845414057468,0.0,-2.0792653338364517,0.0,516,9.310330284506563e-13
driven_dt2p5e-4,303,4,-2.320247394247764,0.0,1,0.2409820604113122,0.3535845414057468,0.0,-2.0792653338364517,0.0,516,9.310330284506563e-13
driven_dt2p5e-4,303,5,-2.9438533246558065,0.18042077961838413,1,0.3130544648478318,0.26079796108915515,0.0,-2.688018533739761,0.0,516,9.310330284506563e-13
driven_dt2p5e-4,304,0,-0.9226805184503813,0.0,1,0.014668705449492059,0.6350789821405598,0.0,-0.9080118130008893,0.0,517,3.672617765460018e-13
driven_dt2p5e-4,304,1,-1.3493022938056025,6.283185307179586,1,0.10578541768654426,-0.536999326824602,0.0,-1.2435168761190583,6.283185307179586,517,3.672617765460018e-13
driven_dt2p5e-4,304,2,-1.7807710567401813,0.0,1,0.01934829656738457,0.4065453977477206,0.0,-1.800119353307566,0.0,517,3.672617765460018e-13
driven_dt2p5e-4,304,3,-1.9776322153425845,0.0,1,0.10950973148250531,0.35219475560758257,0.0,-2.08714194682509,0.0,517,3.672617765460018e-13
driven_dt2p5e-4,304,4,-2.320247394247764,0.0,1,0.23310544742267414,0.35219475560758257,0.0,-2.08714194682509,0.0,517,3.672617765460018e-13
driven_dt2p5e-4,304,5,-2.9438533246558065,0.18042077961838413,1,0.26086823715418545,0.252153140641007,0.0,-2.755437350179578,0.0,517,3.672617765460018e-13
driven_dt2p5e-4,305,0,-0.9226805184503813,0.0,1,0.030235432157910247,0.6209790240576096,0.0,-0.9529159506082916,0.0,516,9.543477119677846e-13
driven_dt2p5e-4,305,1,-1.3493022938056025,6.283185307179586,1,2.1440881199582584,-0.17434918037883612,0.0,-3.4933904137638607,6.283185307179586,516,9.543477119677846e-13
driven_dt2p5e-4,305,2,-1.7807710567401813,0.0,1,0.04139809806475414,0.4020878920169976,0.0,-1.8221691548049355,0.0,516,9.543477119677846e-13
driven_dt2p5e-4,305,3,-1.9776322153425845,0.0,1,0.15546306053764902,0.4020878920169976,0.0,-1.8221691548049355,0.0,516,9.543477119677846e-13
driven_dt2p5e-4,305,4,-2.320247394247764,0.0,1,0.15360905559560356,0.3384702191674298,0.0,-2.1666383386521604,0.0,516,9.543477119677846e-13
driven_dt2p5e-4,305,5,-2.9438533246558065,0.18042077961838413,1,0.33150239596570086,0.26371815223665895,0.0,-2.6657487025926434,0.0,516,9.543477119677846e-13
driven_dt2p5e-4,306,0,-0.9226805184503813,0.0,1,0.006668253105087341,0.6325435970126531,0.0,-0.916012265345294,0.0,516,9.592326932761353e-14
driven_dt2p5e-4,306,1,-1.3493022938056025,6.283185307179586,1,0.9805464862040763,-0.3119462473952469,0.0,-2.3298487800096788,6.283185307179586,516,9.592326932761353e-14
driven_dt2p5e-4,306,2,-1.7807710567401813,0.0,1,0.007931832962288388,0.40887268915638897,0.0,-1.7887028897024697,0.0,516,9.592326932761353e-14
driven_dt2p5e-4,306,3,-1.9776322153425845,0.0,1,0.10227779571182727,0.3915362364644893,0.0,-1.8753544196307572,0.0,516,9.592326932761353e-14
driven_dt2p5e-4,306,4,-2.320247394247764,0.0,1,0.022185472849771237,0.30998963003924423,0.0,-2.342432867097535,0.0,516,9.592326932761353e-14
driven_dt2p5e-4,306,5,-2.9438533246558065,0.18042077961838413,1,0.18068478384220313,0.2476562818083898,0.03080296828041928,-2.7760754855554226,0.2474848371970108,516,9.592326932761353e-14
driven_dt2p5e-4,307,0,-0.9226805184503813,0.0,1,0.0036482756536684313,0.6292891707194519,0.0,-0.9263287941040498,0.0,516,1.205036070928145e-12
driven_dt2p5e-4,307,1,-1.3493022938056025,6.283185307179586,0,2.360300003932343,nan,nan,nan,nan,516,1.205036070928145e-12
driven_dt2p5e-4,307,2,-1.7807710567401813,0.0,1,0.04184904314821125,0.41917742215200693,0.0,-1.73892201359197,0.0,516,1.205036070928145e-12
driven_dt2p5e-4,307,3,-1.9776322153425845,0.0,1,0.03935073457575555,0.36476882764807683,0.0,-2.01698294991834,0.0,516,1.205036070928145e-12
driven_dt2p5e-4,307,4,-2.320247394247764,0.0,1,0.3032644443294239,0.36476882764807683,0.0,-2.01698294991834,0.0,516,1.205036070928145e-12
driven_dt2p5e-4,307,5,-2.9438533246558065,0.18042077961838413,1,0.3230091401268134,0.2033068744459378,0.045349356883438795,-3.137520532087267,0.4389317414191616,516,1.205036070928145e-12
driven_dt2p5e-4,308,0,-0.9226805184503813,0.0,1,0.0070967512119087806,0.6282050614569674,0.0,-0.9297772696622901,0.0,517,5.773159728050814e-15
driven_dt2p5e-4,308,1,-1.3493022938056025,6.283185307179586,1,2.205450067085133,-0.16869122900145336,0.038423278523255555,-3.5087910865486656,5.835281129455235,517,5.773159728050814e-15
driven_dt2p5e-4,308,2,-1.7807710567401813,0.0,1,0.04875065814405066,0.40061241811477555,0.0,-1.829521714884232,0.0,517,5.773159728050814e-15
driven_dt2p5e-4,308,3,-1.9776322153425845,0.0,1,0.1481105004583525,0.40061241811477555,0.0,-1.829521714884232,0.0,517,5.773159728050814e-15
driven_dt2p5e-4,308,4,-2.320247394247764,0.0,1,0.1874870929335688,0.34425240656248957,0.0,-2.132760301314195,0.0,517,5.773159728050814e-15
driven_dt2p5e-4,308,5,-2.9438533246558065,0.18042077961838413,1,0.20163500244047686,0.24004887518062973,0.0,-2.8538254595746797,0.0,517,5.773159728050814e-15
driven_dt2p5e-4,309,0,-0.9226805184503813,0.0,1,0.0051655286294526315,0.6320685061451041,0.0,-0.9175149898209287,0.0,516,2.1116441928370477e-13
driven_dt2p5e-4,309,1,-1.3493022938056025,6.283185307179586,1,1.9913501464313181,-0.18818566567419068,0.0,-3.3406524402369207,6.283185307179586,516,2.1116441928370477e-13
driven_dt2p5e-4,309,2,-1.7807710567401813,0.0,1,0.008611659450311171,0.4087337315323365,0.0,-1.7893827161904925,0.0,516,2.1116441928370477e-13
driven_dt2p5e-4,309,3,-1.9776322153425845,0.0,1,0.14715092490921045,0.34562822697040263,0.0,-2.124783140251795,0.0,516,2.1116441928370477e-13
driven_dt2p5e-4,309,4,-2.320247394247764,0.0,1,0.195464253995969,0.34562822697040263,0.0,-2.124783140251795,0.0,516,2.1116441928370477e-13
driven_dt2p5e-4,309,5,-2.9438533246558065,0.18042077961838413,1,0.3475698712375562,0.2662313803879003,0.0,-2.646778994438627,0.0,516,2.1116441928370477e-13
driven_dt2p5e-4,310,0,-0.9226805184503813,0.0,1,0.011411594839589867,0.6340455626139603,0.0,-0.9112689236107915,0.0,516,1.0333955913210957e-12
driven_dt2p5e-4,310,1,-1.3493022938056025,6.283185307179586,1,1.5788530192991448,-0.24777682199779275,0.15677561263519132,-2.453734242498288,5.154909220728711,516,1.0333955913210957e-12
driven_dt2p5e-4,310,2,-1.7807710567401813,0.0,1,0.02969235407725157,0.4166372452148097,0.0,-1.7510787026629298,0.0,516,1.0333955913210957e-12
driven_dt2p5e-4,310,3,-1.9776322153425845,0.0,1,0.10213671152935078,0.35349552125744554,0.0,-2.0797689268719353,0.0,516,1.0333955913210957e-12
driven_dt2p5e-4,310,4,-2.320247394247764,0.0,1,0.19363941593988887,0.28452236836088,0.0,-2.513886810187653,0.0,516,1.0333955913210957e-12
driven_dt2p5e-4,310,5,-2.9438533246558065,0.18042077961838413,1,0.2560404210035728,0.2095562439670396,0.0,-3.1255262160556554,0.0,516,1.0333955913210957e-12
driven_dt2p5e-4,311,0,-0.9226805184503813,0.0,1,0.010051234347549953,0.6272777359376074,0.0,-0.9327317527979313,0.0,516,3.0264679651281767e-13
driven_dt2p5e-4,311,1,-1.3493022938056025,6.283185307179586,1,0.01665408355275111,-0.513593026119455,0.0,-1.3326482102528514,6.283185307179586,516,3.0264679651281767e-13
driven_dt2p5e-4,311,2,-1.7807710567401813,0.0,1,0.008617424510091398,0.40873255334683634,0.0,-1.7893884812502727,0.0,516,3.0264679651281767e-13
driven_dt2p5e-4,311,3,-1.9776322153425845,0.0,1,0.014616574418608641,0.36930796302219837,0.0,-1.9922487897611931,0.0,516,3.0264679651281767e-13
driven_dt2p5e-4,311,4,-2.320247394247764,0.0,1,0.005460606184338079,0.3143043817330145,0.0,-2.314786788063426,0.0,516,3.0264679651281767e-13
driven_dt2p5e-4,311,5,-2.9438533246558065,0.18042077961838413,1,0.2494713582215416,0.25012837333808924,0.0,-2.7715619991202614,0.0,516,3.0264679651281767e-13
driven_dt2p5e-4,312,0,-0.9226805184503813,0.0,1,0.00726194423229598,0.6281531760540112,0.0,-0.9299424626826773,0.0,516,2.6689761511988763e-13
driven_dt2p5e-4,312,1,-1.3493022938056025,6.283185307179586,1,1.6405143189941025,-0.22426916783516926,0.0,-2.989816612799705,6.283185307179586,516,2.6689761511988763e-13
driven_dt2p5e-4,312,2,-1.7807710567401813,0.0,1,0.03740833277401312,0.40289081077276995,0.0,-1.8181793895141944,0.0,516,2.6689761511988763e-13
driven_dt2p5e-4,312,3,-1.9776322153425845,0.0,1,0.11764561293605125,0.35076495835443594,0.0,-2.0952778282786357,0.0,516,2.6689761511988763e-13
driven_dt2p5e-4,312,4,-2.320247394247764,0.0,1,0.2249695659691282,0.35076495835443594,0.0,-2.0952778282786357,0.0,516,2.6689761511988763e-13
driven_dt2p5e-4,312,5,-2.9438533246558065,0.18042077961838413,1,0.21289413075345745,0.21687505835800946,0.0,-3.056867718390254,0.0,516,2.6689761511988763e-13
driven_dt2p5e-4,313,0,-0.9226805184503813,0.0,1,0.018652800696290384,0.6245857433927727,0.0,-0.9413333191466717,0.0,517,4.118927421359331e-14
driven_dt2p5e-4,313,1,-1.3493022938056025,6.283185307179586,0,2.3479092364162097,nan,nan,nan,nan,517,4.118927421359331e-14
driven_dt2p5e-4,313,2,-1.7807710567401813,0.0,1,0.0400615246720899,0.4023566918136488,0.0,-1.8208325814122712,0.0,517,4.118927421359331e-14
driven_dt2p5e-4,313,3,-1.9776322153425845,0.0,1,0.07427281763635563,0.35845486857042536,0.0,-2.05190503297894,0.0,517,4.118927421359331e-14
driven_dt2p5e-4,313,4,-2.320247394247764,0.0,1,0.17068626608117432,0.2878065199999274,0.0,-2.4909336603289383,0.0,517,4.118927421359331e-14
driven_dt2p5e-4,313,5,-2.9438533246558065,0.18042077961838413,1,0.06618554825571216,0.22828461753259935,0.013098055826539834,-2.951037614653827,0.11462630587526838,517,4.118927421359331e-14
driven_dt2p5e-4,314,0,-0.9226805184503813,0.0,1,0.00045609372428923045,0.6305819143411812,0.0,-0.9222244247260921,0.0,516,6.283862319378386e-13
driven_dt2p5e-4,314,1,-1.3493022938056025,6.283185307179586,1,1.4719459957527732,-0.24399094994181764,0.0,-2.8212482895583757,6.283185307179586,516,6.283862319378386e-13
driven_dt2p5e-4,314,2,-1.7807710567401813,0.0,1,0.03203795961059552,0.403974101539769,0.0,-1.8128090163507768,0.0,516,6.283862319378386e-13
driven_dt2p5e-4,314,3,-1.9776322153425845,0.0,1,0.018131646447362648,0.36865946102652863,0.0,-1.9957638617899471,0.0,516,6.283862319378386e-13
driven_dt2p5e-4,314,4,-2.320247394247764,0.0,1,0.13836615868524582,0.33590039118353354,0.0,-2.181881235562518,0.0,516,6.283862319378386e-13
driven_dt2p5e-4,314,5,-2.9438533246558065,0.18042077961838413,1,0.26917908526578843,0.2535879485429302,0.0,-2.7440891581333267,0.0,516,6.283862319378386e-13
driven_dt2p5e-4,315,0,-0.9226805184503813,0.0,1,0.026507933515248605,0.6221374524670159,0.0,-0.94918845196563,0.0,517,2.220446049250313e-13
driven_dt2p5e-4,315,1,-1.3493022938056025,6.283185307179586,1,1.0865847545152836,-0.29583792533545766,0.0,-2.435887048320886,6.283185307179586,517,2.220446049250313e-13
driven_dt2p5e-4,315,2,-1.7807710567401813,0.0,1,0.08351875611452202,0.4090478894415165,0.017056538789049558,-1.7861088558245173,0.08334800851761409,517,2.220446049250313e-13
driven_dt2p5e-4,315,3,-1.9776322153425845,0.0,1,0.20887337734842873,0.4090478894415165,0.017056538789049558,-1.7861088558245173,0.08334800851761409,517,2.220446049250313e-13
driven_dt2p5e-4,315,4,-2.320247394247764,0.0,1,0.0036146234426333024,0.31288142038133104,0.0,-2.3238620176903972,0.0,517,2.220446049250313e-13
driven_dt2p5e-4,315,5,-2.9438533246558065,0.18042077961838413,1,0.184747866713864,0.23408960197974868,0.0,-2.9041026449481824,0.0,517,2.220446049250313e-13
driven_dt2p5e-4,316,0,-0.9226805184503813,0.0,1,0.00822132593221081,0.627851928981595,0.0,-0.9309018443825922,0.0,516,4.571898415406395e-13
driven_dt2p5e-4,316,1,-1.3493022938056025,6.283185307179586,0,2.7756049416175124,nan,nan,nan,nan,516,4.571898415406395e-13
driven_dt2p5e-4,316,2,-1.7807710567401813,0.0,1,0.0013214527566196566,0.41076877994928307,0.0,-1.7794496039835617,0.0,516,4.571898415406395e-13
driven_dt2p5e-4,316,3,-1.9776322153425845,0.0,1,0.014752928126662512,0.36928278562538003,0.0,-1.992385143469247,0.0,516,4.571898415406395e-13
driven_dt2p5e-4,316,4,-2.320247394247764,0.0,1,0.08922490641920033,0.2997710835800695,0.0,-2.4094723006669643,0.0,516,4.571898415406395e-13
driven_dt2p5e-4,316,5,-2.9438533246558065,0.18042077961838413,1,0.0706363938807583,0.22638942966000888,0.02846089284096285,-2.9553161927702645,0.2501208714050394,516,4.571898415406395e-13
driven_dt2p5e-4,317,0,-0.9226805184503813,0.0,1,0.0014154722741455128,0.6308844702830729,0.0,-0.9212650461762358,0.0,516,1.1466383398328617e-12
driven_dt2p5e-4,317,1,-1.3493022938056025,6.283185307179586,1,0.992589871885811,-0.31007344728318176,0.0,-2.3418921656914136,6.283185307179586,516,1.1466383398328617e-12
driven_dt2p5e-4,317,2,-1.7807710567401813,0.0,1,0.026754759501291803,0.40504265026629604,0.0,-1.8075258162414731,0.0,516,1.1466383398328617e-12
driven_dt2p5e-4,317,3,-1.9776322153425845,0.0,1,0.05254984425172027,0.3819211193504153,0.0,-1.9250823710908642,0.0,516,1.1466383398328617e-12
driven_dt2p5e-4,317,4,-2.320247394247764,0.0,1,0.08289577294632489,0.3267121370404017,0.0,-2.237351621301439,0.0,516,1.1466383398328617e-12
driven_dt2p5e-4,317,5,-2.9438533246558065,0.18042077961838413,1,0.2596771587006766,0.2219656187324317,0.049574991827312634,-2.961786685711562,0.43947795730721073,516,1.1466383398328617e-12
driven_dt2p5e-4,318,0,-0.9226805184503813,0.0,1,0.019663828217871715,0.6242700864958686,0.0,-0.9423443466682531,0.0,516,9.257039579324555e-13
driven_dt2p5e-4,318,1,-1.3493022938056025,6.283185307179586,1,0.11893029830806845,-0.4799293871256601,0.0,-1.468232592113671,6.283185307179586,516,9.257039579324555e-13
driven_dt2p5e-4,318,2,-1.7807710567401813,0.0,1,0.051802826120529444,0.40000151618039337,0.0,-1.8325738828607108,0.0,516,9.257039579324555e-13
driven_dt2p5e-4,318,3,-1.9776322153425845,0.0,1,0.08604453813969437,0.35635125018244557,0.0,-2.063676753482279,0.0,516,9.257039579324555e-13
driven_dt2p5e-4,318,4,-2.320247394247764,0.0,1,0.2565706407654851,0.35635125018244557,0.0,-2.063676753482279,0.0,516,9.257039579324555e-13
driven_dt2p5e-4,318,5,-2.9438533246558065,0.18042077961838413,1,0.31690998160211603,0.26141203394814233,0.0,-2.683314884649446,0.0,516,9.257039579324555e-13
driven_dt2p5e-4,319,0,-0.9226805184503813,0.0,1,0.00528195807944376,0.6287753512730039,0.0,-0.9279624765298251,0.0,516,7.369660437461789e-13
driven_dt2p5e-4,319,1,-1.3493022938056025,6.283185307179586,1,2.126572965785112,-0.17588276219495905,0.0,-3.475875259590714,6.283185307179586,516,7.369660437461789e-13
driven_dt2p5e-4,319,2,-1.7807710567401813,0.0,1,0.026252883631033397,0.4051443035863968,0.0,-1.8070239403712147,0.0,516,7.369660437461789e-13
driven_dt2p5e-4,319,3,-1.9776322153425845,0.0,1,0.17060827497136977,0.4051443035863968,0.0,-1.8070239403712147,0.0,516,7.369660437461789e-13
driven_dt2p5e-4,319,4,-2.320247394247764,0.0,1,0.08252618301022796,0.3266517678596084,0.0,-2.237721211237536,0.0,516,7.369660437461789e-13
driven_dt2p5e-4,319,5,-2.9438533246558065,0.18042077961838413,1,0.241606590229265,0.2486819766171131,0.0,-2.783160802352787,0.0,516,7.369660437461789e-13
driven_dt2p5e-4,320,0,-0.9226805184503813,0.0,1,0.0029877494727057474,0.6294970360290105,0.0,-0.9256682679230871,0.0,517,1.1448619829934614e-12
driven_dt2p5e-4,320,1,-1.3493022938056025,6.283185307179586,1,2.1077549619729803,-0.17672221852683972,0.1076696074751414,-3.150668567681054,5.188785687723425,517,1.1448619829934614e-12
driven_dt2p5e-4,320,2,-1.7807710567401813,0.0,1,0.0158829425684488,0.40725042021936486,0.0,-1.7966539993086301,0.0,517,1.1448619829934614e-12
driven_dt2p5e-4,320,3,-1.9776322153425845,0.0,1,0.1730658323295864,0.3411786550348161,0.0,-2.150698047672171,0.0,517,1.1448619829934614e-12
driven_dt2p5e-4,320,4,-2.320247394247764,0.0,1,0.16954934657559306,0.3411786550348161,0.0,-2.150698047672171,0.0,517,1.1448619829934614e-12
driven_dt2p5e-4,320,5,-2.9438533246558065,0.18042077961838413,1,0.3170605057111417,0.2614359635903065,0.0,-2.6831318131464963,0.0,517,1.1448619829934614e-12
driven_dt2p5e-4,321,0,-0.9226805184503813,0.0,1,0.0142814769477565,0.6259523695866567,0.0,-0.9369619953981378,0.0,516,1.2352341371979492e-12
driven_dt2p5e-4,321,1,-1.3493022938056025,6.283185307179586,1,1.0404926180128038,-0.3027349962754695,0.0,-2.3897949118184063,6.283185307179586,516,1.2352341371979492e-12
driven_dt2p5e-4,321,2,-1.7807710567401813,0.0,1,0.035976704269106374,0.4031793090005566,0.0,-1.8167477610092877,0.0,516,1.2352341371979492e-12
driven_dt2p5e-4,321,3,-1.9776322153425845,0.0,1,0.1608844543332968,0.4031793090005566,0.0,-1.8167477610092877,0.0,516,1.2352341371979492e-12
driven_dt2p5e-4,321,4,-2.320247394247764,0.0,1,0.11324615301007945,0.3317078654997472,0.0,-2.2070012412376845,0.0,516,1.2352341371979492e-12
driven_dt2p5e-4,321,5,-2.9438533246558065,0.18042077961838413,1,0.2246304975242534,0.25311212703732444,0.009257645137439072,-2.7465085405253573,0.0731179530270029,516,1.2352341371979492e-12
driven_dt2p5e-4,322,0,-0.9226805184503813,0.0,1,0.0023536556510022066,0.6311804823674174,0.0,-0.9203268627993791,0.0,516,7.607248164731573e-13
driven_dt2p5e-4,322,1,-1.3493022938056025,6.283185307179586,1,1.807400307575285,-0.2063149693027151,0.0,-3.1567026013808874,6.283185307179586,516,7.607248164731573e-13
driven_dt2p5e-4,322,2,-1.7807710567401813,0.0,1,0.060260202556829956,0.39831360582024516,0.0,-1.8410312592970113,0.0,516,7.607248164731573e-13
driven_dt2p5e-4,322,3,-1.9776322153425845,0.0,1,0.058083357757270804,0.361368239494321,0.0,-2.0357155730998553,0.0,516,7.607248164731573e-13
driven_dt2p5e-4,322,4,-2.320247394247764,0.0,1,0.23433487299312744,0.2872804071724743,0.02357253290917397,-2.4878827140421027,0.16374135781211457,516,7.607248164731573e-13
driven_dt2p5e-4,322,5,-2.9438533246558065,0.18042077961838413,1,0.2346525446314932,0.24736019318434876,0.0,-2.793819465197585,0.0,516,7.607248164731573e-13
driven_dt2p5e-4,323,0,-0.9226805184503813,0.0,1,0.004372995629334908,0.6318180881897768,0.0,-0.9183075228210464,0.0,516,1.9317880628477724e-13
driven_dt2p5e-4,323,1,-1.3493022938056025,6.283185307179586,0,2.3582693977232285,nan,nan,nan,nan,516,1.9317880628477724e-13
driven_dt2p5e-4,323,2,-1.7807710567401813,0.0,1,0.03775558715985383,0.4028208640447448,0.0,-1.8185266439000352,0.0,516,1.9317880628477724e-13
driven_dt2p5e-4,323,3,-1.9776322153425845,0.0,1,0.1428008433479926,0.346380800601472,0.0,-2.120433058690577,0.0,516,1.9317880628477724e-13
driven_dt2p5e-4,323,4,-2.320247394247764,0.0,1,0.19981433555718686,0.346380800601472,0.0,-2.120433058690577,0.0,516,1.9317880628477724e-13
driven_dt2p5e-4,323,5,-2.9438533246558065,0.18042077961838413,1,0.1955024308449237,0.22100391882563405,0.0,-3.0191496907578212,0.0,516,1.9317880628477724e-13
driven_dt2p5e-4,324,0,-0.9226805184503813,0.0,1,0.00897619753818224,0.6332739560753452,0.0,-0.9137043209121991,0.0,516,4.312106227644108e-13
driven_dt2p5e-4,324,1,-1.3493022938056025,6.283185307179586,1,2.2275610895044786,-0.16573634210260688,0.07516151540423846,-3.4076847242967045,5.431663036584199,516,4.312106227644108e-13
driven_dt2p5e-4,324,2,-1.7807710567401813,0.0,1,0.030241801747245,0.4167517211205275,0.0,-1.7505292549929363,0.0,516,4.312106227644108e-13
driven_dt2p5e-4,324,3,-1.9776322153425845,0.0,1,0.16092213840020175,0.34325654153639157,0.0,-2.1385543537427862,0.0,516,4.312106227644108e-13
driven_dt2p5e-4,324,4,-2.320247394247764,0.0,1,0.1816930405049777,0.34325654153639157,0.0,-2.1385543537427862,0.0,516,4.312106227644108e-13
driven_dt2p5e-4,324,5,-2.9438533246558065,0.18042077961838413,1,0.22208545560490184,0.2448335758517705,0.0,-2.814353162983586,0.0,516,4.312106227644108e-13
driven_dt2p5e-4,325,0,-0.9226805184503813,0.0,1,0.02001088619400604,0.6367776030704517,0.0,-0.9026696322563753,0.0,517,4.936051567483446e-13
driven_dt2p5e-4,325,1,-1.3493022938056025,6.283185307179586,1,0.6675719792916583,-0.3647886491449151,0.0,-2.016874273097261,6.283185307179586,517,4.936051567483446e-13
driven_dt2p5e-4,325,2,-1.7807710567401813,0.0,1,0.04572093004345068,0.4199897119556769,0.0,-1.7350501266967306,0.0,517,4.936051567483446e-13
driven_dt2p5e-4,325,3,-1.9776322153425845,0.0,1,0.03781025930147819,0.3791167863279701,0.0,-1.9398219560411063,0.0,517,4.936051567483446e-13
driven_dt2p5e-4,325,4,-2.320247394247764,0.0,1,0.17411752385443652,0.3247083948592864,0.02542949950146632,-2.2435410029767766,0.15631072148570765,517,4.936051567483446e-13
driven_dt2p5e-4,325,5,-2.9438533246558065,0.18042077961838413,1,0.4111976762437148,0.2760493664187705,0.0,-2.574351130846182,0.0,517,4.936051567483446e-13
driven_dt2p5e-4,326,0,-0.9226805184503813,0.0,1,0.0007036701375568999,0.6302163572832977,0.0,-0.9233841885879382,0.0,516,3.6148861681795097e-13
driven_dt2p5e-4,326,1,-1.3493022938056025,6.283185307179586,0,2.2602422659292096,nan,nan,nan,nan,516,3.6148861681795097e-13
driven_dt2p5e-4,326,2,-1.7807710567401813,0.0,1,0.07999655223896274,0.39440230794250775,0.0,-1.860767608979144,0.0,516,3.6148861681795097e-13
driven_dt2p5e-4,326,3,-1.9776322153425845,0.0,1,0.11686460636344043,0.39440230794250775,0.0,-1.860767608979144,0.0,516,3.6148861681795097e-13
driven_dt2p5e-4,326,4,-2.320247394247764,0.0,1,0.09897799729177281,0.3293498568702648,0.0,-2.221269396955991,0.0,516,3.6148861681795097e-13
driven_dt2p5e-4,326,5,-2.9438533246558065,0.18042077961838413,1,0.2149508496629403,0.2432889794839853,0.0,-2.827010652430654,0.0,516,3.6148861681795097e-13
driven_dt2p5e-4,327,0,-0.9226805184503813,0.0,1,0.001539789068148223,0.6309236862692276,0.0,-0.9211407293822331,0.0,516,4.154454558147336e-13
driven_dt2p5e-4,327,1,-1.3493022938056025,6.283185307179586,1,1.147166770150714,-0.2870110586801816,0.0,-2.4964690639563165,6.283185307179586,516,4.154454558147336e-13
driven_dt2p5e-4,327,2,-1.7807710567401813,0.0,1,0.008600665143264186,0.4087359784105847,0.0,-1.7893717218834455,0.0,516,4.154454558147336e-13
driven_dt2p5e-4,327,3,-1.9776322153425845,0.0,1,0.04127212424810445,0.3644185643939469,0.0,-2.018904339590689,0.0,516,4.154454558147336e-13
driven_dt2p5e-4,327,4,-2.320247394247764,0.0,1,0.23823257724457259,0.27824869308516675,0.0,-2.5584799714923365,0.0,516,4.154454558147336e-13
driven_dt2p5e-4,327,5,-2.9438533246558065,0.18042077961838413,1,0.36886221571255584,0.2557241619641585,0.056819889069582866,-2.679122469699071,0.43728048571151984,516,4.154454558147336e-13
driven_dt2p5e-4,328,0,-0.9226805184503813,0.0,1,0.008840333770418707,0.6332309380436603,0.0,-0.9138401846799626,0.0,516,2.3097079804301757e-12
driven_dt2p5e-4,328,1,-1.3493022938056025,6.283185307179586,1,2.0218151667943935,-0.1853408474734604,0.0,-3.371117460599996,6.283185307179586,516,2.3097079804301757e-12
driven_dt2p5e-4,328,2,-1.7807710567401813,0.0,1,0.06416974785668828,0.39753575378712297,0.0,-1.8449408045968696,0.0,516,2.3097079804301757e-12
driven_dt2p5e-4,328,3,-1.9776322153425845,0.0,1,0.1326914107457149,0.39753575378712297,0.0,-1.8449408045968696,0.0,516,2.3097079804301757e-12
driven_dt2p5e-4,328,4,-2.320247394247764,0.0,1,0.09344660284386608,0.3284402333368651,0.0,-2.226800791403898,0.0,516,2.3097079804301757e-12
driven_dt2p5e-4,328,5,-2.9438533246558065,0.18042077961838413,1,0.18075587632893397,0.22822408040734482,0.0,-2.9548546477278443,0.0,516,2.3097079804301757e-12
driven_dt2p5e-4,329,0,-0.9226805184503813,0.0,1,0.014045577416517463,0.6348811452031332,0.0,-0.9086349410338639,0.0,516,5.146993942162226e-13
driven_dt2p5e-4,329,1,-1.3493022938056025,6.283185307179586,0,2.541867281540793,nan,nan,nan,nan,516,5.146993942162226e-13
driven_dt2p5e-4,329,2,-1.7807710567401813,0.0,1,0.05315691902921604,0.3997307882301725,0.0,-1.8339279757693974,0.0,516,5.146993942162226e-13
driven_dt2p5e-4,329,3,-1.9776322153425845,0.0,1,0.14370423957318712,0.3997307882301725,0.0,-1.8339279757693974,0.0,516,5.146993942162226e-13
driven_dt2p5e-4,329,4,-2.320247394247764,0.0,1,0.08792621020535218,0.3275349238045045,0.0,-2.2323211840424118,0.0,516,5.146993942162226e-13
driven_dt2p5e-4,329,5,-2.9438533246558065,0.18042077961838413,1,0.188708207261222,0.22322359035294545,0.0,-2.999162725028969,0.0,516,5.146993942162226e-13
driven_dt2p5e-4,330,0,-0.9226805184503813,0.0,1,0.0004943839782022286,0.6305939870275539,0.0,-0.9221861344721791,0.0,516,5.988542994828094e-13
driven_dt2p5e-4,330,1,-1.3493022938056025,6.283185307179586,1,1.098886742706058,-0.8823135603531647,0.0,-0.25041555109954444,6.283185307179586,516,5.988542994828094e-13
driven_dt2p5e-4,330,2,-1.7807710567401813,0.0,1,0.13168120459231947,0.38434060372620665,0.0,-1.9124522613325008,0.0,516,5.988542994828094e-13
driven_dt2p5e-4,330,3,-1.9776322153425845,0.0,1,0.0651799540100837,0.38434060372620665,0.0,-1.9124522613325008,0.0,516,5.988542994828094e-13
driven_dt2p5e-4,330,4,-2.320247394247764,0.0,1,0.06478632215477065,0.30345654503160624,0.0,-2.3850337164025346,0.0,516,5.988542994828094e-13
driven_dt2p5e-4,330,5,-2.9438533246558065,0.18042077961838413,1,0.20585533485350635,0.2183869850916866,0.0,-3.042973257916194,0.0,516,5.988542994828094e-13
driven_dt2p5e-4,331,0,-0.9226805184503813,0.0,1,0.013642392611896592,0.6347531708876484,0.0,-0.9090381258384848,0.0,516,4.96269692007445e-14
driven_dt2p5e-4,331,1,-1.3493022938056025,6.283185307179586,0,2.2625913363657877,nan,nan,nan,nan,516,4.96269692007445e-14
driven_dt2p5e-4,331,2,-1.7807710567401813,0.0,1,0.048529817424008526,0.40065665632456726,0.0,-1.8293008741641898,0.0,516,4.96269692007445e-14
driven_dt2p5e-4,331,3,-1.9776322153425845,0.0,1,0.14833134117839464,0.40065665632456726,0.0,-1.8293008741641898,0.0,516,4.96269692007445e-14
driven_dt2p5e-4,331,4,-2.320247394247764,0.0,1,0.0774380286331513,0.3258217967513367,0.0,-2.2428093656146126,0.0,516,4.96269692007445e-14
driven_dt2p5e-4,331,5,-2.9438533246558065,0.18042077961838413,1,0.2967565828124302,0.2581741614209479,0.0,-2.7082417550663545,0.0,516,4.96269692007445e-14
driven_dt2p5e-4,332,0,-0.9226805184503813,0.0,1,0.009506955883669677,0.6334420360954105,0.0,-0.9131735625667117,0.0,517,4.418687638008123e-13
driven_dt2p5e-4,332,1,-1.3493022938056025,6.283185307179586,1,2.0754087873626044,-0.18035810689852383,0.029434986864425954,-3.3993351613992835,5.959631793139724,517,4.418687638008123e-13
driven_dt2p5e-4,332,2,-1.7807710567401813,0.0,1,0.0005589116711202102,0.4103827639394897,0.0,-1.7813299684113015,0.0,517,4.418687638008123e-13
driven_dt2p5e-4,332,3,-1.9776322153425845,0.0,1,0.19470855055441305,0.33750654274427333,0.0,-2.1723407658969975,0.0,517,4.418687638008123e-13
driven_dt2p5e-4,332,4,-2.320247394247764,0.0,1,0.1479066283507664,0.33750654274427333,0.0,-2.1723407658969975,0.0,517,4.418687638008123e-13
driven_dt2p5e-4,332,5,-2.9438533246558065,0.18042077961838413,1,0.14887755803344804,0.2132391192834614,0.01455231935281533,-3.086035783861743,0.13627697393565083,517,4.418687638008123e-13
driven_dt2p5e-4,333,0,-0.9226805184503813,0.0,1,0.020923424901721277,0.6370682114687671,0.0,-0.9017570935486601,0.0,516,3.0597746558669314e-13
driven_dt2p5e-4,333,1,-1.3493022938056025,6.283185307179586,1,0.06850686071638079,-0.5270827528197797,0.0,-1.2807954330892217,6.283185307179586,516,3.0597746558669314e-13
driven_dt2p5e-4,333,2,-1.7807710567401813,0.0,1,0.008507146248923014,0.40875509112582037,0.0,-1.7892782029891043,0.0,516,3.0597746558669314e-13
driven_dt2p5e-4,333,3,-1.9776322153425845,0.0,1,0.18538111717244465,0.3390842537799981,0.0,-2.163013332515029,0.0,516,3.0597746558669314e-13
driven_dt2p5e-4,333,4,-2.320247394247764,0.0,1,0.1572340617327348,0.3390842537799981,0.0,-2.163013332515029,0.0,516,3.0597746558669314e-13
driven_dt2p5e-4,333,5,-2.9438533246558065,0.18042077961838413,1,0.2798896222314852,0.2553965839172384,0.0,-2.729875421790165,0.0,516,3.0597746558669314e-13
driven_dt2p5e-4,334,0,-0.9226805184503813,0.0,1,0.012825266114501521,0.6264082948581915,0.0,-0.9355057845648829,0.0,516,6.3815619455454e-13
driven_dt2p5e-4,334,1,-1.3493022938056025,6.283185307179586,1,2.119092060952923,-0.17654187521974368,0.0,-3.4683943547585256,6.283185307179586,516,6.3815619455454e-13
driven_dt2p5e-4,334,2,-1.7807710567401813,0.0,1,0.025643962927410335,0.4157947429290682,0.0,-1.755127093812771,0.0,516,6.3815619455454e-13
driven_dt2p5e-4,334,3,-1.9776322153425845,0.0,1,0.06652544083164336,0.38459925332751105,0.0,-1.9111067745109411,0.0,516,6.3815619455454e-13
driven_dt2p5e-4,334,4,-2.320247394247764,0.0,1,0.012643316457211728,0.3114721485979466,0.0,-2.3328907107049757,0.0,516,6.3815619455454e-13
driven_dt2p5e-4,334,5,-2.9438533246558065,0.18042077961838413,1,0.23508009924603776,0.25450422020287355,0.032530316862618404,-2.7206702051775897,0.25425808889695267,516,6.3815619455454e-13
driven_dt2p5e-4,335,0,-0.9226805184503813,0.0,1,0.010133129263672935,0.6336403894150714,0.0,-0.9125473891867084,0.0,517,1.3322676295501878e-14
driven_dt2p5e-4,335,1,-1.3493022938056025,6.283185307179586,1,1.9270938124270447,-0.19432989914065768,0.0,-3.276396106232647,6.283185307179586,517,1.3322676295501878e-14
driven_dt2p5e-4,335,2,-1.7807710567401813,0.0,1,0.06260205632939986,0.39784748266134395,0.0,-1.8433731130695812,0.0,517,1.3322676295501878e-14
driven_dt2p5e-4,335,3,-1.9776322153425845,0.0,1,0.1342591022730033,0.39784748266134395,0.0,-1.8433731130695812,0.0,517,1.3322676295501878e-14
driven_dt2p5e-4,335,4,-2.320247394247764,0.0,1,0.0735166469171955,0.3251835868037776,0.0,-2.2467307473305684,0.0,517,1.3322676295501878e-14
driven_dt2p5e-4,335,5,-2.9438533246558065,0.18042077961838413,1,0.3147282575826622,0.2610648220595958,0.0,-2.685973084228369,0.0,517,1.3322676295501878e-14
driven_dt2p5e-4,336,0,-0.9226805184503813,0.0,1,0.007592893674456813,0.628049241181942,0.0,-0.9302734121248382,0.0,516,1.6868728636154628e-12
driven_dt2p5e-4,336,1,-1.3493022938056025,6.283185307179586,1,0.8185234824903275,-0.7669072537991269,0.0,-0.530778811315275,6.283185307179586,516,1.6868728636154628e-12
driven_dt2p5e-4,336,2,-1.7807710567401813,0.0,1,0.027844465242764294,0.40482202172603265,0.0,-1.8086155219829456,0.0,516,1.6868728636154628e-12
driven_dt2p5e-4,336,3,-1.9776322153425845,0.0,1,0.08427187607881148,0.35666723536626965,0.0,-2.061904091421396,0.0,516,1.6868728636154628e-12
driven_dt2p5e-4,336,4,-2.320247394247764,0.0,1,0.25834330282636797,0.35666723536626965,0.0,-2.061904091421396,0.0,516,1.6868728636154628e-12
driven_dt2p5e-4,336,5,-2.9438533246558065,0.18042077961838413,1,0.3986084507330806,0.27411513716848296,0.0,-2.5884141044257913,0.0,516,1.6868728636154628e-12
driven_dt2p5e-4,337,0,-0.9226805184503813,0.0,1,0.003055353255370208,0.6294757581982222,0.0,-0.9257358717057516,0.0,515,1.1224354778960333e-13
driven_dt2p5e-4,337,1,-1.3493022938056025,6.283185307179586,0,2.3290567579071917,nan,nan,nan,nan,515,1.1224354778960333e-13
driven_dt2p5e-4,337,2,-1.7807710567401813,0.0,1,0.003159156429603849,0.4111463890539552,0.0,-1.7776119003105775,0.0,515,1.1224354778960333e-13
driven_dt2p5e-4,337,3,-1.9776322153425845,0.0,1,0.17300512714909955,0.34118901084789427,0.0,-2.150637342491684,0.0,515,1.1224354778960333e-13
driven_dt2p5e-4,337,4,-2.320247394247764,0.0,1,0.1696100517560799,0.34118901084789427,0.0,-2.150637342491684,0.0,515,1.1224354778960333e-13
driven_dt2p5e-4,337,5,-2.9438533246558065,0.18042077961838413,1,0.12746603132946788,0.23676329584701042,0.03313851297203573,-2.861988065785324,0.27812271682002704,515,1.1224354778960333e-13
driven_dt2p5e-4,338,0,-0.9226805184503813,0.0,1,0.019415438105500837,0.6365880472862336,0.0,-0.9032650803448805,0.0,516,6.163958232718869e-13
driven_dt2p5e-4,338,1,-1.3493022938056025,6.283185307179586,0,2.551404233752002,nan,nan,nan,nan,516,6.163958232718869e-13
driven_dt2p5e-4,338,2,-1.7807710567401813,0.0,1,0.02418515979259306,0.41549157217190946,0.0,-1.7565858969475883,0.0,516,6.163958232718869e-13
driven_dt2p5e-4,338,3,-1.9776322153425845,0.0,1,0.07649933773443651,0.358056037128608,0.0,-2.054131553077021,0.0,516,6.163958232718869e-13
driven_dt2p5e-4,338,4,-2.320247394247764,0.0,1,0.26611584117074294,0.358056037128608,0.0,-2.054131553077021,0.0,516,6.163958232718869e-13
driven_dt2p5e-4,338,5,-2.9438533246558065,0.18042077961838413,1,0.2623394912589255,0.25240943190366294,0.0,-2.753405560279623,0.0,516,6.163958232718869e-13
driven_dt2p5e-4,339,0,-0.9226805184503813,0.0,1,0.005374396787323099,0.6321345190843076,0.0,-0.9173061216630582,0.0,516,1.1757261830780408e-12
driven_dt2p5e-4,339,1,-1.3493022938056025,6.283185307179586,1,1.7295086296506288,-0.21450859709331602,0.0,-3.0788109234562313,6.283185307179586,516,1.1757261830780408e-12
driven_dt2p5e-4,339,2,-1.7807710567401813,0.0,1,0.014475110887057774,0.4134792393444055,0.0,-1.7662959458531236,0.0,516,1.1757261830780408e-12
driven_dt2p5e-4,339,3,-1.9776322153425845,0.0,1,0.18105591654211395,0.3398183509874118,0.0,-2.1586881318846984,0.0,516,1.1757261830780408e-12
driven_dt2p5e-4,339,4,-2.320247394247764,0.0,1,0.1615592623630655,0.3398183509874118,0.0,-2.1586881318846984,0.0,516,1.1757261830780408e-12
driven_dt2p5e-4,339,5,-2.9438533246558065,0.18042077961838413,1,0.3765008251320884,0.19453276026274735,0.0,-3.2743093937588537,0.0,516,1.1757261830780408e-12
driven_dt2p5e-4,340,0,-0.9226805184503813,0.0,1,0.013465881589108109,0.6346971528939273,0.0,-0.9092146368612732,0.0,516,1.9761969838327786e-14
driven_dt2p5e-4,340,1,-1.3493022938056025,6.283185307179586,1,1.7321688625031488,-0.2142234653559901,0.0,-3.0814711563087513,6.283185307179586,516,1.9761969838327786e-14
driven_dt2p5e-4,340,2,-1.7807710567401813,0.0,1,0.04619427591644465,0.4200891239177004,0.0,-1.7345767808237367,0.0,516,1.9761969838327786e-14
driven_dt2p5e-4,340,3,-1.9776322153425845,0.0,1,0.026587175025757137,0.36710414579206946,0.0,-2.0042193903683416,0.0,516,1.9761969838327786e-14
driven_dt2p5e-4,340,4,-2.320247394247764,0.0,1,0.1688352057545326,0.288073016921834,0.0,-2.4890826000022965,0.0,516,1.9761969838327786e-14
driven_dt2p5e-4,340,5,-2.9438533246558065,0.18042077961838413,1,0.3492256014069713,0.19761559704133136,0.0,-3.242863128775931,0.0,516,1.9761969838327786e-14
driven_dt2p5e-4,341,0,-0.9226805184503813,0.0,1,0.023741156759882087,0.6379663877228009,0.0,-0.8989393616904993,0.0,516,1.0307310560619953e-12
driven_dt2p5e-4,341,1,-1.3493022938056025,6.283185307179586,1,0.6338219897387463,-0.3709966886923151,0.0,-1.9831242835443488,6.283185307179586,516,1.0307310560619953e-12
driven_dt2p5e-4,341,2,-1.7807710567401813,0.0,1,0.018577133164852544,0.4067021844389231,0.0,-1.7993481899050339,0.0,516,1.0307310560619953e-12
driven_dt2p5e-4,341,3,-1.9776322153425845,0.0,1,0.16165798683350774,0.3431302723724018,0.0,-2.1392902021760922,0.0,516,1.0307310560619953e-12
driven_dt2p5e-4,341,4,-2.320247394247764,0.0,1,0.1809571920716717,0.3431302723724018,0.0,-2.1392902021760922,0.0,516,1.0307310560619953e-12
driven_dt2p5e-4,341,5,-2.9438533246558065,0.18042077961838413,1,0.18293023664918975,0.23297397305748754,0.0,-2.913657070543367,0.0,516,1.0307310560619953e-12
driven_dt2p5e-4,342,0,-0.9226805184503813,0.0,1,0.00404651937303202,0.6291638779641778,0.0,-0.9267270378234134,0.0,517,1.8471890683713355e-12
driven_dt2p5e-4,342,1,-1.3493022938056025,6.283185307179586,1,1.344139793753618,-0.2600916932533823,0.0,-2.6934420875592204,6.283185307179586,517,1.8471890683713355e-12
driven_dt2p5e-4,342,2,-1.7807710567401813,0.0,1,0.004892659431191326,0.4094944789957805,0.0,-1.7856637161713727,0.0,517,1.8471890683713355e-12
driven_dt2p5e-4,342,3,-1.9776322153425845,0.0,1,0.11575664779003314,0.3941838777417691,0.0,-1.8618755675525513,0.0,517,1.8471890683713355e-12
driven_dt2p5e-4,342,4,-2.320247394247764,0.0,1,0.35388571653861867,0.2626149060507802,0.0,-2.6741331107863826,0.0,517,1.8471890683713355e-12
driven_dt2p5e-4,342,5,-2.9438533246558065,0.18042077961838413,1,0.1949155375053417,0.2211738518868919,0.0,-3.0176124531951998,0.0,517,1.8471890683713355e-12
driven_dt2p5e-4,343,0,-0.9226805184503813,0.0,1,0.0029278521123976553,0.6295158889167086,0.0,-0.925608370562779,0.0,516,2.617905892066119e-13
driven_dt2p5e-4,343,1,-1.3493022938056025,6.283185307179586,1,1.3597203929852253,-1.0052226402765658,0.0,0.010418099179622829,6.283185307179586,516,2.617905892066119e-13
driven_dt2p5e-4,343,2,-1.7807710567401813,0.0,1,0.001675010801799326,0.4101538139051256,0.0,-1.7824460675419806,0.0,516,2.617905892066119e-13
driven_dt2p5e-4,343,3,-1.9776322153425845,0.0,1,0.18742437547905322,0.33873801231621187,0.0,-2.1650565908216377,0.0,516,2.617905892066119e-13
driven_dt2p5e-4,343,4,-2.320247394247764,0.0,1,0.15519080342612623,0.33873801231621187,0.0,-2.1650565908216377,0.0,516,2.617905892066119e-13
driven_dt2p5e-4,343,5,-2.9438533246558065,0.18042077961838413,1,0.21904440935713848,0.21566413462330353,0.0,-3.068066027518727,0.0,516,2.617905892066119e-13
driven_dt2p5e-4,344,0,-0.9226805184503813,0.0,1,0.0054814050034014405,0.6287126507445768,0.0,-0.9281619234537828,0.0,517,1.0891287871572786e-12
driven_dt2p5e-4,344,1,-1.3493022938056025,6.283185307179586,1,0.4263893390834854,-0.4115413341318382,0.0,-1.775691632889088,6.283185307179586,517,1.0891287871572786e-12
driven_dt2p5e-4,344,2,-1.7807710567401813,0.0,1,0.03508968477242558,0.4033581626131561,0.0,-1.815860741512607,0.0,517,1.0891287871572786e-12
driven_dt2p5e-4,344,3,-1.9776322153425845,0.0,1,0.04534778274339102,0.38054828295052984,0.0,-1.9322844325991935,0.0,517,1.0891287871572786e-12
driven_dt2p5e-4,344,4,-2.320247394247764,0.0,1,0.05361754529548168,0.3219641984760724,0.0,-2.2666298489522823,0.0,517,1.0891287871572786e-12
driven_dt2p5e-4,344,5,-2.9438533246558065,0.18042077961838413,1,0.2095037034712187,0.21758369050038423,0.0,-3.050343437107859,0.0,517,1.0891287871572786e-12
driven_dt2p5e-4,345,0,-0.9226805184503813,0.0,1,0.007071604793948416,0.6282129600601428,0.0,-0.9297521232443298,0.0,516,4.596323321948148e-13
driven_dt2p5e-4,345,1,-1.3493022938056025,6.283185307179586,1,2.1881401846965205,-0.16888723719759702,0.0933112384971825,-3.290643449976338,5.273654731495326,516,4.596323321948148e-13
driven_dt2p5e-4,345,2,-1.7807710567401813,0.0,1,0.06183507783193565,0.4233872689036651,0.0,-1.7189359789082457,0.0,516,4.596323321948148e-13
driven_dt2p5e-4,345,3,-1.9776322153425845,0.0,1,0.06701793692631419,0.3597575034128551,0.0,-2.0446501522688987,0.0,516,4.596323321948148e-13
driven_dt2p5e-4,345,4,-2.320247394247764,0.0,1,0.16575166399700603,0.2885175020693626,0.0,-2.48599905824477,0.0,516,4.596323321948148e-13
driven_dt2p5e-4,345,5,-2.9438533246558065,0.18042077961838413,1,0.2281288517837252,0.20570176641669238,0.01100186582716663,-3.1597992769677075,0.10686727055003942,516,4.596323321948148e-13
driven_dt2p5e-4,346,0,-0.9226805184503813,0.0,1,0.010289434209735937,0.627203031651207,0.0,-0.9329699526601173,0.0,517,5.4511950509095186e-14
driven_dt2p5e-4,346,1,-1.3493022938056025,6.283185307179586,1,2.0807820956449943,-0.17995612735355404,0.0,-3.4300843894505966,6.283185307179586,517,5.4511950509095186e-14
driven_dt2p5e-4,346,2,-1.7807710567401813,0.0,1,0.016308074093369207,0.40716386192326975,0.0,-1.7970791308335505,0.0,517,5.4511950509095186e-14
driven_dt2p5e-4,346,3,-1.9776322153425845,0.0,1,0.11208946958431643,0.3517407633506585,0.0,-2.089721684926901,0.0,517,5.4511950509095186e-14
driven_dt2p5e-4,346,4,-2.320247394247764,0.0,1,0.23052570932086303,0.3517407633506585,0.0,-2.089721684926901,0.0,517,5.4511950509095186e-14
driven_dt2p5e-4,346,5,-2.9438533246558065,0.18042077961838413,1,0.3035779407635723,0.25927836971132784,0.0,-2.6997060158437995,0.0,517,5.4511950509095186e-14
driven_dt2p5e-4,347,0,-0.9226805184503813,0.0,1,0.006446647394544702,0.6324735132588322,0.0,-0.9162338710558366,0.0,517,5.100364575127969e-13
driven_dt2p5e-4,347,1,-1.3493022938056025,6.283185307179586,1,1.2668516959839218,-0.2703394209409081,0.0,-2.6161539897895243,6.283185307179586,517,5.100364575127969e-13
driven_dt2p5e-4,347,2,-1.7807710567401813,0.0,1,0.10280505121392802,0.4321497951697485,0.0,-1.6779660055262533,0.0,517,5.100364575127969e-13
driven_dt2p5e-4,347,3,-1.9776322153425845,0.0,1,0.03303958531220097,0.3659217009392629,0.0,-2.0106718006547855,0.0,517,5.100364575127969e-13
driven_dt2p5e-4,347,4,-2.320247394247764,0.0,1,0.11184174521562484,0.29640024181166924,0.0,-2.432089139463389,0.0,517,5.100364575127969e-13
driven_dt2p5e-4,347,5,-2.9438533246558065,0.18042077961838413,1,0.1804412187361179,0.2291715167329013,0.0,-2.946569148816171,0.0,517,5.100364575127969e-13
driven_dt2p5e-4,348,0,-0.9226805184503813,0.0,1,0.015440553079553387,0.6255897114582873,0.0,-0.9381210715299347,0.0,516,1.1157741397482823e-13
driven_dt2p5e-4,348,1,-1.3493022938056025,6.283185307179586,1,0.3456632370322019,-0.4284921908837928,0.0,-1.6949655308378044,6.283185307179586,516,1.1157741397482823e-13
driven_dt2p5e-4,348,2,-1.7807710567401813,0.0,1,0.06100931255786479,0.3981644434039194,0.0,-1.8417803692980461,0.0,516,1.1157741397482823e-13
driven_dt2p5e-4,348,3,-1.9776322153425845,0.0,1,0.04837576014212308,0.3631265119226013,0.0,-2.0260079754847076,0.0,516,1.1157741397482823e-13
driven_dt2p5e-4,348,4,-2.320247394247764,0.0,1,0.29423941876305637,0.3631265119226013,0.0,-2.0260079754847076,0.0,516,1.1157741397482823e-13
driven_dt2p5e-4,348,5,-2.9438533246558065,0.18042077961838413,1,0.3516562219013286,0.19157354272803673,0.022886792966713625,-3.2907954510458364,0.23780770615989713,516,1.1157741397482823e-13
driven_dt2p5e-4,349,0,-0.9226805184503813,0.0,1,0.002726938388082023,0.6295791312840994,0.0,-0.9254074568384634,0.0,516,1.1368683772161603e-13
driven_dt2p5e-4,349,1,-1.3493022938056025,6.283185307179586,1,2.1143523292403543,-0.17696075192679092,0.0,-3.4636546230459566,6.283185307179586,516,1.1368683772161603e-13
driven_dt2p5e-4,349,2,-1.7807710567401813,0.0,1,0.04124260303649607,0.4021191545663403,0.0,-1.8220136597766774,0.0,516,1.1368683772161603e-13
driven_dt2p5e-4,349,3,-1.9776322153425845,0.0,1,0.1313390934418921,0.34837156461713364,0.0,-2.1089713087844766,0.0,516,1.1368683772161603e-13
driven_dt2p5e-4,349,4,-2.320247394247764,0.0,1,0.21127608546328736,0.34837156461713364,0.0,-2.1089713087844766,0.0,516,1.1368683772161603e-13
driven_dt2p5e-4,349,5,-2.9438533246558065,0.18042077961838413,1,0.24597419992637834,0.24949087726064736,0.0,-2.776665857089256,0.0,516,1.1368683772161603e-13
driven_dt2p5e-4,350,0,-0.9226805184503813,0.0,1,0.005363949887335795,0.6321312171698816,0.0,-0.9173165685630456,0.0,516,3.610445276081009e-13
driven_dt2p5e-4,350,1,-1.3493022938056025,6.283185307179586,1,0.7209769401231363,-0.3551767887580173,0.0,-2.070279233928739,6.283185307179586,516,3.610445276081009e-13
driven_dt2p5e-4,350,2,-1.7807710567401813,0.0,1,0.033469436545487063,0.4036850651850029,0.0,-1.8142404932856684,0.0,516,3.610445276081009e-13
driven_dt2p5e-4,350,3,-1.9776322153425845,0.0,1,0.12035889872415728,0.3502894182082169,0.0,-2.0979911140667418,0.0,516,3.610445276081009e-13
driven_dt2p5e-4,350,4,-2.320247394247764,0.0,1,0.008021809899702248,0.3147071383385266,0.0,-2.3122255843480617,0.0,516,3.610445276081009e-13
driven_dt2p5e-4,350,5,-2.9438533246558065,0.18042077961838413,1,0.38533311168608986,0.19552273792390726,0.045557316520832676,-3.2112894211915006,0.4578366069091779,516,3.610445276081009e-13
driven_dt2p5e-4,351,0,-0.9226805184503813,0.0,1,0.01602383759249837,0.6254072896654563,0.0,-0.9387043560428797,0.0,516,2.3714363805993344e-13
driven_dt2p5e-4,351,1,-1.3493022938056025,6.283185307179586,0,2.370421593065359,nan,nan,nan,nan,516,2.3714363805993344e-13
driven_dt2p5e-4,351,2,-1.7807710567401813,0.0,1,0.0028381677103010983,0.4110804076724824,0.0,-1.7779328890298802,0.0,516,2.3714363805993344e-13
driven_dt2p5e-4,351,3,-1.9776322153425845,0.0,1,0.051345568369614014,0.36258770400928414,0.0,-2.0289777837121985,0.0,516,2.3714363805993344e-13
driven_dt2p5e-4,351,4,-2.320247394247764,0.0,1,0.0014219901131591328,0.313224625593003,0.0,-2.321669384360923,0.0,516,2.3714363805993344e-13
driven_dt2p5e-4,351,5,-2.9438533246558065,0.18042077961838413,1,0.1842238752294869,0.22524954561378788,0.0,-2.9810927994972167,0.0,516,2.3714363805993344e-13
driven_dt2p5e-4,352,0,-0.9226805184503813,0.0,1,0.0027522716280816706,0.6313062942170005,0.0,-0.9199282468222997,0.0,516,5.786482404346316e-13
driven_dt2p5e-4,352,1,-1.3493022938056025,6.283185307179586,0,2.4064739885532553,nan,nan,nan,nan,516,5.786482404346316e-13
driven_dt2p5e-4,352,2,-1.7807710567401813,0.0,1,0.03720387409504866,0.40293200013958375,0.0,-1.81797493083523,0.0,516,5.786482404346316e-13
driven_dt2p5e-4,352,3,-1.9776322153425845,0.0,1,0.1441296725603478,0.34615073657566586,0.0,-2.1217618879029323,0.0,516,5.786482404346316e-13
driven_dt2p5e-4,352,4,-2.320247394247764,0.0,1,0.08454209722993822,0.32698118482266425,0.0,-2.2357052970178257,0.0,516,5.786482404346316e-13
driven_dt2p5e-4,352,5,-2.9438533246558065,0.18042077961838413,1,0.2115625358894788,0.24251689397146844,0.0,-2.833367810338854,0.0,516,5.786482404346316e-13
driven_dt2p5e-4,353,0,-0.9226805184503813,0.0,1,0.0015945013305493916,0.6299357115952199,0.0,-0.9242750197809307,0.0,516,1.2829737272568309e-12
driven_dt2p5e-4,353,1,-1.3493022938056025,6.283185307179586,0,2.381753682359306,nan,nan,nan,nan,516,1.2829737272568309e-12
driven_dt2p5e-4,353,2,-1.7807710567401813,0.0,1,0.021057448783956767,0.41484231119726683,0.0,-1.7597136079562246,0.0,516,1.2829737272568309e-12
driven_dt2p5e-4,353,3,-1.9776322153425845,0.0,1,0.06187826120849116,0.38370663985632997,0.0,-1.9157539541340933,0.0,516,1.2829737272568309e-12
driven_dt2p5e-4,353,4,-2.320247394247764,0.0,1,0.0836923050861782,0.32684228131352194,0.0,-2.2365550891615857,0.0,516,1.2829737272568309e-12
driven_dt2p5e-4,353,5,-2.9438533246558065,0.18042077961838413,1,0.23043034239352364,0.2465337355421785,0.0,-2.8005128733606783,0.0,516,1.2829737272568309e-12
driven_dt2p5e-4,354,0,-0.9226805184503813,0.0,1,0.001857064255403107,0.6298530181419443,0.0,-0.9245375827057845,0.0,516,6.923350781562476e-13
driven_dt2p5e-4,354,1,-1.3493022938056025,6.283185307179586,1,0.9750847194889609,-0.3127993004747873,0.0,-2.3243870132945634,6.283185307179586,516,6.923350781562476e-13
driven_dt2p5e-4,354,2,-1.7807710567401813,0.0,1,0.01059369812182398,0.4126775756940233,0.0,-1.7701773586183573,0.0,516,6.923350781562476e-13
driven_dt2p5e-4,354,3,-1.9776322153425845,0.0,1,0.20745485672422714,0.4126775756940233,0.0,-1.7701773586183573,0.0,516,6.923350781562476e-13
driven_dt2p5e-4,354,4,-2.320247394247764,0.0,1,0.13361133065602138,0.3351027654050603,0.0,-2.1866360635917426,0.0,516,6.923350781562476e-13
driven_dt2p5e-4,354,5,-2.9438533246558065,0.18042077961838413,1,0.31760951542927396,0.26152321520532157,0.0,-2.6824644446836228,0.0,516,6.923350781562476e-13
driven_dt2p5e-4,355,0,-0.9226805184503813,0.0,1,0.022073487902823374,0.6374346511054312,0.0,-0.900607030547558,0.0,516,2.0963231150972206e-12
driven_dt2p5e-4,355,1,-1.3493022938056025,6.283185307179586,1,2.0999964707611687,-0.17823553335440787,0.0,-3.4492987645667714,6.283185307179586,516,2.0963231150972206e-12
driven_dt2p5e-4,355,2,-1.7807710567401813,0.0,1,0.0018304714612762396,0.41012193375297074,0.0,-1.7826015282014576,0.0,516,2.0963231150972206e-12
driven_dt2p5e-4,355,3,-1.9776322153425845,0.0,1,0.18505182833144085,0.3391400867066268,0.0,-2.1626840436740253,0.0,516,2.0963231150972206e-12
driven_dt2p5e-4,355,4,-2.320247394247764,0.0,1,0.1575633505737386,0.3391400867066268,0.0,-2.1626840436740253,0.0,516,2.0963231150972206e-12
driven_dt2p5e-4,355,5,-2.9438533246558065,0.18042077961838413,1,0.24690074354511596,0.2109360017275173,0.0,-3.1124010017238266,0.0,516,2.0963231150972206e-12
driven_dt2p5e-4,356,0,-0.9226805184503813,0.0,1,0.011167792229906826,0.6269276377226868,0.0,-0.9338483106802882,0.0,516,1.3034018309099338e-12
driven_dt2p5e-4,356,1,-1.3493022938056025,6.283185307179586,1,1.9689819776877349,-0.1909301596183725,0.0864433033556112,-3.1252313373109244,5.432911197910478,516,1.3034018309099338e-12
driven_dt2p5e-4,356,2,-1.7807710567401813,0.0,1,0.000502720448268823,0.41039429405613326,0.0,-1.7812737771884501,0.0,516,1.3034018309099338e-12
driven_dt2p5e-4,356,3,-1.9776322153425845,0.0,1,0.054534174738647856,0.36201008984651345,0.0,-2.0321663900812323,0.0,516,1.3034018309099338e-12
driven_dt2p5e-4,356,4,-2.320247394247764,0.0,1,0.2880810041665316,0.36201008984651345,0.0,-2.0321663900812323,0.0,516,1.3034018309099338e-12
driven_dt2p5e-4,356,5,-2.9438533246558065,0.18042077961838413,1,0.23866168142679306,0.2122391558676552,0.0,-3.100083092828708,0.0,516,1.3034018309099338e-12
driven_dt2p5e-4,357,0,-0.9226805184503813,0.0,1,0.008964961431180085,0.633270398318373,0.0,-0.9137155570192013,0.0,517,2.120525977034049e-14
driven_dt2p5e-4,357,1,-1.3493022938056025,6.283185307179586,1,1.2860964514485327,-0.267750588254682,0.0,-2.635398745254135,6.283185307179586,517,2.120525977034049e-14
driven_dt2p5e-4,357,2,-1.7807710567401813,0.0,1,0.04016496803567726,0.4188246075822211,0.0,-1.740606088704504,0.0,517,2.120525977034049e-14
driven_dt2p5e-4,357,3,-1.9776322153425845,0.0,1,0.13360372230299378,0.3479773217129116,0.0,-2.1112359376455783,0.0,517,2.120525977034049e-14
driven_dt2p5e-4,357,4,-2.320247394247764,0.0,1,0.20901145660218567,0.3479773217129116,0.0,-2.1112359376455783,0.0,517,2.120525977034049e-14
driven_dt2p5e-4,357,5,-2.9438533246558065,0.18042077961838413,1,0.1750932343973248,0.20938651035661038,0.022514872441819968,-3.1156509084712254,0.21423247769613013,517,2.120525977034049e-14
driven_dt2p5e-4,358,0,-0.9226805184503813,0.0,1,0.01693134672777974,0.6357978666683194,0.0,-0.9057491717226016,0.0,516,4.4986236957811343e-13
driven_dt2p5e-4,358,1,-1.3493022938056025,6.283185307179586,1,0.47559411627739423,-0.40153996752152127,0.0,-1.8248964100829967,6.283185307179586,516,4.4986236957811343e-13
driven_dt2p5e-4,358,2,-1.7807710567401813,0.0,1,0.024030520343434114,0.41545944771992693,0.0,-1.7567405363967472,0.0,516,4.4986236957811343e-13
driven_dt2p5e-4,358,3,-1.9776322153425845,0.0,1,0.20553816446298434,0.33568394891958564,0.0,-2.183170379805569,0.0,516,4.4986236957811343e-13
driven_dt2p5e-4,358,4,-2.320247394247764,0.0,1,0.1370770144421951,0.33568394891958564,0.0,-2.183170379805569,0.0,516,4.4986236957811343e-13
driven_dt2p5e-4,358,5,-2.9438533246558065,0.18042077961838413,1,0.1813927423459928,0.22734125016150936,0.0,-2.9626061713115597,0.0,516,4.4986236957811343e-13
driven_dt2p5e-4,359,0,-0.9226805184503813,0.0,1,0.015012465678803877,0.625723629326671,0.0,-0.9376929841291852,0.0,516,1.2181367026187218e-12
driven_dt2p5e-4,359,1,-1.3493022938056025,6.283185307179586,1,2.1148105379515387,-0.17692021409163025,0.0,-3.464112831757141,6.283185307179586,516,1.2181367026187218e-12
driven_dt2p5e-4,359,2,-1.7807710567401813,0.0,1,0.05225597490513989,0.3999108963463982,0.0,-1.8330270316453212,0.0,516,1.2181367026187218e-12
driven_dt2p5e-4,359,3,-1.9776322153425845,0.0,1,0.14460518369726327,0.3999108963463982,0.0,-1.8330270316453212,0.0,516,1.2181367026187218e-12
driven_dt2p5e-4,359,4,-2.320247394247764,0.0,1,0.13529506023728155,0.3353849954075797,0.0,-2.1849523340104824,0.0,516,1.2181367026187218e-12
driven_dt2p5e-4,359,5,-2.9438533246558065,0.18042077961838413,1,0.22520675593439204,0.2454811242973538,0.0,-2.8090704429519815,0.0,516,1.2181367026187218e-12
driven_dt2p5e-4,360,0,-0.9226805184503813,0.0,1,0.016274392183094344,0.6253289452392388,0.0,-0.9389549106334757,0.0,516,1.0125233984581428e-12
driven_dt2p5e-4,360,1,-1.3493022938056025,6.283185307179586,1,2.162121877599611,-0.17189020752946216,0.07004350611523473,-3.3681784697887474,5.509292549982221,516,1.0125233984581428e-12
driven_dt2p5e-4,360,2,-1.7807710567401813,0.0,1,0.01167095908975635,0.41289991629067746,0.0,-1.769100097650425,0.0,516,1.0125233984581428e-12
driven_dt2p5e-4,360,3,-1.9776322153425845,0.0,1,0.04146230488920799,0.37980969466201403,0.0,-1.9361699104533765,0.0,516,1.0125233984581428e-12
driven_dt2p5e-4,360,4,-2.320247394247764,0.0,1,0.03160487943421986,0.3184399832357227,0.0,-2.288642514813544,0.0,516,1.0125233984581428e-12
driven_dt2p5e-4,360,5,-2.9438533246558065,0.18042077961838413,1,0.2636079166866386,0.2526295637645891,0.0,-2.751662076099156,0.0,516,1.0125233984581428e-12
driven_dt2p5e-4,361,0,-0.9226805184503813,0.0,1,0.009935462088406788,0.6273140476688699,0.0,-0.9326159805387881,0.0,517,6.210587599753126e-13
driven_dt2p5e-4,361,1,-1.3493022938056025,6.283185307179586,1,1.86141617007911,-1.291826280027119,0.0,0.5121138762735075,6.283185307179586,517,6.210587599753126e-13
driven_dt2p5e-4,361,2,-1.7807710567401813,0.0,1,0.10142250210907222,0.39019963764815674,0.0,-1.8821935588492535,0.0,517,6.210587599753126e-13
driven_dt2p5e-4,361,3,-1.9776322153425845,0.0,1,0.09543865649333094,0.39019963764815674,0.0,-1.8821935588492535,0.0,517,6.210587599753126e-13
driven_dt2p5e-4,361,4,-2.320247394247764,0.0,1,0.05497238791323911,0.3221823777761261,0.0,-2.265275006334525,0.0,517,6.210587599753126e-13
driven_dt2p5e-4,361,5,-2.9438533246558065,0.18042077961838413,1,0.15377490316714273,0.24591362071815426,0.014942804795066093,-2.80186436204837,0.1213796469926617,517,6.210587599753126e-13
driven_dt2p5e-4,362,0,-0.9226805184503813,0.0,1,0.004667544451296357,0.6319111456788872,0.0,-0.918012973999085,0.0,517,8.659739592076221e-14
driven_dt2p5e-4,362,1,-1.3493022938056025,6.283185307179586,1,1.5647319762941907,-0.23293003836100665,0.0,-2.914034270099793,6.283185307179586,517,8.659739592076221e-14
driven_dt2p5e-4,362,2,-1.7807710567401813,0.0,1,0.004234071153923491,0.411367422100276,0.0,-1.7765369855862578,0.0,517,8.659739592076221e-14
driven_dt2p5e-4,362,3,-1.9776322153425845,0.0,1,0.01857779142736815,0.368577232414406,0.0,-1.9962100067699526,0.0,517,8.659739592076221e-14
driven_dt2p5e-4,362,4,-2.320247394247764,0.0,1,0.3240373874778113,0.368577232414406,0.0,-1.9962100067699526,0.0,517,8.659739592076221e-14
driven_dt2p5e-4,362,5,-2.9438533246558065,0.18042077961838413,1,0.2516644260709705,0.20402820046141634,0.032921685474734605,-3.1532907275664463,0.3199591528770591,517,8.659739592076221e-14
driven_dt2p5e-4,363,0,-0.9226805184503813,0.0,1,0.011962646273512956,0.634220282540997,0.0,-0.9107178721768684,0.0,516,1.2756462552943049e-13
driven_dt2p5e-4,363,1,-1.3493022938056025,6.283185307179586,1,1.7796615588352915,-0.20919636423411098,0.0,-3.128963852640894,6.283185307179586,516,1.2756462552943049e-13
driven_dt2p5e-4,363,2,-1.7807710567401813,0.0,1,0.06482692568035131,0.39740514940512295,0.0,-1.8455979824205326,0.0,516,1.2756462552943049e-13
driven_dt2p5e-4,363,3,-1.9776322153425845,0.0,1,0.11196711649800273,0.3517622822928682,0.0,-2.089599331840587,0.0,516,1.2756462552943049e-13
driven_dt2p5e-4,363,4,-2.320247394247764,0.0,1,0.23064806240717672,0.3517622822928682,0.0,-2.089599331840587,0.0,516,1.2756462552943049e-13
driven_dt2p5e-4,363,5,-2.9438533246558065,0.18042077961838413,1,0.27925509342641425,0.2577988381316699,0.003390467175655319,-2.71097844106956,0.02630168346450894,516,1.2756462552943049e-13
driven_dt2p5e-4,364,0,-0.9226805184503813,0.0,1,0.010515190256276452,0.6271322382083923,0.0,-0.9331957087066578,0.0,517,5.728750807065808e-13
driven_dt2p5e-4,364,1,-1.3493022938056025,6.283185307179586,1,0.3167185378365598,-0.5967291951385998,0.0,-1.0325837559690427,6.283185307179586,517,5.728750807065808e-13
driven_dt2p5e-4,364,2,-1.7807710567401813,0.0,1,0.054253574107131275,0.421785350980496,0.0,-1.72651748263305,0.0,517,5.728750807065808e-13
driven_dt2p5e-4,364,3,-1.9776322153425845,0.0,1,0.05009043318509221,0.36281532371757835,0.0,-2.0277226485276767,0.0,517,5.728750807065808e-13
driven_dt2p5e-4,364,4,-2.320247394247764,0.0,1,0.05454543405272538,0.32211360661192534,0.0,-2.2657019601950386,0.0,517,5.728750807065808e-13
driven_dt2p5e-4,364,5,-2.9438533246558065,0.18042077961838413,1,0.11493552803809715,0.23771990641236285,0.010862984366269176,-2.8712383250363316,0.0913296047711532,517,5.728750807065808e-13
driven_dt2p5e-4,365,0,-0.9226805184503813,0.0,1,0.015138587694298655,0.6352282058381438,0.0,-0.9075419307560827,0.0,516,4.3565151486291143e-13
driven_dt2p5e-4,365,1,-1.3493022938056025,6.283185307179586,0,2.3776815033338337,nan,nan,nan,nan,516,4.3565151486291143e-13
driven_dt2p5e-4,365,2,-1.7807710567401813,0.0,1,0.019519691827511565,0.4065105592634295,0.0,-1.8002907485676929,0.0,516,4.3565151486291143e-13
driven_dt2p5e-4,365,3,-1.9776322153425845,0.0,1,0.1773414667748916,0.4065105592634295,0.0,-1.8002907485676929,0.0,516,4.3565151486291143e-13
driven_dt2p5e-4,365,4,-2.320247394247764,0.0,1,0.09531910429350798,0.3287478797379975,0.0,-2.224928289954256,0.0,516,4.3565151486291143e-13
driven_dt2p5e-4,365,5,-2.9438533246558065,0.18042077961838413,1,0.1967867761999724,0.23867768389265037,0.0,-2.865282480387258,0.0,516,4.3565151486291143e-13
driven_dt2p5e-4,366,0,-0.9226805184503813,0.0,1,0.0058227704825571935,0.6322762512160574,0.0,-0.9168577479678242,0.0,516,1.532329818587641e-12
driven_dt2p5e-4,366,1,-1.3493022938056025,6.283185307179586,1,2.15441146604788,-0.17345156550425989,0.0,-3.5037137598534827,6.283185307179586,516,1.532329818587641e-12
driven_dt2p5e-4,366,2,-1.7807710567401813,0.0,1,0.048403853983597145,0.420553490241108,0.0,-1.7323672027565842,0.0,516,1.532329818587641e-12
driven_dt2p5e-4,366,3,-1.9776322153425845,0.0,1,0.02601586573822967,0.36720902577507386,0.0,-2.003648081080814,0.0,516,1.532329818587641e-12
driven_dt2p5e-4,366,4,-2.320247394247764,0.0,1,0.1398871864935125,0.2922729098667071,0.0,-2.4601345807412764,0.0,516,1.532329818587641e-12
driven_dt2p5e-4,366,5,-2.9438533246558065,0.18042077961838413,1,0.24066479672232338,0.20343780304263914,0.027905566706233696,-3.166149124747405,0.2726385742300166,516,1.532329818587641e-12
driven_dt2p5e-4,367,0,-0.9226805184503813,0.0,1,0.014652780772337226,0.6258361711188078,0.0,-0.9373332992227186,0.0,516,8.030243137113757e-13
driven_dt2p5e-4,367,1,-1.3493022938056025,6.283185307179586,1,2.000405695097604,-0.18733552951200097,0.0,-3.3497079889032064,6.283185307179586,516,8.030243137113757e-13
driven_dt2p5e-4,367,2,-1.7807710567401813,0.0,1,0.05868496511307364,0.39862744865138855,0.0,-1.839456021853255,0.0,516,8.030243137113757e-13
driven_dt2p5e-4,367,3,-1.9776322153425845,0.0,1,0.13817619348932952,0.39862744865138855,0.0,-1.839456021853255,0.0,516,8.030243137113757e-13
driven_dt2p5e-4,367,4,-2.320247394247764,0.0,1,0.05545210171604742,0.32225966471147843,0.0,-2.2647952925317165,0.0,516,8.030243137113757e-13
driven_dt2p5e-4,367,5,-2.9438533246558065,0.18042077961838413,1,0.2256787056641263,0.21444292623822275,0.0,-3.0794233083252376,0.0,516,8.030243137113757e-13
driven_dt2p5e-4,368,0,-0.9226805184503813,0.0,1,0.003197785541716236,0.6294309309587329,0.0,-0.9258783039920976,0.0,517,7.238654120556021e-14
driven_dt2p5e-4,368,1,-1.3493022938056025,6.283185307179586,1,1.870352521955794,-0.19992211607938126,0.0,-3.2196548157613964,6.283185307179586,517,7.238654120556021e-14
driven_dt2p5e-4,368,2,-1.7807710567401813,0.0,1,0.03176541531274202,0.4170693263699557,0.0,-1.7490056414274393,0.0,517,7.238654120556021e-14
driven_dt2p5e-4,368,3,-1.9776322153425845,0.0,1,0.05268408560434157,0.36234512024851656,0.0,-2.030316300946926,0.0,517,7.238654120556021e-14
driven_dt2p5e-4,368,4,-2.320247394247764,0.0,1,0.23185317546577355,0.27913764017293996,0.0,-2.5521005697135375,0.0,517,7.238654120556021e-14
driven_dt2p5e-4,368,5,-2.9438533246558065,0.18042077961838413,1,0.4313025373481624,0.27913764017293996,0.0,-2.5521005697135375,0.0,517,7.238654120556021e-14
driven_dt2p5e-4,369,0,-0.9226805184503813,0.0,1,0.006194071378393784,0.6323936444820227,0.0,-0.9164864470719876,0.0,517,4.618527782440651e-14
driven_dt2p5e-4,369,1,-1.3493022938056025,6.283185307179586,1,1.6378882427188628,-0.22456383521804935,0.0,-2.9871905365244653,6.283185307179586,517,4.618527782440651e-14
driven_dt2p5e-4,369,2,-1.7807710567401813,0.0,1,0.05342712230926816,0.42161109435583577,0.0,-1.7273439344309132,0.0,517,4.618527782440651e-14
driven_dt2p5e-4,369,3,-1.9776322153425845,0.0,1,0.027796335006570416,0.36688226904900617,0.0,-2.005428550349155,0.0,517,4.618527782440651e-14
driven_dt2p5e-4,369,4,-2.320247394247764,0.0,1,0.09995422012102928,0.29816722051685596,0.0,-2.420201614368793,0.0,517,4.618527782440651e-14
driven_dt2p5e-4,369,5,-2.9438533246558065,0.18042077961838413,1,0.16373459303620808,0.24807965848500896,0.01944130687311347,-2.7818881261016104,0.1564147092603995,517,4.618527782440651e-14
driven_dt2p5e-4,370,0,-0.9226805184503813,0.0,1,0.0001682317521355392,0.6303851008846452,0.0,-0.9228487502025169,0.0,516,5.933031843596837e-13
driven_dt2p5e-4,370,1,-1.3493022938056025,6.283185307179586,1,0.23638781746892734,-0.45255541663581034,0.0,-1.5856901112745299,6.283185307179586,516,5.933031843596837e-13
driven_dt2p5e-4,370,2,-1.7807710567401813,0.0,1,0.028935386721732348,0.41647958465580537,0.0,-1.751835670018449,0.0,516,5.933031843596837e-13
driven_dt2p5e-4,370,3,-1.9776322153425845,0.0,1,0.015152534862949096,0.37484606139424104,0.0,-1.9624796804796354,0.0,516,5.933031843596837e-13
driven_dt2p5e-4,370,4,-2.320247394247764,0.0,1,0.007872604598551547,0.3146836612275898,0.0,-2.3123747896492124,0.0,516,5.933031843596837e-13
driven_dt2p5e-4,370,5,-2.9438533246558065,0.18042077961838413,1,0.2132767167374131,0.23164325554491533,0.045288181526169556,-2.8876024858149805,0.38614584136826957,516,5.933031843596837e-13
driven_dt2p5e-4,371,0,-0.9226805184503813,0.0,1,0.006323358743330454,0.6324345260573252,0.0,-0.9163571597070509,0.0,516,6.910028105266974e-13
driven_dt2p5e-4,371,1,-1.3493022938056025,6.283185307179586,0,2.528254950287388,nan,nan,nan,nan,516,6.910028105266974e-13
driven_dt2p5e-4,371,2,-1.7807710567401813,0.0,1,0.02617259933552063,0.40516056727532157,0.0,-1.806943656075702,0.0,516,6.910028105266974e-13
driven_dt2p5e-4,371,3,-1.9776322153425845,0.0,1,0.1043784066239839,0.3530995286345939,0.0,-2.0820106219665684,0.0,516,6.910028105266974e-13
driven_dt2p5e-4,371,4,-2.320247394247764,0.0,1,0.04093475388246448,0.3070971677741728,0.0,-2.3611821481302284,0.0,516,6.910028105266974e-13
driven_dt2p5e-4,371,5,-2.9438533246558065,0.18042077961838413,1,0.18043555148003018,0.2297479900047099,0.0,-2.9415445328078715,0.0,516,6.910028105266974e-13
driven_dt2p5e-4,372,0,-0.9226805184503813,0.0,1,0.009061640508199909,0.6275881878281158,0.0,-0.9317421589585813,0.0,517,7.349676423018536e-13
driven_dt2p5e-4,372,1,-1.3493022938056025,6.283185307179586,1,0.5920165030933158,-0.6847901107365929,0.0,-0.7572857907122867,6.283185307179586,517,7.349676423018536e-13
driven_dt2p5e-4,372,2,-1.7807710567401813,0.0,1,0.05719599732330494,0.3989243308652694,0.0,-1.8379670540634863,0.0,517,7.349676423018536e-13
driven_dt2p5e-4,372,3,-1.9776322153425845,0.0,1,0.10419027400862024,0.35313274496574104,0.0,-2.0818224893512047,0.0,517,7.349676423018536e-13
driven_dt2p5e-4,372,4,-2.320247394247764,0.0,1,0.2384249048965592,0.35313274496574104,0.0,-2.0818224893512047,0.0,517,7.349676423018536e-13
driven_dt2p5e-4,372,5,-2.9438533246558065,0.18042077961838413,1,0.33280598917518195,0.22296563913242395,0.05849156522403269,-2.934920573970162,0.5131068664871611,517,7.349676423018536e-13
driven_dt2p5e-4,373,0,-0.9226805184503813,0.0,1,0.0014227795992471926,0.6308867753262468,0.0,-0.9212577388511342,0.0,516,5.728750807065808e-14
driven_dt2p5e-4,373,1,-1.3493022938056025,6.283185307179586,0,2.3879345869791306,nan,nan,nan,nan,516,5.728750807065808e-14
driven_dt2p5e-4,373,2,-1.7807710567401813,0.0,1,0.025836958149416667,0.4052285672677429,0.0,-1.806608014889598,0.0,516,5.728750807065808e-14
driven_dt2p5e-4,373,3,-1.9776322153425845,0.0,1,0.03777570380295403,0.36505620185328125,0.0,-2.0154079191455385,0.0,516,5.728750807065808e-14
driven_dt2p5e-4,373,4,-2.320247394247764,0.0,1,0.3048394751022254,0.36505620185328125,0.0,-2.0154079191455385,0.0,516,5.728750807065808e-14
driven_dt2p5e-4,373,5,-2.9438533246558065,0.18042077961838413,1,0.2511680677146069,0.25043468517500556,0.0,-2.769114260559126,0.0,516,5.728750807065808e-14
driven_dt2p5e-4,374,0,-0.9226805184503813,0.0,1,0.0005830958270901521,0.6302543523799565,0.0,-0.9232636142774715,0.0,516,1.318944953254686e-13
driven_dt2p5e-4,374,1,-1.3493022938056025,6.283185307179586,1,1.7363075394117409,-0.21378062285485172,0.0,-3.0856098332173434,6.283185307179586,516,1.318944953254686e-13
driven_dt2p5e-4,374,2,-1.7807710567401813,0.0,1,0.06341593771605458,0.39768561526835955,0.0,-1.844186994456236,0.0,516,1.318944953254686e-13
driven_dt2p5e-4,374,3,-1.9776322153425845,0.0,1,0.07334697112547617,0.3859132706847278,0.0,-1.9042852442171083,0.0,516,1.318944953254686e-13
driven_dt2p5e-4,374,4,-2.320247394247764,0.0,1,0.018718529500714176,0.3163948144727555,0.0,-2.3015288647470498,0.0,516,1.318944953254686e-13
driven_dt2p5e-4,374,5,-2.9438533246558065,0.18042077961838413,1,0.11227543878550857,0.2205308158926219,0.030506553068496395,-3.0044806182066846,0.27492001470086586,516,1.318944953254686e-13
driven_dt2p5e-4,375,0,-0.9226805184503813,0.0,1,0.01826739364211416,0.6247061148661247,0.0,-0.9409479120924955,0.0,516,1.5587531265737198e-13
driven_dt2p5e-4,375,1,-1.3493022938056025,6.283185307179586,1,2.1192905407974547,-0.17558366363513295,0.09898224658444463,-3.203319748615409,5.2565346004764075,516,1.5587531265737198e-13
driven_dt2p5e-4,375,2,-1.7807710567401813,0.0,1,0.07093241449594778,0.39619382293342337,0.0,-1.851703471236129,0.0,516,1.5587531265737198e-13
driven_dt2p5e-4,375,3,-1.9776322153425845,0.0,1,0.12592874410645538,0.39619382293342337,0.0,-1.851703471236129,0.0,516,1.5587531265737198e-13
driven_dt2p5e-4,375,4,-2.320247394247764,0.0,1,0.16421251133489845,0.34026946149355675,0.0,-2.1560348829128655,0.0,516,1.5587531265737198e-13
driven_dt2p5e-4,375,5,-2.9438533246558065,0.18042077961838413,1,0.37102694940280695,0.2698676002797261,0.0,-2.619647619176943,0.0,516,1.5587531265737198e-13
driven_dt2p5e-4,376,0,-0.9226805184503813,0.0,1,0.023172026330136042,0.6377848705085643,0.0,-0.8995084921202453,0.0,516,2.1578294706614543e-12
driven_dt2p5e-4,376,1,-1.3493022938056025,6.283185307179586,1,2.194740244128456,-0.16971073803787676,0.03319359716018362,-3.5097780933304623,5.896883535420183,516,2.1578294706614543e-12
driven_dt2p5e-4,376,2,-1.7807710567401813,0.0,1,0.034004495221060305,0.4035770820318144,0.0,-1.8147755519612416,0.0,516,2.1578294706614543e-12
driven_dt2p5e-4,376,3,-1.9776322153425845,0.0,1,0.05568237083547878,0.3618023202062049,0.0,-2.0333145861780633,0.0,516,2.1578294706614543e-12
driven_dt2p5e-4,376,4,-2.320247394247764,0.0,1,0.005155588008592726,0.3126404436363312,0.0,-2.3254029822563567,0.0,516,2.1578294706614543e-12
driven_dt2p5e-4,376,5,-2.9438533246558065,0.18042077961838413,1,0.20472668702835614,0.23086251798763346,0.04432701142231237,-2.8956627799409373,0.37939486783514337,516,2.1578294706614543e-12
driven_dt2p5e-4,377,0,-0.9226805184503813,0.0,1,0.012622847737785992,0.6344296736787822,0.0,-0.9100576707125954,0.0,516,9.103828801926284e-13
driven_dt2p5e-4,377,1,-1.3493022938056025,6.283185307179586,1,2.142088981039813,-0.1745235416233531,0.0,-3.491391274845416,6.283185307179586,516,9.103828801926284e-13
driven_dt2p5e-4,377,2,-1.7807710567401813,0.0,1,0.03141787869405288,0.4040993692733694,0.0,-1.8121889354342342,0.0,516,9.103828801926284e-13
driven_dt2p5e-4,377,3,-1.9776322153425845,0.0,1,0.0710667170919228,0.35902995056458575,0.0,-2.0486989324345073,0.0,516,9.103828801926284e-13
driven_dt2p5e-4,377,4,-2.320247394247764,0.0,1,0.27154846181325665,0.35902995056458575,0.0,-2.0486989324345073,0.0,516,9.103828801926284e-13
driven_dt2p5e-4,377,5,-2.9438533246558065,0.18042077961838413,1,0.14603966219776976,0.2128819135376738,0.016685704744769658,-3.0879106816842277,0.15644035383349233,516,9.103828801926284e-13
driven_dt2p5e-4,378,0,-0.9226805184503813,0.0,1,0.01782654374767456,0.6360825125448507,0.0,-0.9048539747027068,0.0,516,1.3660184094987926e-12
driven_dt2p5e-4,378,1,-1.3493022938056025,6.283185307179586,1,0.12826052677169297,-0.4776956760213204,0.0,-1.4775628205772955,6.283185307179586,516,1.3660184094987926e-12
driven_dt2p5e-4,378,2,-1.7807710567401813,0.0,1,0.05959639287563112,0.3984458299757983,0.0,-1.8403674496158124,0.0,516,1.3660184094987926e-12
driven_dt2p5e-4,378,3,-1.9776322153425845,0.0,1,0.13726476572677204,0.3984458299757983,0.0,-1.8403674496158124,0.0,516,1.3660184094987926e-12
driven_dt2p5e-4,378,4,-2.320247394247764,0.0,1,0.024472095866751697,0.3173063242335718,0.0,-2.2957752983810122,0.0,516,1.3660184094987926e-12
driven_dt2p5e-4,378,5,-2.9438533246558065,0.18042077961838413,1,0.25320617081422164,0.20140647086796465,0.023858039850413112,-3.1909257778001825,0.23581543491671528,516,1.3660184094987926e-12
driven_dt2p5e-4,379,0,-0.9226805184503813,0.0,1,0.00012282874124691645,0.6303994117378833,0.0,-0.9228033471916283,0.0,516,8.477663016037695e-13
driven_dt2p5e-4,379,1,-1.3493022938056025,6.283185307179586,1,1.7976563556770966,-0.213225577241121,0.13019624012106967,-2.773930298046745,5.186826140374219,516,8.477663016037695e-13
driven_dt2p5e-4,379,2,-1.7807710567401813,0.0,1,0.03752273917512339,0.40286776478807784,0.0,-1.8182937959153047,0.0,516,8.477663016037695e-13
driven_dt2p5e-4,379,3,-1.9776322153425845,0.0,1,0.15933841942727978,0.40286776478807784,0.0,-1.8182937959153047,0.0,516,8.477663016037695e-13
driven_dt2p5e-4,379,4,-2.320247394247764,0.0,1,0.0879917883938428,0.3275456635540621,0.0,-2.232255605853921,0.0,516,8.477663016037695e-13
driven_dt2p5e-4,379,5,-2.9438533246558065,0.18042077961838413,1,0.1876711582780285,0.20831963532909537,0.024526339099591895,-3.123597196168983,0.2343893288194839,516,8.477663016037695e-13
driven_dt2p5e-4,380,0,-0.9226805184503813,0.0,1,0.002811840506366292,0.6295524055504345,0.0,-0.9254923589567476,0.0,517,5.773159728050814e-15
driven_dt2p5e-4,380,1,-1.3493022938056025,6.283185307179586,1,1.4718344064430513,-0.2440045637124431,0.0,-2.821136700248654,6.283185307179586,517,5.773159728050814e-15
driven_dt2p5e-4,380,2,-1.7807710567401813,0.0,1,0.10056447556040138,0.43166593409732185,0.0,-1.68020658117978,0.0,517,5.773159728050814e-15
driven_dt2p5e-4,380,3,-1.9776322153425845,0.0,1,0.05008698766830255,0.38145110033559765,0.0,-1.927545227674282,0.0,517,5.773159728050814e-15
driven_dt2p5e-4,380,4,-2.320247394247764,0.0,1,0.1820272717253369,0.2890376431894206,0.012474594405592098,-2.4805357200016633,0.08626459458422941,517,5.773159728050814e-15
driven_dt2p5e-4,380,5,-2.9438533246558065,0.18042077961838413,1,0.05913209431172667,0.2297234398204967,0.013981316131742546,-2.9380609778565074,0.12157306686548618,517,5.773159728050814e-15
driven_dt2p5e-4,381,0,-0.9226805184503813,0.0,1,0.022219833058409133,0.6234727774044195,0.0,-0.9449003515087905,0.0,516,4.647393581080905e-13
driven_dt2p5e-4,381,1,-1.3493022938056025,6.283185307179586,0,2.3900917044221996,nan,nan,nan,nan,516,4.647393581080905e-13
driven_dt2p5e-4,381,2,-1.7807710567401813,0.0,1,0.02035435622497106,0.4146965005572849,0.0,-1.7604167005152103,0.0,516,4.647393581080905e-13
driven_dt2p5e-4,381,3,-1.9776322153425845,0.0,1,0.032716264734925726,0.3781524055620875,0.0,-1.9449159506076588,0.0,516,4.647393581080905e-13
driven_dt2p5e-4,381,4,-2.320247394247764,0.0,1,0.06445303607116104,0.3035071181670394,0.0,-2.384700430318925,0.0,516,4.647393581080905e-13
driven_dt2p5e-4,381,5,-2.9438533246558065,0.18042077961838413,1,0.22335944296149948,0.2150699502563335,0.04176725790580703,-3.036562865273036,0.38363097089483966,516,4.647393581080905e-13
driven_dt2p5e-4,382,0,-0.9226805184503813,0.0,1,0.01836029678108131,0.6362522906840261,0.0,-0.9043202216693,0.0,516,1.2916334668489071e-12
driven_dt2p5e-4,382,1,-1.3493022938056025,6.283185307179586,1,2.036649640259834,-0.1839712162502448,0.0,-3.3859519340654365,6.283185307179586,516,1.2916334668489071e-12
driven_dt2p5e-4,382,2,-1.7807710567401813,0.0,1,0.056155773776131124,0.39913187007363704,0.0,-1.8369268305163124,0.0,516,1.2916334668489071e-12
driven_dt2p5e-4,382,3,-1.9776322153425845,0.0,1,0.10720891343689143,0.39250278315154713,0.0,-1.870423301905693,0.0,516,1.2916334668489071e-12
driven_dt2p5e-4,382,4,-2.320247394247764,0.0,1,0.13781871675894042,0.3358084607871477,0.0,-2.1824286774888235,0.0,516,1.2916334668489071e-12
driven_dt2p5e-4,382,5,-2.9438533246558065,0.18042077961838413,1,0.19994551173938316,0.23958717380741892,0.0,-2.857675891724567,0.0,516,1.2916334668489071e-12
driven_dt2p5e-4,383,0,-0.9226805184503813,0.0,1,0.011030731481642908,0.6339248317487816,0.0,-0.9116497869687384,0.0,516,1.7212897773788427e-12
driven_dt2p5e-4,383,1,-1.3493022938056025,6.283185307179586,1,1.6480276856539167,-0.22373027142592067,0.025062473614092452,-2.9821575891868837,6.0600735929485445,516,1.7212897773788427e-12
driven_dt2p5e-4,383,2,-1.7807710567401813,0.0,1,0.005364200525229901,0.40939794363901044,0.0,-1.7861352572654112,0.0,516,1.7212897773788427e-12
driven_dt2p5e-4,383,3,-1.9776322153425845,0.0,1,0.19149695807717326,0.40939794363901044,0.0,-1.7861352572654112,0.0,516,1.7212897773788427e-12
driven_dt2p5e-4,383,4,-2.320247394247764,0.0,1,0.10148408198882934,0.3225159836842029,0.013351104441442767,-2.2614929424419024,0.08274619804020077,516,1.7212897773788427e-12
driven_dt2p5e-4,383,5,-2.9438533246558065,0.18042077961838413,1,0.2578213510489314,0.2516189378946439,0.0,-2.7596789742739176,0.0,516,1.7212897773788427e-12
driven_dt2p5e-4,384,0,-0.9226805184503813,0.0,1,0.006655709812559474,0.6325396299354061,0.0,-0.9160248086378219,0.0,516,2.0183854587685346e-13
driven_dt2p5e-4,384,1,-1.3493022938056025,6.283185307179586,1,0.4140623497356344,-0.41408569999081973,0.0,-1.763364643541237,6.283185307179586,516,2.0183854587685346e-13
driven_dt2p5e-4,384,2,-1.7807710567401813,0.0,1,0.008588379033363847,0.4122640079525331,0.0,-1.7721826777068175,0.0,516,2.0183854587685346e-13
driven_dt2p5e-4,384,3,-1.9776322153425845,0.0,1,0.17559243930156798,0.34074791498555396,0.0,-2.1532246546441525,0.0,516,2.0183854587685346e-13
driven_dt2p5e-4,384,4,-2.320247394247764,0.0,1,0.16702273960361147,0.34074791498555396,0.0,-2.1532246546441525,0.0,516,2.0183854587685346e-13
driven_dt2p5e-4,384,5,-2.9438533246558065,0.18042077961838413,1,0.31752257694633845,0.2615094013289448,0.0,-2.6825700891573576,0.0,516,2.0183854587685346e-13
driven_dt2p5e-4,385,0,-0.9226805184503813,0.0,1,0.010107432136532757,0.6272601103743191,0.0,-0.9327879505869141,0.0,516,1.1326495297225847e-12
driven_dt2p5e-4,385,1,-1.3493022938056025,6.283185307179586,1,2.023383184328493,-0.1851840542995741,0.020090180515212722,-3.361109275957542,6.06705530651328,516,1.1326495297225847e-12
driven_dt2p5e-4,385,2,-1.7807710567401813,0.0,1,0.00738853640959225,0.40898377380493767,0.0,-1.7881595931497736,0.0,516,1.1326495297225847e-12
driven_dt2p5e-4,385,3,-1.9776322153425845,0.0,1,0.020486387052115473,0.37584708236799014,0.0,-1.957145828290469,0.0,516,1.1326495297225847e-12
driven_dt2p5e-4,385,4,-2.320247394247764,0.0,1,0.06034211805113543,0.3230485562538965,0.0,-2.2599052761966285,0.0,516,1.1326495297225847e-12
driven_dt2p5e-4,385,5,-2.9438533246558065,0.18042077961838413,1,0.22420754343102894,0.2452754617468397,0.0,-2.8107467327331253,0.0,516,1.1326495297225847e-12
driven_dt2p5e-4,386,0,-0.9226805184503813,0.0,1,0.01745750002044244,0.6249591388422179,0.0,-0.9401380184708238,0.0,515,3.8413716652030416e-13
driven_dt2p5e-4,386,1,-1.3493022938056025,6.283185307179586,0,2.316212002078056,nan,nan,nan,nan,515,3.8413716652030416e-13
driven_dt2p5e-4,386,2,-1.7807710567401813,0.0,1,0.04497016258315423,0.41983208423827034,0.0,-1.735800894157027,0.0,515,3.8413716652030416e-13
driven_dt2p5e-4,386,3,-1.9776322153425845,0.0,1,0.030164352148007723,0.377670207317687,0.0,-1.9474678631945768,0.0,515,3.8413716652030416e-13
driven_dt2p5e-4,386,4,-2.320247394247764,0.0,1,0.30169042444746585,0.26955875182054156,0.0,-2.62193781869523,0.0,515,3.8413716652030416e-13
driven_dt2p5e-4,386,5,-2.9438533246558065,0.18042077961838413,1,0.3558044279556382,0.25908262183974207,0.052113346365148895,-2.6615540116716336,0.3969938362101563,515,3.8413716652030416e-13
driven_dt2p5e-4,387,0,-0.9226805184503813,0.0,1,0.007720196724194106,0.6328763846237742,0.0,-0.9149603217261872,0.0,516,7.678302438307583e-13
driven_dt2p5e-4,387,1,-1.3493022938056025,6.283185307179586,1,1.2293961849464015,-0.27544997677609795,0.0,-2.578698478752004,6.283185307179586,516,7.678302438307583e-13
driven_dt2p5e-4,387,2,-1.7807710567401813,0.0,1,0.05444296214748068,0.39947383533747005,0.0,-1.835214018887662,0.0,516,7.678302438307583e-13
driven_dt2p5e-4,387,3,-1.9776322153425845,0.0,1,0.14241819645492249,0.39947383533747005,0.0,-1.835214018887662,0.0,516,7.678302438307583e-13
driven_dt2p5e-4,387,4,-2.320247394247764,0.0,1,0.08104365975807593,0.32640972315931127,0.0,-2.239203734489688,0.0,516,7.678302438307583e-13
driven_dt2p5e-4,387,5,-2.9438533246558065,0.18042077961838413,1,0.2404432941860598,0.21195194322472138,0.0,-3.1027914258176694,0.0,516,7.678302438307583e-13
driven_dt2p5e-4,388,0,-0.9226805184503813,0.0,1,0.0070638018179268736,0.6282154110302559,0.0,-0.9297443202683082,0.0,516,6.377121053446899e-13
driven_dt2p5e-4,388,1,-1.3493022938056025,6.283185307179586,1,2.1805346359579234,-0.17120074478885586,0.0,-3.5298369297635257,6.283185307179586,516,6.377121053446899e-13
driven_dt2p5e-4,388,2,-1.7807710567401813,0.0,1,0.007424898891051024,0.4089763380400876,0.0,-1.7881959556312323,0.0,516,6.377121053446899e-13
driven_dt2p5e-4,388,3,-1.9776322153425845,0.0,1,0.04090388314209603,0.37970366246874193,0.0,-1.9367283322004885,0.0,516,6.377121053446899e-13
driven_dt2p5e-4,388,4,-2.320247394247764,0.0,1,0.09084559975133111,0.29952826347942463,0.0,-2.411092993999095,0.0,516,6.377121053446899e-13
driven_dt2p5e-4,388,5,-2.9438533246558065,0.18042077961838413,1,0.18160738498909365,0.2271170232810393,0.0,-2.964579746548438,0.0,516,6.377121053446899e-13
driven_dt2p5e-4,389,0,-0.9226805184503813,0.0,1,0.005715019270793764,0.6286392169108062,0.0,-0.9283955377211751,0.0,516,1.2607692667643278e-12
driven_dt2p5e-4,389,1,-1.3493022938056025,6.283185307179586,1,1.9294367920023563,-0.19425025051727984,0.03796422754867553,-3.2397307244241564,5.897171469291078,516,1.2607692667643278e-12
driven_dt2p5e-4,389,2,-1.7807710567401813,0.0,1,0.02607046406870639,0.4158834208502429,0.0,-1.754700592671475,0.0,516,1.2607692667643278e-12
driven_dt2p5e-4,389,3,-1.9776322153425845,0.0,1,0.013554004901272565,0.37454657976269673,0.0,-1.964078210441312,0.0,516,1.2607692667643278e-12
driven_dt2p5e-4,389,4,-2.320247394247764,0.0,1,0.11635151050235981,0.2957326470077515,0.0,-2.4365989047501238,0.0,516,1.2607692667643278e-12
driven_dt2p5e-4,389,5,-2.9438533246558065,0.18042077961838413,1,0.18155050494425734,0.22717431515280323,0.0,-2.9640752960584487,0.0,516,1.2607692667643278e-12
driven_dt2p5e-4,390,0,-0.9226805184503813,0.0,1,0.00030227396904281,0.6303428531921906,0.0,-0.9229827924194242,0.0,516,2.737809978725636e-13
driven_dt2p5e-4,390,1,-1.3493022938056025,6.283185307179586,0,2.2551781650824756,nan,nan,nan,nan,516,2.737809978725636e-13
driven_dt2p5e-4,390,2,-1.7807710567401813,0.0,1,0.05688157160811613,0.3989870518294305,0.0,-1.8376526283482975,0.0,516,2.737809978725636e-13
driven_dt2p5e-4,390,3,-1.9776322153425845,0.0,1,0.13997958699428703,0.3989870518294305,0.0,-1.8376526283482975,0.0,516,2.737809978725636e-13
driven_dt2p5e-4,390,4,-2.320247394247764,0.0,1,0.01809685948884443,0.3106239921051858,0.0,-2.3383442537366084,0.0,516,2.737809978725636e-13
driven_dt2p5e-4,390,5,-2.9438533246558065,0.18042077961838413,1,0.2931661480967742,0.20444359435284942,0.0,-3.1749263275613693,0.0,516,2.737809978725636e-13
driven_dt2p5e-4,391,0,-0.9226805184503813,0.0,1,0.01821978673676683,0.6247209852055469,0.0,-0.9409003051871482,0.0,516,3.2596148002994596e-13
driven_dt2p5e-4,391,1,-1.3493022938056025,6.283185307179586,0,2.29948789841016,nan,nan,nan,nan,516,3.2596148002994596e-13
driven_dt2p5e-4,391,2,-1.7807710567401813,0.0,1,0.02832457816296241,0.40472485324795404,0.0,-1.8090956349031437,0.0,516,3.2596148002994596e-13
driven_dt2p5e-4,391,3,-1.9776322153425845,0.0,1,0.08819073012378009,0.35596905618621394,0.0,-2.0658229454663646,0.0,516,3.2596148002994596e-13
driven_dt2p5e-4,391,4,-2.320247394247764,0.0,1,0.21790454647235213,0.2810912384490129,0.0,-2.538151940720116,0.0,516,3.2596148002994596e-13
driven_dt2p5e-4,391,5,-2.9438533246558065,0.18042077961838413,1,0.4261638773531759,0.2094092291723308,0.06435983915286649,-3.0366706465473623,0.59635418188078,516,3.2596148002994596e-13
driven_dt2p5e-4,392,0,-0.9226805184503813,0.0,1,0.012302237878721756,0.6343279796258968,0.0,-0.9103782805716596,0.0,516,3.183009411600324e-13
driven_dt2p5e-4,392,1,-1.3493022938056025,6.283185307179586,1,2.1022929945911084,-0.1776707686672961,0.1434730478107868,-2.953603916947049,4.924563896670915,516,3.183009411600324e-13
driven_dt2p5e-4,392,2,-1.7807710567401813,0.0,1,0.0008723966453125787,0.41031844456532945,0.0,-1.781643453385494,0.0,516,3.183009411600324e-13
driven_dt2p5e-4,392,3,-1.9776322153425845,0.0,1,0.10305381760234855,0.3533334619720126,0.0,-2.080686032944933,0.0,516,3.183009411600324e-13
driven_dt2p5e-4,392,4,-2.320247394247764,0.0,1,0.12288671286621877,0.29476788774352175,0.0,-2.4431341071139827,0.0,516,3.183009411600324e-13
driven_dt2p5e-4,392,5,-2.9438533246558065,0.18042077961838413,1,0.18497253559713828,0.23489089074747624,0.04135552970137917,-2.8667409897661194,0.3485532474319963,516,3.183009411600324e-13
driven_dt2p5e-4,393,0,-0.9226805184503813,0.0,1,0.0028535572560208777,0.6295392742473354,0.0,-0.9255340757064022,0.0,516,4.596323321948148e-14
driven_dt2p5e-4,393,1,-1.3493022938056025,6.283185307179586,1,1.8743605782070414,-0.1995218677242585,0.0,-3.223662872012644,6.283185307179586,516,4.596323321948148e-14
driven_dt2p5e-4,393,2,-1.7807710567401813,0.0,1,0.022864572276775297,0.405831262852037,0.0,-1.8036356290169566,0.0,516,4.596323321948148e-14
driven_dt2p5e-4,393,3,-1.9776322153425845,0.0,1,0.17399658632562787,0.405831262852037,0.0,-1.8036356290169566,0.0,516,4.596323321948148e-14
driven_dt2p5e-4,393,4,-2.320247394247764,0.0,1,0.08991345608213663,0.3278605317568974,0.0,-2.2303339381656273,0.0,516,4.596323321948148e-14
driven_dt2p5e-4,393,5,-2.9438533246558065,0.18042077961838413,1,0.2363245564888071,0.2476821909211316,0.0,-2.791217685693191,0.0,516,4.596323321948148e-14
driven_dt2p5e-4,394,0,-0.9226805184503813,0.0,1,0.007422108293265062,0.6281028742863782,0.0,-0.9301026267436464,0.0,516,9.281464485866309e-13
driven_dt2p5e-4,394,1,-1.3493022938056025,6.283185307179586,1,0.20283987337710574,-0.46021059290864813,0.0,-1.5521421671827083,6.283185307179586,516,9.281464485866309e-13
driven_dt2p5e-4,394,2,-1.7807710567401813,0.0,1,0.025754257740379538,0.40524532389831885,0.0,-1.8065253144805609,0.0,516,9.281464485866309e-13
driven_dt2p5e-4,394,3,-1.9776322153425845,0.0,1,0.1659611790340687,0.3423927882849274,0.0,-2.143593394376653,0.0,516,9.281464485866309e-13
driven_dt2p5e-4,394,4,-2.320247394247764,0.0,1,0.17665399987111075,0.3423927882849274,0.0,-2.143593394376653,0.0,516,9.281464485866309e-13
driven_dt2p5e-4,394,5,-2.9438533246558065,0.18042077961838413,1,0.18253181180621111,0.22632871102711527,0.0,-2.971533725721408,0.0,516,9.281464485866309e-13
driven_dt2p5e-4,395,0,-0.9226805184503813,0.0,1,0.009364291740107888,0.6333968529741447,0.0,-0.9133162267102735,0.0,516,1.554312234475219e-14
driven_dt2p5e-4,395,1,-1.3493022938056025,6.283185307179586,1,2.212458473102469,-0.16749274415541013,0.062456735918280125,-3.443437155560674,5.569342414110685,516,1.554312234475219e-14
driven_dt2p5e-4,395,2,-1.7807710567401813,0.0,1,0.010504563794331734,0.4126591842347636,0.0,-1.7702664929458496,0.0,516,1.554312234475219e-14
driven_dt2p5e-4,395,3,-1.9776322153425845,0.0,1,0.19262676825115532,0.3378580332181595,0.0,-2.17025898359374,0.0,516,1.554312234475219e-14
driven_dt2p5e-4,395,4,-2.320247394247764,0.0,1,0.14998841065402413,0.3378580332181595,0.0,-2.17025898359374,0.0,516,1.554312234475219e-14
driven_dt2p5e-4,395,5,-2.9438533246558065,0.18042077961838413,1,0.2313878458959539,0.24672292962644973,0.0,-2.7989786287622027,0.0,516,1.554312234475219e-14
driven_dt2p5e-4,396,0,-0.9226805184503813,0.0,1,0.0061981341986714344,0.6284873827549118,0.0,-0.9288786526490528,0.0,516,1.048938713665848e-12
driven_dt2p5e-4,396,1,-1.3493022938056025,6.283185307179586,1,2.021084912560317,-0.1855067719793971,0.08362361464730704,-3.1843374177529826,5.4361727230591566,516,1.048938713665848e-12
driven_dt2p5e-4,396,2,-1.7807710567401813,0.0,1,0.08336619547383783,0.39373836987378025,0.0,-1.8641372522140192,0.0,516,1.048938713665848e-12
driven_dt2p5e-4,396,3,-1.9776322153425845,0.0,1,0.11349496312856533,0.39373836987378025,0.0,-1.8641372522140192,0.0,516,1.048938713665848e-12
driven_dt2p5e-4,396,4,-2.320247394247764,0.0,1,0.11831842371878576,0.3325501892167531,0.0,-2.201928970528978,0.0,516,1.048938713665848e-12
driven_dt2p5e-4,396,5,-2.9438533246558065,0.18042077961838413,1,0.060285072944171014,0.23554733874023054,0.02126526951625932,-2.8835692588913204,0.18007230467360766,516,1.048938713665848e-12
driven_dt2p5e-4,397,0,-0.9226805184503813,0.0,1,0.007203058932635287,0.6327127636303985,0.0,-0.9154774595177461,0.0,517,2.779998453661392e-13
driven_dt2p5e-4,397,1,-1.3493022938056025,6.283185307179586,1,2.2370527710020296,-0.16643049030012133,0.0,-3.5863550648076323,6.283185307179586,517,2.779998453661392e-13
driven_dt2p5e-4,397,2,-1.7807710567401813,0.0,1,0.004683546622862078,0.40953729650441295,0.0,-1.7854546033630434,0.0,517,2.779998453661392e-13
driven_dt2p5e-4,397,3,-1.9776322153425845,0.0,1,0.0030463009652870188,0.3725839277336998,0.0,-1.9745859143772975,0.0,517,2.779998453661392e-13
driven_dt2p5e-4,397,4,-2.320247394247764,0.0,1,0.06756118493810881,0.3030358118317379,0.0,-2.3878085791858727,0.0,517,2.779998453661392e-13
driven_dt2p5e-4,397,5,-2.9438533246558065,0.18042077961838413,1,0.18284770122598012,0.22610116654122156,0.0,-2.9735454806152473,0.0,517,2.779998453661392e-13
driven_dt2p5e-4,398,0,-0.9226805184503813,0.0,1,0.004244777167972336,0.6317775841165688,0.0,-0.918435741282409,0.0,516,6.095124405192109e-13
driven_dt2p5e-4,398,1,-1.3493022938056025,6.283185307179586,0,2.3609410583416244,nan,nan,nan,nan,516,6.095124405192109e-13
driven_dt2p5e-4,398,2,-1.7807710567401813,0.0,1,0.07175663535781274,0.3960305809654907,0.0,-1.852527692097994,0.0,516,6.095124405192109e-13
driven_dt2p5e-4,398,3,-1.9776322153425845,0.0,1,0.12510452324459043,0.3960305809654907,0.0,-1.852527692097994,0.0,516,6.095124405192109e-13
driven_dt2p5e-4,398,4,-2.320247394247764,0.0,1,0.12824662411778043,0.3342051058650087,0.0,-2.1920007701299835,0.0,516,6.095124405192109e-13
driven_dt2p5e-4,398,5,-2.9438533246558065,0.18042077961838413,1,0.18617202564344396,0.2348124444694869,0.0,-2.897936384273442,0.0,516,6.095124405192109e-13
driven_dt2p5e-4,399,0,-0.9226805184503813,0.0,1,0.011981629946532069,0.6266725809413266,0.0,-0.9346621483969134,0.0,516,4.480860127387132e-13
driven_dt2p5e-4,399,1,-1.3493022938056025,6.283185307179586,1,0.10147104915493554,-0.48413733065954123,0.0,-1.450773342960538,6.283185307179586,516,4.480860127387132e-13
driven_dt2p5e-4,399,2,-1.7807710567401813,0.0,1,0.012563967933297615,0.40792680820020893,0.0,-1.793335024673479,0.0,516,4.480860127387132e-13
driven_dt2p5e-4,399,3,-1.9776322153425845,0.0,1,0.08488182903442465,0.3881454287751949,0.0,-1.8927503863081598,0.0,516,4.480860127387132e-13
driven_dt2p5e-4,399,4,-2.320247394247764,0.0,1,0.035253550088172325,0.30797074873201163,0.0,-2.3555009443359363,0.0,516,4.480860127387132e-13
driven_dt2p5e-4,399,5,-2.9438533246558065,0.18042077961838413,1,0.09660834990735369,0.21813851889911273,0.02369214147529559,-3.0335228052047385,0.21637293574157646,516,4.480860127387132e-13
driven_dt2p5e-4,400,0,-0.9226805184503813,0.0,1,0.0020426383726662722,0.6310823359810384,0.0,-0.9206378800777151,0.0,517,2.6201263381153694e-14
driven_dt2p5e-4,400,1,-1.3493022938056025,6.283185307179586,1,0.5859415733407125,-0.37998559549466804,0.0,-1.935243867146315,6.283185307179586,517,2.6201263381153694e-14
driven_dt2p5e-4,400,2,-1.7807710567401813,0.0,1,0.06543732365165611,0.39728388026318234,0.0,-1.8462083803918374,0.0,517,2.6201263381153694e-14
driven_dt2p5e-4,400,3,-1.9776322153425845,0.0,1,0.13142383495074705,0.39728388026318234,0.0,-1.8462083803918374,0.0,517,2.6201263381153694e-14
driven_dt2p5e-4,400,4,-2.320247394247764,0.0,1,0.10410566399805798,0.3301953383918944,0.0,-2.216141730249706,0.0,517,2.6201263381153694e-14
driven_dt2p5e-4,400,5,-2.9438533246558065,0.18042077961838413,1,0.14018323785973621,0.22989519507435663,0.0368161876522757,-2.914940940480714,0.31759006997942385,517,2.6201263381153694e-14
driven_dt2p5e-4,401,0,-0.9226805184503813,0.0,1,0.0038933388463220364,0.6316665784428572,0.0,-0.9187871796040593,0.0,516,2.8199664825478976e-13
driven_dt2p5e-4,401,1,-1.3493022938056025,6.283185307179586,1,0.3731800084545137,-0.6138153415831672,0.0,-0.9761222853510888,6.283185307179586,516,2.8199664825478976e-13
driven_dt2p5e-4,401,2,-1.7807710567401813,0.0,1,0.028181797385588903,0.404753747743921,0.0,-1.8089528541257702,0.0,516,2.8199664825478976e-13
driven_dt2p5e-4,401,3,-1.9776322153425845,0.0,1,0.07376153937921415,0.3859932726713734,0.0,-1.9038706759633703,0.0,516,2.8199664825478976e-13
driven_dt2p5e-4,401,4,-2.320247394247764,0.0,1,0.005691462161741878,0.3125566868911141,0.0,-2.325938856409506,0.0,516,2.8199664825478976e-13
driven_dt2p5e-4,401,5,-2.9438533246558065,0.18042077961838413,1,0.2064185156020581,0.21825987808176578,0.0,-3.0441376497781882,0.0,516,2.8199664825478976e-13
driven_dt2p5e-4,402,0,-0.9226805184503813,0.0,1,0.007188720270889237,0.632708227519509,0.0,-0.9154917981794921,0.0,516,4.96269692007445e-13
driven_dt2p5e-4,402,1,-1.3493022938056025,6.283185307179586,1,1.5356971194241764,-0.23633624840557457,0.0,-2.884999413229779,6.283185307179586,516,4.96269692007445e-13
driven_dt2p5e-4,402,2,-1.7807710567401813,0.0,1,0.012652617546649703,0.4079087273240161,0.0,-1.793423674286831,0.0,516,4.96269692007445e-13
driven_dt2p5e-4,402,3,-1.9776322153425845,0.0,1,0.14458847531725283,0.34607133822693664,0.0,-2.1222206906598373,0.0,516,4.96269692007445e-13
driven_dt2p5e-4,402,4,-2.320247394247764,0.0,1,0.19802670358792662,0.34607133822693664,0.0,-2.1222206906598373,0.0,516,4.96269692007445e-13
driven_dt2p5e-4,402,5,-2.9438533246558065,0.18042077961838413,1,0.37725288405701396,0.1896415752763171,0.014087347452409547,-3.319735915106976,0.14829576249693857,516,4.96269692007445e-13
driven_dt2p5e-4,403,0,-0.9226805184503813,0.0,1,0.007122833406736251,0.6326873842823172,0.0,-0.9155576850436451,0.0,516,8.071321389024888e-13
driven_dt2p5e-4,403,1,-1.3493022938056025,6.283185307179586,1,0.17794642337244482,-0.4659745040981342,0.0,-1.5272487171780473,6.283185307179586,516,8.071321389024888e-13
driven_dt2p5e-4,403,2,-1.7807710567401813,0.0,1,0.013590957838726991,0.41329649027697407,0.0,-1.7671800989014543,0.0,516,8.071321389024888e-13
driven_dt2p5e-4,403,3,-1.9776322153425845,0.0,1,0.15481905125595752,0.34430560364460744,0.0,-2.132451266598542,0.0,516,8.071321389024888e-13
driven_dt2p5e-4,403,4,-2.320247394247764,0.0,1,0.18779612764922193,0.34430560364460744,0.0,-2.132451266598542,0.0,516,8.071321389024888e-13
driven_dt2p5e-4,403,5,-2.9438533246558065,0.18042077961838413,1,0.31786042005126497,0.2615630760745843,0.0,-2.682159631730163,0.0,516,8.071321389024888e-13
driven_dt2p5e-4,404,0,-0.9226805184503813,0.0,1,0.0032035531299529074,0.6294291158121336,0.0,-0.9258840715803343,0.0,516,9.452438831658583e-13
driven_dt2p5e-4,404,1,-1.3493022938056025,6.283185307179586,1,0.4640463805514392,-0.40386511231554734,0.0,-1.8133486743570417,6.283185307179586,516,9.452438831658583e-13
driven_dt2p5e-4,404,2,-1.7807710567401813,0.0,1,0.07841429332424488,0.394714454684332,0.0,-1.8591853500644262,0.0,516,9.452438831658583e-13
driven_dt2p5e-4,404,3,-1.9776322153425845,0.0,1,0.11844686527815829,0.394714454684332,0.0,-1.8591853500644262,0.0,516,9.452438831658583e-13
driven_dt2p5e-4,404,4,-2.320247394247764,0.0,1,0.060586014346323935,0.3230879538290965,0.0,-2.25966137990144,0.0,516,9.452438831658583e-13
driven_dt2p5e-4,404,5,-2.9438533246558065,0.18042077961838413,1,0.18158251283346957,0.2318480707667013,0.0,-2.9233459784400817,0.0,516,9.452438831658583e-13
driven_dt2p5e-4,405,0,-0.9226805184503813,0.0,1,0.009347113911101768,0.6274986143531789,0.0,-0.9320276323614831,0.0,516,8.570921750106208e-14
driven_dt2p5e-4,405,1,-1.3493022938056025,6.283185307179586,0,2.434234412778868,nan,nan,nan,nan,516,8.570921750106208e-14
driven_dt2p5e-4,405,2,-1.7807710567401813,0.0,1,0.06686075931448432,0.3970012268381383,0.0,-1.8476318160546656,0.0,516,8.570921750106208e-14
driven_dt2p5e-4,405,3,-1.9776322153425845,0.0,1,0.13000039928791884,0.3970012268381383,0.0,-1.8476318160546656,0.0,516,8.570921750106208e-14
driven_dt2p5e-4,405,4,-2.320247394247764,0.0,1,0.19061828631391942,0.3447917891083799,0.0,-2.1296291079338445,0.0,516,8.570921750106208e-14
driven_dt2p5e-4,405,5,-2.9438533246558065,0.18042077961838413,1,0.3927754424791044,0.19274845775186975,0.0,-3.29273853571605,0.0,516,8.570921750106208e-14
driven_dt2p5e-4,406,0,-0.9226805184503813,0.0,1,0.0011892915879645471,0.6308131273760511,0.0,-0.9214912268624168,0.0,517,8.891776204222879e-13
driven_dt2p5e-4,406,1,-1.3493022938056025,6.283185307179586,1,1.3624253831046624,-0.2577245658740864,0.0,-2.711727676910265,6.283185307179586,517,8.891776204222879e-13
driven_dt2p5e-4,406,2,-1.7807710567401813,0.0,1,0.02408283458553373,0.4154703150851211,0.0,-1.7566882221546476,0.0,517,8.891776204222879e-13
driven_dt2p5e-4,406,3,-1.9776322153425845,0.0,1,0.1467110405303873,0.3457042535597857,0.0,-2.124343255872972,0.0,517,8.891776204222879e-13
driven_dt2p5e-4,406,4,-2.320247394247764,0.0,1,0.19590413837479215,0.3457042535597857,0.0,-2.124343255872972,0.0,517,8.891776204222879e-13
driven_dt2p5e-4,406,5,-2.9438533246558065,0.18042077961838413,1,0.11142873063612167,0.21860021617633418,0.013122557086916554,-3.0374243127692337,0.11991596828362974,517,8.891776204222879e-13
driven_dt2p5e-4,407,0,-0.9226805184503813,0.0,1,0.0013850704993338958,0.630874880352162,0.0,-0.9212954479510475,0.0,516,1.851852005074761e-13
driven_dt2p5e-4,407,1,-1.3493022938056025,6.283185307179586,1,1.110401374711042,-0.8874079693226524,0.0,-0.23890091909456063,6.283185307179586,516,1.851852005074761e-13
driven_dt2p5e-4,407,2,-1.7807710567401813,0.0,1,0.03323098628636045,0.4037331974584336,0.0,-1.8140020430265418,0.0,516,1.851852005074761e-13
driven_dt2p5e-4,407,3,-1.9776322153425845,0.0,1,0.1636301723160427,0.4037331974584336,0.0,-1.8140020430265418,0.0,516,1.851852005074761e-13
driven_dt2p5e-4,407,4,-2.320247394247764,0.0,1,0.129301041402055,0.33438134813921,0.0,-2.190946352845709,0.0,516,1.851852005074761e-13
driven_dt2p5e-4,407,5,-2.9438533246558065,0.18042077961838413,1,0.2863336349052049,0.25646670749087475,0.0,-2.721512836305345,0.0,516,1.851852005074761e-13
driven_dt2p5e-4,408,0,-0.9226805184503813,0.0,1,0.011857814374650388,0.6341870401539623,0.0,-0.910822704075731,0.0,515,1.7819079545233762e-13
driven_dt2p5e-4,408,1,-1.3493022938056025,6.283185307179586,1,1.293407907260023,-0.26677355193500984,0.0,-2.6427102010656256,6.283185307179586,515,1.7819079545233762e-13
driven_dt2p5e-4,408,2,-1.7807710567401813,0.0,1,0.05937798386234561,0.3984893444320288,0.0,-1.840149040602527,0.0,515,1.7819079545233762e-13
driven_dt2p5e-4,408,3,-1.9776322153425845,0.0,1,0.10343617717704578,0.3532659182125961,0.0,-2.0810683925196303,0.0,515,1.7819079545233762e-13
driven_dt2p5e-4,408,4,-2.320247394247764,0.0,1,0.0945624274254242,0.2989721329304008,0.0,-2.414809821673188,0.0,515,1.7819079545233762e-13
driven_dt2p5e-4,408,5,-2.9438533246558065,0.18042077961838413,1,0.21552000163832577,0.21634738836842046,0.0,-3.0617397674220483,0.0,515,1.7819079545233762e-13
driven_dt2p5e-4,409,0,-0.9226805184503813,0.0,1,0.012610792635878165,0.6264754724430981,0.0,-0.9352913110862595,0.0,516,2.935429677108914e-13
driven_dt2p5e-4,409,1,-1.3493022938056025,6.283185307179586,1,0.20785164311717175,-0.5651153974906671,0.0,-1.1414506506884308,6.283185307179586,516,2.935429677108914e-13
driven_dt2p5e-4,409,2,-1.7807710567401813,0.0,1,0.02359827683783622,0.4153696675979369,0.0,-1.757172779902345,0.0,516,2.935429677108914e-13
driven_dt2p5e-4,409,3,-1.9776322153425845,0.0,1,0.09073375497319525,0.3892827910550465,0.0,-1.8868984603693892,0.0,516,2.935429677108914e-13
driven_dt2p5e-4,409,4,-2.320247394247764,0.0,1,0.02979524542078682,0.3181519836363888,0.0,-2.290452148826977,0.0,516,2.935429677108914e-13
driven_dt2p5e-4,409,5,-2.9438533246558065,0.18042077961838413,1,0.15041097133585765,0.22394083994550157,0.004261488641736869,-2.992384681379497,0.03805446438632484,516,2.935429677108914e-13
driven_dt2p5e-4,410,0,-0.9226805184503813,0.0,1,0.00846826109893195,0.6331131450374966,0.0,-0.9142122573514494,0.0,516,1.06314956838105e-12
driven_dt2p5e-4,410,1,-1.3493022938056025,6.283185307179586,1,2.1369547624535588,-0.17374368926690764,0.10509051622014036,-3.1885676394190807,5.1952153419699405,516,1.06314956838105e-12
driven_dt2p5e-4,410,2,-1.7807710567401813,0.0,1,0.005077805581022776,0.40945657258728235,0.0,-1.785848862321204,0.0,516,1.06314956838105e-12
driven_dt2p5e-4,410,3,-1.9776322153425845,0.0,1,0.06780660664520344,0.3596156664557789,0.0,-2.045438821987788,0.0,516,1.06314956838105e-12
driven_dt2p5e-4,410,4,-2.320247394247764,0.0,1,0.274808572259976,0.3596156664557789,0.0,-2.045438821987788,0.0,516,1.06314956838105e-12
driven_dt2p5e-4,410,5,-2.9438533246558065,0.18042077961838413,1,0.31023851755160686,0.2603480075211141,0.0,-2.691472104961248,0.0,516,1.06314956838105e-12
driven_dt2p5e-4,411,0,-0.9226805184503813,0.0,1,0.009176197098995309,0.6275522416759822,0.0,-0.9318567155493767,0.0,516,4.050093593832571e-13
driven_dt2p5e-4,411,1,-1.3493022938056025,6.283185307179586,0,2.39706965860945,nan,nan,nan,nan,516,4.050093593832571e-13
driven_dt2p5e-4,411,2,-1.7807710567401813,0.0,1,0.07826535866109796,0.39474384911095445,0.0,-1.8590364154012793,0.0,516,4.050093593832571e-13
driven_dt2p5e-4,411,3,-1.9776322153425845,0.0,1,0.1185957999413052,0.39474384911095445,0.0,-1.8590364154012793,0.0,516,4.050093593832571e-13
driven_dt2p5e-4,411,4,-2.320247394247764,0.0,1,0.1436265838740085,0.3367850435247435,0.0,-2.1766208103737554,0.0,516,4.050093593832571e-13
driven_dt2p5e-4,411,5,-2.9438533246558065,0.18042077961838413,1,0.29063837350591587,0.20477256081953846,0.0,-3.171710750332607,0.0,516,4.050093593832571e-13
driven_dt2p5e-4,412,0,-0.9226805184503813,0.0,1,0.008065258767043115,0.6279009244285659,0.0,-0.9307457772174245,0.0,516,5.666578317686799e-13
driven_dt2p5e-4,412,1,-1.3493022938056025,6.283185307179586,0,2.535188613801678,nan,nan,nan,nan,516,5.666578317686799e-13
driven_dt2p5e-4,412,2,-1.7807710567401813,0.0,1,0.018815230474942712,0.4066537699727575,0.0,-1.799586287215124,0.0,516,5.666578317686799e-13
driven_dt2p5e-4,412,3,-1.9776322153425845,0.0,1,0.17352936070604175,0.34109959120322764,0.0,-2.1511615760486262,0.0,516,5.666578317686799e-13
driven_dt2p5e-4,412,4,-2.320247394247764,0.0,1,0.1690858181991377,0.34109959120322764,0.0,-2.1511615760486262,0.0,516,5.666578317686799e-13
driven_dt2p5e-4,412,5,-2.9438533246558065,0.18042077961838413,1,0.2606232719008295,0.20107370834698665,0.026706386558845947,-3.190680396466515,0.2640920798212911,516,5.666578317686799e-13
driven_dt2p5e-4,413,0,-0.9226805184503813,0.0,1,0.004452516902674009,0.6318432101786524,0.0,-0.9182280015477073,0.0,517,3.68594044175552e-14
driven_dt2p5e-4,413,1,-1.3493022938056025,6.283185307179586,1,2.0508810053688005,-0.18248913381415174,0.06770393842025905,-3.2731707977396556,5.572662346429484,517,3.68594044175552e-14
driven_dt2p5e-4,413,2,-1.7807710567401813,0.0,1,0.018621849503511978,0.4066930914242686,0.0,-1.7993929062436933,0.0,517,3.68594044175552e-14
driven_dt2p5e-4,413,3,-1.9776322153425845,0.0,1,0.17823930909889119,0.4066930914242686,0.0,-1.7993929062436933,0.0,517,3.68594044175552e-14
driven_dt2p5e-4,413,4,-2.320247394247764,0.0,1,0.14896926142590283,0.33768591319899566,0.0,-2.171278132821861,0.0,517,3.68594044175552e-14
driven_dt2p5e-4,413,5,-2.9438533246558065,0.18042077961838413,1,0.18509951444508793,0.20882694483756659,0.015883043554450842,-3.1267305580591587,0.15182449051397112,517,3.68594044175552e-14
driven_dt2p5e-4,414,0,-0.9226805184503813,0.0,1,0.01104204125381092,0.6269670573431303,0.0,-0.9337225597041923,0.0,516,1.5851764345597985e-12
driven_dt2p5e-4,414,1,-1.3493022938056025,6.283185307179586,1,1.9452450823885181,-1.3471232519132676,0.0,0.5959427885829155,6.283185307179586,516,1.5851764345597985e-12
driven_dt2p5e-4,414,2,-1.7807710567401813,0.0,1,0.056645756233610234,0.399034098243468,0.0,-1.8374168129737916,0.0,516,1.5851764345597985e-12
driven_dt2p5e-4,414,3,-1.9776322153425845,0.0,1,0.14021540236879293,0.399034098243468,0.0,-1.8374168129737916,0.0,516,1.5851764345597985e-12
driven_dt2p5e-4,414,4,-2.320247394247764,0.0,1,0.1370807959345024,0.3356845836133209,0.0,-2.1831665983132615,0.0,516,1.5851764345597985e-12
driven_dt2p5e-4,414,5,-2.9438533246558065,0.18042077961838413,1,0.29113580122743227,0.20470764355043736,0.0,-3.172344893511713,0.0,516,1.5851764345597985e-12
driven_dt2p5e-4,415,0,-0.9226805184503813,0.0,1,0.010691236827777284,0.6338172338356033,0.0,-0.9119892816226041,0.0,516,8.15791878494565e-13
driven_dt2p5e-4,415,1,-1.3493022938056025,6.283185307179586,1,2.142602329814644,-0.1741622651598541,0.04217096968998926,-3.4385602007156075,5.808057806248345,516,8.15791878494565e-13
driven_dt2p5e-4,415,2,-1.7807710567401813,0.0,1,0.005744310161805988,0.4093201429806538,0.0,-1.7865153669019873,0.0,516,8.15791878494565e-13
driven_dt2p5e-4,415,3,-1.9776322153425845,0.0,1,0.18932922104564565,0.33841554410312613,0.0,-2.16696143638823,0.0,516,8.15791878494565e-13
driven_dt2p5e-4,415,4,-2.320247394247764,0.0,1,0.1532859578595338,0.33841554410312613,0.0,-2.16696143638823,0.0,516,8.15791878494565e-13
driven_dt2p5e-4,415,5,-2.9438533246558065,0.18042077961838413,1,0.18328161935819448,0.22581142987469816,0.0,-2.976110018169813,0.0,516,8.15791878494565e-13
driven_dt2p5e-4,416,0,-0.9226805184503813,0.0,1,0.00042777475734778747,0.6305729856902008,0.0,-0.9222527436930336,0.0,516,2.1316282072803006e-14
driven_dt2p5e-4,416,1,-1.3493022938056025,6.283185307179586,1,2.114594331105018,-0.17655228246018823,0.053929886508299885,-3.3790697797828524,5.690266140672826,516,2.1316282072803006e-14
driven_dt2p5e-4,416,2,-1.7807710567401813,0.0,1,0.05385793900633784,0.4217019226876342,0.0,-1.7269131177338435,0.0,516,2.1316282072803006e-14
driven_dt2p5e-4,416,3,-1.9776322153425845,0.0,1,0.1655376279331251,0.3424653063846533,0.0,-2.1431698432757096,0.0,516,2.1316282072803006e-14
driven_dt2p5e-4,416,4,-2.320247394247764,0.0,1,0.17707755097205435,0.3424653063846533,0.0,-2.1431698432757096,0.0,516,2.1316282072803006e-14
driven_dt2p5e-4,416,5,-2.9438533246558065,0.18042077961838413,1,0.31290229680346754,0.199058830407415,0.03705238323398402,-3.194249139658649,0.36806348044617404,516,2.1316282072803006e-14
driven_dt2p5e-4,417,0,-0.9226805184503813,0.0,1,0.002895668301601151,0.6295260191083466,0.0,-0.9255761867519825,0.0,516,2.0881074647149944e-12
driven_dt2p5e-4,417,1,-1.3493022938056025,6.283185307179586,1,1.9017249305408883,-0.19875024708874178,0.10218577374758156,-2.996861048896687,5.333391719096649,516,2.0881074647149944e-12
driven_dt2p5e-4,417,2,-1.7807710567401813,0.0,1,0.1246683322471005,0.43689981684203677,0.0,-1.6561027244930808,0.0,516,2.0881074647149944e-12
driven_dt2p5e-4,417,3,-1.9776322153425845,0.0,1,0.059377421387898144,0.38322714528139845,0.0,-1.9182547939546863,0.0,516,2.0881074647149944e-12
driven_dt2p5e-4,417,4,-2.320247394247764,0.0,1,0.02221419532782276,0.3099851782360385,0.0,-2.3424615895755867,0.0,516,2.0881074647149944e-12
driven_dt2p5e-4,417,5,-2.9438533246558065,0.18042077961838413,1,0.1833975084185785,0.22573781659887793,0.0,-2.9767621133912954,0.0,516,2.0881074647149944e-12
driven_dt2p5e-4,418,0,-0.9226805184503813,0.0,1,0.003433073338120596,0.6315212279990773,0.0,-0.9192474451122608,0.0,516,5.573319583618286e-13
driven_dt2p5e-4,418,1,-1.3493022938056025,6.283185307179586,1,1.0942798021504296,-0.2947018687753863,0.0,-2.443582095956032,6.283185307179586,516,5.573319583618286e-13
driven_dt2p5e-4,418,2,-1.7807710567401813,0.0,1,0.08692116786425319,0.4287312794961584,0.0,-1.6938498888759281,0.0,516,5.573319583618286e-13
driven_dt2p5e-4,418,3,-1.9776322153425845,0.0,1,0.04977521538907914,0.38139164203059894,0.0,-1.9278569999535053,0.0,516,5.573319583618286e-13
driven_dt2p5e-4,418,4,-2.320247394247764,0.0,1,0.13055413828104712,0.29363999573492333,0.0,-2.450801532528811,0.0,516,5.573319583618286e-13
driven_dt2p5e-4,418,5,-2.9438533246558065,0.18042077961838413,1,0.24166616385040338,0.24869311247505543,0.0,-2.7830712453308255,0.0,516,5.573319583618286e-13
driven_dt2p5e-4,419,0,-0.9226805184503813,0.0,1,0.024195839946683062,0.622857088354553,0.0,-0.9468763583970644,0.0,517,8.881784197001252e-15
driven_dt2p5e-4,419,1,-1.3493022938056025,6.283185307179586,0,2.30815705974943,nan,nan,nan,nan,517,8.881784197001252e-15
driven_dt2p5e-4,419,2,-1.7807710567401813,0.0,1,0.03295109013604991,0.4037897030961296,0.0,-1.8137221468762312,0.0,517,8.881784197001252e-15
driven_dt2p5e-4,419,3,-1.9776322153425845,0.0,1,0.16346606065280422,0.3428202101163388,0.0,-2.1410982759953887,0.0,517,8.881784197001252e-15
driven_dt2p5e-4,419,4,-2.320247394247764,0.0,1,0.17914911825237523,0.3428202101163388,0.0,-2.1410982759953887,0.0,517,8.881784197001252e-15
driven_dt2p5e-4,419,5,-2.9438533246558065,0.18042077961838413,1,0.22727839599876007,0.21877328810653754,0.0444513298543518,-2.9989841087483318,0.4009112917342404,517,8.881784197001252e-15
driven_dt2p5e-4,420,0,-0.9226805184503813,0.0,1,0.01356763552305551,0.6261758248278367,0.0,-0.9362481539734369,0.0,516,1.4268586312482512e-12
driven_dt2p5e-4,420,1,-1.3493022938056025,6.283185307179586,1,0.5363626345688992,-0.6659971887023154,0.0,-0.8129396592367033,6.283185307179586,516,1.4268586312482512e-12
driven_dt2p5e-4,420,2,-1.7807710567401813,0.0,1,0.016792700359756996,0.4070652127246447,0.0,-1.7975637570999383,0.0,516,1.4268586312482512e-12
driven_dt2p5e-4,420,3,-1.9776322153425845,0.0,1,0.11376757504331136,0.35144575808288836,0.0,-2.091399790385896,0.0,516,1.4268586312482512e-12
driven_dt2p5e-4,420,4,-2.320247394247764,0.0,1,0.16755410606489862,0.34083845801979273,0.0,-2.1526932881828653,0.0,516,1.4268586312482512e-12
driven_dt2p5e-4,420,5,-2.9438533246558065,0.18042077961838413,1,0.246563671648986,0.2495989370706631,0.0,-2.7757998020538586,0.0,516,1.4268586312482512e-12
driven_dt2p5e-4,421,0,-0.9226805184503813,0.0,1,0.011803497259706863,0.6341698167826665,0.0,-0.9108770211906745,0.0,516,2.0441426329398382e-12
driven_dt2p5e-4,421,1,-1.3493022938056025,6.283185307179586,0,2.3400164224516082,nan,nan,nan,nan,516,2.0441426329398382e-12
driven_dt2p5e-4,421,2,-1.7807710567401813,0.0,1,0.07573138897239051,0.39524430055042864,0.0,-1.8565024457125718,0.0,516,2.0441426329398382e-12
driven_dt2p5e-4,421,3,-1.9776322153425845,0.0,1,0.12112976963001265,0.39524430055042864,0.0,-1.8565024457125718,0.0,516,2.0441426329398382e-12
driven_dt2p5e-4,421,4,-2.320247394247764,0.0,1,0.0007486680297530413,0.31356476193159505,0.0,-2.319498726218011,0.0,516,2.0441426329398382e-12
driven_dt2p5e-4,421,5,-2.9438533246558065,0.18042077961838413,1,0.19483237722367988,0.2380779546921971,0.0,-2.8703142364337952,0.0,516,2.0441426329398382e-12
driven_dt2p5e-4,422,0,-0.9226805184503813,0.0,1,0.013734352144732398,0.6347823573611673,0.0,-0.908946166305649,0.0,516,2.1249668691325496e-13
driven_dt2p5e-4,422,1,-1.3493022938056025,6.283185307179586,1,0.1290687372039161,-0.5432874211879879,0.0,-1.2202335566016864,6.283185307179586,516,2.1249668691325496e-13
driven_dt2p5e-4,422,2,-1.7807710567401813,0.0,1,0.04863928429935127,0.40063472760856317,0.0,-1.8294103410395326,0.0,516,2.1249668691325496e-13
driven_dt2p5e-4,422,3,-1.9776322153425845,0.0,1,0.1482218743030519,0.40063472760856317,0.0,-1.8294103410395326,0.0,516,2.1249668691325496e-13
driven_dt2p5e-4,422,4,-2.320247394247764,0.0,1,0.10181005868727055,0.3298165567305734,0.0,-2.2184373355604934,0.0,516,2.1249668691325496e-13
driven_dt2p5e-4,422,5,-2.9438533246558065,0.18042077961838413,1,0.18382852272873637,0.23356126831691232,0.0,-2.9086216904257,0.0,516,2.1249668691325496e-13
driven_dt2p5e-4,423,0,-0.9226805184503813,0.0,1,0.009683078403154743,0.6334978202552586,0.0,-0.9129974400472266,0.0,517,4.658495811327157e-13
driven_dt2p5e-4,423,1,-1.3493022938056025,6.283185307179586,1,1.4660745660625587,-0.2447082902337106,0.0,-2.815376859868161,6.283185307179586,517,4.658495811327157e-13
driven_dt2p5e-4,423,2,-1.7807710567401813,0.0,1,0.02161177701095851,0.40608555422989157,0.0,-1.8023828337511398,0.0,517,4.658495811327157e-13
driven_dt2p5e-4,423,3,-1.9776322153425845,0.0,1,0.16778210967946627,0.3420811933941479,0.0,-2.1454143250220508,0.0,517,4.658495811327157e-13
driven_dt2p5e-4,423,4,-2.320247394247764,0.0,1,0.17483306922571318,0.3420811933941479,0.0,-2.1454143250220508,0.0,517,4.658495811327157e-13
driven_dt2p5e-4,423,5,-2.9438533246558065,0.18042077961838413,1,0.1841046936449576,0.22531647053124063,0.0,-2.9804986586561695,0.0,517,4.658495811327157e-13
driven_dt2p5e-4,424,0,-0.9226805184503813,0.0,1,0.009698443979570759,0.6335026873035381,0.0,-0.9129820744708106,0.0,515,1.4814816040598089e-12
driven_dt2p5e-4,424,1,-1.3493022938056025,6.283185307179586,0,2.629065291983685,nan,nan,nan,nan,515,1.4814816040598089e-12
driven_dt2p5e-4,424,2,-1.7807710567401813,0.0,1,0.021035225484236975,0.4148377016403677,0.0,-1.7597358312559443,0.0,515,1.4814816040598089e-12
driven_dt2p5e-4,424,3,-1.9776322153425845,0.0,1,0.12371741649383017,0.349701685206472,0.0,-2.1013496318364147,0.0,515,1.4814816040598089e-12
driven_dt2p5e-4,424,4,-2.320247394247764,0.0,1,0.21889776241134928,0.349701685206472,0.0,-2.1013496318364147,0.0,515,1.4814816040598089e-12
driven_dt2p5e-4,424,5,-2.9438533246558065,0.18042077961838413,1,0.20001967092286269,0.23960776980471354,0.0,-2.8575039700665292,0.0,515,1.4814816040598089e-12
driven_dt2p5e-4,425,0,-0.9226805184503813,0.0,1,0.009419276032374246,0.6334142666523556,0.0,-0.9132612424180071,0.0,517,1.6653345369377348e-13
driven_dt2p5e-4,425,1,-1.3493022938056025,6.283185307179586,1,1.8346319721829694,-1.2746413426919103,0.0,0.48532967837736685,6.283185307179586,517,1.6653345369377348e-13
driven_dt2p5e-4,425,2,-1.7807710567401813,0.0,1,0.010702047904988188,0.40830674857455246,0.0,-1.7914731046451695,0.0,517,1.6653345369377348e-13
driven_dt2p5e-4,425,3,-1.9776322153425845,0.0,1,0.18615911069741498,0.40830674857455246,0.0,-1.7914731046451695,0.0,517,1.6653345369377348e-13
driven_dt2p5e-4,425,4,-2.320247394247764,0.0,1,0.12133799262881917,0.29499623263924374,0.0,-2.441585386876583,0.0,517,1.6653345369377348e-13
driven_dt2p5e-4,425,5,-2.9438533246558065,0.18042077961838413,1,0.19289697046791798,0.22178431848938432,0.0,-3.012099815390461,0.0,517,1.6653345369377348e-13
driven_dt2p5e-4,426,0,-0.9226805184503813,0.0,1,0.012679192573185283,0.6344475473483212,0.0,-0.9100013258771961,0.0,516,8.704148513061227e-13
driven_dt2p5e-4,426,1,-1.3493022938056025,6.283185307179586,1,2.0436121422843136,-0.18333187975853732,0.0,-3.392914436089916,6.283185307179586,516,8.704148513061227e-13
driven_dt2p5e-4,426,2,-1.7807710567401813,0.0,1,0.07921654130224853,0.39455615699837443,0.0,-1.8599875980424299,0.0,516,8.704148513061227e-13
driven_dt2p5e-4,426,3,-1.9776322153425845,0.0,1,0.11764461730015463,0.39455615699837443,0.0,-1.8599875980424299,0.0,516,8.704148513061227e-13
driven_dt2p5e-4,426,4,-2.320247394247764,0.0,1,0.18247013849492966,0.34338993943475593,0.0,-2.1377772557528343,0.0,516,8.704148513061227e-13
driven_dt2p5e-4,426,5,-2.9438533246558065,0.18042077961838413,1,0.27941561166921225,0.25531737287056044,0.0,-2.7304958164064494,0.0,516,8.704148513061227e-13
driven_dt2p5e-4,427,0,-0.9226805184503813,0.0,1,0.011321204463071832,0.6340169074529357,0.0,-0.9113593139873095,0.0,517,1.1102230246251565e-13
driven_dt2p5e-4,427,1,-1.3493022938056025,6.283185307179586,1,1.7180388595330058,-0.2157423134712878,0.0,-3.0673411533386084,6.283185307179586,517,1.1102230246251565e-13
driven_dt2p5e-4,427,2,-1.7807710567401813,0.0,1,0.019315636596470176,0.40655203668236023,0.0,-1.8000866933366515,0.0,517,1.1102230246251565e-13
driven_dt2p5e-4,427,3,-1.9776322153425845,0.0,1,0.061255148791250935,0.3607956014154239,0.0,-2.0388873641338354,0.0,517,1.1102230246251565e-13
driven_dt2p5e-4,427,4,-2.320247394247764,0.0,1,0.13300353064955095,0.3350009431462456,0.0,-2.187243863598213,0.0,517,1.1102230246251565e-13
driven_dt2p5e-4,427,5,-2.9438533246558065,0.18042077961838413,1,0.07082699640956834,0.23456096236389046,0.02631259769025556,-2.8875741134343205,0.22342210290835238,517,1.1102230246251565e-13
driven_dt2p5e-4,428,0,-0.9226805184503813,0.0,1,0.0007854634820876338,0.6301905840585008,0.0,-0.923465981932469,0.0,517,1.4455103780619538e-13
driven_dt2p5e-4,428,1,-1.3493022938056025,6.283185307179586,1,1.856462872018126,-0.20131537254429988,0.0,-3.2057651658237285,6.283185307179586,517,1.4455103780619538e-13
driven_dt2p5e-4,428,2,-1.7807710567401813,0.0,1,0.06123773583989078,0.42326083428847455,0.0,-1.7195333209002905,0.0,517,1.4455103780619538e-13
driven_dt2p5e-4,428,3,-1.9776322153425845,0.0,1,0.12676641564228874,0.3963597978331815,0.0,-1.8508657997002957,0.0,517,1.4455103780619538e-13
driven_dt2p5e-4,428,4,-2.320247394247764,0.0,1,0.22716903120267284,0.2797921668359945,0.0,-2.547416425450437,0.0,517,1.4455103780619538e-13
driven_dt2p5e-4,428,5,-2.9438533246558065,0.18042077961838413,1,0.4253002158070785,0.27498590657956484,0.048025052846373435,-2.5520257198456924,0.34580337142996675,517,1.4455103780619538e-13
driven_dt2p5e-4,429,0,-0.9226805184503813,0.0,1,0.02880650514110983,0.6214228494394209,0.0,-0.9514870235914912,0.0,516,1.509903313490213e-13
driven_dt2p5e-4,429,1,-1.3493022938056025,6.283185307179586,0,2.3070303990152223,nan,nan,nan,nan,516,1.509903313490213e-13
driven_dt2p5e-4,429,2,-1.7807710567401813,0.0,1,0.007881006200216145,0.40888308012586805,0.0,-1.7886520629403975,0.0,516,1.509903313490213e-13
driven_dt2p5e-4,429,3,-1.9776322153425845,0.0,1,0.0431872451201567,0.36406977861291284,0.0,-2.020819460462741,0.0,516,1.509903313490213e-13
driven_dt2p5e-4,429,4,-2.320247394247764,0.0,1,0.28416896484480336,0.2719306578543911,0.0,-2.6044163590925673,0.0,516,1.509903313490213e-13
driven_dt2p5e-4,429,5,-2.9438533246558065,0.18042077961838413,1,0.2575337969857079,0.20933646115337626,0.0,-3.1276249189563683,0.0,516,1.509903313490213e-13
driven_dt2p5e-4,430,0,-0.9226805184503813,0.0,1,0.01089447500300289,0.627013318638777,0.0,-0.9335749934533842,0.0,517,8.688605390716475e-13
driven_dt2p5e-4,430,1,-1.3493022938056025,6.283185307179586,1,1.9566850677321652,-0.19147583223211778,0.0,-3.3059873615377677,6.283185307179586,517,8.688605390716475e-13
driven_dt2p5e-4,430,2,-1.7807710567401813,0.0,1,0.02585584518829731,0.4052247405019592,0.0,-1.8066269019284786,0.0,517,8.688605390716475e-13
driven_dt2p5e-4,430,3,-1.9776322153425845,0.0,1,0.17100531341410585,0.4052247405019592,0.0,-1.8066269019284786,0.0,517,8.688605390716475e-13
driven_dt2p5e-4,430,4,-2.320247394247764,0.0,1,0.018014896497015265,0.3162835211344888,0.0,-2.3022324977507487,0.0,517,8.688605390716475e-13
driven_dt2p5e-4,430,5,-2.9438533246558065,0.18042077961838413,1,0.11955163336720985,0.2223177889624992,0.032731089041307934,-2.9858507870704556,0.29235292956422365,517,8.688605390716475e-13
driven_dt2p5e-4,431,0,-0.9226805184503813,0.0,1,0.0005545568001796841,0.6306129596228218,0.0,-0.9221259616502017,0.0,515,2.277289468111121e-12
driven_dt2p5e-4,431,1,-1.3493022938056025,6.283185307179586,0,2.3265104607495717,nan,nan,nan,nan,515,2.277289468111121e-12
driven_dt2p5e-4,431,2,-1.7807710567401813,0.0,1,0.019573175749317162,0.4145345557815893,0.0,-1.7611978809908642,0.0,515,2.277289468111121e-12
driven_dt2p5e-4,431,3,-1.9776322153425845,0.0,1,0.04490611713229553,0.3637570183544161,0.0,-2.02253833247488,0.0,515,2.277289468111121e-12
driven_dt2p5e-4,431,4,-2.320247394247764,0.0,1,0.04866664852589819,0.3211681783808142,0.0,-2.2715807457218657,0.0,515,2.277289468111121e-12
driven_dt2p5e-4,431,5,-2.9438533246558065,0.18042077961838413,1,0.24182087441795824,0.24872201809954306,0.0,-2.782838798646007,0.0,515,2.277289468111121e-12
driven_dt2p5e-4,432,0,-0.9226805184503813,0.0,1,0.015381877846709635,0.6256080650385034,0.0,-0.938062396297091,0.0,517,3.0597746558669314e-13
driven_dt2p5e-4,432,1,-1.3493022938056025,6.283185307179586,1,1.6972968907141197,-0.21799141618643428,0.0,-3.0465991845197222,6.283185307179586,517,3.0597746558669314e-13
driven_dt2p5e-4,432,2,-1.7807710567401813,0.0,1,0.11413912846183427,0.39799384968146234,0.019399191548650368,-1.840264446060088,0.09740778856568456,517,3.0597746558669314e-13
driven_dt2p5e-4,432,3,-1.9776322153425845,0.0,1,0.16839887562245262,0.39799384968146234,0.019399191548650368,-1.840264446060088,0.09740778856568456,517,3.0597746558669314e-13
driven_dt2p5e-4,432,4,-2.320247394247764,0.0,1,0.07556718062907164,0.3255171577278088,0.0,-2.2446802136186923,0.0,517,3.0597746558669314e-13
driven_dt2p5e-4,432,5,-2.9438533246558065,0.18042077961838413,1,0.20448487700928028,0.21151792522468996,0.0059210580261710695,-3.106107751596486,0.0559717303506129,517,3.0597746558669314e-13
driven_dt2p5e-4,433,0,-0.9226805184503813,0.0,1,0.010875483097267047,0.6270192727559682,0.0,-0.9335560015476484,0.0,515,5.559996907322784e-13
driven_dt2p5e-4,433,1,-1.3493022938056025,6.283185307179586,1,1.8167816646045833,-0.2053494782832115,0.0,-3.166083958410186,6.283185307179586,515,5.559996907322784e-13
driven_dt2p5e-4,433,2,-1.7807710567401813,0.0,1,0.0789713024818881,0.39460454020792823,0.0,-1.8597423592220694,0.0,515,5.559996907322784e-13
driven_dt2p5e-4,433,3,-1.9776322153425845,0.0,1,0.07849361176100045,0.3576991841463842,0.0,-2.056125827103585,0.0,515,5.559996907322784e-13
driven_dt2p5e-4,433,4,-2.320247394247764,0.0,1,0.16938123220019377,0.292318579045914,0.014549895004545581,-2.457347697174729,0.09946611864846429,515,5.559996907322784e-13
driven_dt2p5e-4,433,5,-2.9438533246558065,0.18042077961838413,1,0.19244312156270063,0.23729523683984052,0.0,-2.87690037611214,0.0,515,5.559996907322784e-13
driven_dt2p5e-4,434,0,-0.9226805184503813,0.0,1,0.0006156309196787557,0.6306322169824787,0.0,-0.9220648875307026,0.0,516,2.9176661087149114e-13
driven_dt2p5e-4,434,1,-1.3493022938056025,6.283185307179586,1,0.7956742623584099,-0.7581954964390506,0.0,-0.5536280314471926,6.283185307179586,516,2.9176661087149114e-13
driven_dt2p5e-4,434,2,-1.7807710567401813,0.0,1,0.031710608807702156,0.40404022757446756,0.0,-1.8124816655478835,0.0,516,2.9176661087149114e-13
driven_dt2p5e-4,434,3,-1.9776322153425845,0.0,1,0.11922604992532637,0.3504878868849913,0.0,-2.096858265267911,0.0,516,2.9176661087149114e-13
driven_dt2p5e-4,434,4,-2.320247394247764,0.0,1,0.22338912897985308,0.3504878868849913,0.0,-2.096858265267911,0.0,516,2.9176661087149114e-13
driven_dt2p5e-4,434,5,-2.9438533246558065,0.18042077961838413,1,0.18072808456146222,0.22827731807361834,0.0,-2.9543881635795635,0.0,516,2.9176661087149114e-13
driven_dt2p5e-4,435,0,-0.9226805184503813,0.0,1,0.003539130991577988,0.629323513433472,0.0,-0.9262196494419593,0.0,516,4.289901767151605e-13
driven_dt2p5e-4,435,1,-1.3493022938056025,6.283185307179586,1,2.2417457032391814,-0.1636559738025147,0.09643197371324505,-3.3219499752666053,5.2182510731454546,516,4.289901767151605e-13
driven_dt2p5e-4,435,2,-1.7807710567401813,0.0,1,0.06393105482046546,0.3975832011264433,0.0,-1.8447021115606468,0.0,516,4.289901767151605e-13
driven_dt2p5e-4,435,3,-1.9776322153425845,0.0,1,0.1329301037819377,0.3975832011264433,0.0,-1.8447021115606468,0.0,516,4.289901767151605e-13
driven_dt2p5e-4,435,4,-2.320247394247764,0.0,1,0.17633279810213143,0.3423378041156573,0.0,-2.1439145961456325,0.0,516,4.289901767151605e-13
driven_dt2p5e-4,435,5,-2.9438533246558065,0.18042077961838413,1,0.21895326134849266,0.21568147544131339,0.0,-3.067905220800266,0.0,516,4.289901767151605e-13
driven_dt2p5e-4,436,0,-0.9226805184503813,0.0,1,0.005748232733981173,0.6286287773547453,0.0,-0.9284287511843625,0.0,517,3.3439917501709715e-13
driven_dt2p5e-4,436,1,-1.3493022938056025,6.283185307179586,1,1.3025435359574102,-0.2655577587493607,0.0,-2.6518458297630128,6.283185307179586,517,3.3439917501709715e-13
driven_dt2p5e-4,436,2,-1.7807710567401813,0.0,1,0.002448270946829867,0.4110002760232649,0.0,-1.7783227857933515,0.0,517,3.3439917501709715e-13
driven_dt2p5e-4,436,3,-1.9776322153425845,0.0,1,0.05983269101564059,0.3833143910509955,0.0,-1.917799524326944,0.0,517,3.3439917501709715e-13
driven_dt2p5e-4,436,4,-2.320247394247764,0.0,1,0.2210242350629641,0.35007369847534425,0.0,-2.0992231591848,0.0,517,3.3439917501709715e-13
driven_dt2p5e-4,436,5,-2.9438533246558065,0.18042077961838413,1,0.21116308748723958,0.24242392834608917,0.0,-2.8341346307197317,0.0,517,3.3439917501709715e-13
driven_dt2p5e-4,437,0,-0.9226805184503813,0.0,1,0.0006902026666658623,0.6306557310939115,0.0,-0.9219903157837155,0.0,517,6.994405055138486e-14
driven_dt2p5e-4,437,1,-1.3493022938056025,6.283185307179586,1,2.1328000421352336,-0.17508603956842544,0.038701187876101405,-3.4372525308271573,5.848099307113291,517,6.994405055138486e-14
driven_dt2p5e-4,437,2,-1.7807710567401813,0.0,1,0.03602301830229826,0.403169972678708,0.0,-1.8167940750424796,0.0,517,6.994405055138486e-14
driven_dt2p5e-4,437,3,-1.9776322153425845,0.0,1,0.1608381403001049,0.403169972678708,0.0,-1.8167940750424796,0.0,517,6.994405055138486e-14
driven_dt2p5e-4,437,4,-2.320247394247764,0.0,1,0.1545539179538249,0.3386301608299042,0.0,-2.165693476293939,0.0,517,6.994405055138486e-14
driven_dt2p5e-4,437,5,-2.9438533246558065,0.18042077961838413,1,0.19159187700715874,0.23700028027082262,0.0,-2.879387910540789,0.0,517,6.994405055138486e-14
driven_dt2p5e-4,438,0,-0.9226805184503813,0.0,1,0.002904278199320598,0.6295233090368618,0.0,-0.925584796649702,0.0,515,6.536993168992922e-13
driven_dt2p5e-4,438,1,-1.3493022938056025,6.283185307179586,1,1.756268368363535,-0.21349641627467003,0.07218321656834842,-2.9800334176467413,5.631115845043742,515,6.536993168992922e-13
driven_dt2p5e-4,438,2,-1.7807710567401813,0.0,1,0.045519033498384376,0.4012602558477909,0.0,-1.8262900902385657,0.0,515,6.536993168992922e-13
driven_dt2p5e-4,438,3,-1.9776322153425845,0.0,1,0.1513421251040188,0.4012602558477909,0.0,-1.8262900902385657,0.0,515,6.536993168992922e-13
driven_dt2p5e-4,438,4,-2.320247394247764,0.0,1,0.11442043101138077,0.33190268131078837,0.0,-2.205826963236383,0.0,515,6.536993168992922e-13
driven_dt2p5e-4,438,5,-2.9438533246558065,0.18042077961838413,1,0.2754626966078125,0.25724103344105326,0.0034277917706100865,-2.7153059750467503,0.026648850420875638,515,6.536993168992922e-13
driven_dt2p5e-4,439,0,-0.9226805184503813,0.0,1,0.0032947391980373553,0.6294004188832242,0.0,-0.9259752576484187,0.0,516,4.922728891187944e-13
driven_dt2p5e-4,439,1,-1.3493022938056025,6.283185307179586,1,1.8613173062889443,-0.20082732895592365,0.0,-3.210619600094547,6.283185307179586,516,4.922728891187944e-13
driven_dt2p5e-4,439,2,-1.7807710567401813,0.0,1,0.00391347882134796,0.4096950126082664,0.0,-1.7846845355615293,0.0,516,4.922728891187944e-13
driven_dt2p5e-4,439,3,-1.9776322153425845,0.0,1,0.09075423037958519,0.35551308508585155,0.0,-2.0683864457221697,0.0,516,4.922728891187944e-13
driven_dt2p5e-4,439,4,-2.320247394247764,0.0,1,0.1923341947343733,0.2847081112775001,0.0,-2.5125815889821372,0.0,516,4.922728891187944e-13
driven_dt2p5e-4,439,5,-2.9438533246558065,0.18042077961838413,1,0.35528729207001203,0.19138273475353756,0.025119239764913138,-3.2898798056346186,0.2610106944208075,516,4.922728891187944e-13
driven_dt2p5e-4,440,0,-0.9226805184503813,0.0,1,1.6374697194732057e-05,0.6304329669142702,0.0,-0.9226968931475761,0.0,516,3.923528169025303e-13
driven_dt2p5e-4,440,1,-1.3493022938056025,6.283185307179586,1,1.8412990439445371,-1.2788974954204613,0.0,0.4919967501389345,6.283185307179586,516,3.923528169025303e-13
driven_dt2p5e-4,440,2,-1.7807710567401813,0.0,1,0.03946442394173322,0.40247683348419916,0.0,-1.8202354806819145,0.0,516,3.923528169025303e-13
driven_dt2p5e-4,440,3,-1.9776322153425845,0.0,1,0.1131227693687431,0.3515590834596757,0.0,-2.0907549847113276,0.0,516,3.923528169025303e-13
driven_dt2p5e-4,440,4,-2.320247394247764,0.0,1,0.22949240953643635,0.3515590834596757,0.0,-2.0907549847113276,0.0,516,3.923528169025303e-13
driven_dt2p5e-4,440,5,-2.9438533246558065,0.18042077961838413,1,0.2628847056619972,0.25250414467521326,0.0,-2.75265523169228,0.0,516,3.923528169025303e-13
driven_dt2p5e-4,441,0,-0.9226805184503813,0.0,1,0.005055316514352759,0.6288466086252487,0.0,-0.9277358349647341,0.0,516,3.2573943542502093e-13
driven_dt2p5e-4,441,1,-1.3493022938056025,6.283185307179586,1,2.1854868813390693,-0.17077735513872427,0.0,-3.5347891751446716,6.283185307179586,516,3.2573943542502093e-13
driven_dt2p5e-4,441,2,-1.7807710567401813,0.0,1,0.0030160304306545704,0.40987889392604937,0.0,-1.783787087170836,0.0,516,3.2573943542502093e-13
driven_dt2p5e-4,441,3,-1.9776322153425845,0.0,1,0.13648174888804787,0.34747693783734085,0.0,-2.1141139642306324,0.0,516,3.2573943542502093e-13
driven_dt2p5e-4,441,4,-2.320247394247764,0.0,1,0.20613343001713158,0.34747693783734085,0.0,-2.1141139642306324,0.0,516,3.2573943542502093e-13
driven_dt2p5e-4,441,5,-2.9438533246558065,0.18042077961838413,1,0.1821651281858472,0.23238678414046915,0.0,-2.918704244973627,0.0,516,3.2573943542502093e-13
driven_dt2p5e-4,442,0,-0.9226805184503813,0.0,1,0.016454776030868645,0.6356463834009514,0.0,-0.9062257424195127,0.0,516,7.442935157087049e-13
driven_dt2p5e-4,442,1,-1.3493022938056025,6.283185307179586,1,1.3490571185345221,-0.2594530010750724,0.0,-2.6983594123401247,6.283185307179586,516,7.442935157087049e-13
driven_dt2p5e-4,442,2,-1.7807710567401813,0.0,1,0.12582198311909432,0.4371519044676612,0.0,-1.654949073621087,0.0,516,7.442935157087049e-13
driven_dt2p5e-4,442,3,-1.9776322153425845,0.0,1,0.07084624714561638,0.38543104094335034,0.0,-1.906785968196968,0.0,516,7.442935157087049e-13
driven_dt2p5e-4,442,4,-2.320247394247764,0.0,1,0.06386283359941203,0.3236177381262046,0.0,-2.256384560648352,0.0,516,7.442935157087049e-13
driven_dt2p5e-4,442,5,-2.9438533246558065,0.18042077961838413,1,0.2478008784945845,0.24982492685122454,0.0,-2.7739897980687775,0.0,516,7.442935157087049e-13
driven_dt2p5e-4,443,0,-0.9226805184503813,0.0,1,0.005430323487489175,0.6321521959303151,0.0,-0.9172501949628922,0.0,517,1.0835776720341528e-13
driven_dt2p5e-4,443,1,-1.3493022938056025,6.283185307179586,1,0.6498697475564653,-0.4785333591970612,0.16114440046703635,-1.3666419660244573,5.633546927343199,517,1.0835776720341528e-13
driven_dt2p5e-4,443,2,-1.7807710567401813,0.0,1,0.026715957217112507,0.4160176674622419,0.0,-1.7540550995230688,0.0,517,1.0835776720341528e-13
driven_dt2p5e-4,443,3,-1.9776322153425845,0.0,1,0.044464877213612475,0.3638372792662697,0.0,-2.022097092556197,0.0,517,1.0835776720341528e-13
driven_dt2p5e-4,443,4,-2.320247394247764,0.0,1,0.050763742273488344,0.3215051148862071,0.0,-2.2694836519742756,0.0,517,1.0835776720341528e-13
driven_dt2p5e-4,443,5,-2.9438533246558065,0.18042077961838413,1,0.2558126595672168,0.25126407914535126,0.0,-2.762501569558848,0.0,517,1.0835776720341528e-13
driven_dt2p5e-4,444,0,-0.9226805184503813,0.0,1,0.003178900291326947,0.6314409752613883,0.0,-0.9195016181590544,0.0,516,2.0330404026935867e-12
driven_dt2p5e-4,444,1,-1.3493022938056025,6.283185307179586,0,2.5097413260597383,nan,nan,nan,nan,516,2.0330404026935867e-12
driven_dt2p5e-4,444,2,-1.7807710567401813,0.0,1,0.0869249989269969,0.3930383741101394,0.0,-1.8676960556671782,0.0,516,2.0330404026935867e-12
driven_dt2p5e-4,444,3,-1.9776322153425845,0.0,1,0.10993615967540626,0.3930383741101394,0.0,-1.8676960556671782,0.0,516,2.0330404026935867e-12
driven_dt2p5e-4,444,4,-2.320247394247764,0.0,1,0.07816252109019128,0.3259398458485087,0.0,-2.2420848731575727,0.0,516,2.0330404026935867e-12
driven_dt2p5e-4,444,5,-2.9438533246558065,0.18042077961838413,1,0.22357259746740848,0.2148223658622989,0.0,-3.0758875952836187,0.0,516,2.0330404026935867e-12
driven_dt2p5e-4,445,0,-0.9226805184503813,0.0,1,0.020448855744655048,0.6369170629400286,0.0,-0.9022316627057263,0.0,517,1.1102230246251565e-13
driven_dt2p5e-4,445,1,-1.3493022938056025,6.283185307179586,1,2.217597794409314,-0.1652073367420459,0.12251698577901113,-3.162876567865809,5.006984566607771,517,1.1102230246251565e-13
driven_dt2p5e-4,445,2,-1.7807710567401813,0.0,1,0.039498366279292485,0.40247000303988867,0.0,-1.8202694230194738,0.0,517,1.1102230246251565e-13
driven_dt2p5e-4,445,3,-1.9776322153425845,0.0,1,0.006248385478356155,0.37085641961336047,0.0,-1.9838806008209406,0.0,517,1.1102230246251565e-13
driven_dt2p5e-4,445,4,-2.320247394247764,0.0,1,0.3363667934268233,0.37085641961336047,0.0,-1.9838806008209406,0.0,517,1.1102230246251565e-13
driven_dt2p5e-4,445,5,-2.9438533246558065,0.18042077961838413,1,0.3069852098060549,0.2598265323397374,0.0,-2.69548210788228,0.0,517,1.1102230246251565e-13
driven_dt2p5e-4,446,0,-0.9226805184503813,0.0,1,0.005447733492700335,0.628723235686053,0.0,-0.9281282519430817,0.0,515,7.709388682997087e-13
driven_dt2p5e-4,446,1,-1.3493022938056025,6.283185307179586,1,1.9742689686078996,-0.19255753557087169,0.1415850515265034,-2.8625181331330496,5.015149115260511,515,7.709388682997087e-13
driven_dt2p5e-4,446,2,-1.7807710567401813,0.0,1,0.054163908943105854,0.39952957645297127,0.0,-1.8349349656832872,0.0,515,7.709388682997087e-13
driven_dt2p5e-4,446,3,-1.9776322153425845,0.0,1,0.1426972496592973,0.39952957645297127,0.0,-1.8349349656832872,0.0,515,7.709388682997087e-13
driven_dt2p5e-4,446,4,-2.320247394247764,0.0,1,0.12672682887613362,0.3339512406681905,0.0,-2.1935205653716303,0.0,515,7.709388682997087e-13
driven_dt2p5e-4,446,5,-2.9438533246558065,0.18042077961838413,1,0.1850327182171645,0.22482032012883682,0.0,-2.9849075460310446,0.0,515,7.709388682997087e-13
driven_dt2p5e-4,447,0,-0.9226805184503813,0.0,1,0.003208391106874431,0.6294275932322071,0.0,-0.9258889095572558,0.0,517,5.309086503757499e-13
driven_dt2p5e-4,447,1,-1.3493022938056025,6.283185307179586,1,0.5748851359108408,-0.6789494655918435,0.0,-0.7744171578947617,6.283185307179586,517,5.309086503757499e-13
driven_dt2p5e-4,447,2,-1.7807710567401813,0.0,1,0.030996617222756262,0.40418449398542017,0.0,-1.8117676739629376,0.0,517,5.309086503757499e-13
driven_dt2p5e-4,447,3,-1.9776322153425845,0.0,1,0.1270591853777887,0.3491178619877222,0.0,-2.104691400720373,0.0,517,5.309086503757499e-13
driven_dt2p5e-4,447,4,-2.320247394247764,0.0,1,0.1389257622471245,0.29241344277299086,0.0,-2.4591731564948884,0.0,517,5.309086503757499e-13
driven_dt2p5e-4,447,5,-2.9438533246558065,0.18042077961838413,1,0.40638607869764076,0.28001201399142567,0.025672866610817354,-2.5374745575031348,0.18285851765182456,517,5.309086503757499e-13
driven_dt2p5e-4,448,0,-0.9226805184503813,0.0,1,0.0199546902112272,0.6241793048763841,0.0,-0.9426352086616085,0.0,516,3.9546144137148076e-13
driven_dt2p5e-4,448,1,-1.3493022938056025,6.283185307179586,1,2.0372831560993303,-0.18381991521692498,0.05567818615939148,-3.2998196021817345,5.6949635056020025,516,3.9546144137148076e-13
driven_dt2p5e-4,448,2,-1.7807710567401813,0.0,1,0.06121802664099296,0.3981228943085578,0.0,-1.8419890833811743,0.0,516,3.9546144137148076e-13
driven_dt2p5e-4,448,3,-1.9776322153425845,0.0,1,0.02980150769786416,0.3776016957632794,0.0,-1.9478307076447203,0.0,516,3.9546144137148076e-13
driven_dt2p5e-4,448,4,-2.320247394247764,0.0,1,0.047085431666273436,0.3209143604601137,0.0,-2.2731619625814905,0.0,516,3.9546144137148076e-13
driven_dt2p5e-4,448,5,-2.9438533246558065,0.18042077961838413,1,0.2670533456690027,0.20125607958379038,0.011675512069498076,-3.2029944257560743,0.11589652717367428,516,3.9546144137148076e-13
driven_dt2p5e-4,449,0,-0.9226805184503813,0.0,1,0.004777768156122741,0.6289338823526798,0.0,-0.9274582866065041,0.0,517,3.170796958329447e-13
driven_dt2p5e-4,449,1,-1.3493022938056025,6.283185307179586,0,2.370043833525049,nan,nan,nan,nan,517,3.170796958329447e-13
driven_dt2p5e-4,449,2,-1.7807710567401813,0.0,1,0.0660276110694562,0.3971666417272345,0.0,-1.8467986678096375,0.0,517,3.170796958329447e-13
driven_dt2p5e-4,449,3,-1.9776322153425845,0.0,1,0.13083354753294696,0.3971666417272345,0.0,-1.8467986678096375,0.0,517,3.170796958329447e-13
driven_dt2p5e-4,449,4,-2.320247394247764,0.0,1,0.0701286924780562,0.3246331995189293,0.0,-2.2501187017697077,0.0,517,3.170796958329447e-13
driven_dt2p5e-4,449,5,-2.9438533246558065,0.18042077961838413,1,0.20869981443041663,0.2418405162537452,0.0,-2.838953587643816,0.0,517,3.170796958329447e-13
driven_dt2p5e-4,450,0,-0.9226805184503813,0.0,1,0.01409322278086822,0.626011291430608,0.0,-0.9367737412312496,0.0,517,3.517186542012496e-13
driven_dt2p5e-4,450,1,-1.3493022938056025,6.283185307179586,1,2.1789681379162076,-0.17073827520161633,0.052115582571115524,-3.446165692610714,5.6906770517050305,517,3.517186542012496e-13
driven_dt2p5e-4,450,2,-1.7807710567401813,0.0,1,0.0049821076800538044,0.409476165123287,0.0,-1.7857531644202351,0.0,517,3.517186542012496e-13
driven_dt2p5e-4,450,3,-1.9776322153425845,0.0,1,0.0659531527008359,0.35994908646429835,0.0,-2.0435853680434204,0.0,517,3.517186542012496e-13
driven_dt2p5e-4,450,4,-2.320247394247764,0.0,1,0.27666202620434355,0.35994908646429835,0.0,-2.0435853680434204,0.0,517,3.517186542012496e-13
driven_dt2p5e-4,450,5,-2.9438533246558065,0.18042077961838413,1,0.30308813134299156,0.25919939149768084,0.0,-2.7003153242474904,0.0,517,3.517186542012496e-13
driven_dt2p5e-4,451,0,-0.9226805184503813,0.0,1,0.002560786508462476,0.629631436334731,0.0,-0.9252413049588438,0.0,516,5.471179065352771e-13
driven_dt2p5e-4,451,1,-1.3493022938056025,6.283185307179586,0,2.5373219304422157,nan,nan,nan,nan,516,5.471179065352771e-13
driven_dt2p5e-4,451,2,-1.7807710567401813,0.0,1,0.0782840057472487,0.3947401687168307,0.0,-1.85905506248743,0.0,516,5.471179065352771e-13
driven_dt2p5e-4,451,3,-1.9776322153425845,0.0,1,0.11857715285515447,0.3947401687168307,0.0,-1.85905506248743,0.0,516,5.471179065352771e-13
driven_dt2p5e-4,451,4,-2.320247394247764,0.0,1,0.13051626572912678,0.33458458405165237,0.0,-2.189731128518637,0.0,516,5.471179065352771e-13
driven_dt2p5e-4,451,5,-2.9438533246558065,0.18042077961838413,1,0.20240822222363541,0.21919359575416814,0.0,-3.0355998815700964,0.0,516,5.471179065352771e-13
driven_dt2p5e-4,452,0,-0.9226805184503813,0.0,1,0.0017335657487709266,0.6309848183794998,0.0,-0.9209469527016104,0.0,516,1.6640022693081846e-12
driven_dt2p5e-4,452,1,-1.3493022938056025,6.283185307179586,1,0.04152420867618467,-0.4988682474594539,0.0,-1.3908265024817872,6.283185307179586,516,1.6640022693081846e-12
driven_dt2p5e-4,452,2,-1.7807710567401813,0.0,1,0.002231196197430174,0.41095566955308277,0.0,-1.7785398605427511,0.0,516,1.6640022693081846e-12
driven_dt2p5e-4,452,3,-1.9776322153425845,0.0,1,0.08067677772809079,0.3573089388350625,0.0,-2.0583089930706753,0.0,516,1.6640022693081846e-12
driven_dt2p5e-4,452,4,-2.320247394247764,0.0,1,0.26193840117708866,0.3573089388350625,0.0,-2.0583089930706753,0.0,516,1.6640022693081846e-12
driven_dt2p5e-4,452,5,-2.9438533246558065,0.18042077961838413,1,0.22980659972543538,0.21371873535448002,0.0,-3.086188898421682,0.0,516,1.6640022693081846e-12
driven_dt2p5e-4,453,0,-0.9226805184503813,0.0,1,0.01804591686904311,0.6247752976438677,0.0,-0.9407264353194245,0.0,516,3.319566843629218e-13
driven_dt2p5e-4,453,1,-1.3493022938056025,6.283185307179586,0,2.398576600146389,nan,nan,nan,nan,516,3.319566843629218e-13
driven_dt2p5e-4,453,2,-1.7807710567401813,0.0,1,0.02120449567173943,0.40616825818473223,0.0,-1.8019755524119208,0.0,516,3.319566843629218e-13
driven_dt2p5e-4,453,3,-1.9776322153425845,0.0,1,0.0670078876351794,0.3846920388582869,0.0,-1.910624327707405,0.0,516,3.319566843629218e-13
driven_dt2p5e-4,453,4,-2.320247394247764,0.0,1,0.20739777934884263,0.28257180412506905,0.0,-2.5276451735966066,0.0,516,3.319566843629218e-13
driven_dt2p5e-4,453,5,-2.9438533246558065,0.18042077961838413,1,0.318952586060808,0.20120394019984786,0.0,-3.2068725149001147,0.0,516,3.319566843629218e-13
driven_dt2p5e-4,454,0,-0.9226805184503813,0.0,1,0.0037928532791762226,0.6292436817966116,0.0,-0.9264733717295576,0.0,517,7.51620987671231e-13
driven_dt2p5e-4,454,1,-1.3493022938056025,6.283185307179586,1,0.1917114377502065,-0.5605732108127378,0.0,-1.157590856055396,6.283185307179586,517,7.51620987671231e-13
driven_dt2p5e-4,454,2,-1.7807710567401813,0.0,1,0.028230317042523323,0.404743928606535,0.0,-1.8090013737827046,0.0,517,7.51620987671231e-13
driven_dt2p5e-4,454,3,-1.9776322153425845,0.0,1,0.16863084155987984,0.404743928606535,0.0,-1.8090013737827046,0.0,517,7.51620987671231e-13
driven_dt2p5e-4,454,4,-2.320247394247764,0.0,1,0.11592901703701708,0.3321531276273156,0.0,-2.204318377210747,0.0,517,7.51620987671231e-13
driven_dt2p5e-4,454,5,-2.9438533246558065,0.18042077961838413,1,0.2941422703908732,0.1981646020626902,0.029173374523363448,-3.2158729557025074,0.2923359061916686,517,7.51620987671231e-13
driven_dt2p5e-4,455,0,-0.9226805184503813,0.0,1,0.0019098073736401044,0.629836408154857,0.0,-0.9245903258240215,0.0,516,2.0872192862952943e-13
driven_dt2p5e-4,455,1,-1.3493022938056025,6.283185307179586,0,2.350504854936561,nan,nan,nan,nan,516,2.0872192862952943e-13
driven_dt2p5e-4,455,2,-1.7807710567401813,0.0,1,0.06340696328231599,0.3976873997739648,0.0,-1.8441780200224973,0.0,516,2.0872192862952943e-13
driven_dt2p5e-4,455,3,-1.9776322153425845,0.0,1,0.13345419532008718,0.3976873997739648,0.0,-1.8441780200224973,0.0,516,2.0872192862952943e-13
driven_dt2p5e-4,455,4,-2.320247394247764,0.0,1,0.12575201193952523,0.3337885096669438,0.0,-2.1944953823082387,0.0,516,2.0872192862952943e-13
driven_dt2p5e-4,455,5,-2.9438533246558065,0.18042077961838413,1,0.23910486362027802,0.21216741154733498,0.0,-3.1007592776619504,0.0,516,2.0872192862952943e-13
driven_dt2p5e-4,456,0,-0.9226805184503813,0.0,1,0.008165579404531664,0.6330173364078155,0.0,-0.9145149390458497,0.0,516,1.7719159473017498e-13
driven_dt2p5e-4,456,1,-1.3493022938056025,6.283185307179586,0,2.3866123035732967,nan,nan,nan,nan,516,1.7719159473017498e-13
driven_dt2p5e-4,456,2,-1.7807710567401813,0.0,1,0.056625840421047346,0.3990380718074056,0.0,-1.8373968971612287,0.0,516,1.7719159473017498e-13
driven_dt2p5e-4,456,3,-1.9776322153425845,0.0,1,0.14023531818135582,0.3990380718074056,0.0,-1.8373968971612287,0.0,516,1.7719159473017498e-13
driven_dt2p5e-4,456,4,-2.320247394247764,0.0,1,0.09383070260253668,0.3285033163013903,0.0,-2.2264166916452273,0.0,516,1.7719159473017498e-13
driven_dt2p5e-4,456,5,-2.9438533246558065,0.18042077961838413,1,0.2529377780248747,0.21001772076182312,0.0,-3.1211267344894735,0.0,516,1.7719159473017498e-13
driven_dt2p5e-4,457,0,-0.9226805184503813,0.0,1,0.00519230921121594,0.6320769697829237,0.0,-0.9174882092391654,0.0,517,4.285460875053104e-14
driven_dt2p5e-4,457,1,-1.3493022938056025,6.283185307179586,1,1.7344098225050943,-0.21398356667325666,0.0,-3.083712116310697,6.283185307179586,517,4.285460875053104e-14
driven_dt2p5e-4,457,2,-1.7807710567401813,0.0,1,0.005257061524871931,0.4115778883777964,0.0,-1.7755139952153094,0.0,517,4.285460875053104e-14
driven_dt2p5e-4,457,3,-1.9776322153425845,0.0,1,0.06222994710810159,0.3606197927908987,0.0,-2.039862162450686,0.0,517,4.285460875053104e-14
driven_dt2p5e-4,457,4,-2.320247394247764,0.0,1,0.20457672693695908,0.29386162804955573,0.024148414454511807,-2.4425623313968043,0.1639838204045308,517,4.285460875053104e-14
driven_dt2p5e-4,457,5,-2.9438533246558065,0.18042077961838413,1,0.18042101248614828,0.22951618615803734,0.0,-2.9435634480935655,0.0,517,4.285460875053104e-14
driven_dt2p5e-4,458,0,-0.9226805184503813,0.0,1,0.006989840009732795,0.6326453140588597,0.0,-0.9156906784406486,0.0,517,1.0740297540223764e-12
driven_dt2p5e-4,458,1,-1.3493022938056025,6.283185307179586,1,2.0932433083774837,-0.17883837730705945,0.0,-3.4425456021830865,6.283185307179586,517,1.0740297540223764e-12
driven_dt2p5e-4,458,2,-1.7807710567401813,0.0,1,0.018497235195160888,0.4067184321028627,0.0,-1.7992682919353422,0.0,517,1.0740297540223764e-12
driven_dt2p5e-4,458,3,-1.9776322153425845,0.0,1,0.1492111068627402,0.34527238176042035,0.0,-2.1268433222053247,0.0,517,1.0740297540223764e-12
driven_dt2p5e-4,458,4,-2.320247394247764,0.0,1,0.19340407204243926,0.34527238176042035,0.0,-2.1268433222053247,0.0,517,1.0740297540223764e-12
driven_dt2p5e-4,458,5,-2.9438533246558065,0.18042077961838413,1,0.37128135730027745,0.2699068848202406,0.0,-2.6193565010032,0.0,517,1.0740297540223764e-12
driven_dt2p5e-4,459,0,-0.9226805184503813,0.0,1,0.010194578117836084,0.6336598579520902,0.0,-0.9124859403325453,0.0,516,6.983302824892235e-13
driven_dt2p5e-4,459,1,-1.3493022938056025,6.283185307179586,1,2.0761858643802924,-0.18037016291153493,0.0,-3.4254881581858947,6.283185307179586,516,6.983302824892235e-13
driven_dt2p5e-4,459,2,-1.7807710567401813,0.0,1,0.051434095502300714,0.421191162517856,0.0,-1.7293369612378806,0.0,516,6.983302824892235e-13
driven_dt2p5e-4,459,3,-1.9776322153425845,0.0,1,0.02716079385256598,0.3771034557499832,0.0,-1.9504714214900185,0.0,516,6.983302824892235e-13
driven_dt2p5e-4,459,4,-2.320247394247764,0.0,1,0.04728898613908328,0.32094702389901303,0.0,-2.2729584081086807,0.0,516,6.983302824892235e-13
driven_dt2p5e-4,459,5,-2.9438533246558065,0.18042077961838413,1,0.1819171687582653,0.23217030961587828,0.0,-2.920568166917074,0.0,516,6.983302824892235e-13
driven_dt2p5e-4,460,0,-0.9226805184503813,0.0,1,0.01606426619112078,0.625394647623087,0.0,-0.9387447846415021,0.0,516,4.771072426024148e-12
driven_dt2p5e-4,460,1,-1.3493022938056025,6.283185307179586,1,2.083058243371357,-0.17975144048497396,0.0,-3.4323605371769594,6.283185307179586,516,4.771072426024148e-12
driven_dt2p5e-4,460,2,-1.7807710567401813,0.0,1,0.061491620455247586,0.3980684360529052,0.0,-1.842262677195429,0.0,516,4.771072426024148e-12
driven_dt2p5e-4,460,3,-1.9776322153425845,0.0,1,0.13536953814715558,0.3980684360529052,0.0,-1.842262677195429,0.0,516,4.771072426024148e-12
driven_dt2p5e-4,460,4,-2.320247394247764,0.0,1,0.1314692704542626,0.33474405238693367,0.0,-2.1887781237935013,0.0,516,4.771072426024148e-12
driven_dt2p5e-4,460,5,-2.9438533246558065,0.18042077961838413,1,0.20024208156691234,0.21972943857859692,0.0,-3.030716628254878,0.0,516,4.771072426024148e-12
driven_dt2p5e-4,461,0,-0.9226805184503813,0.0,1,0.010192276257140476,0.627233501272501,0.0,-0.9328727947075218,0.0,517,7.049916206369744e-14
driven_dt2p5e-4,461,1,-1.3493022938056025,6.283185307179586,1,0.7682097723464039,-0.4041571508784013,0.144774260517136,-1.6911763660359083,5.595240270810269,517,7.049916206369744e-14
driven_dt2p5e-4,461,2,-1.7807710567401813,0.0,1,0.021480579813750955,0.41493008680925525,0.0,-1.7592904769264304,0.0,517,7.049916206369744e-14
driven_dt2p5e-4,461,3,-1.9776322153425845,0.0,1,0.013586980737863241,0.37455275530701243,0.0,-1.9640452346047212,0.0,517,7.049916206369744e-14
driven_dt2p5e-4,461,4,-2.320247394247764,0.0,1,0.05572594699401101,0.32230379237617734,0.0,-2.264521447253753,0.0,517,7.049916206369744e-14
driven_dt2p5e-4,461,5,-2.9438533246558065,0.18042077961838413,1,0.18088036964644263,0.22800911114357736,0.0,-2.9567393793401617,0.0,517,7.049916206369744e-14
driven_dt2p5e-4,462,0,-0.9226805184503813,0.0,1,4.134280048384564e-05,0.6304250966056796,0.0,-0.9227218612508652,0.0,516,5.53335155473178e-13
driven_dt2p5e-4,462,1,-1.3493022938056025,6.283185307179586,1,1.784508631255188,-0.20868998313471887,0.0,-3.1338109250607906,6.283185307179586,516,5.53335155473178e-13
driven_dt2p5e-4,462,2,-1.7807710567401813,0.0,1,0.09273464421317046,0.4299793020315025,0.0,-1.6880364125270109,0.0,516,5.53335155473178e-13
driven_dt2p5e-4,462,3,-1.9776322153425845,0.0,1,0.0641902516914401,0.38415045938333275,0.0,-1.9134419636511444,0.0,516,5.53335155473178e-13
driven_dt2p5e-4,462,4,-2.320247394247764,0.0,1,0.1957209961851647,0.2842263943403567,0.0,-2.5159683904329286,0.0,516,5.53335155473178e-13
driven_dt2p5e-4,462,5,-2.9438533246558065,0.18042077961838413,1,0.21564985269734754,0.20736290313188846,0.03120015656034634,-3.1241834866915514,0.2986827415019487,516,5.53335155473178e-13
driven_dt2p5e-4,463,0,-0.9226805184503813,0.0,1,0.007725140171177314,0.6280077138989595,0.0,-0.9304056586215587,0.0,517,3.8125058665627876e-13
driven_dt2p5e-4,463,1,-1.3493022938056025,6.283185307179586,1,0.5450586611928514,-0.3878329871568183,0.0,-1.894360954998454,6.283185307179586,517,3.8125058665627876e-13
driven_dt2p5e-4,463,2,-1.7807710567401813,0.0,1,0.00589699658602072,0.40928889535894547,0.0,-1.786668053326202,0.0,517,3.8125058665627876e-13
driven_dt2p5e-4,463,3,-1.9776322153425845,0.0,1,0.041376615517341175,0.36439952561213435,0.0,-2.0190088308599257,0.0,517,3.8125058665627876e-13
driven_dt2p5e-4,463,4,-2.320247394247764,0.0,1,0.04804703893224049,0.3210686943496737,0.0,-2.2722003553155234,0.0,517,3.8125058665627876e-13
driven_dt2p5e-4,463,5,-2.9438533246558065,0.18042077961838413,1,0.3157839412034699,0.2612329170211381,0.0,-2.6846857344677373,0.0,517,3.8125058665627876e-13
driven_dt2p5e-4,464,0,-0.9226805184503813,0.0,1,0.005779920383146231,0.6322627048110642,0.0,-0.9169005980672351,0.0,515,1.6335821584334553e-12
driven_dt2p5e-4,464,1,-1.3493022938056025,6.283185307179586,0,2.33608253436749,nan,nan,nan,nan,515,1.6335821584334553e-12
driven_dt2p5e-4,464,2,-1.7807710567401813,0.0,1,0.04516180009596393,0.40133193403228706,0.0,-1.8259328568361453,0.0,515,1.6335821584334553e-12
driven_dt2p5e-4,464,3,-1.9776322153425845,0.0,1,0.15169935850643923,0.40133193403228706,0.0,-1.8259328568361453,0.0,515,1.6335821584334553e-12
driven_dt2p5e-4,464,4,-2.320247394247764,0.0,1,0.08472449284207961,0.3270110061491456,0.0,-2.2355229014056843,0.0,515,1.6335821584334553e-12
driven_dt2p5e-4,464,5,-2.9438533246558065,0.18042077961838413,1,0.09184815616314432,0.22582532710862446,0.010575271598026612,-2.973796340372036,0.09359048766685962,515,1.6335821584334553e-12
driven_dt2p5e-4,465,0,-0.9226805184503813,0.0,1,0.012859456528325652,0.6263975863703116,0.0,-0.935539974978707,0.0,516,1.0322853682964706e-12
driven_dt2p5e-4,465,1,-1.3493022938056025,6.283185307179586,1,0.5839700811393311,-0.38036034948954456,0.0,-1.9332723749449336,6.283185307179586,516,1.0322853682964706e-12
driven_dt2p5e-4,465,2,-1.7807710567401813,0.0,1,0.14954278752170214,0.3809234197343067,0.0,-1.9303138442618835,0.0,516,1.0322853682964706e-12
driven_dt2p5e-4,465,3,-1.9776322153425845,0.0,1,0.04731837108070103,0.3809234197343067,0.0,-1.9303138442618835,0.0,516,1.0322853682964706e-12
driven_dt2p5e-4,465,4,-2.320247394247764,0.0,1,0.07015498105364415,0.3246374666191752,0.0,-2.25009241319412,0.0,516,1.0322853682964706e-12
driven_dt2p5e-4,465,5,-2.9438533246558065,0.18042077961838413,1,0.36138993846292705,0.19431048972468,0.038366305259570736,-3.238350741061484,0.3898818961832954,516,1.0322853682964706e-12
driven_dt2p5e-4,466,0,-0.9226805184503813,0.0,1,0.0017143736478553162,0.6298979567999186,0.0,-0.9243948920982367,0.0,516,1.5698553568199713e-12
driven_dt2p5e-4,466,1,-1.3493022938056025,6.283185307179586,1,1.9826043430262807,-0.18991929556023496,0.10405612604480158,-3.059801226160443,5.28073162575604,516,1.5698553568199713e-12
driven_dt2p5e-4,466,2,-1.7807710567401813,0.0,1,0.03266511955047058,0.40384744321294763,0.0,-1.813436176290652,0.0,516,1.5698553568199713e-12
driven_dt2p5e-4,466,3,-1.9776322153425845,0.0,1,0.04255598072846345,0.36418470889347215,0.0,-2.020188196071048,0.0,516,1.5698553568199713e-12
driven_dt2p5e-4,466,4,-2.320247394247764,0.0,1,0.300059198176716,0.36418470889347215,0.0,-2.020188196071048,0.0,516,1.5698553568199713e-12
driven_dt2p5e-4,466,5,-2.9438533246558065,0.18042077961838413,1,0.18618799426937305,0.20814998004902377,0.020369199408262352,-3.1294621206363242,0.19509538573625443,516,1.5698553568199713e-12
driven_dt2p5e-4,467,0,-0.9226805184503813,0.0,1,0.023337753913819315,0.6378377219710198,0.0,-0.899342764536562,0.0,516,1.4652723479002816e-12
driven_dt2p5e-4,467,1,-1.3493022938056025,6.283185307179586,1,0.25707637474971623,-0.44789818667658954,0.0,-1.6063786685553187,6.283185307179586,516,1.4652723479002816e-12
driven_dt2p5e-4,467,2,-1.7807710567401813,0.0,1,0.06651621736768942,0.42437939696490956,0.0,-1.714254839372492,0.0,516,1.4652723479002816e-12
driven_dt2p5e-4,467,3,-1.9776322153425845,0.0,1,0.16663924590397983,0.3422767253575294,0.0,-2.1442714612465643,0.0,516,1.4652723479002816e-12
driven_dt2p5e-4,467,4,-2.320247394247764,0.0,1,0.17597593300119962,0.3422767253575294,0.0,-2.1442714612465643,0.0,516,1.4652723479002816e-12
driven_dt2p5e-4,467,5,-2.9438533246558065,0.18042077961838413,1,0.23218833470939812,0.20468276111474665,0.029053699441728364,-3.1526399135001832,0.28200612843332235,516,1.4652723479002816e-12
driven_dt2p5e-4,468,0,-0.9226805184503813,0.0,1,0.008914262765971515,0.633254345539882,0.0,-0.9137662556844098,0.0,515,2.90878432451791e-14
driven_dt2p5e-4,468,1,-1.3493022938056025,6.283185307179586,0,2.3229568242106367,nan,nan,nan,nan,515,2.90878432451791e-14
driven_dt2p5e-4,468,2,-1.7807710567401813,0.0,1,0.014852641598949168,0.4135572972672805,0.0,-1.7659184151412322,0.0,515,2.90878432451791e-14
driven_dt2p5e-4,468,3,-1.9776322153425845,0.0,1,0.1061937018873671,0.3527791840856551,0.0,-2.0838259172299516,0.0,515,2.90878432451791e-14
driven_dt2p5e-4,468,4,-2.320247394247764,0.0,1,0.1447701734181166,0.2915601978629416,0.0,-2.4650175676658805,0.0,515,2.90878432451791e-14
driven_dt2p5e-4,468,5,-2.9438533246558065,0.18042077961838413,1,0.1991116010102311,0.22001953771717822,0.0,-3.0280778575351994,0.0,515,2.90878432451791e-14
driven_dt2p5e-4,469,0,-0.9226805184503813,0.0,1,0.004705697174566148,0.6319232003594026,0.0,-0.9179748212758152,0.0,516,1.3322676295501878e-13
driven_dt2p5e-4,469,1,-1.3493022938056025,6.283185307179586,0,2.4271380786377605,nan,nan,nan,nan,516,1.3322676295501878e-13
driven_dt2p5e-4,469,2,-1.7807710567401813,0.0,1,0.05433717605048449,0.39949496528522505,0.0,-1.8351082327906658,0.0,516,1.3322676295501878e-13
driven_dt2p5e-4,469,3,-1.9776322153425845,0.0,1,0.14252398255191867,0.39949496528522505,0.0,-1.8351082327906658,0.0,516,1.3322676295501878e-13
driven_dt2p5e-4,469,4,-2.320247394247764,0.0,1,0.03848913239232399,0.31953798257619653,0.0,-2.28175826185544,0.0,516,1.3322676295501878e-13
driven_dt2p5e-4,469,5,-2.9438533246558065,0.18042077961838413,1,0.19089929747754164,0.23675292630997505,0.0,-2.881476373309068,0.0,516,1.3322676295501878e-13
driven_dt2p5e-4,470,0,-0.9226805184503813,0.0,1,0.012921579098315594,0.6263781299585334,0.0,-0.9356020975486969,0.0,516,8.029132914089132e-13
driven_dt2p5e-4,470,1,-1.3493022938056025,6.283185307179586,1,0.782457684993431,-0.3444246313455728,0.0,-2.1317599787990336,6.283185307179586,516,8.029132914089132e-13
driven_dt2p5e-4,470,2,-1.7807710567401813,0.0,1,0.015048444400887151,0.4074203805394989,0.0,-1.7958195011410685,0.0,516,8.029132914089132e-13
driven_dt2p5e-4,470,3,-1.9776322153425845,0.0,1,0.021821738260964674,0.3679798945054536,0.0,-1.9994539536035492,0.0,516,8.029132914089132e-13
driven_dt2p5e-4,470,4,-2.320247394247764,0.0,1,0.2930689467523253,0.27072325734002567,0.0,-2.6133163410000892,0.0,516,8.029132914089132e-13
driven_dt2p5e-4,470,5,-2.9438533246558065,0.18042077961838413,1,0.3765718461095113,0.27072325734002567,0.0,-2.6133163410000892,0.0,516,8.029132914089132e-13
driven_dt2p5e-4,471,0,-0.9226805184503813,0.0,1,0.003097095514334236,0.6314151483455005,0.0,-0.9195834229360471,0.0,517,1.2176926134088717e-12
driven_dt2p5e-4,471,1,-1.3493022938056025,6.283185307179586,0,2.378392027651854,nan,nan,nan,nan,517,1.2176926134088717e-12
driven_dt2p5e-4,471,2,-1.7807710567401813,0.0,1,0.03250273049430086,0.4172231104881028,0.0,-1.7482683262458805,0.0,517,1.2176926134088717e-12
driven_dt2p5e-4,471,3,-1.9776322153425845,0.0,1,0.04492024552245577,0.3804669423672091,0.0,-1.9327119698201287,0.0,517,1.2176926134088717e-12
driven_dt2p5e-4,471,4,-2.320247394247764,0.0,1,0.060075941212412776,0.323005565093044,0.0,-2.260171453035351,0.0,517,1.2176926134088717e-12
driven_dt2p5e-4,471,5,-2.9438533246558065,0.18042077961838413,1,0.18188469913820013,0.248337531952063,0.011702739865810266,-2.783714644063348,0.09417898720484447,517,1.2176926134088717e-12
driven_dt2p5e-4,472,0,-0.9226805184503813,0.0,1,0.005890210753350056,0.6322975720163244,0.0,-0.9167903076970313,0.0,516,8.384404281969182e-13
driven_dt2p5e-4,472,1,-1.3493022938056025,6.283185307179586,1,1.995903838501455,-0.18776633917017277,0.0286008821465952,-3.3221771126104738,5.98086580421875,516,8.384404281969182e-13
driven_dt2p5e-4,472,2,-1.7807710567401813,0.0,1,0.009963877332078264,0.4084574764018122,0.0,-1.7907349340722596,0.0,516,8.384404281969182e-13
driven_dt2p5e-4,472,3,-1.9776322153425845,0.0,1,0.026425253507784685,0.36713386802549086,0.0,-2.004057468850369,0.0,516,8.384404281969182e-13
driven_dt2p5e-4,472,4,-2.320247394247764,0.0,1,0.043247998625761674,0.3067421776539873,0.0,-2.3634953928735256,0.0,516,8.384404281969182e-13
driven_dt2p5e-4,472,5,-2.9438533246558065,0.18042077961838413,1,0.29869866936375694,0.2584895127610214,0.0,-2.705800310892961,0.0,516,8.384404281969182e-13
driven_dt2p5e-4,473,0,-0.9226805184503813,0.0,1,0.00701518918132904,0.6326533326269884,0.0,-0.9156653292690523,0.0,516,1.5261125696497402e-12
driven_dt2p5e-4,473,1,-1.3493022938056025,6.283185307179586,1,1.896232392311278,-0.19744740076141964,0.02590501924521675,-3.2274992476925575,6.022276342097287,516,1.5261125696497402e-12
driven_dt2p5e-4,473,2,-1.7807710567401813,0.0,1,0.03001853381473185,0.40438220539971714,0.0,-1.8107895905549132,0.0,516,1.5261125696497402e-12
driven_dt2p5e-4,473,3,-1.9776322153425845,0.0,1,0.09159748034322801,0.3553632234827329,0.0,-2.0692296956858125,0.0,516,1.5261125696497402e-12
driven_dt2p5e-4,473,4,-2.320247394247764,0.0,1,0.25101769856195144,0.3553632234827329,0.0,-2.0692296956858125,0.0,516,1.5261125696497402e-12
driven_dt2p5e-4,473,5,-2.9438533246558065,0.18042077961838413,1,0.2323938286219343,0.21327674412047323,0.0,-3.090329376839962,0.0,516,1.5261125696497402e-12
driven_dt2p5e-4,474,0,-0.9226805184503813,0.0,1,0.005200182166907541,0.6288010611376775,0.0,-0.9278807006172889,0.0,516,1.1879386363489175e-13
driven_dt2p5e-4,474,1,-1.3493022938056025,6.283185307179586,1,1.5334981190811365,-0.23659624305712257,0.0,-2.882800412886739,6.283185307179586,516,1.1879386363489175e-13
driven_dt2p5e-4,474,2,-1.7807710567401813,0.0,1,0.08153109319739893,0.3940998107581079,0.0,-1.8623021499375803,0.0,516,1.1879386363489175e-13
driven_dt2p5e-4,474,3,-1.9776322153425845,0.0,1,0.04561894146505119,0.3805998809412295,0.0,-1.9320132738775333,0.0,516,1.1879386363489175e-13
driven_dt2p5e-4,474,4,-2.320247394247764,0.0,1,0.0071821830664484665,0.31457504778817647,0.0,-2.3130652111813155,0.0,516,1.1879386363489175e-13
driven_dt2p5e-4,474,5,-2.9438533246558065,0.18042077961838413,1,0.1838035234389756,0.23354600879151022,0.0,-2.908752362981281,0.0,516,1.1879386363489175e-13
driven_dt2p5e-4,475,0,-0.9226805184503813,0.0,1,0.0064029554186672,0.632459696401012,0.0,-0.9162775630317141,0.0,517,1.0969003483296547e-13
driven_dt2p5e-4,475,1,-1.3493022938056025,6.283185307179586,0,2.509597245063089,nan,nan,nan,nan,517,1.0969003483296547e-13
driven_dt2p5e-4,475,2,-1.7807710567401813,0.0,1,0.012432124524322852,0.4130570887694528,0.0,-1.7683389322158585,0.0,517,1.0969003483296547e-13
driven_dt2p5e-4,475,3,-1.9776322153425845,0.0,1,0.1690163559749569,0.4048219534356639,0.0,-1.8086158593676276,0.0,517,1.0969003483296547e-13
driven_dt2p5e-4,475,4,-2.320247394247764,0.0,1,0.12904905318118542,0.29386105549408026,0.0,-2.4492964474289494,0.0,517,1.0969003483296547e-13
driven_dt2p5e-4,475,5,-2.9438533246558065,0.18042077961838413,1,0.21193995632742307,0.24260433627802055,0.0,-2.8326468168877605,0.0,517,1.0969003483296547e-13
driven_dt2p5e-4,476,0,-0.9226805184503813,0.0,1,0.008368131662382705,0.6330814491996826,0.0,-0.9143123867879986,0.0,517,1.7763568394002505e-15
driven_dt2p5e-4,476,1,-1.3493022938056025,6.283185307179586,1,2.238552114498256,-0.16520409182418896,0.0615192537188509,-3.471286944287146,5.570236001516601,517,1.7763568394002505e-15
driven_dt2p5e-4,476,2,-1.7807710567401813,0.0,1,0.03590081529102673,0.4031946077236773,0.0,-1.816671872031208,0.0,517,1.7763568394002505e-15
driven_dt2p5e-4,476,3,-1.9776322153425845,0.0,1,0.026814263283684303,0.377038122472617,0.0,-1.9508179520589002,0.0,517,1.7763568394002505e-15
driven_dt2p5e-4,476,4,-2.320247394247764,0.0,1,0.36942944218886375,0.377038122472617,0.0,-1.9508179520589002,0.0,517,1.7763568394002505e-15
driven_dt2p5e-4,476,5,-2.9438533246558065,0.18042077961838413,1,0.2353370142918179,0.24749235182472737,0.0,-2.7927511983382667,0.0,517,1.7763568394002505e-15
driven_dt2p5e-4,477,0,-0.9226805184503813,0.0,1,0.002761569676135167,0.6313092291819529,0.0,-0.9199189487742462,0.0,517,8.393286066166183e-14
driven_dt2p5e-4,477,1,-1.3493022938056025,6.283185307179586,1,1.8155158440279984,-0.20670170457786574,0.06724721858119821,-3.052349545036175,5.654116280766199,517,8.393286066166183e-14
driven_dt2p5e-4,477,2,-1.7807710567401813,0.0,1,0.019396774649799386,0.40653554359649996,0.0,-1.8001678313899807,0.0,517,8.393286066166183e-14
driven_dt2p5e-4,477,3,-1.9776322153425845,0.0,1,0.1683180374073383,0.3419895402761964,0.0,-2.145950252749923,0.0,517,8.393286066166183e-14
driven_dt2p5e-4,477,4,-2.320247394247764,0.0,1,0.17429714149784115,0.3419895402761964,0.0,-2.145950252749923,0.0,517,8.393286066166183e-14
driven_dt2p5e-4,477,5,-2.9438533246558065,0.18042077961838413,1,0.36259114149799704,0.2685633713222568,0.0,-2.629336746118657,0.0,517,8.393286066166183e-14
driven_dt2p5e-4,478,0,-0.9226805184503813,0.0,1,0.007162071657017655,0.632699797177049,0.0,-0.9155184467933637,0.0,517,1.9828583219805296e-13
driven_dt2p5e-4,478,1,-1.3493022938056025,6.283185307179586,1,2.13382188031604,-0.17524643650388969,0.0,-3.4831241741216425,6.283185307179586,517,1.9828583219805296e-13
driven_dt2p5e-4,478,2,-1.7807710567401813,0.0,1,0.034946256464045256,0.4033870901398678,0.0,-1.8157173132042266,0.0,517,1.9828583219805296e-13
driven_dt2p5e-4,478,3,-1.9776322153425845,0.0,1,0.039015508338426264,0.37934532025193324,0.0,-1.9386167070041582,0.0,517,1.9828583219805296e-13
driven_dt2p5e-4,478,4,-2.320247394247764,0.0,1,0.2549432463303445,0.3560614061003482,0.0,-2.0653041479174195,0.0,517,1.9828583219805296e-13
driven_dt2p5e-4,478,5,-2.9438533246558065,0.18042077961838413,1,0.3928846048207989,0.21231988393971876,0.0617703397123913,-3.0180738383450096,0.5662311320623098,517,1.9828583219805296e-13
driven_dt2p5e-4,479,0,-0.9226805184503813,0.0,1,0.007045228120830971,0.6282212451987241,0.0,-0.9297257465712123,0.0,516,3.9190872769268026e-14
driven_dt2p5e-4,479,1,-1.3493022938056025,6.283185307179586,1,1.9716627761380578,-0.19004725352653337,0.0,-3.3209650699436604,6.283185307179586,516,3.9190872769268026e-14
driven_dt2p5e-4,479,2,-1.7807710567401813,0.0,1,0.060455360295514016,0.39827474072518254,0.0,-1.8412264170356953,0.0,516,3.9190872769268026e-14
driven_dt2p5e-4,479,3,-1.9776322153425845,0.0,1,0.13640579830688915,0.39827474072518254,0.0,-1.8412264170356953,0.0,516,3.9190872769268026e-14
driven_dt2p5e-4,479,4,-2.320247394247764,0.0,1,0.14762925485691047,0.33745973830544596,0.0,-2.1726181393908535,0.0,516,3.9190872769268026e-14
driven_dt2p5e-4,479,5,-2.9438533246558065,0.18042077961838413,1,0.36876965041243237,0.26951892098622304,0.0,-2.622233366712892,0.0,516,3.9190872769268026e-14
driven_dt2p5e-4,480,0,-0.9226805184503813,0.0,1,0.0015767786444453868,0.6309353551770497,0.0,-0.921103739805936,0.0,516,5.74651437545981e-13
driven_dt2p5e-4,480,1,-1.3493022938056025,6.283185307179586,1,1.0071175549348388,-0.3078292833940464,0.0,-2.3564198487404413,6.283185307179586,516,5.74651437545981e-13
driven_dt2p5e-4,480,2,-1.7807710567401813,0.0,1,0.04369921191257875,0.41956537605598565,0.0,-1.7370718448276026,0.0,516,5.74651437545981e-13
driven_dt2p5e-4,480,3,-1.9776322153425845,0.0,1,0.033074861413160184,0.3782202137391031,0.0,-1.9445573539294243,0.0,516,5.74651437545981e-13
driven_dt2p5e-4,480,4,-2.320247394247764,0.0,1,0.08666852428666205,0.3001544932842563,0.0,-2.406915918534426,0.0,516,5.74651437545981e-13
driven_dt2p5e-4,480,5,-2.9438533246558065,0.18042077961838413,1,0.3053813458684236,0.2542814402375596,0.04755424158522399,-2.704250577692044,0.36975722632590247,516,5.74651437545981e-13
driven_dt2p5e-4,481,0,-0.9226805184503813,0.0,1,2.111191257059275e-05,0.6304314736676665,0.0,-0.9227016303629519,0.0,517,9.814371537686384e-14
driven_dt2p5e-4,481,1,-1.3493022938056025,6.283185307179586,1,0.24652401388993517,-0.5761489027604046,0.0,-1.1027782799156673,6.283185307179586,517,9.814371537686384e-14
driven_dt2p5e-4,481,2,-1.7807710567401813,0.0,1,0.056699116912768854,0.3990234520202462,0.0,-1.8374701736529502,0.0,517,9.814371537686384e-14
driven_dt2p5e-4,481,3,-1.9776322153425845,0.0,1,0.012456037445931267,0.3743410162158362,0.0,-1.9651761778966532,0.0,517,9.814371537686384e-14
driven_dt2p5e-4,481,4,-2.320247394247764,0.0,1,0.006458009653386387,0.31243691507311044,0.0,-2.3267054039011503,0.0,517,9.814371537686384e-14
driven_dt2p5e-4,481,5,-2.9438533246558065,0.18042077961838413,1,0.22349653390418328,0.21483620503458212,0.0,-3.075758756496494,0.0,517,9.814371537686384e-14
driven_dt2p5e-4,482,0,-0.9226805184503813,0.0,1,0.010610273624221178,0.6337915764180733,0.0,-0.9120702448261602,0.0,517,4.04343225568482e-12
driven_dt2p5e-4,482,1,-1.3493022938056025,6.283185307179586,1,2.0225737790464455,-1.4002289271138604,0.0,0.6732714852408432,6.283185307179586,517,4.04343225568482e-12
driven_dt2p5e-4,482,2,-1.7807710567401813,0.0,1,0.03714964928519793,0.40294292474322435,0.0,-1.8179207060253793,0.0,517,4.04343225568482e-12
driven_dt2p5e-4,482,3,-1.9776322153425845,0.0,1,0.15971150931720524,0.40294292474322435,0.0,-1.8179207060253793,0.0,517,4.04343225568482e-12
driven_dt2p5e-4,482,4,-2.320247394247764,0.0,1,0.14974907441581076,0.3378176048018437,0.0,-2.170498319831953,0.0,517,4.04343225568482e-12
driven_dt2p5e-4,482,5,-2.9438533246558065,0.18042077961838413,1,0.19749743844015138,0.24998149343896534,0.030905828259597135,-2.7575674323232464,0.24601654555097477,517,4.04343225568482e-12
driven_dt2p5e-4,483,0,-0.9226805184503813,0.0,1,0.009979700767370314,0.6335917820334623,0.0,-0.912700817683011,0.0,517,1.986188991054405e-13
driven_dt2p5e-4,483,1,-1.3493022938056025,6.283185307179586,0,2.5432780056558304,nan,nan,nan,nan,517,1.986188991054405e-13
driven_dt2p5e-4,483,2,-1.7807710567401813,0.0,1,0.041820469223156076,0.4020029858184302,0.0,-1.8225915259633374,0.0,517,1.986188991054405e-13
driven_dt2p5e-4,483,3,-1.9776322153425845,0.0,1,0.1550406893792471,0.4020029858184302,0.0,-1.8225915259633374,0.0,517,1.986188991054405e-13
driven_dt2p5e-4,483,4,-2.320247394247764,0.0,1,0.18376729296636585,0.343612726571971,0.0,-2.136480101281398,0.0,517,1.986188991054405e-13
driven_dt2p5e-4,483,5,-2.9438533246558065,0.18042077961838413,1,0.13488091827637813,0.21367668404488377,0.022439026737055685,-3.0756148974929385,0.20926085656980986,517,1.986188991054405e-13
driven_dt2p5e-4,484,0,-0.9226805184503813,0.0,1,0.0051056468575836345,0.632049581737367,0.0,-0.9175748715927977,0.0,517,5.329070518200751e-15
driven_dt2p5e-4,484,1,-1.3493022938056025,6.283185307179586,1,2.1955268576431775,-0.16786646520622966,0.10522507735374582,-3.2377664585111727,5.163345460926821,517,5.329070518200751e-15
driven_dt2p5e-4,484,2,-1.7807710567401813,0.0,1,0.049477347387361315,0.400466884188371,0.0,-1.8302484041275426,0.0,517,5.329070518200751e-15
driven_dt2p5e-4,484,3,-1.9776322153425845,0.0,1,0.1077828641420111,0.3524989837395643,0.0,-2.0854150794845956,0.0,517,5.329070518200751e-15
driven_dt2p5e-4,484,4,-2.320247394247764,0.0,1,0.09956595780460997,0.32944669345896416,0.0,-2.220681436443154,0.0,517,5.329070518200751e-15
driven_dt2p5e-4,484,5,-2.9438533246558065,0.18042077961838413,1,0.18164191916869118,0.2270829078919087,0.0,-2.964880190356139,0.0,517,5.329070518200751e-15
driven_dt2p5e-4,485,0,-0.9226805184503813,0.0,1,0.0002350031435001121,0.6305122103331386,0.0,-0.9224455153068812,0.0,516,9.703349235223868e-14
driven_dt2p5e-4,485,1,-1.3493022938056025,6.283185307179586,0,2.3182040613828807,nan,nan,nan,nan,516,9.703349235223868e-14
driven_dt2p5e-4,485,2,-1.7807710567401813,0.0,1,0.023440363709302137,0.40571444258677,0.0,-1.8042114204494835,0.0,516,9.703349235223868e-14
driven_dt2p5e-4,485,3,-1.9776322153425845,0.0,1,0.17342079489310103,0.40571444258677,0.0,-1.8042114204494835,0.0,516,9.703349235223868e-14
driven_dt2p5e-4,485,4,-2.320247394247764,0.0,1,0.08073342218451263,0.326359094805867,0.0,-2.2395139720632513,0.0,516,9.703349235223868e-14
driven_dt2p5e-4,485,5,-2.9438533246558065,0.18042077961838413,1,0.21399621614934142,0.24307429360153104,0.0,-2.828776294766562,0.0,516,9.703349235223868e-14
driven_dt2p5e-4,486,0,-0.9226805184503813,0.0,1,0.0005137234330930829,0.6302762138857264,0.0,-0.9231942418834744,0.0,517,5.861977570020827e-14
driven_dt2p5e-4,486,1,-1.3493022938056025,6.283185307179586,0,2.7109501998036336,nan,nan,nan,nan,517,5.861977570020827e-14
driven_dt2p5e-4,486,2,-1.7807710567401813,0.0,1,0.040780071498121906,0.40221216171619645,0.0,-1.8215511282383032,0.0,517,5.861977570020827e-14
driven_dt2p5e-4,486,3,-1.9776322153425845,0.0,1,0.15608108710428126,0.40221216171619645,0.0,-1.8215511282383032,0.0,517,5.861977570020827e-14
driven_dt2p5e-4,486,4,-2.320247394247764,0.0,1,0.11496588990650025,0.33199321329051307,0.0,-2.2052815043412637,0.0,517,5.861977570020827e-14
driven_dt2p5e-4,486,5,-2.9438533246558065,0.18042077961838413,1,0.18534514694569623,0.22466458237004847,0.0,-2.9862934681312496,0.0,517,5.861977570020827e-14
driven_dt2p5e-4,487,0,-0.9226805184503813,0.0,1,0.011477735514397236,0.6340665310613601,0.0,-0.9112027829359841,0.0,517,3.9968028886505635e-15
driven_dt2p5e-4,487,1,-1.3493022938056025,6.283185307179586,1,0.1877943008483911,-0.4636857137425862,0.0,-1.5370965946539936,6.283185307179586,517,3.9968028886505635e-15
driven_dt2p5e-4,487,2,-1.7807710567401813,0.0,1,0.10996818857672985,0.4337003443835644,0.0,-1.6708028681634515,0.0,517,3.9968028886505635e-15
driven_dt2p5e-4,487,3,-1.9776322153425845,0.0,1,0.054636801746779984,0.36199151431688803,0.0,-2.0322690170893645,0.0,517,3.9968028886505635e-15
driven_dt2p5e-4,487,4,-2.320247394247764,0.0,1,0.04870010923072323,0.3077255659627216,0.004945640117598133,-2.356835562852345,0.032140419369496805,517,3.9968028886505635e-15
driven_dt2p5e-4,487,5,-2.9438533246558065,0.18042077961838413,1,0.11522303460391865,0.2330252888951708,0.0332923643411165,-2.8930102334276433,0.28381965668047077,517,3.9968028886505635e-15
driven_dt2p5e-4,488,0,-0.9226805184503813,0.0,1,0.016716260077176637,0.6357294945280678,0.0,-0.9059642583732047,0.0,516,9.623413177450857e-13
driven_dt2p5e-4,488,1,-1.3493022938056025,6.283185307179586,0,2.401103839285683,nan,nan,nan,nan,516,9.623413177450857e-13
driven_dt2p5e-4,488,2,-1.7807710567401813,0.0,1,0.009752221522305593,0.4125039829535951,0.0,-1.7710188352178757,0.0,516,9.623413177450857e-13
driven_dt2p5e-4,488,3,-1.9776322153425845,0.0,1,0.06717185368976697,0.3597298181228998,0.0,-2.0448040690323515,0.0,516,9.623413177450857e-13
driven_dt2p5e-4,488,4,-2.320247394247764,0.0,1,0.07990610796140496,0.32622412196354295,0.0,-2.240341286286359,0.0,516,9.623413177450857e-13
driven_dt2p5e-4,488,5,-2.9438533246558065,0.18042077961838413,1,0.19132569261874963,0.23690603678154235,0.0,-2.880183371475843,0.0,516,9.623413177450857e-13
driven_dt2p5e-4,489,0,-0.9226805184503813,0.0,1,0.006555536753088842,0.6283750812914103,0.0,-0.9292360552034702,0.0,516,1.894040480010517e-12
driven_dt2p5e-4,489,1,-1.3493022938056025,6.283185307179586,1,1.836945442433476,-0.20328956899102138,0.0,-3.1862477362390784,6.283185307179586,516,1.894040480010517e-12
driven_dt2p5e-4,489,2,-1.7807710567401813,0.0,1,0.03604542473366146,0.4179628123841297,0.0,-1.7447256320065199,0.0,516,1.894040480010517e-12
driven_dt2p5e-4,489,3,-1.9776322153425845,0.0,1,0.031521757793844474,0.37792662015774214,0.0,-1.94611045754874,0.0,516,1.894040480010517e-12
driven_dt2p5e-4,489,4,-2.320247394247764,0.0,1,0.12162788172622285,0.2949534776420618,0.0,-2.441875275973987,0.0,516,1.894040480010517e-12
driven_dt2p5e-4,489,5,-2.9438533246558065,0.18042077961838413,1,0.1886575785926477,0.22324289841289477,0.0,-2.9989897395042124,0.0,516,1.894040480010517e-12
driven_dt2p5e-4,490,0,-0.9226805184503813,0.0,1,0.00758595690214614,0.6328339074426973,0.0,-0.9150945615482352,0.0,516,1.7152945730458669e-12
driven_dt2p5e-4,490,1,-1.3493022938056025,6.283185307179586,1,1.1118150138973883,-0.29212933290948023,0.0,-2.461117307702991,6.283185307179586,516,1.7152945730458669e-12
driven_dt2p5e-4,490,2,-1.7807710567401813,0.0,1,0.061645570536111416,0.3980377958982241,0.0,-1.8424166272762927,0.0,516,1.7152945730458669e-12
driven_dt2p5e-4,490,3,-1.9776322153425845,0.0,1,0.13521558806629175,0.3980377958982241,0.0,-1.8424166272762927,0.0,516,1.7152945730458669e-12
driven_dt2p5e-4,490,4,-2.320247394247764,0.0,1,0.07106492376733842,0.3247852009727476,0.0,-2.2491824704804255,0.0,516,1.7152945730458669e-12
driven_dt2p5e-4,490,5,-2.9438533246558065,0.18042077961838413,1,0.2733570190645326,0.25429835865155614,0.0,-2.738494121906717,0.0,516,1.7152945730458669e-12
driven_dt2p5e-4,491,0,-0.9226805184503813,0.0,1,0.008377973944443617,0.6278027550290449,0.0,-0.931058492394825,0.0,515,2.0121682098306337e-12
driven_dt2p5e-4,491,1,-1.3493022938056025,6.283185307179586,1,2.193958498785106,-0.17000576221651428,0.013873125993022064,-3.537208779130557,6.120338428596048,515,2.0121682098306337e-12
driven_dt2p5e-4,491,2,-1.7807710567401813,0.0,1,0.0688917095223125,0.3965982865985773,0.0,-1.8496627662624938,0.0,515,2.0121682098306337e-12
driven_dt2p5e-4,491,3,-1.9776322153425845,0.0,1,0.12796944908009067,0.3965982865985773,0.0,-1.8496627662624938,0.0,515,2.0121682098306337e-12
driven_dt2p5e-4,491,4,-2.320247394247764,0.0,1,0.12941162028305842,0.3343998364079611,0.0,-2.1908357739647055,0.0,515,2.0121682098306337e-12
driven_dt2p5e-4,491,5,-2.9438533246558065,0.18042077961838413,1,0.05393785995504283,0.2272452276532173,0.014648398017636715,-2.959304513688363,0.12874338132851254,515,2.0121682098306337e-12
driven_dt2p5e-4,492,0,-0.9226805184503813,0.0,1,0.0014111292574273682,0.6299934705517087,0.0,-0.9240916477078087,0.0,516,2.0650148258027912e-14
driven_dt2p5e-4,492,1,-1.3493022938056025,6.283185307179586,1,2.201569939491111,-0.16923020880202091,0.026014272966274073,-3.529635277821407,5.978130759133456,516,2.0650148258027912e-14
driven_dt2p5e-4,492,2,-1.7807710567401813,0.0,1,0.028573352154036558,0.41640420147564794,0.0,-1.7521977045861448,0.0,516,2.0650148258027912e-14
driven_dt2p5e-4,492,3,-1.9776322153425845,0.0,1,0.1253443463004391,0.3494173308307628,0.0,-2.1029765616430236,0.0,516,2.0650148258027912e-14
driven_dt2p5e-4,492,4,-2.320247394247764,0.0,1,0.21698895291907228,0.2812199505716661,0.0,-2.537236347166836,0.0,516,2.0650148258027912e-14
driven_dt2p5e-4,492,5,-2.9438533246558065,0.18042077961838413,1,0.3068988561187303,0.2026937822870693,0.0,-3.1921178009082087,0.0,516,2.0650148258027912e-14
driven_dt2p5e-4,493,0,-0.9226805184503813,0.0,1,0.003881731393326149,0.6292157194220376,0.0,-0.9265622498437075,0.0,517,2.3092638912203256e-14
driven_dt2p5e-4,493,1,-1.3493022938056025,6.283185307179586,1,2.0069095068570446,-0.1867247604524236,0.019349102045502463,-3.345558610942316,6.076675053184896,517,2.3092638912203256e-14
driven_dt2p5e-4,493,2,-1.7807710567401813,0.0,1,0.01909417154734605,0.4144352857727109,0.0,-1.7616768851928353,0.0,517,2.3092638912203256e-14
driven_dt2p5e-4,493,3,-1.9776322153425845,0.0,1,0.06394678578361623,0.38410369845939585,0.0,-1.9136854295589683,0.0,517,2.3092638912203256e-14
driven_dt2p5e-4,493,4,-2.320247394247764,0.0,1,0.015974908030768287,0.31095373151348943,0.0,-2.3362223022785322,0.0,517,2.3092638912203256e-14
driven_dt2p5e-4,493,5,-2.9438533246558065,0.18042077961838413,1,0.1638227313486653,0.24645525083171843,0.012959334947747675,-2.7983885331411122,0.10506905942485771,517,2.3092638912203256e-14
driven_dt2p5e-4,494,0,-0.9226805184503813,0.0,1,0.016305256364166465,0.635598864359538,0.0,-0.9063752620862149,0.0,516,4.3431924723336124e-13
driven_dt2p5e-4,494,1,-1.3493022938056025,6.283185307179586,1,0.7524984008777216,-0.3496228253806415,0.0,-2.101800694683324,6.283185307179586,516,4.3431924723336124e-13
driven_dt2p5e-4,494,2,-1.7807710567401813,0.0,1,0.04155421865746001,0.4020565061419981,0.0,-1.8223252753976413,0.0,516,4.3431924723336124e-13
driven_dt2p5e-4,494,3,-1.9776322153425845,0.0,1,0.15530693994494316,0.4020565061419981,0.0,-1.8223252753976413,0.0,516,4.3431924723336124e-13
driven_dt2p5e-4,494,4,-2.320247394247764,0.0,1,0.05220579710978157,0.32173701248133,0.0,-2.2680415971379824,0.0,516,4.3431924723336124e-13
driven_dt2p5e-4,494,5,-2.9438533246558065,0.18042077961838413,1,0.24375329846353322,0.24908142253940807,0.0,-2.779950875638878,0.0,516,4.3431924723336124e-13
driven_dt2p5e-4,495,0,-0.9226805184503813,0.0,1,0.0028864636668068933,0.631348653777404,0.0,-0.9197940547835745,0.0,516,5.715428130770306e-13
driven_dt2p5e-4,495,1,-1.3493022938056025,6.283185307179586,1,0.5348168554789205,-0.3898241360976615,0.0,-1.884119149284523,6.283185307179586,516,5.715428130770306e-13
driven_dt2p5e-4,495,2,-1.7807710567401813,0.0,1,0.07161920690332924,0.39605779483580517,0.0,-1.8523902636435106,0.0,516,5.715428130770306e-13
driven_dt2p5e-4,495,3,-1.9776322153425845,0.0,1,0.10147260510728406,0.35361292007061274,0.0,-2.0791048204498686,0.0,516,5.715428130770306e-13
driven_dt2p5e-4,495,4,-2.320247394247764,0.0,1,0.08526438486787002,0.3270992933822856,0.0,-2.234983009379894,0.0,516,5.715428130770306e-13
driven_dt2p5e-4,495,5,-2.9438533246558065,0.18042077961838413,1,0.09811627897686831,0.22024060925541433,0.013405423330660443,-3.022371336783588,0.12158434556797419,516,5.715428130770306e-13
driven_dt2p5e-4,496,0,-0.9226805184503813,0.0,1,0.007952456775877526,0.6329498848423837,0.0,-0.9147280616745038,0.0,517,1.2922996006636822e-13
driven_dt2p5e-4,496,1,-1.3493022938056025,6.283185307179586,1,1.6307021381146514,-0.22537215612317368,0.0,-2.980004431920254,6.283185307179586,517,1.2922996006636822e-13
driven_dt2p5e-4,496,2,-1.7807710567401813,0.0,1,0.01222222200756029,0.41301374018298725,0.0,-1.768548834732621,0.0,517,1.2922996006636822e-13
driven_dt2p5e-4,496,3,-1.9776322153425845,0.0,1,0.0020424617785028687,0.3723969674836186,0.0,-1.9755897535640816,0.0,517,1.2922996006636822e-13
driven_dt2p5e-4,496,4,-2.320247394247764,0.0,1,0.0885874898687593,0.29986663833131444,0.0,-2.4088348841165232,0.0,517,1.2922996006636822e-13
driven_dt2p5e-4,496,5,-2.9438533246558065,0.18042077961838413,1,0.25193720796966007,0.21016799860345742,0.0,-3.119696149477982,0.0,517,1.2922996006636822e-13
driven_dt2p5e-4,497,0,-0.9226805184503813,0.0,1,0.0038526688739045634,0.6316537336422959,0.0,-0.9188278495764768,0.0,516,2.8317348466089243e-12
driven_dt2p5e-4,497,1,-1.3493022938056025,6.283185307179586,1,2.0123654610946717,-0.18621862776321232,0.0,-3.3616677549002745,6.283185307179586,516,2.8317348466089243e-12
driven_dt2p5e-4,497,2,-1.7807710567401813,0.0,1,0.167768735093182,0.3786024201450845,0.008782790855775009,-1.9419992967327546,0.0463875317694686,516,2.8317348466089243e-12
driven_dt2p5e-4,497,3,-1.9776322153425845,0.0,1,0.05849365771020153,0.3786024201450845,0.008782790855775009,-1.9419992967327546,0.0463875317694686,516,2.8317348466089243e-12
driven_dt2p5e-4,497,4,-2.320247394247764,0.0,1,0.2793348855467502,0.2733242056249152,0.008034148646342578,-2.5933295975750976,0.058771494019675886,516,2.8317348466089243e-12
driven_dt2p5e-4,497,5,-2.9438533246558065,0.18042077961838413,1,0.37103292567267854,0.2733242056249152,0.008034148646342578,-2.5933295975750976,0.058771494019675886,516,2.8317348466089243e-12
driven_dt2p5e-4,498,0,-0.9226805184503813,0.0,1,0.0076242049391286315,0.6280394087508999,0.0,-0.93030472338951,0.0,517,7.488454301096681e-13
driven_dt2p5e-4,498,1,-1.3493022938056025,6.283185307179586,1,1.754661661902507,-0.21184074323790014,0.006279936274698467,-3.1029625785077175,6.223913445314412,517,7.488454301096681e-13
driven_dt2p5e-4,498,2,-1.7807710567401813,0.0,1,0.07081077620687304,0.3962179198355742,0.0,-1.8515818329470544,0.0,517,7.488454301096681e-13
driven_dt2p5e-4,498,3,-1.9776322153425845,0.0,1,0.06426888037032663,0.36025234028024106,0.0,-2.041901095712911,0.0,517,7.488454301096681e-13
driven_dt2p5e-4,498,4,-2.320247394247764,0.0,1,0.23925117994288944,0.3014171011223322,0.03485557759549659,-2.3852367495163938,0.23025531656366302,517,7.488454301096681e-13
driven_dt2p5e-4,498,5,-2.9438533246558065,0.18042077961838413,1,0.1594141027183836,0.24728536886473182,0.01742244975082276,-2.7894729351636216,0.14067720799040076,517,7.488454301096681e-13
driven_dt2p5e-4,499,0,-0.9226805184503813,0.0,1,0.0016151277150633359,0.6309474531852817,0.0,-0.921065390735318,0.0,515,1.1382006448457105e-12
driven_dt2p5e-4,499,1,-1.3493022938056025,6.283185307179586,1,1.9417889356417157,-0.1929072810219045,0.0,-3.2910912294473182,6.283185307179586,515,1.1382006448457105e-12
driven_dt2p5e-4,499,2,-1.7807710567401813,0.0,1,0.06303944378849669,0.42364230229089517,0.0,-1.7177316129516846,0.0,515,1.1382006448457105e-12
driven_dt2p5e-4,499,3,-1.9776322153425845,0.0,1,0.05461171345615834,0.38231505807531246,0.0,-1.9230205018864261,0.0,515,1.1382006448457105e-12
driven_dt2p5e-4,499,4,-2.320247394247764,0.0,1,0.21764869133342835,0.28112720006813696,0.0,-2.5378960855811923,0.0,515,1.1382006448457105e-12
driven_dt2p5e-4,499,5,-2.9438533246558065,0.18042077961838413,1,0.44424423201116414,0.28112720006813696,0.0,-2.5378960855811923,0.0,515,1.1382006448457105e-12
