lag,time,rho_I2,rho_theta1_periodic
0,0.0,1.0,1.0
1,0.1,0.684385058141005,0.40677045436085646
2,0.2,0.3749052930879844,0.1246978492812168
3,0.30000000000000004,0.3252756257778841,0.03568150010236414
4,0.4,0.3347491077633141,0.02104980174408425
5,0.5,0.3163612561985267,0.022486192224104678
6,0.6000000000000001,0.2820234017831134,0.02365674867264131
7,0.7000000000000001,0.24985722331145274,0.025047902719060457
8,0.8,0.2238222675312787,0.02609483586558938
9,0.9,0.20260821077873173,0.02602175282976161
10,1.0,0.18335068874679314,0.02473463479012301
11,1.1,0.16547107433667688,0.023169964932250996
12,1.2000000000000002,0.1494829245406856,0.02062830893717478
13,1.3,0.13458166591219314,0.018112447908841468
14,1.4000000000000001,0.12096655780521369,0.015796971128789954
15,1.5,0.10926832972969557,0.014005590392329202
16,1.6,0.09894200099034288,0.012059965665908747
17,1.7000000000000002,0.08936303187704017,0.010569847081033402
18,1.8,0.080594334855947,0.009387586948438111
19,1.9000000000000001,0.07305003013523219,0.008407427018125958
20,2.0,0.06634185054215022,0.008204626781588623
21,2.1,0.060263638906205196,0.008046396505513677
22,2.2,0.05457861102915375,0.007484942866066946
23,2.3000000000000003,0.04892578303096777,0.006320297507286115
24,2.4000000000000004,0.044103047525383875,0.0061777764791052115
25,2.5,0.03997161118929904,0.005743308250994303
26,2.6,0.036134894131654605,0.004862168624194198
27,2.7,0.032941193091284446,0.004297167133364819
28,2.8000000000000003,0.02985253423651514,0.003443686101345382
29,2.9000000000000004,0.026626731658783414,0.002970642939423729
30,3.0,0.024120830459392135,0.003002756053857836
31,3.1,0.021930062466179675,0.0029191592337189025
32,3.2,0.019917465916434327,0.0025597189927792385
33,3.3000000000000003,0.018394294540566524,0.0017114235141582484
34,3.4000000000000004,0.016789893969647536,0.0014379182622177194
35,3.5,0.015183885564181671,0.0013545769184413797
36,3.6,0.014151118510853192,0.0011112365773274307
37,3.7,0.013089670389756225,0.0011030769654403936
38,3.8000000000000003,0.011679982732253827,0.0009030667446788986
39,3.9000000000000004,0.010788911608930432,0.0009965360183221115
40,4.0,0.010173868131890128,0.0008196638608449136
41,4.1000000000000005,0.00929633481583723,0.0012489062535197813
42,4.2,0.008222790368704857,0.0008740782093234565
43,4.3,0.0072675938029190925,0.0002769620389232975
44,4.4,0.006724658625238797,-1.489226826876357e-05
45,4.5,0.006282267674432525,0.00023044945081371877
46,4.6000000000000005,0.005568841016079258,0.0004567121317335802
47,4.7,0.005284060134423288,0.00038592158699357913
48,4.800000000000001,0.004862665676017318,0.0002688974803784448
49,4.9,0.004109034001502795,-0.0003926126243510372
50,5.0,0.0037867981559109067,-6.816113623774889e-05
51,5.1000000000000005,0.003650743676673486,0.0005521802674743337
52,5.2,0.0036105667003894447,0.0005915236869609003
53,5.300000000000001,0.003118113365614965,0.0006715775809654754
54,5.4,0.002694369339661442,-2.1663083987191224e-05
55,5.5,0.002803593213969392,-0.00018496883277826376
56,5.6000000000000005,0.002612872660977928,-0.0006758718966437742
57,5.7,0.002468142548715112,-0.0010413630703187168
58,5.800000000000001,0.002748580724657637,-0.0004534269770047664
59,5.9,0.0029467999725341356,-0.00036490918698883865
60,6.0,0.0028753102378191475,8.824190946032448e-05
61,6.1000000000000005,0.002619598412763622,0.00040798849638244055
62,6.2,0.0022300402374008338,0.0002546160950253353
63,6.300000000000001,0.002093335298766182,-0.000239323041613158
64,6.4,0.0019597358977114913,-0.0007052997171485145
65,6.5,0.0017774046951450414,-0.000547702739686737
66,6.6000000000000005,0.001960429325631868,-0.0004656606014655658
67,6.7,0.0021934799834902245,-0.0006223378971921565
68,6.800000000000001,0.00253264840673533,7.99862894513045e-05
69,6.9,0.002560952095103598,0.0002761551466453569
70,7.0,0.0021691605758696448,4.6777277296474976e-05
71,7.1000000000000005,0.0018784027753123405,-7.095791152224204e-05
72,7.2,0.0016108109924267428,0.0002782683202546579
73,7.300000000000001,0.0013833979642852898,0.0004384018356771495
74,7.4,0.0014284357012790724,0.000598593669515355
75,7.5,0.0014613372794002283,0.0002985808057520259
76,7.6000000000000005,0.0011264046541686532,0.00015993389942330118
77,7.7,0.0008564493990532275,0.0003682177026811256
78,7.800000000000001,0.0006714988824746873,0.0002558479964794967
79,7.9,0.00030711107681549986,0.00014249891818211553
80,8.0,-4.616809006231365e-05,8.788895542032965e-05
81,8.1,3.496785923547696e-05,0.00020380064351166832
82,8.200000000000001,0.000386828191770717,-3.4516505163406026e-05
83,8.3,0.0001222780423663953,-0.0002464284943599116
84,8.4,-6.601267573386308e-07,-0.00019889533263471156
85,8.5,0.00025838823461830576,-0.00018432023159910857
86,8.6,0.0003755941630381986,-0.00022468436344697887
87,8.700000000000001,0.00068776789683583,-0.0005366728424350055
88,8.8,0.0006561013521021849,-0.0004179115013690076
89,8.9,0.0006314770195450756,-0.00026544788742871995
90,9.0,0.0008293059268532726,2.6765131477801975e-05
91,9.1,0.0006124086352101123,-0.00011827950758040441
92,9.200000000000001,0.0006739565014397176,-0.0004726742525402927
93,9.3,0.0007742496131340333,-0.00015146887635876066
94,9.4,0.0006562745392704573,-0.00031497207678664356
95,9.5,0.0006346130573951132,-6.64630022745089e-05
96,9.600000000000001,0.0005805661740390224,-0.0003274054702053567
97,9.700000000000001,0.0005284882075099237,-0.0005620460492194732
98,9.8,0.0006465284121179783,-0.0005458261991512804
99,9.9,0.0005096353218356728,-0.0001329673329907119
100,10.0,0.0005636095197618056,-0.0003141760561302741
101,10.100000000000001,0.00044605350630299315,-0.0009095037483833805
102,10.200000000000001,0.0002131667074325326,-0.0010053082407569624
103,10.3,9.46764465873404e-05,-0.000686134894085837
104,10.4,-0.00022344875166287672,-0.00028741388216538337
105,10.5,-0.00031948257916454223,-0.00029185613669428475
106,10.600000000000001,0.00047374056371783766,-0.0001405290396653165
107,10.700000000000001,0.001399096443312183,0.0005991710893582746
108,10.8,0.001585899316570087,0.0009256568987933916
109,10.9,0.0014055343925756028,0.0004303722097002777
110,11.0,0.0014248531052841835,0.00045441579363770753
111,11.100000000000001,0.0012726821661682378,0.0003839561520597697
112,11.200000000000001,0.0011514016263029093,-0.00014076862742193048
113,11.3,0.000948346460914713,5.3997150964720696e-05
114,11.4,0.0008291237205232626,-4.9870355153612345e-05
115,11.5,0.0006121032031525298,0.0002737533427577442
116,11.600000000000001,0.0007141726682847217,0.0007552019933798953
117,11.700000000000001,0.0010198774645375174,0.0010100162111878704
118,11.8,0.0008119591835107366,0.0007240840236041582
119,11.9,0.00015922259604603123,0.0003547743940602507
120,12.0,-0.00021952227041011367,0.0001763519115691266
121,12.100000000000001,-0.0005623769118904416,7.829776300598732e-05
122,12.200000000000001,-0.0003876806280241536,0.0003109554850442112
123,12.3,1.2235254092004922e-05,0.000608208907354737
124,12.4,0.00022137652175404287,0.0005907184490969733
125,12.5,-0.0001797320535536349,0.0005874013862052937
126,12.600000000000001,-0.00039940414490094645,0.00031585492384324855
127,12.700000000000001,-0.0006330628179574429,-0.0001626190326824996
128,12.8,-0.0009016177579111384,2.8474761794813294e-06
129,12.9,-0.0011338044135261423,-0.0004058183955733447
130,13.0,-0.0012619130290027118,-0.0005396864287521345
131,13.100000000000001,-0.0011069538805240006,-0.0004092766244604732
132,13.200000000000001,-0.001020852088763185,0.00024331876973551436
133,13.3,-0.0009896924826263765,0.00038541324798900013
134,13.4,-0.0010466941081271675,0.000148225603794763
135,13.5,-0.0011123895646062022,-8.460228171515053e-05
136,13.600000000000001,-0.0011154285769635229,0.00017729328386000077
137,13.700000000000001,-0.0013672333347298162,-0.00024176044207835666
138,13.8,-0.0016633570887729704,-0.0003727649337771838
139,13.9,-0.0015871423468701113,8.060821382442062e-06
140,14.0,-0.0012721462026411073,0.0006604497944113054
141,14.100000000000001,-0.0011648127522255202,0.000534140175677664
142,14.200000000000001,-0.0011321959754664057,0.0005790668029288959
143,14.3,-0.0012502059381705715,0.00029123643593099866
144,14.4,-0.0014747786474505397,0.00038738701098336124
145,14.5,-0.0011910408739663342,0.00012500136265029908
146,14.600000000000001,-0.0006688889780141014,-0.0004772505637628888
147,14.700000000000001,-0.00042705432097493766,-0.00045118844890831047
148,14.8,-0.00039290107707488215,-0.0005188230019897668
149,14.9,-0.0005250565158530709,-0.00039302476553710464
150,15.0,-0.0005816338465347499,-0.000210792219074727
151,15.100000000000001,-0.0005224721528875602,-0.0002499006693307755
152,15.200000000000001,-4.600064346278867e-05,2.0339172357224927e-05
153,15.3,0.00018829165289038432,0.00033020550941532007
154,15.4,-0.0005009169541179693,0.0004055121890305548
155,15.5,-0.0011521810753487014,-0.0001590276192224554
156,15.600000000000001,-0.0013078093313786431,-0.0005358357567674227
157,15.700000000000001,-0.0011438984138628099,1.0606540762597896e-05
158,15.8,-0.0008256944488253697,0.0002139854028066693
159,15.9,-0.0005963849474350179,-3.1043404512466296e-05
160,16.0,-0.0007682449203605016,-0.00037684673717080396
161,16.1,-0.001046037189334388,-0.0006021477645646803
162,16.2,-0.0007458411854552288,-0.0003693181798927087
163,16.3,-0.0005339073520098675,-0.0001889307442356693
164,16.400000000000002,-0.0007204037444054238,-5.332306796990312e-05
165,16.5,-0.0006593569100112736,-0.0001732036214356399
166,16.6,-0.0005057987290389476,-0.00035169667808239137
167,16.7,-0.0005247368251956297,-0.00017422067992456952
168,16.8,-0.0006483930886252347,-0.00011218669344586537
169,16.900000000000002,-0.0006717283196144425,-0.00018806533304176152
170,17.0,-0.0005427742925783683,-0.00016921735890213982
171,17.1,-0.00033878512879771916,-0.000402491213008149
172,17.2,-0.00036133760271584575,-0.0004052156905650877
173,17.3,-0.00039079130636218576,-0.00016970694104214657
174,17.400000000000002,-0.0006092950369877711,-9.330011686271016e-05
175,17.5,-0.0007273217075113946,-0.00019762401261259112
176,17.6,-0.00022973298244715224,-0.00018635881992788475
177,17.7,-0.00022940594847299976,-7.769437384991719e-05
178,17.8,-0.0006370191984672101,-9.409897857152535e-05
179,17.900000000000002,-0.0010032222047593492,-5.6146336447781304e-05
180,18.0,-0.0012376635955906666,-1.9945265641170247e-05
181,18.1,-0.001487061820160117,-0.00011031316756111932
182,18.2,-0.0015406135903395513,-0.00030411551690392844
183,18.3,-0.001346720436210046,0.00017081296097475268
184,18.400000000000002,-0.0011559011693741273,0.00043072140211378553
185,18.5,-0.0011497299645541622,-2.9508334068400736e-05
186,18.6,-0.0010056995068003884,-6.248376264043194e-05
187,18.7,-0.0011146503765488767,-8.143635545337791e-05
188,18.8,-0.0011293803815860756,-3.1178147515960566e-05
189,18.900000000000002,-0.0008690725708412453,0.00048181266557463005
190,19.0,-0.0010550633878742579,0.0005112307164238038
191,19.1,-0.0010487009830307489,0.0002257623212320129
192,19.200000000000003,-0.0006192611440271363,0.00041373334873800994
193,19.3,-0.00023164857048390948,0.0003641480513413993
194,19.400000000000002,-0.00045949751023696716,0.0003898381537167339
195,19.5,-0.0007833557577837215,-0.00016659834743160883
196,19.6,-0.0006660200190811847,-0.0008750935213881142
197,19.700000000000003,-0.00037203406388555286,-0.0005997032178240842
198,19.8,-0.00028444940044876154,-0.00043003241674756436
199,19.900000000000002,-0.0002714787120256956,-0.0007160120894935905
200,20.0,-0.0004109965658754207,-0.00038105404916407535
201,20.1,-0.0009280578633775248,0.0001980221318738262
202,20.200000000000003,-0.0009067224685630561,0.00013514769332684948
203,20.3,-0.00030206040936483575,0.00043451537948581084
204,20.400000000000002,6.95989353484305e-05,0.0005369686246193589
205,20.5,-0.0004076006421194565,0.00011460562150795327
206,20.6,-0.0007474240475510986,0.0001829608181954922
207,20.700000000000003,-0.00012719383398397837,0.0004703255623794053
208,20.8,0.00037912432771681023,0.0004465934729496924
209,20.900000000000002,4.739462415573711e-05,0.0005579466435707343
210,21.0,2.515243108307575e-06,0.00043535988122409485
211,21.1,7.02655040017554e-05,0.0006039180894745086
212,21.200000000000003,-0.0002973372766428535,3.635567881453148e-05
213,21.3,-0.0006484669142239611,0.00042362343699635727
214,21.400000000000002,-0.000651270779589593,0.00025352761183301164
215,21.5,-0.0004006486488209294,0.00023730100614579382
216,21.6,8.269577367279152e-05,0.0004305967962586097
217,21.700000000000003,0.00021623024596348602,0.00017169559353557377
218,21.8,1.3954385217078494e-05,-4.941151568758301e-05
219,21.900000000000002,-0.00021205850650155513,-3.109958432418061e-05
220,22.0,-0.00012281963056207185,0.0005171730678330844
221,22.1,0.0001722046323572346,0.0009654164523119139
222,22.200000000000003,0.0005326136581185674,0.0009672529769987083
223,22.3,0.0008627175010696984,0.0002708215970702128
224,22.400000000000002,0.0007302047598421227,0.00010757529094968954
225,22.5,0.0007202029310672903,0.0005795315637876984
226,22.6,0.0008853250292284241,0.0004831036746498484
227,22.700000000000003,0.0011314160757173136,0.000610578378432282
228,22.8,0.0015903446677078875,0.00031654596379452124
229,22.900000000000002,0.0015688005961020427,5.94643571089946e-05
230,23.0,0.0012582275824108093,-0.0003665345980065702
231,23.1,0.0010518215009923542,-0.00012291583492410744
232,23.200000000000003,0.0009258172214637653,1.3364057796263351e-05
233,23.3,0.0008162579140129648,0.00033025125556136747
234,23.400000000000002,0.0009139142634066626,0.0006307422691156509
235,23.5,0.0008850523915437664,0.0004459394483330842
236,23.6,0.0009855676312661627,0.00044873018539048464
237,23.700000000000003,0.000993439296434822,0.0004113343484480794
238,23.8,0.000925019137132554,0.0005912233896785239
239,23.900000000000002,0.0008004531056356356,0.000754564298383031
240,24.0,0.0004278097750417848,0.0007245894817825069
241,24.1,-3.683297066815054e-05,0.0006619054709110592
242,24.200000000000003,-0.0004171021620558914,0.0005208141721673784
243,24.3,-0.0006183952177745765,0.00011840833147075767
244,24.400000000000002,-0.000594089327492894,-0.0003015632837826573
245,24.5,-0.0004984675124034499,-0.0003352104248155096
246,24.6,-0.0005340552811264986,-0.0002797430229185086
247,24.700000000000003,-0.000605361062377957,-0.00040508540412078747
248,24.8,-0.0004531239232888263,-8.748363255624397e-05
249,24.900000000000002,-0.0004301070702431385,0.00033901227682869113
250,25.0,-0.0007656280293158505,-0.000393163906883456
251,25.1,-0.0012710278939069679,-0.0006766248962984071
252,25.200000000000003,-0.0013577065550444253,-0.0003111055027393863
253,25.3,-0.00141165449636486,-0.00030169994249707203
254,25.400000000000002,-0.0013970506139697326,-0.0004404284154752625
255,25.5,-0.0013593720771229972,-0.0004992471184989254
256,25.6,-0.0012975644202906705,-0.0003176025956978183
257,25.700000000000003,-0.0007170004772025426,0.0005430728121340901
258,25.8,-0.00043529070543631544,0.0003103477204861738
259,25.900000000000002,-0.000737355477615219,-0.0005727911071064878
260,26.0,-0.0009199520148052844,-0.00047235639716357286
261,26.1,-0.0006446807684263023,-3.496535555486646e-05
262,26.200000000000003,-0.00010775699049903325,-0.0003391463623043417
263,26.3,-0.00028602824643044904,-0.0005940312795094981
264,26.400000000000002,-0.0007821341595421064,-0.0006949848941380737
265,26.5,-0.0011207581845394917,-0.0007523331627179162
266,26.6,-0.0012799431087863686,-0.0004271463043505068
267,26.700000000000003,-0.001021803931504865,-0.00029464219052543946
268,26.8,-0.0007201264730390764,-0.00032214317115329287
269,26.900000000000002,-0.0006454183345073672,-3.2319436415143295e-05
270,27.0,-0.0008034008803368489,-0.00025783191480473715
271,27.1,-0.0007399179528167254,-0.00011764474565182566
272,27.200000000000003,-0.00030510549389985977,-0.00033432099063871856
273,27.3,-0.00046884576047080033,-0.00021664014715127403
274,27.400000000000002,-0.000777456781362524,-0.0006044488153488629
275,27.5,-0.0005841744505455277,-9.736082121252241e-05
276,27.6,-0.0004847231392111413,0.00020803013104362
277,27.700000000000003,-0.0006772652601507534,0.00019792497668206507
278,27.8,-0.0009678358725805347,9.305990646229115e-05
279,27.900000000000002,-0.0013392198946289913,0.00033756824522158024
280,28.0,-0.001023180140471151,0.00017234233397112297
281,28.1,-0.0007697534634292291,0.0005552279757681634
282,28.200000000000003,-0.0009253528222432236,-3.686363057556016e-05
283,28.3,-0.0006828697152684069,-0.00022058969474787954
284,28.400000000000002,-0.0003986531143574788,0.0002627535040634637
285,28.5,-0.00046041394687572384,-0.00019979050109905375
286,28.6,-0.00032428154363552667,-0.00011567456912760735
287,28.700000000000003,-0.00021152651188341586,-0.0002727670903241825
288,28.8,-0.00018457462014250743,-0.0003614013677777471
289,28.900000000000002,0.0003212459608942973,0.0002587373710731158
290,29.0,0.0009706871807219895,0.0006602481456017308
291,29.1,0.0008935072238729899,0.0008673893541979303
292,29.200000000000003,0.0005510492222469736,1.858306614066205e-05
293,29.3,0.00035093044122428834,-0.0005882510303669378
294,29.400000000000002,0.0005266847575880848,-0.001048473041481394
295,29.5,0.0011777516828298687,-0.0005559464148932759
296,29.6,0.001348005242595943,0.00014905965163125094
297,29.700000000000003,0.0010073763989985587,-3.634576202560259e-05
298,29.8,0.0010254220023647974,0.000387889279155923
299,29.900000000000002,0.0011891472054973667,0.00015382187556958093
300,30.0,0.001308462140385949,0.00022272256713236707
301,30.1,0.0016119600824432635,-0.0002147878357967714
302,30.200000000000003,0.0018391509172436082,0.00012140856819950203
303,30.3,0.0013435939689319654,-0.0001330927199081309
304,30.400000000000002,0.0010172855065956686,-0.0002808892093336855
305,30.5,0.0012054811272334625,-0.0002496076683229829
306,30.6,0.0013589574887609575,6.930733343764661e-05
307,30.700000000000003,0.0014531341945485234,0.00040054430295088955
308,30.8,0.001982368412932522,0.0001434168680725982
309,30.900000000000002,0.0020230193959906054,-7.748014693518208e-05
310,31.0,0.0016270900593256137,-7.758346648434347e-05
311,31.1,0.0011098816141789864,0.00030578803714915895
312,31.200000000000003,0.0010178045947903203,-5.447303936863586e-05
313,31.3,0.0010780668688064059,0.00016953661540048271
314,31.400000000000002,0.0008134349327754928,-0.0002365915008297306
315,31.5,0.0006606165536684979,-0.0003598427779140243
316,31.6,0.0004404069185890776,-0.0008056662909445761
317,31.700000000000003,0.0005188112473119828,-0.00034823835904823283
318,31.8,0.00047735651749257295,-0.0002890084049692816
319,31.900000000000002,0.00041935186342074277,-0.0005317015996324998
320,32.0,0.00026196800360398154,-0.00026513295512172597
321,32.1,-0.0002163173569668803,-0.0003369779536855663
322,32.2,-0.0005739019065666751,-6.709447471734503e-05
323,32.300000000000004,-0.0005300165004384784,-1.6554824136686674e-05
324,32.4,-0.0001551475292214349,-0.00021774670093655457
325,32.5,0.00014549944959407963,0.0001614595878272551
326,32.6,0.000750851836644186,0.00039500522163927966
327,32.7,0.0008838016539425193,4.338618533144095e-05
328,32.800000000000004,0.00032557987473438643,-0.00022743178416461998
329,32.9,2.9847454855814235e-05,-0.00036964565724474625
330,33.0,-0.00017406187370973877,-0.0007362530432751107
331,33.1,-8.698879231262229e-05,-0.0005688503685081144
332,33.2,0.00012829379913685811,-0.00028814137128248165
333,33.300000000000004,-0.00015845806018723315,-0.000509304649885278
334,33.4,-0.0006958964533175815,-0.00012360994881112787
335,33.5,-0.000809962842120353,-0.000401473580752807
336,33.6,-0.0005151836868679229,-0.00025816610503412554
337,33.7,-0.00048396723234958816,-0.0003083768029524288
338,33.800000000000004,-0.0007236740871921677,-0.0005387314396681218
339,33.9,-0.0011389043678725777,-0.00043951122827058604
340,34.0,-0.00104276642721334,-0.0004912491170493501
341,34.1,-0.0008002579819238667,-0.0008102437306490556
342,34.2,-0.0007102322717496859,-0.0007557046677159104
343,34.300000000000004,-0.0004231241236399574,-0.0005310221423605992
344,34.4,-9.563663431643276e-05,-0.0006098341317642603
345,34.5,0.0004123771639532416,-2.5821394792208228e-05
346,34.6,0.0006361004211245283,0.0005241374932962766
347,34.7,0.0006513624586638908,0.0004643228874631524
348,34.800000000000004,0.0007112675152165331,0.0004670963950502302
349,34.9,0.0005288970596963031,-0.00011266421177061778
350,35.0,0.00027742918330357923,5.880326582292126e-05
351,35.1,0.0004435391118338958,0.0006049150294846779
352,35.2,0.000429846959164884,0.00037871917756603947
353,35.300000000000004,0.000488994915442401,5.309800739568608e-05
354,35.4,0.0008130694310055632,0.00033874633782601706
355,35.5,0.0008953701568151995,-3.547746545092639e-05
356,35.6,0.001220029032770913,7.8408399999651e-05
357,35.7,0.0009990956036012852,7.915196212513977e-05
358,35.800000000000004,0.0002856916225606576,0.0003904136818682749
359,35.9,0.0005199789149718838,0.0005979529891836924
360,36.0,0.0009852220769066009,0.0005864882958306383
361,36.1,0.0007540882816394574,0.0003154095585403839
362,36.2,0.0004914831517853815,-0.0004881155704896176
363,36.300000000000004,0.0002528083014072308,-0.0004966161617609236
364,36.4,7.313327606883492e-06,-0.00015939399888263684
365,36.5,0.00014865660482501453,0.00019157645897880908
366,36.6,0.0007065829674563212,0.0007339467900618901
367,36.7,0.0008002876375329251,0.00046486586763184697
368,36.800000000000004,0.00031219854174678927,0.0005979432815364289
369,36.9,-0.00017575933436843807,0.0002739319427984913
370,37.0,-0.000335328371397442,0.00033550007230794915
371,37.1,-0.00037925140984374883,0.0002956220481480346
372,37.2,-0.00046824322196135226,0.0005562031979810525
373,37.300000000000004,-0.0007150263663886568,0.00041733745624939877
374,37.4,-0.0007982596650926527,0.0003640516628425957
375,37.5,-0.000532331338968416,0.00043256295535133325
376,37.6,-0.0008589688314771893,0.0005460948597252682
377,37.7,-0.0013008134719670404,0.0005161055595356062
378,37.800000000000004,-0.0010821455034170332,0.0004607788943321004
379,37.9,-0.0007537978604024005,0.0008212492889591095
380,38.0,-0.000619701550101299,0.0008220283082216733
381,38.1,-0.000833516069416979,0.000184881199373775
382,38.2,-0.0008654430002781172,0.00044347921551318026
383,38.300000000000004,-0.0006327810149584353,0.0005257258876646024
384,38.400000000000006,-0.00047596785472183,0.0006155758315277172
385,38.5,-0.0005723414969356064,0.00035285274902540443
386,38.6,-0.0007669391389095617,0.00027027896129892175
387,38.7,-0.0006641806693641201,0.00013635271201722904
388,38.800000000000004,-0.0002326493203034769,0.00045806936584973
389,38.900000000000006,0.00018883461241149085,0.00031025323388533365
390,39.0,0.0004173602574064781,-0.00018330672109186398
391,39.1,0.0001103033131521398,-0.00013225391744033001
392,39.2,-1.3125215891875304e-05,-3.7095966103027076e-05
393,39.300000000000004,2.21767895934714e-05,-0.0001492550649183408
394,39.400000000000006,-2.7231762930256467e-05,-0.000108007399020904
395,39.5,-4.114202064997238e-05,0.00034216020983613674
396,39.6,-0.0001974400737783961,0.0005140374818617299
397,39.7,3.588530227029339e-05,0.0007820024932798196
398,39.800000000000004,0.0004012310351090822,9.950198881281983e-05
399,39.900000000000006,0.00028760964105915897,-7.237361967864146e-05
400,40.0,0.00010096556303407666,-0.0003153773274981051
401,40.1,0.0002008740554149185,-0.0001964344888175088
402,40.2,0.0006895122676932817,0.00042603617936220166
403,40.300000000000004,0.0011030316611330092,0.001150643539778034
404,40.400000000000006,0.0009539675510412804,0.0007597622600121559
405,40.5,0.0003251279375334711,5.998551865585128e-05
406,40.6,0.0005510718429497938,-0.00024775912821304805
407,40.7,0.0015724108943805863,9.504087045774244e-05
408,40.800000000000004,0.001970506422124207,0.0003509393454886475
409,40.900000000000006,0.001400524411183914,7.71595381611556e-05
410,41.0,0.0010522813536585744,9.54487649192648e-05
411,41.1,0.0012137022705871728,0.0006992732376239905
412,41.2,0.001383669789338279,0.0007591586358611771
413,41.300000000000004,0.001452103828581514,0.0005255563569138862
414,41.400000000000006,0.0010693858566100719,2.0721507454585897e-05
415,41.5,0.0005817724415256321,-0.0005331131376692223
416,41.6,0.0007661217668877295,-0.000298508438487276
417,41.7,0.0012674315156675502,-1.1369051960268649e-05
418,41.800000000000004,0.0012740350384695418,0.00033703959559909264
419,41.900000000000006,0.0006220940252402837,-0.0002924270013840202
420,42.0,0.00024139114419207276,-0.0008121759171869182
421,42.1,0.0005371231772110368,-0.0001678587012403354
422,42.2,0.0009283242001033863,0.0002036286107594203
423,42.300000000000004,0.0013236348507126158,0.000214545130680046
424,42.400000000000006,0.0012631093598747295,0.0004179420907207137
425,42.5,0.0010091158404229828,-0.00010519042743416638
426,42.6,0.0006912402737401283,-9.573450533406301e-05
427,42.7,0.00039370692697111756,-0.0003159768942224302
428,42.800000000000004,0.0003708961303104667,-0.00029206119390130244
429,42.900000000000006,0.00047448372387891546,-7.509248187615732e-05
430,43.0,0.00032738142018821226,0.00010905019851564547
431,43.1,-0.0002353788694208478,0.0002143893299187733
432,43.2,-0.000637653255105632,2.2504003021031755e-05
433,43.300000000000004,-0.00014795496120349663,4.6793712620773755e-05
434,43.400000000000006,-0.00014727303314626997,0.0006872071293395755
435,43.5,-0.000614143897620101,0.00047346728148999764
436,43.6,-0.0006595301881687575,-1.6736706843550048e-05
437,43.7,-0.0005965790387400301,-0.00024331062400725063
438,43.800000000000004,-0.00045983629251444467,-0.0004944497117911804
439,43.900000000000006,-0.0002696311175925675,0.00018495644954771116
440,44.0,-0.0002108747461743745,0.0005581177168719108
441,44.1,-0.0007127216293224385,-3.147038547397678e-05
442,44.2,-0.0008613677485886705,-9.30649194744557e-05
443,44.300000000000004,-0.0004172515589813214,0.0003458850461500109
444,44.400000000000006,-0.00032185041202447404,0.0003983265750713417
445,44.5,-0.0006190722971845293,0.00029546741086415536
446,44.6,-0.0014132829348445155,-0.0003105510613094192
447,44.7,-0.001952848266188776,-0.00043774552165713683
448,44.800000000000004,-0.0017094494387111965,-0.00023699795284732846
449,44.900000000000006,-0.001555870142425875,0.00030988787913123776
450,45.0,-0.0014049603405356073,0.00026055817093798207
451,45.1,-0.0013388466283435771,-1.8597240935099733e-06
452,45.2,-0.0016041110459627784,-1.6894354143949922e-05
453,45.300000000000004,-0.0017686924361448974,-0.0003528667310094232
454,45.400000000000006,-0.0018562046873801656,-0.0006345430093446795
455,45.5,-0.0015203517690854486,-0.0005985174159740474
456,45.6,-0.0013408070114515756,-0.0005055860560500126
457,45.7,-0.0015250715346058455,-0.00024520096690230486
458,45.800000000000004,-0.001666590582318185,-5.1120366617620275e-06
459,45.900000000000006,-0.0018866271790230133,0.000518364437851909
460,46.0,-0.0024829142112865695,-0.00042139016536022584
461,46.1,-0.003102803438696715,-0.0011466971090503609
462,46.2,-0.0029862116293834407,-0.0010394347298312368
463,46.300000000000004,-0.002672486722594403,-0.0006583441435594378
464,46.400000000000006,-0.0024814777348617255,-9.753654311470137e-05
465,46.5,-0.0025648773097024353,0.00025197325036189333
466,46.6,-0.0025904221910610908,0.00010164943961611195
467,46.7,-0.002509751707043821,8.448261512232213e-05
468,46.800000000000004,-0.00227307832369487,0.0001860176885846128
469,46.900000000000006,-0.002137900966000558,0.0006249138863172321
470,47.0,-0.0021922164015132284,1.6263275900100035e-05
471,47.1,-0.002467897313056753,-0.0003776903020753324
472,47.2,-0.002439170781465398,-0.0005489339983010525
473,47.300000000000004,-0.0019722816063957108,-0.00038900989153145473
474,47.400000000000006,-0.0019444797795346498,-2.628151116435619e-05
475,47.5,-0.0019357453002695276,-0.00042634009385350335
476,47.6,-0.00146790850669254,-0.0004409569921348324
477,47.7,-0.0012021802857572483,-0.0006178893161122513
478,47.800000000000004,-0.0015546112425392673,-0.0006142401979478012
479,47.900000000000006,-0.0017600963052734461,-0.0006747877673921572
480,48.0,-0.0013881983496762222,-0.0006537242167717809
481,48.1,-0.0009586229930504748,-3.263499881633976e-05
482,48.2,-0.0010462871315346874,0.0006825838278367795
483,48.300000000000004,-0.001375487548603582,0.00041179243274723406
484,48.400000000000006,-0.0010167402769256043,0.000310672016622128
485,48.5,-0.0008091515925310031,6.333151728666596e-05
486,48.6,-0.0011230140515194954,5.846305706335116e-06
487,48.7,-0.0015071687964303446,-0.0007806927911507105
488,48.800000000000004,-0.0015907631878157445,-0.0007476078701590906
489,48.900000000000006,-0.0015484834844360141,-0.00033066933775707867
490,49.0,-0.0011879096831514451,-0.00035147433519157453
491,49.1,-0.0009071388304981458,-0.0002912464334010301
492,49.2,-0.0010681268408613404,-0.0002561336030067382
493,49.300000000000004,-0.0013990026989340958,-0.0006764947423446285
494,49.400000000000006,-0.0013674571022308352,-0.0005308382696719271
495,49.5,-0.0010988420198077265,-0.00021567260866527395
496,49.6,-0.001148319574070601,-2.1514367002101315e-06
497,49.7,-0.001317239790664531,0.0002229341817175344
498,49.800000000000004,-0.0009295732638162136,0.00023586057607159186
499,49.900000000000006,9.141659904641602e-05,7.169035125003894e-05
500,50.0,0.00045741996567803415,8.109718870806607e-05
501,50.1,7.000081382546413e-05,-0.00027754810356404614
502,50.2,-0.00036200390922788776,-0.0010391544912797803
503,50.300000000000004,-0.00021069795722773046,-0.0009618378899501852
504,50.400000000000006,0.00021179754054706978,-0.00041534012324136806
505,50.5,0.0002637279343740953,-0.00029365936513831026
506,50.6,0.00030143209675741406,-5.629802397704431e-05
507,50.7,0.000388512797336576,0.0004787082716089286
508,50.800000000000004,-2.935384986373419e-06,0.0002291911176632153
509,50.900000000000006,-0.00022681438991511302,-0.0005506143370162238
510,51.0,0.0002799347731469667,-0.0002696056609813737
511,51.1,0.0003711859568255719,-8.894535364442643e-05
512,51.2,5.4760213528560946e-05,-0.00013421010979555885
513,51.300000000000004,0.0004288529114967593,-0.000152056663715913
514,51.400000000000006,0.0006355510300842558,0.0004755291698629411
515,51.5,0.0002540656124055427,0.00013177236654627388
516,51.6,-0.000581481643930055,-0.0005790925462909351
517,51.7,-0.0009055224837674484,-0.0004861263729555948
518,51.800000000000004,-0.0006074134550847277,-0.0001350481262135878
519,51.900000000000006,-0.0006831079243687022,4.940781067735732e-05
520,52.0,-0.0011619474989279174,-8.01014374475843e-05
521,52.1,-0.0011142354175245912,-0.00016703644058581503
522,52.2,-0.0005315896340682108,7.74059687356699e-05
523,52.300000000000004,-0.0004994253320851373,-0.00023545340131684458
524,52.400000000000006,-0.00080167816150742,-0.0005841121504716171
525,52.5,-0.0006699001951351595,-0.0006256130020390908
526,52.6,-0.0009852612102355738,-0.0009994391941448551
527,52.7,-0.0012394366027202552,-0.001088204116649142
528,52.800000000000004,-0.000992217655280632,-0.0008803584740711102
529,52.900000000000006,-0.000868415247509521,-0.0002934817305598053
530,53.0,-0.00083255745264711,0.00014317228758977692
531,53.1,-0.0009390748998159125,0.00035755334666298953
532,53.2,-0.0008987388373340779,0.0001616438660354147
533,53.300000000000004,-0.0009121395941688765,0.00013228123144715304
534,53.400000000000006,-0.0010217952215646696,-0.0005031716112177814
535,53.5,-0.0009598611629292078,-0.0006782314844695138
536,53.6,-0.0008053409738346639,-0.0004480668098315648
537,53.7,-0.0007264550255679702,-9.339623461255785e-05
538,53.800000000000004,-0.0005845148432260661,0.0006999046164350699
539,53.900000000000006,-0.0008590197074033065,0.00046776721341344453
540,54.0,-0.0015987287127591332,0.0002992361293062035
541,54.1,-0.0017124389079187646,-0.0002836818034032252
542,54.2,-0.0011869568347708396,-0.0009100212011697305
543,54.300000000000004,-0.0009046100258317031,-0.0009727975444425641
544,54.400000000000006,-0.0014637488234642657,-0.0006263849940729331
545,54.5,-0.0014967420771022978,-0.0006111608677328405
546,54.6,-0.001260211931597011,-0.0005272286207706984
547,54.7,-0.0011984466035862183,0.00018047023315792633
548,54.800000000000004,-0.0011058957370351811,0.00013789480623968128
549,54.900000000000006,-0.0008984300866710932,-9.249234465028334e-05
550,55.0,-0.000904155899809596,-0.00011305503205471157
551,55.1,-0.00136345569720751,0.00010113569526237171
552,55.2,-0.0019847671113547736,-0.00012375876195440044
553,55.300000000000004,-0.0022128269924728728,-0.00032437526687371986
554,55.400000000000006,-0.0015700282702014205,0.0002720331191228516
555,55.5,-0.0010545258138114745,2.9629650957015664e-05
556,55.6,-0.001359065237248076,-0.0002687013993410399
557,55.7,-0.001725708029346069,-0.0003358384587950723
558,55.800000000000004,-0.0013839199428791762,-0.0004957450623216726
559,55.900000000000006,-0.0009439634739395313,-0.0004443108083983501
560,56.0,-0.0008392815016229739,-0.00020452283530255844
561,56.1,-0.0007581640637714452,-0.00011184802646572061
562,56.2,-0.0005546627039457227,-0.00016185133164708538
563,56.300000000000004,-0.00028518770313651137,-0.00036344668173210584
564,56.400000000000006,0.0002356005532664923,-0.00029267617482638434
565,56.5,0.000690369821896564,9.089013000851844e-05
566,56.6,0.0009336942021443707,6.907017239882071e-05
567,56.7,0.0008349769501514231,0.0003765661781564279
568,56.800000000000004,0.00042636466831590136,-0.00012924107062313366
569,56.900000000000006,0.00012549650306674452,-0.00010995573923158389
570,57.0,0.00010580448225929835,-0.00042633491492715005
571,57.1,-0.0003002228636721138,-0.0002553685392131223
572,57.2,-0.000226342916014845,-0.0001956349777492424
573,57.300000000000004,0.0002533120240832812,4.876420627642532e-05
574,57.400000000000006,-3.851902993401707e-05,0.00011685266953197717
575,57.5,-0.0004626857699552116,-0.0001669956575799152
576,57.6,-0.0006482425149650272,0.00012540330206964144
577,57.7,-0.0005108754217643007,0.00028206666883616026
578,57.800000000000004,-0.00019989392955802697,0.000357717941322667
579,57.900000000000006,-0.0005453256712744919,8.002864801988885e-05
580,58.0,-0.0008804214036535654,-0.0004960900031199983
581,58.1,-0.0007662066774563432,-0.0006221844014883968
582,58.2,-0.0009151269867716326,-0.0008728165050425951
583,58.300000000000004,-0.0012201005283920948,-0.0006591443071748068
584,58.400000000000006,-0.0013523734489857729,1.3590174253902147e-05
585,58.5,-0.0009333647185959781,0.0002595853895568313
586,58.6,-0.00033073422001317213,0.0002944681833565937
587,58.7,-0.0005335274389321684,-0.00020081625961563206
588,58.800000000000004,-0.0013681138235073782,-0.0002656829079667629
589,58.900000000000006,-0.001611205868799086,-0.0003762201429591138
590,59.0,-0.0011578522671011338,0.00030138274021872913
591,59.1,-0.0007513851820341382,0.0008263773822031077
592,59.2,-0.0006822659096027169,0.0007863162503533918
593,59.300000000000004,-0.0007090279332697677,0.0003926896235151196
594,59.400000000000006,-0.0007761467539701587,9.263904118808241e-05
595,59.5,-0.0009016428294188151,0.00037273702709642763
596,59.6,-0.001166215326901878,0.00040318201819884584
597,59.7,-0.0009364878292222213,4.567840551549163e-05
598,59.800000000000004,-0.0004025004517362017,-0.0003486622876473093
599,59.900000000000006,-0.00023705221034819851,-6.689451069869545e-05
600,60.0,-0.0005487108831298089,0.0005240594215222163
601,60.1,-0.0006867636068331009,0.0005352111448156007
602,60.2,-0.0006381511618022992,0.000846047908222322
603,60.300000000000004,-0.0005461373646996219,0.0008408578325747742
604,60.400000000000006,-0.0004058833006264517,0.00022930946759119834
605,60.5,-0.00021763284487922362,-0.0004176276223862225
606,60.6,3.784846473857826e-05,-0.00017274199907487363
607,60.7,-0.00012384165481916164,-9.990795043163517e-05
608,60.800000000000004,-0.00048762504504469643,0.00012173889658264539
609,60.900000000000006,-0.0002767547763950481,0.0006198402850845689
610,61.0,-0.00020598352454514598,0.0002015219528189072
611,61.1,-0.00046503579425653623,-6.727199394306731e-05
612,61.2,-0.000639322354875427,-0.0004945742176189193
613,61.300000000000004,-0.0004248101744476705,-0.0003829734320737143
614,61.400000000000006,-0.00028915394467810126,-0.00038448465629816755
615,61.5,-0.0008111286697417053,-0.00010502892590525707
616,61.6,-0.0011527374516926126,0.00017179340807868686
617,61.7,-0.0013644253183607638,-0.0001850374064926765
618,61.800000000000004,-0.0014177826975769459,-0.0006066510326405077
619,61.900000000000006,-0.0009897175595360642,-0.000856611142112573
620,62.0,-0.0007761711638347645,-0.00030994221438645315
621,62.1,-0.0009147817397978972,-0.00024176380468042837
622,62.2,-0.0008888567007381529,-0.0001425907858396335
623,62.300000000000004,-0.0009534679402464403,-0.00022496371167826843
624,62.400000000000006,-0.0010182784640299846,0.0003088375680429425
625,62.5,-0.0011816972086460945,0.00022874812727887437
626,62.6,-0.0011293472555861342,0.0003986625413811827
627,62.7,-0.0010582707185803216,0.00034767647786025185
628,62.800000000000004,-0.0014808110988169892,-3.871338675279499e-06
629,62.900000000000006,-0.0016323528564510757,-0.0005903841042848848
630,63.0,-0.0013961948657024257,-0.0005352273143809126
631,63.1,-0.0013980621032552312,-0.00033392584505640295
632,63.2,-0.001976827295761127,-0.00047077889473600294
633,63.300000000000004,-0.002147798628611206,-0.0006682214274778452
634,63.400000000000006,-0.001937119748736963,-0.0005470463249726649
635,63.5,-0.0016904129112856494,0.00019655387641900353
636,63.6,-0.0015971658869687426,0.00027573093830483337
637,63.7,-0.0018172694962916057,-0.0003717290475230086
638,63.800000000000004,-0.0018527364132272994,-0.00027678334939716507
639,63.900000000000006,-0.0015272144672693944,-8.057701507493525e-05
640,64.0,-0.0013387239726258566,-5.5804936926504726e-05
641,64.10000000000001,-0.0013028431663149006,-0.00017766863183570148
642,64.2,-0.0010857047684540648,-2.1350101570659744e-05
643,64.3,-0.0008981962702437172,-0.0005795139621821325
644,64.4,-0.000780166575325281,-0.0004607866215098885
645,64.5,-0.0006661139847874253,-0.0005033607039114606
646,64.60000000000001,-0.0006562373283340397,-0.0006070312931248962
647,64.7,-0.0007957270221087524,-0.00045252345925542745
648,64.8,-0.0003985002254211908,0.0001632770206553827
649,64.9,-0.0002070134688000472,-3.536588432296478e-05
650,65.0,-0.0007975192654944366,-0.0005918231600863486
651,65.10000000000001,-0.0014024272922974516,-0.0005248982180180739
652,65.2,-0.0011061359151645885,-0.0004308426273665847
653,65.3,-0.0005209098831023906,-0.00011074804989796081
654,65.4,-0.00013438451819747373,-0.00024051974991436782
655,65.5,0.00017979705546531709,-0.0006302371217705394
656,65.60000000000001,0.0003922127070782292,-0.0005186152073735117
657,65.7,0.00026515117235717805,-0.0005784681675255795
658,65.8,0.0003247779518195705,-0.0006219065876985296
659,65.9,0.0005076648307734918,-0.0007314873728123106
660,66.0,0.0005992628006627852,-0.0007304899288916849
661,66.10000000000001,0.0005911841112685737,-3.8388752749437163e-05
662,66.2,0.0007359940251223367,-0.00048808481056825684
663,66.3,0.0006325493857604401,-0.0008122158364437184
664,66.4,0.00038107945069639203,-0.0013171094848211803
665,66.5,0.00013142798955474434,-0.0011271449645072129
666,66.60000000000001,0.0002391685785679764,-0.0006114165334633332
667,66.7,8.452690839041853e-05,-0.0005513609637481246
668,66.8,-0.00019848166685790613,-0.0005462657108272515
669,66.9,0.0001417284453356799,-0.00037016427846642833
670,67.0,0.000433184821991071,1.410540303620114e-05
671,67.10000000000001,-6.873725251794533e-05,4.325280408935766e-06
672,67.2,-0.0002151894261842404,-1.953694980889195e-05
673,67.3,-0.00016159917775791704,0.00026517224772861463
674,67.4,-0.000333126159390653,-0.0003070390912106144
675,67.5,-0.000504538452379751,-0.0005418323189231265
676,67.60000000000001,-0.0007479068202277014,-0.0005655004644423517
677,67.7,-0.0010878122522612415,-0.00016322963576232422
678,67.8,-0.0013102538475758762,-0.00023524494895110285
679,67.9,-0.0013435403691290913,-0.0003667481363391248
680,68.0,-0.0011670408817861066,-0.00038043483533941247
681,68.10000000000001,-0.000992663750123658,-0.0004528504075754429
682,68.2,-0.0010875609368542936,-0.00023699811351266475
683,68.3,-0.001369409758768659,-0.0002312560081722924
684,68.4,-0.0019574490468199732,-6.576643814425676e-05
685,68.5,-0.0022114242626378204,0.00024551132398159086
686,68.60000000000001,-0.0019531729248179744,0.0001273385042853536
687,68.7,-0.0016615917101513084,3.369574803068042e-05
688,68.8,-0.0018624837620930736,6.313711522083632e-05
689,68.9,-0.002056473717973774,-5.452224691319132e-05
690,69.0,-0.0016987147521714972,-0.00030292296005804116
691,69.10000000000001,-0.001046553284041207,-0.0001816646253025308
692,69.2,-0.0006719755087097454,-0.00020497898147400423
693,69.3,-0.0006718688255661049,-0.00042976695543810975
694,69.4,-0.0009963360693251786,-0.0002516150191805069
695,69.5,-0.0008809990826892722,-1.6581547565003267e-05
696,69.60000000000001,-0.000959803915204907,-0.00021863120886442017
697,69.7,-0.0011188720637914423,-0.0002424116066280923
698,69.8,-0.0008956532855569149,2.1717655799461917e-05
699,69.9,-0.0006378030074329869,3.278978958026009e-05
700,70.0,-0.00035434221513396886,-0.0004978706245979979
701,70.10000000000001,-0.0003521010776859798,-0.0004372495414903703
702,70.2,-0.0004158220183655228,-0.0003391244407430032
703,70.3,-0.00038376837228816453,-3.858722945677004e-05
704,70.4,-0.00043847552919225037,-0.00031366101199711664
705,70.5,-0.000740363031640395,-0.0002580863617660217
706,70.60000000000001,-0.0008045438871929572,-0.0002695188509922816
707,70.7,-0.0007363060010404397,0.00014737434296957386
708,70.8,-0.00048616602616227754,0.00034295349926063414
709,70.9,-0.0005079016923839586,0.0004369626051085098
710,71.0,-0.000833651035769268,0.00043049689352700433
711,71.10000000000001,-0.0011206183273188002,0.00048421651790929123
712,71.2,-0.0012807580014394923,0.0002012723648420322
713,71.3,-0.0013341425778251035,-0.0002288229347247647
714,71.4,-0.0014844739039968323,-0.000151458969381178
715,71.5,-0.0013753988053108812,0.00021223314486557682
716,71.60000000000001,-0.0009340450261077424,0.00019990665522604637
717,71.7,-0.0007104324448586995,0.00017361482815767972
718,71.8,-0.0008501066456860996,0.00022133790704495198
719,71.9,-0.0009495895146319087,0.00020354121178142853
720,72.0,-0.0008660665980757463,0.00065483412974245
721,72.10000000000001,-0.0007650632820031255,0.0005777050367359306
722,72.2,-0.0009715416386390861,0.00050879032428828
723,72.3,-0.0014113409856624432,0.00044005725460466216
724,72.4,-0.0012220659937409893,0.0003291362424242503
725,72.5,-0.0011578999445158444,0.0005314598531049144
726,72.60000000000001,-0.0014467696099644354,0.000526746303382151
727,72.7,-0.0018495316270807393,0.0004630340006129985
728,72.8,-0.0018060227678181697,0.0005562236801977388
729,72.9,-0.0014530464304364308,4.7516720974815165e-05
730,73.0,-0.0015168655319056808,-0.00024018794202793417
731,73.10000000000001,-0.0014005381498135754,-0.0004128571900391698
732,73.2,-0.0011591175162425696,-0.0004002264181594584
733,73.3,-0.0008843970190505215,-0.0002380501217567455
734,73.4,-0.0008543551315185762,-0.0007782905914131676
735,73.5,-0.0007845345316553802,-0.00039554681414639145
736,73.60000000000001,-0.0009177974882185415,-0.00011525610778732692
737,73.7,-0.0007684116536602898,0.00014439886698624658
738,73.8,-0.00038657204769026744,0.0002476034364783745
739,73.9,-0.0005968791516807219,0.00029740359734840816
740,74.0,-0.0006032587286006851,0.00038234011593972256
741,74.10000000000001,-3.047554173692801e-05,0.0009152432955271096
742,74.2,0.0005026684566472007,0.0008406499743915477
743,74.3,0.00041963291839551553,0.0004813632571120166
744,74.4,0.0002956435268883206,0.0007106847759647675
745,74.5,0.0007561664566064372,0.0005610602014476646
746,74.60000000000001,0.0011350643429741537,0.0005027394770607038
747,74.7,0.001476198191819163,0.0005937917094341195
748,74.8,0.0014018213199393443,0.0005893776876357233
749,74.9,0.0008169515438524339,0.0008625310756370009
750,75.0,0.000422876878782986,0.0007839354694006103
751,75.10000000000001,0.0004536915593903474,0.00047173035083601
752,75.2,0.0007015361028314706,0.00046434192297382194
753,75.3,0.000955967731352606,0.0008138158670519882
754,75.4,0.0010518132019349045,0.0007234516682659893
755,75.5,0.0012136463241454486,0.0008536790632384517
756,75.60000000000001,0.001087480283567478,0.0003492941106064431
757,75.7,0.0006776668558964836,-0.00013279870070249597
758,75.8,0.000685232669730611,-0.00043581171421904424
759,75.9,0.0010151763149237037,-0.00025612692589780804
760,76.0,0.0013244260762159577,0.00040976668120964907
761,76.10000000000001,0.0011623303037539502,0.0004899510598619229
762,76.2,0.0009001624708757807,0.0004441194877235928
763,76.3,0.0006800098261252207,0.00016700289253381164
764,76.4,0.0006331997596744663,0.0006192426714474951
765,76.5,0.0009289786372282188,0.0009056553444264744
766,76.60000000000001,0.0011541991495914597,0.0008239948686266191
767,76.7,0.001101882528998719,7.134586057965584e-05
768,76.80000000000001,0.0007524007709062354,-0.00023341551746557964
769,76.9,0.0003111870283880862,-0.000343704440235967
770,77.0,0.0002452656254077228,-0.00019301986951281703
771,77.10000000000001,0.0004124416011314835,0.0001397948995241421
772,77.2,0.0007322138967734295,0.000314572488857538
773,77.30000000000001,0.0006046854073245909,0.00029343710522298654
774,77.4,0.00028585841899807804,-7.655337916352976e-06
775,77.5,0.0003293500849433315,0.00043453257968146717
776,77.60000000000001,0.0005414827084109716,0.00030736482555053686
777,77.7,0.00038888139587979264,0.0007636587769021346
778,77.80000000000001,0.00045338421858683866,0.0008577617586900922
779,77.9,0.0009411149639117334,0.0007468755784984414
780,78.0,0.0010306305106579227,0.00012483470190307125
781,78.10000000000001,0.0008376147768544356,0.00011225925927512597
782,78.2,0.0008248014882981461,-1.0546796345780121e-05
783,78.30000000000001,0.00071369460304052,0.00013420970926932054
784,78.4,0.0004006419046494171,-3.655412915636593e-05
785,78.5,0.0006684569429650745,-0.00014493569717420246
786,78.60000000000001,0.0011228464258025042,0.000977508008696899
787,78.7,0.0011629386755832474,0.00046980282064467056
788,78.80000000000001,0.0012842045702694093,-4.020338860152985e-05
789,78.9,0.0009902286636272696,0.00017725990703502609
790,79.0,0.0006943574168621487,0.00041178085980246907
791,79.10000000000001,0.000564852873753158,0.00021994014696916406
792,79.2,0.000698820775909493,3.533209527834259e-05
793,79.30000000000001,0.0007747345652274407,0.00010703150392434695
794,79.4,0.0004333051058343129,0.00026265147043543765
795,79.5,-0.00012394311330242135,0.00043705167613174997
796,79.60000000000001,-0.00038923751533137475,0.0006375301790003315
797,79.7,-0.00015902424894642526,0.00030652542903807794
798,79.80000000000001,-0.00019422569176772185,0.0001430811888505293
799,79.9,-0.0006272643821326954,0.0001537116415956174
800,80.0,-0.0009748560105644239,-0.00021040455848405848
801,80.10000000000001,-0.0008678103306290538,-0.00047649058866107766
802,80.2,-0.0009232754562609091,-0.0005829491740014999
803,80.30000000000001,-0.0009895431283940364,-0.000661387512340328
804,80.4,-0.0009118441057032083,-0.0007054489995590638
805,80.5,-0.0005910597635283213,-0.00031494266272045736
806,80.60000000000001,-0.0004916872758281579,0.00046818177811473066
807,80.7,-0.0008783740009711743,0.0004779802962161068
808,80.80000000000001,-0.0010681840862325986,-6.665647579893014e-05
809,80.9,-0.0007077257007516765,2.3465941286683845e-05
810,81.0,-0.0004214471906767069,-0.0003015119456603325
811,81.10000000000001,-0.0003617065165734817,-0.0009515454132393049
812,81.2,-0.0001750214947062776,-0.0009622615683347132
813,81.30000000000001,-0.0003634253925504212,-0.0008890778302087768
814,81.4,-0.0004959453716655135,-0.00026402700097767027
815,81.5,-6.91007261672959e-05,-0.00022880136437036634
816,81.60000000000001,0.0003259857566280469,-0.00036787016780815915
817,81.7,0.0002610555199674461,-0.0008269514444657556
818,81.80000000000001,-0.00021424950007765682,-0.0007376835360840596
819,81.9,-0.0004561046631290015,-0.0006154636115224363
820,82.0,-0.0006533013529759783,-0.0003714337634692043
821,82.10000000000001,-0.0007676764390853137,-0.0005933001342752267
822,82.2,-0.00040452632887330033,-0.0006449687138148782
823,82.30000000000001,-4.333526282742619e-05,-0.0002674193377556272
824,82.4,-0.0002395759606163602,-0.00024802322723512237
825,82.5,-0.00013448989382866815,-0.0003339459758493226
826,82.60000000000001,-3.032538929458378e-05,-0.0002693329548222639
827,82.7,-6.927375326540656e-05,-0.00028150486750636413
828,82.80000000000001,-0.0003672978748861636,-7.834651605756619e-05
829,82.9,-0.0005806005156219828,-0.0006441827056969854
830,83.0,-0.0005872710848242595,-0.0004738293827941179
831,83.10000000000001,-0.0008040670690025837,-0.0008420996504326017
832,83.2,-0.0013956013790609005,-0.0013826848470243705
833,83.30000000000001,-0.0013154506975823004,-0.0011277546974431806
834,83.4,-0.0006905768515826011,-0.0004930724810310041
835,83.5,-0.0007667032133422455,-0.00039268563112352815
836,83.60000000000001,-0.0014201259233212354,-0.0004537749802793482
837,83.7,-0.0015586018204099968,-0.000644562276075094
838,83.80000000000001,-0.0012554357511792825,-0.0006864592463014873
839,83.9,-0.0013445359111318063,-0.0004649796107942722
840,84.0,-0.0019184025225453935,-0.0009122977491265481
841,84.10000000000001,-0.0019008786112049065,-0.000979336691960068
842,84.2,-0.0014647811432678733,-0.0007877459832320838
843,84.30000000000001,-0.001064295490321556,-0.00044801352432198105
844,84.4,-0.0007269542866294052,-0.0003677690216551315
845,84.5,-0.0008299249416631917,-0.00013450263251971376
846,84.60000000000001,-0.0009822558575121945,-8.52708190272565e-05
847,84.7,-0.0004921399054871034,0.0005934711881595557
848,84.80000000000001,-0.000301645653158263,0.0005739625704386267
849,84.9,-0.0006342531712883277,0.00032881854425916154
850,85.0,-0.0007715783664051203,0.0003259424014807436
851,85.10000000000001,-0.0004703482580209022,-1.5322687630070783e-05
852,85.2,-7.456627459441657e-05,5.061672662628637e-05
853,85.30000000000001,-0.0002067456487407829,-3.310753919762928e-05
854,85.4,-0.00014201289022345166,-3.5536144734027457e-05
855,85.5,6.083453562729552e-05,-2.0498746391332552e-05
856,85.60000000000001,4.438445203415608e-05,5.994473463658337e-05
857,85.7,-9.513051140792384e-05,4.9602426343907366e-05
858,85.80000000000001,-0.0003967543349203471,-4.054922374545113e-05
859,85.9,-0.00037205072218382844,8.806114090225229e-05
860,86.0,-0.00026298122609609277,0.00017227369948728732
861,86.10000000000001,-0.00020192120301576144,0.0002936229228304636
862,86.2,0.00033097574813829573,0.00048580883988088333
863,86.30000000000001,0.0006374562238551161,0.000313557019228317
864,86.4,0.00049590779103375,0.0003565417116861265
865,86.5,0.0004497475198837747,0.0002464974997428239
866,86.60000000000001,0.00025150233263678825,7.231984562061159e-05
867,86.7,-0.00011188555262753286,-0.00036649758139384694
868,86.80000000000001,0.00015448029461435076,-0.0005336020862444937
869,86.9,0.0005819040304932081,-0.0004938161127682482
870,87.0,0.0006984886572781679,8.686746820276019e-05
871,87.10000000000001,0.0005000919349650784,-0.00031184485440942475
872,87.2,0.000511978467552849,-0.0002373609694947388
873,87.30000000000001,0.00028533391087919106,-0.00021371109696565298
874,87.4,0.00017333865476447464,-0.0001804640450163252
875,87.5,9.648518338788915e-05,-0.00020141206920440386
876,87.60000000000001,-5.465549584383322e-05,-0.0003322974450779599
877,87.7,2.294461149228532e-05,-0.000558895796214784
878,87.80000000000001,-0.00019890423410048164,-0.0007873883185671168
879,87.9,-0.0005410307611149993,-0.0007918492872630257
880,88.0,-0.0006145399137425729,-0.0006106890135568659
881,88.10000000000001,-0.0006251749918904283,-0.0003712603169338102
882,88.2,-0.0007999435898504711,-0.00016472242870354
883,88.30000000000001,-0.0010230153844161566,4.182988124702291e-06
884,88.4,-0.000872044393930972,8.89068708094956e-05
885,88.5,-0.0009095140402756909,-0.0006564759134095748
886,88.60000000000001,-0.0008571132284942571,-0.0005980257746423849
887,88.7,-0.00085936933433672,-0.0003079838625582136
888,88.80000000000001,-0.0008401955902587164,-0.00035021234779377585
889,88.9,-0.0007301289983695963,-0.0003474479756526397
890,89.0,-0.0008956269529894756,-0.0003940007287227328
891,89.10000000000001,-0.0012211471672962822,5.894763105885353e-05
892,89.2,-0.001281844040158531,0.00017208584964737133
893,89.30000000000001,-0.0013843658486756996,0.0003472796119853625
894,89.4,-0.001357713923672991,0.0002842908136032658
895,89.5,-0.0013151132432890566,0.0001734186837440106
896,89.60000000000001,-0.0010814189058385706,-0.00043300998027674946
897,89.7,-0.0005333998191430683,-0.000585677638439318
898,89.80000000000001,-0.00028524867337395164,-0.00043141733495820713
899,89.9,-0.00019185889030552596,-0.0001278928415989361
900,90.0,4.236434091798445e-05,-0.0003255007433604906
901,90.10000000000001,0.0004422568307652516,5.077073281465876e-05
902,90.2,0.0003432330879152756,0.000108368571206637
903,90.30000000000001,-0.000376216901588875,-0.00062574681763686
904,90.4,-0.00035791376750817996,-0.00035112370661102236
905,90.5,6.0588217963742504e-05,8.816208590694948e-05
906,90.60000000000001,0.00028136059825053123,0.0003234930428476842
907,90.7,0.0007833940784318482,-2.7038074199184704e-05
908,90.80000000000001,0.001334163311831796,-4.1059203829811476e-05
909,90.9,0.0011812011770736162,5.760974299186445e-05
910,91.0,0.000803946226685921,0.00044805520640528435
911,91.10000000000001,0.0005731878186884409,0.00044967074116024575
912,91.2,0.00041855494695323503,0.0005216327599092288
913,91.30000000000001,0.0005197118152287845,0.00029024082864490826
914,91.4,0.0003992991074577791,0.0005515985944249918
915,91.5,0.0003602957469123495,0.0005336639225054814
916,91.60000000000001,0.0005173182840901625,0.0007400648818660843
917,91.7,0.0005290625373367321,0.0008222967084370923
918,91.80000000000001,0.0004961798806860263,0.0005460908689587003
919,91.9,0.0003353994426005967,0.0002961205415094559
920,92.0,0.00022367877616594987,0.0002297974883062989
921,92.10000000000001,0.0006569310656886571,0.0001742507992512454
922,92.2,0.0009054537335141543,0.00014826285873312681
923,92.30000000000001,0.0007477605416132459,0.0003908196421318981
924,92.4,0.0004090389439143681,0.0003925378829108936
925,92.5,-0.00013398498860977593,0.0006005678894809878
926,92.60000000000001,-0.00023320675448547276,0.0006041462491779805
927,92.7,9.644195912217886e-05,0.0007396628131964405
928,92.80000000000001,0.00015470415478483713,0.0008178910102687678
929,92.9,-0.0002096707382527194,0.0006926773848895152
930,93.0,-0.0004968257832021262,0.00012627319249946853
931,93.10000000000001,-0.0001066376934626244,0.00011922616155287974
932,93.2,0.00035135124987088935,0.00011398913854916827
933,93.30000000000001,0.0006171230000123885,-7.628750073044976e-05
934,93.4,0.000601533567813156,-0.0005476969339232296
935,93.5,0.000436982742487603,-0.0001339746271419414
936,93.60000000000001,0.0002498834830767481,0.0001011672426956789
937,93.7,0.00043127078983001214,-9.555840719155807e-05
938,93.80000000000001,0.000646205844476565,-0.00022733166414792418
939,93.9,0.00040295708055132327,-0.00019775061503849613
940,94.0,8.758466896877926e-05,-0.00013049414509523323
941,94.10000000000001,1.729062156853342e-05,-5.5597382945690556e-05
942,94.2,-0.00023361736892416342,0.00017963334678908172
943,94.30000000000001,-0.000870242613400321,-0.0001602650543466016
944,94.4,-0.001106088516754446,-2.5915221066466905e-05
945,94.5,-0.0006704950229255695,4.610548717698376e-05
946,94.60000000000001,-0.0002965454094448931,-0.00026462547450703576
947,94.7,-0.0003386493626976652,-0.00013993069441433736
948,94.80000000000001,-0.0008768255801672081,-0.0005902644207895783
949,94.9,-0.0012906006080762684,-0.0004453211041135612
950,95.0,-0.0012310080207425043,4.033272482444063e-05
951,95.10000000000001,-0.0011527610599540205,0.0005984666396867775
952,95.2,-0.0011524517322534578,0.0007991921620269081
953,95.30000000000001,-0.00134566084468314,0.000634200409575019
954,95.4,-0.001340819777316272,-0.00019326355545282468
955,95.5,-0.0012851126252486718,-0.0006677072097098636
956,95.60000000000001,-0.0012180462279990799,-0.0006704906824647819
957,95.7,-0.0008855062131809833,-0.0004748908902035047
958,95.80000000000001,-0.0005005073564104616,-0.0005062056860045614
959,95.9,-0.0006213739842115373,-0.0009208112717877519
960,96.0,-0.0011248275831025635,-0.00045379990704987256
961,96.10000000000001,-0.001080992962307632,-0.00038944533485884604
962,96.2,-0.0009900810322154,-0.0003036719336905594
963,96.30000000000001,-0.0008010803159813142,-0.00031640489919543453
964,96.4,-0.0007025248239161183,0.00014681843745326716
965,96.5,-0.0006972066566565192,8.1290952274896e-05
966,96.60000000000001,-0.0007695323706426859,7.795905790640504e-05
967,96.7,-0.0008581072280781039,-5.1285477165357385e-05
968,96.80000000000001,-0.0009904469102065595,-0.000276885582627261
969,96.9,-0.0010256797147901175,-0.000423222725939912
970,97.0,-0.0009877876843175204,-0.0005527505416807875
971,97.10000000000001,-0.0010714259851648514,-0.00039456412754999316
972,97.2,-0.0013784735091336069,-0.0006272958758871078
973,97.30000000000001,-0.001380405392934834,-0.0006390501757157617
974,97.4,-0.0009342756166799259,-9.189700000851239e-05
975,97.5,-0.000698383980057245,0.00014642712854240233
976,97.60000000000001,-0.0006084525574128603,2.8391246994160617e-06
977,97.7,-0.0004928841053135941,-0.0003505959082958183
978,97.80000000000001,-0.0004655031460462386,-0.0008862144821332391
979,97.9,-0.0005489066487060868,-0.0005905136746356261
980,98.0,-0.0010541850165092007,-0.00044635162325515603
981,98.10000000000001,-0.0008895840206011234,0.000152122122511256
982,98.2,-0.0007464457910701647,-3.5785968355441024e-05
983,98.30000000000001,-0.0006147388353417512,-0.00021019357920670407
984,98.4,-0.0005068012415954998,-0.0002786123634137135
985,98.5,-0.00027346959392509143,0.00023088022287776638
986,98.60000000000001,-7.347292853771093e-05,0.00046600312636271065
987,98.7,-0.000495331013226044,0.0003025309977920749
988,98.80000000000001,-0.0010117485092391407,-0.00011398652118952709
989,98.9,-0.0007745171670687127,-0.00016765403679221916
990,99.0,-0.00043350707399919015,-0.0007035385687068187
991,99.10000000000001,-0.0004212371862945895,-0.0011084455941044815
992,99.2,-0.00045270429207879036,-0.0009323433841856454
993,99.30000000000001,-0.0005751095921504372,-0.0005698110158875292
994,99.4,-0.0005277033228497428,-0.000772660346602887
995,99.5,-0.0006793718205375034,-0.0003187164207482921
996,99.60000000000001,-0.0013295427929896297,-3.1046722746690025e-05
997,99.7,-0.001802297513280064,-0.0002521251681001184
998,99.80000000000001,-0.0017688182203023134,-0.00029983569091823704
999,99.9,-0.0016304916740115046,-0.0001647416212857608
1000,100.0,-0.0016538181460833009,-0.00031051700360865494
1001,100.10000000000001,-0.0019966212828952117,-0.0001459985926547124
1002,100.2,-0.0022289122497529032,-0.0003720674579290974
1003,100.30000000000001,-0.0020003857730812083,0.00013494460042920737
1004,100.4,-0.001631405476095059,0.000604404703711889
1005,100.5,-0.0013463532921030238,0.0008058563792438896
1006,100.60000000000001,-0.001183291830674603,0.0002798758090781
1007,100.7,-0.001374434165919217,-0.00019168558444875773
1008,100.80000000000001,-0.0015018990691685052,-0.0005780742379734289
1009,100.9,-0.0013639210575597399,5.555482238533074e-05
1010,101.0,-0.0009753554159329393,0.0006532782466813277
1011,101.10000000000001,-0.0008115552256507943,0.00015883722773969933
1012,101.2,-0.0008251282622843761,0.00035070118749656225
1013,101.30000000000001,-0.0009252582251788849,0.0006575024717235382
1014,101.4,-0.000610088399722018,0.0006093692808107813
1015,101.5,-1.1322705576334715e-05,0.0003705028580557891
1016,101.60000000000001,0.00040178308761302687,-4.717139240269498e-05
1017,101.7,0.00011590979491528009,-3.941235667885836e-05
1018,101.80000000000001,-0.00018979719868652138,0.00025045834909471825
1019,101.9,-1.528320232733789e-05,0.0005865934452204545
1020,102.0,0.00040279249058807257,0.00047202647064346697
1021,102.10000000000001,0.0008944512232846147,0.00011714024077584516
1022,102.2,0.0005499802101772743,0.0006026989675269578
1023,102.30000000000001,-0.0002498617107108479,0.0002474933156771549
1024,102.4,-0.00038472696707658635,3.972082657137474e-05
1025,102.5,-0.0003829731681325638,-4.581851502323483e-05
1026,102.60000000000001,-0.0008369235681765171,-0.000519552044548299
1027,102.7,-0.0013908462802632365,7.562631728961313e-05
1028,102.80000000000001,-0.0014069573508709609,5.437779158356158e-05
1029,102.9,-0.0011844899790185387,-0.00014529177179069426
1030,103.0,-0.0009963708664140222,-0.00048718462263526457
1031,103.10000000000001,-0.0011144496748556917,-0.00033873015827750127
1032,103.2,-0.0010288097645719445,-0.0003288044171765596
1033,103.30000000000001,-0.001160515423515078,-0.0002466168653339926
1034,103.4,-0.001563978711267774,-0.00041429372287189156
1035,103.5,-0.0019291757277132596,-0.0005253175345877718
1036,103.60000000000001,-0.0020505785201027802,-0.00031896610769758507
1037,103.7,-0.001897087857115953,-0.0004835556558718262
1038,103.80000000000001,-0.0017684369477816322,-0.00041795905170182595
1039,103.9,-0.0019520967806830355,-0.0005532516829453412
1040,104.0,-0.0023028730714067247,-0.0002535959402166196
1041,104.10000000000001,-0.0022589160873297833,-0.00026116281383146425
1042,104.2,-0.0017390180077107237,7.197806392958119e-05
1043,104.30000000000001,-0.001411815548728913,9.046764031697937e-06
1044,104.4,-0.0017172444044549692,-4.6719152153152746e-05
1045,104.5,-0.0019491531060761196,0.0002646466178712939
1046,104.60000000000001,-0.0016319950432671768,-0.00023001321121507076
1047,104.7,-0.0014334088431354711,1.2030886281527748e-05
1048,104.80000000000001,-0.0013145018366582987,-0.00016862133669112885
1049,104.9,-0.0011926182005749628,-0.0004520303964441991
1050,105.0,-0.0009663236166749707,-0.0009989899536525062
1051,105.10000000000001,-0.0008568289226428606,-0.0005389087524884627
1052,105.2,-0.0008560433995419828,-0.0004537348401824123
1053,105.30000000000001,-0.0008062604660626036,-5.9568087333189044e-05
1054,105.4,-0.0006128598975735099,0.00023140270705708402
1055,105.5,-0.0006764350833641237,0.00011209599312198488
1056,105.60000000000001,-0.0007506145962441437,-0.0003690055810231977
1057,105.7,-0.0007143357832214673,-0.00035024311216930404
1058,105.80000000000001,-8.731641713710496e-05,-5.19366518479847e-05
1059,105.9,0.00038442409185948775,8.051615547659074e-05
1060,106.0,0.00028509154503856843,-3.181471644600453e-05
1061,106.10000000000001,-0.0001803468729782052,0.0001518945236946502
1062,106.2,-0.00047526998751693195,-0.00027893647566766273
1063,106.30000000000001,-6.028455143604709e-05,-0.00034270638204424717
1064,106.4,0.0004541595085506579,-0.0004132335812393068
1065,106.5,0.00032745856584257536,-0.00042210430572301176
1066,106.60000000000001,-0.0002800858334794732,-0.0004681209770022662
1067,106.7,-0.00023081042106623192,-0.0001033516496965462
1068,106.80000000000001,7.94103866952869e-05,9.516491187555767e-05
1069,106.9,0.00026673443520863895,6.64963520595037e-05
1070,107.0,0.00031368835087068473,6.754967068081659e-05
1071,107.10000000000001,0.0005671556961749056,-0.000259498185360142
1072,107.2,0.0007429133566963179,-0.0003850113449210097
1073,107.30000000000001,0.00013613870995330383,-0.0006544738528944756
1074,107.4,-0.0006126865628590022,-0.0007032515747353167
1075,107.5,-0.0007547275404669673,-0.0006102041112982948
1076,107.60000000000001,-0.0007872979773842514,-0.0004502568153253585
1077,107.7,-0.000304309558777542,-0.0002860149105307315
1078,107.80000000000001,0.00021001786266043623,-0.0002069465634762495
1079,107.9,0.0004060235949546617,-0.00020764885878937807
1080,108.0,-1.8894534859724548e-06,-0.0003844005389713223
1081,108.10000000000001,-0.0005326392420041101,-0.0011784754888774372
1082,108.2,-0.0008504172892807751,-0.00037526886500138183
1083,108.30000000000001,-0.0007838810447850637,0.0002083567645333234
1084,108.4,-0.0005239434335987018,0.000540637041866218
1085,108.5,-0.0005426620606395924,0.0005236243525801847
1086,108.60000000000001,-0.0007492413224445494,0.00020872801864016204
1087,108.7,-0.0008363400869819336,0.0001225569833457689
1088,108.80000000000001,-0.0011505640015154759,-0.00011131825313153377
1089,108.9,-0.0011232369949799946,-9.441302531072795e-05
1090,109.0,-0.0012070293521124213,-6.16214452295606e-05
1091,109.10000000000001,-0.0012206550657181128,-0.0005439606477630603
1092,109.2,-0.0010195934782865736,-0.000532174647979289
1093,109.30000000000001,-0.0006863353231362343,-0.00037543658918448526
1094,109.4,-0.00019409372261621044,-0.0005657114365277707
1095,109.5,-5.317892065889107e-05,-0.00039253646799618426
1096,109.60000000000001,-0.0004080314703863336,-0.0003569191253652786
1097,109.7,-0.0004190958140284152,-0.0006815019293677185
1098,109.80000000000001,-0.0003741022976309694,-0.0006641942660244107
1099,109.9,-0.0007810190876762275,-0.00026964172839116676
1100,110.0,-0.0007017795928801393,-1.4731056230631963e-07
1101,110.10000000000001,-0.0003528837391087164,-0.00015072453811068131
1102,110.2,-0.0002723122918279154,-0.00029043982812677237
1103,110.30000000000001,-0.0004863098812940828,-0.0005053606162696072
1104,110.4,-0.0007408830099608444,-0.00019269909868927272
1105,110.5,-0.0006119453912267652,-0.00019780558258182185
1106,110.60000000000001,-0.000519518452708326,7.773480083511151e-05
1107,110.7,-0.00043345525153930947,-3.831396783806385e-05
1108,110.80000000000001,-0.0004856934161065539,-0.00037292044805046647
1109,110.9,-0.0008347071300032243,-0.00022742185594164504
1110,111.0,-0.0012747433910503681,-4.383484875458266e-05
1111,111.10000000000001,-0.0010929041209368046,0.00011399381819698443
1112,111.2,-0.0005417064488969215,0.00031523102016495203
1113,111.30000000000001,-0.0006031047824099803,0.000164553468437364
1114,111.4,-0.000814305874009976,-0.0004135317250624499
1115,111.5,-0.0006287029429627596,2.952556591290585e-05
1116,111.60000000000001,-0.0005215859683716496,-0.0001250291609831593
1117,111.7,-0.0005588611259238597,0.0003579664718222649
1118,111.80000000000001,-0.0008729236593504572,0.0003941371599645342
1119,111.9,-0.001022754476612191,-0.00011958876650698396
1120,112.0,-0.0007621208687389046,-1.912908483756256e-05
1121,112.10000000000001,-0.0007009057970670448,-5.0900553129445144e-05
1122,112.2,-0.0005319939207796902,-5.676585206531362e-05
1123,112.30000000000001,-0.00048051340960796133,9.060990748964728e-05
1124,112.4,-0.0007435990732045474,-0.0005791637422829426
1125,112.5,-0.0007335948715972574,-0.00048546130837309243
1126,112.60000000000001,-0.00045129021074835217,0.00014922183060420792
1127,112.7,-3.9529234897851645e-05,0.00030463025037138667
1128,112.80000000000001,0.00022294982467336297,-6.550362043291235e-05
1129,112.9,0.00019136402972310003,0.00013817503421894296
1130,113.0,7.764401462406359e-05,0.00022319328018985307
1131,113.10000000000001,-0.00020983735589695813,0.00024258274350951527
1132,113.2,-0.00045096918527431305,-0.00030722979196340773
1133,113.30000000000001,-0.00026277204428970736,-0.0002823594160430997
1134,113.4,-9.00870433914951e-05,-0.00043072613800377175
1135,113.5,-0.0005714875456109331,0.00028251984268788855
1136,113.60000000000001,-0.0009741357929257484,0.00023738878099914106
1137,113.7,-0.0009878282904606823,0.0001618717717306164
1138,113.80000000000001,-0.0008903258265420847,-0.00015880083822067905
1139,113.9,-0.0007362619527420006,-0.0004713381947157872
1140,114.0,-0.0005296642453390331,-0.00040828324167419856
1141,114.10000000000001,-0.0002564075630618427,-0.00027586715637226714
1142,114.2,-0.00012106697587113493,0.00016909863841876887
1143,114.30000000000001,-0.00023161266070638274,0.0002347319072474176
1144,114.4,-0.0005685628988335212,-0.0001961995300283757
1145,114.5,-0.0006002852345706262,-0.000436409698866132
1146,114.60000000000001,-0.000804765119410474,-0.0002629791201409032
1147,114.7,-0.0010628163958433052,-0.0005022228344053295
1148,114.80000000000001,-0.0011681466160416607,-0.0001906505163781909
1149,114.9,-0.0011167016601186846,-0.0001549284209987943
1150,115.0,-0.0009889479893913345,-0.0002195085856651737
1151,115.10000000000001,-0.000987704895621976,2.348447146053301e-05
1152,115.2,-0.0011300473014290702,0.00041257430143929906
1153,115.30000000000001,-0.00101440691215271,0.0001999189943065937
1154,115.4,-0.0001839785924292728,0.00020273187661972852
1155,115.5,0.00037903364768630506,0.00015923323380421446
1156,115.60000000000001,0.0002006686001269773,0.0004710690289620696
1157,115.7,-0.00043204114635924225,0.0006418875062061588
1158,115.80000000000001,-0.00041177991714838776,0.00039436144618063153
1159,115.9,0.0003505644991520972,-2.846980869722068e-05
1160,116.0,0.0006455965443935851,-0.00046045680662576747
1161,116.10000000000001,0.00017221852613786184,-0.000586683744264661
1162,116.2,-0.0006250261983438108,-0.0005447901362015903
1163,116.30000000000001,-0.0002876260443393933,-0.0001904164969591912
1164,116.4,0.0005296266704407721,0.0004993856688040961
1165,116.5,0.0005794745500877159,0.0002598343970356006
1166,116.60000000000001,0.00025751013085056413,-8.645568931987292e-05
1167,116.7,-0.00014367830629931938,-0.00043062261874019474
1168,116.80000000000001,-0.000440962492521543,-0.0005264288139926989
1169,116.9,-0.00041009628159892846,-0.000360258428345766
1170,117.0,-0.00035269927332519765,-0.0005443683035192732
1171,117.10000000000001,-0.0002196070602812584,-0.0004559519303705428
1172,117.2,-0.00022928569265856535,-0.00024012040245847708
1173,117.30000000000001,-1.6418511899819436e-05,0.0002518096918136628
1174,117.4,0.00034748572105852764,0.00044140420453700035
1175,117.5,0.0002549452194122873,0.0007186194163883042
1176,117.60000000000001,-0.00021648379372490387,0.0005476245357450909
1177,117.7,-0.0004856028202970107,6.851762420644952e-05
1178,117.80000000000001,-0.0007547358442922731,-0.0004273965478179189
1179,117.9,-0.0007829374775216948,-0.0004114376342139506
1180,118.0,-0.0007677245680108846,-0.00048265541552342347
1181,118.10000000000001,-0.0006639971708549535,-0.000607731383772341
1182,118.2,-0.00035582699010580215,-0.000708002696440859
1183,118.30000000000001,-0.000226182808658854,-0.00027089353829901335
1184,118.4,-0.0004385334575025926,-6.386855832328473e-05
1185,118.5,-0.0006856000616902612,0.00011753273892812897
1186,118.60000000000001,-0.0006682418045915405,0.0001708587973348809
1187,118.7,-0.0008760093035910112,0.0006589712497127229
1188,118.80000000000001,-0.0010748151728224701,0.0004758494758080355
1189,118.9,-0.0010165735789886073,0.0005360845973705533
1190,119.0,-0.0007783448543521244,0.0005277914848177658
1191,119.10000000000001,-0.0006259120898697363,0.0005027263360345002
1192,119.2,-0.0005647974778381102,0.0004983434595011441
1193,119.30000000000001,-0.0006799826919440428,0.0006672824053561154
1194,119.4,-0.0006687518412932855,4.1779649646916e-05
1195,119.5,-0.0004819279589123199,0.0002511016353445373
1196,119.60000000000001,-0.000408795343577491,-1.4683171548985602e-05
1197,119.7,-0.00043962444540757525,-0.0004801146783540577
1198,119.80000000000001,-0.0007120634057177031,-0.0003741418393880565
1199,119.9,-0.0003538913117563303,-0.00019444821529496814
1200,120.0,8.681935970935849e-05,0.00028195627142539885
1201,120.10000000000001,9.544294691283205e-05,0.0007487860598683136
1202,120.2,0.0001800780195099054,0.0009205444897969518
1203,120.30000000000001,0.00045043003693217133,0.0002877069350197187
1204,120.4,0.00010914581591114705,-0.0001713434006924947
1205,120.5,-0.0004958412740137976,-0.0002208162637447217
1206,120.60000000000001,-0.0007823606460526783,0.00012011366251782286
1207,120.7,-0.0010593204867965858,9.453428226775347e-05
1208,120.80000000000001,-0.0008076319007198745,-9.64118126078424e-05
1209,120.9,-0.0005705250791684131,4.831244763442269e-05
1210,121.0,-0.0007109687227259016,0.0003161145487716804
1211,121.10000000000001,-0.0008838964907727918,0.00019060231148619047
1212,121.2,-0.000990734999874575,-5.4167712539751735e-05
1213,121.30000000000001,-0.0009601541090413409,0.0003832095942095842
1214,121.4,-0.0013062808955105233,-0.00022869600076132231
1215,121.5,-0.0017759338915977366,-0.0007877416019705499
1216,121.60000000000001,-0.001958951457460489,-0.00042288929206727604
1217,121.7,-0.0015845512009739114,0.0004236488056193934
1218,121.80000000000001,-0.001434904186683902,-0.0003192454247505356
1219,121.9,-0.0014468533455756771,-0.0007041938347459101
1220,122.0,-0.0014625424437568952,-0.000573481793929291
1221,122.10000000000001,-0.0010445575249881085,-0.0003141943097171591
1222,122.2,-0.000328032092727187,-0.00010495992121859987
1223,122.30000000000001,-0.00029986603960405016,0.0002815674980062528
1224,122.4,-0.0005133603622580872,0.00031375247156725306
1225,122.5,-0.00042717773216688874,0.0001248848937018836
1226,122.60000000000001,-0.0007063704640228881,1.2869876682973209e-05
1227,122.7,-0.0010968998571551803,1.8237642133178653e-05
1228,122.80000000000001,-0.0007514858555500159,-0.0002584488180196502
1229,122.9,-0.00037122736702531315,-0.00022070083956960296
1230,123.0,-0.0006404430741641743,9.552890397824302e-05
1231,123.10000000000001,-0.0008405540738636628,0.00028220187302718965
1232,123.2,-0.001384636062040857,-0.0003218499750602482
1233,123.30000000000001,-0.00187265645443483,-0.0011848097984232951
1234,123.4,-0.0017207781794473988,-0.0014601739190148386
1235,123.5,-0.0013745781662418861,-0.0006893112614125462
1236,123.60000000000001,-0.0010322117766306648,-0.00023934771653997996
1237,123.7,-0.0008254320988523936,5.482543264847899e-06
1238,123.80000000000001,-0.0008736109756093062,0.0005450031300634017
1239,123.9,-0.0007981539714064679,0.0008060316791538716
1240,124.0,-0.000497409341010784,0.0005210915068570562
1241,124.10000000000001,-0.0004587386487716363,-0.00018314563469897985
1242,124.2,-0.0007239345765882781,-0.00030125508722447553
1243,124.30000000000001,-0.000772328632118722,0.0002740099007619377
1244,124.4,-0.00047636368969268176,0.00021906926440158248
1245,124.5,-0.0002786142969085155,0.00028845135171341307
1246,124.60000000000001,-0.0008451648408012743,-5.115907111753091e-06
1247,124.7,-0.001137727434664811,-0.00031010487913778277
1248,124.80000000000001,-0.0009964429080493856,0.0001981795583318414
1249,124.9,-0.0007134645607104869,0.00023422255815738326
1250,125.0,-0.0007806537199013946,-0.0001746559630384685
1251,125.10000000000001,-0.001108101216435403,-0.00024910212616034537
1252,125.2,-0.0009769741171906123,-0.0004946811415626175
1253,125.30000000000001,-0.0005937161518866303,-0.0004775107982364937
1254,125.4,-0.0003938409623419086,-0.0006667589822541725
1255,125.5,-0.00040634579100407394,-0.0008336123794064671
1256,125.60000000000001,-0.00010722093939807541,-0.00037957266070007446
1257,125.7,0.000188258354875088,-0.0003182207685175687
1258,125.80000000000001,-7.583276579015926e-05,-0.000173960835248244
1259,125.9,-0.00022532519074398388,-0.0001372608216694923
1260,126.0,-6.590298902457126e-05,0.00012657338731429188
1261,126.10000000000001,-0.00016219868588671223,0.00026744416757200796
1262,126.2,6.466821005826485e-05,-5.6954242528028744e-05
1263,126.30000000000001,0.00033874102555451395,0.0001308139267858959
1264,126.4,0.00041720597626692464,1.654111979323364e-06
1265,126.5,0.0004364235960433932,-0.00020258674205729816
1266,126.60000000000001,0.00028657947377338014,-5.423131942957343e-05
1267,126.7,9.55698409759941e-05,0.0002276491629303759
1268,126.80000000000001,0.0003832869067985161,0.0002797428335208439
1269,126.9,0.0005049801536386018,0.00025976408514602543
1270,127.0,0.000358356502295603,-0.00032884718166275933
1271,127.10000000000001,5.3892179552262224e-05,-0.00011974954387597367
1272,127.2,-1.5974069128889475e-05,-9.297576222272958e-05
1273,127.30000000000001,7.703309463168132e-05,0.00019180530876771465
1274,127.4,0.0003376043167345668,0.0004456089237423678
1275,127.5,0.00022966705723216301,0.0003527279305890147
1276,127.60000000000001,-0.00034210885218255465,0.0001221167417557781
1277,127.7,-0.0009010700701905188,5.091169254504128e-05
1278,127.80000000000001,-0.0010261198115249226,4.2945108468110975e-05
1279,127.9,-0.0008976750119408804,-0.00042115544219577646
1280,128.0,-0.0008880928263977507,-0.0008598017707757889
1281,128.1,-0.000845381497191775,-0.000813499589708899
1282,128.20000000000002,-0.0005738879106213064,-0.0005349553296269705
1283,128.3,-0.0006553143052860203,-0.0003237082063149457
1284,128.4,-0.0007524406456668319,-5.9691705830760045e-05
1285,128.5,-0.0006329508263485806,-0.0003746330620118387
1286,128.6,-0.0008494811889588139,-0.0006802703758889063
1287,128.70000000000002,-0.0006467939418501084,-0.0005740094510073502
1288,128.8,-0.00033536200820377145,-0.00031741785264963526
1289,128.9,-0.0003001038048744387,-5.542933642987828e-05
1290,129.0,-0.0002247855221680226,0.00010677221146730859
1291,129.1,0.00029844076955038524,0.00012560232754990595
1292,129.20000000000002,0.0002981782322735988,5.8184324529484744e-05
1293,129.3,6.657893916689205e-05,-9.436446086394722e-06
1294,129.4,-8.641634066235203e-05,0.00029809907490295517
1295,129.5,-0.00038510895288922504,0.000559604671886997
1296,129.6,-0.0002211297258835627,0.0003553955234054455
1297,129.70000000000002,-4.681387677013684e-05,0.0001706884684617936
1298,129.8,0.0003908712571667764,-0.00024320157080553355
1299,129.9,0.0008578931346831509,-0.0002200096428052668
1300,130.0,0.0010282912479264935,6.429548092243056e-05
1301,130.1,0.001118818177320563,-5.3577157075423495e-05
1302,130.20000000000002,0.0008506832031087324,0.00015238813066541313
1303,130.3,0.0006694322201748619,5.924483193100266e-05
1304,130.4,0.0010715298018994525,-0.00044373965522174135
1305,130.5,0.0014788311312163402,-0.0005590073000626633
1306,130.6,0.0013352938173986366,-0.00042477240110151416
1307,130.70000000000002,0.0008982104889816542,-0.00018190533949434935
1308,130.8,0.0007083250149814046,-0.00032071962362101633
1309,130.9,0.0009601067667658074,-3.812455205182257e-05
1310,131.0,0.0010166472216003376,0.00019263661550702706
1311,131.1,0.0006815112360035222,0.0002204304231619616
1312,131.20000000000002,0.0005075751912001706,0.00011431585317208758
1313,131.3,0.0008183029349655312,7.210852364355454e-05
1314,131.4,0.0005301142765888713,0.00045756213057251917
1315,131.5,0.00027415204412762495,0.00026035217068465303
1316,131.6,0.0004807593125437287,-9.402492051611944e-05
1317,131.70000000000002,0.0005254607001890468,-0.0006343943633864935
1318,131.8,0.00029689144007158684,-0.0004017388076984552
1319,131.9,-9.260907062326537e-05,-0.0005711690129357527
1320,132.0,-0.00032330564892827344,0.0001530237644800213
1321,132.1,-0.00011811264869105179,0.0005753032291587459
1322,132.20000000000002,0.000599149635422922,0.000117229679319392
1323,132.3,0.0008159942017536766,-0.0003331163571616344
1324,132.4,0.00011030332007875612,-0.0003886724415507135
1325,132.5,-0.0001236543287407783,0.0001565802946684696
1326,132.6,0.0002793307436361835,-0.00013037471396003876
1327,132.70000000000002,0.000468862295944502,-0.0003149404227139042
1328,132.8,0.00025942328549413343,-0.00038807306051649346
1329,132.9,-0.0001223399964015305,-0.00040553950748785253
1330,133.0,-0.0002430555679268109,-0.0006281013326178588
1331,133.1,0.00019662918243207154,-0.00012300529005386122
1332,133.20000000000002,0.00026903490815788594,8.994898043893554e-05
1333,133.3,-0.0003897476321717488,-0.00036477145642849267
1334,133.4,-0.0004982839469296083,-0.0007437040050873485
1335,133.5,-0.0003036825964662463,-0.0007283230860447894
1336,133.6,-0.00012630656674608116,-0.0002075959110679742
1337,133.70000000000002,0.00010869349715291116,-9.477321509814047e-05
1338,133.8,0.00039685110025845707,-6.147081531332149e-05
1339,133.9,0.00015561653057173872,-0.00017496320307551648
1340,134.0,-6.911542704294555e-05,-0.0006934321494720167
1341,134.1,0.0005819150024261311,-0.0003627311864091031
1342,134.20000000000002,0.0011465129042904114,6.07566223466064e-05
1343,134.3,0.0011683425368596999,-0.00016844156746483743
1344,134.4,0.0009141076293407804,-1.970372059051199e-05
1345,134.5,0.0008321755377383306,0.00031228651353148627
1346,134.6,0.0012279648558155198,0.0005146717399012647
1347,134.70000000000002,0.0013498472531936793,0.00013289857544025605
1348,134.8,0.000878511040456296,-0.0001045643353555159
1349,134.9,0.0008047919531379155,-2.1509456269580732e-05
1350,135.0,0.0010924021792996874,-0.0005683354319425681
1351,135.1,0.001405817869290688,-0.0006214541985063606
1352,135.20000000000002,0.0012604730350405597,-0.0004920170235880752
1353,135.3,0.0005262872404884508,-0.0005141245768722081
1354,135.4,0.0002928486099108919,-0.00016330663099625787
1355,135.5,0.0007726136812962418,-0.0002640862066043389
1356,135.6,0.001039945971462442,6.381181748308482e-05
1357,135.70000000000002,0.0006176913253244365,0.00018482180377997685
1358,135.8,0.00027962383632035726,-0.0006691826057068231
1359,135.9,0.0003157079192762086,-0.0005190636671259482
1360,136.0,0.00031515217816722725,-0.0004307179174584446
1361,136.1,0.0006852249593008537,-0.00016975741183949494
1362,136.20000000000002,0.001016369762625749,-0.00025235167361823644
1363,136.3,0.0011498314887527254,-0.00014224001773630466
1364,136.4,0.000670798312497476,-0.0001856687082143503
1365,136.5,0.00015589992940163782,-9.163871029397885e-05
1366,136.6,0.00039754477516895084,1.8560005879163118e-05
1367,136.70000000000002,0.0008063778153616686,-0.00018012788070659094
1368,136.8,0.0009883025866223455,-0.00010646878050826881
1369,136.9,0.0011148832050974096,-0.00019441398955517171
1370,137.0,0.0009483411451390762,0.00035055211612800046
1371,137.1,0.0007683894637565254,0.00039126653327769797
1372,137.20000000000002,0.0009147139362932677,-0.0003593226800189091
1373,137.3,0.0011870633010474954,-0.0007740831268157784
1374,137.4,0.0013788551962995645,-0.0007627668737297581
1375,137.5,0.0012287986864234935,-0.0002636487993509868
1376,137.6,0.0010550870749930698,-0.0002909401516173304
1377,137.70000000000002,0.0009515496523134065,-0.00044687677738408155
1378,137.8,0.0012012784887163272,-0.0002447223946855085
1379,137.9,0.001053357225960207,3.006698142040951e-05
1380,138.0,0.0006851043638544303,2.545852519413344e-05
1381,138.1,0.000330622907626431,0.0004668039419262988
1382,138.20000000000002,6.651774277167267e-05,7.85527970184687e-05
1383,138.3,0.00021277353134838327,0.00041201357597101597
1384,138.4,0.00032622930692835847,-0.00017298926389127615
1385,138.5,0.0004506068734900519,-0.00025978624143156075
1386,138.6,0.0006744043264833857,-0.00011940248909874689
1387,138.70000000000002,0.000623054296392104,0.00019536329085311668
1388,138.8,0.000732098923293191,0.00010159349855275759
1389,138.9,0.0013489941199461245,-2.5310585382671342e-05
1390,139.0,0.0015947772153162608,0.00017303785830283594
1391,139.1,0.0013380528641702577,-1.4004285957484598e-05
1392,139.20000000000002,0.0008732122723856314,-0.0005542796916126131
1393,139.3,0.0003157071160107076,-0.00032957867133537295
1394,139.4,5.966795345021012e-05,-0.00024098812233054026
1395,139.5,-0.0001340552158332305,0.00017013637542383968
1396,139.6,-0.00020381427528463485,-8.592036471500313e-05
1397,139.70000000000002,-7.070432458851781e-05,-0.00033179276203795956
1398,139.8,9.67521812646874e-05,-0.0005941111865487201
1399,139.9,-4.15891012047393e-05,-8.33607992762264e-05
1400,140.0,-0.0003366636096019746,0.0005636959505679847
1401,140.1,-0.0004216708829497891,0.0001618317925437289
1402,140.20000000000002,-0.0002976757009481938,1.504087045419145e-05
1403,140.3,-0.00017350593416426413,-0.00023344692357953663
1404,140.4,-2.4039738770457808e-05,-0.0006931661288463681
1405,140.5,0.00021948039291337814,-0.0006884475478496302
1406,140.6,0.0004691412660783906,-0.00020668673688941204
1407,140.70000000000002,0.0005216938081385691,-0.0002652245000914141
1408,140.8,0.0004565806347835886,-0.0004633527299596068
1409,140.9,0.00020219565202253827,-0.0002721000532438158
1410,141.0,0.0003761479853784529,3.09067714910936e-05
1411,141.1,0.0007403959829325765,-0.00017744748131965393
1412,141.20000000000002,0.00038013215106036516,-0.0002768132048006082
1413,141.3,7.196498051039185e-05,0.0001400609275300377
1414,141.4,0.0004257569830393452,-9.36146873007733e-05
1415,141.5,0.0007129359566122294,-0.00017368017417581735
1416,141.6,0.0006468367095424793,-7.279345895845974e-05
1417,141.70000000000002,0.0005993869085631625,-8.098765875467864e-05
1418,141.8,0.0004618718437386584,0.0003115616030232242
1419,141.9,0.0004819316759086567,-9.137150076720361e-05
1420,142.0,0.00020427532653451153,-0.0004265305862202609
1421,142.1,-0.00033346402236565463,-0.00020484189915909303
1422,142.20000000000002,-0.00025969719284419307,-0.0002324918830959895
1423,142.3,0.00010680605975945335,0.0005291847829325962
1424,142.4,0.00032682136261483045,0.0002766253920506035
1425,142.5,0.00032534979130036123,0.0001760227917465291
1426,142.6,-0.0001701081101702603,0.00011501157128269559
1427,142.70000000000002,-0.0004350242664374903,-0.0003168313894274414
1428,142.8,-0.0006652858317566124,-0.0004261457297216471
1429,142.9,-0.0008453418152978143,-0.00037579825794923315
1430,143.0,-0.0008502296371577537,-0.0004428541024500359
1431,143.1,-0.00074599313355705,-0.0002800731132602424
1432,143.20000000000002,-0.0008909625527011557,-0.00011606946079733759
1433,143.3,-0.0012047200474352142,-0.00034617220322732354
1434,143.4,-0.0010985710146760544,-0.0002967684028715141
1435,143.5,-0.0006599602909117396,-0.00047990568072775203
1436,143.6,-0.0005353279647621748,-0.0005309005907580891
1437,143.70000000000002,-0.0005306685280345723,-0.0007839550535417434
1438,143.8,-0.00032948942632907185,-0.00041800093589790374
1439,143.9,-0.0001422458122512708,-0.0003527684345775898
1440,144.0,7.112256454602069e-05,-0.0006751617178308415
1441,144.1,0.00019436058487582394,-0.0005497659512082849
1442,144.20000000000002,2.427136190917557e-05,-0.0004634446158824245
1443,144.3,7.51977570093733e-05,-0.00019823407282270773
1444,144.4,0.00031459275392966944,-9.669621373714441e-05
1445,144.5,0.00023094652391838263,0.00014970275053097822
1446,144.6,0.00019588370672988714,0.0003315267399438893
1447,144.70000000000002,0.0004752092897913362,0.00023064356566013721
1448,144.8,0.000964349161488222,0.000176972804143979
1449,144.9,0.000910648253312967,-0.0003182330897262295
1450,145.0,0.0006757568893010879,-0.0008990275316037358
1451,145.1,0.0009289583482981492,-0.0007933337065543924
1452,145.20000000000002,0.000663117025822891,-0.0006438018125972802
1453,145.3,0.0001172678877400761,-0.0006848782573266942
1454,145.4,0.00046615623707376385,-4.985236892912679e-05
1455,145.5,0.0011090180446109538,3.062762631290464e-05
1456,145.6,0.0015129440385728782,-6.481180398286328e-05
1457,145.70000000000002,0.0016038457462441609,-0.00042803477751821104
1458,145.8,0.0014913047680179072,-0.0004786821639463477
1459,145.9,0.001305565028727762,0.00011613544086772858
1460,146.0,0.001346074235833843,0.0005242048511990743
1461,146.1,0.0010429683897151514,0.000766176268640888
1462,146.20000000000002,0.0010904916642016913,0.00037513571821251503
1463,146.3,0.0013332188554362814,1.9676938992504888e-05
1464,146.4,0.0008944884228549503,0.00025128885279234077
1465,146.5,0.00016767891385312971,0.00011686745025211225
1466,146.6,0.00027240675972449235,0.0001778700619861049
1467,146.70000000000002,0.0011976555049762882,0.0005998413602349949
1468,146.8,0.0015578911570517434,0.00028613276642770475
1469,146.9,0.0012595565729933919,5.5202328097329786e-05
1470,147.0,0.0009346510592669256,0.0006034843582305217
1471,147.1,0.00048666283962482036,0.0002329480411966296
1472,147.20000000000002,0.00016463566706884124,0.00028881894180506204
1473,147.3,8.969618330539604e-05,0.0004238992237283906
1474,147.4,0.0001228812156280471,0.00040477249668623274
1475,147.5,0.0003149237593672183,0.00021625645046525292
1476,147.6,0.0004573974332171666,0.00019796661456223074
1477,147.70000000000002,0.0003294596400343502,5.750060169239258e-05
1478,147.8,-9.600970615360405e-05,-0.00022681739851176946
1479,147.9,-0.00010687869649856029,0.0002679360088030193
1480,148.0,-0.00022382387908551437,-3.568024082360528e-05
1481,148.1,-0.00041315933654293406,-0.00040638529120579173
1482,148.20000000000002,-0.00046847941520779387,-0.00024403379133957094
1483,148.3,-0.00032369786940101447,0.0001226339571273375
1484,148.4,-0.00021425066896706797,-2.751690453701669e-05
1485,148.5,-0.0003449516753502048,-0.0002461079534359015
1486,148.6,-0.0007344826128372093,-0.0005120263062498841
1487,148.70000000000002,-0.0010432160663751708,-0.00018669690013151653
1488,148.8,-0.0007289252527380649,0.00033261468926835
1489,148.9,-0.0006620169364386672,0.0004697480059875766
1490,149.0,-0.0009274767095094628,-0.00014706452536002653
1491,149.1,-0.0014554031013071732,-0.0008535207346380881
1492,149.20000000000002,-0.001345588045407409,-0.0007857552632833928
1493,149.3,-0.0009145873601300277,-0.0008707403613555472
1494,149.4,-0.0005229931382872742,-0.0008124771571356468
1495,149.5,-0.00041264813410685767,-0.000770365286527554
1496,149.6,-0.00013894191852851915,-0.0007835721504257971
1497,149.70000000000002,-0.00014543776308859825,-0.00018828806425823442
1498,149.8,-0.00039280441956590726,0.0003046477998289325
1499,149.9,-0.0003899502898476958,-0.00023034744041452947
1500,150.0,2.9424941169093125e-05,7.682860245666393e-05
1501,150.1,0.00023023032533427625,0.0001532509924872299
1502,150.20000000000002,-0.00025328283116040224,-0.00029758751496365953
1503,150.3,-0.000785700869097138,-0.0010533771117723306
1504,150.4,-0.000624245950562862,-0.0003669699085903382
1505,150.5,-0.00025269942302535796,0.0003950352609165732
1506,150.6,-4.92375337246111e-05,7.955616250393869e-05
1507,150.70000000000002,-0.00018077789326337244,0.0001141680613333232
1508,150.8,-0.000424547380970856,0.00040061824755849816
1509,150.9,-0.00032199448242819844,0.000254496544688936
1510,151.0,-0.0005852066605870863,-8.384194993411843e-05
1511,151.1,-0.0012648288346741577,-0.00016245204852127833
1512,151.20000000000002,-0.001279590490366552,0.0003235728611449046
1513,151.3,-0.0005077179299877844,0.000255413742431465
1514,151.4,9.230498958649351e-05,9.562396505838614e-05
1515,151.5,-8.16440234399106e-06,6.565433396593295e-07
1516,151.6,-0.0002597226617827697,-9.362885126541492e-05
1517,151.70000000000002,-0.0005850746209412875,1.0973550610724361e-05
1518,151.8,-0.0008016659745450049,4.174541358180499e-05
1519,151.9,-0.0007098870223687225,-0.00013344515052859718
1520,152.0,-0.0006637159229666777,4.807761197390416e-05
1521,152.1,-0.0009401926340273988,-0.0002321735273714064
1522,152.20000000000002,-0.0008860594850733366,-1.5312185057642162e-05
1523,152.3,-0.00034435090770792043,8.778843636961432e-05
1524,152.4,-0.0008326487508114264,0.00013619238962833127
1525,152.5,-0.0015458083059659857,-2.8920752268863966e-05
1526,152.6,-0.001002987905421174,0.00017943898511547205
1527,152.70000000000002,-0.0006545342651237996,-0.0006352675331070708
1528,152.8,-0.000877725058405643,-0.0009597638195880779
1529,152.9,-0.0014999448414465928,-0.0006267642549550981
1530,153.0,-0.0016162559035247338,-0.0005781149521375742
1531,153.1,-0.001299902067274534,-0.0007874417632090234
1532,153.20000000000002,-0.001304728613169659,-0.0005461290624305672
1533,153.3,-0.0013694047266511954,-0.0011897498820441668
1534,153.4,-0.0010840299511033153,-0.00140795517842836
1535,153.5,-0.0006742981563915737,-0.0007369527646594149
1536,153.60000000000002,-0.0007350245788074205,-0.0006309601432842116
1537,153.70000000000002,-0.0005747801605284387,2.550161037257252e-05
1538,153.8,-0.00040364137995843016,-0.0001025193281914859
1539,153.9,-0.0005765993251660755,-0.0003290606371081434
1540,154.0,-0.0007734862375262247,-0.0007671382633435114
1541,154.10000000000002,-0.000731254714393386,-0.0008539754986003703
1542,154.20000000000002,-0.0008958477080305567,-0.0005702985855024777
1543,154.3,-0.001280185530972088,-0.0008959220073719849
1544,154.4,-0.0014280769698776135,-0.0005476586237027071
1545,154.5,-0.0012474009697768995,-0.0001234713449676686
1546,154.60000000000002,-0.0008043424708371339,-0.0002788892091137727
1547,154.70000000000002,-0.000998723892709197,-0.0002800387209146548
1548,154.8,-0.0013284740679307277,-0.0002478583871483701
1549,154.9,-0.0017219058070414492,-0.00014532456162569634
1550,155.0,-0.001360512916384036,-0.0002024291531150138
1551,155.10000000000002,-0.0011845322625868386,-0.0003250990295056378
1552,155.20000000000002,-0.001869699057240483,-0.0008981946135736691
1553,155.3,-0.0021187584697174226,-0.0007241985674598215
1554,155.4,-0.0015917369016563837,-0.00027426322395109716
1555,155.5,-0.0012099406845200728,6.592107131365283e-05
1556,155.60000000000002,-0.0012358659214324428,-4.668728926083456e-06
1557,155.70000000000002,-0.0009897856574742504,-0.0001435555876691152
1558,155.8,-0.0006589590982787486,0.00023556989141900793
1559,155.9,-0.0007985852875253263,5.4879768756654506e-05
1560,156.0,-0.000747352826301649,3.8074029562111627e-06
1561,156.10000000000002,-0.0010390294588261792,0.0003004448941323399
1562,156.20000000000002,-0.0015649206316655365,0.0002554106566850931
1563,156.3,-0.001403071110639946,0.00017371165933452218
1564,156.4,-0.00120537938517738,0.0001652128412886624
1565,156.5,-0.0012799649628484674,0.0005741598968490289
1566,156.60000000000002,-0.0010524512783711493,0.0007507895853287178
1567,156.70000000000002,-0.0006925229402646262,0.0004531079861052712
1568,156.8,-0.0008546409418494535,0.0005525303128778924
1569,156.9,-0.0009151372137457418,0.0005091479985213518
1570,157.0,-0.0006484559396240757,0.00018412571629463208
1571,157.10000000000002,-0.0003188609388004782,0.00021166741432244708
1572,157.20000000000002,-0.00032651853690238153,0.0004459011339831863
1573,157.3,-0.000295800106603108,0.0005156892603777578
1574,157.4,-0.00022819284752187055,0.00011327471706916118
1575,157.5,-7.647399304685008e-05,0.0003734154593354549
1576,157.60000000000002,-3.66369999833876e-05,0.00032455681997918285
1577,157.70000000000002,-0.00019061271674298104,0.00010621983151178177
1578,157.8,-8.07412011862149e-05,0.00013156301313919913
1579,157.9,-2.6862453079863793e-05,-0.00010080902982616852
1580,158.0,-6.586395822485168e-05,-0.00012079082967826724
1581,158.10000000000002,-7.859624734274846e-05,-6.062168684082036e-06
1582,158.20000000000002,0.00015336871562889647,0.00016479760521554104
1583,158.3,0.00033527566938262957,6.063619041448573e-05
1584,158.4,0.00014193081408731665,0.00016280549559594094
1585,158.5,-0.00028481457938165185,8.440124983850722e-05
1586,158.60000000000002,-0.0005741696165584343,-9.755652895485642e-05
1587,158.70000000000002,-0.000466987768299536,-0.0004312827684483032
1588,158.8,-0.0005580056841240207,-0.0005834714214032297
1589,158.9,-0.0004941457050356146,-0.0001422829954271369
1590,159.0,-0.00024210914519154174,8.17786292772541e-05
1591,159.10000000000002,0.00014773475971045186,0.00033019968421234096
1592,159.20000000000002,0.0001315473547089917,6.926133389759004e-05
1593,159.3,-0.00021457782213589075,-0.00020621613416340302
1594,159.4,-9.540524303572791e-05,-0.0005265593731312362
1595,159.5,0.00011419771973664294,4.134541109157657e-05
1596,159.60000000000002,0.00016962570080498272,0.0005070294916672868
1597,159.70000000000002,0.00010857330001127985,0.00024695381972488883
1598,159.8,0.00012437795393884635,-4.571888527509917e-05
1599,159.9,0.0003384837102559815,-0.00011443268002295278
1600,160.0,0.0002482665486519068,-0.00010228550762089871
1601,160.10000000000002,-7.745338284869782e-05,-5.2783671184424444e-05
1602,160.20000000000002,-8.711862227928283e-05,0.00019728603737581137
1603,160.3,1.767445494201619e-05,0.00013679991977715378
1604,160.4,8.289909834263123e-05,0.0001391546576878862
1605,160.5,0.00013407835061122038,0.000495117608144293
1606,160.60000000000002,0.00031800589914063294,0.0005080064337984178
1607,160.70000000000002,0.0003257134232208237,0.00027884838700005423
1608,160.8,0.0005310160615035597,0.0004964253583826725
1609,160.9,0.0009654429764139968,-0.00020398143415967593
1610,161.0,0.0009738905002218839,0.00017911667872002747
1611,161.10000000000002,0.0002600213896902816,0.0004333252405561264
1612,161.20000000000002,-0.00044331215877636235,-0.00020249452115310147
1613,161.3,-0.0005683110885335986,-0.0006784090876144186
1614,161.4,-0.00034138547035033126,-0.00037525826660700476
1615,161.5,-0.00012213144359064174,-0.00024409600729689512
1616,161.60000000000002,-0.00038577579107159526,-7.316052936304483e-06
1617,161.70000000000002,-0.000603466633413976,0.0001654373820809365
1618,161.8,-0.000486970252997382,8.97115016153895e-05
1619,161.9,-0.00031201339285821876,0.0003059538883735329
1620,162.0,-0.0002940475515474578,0.0007058378394276523
1621,162.10000000000002,-0.0003411785771752353,0.0007207921356684935
1622,162.20000000000002,-0.00027174804516711846,4.4150116669194504e-05
1623,162.3,-9.511340809193317e-05,-0.0003681379392444648
1624,162.4,-0.0004569664603747191,-0.0006708045511854285
1625,162.5,-0.0004993816630611047,-0.00026348206430276125
1626,162.60000000000002,-0.0005514153024333533,-0.000516558128320047
1627,162.70000000000002,-0.0005492486201996768,-0.0010931968170871807
1628,162.8,-0.0002082947469685298,-0.00035521106617331284
1629,162.9,0.00012351153027122716,-0.00021472901343487188
1630,163.0,0.0005854680828377135,0.00027663301627335184
1631,163.10000000000002,0.0009452076772855804,0.0002860312336441982
1632,163.20000000000002,0.0010259973344981517,0.0002602604245937764
1633,163.3,0.0009939126668486716,0.00043360954577474615
1634,163.4,0.0008730203845718883,2.5162566519828662e-05
1635,163.5,0.0006292551610822688,-0.0005855681000052839
1636,163.60000000000002,0.00016871619312852623,-0.00023328127772479792
1637,163.70000000000002,2.803643893879732e-05,-0.0002494698528819654
1638,163.8,0.0005895434424771144,-0.0004502373535034462
1639,163.9,0.0009762386418299799,-6.509500773019775e-05
1640,164.0,0.0008710797841902458,0.00017007507573240375
1641,164.10000000000002,0.00023519989517423108,-0.00017780753570684866
1642,164.20000000000002,-0.0002845513890657027,-0.0004327662175790771
1643,164.3,-0.00012104202106969443,-0.0005764155969423635
1644,164.4,0.0005554375412404509,-7.279340134763039e-05
1645,164.5,0.000827617029350234,0.0006190657610384352
1646,164.60000000000002,0.0005166972787240696,0.0004545965799727017
1647,164.70000000000002,0.00014014171088424086,0.0003570218236497777
1648,164.8,-0.0002767306349763818,0.00018375910921771075
1649,164.9,-0.0002135103405128776,9.5769813167119e-05
1650,165.0,0.0002801089088911682,-5.761727182006791e-05
1651,165.10000000000002,0.0006221474248353321,-0.00024404831456380436
1652,165.20000000000002,0.00026949257633777663,-0.0007669702900368252
1653,165.3,0.00023782418467739879,-0.0006937988797519762
1654,165.4,0.0005741869268125665,-0.0004245565334133335
1655,165.5,0.0005420504475419413,0.00017864818189370436
1656,165.60000000000002,0.000517355558105717,0.0004187758745417114
1657,165.70000000000002,0.0008508163678457244,0.000596193724295592
1658,165.8,0.0007673922166182342,0.0003789439015779544
1659,165.9,0.000292644465073739,-0.00028669295054022586
1660,166.0,0.00027731557026315846,-0.000642204859590899
1661,166.10000000000002,0.0009631049850226853,-0.0005736862158981218
1662,166.20000000000002,0.0008639552628365356,-0.0007215854962433846
1663,166.3,0.00023551239884530336,-0.0007003183780249556
1664,166.4,0.00031670961385517115,-0.0004385929490306003
1665,166.5,0.00048293818037385347,-0.0004491711852021057
1666,166.60000000000002,0.0002202657825353714,-0.0005818731512180636
1667,166.70000000000002,0.00018994474574150668,-0.0005713755454484274
1668,166.8,-0.0002209961288735564,-0.0005781766528385269
1669,166.9,-0.0007644267425661417,-0.0008458095380399634
1670,167.0,-0.000674484469969791,-0.0006740765032416504
1671,167.10000000000002,-0.000518614526296274,-8.946223339640268e-07
1672,167.20000000000002,-0.00029848794060963104,-7.692771556103984e-05
1673,167.3,-0.00020844499000493704,-6.725623263813817e-05
1674,167.4,-0.0005573884883922876,-0.00019496260062288242
1675,167.5,-0.0005450179013274417,-0.0004222553610256784
1676,167.60000000000002,-0.0002950462463497589,-0.0004939432306628713
1677,167.70000000000002,-0.0006390125940779173,-5.525390180061973e-05
1678,167.8,-0.0009421936950807357,0.000200380289564171
1679,167.9,-0.0006536521148640621,0.00019822697888944793
1680,168.0,-0.0003776522120038961,0.0002660498991463804
1681,168.10000000000002,-0.0004973271166906318,-0.00025537330405714256
1682,168.20000000000002,-0.0008444819951045137,-0.0006675181092884777
1683,168.3,-0.0007119333241009579,-0.000601131868372411
1684,168.4,-0.0002687723666082835,-0.0003098790248284574
1685,168.5,-5.5634064805110825e-05,-0.0005040711985731513
1686,168.60000000000002,0.0001793790650954923,-0.0007299994735124876
1687,168.70000000000002,0.0004640816366197856,-0.00048575519309070146
1688,168.8,0.0006359375303478214,0.00022045931452566113
1689,168.9,0.0006507514191077549,0.000452795061785729
1690,169.0,0.0005880983380256098,0.0006017758084142371
1691,169.10000000000002,0.00056922742166682,0.00036261283484709445
1692,169.20000000000002,0.0006070775845032144,0.0003271906992868554
1693,169.3,0.0005830702376584811,0.00046323384074799197
1694,169.4,0.0003973052482492926,0.000530190114040087
1695,169.5,0.0004548861507013519,0.0006729421064181195
1696,169.60000000000002,0.000711559724328238,0.0005005035050126764
1697,169.70000000000002,0.00042820244268821424,0.0001956853337330856
1698,169.8,0.0002685716294083051,-9.038568873078971e-05
1699,169.9,0.0005312998105824112,-4.562309709606963e-05
1700,170.0,0.0007350722291397522,0.0002590475704160172
1701,170.10000000000002,0.0009034489285292851,7.340383973515358e-05
1702,170.20000000000002,0.0005797397898949644,0.0005016628635045344
1703,170.3,-0.0002380230450340199,0.0004513018368907641
1704,170.4,-0.0009499762843149114,0.0005254400213393999
1705,170.5,-0.0011102634206455549,0.0003830611133807152
1706,170.60000000000002,-0.0009770044922724106,4.894963406918475e-05
1707,170.70000000000002,-0.000993129664987947,-1.5366721404636198e-05
1708,170.8,-0.0010185650788670955,-0.00021781749108164045
1709,170.9,-0.0008169397861352498,-0.00016004058514544533
1710,171.0,-0.0004974906761666126,-0.00015765391583257027
1711,171.10000000000002,-0.0006469881120834301,0.0007588470562115699
1712,171.20000000000002,-0.0008226558439287201,0.00022769897114185452
1713,171.3,-0.0007908731223807567,-0.000513272718392079
1714,171.4,-0.000691831732313759,-0.0005912057370857987
1715,171.5,-0.00080705214655959,-0.0006627868994610923
1716,171.60000000000002,-0.0008786035304451853,-0.00014205726901761486
1717,171.70000000000002,-0.0008646068367576172,0.0002748392086479136
1718,171.8,-0.0005932353274033657,0.00042381834444984507
1719,171.9,-0.0003806386733521684,0.0006601069012244611
1720,172.0,-0.0005524886167736164,0.0003144054681532872
1721,172.10000000000002,-0.00044071499092139814,0.000374003700807925
1722,172.20000000000002,-0.00018083848278230408,1.844152734033762e-05
1723,172.3,-0.0003032064041088801,-0.00011652803888276636
1724,172.4,-0.00031161423092135933,-0.0003652035939829204
1725,172.5,-0.0003060042694526701,-0.0005301521159475186
1726,172.60000000000002,-0.00045866613225412393,4.7315986064250404e-05
1727,172.70000000000002,-0.0002130449956598833,0.00024522598007760237
1728,172.8,0.00024782238094789126,0.00033133702540693867
1729,172.9,0.00020126498060932688,0.00013909937566072435
1730,173.0,-0.00031946580342031845,-8.554865430425856e-05
1731,173.10000000000002,-0.0007292116763314811,0.0003116234257742171
1732,173.20000000000002,-0.0006538220475763407,0.00029902085689650226
1733,173.3,-0.0005457910145445807,0.0003236124678366069
1734,173.4,-0.0005547317553675946,-0.00033519329880716295
1735,173.5,-0.0006864760793857524,-0.0004394639022951508
1736,173.60000000000002,-0.0007224574026447493,-0.0005307233010178423
1737,173.70000000000002,-0.0007667816235081159,-0.000630878274013994
1738,173.8,-0.0010552749274618017,-0.0007720383822378211
1739,173.9,-0.00131812677547105,-0.0009056864183661921
1740,174.0,-0.0013540544594550685,-0.00037058618109653805
1741,174.10000000000002,-0.001157694159183461,0.0004222491656384222
1742,174.20000000000002,-0.001005631849084379,0.000340613550256167
1743,174.3,-0.0009495624837701646,0.0003453373913371227
1744,174.4,-0.0009094919992132892,0.00011880571919411492
1745,174.5,-0.0009417763828961756,0.00012341979453761446
1746,174.60000000000002,-0.0010425666256002185,-0.0005187147734682959
1747,174.70000000000002,-0.0011119977132612558,-0.00010908377213886622
1748,174.8,-0.0008912001093361934,-0.00011421264844658299
1749,174.9,-0.0009159511392751767,-0.00030590158413246264
1750,175.0,-0.0010168877946369235,-0.0007466249519093644
1751,175.10000000000002,-0.0009354927049043678,-0.0010653128703202925
1752,175.20000000000002,-0.0005833839122161691,-0.0007422746100128321
1753,175.3,-0.00039796756153707817,-0.00010195714411362708
1754,175.4,-0.0003140381623151484,-0.00036302303839817675
1755,175.5,-0.00012921947396654502,-0.0003856365484576609
1756,175.60000000000002,3.193854299708824e-05,-0.0005684749580442309
1757,175.70000000000002,-0.0007313537293346249,-0.0004106503431587237
1758,175.8,-0.0012768574042280728,-0.0004308087343736021
1759,175.9,-0.0007666553229431761,-0.0005891432007068721
1760,176.0,-0.0002762750322548477,0.0002735512423717263
1761,176.10000000000002,-0.0002075776575038225,0.00039008195654546536
1762,176.20000000000002,-0.00039426905890540485,0.0001196505090400323
1763,176.3,-0.0006163959615581093,-0.0002318693187305491
1764,176.4,-0.0008309616207572418,-0.00044739030651762713
1765,176.5,-0.0011487926416569284,-0.0005333514245875583
1766,176.60000000000002,-0.0015713042675909415,-0.0003626161140525193
1767,176.70000000000002,-0.002104032345960334,-0.0001617093933898031
1768,176.8,-0.0020270665839460206,-0.0006673946847261137
1769,176.9,-0.0011987538731752297,-0.00019523332576480264
1770,177.0,-0.00042414740652036093,-0.0004893187559569259
1771,177.10000000000002,-0.00024149037137222046,-0.0005546689701730858
1772,177.20000000000002,-0.0006187517496179098,-0.0004369313480059157
1773,177.3,-0.0011153000397407299,-0.0008302930233973202
1774,177.4,-0.0015373568058407768,-0.0006194071551494899
1775,177.5,-0.0010939021888604023,-0.0003922133897760815
1776,177.60000000000002,-0.0003678066900085183,-4.985682781052889e-05
1777,177.70000000000002,-0.00013546259135122744,0.0003021142756962923
1778,177.8,-0.00028978979332545853,0.0005073558467016346
1779,177.9,-0.00022379671609556358,0.0004293707821606813
1780,178.0,-0.00013665808632457198,0.0002340913625331443
1781,178.10000000000002,-0.00024029191613571114,3.779033542545794e-05
1782,178.20000000000002,-0.00041287252455329327,-0.0004424162734469499
1783,178.3,-0.0004688716949776696,-0.00039589382362406405
1784,178.4,-0.0003492387767568847,-0.0009656552865671799
1785,178.5,-0.0005461602825830005,-0.0009649192184331304
1786,178.60000000000002,-0.001367643382499677,-0.0008827179495935749
1787,178.70000000000002,-0.0016442952743053777,-0.000517177463616623
1788,178.8,-0.0009475265497974489,-0.00011398195018653201
1789,178.9,-0.000614796472951855,-0.00011477964286531174
1790,179.0,-0.0010475983809450167,-0.0005544517936446324
1791,179.10000000000002,-0.0011577441060314118,-0.0005582877611488128
1792,179.20000000000002,-0.0008492112243230132,-0.0001495097470443194
1793,179.3,-0.0010744857125557213,0.0001510725805946529
1794,179.4,-0.0012257315793080148,0.00023559381713125337
1795,179.5,-0.0012452092950490895,0.0003570536040463704
1796,179.60000000000002,-0.0008682756162776776,-0.00016488417033369462
1797,179.70000000000002,-0.0002907373622316324,-6.74892389121683e-05
1798,179.8,0.0003569693417882051,0.0003312517793262817
1799,179.9,0.0004577976436218516,0.00014759135978395667
1800,180.0,0.00018297500049583464,-0.0003571999433457571
1801,180.10000000000002,-8.589409574469059e-05,-0.0006035105784290432
1802,180.20000000000002,-0.00023488726554523988,-0.00015439703140623614
1803,180.3,-0.00017741753943979383,4.875006822353145e-05
1804,180.4,0.0001352929254429587,9.868919015704398e-05
1805,180.5,0.00043638410219443933,0.0003135757291984802
1806,180.60000000000002,0.00045143259055096206,0.00039616386022569303
1807,180.70000000000002,0.00020192962663414922,0.0002835651851615507
1808,180.8,-8.404813444374577e-05,0.00033883414759060547
1809,180.9,-0.00030358865979887795,0.0001714905100422617
1810,181.0,-0.00034898117619148924,0.000231132350260786
1811,181.10000000000002,-0.0003773618412916612,-0.00022515260758517152
1812,181.20000000000002,-0.00043819540368310073,-0.00027224591143452183
1813,181.3,-0.0002559459690484564,-0.0003106006276227491
1814,181.4,-0.00012363281515860857,-0.00039402033463742755
1815,181.5,-0.00022932850894190272,-0.00012484204502336848
1816,181.60000000000002,-0.0002885124678629173,-0.0006780394835847063
1817,181.70000000000002,-9.518507041181686e-05,-0.0007030809865777838
1818,181.8,0.0001552754845581186,-0.00060027642855206
1819,181.9,0.00044009451574525285,0.00034095840762893406
1820,182.0,0.0004630638101491569,0.00019988748099591253
1821,182.10000000000002,0.00015366884250204285,0.00013605882809747996
1822,182.20000000000002,-0.000177649002749929,-0.00024885093907703624
1823,182.3,-6.171926029761525e-05,-0.0005210582531638758
1824,182.4,-0.00014954684132111843,-0.00068829787368235
1825,182.5,-0.0005697118985658161,-0.0003097978089688503
1826,182.60000000000002,-0.0004740916193133423,-0.00015869598175828143
1827,182.70000000000002,-0.00026394878809354546,-6.130493740283909e-05
1828,182.8,-0.00017850712968198816,-0.00018308823408933085
1829,182.9,-0.00038544269263457014,-0.00015408432885285505
1830,183.0,-0.0003743799723021995,-0.0005182949474661075
1831,183.10000000000002,0.00039418882143358935,-2.5585719509059066e-05
1832,183.20000000000002,0.0007410382586363254,-0.00030701085088390856
1833,183.3,0.0003044744891110087,-0.0004349387504450581
1834,183.4,-2.0585885727134073e-05,-0.00034944748548550083
1835,183.5,9.287791499191069e-05,-0.00030223858034741057
1836,183.60000000000002,0.00028416666761962297,-0.00025947777027319314
1837,183.70000000000002,0.0004047607561089241,0.0002490581175333015
1838,183.8,0.0002649751915683378,4.379194929696766e-05
1839,183.9,0.00048144814533521385,-0.00035495560225263823
1840,184.0,0.0005541535662637523,-0.00034985617701069273
1841,184.10000000000002,0.0007107372265352639,-6.502242365142372e-05
1842,184.20000000000002,0.0005887574960227168,-0.0002808385528864893
1843,184.3,0.0001908717766983018,0.00016209459116996633
1844,184.4,3.81157144985198e-05,-0.00020728965895056364
1845,184.5,0.0001988302494434292,0.0002939767111158109
1846,184.60000000000002,0.00046353270832120015,0.00045225008780967274
1847,184.70000000000002,0.0006308585672538979,3.152720944629802e-05
1848,184.8,0.00032045605955692596,-0.00031710394809746073
1849,184.9,-0.0002400527166453485,-0.0004106292572425004
1850,185.0,-0.0007305250870375705,-0.0004436403193689961
1851,185.10000000000002,-0.0005637431795303031,-0.0004161692256686327
1852,185.20000000000002,-0.0004911922751031032,-0.00030854948120888673
1853,185.3,-0.0009755999301879465,-0.00038234631158467575
1854,185.4,-0.0012893186816082594,-0.00041935161971167563
1855,185.5,-0.0014359390900026295,-0.00032052140281567057
1856,185.60000000000002,-0.0015806205265548538,-0.00045598490281995203
1857,185.70000000000002,-0.0016442835559941802,-0.00012522059620979242
1858,185.8,-0.0015502986398998422,0.00038473730581892575
1859,185.9,-0.0012078132955980318,1.7897523460450023e-05
1860,186.0,-0.0011783827479610255,-0.00024085272004320662
1861,186.10000000000002,-0.0016038417193894694,-0.0001817139938957527
1862,186.20000000000002,-0.0021233231751448234,-0.00010875134390245826
1863,186.3,-0.0023332154935160826,-4.750106459774245e-05
1864,186.4,-0.001742093908214826,0.00025076889433805637
1865,186.5,-0.0011875559897901473,0.0005343205287651994
1866,186.60000000000002,-0.0012547765199894727,0.0001706462111322762
1867,186.70000000000002,-0.001440975521509688,-0.0004678669307255465
1868,186.8,-0.001388416199244907,-0.00041581596309414907
1869,186.9,-0.0011968119848732367,0.000136762552581202
1870,187.0,-0.0014830555771910522,-3.1427372984954956e-05
1871,187.10000000000002,-0.0016978449739378548,-0.0004960441779711763
1872,187.20000000000002,-0.0016295297255233196,-0.00019124861162796345
1873,187.3,-0.0015509198927471212,-0.0006231750995036324
1874,187.4,-0.0013521311366308404,-0.00018101970791842593
1875,187.5,-0.0013930758276750508,-0.00011802673544738786
1876,187.60000000000002,-0.001157401176288194,-0.00013376955770101124
1877,187.70000000000002,-0.0004860291335481449,0.00033108348301539675
1878,187.8,-0.0006041853235073998,0.0004619413375001472
1879,187.9,-0.001520386047127989,-0.0002905482378289288
1880,188.0,-0.001841105896660244,-0.0004044871240942157
1881,188.10000000000002,-0.001274926528574063,2.3574776281981237e-05
1882,188.20000000000002,-0.0004263727144173241,-0.00016235808647151775
1883,188.3,-0.0003137697439283383,0.00024761501803790566
1884,188.4,-0.0006305804977860464,0.0003572536874307744
1885,188.5,-0.0009492981733878011,0.0002646905814844833
1886,188.60000000000002,-0.0012494702683627952,1.8664309175136308e-05
1887,188.70000000000002,-0.001229184635702422,-0.00030617542715319454
1888,188.8,-0.0007259176308071635,-3.546709555206251e-05
1889,188.9,-0.00017588044401704715,0.0003768052838751771
1890,189.0,2.5520073859163675e-05,0.0008549436721549059
1891,189.10000000000002,-0.0002953450779429381,0.0007154113133590833
1892,189.20000000000002,-0.0007821754605514646,0.00013716794634754012
1893,189.3,-0.0009356897113035266,-0.0006354605671529496
1894,189.4,-0.0012814446316022354,-0.0007490621238617849
1895,189.5,-0.0014603971275603815,-0.0008226546416639626
1896,189.60000000000002,-0.0009587123792986476,-0.0009336877363297075
1897,189.70000000000002,-0.0006146253818317924,-0.0009142814596498428
1898,189.8,-0.000616713441540383,-0.0007792991230005586
1899,189.9,-0.0007402747078690983,-0.00043583053518090595
1900,190.0,-0.0006705608299199265,3.059021738989526e-05
1901,190.10000000000002,-0.0005870483374101066,-0.0003234315530121798
1902,190.20000000000002,-0.0006211632202269909,-0.0006552976553053595
1903,190.3,-0.000428112934616431,-0.0005126031816165893
1904,190.4,-0.0004544169802302331,-0.00020794428869165996
1905,190.5,-0.0008834155679952594,-0.00031018913061110385
1906,190.60000000000002,-0.0009675485405985246,-0.00025537139049231297
1907,190.70000000000002,-0.0005446986854971398,-0.0003097815870907027
1908,190.8,-0.0006510929990286451,-0.000636400844551122
1909,190.9,-0.0008445825459861231,-0.0005784489130801373
1910,191.0,-0.001252431980553359,-0.0005698239212191025
1911,191.10000000000002,-0.0014613917225074536,-0.00013447472494689853
1912,191.20000000000002,-0.001242059069659915,-0.0002499902348169724
1913,191.3,-0.0007644180604722204,-1.3536301584024706e-05
1914,191.4,-3.17714636026612e-05,0.00041151480775657943
1915,191.5,4.1413893815967364e-05,4.1988032015253965e-05
1916,191.60000000000002,-0.0004590370241976959,-0.00029590189173684197
1917,191.70000000000002,-0.0009973972024993117,-0.00025681200362076263
1918,191.8,-0.0011614032925458709,4.9107200920199514e-05
1919,191.9,-0.0013111191216785482,0.00013127904279629595
1920,192.0,-0.0013597630573140675,1.2960705525498439e-05
1921,192.10000000000002,-0.0012516888399475641,-0.00027624668943922474
1922,192.20000000000002,-0.0016785353924578337,-0.0005969998862096878
1923,192.3,-0.0021239480802069557,-0.0007096115468796191
1924,192.4,-0.0020193028034658973,-0.000739324892523096
1925,192.5,-0.001758092678621047,-0.0007298769689320934
1926,192.60000000000002,-0.0016922644735261217,-0.0008910634499994277
1927,192.70000000000002,-0.0016927455828571894,-0.0003955227090828565
1928,192.8,-0.0016710263346539167,-0.000557556311805528
1929,192.9,-0.0018351986821816726,-0.0007960467851037388
1930,193.0,-0.0020494928365389757,-0.0009485494171053875
1931,193.10000000000002,-0.0020682310835893523,-0.00054406333171318
1932,193.20000000000002,-0.0018151111137338439,-0.000234663505703603
1933,193.3,-0.001600174335692136,-0.00034503252822077425
1934,193.4,-0.0011975909960600523,-0.0003068578056154476
1935,193.5,-0.0007829700550318632,-0.0001163919996020424
1936,193.60000000000002,-0.00033213385058573745,5.1937952571616646e-05
1937,193.70000000000002,-0.0002215303144029989,0.00012475012229040726
1938,193.8,-0.00031371337260404855,0.00011043446216657346
1939,193.9,-0.00047775641037187464,0.00012423531257555687
1940,194.0,-0.0004318037810274313,9.096682451984435e-05
1941,194.10000000000002,-1.0607909376087497e-05,0.000425655946942223
1942,194.20000000000002,0.0002991053523904625,0.00034512828461807866
1943,194.3,0.000376183824153255,0.0003392539798792351
1944,194.4,0.0002734660165641278,0.0002135763755482985
1945,194.5,8.497434381931218e-05,0.0005457115664300194
1946,194.60000000000002,1.3284334190168269e-05,0.00011766788083458126
1947,194.70000000000002,2.772188434860503e-05,0.00016281584805521865
1948,194.8,0.00042956607690160145,0.0005359856381455046
1949,194.9,0.0006961362168392813,0.0002800074760484253
1950,195.0,0.000636839452616708,0.00017983060853108543
1951,195.10000000000002,0.0009134580949874809,0.0003262626016149272
1952,195.20000000000002,0.0012958279617457558,0.00035015016231075026
1953,195.3,0.001480029198170558,0.0002443629598773729
1954,195.4,0.0014315504961722276,0.000204138460839377
1955,195.5,0.0011996155340711547,0.00023746838246312173
1956,195.60000000000002,0.00139124820185323,0.0004717639398579516
1957,195.70000000000002,0.0016508584338717808,0.0008229599258987963
1958,195.8,0.0014752309194271123,0.0006750070393089181
1959,195.9,0.0015473632944975261,0.0004399253742765927
1960,196.0,0.0018229716113909381,-0.00014877789349413036
1961,196.10000000000002,0.0015099123759038185,-0.000584078114340191
1962,196.20000000000002,0.0009617160114773657,-0.00016568707143799563
1963,196.3,0.000619616522187457,-6.855178969035881e-05
1964,196.4,0.0008138112357713735,0.00024656181383988823
1965,196.5,0.0011115810583098647,4.77698713476961e-05
1966,196.60000000000002,0.0007228928871170432,4.3896450007932456e-05
1967,196.70000000000002,0.00030444766656143263,-4.678464608091658e-05
1968,196.8,0.0001404726357522866,3.9198313402775677e-07
1969,196.9,-5.51631137945217e-05,9.142425910616075e-05
1970,197.0,-0.0002005001653976915,7.098320347399776e-05
1971,197.10000000000002,-0.0004610216130522371,3.943438149274937e-05
1972,197.20000000000002,-0.0005887068343034239,-9.588843720966259e-05
1973,197.3,-0.00037402422379309265,0.0003085240740298178
1974,197.4,-0.0003550239301359115,1.8199861983284557e-06
1975,197.5,-0.0006399824917085686,-0.00016152353217358914
1976,197.60000000000002,-0.000709251904242248,4.401509669177698e-05
1977,197.70000000000002,-0.0003632447412007591,-0.0002442096461024484
1978,197.8,-0.00030806751197752714,-0.0007082192250309103
1979,197.9,-0.000949767475955473,-0.001051588901542662
1980,198.0,-0.0014377286516599364,-0.0011224482815400602
1981,198.10000000000002,-0.0013869453661935153,-0.0006594128103832863
1982,198.20000000000002,-0.001615660671880118,-0.00011802523005746248
1983,198.3,-0.001993085740149074,-0.00032087286196058216
1984,198.4,-0.0016836164802893152,-0.00018854178691153514
1985,198.5,-0.0012333092133432755,-2.478772641090549e-06
1986,198.60000000000002,-0.0015220118616921503,0.000277366231997591
1987,198.70000000000002,-0.0021746279856594514,0.00037931350527609374
1988,198.8,-0.002370518155133967,-0.00028359236703057346
1989,198.9,-0.0019010052901064249,-0.0004306418916081141
1990,199.0,-0.0010270031526583884,-0.000643589666141241
1991,199.10000000000002,-0.0009849912688246949,-0.00042792604142875097
1992,199.20000000000002,-0.0012913170280051249,0.00027341388157670765
1993,199.3,-0.0010865830320301968,0.00033836799743786885
1994,199.4,-0.0009677326739181417,-0.00023688749971698413
1995,199.5,-0.0010035695594274874,-0.000764778314900287
1996,199.60000000000002,-0.0008988095996321013,-0.00047878865713516595
1997,199.70000000000002,-0.001382986846365815,-0.0011393661495650118
1998,199.8,-0.0015085961790617275,-0.0007597193215766935
1999,199.9,-0.0006726089739243149,-0.000114146944605662
2000,200.0,-9.813672909914445e-05,-7.557505940561775e-05
2001,200.10000000000002,-0.00013961782158032748,-0.0001125857270854274
2002,200.20000000000002,-8.260811278092714e-05,-5.258571573552543e-06
2003,200.3,-0.00024059603322827146,-0.0001589305513203055
2004,200.4,-0.0005473043027122779,-0.0009700726195249251
2005,200.5,-0.0001968392821591176,-0.0008466019289890506
2006,200.60000000000002,4.490130183083469e-05,-0.0003855348861694389
2007,200.70000000000002,-7.523609914724386e-05,-0.00014293475591920247
2008,200.8,-0.0006592545684691333,-0.000391998757350655
2009,200.9,-0.001031519866985259,-0.0002842674361375277
2010,201.0,-0.0006205521657912587,-0.00019080474006697153
2011,201.10000000000002,-0.0001281333043740397,-9.829701951801677e-05
2012,201.20000000000002,6.81096897987905e-05,0.0004998503657555507
2013,201.3,-4.7883246791493026e-05,-9.749309444315559e-05
2014,201.4,-0.0005479875137462125,-0.0005141899985439904
2015,201.5,-0.0006242878067931993,-0.00012247615091559388
2016,201.60000000000002,-0.00043043389357149564,-0.0005255778631530899
2017,201.70000000000002,-0.0008456457512721947,-0.00044746853838270844
2018,201.8,-0.0007159294107911356,-0.00014864511675160503
2019,201.9,-0.000136681095489884,0.00020396633714991934
2020,202.0,-0.0001790584015675058,-9.628267678771054e-06
2021,202.10000000000002,-0.0005068284277073516,-0.0004632297789654343
2022,202.20000000000002,-0.0007385355888729453,-0.0004928157323306461
2023,202.3,-0.0008789344441499997,-0.00044527021487886513
2024,202.4,-0.0005999822422864302,-0.0006752318241939787
2025,202.5,-0.00019264032777567932,5.246670832504647e-05
2026,202.60000000000002,-0.00010319693892181122,0.0004964986458913616
2027,202.70000000000002,-0.0005158157566104225,0.00021833198263142278
2028,202.8,-0.0008632587891639816,-0.0003726993790639671
2029,202.9,-0.0003537197062249247,-0.0003658313189381986
2030,203.0,0.0003987485119050921,0.00012835248488878955
2031,203.10000000000002,0.0003078324184883699,0.00015930669012690507
2032,203.20000000000002,-1.2980580482819031e-06,-0.0002826357839223796
2033,203.3,-0.00022586594503523998,-0.0007682053361960089
2034,203.4,-0.000498789838769399,-0.00017143173807850865
2035,203.5,-0.0002905453698586116,-2.1432371832962936e-05
2036,203.60000000000002,-6.583107032356289e-05,-0.00024294254800920982
2037,203.70000000000002,-0.0002648204834113764,-0.0005432531503665106
2038,203.8,-0.0007219911226190914,-0.00048349099932541793
2039,203.9,-0.0010279375992772578,-0.00035837399040672196
2040,204.0,-0.00043885555861313376,-7.44789818762571e-05
2041,204.10000000000002,0.00010912850235327447,9.467793048728027e-05
2042,204.20000000000002,-0.00019980575076875974,-0.00010020721510329486
2043,204.3,-0.0008711478710175007,-9.996629208740901e-05
2044,204.4,-0.0011608669664455785,-0.00010926389742190833
2045,204.5,-0.0008640045568580531,-0.00027104555160952876
2046,204.60000000000002,-0.0005108603094774048,-0.0007153842939363154
2047,204.70000000000002,-0.00046899022143198247,-0.0006518868902717662
2048,204.8,-0.0008205992810183919,-0.0011745756056926189
2049,204.9,-0.0010094346729225124,-0.0008200359344405749
2050,205.0,-0.0006107413766051047,-0.00014996097223045037
2051,205.10000000000002,-0.0004877112606422386,0.00015216888074471275
2052,205.20000000000002,-0.0005278952599535129,0.0004632755613014452
2053,205.3,-0.0003388614201290277,0.00047171729894406224
2054,205.4,-8.050451819184401e-05,0.0008122905540909984
2055,205.5,-5.1550754624111035e-05,0.0007299705687242163
2056,205.60000000000002,7.035336043192685e-05,0.0001469958877019592
2057,205.70000000000002,-1.0760859341160624e-05,7.115265477134915e-05
2058,205.8,-0.00013878732079836292,0.00039198903553476814
2059,205.9,-0.0001563344820721421,0.0001790146814112697
2060,206.0,0.00016596535687559712,0.0004147308391197047
2061,206.10000000000002,0.000529169072874434,0.00020880920324565328
2062,206.20000000000002,0.0004971322106298341,-6.343456566944876e-05
2063,206.3,0.00016945736060869826,-0.0005772358270026446
2064,206.4,-0.00040916454557902976,-0.000779562126919288
2065,206.5,-0.0005396437525527018,-0.000301602273574076
2066,206.60000000000002,-0.0002660325331974654,0.00038616436627498266
2067,206.70000000000002,0.0001782637225058983,0.0004898544756283008
2068,206.8,0.0002828323152026286,0.00024178021585725512
2069,206.9,0.00015289226549957958,0.00011662558415883392
2070,207.0,3.369425866217091e-05,5.45764212619131e-05
2071,207.10000000000002,5.9242174684283245e-06,-0.00024031709591539846
2072,207.20000000000002,-0.0001134022096332024,-2.129303833017735e-05
2073,207.3,-1.337805239372096e-05,0.0003487450146279964
2074,207.4,7.898005452484724e-05,0.0002854264848415457
2075,207.5,5.706315128201209e-05,-0.00017713797411113839
2076,207.60000000000002,0.0004578070550493861,0.00015290025593265642
2077,207.70000000000002,0.0006429463924575142,0.0001422308954605343
2078,207.8,0.00033699993390152945,6.927442359165668e-06
2079,207.9,0.0004292099360886982,0.00025103013691257065
2080,208.0,0.000382221284443926,0.0002390524566684468
2081,208.10000000000002,-0.0001400563888155054,0.00037680171377141785
2082,208.20000000000002,-0.000546793548236113,0.00023141880626635985
2083,208.3,-0.0005158256347480817,0.0003203450741363703
2084,208.4,-0.0005712020305787732,-0.0003073432009680614
2085,208.5,-0.0005825924018756402,-0.0004935918928659647
2086,208.60000000000002,-0.0007186509181254816,-0.0009057142683668893
2087,208.70000000000002,-0.0008820620289517397,-0.0004260387448884874
2088,208.8,-0.0006335799483667702,2.3649342242832903e-05
2089,208.9,-0.00017562477731803195,0.00024261190538656251
2090,209.0,-0.00011882765673910761,-0.00013085097172613034
2091,209.10000000000002,-4.1966065342832215e-06,-0.00043635111832396285
2092,209.20000000000002,3.0068164786977816e-05,-0.00014854710744829902
2093,209.3,-0.00020572166265665605,-0.00013435545850414422
2094,209.4,-0.0003751086377415813,-3.597618713839766e-05
2095,209.5,-0.0002874561507433029,0.00010472304588177918
2096,209.60000000000002,-0.0003631486310653384,-0.00020656228962756673
2097,209.70000000000002,-0.00012765495909555427,-0.0003017864866150092
2098,209.8,0.0001449786688777049,-0.00029871839665264824
2099,209.9,0.00035698558371073696,0.0001812974211264704
2100,210.0,0.0004608090411915324,-0.000366531539580845
2101,210.10000000000002,0.00027139262050664923,-0.0003822882813944964
2102,210.20000000000002,0.0004080224399620429,-0.0003926263459396677
2103,210.3,0.0006440019238656913,-0.0003822229529274761
2104,210.4,0.0004764533495399678,-0.00011292342556628569
2105,210.5,5.032101954382866e-05,-0.0006901595749619674
2106,210.60000000000002,3.8821051621379676e-05,-0.0004234496821928737
2107,210.70000000000002,5.790967784683151e-05,-0.0004759411374645191
2108,210.8,-0.00018768535901319194,-0.00037494399038187995
2109,210.9,0.00011819569514613917,-0.00045733352839372356
2110,211.0,0.0005049553712418301,-0.0007835054473203372
2111,211.10000000000002,0.00027653809717399785,-0.0006277101711302454
2112,211.20000000000002,6.049295342014578e-05,-3.488528511940214e-05
2113,211.3,0.0003217860023958478,-0.00011952700280305974
2114,211.4,0.00043150219459859934,-0.00015485498170067882
2115,211.5,0.00029842042461035895,9.510328555019138e-05
2116,211.60000000000002,0.00037826825683118546,-5.3453150432167846e-05
2117,211.70000000000002,0.0002849387454767374,-0.00042056578993584614
2118,211.8,-0.00016525844013234875,-0.0003081481619635483
2119,211.9,0.00010259668710010924,-0.0003002639164342702
2120,212.0,0.0006610596941363837,-0.00033275826840839615
2121,212.10000000000002,0.0007338254068248538,-5.0293625966536866e-05
2122,212.20000000000002,0.0008076577959302493,0.00012326171725409243
2123,212.3,0.0007859488110587388,0.0006606724658794189
2124,212.4,0.0005403898778755322,0.0006898487582026259
2125,212.5,0.0005169001711103363,0.0001237490555515247
2126,212.60000000000002,0.0007553746797978706,3.671781212514164e-06
2127,212.70000000000002,0.0011192473928866807,-0.0004890276402979936
2128,212.8,0.0013333642252740673,-0.0002374660430962719
2129,212.9,0.001426200533521037,-0.00021787295231988024
2130,213.0,0.0015839639813941462,-0.0002092045655244324
2131,213.10000000000002,0.0012775071699105411,0.0003809134603810017
2132,213.20000000000002,0.0005157005273935374,-0.0001328694165494536
2133,213.3,0.0003769431235247999,0.00015148625878712603
2134,213.4,0.0009998772862140884,0.00043420512615296417
2135,213.5,0.000972405420108006,0.0005399180645028917
2136,213.60000000000002,0.0005651979737135952,0.00023474735388825919
2137,213.70000000000002,0.0004329507048200886,7.941736948311735e-05
2138,213.8,0.0007628676346317628,0.00010194071898206598
2139,213.9,0.001220486666318014,0.00029807638549048424
2140,214.0,0.0009749750369317991,-6.645697595958683e-05
2141,214.10000000000002,0.00034186245764204125,1.4175944341246174e-05
2142,214.20000000000002,2.604462274601866e-05,0.00035956989880603016
2143,214.3,-0.00011599898444013363,0.00043505876314738675
2144,214.4,-0.0006407031034148407,0.00019217775817427458
2145,214.5,-0.00048268127730276235,6.665668049756958e-05
2146,214.60000000000002,0.0002443074206512568,0.0003365056077411901
2147,214.70000000000002,0.00031582108002987046,0.00010915879575056322
2148,214.8,-0.00029034794060799513,0.0002167283306611006
2149,214.9,-0.0005949674412322746,0.0003347122440327663
2150,215.0,-0.000328226723018845,0.0006304139895351405
2151,215.10000000000002,-0.00023048067988144897,0.0009029023300089211
2152,215.20000000000002,-0.00036915403739621103,0.0005271993901397119
2153,215.3,-0.0006012425417829129,0.0002435093138420198
2154,215.4,-0.0007774571103290548,0.0004152476048482946
2155,215.5,-0.0006724421686989194,0.0004437693178776565
2156,215.60000000000002,-0.0007254642050605316,0.0006330368509135447
2157,215.70000000000002,-0.0007919848597889738,0.00043742898584271265
2158,215.8,-0.000800786683344118,-0.00023746736469342533
2159,215.9,-0.0008448263027892972,-0.000521826113145921
2160,216.0,-0.0010816488724736785,-0.0005318864091062261
2161,216.10000000000002,-0.0014116904715772679,-0.0005227373409153672
2162,216.20000000000002,-0.0014827541734607336,-0.0005024838202335315
2163,216.3,-0.001090050595766292,-0.00034735561075504884
2164,216.4,-0.0007985798709499092,-4.662075061535747e-05
2165,216.5,-0.0008856267384287341,0.0003383100493579434
2166,216.60000000000002,-0.0006325219421521141,0.0007214788592963944
2167,216.70000000000002,-0.000224008791759186,0.00030295065278346586
2168,216.8,-0.0001321100786686302,-0.00015300407217439492
2169,216.9,-0.00035442743783824096,-0.00017711049333497155
2170,217.0,-0.000337663563851835,-0.0002377174553967921
2171,217.10000000000002,9.696583115218411e-05,-0.0003409596778036591
2172,217.20000000000002,0.00033164717346782286,-0.00021518670223269205
2173,217.3,0.00016957705962674939,-1.672678147607515e-05
2174,217.4,0.00032972684034527136,0.00025045637381975437
2175,217.5,0.00025472090299943006,0.0008004781421035666
2176,217.60000000000002,0.00020367161772127864,0.0005453936381372422
2177,217.70000000000002,0.0006314569380439275,0.0002225762245281067
2178,217.8,0.0007303982484948804,0.0001576166489809388
2179,217.9,0.0003147564007635696,-0.000262288614615703
2180,218.0,-5.210382901819457e-06,2.6993238918838483e-05
2181,218.10000000000002,0.0002301943474714795,9.454945003733168e-05
2182,218.20000000000002,0.00033106331345364383,0.00018316804339600927
2183,218.3,0.00012733854905766086,-6.864212002174531e-06
2184,218.4,-2.224474310555522e-05,-1.1411737419978311e-05
2185,218.5,-6.503735655103695e-05,-0.00027139112637883264
2186,218.60000000000002,0.0002524750426353831,-0.0003070553810382386
2187,218.70000000000002,2.0474739479993065e-05,-0.00011052699793022743
2188,218.8,-0.0003519427382375535,-8.789781468636396e-06
2189,218.9,-0.00036935418583616803,-0.0004200752071633023
2190,219.0,-0.0004513831065732051,-0.000602442265898959
2191,219.10000000000002,-0.0005274431667267225,-0.0006330262703584245
2192,219.20000000000002,-0.00032166888572567845,-0.0001486594545177329
2193,219.3,0.00020985739713546257,0.00018359747941708407
2194,219.4,0.0007462321192616253,9.824250173938077e-05
2195,219.5,0.0004727053518594778,0.00031818998656704336
2196,219.60000000000002,0.0003574009801538105,-0.00048610401899187
2197,219.70000000000002,0.0006961315191514229,-0.00033883405837433384
2198,219.8,0.0006822824014345804,0.0005138176438123645
2199,219.9,0.00025081341815559214,0.00011837782115831541
2200,220.0,-5.773957589857093e-05,1.899771080231369e-05
2201,220.10000000000002,0.00019900603317265993,9.900761438538088e-05
2202,220.20000000000002,0.0007121943140219317,0.00014744357864730353
2203,220.3,0.00042873719927093374,-0.0003172403623630595
2204,220.4,-0.0004536955764349596,-0.0006756570790494242
2205,220.5,-0.0004930837385256496,-0.00045217694745027914
2206,220.60000000000002,-0.000337184071361696,0.00010534985795436457
2207,220.70000000000002,-0.0003701540582734494,-7.88709470331229e-05
2208,220.8,-0.0005428385281016084,1.8937300773187452e-05
2209,220.9,-0.0008381184675382512,-0.00019034984898477227
2210,221.0,-0.0009270218312537869,-0.00015229788263132406
2211,221.10000000000002,-0.0009597054355454208,1.708235193229032e-05
2212,221.20000000000002,-0.0009960980072081889,0.00027656328060077993
2213,221.3,-0.0009269693898110874,0.0005800017400569372
2214,221.4,-0.0008053800288846566,0.00037860168684265133
2215,221.5,-0.0007286801755077825,-0.00013256229206197632
2216,221.60000000000002,-0.00039591307035920367,-0.00011431047066762969
2217,221.70000000000002,-0.00020981686053657232,-4.333516578990916e-05
2218,221.8,-0.0003172435040487564,0.0001796014437561504
2219,221.9,-0.0007402120368511873,0.00010235439108738637
2220,222.0,-0.0010435656894482212,0.00013880102245766984
2221,222.10000000000002,-0.001162742988986787,0.00027309486041507126
2222,222.20000000000002,-0.0012184896503477521,0.0002027334437542655
2223,222.3,-0.001018730623472269,0.00013468594718880116
2224,222.4,-0.0006201645788042388,0.00016008657307909363
2225,222.5,-0.0009284013883484258,0.00010102907419609236
2226,222.60000000000002,-0.001230841400777447,-0.0002366542967059132
2227,222.70000000000002,-0.001122197025011376,-0.0005913673458483651
2228,222.8,-0.0007509928289090138,-0.00039123426820974203
2229,222.9,-0.00056969506612648,-0.0005756267176394331
2230,223.0,-0.00042775048511467945,-0.0006029407866986808
2231,223.10000000000002,-0.0006108454157248464,-0.0007291431353101455
2232,223.20000000000002,-0.0007669847265934208,-0.0008273967612786324
2233,223.3,-0.0008226551944735245,-0.000891174190460694
2234,223.4,-0.001022781247869468,-0.00022119179389939954
2235,223.5,-0.001298041758245771,-0.0006159543055566588
2236,223.60000000000002,-0.001391817640267915,-0.0006187147757862289
2237,223.70000000000002,-0.0015265413166946676,-0.0003796902716445726
2238,223.8,-0.0017980595964157508,-0.00019238466525244746
2239,223.9,-0.0017807361981641789,-0.0002596942506816858
2240,224.0,-0.0015244178554824342,-0.00033295078974824346
2241,224.10000000000002,-0.0013829943338078295,-0.0003246620333258275
2242,224.20000000000002,-0.0013475754234318466,-5.82053288511692e-05
2243,224.3,-0.0013159904711170381,0.00036089820544512653
2244,224.4,-0.0013013002916140463,0.0007765908847982011
2245,224.5,-0.0010920732215032936,0.0006223866266531366
2246,224.60000000000002,-0.0005252627740252092,0.0007228955564002218
2247,224.70000000000002,-0.00020369721559042596,0.0003525926007349217
2248,224.8,-0.0007374445808691277,-0.00012098022870889798
2249,224.9,-0.0015304705690769157,-0.0005152390361827062
2250,225.0,-0.001477586945153777,-0.0007449014363642865
2251,225.10000000000002,-0.0010356833366766108,-0.00021621258209892675
2252,225.20000000000002,-0.0005987230003957161,-6.0431213406328285e-05
2253,225.3,-0.0006059921236785459,-0.00024039597522271925
2254,225.4,-0.0008631690379073515,-0.0005554296012007336
2255,225.5,-0.0008784629309670095,-0.00030191314057788224
2256,225.60000000000002,-0.0009284729864344679,-0.0003497623648916183
2257,225.70000000000002,-0.0015440575727006974,-0.00013844799235490348
2258,225.8,-0.0017979263072810075,-0.0006424347374532666
2259,225.9,-0.0012354039213354154,-0.000844995867506609
2260,226.0,-0.0007253752104172897,-0.0005810971048294569
2261,226.10000000000002,-0.0010452624864293503,-0.0008017448281245318
2262,226.20000000000002,-0.0014900767228524655,-0.0004789834839760707
2263,226.3,-0.001620398205852897,-0.00036196902506738303
2264,226.4,-0.0015840201150848403,-0.000357943070047309
2265,226.5,-0.001347954178522308,-0.00044723180751247814
2266,226.60000000000002,-0.0007180453538353515,-0.00021589006316916998
2267,226.70000000000002,-0.00030499764679034675,4.835184684070079e-05
2268,226.8,3.879177423558126e-05,-0.0003867940158938111
2269,226.9,0.000576193297908922,-0.0006074737663465271
2270,227.0,0.0006805357424411361,-0.0010238714089108921
2271,227.10000000000002,0.00042397937758349984,-0.000878937175446253
2272,227.20000000000002,5.802095684268928e-06,-0.0014096789692654467
2273,227.3,1.8097497339497828e-05,-0.001486204676656764
2274,227.4,0.0005448217473086642,-0.0010233454837901056
2275,227.5,0.000769203284650199,-0.0007672753961737576
2276,227.60000000000002,0.0006705738227314719,-0.0005288342393411141
2277,227.70000000000002,0.0007456801743126992,-0.0006870156270888637
2278,227.8,0.0006903137336583844,-0.00036819992127805356
2279,227.9,0.0006496620386078436,-0.00024000149674535443
2280,228.0,0.0005559134023771569,-0.0003360811187244862
2281,228.10000000000002,0.0004661329165337686,2.0332340274605437e-05
2282,228.20000000000002,0.0008246295091857694,0.0004698802784342706
2283,228.3,0.0007956936996371384,-0.00023373907153557364
2284,228.4,0.00013417113765045986,-0.0008174377388456996
2285,228.5,-0.00033645122775443465,-0.0013475163411993964
2286,228.60000000000002,9.72752298426209e-05,-0.0006150876250671281
2287,228.70000000000002,0.0007438559047510434,-0.0003503163141843093
2288,228.8,0.0011131460011807196,5.4506913130589686e-05
2289,228.9,0.0014009274350041201,-5.397601128472071e-05
2290,229.0,0.0016795360524387993,0.00019455628152947833
2291,229.10000000000002,0.0016781927211858298,-0.0002768745539501107
2292,229.20000000000002,0.0014081045308898383,-0.00039040908733797207
2293,229.3,0.0011317417229037318,-0.00021379318918696757
2294,229.4,0.0009957339715831598,-7.891936146473027e-05
2295,229.5,0.0012653930399973072,9.864282242602928e-05
2296,229.60000000000002,0.001359449944674641,0.0001575832574120359
2297,229.70000000000002,0.0010649806823969635,1.6796307191093634e-05
2298,229.8,0.000418956729969527,-0.0003401642224522387
2299,229.9,8.132653142809044e-06,-0.0006696847104568762
2300,230.0,0.0004349317629290556,-0.00015882745344527618
2301,230.10000000000002,0.0007490807379094157,6.9590982082976e-05
2302,230.20000000000002,0.0006234785780392635,0.00016190916639573477
2303,230.3,0.00043198013680588183,0.00030030917616672597
2304,230.4,1.0242394063991989e-06,0.00017255936036673341
2305,230.5,-0.00034871518240277847,2.5196478100525804e-05
2306,230.60000000000002,-0.00032903194897813254,-9.148412079783623e-05
2307,230.70000000000002,1.901692030463955e-05,-0.00018268517710406457
2308,230.8,0.0002233454793949182,-9.047392417408974e-05
2309,230.9,0.00020184825032589271,-2.0674000811313848e-05
2310,231.0,-0.00011815633919630357,-0.0004086658777933926
2311,231.10000000000002,-0.0003275757583927213,-0.0006963860019664397
2312,231.20000000000002,0.00026111978991262563,-0.0004136563266584558
2313,231.3,0.0005901982580338933,5.1782021864488125e-05
2314,231.4,0.0005462286696767813,6.727829850453817e-05
2315,231.5,0.0005922615960992125,0.00041851283792037675
2316,231.60000000000002,0.0006708025161012365,0.0003554158836043722
2317,231.70000000000002,0.0005567286470624916,0.00012003912911174664
2318,231.8,0.00035792738715906757,0.00014057455002233776
2319,231.9,0.00042270838429922254,-0.0006713243666547862
2320,232.0,0.0005450421996173556,-0.0005600225654027607
2321,232.10000000000002,0.0005500363568776568,0.0002210361200302071
2322,232.20000000000002,0.000512920407703559,-0.00021882208463414821
2323,232.3,0.0003077062521240094,-0.0003558896340048185
2324,232.4,0.0003384621707604465,-0.0001773354247169695
2325,232.5,0.00040958020008365656,-3.6978255319699686e-05
2326,232.60000000000002,0.00025927464024908496,-7.849037896539941e-05
2327,232.70000000000002,-0.0001071954805812143,0.00028641606847063005
2328,232.8,-0.00041083353688910093,0.0006015686565179351
2329,232.9,-0.00043524116717512173,0.00029984946457528626
2330,233.0,-0.00013203421084515384,-8.570235987311064e-05
2331,233.10000000000002,4.7602364738331676e-05,-1.5576913276429916e-05
2332,233.20000000000002,-0.00021283960307509468,-5.1029910982291476e-05
2333,233.3,-0.0005626558617454183,7.351775864694199e-05
2334,233.4,-0.0005915562150787925,-0.00016397306389837144
2335,233.5,-0.000276748636644311,-0.0005104055112222588
2336,233.60000000000002,0.00011600202209970495,-0.00022461289897346726
2337,233.70000000000002,0.0006071473489754468,0.0004821083044246962
2338,233.8,0.0007185029197997655,0.0005163444689302663
2339,233.9,0.0005113555676842524,0.00027485661984321714
2340,234.0,0.0005420162576999018,3.177517575515085e-05
2341,234.10000000000002,0.000841693824803194,0.0004422790129989623
2342,234.20000000000002,0.001229303786465922,0.0008676788737731491
2343,234.3,0.0011527250301507875,0.0006771953700685104
2344,234.4,0.0008969206784028175,0.0005286860335269269
2345,234.5,0.000585060485675202,0.0006328256411711783
2346,234.60000000000002,0.00040042962166341877,0.0004288221889019672
2347,234.70000000000002,0.0005098339318197676,1.6692196596860196e-05
2348,234.8,0.00048615214201896376,5.404356826533204e-05
2349,234.9,0.00020307382097627585,-0.00019674273242077536
2350,235.0,0.00018174221075559303,-8.38564460035849e-06
2351,235.10000000000002,0.0005015688337532906,-0.0002172689155907896
2352,235.20000000000002,0.0008062684245532687,-0.0002373227096261121
2353,235.3,0.000493587933519425,1.622933042690885e-05
2354,235.4,-0.0004350869272430227,8.831296863830107e-05
2355,235.5,-0.000903359386719187,3.9372552988480055e-05
2356,235.60000000000002,-0.00043000066499920185,-0.00038286338349954863
2357,235.70000000000002,-8.233228224224867e-05,-0.00042318270256035237
2358,235.8,0.00025526123009330564,-0.00022736446166850773
2359,235.9,0.00013822637511910562,7.13605184170992e-05
2360,236.0,-0.00036380526119142464,4.8610096078757455e-05
2361,236.10000000000002,-0.000938354007761406,-9.28969331389355e-05
2362,236.20000000000002,-0.0009550210765528257,-0.0005536907787689709
2363,236.3,-0.0005487165330116859,-0.0005750405251239193
2364,236.4,-0.0003086506470438819,-0.0005671207192154901
2365,236.5,-0.0001274330374679965,2.0096907213488088e-05
2366,236.60000000000002,-0.0003548332655559716,0.00048782851130154157
2367,236.70000000000002,-0.0004965308476114728,0.0004690180944538393
2368,236.8,-0.0002241456257420685,4.03878400382758e-05
2369,236.9,-0.00011859582707997472,-0.0003746386596542059
2370,237.0,-7.796764322752571e-05,4.443382208104903e-05
2371,237.10000000000002,-0.00013761886426172826,-0.00012424152041477947
2372,237.20000000000002,-0.0002392020218645688,0.00035655038444474787
2373,237.3,-0.00030446144416065813,0.00023029161718443603
2374,237.4,-0.0004946891540325948,7.114894890131269e-05
2375,237.5,-0.0005348240707819603,-0.000625497515731201
2376,237.60000000000002,-0.0005963603037729752,-0.000708949766600143
2377,237.70000000000002,-0.0011378144599128108,-0.00038611102946388003
2378,237.8,-0.0011863128403469135,7.745317969865253e-05
2379,237.9,-0.0008048815761694724,0.0005390946056104904
2380,238.0,-0.0004860414754017005,-3.563765370374226e-05
2381,238.10000000000002,-0.0004020374425896318,-0.0004992230035218376
2382,238.20000000000002,-0.00044842044295882673,-0.0004617263616045191
2383,238.3,-0.0004387158132616061,-0.000593643596088707
2384,238.4,-0.00045460667001405273,-0.0002761224424209775
2385,238.5,-0.000260512237982883,-0.0004920590308797197
2386,238.60000000000002,-1.5478598213632957e-05,-0.0002608929270526217
2387,238.70000000000002,0.00018217511389910236,-0.0001298386681958682
2388,238.8,0.0006376674795013389,-1.2954933319909921e-05
2389,238.9,0.0004813997119246891,-0.00016583643251242718
2390,239.0,1.226593951788104e-05,-0.0005544211074121071
2391,239.10000000000002,5.732649637541899e-06,-0.00022217879473284053
2392,239.20000000000002,0.00011448330811039574,0.0002596923876213127
2393,239.3,0.0001616815266541172,0.0003912257835585598
2394,239.4,0.000338286639021364,0.00010153385560711664
2395,239.5,0.0005248387676247458,-0.00026114547042513185
2396,239.60000000000002,0.0006682336848704748,-0.00036395170430603347
2397,239.70000000000002,0.0005018627611530005,-0.0006908498461160994
2398,239.8,0.00018842674969786195,-0.0011871935612785213
2399,239.9,0.00022990538044567518,-0.0008774221570576892
2400,240.0,0.0004608777064764259,-0.0007385928253794476
2401,240.10000000000002,0.0008446092302581776,-0.0006698143945509387
2402,240.20000000000002,0.0007914937974110875,-0.0004648921986029681
2403,240.3,0.00018990688755730512,-0.0001814221226415777
2404,240.4,-4.075113013951447e-05,-0.00028181190075314365
2405,240.5,-3.3576649932000706e-05,-0.0001514321229312481
2406,240.60000000000002,0.00011100808040827919,-0.00012089476479184857
2407,240.70000000000002,2.5035570533086873e-05,0.00027507737686460564
2408,240.8,2.3444371213625984e-05,-0.00021911751390245212
2409,240.9,-0.00015842599914493965,2.9014257430725815e-05
2410,241.0,-0.0006794904001091465,0.0004347046655938168
2411,241.10000000000002,-0.0010527582641490292,-0.0003205643749450709
2412,241.20000000000002,-0.0006854525592003524,-0.00026792797462569666
2413,241.3,-0.0006578029051744907,0.0002104447447887638
2414,241.4,-0.0012408966185339066,0.0003650221777997148
2415,241.5,-0.0014434690157846943,0.00016097531593114517
2416,241.60000000000002,-0.0010120153391902321,-0.0002743557400196432
2417,241.70000000000002,-0.0003941093956177539,-0.00040862096827224797
2418,241.8,-0.0004525717624120323,-0.0004521283728993004
2419,241.9,-0.0007802250047342639,-0.00029557854628025596
2420,242.0,-0.0006494437960005229,0.000288788955582312
2421,242.10000000000002,-0.0006681170417672301,0.0005323313973929695
2422,242.20000000000002,-0.0007440113536286661,0.0004640235475810508
2423,242.3,-0.000565771428872943,6.632970941985351e-06
2424,242.4,-0.00041612234162355507,-0.0006551115142954941
2425,242.5,-0.0002963706116295562,-0.0003306317051503129
2426,242.60000000000002,5.5384236202037005e-05,-0.00015320669568485613
2427,242.70000000000002,0.00025891523735732506,-0.00023168423521240485
2428,242.8,0.0003055872012626614,-0.00021905973712975583
2429,242.9,-2.506756096009443e-05,-0.0003679259168319117
2430,243.0,-0.00024036619979990207,-0.0005916466101462181
2431,243.10000000000002,-0.00012711900085215849,-0.0006712783538992288
2432,243.20000000000002,4.36008967637549e-05,-2.7540506765070693e-05
2433,243.3,-0.00023762412632880535,-0.00010912295644241258
2434,243.4,-0.0006106777251191066,-0.00033460939286179874
2435,243.5,-0.0006423888935923608,-0.0005109664321466218
2436,243.60000000000002,-0.0004969298458799882,-0.0004490686222806766
2437,243.70000000000002,-0.00033511585299706565,-5.104939744746206e-05
2438,243.8,-0.00023702858095541056,0.00039919418592757093
2439,243.9,-0.00039463100597032796,-2.19226539367725e-05
2440,244.0,-0.0005903139680554456,-0.00014205007678876074
2441,244.10000000000002,-0.0004090472183467191,-0.0007698621900606477
2442,244.20000000000002,-0.000320142460610764,-0.0006460767560494605
2443,244.3,-0.0007969606018257384,-0.0006253209737066374
2444,244.4,-0.0011820130065883937,-0.000496917328763749
2445,244.5,-0.0010797018753618,-0.00028058975622051387
2446,244.60000000000002,-0.0007972164960039008,-2.741270882589064e-06
2447,244.70000000000002,-0.00077906628536113,-0.00019318022027033384
2448,244.8,-0.0008174645716843082,-0.0006072345599224387
2449,244.9,-0.0004913597814672365,-0.0005894744915539859
2450,245.0,-0.0004199591351717195,-9.912935380293442e-05
2451,245.10000000000002,-0.0003643223138508045,-0.0003210361608418398
2452,245.20000000000002,-0.00010549697316283343,-0.0005646536902021669
2453,245.3,-0.00019628855275191802,-0.0007109534884877306
2454,245.4,-4.714516412105361e-05,-0.0005994279385216619
2455,245.5,0.0006049424110626117,-0.0006397554434202875
2456,245.60000000000002,0.0003980199948873669,-0.00018527982450919356
2457,245.70000000000002,-0.0002193486379720598,0.0002354919216273502
2458,245.8,-0.0003623781377606753,0.0004953171261618231
2459,245.9,0.00038678062031192176,0.0006018253132570422
2460,246.0,0.0010853057856332097,0.000886880774266644
2461,246.10000000000002,0.0006123768287674754,0.000837609293413341
2462,246.20000000000002,-0.00022299829225962147,0.00023248902842016203
2463,246.3,-0.0001843897067509915,0.00015234425153756753
2464,246.4,0.00016376118069547148,5.7840616037473456e-05
2465,246.5,0.000728831411683616,-0.00014566953609915865
2466,246.60000000000002,0.0012160184576104334,-7.803115238232754e-05
2467,246.70000000000002,0.0011726030673018279,0.00015395704913042033
2468,246.8,0.0010488373190909762,-0.00019495690608157583
2469,246.9,0.0010973398479760827,0.0004738195666939334
2470,247.0,0.001180678182062045,-2.9330877079899186e-05
2471,247.10000000000002,0.001027646108941558,-0.00045871348275396866
2472,247.20000000000002,0.00045333501609461785,-0.00031979327333018034
2473,247.3,5.329677288865485e-05,-0.00013682742174698722
2474,247.4,0.0003682487921452108,0.00015457538046825695
2475,247.5,0.001172675923482765,0.0003412240163051651
2476,247.60000000000002,0.0011362123711963208,-0.00024735263945445385
2477,247.70000000000002,0.0008094166926969854,-0.0002685894907648497
2478,247.8,0.0004352717624743081,-0.00023493837300137053
2479,247.9,0.0003475132443414096,-0.00047113675455541125
2480,248.0,0.00022858765242732336,-0.0006284899424673056
2481,248.10000000000002,-0.0003420854191549167,-0.00011142026320876895
2482,248.20000000000002,-0.0005105491305182645,-0.00011686090415586116
2483,248.3,-0.0001689458554273908,-0.0003142833061889744
2484,248.4,-3.299881922810726e-05,9.465406345532429e-05
2485,248.5,-0.0004806691420776601,9.138612388258763e-05
2486,248.60000000000002,-0.0008926540136431828,8.528380454422695e-06
2487,248.70000000000002,-0.0007261326816202745,6.426736915792553e-05
2488,248.8,-0.00032634994186096094,-0.0004321169677670498
2489,248.9,-0.0005195427102161795,-0.0008013632334746567
2490,249.0,-0.0010803723476284313,-0.0005360300341384033
2491,249.10000000000002,-0.0014736180397908446,-0.00030128182561444143
2492,249.20000000000002,-0.001263087845909076,-0.0001134493877996752
2493,249.3,-0.000989969029956631,-0.0002321814317468136
2494,249.4,-0.0010327889702310049,-0.0003441708066146237
2495,249.5,-0.0010503241664405788,-0.00016961791991516382
2496,249.60000000000002,-0.000671825966283063,-0.0001026997402891206
2497,249.70000000000002,-0.00018373085332651956,0.0003259127997979373
2498,249.8,-0.00023242430184354686,0.00027214570572496
2499,249.9,-0.00031053574966642705,0.00014857646213444902
2500,250.0,-0.00013621803187815397,6.388945045857146e-05
2501,250.10000000000002,0.0002955253584953474,-0.00044980876373776303
2502,250.20000000000002,0.0004812659546626388,-0.00013432414249865403
2503,250.3,0.00013875139995739796,0.0006550440533702437
2504,250.4,4.986076117452879e-05,0.00010546194883715588
2505,250.5,0.00028892345596542797,-0.0003726416544159564
2506,250.60000000000002,0.00010578487780709595,-0.00045678662050416995
2507,250.70000000000002,-0.00033727938851736347,-0.000507430855935498
2508,250.8,-0.0004190342808149765,-0.0007875966291068331
2509,250.9,-0.00026200880124163135,-0.0007545085587132843
2510,251.0,0.00021934342655086808,-0.00025500057025764944
2511,251.10000000000002,0.0003189971350119692,0.0003369837647805357
2512,251.20000000000002,0.0005627712170762167,0.00021274790179671895
2513,251.3,0.0008541787490963402,8.574484037674889e-06
2514,251.4,0.0006117094021856416,8.007813407753587e-05
2515,251.5,0.00019441566502527115,0.0004237072710144703
2516,251.60000000000002,0.0003591651462315921,0.0003762951654903226
2517,251.70000000000002,0.0009621000386634339,0.0009679712796285577
2518,251.8,0.0013744743416789964,0.0007562559529543287
2519,251.9,0.0013351788612861928,0.00041263807790241434
2520,252.0,0.0011471340054117977,-0.00013350292695844473
2521,252.10000000000002,0.0010810019439443208,-2.8089229813157536e-05
2522,252.20000000000002,0.0005506582335826914,0.00021495397130382948
2523,252.3,0.0005399532951078546,7.345499373249067e-05
2524,252.4,0.0008523984869182156,-5.288159763379719e-05
2525,252.5,0.0009205000295270044,0.00014795835178783748
2526,252.60000000000002,0.0006964667677958175,0.0007504147672000638
2527,252.70000000000002,0.0011208766229713707,0.001033429878321958
2528,252.8,0.0013691976032700602,0.0009069205955832781
2529,252.9,0.0008699010240723121,0.00012961638227816294
2530,253.0,0.0005912793642896803,-0.00031706033282202214
2531,253.10000000000002,0.0008743004721150644,1.0286348197307934e-05
2532,253.20000000000002,0.0006703204787035557,-0.00028523747971172746
2533,253.3,0.00043900533114937785,-0.00031124873682700644
2534,253.4,0.0003046964274084071,-0.0002630870326423427
2535,253.5,0.00019597369050354605,-9.726576835698672e-05
2536,253.60000000000002,3.500092729884746e-05,-7.736527894983558e-05
2537,253.70000000000002,-0.00027879823399786126,0.0002581609326737305
2538,253.8,-0.0002850040732735494,-0.0002997640551225763
2539,253.9,-9.7945856279462e-06,-0.0004411872882720594
2540,254.0,0.00045671489311430055,-0.0002572827069834714
2541,254.10000000000002,0.0001854687110280232,-0.00018090803618702841
2542,254.20000000000002,-0.00013246454688817415,-0.00016398542740054417
2543,254.3,-0.00015521109042457496,-0.0002736822634688566
2544,254.4,-4.385869209093713e-05,-0.0004866006341998443
2545,254.5,0.0002865078538231589,-0.0004616537302530563
2546,254.60000000000002,0.0008020524057687936,9.731222931932708e-05
2547,254.70000000000002,0.0009877005432994295,-5.551791726414413e-05
2548,254.8,0.000554145207568382,-0.0002802809814054013
2549,254.9,-1.7311055126652826e-05,-0.0010560594034695948
2550,255.0,-4.432684970753165e-05,-0.0007919827055028158
2551,255.10000000000002,0.0003801765479848292,3.228983940260843e-05
2552,255.20000000000002,0.00046053718387573556,-0.00020049516630447269
2553,255.3,0.000497849455432276,-0.0003072719657062418
2554,255.4,0.0002617401167949698,0.00018224498106147612
2555,255.5,-0.00029039689818341713,0.0005082266190835925
2556,255.60000000000002,-0.00016980108261489176,0.0007817747088994998
2557,255.70000000000002,9.714728383317655e-05,-0.0001685983901478715
2558,255.8,0.00037393708087910573,-0.00036532469565297797
2559,255.9,0.00013741658658863532,-0.00014229518990336828
2560,256.0,-5.5118605102066045e-05,-5.570562511001327e-06
2561,256.1,-2.7954632807814925e-05,-0.000142282439371308
2562,256.2,-0.00027285404849546703,-0.0003345028881339936
2563,256.3,-0.00035492155375266586,-0.0001165462017822816
2564,256.40000000000003,-0.00016323619498992076,-0.0004850252605819163
2565,256.5,-8.829225407106357e-05,0.00013419193671382145
2566,256.6,-0.00031832512312783524,0.0005891749510140603
2567,256.7,-0.0006152534798396926,0.00030899497087497
2568,256.8,-0.0006822044805704053,0.00028273327031086713
2569,256.90000000000003,-0.0006143299876738811,-5.8343995471579585e-05
2570,257.0,-0.0004796622356201244,0.0001716538442970858
2571,257.1,-0.00016040511381013576,0.00012370857685040906
2572,257.2,-0.0003168772541017378,0.0002861014949538764
2573,257.3,-0.0005186229129619993,4.641099797453773e-05
2574,257.40000000000003,-0.00047302855653230105,-0.00018455857583620126
2575,257.5,-0.000495274836819828,1.5498903098524528e-05
2576,257.6,-0.0006844144905252742,8.193973774378947e-05
2577,257.7,-0.0009228931282811577,-3.046692683088751e-05
2578,257.8,-0.001050150954327015,-0.0002350867733096155
2579,257.90000000000003,-0.0005788522825730494,9.72538287766143e-05
2580,258.0,-0.0002731009551160643,-0.0004885172778328445
2581,258.1,-6.201619123607259e-05,-0.0004155569810016555
2582,258.2,0.0004119798212604136,-2.635773396131036e-06
2583,258.3,7.848429161630152e-05,-0.00012977066811584853
2584,258.40000000000003,-0.0002824554308056193,-6.01397287249451e-05
2585,258.5,0.00026749482166674404,0.00026639109305660457
2586,258.6,0.0008000472185714888,0.0005398121239244304
2587,258.7,0.0009905324929552434,0.00035068790528503565
2588,258.8,0.001124327723531751,-9.694800381967406e-05
2589,258.90000000000003,0.0011404201525107298,-0.0002463059999323272
2590,259.0,0.0012325821561171484,0.00019802771762313708
2591,259.1,0.0008127428019289767,0.00023827070151976717
2592,259.2,0.00021834320425940124,0.0004880130537640418
2593,259.3,6.33990907056817e-05,0.0003113757235481894
2594,259.40000000000003,0.00011383227357711516,-3.297098429684442e-05
2595,259.5,0.0003016002687845783,-0.0005416547812119077
2596,259.6,0.00027671152471955157,-0.000580367040797699
2597,259.7,0.00025890183639440623,-0.0006721715777569628
2598,259.8,0.0006873638252779121,-0.0002110195628287823
2599,259.90000000000003,0.0011846343928135362,-0.0002527195164901992
2600,260.0,0.0012544715839527087,6.84257615424236e-05
2601,260.1,0.0009943766585085293,-0.00031431045735278357
2602,260.2,0.0008223688819550607,-0.0001848491562176675
2603,260.3,0.0006499500129765664,-0.0006270876854863376
2604,260.40000000000003,0.0006889548428532271,-0.0007263424903350605
2605,260.5,0.0012854939007655541,0.00019495740438343407
2606,260.6,0.00146757995436111,-1.1034622611918054e-05
2607,260.7,0.001202590765074126,4.8428437639714864e-05
2608,260.8,0.0009866765249514056,1.0240711749585136e-05
2609,260.90000000000003,0.0008860807616521644,-1.8530315772109707e-05
2610,261.0,0.0007764084478525375,-1.0864958896744171e-05
2611,261.1,0.0007110211654805721,-0.00016612376948033463
2612,261.2,0.0010100782308497004,0.00021748780891037967
2613,261.3,0.0014192169774793833,0.0004894351655537906
2614,261.40000000000003,0.0014071727043963025,0.0005250866514830649
2615,261.5,0.0009663839692173599,0.0002143385214642275
2616,261.6,0.0004339563741171676,-2.804781550618221e-05
2617,261.7,0.00012175677964564032,-7.028042399222429e-05
2618,261.8,5.665919465915976e-05,-0.0002297670654329651
2619,261.90000000000003,0.00015706334523743978,-0.0004766290876754391
2620,262.0,-0.0002401188026626248,-0.0003913806589054204
2621,262.1,-0.0008097963152478021,-0.0003172484509712154
2622,262.2,-0.0010579356761167768,-0.00019073006757308722
2623,262.3,-0.001078190140090609,-0.00035396152794675876
2624,262.40000000000003,-0.0010924712226677252,-0.00017907320841028255
2625,262.5,-0.0007360181438984685,-6.888177778315974e-05
2626,262.6,-0.0005251349291051945,-5.7050445617211985e-05
2627,262.7,-0.0007043101198187884,-0.00014522923799951655
2628,262.8,-0.0011076710139075446,-0.00010762408013658188
2629,262.90000000000003,-0.0007756051372512056,-0.00044972029322657537
2630,263.0,-0.00019743191543227897,-0.00019534199294110553
2631,263.1,-0.0003104337629932912,7.563709728578373e-05
2632,263.2,-0.0007688338728609281,-0.00017444506270437765
2633,263.3,-0.0008683525163855394,-0.00038457844412773806
2634,263.40000000000003,-0.0010072705795633552,-0.0003861283518526566
2635,263.5,-0.0009932011545496955,-8.458803585783502e-05
2636,263.6,-0.0002979130041840701,0.00020040190304963389
2637,263.7,0.00014591786657163673,-0.00032760443572283846
2638,263.8,-0.00019847798874130288,-0.00016434167691799066
2639,263.90000000000003,-0.0005466761397839579,-2.8721093060797222e-05
2640,264.0,-0.0005032716173874025,-0.0002646260035923462
2641,264.1,-0.00018264388711990934,-0.0002938022847802122
2642,264.2,-0.00017726054520192527,-0.00016259935729325987
2643,264.3,-0.0006805793654667947,-0.0003971533550618528
2644,264.40000000000003,-0.000848266475259001,-0.0006289827449783974
2645,264.5,-0.0007042740692858719,-0.00019994465916001167
2646,264.6,-0.0006131085113267676,-7.765278661940586e-05
2647,264.7,-0.000739883481761521,-0.00016387455827892173
2648,264.8,-0.000751872416763967,-3.9926395604003525e-05
2649,264.90000000000003,-0.0005757855488810192,0.00012801553509383313
2650,265.0,-0.00030325054021529955,-0.00017180961773727735
2651,265.1,-0.0003413492455444981,0.00042957276308760035
2652,265.2,-0.0005063413313661038,-0.0002593501313423957
2653,265.3,-0.0003608856372664509,-0.00031386561602461655
2654,265.40000000000003,-0.0002828207077005586,-0.00045159068469028735
2655,265.5,-0.00026891876808172413,-0.00027274824475191287
2656,265.6,0.00013355344463513084,0.00031662530144455325
2657,265.7,0.0005872669954217293,0.000635176974970464
2658,265.8,0.0003052353876934487,0.0006887657612750122
2659,265.90000000000003,-2.3660487809663168e-05,0.00041963697128845606
2660,266.0,5.890648153243988e-05,-0.00029273640551033704
2661,266.1,-5.514291315627355e-05,-0.0004883653157034489
2662,266.2,-0.00012105824328970395,-0.0003968675888849831
2663,266.3,0.00011759428515694897,-0.0005998621404969794
2664,266.40000000000003,8.828166639708399e-05,-0.0003882350112653528
2665,266.5,0.0003386417671931437,-0.00013602232869633436
2666,266.6,0.00036775204524436777,-0.00011965538168644202
2667,266.7,4.092111012861168e-05,0.00020876009464225977
2668,266.8,-0.0004351740221624426,9.939599073522142e-05
2669,266.90000000000003,-0.0005290825828806179,-4.5417235376577565e-05
2670,267.0,-0.000116653323013487,-9.386052227232149e-05
2671,267.1,7.310671475016663e-05,-9.415679794286201e-05
2672,267.2,-0.0006999203320716349,7.7014582265521e-06
2673,267.3,-0.0012994148341745264,-0.0005514440648583261
2674,267.40000000000003,-0.0011573395976744638,-0.00046778042227780647
2675,267.5,-0.0008772448471881658,0.00016572480357862092
2676,267.6,-0.0006562130489986708,-6.0431486297899245e-05
2677,267.7,-0.0005565199527224463,0.00015421720937317093
2678,267.8,-0.0005222274519258587,-5.6026938642037924e-05
2679,267.90000000000003,-0.0009558819006127081,-0.0008408180599087533
2680,268.0,-0.0014406851646464832,-0.001129566541721529
2681,268.1,-0.0012878622933174856,-0.0004152250962382113
2682,268.2,-0.0012630376141298282,-0.00027315610978617856
2683,268.3,-0.001524327924114793,-0.00022442917892574664
2684,268.40000000000003,-0.0015805988522418712,2.3532938101768115e-06
2685,268.5,-0.0011469216880949198,1.2443997844588688e-06
2686,268.6,-0.0008999474921244726,-0.00030754734592323247
2687,268.7,-0.0007824685001587653,-0.0002332438241711724
2688,268.8,-0.0006701512028552071,-0.0001754565620249589
2689,268.90000000000003,-0.0005324480806110717,-7.314523849051844e-05
2690,269.0,-0.00013860795916338138,-0.0002959380657145189
2691,269.1,0.00017724041944635488,-0.00012522512415625556
2692,269.2,4.0958831457825045e-05,-0.000126044987151424
2693,269.3,1.328391771422022e-05,3.5726011403756767e-06
2694,269.40000000000003,0.00019629804513066453,0.00012513642800960462
2695,269.5,0.00037896292379908627,0.00046091996086365303
2696,269.6,0.0006948412073833342,0.00040461997148073505
2697,269.7,0.0012121619342817965,0.00047776137018800996
2698,269.8,0.0013442852489411112,0.0002232220616527075
2699,269.90000000000003,0.0010602465711685618,-0.00021707974807956868
2700,270.0,0.0010661136831959172,0.00029496107032345046
2701,270.1,0.0015709045900708187,0.0002715135477520261
2702,270.2,0.0018360822687191185,-0.0001753776362487758
2703,270.3,0.0017431475921426758,-0.000303933755329228
2704,270.40000000000003,0.0020984441750475312,-0.00034871035199917613
2705,270.5,0.0023866195978817866,-2.2624919197314248e-05
2706,270.6,0.002460605572574435,0.0008015303432923107
2707,270.7,0.0022479713565135926,0.0005492567735226007
2708,270.8,0.0019884963709977358,0.0003904377032081383
2709,270.90000000000003,0.0015805161824990652,2.0732960755214237e-05
2710,271.0,0.0010603752703587592,-0.00029502970239153543
2711,271.1,0.0009748330391187875,0.00015420383731059686
2712,271.2,0.001008817850603602,5.3586492693607156e-05
2713,271.3,0.0006040449088244096,-0.00010372136287469292
2714,271.40000000000003,0.0003020331000001266,0.000495451561818
2715,271.5,0.0006525210093802191,0.0003544219968144387
2716,271.6,0.0009852508853449944,0.0005076777214426852
2717,271.7,0.0005535159726576707,0.0002388361832006831
2718,271.8,0.00031235368419444884,-0.00019339296706738504
2719,271.90000000000003,0.0003856013334599528,-1.5655772325419135e-05
2720,272.0,0.0002662433592300622,0.00011830264206968542
2721,272.1,-2.959760930602386e-05,0.00020962919658017848
2722,272.2,-8.537503313149072e-05,0.00010786314980208219
2723,272.3,2.7914224055739352e-05,9.183273091343611e-05
2724,272.40000000000003,-4.228084834256814e-06,-1.2035495368436542e-05
2725,272.5,-0.00021511776301602677,-0.00019556924561843952
2726,272.6,-0.00033821424042061786,-0.00027094326217365583
2727,272.7,-0.00029899376407296327,-3.921480618459309e-06
2728,272.8,3.8912215657476865e-06,-0.000284712982324986
2729,272.90000000000003,2.3780212549208278e-05,-0.0007500959165361999
2730,273.0,-0.0002082919217241741,-0.0005556443635032111
2731,273.1,-0.0007850485684236129,-0.00040021702373229913
2732,273.2,-0.0010904149950869831,-0.0010450086337856091
2733,273.3,-0.0005997147132640946,-0.0007234707482467608
2734,273.40000000000003,-0.000585158235838905,-0.0002346126970417408
2735,273.5,-0.0009002754289550349,-4.8844450387318615e-05
2736,273.6,-0.001017237448205812,-0.00026815201409807033
2737,273.7,-0.0008835762990257669,-0.0004832869267083102
2738,273.8,-0.0006390775069231279,-0.0007293491636545363
2739,273.90000000000003,-0.0008308806860379727,-0.0008374251149130109
2740,274.0,-0.000857461874353713,-0.0007321164277044122
2741,274.1,-0.000568370319428289,-0.00028994185144813796
2742,274.2,-0.00047494778317531337,-0.00021085154691200068
2743,274.3,-0.0006689188956935073,-0.00030687774271142523
2744,274.40000000000003,-0.0008728794029975495,-0.0003401069734740223
2745,274.5,-0.0011072411240524624,-0.00040091158873831553
2746,274.6,-0.0011083962550271903,-0.0004001039778779332
2747,274.7,-0.0010719360895118726,-0.00019284518364112726
2748,274.8,-0.0003204882388030439,-0.00012082266345226588
2749,274.90000000000003,0.000319585116939619,0.00017961072355016935
2750,275.0,0.00025675891912027094,0.0004109114064509863
2751,275.1,-6.616706906020675e-05,-0.00022681522035903552
2752,275.2,2.7552699695108916e-05,-0.00010386355440930215
2753,275.3,0.0006886438090580258,-5.235804287152503e-06
2754,275.40000000000003,0.0012449268243822347,0.00042113860106429197
2755,275.5,0.0010474330586436205,0.0007970962935483941
2756,275.6,0.000792630241808128,0.0008677519051302342
2757,275.7,0.0008603589718916757,0.00047220546659553387
2758,275.8,0.0010953986029365208,0.00026915532049252757
2759,275.90000000000003,0.001145070577980472,0.0007408602469298087
2760,276.0,0.0009894015640691857,0.00030741861697307794
2761,276.1,0.0008675792953264927,-0.00018982486530933165
2762,276.2,0.0008105401382034956,-0.0003883905631316599
2763,276.3,0.0005984147316877042,-0.00040041881239686385
2764,276.40000000000003,0.00017572824474781256,-0.0003171263335927903
2765,276.5,-0.00012721658532622977,-0.0007625372032355721
2766,276.6,-4.9875414142568186e-05,-0.0007579799457929223
2767,276.7,0.00017697176984533006,-0.00041159826374869064
2768,276.8,-4.529782854872017e-05,-0.00036792864841591336
2769,276.90000000000003,-0.0006035840577853664,-0.0003802607678861995
2770,277.0,-0.0008726411278104114,-0.00037036524883556055
2771,277.1,-0.0011883513491854,-1.3612427333577783e-05
2772,277.2,-0.0009146860574680615,-8.378842884783453e-05
2773,277.3,-0.0004896415017098142,-1.044460950261447e-05
2774,277.40000000000003,-0.0004517830209857663,-0.00011221832725718839
2775,277.5,-0.0003242497985349512,-0.0002660299003964975
2776,277.6,-3.9048419461361935e-05,-0.0005052684609735252
2777,277.7,-0.0001842675285510675,-0.00035227140559667135
2778,277.8,-0.0004478145997023552,-4.137007286144049e-05
2779,277.90000000000003,-0.00040554656721291293,-0.0002003738015031794
2780,278.0,-0.0001923292576001408,0.0003707086227955175
2781,278.1,0.00015535588893127593,8.780900048447016e-05
2782,278.2,-0.00022174970523631692,-0.0005814084863599889
2783,278.3,-0.0006074733884317282,-0.0003934768426245362
2784,278.40000000000003,-0.0006277130696752273,-4.631559763547383e-05
2785,278.5,-0.0004396948138392744,-0.0001498005236374982
2786,278.6,-0.000530420974225847,-0.00011829399516994875
2787,278.7,-0.0011228774924162356,-0.0004016627634695678
2788,278.8,-0.0010785832702001246,-0.0005835749847363819
2789,278.90000000000003,-0.0006699376489744134,-0.0006568343291795006
2790,279.0,-0.0007610490092836382,-0.0006944984788343349
2791,279.1,-0.0010651420298387964,-0.0005548241211349135
2792,279.2,-0.000742551071190371,-0.0006238855600279859
2793,279.3,-0.0001721071201106661,-0.0005252378820167332
2794,279.40000000000003,6.666729490106718e-05,-0.0006285438583007412
2795,279.5,-0.00024185108713297573,-0.0009547163305247421
2796,279.6,-0.0006093093399127456,-0.001050745516521129
2797,279.7,-0.0007264523192240392,-0.00013605177699182008
2798,279.8,-0.0007103357731618827,8.430176015721309e-05
2799,279.90000000000003,-0.0008469817981318334,0.00016586053758641783
2800,280.0,-0.0013481564116956896,0.00017642835337892601
2801,280.1,-0.001769677819455596,-0.00035945129434449013
2802,280.2,-0.0016489046392362575,-0.00044483357072330293
2803,280.3,-0.0013882631163432912,0.00023499228626702167
2804,280.40000000000003,-0.0011782457386221132,0.00048300102792818916
2805,280.5,-0.0012709334132847197,0.00037683721843873394
2806,280.6,-0.0016442795165762952,0.0002947926760931466
2807,280.7,-0.0015915368733721942,-0.0003220777795019998
2808,280.8,-0.0011602860195905357,-0.0005629482530164882
2809,280.90000000000003,-0.0011284812283656645,-0.00030927149565637295
2810,281.0,-0.0013531178310339032,-0.0005269539371687288
2811,281.1,-0.0015092647316979578,-0.00033371171117926206
2812,281.2,-0.0014922730529339987,-0.00010546911810135479
2813,281.3,-0.0015716037699211795,-4.633106824939788e-05
2814,281.40000000000003,-0.0015124407796904113,-0.00027593108820709846
2815,281.5,-0.0012440237684385373,0.000572200899144708
2816,281.6,-0.0011762476167838979,0.0007281283604730717
2817,281.7,-0.0017035373466928597,0.00022910026163829944
2818,281.8,-0.0019432266867541032,5.410221908183668e-05
2819,281.90000000000003,-0.001857521847992823,0.00017045337091181893
2820,282.0,-0.0017722087791481862,0.000479975648370912
2821,282.1,-0.0013688999066564056,0.00032325655986126754
2822,282.2,-0.0009146411842698159,0.0004224266679583868
2823,282.3,-0.0005589015728287905,0.0005531409854690267
2824,282.40000000000003,-0.0005181313106018134,0.00047614108132957916
2825,282.5,-0.0008541740412421839,-0.00015222619687585973
2826,282.6,-0.0008904099997755823,-0.00011877918875809395
2827,282.7,-0.000765697660144,0.0005287339882453241
2828,282.8,-0.0008418065722445184,0.0005998519177062595
2829,282.90000000000003,-0.0006146803443499905,0.0002879528844883484
2830,283.0,-0.00034067530921551585,-0.00011276690922459127
2831,283.1,-0.0003897022975935384,-1.4176091538359516e-05
2832,283.2,-0.0008681620105874417,0.0002322557191210715
2833,283.3,-0.0013514353651713819,-0.0003445992346099222
2834,283.40000000000003,-0.0011161716614178456,-0.0003237314813802834
2835,283.5,-0.0006368830211398293,0.00011596084923116298
2836,283.6,-0.0007743769193691839,0.00033177840304443726
2837,283.7,-0.0012120841768119026,0.00023135965045278817
2838,283.8,-0.0012176080352555192,-0.00025896621020620586
2839,283.90000000000003,-0.0008305945883824524,-0.00018880404714433514
2840,284.0,-0.0007169353295299619,0.0003192303703157025
2841,284.1,-0.0005527060804157589,0.0005115410464723268
2842,284.2,-0.000282719715183367,0.00022446805543685578
2843,284.3,0.00017692282431558965,0.00033590514927458884
2844,284.40000000000003,0.0002048593680960092,9.672720694772482e-05
2845,284.5,-0.00015345175521062684,7.790740194608012e-05
2846,284.6,-0.00023221035910359663,0.00020983735712933892
2847,284.7,-0.00015650771049778513,-0.00017881383161713794
2848,284.8,-0.00012080424296530372,-2.1958657499282703e-05
2849,284.90000000000003,-0.00025734199010413286,0.00013174115133607485
2850,285.0,-0.0003987925276049176,0.00012955553559414713
2851,285.1,-0.0007012521013610089,0.0004951442660812302
2852,285.2,-0.0009544344173024499,0.0008554754803217822
2853,285.3,-0.0009420333458376946,0.00017227834735496106
2854,285.40000000000003,-0.0011989301779246082,-0.0001826073178096422
2855,285.5,-0.0015948776354329194,-0.00032070716055675126
2856,285.6,-0.0013165614025796178,-0.0004329886995914013
2857,285.7,-0.0008759822529255568,-0.00016693967846215468
2858,285.8,-0.001007980763090795,-0.0004855224799508756
2859,285.90000000000003,-0.00153151383552066,-0.0002873723127397387
2860,286.0,-0.001274589291724573,-0.0002984766271000389
2861,286.1,-0.0008219849989084788,-0.00020811176659358315
2862,286.2,-0.0009470388529047727,-0.0005164975174948233
2863,286.3,-0.0007470338410170076,-0.0008398291950777947
2864,286.40000000000003,-0.00035612207780019993,-0.0007203869607840054
2865,286.5,-0.0002042709417032047,-0.0002430794987177546
2866,286.6,-0.0004887004753817611,0.00012540404961181966
2867,286.7,-0.0006092414280037503,6.022508151034095e-05
2868,286.8,-0.00042873163348737314,4.681013422772216e-05
2869,286.90000000000003,1.536164664293161e-06,-6.537739781638755e-05
2870,287.0,0.0003025690849618264,8.953746045888526e-06
2871,287.1,0.0002768623083018715,0.0002664701417493002
2872,287.2,0.0002469607027671666,0.0002862310374521726
2873,287.3,0.00040122087736014144,0.00013741164083926852
2874,287.40000000000003,0.0005393228590540913,0.0004729859345258231
2875,287.5,0.0006175634800107642,0.0008365215324557668
2876,287.6,0.0008834582976207199,0.0005816159481649284
2877,287.7,0.000883847789046309,0.0007297357728726017
2878,287.8,0.00047564630413853503,0.00039891238154396566
2879,287.90000000000003,-0.00015441572636538711,-0.0001816876917297254
2880,288.0,-0.00030260751070358764,-0.00036493823926817833
2881,288.1,0.00012506334372805943,0.00011655333202645473
2882,288.2,0.00011714705892607148,0.00042229751795599133
2883,288.3,-0.00034625823622716126,0.00047343564262707533
2884,288.40000000000003,-0.0003318620520744966,0.0004909440779362925
2885,288.5,0.0001744850370179088,0.0004918066540783436
2886,288.6,0.0005216696310736859,0.00025968557102345975
2887,288.7,0.00025572130062052016,0.000143961509399338
2888,288.8,-7.592289844102791e-05,0.0003346360667144305
2889,288.90000000000003,-0.00010202411292460242,0.0009021895983150724
2890,289.0,0.00015975453872741678,0.0006652673518633192
2891,289.1,0.0005355512482335974,0.0005565867039228486
2892,289.2,0.0003085048081887973,0.0010000878357088144
2893,289.3,4.734869175715602e-05,0.0006401093697539113
2894,289.40000000000003,0.00015594001557512528,-0.00032798161164698987
2895,289.5,0.00045306909285485044,-7.805065418486673e-05
2896,289.6,0.0004719449750432038,-4.9243833410109055e-05
2897,289.7,0.00015543249832565255,-0.00021534869084267582
2898,289.8,-9.029650664497581e-05,-0.0005270674841611317
2899,289.90000000000003,0.0001513592503282021,-0.00030584334327645623
2900,290.0,0.00032588253538343506,0.00012317547540032078
2901,290.1,0.00045950854710337467,0.0002923228035815826
2902,290.2,0.0004656840459700105,-0.00011350786135745498
2903,290.3,0.00011266475447895206,-9.93263166801453e-05
2904,290.40000000000003,-0.00011157339770911977,-7.08615216970125e-05
2905,290.5,0.0003095238557294009,0.0003973159221226073
2906,290.6,0.0008300594802917854,0.0004872630249520926
2907,290.7,0.000439606674663557,-3.657786137856173e-05
2908,290.8,5.5482703987972946e-05,0.00011668559038596527
2909,290.90000000000003,-4.66128359174743e-05,8.983966430434923e-05
2910,291.0,-0.00033523111805846363,-2.62690158063198e-05
2911,291.1,-0.0001350890006917241,-4.428266513029747e-05
2912,291.2,0.00023249132765816797,-0.0005290266405008324
2913,291.3,0.00017803356659823558,-0.0004245080267692427
2914,291.40000000000003,-0.00024845138061138866,-0.0006925369132270725
2915,291.5,-0.00038014785232983296,-0.00069544744851161
2916,291.6,-0.0002998536533881188,-0.0008787888653543765
2917,291.7,-4.400526154423899e-05,-0.0006522454126901735
2918,291.8,0.00022309931791153064,-0.0005487293829680983
2919,291.90000000000003,1.5872161764850115e-05,-0.0001765847119431196
2920,292.0,-0.00023646032201911967,-0.00028090809399822334
2921,292.1,-0.00032695974216123,-0.000419234664504147
2922,292.2,-0.00037569576810294594,-0.0006467686561322127
2923,292.3,-0.0003834845477836954,-0.0007900247570727957
2924,292.40000000000003,-0.0001876826102918543,-0.0006479757437990523
2925,292.5,-0.00024234568520577405,-0.0007650103803576645
2926,292.6,0.00015112565331076508,-0.0003604841308279371
2927,292.7,0.00045951803293660387,-0.00016239737295106052
2928,292.8,0.00024315950702663886,0.00011846635021012876
2929,292.90000000000003,3.638852115066496e-05,-0.00027012826634514994
2930,293.0,-0.00020872739398502708,-0.0009186688057124789
2931,293.1,-0.00024476726878657526,-0.0016133771199356025
2932,293.2,2.4818443676054997e-05,-0.0009411864051042231
2933,293.3,0.0003272392953414139,-0.0002527450124244245
2934,293.40000000000003,0.00042657268869301484,-0.0004936848458894247
2935,293.5,0.00031596704580827753,-0.0003798868712301602
2936,293.6,0.0006143117768972506,-0.00016595071324205957
2937,293.7,0.001098925656836548,4.4203395125908565e-05
2938,293.8,0.0012468378090632285,-0.0003692409707178274
2939,293.90000000000003,0.0013968562073395931,-0.000412037719220941
2940,294.0,0.0015139476592043602,-0.00027057110431375235
2941,294.1,0.0013372167570518726,-0.000158118251376727
2942,294.2,0.0012943495900331692,8.589109935248569e-05
2943,294.3,0.001090979186515327,-0.00016506255872396068
2944,294.40000000000003,0.00043264324322108734,-0.0006199816705260992
2945,294.5,2.3905491858086455e-05,-0.0009305545530162217
2946,294.6,0.00026607623382970226,-0.0011067329593138268
2947,294.7,0.0006578472048197148,-0.0006297612435618041
2948,294.8,0.0009200755851341549,-0.000331596707831233
2949,294.90000000000003,0.0010071747968513599,0.00019035073322562693
2950,295.0,0.0008945663432656332,0.0007801553400823509
2951,295.1,0.000697600132133295,0.0007565548924680029
2952,295.2,0.0004984062091206278,0.0008093398152371831
2953,295.3,2.463409221647365e-05,0.001021121089635677
2954,295.40000000000003,-0.0007207051928788013,0.0004527101747618804
2955,295.5,-0.0011767063211251538,0.00017023164402508504
2956,295.6,-0.0009669215524915859,8.731180853302159e-05
2957,295.7,-0.0006039827535747085,-8.951693493923248e-05
2958,295.8,-0.00011714469354356449,0.00021470221118219634
2959,295.90000000000003,-0.00012804414084672194,0.000181797884184944
2960,296.0,-0.0006301844093378562,0.00026116135832502063
2961,296.1,-0.0006805832399982627,-8.514053931680564e-05
2962,296.2,-0.0005664024641907515,-5.5314843634026494e-05
2963,296.3,-0.0008528557235865029,-9.337960808041928e-05
2964,296.40000000000003,-0.0009816545699667595,0.00030237433296082677
2965,296.5,-0.0008217124876411792,0.00028287516818855605
2966,296.6,-0.0008527409568901637,-0.00027783824442054373
2967,296.7,-0.0010732079753762289,-0.0003662839583894536
2968,296.8,-0.0011449394957355793,-0.000702488562003806
2969,296.90000000000003,-0.0008936184241454244,-0.0007858648814879548
2970,297.0,-0.0003995664096366986,-0.00020560452303542966
2971,297.1,-0.00016578118907747567,5.9822251042756405e-05
2972,297.2,-0.0004124592306652754,-0.00048054804464303874
2973,297.3,-0.00031030774965299307,-0.0002706840170954521
2974,297.40000000000003,-0.0004708316676007365,-0.000539448209576236
2975,297.5,-0.0010161942169077912,-0.0008357943135400116
2976,297.6,-0.0013771191527889087,-0.0009881113653793083
2977,297.7,-0.0007105367199475166,-0.0002393790542411741
2978,297.8,-0.00026280560834255706,-0.00026178704584738896
2979,297.90000000000003,-0.0007328057652731867,-0.0002505049344032407
2980,298.0,-0.000998535984186865,-3.2464802661142175e-05
2981,298.1,-0.0011011122729414186,0.00010598452105191206
2982,298.2,-0.0010693577522920268,0.0006074575631986464
2983,298.3,-0.0009640968072425155,0.0006948932126252396
2984,298.40000000000003,-0.0008911147656123705,0.00030665951422793864
2985,298.5,-0.0011669355582444297,-0.00030909622983103395
2986,298.6,-0.0017316921048531049,-0.0007429024106812628
2987,298.7,-0.0016766951831518062,-0.0006711766413255834
2988,298.8,-0.001401847973437211,-0.0006457309374287098
2989,298.90000000000003,-0.0017392835616782205,-0.0004331446607884568
2990,299.0,-0.002204748552471497,0.00014342788655345522
2991,299.1,-0.002309029334697441,-4.042273307205437e-05
2992,299.2,-0.002213481974505787,-2.2258163463690245e-05
2993,299.3,-0.002386848249980999,0.00012916889905283585
2994,299.40000000000003,-0.002465397604917404,0.00033901846250252414
2995,299.5,-0.00218057137266978,0.00021874965363118793
2996,299.6,-0.0019229499666508004,0.00034566558467774507
2997,299.7,-0.0016742899477098711,0.0006052573410194155
2998,299.8,-0.0017943529335628862,0.0004184172917623934
2999,299.90000000000003,-0.0018583131576270688,-0.00013742111594303307
3000,300.0,-0.0019046834799365435,-8.247777110580214e-05
3001,300.1,-0.002153498410392835,0.00018934009823501376
3002,300.2,-0.0023911109384326017,-0.00017437472645051615
3003,300.3,-0.0023865117317231196,7.244067960085586e-05
3004,300.40000000000003,-0.0024017349794112903,-0.00018526852394251908
3005,300.5,-0.0020252217387831508,-9.807566229850266e-05
3006,300.6,-0.0014867927116950775,-4.282312040461387e-05
3007,300.7,-0.00144323274309904,-1.2013835555662029e-05
3008,300.8,-0.0012747553819030244,0.00034384159803060686
3009,300.90000000000003,-0.0010140473749374623,0.00021421818667880595
3010,301.0,-0.0014457584570666013,-5.3643742978668085e-05
3011,301.1,-0.0014976556016853039,0.0001427902829555379
3012,301.2,-0.0011647448004155202,-0.0002862537534628859
3013,301.3,-0.0012597103967657076,-0.00047375155515273374
3014,301.40000000000003,-0.00148934386026665,-0.0005980145344627508
3015,301.5,-0.0010681036862338537,-0.00013386800631308765
3016,301.6,-0.0007067159281364292,-0.00010965870468845196
3017,301.7,-0.0009911116185867166,-0.000298403932761079
3018,301.8,-0.0011441796470434884,-0.0003750439247453375
3019,301.90000000000003,-0.0011974408999362149,-0.00030610606419800385
3020,302.0,-0.001286183333904659,-0.000472942121861783
3021,302.1,-0.0015212949438416366,-0.00045302159772470893
3022,302.2,-0.0016101990516312074,-7.21454933374332e-05
3023,302.3,-0.0014596999193250387,-3.0815627332365995e-05
3024,302.40000000000003,-0.0014556664168023357,-0.0004650227075023062
3025,302.5,-0.0013385435221644453,-0.0006205139659208696
3026,302.6,-0.000830890775711691,-0.0007389978050054811
3027,302.7,-0.0006886142414446185,-0.00046553047269808583
3028,302.8,-0.0011420446923176486,-0.0002168303556749181
3029,302.90000000000003,-0.00119848008974603,7.658968758293279e-05
3030,303.0,-0.0007229318753779729,-9.733214905768091e-05
3031,303.1,-0.00014160400273414284,8.23673434299766e-05
3032,303.2,-0.00048141268606703615,0.00011126837221294366
3033,303.3,-0.0007805445057783987,4.5940537806187365e-05
3034,303.40000000000003,-0.0004664869474041667,-6.730429673524573e-05
3035,303.5,-0.0006630746428869751,-1.5549926076118669e-06
3036,303.6,-0.000990353537870354,6.8728766394389125e-06
3037,303.7,-0.0010479460680621186,6.87483787796476e-06
3038,303.8,-0.0009435616930760883,-0.000505667808114031
3039,303.90000000000003,-0.000833334459581019,-0.000448140558026354
3040,304.0,-0.000516620688334084,-0.0005705208359480914
3041,304.1,-0.0005601068969502496,-0.0005474307107446653
3042,304.2,-0.0007570831827643225,-0.0002481725420302135
3043,304.3,-0.0009419073714127949,-0.00029901798958775977
3044,304.40000000000003,-0.0006370850576893675,-0.00015759004946115936
3045,304.5,-0.0003103463137732431,0.00046399804558624796
3046,304.6,-0.0003161653802538036,0.000413844470703963
3047,304.7,-0.0005950793329042932,-2.409180370903469e-07
3048,304.8,-0.0008756231983438493,-0.0002840055366573831
3049,304.90000000000003,-0.0007808123648757145,-0.00046794846087667204
3050,305.0,-0.0002160978089744706,0.00038640126224046104
3051,305.1,-2.256884921869696e-05,0.0004677878816414754
3052,305.2,-0.00023120505039509628,-0.00010865118899495966
3053,305.3,-0.0006319868616652869,-0.0004936160764392097
3054,305.40000000000003,-0.0009666366261005076,-0.0001265409120252823
3055,305.5,-0.0009014895752388095,-0.00036299059779136637
3056,305.6,-0.0010155442008197755,-0.00016903650149566413
3057,305.7,-0.0010821533486485564,2.200340589474435e-05
3058,305.8,-0.0008270473582762159,0.00031051776110355394
3059,305.90000000000003,-0.000964622738565002,0.0004983464070223897
3060,306.0,-0.001120904792171678,0.0004859137467785483
3061,306.1,-0.001091687602161096,0.000981977398041791
3062,306.2,-0.001091353374099341,0.00033704224631440617
3063,306.3,-0.0011049404655391554,-7.116149403836144e-05
3064,306.40000000000003,-0.001021534562650205,0.0002748409454689006
3065,306.5,-0.0006927860411929034,0.0003338444729778631
3066,306.6,-0.0007250277752575435,-2.1931603967707793e-05
3067,306.7,-0.0010214441695031787,-0.00032926234805721356
3068,306.8,-0.0013425260080247676,7.818304803597023e-05
3069,306.90000000000003,-0.0012207908240679155,-7.860925607075534e-05
3070,307.0,-0.0007930080371658788,-0.00015286177407365298
3071,307.1,-0.000565972254931327,-9.166256244406087e-05
3072,307.20000000000005,-0.0011765569120539237,0.0001740498707006593
3073,307.3,-0.001485299346538017,-0.00020839402282987908
3074,307.40000000000003,-0.0011698232098348727,-4.951245384257735e-05
3075,307.5,-0.0006620378014084834,-0.00011107566358406956
3076,307.6,-0.000490251890297953,0.0001757079737611509
3077,307.70000000000005,-0.0010590548276402372,3.9451594951242933e-05
3078,307.8,-0.0012274214301341122,-0.00016328592865585165
3079,307.90000000000003,-0.0007755918842774121,-0.0001952702639266517
3080,308.0,-0.0003945382195824624,5.124578553872877e-05
3081,308.1,-0.00029824735567933225,0.0004353975346369556
3082,308.20000000000005,-0.0004997779656583458,0.0003700168062284879
3083,308.3,-0.0005666771081665777,0.00035231034194629636
3084,308.40000000000003,-0.0007627312478002955,0.0006844295861144017
3085,308.5,-0.00120196602829039,0.0004724340544104118
3086,308.6,-0.0009367332630964844,0.0005262981765089356
3087,308.70000000000005,-0.0004936611057870148,0.0006153581068202207
3088,308.8,-0.0008659214775297428,0.00043262996752831844
3089,308.90000000000003,-0.0011816457065821368,0.00012690335141944242
3090,309.0,-0.0005879342665992885,0.00014138523916518836
3091,309.1,-0.00032687999389957725,3.7128404499990666e-05
3092,309.20000000000005,-0.0007562881153389471,0.00015357954597391244
3093,309.3,-0.0010613985200500552,-0.000428247159154141
3094,309.40000000000003,-0.001307768637000145,-0.00026621826256426425
3095,309.5,-0.0007747634182831643,1.633781893106974e-05
3096,309.6,-0.0002158588564732895,0.0008781706668985453
3097,309.70000000000005,-0.00024507787631584894,0.0013519433771632195
3098,309.8,-0.0002230254688686326,0.0007121614456350071
3099,309.90000000000003,9.07827389031948e-05,0.00031490041988598157
3100,310.0,-0.00021624992891542357,0.00018783719934007466
3101,310.1,-0.0009177955185734152,9.30379233307891e-05
3102,310.20000000000005,-0.0005686060469757634,0.0006852326544824896
3103,310.3,-0.00011208227095904443,0.000810447937696302
3104,310.40000000000003,-0.000274219902266735,0.00055529703651571
3105,310.5,-0.0007966051263387531,0.0004948039565290733
3106,310.6,-0.0010067643686345014,0.00043513200494901816
3107,310.70000000000005,-0.0009639614319867116,7.62708226034335e-05
3108,310.8,-0.0010700684043142379,0.00014385951724725236
3109,310.90000000000003,-0.000918156702129391,2.5954389087792874e-05
3110,311.0,-0.00038078483793434854,-0.00048165327018847903
3111,311.1,-0.0001193702663527758,-0.000614693355152735
3112,311.20000000000005,-0.00042676977514411564,-0.00030630616480928173
3113,311.3,-0.0007042603820749581,-0.0006046663374937181
3114,311.40000000000003,-0.000415038608725699,-0.0005033535311815118
3115,311.5,0.0004911389518287683,-0.00046157959532103237
3116,311.6,0.0008746581887397375,-0.0005207579677661366
3117,311.70000000000005,0.0005798075277599285,4.319281888660349e-05
3118,311.8,0.00031295640155729553,-0.0001636622004180245
3119,311.90000000000003,0.0005278901462893062,-0.00013269703622748762
3120,312.0,0.001096543634673439,-8.41955574797449e-05
3121,312.1,0.0013592279751320708,-0.0001851866091531651
3122,312.20000000000005,0.001528173343003104,-0.00029058499237431557
3123,312.3,0.0015712208534972467,0.00024502406593705594
3124,312.40000000000003,0.0012330992896207728,0.0004078117072550652
3125,312.5,0.0009621540922829846,0.0003940969254642306
3126,312.6,0.0008907305251617733,8.50722506377062e-05
3127,312.70000000000005,0.0007773928204174088,-0.0002571237650383185
3128,312.8,0.0006325473749030961,-0.00023166519913518535
3129,312.90000000000003,0.0007531825086379141,0.000389262462894572
3130,313.0,0.000719047533034704,0.0003751348204448399
3131,313.1,0.0005110896126271215,0.0005326268241237129
3132,313.20000000000005,0.0004443979735328489,0.0008057556569158827
3133,313.3,0.0006707466311476313,0.00073398199492548
3134,313.40000000000003,0.0007161594748242783,0.00033466559367749605
3135,313.5,5.743640315420211e-05,-0.00017933090038044311
3136,313.6,-0.0006475941143257677,-8.979301087813249e-05
3137,313.70000000000005,-0.000726990354632798,0.00025711033331426595
3138,313.8,-0.0004968930672249665,5.254107154467108e-05
3139,313.90000000000003,-0.00046494037156751846,3.1772353435561274e-05
3140,314.0,-0.0002990747750345995,5.5720548139202664e-06
3141,314.1,-8.132314342868556e-05,-7.702841441207088e-05
3142,314.20000000000005,3.086056605005583e-05,0.00013308799246982978
3143,314.3,-0.0002733143400225347,-0.00020272995502755212
3144,314.40000000000003,-0.0008545933970505898,5.0775935780046206e-05
3145,314.5,-0.0009859652970862708,0.000398802025800949
3146,314.6,-0.0010925884021841864,0.00014054023542142886
3147,314.70000000000005,-0.0011994838081434839,-5.62240211816654e-05
3148,314.8,-0.001164634355453551,-0.0005242957118953064
3149,314.90000000000003,-0.0008241238343850981,-0.0005913375360599205
3150,315.0,-0.0006567231108578124,-0.0007264073547272709
3151,315.1,-0.0007978349134211321,-0.0008031935021965816
3152,315.20000000000005,-0.0010819277685490275,-0.0007601651970226464
3153,315.3,-0.000695271293978097,-0.000407773474150093
3154,315.40000000000003,-0.00045337710118245785,-0.00018203834239872353
3155,315.5,-0.000550581845610801,-0.0005101724320823522
3156,315.6,-0.0005533978924467794,-0.0002808825086589823
3157,315.70000000000005,-0.00044065313165725156,0.00017975916564268537
3158,315.8,-0.00012525339015892782,0.00041208332070470557
3159,315.90000000000003,-0.0002786022287229395,0.0005851846842629309
3160,316.0,-0.0007991192049904979,0.0005911765674538135
3161,316.1,-0.0007373996031817571,0.0009985994521294196
3162,316.20000000000005,-0.000536265014834909,0.0006000838477935947
3163,316.3,-0.0007860092909066856,0.00013410055923628432
3164,316.40000000000003,-0.001317002910218365,0.0002318983217036541
3165,316.5,-0.0013618027200997262,0.0005442184400514718
3166,316.6,-0.000869147107623793,0.00025297990747238545
3167,316.70000000000005,-0.000629925467765168,0.0003353750401892419
3168,316.8,-0.0007362928052125205,0.00030655573785516626
3169,316.90000000000003,-0.0010203682396801327,0.0005957680067859832
3170,317.0,-0.0012511158777090503,0.0007064499178457408
3171,317.1,-0.0012164686055326879,0.00021289106756507766
3172,317.20000000000005,-0.0011728824180606888,0.00045036826126450047
3173,317.3,-0.0011427502108306213,0.0005589716960422805
3174,317.40000000000003,-0.0010763656368289205,0.00016427546019985275
3175,317.5,-0.0007314535351151823,0.00024541488322208857
3176,317.6,-0.00029152033239024134,0.000438318482442283
3177,317.70000000000005,-0.0001829666118512097,0.0010641510746514508
3178,317.8,-0.000634432467824119,0.000920383200536736
3179,317.90000000000003,-0.0009421750007672194,0.0007779952242451843
3180,318.0,-0.0008006593748686697,0.0009171021015659687
3181,318.1,-0.0007119153617517271,0.0006954450893115352
3182,318.20000000000005,-0.00036510272987512596,0.00018223407834591778
3183,318.3,-9.50324440272189e-05,-0.00011018552774026326
3184,318.40000000000003,-0.00040644487434838287,-1.875524074513864e-05
3185,318.5,-0.000673171725851176,-0.0003532656350129661
3186,318.6,-0.000735827592009487,-0.00018348255854203625
3187,318.70000000000005,-0.0008491304225842341,-7.76151173164639e-05
3188,318.8,-0.0007855136624929841,-0.0003724028094387516
3189,318.90000000000003,-0.0005500455261487273,-0.0006399039078619091
3190,319.0,-0.00046954493985289133,-0.0007226944134009032
3191,319.1,-0.000449445501164428,-0.0008666510420023074
3192,319.20000000000005,-0.00043141641125552167,-0.0008301861129925784
3193,319.3,-0.00048808635683674325,-0.000702192359414142
3194,319.40000000000003,-0.0004602867433338341,-0.00025661770950772135
3195,319.5,-0.0008564989962128716,-0.000637008738554168
3196,319.6,-0.001192743993954578,-0.0007821902634565135
3197,319.70000000000005,-0.0009625763104257823,-0.0007943848181465178
3198,319.8,-0.0006735295824362796,-0.0006860926712564507
3199,319.90000000000003,-0.0004858657765364395,-0.00043619529558571786
3200,320.0,-0.000550626381599676,-0.00016895842222892628
3201,320.1,-0.0008028770625076167,3.932243710522342e-05
3202,320.20000000000005,-0.000702652829084509,0.0002032012344797523
3203,320.3,-0.0005102447146318268,0.00018831664203413279
3204,320.40000000000003,-0.00034862744930372867,8.315809565351087e-05
3205,320.5,-6.5282382404708845e-06,0.00014473459706964103
3206,320.6,0.00012783266034104398,-0.00010867606046840684
3207,320.70000000000005,-0.00012036346977179404,0.000606904299441022
3208,320.8,-0.0006424438222404165,0.000944322715176079
3209,320.90000000000003,-0.0006866229275679035,0.000316662985192275
3210,321.0,-8.190509367435082e-05,0.00034141683689194256
3211,321.1,0.00017091330714668002,0.000921744725825866
3212,321.20000000000005,-0.00014244375567625233,0.0008350498131850725
3213,321.3,-0.0007463423451409326,0.0006184070800208512
3214,321.40000000000003,-0.0013585716935634487,0.000604595707514281
3215,321.5,-0.0014490116724538492,0.0008071920513286151
3216,321.6,-0.0013123747807729518,0.00037065956242681336
3217,321.70000000000005,-0.0011910545726736901,-0.00013593870645684902
3218,321.8,-0.0014435861455432198,-5.447008399520857e-05
3219,321.90000000000003,-0.0018423010879508616,-0.0001476047134850185
3220,322.0,-0.0019023462216230613,0.00016112140022136632
3221,322.1,-0.0016903847891233713,0.0004287352940896851
3222,322.20000000000005,-0.0016104758725006504,0.0006320996692078609
3223,322.3,-0.0018505540837409052,0.0002780293033170244
3224,322.40000000000003,-0.002393898593166699,0.0001381303646519508
3225,322.5,-0.0026137712186253903,-0.0002873875817573441
3226,322.6,-0.002200683007571236,9.213831968846154e-05
3227,322.70000000000005,-0.002141924187027578,-3.5419410682531935e-05
3228,322.8,-0.0019440485409823627,0.00024099784255964937
3229,322.90000000000003,-0.001391827292809324,0.0006624649801446261
3230,323.0,-0.0010955936585620165,0.0003932677511935097
3231,323.1,-0.0009722965392985883,0.0005117060432141332
3232,323.20000000000005,-0.0013178984874670902,0.00037789842403529645
3233,323.3,-0.0012947895811643011,0.00037242148410371415
3234,323.40000000000003,-0.0010744947231997597,0.00036410455383408343
3235,323.5,-0.0008318629962088463,0.0003743763020174954
3236,323.6,-0.0011358422595470839,-0.0005468699145623226
3237,323.70000000000005,-0.0017737981735625919,-0.0007233752759688883
3238,323.8,-0.001730091285647526,-7.066818326210133e-06
3239,323.90000000000003,-0.0013764524698769741,0.00031986954016503176
3240,324.0,-0.0014528052747734318,0.0003433778552162997
3241,324.1,-0.001639318047192143,-0.0001480295162797763
3242,324.20000000000005,-0.0014941433518423637,0.00012628733750555946
3243,324.3,-0.0009388903703621141,0.0006950446125728988
3244,324.40000000000003,-0.0008239151931909997,0.00011530651229902793
3245,324.5,-0.0009542672320166549,4.3320427373747e-05
3246,324.6,-0.0012398088261351844,0.0004635369744240785
3247,324.70000000000005,-0.0014965945677948528,0.0004306143269473989
3248,324.8,-0.001721452946796786,-0.0001831161156292382
3249,324.90000000000003,-0.0017486638805913745,-0.00020623457703763828
3250,325.0,-0.001472189648558079,0.00012585084382781562
3251,325.1,-0.0013950416575101894,0.00027234070057003263
3252,325.20000000000005,-0.00164414356636911,0.00032839322112250736
3253,325.3,-0.0013603119201666615,0.00010011564106210913
3254,325.40000000000003,-0.0009167949428196821,-0.00014372508349166628
3255,325.5,-0.0011346295112896884,7.568726354206006e-05
3256,325.6,-0.0013517199337226963,0.00010008975642722535
3257,325.70000000000005,-0.0015548483300997353,-0.00017393685632330992
3258,325.8,-0.0018640196256964035,-0.0008365741441048477
3259,325.90000000000003,-0.0021436762220586386,-0.0005229779417715427
3260,326.0,-0.002284576824147491,-0.00017325531094822212
3261,326.1,-0.001996742467855134,-6.673692696741397e-05
3262,326.20000000000005,-0.0015073326274416808,0.00036022916894569223
3263,326.3,-0.001595652257833355,0.0005217176611625033
3264,326.40000000000003,-0.001806341985521351,0.0002727956899342238
3265,326.5,-0.002144805686922082,-0.000292764664891834
3266,326.6,-0.0022811122638372295,-0.0003997059573722808
3267,326.70000000000005,-0.0019049259760982686,-0.0002762635799470539
3268,326.8,-0.0014345426209780056,-8.926146886517356e-05
3269,326.90000000000003,-0.0012935679902288117,-0.00017209693348303943
3270,327.0,-0.0012909020934164395,0.00022378940924747275
3271,327.1,-0.0013776562567661616,0.00039672780452976354
3272,327.20000000000005,-0.0012322746528281542,0.00023375782268995592
3273,327.3,-0.0006800417830996159,0.0003765330169444538
3274,327.40000000000003,-0.00033788132633574277,-0.0001117218470086363
3275,327.5,-0.0003744748832554421,-2.34977754143639e-05
3276,327.6,-0.0005796922299010169,0.00017303137578546688
3277,327.70000000000005,-0.0007098863255933916,0.0001230709730567788
3278,327.8,-0.0008396762499663781,9.792738201559665e-05
3279,327.90000000000003,-0.00041047744272361387,0.000247954526283841
3280,328.0,-0.00012107708127186469,0.0009884818193036553
3281,328.1,-0.00035219996609120327,0.0013082024787295478
3282,328.20000000000005,-0.0006164169007827119,0.0006035423695951493
3283,328.3,-0.00032104773342784236,0.0002369175107746514
3284,328.40000000000003,-0.00018874828839564024,0.0004248523134118973
3285,328.5,7.228238249274204e-05,0.000457098626688619
3286,328.6,0.00023544554283797147,0.0005362628451333245
3287,328.70000000000005,0.00019626358535288838,0.00037102425139515894
3288,328.8,-0.00014417323743842931,0.0004011610778530275
3289,328.90000000000003,-0.0004914454781761017,0.00036181918101302644
3290,329.0,-0.0006483108460266347,0.00041385940933183756
3291,329.1,-0.0007451089511002928,0.000507622853259955
3292,329.20000000000005,-0.0003688931051015058,0.0003932147351666039
3293,329.3,-4.196734448782729e-05,0.00019446656139287226
3294,329.40000000000003,-0.00026722442642847477,0.00025649369007846773
3295,329.5,-0.0006864169181709753,0.00016075133268872216
3296,329.6,-0.0005283459532494249,-0.0003581497836556067
3297,329.70000000000005,-0.0002632125972115136,5.791784995397691e-05
3298,329.8,-9.406703144892435e-05,0.00010534661012221717
3299,329.90000000000003,4.098519480668862e-05,0.00027619521942975916
3300,330.0,0.00030912523308376604,-0.0002757179646596855
3301,330.1,-5.257649388360151e-05,-0.0005361635511915403
3302,330.20000000000005,-0.00040181019002402695,-0.00011314657483803086
3303,330.3,-0.00015392574553389123,-8.082531735585018e-05
3304,330.40000000000003,-1.4852265540281327e-05,-3.482084640840474e-06
3305,330.5,-0.0002788499320673485,-0.0004078522758328966
3306,330.6,-0.00010132582192015913,-0.00035706587384861483
3307,330.70000000000005,7.481579459278063e-05,-0.00016448891353882167
3308,330.8,-0.00013505774433178791,-0.0002516493710365454
3309,330.90000000000003,-0.000346714055893936,-0.00034622527934699
3310,331.0,-0.0003085657446640358,-0.0003844429607021949
3311,331.1,6.580949640219189e-06,-0.00031647771950704976
3312,331.20000000000005,-0.00010326606187551171,-0.000502210054490078
3313,331.3,-0.00031462777103027044,-0.0008507376103563082
3314,331.40000000000003,-8.134753661925873e-05,-0.0001287171331194955
3315,331.5,0.00019875162800392582,0.00010403884334111466
3316,331.6,0.00014866575793417031,-2.5467854186068078e-05
3317,331.70000000000005,-0.00031897742425338407,-0.0003869940414910842
3318,331.8,-3.6073568656156247e-05,-3.052203436430402e-05
3319,331.90000000000003,0.0005413680212348525,0.0004988418372631955
3320,332.0,0.0007602928591800644,5.711544743830941e-06
3321,332.1,0.0004604779121969126,-0.0003292261009106557
3322,332.20000000000005,0.00014700025071161216,-0.00011026691788197429
3323,332.3,0.000413172145483123,-0.00020686930012775754
3324,332.40000000000003,0.000549587950284443,-0.00023107686548422266
3325,332.5,0.0006596740825275042,-0.00011575564937026378
3326,332.6,-3.696812136244146e-05,-6.830735166086133e-05
3327,332.70000000000005,-0.0006526800651802312,0.0008508601302541297
3328,332.8,-0.00046474859796425896,0.0011618006946850646
3329,332.90000000000003,-0.00011911342908525476,0.0008983178799245112
3330,333.0,4.470857317009541e-05,0.0008656131950988383
3331,333.1,-0.00037320036734560475,-5.836392846132199e-05
3332,333.20000000000005,-0.0005131759723870841,-0.0005096850542197005
3333,333.3,-0.00024007568314031498,-0.0007453911715500867
3334,333.40000000000003,-0.00039848160772521174,-0.0008204983311690792
3335,333.5,-0.0010536823340935864,-0.00061341488374328
3336,333.6,-0.0010991693456209224,-3.8709399067579436e-05
3337,333.70000000000005,-0.0007035571508170461,-1.685378515482094e-05
3338,333.8,-0.0004396197460922976,3.199136422241576e-05
3339,333.90000000000003,-0.0010168148906213694,-9.070344275384645e-05
3340,334.0,-0.0015087785806503532,-3.3116754775413407e-05
3341,334.1,-0.0016924615305835675,-1.1169664887171158e-05
3342,334.20000000000005,-0.0011505103944913168,0.0005291876528663137
3343,334.3,-0.0006694022997281741,0.0007895507066859116
3344,334.40000000000003,-0.0005149550897311834,0.0006017332967952286
3345,334.5,-0.00028834810060106633,0.0006335867972567852
3346,334.6,-0.0001516314691161077,0.00022557570012564365
3347,334.70000000000005,-0.00014609333204764142,-9.466092423528222e-05
3348,334.8,-0.00021258192664027476,6.235162533452715e-05
3349,334.90000000000003,-0.0002035864187228688,4.7014110613353716e-05
3350,335.0,-0.0005036613920316721,-0.0001250755512746224
3351,335.1,-0.0009629406226331835,-3.8215647598005155e-05
3352,335.20000000000005,-0.0006184401245362169,4.610928274134467e-05
3353,335.3,0.00031358454184572004,-0.00012392244818565176
3354,335.40000000000003,0.0007524584822954059,-0.0003141687791274134
3355,335.5,0.0002639065728074367,-0.0006027186285538924
3356,335.6,-0.0003539517041367818,-0.0008110241090951841
3357,335.70000000000005,-0.00025951423639547505,-0.0006617345762640744
3358,335.8,-0.0001288955620247017,6.943362554099488e-06
3359,335.90000000000003,-0.0003251654157138553,-0.0002050413784432599
3360,336.0,-0.0006884795722935892,-0.00035396130014706375
3361,336.1,-0.0007760240004018851,0.00030233917448523994
3362,336.20000000000005,-0.0006385110855461846,-0.00021127337708361547
3363,336.3,-0.00028835592832379654,-0.001105380903558458
3364,336.40000000000003,0.00023710552556013967,-0.0015068923547891834
3365,336.5,-1.713098234499959e-05,-0.0007798831042160524
3366,336.6,-0.0006415112425633419,-0.0005730929687490125
3367,336.70000000000005,-0.0008122385965814227,-0.0005979581563814872
3368,336.8,-0.00023209217491264962,-0.00032166779402528566
3369,336.90000000000003,0.00015568800556215652,-0.00021549526651279676
3370,337.0,-7.672344678719145e-05,-0.0004701622768398663
3371,337.1,-0.00030720773081572856,-7.32370356160864e-05
3372,337.20000000000005,-0.00022539502653209345,-0.00033991411779915354
3373,337.3,9.353969817571928e-05,-0.0006555458389400777
3374,337.40000000000003,0.00040490687660893417,-0.00041270075780112627
3375,337.5,0.0006047039684754686,-0.0007373680922271363
3376,337.6,0.00040190968175557364,-0.0006028684857368601
3377,337.70000000000005,0.0005381020343498544,-0.0003012052781364118
3378,337.8,0.0007516467399390927,-0.00020880418254946807
3379,337.90000000000003,0.0006405567291834995,-0.0002463928027360451
3380,338.0,0.00023914958277849836,-6.704834866657962e-05
3381,338.1,0.0001127898752195441,0.00022884180235469546
3382,338.20000000000005,0.00020421760779364568,0.0005997708483829544
3383,338.3,0.0002454768094959345,0.000128667152530869
3384,338.40000000000003,0.0005076517416162604,0.00014994882147127228
3385,338.5,0.000820433577371025,0.00011034956699493574
3386,338.6,0.0007635968379554368,-4.399060045564805e-05
3387,338.70000000000005,0.00031371391179266266,-0.00016894909751858354
3388,338.8,-0.0002688430164399742,-0.0002828890575112429
3389,338.90000000000003,-0.0005983002186310624,-0.0004323223439803665
3390,339.0,-0.0009451877354672452,-0.0006675502327063066
3391,339.1,-0.0008290690188381079,-7.2767674057642e-05
3392,339.20000000000005,-0.0006278335999283811,-2.1564268799087222e-05
3393,339.3,-0.0005826142370437026,-8.855842922818976e-05
3394,339.40000000000003,-0.000399619767037577,5.089677469891055e-05
3395,339.5,-0.0002674449594106928,0.00034174036882493234
3396,339.6,-0.00011361474266905371,7.666747410046568e-05
3397,339.70000000000005,0.00011131004912056688,0.0005668445852007635
3398,339.8,-0.0001537506809514072,0.00011581295356602299
3399,339.90000000000003,-0.0004945023000836868,-0.0005000546111590357
3400,340.0,-0.0002780748757205834,-0.0003231279000968622
3401,340.1,7.939468189074972e-05,0.00030348136960661585
3402,340.20000000000005,0.0005456098509975327,0.00019668295351784825
3403,340.3,0.0007214391218773878,0.00033162414793525523
3404,340.40000000000003,0.0007061045816851696,0.00019649586263412972
3405,340.5,0.0004772764319168619,-2.332986956565584e-05
3406,340.6,0.00023986233156104728,-0.0001466282232747644
3407,340.70000000000005,0.0003694402381267644,0.00033329207589815615
3408,340.8,0.0005072076998724538,0.0008291843477301092
3409,340.90000000000003,0.0006658321772252533,0.0006571028979430228
3410,341.0,0.0005200406713273297,0.00038100009090769965
3411,341.1,0.0002975571194752913,0.0005603046531449051
3412,341.20000000000005,0.00013602993473420364,0.0002115277013816012
3413,341.3,0.0001908384871823894,7.819553423237467e-05
3414,341.40000000000003,0.00014461799248689853,-5.56800994218697e-05
3415,341.5,1.123705561871069e-05,0.0001634060254842266
3416,341.6,-0.00018944544533719973,-6.821128505604772e-05
3417,341.70000000000005,-0.0001659593142674847,-0.00037654903929105387
3418,341.8,-6.916315485407489e-05,-0.00033360554614512706
3419,341.90000000000003,6.413322596743879e-05,-0.00029692543423347494
3420,342.0,3.718862522392927e-05,-1.1522458712436934e-05
3421,342.1,-0.00011270566146754804,-0.00026403463308002857
3422,342.20000000000005,4.317298458176748e-05,2.4023773214829217e-05
3423,342.3,0.00011633675330984058,0.00034984364744144835
3424,342.40000000000003,3.9749885766184624e-05,0.0003689305126614766
3425,342.5,0.00021501317426353967,0.0002990765045327225
3426,342.6,0.00036880409133188436,-0.00043930684413034054
3427,342.70000000000005,0.0001513629245181696,-0.0010791078074941247
3428,342.8,-8.843126013063721e-05,-0.0007380633959497039
3429,342.90000000000003,9.935546420284042e-05,-0.0005485942483444596
3430,343.0,0.00017902397005155148,3.931300231862048e-05
3431,343.1,0.00016202065881214391,0.0001580743068287196
3432,343.20000000000005,-7.559018949283448e-05,-3.688075568900766e-05
3433,343.3,0.00014012658249065618,-0.00016160637544303602
3434,343.40000000000003,0.00048070027089160513,4.4897175338000074e-05
3435,343.5,0.0009794115449487416,0.0003913577093099234
3436,343.6,0.0012957068728657974,0.0005689286814426444
3437,343.70000000000005,0.0014002882794309558,0.0005130899866683751
3438,343.8,0.0012832838173217514,0.00014124127708377654
3439,343.90000000000003,0.001006061180934014,-0.00047765624833628553
3440,344.0,0.0007195300508985812,-0.0008372559103321926
3441,344.1,0.0008577935054422771,-0.0006605058258916837
3442,344.20000000000005,0.0011441899905231532,-0.0005157223745246628
3443,344.3,0.0013800647707120628,-0.00045069432967919526
3444,344.40000000000003,0.0012210639571855622,-0.00028135509245862605
3445,344.5,0.0006721884686474759,-0.00047060340896263843
3446,344.6,0.000599552707329047,-0.00047064499989194435
3447,344.70000000000005,0.0010796691374199033,-0.00025639480993155174
3448,344.8,0.001215591994789444,-6.252939752212283e-05
3449,344.90000000000003,0.0015620515752673536,0.00011855960544851691
3450,345.0,0.002094722446171765,0.00045945327470266753
3451,345.1,0.0017661523925006004,-0.00011710061658725056
3452,345.20000000000005,0.0010972764147107337,-0.00016836845957796893
3453,345.3,0.0008448883970087108,-3.9378187721490345e-05
3454,345.40000000000003,0.0006644119242862793,0.00010063871149118664
3455,345.5,0.000760066325736098,-0.0006659406378095317
3456,345.6,0.0005060115729887529,-0.00044273037942037246
3457,345.70000000000005,-9.796367834809795e-05,0.00021804637043855476
3458,345.8,-6.543864916604775e-05,0.00044663650650314063
3459,345.90000000000003,0.0002518559395727915,0.0010802201006516606
3460,346.0,-0.00017006607790693947,0.000794201252711394
3461,346.1,-0.0004015514683288188,1.715979575333634e-05
3462,346.20000000000005,-0.0002543392729733159,-0.00036978128534398825
3463,346.3,-0.00014622844002244273,-9.805375844121691e-05
3464,346.40000000000003,8.796322513130096e-06,1.5748104365642195e-05
3465,346.5,0.0003578850236191045,-7.56071250821753e-05
3466,346.6,0.0006578110992191601,0.00010736968839218209
3467,346.70000000000005,0.0005877624051088955,-3.590174160143025e-05
3468,346.8,0.0007146187425534615,-0.00016621977048259244
3469,346.90000000000003,0.001072819336803062,-0.0003528285607499423
3470,347.0,0.0009686597727453487,-0.0008210694849393139
3471,347.1,0.0003332546853549223,-0.0007451998296888068
3472,347.20000000000005,-9.617756598719923e-05,-0.0001508114265767387
3473,347.3,-0.0004163294317493129,5.721019753116747e-05
3474,347.40000000000003,-0.0004800363433302105,-0.00023390738166933502
3475,347.5,-2.8253884910327732e-05,-0.0004412219836116283
3476,347.6,0.0005974570255422255,-0.00020670798671797662
3477,347.70000000000005,0.0006699117975984374,7.834158559745365e-05
3478,347.8,0.00015350597615660104,-0.00035265917620391676
3479,347.90000000000003,-0.0002932741565553398,-0.000402638141863117
3480,348.0,-0.0002571820559635485,-0.0005368475560066579
3481,348.1,-0.00010100502864721718,-0.0004499550120083839
3482,348.20000000000005,0.00025274907354036653,-0.00034368873360206487
3483,348.3,0.0003691852975095615,-0.00021467714992965423
3484,348.40000000000003,-0.00017386677377357246,-0.00029281796997451077
3485,348.5,-0.0005694737338084525,-0.0002268442857208999
3486,348.6,-0.0008128458973336862,0.00034876219879499985
3487,348.70000000000005,-0.001174985828533244,0.00024070439227207775
3488,348.8,-0.0006424118294997814,0.0002890263409577663
3489,348.90000000000003,0.00022927736119448115,0.0003639037546419029
3490,349.0,7.929670647974128e-05,-0.00020971831258814703
3491,349.1,-0.0005315065209155807,-0.00034651943984051703
3492,349.20000000000005,-0.0002961567302481943,-0.00031744676468171984
3493,349.3,-0.00014528070817648164,-0.00038714164561314744
3494,349.40000000000003,0.0002703055856841468,-0.00023070151675320255
3495,349.5,0.0005476567905736723,0.0005181352276650919
3496,349.6,0.0003968873719523927,0.0005542808801294275
3497,349.70000000000005,3.655192657300974e-05,0.0003930346713602542
3498,349.8,-3.059717826056499e-05,-1.891336572711282e-05
3499,349.90000000000003,0.0002379350722008082,-0.000551969425690469
3500,350.0,0.0003919508676028341,-9.126172625638398e-05
3501,350.1,9.503347356402477e-05,5.72295847453715e-05
3502,350.20000000000005,4.4906839524689824e-05,0.00040990460287726184
3503,350.3,0.0004819612064946891,0.00019142419596617478
3504,350.40000000000003,0.0009019012712917503,0.00011996147600509595
3505,350.5,0.0013117327143283314,-0.0002339185617303449
3506,350.6,0.0010920886009253613,0.00019710626822666717
3507,350.70000000000005,0.0009590268649462924,0.0004639819002217106
3508,350.8,0.0010755714085709947,0.0004353495191740765
3509,350.90000000000003,0.001042260750717128,-0.0004594864831105982
3510,351.0,0.0009977489532059754,-0.0006279306993175317
3511,351.1,0.0011185804263415344,-0.00041212771741120323
3512,351.20000000000005,0.0012241139535575246,-0.00012992509067835323
3513,351.3,0.0013594052793766851,0.0001513857156939453
3514,351.40000000000003,0.0012915373513540482,6.152578071541725e-05
3515,351.5,0.0011507442973427255,-0.00035606926432338245
3516,351.6,0.0012093118579299415,-0.00020005269910707962
3517,351.70000000000005,0.0010870263962632055,-0.0003030036277700598
3518,351.8,0.0007577319770311215,-0.0003082225849507255
3519,351.90000000000003,0.0009038566065305127,-0.00013220904415394156
3520,352.0,0.0014439830604752093,0.00014829643546278103
3521,352.1,0.0013990002017322876,0.000363267257144598
3522,352.20000000000005,0.0006317126158684931,-0.00022782304974223067
3523,352.3,0.00022638141812829964,-0.0007063065219435577
3524,352.40000000000003,0.0006413271590689075,-0.00047208591800563984
3525,352.5,0.0008884507319076929,-9.908710753975472e-05
3526,352.6,0.0007486659296335108,-2.6928564330177925e-05
3527,352.70000000000005,0.0009174781195022225,-6.5901830934862e-05
3528,352.8,0.001161016933090382,0.0002688418067726498
3529,352.90000000000003,0.0009407988457562162,0.00037503982090798885
3530,353.0,0.00035488348050998283,0.00011599795339924266
3531,353.1,-0.00023015048106615646,0.0001327991680510089
3532,353.20000000000005,-0.00033832718103504804,0.0005275674461683465
3533,353.3,0.0002527742534657363,0.0008318304261090246
3534,353.40000000000003,0.0009303561835039314,0.0008917868141259454
3535,353.5,0.0009329207099375884,0.0008611916579694753
3536,353.6,0.0006135581959700088,0.0014243004596189359
3537,353.70000000000005,0.00026047868684182714,0.0009384260491148835
3538,353.8,0.00025354458990576234,0.0007572217019468171
3539,353.90000000000003,0.0005324179673604564,0.0008108945713140587
3540,354.0,0.0007231835972525691,0.000581200870378543
3541,354.1,0.0004229015040381356,0.0004446744833342447
3542,354.20000000000005,0.00037947801984087107,0.00037847288991984607
3543,354.3,0.0006539024238872484,0.0001052176045749545
3544,354.40000000000003,0.0006609237467460838,0.00011331380298161424
3545,354.5,0.00020570226050151244,0.00018279296197057265
3546,354.6,0.00011568101730050296,0.0002496363774957473
3547,354.70000000000005,0.00033921198698046704,0.0003203704349567918
3548,354.8,0.00028060770868035674,0.0002442227385790889
3549,354.90000000000003,0.0005888515122477691,0.00027572199707059946
3550,355.0,0.0008910857914906833,0.0008708269808314741
3551,355.1,0.0005786080944627126,0.0007138391949445129
3552,355.20000000000005,0.00014221024991084393,-1.4698496280513379e-05
3553,355.3,0.000427052927237745,-0.0003614012923309208
3554,355.40000000000003,0.0010977823450475678,-0.0001644945955705232
3555,355.5,0.0012656971814143944,-0.00010762300250431717
3556,355.6,0.0011871376809814117,-0.00021519608489226278
3557,355.70000000000005,0.0011509341911293564,-0.000288074692527039
3558,355.8,0.0011356750742239916,3.536504160051589e-05
3559,355.90000000000003,0.000973007273537097,-0.0003734724195004464
3560,356.0,0.0007113899812451512,-0.0003212572053459338
3561,356.1,0.00042639387393682315,-0.00017064010112943293
3562,356.20000000000005,0.00016096625121514929,-9.815727307007434e-05
3563,356.3,-1.4801717774391079e-05,-0.0003742668013271087
3564,356.40000000000003,0.00017226418849848038,-0.000733075176291548
3565,356.5,0.00043539200462775694,-6.520308649863819e-05
3566,356.6,0.0005063083463683621,0.0004217475266883792
3567,356.70000000000005,0.00016093150031090816,0.00036694267425557844
3568,356.8,-0.00028946565787248526,-0.00019666784467108097
3569,356.90000000000003,-0.0001259401809017771,-0.0008508881843581136
3570,357.0,5.782055340080371e-05,-0.0006779611257745347
3571,357.1,0.00013219121539506288,-0.0009821642665908976
3572,357.20000000000005,0.0001782179127766017,-0.0007955495906733945
3573,357.3,0.00014581028324636217,0.00024257430831331096
3574,357.40000000000003,-9.878945840015217e-05,4.772355965109433e-05
3575,357.5,-0.0002522744711707193,-6.672669088960055e-05
3576,357.6,-5.669643108644107e-05,0.00012475130013810375
3577,357.70000000000005,-9.208529533496651e-05,0.0004951215096164939
3578,357.8,-0.00015650223157220714,0.00010450502154988704
3579,357.90000000000003,-9.843382061287923e-05,-7.748306481302703e-05
3580,358.0,-2.2276491828186076e-05,-0.00033424155695508734
3581,358.1,-0.000205050698635887,0.00017202040299618598
3582,358.20000000000005,-0.0007144346019409998,0.00044976015678477234
3583,358.3,-0.001156345974105474,0.0003257013320276539
3584,358.40000000000003,-0.0014687898464809694,0.00015743474487356284
3585,358.5,-0.0015601305994748513,0.00020291918091530335
3586,358.6,-0.001040585001077106,1.1873238031965366e-05
3587,358.70000000000005,-0.0007716104320942802,0.0003034447944205999
3588,358.8,-0.001029345934911521,0.00023540691780737387
3589,358.90000000000003,-0.0011571957822779312,0.0005279406489743146
3590,359.0,-0.0011053533254651103,-0.00013163584841792506
3591,359.1,-0.0008312957498301314,-7.389487441536319e-05
3592,359.20000000000005,-0.000863148461411175,-8.768709789083169e-05
3593,359.3,-0.0011887980542249217,-0.00038821307294602194
3594,359.40000000000003,-0.0012695976930176631,-0.00049681760777262
3595,359.5,-0.0013472263102551636,-2.0964847894264885e-05
3596,359.6,-0.001503327532610491,-0.00011714606958285814
3597,359.70000000000005,-0.0016288712220520875,-0.0005704094468109665
3598,359.8,-0.0017440889628440983,-0.0010222676804157087
3599,359.90000000000003,-0.0020387277843044297,-0.0010974722329310253
3600,360.0,-0.0013779417894131437,-0.0008037743606435507
3601,360.1,-0.0008269278712943893,-1.1907316016814946e-05
3602,360.20000000000005,-0.0011474421512289773,0.00022714949912207565
3603,360.3,-0.0014940162560793417,0.00013397109162243878
3604,360.40000000000003,-0.0012845873276243428,-6.952166714584215e-05
3605,360.5,-0.0010167206534342941,-0.00010928499289361218
3606,360.6,-0.0006918230973567298,-0.00018163149232614483
3607,360.70000000000005,-0.0002945552147966639,-0.00014147599061933196
3608,360.8,-0.00025435894715115784,-5.0385596420286374e-05
3609,360.90000000000003,-0.00045174024481594346,-0.0002018325581396992
3610,361.0,-0.0007854106186119757,-0.0003364003897437741
3611,361.1,-0.0012127714735304445,-0.00029739342836239446
3612,361.20000000000005,-0.001334622499049517,-5.473307508588943e-05
3613,361.3,-0.0012350930333001964,-0.000681433979122577
3614,361.40000000000003,-0.0010654366064759568,-0.0001775948608195568
3615,361.5,-0.0008072122500480264,0.00022261207485222372
3616,361.6,-0.0005868870950533175,-4.707885191730271e-06
3617,361.70000000000005,-0.00029703397751196193,-0.00023246317758390494
3618,361.8,-9.497084921962876e-05,-0.00024005827335359673
3619,361.90000000000003,-0.0004427236628126755,0.0003971538929412422
3620,362.0,-0.0005963279608787188,0.0007078923840317982
3621,362.1,-0.0003756210668887094,0.0008717374446211255
3622,362.20000000000005,1.9016468200354828e-05,0.0002537298455535946
3623,362.3,-1.6740118963759598e-05,0.0003755340545162544
3624,362.40000000000003,-0.0002791578299932115,0.00036789146305885647
3625,362.5,-0.00036597241474620987,-5.559964007262546e-05
3626,362.6,-0.0004355189216350193,-0.00024564644973376214
3627,362.70000000000005,-0.0006655920564834369,-5.305596346260889e-05
3628,362.8,-0.0009210170904495596,-0.0003584216539491379
3629,362.90000000000003,-0.00136441639157757,-0.0002507133186235175
3630,363.0,-0.0017935968268014857,0.0001468406782852264
3631,363.1,-0.0015189493465384704,-0.0001037924361582224
3632,363.20000000000005,-0.0009821148384109573,-7.159680785082197e-05
3633,363.3,-0.0007624201039094999,0.00027151743147170665
3634,363.40000000000003,-0.0009043824180391208,-0.00025012433157024533
3635,363.5,-0.0010093709565812828,-0.0004982050594700643
3636,363.6,-0.0009585725405562662,-0.0003721413799839673
3637,363.70000000000005,-0.0011894582395504476,-0.00042990492352776554
3638,363.8,-0.0017272823263422216,-0.0008522048925715778
3639,363.90000000000003,-0.0019132404244846645,-0.0010109791531544101
3640,364.0,-0.0014148307131244193,-0.0008434949313480661
3641,364.1,-0.0009526466363924195,-0.0005025111532463534
3642,364.20000000000005,-0.0011125775732499846,-0.00013943024523586301
3643,364.3,-0.0015876474833859105,-0.0002107646815540559
3644,364.40000000000003,-0.0020039894868004306,-0.0007858993103019425
3645,364.5,-0.001814939512594556,-0.0010346377025152417
3646,364.6,-0.0013308020183988554,-0.0007730227019431705
3647,364.70000000000005,-0.0012088052939185031,-0.0007161760605039573
3648,364.8,-0.001376993882805715,-0.0008285338304828962
3649,364.90000000000003,-0.0015840691621802306,-0.0007628723950552132
3650,365.0,-0.001696406309262654,-0.0006042868040889894
3651,365.1,-0.001936330461894138,-0.00039051080284367435
3652,365.20000000000005,-0.0021252157241182113,-0.0004507166380032975
3653,365.3,-0.0019940132575703767,-0.00040645129085716653
3654,365.40000000000003,-0.0017634274162073354,-0.0006112700055795376
3655,365.5,-0.0016820095401862314,-0.0012196028227400857
3656,365.6,-0.0016873126171592099,-0.0008176005286921282
3657,365.70000000000005,-0.0015362498635527607,-0.0004347996025885014
3658,365.8,-0.0016169891513674601,7.504191854253289e-05
3659,365.90000000000003,-0.0016242120443748036,0.00023829872966037887
3660,366.0,-0.0014937033988204284,0.00022610449451863554
3661,366.1,-0.0011438569533228308,-0.0002997177584197054
3662,366.20000000000005,-0.0007911839894836835,-0.00025318378438476193
3663,366.3,-0.00036559894682584767,-0.00010066370881410264
3664,366.40000000000003,0.0002443587661827441,0.0004208097742144671
3665,366.5,0.0005988027655780269,0.0004421613869343821
3666,366.6,0.0005233682751016096,-0.00026790547611880034
3667,366.70000000000005,0.0004410400731827706,-0.00020846921746909994
3668,366.8,0.0008252592486521055,-0.0001290367133425412
3669,366.90000000000003,0.0008739228414567902,-0.00012961026808702854
3670,367.0,0.000858315438032044,-0.00037317272713885885
3671,367.1,0.0008567072871500213,-0.00017789338500082244
3672,367.20000000000005,0.001012109685305579,-0.00018195907126325017
3673,367.3,0.0008332540587953988,-0.00015480621529718374
3674,367.40000000000003,0.0004326317690834027,-4.530576326791481e-05
3675,367.5,0.0001532767984191307,0.0001475542661659584
3676,367.6,0.00017283063561847304,0.00028852768465040376
3677,367.70000000000005,0.00030889641404763826,0.0005213852604363154
3678,367.8,0.000634437456765231,0.0007537362996337168
3679,367.90000000000003,0.0008338503965013812,0.0007879267645504306
3680,368.0,0.0005801683561222796,0.0006064217057637942
3681,368.1,0.00040176367526918716,0.0001767935970087174
3682,368.20000000000005,0.00011619159884902934,0.00019894455899888033
3683,368.3,-2.5322661142912013e-05,0.00010097632602881049
3684,368.40000000000003,0.0003063321501335374,0.000130355859093243
3685,368.5,0.0005027023857310368,0.00023056512559797726
3686,368.6,0.0007508759913002197,4.840243284811904e-05
3687,368.70000000000005,0.0011571913163234994,0.0001584320811950195
3688,368.8,0.001484744248685092,-0.00012146091060658428
3689,368.90000000000003,0.0012535582447785066,-0.00020712416848480013
3690,369.0,0.00099515972485295,-5.473882849157442e-05
3691,369.1,0.0010102868707474906,0.00023441195498682718
3692,369.20000000000005,0.0013152233847655275,9.734144824720495e-05
3693,369.3,0.00137875737696154,0.0003862356520004949
3694,369.40000000000003,0.0009358319924128361,2.9801698690861052e-05
3695,369.5,0.0007623554353638761,-0.0005938562910127239
3696,369.6,0.0010556977464493526,0.00017872175413278938
3697,369.70000000000005,0.0013069679563906032,0.0004978056917658027
3698,369.8,0.0013476012645932778,0.00017171180740852045
3699,369.90000000000003,0.0012644993329053048,-5.687488751367165e-05
3700,370.0,0.0009974390589820646,-0.0003252121102242546
3701,370.1,0.00043665702146183943,-0.00017523009364533374
3702,370.20000000000005,0.00021835071973016446,4.735113265129176e-05
3703,370.3,0.00047232138143110544,-3.466940390121401e-05
3704,370.40000000000003,0.0006019792105166813,4.386388421988631e-06
3705,370.5,0.0007184723093893136,-0.00018433889489359668
3706,370.6,0.0008701944369776995,-0.00015738947278615972
3707,370.70000000000005,0.0011307562095978728,9.622685039591808e-06
3708,370.8,0.0014493386673769188,-0.00025384555975199513
3709,370.90000000000003,0.0013680230199,-0.0003621763723894179
3710,371.0,0.0011700692385631923,-0.0003332869665133036
3711,371.1,0.0010366632556126959,-0.0002188683335837149
3712,371.20000000000005,0.0009287178638154873,6.175251849498432e-05
3713,371.3,0.0009139547499838636,8.915688217520268e-05
3714,371.40000000000003,0.0012210625788606838,0.0003378948928028851
3715,371.5,0.0013427858218168446,0.00040735910365054343
3716,371.6,0.0010199099512092052,0.0007011007211853577
3717,371.70000000000005,0.0010515526894891872,0.0008862469482830487
3718,371.8,0.0013996840581317453,0.0007522615709678835
3719,371.90000000000003,0.0013066457155101342,0.0007679899901809414
3720,372.0,0.001159895532800774,0.0009274844182443987
3721,372.1,0.0010728766764906362,0.0007315674102720718
3722,372.20000000000005,0.0010364336242513175,0.000472288817799721
3723,372.3,0.0011520803746190226,0.00054047941997307
3724,372.40000000000003,0.0009406950258128497,2.6145297523343498e-05
3725,372.5,0.0005431569867274221,-3.428015266043673e-05
3726,372.6,0.0003334517808534739,0.00043798011305310825
3727,372.70000000000005,0.00014416772080594616,-0.00010923867361941539
3728,372.8,0.0001241009772131438,-0.0002501326653403861
3729,372.90000000000003,9.727114083009114e-05,-0.000399318960822962
3730,373.0,0.0001871565772326279,-0.0002608189906010396
3731,373.1,0.00025731711133272355,0.0001430170593005549
3732,373.20000000000005,0.0002437318848477855,-0.00030640617223721007
3733,373.3,-0.00015300923708868393,-0.00023091213913012227
3734,373.40000000000003,-0.00027149548333532414,0.00047049186515584965
3735,373.5,-0.0003338008880903682,0.000963236732202529
3736,373.6,-0.00064406073599652,0.0008328699710755751
3737,373.70000000000005,-0.0011787800244269324,0.0005037393727406125
3738,373.8,-0.0014348009275310693,-8.748392692140082e-05
3739,373.90000000000003,-0.0009888778640513517,-0.0005010565434407484
3740,374.0,-0.0006334183596387386,-0.000487611962448453
3741,374.1,-0.0010384638938748106,-0.0007632550472218381
3742,374.20000000000005,-0.0007092102632077177,-0.0006309545389221871
3743,374.3,-0.0004004830926767164,-0.0001383841276480623
3744,374.40000000000003,-0.0010064910623206204,0.00021201320232441253
3745,374.5,-0.0018827328184811028,0.0006008496310317674
3746,374.6,-0.0019391198468438143,-0.00011497735013908201
3747,374.70000000000005,-0.0017291072593881396,-0.0002250214594754696
3748,374.8,-0.0015242010602880681,0.00013098683658425845
3749,374.90000000000003,-0.0009996177425804964,0.0006996235063692996
3750,375.0,-0.001063487197077288,3.674633633933989e-05
3751,375.1,-0.0017046244148240268,-0.00026262026183049384
3752,375.20000000000005,-0.0016833910946527607,-0.00034737231296225283
3753,375.3,-0.0010956919050844408,-0.00020986317700946047
3754,375.40000000000003,-0.0011654390493657863,-0.0003114195420806675
3755,375.5,-0.0016159967912689687,-0.000488113866369322
3756,375.6,-0.0015589301243750036,-0.0005354577308128113
3757,375.70000000000005,-0.0014271962165402776,-0.0007236375733654714
3758,375.8,-0.001373327108005961,-0.0010647259610801806
3759,375.90000000000003,-0.001276466472018721,-0.0009273501381997739
3760,376.0,-0.0008265909783780835,-0.00034890354125484944
3761,376.1,-0.0004731912409990703,-0.0004333416244902113
3762,376.20000000000005,-0.0007722178618789449,-0.0003888686694733494
3763,376.3,-0.001395445498277916,-0.00038969103934234417
3764,376.40000000000003,-0.001543397770808766,-0.0006289258827154744
3765,376.5,-0.0010743748477741865,-0.0002005607622905817
3766,376.6,-0.0006465595456092293,0.0002355502538062316
3767,376.70000000000005,-0.0006969854874626732,-4.101004581605259e-05
3768,376.8,-0.0009949583843641106,-0.0003681110314578619
3769,376.90000000000003,-0.000884599046458704,-9.939505631367268e-05
3770,377.0,-0.0005066376935165693,0.0003605407201981716
3771,377.1,-0.0003742278511068931,0.0004283587872924179
3772,377.20000000000005,-0.0005581826776457342,0.0003657538648526072
3773,377.3,-0.0007160097947687539,-7.436539793376954e-05
3774,377.40000000000003,-0.0006611124233968239,0.00012999432852222505
3775,377.5,-0.0004077607558343927,0.00019115758079747027
3776,377.6,-0.0004758034385331531,0.00010634375365764588
3777,377.70000000000005,-0.0005307161137460831,6.595522019841269e-05
3778,377.8,-0.0006829408910953304,0.00013168888874370103
3779,377.90000000000003,-0.0008052867844307038,0.00020348749610581512
3780,378.0,-0.0008921718034229003,-0.00021617087247315867
3781,378.1,-0.0009372693372645388,-0.00042469909253899
3782,378.20000000000005,-0.000856628327711055,-0.0004615327342942383
3783,378.3,-0.0007527880387560061,-0.0002822158618542643
3784,378.40000000000003,-0.000367041083451322,-0.0005956917927733656
3785,378.5,-0.0003909357986286657,-8.682789585809833e-05
3786,378.6,-0.0003156047049069332,0.00039710384965542175
3787,378.70000000000005,-0.0002947268348580305,0.00015116631389838729
3788,378.8,-0.00042283480656058506,6.822433240517724e-05
3789,378.90000000000003,-5.841153697770546e-05,0.00043771185142903174
3790,379.0,0.0005933122799054262,0.0009279349155309172
3791,379.1,0.0004997181763634611,0.0007318439052821645
3792,379.20000000000005,0.00024787899737758253,0.00013988636989438724
3793,379.3,0.0004327524281485758,0.00014615634843145566
3794,379.40000000000003,0.0003821092122333781,0.00046555746326508283
3795,379.5,7.588646362944695e-05,0.0002455772420598635
3796,379.6,0.00011605977778507655,-0.00028160673505496996
3797,379.70000000000005,0.0007639778852504155,-0.00015297278774444771
3798,379.8,0.0013399558507252122,-0.00020431958539127206
3799,379.90000000000003,0.0014735852804317832,-6.117911961705733e-05
3800,380.0,0.0012111650961282928,-0.000209297517483449
3801,380.1,0.0008661967784791745,-0.00021247109085141671
3802,380.20000000000005,0.0008317330210687689,-0.0008815124331562691
3803,380.3,0.0008097560652461436,-0.0009741148266510562
3804,380.40000000000003,0.0008407081723264783,-0.0009268819681303827
3805,380.5,0.0008312458616844643,-0.0005502278740201689
3806,380.6,0.0004653009143751973,1.1819378851271655e-05
3807,380.70000000000005,0.0002743432834825087,-0.00044382271809073663
3808,380.8,6.3460733627539794e-06,-0.0004404327276664761
3809,380.90000000000003,-0.00019486449133405306,-0.0003501024696833186
3810,381.0,-0.00033671103352729087,6.58946947569715e-05
3811,381.1,-0.0005934937745194317,-0.00016634642310947383
3812,381.20000000000005,-0.0008018972863132845,8.861886515490164e-05
3813,381.3,-0.0006092923481887784,-0.0001057054514758794
3814,381.40000000000003,-0.0005151766801530229,4.641795672047121e-06
3815,381.5,-0.0010967878937356036,0.0002961392639884425
3816,381.6,-0.00129357095549876,-0.0005048185773836778
3817,381.70000000000005,-0.0004885813224041223,-0.0007320836076681598
3818,381.8,0.0003074027821894367,-0.0002860454888611205
3819,381.90000000000003,-3.6104677395547185e-05,-0.00017392783275322208
3820,382.0,-0.0007669090031557204,-0.0005669933104359707
3821,382.1,-0.0008409197685988705,-0.00038320802830880046
3822,382.20000000000005,-0.0005821346345384564,0.0001516895731351083
3823,382.3,-0.0005263801426608396,-4.9613733604622796e-05
3824,382.40000000000003,-0.0008041835592983069,0.00034971122250162585
3825,382.5,-0.0007030492043708649,0.0005063602010870196
3826,382.6,-0.0003188521845884065,0.00020431036163228583
3827,382.70000000000005,-0.00036791254740648583,-0.0003481655917238159
3828,382.8,-0.000582307640079558,-0.0002729836878881334
3829,382.90000000000003,-0.0005047395781070772,-9.277574921709378e-05
3830,383.0,-3.2609352360418904e-05,1.4000624163946918e-05
3831,383.1,4.140866297959939e-06,-4.818313000914586e-05
3832,383.20000000000005,-0.000138057434953381,-0.0005190490704263964
3833,383.3,-0.00016465982958333909,-0.0001080960999500696
3834,383.40000000000003,-0.0002572940510510224,-0.00020866798512139274
3835,383.5,-0.0005403193367765871,-0.0003336561739104637
3836,383.6,-0.0003955351982515472,-0.00043577194955333223
3837,383.70000000000005,0.0004899383172336978,7.172799037557182e-05
3838,383.8,0.0010064131092263502,-0.0002684035520659505
3839,383.90000000000003,0.0006249105228740763,-0.00047482169366443004
3840,384.0,0.00024654938729698164,-2.42157723771748e-07
3841,384.1,0.000447307368783003,0.0002465069889566958
3842,384.20000000000005,0.0005286887493904549,0.00039263570678059413
3843,384.3,0.0006700876949595335,0.0002899361412940832
3844,384.40000000000003,0.0007550484770409343,2.5146158291670334e-06
3845,384.5,0.000468284378598721,-0.0002734092669405579
3846,384.6,-8.236409627224937e-05,-1.822363191694663e-05
3847,384.70000000000005,9.267014219476465e-05,3.0730865570105607e-05
3848,384.8,0.0007848179803438424,0.0001890019794709969
3849,384.90000000000003,0.0011475952294906638,-4.517378963986176e-05
3850,385.0,0.0005019192505537781,-0.0001018664235722087
3851,385.1,-0.0001696225755122846,-0.0003521783186309633
3852,385.20000000000005,-0.0004250204072922686,-0.00030708625968437706
3853,385.3,-1.8176024750209305e-05,-0.00025234779373658355
3854,385.40000000000003,0.0007863494143698192,0.00010996011223071734
3855,385.5,0.001346540414998384,0.0005003865292829227
3856,385.6,0.001510051334200316,0.0005475289892277098
3857,385.70000000000005,0.0014418137541572906,0.00017412524005045729
3858,385.8,0.001465492825305691,-0.00040684284316657565
3859,385.90000000000003,0.0016758979526671474,-0.00039439896075916175
3860,386.0,0.0013108767881977376,-6.174727197859957e-05
3861,386.1,0.0006976472206079186,0.00041540511585674465
3862,386.20000000000005,0.0006139352376501107,3.123097086504408e-05
3863,386.3,0.0008182127552021725,3.409947873051137e-05
3864,386.40000000000003,0.0005869390327717863,-0.0003900136022713437
3865,386.5,0.0002235352606197751,0.00033920975899329555
3866,386.6,0.0003587747316914445,5.1774347143020766e-05
3867,386.70000000000005,0.0007152581763161046,6.144211989753751e-05
3868,386.8,0.0009164129298136512,0.0002140262300704836
3869,386.90000000000003,0.00029712547094739385,-0.0003170911685016998
3870,387.0,-5.2870791916331366e-05,-0.0002019259253714198
3871,387.1,7.390422322066698e-05,-0.0006514063728798254
3872,387.20000000000005,-0.00021503603187760303,-0.000640237496219706
3873,387.3,-0.0006164244285830682,-0.00028039004010131045
3874,387.40000000000003,-0.00065450795129334,-0.0002535986272733528
3875,387.5,-0.00033213297398967267,-0.00047796732340363193
3876,387.6,0.0003200624080339776,-0.00012731193544902498
3877,387.70000000000005,0.0005431271494773876,-0.0004057967203047947
3878,387.8,7.9411031930463e-05,-0.0006333496972586693
3879,387.90000000000003,-9.427643975520065e-05,-0.000210341170554002
3880,388.0,-6.288167788322728e-05,0.00024388353389846387
3881,388.1,-0.00012591117632762718,-7.035927850549075e-05
3882,388.20000000000005,-7.039753030267102e-06,-0.00026428416240187357
3883,388.3,0.00018843177554323846,-0.00038704150657719824
3884,388.40000000000003,0.0004137505016425652,-0.00015142429569474963
3885,388.5,0.0004888338731894127,-0.0006371739403002778
3886,388.6,0.0003277286453561642,-0.0005046513636641942
3887,388.70000000000005,0.00016921348532499306,-0.0001704405884786374
3888,388.8,-0.000217121538915451,-0.0006023876621252196
3889,388.90000000000003,-3.115158513489404e-05,-0.0007550628193099016
3890,389.0,0.00031043656047714444,-0.0005992554558029575
3891,389.1,-4.115082020503889e-05,-0.00013927743311547216
3892,389.20000000000005,-0.0003154663366785614,0.00034255550633964944
3893,389.3,-0.0003538316484525707,0.00011662603538032286
3894,389.40000000000003,-0.00044591349061251647,0.00011295972263081292
3895,389.5,-0.0008967937273743364,1.1882994477011749e-06
3896,389.6,-0.0009956038365845363,-0.00067233351085234
3897,389.70000000000005,-0.0006178643144234861,-0.0003708700855465971
3898,389.8,-0.0004738151885970333,-0.0002010483260108219
3899,389.90000000000003,-0.0006615805911870387,-0.0007253368260138702
3900,390.0,-0.0008725432433737426,-0.0004932231764387356
3901,390.1,-0.0010315125046269705,-0.00038616758597027965
3902,390.20000000000005,-0.001002952788312931,-0.0004126015811791054
3903,390.3,-0.0007263224485059802,-0.0003256099132181031
3904,390.40000000000003,-0.00028958134746399797,-0.00010499838776445644
3905,390.5,-0.00026366199472232035,0.00023849469221507254
3906,390.6,-0.00047038090577884034,0.00023054857714554518
3907,390.70000000000005,-0.000526364537778367,0.00014959560099977749
3908,390.8,-0.0005384330656735233,-4.6000216916438696e-05
3909,390.90000000000003,-0.0003861841414336978,0.00016262372870180493
3910,391.0,-7.5785160085825435e-06,-0.0003971488691277326
3911,391.1,0.00013650437350587192,-0.001032456322645675
3912,391.20000000000005,0.000310056573200821,-0.0012955747334171853
3913,391.3,-0.0003709399134619873,-0.000960131809261392
3914,391.40000000000003,-0.0012076525460016142,-0.00032729488130573976
3915,391.5,-0.0008435066137398767,0.00014013234475306505
3916,391.6,0.00014355405555547217,0.00032760410581494925
3917,391.70000000000005,0.00032690209188787985,-6.401649784194899e-06
3918,391.8,-6.974193455371527e-05,-0.0006274586722626783
3919,391.90000000000003,-5.69018266659165e-05,-0.00059855660468655
3920,392.0,0.0002175591214193488,-7.407394410795877e-05
3921,392.1,0.0006925081807337744,-0.000292026863898505
3922,392.20000000000005,0.000994779568577025,-0.00023990074541589
3923,392.3,0.0009333627156496953,-0.0007088026669486655
3924,392.40000000000003,0.0011503639352119248,-0.0008550352967922254
3925,392.5,0.0010108869251124258,-0.00018825216044259356
3926,392.6,0.00034601037307836253,9.928579195506924e-05
3927,392.70000000000005,0.00011545198822947377,2.0982054700386263e-05
3928,392.8,0.0003411387201082839,-0.0001294506677400119
3929,392.90000000000003,0.0004205508863834516,-5.525343524933305e-05
3930,393.0,0.000589502486063232,0.00012497767474115959
3931,393.1,0.00029929532700478755,0.0004017595694846846
3932,393.20000000000005,-7.020125726816497e-05,0.00045593267323586494
3933,393.3,0.0004885117619979954,0.0003733528617233178
3934,393.40000000000003,0.0010508868462403877,0.0005242356199849329
3935,393.5,0.0003754611001401597,0.00015976883054850732
3936,393.6,-0.0003566979700808055,-0.000976884647811896
3937,393.70000000000005,-0.00021721967578676533,-0.0006925094964684145
3938,393.8,0.0003184020759645156,-0.00029148927533222764
3939,393.90000000000003,0.0007876441850359148,0.00026491794620871884
3940,394.0,0.0007057925904664338,0.00023993079180532423
3941,394.1,0.00035428122115686324,-8.731896601572342e-05
3942,394.20000000000005,0.00028189675722064997,-0.00014191290079455226
3943,394.3,0.000481872088482798,3.139200783249264e-05
3944,394.40000000000003,0.00036713163551972146,-2.902715980595512e-05
3945,394.5,-0.0001082263934033823,-0.0003450145339839747
3946,394.6,-0.00028546352485155806,-0.00045192970359526923
3947,394.70000000000005,-0.0003203621504467716,-0.0002693808221815455
3948,394.8,-0.0002643729855261963,-0.00028051893260144784
3949,394.90000000000003,-0.00022033175562108433,-0.00014460209370627377
3950,395.0,-0.0003630805096765062,-5.988396032057242e-05
3951,395.1,-0.0008656270747565561,-0.0008437554951393439
3952,395.20000000000005,-0.000965639681047681,-0.0009027774055429948
3953,395.3,-0.0008923188838814704,-0.0010396746816909734
3954,395.40000000000003,-0.000923769955852881,-0.0008336205395586568
3955,395.5,-0.001061134607419435,-0.0010611502498089926
3956,395.6,-0.001034116930954627,-0.0006922169379530717
3957,395.70000000000005,-0.000941255478233216,-0.00037755151909317334
3958,395.8,-0.0009288924056358725,2.889543487869055e-05
3959,395.90000000000003,-0.000909332186358983,0.0005578539105560512
3960,396.0,-0.0011150617058036964,0.00038901006331775703
3961,396.1,-0.0016157909396929328,2.632517395706337e-05
3962,396.20000000000005,-0.0016169567293054558,-0.0005529118845216906
3963,396.3,-0.001286866242539974,-0.00021286241106019803
3964,396.40000000000003,-0.0010146787748877854,-0.00018771101492424526
3965,396.5,-0.000809886747868852,0.000337863341385042
3966,396.6,-0.0010775779600198938,0.0005672036324131156
3967,396.70000000000005,-0.0014759397058275465,-4.384648912537336e-05
3968,396.8,-0.0013244856690414804,8.714538968504559e-05
3969,396.90000000000003,-0.0007503029499815236,-0.00019595539589117321
3970,397.0,-0.0005236343871621481,0.00010530033220918988
3971,397.1,-0.0005125376265469252,0.00021512100961258406
3972,397.20000000000005,-0.00028591710051781326,0.00043053875994358056
3973,397.3,-4.526820987733516e-05,0.0006925268273328912
3974,397.40000000000003,-8.939452114075112e-05,0.00027872165717322036
3975,397.5,9.534829179862416e-05,0.0002701441763795908
3976,397.6,0.0005348400073213275,0.0002130651231289867
3977,397.70000000000005,0.0007368450833916611,0.0007509329630189515
3978,397.8,0.0005142803157499489,8.839341873039899e-05
3979,397.90000000000003,0.0002606246948785838,0.0002445082084330061
3980,398.0,-8.73281081159724e-05,0.0004431353722574198
3981,398.1,-0.00027534814768909394,0.0007539229896069888
3982,398.20000000000005,0.00016090410622228755,0.0005653486856385948
3983,398.3,0.0005384366486078882,0.0004930995114967456
3984,398.40000000000003,0.0005013848133903952,0.0004882449507181279
3985,398.5,0.0004531308843053691,0.0002216791753946549
3986,398.6,0.0006010745287778745,0.0005204168013835461
3987,398.70000000000005,0.0006306326896007133,0.0006578249426373728
3988,398.8,0.0004167728620587763,-0.0001043118420136275
3989,398.90000000000003,0.00038330262152963367,3.804045035038232e-05
3990,399.0,0.00040820402349460444,0.0008489592013166004
3991,399.1,0.0003875175870948388,0.00043152922381779307
3992,399.20000000000005,0.0001648402645998125,0.0002002457136287565
3993,399.3,0.00016063790197995463,8.741037775431922e-05
3994,399.40000000000003,0.0005670282459897603,0.0002035541562096868
3995,399.5,0.0007629069797522724,3.113385356847934e-05
3996,399.6,0.0011319270870388891,0.00038011287909446226
3997,399.70000000000005,0.0007857580687368295,0.0007011178044273452
3998,399.8,0.0003722722705102028,0.0012187991340528242
3999,399.90000000000003,0.00045599509435633145,0.0009879113635989788
4000,400.0,0.0006189144133310727,0.000428803774448959
4001,400.1,0.00031608764651278997,0.0007272173095805646
4002,400.20000000000005,5.944102516329781e-05,0.00013094459259141436
4003,400.3,0.00030701561890583685,0.00020907167023905611
4004,400.40000000000003,0.0007441286355546766,3.415805017569439e-05
4005,400.5,0.0007746177020686554,0.0003762789846329769
4006,400.6,0.0008575078617270868,0.0007341163975770483
4007,400.70000000000005,0.0009337627442297538,0.0006209329533957106
4008,400.8,0.0007079219969363903,4.960384762362987e-05
4009,400.90000000000003,0.0002923693170877328,-0.00036670099257370603
4010,401.0,0.0001527560963273694,-0.00038939758244896524
4011,401.1,0.00029044859964328875,-3.491699415065609e-05
4012,401.20000000000005,0.0005504132888465624,-0.0003544733973909644
4013,401.3,0.0002986375625783742,-0.0005953702890956166
4014,401.40000000000003,3.0278182809723733e-05,-0.000510777422443239
4015,401.5,0.0003212604258975917,-0.0005513980170445328
4016,401.6,0.0004408158099981546,0.00015747610932894228
4017,401.70000000000005,0.00035566923596373274,0.00011398257913833274
4018,401.8,0.0005064302946483077,0.00021051501638785672
4019,401.90000000000003,0.0008217203619747164,2.222284563076809e-05
4020,402.0,0.000817610651481089,-0.0002013815560422889
4021,402.1,0.0005047221045569117,-0.00020465390206363156
4022,402.20000000000005,-3.3041067305569834e-05,-0.00039551057148858694
4023,402.3,7.972843215598349e-05,0.0002636804477721082
4024,402.40000000000003,0.00042326290272203036,0.0006128696727322741
4025,402.5,0.00038911001207059026,-0.00011454662846675975
4026,402.6,0.0004202323974102719,-0.00038576294789600875
4027,402.70000000000005,0.0006370865806795872,-1.6336287928419565e-05
4028,402.8,0.0008570879295215034,0.00031266704339731404
4029,402.90000000000003,0.0011121475578871006,-0.0001748741494335039
4030,403.0,0.0012117450714015207,-0.00032883955316273273
4031,403.1,0.0010433370278525647,-0.0004164207617287572
4032,403.20000000000005,0.0010021269308479915,-0.00017676213002630414
4033,403.3,0.0012412577506734038,0.00036165991143337535
4034,403.40000000000003,0.0011829530136140537,0.00046468157049626865
4035,403.5,0.001209403610164994,0.0006190745595057376
4036,403.6,0.001015104770731806,0.0003258856628412975
4037,403.70000000000005,0.0007043263914291896,-0.0001576728513936441
4038,403.8,0.0009278705817809239,7.679578985945651e-05
4039,403.90000000000003,0.0011186812806784723,0.0002790847533520353
4040,404.0,0.0010419537445312398,8.686416303193866e-05
4041,404.1,0.0008654676710268931,0.00022535262232512723
4042,404.20000000000005,0.00042801757207389796,0.0007918463169684815
4043,404.3,0.0003965992587679637,0.0009362746927082385
4044,404.40000000000003,0.0005359278017804253,0.0004839929910354455
4045,404.5,0.000835489707908287,0.0006265087432979737
4046,404.6,0.0008147462468765895,0.00034342296172818366
4047,404.70000000000005,0.0005863162876739314,0.00045944926635936134
4048,404.8,0.0005665086288705475,0.00012746495184675087
4049,404.90000000000003,0.000512937365803424,0.00010495181304472746
4050,405.0,0.0005853657315091787,-0.0002009156104111841
4051,405.1,0.0012085589403004087,1.9569365684784596e-05
4052,405.20000000000005,0.0011776754410835007,0.00037929365246505345
4053,405.3,0.0005305619052814026,0.0009739378674203967
4054,405.40000000000003,4.02552143114199e-05,0.000605045573005859
4055,405.5,2.8129563391843118e-05,0.00046528587043710826
4056,405.6,0.00012172281009864371,-0.00019267297219246375
4057,405.70000000000005,0.00042212394339066767,5.260058669659207e-05
4058,405.8,0.0002662711663107807,3.989590652877194e-05
4059,405.90000000000003,-0.00033681931900710754,-9.349896034843414e-05
4060,406.0,-0.0006860176744199762,-0.00045192630634576756
4061,406.1,-0.000305274654594347,-0.00011181334990571368
4062,406.20000000000005,9.495653556768085e-05,0.00023582507627044281
4063,406.3,-0.00021394761792987893,0.0006010969327268703
4064,406.40000000000003,-8.748663896877265e-05,0.00041600127872275873
4065,406.5,0.0002255894838157016,0.00011620919946327223
4066,406.6,1.6720635794215672e-05,0.00022170666737545336
4067,406.70000000000005,-0.00014079656692246866,-0.00012133556042396863
4068,406.8,0.00010788514923302221,-0.0001764218822397134
4069,406.90000000000003,-6.805236325482823e-05,4.8646328313368335e-05
4070,407.0,-7.421786065854416e-05,0.0002653713696394298
4071,407.1,0.0004995698063607417,4.4453351428137096e-05
4072,407.20000000000005,0.000696492331897993,-3.8721725401694636e-05
4073,407.3,0.000554748600274276,3.993399536012947e-05
4074,407.40000000000003,0.0006412436320183862,-0.00016814762391312234
4075,407.5,0.0006988268973444007,-7.130940550587847e-05
4076,407.6,0.0007626656405234019,-0.0006730494246279012
4077,407.70000000000005,0.0007089943178821443,-0.0006857501314792157
4078,407.8,0.000821780880349052,-0.00027349091539158576
4079,407.90000000000003,0.0010939635439564963,0.0003017393799564402
4080,408.0,0.001097607553889724,0.00010786063596840855
4081,408.1,0.0007645876756688199,-0.0003251613063483461
4082,408.20000000000005,0.00014106318089035215,-0.00038874649659953
4083,408.3,1.6172235866657034e-05,-0.00036972632723755516
4084,408.40000000000003,0.0004766665935382005,-5.594225199938975e-05
4085,408.5,0.0009623345052804939,0.00037138685638137757
4086,408.6,0.0009297870679665769,0.00013642815649841998
4087,408.70000000000005,0.000900132318125021,7.2589840387659e-05
4088,408.8,0.000783057204644208,-0.00030003138393896523
4089,408.90000000000003,0.00041483328880183166,-0.000681467048001597
4090,409.0,0.0005222414675020481,-0.00043345138992041096
4091,409.1,0.0008114408881151587,-0.00023943345622640255
4092,409.20000000000005,0.0013312780015628646,-4.515483761514458e-06
4093,409.3,0.0012573901110494448,-2.79580635882572e-05
4094,409.40000000000003,0.0006910123079797255,4.3496666005521666e-05
4095,409.5,0.00039186748196421144,0.00022094893936825085
4096,409.6,-0.00015249871865674676,0.00020232106718344827
4097,409.70000000000005,-0.000472236211502389,-8.272228682589384e-05
4098,409.8,-0.00011315882762450951,-0.00011031327105200419
4099,409.90000000000003,0.00025662967339682487,0.00027927610599869204
4100,410.0,0.0001748835188741581,0.0005717610967425636
4101,410.1,-0.0004491971981844781,0.0004234288344516849
4102,410.20000000000005,-0.0007570637200636802,7.721962280390042e-05
4103,410.3,-0.0005539984631695455,0.0001678885023732454
4104,410.40000000000003,-0.00016429416866898963,-8.212465897295482e-05
4105,410.5,-0.00012231271325956097,-1.716643508659378e-05
4106,410.6,-0.00018488993043382573,0.000396123107176133
4107,410.70000000000005,-7.847217096866281e-05,0.0004839468370858351
4108,410.8,-0.00032439255825319655,0.00013431024771317458
4109,410.90000000000003,-0.0007299587682649491,-2.6701136727252083e-05
4110,411.0,-0.0005215346098630938,-6.992689695457994e-05
4111,411.1,-0.00012104282038130573,1.4755317033614235e-06
4112,411.20000000000005,-0.00020692730509963713,0.0004152854923733538
4113,411.3,-0.0005234861955394183,0.0003178237962828958
4114,411.40000000000003,-0.00023260163804878092,0.00018253874452071306
4115,411.5,0.00030084105166868516,0.0006096009844362242
4116,411.6,0.0005530309370898686,0.000532901357849986
4117,411.70000000000005,0.00046146075243144003,0.0003795935128919322
4118,411.8,8.342903189604347e-05,0.0006270738800983023
4119,411.90000000000003,0.0001740101903128622,0.0004984147189139702
4120,412.0,0.00036357639164383027,9.657327986661592e-05
4121,412.1,0.0004427617347400136,-0.00011793489871917303
4122,412.20000000000005,0.00024694778163985513,-0.00018110376858257525
4123,412.3,4.423086572064884e-05,-0.00038738310727057837
4124,412.40000000000003,-1.3175321387405753e-06,-0.0004803100266707404
4125,412.5,0.0003808427060456585,-0.0004849683308598635
4126,412.6,0.0008704179226227784,-0.0005027261493987922
4127,412.70000000000005,0.001074521758939634,-0.0002318525867634605
4128,412.8,0.001119946293739526,-0.0002461901016379732
4129,412.90000000000003,0.0006611688424978956,-0.00041641376711657976
4130,413.0,0.0004185137517324774,-0.0005528618568364442
4131,413.1,0.0005869017932610443,-0.0001594005731857284
4132,413.20000000000005,0.0010564242405923794,-0.0003639141353260092
4133,413.3,0.0013805500156843353,-0.0004278854187352473
4134,413.40000000000003,0.0013939081149285646,-0.0003140257079808431
4135,413.5,0.0014378559390578478,-0.00015939991132631387
4136,413.6,0.0014248383151430606,0.0007308478925326513
4137,413.70000000000005,0.0008240093259644372,0.000508971361631502
4138,413.8,0.0003704521696282455,-0.0002593020364754398
4139,413.90000000000003,0.00048378982735001905,-0.00043902464644067046
4140,414.0,0.0006612363528637324,-0.0004622956813442806
4141,414.1,0.0005832331135518369,-0.00035481522512670756
4142,414.20000000000005,0.00010618643549341026,-0.00025672282605987374
4143,414.3,-0.0004063978611188463,0.0001016948590832575
4144,414.40000000000003,-0.0007237150038945405,0.00019166776001080897
4145,414.5,-0.0005968095416294591,0.00013616182489933345
4146,414.6,-0.00044377378881387203,-0.00036607254456610326
4147,414.70000000000005,-0.0003033411816378775,-0.000257749354825092
4148,414.8,-5.6902344112878544e-05,-5.775041300671423e-05
4149,414.90000000000003,-0.00010001375953265008,-0.00044653888580039735
4150,415.0,-0.00046681539527055466,-0.0007902218979407584
4151,415.1,-0.00019212770176348087,-0.0005623759605128733
4152,415.20000000000005,0.00048432326096655115,-0.00046950627656091427
4153,415.3,0.0002455579532061551,-0.0007118078207250001
4154,415.40000000000003,-0.0002551265213834956,-0.0003901336625600626
4155,415.5,-8.547691317106618e-06,-0.0007294346406340425
4156,415.6,0.0007059632605772466,-0.0005209644872994141
4157,415.70000000000005,0.00040176260070084183,-0.00035559802003209344
4158,415.8,-0.0003631404170592942,9.535564132027694e-05
4159,415.90000000000003,-0.0005551113566971595,3.309042876481741e-05
4160,416.0,-0.00019515047248306125,2.0755089728334995e-05
4161,416.1,0.0002293214246383362,-0.0004657029591137828
4162,416.20000000000005,0.0007285723609137309,3.239952275846203e-05
4163,416.3,0.0008902688060706106,0.0002399964015069619
4164,416.40000000000003,0.0004293220414470399,0.000319817005972502
4165,416.5,-6.884608081712182e-05,0.0004304431763234843
4166,416.6,0.0001240384960459263,-3.3396198712039855e-05
4167,416.70000000000005,0.0003271508675740484,-0.0003408263371097302
4168,416.8,1.4203243236828023e-05,-0.0006318989007464925
4169,416.90000000000003,-0.00011320983326589532,-0.0007576906376356955
4170,417.0,0.00011419662916177334,-0.0008600378807481322
4171,417.1,0.0003750339511210768,-0.00014529697662708866
4172,417.20000000000005,0.0006673438544287818,0.00026751394109727654
4173,417.3,0.00031799524272914473,0.0002322105016118982
4174,417.40000000000003,-0.00010265360960619278,0.00021106499316215206
4175,417.5,-0.00029254624265536577,0.00039173491594496384
4176,417.6,-0.00024055829805500007,0.0003879667248709709
4177,417.70000000000005,-0.0003321979980789797,0.00041199425038296664
4178,417.8,-0.0006618132316651219,0.00026242078427569823
4179,417.90000000000003,-0.0003619456596850998,2.2921470647843435e-05
4180,418.0,8.848052291490756e-05,0.0002539887375737518
4181,418.1,0.00021395029706618371,0.00013498154019481604
4182,418.20000000000005,0.00031085536150232657,0.0003011766350908902
4183,418.3,0.0002803623088478443,0.0001837403966530344
4184,418.40000000000003,0.0004239379486483823,0.0002641634260053573
4185,418.5,0.000759854229154302,0.0004045419857795714
4186,418.6,0.00034431508445665617,0.0002520605290681406
4187,418.70000000000005,-5.280220707720377e-05,-0.0003354685863099072
4188,418.8,0.0004676263732496787,-0.0002409606511954649
4189,418.90000000000003,0.0008095259512848271,6.968823842918632e-06
4190,419.0,0.00041528140482013546,0.00015854839338024982
4191,419.1,0.0001789721920524395,0.0005990567703032705
4192,419.20000000000005,0.00029820494240725563,0.00046359615816579024
4193,419.3,0.0003576781995196975,2.181526266981469e-05
4194,419.40000000000003,0.0001261156957343243,9.062190739398494e-05
4195,419.5,-0.0002606199155229597,0.0010005730822266494
4196,419.6,-0.0005139414034498981,0.0004792134720280143
4197,419.70000000000005,-0.0005713284225000753,0.00016963256534975995
4198,419.8,-0.0002659306791625811,0.0005733762516213219
4199,419.90000000000003,-5.907357110127863e-05,0.0005802485667453955
4200,420.0,-0.00025562635286922007,0.00012076586651435822
4201,420.1,-0.00011636862388344672,-0.0001448429532090595
4202,420.20000000000005,0.00019771455342624278,-0.00019481878677118526
4203,420.3,0.0002620811154949113,-0.00012124406265321471
4204,420.40000000000003,0.000325227303484865,0.0003120938277577999
4205,420.5,0.0005646021316059174,0.000566570590710818
4206,420.6,0.0008131479905439587,0.000302016647432148
4207,420.70000000000005,0.0012452909849002018,0.00026379452479608086
4208,420.8,0.001416705051273708,0.0004897431402494277
4209,420.90000000000003,0.001105330411893261,5.777411873896828e-05
4210,421.0,0.0007897351708053225,-8.152891483919563e-05
4211,421.1,0.0007918431299771173,-0.00019743656895089903
4212,421.20000000000005,0.0006521889186482586,3.6366848395096035e-05
4213,421.3,0.00034853716535198715,0.00016510232103100737
4214,421.40000000000003,0.00013342118705755865,4.095884067659859e-05
4215,421.5,0.0004713619915390403,-0.00018264512653153205
4216,421.6,0.001296769366756123,0.00012025566797584953
4217,421.70000000000005,0.0016118952158440932,0.00034553117532502836
4218,421.8,0.0017373178604570365,0.00014624353974162393
4219,421.90000000000003,0.0017979950369348156,0.00036303279002960717
4220,422.0,0.0016873633110327444,0.0005902134777935007
4221,422.1,0.001581399163116491,0.00032197186257500957
4222,422.20000000000005,0.0014112917043862623,2.50435414257172e-05
4223,422.3,0.001409443457903094,3.779096537050305e-05
4224,422.40000000000003,0.0012798629204451135,-7.302968765487642e-05
4225,422.5,0.0012761265971488695,6.424076103287804e-05
4226,422.6,0.0011396124196951158,0.00017122475162763495
4227,422.70000000000005,0.0013321186474655965,0.00041922884154622274
4228,422.8,0.0017412369506292337,0.0005827421299955263
4229,422.90000000000003,0.0016391206189407404,0.00047229256111015196
4230,423.0,0.0010376283943709234,0.000437654318623769
4231,423.1,0.0006443019513780819,0.00015812649253084334
4232,423.20000000000005,0.0007720715897388862,0.00029304288950860445
4233,423.3,0.000837109030153663,0.0005593386360876697
4234,423.40000000000003,0.0005364515258136158,0.0001395301638901912
4235,423.5,0.0003708965546856246,-0.0006469522176966992
4236,423.6,0.00030794832769062274,-0.0005669417067092935
4237,423.70000000000005,-0.00011706381409793034,-0.0004161454130146589
4238,423.8,-0.000304263498011295,-0.0004073935059100614
4239,423.90000000000003,0.00039341238392855826,-0.000375545156447984
4240,424.0,0.0006926028918218932,-0.00033622297603277886
4241,424.1,0.0005298729749371618,-7.25273879541411e-05
4242,424.20000000000005,0.000639932795188366,0.000515867134829841
4243,424.3,0.0008288506282616748,0.0005181860893335614
4244,424.40000000000003,0.0006944893321794771,0.0003027571624369146
4245,424.5,0.00043601715527430857,0.00015332715437474324
4246,424.6,0.00023798783628535918,-0.0002608272424656846
4247,424.70000000000005,0.0003635545954016947,-1.6835074832601955e-05
4248,424.8,0.0004183693879009707,-0.00010315091414164872
4249,424.90000000000003,0.0001664296574092782,-2.7149205372159495e-05
4250,425.0,0.00020420601177196935,-0.0003936657683072245
4251,425.1,2.155047808739568e-05,-0.00039796229349131347
4252,425.20000000000005,-0.0004561239277030652,0.00012044713307025017
4253,425.3,-0.0006073417760532925,-0.00015608443621661949
4254,425.40000000000003,-0.0005964189478449859,-0.0002961759778995994
4255,425.5,-0.0005466870051063454,-0.00014682742492780782
4256,425.6,-0.0006458286214721704,-0.0001517117583931121
4257,425.70000000000005,-0.0005203135705649523,-0.00023937323561886787
4258,425.8,-0.0007054266049118931,-0.00028210264295297683
4259,425.90000000000003,-0.0009831223296973076,-0.00035816519168622025
4260,426.0,-0.0008143860751130387,-0.00019147516764343953
4261,426.1,-0.0007163275611166308,-0.0006548981291086313
4262,426.20000000000005,-0.0006093836601055273,-0.0005562188603614339
4263,426.3,-0.00014820805918750777,-0.00032347400071768863
4264,426.40000000000003,-1.8669030071026107e-05,-4.0593004286048e-05
4265,426.5,0.0001182445825807583,0.0004570887829326011
4266,426.6,0.00027504128029784235,0.00036775344404854323
4267,426.70000000000005,0.00036554516105018615,0.0009135921569814139
4268,426.8,-0.00010889062751427429,0.0005815469414474165
4269,426.90000000000003,-0.00048404840379348476,0.0003804024530861718
4270,427.0,-0.00023163358646828178,0.0002394347047692307
4271,427.1,0.00042437435495288283,-0.0001331112525919438
4272,427.20000000000005,0.0006745125458339537,-0.00032191064008041815
4273,427.3,-3.3517185697007966e-05,-0.0006149440819967585
4274,427.40000000000003,-0.0005045919272305286,-0.0010669648116830154
4275,427.5,-6.948506446261743e-05,-0.0012199688702017623
4276,427.6,0.0004582466880999798,-0.0009746060874906973
4277,427.70000000000005,0.00047862042446821987,-0.0002782901901715017
4278,427.8,0.00018782850822798605,-1.7043628068473436e-07
4279,427.90000000000003,0.0004008937117601539,0.0002914592933949721
4280,428.0,0.0011239028565714901,1.251195442870838e-05
4281,428.1,0.0011510388767297527,4.704667942423463e-05
4282,428.20000000000005,0.0006773010088370585,0.000107555656716572
4283,428.3,0.00044357628132572687,6.568952559378982e-05
4284,428.40000000000003,0.00040903075903548736,-0.0006180221151062457
4285,428.5,0.0009235905113488878,-0.0007467774336100134
4286,428.6,0.0010410698260439391,-8.555356669746883e-05
4287,428.70000000000005,0.0007662794166692487,-0.00011725357529903403
4288,428.8,0.0006162616458661402,-0.00039301854999493834
4289,428.90000000000003,0.0008596664977396025,-0.00021454253567595457
4290,429.0,0.001192682429593967,-0.0003500323801453877
4291,429.1,0.0010805267874968857,-0.00047311909673624866
4292,429.20000000000005,0.0008089655631734671,-0.0006376995392807393
4293,429.3,0.0008407844393705265,-0.000746031960429864
4294,429.40000000000003,0.0012878268901707218,0.0003556847688450578
4295,429.5,0.0016084264958699946,0.0006437795162243962
4296,429.6,0.0015780813096231898,0.0008102913157178831
4297,429.70000000000005,0.0013578723202348187,0.0005113562838396222
4298,429.8,0.0011193463079907581,0.00046860295589407715
4299,429.90000000000003,0.0008332661825027509,0.0003238787541637941
4300,430.0,0.0007625474163867265,0.00032942004201684825
4301,430.1,0.0010921659794526735,0.00041344285376931466
4302,430.20000000000005,0.0015104327567221122,0.00023994713772467057
4303,430.3,0.0011222763978526221,0.00020987724262903424
4304,430.40000000000003,0.0010195271104734332,0.00028825360212247556
4305,430.5,0.0012248877697643246,0.000510670792848126
4306,430.6,0.0010583403128698815,0.0006236182494212024
4307,430.70000000000005,0.0010103691090092304,0.000494622286208593
4308,430.8,0.0011898234255566824,0.000622716083398698
4309,430.90000000000003,0.00125666439016075,0.0006068576459772162
4310,431.0,0.001184631212528187,-6.597282333111086e-05
4311,431.1,0.0010714898252913506,0.0002286072568037208
4312,431.20000000000005,0.001536593301203209,-0.00015608295751282688
4313,431.3,0.0020269519637333266,0.0002464544119253519
4314,431.40000000000003,0.0017049358078742485,8.767665372387883e-05
4315,431.5,0.0010790092582122883,0.00019326485535291267
4316,431.6,0.0010231348170963348,0.00013138941061301268
4317,431.70000000000005,0.0008953586666208378,0.0003038169729987979
4318,431.8,0.0005616548495694635,0.00040744018338027593
4319,431.90000000000003,0.0007528950974588424,0.0001548091701204277
4320,432.0,0.0010102829525059337,0.0002525004942848685
4321,432.1,0.0006487722274696079,0.00026486491375980265
4322,432.20000000000005,0.000477703532286092,0.00022076881667925069
4323,432.3,0.0003625533113906679,0.0005929943386050694
4324,432.40000000000003,0.00023053788191149411,0.00026941373183855485
4325,432.5,9.589885183882503e-05,-8.523984583506544e-05
4326,432.6,1.7828580757468953e-05,5.686264544651012e-05
4327,432.70000000000005,0.00014822433804160585,0.0005205597427443112
4328,432.8,0.0003050668340069229,0.0006401411307898121
4329,432.90000000000003,0.0004708048203534902,0.00039187275955996124
4330,433.0,0.0005254206438834943,0.0004735057237259231
4331,433.1,0.0008339526843180694,0.00010887889328650066
4332,433.20000000000005,0.0009246567208971507,-0.0003717292192718647
4333,433.3,0.000474757147289043,0.0002000132514204536
4334,433.40000000000003,0.0004644945558751321,0.00040016822980555784
4335,433.5,0.0006133161887009195,0.00032379573894426985
4336,433.6,0.00035438363649685777,-0.0002517665113988341
4337,433.70000000000005,0.0005820110431414723,-0.00020269230729522662
4338,433.8,0.0007556881645741033,0.0003297415497332687
4339,433.90000000000003,0.00021141342878625336,0.00045562835289727187
4340,434.0,-2.4389406323992317e-06,0.0002776560204847038
4341,434.1,0.000126816991463127,-0.0004699059171722645
4342,434.20000000000005,0.00034170087912780605,-0.0005092698824350283
4343,434.3,0.00014404535845176342,-0.0001860342001050849
4344,434.40000000000003,-0.00016753184646665803,6.626223453901121e-06
4345,434.5,0.00018870190331524855,0.0005329879934966788
4346,434.6,0.0007173170504456453,0.00045185326114999524
4347,434.70000000000005,0.00034086620640437585,0.0006601784001334443
4348,434.8,-7.69979094797871e-05,4.10413408648198e-05
4349,434.90000000000003,4.3632039458057405e-05,-7.958293622843569e-05
4350,435.0,0.00016555122349035142,-2.6195802621936648e-05
4351,435.1,-0.00016822202140517753,0.0004692605244540769
4352,435.20000000000005,-0.00019291524088994646,0.000542915584679532
4353,435.3,-5.266948444112698e-05,0.00013599934295994463
4354,435.40000000000003,-0.00032979894631369794,-0.00014288129496107757
4355,435.5,-0.0008576194304954308,-0.00026951863493786856
4356,435.6,-0.0007386992236962309,-0.000605502718011749
4357,435.70000000000005,-0.00047103971088391464,-0.0009506777195938422
4358,435.8,-0.0005344283561356171,-0.0007906314699202237
4359,435.90000000000003,-0.0007719805955856248,-0.0006717331583588003
4360,436.0,-0.001101055439399383,-0.0004976181643893204
4361,436.1,-0.0011259722796782196,4.707615605477836e-06
4362,436.20000000000005,-0.0012622909151973056,-0.0006483574530602515
4363,436.3,-0.0014162668469118568,-0.0010938477809900075
4364,436.40000000000003,-0.0012496572774600683,-0.001094344568070851
4365,436.5,-0.0010049685383970548,-0.00045062775922642483
4366,436.6,-0.0013170283029452351,-0.0004471498958885612
4367,436.70000000000005,-0.0013509164368938923,-0.0008605640063643314
4368,436.8,-0.000837902224206649,-0.00042054985745104196
4369,436.90000000000003,-0.0005836999809705305,0.00011290572380654166
4370,437.0,-0.0007651896464298064,-0.0003030783471814482
4371,437.1,-0.0009984513294805394,-0.0003274720184301582
4372,437.20000000000005,-0.0009909258770362318,-0.00032789432004048995
4373,437.3,-0.0014146108686421905,-0.0004335672286327064
4374,437.40000000000003,-0.0014428819271688298,-0.0003876644022409035
4375,437.5,-0.0009271345738656975,-0.00034250980725441057
4376,437.6,-0.0005793267172533641,-0.0004241285739134007
4377,437.70000000000005,-0.0006475642313157631,-0.00022717440461377138
4378,437.8,-0.0009317209396951144,4.831958282928141e-05
4379,437.90000000000003,-0.001079676628945713,-0.000482880778491892
4380,438.0,-0.0009851019623685988,-0.0008858009460319935
4381,438.1,-0.0010786463688797618,-0.00045831424675428815
4382,438.20000000000005,-0.001237571912536757,-0.0003582883098403633
4383,438.3,-0.0013279232198758488,-0.00033058510012666737
4384,438.40000000000003,-0.001085194620293391,1.2934283874793586e-05
4385,438.5,-0.0008149750803576502,-0.00015717172678425667
4386,438.6,-0.0005123233794481981,-0.00035832436418996603
4387,438.70000000000005,-0.00030887595611767425,-0.0004159676325312189
4388,438.8,-0.0003385880714762518,-3.656789985968091e-05
4389,438.90000000000003,-0.0005187885106569632,0.0002036990990526632
4390,439.0,-0.0005677370188637198,-1.8584055549363283e-05
4391,439.1,-0.0005236700243361971,-1.0972257698303273e-05
4392,439.20000000000005,-0.00038409742543051907,0.00017159462566391573
4393,439.3,-0.00019712241593413394,-3.578217758480977e-05
4394,439.40000000000003,-0.0003219212922561888,-0.0005123931712566235
4395,439.5,-0.0005397799530826553,-0.0006500890076335619
4396,439.6,-0.0004777753622456614,-0.0005136360035437666
4397,439.70000000000005,-0.00017176529230813591,-0.00012464334878913578
4398,439.8,-5.4538898780203506e-05,0.0003813705369612701
4399,439.90000000000003,-0.00019513625211605692,-0.00029205431316327486
4400,440.0,5.643961845107548e-05,-8.687016733034504e-05
4401,440.1,0.0004485420708796003,0.00018129571206461844
4402,440.20000000000005,0.0005193505682197688,2.1452828043866643e-05
4403,440.3,0.00016804700610536862,-0.0006698370412056498
4404,440.40000000000003,-0.00011693025646404537,-0.0005275479878705306
4405,440.5,0.0001318095878600488,-8.075910095028115e-05
4406,440.6,0.000571269796909491,0.00033486414438414145
4407,440.70000000000005,0.0005814149450943126,0.0005848087705909203
4408,440.8,0.00018981368994209856,-0.00026966037145343845
4409,440.90000000000003,0.00013279007567209268,-0.000577069645143213
4410,441.0,0.00028067079427261747,-6.22730127159479e-05
4411,441.1,0.0004997036297092204,-0.00019765418272627518
4412,441.20000000000005,0.0005390672722636648,3.353926169379766e-05
4413,441.3,0.000766625332357173,0.00040170474000597166
4414,441.40000000000003,0.0010589511695139673,0.0004649291050044945
4415,441.5,0.001203609272949514,7.089637139167887e-05
4416,441.6,0.0010574211065329127,0.0002680965078520678
4417,441.70000000000005,0.00046500504804978843,0.00025993679117706006
4418,441.8,0.00013760935892697903,0.00020170838344431765
4419,441.90000000000003,0.00019669824120367534,-0.0002515484133784695
4420,442.0,-3.629088290394045e-05,-0.00034767592776575716
4421,442.1,-0.00024063403879971646,4.728080175035622e-06
4422,442.20000000000005,-0.00024805485633075164,-0.00018161542996088058
4423,442.3,-0.0002614305962577585,-0.0003178129240029596
4424,442.40000000000003,-0.0006514677253845889,-0.00029147931613993235
4425,442.5,-0.0011311045449495162,-0.00035939875536980536
4426,442.6,-0.0013940215595280852,-0.0002047679261977337
4427,442.70000000000005,-0.0012168495901983772,0.00031995292580178867
4428,442.8,-0.0009255783558738783,-9.005479126763405e-05
4429,442.90000000000003,-0.0008603384823117488,-9.377200802561736e-05
4430,443.0,-0.0007297434834206137,0.00022467280102960913
4431,443.1,-0.00048212109090302145,0.000805083036899359
4432,443.20000000000005,-0.00047344724336766754,0.0003166487912954866
4433,443.3,-0.0008035810374391505,-0.00047268570604390274
4434,443.40000000000003,-0.0009056448778991365,-0.000564588709528946
4435,443.5,-0.0005796349519812012,-0.000690146029426293
4436,443.6,-0.0001857965005316381,-0.0006607476420921517
4437,443.70000000000005,-0.0004141369889448647,-0.0004636959234668468
4438,443.8,-0.0008615044482116846,-0.0003344287071898649
4439,443.90000000000003,-0.0007586809329120915,-0.0005386151560986414
4440,444.0,-0.0005890907592007779,-0.0007834927794181431
4441,444.1,-0.0006673984770496225,-0.0006699248252811696
4442,444.20000000000005,-0.0001853177788523161,-0.0007233435264227985
4443,444.3,0.0001449724332821098,-0.00040153970961163477
4444,444.40000000000003,-0.00026720753482635187,-0.0003502348122353527
4445,444.5,-0.0006940526189024579,-0.0005465024972405913
4446,444.6,-0.0006648248064889058,-0.0004434421859799428
4447,444.70000000000005,-0.0008494407659394972,-0.00023633596557861889
4448,444.8,-0.000937269126380429,-0.000363273798698798
4449,444.90000000000003,-0.0009519726386267621,-0.0003632084107842016
4450,445.0,-0.0007642960458253043,-0.0003662396316424267
4451,445.1,-0.0005557547405183616,-0.00031632843855890436
4452,445.20000000000005,-0.0005256114836860193,-0.0004181384619097039
4453,445.3,-0.0006960915452405001,-0.0003554525777560416
4454,445.40000000000003,-0.0008113394922030926,-0.00010114417610405275
4455,445.5,-0.0006900434805992793,-7.829070060103886e-05
4456,445.6,-0.0006706084337886621,0.0002630628346806317
4457,445.70000000000005,-0.0008507853884913009,-0.00012513376837234688
4458,445.8,-0.0007147972541665086,-0.00023337090901826032
4459,445.90000000000003,-0.0004303321416936717,-5.848452275107963e-05
4460,446.0,-0.0006416610300185397,-0.00016603883198699845
4461,446.1,-0.0011732231059201489,3.665487276349341e-05
4462,446.20000000000005,-0.0012758159725026804,-0.00016390196553450095
4463,446.3,-0.0009528990023461491,-0.00017060044281470106
4464,446.40000000000003,-0.0007902298361316109,-0.0005687249373438452
4465,446.5,-0.000967127515414225,-0.0005512385021039559
4466,446.6,-0.001569746773016696,-0.00040762634344196266
4467,446.70000000000005,-0.00198039087575046,0.00017458737632652187
4468,446.8,-0.001823774687158407,0.0005150718922011848
4469,446.90000000000003,-0.001662890839584739,-3.6126238668711286e-05
4470,447.0,-0.0016251297989236517,5.278242287994907e-05
4471,447.1,-0.0016438038817537838,-0.00019181830809476895
4472,447.20000000000005,-0.0013389174382755422,-0.00047669948815513873
4473,447.3,-0.0009881374272510234,3.339925091330357e-06
4474,447.40000000000003,-0.0007470507716512557,0.0001960848066209764
4475,447.5,-0.0006114379710900231,0.00015513108863544084
4476,447.6,-0.0008338598664498608,-1.9585389703238266e-05
4477,447.70000000000005,-0.00113406112888946,-9.341772216268618e-05
4478,447.8,-0.0012157336768395695,0.00012640891475272005
4479,447.90000000000003,-0.0008115465774961639,0.0005790414555613955
4480,448.0,-0.0007279736267702023,0.00013753749403550857
4481,448.1,-0.001052689255621847,-0.0001658005593249358
4482,448.20000000000005,-0.0008642975614719307,-0.000304429181317237
4483,448.3,-0.0006609360632767131,-0.000294189780876557
4484,448.40000000000003,-0.0005665987194691172,-0.00017747115769378808
4485,448.5,-0.00035899099287006167,-0.0004191875142384939
4486,448.6,8.436621910241247e-06,-0.00031993427760765536
4487,448.70000000000005,-0.0003396418098370811,0.0002442861449414336
4488,448.8,-0.0008273254995246267,0.00029612296619763406
4489,448.90000000000003,-0.001045208258435386,-5.050351238077423e-05
4490,449.0,-0.0011186640320739818,0.0001695244236464851
4491,449.1,-0.0011700536243843679,0.0004360396965690973
4492,449.20000000000005,-0.001165622989953556,-3.778227381045971e-05
4493,449.3,-0.0007057544799342363,-0.0005020998166592048
4494,449.40000000000003,-0.0003388030946275711,-0.00040832123649073716
4495,449.5,-0.00015993514952542548,5.156376175643953e-05
4496,449.6,-0.0003482400952895996,-1.177704953144746e-05
4497,449.70000000000005,-0.0008862252952811272,-0.0003379672800474539
4498,449.8,-0.0008490543295270648,-0.0005147073475245765
4499,449.90000000000003,-0.00031622169990153375,-0.0006550439375254625
4500,450.0,0.0002606077973483334,-0.00013309480760691705
4501,450.1,9.865586278091931e-05,-0.0002683351507956288
4502,450.20000000000005,-0.00038979198684130156,-0.00014828176297890258
4503,450.3,-0.0008128530928729151,6.818475652303146e-05
4504,450.40000000000003,-0.000879285532373667,-3.2715723848467996e-05
4505,450.5,-0.0006393920583222982,0.000263254384744158
4506,450.6,-0.0007830904129807267,0.0011539858924049448
4507,450.70000000000005,-0.0014041321989846582,0.000820729636325581
4508,450.8,-0.001638269893815678,0.00036203203306941204
4509,450.90000000000003,-0.0015537499028367902,-0.00013020090533343555
4510,451.0,-0.0012997694612491026,-0.00013505871631719368
4511,451.1,-0.0009239734701574918,-0.0001716050016492438
4512,451.20000000000005,-0.0009924769893161136,6.785250626989508e-05
4513,451.3,-0.0014761216174335127,-0.0006146300003342871
4514,451.40000000000003,-0.001666229077844152,-0.0005501496644704954
4515,451.5,-0.0012172809381520125,-0.00032717392886001727
4516,451.6,-0.0008990839494492429,-0.0001965393990723057
4517,451.70000000000005,-0.001002049140699603,-5.4886678124010764e-05
4518,451.8,-0.0010707763534013562,0.00021491426508917473
4519,451.90000000000003,-0.0010083048852787774,2.100925761716543e-06
4520,452.0,-0.0012369940553901514,-2.000919922314409e-05
4521,452.1,-0.0016917964657839116,-7.572046223052413e-05
4522,452.20000000000005,-0.00144014851953543,0.00016555697106088453
4523,452.3,-0.0012671713396433322,0.000102799200029432
4524,452.40000000000003,-0.0011033669548389626,6.864546369552113e-05
4525,452.5,-0.0011728006749354813,-0.00036186782008726056
4526,452.6,-0.0011852634332370294,0.00042726187717506394
4527,452.70000000000005,-0.001523838166628854,0.0007551445917238915
4528,452.8,-0.001561241196938603,0.0004827666515267775
4529,452.90000000000003,-0.001241572575512735,-6.157481771756645e-05
4530,453.0,-0.0008109474434692944,-0.00016007790054575792
4531,453.1,-0.0004369351758739833,-0.00030057063827855474
4532,453.20000000000005,-0.0002597146209525367,-7.967412597399855e-05
4533,453.3,-0.00018255830522735414,-4.199204918902841e-05
4534,453.40000000000003,-7.463332778410567e-05,-0.00035321713962988563
4535,453.5,0.0003610192633043199,0.00045780700291790617
4536,453.6,0.0011583763892749667,0.00024603491112970923
4537,453.70000000000005,0.0012753607953693241,-5.58764557194395e-05
4538,453.8,0.0009955237460762191,-0.0003790647508098032
4539,453.90000000000003,0.0007057639121579697,-0.00045121556252487296
4540,454.0,0.0007609495249972227,-0.00021352068444308912
4541,454.1,0.0009257686419130485,-6.654476356685191e-05
4542,454.20000000000005,0.0005515553227383544,0.0003418674959875052
4543,454.3,0.0002551705777727647,1.92590447547725e-05
4544,454.40000000000003,9.49687955697355e-05,-0.0007312799819157456
4545,454.5,-0.00014542064578952274,1.8588716139514527e-05
4546,454.6,5.317377126484883e-05,0.00023835068859232882
4547,454.70000000000005,0.00042376327308909963,0.00019629287640202673
4548,454.8,0.0004431065340806383,-2.1668169808787596e-05
4549,454.90000000000003,0.0003895595564358911,-7.09910026518983e-05
4550,455.0,-0.00010712160752337035,0.0002684701062606401
4551,455.1,-0.0010384195113164853,-0.00017254512360245035
4552,455.20000000000005,-0.0013651466392153638,-0.000446330209048552
4553,455.3,-0.0009124224896306486,-0.00026088082562944893
4554,455.40000000000003,-0.00042533157228352215,0.0005259885817124924
4555,455.5,-0.00018249019516438863,0.00045437539696088514
4556,455.6,-0.00011444190295360084,0.0004185739029463936
4557,455.70000000000005,-0.0003090889341159666,-0.00011481243702361064
4558,455.8,-0.0008646357210331093,-0.0005821173992404969
4559,455.90000000000003,-0.0009739429572053133,-0.0009458045599482368
4560,456.0,-0.0010378942115905725,-0.0004130651862857608
4561,456.1,-0.0011142849201640685,-0.00045511500487450805
4562,456.20000000000005,-0.0010971557673025727,-0.0001759438707643488
4563,456.3,-0.0010072649963955838,0.00035835047303470045
4564,456.40000000000003,-0.0009708535215511352,0.0005779411406533956
4565,456.5,-0.0012046736056640392,0.00033208145463337995
4566,456.6,-0.001716178418185132,-0.00016741983963289251
4567,456.70000000000005,-0.0018549661987336539,-0.0003052696402633029
4568,456.8,-0.0014488889739417876,-0.0002996673375044974
4569,456.90000000000003,-0.0008448573325757034,-6.740396129392566e-05
4570,457.0,-0.00030045832153489076,-7.973943913982974e-05
4571,457.1,-0.0001829224829177,0.0003171935823898897
4572,457.20000000000005,-0.0003483577999103044,-0.0006466674045121037
4573,457.3,-0.000528250637653574,-0.0008234284423870398
4574,457.40000000000003,-0.000792209123937374,-0.0010932637500230783
4575,457.5,-0.0006101680216522808,-0.0005264729727563848
4576,457.6,-0.0001988737092085172,-3.9757115969338244e-05
4577,457.70000000000005,-0.00013866058889850036,-2.6540717806462405e-05
4578,457.8,-0.00020153376730991713,-0.0003918101488233332
4579,457.90000000000003,-0.0002900187905833558,-0.0005893828806490905
4580,458.0,-0.00047410042327899256,-0.0006728983997579881
4581,458.1,-0.0005143356863655579,-6.059934077543125e-06
4582,458.20000000000005,-0.00028990317725247576,7.881275377304415e-05
4583,458.3,0.0001569171842313883,0.0004510208118090505
4584,458.40000000000003,-2.4074984468434433e-05,0.00038719668915062266
4585,458.5,-0.000918048297217065,0.0004631572089959675
4586,458.6,-0.0015022293485197431,0.0002211684881239411
4587,458.70000000000005,-0.0015236522616009958,0.0004007363227134718
4588,458.8,-0.0011785032029008385,0.0005383467342700598
4589,458.90000000000003,-0.000535055360875417,0.0005881449106770829
4590,459.0,-0.0003146808931880696,0.0001662702995902368
4591,459.1,-0.0003734525433346008,-0.00020078005822981248
4592,459.20000000000005,-6.190694271508065e-05,-0.0005048488821277791
4593,459.3,-0.0001637319738213088,-0.0005739950861761221
4594,459.40000000000003,-0.000423234308040346,-0.0005600255658270722
4595,459.5,8.625576575337214e-05,0.00012790427177373473
4596,459.6,0.0006011143639740496,0.00033276029473578247
4597,459.70000000000005,0.000541776673047466,0.0006476302958189674
4598,459.8,0.00024061208804701225,6.874006237266172e-05
4599,459.90000000000003,4.828712756256694e-05,0.0003694445607074699
4600,460.0,0.0003455378540446096,0.0001622400898989085
4601,460.1,0.0008356400786260468,0.0004407867713397329
4602,460.20000000000005,0.0004944929178820575,0.0004824136987139199
4603,460.3,-0.00010617294014882608,0.0002884225523615724
4604,460.40000000000003,-4.915740241725261e-07,-0.00013518630461675565
4605,460.5,-1.571093262194489e-05,0.0001855904585420908
4606,460.6,-0.0002930128558278375,0.0003420043629231558
4607,460.70000000000005,-0.00039476069113224434,0.0001809038047145443
4608,460.8,-0.0004913287293898713,-0.0005644822149990082
4609,460.90000000000003,-0.0005174193908261568,-0.0007644967887053401
4610,461.0,-0.000779631078871476,-6.999392539586453e-05
4611,461.1,-0.0007976644803641134,5.405555620322784e-06
4612,461.20000000000005,-0.0002984030707009259,-0.0002426877183979985
4613,461.3,0.00016019853129229527,-0.00014161068254773556
4614,461.40000000000003,-9.44586600920081e-05,-0.0001738600502547401
4615,461.5,-0.0006141599173245835,5.9683652199650234e-05
4616,461.6,-0.0007376936321012676,-0.00018185138440613091
4617,461.70000000000005,-0.00040464890573831016,-0.0004918389915963287
4618,461.8,-0.00017341146798873167,-0.0006529559603230627
4619,461.90000000000003,-0.0005972285329753919,-0.00018017456442897295
4620,462.0,-0.0008277604390208617,-4.851527980419196e-05
4621,462.1,-0.0002996689127539009,-0.00014585600820396895
4622,462.20000000000005,-0.0002196078021988559,-0.00026322113947151545
4623,462.3,-0.0002797468970676712,-0.0004916447052003302
4624,462.40000000000003,-1.3092644019322266e-05,-0.00019213518024986613
4625,462.5,0.0003550455504932066,0.0001697926176538494
4626,462.6,0.0005042513630028724,0.0005904707610859662
4627,462.70000000000005,0.00018746677779108884,0.0004587074078652199
4628,462.8,8.494435136556791e-05,0.00013691634345810462
4629,462.90000000000003,0.00026745871427784037,0.0006149170101248468
4630,463.0,0.0003287514707979769,0.00036063640352843805
4631,463.1,0.00023726493291599974,-0.00018539771862853034
4632,463.20000000000005,-0.00033751106204876367,-0.00022028245479852434
4633,463.3,-0.000756786005941207,-3.760004536195461e-05
4634,463.40000000000003,-0.0008996345687327836,0.0003450285959400593
4635,463.5,-0.0010890320221571043,0.0003202205610287831
4636,463.6,-0.0013271740671499386,6.226698776895576e-05
4637,463.70000000000005,-0.001122431697363056,6.527723205547459e-06
4638,463.8,-0.001055253307513066,0.00023333338499419937
4639,463.90000000000003,-0.0009704919630797987,-7.121255515090323e-05
4640,464.0,-0.0005431110230984231,-0.0005854312519628618
4641,464.1,-0.0005026267464541548,-0.0009282424203648669
4642,464.20000000000005,-0.0009901825315801478,-0.0009007187886119504
4643,464.3,-0.0010035108726947019,-0.0007199498726961851
4644,464.40000000000003,-0.0006690802426607827,-0.0005016400895890305
4645,464.5,-0.0008307991425899038,-0.0004867571710956373
4646,464.6,-0.0014380735310749009,-0.0007413688066678087
4647,464.70000000000005,-0.0015782715021984762,-0.0009127734468750721
4648,464.8,-0.0012908379339585103,-0.0007937616702009127
4649,464.90000000000003,-0.0013019307208012372,-0.00040979521866937565
4650,465.0,-0.001744326827128,-0.0003261715491518917
4651,465.1,-0.0017986111595277435,-0.00040737427387433267
4652,465.20000000000005,-0.0016990608229831097,-0.00021036977268750742
4653,465.3,-0.0017778318320408693,-0.00038239319100496664
4654,465.40000000000003,-0.001879899329928813,-0.00046948079167021873
4655,465.5,-0.00179143907205988,-0.00041336923738551816
4656,465.6,-0.0018936706054901032,-0.0005934527576988541
4657,465.70000000000005,-0.0017383232852357087,-0.0007360433654966269
4658,465.8,-0.0013581839766178508,-0.0007805212449233428
4659,465.90000000000003,-0.001703686912267637,-0.00043992176448031447
4660,466.0,-0.0020259154097468732,-0.0005477197147021691
4661,466.1,-0.0017498717094637664,-0.0004753389077139274
4662,466.20000000000005,-0.0016397821294801321,-0.00028303572268350847
4663,466.3,-0.0012075157006867711,9.252724876959993e-05
4664,466.40000000000003,-0.0009784034796935979,0.00017811052409558186
4665,466.5,-0.000942920491340403,-0.00043992881651017606
4666,466.6,-0.0007733559833935694,9.260542332399025e-05
4667,466.70000000000005,-0.00043933666674989707,-0.00011762076801830111
4668,466.8,-0.0005802455195544634,-4.721169759010298e-05
4669,466.90000000000003,-0.0007671247407038964,-6.999925624398917e-05
4670,467.0,-0.000513158216136799,0.0003637034276777667
4671,467.1,-0.00037424460275482574,0.0003394461437079064
4672,467.20000000000005,-0.0002936523731228824,-0.00025267924629425676
4673,467.3,0.0005737759723768468,0.0004070725313030055
4674,467.40000000000003,0.0010061841383772732,0.0003036870410908126
4675,467.5,0.0005762430744280422,-0.00041266597230777715
4676,467.6,0.00046697613401642824,-0.0006679962628858248
4677,467.70000000000005,0.000668947403507606,-0.0008939112952425782
4678,467.8,0.0008294337843928213,-0.0008162820089206502
4679,467.90000000000003,0.000691582648985427,-0.00020483746287860063
4680,468.0,0.0005320804875828414,-0.00047968298410017526
4681,468.1,0.00048217683732149324,-0.0005779197097395467
4682,468.20000000000005,0.0001473334958717926,-0.0005988376809029102
4683,468.3,0.00039643779713135964,-0.0007325473636662622
4684,468.40000000000003,0.0005837029074614492,-0.0005768371098509806
4685,468.5,0.00031404049367700555,-0.0009957790467195592
4686,468.6,-5.0190982094706474e-05,-0.0006272754361894737
4687,468.70000000000005,0.00014025133459887469,-0.0005979708158073109
4688,468.8,0.0003920135622289975,-0.0007447525707563857
4689,468.90000000000003,0.0002802286575248871,-0.00030150769821537556
4690,469.0,0.00018898897679794197,-0.00030736351457398456
4691,469.1,0.0002930854611723463,0.000211612743156602
4692,469.20000000000005,0.0005798991322606156,0.00040362214466122475
4693,469.3,0.001142331654960008,5.5712663152631574e-05
4694,469.40000000000003,0.0010000451940427703,0.0002725702364569138
4695,469.5,0.0007665339185842054,0.0004517058192511048
4696,469.6,0.0007348687722638807,0.00041050253308695466
4697,469.70000000000005,0.0006513328044838719,0.00016034685754327078
4698,469.8,0.0004262146599708562,2.230196364054965e-05
4699,469.90000000000003,0.0003313577394860609,-0.0001085840972500475
4700,470.0,0.00031882091824545796,-8.148771952189934e-05
4701,470.1,0.00024461757468530995,-0.00017542288546432556
4702,470.20000000000005,0.00016816217808331802,-0.0001111826238074587
4703,470.3,0.0001804268996159174,-3.0347756317254626e-05
4704,470.40000000000003,0.00025625126383492367,-0.00039813370818421164
4705,470.5,3.293903191663899e-05,-0.0005956319819427268
4706,470.6,-0.0001302613742242196,-0.0002712911728905216
4707,470.70000000000005,2.0644964168286363e-05,9.428434353297283e-05
4708,470.8,-0.00037066962411897553,-0.00016013044293721542
4709,470.90000000000003,-0.0008032096813710836,-0.00011687180345946611
4710,471.0,-0.000773916867145963,-1.663679249447805e-05
4711,471.1,-0.0006574466073445773,-0.0002685708388746661
4712,471.20000000000005,-0.00036441396214946373,-0.0001322704039335398
4713,471.3,-8.971385068395275e-05,-0.00012693680344584395
4714,471.40000000000003,-0.00015909202750362807,0.00024373993157481442
4715,471.5,-0.00019254887891385146,0.00021931786474303915
4716,471.6,-0.0002478048303368286,-0.00034495419505296734
4717,471.70000000000005,-0.00025155748187340806,-0.00033074314361696726
4718,471.8,-0.00011982378651980153,-0.00031371267803259107
4719,471.90000000000003,3.740740401740832e-05,-9.672860966499748e-05
4720,472.0,0.00018919296695262195,-0.0001743254103429957
4721,472.1,-0.00023484377002550204,-0.00022646197496645142
4722,472.20000000000005,-0.0005663928407489642,-0.0004314415244626821
4723,472.3,-0.0005578395196385275,-0.00022736350857759235
4724,472.40000000000003,-0.000265844244957567,-0.00024461038376765056
4725,472.5,-0.0003959758241109008,0.00015183613840133916
4726,472.6,-0.0004555778110656855,0.0003339193648477808
4727,472.70000000000005,-0.0002487875776879055,0.0004112753359876308
4728,472.8,-0.00012517368386206598,-0.00011694636412326952
4729,472.90000000000003,-0.00015642892112956841,-0.0002684814485615862
4730,473.0,0.00019489353293834397,-0.00016246681123199933
4731,473.1,0.0005447856541378792,6.103558922942815e-05
4732,473.20000000000005,0.0006220781135456689,0.000765247268794293
4733,473.3,0.00015960803892163295,0.0004955643144414834
4734,473.40000000000003,-0.0002381378013270851,-0.00030352529884585753
4735,473.5,0.00018462796992394908,-0.0005225399407019712
4736,473.6,0.001123077612397051,0.00010218711507077325
4737,473.70000000000005,0.0012320520764493184,0.00012298410359888327
4738,473.8,0.001136675068722222,-4.413640485754771e-05
4739,473.90000000000003,0.0013727575893901257,6.634561251226006e-05
4740,474.0,0.001538736345185298,0.00043230063979190873
4741,474.1,0.0011804576399640136,2.961601786763008e-06
4742,474.20000000000005,0.0006767814652818684,-0.000111443248490823
4743,474.3,0.0005288442036205529,0.0001776905120687661
4744,474.40000000000003,0.0009705830790542646,0.000707833040402735
4745,474.5,0.0009637159379412894,0.0004558432794425345
4746,474.6,0.00048503478063098186,-2.21157634135301e-05
4747,474.70000000000005,0.0003302324394056183,4.5407341432566526e-05
4748,474.8,0.00034065972728630555,0.0005464460407327807
4749,474.90000000000003,0.0008643177713031697,0.00023413823376228863
4750,475.0,0.001400154221758367,0.0007829304029469778
4751,475.1,0.0012367585350394324,-0.00015770443049102796
4752,475.20000000000005,0.0011478690892432507,-0.00033526783361758874
4753,475.3,0.0012548813444437496,-7.082628415457131e-05
4754,475.40000000000003,0.001340920647814959,0.0004589564410715365
4755,475.5,0.0013170461752853601,-2.6863958751116167e-05
4756,475.6,0.0011467466557380844,-3.056146856548697e-05
4757,475.70000000000005,0.001063113581300707,-0.00010407134896273458
4758,475.8,0.0012477559383257076,-0.0003107895842257006
4759,475.90000000000003,0.001385701234178968,-0.00013686561783033728
4760,476.0,0.0011160266052010427,-6.660405429259774e-05
4761,476.1,0.0012710492482602813,1.365741438429118e-05
4762,476.20000000000005,0.001413616134464656,-0.0001756068935040424
4763,476.3,0.001631831866389525,0.00010940447062230138
4764,476.40000000000003,0.0015135009054685325,-0.00027749542007334406
4765,476.5,0.0009587627868566785,-0.0006517753852622065
4766,476.6,0.0004160984391800256,-0.0006456368361114603
4767,476.70000000000005,0.00030207033338587423,-0.00015888312537308373
4768,476.8,0.000886396228748998,-0.00018364888196458967
4769,476.90000000000003,0.0013287357568232082,-0.0005828304020887643
4770,477.0,0.0009349078185455525,-0.0006561179730242312
4771,477.1,0.0005791127882331048,-0.0006647912372208238
4772,477.20000000000005,0.000770716769791027,-0.0004150977910165071
4773,477.3,0.0005183698704289823,-0.00029183260954148
4774,477.40000000000003,8.039873008111312e-05,-6.046485182369593e-05
4775,477.5,3.7400221347514036e-05,-7.0624366432792e-05
4776,477.6,0.00039035826714590934,0.00033540086084925995
4777,477.70000000000005,0.0006620928765611009,0.00016901402295636415
4778,477.8,0.0007359953568601877,1.0474701254309661e-05
4779,477.90000000000003,0.0006831780472163458,-0.0004595355880349587
4780,478.0,0.000496114514090398,-0.0005314977668209172
4781,478.1,0.0002695253796697505,-0.0005725761917426973
4782,478.20000000000005,0.0005205995524395041,-0.0007163075879630019
4783,478.3,0.0006481175696423789,-0.0005101130764210087
4784,478.40000000000003,0.0006400409829762047,-9.416502446719115e-05
4785,478.5,0.00012695292779890744,0.00021891985858838868
4786,478.6,-0.00038778217183336013,-0.00023960585644721474
4787,478.70000000000005,-0.0005596257798405266,-0.0005261317692487833
4788,478.8,-0.0001226862444586741,-0.0005330426442387933
4789,478.90000000000003,9.752886882632622e-05,0.0001378608931707247
4790,479.0,-3.2007713404592705e-05,0.0008033636429394717
4791,479.1,-0.0002699403816559928,0.00023600870001954017
4792,479.20000000000005,-0.00040734456101489293,-0.00019408097793810133
4793,479.3,-0.00031850234003258317,-0.00039098890727564333
4794,479.40000000000003,-0.00012134197659460262,-0.0005872882702609856
4795,479.5,-0.0001621769482415804,-0.0004970862976570285
4796,479.6,-0.0004688754317898959,-0.0005983156205954864
4797,479.70000000000005,-0.00040060617492337794,-0.0007180970019902708
4798,479.8,-0.0002149371966815259,-8.299611046238409e-07
4799,479.90000000000003,-0.00018565908758324756,0.00023180917926626546
4800,480.0,-0.00022659535589140942,0.00047226795811990976
4801,480.1,-0.00028447387021274235,0.0003688386255827479
4802,480.20000000000005,-0.0002484937434144219,0.00029618374870607684
4803,480.3,-0.00019028039639054802,-9.616875914061477e-05
4804,480.40000000000003,-0.0001782193161264013,-0.0002899708278057006
4805,480.5,0.0003604053396075723,-0.00041071209579983403
4806,480.6,0.0004686408093372876,-0.00024817137779544705
4807,480.70000000000005,-0.0002579889786005887,-6.937003669830223e-05
4808,480.8,-0.00020336860911327503,-4.15685329227076e-05
4809,480.90000000000003,-4.392681909353851e-06,0.00021075338813846464
4810,481.0,-0.00043945291995567664,0.0006608212527864976
4811,481.1,-0.0011682184824594155,0.0002157436904496572
4812,481.20000000000005,-0.001143695255612243,0.00021241740906527648
4813,481.3,-0.0005147743678237674,0.000995137112882112
4814,481.40000000000003,-0.00023214514881918853,0.0007499461035567768
4815,481.5,-6.813056036740259e-05,0.0008072807376555884
4816,481.6,4.391009553293195e-05,0.0011766291495167063
4817,481.70000000000005,-0.00013474902824552184,9.974690826939413e-05
4818,481.8,1.189768948538199e-05,-0.0002896733380097923
4819,481.90000000000003,0.0001796637924593302,-0.00045998539489811296
4820,482.0,4.291319169080052e-05,-0.0005704236104686935
4821,482.1,-0.0002355780196735174,-0.0008502299716054026
4822,482.20000000000005,-0.0009024853095777834,-0.0003190019035343159
4823,482.3,-0.0009596119822710682,1.1009675461540463e-05
4824,482.40000000000003,-0.00028468330831129185,0.0003561356124296689
4825,482.5,-5.752785391474815e-05,0.0005364645448694855
4826,482.6,-0.0005209199789862621,-0.000306402257910636
4827,482.70000000000005,-0.0010231613111290109,-0.0002620878028658622
4828,482.8,-0.0007481573189773568,8.056588362933988e-06
4829,482.90000000000003,-0.0007309065572512288,-0.0002903790871677615
4830,483.0,-0.0009603630217457894,-0.000562251567624311
4831,483.1,-0.0009314901512684391,-0.0006809943974861703
4832,483.20000000000005,-0.001016165608461897,0.00028905371168871864
4833,483.3,-0.0012407532500865802,0.00028231949586519597
4834,483.40000000000003,-0.0008758826205235366,0.0002534000917049592
4835,483.5,-0.0004575482171509891,0.0007604011827716256
4836,483.6,-0.0007066175042372346,0.0003956617893557885
4837,483.70000000000005,-0.001142896635397704,0.00025658070830709664
4838,483.8,-0.0010766459042213473,0.00023252697619150406
4839,483.90000000000003,-0.0006983837768357402,0.0006330261496960699
4840,484.0,-0.0004712210005377728,0.0007846920570708392
4841,484.1,-0.0004816299071559083,0.0007726560890719448
4842,484.20000000000005,-0.00043008869508495077,0.0010661077038796518
4843,484.3,0.00015228826683911587,0.0014323559986023553
4844,484.40000000000003,0.0005522749634148333,0.0010310024368378385
4845,484.5,0.0004253425059046938,-2.4604038412591274e-05
4846,484.6,0.0004035846717448274,-0.00023495692728913776
4847,484.70000000000005,0.0004875035034787834,-0.00034965810941348297
4848,484.8,0.0006906773539041546,-0.00010613215317217887
4849,484.90000000000003,0.0006715831242711224,-4.479589650184921e-05
4850,485.0,0.000446658497785849,-0.0002619531540393581
4851,485.1,0.000320870565792268,-0.0002292155558739211
4852,485.20000000000005,0.00035680043751321023,-0.0006797081591768971
4853,485.3,0.0007098348605690316,-0.0002949760138059073
4854,485.40000000000003,0.000977361079285352,-0.00011570372477344685
4855,485.5,0.0005003419270678133,-3.332751065066892e-05
4856,485.6,-0.00022069217658138404,-4.7845006546441585e-05
4857,485.70000000000005,-0.00021225159334150348,-0.0006178012544049379
4858,485.8,-7.213878797195989e-05,-0.0003194361615054652
4859,485.90000000000003,0.0001308363827545395,-0.00011103314960193217
4860,486.0,0.00042609779187281505,0.0005135831078503536
4861,486.1,0.00021301671076376158,0.00023445073223452432
4862,486.20000000000005,-9.545876656473779e-05,0.0002843256381070666
4863,486.3,-0.00018511615201616694,0.00043912323883279515
4864,486.40000000000003,-0.00027011322279688857,0.0007506587419095878
4865,486.5,-0.0005452540362125884,0.00039078221324558997
4866,486.6,-0.0005296562720143618,0.0002862168528261882
4867,486.70000000000005,-0.00029273047267306177,-0.00020849497649183117
4868,486.8,8.440481106886254e-06,-0.0007794532495056032
4869,486.90000000000003,0.00028389231092340177,-0.0005299858485877715
4870,487.0,0.0002679443142226241,-0.0004131470757900118
4871,487.1,0.00016023515047149196,-0.0004692844348834387
4872,487.20000000000005,0.00024251919050217313,0.00015368366852521742
4873,487.3,0.00010278510462296787,0.00042475674269476033
4874,487.40000000000003,-0.00026921566870825907,0.0002990861120107336
4875,487.5,-0.0006232731772289209,0.0005780794159576158
4876,487.6,-0.00021418828146105176,0.00022249586132293845
4877,487.70000000000005,0.0004947535596356491,0.000201092034513454
4878,487.8,0.0008558160086268283,0.00048509244217931016
4879,487.90000000000003,0.0007542203369907886,0.0003282319629542706
4880,488.0,0.0004959871947681613,-1.202443737709731e-05
4881,488.1,0.00019463663121847176,-0.000206756131118506
4882,488.20000000000005,-1.7745665318928592e-05,-0.00034342038115919914
4883,488.3,-4.8193463898501316e-05,-0.0002309416324584682
4884,488.40000000000003,0.0002289903697052533,-0.0005131262944774418
4885,488.5,0.00035477557942719025,6.216043222345588e-05
4886,488.6,3.1827142397355267e-06,6.676376748217342e-05
4887,488.70000000000005,0.0001692666923275642,-0.00013085438319282588
4888,488.8,0.00059113308750944,0.00011063939542278346
4889,488.90000000000003,0.0006277683926948288,9.598131601566707e-05
4890,489.0,0.0005075860926376972,0.00010409052652893695
4891,489.1,0.0005145485802537414,0.0001281196465376921
4892,489.20000000000005,0.000690442508753285,-0.00033832267728006147
4893,489.3,0.0006603922021234065,-0.000771690363886641
4894,489.40000000000003,0.0008540560018436895,-0.0002400407673876347
4895,489.5,0.0011190691125439777,1.267610540070942e-05
4896,489.6,0.0009699602867176895,0.00024395433933198596
4897,489.70000000000005,0.000987893575376804,4.102941226521742e-05
4898,489.8,0.0011504967860039882,-0.00024013768259095223
4899,489.90000000000003,0.0009328781174496359,-0.00032824260820533583
4900,490.0,0.0010930654295285593,-0.000423031264366732
4901,490.1,0.0015516563490251397,-0.0003700237017308657
4902,490.20000000000005,0.0010898110525214381,6.496017536245236e-05
4903,490.3,0.0006500645575337611,-4.673845341850295e-05
4904,490.40000000000003,0.0003356518364029887,-0.0003039830038846494
4905,490.5,0.00047010856706025526,-0.00020968509530347088
4906,490.6,0.0010360303821148956,2.4160606701638034e-05
4907,490.70000000000005,0.0011090073631933154,-2.8852804348170542e-05
4908,490.8,0.0006512362466527917,0.0004909533719055948
4909,490.90000000000003,0.00024060499675688772,0.00093304086688444
4910,491.0,0.00023238052354509803,0.0004936437259621274
4911,491.1,0.0003765964218014682,-9.6113482492628e-05
4912,491.20000000000005,0.0002916868108506094,-0.0006336763552093396
4913,491.3,0.0003448079257891422,-0.0011014338491657917
4914,491.40000000000003,0.0006010110406644588,-0.00018566189619092998
4915,491.5,0.00042290552807968095,0.00044848921444732464
4916,491.6,0.00016676512834975363,0.00010307051965129209
4917,491.70000000000005,-0.00015396067798384422,-0.00015290282010655665
4918,491.8,-0.0004822301251834815,-0.0002103554986180997
4919,491.90000000000003,-0.00042357037088094863,-0.0004123268892245599
4920,492.0,-0.0001859608189034245,-0.00047937263125442264
4921,492.1,-0.00033083848356100766,0.00026805281981036604
4922,492.20000000000005,-0.0005805497664335549,4.5969076700112705e-05
4923,492.3,-0.0007557401640362973,-0.00022845586810567577
4924,492.40000000000003,-0.0006269793783674599,1.560935021952632e-05
4925,492.5,-0.0003927115062699205,0.0002676290141259468
4926,492.6,-0.00041387197314088743,-0.00023656007635191532
4927,492.70000000000005,-0.0005211215587451058,-0.00044707625282957154
4928,492.8,-0.0004811629505175001,-5.1829422411820266e-05
4929,492.90000000000003,-0.0007437687629758193,-0.00018015845713480747
4930,493.0,-0.0008048864753114047,0.00020908353639594843
4931,493.1,-0.0008857212723052358,0.0001561532539715621
4932,493.20000000000005,-0.0010126866210833268,-4.5531625754865305e-05
4933,493.3,-0.0012154888478675284,-0.0004016551467606725
4934,493.40000000000003,-0.0014618137590184513,-0.00030041306517317656
4935,493.5,-0.0012831154277548808,-0.0005371574583760322
4936,493.6,-0.0007941032984452848,-0.0003616613357841533
4937,493.70000000000005,-0.0009933605195473507,-0.00023393390334955542
4938,493.8,-0.001280084823732046,-0.00023874896973348576
4939,493.90000000000003,-0.0009243971403616541,-5.940526191516769e-05
4940,494.0,-0.0009356614993961528,9.997954339754842e-05
4941,494.1,-0.0014807766669372494,-0.0001112082719148972
4942,494.20000000000005,-0.0012599453280481964,0.0005326499191067822
4943,494.3,-0.0007049680667367891,0.00029065925343731
4944,494.40000000000003,-0.0008112798630196952,0.0001155295647868704
4945,494.5,-0.0015303863524558595,-0.0003032122241316244
4946,494.6,-0.0016808157081305982,-0.0005988711633195208
4947,494.70000000000005,-0.001277938265998241,-0.000643594091362212
4948,494.8,-0.0006007921258616084,-0.0003499688064243985
4949,494.90000000000003,-0.00038684512641609816,-0.0003016382742930695
4950,495.0,-0.00042923592433096196,8.757369717645586e-05
4951,495.1,-0.0002576037142638236,-0.00019080100754047065
4952,495.20000000000005,3.0435783841466587e-05,-0.0008279999796298017
4953,495.3,0.00034272017330420267,-0.00041974196272498546
4954,495.40000000000003,0.0002206144900095387,-0.00016167518413095887
4955,495.5,2.158658145059972e-05,-0.00011966342695114693
4956,495.6,0.00023253541353156418,-0.00011918384870725664
4957,495.70000000000005,0.0006882959581533919,0.00021428156920595467
4958,495.8,0.0007692422736594087,-1.1980106248544275e-05
4959,495.90000000000003,0.0004644175986488834,-0.0001229405792812313
4960,496.0,0.0003510296565564635,-0.00028935653061334634
4961,496.1,0.00031366579899231656,-0.00043020767148821876
4962,496.20000000000005,6.492091015953237e-05,-0.00036351232344881447
4963,496.3,0.0002474495212381209,5.8786101072486056e-05
4964,496.40000000000003,0.00039080327011542623,0.0003116695877053863
4965,496.5,1.0667975627121435e-06,0.0004617664866542414
4966,496.6,-0.0002175547150068725,0.00028920439194852885
4967,496.70000000000005,0.0002154722858048863,0.0005607409135347201
4968,496.8,0.0007730152113629836,0.00036234598073657466
4969,496.90000000000003,0.0005411361893502638,0.0003516187276363399
4970,497.0,-0.0003112436424581389,0.0004767203339807312
4971,497.1,-0.0007470136780876491,0.0002510938303732715
4972,497.20000000000005,-0.0005077082231895443,0.00035384159040649797
4973,497.3,-0.00034992302634158297,0.00012454989176075633
4974,497.40000000000003,0.000101904705086103,-5.047051527267072e-05
4975,497.5,0.0007086644495104019,0.00023114677286560908
4976,497.6,0.0006177980458164559,0.0003920667464893328
4977,497.70000000000005,0.0005334552919850321,0.0005635179052251391
4978,497.8,0.0008297511884017016,0.0005230552175150093
4979,497.90000000000003,0.0005035318997737412,-6.905618668528562e-05
4980,498.0,-5.7475872244500404e-05,-0.00035371189104055345
4981,498.1,-0.0003605292177145186,4.9245426412776935e-05
4982,498.20000000000005,-0.0007330268008755275,0.0001798291443955954
4983,498.3,-0.0007931423349879482,0.00012837127371815194
4984,498.40000000000003,-0.0005187540515816155,0.00028239152061951083
4985,498.5,-0.0007412540739723164,0.0004200884862007168
4986,498.6,-0.000677282216100005,-5.384679573397152e-05
4987,498.70000000000005,-8.527894507503127e-05,0.0003846672718039246
4988,498.8,-3.178227354927082e-05,0.00014727390612749385
4989,498.90000000000003,-0.0008692935019887932,-0.00019386216735494934
4990,499.0,-0.0014786367575109496,-0.0006212893285817095
4991,499.1,-0.0015073596784660915,-0.0003283583625110017
4992,499.20000000000005,-0.0010851178925250756,0.00034287776216851266
4993,499.3,-0.0007526828386198149,0.000664197204450458
4994,499.40000000000003,-0.0008478179599612459,0.00046555271856879316
4995,499.5,-0.0006478351157190472,0.00044275533021769333
4996,499.6,-0.0005306768704104851,0.0003138499395861856
4997,499.70000000000005,-0.0007535690765247588,0.00043199250100262336
4998,499.8,-0.0009239516801132974,0.0003760358784724509
4999,499.90000000000003,-0.0006741379336757398,0.00042010835885441963
5000,500.0,-0.0007154779151506901,0.00015684439332167832
5001,500.1,-0.0012918118504393087,0.00014036867314467133
5002,500.20000000000005,-0.0016656409664402238,-0.00015947820599931367
5003,500.3,-0.001370357867461594,3.185457516593166e-05
5004,500.40000000000003,-0.0010607722158083048,-0.0001469490573589375
5005,500.5,-0.0011630432393039038,-0.0003761617007667177
5006,500.6,-0.0013244716350356315,-0.0005629504141705503
5007,500.70000000000005,-0.0012696701685936118,-0.0005473112605174229
5008,500.8,-0.0016857316406470116,-0.0007000686891570635
5009,500.90000000000003,-0.0017701453832774487,-0.0008807383874602186
5010,501.0,-0.001473132832125021,-0.0005576742899393339
5011,501.1,-0.0016839248788824855,-0.0005852815782656242
5012,501.20000000000005,-0.002016217203518824,-0.0006773041463021519
5013,501.3,-0.0019106161828586566,-0.0002197926332018635
5014,501.40000000000003,-0.0017691300662351275,-6.044798463391751e-05
5015,501.5,-0.0015269837487564973,0.0003401857017580617
5016,501.6,-0.0018507995732363872,0.00030858319456697735
5017,501.70000000000005,-0.0024164907987671578,-0.00015869401270915043
5018,501.8,-0.0028064538547694275,-0.0004744928668294247
5019,501.90000000000003,-0.002242379512308249,-0.00020221435314631388
5020,502.0,-0.0011318009326169748,0.00045113046328925743
5021,502.1,-0.0011724864176838813,0.00033255090200763415
5022,502.20000000000005,-0.0016035281385145801,2.062331781177634e-05
5023,502.3,-0.0016543826076376477,-0.00033363813131521714
5024,502.40000000000003,-0.0013495261908726232,6.159956577886801e-05
5025,502.5,-0.0006715232721415734,0.00022340512442652882
5026,502.6,-0.0005736993366818547,0.0003318227739622125
5027,502.70000000000005,-0.0012321493962595329,0.00045067471785845104
5028,502.8,-0.0015194424687136295,0.00040259916629466257
5029,502.90000000000003,-0.001466759261771365,0.0001492634765084128
5030,503.0,-0.0015775698598227501,-0.0002911313798993262
5031,503.1,-0.001587252083522435,-0.0005705682073303574
5032,503.20000000000005,-0.0018509603298839938,0.00026132715168559323
5033,503.3,-0.002140310496041881,-1.5037323609405374e-05
5034,503.40000000000003,-0.00181308971219649,0.0002737242927543524
5035,503.5,-0.0015375648977826713,-0.0002716428388961782
5036,503.6,-0.0018237841189534367,-0.0002029029438275379
5037,503.70000000000005,-0.0021711834711207172,-0.000458642351645526
5038,503.8,-0.001958721117140509,-0.00043128239623117337
5039,503.90000000000003,-0.0016800778993927522,0.0005331118622782143
5040,504.0,-0.0018530049279588756,0.00021714767167737675
5041,504.1,-0.0020617573626624626,-0.00016307920064736702
5042,504.20000000000005,-0.001967460317072102,-0.00018525875115627332
5043,504.3,-0.0016706140549792073,-0.0002346464367252817
5044,504.40000000000003,-0.0015035680779967278,-0.00031505162232990105
5045,504.5,-0.0014200783539279173,4.439648107154821e-06
5046,504.6,-0.0014544237288629525,-0.00010269477553754228
5047,504.70000000000005,-0.0013845504097818333,2.6319778214338226e-05
5048,504.8,-0.0011212918442151413,0.00027197194922446593
5049,504.90000000000003,-0.0008662374514963699,0.0001768779583267597
5050,505.0,-0.00066070789612016,0.0004090752689555769
5051,505.1,-0.0007564845272260896,0.0004333892019831809
5052,505.20000000000005,-0.0008798163306029124,1.509333196918837e-05
5053,505.3,-0.0009493902864193164,-0.0003697041025170615
5054,505.40000000000003,-0.0010447847610705616,-0.00028673567152361475
5055,505.5,-0.0007762567010843754,0.0002998438584739032
5056,505.6,-0.0005378328383170776,0.0005796370612948201
5057,505.70000000000005,-0.0006253070814805793,0.00045759468738550753
5058,505.8,-0.000612289744361267,4.56606780075404e-05
5059,505.90000000000003,-0.0005529701068248588,0.00035128109687962043
5060,506.0,-0.0009436445183941881,0.000365784502797958
5061,506.1,-0.00110856315471151,0.00019465138462293856
5062,506.20000000000005,-0.0009647137518742285,1.9944914255087033e-05
5063,506.3,-0.0013358371663010616,-0.0002857266456857187
5064,506.40000000000003,-0.0015013636467436583,-6.156669133700522e-05
5065,506.5,-0.0014510694904151709,0.00017364783605688857
5066,506.6,-0.001351615825726,0.00045757439941941625
5067,506.70000000000005,-0.0012333573781629062,0.0005350012370819292
5068,506.8,-0.0014527885360969015,9.187583094657011e-05
5069,506.90000000000003,-0.0012076104680017043,1.6162240830742324e-05
5070,507.0,-0.0006522606567698079,0.0001437526432102822
5071,507.1,-0.0007270388498325312,-0.00021413294931218042
5072,507.20000000000005,-0.0009192410193846504,-0.0002266533058791685
5073,507.3,-0.0007708847015454312,-0.00011368751173361975
5074,507.40000000000003,-0.000562752371630057,-0.00015572891517072097
5075,507.5,-0.00022012585927565068,-8.132494198518232e-05
5076,507.6,-0.0001770434447136526,-4.099408837216898e-05
5077,507.70000000000005,-0.0001665097226349313,-1.0980447903964994e-05
5078,507.8,-4.0177189600213905e-05,4.5551423407671904e-05
5079,507.90000000000003,-0.000297489709075485,-0.0001510048266103932
5080,508.0,-0.0007607365171609521,-0.0005094343913827844
5081,508.1,-0.0010857923953084272,-0.0002575455377815067
5082,508.20000000000005,-0.0007020980888890625,9.996485910347902e-05
5083,508.3,-0.0008778126152999654,-0.00011792281366601685
5084,508.40000000000003,-0.0013510197889634178,-0.00024257635844015556
5085,508.5,-0.0013528814069993082,-0.0003777769621514747
5086,508.6,-0.0009527226966435515,-0.0008217645549476072
5087,508.70000000000005,-0.0005267201225199749,-0.0006767924415401595
5088,508.8,-0.0004555686212585261,-0.0012634485189108467
5089,508.90000000000003,-0.000591716610210599,-2.601572209853592e-05
5090,509.0,-0.0007521748355297237,0.0003693780152328629
5091,509.1,-0.0011005184026979733,0.00016109975828680005
5092,509.20000000000005,-0.0013219284773537815,9.203218081508055e-05
5093,509.3,-0.0013706596317546507,0.0001310317983592388
5094,509.40000000000003,-0.0013254255549756905,-0.00011026832833466148
5095,509.5,-0.0015117784252520307,-0.00016151915081634669
5096,509.6,-0.0015561268553791017,-0.0003098294134228664
5097,509.70000000000005,-0.001535202833469413,0.00047305919269749545
5098,509.8,-0.0018262045231643874,-6.2735593978248e-05
5099,509.90000000000003,-0.0021630183794895783,-0.0005871273729545385
5100,510.0,-0.001732042292154438,-0.0006716139850728392
5101,510.1,-0.0012218046401252125,-0.0006494872457746773
5102,510.20000000000005,-0.0009233933176723902,0.0003252105516559716
5103,510.3,-0.0008314657973786413,0.00027739369653538153
5104,510.40000000000003,-0.0013217875846538143,-0.00017630397064275773
5105,510.5,-0.0014259870794689259,-0.0005955330059393924
5106,510.6,-0.0013138687786521635,-0.00013722610635263604
5107,510.70000000000005,-0.0012636187526310167,0.00018151711818531276
5108,510.8,-0.001258004173559724,0.0005435604419892517
5109,510.90000000000003,-0.0013534353194763434,0.0003227815685192402
5110,511.0,-0.0013740860936786697,0.00028073375806569954
5111,511.1,-0.0007037821495094028,1.5907665252114686e-05
5112,511.20000000000005,-0.0004278142512300381,7.449356718464961e-05
5113,511.3,-0.0006676115122387574,-8.554170041309239e-05
5114,511.40000000000003,-0.0010415733726880842,7.073881968520002e-05
5115,511.5,-0.0015081823683266089,9.804987857864012e-05
5116,511.6,-0.0017968326353666436,0.00014238854020635135
5117,511.70000000000005,-0.0016919547112839502,0.00033332606841513505
5118,511.8,-0.0016726697561000878,0.0007004222605763722
5119,511.90000000000003,-0.0016289309192818251,0.0003190387391902305
5120,512.0,-0.0013427145350299948,0.0003383592398509786
5121,512.1,-0.001007162796615043,7.782466665344908e-05
5122,512.2,-0.0008126863611814442,0.00012400446984252457
5123,512.3000000000001,-0.0006289185742185918,-3.6100783528716846e-05
5124,512.4,-0.0006531529816267847,-0.00011191779734275971
5125,512.5,-0.0006155662207336337,-0.00014338596257375602
5126,512.6,-0.0002648008639065907,2.538546964307686e-05
5127,512.7,-0.00047928737551751466,-0.00016422866749257498
5128,512.8000000000001,-0.0007225566772867846,-0.0002674390515729246
5129,512.9,-0.00040416849919088177,3.3464287469877193e-06
5130,513.0,-2.158868749996499e-05,-0.00034027095604351177
5131,513.1,-0.00013104816545256247,-0.0003585918991426063
5132,513.2,-0.000318112718262576,-0.0002263904482335765
5133,513.3000000000001,-0.0004049178033811601,9.78196553888037e-05
5134,513.4,-0.00032606889768795267,0.0003932089934421271
5135,513.5,1.6557896004249644e-05,2.916026775825816e-05
5136,513.6,-0.00025469970486564306,-0.00033223178546711897
5137,513.7,-0.0010309385614559992,-0.000629585313188674
5138,513.8000000000001,-0.0013376370729414374,-0.0005572703471966967
5139,513.9,-0.0009689081957052882,-0.0005315237796614609
5140,514.0,-0.0008245267800584043,-0.000693636243716921
5141,514.1,-0.0011429646056147634,-0.000653536189474605
5142,514.2,-0.0009775808595926191,-0.0002443385587331261
5143,514.3000000000001,-0.0007217248724848018,0.000653547921784634
5144,514.4,-0.0008009685134729801,-0.00016229107924412532
5145,514.5,-0.0006374707724633589,-0.0005014408984140109
5146,514.6,-0.00033868948710641736,-0.0003539850702827432
5147,514.7,-0.00041824613776909756,-0.0009171119904027395
5148,514.8000000000001,-0.0006802676726751253,-0.00029107692968388893
5149,514.9,-0.000624035207291045,-0.00021306132228640808
5150,515.0,-0.00027532069814151434,8.600049814080952e-05
5151,515.1,-6.401677818591324e-05,0.00017733900088962409
5152,515.2,5.415021094111799e-05,1.2415661784056602e-05
5153,515.3000000000001,-9.309819067888662e-05,5.173530644039067e-05
5154,515.4,0.0002114545123970829,6.127047539204307e-05
5155,515.5,0.0005424752004683204,0.0003032874784779998
5156,515.6,0.0006200040820608516,-0.0001565121076600099
5157,515.7,0.0008028491108769873,0.00036781965683005267
5158,515.8000000000001,0.0011652466302241448,0.0012364366325219986
5159,515.9,0.0011367596646237562,0.0009652190478462193
5160,516.0,0.001067864367129834,4.9055237039688656e-05
5161,516.1,0.0011802272028156424,-2.3032284015251966e-05
5162,516.2,0.0014285419193970892,5.318915625949541e-05
5163,516.3000000000001,0.0016466694495248532,5.9163030003030546e-05
5164,516.4,0.0012777760997369468,-0.00011647311569538161
5165,516.5,0.0014696894459309807,0.0003368127941234811
5166,516.6,0.001999798805477915,0.0006270232978619229
5167,516.7,0.0017391345070915736,0.0005017203065481904
5168,516.8000000000001,0.001481740157788952,0.0001763794338523098
5169,516.9,0.0016978154516163765,-0.0004947113341374057
5170,517.0,0.0017027028077311154,-0.00030859017059462916
5171,517.1,0.0017158287443607791,-0.00046123518415455
5172,517.2,0.0016615536891198752,-6.28209245423736e-05
5173,517.3000000000001,0.0016470099027287182,-0.00014442394907489292
5174,517.4,0.002006202322654284,-4.1328896157056414e-05
5175,517.5,0.00196132498838557,-0.0005205376135639516
5176,517.6,0.0012606005641716564,-0.0006487503517325558
5177,517.7,0.0008275750547683327,-0.000673775629477965
5178,517.8000000000001,0.0010298171567878188,3.713184163542032e-05
5179,517.9,0.001443327920405433,0.0001327270462402437
5180,518.0,0.001597032828314635,-0.0003278110109147431
5181,518.1,0.0014964322116772296,-0.0005351155178928904
5182,518.2,0.0007407192248546631,-0.000659974477155697
5183,518.3000000000001,0.00035500908197900685,-0.0006917630256779075
5184,518.4,0.0006367353247861514,-0.0006678536056577754
5185,518.5,0.0008451947448009372,-0.0007602149306812116
5186,518.6,0.0005684612108610345,-0.0006304963518508532
5187,518.7,0.0008762180051482259,0.00022727200144264268
5188,518.8000000000001,0.0012345373952802764,0.00037670632184524493
5189,518.9,0.0006047377260898805,0.00019974519608559696
5190,519.0,0.0004958620567868183,0.0005833186159832317
5191,519.1,0.0007670659444193935,0.0006697712047535281
5192,519.2,0.000916040372090028,0.00032374291707410157
5193,519.3000000000001,0.0010401596716910209,-0.0003248081695715087
5194,519.4,0.0012967544854211046,9.882269407700915e-05
5195,519.5,0.0011957325792848932,0.00024553463237074415
5196,519.6,0.0009136345021287939,0.0001162307392276492
5197,519.7,0.000741110229975767,4.462152466522802e-05
5198,519.8000000000001,0.0008826324759018025,0.000153022599700425
5199,519.9,0.0013641237291799157,0.00032006140660683285
5200,520.0,0.001251744299648127,0.00044605438699781426
5201,520.1,0.0013236893395367345,0.00031717713008960866
5202,520.2,0.0014309375598667406,0.0005394689085105919
5203,520.3000000000001,0.0010576730016690764,0.0004433067380507771
5204,520.4,0.0010080641483348031,0.0002188092869240903
5205,520.5,0.0011023509246213914,-0.00019322119912463875
5206,520.6,0.0012850971098486376,-0.0002076859073348224
5207,520.7,0.0012774165916772265,0.00010698459280528693
5208,520.8000000000001,0.0010497839137881932,-0.0003689040149698516
5209,520.9,0.0009059978865703352,-0.000326963209698664
5210,521.0,0.0013024621996724193,-0.00018418409856889675
5211,521.1,0.0012158165085073887,0.00035283862871724397
5212,521.2,0.0005090901017763163,0.00025479430817870085
5213,521.3000000000001,0.00014410125718639351,-0.00010897254008389956
5214,521.4,-2.1969137338529396e-05,-0.0001716500875837736
5215,521.5,0.00037710993872411026,0.00011112424596495784
5216,521.6,0.0009884319270272116,0.0007488573928385603
5217,521.7,0.0007235917480409083,3.561602869295032e-05
5218,521.8000000000001,0.0004928708557486535,-0.0005008160313617889
5219,521.9,0.00032125401880958116,8.036341942618353e-05
5220,522.0,0.0004958729175296137,0.0004987545673757533
5221,522.1,0.0005702632110740475,0.00015223616694190337
5222,522.2,0.00047983443853882445,-0.00043590848750825776
5223,522.3000000000001,0.001108678614321921,0.00010919146629534804
5224,522.4,0.001399130443077081,0.00043155742449423057
5225,522.5,0.001311592413828113,0.00034261214020788714
5226,522.6,0.0012719737952874054,0.00016120975295638167
5227,522.7,0.0009581172516419269,3.95363073684468e-05
5228,522.8000000000001,0.0006660849044980348,-0.0006493589951336585
5229,522.9,0.0007174832159433722,-0.0004109247048810254
5230,523.0,0.0010687082771745227,-2.099513696436804e-05
5231,523.1,0.0017883746458149277,0.00012972782278515056
5232,523.2,0.002099145848961724,0.00011989136955452104
5233,523.3000000000001,0.001472887411186767,-0.0002878635516702265
5234,523.4,0.0012321815717601383,0.0002471636064677929
5235,523.5,0.0017050296452121123,0.00030995423310819375
5236,523.6,0.0019442035202758765,0.00031324932744317206
5237,523.7,0.0018621854331766223,0.00019515879195377504
5238,523.8000000000001,0.0015569889701574227,9.540555356553058e-05
5239,523.9,0.0016440770267837238,-0.0004181745680981298
5240,524.0,0.0017947974247803828,-0.0006156855936563767
5241,524.1,0.0016403417246703183,-0.00011098501713961279
5242,524.2,0.0016805449774585073,6.853742103536031e-05
5243,524.3000000000001,0.001683983545081395,0.000481872374445178
5244,524.4,0.0015718194617827194,9.140689226705221e-05
5245,524.5,0.0017174336938893093,-0.0003926220355264105
5246,524.6,0.0017669395664371035,-0.0007410189795070088
5247,524.7,0.001667242786498767,-0.00036032769680043725
5248,524.8000000000001,0.001426750615162391,-0.0007488661375738534
5249,524.9,0.0009956246017337172,-0.000685407874750373
5250,525.0,0.0009061006586357243,-0.00018466883683780747
5251,525.1,0.0011317715858760386,-0.00024784018309857296
5252,525.2,0.0012518027432309804,9.819952657465435e-05
5253,525.3000000000001,0.0014143775976760144,0.00040967936647432455
5254,525.4,0.0014574183780021496,8.674326024067785e-05
5255,525.5,0.001443415906111351,0.0002710740286196809
5256,525.6,0.0012212863171269562,-1.8537607703843548e-05
5257,525.7,0.0010288721226117579,0.000149999770761692
5258,525.8000000000001,0.001187934858537199,0.0004727554615834697
5259,525.9,0.0015571655958187595,0.0002952510703120487
5260,526.0,0.001602615970876658,0.000673523637585246
5261,526.1,0.0014329626712727697,0.0005932793250127695
5262,526.2,0.0015449798946194165,2.0699994354775788e-05
5263,526.3000000000001,0.0015618094160863155,2.0705686391011756e-05
5264,526.4,0.0018611148036781252,0.0007780933375928864
5265,526.5,0.002074100636379092,0.0010760444430857562
5266,526.6,0.0017796086291981285,0.0009146023995403666
5267,526.7,0.0012484805959877968,0.00036857802714171823
5268,526.8000000000001,0.0007822803087303065,4.591167148532257e-05
5269,526.9,0.0005444224770777624,-1.31704879193392e-05
5270,527.0,0.0004361763198511801,2.0734442578129356e-05
5271,527.1,0.0007367512881486587,0.00012835892268243658
5272,527.2,0.0012446814890451875,3.756543714110014e-05
5273,527.3000000000001,0.0012373200741560904,-0.00013166970645961734
5274,527.4,0.0008200254461227412,-0.0001440564766627199
5275,527.5,0.00041233491444879933,0.00010612851426969554
5276,527.6,0.0005053763069467752,-1.8977480353310208e-06
5277,527.7,0.000810621408492,-0.0001565406492396548
5278,527.8000000000001,0.0007838998180901832,0.00020578669943764155
5279,527.9,0.0004706337776852843,0.000266462527848673
5280,528.0,0.0003080818054170372,-0.00024462615418293396
5281,528.1,0.00037740115220122827,0.00022565165501177054
5282,528.2,0.0005405897303028877,0.0005000051646344053
5283,528.3000000000001,0.0006860017392929834,0.0004885956079048541
5284,528.4,0.0005441358414508434,0.00022745426816681423
5285,528.5,-1.647938643171783e-05,0.0003001654239680901
5286,528.6,-0.00010221885357360769,0.00015616315619370745
5287,528.7,0.00018200232701107077,0.0007455092803504388
5288,528.8000000000001,0.0002707790738215268,0.0003282492076349026
5289,528.9,6.428840550432338e-05,0.0001467728899053015
5290,529.0,-0.00013390249156963375,0.00038959050731235173
5291,529.1,-0.0002689755411050762,0.0002613734407744733
5292,529.2,-0.0006083093577213979,0.00017893724205946486
5293,529.3000000000001,-0.0009530342062840514,-3.959232300285815e-05
5294,529.4,-0.0011381090176906653,-0.0002676497812445539
5295,529.5,-0.001258699435609227,-0.00023610183745148753
5296,529.6,-0.0009788054938111956,0.00013802130009644384
5297,529.7,-0.0004027822375501357,3.005636901211378e-05
5298,529.8000000000001,-0.0003262314949046799,-0.0006172048981079528
5299,529.9,-0.0007545191786280502,-0.0007752749330214141
5300,530.0,-0.0008020886065440268,-0.00021593264955500663
5301,530.1,-0.0007602153370610354,-1.4715141947873615e-05
5302,530.2,-0.0004761759937514331,0.00037927917305648337
5303,530.3000000000001,-4.986217852514462e-05,0.0007148422869071046
5304,530.4,0.00018883962713878461,0.0005764532855957099
5305,530.5,0.00043834612028463717,0.00018341268158077818
5306,530.6,0.0004734409304955291,2.828384250991198e-05
5307,530.7,0.00036298484289845124,-0.00032125083371420355
5308,530.8000000000001,0.0002933901410058889,-0.0006930136241130361
5309,530.9,0.00013493815802404616,-0.0004309964810921447
5310,531.0,-0.00012780085852702875,-0.0004910636143662158
5311,531.1,-0.0002728720885321572,-0.0003385029097008881
5312,531.2,5.974917304147218e-05,0.00013013877368883532
5313,531.3000000000001,0.0001179308278640584,0.0005844924068821069
5314,531.4,2.7339960027281162e-05,-3.301024896367513e-05
5315,531.5,0.000355373880284925,0.0002818996682402446
5316,531.6,0.0007864610508399618,0.0007216789630640058
5317,531.7,0.0006867836217295025,0.0007370025235647699
5318,531.8000000000001,-3.104379258761019e-05,0.0007948468886957135
5319,531.9,-0.00041176011548301025,0.00033050026647842305
5320,532.0,2.0278885577853614e-05,0.00019995711725103482
5321,532.1,0.000387975896418524,-0.00018824910655956798
5322,532.2,0.0004158993599043769,-0.00045679320022150077
5323,532.3000000000001,0.0001237275526910595,-0.00020429410332568806
5324,532.4,-7.52103408066066e-05,-0.0002255736771036747
5325,532.5,0.0002746736364508169,-0.0001626772990892175
5326,532.6,0.0008977008085304841,-0.0005330688230296401
5327,532.7,0.0008794967541230538,-0.0002483835811145165
5328,532.8000000000001,0.000206801483948378,-0.00045449835970407177
5329,532.9,-0.0003236763665542937,3.65378227675282e-05
5330,533.0,-6.93053912014646e-05,-2.7663401272588707e-05
5331,533.1,1.0315019448460907e-05,-0.00019702230246981966
5332,533.2,-0.0002554735967182923,-0.0006546868259455208
5333,533.3000000000001,-0.00036006520059115714,-0.0008906628497695273
5334,533.4,-0.0002875474337343298,-0.00031567960118815516
5335,533.5,-9.09647348491005e-05,-0.00018751643521388087
5336,533.6,4.679540349639568e-05,-0.00023552946539782144
5337,533.7,0.00033106659076533246,-7.107648937525707e-05
5338,533.8000000000001,6.523304186842328e-05,-0.000308955115818454
5339,533.9,-0.00014739522582022676,-0.0006104799700352728
5340,534.0,9.209226930776904e-05,-0.0006481517557044253
5341,534.1,0.0005201214456135166,-0.0005224143976334362
5342,534.2,0.0010507628538705103,0.00048295990276313354
5343,534.3000000000001,0.0010069404981295097,0.00032268684508670204
5344,534.4,0.000842690459024338,-0.0007100071629363413
5345,534.5,0.0008241667654269522,-0.001137977552023756
5346,534.6,0.0005694508858129206,-0.001144759409643558
5347,534.7,0.00024216055575531224,-0.0007925695897676642
5348,534.8000000000001,0.0004177287965462004,-0.0003890724366255563
5349,534.9,0.0006016715617742633,-0.0002815945136508952
5350,535.0,0.0006639961256907672,0.00022319725986839727
5351,535.1,0.0007454060251030783,-0.0002139982285443555
5352,535.2,0.0007008489009636371,-0.0002683352709936442
5353,535.3000000000001,0.0004200568425097332,-0.0001767011220297681
5354,535.4,-0.00011625756292652833,0.00032512428655596915
5355,535.5,-0.00025765398222319237,0.00018982806810246788
5356,535.6,2.950349930964879e-07,1.8727754250126262e-05
5357,535.7,6.326614162869556e-05,-0.00043132263429944797
5358,535.8000000000001,3.843807041696451e-05,0.0001559917482861855
5359,535.9,0.0001655248276803422,0.0001632956898514735
5360,536.0,0.0001710907690542719,9.211487809186596e-05
5361,536.1,0.0001296938881344453,0.0005107092832297275
5362,536.2,0.0006614390972537784,0.0003925948596755036
5363,536.3000000000001,0.0006945545650485435,0.0001949210052821372
5364,536.4,-0.00016090809283092155,0.00021534962050405188
5365,536.5,-0.0005087222923517581,0.0005233775413268786
5366,536.6,-0.00029298725293150845,0.00069708162974407
5367,536.7,0.00016373662679666488,0.0004491258309790591
5368,536.8000000000001,0.00037759892789607615,0.0007165069895918125
5369,536.9,0.0007242133271965566,0.0004096300207025632
5370,537.0,0.0014569912726100824,2.5711789888991755e-06
5371,537.1,0.0014114416446728052,-0.0008324902619135282
5372,537.2,0.0011132164721074365,-0.0010407544208402015
5373,537.3000000000001,0.0010701230526446808,-0.0010756237991100615
5374,537.4,0.00110611460568969,-0.00029130282801727677
5375,537.5,0.0010999058605137496,0.00013624648711248503
5376,537.6,0.0008928149696248785,-9.43149757946177e-05
5377,537.7,0.0006269278553188234,-0.0001583062622003579
5378,537.8000000000001,0.0003155306543704336,-0.00011919744619909722
5379,537.9,0.00017822335232124526,-0.000322863687871953
5380,538.0,0.00029724344264731473,-0.0006236301893867769
5381,538.1,0.0005891039159675633,-0.000227962337042657
5382,538.2,0.00042481623656817266,-0.0003615255339330691
5383,538.3000000000001,0.00029681686219141943,-0.0003898332556281228
5384,538.4,0.0006506996200799325,-7.690640229370353e-05
5385,538.5,0.0008908483131923106,5.033243409611035e-05
5386,538.6,0.0008676692096593118,-0.0003294735308560652
5387,538.7,0.0007763282156336315,7.681370998335506e-05
5388,538.8000000000001,0.0008689345408062238,0.000512088139768847
5389,538.9,0.0012352316253821359,0.0003994427131686469
5390,539.0,0.001521450280034597,0.0004370758829218918
5391,539.1,0.0015228405093484327,-1.3989347304399147e-05
5392,539.2,0.0011874906085751517,-0.00012516853755616372
5393,539.3000000000001,0.0007958376899104854,-0.00033705115904906027
5394,539.4,0.0011599957872057078,-0.00047749687557103825
5395,539.5,0.0014091633605859172,-4.6303489297011166e-05
5396,539.6,0.001018002675707797,3.7349707178473025e-05
5397,539.7,0.0007943902252968666,-0.00017208065809731744
5398,539.8000000000001,0.0012493341032227183,-7.125739884502402e-05
5399,539.9,0.0016809769267301065,0.00035949836556189936
5400,540.0,0.0017381508145716865,0.0005774213893029375
5401,540.1,0.0014167699030175548,1.5727439794646722e-05
5402,540.2,0.0011715801083903305,-9.676453047012201e-05
5403,540.3000000000001,0.0011706544410818645,0.00011312464970916422
5404,540.4,0.0010610890097963836,0.00032605537485139814
5405,540.5,0.0007823750195918247,-0.00011036758013534156
5406,540.6,0.0005115714629361402,-0.0008722998532062485
5407,540.7,0.00032248650750838474,-0.0005132259567246935
5408,540.8000000000001,0.00029783984468435625,-7.375603484741852e-06
5409,540.9,0.0003107142211168644,-6.690036118012166e-05
5410,541.0,0.000562497533701153,1.0931517114744441e-05
5411,541.1,0.0006064856257970948,-0.00047596575515811975
5412,541.2,0.0005966751309055265,-0.000820572664833176
5413,541.3000000000001,0.0007488016497823194,-0.0007706733748610655
5414,541.4,0.0007895530542658722,-0.0010918438677090057
5415,541.5,0.0005498614416902569,-0.00031940684514808964
5416,541.6,0.0005358004246921243,-0.0004635684428274728
5417,541.7,0.0007963555215392922,-0.0002509174669014465
5418,541.8000000000001,0.0006551720004509583,-0.00035193446050829245
5419,541.9,0.00038173982039569606,-1.7464944219899406e-05
5420,542.0,0.0005047606242920492,8.231420359333914e-05
5421,542.1,0.0010041453611882613,0.0003344534298491687
5422,542.2,0.001147406920503379,0.0003928905074582149
5423,542.3000000000001,0.0003440296555459088,1.1670774067295686e-05
5424,542.4,-0.00021420760089546184,-8.445967885066353e-06
5425,542.5,0.00013304660476181864,0.00021410511190412507
5426,542.6,0.0007134592891198592,0.0006985620241425818
5427,542.7,0.0007806344493846625,-0.00016847775210205963
5428,542.8000000000001,0.00042351472649401707,-0.0010373878750496853
5429,542.9,0.00022175310133894528,-0.0005926313035411657
5430,543.0,0.0004241892986983829,-0.000749766883044301
5431,543.1,0.0006160058350027647,-0.0003175852663307554
5432,543.2,0.00015406477650623277,-0.00034020103473156316
5433,543.3000000000001,-0.0004299493663858473,-0.0004722273935962771
5434,543.4,-0.0004469379406465121,-0.00017986178341803475
5435,543.5,-0.0003050195616516496,-0.00010825711012852451
5436,543.6,-0.00031460236257220824,-0.0005636627404192723
5437,543.7,-0.00021171091310705987,-0.0007507428393409051
5438,543.8000000000001,-0.00028686792230755146,-0.0005309645849217552
5439,543.9,-0.00019925771066850939,-9.407897448673729e-06
5440,544.0,-0.00025629316097375136,2.2133043092120075e-05
5441,544.1,-0.0006600497392762776,0.0003293806309120415
5442,544.2,-0.0008458974355527379,0.00013430612469370732
5443,544.3000000000001,-0.001065170444326156,-0.00010285075979577291
5444,544.4,-0.0010948372222760066,3.268513825539012e-05
5445,544.5,-0.00080622392829254,0.00018908749240498278
5446,544.6,-0.0009745516934883901,8.751772842948296e-05
5447,544.7,-0.001446894833047786,2.6279480330399956e-05
5448,544.8000000000001,-0.001764884654362437,5.9009971453508114e-05
5449,544.9,-0.0014836001756812036,0.0002873386000281119
5450,545.0,-0.0008685147793700237,0.0005970502949906645
5451,545.1,-0.0009599460605606181,0.0006038659817447638
5452,545.2,-0.0010717942669085589,1.111724354017822e-06
5453,545.3000000000001,-0.0009684984547454099,0.00037847020584711854
5454,545.4,-0.001019354628401271,0.00037703438203301676
5455,545.5,-0.0014430704479229148,-0.0003298849884369662
5456,545.6,-0.0014458681680724979,-9.387338269024066e-05
5457,545.7,-0.0012845618175504564,0.0003216700074133135
5458,545.8000000000001,-0.0014231280142062732,-0.0001878203623479263
5459,545.9,-0.0015498866788198609,8.99858400095028e-06
5460,546.0,-0.001498505487462668,3.467906724160618e-05
5461,546.1,-0.0016471120378623862,1.1813042332021672e-05
5462,546.2,-0.0016489128534592898,-0.0004918483460384091
5463,546.3000000000001,-0.001333517384259123,-0.00037967071495886634
5464,546.4,-0.0011867821487005353,0.00035451240212359546
5465,546.5,-0.0012728054726542576,0.00026487074298936985
5466,546.6,-0.0013002735155082362,7.059752335768185e-05
5467,546.7,-0.0012333453941968265,1.8698652216745414e-05
5468,546.8000000000001,-0.0007856614048441862,0.00019155336000788335
5469,546.9,-0.00033354038484310216,0.0001668007514151007
5470,547.0,-0.00041987085116020984,7.276659231904638e-05
5471,547.1,-0.00044409904242783863,-0.0003214718906406327
5472,547.2,-0.0006875844546931386,-0.0005859140992523055
5473,547.3000000000001,-0.000990450190520325,-0.0002926353781627321
5474,547.4,-0.0010206617583741668,-0.0006515355116917546
5475,547.5,-0.0011749762390717722,-0.00036518157462571226
5476,547.6,-0.0009660098833597238,0.00015724239034179278
5477,547.7,-0.0006429547057387661,0.0002391701476359034
5478,547.8000000000001,-0.0009602822845793476,-0.000445149425347097
5479,547.9,-0.0015943237556977903,-0.00046485731710166556
5480,548.0,-0.0020493843107408692,-0.0005001636534572604
5481,548.1,-0.0019032854107089777,-0.0007135340527481218
5482,548.2,-0.0015613095951053943,-0.0012012302692130659
5483,548.3000000000001,-0.0010889366572185016,-0.0012260207885423618
5484,548.4,-0.0003836419763979354,-0.0002486768695561133
5485,548.5,-0.00031627688644264633,0.00036748954002052296
5486,548.6,-0.0008851739884252359,-0.0003061332355667638
5487,548.7,-0.0013615646049835546,-0.00047438038959739953
5488,548.8000000000001,-0.0009193728725012701,-0.00046307512054784956
5489,548.9,-0.0003392660369030985,0.0003026885075146827
5490,549.0,-0.0005639063517631892,0.00034615677327737987
5491,549.1,-0.0011904731834563723,-0.00041340557137982707
5492,549.2,-0.0010732349401524177,-0.0005196915770536195
5493,549.3000000000001,-0.0009458095658810786,-0.000241717338965543
5494,549.4,-0.001055085858203994,-0.00033960905221417856
5495,549.5,-0.0012271016298339055,-0.0006225778557452399
5496,549.6,-0.0014286552260985997,-0.0005433027851710678
5497,549.7,-0.0015949217175206065,-0.00047011755809931675
5498,549.8000000000001,-0.0014678529526915116,-0.00031622418705313355
5499,549.9,-0.0010440986370190526,0.00015465660457549818
5500,550.0,-0.0006060026745446209,0.00017317619704548297
5501,550.1,-0.000329344876153004,0.00017697979058036353
5502,550.2,-0.0002670489997002575,0.00024327938621822437
5503,550.3000000000001,-0.0001574796203396818,0.00020244133418149534
5504,550.4,-1.898623513158113e-05,0.00013310383712409105
5505,550.5,-0.00011374668581801923,5.6861155766771345e-05
5506,550.6,-0.0002851886533092801,-0.00027325819868607494
5507,550.7,-0.00021841010492175696,-0.000522347496800009
5508,550.8000000000001,-4.854946031194051e-05,-0.0005465742826682809
5509,550.9,0.00011628038887983017,-0.00045317095602167147
5510,551.0,9.395930783718993e-05,0.00011930621179763664
5511,551.1,0.0003723200192202042,1.8632245625899706e-05
5512,551.2,0.00030821222096401085,-0.00031967976112069654
5513,551.3000000000001,-6.591476143005949e-05,-7.009952333812298e-05
5514,551.4,-1.1008701493750363e-05,0.00047361592472347107
5515,551.5,-6.267023803339449e-05,0.0003747058934446356
5516,551.6,-0.0005225596380363899,-0.0002385077538519826
5517,551.7,-0.0005159842336737809,-0.00040268234996048303
5518,551.8000000000001,-0.00023037886847400958,-0.00013202564615103074
5519,551.9,-0.000433170442751201,0.00011887549604495304
5520,552.0,-0.000983286931815894,-4.041371760346255e-05
5521,552.1,-0.0011894399963807596,-4.4763774742441504e-05
5522,552.2,-0.0011154564927569142,0.00020347765353388806
5523,552.3000000000001,-0.000996091642733656,0.00047014130939171606
5524,552.4,-0.0008575048901087482,0.00031497717712941224
5525,552.5,-0.0007864143525104616,0.0003972362887473543
5526,552.6,-0.0007069188653339674,0.0005478469231219174
5527,552.7,-0.0006204657436215289,0.00013139378964872997
5528,552.8000000000001,-0.0006901159930814285,-0.0002459332333315149
5529,552.9,-0.0010100910931210687,-0.00021911685962598633
5530,553.0,-0.001183935787516003,-2.465076380446234e-05
5531,553.1,-0.0009110475917664167,-0.00015279123969028628
5532,553.2,-0.0007435467254884139,-0.0001064872378466433
5533,553.3000000000001,-0.0010643680439364372,-0.00032547700503247846
5534,553.4,-0.0013985054272479557,-2.029156698793108e-05
5535,553.5,-0.0011238680388580787,-0.00018750415517780494
5536,553.6,-0.0009448887749025124,0.0001334235184013983
5537,553.7,-0.0011400016288399628,0.0003491965081791978
5538,553.8000000000001,-0.0014946286205552942,0.000394769258428718
5539,553.9,-0.0018514271203886351,-0.0004953617366722257
5540,554.0,-0.001732811035095666,-0.00016353505365287853
5541,554.1,-0.0017356266600446627,-0.000450707174832617
5542,554.2,-0.001538171238119458,-0.0004867389864581339
5543,554.3000000000001,-0.0017792378854981806,-0.00037859170541213263
5544,554.4,-0.0021205877778073755,-0.0003297065891867025
5545,554.5,-0.0021238755285624147,-0.00020189835969919426
5546,554.6,-0.001812212204979654,-0.0005568402666575766
5547,554.7,-0.0012660221878432827,-0.00045350317319884
5548,554.8000000000001,-0.0011081531459357374,-0.00024375526201222392
5549,554.9,-0.0010157656147664537,-0.00034697217270086335
5550,555.0,-0.0008377429155618015,-0.0001939397416598059
5551,555.1,-0.0012131498487952964,-0.000584104064884465
5552,555.2,-0.0019157438289155756,-0.0009819030104760318
5553,555.3000000000001,-0.0019087403151231334,-0.0008028626540143269
5554,555.4,-0.0017140540219849438,-0.0005014477335119061
5555,555.5,-0.0016796140036815796,-0.0003314676021486442
5556,555.6,-0.001748308494289345,-0.0003262268420466973
5557,555.7,-0.001852108391789765,-0.0005781261377326875
5558,555.8000000000001,-0.002119671441429107,-0.0007823245141808305
5559,555.9,-0.002257759631385062,-0.0004305036918083027
5560,556.0,-0.0026273363429657943,-0.0008379729749927158
5561,556.1,-0.0027348766525235337,-0.0014426064199578432
5562,556.2,-0.0020743470336575484,-0.0006431571832908309
5563,556.3000000000001,-0.00191774530043127,-0.0004452349789107669
5564,556.4,-0.002406211612917358,-0.00031922005189160093
5565,556.5,-0.002147499997194096,-0.0002780541877029467
5566,556.6,-0.0018948814096262341,-0.0007151048515877927
5567,556.7,-0.002187667221213461,-0.00040464375984296876
5568,556.8000000000001,-0.002482812596245682,-0.00046953006066864845
5569,556.9,-0.002152625150760847,-2.6487853075087594e-06
5570,557.0,-0.001804145209549622,-0.0001573406278640198
5571,557.1,-0.0017388957217768957,-0.0003208221459303367
5572,557.2,-0.0018043968222648961,-0.000540902023576373
5573,557.3000000000001,-0.0019963407589217636,-0.0008962460098482654
5574,557.4,-0.0021314150475533616,-0.0008451438721564707
5575,557.5,-0.0016824669672325374,-0.0001925025382948342
5576,557.6,-0.0011499754689297216,-7.542084021291341e-05
5577,557.7,-0.0009089370866143394,1.3395440705183917e-05
5578,557.8000000000001,-0.0010690480288375402,-0.0003970448585588611
5579,557.9,-0.0011843900139337908,-0.00011568334585628721
5580,558.0,-0.0010818875088139312,-0.00042889620308482994
5581,558.1,-0.0014041038584507348,-0.0006926011028490759
5582,558.2,-0.0012440027881550305,-0.0005970983882338968
5583,558.3000000000001,-0.0005518716808023896,-0.0006667211053631947
5584,558.4,-0.00038955678688472095,-0.0008021426485960013
5585,558.5,-0.000639235493437844,-0.0012154685510200553
5586,558.6,-0.0008606210407378584,-0.001210644700910556
5587,558.7,-0.0006805947266217256,-0.0014627046010658922
5588,558.8000000000001,-0.0004350524974451442,-0.0008899177838747607
5589,558.9,-0.0002823756099007739,-0.0004483847980729774
5590,559.0,-0.0001140525469252575,8.803982038118753e-06
5591,559.1,-0.00017339957876631384,8.202837038429105e-05
5592,559.2,-0.00020018533818323553,0.00011787971314662277
5593,559.3000000000001,-0.0004478410325819909,1.585004483774269e-05
5594,559.4,-0.001285659986647588,-7.584504477460868e-05
5595,559.5,-0.0015971681600052351,0.0003216735444095623
5596,559.6,-0.001255681957509446,0.0008490778823242347
5597,559.7,-0.0011204352476507323,-1.3290990575710377e-05
5598,559.8000000000001,-0.0012375088526571725,-2.2232501298762358e-05
5599,559.9,-0.0012039855269023673,0.000191513118167654
5600,560.0,-0.001194570074635663,-8.732802189417915e-05
5601,560.1,-0.0010125740250326732,-0.00023368584759662396
5602,560.2,-0.0012385002763356614,-0.00011945971473111114
5603,560.3000000000001,-0.0013040214461348312,0.00010166900028197803
5604,560.4,-0.0008266687071116829,0.000215308480851313
5605,560.5,-0.0008468265319595252,0.0002418006607349991
5606,560.6,-0.0012435618419580849,-0.0002626083128760966
5607,560.7,-0.0011287079766542103,0.00010523166855874626
5608,560.8000000000001,-0.00041615526446488297,0.0006213289564203765
5609,560.9,0.00011810048347516372,0.000795138905836691
5610,561.0,-0.00034230456399002914,0.00018541444886091253
5611,561.1,-0.000987294790288373,-0.00015955992851933906
5612,561.2,-0.0009828945135360514,-0.00029222353458442977
5613,561.3000000000001,-0.0010273979597999335,-0.00025729690755597277
5614,561.4,-0.0009691369925036738,-9.301381023960123e-05
5615,561.5,-0.00047732261427858977,-8.349191787050579e-05
5616,561.6,-0.00045333717684888016,0.0001408756250862606
5617,561.7,-0.0011248373148571983,0.00030378000794315847
5618,561.8000000000001,-0.0018986616713063183,0.0001415066039499692
5619,561.9,-0.0020110401504769013,-0.0003849718176746591
5620,562.0,-0.001629881757266719,-0.0005282558073295139
5621,562.1,-0.0014704072407203549,-0.00011669082099234703
5622,562.2,-0.0015497509118557518,-0.00013073345746973208
5623,562.3000000000001,-0.0014224626080249312,-0.0001579808439658365
5624,562.4,-0.0009813817290403298,-0.0002487726421398152
5625,562.5,-0.0006744108295359914,-0.000602494845903829
5626,562.6,-0.00042140255098282244,2.095512328167391e-06
5627,562.7,-0.0004903789095124668,3.169610763183251e-05
5628,562.8000000000001,-0.000914439267134966,0.00019856357050439293
5629,562.9,-0.001225698133151313,0.0001406162750704818
5630,563.0,-0.0009691362593552436,0.00025793019647708527
5631,563.1,-0.0003773587027631014,0.0006645171392203722
5632,563.2,-0.00022426824097828815,0.0009915360276524024
5633,563.3000000000001,-0.0005993032271822324,0.0005268121075394872
5634,563.4,-0.0011491484056202763,1.2789117208843355e-05
5635,563.5,-0.0010849030828342912,0.00031347299817360385
5636,563.6,-0.00035640436128514763,0.000523100630088761
5637,563.7,-4.059746116621667e-05,0.0008202847582330827
5638,563.8000000000001,0.00010923618579884173,0.0009833836887045125
5639,563.9,0.0005127285100584204,0.0011028562851009948
5640,564.0,0.000631448496814037,0.00015197477608398644
5641,564.1,0.0005623941426940888,-9.248517074734699e-05
5642,564.2,0.0008026362332921107,0.00036103806431748726
5643,564.3000000000001,0.0008838156491281614,0.0002187948069112294
5644,564.4,0.0008971133651776839,0.0003562538438599663
5645,564.5,0.0004948418853023139,-5.791885013754209e-05
5646,564.6,-0.00035562328592234516,-0.00022787909658767225
5647,564.7,-0.000676990364435894,-0.0001601515503359616
5648,564.8000000000001,-0.0005980776632045071,-0.00012363099664944993
5649,564.9,-0.0007141901744856699,-0.0003923369377047772
5650,565.0,-0.0005569470862810545,-0.0004056184342665668
5651,565.1,-0.0004761556811727217,-0.00033890199989743483
5652,565.2,-0.0002263571322942256,-8.632133456243437e-05
5653,565.3000000000001,0.0001273125231441157,-0.00011612518534419182
5654,565.4,5.5240483886740206e-05,7.184711742370923e-05
5655,565.5,-0.0001047783215282024,0.0001753579661721552
5656,565.6,0.00023306235198125095,-0.00015926217699518245
5657,565.7,0.0006226309168988946,-0.00028036644935971333
5658,565.8000000000001,0.0004547841562189353,-0.00018067303210975608
5659,565.9,0.0001669554468890974,-0.00011653196989628698
5660,566.0,0.00010592548724846369,-0.00016420619004853859
5661,566.1,0.0003876368169457015,-0.00011301252616767976
5662,566.2,0.0007215372560756041,-1.712666126418371e-05
5663,566.3000000000001,0.00024931225574125544,-0.00021183091519936942
5664,566.4,-0.00014561266147399392,5.3425966487021285e-06
5665,566.5,-0.00010382060371558927,9.069549553486363e-05
5666,566.6,0.00022311340014005303,0.00014346665013855012
5667,566.7,0.00046690778702112787,0.0002677739357552972
5668,566.8000000000001,0.00026830823429549114,0.0005349576054375693
5669,566.9,-0.00018157413910601923,0.0006126754440934924
5670,567.0,-0.0006474779246080352,-0.00018331372131861215
5671,567.1,-0.0007248611234231601,-0.0003052102264187196
5672,567.2,-0.0007630452858808105,-0.0002619816639507826
5673,567.3000000000001,-0.0006479507972873531,-0.00011884620134410403
5674,567.4,-6.612804261371826e-05,-0.00018140994768363453
5675,567.5,0.0007396584167008522,0.0002324691799940768
5676,567.6,0.0005197560083492578,-5.748537907625516e-05
5677,567.7,-0.00024763931194493697,-7.507330203937323e-05
5678,567.8000000000001,-0.000657470179448726,-0.00018774798167663288
5679,567.9,-0.000417981419629968,-0.0002857074700770184
5680,568.0,4.6784491685499164e-05,-6.685461875694474e-05
5681,568.1,0.0002125321618854522,-2.458110220252254e-05
5682,568.2,0.0002878307182353686,-0.0001759665531962379
5683,568.3000000000001,0.0004398105169707081,0.00011349384817430583
5684,568.4,0.0005448786579650683,0.0003701517558243668
5685,568.5,0.0007679849895823574,0.0002081721961156435
5686,568.6,0.0008561464156795581,0.000569704006937389
5687,568.7,0.00044776683286960607,0.00031184667634266645
5688,568.8000000000001,-4.7315572519748945e-05,-1.9031266493515397e-05
5689,568.9,8.514356636132378e-06,0.0007979459617344065
5690,569.0,0.0003207869117811881,0.0009103658631568833
5691,569.1,4.875493882113978e-05,0.000329536847235186
5692,569.2,-0.00029383716935171784,-0.00032807098075191406
5693,569.3000000000001,-0.0005583727919202736,-0.00035803664780530766
5694,569.4,-0.0009977566325421157,9.041876410300806e-06
5695,569.5,-0.0010340415930221061,3.5308847192087006e-05
5696,569.6,-0.0009734234741340658,-0.00010427941675635598
5697,569.7,-0.0010275720914157678,-0.0002565467040989674
5698,569.8000000000001,-0.0009649471708712752,-0.0004308803902694279
5699,569.9,-0.0009603234678354897,0.0001089471747214359
5700,570.0,-0.0009376644450148837,0.0001791978644709503
5701,570.1,-0.001310828636174013,0.00014188579910308878
5702,570.2,-0.0013090573648548865,-0.0004840861793927761
5703,570.3000000000001,-0.0008271584601464415,-0.0007288630669834712
5704,570.4,-0.00017304649652313074,-8.442150551631984e-05
5705,570.5,-0.0002722067296098832,5.585785608291882e-05
5706,570.6,-0.0009398285891093222,-0.0005436028461417324
5707,570.7,-0.0010497035180336914,-0.0004804209121509587
5708,570.8000000000001,-0.0005627744590719949,6.424993481157976e-05
5709,570.9,-0.0001115397650495152,0.00041535467606447556
5710,571.0,0.000174200910369463,0.0002898328103568313
5711,571.1,0.00013649177975237826,0.00011484492131592264
5712,571.2,-0.0004176514415804559,-0.00019431956789506827
5713,571.3000000000001,-0.0012431000339449476,-0.0008508708088622468
5714,571.4,-0.0008722851546896642,-0.0005134858378255716
5715,571.5,-0.0002943864163540392,-0.0003747016612715936
5716,571.6,-0.00015466050756279189,-0.00019455846113202487
5717,571.7,-0.0003381623987360326,-0.00012413217232916946
5718,571.8000000000001,-0.00016426387122491545,-5.0991894255819263e-05
5719,571.9,3.118232385144652e-05,0.00023693632457026531
5720,572.0,3.957575509257289e-05,0.0002760495953382803
5721,572.1,0.00020152789045114436,0.0006302450059009206
5722,572.2,0.0003231326281669061,-9.914339459434739e-05
5723,572.3000000000001,4.673663771276615e-05,-0.0006031871547609352
5724,572.4,4.271845288507275e-05,-0.0002956072937044317
5725,572.5,-9.260937843979069e-05,0.00014562257921672822
5726,572.6,-0.0003196295948729568,0.0004503600125924857
5727,572.7,-0.000618527922743016,-0.0003471264865534198
5728,572.8000000000001,-0.0007634550315064424,-0.0008294851756839201
5729,572.9,-0.0007650316817641395,-0.0007313971328166871
5730,573.0,-0.0006703902515181057,-0.0002971008137258706
5731,573.1,-0.0005481075866954254,0.000253787995603939
5732,573.2,-0.0003720852399366847,0.00010170244605681385
5733,573.3000000000001,-0.00048122852968493046,0.00020370645405595132
5734,573.4,-0.0006044561731962731,6.252197463351637e-05
5735,573.5,-0.0007926859368902498,0.00033215410879389526
5736,573.6,-0.0011342514413528726,0.00042059518381260414
5737,573.7,-0.0008329241312558783,8.631169916813171e-05
5738,573.8000000000001,-0.0001731654060137836,0.00022835007422310953
5739,573.9,5.33842424827372e-05,0.00017636985422509496
5740,574.0,0.00010255243262991824,1.9152588436660356e-05
5741,574.1,-0.00015796322696729666,0.00017304760181098084
5742,574.2,-2.903853563158086e-05,0.00028789630355302077
5743,574.3000000000001,-5.224090326731939e-05,0.00037971603488433456
5744,574.4,-0.0005082025377493252,0.00035156182192929043
5745,574.5,-0.000995746932569169,0.00018565254189247408
5746,574.6,-0.00089345917725942,0.00033137589736771845
5747,574.7,-0.0004923269978828043,-2.1361939222767395e-05
5748,574.8000000000001,-0.0005989300894496864,-0.00016441076238397727
5749,574.9,-0.0008761668672481585,-0.0005164411182642154
5750,575.0,-0.001154119709488477,-0.0005767089645000519
5751,575.1,-0.0010821836502549567,-0.0002042723761100069
5752,575.2,-0.0006742992970028554,0.00025642313729779014
5753,575.3000000000001,-0.0007068261264142455,0.0009575040244158485
5754,575.4,-0.000985965444636588,0.0012403008958564903
5755,575.5,-0.0006262128169470547,0.0010812481823957599
5756,575.6,1.0937805193784961e-05,0.0006581289079136952
5757,575.7,-0.0001380054304713948,0.00038839655875358203
5758,575.8000000000001,-0.0004571441294865764,0.0002715920577061061
5759,575.9,-0.0007671614547546119,-6.692433053789888e-05
5760,576.0,-0.0012266786505894928,3.222000963769508e-05
5761,576.1,-0.0010766988839008677,0.0004365858321274973
5762,576.2,-0.0007238205727367699,0.0004330503754127892
5763,576.3000000000001,-0.0007385780510779643,0.0005057612404956661
5764,576.4,-0.0011881407732089995,9.994783577895604e-05
5765,576.5,-0.001505078992314066,-0.00026065127543312936
5766,576.6,-0.001003101852377476,-0.0003703534847954612
5767,576.7,-0.0003187921892116139,-0.00021868324858715624
5768,576.8000000000001,-0.00039772895569346455,0.00012528313036148098
5769,576.9,-0.001023244470233913,0.00031645702240979214
5770,577.0,-0.0013236041412127027,8.031045675140832e-05
5771,577.1,-0.0015084396979137072,-0.0003595127375595899
5772,577.2,-0.0012594828418432307,-0.0005110761580411646
5773,577.3000000000001,-0.0007999269591506008,0.00011296172802888274
5774,577.4,-0.0002898109274479454,0.00028183770917695247
5775,577.5,-0.000494598389365372,-0.0002086157924469185
5776,577.6,-0.0007998254231893702,-0.0004164565778218332
5777,577.7,-0.0011436736380545454,-0.00014945744757664727
5778,577.8000000000001,-0.0011449914613174995,0.0002239951581882631
5779,577.9,-0.0009131032085304965,0.0003243640634743926
5780,578.0,-0.0005097373652878659,0.00010323485387516813
5781,578.1,-0.0002636319843362195,-0.0006245884439471943
5782,578.2,-0.000428146683570543,-0.0007195873447309085
5783,578.3000000000001,-0.0003164767600891101,-0.000512215818085781
5784,578.4,-0.00032707948556792466,-0.00037271779593851454
5785,578.5,-0.0005954485748853285,-0.0004484818255352478
5786,578.6,-0.00047303745796346266,-6.382742813265004e-05
5787,578.7,5.501632606470644e-05,-6.301148817044714e-05
5788,578.8000000000001,0.0004121425856518134,3.462001006858403e-05
5789,578.9,0.0003914688032278819,-0.0003610381581785312
5790,579.0,0.00018839585206024864,-0.0004158796994179427
5791,579.1,3.6146509901547176e-05,-0.00040781094601884875
5792,579.2,5.0065221007238114e-05,2.3707707996031432e-05
5793,579.3000000000001,0.00038784997621708596,-6.544536416594838e-05
5794,579.4,0.0006108395306722434,-7.396291882853651e-06
5795,579.5,0.000454729480664508,-0.0002005515235012572
5796,579.6,6.76588456984401e-05,-0.00048708896317933175
5797,579.7,-0.00047618091483350126,-0.00037143970009439147
5798,579.8000000000001,-0.0007219184549686964,0.00014001327837635737
5799,579.9,-0.0003896636351072016,0.0002075642575347331
5800,580.0,5.25668907831506e-06,0.0007997547445050179
5801,580.1,0.0002944703205601827,0.0011891496565114717
5802,580.2,0.0003019101597792778,0.0006968763906424765
5803,580.3000000000001,7.1226980870432105e-06,0.00040830735901955454
5804,580.4,-0.00023065727293424194,0.00022938645172664203
5805,580.5,-3.4898354171324427e-05,0.0001471189113738231
5806,580.6,-4.43865079794608e-05,0.00020843516397661704
5807,580.7,9.91058092497266e-05,-0.00015817031902191702
5808,580.8000000000001,0.0003706958866864471,-0.000531976873067088
5809,580.9,0.0001959965804810764,-0.0008781846169512806
5810,581.0,-0.00014249633061302127,-0.0004953190543431924
5811,581.1,-0.000235048265981782,-0.0001242916902786125
5812,581.2,-0.0003048905204350968,0.0001709123824915239
5813,581.3000000000001,-0.0005898554505735134,0.0005170746353461498
5814,581.4,-0.0006782402848638421,0.00024147186625121363
5815,581.5,-0.0006894196415105808,-0.0002547163446406617
5816,581.6,-0.00016075831204150252,-0.0003071936245019857
5817,581.7,3.147457596219569e-05,5.936702283932707e-05
5818,581.8000000000001,-0.0005915283897373508,0.0003334882286344022
5819,581.9,-0.0011673301283899806,0.00011131966211756937
5820,582.0,-0.00182193697436254,-0.00016731340635468015
5821,582.1,-0.0025679341123277947,-0.00017148821397817266
5822,582.2,-0.0025193078914672565,0.0005618287224380434
5823,582.3000000000001,-0.0018517399237852061,-0.0002614969737477579
5824,582.4,-0.0013562062116001627,-0.0004690384042586676
5825,582.5,-0.0014553030314812742,6.143446782882228e-06
5826,582.6,-0.001563093030516812,-0.00015210534654563055
5827,582.7,-0.0012377328934908842,-0.00016734773064783565
5828,582.8000000000001,-0.0010607734523153123,-0.00047205261019107745
5829,582.9,-0.0011741507659217727,-0.0005161187800600068
5830,583.0,-0.001153523938141846,-0.0002506677744779225
5831,583.1,-0.0011548767430484164,7.657558394339598e-05
5832,583.2,-0.0007870531430033471,0.0001235468380520681
5833,583.3000000000001,-0.0005936209498992643,0.0002159538385668922
5834,583.4,-0.000721111867381335,1.676321445610864e-05
5835,583.5,-0.0008012869613455956,0.0003131228667641022
5836,583.6,-0.0009842988283017223,0.00019283526204576603
5837,583.7,-0.0015463902788043506,-0.00036144406373183745
5838,583.8000000000001,-0.0016258825412840063,1.8046318229234521e-06
5839,583.9,-0.0013212980440920064,7.693712912760763e-05
5840,584.0,-0.0011520664353806998,-0.00033295418554485595
5841,584.1,-0.001115689462333484,-0.0002682221967694006
5842,584.2,-0.0010543971291593066,9.305533066896009e-05
5843,584.3000000000001,-0.0008279716904340944,-2.1879484511275273e-05
5844,584.4,-0.0007904206416502592,-0.00023480239278069395
5845,584.5,-0.00015446036093187153,0.00034225182349140697
5846,584.6,0.0002319369383854098,0.00045048705399178236
5847,584.7,8.03660041140712e-05,-0.0002545602288092275
5848,584.8000000000001,1.9763895215289932e-05,-0.0009631846939533354
5849,584.9,0.0005567073212389595,-0.0005312053355232753
5850,585.0,0.0010391977880045472,-0.0002769946195344578
5851,585.1,0.0012565829680327265,0.0001434630460176155
5852,585.2,0.0010518505033960109,-0.0005383404749699154
5853,585.3000000000001,0.000761539052838164,-0.000696480140916923
5854,585.4,0.0011202980401127899,-0.000417302145017953
5855,585.5,0.0015943369459649791,-0.0005189305833812143
5856,585.6,0.0013099281113164874,-0.0004468743567431086
5857,585.7,0.00045135203679885267,-0.0005602204809406592
5858,585.8000000000001,0.00010001731569515382,-0.000354455402796294
5859,585.9,0.000725828769013804,-0.0002917454843086639
5860,586.0,0.0009693613916948704,-0.00027184090529203694
5861,586.1,0.0006624359713035173,-0.0002254669715259571
5862,586.2,0.00021603838964045032,-0.0002214788486592832
5863,586.3000000000001,-0.00025571707483221435,-0.0003862675478418917
5864,586.4,-9.427819409010274e-05,-0.0008163910459220318
5865,586.5,0.0001315424826786303,-0.0008486402507570856
5866,586.6,4.449764203556359e-05,-0.00030810833886954747
5867,586.7,0.00022168200877664874,-1.3775163348423183e-05
5868,586.8000000000001,0.0001692353205404286,0.00021663560846849617
5869,586.9,-0.00015109549862622518,-0.00034018319442547326
5870,587.0,-0.00037228059752770126,-0.0006638217158949419
5871,587.1,-0.00046673006144971803,-0.00035343203515782347
5872,587.2,-0.0003350777787114288,-0.0004081492421963875
5873,587.3000000000001,-0.00020539338580913204,-0.0004172924031158177
5874,587.4,-0.0003192139533651639,-0.0008532493907083876
5875,587.5,-0.0002531190918930829,-0.0008558066007197091
5876,587.6,-0.0001982769763467267,2.7879499853607814e-05
5877,587.7,-0.000968320992922485,0.0003607070766151267
5878,587.8000000000001,-0.001018821709758577,0.0002929469533811163
5879,587.9,-0.000499083197803047,0.00029071035117151614
5880,588.0,-0.0003438879240323591,0.0006847525077244534
5881,588.1,-0.0006916485059344854,0.00043133757923283456
5882,588.2,-0.0012551903935475663,-7.817435843398932e-06
5883,588.3000000000001,-0.0014703800107463564,-0.00010545898643793895
5884,588.4,-0.001592536488124369,-6.318296311368586e-05
5885,588.5,-0.0017842943972205929,-0.0003682442474078349
5886,588.6,-0.0016624802074301165,-0.00034069808268475077
5887,588.7,-0.0011410248444539822,-0.0005328770402271915
5888,588.8000000000001,-0.0007885070403422363,-0.0006884702761032996
5889,588.9,-0.001208283852235236,-0.0009030618078917845
5890,589.0,-0.0015551633100036725,-0.0005200606726126264
5891,589.1,-0.0012012847213187115,-0.0001658608207337551
5892,589.2,-0.0008150328092116217,-0.0001100953772128236
5893,589.3000000000001,-0.0008662304974742566,8.008917637346699e-05
5894,589.4,-0.000743185447812774,0.00048064222038522026
5895,589.5,-0.0007491879965280025,0.0007161514626501919
5896,589.6,-0.0007675972225201633,0.0009749359621356434
5897,589.7,-0.0008832220360047712,0.0005092256388672696
5898,589.8000000000001,-0.001045995847894173,-0.00025565447949774735
5899,589.9,-0.0012200637424950212,6.038436310756171e-05
5900,590.0,-0.0010997677578601964,0.00022408656046535058
5901,590.1,-0.000404019323423056,0.0002968808959170476
5902,590.2,0.0001467957968579714,0.00039722231951099603
5903,590.3000000000001,-1.3380244321976749e-06,0.0005218470485442028
5904,590.4,-0.00022810529556807412,-0.00029698615324323365
5905,590.5,-0.0001436786042336222,-0.00019772451848080742
5906,590.6,-0.00028115953132215935,-0.00042612565886059257
5907,590.7,-0.0003683998550619865,-0.00046411075439072047
5908,590.8000000000001,-0.0007211377651402904,-0.00026638337491340417
5909,590.9,-0.001081125070868499,-0.00047194896960977125
5910,591.0,-0.0011544632303235028,-0.0009872368730757272
5911,591.1,-0.0008117473564174153,-0.0009481003047341652
5912,591.2,-0.00047419679785867786,-0.0008089347764360193
5913,591.3000000000001,-0.0005327888246187583,-0.000352069051198333
5914,591.4,-0.0005712583517779378,-0.00022723483763395277
5915,591.5,-0.0006204970510686549,-0.0003648649433834981
5916,591.6,-0.0006529494126116031,-0.00014301637161779867
5917,591.7,-0.00034647315071144894,-0.0001313632314590243
5918,591.8000000000001,-0.0001582868022872652,-2.4991043752108986e-05
5919,591.9,-0.0006694319544276127,0.0006330056173348808
5920,592.0,-0.0014739017433504388,0.00047348940929755994
5921,592.1,-0.0014283003862650156,0.0002222401463815832
5922,592.2,-0.0009378123805549694,-0.00018319470092662858
5923,592.3000000000001,-0.0002884090871985989,-0.00018243347784577566
5924,592.4,-4.1654281007199014e-05,-0.0005255087494857151
5925,592.5,-9.097365983101613e-05,-0.0001779743467725412
5926,592.6,-0.00017499819475073983,-0.0005571659584682014
5927,592.7,-0.0003784516055230035,-0.0002491260458323608
5928,592.8000000000001,-0.0003232199721695806,8.664266462349827e-05
5929,592.9,-0.0005507607166887583,-6.462395492650169e-05
5930,593.0,-0.0006975613918278556,-7.288366554049408e-05
5931,593.1,-0.0005996218014382357,0.00032227667390387186
5932,593.2,-0.0007975732562581774,5.622155608643967e-05
5933,593.3000000000001,-0.0010156334050781893,0.000612926442139692
5934,593.4,-0.0009825538603215726,0.001025383620296387
5935,593.5,-0.001129336909892852,0.00047846915871101376
5936,593.6,-0.0013432758310836408,-9.81417891591377e-05
5937,593.7,-0.0011552833338154425,-0.0006245241164767401
5938,593.8000000000001,-0.0008472091594290411,-0.00029236935797672807
5939,593.9,-0.0009041457414602364,-0.00025620529269272104
5940,594.0,-0.00111482144894803,-0.0004163081089735142
5941,594.1,-0.0008274993603982763,-0.0008166246440932521
5942,594.2,-0.00017259982281787753,-0.0004543310750468376
5943,594.3000000000001,-0.00018727209438748767,-0.00021775713663142106
5944,594.4,-0.0002489026251031934,-0.00048157652880602935
5945,594.5,-0.0002599725318562171,-0.00044782148256748537
5946,594.6,-0.0004922045357112005,-0.00033850692678760215
5947,594.7,-0.0012294377140628884,-0.0006527299478312855
5948,594.8000000000001,-0.0016022630336633317,-0.0007248295318906375
5949,594.9,-0.0014563627345279158,-0.0005638388525369344
5950,595.0,-0.0010241971902607535,-0.0005514681934400096
5951,595.1,-0.0008653346642498054,-0.0006047793099433307
5952,595.2,-0.000998381303138962,-0.0005213817893704269
5953,595.3000000000001,-0.0007513506399095317,-0.0003983153315249221
5954,595.4,-3.358655819456027e-05,-0.000418946911343707
5955,595.5,0.0002026276132036924,-0.000667523177040203
5956,595.6,0.0002624464906649452,-0.0005797070746755418
5957,595.7,0.0002394126619927176,-0.00024330069911944133
5958,595.8000000000001,0.00033022250085772045,-0.00029313985880917274
5959,595.9,0.00027037991621825036,-0.00013372351321743435
5960,596.0,6.804297563923281e-05,-0.00013953090818806456
5961,596.1,7.307226890226218e-07,-0.0003363988768644498
5962,596.2,0.00017944598608831783,-0.0004238388806615429
5963,596.3000000000001,0.0004364445830706193,-0.0007231367041823936
5964,596.4,0.00027652259690957897,-0.0008779604344885685
5965,596.5,-3.127992045546006e-05,-0.0005057467289727393
5966,596.6,-0.00028758660500193786,-0.0005823404090642623
5967,596.7,-0.000824875305226764,-0.0003662802302482914
5968,596.8000000000001,-0.001144270100740899,0.00011680051811164126
5969,596.9,-0.001244830871746687,6.936822816896196e-05
5970,597.0,-0.0011803209291283583,-5.456477517375946e-05
5971,597.1,-0.0010538972384127744,-0.00015956609119083395
5972,597.2,-0.0012538074775454652,-0.0005671252065129643
5973,597.3000000000001,-0.0015647484208327366,-0.00032968213060868
5974,597.4,-0.0014241819203700593,-0.0006173851992593176
5975,597.5,-0.001141417408845587,-0.0010206378665156334
5976,597.6,-0.0009732131332437095,-0.0007053455799356397
5977,597.7,-0.0012532025690319831,-0.000418764018162848
5978,597.8000000000001,-0.0010791541493203741,-0.00036320304035281894
5979,597.9,-0.0008858622718351248,-0.0005952882348525439
5980,598.0,-0.0011002881065214631,-0.0005260815073842986
5981,598.1,-0.0012668721571066682,-0.0002587375251359997
5982,598.2,-0.0009976387448056346,8.045530233461337e-06
5983,598.3000000000001,-0.0010143224822298281,0.0001347607258060453
5984,598.4,-0.0009896619882427459,0.00028189431274034397
5985,598.5,-0.0005831675312992407,-9.815037575461785e-05
5986,598.6,-9.269488888109092e-05,-0.0006108298813517956
5987,598.7,0.00011283415277206312,-0.0002222650703031193
5988,598.8000000000001,2.3054754889133113e-05,-0.00022779609594681546
5989,598.9,-4.3098570399528716e-05,-0.00023198441063998859
5990,599.0,-5.156557577542187e-05,0.00013149414903377034
5991,599.1,-0.00019680345996723998,0.00018549719905971176
5992,599.2,-0.0005122400986984608,-0.0001322464489200689
5993,599.3000000000001,-0.0010474156698528515,-0.0001513014687710557
5994,599.4,-0.0010062257150213539,-0.00022365798363876846
5995,599.5,-9.849317500100253e-05,2.523767729718891e-05
5996,599.6,0.00020194983385663472,-8.597040248920014e-05
5997,599.7,-0.0006737725460568451,-5.254273007461261e-05
5998,599.8000000000001,-0.001762358262497771,-0.00037540436750802214
5999,599.9,-0.002113881040085775,-0.00029494066359357136
6000,600.0,-0.001683916784265021,-6.982474744691377e-05
6001,600.1,-0.0013765638905497263,-0.00022568664726565392
6002,600.2,-0.0015317841223751805,-0.000718810481031144
6003,600.3000000000001,-0.0017283771628846087,-0.0008135040885728137
6004,600.4,-0.0019101297349095028,-0.0008435029601155754
6005,600.5,-0.0017980239011172892,-0.0010669493319302367
6006,600.6,-0.0010797253320375413,-0.0012145246308073081
6007,600.7,-0.0006468939747189453,-0.0007111403054511477
6008,600.8000000000001,-0.0008166378335845015,-0.0002284319161049006
6009,600.9,-0.001116771451699789,-8.813001989608621e-05
6010,601.0,-0.0010886480592689424,-5.554349347878406e-05
6011,601.1,-0.0009955590053845596,-0.000873402346866747
6012,601.2,-0.0011267726139962454,-0.0011802827106438898
6013,601.3000000000001,-0.0011159994093735651,-0.0005189785340648325
6014,601.4,-0.0008564797270326101,-0.00027570767577555106
6015,601.5,-0.0008073801953776263,-0.00017674974292732166
6016,601.6,-0.000895961775764422,-7.462884985250791e-05
6017,601.7,-0.0005505476082279192,-3.886422413504815e-05
6018,601.8000000000001,-0.0002560945727123577,-0.0002847946381418203
6019,601.9,-0.00030433304043514937,-0.0005392100666807113
6020,602.0,-0.00014975092254831637,-0.0007232997084364752
6021,602.1,0.00052321766782314,-0.0003903755363154987
6022,602.2,0.0006316763459516823,-0.00033539777465942507
6023,602.3000000000001,0.0002685704711844536,0.0001796490421487212
6024,602.4,-0.00038715456456651774,0.0008266040794536315
6025,602.5,-0.0010312219190276306,0.0006242768513208566
6026,602.6,-0.0013640605517925629,0.00015016288835347416
6027,602.7,-0.0013643692529760252,-0.000403160725703575
6028,602.8000000000001,-0.0012236841490433066,-0.0007635481055805993
6029,602.9,-0.001453823709020597,-0.0006727967305846876
6030,603.0,-0.0010877554763495726,-0.00026973516741688575
6031,603.1,-0.0002610485381310115,0.0001366698866071502
6032,603.2,-0.0004549836974586421,-3.0380151535785497e-05
6033,603.3000000000001,-0.0012145975907758475,-0.00042370342377423385
6034,603.4,-0.0008820441684387249,-0.0007871584427545769
6035,603.5,-0.0003842525866837856,-0.00026466223327758224
6036,603.6,-0.0005746837452170575,-1.7480764077086773e-05
6037,603.7,-0.0012173093958407072,2.2320843688948406e-05
6038,603.8000000000001,-0.001480654482150375,-1.6155762691864394e-05
6039,603.9,-0.001125207941197803,0.00017029459168899793
6040,604.0,-0.0008109389311729055,1.4000408690310799e-05
6041,604.1,-0.0005069869983658486,-0.0004990498444436857
6042,604.2,-0.0004857117220099817,-0.00031172593661774154
6043,604.3000000000001,-0.0004405775422993657,-0.00014360752680632748
6044,604.4,-0.0001810402772237997,0.00023934396169056943
6045,604.5,0.0003031859667696908,0.0002330889957058124
6046,604.6,0.0002686423469748367,0.0005841786703070632
6047,604.7,4.739298707636085e-05,0.0001002135551871749
6048,604.8000000000001,0.0001679534252428639,-0.00024939231807343524
6049,604.9,-2.7429836150146505e-05,-0.00034589761111405336
6050,605.0,-0.0007085512537992973,-0.000392272716995317
6051,605.1,-0.0004880388579759862,-0.00011771269162561867
6052,605.2,4.092853745498072e-05,0.0006631259036447366
6053,605.3000000000001,4.621756314166859e-05,0.0005556606793158535
6054,605.4,-3.803521580908525e-06,0.0006210009989289104
6055,605.5,-0.0003943732296788192,0.0002710098634305138
6056,605.6,-0.0002495227240858722,-0.00013942995399849538
6057,605.7,-5.3359958319678063e-05,-9.941460416320032e-05
6058,605.8000000000001,-0.0005145693159264045,-0.00043486954322948163
6059,605.9,-0.0008753942436418699,-0.0003025826830730637
6060,606.0,-0.0006311001496053794,-8.424381593743678e-05
6061,606.1,-9.22392937142407e-05,0.00012262877685634038
6062,606.2,-0.00014447244597309554,0.00014651216736748235
6063,606.3000000000001,-0.0004777975137783531,3.798486690684461e-05
6064,606.4,-0.0006642679738572166,-0.0003755219669958597
6065,606.5,-0.0008272029549481806,-0.0006977424401506556
6066,606.6,-0.0008301480652679534,-0.0007215185106145181
6067,606.7,-0.0008001296540125412,-0.0004113794838953712
6068,606.8000000000001,-0.0008068880914371137,-6.214933577125496e-05
6069,606.9,-0.0006399023863691715,-8.413070782680702e-05
6070,607.0,-0.0007690928131793484,-4.719023159140258e-05
6071,607.1,-0.0010711182122186602,0.0004378225464223388
6072,607.2,-0.001563452258574965,-0.00030307795829814555
6073,607.3000000000001,-0.0015765216673145096,-0.00040775871845374103
6074,607.4,-0.0010953792574962282,0.0005603468767412098
6075,607.5,-0.0009899128921061387,0.00019254548232883428
6076,607.6,-0.0013285922630258558,1.0547291469100692e-05
6077,607.7,-0.001291643361428965,-0.0003138562310781937
6078,607.8000000000001,-0.0011698940334371715,-0.0003712313623758579
6079,607.9,-0.0014522755663534483,-0.00010562687115451926
6080,608.0,-0.001519317663525339,9.643601817920914e-05
6081,608.1,-0.0014950491197952074,0.00017423183357526934
6082,608.2,-0.00133341769643293,6.660760486600501e-05
6083,608.3000000000001,-0.0010629562461677035,-0.0005763178367677692
6084,608.4,-0.0010817808527486823,-0.00045823815806597424
6085,608.5,-0.001458065267364591,-0.00026483885270435357
6086,608.6,-0.0017478192704409939,0.00037429795832975875
6087,608.7,-0.002197118272700554,0.0004035297541577431
6088,608.8000000000001,-0.0027988106636838298,-0.0005108753730652404
6089,608.9,-0.0025063408496116555,-0.00034221867082909625
6090,609.0,-0.00230643108417499,5.9763334143652563e-05
6091,609.1,-0.0027217223155856216,2.3396041718673164e-05
6092,609.2,-0.0029854240871154854,-0.00020169273477784938
6093,609.3000000000001,-0.0026641437049363674,-0.0004086580805444353
6094,609.4,-0.0020227929396869414,-2.3542918560086873e-06
6095,609.5,-0.0016125015194484035,-6.0822818977467875e-05
6096,609.6,-0.0016490284595245663,-0.00028215469306722954
6097,609.7,-0.001662830134758599,-0.0004641462806471266
6098,609.8000000000001,-0.001348347640318872,-0.00012137550251072788
6099,609.9,-0.0012845611563917538,-4.179665995692434e-06
6100,610.0,-0.001299127347289849,3.199815138004707e-06
6101,610.1,-0.0012168849564998638,-0.00011304944654467015
6102,610.2,-0.0007304211621286617,-0.00011213978768565272
6103,610.3000000000001,-0.0006873158325730527,-0.0002990210252536447
6104,610.4,-0.0010379851948347117,-0.00021640449644151765
6105,610.5,-0.0010521013825622867,7.173487974015358e-05
6106,610.6,-0.0005381391220677863,-0.0002462258204543239
6107,610.7,-8.515000557559658e-06,-0.00011247298942849934
6108,610.8000000000001,-0.00012751794092440413,5.573319922444913e-06
6109,610.9,-0.00017063836726757494,0.00011711512478897204
6110,611.0,3.741089318303164e-05,1.3046110673570442e-05
6111,611.1,3.8685169625869625e-05,0.0004506193852817359
6112,611.2,0.00024347650143901882,-6.09118891244591e-05
6113,611.3000000000001,0.00033156857074845796,-5.420276047421657e-05
6114,611.4,0.0003430366520921247,-0.00033104865196552813
6115,611.5,0.00032912969465775796,-0.0007258410844494472
6116,611.6,0.0003106772985690599,-0.000985252128904632
6117,611.7,0.0001529203129599731,-0.0010051650646378796
6118,611.8000000000001,0.0003269154110077646,-0.00033740114512333244
6119,611.9,0.0005961778233178683,0.0002104627242000463
6120,612.0,0.000153444921362814,0.0005369440828175677
6121,612.1,-8.603201228602032e-05,0.00025701094916125074
6122,612.2,0.00027460364675348096,-0.0003551952461362365
6123,612.3000000000001,2.1780033571205516e-05,-0.000267344240400954
6124,612.4,-0.0008271602933503661,-0.00040112755936289404
6125,612.5,-0.0005264447052004856,-0.00023368941401921567
6126,612.6,0.00022280488799399746,0.0001600623940466003
6127,612.7,0.0006809071566251626,0.00020830640190768073
6128,612.8000000000001,0.00043695271103052184,-0.00017634228540486978
6129,612.9,-0.00013521177005589366,-0.0004369306735856279
6130,613.0,-0.00010712761282554752,-0.0009473779649114221
6131,613.1,0.0002364657366623572,-0.0013464894970605947
6132,613.2,0.0003209748206010279,-0.0010818311775246919
6133,613.3000000000001,1.7214939657843802e-05,-0.0007229039538993512
6134,613.4,-0.00017066789126905834,-0.0002463356055886972
6135,613.5,-1.7080022755372486e-05,-0.00018232980535055774
6136,613.6,0.00021486236985473193,9.672065028827655e-05
6137,613.7,0.0003308990697135666,-0.0001474670305604644
6138,613.8000000000001,0.0002550119017860203,-2.607729005591863e-05
6139,613.9,-3.3614274516589428e-06,0.00037912886173548734
6140,614.0,-0.00023899937413598255,0.00013176085430202867
6141,614.1,0.000142916285531168,-0.00040962238402380565
6142,614.2,0.0005897756347538208,-0.00015139098656707939
6143,614.3000000000001,0.0003386123791928179,-0.00033358701694219167
6144,614.4000000000001,-0.0004740815426874616,-0.00034193507839086885
6145,614.5,-0.0009006670827975113,-0.0005111615820820132
6146,614.6,-0.0007520824812314112,0.00020560316002929497
6147,614.7,-0.0005490640445084373,0.0004943329690074541
6148,614.8000000000001,-0.001087113524098233,0.0005071301983320324
6149,614.9000000000001,-0.0014956493215546784,0.00016359294717213052
6150,615.0,-0.0015534639697281538,0.00025450822120149177
6151,615.1,-0.0016303976947046712,0.00012613677150566754
6152,615.2,-0.0018147833932623259,4.233358911686931e-05
6153,615.3000000000001,-0.00176794148404946,-1.2723094503181749e-05
6154,615.4000000000001,-0.0015671837997037303,-0.0001817831988340165
6155,615.5,-0.0013732807849947243,-0.00016880826935347412
6156,615.6,-0.0014550257368575886,-0.0002658611127472251
6157,615.7,-0.0014968205636616517,-0.0002973185884752086
6158,615.8000000000001,-0.0014369229424978478,-0.0004426600513764076
6159,615.9000000000001,-0.0011754082822715342,-1.2064623967037977e-05
6160,616.0,-0.0009343458817974812,1.0179582922891928e-05
6161,616.1,-0.0010830938419396435,-1.0310213975538642e-05
6162,616.2,-0.0014701234241162864,0.0005816093166019806
6163,616.3000000000001,-0.0015028808371929717,0.000285364669883044
6164,616.4000000000001,-0.0013513640576770796,0.0002807075428837948
6165,616.5,-0.0012402555507312007,3.248832402063159e-05
6166,616.6,-0.0010904561260362744,-3.277709338405303e-05
6167,616.7,-0.0009117766375113671,-6.760135984331178e-05
6168,616.8000000000001,-0.0008156768422846439,-0.0001197915819981623
6169,616.9000000000001,-0.0007317676997510939,0.00024797317528356584
6170,617.0,-0.0006227326702800297,-0.00010999793777150117
6171,617.1,-0.0008930250633881365,-0.00016762556365719218
6172,617.2,-0.0011710825792370472,0.00021580609246466326
6173,617.3000000000001,-0.0008518105938148424,0.00021101064047562818
6174,617.4000000000001,-0.0008539604568724245,0.0003780040330187008
6175,617.5,-0.0010734174842957271,0.0002927415694646467
6176,617.6,-0.0009885838933571462,2.911924713232301e-05
6177,617.7,-0.0010503646692013896,-0.00029337289331439844
6178,617.8000000000001,-0.0016797980735088096,-0.0005768504677349156
6179,617.9000000000001,-0.0017753265181168867,-0.00031347622129201757
6180,618.0,-0.00121885272624989,3.3119541122175983e-06
6181,618.1,-0.00042777875703355024,0.0004600767075506904
6182,618.2,0.0001293839817677595,0.0003679498112659771
6183,618.3000000000001,-1.283578244959358e-05,-0.00011756495163140855
6184,618.4000000000001,-0.00041532471713702843,-0.00041617837596080715
6185,618.5,-0.0005220704114314463,-0.0002620054326114258
6186,618.6,-0.000464669280285622,-7.424904518642433e-05
6187,618.7,-0.0005622208352006879,7.122359489406669e-06
6188,618.8000000000001,-0.0005094281053381206,-0.00017391392067665095
6189,618.9000000000001,-0.0005848747411416061,0.00013780507160469983
6190,619.0,-0.0004914196725733529,-8.380337086541256e-05
6191,619.1,-0.0006246300883649902,0.00015244174837610855
6192,619.2,-0.0007788757246231063,-2.9038457752367256e-05
6193,619.3000000000001,-0.0005867573980072483,-0.0002838109740836242
6194,619.4000000000001,-0.00019328356057716936,0.0004440963937911029
6195,619.5,0.00012889906022842376,0.00044023852725504206
6196,619.6,-6.189318598056203e-05,-0.0003620724988445033
6197,619.7,-0.0005227057527196413,-0.0005099139224661166
6198,619.8000000000001,-0.0006591897944152634,1.4335359267179526e-05
6199,619.9000000000001,-0.0001041619843449504,0.0002269721595349709
6200,620.0,8.320647886980304e-05,0.00020504735299702197
6201,620.1,-0.00011697593415893514,-8.485697413847586e-05
6202,620.2,-0.00037144408473803437,0.0006056882057202634
6203,620.3000000000001,-0.0006047709429819312,0.0003660162275222269
6204,620.4000000000001,-0.0003642675868504331,-0.00014376014394377866
6205,620.5,-0.00025414477453419957,-7.305488880262531e-05
6206,620.6,-0.00037650022887601687,-0.00025960894553202354
6207,620.7,-0.0004239696965640545,0.0001331638532979797
6208,620.8000000000001,-0.0008232682094665198,0.0002711226016729104
6209,620.9000000000001,-0.0011679453273341185,0.00028664383493349647
6210,621.0,-0.0010380299044051946,-0.00017626787928422925
6211,621.1,-0.0010238501583498911,-0.000917522016357112
6212,621.2,-0.0009904525580160563,-0.0008142576228720687
6213,621.3000000000001,-0.0009591892092572206,-0.0005827375893390469
6214,621.4000000000001,-0.0009887146172561677,0.00014597105592764135
6215,621.5,-0.0010708004503791199,0.0004013913040354939
6216,621.6,-0.0010249820143499806,8.866223441854846e-05
6217,621.7,-0.0010486210522393043,-0.0005619731136222416
6218,621.8000000000001,-0.0012595058520615484,-0.0005582944654973693
6219,621.9000000000001,-0.0013756824690980387,-0.00034047619622393856
6220,622.0,-0.0014112995159662259,-0.00014442071164313497
6221,622.1,-0.0015089155351455752,-0.00017731746258490506
6222,622.2,-0.001519009265758376,-0.00022935178243822167
6223,622.3000000000001,-0.0013796717249453814,-2.5792825427645983e-05
6224,622.4000000000001,-0.0014473060961518586,-0.0004499702959116298
6225,622.5,-0.0014433955446062354,-9.077963480910549e-05
6226,622.6,-0.0013275941337811707,0.00010354228513205889
6227,622.7,-0.0014370550653567539,0.0003525284002837643
6228,622.8000000000001,-0.0014764876196449155,0.00033264170885951585
6229,622.9000000000001,-0.0014489580059741914,-6.670684075680215e-05
6230,623.0,-0.0015181550160776928,0.0002577925910568716
6231,623.1,-0.0013154508841464235,0.00040016054200464737
6232,623.2,-0.0016619225682749101,-0.00014604209862104363
6233,623.3000000000001,-0.0019513111070962575,-0.0005960261000576179
6234,623.4000000000001,-0.0019588005183684924,-0.0006733208183105252
6235,623.5,-0.0021993675381282865,0.00014778417030572865
6236,623.6,-0.002342106202622998,0.0007502555491259018
6237,623.7,-0.0025107785945452563,0.0005223099446847227
6238,623.8000000000001,-0.002653574210392737,0.0004070348370043596
6239,623.9000000000001,-0.002372938193270321,0.0003229415682213173
6240,624.0,-0.0018470300256090174,0.00020298619463845327
6241,624.1,-0.0016998526006418181,0.00021368389383932037
6242,624.2,-0.0018509071628298051,5.680441265893092e-05
6243,624.3000000000001,-0.0018170262079938537,0.0002837086618455529
6244,624.4000000000001,-0.0019604679167632365,0.0003837183189069853
6245,624.5,-0.0020312935352521755,2.2469091542487032e-05
6246,624.6,-0.0021302087596609407,0.0001657179415768325
6247,624.7,-0.002050131786524068,0.00012173228163754889
6248,624.8000000000001,-0.002004321618319362,0.00010414433080289069
6249,624.9000000000001,-0.0015146160731600493,0.0004222310087897847
6250,625.0,-0.0003609220487949826,0.0005121024794510586
6251,625.1,-0.0002992339889483745,0.00045310957508311274
6252,625.2,-0.0006102674496820765,0.00047300815648370476
6253,625.3000000000001,-0.00022867815581525055,-0.0002024266260601616
6254,625.4000000000001,-5.4224253177001067e-05,-0.00037510950777209357
6255,625.5,-0.0003072461579093694,-0.0009800598566217038
6256,625.6,-0.0002839871076731613,-0.0009531458596911765
6257,625.7,8.078759248306873e-05,-0.0002565203926364809
6258,625.8000000000001,0.0006990050292518793,-1.2756768863356648e-05
6259,625.9000000000001,0.0008183718682925349,1.1964103601820435e-05
6260,626.0,0.00034583384762502825,3.4835413568255495e-06
6261,626.1,-0.00022298547837242336,0.00023113384287360664
6262,626.2,-0.00023624651480020695,0.0003615354835920436
6263,626.3000000000001,-0.00021680754690912518,9.621376831877351e-05
6264,626.4000000000001,-0.00031641605645652313,-0.0005804543044367533
6265,626.5,-0.00020101296085331443,-7.255098619822118e-05
6266,626.6,-0.0005396022939446352,0.00022793548729122153
6267,626.7,-0.0008680676552951642,0.00023133982626583237
6268,626.8000000000001,-0.0005732690319804881,0.0002548571911356142
6269,626.9000000000001,-0.0008602720745796796,-0.0003308697817899422
6270,627.0,-0.001078480811778737,-0.00032468545870070986
6271,627.1,-0.0007656879512315454,-0.00012863368701718206
6272,627.2,-0.0002659463323591075,-0.00010704921181444374
6273,627.3000000000001,-0.000552155992034948,-0.00035330192543682395
6274,627.4000000000001,-0.0011828974806302411,-0.0005087587543330851
6275,627.5,-0.0013887052677562706,-0.00042710888425162005
6276,627.6,-0.0011216235707686758,-0.00037779901829939776
6277,627.7,-0.000876219530979435,-0.0006373770283357198
6278,627.8000000000001,-0.0012351275500592346,-0.0005720973092858357
6279,627.9000000000001,-0.001695927275914384,-0.00020119699189271502
6280,628.0,-0.001186731431826184,-0.00032112107175973813
6281,628.1,-0.0008656861482683384,-0.00020922143391380825
6282,628.2,-0.001101659906222319,0.00013076743424275358
6283,628.3000000000001,-0.001207981531462356,0.00036500844791709203
6284,628.4000000000001,-0.001559426115951813,5.2309691925489684e-06
6285,628.5,-0.0018256835464023082,0.0002253630803441817
6286,628.6,-0.0016593008559772384,0.00014026394448124946
6287,628.7,-0.0013321615027662133,-0.00010972531366613949
6288,628.8000000000001,-0.000865073214314257,0.0005099003337136162
6289,628.9000000000001,-0.0008241581986062636,0.00018295940820485293
6290,629.0,-0.0009501372154342109,0.00029994831839676617
6291,629.1,-0.0008804437821205459,0.0005352587436252685
6292,629.2,-0.0011850061093320542,5.348413749786273e-05
6293,629.3000000000001,-0.001215225090936711,-0.00032355936471400575
6294,629.4000000000001,-0.0004999547475324743,5.380080588855244e-05
6295,629.5,0.0003720874828708868,0.0001940967401446405
6296,629.6,0.0001793216222002786,-7.78972979588345e-05
6297,629.7,-0.00038958239457956447,2.43049333976224e-05
6298,629.8000000000001,-0.0002677314383288175,-3.8087791149480004e-05
6299,629.9000000000001,0.0004274897695215823,-0.00010324507286815323
6300,630.0,0.0009999640904587582,0.0001433277264775555
6301,630.1,0.0008854379585228762,0.00018510127318356652
6302,630.2,0.00018372288664067203,-0.00023782219013001007
6303,630.3000000000001,-0.000345680999015638,-7.160384132515319e-06
6304,630.4000000000001,-0.0002403377855343013,9.207545768722928e-05
6305,630.5,-1.9797336835054488e-05,-6.565828068536247e-05
6306,630.6,0.00017129922052277954,-1.0011523965263578e-05
6307,630.7,0.0005116824804008736,0.0001990459019369608
6308,630.8000000000001,0.0009118685406098228,-7.930238247459658e-05
6309,630.9000000000001,0.0010567022337313991,0.0001266366921636541
6310,631.0,0.0011523029048460774,0.0001309032521528405
6311,631.1,0.001153896009209345,-9.220078303991982e-05
6312,631.2,0.0010756326733132936,0.00043882799816891393
6313,631.3000000000001,0.0010023078433410348,0.00046953941990137755
6314,631.4000000000001,0.00043510583647353733,0.00035076404758285946
6315,631.5,-0.00020228527162694215,-0.0002736612835650103
6316,631.6,-0.00012863133084283518,-0.00025688333326123275
6317,631.7,0.0003450594309772569,0.0005960578896419483
6318,631.8000000000001,0.0004389269459205198,0.0008044649208660252
6319,631.9000000000001,0.0006261886976661262,0.0005672301744832672
6320,632.0,0.0006737094135835551,0.000515596830926351
6321,632.1,0.0003427249056880234,-5.8517442557161317e-05
6322,632.2,0.00041596566215722187,-0.0007993546468114003
6323,632.3000000000001,0.0010780994565506583,-0.0003432459128896294
6324,632.4000000000001,0.0015355714308379292,0.00022561404468732043
6325,632.5,0.0014308250986379018,0.00027338064780706574
6326,632.6,0.0010235289232092457,-8.432254309170776e-05
6327,632.7,0.0005803081801178979,-8.854709614119966e-05
6328,632.8000000000001,0.0006703830662523884,0.0001206295453548621
6329,632.9000000000001,0.0010478962881475145,0.00028712125802521924
6330,633.0,0.001270071913644963,0.0004930689172474244
6331,633.1,0.0011786619905784672,-0.00015121255566776155
6332,633.2,0.0006936947067002524,0.0002792052340277805
6333,633.3000000000001,0.0003260606866738974,0.00048032158737659574
6334,633.4000000000001,0.0005938433619555196,0.0006640572679884758
6335,633.5,0.0006669570439403725,0.0003011171003577461
6336,633.6,0.0004019010277563822,0.0005188088466380935
6337,633.7,0.0003824325556177361,0.0006029474438254438
6338,633.8000000000001,0.0005552550442709227,5.855817117091457e-05
6339,633.9000000000001,0.00041427257029189317,-0.00015723405175797951
6340,634.0,-5.355705545861496e-05,0.00021683165968279964
6341,634.1,-0.0004103974902899506,-2.1019204099913226e-05
6342,634.2,-0.0005093957787439863,8.043576223433712e-05
6343,634.3000000000001,-0.000644533889306918,0.0005078642139371597
6344,634.4000000000001,-0.0010154019727083349,1.79678177420876e-05
6345,634.5,-0.0014105850232783205,0.00010897427852875158
6346,634.6,-0.0014069312112262383,0.00010991439306670419
6347,634.7,-0.0017601170909917947,-0.00012836252034675896
6348,634.8000000000001,-0.002379495233892993,-0.00011019392330823347
6349,634.9000000000001,-0.0023761145607785025,0.00020366083309920538
6350,635.0,-0.0019591283995240897,0.0007143557397755065
6351,635.1,-0.0016520905221858156,0.0002418909605988795
6352,635.2,-0.0014161143944612274,-0.00046198555789235757
6353,635.3000000000001,-0.001506160844546358,-0.0008562898821019423
6354,635.4000000000001,-0.0016076474894397672,-0.0005346671939018973
6355,635.5,-0.0013182843768442542,-0.0003143029658938298
6356,635.6,-0.0008353344704516216,0.0004965274734844591
6357,635.7,-0.0006033670832547995,0.0003637029811294468
6358,635.8000000000001,-0.0005913111875743645,0.0004975746519516758
6359,635.9000000000001,-0.0005294731497988644,0.0007372228430142307
6360,636.0,-0.0005577549438845605,9.564771372584373e-05
6361,636.1,-0.0005306123631420636,0.00024522727310637187
6362,636.2,-0.0007402871299662124,2.2061571037489868e-05
6363,636.3000000000001,-0.0012919522491038557,0.000289497895051949
6364,636.4000000000001,-0.0012265873668210318,0.0001513861060602672
6365,636.5,-0.00021215050030908074,0.00011228193628668291
6366,636.6,0.0005325050799263503,0.00040526946588546393
6367,636.7,0.00019877681949047527,0.0006445103303504961
6368,636.8000000000001,-0.0002507207890925104,-6.765376741098227e-05
6369,636.9000000000001,-0.00039835712306351804,1.2023095128068391e-05
6370,637.0,-0.00010918688402071584,0.0002183690445052488
6371,637.1,0.00030164212028925764,0.00030569552265934607
6372,637.2,0.00038950797118343867,0.0004535127959503124
6373,637.3000000000001,0.00016469506134542312,0.0007693869471732848
6374,637.4000000000001,0.00019651434654318703,0.0003326485531259568
6375,637.5,0.0005247349012707337,2.44605459236325e-06
6376,637.6,0.0005577204311439155,-0.00037072356539755136
6377,637.7,0.00030683858296701383,-0.00017284203912326665
6378,637.8000000000001,-1.0822524096831125e-05,0.00010904122024697283
6379,637.9000000000001,5.027141124311091e-05,-0.00016095104168906596
6380,638.0,-9.110062531665644e-05,-0.0003841666483798193
6381,638.1,-0.00039017564579780486,-0.0005886463863900967
6382,638.2,-0.0009933338410710924,-0.000590555091644652
6383,638.3000000000001,-0.0015026126810372383,-0.0006159128356516819
6384,638.4000000000001,-0.001550496745468945,-0.00022153513927168647
6385,638.5,-0.001481757495368328,0.00037203115943245627
6386,638.6,-0.0018030770321058774,0.0005204654067177475
6387,638.7,-0.0016044391567729174,1.246791760616933e-06
6388,638.8000000000001,-0.0012182722377996591,-0.00018065801480531652
6389,638.9000000000001,-0.001222027594937724,-0.0007764894760095798
6390,639.0,-0.0011808516472353087,-0.00052399353114536
6391,639.1,-0.0013654527222369507,-0.0004615619976582195
6392,639.2,-0.0012146858552148602,-0.00031150413817800635
6393,639.3000000000001,-0.0007968009668485366,0.00020513614903189096
6394,639.4000000000001,-0.0008060566820723442,-0.00036937030227510495
6395,639.5,-0.0010128461033203902,-0.0004733845369486915
6396,639.6,-0.0014918124143136512,-0.000489340137391628
6397,639.7,-0.0019045704264921235,-0.00041404603645104607
6398,639.8000000000001,-0.0016098219380497967,-0.00010521036586287781
6399,639.9000000000001,-0.001178841052647807,0.0005584979951178199
6400,640.0,-0.0011660876369782287,0.00036543377968169906
6401,640.1,-0.0015929038806280658,-0.00011980590856578231
6402,640.2,-0.001720532464785704,-0.0005245791041837831
6403,640.3000000000001,-0.0016756344670927298,-1.4567720843587525e-05
6404,640.4000000000001,-0.0014669859739896522,-3.390340041266348e-05
6405,640.5,-0.0012813442376194077,-0.00039326198546285206
6406,640.6,-0.0012588057174519717,-0.0003044982227251941
6407,640.7,-0.0008169202022908651,-0.00033150189606664227
6408,640.8000000000001,-0.0005621553990682072,-0.00022392014633846206
6409,640.9000000000001,-0.0009366155130657052,-0.000480001508305982
6410,641.0,-0.0005495345985016753,-0.0007766661514690978
6411,641.1,0.00030835513128921654,-0.0007377625303157714
6412,641.2,0.0007100187744183369,-0.0005925866548908187
6413,641.3000000000001,0.0004987164361472618,-0.0003320331157564222
6414,641.4000000000001,-0.00011214947767045895,-0.00039216174198143894
6415,641.5,-0.00040811967918207926,-0.0003661041368077497
6416,641.6,-0.00020041165978715086,0.00026818329001845626
6417,641.7,-0.0003494348804728313,9.795888523296835e-05
6418,641.8000000000001,-0.001142169942566501,-0.0007378003881907636
6419,641.9000000000001,-0.0014441263638605775,-0.0007908120131911087
6420,642.0,-0.0008124836924985022,0.0001762118833123854
6421,642.1,-0.0003062480840394799,2.2056922661001702e-05
6422,642.2,-0.00017213051342590915,-0.00012669774018732611
6423,642.3000000000001,-0.0003048423401494622,4.413105195218944e-05
6424,642.4000000000001,-0.00042846462264345034,-0.0001543322880846224
6425,642.5,-0.0004043433666181405,-0.00025613874010234263
6426,642.6,-0.00020632839472384674,0.00021630301378185624
6427,642.7,-0.00014903651360625593,0.0002952049232669096
6428,642.8000000000001,-0.000426305858027444,3.2192627920151956e-05
6429,642.9000000000001,-0.00035955404124808366,0.00024395228661831683
6430,643.0,-0.00022480840831641592,0.0003591163791146507
6431,643.1,-0.0003779741005734605,0.0002408810273150506
6432,643.2,-0.0008589821173567428,-0.0004131278298212723
6433,643.3000000000001,-0.0009473362715174084,-0.00021622496006379455
6434,643.4000000000001,-0.00033044470936068895,0.0006372129369535978
6435,643.5,7.828356006362015e-05,0.0010010889451345904
6436,643.6,-8.20206221781939e-05,0.00021758412983297897
6437,643.7,-0.00012730550719717003,-0.0003357028491101048
6438,643.8000000000001,-6.865122183060582e-05,-0.0005284432787036073
6439,643.9000000000001,-0.00033193221051887274,-0.00024398509893686592
6440,644.0,-0.000881767721497056,-0.0006333433825671656
6441,644.1,-0.000984298006174811,-0.0006434994656196106
6442,644.2,-0.0006165540565016429,-0.0005855769092771127
6443,644.3000000000001,-0.0008477816688601464,0.0002454058391679671
6444,644.4000000000001,-0.0016513402998910983,0.00025766284393915535
6445,644.5,-0.0018312441365121175,0.0001964215658496506
6446,644.6,-0.001322125244039319,8.79058494255824e-06
6447,644.7,-0.0013458800128468903,-0.00030862370050989207
6448,644.8000000000001,-0.00167023421424996,-0.00045690692029228187
6449,644.9000000000001,-0.0014980430326452605,-0.0004636887069218807
6450,645.0,-0.0012196465377999018,-0.0003838939660159569
6451,645.1,-0.0009451044884593807,-0.00032070092676053153
6452,645.2,-0.00011552216252461415,-0.00038306407473335174
6453,645.3000000000001,0.000520945940795668,-0.0001327594614473578
6454,645.4000000000001,0.0004975713731139273,-2.736326506171882e-05
6455,645.5,0.0003112935002225231,0.0001324013202680144
6456,645.6,0.00035761941838382974,0.00027586560863225335
6457,645.7,0.0004796441012313136,0.0003439835046817796
6458,645.8000000000001,0.0004188530584829531,4.5068658002624355e-05
6459,645.9000000000001,0.00023210587339076203,-1.75542906596782e-05
6460,646.0,0.00027281560179641916,0.0004978484594517482
6461,646.1,0.0008141379289491208,0.0004151909006803211
6462,646.2,0.0006614396743711689,0.00020622530934462314
6463,646.3000000000001,0.0004510688017754471,-0.00036318058889443685
6464,646.4000000000001,0.0005727509032203343,-0.0005339847650405387
6465,646.5,0.0005994915689801553,-0.0004954338600771544
6466,646.6,0.00031331233314856293,-1.948385101621082e-05
6467,646.7,0.00034414674951779563,0.0003124877538237172
6468,646.8000000000001,0.00045631179490555917,7.115572250810782e-05
6469,646.9000000000001,0.00019255801999411775,0.00013343696779711492
6470,647.0,0.00020994237746304508,1.663757438117046e-05
6471,647.1,0.0002518279492217184,-0.0003901601431541163
6472,647.2,8.567150344833963e-05,-0.000853661156034373
6473,647.3000000000001,-0.00013142813516343725,-0.00046846229624765163
6474,647.4000000000001,-4.7405083806823424e-05,-9.888422316953863e-05
6475,647.5,9.206856632798939e-05,2.7389239981366835e-05
6476,647.6,0.00011388350697387946,0.0004020226428518485
6477,647.7,7.17671031578211e-05,0.0006548227688664811
6478,647.8000000000001,0.0003623419892377233,0.00040613617871735507
6479,647.9000000000001,0.0007630282088501226,-7.853265923026002e-05
6480,648.0,0.0009847272922645614,-0.00024654159187738323
6481,648.1,0.001290502636407679,0.000278418738430521
6482,648.2,0.0014365427007768463,-0.00014389536968660005
6483,648.3000000000001,0.0011006086360628264,0.00019618324555236658
6484,648.4000000000001,0.0008846767363511804,0.000249252857762343
6485,648.5,0.001103157838975798,8.171736453412073e-06
6486,648.6,0.0015301366725677917,-6.5632009053686e-05
6487,648.7,0.001373345311274872,0.0003981525197030947
6488,648.8000000000001,0.0008589061312880037,0.0002759902811613588
6489,648.9000000000001,0.0003129146513590285,0.00033647249650283124
6490,649.0,2.0953081089815866e-05,0.0006671725995437582
6491,649.1,2.5356773854250356e-05,0.0004073552692517277
6492,649.2,0.00019172073751376665,0.0009066177966701974
6493,649.3000000000001,0.00017621652938792188,0.0004892404284628859
6494,649.4000000000001,-0.0002033794064279042,0.0003372363185048244
6495,649.5,-0.000552815026161093,0.0003401449071937386
6496,649.6,-0.00023857249910059702,-0.0001422607571147202
6497,649.7,0.00039064534116797864,-0.00017806049668757102
6498,649.8000000000001,0.0004955524020767383,0.0003568885121834424
6499,649.9000000000001,0.00025640892355991064,0.0005244431950298884
6500,650.0,9.413807211856532e-05,0.0001810559973217256
6501,650.1,0.0002557418913842073,0.0002945217808842106
6502,650.2,0.0005177322325539548,0.0005578251336560741
6503,650.3000000000001,0.0004914451048849179,3.641501166271501e-05
6504,650.4000000000001,0.0006036680330250122,-0.00038142389806815417
6505,650.5,0.0008559166466176348,-0.0002883139253136625
6506,650.6,0.0006895354590725288,-0.00028941110593540785
6507,650.7,0.0003721546527121297,7.108755100142827e-05
6508,650.8000000000001,-4.958926816441605e-05,0.0003532116473583764
6509,650.9000000000001,-0.00041066645811097484,0.00017323969286757695
6510,651.0,-0.0007608504303905241,-7.921855423917255e-05
6511,651.1,-0.0004988500443231602,0.00020879132176373632
6512,651.2,-0.000360694242709539,-8.229753656203633e-06
6513,651.3000000000001,-0.0008421320629435827,-8.19787558967578e-06
6514,651.4000000000001,-0.0010738637692296541,-4.648038723600701e-05
6515,651.5,-0.0010493584689560465,-6.92171464954906e-06
6516,651.6,-0.001224309260724605,0.000324565915318022
6517,651.7,-0.001085002008723244,-3.579331792748099e-05
6518,651.8000000000001,-0.0008112908969910486,-0.0001591892498785234
6519,651.9000000000001,-0.0006977171355527363,-0.00025153942404789354
6520,652.0,-0.0008947519401434339,-5.733715938092986e-05
6521,652.1,-0.0009527484652609564,0.00026092388543904455
6522,652.2,-0.001218389835386592,4.7789137013363084e-05
6523,652.3000000000001,-0.001553287302446708,-0.00012517567830326557
6524,652.4000000000001,-0.0014143518012243138,-1.8586199045781456e-05
6525,652.5,-0.0010697111570525887,-0.00012376318032487134
6526,652.6,-0.0009152438784340543,-0.00036942552028235723
6527,652.7,-0.0008407954129138645,-0.0003344585302422028
6528,652.8000000000001,-0.0007835049153178228,-0.0004702686225551756
6529,652.9000000000001,-0.0007715715821967756,-0.00021998093766897574
6530,653.0,-0.0010342848134077065,-0.000538556697219473
6531,653.1,-0.0010856869862061256,-0.0005453196378086274
6532,653.2,-0.0007915634929177706,-0.00043448584985946874
6533,653.3000000000001,-0.00041117035907424005,0.0002484250471774866
6534,653.4000000000001,-0.0001254775281871203,-0.00014061944688190312
6535,653.5,-7.64299609498619e-05,-0.0006589719373723597
6536,653.6,-0.0002839740576529311,-0.00047375026765784873
6537,653.7,-0.00011881133315609911,-0.0003269212181597245
6538,653.8000000000001,7.89043998204467e-05,-0.0003902237918631585
6539,653.9000000000001,0.0002931079143573391,-0.0003774378548853245
6540,654.0,0.0006264825906901273,-7.269902199750052e-05
6541,654.1,0.0007610593874778642,0.00022873517408115407
6542,654.2,0.000522419292891374,0.0005345249516124985
6543,654.3000000000001,0.0008960611129521969,0.0002304912068862407
6544,654.4000000000001,0.0008558624903963402,-9.93662495911807e-05
6545,654.5,0.0002478708097781219,-0.00021542915360665008
6546,654.6,-5.4357758125882955e-05,-0.0001276684063751526
6547,654.7,9.522592357722595e-05,-0.0001602960951124027
6548,654.8000000000001,0.0001469838283926299,0.00016994619684045594
6549,654.9000000000001,-0.00023504519537935505,4.10456121630331e-06
6550,655.0,-0.0007500024675055201,-0.000468951782467906
6551,655.1,-0.0006028995518006325,-0.0008053587316821427
6552,655.2,-0.00025336401638279525,-0.00046485295587929767
6553,655.3000000000001,-0.00042125141810477436,-5.131406975596301e-05
6554,655.4000000000001,-0.0008037117322063445,-0.00023428831422393084
6555,655.5,-0.0007420772554614278,-0.0005351086409182905
6556,655.6,-0.00025897381043820105,-0.00026888687504687207
6557,655.7,-0.00031488309952523507,-0.00021455591936515853
6558,655.8000000000001,-0.000700776965750459,5.92244246614121e-06
6559,655.9000000000001,-0.0005807531738187843,-0.00018452535261370391
6560,656.0,-0.00044867245981904336,-0.00031639820908692796
6561,656.1,-0.0005931333379640325,-0.0004244243895382216
6562,656.2,-0.0005271853737211998,7.282750755591619e-05
6563,656.3000000000001,-0.0001812424310539481,0.0003596683946881882
6564,656.4000000000001,-0.00031226162110875404,0.00010539070555610557
6565,656.5,-0.0007276267088319015,-0.0002625517148919275
6566,656.6,-0.0008823414111112612,-0.0004533355909999722
6567,656.7,-0.001197560190299214,-0.00031148308532214116
6568,656.8000000000001,-0.0012490815999602859,-0.0002706957630126179
6569,656.9000000000001,-0.0005239509984426706,-0.0006420830962325841
6570,657.0,-3.698742203297672e-05,-0.0008711680603468757
6571,657.1,-0.00023104077723060262,-0.0006187787680008599
6572,657.2,-0.00027566644293230367,-0.0002840827021785867
6573,657.3000000000001,-5.932651923860655e-05,-0.0007149020728302504
6574,657.4000000000001,0.0001696031536529456,-0.0006958315192500541
6575,657.5,5.769115096704704e-07,-0.0005626685407926751
6576,657.6,-0.00048168630722755015,-0.0005859229716388632
6577,657.7,-0.0008408649053621291,-0.0005142500443657066
6578,657.8000000000001,-0.0008986547224946062,-0.00012852106981049542
6579,657.9000000000001,-0.0006466991048320616,-0.0003019054383567553
6580,658.0,-0.000792468064922329,-0.0002820121323431966
6581,658.1,-0.0008483710007732394,-0.0004266678997810485
6582,658.2,-0.0007033502206425844,-0.0005393295698296128
6583,658.3000000000001,-0.0005771021939770461,-0.0004991250027192701
6584,658.4000000000001,-0.00043286651020790144,-0.0002615619506007037
6585,658.5,-0.00018728826323294743,-0.0004343244083256441
6586,658.6,-0.00036819158059768617,1.3342571958563126e-05
6587,658.7,-0.0008056217978747269,-0.0001626072604364223
6588,658.8000000000001,-0.0009228714729584281,-0.0002041961649867821
6589,658.9000000000001,-0.0010709048136496118,0.0001540842979633491
6590,659.0,-0.0015213820161759514,2.887803067858034e-06
6591,659.1,-0.0013474556963099537,0.0002973997545790954
6592,659.2,-0.0009772949086414517,0.0002481407949974419
6593,659.3000000000001,-0.001058791241419709,-1.8715617775432054e-05
6594,659.4000000000001,-0.0013942546558714465,-0.00018678348228638118
6595,659.5,-0.0013020058943777424,-0.0004024485180936106
6596,659.6,-0.0013008807642587935,-0.00021990450806625873
6597,659.7,-0.0011462905672328665,-0.00041279225570843824
6598,659.8000000000001,-0.0012520518626765508,-8.682468087131082e-05
6599,659.9000000000001,-0.001671268179231046,7.912583506981638e-05
6600,660.0,-0.0017097393444376202,0.00013071891458090983
6601,660.1,-0.0015926362034637978,0.0001794981220646315
6602,660.2,-0.001715997386996598,0.00037319292487347734
6603,660.3000000000001,-0.0016775544920129037,0.0007782789326982911
6604,660.4000000000001,-0.001173330584884836,0.0006986397442980023
6605,660.5,-0.0005419800648188911,0.000682286417458646
6606,660.6,-0.0003793171670768446,0.00012227914001614648
6607,660.7,-0.0010358138106350719,0.00011928650485500746
6608,660.8000000000001,-0.0016625341764783823,0.0005414899496565044
6609,660.9000000000001,-0.0011922163239259191,0.0009114540554111941
6610,661.0,-0.0007187779970650655,0.0008752753884244477
6611,661.1,-0.0010260678312329023,0.0005442275576359041
6612,661.2,-0.0010524020633304785,5.5408414582182815e-05
6613,661.3000000000001,-0.0011027948905309648,-0.0003230874448275554
6614,661.4000000000001,-0.0011671532398462455,-0.00032630329174057274
6615,661.5,-0.0008373666391695201,0.00012465632379920588
6616,661.6,5.6466807368676774e-05,0.0008526325208666708
6617,661.7,0.0005018538218492383,0.0008014090592943248
6618,661.8000000000001,0.0004261084715411516,0.000528341764788334
6619,661.9000000000001,0.0003100252909003301,-3.046153721673691e-05
6620,662.0,0.0004016766346387171,2.2887722965866677e-05
6621,662.1,0.00034283648331080393,-5.125303944352379e-05
6622,662.2,0.00011700059328045044,-0.00012817503289339123
6623,662.3000000000001,0.00031584096876497114,0.00029520132445457365
6624,662.4000000000001,0.0006214149136766736,0.00014361076212109647
6625,662.5,0.0007052088254080604,-0.00014350073569694116
6626,662.6,0.0007848789754954769,0.00026952365043697715
6627,662.7,0.0005395410256559506,0.00038542244899637254
6628,662.8000000000001,0.00047985420680125287,0.00032787248554692867
6629,662.9000000000001,0.0009489783835823791,0.00030388588709175183
6630,663.0,0.0008072208691512989,0.0002717331199734006
6631,663.1,0.0002568699706071046,-1.8576453209541578e-05
6632,663.2,0.0001008880563733874,0.00015192802423481607
6633,663.3000000000001,0.0004407730110562407,0.00039398046707706864
6634,663.4000000000001,0.0001141780967747944,0.0003369307701588177
6635,663.5,-0.0005404046429149117,0.0003366717583522337
6636,663.6,-0.0009015079906700003,0.0005704183026744923
6637,663.7,-0.0006025997859997276,0.00015466884397818286
6638,663.8000000000001,-0.0006302039562260161,-0.000267228137182832
6639,663.9000000000001,-0.0004530223282987542,-0.00019792054537057628
6640,664.0,-0.0004893916624451184,0.00010286183251912008
6641,664.1,-0.0007581960733151892,0.0003951586662268542
6642,664.2,-0.0004934298362176605,0.00047716032528623064
6643,664.3000000000001,-0.0001751501775637636,0.0005040880799109405
6644,664.4000000000001,-0.0005852682574705035,-0.0002558229191223096
6645,664.5,-0.0006208590086238302,0.000127595370584255
6646,664.6,6.42464548358814e-06,0.0003659382967989927
6647,664.7,0.00018972559599047883,0.0003706159629892215
6648,664.8000000000001,-4.518532992671041e-06,-0.00014242514466311708
6649,664.9000000000001,-0.0002087067839733555,-0.0005484039723382201
6650,665.0,-7.720991584463773e-05,-0.00035932334795316166
6651,665.1,3.178445388685795e-05,0.00026906222807376705
6652,665.2,-0.000266759220671138,0.000185646802307786
6653,665.3000000000001,-0.000667818509110101,0.00022104834815031134
6654,665.4000000000001,-0.0011833614224743268,0.00015613165467982836
6655,665.5,-0.0017980548621867518,-0.0004977116008713443
6656,665.6,-0.001706322054895436,-0.0008184250926490915
6657,665.7,-0.001432962285981414,-0.0008158602163678004
6658,665.8000000000001,-0.0013922109881231433,-0.0009169116127566553
6659,665.9000000000001,-0.001145178942254832,-0.0001822446341273041
6660,666.0,-0.0008858790843175948,0.0005718491091148929
6661,666.1,-0.0011984483551004273,-2.6111315932972937e-05
6662,666.2,-0.0016457094199688435,-7.499492886569814e-05
6663,666.3000000000001,-0.0017829969088653528,-0.0004356306813004943
6664,666.4000000000001,-0.0012807463883158867,-0.0004910665060823531
6665,666.5,-0.0009018123500204523,-0.0005554319904365847
6666,666.6,-0.001046852855813819,-0.0004753436450400223
6667,666.7,-0.0013229075513560278,-0.0003204944167634396
6668,666.8000000000001,-0.001289474755418189,-0.0003596043956007899
6669,666.9000000000001,-0.000865399577686765,-0.0002506521963718157
6670,667.0,-0.0008486589165404402,-0.00027042616431198534
6671,667.1,-0.00102474279664641,-0.0001793400351901213
6672,667.2,-0.0008350778989695569,-0.00015708389954944806
6673,667.3000000000001,-0.0007727890798315115,3.521683090724206e-06
6674,667.4000000000001,-0.00111596730714,0.0005616055141588715
6675,667.5,-0.0015520238702560086,0.00031580760266831595
6676,667.6,-0.0013098245022859951,0.0004391625572752632
6677,667.7,-0.0007989737489501533,0.0003432049149841681
6678,667.8000000000001,-0.00024219381258698073,5.2773586979871214e-05
6679,667.9000000000001,0.00013190819837503615,-2.410292564655928e-05
6680,668.0,-2.451433598558273e-05,-0.0003442286608852738
6681,668.1,3.04687560115293e-05,4.20870971229155e-05
6682,668.2,0.00038950425597852857,0.0005981359996388314
6683,668.3000000000001,0.00045824272468621016,0.00017987145312774053
6684,668.4000000000001,0.00045671069456268827,0.00032591601864410377
6685,668.5,0.00028467193804765443,3.861834766945452e-05
6686,668.6,-0.0003089862969970853,0.00013133170727515396
6687,668.7,-0.0007658042487121228,0.00032939243796760686
6688,668.8000000000001,-0.0006821722240329588,0.00018052511047087486
6689,668.9000000000001,7.647338654431457e-05,0.0003655428663217486
6690,669.0,0.00034104086933104836,0.0005514601613744669
6691,669.1,-0.0002177015001065356,-0.00027924864905053105
6692,669.2,-0.0005096730473010812,-0.0002573327303478062
6693,669.3000000000001,-6.846774664548813e-05,-7.08139142519336e-05
6694,669.4000000000001,0.00010811230344871703,-0.00046762920902658733
6695,669.5,0.00023459108013307872,-0.00042595000795586413
6696,669.6,0.000557177176826947,-0.00030300202767495995
6697,669.7,0.0006118777682744354,-0.0007559696108392781
6698,669.8000000000001,0.0009258411282354807,-0.0003343775134856507
6699,669.9000000000001,0.0008839917490037044,0.00029767335476166377
6700,670.0,0.000317543472913842,0.0005708410135873971
6701,670.1,1.5700279525476376e-05,1.8951824307543649e-06
6702,670.2,-0.00022484149692913414,0.0002326986792751669
6703,670.3000000000001,-0.00031362903073052436,0.00048794589320999625
6704,670.4000000000001,-0.00022994777233810123,1.221963200797767e-05
6705,670.5,-0.00012201981328956403,-0.00011824151597559073
6706,670.6,-0.00039458794836111865,8.159440001812757e-05
6707,670.7,-0.0012634610781472669,-0.0004434022030932612
6708,670.8000000000001,-0.0018095013657236762,-0.0007659034222910763
6709,670.9000000000001,-0.0014697563991465416,-0.0005493578739385957
6710,671.0,-0.0015229647276845213,-0.00010652994121610588
6711,671.1,-0.0015538092973890606,0.00010694986700417494
6712,671.2,-0.0012857179859480413,-0.000416059702923133
6713,671.3000000000001,-0.0013747001427904361,-0.0005873348120518877
6714,671.4000000000001,-0.0017032064929190162,-0.0006411330586524359
6715,671.5,-0.0018763845307795018,-4.088558370411814e-05
6716,671.6,-0.0015472489174323924,0.0005994115941038319
6717,671.7,-0.001288394908805637,0.0006713626505213123
6718,671.8000000000001,-0.0012868668304928208,7.857240594885501e-05
6719,671.9000000000001,-0.0017649239275289586,-0.0003145898982671046
6720,672.0,-0.0021121587580366146,-0.000793889353133967
6721,672.1,-0.0019799654279846787,-0.0005109805967488617
6722,672.2,-0.0019159073458342216,-0.0005178380658770337
6723,672.3000000000001,-0.0021834018327868323,-0.00010727950900762603
6724,672.4000000000001,-0.0023155312345880426,0.00013680556062660998
6725,672.5,-0.0024366927894481113,2.7691764390086312e-05
6726,672.6,-0.0019807728091008905,0.00025665512387075567
6727,672.7,-0.001410425764647376,0.000831328059905857
6728,672.8000000000001,-0.0013668401145329751,0.0010517800170873736
6729,672.9000000000001,-0.001409215572702539,0.0006546366678841901
6730,673.0,-0.0015261476230244324,0.00011943391645022187
6731,673.1,-0.0010347378840947928,-0.000297335082900228
6732,673.2,-0.0003520545739730703,0.00024850750798172447
6733,673.3000000000001,-0.0001821582430499686,-0.00030265559333305953
6734,673.4000000000001,-0.0004542929087822442,-0.0001577859843834364
6735,673.5,-0.0004773131118230518,-0.0010027052935087186
6736,673.6,2.795575367433697e-06,-0.0008574661061657951
6737,673.7,0.0004898071082435356,0.00014956248628762156
6738,673.8000000000001,0.00045066739845424386,0.0004255474955496197
6739,673.9000000000001,0.0004828555716419538,7.152989703748372e-05
6740,674.0,0.0005236341184268504,-2.925964242469524e-05
6741,674.1,0.0002616011524803144,-0.000495126409277862
6742,674.2,-4.790254450879762e-05,-0.0007957880945015331
6743,674.3000000000001,-0.00014452143748652763,-0.000779061457760141
6744,674.4000000000001,6.353628790538144e-05,-0.00023134211257601223
6745,674.5,0.00014770875808550973,0.00051944494159425
6746,674.6,0.00019757736427268422,0.00016181926924485108
6747,674.7,0.0005126310954454068,6.590898591865366e-05
6748,674.8000000000001,0.0008643626614027543,0.00026897777329092174
6749,674.9000000000001,0.0008357299441229809,-0.00015187730219494693
6750,675.0,0.0008988139922516932,-0.0004218300594442203
6751,675.1,0.0010752839364318934,-4.9354967790051754e-05
6752,675.2,0.0008704075294060959,-1.183158359787778e-05
6753,675.3000000000001,0.0005009824150321615,-0.00021529450168619152
6754,675.4000000000001,0.0005533798679614013,-0.00014409793297893357
6755,675.5,0.0012080427052372767,0.0001578734779064399
6756,675.6,0.0017581751457269815,-2.0106877056532144e-05
6757,675.7,0.0020502191065360537,0.0002802319314131462
6758,675.8000000000001,0.0017723222603043059,0.00046169232047663593
6759,675.9000000000001,0.0018388079498162378,0.0005624002684164295
6760,676.0,0.002340211659710258,0.0007081293775270892
6761,676.1,0.002027510165281279,0.0005889370803249219
6762,676.2,0.0017417302883142218,0.0005832388725030047
6763,676.3000000000001,0.0018843377933997825,0.000157485415807888
6764,676.4000000000001,0.0018276671742565836,2.739465167538766e-06
6765,676.5,0.0013815090862134242,0.00017070154244738862
6766,676.6,0.0013390528735011922,-3.6845222009696e-05
6767,676.7,0.0014882648717384798,-0.0002455192411411269
6768,676.8000000000001,0.0012534301479769255,-0.00039904122724662125
6769,676.9000000000001,0.0010491007362079514,-0.00013618184058262014
6770,677.0,0.0015244431092523842,3.826329081568488e-06
6771,677.1,0.0020087101543785246,0.0005043989695102402
6772,677.2,0.001998134215268205,0.0003164751091972292
6773,677.3000000000001,0.001821561130310599,0.0007887508832042485
6774,677.4000000000001,0.001605276233962069,0.0004786623686565943
6775,677.5,0.0016457748954218949,4.701130309416373e-05
6776,677.6,0.0015062478823696637,-0.0003985240282527093
6777,677.7,0.0007781305356200544,-0.00034916192874902816
6778,677.8000000000001,3.650395098777488e-05,-0.0007028233460869651
6779,677.9000000000001,-0.00011885890801282862,-0.0002298752834350732
6780,678.0,0.000385865860804948,0.00010857433896850563
6781,678.1,0.0006357662750855689,-0.00026455491480285366
6782,678.2,0.0004428955148747763,-0.0003168736651982279
6783,678.3000000000001,0.0001972845777854315,-0.00017464579558744718
6784,678.4000000000001,0.00019256272169759835,-0.0003492701359433526
6785,678.5,4.82148481074673e-05,-0.000511579884292135
6786,678.6,8.354137454943265e-05,-0.0011460472182372498
6787,678.7,0.000502844479236548,8.15148981910669e-06
6788,678.8000000000001,0.000344923423761404,0.0005627778228539472
6789,678.9000000000001,-0.0004631063083157583,0.00018157101412369164
6790,679.0,-0.0009651942437379073,0.00019071760319238802
6791,679.1,-0.0009657861726219298,5.569236984834188e-06
6792,679.2,-0.00070774780840295,-0.0002575251328791065
6793,679.3000000000001,-0.0005271843923946672,0.0006145180621556211
6794,679.4000000000001,-0.0007921590312956062,0.0010066610478000825
6795,679.5,-0.0009933739307517774,0.0003281451866524179
6796,679.6,-0.0010939761574268673,-5.199399093021193e-05
6797,679.7,-0.000801634509231377,0.0005441681973558996
6798,679.8000000000001,-0.0004178644297388179,0.00025718947551960823
6799,679.9000000000001,-0.0005331083926169043,-7.089798235683875e-06
6800,680.0,-0.0010576037857641344,7.073444256646125e-05
6801,680.1,-0.0011184773045531029,0.0002033803353788406
6802,680.2,-0.0011134048009534532,-0.00020390948460120807
6803,680.3000000000001,-0.0017713674050871262,-0.0007710082573988663
6804,680.4000000000001,-0.0018463170935560944,-0.00026237327205988405
6805,680.5,-0.001483623605089674,0.00047379546107543505
6806,680.6,-0.0016503997849667469,0.0003370039910479188
6807,680.7,-0.002173364874075121,0.00012874121684359222
6808,680.8000000000001,-0.002183836957096286,-5.609780273654404e-05
6809,680.9000000000001,-0.0019146613797238789,-7.454947386056551e-05
6810,681.0,-0.0017013147293408167,6.47758116668367e-05
6811,681.1,-0.0012680758818312211,0.00029898123175931
6812,681.2,-0.0011162464158501308,0.00032234473461668076
6813,681.3000000000001,-0.001356569604258636,0.00012663947292545613
6814,681.4000000000001,-0.001392556386693535,-0.00012357249641432972
6815,681.5,-0.0012907020338193801,-0.0006349358004572875
6816,681.6,-0.0013271210939124365,-0.0006361823578479923
6817,681.7,-0.00152743866654347,-0.0012181703520708364
6818,681.8000000000001,-0.0016223766244864843,-0.0010160324317270472
6819,681.9000000000001,-0.001480710256203967,-0.000654601012711431
6820,682.0,-0.0015297938245274559,-5.3512332877826654e-05
6821,682.1,-0.0017133848615701248,0.0002178797860036856
6822,682.2,-0.0018408454135003078,2.7301843657996225e-05
6823,682.3000000000001,-0.0021974756251348336,-0.0001936285139391383
6824,682.4000000000001,-0.002678377629128904,-0.0008148658389606831
6825,682.5,-0.0026733078698592725,-0.0008586929628388843
6826,682.6,-0.002080169015487317,-0.00042315029451229976
6827,682.7,-0.0018238486227988083,-0.0004954291116103911
6828,682.8000000000001,-0.0021015381479976406,-0.00031644224535793726
6829,682.9000000000001,-0.0022043396088126713,-0.0006854667316611162
6830,683.0,-0.0023479902526045166,-0.0007292816951973862
6831,683.1,-0.002321617588203286,-0.0007402146182955971
6832,683.2,-0.0024035331889115997,-0.0002138932451248477
6833,683.3000000000001,-0.002630922884546482,-0.00022269535470246846
6834,683.4000000000001,-0.002213861243865442,-0.00048549885049555
6835,683.5,-0.0018999315985924155,-0.0002725370761071954
6836,683.6,-0.0021724630689939624,-0.00048739599339955435
6837,683.7,-0.00212957636883445,-0.00029497961005983095
6838,683.8000000000001,-0.0018440985892986441,-8.411778588064614e-05
6839,683.9000000000001,-0.0015041297763932907,-6.926940214063856e-05
6840,684.0,-0.0012369430663244042,7.241794556926256e-05
6841,684.1,-0.0010666242602798742,0.0002236593946762393
6842,684.2,-0.000914546704953453,3.935650613820788e-05
6843,684.3000000000001,-0.0011307982372117664,0.0001409657375765962
6844,684.4000000000001,-0.0012620092998870196,0.0005719632439966209
6845,684.5,-0.001086674906363875,-0.00012939785378783696
6846,684.6,-0.0008193349416218373,-0.00036763775379767633
6847,684.7,-0.0006316005597036541,-0.00019724729535478227
6848,684.8000000000001,-0.0006594443118050257,-0.00039791534540934944
6849,684.9000000000001,-0.0005578767090943952,-0.00016597767783460663
6850,685.0,-6.13287525120509e-05,-0.00013872646414748242
6851,685.1,0.00013498264694107758,0.0004673842280314857
6852,685.2,-6.040024648099516e-05,0.0005868663900984724
6853,685.3000000000001,4.335865669077542e-05,0.00021142658441693855
6854,685.4000000000001,0.00020936172794251245,0.0002907865047249349
6855,685.5,-6.361018709955224e-05,0.00023684962225531013
6856,685.6,-0.00016648920537466543,0.0002702584161168302
6857,685.7,-0.0002303481923686519,0.00036137090557453855
6858,685.8000000000001,-0.000436208556788203,6.758975833600826e-06
6859,685.9000000000001,-0.0004110699765821257,-0.0004882070270654445
6860,686.0,-0.00019451194229430944,-0.0004784622660933076
6861,686.1,-0.00010491901096393522,1.9132459755825623e-05
6862,686.2,-0.0004544878123179914,0.0002492104339295488
6863,686.3000000000001,-0.000498750742656554,-0.00011844074652547692
6864,686.4000000000001,-0.00030184174337184516,-0.00034331380759865254
6865,686.5,-0.00032707398693193455,-0.0006118126383496239
6866,686.6,-0.0007426860361448796,-0.000626027535187185
6867,686.7,-0.0011350221979294262,-0.0005210137657065924
6868,686.8000000000001,-0.001104117550549653,-7.601965516300053e-05
6869,686.9000000000001,-0.0009261251392215166,0.0004279775548333564
6870,687.0,-0.001051541115858276,0.0004951606289730792
6871,687.1,-0.0014843788746140344,0.0002547127149870801
6872,687.2,-0.0015310909406489397,-0.00036228820522150206
6873,687.3000000000001,-0.0015286153681196928,-0.000218879188876012
6874,687.4000000000001,-0.0014717094831443551,2.6673518140336284e-05
6875,687.5,-0.0013021222222363348,0.00044556498002030505
6876,687.6,-0.0014100486192834617,1.853460973032079e-05
6877,687.7,-0.001793997998404332,-0.0005422664433602226
6878,687.8000000000001,-0.0017994826307984916,-0.0005194932621434137
6879,687.9000000000001,-0.0015508536131782305,-0.0003254789509559054
6880,688.0,-0.0014456077082899076,6.39411335300194e-05
6881,688.1,-0.0020470888235058116,0.0002342007703247862
6882,688.2,-0.002315787352782126,-0.0004289937553461618
6883,688.3000000000001,-0.002090449861972831,-0.0006381606172276531
6884,688.4000000000001,-0.0015921762374961803,-0.0005493059831958184
6885,688.5,-0.001653632824510458,-0.00043568454676795484
6886,688.6,-0.001719556634690357,-0.000739722967854254
6887,688.7,-0.0018866018353829949,-0.0005297217180653883
6888,688.8000000000001,-0.0025152713266261275,-0.0009240368863060089
6889,688.9000000000001,-0.002791271678060333,-0.0008224794894286087
6890,689.0,-0.002025619427696579,-0.00033765714707112887
6891,689.1,-0.001566114125778463,-0.00025889867499375796
6892,689.2,-0.0017780990731577474,-0.0005075223972444251
6893,689.3000000000001,-0.001955439988904676,-0.0008282211809714157
6894,689.4000000000001,-0.0015946318051446155,-7.79449497139008e-05
6895,689.5,-0.0012199037708166282,0.0002539701574402856
6896,689.6,-0.001500119958927298,-0.0002909812808299929
6897,689.7,-0.001699872130664779,-0.0006893065250088618
6898,689.8000000000001,-0.001321803588845425,-0.0007624189450728534
6899,689.9000000000001,-0.0009838928801759357,-0.00030117047969891716
6900,690.0,-0.000834284513007559,-9.439588437345052e-05
6901,690.1,-0.00047136813693490233,-1.784697597045467e-05
6902,690.2,-0.0002995291046600909,-0.0001328106651283921
6903,690.3000000000001,-0.0005799015263099009,0.0001251035921026248
6904,690.4000000000001,-0.0005866234290108961,-3.0976062128439264e-05
6905,690.5,-0.0007511316815236756,-0.0004182215708936057
6906,690.6,-0.0006950196075606771,-0.0005503336014841023
6907,690.7,-0.0004953974527806597,3.6130938667334874e-05
6908,690.8000000000001,-0.0007418302724293503,0.00011063736730232865
6909,690.9000000000001,-0.0013296876752335526,-0.0004544911231011971
6910,691.0,-0.001695162770841381,-0.0001782991436484568
6911,691.1,-0.0014832322095507603,-0.00024135511141992448
6912,691.2,-0.000825297889056028,-0.0001050221895470835
6913,691.3000000000001,-0.0008026092543696392,0.00014740223115755985
6914,691.4000000000001,-0.000906925059971299,0.00025412644342202184
6915,691.5,-0.0010386064525265066,9.872368687418975e-05
6916,691.6,-0.0011096519325518362,-0.00035151502028821447
6917,691.7,-0.0012243960273839768,-0.0007698699007082405
6918,691.8000000000001,-0.001387151115800119,-0.0006861777453038785
6919,691.9000000000001,-0.0008753271023835839,-1.9992176447023436e-05
6920,692.0,-0.0004552072960041243,0.0005708709826826585
6921,692.1,-0.00043832646792805536,0.0002967189991364057
6922,692.2,-0.0008138971376713113,-0.0002537821059173537
6923,692.3000000000001,-0.0010751487272336847,-0.00019734232666832502
6924,692.4000000000001,-0.001045992689726575,-1.8942736731949826e-05
6925,692.5,-0.001299685113123094,-0.000588105058723039
6926,692.6,-0.001681796429949646,-0.0010232535513558594
6927,692.7,-0.0017320356355096187,-0.000637286423646818
6928,692.8000000000001,-0.001651586636502092,-0.0001805792163618629
6929,692.9000000000001,-0.001403662513489894,7.216791253874051e-05
6930,693.0,-0.0013319115245197621,0.00012076634637515768
6931,693.1,-0.0015098420971656691,-6.979420639321909e-05
6932,693.2,-0.0015146280582516946,7.659295146538693e-05
6933,693.3000000000001,-0.0012907354165814042,0.0002103621497631067
6934,693.4000000000001,-0.0009566144765864507,0.00011424273355494874
6935,693.5,-0.0006945727437835841,-0.00020958221032782546
6936,693.6,-0.0008489256323949666,0.0004075298508611716
6937,693.7,-0.001171711155345075,0.0005815197633566656
6938,693.8000000000001,-0.0010631889940228324,0.000587506456760641
6939,693.9000000000001,-0.0008360956575370168,0.0004990907886020933
6940,694.0,-0.0010348986388016466,0.0008039168066189771
6941,694.1,-0.0011759800234442072,0.0007309179025739626
6942,694.2,-0.0010341323717807179,0.00020418290525186744
6943,694.3000000000001,-0.0008057031154942122,0.00012503595766863603
6944,694.4000000000001,-0.000624339796096878,0.0004964793948597076
6945,694.5,-0.00048718976271873535,0.0004489737647433802
6946,694.6,-0.0004487237581792807,9.014135065009208e-06
6947,694.7,-0.00037593728928875356,0.0002657515160067838
6948,694.8000000000001,-0.00022187910614579896,0.0003612567309240534
6949,694.9000000000001,-0.0005022630290525164,-4.177449705797548e-05
6950,695.0,-0.000723586575371867,-0.00015501261411583064
6951,695.1,-0.0006732601133698101,-9.915609792906375e-05
6952,695.2,-0.0002193587582092465,0.0004166732833734879
6953,695.3000000000001,-0.00012262459338837058,0.0001444968614402464
6954,695.4000000000001,-0.0006747678502937604,-0.0004604661126841204
6955,695.5,-0.0009758535380350836,4.440528515129498e-05
6956,695.6,-0.0010332251768420825,0.00020376515635713236
6957,695.7,-0.0007221471471904987,-0.00011287920772903019
6958,695.8000000000001,-0.0002829600051644748,-0.00039540691674461376
6959,695.9000000000001,-0.00042497709736857885,-3.5865601728455586e-05
6960,696.0,-0.0009189720654406243,0.00026621785518501104
6961,696.1,-0.0012288788194650974,0.0003199188790095119
6962,696.2,-0.0013758892854015608,0.00015704541782481237
6963,696.3000000000001,-0.0009984166927544844,0.0003155803481721697
6964,696.4000000000001,-0.0012124352709059379,0.0005655106421458086
6965,696.5,-0.0017355976025539926,-0.00032874467609356694
6966,696.6,-0.001663276458928425,-0.0004353590848546232
6967,696.7,-0.001399707319752089,-0.00023584169891817427
6968,696.8000000000001,-0.0012074498395637653,-0.0001933493149144795
6969,696.9000000000001,-0.0013150247713230867,-0.0003542391737715422
6970,697.0,-0.001285420354612174,-0.0004053280795651351
6971,697.1,-0.0011059713687950655,-0.00021298588295474158
6972,697.2,-0.0008654123680632498,-8.856792145593261e-05
6973,697.3000000000001,-0.0005866539659861485,-0.00025991873206411385
6974,697.4000000000001,-0.0004337254565472843,-8.370456420377311e-05
6975,697.5,-0.0007888401019990537,-0.0003316736872752171
6976,697.6,-0.001153152308604007,0.000461039786276951
6977,697.7,-0.0008058331114590821,0.00047123637980672056
6978,697.8000000000001,-0.0002273815152497108,0.0005733731208523847
6979,697.9000000000001,-0.0002747858486714971,0.0007654767164275686
6980,698.0,-0.000617645455403987,0.0004941133662977449
6981,698.1,-0.000327390550331553,0.00011940246392787983
6982,698.2,1.614222161992644e-05,9.319034488492858e-05
6983,698.3000000000001,2.798293292030141e-05,0.00048564901973146516
6984,698.4000000000001,-1.3800193937569674e-05,0.0008185827654940989
6985,698.5,-0.00025910222717745094,0.0003792233864071975
6986,698.6,-0.00041816020314067696,0.00031224080034016597
6987,698.7,-0.00013417836939896735,0.00025270688611142214
6988,698.8000000000001,5.784219584837389e-05,0.00017197810608239234
6989,698.9000000000001,0.0001525490650861658,-0.0004044852395550846
6990,699.0,0.000595711026925248,-0.0006541692697760292
6991,699.1,0.0007234396067371501,-0.00038079373023996717
6992,699.2,0.0008750464108003407,-0.0003703387881783331
6993,699.3000000000001,0.0008496570676942744,0.0006675771826148808
6994,699.4000000000001,0.0006477948062515246,0.00084854617576759
6995,699.5,0.00042798512305973425,0.0005586055823414033
6996,699.6,0.0002853175806270928,0.0003066871605232585
6997,699.7,2.504558593410708e-05,7.331983416028049e-05
6998,699.8000000000001,-5.971075194976836e-05,4.113748177860109e-05
6999,699.9000000000001,6.507164902433127e-05,5.0782914562443915e-06
7000,700.0,0.0003653885540309803,0.000333897913621007
7001,700.1,0.0004249310102650709,0.0007367138467906966
7002,700.2,0.0002545222798120971,0.00048398370292664815
7003,700.3000000000001,0.0006761534045284717,0.00017388072591568535
7004,700.4000000000001,0.001062129600156155,-0.0001914322724963033
7005,700.5,0.0008871713569361659,-0.00040259408987010706
7006,700.6,0.0004451699785548034,-0.00037085564507255067
7007,700.7,2.9461709648220268e-05,-0.0002361154061493121
7008,700.8000000000001,0.0001022988602717471,-0.00010830635135753966
7009,700.9000000000001,0.000728327685080208,0.0003169360212458475
7010,701.0,0.0008912735747310731,0.0003699891572404812
7011,701.1,0.00016521346333798456,6.821599247382243e-05
7012,701.2,-0.00016740804284398676,8.672784674962914e-05
7013,701.3000000000001,-8.08502690868462e-05,0.0001228283684021886
7014,701.4000000000001,-0.00020597392111724997,0.0005192275375726127
7015,701.5,-0.0002408546456145833,0.00045799867613096013
7016,701.6,-0.00039206847246876553,-0.00030596048838320506
7017,701.7,-0.0008123616846320113,-0.0007483159286065872
7018,701.8000000000001,-0.0010902197720562834,-0.0008459546735625682
7019,701.9000000000001,-0.0010189644568765718,-0.000778691975778001
7020,702.0,-0.0010312098618029928,-0.0009802173071812503
7021,702.1,-0.0011062497170397844,0.00023519917151632557
7022,702.2,-0.0009584952065627598,0.00016355166639394638
7023,702.3000000000001,-0.0010739841817000364,-0.000760397206500883
7024,702.4000000000001,-0.001148851841061947,-0.0006491865287504622
7025,702.5,-0.0005573073225557129,-0.00027650277187500047
7026,702.6,-0.00018135335263038728,-0.00025970176788857487
7027,702.7,-0.0005031328795288911,-0.00028009103944878896
7028,702.8000000000001,-0.0011002890340607151,-0.0002757412872832501
7029,702.9000000000001,-0.001139192663234543,-0.0008347900109916403
7030,703.0,-0.0010361715148647689,-0.0007815513986097805
7031,703.1,-0.0009167284480353838,-0.0009758126718595926
7032,703.2,-0.0009914429681003834,-0.0005610237747577508
7033,703.3000000000001,-0.0008874698005721368,-0.000485535281807931
7034,703.4000000000001,-0.0006549606656909667,-0.0003394999107303204
7035,703.5,-0.0007786332732026826,-0.00015735971479846075
7036,703.6,-0.0010334481593095252,0.0003566934662792413
7037,703.7,-0.0012591588412774188,0.00019321608643529587
7038,703.8000000000001,-0.0013586751843586505,0.00024251480628814133
7039,703.9000000000001,-0.0010389490464593736,-0.00017767033539637327
7040,704.0,-0.0010158170616302092,5.8246093115375664e-05
7041,704.1,-0.0012428834209958861,0.00045433919918483746
7042,704.2,-0.0016310562653987942,8.699636599050066e-05
7043,704.3000000000001,-0.0019269408518317334,-0.00037146620546751506
7044,704.4000000000001,-0.0021857895390370898,0.00017998575524679882
7045,704.5,-0.0023851999625920865,-4.210509824776502e-05
7046,704.6,-0.0020676622168755614,6.389293320202354e-06
7047,704.7,-0.0018577290833271503,0.0001757679551108525
7048,704.8000000000001,-0.0025181522069549506,5.8417335347530804e-05
7049,704.9000000000001,-0.003022406666506648,-0.00010284108660381873
7050,705.0,-0.0031621602554714108,0.00010313703854257362
7051,705.1,-0.002637233621393169,0.0007599818392490245
7052,705.2,-0.0021884026311780394,0.00021992467556570337
7053,705.3000000000001,-0.002001502715738189,-0.00032754988499706695
7054,705.4000000000001,-0.001844973814148129,-0.00014710930550067842
7055,705.5,-0.0020145886373048594,-0.000341124383025576
7056,705.6,-0.0021319274101201414,-0.0002881183521983598
7057,705.7,-0.0016368226668758846,-1.664189293059281e-05
7058,705.8000000000001,-0.0016606893656531964,-0.00023402735401796277
7059,705.9000000000001,-0.002254182621463452,-0.00013461092853223717
7060,706.0,-0.002607056620158587,-0.0003385245008035704
7061,706.1,-0.0023799822018065304,-0.00046800456650587216
7062,706.2,-0.0022659050598932773,-0.00015937943676829408
7063,706.3000000000001,-0.002510551003298585,-4.794831553976161e-05
7064,706.4000000000001,-0.002348506431940529,-1.4334580193244177e-05
7065,706.5,-0.0022616684459349,-7.969452218919659e-05
7066,706.6,-0.0023777293685575997,-0.00032964014007287064
7067,706.7,-0.002398099575495337,-0.0004617599198305052
7068,706.8000000000001,-0.0021546644304928247,-0.00029609013756702526
7069,706.9000000000001,-0.0022566434196546418,-7.758088821675438e-05
7070,707.0,-0.0021880019871885646,-0.0002405022839622939
7071,707.1,-0.0017047857585825036,-4.4835092403004546e-05
7072,707.2,-0.0014072040267786867,-0.00041650518085393644
7073,707.3000000000001,-0.0013620205835239093,-0.0006274293760742204
7074,707.4000000000001,-0.0014179321662871878,-0.0005570302836153578
7075,707.5,-0.0011115212692336604,-0.0002404100033343698
7076,707.6,-0.0011033806512788047,0.0003297788648209801
7077,707.7,-0.001528594239338442,0.0003371860098822599
7078,707.8000000000001,-0.0017336167795523707,0.00012685888379059844
7079,707.9000000000001,-0.0017865976119576016,-8.200483556767595e-05
7080,708.0,-0.0016081166102263505,-5.831440835109373e-05
7081,708.1,-0.001400234206729809,0.0001419175312400515
7082,708.2,-0.0016025063425248209,0.0002291823284617676
7083,708.3000000000001,-0.0014104074118052835,-0.0006095215216606584
7084,708.4000000000001,-0.0007492084330242084,-0.001015989648517305
7085,708.5,-1.4253804744898388e-06,-0.00032466120349675543
7086,708.6,0.0003864015144947004,0.00032068211903478174
7087,708.7,0.00014261582757413527,-0.0005331345380157494
7088,708.8000000000001,-0.00035321915948592815,-0.0009197670321657808
7089,708.9000000000001,-0.0002301606289456993,-0.00022524054385531506
7090,709.0,0.00039163521291089734,-0.0003863494931076796
7091,709.1,0.000302549212155081,-0.0005190097788102287
7092,709.2,-0.00013974532256410605,-0.00039030381712675433
7093,709.3000000000001,-0.0002249594056638036,-0.0005769152775293435
7094,709.4000000000001,-0.00015056323599935188,-0.00011713568251050361
7095,709.5,6.839894516558801e-05,3.976930394898239e-05
7096,709.6,5.834509057745519e-05,-0.0003489451183545892
7097,709.7,-9.798763642351156e-05,0.00014463899092091576
7098,709.8000000000001,-0.00029652079947014133,-5.8643202866770394e-05
7099,709.9000000000001,0.00015340388805266727,5.517571080820335e-05
7100,710.0,0.0003416924367239185,-2.7290103343021167e-05
7101,710.1,0.0002851567999815263,-0.00025577122307717713
7102,710.2,0.0005694378332905665,-0.00014266776185676455
7103,710.3000000000001,0.0006778368279160181,-0.0003520830298867755
7104,710.4000000000001,0.0004078313070846503,-0.00010390936039262045
7105,710.5,0.00027642047917686674,-0.00014304989635419198
7106,710.6,-4.065742374928028e-06,-0.0004359451137504543
7107,710.7,-0.00012399257064168098,-4.459544410752666e-05
7108,710.8000000000001,6.497401850810597e-05,0.00016839161279908586
7109,710.9000000000001,-3.931213775085895e-05,0.0001759237730989245
7110,711.0,-0.00038643981418195957,0.00027195630406164946
7111,711.1,-0.0005903289990798706,-0.00012594314369246176
7112,711.2,-0.0004567708329282591,-0.00038489407813794413
7113,711.3000000000001,-0.00030166627801376535,-5.364337779039388e-05
7114,711.4000000000001,-0.00043108616002984437,-7.105005652101098e-05
7115,711.5,-0.0003772387086666901,-0.0003561981681565322
7116,711.6,-0.0006448527574035575,-0.0009721995413100048
7117,711.7,-0.00017526476403416323,-0.0010651404145005337
7118,711.8000000000001,0.00024005411183575438,0.00010044872931764019
7119,711.9000000000001,7.510092380860536e-05,0.000444005181923232
7120,712.0,0.00012733596754314498,0.0008345888973454753
7121,712.1,-9.36055677755261e-06,0.0006002442138474786
7122,712.2,-0.00013125082393341655,0.00030555942138755593
7123,712.3000000000001,-0.00032236550782803935,2.7260567296989613e-05
7124,712.4000000000001,-0.0005277835999647052,-8.77670564846963e-05
7125,712.5,-0.0005337235235527104,-9.779902971948424e-05
7126,712.6,-0.0006699474633172269,-0.00018196420064426122
7127,712.7,-0.0010946336358594762,-0.0005266831008764196
7128,712.8000000000001,-0.0014492255733960732,-0.0005616684624154153
7129,712.9000000000001,-0.0010005252028009671,-0.0007367589495754115
7130,713.0,-0.0006378025801946373,-0.00035549276123989854
7131,713.1,-0.0005183202426204823,0.00043030936467358335
7132,713.2,-0.0009014072183774681,3.1171933237122984e-06
7133,713.3000000000001,-0.0011954260468723548,-0.0006900405937608318
7134,713.4000000000001,-0.0011224663498723,-0.0007268937988607738
7135,713.5,-0.0008182899438413916,-0.00020514206935825485
7136,713.6,-0.00066159764563077,0.00035403038479550993
7137,713.7,-0.0007617765397168959,0.0005768550760923996
7138,713.8000000000001,-0.0014928552058987839,5.786280981221646e-05
7139,713.9000000000001,-0.0019415003364120836,-0.0003094059339176962
7140,714.0,-0.0016160659211211892,-0.0001935846639139436
7141,714.1,-0.0012656388018233368,0.00039498890276826014
7142,714.2,-0.0015590585317621004,0.00013275507292679416
7143,714.3000000000001,-0.0014977075599754222,0.00032831544861631
7144,714.4000000000001,-0.0013612985680176235,0.0004182621223245936
7145,714.5,-0.0016717800862593908,0.00020678749781431136
7146,714.6,-0.0017642392660772457,-0.00023457238196929815
7147,714.7,-0.0013420332951851334,-0.00038645487324973093
7148,714.8000000000001,-0.0011603561253640535,8.28843633342014e-05
7149,714.9000000000001,-0.0011382074644161533,-0.0004295681546219825
7150,715.0,-0.0013483726754191943,-0.0002789516960557055
7151,715.1,-0.0012518284160669567,-0.00039352393672008806
7152,715.2,-0.0013436427636451505,9.108348339799968e-05
7153,715.3000000000001,-0.0011066373655032765,0.00016440389191557366
7154,715.4000000000001,-0.0007260588981252969,0.00014487760411424245
7155,715.5,-0.0005481197388533279,8.807850938134484e-05
7156,715.6,-0.0003899077726314886,0.0004765613595258781
7157,715.7,-0.00020258787978478615,0.00024352841135045223
7158,715.8000000000001,-7.221766399756395e-05,7.993670288833345e-05
7159,715.9000000000001,2.4985470528045375e-05,4.6662157644461444e-05
7160,716.0,0.0002100414485738712,0.0003411158160779059
7161,716.1,0.00037077021039682987,0.00045978148390371797
7162,716.2,4.563959390855032e-05,6.981095270897128e-05
7163,716.3000000000001,-0.00010109952123614968,-0.00027127645591178335
7164,716.4000000000001,-0.00024469159435357526,-0.0004906950462252531
7165,716.5,4.803920973738349e-06,-0.0002524800141251889
7166,716.6,0.0007368345299782717,-8.387072674165066e-05
7167,716.7,0.0014238798306649954,0.0006281992412139792
7168,716.8000000000001,0.0014027636353401182,0.0005342653898849809
7169,716.9000000000001,0.0013848685414375866,0.00031722444764219454
7170,717.0,0.0020011236281185403,-0.00011420841327152528
7171,717.1,0.002307051779555981,0.00015215467832581614
7172,717.2,0.0020484426692461357,-2.4552545989441912e-05
7173,717.3000000000001,0.0018032663176279038,-0.0005690902859145866
7174,717.4000000000001,0.001507869252212565,-0.0004880276778243591
7175,717.5,0.001177705931366664,0.00011579274858302355
7176,717.6,0.0009045157586914179,-0.00018851992228700797
7177,717.7,0.0008644117056084818,-0.00018200931626258143
7178,717.8000000000001,0.0008528791700330208,0.000250534612559283
7179,717.9000000000001,0.0009184188640099468,0.0006373999160678775
7180,718.0,0.00041675454585334254,0.00046615981025595533
7181,718.1,0.0002709901654506678,0.00019804997940351554
7182,718.2,0.000795048068044641,0.0007640570603201636
7183,718.3000000000001,0.0007144946769322169,0.0009456958605576448
7184,718.4000000000001,-0.00020204512513509254,0.0004636248604109373
7185,718.5,-0.0006421255016851796,-4.568988751533293e-06
7186,718.6,-0.001028347477998812,-0.00016885220700351138
7187,718.7,-0.001028213614366892,4.00745942317172e-05
7188,718.8000000000001,-0.0004568902548643924,0.00011966323599520898
7189,718.9000000000001,-0.0002175187815607587,2.3855765415437985e-06
7190,719.0,-0.0006808874404919811,-0.00037216720343001753
7191,719.1,-0.0009069203324720763,-0.00029647749965624803
7192,719.2,-0.00043301283629417804,0.00041760631615873277
7193,719.3000000000001,0.00013640311337076495,0.0009199486801168467
7194,719.4000000000001,-0.00029331945734409006,0.0007766729683647163
7195,719.5,-0.0005930881946602895,0.0006563867385096996
7196,719.6,-0.00048021709307680577,0.00048109934494388966
7197,719.7,-0.0005682675873025904,0.00027102382097408115
7198,719.8000000000001,-0.0005479946499827137,-0.00012481496519416448
7199,719.9000000000001,-0.00048243137745210556,0.00031870637679646993
7200,720.0,-0.0009327328874125892,0.00012490819890476884
7201,720.1,-0.0012901291992937916,0.0005303790087656714
7202,720.2,-0.001268902470932183,0.0001582826192362712
7203,720.3000000000001,-0.0008141299200538555,0.00012311329624211886
7204,720.4000000000001,-0.00048581301582686855,7.458759544877076e-05
7205,720.5,-0.0003219055287537652,9.098797060607094e-05
7206,720.6,0.00022393312624061648,-0.00012087652646279267
7207,720.7,0.00046862051981223036,-0.0002796108780045908
7208,720.8000000000001,1.573898284472549e-05,3.2894569381445156e-06
7209,720.9000000000001,-0.0001693340858677376,0.00037479938439915263
7210,721.0,0.0003180485239231446,1.0676920489849674e-05
7211,721.1,0.0004130587920197638,0.0002340298355492077
7212,721.2,1.6719179130278797e-05,0.00026692858203974067
7213,721.3000000000001,-0.00015445774918762135,-3.404563153491917e-05
7214,721.4000000000001,-0.00011561032080178944,-0.0004592290953551753
7215,721.5,0.0005502651658912625,5.9119755886254875e-05
7216,721.6,0.0012820351936428207,0.0002698239719351815
7217,721.7,0.0013084783671348731,0.0004762282036039583
7218,721.8000000000001,0.0011932688685720395,0.0007196481700842954
7219,721.9000000000001,0.0007612244339841173,0.00031076845410731827
7220,722.0,0.0003497232786209298,0.0003290813416141796
7221,722.1,0.00041443735721915457,0.00034316295384909703
7222,722.2,0.0004942846559866344,0.00011368764927489212
7223,722.3000000000001,7.688362423759157e-05,0.00039181178457459447
7224,722.4000000000001,3.88572963005538e-05,0.00038747365638565416
7225,722.5,-0.00013929265821535492,0.00014503068936883617
7226,722.6,-0.0007910349780508378,-0.0005965310152406619
7227,722.7,-0.0010337335255429742,-0.0007477003103251532
7228,722.8000000000001,-0.0006520313700574148,-0.0002773727385072476
7229,722.9000000000001,-0.0003247098468210901,-0.00043775911180612596
7230,723.0,-0.0003416740300076737,-0.00032479265317419454
7231,723.1,-0.00027260530792584306,-0.0003247544957656513
7232,723.2,-0.0002534818133963969,-0.0001628926904361607
7233,723.3000000000001,0.00022230139218470452,-0.0003472226521688151
7234,723.4000000000001,0.0010858504768124393,0.0003183217509923651
7235,723.5,0.0010204535487099817,0.000572038003819817
7236,723.6,0.0007739360425560225,0.00024091290521755852
7237,723.7,0.0005298418399154695,-0.00013769072290575543
7238,723.8000000000001,5.322857813707147e-05,-9.2295719213737e-05
7239,723.9000000000001,0.00016144854917816246,-4.1307218260673216e-05
7240,724.0,0.0004987296518881796,9.453461499687654e-05
7241,724.1,0.0007651145214800604,0.00012055026778731515
7242,724.2,0.000543703269326081,0.0003339902490676066
7243,724.3000000000001,0.0006071491548509054,0.0004945130111121447
7244,724.4000000000001,0.0004994049600792826,-0.0002993842015898281
7245,724.5,0.0003218178473545995,-0.0010321054946858402
7246,724.6,0.000661619182265914,-0.0007758064401215581
7247,724.7,0.0015167838345626111,7.405226748286968e-06
7248,724.8000000000001,0.001949960139327437,0.00046048661945157957
7249,724.9000000000001,0.00163259969862713,0.00022300235703464407
7250,725.0,0.0011388620420972695,-0.00033146894850206266
7251,725.1,0.0009384729980840519,-0.00018595804946344802
7252,725.2,0.0007061957440125941,-7.389098343453372e-05
7253,725.3000000000001,0.0003862571820880672,-0.0005990463203940325
7254,725.4000000000001,0.0009473974155485955,-8.182667387315847e-05
7255,725.5,0.0018405233245738575,0.0001725424754230312
7256,725.6,0.0013876863017031357,1.0570712205293397e-05
7257,725.7,0.00047391813749588386,0.0006660015884925407
7258,725.8000000000001,0.0003769215112323875,0.0007060283959784998
7259,725.9000000000001,0.0008982941412563043,0.0002061218204174677
7260,726.0,0.0008946428848487766,-0.00016568571567289714
7261,726.1,0.00013093832214486903,0.00021895486506228715
7262,726.2,-1.752949574235342e-05,-0.0002735663127457767
7263,726.3000000000001,0.00013592745532133057,-0.000667337362136041
7264,726.4000000000001,0.00023902982488036085,-0.0003965952534202633
7265,726.5,0.0005398962370194131,-0.0005289570225611783
7266,726.6,0.0007776437387500084,-9.769677839986603e-05
7267,726.7,0.0006510931866988322,-3.6728130038856986e-05
7268,726.8000000000001,0.0007293914247783081,2.4084869308330512e-05
7269,726.9000000000001,0.0007968849528697824,-0.0001618950975880138
7270,727.0,0.0005704766435276081,-0.0009558470816737319
7271,727.1,0.00027953545079922073,-0.0011483612865063725
7272,727.2,5.944713599890887e-05,-0.0007568106300036277
7273,727.3000000000001,0.00021942368600349148,-0.00047754849557480645
7274,727.4000000000001,0.0006064949001079545,-2.90141796496048e-06
7275,727.5,0.001133265951389248,-0.00025502427466933764
7276,727.6,0.0010271824878529843,-0.0003783004328654321
7277,727.7,0.000599158583412357,3.709870219570074e-05
7278,727.8000000000001,0.0006935229763295616,-0.0003034371415292923
7279,727.9000000000001,0.0014156794862216515,-0.0001742586077334473
7280,728.0,0.001731580580977876,-0.0001948872523347036
7281,728.1,0.001372813295846839,-0.00039023563780926597
7282,728.2,0.0012222525061331992,-0.0001730581287309219
7283,728.3000000000001,0.0012604787156522933,-0.0006277326697864571
7284,728.4000000000001,0.001204192879898286,0.00016876455515489288
7285,728.5,0.0007828107730676727,-0.00017908807683153632
7286,728.6,0.00028584961921778834,-0.0004722997826744318
7287,728.7,0.00033901153197954636,-0.0001326229894552509
7288,728.8000000000001,9.643037510957782e-05,2.866999810054565e-05
7289,728.9000000000001,-0.0001886302410401441,-0.0003415631530804081
7290,729.0,-0.00022527400731971273,-0.0002673863518556157
7291,729.1,1.2584431580543323e-05,0.0001266253608376218
7292,729.2,0.0005179396121720212,0.00048397071755982494
7293,729.3000000000001,0.0007132965748885288,0.0006343987749090923
7294,729.4000000000001,0.0009258814640533677,0.0003496276701748929
7295,729.5,0.0009415859072389593,-0.0002716381461295739
7296,729.6,0.0011951228661099453,3.496455772444047e-05
7297,729.7,0.00135101154183336,-2.8084906628903673e-05
7298,729.8000000000001,0.0015606299444026232,0.00011905819181802713
7299,729.9000000000001,0.001873566184167778,0.0005953343747131696
7300,730.0,0.0022802217397309868,0.0003214096090170391
7301,730.1,0.002707189286373668,0.00048812612913726254
7302,730.2,0.002692294281968588,0.00016555779138380765
7303,730.3000000000001,0.0022897468492672672,0.00010038696451049179
7304,730.4000000000001,0.002093666907618472,0.0002477443415311508
7305,730.5,0.002325607255831709,0.00068684426423652
7306,730.6,0.002034827995831731,0.00033765112059084705
7307,730.7,0.0014637863958719744,0.00015801767677755825
7308,730.8000000000001,0.0013654977400338242,0.00038493846780017737
7309,730.9000000000001,0.0015141925842637677,0.0001306874281973578
7310,731.0,0.0015656718846124638,4.369214349431348e-05
7311,731.1,0.0012357415149252876,2.3525094730840404e-06
7312,731.2,0.001119570234757294,4.173485855387234e-05
7313,731.3000000000001,0.0011953532701580133,0.0003465265447629003
7314,731.4000000000001,0.0012578793839245104,0.0005468133543019384
7315,731.5,0.001110946396491798,0.0005912238752474637
7316,731.6,0.000943512123518883,0.00043539433626922245
7317,731.7,0.0007962533878857489,0.0005993121334961566
7318,731.8000000000001,0.0007763657257463192,0.00012025604745452992
7319,731.9000000000001,0.000791410707354579,-4.8440456274526324e-05
7320,732.0,0.0004901034794907247,0.00033776296486967463
7321,732.1,0.00016176052114256836,0.00017979101362358834
7322,732.2,6.965117734593682e-05,-0.0008181738920007207
7323,732.3000000000001,0.00028271183058672494,-0.0005910157377419767
7324,732.4000000000001,0.0005524324045651787,-0.00022278198857111396
7325,732.5,0.0007318453606940686,-0.00020438734475512136
7326,732.6,0.0008506934499583836,0.0002035746325482214
7327,732.7,0.0011773064786485003,0.0008835628967817617
7328,732.8000000000001,0.0009604786889123126,0.0005472320122769823
7329,732.9000000000001,0.00045761240265050477,0.00019863099400002388
7330,733.0,0.0005189886623493875,-0.00025586493168380044
7331,733.1,0.0005701418359275084,0.00011559499935908648
7332,733.2,0.00014280255492224938,-0.00011045275708584071
7333,733.3000000000001,0.0002299408770878286,0.00012608720630878284
7334,733.4000000000001,0.0005022556441583961,0.00020852431463162132
7335,733.5,-5.904014668938355e-06,0.00013523110924791652
7336,733.6,-0.0001381292064556593,0.00010106510846187851
7337,733.7,0.00014194719415129727,0.000375659044923383
7338,733.8000000000001,0.000316200931908616,0.0004496407813423466
7339,733.9000000000001,0.00021272499285464035,0.0003461434653686005
7340,734.0,0.000345676739693107,0.00035661455173814454
7341,734.1,0.0004909124363905103,0.0007654330825092462
7342,734.2,0.0003156928628981889,0.0007934572167337607
7343,734.3000000000001,0.00011544195456173161,0.00044331585132922625
7344,734.4000000000001,0.000330080928122261,0.00048168507929918043
7345,734.5,0.0009512497085236455,0.0001045609533172475
7346,734.6,0.0009435060066467774,0.0004544981946445517
7347,734.7,0.0001262264514834403,0.00042982079516617485
7348,734.8000000000001,-0.00019488471971769214,0.00023694775028550527
7349,734.9000000000001,0.00015725949339271563,-6.804316583660898e-05
7350,735.0,4.1032407266400715e-05,0.00045519023444131934
7351,735.1,-0.00045710790926884083,4.327212761533525e-06
7352,735.2,-0.0005721548411335285,-4.4475695801575316e-05
7353,735.3000000000001,-0.0004494126822369403,-0.0005717880475420292
7354,735.4000000000001,-0.00040317303084032205,-0.00021037796573757073
7355,735.5,-9.02545182935266e-05,0.00018796416675755906
7356,735.6,0.00030142259807612126,0.0002626135468911176
7357,735.7,0.0004976968283673821,-0.0001237145581341225
7358,735.8000000000001,0.0003260631723175024,-0.00036035072846424433
7359,735.9000000000001,9.83558552904982e-07,-0.00040093037873280046
7360,736.0,0.00010327643152150442,-0.00015591701304045957
7361,736.1,0.00029420785703683657,-1.890784968249052e-05
7362,736.2,0.0002889654903991093,0.0004928264319946482
7363,736.3000000000001,0.00023329730934345847,0.00037723904937448814
7364,736.4000000000001,0.0003537849402329893,0.0003931739642788493
7365,736.5,0.00048718077228985515,0.00023133987959720557
7366,736.6,0.00020464587187700022,-9.914831849582205e-05
7367,736.7,-0.0001363126303918796,-0.000560236709535211
7368,736.8000000000001,-0.0001343665191655555,0.00011620785629393743
7369,736.9000000000001,-0.00021507720243628425,0.00014599685891466657
7370,737.0,-0.00021732311055676503,-9.618025436957218e-05
7371,737.1,-0.0003479845177663029,0.0002509570618858853
7372,737.2,-0.00015154696574816136,0.0005222441193492063
7373,737.3000000000001,-0.00028266539385824016,0.0005695821915159818
7374,737.4000000000001,-0.0008267208081563747,0.0003634614810626493
7375,737.5,-0.001141727346717215,0.0005731894525341783
7376,737.6,-0.0010731243464433958,0.00010206238109622133
7377,737.7,-0.0012294769858292632,-0.0006690440465055655
7378,737.8000000000001,-0.0015899616548273976,-0.00071919159838834
7379,737.9000000000001,-0.0014645066444538932,-0.0008715052484281421
7380,738.0,-0.0010436004106778379,-0.0002117302950003518
7381,738.1,-0.0007518569221855048,-2.4668577118434383e-05
7382,738.2,-0.0007660910305995524,-0.00019709123679940673
7383,738.3000000000001,-0.0007749187452186116,-0.0006278531801411647
7384,738.4000000000001,-0.0002504372544172219,-0.00027436264709268147
7385,738.5,6.429509357224784e-05,1.2288102706546855e-05
7386,738.6,-0.00031216929491433693,0.00013331545022632945
7387,738.7,-0.0006000926264393011,-0.00019257768016733278
7388,738.8000000000001,-0.000424587018448871,0.00011008269735723348
7389,738.9000000000001,0.00012049670886394539,0.0004928488312511046
7390,739.0,0.0004690250629726371,0.000400385153508415
7391,739.1,-0.00012908833768861112,-8.791095316712823e-07
7392,739.2,-0.0005652622309790968,0.0002283313570411772
7393,739.3000000000001,-2.4392170797004465e-05,0.00034204665321148185
7394,739.4000000000001,0.00018857506231821487,8.769006664244426e-05
7395,739.5,-0.0003805229915976179,7.636141815412714e-05
7396,739.6,-0.0007518394886781106,0.000256212931718146
7397,739.7,-0.0006970862418927059,0.00014373613338158816
7398,739.8000000000001,-0.0006770099553730912,0.00015063561539729452
7399,739.9000000000001,-0.0012282323109752108,-0.0001904020194327962
7400,740.0,-0.0018862767884123997,-0.00028962437938552564
7401,740.1,-0.0015122620366159294,0.00028046060174966866
7402,740.2,-0.0006528796120513611,0.0008467328417861946
7403,740.3000000000001,-0.00018004194438758848,0.0011970593951184858
7404,740.4000000000001,-0.00033034474164932127,0.0007914934800230946
7405,740.5,-0.0008294980639483268,8.985298549324101e-05
7406,740.6,-0.0011985188436539097,-0.00043102913529465117
7407,740.7,-0.0011879506019939034,9.14254314042664e-05
7408,740.8000000000001,-0.00088554004300442,0.0003768939295767254
7409,740.9000000000001,-0.0004854215345797929,4.549673559494521e-05
7410,741.0,-0.0006911676073613449,-0.0004415192008570578
7411,741.1,-0.0007475690009044583,-2.4885474497807175e-05
7412,741.2,-0.0008504152367242368,0.00010221110155390667
7413,741.3000000000001,-0.0008151803968578022,0.00015812436838380067
7414,741.4000000000001,-0.0006668856149983038,0.0003500942486473417
7415,741.5,-0.0010589417356464325,-0.0003831733113920702
7416,741.6,-0.0016992392030236892,-0.0004841889076822055
7417,741.7,-0.0015137285487171427,-0.0008240464184121346
7418,741.8000000000001,-0.0010277094145186771,-0.0011304280469989296
7419,741.9000000000001,-0.0010198853076139253,-0.0005254646531438002
7420,742.0,-0.000956834327785897,-0.0001624850698642101
7421,742.1,-0.0005674445250523019,0.00020889744201569647
7422,742.2,-0.0008435870713030104,0.0002496256067262238
7423,742.3000000000001,-0.0009243641824048634,-9.462558970626068e-05
7424,742.4000000000001,-0.0005105829264644991,-9.300861647194676e-05
7425,742.5,-0.0006227651662610614,-0.0001234186647054499
7426,742.6,-0.0010114123021583165,2.570349582585645e-05
7427,742.7,-0.0013285266650053544,-0.0005267640505908252
7428,742.8000000000001,-0.0014074939045802034,-0.0004958151827899222
7429,742.9000000000001,-0.0011573571220597667,0.0001469520796881594
7430,743.0,-0.000574025848283125,0.0001545234467705879
7431,743.1,-3.0378842688412587e-05,-9.638922219065021e-05
7432,743.2,-4.131875054216651e-05,-0.0003062835347211097
7433,743.3000000000001,-0.0003682952539763815,-0.0005319942296051383
7434,743.4000000000001,-0.00019677777349597187,-0.0005180946511187813
7435,743.5,0.00010008915406631678,-0.00022721835857587253
7436,743.6,0.00012615345733801465,-0.00018428935781578703
7437,743.7,-0.0001413521960958615,-0.00028821793832517603
7438,743.8000000000001,-2.4760288147849833e-05,-0.00029295228655565526
7439,743.9000000000001,-0.0003408582647543432,-0.0004294112147678164
7440,744.0,-0.0009345110015443873,-0.0005791468678997372
7441,744.1,-0.0011668839099461766,-0.0004619882860962291
7442,744.2,-0.0011278224179708815,-0.00029449715113637534
7443,744.3000000000001,-0.0011685279840992382,0.0003356917084654172
7444,744.4000000000001,-0.0014218488338609977,5.246359401295355e-05
7445,744.5,-0.001361128910902969,-0.0007467845895268386
7446,744.6,-0.0010578026999438282,-0.00037501151764493507
7447,744.7,-0.0007912088414492182,-0.00027501853966485314
7448,744.8000000000001,-0.0008404384745034886,-0.00012294847758284873
7449,744.9000000000001,-0.001088454507980983,-0.0002870769265497884
7450,745.0,-0.0015011002818351917,-0.0005439335148197611
7451,745.1,-0.0014310204087753773,-0.0010637701081670436
7452,745.2,-0.0009622923592809492,-0.0011985484334427192
7453,745.3000000000001,-0.0006568136816760339,-0.0010119943803638736
7454,745.4000000000001,-0.0007886768162248713,-0.0008222952333962306
7455,745.5,-0.0012038021842741067,-0.0008289519259784063
7456,745.6,-0.0008503152455167168,-0.0010107754978244605
7457,745.7,-0.0005549802120231044,-0.0007699542388428834
7458,745.8000000000001,-0.0008102964307759603,-2.5688049444935317e-05
7459,745.9000000000001,-0.0005608570366217624,0.00031302555738672584
7460,746.0,-0.0004176158842842258,-0.0004024080795551824
7461,746.1,-0.0006754368206227723,-0.0009065536021541357
7462,746.2,-0.0008949093986690916,-0.0004112031211989992
7463,746.3000000000001,-0.0007854280254303768,-0.0004406566531665409
7464,746.4000000000001,-0.0005168067814891224,-0.00047815103659420023
7465,746.5,-0.00038457408181372875,-0.0007757977924746402
7466,746.6,-0.00018585109522767636,-0.0005295035677628565
7467,746.7,0.00019689368272160339,-0.000366172171200407
7468,746.8000000000001,0.0004902492174932864,2.824522216519184e-05
7469,746.9000000000001,0.0005916065093330978,-0.0004917008306812751
7470,747.0,0.0011217638771140023,-0.0006409338397079318
7471,747.1,0.0013521863499504577,-0.00018723670493282147
7472,747.2,0.0011086509650874664,8.535192919124598e-06
7473,747.3000000000001,0.000866489224603662,0.00014345668979259886
7474,747.4000000000001,0.0011985042412577306,-0.0002878749431256575
7475,747.5,0.0019125430532719511,-0.0002797927457039644
7476,747.6,0.0018237710394171463,-0.00018562690421732215
7477,747.7,0.0008659143884200384,7.875644573308773e-05
7478,747.8000000000001,0.00047205981735413873,0.0002469364823373905
7479,747.9000000000001,0.001128924547968782,-0.0003228078670951553
7480,748.0,0.0019320423251735174,8.421525603624583e-05
7481,748.1,0.00150722717663082,8.951004358579524e-05
7482,748.2,0.0008618298146384717,0.0003693396423365049
7483,748.3000000000001,0.0008322593101180145,-0.0002270348860644387
7484,748.4000000000001,0.0010585778478390646,2.0180757837366503e-05
7485,748.5,0.0013754273341466483,0.0001489106624406185
7486,748.6,0.0010130053961510555,0.0002906886283179174
7487,748.7,0.0005368025832684124,-0.0006076103252233212
7488,748.8000000000001,0.0003251691350979644,-0.0007268571192836909
7489,748.9000000000001,-0.00017176325879600054,-0.00011610367352816434
7490,749.0,-0.0003030869533613383,0.00036411978075539506
7491,749.1,-0.00027494781025794277,0.0005510306113084047
7492,749.2,-0.00012867696247126123,0.00037138398189065703
7493,749.3000000000001,4.133554291425372e-05,0.00014548510311125136
7494,749.4000000000001,0.0006491995164390452,0.00011308024607594587
7495,749.5,0.001064242323730938,0.0006252992916180483
7496,749.6,0.0008303104542380668,6.931417265593761e-05
7497,749.7,0.0004651255706500609,7.368294388366905e-05
7498,749.8000000000001,0.0004634870331074184,7.218115273876241e-05
7499,749.9000000000001,0.000685150981008667,0.0005822620611496822
7500,750.0,0.0005683549597169756,0.0006839350477666549
7501,750.1,0.00013938249273940504,-6.2365034912006e-05
7502,750.2,2.8243736901385907e-05,-0.0008239949325392142
7503,750.3000000000001,0.0005664708014920803,-0.0003355543052557557
7504,750.4000000000001,0.0009297368001982506,-0.00024985196775596845
7505,750.5,0.0003368095775187101,-0.00023872038138270248
7506,750.6,-0.00029650395717068824,-0.0008634852365889758
7507,750.7,-0.00011846570110524695,-0.000390274030536301
7508,750.8000000000001,-5.9559398134660457e-05,0.00010081335932042366
7509,750.9000000000001,-0.00013788641952604716,0.00012548972790766904
7510,751.0,0.00015743048578461063,-0.0002065822651112075
7511,751.1,0.0004854016460270239,-0.00019782972717116625
7512,751.2,0.00018730045387975336,-0.0003088422277857339
7513,751.3000000000001,-0.00030158229956787626,-0.0007580662329700744
7514,751.4000000000001,-0.00030789390970820054,-0.0001184275058501407
7515,751.5,-0.00023671585794843346,0.00013496872502196546
7516,751.6,-0.00024163160855205046,0.0002829468612200799
7517,751.7,-0.00018780427570799972,-0.0002234502710877576
7518,751.8000000000001,-1.2008745847023253e-05,-0.0002855224607305492
7519,751.9000000000001,-2.067386053430192e-06,3.5854227743352205e-05
7520,752.0,2.944131198341359e-05,0.00025956211936379074
7521,752.1,5.5943360808516524e-05,0.0006682958955245038
7522,752.2,-5.980874465480197e-05,0.0008578324362863936
7523,752.3000000000001,0.00027072744145146654,0.0008019787973393644
7524,752.4000000000001,0.0008911911791983886,0.0008748470657340067
7525,752.5,0.0014116865315724784,0.0005564861654120316
7526,752.6,0.0009255733747779552,0.0006672033964933987
7527,752.7,0.0004333271977600909,0.00034636439834660136
7528,752.8000000000001,0.0003999808176924417,-0.0005188834890935869
7529,752.9000000000001,0.0006228015804110505,-0.0008799666730881667
7530,753.0,0.0008432430953389881,-7.913157336559052e-05
7531,753.1,0.000697312571226752,8.792399338181552e-05
7532,753.2,0.00048580597655342267,-9.560834690200094e-05
7533,753.3000000000001,0.0003085634580090819,-0.00035425465542686515
7534,753.4000000000001,0.00033022949549742686,0.0001490632133843516
7535,753.5,0.0004212446485107926,0.0002819899783116234
7536,753.6,0.00011127549073187252,0.00036947041253510563
7537,753.7,-9.95126585923954e-05,-3.8764070460594916e-05
7538,753.8000000000001,-0.0005813021756452146,-0.0007934359578747627
7539,753.9000000000001,-0.0008206741526628997,-0.0012030997272703624
7540,754.0,-0.00031084438902223994,-0.0004746385416652264
7541,754.1,0.00022872980502581258,-8.14765955567316e-05
7542,754.2,0.00028454084350359614,1.736678383811756e-05
7543,754.3000000000001,0.00043775854001176784,0.00022642254919224677
7544,754.4000000000001,0.0004793414065748691,0.00011525511352604176
7545,754.5,8.327328786638995e-05,5.3357135205483505e-05
7546,754.6,-8.953307704771119e-05,2.5972069883543886e-05
7547,754.7,0.00012245340168633753,0.0004932111244774993
7548,754.8000000000001,0.00039957309938015544,0.0007954397892532626
7549,754.9000000000001,0.0004259300102580527,0.0003455888015442387
7550,755.0,-6.245644635332506e-05,-1.4713029308702427e-05
7551,755.1,-0.00020767100408820415,7.165948561522856e-05
7552,755.2,-0.00047967309179545125,-0.00018808096252417376
7553,755.3000000000001,-0.0006462434893439274,-0.000264902051450852
7554,755.4000000000001,-0.00026635184575719573,0.00015397890667639643
7555,755.5,0.00010863306803961569,0.0003777545288497776
7556,755.6,-0.0001046190175633463,0.0006143229624082637
7557,755.7,-0.0004411332760564899,-6.824644410601113e-05
7558,755.8000000000001,-0.0003998191414839124,-0.0003466408703169984
7559,755.9000000000001,-0.0006063100385168995,-0.0004187367228907395
7560,756.0,-0.0008580230012240948,-0.0005938080706119109
7561,756.1,-0.00036429315567802366,-0.0004954604365554159
7562,756.2,0.00043668121725826885,-0.00018750588453783707
7563,756.3000000000001,0.00047212686189991343,-0.0003443201040306454
7564,756.4000000000001,7.75063318451485e-05,-0.0008071345117609805
7565,756.5,7.345922700373882e-05,-0.00047862866170268216
7566,756.6,0.0005172773930482119,-0.0007327505417710197
7567,756.7,0.0012245791474956797,-0.00028524429625034623
7568,756.8000000000001,0.001675984361828468,0.0005033161540346592
7569,756.9000000000001,0.0010842411266857384,0.000952143136029765
7570,757.0,0.0002534687726925723,0.00043358695431669123
7571,757.1,0.00029729276080273494,0.00016369224910010914
7572,757.2,0.0010316442373824056,-0.00012289895524223996
7573,757.3000000000001,0.0015205165310333301,0.0003195419523489127
7574,757.4000000000001,0.0015550577709063198,-3.1889173216978405e-05
7575,757.5,0.0012287739551692675,-0.00019529985948046763
7576,757.6,0.0004174824417955808,0.00024201315371053105
7577,757.7,-0.00022290743422941043,0.00033625570289634403
7578,757.8000000000001,2.6017897892546527e-05,0.0007011758889500596
7579,757.9000000000001,0.0007449305638754797,0.00040337164301531474
7580,758.0,0.001166773131613973,0.00029719492365771425
7581,758.1,0.0012874830218226174,0.0002493538508297599
7582,758.2,0.0013356909381748016,7.603698844319779e-05
7583,758.3000000000001,0.0010756429765606365,0.0005374695963746602
7584,758.4000000000001,0.0012704463143977645,0.00033418227950143445
7585,758.5,0.0012779282999631708,9.875782296055469e-05
7586,758.6,0.0010139229069451704,-1.579201629397877e-06
7587,758.7,0.0010642993857591834,2.3204493808026598e-05
7588,758.8000000000001,0.0011949686922106113,6.69116079362537e-05
7589,758.9000000000001,0.0009792638794556355,0.0004002412529291364
7590,759.0,0.0011620330836000523,1.9089139724808187e-05
7591,759.1,0.0011602325772885136,-0.00032385992821179477
7592,759.2,0.0009190958042972971,-0.0007607841211048166
7593,759.3000000000001,0.0009166830837729155,-0.00012583316919379244
7594,759.4000000000001,0.0011266543451278564,-0.0002568661274677866
7595,759.5,0.0008725702782612159,-0.0002639917626995235
7596,759.6,-0.00017584759492795708,-0.0007636388815191867
7597,759.7,-0.00016755756587549472,-0.0008205075053424752
7598,759.8000000000001,0.0007296342994756689,-0.0006441949868651849
7599,759.9000000000001,0.0007504986457769905,0.00019820021420589718
7600,760.0,0.0005563586653480418,-2.893232079259693e-05
7601,760.1,0.0007822895169717254,0.0003193520422508528
7602,760.2,0.001202832986463192,0.00014324638812981405
7603,760.3000000000001,0.0015375540590470591,-0.000223643009138671
7604,760.4000000000001,0.0017244816643231088,0.00011330006897478446
7605,760.5,0.0016892519449904918,-0.00011311401692775839
7606,760.6,0.0015022974743931282,0.00041853396747248533
7607,760.7,0.0009907252251827791,0.0007229840172729356
7608,760.8000000000001,0.0007518358771356362,0.0006184123457020899
7609,760.9000000000001,0.0010878479849848928,0.000597081002931082
7610,761.0,0.001557880520592568,0.0003817849512734999
7611,761.1,0.0017103399888911304,0.0005952238072558272
7612,761.2,0.0019008065420712743,0.00043780900096127213
7613,761.3000000000001,0.001993080506431032,0.0006499419849822607
7614,761.4000000000001,0.0019074287043626913,0.0007383152542196691
7615,761.5,0.0016517183002691923,0.000471743573261851
7616,761.6,0.0011694868931413894,-0.00037629162824185037
7617,761.7,0.0011339549004218978,-0.0001904805439856241
7618,761.8000000000001,0.0013399184431897911,-0.000230425297785972
7619,761.9000000000001,0.001220661170445404,-0.00034539738442449056
7620,762.0,0.0013849579327795136,2.883460968386006e-05
7621,762.1,0.0019066489300258783,2.114924773680394e-05
7622,762.2,0.0016140594886710064,0.0001966160527859108
7623,762.3000000000001,0.0009011781133421943,0.0004649536587741244
7624,762.4000000000001,0.0005367227075157252,-0.00021072368010676242
7625,762.5,0.0004290689591594156,-0.0004309958013790397
7626,762.6,0.0001561503234195613,-0.00023527150424536484
7627,762.7,0.00032485331510911204,-7.8150915720498e-06
7628,762.8000000000001,0.00044779314426147493,-2.9344523570559224e-05
7629,762.9000000000001,-0.00029634524310370687,-0.000517055460242984
7630,763.0,-0.0005769315612187025,-0.0008173161530534947
7631,763.1,-0.0003590183451706162,0.00012657330093642207
7632,763.2,-2.821593721385432e-06,3.8014102155549054e-05
7633,763.3000000000001,-0.000498103087665765,-0.0003077773070689734
7634,763.4000000000001,-0.0011369912754770014,-0.0005078418892800418
7635,763.5,-0.000644282888455202,-0.0004336309336524211
7636,763.6,-0.00011937939010520703,-0.00043497982611579193
7637,763.7,-8.108353924514654e-05,-0.0006936862522901775
7638,763.8000000000001,-0.00045899962573019165,-0.0005349748273620278
7639,763.9000000000001,-0.0006409206843566351,-0.0006011064475170374
7640,764.0,-0.0007944419638748176,-0.0005286586255676916
7641,764.1,-0.0009018321009836648,-0.0005143522822090659
7642,764.2,-0.0007379214050075492,-0.00019524675256532656
7643,764.3000000000001,-0.0005530580144693408,-0.0003650105831397546
7644,764.4000000000001,-0.0005054699829838735,-0.00026863655641552124
7645,764.5,-0.0005486244745708259,-0.0002533924056133158
7646,764.6,-0.0005363064952017038,0.0004998944685997904
7647,764.7,-0.00016672686014047812,0.0002499189966019707
7648,764.8000000000001,0.0002771251610764078,0.0007925575661802087
7649,764.9000000000001,0.0001668104411499676,0.0008362746546044549
7650,765.0,-0.00041117561843056376,0.00022789846461745205
7651,765.1,-0.0007173801253987141,0.00015736016364867306
7652,765.2,-0.000535248869859545,0.00042540556855480855
7653,765.3000000000001,-0.0005540236525972994,0.0005266667628883984
7654,765.4000000000001,-0.000681281300747976,0.0004662819710715579
7655,765.5,-0.0003856908270075887,0.0005252679486129616
7656,765.6,7.54716820871329e-06,0.0009118857761778765
7657,765.7,-0.0002683004666152194,0.0008096894891770296
7658,765.8000000000001,-0.0005032314218559928,0.0004961598710180871
7659,765.9000000000001,-6.115857006306121e-06,0.00023550638821258758
7660,766.0,0.00014660712954416211,-9.645958975899317e-05
7661,766.1,-0.0004819561999458627,0.00011227092839238742
7662,766.2,-0.0007907118467138487,0.00041784908037492826
7663,766.3000000000001,-0.0007197014108342675,0.0006603430399765537
7664,766.4000000000001,-0.0007856247929442533,-0.00013634721910085642
7665,766.5,-0.000859554438667312,-0.00029939038915475835
7666,766.6,-0.001101243946797332,-0.0008099358376776585
7667,766.7,-0.0014568157871186497,-0.000951315973402796
7668,766.8000000000001,-0.0013990742815314775,-0.00018973013649722378
7669,766.9000000000001,-0.001026682447879509,0.0005229333323392746
7670,767.0,-0.0005697119676078273,0.00041396574689751717
7671,767.1,-0.0008772384302437409,-0.00034841664379704973
7672,767.2,-0.0013582304061733506,-0.0006675603191555758
7673,767.3000000000001,-0.0014823932816969848,-0.0007403981984663777
7674,767.4000000000001,-0.0013150734636660296,-0.0002641899498356959
7675,767.5,-0.0008657917816166675,0.0002130812467397484
7676,767.6,-0.0007254064155005763,0.0004757440241653416
7677,767.7,-0.0011036032792667875,4.748293747447198e-05
7678,767.8000000000001,-0.0009500795370874739,-0.0005432691453848199
7679,767.9000000000001,-0.0002490458341228081,-0.0009868457019734087
7680,768.0,-0.0005615683810388132,-0.0005484959379333493
7681,768.1,-0.0010112625495743292,-0.0008306896735357954
7682,768.2,-0.0009276727991359529,-0.0011347652398796257
7683,768.3000000000001,-0.0010269382019425532,-0.0008241947329179231
7684,768.4000000000001,-0.0011390641283964434,-0.00038193769697294827
7685,768.5,-0.0010216049048624304,-0.00020487271101074327
7686,768.6,-0.0008628429003998997,-0.0004610802053527754
7687,768.7,-0.000931238875615324,-0.000529941634740465
7688,768.8000000000001,-0.001029731381453504,-0.00047210213617199535
7689,768.9000000000001,-0.0012130978996776373,-0.0003826096443122985
7690,769.0,-0.0014233411343615708,6.527475369606322e-06
7691,769.1,-0.0011683523320575823,0.0003505270301942201
7692,769.2,-0.000958931046877661,6.414708719576117e-05
7693,769.3000000000001,-0.00131454227348138,-0.00027019819735586026
7694,769.4000000000001,-0.0016577907612365602,-0.00037161870993173215
7695,769.5,-0.0017340889340864301,-0.0005337253620406985
7696,769.6,-0.0012836086146417592,-0.0005122749951159952
7697,769.7,-0.0009838800434240351,-0.0007086964177721463
7698,769.8000000000001,-0.0011092750177354072,-0.0004283053782422161
7699,769.9000000000001,-0.0010736724763727103,2.516118181634247e-05
7700,770.0,-0.0006606805274688822,0.00020125814222381433
7701,770.1,-0.0006312442745695061,0.00021119232159633904
7702,770.2,-0.0009200228882399246,-0.00011153137728374522
7703,770.3000000000001,-0.0005729009016323963,-0.00015775757576297673
7704,770.4000000000001,-0.0003967339600959883,-0.0001019438505740135
7705,770.5,-0.0005211299933627203,-0.00011062814976682273
7706,770.6,-0.00059117490257252,-7.59748323959909e-05
7707,770.7,-0.0006770445632002696,-0.0003750146069902287
7708,770.8000000000001,-0.0007090226002118273,-0.0005478980770318382
7709,770.9000000000001,-0.00031405548795592213,-0.0006522658077146545
7710,771.0,0.0001552545783962391,-0.0007799350820248807
7711,771.1,0.0006685281821742087,-0.0005888108115775247
7712,771.2,0.0007320259436540691,-1.2858546102523697e-05
7713,771.3000000000001,0.00040901692715804386,-7.56735561938895e-05
7714,771.4000000000001,0.0003588866488464414,-3.0230446282355154e-05
7715,771.5,0.0003233317170188145,-8.915306145242102e-05
7716,771.6,0.00035076903339048684,-0.0004180621000134573
7717,771.7,0.0007693306843557296,-0.0005049492736751265
7718,771.8000000000001,0.0009525371459627727,-0.0003904695445661119
7719,771.9000000000001,0.000921459489362872,0.00023738230951780124
7720,772.0,0.0008158198546459494,0.0005783100471466842
7721,772.1,0.0009002552239115953,0.0005082042062983913
7722,772.2,0.0011111444243351346,0.00011332566458537096
7723,772.3000000000001,0.001285644474904531,0.0002937651195879081
7724,772.4000000000001,0.0009884098975056087,0.00010895073966947048
7725,772.5,0.0010591086192345248,-0.00020141396593861843
7726,772.6,0.001434306385148489,-0.00021202905733093828
7727,772.7,0.00121589179379415,-0.0004114398597827138
7728,772.8000000000001,0.0005755536270681166,-0.0004046469896091173
7729,772.9000000000001,0.00023367680065929916,-0.00030613571840984303
7730,773.0,0.0008548707129300595,-0.00024070919123869215
7731,773.1,0.0017299215252086283,-0.0005274128637550503
7732,773.2,0.0017502375901650789,-0.0007848582228979777
7733,773.3000000000001,0.0012495724696754062,-0.00010567884609744973
7734,773.4000000000001,0.0008304594785222483,0.00030756092223639496
7735,773.5,0.0009315558294427117,0.0006225961657798603
7736,773.6,0.0012115021674094903,-1.7694157770614868e-05
7737,773.7,0.0010957802535264695,-0.00030012480130017517
7738,773.8000000000001,0.0005551587274770962,-0.0005583214113521072
7739,773.9000000000001,0.0005337713389276328,-0.0004570121432968038
7740,774.0,0.0005207188843035113,4.788399217199841e-05
7741,774.1,0.0004984963835866382,0.0003411749474823911
7742,774.2,0.00039119861756894226,-5.2507613686494916e-05
7743,774.3000000000001,0.00015426528861818263,-0.000250109777030482
7744,774.4000000000001,0.0002497004921459895,1.8828790868820438e-05
7745,774.5,0.0006017787462395862,0.0002977188140324996
7746,774.6,0.000840887259428647,-1.1343556738180785e-06
7747,774.7,0.0005423345023039165,-0.00010350762962058757
7748,774.8000000000001,-0.00020281047589111681,-0.0001578811063506612
7749,774.9000000000001,-0.0003368449762611783,-0.0005454442677863758
7750,775.0,0.000547302039366552,-0.0007966141969559043
7751,775.1,0.0008251628675105818,-0.00040503496454307396
7752,775.2,0.00046634723865505957,-0.0007621206394048761
7753,775.3000000000001,0.0003592959747723554,-0.0005468157990945188
7754,775.4000000000001,0.00046264288125192585,-0.0004029859335601777
7755,775.5,0.0007162554484191249,0.0002777169115649026
7756,775.6,0.0005250991009194557,0.00040834961740573837
7757,775.7,0.00015000827124095025,-0.00012001643200350344
7758,775.8000000000001,1.2040964751332754e-05,-0.00033480541204414693
7759,775.9000000000001,0.00013157649570353535,-0.0006499379914306528
7760,776.0,0.0002222473097046754,-0.0003920335175359995
7761,776.1,0.0003158604472522757,0.0001508567153507876
7762,776.2,0.0005864803651329164,0.0006740426673195408
7763,776.3000000000001,0.0009684714374150735,0.0003100127958386593
7764,776.4000000000001,0.0005330339904208254,0.0002270342662391159
7765,776.5,0.00019966821673795334,0.0001456452866346661
7766,776.6,0.0007228280026023925,0.0004476698590544342
7767,776.7,0.0012208187945911193,0.0004905528796728156
7768,776.8000000000001,0.001275150566497257,1.8381027616664763e-05
7769,776.9000000000001,0.0012297765123551944,0.00028221795285543233
7770,777.0,0.0013638684732849805,-0.0001053232593777613
7771,777.1,0.0012082801748111603,-0.000489199480661337
7772,777.2,0.0007821333632867691,-0.0004649931715936367
7773,777.3000000000001,3.58401767453187e-05,-0.0008239903558721253
7774,777.4000000000001,-0.00022339598103449196,-9.361829566911958e-05
7775,777.5,1.1617797710508835e-05,0.00036081942364330074
7776,777.6,0.0005366717143064302,0.0007775459298771881
7777,777.7,0.00022817878720259445,0.00042716743622374603
7778,777.8000000000001,-0.0008406199743053748,-0.0002937207646421448
7779,777.9000000000001,-0.000752256214793109,-7.827258503735141e-05
7780,778.0,-0.0005408859615342874,-2.321408706234621e-05
7781,778.1,-0.0008329954093095848,-5.3541579678672e-05
7782,778.2,-0.0008922951185764818,-3.1841470258555656e-05
7783,778.3000000000001,-0.0007785504040533983,0.00018502232644385078
7784,778.4000000000001,-0.0007625093152981323,0.0002706506219846259
7785,778.5,-0.0012347959149103444,-4.467910758645211e-05
7786,778.6,-0.0016561639532723417,-0.0002474959120477118
7787,778.7,-0.0017450848388550193,-0.0006096162328579855
7788,778.8000000000001,-0.0017281295808204047,-0.0006876394329175895
7789,778.9000000000001,-0.0013812798721980898,-0.0005976116514460663
7790,779.0,-0.0013824981442903284,-0.00023863682706024245
7791,779.1,-0.002012372306049484,-0.0008043439473845721
7792,779.2,-0.00198178162698754,-0.0011534973847333286
7793,779.3000000000001,-0.0010780913269102979,-0.0007882650245693911
7794,779.4000000000001,-0.0005448479451105191,0.0002548716287210684
7795,779.5,-0.000698676576495218,0.0006723747235069569
7796,779.6,-0.0010686317570761923,-0.00014495175183769078
7797,779.7,-0.0013692219652022431,0.0002939107910752488
7798,779.8000000000001,-0.001318907070261325,0.00021282137430305817
7799,779.9000000000001,-0.0008971504923579152,0.000471156327092556
7800,780.0,-0.0006180713008880002,4.815634884912263e-05
7801,780.1,-0.0006952926287093396,0.0003977435724675836
7802,780.2,-0.0009169537716577289,0.00014134443953250014
7803,780.3000000000001,-0.0006494959160870288,0.00039937083147531245
7804,780.4000000000001,-0.0009183794051720061,-1.2580715645478148e-05
7805,780.5,-0.0013881658224679926,-0.000245776844631259
7806,780.6,-0.001418247603633575,-0.00012188688857864615
7807,780.7,-0.0010786107463887332,0.00017201810546340252
7808,780.8000000000001,-0.001216901954912857,0.0002675012610565513
7809,780.9000000000001,-0.0014968351817194621,-0.00045005113318620044
7810,781.0,-0.001480726546028046,-0.0008846695040658996
7811,781.1,-0.0010568314939657362,-0.00024984986231174383
7812,781.2,-0.0005362729746551604,0.00034179351192266627
7813,781.3000000000001,-0.000439706067869303,0.00028796585534259666
7814,781.4000000000001,-0.0005516202116293613,0.0005069457642945053
7815,781.5,-0.00037647502055165443,0.000391822922525541
7816,781.6,-9.756065978810591e-05,0.0004639556676590287
7817,781.7,-6.282237078733882e-05,0.000465473987824162
7818,781.8000000000001,-0.00010995725221387238,4.757917208449028e-05
7819,781.9000000000001,-0.00023989586940792888,-0.0001852393473769611
7820,782.0,-0.0006613856625248157,-0.0003722162003455708
7821,782.1,-0.0008600570923327055,-0.0004364220974417107
7822,782.2,-0.00012273859429687146,-0.0006180811693398694
7823,782.3000000000001,2.3633820781405307e-05,-0.0007139118316292071
7824,782.4000000000001,-0.000644379204436387,-0.0007564631179317445
7825,782.5,-0.0008448033738115996,-0.0006066428031302794
7826,782.6,-0.0004746680669323941,-0.0004852480770397579
7827,782.7,-0.00033607505046204337,-0.00021182181346894593
7828,782.8000000000001,-0.0004963008952570023,-0.00021890591254057498
7829,782.9000000000001,-0.0006072108590933951,0.00029114946652946733
7830,783.0,-0.0006123492393818427,-0.00016151831270351833
7831,783.1,-0.0007787063862695705,-0.0003736702231668369
7832,783.2,-0.0007619156114298115,-0.0006681884915982705
7833,783.3000000000001,-0.0004819830839535556,-0.000986738534813704
7834,783.4000000000001,-0.0002248814958793072,-0.000692376467932451
7835,783.5,-0.0001422284416455679,-0.0005048545903378368
7836,783.6,0.00046016752955766263,0.00010582401481739049
7837,783.7,0.0009163844502171261,0.00015113083395786723
7838,783.8000000000001,0.0009275440819124797,-0.00019289618043740747
7839,783.9000000000001,0.0006148078028802277,-0.00010554529077359511
7840,784.0,0.0007476021041087122,-5.364858361538714e-05
7841,784.1,0.0010926686006676113,8.353147708629236e-06
7842,784.2,0.0014006603665269904,0.00024648293475192237
7843,784.3000000000001,0.0013304624661794045,-0.00016112427252743385
7844,784.4000000000001,0.0013035459986532323,-0.0004621576585443767
7845,784.5,0.0015361624412043434,-0.0002711741353074273
7846,784.6,0.0018728324235101667,-0.0001373784559349722
7847,784.7,0.0018176666743330116,-0.00037797988338748943
7848,784.8000000000001,0.001046957526012352,1.9859959145939824e-05
7849,784.9000000000001,0.0006167588296942836,-7.040163300575696e-05
7850,785.0,0.0005369587852751262,0.00018166805484831579
7851,785.1,0.0006384972216678829,0.0003215964339928418
7852,785.2,0.0006679677771304202,6.379382601586984e-05
7853,785.3000000000001,0.0003279615389441706,9.460391561144548e-05
7854,785.4000000000001,-2.8238540391654696e-05,1.737733159143232e-06
7855,785.5,-0.00012490019247440892,0.00022304317288122022
7856,785.6,-1.8989727697781943e-05,0.0001526422711971337
7857,785.7,-6.861259189005663e-05,-5.745729293838324e-05
7858,785.8000000000001,-4.484215120447282e-05,-0.0007378658723275938
7859,785.9000000000001,0.0003601671417873998,-0.00024094982775530865
7860,786.0,0.00040052319545635104,-0.00022915298134660586
7861,786.1,-0.00031626844883848876,0.00018021459143216308
7862,786.2,-0.0010306098470721854,-0.0002480998944191349
7863,786.3000000000001,-0.001133002643534341,-1.53040143596539e-05
7864,786.4000000000001,-0.000755005234319073,-0.00024894476286453334
7865,786.5,-0.00026466045817811817,-0.00032114311782741663
7866,786.6,-0.0001631923459828937,-0.0004361482577849016
7867,786.7,-0.000500521998802687,-0.0009392613445790765
7868,786.8000000000001,-0.0010121573512180495,-0.0007706872900261823
7869,786.9000000000001,-0.0010944632812421406,-0.000786426358422134
7870,787.0,-0.0007166946719068977,-0.0005552099662555215
7871,787.1,-0.0006444564361703619,-0.0004608319284055346
7872,787.2,-0.0005213151659922044,-0.0001896969597395125
7873,787.3000000000001,-0.00023557209139860372,-0.00020279788257344014
7874,787.4000000000001,0.00015207056991888994,-0.0003272231742180789
7875,787.5,-0.00011839036343489849,-0.0004840666531205877
7876,787.6,-0.0004765758179354152,-0.00029308748728383804
7877,787.7,-0.0006607292808496495,-0.0007943227996666746
7878,787.8000000000001,-0.000508795007874411,-0.0005175774264467686
7879,787.9000000000001,-0.0001267092056584444,-0.00022267451176921714
7880,788.0,0.0002602110096293518,-0.0002748599428536472
7881,788.1,0.0006153598157273315,-0.00010581817867572201
7882,788.2,0.0008642034778222815,0.00040046307100869414
7883,788.3000000000001,0.0005911063127080533,0.00045305057187347027
7884,788.4000000000001,0.00021447935540109387,-0.00011359722938695061
7885,788.5,0.00039555695897232227,-6.161519592155384e-06
7886,788.6,0.000520538846790895,8.166398478002851e-05
7887,788.7,0.0004958241927047657,9.510675958286946e-05
7888,788.8000000000001,0.00020344479968115224,-0.0005202387713184821
7889,788.9000000000001,0.0001747918668638505,-0.00021041892555210133
7890,789.0,0.0006413271276590098,-0.000318085495060744
7891,789.1,0.000753621201162622,0.0002167115181332451
7892,789.2,0.0004484948391556404,0.00020728856291306027
7893,789.3000000000001,0.0005403708336988221,0.000942252239489902
7894,789.4000000000001,0.000539565657048309,0.0007644524592993773
7895,789.5,0.00014288053853776363,0.00018469564100687835
7896,789.6,-0.0003296557970786237,-0.0004369467626926833
7897,789.7,-0.000540538918876238,-0.0002703852424213005
7898,789.8000000000001,-0.0005296569682370486,-0.0001355196552654927
7899,789.9000000000001,-0.00040009290416950956,0.00011063457526612487
7900,790.0,-0.0004642234090145894,0.00041226264594310997
7901,790.1,-0.0007471411927213085,0.0006193969098176346
7902,790.2,-0.0006272940285062359,0.00033524673326869314
7903,790.3000000000001,0.00013145110068416298,-0.00016472258971803811
7904,790.4000000000001,0.00044420030799352967,-0.0004840242350104397
7905,790.5,0.00022042130041954956,-0.00067608458750574
7906,790.6,0.0001509901619074375,-0.0003112702895189474
7907,790.7,0.00010601331590435858,-0.0006319367554474618
7908,790.8000000000001,0.0003230616431832334,8.90948837767377e-06
7909,790.9000000000001,0.0005890373258221689,0.0005683575658851557
7910,791.0,0.0004342325294056847,0.0002723950241250406
7911,791.1,0.00012927434649657904,0.0003808843841737211
7912,791.2,-8.943193485175211e-05,5.805842651893467e-05
7913,791.3000000000001,-0.00025673994744611627,-0.0007908872595565133
7914,791.4000000000001,-6.73847785042554e-05,-0.00042017365906354726
7915,791.5,0.0006244515233928798,-0.00015075080157777825
7916,791.6,0.0006714870816636449,0.00011148088967428759
7917,791.7,-0.00017752157744022775,0.00025789644146802926
7918,791.8000000000001,-0.0004143728485958454,-0.0003170741597970213
7919,791.9000000000001,-3.1644069735282175e-05,-0.0004443875764548343
7920,792.0,1.3097355167133268e-05,-0.000447783644973791
7921,792.1,1.7198653860824788e-05,-0.00015725906282472186
7922,792.2,0.0006682078446877358,-0.00011554842655325103
7923,792.3000000000001,0.0011528594151601083,-0.0006448278079492616
7924,792.4000000000001,0.0008654688514288489,-0.0012122797186415128
7925,792.5,0.0006017079556288224,-0.0009121218256916343
7926,792.6,0.001033452403795249,-0.0010630636603106826
7927,792.7,0.0013170545364454835,-0.00036731546706286294
7928,792.8000000000001,0.0006543885314364228,-0.0005004141724731401
7929,792.9000000000001,0.000697423585778073,-0.00024351488703092163
7930,793.0,0.0009543790855239709,-0.0008661304107025306
7931,793.1,0.0004693654501004125,-0.0009589054891665657
7932,793.2,0.0005887137539511852,-0.0005630844459377188
7933,793.3000000000001,0.0008885317339866162,-0.00018788006001783114
7934,793.4000000000001,0.0013275203700771321,1.5228116757937412e-06
7935,793.5,0.0016731442550501916,-0.0007729997057601453
7936,793.6,0.001360651334703188,-0.0009177848712253815
7937,793.7,0.0006117829548312767,0.00015811054243118462
7938,793.8000000000001,0.0004375454015455065,0.00035346970141259036
7939,793.9000000000001,0.0006240293675780247,0.0001548688791808162
7940,794.0,0.0005761292958783721,-0.00023264585381504833
7941,794.1,0.00023883572332905406,-0.00015995533891683018
7942,794.2,0.00013208196073495967,-0.00031072843457779527
7943,794.3000000000001,0.00023827317464576739,0.00027950997604659185
7944,794.4000000000001,0.00026553597533134234,0.00017260357501708794
7945,794.5,-0.00018433014408088635,-0.0002041987749868957
7946,794.6,-0.0006518866133404977,-0.00030236610431269453
7947,794.7,-0.0005769534106167962,-0.0005198809626362613
7948,794.8000000000001,-0.0002678585392047352,-0.0004864135364587247
7949,794.9000000000001,-0.0001497726235270984,-0.0001519609867810662
7950,795.0,7.406611798438908e-06,-0.00018041525130766962
7951,795.1,-6.227993299319353e-05,-6.22000710196644e-05
7952,795.2,-0.0005596607550351533,3.160084853551611e-05
7953,795.3000000000001,-0.0005273338992279249,-0.00012727352090016048
7954,795.4000000000001,-0.00019239457433966152,-0.00014775509249489424
7955,795.5,-0.00020335808630120503,0.00045627801410822756
7956,795.6,-0.0003938659236682605,0.00043939084742043233
7957,795.7,-0.0006134774572132876,0.00035412722562514853
7958,795.8000000000001,-0.0007145176765718317,-0.0002001083617290367
7959,795.9000000000001,-0.0006256122158033305,-1.9057099790271052e-06
7960,796.0,-0.0008435304820493004,-0.00011106536741640737
7961,796.1,-0.0012667347822592312,-0.0005012486406396919
7962,796.2,-0.0012984063640670929,-0.0008016690338445707
7963,796.3000000000001,-0.000764421583287809,-0.00048778188568704265
7964,796.4000000000001,-0.0005434051465525993,-0.00032670773299587773
7965,796.5,-0.0008908772832078398,-0.0005504923736937352
7966,796.6,-0.0008699813917576599,-0.0007002826112640145
7967,796.7,-0.00027042473525452514,2.095258483202332e-05
7968,796.8000000000001,1.6424971918512958e-07,-6.082562379691407e-06
7969,796.9000000000001,-0.00024696579847807265,-0.000124028268041808
7970,797.0,-0.0005501577528307188,-0.0005121463579022136
7971,797.1,-0.0007843401171915535,-0.0007599088209489875
7972,797.2,-0.0012696644305352479,-0.0004003486874089524
7973,797.3000000000001,-0.0012834933058116405,0.0001769419365490087
7974,797.4000000000001,-0.0008538125869384778,-0.00017316787689643782
7975,797.5,-0.000976895012629762,-0.0003788425114350625
7976,797.6,-0.0012511473645025024,-0.0007279585040908074
7977,797.7,-0.0012960439387887368,-0.0008896131127407233
7978,797.8000000000001,-0.0016545294242492365,-0.0007058914289734233
7979,797.9000000000001,-0.001979394560134944,-0.0012526789810203443
7980,798.0,-0.0017217132083519957,-0.000588522641215127
7981,798.1,-0.0016214639893515387,-0.0006948459918222636
7982,798.2,-0.0019490418961351443,-0.00037993711003487005
7983,798.3000000000001,-0.0018830720507353464,-0.00021077877419922053
7984,798.4000000000001,-0.0016203134128880267,-5.402935531745556e-05
7985,798.5,-0.001474364670702795,5.393834525559741e-05
7986,798.6,-0.00169984672998326,0.00012333456171014897
7987,798.7,-0.002033482215002496,1.372358732539771e-05
7988,798.8000000000001,-0.0021304181286808154,0.00013581225269993318
7989,798.9000000000001,-0.002051821506962772,-0.00024145545106320053
7990,799.0,-0.001940023663672031,-8.282446115202529e-05
7991,799.1,-0.0015723692661772529,-0.000418595844882424
7992,799.2,-0.0014193815845349022,-0.00031892798229640366
7993,799.3000000000001,-0.0013560171842519723,-0.0004652928875007877
7994,799.4000000000001,-0.0015667179687940745,-0.0008628992616834661
7995,799.5,-0.0013113353094558063,-0.00043136222787621423
7996,799.6,-0.0006378501940731654,-0.00016638444970008633
7997,799.7,-0.0004624182457847731,0.0001374597311778904
7998,799.8000000000001,-0.0006350098304952725,9.300193970066128e-05
7999,799.9000000000001,-0.000812816915164995,-0.0002963129254967397
8000,800.0,-0.0005515887250174879,-0.00032186723504039794
8001,800.1,-0.00025620666436932575,-0.0001896090696754339
8002,800.2,-0.0002923093666245663,7.150272328689782e-05
8003,800.3000000000001,-0.00046469343519330296,3.720715799610752e-05
8004,800.4000000000001,-0.000614458473829128,9.96431601543231e-05
8005,800.5,-0.0003107297188289479,0.00040043759967101983
8006,800.6,-0.0002406406007435907,-0.0003349261617791173
8007,800.7,-2.5800604118778973e-06,-0.00057945987909635
8008,800.8000000000001,0.0002372206157558059,-0.00017883347579860596
8009,800.9000000000001,-0.00017977701841316354,-0.0003553869458774192
8010,801.0,-0.0009100894349556937,-0.0001574679516689828
8011,801.1,-0.0010790342037919102,-0.0001377275858905548
8012,801.2,-0.0007801746084129375,0.0003959948597058535
8013,801.3000000000001,-0.0007970347954494435,0.0002946255157741278
8014,801.4000000000001,-0.0009512104270348702,-0.000315926977699953
8015,801.5,-0.00031714864455366636,0.00017078722074769225
8016,801.6,0.00013254430350262612,0.0001300807422774137
8017,801.7,-0.00016647180614830147,-0.0005011621407338191
8018,801.8000000000001,-0.0005257370673773449,-0.0005932918133122114
8019,801.9000000000001,-0.0005794884827598714,-0.0007984276018872361
8020,802.0,-0.0005979985026284403,-0.0005282239987545145
8021,802.1,-0.0007284242633430903,-0.000654141404809676
8022,802.2,-0.001034117547263781,-0.0003517402519758231
8023,802.3000000000001,-0.0015970404326769163,-0.00018724293593232644
8024,802.4000000000001,-0.0021208118705886084,-0.0003705131436462328
8025,802.5,-0.002003634975729996,5.324802443199752e-05
8026,802.6,-0.0019289741291163532,0.0002876166434980162
8027,802.7,-0.002387574491454214,-0.00015120843507990532
8028,802.8000000000001,-0.0021414065052793897,-0.0006917841042275596
8029,802.9000000000001,-0.0015304271044297407,-0.00017301932442205224
8030,803.0,-0.0013627508787155843,-0.0006924594942172616
8031,803.1,-0.0015512939542456962,-0.000507493275445172
8032,803.2,-0.00153641056766009,-0.0004816406092248852
8033,803.3000000000001,-0.0016324059870966917,-0.0005462551586792425
8034,803.4000000000001,-0.0017856624885602408,-0.0008321698227604653
8035,803.5,-0.001542378425115111,-5.422108609611176e-05
8036,803.6,-0.0011783510631223474,0.0007574163026829088
8037,803.7,-0.0013923173939620593,0.0007867085025846253
8038,803.8000000000001,-0.0018728342056704395,0.0004666704113257298
8039,803.9000000000001,-0.0019387542033530158,0.00034686397754879803
8040,804.0,-0.0017077117606808367,0.00020186820155266642
8041,804.1,-0.0012218977150015406,0.00017748820369037466
8042,804.2,-0.0011659288202367005,0.00029540034030298287
8043,804.3000000000001,-0.0012358547386053468,0.0005036076689097826
8044,804.4000000000001,-0.0013013417426119243,0.0004164020246205025
8045,804.5,-0.0016000817182495154,-0.0001437086311071451
8046,804.6,-0.001626268583411587,-0.0006006792568985698
8047,804.7,-0.0011976685490622252,-0.0004551698871511689
8048,804.8000000000001,-0.0011889553942392524,-0.0002884753851840453
8049,804.9000000000001,-0.0014469022835492196,-7.515695322879602e-05
8050,805.0,-0.0013700056424570501,-3.85566538857312e-05
8051,805.1,-0.001713443487002189,0.00016185472424347927
8052,805.2,-0.00186096369480762,-0.0001692863986026011
8053,805.3000000000001,-0.0015881128936360712,-0.00038005166085889816
8054,805.4000000000001,-0.0015551232759288907,-0.00031505173683450715
8055,805.5,-0.001762268374476468,0.00010840766693641235
8056,805.6,-0.0020220512680674263,-2.8609413127622044e-05
8057,805.7,-0.0017305690831585045,-0.00023873304704963348
8058,805.8000000000001,-0.0013521358153230773,5.7890851156119574e-05
8059,805.9000000000001,-0.0012766307612426717,3.996143573138653e-05
8060,806.0,-0.0013597453214322936,-0.0005963227776678786
8061,806.1,-0.0013018818331831533,-0.0009217819478040443
8062,806.2,-0.0011867750869973205,-0.0006986315037953339
8063,806.3000000000001,-0.0012375407374056535,-0.0001419017356366878
8064,806.4000000000001,-0.001187919697165525,-0.000582955341463794
8065,806.5,-0.0013094743453220196,-0.0008063772921164053
8066,806.6,-0.0016125128071004557,-0.0007006033804007263
8067,806.7,-0.001286842330502833,-0.00012092112695714914
8068,806.8000000000001,-0.0013584606891694116,0.0003574096755329821
8069,806.9000000000001,-0.0015212804129256126,0.0004064918895685955
8070,807.0,-0.0017367704419317005,2.9322564560448858e-05
8071,807.1,-0.0021336475711020713,-0.00030002409018104923
8072,807.2,-0.0019195130345340584,-0.00015556373489383722
8073,807.3000000000001,-0.0015220280107207018,-4.788365027648232e-05
8074,807.4000000000001,-0.0015653693044166916,-1.1490465625352427e-06
8075,807.5,-0.0016212246290257055,0.0001691260125802119
8076,807.6,-0.0015225541723969877,0.0003819290517505403
8077,807.7,-0.0010621851027685673,0.0001917426905734139
8078,807.8000000000001,-0.0005546903141935361,0.0003168676053499818
8079,807.9000000000001,-0.0005154358620330674,0.000541316095346593
8080,808.0,-0.0003852257069843486,0.00026323563095045417
8081,808.1,0.00013091474320897287,0.0005230931737989871
8082,808.2,0.00040043932087805383,0.0003861316822031282
8083,808.3000000000001,0.0004615958183204684,0.00035826895408813333
8084,808.4000000000001,0.0006707725268901294,0.00020255802060938695
8085,808.5,0.000691047393412619,-0.00025667304191887274
8086,808.6,0.00040892609092143775,-0.0003800079521012439
8087,808.7,0.00026970600979963526,-8.95336941819755e-05
8088,808.8000000000001,-4.7213172211307386e-05,1.263869428524224e-06
8089,808.9000000000001,-0.0004603665024721186,7.11662520727601e-05
8090,809.0,-0.0001976766577997477,-0.00037224555298641685
8091,809.1,0.00023305246624765407,0.0002033628197985392
8092,809.2,0.0003602713468865585,0.0003885186836590076
8093,809.3000000000001,-7.654353956363931e-05,0.0003361267775515874
8094,809.4000000000001,-0.000470601865123289,-0.00021259778704486683
8095,809.5,-0.0002832574931589045,-0.0006556051902605734
8096,809.6,0.00011642489031650887,0.0001359479216536507
8097,809.7,1.1540254341166315e-05,0.00015008447804798088
8098,809.8000000000001,-0.00015850964915200118,-0.0003838328168833752
8099,809.9000000000001,0.0003802745018009142,-0.0001996964219218366
8100,810.0,0.0005937906212319181,-0.0008364848380227575
8101,810.1,0.0005291452302599844,-0.0011758031699927282
8102,810.2,0.0001811209910234856,-0.001246779824137999
8103,810.3000000000001,-0.00026506242736195685,-0.0009719684749840423
8104,810.4000000000001,-5.226534793159614e-05,-0.00046316200575782237
8105,810.5,4.544481113408523e-05,-0.00018420769510790248
8106,810.6,-0.00022099948541136466,-0.00029751370230625445
8107,810.7,-0.000537214645614364,-0.0006820249581289377
8108,810.8000000000001,-0.00010889316367527116,-0.0009870629884485155
8109,810.9000000000001,0.000527065869119683,-0.0006258172858792665
8110,811.0,0.0003313994699761131,0.0001661557180940263
8111,811.1,0.00026314908727497876,0.00027589785085130504
8112,811.2,0.00042281902529432735,-0.00045942151802398027
8113,811.3000000000001,0.0005386550032230847,-0.0009093327706109929
8114,811.4000000000001,0.0006400084564837661,-0.0005491172922965288
8115,811.5,0.00039055119449743974,-0.0007867679417309444
8116,811.6,6.444166844415603e-05,-0.000883389290868017
8117,811.7,0.000278680391417186,-0.0008113003475028194
8118,811.8000000000001,0.0004606416559971354,-0.0003878765305109256
8119,811.9000000000001,-0.00015596395920846118,-0.0001429784807504846
8120,812.0,-0.00034458150090573334,-0.0003255939862178251
8121,812.1,-0.00010790354954793408,-0.0005465629664787345
8122,812.2,-5.745333509157287e-05,-0.00032811558212467016
8123,812.3000000000001,-1.127460127534009e-05,-0.0006214610388207252
8124,812.4000000000001,-0.00017663017621957167,-0.00047380411219654034
8125,812.5,-0.0003957816364254504,-6.530048697294587e-05
8126,812.6,-0.00017879603624241527,0.00024084901163913528
8127,812.7,0.00014220570890802588,0.0008037949672002768
8128,812.8000000000001,0.0001944963578816796,0.00043218106763409365
8129,812.9000000000001,0.00028375823922718055,0.0004620982026586191
8130,813.0,0.0006095619242378484,0.00026229193103690843
8131,813.1,0.0005491063891513608,0.0002836126919383326
8132,813.2,0.00023847738936112913,0.0006748392489305877
8133,813.3000000000001,9.828110005335983e-05,-0.00023593170063720633
8134,813.4000000000001,-0.00015156242343578873,0.00015188862780131853
8135,813.5,-0.00023252663822883273,0.0001024975690859777
8136,813.6,-8.670852146039252e-05,0.0003654321202130317
8137,813.7,-9.679718241289618e-05,4.6310636869672974e-05
8138,813.8000000000001,-0.0005533752233147024,0.00031710942240377856
8139,813.9000000000001,-0.0006140066845901767,0.0001742612922198125
8140,814.0,-0.00012647582136650413,0.0004399236165624583
8141,814.1,0.00039287138124129807,0.00020651346293309338
8142,814.2,0.0005214132031100829,0.0002453861888157954
8143,814.3000000000001,0.0004512004174618048,-0.00017072647152419163
8144,814.4000000000001,0.000261158189366959,4.748402838086822e-05
8145,814.5,-6.51966981229248e-05,-7.85536942571889e-05
8146,814.6,0.00017813477699800718,-0.00036778814008427336
8147,814.7,0.001095882843126532,-4.8943052386097956e-06
8148,814.8000000000001,0.00130416927224228,-0.00043697705671885895
8149,814.9000000000001,0.0006106299951572584,-0.00046873069205039376
8150,815.0,0.0004634111425838353,-2.1061257033617135e-05
8151,815.1,0.0005584010825030677,-0.00013379257000491445
8152,815.2,0.0004677003821483828,-3.060340558869152e-05
8153,815.3000000000001,1.1941432440707707e-05,-0.0004145934340639136
8154,815.4000000000001,0.00021966672313512294,-0.00044886660375171846
8155,815.5,0.0006421926978943455,-0.0007200016167212982
8156,815.6,0.0007834428552392984,-0.0004928305459599756
8157,815.7,0.0011274516059253624,-6.56254716188752e-05
8158,815.8000000000001,0.000908818527759826,0.00022732736056475352
8159,815.9000000000001,0.0005654747895273829,0.00018723590824264413
8160,816.0,0.0006726208974647601,0.00024515107821169183
8161,816.1,0.0010776951640688237,-0.00024799252476675776
8162,816.2,0.0014375176234302151,-0.0004753015415075169
8163,816.3000000000001,0.0013773296614995626,5.0340214465843186e-05
8164,816.4000000000001,0.0011245674822568392,0.00023563621782490412
8165,816.5,0.0007275532200850944,-6.807391452145106e-05
8166,816.6,0.0008452386077863208,-0.00037767027335420384
8167,816.7,0.0007942606387837552,-0.0004118013210645696
8168,816.8000000000001,0.00034786556884748224,7.22813517330208e-05
8169,816.9000000000001,-0.00027662413822851023,0.0004004384594793656
8170,817.0,-0.0005822685628298314,0.0003470758632577645
8171,817.1,-0.0007854180239856686,0.00019589233938336622
8172,817.2,-0.0005760593996059262,5.998488587454464e-05
8173,817.3000000000001,8.951849718543725e-05,0.0006417488380311627
8174,817.4000000000001,0.0003096170901289856,0.0003947994053168391
8175,817.5,0.0001739852272495406,0.00010062282118754048
8176,817.6,-0.0001193457897006255,-8.433035934067482e-05
8177,817.7,-0.00022621283244434197,0.000342317955074686
8178,817.8000000000001,9.764107861533231e-05,0.000517951378608868
8179,817.9000000000001,0.0005579164816215988,0.0005188083030535309
8180,818.0,0.0004526191569382046,0.00021055227245110088
8181,818.1,1.3371647845910274e-05,-0.00045627314058614314
8182,818.2,-8.066759432650235e-05,-0.001050399193809704
8183,818.3000000000001,0.0006457018348117373,-0.000573691907835167
8184,818.4000000000001,0.0010225491407881066,-0.00022253885090004323
8185,818.5,0.0009423555171476906,-0.00045988227001431554
8186,818.6,0.0005270881032391017,-0.00010046670350776181
8187,818.7,0.000171208190782312,-2.8131569714773952e-05
8188,818.8000000000001,-8.04842836894403e-05,-0.0001555202893421095
8189,818.9000000000001,-0.0002280505444673389,0.00014481283072972852
8190,819.0,-0.00024074795074863897,-0.0002212355582566487
8191,819.1,0.00013276993514644428,0.00014942554045325188
8192,819.2,0.00046986473351458497,0.0001521366696925292
8193,819.3000000000001,0.00023350505914808526,-0.00017035926754573828
8194,819.4000000000001,-1.084712105342888e-05,-0.0004202196551172567
8195,819.5,-0.0005812798872739895,-0.00037396630410344944
8196,819.6,-0.0009490880079591907,-0.00034897744925974924
8197,819.7,-0.0007149773925610127,-0.00031053702813840843
8198,819.8000000000001,-0.0006022986968379253,0.00010358270439682757
8199,819.9000000000001,-0.0007320318752084572,-0.0007043589620563997
8200,820.0,-0.00045387173828482645,-0.0011900118952330794
8201,820.1,0.0005154638158305085,-0.0011882941995554146
8202,820.2,0.000978987642151731,-0.0007404033120699667
8203,820.3000000000001,0.0006229832182181401,-0.0005937243871351774
8204,820.4000000000001,0.0002011389772998199,-0.0002747871327922187
8205,820.5,0.00010784710401993081,-0.00037318502569174344
8206,820.6,0.00041531502772351324,-0.00021621323515138695
8207,820.7,0.0006644396943083923,0.00023944070507873427
8208,820.8000000000001,0.0003727788172409035,0.00014968396192883719
8209,820.9000000000001,3.3770350044035665e-05,-0.00017921430497553213
8210,821.0,0.0004813755927866526,-0.00022940846174437023
8211,821.1,0.0011527747331010693,0.00017374914040550776
8212,821.2,0.0009160643712640963,0.00023033009939882714
8213,821.3000000000001,0.0003995156110587062,0.0003223269555898997
8214,821.4000000000001,0.0005087535733823124,0.00041629812313795513
8215,821.5,0.0007103273579315084,8.263181348786744e-05
8216,821.6,0.000844410505002098,-6.89885936116253e-05
8217,821.7,0.0013845488251400166,0.00014250782830625184
8218,821.8000000000001,0.0011597900845973957,8.281047556236476e-06
8219,821.9000000000001,0.0005746520354790941,-0.00011347894141192274
8220,822.0,0.0007208733569052168,-0.0004054474852404425
8221,822.1,0.0010866763313300918,-7.085736516969426e-05
8222,822.2,0.0012230966683855786,-0.00038818172778563506
8223,822.3000000000001,0.0012716065839962478,6.442043417923526e-05
8224,822.4000000000001,0.001520665238480039,-0.00025029992487385556
8225,822.5,0.0019733235826857863,4.072009049179536e-05
8226,822.6,0.0019883937411887933,-0.00017076371587843234
8227,822.7,0.0017559569426873806,6.437304585513172e-06
8228,822.8000000000001,0.001335758464992301,6.074851937278311e-05
8229,822.9000000000001,0.0008550815387415092,7.98481738545071e-05
8230,823.0,0.0006217380111808308,-5.626764757629539e-07
8231,823.1,0.0007808211182692618,-4.7691403738378106e-05
8232,823.2,0.0009694463929349121,-6.89101529230401e-06
8233,823.3000000000001,0.0010776694701518524,-3.0349750776841958e-05
8234,823.4000000000001,0.0009440728630726281,-0.00043339747432929933
8235,823.5,0.0008122644209839503,-0.00022691664328488366
8236,823.6,0.0007375813545701823,-0.0005077249123190977
8237,823.7,0.0006970934582107031,-0.0010171429179240048
8238,823.8000000000001,0.0005263553748565712,-0.0005659040815770367
8239,823.9000000000001,8.160056512327656e-05,-0.0005260945408834091
8240,824.0,-0.0004061040571625429,-0.0005877999112316285
8241,824.1,-0.0002444510301225816,-0.00045286016912579163
8242,824.2,0.00036057091837294166,-0.0006973753802396973
8243,824.3000000000001,0.00043197090852452563,-0.00036342905600120256
8244,824.4000000000001,0.000595588766474677,0.00014707319750212021
8245,824.5,0.0006298521180151486,0.0002694140644102334
8246,824.6,0.0004664107592721858,5.643037595328549e-06
8247,824.7,0.0004225082577621732,0.0002610782899870565
8248,824.8000000000001,0.00027632890291457736,-4.186034164433391e-06
8249,824.9000000000001,0.0003647371197137183,0.0006558215384735429
8250,825.0,0.0003286061172692679,0.0007431392900545776
8251,825.1,0.0001586805535115434,0.0004778212720563736
8252,825.2,-0.00013745475006327672,0.0008953480426733347
8253,825.3000000000001,-0.00045840854009248917,0.0008889661807307429
8254,825.4000000000001,-0.0006730492578232524,0.00018259317271309179
8255,825.5,-0.0009369869390639391,-0.00012321617931078426
8256,825.6,-0.00130003884769369,-0.0001492067901896665
8257,825.7,-0.0011339253572109622,-0.00027428002439336933
8258,825.8000000000001,-0.0005306558463423137,-0.00046908621456383384
8259,825.9000000000001,-0.0003528434988431451,-0.00030420256235030006
8260,826.0,-0.0006998365035805432,-0.0007488414886185387
8261,826.1,-0.0009452729979026719,-0.0008407473982754274
8262,826.2,-0.0009735451824140353,-0.0005945286162468713
8263,826.3000000000001,-0.000645452831665681,7.856266579070212e-05
8264,826.4000000000001,-0.0004204112416254949,-0.0003303430127446446
8265,826.5,-0.00017191184040607553,-0.00011285941068908478
8266,826.6,-6.495113321034997e-05,2.622985706807589e-05
8267,826.7,-0.0002453109203636765,0.0005358165649704882
8268,826.8000000000001,-0.0006682405038754873,0.00020952987815754632
8269,826.9000000000001,-0.0007394868252485614,-4.060037346495317e-05
8270,827.0,-0.0002350863589638311,0.0003067565049401329
8271,827.1,-0.0001966867002365252,0.000548347374554433
8272,827.2,-0.0003995516184986142,0.001038452515072685
8273,827.3000000000001,-0.0006520658981601606,0.0006095109849649998
8274,827.4000000000001,-0.0007004327532695575,0.00030054443654903783
8275,827.5,-0.0006864767777249902,-0.00023964509893207727
8276,827.6,-0.0001962576849407543,-0.00031743859051412796
8277,827.7,-0.0001583916717977426,-9.231450556738292e-05
8278,827.8000000000001,-0.00039645144344685327,-0.00035707044754743647
8279,827.9000000000001,-0.0003498473188517639,-0.00042662701144326556
8280,828.0,-0.00010435944338562362,-0.00044954624826412437
8281,828.1,-0.00014201581446360187,0.00012457715410330437
8282,828.2,-0.0003509561346761403,0.00034600835133350376
8283,828.3000000000001,-0.0006149243088090358,-0.00010762589937576733
8284,828.4000000000001,-0.0004273888674880669,-2.009841627490367e-05
8285,828.5,-0.00022786078671198465,0.00047650996631581275
8286,828.6,-0.00010925431207253294,0.0008180842164367314
8287,828.7,-0.0004305052969452464,0.00037839949923143806
8288,828.8000000000001,-0.0005788309092386496,0.00046300255025707207
8289,828.9000000000001,-0.0005844003138700116,0.0003917922555534494
8290,829.0,-0.0004283131041192941,0.0002923735016152868
8291,829.1,-0.00025767420270707243,0.00013706166596912363
8292,829.2,-0.00012892347452059,-0.00026494846829080195
8293,829.3000000000001,-0.0001603996010185748,-0.0005330616283004784
8294,829.4000000000001,-0.0003608404220208021,-0.0008043757857755264
8295,829.5,-0.0008159731978544477,-0.0007582478351150446
8296,829.6,-0.0005638658287024387,-0.0008541568778560214
8297,829.7,-0.00032411605619356006,-0.000624886498869738
8298,829.8000000000001,-0.0007819235884616122,-0.0005032267116542873
8299,829.9000000000001,-0.0011266928960991201,-0.0005429838112068985
8300,830.0,-0.0013685664727428846,-0.0005392661917463627
8301,830.1,-0.0013477818567108738,-0.0005284347663995492
8302,830.2,-0.0010825875679692414,-0.0006512560439658001
8303,830.3000000000001,-0.001236215270979249,-0.0004771066664694566
8304,830.4000000000001,-0.0011303790529777296,6.324923943809926e-05
8305,830.5,-0.0008555394181829384,0.0005758686755487024
8306,830.6,-0.0008356477094499875,1.1464655784824206e-05
8307,830.7,-0.0007626612585694308,4.3220464443207034e-05
8308,830.8000000000001,-0.0010300231934292103,2.6317905185743383e-05
8309,830.9000000000001,-0.0017042184197334812,-0.0006028086291914867
8310,831.0,-0.0014833685443295347,-0.0005157691336071085
8311,831.1,-0.0008203705561750606,-0.0003345254923292021
8312,831.2,-0.0011623627706943223,-0.00017667895435200827
8313,831.3000000000001,-0.0016348108970306748,-0.00023894816686102327
8314,831.4000000000001,-0.001596204768932696,0.00014935865313620483
8315,831.5,-0.0010959943334849307,0.0007020805900943078
8316,831.6,-0.00106055538044668,0.0007912925420434176
8317,831.7,-0.001654999786817416,0.00022279694220049556
8318,831.8000000000001,-0.0018158214033655966,-0.00019136655453517648
8319,831.9000000000001,-0.0017643894995367415,-0.0005690767807733653
8320,832.0,-0.0021025079836583167,-0.0008332060501866968
8321,832.1,-0.0025517694164911868,-0.0007646462672770091
8322,832.2,-0.0019496357304316923,-0.00039303509382127315
8323,832.3000000000001,-0.001334665334798347,-0.0004251979000681066
8324,832.4000000000001,-0.0014996556862120858,-1.3499299770905927e-05
8325,832.5,-0.0020952777817563398,6.944605481312256e-07
8326,832.6,-0.00241514676775191,2.6747442060112846e-05
8327,832.7,-0.0018849528374555364,7.760614144336321e-05
8328,832.8000000000001,-0.0011223787005245926,-0.0001926944051972081
8329,832.9000000000001,-0.00119331118001486,0.0003138131443813353
8330,833.0,-0.0015055458216381265,0.00043784786704676115
8331,833.1,-0.001493137284013601,-0.0001351588170566587
8332,833.2,-0.0014281035740585748,-0.0005040395436517085
8333,833.3000000000001,-0.0011535503132372778,-0.00046488549939063703
8334,833.4000000000001,-0.0014321098421234124,-0.00015067110383738355
8335,833.5,-0.0018037252185058598,-0.0006263702099145834
8336,833.6,-0.001540181190759042,-0.0010120548697011302
8337,833.7,-0.0011238002889961407,-0.0010984678455031238
8338,833.8000000000001,-0.0011858360962182179,-0.0006632113102338234
8339,833.9000000000001,-0.0013875016843103054,-0.0006291754125241168
8340,834.0,-0.001602732001528901,-0.0005787903690775296
8341,834.1,-0.001760271030470754,-0.000696846189006349
8342,834.2,-0.0015113676094041639,-0.00030342334713078976
8343,834.3000000000001,-0.001622214790190474,-0.000241546942447473
8344,834.4000000000001,-0.00215769603141526,-0.0006618938420115643
8345,834.5,-0.002241840843146013,-0.0008714790902193653
8346,834.6,-0.0020777111379495427,-0.0005343783307362449
8347,834.7,-0.001839648678398388,-0.0008507074656931858
8348,834.8000000000001,-0.0016469314781387137,-0.000611472151239619
8349,834.9000000000001,-0.0016058768816111185,-0.0003556442330930221
8350,835.0,-0.002082034308438323,-0.0008187519103600672
8351,835.1,-0.0026967951091988627,-0.001150075580096178
8352,835.2,-0.00254512906360375,-0.0006796689373634421
8353,835.3000000000001,-0.0020989659826958483,-0.0002007904987667368
8354,835.4000000000001,-0.0018591637659625987,-0.0001760284124178482
8355,835.5,-0.0016826304088134955,-5.498964574083704e-06
8356,835.6,-0.001597963247728553,-0.0003292460273075254
8357,835.7,-0.0014709691334432438,-8.959296536891344e-05
8358,835.8000000000001,-0.0014583811813063824,-0.000155868788557715
8359,835.9000000000001,-0.0018783677828150892,-0.0004952153485357945
8360,836.0,-0.0021732700246175646,-0.0006758847876599555
8361,836.1,-0.0020970479547225314,-0.0007153556460762934
8362,836.2,-0.0018334084151071437,-0.0008591889025837955
8363,836.3000000000001,-0.0016857841048022394,-0.0005989698031231929
8364,836.4000000000001,-0.0013731346503096837,-0.00046600733999148424
8365,836.5,-0.001240038823388975,-0.0001608799230049188
8366,836.6,-0.002010929811617023,-0.0005035210951911913
8367,836.7,-0.0021543231090158065,-0.0007119363676546372
8368,836.8000000000001,-0.0011117966161362633,-0.00043903980962818167
8369,836.9000000000001,-0.00044823473436623556,-0.00012286736640187008
8370,837.0,-0.0007073034883889972,-0.0004135851016248174
8371,837.1,-0.001028413440195213,-0.000659311138461411
8372,837.2,-0.0010149351777042385,-0.0009142996551138596
8373,837.3000000000001,-0.0010104045116372344,-0.0011723135338152523
8374,837.4000000000001,-0.0011296953072467925,-0.0004042630073571177
8375,837.5,-0.001322736886996181,0.0002236658631491829
8376,837.6,-0.0016280450934655,-0.00032799775396717614
8377,837.7,-0.0015549494575049165,-0.00015400913158261612
8378,837.8000000000001,-0.0012712922958225507,-2.5084819526527883e-05
8379,837.9000000000001,-0.001498606305665532,-0.00019562359362284296
8380,838.0,-0.0018237125893017989,-0.0007414450397251522
8381,838.1,-0.0019525458718963357,-0.0007240782710107283
8382,838.2,-0.0021687144170483173,-0.0005277992279929737
8383,838.3000000000001,-0.0020718848193343295,-0.0006357792595145555
8384,838.4000000000001,-0.0022549156817064926,-0.0008147530749193162
8385,838.5,-0.0026010724024149376,-0.0003764769602239588
8386,838.6,-0.0021368355693474374,-0.00038388728470641813
8387,838.7,-0.0014582615638477887,0.00029813978758345543
8388,838.8000000000001,-0.0013166340294999126,0.00012753589648370876
8389,838.9000000000001,-0.0020217678206347627,-0.0001034777365346332
8390,839.0,-0.0023411453361428477,-0.00042718260103334177
8391,839.1,-0.002270843637245777,-0.00029006675262332863
8392,839.2,-0.002409257237898929,-0.000181319222552822
8393,839.3000000000001,-0.002563616230577167,-0.0008149741597786826
8394,839.4000000000001,-0.002612280468276838,-0.0010494280734115234
8395,839.5,-0.002085976732426003,-2.920287979669342e-05
8396,839.6,-0.0017454413606754567,0.0007578235757894595
8397,839.7,-0.0018305603683713555,9.634456580329714e-05
8398,839.8000000000001,-0.0021426678183233566,3.116446005267602e-05
8399,839.9000000000001,-0.0019963583502294966,-0.0005975715094663889
8400,840.0,-0.002121460901374216,-0.0004809533150849861
8401,840.1,-0.002587301801970906,-0.00039832037385277536
8402,840.2,-0.0024092322868408686,-9.138894257173418e-05
8403,840.3000000000001,-0.0017247588381937155,0.00015052468964705618
8404,840.4000000000001,-0.0012341664434345793,0.00044037192539845177
8405,840.5,-0.001272026543408846,0.00017130472805425534
8406,840.6,-0.0011273926529619417,6.707171805945559e-05
8407,840.7,-0.000796251038287415,4.3946284025136095e-05
8408,840.8000000000001,-0.00046946779341663176,-0.0003607356624045261
8409,840.9000000000001,-0.0006884743253599882,-0.0006503655610849071
8410,841.0,-0.0011895752250358827,-0.000425461692740184
8411,841.1,-0.0013681474650392258,0.00018654760397845114
8412,841.2,-0.0011506072076612139,0.00044527359108005647
8413,841.3000000000001,-0.0010241793191529981,0.0009791002327797474
8414,841.4000000000001,-0.000759669112844266,0.0007157293201642994
8415,841.5,-0.0008230643733752277,0.0005290978844661374
8416,841.6,-0.0011313746211644839,-0.000296241074869293
8417,841.7,-0.001114306566610957,-0.0006286607773611502
8418,841.8000000000001,-0.0009214476963979504,3.05925445753327e-05
8419,841.9000000000001,-0.0008514365219517872,0.0003905682426666789
8420,842.0,-0.0008138983367484777,0.00022716035189608558
8421,842.1,-0.0010011217669856625,-0.0004413494691848057
8422,842.2,-0.0011132001417072305,-0.0003848669013835725
8423,842.3000000000001,-0.0009118411376694986,6.837901611289234e-05
8424,842.4000000000001,-0.000592160733799118,0.0004796372021970205
8425,842.5,-0.000541500745695193,0.0003943449671172519
8426,842.6,-0.00036840735320032967,-5.017615039612727e-05
8427,842.7,-5.011806023595022e-05,-0.0002423618226848734
8428,842.8000000000001,9.356587883004943e-05,-0.0003262604970888585
8429,842.9000000000001,0.0002846336885632862,-0.0003369026049595115
8430,843.0,0.00017900946755833845,-0.0001709277683494593
8431,843.1,3.6451447834267534e-05,-0.0004724396802377128
8432,843.2,0.0002822646100202579,0.00018683000553281823
8433,843.3000000000001,0.0002999337843049547,0.00023357386288163772
8434,843.4000000000001,6.596232713639479e-05,-0.00014631154131674248
8435,843.5,-7.610880610508081e-06,7.167454583841005e-05
8436,843.6,-7.673448583194458e-05,-0.0004914330400017727
8437,843.7,-0.00022445555144931476,-0.0009691558074394998
8438,843.8000000000001,-0.00017766820405243846,-0.00044616088497302896
8439,843.9000000000001,0.00030337210951369623,0.0004774708828169334
8440,844.0,0.00048192311050978013,0.00048242651626223825
8441,844.1,-9.990392008174386e-05,-0.000215207492298611
8442,844.2,-0.0003276487369790902,-0.0005496520217878186
8443,844.3000000000001,-9.22044216618283e-05,8.720894604966222e-05
8444,844.4000000000001,0.00031576813377456496,0.0004080426703365788
8445,844.5,0.0009888759837323512,0.0004362808618297236
8446,844.6,0.0010531180456566952,-6.0580665283611695e-05
8447,844.7,0.0003652749734610432,-0.0003694056612239997
8448,844.8000000000001,-0.0001873084989736529,-0.000433703934369757
8449,844.9000000000001,2.2889269964884375e-05,-0.0003960900380708897
8450,845.0,-4.6957334362786615e-05,-0.0007207451014418424
8451,845.1,-0.00039739912195681893,-0.0006911634164520157
8452,845.2,-0.0005563815836776085,-0.0004107760780161066
8453,845.3000000000001,-0.0003805256733957492,-0.00022985281715119231
8454,845.4000000000001,-3.378225923554166e-05,-0.00010373732981631604
8455,845.5,-0.0003729754975631655,0.0004322673071366218
8456,845.6,-0.000721022975729644,0.0003562506860113029
8457,845.7,-0.0009186887754609637,0.0006699843124221966
8458,845.8000000000001,-0.0009078565094224136,0.0004213183599732514
8459,845.9000000000001,-0.001138683932066727,0.00014312370836658904
8460,846.0,-0.0012609368049099122,-0.0002776582900398689
8461,846.1,-0.0014990233829658248,-1.4029599018168009e-05
8462,846.2,-0.001618868850304255,0.0002858885295281082
8463,846.3000000000001,-0.0013817390113618439,0.00041020899955296195
8464,846.4000000000001,-0.001562969093216681,0.0006722364972457558
8465,846.5,-0.0017337792619567067,8.225799733863622e-05
8466,846.6,-0.0015677234777486248,7.164121872371473e-05
8467,846.7,-0.0018942635762823638,-0.0005356922916568141
8468,846.8000000000001,-0.0021129814220580017,-0.0006792012092623456
8469,846.9000000000001,-0.0019163177972291662,-0.0005229339515722369
8470,847.0,-0.0018639333851776933,-0.0002566750098829655
8471,847.1,-0.0018624828696422655,-0.0001244996991404404
8472,847.2,-0.0014223094244860991,-0.0003315676478845706
8473,847.3000000000001,-0.001249932315527988,-0.000473549376390515
8474,847.4000000000001,-0.0014766165429272605,-0.00014751696458352497
8475,847.5,-0.001598677443016452,0.000603467688199372
8476,847.6,-0.001655781325390644,0.0005583144734817032
8477,847.7,-0.0013815739125443392,-5.870181259557147e-05
8478,847.8000000000001,-0.0012637472981257857,0.00022042064919634762
8479,847.9000000000001,-0.0015175262053614084,0.0001984435764874334
8480,848.0,-0.0014560199589284323,9.782996326978639e-05
8481,848.1,-0.001366409928077874,-0.0004296228851169978
8482,848.2,-0.0014718106409644896,-0.00033240299944797906
8483,848.3000000000001,-0.0013238795146111558,-0.0008202455810557371
8484,848.4000000000001,-0.0009692816413750547,-0.0008071295736247077
8485,848.5,-0.0005643085360473912,-0.00048180873113542897
8486,848.6,-0.00024098038774986858,-0.0005759627510259003
8487,848.7,-0.0002790174359849001,-0.0005181507406031369
8488,848.8000000000001,-0.00046597623826357337,-0.00031845656491533234
8489,848.9000000000001,-0.0002866004403654301,-0.00022343448993098218
8490,849.0,0.0001619524543676012,-0.00020547370985033372
8491,849.1,0.00038836301400056917,-0.00046170456805329967
8492,849.2,0.0002972552786292719,-0.0005453548470231901
8493,849.3000000000001,9.05962470519153e-05,-0.0009071074286725649
8494,849.4000000000001,-0.00032482231520040376,-0.001033314376102822
8495,849.5,-0.0006096074747415035,-0.0007638930298113186
8496,849.6,-0.000680943415093116,-0.00031035476444851484
8497,849.7,-0.0005451150111364756,-0.0006629676752008329
8498,849.8000000000001,-0.00048057118670269004,-0.0005253566493633308
8499,849.9000000000001,-0.00020019831208911663,-0.00017571008071695624
8500,850.0,-3.37801053810204e-06,2.077666828627471e-05
8501,850.1,-1.7765290949546634e-05,0.0004177343416977519
8502,850.2,-0.00020215918712758623,0.0003679262780575644
8503,850.3000000000001,-0.0005023657489971192,0.00019318272811151105
8504,850.4000000000001,-0.000582116472155392,0.0003118271164725088
8505,850.5,-0.0006339242770471616,-0.00033778928895529964
8506,850.6,-0.0006394505192817416,-0.0004598122729583947
8507,850.7,-0.0008682480783436883,-0.00032773852734597087
8508,850.8000000000001,-0.0009422623456975576,-0.00026159745058535784
8509,850.9000000000001,-0.0010412757623728735,-8.82050157196559e-05
8510,851.0,-0.0013280792608450914,0.00022883740418104008
8511,851.1,-0.0014484343365257556,4.305385305207556e-05
8512,851.2,-0.0012974166800983193,-3.7831626573104074e-05
8513,851.3000000000001,-0.000872485683322456,-4.5005658129518494e-05
8514,851.4000000000001,-0.0007018769476343982,-0.00022735102467033404
8515,851.5,-0.0008494696350273961,-0.00017910421357502995
8516,851.6,-0.0010624433113351974,0.0004762073517167874
8517,851.7,-0.0011096925285937241,0.00030219382108425584
8518,851.8000000000001,-0.0006996308532770059,-0.00020911787800872888
8519,851.9000000000001,-0.0003733571829940166,-0.000659773084845549
8520,852.0,-0.0005043965465493856,-0.0006829388108492541
8521,852.1,-0.0004994456960983469,-0.0005683987269885286
8522,852.2,-0.00028406117232050243,-0.00021922472460791446
8523,852.3000000000001,-3.961968977405853e-05,0.0007085173475452995
8524,852.4000000000001,0.00032273126875508273,0.0007865085018651694
8525,852.5,0.0006035157182353002,0.00032520562504328846
8526,852.6,0.0005955111486550912,0.00026368905947893876
8527,852.7,0.0001802616013502736,-2.2619051183640098e-05
8528,852.8000000000001,0.0005543483911545838,0.00013650721455206642
8529,852.9000000000001,0.00128369531374831,0.0006359610600720474
8530,853.0,0.001551430951813269,0.0006930349003967249
8531,853.1,0.0016109528079289055,0.0003826764563607783
8532,853.2,0.0011121846170769935,-6.29025498070475e-05
8533,853.3000000000001,0.0010291090476446756,-0.00011885478175580673
8534,853.4000000000001,0.0016383584251233243,0.0005099605280738296
8535,853.5,0.0014002333655866073,0.0006468227232756028
8536,853.6,0.0009308545397061497,0.0012075575659084303
8537,853.7,0.000989216626413453,0.001796668252732624
8538,853.8000000000001,0.0009219854229824982,0.0013151988850370882
8539,853.9000000000001,0.0005771673383901532,0.0009435622224885801
8540,854.0,0.00043127648394999474,0.0007753274037535929
8541,854.1,0.0007151763754087934,0.0005068244149350192
8542,854.2,0.000797978517275997,0.0004930094861939948
8543,854.3000000000001,0.0005166381667993,6.696416582948157e-05
8544,854.4000000000001,7.347287859775637e-05,-3.399931389203284e-05
8545,854.5,-0.00036259992822604883,7.880839547872709e-05
8546,854.6,-0.00027908751226290816,-0.0004677970188461946
8547,854.7,8.106317773642934e-05,-1.4116618223883446e-05
8548,854.8000000000001,9.648059878588985e-05,0.0005809885218057229
8549,854.9000000000001,-5.065325360475003e-05,6.653495112492564e-05
8550,855.0,-0.00028232348939080985,-0.00016842752664535606
8551,855.1,-0.0007340784413565624,-0.00045384926963540454
8552,855.2,-0.0008044877563886989,-0.00030723006314117547
8553,855.3000000000001,-0.0004466748586838564,2.334814254995546e-05
8554,855.4000000000001,-0.0006351628865179571,0.0002869114772586635
8555,855.5,-0.0011767551133362237,0.0007614860854979639
8556,855.6,-0.001325612991315846,0.0003890207721913234
8557,855.7,-0.0015739749835547946,-9.59746954804005e-05
8558,855.8000000000001,-0.0017554241391942195,0.00011384944977948982
8559,855.9000000000001,-0.001695130420327187,0.0001676300056304818
8560,856.0,-0.0016127950057335501,0.00041127604858329204
8561,856.1,-0.0017320846264707816,0.0005732153448039952
8562,856.2,-0.001505087389327508,0.00047364014816217225
8563,856.3000000000001,-0.0013761156886516674,0.00021678466558247103
8564,856.4000000000001,-0.0016935642198546879,0.0005637367541610239
8565,856.5,-0.0019267562309696951,6.213140409518973e-05
8566,856.6,-0.001714555851791983,-0.00012060879018004423
8567,856.7,-0.00195554310029031,-0.00014814707366530823
8568,856.8000000000001,-0.0019744044854398315,-0.00022170352938196948
8569,856.9000000000001,-0.0015672421945715652,6.408720704853793e-05
8570,857.0,-0.0015377338909410329,-0.00041987106853612035
8571,857.1,-0.001675266894900415,-0.0007264237450518889
8572,857.2,-0.0016110314694039558,-0.0009567617182468612
8573,857.3000000000001,-0.00130089999280597,-0.0005854690564449951
8574,857.4000000000001,-0.0012691698377452142,-0.0007018781498823164
8575,857.5,-0.0013439070784379366,-0.0010410231663519661
8576,857.6,-0.0012649806624916824,-0.0007652092938235834
8577,857.7,-0.0013957497777283044,-0.0006649939232140087
8578,857.8000000000001,-0.0016692488950607299,-0.0002558513832727375
8579,857.9000000000001,-0.0019924303497027788,-0.0005748952899593079
8580,858.0,-0.0021936668361131817,-0.0008263434866008203
8581,858.1,-0.001977062257308727,-0.00033627253147587637
8582,858.2,-0.0017874864413164203,-0.0003165182554430566
8583,858.3000000000001,-0.001288725729724927,-0.00023618329903837203
8584,858.4000000000001,-0.0008661900093832301,8.770629934563045e-06
8585,858.5,-0.0010593984100994707,-0.0002728634750864144
8586,858.6,-0.0010828717298049042,-0.00024136296277242863
8587,858.7,-0.00041080022278166373,-0.00022348402468200625
8588,858.8000000000001,-0.000301252167787016,-0.00045124062944309096
8589,858.9000000000001,-0.0009399441578200258,-0.0008818985452359496
8590,859.0,-0.0009065111319304723,-0.0011448977873549611
8591,859.1,-0.0004937997517470562,-0.0004347777995551518
8592,859.2,-0.0004633101344471106,0.00013281205072433936
8593,859.3000000000001,-0.0007924915996810991,0.0001473597040800995
8594,859.4000000000001,-0.0010996810123903352,0.0004707312095326072
8595,859.5,-0.0005746929542649103,0.0002879384772410329
8596,859.6,-4.697955122306624e-05,6.225329991932828e-05
8597,859.7,-0.000303913801833972,-4.324875678397582e-05
8598,859.8000000000001,-0.0006091885033110925,-0.0002261606686163577
8599,859.9000000000001,-0.0006270292033981413,-0.00023899349531595926
8600,860.0,-0.00042141597836868724,2.0080468721557235e-05
8601,860.1,-0.00023380739817091428,-0.00010700347453554418
8602,860.2,-9.876842932471124e-05,-0.00030628358533865387
8603,860.3000000000001,0.00035744919981831085,-0.00040549190832981426
8604,860.4000000000001,0.00064166818588033,-0.0002279277926111538
8605,860.5,0.0005408606002603498,2.18906979901526e-05
8606,860.6,0.0004445912811387766,-0.00034385772315160727
8607,860.7,0.0003859964529662708,-0.00041226296123035073
8608,860.8000000000001,0.0006390666624062977,-0.0003510317246630202
8609,860.9000000000001,0.0009600793980930337,-9.978598142217657e-05
8610,861.0,0.0011310460401752123,4.746686100693347e-05
8611,861.1,0.0011764507554338772,6.857439054716904e-05
8612,861.2,0.0008971880026685226,-0.00034530387762018555
8613,861.3000000000001,0.0010649846630198018,-0.0004307020163932616
8614,861.4000000000001,0.0013249846924235247,4.942267811573061e-05
8615,861.5,0.0014322590148108912,0.00015757319064339033
8616,861.6,0.001597771290228646,0.0006964903857419396
8617,861.7,0.0022092768591543102,0.0013075295865935797
8618,861.8000000000001,0.0020480459126106573,0.0011020418211536993
8619,861.9000000000001,0.0015217867576873545,0.0006119662447412858
8620,862.0,0.0016483957962523923,8.600356722024196e-05
8621,862.1,0.00241458500502389,-9.819951098887842e-05
8622,862.2,0.002622600373597916,0.00021675474205590104
8623,862.3000000000001,0.002326121111561238,0.000239504526185684
8624,862.4000000000001,0.0026447746137320378,5.351509671398223e-05
8625,862.5,0.0027139059850611233,-8.998835161145992e-06
8626,862.6,0.0018748258966494033,3.8837295064344066e-05
8627,862.7,0.0010982036008802757,0.0002402249568700777
8628,862.8000000000001,0.0008197330343667377,0.0001977466083413552
8629,862.9000000000001,0.0007138307426217709,0.00020266646349977312
8630,863.0,0.0008352766167355811,-0.0001987086627892094
8631,863.1,0.0009579094188679174,-0.0001220093715094117
8632,863.2,0.0012701131189118769,-0.0001256362868830515
8633,863.3000000000001,0.0012925351364057737,0.0002904859961100083
8634,863.4000000000001,0.0005320294671739985,-0.0004093104999665589
8635,863.5,-0.0001538357610742493,-0.0004068364491821396
8636,863.6,0.0001948567390861123,9.582938395924972e-05
8637,863.7,0.000788615620591948,0.00018049328482697632
8638,863.8000000000001,0.0008844759328451737,0.0004892873247894152
8639,863.9000000000001,0.00026768629212711855,0.0005462653531110886
8640,864.0,-1.7904283035997966e-05,0.0007734891534038721
8641,864.1,5.685407932796464e-05,0.0002716232695971712
8642,864.2,-0.0002552264215685789,-0.00015718451339436702
8643,864.3000000000001,-0.0005416265206261767,-0.0002639770246987048
8644,864.4000000000001,-0.0006425088787679662,5.254915315778921e-05
8645,864.5,-0.0011657205324538914,-0.0006805575666196624
8646,864.6,-0.0016417094976188492,-0.001122513816344515
8647,864.7,-0.0014085459975758878,-0.0008239838375716165
8648,864.8000000000001,-0.0006742061632706723,-0.0009334005729830834
8649,864.9000000000001,-0.0007591951955581639,-0.0005625972541328704
8650,865.0,-0.001291452012970059,9.428464430813939e-05
8651,865.1,-0.001265246121372085,0.00019441570361968194
8652,865.2,-0.0015273658127749248,-0.00026080624296462
8653,865.3000000000001,-0.0017998217834743055,-0.0005816673673931428
8654,865.4000000000001,-0.0017073935983549255,-0.00045860382501679883
8655,865.5,-0.002028102910510149,-0.00014468340387546313
8656,865.6,-0.0023320849300003743,-0.00017119369939919715
8657,865.7,-0.0015523540658068271,-1.1904857801170732e-05
8658,865.8000000000001,-0.0009179207630840754,-0.00046182959795234636
8659,865.9000000000001,-0.0012443261668197252,-0.0005319172693339814
8660,866.0,-0.0014578644482552737,-0.00016345234013373904
8661,866.1,-0.0011827082759446306,-0.0007176621919251321
8662,866.2,-0.0008120706219630603,-0.0004482683401274897
8663,866.3000000000001,-0.0004509825189015557,-0.00020395523765655402
8664,866.4000000000001,-0.0006951089000163147,-0.00042793035814021944
8665,866.5,-0.0006423715035522674,-2.000536094273885e-05
8666,866.6,-0.00043555916735719496,0.000646993429678301
8667,866.7,-0.0007021089720856029,0.0005701839920814112
8668,866.8000000000001,-0.0010525850719653321,-4.553395180623329e-05
8669,866.9000000000001,-0.0012013511944896581,-0.0003925323022170042
8670,867.0,-0.001040801691843652,-0.00034831799314367917
8671,867.1,-0.0003074298376564247,0.00015887259139112735
8672,867.2,7.678024422728153e-05,0.00028071387624282925
8673,867.3000000000001,-4.674005168350561e-05,0.0004685557117565521
8674,867.4000000000001,-0.00020715113772815094,-0.00011579947895335066
8675,867.5,-0.0001614868517125966,-0.00029782859629631515
8676,867.6,0.00019887825546830107,-0.000146901979642122
8677,867.7,0.00044359434328298066,0.0005285028338225473
8678,867.8000000000001,-3.421440091392247e-05,0.0005993811903712932
8679,867.9000000000001,-0.0008216479829644809,0.0006921546615791547
8680,868.0,-0.0005214939451935616,0.0008124568990609209
8681,868.1,-5.4159289679609416e-05,0.0005534925420358047
8682,868.2,-0.0004067733126783805,0.00028242683712876985
8683,868.3000000000001,-0.0007804169547793116,-0.0004589492172653953
8684,868.4000000000001,-0.0009614403025989194,-0.000302054059275273
8685,868.5,-0.0012623360468570666,-0.00011009246978073173
8686,868.6,-0.0010121536022824518,0.0003074102330258979
8687,868.7,-0.0006005603483381657,0.000516223984407554
8688,868.8000000000001,-0.000857241735456965,0.0005552342110329837
8689,868.9000000000001,-0.0020346254164638794,0.0002192283731428837
8690,869.0,-0.0026760196217414734,-8.864622254506365e-06
8691,869.1,-0.001983180664921832,5.057185316373032e-06
8692,869.2,-0.0013261594882412982,-0.00018308158456194389
8693,869.3000000000001,-0.0017750196172985789,0.00038699969317058724
8694,869.4000000000001,-0.0024441048673617535,-0.0003865112770104468
8695,869.5,-0.0022014497164621985,-0.0007153405181392152
8696,869.6,-0.0015935212657702158,-0.000263381652746936
8697,869.7,-0.00148043168762418,0.0003242757391983111
8698,869.8000000000001,-0.0018565987295291189,0.00031967182344055977
8699,869.9000000000001,-0.0018505798732708083,1.7181322265675246e-05
8700,870.0,-0.001532607583139672,-0.00020334228843098568
8701,870.1,-0.0014939517825899155,-0.000316526059847777
8702,870.2,-0.0016266530761802917,-0.00014577210504665447
8703,870.3000000000001,-0.0015109812826488542,-0.0006783512124422335
8704,870.4000000000001,-0.0009022327201940211,-0.0004610882564554214
8705,870.5,-0.000450021759434143,-0.0003036411549474432
8706,870.6,-0.00024326830824800843,-0.00015285454341841607
8707,870.7,-0.00022144078115800915,-5.350905065716691e-06
8708,870.8000000000001,-0.00021256487118343889,-0.00027069660575546734
8709,870.9000000000001,-0.000142937536724798,-0.000474379578334277
8710,871.0,-0.0002890825436180475,-0.00014918684290399288
8711,871.1,0.0003570145626254738,0.0002351657274423235
8712,871.2,0.000686530792104182,0.0004168063787241283
8713,871.3000000000001,-3.6825226993799314e-05,0.0003633362334330504
8714,871.4000000000001,-0.0005676339421093493,0.00018400040980469254
8715,871.5,-0.00033403625814684885,0.00030564361732820546
8716,871.6,-6.692952385311634e-05,0.0005978004621958416
8717,871.7,-0.0003888281267707803,0.0003633787869049853
8718,871.8000000000001,-0.0008579937799266799,-0.00013017915571075607
8719,871.9000000000001,-0.0007417972766340515,0.000149696725552161
8720,872.0,-8.463556104300308e-05,-5.5228528912840165e-06
8721,872.1,0.0003452316517181088,-6.146244617548487e-05
8722,872.2,9.974508927065315e-05,-0.00019882956086326117
8723,872.3000000000001,-0.0002805567425088281,-0.0002889867265019473
8724,872.4000000000001,-0.0004116952985184557,-0.00042505586967665597
8725,872.5,-0.0003714521822230795,-0.0008004462054605719
8726,872.6,-0.0005533627026423435,-0.0008331236470585765
8727,872.7,-0.000538470415589674,-0.0004832444136195433
8728,872.8000000000001,-0.0006978494729413396,9.707752839389943e-05
8729,872.9000000000001,-0.0011462126296480505,-3.8467405175659763e-05
8730,873.0,-0.001026577658249879,7.03690096967759e-05
8731,873.1,-0.0006941789643391025,0.000478463316303086
8732,873.2,-0.0008019904877854981,0.00041116825218394143
8733,873.3000000000001,-0.0009272443709655167,3.4522754277071994e-05
8734,873.4000000000001,-0.0010129444803981546,-0.0001744263279035776
8735,873.5,-0.0011448890589552752,-0.0002707302913961308
8736,873.6,-0.0013139398514014644,-5.316765861575689e-05
8737,873.7,-0.0009552280614864723,0.00010191503725415071
8738,873.8000000000001,-0.0011404708789756737,-0.00030381533431651374
8739,873.9000000000001,-0.001569864744605578,-0.0008202217957450127
8740,874.0,-0.001415163424496787,-0.0005570619911052144
8741,874.1,-0.000938260554400538,0.0003080025256617235
8742,874.2,-0.0005943157154965544,-7.483469378954998e-05
8743,874.3000000000001,-0.0006119681087758378,-0.0003269494102603687
8744,874.4000000000001,-0.0011321304280363115,-0.0002288568070982081
8745,874.5,-0.0016334567639418155,-0.0001347436525603076
8746,874.6,-0.0015648114303225252,-0.0005388427522467446
8747,874.7,-0.0015665499741908766,-0.0007657308534781786
8748,874.8000000000001,-0.0013550065206254097,-0.00013945489049659317
8749,874.9000000000001,-0.0006134044676822256,0.00022500053872708857
8750,875.0,-0.00028122344874950635,-4.412718548125105e-05
8751,875.1,-0.0005582995361381177,-0.00010604707824414933
8752,875.2,-0.0010785924841957377,-0.0004640033829083364
8753,875.3000000000001,-0.001018927879846418,-0.00042467026294416165
8754,875.4000000000001,-0.0009853618907708606,-0.00045095839267764154
8755,875.5,-0.0008831080189843629,-0.0005423897886640124
8756,875.6,-0.0007160044257313828,-5.92356540249998e-05
8757,875.7,-0.0006525979819434268,9.520727869277824e-05
8758,875.8000000000001,-0.0009779104128417187,0.00010065464196719025
8759,875.9000000000001,-0.0007213488951295225,0.00047482438637975766
8760,876.0,-0.00019785216063340473,-8.769903913893451e-06
8761,876.1,-0.000175349522438477,-0.00029784544238899054
8762,876.2,-0.0006035679546506709,-0.0008910115165438034
8763,876.3000000000001,-0.0007013796924314001,-0.0006004801812791476
8764,876.4000000000001,-0.00046588338682373624,-0.00017581794296090469
8765,876.5,-0.00020388829615145194,0.00023144510865470277
8766,876.6,-0.00028579950792194896,-0.0003451912399810508
8767,876.7,-0.000656823989006018,-0.0008803824405724998
8768,876.8000000000001,-0.0011756756519492053,-0.0007768902434031767
8769,876.9000000000001,-0.00116948057838288,5.722019517481158e-05
8770,877.0,-0.0003328431421093226,0.0006593546827367212
8771,877.1,3.9883336558071306e-05,0.0005231967987335284
8772,877.2,-3.77920039126074e-05,-1.7198604113936305e-05
8773,877.3000000000001,0.0001301229506913879,-0.0006369581791546699
8774,877.4000000000001,0.000449388600739724,-0.000999605701320904
8775,877.5,0.00032641213218722557,-0.0010338909923506391
8776,877.6,0.000166757305675493,-0.0007736969485279261
8777,877.7,7.137626834498836e-05,-0.0004743212432011578
8778,877.8000000000001,0.00014178243537892724,0.0002496781388327076
8779,877.9000000000001,0.0003597825121716757,-0.00041429813039135105
8780,878.0,0.000513829577786554,-0.0006371244164680525
8781,878.1,0.0010615843786624772,-0.0002833781423028528
8782,878.2,0.0011271965999988048,-6.062380764772736e-05
8783,878.3000000000001,0.0003961621984654806,0.0003284237811674671
8784,878.4000000000001,-0.00018057019004237332,-1.2681670581523916e-05
8785,878.5,-0.0002737271454313506,-0.00016683534099383533
8786,878.6,-0.00044704428612904305,0.0001151762648534755
8787,878.7,-0.0005166240926642754,0.000786497352146716
8788,878.8000000000001,-0.0002979543093926803,0.000809016614676817
8789,878.9000000000001,4.783716567722391e-05,0.00039761133245364976
8790,879.0,-6.869009841042061e-05,0.00029145730448309717
8791,879.1,-0.0006923864978125822,-0.00031276837738435965
8792,879.2,-0.0009010482314680267,-0.00052084647467638
8793,879.3000000000001,-0.0007329408614700316,-0.0009669924473258093
8794,879.4000000000001,-0.0008645165472271698,-0.000878460645132221
8795,879.5,-0.0008494525456082319,-0.0004877825894763981
8796,879.6,-0.0002163398829605008,-5.497076698163473e-05
8797,879.7,0.00037684838367824396,0.0006777631431576855
8798,879.8000000000001,6.487223302996511e-05,0.0005906703678978496
8799,879.9000000000001,-0.0008384939173653207,0.0007405328228476339
8800,880.0,-0.0013616386370554614,0.0005509357930122599
8801,880.1,-0.0010644325878461358,0.0008459130538495842
8802,880.2,-0.0006244967559392686,0.0008969208806782175
8803,880.3000000000001,-0.0006998048915395869,0.0006177917475039628
8804,880.4000000000001,-0.0011089793506409318,-0.00012496817278655813
8805,880.5,-0.0012002382081579967,2.2028246269837168e-05
8806,880.6,-0.0010900122563285994,0.00028407529169652366
8807,880.7,-0.000987295448036131,0.00014041069560362962
8808,880.8000000000001,-0.0009113599955208863,0.0005064353744050603
8809,880.9000000000001,-0.0009224602847074205,0.0007202154238025801
8810,881.0,-0.0009689457971582243,0.000498030498819971
8811,881.1,-0.0006996597210314148,0.0004154814990699617
8812,881.2,-0.00023587799110723876,-0.0002638028020503329
8813,881.3000000000001,-0.00037192318895033023,3.211384516281751e-05
8814,881.4000000000001,-0.00015838418448715826,-6.183732564702632e-05
8815,881.5,0.00019646264110518026,-0.00023678012573180563
8816,881.6,-5.585664270028303e-05,-0.00023451035402846372
8817,881.7,0.00012991783448476513,0.00028332698475622717
8818,881.8000000000001,0.0007700690592163802,-7.275547740614259e-05
8819,881.9000000000001,0.0013725548973225125,2.820233325946251e-05
8820,882.0,0.0011844338681448192,-0.0004569385524659842
8821,882.1,0.0008535270133202993,-0.000338732005128404
8822,882.2,0.00029555004028867333,-5.481009960806189e-05
8823,882.3000000000001,-3.088931155506931e-05,8.424140726715026e-05
8824,882.4000000000001,-0.00032810824187889964,1.9378918978051747e-05
8825,882.5,-0.0007974036337295002,-0.0004020492178891643
8826,882.6,-0.001004687470569982,-0.00027349413078374304
8827,882.7,-0.001377714504696423,-2.7364095160379252e-05
8828,882.8000000000001,-0.0019989656438080365,-0.0007731163235714811
8829,882.9000000000001,-0.002060300800529562,-0.00043304281783529186
8830,883.0,-0.0018315474681570348,-0.00020692799307283808
8831,883.1,-0.00162334309923847,0.00018698927395436704
8832,883.2,-0.0015025634393787339,0.00020706091547568946
8833,883.3000000000001,-0.0013943342738018908,-1.0388583296719137e-05
8834,883.4000000000001,-0.001556152081566555,-1.1900102086581103e-05
8835,883.5,-0.0020866553166408535,0.000101095935635391
8836,883.6,-0.002167819159418296,-0.00019604481000362478
8837,883.7,-0.0016332056381191198,-0.0001283471683001473
8838,883.8000000000001,-0.00111054505228816,-0.00014323536605739508
8839,883.9000000000001,-0.0006634186153176788,-9.844334861976445e-05
8840,884.0,-0.00023566275461638062,6.962782708884414e-05
8841,884.1,9.123686655411134e-05,2.183294195656596e-05
8842,884.2,-0.00012519116200832906,0.00024291857496305344
8843,884.3000000000001,-0.0004521269196326011,0.00015326729495092646
8844,884.4000000000001,-0.0005864767492136963,-0.00014257958543966573
8845,884.5,-0.0006915130307282115,-0.00020721777633041417
8846,884.6,-0.0005226121933496104,0.00012340058981229158
8847,884.7,-0.0004086152550822292,-0.00015701986450894346
8848,884.8000000000001,-0.0002385654449061342,0.0003891777428328788
8849,884.9000000000001,-0.00020480487105615285,0.0006490061836532206
8850,885.0,-3.077215449911836e-05,0.0004825420488351579
8851,885.1,0.0003269131293356357,0.00035561716985086397
8852,885.2,0.00045488855651682776,0.00015418345052324657
8853,885.3000000000001,0.00024907119302108166,0.0003156199157169495
8854,885.4000000000001,2.5881778721334007e-05,-0.00013912679850427447
8855,885.5,-0.0003961892754099536,0.0002276779111402585
8856,885.6,-0.0006029369809946668,0.0005036763932003719
8857,885.7,-0.000542645335133472,-0.00022986854740411307
8858,885.8000000000001,-0.0002400895906083433,2.9044710674902212e-05
8859,885.9000000000001,-0.00021300111709952974,0.0005408468869139233
8860,886.0,-0.0002147997855737116,0.0003210936966312178
8861,886.1,-0.000376373778369492,2.7911537782744315e-05
8862,886.2,-0.0006069912811820531,-0.00013752936261773578
8863,886.3000000000001,-0.0007344091088886867,-0.00010014385071211828
8864,886.4000000000001,-0.0008928516661422478,-0.0003878003193299447
8865,886.5,-0.0005044545034384579,-0.0003879171346527657
8866,886.6,0.00015725474108464985,-0.00013344110123074914
8867,886.7,0.00016773944608769077,0.0002683667435354603
8868,886.8000000000001,-0.00033699187713208287,0.00020081808945434298
8869,886.9000000000001,-0.0006565882423988158,-8.766955208032125e-05
8870,887.0,-0.0010652998637196147,-0.0002918071599853614
8871,887.1,-0.0013222045955494886,-0.0005635913135535222
8872,887.2,-0.0004856374613086781,-0.00019811312113213807
8873,887.3000000000001,0.0004737983754894437,-0.0005503083715754487
8874,887.4000000000001,0.0006312898122632447,-0.0009125783707220815
8875,887.5,0.0006432813870441697,-0.0013393473889946686
8876,887.6,0.0010821494182227534,-0.0007082241058522712
8877,887.7,0.0012731389183452653,-0.0003517056247805542
8878,887.8000000000001,0.0011098684215851559,2.6501998385134015e-05
8879,887.9000000000001,0.0008929142593252338,0.000356076740887145
8880,888.0,0.0009252547540572646,0.00019397041447342082
8881,888.1,0.0009166207358316503,-0.00016272421299632825
8882,888.2,0.0007073667832521877,-0.0003003787240878225
8883,888.3000000000001,0.000537791725896545,-1.3999234490667324e-05
8884,888.4000000000001,0.0005023538304393555,0.0002457861403134233
8885,888.5,0.0007187655598356648,0.0006404431596094712
8886,888.6,0.0006067610899635457,0.00033510623916577806
8887,888.7,-5.748149350873648e-05,-6.488088321469101e-05
8888,888.8000000000001,-0.0002505646990229072,-0.0004685857950299189
8889,888.9000000000001,0.00019641994928138292,-0.0004416171216530243
8890,889.0,0.0005965002480547134,7.555643259383193e-06
8891,889.1,0.0007004662938952932,6.071754386438397e-05
8892,889.2,0.00029905502460873763,0.0006009333678874228
8893,889.3000000000001,-0.0002675063903115974,0.00025196827299176096
8894,889.4000000000001,-0.00043445784500434196,0.00032864626438107556
8895,889.5,0.0001387062489563182,0.0003919610431123456
8896,889.6,0.0004614705056884029,6.943136046445813e-05
8897,889.7,0.00018590922730763376,-0.00012029952606306214
8898,889.8000000000001,-0.0006987922924119249,-0.0008068928685902759
8899,889.9000000000001,-0.0010491461538142811,-0.0008816393007463027
8900,890.0,-0.0004437564245506832,-0.0005762449174104759
8901,890.1,5.479898340437069e-06,1.9214400439412585e-05
8902,890.2,0.00016397153349011112,0.0004919723705974732
8903,890.3000000000001,0.00014076610647738267,-0.00030027608620252936
8904,890.4000000000001,-0.00024147169838199378,-0.00042602949670637907
8905,890.5,-0.000481923010096163,-0.00021779196924808945
8906,890.6,-0.0005123165405502987,-0.0003695032971189957
8907,890.7,-0.0006083851128292546,-0.00010882095971400578
8908,890.8000000000001,-0.0006321200782678074,0.0005789813980888191
8909,890.9000000000001,-0.0007426129756117594,0.00038320558560045573
8910,891.0,-0.0007301277919574605,0.00039577771658101793
8911,891.1,-0.0003251046038429116,0.0004949989098576996
8912,891.2,0.00015997832537926725,0.00030586579417312657
8913,891.3000000000001,7.571037179984673e-05,-0.0002455198269811617
8914,891.4000000000001,-0.00017887048297335575,-0.0002593426018548012
8915,891.5,0.00011511568569028973,0.00020968343114067232
8916,891.6,0.00029164256559516,0.0004977680337801769
8917,891.7,0.00017518504128669776,0.0010089136654249506
8918,891.8000000000001,8.647680156222797e-05,0.0013208971125990056
8919,891.9000000000001,0.00024043639532385458,0.0010576929074290848
8920,892.0,0.00032278965408972013,0.0003509581447756756
8921,892.1,0.0006548044761636294,-0.00010275114031749099
8922,892.2,0.000880836115819688,9.145810241795358e-05
8923,892.3000000000001,0.0008228682373196505,0.0002285131644207703
8924,892.4000000000001,0.0005443185580554567,0.0004140816456400389
8925,892.5,2.5608973329788718e-05,0.0007793184793632988
8926,892.6,-0.0005352184529805107,0.0007674309119318281
8927,892.7,-0.00044005021346343344,0.00031117143969883936
8928,892.8000000000001,0.00018988712662614237,4.179681786742412e-05
8929,892.9000000000001,0.000486334380994272,0.00023316844630573663
8930,893.0,0.0001560409222686805,0.00019522431311027572
8931,893.1,0.00010071060986384434,9.043125626466853e-05
8932,893.2,8.122008279686767e-05,-0.00033339429500546107
8933,893.3000000000001,0.0005105604534525476,-0.0008717368020476311
8934,893.4000000000001,0.0010157453020808037,0.00017311578637330818
8935,893.5,0.0011387484475919114,0.0006759727700534043
8936,893.6,0.0008270370903220573,0.0009456430990895718
8937,893.7,0.0009193961709604086,0.00046513671293649337
8938,893.8000000000001,0.0014171343043721373,0.0008103968532284603
8939,893.9000000000001,0.0013825417058519452,0.0005929504741603701
8940,894.0,0.0007142490836188224,2.7697191558030793e-05
8941,894.1,0.00023431826945615762,-0.00048773497550510907
8942,894.2,4.003473565767298e-05,-9.464603041888275e-05
8943,894.3000000000001,0.000299640317477111,-0.0001521286062261818
8944,894.4000000000001,0.0007837556027912943,7.220445627821953e-05
8945,894.5,0.0008424252664204942,0.00040611839124079683
8946,894.6,0.00024737224074656926,0.000745173910757776
8947,894.7,-5.273863890890798e-07,0.0004347315797539125
8948,894.8000000000001,9.973873564035188e-05,0.00044435915848191815
8949,894.9000000000001,0.0005116132319085854,0.0004932827632883474
8950,895.0,0.000181483649360457,-0.00016537444160308112
8951,895.1,-0.0006829762211510437,-0.00032976408940335134
8952,895.2,-0.0006238090549203646,-0.00024088157070846662
8953,895.3000000000001,0.00014880754043260398,-4.894184248669069e-06
8954,895.4000000000001,0.0004900152657574965,0.00017639062904258555
8955,895.5,2.6014066224708977e-05,0.00032338362566332996
8956,895.6,-0.00029608681631699256,0.0004622670429499626
8957,895.7,5.394425712683813e-05,0.0005674526603633777
8958,895.8000000000001,0.00033358851513119687,0.0008863986804286398
8959,895.9000000000001,0.00020599611866940575,0.0006795653134749831
8960,896.0,1.894338574515733e-05,0.00041681891801287346
8961,896.1,-0.0003641300760678063,-6.930197558093e-05
8962,896.2,-0.0008155317781712574,8.166928102152786e-05
8963,896.3000000000001,-0.00041662995978921524,0.0002699880342944225
8964,896.4000000000001,-9.532167642307394e-05,0.0003784004321082108
8965,896.5,-0.0002790875607775822,0.00010840849998985861
8966,896.6,-0.00042594332166121136,0.00036086080156356315
8967,896.7,-0.0002306028307160952,7.250129191272666e-05
8968,896.8000000000001,-6.799003676290307e-05,-4.9264906462432284e-05
8969,896.9000000000001,-0.0003180104938595045,-2.3396571129253365e-05
8970,897.0,-0.00026351744149279307,7.495720027902423e-06
8971,897.1,-3.222825241139203e-05,0.00010382697372674658
8972,897.2,0.0002807860926248736,0.00016410383514926815
8973,897.3000000000001,0.0005837216464989245,0.00027943662410349635
8974,897.4000000000001,0.00032177374123374276,0.00031179541620277235
8975,897.5,-0.00020113012465006056,0.0005585319458812785
8976,897.6,-0.00045879733182985325,0.0007901608992172981
8977,897.7,-0.00019636045299585087,0.0008947919581174169
8978,897.8000000000001,0.00010674029327670174,0.0009357224069435364
8979,897.9000000000001,7.845203948436909e-05,0.0005324708846394904
8980,898.0,-0.00013398457793387713,0.00033992724965240494
8981,898.1,-0.0003913996971323199,-0.00027335042698003255
8982,898.2,-0.0004141403673794493,-0.00017174156443482992
8983,898.3000000000001,-2.9180320528838018e-05,-0.0002524015433828886
8984,898.4000000000001,0.0005023797959839536,0.0003197656762484953
8985,898.5,0.0006756545147867136,-0.00013863416967438666
8986,898.6,0.00034026028513671583,-0.0003673080018148428
8987,898.7,0.0002008379222321506,0.0004020518132065686
8988,898.8000000000001,0.0005636544248434265,4.7881281796262395e-05
8989,898.9000000000001,0.0008956639297780072,-0.00015459308551402337
8990,899.0,0.0008037554482483795,-0.00019938185065126557
8991,899.1,9.552561358530674e-05,-0.0003370289575232234
8992,899.2,-0.0004655998914016401,-0.000195201227977054
8993,899.3000000000001,-0.000579696437172138,3.368792109441281e-05
8994,899.4000000000001,-0.0003815525559059736,3.43432595196412e-05
8995,899.5,-0.0005311360188950368,-0.0003502257974232627
8996,899.6,-0.0005763496975887346,-0.0006106393141389715
8997,899.7,-0.0003185971327085128,-0.0005009829789017428
8998,899.8000000000001,-6.475423356225592e-06,-0.00017860928579538758
8999,899.9000000000001,5.209666364390941e-05,3.0982263238270523e-07
9000,900.0,0.0001676263063395186,-0.0002748056161186491
9001,900.1,-0.00021838076139959843,-5.3053110642019216e-05
9002,900.2,-0.0005547540659178652,-0.0004570943871384647
9003,900.3000000000001,-0.00012280990614006867,-0.0006021973710860258
9004,900.4000000000001,0.00034092667212789313,-0.0004914671175742244
9005,900.5,0.0001644620921061971,-0.0003782655563386983
9006,900.6,-0.00022802709687671501,-0.00032152685642203766
9007,900.7,-0.0006026941384357739,-0.0006495346704210715
9008,900.8000000000001,-0.0008562535911144686,-0.0008817219012179455
9009,900.9000000000001,-0.0006459811591790276,-0.000610187633008385
9010,901.0,-0.00029831093932981465,-0.0005345254855698871
9011,901.1,-0.00047485898770556484,-0.00010088567723377131
9012,901.2,-0.0007545236953636422,0.0006115925001154382
9013,901.3000000000001,-0.0005020090820510242,-0.0004336235270270573
9014,901.4000000000001,-0.00047749957844109487,-0.0003271137839367027
9015,901.5,-0.0005245151267938829,-0.00035420502436528986
9016,901.6,-0.0006263935246958172,9.556413284489537e-06
9017,901.7,-0.0005732192511615268,0.0005638513213822503
9018,901.8000000000001,-0.000627815803516354,0.00046842565370770994
9019,901.9000000000001,-0.0010150577014488929,3.836640422068444e-05
9020,902.0,-0.0011318197379104652,-0.0003035969362048608
9021,902.1,-0.0008477684240613235,-8.258262473429324e-05
9022,902.2,-0.0006361627045990091,-5.520578349960279e-06
9023,902.3000000000001,-0.000780900756570536,-0.0003946765328054778
9024,902.4000000000001,-0.0007917133456762595,-0.0010990983576132033
9025,902.5,-0.0008895066137819284,-0.0007734545026694273
9026,902.6,-0.0006918396913639499,-0.00028717105174222093
9027,902.7,-0.0005382317973170638,0.00020598177729699607
9028,902.8000000000001,-0.0010429715724693909,5.784086148292468e-05
9029,902.9000000000001,-0.0015414374703894217,-0.0001457941932284025
9030,903.0,-0.001482721154679198,-0.0003612827288746856
9031,903.1,-0.0014056395679478628,-0.000315297765998169
9032,903.2,-0.0011776445524682361,-0.00019073863798360155
9033,903.3000000000001,-0.0011043709415366244,-0.0003380968712697129
9034,903.4000000000001,-0.00112920192416218,0.00035627342192136964
9035,903.5,-0.0011856553233258748,0.0002730894864638347
9036,903.6,-0.0011931382178050818,-5.5754114100139095e-05
9037,903.7,-0.0013364630429028538,-0.00046579931842782385
9038,903.8000000000001,-0.001579545393431387,-0.0010311052321169583
9039,903.9000000000001,-0.0017436469022373267,-0.001207593425139372
9040,904.0,-0.001580632660599144,-0.001157733847211822
9041,904.1,-0.0008923973515873436,-0.0011666243035818196
9042,904.2,-0.000676733224283622,-0.0007652699498920852
9043,904.3000000000001,-0.0006575658060610851,-0.0006162481126536089
9044,904.4000000000001,-0.0001512058200091358,-0.0001638770558642947
9045,904.5,0.000515528482959384,-8.987946300113328e-05
9046,904.6,0.0005280858240457343,0.00020821685001633052
9047,904.7,-7.874300748520789e-05,-0.00016182839032598557
9048,904.8000000000001,-0.0008006725927571112,-0.00038018359879144696
9049,904.9000000000001,-0.00024945579005839164,-0.00045859980582469546
9050,905.0,0.0004994291204802243,-0.00043528487812858875
9051,905.1,0.00035605962259159675,-0.0005582795522986711
9052,905.2,6.234241589058442e-05,4.91022423020847e-06
9053,905.3000000000001,0.0003236622296126638,0.0002244494309818867
9054,905.4000000000001,0.00027376027791809474,0.00044204956320721526
9055,905.5,-0.0004959268454534536,0.00031590958913869715
9056,905.6,-0.0009096119187578889,0.00044765659481850093
9057,905.7,-0.0009177652297630948,-0.00010320826621225346
9058,905.8000000000001,-0.0007136305995404383,-0.00018647942223512604
9059,905.9000000000001,-0.0007933614160829976,-0.00029644835280591056
9060,906.0,-0.001066767687385607,-0.00015189675309302617
9061,906.1,-0.0011879603429867745,-0.00010220430038365439
9062,906.2,-0.0011777499118679929,0.0004714571976524162
9063,906.3000000000001,-0.0010741693468818195,0.00025937678184355633
9064,906.4000000000001,-0.0007196778216282415,0.00044694687382072643
9065,906.5,-0.0007567294614857357,-0.00011323301871767782
9066,906.6,-0.0011708950327564652,0.0005704024918820166
9067,906.7,-0.0015538322942503474,0.00042444027964791647
9068,906.8000000000001,-0.0014588599615701827,0.0005178534083226945
9069,906.9000000000001,-0.0015261895738374728,0.00016894354732653702
9070,907.0,-0.0019985020390195854,2.1681175698493655e-05
9071,907.1,-0.0021534472987244343,0.00012852281422498716
9072,907.2,-0.0012220748065016403,0.0002728759144282286
9073,907.3000000000001,-0.0002605387319840805,0.0004707045684931363
9074,907.4000000000001,3.730741365328947e-05,4.0747540900511774e-05
9075,907.5,-5.8512502990874197e-05,-0.0005886172764265899
9076,907.6,-0.000501914499903224,-0.0004146053797583973
9077,907.7,-0.0008636284082278262,-0.00014429336106480553
9078,907.8000000000001,-0.0009721086143053698,-2.3296211496834825e-05
9079,907.9000000000001,-0.000474602800143299,0.00010578916951201224
9080,908.0,-0.0001026499692206141,-0.00010938387251801756
9081,908.1,-0.0003262417179220204,9.264744172245207e-06
9082,908.2,-0.00034556380343488634,-8.325815447582357e-05
9083,908.3000000000001,0.00014024045893341904,-0.00025245204919673513
9084,908.4000000000001,0.00030983962299158097,-3.561774378881748e-05
9085,908.5,0.0004552484881054003,-0.00024156234200580645
9086,908.6,0.0009516494266967646,-2.7952395316040485e-05
9087,908.7,0.0013010556523297147,0.00029076482456575356
9088,908.8000000000001,0.0010019024696889846,0.00021692752050739172
9089,908.9000000000001,0.0007306148202564079,0.00017795719269672467
9090,909.0,0.0009950630396040766,0.0002938829270657417
9091,909.1,0.0013851550593211028,-0.00014939472297500084
9092,909.2,0.001656361428420653,-0.0004695272765160571
9093,909.3000000000001,0.0018514674092843554,-0.00015902129807796725
9094,909.4000000000001,0.0015093578865931132,-5.570799441100051e-05
9095,909.5,0.0007433596928750306,0.00020784959450261635
9096,909.6,0.0009164917190041921,0.0009141254212583587
9097,909.7,0.0017118034285509588,0.0008045367982079378
9098,909.8000000000001,0.0017232361122669615,0.0008406146841855501
9099,909.9000000000001,0.001132354287001477,0.0007653245665430932
9100,910.0,0.0008995211102741777,0.0006165934829251435
9101,910.1,0.0008395181499238298,0.0002031453609208724
9102,910.2,0.0010747781011263852,7.918331709251426e-05
9103,910.3000000000001,0.0011377898895788986,0.0003716314701547843
9104,910.4000000000001,0.0006318528482574356,0.00031483472777930145
9105,910.5,0.0004199354304567524,0.00016711281464108793
9106,910.6,0.0005250971343797095,-1.7544259495989736e-05
9107,910.7,0.0005803164786928591,-0.00020513857208460834
9108,910.8000000000001,0.0005780439451169105,-0.00010974315329050332
9109,910.9000000000001,0.00047018990168784557,-0.00018139769033503347
9110,911.0,0.0003067381025497321,0.00021450860358951629
9111,911.1,0.0004960240308423403,0.0004220388767621729
9112,911.2,0.00013175247210226346,0.0004284587186274471
9113,911.3000000000001,8.350667085885903e-06,0.0003726190259679487
9114,911.4000000000001,-0.00021640295625724668,0.0003155111104235528
9115,911.5,-0.0006429597480923121,2.1703208840918587e-05
9116,911.6,-0.0006719400397843317,0.00021031248347694586
9117,911.7,-0.00038141286753491665,0.00023276295153930757
9118,911.8000000000001,-0.00042906374630686487,0.0004873165354124527
9119,911.9000000000001,-0.0004948759223330635,0.0001339844944591364
9120,912.0,-0.00037294204826756027,-0.0001580750906613259
9121,912.1,-0.0004909013685179487,-0.0004468415218631055
9122,912.2,-0.0005344168789150653,-0.000387108692636309
9123,912.3000000000001,-0.0005941558735274633,-0.00028861990789245056
9124,912.4000000000001,-0.0007577450377102625,0.00022852638444104413
9125,912.5,-0.0005217063854472927,0.00018435697479931697
9126,912.6,-0.0004503962140565015,0.00026449462110295205
9127,912.7,-0.0007498986615669729,0.0004549457713560587
9128,912.8000000000001,-0.0006064866494405647,0.0003714402942138652
9129,912.9000000000001,-0.0004992963029598194,0.0006848992241441511
9130,913.0,-0.0009652658098429477,5.8587888216741815e-05
9131,913.1,-0.0015202673826998942,-0.0004073500225529275
9132,913.2,-0.001564732574710285,-0.00021923846946880152
9133,913.3000000000001,-0.0016862491572324795,-0.0005881989940841096
9134,913.4000000000001,-0.0015503371622592479,-0.00016486839236659194
9135,913.5,-0.00099909347753182,5.906094351900002e-05
9136,913.6,-0.0006778649256039604,0.0002983634486606639
9137,913.7,-0.0007095110695547902,-0.00014920057436936855
9138,913.8000000000001,-0.0006854400721265786,0.0002847979650882816
9139,913.9000000000001,-0.0007162209357321132,6.045558836194938e-05
9140,914.0,-0.000993315517726392,0.00020222854786530552
9141,914.1,-0.0012080740124253168,0.00047595658052377454
9142,914.2,-0.0012340964173186075,0.00015302170495012837
9143,914.3000000000001,-0.0010635993365903976,-0.00018683136341576142
9144,914.4000000000001,-0.0008619084853420301,0.00039930428145322245
9145,914.5,-0.0006727767686443899,1.1640880615331824e-05
9146,914.6,-0.0003420878270996747,-0.000558159951420597
9147,914.7,-0.0006502507296964715,-0.000694654321850057
9148,914.8000000000001,-0.001063485581992094,-0.00038605030923544826
9149,914.9000000000001,-0.0011324209105588378,-0.00019730408086683228
9150,915.0,-0.0010275179875692264,-0.00013075612155173503
9151,915.1,-0.0007339143587516405,5.677961318350311e-05
9152,915.2,-0.0007795330394347583,-5.121330365329212e-05
9153,915.3000000000001,-0.0005375963668632823,7.912300056639594e-05
9154,915.4000000000001,-0.000532864118839356,-0.00023753458181809912
9155,915.5,-0.0011403676161535106,-0.00010518299517909424
9156,915.6,-0.001695046697910112,-3.702414488736038e-05
9157,915.7,-0.0013145362498506133,-0.00016218505751153378
9158,915.8000000000001,-0.00016217019017760188,-7.345404028142783e-05
9159,915.9000000000001,0.00016143445810413464,0.00015790592850013256
9160,916.0,3.2657194483044465e-05,0.000465231509985489
9161,916.1,0.0005954003442671217,0.0007454290038792507
9162,916.2,0.0007984212881537962,0.0007369950897935831
9163,916.3000000000001,0.0005606425859635043,0.00026633091955428526
9164,916.4000000000001,0.000133025782233991,0.00027574541536306044
9165,916.5,0.0002462378493931965,0.0003650445969357243
9166,916.6,0.0005698112097838862,0.0002961712396882102
9167,916.7,0.0003423867630620175,0.00022802604961674085
9168,916.8000000000001,0.00017045120133249957,0.00010482234512814685
9169,916.9000000000001,0.0005686523958041297,-0.0002472336434116526
9170,917.0,0.0011272587974418945,-0.00025571764227719424
9171,917.1,0.001359871215961726,-0.0001335231542211693
9172,917.2,0.0008795491336128643,-0.00028016890952130833
9173,917.3000000000001,0.000498519852403268,-0.0004934417951549538
9174,917.4000000000001,0.00048704234401340395,-0.0006270332761969581
9175,917.5,0.000596745886970549,0.00020651920772829578
9176,917.6,0.0006525852094774721,0.0004673953079114328
9177,917.7,0.0007329951594013328,0.000817435227258265
9178,917.8000000000001,0.0008343607756857525,0.00011641424570685411
9179,917.9000000000001,0.0008140425901861134,5.5735137741079624e-05
9180,918.0,0.0010896888602147982,0.0002201799842862431
9181,918.1,0.0016218790901025826,0.0002842272107887907
9182,918.2,0.0018980523627360282,0.00013941380782552489
9183,918.3000000000001,0.001884116883819999,0.00011774188892085587
9184,918.4000000000001,0.0019507824963856993,-9.814702382487954e-05
9185,918.5,0.0019191688601383973,-0.00045892304809513955
9186,918.6,0.0019508795603001069,-0.0004788181702451488
9187,918.7,0.0019673078710391654,-0.0006152479432828622
9188,918.8000000000001,0.0016681413548331396,-0.00043764765114745924
9189,918.9000000000001,0.0014622333003012711,-0.00035003435501616684
9190,919.0,0.0012158767521806427,3.4030094642624525e-05
9191,919.1,0.0009714474063371327,0.00042464573291595977
9192,919.2,0.0009085026583208163,0.0005966465822697732
9193,919.3000000000001,0.00104925259570712,0.00043212162721913497
9194,919.4000000000001,0.001394949281142387,-0.00011904968721460154
9195,919.5,0.0013635898288781305,0.0001156493573346888
9196,919.6,0.0010342470003398565,0.0004400592444835015
9197,919.7,0.0007502234719604299,0.0002916358723510918
9198,919.8000000000001,0.0001732543512720184,-0.00036995280948828266
9199,919.9000000000001,6.876900262490502e-05,-0.0004774762273860493
9200,920.0,0.0005623251634757357,-0.00020189930997054298
9201,920.1,0.0007943397120881236,0.00021312291581606366
9202,920.2,0.0006949367612745083,0.00014755316749462643
9203,920.3000000000001,0.00010483711918677614,-0.00011909930202878835
9204,920.4000000000001,-0.00028010546246802877,-0.00017921426351443547
9205,920.5,0.0003060103609904858,0.00012322585992145615
9206,920.6,0.0007127598747446276,0.0006236089554414557
9207,920.7,0.0006386034730406005,0.0004990890113762155
9208,920.8000000000001,0.0010004120466643482,0.00013448610421592727
9209,920.9000000000001,0.0011505732689240855,6.203089851689714e-05
9210,921.0,0.0010564614830955205,-3.3111979923419734e-05
9211,921.1,0.0012729821103052677,0.000329427738729339
9212,921.2,0.0016470733122602855,0.0006848865383312662
9213,921.3000000000001,0.0017403447228508911,0.001195997271568296
9214,921.4000000000001,0.0017944100049350682,0.001576872327893769
9215,921.5,0.00184180666055908,0.0011320266299322311
9216,921.6,0.0015829491818778883,0.0004984989167025667
9217,921.7,0.0013546625427040772,-0.00015400536899457765
9218,921.8000000000001,0.0011094084894581059,-0.00011546510102406519
9219,921.9000000000001,0.0011430049924374545,0.0007527174517525599
9220,922.0,0.0012492836839121493,0.0005104557103958253
9221,922.1,0.0011296415436427576,0.0006183793785869084
9222,922.2,0.0007678943950951816,0.0010398628384409784
9223,922.3000000000001,0.00044052361628844417,0.0006414936936637858
9224,922.4000000000001,0.00017236048621143373,0.0004825893219815166
9225,922.5,8.254285866998789e-05,0.00019637505125757795
9226,922.6,0.0002764854236868093,-0.00012477234801550144
9227,922.7,0.000496716617846823,-6.92015247432826e-05
9228,922.8000000000001,0.00027879892920847375,0.0005927094587084934
9229,922.9000000000001,0.0001217237949343833,0.0002840194663529389
9230,923.0,0.0003573468682786234,0.00011681655789261237
9231,923.1,0.0007315264642052311,0.0009930422826103717
9232,923.2,0.0007586052985494718,0.0003421212433975198
9233,923.3000000000001,0.0002451080301080196,0.00018972242724636266
9234,923.4000000000001,0.00025469758213926666,6.303725482801175e-05
9235,923.5,0.00041251775006703663,-0.0004965354080327341
9236,923.6,0.00042319965405392655,-0.0006731419494543552
9237,923.7,0.0002481935148686015,-0.0007251366742326888
9238,923.8000000000001,0.0002668674525593525,-0.0005349520413549307
9239,923.9000000000001,0.00045495527081817046,-0.0006479040151594308
9240,924.0,0.00042231543883448984,-0.0006389230434164701
9241,924.1,0.0003628248882530293,-0.0004656072798338424
9242,924.2,0.0005534367092893609,-0.00012709590074178758
9243,924.3000000000001,0.00016092162785639983,-0.00020486394326072428
9244,924.4000000000001,-0.00017429054339963563,-0.0001999578857359601
9245,924.5,0.000414493744728094,0.00020884607992658255
9246,924.6,0.0008019325448161528,-3.9667666515903355e-06
9247,924.7,0.0004412201953116169,0.0006052157103045885
9248,924.8000000000001,-0.0001703484543077465,0.00047959422336613984
9249,924.9000000000001,-0.00025408515042705653,-0.0005270104424267561
9250,925.0,6.690096927908499e-05,0.00031917571223796765
9251,925.1,-0.00015580544670632733,0.0007394589206346849
9252,925.2,-0.0009340815322575435,0.0009821545047059923
9253,925.3000000000001,-0.0012445363069786457,0.0005229791427058559
9254,925.4000000000001,-0.0012184030348659366,-5.557126857601788e-05
9255,925.5,-0.000770262487098606,-0.0007738426920244348
9256,925.6,-0.0005181955074206148,-0.0005126022188640491
9257,925.7,-0.0004500151512524752,-0.0003012219870003013
9258,925.8000000000001,-0.00031383442594394735,-0.00013434837509456048
9259,925.9000000000001,-0.0004614618915303667,-0.0003488886115366162
9260,926.0,-0.00037833396585683056,-0.0005463627231871661
9261,926.1,9.047362334139026e-06,-0.00042162176582240826
9262,926.2,-9.392355833911188e-05,-0.00022821586979081666
9263,926.3000000000001,-0.0001979264907355421,-9.013072339261394e-05
9264,926.4000000000001,-5.255793398715701e-06,-0.0007837446653191051
9265,926.5,-0.00010159089692895194,-0.00037358323368503907
9266,926.6,-0.00028568402790723373,-0.00010114358256490614
9267,926.7,-5.623232011453892e-05,-0.00014592814501939718
9268,926.8000000000001,5.596162798362372e-06,-0.00029384023961691774
9269,926.9000000000001,0.00023765116775783832,7.029640367804275e-05
9270,927.0,0.0004438718909431035,-0.0003831508944558981
9271,927.1,0.0003510391358380761,-0.00017143018039933425
9272,927.2,0.00010588456665114871,1.6701370764450142e-05
9273,927.3000000000001,-0.0001998615058490696,-0.00027977773166686906
9274,927.4000000000001,-0.0004143576783890505,-0.0011103760094792463
9275,927.5,-0.00041217944423846924,-0.0009698397119565201
9276,927.6,-0.0007508840925835736,-0.0003892332460797631
9277,927.7,-0.0010619977905553816,2.243742075631667e-05
9278,927.8000000000001,-0.000891616048087315,0.00011941721587178538
9279,927.9000000000001,-0.00054615953969508,0.0004310762392421984
9280,928.0,-0.0004919851772758248,-9.91582240664148e-05
9281,928.1,-0.00018324090899667875,-9.495650511811313e-05
9282,928.2,-0.0006198221262272879,-9.16225035764803e-05
9283,928.3000000000001,-0.0011821505553403474,-0.0005459176434220913
9284,928.4000000000001,-0.0009647533133317272,-0.0005949870366965586
9285,928.5,-0.000391162584560868,0.000238161996091669
9286,928.6,-0.00038887957556238417,0.0004232312299013349
9287,928.7,-0.00042131534351520376,0.00024871076001827875
9288,928.8000000000001,-0.00012961426711802313,0.00029847324655633237
9289,928.9000000000001,-5.045130969617546e-06,0.00010721911815090225
9290,929.0,-0.00020438136127137158,0.000497254029970309
9291,929.1,-0.00013098873340283715,0.0005145694032787082
9292,929.2,0.0003170943447989923,0.0004952269423483895
9293,929.3000000000001,0.0006713932007010791,-0.00035892485214033415
9294,929.4000000000001,0.000644275965260633,-0.0007287690365551124
9295,929.5,0.000495877136511424,-0.0009275772754620772
9296,929.6,0.0005806485010026856,-0.0005808140314489727
9297,929.7,0.0010058213065771747,-0.00013445298542069797
9298,929.8000000000001,0.0015748199702346943,-0.0001780703871529028
9299,929.9000000000001,0.0015880444642522602,-6.35236009920733e-05
9300,930.0,0.0011841473321589273,-1.2656846875621381e-05
9301,930.1,0.0007357233548128268,-0.00039816789288314627
9302,930.2,0.000881015396959899,-0.0003894853311129369
9303,930.3000000000001,0.001411094182229333,-0.00014165973925913693
9304,930.4000000000001,0.0012418215634484896,1.535810572858999e-06
9305,930.5,0.0005861689497924376,0.00021890472634152806
9306,930.6,0.0002418700280265133,-4.476171725156421e-05
9307,930.7,0.0002696550694823783,-0.0004525210487457427
9308,930.8000000000001,0.0007426134537160306,-0.0007164453484142255
9309,930.9000000000001,0.0007529267922100765,-0.0003457728073534548
9310,931.0,0.0004888311686307657,5.620699954713847e-05
9311,931.1,0.0006128998704102781,-0.0004621019199645604
9312,931.2,0.0005426947820860835,-0.0003359317842505874
9313,931.3000000000001,0.0003671827594348515,-0.0001226505851175699
9314,931.4000000000001,0.0002599228460878668,-0.00038759137596626415
9315,931.5,3.354742819225271e-05,-0.0007924293913201478
9316,931.6,0.000256358667506772,-0.00041733709852913813
9317,931.7,0.0003989555637515469,-9.272933819428827e-05
9318,931.8000000000001,-4.687650994331248e-05,-0.0003984735066336227
9319,931.9000000000001,0.0004044364345579997,-0.00021410437467463136
9320,932.0,0.0008811965245551136,2.641991215577913e-05
9321,932.1,0.00042757922588360466,0.0005215275205777937
9322,932.2,5.796704229929609e-05,-0.00056532632285427
9323,932.3000000000001,0.0001632255198465453,-0.0009050570952900728
9324,932.4000000000001,0.0004817278280529118,-0.0005945661801027061
9325,932.5,0.0007803021483353705,4.223457618192e-07
9326,932.6,0.0005224158691817062,0.0001970498369447511
9327,932.7,0.0001253133972101687,-0.00017232883762644723
9328,932.8000000000001,0.0006193835797245865,-0.0004659622816821726
9329,932.9000000000001,0.0015700344764906953,0.00034019244304783975
9330,933.0,0.0015140286093358842,-2.4596022286647317e-06
9331,933.1,0.0008670406507373732,2.567777233448432e-05
9332,933.2,0.0007730970425303226,-0.00023254959963908746
9333,933.3000000000001,0.0008192522026873005,-0.0002001420126112421
9334,933.4000000000001,0.0006764087636148674,6.901728218869366e-05
9335,933.5,0.00036639845525043586,-0.0003517711605125888
9336,933.6,0.0003626279384423286,6.469601393968253e-05
9337,933.7,0.0007144440940891431,-0.0001299721986113641
9338,933.8000000000001,0.0011514167246217157,5.334215268530052e-05
9339,933.9000000000001,0.0012193657718656938,0.000543162108267657
9340,934.0,0.0005835355930149431,0.0004327014714556137
9341,934.1,0.0003915392526867733,0.00020092314437339376
9342,934.2,0.0009747041760271044,0.00019643644547174456
9343,934.3000000000001,0.001097647103730855,-0.00020248224340781818
9344,934.4000000000001,0.0006670695950684387,-0.0007669865803746918
9345,934.5,0.0005231243936565166,-0.0005034976375762576
9346,934.6,0.0005527250356025413,-7.86203459172569e-06
9347,934.7,0.00027053492984182713,-7.514484920650907e-05
9348,934.8000000000001,0.00011246922312067451,5.355931670796587e-05
9349,934.9000000000001,0.0006075816096467058,0.00030721996986661103
9350,935.0,0.0011633303902794448,0.0006204157617360239
9351,935.1,0.0008810689623203334,0.0002527955723525033
9352,935.2,0.0001707581852996665,-0.0004082780497444372
9353,935.3000000000001,8.951192545497664e-05,-0.00019769198200563447
9354,935.4000000000001,0.0006264719828347187,0.00018513061787159336
9355,935.5,0.0007652590354316019,8.627441080413182e-05
9356,935.6,0.0008281841441562794,-0.00038706498622918356
9357,935.7,0.0011286494744011564,-0.0004609492654513459
9358,935.8000000000001,0.0012177081487790696,-0.00046174788550670923
9359,935.9000000000001,0.0009918999988765033,-0.0007685795956532999
9360,936.0,0.0002535251004114859,-0.0005870328142991853
9361,936.1,0.0002702635784933328,0.00011819449731723935
9362,936.2,0.000766379468510337,0.000282384957397023
9363,936.3000000000001,0.0003193654145438397,0.000457747321803755
9364,936.4000000000001,0.00014373648932381069,0.00024204319131723823
9365,936.5,0.0007703431381842616,0.0004444633231061141
9366,936.6,0.0011905045777153315,0.0004047277611441144
9367,936.7,0.0012562825089280332,0.0003289647073460671
9368,936.8000000000001,0.0014965770128859625,0.00026135906890006796
9369,936.9000000000001,0.0014704189007129686,-0.00024998736685328046
9370,937.0,0.0014234757217938526,-5.6170265034809426e-05
9371,937.1,0.0010677701106478286,-0.0001346504341053489
9372,937.2,0.0007464502264014849,4.893103738387721e-05
9373,937.3000000000001,0.0005389259100356321,-2.65818035117437e-05
9374,937.4000000000001,0.0004304354296183024,-0.0002593511017012052
9375,937.5,0.0003962301091007978,-0.00030368485172593194
9376,937.6,0.0006437717960108869,-0.0006314437366166557
9377,937.7,0.0005499522218472622,-0.0002621251714371304
9378,937.8000000000001,0.0008366597019036405,-0.00020457947915359685
9379,937.9000000000001,0.0012380056759548365,0.0006040210585070009
9380,938.0,0.0011780223376055023,0.0001812954051137585
9381,938.1,0.0006748544156043514,0.00042391437348468535
9382,938.2,0.0007414211927874191,7.432168566603488e-05
9383,938.3000000000001,0.0011138370029910457,6.14723875652834e-05
9384,938.4000000000001,0.0011073883919000575,-5.844661579458884e-05
9385,938.5,0.0008343817302024968,0.00010354667050948465
9386,938.6,0.00044226993603239815,0.0002090610520297905
9387,938.7,0.00041607622579424466,0.00012286281347804665
9388,938.8000000000001,0.0006309742404001941,7.118311802793354e-05
9389,938.9000000000001,0.0003968080587488588,0.00012518874236375
9390,939.0,0.0007353450228028864,0.00026885324664295275
9391,939.1,0.0010590891943154533,5.440921296708747e-05
9392,939.2,0.0009501425223394495,-0.0005786118217997601
9393,939.3000000000001,0.0008204273613712284,-0.00041969939647708125
9394,939.4000000000001,0.0001888963288288157,-0.00019058927506063943
9395,939.5,-0.00034501785493241255,-3.483264210195113e-05
9396,939.6,-0.00041408576037512074,-5.998807796394778e-05
9397,939.7,-0.00021045702034910697,-0.00013517145043883717
9398,939.8000000000001,-0.0002575284256145588,-0.0001507362393895279
9399,939.9000000000001,-0.00031332236376282747,-0.0005316198452672565
9400,940.0,-0.00013874505264289177,0.00011804469224866712
9401,940.1,-3.274256184558399e-05,0.00021640635211203274
9402,940.2,-0.000290193494522388,0.00012156789473022358
9403,940.3000000000001,-0.0007103652438808089,-0.00022952578648976457
9404,940.4000000000001,-0.0013662595720451132,-3.2060867335895496e-05
9405,940.5,-0.001997756137330816,-5.112628725072432e-05
9406,940.6,-0.002011758615002381,-0.0003629799460930436
9407,940.7,-0.0013874688444218462,-0.0002980778767825178
9408,940.8000000000001,-0.0015340041608297211,0.00035335449449869184
9409,940.9000000000001,-0.0021093241960204747,0.00021254154194079485
9410,941.0,-0.0020426025813676525,-0.0002135125227260848
9411,941.1,-0.0015102106440762937,-0.0002772126506691336
9412,941.2,-0.0012960402479508903,8.045187430389756e-05
9413,941.3000000000001,-0.0015174207987746322,-2.8287436646585177e-05
9414,941.4000000000001,-0.0016550636993331838,-0.00045898950489874985
9415,941.5,-0.001985235742399962,-0.0004548091491032501
9416,941.6,-0.0023968527185023697,-0.0003695522182152188
9417,941.7,-0.0026426347624699934,-0.0003109834177625262
9418,941.8000000000001,-0.0026557691151126266,-0.00014721860533206766
9419,941.9000000000001,-0.0021778006791462897,-0.0004561053416842565
9420,942.0,-0.0019204957720786867,-0.00018131422193688057
9421,942.1,-0.0018932173343738177,-3.3368970590951804e-05
9422,942.2,-0.0015012801779615299,0.00011182126458530505
9423,942.3000000000001,-0.0011650275204223373,-0.00012874551889700695
9424,942.4000000000001,-0.0015407251082875132,-9.970475637688535e-05
9425,942.5,-0.002252494674315042,-0.0006779796539078274
9426,942.6,-0.0023207648299807837,-0.0011163043082578574
9427,942.7,-0.0018448079049277464,-0.0010610857108182895
9428,942.8000000000001,-0.0015045028922381215,-0.000874904215489353
9429,942.9000000000001,-0.0012214723902959548,-0.0002630778393164035
9430,943.0,-0.0014006429603546128,7.27842228536593e-05
9431,943.1,-0.0019205917361607302,-0.00014106689283264069
9432,943.2,-0.0023818913890632006,-0.0005747240729398582
9433,943.3000000000001,-0.0024706344681305996,-0.0008351919351655312
9434,943.4000000000001,-0.0015766014733290428,-0.0004753691611417066
9435,943.5,-0.001025242451156137,-0.00023936567712643368
9436,943.6,-0.0012308025484655655,-0.00039389909200596314
9437,943.7,-0.001144862774849772,-0.0007568363959705181
9438,943.8000000000001,-0.000754224802783175,-0.0006655456636455968
9439,943.9000000000001,-0.0001129625912312355,0.00019059453939304963
9440,944.0,0.0001657404373973144,1.838924891762662e-05
9441,944.1,0.00021671787135356662,-1.5470388541850026e-05
9442,944.2,0.0003992028019324497,-0.00024771215698278964
9443,944.3000000000001,0.0004692812427742801,-0.00024878192147352655
9444,944.4000000000001,0.0002242323537790855,-0.0002866965656169224
9445,944.5,0.00012329181995924743,-0.00029558863689461555
9446,944.6,0.0003104806855806734,-4.053188554996182e-05
9447,944.7,0.0009167517551415573,-1.3839440814186108e-05
9448,944.8000000000001,0.0010564580633849597,-3.4037024547654016e-05
9449,944.9000000000001,0.0008301624168510853,5.118122598395916e-05
9450,945.0,0.0008507292433068972,0.00020482678654901482
9451,945.1,0.0010684402021547445,0.00014274812461027064
9452,945.2,0.0012563368684764288,-1.9805997870859718e-05
9453,945.3000000000001,0.0009930480589154806,0.00018642247576828474
9454,945.4000000000001,0.0006771869378287213,0.00011983038639880111
9455,945.5,0.000821448075636196,-0.0002230482235370733
9456,945.6,0.000830778653755279,-0.0002941599775329209
9457,945.7,0.0006406145751319537,-0.0006332899814078767
9458,945.8000000000001,0.000840466636555122,-0.0007293565943046402
9459,945.9000000000001,0.0007265260243767243,-0.0001867890956248021
9460,946.0,0.0003916820199581725,-0.00017591011577448756
9461,946.1,5.216889373541627e-05,-0.0003150652749707736
9462,946.2,-0.0002656296057577083,-0.00045128085009493344
9463,946.3000000000001,-0.0006156024483755188,-0.000173342498253411
9464,946.4000000000001,-0.0010390055935882148,-0.0007356316630713683
9465,946.5,-0.0008639068752397378,-0.0006063688965456596
9466,946.6,-3.358846568560032e-05,-0.0005367006586154662
9467,946.7,0.00041034704905671863,-0.0004876866464443038
9468,946.8000000000001,0.0005148577421358844,-0.0009522738105129735
9469,946.9000000000001,0.0006190732866899389,-0.0008262836052034212
9470,947.0,0.0006867839043587399,-0.0007024949356024277
9471,947.1,0.0006806883227169845,-0.0005189294929446505
9472,947.2,0.0004894616288593067,-0.0004652903686377194
9473,947.3000000000001,4.3753661243830984e-05,-7.263048667546431e-06
9474,947.4000000000001,0.00025014023223385637,-0.00016477366982800426
9475,947.5,0.0008639111398433026,-0.001026357973871654
9476,947.6,0.0011626953922007864,-0.0010141989396850585
9477,947.7,0.001068390827574136,-0.001091149951477821
9478,947.8000000000001,0.001345254402631949,-0.0006000096733232042
9479,947.9000000000001,0.0012693303909550545,-2.36448218134929e-05
9480,948.0,0.0008010046825048593,-0.0007686742339481659
9481,948.1,0.0004163171894679413,-0.0003605560631866142
9482,948.2,0.0005659681164901087,0.0003369798307059994
9483,948.3000000000001,0.0004757759557457312,0.00039491440861734434
9484,948.4000000000001,4.4487516594055717e-05,-0.00025272692401479203
9485,948.5,0.0001557538817497054,-0.0002950550719697956
9486,948.6,0.0006904617011664725,6.211764641875625e-05
9487,948.7,0.0006323233163141088,0.00038864986741399363
9488,948.8000000000001,-5.284888252412332e-06,0.00048193985463291416
9489,948.9000000000001,-0.00010226400942496643,0.0009993928067478677
9490,949.0,0.0004211195849347375,0.000142742162127458
9491,949.1,0.00100765251114899,0.00014378282537620487
9492,949.2,0.0009404747633902253,-1.5906366972128215e-05
9493,949.3000000000001,0.0002888956820262251,-0.00044361892044021635
9494,949.4000000000001,-0.00018666142335312067,-0.0005192751315093376
9495,949.5,-0.00019581672287121335,-0.0005508395660533776
9496,949.6,-9.687340829532587e-06,-0.0005606977958280823
9497,949.7,-8.269406038187876e-05,-0.00043526643218371987
9498,949.8000000000001,-0.00040219906161509145,-0.0005544935020487698
9499,949.9000000000001,-0.0005560705154587448,0.00018316737707162864
9500,950.0,-0.0009732872125475441,3.015560387068871e-05
9501,950.1,-0.0013091966201446634,-0.0003898956137713063
9502,950.2,-0.0010897639374789724,-0.00016097161105667706
9503,950.3000000000001,-0.0007681677047561721,-4.905278213803465e-05
9504,950.4000000000001,-0.000897454216935801,-0.0003849497300790082
9505,950.5,-0.001202838307090899,-0.0007104865413627733
9506,950.6,-0.0011664811899385512,-0.0006472650039353248
9507,950.7,-0.0006356223566387979,-0.00010526897393020495
9508,950.8000000000001,-0.0005039227114214511,-0.0003797326897994206
9509,950.9000000000001,-0.0009383322543215982,-0.0006349474811430887
9510,951.0,-0.001307677310097646,-0.0007596106018805055
9511,951.1,-0.0009613143338050525,-0.00031874722438992903
9512,951.2,-0.00017967387219402866,-0.0003103191216128832
9513,951.3000000000001,-5.726986800715797e-06,8.122083487191901e-07
9514,951.4000000000001,-0.00043121340177615906,-3.105376865987469e-05
9515,951.5,-0.000386625500207425,0.0001631042366795282
9516,951.6,0.00034841905339479085,0.00013696120514375109
9517,951.7,0.0011513506597298734,0.0002492401066279476
9518,951.8000000000001,0.001476754609332311,0.00015757502057791716
9519,951.9000000000001,0.0008831067021681864,-9.529363737231206e-05
9520,952.0,0.00045153004052245085,0.0001045790946025712
9521,952.1,0.0005854339050624758,-2.799675314532983e-06
9522,952.2,0.0010612217043185351,0.0003953080879261899
9523,952.3000000000001,0.0009677765832475476,0.00039137007279987815
9524,952.4000000000001,0.0005895307814246291,0.0004802765627314898
9525,952.5,0.0002034993067986297,-2.2996167533476717e-05
9526,952.6,0.00010542799316538522,-0.0007749508401288324
9527,952.7,0.00013589306570216446,-0.0002113263775486702
9528,952.8000000000001,0.00021756898817711028,-0.00024023916498171763
9529,952.9000000000001,0.0003553353933793204,0.00019199058197436153
9530,953.0,0.00027130574522065163,0.0003290712564051219
9531,953.1,0.0005178819479742081,0.000400271033838127
9532,953.2,0.0005754940348257459,0.000782282710479159
9533,953.3000000000001,0.00018829761908101356,0.0002679101868962905
9534,953.4000000000001,-0.00031586416643998333,-0.0003551016197350989
9535,953.5,-0.00036876068968969835,0.00023444949245494392
9536,953.6,-0.00026594382697360216,0.00012170646871072139
9537,953.7,-2.250518245839175e-05,0.0005117857500738886
9538,953.8000000000001,0.00036701043414603853,0.0007134065248624929
9539,953.9000000000001,0.00014970110039046238,0.0007944300766208522
9540,954.0,-0.0003310609810656634,0.0004723786033438042
9541,954.1,-0.00023605858243503963,-0.00011772847865794089
9542,954.2,-5.194591934603358e-05,-0.00027846794279792297
9543,954.3000000000001,-0.0001714870885044864,-0.0005531767329187082
9544,954.4000000000001,-9.919178269519562e-05,-7.960938782711411e-05
9545,954.5,0.00020856987789458635,-0.0003541438062524505
9546,954.6,0.0007143249590240358,-0.00026302570442272724
9547,954.7,0.0008889163245116411,1.2200447539477156e-05
9548,954.8000000000001,0.0004433580429934864,4.7320614125860016e-05
9549,954.9000000000001,0.00039801636483905285,-0.00011759009736149763
9550,955.0,0.00040558705775291113,0.0003790126376126878
9551,955.1,7.5502851810527e-06,0.0006232646616608203
9552,955.2,-0.0003296050042746581,0.00029789836316631386
9553,955.3000000000001,-6.353079192538114e-06,0.000353506067074033
9554,955.4000000000001,0.00013776365465685108,-3.193571094519501e-05
9555,955.5,1.3981882490718882e-05,-0.00016266914056434418
9556,955.6,6.155068059495133e-05,-0.00036680073975649106
9557,955.7,0.0001468339753551821,-0.0004918334779006427
9558,955.8000000000001,7.082836911910229e-05,-0.0003148137616335555
9559,955.9000000000001,0.00013093991050316315,0.000290240040423666
9560,956.0,0.0007066192251448619,0.0001845547595266556
9561,956.1,0.0008109389001646737,-0.0002742123512593384
9562,956.2,0.0002947942960655855,-8.218534348886207e-05
9563,956.3000000000001,0.0003622527756366196,-0.00022622926383414961
9564,956.4000000000001,0.000582926158081157,-9.318869074654035e-05
9565,956.5,0.00045540149067697504,0.00023641208511588884
9566,956.6,0.00022989526534305737,0.0004932013326334058
9567,956.7,0.000622311371819812,0.0005854647608211918
9568,956.8000000000001,0.0010854423885322778,0.0005042961596586184
9569,956.9000000000001,0.001200500220020096,0.00029456156956115615
9570,957.0,0.0011663687554636635,5.6589094932458877e-05
9571,957.1,0.001071978464611715,4.5836695114932905e-05
9572,957.2,0.0009114327606766869,0.00020789034859737627
9573,957.3000000000001,0.0007182413478523468,0.00017001313646001072
9574,957.4000000000001,0.0006962150137341728,-1.652509592959488e-05
9575,957.5,0.0013630996838196927,-3.5711803647830724e-06
9576,957.6,0.0020024096468981966,0.0004319099176555803
9577,957.7,0.0021446106857473993,-0.0002936661177370907
9578,957.8000000000001,0.0016918012364262247,-0.00016651608264005966
9579,957.9000000000001,0.0013597920641826187,-0.00033100900443113954
9580,958.0,0.001437616419949645,-0.00038278682689933875
9581,958.1,0.001687134000648615,9.522561640625073e-05
9582,958.2,0.001966072164955829,0.0005330070910308257
9583,958.3000000000001,0.0022196754754499897,0.0004121160510528023
9584,958.4000000000001,0.0025708899326709546,0.000381211710063743
9585,958.5,0.002480110172017808,-0.00020208279582767353
9586,958.6,0.0022828692447796344,-0.0008640035972906679
9587,958.7,0.0016555398038362885,-0.00019008594918980685
9588,958.8000000000001,0.0014621925789747837,0.0005902778242200475
9589,958.9000000000001,0.0020123467644830597,0.0006405412190882307
9590,959.0,0.0021086814330974887,-0.00010487338693644814
9591,959.1,0.001688011884779777,0.0004104269929986458
9592,959.2,0.0013198404161435082,0.0007310715778817604
9593,959.3000000000001,0.0010820428026447164,0.0011972918233649427
9594,959.4000000000001,0.0012451348602498854,0.001228783013887812
9595,959.5,0.0016513638876253067,0.000716435504481983
9596,959.6,0.0015056701125630348,0.0006212178666926895
9597,959.7,0.0009417842725763235,3.134740180890378e-05
9598,959.8000000000001,0.000721984584114686,0.0002562503033540878
9599,959.9000000000001,0.0008475864832423465,0.00026430692915486987
9600,960.0,0.000720670741253225,0.0003542931871213431
9601,960.1,0.0006699845910222298,3.148146910175631e-05
9602,960.2,0.0005981967700805618,0.0002271612411522498
9603,960.3000000000001,0.0004671845447313296,0.0002973877330384991
9604,960.4000000000001,0.00047266419930047106,0.00048261376589335786
9605,960.5,0.00032993870000385593,-0.00021450882009334154
9606,960.6,0.00017608740059090868,1.0981420383572183e-05
9607,960.7,4.725500999207271e-05,0.0003357918986464564
9608,960.8000000000001,0.00035444927524131434,0.0008202968214010802
9609,960.9000000000001,0.00030264724748617486,0.0007212732088719272
9610,961.0,-0.0001545455382724042,0.0008216522626468632
9611,961.1,-0.00011247400310163941,0.00060357410254685
9612,961.2,0.0004720118562407487,0.0003573011277876337
9613,961.3000000000001,0.0005790485105025249,0.00019898820369010847
9614,961.4000000000001,-1.6907174630649008e-05,0.00027790084806103864
9615,961.5,-0.00023657889208055663,0.0004713128107727044
9616,961.6,-0.00017928658141262518,0.0008416632181153242
9617,961.7,-0.0001376079143804607,0.0005757036033459376
9618,961.8000000000001,4.686558663475349e-05,0.00011204287031314918
9619,961.9000000000001,0.00022009577464910955,0.00035343995746159426
9620,962.0,0.0002284022712946489,-0.00020751927841553415
9621,962.1,0.0001154746516904659,-0.0005189160888811376
9622,962.2,0.00013482610657612602,-0.0005442367334483544
9623,962.3000000000001,0.00011324374110512593,-0.00042121601319014464
9624,962.4000000000001,-0.00038066845575626034,-9.216057435649127e-05
9625,962.5,-0.0005925322141550142,0.00011910048171534525
9626,962.6,-0.0005427373057207605,-5.815101005236774e-06
9627,962.7,-0.0005019343533437701,0.0004241777174509081
9628,962.8000000000001,-0.00030972097904409556,0.0002924777299512592
9629,962.9000000000001,-0.0003569660683699927,0.0005946850945988504
9630,963.0,-0.0006058440170976041,0.00024287999238294212
9631,963.1,-0.0007957237423768205,0.00035706944664925556
9632,963.2,-0.0009335583764309572,0.0005696055387342146
9633,963.3000000000001,-0.0006489686337964742,0.0005487931651178236
9634,963.4000000000001,-0.0003559711083105188,0.0002480372662034442
9635,963.5,-9.067036089210561e-05,0.00042050903505850374
9636,963.6,6.254770594641813e-06,0.00034402035579991693
9637,963.7,-0.00031105187544538607,-8.980510131419332e-05
9638,963.8000000000001,-9.195933820249958e-05,2.916748004418634e-05
9639,963.9000000000001,-0.00011573606289511775,5.124970652016503e-05
9640,964.0,-0.0001600320707042235,-0.00022394468504869942
9641,964.1,0.00034201837359336916,-0.00029458962242391194
9642,964.2,0.0006719443293544037,9.697681988515288e-05
9643,964.3000000000001,-7.724028702947406e-06,0.0009794039421706124
9644,964.4000000000001,-0.0005400094874433587,0.0010015741187145025
9645,964.5,-1.9136409488984677e-05,0.0009694606906094374
9646,964.6,0.0004360175623933299,0.0007734273400324129
9647,964.7,0.0003982974625680084,0.0005401447700531139
9648,964.8000000000001,0.00036070835431092587,0.00038854335415424823
9649,964.9000000000001,0.00032311420755503164,-0.0003697187614202457
9650,965.0,-0.00038348948052698744,-0.00042988453911256547
9651,965.1,-0.0009752927539929863,-5.209416884671802e-05
9652,965.2,-0.0007037682591858942,0.0003860907726226375
9653,965.3000000000001,-0.0004774541746903378,3.173996140308405e-05
9654,965.4000000000001,-0.0007272580217936898,-0.0004438084383469271
9655,965.5,-0.0006070736204579425,-0.0007851128752561579
9656,965.6,-0.00013733568727239284,-0.0005982470367130786
9657,965.7,-0.00025536889928489266,-0.0007666164981855959
9658,965.8000000000001,-0.0002408908046201125,-0.00030621882355061516
9659,965.9000000000001,-0.00038256434819554776,0.00027306220016309977
9660,966.0,-0.000979940833728725,0.00028169380716914187
9661,966.1,-0.0014561783854338717,-0.00020720848105287872
9662,966.2,-0.0011080543411969188,-2.2039916235002884e-05
9663,966.3000000000001,-0.0004533386044674512,2.278205270371831e-05
9664,966.4000000000001,-0.00038893915738989575,-0.00015412143191652846
9665,966.5,-0.0004266066209362262,-8.014273003828807e-05
9666,966.6,-0.0007457387699496704,-0.00018954415849019518
9667,966.7,-0.001101800980298189,-0.000375041883525419
9668,966.8000000000001,-0.0007103875487061706,-0.00033685539934692695
9669,966.9000000000001,-0.0003771407507709567,1.3158069269531405e-05
9670,967.0,-0.00041005667486347614,0.00019755606204800667
9671,967.1,-0.0005339839082322046,0.00020861109902162015
9672,967.2,-0.0007216558555758273,-0.0002290168185009
9673,967.3000000000001,-0.0009114077603092648,-0.00020582763331600221
9674,967.4000000000001,-0.0012058447913362547,-0.00017950635719572052
9675,967.5,-0.0011355747009003541,0.0001735355017348583
9676,967.6,-0.0009685973817176658,0.00020597473407515935
9677,967.7,-0.0006546812129662424,0.00012974254998051425
9678,967.8000000000001,-0.00038020496753576676,0.00015264959365939563
9679,967.9000000000001,-0.0003381203542077532,-0.00020762116245581357
9680,968.0,-0.0005664542471188202,-0.0001846086316159475
9681,968.1,-0.00121289560364311,-0.00017971053587353427
9682,968.2,-0.0015966919721888781,-0.0005302976672016703
9683,968.3000000000001,-0.0013293632559749553,-0.00085613212567522
9684,968.4000000000001,-0.0011475309148904077,-0.0005441410335593001
9685,968.5,-0.0012542365142487492,-5.710000529816193e-05
9686,968.6,-0.0010820803506019247,0.0005030198933787508
9687,968.7,-0.0009111525917009695,0.0004934169151063311
9688,968.8000000000001,-0.0011329050445592955,0.000337969133752304
9689,968.9000000000001,-0.0014596642018439537,0.00011829355206855304
9690,969.0,-0.0013381850014007365,3.4810610902295534e-05
9691,969.1,-0.0009405652556768181,-2.9810167381318594e-05
9692,969.2,-0.0008348552456758733,0.00037902490599496074
9693,969.3000000000001,-0.0008581116476532832,0.0006711559832222204
9694,969.4000000000001,-0.0006190241558889337,0.00017959876609304759
9695,969.5,-6.044044396993521e-05,-0.0003140002379386548
9696,969.6,-0.00011170338127280327,-0.00011804721238619747
9697,969.7,-0.0005859274062403851,-5.0612775142612683e-05
9698,969.8000000000001,-0.0009361287716551701,-0.00010557927730459563
9699,969.9000000000001,-0.0010006541106408996,0.0003133954947021081
9700,970.0,-0.0005709527287094668,-8.273003630483037e-05
9701,970.1,-5.183979691653755e-05,-0.00012231576075787348
9702,970.2,-0.00025544800773389493,-0.00012232475963911397
9703,970.3000000000001,-0.0009556738267083508,-0.00048611787152130206
9704,970.4000000000001,-0.0012946528167633701,-0.0005043875829140716
9705,970.5,-0.0009778610945652382,-0.0006558623013057395
9706,970.6,-0.0008320657504311627,-0.0008847789533088545
9707,970.7,-0.0005702672003089868,-0.0005612606720348127
9708,970.8000000000001,-0.0004513991895001718,-0.00015195007030214722
9709,970.9000000000001,-0.0006157084999170042,9.782979277338255e-05
9710,971.0,-0.0011926522653502836,-8.849252623495555e-05
9711,971.1,-0.0015983286506722882,-0.00019046827691817113
9712,971.2,-0.0016311697026736881,0.00011009377763972772
9713,971.3000000000001,-0.0015643462140698433,0.00025186931910798596
9714,971.4000000000001,-0.001347585846078747,0.0003120334332657683
9715,971.5,-0.001096575205542429,0.00048001769497237545
9716,971.6,-0.0010717113255682492,0.0004471876197550287
9717,971.7,-0.0011582206602242543,-7.5561719608470835e-06
9718,971.8000000000001,-0.001134841238384811,3.362726055926471e-05
9719,971.9000000000001,-0.0008231135799339017,1.4533116140317174e-05
9720,972.0,-0.0008745624053404944,-0.000835706153786178
9721,972.1,-0.0010407997676631846,-0.0006836515278830567
9722,972.2,-0.0008497428107809319,-0.00035003320046095597
9723,972.3000000000001,-0.0006085534854667188,0.00013724936343090705
9724,972.4000000000001,-0.0005736532570129798,0.0005086476439097682
9725,972.5,-0.0003118881496344999,0.00037116915592821665
9726,972.6,-0.0002812653954628048,0.0003983685167303911
9727,972.7,-0.00047034437505732415,-4.8987537906393964e-05
9728,972.8000000000001,-0.00017033616678195838,-0.0006890502246883609
9729,972.9000000000001,0.00027542927326239887,-0.0008769884424273482
9730,973.0,0.0005913313136457724,-0.00038049745256873524
9731,973.1,0.0005704979880762159,-0.00043429786779292936
9732,973.2,0.00019842434424362178,-0.00037212143427244754
9733,973.3000000000001,0.0002172557257311147,7.93463653844741e-05
9734,973.4000000000001,0.00023222926250964299,0.00011193083906757273
9735,973.5,0.00020638494201309697,-0.0001696307071198432
9736,973.6,0.00023736535293776705,-0.00028274092205646077
9737,973.7,2.3063354801387725e-05,-0.00037019176743961193
9738,973.8000000000001,6.580481424999236e-05,1.2632412337389397e-05
9739,973.9000000000001,0.00038846805031737813,0.00024131185211929214
9740,974.0,0.0007650681908922805,0.0005041822171543077
9741,974.1,0.0010532823183838007,0.00032143119826494174
9742,974.2,0.0015128892400279423,0.0006208852227700196
9743,974.3000000000001,0.00128575608946877,0.0003065871009405783
9744,974.4000000000001,0.0004797985711962559,0.00022116327540509177
9745,974.5,-0.000329707737387112,-8.307873187216864e-05
9746,974.6,-0.0002790038949876978,0.00041432162576979416
9747,974.7,6.611918271953948e-06,0.0004293296209578451
9748,974.8000000000001,-5.159809390424283e-05,-0.00018695262190642257
9749,974.9000000000001,0.0002764384061610353,0.0003028145749802106
9750,975.0,0.0006211509547241181,0.00047343720012320853
9751,975.1,0.0006085994491684875,2.2144176835425104e-05
9752,975.2,0.0002934610797643535,8.388913048156104e-07
9753,975.3000000000001,0.00022733411708834828,0.00014945003540588108
9754,975.4000000000001,0.00015274970860860477,6.165868035236772e-05
9755,975.5,0.00036220661786326495,0.00044186007007372826
9756,975.6,0.0004222532611784843,0.0006247639486283914
9757,975.7,0.0003119137950703168,0.0007841134979468097
9758,975.8000000000001,0.00011661753424968144,0.0006356739839529029
9759,975.9000000000001,6.757257717883279e-05,6.419238800258755e-06
9760,976.0,0.00040971846484615825,0.00030511830595989387
9761,976.1,-6.079906125287921e-05,-0.0005344286302011861
9762,976.2,-0.001030733834442442,-0.00036900006698910396
9763,976.3000000000001,-0.0009104815062405268,-0.0008727777454157914
9764,976.4000000000001,-0.00029079870453348666,-0.000639356202872805
9765,976.5,-0.00029918521935865926,-0.0005696355029925933
9766,976.6,-0.0004726210731487349,-0.0004904344207012993
9767,976.7,-0.0003907966133514874,-6.726540750834329e-05
9768,976.8000000000001,-0.0003589372320962308,-0.00046086056203517
9769,976.9000000000001,-0.0006244870246572972,-8.124657714290581e-05
9770,977.0,-0.0007172907367888402,-7.573456337502667e-05
9771,977.1,-0.0005675758616526095,-1.8544925561163476e-05
9772,977.2,-0.00046296755453325883,0.00031345179855874963
9773,977.3000000000001,-0.0002111715833460026,-0.0001198739919295906
9774,977.4000000000001,-4.2395444773808024e-05,-0.0005843151546035629
9775,977.5,-0.0004328163115787249,-0.00033310364181808654
9776,977.6,-0.0008596296604726851,-0.0002633659538695265
9777,977.7,-0.001140753885680052,-0.0005468479127823778
9778,977.8000000000001,-0.0016057912991187776,-0.0007772930767314022
9779,977.9000000000001,-0.0020527185137998345,-8.302217845362454e-05
9780,978.0,-0.002284338538544623,-0.00030564548293646697
9781,978.1,-0.0024368475525639826,-0.0005856037969034097
9782,978.2,-0.002352165929374775,-0.00023168008829941772
9783,978.3000000000001,-0.00220058570099414,-0.0003530930734589012
9784,978.4000000000001,-0.0021935027828679588,-0.00030559888736080904
9785,978.5,-0.0019308136121835465,-0.000334509953094419
9786,978.6,-0.002207849900067608,-0.00022233522160938868
9787,978.7,-0.0028960731384023177,-9.447219683421542e-05
9788,978.8000000000001,-0.002999045771486434,-0.00044819300773509473
9789,978.9000000000001,-0.0024860587521072517,-0.0002102328315248048
9790,979.0,-0.001941542596032945,-8.190949109506116e-05
9791,979.1,-0.001902224356639857,7.876408607792588e-05
9792,979.2,-0.0017484253440300398,4.993377978626443e-05
9793,979.3000000000001,-0.0014496742455780364,-0.00010878762580383886
9794,979.4000000000001,-0.0011671247202304275,-0.00015898131230730167
9795,979.5,-0.0008491430880382923,0.0004511423281532973
9796,979.6,-0.0007601414659155786,0.00043861301929426494
9797,979.7,-0.0007223852552591782,0.00036411151003618454
9798,979.8000000000001,-0.00042931613979453533,0.00029059656186594196
9799,979.9000000000001,-0.0002671518810231629,-0.00014215650753487925
9800,980.0,-0.00043190577484408934,-0.00046912584456254553
9801,980.1,-0.0005360192863227257,-0.0001530090720873062
9802,980.2,-0.00024939008241845996,-0.00010779684205640241
9803,980.3000000000001,-0.00033822095691911895,0.0002949462520167039
9804,980.4000000000001,-0.00042140668602808995,5.643359219472376e-05
9805,980.5,1.524870974121648e-05,0.00021335588866194682
9806,980.6,0.00022778238008779167,0.00025015329527739105
9807,980.7,0.00039680214954043513,0.00040729373877653455
9808,980.8000000000001,0.00024801905162653224,0.0004866628096621627
9809,980.9000000000001,-2.8974118640074433e-05,0.00013529742667354745
9810,981.0,-0.00025476520354885486,7.757371705047103e-05
9811,981.1,-0.00024200310592728967,8.297078946868623e-05
9812,981.2,1.2846135359575301e-05,-0.00025016040893788505
9813,981.3000000000001,0.0005141911654877851,-0.00025907989429994546
9814,981.4000000000001,0.0003018780996466969,-0.00042576037982592133
9815,981.5,-0.00038352141329385205,-0.0005130481296853585
9816,981.6,-0.00043420555478927464,-0.00038643865506504443
9817,981.7,0.00020713650613571693,-0.0002996137335560383
9818,981.8000000000001,0.00047492676455691834,1.2745832717200325e-05
9819,981.9000000000001,0.00041304179919911764,-0.0003089128281115689
9820,982.0,5.49632438658518e-05,-0.000621665539674395
9821,982.1,4.962527961479171e-05,-0.0006421530351362861
9822,982.2,0.0003317587791779553,-0.0003159831793200507
9823,982.3000000000001,-9.135660411757774e-05,0.0001301313447947522
9824,982.4000000000001,-0.0005731225729592417,0.00010141527568355967
9825,982.5,-0.0004212241665280431,-0.00033700007864378116
9826,982.6,-0.00018596201045617902,-0.00043544544000167904
9827,982.7,-3.5387213954618676e-05,-2.5575245262278428e-05
9828,982.8000000000001,-0.00016775985766824048,0.00015059357496691994
9829,982.9000000000001,-0.00014690802245007385,3.092753854076857e-05
9830,983.0,0.0001083487918147318,-3.1104707203954095e-05
9831,983.1,0.00016730292029512218,-6.784916333195492e-05
9832,983.2,-5.323530646457208e-05,0.0002770785365012574
9833,983.3000000000001,9.909787960280093e-06,0.0006827727163713538
9834,983.4000000000001,0.0003427641578281564,0.0005966148454130797
9835,983.5,0.0004235695974085477,0.00022578771936954033
9836,983.6,0.00016662675627976233,0.0002423652871106666
9837,983.7,0.00037304984672170666,0.0002606711951034581
9838,983.8000000000001,0.0004790783499449801,-3.781500783935021e-05
9839,983.9000000000001,0.0004728111039319647,-0.0001232737808405522
9840,984.0,0.0003164142902096852,0.0002092193578935994
9841,984.1,0.00026537152217039506,0.0008004870487103227
9842,984.2,-0.00010532599755684064,0.00044004981348126187
9843,984.3000000000001,-0.00045536909869840796,8.119528154764841e-06
9844,984.4000000000001,-9.553772697098062e-05,-4.53080128212562e-05
9845,984.5,0.00034877766035570034,0.000586568501804661
9846,984.6,0.0005852964364547351,0.0009681930049284329
9847,984.7,0.0006720039661049683,0.0007858233082274168
9848,984.8000000000001,0.0005638695590988082,0.0003931946399399041
9849,984.9000000000001,0.0003077250297983365,-0.00010454060797842153
9850,985.0,0.00020343340873477114,-4.428280331623301e-05
9851,985.1,0.00011558609403014916,-0.0002319107602254518
9852,985.2,-0.0003426188582740171,-0.0005551060655218443
9853,985.3000000000001,-0.0004820349376807734,-0.00029135035383802996
9854,985.4000000000001,-0.0006286230791064086,-0.00021338162958822382
9855,985.5,-0.0005711173168522114,-4.0131002697891246e-05
9856,985.6,-0.00035376748730979213,-1.0915968793535194e-05
9857,985.7,-0.00018093572298929245,0.00015613846232023212
9858,985.8000000000001,0.0003127355888310129,0.00011750295482478876
9859,985.9000000000001,0.0006705623642534414,0.0001381446568451035
9860,986.0,0.0009815510995733652,-0.0006455271889914978
9861,986.1,0.0009112218610701473,-0.000337144310742924
9862,986.2,0.0005366256051372647,-0.0008917305104425688
9863,986.3000000000001,0.0003280031949903175,-0.0006843310904012732
9864,986.4000000000001,0.000707577722075314,-0.0002466547251671252
9865,986.5,0.0012485693164914049,-0.0005030385222745107
9866,986.6,0.0011494175338815909,-0.0008714275943430097
9867,986.7,0.00044948379584442067,-0.0004467162249773802
9868,986.8000000000001,0.0003781825020626857,-0.00035271589365704976
9869,986.9000000000001,0.000562046176434674,7.250588280292225e-05
9870,987.0,0.0004356366735507615,0.00014580848814969722
9871,987.1,0.0003354475933414455,1.45684077512655e-05
9872,987.2,0.0007040035362647496,1.0374469481103088e-05
9873,987.3000000000001,0.0008144953907471547,-0.0005573747290356082
9874,987.4000000000001,4.8054096378036625e-05,-0.0006600112797442528
9875,987.5,-0.0005692659599138925,-0.0002363140887506778
9876,987.6,-0.0010088825984202927,-0.0003270577318659479
9877,987.7,-0.0005721200470888199,7.424313739639283e-05
9878,987.8000000000001,0.0002538132282263462,-0.0001642715801169945
9879,987.9000000000001,0.000251539854632858,-0.0004935774192987083
9880,988.0,-0.0003807916218062964,-0.0009164921983103138
9881,988.1,-0.0006978486702592116,-0.0009028871747808392
9882,988.2,-0.000907560801738646,-0.001419127817720466
9883,988.3000000000001,-0.0011324799815763905,-0.0011814122737335278
9884,988.4000000000001,-0.0009311338275896724,-0.0005798315455162858
9885,988.5,-0.0010961975780520408,0.00012151664407347272
9886,988.6,-0.0015722275497225178,0.0004518473422069411
9887,988.7,-0.0012783177821010653,0.00038741129495011646
9888,988.8000000000001,-0.000879331804217299,0.0008031783066559776
9889,988.9000000000001,-0.0005948048366781484,0.0005248182812867498
9890,989.0,-0.0008009302868707373,-6.13360881907863e-05
9891,989.1,-0.00042443144243787796,-0.0001701162422534923
9892,989.2,0.00045236850034171763,0.0003595555874740173
9893,989.3000000000001,0.0006306177947988537,0.0004047619829443187
9894,989.4000000000001,0.00029176799775234945,0.00046957432884570577
9895,989.5,-0.00017223741898524174,0.0003369847718773019
9896,989.6,-0.00034204544883549836,-9.64221792992145e-05
9897,989.7,-0.000279698709635153,0.00025548580112968685
9898,989.8000000000001,-0.0002763744379963197,0.0004162443570033061
9899,989.9000000000001,-0.0005599651122389468,0.00045156069928169884
9900,990.0,-0.0006487729546614755,8.163069731918525e-05
9901,990.1,-0.0005805841951907298,9.11399053168427e-05
9902,990.2,-0.0006823717481083346,-0.00017574404354562907
9903,990.3000000000001,-0.0008245179724122198,9.645944683280393e-06
9904,990.4000000000001,-0.0005841937218826681,0.00018343722368466446
9905,990.5,-0.0004959433961419447,0.00021079608500936383
9906,990.6,-0.00017027870411059256,0.0005135262550017076
9907,990.7,-8.489126408190558e-05,0.00043298877980903834
9908,990.8000000000001,-0.0009435526123662168,-7.370346450510106e-05
9909,990.9000000000001,-0.001744380352206027,3.181059319210715e-05
9910,991.0,-0.0018815281682296628,-0.00023159087761269527
9911,991.1,-0.0016676253978013475,3.460017401092227e-05
9912,991.2,-0.001416299712423754,-3.127598528900882e-05
9913,991.3000000000001,-0.0017725225248593505,-0.00011933360848649206
9914,991.4000000000001,-0.0018269651575592391,-0.00048574648628270877
9915,991.5,-0.0015217301488047025,-0.00027769770537809554
9916,991.6,-0.0012861921692913186,0.0002821509604832338
9917,991.7,-0.0012807290067510533,0.0006065653976566213
9918,991.8000000000001,-0.001522202354400358,-3.736814819110515e-05
9919,991.9000000000001,-0.0011449085134974451,-0.0003288329831601973
9920,992.0,-0.0009630939611227955,-0.0005720260802383136
9921,992.1,-0.0010290964208123467,-0.0004220367553717102
9922,992.2,-0.0005954846680475277,0.0006807867816058254
9923,992.3000000000001,-0.000711781389037048,0.0003495994913514228
9924,992.4000000000001,-0.0012291660613749048,-0.0005918421924290574
9925,992.5,-0.0008853807001047781,-0.0004667727036217432
9926,992.6,-0.0006495461228150554,-0.00015076694133682117
9927,992.7,-0.0011462059407886104,0.0003401364278164882
9928,992.8000000000001,-0.0011954839865134389,0.00010408446918057323
9929,992.9000000000001,-0.0012735568450314364,-0.0002684738438824263
9930,993.0,-0.0012369698720545083,0.00017272691473818144
9931,993.1,-0.0011635948091257152,0.0009542761698893479
9932,993.2,-0.0016406450308114801,0.0011644698707139213
9933,993.3000000000001,-0.0017747282950823565,0.0007159691533529794
9934,993.4000000000001,-0.0013549291825248905,0.0006209998724445638
9935,993.5,-0.0010368705502483994,0.0002792765618851631
9936,993.6,-0.001054690216669712,0.00020710930270178687
9937,993.7,-0.001112754666616451,-0.0003645427602947957
9938,993.8000000000001,-0.0012293977039411104,-0.0008243940063707991
9939,993.9000000000001,-0.001475591340592147,-0.0014169616023576278
9940,994.0,-0.0015985947208091427,-0.0008279183185943936
9941,994.1,-0.0015757429714927885,-0.0008484749008053224
9942,994.2,-0.0010020983849552158,-0.0005036144617976647
9943,994.3000000000001,-0.0008159964539354841,-8.590317598965233e-05
9944,994.4000000000001,-0.000942215806216813,0.0002967162685139016
9945,994.5,-0.0010085856832232408,0.0001287173814834844
9946,994.6,-0.0009090324149599859,0.0002147537457557077
9947,994.7,-0.0010276128779768306,0.00022151191179408013
9948,994.8000000000001,-0.0010560673078258986,-9.534181548382968e-05
9949,994.9000000000001,-0.0009803612523618043,-0.0009325859670320886
9950,995.0,-0.0005462119004946686,-0.0009585558210421363
9951,995.1,-0.0002953866530122936,-0.0006913559377434694
9952,995.2,-0.0004929151500208394,-0.0004046834631984417
9953,995.3000000000001,-0.000533683898137694,-0.00025859731379670146
9954,995.4000000000001,-0.0005223832361110666,-0.00020223325056053246
9955,995.5,-0.0007800204065527384,4.02296481324972e-05
9956,995.6,-0.0008768127351023748,-0.0002837911155718871
9957,995.7,-0.000709556668198447,0.00011290238847879483
9958,995.8000000000001,-0.0005141951261593605,6.0544632646848186e-05
9959,995.9000000000001,-0.0004936815827902321,-0.00012642062518131356
9960,996.0,-0.00020925113644933277,0.0002838769352004832
9961,996.1,-0.00039597777348733646,-2.4456207610479167e-05
9962,996.2,-0.000977286640539541,0.0004014532408532807
9963,996.3000000000001,-0.0012435982003459359,0.0006085390697817223
9964,996.4000000000001,-0.0011378456621883696,0.00014629213857194742
9965,996.5,-0.0010342516160062602,-3.437224745378581e-05
9966,996.6,-0.0012426160706021062,-8.3733514925279e-05
9967,996.7,-0.0010726599829023475,0.00033420888419256986
9968,996.8000000000001,-0.0005187875082477507,0.0003421244095151671
9969,996.9000000000001,-0.00029010532743437494,6.336330426123465e-05
9970,997.0,-0.00019545959813497974,0.00043755504051717133
9971,997.1,-0.0007460277066776177,0.0003633288691300837
9972,997.2,-0.0011858653408313943,-0.0005917787062431687
9973,997.3000000000001,-0.0009697508780519152,-0.000762959296689269
9974,997.4000000000001,-0.0005019826595258239,-0.0002824644288826369
9975,997.5,-0.0007784551100115103,-5.121947316879082e-05
9976,997.6,-0.0011398372241299105,0.00010230195348162301
9977,997.7,-0.0011036755838580814,0.0005228920898528654
9978,997.8000000000001,-0.0011073015138079161,0.0005626297662703416
9979,997.9000000000001,-0.0014128741523797928,0.0003255089481268838
9980,998.0,-0.001752655203317724,3.7809402162130065e-05
9981,998.1,-0.0017829902742576055,-0.0005761305054158455
9982,998.2,-0.0013994465721135017,-0.00038170198567416585
9983,998.3000000000001,-0.0012064207675162347,-5.341726715341161e-05
9984,998.4000000000001,-0.0013755178198386257,0.0001699861764788819
9985,998.5,-0.0014971357871140052,0.00039477266807334425
9986,998.6,-0.0016419419307477962,1.7547032749157806e-05
9987,998.7,-0.00200561839672033,-0.00031776831154695095
9988,998.8000000000001,-0.002249008872655685,-0.0007272038716459069
9989,998.9000000000001,-0.0018638984806377318,-0.0003696274188467519
9990,999.0,-0.001336378317429454,-0.0004766790006084661
9991,999.1,-0.0009699141742225024,-0.00014677191457316714
9992,999.2,-0.0006513661024482037,2.7141039705062412e-05
9993,999.3000000000001,-0.0008562575243701928,-7.614068821277854e-05
9994,999.4000000000001,-0.0014305302014401401,-0.00045480508847947187
9995,999.5,-0.001420358428555814,-0.0005046999720478843
9996,999.6,-0.0011456383632469497,-0.0005731107869448996
9997,999.7,-0.000562976117511648,-0.00031943487317237127
9998,999.8000000000001,-0.0007569466538791002,-0.00041090637346137207
9999,999.9000000000001,-0.0014122360240307844,-0.0009400186554162345
10000,1000.0,-0.0011766893453523104,-0.0005704940160987914
