case,source,sector,angle,bin,theta,density
driven,direct_trajectory,low,theta1,0,-3.097959422289935,0.24222155851647342
driven,direct_trajectory,low,theta1,1,-3.0106929596902186,0.23581596514175207
driven,direct_trajectory,low,theta1,2,-2.923426497090502,0.23257561472438884
driven,direct_trajectory,low,theta1,3,-2.8361600344907854,0.22506486872387804
driven,direct_trajectory,low,theta1,4,-2.748893571891069,0.22071936568072537
driven,direct_trajectory,low,theta1,5,-2.6616271092913526,0.21376656081168108
driven,direct_trajectory,low,theta1,6,-2.574360646691636,0.20461418032820147
driven,direct_trajectory,low,theta1,7,-2.4870941840919194,0.19409913592748634
driven,direct_trajectory,low,theta1,8,-2.399827721492203,0.18936736594716455
driven,direct_trajectory,low,theta1,9,-2.3125612588924866,0.17909910320075192
driven,direct_trajectory,low,theta1,10,-2.2252947962927703,0.1739488773718302
driven,direct_trajectory,low,theta1,11,-2.138028333693054,0.16747890617424735
driven,direct_trajectory,low,theta1,12,-2.0507618710933375,0.16115914989667468
driven,direct_trajectory,low,theta1,13,-1.9634954084936207,0.15627716499634264
driven,direct_trajectory,low,theta1,14,-1.8762289458939043,0.14900247101299077
driven,direct_trajectory,low,theta1,15,-1.7889624832941877,0.14771491455576033
driven,direct_trajectory,low,theta1,16,-1.7016960206944713,0.1421247736039516
driven,direct_trajectory,low,theta1,17,-1.6144295580947547,0.14006468327238292
driven,direct_trajectory,low,theta1,18,-1.5271630954950384,0.13625566208640957
driven,direct_trajectory,low,theta1,19,-1.439896632895322,0.13339084896907188
driven,direct_trajectory,low,theta1,20,-1.3526301702956054,0.13000028363169844
driven,direct_trajectory,low,theta1,21,-1.2653637076958888,0.12959255742024212
driven,direct_trajectory,low,theta1,22,-1.1780972450961724,0.12318696404552078
driven,direct_trajectory,low,theta1,23,-1.090830782496456,0.12388439045985392
driven,direct_trajectory,low,theta1,24,-1.0035643198967397,0.12202816323401339
driven,direct_trajectory,low,theta1,25,-0.9162978572970231,0.12080498459964449
driven,direct_trajectory,low,theta1,26,-0.8290313946973065,0.11579424405358943
driven,direct_trajectory,low,theta1,27,-0.7417649320975901,0.1151611954621178
driven,direct_trajectory,low,theta1,28,-0.6544984694978737,0.11202814141619043
driven,direct_trajectory,low,theta1,29,-0.5672320068981571,0.11389509827917454
driven,direct_trajectory,low,theta1,30,-0.4799655442984405,0.11614832207932779
driven,direct_trajectory,low,theta1,31,-0.39269908169872414,0.11056891076466262
driven,direct_trajectory,low,theta1,32,-0.30543261909900776,0.10876633172454003
driven,direct_trajectory,low,theta1,33,-0.21816615649929139,0.11096590733897534
driven,direct_trajectory,low,theta1,34,-0.1308996938995748,0.10994659181033459
driven,direct_trajectory,low,theta1,35,-0.04363323129985819,0.10935646176743731
driven,direct_trajectory,low,theta1,36,0.04363323129985819,0.11231784161906729
driven,direct_trajectory,low,theta1,37,0.13089969389957457,0.10924916539600144
driven,direct_trajectory,low,theta1,38,0.21816615649929116,0.11301526803340042
driven,direct_trajectory,low,theta1,39,0.30543261909900776,0.11253243436193902
driven,direct_trajectory,low,theta1,40,0.39269908169872414,0.1137770722705951
driven,direct_trajectory,low,theta1,41,0.4799655442984405,0.1131976718648414
driven,direct_trajectory,low,theta1,42,0.5672320068981569,0.11757536381942484
driven,direct_trajectory,low,theta1,43,0.6544984694978735,0.11770411946514789
driven,direct_trajectory,low,theta1,44,0.7417649320975901,0.12082644387393165
driven,direct_trajectory,low,theta1,45,0.8290313946973065,0.1207191475024958
driven,direct_trajectory,low,theta1,46,0.9162978572970228,0.1266740961171865
driven,direct_trajectory,low,theta1,47,1.0035643198967392,0.12960328705738572
driven,direct_trajectory,low,theta1,48,1.0908307824964556,0.13085865460318538
driven,direct_trajectory,low,theta1,49,1.178097245096172,0.1369638181378863
driven,direct_trajectory,low,theta1,50,1.2653637076958888,0.13941017540662412
driven,direct_trajectory,low,theta1,51,1.3526301702956056,0.1441526750240895
driven,direct_trajectory,low,theta1,52,1.439896632895322,0.1466955990271196
driven,direct_trajectory,low,theta1,53,1.5271630954950384,0.14990376053305207
driven,direct_trajectory,low,theta1,54,1.6144295580947547,0.15427072285049193
driven,direct_trajectory,low,theta1,55,1.7016960206944711,0.15851965915935232
driven,direct_trajectory,low,theta1,56,1.7889624832941875,0.16510765636551464
driven,direct_trajectory,low,theta1,57,1.8762289458939039,0.17189951667740513
driven,direct_trajectory,low,theta1,58,1.9634954084936203,0.17496819290047097
driven,direct_trajectory,low,theta1,59,2.050761871093337,0.18469997378970426
driven,direct_trajectory,low,theta1,60,2.138028333693054,0.19002187381292335
driven,direct_trajectory,low,theta1,61,2.2252947962927703,0.19752189017629054
driven,direct_trajectory,low,theta1,62,2.3125612588924866,0.20537598456539613
driven,direct_trajectory,low,theta1,63,2.399827721492203,0.2139060460945477
driven,direct_trajectory,low,theta1,64,2.4870941840919194,0.21886313845488484
driven,direct_trajectory,low,theta1,65,2.574360646691636,0.22318718222375034
driven,direct_trajectory,low,theta1,66,2.661627109291352,0.2265562882868366
driven,direct_trajectory,low,theta1,67,2.7488935718910685,0.23560137239888032
driven,direct_trajectory,low,theta1,68,2.8361600344907854,0.2387451560819513
driven,direct_trajectory,low,theta1,69,2.923426497090502,0.24083743532495072
driven,direct_trajectory,low,theta1,70,3.0106929596902186,0.24142756536784798
driven,direct_trajectory,low,theta1,71,3.097959422289935,0.24557993494241612
driven,direct_trajectory,low,theta3,0,-3.097959422289935,0.24114859480211473
driven,direct_trajectory,low,theta3,1,-3.0106929596902186,0.23920653047912552
driven,direct_trajectory,low,theta3,2,-2.923426497090502,0.23738249216471574
driven,direct_trajectory,low,theta3,3,-2.8361600344907854,0.23437819376451144
driven,direct_trajectory,low,theta3,4,-2.748893571891069,0.22952839777561015
driven,direct_trajectory,low,theta3,5,-2.6616271092913526,0.22279018564943762
driven,direct_trajectory,low,theta3,6,-2.574360646691636,0.2167601295747418
driven,direct_trajectory,low,theta3,7,-2.4870941840919194,0.21167428156868162
driven,direct_trajectory,low,theta3,8,-2.399827721492203,0.20333735350811463
driven,direct_trajectory,low,theta3,9,-2.3125612588924866,0.20125580390225878
driven,direct_trajectory,low,theta3,10,-2.2252947962927703,0.19227509761307657
driven,direct_trajectory,low,theta3,11,-2.138028333693054,0.1868673604927088
driven,direct_trajectory,low,theta3,12,-2.0507618710933375,0.18184589030951015
driven,direct_trajectory,low,theta3,13,-1.9634954084936207,0.1741956590261327
driven,direct_trajectory,low,theta3,14,-1.8762289458939043,0.16961410396582113
driven,direct_trajectory,low,theta3,15,-1.7889624832941877,0.16501108963122235
driven,direct_trajectory,low,theta3,16,-1.7016960206944713,0.15675999866780407
driven,direct_trajectory,low,theta3,17,-1.6144295580947547,0.15538660511342495
driven,direct_trajectory,low,theta3,18,-1.5271630954950384,0.14965697887874957
driven,direct_trajectory,low,theta3,19,-1.439896632895322,0.14762907745861165
driven,direct_trajectory,low,theta3,20,-1.3526301702956054,0.14082648750957757
driven,direct_trajectory,low,theta3,21,-1.2653637076958888,0.13476424252345098
driven,direct_trajectory,low,theta3,22,-1.1780972450961724,0.13459256832915362
driven,direct_trajectory,low,theta3,23,-1.090830782496456,0.1288629420944782
driven,direct_trajectory,low,theta3,24,-1.0035643198967397,0.12680285176290954
driven,direct_trajectory,low,theta3,25,-0.9162978572970231,0.12271486001120295
driven,direct_trajectory,low,theta3,26,-0.8290313946973065,0.12016120637102927
driven,direct_trajectory,low,theta3,27,-0.7417649320975901,0.1176933898280043
driven,direct_trajectory,low,theta3,28,-0.6544984694978737,0.1168779374050917
driven,direct_trajectory,low,theta3,29,-0.5672320068981571,0.1149895212678204
driven,direct_trajectory,low,theta3,30,-0.4799655442984405,0.11194230431904174
driven,direct_trajectory,low,theta3,31,-0.39269908169872414,0.11184573758474946
driven,direct_trajectory,low,theta3,32,-0.30543261909900776,0.11038650693322165
driven,direct_trajectory,low,theta3,33,-0.21816615649929139,0.11112685189612914
driven,direct_trajectory,low,theta3,34,-0.1308996938995748,0.11039723657036524
driven,direct_trajectory,low,theta3,35,-0.04363323129985819,0.10724272325015069
driven,direct_trajectory,low,theta3,36,0.04363323129985819,0.10812255349592481
driven,direct_trajectory,low,theta3,37,0.13089969389957457,0.10914186902456557
driven,direct_trajectory,low,theta3,38,0.21816615649929116,0.1105796404018062
driven,direct_trajectory,low,theta3,39,0.30543261909900776,0.1091204097502784
driven,direct_trajectory,low,theta3,40,0.39269908169872414,0.11155603738187261
driven,direct_trajectory,low,theta3,41,0.4799655442984405,0.11492514344495888
driven,direct_trajectory,low,theta3,42,0.5672320068981569,0.11263973073337488
driven,direct_trajectory,low,theta3,43,0.6544984694978735,0.1146783617906564
driven,direct_trajectory,low,theta3,44,0.7417649320975901,0.11782214547372734
driven,direct_trajectory,low,theta3,45,0.8290313946973065,0.11912043156810136
driven,direct_trajectory,low,theta3,46,0.9162978572970228,0.12103030697965982
driven,direct_trajectory,low,theta3,47,1.0035643198967392,0.12459254651133066
driven,direct_trajectory,low,theta3,48,1.0908307824964556,0.12664190720575574
driven,direct_trajectory,low,theta3,49,1.178097245096172,0.12821916386586302
driven,direct_trajectory,low,theta3,50,1.2653637076958888,0.1326290447318772
driven,direct_trajectory,low,theta3,51,1.3526301702956056,0.1340990050205486
driven,direct_trajectory,low,theta3,52,1.439896632895322,0.13593377297210196
driven,direct_trajectory,low,theta3,53,1.5271630954950384,0.1403865723866905
driven,direct_trajectory,low,theta3,54,1.6144295580947547,0.14407756756408438
driven,direct_trajectory,low,theta3,55,1.7016960206944711,0.14650246555853502
driven,direct_trajectory,low,theta3,56,1.7889624832941875,0.15208187687320018
driven,direct_trajectory,low,theta3,57,1.8762289458939039,0.15438874885907136
driven,direct_trajectory,low,theta3,58,1.9634954084936203,0.1625218138139102
driven,direct_trajectory,low,theta3,59,2.050761871093337,0.16971067070011342
driven,direct_trajectory,low,theta3,60,2.138028333693054,0.17611626407483477
driven,direct_trajectory,low,theta3,61,2.2252947962927703,0.18075146732086428
driven,direct_trajectory,low,theta3,62,2.3125612588924866,0.18665276774983705
driven,direct_trajectory,low,theta3,63,2.399827721492203,0.19647038573621906
driven,direct_trajectory,low,theta3,64,2.4870941840919194,0.20470001742535016
driven,direct_trajectory,low,theta3,65,2.574360646691636,0.20904552046850286
driven,direct_trajectory,low,theta3,66,2.661627109291352,0.21524725073749607
driven,direct_trajectory,low,theta3,67,2.7488935718910685,0.22090176951216633
driven,direct_trajectory,low,theta3,68,2.8361600344907854,0.22914213083844104
driven,direct_trajectory,low,theta3,69,2.923426497090502,0.2315348399214609
driven,direct_trajectory,low,theta3,70,3.0106929596902186,0.23447476049880372
driven,direct_trajectory,low,theta3,71,3.097959422289935,0.23566575022174185
driven,direct_trajectory,middle,theta1,0,-3.097959422289935,0.24812531773993754
driven,direct_trajectory,middle,theta1,1,-3.0106929596902186,0.24311191943692242
driven,direct_trajectory,middle,theta1,2,-2.923426497090502,0.2409679607673825
driven,direct_trajectory,middle,theta1,3,-2.8361600344907854,0.23349658964625847
driven,direct_trajectory,middle,theta1,4,-2.748893571891069,0.22811503682423145
driven,direct_trajectory,middle,theta1,5,-2.6616271092913526,0.2166914186607737
driven,direct_trajectory,middle,theta1,6,-2.574360646691636,0.20731430650005864
driven,direct_trajectory,middle,theta1,7,-2.4870941840919194,0.19701680804181382
driven,direct_trajectory,middle,theta1,8,-2.399827721492203,0.18554987758200173
driven,direct_trajectory,middle,theta1,9,-2.3125612588924866,0.1720797534158013
driven,direct_trajectory,middle,theta1,10,-2.2252947962927703,0.1656587054812701
driven,direct_trajectory,middle,theta1,11,-2.138028333693054,0.15839306776782922
driven,direct_trajectory,middle,theta1,12,-2.0507618710933375,0.15296820264944785
driven,direct_trajectory,middle,theta1,13,-1.9634954084936207,0.14468472597167992
driven,direct_trajectory,middle,theta1,14,-1.8762289458939043,0.14206433204224223
driven,direct_trajectory,middle,theta1,15,-1.7889624832941877,0.13836113070394596
driven,direct_trajectory,middle,theta1,16,-1.7016960206944713,0.13382416766082864
driven,direct_trajectory,middle,theta1,17,-1.6144295580947547,0.129633702988546
driven,direct_trajectory,middle,theta1,18,-1.5271630954950384,0.12817191298658698
driven,direct_trajectory,middle,theta1,19,-1.439896632895322,0.12586553320571825
driven,direct_trajectory,middle,theta1,20,-1.3526301702956054,0.1207438541618173
driven,direct_trajectory,middle,theta1,21,-1.2653637076958888,0.11967187482704733
driven,direct_trajectory,middle,theta1,22,-1.1780972450961724,0.11746294771297588
driven,direct_trajectory,middle,theta1,23,-1.090830782496456,0.11623937534096572
driven,direct_trajectory,middle,theta1,24,-1.0035643198967397,0.11290432852168138
driven,direct_trajectory,middle,theta1,25,-0.9162978572970231,0.1131858584479846
driven,direct_trajectory,middle,theta1,26,-0.8290313946973065,0.10990495199914319
driven,direct_trajectory,middle,theta1,27,-0.7417649320975901,0.11001323274002904
driven,direct_trajectory,middle,theta1,28,-0.6544984694978737,0.11068457333352134
driven,direct_trajectory,middle,theta1,29,-0.5672320068981571,0.10776099332960325
driven,direct_trajectory,middle,theta1,30,-0.4799655442984405,0.10821577244132384
driven,direct_trajectory,middle,theta1,31,-0.39269908169872414,0.10572531540094916
driven,direct_trajectory,middle,theta1,32,-0.30543261909900776,0.10836736547856403
driven,direct_trajectory,middle,theta1,33,-0.21816615649929139,0.10448008688076182
driven,direct_trajectory,middle,theta1,34,-0.1308996938995748,0.10523805206696281
driven,direct_trajectory,middle,theta1,35,-0.04363323129985819,0.10724124577335113
driven,direct_trajectory,middle,theta1,36,0.04363323129985819,0.10766354066280598
driven,direct_trajectory,middle,theta1,37,0.13089969389957457,0.10399282354677547
driven,direct_trajectory,middle,theta1,38,0.21816615649929116,0.10638582792035288
driven,direct_trajectory,middle,theta1,39,0.30543261909900776,0.10900622184979059
driven,direct_trajectory,middle,theta1,40,0.39269908169872414,0.10878966036801888
driven,direct_trajectory,middle,theta1,41,0.4799655442984405,0.11220050370592331
driven,direct_trajectory,middle,theta1,42,0.5672320068981569,0.11155081926060818
driven,direct_trajectory,middle,theta1,43,0.6544984694978735,0.1143011500791089
driven,direct_trajectory,middle,theta1,44,0.7417649320975901,0.11672663867495206
driven,direct_trajectory,middle,theta1,45,0.8290313946973065,0.12016996623512227
driven,direct_trajectory,middle,theta1,46,0.9162978572970228,0.12093875949541184
driven,direct_trajectory,middle,theta1,47,1.0035643198967392,0.12614706313202148
driven,direct_trajectory,middle,theta1,48,1.0908307824964556,0.12934134498815422
driven,direct_trajectory,middle,theta1,49,1.178097245096172,0.13327193588231076
driven,direct_trajectory,middle,theta1,50,1.2653637076958888,0.1374299163323276
driven,direct_trajectory,middle,theta1,51,1.3526301702956056,0.14113311767062386
driven,direct_trajectory,middle,theta1,52,1.439896632895322,0.14426243108222508
driven,direct_trajectory,middle,theta1,53,1.5271630954950384,0.1503153244977444
driven,direct_trajectory,middle,theta1,54,1.6144295580947547,0.1554045193193796
driven,direct_trajectory,middle,theta1,55,1.7016960206944711,0.16245359555104877
driven,direct_trajectory,middle,theta1,56,1.7889624832941875,0.16928611030094626
driven,direct_trajectory,middle,theta1,57,1.8762289458939039,0.17760207120097996
driven,direct_trajectory,middle,theta1,58,1.9634954084936203,0.18622121817549403
driven,direct_trajectory,middle,theta1,59,2.050761871093337,0.1946238036682364
driven,direct_trajectory,middle,theta1,60,2.138028333693054,0.20148880264039964
driven,direct_trajectory,middle,theta1,61,2.2252947962927703,0.21227356443263082
driven,direct_trajectory,middle,theta1,62,2.3125612588924866,0.22215959607550942
driven,direct_trajectory,middle,theta1,63,2.399827721492203,0.22715133823034736
driven,direct_trajectory,middle,theta1,64,2.4870941840919194,0.2373838682440607
driven,direct_trajectory,middle,theta1,65,2.574360646691636,0.24135777143457157
driven,direct_trajectory,middle,theta1,66,2.661627109291352,0.2482985669253549
driven,direct_trajectory,middle,theta1,67,2.7488935718910685,0.2516011295223735
driven,direct_trajectory,middle,theta1,68,2.8361600344907854,0.2542215234518112
driven,direct_trajectory,middle,theta1,69,2.923426497090502,0.2546654744894432
driven,direct_trajectory,middle,theta1,70,3.0106929596902186,0.2510597258179442
driven,direct_trajectory,middle,theta1,71,3.097959422289935,0.24834187922170925
driven,direct_trajectory,middle,theta3,0,-3.097959422289935,0.2373838682440607
driven,direct_trajectory,middle,theta3,1,-3.0106929596902186,0.23665838728012545
driven,direct_trajectory,middle,theta3,2,-2.923426497090502,0.23675583994692273
driven,direct_trajectory,middle,theta3,3,-2.8361600344907854,0.23461188127738278
driven,direct_trajectory,middle,theta3,4,-2.748893571891069,0.23267365601552598
driven,direct_trajectory,middle,theta3,5,-2.6616271092913526,0.23045390082736594
driven,direct_trajectory,middle,theta3,6,-2.574360646691636,0.22460674081952975
driven,direct_trajectory,middle,theta3,7,-2.4870941840919194,0.2196149986646918
driven,direct_trajectory,middle,theta3,8,-2.399827721492203,0.21323726302651494
driven,direct_trajectory,middle,theta3,9,-2.3125612588924866,0.2098155916145219
driven,direct_trajectory,middle,theta3,10,-2.2252947962927703,0.20074166552828723
driven,direct_trajectory,middle,theta3,11,-2.138028333693054,0.19683273078230784
driven,direct_trajectory,middle,theta3,12,-2.0507618710933375,0.19149449025663517
driven,direct_trajectory,middle,theta3,13,-1.9634954084936207,0.18351419965334764
driven,direct_trajectory,middle,theta3,14,-1.8762289458939043,0.1792046261660906
driven,direct_trajectory,middle,theta3,15,-1.7889624832941877,0.17452689815982164
driven,direct_trajectory,middle,theta3,16,-1.7016960206944713,0.16873387852242838
driven,direct_trajectory,middle,theta3,17,-1.6144295580947547,0.16145741273489891
driven,direct_trajectory,middle,theta3,18,-1.5271630954950384,0.1582306466565004
driven,direct_trajectory,middle,theta3,19,-1.439896632895322,0.1516688337588176
driven,direct_trajectory,middle,theta3,20,-1.3526301702956054,0.14782486745736972
driven,direct_trajectory,middle,theta3,21,-1.2653637076958888,0.14094904041111792
driven,direct_trajectory,middle,theta3,22,-1.1780972450961724,0.13738660403597328
driven,direct_trajectory,middle,theta3,23,-1.090830782496456,0.13367257462358842
driven,direct_trajectory,middle,theta3,24,-1.0035643198967397,0.13021841898932965
driven,direct_trajectory,middle,theta3,25,-0.9162978572970231,0.13224326884389515
driven,direct_trajectory,middle,theta3,26,-0.8290313946973065,0.12743560394856315
driven,direct_trajectory,middle,theta3,27,-0.7417649320975901,0.12241137757145948
driven,direct_trajectory,middle,theta3,28,-0.6544984694978737,0.12180500542249868
driven,direct_trajectory,middle,theta3,29,-0.5672320068981571,0.11818842867691111
driven,direct_trajectory,middle,theta3,30,-0.4799655442984405,0.11620689111869996
driven,direct_trajectory,middle,theta3,31,-0.39269908169872414,0.11608778230372552
driven,direct_trajectory,middle,theta3,32,-0.30543261909900776,0.11439860274590617
driven,direct_trajectory,middle,theta3,33,-0.21816615649929139,0.114376946597729
driven,direct_trajectory,middle,theta3,34,-0.1308996938995748,0.11329413918887045
driven,direct_trajectory,middle,theta3,35,-0.04363323129985819,0.11111769629706476
driven,direct_trajectory,middle,theta3,36,0.04363323129985819,0.1115399911865196
driven,direct_trajectory,middle,theta3,37,0.13089969389957457,0.1119839422241516
driven,direct_trajectory,middle,theta3,38,0.21816615649929116,0.11078202600031861
driven,direct_trajectory,middle,theta3,39,0.30543261909900776,0.10986163970278884
driven,direct_trajectory,middle,theta3,40,0.39269908169872414,0.11155081926060818
driven,direct_trajectory,middle,theta3,41,0.4799655442984405,0.11117183666750768
driven,direct_trajectory,middle,theta3,42,0.5672320068981569,0.11097693133391315
driven,direct_trajectory,middle,theta3,43,0.6544984694978735,0.1155030663029419
driven,direct_trajectory,middle,theta3,44,0.7417649320975901,0.11643428067456026
driven,direct_trajectory,middle,theta3,45,0.8290313946973065,0.11636931223002875
driven,direct_trajectory,middle,theta3,46,0.9162978572970228,0.11718141778667265
driven,direct_trajectory,middle,theta3,47,1.0035643198967392,0.11892473771493493
driven,direct_trajectory,middle,theta3,48,1.0908307824964556,0.1220865353488019
driven,direct_trajectory,middle,theta3,49,1.178097245096172,0.12282284438682572
driven,direct_trajectory,middle,theta3,50,1.2653637076958888,0.12586553320571825
driven,direct_trajectory,middle,theta3,51,1.3526301702956056,0.1280744603197897
driven,direct_trajectory,middle,theta3,52,1.439896632895322,0.12992606098893783
driven,direct_trajectory,middle,theta3,53,1.5271630954950384,0.1307165103974046
driven,direct_trajectory,middle,theta3,54,1.6144295580947547,0.13608723514534302
driven,direct_trajectory,middle,theta3,55,1.7016960206944711,0.13865348870433777
driven,direct_trajectory,middle,theta3,56,1.7889624832941875,0.14426243108222508
driven,direct_trajectory,middle,theta3,57,1.8762289458939039,0.14800894471687567
driven,direct_trajectory,middle,theta3,58,1.9634954084936203,0.150456089460896
driven,direct_trajectory,middle,theta3,59,2.050761871093337,0.15901026799087858
driven,direct_trajectory,middle,theta3,60,2.138028333693054,0.1652905509622582
driven,direct_trajectory,middle,theta3,61,2.2252947962927703,0.16851731704065667
driven,direct_trajectory,middle,theta3,62,2.3125612588924866,0.17691990253339906
driven,direct_trajectory,middle,theta3,63,2.399827721492203,0.18364413654241069
driven,direct_trajectory,middle,theta3,64,2.4870941840919194,0.19095308655220591
driven,direct_trajectory,middle,theta3,65,2.574360646691636,0.200904086639616
driven,direct_trajectory,middle,theta3,66,2.661627109291352,0.20640474827661748
driven,direct_trajectory,middle,theta3,67,2.7488935718910685,0.21401688436089308
driven,direct_trajectory,middle,theta3,68,2.8361600344907854,0.222040487260535
driven,direct_trajectory,middle,theta3,69,2.923426497090502,0.22581948511745134
driven,direct_trajectory,middle,theta3,70,3.0106929596902186,0.22994498134520241
driven,direct_trajectory,middle,theta3,71,3.097959422289935,0.2366150749837711
driven,direct_trajectory,high,theta1,0,-3.097959422289935,0.24863378404619071
driven,direct_trajectory,high,theta1,1,-3.0106929596902186,0.2407713311241797
driven,direct_trajectory,high,theta1,2,-2.923426497090502,0.23311521329266346
driven,direct_trajectory,high,theta1,3,-2.8361600344907854,0.2219839781475512
driven,direct_trajectory,high,theta1,4,-2.748893571891069,0.21743374641506139
driven,direct_trajectory,high,theta1,5,-2.6616271092913526,0.20932151943613567
driven,direct_trajectory,high,theta1,6,-2.574360646691636,0.19593145803718598
driven,direct_trajectory,high,theta1,7,-2.4870941840919194,0.18607081265985725
driven,direct_trajectory,high,theta1,8,-2.399827721492203,0.17186627064053348
driven,direct_trajectory,high,theta1,9,-2.3125612588924866,0.16071331601221123
driven,direct_trajectory,high,theta1,10,-2.2252947962927703,0.1502662445882132
driven,direct_trajectory,high,theta1,11,-2.138028333693054,0.13925446660075577
driven,direct_trajectory,high,theta1,12,-2.0507618710933375,0.13348794380850737
driven,direct_trajectory,high,theta1,13,-1.9634954084936207,0.12700467807032978
driven,direct_trajectory,high,theta1,14,-1.8762289458939043,0.12344268282389385
driven,direct_trajectory,high,theta1,15,-1.7889624832941877,0.11929426153078859
driven,direct_trajectory,high,theta1,16,-1.7016960206944713,0.11726348985065592
driven,direct_trajectory,high,theta1,17,-1.6144295580947547,0.11420104271804943
driven,direct_trajectory,high,theta1,18,-1.5271630954950384,0.11156212550803744
driven,direct_trajectory,high,theta1,19,-1.439896632895322,0.10609967548072868
driven,direct_trajectory,high,theta1,20,-1.3526301702956054,0.10619741315517357
driven,direct_trajectory,high,theta1,21,-1.2653637076958888,0.1060888157391237
driven,direct_trajectory,high,theta1,22,-1.1780972450961724,0.10229876591898303
driven,direct_trajectory,high,theta1,23,-1.090830782496456,0.10048518907095011
driven,direct_trajectory,high,theta1,24,-1.0035643198967397,0.10063722545341994
driven,direct_trajectory,high,theta1,25,-0.9162978572970231,0.09851957584044735
driven,direct_trajectory,high,theta1,26,-0.8290313946973065,0.09879106938057204
driven,direct_trajectory,high,theta1,27,-0.7417649320975901,0.09499015981882639
driven,direct_trajectory,high,theta1,28,-0.6544984694978737,0.09667341976759947
driven,direct_trajectory,high,theta1,29,-0.5672320068981571,0.09799830824340795
driven,direct_trajectory,high,theta1,30,-0.4799655442984405,0.09564174431512565
driven,direct_trajectory,high,theta1,31,-0.39269908169872414,0.09609785346253512
driven,direct_trajectory,high,theta1,32,-0.30543261909900776,0.0973358640055037
driven,direct_trajectory,high,theta1,33,-0.21816615649929139,0.09634762751944984
driven,direct_trajectory,high,theta1,34,-0.1308996938995748,0.09785713160254311
driven,direct_trajectory,high,theta1,35,-0.04363323129985819,0.09845441739081742
driven,direct_trajectory,high,theta1,36,0.04363323129985819,0.09848699661563239
driven,direct_trajectory,high,theta1,37,0.13089969389957457,0.10057206700379001
driven,direct_trajectory,high,theta1,38,0.21816615649929116,0.10297206989849227
driven,direct_trajectory,high,theta1,39,0.30543261909900776,0.10462275062245037
driven,direct_trajectory,high,theta1,40,0.39269908169872414,0.10932501873740999
driven,direct_trajectory,high,theta1,41,0.4799655442984405,0.11146438783359255
driven,direct_trajectory,high,theta1,42,0.5672320068981569,0.10955307331111473
driven,direct_trajectory,high,theta1,43,0.6544984694978735,0.1130716295911307
driven,direct_trajectory,high,theta1,44,0.7417649320975901,0.11464629212385391
driven,direct_trajectory,high,theta1,45,0.8290313946973065,0.11604719879089731
driven,direct_trajectory,high,theta1,46,0.9162978572970228,0.12256304375388986
driven,direct_trajectory,high,theta1,47,1.0035643198967392,0.125060784323037
driven,direct_trajectory,high,theta1,48,1.0908307824964556,0.1323259514567737
driven,direct_trajectory,high,theta1,49,1.178097245096172,0.13621373895135924
driven,direct_trajectory,high,theta1,50,1.2653637076958888,0.13920016789273085
driven,direct_trajectory,high,theta1,51,1.3526301702956056,0.14842008851536528
driven,direct_trajectory,high,theta1,52,1.439896632895322,0.15609792583009152
driven,direct_trajectory,high,theta1,53,1.5271630954950384,0.16170155249826512
driven,direct_trajectory,high,theta1,54,1.6144295580947547,0.16974862102756091
driven,direct_trajectory,high,theta1,55,1.7016960206944711,0.17793686619772153
driven,direct_trajectory,high,theta1,56,1.7889624832941875,0.19193507312655053
driven,direct_trajectory,high,theta1,57,1.8762289458939039,0.20014503777992115
driven,direct_trajectory,high,theta1,58,1.9634954084936203,0.21389347065183542
driven,direct_trajectory,high,theta1,59,2.050761871093337,0.23032425970018164
driven,direct_trajectory,high,theta1,60,2.138028333693054,0.24263920668023756
driven,direct_trajectory,high,theta1,61,2.2252947962927703,0.252760485856086
driven,direct_trajectory,high,theta1,62,2.3125612588924866,0.26531434715145163
driven,direct_trajectory,high,theta1,63,2.399827721492203,0.26948448792776686
driven,direct_trajectory,high,theta1,64,2.4870941840919194,0.27133064400061474
driven,direct_trajectory,high,theta1,65,2.574360646691636,0.27316594033185765
driven,direct_trajectory,high,theta1,66,2.661627109291352,0.2706899192459205
driven,direct_trajectory,high,theta1,67,2.7488935718910685,0.26941932947813696
driven,direct_trajectory,high,theta1,68,2.8361600344907854,0.26688900968417484
driven,direct_trajectory,high,theta1,69,2.923426497090502,0.2639568794508282
driven,direct_trajectory,high,theta1,70,3.0106929596902186,0.2592220321110536
driven,direct_trajectory,high,theta1,71,3.097959422289935,0.25582293298869246
driven,direct_trajectory,high,theta3,0,-3.097959422289935,0.23686182414638418
driven,direct_trajectory,high,theta3,1,-3.0106929596902186,0.2372636345857687
driven,direct_trajectory,high,theta3,2,-2.923426497090502,0.23973965567170588
driven,direct_trajectory,high,theta3,3,-2.8361600344907854,0.23598218507638016
driven,direct_trajectory,high,theta3,4,-2.748893571891069,0.23540661877131583
driven,direct_trajectory,high,theta3,5,-2.6616271092913526,0.23619937990847992
driven,direct_trajectory,high,theta3,6,-2.574360646691636,0.23226815344747442
driven,direct_trajectory,high,theta3,7,-2.4870941840919194,0.2288038958754834
driven,direct_trajectory,high,theta3,8,-2.399827721492203,0.22409076801891878
driven,direct_trajectory,high,theta3,9,-2.3125612588924866,0.2211694975271771
driven,direct_trajectory,high,theta3,10,-2.2252947962927703,0.21997492595062848
driven,direct_trajectory,high,theta3,11,-2.138028333693054,0.21775953866321102
driven,direct_trajectory,high,theta3,12,-2.0507618710933375,0.21234052760232222
driven,direct_trajectory,high,theta3,13,-1.9634954084936207,0.20381563044240694
driven,direct_trajectory,high,theta3,14,-1.8762289458939043,0.19774503488521888
driven,direct_trajectory,high,theta3,15,-1.7889624832941877,0.18992602092962785
driven,direct_trajectory,high,theta3,16,-1.7016960206944713,0.18414863839577444
driven,direct_trajectory,high,theta3,17,-1.6144295580947547,0.17670971539635794
driven,direct_trajectory,high,theta3,18,-1.5271630954950384,0.17012871198373547
driven,direct_trajectory,high,theta3,19,-1.439896632895322,0.16410155539296736
driven,direct_trajectory,high,theta3,20,-1.3526301702956054,0.15888887942257332
driven,direct_trajectory,high,theta3,21,-1.2653637076958888,0.15328525275439972
driven,direct_trajectory,high,theta3,22,-1.1780972450961724,0.14810515600882065
driven,direct_trajectory,high,theta3,23,-1.090830782496456,0.14443456334633487
driven,direct_trajectory,high,theta3,24,-1.0035643198967397,0.1395042406576705
driven,direct_trajectory,high,theta3,25,-0.9162978572970231,0.13969971600656025
driven,direct_trajectory,high,theta3,26,-0.8290313946973065,0.13264088396331833
driven,direct_trajectory,high,theta3,27,-0.7417649320975901,0.1324997073224535
driven,direct_trajectory,high,theta3,28,-0.6544984694978737,0.1305015148671358
driven,direct_trajectory,high,theta3,29,-0.5672320068981571,0.12802549378119862
driven,direct_trajectory,high,theta3,30,-0.4799655442984405,0.1228019580691996
driven,direct_trajectory,high,theta3,31,-0.39269908169872414,0.12093408251314172
driven,direct_trajectory,high,theta3,32,-0.30543261909900776,0.12070602793943698
driven,direct_trajectory,high,theta3,33,-0.21816615649929139,0.11874041470893423
driven,direct_trajectory,high,theta3,34,-0.1308996938995748,0.11803453150461003
driven,direct_trajectory,high,theta3,35,-0.04363323129985819,0.11828430556152475
driven,direct_trajectory,high,theta3,36,0.04363323129985819,0.11694855734411128
driven,direct_trajectory,high,theta3,37,0.13089969389957457,0.11647072871349183
driven,direct_trajectory,high,theta3,38,0.21816615649929116,0.11472231031508882
driven,direct_trajectory,high,theta3,39,0.30543261909900776,0.11554765067706788
driven,direct_trajectory,high,theta3,40,0.39269908169872414,0.1130824893327357
driven,direct_trajectory,high,theta3,41,0.4799655442984405,0.11462457264064393
driven,direct_trajectory,high,theta3,42,0.5672320068981569,0.11379923227866488
driven,direct_trajectory,high,theta3,43,0.6544984694978735,0.11346258028891026
driven,direct_trajectory,high,theta3,44,0.7417649320975901,0.11522185842891826
driven,direct_trajectory,high,theta3,45,0.8290313946973065,0.11432049987570428
driven,direct_trajectory,high,theta3,46,0.9162978572970228,0.1136037569297751
driven,direct_trajectory,high,theta3,47,1.0035643198967392,0.11548249222743795
driven,direct_trajectory,high,theta3,48,1.0908307824964556,0.11592774163324245
driven,direct_trajectory,high,theta3,49,1.178097245096172,0.11225714897075664
driven,direct_trajectory,high,theta3,50,1.2653637076958888,0.11809968995423996
driven,direct_trajectory,high,theta3,51,1.3526301702956056,0.11613407672373721
driven,direct_trajectory,high,theta3,52,1.439896632895322,0.11968521222856815
driven,direct_trajectory,high,theta3,53,1.5271630954950384,0.12056485129857214
driven,direct_trajectory,high,theta3,54,1.6144295580947547,0.12161824623425595
driven,direct_trajectory,high,theta3,55,1.7016960206944711,0.12490874794056718
driven,direct_trajectory,high,theta3,56,1.7889624832941875,0.12538657657118663
driven,direct_trajectory,high,theta3,57,1.8762289458939039,0.13130513574590486
driven,direct_trajectory,high,theta3,58,1.9634954084936203,0.13151147083639964
driven,direct_trajectory,high,theta3,59,2.050761871093337,0.13716939621259816
driven,direct_trajectory,high,theta3,60,2.138028333693054,0.1415784513042231
driven,direct_trajectory,high,theta3,61,2.2252947962927703,0.14884361843795982
driven,direct_trajectory,high,theta3,62,2.3125612588924866,0.15123276159105709
driven,direct_trajectory,high,theta3,63,2.399827721492203,0.1619621862967848
driven,direct_trajectory,high,theta3,64,2.4870941840919194,0.17212690443905318
driven,direct_trajectory,high,theta3,65,2.574360646691636,0.17866446888525572
driven,direct_trajectory,high,theta3,66,2.661627109291352,0.19034955085222235
driven,direct_trajectory,high,theta3,67,2.7488935718910685,0.19758213876114408
driven,direct_trajectory,high,theta3,68,2.8361600344907854,0.20497762279414064
driven,direct_trajectory,high,theta3,69,2.923426497090502,0.21403464729270028
driven,direct_trajectory,high,theta3,70,3.0106929596902186,0.2239713108612639
driven,direct_trajectory,high,theta3,71,3.097959422289935,0.2304545765994415
driven,new_ensemble,low,theta1,0,-3.097959422289935,0.24310619223527963
driven,new_ensemble,low,theta1,1,-3.0106929596902186,0.23853709513591312
driven,new_ensemble,low,theta1,2,-2.923426497090502,0.23573188176197363
driven,new_ensemble,low,theta1,3,-2.8361600344907854,0.22868074210695405
driven,new_ensemble,low,theta1,4,-2.748893571891069,0.2212299159306881
driven,new_ensemble,low,theta1,5,-2.6616271092913526,0.21495389229764175
driven,new_ensemble,low,theta1,6,-2.574360646691636,0.20439327807761792
driven,new_ensemble,low,theta1,7,-2.4870941840919194,0.19976122650184241
driven,new_ensemble,low,theta1,8,-2.399827721492203,0.18822278903924655
driven,new_ensemble,low,theta1,9,-2.3125612588924866,0.18342922073483117
driven,new_ensemble,low,theta1,10,-2.2252947962927703,0.17756372148409855
driven,new_ensemble,low,theta1,11,-2.138028333693054,0.16928183293247506
driven,new_ensemble,low,theta1,12,-2.0507618710933375,0.1652668553363654
driven,new_ensemble,low,theta1,13,-1.9634954084936207,0.15892542031591197
driven,new_ensemble,low,theta1,14,-1.8762289458939043,0.15299458284391906
driven,new_ensemble,low,theta1,15,-1.7889624832941877,0.1482480917069136
driven,new_ensemble,low,theta1,16,-1.7016960206944713,0.1437727632738022
driven,new_ensemble,low,theta1,17,-1.6144295580947547,0.13723192437718848
driven,new_ensemble,low,theta1,18,-1.5271630954950384,0.13606643543042402
driven,new_ensemble,low,theta1,19,-1.439896632895322,0.12969850337406605
driven,new_ensemble,low,theta1,20,-1.3526301702956054,0.13098190455619346
driven,new_ensemble,low,theta1,21,-1.2653637076958888,0.12646208023321032
driven,new_ensemble,low,theta1,22,-1.1780972450961724,0.12378491154731155
driven,new_ensemble,low,theta1,23,-1.090830782496456,0.12177614002155997
driven,new_ensemble,low,theta1,24,-1.0035643198967397,0.12085263845307041
driven,new_ensemble,low,theta1,25,-0.9162978572970231,0.11664865840102642
driven,new_ensemble,low,theta1,26,-0.8290313946973065,0.11584956675951595
driven,new_ensemble,low,theta1,27,-0.7417649320975901,0.11318567535818583
driven,new_ensemble,low,theta1,28,-0.6544984694978737,0.11590353275614226
driven,new_ensemble,low,theta1,29,-0.5672320068981571,0.11238391559807225
driven,new_ensemble,low,theta1,30,-0.4799655442984405,0.11196478954712012
driven,new_ensemble,low,theta1,31,-0.39269908169872414,0.11057112101870668
driven,new_ensemble,low,theta1,32,-0.30543261909900776,0.10999295815092683
driven,new_ensemble,low,theta1,33,-0.21816615649929139,0.10869970972410353
driven,new_ensemble,low,theta1,34,-0.1308996938995748,0.1093847927705479
driven,new_ensemble,low,theta1,35,-0.04363323129985819,0.1096246624189213
driven,new_ensemble,low,theta1,36,0.04363323129985819,0.11004037168754435
driven,new_ensemble,low,theta1,37,0.13089969389957457,0.11240594965172912
driven,new_ensemble,low,theta1,38,0.21816615649929116,0.11303582586253161
driven,new_ensemble,low,theta1,39,0.30543261909900776,0.11480447493641845
driven,new_ensemble,low,theta1,40,0.39269908169872414,0.1155100702912511
driven,new_ensemble,low,theta1,41,0.4799655442984405,0.11536327587758773
driven,new_ensemble,low,theta1,42,0.5672320068981569,0.11715753014545731
driven,new_ensemble,low,theta1,43,0.6544984694978735,0.11994158848343688
driven,new_ensemble,low,theta1,44,0.7417649320975901,0.12051684831691625
driven,new_ensemble,low,theta1,45,0.8290313946973065,0.12225083985923112
driven,new_ensemble,low,theta1,46,0.9162978572970228,0.1236857754877989
driven,new_ensemble,low,theta1,47,1.0035643198967392,0.12763237092710863
driven,new_ensemble,low,theta1,48,1.0908307824964556,0.13016643136955702
driven,new_ensemble,low,theta1,49,1.178097245096172,0.13298391533920945
driven,new_ensemble,low,theta1,50,1.2653637076958888,0.1361558840315404
driven,new_ensemble,low,theta1,51,1.3526301702956056,0.14106741901892172
driven,new_ensemble,low,theta1,52,1.439896632895322,0.14521003379389955
driven,new_ensemble,low,theta1,53,1.5271630954950384,0.14791020999141602
driven,new_ensemble,low,theta1,54,1.6144295580947547,0.15381536317312897
driven,new_ensemble,low,theta1,55,1.7016960206944711,0.15725892334773164
driven,new_ensemble,low,theta1,56,1.7889624832941875,0.16413427603954928
driven,new_ensemble,low,theta1,57,1.8762289458939039,0.1708915491924494
driven,new_ensemble,low,theta1,58,1.9634954084936203,0.17694658859736856
driven,new_ensemble,low,theta1,59,2.050761871093337,0.18308318232260387
driven,new_ensemble,low,theta1,60,2.138028333693054,0.1899922538683086
driven,new_ensemble,low,theta1,61,2.2252947962927703,0.1995597845868036
driven,new_ensemble,low,theta1,62,2.3125612588924866,0.20631394825017874
driven,new_ensemble,low,theta1,63,2.399827721492203,0.2134993267227838
driven,new_ensemble,low,theta1,64,2.4870941840919194,0.22032772249187965
driven,new_ensemble,low,theta1,65,2.574360646691636,0.2230305559231111
driven,new_ensemble,low,theta1,66,2.661627109291352,0.2282473769599317
driven,new_ensemble,low,theta1,67,2.7488935718910685,0.23363601506941206
driven,new_ensemble,low,theta1,68,2.8361600344907854,0.23679839195571417
driven,new_ensemble,low,theta1,69,2.923426497090502,0.24110386641823436
driven,new_ensemble,low,theta1,70,3.0106929596902186,0.24062599414431374
driven,new_ensemble,low,theta1,71,3.097959422289935,0.2388885462696509
driven,new_ensemble,low,theta3,0,-3.097959422289935,0.24057634283339513
driven,new_ensemble,low,theta3,1,-3.0106929596902186,0.23832173815284138
driven,new_ensemble,low,theta3,2,-2.923426497090502,0.23666097450780219
driven,new_ensemble,low,theta3,3,-2.8361600344907854,0.23454183381510227
driven,new_ensemble,low,theta3,4,-2.748893571891069,0.22913745475973812
driven,new_ensemble,low,theta3,5,-2.6616271092913526,0.22684302994382172
driven,new_ensemble,low,theta3,6,-2.574360646691636,0.21983936024592285
driven,new_ensemble,low,theta3,7,-2.4870941840919194,0.2138212325338622
driven,new_ensemble,low,theta3,8,-2.399827721492203,0.20523015454918753
driven,new_ensemble,low,theta3,9,-2.3125612588924866,0.1990600186114957
driven,new_ensemble,low,theta3,10,-2.2252947962927703,0.19560960065978478
driven,new_ensemble,low,theta3,11,-2.138028333693054,0.18639592958633067
driven,new_ensemble,low,theta3,12,-2.0507618710933375,0.17874237446365188
driven,new_ensemble,low,theta3,13,-1.9634954084936207,0.1716316558625031
driven,new_ensemble,low,theta3,14,-1.8762289458939043,0.16892183710233227
driven,new_ensemble,low,theta3,15,-1.7889624832941877,0.16458875910281703
driven,new_ensemble,low,theta3,16,-1.7016960206944713,0.16112120971562055
driven,new_ensemble,low,theta3,17,-1.6144295580947547,0.15564840150826623
driven,new_ensemble,low,theta3,18,-1.5271630954950384,0.14924634272825202
driven,new_ensemble,low,theta3,19,-1.439896632895322,0.14638068733391713
driven,new_ensemble,low,theta3,20,-1.3526301702956054,0.14281691383807826
driven,new_ensemble,low,theta3,21,-1.2653637076958888,0.13981065538332438
driven,new_ensemble,low,theta3,22,-1.1780972450961724,0.13482026984089093
driven,new_ensemble,low,theta3,23,-1.090830782496456,0.13177508355446033
driven,new_ensemble,low,theta3,24,-1.0035643198967397,0.1287015595205891
driven,new_ensemble,low,theta3,25,-0.9162978572970231,0.12378084420383371
driven,new_ensemble,low,theta3,26,-0.8290313946973065,0.12074374857488682
driven,new_ensemble,low,theta3,27,-0.7417649320975901,0.12140733252011349
driven,new_ensemble,low,theta3,28,-0.6544984694978737,0.11754392932297654
driven,new_ensemble,low,theta3,29,-0.5672320068981571,0.11818585797926048
driven,new_ensemble,low,theta3,30,-0.4799655442984405,0.1190186573186542
driven,new_ensemble,low,theta3,31,-0.39269908169872414,0.11383666608195027
driven,new_ensemble,low,theta3,32,-0.30543261909900776,0.11383396105317473
driven,new_ensemble,low,theta3,33,-0.21816615649929139,0.11183672884742259
driven,new_ensemble,low,theta3,34,-0.1308996938995748,0.11250695501334851
driven,new_ensemble,low,theta3,35,-0.04363323129985819,0.11393503520246562
driven,new_ensemble,low,theta3,36,0.04363323129985819,0.11244065664745558
driven,new_ensemble,low,theta3,37,0.13089969389957457,0.11282390964401592
driven,new_ensemble,low,theta3,38,0.21816615649929116,0.1091668463841789
driven,new_ensemble,low,theta3,39,0.30543261909900776,0.11246199294344854
driven,new_ensemble,low,theta3,40,0.39269908169872414,0.11363635143882575
driven,new_ensemble,low,theta3,41,0.4799655442984405,0.11285770349360619
driven,new_ensemble,low,theta3,42,0.5672320068981569,0.11188416533674686
driven,new_ensemble,low,theta3,43,0.6544984694978735,0.11272919724811081
driven,new_ensemble,low,theta3,44,0.7417649320975901,0.11468903605373942
driven,new_ensemble,low,theta3,45,0.8290313946973065,0.11807425960350625
driven,new_ensemble,low,theta3,46,0.9162978572970228,0.12235945715522255
driven,new_ensemble,low,theta3,47,1.0035643198967392,0.12251823488979413
driven,new_ensemble,low,theta3,48,1.0908307824964556,0.12171429591195067
driven,new_ensemble,low,theta3,49,1.178097245096172,0.12626765820794114
driven,new_ensemble,low,theta3,50,1.2653637076958888,0.1290883338501611
driven,new_ensemble,low,theta3,51,1.3526301702956056,0.1312941600112186
driven,new_ensemble,low,theta3,52,1.439896632895322,0.13634705089497326
driven,new_ensemble,low,theta3,53,1.5271630954950384,0.14023630299556789
driven,new_ensemble,low,theta3,54,1.6144295580947547,0.14153289635905406
driven,new_ensemble,low,theta3,55,1.7016960206944711,0.14942291997077956
driven,new_ensemble,low,theta3,56,1.7889624832941875,0.15103841271869117
driven,new_ensemble,low,theta3,57,1.8762289458939039,0.15584336788860043
driven,new_ensemble,low,theta3,58,1.9634954084936203,0.1614645505426175
driven,new_ensemble,low,theta3,59,2.050761871093337,0.16622403701980326
driven,new_ensemble,low,theta3,60,2.138028333693054,0.17138211182687868
driven,new_ensemble,low,theta3,61,2.2252947962927703,0.17747130548462312
driven,new_ensemble,low,theta3,62,2.3125612588924866,0.1807570570222777
driven,new_ensemble,low,theta3,63,2.399827721492203,0.19019386693383286
driven,new_ensemble,low,theta3,64,2.4870941840919194,0.19899595372692547
driven,new_ensemble,low,theta3,65,2.574360646691636,0.2031345209445282
driven,new_ensemble,low,theta3,66,2.661627109291352,0.21017436365128528
driven,new_ensemble,low,theta3,67,2.7488935718910685,0.21902382967860365
driven,new_ensemble,low,theta3,68,2.8361600344907854,0.22466598107702848
driven,new_ensemble,low,theta3,69,2.923426497090502,0.23123247834700558
driven,new_ensemble,low,theta3,70,3.0106929596902186,0.23856216779568173
driven,new_ensemble,low,theta3,71,3.097959422289935,0.24057333264572284
driven,new_ensemble,middle,theta1,0,-3.097959422289935,0.24710495350120393
driven,new_ensemble,middle,theta1,1,-3.0106929596902186,0.23948155384152078
driven,new_ensemble,middle,theta1,2,-2.923426497090502,0.23510331911914503
driven,new_ensemble,middle,theta1,3,-2.8361600344907854,0.22814126718145109
driven,new_ensemble,middle,theta1,4,-2.748893571891069,0.2192683469124914
driven,new_ensemble,middle,theta1,5,-2.6616271092913526,0.20992026343960987
driven,new_ensemble,middle,theta1,6,-2.574360646691636,0.19859278880107797
driven,new_ensemble,middle,theta1,7,-2.4870941840919194,0.1880274932561762
driven,new_ensemble,middle,theta1,8,-2.399827721492203,0.17958941784561855
driven,new_ensemble,middle,theta1,9,-2.3125612588924866,0.17391963367533123
driven,new_ensemble,middle,theta1,10,-2.2252947962927703,0.16752075524412094
driven,new_ensemble,middle,theta1,11,-2.138028333693054,0.1592980564234023
driven,new_ensemble,middle,theta1,12,-2.0507618710933375,0.15087210863492395
driven,new_ensemble,middle,theta1,13,-1.9634954084936207,0.14845029317265862
driven,new_ensemble,middle,theta1,14,-1.8762289458939043,0.14498770488494597
driven,new_ensemble,middle,theta1,15,-1.7889624832941877,0.13807635357081607
driven,new_ensemble,middle,theta1,16,-1.7016960206944713,0.13592875131376414
driven,new_ensemble,middle,theta1,17,-1.6144295580947547,0.1315413467624093
driven,new_ensemble,middle,theta1,18,-1.5271630954950384,0.12693503121083471
driven,new_ensemble,middle,theta1,19,-1.439896632895322,0.12715481065745787
driven,new_ensemble,middle,theta1,20,-1.3526301702956054,0.12289522863449914
driven,new_ensemble,middle,theta1,21,-1.2653637076958888,0.11883467218177224
driven,new_ensemble,middle,theta1,22,-1.1780972450961724,0.11541966741441632
driven,new_ensemble,middle,theta1,23,-1.090830782496456,0.11509868017766366
driven,new_ensemble,middle,theta1,24,-1.0035643198967397,0.11077898852231281
driven,new_ensemble,middle,theta1,25,-0.9162978572970231,0.11192842288895465
driven,new_ensemble,middle,theta1,26,-0.8290313946973065,0.10924117106878632
driven,new_ensemble,middle,theta1,27,-0.7417649320975901,0.10872907927429191
driven,new_ensemble,middle,theta1,28,-0.6544984694978737,0.1065893272424245
driven,new_ensemble,middle,theta1,29,-0.5672320068981571,0.1060678847175987
driven,new_ensemble,middle,theta1,30,-0.4799655442984405,0.10861493943587701
driven,new_ensemble,middle,theta1,31,-0.39269908169872414,0.10671263001674297
driven,new_ensemble,middle,theta1,32,-0.30543261909900776,0.10655102777399872
driven,new_ensemble,middle,theta1,33,-0.21816615649929139,0.1076014142634653
driven,new_ensemble,middle,theta1,34,-0.1308996938995748,0.10587176158312517
driven,new_ensemble,middle,theta1,35,-0.04363323129985819,0.10637691959713454
driven,new_ensemble,middle,theta1,36,0.04363323129985819,0.10765818582819353
driven,new_ensemble,middle,theta1,37,0.13089969389957457,0.10910271919946703
driven,new_ensemble,middle,theta1,38,0.21816615649929116,0.1099775263137508
driven,new_ensemble,middle,theta1,39,0.30543261909900776,0.11355413983088603
driven,new_ensemble,middle,theta1,40,0.39269908169872414,0.11358332610992523
driven,new_ensemble,middle,theta1,41,0.4799655442984405,0.1142088520490448
driven,new_ensemble,middle,theta1,42,0.5672320068981569,0.11585319390507873
driven,new_ensemble,middle,theta1,43,0.6544984694978735,0.11741251750032972
driven,new_ensemble,middle,theta1,44,0.7417649320975901,0.11849866193797093
driven,new_ensemble,middle,theta1,45,0.8290313946973065,0.12179904632534308
driven,new_ensemble,middle,theta1,46,0.9162978572970228,0.12496096608742273
driven,new_ensemble,middle,theta1,47,1.0035643198967392,0.12699404608822246
driven,new_ensemble,middle,theta1,48,1.0908307824964556,0.12806345251719845
driven,new_ensemble,middle,theta1,49,1.178097245096172,0.13564660855203753
driven,new_ensemble,middle,theta1,50,1.2653637076958888,0.13801315714212525
driven,new_ensemble,middle,theta1,51,1.3526301702956056,0.14011802080740257
driven,new_ensemble,middle,theta1,52,1.439896632895322,0.14538803248647794
driven,new_ensemble,middle,theta1,53,1.5271630954950384,0.15222642946028903
driven,new_ensemble,middle,theta1,54,1.6144295580947547,0.1594767434219164
driven,new_ensemble,middle,theta1,55,1.7016960206944711,0.16667535841552597
driven,new_ensemble,middle,theta1,56,1.7889624832941875,0.1724283622397907
driven,new_ensemble,middle,theta1,57,1.8762289458939039,0.18235670967814707
driven,new_ensemble,middle,theta1,58,1.9634954084936203,0.19031267164273763
driven,new_ensemble,middle,theta1,59,2.050761871093337,0.19709257787787926
driven,new_ensemble,middle,theta1,60,2.138028333693054,0.20387371517436162
driven,new_ensemble,middle,theta1,61,2.2252947962927703,0.2129612972008388
driven,new_ensemble,middle,theta1,62,2.3125612588924866,0.22069363915910475
driven,new_ensemble,middle,theta1,63,2.399827721492203,0.23212131085146442
driven,new_ensemble,middle,theta1,64,2.4870941840919194,0.23209638737524063
driven,new_ensemble,middle,theta1,65,2.574360646691636,0.23939153881254135
driven,new_ensemble,middle,theta1,66,2.661627109291352,0.2438523275884491
driven,new_ensemble,middle,theta1,67,2.7488935718910685,0.24799654846813662
driven,new_ensemble,middle,theta1,68,2.8361600344907854,0.25041054593975176
driven,new_ensemble,middle,theta1,69,2.923426497090502,0.2536261148086084
driven,new_ensemble,middle,theta1,70,3.0106929596902186,0.25331806053705597
driven,new_ensemble,middle,theta1,71,3.097959422289935,0.2501870470417379
driven,new_ensemble,middle,theta3,0,-3.097959422289935,0.23733586084112754
driven,new_ensemble,middle,theta3,1,-3.0106929596902186,0.2363180495657367
driven,new_ensemble,middle,theta3,2,-2.923426497090502,0.2388347492837615
driven,new_ensemble,middle,theta3,3,-2.8361600344907854,0.2364106360304083
driven,new_ensemble,middle,theta3,4,-2.748893571891069,0.23580764988203923
driven,new_ensemble,middle,theta3,5,-2.6616271092913526,0.23203103193585004
driven,new_ensemble,middle,theta3,6,-2.574360646691636,0.228172734972012
driven,new_ensemble,middle,theta3,7,-2.4870941840919194,0.22346324420003436
driven,new_ensemble,middle,theta3,8,-2.399827721492203,0.21856630835674398
driven,new_ensemble,middle,theta3,9,-2.3125612588924866,0.21041138418419195
driven,new_ensemble,middle,theta3,10,-2.2252947962927703,0.2061416774000983
driven,new_ensemble,middle,theta3,11,-2.138028333693054,0.19739775125904668
driven,new_ensemble,middle,theta3,12,-2.0507618710933375,0.19054170911692545
driven,new_ensemble,middle,theta3,13,-1.9634954084936207,0.18794644805076627
driven,new_ensemble,middle,theta3,14,-1.8762289458939043,0.17896966808999448
driven,new_ensemble,middle,theta3,15,-1.7889624832941877,0.17517303284976746
driven,new_ensemble,middle,theta3,16,-1.7016960206944713,0.17002516058887263
driven,new_ensemble,middle,theta3,17,-1.6144295580947547,0.1629066751918591
driven,new_ensemble,middle,theta3,18,-1.5271630954950384,0.15427362750903365
driven,new_ensemble,middle,theta3,19,-1.439896632895322,0.15144761730283968
driven,new_ensemble,middle,theta3,20,-1.3526301702956054,0.1485038936410668
driven,new_ensemble,middle,theta3,21,-1.2653637076958888,0.14474389588928388
driven,new_ensemble,middle,theta3,22,-1.1780972450961724,0.13823637750859538
driven,new_ensemble,middle,theta3,23,-1.090830782496456,0.13662541165922684
driven,new_ensemble,middle,theta3,24,-1.0035643198967397,0.13048847391317187
driven,new_ensemble,middle,theta3,25,-0.9162978572970231,0.12678652491953843
driven,new_ensemble,middle,theta3,26,-0.8290313946973065,0.12527266003569734
driven,new_ensemble,middle,theta3,27,-0.7417649320975901,0.1224862795677516
driven,new_ensemble,middle,theta3,28,-0.6544984694978737,0.11956634074973373
driven,new_ensemble,middle,theta3,29,-0.5672320068981571,0.11753543993121117
driven,new_ensemble,middle,theta3,30,-0.4799655442984405,0.11660535071875457
driven,new_ensemble,middle,theta3,31,-0.39269908169872414,0.11352940712847766
driven,new_ensemble,middle,theta3,32,-0.30543261909900776,0.11330627300106368
driven,new_ensemble,middle,theta3,33,-0.21816615649929139,0.1106000945396959
driven,new_ensemble,middle,theta3,34,-0.1308996938995748,0.11135625037991753
driven,new_ensemble,middle,theta3,35,-0.04363323129985819,0.11258964700416713
driven,new_ensemble,middle,theta3,36,0.04363323129985819,0.10880066201474498
driven,new_ensemble,middle,theta3,37,0.13089969389957457,0.112912131935995
driven,new_ensemble,middle,theta3,38,0.21816615649929116,0.11113381650833669
driven,new_ensemble,middle,theta3,39,0.30543261909900776,0.11017736802448655
driven,new_ensemble,middle,theta3,40,0.39269908169872414,0.11146039248428134
driven,new_ensemble,middle,theta3,41,0.4799655442984405,0.11301643020877873
driven,new_ensemble,middle,theta3,42,0.5672320068981569,0.1132811849983243
driven,new_ensemble,middle,theta3,43,0.6544984694978735,0.11252558309802639
driven,new_ensemble,middle,theta3,44,0.7417649320975901,0.1160562704494777
driven,new_ensemble,middle,theta3,45,0.8290313946973065,0.11504658245793839
driven,new_ensemble,middle,theta3,46,0.9162978572970228,0.11785446448299616
driven,new_ensemble,middle,theta3,47,1.0035643198967392,0.11862567478949178
driven,new_ensemble,middle,theta3,48,1.0908307824964556,0.12182689315028855
driven,new_ensemble,middle,theta3,49,1.178097245096172,0.12197580061328861
driven,new_ensemble,middle,theta3,50,1.2653637076958888,0.1248831261121499
driven,new_ensemble,middle,theta3,51,1.3526301702956056,0.12634573770112983
driven,new_ensemble,middle,theta3,52,1.439896632895322,0.1275748171941059
driven,new_ensemble,middle,theta3,53,1.5271630954950384,0.13283853093850842
driven,new_ensemble,middle,theta3,54,1.6144295580947547,0.13694271919649303
driven,new_ensemble,middle,theta3,55,1.7016960206944711,0.13862041972266267
driven,new_ensemble,middle,theta3,56,1.7889624832941875,0.1433138298598817
driven,new_ensemble,middle,theta3,57,1.8762289458939039,0.14855683335211073
driven,new_ensemble,middle,theta3,58,1.9634954084936203,0.15201146244837685
driven,new_ensemble,middle,theta3,59,2.050761871093337,0.15626504147306094
driven,new_ensemble,middle,theta3,60,2.138028333693054,0.16179392296689402
driven,new_ensemble,middle,theta3,61,2.2252947962927703,0.16561869725021477
driven,new_ensemble,middle,theta3,62,2.3125612588924866,0.17540973863444465
driven,new_ensemble,middle,theta3,63,2.399827721492203,0.1804872140028891
driven,new_ensemble,middle,theta3,64,2.4870941840919194,0.19460956312333616
driven,new_ensemble,middle,theta3,65,2.574360646691636,0.19956524035546733
driven,new_ensemble,middle,theta3,66,2.661627109291352,0.2061254076315192
driven,new_ensemble,middle,theta3,67,2.7488935718910685,0.21218138060032035
driven,new_ensemble,middle,theta3,68,2.8361600344907854,0.22075869482596777
driven,new_ensemble,middle,theta3,69,2.923426497090502,0.22625484890148823
driven,new_ensemble,middle,theta3,70,3.0106929596902186,0.2291921479702202
driven,new_ensemble,middle,theta3,71,3.097959422289935,0.23470593594031938
driven,new_ensemble,high,theta1,0,-3.097959422289935,0.24420012016441675
driven,new_ensemble,high,theta1,1,-3.0106929596902186,0.2345809909478754
driven,new_ensemble,high,theta1,2,-2.923426497090502,0.22974508639525443
driven,new_ensemble,high,theta1,3,-2.8361600344907854,0.224163783514903
driven,new_ensemble,high,theta1,4,-2.748893571891069,0.20748185439243483
driven,new_ensemble,high,theta1,5,-2.6616271092913526,0.202745466636933
driven,new_ensemble,high,theta1,6,-2.574360646691636,0.18883825257512457
driven,new_ensemble,high,theta1,7,-2.4870941840919194,0.18347217927105236
driven,new_ensemble,high,theta1,8,-2.399827721492203,0.1715098796181772
driven,new_ensemble,high,theta1,9,-2.3125612588924866,0.1635675817825778
driven,new_ensemble,high,theta1,10,-2.2252947962927703,0.15579947936562158
driven,new_ensemble,high,theta1,11,-2.138028333693054,0.14537171800642382
driven,new_ensemble,high,theta1,12,-2.0507618710933375,0.14057512753598794
driven,new_ensemble,high,theta1,13,-1.9634954084936207,0.13483865326162228
driven,new_ensemble,high,theta1,14,-1.8762289458939043,0.13028424417159049
driven,new_ensemble,high,theta1,15,-1.7889624832941877,0.12500247550053803
driven,new_ensemble,high,theta1,16,-1.7016960206944713,0.11899582592789044
driven,new_ensemble,high,theta1,17,-1.6144295580947547,0.11814940384453011
driven,new_ensemble,high,theta1,18,-1.5271630954950384,0.11384426077359913
driven,new_ensemble,high,theta1,19,-1.439896632895322,0.11079383597153596
driven,new_ensemble,high,theta1,20,-1.3526301702956054,0.11051616646949154
driven,new_ensemble,high,theta1,21,-1.2653637076958888,0.10846233436971647
driven,new_ensemble,high,theta1,22,-1.1780972450961724,0.10339229554724065
driven,new_ensemble,high,theta1,23,-1.090830782496456,0.09976639012858034
driven,new_ensemble,high,theta1,24,-1.0035643198967397,0.10189400081643651
driven,new_ensemble,high,theta1,25,-0.9162978572970231,0.10078324127617685
driven,new_ensemble,high,theta1,26,-0.8290313946973065,0.09731558989226012
driven,new_ensemble,high,theta1,27,-0.7417649320975901,0.09834364964765704
driven,new_ensemble,high,theta1,28,-0.6544984694978737,0.09784416036935262
driven,new_ensemble,high,theta1,29,-0.5672320068981571,0.0984501652392823
driven,new_ensemble,high,theta1,30,-0.4799655442984405,0.09707163504755333
driven,new_ensemble,high,theta1,31,-0.39269908169872414,0.0991197972349519
driven,new_ensemble,high,theta1,32,-0.30543261909900776,0.09730784982201902
driven,new_ensemble,high,theta1,33,-0.21816615649929139,0.09995932174078309
driven,new_ensemble,high,theta1,34,-0.1308996938995748,0.0995402940808527
driven,new_ensemble,high,theta1,35,-0.04363323129985819,0.10189158824502212
driven,new_ensemble,high,theta1,36,0.04363323129985819,0.10036576699693164
driven,new_ensemble,high,theta1,37,0.13089969389957457,0.10322464637524895
driven,new_ensemble,high,theta1,38,0.21816615649929116,0.10438278533998156
driven,new_ensemble,high,theta1,39,0.30543261909900776,0.10738111466518989
driven,new_ensemble,high,theta1,40,0.39269908169872414,0.1074968925491731
driven,new_ensemble,high,theta1,41,0.4799655442984405,0.11113107621783035
driven,new_ensemble,high,theta1,42,0.5672320068981569,0.11584652680042375
driven,new_ensemble,high,theta1,43,0.6544984694978735,0.11733531304650237
driven,new_ensemble,high,theta1,44,0.7417649320975901,0.11850080132887467
driven,new_ensemble,high,theta1,45,0.8290313946973065,0.12277843871486885
driven,new_ensemble,high,theta1,46,0.9162978572970228,0.12495150283654928
driven,new_ensemble,high,theta1,47,1.0035643198967392,0.13027064814230366
driven,new_ensemble,high,theta1,48,1.0908307824964556,0.13396830415218236
driven,new_ensemble,high,theta1,49,1.178097245096172,0.1389303104625616
driven,new_ensemble,high,theta1,50,1.2653637076958888,0.14577058928566866
driven,new_ensemble,high,theta1,51,1.3526301702956056,0.14893762029465685
driven,new_ensemble,high,theta1,52,1.439896632895322,0.15456859603627512
driven,new_ensemble,high,theta1,53,1.5271630954950384,0.162371704959582
driven,new_ensemble,high,theta1,54,1.6144295580947547,0.1683402988337487
driven,new_ensemble,high,theta1,55,1.7016960206944711,0.17690997987035828
driven,new_ensemble,high,theta1,56,1.7889624832941875,0.1875907554405757
driven,new_ensemble,high,theta1,57,1.8762289458939039,0.1966155780861188
driven,new_ensemble,high,theta1,58,1.9634954084936203,0.20623722732861455
driven,new_ensemble,high,theta1,59,2.050761871093337,0.22079035075480205
driven,new_ensemble,high,theta1,60,2.138028333693054,0.24033259382237637
driven,new_ensemble,high,theta1,61,2.2252947962927703,0.24774557617484913
driven,new_ensemble,high,theta1,62,2.3125612588924866,0.2563474400112405
driven,new_ensemble,high,theta1,63,2.399827721492203,0.2608173650263746
driven,new_ensemble,high,theta1,64,2.4870941840919194,0.2689947336329923
driven,new_ensemble,high,theta1,65,2.574360646691636,0.266022184517086
driven,new_ensemble,high,theta1,66,2.661627109291352,0.265734562893098
driven,new_ensemble,high,theta1,67,2.7488935718910685,0.2660908450852452
driven,new_ensemble,high,theta1,68,2.8361600344907854,0.26261663052526407
driven,new_ensemble,high,theta1,69,2.923426497090502,0.2553155248538264
driven,new_ensemble,high,theta1,70,3.0106929596902186,0.25533956487067305
driven,new_ensemble,high,theta1,71,3.097959422289935,0.2534833530989613
driven,new_ensemble,high,theta3,0,-3.097959422289935,0.2348952951345945
driven,new_ensemble,high,theta3,1,-3.0106929596902186,0.23800125219229376
driven,new_ensemble,high,theta3,2,-2.923426497090502,0.24303808686312203
driven,new_ensemble,high,theta3,3,-2.8361600344907854,0.24152316592535103
driven,new_ensemble,high,theta3,4,-2.748893571891069,0.23895364430743293
driven,new_ensemble,high,theta3,5,-2.6616271092913526,0.23870581318961206
driven,new_ensemble,high,theta3,6,-2.574360646691636,0.23263356471388086
driven,new_ensemble,high,theta3,7,-2.4870941840919194,0.23519247384974926
driven,new_ensemble,high,theta3,8,-2.399827721492203,0.23018339998373658
driven,new_ensemble,high,theta3,9,-2.3125612588924866,0.22753880599263707
driven,new_ensemble,high,theta3,10,-2.2252947962927703,0.21794392335056784
driven,new_ensemble,high,theta3,11,-2.138028333693054,0.2127345894268299
driven,new_ensemble,high,theta3,12,-2.0507618710933375,0.20615597293056379
driven,new_ensemble,high,theta3,13,-1.9634954084936207,0.19971872085211115
driven,new_ensemble,high,theta3,14,-1.8762289458939043,0.19365035754349433
driven,new_ensemble,high,theta3,15,-1.7889624832941877,0.18580094605710112
driven,new_ensemble,high,theta3,16,-1.7016960206944713,0.18188057837671154
driven,new_ensemble,high,theta3,17,-1.6144295580947547,0.17662742503785933
driven,new_ensemble,high,theta3,18,-1.5271630954950384,0.1687743050631757
driven,new_ensemble,high,theta3,19,-1.439896632895322,0.1604740443477713
driven,new_ensemble,high,theta3,20,-1.3526301702956054,0.1550361661690902
driven,new_ensemble,high,theta3,21,-1.2653637076958888,0.15292019947134888
driven,new_ensemble,high,theta3,22,-1.1780972450961724,0.1460909252640748
driven,new_ensemble,high,theta3,23,-1.090830782496456,0.1414512329630923
driven,new_ensemble,high,theta3,24,-1.0035643198967397,0.14028363765344956
driven,new_ensemble,high,theta3,25,-0.9162978572970231,0.1344427401991379
driven,new_ensemble,high,theta3,26,-0.8290313946973065,0.13217931427177645
driven,new_ensemble,high,theta3,27,-0.7417649320975901,0.13154369998742613
driven,new_ensemble,high,theta3,28,-0.6544984694978737,0.1268190798326681
driven,new_ensemble,high,theta3,29,-0.5672320068981571,0.12381589424960746
driven,new_ensemble,high,theta3,30,-0.4799655442984405,0.1213762727449298
driven,new_ensemble,high,theta3,31,-0.39269908169872414,0.12180350480383498
driven,new_ensemble,high,theta3,32,-0.30543261909900776,0.11870211395941252
driven,new_ensemble,high,theta3,33,-0.21816615649929139,0.11360222760826384
driven,new_ensemble,high,theta3,34,-0.1308996938995748,0.1160155648968688
driven,new_ensemble,high,theta3,35,-0.04363323129985819,0.11535098249757454
driven,new_ensemble,high,theta3,36,0.04363323129985819,0.11556563081930503
driven,new_ensemble,high,theta3,37,0.13089969389957457,0.11464532548665922
driven,new_ensemble,high,theta3,38,0.21816615649929116,0.11412925656343091
driven,new_ensemble,high,theta3,39,0.30543261909900776,0.11268791124346175
driven,new_ensemble,high,theta3,40,0.39269908169872414,0.11026068685515239
driven,new_ensemble,high,theta3,41,0.4799655442984405,0.11227766200547526
driven,new_ensemble,high,theta3,42,0.5672320068981569,0.11413238663304004
driven,new_ensemble,high,theta3,43,0.6544984694978735,0.11147823472270545
driven,new_ensemble,high,theta3,44,0.7417649320975901,0.1162384324741696
driven,new_ensemble,high,theta3,45,0.8290313946973065,0.11456273994287773
driven,new_ensemble,high,theta3,46,0.9162978572970228,0.11424487902619118
driven,new_ensemble,high,theta3,47,1.0035643198967392,0.11659577319113783
driven,new_ensemble,high,theta3,48,1.0908307824964556,0.11959124155892073
driven,new_ensemble,high,theta3,49,1.178097245096172,0.11824426319505747
driven,new_ensemble,high,theta3,50,1.2653637076958888,0.12023802794847911
driven,new_ensemble,high,theta3,51,1.3526301702956056,0.11924474034073018
driven,new_ensemble,high,theta3,52,1.439896632895322,0.12032639113085364
driven,new_ensemble,high,theta3,53,1.5271630954950384,0.12338405003763155
driven,new_ensemble,high,theta3,54,1.6144295580947547,0.12333231517335967
driven,new_ensemble,high,theta3,55,1.7016960206944711,0.12564873511189995
driven,new_ensemble,high,theta3,56,1.7889624832941875,0.1317269810593548
driven,new_ensemble,high,theta3,57,1.8762289458939039,0.1314214245966747
driven,new_ensemble,high,theta3,58,1.9634954084936203,0.13686980137466995
driven,new_ensemble,high,theta3,59,2.050761871093337,0.13876204656275487
driven,new_ensemble,high,theta3,60,2.138028333693054,0.14257140974917754
driven,new_ensemble,high,theta3,61,2.2252947962927703,0.14816996505895416
driven,new_ensemble,high,theta3,62,2.3125612588924866,0.15462501342308052
driven,new_ensemble,high,theta3,63,2.399827721492203,0.1614516905560736
driven,new_ensemble,high,theta3,64,2.4870941840919194,0.1704990889630244
driven,new_ensemble,high,theta3,65,2.574360646691636,0.17884954774372472
driven,new_ensemble,high,theta3,66,2.661627109291352,0.19074799546968493
driven,new_ensemble,high,theta3,67,2.7488935718910685,0.20113085530152092
driven,new_ensemble,high,theta3,68,2.8361600344907854,0.20816911872736196
driven,new_ensemble,high,theta3,69,2.923426497090502,0.21508268973524267
driven,new_ensemble,high,theta3,70,3.0106929596902186,0.2259195779951099
driven,new_ensemble,high,theta3,71,3.097959422289935,0.23047009112837663
driven,legacy_density,low,theta1,0,-3.097959422289935,0.23843612718903956
driven,legacy_density,low,theta1,1,-3.0106929596902186,0.23444701739019944
driven,legacy_density,low,theta1,2,-2.923426497090502,0.23228325291800225
driven,legacy_density,low,theta1,3,-2.8361600344907854,0.22623625423893165
driven,legacy_density,low,theta1,4,-2.748893571891069,0.2194037096407475
driven,legacy_density,low,theta1,5,-2.6616271092913526,0.2143510289164596
driven,legacy_density,low,theta1,6,-2.574360646691636,0.2047965769680137
driven,legacy_density,low,theta1,7,-2.4870941840919194,0.20093317667816826
driven,legacy_density,low,theta1,8,-2.399827721492203,0.19024861306863902
driven,legacy_density,low,theta1,9,-2.3125612588924866,0.1860856753429392
driven,legacy_density,low,theta1,10,-2.2252947962927703,0.18084834204560776
driven,legacy_density,low,theta1,11,-2.138028333693054,0.1727999352498412
driven,legacy_density,low,theta1,12,-2.0507618710933375,0.1691318053201711
driven,legacy_density,low,theta1,13,-1.9634954084936207,0.1628020557570296
driven,legacy_density,low,theta1,14,-1.8762289458939043,0.15689144888612785
driven,legacy_density,low,theta1,15,-1.7889624832941877,0.15212922734325363
driven,legacy_density,low,theta1,16,-1.7016960206944713,0.14740903022000615
driven,legacy_density,low,theta1,17,-1.6144295580947547,0.14076994537061224
driven,legacy_density,low,theta1,18,-1.5271630954950384,0.13937622444121786
driven,legacy_density,low,theta1,19,-1.439896632895322,0.1328031751687429
driven,legacy_density,low,theta1,20,-1.3526301702956054,0.13407782953658692
driven,legacy_density,low,theta1,21,-1.2653637076958888,0.12936471997025717
driven,legacy_density,low,theta1,22,-1.1780972450961724,0.12662861000530817
driven,legacy_density,low,theta1,23,-1.090830782496456,0.12454089742868514
driven,legacy_density,low,theta1,24,-1.0035643198967397,0.12341446127720782
driven,legacy_density,low,theta1,25,-0.9162978572970231,0.11912366800178065
driven,legacy_density,low,theta1,26,-0.8290313946973065,0.1183824482971807
driven,legacy_density,low,theta1,27,-0.7417649320975901,0.11559699678308906
driven,legacy_density,low,theta1,28,-0.6544984694978737,0.11835044589860214
driven,legacy_density,low,theta1,29,-0.5672320068981571,0.11465847040564324
driven,legacy_density,low,theta1,30,-0.4799655442984405,0.11433232404749201
driven,legacy_density,low,theta1,31,-0.39269908169872414,0.11273817950453473
driven,legacy_density,low,theta1,32,-0.30543261909900776,0.11215637223937264
driven,legacy_density,low,theta1,33,-0.21816615649929139,0.11062240645873404
driven,legacy_density,low,theta1,34,-0.1308996938995748,0.11123760032269395
driven,legacy_density,low,theta1,35,-0.04363323129985819,0.11142574425167649
driven,legacy_density,low,theta1,36,0.04363323129985819,0.11164393231758242
driven,legacy_density,low,theta1,37,0.13089969389957457,0.11401899611253372
driven,legacy_density,low,theta1,38,0.21816615649929116,0.11444697456965769
driven,legacy_density,low,theta1,39,0.30543261909900776,0.1161102152053893
driven,legacy_density,low,theta1,40,0.39269908169872414,0.11664601318991376
driven,legacy_density,low,theta1,41,0.4799655442984405,0.11621772747008714
driven,legacy_density,low,theta1,42,0.5672320068981569,0.11792374324104189
driven,legacy_density,low,theta1,43,0.6544984694978735,0.12055641875004473
driven,legacy_density,low,theta1,44,0.7417649320975901,0.12098599388375236
driven,legacy_density,low,theta1,45,0.8290313946973065,0.12265091858695341
driven,legacy_density,low,theta1,46,0.9162978572970228,0.12385194391775267
driven,legacy_density,low,theta1,47,1.0035643198967392,0.1275905843727705
driven,legacy_density,low,theta1,48,1.0908307824964556,0.1300277255805883
driven,legacy_density,low,theta1,49,1.178097245096172,0.13263581831169433
driven,legacy_density,low,theta1,50,1.2653637076958888,0.13563243856042198
driven,legacy_density,low,theta1,51,1.3526301702956056,0.140338942552142
driven,legacy_density,low,theta1,52,1.439896632895322,0.14428000976371608
driven,legacy_density,low,theta1,53,1.5271630954950384,0.1468060588349529
driven,legacy_density,low,theta1,54,1.6144295580947547,0.15237938646753965
driven,legacy_density,low,theta1,55,1.7016960206944711,0.15557681613406965
driven,legacy_density,low,theta1,56,1.7889624832941875,0.1622057143747909
driven,legacy_density,low,theta1,57,1.8762289458939039,0.16864273066026159
driven,legacy_density,low,theta1,58,1.9634954084936203,0.17430763443884525
driven,legacy_density,low,theta1,59,2.050761871093337,0.18018017145988494
driven,legacy_density,low,theta1,60,2.138028333693054,0.18658284272386946
driven,legacy_density,low,theta1,61,2.2252947962927703,0.19580233350066048
driven,legacy_density,low,theta1,62,2.3125612588924866,0.20212876062399232
driven,legacy_density,low,theta1,63,2.399827721492203,0.20906601081082857
driven,legacy_density,low,theta1,64,2.4870941840919194,0.2153911658260591
driven,legacy_density,low,theta1,65,2.574360646691636,0.21817460597554095
driven,legacy_density,low,theta1,66,2.661627109291352,0.22307237848623396
driven,legacy_density,low,theta1,67,2.7488935718910685,0.22831021128756065
driven,legacy_density,low,theta1,68,2.8361600344907854,0.23141250970311486
driven,legacy_density,low,theta1,69,2.923426497090502,0.2356384997235345
driven,legacy_density,low,theta1,70,3.0106929596902186,0.23529003464881884
driven,legacy_density,low,theta1,71,3.097959422289935,0.23379584396727934
driven,legacy_density,low,theta3,0,-3.097959422289935,0.23496695232150203
driven,legacy_density,low,theta3,1,-3.0106929596902186,0.23266851729735
driven,legacy_density,low,theta3,2,-2.923426497090502,0.2311561526462619
driven,legacy_density,low,theta3,3,-2.8361600344907854,0.22909861988984392
driven,legacy_density,low,theta3,4,-2.748893571891069,0.22388222736086882
driven,legacy_density,low,theta3,5,-2.6616271092913526,0.22175193351278086
driven,legacy_density,low,theta3,6,-2.574360646691636,0.21542385918878407
driven,legacy_density,low,theta3,7,-2.4870941840919194,0.2093170725470335
driven,legacy_density,low,theta3,8,-2.399827721492203,0.2013387299112397
driven,legacy_density,low,theta3,9,-2.3125612588924866,0.19546886017553994
driven,legacy_density,low,theta3,10,-2.2252947962927703,0.1925228992835532
driven,legacy_density,low,theta3,11,-2.138028333693054,0.18396846972361702
driven,legacy_density,low,theta3,12,-2.0507618710933375,0.1769054744942084
driven,legacy_density,low,theta3,13,-1.9634954084936207,0.17031060120036198
driven,legacy_density,low,theta3,14,-1.8762289458939043,0.16814381605889922
driven,legacy_density,low,theta3,15,-1.7889624832941877,0.16380180716444318
driven,legacy_density,low,theta3,16,-1.7016960206944713,0.16093274460667806
driven,legacy_density,low,theta3,17,-1.6144295580947547,0.15580080375197314
driven,legacy_density,low,theta3,18,-1.5271630954950384,0.14986773561561742
driven,legacy_density,low,theta3,19,-1.439896632895322,0.14727309359634602
driven,legacy_density,low,theta3,20,-1.3526301702956054,0.14395267543024934
driven,legacy_density,low,theta3,21,-1.2653637076958888,0.14109724221750997
driven,legacy_density,low,theta3,22,-1.1780972450961724,0.13645532171705513
driven,legacy_density,low,theta3,23,-1.090830782496456,0.13332902292282509
driven,legacy_density,low,theta3,24,-1.0035643198967397,0.1304876124386757
driven,legacy_density,low,theta3,25,-0.9162978572970231,0.12558543128455907
driven,legacy_density,low,theta3,26,-0.8290313946973065,0.12274837721197415
driven,legacy_density,low,theta3,27,-0.7417649320975901,0.12346001538168869
driven,legacy_density,low,theta3,28,-0.6544984694978737,0.11965813749138811
driven,legacy_density,low,theta3,29,-0.5672320068981571,0.12052402466900412
driven,legacy_density,low,theta3,30,-0.4799655442984405,0.12140357518037008
driven,legacy_density,low,theta3,31,-0.39269908169872414,0.11620330046613225
driven,legacy_density,low,theta3,32,-0.30543261909900776,0.1162925391781012
driven,legacy_density,low,theta3,33,-0.21816615649929139,0.11433293933783205
driven,legacy_density,low,theta3,34,-0.1308996938995748,0.11506079121322367
driven,legacy_density,low,theta3,35,-0.04363323129985819,0.11667988907399066
driven,legacy_density,low,theta3,36,0.04363323129985819,0.11506515240914422
driven,legacy_density,low,theta3,37,0.13089969389957457,0.11551348652655609
driven,legacy_density,low,theta3,38,0.21816615649929116,0.11181409312320728
driven,legacy_density,low,theta3,39,0.30543261909900776,0.11521846941335168
driven,legacy_density,low,theta3,40,0.39269908169872414,0.11636927323690076
driven,legacy_density,low,theta3,41,0.4799655442984405,0.11568136924332613
driven,legacy_density,low,theta3,42,0.5672320068981569,0.11468512388657914
driven,legacy_density,low,theta3,43,0.6544984694978735,0.11531348344557281
driven,legacy_density,low,theta3,44,0.7417649320975901,0.11742906736670665
driven,legacy_density,low,theta3,45,0.8290313946973065,0.12068810495145324
driven,legacy_density,low,theta3,46,0.9162978572970228,0.12506163384756033
driven,legacy_density,low,theta3,47,1.0035643198967392,0.12514455889766093
driven,legacy_density,low,theta3,48,1.0908307824964556,0.12424970892890892
driven,legacy_density,low,theta3,49,1.178097245096172,0.12866653468435257
driven,legacy_density,low,theta3,50,1.2653637076958888,0.13148367054872004
driven,legacy_density,low,theta3,51,1.3526301702956056,0.1335922705968445
driven,legacy_density,low,theta3,52,1.439896632895322,0.13849944401048994
driven,legacy_density,low,theta3,53,1.5271630954950384,0.1423082809267308
driven,legacy_density,low,theta3,54,1.6144295580947547,0.14337402456638934
driven,legacy_density,low,theta3,55,1.7016960206944711,0.15119227449000378
driven,legacy_density,low,theta3,56,1.7889624832941875,0.15270176204323055
driven,legacy_density,low,theta3,57,1.8762289458939039,0.15713379312259307
driven,legacy_density,low,theta3,58,1.9634954084936203,0.1624620357441562
driven,legacy_density,low,theta3,59,2.050761871093337,0.1669481584577628
driven,legacy_density,low,theta3,60,2.138028333693054,0.17175137002469432
driven,legacy_density,low,theta3,61,2.2252947962927703,0.17732924532360717
driven,legacy_density,low,theta3,62,2.3125612588924866,0.18020941802126197
driven,legacy_density,low,theta3,63,2.399827721492203,0.1890234514899373
driven,legacy_density,low,theta3,64,2.4870941840919194,0.1974399708911227
driven,legacy_density,low,theta3,65,2.574360646691636,0.20105873417363238
driven,legacy_density,low,theta3,66,2.661627109291352,0.20757026274600876
driven,legacy_density,low,theta3,67,2.7488935718910685,0.21577811743113856
driven,legacy_density,low,theta3,68,2.8361600344907854,0.2209176793976277
driven,legacy_density,low,theta3,69,2.923426497090502,0.22674717106432726
driven,legacy_density,low,theta3,70,3.0106929596902186,0.23370696965087515
driven,legacy_density,low,theta3,71,3.097959422289935,0.23515647237256096
driven,legacy_density,middle,theta1,0,-3.097959422289935,0.23897094483576448
driven,legacy_density,middle,theta1,1,-3.0106929596902186,0.2321326344097166
driven,legacy_density,middle,theta1,2,-2.923426497090502,0.22859429055408384
driven,legacy_density,middle,theta1,3,-2.8361600344907854,0.22280668421114455
driven,legacy_density,middle,theta1,4,-2.748893571891069,0.21523761281414783
driven,legacy_density,middle,theta1,5,-2.6616271092913526,0.20702682742130715
driven,legacy_density,middle,theta1,6,-2.574360646691636,0.19702222582441947
driven,legacy_density,middle,theta1,7,-2.4870941840919194,0.1877592153236444
driven,legacy_density,middle,theta1,8,-2.399827721492203,0.18053022805792074
driven,legacy_density,middle,theta1,9,-2.3125612588924866,0.1759717508047592
driven,legacy_density,middle,theta1,10,-2.2252947962927703,0.17064800018776605
driven,legacy_density,middle,theta1,11,-2.138028333693054,0.16313489220919192
driven,legacy_density,middle,theta1,12,-2.0507618710933375,0.15533300559795235
driven,legacy_density,middle,theta1,13,-1.9634954084936207,0.15327570574342655
driven,legacy_density,middle,theta1,14,-1.8762289458939043,0.15017054749889097
driven,legacy_density,middle,theta1,15,-1.7889624832941877,0.14319801804911983
driven,legacy_density,middle,theta1,16,-1.7016960206944713,0.14093980836244133
driven,legacy_density,middle,theta1,17,-1.6144295580947547,0.1365314475648149
driven,legacy_density,middle,theta1,18,-1.5271630954950384,0.13166808173864822
driven,legacy_density,middle,theta1,19,-1.439896632895322,0.1318514659633517
driven,legacy_density,middle,theta1,20,-1.3526301702956054,0.12739210961973957
driven,legacy_density,middle,theta1,21,-1.2653637076958888,0.12317117251030778
driven,legacy_density,middle,theta1,22,-1.1780972450961724,0.11973397500373106
driven,legacy_density,middle,theta1,23,-1.090830782496456,0.11941504083459833
driven,legacy_density,middle,theta1,24,-1.0035643198967397,0.11495758734883867
driven,legacy_density,middle,theta1,25,-0.9162978572970231,0.11608960110414406
driven,legacy_density,middle,theta1,26,-0.8290313946973065,0.11338096183880338
driven,legacy_density,middle,theta1,27,-0.7417649320975901,0.11274147394175682
driven,legacy_density,middle,theta1,28,-0.6544984694978737,0.11063735205987688
driven,legacy_density,middle,theta1,29,-0.5672320068981571,0.1100667602251537
driven,legacy_density,middle,theta1,30,-0.4799655442984405,0.1126924133841064
driven,legacy_density,middle,theta1,31,-0.39269908169872414,0.11041713970785723
driven,legacy_density,middle,theta1,32,-0.30543261909900776,0.11065837265190824
driven,legacy_density,middle,theta1,33,-0.21816615649929139,0.11164041816339908
driven,legacy_density,middle,theta1,34,-0.1308996938995748,0.10981324765342815
driven,legacy_density,middle,theta1,35,-0.04363323129985819,0.11020775501266974
driven,legacy_density,middle,theta1,36,0.04363323129985819,0.11148838032395902
driven,legacy_density,middle,theta1,37,0.13089969389957457,0.11278460807023492
driven,legacy_density,middle,theta1,38,0.21816615649929116,0.11387422115580459
driven,legacy_density,middle,theta1,39,0.30543261909900776,0.1172566994136929
driven,legacy_density,middle,theta1,40,0.39269908169872414,0.1171835202552167
driven,legacy_density,middle,theta1,41,0.4799655442984405,0.11769735211877955
driven,legacy_density,middle,theta1,42,0.5672320068981569,0.11908603422922459
driven,legacy_density,middle,theta1,43,0.6544984694978735,0.12047508772977486
driven,legacy_density,middle,theta1,44,0.7417649320975901,0.12150043948926893
driven,legacy_density,middle,theta1,45,0.8290313946973065,0.12477262615625227
driven,legacy_density,middle,theta1,46,0.9162978572970228,0.12766291123505194
driven,legacy_density,middle,theta1,47,1.0035643198967392,0.129293819985851
driven,legacy_density,middle,theta1,48,1.0908307824964556,0.13014234904585054
driven,legacy_density,middle,theta1,49,1.178097245096172,0.13750915975211586
driven,legacy_density,middle,theta1,50,1.2653637076958888,0.1394713673228627
driven,legacy_density,middle,theta1,51,1.3526301702956056,0.14124663904173362
driven,legacy_density,middle,theta1,52,1.439896632895322,0.14652328996039346
driven,legacy_density,middle,theta1,53,1.5271630954950384,0.1523861857295064
driven,legacy_density,middle,theta1,54,1.6144295580947547,0.15911527042397364
driven,legacy_density,middle,theta1,55,1.7016960206944711,0.16544842604108162
driven,legacy_density,middle,theta1,56,1.7889624832941875,0.17050740799399938
driven,legacy_density,middle,theta1,57,1.8762289458939039,0.17948422340911302
driven,legacy_density,middle,theta1,58,1.9634954084936203,0.1865119024680694
driven,legacy_density,middle,theta1,59,2.050761871093337,0.19190253063458884
driven,legacy_density,middle,theta1,60,2.138028333693054,0.19750878923782994
driven,legacy_density,middle,theta1,61,2.2252947962927703,0.20549049569262662
driven,legacy_density,middle,theta1,62,2.3125612588924866,0.21185592098124187
driven,legacy_density,middle,theta1,63,2.399827721492203,0.22257371478963794
driven,legacy_density,middle,theta1,64,2.4870941840919194,0.22198650328853747
driven,legacy_density,middle,theta1,65,2.574360646691636,0.22907516014630555
driven,legacy_density,middle,theta1,66,2.661627109291352,0.2334969980379108
driven,legacy_density,middle,theta1,67,2.7488935718910685,0.23796371658780116
driven,legacy_density,middle,theta1,68,2.8361600344907854,0.24047746503276754
driven,legacy_density,middle,theta1,69,2.923426497090502,0.2441150383802637
driven,legacy_density,middle,theta1,70,3.0106929596902186,0.24404795321579412
driven,legacy_density,middle,theta1,71,3.097959422289935,0.2414209270065294
driven,legacy_density,middle,theta3,0,-3.097959422289935,0.22880498177427955
driven,legacy_density,middle,theta3,1,-3.0106929596902186,0.22762578278192888
driven,legacy_density,middle,theta3,2,-2.923426497090502,0.22995979016554546
driven,legacy_density,middle,theta3,3,-2.8361600344907854,0.22822397957356855
driven,legacy_density,middle,theta3,4,-2.748893571891069,0.22796672371377535
driven,legacy_density,middle,theta3,5,-2.6616271092913526,0.22460530043374147
driven,legacy_density,middle,theta3,6,-2.574360646691636,0.22100814014383502
driven,legacy_density,middle,theta3,7,-2.4870941840919194,0.21667035308659902
driven,legacy_density,middle,theta3,8,-2.399827721492203,0.21211824803738757
driven,legacy_density,middle,theta3,9,-2.3125612588924866,0.2045967072201505
driven,legacy_density,middle,theta3,10,-2.2252947962927703,0.20061892075117627
driven,legacy_density,middle,theta3,11,-2.138028333693054,0.19288675650828183
driven,legacy_density,middle,theta3,12,-2.0507618710933375,0.1865742970920355
driven,legacy_density,middle,theta3,13,-1.9634954084936207,0.1849112924048962
driven,legacy_density,middle,theta3,14,-1.8762289458939043,0.17701164614760265
driven,legacy_density,middle,theta3,15,-1.7889624832941877,0.17409594904118017
driven,legacy_density,middle,theta3,16,-1.7016960206944713,0.16968229769735377
driven,legacy_density,middle,theta3,17,-1.6144295580947547,0.16354694970904735
driven,legacy_density,middle,theta3,18,-1.5271630954950384,0.15568268748830924
driven,legacy_density,middle,theta3,19,-1.439896632895322,0.15345194170636928
driven,legacy_density,middle,theta3,20,-1.3526301702956054,0.15096980912929456
driven,legacy_density,middle,theta3,21,-1.2653637076958888,0.14775199257524602
driven,legacy_density,middle,theta3,22,-1.1780972450961724,0.1415510241304607
driven,legacy_density,middle,theta3,23,-1.090830782496456,0.14022903833912456
driven,legacy_density,middle,theta3,24,-1.0035643198967397,0.13420032075493124
driven,legacy_density,middle,theta3,25,-0.9162978572970231,0.13066082759911812
driven,legacy_density,middle,theta3,26,-0.8290313946973065,0.1292851829553118
driven,legacy_density,middle,theta3,27,-0.7417649320975901,0.1266803745918445
driven,legacy_density,middle,theta3,28,-0.6544984694978737,0.12382211935525107
driven,legacy_density,middle,theta3,29,-0.5672320068981571,0.1217842827423759
driven,legacy_density,middle,theta3,30,-0.4799655442984405,0.120968994791857
driven,legacy_density,middle,theta3,31,-0.39269908169872414,0.11788520102586095
driven,legacy_density,middle,theta3,32,-0.30543261909900776,0.11787642083950305
driven,legacy_density,middle,theta3,33,-0.21816615649929139,0.11513232790287006
driven,legacy_density,middle,theta3,34,-0.1308996938995748,0.11607251629955552
driven,legacy_density,middle,theta3,35,-0.04363323129985819,0.11739562037504923
driven,legacy_density,middle,theta3,36,0.04363323129985819,0.11363473095666421
driven,legacy_density,middle,theta3,37,0.13089969389957457,0.11779615671468083
driven,legacy_density,middle,theta3,38,0.21816615649929116,0.1160175666109996
driven,legacy_density,middle,theta3,39,0.30543261909900776,0.11504469253544562
driven,legacy_density,middle,theta3,40,0.39269908169872414,0.11629187524263643
driven,legacy_density,middle,theta3,41,0.4799655442984405,0.11789321408096912
driven,legacy_density,middle,theta3,42,0.5672320068981569,0.11800227944480797
driven,legacy_density,middle,theta3,43,0.6544984694978735,0.11706201831749302
driven,legacy_density,middle,theta3,44,0.7417649320975901,0.12065316360492381
driven,legacy_density,middle,theta3,45,0.8290313946973065,0.1194314458158279
driven,legacy_density,middle,theta3,46,0.9162978572970228,0.12217459416064601
driven,legacy_density,middle,theta3,47,1.0035643198967392,0.12282546366554674
driven,legacy_density,middle,theta3,48,1.0908307824964556,0.1258951649968653
driven,legacy_density,middle,theta3,49,1.178097245096172,0.12567359964734615
driven,legacy_density,middle,theta3,50,1.2653637076958888,0.12843565095679862
driven,legacy_density,middle,theta3,51,1.3526301702956056,0.12957723842841487
driven,legacy_density,middle,theta3,52,1.439896632895322,0.13050597885924925
driven,legacy_density,middle,theta3,53,1.5271630954950384,0.1357466395263742
driven,legacy_density,middle,theta3,54,1.6144295580947547,0.13929267307823978
driven,legacy_density,middle,theta3,55,1.7016960206944711,0.14069449745216683
driven,legacy_density,middle,theta3,56,1.7889624832941875,0.14508854808116453
driven,legacy_density,middle,theta3,57,1.8762289458939039,0.14981285730359342
driven,legacy_density,middle,theta3,58,1.9634954084936203,0.1526304249764356
driven,legacy_density,middle,theta3,59,2.050761871093337,0.15646979937665548
driven,legacy_density,middle,theta3,60,2.138028333693054,0.16120136865409238
driven,legacy_density,middle,theta3,61,2.2252947962927703,0.16452496654705875
driven,legacy_density,middle,theta3,62,2.3125612588924866,0.17345764064082583
driven,legacy_density,middle,theta3,63,2.399827721492203,0.1778801882669205
driven,legacy_density,middle,theta3,64,2.4870941840919194,0.19099361438845122
driven,legacy_density,middle,theta3,65,2.574360646691636,0.19539938545080376
driven,legacy_density,middle,theta3,66,2.661627109291352,0.20070239552899502
driven,legacy_density,middle,theta3,67,2.7488935718910685,0.20609599310732715
driven,legacy_density,middle,theta3,68,2.8361600344907854,0.213912812020207
driven,legacy_density,middle,theta3,69,2.923426497090502,0.21870152056158776
driven,legacy_density,middle,theta3,70,3.0106929596902186,0.2211684114696014
driven,legacy_density,middle,theta3,71,3.097959422289935,0.22615853326194485
driven,legacy_density,high,theta1,0,-3.097959422289935,0.24415414208380404
driven,legacy_density,high,theta1,1,-3.0106929596902186,0.236257356854875
driven,legacy_density,high,theta1,2,-2.923426497090502,0.23281172197644737
driven,legacy_density,high,theta1,3,-2.8361600344907854,0.22827937686574712
driven,legacy_density,high,theta1,4,-2.748893571891069,0.21165264440400428
driven,legacy_density,high,theta1,5,-2.6616271092913526,0.20884015477507287
driven,legacy_density,high,theta1,6,-2.574360646691636,0.19176848735569446
driven,legacy_density,high,theta1,7,-2.4870941840919194,0.18991938253131502
driven,legacy_density,high,theta1,8,-2.399827721492203,0.17502886565653542
driven,legacy_density,high,theta1,9,-2.3125612588924866,0.16877547382660332
driven,legacy_density,high,theta1,10,-2.2252947962927703,0.15891459270925157
driven,legacy_density,high,theta1,11,-2.138028333693054,0.1503975720534051
driven,legacy_density,high,theta1,12,-2.0507618710933375,0.14530470844358923
driven,legacy_density,high,theta1,13,-1.9634954084936207,0.14258835451197366
driven,legacy_density,high,theta1,14,-1.8762289458939043,0.13518246873986658
driven,legacy_density,high,theta1,15,-1.7889624832941877,0.12983475826562804
driven,legacy_density,high,theta1,16,-1.7016960206944713,0.12283313774504075
driven,legacy_density,high,theta1,17,-1.6144295580947547,0.12190973903080145
driven,legacy_density,high,theta1,18,-1.5271630954950384,0.11878506144899495
driven,legacy_density,high,theta1,19,-1.439896632895322,0.11674885135017403
driven,legacy_density,high,theta1,20,-1.3526301702956054,0.1149898071950998
driven,legacy_density,high,theta1,21,-1.2653637076958888,0.11363432802033091
driven,legacy_density,high,theta1,22,-1.1780972450961724,0.10679327451403949
driven,legacy_density,high,theta1,23,-1.090830782496456,0.10520907086202795
driven,legacy_density,high,theta1,24,-1.0035643198967397,0.11063201479961374
driven,legacy_density,high,theta1,25,-0.9162978572970231,0.10365575689317415
driven,legacy_density,high,theta1,26,-0.8290313946973065,0.14218037890700927
driven,legacy_density,high,theta1,27,-0.7417649320975901,0.10509145363121754
driven,legacy_density,high,theta1,28,-0.6544984694978737,0.10126382340225677
driven,legacy_density,high,theta1,29,-0.5672320068981571,0.1660052631638501
driven,legacy_density,high,theta1,30,-0.4799655442984405,0.10174616332935517
driven,legacy_density,high,theta1,31,-0.39269908169872414,0.10253907194537687
driven,legacy_density,high,theta1,32,-0.30543261909900776,0.1002855085100473
driven,legacy_density,high,theta1,33,-0.21816615649929139,0.10511535064889772
driven,legacy_density,high,theta1,34,-0.1308996938995748,0.10254963020441482
driven,legacy_density,high,theta1,35,-0.04363323129985819,0.1070092495834994
driven,legacy_density,high,theta1,36,0.04363323129985819,0.10246805367434914
driven,legacy_density,high,theta1,37,0.13089969389957457,0.10568139920063521
driven,legacy_density,high,theta1,38,0.21816615649929116,0.10565248763760422
driven,legacy_density,high,theta1,39,0.30543261909900776,0.11089718287255522
driven,legacy_density,high,theta1,40,0.39269908169872414,0.10745333724123632
driven,legacy_density,high,theta1,41,0.4799655442984405,0.11325721606896175
driven,legacy_density,high,theta1,42,0.5672320068981569,0.15962862594593136
driven,legacy_density,high,theta1,43,0.6544984694978735,0.11683641468430199
driven,legacy_density,high,theta1,44,0.7417649320975901,0.11909297864469628
driven,legacy_density,high,theta1,45,0.8290313946973065,0.12209753174177314
driven,legacy_density,high,theta1,46,0.9162978572970228,0.1233481055407633
driven,legacy_density,high,theta1,47,1.0035643198967392,0.13176861961913255
driven,legacy_density,high,theta1,48,1.0908307824964556,0.13132598910978285
driven,legacy_density,high,theta1,49,1.178097245096172,0.1376677311688101
driven,legacy_density,high,theta1,50,1.2653637076958888,0.14585864352300104
driven,legacy_density,high,theta1,51,1.3526301702956056,0.1450270457066147
driven,legacy_density,high,theta1,52,1.439896632895322,0.14907419517531575
driven,legacy_density,high,theta1,53,1.5271630954950384,0.15671889144423518
driven,legacy_density,high,theta1,54,1.6144295580947547,0.16601141660398783
driven,legacy_density,high,theta1,55,1.7016960206944711,0.16739523070036386
driven,legacy_density,high,theta1,56,1.7889624832941875,0.17392203104207463
driven,legacy_density,high,theta1,57,1.8762289458939039,0.1824289460632657
driven,legacy_density,high,theta1,58,1.9634954084936203,0.18789881123048982
driven,legacy_density,high,theta1,59,2.050761871093337,0.1974431125177736
driven,legacy_density,high,theta1,60,2.138028333693054,0.21416536622385504
driven,legacy_density,high,theta1,61,2.2252947962927703,0.22313083826209812
driven,legacy_density,high,theta1,62,2.3125612588924866,0.2271651539199967
driven,legacy_density,high,theta1,63,2.399827721492203,0.23326184887642099
driven,legacy_density,high,theta1,64,2.4870941840919194,0.24310901715059685
driven,legacy_density,high,theta1,65,2.574360646691636,0.24717322618752563
driven,legacy_density,high,theta1,66,2.661627109291352,0.2489347644209643
driven,legacy_density,high,theta1,67,2.7488935718910685,0.24967136831033604
driven,legacy_density,high,theta1,68,2.8361600344907854,0.24823065268757968
driven,legacy_density,high,theta1,69,2.923426497090502,0.2464051076237176
driven,legacy_density,high,theta1,70,3.0106929596902186,0.24948292038857434
driven,legacy_density,high,theta1,71,3.097959422289935,0.2507846451681212
driven,legacy_density,high,theta3,0,-3.097959422289935,0.22573521321351783
driven,legacy_density,high,theta3,1,-3.0106929596902186,0.2272255774174839
driven,legacy_density,high,theta3,2,-2.923426497090502,0.23419493780689002
driven,legacy_density,high,theta3,3,-2.8361600344907854,0.23349523176625278
driven,legacy_density,high,theta3,4,-2.748893571891069,0.22881648472821817
driven,legacy_density,high,theta3,5,-2.6616271092913526,0.22913695537273002
driven,legacy_density,high,theta3,6,-2.574360646691636,0.223524426873533
driven,legacy_density,high,theta3,7,-2.4870941840919194,0.22305906713422696
driven,legacy_density,high,theta3,8,-2.399827721492203,0.22160465219535086
driven,legacy_density,high,theta3,9,-2.3125612588924866,0.21336910593427288
driven,legacy_density,high,theta3,10,-2.2252947962927703,0.2025003176136137
driven,legacy_density,high,theta3,11,-2.138028333693054,0.19736013349713866
driven,legacy_density,high,theta3,12,-2.0507618710933375,0.19436080644905912
driven,legacy_density,high,theta3,13,-1.9634954084936207,0.1906355438848184
driven,legacy_density,high,theta3,14,-1.8762289458939043,0.181374728945181
driven,legacy_density,high,theta3,15,-1.7889624832941877,0.1824023737343145
driven,legacy_density,high,theta3,16,-1.7016960206944713,0.17428392745658552
driven,legacy_density,high,theta3,17,-1.6144295580947547,0.1723944485102851
driven,legacy_density,high,theta3,18,-1.5271630954950384,0.16411026510912505
driven,legacy_density,high,theta3,19,-1.439896632895322,0.15685786113456643
driven,legacy_density,high,theta3,20,-1.3526301702956054,0.1537941919259962
driven,legacy_density,high,theta3,21,-1.2653637076958888,0.15208894889664012
driven,legacy_density,high,theta3,22,-1.1780972450961724,0.14452459699720824
driven,legacy_density,high,theta3,23,-1.090830782496456,0.14031531275147435
driven,legacy_density,high,theta3,24,-1.0035643198967397,0.14151348817400505
driven,legacy_density,high,theta3,25,-0.9162978572970231,0.13567821304999342
driven,legacy_density,high,theta3,26,-0.8290313946973065,0.13241984480529656
driven,legacy_density,high,theta3,27,-0.7417649320975901,0.13148965321381137
driven,legacy_density,high,theta3,28,-0.6544984694978737,0.12654023935696554
driven,legacy_density,high,theta3,29,-0.5672320068981571,0.12290139635468826
driven,legacy_density,high,theta3,30,-0.4799655442984405,0.1219420755447839
driven,legacy_density,high,theta3,31,-0.39269908169872414,0.12330296164242575
driven,legacy_density,high,theta3,32,-0.30543261909900776,0.11933073119874586
driven,legacy_density,high,theta3,33,-0.21816615649929139,0.11457749804598336
driven,legacy_density,high,theta3,34,-0.1308996938995748,0.11707329041198278
driven,legacy_density,high,theta3,35,-0.04363323129985819,0.11697566586509722
driven,legacy_density,high,theta3,36,0.04363323129985819,0.11799402005861433
driven,legacy_density,high,theta3,37,0.13089969389957457,0.11517661044350604
driven,legacy_density,high,theta3,38,0.21816615649929116,0.11682753436247369
driven,legacy_density,high,theta3,39,0.30543261909900776,0.11421449560407888
driven,legacy_density,high,theta3,40,0.39269908169872414,0.11102581231375482
driven,legacy_density,high,theta3,41,0.4799655442984405,0.1125456091322259
driven,legacy_density,high,theta3,42,0.5672320068981569,0.11535868487863062
driven,legacy_density,high,theta3,43,0.6544984694978735,0.11381871491630292
driven,legacy_density,high,theta3,44,0.7417649320975901,0.11526585995895297
driven,legacy_density,high,theta3,45,0.8290313946973065,0.115049997185174
driven,legacy_density,high,theta3,46,0.9162978572970228,0.11420269277979415
driven,legacy_density,high,theta3,47,1.0035643198967392,0.11733424709283682
driven,legacy_density,high,theta3,48,1.0908307824964556,0.12010446273891326
driven,legacy_density,high,theta3,49,1.178097245096172,0.1177025196350346
driven,legacy_density,high,theta3,50,1.2653637076958888,0.12396706795458613
driven,legacy_density,high,theta3,51,1.3526301702956056,0.12124306031186874
driven,legacy_density,high,theta3,52,1.439896632895322,0.12259161529812143
driven,legacy_density,high,theta3,53,1.5271630954950384,0.18874159706883703
driven,legacy_density,high,theta3,54,1.6144295580947547,0.1265346930796301
driven,legacy_density,high,theta3,55,1.7016960206944711,0.1286989493231564
driven,legacy_density,high,theta3,56,1.7889624832941875,0.15983375047287168
driven,legacy_density,high,theta3,57,1.8762289458939039,0.18221826289004958
driven,legacy_density,high,theta3,58,1.9634954084936203,0.1529175595597747
driven,legacy_density,high,theta3,59,2.050761871093337,0.144367438788218
driven,legacy_density,high,theta3,60,2.138028333693054,0.15243656496845331
driven,legacy_density,high,theta3,61,2.2252947962927703,0.15324330192174265
driven,legacy_density,high,theta3,62,2.3125612588924866,0.15923715911558933
driven,legacy_density,high,theta3,63,2.399827721492203,0.16414495386428002
driven,legacy_density,high,theta3,64,2.4870941840919194,0.17301992126075158
driven,legacy_density,high,theta3,65,2.574360646691636,0.1773819619647358
driven,legacy_density,high,theta3,66,2.661627109291352,0.1876943854105456
driven,legacy_density,high,theta3,67,2.7488935718910685,0.19856801197626095
driven,legacy_density,high,theta3,68,2.8361600344907854,0.20545457606783007
driven,legacy_density,high,theta3,69,2.923426497090502,0.20809344523958265
driven,legacy_density,high,theta3,70,3.0106929596902186,0.21975908003463757
driven,legacy_density,high,theta3,71,3.097959422289935,0.22147711793239738
equilibrium,direct_trajectory,low,theta1,0,-3.097959422289935,0.24131444945782565
equilibrium,direct_trajectory,low,theta1,1,-3.0106929596902186,0.2353420748619044
equilibrium,direct_trajectory,low,theta1,2,-2.923426497090502,0.23492793209795365
equilibrium,direct_trajectory,low,theta1,3,-2.8361600344907854,0.22941329424113585
equilibrium,direct_trajectory,low,theta1,4,-2.748893571891069,0.2234409196452146
equilibrium,direct_trajectory,low,theta1,5,-2.6616271092913526,0.21847120647780566
equilibrium,direct_trajectory,low,theta1,6,-2.574360646691636,0.20970881747211098
equilibrium,direct_trajectory,low,theta1,7,-2.4870941840919194,0.2071367729381011
equilibrium,direct_trajectory,low,theta1,8,-2.399827721492203,0.19386240750410091
equilibrium,direct_trajectory,low,theta1,9,-2.3125612588924866,0.19118137803220928
equilibrium,direct_trajectory,low,theta1,10,-2.2252947962927703,0.18743229616907622
equilibrium,direct_trajectory,low,theta1,11,-2.138028333693054,0.17808138849881994
equilibrium,direct_trajectory,low,theta1,12,-2.0507618710933375,0.17400535182204158
equilibrium,direct_trajectory,low,theta1,13,-1.9634954084936207,0.16676875194669172
equilibrium,direct_trajectory,low,theta1,14,-1.8762289458939043,0.16474163210209072
equilibrium,direct_trajectory,low,theta1,15,-1.7889624832941877,0.15822433281676057
equilibrium,direct_trajectory,low,theta1,16,-1.7016960206944713,0.15229555219599203
equilibrium,direct_trajectory,low,theta1,17,-1.6144295580947547,0.14627958362491808
equilibrium,direct_trajectory,low,theta1,18,-1.5271630954950384,0.14414347884243528
equilibrium,direct_trajectory,low,theta1,19,-1.439896632895322,0.13566445067523322
equilibrium,direct_trajectory,low,theta1,20,-1.3526301702956054,0.13858524701046476
equilibrium,direct_trajectory,low,theta1,21,-1.2653637076958888,0.134116864557312
equilibrium,direct_trajectory,low,theta1,22,-1.1780972450961724,0.13008442185568633
equilibrium,direct_trajectory,low,theta1,23,-1.090830782496456,0.1259865881913316
equilibrium,direct_trajectory,low,theta1,24,-1.0035643198967397,0.12587760325344985
equilibrium,direct_trajectory,low,theta1,25,-0.9162978572970231,0.122019536452435
equilibrium,direct_trajectory,low,theta1,26,-0.8290313946973065,0.11997061962025765
equilibrium,direct_trajectory,low,theta1,27,-0.7417649320975901,0.11615614679439552
equilibrium,direct_trajectory,low,theta1,28,-0.6544984694978737,0.11990522865752858
equilibrium,direct_trajectory,low,theta1,29,-0.5672320068981571,0.11585098896832656
equilibrium,direct_trajectory,low,theta1,30,-0.4799655442984405,0.11624333474470094
equilibrium,direct_trajectory,low,theta1,31,-0.39269908169872414,0.11316995949643491
equilibrium,direct_trajectory,low,theta1,32,-0.30543261909900776,0.11266862878217873
equilibrium,direct_trajectory,low,theta1,33,-0.21816615649929139,0.11044533604939054
equilibrium,direct_trajectory,low,theta1,34,-0.1308996938995748,0.11125182458971566
equilibrium,direct_trajectory,low,theta1,35,-0.04363323129985819,0.11133901254002108
equilibrium,direct_trajectory,low,theta1,36,0.04363323129985819,0.11114283965183389
equilibrium,direct_trajectory,low,theta1,37,0.13089969389957457,0.11323535045916397
equilibrium,direct_trajectory,low,theta1,38,0.21816615649929116,0.11279941070763687
equilibrium,direct_trajectory,low,theta1,39,0.30543261909900776,0.11269042576975509
equilibrium,direct_trajectory,low,theta1,40,0.39269908169872414,0.11434699682555807
equilibrium,direct_trajectory,low,theta1,41,0.4799655442984405,0.11617794378197188
equilibrium,direct_trajectory,low,theta1,42,0.5672320068981569,0.11371488418584377
equilibrium,direct_trajectory,low,theta1,43,0.6544984694978735,0.11513168837830684
equilibrium,direct_trajectory,low,theta1,44,0.7417649320975901,0.1182486576017256
equilibrium,direct_trajectory,low,theta1,45,0.8290313946973065,0.11960007083145961
equilibrium,direct_trajectory,low,theta1,46,0.9162978572970228,0.12068992021027736
equilibrium,direct_trajectory,low,theta1,47,1.0035643198967392,0.12683667070680946
equilibrium,direct_trajectory,low,theta1,48,1.0908307824964556,0.12858042971291786
equilibrium,direct_trajectory,low,theta1,49,1.178097245096172,0.13139224111026765
equilibrium,direct_trajectory,low,theta1,50,1.2653637076958888,0.1310652862966223
equilibrium,direct_trajectory,low,theta1,51,1.3526301702956056,0.13793133738317412
equilibrium,direct_trajectory,low,theta1,52,1.439896632895322,0.13974048735201158
equilibrium,direct_trajectory,low,theta1,53,1.5271630954950384,0.14333699030211014
equilibrium,direct_trajectory,low,theta1,54,1.6144295580947547,0.14765279384222843
equilibrium,direct_trajectory,low,theta1,55,1.7016960206944711,0.1509659359538344
equilibrium,direct_trajectory,low,theta1,56,1.7889624832941875,0.15382134132633687
equilibrium,direct_trajectory,low,theta1,57,1.8762289458939039,0.16275810623264242
equilibrium,direct_trajectory,low,theta1,58,1.9634954084936203,0.16650718809577547
equilibrium,direct_trajectory,low,theta1,59,2.050761871093337,0.17518238915116474
equilibrium,direct_trajectory,low,theta1,60,2.138028333693054,0.18069702700798254
equilibrium,direct_trajectory,low,theta1,61,2.2252947962927703,0.18812979977151958
equilibrium,direct_trajectory,low,theta1,62,2.3125612588924866,0.19828719598210098
equilibrium,direct_trajectory,low,theta1,63,2.399827721492203,0.20569817175806165
equilibrium,direct_trajectory,low,theta1,64,2.4870941840919194,0.21306555355886964
equilibrium,direct_trajectory,low,theta1,65,2.574360646691636,0.2153106432792342
equilibrium,direct_trajectory,low,theta1,66,2.661627109291352,0.22008418355845594
equilibrium,direct_trajectory,low,theta1,67,2.7488935718910685,0.22311396483156926
equilibrium,direct_trajectory,low,theta1,68,2.8361600344907854,0.2298274370050866
equilibrium,direct_trajectory,low,theta1,69,2.923426497090502,0.23309698514153984
equilibrium,direct_trajectory,low,theta1,70,3.0106929596902186,0.2357344206382788
equilibrium,direct_trajectory,low,theta1,71,3.097959422289935,0.2364537212282985
equilibrium,direct_trajectory,low,theta3,0,-3.097959422289935,0.24218632896087985
equilibrium,direct_trajectory,low,theta3,1,-3.0106929596902186,0.2384372470977468
equilibrium,direct_trajectory,low,theta3,2,-2.923426497090502,0.23667169110406205
equilibrium,direct_trajectory,low,theta3,3,-2.8361600344907854,0.2346663682470374
equilibrium,direct_trajectory,low,theta3,4,-2.748893571891069,0.22577319731588458
equilibrium,direct_trajectory,low,theta3,5,-2.6616271092913526,0.22413842324765795
equilibrium,direct_trajectory,low,theta3,6,-2.574360646691636,0.21570298905560858
equilibrium,direct_trajectory,low,theta3,7,-2.4870941840919194,0.20530582598168728
equilibrium,direct_trajectory,low,theta3,8,-2.399827721492203,0.20205807483281038
equilibrium,direct_trajectory,low,theta3,9,-2.3125612588924866,0.19089801719371666
equilibrium,direct_trajectory,low,theta3,10,-2.2252947962927703,0.18616807088964762
equilibrium,direct_trajectory,low,theta3,11,-2.138028333693054,0.17705693008273127
equilibrium,direct_trajectory,low,theta3,12,-2.0507618710933375,0.16897024769190358
equilibrium,direct_trajectory,low,theta3,13,-1.9634954084936207,0.164022331512071
equilibrium,direct_trajectory,low,theta3,14,-1.8762289458939043,0.16299787309598232
equilibrium,direct_trajectory,low,theta3,15,-1.7889624832941877,0.15964113700922367
equilibrium,direct_trajectory,low,theta3,16,-1.7016960206944713,0.15384313831391325
equilibrium,direct_trajectory,low,theta3,17,-1.6144295580947547,0.14981069561228758
equilibrium,direct_trajectory,low,theta3,18,-1.5271630954950384,0.1481541245564846
equilibrium,direct_trajectory,low,theta3,19,-1.439896632895322,0.14170221623388354
equilibrium,direct_trajectory,low,theta3,20,-1.3526301702956054,0.1389993897744155
equilibrium,direct_trajectory,low,theta3,21,-1.2653637076958888,0.1378441494328687
equilibrium,direct_trajectory,low,theta3,22,-1.1780972450961724,0.13086911340843513
equilibrium,direct_trajectory,low,theta3,23,-1.090830782496456,0.12892918151413954
equilibrium,direct_trajectory,low,theta3,24,-1.0035643198967397,0.12520189663858283
equilibrium,direct_trajectory,low,theta3,25,-0.9162978572970231,0.11992702564510493
equilibrium,direct_trajectory,low,theta3,26,-0.8290313946973065,0.11872819132840541
equilibrium,direct_trajectory,low,theta3,27,-0.7417649320975901,0.11864100337809999
equilibrium,direct_trajectory,low,theta3,28,-0.6544984694978737,0.1155894251174103
equilibrium,direct_trajectory,low,theta3,29,-0.5672320068981571,0.11755115399928225
equilibrium,direct_trajectory,low,theta3,30,-0.4799655442984405,0.11619974076954824
equilibrium,direct_trajectory,low,theta3,31,-0.39269908169872414,0.11247245589399155
equilibrium,direct_trajectory,low,theta3,32,-0.30543261909900776,0.11149159145305557
equilibrium,direct_trajectory,low,theta3,33,-0.21816615649929139,0.11061971195000136
equilibrium,direct_trajectory,low,theta3,34,-0.1308996938995748,0.11214550108034622
equilibrium,direct_trajectory,low,theta3,35,-0.04363323129985819,0.11316995949643491
equilibrium,direct_trajectory,low,theta3,36,0.04363323129985819,0.11367129021069107
equilibrium,direct_trajectory,low,theta3,37,0.13089969389957457,0.11434699682555807
equilibrium,direct_trajectory,low,theta3,38,0.21816615649929116,0.1103145541239324
equilibrium,direct_trajectory,low,theta3,39,0.30543261909900776,0.11184034325427725
equilibrium,direct_trajectory,low,theta3,40,0.39269908169872414,0.11334433539704573
equilibrium,direct_trajectory,low,theta3,41,0.4799655442984405,0.11460856067647433
equilibrium,direct_trajectory,low,theta3,42,0.5672320068981569,0.11369308719826741
equilibrium,direct_trajectory,low,theta3,43,0.6544984694978735,0.11319175648401125
equilibrium,direct_trajectory,low,theta3,44,0.7417649320975901,0.11633052269500636
equilibrium,direct_trajectory,low,theta3,45,0.8290313946973065,0.11994882263268129
equilibrium,direct_trajectory,low,theta3,46,0.9162978572970228,0.12633533999255328
equilibrium,direct_trajectory,low,theta3,47,1.0035643198967392,0.12422103219764687
equilibrium,direct_trajectory,low,theta3,48,1.0908307824964556,0.12267344607972566
equilibrium,direct_trajectory,low,theta3,49,1.178097245096172,0.13235130856362726
equilibrium,direct_trajectory,low,theta3,50,1.2653637076958888,0.13089091039601147
equilibrium,direct_trajectory,low,theta3,51,1.3526301702956056,0.13076012847055335
equilibrium,direct_trajectory,low,theta3,52,1.439896632895322,0.13917376567502635
equilibrium,direct_trajectory,low,theta3,53,1.5271630954950384,0.14479738846972592
equilibrium,direct_trajectory,low,theta3,54,1.6144295580947547,0.1445794185939624
equilibrium,direct_trajectory,low,theta3,55,1.7016960206944711,0.1554561153945635
equilibrium,direct_trajectory,low,theta3,56,1.7889624832941875,0.15804995691614973
equilibrium,direct_trajectory,low,theta3,57,1.8762289458939039,0.16360818874812025
equilibrium,direct_trajectory,low,theta3,58,1.9634954084936203,0.16572249654302668
equilibrium,direct_trajectory,low,theta3,59,2.050761871093337,0.17553114095238642
equilibrium,direct_trajectory,low,theta3,60,2.138028333693054,0.17788521561063275
equilibrium,direct_trajectory,low,theta3,61,2.2252947962927703,0.1822228161383274
equilibrium,direct_trajectory,low,theta3,62,2.3125612588924866,0.18599369498903678
equilibrium,direct_trajectory,low,theta3,63,2.399827721492203,0.19894110560939163
equilibrium,direct_trajectory,low,theta3,64,2.4870941840919194,0.20508785610592373
equilibrium,direct_trajectory,low,theta3,65,2.574360646691636,0.21088585480123415
equilibrium,direct_trajectory,low,theta3,66,2.661627109291352,0.21653127458351007
equilibrium,direct_trajectory,low,theta3,67,2.7488935718910685,0.22398584433462346
equilibrium,direct_trajectory,low,theta3,68,2.8361600344907854,0.22793109908594372
equilibrium,direct_trajectory,low,theta3,69,2.923426497090502,0.2333585489924561
equilibrium,direct_trajectory,low,theta3,70,3.0106929596902186,0.24083491573114585
equilibrium,direct_trajectory,low,theta3,71,3.097959422289935,0.2434723512278848
equilibrium,direct_trajectory,middle,theta1,0,-3.097959422289935,0.23981841021719522
equilibrium,direct_trajectory,middle,theta1,1,-3.0106929596902186,0.23654130704396217
equilibrium,direct_trajectory,middle,theta1,2,-2.923426497090502,0.2326087832360825
equilibrium,direct_trajectory,middle,theta1,3,-2.8361600344907854,0.22708140255056275
equilibrium,direct_trajectory,middle,theta1,4,-2.748893571891069,0.2243504832395352
equilibrium,direct_trajectory,middle,theta1,5,-2.6616271092913526,0.2164417409147994
equilibrium,direct_trajectory,middle,theta1,6,-2.574360646691636,0.20984383985935684
equilibrium,direct_trajectory,middle,theta1,7,-2.4870941840919194,0.20130152425446268
equilibrium,direct_trajectory,middle,theta1,8,-2.399827721492203,0.19378603431051486
equilibrium,direct_trajectory,middle,theta1,9,-2.3125612588924866,0.1909458782270462
equilibrium,direct_trajectory,middle,theta1,10,-2.2252947962927703,0.1843042824626272
equilibrium,direct_trajectory,middle,theta1,11,-2.138028333693054,0.17648292955584433
equilibrium,direct_trajectory,middle,theta1,12,-2.0507618710933375,0.16811539278685592
equilibrium,direct_trajectory,middle,theta1,13,-1.9634954084936207,0.1648819843225993
equilibrium,direct_trajectory,middle,theta1,14,-1.8762289458939043,0.16201998088464242
equilibrium,direct_trajectory,middle,theta1,15,-1.7889624832941877,0.15703878406132818
equilibrium,direct_trajectory,middle,theta1,16,-1.7016960206944713,0.1520357398835257
equilibrium,direct_trajectory,middle,theta1,17,-1.6144295580947547,0.14805952136666958
equilibrium,direct_trajectory,middle,theta1,18,-1.5271630954950384,0.14211704094587363
equilibrium,direct_trajectory,middle,theta1,19,-1.439896632895322,0.14266322480807914
equilibrium,direct_trajectory,middle,theta1,20,-1.3526301702956054,0.13787865417515888
equilibrium,direct_trajectory,middle,theta1,21,-1.2653637076958888,0.13294115206082108
equilibrium,direct_trajectory,middle,theta1,22,-1.1780972450961724,0.1301883853953053
equilibrium,direct_trajectory,middle,theta1,23,-1.090830782496456,0.12951111740617047
equilibrium,direct_trajectory,middle,theta1,24,-1.0035643198967397,0.12099064915576452
equilibrium,direct_trajectory,middle,theta1,25,-0.9162978572970231,0.12120912270064672
equilibrium,direct_trajectory,middle,theta1,26,-0.8290313946973065,0.12066293883844122
equilibrium,direct_trajectory,middle,theta1,27,-0.7417649320975901,0.11963611317749485
equilibrium,direct_trajectory,middle,theta1,28,-0.6544984694978737,0.11570358936961518
equilibrium,direct_trajectory,middle,theta1,29,-0.5672320068981571,0.115288489634339
equilibrium,direct_trajectory,middle,theta1,30,-0.4799655442984405,0.11699258328442019
equilibrium,direct_trajectory,middle,theta1,31,-0.39269908169872414,0.11456752693622772
equilibrium,direct_trajectory,middle,theta1,32,-0.30543261909900776,0.11498262667150391
equilibrium,direct_trajectory,middle,theta1,33,-0.21816615649929139,0.11417427455543976
equilibrium,direct_trajectory,middle,theta1,34,-0.1308996938995748,0.11257941767779968
equilibrium,direct_trajectory,middle,theta1,35,-0.04363323129985819,0.11229540206945281
equilibrium,direct_trajectory,middle,theta1,36,0.04363323129985819,0.11360624333874603
equilibrium,direct_trajectory,middle,theta1,37,0.13089969389957457,0.1153977264067801
equilibrium,direct_trajectory,middle,theta1,38,0.21816615649929116,0.11609684175040315
equilibrium,direct_trajectory,middle,theta1,39,0.30543261909900776,0.11727659889276705
equilibrium,direct_trajectory,middle,theta1,40,0.39269908169872414,0.11614053645937959
equilibrium,direct_trajectory,middle,theta1,41,0.4799655442984405,0.11688334651197908
equilibrium,direct_trajectory,middle,theta1,42,0.5672320068981569,0.11760430921009037
equilibrium,direct_trajectory,middle,theta1,43,0.6544984694978735,0.1188277610614307
equilibrium,direct_trajectory,middle,theta1,44,0.7417649320975901,0.11876221899796605
equilibrium,direct_trajectory,middle,theta1,45,0.8290313946973065,0.12158052772694647
equilibrium,direct_trajectory,middle,theta1,46,0.9162978572970228,0.12245442190647529
equilibrium,direct_trajectory,middle,theta1,47,1.0035643198967392,0.12466100470978554
equilibrium,direct_trajectory,middle,theta1,48,1.0908307824964556,0.12649618248679606
equilibrium,direct_trajectory,middle,theta1,49,1.178097245096172,0.13335625179609725
equilibrium,direct_trajectory,middle,theta1,50,1.2653637076958888,0.1333780991505855
equilibrium,direct_trajectory,middle,theta1,51,1.3526301702956056,0.13333440444160904
equilibrium,direct_trajectory,middle,theta1,52,1.439896632895322,0.1380971277200411
equilibrium,direct_trajectory,middle,theta1,53,1.5271630954950384,0.1413305361842977
equilibrium,direct_trajectory,middle,theta1,54,1.6144295580947547,0.14834353697501645
equilibrium,direct_trajectory,middle,theta1,55,1.7016960206944711,0.15393645972400088
equilibrium,direct_trajectory,middle,theta1,56,1.7889624832941875,0.15699508935235174
equilibrium,direct_trajectory,middle,theta1,57,1.8762289458939039,0.16593065733803386
equilibrium,direct_trajectory,middle,theta1,58,1.9634954084936203,0.16741627744323284
equilibrium,direct_trajectory,middle,theta1,59,2.050761871093337,0.17226639013961778
equilibrium,direct_trajectory,middle,theta1,60,2.138028333693054,0.1786239702956899
equilibrium,direct_trajectory,middle,theta1,61,2.2252947962927703,0.18384548801837458
equilibrium,direct_trajectory,middle,theta1,62,2.3125612588924866,0.19107696235397553
equilibrium,direct_trajectory,middle,theta1,63,2.399827721492203,0.20309300732249674
equilibrium,direct_trajectory,middle,theta1,64,2.4870941840919194,0.20580207927903607
equilibrium,direct_trajectory,middle,theta1,65,2.574360646691636,0.2126839959428255
equilibrium,direct_trajectory,middle,theta1,66,2.661627109291352,0.21657282504172873
equilibrium,direct_trajectory,middle,theta1,67,2.7488935718910685,0.22684108165119232
equilibrium,direct_trajectory,middle,theta1,68,2.8361600344907854,0.22823931233843842
equilibrium,direct_trajectory,middle,theta1,69,2.923426497090502,0.23977471550821877
equilibrium,direct_trajectory,middle,theta1,70,3.0106929596902186,0.24412233905137465
equilibrium,direct_trajectory,middle,theta1,71,3.097959422289935,0.23826724804853158
equilibrium,direct_trajectory,middle,theta3,0,-3.097959422289935,0.24361984989814559
equilibrium,direct_trajectory,middle,theta3,1,-3.0106929596902186,0.23907560016459573
equilibrium,direct_trajectory,middle,theta3,2,-2.923426497090502,0.2381798586305787
equilibrium,direct_trajectory,middle,theta3,3,-2.8361600344907854,0.23064252133214266
equilibrium,direct_trajectory,middle,theta3,4,-2.748893571891069,0.22793344937560334
equilibrium,direct_trajectory,middle,theta3,5,-2.6616271092913526,0.2230614893247302
equilibrium,direct_trajectory,middle,theta3,6,-2.574360646691636,0.2138856004396776
equilibrium,direct_trajectory,middle,theta3,7,-2.4870941840919194,0.2097782977958922
equilibrium,direct_trajectory,middle,theta3,8,-2.399827721492203,0.20027469859351632
equilibrium,direct_trajectory,middle,theta3,9,-2.3125612588924866,0.19376418695602665
equilibrium,direct_trajectory,middle,theta3,10,-2.2252947962927703,0.18681672822877257
equilibrium,direct_trajectory,middle,theta3,11,-2.138028333693054,0.17956340653868338
equilibrium,direct_trajectory,middle,theta3,12,-2.0507618710933375,0.17407972056214008
equilibrium,direct_trajectory,middle,theta3,13,-1.9634954084936207,0.16850864516764388
equilibrium,direct_trajectory,middle,theta3,14,-1.8762289458939043,0.1595293824729853
equilibrium,direct_trajectory,middle,theta3,15,-1.7889624832941877,0.15526914834778233
equilibrium,direct_trajectory,middle,theta3,16,-1.7016960206944713,0.15262561845470765
equilibrium,direct_trajectory,middle,theta3,17,-1.6144295580947547,0.14919558380005704
equilibrium,direct_trajectory,middle,theta3,18,-1.5271630954950384,0.144432860521625
equilibrium,direct_trajectory,middle,theta3,19,-1.439896632895322,0.13969198459768117
equilibrium,direct_trajectory,middle,theta3,20,-1.3526301702956054,0.1382282118469704
equilibrium,direct_trajectory,middle,theta3,21,-1.2653637076958888,0.13508219280066666
equilibrium,direct_trajectory,middle,theta3,22,-1.1780972450961724,0.13213279994475693
equilibrium,direct_trajectory,middle,theta3,23,-1.090830782496456,0.12994806449593488
equilibrium,direct_trajectory,middle,theta3,24,-1.0035643198967397,0.12319723195907478
equilibrium,direct_trajectory,middle,theta3,25,-0.9162978572970231,0.1190462346063129
equilibrium,direct_trajectory,middle,theta3,26,-0.8290313946973065,0.11996382349481817
equilibrium,direct_trajectory,middle,theta3,27,-0.7417649320975901,0.11694888857544375
equilibrium,direct_trajectory,middle,theta3,28,-0.6544984694978737,0.11727659889276705
equilibrium,direct_trajectory,middle,theta3,29,-0.5672320068981571,0.11638085735875002
equilibrium,direct_trajectory,middle,theta3,30,-0.4799655442984405,0.11439274810032196
equilibrium,direct_trajectory,middle,theta3,31,-0.39269908169872414,0.11043837693795408
equilibrium,direct_trajectory,middle,theta3,32,-0.30543261909900776,0.11163998143480619
equilibrium,direct_trajectory,middle,theta3,33,-0.21816615649929139,0.10838472561606136
equilibrium,direct_trajectory,middle,theta3,34,-0.1308996938995748,0.11052576635590695
equilibrium,direct_trajectory,middle,theta3,35,-0.04363323129985819,0.1117492182072473
equilibrium,direct_trajectory,middle,theta3,36,0.04363323129985819,0.1075763734999972
equilibrium,direct_trajectory,middle,theta3,37,0.13089969389957457,0.11236094413291747
equilibrium,direct_trajectory,middle,theta3,38,0.21816615649929116,0.11021990339307187
equilibrium,direct_trajectory,middle,theta3,39,0.30543261909900776,0.10952078804944881
equilibrium,direct_trajectory,middle,theta3,40,0.39269908169872414,0.11367178540221069
equilibrium,direct_trajectory,middle,theta3,41,0.4799655442984405,0.11736398831071994
equilibrium,direct_trajectory,middle,theta3,42,0.5672320068981569,0.11546326847024477
equilibrium,direct_trajectory,middle,theta3,43,0.6544984694978735,0.11430535868236909
equilibrium,direct_trajectory,middle,theta3,44,0.7417649320975901,0.11941763963261265
equilibrium,direct_trajectory,middle,theta3,45,0.8290313946973065,0.12033522852111792
equilibrium,direct_trajectory,middle,theta3,46,0.9162978572970228,0.12394004201167427
equilibrium,direct_trajectory,middle,theta3,47,1.0035643198967392,0.12304430047765724
equilibrium,direct_trajectory,middle,theta3,48,1.0908307824964556,0.12850613909971234
equilibrium,direct_trajectory,middle,theta3,49,1.178097245096172,0.1279381078830186
equilibrium,direct_trajectory,middle,theta3,50,1.2653637076958888,0.131346295183181
equilibrium,direct_trajectory,middle,theta3,51,1.3526301702956056,0.13259159438900955
equilibrium,direct_trajectory,middle,theta3,52,1.439896632895322,0.1338368935948381
equilibrium,direct_trajectory,middle,theta3,53,1.5271630954950384,0.1422918197817794
equilibrium,direct_trajectory,middle,theta3,54,1.6144295580947547,0.1453067547011538
equilibrium,direct_trajectory,middle,theta3,55,1.7016960206944711,0.15083413538667356
equilibrium,direct_trajectory,middle,theta3,56,1.7889624832941875,0.15747573115109256
equilibrium,direct_trajectory,middle,theta3,57,1.8762289458939039,0.16088391845125496
equilibrium,direct_trajectory,middle,theta3,58,1.9634954084936203,0.1655374049572459
equilibrium,direct_trajectory,middle,theta3,59,2.050761871093337,0.17338060521851703
equilibrium,direct_trajectory,middle,theta3,60,2.138028333693054,0.17779377082513753
equilibrium,direct_trajectory,middle,theta3,61,2.2252947962927703,0.1846101454254623
equilibrium,direct_trajectory,middle,theta3,62,2.3125612588924866,0.19302137690342716
equilibrium,direct_trajectory,middle,theta3,63,2.399827721492203,0.19535904383366673
equilibrium,direct_trajectory,middle,theta3,64,2.4870941840919194,0.2120285753081789
equilibrium,direct_trajectory,middle,theta3,65,2.574360646691636,0.21779627689306907
equilibrium,direct_trajectory,middle,theta3,66,2.661627109291352,0.220068401759844
equilibrium,direct_trajectory,middle,theta3,67,2.7488935718910685,0.2260764242441046
equilibrium,direct_trajectory,middle,theta3,68,2.8361600344907854,0.234443961013093
equilibrium,direct_trajectory,middle,theta3,69,2.923426497090502,0.23761182741388498
equilibrium,direct_trajectory,middle,theta3,70,3.0106929596902186,0.23437841894962835
equilibrium,direct_trajectory,middle,theta3,71,3.097959422289935,0.2435543078346809
equilibrium,direct_trajectory,high,theta1,0,-3.097959422289935,0.23468150375398425
equilibrium,direct_trajectory,high,theta1,1,-3.0106929596902186,0.2299726015636928
equilibrium,direct_trajectory,high,theta1,2,-2.923426497090502,0.22853023512702697
equilibrium,direct_trajectory,high,theta1,3,-2.8361600344907854,0.22912415071859527
equilibrium,direct_trajectory,high,theta1,4,-2.748893571891069,0.22040631828521787
equilibrium,direct_trajectory,high,theta1,5,-2.6616271092913526,0.2193457547288459
equilibrium,direct_trajectory,high,theta1,6,-2.574360646691636,0.21047944339757643
equilibrium,direct_trajectory,high,theta1,7,-2.4870941840919194,0.20632203425659842
equilibrium,direct_trajectory,high,theta1,8,-2.399827721492203,0.19877082173523017
equilibrium,direct_trajectory,high,theta1,9,-2.3125612588924866,0.19353163776675275
equilibrium,direct_trajectory,high,theta1,10,-2.2252947962927703,0.18973482023494118
equilibrium,direct_trajectory,high,theta1,11,-2.138028333693054,0.17794135348808512
equilibrium,direct_trajectory,high,theta1,12,-2.0507618710933375,0.17565053620632173
equilibrium,direct_trajectory,high,theta1,13,-1.9634954084936207,0.16737814046662056
equilibrium,direct_trajectory,high,theta1,14,-1.8762289458939043,0.16752661936451263
equilibrium,direct_trajectory,high,theta1,15,-1.7889624832941877,0.16001782938539924
equilibrium,direct_trajectory,high,theta1,16,-1.7016960206944713,0.15161816601893344
equilibrium,direct_trajectory,high,theta1,17,-1.6144295580947547,0.15074850390270844
equilibrium,direct_trajectory,high,theta1,18,-1.5271630954950384,0.14542447484972126
equilibrium,direct_trajectory,high,theta1,19,-1.439896632895322,0.14186098130031152
equilibrium,direct_trajectory,high,theta1,20,-1.3526301702956054,0.13908230478261702
equilibrium,direct_trajectory,high,theta1,21,-1.2653637076958888,0.13543396614869754
equilibrium,direct_trajectory,high,theta1,22,-1.1780972450961724,0.13004630328232805
equilibrium,direct_trajectory,high,theta1,23,-1.090830782496456,0.12684340134208477
equilibrium,direct_trajectory,high,theta1,24,-1.0035643198967397,0.125549513803311
equilibrium,direct_trajectory,high,theta1,25,-0.9162978572970231,0.12391624592649819
equilibrium,direct_trajectory,high,theta1,26,-0.8290313946973065,0.12105272432429394
equilibrium,direct_trajectory,high,theta1,27,-0.7417649320975901,0.11759528713052139
equilibrium,direct_trajectory,high,theta1,28,-0.6544984694978737,0.11736196314811957
equilibrium,direct_trajectory,high,theta1,29,-0.5672320068981571,0.11746801950375677
equilibrium,direct_trajectory,high,theta1,30,-0.4799655442984405,0.11401058230998422
equilibrium,direct_trajectory,high,theta1,31,-0.39269908169872414,0.11390452595434702
equilibrium,direct_trajectory,high,theta1,32,-0.30543261909900776,0.11148644104581898
equilibrium,direct_trajectory,high,theta1,33,-0.21816615649929139,0.11354393434518056
equilibrium,direct_trajectory,high,theta1,34,-0.1308996938995748,0.11212277917964215
equilibrium,direct_trajectory,high,theta1,35,-0.04363323129985819,0.1149226669684641
equilibrium,direct_trajectory,high,theta1,36,0.04363323129985819,0.11178339884160313
equilibrium,direct_trajectory,high,theta1,37,0.13089969389957457,0.11225004680640678
equilibrium,direct_trajectory,high,theta1,38,0.21816615649929116,0.11358635688743544
equilibrium,direct_trajectory,high,theta1,39,0.30543261909900776,0.11490145569733665
equilibrium,direct_trajectory,high,theta1,40,0.39269908169872414,0.11502872332410129
equilibrium,direct_trajectory,high,theta1,41,0.4799655442984405,0.11844373797561895
equilibrium,direct_trajectory,high,theta1,42,0.5672320068981569,0.1215830061024799
equilibrium,direct_trajectory,high,theta1,43,0.6544984694978735,0.12060728763061772
equilibrium,direct_trajectory,high,theta1,44,0.7417649320975901,0.12009821712355918
equilibrium,direct_trajectory,high,theta1,45,0.8290313946973065,0.12207086533841101
equilibrium,direct_trajectory,high,theta1,46,0.9162978572970228,0.1215830061024799
equilibrium,direct_trajectory,high,theta1,47,1.0035643198967392,0.12489196439836038
equilibrium,direct_trajectory,high,theta1,48,1.0908307824964556,0.12951602150414207
equilibrium,direct_trajectory,high,theta1,49,1.178097245096172,0.12951602150414207
equilibrium,direct_trajectory,high,theta1,50,1.2653637076958888,0.13437340259232558
equilibrium,direct_trajectory,high,theta1,51,1.3526301702956056,0.1362399944515402
equilibrium,direct_trajectory,high,theta1,52,1.439896632895322,0.14224278418060543
equilibrium,direct_trajectory,high,theta1,53,1.5271630954950384,0.1462517144236914
equilibrium,direct_trajectory,high,theta1,54,1.6144295580947547,0.1499212643287383
equilibrium,direct_trajectory,high,theta1,55,1.7016960206944711,0.15380292694505965
equilibrium,direct_trajectory,high,theta1,56,1.7889624832941875,0.1563907020226072
equilibrium,direct_trajectory,high,theta1,57,1.8762289458939039,0.1623934917516724
equilibrium,direct_trajectory,high,theta1,58,1.9634954084936203,0.16720845029760104
equilibrium,direct_trajectory,high,theta1,59,2.050761871093337,0.17109011291392237
equilibrium,direct_trajectory,high,theta1,60,2.138028333693054,0.18245935423822962
equilibrium,direct_trajectory,high,theta1,61,2.2252947962927703,0.184410791181954
equilibrium,direct_trajectory,high,theta1,62,2.3125612588924866,0.18964997515043142
equilibrium,direct_trajectory,high,theta1,63,2.399827721492203,0.19431645479846799
equilibrium,direct_trajectory,high,theta1,64,2.4870941840919194,0.20721290764395084
equilibrium,direct_trajectory,high,theta1,65,2.574360646691636,0.21058549975321364
equilibrium,direct_trajectory,high,theta1,66,2.661627109291352,0.21590952880620082
equilibrium,direct_trajectory,high,theta1,67,2.7488935718910685,0.22097902260565871
equilibrium,direct_trajectory,high,theta1,68,2.8361600344907854,0.22725755885938062
equilibrium,direct_trajectory,high,theta1,69,2.923426497090502,0.22727877013050807
equilibrium,direct_trajectory,high,theta1,70,3.0106929596902186,0.2306725735108983
equilibrium,direct_trajectory,high,theta1,71,3.097959422289935,0.2392419270463836
equilibrium,direct_trajectory,high,theta3,0,-3.097959422289935,0.23052409461300621
equilibrium,direct_trajectory,high,theta3,1,-3.0106929596902186,0.22670606581006722
equilibrium,direct_trajectory,high,theta3,2,-2.923426497090502,0.2311604327468294
equilibrium,direct_trajectory,high,theta3,3,-2.8361600344907854,0.22954837614114404
equilibrium,direct_trajectory,high,theta3,4,-2.748893571891069,0.22490310776423492
equilibrium,direct_trajectory,high,theta3,5,-2.6616271092913526,0.2184124587992386
equilibrium,direct_trajectory,high,theta3,6,-2.574360646691636,0.2154640921125246
equilibrium,direct_trajectory,high,theta3,7,-2.4870941840919194,0.21098851390463497
equilibrium,direct_trajectory,high,theta3,8,-2.399827721492203,0.20275854070718868
equilibrium,direct_trajectory,high,theta3,9,-2.3125612588924866,0.1989617231753771
equilibrium,direct_trajectory,high,theta3,10,-2.2252947962927703,0.18557741109396314
equilibrium,direct_trajectory,high,theta3,11,-2.138028333693054,0.18040186093886804
equilibrium,direct_trajectory,high,theta3,12,-2.0507618710933375,0.1748232966323516
equilibrium,direct_trajectory,high,theta3,13,-1.9634954084936207,0.16935078868147238
equilibrium,direct_trajectory,high,theta3,14,-1.8762289458939043,0.162711660818584
equilibrium,direct_trajectory,high,theta3,15,-1.7889624832941877,0.15717551905432242
equilibrium,direct_trajectory,high,theta3,16,-1.7016960206944713,0.15276357465981513
equilibrium,direct_trajectory,high,theta3,17,-1.6144295580947547,0.1505151799203066
equilibrium,direct_trajectory,high,theta3,18,-1.5271630954950384,0.14570022137437796
equilibrium,direct_trajectory,high,theta3,19,-1.439896632895322,0.1415216009622725
equilibrium,direct_trajectory,high,theta3,20,-1.3526301702956054,0.1341612898810512
equilibrium,direct_trajectory,high,theta3,21,-1.2653637076958888,0.13657937478957924
equilibrium,direct_trajectory,high,theta3,22,-1.1780972450961724,0.1311705006520823
equilibrium,direct_trajectory,high,theta3,23,-1.090830782496456,0.12701309151110426
equilibrium,direct_trajectory,high,theta3,24,-1.0035643198967397,0.1273100493068884
equilibrium,direct_trajectory,high,theta3,25,-0.9162978572970231,0.12359807685958661
equilibrium,direct_trajectory,high,theta3,26,-0.8290313946973065,0.12211328788066589
equilibrium,direct_trajectory,high,theta3,27,-0.7417649320975901,0.12014063966581406
equilibrium,direct_trajectory,high,theta3,28,-0.6544984694978737,0.11782861111292323
equilibrium,direct_trajectory,high,theta3,29,-0.5672320068981571,0.11447723027478787
equilibrium,direct_trajectory,high,theta3,30,-0.4799655442984405,0.11483782188395433
equilibrium,direct_trajectory,high,theta3,31,-0.39269908169872414,0.11409542739449398
equilibrium,direct_trajectory,high,theta3,32,-0.30543261909900776,0.11023497604930009
equilibrium,direct_trajectory,high,theta3,33,-0.21816615649929139,0.1095350041020946
equilibrium,direct_trajectory,high,theta3,34,-0.1308996938995748,0.11284396239797508
equilibrium,direct_trajectory,high,theta3,35,-0.04363323129985819,0.11140159596130923
equilibrium,direct_trajectory,high,theta3,36,0.04363323129985819,0.11326818782052385
equilibrium,direct_trajectory,high,theta3,37,0.13089969389957457,0.11335303290503361
equilibrium,direct_trajectory,high,theta3,38,0.21816615649929116,0.10991680698238851
equilibrium,direct_trajectory,high,theta3,39,0.30543261909900776,0.1131833427360141
equilibrium,direct_trajectory,high,theta3,40,0.39269908169872414,0.10940773647532998
equilibrium,direct_trajectory,high,theta3,41,0.4799655442984405,0.11354393434518056
equilibrium,direct_trajectory,high,theta3,42,0.5672320068981569,0.11517720222199336
equilibrium,direct_trajectory,high,theta3,43,0.6544984694978735,0.11434996264802325
equilibrium,direct_trajectory,high,theta3,44,0.7417649320975901,0.12075576652850979
equilibrium,direct_trajectory,high,theta3,45,0.8290313946973065,0.12094666796865675
equilibrium,direct_trajectory,high,theta3,46,0.9162978572970228,0.1198861044122848
equilibrium,direct_trajectory,high,theta3,47,1.0035643198967392,0.12497680948287014
equilibrium,direct_trajectory,high,theta3,48,1.0908307824964556,0.12851909176115245
equilibrium,direct_trajectory,high,theta3,49,1.178097245096172,0.13125534573659206
equilibrium,direct_trajectory,high,theta3,50,1.2653637076958888,0.13570971267335424
equilibrium,direct_trajectory,high,theta3,51,1.3526301702956056,0.1345430927613451
equilibrium,direct_trajectory,high,theta3,52,1.439896632895322,0.1381914313952646
equilibrium,direct_trajectory,high,theta3,53,1.5271630954950384,0.1446820803602609
equilibrium,direct_trajectory,high,theta3,54,1.6144295580947547,0.1492637149237877
equilibrium,direct_trajectory,high,theta3,55,1.7016960206944711,0.15191512381471758
equilibrium,direct_trajectory,high,theta3,56,1.7889624832941875,0.15882999820226265
equilibrium,direct_trajectory,high,theta3,57,1.8762289458939039,0.16179957616010412
equilibrium,direct_trajectory,high,theta3,58,1.9634954084936203,0.17227794409705893
equilibrium,direct_trajectory,high,theta3,59,2.050761871093337,0.17550205730842966
equilibrium,direct_trajectory,high,theta3,60,2.138028333693054,0.18252298805161193
equilibrium,direct_trajectory,high,theta3,61,2.2252947962927703,0.18771974947783449
equilibrium,direct_trajectory,high,theta3,62,2.3125612588924866,0.1956315536083692
equilibrium,direct_trajectory,high,theta3,63,2.399827721492203,0.2004889346965527
equilibrium,direct_trajectory,high,theta3,64,2.4870941840919194,0.20496451290444231
equilibrium,direct_trajectory,high,theta3,65,2.574360646691636,0.21092488009125265
equilibrium,direct_trajectory,high,theta3,66,2.661627109291352,0.2226122904824715
equilibrium,direct_trajectory,high,theta3,67,2.7488935718910685,0.22558186844031297
equilibrium,direct_trajectory,high,theta3,68,2.8361600344907854,0.22683333343683185
equilibrium,direct_trajectory,high,theta3,69,2.923426497090502,0.22914536198972268
equilibrium,direct_trajectory,high,theta3,70,3.0106929596902186,0.2329209682504068
equilibrium,direct_trajectory,high,theta3,71,3.097959422289935,0.23124527783133916
equilibrium,new_ensemble,low,theta1,0,-3.097959422289935,0.2380298130959315
equilibrium,new_ensemble,low,theta1,1,-3.0106929596902186,0.2382688424864788
equilibrium,new_ensemble,low,theta1,2,-2.923426497090502,0.23700850569995663
equilibrium,new_ensemble,low,theta1,3,-2.8361600344907854,0.23144563988358283
equilibrium,new_ensemble,low,theta1,4,-2.748893571891069,0.2247093570590677
equilibrium,new_ensemble,low,theta1,5,-2.6616271092913526,0.22055893764138257
equilibrium,new_ensemble,low,theta1,6,-2.574360646691636,0.21128025129922787
equilibrium,new_ensemble,low,theta1,7,-2.4870941840919194,0.2061737143193535
equilibrium,new_ensemble,low,theta1,8,-2.399827721492203,0.19789460542857842
equilibrium,new_ensemble,low,theta1,9,-2.3125612588924866,0.19307055772844178
equilibrium,new_ensemble,low,theta1,10,-2.2252947962927703,0.1859648658458081
equilibrium,new_ensemble,low,theta1,11,-2.138028333693054,0.17927204291048338
equilibrium,new_ensemble,low,theta1,12,-2.0507618710933375,0.1758821715536306
equilibrium,new_ensemble,low,theta1,13,-1.9634954084936207,0.1702975757926616
equilibrium,new_ensemble,low,theta1,14,-1.8762289458939043,0.15964990294100864
equilibrium,new_ensemble,low,theta1,15,-1.7889624832941877,0.15595581235982292
equilibrium,new_ensemble,low,theta1,16,-1.7016960206944713,0.152239991834042
equilibrium,new_ensemble,low,theta1,17,-1.6144295580947547,0.14435202194598074
equilibrium,new_ensemble,low,theta1,18,-1.5271630954950384,0.14311341510405376
equilibrium,new_ensemble,low,theta1,19,-1.439896632895322,0.13735497978632308
equilibrium,new_ensemble,low,theta1,20,-1.3526301702956054,0.13639886222413383
equilibrium,new_ensemble,low,theta1,21,-1.2653637076958888,0.1311184856874978
equilibrium,new_ensemble,low,theta1,22,-1.1780972450961724,0.1290106810617624
equilibrium,new_ensemble,low,theta1,23,-1.090830782496456,0.12844570250228693
equilibrium,new_ensemble,low,theta1,24,-1.0035643198967397,0.12609886848600424
equilibrium,new_ensemble,low,theta1,25,-0.9162978572970231,0.12118790100748676
equilibrium,new_ensemble,low,theta1,26,-0.8290313946973065,0.12073157217098734
equilibrium,new_ensemble,low,theta1,27,-0.7417649320975901,0.11823262854253819
equilibrium,new_ensemble,low,theta1,28,-0.6544984694978737,0.119558155162846
equilibrium,new_ensemble,low,theta1,29,-0.5672320068981571,0.1158857945262555
equilibrium,new_ensemble,low,theta1,30,-0.4799655442984405,0.1146037277951381
equilibrium,new_ensemble,low,theta1,31,-0.39269908169872414,0.11447334812756683
equilibrium,new_ensemble,low,theta1,32,-0.30543261909900776,0.11323474128563986
equilibrium,new_ensemble,low,theta1,33,-0.21816615649929139,0.11180056494235599
equilibrium,new_ensemble,low,theta1,34,-0.1308996938995748,0.11156153555180869
equilibrium,new_ensemble,low,theta1,35,-0.04363323129985819,0.11164845533018952
equilibrium,new_ensemble,low,theta1,36,0.04363323129985819,0.11214824405587935
equilibrium,new_ensemble,low,theta1,37,0.13089969389957457,0.11469064757351893
equilibrium,new_ensemble,low,theta1,38,0.21816615649929116,0.1154729255789465
equilibrium,new_ensemble,low,theta1,39,0.30543261909900776,0.11879760710201365
equilibrium,new_ensemble,low,theta1,40,0.39269908169872414,0.11801532909658609
equilibrium,new_ensemble,low,theta1,41,0.4799655442984405,0.11466891762892373
equilibrium,new_ensemble,low,theta1,42,0.5672320068981569,0.12001448399934542
equilibrium,new_ensemble,low,theta1,43,0.6544984694978735,0.12396933391567365
equilibrium,new_ensemble,low,theta1,44,0.7417649320975901,0.12136174056424844
equilibrium,new_ensemble,low,theta1,45,0.8290313946973065,0.1230132163534844
equilibrium,new_ensemble,low,theta1,46,0.9162978572970228,0.12379549435891198
equilibrium,new_ensemble,low,theta1,47,1.0035643198967392,0.1245125825305539
equilibrium,new_ensemble,low,theta1,48,1.0908307824964556,0.12720709566035995
equilibrium,new_ensemble,low,theta1,49,1.178097245096172,0.12868473189283425
equilibrium,new_ensemble,low,theta1,50,1.2653637076958888,0.13446489715516013
equilibrium,new_ensemble,low,theta1,51,1.3526301702956056,0.135899073498444
equilibrium,new_ensemble,low,theta1,52,1.439896632895322,0.14167923876076988
equilibrium,new_ensemble,low,theta1,53,1.5271630954950384,0.1423311370986262
equilibrium,new_ensemble,low,theta1,54,1.6144295580947547,0.14863282103123712
equilibrium,new_ensemble,low,theta1,55,1.7016960206944711,0.1509144652137342
equilibrium,new_ensemble,low,theta1,56,1.7889624832941875,0.15962817299641344
equilibrium,new_ensemble,low,theta1,57,1.8762289458939039,0.16343091330057521
equilibrium,new_ensemble,low,theta1,58,1.9634954084936203,0.17016719612509035
equilibrium,new_ensemble,low,theta1,59,2.050761871093337,0.17173175213594546
equilibrium,new_ensemble,low,theta1,60,2.138028333693054,0.17870706435100792
equilibrium,new_ensemble,low,theta1,61,2.2252947962927703,0.1889853281445423
equilibrium,new_ensemble,low,theta1,62,2.3125612588924866,0.19089756326892077
equilibrium,new_ensemble,low,theta1,63,2.399827721492203,0.19787287548398322
equilibrium,new_ensemble,low,theta1,64,2.4870941840919194,0.20354439102333305
equilibrium,new_ensemble,low,theta1,65,2.574360646691636,0.20760789066263735
equilibrium,new_ensemble,low,theta1,66,2.661627109291352,0.21401822431822434
equilibrium,new_ensemble,low,theta1,67,2.7488935718910685,0.22364458977390242
equilibrium,new_ensemble,low,theta1,68,2.8361600344907854,0.2253829853415192
equilibrium,new_ensemble,low,theta1,69,2.923426497090502,0.2328798162268667
equilibrium,new_ensemble,low,theta1,70,3.0106929596902186,0.2322061879444152
equilibrium,new_ensemble,low,theta1,71,3.097959422289935,0.23166293932953494
equilibrium,new_ensemble,low,theta3,0,-3.097959422289935,0.23796462326214587
equilibrium,new_ensemble,low,theta3,1,-3.0106929596902186,0.23579162880262486
equilibrium,new_ensemble,low,theta3,2,-2.923426497090502,0.23246694727955772
equilibrium,new_ensemble,low,theta3,3,-2.8361600344907854,0.22746906002265938
equilibrium,new_ensemble,low,theta3,4,-2.748893571891069,0.2244920576131156
equilibrium,new_ensemble,low,theta3,5,-2.6616271092913526,0.21973319974676458
equilibrium,new_ensemble,low,theta3,6,-2.574360646691636,0.21332286609117762
equilibrium,new_ensemble,low,theta3,7,-2.4870941840919194,0.20960704556539667
equilibrium,new_ensemble,low,theta3,8,-2.399827721492203,0.19602583019339037
equilibrium,new_ensemble,low,theta3,9,-2.3125612588924866,0.19407013517982144
equilibrium,new_ensemble,low,theta3,10,-2.2252947962927703,0.1913973519946106
equilibrium,new_ensemble,low,theta3,11,-2.138028333693054,0.1825532645443601
equilibrium,new_ensemble,low,theta3,12,-2.0507618710933375,0.1764906100022965
equilibrium,new_ensemble,low,theta3,13,-1.9634954084936207,0.16760306266285555
equilibrium,new_ensemble,low,theta3,14,-1.8762289458939043,0.1640610816938363
equilibrium,new_ensemble,low,theta3,15,-1.7889624832941877,0.15838956615448646
equilibrium,new_ensemble,low,theta3,16,-1.7016960206944713,0.15812880681934394
equilibrium,new_ensemble,low,theta3,17,-1.6144295580947547,0.15193577260970906
equilibrium,new_ensemble,low,theta3,18,-1.5271630954950384,0.14222248737565013
equilibrium,new_ensemble,low,theta3,19,-1.439896632895322,0.14374358349731484
equilibrium,new_ensemble,low,theta3,20,-1.3526301702956054,0.14037544208505728
equilibrium,new_ensemble,low,theta3,21,-1.2653637076958888,0.13529063504977812
equilibrium,new_ensemble,low,theta3,22,-1.1780972450961724,0.1339868383740655
equilibrium,new_ensemble,low,theta3,23,-1.090830782496456,0.1296191195104283
equilibrium,new_ensemble,low,theta3,24,-1.0035643198967397,0.1282066731117396
equilibrium,new_ensemble,low,theta3,25,-0.9162978572970231,0.12390414408188802
equilibrium,new_ensemble,low,theta3,26,-0.8290313946973065,0.12034043316827356
equilibrium,new_ensemble,low,theta3,27,-0.7417649320975901,0.12183979934534306
equilibrium,new_ensemble,low,theta3,28,-0.6544984694978737,0.11727651098034894
equilibrium,new_ensemble,low,theta3,29,-0.5672320068981571,0.11671153242087348
equilibrium,new_ensemble,low,theta3,30,-0.4799655442984405,0.12034043316827356
equilibrium,new_ensemble,low,theta3,31,-0.39269908169872414,0.11427777862620994
equilibrium,new_ensemble,low,theta3,32,-0.30543261909900776,0.11542946568975608
equilibrium,new_ensemble,low,theta3,33,-0.21816615649929139,0.11227862372345061
equilibrium,new_ensemble,low,theta3,34,-0.1308996938995748,0.11308263167347339
equilibrium,new_ensemble,low,theta3,35,-0.04363323129985819,0.11492967696406625
equilibrium,new_ensemble,low,theta3,36,0.04363323129985819,0.1116049954409991
equilibrium,new_ensemble,low,theta3,37,0.13089969389957457,0.11193094460992725
equilibrium,new_ensemble,low,theta3,38,0.21816615649929116,0.10956238064904936
equilibrium,new_ensemble,low,theta3,39,0.30543261909900776,0.11514697641001835
equilibrium,new_ensemble,low,theta3,40,0.39269908169872414,0.11551638546813692
equilibrium,new_ensemble,low,theta3,41,0.4799655442984405,0.11371280006673448
equilibrium,new_ensemble,low,theta3,42,0.5672320068981569,0.1129087921167117
equilibrium,new_ensemble,low,theta3,43,0.6544984694978735,0.11534254591137524
equilibrium,new_ensemble,low,theta3,44,0.7417649320975901,0.1163421233627549
equilibrium,new_ensemble,low,theta3,45,0.8290313946973065,0.11997102411015499
equilibrium,new_ensemble,low,theta3,46,0.9162978572970228,0.12251342762779457
equilibrium,new_ensemble,low,theta3,47,1.0035643198967392,0.12562080970490963
equilibrium,new_ensemble,low,theta3,48,1.0908307824964556,0.12588156904005215
equilibrium,new_ensemble,low,theta3,49,1.178097245096172,0.12562080970490963
equilibrium,new_ensemble,low,theta3,50,1.2653637076958888,0.13340012986999483
equilibrium,new_ensemble,low,theta3,51,1.3526301702956056,0.13820244762553627
equilibrium,new_ensemble,low,theta3,52,1.439896632895322,0.1404189019742477
equilibrium,new_ensemble,low,theta3,53,1.5271630954950384,0.14354801399595796
equilibrium,new_ensemble,low,theta3,54,1.6144295580947547,0.14654674635009696
equilibrium,new_ensemble,low,theta3,55,1.7016960206944711,0.15254421105837493
equilibrium,new_ensemble,low,theta3,56,1.7889624832941875,0.15350032862056417
equilibrium,new_ensemble,low,theta3,57,1.8762289458939039,0.15810707687474873
equilibrium,new_ensemble,low,theta3,58,1.9634954084936203,0.1671032739371657
equilibrium,new_ensemble,low,theta3,59,2.050761871093337,0.16805939149935495
equilibrium,new_ensemble,low,theta3,60,2.138028333693054,0.17625158061174917
equilibrium,new_ensemble,low,theta3,61,2.2252947962927703,0.18409609061062002
equilibrium,new_ensemble,low,theta3,62,2.3125612588924866,0.18659503423906917
equilibrium,new_ensemble,low,theta3,63,2.399827721492203,0.19263595883653759
equilibrium,new_ensemble,low,theta3,64,2.4870941840919194,0.20393553002604684
equilibrium,new_ensemble,low,theta3,65,2.574360646691636,0.20604333465178223
equilibrium,new_ensemble,low,theta3,66,2.661627109291352,0.21408341415200996
equilibrium,new_ensemble,low,theta3,67,2.7488935718910685,0.223188260937403
equilibrium,new_ensemble,low,theta3,68,2.8361600344907854,0.22929437536865704
equilibrium,new_ensemble,low,theta3,69,2.923426497090502,0.23516146040936375
equilibrium,new_ensemble,low,theta3,70,3.0106929596902186,0.24046356689059503
equilibrium,new_ensemble,low,theta3,71,3.097959422289935,0.23894247076893033
equilibrium,new_ensemble,middle,theta1,0,-3.097959422289935,0.23998198111028055
equilibrium,new_ensemble,middle,theta1,1,-3.0106929596902186,0.23322100673531024
equilibrium,new_ensemble,middle,theta1,2,-2.923426497090502,0.23322100673531024
equilibrium,new_ensemble,middle,theta1,3,-2.8361600344907854,0.2301774812932014
equilibrium,new_ensemble,middle,theta1,4,-2.748893571891069,0.22295997810191476
equilibrium,new_ensemble,middle,theta1,5,-2.6616271092913526,0.2176120691107807
equilibrium,new_ensemble,middle,theta1,6,-2.574360646691636,0.20639450390986533
equilibrium,new_ensemble,middle,theta1,7,-2.4870941840919194,0.1981552457487279
equilibrium,new_ensemble,middle,theta1,8,-2.399827721492203,0.19435083894609184
equilibrium,new_ensemble,middle,theta1,9,-2.3125612588924866,0.18874205634563418
equilibrium,new_ensemble,middle,theta1,10,-2.2252947962927703,0.1849593890104418
equilibrium,new_ensemble,middle,theta1,11,-2.138028333693054,0.17750275167727517
equilibrium,new_ensemble,middle,theta1,12,-2.0507618710933375,0.1703287274208758
equilibrium,new_ensemble,middle,theta1,13,-1.9634954084936207,0.1692634935161377
equilibrium,new_ensemble,middle,theta1,14,-1.8762289458939043,0.16595909446470528
equilibrium,new_ensemble,middle,theta1,15,-1.7889624832941877,0.15635024985461887
equilibrium,new_ensemble,middle,theta1,16,-1.7016960206944713,0.15535023435221168
equilibrium,new_ensemble,middle,theta1,17,-1.6144295580947547,0.14832838636791776
equilibrium,new_ensemble,middle,theta1,18,-1.5271630954950384,0.14358918246520544
equilibrium,new_ensemble,middle,theta1,19,-1.439896632895322,0.14150219359061655
equilibrium,new_ensemble,middle,theta1,20,-1.3526301702956054,0.1368716870251224
equilibrium,new_ensemble,middle,theta1,21,-1.2653637076958888,0.13102377028278475
equilibrium,new_ensemble,middle,theta1,22,-1.1780972450961724,0.1267628346638324
equilibrium,new_ensemble,middle,theta1,23,-1.090830782496456,0.12643674265217789
equilibrium,new_ensemble,middle,theta1,24,-1.0035643198967397,0.12341495667751269
equilibrium,new_ensemble,middle,theta1,25,-0.9162978572970231,0.12439323271247624
equilibrium,new_ensemble,middle,theta1,26,-0.8290313946973065,0.11837140023058951
equilibrium,new_ensemble,middle,theta1,27,-0.7417649320975901,0.11726268739096414
equilibrium,new_ensemble,middle,theta1,28,-0.6544984694978737,0.11574092466990973
equilibrium,new_ensemble,middle,theta1,29,-0.5672320068981571,0.11506700117915707
equilibrium,new_ensemble,middle,theta1,30,-0.4799655442984405,0.11695833484675326
equilibrium,new_ensemble,middle,theta1,31,-0.39269908169872414,0.11350175952321538
equilibrium,new_ensemble,middle,theta1,32,-0.30543261909900776,0.11315392804411724
equilibrium,new_ensemble,middle,theta1,33,-0.21816615649929139,0.1152191774512625
equilibrium,new_ensemble,middle,theta1,34,-0.1308996938995748,0.11143651011607011
equilibrium,new_ensemble,middle,theta1,35,-0.04363323129985819,0.11328436484877905
equilibrium,new_ensemble,middle,theta1,36,0.04363323129985819,0.11302349123945543
equilibrium,new_ensemble,middle,theta1,37,0.13089969389957457,0.11193651786727371
equilibrium,new_ensemble,middle,theta1,38,0.21816615649929116,0.11343654112088448
equilibrium,new_ensemble,middle,theta1,39,0.30543261909900776,0.11721920845607688
equilibrium,new_ensemble,middle,theta1,40,0.39269908169872414,0.117806174077055
equilibrium,new_ensemble,middle,theta1,41,0.4799655442984405,0.1176105188700623
equilibrium,new_ensemble,middle,theta1,42,0.5672320068981569,0.11750182153284412
equilibrium,new_ensemble,middle,theta1,43,0.6544984694978735,0.11869749224224402
equilibrium,new_ensemble,middle,theta1,44,0.7417649320975901,0.11978446561442574
equilibrium,new_ensemble,middle,theta1,45,0.8290313946973065,0.12345843561239996
equilibrium,new_ensemble,middle,theta1,46,0.9162978572970228,0.1262628269126288
equilibrium,new_ensemble,middle,theta1,47,1.0035643198967392,0.12574107969398157
equilibrium,new_ensemble,middle,theta1,48,1.0908307824964556,0.12517585354044708
equilibrium,new_ensemble,middle,theta1,49,1.178097245096172,0.13000201531293393
equilibrium,new_ensemble,middle,theta1,50,1.2653637076958888,0.1325890119387264
equilibrium,new_ensemble,middle,theta1,51,1.3526301702956056,0.13528470590173708
equilibrium,new_ensemble,middle,theta1,52,1.439896632895322,0.13924128897647856
equilibrium,new_ensemble,middle,theta1,53,1.5271630954950384,0.1450022478490417
equilibrium,new_ensemble,middle,theta1,54,1.6144295580947547,0.1481762100958123
equilibrium,new_ensemble,middle,theta1,55,1.7016960206944711,0.15291541399852462
equilibrium,new_ensemble,middle,theta1,56,1.7889624832941875,0.15863289393620048
equilibrium,new_ensemble,middle,theta1,57,1.8762289458939039,0.16330687943658187
equilibrium,new_ensemble,middle,theta1,58,1.9634954084936203,0.17339399233042826
equilibrium,new_ensemble,middle,theta1,59,2.050761871093337,0.17678534925163522
equilibrium,new_ensemble,middle,theta1,60,2.138028333693054,0.17930712747509683
equilibrium,new_ensemble,middle,theta1,61,2.2252947962927703,0.18887249315029597
equilibrium,new_ensemble,middle,theta1,62,2.3125612588924866,0.19385083119488827
equilibrium,new_ensemble,middle,theta1,63,2.399827721492203,0.20228574456301843
equilibrium,new_ensemble,middle,theta1,64,2.4870941840919194,0.20135094746294213
equilibrium,new_ensemble,middle,theta1,65,2.574360646691636,0.21132936301957034
equilibrium,new_ensemble,middle,theta1,66,2.661627109291352,0.21935122650627145
equilibrium,new_ensemble,middle,theta1,67,2.7488935718910685,0.22306867543913295
equilibrium,new_ensemble,middle,theta1,68,2.8361600344907854,0.23228620963523394
equilibrium,new_ensemble,middle,theta1,69,2.923426497090502,0.23322100673531024
equilibrium,new_ensemble,middle,theta1,70,3.0106929596902186,0.23424276170516103
equilibrium,new_ensemble,middle,theta1,71,3.097959422289935,0.2401558968498296
equilibrium,new_ensemble,middle,theta3,0,-3.097959422289935,0.2339601486283938
equilibrium,new_ensemble,middle,theta3,1,-3.0106929596902186,0.23026443916297595
equilibrium,new_ensemble,middle,theta3,2,-2.923426497090502,0.2300470444885396
equilibrium,new_ensemble,middle,theta3,3,-2.8361600344907854,0.2305035733048559
equilibrium,new_ensemble,middle,theta3,4,-2.748893571891069,0.22717743478597985
equilibrium,new_ensemble,middle,theta3,5,-2.6616271092913526,0.2208295102924386
equilibrium,new_ensemble,middle,theta3,6,-2.574360646691636,0.21687292721769713
equilibrium,new_ensemble,middle,theta3,7,-2.4870941840919194,0.20948150828686143
equilibrium,new_ensemble,middle,theta3,8,-2.399827721492203,0.20517709373302181
equilibrium,new_ensemble,middle,theta3,9,-2.3125612588924866,0.1959595595369208
equilibrium,new_ensemble,middle,theta3,10,-2.2252947962927703,0.19208993433195387
equilibrium,new_ensemble,middle,theta3,11,-2.138028333693054,0.18308979481028922
equilibrium,new_ensemble,middle,theta3,12,-2.0507618710933375,0.17419835262584274
equilibrium,new_ensemble,middle,theta3,13,-1.9634954084936207,0.175372283867799
equilibrium,new_ensemble,middle,theta3,14,-1.8762289458939043,0.1676112939904215
equilibrium,new_ensemble,middle,theta3,15,-1.7889624832941877,0.1648938605599672
equilibrium,new_ensemble,middle,theta3,16,-1.7016960206944713,0.15935029636184042
equilibrium,new_ensemble,middle,theta3,17,-1.6144295580947547,0.15191539849611743
equilibrium,new_ensemble,middle,theta3,18,-1.5271630954950384,0.14111088317663112
equilibrium,new_ensemble,middle,theta3,19,-1.439896632895322,0.14208915921159468
equilibrium,new_ensemble,middle,theta3,20,-1.3526301702956054,0.13880649962760588
equilibrium,new_ensemble,middle,theta3,21,-1.2653637076958888,0.13663255288324241
equilibrium,new_ensemble,middle,theta3,22,-1.1780972450961724,0.12856721046165406
equilibrium,new_ensemble,middle,theta3,23,-1.090830782496456,0.1287193867337595
equilibrium,new_ensemble,middle,theta3,24,-1.0035643198967397,0.12482802206134892
equilibrium,new_ensemble,middle,theta3,25,-0.9162978572970231,0.12276277265420366
equilibrium,new_ensemble,middle,theta3,26,-0.8290313946973065,0.11898010531901126
equilibrium,new_ensemble,middle,theta3,27,-0.7417649320975901,0.11769747673983684
equilibrium,new_ensemble,middle,theta3,28,-0.6544984694978737,0.11311044910922997
equilibrium,new_ensemble,middle,theta3,29,-0.5672320068981571,0.11226260987892822
equilibrium,new_ensemble,middle,theta3,30,-0.4799655442984405,0.11169738372539373
equilibrium,new_ensemble,middle,theta3,31,-0.39269908169872414,0.11054519195088111
equilibrium,new_ensemble,middle,theta3,32,-0.30543261909900776,0.11032779727644476
equilibrium,new_ensemble,middle,theta3,33,-0.21816615649929139,0.10924082390426304
equilibrium,new_ensemble,middle,theta3,34,-0.1308996938995748,0.10930604230659394
equilibrium,new_ensemble,middle,theta3,35,-0.04363323129985819,0.11189303893238645
equilibrium,new_ensemble,middle,theta3,36,0.04363323129985819,0.11021909993922659
equilibrium,new_ensemble,middle,theta3,37,0.13089969389957457,0.11402350674186261
equilibrium,new_ensemble,middle,theta3,38,0.21816615649929116,0.11341480165344085
equilibrium,new_ensemble,middle,theta3,39,0.30543261909900776,0.11248000455336457
equilibrium,new_ensemble,middle,theta3,40,0.39269908169872414,0.11208869413937915
equilibrium,new_ensemble,middle,theta3,41,0.4799655442984405,0.11265392029291364
equilibrium,new_ensemble,middle,theta3,42,0.5672320068981569,0.11482786703727708
equilibrium,new_ensemble,middle,theta3,43,0.6544984694978735,0.11600179827923335
equilibrium,new_ensemble,middle,theta3,44,0.7417649320975901,0.12048012857262204
equilibrium,new_ensemble,middle,theta3,45,0.8290313946973065,0.11834966076314586
equilibrium,new_ensemble,middle,theta3,46,0.9162978572970228,0.12126274940059288
equilibrium,new_ensemble,middle,theta3,47,1.0035643198967392,0.1250454167357853
equilibrium,new_ensemble,middle,theta3,48,1.0908307824964556,0.12713240561037417
equilibrium,new_ensemble,middle,theta3,49,1.178097245096172,0.1286541683314286
equilibrium,new_ensemble,middle,theta3,50,1.2653637076958888,0.13287162501549368
equilibrium,new_ensemble,middle,theta3,51,1.3526301702956056,0.1357412347180534
equilibrium,new_ensemble,middle,theta3,52,1.439896632895322,0.1380673577345223
equilibrium,new_ensemble,middle,theta3,53,1.5271630954950384,0.1439370139443036
equilibrium,new_ensemble,middle,theta3,54,1.6144295580947547,0.1496110149470922
equilibrium,new_ensemble,middle,theta3,55,1.7016960206944711,0.14941535974009948
equilibrium,new_ensemble,middle,theta3,56,1.7889624832941875,0.15437195831724812
equilibrium,new_ensemble,middle,theta3,57,1.8762289458939039,0.16413297919943998
equilibrium,new_ensemble,middle,theta3,58,1.9634954084936203,0.16743737825087243
equilibrium,new_ensemble,middle,theta3,59,2.050761871093337,0.16952436712546132
equilibrium,new_ensemble,middle,theta3,60,2.138028333693054,0.17680708871907885
equilibrium,new_ensemble,middle,theta3,61,2.2252947962927703,0.18008974830306768
equilibrium,new_ensemble,middle,theta3,62,2.3125612588924866,0.19069860841556127
equilibrium,new_ensemble,middle,theta3,63,2.399827721492203,0.19909004284880416
equilibrium,new_ensemble,middle,theta3,64,2.4870941840919194,0.21122066568235218
equilibrium,new_ensemble,middle,theta3,65,2.574360646691636,0.21530768556175545
equilibrium,new_ensemble,middle,theta3,66,2.661627109291352,0.22085124975988224
equilibrium,new_ensemble,middle,theta3,67,2.7488935718910685,0.22382955679966016
equilibrium,new_ensemble,middle,theta3,68,2.8361600344907854,0.2305035733048559
equilibrium,new_ensemble,middle,theta3,69,2.923426497090502,0.23228620963523394
equilibrium,new_ensemble,middle,theta3,70,3.0106929596902186,0.2359819191006518
equilibrium,new_ensemble,middle,theta3,71,3.097959422289935,0.23337318300741566
equilibrium,new_ensemble,high,theta1,0,-3.097959422289935,0.237118581055377
equilibrium,new_ensemble,high,theta1,1,-3.0106929596902186,0.23701164564405952
equilibrium,new_ensemble,high,theta1,2,-2.923426497090502,0.23679777482142458
equilibrium,new_ensemble,high,theta1,3,-2.8361600344907854,0.23651974275199913
equilibrium,new_ensemble,high,theta1,4,-2.748893571891069,0.22133491434491717
equilibrium,new_ensemble,high,theta1,5,-2.6616271092913526,0.21900372237819613
equilibrium,new_ensemble,high,theta1,6,-2.574360646691636,0.20880208413850868
equilibrium,new_ensemble,high,theta1,7,-2.4870941840919194,0.21057721196637882
equilibrium,new_ensemble,high,theta1,8,-2.399827721492203,0.19800160759544336
equilibrium,new_ensemble,high,theta1,9,-2.3125612588924866,0.19291148201673136
equilibrium,new_ensemble,high,theta1,10,-2.2252947962927703,0.1877785822734924
equilibrium,new_ensemble,high,theta1,11,-2.138028333693054,0.177234750717589
equilibrium,new_ensemble,high,theta1,12,-2.0507618710933375,0.17282901177130888
equilibrium,new_ensemble,high,theta1,13,-1.9634954084936207,0.16964233651404803
equilibrium,new_ensemble,high,theta1,14,-1.8762289458939043,0.16119443901996722
equilibrium,new_ensemble,high,theta1,15,-1.7889624832941877,0.15509912057487094
equilibrium,new_ensemble,high,theta1,16,-1.7016960206944713,0.14911073754109214
equilibrium,new_ensemble,high,theta1,17,-1.6144295580947547,0.14955986626862555
equilibrium,new_ensemble,high,theta1,18,-1.5271630954950384,0.144833321088393
equilibrium,new_ensemble,high,theta1,19,-1.439896632895322,0.13955071176930955
equilibrium,new_ensemble,high,theta1,20,-1.3526301702956054,0.13888771221914117
equilibrium,new_ensemble,high,theta1,21,-1.2653637076958888,0.13471723117775952
equilibrium,new_ensemble,high,theta1,22,-1.1780972450961724,0.12845081607455527
equilibrium,new_ensemble,high,theta1,23,-1.090830782496456,0.12259075553435744
equilibrium,new_ensemble,high,theta1,24,-1.0035643198967397,0.12445143169128157
equilibrium,new_ensemble,high,theta1,25,-0.9162978572970231,0.12156417558570966
equilibrium,new_ensemble,high,theta1,26,-0.8290313946973065,0.11717982372169303
equilibrium,new_ensemble,high,theta1,27,-0.7417649320975901,0.11906188696088066
equilibrium,new_ensemble,high,theta1,28,-0.6544984694978737,0.11700872706358506
equilibrium,new_ensemble,high,theta1,29,-0.5672320068981571,0.11589659878588329
equilibrium,new_ensemble,high,theta1,30,-0.4799655442984405,0.11330876183200031
equilibrium,new_ensemble,high,theta1,31,-0.39269908169872414,0.11529776048250541
equilibrium,new_ensemble,high,theta1,32,-0.30543261909900776,0.11303072976257486
equilibrium,new_ensemble,high,theta1,33,-0.21816615649929139,0.11324460058520983
equilibrium,new_ensemble,high,theta1,34,-0.1308996938995748,0.11149085983960318
equilibrium,new_ensemble,high,theta1,35,-0.04363323129985819,0.11290240726899389
equilibrium,new_ensemble,high,theta1,36,0.04363323129985819,0.11097756986527928
equilibrium,new_ensemble,high,theta1,37,0.13089969389957457,0.11427118053385761
equilibrium,new_ensemble,high,theta1,38,0.21816615649929116,0.1118758273203461
equilibrium,new_ensemble,high,theta1,39,0.30543261909900776,0.11424979345159411
equilibrium,new_ensemble,high,theta1,40,0.39269908169872414,0.11200414981392706
equilibrium,new_ensemble,high,theta1,41,0.4799655442984405,0.11474169634365453
equilibrium,new_ensemble,high,theta1,42,0.5672320068981569,0.11698733998132158
equilibrium,new_ensemble,high,theta1,43,0.6544984694978735,0.12066591813064283
equilibrium,new_ensemble,high,theta1,44,0.7417649320975901,0.12040927314348089
equilibrium,new_ensemble,high,theta1,45,0.8290313946973065,0.12363872256526874
equilibrium,new_ensemble,high,theta1,46,0.9162978572970228,0.1253496891463484
equilibrium,new_ensemble,high,theta1,47,1.0035643198967392,0.1268467849047931
equilibrium,new_ensemble,high,theta1,48,1.0908307824964556,0.12964849268131104
equilibrium,new_ensemble,high,theta1,49,1.178097245096172,0.1338617478872197
equilibrium,new_ensemble,high,theta1,50,1.2653637076958888,0.13538023072792787
equilibrium,new_ensemble,high,theta1,51,1.3526301702956056,0.13503803741171194
equilibrium,new_ensemble,high,theta1,52,1.439896632895322,0.13811777725765534
equilibrium,new_ensemble,high,theta1,53,1.5271630954950384,0.14111196877454474
equilibrium,new_ensemble,high,theta1,54,1.6144295580947547,0.14568880437893283
equilibrium,new_ensemble,high,theta1,55,1.7016960206944711,0.15090725245122577
equilibrium,new_ensemble,high,theta1,56,1.7889624832941875,0.15623263593483622
equilibrium,new_ensemble,high,theta1,57,1.8762289458939039,0.1587990858064557
equilibrium,new_ensemble,high,theta1,58,1.9634954084936203,0.1607880844569608
equilibrium,new_ensemble,high,theta1,59,2.050761871093337,0.16962094943178452
equilibrium,new_ensemble,high,theta1,60,2.138028333693054,0.18262429544798991
equilibrium,new_ensemble,high,theta1,61,2.2252947962927703,0.1866450669135271
equilibrium,new_ensemble,high,theta1,62,2.3125612588924866,0.1966542214128431
equilibrium,new_ensemble,high,theta1,63,2.399827721492203,0.20236457237719646
equilibrium,new_ensemble,high,theta1,64,2.4870941840919194,0.20790382668344187
equilibrium,new_ensemble,high,theta1,65,2.574360646691636,0.2127159201927284
equilibrium,new_ensemble,high,theta1,66,2.661627109291352,0.21808407784086584
equilibrium,new_ensemble,high,theta1,67,2.7488935718910685,0.22787936151754687
equilibrium,new_ensemble,high,theta1,68,2.8361600344907854,0.227194974885115
equilibrium,new_ensemble,high,theta1,69,2.923426497090502,0.2296758764276805
equilibrium,new_ensemble,high,theta1,70,3.0106929596902186,0.23840180599118677
equilibrium,new_ensemble,high,theta1,71,3.097959422289935,0.23780296768780887
equilibrium,new_ensemble,high,theta3,0,-3.097959422289935,0.23848735432024074
equilibrium,new_ensemble,high,theta3,1,-3.0106929596902186,0.2405832883820633
equilibrium,new_ensemble,high,theta3,2,-2.923426497090502,0.2375890968651739
equilibrium,new_ensemble,high,theta3,3,-2.8361600344907854,0.23190013298308407
equilibrium,new_ensemble,high,theta3,4,-2.748893571891069,0.2236019450648477
equilibrium,new_ensemble,high,theta3,5,-2.6616271092913526,0.2196239477638375
equilibrium,new_ensemble,high,theta3,6,-2.574360646691636,0.20865237456266422
equilibrium,new_ensemble,high,theta3,7,-2.4870941840919194,0.2077968912721244
equilibrium,new_ensemble,high,theta3,8,-2.399827721492203,0.20084608953648828
equilibrium,new_ensemble,high,theta3,9,-2.3125612588924866,0.19289009493446788
equilibrium,new_ensemble,high,theta3,10,-2.2252947962927703,0.18497687449697445
equilibrium,new_ensemble,high,theta3,11,-2.138028333693054,0.17687117031910957
equilibrium,new_ensemble,high,theta3,12,-2.0507618710933375,0.17190936723397857
equilibrium,new_ensemble,high,theta3,13,-1.9634954084936207,0.16671230624394912
equilibrium,new_ensemble,high,theta3,14,-1.8762289458939043,0.16384643722064068
equilibrium,new_ensemble,high,theta3,15,-1.7889624832941877,0.1553129913975059
equilibrium,new_ensemble,high,theta3,16,-1.7016960206944713,0.15353786356963575
equilibrium,new_ensemble,high,theta3,17,-1.6144295580947547,0.14705757764379654
equilibrium,new_ensemble,high,theta3,18,-1.5271630954950384,0.1417963554069766
equilibrium,new_ensemble,high,theta3,19,-1.439896632895322,0.13523052115208342
equilibrium,new_ensemble,high,theta3,20,-1.3526301702956054,0.1358079723731978
equilibrium,new_ensemble,high,theta3,21,-1.2653637076958888,0.1328565550208354
equilibrium,new_ensemble,high,theta3,22,-1.1780972450961724,0.12802307442928537
equilibrium,new_ensemble,high,theta3,23,-1.090830782496456,0.1257988178738818
equilibrium,new_ensemble,high,theta3,24,-1.0035643198967397,0.12361733548300524
equilibrium,new_ensemble,high,theta3,25,-0.9162978572970231,0.11897633863182668
equilibrium,new_ensemble,high,theta3,26,-0.8290313946973065,0.11893356446729968
equilibrium,new_ensemble,high,theta3,27,-0.7417649320975901,0.11963933818199504
equilibrium,new_ensemble,high,theta3,28,-0.6544984694978737,0.11600353419720076
equilibrium,new_ensemble,high,theta3,29,-0.5672320068981571,0.1158752117036198
equilibrium,new_ensemble,high,theta3,30,-0.4799655442984405,0.11290240726899389
equilibrium,new_ensemble,high,theta3,31,-0.39269908169872414,0.11501972841307996
equilibrium,new_ensemble,high,theta3,32,-0.30543261909900776,0.11431395469838461
equilibrium,new_ensemble,high,theta3,33,-0.21816615649929139,0.10866776498082173
equilibrium,new_ensemble,high,theta3,34,-0.1308996938995748,0.11076369904264431
equilibrium,new_ensemble,high,theta3,35,-0.04363323129985819,0.11270992352862243
equilibrium,new_ensemble,high,theta3,36,0.04363323129985819,0.1108492473716983
equilibrium,new_ensemble,high,theta3,37,0.13089969389957457,0.11238911729467
equilibrium,new_ensemble,high,theta3,38,0.21816615649929116,0.11504111549534346
equilibrium,new_ensemble,high,theta3,39,0.30543261909900776,0.1114053115105492
equilibrium,new_ensemble,high,theta3,40,0.39269908169872414,0.11300934268031136
equilibrium,new_ensemble,high,theta3,41,0.4799655442984405,0.11268853644635893
equilibrium,new_ensemble,high,theta3,42,0.5672320068981569,0.11901911279635366
equilibrium,new_ensemble,high,theta3,43,0.6544984694978735,0.11598214711493728
equilibrium,new_ensemble,high,theta3,44,0.7417649320975901,0.11968211234652203
equilibrium,new_ensemble,high,theta3,45,0.8290313946973065,0.12220578805361453
equilibrium,new_ensemble,high,theta3,46,0.9162978572970228,0.12453698002033556
equilibrium,new_ensemble,high,theta3,47,1.0035643198967392,0.12671846241121212
equilibrium,new_ensemble,high,theta3,48,1.0908307824964556,0.13005484724431746
equilibrium,new_ensemble,high,theta3,49,1.178097245096172,0.13097449178164777
equilibrium,new_ensemble,high,theta3,50,1.2653637076958888,0.13319874833705134
equilibrium,new_ensemble,high,theta3,51,1.3526301702956056,0.1348883278358675
equilibrium,new_ensemble,high,theta3,52,1.439896632895322,0.1403206467307954
equilibrium,new_ensemble,high,theta3,53,1.5271630954950384,0.14545354647403436
equilibrium,new_ensemble,high,theta3,54,1.6144295580947547,0.1468437068211616
equilibrium,new_ensemble,high,theta3,55,1.7016960206944711,0.15193383239987357
equilibrium,new_ensemble,high,theta3,56,1.7889624832941875,0.16117305193770373
equilibrium,new_ensemble,high,theta3,57,1.8762289458939039,0.1627984701897294
equilibrium,new_ensemble,high,theta3,58,1.9634954084936203,0.16814524075560333
equilibrium,new_ensemble,high,theta3,59,2.050761871093337,0.17314981800526133
equilibrium,new_ensemble,high,theta3,60,2.138028333693054,0.17633649326252218
equilibrium,new_ensemble,high,theta3,61,2.2252947962927703,0.18362948831437423
equilibrium,new_ensemble,high,theta3,62,2.3125612588924866,0.19143577334055015
equilibrium,new_ensemble,high,theta3,63,2.399827721492203,0.19684670515321456
equilibrium,new_ensemble,high,theta3,64,2.4870941840919194,0.2073263754623275
equilibrium,new_ensemble,high,theta3,65,2.574360646691636,0.21541069255792886
equilibrium,new_ensemble,high,theta3,66,2.661627109291352,0.22000891524458044
equilibrium,new_ensemble,high,theta3,67,2.7488935718910685,0.22941923144051854
equilibrium,new_ensemble,high,theta3,68,2.8361600344907854,0.23279839043815087
equilibrium,new_ensemble,high,theta3,69,2.923426497090502,0.23234926171061746
equilibrium,new_ensemble,high,theta3,70,3.0106929596902186,0.24128906209675868
equilibrium,new_ensemble,high,theta3,71,3.097959422289935,0.2407116108756443
equilibrium,legacy_density,low,theta1,0,-3.097959422289935,0.23078670428501477
equilibrium,legacy_density,low,theta1,1,-3.0106929596902186,0.2310851322823837
equilibrium,legacy_density,low,theta1,2,-2.923426497090502,0.22997654981401638
equilibrium,legacy_density,low,theta1,3,-2.8361600344907854,0.22514802551910348
equilibrium,legacy_density,low,theta1,4,-2.748893571891069,0.2188385163752804
equilibrium,legacy_density,low,theta1,5,-2.6616271092913526,0.21544670568976015
equilibrium,legacy_density,low,theta1,6,-2.574360646691636,0.20678503169379023
equilibrium,legacy_density,low,theta1,7,-2.4870941840919194,0.20236188814833234
equilibrium,legacy_density,low,theta1,8,-2.399827721492203,0.19491983425442336
equilibrium,legacy_density,low,theta1,9,-2.3125612588924866,0.19059396541062726
equilibrium,legacy_density,low,theta1,10,-2.2252947962927703,0.18424895912233177
equilibrium,legacy_density,low,theta1,11,-2.138028333693054,0.17803771587147224
equilibrium,legacy_density,low,theta1,12,-2.0507618710933375,0.17509829598758073
equilibrium,legacy_density,low,theta1,13,-1.9634954084936207,0.16992653606669514
equilibrium,legacy_density,low,theta1,14,-1.8762289458939043,0.1597640804911156
equilibrium,legacy_density,low,theta1,15,-1.7889624832941877,0.1564047816634016
equilibrium,legacy_density,low,theta1,16,-1.7016960206944713,0.152988269275264
equilibrium,legacy_density,low,theta1,17,-1.6144295580947547,0.14538310167597512
equilibrium,legacy_density,low,theta1,18,-1.5271630954950384,0.14430058916735372
equilibrium,legacy_density,low,theta1,19,-1.439896632895322,0.1388026147866102
equilibrium,legacy_density,low,theta1,20,-1.3526301702956054,0.13807424810488317
equilibrium,legacy_density,low,theta1,21,-1.2653637076958888,0.13301789645153256
equilibrium,legacy_density,low,theta1,22,-1.1780972450961724,0.13105990526488134
equilibrium,legacy_density,low,theta1,23,-1.090830782496456,0.13059232635714557
equilibrium,legacy_density,low,theta1,24,-1.0035643198967397,0.12832710280688267
equilibrium,legacy_density,low,theta1,25,-0.9162978572970231,0.1234398080509454
equilibrium,legacy_density,low,theta1,26,-0.8290313946973065,0.1231649197052187
equilibrium,legacy_density,low,theta1,27,-0.7417649320975901,0.12090142203859651
equilibrium,legacy_density,low,theta1,28,-0.6544984694978737,0.12229094105892217
equilibrium,legacy_density,low,theta1,29,-0.5672320068981571,0.11848045051432195
equilibrium,legacy_density,low,theta1,30,-0.4799655442984405,0.11728136842008065
equilibrium,legacy_density,low,theta1,31,-0.39269908169872414,0.11723932670877044
equilibrium,legacy_density,low,theta1,32,-0.30543261909900776,0.1160647057906011
equilibrium,legacy_density,low,theta1,33,-0.21816615649929139,0.11456630998997855
equilibrium,legacy_density,low,theta1,34,-0.1308996938995748,0.11448253952364582
equilibrium,legacy_density,low,theta1,35,-0.04363323129985819,0.11460051938057413
equilibrium,legacy_density,low,theta1,36,0.04363323129985819,0.11507457809306892
equilibrium,legacy_density,low,theta1,37,0.13089969389957457,0.11779467853147982
equilibrium,legacy_density,low,theta1,38,0.21816615649929116,0.11855214804810937
equilibrium,legacy_density,low,theta1,39,0.30543261909900776,0.12201314790760304
equilibrium,legacy_density,low,theta1,40,0.39269908169872414,0.12115710155248464
equilibrium,legacy_density,low,theta1,41,0.4799655442984405,0.11782962375236883
equilibrium,legacy_density,low,theta1,42,0.5672320068981569,0.12319259011549984
equilibrium,legacy_density,low,theta1,43,0.6544984694978735,0.127184110542756
equilibrium,legacy_density,low,theta1,44,0.7417649320975901,0.12444937168820035
equilibrium,legacy_density,low,theta1,45,0.8290313946973065,0.12609197327253857
equilibrium,legacy_density,low,theta1,46,0.9162978572970228,0.12670236585248204
equilibrium,legacy_density,low,theta1,47,1.0035643198967392,0.1273227335449246
equilibrium,legacy_density,low,theta1,48,1.0908307824964556,0.12992450729410474
equilibrium,legacy_density,low,theta1,49,1.178097245096172,0.13134926211292045
equilibrium,legacy_density,low,theta1,50,1.2653637076958888,0.13709632887183876
equilibrium,legacy_density,low,theta1,51,1.3526301702956056,0.13840429386016992
equilibrium,legacy_density,low,theta1,52,1.439896632895322,0.14397151495054614
equilibrium,legacy_density,low,theta1,53,1.5271630954950384,0.14437920539860088
equilibrium,legacy_density,low,theta1,54,1.6144295580947547,0.1504852145817392
equilibrium,legacy_density,low,theta1,55,1.7016960206944711,0.15253285283882997
equilibrium,legacy_density,low,theta1,56,1.7889624832941875,0.16103805596652515
equilibrium,legacy_density,low,theta1,57,1.8762289458939039,0.16435199852278568
equilibrium,legacy_density,low,theta1,58,1.9634954084936203,0.1708483409439037
equilibrium,legacy_density,low,theta1,59,2.050761871093337,0.17200516376833963
equilibrium,legacy_density,low,theta1,60,2.138028333693054,0.178465521062728
equilibrium,legacy_density,low,theta1,61,2.2252947962927703,0.1881190113374454
equilibrium,legacy_density,low,theta1,62,2.3125612588924866,0.18943989448047585
equilibrium,legacy_density,low,theta1,63,2.399827721492203,0.19578887535092843
equilibrium,legacy_density,low,theta1,64,2.4870941840919194,0.20068270619643502
equilibrium,legacy_density,low,theta1,65,2.574360646691636,0.20407406298423622
equilibrium,legacy_density,low,theta1,66,2.661627109291352,0.20978301084158177
equilibrium,legacy_density,low,theta1,67,2.7488935718910685,0.21849824613918903
equilibrium,legacy_density,low,theta1,68,2.8361600344907854,0.2196192647461619
equilibrium,legacy_density,low,theta1,69,2.923426497090502,0.22641603846473649
equilibrium,legacy_density,low,theta1,70,3.0106929596902186,0.22547128610572242
equilibrium,legacy_density,low,theta1,71,3.097959422289935,0.2245657351475049
equilibrium,legacy_density,low,theta3,0,-3.097959422289935,0.23205449443230522
equilibrium,legacy_density,low,theta3,1,-3.0106929596902186,0.23025139907567624
equilibrium,legacy_density,low,theta3,2,-2.923426497090502,0.2275108759303722
equilibrium,legacy_density,low,theta3,3,-2.8361600344907854,0.22301055926397245
equilibrium,legacy_density,low,theta3,4,-2.748893571891069,0.22059152205099922
equilibrium,legacy_density,low,theta3,5,-2.6616271092913526,0.21635762295285307
equilibrium,legacy_density,low,theta3,6,-2.574360646691636,0.21085976128223488
equilibrium,legacy_density,low,theta3,7,-2.4870941840919194,0.2076342402484567
equilibrium,legacy_density,low,theta3,8,-2.399827721492203,0.1947596626647375
equilibrium,legacy_density,low,theta3,9,-2.3125612588924866,0.19335097996540648
equilibrium,legacy_density,low,theta3,10,-2.2252947962927703,0.19119087971164292
equilibrium,legacy_density,low,theta3,11,-2.138028333693054,0.18275435672733478
equilibrium,legacy_density,low,theta3,12,-2.0507618710933375,0.17727337111295735
equilibrium,legacy_density,low,theta3,13,-1.9634954084936207,0.16861054399396425
equilibrium,legacy_density,low,theta3,14,-1.8762289458939043,0.1655317817189605
equilibrium,legacy_density,low,theta3,15,-1.7889624832941877,0.15992265546616932
equilibrium,legacy_density,low,theta3,16,-1.7016960206944713,0.1598909845138509
equilibrium,legacy_density,low,theta3,17,-1.6144295580947547,0.1539577915620307
equilibrium,legacy_density,low,theta3,18,-1.5271630954950384,0.14422426758228074
equilibrium,legacy_density,low,theta3,19,-1.439896632895322,0.14590263763244213
equilibrium,legacy_density,low,theta3,20,-1.3526301702956054,0.14268058349893648
equilibrium,legacy_density,low,theta3,21,-1.2653637076958888,0.1377114805178679
equilibrium,legacy_density,low,theta3,22,-1.1780972450961724,0.13627457619022404
equilibrium,legacy_density,low,theta3,23,-1.090830782496456,0.1320444377717068
equilibrium,legacy_density,low,theta3,24,-1.0035643198967397,0.13068168615996897
equilibrium,legacy_density,low,theta3,25,-0.9162978572970231,0.12628396409672502
equilibrium,legacy_density,low,theta3,26,-0.8290313946973065,0.12283378248269242
equilibrium,legacy_density,low,theta3,27,-0.7417649320975901,0.12441199549258886
equilibrium,legacy_density,low,theta3,28,-0.6544984694978737,0.11984590697218406
equilibrium,legacy_density,low,theta3,29,-0.5672320068981571,0.11947626785799322
equilibrium,legacy_density,low,theta3,30,-0.4799655442984405,0.12297164882383003
equilibrium,legacy_density,low,theta3,31,-0.39269908169872414,0.1169575247570833
equilibrium,legacy_density,low,theta3,32,-0.30543261909900776,0.11820908541740198
equilibrium,legacy_density,low,theta3,33,-0.21816615649929139,0.11496471403726273
equilibrium,legacy_density,low,theta3,34,-0.1308996938995748,0.11575210019736556
equilibrium,legacy_density,low,theta3,35,-0.04363323129985819,0.11769391394900588
equilibrium,legacy_density,low,theta3,36,0.04363323129985819,0.11427227423732983
equilibrium,legacy_density,low,theta3,37,0.13089969389957457,0.11448886386861708
equilibrium,legacy_density,low,theta3,38,0.21816615649929116,0.11186751738376768
equilibrium,legacy_density,low,theta3,39,0.30543261909900776,0.11751058053044877
equilibrium,legacy_density,low,theta3,40,0.39269908169872414,0.11785176486126238
equilibrium,legacy_density,low,theta3,41,0.4799655442984405,0.11594733757754491
equilibrium,legacy_density,low,theta3,42,0.5672320068981569,0.1148102629419446
equilibrium,legacy_density,low,theta3,43,0.6544984694978735,0.11719508054755588
equilibrium,legacy_density,low,theta3,44,0.7417649320975901,0.11807816341503391
equilibrium,legacy_density,low,theta3,45,0.8290313946973065,0.12157767779226522
equilibrium,legacy_density,low,theta3,46,0.9162978572970228,0.12405825484341797
equilibrium,legacy_density,low,theta3,47,1.0035643198967392,0.12706930297099556
equilibrium,legacy_density,low,theta3,48,1.0908307824964556,0.12718445168625234
equilibrium,legacy_density,low,theta3,49,1.178097245096172,0.1267313466712289
equilibrium,legacy_density,low,theta3,50,1.2653637076958888,0.1344423975299287
equilibrium,legacy_density,low,theta3,51,1.3526301702956056,0.13902188623792627
equilibrium,legacy_density,low,theta3,52,1.439896632895322,0.1411145349213816
equilibrium,legacy_density,low,theta3,53,1.5271630954950384,0.1440758262499685
equilibrium,legacy_density,low,theta3,54,1.6144295580947547,0.14685146192073523
equilibrium,legacy_density,low,theta3,55,1.7016960206944711,0.15262567998753637
equilibrium,legacy_density,low,theta3,56,1.7889624832941875,0.15332192165008482
equilibrium,legacy_density,low,theta3,57,1.8762289458939039,0.1577359300094383
equilibrium,legacy_density,low,theta3,58,1.9634954084936203,0.16646360437384644
equilibrium,legacy_density,low,theta3,59,2.050761871093337,0.16720269788246014
equilibrium,legacy_density,low,theta3,60,2.138028333693054,0.17486470862131662
equilibrium,legacy_density,low,theta3,61,2.2252947962927703,0.18221600671562335
equilibrium,legacy_density,low,theta3,62,2.3125612588924866,0.1844851487120469
equilibrium,legacy_density,low,theta3,63,2.399827721492203,0.18996251324691416
equilibrium,legacy_density,low,theta3,64,2.4870941840919194,0.20059902213917447
equilibrium,legacy_density,low,theta3,65,2.574360646691636,0.20226280703231647
equilibrium,legacy_density,low,theta3,66,2.661627109291352,0.20988894170216868
equilibrium,legacy_density,low,theta3,67,2.7488935718910685,0.2183324014400076
equilibrium,legacy_density,low,theta3,68,2.8361600344907854,0.22380791965373747
equilibrium,legacy_density,low,theta3,69,2.923426497090502,0.2293032599687889
equilibrium,legacy_density,low,theta3,70,3.0106929596902186,0.23452772627172988
equilibrium,legacy_density,low,theta3,71,3.097959422289935,0.23297257091019466
equilibrium,legacy_density,middle,theta1,0,-3.097959422289935,0.22846131745394338
equilibrium,legacy_density,middle,theta1,1,-3.0106929596902186,0.2220927183632123
equilibrium,legacy_density,middle,theta1,2,-2.923426497090502,0.22232153245281738
equilibrium,legacy_density,middle,theta1,3,-2.8361600344907854,0.22010765881938693
equilibrium,legacy_density,middle,theta1,4,-2.748893571891069,0.21396752244047837
equilibrium,legacy_density,middle,theta1,5,-2.6616271092913526,0.20942215774344644
equilibrium,legacy_density,middle,theta1,6,-2.574360646691636,0.19937022362432985
equilibrium,legacy_density,middle,theta1,7,-2.4870941840919194,0.19220092910927716
equilibrium,legacy_density,middle,theta1,8,-2.399827721492203,0.1893929730626315
equilibrium,legacy_density,middle,theta1,9,-2.3125612588924866,0.18457061369244296
equilibrium,legacy_density,middle,theta1,10,-2.2252947962927703,0.18191863878461606
equilibrium,legacy_density,middle,theta1,11,-2.138028333693054,0.17515304873846393
equilibrium,legacy_density,middle,theta1,12,-2.0507618710933375,0.1689018720775188
equilibrium,legacy_density,middle,theta1,13,-1.9634954084936207,0.16845009493965077
equilibrium,legacy_density,middle,theta1,14,-1.8762289458939043,0.16608178101427387
equilibrium,legacy_density,middle,theta1,15,-1.7889624832941877,0.15699345971660994
equilibrium,legacy_density,middle,theta1,16,-1.7016960206944713,0.1565655183973482
equilibrium,legacy_density,middle,theta1,17,-1.6144295580947547,0.15003994406942742
equilibrium,legacy_density,middle,theta1,18,-1.5271630954950384,0.1456738443702534
equilibrium,legacy_density,middle,theta1,19,-1.439896632895322,0.14399302564718924
equilibrium,legacy_density,middle,theta1,20,-1.3526301702956054,0.13952501312436208
equilibrium,legacy_density,middle,theta1,21,-1.2653637076958888,0.1340057995069532
equilibrium,legacy_density,middle,theta1,22,-1.1780972450961724,0.12994567521997843
equilibrium,legacy_density,middle,theta1,23,-1.090830782496456,0.13006676458587066
equilibrium,legacy_density,middle,theta1,24,-1.0035643198967397,0.12719293239666785
equilibrium,legacy_density,middle,theta1,25,-0.9162978572970231,0.12828703288853963
equilibrium,legacy_density,middle,theta1,26,-0.8290313946973065,0.12230771443704119
equilibrium,legacy_density,middle,theta1,27,-0.7417649320975901,0.12131993794123508
equilibrium,legacy_density,middle,theta1,28,-0.6544984694978737,0.11993494933751123
equilibrium,legacy_density,middle,theta1,29,-0.5672320068981571,0.11941142338785121
equilibrium,legacy_density,middle,theta1,30,-0.4799655442984405,0.12151517074281734
equilibrium,legacy_density,middle,theta1,31,-0.39269908169872414,0.11802531732465571
equilibrium,legacy_density,middle,theta1,32,-0.30543261909900776,0.11789831838471583
equilibrium,legacy_density,middle,theta1,33,-0.21816615649929139,0.12022163061341135
equilibrium,legacy_density,middle,theta1,34,-0.1308996938995748,0.11637192460881374
equilibrium,legacy_density,middle,theta1,35,-0.04363323129985819,0.11813523226817634
equilibrium,legacy_density,middle,theta1,36,0.04363323129985819,0.11798972914064053
equilibrium,legacy_density,middle,theta1,37,0.13089969389957457,0.11699520298755801
equilibrium,legacy_density,middle,theta1,38,0.21816615649929116,0.11853335525371816
equilibrium,legacy_density,middle,theta1,39,0.30543261909900776,0.1224548419415061
equilibrium,legacy_density,middle,theta1,40,0.39269908169872414,0.1230253913364247
equilibrium,legacy_density,middle,theta1,41,0.4799655442984405,0.12257391642619754
equilibrium,legacy_density,middle,theta1,42,0.5672320068981569,0.12264125216406072
equilibrium,legacy_density,middle,theta1,43,0.6544984694978735,0.12354168805915991
equilibrium,legacy_density,middle,theta1,44,0.7417649320975901,0.12448089460366908
equilibrium,legacy_density,middle,theta1,45,0.8290313946973065,0.1281734468426871
equilibrium,legacy_density,middle,theta1,46,0.9162978572970228,0.1308894354945335
equilibrium,legacy_density,middle,theta1,47,1.0035643198967392,0.13021152186801663
equilibrium,legacy_density,middle,theta1,48,1.0908307824964556,0.12929543382973407
equilibrium,legacy_density,middle,theta1,49,1.178097245096172,0.134068562312034
equilibrium,legacy_density,middle,theta1,50,1.2653637076958888,0.13637070311273558
equilibrium,legacy_density,middle,theta1,51,1.3526301702956056,0.13895900371961464
equilibrium,legacy_density,middle,theta1,52,1.439896632895322,0.14263390396191886
equilibrium,legacy_density,middle,theta1,53,1.5271630954950384,0.14816661105383563
equilibrium,legacy_density,middle,theta1,54,1.6144295580947547,0.15092461687919206
equilibrium,legacy_density,middle,theta1,55,1.7016960206944711,0.1552748098110985
equilibrium,legacy_density,middle,theta1,56,1.7889624832941875,0.1604094590226169
equilibrium,legacy_density,middle,theta1,57,1.8762289458939039,0.16461004207380286
equilibrium,legacy_density,middle,theta1,58,1.9634954084936203,0.17409695971650332
equilibrium,legacy_density,middle,theta1,59,2.050761871093337,0.17698059798838628
equilibrium,legacy_density,middle,theta1,60,2.138028333693054,0.17868006704843917
equilibrium,legacy_density,middle,theta1,61,2.2252947962927703,0.18720540986899395
equilibrium,legacy_density,middle,theta1,62,2.3125612588924866,0.1911978412665769
equilibrium,legacy_density,middle,theta1,63,2.399827721492203,0.19892791888779893
equilibrium,legacy_density,middle,theta1,64,2.4870941840919194,0.19695351294698302
equilibrium,legacy_density,middle,theta1,65,2.574360646691636,0.20593684092812553
equilibrium,legacy_density,middle,theta1,66,2.661627109291352,0.21262285378916407
equilibrium,legacy_density,middle,theta1,67,2.7488935718910685,0.21528018588312123
equilibrium,legacy_density,middle,theta1,68,2.8361600344907854,0.22317866059652994
equilibrium,legacy_density,middle,theta1,69,2.923426497090502,0.2233925979675364
equilibrium,legacy_density,middle,theta1,70,3.0106929596902186,0.2236834541549558
equilibrium,legacy_density,middle,theta1,71,3.097959422289935,0.22895146839268643
equilibrium,legacy_density,middle,theta3,0,-3.097959422289935,0.22405044513590347
equilibrium,legacy_density,middle,theta3,1,-3.0106929596902186,0.22073271759501856
equilibrium,legacy_density,middle,theta3,2,-2.923426497090502,0.2209778220682858
equilibrium,legacy_density,middle,theta3,3,-2.8361600344907854,0.22186266524016407
equilibrium,legacy_density,middle,theta3,4,-2.748893571891069,0.2194477072740365
equilibrium,legacy_density,middle,theta3,5,-2.6616271092913526,0.21427851565164768
equilibrium,legacy_density,middle,theta3,6,-2.574360646691636,0.21149066673801126
equilibrium,legacy_density,middle,theta3,7,-2.4870941840919194,0.20514958048881807
equilibrium,legacy_density,middle,theta3,8,-2.399827721492203,0.2018797679161422
equilibrium,legacy_density,middle,theta3,9,-2.3125612588924866,0.19385990922615515
equilibrium,legacy_density,middle,theta3,10,-2.2252947962927703,0.19093978346824086
equilibrium,legacy_density,middle,theta3,11,-2.138028333693054,0.1826768218443477
equilibrium,legacy_density,middle,theta3,12,-2.0507618710933375,0.17461883999493483
equilibrium,legacy_density,middle,theta3,13,-1.9634954084936207,0.17646645770591238
equilibrium,legacy_density,middle,theta3,14,-1.8762289458939043,0.16937646838811182
equilibrium,legacy_density,middle,theta3,15,-1.7889624832941877,0.16742150270958836
equilibrium,legacy_density,middle,theta3,16,-1.7016960206944713,0.16218904290681269
equilibrium,legacy_density,middle,theta3,17,-1.6144295580947547,0.15495814665466937
equilibrium,legacy_density,middle,theta3,18,-1.5271630954950384,0.1444478585217288
equilibrium,legacy_density,middle,theta3,19,-1.439896632895322,0.14564311662020912
equilibrium,legacy_density,middle,theta3,20,-1.3526301702956054,0.14263315119472383
equilibrium,legacy_density,middle,theta3,21,-1.2653637076958888,0.14077114210855662
equilibrium,legacy_density,middle,theta3,22,-1.1780972450961724,0.13247855484164842
equilibrium,legacy_density,middle,theta3,23,-1.090830782496456,0.13290970593481047
equilibrium,legacy_density,middle,theta3,24,-1.0035643198967397,0.1291053211857033
equilibrium,legacy_density,middle,theta3,25,-0.9162978572970231,0.12705878371558557
equilibrium,legacy_density,middle,theta3,26,-0.8290313946973065,0.12314081145688018
equilibrium,legacy_density,middle,theta3,27,-0.7417649320975901,0.12211080017870858
equilibrium,legacy_density,middle,theta3,28,-0.6544984694978737,0.11733554729869444
equilibrium,legacy_density,middle,theta3,29,-0.5672320068981571,0.11644187012932013
equilibrium,legacy_density,middle,theta3,30,-0.4799655442984405,0.11605185278500078
equilibrium,legacy_density,middle,theta3,31,-0.39269908169872414,0.11490481275583893
equilibrium,legacy_density,middle,theta3,32,-0.30543261909900776,0.11474293471812716
equilibrium,legacy_density,middle,theta3,33,-0.21816615649929139,0.1138324772299815
equilibrium,legacy_density,middle,theta3,34,-0.1308996938995748,0.11386505609546946
equilibrium,legacy_density,middle,theta3,35,-0.04363323129985819,0.11659276747966098
equilibrium,legacy_density,middle,theta3,36,0.04363323129985819,0.11484316987240045
equilibrium,legacy_density,middle,theta3,37,0.13089969389957457,0.11857192599157376
equilibrium,legacy_density,middle,theta3,38,0.21816615649929116,0.11766564868134342
equilibrium,legacy_density,middle,theta3,39,0.30543261909900776,0.11684971398045245
equilibrium,legacy_density,middle,theta3,40,0.39269908169872414,0.1162880787916418
equilibrium,legacy_density,middle,theta3,41,0.4799655442984405,0.11653999910665301
equilibrium,legacy_density,middle,theta3,42,0.5672320068981569,0.1184214174642013
equilibrium,legacy_density,middle,theta3,43,0.6544984694978735,0.11962806366758537
equilibrium,legacy_density,middle,theta3,44,0.7417649320975901,0.12373975921861881
equilibrium,legacy_density,middle,theta3,45,0.8290313946973065,0.12142829282523022
equilibrium,legacy_density,middle,theta3,46,0.9162978572970228,0.12436511556895384
equilibrium,legacy_density,middle,theta3,47,1.0035643198967392,0.12815378482281395
equilibrium,legacy_density,middle,theta3,48,1.0908307824964556,0.1301304106300335
equilibrium,legacy_density,middle,theta3,49,1.178097245096172,0.13121803264294013
equilibrium,legacy_density,middle,theta3,50,1.2653637076958888,0.13543560030292282
equilibrium,legacy_density,middle,theta3,51,1.3526301702956056,0.1379794725879977
equilibrium,legacy_density,middle,theta3,52,1.439896632895322,0.14020655947851046
equilibrium,legacy_density,middle,theta3,53,1.5271630954950384,0.14573906697961966
equilibrium,legacy_density,middle,theta3,54,1.6144295580947547,0.15110085040046425
equilibrium,legacy_density,middle,theta3,55,1.7016960206944711,0.150329545711983
equilibrium,legacy_density,middle,theta3,56,1.7889624832941875,0.15498344838130684
equilibrium,legacy_density,middle,theta3,57,1.8762289458939039,0.16422221303897835
equilibrium,legacy_density,middle,theta3,58,1.9634954084936203,0.16660561625219383
equilibrium,legacy_density,middle,theta3,59,2.050761871093337,0.16835416472679965
equilibrium,legacy_density,middle,theta3,60,2.138028333693054,0.17477108594082638
equilibrium,legacy_density,middle,theta3,61,2.2252947962927703,0.17738864778038907
equilibrium,legacy_density,middle,theta3,62,2.3125612588924866,0.18708900661908967
equilibrium,legacy_density,middle,theta3,63,2.399827721492203,0.19456818594376626
equilibrium,legacy_density,middle,theta3,64,2.4870941840919194,0.20559445308813462
equilibrium,legacy_density,middle,theta3,65,2.574360646691636,0.20847962484522675
equilibrium,legacy_density,middle,theta3,66,2.661627109291352,0.21312245752486672
equilibrium,legacy_density,middle,theta3,67,2.7488935718910685,0.21559515070666468
equilibrium,legacy_density,middle,theta3,68,2.8361600344907854,0.22140862077854082
equilibrium,legacy_density,middle,theta3,69,2.923426497090502,0.2225245449232487
equilibrium,legacy_density,middle,theta3,70,3.0106929596902186,0.22590403641862197
equilibrium,legacy_density,middle,theta3,71,3.097959422289935,0.22346671166443524
equilibrium,legacy_density,high,theta1,0,-3.097959422289935,0.22429496235412405
equilibrium,legacy_density,high,theta1,1,-3.0106929596902186,0.22403378837609897
equilibrium,legacy_density,high,theta1,2,-2.923426497090502,0.22404257822153442
equilibrium,legacy_density,high,theta1,3,-2.8361600344907854,0.22511816189255554
equilibrium,legacy_density,high,theta1,4,-2.748893571891069,0.21087075464119628
equilibrium,legacy_density,high,theta1,5,-2.6616271092913526,0.20981800293225025
equilibrium,legacy_density,high,theta1,6,-2.574360646691636,0.1999580687334832
equilibrium,legacy_density,high,theta1,7,-2.4870941840919194,0.20273209964903974
equilibrium,legacy_density,high,theta1,8,-2.399827721492203,0.1911766896341627
equilibrium,legacy_density,high,theta1,9,-2.3125612588924866,0.18812793171420825
equilibrium,legacy_density,high,theta1,10,-2.2252947962927703,0.18333997177495734
equilibrium,legacy_density,high,theta1,11,-2.138028333693054,0.17426426235363168
equilibrium,legacy_density,high,theta1,12,-2.0507618710933375,0.17087087489190173
equilibrium,legacy_density,high,theta1,13,-1.9634954084936207,0.16880908504032768
equilibrium,legacy_density,high,theta1,14,-1.8762289458939043,0.1611261192657367
equilibrium,legacy_density,high,theta1,15,-1.7889624832941877,0.15530572257361233
equilibrium,legacy_density,high,theta1,16,-1.7016960206944713,0.1501447398258029
equilibrium,legacy_density,high,theta1,17,-1.6144295580947547,0.15115630850204362
equilibrium,legacy_density,high,theta1,18,-1.5271630954950384,0.1475484851340015
equilibrium,legacy_density,high,theta1,19,-1.439896632895322,0.1420917368024561
equilibrium,legacy_density,high,theta1,20,-1.3526301702956054,0.14213108194158816
equilibrium,legacy_density,high,theta1,21,-1.2653637076958888,0.1384498176431627
equilibrium,legacy_density,high,theta1,22,-1.1780972450961724,0.1319535198973301
equilibrium,legacy_density,high,theta1,23,-1.090830782496456,0.12630542091010036
equilibrium,legacy_density,high,theta1,24,-1.0035643198967397,0.13029585340832178
equilibrium,legacy_density,high,theta1,25,-0.9162978572970231,0.12560140061416697
equilibrium,legacy_density,high,theta1,26,-0.8290313946973065,0.1322165555753959
equilibrium,legacy_density,high,theta1,27,-0.7417649320975901,0.12451621738578558
equilibrium,legacy_density,high,theta1,28,-0.6544984694978737,0.12196693080650144
equilibrium,legacy_density,high,theta1,29,-0.5672320068981571,0.1375863247880242
equilibrium,legacy_density,high,theta1,30,-0.4799655442984405,0.11858612517183927
equilibrium,legacy_density,high,theta1,31,-0.39269908169872414,0.1205603532980303
equilibrium,legacy_density,high,theta1,32,-0.30543261909900776,0.11827015121360353
equilibrium,legacy_density,high,theta1,33,-0.21816615649929139,0.11881540606639454
equilibrium,legacy_density,high,theta1,34,-0.1308996938995748,0.1168865696361885
equilibrium,legacy_density,high,theta1,35,-0.04363323129985819,0.11886314140151032
equilibrium,legacy_density,high,theta1,36,0.04363323129985819,0.11620027484104672
equilibrium,legacy_density,high,theta1,37,0.13089969389957457,0.11974177551236556
equilibrium,legacy_density,high,theta1,38,0.21816615649929116,0.11677782360873475
equilibrium,legacy_density,high,theta1,39,0.30543261909900776,0.12008905500439053
equilibrium,legacy_density,high,theta1,40,0.39269908169872414,0.11680875809387273
equilibrium,legacy_density,high,theta1,41,0.4799655442984405,0.12014832121395606
equilibrium,legacy_density,high,theta1,42,0.5672320068981569,0.135011387806183
equilibrium,legacy_density,high,theta1,43,0.6544984694978735,0.12560771940837231
equilibrium,legacy_density,high,theta1,44,0.7417649320975901,0.125476572668495
equilibrium,legacy_density,high,theta1,45,0.8290313946973065,0.12846476876364682
equilibrium,legacy_density,high,theta1,46,0.9162978572970228,0.129967421449071
equilibrium,legacy_density,high,theta1,47,1.0035643198967392,0.13126938661064305
equilibrium,legacy_density,high,theta1,48,1.0908307824964556,0.13365151515316756
equilibrium,legacy_density,high,theta1,49,1.178097245096172,0.13779465765225005
equilibrium,legacy_density,high,theta1,50,1.2653637076958888,0.13887659023971874
equilibrium,legacy_density,high,theta1,51,1.3526301702956056,0.1384551169862167
equilibrium,legacy_density,high,theta1,52,1.439896632895322,0.14110983286321768
equilibrium,legacy_density,high,theta1,53,1.5271630954950384,0.14324906981290034
equilibrium,legacy_density,high,theta1,54,1.6144295580947547,0.14721493113420567
equilibrium,legacy_density,high,theta1,55,1.7016960206944711,0.1520761802116991
equilibrium,legacy_density,high,theta1,56,1.7889624832941875,0.15647564229805414
equilibrium,legacy_density,high,theta1,57,1.8762289458939039,0.15841362175713952
equilibrium,legacy_density,high,theta1,58,1.9634954084936203,0.15979719459833713
equilibrium,legacy_density,high,theta1,59,2.050761871093337,0.16766365734754923
equilibrium,legacy_density,high,theta1,60,2.138028333693054,0.17981743359539792
equilibrium,legacy_density,high,theta1,61,2.2252947962927703,0.18351291405933998
equilibrium,legacy_density,high,theta1,62,2.3125612588924866,0.19245643918863825
equilibrium,legacy_density,high,theta1,63,2.399827721492203,0.1964641532298744
equilibrium,legacy_density,high,theta1,64,2.4870941840919194,0.2008290116239356
equilibrium,legacy_density,high,theta1,65,2.574360646691636,0.20491090574024035
equilibrium,legacy_density,high,theta1,66,2.661627109291352,0.20924010714510122
equilibrium,legacy_density,high,theta1,67,2.7488935718910685,0.21809012973416536
equilibrium,legacy_density,high,theta1,68,2.8361600344907854,0.21650439853272005
equilibrium,legacy_density,high,theta1,69,2.923426497090502,0.2182331770520974
equilibrium,legacy_density,high,theta1,70,3.0106929596902186,0.22583316847179372
equilibrium,legacy_density,high,theta1,71,3.097959422289935,0.2250875751368706
equilibrium,legacy_density,high,theta3,0,-3.097959422289935,0.22625797579044374
equilibrium,legacy_density,high,theta3,1,-3.0106929596902186,0.22821791684839698
equilibrium,legacy_density,high,theta3,2,-2.923426497090502,0.22641441507959512
equilibrium,legacy_density,high,theta3,3,-2.8361600344907854,0.2219006823149191
equilibrium,legacy_density,high,theta3,4,-2.748893571891069,0.21368324660082322
equilibrium,legacy_density,high,theta3,5,-2.6616271092913526,0.21069417290825043
equilibrium,legacy_density,high,theta3,6,-2.574360646691636,0.20088069413780674
equilibrium,legacy_density,high,theta3,7,-2.4870941840919194,0.2004948858873101
equilibrium,legacy_density,high,theta3,8,-2.399827721492203,0.19465915917290208
equilibrium,legacy_density,high,theta3,9,-2.3125612588924866,0.18797027065554164
equilibrium,legacy_density,high,theta3,10,-2.2252947962927703,0.1810782712351122
equilibrium,legacy_density,high,theta3,11,-2.138028333693054,0.17438020506486346
equilibrium,legacy_density,high,theta3,12,-2.0507618710933375,0.17087438070181418
equilibrium,legacy_density,high,theta3,13,-1.9634954084936207,0.16667200575855354
equilibrium,legacy_density,high,theta3,14,-1.8762289458939043,0.16447706065068027
equilibrium,legacy_density,high,theta3,15,-1.7889624832941877,0.15710865914023275
equilibrium,legacy_density,high,theta3,16,-1.7016960206944713,0.15612943264475437
equilibrium,legacy_density,high,theta3,17,-1.6144295580947547,0.15010524405666292
equilibrium,legacy_density,high,theta3,18,-1.5271630954950384,0.14491882821578855
equilibrium,legacy_density,high,theta3,19,-1.439896632895322,0.1384825041422208
equilibrium,legacy_density,high,theta3,20,-1.3526301702956054,0.14003136196555177
equilibrium,legacy_density,high,theta3,21,-1.2653637076958888,0.13676802694281198
equilibrium,legacy_density,high,theta3,22,-1.1780972450961724,0.13197531945058796
equilibrium,legacy_density,high,theta3,23,-1.090830782496456,0.12989976976636602
equilibrium,legacy_density,high,theta3,24,-1.0035643198967397,0.12846321408561412
equilibrium,legacy_density,high,theta3,25,-0.9162978572970231,0.12373461146951163
equilibrium,legacy_density,high,theta3,26,-0.8290313946973065,0.12354933315769161
equilibrium,legacy_density,high,theta3,27,-0.7417649320975901,0.12437431778855727
equilibrium,legacy_density,high,theta3,28,-0.6544984694978737,0.1206761147420803
equilibrium,legacy_density,high,theta3,29,-0.5672320068981571,0.12057900826744092
equilibrium,legacy_density,high,theta3,30,-0.4799655442984405,0.11757173533603686
equilibrium,legacy_density,high,theta3,31,-0.39269908169872414,0.1201427864528884
equilibrium,legacy_density,high,theta3,32,-0.30543261909900776,0.11935946897466625
equilibrium,legacy_density,high,theta3,33,-0.21816615649929139,0.11335296383857278
equilibrium,legacy_density,high,theta3,34,-0.1308996938995748,0.11600621005509172
equilibrium,legacy_density,high,theta3,35,-0.04363323129985819,0.11782708468200041
equilibrium,legacy_density,high,theta3,36,0.04363323129985819,0.11564140691107824
equilibrium,legacy_density,high,theta3,37,0.13089969389957457,0.11731361941155938
equilibrium,legacy_density,high,theta3,38,0.21816615649929116,0.1204227745808982
equilibrium,legacy_density,high,theta3,39,0.30543261909900776,0.11620730433977565
equilibrium,legacy_density,high,theta3,40,0.39269908169872414,0.1176730572136577
equilibrium,legacy_density,high,theta3,41,0.4799655442984405,0.11727273769545714
equilibrium,legacy_density,high,theta3,42,0.5672320068981569,0.12354003645744002
equilibrium,legacy_density,high,theta3,43,0.6544984694978735,0.12062473282079277
equilibrium,legacy_density,high,theta3,44,0.7417649320975901,0.12357910849373209
equilibrium,legacy_density,high,theta3,45,0.8290313946973065,0.12600386786888726
equilibrium,legacy_density,high,theta3,46,0.9162978572970228,0.1281356771987554
equilibrium,legacy_density,high,theta3,47,1.0035643198967392,0.13023982298551498
equilibrium,legacy_density,high,theta3,48,1.0908307824964556,0.13382424471484833
equilibrium,legacy_density,high,theta3,49,1.178097245096172,0.13402512431957772
equilibrium,legacy_density,high,theta3,50,1.2653637076958888,0.13656786978489585
equilibrium,legacy_density,high,theta3,51,1.3526301702956056,0.13799136805842366
equilibrium,legacy_density,high,theta3,52,1.439896632895322,0.1427429137881773
equilibrium,legacy_density,high,theta3,53,1.5271630954950384,0.16387863163404748
equilibrium,legacy_density,high,theta3,54,1.6144295580947547,0.14847498360261974
equilibrium,legacy_density,high,theta3,55,1.7016960206944711,0.1533574753800271
equilibrium,legacy_density,high,theta3,56,1.7889624832941875,0.16811851314580045
equilibrium,legacy_density,high,theta3,57,1.8762289458939039,0.1753854174368755
equilibrium,legacy_density,high,theta3,58,1.9634954084936203,0.1693336604840429
equilibrium,legacy_density,high,theta3,59,2.050761871093337,0.1710299828332428
equilibrium,legacy_density,high,theta3,60,2.138028333693054,0.17468542868947923
equilibrium,legacy_density,high,theta3,61,2.2252947962927703,0.1794573174640921
equilibrium,legacy_density,high,theta3,62,2.3125612588924866,0.18689128547023914
equilibrium,legacy_density,high,theta3,63,2.399827721492203,0.19099114410357163
equilibrium,legacy_density,high,theta3,64,2.4870941840919194,0.20024346235025603
equilibrium,legacy_density,high,theta3,65,2.574360646691636,0.20651599628943743
equilibrium,legacy_density,high,theta3,66,2.661627109291352,0.21051822909559936
equilibrium,legacy_density,high,theta3,67,2.7488935718910685,0.21914725284783437
equilibrium,legacy_density,high,theta3,68,2.8361600344907854,0.22159433872857437
equilibrium,legacy_density,high,theta3,69,2.923426497090502,0.22051868287795043
equilibrium,legacy_density,high,theta3,70,3.0106929596902186,0.2292489009728866
equilibrium,legacy_density,high,theta3,71,3.097959422289935,0.22824819458428677
