affinity,selection,replicate,valid,dt_zero_ratio,dt_slope
weak,all_admissible,0,1,0.9862495904366475,27.036158363757032
weak,all_admissible,1,1,1.0011258016697204,-20.478101002097613
weak,all_admissible,2,1,0.9943208321785822,4.559078554584812
weak,all_admissible,3,1,0.9858688660037066,22.201253855513762
weak,all_admissible,4,1,0.9920996012917247,0.4301523801636044
weak,all_admissible,5,1,0.9933671439842116,-2.3275332978267214
weak,all_admissible,6,1,0.9887478241452948,24.54152123588381
weak,all_admissible,7,1,0.9893374218087437,30.57600999478233
weak,all_admissible,8,1,0.9952136110235423,-5.778854659048152
weak,all_admissible,9,1,1.0049500745894293,-27.562178872857018
weak,all_admissible,10,1,0.992705592572873,3.756156992667336
weak,all_admissible,11,1,0.9948193021543985,14.502978616159737
weak,all_admissible,12,1,0.996226200053931,5.785797514970957
weak,all_admissible,13,1,1.0019125105980378,-19.44848180721863
weak,all_admissible,14,1,1.0034828184718785,-17.767023920046743
weak,all_admissible,15,1,0.9960231642080724,-2.5371167793834313
weak,all_admissible,16,1,0.9943715689297165,-4.359041139879313
weak,all_admissible,17,1,1.0049701228442993,-28.901622725980353
weak,all_admissible,18,1,0.990955773514068,6.902390916954579
weak,all_admissible,19,1,0.993715801917551,12.416796574950027
weak,all_admissible,20,1,0.9865613517161947,14.526161632684934
weak,all_admissible,21,1,0.9924723887970293,15.998230520577357
weak,all_admissible,22,1,0.9994690326648882,-16.29455738180066
weak,all_admissible,23,1,0.988201886058938,17.185858864521236
weak,all_admissible,24,1,0.9937897130411986,-5.776613460361611
weak,all_admissible,25,1,0.9846721056208725,28.99728998490488
weak,all_admissible,26,1,0.9905923658766613,12.901487318744643
weak,all_admissible,27,1,0.9969997181328284,-3.405665599403145
weak,all_admissible,28,1,0.9954653463227897,8.895882179604023
weak,all_admissible,29,1,0.9895195513176874,33.39716946538279
weak,all_admissible,30,1,1.0003410746786974,-25.803548637347077
weak,all_admissible,31,1,0.9997314339788124,-28.77817847685943
weak,all_admissible,32,1,0.9867942001368427,16.84366670305679
weak,all_admissible,33,1,1.0009851038276547,-15.098101934732533
weak,all_admissible,34,1,0.9995235744792262,-28.62177276778904
weak,all_admissible,35,1,0.9938302780767365,5.238382388524284
weak,all_admissible,36,1,0.9876652223500694,30.881629678685744
weak,all_admissible,37,1,0.9944803108151422,4.719881748900898
weak,all_admissible,38,1,0.9847603504920788,25.66382349891301
weak,all_admissible,39,1,0.9892707219464997,8.487622892136566
weak,all_admissible,40,1,1.002161467522744,-26.251647135674716
weak,all_admissible,41,1,0.9883909548269009,26.302447084930698
weak,all_admissible,42,1,0.994752852397535,-1.6308741049561635
weak,all_admissible,43,1,1.0025642629502634,-25.860928636055906
weak,all_admissible,44,1,0.9840331032376891,47.30071038061044
weak,all_admissible,45,1,0.9900245746580685,14.928976078890349
weak,all_admissible,46,1,0.9996200543412137,-14.922328518588024
weak,all_admissible,47,1,0.9900111241192381,1.6092887884438094
weak,all_admissible,48,1,0.9903598313476295,-1.0122157817598307
weak,all_admissible,49,1,0.9918503947893184,15.680916697323042
weak,all_admissible,50,1,0.9918313643481449,20.86126276372691
weak,all_admissible,51,1,0.9997206994640062,-11.539805718597007
weak,all_admissible,52,1,1.000740214400495,-13.372946634695253
weak,all_admissible,53,1,0.9909710143926145,3.048502933056917
weak,all_admissible,54,1,0.9784459873836148,53.852818139221334
weak,all_admissible,55,1,0.9978591578048976,-22.046247669725194
weak,all_admissible,56,1,0.9971287961624736,-11.656722616692905
weak,all_admissible,57,1,0.9942437717578686,9.17388884556925
weak,all_admissible,58,1,0.9893151363681298,8.985828678918256
weak,all_admissible,59,1,0.9833719829517311,20.724201549045723
weak,all_admissible,60,1,0.9855416886443001,32.45476975674039
weak,all_admissible,61,1,0.9919907159894003,2.1948213756584574
weak,all_admissible,62,1,0.9989581402908304,-13.807598286684431
weak,all_admissible,63,1,0.9937428210616187,3.8816022665750594
weak,all_admissible,64,1,0.9941431518024959,4.20764824313539
weak,all_admissible,65,1,0.9911497456994633,5.78550713753415
weak,all_admissible,66,1,0.9948222940635978,-2.352901281864534
weak,all_admissible,67,1,1.000936270933068,-18.392090954861523
weak,all_admissible,68,1,0.9946234132225671,-4.558066669386074
weak,all_admissible,69,1,0.9999242382898526,-14.002626919759754
weak,all_admissible,70,1,0.9947488819430571,-11.115853659221635
weak,all_admissible,71,1,0.9963846013184315,-6.531562549652168
weak,all_admissible,72,1,0.9853874414690745,20.914564990809275
weak,all_admissible,73,1,0.9993780270664705,-9.541682675576336
weak,all_admissible,74,1,1.0012934567020015,-26.205658398089856
weak,all_admissible,75,1,0.9953996015523827,-19.934796048455887
weak,all_admissible,76,1,0.9929797621259823,-3.025159436011153
weak,all_admissible,77,1,0.9984696471300213,-27.842602086802625
weak,all_admissible,78,1,0.9852895688673426,15.359246181298676
weak,all_admissible,79,1,0.999450027301653,-15.038986092032578
weak,all_admissible,80,1,0.9986775746865278,-16.776925883026614
weak,all_admissible,81,1,1.0067165108751857,-39.18425214228388
weak,all_admissible,82,1,0.9935682480432187,16.074389855349025
weak,all_admissible,83,1,0.9939289884882372,-2.2762601919105836
weak,all_admissible,84,1,0.9977922381785663,-11.979923738425274
weak,all_admissible,85,1,0.9979475609846696,-17.025017544585324
weak,all_admissible,86,1,0.995971954024498,5.2742996057403175
weak,all_admissible,87,1,0.9908829394003332,16.303949270205823
weak,all_admissible,88,1,0.9926074485145003,-2.6275551899110563
weak,all_admissible,89,1,0.9928490761322301,16.592785148299857
weak,all_admissible,90,1,0.9935372971832864,-0.6992543798122242
weak,all_admissible,91,1,0.9976798320637366,-19.50224744023291
weak,all_admissible,92,1,0.9901190832195389,16.862871486173546
weak,all_admissible,93,1,0.9929878825545998,2.469372862634249
weak,all_admissible,94,1,1.0009908849621103,-21.532496266619717
weak,all_admissible,95,1,0.9878784541775982,31.49512528009413
weak,all_admissible,96,1,0.9908429224813209,12.1595298364054
weak,all_admissible,97,1,0.9880950680812044,18.120194069471125
weak,all_admissible,98,1,1.0015917984403886,-32.68929159940753
weak,all_admissible,99,1,0.987393683303194,10.460602026029145
weak,all_admissible,100,1,0.9912693529242256,15.523574262582114
weak,all_admissible,101,1,0.9954596948328945,-15.083971536346858
weak,all_admissible,102,1,1.002792630928992,-18.67150214241403
weak,all_admissible,103,1,0.998719562733794,-15.263697427686049
weak,all_admissible,104,1,1.0044888735088309,-13.875376319235771
weak,all_admissible,105,1,0.9860220376928105,26.368551326081935
weak,all_admissible,106,1,0.9962103311283084,-3.7910474350488945
weak,all_admissible,107,1,0.9853382023934909,19.073309049993274
weak,all_admissible,108,1,0.9927803852774887,-2.9392691265105606
weak,all_admissible,109,1,0.9909914062937768,7.809160588566518
weak,all_admissible,110,1,0.9942530043239924,11.897565236013234
weak,all_admissible,111,1,1.0007244445986008,-8.114118931348417
weak,all_admissible,112,1,0.993558942796378,-11.720731261470576
weak,all_admissible,113,1,0.9899629327306777,5.857599920894683
weak,all_admissible,114,1,1.0020868375511562,-28.63211135847414
weak,all_admissible,115,1,0.9773922236222188,49.35923324414012
weak,all_admissible,116,1,0.9931665714330825,0.4878763581302466
weak,all_admissible,117,1,0.9977816164133847,-1.4439995017081189
weak,all_admissible,118,1,0.9937431908449003,-8.245407282420665
weak,all_admissible,119,1,0.989695261182554,11.557387229311269
weak,all_admissible,120,1,1.0058538083619977,-31.019253286260575
weak,all_admissible,121,1,0.9876321919479663,25.28046749977951
weak,all_admissible,122,1,0.9860254788201446,28.282588388086893
weak,all_admissible,123,1,0.9953410010965987,-4.838298837353153
weak,all_admissible,124,1,0.9984892489205943,-11.82793421542841
weak,all_admissible,125,1,0.9900975068027551,17.308913135084996
weak,all_admissible,126,1,0.998323724249102,-21.524471940838357
weak,all_admissible,127,1,0.9993698469662469,-14.458339207905107
weak,all_admissible,128,1,0.9930891736872312,6.888852699069538
weak,all_admissible,129,1,0.9895341159650045,10.637732884582498
weak,all_admissible,130,1,1.002644346294886,-18.54882897273278
weak,all_admissible,131,1,0.9932883815887431,3.0878391091910244
weak,all_admissible,132,1,0.9970044959980421,-6.584641497394565
weak,all_admissible,133,1,0.9935177539903581,3.096440762960766
weak,all_admissible,134,1,0.9924625739550486,10.726255682382101
weak,all_admissible,135,1,1.0013954250929582,-17.91757643741681
weak,all_admissible,136,1,0.9951653197389123,-12.190665812702534
weak,all_admissible,137,1,0.9877389521402047,17.01896522826641
weak,all_admissible,138,1,0.9922187306972986,0.9064659603828906
weak,all_admissible,139,1,0.9995534248191908,-28.036692169291733
weak,all_admissible,140,1,0.9929985117366308,13.451329402114716
weak,all_admissible,141,1,1.001342666330516,-8.735339051659626
weak,all_admissible,142,1,0.9947981670106193,25.982112328141426
weak,all_admissible,143,1,1.0009148435985944,-18.993591053579838
weak,all_admissible,144,1,0.9984247530792294,-4.812013403178064
weak,all_admissible,145,1,0.9892944339092329,4.871590654490362
weak,all_admissible,146,1,0.9920015160413732,-8.91318267730919
weak,all_admissible,147,1,0.9909470443071022,3.731983451452987
weak,all_admissible,148,1,0.9950726747048819,-0.16826561125761075
weak,all_admissible,149,1,0.9958690909562379,-8.232588852734652
weak,all_admissible,150,1,0.9957286734383639,-5.8420972988341004
weak,all_admissible,151,1,0.9967371684575431,-4.9834170684245205
weak,all_admissible,152,1,0.984726823942848,29.209654511085514
weak,all_admissible,153,1,1.0028971179590394,-22.286688154845745
weak,all_admissible,154,1,0.9973312211158727,-16.001666866540866
weak,all_admissible,155,1,0.9966629235370577,-6.862651224302786
weak,all_admissible,156,1,0.9989121893846387,-17.77083494602072
weak,all_admissible,157,1,0.9982600768003463,-2.5886448261907615
weak,all_admissible,158,1,0.9864050220546238,30.32030354222338
weak,all_admissible,159,1,0.9959039724212556,1.3031973293517434
weak,all_admissible,160,1,0.9942365357271999,9.551398123674613
weak,all_admissible,161,1,0.9929005635824555,15.347024482259506
weak,all_admissible,162,1,0.9851872943420197,33.685399901849976
weak,all_admissible,163,1,1.000778424694675,-34.48717479833587
weak,all_admissible,164,1,0.9906758489212326,7.865686387904606
weak,all_admissible,165,1,0.9949742559950332,3.2594230349213396
weak,all_admissible,166,1,0.9936465733286238,-2.8703125223288457
weak,all_admissible,167,1,0.983448889105732,28.888392572678562
weak,all_admissible,168,1,1.0051251069129497,-31.708825638279745
weak,all_admissible,169,1,0.9887368434720913,16.193660886315083
weak,all_admissible,170,1,0.9905025060751607,17.316454766323147
weak,all_admissible,171,1,0.9947748610152481,3.2467637345076112
weak,all_admissible,172,1,1.0004934410426298,-27.2756379608776
weak,all_admissible,173,1,0.9968534932412252,-0.6357596407304578
weak,all_admissible,174,1,0.9889439775678297,8.364322511905272
weak,all_admissible,175,1,0.9967147206311588,-17.75137320986835
weak,all_admissible,176,1,0.9972368604889815,-8.069844129210725
weak,all_admissible,177,1,0.9992006694368081,-21.919514183620063
weak,all_admissible,178,1,0.9982340662085385,-2.327285265506322
weak,all_admissible,179,1,1.0020407886282692,-41.810503475951215
weak,all_admissible,180,1,0.9890512377104442,14.468910086127245
weak,all_admissible,181,1,0.9978980390950585,-9.110704844548085
weak,all_admissible,182,1,1.0029509571029724,-27.313371678369453
weak,all_admissible,183,1,0.9921524033573761,6.592449440400174
weak,all_admissible,184,1,0.9936428558179365,-1.83234830005641
weak,all_admissible,185,1,0.9878090385896827,8.580385699992704
weak,all_admissible,186,1,1.0015521840135397,-29.816819247743858
weak,all_admissible,187,1,1.0050285247487625,-36.144852977670574
weak,all_admissible,188,1,0.985385290100417,31.573881812241968
weak,all_admissible,189,1,0.9896313898232829,21.617538161307223
weak,all_admissible,190,1,0.9994304750556215,-1.0298015890891894
weak,all_admissible,191,1,0.9967795418350905,-13.036506470833173
weak,all_admissible,192,1,1.0022240559236484,-31.040053615809654
weak,all_admissible,193,1,0.9860163840230464,25.456098554172968
weak,all_admissible,194,1,0.9945142801123347,-0.49462634698923696
weak,all_admissible,195,1,1.0085281988962935,-33.50367099864693
weak,all_admissible,196,1,0.9914465776422761,16.028899114365128
weak,all_admissible,197,1,0.9909664306049574,9.437062534625712
weak,all_admissible,198,1,0.9939557595953562,-9.547906881703934
weak,all_admissible,199,1,0.99575359673496,-12.579943049142432
weak,all_admissible,200,1,0.9875044907905894,25.17622656603986
weak,all_admissible,201,1,0.988634738179211,12.137264495867178
weak,all_admissible,202,1,0.996457772496425,-3.5192097562334315
weak,all_admissible,203,1,0.9998015847448456,-30.73532216650253
weak,all_admissible,204,1,0.9939627256158952,-8.524487457300282
weak,all_admissible,205,1,0.9899252374247404,22.94552949726522
weak,all_admissible,206,1,1.003786107143928,-45.03215307818359
weak,all_admissible,207,1,0.9887555861540457,20.278351865035628
weak,all_admissible,208,1,1.000524594767564,-13.909814416419373
weak,all_admissible,209,1,1.001282676645474,-22.79492120001593
weak,all_admissible,210,1,0.9995927666889309,-24.126796708026397
weak,all_admissible,211,1,0.986419289766731,15.073433208303047
weak,all_admissible,212,1,0.9892545270654581,21.135136175486185
weak,all_admissible,213,1,0.9954437011450127,-4.08210303549608
weak,all_admissible,214,1,0.9893667394726948,18.06320046716626
weak,all_admissible,215,1,1.003065019757982,-34.81293463805607
weak,all_admissible,216,1,1.0028024312016643,-15.832822891707634
weak,all_admissible,217,1,0.9942254750475408,-4.140561289217615
weak,all_admissible,218,1,0.9937783374693305,-16.09465987417951
weak,all_admissible,219,1,1.0051598250783431,-20.970135813088305
weak,all_admissible,220,1,0.9986315655632637,-30.01321003483518
weak,all_admissible,221,1,0.998247159023759,-6.772680439351524
weak,all_admissible,222,1,0.9946192054068413,-2.19351629096582
weak,all_admissible,223,1,0.9859039639194294,28.465223342265805
weak,all_admissible,224,1,0.9981924478622457,1.1551950944475253
weak,all_admissible,225,1,0.995828093329008,-4.8831988733847504
weak,all_admissible,226,1,0.9912961709900292,19.157989263233656
weak,all_admissible,227,1,0.997697134075383,-19.339765505600003
weak,all_admissible,228,1,0.9890785302353643,12.641691192289247
weak,all_admissible,229,1,0.995331996154785,-2.695793744444062
weak,all_admissible,230,1,0.9925628919477768,-0.659518297312367
weak,all_admissible,231,1,0.9837432847654277,15.783939628387357
weak,all_admissible,232,1,0.9961678177354247,-7.940856726182767
weak,all_admissible,233,1,0.9938691129260341,-1.4683195303268275
weak,all_admissible,234,1,0.9992612600603173,-16.125788675794514
weak,all_admissible,235,1,0.9951216920127129,-12.02956928520001
weak,all_admissible,236,1,0.9865997543099273,23.526491737911716
weak,all_admissible,237,1,0.9901142033422184,14.717518110024995
weak,all_admissible,238,1,0.9931621312260152,-2.1984390848758397
weak,all_admissible,239,1,0.9962188386793888,-8.588639036409123
weak,all_admissible,240,1,1.0024698092935793,-28.853638384804096
weak,all_admissible,241,1,0.9991847082474207,-2.0591326379313672
weak,all_admissible,242,1,0.9989502133970863,-19.503472162833127
weak,all_admissible,243,1,0.9895430371154132,13.973285185000277
weak,all_admissible,244,1,1.000942096168805,-33.4523286076303
weak,all_admissible,245,1,1.0005431675155347,-31.881767440741562
weak,all_admissible,246,1,0.9998712825736437,-12.185463945265063
weak,all_admissible,247,1,0.9803317961017339,36.911124812416766
weak,all_admissible,248,1,1.0005221096448806,-12.909964977467641
weak,all_admissible,249,1,0.9837943374691619,28.05832687454142
weak,all_admissible,250,1,1.002338316808834,-18.50671651431106
weak,all_admissible,251,1,0.99290565842573,12.16136806197097
weak,all_admissible,252,1,0.9930393996237811,13.460064336113692
weak,all_admissible,253,1,0.9995295850414073,-7.007062617483878
weak,all_admissible,254,1,1.000690062528503,-16.792956189876392
weak,all_admissible,255,1,0.9921448577036881,15.055426199272114
weak,all_admissible,256,1,1.0005921254381367,-8.663216442938166
weak,all_admissible,257,1,0.9831724113128054,43.61556054175325
weak,all_admissible,258,1,0.9970217189897751,-3.0481640560279577
weak,all_admissible,259,1,0.9984275041683851,-17.124930627218678
weak,all_admissible,260,1,0.990966017633489,22.692779085076943
weak,all_admissible,261,1,0.9933929246281078,5.022550094520269
weak,all_admissible,262,1,0.9921590662828847,-2.992719809795713
weak,all_admissible,263,1,0.9962409204791393,-2.3139625941580775
weak,all_admissible,264,1,0.9995785614390256,-20.81440139460888
weak,all_admissible,265,1,0.9942662810028576,-2.0827619242018907
weak,all_admissible,266,1,0.9936419324091361,13.31367628551731
weak,all_admissible,267,1,0.9988433007538603,-15.291759642407264
weak,all_admissible,268,1,0.9828731189411255,28.41126262568594
weak,all_admissible,269,1,0.9995253361125912,-13.286355182684522
weak,all_admissible,270,1,0.9967355266915712,1.0179405190953141
weak,all_admissible,271,1,0.990124812616324,5.630786291094225
weak,all_admissible,272,1,0.9896086979227167,2.9230929917190025
weak,all_admissible,273,1,0.9936123167404516,2.199336206771319
weak,all_admissible,274,1,0.9870428191219046,27.152977329580526
weak,all_admissible,275,1,0.9960974605854861,-8.922454394096805
weak,all_admissible,276,1,0.9933693039291857,-0.28400584933893375
weak,all_admissible,277,1,0.9990292853401608,-15.05560016301057
weak,all_admissible,278,1,1.0028518497766938,-18.466672315148468
weak,all_admissible,279,1,0.9957428206524402,9.361867376262222
weak,all_admissible,280,1,0.9870737495299108,12.682483457222778
weak,all_admissible,281,1,0.9912724936887415,2.373976780931132
weak,all_admissible,282,1,0.9917829365527925,-17.913958749305078
weak,all_admissible,283,1,0.9919924794577801,3.129092781753069
weak,all_admissible,284,1,0.9933769045283827,0.04805620595588526
weak,all_admissible,285,1,0.9906557175939092,11.388793084020241
weak,all_admissible,286,1,0.9934621365172661,-1.8491558215762764
weak,all_admissible,287,1,0.9846694055985566,34.27524371083922
weak,all_admissible,288,1,0.9900508429150315,3.3027039851826916
weak,all_admissible,289,1,0.9871746061752698,23.214832657938103
weak,all_admissible,290,1,0.9932487194114354,-4.9903932693287345
weak,all_admissible,291,1,0.9880095784423704,0.5529915814616974
weak,all_admissible,292,1,0.9890285014948473,13.302809672358613
weak,all_admissible,293,1,1.003381042106174,-14.700863388413458
weak,all_admissible,294,1,0.9937112217295437,20.708163868394937
weak,all_admissible,295,1,0.9999178544326557,-11.367062597032268
weak,all_admissible,296,1,0.9943490212893584,3.284837960149355
weak,all_admissible,297,1,0.9996137638264943,-8.845613024052348
weak,all_admissible,298,1,0.9959838299142438,-1.8104892022233707
weak,all_admissible,299,1,0.9961170387444133,3.8290010246704065
weak,all_admissible,300,1,1.0075081687390157,-37.386255685519444
weak,all_admissible,301,1,0.9794327690135874,36.411997713191305
weak,all_admissible,302,1,0.9970518074351966,-11.746073691347213
weak,all_admissible,303,1,1.001773062215513,-25.90796661361409
weak,all_admissible,304,1,0.9841334227045654,36.79822735026438
weak,all_admissible,305,1,0.9890266557570802,7.406319371934203
weak,all_admissible,306,1,0.9941377721827165,1.1476961402465
weak,all_admissible,307,1,0.9925335032501269,14.754693982796338
weak,all_admissible,308,1,1.0074262915856944,-33.80741578443599
weak,all_admissible,309,1,0.9872845743002205,17.302788096179686
weak,all_admissible,310,1,0.9921084406784199,2.9480182448993726
weak,all_admissible,311,1,0.9869667615442707,23.477330140093507
weak,all_admissible,312,1,1.0010070048664357,-24.027240120685835
weak,all_admissible,313,1,0.9939562248421452,9.55104322892779
weak,all_admissible,314,1,0.9923496158985865,17.268763941684405
weak,all_admissible,315,1,0.9930163364902985,3.0831588293128953
weak,all_admissible,316,1,0.9928288800647038,4.083808980465346
weak,all_admissible,317,1,1.0022715734649745,-18.6232649540907
weak,all_admissible,318,1,0.9934960985256848,-3.1138468091039018
weak,all_admissible,319,1,0.9889166681171135,20.77000096994236
weak,all_admissible,320,1,0.9926569974790415,12.583394045902184
weak,all_admissible,321,1,0.9911750639344215,0.559179806684759
weak,all_admissible,322,1,0.9939616129424494,8.915296911166658
weak,all_admissible,323,1,0.9888324810850555,17.732162531247287
weak,all_admissible,324,1,0.9876459872941796,16.518239876809847
weak,all_admissible,325,1,1.0080996348261784,-33.74916214325922
weak,all_admissible,326,1,0.9897633664467477,23.66364176970115
weak,all_admissible,327,1,0.9918578453935177,14.3092092978443
weak,all_admissible,328,1,1.0006113723548078,-20.32520041255942
weak,all_admissible,329,1,0.9996644949070291,-17.057866389907165
weak,all_admissible,330,1,0.9920759643902022,-2.5689075643089248
weak,all_admissible,331,1,0.9877478930597204,13.888780228590543
weak,all_admissible,332,1,0.9929988502575361,4.210030373975205
weak,all_admissible,333,1,0.9963663905976063,-6.404093720420174
weak,all_admissible,334,1,0.9922477937825129,12.319315904273669
weak,all_admissible,335,1,0.9924619936649602,3.3382635900691584
weak,all_admissible,336,1,0.9902065129877938,4.223215097791428
weak,all_admissible,337,1,1.0027283607682904,-21.734397795077555
weak,all_admissible,338,1,0.9985643351825481,2.225348029061458
weak,all_admissible,339,1,1.007624786847678,-19.2915603990021
weak,all_admissible,340,1,0.9892799138381512,3.8745329092306626
weak,all_admissible,341,1,0.9977660077051866,-17.589242208153053
weak,all_admissible,342,1,1.0031772569489938,-16.854795527571593
weak,all_admissible,343,1,0.9962308023649523,2.747536916116558
weak,all_admissible,344,1,0.9977919489295878,-10.43711721818886
weak,all_admissible,345,1,0.9973756422768135,-7.960756325582715
weak,all_admissible,346,1,0.9886307010684634,14.320864952425207
weak,all_admissible,347,1,1.002338958779222,-16.784899022487803
weak,all_admissible,348,1,0.997389057928245,-25.89082335794923
weak,all_admissible,349,1,1.0002365112251486,-20.307197025173434
weak,all_admissible,350,1,1.003094752462847,-35.15987484784764
weak,all_admissible,351,1,1.0009988546089033,-20.078265749824556
weak,all_admissible,352,1,0.9820775316463327,36.99746678703778
weak,all_admissible,353,1,1.0024352624438064,-26.06190122964396
weak,all_admissible,354,1,0.9978404292601836,-9.251545993934362
weak,all_admissible,355,1,1.0020439213576604,-24.106778110208026
weak,all_admissible,356,1,1.0031967012961,-32.640017374530395
weak,all_admissible,357,1,0.9901271024062331,9.886671321550082
weak,all_admissible,358,1,0.99477340544372,-23.50965991179204
weak,all_admissible,359,1,0.9920912233714729,17.145733382556383
weak,all_admissible,360,1,0.992896091001989,4.859371013920969
weak,all_admissible,361,1,1.0013762597848388,-22.03231948601254
weak,all_admissible,362,1,0.9883482198234742,30.1202935825814
weak,all_admissible,363,1,1.001694334248903,-21.101012725030188
weak,all_admissible,364,1,0.9879131693443765,12.770038713441457
weak,all_admissible,365,1,0.9986682833101933,-12.432349968513085
weak,all_admissible,366,1,0.9900598209763662,-8.837585400799739
weak,all_admissible,367,1,0.9903549787263358,5.67834629304931
weak,all_admissible,368,1,1.0060392399328872,-28.908834671923703
weak,all_admissible,369,1,0.9930960910152009,8.43122520547989
weak,all_admissible,370,1,0.9888791303760757,15.975802901800888
weak,all_admissible,371,1,0.9944525480282468,-20.05072742951319
weak,all_admissible,372,1,0.9906876280201536,4.994587104514069
weak,all_admissible,373,1,0.9876700987512278,31.752337552934655
weak,all_admissible,374,1,0.9984406990678947,-29.274179054464845
weak,all_admissible,375,1,0.995795910692563,-11.738000153348489
weak,all_admissible,376,1,0.994873348783112,-1.2215246187338595
weak,all_admissible,377,1,0.9956535245593037,4.367339780633409
weak,all_admissible,378,1,1.0003723867290812,-11.744637037947058
weak,all_admissible,379,1,0.9954212748044213,-12.946443244582753
weak,all_admissible,380,1,0.9911993106478402,6.164652422573672
weak,all_admissible,381,1,0.989559128363069,8.5361956130989
weak,all_admissible,382,1,0.9980352319846039,-13.756262358659182
weak,all_admissible,383,1,0.9939533530461336,-16.65527329275543
weak,all_admissible,384,1,0.9977754267920341,-3.8743178329202643
weak,all_admissible,385,1,0.9879967511856522,1.894903071168431
weak,all_admissible,386,1,0.9873745538356674,21.67669540395514
weak,all_admissible,387,1,0.9958144676666516,-16.453280899111622
weak,all_admissible,388,1,0.9971042629835102,-17.529386886685142
weak,all_admissible,389,1,0.9912401891500051,15.3301740102493
weak,all_admissible,390,1,1.0023264773928031,-29.75076473172439
weak,all_admissible,391,1,0.9995689685322922,-10.137584445420462
weak,all_admissible,392,1,0.9967554788589739,6.52759663202493
weak,all_admissible,393,1,0.9979693336894984,3.7231195532409416
weak,all_admissible,394,1,0.9861458703184002,24.987673975371315
weak,all_admissible,395,1,0.9911121105560413,4.086093139341341
weak,all_admissible,396,1,1.00072709530635,-20.394906774922422
weak,all_admissible,397,1,0.9951885830330076,7.216430790662398
weak,all_admissible,398,1,0.9969106205791557,-0.40033776893530276
weak,all_admissible,399,1,1.0008520686113904,-28.584123149582446
weak,all_admissible,400,1,0.9869648733113394,19.040027613441985
weak,all_admissible,401,1,0.9955526821319496,5.06780156522224
weak,all_admissible,402,1,0.983942168416882,42.24804702882875
weak,all_admissible,403,1,0.9968975616891131,-27.621363129641676
weak,all_admissible,404,1,0.9879709972094561,16.894587912095677
weak,all_admissible,405,1,0.9831974344870104,29.28984647297245
weak,all_admissible,406,1,0.9901232190143235,17.081751627002568
weak,all_admissible,407,1,0.9941739748079118,1.1243100865829596
weak,all_admissible,408,1,0.9907673213601583,5.572688259876292
weak,all_admissible,409,1,0.9868963098965632,20.881312830640564
weak,all_admissible,410,1,0.9824186887277402,28.683984908291144
weak,all_admissible,411,1,0.9926400560550789,5.32684941964448
weak,all_admissible,412,1,1.0006182021824988,-19.167875167190136
weak,all_admissible,413,1,0.9894083077659919,18.710299756773495
weak,all_admissible,414,1,0.9996551515847871,-14.97863250158844
weak,all_admissible,415,1,0.9938193535260564,-8.221843910541091
weak,all_admissible,416,1,1.000452387793053,-11.44861750867501
weak,all_admissible,417,1,0.9865056871757646,18.05939359182642
weak,all_admissible,418,1,0.9960664491541126,-10.315357657407805
weak,all_admissible,419,1,0.9927650291762017,3.776400885333005
weak,all_admissible,420,1,0.9853943182651209,17.407144619401095
weak,all_admissible,421,1,0.9980567861506272,0.4328603416583782
weak,all_admissible,422,1,0.9928898385093398,0.49708458706320674
weak,all_admissible,423,1,0.9993813038110129,-33.48577348655379
weak,all_admissible,424,1,0.982617604125139,42.28157108653
weak,all_admissible,425,1,0.9859042346145913,33.324217764174975
weak,all_admissible,426,1,0.9938548493863156,1.735013677651705
weak,all_admissible,427,1,0.9925033980723175,11.007949997700436
weak,all_admissible,428,1,0.9993396496581587,-16.13946014206667
weak,all_admissible,429,1,0.9955534526105212,-11.925523662918202
weak,all_admissible,430,1,1.0024188598215273,-31.874977934601183
weak,all_admissible,431,1,0.994117196919761,3.183150782470066
weak,all_admissible,432,1,0.9921538969705722,4.680451742436454
weak,all_admissible,433,1,0.9982065352498184,-25.216421808752102
weak,all_admissible,434,1,0.9883377451008577,0.0687116500789955
weak,all_admissible,435,1,0.995765334657569,-12.289227868827705
weak,all_admissible,436,1,0.9972980071467492,-11.201880078955032
weak,all_admissible,437,1,1.0055453239903627,-35.28112653368119
weak,all_admissible,438,1,0.9899911952201199,15.085039416267731
weak,all_admissible,439,1,0.9985499557091432,-10.937442935900304
weak,all_admissible,440,1,0.9897750226571662,-5.147146988069193
weak,all_admissible,441,1,0.9870788540865534,1.0789169492786623
weak,all_admissible,442,1,0.9957739836232976,-6.971623557775586
weak,all_admissible,443,1,0.9910525208892803,6.847914805203928
weak,all_admissible,444,1,0.9918651897460857,5.460629471412634
weak,all_admissible,445,1,0.9951597592596195,-1.1384483629187125
weak,all_admissible,446,1,0.9950812729386367,-9.036448827174391
weak,all_admissible,447,1,0.9877544434569295,24.92255587113301
weak,all_admissible,448,1,0.9910543119700685,7.959848656679985
weak,all_admissible,449,1,0.9939449507920174,10.71384740482223
weak,all_admissible,450,1,0.9926561549614309,15.002328215305686
weak,all_admissible,451,1,0.9892740473183579,12.254941523329993
weak,all_admissible,452,1,0.9800252461077572,27.411935349192916
weak,all_admissible,453,1,0.9925756998416972,7.191891296131227
weak,all_admissible,454,1,0.991998214179734,17.55479642995489
weak,all_admissible,455,1,0.9878481966603925,19.43930253878861
weak,all_admissible,456,1,0.9820052860295654,20.978620686267124
weak,all_admissible,457,1,0.9943198287522442,-8.852013853005763
weak,all_admissible,458,1,0.9949072260193148,0.7580051128806133
weak,all_admissible,459,1,0.9921786064571252,1.5356608779227097
weak,all_admissible,460,1,0.9890886363988972,7.546900358411163
weak,all_admissible,461,1,0.9830561518975408,44.11632257807213
weak,all_admissible,462,1,1.0009148514162989,-19.435666614059624
weak,all_admissible,463,1,0.9918651331548795,-0.31044534134752694
weak,all_admissible,464,1,0.993190613069702,4.776764245058296
weak,all_admissible,465,1,0.9996077775054728,-25.758056780461906
weak,all_admissible,466,1,0.9980646680334001,11.19770937694909
weak,all_admissible,467,1,1.0060265271635287,-34.886011559694644
weak,all_admissible,468,1,0.9916541549028395,5.291147158959789
weak,all_admissible,469,1,0.9838619396992618,24.084999280530337
weak,all_admissible,470,1,0.9917220238027475,17.82985774536757
weak,all_admissible,471,1,0.9895122670880772,-1.4973628485860904
weak,all_admissible,472,1,1.0010933708812644,-14.472845045807459
weak,all_admissible,473,1,0.9965362741989354,7.76712489654446
weak,all_admissible,474,1,0.9946902332592871,-6.229597317003159
weak,all_admissible,475,1,0.9966033624554522,-6.243135330960928
weak,all_admissible,476,1,0.9976801736274459,-34.19397555712181
weak,all_admissible,477,1,0.9982362823517421,-22.595314870811706
weak,all_admissible,478,1,1.0038370896734676,-28.09409374442776
weak,all_admissible,479,1,0.993279519121757,-2.560085567369314
weak,all_admissible,480,1,0.997478382346174,-23.25270067853676
weak,all_admissible,481,1,0.9986704134858114,-21.34849103003094
weak,all_admissible,482,1,1.0023342111506406,-23.345096151128008
weak,all_admissible,483,1,0.9870115848025934,34.450426114341745
weak,all_admissible,484,1,0.9889796255097358,19.950416544368633
weak,all_admissible,485,1,1.0013966831348236,-20.106814040757925
weak,all_admissible,486,1,0.9861396633368096,19.842357353742997
weak,all_admissible,487,1,1.0030178959542717,-36.1012677310672
weak,all_admissible,488,1,0.9814890271911489,31.080816364281457
weak,all_admissible,489,1,1.0027288458039838,-28.709242837798477
weak,all_admissible,490,1,0.9956733372365271,6.96858794613368
weak,all_admissible,491,1,0.9971045164958264,-18.802459140961915
weak,all_admissible,492,1,0.9887767846054358,16.8538861272907
weak,all_admissible,493,1,0.9885791942099247,9.839565477631076
weak,all_admissible,494,1,0.9886875954255259,22.36172814414747
weak,all_admissible,495,1,0.9901464480899302,13.082127697639764
weak,all_admissible,496,1,0.989241546904133,19.072274974582413
weak,all_admissible,497,1,0.984021123069585,15.930302629893005
weak,all_admissible,498,1,1.0005367084824541,-14.36866346921077
weak,all_admissible,499,1,0.9998350245203972,-13.085185031403382
weak,all_admissible,500,1,0.9964897132735067,-4.1306949236760495
weak,all_admissible,501,1,0.9874668186552057,24.44260548994809
weak,all_admissible,502,1,0.9949818398101862,10.056063358393798
weak,all_admissible,503,1,0.9876209608328829,15.24707271309877
weak,all_admissible,504,1,0.9925028794758244,-9.99845468805918
weak,all_admissible,505,1,0.9962369234127559,8.17906790766833
weak,all_admissible,506,1,0.9947263218024031,-2.6870706557286717
weak,all_admissible,507,1,0.9912793961160119,10.271948819580302
weak,all_admissible,508,1,0.9970626823493989,-6.865490390274659
weak,all_admissible,509,1,0.9920564763076697,20.36879145404301
weak,all_admissible,510,1,0.9927407087790605,-8.46276217687079
weak,all_admissible,511,1,0.9996799658461876,-18.629322872483023
weak,all_admissible,512,1,1.001589135016193,-10.89448924710404
weak,all_admissible,513,1,0.9867796162023681,31.66848123370633
weak,all_admissible,514,1,0.9899281569354297,9.651822346591937
weak,all_admissible,515,1,1.0032084895072142,-9.601380194028442
weak,all_admissible,516,1,0.9963277240839772,-0.8321116463093902
weak,all_admissible,517,1,0.9944078331186288,3.3247911607050735
weak,all_admissible,518,1,1.0004408228749107,-6.4799379386468114
weak,all_admissible,519,1,0.9930999950480459,8.244934230862382
weak,all_admissible,520,1,0.9909199992983526,4.680284964010728
weak,all_admissible,521,1,0.9842979143675654,32.77323387352116
weak,all_admissible,522,1,1.007702274954369,-18.03666794373848
weak,all_admissible,523,1,1.0032666295316275,-43.64731870335724
weak,all_admissible,524,1,0.9920813130600276,-2.468051345956262
weak,all_admissible,525,1,0.9884678223563527,23.398196807416813
weak,all_admissible,526,1,1.000987641726715,-24.304585702341413
weak,all_admissible,527,1,0.9943218082389298,-4.378116566926915
weak,all_admissible,528,1,0.9960144586412516,-19.14870319585161
weak,all_admissible,529,1,0.9984244097139684,-12.601833754440612
weak,all_admissible,530,1,0.991288462683585,10.923450008122128
weak,all_admissible,531,1,0.995780830007396,-14.078120019536879
weak,all_admissible,532,1,0.9899073939394832,0.15693753568313237
weak,all_admissible,533,1,0.9919277579406472,15.793269693339852
weak,all_admissible,534,1,0.9947893119191178,-4.338542643586655
weak,all_admissible,535,1,0.9994302130118022,-8.655155937662862
weak,all_admissible,536,1,0.9866817283464971,20.16927805171211
weak,all_admissible,537,1,0.9919724521832781,17.9355395955015
weak,all_admissible,538,1,1.0023742401615248,-17.78716112573971
weak,all_admissible,539,1,0.9951909408128156,-2.365260440537385
weak,all_admissible,540,1,0.9959614715290036,3.068987056655376
weak,all_admissible,541,1,0.9990897071863001,-18.26233616034511
weak,all_admissible,542,1,1.001594964162171,-21.16779834577013
weak,all_admissible,543,1,0.994044702617025,18.297273343975462
weak,all_admissible,544,1,0.9900135533311336,-2.196528474706016
weak,all_admissible,545,1,0.9962784193383434,-13.0901516062347
weak,all_admissible,546,1,0.9885850089130331,22.398821184818562
weak,all_admissible,547,1,0.99533443361008,-20.39461559782091
weak,all_admissible,548,1,1.000830899695649,-17.689359823856417
weak,all_admissible,549,1,0.9983231697581413,-11.037074995189352
weak,all_admissible,550,1,0.9991545823712848,-17.515247322328648
weak,all_admissible,551,1,0.9880650443153639,22.12283323454684
weak,all_admissible,552,1,0.9970353061513335,-28.105183143049
weak,all_admissible,553,1,0.9975825877093911,-15.224326465908698
weak,all_admissible,554,1,0.9942600833439713,-9.442164178971924
weak,all_admissible,555,1,0.985946440301018,19.88185561742592
weak,all_admissible,556,1,0.9913638753797641,18.46172380689337
weak,all_admissible,557,1,0.9975372979559786,-7.558749372376759
weak,all_admissible,558,1,1.0040521406120297,-32.52089704049904
weak,all_admissible,559,1,1.002423434615378,-18.595688855458064
weak,all_admissible,560,1,0.9969349854726729,-21.10507415937513
weak,all_admissible,561,1,0.9857234780558793,40.09526067916995
weak,all_admissible,562,1,1.0008980495741306,-32.22024548059015
weak,all_admissible,563,1,1.000268250263938,-12.646129982591916
weak,all_admissible,564,1,0.9966437918946887,-3.967821140042687
weak,all_admissible,565,1,0.9948781369579569,4.666726307978562
weak,all_admissible,566,1,0.9989469291770889,4.4218304738008625
weak,all_admissible,567,1,0.9928270635571339,11.179220279777839
weak,all_admissible,568,1,0.99463963344602,3.1518057045241306
weak,all_admissible,569,1,0.999333680615034,-6.974725228017943
weak,all_admissible,570,1,0.990944625762205,14.536608791947476
weak,all_admissible,571,1,0.9977757248751593,-5.64032764102978
weak,all_admissible,572,1,0.99918275476196,-3.215999427416136
weak,all_admissible,573,1,1.0004461901391466,-4.6126240742206654
weak,all_admissible,574,1,0.9918826333276736,2.460838149932336
weak,all_admissible,575,1,0.9892352767967996,18.056188417901513
weak,all_admissible,576,1,0.9914106124054994,5.258336060820548
weak,all_admissible,577,1,0.9918230349888192,6.26703916104855
weak,all_admissible,578,1,0.986171396889143,25.144461337694974
weak,all_admissible,579,1,0.9950954628112544,-15.125790351062093
weak,all_admissible,580,1,0.9910707744480245,19.46232249761286
weak,all_admissible,581,1,0.9887792093073149,5.529395648125629
weak,all_admissible,582,1,0.99086260223943,14.900694334515961
weak,all_admissible,583,1,1.003840758656962,-21.503045931602646
weak,all_admissible,584,1,0.9945387377702507,-2.41308387817132
weak,all_admissible,585,1,0.9902208007786698,22.383310465840427
weak,all_admissible,586,1,0.9964144709400556,1.08103752759463
weak,all_admissible,587,1,0.9989439199768574,-8.149175239366638
weak,all_admissible,588,1,1.0000059606334775,-20.123886353709278
weak,all_admissible,589,1,1.0000163757570921,-34.60689304041195
weak,all_admissible,590,1,1.0001158231904057,-16.171950885598456
weak,all_admissible,591,1,1.000753671682069,-17.151016000258284
weak,all_admissible,592,1,1.0004413419211453,-18.748853652672093
weak,all_admissible,593,1,0.9965743947497706,-8.816936754459968
weak,all_admissible,594,1,1.0009698059352683,-9.816252143298332
weak,all_admissible,595,1,1.0013019081429855,-17.14822064845503
weak,all_admissible,596,1,0.9983271729744673,-8.14830489965821
weak,all_admissible,597,1,0.9839841294822929,29.887109364824855
weak,all_admissible,598,1,0.9987907160211551,-13.445093319161964
weak,all_admissible,599,1,0.9959263492784904,2.8869492483830483
weak,all_admissible,600,1,0.9987811772693156,-13.328421173301445
weak,all_admissible,601,1,1.0037952779865718,-30.8004389830157
weak,all_admissible,602,1,1.002595936873017,-16.476931846212437
weak,all_admissible,603,1,0.98221319163376,22.361530997319313
weak,all_admissible,604,1,0.9898281361630646,15.315034413793489
weak,all_admissible,605,1,0.9805323491669528,52.315753522932695
weak,all_admissible,606,1,0.9933781303644972,-0.7691245906495321
weak,all_admissible,607,1,0.9933776804435891,0.18844920017457867
weak,all_admissible,608,1,0.9913517274537967,3.884137779809155
weak,all_admissible,609,1,0.9937260489883043,10.923194655280096
weak,all_admissible,610,1,0.9956580713617891,5.761110480333095
weak,all_admissible,611,1,0.9954403711395455,7.922907971553486
weak,all_admissible,612,1,0.9982763034290404,-10.408347371201518
weak,all_admissible,613,1,0.9890277729665432,16.023147576059046
weak,all_admissible,614,1,1.0045039436353131,-34.80079649317071
weak,all_admissible,615,1,0.9937990908002866,-0.14592943225633948
weak,all_admissible,616,1,0.994948479929655,-4.608622689850814
weak,all_admissible,617,1,0.9993163957641333,-12.30359116097253
weak,all_admissible,618,1,0.9917628812326322,10.352433614869062
weak,all_admissible,619,1,0.9855645847987521,30.980932618569213
weak,all_admissible,620,1,0.9939752698463367,-2.682284366782974
weak,all_admissible,621,1,0.9937176787741455,-0.9386347145115693
weak,all_admissible,622,1,0.9998558528521193,-25.40759633828934
weak,all_admissible,623,1,0.9908463191753845,3.2548457266769413
weak,all_admissible,624,1,1.0022293116460401,-17.98743136659899
weak,all_admissible,625,1,0.985394563107936,42.258441010675554
weak,all_admissible,626,1,0.9977746418560841,-14.207262376106963
weak,all_admissible,627,1,0.9893980359789316,24.102350135551628
weak,all_admissible,628,1,0.9929250046152801,10.230647246528486
weak,all_admissible,629,1,0.9972157126700611,-7.6294458064651085
weak,all_admissible,630,1,1.0032386614412607,-32.14095990414445
weak,all_admissible,631,1,0.9847953478878742,43.10671928843527
weak,all_admissible,632,1,1.0039790754988296,-28.721045164716745
weak,all_admissible,633,1,0.9929300283021778,8.814222731792228
weak,all_admissible,634,1,0.9988675789925354,-10.769368612063925
weak,all_admissible,635,1,0.9949188265511627,0.7245026252453186
weak,all_admissible,636,1,0.9918991091022384,10.01966329103255
weak,all_admissible,637,1,0.9962450619874322,-4.160491860046914
weak,all_admissible,638,1,0.9947186525013221,-17.08932271102757
weak,all_admissible,639,1,0.9867856763025047,31.72361449444182
weak,all_admissible,640,1,0.9901040479938096,1.0885516887415718
weak,all_admissible,641,1,0.996569959887087,-7.226893401143462
weak,all_admissible,642,1,0.9895197544412039,16.605842322789414
weak,all_admissible,643,1,0.9884941972209922,7.0562735602642706
weak,all_admissible,644,1,0.9970787208422301,-25.670222070542525
weak,all_admissible,645,1,1.0015955213616403,-30.38010751538687
weak,all_admissible,646,1,0.9936481379431664,-8.12195162480185
weak,all_admissible,647,1,0.9937318161023567,-4.6264424960608
weak,all_admissible,648,1,0.9901865277426294,1.035815576067508
weak,all_admissible,649,1,0.9870284946407609,7.625194486077195
weak,all_admissible,650,1,0.9858703269369707,23.35025939151132
weak,all_admissible,651,1,0.9876901502956055,11.792890188157703
weak,all_admissible,652,1,0.9853855659070913,21.507062621191796
weak,all_admissible,653,1,0.9984127185928731,-12.031920090241547
weak,all_admissible,654,1,0.9947981453223406,6.32790058674929
weak,all_admissible,655,1,0.992977004860658,-2.4263385320015245
weak,all_admissible,656,1,0.9890563945928015,25.171037224028833
weak,all_admissible,657,1,1.0029395678049466,-10.716977755257375
weak,all_admissible,658,1,0.9803039541275393,46.9662414648962
weak,all_admissible,659,1,0.9905742953782881,-2.2978326173451995
weak,all_admissible,660,1,0.9956377105597473,-1.1040441288903977
weak,all_admissible,661,1,0.9932683830538619,-11.144846555730803
weak,all_admissible,662,1,1.0014268016473944,-19.93264530704879
weak,all_admissible,663,1,1.0002112359732216,-16.95994037302478
weak,all_admissible,664,1,0.9898410774422758,11.663826039145112
weak,all_admissible,665,1,0.9990975645544491,-10.3107697574107
weak,all_admissible,666,1,0.9903478265600573,11.242119659537185
weak,all_admissible,667,1,1.0036462977364233,-37.160131874947645
weak,all_admissible,668,1,0.9868135368605585,22.223771203597245
weak,all_admissible,669,1,0.9979596187193509,-14.922184076996478
weak,all_admissible,670,1,1.004752209624233,-26.925694034983888
weak,all_admissible,671,1,0.9854585273125398,21.291933748000474
weak,all_admissible,672,1,0.9913891847275587,7.8777196285656395
weak,all_admissible,673,1,0.985038604823978,22.40165426393892
weak,all_admissible,674,1,0.9974189262587115,-14.77993579294055
weak,all_admissible,675,1,0.9923090349162103,15.175926361067932
weak,all_admissible,676,1,0.99602845609344,-8.669109665505989
weak,all_admissible,677,1,0.9943268409658172,-2.6328182603853443
weak,all_admissible,678,1,0.9876936200230705,19.305506727584707
weak,all_admissible,679,1,0.9976381650716566,-6.558766805227413
weak,all_admissible,680,1,0.9933197844111911,-9.153127495207984
weak,all_admissible,681,1,0.9898756715058868,-5.103448778973796
weak,all_admissible,682,1,0.9917080488444877,12.004704581064207
weak,all_admissible,683,1,0.9858133037542025,47.92265198320904
weak,all_admissible,684,1,0.9856933206538652,32.21027156302043
weak,all_admissible,685,1,0.996922524858622,-11.103078374732586
weak,all_admissible,686,1,0.992640123459093,-1.2775798272147025
weak,all_admissible,687,1,0.9844302824908691,24.25092191127553
weak,all_admissible,688,1,1.0037588191557236,-39.827092089382504
weak,all_admissible,689,1,1.0000990321868832,-16.35074590346711
weak,all_admissible,690,1,0.9958103156016654,-3.834573016761744
weak,all_admissible,691,1,1.0039182450570665,-33.607755454626194
weak,all_admissible,692,1,0.9934596882004628,-2.896652777049116
weak,all_admissible,693,1,0.997343073800453,-19.976637261768992
weak,all_admissible,694,1,0.9975578714118263,3.4413649714936687
weak,all_admissible,695,1,0.9912820483534556,11.929844578681172
weak,all_admissible,696,1,0.9773583016416608,58.64276561977154
weak,all_admissible,697,1,0.9973223480414795,-17.103985624072266
weak,all_admissible,698,1,0.9972735143286255,-9.463071250571323
weak,all_admissible,699,1,1.0007530642907474,-16.554177339833515
weak,all_admissible,700,1,0.9866545946401604,14.668492728456066
weak,all_admissible,701,1,0.9911403966246586,0.9618929859817277
weak,all_admissible,702,1,0.9964338993725833,-2.626107166251931
weak,all_admissible,703,1,0.993950371981133,0.44202703367608304
weak,all_admissible,704,1,0.9871044929057863,16.128339842746996
weak,all_admissible,705,1,0.9925374540130057,-3.2618872470344416
weak,all_admissible,706,1,0.9930055457444623,-4.989475834572565
weak,all_admissible,707,1,0.9964928912315676,-13.541430329395267
weak,all_admissible,708,1,0.9972282595557195,-6.755647241455685
weak,all_admissible,709,1,0.9917594910056091,15.200095844806137
weak,all_admissible,710,1,0.991437285439193,-11.412436684861772
weak,all_admissible,711,1,0.9925512505417994,17.22178682470607
weak,all_admissible,712,1,0.9968346209384706,-26.02343514575416
weak,all_admissible,713,1,0.9907087357946474,-2.700631179172899
weak,all_admissible,714,1,1.003419979669728,-35.99656897460199
weak,all_admissible,715,1,0.9915763895937514,11.990753843363665
weak,all_admissible,716,1,1.0046612963196573,-32.73392006397934
weak,all_admissible,717,1,0.9975038835177648,-17.69860755659777
weak,all_admissible,718,1,0.9846943935670983,27.627393967426976
weak,all_admissible,719,1,0.9950909100974523,9.259660654316288
weak,all_admissible,720,1,0.9896747471242913,13.477566801654417
weak,all_admissible,721,1,0.9912316218159766,11.999052598419727
weak,all_admissible,722,1,0.9754688700112518,49.204158431654825
weak,all_admissible,723,1,0.9934665420906268,7.734210938602965
weak,all_admissible,724,1,0.9893864941090674,16.000347123703595
weak,all_admissible,725,1,0.9979686582662811,-26.89216706655271
weak,all_admissible,726,1,0.9922588574460696,-7.6721984070519715
weak,all_admissible,727,1,0.9890876539001365,13.058570222186129
weak,all_admissible,728,1,0.9866046279884464,19.611209610336882
weak,all_admissible,729,1,0.9904554304558706,13.043537389909908
weak,all_admissible,730,1,0.9921482440542526,6.630973935668259
weak,all_admissible,731,1,0.9945194974233833,6.680707385073167
weak,all_admissible,732,1,0.9974704347297381,-19.59631901822906
weak,all_admissible,733,1,0.9900552653356965,20.884478999601438
weak,all_admissible,734,1,0.9851464183832215,10.114363524959444
weak,all_admissible,735,1,0.9931765328301605,-0.42758297585685745
weak,all_admissible,736,1,0.9926794972287589,9.894368927108875
weak,all_admissible,737,1,0.9985836478416368,-23.940993871890875
weak,all_admissible,738,1,0.9942251843868765,-13.191151219514152
weak,all_admissible,739,1,0.9968150662160983,-14.423238974989472
weak,all_admissible,740,1,0.9945554927322842,-4.684629752451892
weak,all_admissible,741,1,0.9853372778616349,22.907976827278997
weak,all_admissible,742,1,0.9980451128376637,2.1017229731210163
weak,all_admissible,743,1,0.9986498435432299,-4.311289881949084
weak,all_admissible,744,1,0.9945732236081616,-8.367186787160808
weak,all_admissible,745,1,0.9898703127442287,15.155966284699174
weak,all_admissible,746,1,0.9874161846811279,23.54505699718818
weak,all_admissible,747,1,0.995822419602289,-12.962818976751722
weak,all_admissible,748,1,0.9956235951805055,-14.651179469087898
weak,all_admissible,749,1,0.9866265571990502,19.81692165991047
weak,all_admissible,750,1,0.9944862651836941,9.609303103070564
weak,all_admissible,751,1,0.9953870580856566,-12.541028421003583
weak,all_admissible,752,1,0.9958812929056096,1.5948489982152465
weak,all_admissible,753,1,0.9912775806537979,3.639823701767201
weak,all_admissible,754,1,0.9924613884153919,15.3520927190633
weak,all_admissible,755,1,0.996673414079907,-9.221224362900974
weak,all_admissible,756,1,0.9972463703783312,-21.303359648116714
weak,all_admissible,757,1,0.9832385014860962,26.312382244270825
weak,all_admissible,758,1,0.9980811899201382,-17.486919395532944
weak,all_admissible,759,1,0.985442914171275,22.991237460381814
weak,all_admissible,760,1,0.9990308895376069,-17.77237047402645
weak,all_admissible,761,1,0.9911985646899094,14.889894700309734
weak,all_admissible,762,1,0.9826276720149252,20.115777814494987
weak,all_admissible,763,1,0.9888585070520791,-0.8318787282412867
weak,all_admissible,764,1,0.9933778531395473,1.1669780061118185
weak,all_admissible,765,1,0.9933444994641677,4.616629509264953
weak,all_admissible,766,1,0.9912773813001833,13.936818325018969
weak,all_admissible,767,1,0.99652647060671,-9.821747679253704
weak,all_admissible,768,1,1.002739763105721,-14.343830521618743
weak,all_admissible,769,1,0.9970548435122742,-15.61175177559199
weak,all_admissible,770,1,0.997485209884084,-27.67642079767715
weak,all_admissible,771,1,0.9957428334254359,4.655291591018132
weak,all_admissible,772,1,0.9918626923405526,16.717419740561315
weak,all_admissible,773,1,0.9956306432159179,-11.921442289040652
weak,all_admissible,774,1,0.9930279329346452,21.992367255532113
weak,all_admissible,775,1,0.9978429004263363,-16.45257686242714
weak,all_admissible,776,1,0.9906176881144858,8.510533433733483
weak,all_admissible,777,1,0.997145933907136,-13.583648245562957
weak,all_admissible,778,1,0.9924618997258784,-3.815831340042306
weak,all_admissible,779,1,0.991262980439407,3.5416203851748396
weak,all_admissible,780,1,0.9926695460722651,-3.174644110629649
weak,all_admissible,781,1,0.9902890331304063,7.168682722336468
weak,all_admissible,782,1,0.9922614705419179,10.573582336669483
weak,all_admissible,783,1,0.995549790118373,-12.880403779448967
weak,all_admissible,784,1,0.9906897016928184,5.835816042917598
weak,all_admissible,785,1,0.9937614386528887,8.88967678148174
weak,all_admissible,786,1,0.9920904009961293,21.26133292801459
weak,all_admissible,787,1,0.9980726180137098,-16.61956346450888
weak,all_admissible,788,1,0.9977977721090125,-8.42602126693238
weak,all_admissible,789,1,0.9961446161934906,-14.639898807358573
weak,all_admissible,790,1,0.9918492641606144,4.688058114989503
weak,all_admissible,791,1,0.9874843177236369,20.75862817487442
weak,all_admissible,792,1,0.9941770722632826,0.266869209706193
weak,all_admissible,793,1,0.9876483393180208,31.41774762639706
weak,all_admissible,794,1,0.9882310257406647,11.768311443661268
weak,all_admissible,795,1,1.0045644798932223,-37.33681583130942
weak,all_admissible,796,1,0.9940563995696479,22.347466979382713
weak,all_admissible,797,1,0.9921645866137515,10.608248496283995
weak,all_admissible,798,1,0.9781406664918612,36.59090902069561
weak,all_admissible,799,1,1.0018619563235562,-22.996339956677378
weak,all_admissible,800,1,0.9956086750568428,-10.31805881002382
weak,all_admissible,801,1,0.9999456933762548,-12.659233269595463
weak,all_admissible,802,1,0.9860638017420783,40.792623746317076
weak,all_admissible,803,1,0.9889549127923883,13.47447598942262
weak,all_admissible,804,1,0.9889191346007739,18.1753839867075
weak,all_admissible,805,1,0.9916209318864492,1.869217537502163
weak,all_admissible,806,1,0.9981448203599279,-17.18027913149491
weak,all_admissible,807,1,0.9950354655522098,-21.19659725241089
weak,all_admissible,808,1,0.9923338278807806,0.3731521472406411
weak,all_admissible,809,1,0.9919740156987769,6.132093293632808
weak,all_admissible,810,1,0.9931443663309668,-5.392426887855021
weak,all_admissible,811,1,0.9873632468568915,26.231269009717202
weak,all_admissible,812,1,0.9969617394391866,1.7748296304591464
weak,all_admissible,813,1,0.9949998838962859,-0.34340983358907745
weak,all_admissible,814,1,0.9929454927033213,7.817061159247607
weak,all_admissible,815,1,0.9986543436391421,-0.4397639896908358
weak,all_admissible,816,1,0.9958566058664052,-21.629166386938937
weak,all_admissible,817,1,0.9866657735508797,11.352766556972473
weak,all_admissible,818,1,0.9946772492148065,-6.241150178319627
weak,all_admissible,819,1,0.9927754212788772,2.5289265816590363
weak,all_admissible,820,1,0.9916945587140941,9.602017213053836
weak,all_admissible,821,1,0.9883669033455802,24.0669936109333
weak,all_admissible,822,1,0.9890966853578133,5.943239150487277
weak,all_admissible,823,1,0.9904005639454062,14.332701420496978
weak,all_admissible,824,1,0.9891595213933886,9.6167003203219
weak,all_admissible,825,1,0.9891989559371961,15.030270001249272
weak,all_admissible,826,1,0.9959865572960585,-14.433135128081181
weak,all_admissible,827,1,0.9888335577263891,21.72067903292297
weak,all_admissible,828,1,0.9955652911345619,9.255418141962712
weak,all_admissible,829,1,0.9981144802319086,-3.314427584370128
weak,all_admissible,830,1,1.0018055531656056,-28.681432591076273
weak,all_admissible,831,1,0.9967399175535074,-1.9794577703204805
weak,all_admissible,832,1,0.997031064319341,-12.585988309393374
weak,all_admissible,833,1,0.9850743689353123,18.828246473518625
weak,all_admissible,834,1,0.9988515957817927,-21.8817205491466
weak,all_admissible,835,1,0.9993216570084356,-19.565186085949698
weak,all_admissible,836,1,0.9941430474373614,-14.943128744797463
weak,all_admissible,837,1,0.9927375012729562,-8.995225872769844
weak,all_admissible,838,1,0.9882442611746839,11.276545890380502
weak,all_admissible,839,1,0.9884328100710033,13.30388324124565
weak,all_admissible,840,1,0.9971891284217039,-7.758253027907198
weak,all_admissible,841,1,0.9939080636181118,9.113447978755778
weak,all_admissible,842,1,0.9932155297691434,17.830874741598237
weak,all_admissible,843,1,0.985495631405838,23.863362797615217
weak,all_admissible,844,1,0.9905405646640929,8.315900538027288
weak,all_admissible,845,1,0.9954376675584913,-24.594450616448302
weak,all_admissible,846,1,0.9965638191693006,0.14785016845416732
weak,all_admissible,847,1,0.9876016361781821,9.941447116341793
weak,all_admissible,848,1,0.9962297439717279,-18.88015487908591
weak,all_admissible,849,1,0.995039922288889,3.3429708708404067
weak,all_admissible,850,1,0.9882528752378036,12.751263174774545
weak,all_admissible,851,1,0.9894335226021885,11.29859758431707
weak,all_admissible,852,1,0.9986224618335822,-11.76991995715756
weak,all_admissible,853,1,0.9940243522008024,11.362070378446473
weak,all_admissible,854,1,0.9957402617639807,-10.683982639669354
weak,all_admissible,855,1,0.9964487850227933,-3.401593765704245
weak,all_admissible,856,1,1.0011806950318485,-12.931394498209865
weak,all_admissible,857,1,0.9908944457301124,-3.4078844231224763
weak,all_admissible,858,1,0.9978008588397325,-12.52616681831977
weak,all_admissible,859,1,0.9887929998776653,10.10742462827068
weak,all_admissible,860,1,1.000167084295262,-16.262764464895557
weak,all_admissible,861,1,0.9843324341416492,28.08131356430859
weak,all_admissible,862,1,0.9885951398443016,8.416982653195001
weak,all_admissible,863,1,0.9942382873538657,-19.62646726704896
weak,all_admissible,864,1,0.9832148986446394,27.362006779282076
weak,all_admissible,865,1,0.9973289428991313,-2.949701314272978
weak,all_admissible,866,1,0.9894470281190821,-2.250555491685023
weak,all_admissible,867,1,0.9883084619871042,13.180605310844834
weak,all_admissible,868,1,0.9846792067214936,25.52817182442138
weak,all_admissible,869,1,0.9931959220106209,9.344406106511256
weak,all_admissible,870,1,0.9948753797381722,-2.0987233626259707
weak,all_admissible,871,1,0.9873244382517776,11.084436247591482
weak,all_admissible,872,1,1.0052935632733713,-27.1376196964961
weak,all_admissible,873,1,0.9908091922998471,1.5785569744871129
weak,all_admissible,874,1,0.9854164193451367,7.327485581519659
weak,all_admissible,875,1,0.998024515891985,-15.153736598390967
weak,all_admissible,876,1,0.9981758757129993,-10.551868706562889
weak,all_admissible,877,1,1.0006577813995845,-17.45953668993275
weak,all_admissible,878,1,0.9902793637633538,9.505790943143388
weak,all_admissible,879,1,0.998294157955618,-16.132390821719902
weak,all_admissible,880,1,0.9986270206478085,-14.54374683360675
weak,all_admissible,881,1,1.0008299169972388,-13.10542910549658
weak,all_admissible,882,1,0.9921542599675218,-17.142605222946006
weak,all_admissible,883,1,0.9903544794713905,-1.504398398717557
weak,all_admissible,884,1,0.9949075156874094,-7.684338195482064
weak,all_admissible,885,1,0.9961621192574966,-13.209919404840898
weak,all_admissible,886,1,1.0013825056981,-32.12937207468235
weak,all_admissible,887,1,0.9983894254474143,-19.69739648273693
weak,all_admissible,888,1,0.988572232220658,17.413590697245436
weak,all_admissible,889,1,0.9923331100189656,-7.003186996063575
weak,all_admissible,890,1,0.9877759781577098,24.226229337566963
weak,all_admissible,891,1,0.9865203159507356,21.341953089447163
weak,all_admissible,892,1,1.0010826765761873,-4.487389197770205
weak,all_admissible,893,1,0.9912642132823375,14.877287733593779
weak,all_admissible,894,1,0.9934198231241982,6.8376209031928585
weak,all_admissible,895,1,0.9949700860847466,-7.461809694741545
weak,all_admissible,896,1,0.9960935728943302,-6.491642060551505
weak,all_admissible,897,1,0.9984436388013159,-18.11221475497377
weak,all_admissible,898,1,0.992929763056366,-3.0646435134437255
weak,all_admissible,899,1,0.9998864164389498,-24.220302098537214
weak,all_admissible,900,1,0.9896890224244117,16.213593107770176
weak,all_admissible,901,1,0.9869051187347151,3.952404169805825
weak,all_admissible,902,1,0.9980277680053004,-3.1621696117539733
weak,all_admissible,903,1,1.0006892079882659,-25.69621420423528
weak,all_admissible,904,1,0.9937874286632524,2.366145236012861
weak,all_admissible,905,1,0.9991505686528541,-6.831816288159797
weak,all_admissible,906,1,1.0029416204102868,-32.386811204994
weak,all_admissible,907,1,0.991510234676803,7.825237279488413
weak,all_admissible,908,1,0.9856551472405668,27.291333315783465
weak,all_admissible,909,1,0.9929149335637213,2.3515902245029703
weak,all_admissible,910,1,0.9888015034504462,11.278352264178462
weak,all_admissible,911,1,0.9984265644145598,-9.198121845035708
weak,all_admissible,912,1,0.998014357856442,-15.311730272353103
weak,all_admissible,913,1,0.9941777657383886,10.894537463672265
weak,all_admissible,914,1,0.9988441751944568,-24.79171278350301
weak,all_admissible,915,1,0.9951516850073651,-0.3984260799476137
weak,all_admissible,916,1,0.9965906543702343,1.8933556417526776
weak,all_admissible,917,1,0.989223099641681,-0.1540951001647033
weak,all_admissible,918,1,0.979310229090692,54.03991136556428
weak,all_admissible,919,1,0.9899051842533233,18.192500713365426
weak,all_admissible,920,1,0.9935730536162621,12.847088768871803
weak,all_admissible,921,1,0.9980939427782491,-21.06702252308715
weak,all_admissible,922,1,0.9948870893931985,-2.6586576821718446
weak,all_admissible,923,1,0.9988000719329676,-11.062658658971996
weak,all_admissible,924,1,0.9924414205221276,8.94867229594774
weak,all_admissible,925,1,0.9939295837529452,-1.6133307659588434
weak,all_admissible,926,1,0.9933271519424332,9.645223942216807
weak,all_admissible,927,1,0.9977023879465574,-19.71052709508349
weak,all_admissible,928,1,0.9942598327047447,-4.616650529334768
weak,all_admissible,929,1,0.990402713010207,13.041069073737667
weak,all_admissible,930,1,0.9964496516341181,-10.489807887624815
weak,all_admissible,931,1,0.9995685442744308,-9.967468365726592
weak,all_admissible,932,1,0.992321591267293,-18.86577420758601
weak,all_admissible,933,1,0.995460112086375,-8.982806203925204
weak,all_admissible,934,1,0.9987401237957166,-14.963354176137416
weak,all_admissible,935,1,0.9900967168120155,26.862794782636396
weak,all_admissible,936,1,1.0073919484235738,-33.69029127086424
weak,all_admissible,937,1,0.9989565731893754,-16.374876385892232
weak,all_admissible,938,1,0.9937919144221149,-8.02383429836376
weak,all_admissible,939,1,1.0021438308644812,-33.022758535499754
weak,all_admissible,940,1,0.9904283382141184,13.176462827183254
weak,all_admissible,941,1,1.0053963465897588,-32.397587868176416
weak,all_admissible,942,1,0.9955127973216031,10.73329184203851
weak,all_admissible,943,1,0.9968454641473177,15.909822325814849
weak,all_admissible,944,1,0.9973206473467174,-6.601810454666314
weak,all_admissible,945,1,0.9929130231045132,20.820884082008874
weak,all_admissible,946,1,0.998207017181302,-2.719860721059521
weak,all_admissible,947,1,0.9975340843845474,-11.198915426705893
weak,all_admissible,948,1,0.9862733060233112,29.489594646443766
weak,all_admissible,949,1,0.9926627906866704,8.842201195562724
weak,all_admissible,950,1,0.9984384676693268,-4.465653623586716
weak,all_admissible,951,1,0.9907657628033611,8.094885853577859
weak,all_admissible,952,1,1.0033920301597097,-34.09055508698108
weak,all_admissible,953,1,0.9933473065742876,8.544993915516086
weak,all_admissible,954,1,0.9951911592788474,-8.87612661763232
weak,all_admissible,955,1,0.9924134778472739,14.410028329881277
weak,all_admissible,956,1,0.9921482206870011,7.35203816664269
weak,all_admissible,957,1,0.9916371314089188,13.54815716489984
weak,all_admissible,958,1,0.9934902888274239,0.49020210836770683
weak,all_admissible,959,1,1.00477389401881,-11.191979558639828
weak,all_admissible,960,1,0.9959531047523495,-5.748554189406985
weak,all_admissible,961,1,0.9999894274313531,-13.33092728112704
weak,all_admissible,962,1,0.9949680333695745,-4.82140061894411
weak,all_admissible,963,1,0.9925016418809267,-1.248021067731919
weak,all_admissible,964,1,0.9849978270254901,35.32000171419823
weak,all_admissible,965,1,0.9909968756343301,10.774264149783878
weak,all_admissible,966,1,1.0049052835993568,-26.546681422850032
weak,all_admissible,967,1,1.0003365103397295,-16.113681694925262
weak,all_admissible,968,1,0.993276947501075,-1.1769743295851907
weak,all_admissible,969,1,0.9908337846351517,8.326060026341514
weak,all_admissible,970,1,0.9847194685724019,31.361379490469687
weak,all_admissible,971,1,0.995789787676185,-7.0024273063152105
weak,all_admissible,972,1,0.9865831876731427,4.066685639230771
weak,all_admissible,973,1,0.9868853230183174,23.589755972234354
weak,all_admissible,974,1,0.9947671829913534,5.022417429018593
weak,all_admissible,975,1,0.9897002060412783,13.986162580844365
weak,all_admissible,976,1,0.9988914898187682,-8.717282081976563
weak,all_admissible,977,1,0.987893132793793,24.249463433630922
weak,all_admissible,978,1,0.9888593352110766,7.515741031269256
weak,all_admissible,979,1,0.9912503370965663,1.0617810635809242
weak,all_admissible,980,1,0.9968196611706254,-11.001476626507142
weak,all_admissible,981,1,0.9929935178250231,7.077312002017506
weak,all_admissible,982,1,1.0044137090427037,-36.67447705211172
weak,all_admissible,983,1,1.007987284144969,-49.63074431964013
weak,all_admissible,984,1,0.9905706358800573,7.649970192934743
weak,all_admissible,985,1,0.9864507084617832,30.56819879654693
weak,all_admissible,986,1,1.0020429294195292,-25.626663201926966
weak,all_admissible,987,1,0.9908643521531645,5.776630204396105
weak,all_admissible,988,1,0.9933197993177351,1.7065664130466862
weak,all_admissible,989,1,0.9972812976900356,-10.520980568775945
weak,all_admissible,990,1,0.9999285221172194,-18.85294101906489
weak,all_admissible,991,1,0.9970202601680824,3.7377915727163282
weak,all_admissible,992,1,0.9942362850029384,-7.864027188063548
weak,all_admissible,993,1,1.0024311718409558,-33.21477573568438
weak,all_admissible,994,1,0.9849489684964854,30.322909363850208
weak,all_admissible,995,1,0.9859565372115967,13.019282120673216
weak,all_admissible,996,1,0.9991311087226057,-14.98930675406167
weak,all_admissible,997,1,1.000178445484437,-9.844748085751934
weak,all_admissible,998,1,0.9877970501788422,4.599914598620923
weak,all_admissible,999,1,0.9996124135780751,-1.4458447472954057
weak,tau_ge_10,0,1,0.995038389554623,6.792009215561783
weak,tau_ge_10,1,1,1.0048327296751487,-26.265062417859863
weak,tau_ge_10,2,1,0.9931851610604893,-0.5009911273504553
weak,tau_ge_10,3,1,0.9795347767331282,38.56440407553405
weak,tau_ge_10,4,1,0.9980270854239489,-7.878013624948611
weak,tau_ge_10,5,1,0.9952741097626909,-1.7698275068357818
weak,tau_ge_10,6,1,0.9871701851140166,26.740624589108563
weak,tau_ge_10,7,1,0.9941740486182862,20.611435182383712
weak,tau_ge_10,8,1,0.9964945436096724,-11.924238036026383
weak,tau_ge_10,9,1,1.01031500784718,-31.889273280539506
weak,tau_ge_10,10,1,0.9925394687741952,11.71525276803288
weak,tau_ge_10,11,1,1.0001776159116205,7.711104711052776
weak,tau_ge_10,12,1,0.9986148061646766,7.1937201579149415
weak,tau_ge_10,13,1,1.0030500842742462,-20.11070509984911
weak,tau_ge_10,14,1,1.0042928896047065,-18.41660840613054
weak,tau_ge_10,15,1,0.996395071804703,0.38762707403886154
weak,tau_ge_10,16,1,0.9984460514716902,-14.982307746145212
weak,tau_ge_10,17,1,1.0098017140563151,-41.345584258998535
weak,tau_ge_10,18,1,0.9951458464050692,-1.4701168950388146
weak,tau_ge_10,19,1,0.9948220791920307,14.177601130068469
weak,tau_ge_10,20,1,0.985857674492454,18.961486861319205
weak,tau_ge_10,21,1,0.9866638425148052,28.435731787673824
weak,tau_ge_10,22,1,1.0026118009599163,-33.142699423929656
weak,tau_ge_10,23,1,0.9924776940243463,3.334657082745199
weak,tau_ge_10,24,1,0.9952776117890084,-6.79908847765828
weak,tau_ge_10,25,1,0.9863015935117554,28.25102832536908
weak,tau_ge_10,26,1,0.9883709565849301,12.457673896653287
weak,tau_ge_10,27,1,0.9990398088045545,-6.807799865355272
weak,tau_ge_10,28,1,0.9930995835692102,15.383393213845515
weak,tau_ge_10,29,1,0.9864675805216427,48.86246821951924
weak,tau_ge_10,30,1,1.0020627043775903,-32.819138370662
weak,tau_ge_10,31,1,0.9985487147006015,-25.744040105576648
weak,tau_ge_10,32,1,0.9850659797040902,29.889178067731695
weak,tau_ge_10,33,1,1.0058545928429468,-22.387862860048774
weak,tau_ge_10,34,1,1.0000654634381863,-29.660821479656995
weak,tau_ge_10,35,1,0.9972446947224405,0.37811811587534744
weak,tau_ge_10,36,1,0.9844737813354261,45.945856218215816
weak,tau_ge_10,37,1,0.9937430609056858,6.83246986174826
weak,tau_ge_10,38,1,0.9805151211389245,42.68398332956221
weak,tau_ge_10,39,1,1.0004226354582924,-18.750644501041293
weak,tau_ge_10,40,1,1.0061538462205795,-31.855926798028026
weak,tau_ge_10,41,1,0.9893627894385602,37.059288270065885
weak,tau_ge_10,42,1,0.9954706303627553,-0.6704132205481286
weak,tau_ge_10,43,1,1.0117690639619241,-45.10999741635025
weak,tau_ge_10,44,1,0.9838468481555559,44.17681354829441
weak,tau_ge_10,45,1,0.9870248796337233,23.640877248699343
weak,tau_ge_10,46,1,1.0051616864228086,-25.36718603413458
weak,tau_ge_10,47,1,0.9895677787777051,6.865325427693706
weak,tau_ge_10,48,1,0.995807177122444,-14.149743264959238
weak,tau_ge_10,49,1,0.9953011666914254,12.88134420607098
weak,tau_ge_10,50,1,0.9946347397523057,12.014333864105861
weak,tau_ge_10,51,1,1.0046217356568212,-17.724404575697452
weak,tau_ge_10,52,1,1.0053388710718412,-24.733243726819335
weak,tau_ge_10,53,1,0.9906725324072904,1.0818142929951782
weak,tau_ge_10,54,1,0.9742378226242404,62.6731105898126
weak,tau_ge_10,55,1,1.0034402948552585,-35.92387246462794
weak,tau_ge_10,56,1,0.9998347147797917,-12.182501975758953
weak,tau_ge_10,57,1,0.9994036185663575,1.6669947827923455
weak,tau_ge_10,58,1,0.987829701337128,18.05082056704443
weak,tau_ge_10,59,1,0.983674368241703,23.996978057595694
weak,tau_ge_10,60,1,0.9860553661101007,38.91599689195547
weak,tau_ge_10,61,1,0.9924576320209287,3.0258514888937693
weak,tau_ge_10,62,1,1.0038108008244264,-22.40558365939693
weak,tau_ge_10,63,1,0.9930269976724526,12.434313058523513
weak,tau_ge_10,64,1,0.9968910910189561,-1.0161524132962614
weak,tau_ge_10,65,1,0.9908234249949481,14.137442303003075
weak,tau_ge_10,66,1,0.9949417143282697,-1.439621826091988
weak,tau_ge_10,67,1,1.0028707599504207,-17.026153625844067
weak,tau_ge_10,68,1,0.9934963407218342,1.5203600184659396
weak,tau_ge_10,69,1,0.9973041454010227,-12.412158191073052
weak,tau_ge_10,70,1,0.9985204673001574,-21.895832955997996
weak,tau_ge_10,71,1,0.9963588648391345,-6.195580578262807
weak,tau_ge_10,72,1,0.9861781928915364,21.062893592867223
weak,tau_ge_10,73,1,1.0019934278888105,-6.965733577140053
weak,tau_ge_10,74,1,1.0028569244411887,-30.051184201897474
weak,tau_ge_10,75,1,0.9979236978535584,-26.864272348163876
weak,tau_ge_10,76,1,0.9946129759595427,-5.06730901286035
weak,tau_ge_10,77,1,1.0035373708144928,-38.07545568724502
weak,tau_ge_10,78,1,0.9781094257960555,40.065250741557634
weak,tau_ge_10,79,1,0.9962686246875234,-7.85112947269672
weak,tau_ge_10,80,1,1.000850661540311,-21.382917193122502
weak,tau_ge_10,81,1,1.0086087790346148,-45.2506094882291
weak,tau_ge_10,82,1,0.9950682547910246,12.537632104041444
weak,tau_ge_10,83,1,0.994084165815957,-6.612421388177024
weak,tau_ge_10,84,1,1.003454918474761,-23.846956054349967
weak,tau_ge_10,85,1,0.9997218348264708,-13.849747848779064
weak,tau_ge_10,86,1,0.9987651117116657,-1.2624754632600181
weak,tau_ge_10,87,1,0.9948021692741333,8.613424627728474
weak,tau_ge_10,88,1,0.9878423836225817,8.802961459540061
weak,tau_ge_10,89,1,0.9923690370172028,18.218516180805988
weak,tau_ge_10,90,1,0.9938186633209897,0.0538031015885964
weak,tau_ge_10,91,1,0.9965080519627055,-17.629629800622073
weak,tau_ge_10,92,1,0.9934464254668463,7.7977969125579865
weak,tau_ge_10,93,1,0.9906416375726599,15.463081627017601
weak,tau_ge_10,94,1,1.0064816742467457,-34.963057256077605
weak,tau_ge_10,95,1,0.9868385271649319,35.44790442466259
weak,tau_ge_10,96,1,0.9919320576988788,7.015313347803699
weak,tau_ge_10,97,1,0.9828328216104759,29.87705599942465
weak,tau_ge_10,98,1,1.0037261305181568,-41.66640447180443
weak,tau_ge_10,99,1,0.9907566786687285,15.9117607885069
weak,tau_ge_10,100,1,0.9925039001903544,18.906032366469574
weak,tau_ge_10,101,1,0.9975076322582206,-22.469681283549914
weak,tau_ge_10,102,1,1.0003680042043346,-17.566460697924505
weak,tau_ge_10,103,1,0.9966425807257288,-9.113044217807031
weak,tau_ge_10,104,1,1.0088657871409572,-23.330129528476157
weak,tau_ge_10,105,1,0.9861800542052543,31.632488402193616
weak,tau_ge_10,106,1,0.9905596899682637,4.767735598318179
weak,tau_ge_10,107,1,0.9817373537172301,35.55315801207153
weak,tau_ge_10,108,1,0.9944518327610034,-7.392019615982585
weak,tau_ge_10,109,1,0.9903324952834205,12.188975482827201
weak,tau_ge_10,110,1,0.9922663798048539,23.168269781377788
weak,tau_ge_10,111,1,1.002139133157685,-11.263309777082375
weak,tau_ge_10,112,1,0.994175348635057,-13.193605213082503
weak,tau_ge_10,113,1,0.9887746706808038,11.726929051658031
weak,tau_ge_10,114,1,1.0073318946155674,-37.562755367592274
weak,tau_ge_10,115,1,0.9774276818646901,48.85832088414339
weak,tau_ge_10,116,1,0.9931603151125071,-0.5729105868523896
weak,tau_ge_10,117,1,0.9948089635176665,9.763418625751806
weak,tau_ge_10,118,1,0.9915021726328622,0.8462714449308132
weak,tau_ge_10,119,1,0.9899321434566851,13.095286878648775
weak,tau_ge_10,120,1,1.005217787561644,-26.973121254849058
weak,tau_ge_10,121,1,0.9844025288167576,33.514790804205695
weak,tau_ge_10,122,1,0.9843762104316289,30.15846260623293
weak,tau_ge_10,123,1,0.9995490750764912,-14.888173025604889
weak,tau_ge_10,124,1,1.0002575401667395,-14.97240491440982
weak,tau_ge_10,125,1,0.9883025162925201,29.590070297562058
weak,tau_ge_10,126,1,0.9982630568318445,-14.986948509358868
weak,tau_ge_10,127,1,1.0009525077731127,-21.601796909472537
weak,tau_ge_10,128,1,0.9899719033265294,12.267630393432105
weak,tau_ge_10,129,1,0.98832981889846,19.7917031908502
weak,tau_ge_10,130,1,0.9970803650656872,-5.25979194991473
weak,tau_ge_10,131,1,0.9970565945067653,-0.13122755235288577
weak,tau_ge_10,132,1,0.9973203512579145,-5.595993599500609
weak,tau_ge_10,133,1,0.9985604250271386,-4.895775358602425
weak,tau_ge_10,134,1,0.99783109045011,-0.27506483404490184
weak,tau_ge_10,135,1,1.002400951162554,-17.26284658145791
weak,tau_ge_10,136,1,0.9983542981524787,-22.173063547189646
weak,tau_ge_10,137,1,0.9918671336042392,12.234508369242354
weak,tau_ge_10,138,1,0.9950475422741183,-10.76656840810382
weak,tau_ge_10,139,1,0.9963218770883292,-26.81235860967332
weak,tau_ge_10,140,1,0.9992205513848775,-1.386761345748099
weak,tau_ge_10,141,1,1.0010475909916183,-4.758978789458141
weak,tau_ge_10,142,1,0.9924241871390383,32.00320046161146
weak,tau_ge_10,143,1,1.0001806680433434,-21.870651363694925
weak,tau_ge_10,144,1,0.9992273074359985,-5.5028942315148806
weak,tau_ge_10,145,1,0.988501003344173,6.687844606313401
weak,tau_ge_10,146,1,0.9937564379856103,-5.362556551659239
weak,tau_ge_10,147,1,0.988924886550451,18.044297599306848
weak,tau_ge_10,148,1,0.9936361958505958,7.6872487073974485
weak,tau_ge_10,149,1,0.9960759379203911,-5.500347527716168
weak,tau_ge_10,150,1,1.0014735319510126,-28.649404451987163
weak,tau_ge_10,151,1,0.9913815893563105,12.495795713753134
weak,tau_ge_10,152,1,0.9854670765425441,27.882778951036485
weak,tau_ge_10,153,1,1.0018497515836529,-15.800185154673747
weak,tau_ge_10,154,1,0.9999345506216674,-23.465646070370358
weak,tau_ge_10,155,1,0.999199008727223,-16.241775942857334
weak,tau_ge_10,156,1,1.0019135023484047,-22.60773538143601
weak,tau_ge_10,157,1,0.9999401712772505,-8.614206825438432
weak,tau_ge_10,158,1,0.9872955197277737,22.154901573055906
weak,tau_ge_10,159,1,0.9996112485295044,-7.3304916381693745
weak,tau_ge_10,160,1,0.9936362890194198,13.636166915906825
weak,tau_ge_10,161,1,0.9921603343021704,20.897557562879506
weak,tau_ge_10,162,1,0.9838225695976222,33.014766372705246
weak,tau_ge_10,163,1,1.0006845687702761,-32.91572257632483
weak,tau_ge_10,164,1,0.9902524985029654,8.9744414042285
weak,tau_ge_10,165,1,0.9939720867198993,3.139619629452496
weak,tau_ge_10,166,1,0.9942714411174444,-3.681581028617353
weak,tau_ge_10,167,1,0.9838910964858125,32.78215264180529
weak,tau_ge_10,168,1,1.0038578743622246,-32.49982759180043
weak,tau_ge_10,169,1,0.9946857769882109,-2.414243306828789
weak,tau_ge_10,170,1,0.9906027735033418,14.192687291942187
weak,tau_ge_10,171,1,0.9961629220667854,4.068396947131089
weak,tau_ge_10,172,1,1.0015828361161347,-31.154273724802596
weak,tau_ge_10,173,1,0.9956124245236903,3.5478580777014934
weak,tau_ge_10,174,1,0.9842547113934391,22.35137680957114
weak,tau_ge_10,175,1,0.9991635869597207,-36.63868925508473
weak,tau_ge_10,176,1,0.99688755445271,-1.9714981005816812
weak,tau_ge_10,177,1,0.9994883784471804,-21.831990373551555
weak,tau_ge_10,178,1,0.9977919777011834,-3.968063281578453
weak,tau_ge_10,179,1,1.002269157703733,-42.30549815154628
weak,tau_ge_10,180,1,0.9911832738889467,8.954546401503107
weak,tau_ge_10,181,1,0.9985690462809984,-7.3318387802620135
weak,tau_ge_10,182,1,0.9994578813168778,-14.785500844463524
weak,tau_ge_10,183,1,0.9934130472048601,4.430672224975216
weak,tau_ge_10,184,1,0.9926284076794724,0.19072800992875966
weak,tau_ge_10,185,1,0.9937054873582938,-4.396187607418272
weak,tau_ge_10,186,1,1.007921666387632,-44.87367600718957
weak,tau_ge_10,187,1,1.0032598397975965,-19.72687414871171
weak,tau_ge_10,188,1,0.9871414897191805,29.91308964925136
weak,tau_ge_10,189,1,0.9938671350923424,10.844090539592052
weak,tau_ge_10,190,1,0.9983290878648657,2.3466369867986843
weak,tau_ge_10,191,1,0.9974136011368903,-10.34491479330952
weak,tau_ge_10,192,1,1.00233332595341,-26.329871810817693
weak,tau_ge_10,193,1,0.9841157015630709,36.14401437450828
weak,tau_ge_10,194,1,0.9924678429699446,7.321691756016189
weak,tau_ge_10,195,1,1.0105102271394166,-35.34261866496041
weak,tau_ge_10,196,1,0.9926094409775147,16.517874106658425
weak,tau_ge_10,197,1,0.9891842756574364,13.862149028684508
weak,tau_ge_10,198,1,0.9910480496345951,-1.1333550908479293
weak,tau_ge_10,199,1,1.0005913787088925,-20.429320474101413
weak,tau_ge_10,200,1,0.9901893000747263,24.8279930994657
weak,tau_ge_10,201,1,0.9890416300308902,14.474016197705902
weak,tau_ge_10,202,1,0.9965705249808746,5.155588652955129
weak,tau_ge_10,203,1,0.9994544445018116,-32.3431392918721
weak,tau_ge_10,204,1,0.9898036320061171,1.6845618006993779
weak,tau_ge_10,205,1,0.9930478245372455,20.046955840576953
weak,tau_ge_10,206,1,1.0052372706993533,-51.74899287291216
weak,tau_ge_10,207,1,0.9872209822908756,25.5719914330527
weak,tau_ge_10,208,1,1.008814437101118,-31.767144017853656
weak,tau_ge_10,209,1,1.0025923585616978,-19.603252753378523
weak,tau_ge_10,210,1,0.9971844640395539,-21.88724086187663
weak,tau_ge_10,211,1,0.9868956797621073,13.088182884695504
weak,tau_ge_10,212,1,0.9888801681677276,20.296696414920945
weak,tau_ge_10,213,1,0.9946023189381915,-6.271788484351561
weak,tau_ge_10,214,1,0.992640532290749,13.288771462769967
weak,tau_ge_10,215,1,1.0088270532928787,-50.695083428056996
weak,tau_ge_10,216,1,1.008123565271066,-30.951911733775173
weak,tau_ge_10,217,1,0.9905591369694653,9.798784326892449
weak,tau_ge_10,218,1,0.9933370852481175,-13.262764947276997
weak,tau_ge_10,219,1,1.00463293274153,-16.01535812047939
weak,tau_ge_10,220,1,1.0052837751493293,-42.94220552946432
weak,tau_ge_10,221,1,1.003885003388974,-16.415948228853328
weak,tau_ge_10,222,1,0.9952047269634534,-2.056450948048758
weak,tau_ge_10,223,1,0.9884379312443381,26.446130958397877
weak,tau_ge_10,224,1,0.9991981868162969,-3.1564399856195866
weak,tau_ge_10,225,1,0.9974318390474257,-9.41879421611096
weak,tau_ge_10,226,1,0.9880126481898318,23.974145841044322
weak,tau_ge_10,227,1,0.999641326930818,-19.517111565723976
weak,tau_ge_10,228,1,0.9892512924166658,12.556822637640083
weak,tau_ge_10,229,1,1.000031554020725,-14.294588702684157
weak,tau_ge_10,230,1,0.9934307298124824,-4.672223461795351
weak,tau_ge_10,231,1,0.9856726458215362,11.491795853132304
weak,tau_ge_10,232,1,0.9989290248382963,-13.411340999591053
weak,tau_ge_10,233,1,0.9918017539674842,6.874066120620357
weak,tau_ge_10,234,1,1.0038666001153305,-22.226960264163125
weak,tau_ge_10,235,1,0.9968650039984497,-16.972364438391367
weak,tau_ge_10,236,1,0.9869930006505365,25.561669074722484
weak,tau_ge_10,237,1,0.9868930478518944,34.7025377668294
weak,tau_ge_10,238,1,0.9934746854702456,-2.7523762666304146
weak,tau_ge_10,239,1,0.9990114441378037,-21.200641100075853
weak,tau_ge_10,240,1,1.0032131498305454,-31.263971550679255
weak,tau_ge_10,241,1,0.998778376035454,-0.5749388000035967
weak,tau_ge_10,242,1,0.9985181312585806,-14.385462712392687
weak,tau_ge_10,243,1,0.989040123789034,17.09114188131207
weak,tau_ge_10,244,1,1.0030179701683504,-37.23303162779434
weak,tau_ge_10,245,1,1.0031844298472024,-37.92093605948067
weak,tau_ge_10,246,1,1.0008457756360685,-19.202488130757562
weak,tau_ge_10,247,1,0.9831203957888065,26.8885725293794
weak,tau_ge_10,248,1,0.9986277799911149,-7.93110428579242
weak,tau_ge_10,249,1,0.9806978550125807,42.45952253640848
weak,tau_ge_10,250,1,1.0031618139370946,-13.615707354155294
weak,tau_ge_10,251,1,0.9928513627801029,10.949199186507782
weak,tau_ge_10,252,1,0.9966530103917837,11.245338070826245
weak,tau_ge_10,253,1,0.9982336438562345,-5.320326659803434
weak,tau_ge_10,254,1,1.0040483549428165,-23.773573538078992
weak,tau_ge_10,255,1,0.9916975676959228,19.0157111763396
weak,tau_ge_10,256,1,1.0025306952283486,-9.707510631632458
weak,tau_ge_10,257,1,0.9851183000291619,49.16458424614318
weak,tau_ge_10,258,1,0.9990306127804544,-6.677032970374228
weak,tau_ge_10,259,1,1.0020084847446578,-27.815664814682993
weak,tau_ge_10,260,1,0.9904510516048257,29.93103734730679
weak,tau_ge_10,261,1,0.991970910078075,11.289669480398137
weak,tau_ge_10,262,1,0.9948085338778405,-6.0868548785466725
weak,tau_ge_10,263,1,0.9973554538940325,-7.097822910448967
weak,tau_ge_10,264,1,1.0020207899738147,-27.946936261484066
weak,tau_ge_10,265,1,0.9953376551784782,-2.2105142666780946
weak,tau_ge_10,266,1,0.9934166920577672,13.39170304890857
weak,tau_ge_10,267,1,1.0042419760539125,-30.32977727493312
weak,tau_ge_10,268,1,0.9818785296967533,34.501477047029795
weak,tau_ge_10,269,1,0.9994505125168043,-9.744390483857687
weak,tau_ge_10,270,1,0.9921745555384797,13.027614736266845
weak,tau_ge_10,271,1,0.9934802745029905,5.167226220622978
weak,tau_ge_10,272,1,0.993940727417886,-5.061980113362249
weak,tau_ge_10,273,1,0.9952384832267881,-0.8732000941267143
weak,tau_ge_10,274,1,0.98888953776114,27.402773846290803
weak,tau_ge_10,275,1,0.9931746616474979,2.4929550904093727
weak,tau_ge_10,276,1,0.9955591593497594,-3.441163764327247
weak,tau_ge_10,277,1,1.0013667742637677,-13.689574435559441
weak,tau_ge_10,278,1,1.0098457539572434,-35.941079001947365
weak,tau_ge_10,279,1,1.002948922370467,-5.852794779766777
weak,tau_ge_10,280,1,0.9907405441542354,10.246730542257447
weak,tau_ge_10,281,1,0.9896748325081919,9.129207579146785
weak,tau_ge_10,282,1,0.9886734858761442,-7.398132797842843
weak,tau_ge_10,283,1,0.9911988189135778,7.093902826659391
weak,tau_ge_10,284,1,0.9934462604784549,0.39481022345212535
weak,tau_ge_10,285,1,0.9909921794639035,16.15887036614789
weak,tau_ge_10,286,1,0.9926759253161181,-1.3588635568667773
weak,tau_ge_10,287,1,0.984668450629925,42.5877426907084
weak,tau_ge_10,288,1,0.9939736674421129,-4.4539925063167765
weak,tau_ge_10,289,1,0.988165322363012,27.222608745476695
weak,tau_ge_10,290,1,0.9897832944377729,9.426316310335048
weak,tau_ge_10,291,1,0.9896388683575289,-3.984027476865688
weak,tau_ge_10,292,1,0.9874840174685785,19.888993031733683
weak,tau_ge_10,293,1,1.0045243559485726,-17.566855229587265
weak,tau_ge_10,294,1,0.9907401997667938,30.927605779527248
weak,tau_ge_10,295,1,1.0032751934938549,-20.22396414966708
weak,tau_ge_10,296,1,0.9962714655234768,2.080785809547399
weak,tau_ge_10,297,1,1.0054153567602035,-12.609712876152667
weak,tau_ge_10,298,1,0.9951427009358241,4.49279957256122
weak,tau_ge_10,299,1,0.996241925407261,-0.6818103875153113
weak,tau_ge_10,300,1,1.0049933107001736,-31.55857262297326
weak,tau_ge_10,301,1,0.9769186312586003,41.50903151229508
weak,tau_ge_10,302,1,0.9976590403131795,-9.230279202068449
weak,tau_ge_10,303,1,1.001870462724136,-25.04265143637064
weak,tau_ge_10,304,1,0.9896419391518833,26.517186003113185
weak,tau_ge_10,305,1,0.9868530337888856,13.53806788140008
weak,tau_ge_10,306,1,0.996559280846869,-6.652394524293458
weak,tau_ge_10,307,1,0.9898950446440636,22.827923285750412
weak,tau_ge_10,308,1,1.011415463188294,-44.3355199827912
weak,tau_ge_10,309,1,0.9876088610254669,18.592008764480852
weak,tau_ge_10,310,1,0.9928736780086366,2.3459597090620425
weak,tau_ge_10,311,1,0.9821429393751403,39.39703058638909
weak,tau_ge_10,312,1,0.9988886928615793,-19.032040315347896
weak,tau_ge_10,313,1,0.9939718017797217,9.172600498285776
weak,tau_ge_10,314,1,0.9973126313178075,8.101393936465627
weak,tau_ge_10,315,1,0.9919855016449496,13.674579191446922
weak,tau_ge_10,316,1,0.9926317595758751,3.4419972096262086
weak,tau_ge_10,317,1,1.002572811312326,-22.87333881890649
weak,tau_ge_10,318,1,0.9938103698493964,-5.653095719841239
weak,tau_ge_10,319,1,0.9867409040425309,25.003427885033243
weak,tau_ge_10,320,1,0.991992451992994,23.164585487219323
weak,tau_ge_10,321,1,0.9937211168045001,-2.123522575815608
weak,tau_ge_10,322,1,0.9985500458141446,0.5174050954695505
weak,tau_ge_10,323,1,0.990947711721331,15.315207287072987
weak,tau_ge_10,324,1,0.9857733229042043,25.181971323576576
weak,tau_ge_10,325,1,1.0124722123156755,-40.98204012280233
weak,tau_ge_10,326,1,0.9952009547466879,12.92888223178787
weak,tau_ge_10,327,1,0.990289469411798,17.62844865611619
weak,tau_ge_10,328,1,0.997760847875739,-12.448870021872713
weak,tau_ge_10,329,1,0.9997348161559311,-19.808217908408572
weak,tau_ge_10,330,1,0.9978005559833093,-19.650960030965457
weak,tau_ge_10,331,1,0.9842809121917994,21.443292665311414
weak,tau_ge_10,332,1,0.9951798197648882,-3.700860808332052
weak,tau_ge_10,333,1,0.997828545652882,-5.3996276780117105
weak,tau_ge_10,334,1,0.9912542571698034,15.406167789155338
weak,tau_ge_10,335,1,0.9930318872125404,0.7580247595131131
weak,tau_ge_10,336,1,0.9935477165312903,1.5780825833937675
weak,tau_ge_10,337,1,1.0034177781009304,-29.676631070778562
weak,tau_ge_10,338,1,1.0031475609276868,3.64087355188644
weak,tau_ge_10,339,1,1.0067659896961898,-18.85959219920901
weak,tau_ge_10,340,1,0.9937701904189346,-6.522254235439097
weak,tau_ge_10,341,1,1.0017151449819983,-25.67023773842769
weak,tau_ge_10,342,1,1.0129332709058478,-34.962143312541244
weak,tau_ge_10,343,1,0.9973410100185035,5.100207849574351
weak,tau_ge_10,344,1,0.9992201398028016,-9.128329193887566
weak,tau_ge_10,345,1,0.9949074255318945,-5.768559504912624
weak,tau_ge_10,346,1,0.9904693296847596,4.748863989585849
weak,tau_ge_10,347,1,1.0056068013806962,-29.141061213902656
weak,tau_ge_10,348,1,1.0002720315303886,-30.418338361259906
weak,tau_ge_10,349,1,1.002024811223322,-23.926352833759385
weak,tau_ge_10,350,1,1.0066032189517575,-41.030104612730824
weak,tau_ge_10,351,1,0.9970501228299214,-9.303263311364265
weak,tau_ge_10,352,1,0.9803109513462144,44.31054968363054
weak,tau_ge_10,353,1,1.0048311175332367,-21.440824025129864
weak,tau_ge_10,354,1,0.9990586357826835,-11.593638862029705
weak,tau_ge_10,355,1,1.0083014390848828,-42.708743530011446
weak,tau_ge_10,356,1,1.0068298190619145,-38.10231740306503
weak,tau_ge_10,357,1,0.9909252898080599,15.510445970282786
weak,tau_ge_10,358,1,0.9992786185057003,-30.621871334388587
weak,tau_ge_10,359,1,0.9952252619445622,12.735321201462126
weak,tau_ge_10,360,1,0.9974938274612104,-12.376777422806304
weak,tau_ge_10,361,1,1.0045084157215542,-22.479942985136887
weak,tau_ge_10,362,1,0.9882058748695798,38.85545654405151
weak,tau_ge_10,363,1,1.0006373068002545,-20.931523423908416
weak,tau_ge_10,364,1,0.9898547111522373,16.709240255434832
weak,tau_ge_10,365,1,1.0017380329958336,-18.239874466603236
weak,tau_ge_10,366,1,0.9915347325231135,-14.359241574754275
weak,tau_ge_10,367,1,0.9893499136592374,2.3195719377040396
weak,tau_ge_10,368,1,1.005388436658685,-24.4142812345982
weak,tau_ge_10,369,1,0.9974090575779755,4.494211928264615
weak,tau_ge_10,370,1,0.983925101009555,27.172513129152378
weak,tau_ge_10,371,1,0.9978883921856044,-29.49109938043722
weak,tau_ge_10,372,1,0.9926505032083514,1.1638848115547895
weak,tau_ge_10,373,1,0.9927415223158716,23.43757431351676
weak,tau_ge_10,374,1,0.9969467346069087,-26.24968113813585
weak,tau_ge_10,375,1,0.9949424698427477,-6.178705523201593
weak,tau_ge_10,376,1,0.9979731085299772,-12.069872567644676
weak,tau_ge_10,377,1,0.9949669841968591,9.858144786879858
weak,tau_ge_10,378,1,1.0019231570834817,-17.364605173084414
weak,tau_ge_10,379,1,0.9951708127589683,-6.220781460349021
weak,tau_ge_10,380,1,0.9917101622065159,7.345577787176108
weak,tau_ge_10,381,1,0.9918300704414559,8.700272702365845
weak,tau_ge_10,382,1,0.9958028630974599,-7.4817113018751815
weak,tau_ge_10,383,1,0.9953095487869857,-22.907946195718672
weak,tau_ge_10,384,1,1.0022795992691396,-8.440379339932063
weak,tau_ge_10,385,1,0.990015184543932,-3.9457013058318835
weak,tau_ge_10,386,1,0.9902474010718897,8.156639860713051
weak,tau_ge_10,387,1,0.9967941282489005,-15.20662331209948
weak,tau_ge_10,388,1,0.9971716264835191,-11.964070766596056
weak,tau_ge_10,389,1,0.9881439392689972,17.92573287714236
weak,tau_ge_10,390,1,1.0050057299388446,-33.92082063997245
weak,tau_ge_10,391,1,1.0033716935461072,-24.335234166517065
weak,tau_ge_10,392,1,0.99845849320386,11.43019929336239
weak,tau_ge_10,393,1,0.9986106620950695,6.08343980661441
weak,tau_ge_10,394,1,0.9868707504897618,21.00671213984089
weak,tau_ge_10,395,1,0.9925015015177329,6.025575190159446
weak,tau_ge_10,396,1,1.0025410174457443,-18.635155594167816
weak,tau_ge_10,397,1,0.9956431558660819,15.903687201308404
weak,tau_ge_10,398,1,0.98997836949873,20.669650441170255
weak,tau_ge_10,399,1,0.9988257689281133,-20.953922189914223
weak,tau_ge_10,400,1,0.9870220447578035,16.645156333474723
weak,tau_ge_10,401,1,1.0002514010768602,-0.7996993907543066
weak,tau_ge_10,402,1,0.9805014587272967,60.4891913072844
weak,tau_ge_10,403,1,0.9968880999404759,-32.61508747984871
weak,tau_ge_10,404,1,0.9938918192737666,2.4151296091541323
weak,tau_ge_10,405,1,0.9822515388178444,38.23994045625637
weak,tau_ge_10,406,1,0.9882519545636448,26.058244978523224
weak,tau_ge_10,407,1,0.9938533786707795,2.9699214444752227
weak,tau_ge_10,408,1,0.9925317774824075,3.1945927529696356
weak,tau_ge_10,409,1,0.9877367390794319,18.940995509742873
weak,tau_ge_10,410,1,0.9910295166018888,5.44783493142983
weak,tau_ge_10,411,1,0.9932948156678728,6.984364244535275
weak,tau_ge_10,412,1,1.0002093604240407,-14.881415502833043
weak,tau_ge_10,413,1,0.9951167163821991,3.895595700712623
weak,tau_ge_10,414,1,0.9947489920014354,2.751326896116736
weak,tau_ge_10,415,1,0.9955246864578178,-11.745143479930924
weak,tau_ge_10,416,1,1.0003366677091374,-9.095369203065257
weak,tau_ge_10,417,1,0.9846578055730979,24.76346319477818
weak,tau_ge_10,418,1,1.0030645279764954,-29.854540042728846
weak,tau_ge_10,419,1,0.9889587063638176,16.640318830396595
weak,tau_ge_10,420,1,0.9851153731698031,25.058308204028922
weak,tau_ge_10,421,1,1.000547480768389,-6.426687238369621
weak,tau_ge_10,422,1,0.9944053257761242,-0.8533274900141783
weak,tau_ge_10,423,1,0.9974466183894956,-29.051496714858306
weak,tau_ge_10,424,1,0.9854440874359741,37.24327424328782
weak,tau_ge_10,425,1,0.9843875781584424,43.59209653229178
weak,tau_ge_10,426,1,0.9926806339912138,4.167900303352188
weak,tau_ge_10,427,1,0.9914592137339732,12.40166529251631
weak,tau_ge_10,428,1,0.9987527054812092,-13.561015375746884
weak,tau_ge_10,429,1,0.9972816024111564,-14.005065557513422
weak,tau_ge_10,430,1,0.9991127426407513,-26.339622141188443
weak,tau_ge_10,431,1,0.9926887751833314,6.673623631315463
weak,tau_ge_10,432,1,0.995992962564179,0.9575627962257046
weak,tau_ge_10,433,1,1.0041197883100708,-34.61526215551212
weak,tau_ge_10,434,1,0.990579654467538,-2.6495612447341337
weak,tau_ge_10,435,1,0.9968946463292591,-14.657983196456582
weak,tau_ge_10,436,1,1.0010231872323914,-21.754059898440172
weak,tau_ge_10,437,1,1.0078808902797356,-36.77937913659675
weak,tau_ge_10,438,1,0.9925876097558738,6.972580078546395
weak,tau_ge_10,439,1,1.0026078075230422,-19.808391633677328
weak,tau_ge_10,440,1,0.9895254141432792,-9.253106152865954
weak,tau_ge_10,441,1,0.9890111413317828,-0.8837549286344034
weak,tau_ge_10,442,1,0.9997363033586005,-16.63665575598244
weak,tau_ge_10,443,1,0.9892461495275482,15.42554956209632
weak,tau_ge_10,444,1,0.9953895977981696,2.057238347724101
weak,tau_ge_10,445,1,0.9957678850823564,-4.687038305078622
weak,tau_ge_10,446,1,0.9968645772004332,-9.406388835638719
weak,tau_ge_10,447,1,0.9864096287967928,25.932368611163337
weak,tau_ge_10,448,1,0.9929021042812972,3.640323064929462
weak,tau_ge_10,449,1,0.9958116720919731,12.390243280666024
weak,tau_ge_10,450,1,0.9922387185058076,17.62780814897046
weak,tau_ge_10,451,1,0.9899849371111599,9.645714390156659
weak,tau_ge_10,452,1,0.9823415473811941,21.984794943196846
weak,tau_ge_10,453,1,0.9888031564456062,19.566136356793525
weak,tau_ge_10,454,1,0.991850071929368,21.273446486875155
weak,tau_ge_10,455,1,0.9872515363657662,18.701975098151067
weak,tau_ge_10,456,1,0.9834805804051401,14.237551769736605
weak,tau_ge_10,457,1,0.995668310592062,-12.4555433987684
weak,tau_ge_10,458,1,0.9963368380033335,-7.025416545778309
weak,tau_ge_10,459,1,0.992388098207948,7.657871792263141
weak,tau_ge_10,460,1,0.9899869143713717,10.009723315922164
weak,tau_ge_10,461,1,0.9830973180206795,46.02123288773769
weak,tau_ge_10,462,1,1.0083055258313196,-37.42377273777825
weak,tau_ge_10,463,1,0.9978103378864178,-12.215390572395819
weak,tau_ge_10,464,1,0.995711039763445,-3.5700047744082632
weak,tau_ge_10,465,1,1.0048902696286355,-34.53164349805954
weak,tau_ge_10,466,1,0.9984226066161551,11.288587639999905
weak,tau_ge_10,467,1,1.0079290513157682,-42.11308330372253
weak,tau_ge_10,468,1,0.9977571209778526,-7.962356001678149
weak,tau_ge_10,469,1,0.9859204560213575,22.549869932079396
weak,tau_ge_10,470,1,0.9931118588720765,20.470065692809065
weak,tau_ge_10,471,1,0.9851200349326511,3.3219637718429293
weak,tau_ge_10,472,1,1.0002549435482355,-8.836521330518126
weak,tau_ge_10,473,1,0.9988008521433116,9.724855694794893
weak,tau_ge_10,474,1,0.9946019667547858,-5.718376879361283
weak,tau_ge_10,475,1,0.9940731118399756,7.853724975605108
weak,tau_ge_10,476,1,0.9932250193209999,-25.311152843033256
weak,tau_ge_10,477,1,1.0012799845959044,-31.153380776191703
weak,tau_ge_10,478,1,1.004879518248631,-28.329554173931786
weak,tau_ge_10,479,1,0.9946350669943433,-7.082338912137092
weak,tau_ge_10,480,1,0.99692918429827,-20.74656370027849
weak,tau_ge_10,481,1,1.0028317215709666,-33.64225605550505
weak,tau_ge_10,482,1,1.0005090383188324,-16.42494948124866
weak,tau_ge_10,483,1,0.9871220536965409,42.52265446730316
weak,tau_ge_10,484,1,0.9881466432708642,26.038099706314892
weak,tau_ge_10,485,1,1.0033173615703586,-28.563933090796144
weak,tau_ge_10,486,1,0.9829635819704754,35.58610587357422
weak,tau_ge_10,487,1,1.0077453442005082,-47.96422548198737
weak,tau_ge_10,488,1,0.9856127864650244,27.425052912013417
weak,tau_ge_10,489,1,1.0073471380336196,-40.12928648201266
weak,tau_ge_10,490,1,1.000565637581416,-1.0060098756663338
weak,tau_ge_10,491,1,1.0002138681029256,-22.070027691441705
weak,tau_ge_10,492,1,0.9913151692235348,14.199744627183785
weak,tau_ge_10,493,1,0.9899454033785667,6.023209916089923
weak,tau_ge_10,494,1,0.9884908975641185,21.37093805089597
weak,tau_ge_10,495,1,0.9870972332875235,26.62271491486758
weak,tau_ge_10,496,1,0.9845556821685629,35.85234241288378
weak,tau_ge_10,497,1,0.9860858880111998,15.850399321759488
weak,tau_ge_10,498,1,1.0036860552646,-18.564540423550657
weak,tau_ge_10,499,1,1.0029747334320835,-15.784981868663605
weak,tau_ge_10,500,1,0.9935219763779897,1.7288498727263857
weak,tau_ge_10,501,1,0.9898646368069011,20.116717678955823
weak,tau_ge_10,502,1,0.9973893711259567,2.219331241396468
weak,tau_ge_10,503,1,0.991687632523368,4.224599368775177
weak,tau_ge_10,504,1,0.990033386483757,2.3267104361934474
weak,tau_ge_10,505,1,0.9931167119538299,17.04899923438537
weak,tau_ge_10,506,1,0.9973661193145686,-7.746763580420595
weak,tau_ge_10,507,1,0.9969049747470597,-3.4905950461111908
weak,tau_ge_10,508,1,1.0013719713517424,-11.798019454535444
weak,tau_ge_10,509,1,0.994141507364411,20.638570812583957
weak,tau_ge_10,510,1,0.9947171253713718,-14.428673057404373
weak,tau_ge_10,511,1,1.0045094379996042,-26.141256023393293
weak,tau_ge_10,512,1,1.000117836132014,-3.145323397066802
weak,tau_ge_10,513,1,0.9897256449655759,31.311802857694435
weak,tau_ge_10,514,1,0.9926430890484299,-3.525151957177137
weak,tau_ge_10,515,1,1.0034885036530201,-6.413838966004838
weak,tau_ge_10,516,1,1.0028977811062625,-23.42908578456644
weak,tau_ge_10,517,1,0.9958878922527725,1.5713414130328274
weak,tau_ge_10,518,1,1.0021023137050797,-3.4848333158073257
weak,tau_ge_10,519,1,0.9916970135137552,13.70847262343841
weak,tau_ge_10,520,1,0.9949349159334236,-5.276376381990664
weak,tau_ge_10,521,1,0.9875636660525197,31.17444759415745
weak,tau_ge_10,522,1,1.0086589530687395,-15.122856168677556
weak,tau_ge_10,523,1,1.0030415116973166,-34.43037248745869
weak,tau_ge_10,524,1,0.9947554763368703,-5.8255115770481005
weak,tau_ge_10,525,1,0.9917962093632092,11.402672072985064
weak,tau_ge_10,526,1,1.0006764828991126,-24.248801667797004
weak,tau_ge_10,527,1,1.003471730186755,-21.380337132760367
weak,tau_ge_10,528,1,0.9970279658947204,-18.78297420896987
weak,tau_ge_10,529,1,1.003624334407376,-17.87969937503302
weak,tau_ge_10,530,1,0.9955526650053458,6.131770327703325
weak,tau_ge_10,531,1,0.9989447200961377,-23.337577827683134
weak,tau_ge_10,532,1,0.9933710583580544,-13.204953074835416
weak,tau_ge_10,533,1,0.9916969009100178,20.08703367588144
weak,tau_ge_10,534,1,0.9994065229259281,-8.780957287670882
weak,tau_ge_10,535,1,1.00299835695494,-18.629585775330476
weak,tau_ge_10,536,1,0.9863063736293339,23.942819681303675
weak,tau_ge_10,537,1,0.9902757532970847,26.685980926492103
weak,tau_ge_10,538,1,1.004950152841948,-17.174836803776543
weak,tau_ge_10,539,1,0.9938214767364036,-3.2917453007652506
weak,tau_ge_10,540,1,0.9965579671957386,3.8826313900228464
weak,tau_ge_10,541,1,1.0005175137191153,-17.002776054598886
weak,tau_ge_10,542,1,1.006487286844177,-31.41181079927669
weak,tau_ge_10,543,1,1.0017658243233232,-5.074369950272617
weak,tau_ge_10,544,1,0.9863939576854849,5.257881933600367
weak,tau_ge_10,545,1,1.0014604194390406,-22.86442779097253
weak,tau_ge_10,546,1,0.9883881308818941,24.585306661902358
weak,tau_ge_10,547,1,0.9929621936947793,-14.662055238462072
weak,tau_ge_10,548,1,1.0034106058191044,-24.741457113242536
weak,tau_ge_10,549,1,0.9975701118585857,-8.746594867598354
weak,tau_ge_10,550,1,1.0020482356619635,-33.21961783858057
weak,tau_ge_10,551,1,0.9914548440276123,12.815547567143241
weak,tau_ge_10,552,1,0.997947966213779,-25.755138948927012
weak,tau_ge_10,553,1,0.9995790577249171,-18.921055155125003
weak,tau_ge_10,554,1,0.9956361883582182,-10.49011084102803
weak,tau_ge_10,555,1,0.9855883678273949,19.489356495584566
weak,tau_ge_10,556,1,0.99443379665744,13.410355934907807
weak,tau_ge_10,557,1,1.004185726006235,-26.148968545078368
weak,tau_ge_10,558,1,1.0035841079455743,-25.61118313010795
weak,tau_ge_10,559,1,1.0027118245408757,-17.401205908293043
weak,tau_ge_10,560,1,1.0006589517396167,-33.04444478543487
weak,tau_ge_10,561,1,0.9869304165162266,45.44788832266996
weak,tau_ge_10,562,1,1.0063447619381862,-44.51339418811874
weak,tau_ge_10,563,1,0.9999452808025896,-6.069257345780283
weak,tau_ge_10,564,1,0.9915673522763369,7.184661402194366
weak,tau_ge_10,565,1,0.9929802929472488,7.007810825025948
weak,tau_ge_10,566,1,1.0056465643476151,-8.093979298004438
weak,tau_ge_10,567,1,0.9932323414249518,12.084560567771746
weak,tau_ge_10,568,1,0.9967470905441577,0.9644166079924876
weak,tau_ge_10,569,1,1.0011718965990921,-10.408890199229536
weak,tau_ge_10,570,1,0.9912671779600298,18.107279556826743
weak,tau_ge_10,571,1,1.0017193018454669,-15.875529782858198
weak,tau_ge_10,572,1,1.0000259486102205,-6.868129175933849
weak,tau_ge_10,573,1,1.003019671386815,-4.907838625627966
weak,tau_ge_10,574,1,0.9949870150229917,-1.2056484727846333
weak,tau_ge_10,575,1,0.986746977780988,23.243777034729735
weak,tau_ge_10,576,1,0.9927590645119702,2.444771199668379
weak,tau_ge_10,577,1,0.9971377883111878,-9.416276425577887
weak,tau_ge_10,578,1,0.9871327376407005,23.38689187037906
weak,tau_ge_10,579,1,0.9956006251475336,-15.862461583583196
weak,tau_ge_10,580,1,0.9934190509183994,13.2850298081783
weak,tau_ge_10,581,1,0.9913866073118772,-3.2087626923512254
weak,tau_ge_10,582,1,0.9944649387557335,6.2148713300454785
weak,tau_ge_10,583,1,1.00158409009031,-14.398995597256112
weak,tau_ge_10,584,1,0.9949347191569228,0.5228408426242575
weak,tau_ge_10,585,1,0.9864292109378974,29.170627059319024
weak,tau_ge_10,586,1,0.9966076867421644,-0.600136242553573
weak,tau_ge_10,587,1,0.9992344100474598,-1.205580672427953
weak,tau_ge_10,588,1,0.9992599177450618,-23.85663927666633
weak,tau_ge_10,589,1,1.0054967694829604,-45.5566199035731
weak,tau_ge_10,590,1,0.9974092699408429,-11.452566808049022
weak,tau_ge_10,591,1,0.9999305266620542,-17.696992358928444
weak,tau_ge_10,592,1,1.0026449263099582,-16.859406238999558
weak,tau_ge_10,593,1,0.9985558678461592,-11.299888672326292
weak,tau_ge_10,594,1,0.9992872660803754,-2.6557475174508185
weak,tau_ge_10,595,1,1.0084607169637867,-33.416370434803156
weak,tau_ge_10,596,1,1.0041401296709247,-26.513554665019267
weak,tau_ge_10,597,1,0.9788638075084389,43.756568816524556
weak,tau_ge_10,598,1,1.0000429279397738,-12.252109533406053
weak,tau_ge_10,599,1,1.000783627460792,-4.077224341919012
weak,tau_ge_10,600,1,1.0044022066707188,-30.37772452689056
weak,tau_ge_10,601,1,1.0090025900554465,-45.61953941143382
weak,tau_ge_10,602,1,1.0004240528700161,-4.435838269535421
weak,tau_ge_10,603,1,0.9817360929665703,26.424993059506455
weak,tau_ge_10,604,1,0.9930781467624291,6.461434472064354
weak,tau_ge_10,605,1,0.9832892862918318,53.044496451140304
weak,tau_ge_10,606,1,0.9953583545489924,-10.628225697373743
weak,tau_ge_10,607,1,0.9937829882681845,5.959105373041109
weak,tau_ge_10,608,1,0.9926741433582134,1.0585453619187544
weak,tau_ge_10,609,1,1.000206278874673,-3.023397975357134
weak,tau_ge_10,610,1,0.9889187921677325,28.724661366160813
weak,tau_ge_10,611,1,1.001298852689102,-13.131223358332475
weak,tau_ge_10,612,1,0.998487511709833,-13.869493505095454
weak,tau_ge_10,613,1,0.9945278794720241,5.384175112664246
weak,tau_ge_10,614,1,1.0081804380460686,-45.92924189503102
weak,tau_ge_10,615,1,0.9927953153211733,-0.973738752474555
weak,tau_ge_10,616,1,0.995374077081958,1.2202159141037805
weak,tau_ge_10,617,1,0.9998542945833772,-18.704384212589567
weak,tau_ge_10,618,1,0.9941136164412174,12.47665830536179
weak,tau_ge_10,619,1,0.9869131358000166,25.602886464630977
weak,tau_ge_10,620,1,0.9979901313818749,-8.345762674896264
weak,tau_ge_10,621,1,0.993748951775708,3.5768504144037805
weak,tau_ge_10,622,1,1.004058154668664,-28.143330274094183
weak,tau_ge_10,623,1,0.9924250785928429,-1.9430027527439093
weak,tau_ge_10,624,1,1.0052044754783358,-24.658382823168665
weak,tau_ge_10,625,1,0.9875571952812238,33.22859811708299
weak,tau_ge_10,626,1,1.000976946814093,-13.234895929661747
weak,tau_ge_10,627,1,0.9799625485915128,51.46090738072782
weak,tau_ge_10,628,1,0.988868036697958,19.27766338820343
weak,tau_ge_10,629,1,0.9957512204076768,2.4075375266867147
weak,tau_ge_10,630,1,1.004307191995158,-35.60381304674054
weak,tau_ge_10,631,1,0.9863435021248609,48.759204053321014
weak,tau_ge_10,632,1,1.006401009768326,-36.42490479936914
weak,tau_ge_10,633,1,0.9926341444991509,14.425112538600255
weak,tau_ge_10,634,1,0.999462802495786,-6.416902588820136
weak,tau_ge_10,635,1,0.9996912732972385,-13.343564733025433
weak,tau_ge_10,636,1,0.9978757088316005,-5.215571939158193
weak,tau_ge_10,637,1,0.9955589526635094,1.4077237229506612
weak,tau_ge_10,638,1,0.9955346680074615,-26.587232002358913
weak,tau_ge_10,639,1,0.988530381690141,25.841556504338094
weak,tau_ge_10,640,1,0.9916478513756019,0.5616656269148824
weak,tau_ge_10,641,1,0.9954786663046992,-6.180083202787649
weak,tau_ge_10,642,1,0.9899708683519886,18.692243994309656
weak,tau_ge_10,643,1,0.9857003793738129,21.79954194045052
weak,tau_ge_10,644,1,0.9955944982635365,-23.353384844180535
weak,tau_ge_10,645,1,0.998935354059897,-26.907263306782756
weak,tau_ge_10,646,1,0.9905398844559434,1.3359431458755233
weak,tau_ge_10,647,1,0.9970434262362413,-15.24632648045339
weak,tau_ge_10,648,1,0.9912811647429941,3.30046973269571
weak,tau_ge_10,649,1,0.9881062596220668,3.783664621588318
weak,tau_ge_10,650,1,0.9887805591973752,21.234437618126858
weak,tau_ge_10,651,1,0.9935815633805497,-10.134877842756078
weak,tau_ge_10,652,1,0.9888076943210745,12.728614016809729
weak,tau_ge_10,653,1,0.994703364164527,-8.61241859109123
weak,tau_ge_10,654,1,0.9916682980862941,13.100001875491403
weak,tau_ge_10,655,1,0.9936695913301739,-3.6154680095260403
weak,tau_ge_10,656,1,0.9904695777562621,25.111711351402224
weak,tau_ge_10,657,1,1.0004757201232906,-5.5353529159546095
weak,tau_ge_10,658,1,0.9838781693246503,43.85100189644519
weak,tau_ge_10,659,1,0.9886885222934347,8.380121749835732
weak,tau_ge_10,660,1,1.0029532238918266,-20.647925495599033
weak,tau_ge_10,661,1,0.995199763606282,-13.900821433913432
weak,tau_ge_10,662,1,1.0015379404109703,-26.19524891840714
weak,tau_ge_10,663,1,0.9999359883869913,-9.444903972363791
weak,tau_ge_10,664,1,0.9909861706495109,10.386330859080216
weak,tau_ge_10,665,1,0.9990250175186055,-9.385063166475913
weak,tau_ge_10,666,1,0.993231293863629,9.15779994676514
weak,tau_ge_10,667,1,1.0047083105455261,-39.897133898138215
weak,tau_ge_10,668,1,0.9911584082158096,12.874354889675054
weak,tau_ge_10,669,1,1.00225904318079,-22.754681676882207
weak,tau_ge_10,670,1,1.0054930735902947,-27.894690130394288
weak,tau_ge_10,671,1,0.984850745617491,23.89445002160628
weak,tau_ge_10,672,1,0.9897679406472014,9.066691798689595
weak,tau_ge_10,673,1,0.9885192523296691,11.932273823651103
weak,tau_ge_10,674,1,1.002046118538512,-25.907265686796336
weak,tau_ge_10,675,1,0.9915561183156146,14.331620966810428
weak,tau_ge_10,676,1,0.9917992365171181,6.642903885026677
weak,tau_ge_10,677,1,0.992241050697233,3.1100375529903026
weak,tau_ge_10,678,1,0.9884500810252633,23.929348792341134
weak,tau_ge_10,679,1,1.0000280467905336,-15.042439613615588
weak,tau_ge_10,680,1,0.9977143159552411,-17.523890720874334
weak,tau_ge_10,681,1,0.9893688440680739,-2.0405945982178118
weak,tau_ge_10,682,1,0.9903013731210216,11.18773267703443
weak,tau_ge_10,683,1,0.987035522477995,45.78238910541539
weak,tau_ge_10,684,1,0.984558825862002,39.22206850656998
weak,tau_ge_10,685,1,0.9951305826639968,-5.316263791301082
weak,tau_ge_10,686,1,0.9962532230148589,-12.222123853621238
weak,tau_ge_10,687,1,0.9869473690978581,25.857022217020507
weak,tau_ge_10,688,1,1.0079770151645584,-49.310207173604816
weak,tau_ge_10,689,1,1.0038337629168614,-24.53353561413815
weak,tau_ge_10,690,1,0.9966397365991024,-6.925419284289837
weak,tau_ge_10,691,1,1.0033582457142318,-27.946399157718968
weak,tau_ge_10,692,1,0.9949950618090427,-2.569429042573158
weak,tau_ge_10,693,1,1.0029365763296791,-33.3176020793717
weak,tau_ge_10,694,1,0.9937112836082209,15.582262980444234
weak,tau_ge_10,695,1,0.9903963428884405,14.125760456171756
weak,tau_ge_10,696,1,0.9754542661805341,69.95591400082381
weak,tau_ge_10,697,1,0.9963232454947145,-15.186645104521691
weak,tau_ge_10,698,1,1.0039367070882252,-22.972219078747763
weak,tau_ge_10,699,1,1.004630731961336,-22.664457431380264
weak,tau_ge_10,700,1,0.9878005199915431,16.02334595016998
weak,tau_ge_10,701,1,0.9912110419123387,-1.0958543797258984
weak,tau_ge_10,702,1,0.9998776505233198,-14.666908966372928
weak,tau_ge_10,703,1,0.995211341677503,2.5340926142022813
weak,tau_ge_10,704,1,0.9926642061449522,2.266507237762135
weak,tau_ge_10,705,1,0.9979764540591661,-19.040796903536048
weak,tau_ge_10,706,1,0.9934370515190784,-2.302423894934431
weak,tau_ge_10,707,1,0.9980540734020555,-12.41551756394164
weak,tau_ge_10,708,1,0.997462169519468,-4.727757321838875
weak,tau_ge_10,709,1,0.9922561645369581,19.356831533066437
weak,tau_ge_10,710,1,0.9914517500270179,-10.697321037936112
weak,tau_ge_10,711,1,0.9934443885793246,18.1113200729902
weak,tau_ge_10,712,1,1.000204397669491,-28.167329485261348
weak,tau_ge_10,713,1,0.9948230114113271,-12.95853241025923
weak,tau_ge_10,714,1,1.008917712573848,-41.171259848610546
weak,tau_ge_10,715,1,0.9991991168715814,-6.781495455976803
weak,tau_ge_10,716,1,1.0039102638337098,-37.208365086143814
weak,tau_ge_10,717,1,0.9968375945546866,-18.234888357114407
weak,tau_ge_10,718,1,0.9866962737615771,27.37308872073566
weak,tau_ge_10,719,1,1.001105402632058,-3.2458558482738367
weak,tau_ge_10,720,1,0.9938304209416731,7.738205028050573
weak,tau_ge_10,721,1,0.993848863969548,8.429484436361916
weak,tau_ge_10,722,1,0.9757513330608004,46.31653659205419
weak,tau_ge_10,723,1,0.9981689686435501,0.6988775037689782
weak,tau_ge_10,724,1,0.9914088306847987,9.100822347641385
weak,tau_ge_10,725,1,0.9983111891075866,-24.640571917027568
weak,tau_ge_10,726,1,0.9866534729654775,12.077674380548192
weak,tau_ge_10,727,1,0.9915869756889787,9.644612254434918
weak,tau_ge_10,728,1,0.993633044385637,7.715049358095578
weak,tau_ge_10,729,1,0.9901191924750276,21.079600708578564
weak,tau_ge_10,730,1,0.9909057896399299,11.984311473359751
weak,tau_ge_10,731,1,0.9978867908092921,0.4193106160330391
weak,tau_ge_10,732,1,0.9942478889353493,-9.050807243120541
weak,tau_ge_10,733,1,0.9893653696221494,28.46018776843341
weak,tau_ge_10,734,1,0.9796655834267145,21.892545859405057
weak,tau_ge_10,735,1,0.9962160495173404,-6.106186588480102
weak,tau_ge_10,736,1,0.9936447500961006,9.159955166451526
weak,tau_ge_10,737,1,0.9973742233174046,-18.440008772248955
weak,tau_ge_10,738,1,0.9951205336379385,-17.38361379044485
weak,tau_ge_10,739,1,1.0002133323438491,-24.48628500825404
weak,tau_ge_10,740,1,0.9949699451228533,5.430559604617188
weak,tau_ge_10,741,1,0.984622607693003,29.056779676120584
weak,tau_ge_10,742,1,1.0001651647421577,0.8678638485885087
weak,tau_ge_10,743,1,0.9997732309070696,-2.7172097590795126
weak,tau_ge_10,744,1,0.9901029388697535,3.0394109797880557
weak,tau_ge_10,745,1,0.9879094286780338,20.28317785169624
weak,tau_ge_10,746,1,0.9877386124413973,17.384868676598845
weak,tau_ge_10,747,1,0.994646599628537,-6.816242115577725
weak,tau_ge_10,748,1,0.9950005051050412,-16.26350986070161
weak,tau_ge_10,749,1,0.9907837593766319,11.731780453009854
weak,tau_ge_10,750,1,0.9943500047731115,11.980288317728435
weak,tau_ge_10,751,1,0.9971942434725404,-16.037038589277817
weak,tau_ge_10,752,1,0.9935338305748601,8.34673386174766
weak,tau_ge_10,753,1,0.9958276673574858,-3.6764182438421003
weak,tau_ge_10,754,1,0.9946753543535345,7.995437166339412
weak,tau_ge_10,755,1,0.9970690440380706,-7.957065827544068
weak,tau_ge_10,756,1,0.9996791327708807,-25.015689279403716
weak,tau_ge_10,757,1,0.9866334993040945,24.09293240418632
weak,tau_ge_10,758,1,0.9944217269557901,-9.212878242975998
weak,tau_ge_10,759,1,0.9887723563701927,20.900254491472904
weak,tau_ge_10,760,1,0.9991289217747893,-11.364560451283108
weak,tau_ge_10,761,1,0.9924444628033917,14.172296875066188
weak,tau_ge_10,762,1,0.9853924382267986,11.528338949034055
weak,tau_ge_10,763,1,0.9917364823985008,-8.437693420556544
weak,tau_ge_10,764,1,0.9912302377350439,12.205863523013171
weak,tau_ge_10,765,1,0.9911538867048014,19.67867034243529
weak,tau_ge_10,766,1,0.9915495530617306,14.779355719163549
weak,tau_ge_10,767,1,0.9991578029778668,-15.919676367780259
weak,tau_ge_10,768,1,1.0136783555495723,-31.335313178127386
weak,tau_ge_10,769,1,1.0024740336925835,-25.94777456716124
weak,tau_ge_10,770,1,0.996543898001367,-25.43271220957537
weak,tau_ge_10,771,1,0.993777540900461,10.331774928227428
weak,tau_ge_10,772,1,0.9963224100864885,5.600631702509786
weak,tau_ge_10,773,1,0.9992647680561567,-14.472881433092443
weak,tau_ge_10,774,1,0.9907986184048654,29.50731574219703
weak,tau_ge_10,775,1,1.00426719760945,-36.24880096968263
weak,tau_ge_10,776,1,0.9923375852702571,1.859169547444097
weak,tau_ge_10,777,1,0.9984752484285958,-14.78603478154413
weak,tau_ge_10,778,1,0.9910966580234812,2.50418289207432
weak,tau_ge_10,779,1,0.9873105017459783,11.429918132183484
weak,tau_ge_10,780,1,0.9953844009638596,-13.217730668913553
weak,tau_ge_10,781,1,0.9872686933959256,19.228512676520275
weak,tau_ge_10,782,1,0.993818554876334,11.480488069630884
weak,tau_ge_10,783,1,1.001463189390095,-25.107744400843714
weak,tau_ge_10,784,1,0.996127933246778,-0.21103540633460247
weak,tau_ge_10,785,1,0.9973336580977364,0.6066602640788418
weak,tau_ge_10,786,1,0.9935384683936631,24.168125927107138
weak,tau_ge_10,787,1,0.9995771813754395,-17.692856490165237
weak,tau_ge_10,788,1,1.0006720368026563,-17.011528163651846
weak,tau_ge_10,789,1,0.997077704898362,-16.17464078382268
weak,tau_ge_10,790,1,0.9957701623586476,-3.960880747451288
weak,tau_ge_10,791,1,0.9889137112498942,20.08048220460329
weak,tau_ge_10,792,1,0.9941021335108035,5.600414221944109
weak,tau_ge_10,793,1,0.9897914953253516,29.93864771527803
weak,tau_ge_10,794,1,0.9877887970365538,15.898603760976373
weak,tau_ge_10,795,1,1.0087735927922223,-53.733295423000264
weak,tau_ge_10,796,1,0.9972725539960758,20.838039298039284
weak,tau_ge_10,797,1,0.9914712643911414,8.670226443359583
weak,tau_ge_10,798,1,0.9795778219460612,34.4543496648532
weak,tau_ge_10,799,1,0.9986760008388569,-11.84433592418678
weak,tau_ge_10,800,1,0.9963059124646745,-9.462120288248773
weak,tau_ge_10,801,1,1.0059366763884179,-28.690276618876627
weak,tau_ge_10,802,1,0.9855865967514353,47.368426361107524
weak,tau_ge_10,803,1,0.9935457258504501,-0.9805000986930668
weak,tau_ge_10,804,1,0.9884535446237592,13.865666403963948
weak,tau_ge_10,805,1,0.989882237827041,2.1421661222837485
weak,tau_ge_10,806,1,0.9959328490517253,-13.616714119414459
weak,tau_ge_10,807,1,0.9913932850902092,-11.682327036712548
weak,tau_ge_10,808,1,0.989823959493235,3.1651239155412405
weak,tau_ge_10,809,1,0.9899872907274992,17.027640228388112
weak,tau_ge_10,810,1,0.9954053629706326,-11.451771855652138
weak,tau_ge_10,811,1,0.9860186407124579,31.680238668497847
weak,tau_ge_10,812,1,1.0040054679320092,-9.3376007703471
weak,tau_ge_10,813,1,0.9948691818742394,2.665068844013962
weak,tau_ge_10,814,1,0.9944571189633784,4.6338466414254995
weak,tau_ge_10,815,1,0.9999242693912368,-1.5232208409506232
weak,tau_ge_10,816,1,0.9995817773665517,-25.848945524280044
weak,tau_ge_10,817,1,0.9822759196216565,21.2691939395839
weak,tau_ge_10,818,1,0.9968183979144879,-10.276695542336725
weak,tau_ge_10,819,1,0.9910557185615311,10.10485998972989
weak,tau_ge_10,820,1,0.9885504311043819,17.097252982360473
weak,tau_ge_10,821,1,0.9863690854758108,32.1062925617001
weak,tau_ge_10,822,1,0.9897994567045548,5.213367913710788
weak,tau_ge_10,823,1,0.9911851276459983,22.488740512984812
weak,tau_ge_10,824,1,0.9922637628720257,0.8355029656700856
weak,tau_ge_10,825,1,0.9950305448430918,3.135835676660663
weak,tau_ge_10,826,1,0.9955300909145994,-11.637424703754782
weak,tau_ge_10,827,1,0.9907884773241811,23.47762708383382
weak,tau_ge_10,828,1,0.9999720345356445,5.647797034679924
weak,tau_ge_10,829,1,1.0008497738221132,-9.982334461615661
weak,tau_ge_10,830,1,1.0018275079645151,-30.530073290881415
weak,tau_ge_10,831,1,1.0020372334381626,-9.564198674797291
weak,tau_ge_10,832,1,1.000844748167347,-17.008664947465082
weak,tau_ge_10,833,1,0.9854644886976883,18.59443279991804
weak,tau_ge_10,834,1,1.0029589024804102,-30.5299365800478
weak,tau_ge_10,835,1,1.0055276730803604,-42.59450095329157
weak,tau_ge_10,836,1,0.9954409352577734,-15.802662041823565
weak,tau_ge_10,837,1,0.9968480001508108,-18.637740228267234
weak,tau_ge_10,838,1,0.9961238514053539,-10.293325535673127
weak,tau_ge_10,839,1,0.9878113227685393,16.914672032248788
weak,tau_ge_10,840,1,1.0025216084301047,-13.479780741952373
weak,tau_ge_10,841,1,0.9980870663097143,4.528410290546821
weak,tau_ge_10,842,1,0.9920512218872749,24.494419702823222
weak,tau_ge_10,843,1,0.9826890961654208,35.95435755800997
weak,tau_ge_10,844,1,0.9938606458343094,7.251090098251147
weak,tau_ge_10,845,1,0.9992788006625254,-29.846463166616157
weak,tau_ge_10,846,1,1.001590141277529,-4.201940427535106
weak,tau_ge_10,847,1,0.9855362710919339,15.489320239832756
weak,tau_ge_10,848,1,0.9967339452145478,-21.022435280576058
weak,tau_ge_10,849,1,0.9980930329155062,-4.665539127755684
weak,tau_ge_10,850,1,0.9898196608137467,9.505769614081233
weak,tau_ge_10,851,1,0.9975089835831612,-3.944462428029694
weak,tau_ge_10,852,1,0.9975621747816736,-8.760300354479591
weak,tau_ge_10,853,1,0.9969866311503542,3.1539191856081588
weak,tau_ge_10,854,1,1.0007351748635687,-17.342372455883364
weak,tau_ge_10,855,1,0.9962708091886255,-1.196231490585586
weak,tau_ge_10,856,1,1.0017878199441996,-11.981734788069794
weak,tau_ge_10,857,1,0.992154536956048,-1.9325558173932886
weak,tau_ge_10,858,1,0.9986818874250568,-14.778040506683347
weak,tau_ge_10,859,1,0.9899476016777156,6.983516513947764
weak,tau_ge_10,860,1,0.9995025602112272,-15.764821872033774
weak,tau_ge_10,861,1,0.9855001407267635,22.703087791577023
weak,tau_ge_10,862,1,0.9905317128660603,6.173153820364858
weak,tau_ge_10,863,1,0.9959451745385539,-14.568868534540009
weak,tau_ge_10,864,1,0.9846757745101963,23.741308019307603
weak,tau_ge_10,865,1,0.9990478058263532,-2.823707408747249
weak,tau_ge_10,866,1,0.9891961443243543,0.808256373938564
weak,tau_ge_10,867,1,0.9865350324824557,16.15670220817528
weak,tau_ge_10,868,1,0.9845734936652168,25.462758992566823
weak,tau_ge_10,869,1,0.9998619433137653,-13.422312468622412
weak,tau_ge_10,870,1,1.001061174833777,-24.013681042128834
weak,tau_ge_10,871,1,0.9894228889709779,5.026807847916149
weak,tau_ge_10,872,1,1.0034494047751823,-16.869976374690268
weak,tau_ge_10,873,1,0.9944184415573499,-4.4065425394436
weak,tau_ge_10,874,1,0.9885696452151895,-1.2608077996170979
weak,tau_ge_10,875,1,0.9964924534489036,-8.603628406944756
weak,tau_ge_10,876,1,0.997995166825147,-8.006970151147689
weak,tau_ge_10,877,1,1.0019300791916312,-18.486920215903265
weak,tau_ge_10,878,1,0.9955157933332444,-4.720562588617159
weak,tau_ge_10,879,1,0.9994823916392471,-16.84054122774493
weak,tau_ge_10,880,1,0.9984043225262146,-10.527991926790873
weak,tau_ge_10,881,1,1.0065581395602043,-25.8905373421821
weak,tau_ge_10,882,1,0.9953273453584942,-22.260560267647755
weak,tau_ge_10,883,1,0.9874919752658071,10.758798528182291
weak,tau_ge_10,884,1,0.9984244534462323,-14.626922968748342
weak,tau_ge_10,885,1,0.9996044445395028,-22.173591202334485
weak,tau_ge_10,886,1,1.0036411889704162,-34.00720006299759
weak,tau_ge_10,887,1,1.0031729285042315,-28.42929186375247
weak,tau_ge_10,888,1,0.9915843392143024,15.018245236559979
weak,tau_ge_10,889,1,0.9913202584591937,-0.6747770782488491
weak,tau_ge_10,890,1,0.9808114899036366,48.15122792523348
weak,tau_ge_10,891,1,0.9883198340514274,18.509527047747998
weak,tau_ge_10,892,1,1.004135638631252,-14.499769054934093
weak,tau_ge_10,893,1,0.9941472019746745,5.415372402794115
weak,tau_ge_10,894,1,0.989736400895256,21.082953437336627
weak,tau_ge_10,895,1,1.0020217465310703,-23.99227455190621
weak,tau_ge_10,896,1,0.9953915479104949,-0.9033632297941506
weak,tau_ge_10,897,1,0.9994890518959564,-17.823705311133725
weak,tau_ge_10,898,1,0.9916270257946833,1.35049368784691
weak,tau_ge_10,899,1,1.0040494155471555,-39.77478023516981
weak,tau_ge_10,900,1,0.9884900393840316,19.94058663652259
weak,tau_ge_10,901,1,0.9930367282898593,-13.962975959878001
weak,tau_ge_10,902,1,0.9969434256943662,-0.3515310389732649
weak,tau_ge_10,903,1,1.0032638363149895,-29.17653623998829
weak,tau_ge_10,904,1,0.9942740305627177,2.7504036163832106
weak,tau_ge_10,905,1,1.0007939693355823,-9.369611095301128
weak,tau_ge_10,906,1,0.9978890915108463,-14.698256174300585
weak,tau_ge_10,907,1,0.9980674467959565,-13.326123965908504
weak,tau_ge_10,908,1,0.9867358892453179,28.5973839811562
weak,tau_ge_10,909,1,0.9980745885778552,-20.102320558412806
weak,tau_ge_10,910,1,0.9872343737770037,14.13775376778631
weak,tau_ge_10,911,1,1.0056286252303366,-31.25844924749706
weak,tau_ge_10,912,1,1.0052938730733585,-33.20022220275654
weak,tau_ge_10,913,1,0.9949130426037968,13.149577722260213
weak,tau_ge_10,914,1,0.9995475907110505,-21.38465498778848
weak,tau_ge_10,915,1,0.9958306089099467,1.3251822563502484
weak,tau_ge_10,916,1,0.999116977725265,-2.105575485246241
weak,tau_ge_10,917,1,0.9891932820968508,-0.7137960868610426
weak,tau_ge_10,918,1,0.9781650288976403,63.95033601104131
weak,tau_ge_10,919,1,0.9905092346884591,18.660684815427466
weak,tau_ge_10,920,1,0.9987539949758136,-1.6961962799011236
weak,tau_ge_10,921,1,1.0000629275901778,-18.312533452862176
weak,tau_ge_10,922,1,0.9905097743378546,14.462642493217704
weak,tau_ge_10,923,1,0.9948479590790936,0.6790375200408251
weak,tau_ge_10,924,1,0.9877133216338944,15.940259323284824
weak,tau_ge_10,925,1,0.9940669894161032,-4.697683947527417
weak,tau_ge_10,926,1,0.9937998645771879,15.632353410970858
weak,tau_ge_10,927,1,0.9991429483470357,-23.20819484670059
weak,tau_ge_10,928,1,0.9997236217355858,-12.234325631897429
weak,tau_ge_10,929,1,0.9957194231548852,5.893598127086455
weak,tau_ge_10,930,1,0.9995367808765437,-17.52048825355923
weak,tau_ge_10,931,1,1.0023047036857209,-13.444530320692992
weak,tau_ge_10,932,1,0.9930851508800352,-17.60530134214506
weak,tau_ge_10,933,1,0.9933695768116669,-8.763486432241818
weak,tau_ge_10,934,1,0.9998951603406868,-20.316493779884997
weak,tau_ge_10,935,1,0.9896992547261445,34.089542714192305
weak,tau_ge_10,936,1,1.003927569704126,-22.282404577631542
weak,tau_ge_10,937,1,0.993386811828001,-4.17476936907421
weak,tau_ge_10,938,1,0.9943216075816632,-6.065784840264564
weak,tau_ge_10,939,1,1.0029360717175388,-35.34504478680213
weak,tau_ge_10,940,1,0.9899666819304924,15.66841488768347
weak,tau_ge_10,941,1,1.0089328377258175,-37.96763679280392
weak,tau_ge_10,942,1,0.990747009009584,23.825839416735615
weak,tau_ge_10,943,1,0.9967760369374417,25.677382678791258
weak,tau_ge_10,944,1,0.9999314209771718,-7.270970781702064
weak,tau_ge_10,945,1,0.992524005381451,27.66826750983504
weak,tau_ge_10,946,1,0.9967680093799568,-4.741264783990035
weak,tau_ge_10,947,1,0.9998091545868777,-10.178598845104593
weak,tau_ge_10,948,1,0.9825091835805165,41.89721233826469
weak,tau_ge_10,949,1,0.9984845933609415,-1.1411921474562743
weak,tau_ge_10,950,1,1.0000727869998536,-5.150703442283445
weak,tau_ge_10,951,1,0.9931433538457533,6.7361975615144685
weak,tau_ge_10,952,1,1.0088153699855993,-50.913519450553686
weak,tau_ge_10,953,1,0.9923183111078863,18.234820660769987
weak,tau_ge_10,954,1,1.0010101442913022,-23.640512761873865
weak,tau_ge_10,955,1,0.9956906565175861,9.538627808204277
weak,tau_ge_10,956,1,0.9908419500871858,15.261680896334449
weak,tau_ge_10,957,1,0.9919603670791916,17.42159434952824
weak,tau_ge_10,958,1,0.9935995870610921,-1.4911732069992905
weak,tau_ge_10,959,1,1.006987492325811,-14.694063025465159
weak,tau_ge_10,960,1,0.996377841816016,-3.3335675208603273
weak,tau_ge_10,961,1,0.9967338210929253,-4.245812641907097
weak,tau_ge_10,962,1,0.9963289985372649,-2.7090802062123793
weak,tau_ge_10,963,1,1.0001614945379926,-22.15739423258851
weak,tau_ge_10,964,1,0.9873557240600646,31.65015075686665
weak,tau_ge_10,965,1,0.9916694016927549,9.017832562850211
weak,tau_ge_10,966,1,1.0030948333422065,-20.65374174714003
weak,tau_ge_10,967,1,0.9986683033490409,-9.981427439658864
weak,tau_ge_10,968,1,0.9990549296907175,-7.30692513610093
weak,tau_ge_10,969,1,0.989733443496874,8.391118198042829
weak,tau_ge_10,970,1,0.9871340864104382,24.851076014547186
weak,tau_ge_10,971,1,0.998282694900043,-17.693177410189545
weak,tau_ge_10,972,1,0.9822784902032853,19.349668067851407
weak,tau_ge_10,973,1,0.9841701039916337,30.377923415520087
weak,tau_ge_10,974,1,0.9925425887271913,9.925198121019813
weak,tau_ge_10,975,1,0.990118825389899,12.604833338401837
weak,tau_ge_10,976,1,0.9950486703735562,7.595846686828212
weak,tau_ge_10,977,1,0.985868161764735,31.39353883508774
weak,tau_ge_10,978,1,0.9956975839516738,-5.904501055651257
weak,tau_ge_10,979,1,0.9937263253769352,1.0485826131535725
weak,tau_ge_10,980,1,0.9994981375746975,-17.92697301473369
weak,tau_ge_10,981,1,0.9984067830238212,-9.052071541233984
weak,tau_ge_10,982,1,1.0053129384129356,-37.139734642972954
weak,tau_ge_10,983,1,1.0052860286845726,-49.50554103934591
weak,tau_ge_10,984,1,0.9897746845956583,14.931295497258473
weak,tau_ge_10,985,1,0.9866008500293901,29.55618955512558
weak,tau_ge_10,986,1,1.0031268065685903,-25.916563296257994
weak,tau_ge_10,987,1,0.9955176744191058,-4.212178743885938
weak,tau_ge_10,988,1,0.9914137798097168,12.630886692152924
weak,tau_ge_10,989,1,0.9982542763963517,-13.321273126318264
weak,tau_ge_10,990,1,1.0021422571201315,-22.381555302882706
weak,tau_ge_10,991,1,1.0046160564836972,-17.171977135531115
weak,tau_ge_10,992,1,1.000041782504861,-17.7764645515067
weak,tau_ge_10,993,1,1.0026074696785499,-39.012357207145136
weak,tau_ge_10,994,1,0.9805306810750253,44.17041789002155
weak,tau_ge_10,995,1,0.9887774992697803,7.582247189973252
weak,tau_ge_10,996,1,0.9973901778306551,-8.284688317001212
weak,tau_ge_10,997,1,1.0015108065032443,-2.9964213014502943
weak,tau_ge_10,998,1,0.9908833418740273,-0.7949374776339788
weak,tau_ge_10,999,1,1.0025796573905086,-8.141708163151861
moderate,all_admissible,0,1,0.961628179272315,-21.327169499859888
moderate,all_admissible,1,1,0.9600591711881218,-12.064353448589735
moderate,all_admissible,2,1,0.9692517651266495,-31.174667238323718
moderate,all_admissible,3,1,0.9616507317396926,-6.507796237902668
moderate,all_admissible,4,1,0.9576561858580953,-5.917402758616928
moderate,all_admissible,5,1,0.9605284837120058,-6.03070025650484
moderate,all_admissible,6,1,0.9598736153503122,-14.128400303908338
moderate,all_admissible,7,1,0.967262449276705,-35.31484639399798
moderate,all_admissible,8,1,0.9651900805963792,-28.513951231723166
moderate,all_admissible,9,1,0.9576454982988384,-5.913101481659208
moderate,all_admissible,10,1,0.9628475109815694,-15.703158575556179
moderate,all_admissible,11,1,0.9611217669296075,-22.206743324520623
moderate,all_admissible,12,1,0.9638537328698784,-19.928380458010288
moderate,all_admissible,13,1,0.9604482145575796,-8.599137110722824
moderate,all_admissible,14,1,0.9581400481814263,-14.219298536657845
moderate,all_admissible,15,1,0.9580123461561477,-8.242798131298676
moderate,all_admissible,16,1,0.9634757666357588,-22.56351492319341
moderate,all_admissible,17,1,0.958614441871089,-4.409864385384276
moderate,all_admissible,18,1,0.961167234893886,-17.440788853605834
moderate,all_admissible,19,1,0.9625284650092112,-13.890445910741784
moderate,all_admissible,20,1,0.9683299714233102,-24.07100913501427
moderate,all_admissible,21,1,0.9703777725223802,-28.071573844540275
moderate,all_admissible,22,1,0.9629778513042949,-14.429563314901639
moderate,all_admissible,23,1,0.9648369379094937,-18.83601263807131
moderate,all_admissible,24,1,0.9676324718850693,-26.15758405525236
moderate,all_admissible,25,1,0.961240276221847,-15.198392899359614
moderate,all_admissible,26,1,0.9624847296355935,-12.87998468229629
moderate,all_admissible,27,1,0.9533918428967878,3.262490510642034
moderate,all_admissible,28,1,0.9657428719111887,-20.6960958751357
moderate,all_admissible,29,1,0.9600285630470573,-12.54579897874635
moderate,all_admissible,30,1,0.9690166102758133,-29.545713532545555
moderate,all_admissible,31,1,0.9657692721306802,-24.377219440236495
moderate,all_admissible,32,1,0.9634736256582048,-11.734598760152306
moderate,all_admissible,33,1,0.9639611451249257,-30.231325172583553
moderate,all_admissible,34,1,0.9600596040720218,-11.855750208385084
moderate,all_admissible,35,1,0.9604295091743301,-21.693506990545316
moderate,all_admissible,36,1,0.9588704577640101,-2.5097994910974
moderate,all_admissible,37,1,0.9673849860136132,-27.696130054721745
moderate,all_admissible,38,1,0.9612677736622073,-19.919936513085368
moderate,all_admissible,39,1,0.9548262872784564,-1.2162573459319426
moderate,all_admissible,40,1,0.9606878142803794,-11.899696398291386
moderate,all_admissible,41,1,0.9590090975491018,-3.784426798620338
moderate,all_admissible,42,1,0.9604958701490462,-0.07348680658534439
moderate,all_admissible,43,1,0.9543760638140746,2.4572934326957454
moderate,all_admissible,44,1,0.9621509412727104,-13.09530094049035
moderate,all_admissible,45,1,0.959383590621344,-0.6028919396707043
moderate,all_admissible,46,1,0.9587638941310487,-9.92605539261575
moderate,all_admissible,47,1,0.9650028864592667,-28.085337478355857
moderate,all_admissible,48,1,0.9605368558135772,-9.327911713412952
moderate,all_admissible,49,1,0.9648537712409144,-25.372187889853706
moderate,all_admissible,50,1,0.9597631127720196,1.814745411946944
moderate,all_admissible,51,1,0.9599741487257721,-6.447753060604392
moderate,all_admissible,52,1,0.9602752912049165,-7.646927072075897
moderate,all_admissible,53,1,0.9578303304903826,-8.14309348212969
moderate,all_admissible,54,1,0.9622141569733634,-14.488908872671985
moderate,all_admissible,55,1,0.9528881119107138,12.412456123016154
moderate,all_admissible,56,1,0.9598457897586737,-4.347374974532449
moderate,all_admissible,57,1,0.9604557162359366,-21.14078105934308
moderate,all_admissible,58,1,0.9568725975771393,0.7015271986254736
moderate,all_admissible,59,1,0.955652248711784,-3.1096986769699653
moderate,all_admissible,60,1,0.958577507672719,-6.921991647975752
moderate,all_admissible,61,1,0.9572785696740707,-5.5044397361331665
moderate,all_admissible,62,1,0.958846717231767,-17.942958000329288
moderate,all_admissible,63,1,0.9659156641274288,-26.13441228910387
moderate,all_admissible,64,1,0.9609190036371048,-16.891583800408085
moderate,all_admissible,65,1,0.964365857144235,-25.884890111109712
moderate,all_admissible,66,1,0.9625587503131747,-16.215222453982427
moderate,all_admissible,67,1,0.9613713520281801,-23.763775045315782
moderate,all_admissible,68,1,0.9603405350725622,-9.361214605204225
moderate,all_admissible,69,1,0.9643443045842156,-22.93844330677759
moderate,all_admissible,70,1,0.9561649887831362,5.331238452570482
moderate,all_admissible,71,1,0.9609424719370264,-8.16320729971584
moderate,all_admissible,72,1,0.9659871816441412,-26.086442470896944
moderate,all_admissible,73,1,0.962480747814297,-17.08989299825782
moderate,all_admissible,74,1,0.9635469913793242,-7.866844701761609
moderate,all_admissible,75,1,0.963002295080963,-19.644413234137712
moderate,all_admissible,76,1,0.9526279763759155,11.221884860786389
moderate,all_admissible,77,1,0.961007896859334,-4.448881977247421
moderate,all_admissible,78,1,0.9677527556362255,-24.990358606116803
moderate,all_admissible,79,1,0.9594600781991581,-13.175234007157199
moderate,all_admissible,80,1,0.9547698484600001,-4.4771310179689925
moderate,all_admissible,81,1,0.9677747199552641,-37.91049645420816
moderate,all_admissible,82,1,0.9671648663942458,-24.091323989662786
moderate,all_admissible,83,1,0.9672784327802972,-19.291932642033597
moderate,all_admissible,84,1,0.958306950484349,-1.5317855065726858
moderate,all_admissible,85,1,0.966350555621546,-23.06866140254503
moderate,all_admissible,86,1,0.9611124817536392,-7.652385937370124
moderate,all_admissible,87,1,0.9651612834602672,-22.843067879551906
moderate,all_admissible,88,1,0.9588119112243125,-8.597410174959046
moderate,all_admissible,89,1,0.9643382194678951,-19.995280864126734
moderate,all_admissible,90,1,0.9639017729928648,-17.766519734838006
moderate,all_admissible,91,1,0.9599574863150686,-10.533468162609333
moderate,all_admissible,92,1,0.9627605635862333,-14.840276569701327
moderate,all_admissible,93,1,0.9685939941632828,-27.40996704806054
moderate,all_admissible,94,1,0.9640144603920233,-26.189498405697314
moderate,all_admissible,95,1,0.9585242657240256,-3.787061228961326
moderate,all_admissible,96,1,0.9616882737698164,-14.646290408659782
moderate,all_admissible,97,1,0.9576646115204467,-12.607491789727339
moderate,all_admissible,98,1,0.960872583126192,-13.306432596287829
moderate,all_admissible,99,1,0.9575615607119755,-3.57184331216941
moderate,all_admissible,100,1,0.9632155707970199,-26.116976229033213
moderate,all_admissible,101,1,0.9584373718338333,-1.8850000144373749
moderate,all_admissible,102,1,0.9645378474722545,-31.263960739104512
moderate,all_admissible,103,1,0.964973126375848,-19.24234358295947
moderate,all_admissible,104,1,0.9580021567961424,1.9723792759120307
moderate,all_admissible,105,1,0.9638204044424248,-18.105254070206673
moderate,all_admissible,106,1,0.9545008836574652,4.4637941915514565
moderate,all_admissible,107,1,0.9622803704851519,-9.58796117560952
moderate,all_admissible,108,1,0.9681736648225845,-40.98906974803087
moderate,all_admissible,109,1,0.9587935090256273,-2.2397704484525116
moderate,all_admissible,110,1,0.9531021461827732,7.657042447013115
moderate,all_admissible,111,1,0.9616897593157777,-20.478225141240102
moderate,all_admissible,112,1,0.9648806862132264,-25.34229079374322
moderate,all_admissible,113,1,0.9573045811959516,-7.778869268339045
moderate,all_admissible,114,1,0.967521519828575,-25.329594991739047
moderate,all_admissible,115,1,0.9634556065459057,-20.070496683196318
moderate,all_admissible,116,1,0.963610757820586,-20.857094310416525
moderate,all_admissible,117,1,0.9602479057503885,-8.967578304892871
moderate,all_admissible,118,1,0.9622484605316263,-17.771984843235437
moderate,all_admissible,119,1,0.9604076821555347,-11.842701057205087
moderate,all_admissible,120,1,0.9619499397591298,-8.93067303978264
moderate,all_admissible,121,1,0.9653074551540695,-20.46657075165812
moderate,all_admissible,122,1,0.9653836051499665,-19.919794173193
moderate,all_admissible,123,1,0.9582321212019334,9.797722977782312
moderate,all_admissible,124,1,0.9588732760556504,-7.55376326328675
moderate,all_admissible,125,1,0.9676007128854776,-26.17671397000571
moderate,all_admissible,126,1,0.9586468549010869,-13.537994560184199
moderate,all_admissible,127,1,0.9670795990025202,-15.391720257265321
moderate,all_admissible,128,1,0.9579038736924177,-3.88242491819959
moderate,all_admissible,129,1,0.9609691725891597,-15.741944696389108
moderate,all_admissible,130,1,0.9556607280023184,-1.3877915531877019
moderate,all_admissible,131,1,0.9646802391840945,-17.76756862231172
moderate,all_admissible,132,1,0.9644981542061031,-22.296712511256437
moderate,all_admissible,133,1,0.962571488509279,-29.61538369564123
moderate,all_admissible,134,1,0.9651427035253012,-14.746232226777098
moderate,all_admissible,135,1,0.9584791793777909,-8.667911610976695
moderate,all_admissible,136,1,0.962357648442226,-11.432245521396169
moderate,all_admissible,137,1,0.9631699825966334,-18.38965725444166
moderate,all_admissible,138,1,0.967435103616243,-25.80005268017909
moderate,all_admissible,139,1,0.9564169991046579,-4.662117688099126
moderate,all_admissible,140,1,0.9630422532824825,-13.54950864428902
moderate,all_admissible,141,1,0.9624073045447138,-8.004200023521596
moderate,all_admissible,142,1,0.9579121053890245,0.2581005547912703
moderate,all_admissible,143,1,0.9632727208530971,-16.76345788986146
moderate,all_admissible,144,1,0.9599954590339761,-8.53439596472412
moderate,all_admissible,145,1,0.9659232119881054,-16.766697206087414
moderate,all_admissible,146,1,0.9530654008078574,12.549969655661975
moderate,all_admissible,147,1,0.9657786021516744,-23.833393001882484
moderate,all_admissible,148,1,0.9664190122199786,-32.730590513864605
moderate,all_admissible,149,1,0.9539810816435065,-1.1007750534457321
moderate,all_admissible,150,1,0.9628177805868164,-18.930161920207105
moderate,all_admissible,151,1,0.9604859695269582,-12.848212947601708
moderate,all_admissible,152,1,0.9650271715530705,-24.127429823194852
moderate,all_admissible,153,1,0.9654945587448999,-18.84513518344755
moderate,all_admissible,154,1,0.9602171496651546,-7.253713288488399
moderate,all_admissible,155,1,0.96132052048114,-12.407073927932757
moderate,all_admissible,156,1,0.9587429950510509,-0.9908553797078832
moderate,all_admissible,157,1,0.9681356413335654,-34.92374292198085
moderate,all_admissible,158,1,0.9586486593467297,-6.547085975499252
moderate,all_admissible,159,1,0.9598828060171425,-2.629968388954893
moderate,all_admissible,160,1,0.9607316333749552,-6.934082304797657
moderate,all_admissible,161,1,0.9629546035306864,-21.790082677029254
moderate,all_admissible,162,1,0.9613934954177297,-20.78189432947375
moderate,all_admissible,163,1,0.9629578758486074,-9.164908467700892
moderate,all_admissible,164,1,0.9646962899557151,-21.74028794522399
moderate,all_admissible,165,1,0.9677714764033885,-31.809271877946436
moderate,all_admissible,166,1,0.9646732243136091,-19.202975946047196
moderate,all_admissible,167,1,0.9625077977181962,-15.90962898327963
moderate,all_admissible,168,1,0.9591968031186296,-7.073964829877068
moderate,all_admissible,169,1,0.9617805675106518,-6.376816416623764
moderate,all_admissible,170,1,0.9608368092823131,-20.404770645678106
moderate,all_admissible,171,1,0.9625182945454448,-9.870050093444078
moderate,all_admissible,172,1,0.963510143773035,-19.89845322739859
moderate,all_admissible,173,1,0.961305907379717,-21.065944650642788
moderate,all_admissible,174,1,0.9606438964286962,-3.586589055794389
moderate,all_admissible,175,1,0.9649340042119241,-18.72412595513252
moderate,all_admissible,176,1,0.9531954402605166,7.118419915855873
moderate,all_admissible,177,1,0.9582314035614584,-4.345433558692724
moderate,all_admissible,178,1,0.9619977404897417,-6.1281041633430124
moderate,all_admissible,179,1,0.9609809862331772,-13.989948511992553
moderate,all_admissible,180,1,0.9703262491608066,-27.269858441737075
moderate,all_admissible,181,1,0.9613061989124281,-10.149263174684116
moderate,all_admissible,182,1,0.9601795292366734,-1.5136194919167028
moderate,all_admissible,183,1,0.96155952042957,-15.12590759696523
moderate,all_admissible,184,1,0.9570107429673771,-2.3092748192554255
moderate,all_admissible,185,1,0.9655359310652641,-17.130216669940246
moderate,all_admissible,186,1,0.9592710098468983,-12.44106114063319
moderate,all_admissible,187,1,0.9626285940132773,-20.188824373105753
moderate,all_admissible,188,1,0.9591973287938144,-9.04505372606563
moderate,all_admissible,189,1,0.9708157759349891,-30.2650064132904
moderate,all_admissible,190,1,0.9611168828138178,-18.469583959252606
moderate,all_admissible,191,1,0.9672437438570453,-31.45126602198837
moderate,all_admissible,192,1,0.9583068940064483,-8.506756715136957
moderate,all_admissible,193,1,0.963281968992894,-24.361603354687187
moderate,all_admissible,194,1,0.9639104154439972,-21.779481124599194
moderate,all_admissible,195,1,0.9621597730459314,-19.754444733117232
moderate,all_admissible,196,1,0.9653699414277276,-18.5819977932795
moderate,all_admissible,197,1,0.9618432363227897,-14.450602255948647
moderate,all_admissible,198,1,0.966821597191161,-28.11240662206699
moderate,all_admissible,199,1,0.9665002266960705,-31.0834778520148
moderate,all_admissible,200,1,0.9620712502118302,-8.254701933995685
moderate,all_admissible,201,1,0.9629273776291175,-14.200835413795849
moderate,all_admissible,202,1,0.9592264647406552,-6.2864809609024155
moderate,all_admissible,203,1,0.9634778571318459,-21.678845992866982
moderate,all_admissible,204,1,0.960144921059398,-17.49752436027956
moderate,all_admissible,205,1,0.9664296286638339,-18.83434236270643
moderate,all_admissible,206,1,0.962374322746383,-15.273891382282095
moderate,all_admissible,207,1,0.9683883428048501,-30.05126955688845
moderate,all_admissible,208,1,0.962965733577221,-16.044524969157155
moderate,all_admissible,209,1,0.9554009690838368,2.6242375755803806
moderate,all_admissible,210,1,0.965269651311388,-20.648495256323198
moderate,all_admissible,211,1,0.9577859022118417,-3.147774360497425
moderate,all_admissible,212,1,0.9619529696708805,-16.903770584007496
moderate,all_admissible,213,1,0.960418792931106,-11.430999503431284
moderate,all_admissible,214,1,0.9621685906111874,-8.839840695847032
moderate,all_admissible,215,1,0.9629458241846114,-17.6349985112024
moderate,all_admissible,216,1,0.9619658221217516,-13.705964191710107
moderate,all_admissible,217,1,0.9596137283074747,-9.289333111603108
moderate,all_admissible,218,1,0.9665658090701086,-20.244394557874674
moderate,all_admissible,219,1,0.9607681590111059,-7.832966875726405
moderate,all_admissible,220,1,0.9643066835381303,-13.617362264558876
moderate,all_admissible,221,1,0.960757209010287,-18.387805403468608
moderate,all_admissible,222,1,0.9573130847299343,1.032983863611531
moderate,all_admissible,223,1,0.9644265373929493,-27.47994146601404
moderate,all_admissible,224,1,0.9606835457349151,-6.049355120255127
moderate,all_admissible,225,1,0.9619214637164126,-11.970185217397459
moderate,all_admissible,226,1,0.9619402942840839,-11.425123691075854
moderate,all_admissible,227,1,0.9653634336983581,-23.992108753222386
moderate,all_admissible,228,1,0.956480858971071,-1.6261057401117196
moderate,all_admissible,229,1,0.9546855692058447,6.848923528828007
moderate,all_admissible,230,1,0.9621954762829124,-19.761555424971153
moderate,all_admissible,231,1,0.9612159160623859,-12.906611848712613
moderate,all_admissible,232,1,0.9583920909816879,-7.447128044704487
moderate,all_admissible,233,1,0.9618893439567489,-14.909423511947983
moderate,all_admissible,234,1,0.9617133727750344,-15.758316571735294
moderate,all_admissible,235,1,0.9620081892729252,-13.72889832356023
moderate,all_admissible,236,1,0.9689709168656491,-28.681951158047333
moderate,all_admissible,237,1,0.9599795268818013,-0.6831307142081268
moderate,all_admissible,238,1,0.961440109190703,-15.88902723205982
moderate,all_admissible,239,1,0.9642107471289222,-19.8789166617573
moderate,all_admissible,240,1,0.96338849245296,-16.215207092199016
moderate,all_admissible,241,1,0.9593987953110337,-8.132154145264257
moderate,all_admissible,242,1,0.9615438929485919,-19.997944186287864
moderate,all_admissible,243,1,0.966029509782109,-25.95971569077151
moderate,all_admissible,244,1,0.9614056759963976,-14.567185001607912
moderate,all_admissible,245,1,0.9645994849274286,-21.957080139900636
moderate,all_admissible,246,1,0.9593754101393794,-5.232228575203023
moderate,all_admissible,247,1,0.9537341388805055,1.7960006934270583
moderate,all_admissible,248,1,0.9644995168134264,-15.785255030945649
moderate,all_admissible,249,1,0.9622750864879434,-13.993310551643992
moderate,all_admissible,250,1,0.9619198830647628,-16.350416101378713
moderate,all_admissible,251,1,0.9601930380584838,-13.68615837086152
moderate,all_admissible,252,1,0.9648578054806286,-17.99266581940713
moderate,all_admissible,253,1,0.9603423716215967,-1.4858435886631411
moderate,all_admissible,254,1,0.9635788391160155,-11.987312104645557
moderate,all_admissible,255,1,0.9602898867785421,-20.34350427368756
moderate,all_admissible,256,1,0.9620740162073896,-16.152559678636216
moderate,all_admissible,257,1,0.9607697713112702,0.5760639881167366
moderate,all_admissible,258,1,0.9585732811286396,-2.355337866731398
moderate,all_admissible,259,1,0.9564541113301475,-8.778692963182761
moderate,all_admissible,260,1,0.9585938840788263,5.232113092205081
moderate,all_admissible,261,1,0.9591808080337764,-12.701350688129896
moderate,all_admissible,262,1,0.9625865615454858,-9.624431609160466
moderate,all_admissible,263,1,0.9616027761254814,-18.02110479973592
moderate,all_admissible,264,1,0.9599154053396466,-9.661519057247839
moderate,all_admissible,265,1,0.9614647941911403,-10.03773617813819
moderate,all_admissible,266,1,0.959838581413853,-11.965647015113591
moderate,all_admissible,267,1,0.9550956975424044,-7.422718840948911
moderate,all_admissible,268,1,0.9506632572425248,14.721873451990648
moderate,all_admissible,269,1,0.9636767321961656,-18.311002067624056
moderate,all_admissible,270,1,0.9584441404338282,-4.870304628031016
moderate,all_admissible,271,1,0.964079046955038,-19.843091329595854
moderate,all_admissible,272,1,0.9666456791957597,-24.26399627326748
moderate,all_admissible,273,1,0.960456055598954,-13.936721517943875
moderate,all_admissible,274,1,0.9643540879455796,-21.592193441580026
moderate,all_admissible,275,1,0.9608618069615007,-8.619284024518896
moderate,all_admissible,276,1,0.9569059606460601,-0.5074092898358458
moderate,all_admissible,277,1,0.9613913913328125,-21.045655576209793
moderate,all_admissible,278,1,0.9607105963386022,-12.882018687915966
moderate,all_admissible,279,1,0.9634980715065452,-20.800822544275793
moderate,all_admissible,280,1,0.9631618103947408,-15.515012903968122
moderate,all_admissible,281,1,0.962819780392141,-5.789733356701997
moderate,all_admissible,282,1,0.9621760175470814,-18.951363864928965
moderate,all_admissible,283,1,0.9625495443198632,-27.698582298723505
moderate,all_admissible,284,1,0.9645918912028305,-23.05023336588671
moderate,all_admissible,285,1,0.9643024603314557,-24.15123319200113
moderate,all_admissible,286,1,0.9625046817783501,-17.430439646247667
moderate,all_admissible,287,1,0.9614790921190237,-13.180927927147986
moderate,all_admissible,288,1,0.9577432325637464,1.3710597002715357
moderate,all_admissible,289,1,0.9665768622083027,-24.33248778400407
moderate,all_admissible,290,1,0.9619506077421056,-15.53496775149469
moderate,all_admissible,291,1,0.9584658982057443,-11.299089258880441
moderate,all_admissible,292,1,0.9653058599858911,-24.228188415810376
moderate,all_admissible,293,1,0.9622957231647112,-10.471783413371544
moderate,all_admissible,294,1,0.9624551641780293,-9.417596372192719
moderate,all_admissible,295,1,0.9633564348367905,-20.470963632464954
moderate,all_admissible,296,1,0.9597873748590566,-4.348553936358471
moderate,all_admissible,297,1,0.9634666982298085,-17.8227237546132
moderate,all_admissible,298,1,0.9629129735358039,-25.98704175148848
moderate,all_admissible,299,1,0.9543176631144844,7.18540071154128
moderate,all_admissible,300,1,0.9653373442941936,-25.55547531655754
moderate,all_admissible,301,1,0.958142723909859,-5.136150352306983
moderate,all_admissible,302,1,0.963579952291128,-23.253166085437133
moderate,all_admissible,303,1,0.9550582199618637,-0.8339286640565995
moderate,all_admissible,304,1,0.9629581903114071,-20.692954209605862
moderate,all_admissible,305,1,0.9700169073295352,-35.72023290632324
moderate,all_admissible,306,1,0.9616709675810851,-7.260073833617368
moderate,all_admissible,307,1,0.9630408462753689,-17.392759671892243
moderate,all_admissible,308,1,0.9624583681715211,-17.150613953434533
moderate,all_admissible,309,1,0.9641111614415887,-22.850543470384903
moderate,all_admissible,310,1,0.9612123347397408,-13.168202179397603
moderate,all_admissible,311,1,0.9658352607823877,-20.269889669307922
moderate,all_admissible,312,1,0.9628986255192862,-12.294483679240152
moderate,all_admissible,313,1,0.9649726614351425,-18.16830143967111
moderate,all_admissible,314,1,0.955331061945992,5.224341901459659
moderate,all_admissible,315,1,0.9656867037824068,-32.2957922030342
moderate,all_admissible,316,1,0.961462998368732,-20.55170836454013
moderate,all_admissible,317,1,0.9570345363968388,3.7086676248877
moderate,all_admissible,318,1,0.9611837867396026,-12.599050678660056
moderate,all_admissible,319,1,0.9557654255224532,1.6115242472614835
moderate,all_admissible,320,1,0.9646856870059334,-21.99263828116123
moderate,all_admissible,321,1,0.9637188001941737,-23.241023695834162
moderate,all_admissible,322,1,0.9527806202912072,10.233108894836324
moderate,all_admissible,323,1,0.956547189111751,1.9526236959308074
moderate,all_admissible,324,1,0.9532024574481704,4.293328349058142
moderate,all_admissible,325,1,0.9646003922404288,-23.979577793414034
moderate,all_admissible,326,1,0.9646300453178173,-22.57068677625252
moderate,all_admissible,327,1,0.9613285790902659,-14.603873765890999
moderate,all_admissible,328,1,0.9549180045310286,-2.334457801263869
moderate,all_admissible,329,1,0.9612795092661922,-8.928172165436528
moderate,all_admissible,330,1,0.970679641098795,-43.83670827849673
moderate,all_admissible,331,1,0.9631948606767143,-19.356982754472188
moderate,all_admissible,332,1,0.9620203172042298,-12.564438308620018
moderate,all_admissible,333,1,0.9596381073430649,-16.203522723451997
moderate,all_admissible,334,1,0.9652031303430483,-23.680417331237116
moderate,all_admissible,335,1,0.9596377275342103,-2.462417698442854
moderate,all_admissible,336,1,0.9643330856593494,-30.64448745572632
moderate,all_admissible,337,1,0.959701731313779,-15.963145100778668
moderate,all_admissible,338,1,0.9650900832859851,-18.351048311876983
moderate,all_admissible,339,1,0.9566913381260842,-10.71763945933026
moderate,all_admissible,340,1,0.9631373245833726,-19.232858309465374
moderate,all_admissible,341,1,0.9639056098408919,-20.4540120017012
moderate,all_admissible,342,1,0.9633549649977752,-21.04679345855222
moderate,all_admissible,343,1,0.9608946328390158,-16.537548176501385
moderate,all_admissible,344,1,0.9620496022492631,-20.64059614378452
moderate,all_admissible,345,1,0.9629819524708777,-22.088940926556827
moderate,all_admissible,346,1,0.9571455566889554,-3.3392606170847463
moderate,all_admissible,347,1,0.9640433956300306,-19.209830793688084
moderate,all_admissible,348,1,0.963096358049982,-17.519529012844988
moderate,all_admissible,349,1,0.9628175747767818,-21.14243944867203
moderate,all_admissible,350,1,0.9642835189674192,-25.147442391703883
moderate,all_admissible,351,1,0.9550306512253698,2.5715898469224947
moderate,all_admissible,352,1,0.9596226465118362,-10.433879103579889
moderate,all_admissible,353,1,0.9642258346870228,-20.326534283368947
moderate,all_admissible,354,1,0.9628942587005089,-9.906849004909077
moderate,all_admissible,355,1,0.9565504105995134,0.8016468371822588
moderate,all_admissible,356,1,0.9558620778058093,5.780928802706891
moderate,all_admissible,357,1,0.9633619869555893,-14.411482973419165
moderate,all_admissible,358,1,0.9610258274907388,-10.266375093569588
moderate,all_admissible,359,1,0.9562954895644739,-1.7593035350617305
moderate,all_admissible,360,1,0.9699521662210637,-26.051270105518146
moderate,all_admissible,361,1,0.9632636352248021,-20.38261893089256
moderate,all_admissible,362,1,0.9684506809812706,-32.26848007301645
moderate,all_admissible,363,1,0.9644363093912752,-26.24876474018507
moderate,all_admissible,364,1,0.95690384055174,6.613309071513604
moderate,all_admissible,365,1,0.964665556968115,-20.8176178294252
moderate,all_admissible,366,1,0.9680404236824581,-27.524677583926294
moderate,all_admissible,367,1,0.9572664053071149,-5.189620777537356
moderate,all_admissible,368,1,0.9572855337616797,0.851679452693399
moderate,all_admissible,369,1,0.9628499447066663,-16.528239343126096
moderate,all_admissible,370,1,0.9655981508179806,-21.17573802790076
moderate,all_admissible,371,1,0.9653004711962427,-18.609702210494792
moderate,all_admissible,372,1,0.9602406899244479,-18.33383912379314
moderate,all_admissible,373,1,0.9620144921383406,-9.955755258570004
moderate,all_admissible,374,1,0.9538679362584753,-2.125435627782015
moderate,all_admissible,375,1,0.9651353652790157,-24.59849930419567
moderate,all_admissible,376,1,0.9661964132415586,-25.71142524653
moderate,all_admissible,377,1,0.9631417545108792,-17.78703262233707
moderate,all_admissible,378,1,0.9665546511291507,-30.739809023436305
moderate,all_admissible,379,1,0.9668829921380063,-31.288354363141398
moderate,all_admissible,380,1,0.9669146147605311,-27.823873029495577
moderate,all_admissible,381,1,0.962090422750841,-23.497885015575275
moderate,all_admissible,382,1,0.9619035703461117,-21.702296796768845
moderate,all_admissible,383,1,0.9558291264216349,-1.136623509025871
moderate,all_admissible,384,1,0.9618266971744263,-14.750864053812178
moderate,all_admissible,385,1,0.9587509259088269,-8.432344220387344
moderate,all_admissible,386,1,0.9531440729096569,4.244233975712448
moderate,all_admissible,387,1,0.963024742307799,-9.789864741801969
moderate,all_admissible,388,1,0.9667817661269769,-29.673704012252895
moderate,all_admissible,389,1,0.9628338043113903,-20.65937369514982
moderate,all_admissible,390,1,0.9639626588218262,-19.41177222583252
moderate,all_admissible,391,1,0.951285442547572,16.460630784763634
moderate,all_admissible,392,1,0.9615376226318189,-14.8595872748753
moderate,all_admissible,393,1,0.9665877700451272,-23.109773301242157
moderate,all_admissible,394,1,0.9557920679568974,-7.49364040263921
moderate,all_admissible,395,1,0.9554369509915815,2.452472547925906
moderate,all_admissible,396,1,0.9641020373269167,-16.10627515933457
moderate,all_admissible,397,1,0.9642373093847338,-20.430638202920935
moderate,all_admissible,398,1,0.961445727858002,-16.046888864559737
moderate,all_admissible,399,1,0.9534883178302617,4.912351864536677
moderate,all_admissible,400,1,0.958437426881289,-0.7542376715864614
moderate,all_admissible,401,1,0.9611313918395732,-9.756272432237628
moderate,all_admissible,402,1,0.96117253811289,-13.589996638542672
moderate,all_admissible,403,1,0.9625401736051625,-18.911692690355846
moderate,all_admissible,404,1,0.9536596741440939,13.745118530893775
moderate,all_admissible,405,1,0.9637032973767067,-17.60273808346027
moderate,all_admissible,406,1,0.9587378266451058,-1.557759032764901
moderate,all_admissible,407,1,0.9652564784010368,-27.805736389643947
moderate,all_admissible,408,1,0.9615622167586797,-15.6572272377137
moderate,all_admissible,409,1,0.9612070118469912,-16.52695705801747
moderate,all_admissible,410,1,0.9617289239860142,-10.078249453455072
moderate,all_admissible,411,1,0.9533358313222948,1.4736857983938938
moderate,all_admissible,412,1,0.9639843576679754,-31.910593180641982
moderate,all_admissible,413,1,0.9557413938815693,-5.350988278586638
moderate,all_admissible,414,1,0.9571148716974907,1.8451173473920024
moderate,all_admissible,415,1,0.9663290853886792,-28.669306479005872
moderate,all_admissible,416,1,0.9673071866396256,-27.70705349107082
moderate,all_admissible,417,1,0.9616877637545767,-16.385022807830097
moderate,all_admissible,418,1,0.9678851711830488,-28.26071791219912
moderate,all_admissible,419,1,0.9551663499870678,-1.6437302318430602
moderate,all_admissible,420,1,0.9577370453307862,0.49477874457218246
moderate,all_admissible,421,1,0.9591987596852192,-6.975772015620085
moderate,all_admissible,422,1,0.960922968008047,-10.744323639210617
moderate,all_admissible,423,1,0.9621894575342799,-14.650560000744596
moderate,all_admissible,424,1,0.9611375858645342,-12.543288999843101
moderate,all_admissible,425,1,0.9624452641627019,-23.69378050509855
moderate,all_admissible,426,1,0.9627465364455206,-20.94499734316242
moderate,all_admissible,427,1,0.9624413229988931,-21.21358164676661
moderate,all_admissible,428,1,0.9622430602929034,-14.797141890450982
moderate,all_admissible,429,1,0.9604807666769107,-6.780757498238769
moderate,all_admissible,430,1,0.9569240883613086,5.488374405394534
moderate,all_admissible,431,1,0.9642586965652925,-19.26221649020357
moderate,all_admissible,432,1,0.9643132902500282,-18.676189292526217
moderate,all_admissible,433,1,0.9648239946447384,-19.509614743742482
moderate,all_admissible,434,1,0.9670497568290226,-18.1314071796429
moderate,all_admissible,435,1,0.9524439434706045,4.890999746050232
moderate,all_admissible,436,1,0.9625814642008901,-17.891456197672515
moderate,all_admissible,437,1,0.9607609899848919,-18.865159970224937
moderate,all_admissible,438,1,0.9623543209901979,-19.541893804282015
moderate,all_admissible,439,1,0.9610316811099006,-10.091676483447728
moderate,all_admissible,440,1,0.9676839805235522,-29.60915760126833
moderate,all_admissible,441,1,0.9598968182139709,-16.52592726385663
moderate,all_admissible,442,1,0.9568277652570444,-7.4137743248412455
moderate,all_admissible,443,1,0.9598863472531481,-13.094482110460424
moderate,all_admissible,444,1,0.9605555079919912,-13.610783701439791
moderate,all_admissible,445,1,0.9635967068058053,-18.684140407347954
moderate,all_admissible,446,1,0.9631406451732595,-17.174849089957064
moderate,all_admissible,447,1,0.9678816254839652,-23.456865487713742
moderate,all_admissible,448,1,0.9531369657002364,-7.104934425298234
moderate,all_admissible,449,1,0.9603747231376942,-9.278287582952583
moderate,all_admissible,450,1,0.9630957808455108,-20.08717967841354
moderate,all_admissible,451,1,0.960405933774757,-15.790047383453036
moderate,all_admissible,452,1,0.965146648847325,-22.053539574896416
moderate,all_admissible,453,1,0.9536212028943433,6.885920275318612
moderate,all_admissible,454,1,0.9608248794141844,-7.486986601757043
moderate,all_admissible,455,1,0.9574231015088882,2.244911593535622
moderate,all_admissible,456,1,0.9629520626263585,-17.556841172062626
moderate,all_admissible,457,1,0.9642376650078026,-31.80315996528334
moderate,all_admissible,458,1,0.9550200230301712,4.386797590686496
moderate,all_admissible,459,1,0.9626478930026018,-18.5444464777779
moderate,all_admissible,460,1,0.9569494380942398,-8.505614470294393
moderate,all_admissible,461,1,0.9553712952101548,3.710282649736818
moderate,all_admissible,462,1,0.9682208462284158,-39.373016201355604
moderate,all_admissible,463,1,0.9631133737108853,-19.773640035909278
moderate,all_admissible,464,1,0.958521230815138,-6.618385506477669
moderate,all_admissible,465,1,0.9623872778836037,-17.014584131681058
moderate,all_admissible,466,1,0.9611003784745508,-15.776863120847292
moderate,all_admissible,467,1,0.9659835666720973,-29.265016085386453
moderate,all_admissible,468,1,0.9586566586319903,-1.3970586383327925
moderate,all_admissible,469,1,0.9617655626281256,-16.931377889510003
moderate,all_admissible,470,1,0.9648057281874446,-27.60450185247597
moderate,all_admissible,471,1,0.954920300624889,-2.376662132483551
moderate,all_admissible,472,1,0.9569001322506905,-5.9746022788007105
moderate,all_admissible,473,1,0.9615579322929948,-10.96332810376501
moderate,all_admissible,474,1,0.9631171521326071,-12.88185681461725
moderate,all_admissible,475,1,0.9577823244328554,-9.998223883774974
moderate,all_admissible,476,1,0.9609598841844421,-12.666666579570864
moderate,all_admissible,477,1,0.9599922691324803,-13.085408066640637
moderate,all_admissible,478,1,0.9588062222216062,-9.093038684185146
moderate,all_admissible,479,1,0.9596433242053843,-10.194081744060563
moderate,all_admissible,480,1,0.953189048862486,-1.3554761178605443
moderate,all_admissible,481,1,0.9645806120819312,-17.877879059479906
moderate,all_admissible,482,1,0.9634818670540504,-11.480779684270935
moderate,all_admissible,483,1,0.9571606901465055,-5.815514171096702
moderate,all_admissible,484,1,0.9609187842745543,-11.994637008819565
moderate,all_admissible,485,1,0.9558302480174021,3.2684330857695096
moderate,all_admissible,486,1,0.9624742527663294,-20.19319262976794
moderate,all_admissible,487,1,0.9599219699664969,-8.508975142799555
moderate,all_admissible,488,1,0.9573022675498433,0.7828340748695625
moderate,all_admissible,489,1,0.9670022298451241,-30.13622128236571
moderate,all_admissible,490,1,0.9621613487910441,-20.411562310792455
moderate,all_admissible,491,1,0.9569325326000917,-2.558208679274575
moderate,all_admissible,492,1,0.9645629389885749,-31.522820428776924
moderate,all_admissible,493,1,0.9514418923013985,4.228541703324948
moderate,all_admissible,494,1,0.9637203362620664,-17.59590873974707
moderate,all_admissible,495,1,0.96319435633837,-13.20741195749809
moderate,all_admissible,496,1,0.9598667429783957,-10.217852800612098
moderate,all_admissible,497,1,0.9559448081656319,3.4505315427314174
moderate,all_admissible,498,1,0.9663290179072411,-20.200640412847108
moderate,all_admissible,499,1,0.9638827312298103,-27.301894394140458
moderate,all_admissible,500,1,0.9615239353066583,-10.790185620895812
moderate,all_admissible,501,1,0.9628360505303212,-17.280032626220972
moderate,all_admissible,502,1,0.9643427918965125,-34.44286009673615
moderate,all_admissible,503,1,0.9596759782444083,-13.905225136945049
moderate,all_admissible,504,1,0.9653800529383462,-23.106318589988007
moderate,all_admissible,505,1,0.9633553872467864,-12.091297538320756
moderate,all_admissible,506,1,0.9640162808809871,-21.412999052321542
moderate,all_admissible,507,1,0.962269454126355,-14.676269908901183
moderate,all_admissible,508,1,0.9565199120251796,-0.45985209356140544
moderate,all_admissible,509,1,0.9628129017545412,-23.161127783221616
moderate,all_admissible,510,1,0.9642560868612106,-17.342258986714846
moderate,all_admissible,511,1,0.9650396869957469,-23.049604406654883
moderate,all_admissible,512,1,0.9680935313981974,-25.584773085951888
moderate,all_admissible,513,1,0.9589455358819192,-10.840177635173834
moderate,all_admissible,514,1,0.9598511933913837,-5.352039838652968
moderate,all_admissible,515,1,0.960195969417706,-6.362467614645678
moderate,all_admissible,516,1,0.9564189743782984,3.4762910954889206
moderate,all_admissible,517,1,0.9587014721168491,-12.040244415871824
moderate,all_admissible,518,1,0.9597966029629534,-12.998157655761409
moderate,all_admissible,519,1,0.9613285218295963,-12.29572591255378
moderate,all_admissible,520,1,0.9626865868590041,-16.972092864383864
moderate,all_admissible,521,1,0.9550296563484095,7.207424193183808
moderate,all_admissible,522,1,0.9555359121040963,3.6479415909542454
moderate,all_admissible,523,1,0.9600462009753584,-17.648746697936367
moderate,all_admissible,524,1,0.9617521472719591,-9.172101338395688
moderate,all_admissible,525,1,0.9576145438529385,-6.625669432003356
moderate,all_admissible,526,1,0.964685520855733,-16.36693106782025
moderate,all_admissible,527,1,0.9589163018455754,-4.0054652680610205
moderate,all_admissible,528,1,0.9632561612104813,-20.176112495750314
moderate,all_admissible,529,1,0.9675118740709309,-36.07303276592982
moderate,all_admissible,530,1,0.9622842941961257,-15.46458397060911
moderate,all_admissible,531,1,0.9520956615657326,6.801849453081506
moderate,all_admissible,532,1,0.9603893723169215,-11.910763908715387
moderate,all_admissible,533,1,0.9692186026569067,-33.68428309090714
moderate,all_admissible,534,1,0.966185396748821,-27.325288099103478
moderate,all_admissible,535,1,0.9644145691668345,-21.63232675502923
moderate,all_admissible,536,1,0.9616701996421821,-14.258895344994869
moderate,all_admissible,537,1,0.9548504176450529,5.030423361242358
moderate,all_admissible,538,1,0.9563976119362605,-12.192634082381192
moderate,all_admissible,539,1,0.9551739630467854,-0.10509733317734878
moderate,all_admissible,540,1,0.9662087478850986,-26.623068699779214
moderate,all_admissible,541,1,0.9590218557253494,-15.012967061079676
moderate,all_admissible,542,1,0.9687883928085536,-37.07376680896676
moderate,all_admissible,543,1,0.9588018731817729,-14.021893353754322
moderate,all_admissible,544,1,0.9580394451708546,-1.3461678418670304
moderate,all_admissible,545,1,0.9664936209324003,-27.941420081486076
moderate,all_admissible,546,1,0.9609454471705497,-10.90853366862436
moderate,all_admissible,547,1,0.9612023421247979,-10.616619209941767
moderate,all_admissible,548,1,0.963250310292427,-22.2558332363503
moderate,all_admissible,549,1,0.9574002792116638,4.362569215077937
moderate,all_admissible,550,1,0.9605826020379749,-14.90310073475454
moderate,all_admissible,551,1,0.9568344304832344,3.0015583917734654
moderate,all_admissible,552,1,0.9611737298890045,-13.664329029601673
moderate,all_admissible,553,1,0.960106073016519,-9.837579678333547
moderate,all_admissible,554,1,0.9549555458331436,-1.1468430291856795
moderate,all_admissible,555,1,0.9630880347353041,-23.207379021829894
moderate,all_admissible,556,1,0.965376056660161,-23.20541449562692
moderate,all_admissible,557,1,0.9590315172444435,-14.585018038377447
moderate,all_admissible,558,1,0.9596001504548196,-10.624376932308426
moderate,all_admissible,559,1,0.9630942219116893,-17.60742427580049
moderate,all_admissible,560,1,0.9647287605662433,-20.094657460943214
moderate,all_admissible,561,1,0.9655689288805849,-21.8259803884663
moderate,all_admissible,562,1,0.9583364209300468,-12.666060679508698
moderate,all_admissible,563,1,0.9714993769052346,-36.72681024467493
moderate,all_admissible,564,1,0.9616501165473915,-17.596309393558723
moderate,all_admissible,565,1,0.9608453839170744,-19.116712394412712
moderate,all_admissible,566,1,0.9610367661378634,-13.170831789983813
moderate,all_admissible,567,1,0.9684547307550445,-30.41488271402856
moderate,all_admissible,568,1,0.9623481458294006,-18.622250378548422
moderate,all_admissible,569,1,0.9618333118922421,-14.190079498535207
moderate,all_admissible,570,1,0.9641862956172775,-23.189418101900117
moderate,all_admissible,571,1,0.9576679097524441,-12.265770681565261
moderate,all_admissible,572,1,0.9577162235585627,0.319571871662489
moderate,all_admissible,573,1,0.9640961554683766,-14.561149931766634
moderate,all_admissible,574,1,0.9579909328261959,0.571141687274422
moderate,all_admissible,575,1,0.9571119305154969,-4.825032210169996
moderate,all_admissible,576,1,0.9595595931925291,-4.954980472986522
moderate,all_admissible,577,1,0.9593312499632669,-3.13849166840892
moderate,all_admissible,578,1,0.9629795657839079,-22.47476682496995
moderate,all_admissible,579,1,0.9670397517346543,-27.78659587140782
moderate,all_admissible,580,1,0.964375488110424,-24.459845367858467
moderate,all_admissible,581,1,0.9658243706486326,-22.658333019249483
moderate,all_admissible,582,1,0.9602044090016887,-12.298124894102132
moderate,all_admissible,583,1,0.9601640122407711,-6.403793544350595
moderate,all_admissible,584,1,0.9668065536948945,-26.628092702373593
moderate,all_admissible,585,1,0.9611829943872983,-15.672306367562019
moderate,all_admissible,586,1,0.9563147020075538,-1.1210121586054904
moderate,all_admissible,587,1,0.9603632284988276,-4.909069230111704
moderate,all_admissible,588,1,0.9570947684607549,-1.5801241503649186
moderate,all_admissible,589,1,0.960600807388289,-6.416449823599454
moderate,all_admissible,590,1,0.9616944825199539,-14.592273522224785
moderate,all_admissible,591,1,0.9618743367175128,-16.310976828469215
moderate,all_admissible,592,1,0.9571088469022357,-6.622780284260279
moderate,all_admissible,593,1,0.9594967851787755,-13.333699025424808
moderate,all_admissible,594,1,0.9656862878039435,-32.36073975873034
moderate,all_admissible,595,1,0.9642060143721871,-13.637871897742237
moderate,all_admissible,596,1,0.9663622709855375,-24.441077412514705
moderate,all_admissible,597,1,0.953003369225788,4.688381346640356
moderate,all_admissible,598,1,0.9607412466102081,-15.491136906701135
moderate,all_admissible,599,1,0.9656886031499422,-27.910889875060548
moderate,all_admissible,600,1,0.9651362889456842,-23.853949089533515
moderate,all_admissible,601,1,0.9615055151350788,-12.794536663426001
moderate,all_admissible,602,1,0.9673152837734367,-28.17632748311969
moderate,all_admissible,603,1,0.9647712918273259,-18.63872271099051
moderate,all_admissible,604,1,0.9631154368476645,-11.166139482973687
moderate,all_admissible,605,1,0.9665370332530212,-26.895675754033878
moderate,all_admissible,606,1,0.9532834116685365,-0.3153829708111336
moderate,all_admissible,607,1,0.966527815568991,-30.813697098290167
moderate,all_admissible,608,1,0.9592752545023311,1.094349330271694
moderate,all_admissible,609,1,0.9633674183949676,-15.584206622966398
moderate,all_admissible,610,1,0.9600125183896518,-14.914527722611723
moderate,all_admissible,611,1,0.9576178038480245,-0.032747327402697285
moderate,all_admissible,612,1,0.9609583064783528,-11.532098150772065
moderate,all_admissible,613,1,0.964089731685317,-22.622588151319004
moderate,all_admissible,614,1,0.9611488001952904,-23.84379024934122
moderate,all_admissible,615,1,0.966584201060083,-21.409423301791026
moderate,all_admissible,616,1,0.9591565630635638,-8.767200208244779
moderate,all_admissible,617,1,0.9624439301867875,-18.67663888205804
moderate,all_admissible,618,1,0.9663076444978322,-29.65013933375521
moderate,all_admissible,619,1,0.966285708423411,-24.450586350064533
moderate,all_admissible,620,1,0.960859714044781,-10.713188907269396
moderate,all_admissible,621,1,0.9550007100515212,0.26748196264014884
moderate,all_admissible,622,1,0.9692812297113157,-43.107438017910326
moderate,all_admissible,623,1,0.9615288739073788,-18.215170242341518
moderate,all_admissible,624,1,0.9531394786944579,12.517332211953649
moderate,all_admissible,625,1,0.9584681332700581,-11.446987080153471
moderate,all_admissible,626,1,0.9635288311581093,-26.51281798628017
moderate,all_admissible,627,1,0.9578573146798273,2.168490783336432
moderate,all_admissible,628,1,0.9615659218392978,-15.6658944658455
moderate,all_admissible,629,1,0.9634943593765554,-22.128734317028858
moderate,all_admissible,630,1,0.9626852205269879,-12.441736231827308
moderate,all_admissible,631,1,0.9666525705456254,-23.67891351312632
moderate,all_admissible,632,1,0.9664839260087509,-33.55074623410407
moderate,all_admissible,633,1,0.9654247199462708,-22.69899977679626
moderate,all_admissible,634,1,0.9627335398836334,-21.223968343257866
moderate,all_admissible,635,1,0.9647597294833049,-21.83877586656325
moderate,all_admissible,636,1,0.9657876827777356,-15.059071865213898
moderate,all_admissible,637,1,0.9578466852529202,-9.24567579850175
moderate,all_admissible,638,1,0.9635447804220145,-14.559230213361865
moderate,all_admissible,639,1,0.9527540109042281,9.189853085135251
moderate,all_admissible,640,1,0.9673670087185972,-19.806595934592508
moderate,all_admissible,641,1,0.9633173210162828,-12.837744137568945
moderate,all_admissible,642,1,0.9631775133264721,-10.75634543499557
moderate,all_admissible,643,1,0.9569457085439406,7.07485275975805
moderate,all_admissible,644,1,0.9674952266297252,-31.025838868836875
moderate,all_admissible,645,1,0.957597531170898,0.2544549555278775
moderate,all_admissible,646,1,0.9635776535163217,-31.80893271824405
moderate,all_admissible,647,1,0.9672021135037934,-35.71027858039106
moderate,all_admissible,648,1,0.9563439573908553,1.7762992007884468
moderate,all_admissible,649,1,0.9680251331185177,-35.13253352382023
moderate,all_admissible,650,1,0.9658688251583759,-19.11347756108461
moderate,all_admissible,651,1,0.9559861957055519,4.940578171736491
moderate,all_admissible,652,1,0.9687054901279499,-30.53335818244275
moderate,all_admissible,653,1,0.9649159601146813,-14.982227941918984
moderate,all_admissible,654,1,0.9650193531928687,-23.872002232223515
moderate,all_admissible,655,1,0.9607658754669984,-5.726797857805801
moderate,all_admissible,656,1,0.9627991807526259,-21.41091700963301
moderate,all_admissible,657,1,0.9652936264339836,-23.158041374854943
moderate,all_admissible,658,1,0.9646899855979656,-28.778245384521803
moderate,all_admissible,659,1,0.9622414072987298,-13.231301188485151
moderate,all_admissible,660,1,0.9561925132100831,3.988926232413391
moderate,all_admissible,661,1,0.9659047366516696,-33.55597883950656
moderate,all_admissible,662,1,0.9544499682318868,4.659695285279654
moderate,all_admissible,663,1,0.9648293008884765,-28.449467192235602
moderate,all_admissible,664,1,0.9700693079167783,-36.905443217106935
moderate,all_admissible,665,1,0.9616094728589304,-24.369336741140156
moderate,all_admissible,666,1,0.959191932206823,-5.74626040043218
moderate,all_admissible,667,1,0.9640760145008693,-10.484663006660123
moderate,all_admissible,668,1,0.9601711966643384,-9.395291614481334
moderate,all_admissible,669,1,0.9565240772716407,-10.17491846018517
moderate,all_admissible,670,1,0.9638318495449049,-16.05642167428278
moderate,all_admissible,671,1,0.9576981154444307,-2.0318682216704502
moderate,all_admissible,672,1,0.9648766357236246,-32.25060947563345
moderate,all_admissible,673,1,0.9617068549885327,-9.11397931069568
moderate,all_admissible,674,1,0.9601623874767504,-8.276644337760173
moderate,all_admissible,675,1,0.958053645474172,-1.3420168464775002
moderate,all_admissible,676,1,0.9611262081168849,-12.273599400124668
moderate,all_admissible,677,1,0.9650688126977051,-20.899620104070756
moderate,all_admissible,678,1,0.957269515585755,-0.4262629468872195
moderate,all_admissible,679,1,0.9634059637682381,-17.79809475416884
moderate,all_admissible,680,1,0.9552844582176588,7.752383695991
moderate,all_admissible,681,1,0.9565865416132188,-2.7765294107798297
moderate,all_admissible,682,1,0.9625838174912134,-17.093978955782283
moderate,all_admissible,683,1,0.9552337703114349,-1.0129680859753185
moderate,all_admissible,684,1,0.9616911334743131,-15.936475679365836
moderate,all_admissible,685,1,0.9702419745892127,-39.70460948614189
moderate,all_admissible,686,1,0.962668569998058,-21.13729596667475
moderate,all_admissible,687,1,0.9616608787363877,-15.454027366347967
moderate,all_admissible,688,1,0.9632909725201761,-21.05094952465895
moderate,all_admissible,689,1,0.9614994093449964,-13.936217039787682
moderate,all_admissible,690,1,0.9620120322047953,-21.499248506493775
moderate,all_admissible,691,1,0.9612824195917237,-19.237932534929964
moderate,all_admissible,692,1,0.9632795867970325,-27.949734369489008
moderate,all_admissible,693,1,0.9557703896069668,4.956639221272678
moderate,all_admissible,694,1,0.9626740227978459,-12.220648701100762
moderate,all_admissible,695,1,0.9608459752807562,-13.680425538764375
moderate,all_admissible,696,1,0.9619393089059681,-9.194528726310018
moderate,all_admissible,697,1,0.9623719743287728,-16.835566187968237
moderate,all_admissible,698,1,0.9661188600214321,-23.47970621626059
moderate,all_admissible,699,1,0.9628159643665699,-24.83318077992138
moderate,all_admissible,700,1,0.9584094381554511,-5.641311903976286
moderate,all_admissible,701,1,0.9671671964738467,-29.144972365387403
moderate,all_admissible,702,1,0.9639376613687142,-20.337443832236907
moderate,all_admissible,703,1,0.9613233590100131,-10.864490509958639
moderate,all_admissible,704,1,0.9558552903240429,1.0116885987997963
moderate,all_admissible,705,1,0.9607484250171828,-17.15231285739654
moderate,all_admissible,706,1,0.9587098794129116,-5.0657827566488995
moderate,all_admissible,707,1,0.9608620913580987,-13.627452086536268
moderate,all_admissible,708,1,0.9547509362227259,-3.4470470623778473
moderate,all_admissible,709,1,0.948510449635619,17.6001896467541
moderate,all_admissible,710,1,0.9702849363106085,-35.30237746064166
moderate,all_admissible,711,1,0.9594396809048668,-7.277253020411353
moderate,all_admissible,712,1,0.9649894667799225,-25.94426238649376
moderate,all_admissible,713,1,0.961581580303685,-11.296465249743648
moderate,all_admissible,714,1,0.9636731834258457,-12.678336258079614
moderate,all_admissible,715,1,0.9596902189005074,-21.22555690504918
moderate,all_admissible,716,1,0.9582825280065936,-8.95843697838119
moderate,all_admissible,717,1,0.9621144874979849,-16.84627693551583
moderate,all_admissible,718,1,0.9651532777844327,-24.5434474483997
moderate,all_admissible,719,1,0.9559917492211325,5.663317351203972
moderate,all_admissible,720,1,0.9556829960927997,-2.554717589638003
moderate,all_admissible,721,1,0.9596851653676358,-12.929605570946592
moderate,all_admissible,722,1,0.9587572976490167,4.9722028804256695
moderate,all_admissible,723,1,0.9565340666130553,4.393145433296894
moderate,all_admissible,724,1,0.9599097420397543,-16.625573247637988
moderate,all_admissible,725,1,0.9601481025760767,-11.066068280937358
moderate,all_admissible,726,1,0.9575877206474951,-3.918011569959304
moderate,all_admissible,727,1,0.962154961782864,-12.95840515476478
moderate,all_admissible,728,1,0.9619468141724558,-17.639984945307287
moderate,all_admissible,729,1,0.9616112464569657,-17.93604579630761
moderate,all_admissible,730,1,0.9637636483043189,-11.584691563552456
moderate,all_admissible,731,1,0.966345517970395,-21.717462498577355
moderate,all_admissible,732,1,0.9589916757833189,-7.289809917168539
moderate,all_admissible,733,1,0.9598030216557447,-1.860762972592263
moderate,all_admissible,734,1,0.9599450965211217,-3.642077413434989
moderate,all_admissible,735,1,0.9595779209592458,-4.528937580722755
moderate,all_admissible,736,1,0.9581906977046053,-13.774085610611698
moderate,all_admissible,737,1,0.9628816495163729,-20.17952493804208
moderate,all_admissible,738,1,0.9589416987853949,-0.5807136359334083
moderate,all_admissible,739,1,0.956826447447568,-2.90935708406855
moderate,all_admissible,740,1,0.9598595248364339,-10.338390393313235
moderate,all_admissible,741,1,0.9561285142737753,3.1135212086889688
moderate,all_admissible,742,1,0.9655986897767049,-22.583107224869778
moderate,all_admissible,743,1,0.9618634876951015,-20.511024359028344
moderate,all_admissible,744,1,0.9662397750455863,-22.648597353843233
moderate,all_admissible,745,1,0.9565403663695099,-9.302882527483373
moderate,all_admissible,746,1,0.9606563490676253,-16.608972502509108
moderate,all_admissible,747,1,0.9608210513964897,-16.2948592627996
moderate,all_admissible,748,1,0.9576679132915699,6.379870716407952
moderate,all_admissible,749,1,0.9655865637301296,-29.630809671261108
moderate,all_admissible,750,1,0.9592049250472423,-9.88250837876237
moderate,all_admissible,751,1,0.9549224260334714,-5.155083063542893
moderate,all_admissible,752,1,0.9631993867329367,-17.88756194737466
moderate,all_admissible,753,1,0.9612645923657851,-11.249863892126747
moderate,all_admissible,754,1,0.9618490138107721,-21.279249093164353
moderate,all_admissible,755,1,0.9640492717789075,-25.81559086716927
moderate,all_admissible,756,1,0.9590221777443259,-7.8021443945798845
moderate,all_admissible,757,1,0.9625917926864134,-9.77895697470916
moderate,all_admissible,758,1,0.9651450823250591,-21.865142071765078
moderate,all_admissible,759,1,0.9613242004411877,-22.008733537051437
moderate,all_admissible,760,1,0.9672184124193437,-25.701532989490445
moderate,all_admissible,761,1,0.9633599801478981,-20.047764519374585
moderate,all_admissible,762,1,0.9667170264594408,-34.33024136929833
moderate,all_admissible,763,1,0.9594543166615481,-13.64137763809042
moderate,all_admissible,764,1,0.9595006860017663,-9.438826272265032
moderate,all_admissible,765,1,0.9593970851744614,-9.654685911772612
moderate,all_admissible,766,1,0.9673752445222684,-25.569052967225275
moderate,all_admissible,767,1,0.9700548141191045,-36.8622950817179
moderate,all_admissible,768,1,0.9681144643033333,-28.34337272985292
moderate,all_admissible,769,1,0.9614049378966134,-13.509238128792925
moderate,all_admissible,770,1,0.9696104441706347,-31.354047135733868
moderate,all_admissible,771,1,0.9664739165939203,-34.89895961731226
moderate,all_admissible,772,1,0.9611581186154224,-12.825619795086327
moderate,all_admissible,773,1,0.9669165084636201,-22.729483731115266
moderate,all_admissible,774,1,0.9641170927237137,-24.413095790813543
moderate,all_admissible,775,1,0.9602692679483161,-4.747928706353751
moderate,all_admissible,776,1,0.9589961305129568,-12.548502750104085
moderate,all_admissible,777,1,0.9629114014549505,-21.307353995784077
moderate,all_admissible,778,1,0.964707289292081,-30.806714307723478
moderate,all_admissible,779,1,0.9605043621446239,-15.022140073891872
moderate,all_admissible,780,1,0.9614774449579672,-10.339243315653748
moderate,all_admissible,781,1,0.9608198897928515,-9.805859161867566
moderate,all_admissible,782,1,0.954686677487384,1.7065784860231592
moderate,all_admissible,783,1,0.9592631154372376,-10.54674455416644
moderate,all_admissible,784,1,0.9581699750504005,-0.746469308968321
moderate,all_admissible,785,1,0.9699343542713531,-32.02421003776675
moderate,all_admissible,786,1,0.9686278787062702,-35.204699640943524
moderate,all_admissible,787,1,0.9613179687975212,-12.058523639499752
moderate,all_admissible,788,1,0.9658018301584119,-15.309504111741024
moderate,all_admissible,789,1,0.9617775303458942,-17.078144346672737
moderate,all_admissible,790,1,0.9564107038863032,-8.076190074120547
moderate,all_admissible,791,1,0.9596081243853499,-12.5726822554177
moderate,all_admissible,792,1,0.9646988123372393,-11.421442754559296
moderate,all_admissible,793,1,0.9569285990278001,-3.406368159705301
moderate,all_admissible,794,1,0.9620944433689999,-12.275976915215496
moderate,all_admissible,795,1,0.9642895426115897,-18.548508614137177
moderate,all_admissible,796,1,0.9610872115019321,-12.459166161763385
moderate,all_admissible,797,1,0.9654858463269899,-24.871416875033923
moderate,all_admissible,798,1,0.9669330185567063,-27.610871296031604
moderate,all_admissible,799,1,0.96466610820716,-19.612794048171445
moderate,all_admissible,800,1,0.9629236542478197,-22.411478663601944
moderate,all_admissible,801,1,0.9718826856660303,-41.92668377729987
moderate,all_admissible,802,1,0.9557220048503268,1.1034527945377668
moderate,all_admissible,803,1,0.9683504427140813,-27.09783830927789
moderate,all_admissible,804,1,0.9663574044487618,-29.70955704293931
moderate,all_admissible,805,1,0.960858834725866,-13.941595458008509
moderate,all_admissible,806,1,0.9558785080003986,-6.247028162076378
moderate,all_admissible,807,1,0.9584989714133347,-14.59151167863729
moderate,all_admissible,808,1,0.9596013432339533,-11.208816973262643
moderate,all_admissible,809,1,0.970180867346765,-32.68458804149981
moderate,all_admissible,810,1,0.9543983706482617,-0.8498428851034685
moderate,all_admissible,811,1,0.9627858410830205,-22.941524085971093
moderate,all_admissible,812,1,0.9629778060243045,-12.751462802252501
moderate,all_admissible,813,1,0.9610311229394888,-11.288027197981881
moderate,all_admissible,814,1,0.9622324783938551,-13.060396195925785
moderate,all_admissible,815,1,0.9581424170900823,-8.210097947884474
moderate,all_admissible,816,1,0.9612022187694864,-14.199507780006652
moderate,all_admissible,817,1,0.9651844440536285,-17.201445337514414
moderate,all_admissible,818,1,0.9596893811903876,-7.884089682509499
moderate,all_admissible,819,1,0.9718145496969511,-42.78138089716443
moderate,all_admissible,820,1,0.9590721602432823,-1.3812289740249288
moderate,all_admissible,821,1,0.9688448236465919,-34.713021122876846
moderate,all_admissible,822,1,0.9661963198881277,-29.14988791809038
moderate,all_admissible,823,1,0.9586374664164844,-8.006349150379664
moderate,all_admissible,824,1,0.9647757442920107,-22.617103916870914
moderate,all_admissible,825,1,0.9554142927951839,-2.337004779379066
moderate,all_admissible,826,1,0.9654084336104123,-23.943052037198175
moderate,all_admissible,827,1,0.9590386686734886,-8.40557916845329
moderate,all_admissible,828,1,0.9619154409922738,-13.962369311085132
moderate,all_admissible,829,1,0.9594624162584159,-13.052685909088453
moderate,all_admissible,830,1,0.9617319133418655,-16.09291838204152
moderate,all_admissible,831,1,0.9647898435651747,-13.502721654785663
moderate,all_admissible,832,1,0.9596142355090262,-9.000811174806605
moderate,all_admissible,833,1,0.9655483057031095,-29.671894372288765
moderate,all_admissible,834,1,0.9657340703395247,-16.01908819561957
moderate,all_admissible,835,1,0.9599782306497712,-9.952204499702578
moderate,all_admissible,836,1,0.9583654507499663,-6.839426129129874
moderate,all_admissible,837,1,0.9566050590832805,-0.7446868568683439
moderate,all_admissible,838,1,0.9645359690252687,-20.513378295481107
moderate,all_admissible,839,1,0.9661054433581775,-27.47922240332882
moderate,all_admissible,840,1,0.9550553032926344,1.2518244981360227
moderate,all_admissible,841,1,0.9576118255550976,-9.159214397584343
moderate,all_admissible,842,1,0.9519327310978594,8.974015024838852
moderate,all_admissible,843,1,0.9632369789191728,-14.3289568139806
moderate,all_admissible,844,1,0.970991869144728,-42.080520341174584
moderate,all_admissible,845,1,0.9618487002908662,-13.876275322897056
moderate,all_admissible,846,1,0.9532717062900662,4.232334444709611
moderate,all_admissible,847,1,0.9602871866825748,-1.204314144400625
moderate,all_admissible,848,1,0.9668043029282004,-19.45322233343442
moderate,all_admissible,849,1,0.966404415658713,-32.53544999042725
moderate,all_admissible,850,1,0.9659695952573737,-35.418042536206535
moderate,all_admissible,851,1,0.9500400358020771,9.715408280982
moderate,all_admissible,852,1,0.9635831956513317,-15.01086710504884
moderate,all_admissible,853,1,0.9608534802761176,-12.453083556230862
moderate,all_admissible,854,1,0.9695171836963505,-36.07321131624745
moderate,all_admissible,855,1,0.9632584265487302,-9.061529899170715
moderate,all_admissible,856,1,0.964271142768019,-30.325143499496566
moderate,all_admissible,857,1,0.961080513722228,-13.845605487520624
moderate,all_admissible,858,1,0.9661737244649197,-21.08018164295521
moderate,all_admissible,859,1,0.9549214385118155,8.342632461018589
moderate,all_admissible,860,1,0.9603745461025722,-13.762443750857368
moderate,all_admissible,861,1,0.9684443819884604,-33.3098463316033
moderate,all_admissible,862,1,0.961733061801483,-0.6250633952443174
moderate,all_admissible,863,1,0.9672463182865312,-29.250608617774255
moderate,all_admissible,864,1,0.9672028919842471,-33.24499525722279
moderate,all_admissible,865,1,0.9593764859488094,-6.861744559032688
moderate,all_admissible,866,1,0.9639982850797122,-19.707481929367297
moderate,all_admissible,867,1,0.9582129943582031,-9.886246648465958
moderate,all_admissible,868,1,0.9605002259752845,-18.812709801689067
moderate,all_admissible,869,1,0.9585800541972156,0.9874433721679897
moderate,all_admissible,870,1,0.9594520589982461,-7.957191960455266
moderate,all_admissible,871,1,0.9639293983987666,-19.97143558534937
moderate,all_admissible,872,1,0.9559009089347129,0.6477448851096633
moderate,all_admissible,873,1,0.9617741963245177,-16.675739222989847
moderate,all_admissible,874,1,0.9606436134828066,-16.782863403557084
moderate,all_admissible,875,1,0.9646372113136231,-24.997195641406037
moderate,all_admissible,876,1,0.9592024647909116,-10.307369893814395
moderate,all_admissible,877,1,0.9637882937690657,-17.499278122710916
moderate,all_admissible,878,1,0.9593410777426953,-1.772141839539007
moderate,all_admissible,879,1,0.9580417038610585,-8.885140263861418
moderate,all_admissible,880,1,0.9563151869737572,-1.3902320499215
moderate,all_admissible,881,1,0.9652492772684921,-21.11250458634038
moderate,all_admissible,882,1,0.9594222839420941,-5.3557156894338425
moderate,all_admissible,883,1,0.9607543321051599,-16.37707535550009
moderate,all_admissible,884,1,0.9610849843459237,-14.88527656143052
moderate,all_admissible,885,1,0.9550915813159726,1.6711599563052963
moderate,all_admissible,886,1,0.960970728815824,-15.684059619210997
moderate,all_admissible,887,1,0.9659549238192673,-21.681343064777412
moderate,all_admissible,888,1,0.9576545069467464,-4.577394223674537
moderate,all_admissible,889,1,0.9630685339106844,-16.093113349984158
moderate,all_admissible,890,1,0.9608375220891348,-8.207428504137328
moderate,all_admissible,891,1,0.9560101707272463,-8.886277927605269
moderate,all_admissible,892,1,0.9606208490730475,-10.262806477466894
moderate,all_admissible,893,1,0.9576020786811527,-6.6589218567895365
moderate,all_admissible,894,1,0.9605515026326618,-14.788859822162197
moderate,all_admissible,895,1,0.9666240733051219,-30.089441947875734
moderate,all_admissible,896,1,0.95443575217088,6.972564132092222
moderate,all_admissible,897,1,0.9627756832898824,-24.99132825351287
moderate,all_admissible,898,1,0.9592057757503282,-12.625066847302955
moderate,all_admissible,899,1,0.9655122154426449,-27.67492659990518
moderate,all_admissible,900,1,0.9561657624667984,0.8712858784992351
moderate,all_admissible,901,1,0.9619465507914147,-14.632810620581338
moderate,all_admissible,902,1,0.9552963429338613,0.8140425932551414
moderate,all_admissible,903,1,0.9604168965352762,-14.164736603773676
moderate,all_admissible,904,1,0.9570492565920039,-4.4909990530698956
moderate,all_admissible,905,1,0.9651036869167645,-20.31728229146081
moderate,all_admissible,906,1,0.9599670028529281,-13.363644166708921
moderate,all_admissible,907,1,0.959518599592119,-7.275657875555587
moderate,all_admissible,908,1,0.9601500885419241,-17.61354187430259
moderate,all_admissible,909,1,0.9621367729022203,-12.337064627895282
moderate,all_admissible,910,1,0.9591334457561415,-7.629855926032418
moderate,all_admissible,911,1,0.9626541258268383,-9.883575172965413
moderate,all_admissible,912,1,0.955667750358865,-0.5544994167505019
moderate,all_admissible,913,1,0.9571174127818283,-10.210543781947836
moderate,all_admissible,914,1,0.9615195481129144,-12.64918327397052
moderate,all_admissible,915,1,0.963900246378431,-22.823696822069646
moderate,all_admissible,916,1,0.9599563226640462,-4.72755241033699
moderate,all_admissible,917,1,0.9556799146684759,6.3225897654907595
moderate,all_admissible,918,1,0.9625430571294716,-24.314230928259896
moderate,all_admissible,919,1,0.9598733183282666,-15.795896896482304
moderate,all_admissible,920,1,0.9601074934668712,-11.693667589537874
moderate,all_admissible,921,1,0.962430398409293,-13.343528143143516
moderate,all_admissible,922,1,0.9714229688199786,-41.80451205198416
moderate,all_admissible,923,1,0.967351577967282,-24.61838889589541
moderate,all_admissible,924,1,0.9595986556617385,-14.812205449607148
moderate,all_admissible,925,1,0.9659777740758628,-23.195353307372535
moderate,all_admissible,926,1,0.9612069131088034,-12.04149472328477
moderate,all_admissible,927,1,0.9584811967595008,-9.971987392411368
moderate,all_admissible,928,1,0.964570062884745,-24.802736977802248
moderate,all_admissible,929,1,0.9597542889390935,-6.576429691441993
moderate,all_admissible,930,1,0.9585150313432843,-2.7891796260126593
moderate,all_admissible,931,1,0.9627643086509863,-11.247220848164817
moderate,all_admissible,932,1,0.9543947461112887,-4.218372847441322
moderate,all_admissible,933,1,0.9553216756613062,2.153542857433426
moderate,all_admissible,934,1,0.9547779526523315,3.574674763035904
moderate,all_admissible,935,1,0.9610903366005101,-10.525486107471519
moderate,all_admissible,936,1,0.9603288417380635,5.574162950582391
moderate,all_admissible,937,1,0.9625621323059231,-16.57331250741408
moderate,all_admissible,938,1,0.9599036486498495,-6.891978106476209
moderate,all_admissible,939,1,0.9606970133202439,-13.340516390731484
moderate,all_admissible,940,1,0.9633970658410653,-23.971746643857294
moderate,all_admissible,941,1,0.9618674632709651,-8.369033686841247
moderate,all_admissible,942,1,0.967320907471954,-30.311189306468407
moderate,all_admissible,943,1,0.9575103628500663,-1.6817226953911288
moderate,all_admissible,944,1,0.9591350159513609,-5.21042232215014
moderate,all_admissible,945,1,0.9621232109413215,-16.608480812748326
moderate,all_admissible,946,1,0.9609997168579811,-9.907829870428332
moderate,all_admissible,947,1,0.9560937425889743,2.5534304127905885
moderate,all_admissible,948,1,0.9646413556150748,-22.753429324857084
moderate,all_admissible,949,1,0.9627951847041067,-18.20984896328025
moderate,all_admissible,950,1,0.9577183621497116,-2.6645913862133246
moderate,all_admissible,951,1,0.9577392755887013,-2.087911163918793
moderate,all_admissible,952,1,0.971421103415812,-40.83873598404079
moderate,all_admissible,953,1,0.9625210763745526,-20.826126002841544
moderate,all_admissible,954,1,0.9633667570605641,-16.2698709519442
moderate,all_admissible,955,1,0.9683932888378791,-38.591865331179484
moderate,all_admissible,956,1,0.9636307221110504,-16.9741053364051
moderate,all_admissible,957,1,0.962596209068239,-14.324724837242352
moderate,all_admissible,958,1,0.9649792231370754,-22.11493727482104
moderate,all_admissible,959,1,0.9617342595813391,-10.407087115544488
moderate,all_admissible,960,1,0.9608273807663492,-9.210199550157725
moderate,all_admissible,961,1,0.966720604502002,-29.50229283034763
moderate,all_admissible,962,1,0.9701597790811175,-40.99956188938085
moderate,all_admissible,963,1,0.9603541254579511,-7.727971657319686
moderate,all_admissible,964,1,0.9648498167424586,-25.28894428659071
moderate,all_admissible,965,1,0.9680262386190732,-36.362624469522
moderate,all_admissible,966,1,0.9600944690866379,-6.883897847177742
moderate,all_admissible,967,1,0.9620472158529536,-12.973963254740676
moderate,all_admissible,968,1,0.9638101047258634,-13.827475450060998
moderate,all_admissible,969,1,0.9623809778155584,-6.968147742508979
moderate,all_admissible,970,1,0.9637666696522165,-17.916159840826158
moderate,all_admissible,971,1,0.9608007948679248,-5.354630365522059
moderate,all_admissible,972,1,0.9689876550153628,-32.5073364881442
moderate,all_admissible,973,1,0.968658338960261,-34.102506310776654
moderate,all_admissible,974,1,0.9575396701401753,-3.4930530789990257
moderate,all_admissible,975,1,0.9586507444885094,-3.824296148566215
moderate,all_admissible,976,1,0.9636803697981595,-15.997902205054402
moderate,all_admissible,977,1,0.9619510132292247,-13.0383442357075
moderate,all_admissible,978,1,0.9576339145652607,-0.4111181539688787
moderate,all_admissible,979,1,0.9610828565116337,-4.394273560748653
moderate,all_admissible,980,1,0.9678011074060225,-30.317513311558077
moderate,all_admissible,981,1,0.9615994694322888,-16.34363814469887
moderate,all_admissible,982,1,0.9593918330672652,-6.505013402120562
moderate,all_admissible,983,1,0.9653670488439924,-25.330236169403914
moderate,all_admissible,984,1,0.9706075618921531,-36.11414884181456
moderate,all_admissible,985,1,0.9536000071993774,-7.681560322557441
moderate,all_admissible,986,1,0.9629100486083635,-18.9045711397342
moderate,all_admissible,987,1,0.9679909843977943,-31.773510643470154
moderate,all_admissible,988,1,0.9671437806524532,-20.27928102293862
moderate,all_admissible,989,1,0.9663015945545299,-26.833322932333857
moderate,all_admissible,990,1,0.9697750915153349,-32.02445465781135
moderate,all_admissible,991,1,0.9608563496025176,-10.45298222802471
moderate,all_admissible,992,1,0.9642135335415447,-26.515174090459215
moderate,all_admissible,993,1,0.9590001551219952,-6.9972381831073625
moderate,all_admissible,994,1,0.9669346411017751,-26.945725287146907
moderate,all_admissible,995,1,0.9542200899697576,5.553450731555818
moderate,all_admissible,996,1,0.9602009613865744,-2.224994799269722
moderate,all_admissible,997,1,0.9700801095680543,-30.138510447803647
moderate,all_admissible,998,1,0.9630080585183696,-18.22391733712817
moderate,all_admissible,999,1,0.9649430667205863,-19.598250930408803
moderate,tau_ge_10,0,1,0.982581489104955,-16.116506149082266
moderate,tau_ge_10,1,1,0.9776502348084906,-10.832257867557617
moderate,tau_ge_10,2,1,0.990823652322677,-39.17306804909753
moderate,tau_ge_10,3,1,0.9847201660311046,-21.90204699518181
moderate,tau_ge_10,4,1,0.9741621188522809,-4.047891287291274
moderate,tau_ge_10,5,1,0.9769835781052688,-1.303907644612415
moderate,tau_ge_10,6,1,0.9829706073137626,-33.60672095726639
moderate,tau_ge_10,7,1,0.9861374547297841,-39.945112397987465
moderate,tau_ge_10,8,1,0.987932422799093,-37.71922741416521
moderate,tau_ge_10,9,1,0.9847475194394038,-30.5393088861398
moderate,tau_ge_10,10,1,0.983955297513966,-4.817883511385779
moderate,tau_ge_10,11,1,0.9861125849200609,-42.39660258956638
moderate,tau_ge_10,12,1,0.9826704179079275,-17.77607688126763
moderate,tau_ge_10,13,1,0.9784571635031604,-16.154764740784426
moderate,tau_ge_10,14,1,0.978501607638556,-23.808579340111926
moderate,tau_ge_10,15,1,0.9808624439600611,-21.390465536727643
moderate,tau_ge_10,16,1,0.9846731254415775,-27.994956336999426
moderate,tau_ge_10,17,1,0.9714767078507465,5.999591807839555
moderate,tau_ge_10,18,1,0.9830597781591902,-32.81398524501182
moderate,tau_ge_10,19,1,0.9791800335833061,-9.501127432004191
moderate,tau_ge_10,20,1,0.9864585381686927,-24.848464646768548
moderate,tau_ge_10,21,1,0.9928511150474943,-34.26537415912177
moderate,tau_ge_10,22,1,0.9837323683237768,-22.13971509861854
moderate,tau_ge_10,23,1,0.9794655309297754,3.4771564049424666
moderate,tau_ge_10,24,1,0.9828336234761083,-15.76660377841739
moderate,tau_ge_10,25,1,0.9827221151733484,-27.1065883194636
moderate,tau_ge_10,26,1,0.980939369313344,-11.400667014409132
moderate,tau_ge_10,27,1,0.9693435266645192,3.838621138803218
moderate,tau_ge_10,28,1,0.9822807219608857,-23.282387759205495
moderate,tau_ge_10,29,1,0.9806285213142126,-11.584865657081135
moderate,tau_ge_10,30,1,0.991632393893559,-44.058859026927834
moderate,tau_ge_10,31,1,0.9907230497923967,-39.824344035160884
moderate,tau_ge_10,32,1,0.9824964440909154,3.0337784883244283
moderate,tau_ge_10,33,1,0.986177712592185,-43.637970414622586
moderate,tau_ge_10,34,1,0.9796445629137542,-7.454489828018717
moderate,tau_ge_10,35,1,0.9784675308644105,-15.527708952210693
moderate,tau_ge_10,36,1,0.9748368568178599,7.842146288719353
moderate,tau_ge_10,37,1,0.9832297652763051,-29.773298976567077
moderate,tau_ge_10,38,1,0.9827509093117405,-30.37884096853448
moderate,tau_ge_10,39,1,0.9737134966107991,1.9578394837068238
moderate,tau_ge_10,40,1,0.9809706143759512,-15.352460973947862
moderate,tau_ge_10,41,1,0.9830757885733139,-25.775359787642646
moderate,tau_ge_10,42,1,0.9820997966726946,-11.36387894250516
moderate,tau_ge_10,43,1,0.969703478007744,7.512115730107983
moderate,tau_ge_10,44,1,0.9814329041965468,-14.118502819401662
moderate,tau_ge_10,45,1,0.9837153305588405,-10.290087427371548
moderate,tau_ge_10,46,1,0.9762651369380155,-15.47996252509886
moderate,tau_ge_10,47,1,0.9875998142979046,-43.92879916702755
moderate,tau_ge_10,48,1,0.9839451003415588,-31.38874541821632
moderate,tau_ge_10,49,1,0.9868156748395407,-32.03490252598266
moderate,tau_ge_10,50,1,0.9771189392001791,7.165555332567066
moderate,tau_ge_10,51,1,0.983693289390749,-14.096524966627229
moderate,tau_ge_10,52,1,0.9771452929023895,-4.855417764978993
moderate,tau_ge_10,53,1,0.9744365077178223,-1.0006409145026287
moderate,tau_ge_10,54,1,0.9819311418841159,-21.550140865066794
moderate,tau_ge_10,55,1,0.9686584251055953,22.465681792611427
moderate,tau_ge_10,56,1,0.9834766425787402,-22.052423504523077
moderate,tau_ge_10,57,1,0.978571327115769,-25.920511344924744
moderate,tau_ge_10,58,1,0.9653358663553534,32.86892798033316
moderate,tau_ge_10,59,1,0.9667501815715072,19.560721713877502
moderate,tau_ge_10,60,1,0.9739791673486948,3.6157437304700206
moderate,tau_ge_10,61,1,0.981445996601469,-23.166738587956225
moderate,tau_ge_10,62,1,0.9766180425284713,-15.94976384632364
moderate,tau_ge_10,63,1,0.990018815310037,-47.16143044674973
moderate,tau_ge_10,64,1,0.9814951630420812,-16.61282147304688
moderate,tau_ge_10,65,1,0.9802698041762979,-30.572755926371904
moderate,tau_ge_10,66,1,0.9935107842126464,-32.382715153312134
moderate,tau_ge_10,67,1,0.9794103522371863,-19.236777827881436
moderate,tau_ge_10,68,1,0.9839313524481011,-24.94009189930511
moderate,tau_ge_10,69,1,0.9813358014442235,-20.48056282760225
moderate,tau_ge_10,70,1,0.9747621162661073,7.787230615944899
moderate,tau_ge_10,71,1,0.9799751521549097,-17.620397783933363
moderate,tau_ge_10,72,1,0.9876228977388953,-24.91218757360772
moderate,tau_ge_10,73,1,0.9869691967936365,-32.47160568347222
moderate,tau_ge_10,74,1,0.9900424648592399,-16.858867379424108
moderate,tau_ge_10,75,1,0.9784363459053796,-9.08954408757318
moderate,tau_ge_10,76,1,0.9695748568244494,17.90427087926095
moderate,tau_ge_10,77,1,0.9889299956150698,-16.937623437561495
moderate,tau_ge_10,78,1,0.9893283045298061,-31.98393528695635
moderate,tau_ge_10,79,1,0.9809564745849201,-19.357496211165998
moderate,tau_ge_10,80,1,0.9733334217950971,-7.26164315633852
moderate,tau_ge_10,81,1,0.9948143510464994,-67.17231616500054
moderate,tau_ge_10,82,1,0.9881713469791625,-33.42110248776584
moderate,tau_ge_10,83,1,0.9848841673862788,-15.83438331715943
moderate,tau_ge_10,84,1,0.9774580601479287,0.1651099532854861
moderate,tau_ge_10,85,1,0.9929600267503591,-42.77022809574683
moderate,tau_ge_10,86,1,0.9782846355909891,-3.3919675082780163
moderate,tau_ge_10,87,1,0.9824086577678705,-22.04766460716045
moderate,tau_ge_10,88,1,0.9782791717495967,-12.67552247844426
moderate,tau_ge_10,89,1,0.9872989763410744,-32.80276783532442
moderate,tau_ge_10,90,1,0.9847448562802801,-17.151466068054717
moderate,tau_ge_10,91,1,0.9760926372338844,3.6977078357376367
moderate,tau_ge_10,92,1,0.990174911287739,-33.87945417190683
moderate,tau_ge_10,93,1,0.9995080823744095,-54.71938076577327
moderate,tau_ge_10,94,1,0.9838129572183176,-26.609977893946336
moderate,tau_ge_10,95,1,0.9865560295739745,-29.11646637122523
moderate,tau_ge_10,96,1,0.9752470944862449,3.3260582235674603
moderate,tau_ge_10,97,1,0.9808950771903137,-39.65355959129461
moderate,tau_ge_10,98,1,0.9831799071550611,-26.68694508679
moderate,tau_ge_10,99,1,0.9785873025715572,-8.488685772424095
moderate,tau_ge_10,100,1,0.991159945514938,-58.06231926619441
moderate,tau_ge_10,101,1,0.976715615926666,-0.8646154644527676
moderate,tau_ge_10,102,1,0.9863361232000216,-45.19101347588218
moderate,tau_ge_10,103,1,0.9876629409397364,-29.38834469671241
moderate,tau_ge_10,104,1,0.9838580482062209,-11.936995785742265
moderate,tau_ge_10,105,1,0.9857778414112556,-33.04436028048822
moderate,tau_ge_10,106,1,0.9733777658095983,6.635100331336465
moderate,tau_ge_10,107,1,0.9873279548446929,-20.05166898698773
moderate,tau_ge_10,108,1,0.9877432921370238,-47.97984303707964
moderate,tau_ge_10,109,1,0.976835104580001,-15.046595866178434
moderate,tau_ge_10,110,1,0.9769340528277963,-3.718331005762853
moderate,tau_ge_10,111,1,0.9933170961365773,-60.566481268899366
moderate,tau_ge_10,112,1,0.9875865187274191,-32.005182414962185
moderate,tau_ge_10,113,1,0.980073471264955,-19.83001523452699
moderate,tau_ge_10,114,1,0.9863715425898096,-26.579159690743754
moderate,tau_ge_10,115,1,0.9877571683918137,-31.07875520259783
moderate,tau_ge_10,116,1,0.9800175990057403,-10.513963400558692
moderate,tau_ge_10,117,1,0.9806693011563773,-13.414910960228045
moderate,tau_ge_10,118,1,0.9839118520440374,-25.84091970097893
moderate,tau_ge_10,119,1,0.9836235193652499,-35.056700493847586
moderate,tau_ge_10,120,1,0.9827267331397364,-20.918763373036725
moderate,tau_ge_10,121,1,0.986989014338333,-26.160378132410056
moderate,tau_ge_10,122,1,0.9827173944452041,-21.301848871334375
moderate,tau_ge_10,123,1,0.9778412324797282,13.112304355283412
moderate,tau_ge_10,124,1,0.98240730695766,-23.520322353503502
moderate,tau_ge_10,125,1,0.9919415217973865,-30.403514832399576
moderate,tau_ge_10,126,1,0.976553817801378,-17.229875468452033
moderate,tau_ge_10,127,1,0.9903439213641849,-26.56694129163901
moderate,tau_ge_10,128,1,0.9785334639528126,-11.13055421515606
moderate,tau_ge_10,129,1,0.9768528351029829,-4.498493745126533
moderate,tau_ge_10,130,1,0.9724893545582874,3.400753548157294
moderate,tau_ge_10,131,1,0.9833322807522242,-14.82901294586273
moderate,tau_ge_10,132,1,0.9798972067519077,-7.132748937856054
moderate,tau_ge_10,133,1,0.9799212373411179,-28.785903587484857
moderate,tau_ge_10,134,1,0.9897940154036137,-26.77605739359641
moderate,tau_ge_10,135,1,0.9738951090543216,4.4530734674852575
moderate,tau_ge_10,136,1,0.981405776200205,-14.901023122828256
moderate,tau_ge_10,137,1,0.9870088841955458,-36.183021179491504
moderate,tau_ge_10,138,1,0.9846981864335564,-17.472274574991307
moderate,tau_ge_10,139,1,0.9717239473324367,2.3996159699570527
moderate,tau_ge_10,140,1,0.9838171132149536,-12.156931667723624
moderate,tau_ge_10,141,1,0.9783398378310636,-3.5141042009539833
moderate,tau_ge_10,142,1,0.9855511308491282,-22.72713610531673
moderate,tau_ge_10,143,1,0.9797612738736958,-15.610852126235137
moderate,tau_ge_10,144,1,0.9839130714679369,-19.054971045513078
moderate,tau_ge_10,145,1,0.9838438498873637,-8.62075308754583
moderate,tau_ge_10,146,1,0.9694754701555783,18.304211769196503
moderate,tau_ge_10,147,1,0.9806440879727626,-15.311444564104908
moderate,tau_ge_10,148,1,0.987885748698624,-43.437905725121134
moderate,tau_ge_10,149,1,0.9781810660288622,-7.623377765114478
moderate,tau_ge_10,150,1,0.9817135188352573,-18.145582910894518
moderate,tau_ge_10,151,1,0.9841788933508401,-24.766083175280123
moderate,tau_ge_10,152,1,0.9851099981398961,-30.5693401216704
moderate,tau_ge_10,153,1,0.9897630517180872,-28.941159705381395
moderate,tau_ge_10,154,1,0.9853930543501703,-26.18844757270778
moderate,tau_ge_10,155,1,0.9770692237184891,0.7490971531273725
moderate,tau_ge_10,156,1,0.9781835831226846,-2.136361324140452
moderate,tau_ge_10,157,1,1.0005504117362853,-70.84046013348589
moderate,tau_ge_10,158,1,0.9719582358748666,9.775686236418004
moderate,tau_ge_10,159,1,0.9787280131653259,-2.9964661112942617
moderate,tau_ge_10,160,1,0.9817849475059602,-4.9055930389404985
moderate,tau_ge_10,161,1,0.9739298819175317,-11.550371839555444
moderate,tau_ge_10,162,1,0.977430544347619,-26.251945799695953
moderate,tau_ge_10,163,1,0.9761383471081075,-3.040605572549614
moderate,tau_ge_10,164,1,0.9879234315649656,-43.05051169588092
moderate,tau_ge_10,165,1,0.9930286083241323,-44.67004774901646
moderate,tau_ge_10,166,1,0.9905576500063021,-45.28482812431175
moderate,tau_ge_10,167,1,0.986655112086154,-39.401921807838164
moderate,tau_ge_10,168,1,0.9826978149484755,-13.817424399242476
moderate,tau_ge_10,169,1,0.9671816190201665,32.376863178068255
moderate,tau_ge_10,170,1,0.9800063588442864,-19.182663365683496
moderate,tau_ge_10,171,1,0.9807721265279681,-3.308154541955222
moderate,tau_ge_10,172,1,0.9795364029579385,-16.43768273324019
moderate,tau_ge_10,173,1,0.9825857594303549,-33.02693076785209
moderate,tau_ge_10,174,1,0.9807203655630703,-0.843687925099896
moderate,tau_ge_10,175,1,0.9868961197040584,-26.527673568444573
moderate,tau_ge_10,176,1,0.968334636249554,17.564784534614084
moderate,tau_ge_10,177,1,0.9734246522867612,6.263933810552209
moderate,tau_ge_10,178,1,0.9784697510803116,2.3052219275229233
moderate,tau_ge_10,179,1,0.9808095033271534,-15.958725502817863
moderate,tau_ge_10,180,1,0.9942431116128152,-35.54662567890009
moderate,tau_ge_10,181,1,0.9788579561365205,-2.0742672603801955
moderate,tau_ge_10,182,1,0.9810039555793558,0.8008365260700891
moderate,tau_ge_10,183,1,0.9839435829149233,-26.735387820956962
moderate,tau_ge_10,184,1,0.9745269496867652,1.2512028357113076
moderate,tau_ge_10,185,1,0.9897211789267825,-22.087739779294157
moderate,tau_ge_10,186,1,0.9757172261691033,-5.488721894747838
moderate,tau_ge_10,187,1,0.9799275996239596,-17.63128991254776
moderate,tau_ge_10,188,1,0.9740472997137287,-6.393837825822335
moderate,tau_ge_10,189,1,0.9915081353136737,-32.195397163267955
moderate,tau_ge_10,190,1,0.9751357976441323,-14.645102088304572
moderate,tau_ge_10,191,1,0.9977376789209059,-60.74385793570941
moderate,tau_ge_10,192,1,0.9680912410075009,18.52254449210258
moderate,tau_ge_10,193,1,0.9879476305043474,-35.10158177053199
moderate,tau_ge_10,194,1,0.9887484501522449,-37.309057393936364
moderate,tau_ge_10,195,1,0.9855509570976652,-33.17334789144254
moderate,tau_ge_10,196,1,0.9818737224394195,-7.957657776139288
moderate,tau_ge_10,197,1,0.9859775771767005,-23.34961134384743
moderate,tau_ge_10,198,1,0.9870133187338263,-27.850614723367148
moderate,tau_ge_10,199,1,0.9827647064261444,-18.594940312564102
moderate,tau_ge_10,200,1,0.9861369486207965,-13.256878749213458
moderate,tau_ge_10,201,1,0.9859094350544592,-20.58347156081294
moderate,tau_ge_10,202,1,0.9788997562530456,-9.48354089258615
moderate,tau_ge_10,203,1,0.9868191798079222,-40.18514734334317
moderate,tau_ge_10,204,1,0.9770996726735397,-15.384827634419308
moderate,tau_ge_10,205,1,0.984068497163329,-13.812884664767136
moderate,tau_ge_10,206,1,0.9827644281382143,-17.97677748967049
moderate,tau_ge_10,207,1,0.98978719515579,-28.597172120767894
moderate,tau_ge_10,208,1,0.9864907316283873,-22.00349556795873
moderate,tau_ge_10,209,1,0.9777023801494097,-3.1952735674499326
moderate,tau_ge_10,210,1,0.9896560001064532,-37.23884898164155
moderate,tau_ge_10,211,1,0.9820934544719757,-29.36183120522248
moderate,tau_ge_10,212,1,0.9846968120191328,-30.075930613857885
moderate,tau_ge_10,213,1,0.9775190780189199,-3.6473070009042536
moderate,tau_ge_10,214,1,0.9837720881255214,-10.75052303671675
moderate,tau_ge_10,215,1,0.9860106142295564,-37.5299123556044
moderate,tau_ge_10,216,1,0.9780721108944047,-4.836340955465958
moderate,tau_ge_10,217,1,0.9786984974525996,-4.298578791631095
moderate,tau_ge_10,218,1,0.989883873310925,-36.06398909742086
moderate,tau_ge_10,219,1,0.9857308177385669,-17.76197645101617
moderate,tau_ge_10,220,1,0.9875920668644073,-17.80050193135108
moderate,tau_ge_10,221,1,0.9744625721689198,-10.989474711395518
moderate,tau_ge_10,222,1,0.9797606730899514,-5.409089928006617
moderate,tau_ge_10,223,1,0.9959826442612005,-68.28958507935941
moderate,tau_ge_10,224,1,0.977644937134999,7.656091860975329
moderate,tau_ge_10,225,1,0.9832531059597582,-21.81300080828949
moderate,tau_ge_10,226,1,0.9846561933691651,-16.823265089614928
moderate,tau_ge_10,227,1,0.990712950130299,-48.75407660682453
moderate,tau_ge_10,228,1,0.977652719842488,-6.262977774675463
moderate,tau_ge_10,229,1,0.9761707087317507,-2.1190854508782215
moderate,tau_ge_10,230,1,0.9837225057544867,-39.39721395079455
moderate,tau_ge_10,231,1,0.978399503339366,-5.829864930807636
moderate,tau_ge_10,232,1,0.9786065452173438,-14.220064265475154
moderate,tau_ge_10,233,1,0.989889532841687,-44.33610983871607
moderate,tau_ge_10,234,1,0.9827635160754139,-26.048358490091946
moderate,tau_ge_10,235,1,0.9847496836504124,-16.58530554647634
moderate,tau_ge_10,236,1,1.0001651846917516,-60.67361295073648
moderate,tau_ge_10,237,1,0.9770446417713441,9.66629284455202
moderate,tau_ge_10,238,1,0.9771272415966833,-1.6747505418014736
moderate,tau_ge_10,239,1,0.9880142329454162,-29.89770712227602
moderate,tau_ge_10,240,1,0.9812206692753649,-18.997890946735552
moderate,tau_ge_10,241,1,0.9866772034270831,-39.45118820357095
moderate,tau_ge_10,242,1,0.9781437795745327,-12.484140487389018
moderate,tau_ge_10,243,1,0.988056449367951,-44.44097460192491
moderate,tau_ge_10,244,1,0.9791810055213676,-8.231007066127763
moderate,tau_ge_10,245,1,0.9853118998485225,-34.27606052596091
moderate,tau_ge_10,246,1,0.9843942358246675,-24.406588268746155
moderate,tau_ge_10,247,1,0.9744151979337657,1.5853148454819779
moderate,tau_ge_10,248,1,0.9911600989726369,-42.81543036455904
moderate,tau_ge_10,249,1,0.9794931539908489,-17.27682575861055
moderate,tau_ge_10,250,1,0.9787074686233203,-22.811010745622017
moderate,tau_ge_10,251,1,0.9806809838087881,-24.017339840293378
moderate,tau_ge_10,252,1,0.9817232465786144,-12.664811661348535
moderate,tau_ge_10,253,1,0.9861552018655731,-22.00733307779229
moderate,tau_ge_10,254,1,0.980021502559946,-0.5625241075395531
moderate,tau_ge_10,255,1,0.98447280832977,-36.367880471559616
moderate,tau_ge_10,256,1,0.9857053863827687,-27.348673397350083
moderate,tau_ge_10,257,1,0.9805324229261974,11.286795734302322
moderate,tau_ge_10,258,1,0.9757560383371393,6.537566842366977
moderate,tau_ge_10,259,1,0.9743336598098672,-5.379219088253707
moderate,tau_ge_10,260,1,0.9726551192702496,28.385764337221335
moderate,tau_ge_10,261,1,0.9817724008438132,-40.18895837457318
moderate,tau_ge_10,262,1,0.9831779044313497,-9.266222538921639
moderate,tau_ge_10,263,1,0.9760834152608784,-5.397856548795366
moderate,tau_ge_10,264,1,0.9846625627539802,-12.070079199278124
moderate,tau_ge_10,265,1,0.9897968852159226,-48.62520485593303
moderate,tau_ge_10,266,1,0.9770136638791801,-12.149854145254638
moderate,tau_ge_10,267,1,0.9715028668097152,8.266116532068182
moderate,tau_ge_10,268,1,0.972958044376129,9.279419803890312
moderate,tau_ge_10,269,1,0.986498946793587,-26.658094296899318
moderate,tau_ge_10,270,1,0.9799626112104449,-17.18645056225863
moderate,tau_ge_10,271,1,0.9869387344321611,-32.872697959934705
moderate,tau_ge_10,272,1,0.9887336004906007,-40.253261106538055
moderate,tau_ge_10,273,1,0.9781238382266629,-4.8286172332405615
moderate,tau_ge_10,274,1,0.9830552365635801,-24.4040009402163
moderate,tau_ge_10,275,1,0.9759584203415266,0.2930619211572517
moderate,tau_ge_10,276,1,0.9716562202738851,11.646232530770769
moderate,tau_ge_10,277,1,0.9737606195071369,-15.185625548248453
moderate,tau_ge_10,278,1,0.9803881222836756,-19.816739816594502
moderate,tau_ge_10,279,1,0.9875237881780237,-25.999248881681616
moderate,tau_ge_10,280,1,0.9901616168600529,-39.947695655524925
moderate,tau_ge_10,281,1,0.97915068931811,9.03400386524999
moderate,tau_ge_10,282,1,0.9875244434105213,-39.42942475623234
moderate,tau_ge_10,283,1,0.9851724098937095,-35.86849030091186
moderate,tau_ge_10,284,1,0.987086809382477,-22.976409402082975
moderate,tau_ge_10,285,1,0.9936354509901327,-56.56704374688018
moderate,tau_ge_10,286,1,0.9872413630808806,-29.61337581287637
moderate,tau_ge_10,287,1,0.9889210637759892,-38.17340398633182
moderate,tau_ge_10,288,1,0.9807932751757343,-5.574342063460859
moderate,tau_ge_10,289,1,0.9767535054539354,9.663723346089245
moderate,tau_ge_10,290,1,0.9813356978616133,-21.381990362663004
moderate,tau_ge_10,291,1,0.9791247843119846,-16.354335555794417
moderate,tau_ge_10,292,1,0.9862192301939523,-23.91842604635746
moderate,tau_ge_10,293,1,0.9853674015403847,-21.195058766412142
moderate,tau_ge_10,294,1,0.9814026624634848,-5.804282627399117
moderate,tau_ge_10,295,1,0.9824766017943571,-28.940747327790103
moderate,tau_ge_10,296,1,0.9769783107522924,-5.460474721431565
moderate,tau_ge_10,297,1,0.9814953327223316,-20.539678686457492
moderate,tau_ge_10,298,1,0.9845693285627392,-43.09346056028979
moderate,tau_ge_10,299,1,0.9770109552223373,-1.4082233882110151
moderate,tau_ge_10,300,1,0.9851792199149465,-25.411424410807232
moderate,tau_ge_10,301,1,0.9804283902344936,-4.269299224901275
moderate,tau_ge_10,302,1,0.9814683792663506,-20.44560810325164
moderate,tau_ge_10,303,1,0.974584443172396,-7.508292991942195
moderate,tau_ge_10,304,1,0.9893918876141149,-39.70565620987677
moderate,tau_ge_10,305,1,0.9899023627760225,-26.67719164319835
moderate,tau_ge_10,306,1,0.9857946200073351,-21.84866015571579
moderate,tau_ge_10,307,1,0.9907869129110558,-39.86662156323292
moderate,tau_ge_10,308,1,0.9838403317391399,-13.168624966752743
moderate,tau_ge_10,309,1,0.9835536914922065,-29.00953241703008
moderate,tau_ge_10,310,1,0.9911287140823977,-32.577967337122715
moderate,tau_ge_10,311,1,0.9870599932267781,-21.539030922641782
moderate,tau_ge_10,312,1,0.9857849419651351,-27.162585201376007
moderate,tau_ge_10,313,1,0.9854237399952295,-26.658410918395564
moderate,tau_ge_10,314,1,0.9730043903809706,4.078597860245472
moderate,tau_ge_10,315,1,0.9839063628020462,-22.44289739965499
moderate,tau_ge_10,316,1,0.9745349986360555,-2.9700690203545066
moderate,tau_ge_10,317,1,0.9763350371485419,-0.4757644309180611
moderate,tau_ge_10,318,1,0.9798773159426329,-15.122582445681084
moderate,tau_ge_10,319,1,0.9764272630862987,-3.1951204370937014
moderate,tau_ge_10,320,1,0.993674519065087,-57.77399730294863
moderate,tau_ge_10,321,1,0.9824875025296951,-16.95822036847034
moderate,tau_ge_10,322,1,0.9700762188561091,15.433979791266713
moderate,tau_ge_10,323,1,0.9796015155469792,-11.994773520191861
moderate,tau_ge_10,324,1,0.9716438575179259,2.177095612604042
moderate,tau_ge_10,325,1,0.9850298305971372,-30.929669054747006
moderate,tau_ge_10,326,1,0.9902708883497267,-40.3089765629991
moderate,tau_ge_10,327,1,0.976266726725484,-5.499346612757026
moderate,tau_ge_10,328,1,0.9687623862620979,0.6281018588734718
moderate,tau_ge_10,329,1,0.9847993823426461,-26.11230679403688
moderate,tau_ge_10,330,1,0.9899603232595663,-39.87434516371672
moderate,tau_ge_10,331,1,0.9824301338157522,-20.279432804324504
moderate,tau_ge_10,332,1,0.9879914779332598,-25.11372265603788
moderate,tau_ge_10,333,1,0.9803158468018903,-28.000824341347407
moderate,tau_ge_10,334,1,0.9801212416346272,-16.97912742371183
moderate,tau_ge_10,335,1,0.9802590204118403,-0.07589799467411262
moderate,tau_ge_10,336,1,0.9874953877029359,-45.36143879629338
moderate,tau_ge_10,337,1,0.9866522532742183,-37.72921446675535
moderate,tau_ge_10,338,1,0.9890832903624382,-45.474220801670185
moderate,tau_ge_10,339,1,0.9749241085978785,-17.030047731133518
moderate,tau_ge_10,340,1,0.9889928005391853,-33.248192274174926
moderate,tau_ge_10,341,1,0.9817336267276447,-22.25995403819653
moderate,tau_ge_10,342,1,0.9816268333132766,-20.58753250054024
moderate,tau_ge_10,343,1,0.980359379876712,-14.470998122260585
moderate,tau_ge_10,344,1,0.9819927811742742,-27.75543232765501
moderate,tau_ge_10,345,1,0.9926180879330262,-59.249990069953796
moderate,tau_ge_10,346,1,0.9840798826483192,-17.369442710030857
moderate,tau_ge_10,347,1,0.9813173886529865,-11.464183923153898
moderate,tau_ge_10,348,1,0.9795688956181711,-4.918861741795298
moderate,tau_ge_10,349,1,0.975284054274176,-8.768005592663188
moderate,tau_ge_10,350,1,0.9908135928959144,-49.485732207815474
moderate,tau_ge_10,351,1,0.9690497032174024,11.38537556600031
moderate,tau_ge_10,352,1,0.9796169340281016,-12.527719429846796
moderate,tau_ge_10,353,1,0.9898936365427686,-34.398321114970976
moderate,tau_ge_10,354,1,0.9813625430712143,-13.767405505470819
moderate,tau_ge_10,355,1,0.9747907689120436,0.1866944246136377
moderate,tau_ge_10,356,1,0.9721427635417638,19.922606974342365
moderate,tau_ge_10,357,1,0.9827570136534662,-7.705806584821538
moderate,tau_ge_10,358,1,0.9778398388498001,-0.08097604066669993
moderate,tau_ge_10,359,1,0.9788000835556135,-15.319170749670374
moderate,tau_ge_10,360,1,1.0002379219839512,-55.65534800431975
moderate,tau_ge_10,361,1,0.9808986166309189,-17.790497035209995
moderate,tau_ge_10,362,1,0.9891312679398717,-35.24311177387808
moderate,tau_ge_10,363,1,0.9800424075859399,-22.5201112903699
moderate,tau_ge_10,364,1,0.9798726309191265,-2.710146330146564
moderate,tau_ge_10,365,1,0.9837206412302425,-29.362511004635028
moderate,tau_ge_10,366,1,0.993357409505596,-47.02293206575362
moderate,tau_ge_10,367,1,0.9770595672076646,5.120158127074567
moderate,tau_ge_10,368,1,0.9826837173232915,-9.847678621197439
moderate,tau_ge_10,369,1,0.9832882546983189,-18.696889344760912
moderate,tau_ge_10,370,1,0.9840702217039643,-23.18936311015564
moderate,tau_ge_10,371,1,0.9921515727530026,-39.4084581899195
moderate,tau_ge_10,372,1,0.9867639023264734,-33.23632823299448
moderate,tau_ge_10,373,1,0.9832126750462726,-15.581539374889422
moderate,tau_ge_10,374,1,0.9818595550188627,-30.64507649264357
moderate,tau_ge_10,375,1,0.9958242565889941,-44.054071285900804
moderate,tau_ge_10,376,1,0.9886912228522635,-32.05358931966602
moderate,tau_ge_10,377,1,0.9802092277810219,-15.91896509771127
moderate,tau_ge_10,378,1,0.9891554155416044,-36.87465665051541
moderate,tau_ge_10,379,1,0.9898240573469914,-38.998265272204044
moderate,tau_ge_10,380,1,0.9890297363627363,-48.78739474884554
moderate,tau_ge_10,381,1,0.9770824624943115,-17.29273214106581
moderate,tau_ge_10,382,1,0.9748001045946217,-5.959450688171249
moderate,tau_ge_10,383,1,0.9680114594686032,21.789363122416493
moderate,tau_ge_10,384,1,0.9818883069794035,-33.74298482597559
moderate,tau_ge_10,385,1,0.9745366471113011,1.580620665079382
moderate,tau_ge_10,386,1,0.9745697909241112,-8.301460183572997
moderate,tau_ge_10,387,1,0.9890875381179612,-28.676306118473292
moderate,tau_ge_10,388,1,0.9907479165628992,-35.09312213698332
moderate,tau_ge_10,389,1,0.9870177632998286,-33.50452689182866
moderate,tau_ge_10,390,1,0.9911205351160851,-28.94330813821953
moderate,tau_ge_10,391,1,0.9735411957196488,11.856654846671681
moderate,tau_ge_10,392,1,0.984827842164938,-24.65774063130318
moderate,tau_ge_10,393,1,0.9949017570998034,-42.63864222538306
moderate,tau_ge_10,394,1,0.9769306593049167,-8.220751844215258
moderate,tau_ge_10,395,1,0.9775036995782352,-3.9516502930626327
moderate,tau_ge_10,396,1,0.9881304028661018,-30.01320980469862
moderate,tau_ge_10,397,1,0.9832189528879641,-15.542684758011637
moderate,tau_ge_10,398,1,0.9739668571099516,-2.287172658135923
moderate,tau_ge_10,399,1,0.9731490860535534,-10.100584036333709
moderate,tau_ge_10,400,1,0.9774967052574154,4.918671177159392
moderate,tau_ge_10,401,1,0.9809576869852588,-11.62369107762041
moderate,tau_ge_10,402,1,0.9894521369546647,-40.26875726057602
moderate,tau_ge_10,403,1,0.9871146959103525,-33.63144951122207
moderate,tau_ge_10,404,1,0.9736504204190963,3.6778248440160954
moderate,tau_ge_10,405,1,0.9854207787014828,-20.34331051589495
moderate,tau_ge_10,406,1,0.9762650296660188,0.1593185477491915
moderate,tau_ge_10,407,1,0.9821253423567187,-29.009176544849783
moderate,tau_ge_10,408,1,0.9800461288284971,-13.041254040086162
moderate,tau_ge_10,409,1,0.9851329004281586,-33.51706742472609
moderate,tau_ge_10,410,1,0.9803271995127869,-8.182269204758745
moderate,tau_ge_10,411,1,0.9696848615821035,0.9708643751337301
moderate,tau_ge_10,412,1,0.9864209906717053,-28.80642650112671
moderate,tau_ge_10,413,1,0.9720364027103495,2.2968335907631943
moderate,tau_ge_10,414,1,0.9751394776970655,-5.014872289425569
moderate,tau_ge_10,415,1,0.9928887801132071,-52.634911441552326
moderate,tau_ge_10,416,1,0.9845060536606125,-26.33711835465317
moderate,tau_ge_10,417,1,0.9817430017109021,-21.063802172080894
moderate,tau_ge_10,418,1,0.9881184722753689,-34.975894764668354
moderate,tau_ge_10,419,1,0.9749737136399866,-9.674547230604285
moderate,tau_ge_10,420,1,0.9687037455796743,18.716349897374855
moderate,tau_ge_10,421,1,0.9812454640551349,-16.496642800230305
moderate,tau_ge_10,422,1,0.9809744723197704,-19.23473865213156
moderate,tau_ge_10,423,1,0.986508306269815,-25.845773835768462
moderate,tau_ge_10,424,1,0.9903607786699903,-33.68286787414256
moderate,tau_ge_10,425,1,0.9800721354175925,-14.565865898274247
moderate,tau_ge_10,426,1,0.9839480806943259,-34.59802066758392
moderate,tau_ge_10,427,1,0.9822656428613494,-23.329782867638635
moderate,tau_ge_10,428,1,0.9799717063335908,-9.784810974892325
moderate,tau_ge_10,429,1,0.9849003975600418,-17.12493496109946
moderate,tau_ge_10,430,1,0.978886438342387,-4.712724548690659
moderate,tau_ge_10,431,1,0.9826696446738882,-21.124300452261934
moderate,tau_ge_10,432,1,0.9805079066863563,-14.616254478028726
moderate,tau_ge_10,433,1,0.9947608906968718,-56.29610901963204
moderate,tau_ge_10,434,1,0.9908140081904233,-29.021624634667077
moderate,tau_ge_10,435,1,0.9713822713962152,8.421949095110515
moderate,tau_ge_10,436,1,0.9846125685998982,-30.738019663089634
moderate,tau_ge_10,437,1,0.9791417999798957,-14.249914390282168
moderate,tau_ge_10,438,1,0.984246090369445,-37.51795956718017
moderate,tau_ge_10,439,1,0.97647341102452,-5.08094331245689
moderate,tau_ge_10,440,1,0.9820407181093687,-20.450354987610513
moderate,tau_ge_10,441,1,0.9759167080696088,-3.5659805418818764
moderate,tau_ge_10,442,1,0.9763249067679254,-1.1852677038799528
moderate,tau_ge_10,443,1,0.9717781089532725,3.6452887144476023
moderate,tau_ge_10,444,1,0.9841392272277751,-21.82109021705842
moderate,tau_ge_10,445,1,0.9858144796274148,-13.145570952682522
moderate,tau_ge_10,446,1,0.9860917917219405,-33.34206389547506
moderate,tau_ge_10,447,1,0.9862390630709166,-21.261325851892998
moderate,tau_ge_10,448,1,0.9740791437424425,-20.939653896835154
moderate,tau_ge_10,449,1,0.9802566474936304,-21.84836886803084
moderate,tau_ge_10,450,1,0.9869284230210772,-36.08092766601494
moderate,tau_ge_10,451,1,0.9775729650540984,-6.319774862840565
moderate,tau_ge_10,452,1,0.9889168393301537,-30.085600981111646
moderate,tau_ge_10,453,1,0.9803463546136231,-13.37819210314911
moderate,tau_ge_10,454,1,0.9824590809966598,-20.722774498917094
moderate,tau_ge_10,455,1,0.9780035039504408,-4.891509809603925
moderate,tau_ge_10,456,1,0.9826200031631883,-26.444144454448757
moderate,tau_ge_10,457,1,0.9841505151815299,-30.528150257968754
moderate,tau_ge_10,458,1,0.9783527245969764,4.238604048158479
moderate,tau_ge_10,459,1,0.9814780020434019,-9.50109876432371
moderate,tau_ge_10,460,1,0.9736471403506377,-9.583835681362803
moderate,tau_ge_10,461,1,0.9767073796339912,1.5318028663824075
moderate,tau_ge_10,462,1,0.9967759641713876,-69.30806285517268
moderate,tau_ge_10,463,1,0.9849452812145703,-28.166590841906025
moderate,tau_ge_10,464,1,0.9802006374773796,-9.00871051457288
moderate,tau_ge_10,465,1,0.9862086880179275,-17.4224674273597
moderate,tau_ge_10,466,1,0.9833590983051593,-24.67581611527478
moderate,tau_ge_10,467,1,0.9877034152126462,-33.904838789569496
moderate,tau_ge_10,468,1,0.980946245614678,-18.155938362490332
moderate,tau_ge_10,469,1,0.9898717118750652,-47.959482864123736
moderate,tau_ge_10,470,1,0.9918299373423065,-56.287012404167626
moderate,tau_ge_10,471,1,0.9815280064462706,-22.347528971234023
moderate,tau_ge_10,472,1,0.9816650909460392,-23.416102900657464
moderate,tau_ge_10,473,1,0.9817028888640542,-13.609088164534267
moderate,tau_ge_10,474,1,0.9775740420204706,-3.073735149750742
moderate,tau_ge_10,475,1,0.977479653375151,-10.055647824609164
moderate,tau_ge_10,476,1,0.9859172624691531,-25.975015484549843
moderate,tau_ge_10,477,1,0.9876298576310721,-39.51554486393519
moderate,tau_ge_10,478,1,0.9821999707317088,-20.28988667264996
moderate,tau_ge_10,479,1,0.9825491685667995,-20.965716978362344
moderate,tau_ge_10,480,1,0.9726737955438826,-4.707478153199388
moderate,tau_ge_10,481,1,0.9860385832253067,-17.062365990467264
moderate,tau_ge_10,482,1,0.985954272901602,-17.738019762721976
moderate,tau_ge_10,483,1,0.9781893641896713,-12.315534812996413
moderate,tau_ge_10,484,1,0.9773028625597808,-13.87435377110412
moderate,tau_ge_10,485,1,0.9752759756363181,8.570644165981813
moderate,tau_ge_10,486,1,0.9818994227597958,-23.267746002778303
moderate,tau_ge_10,487,1,0.9791966197628579,-7.839759534911992
moderate,tau_ge_10,488,1,0.9776453555957311,-0.462509136884751
moderate,tau_ge_10,489,1,0.9812998558653858,-21.773100785076977
moderate,tau_ge_10,490,1,0.9881992173598518,-38.61167742100078
moderate,tau_ge_10,491,1,0.9778491740830885,-2.702362085125969
moderate,tau_ge_10,492,1,0.9878141642141042,-45.58931408452037
moderate,tau_ge_10,493,1,0.9691312554931317,2.133964437850125
moderate,tau_ge_10,494,1,0.9842697129510568,-19.599170690921945
moderate,tau_ge_10,495,1,0.9817103150680412,-19.13129213242876
moderate,tau_ge_10,496,1,0.9750991593861711,-2.7626787594779327
moderate,tau_ge_10,497,1,0.969839827416687,13.571514571916467
moderate,tau_ge_10,498,1,0.9980549724883991,-50.57306841799933
moderate,tau_ge_10,499,1,0.987903531909229,-42.0024466545038
moderate,tau_ge_10,500,1,0.9739158374600052,6.464898704844328
moderate,tau_ge_10,501,1,0.9795793399286344,-12.445027901357612
moderate,tau_ge_10,502,1,0.9802502803292134,-27.044511245346808
moderate,tau_ge_10,503,1,0.9796880363786049,-20.4937330962405
moderate,tau_ge_10,504,1,0.9863260239104467,-35.713723082903
moderate,tau_ge_10,505,1,0.9922405685800855,-35.01270275264951
moderate,tau_ge_10,506,1,0.9794080586675233,-15.150128402536094
moderate,tau_ge_10,507,1,0.9889352182484386,-45.93295590945316
moderate,tau_ge_10,508,1,0.9790747312514123,-15.167831284482086
moderate,tau_ge_10,509,1,0.9838356740398235,-30.523315523701655
moderate,tau_ge_10,510,1,0.9838141757528024,-13.86423648766149
moderate,tau_ge_10,511,1,0.9842421423956247,-34.39471810580043
moderate,tau_ge_10,512,1,1.000208413941182,-55.92409168220388
moderate,tau_ge_10,513,1,0.9855934031914307,-31.25470915726789
moderate,tau_ge_10,514,1,0.9737565343960148,20.389167919394097
moderate,tau_ge_10,515,1,0.9919370834203055,-26.63577449228066
moderate,tau_ge_10,516,1,0.976110135553193,7.986085022105642
moderate,tau_ge_10,517,1,0.9757512996078114,-8.632734328843314
moderate,tau_ge_10,518,1,0.9831291707166133,-28.771033431253557
moderate,tau_ge_10,519,1,0.979757228573605,-12.124860339050844
moderate,tau_ge_10,520,1,0.9831475862090249,-18.40725722679476
moderate,tau_ge_10,521,1,0.9772417716662646,-1.260693017568153
moderate,tau_ge_10,522,1,0.973005264569412,12.325193998776589
moderate,tau_ge_10,523,1,0.982186387543006,-31.90748561843765
moderate,tau_ge_10,524,1,0.9829584522721366,-20.9751177398699
moderate,tau_ge_10,525,1,0.9766095355676269,-3.7914416503849253
moderate,tau_ge_10,526,1,0.9915600678110392,-43.18213088206566
moderate,tau_ge_10,527,1,0.9797505629542945,-12.265802079228028
moderate,tau_ge_10,528,1,0.9802027495690703,-16.809282772173578
moderate,tau_ge_10,529,1,0.9959212316353946,-68.08063558074791
moderate,tau_ge_10,530,1,0.9788545973302752,-6.553685919219145
moderate,tau_ge_10,531,1,0.9663823199844662,5.686002809035365
moderate,tau_ge_10,532,1,0.9806857511927105,-19.03015699317351
moderate,tau_ge_10,533,1,0.9913666558056937,-36.30581994648455
moderate,tau_ge_10,534,1,0.9925138611062327,-47.66325389585191
moderate,tau_ge_10,535,1,0.9915509021624375,-46.583392599276024
moderate,tau_ge_10,536,1,0.9848976807820504,-25.978916377279663
moderate,tau_ge_10,537,1,0.9732832898589092,2.2458157929517357
moderate,tau_ge_10,538,1,0.9757117668023311,-6.531003104721385
moderate,tau_ge_10,539,1,0.9730655875686822,7.049806052178552
moderate,tau_ge_10,540,1,0.986066849317383,-28.005163441875872
moderate,tau_ge_10,541,1,0.9751895037992163,-19.37457704998741
moderate,tau_ge_10,542,1,0.9920190367265392,-56.592245118339854
moderate,tau_ge_10,543,1,0.9784326104491011,-11.890616342955243
moderate,tau_ge_10,544,1,0.9805103592097347,-1.5347897051351715
moderate,tau_ge_10,545,1,0.9935512308427421,-53.056715218017864
moderate,tau_ge_10,546,1,0.9682452828984685,20.000474461926316
moderate,tau_ge_10,547,1,0.9862916050049724,-36.81589268095529
moderate,tau_ge_10,548,1,0.9909153967372688,-43.67600893787743
moderate,tau_ge_10,549,1,0.9741966458876985,8.307337052605556
moderate,tau_ge_10,550,1,0.9762806499787663,-10.266373721433458
moderate,tau_ge_10,551,1,0.9713191821830406,15.377753736893325
moderate,tau_ge_10,552,1,0.9850429313300988,-23.96379549898795
moderate,tau_ge_10,553,1,0.9875034042908709,-34.591648024727775
moderate,tau_ge_10,554,1,0.9757739972700313,-10.752169454307968
moderate,tau_ge_10,555,1,0.9856135354385703,-28.996226812270617
moderate,tau_ge_10,556,1,0.9845816399954056,-24.123962439184883
moderate,tau_ge_10,557,1,0.9800663732511051,-24.22915480518262
moderate,tau_ge_10,558,1,0.9797412390577114,-16.237017212988253
moderate,tau_ge_10,559,1,0.9859173786560725,-23.008733440583818
moderate,tau_ge_10,560,1,0.9871225595405061,-27.653348465486754
moderate,tau_ge_10,561,1,0.9846942627662565,-25.1269836311779
moderate,tau_ge_10,562,1,0.9799545835955379,-18.2000856874874
moderate,tau_ge_10,563,1,0.9970766111605649,-50.86984429566343
moderate,tau_ge_10,564,1,0.9954218522131215,-51.86514872298697
moderate,tau_ge_10,565,1,0.9795222145119634,-9.569377810055007
moderate,tau_ge_10,566,1,0.9752163476835107,0.9370525256846887
moderate,tau_ge_10,567,1,0.9897202352262652,-36.902602519544544
moderate,tau_ge_10,568,1,0.978294672416465,-5.303576041912459
moderate,tau_ge_10,569,1,0.9805995852635071,-14.288621247864024
moderate,tau_ge_10,570,1,0.9867718799826296,-19.304545644699317
moderate,tau_ge_10,571,1,0.9738504265247746,-0.8608614711080127
moderate,tau_ge_10,572,1,0.9767697232561637,2.0388110521310354
moderate,tau_ge_10,573,1,0.9831469233745743,-20.628476725834265
moderate,tau_ge_10,574,1,0.982101945655758,-7.826008591333174
moderate,tau_ge_10,575,1,0.9789675100754064,-13.293877346935716
moderate,tau_ge_10,576,1,0.9702860922163249,20.071274234184976
moderate,tau_ge_10,577,1,0.9781685277286998,-0.2999646274891266
moderate,tau_ge_10,578,1,0.9825180572284197,-23.501995865212194
moderate,tau_ge_10,579,1,0.9840657799166321,-26.97814655492973
moderate,tau_ge_10,580,1,0.9866209332565984,-23.863183808069365
moderate,tau_ge_10,581,1,0.9910622674246818,-31.38520965057907
moderate,tau_ge_10,582,1,0.9820813776852299,-21.584979065634883
moderate,tau_ge_10,583,1,0.986792371429419,-20.302454168095753
moderate,tau_ge_10,584,1,0.9946152453075014,-42.08828011192972
moderate,tau_ge_10,585,1,0.9841138766961068,-32.07232679976324
moderate,tau_ge_10,586,1,0.9723144264719975,18.260620196808308
moderate,tau_ge_10,587,1,0.9841643409919959,-16.800799133234474
moderate,tau_ge_10,588,1,0.9773200275269307,-22.299462241771334
moderate,tau_ge_10,589,1,0.9777239232364141,3.8010569592365697
moderate,tau_ge_10,590,1,0.9824755402717431,-17.260323411529644
moderate,tau_ge_10,591,1,0.9805519295369696,-19.738702808812295
moderate,tau_ge_10,592,1,0.9835408101306243,-21.51854634120382
moderate,tau_ge_10,593,1,0.9764633215214897,-6.900798142570715
moderate,tau_ge_10,594,1,0.9786416815618008,-6.353104342025815
moderate,tau_ge_10,595,1,0.9857557619390984,-29.889206605331236
moderate,tau_ge_10,596,1,0.9921895218242093,-32.46938726750855
moderate,tau_ge_10,597,1,0.9752697875160675,3.4717633702852373
moderate,tau_ge_10,598,1,0.9785230295172589,-8.24329075986721
moderate,tau_ge_10,599,1,0.9903063808268576,-38.984954728385844
moderate,tau_ge_10,600,1,0.9892670348487308,-32.97641707187257
moderate,tau_ge_10,601,1,0.9783162063361416,-10.350610822602473
moderate,tau_ge_10,602,1,0.9861835508769433,-33.972755559796184
moderate,tau_ge_10,603,1,0.982690393380466,-10.195869136381509
moderate,tau_ge_10,604,1,0.9867264512432913,-27.78863157848317
moderate,tau_ge_10,605,1,0.989382482588599,-35.554953656963505
moderate,tau_ge_10,606,1,0.979437672842416,-20.04409200825351
moderate,tau_ge_10,607,1,0.9892287010495269,-43.64998342202534
moderate,tau_ge_10,608,1,0.9771725132983469,1.7675644031966509
moderate,tau_ge_10,609,1,0.9777147084610497,-11.326372829494257
moderate,tau_ge_10,610,1,0.971702809279812,8.004752652230358
moderate,tau_ge_10,611,1,0.9776866934764187,-4.246587839582714
moderate,tau_ge_10,612,1,0.9793169299815124,-9.952787410373345
moderate,tau_ge_10,613,1,0.9853148027705583,-27.304446312312965
moderate,tau_ge_10,614,1,0.9850434068032969,-38.15740390839804
moderate,tau_ge_10,615,1,0.9824927596442699,-10.09557938907318
moderate,tau_ge_10,616,1,0.9804342462503919,-18.54604685006995
moderate,tau_ge_10,617,1,0.9892342724991529,-41.05537026511084
moderate,tau_ge_10,618,1,0.9859721977946792,-31.793557203535876
moderate,tau_ge_10,619,1,0.991119953349696,-36.723621587858425
moderate,tau_ge_10,620,1,0.9857007658375796,-24.59207347890358
moderate,tau_ge_10,621,1,0.9716510728511923,0.9953365972208518
moderate,tau_ge_10,622,1,0.9907410055905284,-49.068872557963694
moderate,tau_ge_10,623,1,0.9841587615427287,-26.370271430799235
moderate,tau_ge_10,624,1,0.9706371446379221,22.97075840316724
moderate,tau_ge_10,625,1,0.9844395946593314,-27.92573221705497
moderate,tau_ge_10,626,1,0.9832040370318454,-39.55125185999166
moderate,tau_ge_10,627,1,0.9769881203482751,4.377742730539202
moderate,tau_ge_10,628,1,0.9747179519371879,-2.8720415534575774
moderate,tau_ge_10,629,1,0.9956056118160342,-64.1636386911114
moderate,tau_ge_10,630,1,0.981619881111556,-8.178509555423398
moderate,tau_ge_10,631,1,0.993794019040748,-45.2386213362809
moderate,tau_ge_10,632,1,0.9794448716103888,-14.074466681556256
moderate,tau_ge_10,633,1,0.9897984275276597,-43.43456447059805
moderate,tau_ge_10,634,1,0.9840502303729262,-28.71852527205861
moderate,tau_ge_10,635,1,0.9866197025099012,-17.842784884010417
moderate,tau_ge_10,636,1,0.9886234392302358,-16.779709856054534
moderate,tau_ge_10,637,1,0.9723126783886351,-1.9083248597970686
moderate,tau_ge_10,638,1,0.9827251832454942,-21.148017755622423
moderate,tau_ge_10,639,1,0.9733099998684195,9.761107478238666
moderate,tau_ge_10,640,1,0.982756095680687,-16.119043154866837
moderate,tau_ge_10,641,1,0.9848504558676607,-20.783407139804442
moderate,tau_ge_10,642,1,0.9769023159517531,5.062034767541528
moderate,tau_ge_10,643,1,0.9755800858980004,6.27237175748651
moderate,tau_ge_10,644,1,0.988653896493963,-37.76543650360494
moderate,tau_ge_10,645,1,0.9774688373544911,2.765856172843868
moderate,tau_ge_10,646,1,0.9866049461017509,-49.2985147239979
moderate,tau_ge_10,647,1,0.9845096349839487,-32.29977974553553
moderate,tau_ge_10,648,1,0.9740352810327427,-10.166676062837324
moderate,tau_ge_10,649,1,0.9893180399517402,-32.55840900456867
moderate,tau_ge_10,650,1,0.9861611033275336,-22.30420523073639
moderate,tau_ge_10,651,1,0.9702335955802799,13.69855943243219
moderate,tau_ge_10,652,1,0.9909663691702641,-36.565472495987635
moderate,tau_ge_10,653,1,0.9886269679170248,-26.63132159763917
moderate,tau_ge_10,654,1,0.9934631671673715,-46.676993557445584
moderate,tau_ge_10,655,1,0.9800782654620426,-12.814773377571818
moderate,tau_ge_10,656,1,0.9797915925643872,-27.563677265779646
moderate,tau_ge_10,657,1,0.9866517952729288,-27.026116777410703
moderate,tau_ge_10,658,1,0.9848919190238036,-31.3540870533854
moderate,tau_ge_10,659,1,0.9897709582240289,-40.77429596652603
moderate,tau_ge_10,660,1,0.9706734002268746,10.107673556670845
moderate,tau_ge_10,661,1,0.9817991307196399,-23.521629121244295
moderate,tau_ge_10,662,1,0.9753627989774892,0.04889046195959489
moderate,tau_ge_10,663,1,0.98329404865053,-27.62209509835111
moderate,tau_ge_10,664,1,0.9925070285509194,-51.491621427234776
moderate,tau_ge_10,665,1,0.9912583950733703,-61.11592183151377
moderate,tau_ge_10,666,1,0.978816666302358,-3.8365725635532373
moderate,tau_ge_10,667,1,0.9817790727209282,-6.9807829367458645
moderate,tau_ge_10,668,1,0.9856222154386215,-25.60023139266588
moderate,tau_ge_10,669,1,0.975654754130447,-4.396852367511502
moderate,tau_ge_10,670,1,0.9915457566065501,-30.956208441672633
moderate,tau_ge_10,671,1,0.9845011076264871,-24.26167133124796
moderate,tau_ge_10,672,1,0.9809583257820731,-28.501382720458267
moderate,tau_ge_10,673,1,0.983793588071126,-19.44901812126204
moderate,tau_ge_10,674,1,0.9779586980399468,-5.5906213749544165
moderate,tau_ge_10,675,1,0.9796578568054449,6.050486056131666
moderate,tau_ge_10,676,1,0.9767294407667207,3.773085357823384
moderate,tau_ge_10,677,1,0.9916099414977828,-44.649544271822464
moderate,tau_ge_10,678,1,0.97732071001642,1.2078614179184552
moderate,tau_ge_10,679,1,0.9824819952684406,-14.146241501131518
moderate,tau_ge_10,680,1,0.9778362389376279,2.838948225905349
moderate,tau_ge_10,681,1,0.9740768865808829,6.2141584516803166
moderate,tau_ge_10,682,1,0.9804766849366009,-10.449182916005176
moderate,tau_ge_10,683,1,0.9717361175068491,2.102649583272767
moderate,tau_ge_10,684,1,0.9880628938172976,-36.402384369307086
moderate,tau_ge_10,685,1,0.9903109174254621,-38.951331818212026
moderate,tau_ge_10,686,1,0.980091295871643,-12.081336726593781
moderate,tau_ge_10,687,1,0.9911939795049073,-44.48722876633651
moderate,tau_ge_10,688,1,0.9784911093748028,-13.62103827783321
moderate,tau_ge_10,689,1,0.9811073405411397,-15.860779567785336
moderate,tau_ge_10,690,1,0.9820242418579657,-23.8905473830569
moderate,tau_ge_10,691,1,0.9802677805903182,-20.226585382790432
moderate,tau_ge_10,692,1,0.9841033984806532,-31.789334976130792
moderate,tau_ge_10,693,1,0.9709642542822442,24.76171279465841
moderate,tau_ge_10,694,1,0.9875276220881192,-26.84165111023256
moderate,tau_ge_10,695,1,0.9780854307087774,-3.7836037386774186
moderate,tau_ge_10,696,1,0.9818468478009685,-2.9676808630701768
moderate,tau_ge_10,697,1,0.9851230065803128,-32.02412480282409
moderate,tau_ge_10,698,1,0.992079888392753,-44.46322679974014
moderate,tau_ge_10,699,1,0.9834833083607767,-30.45790248920968
moderate,tau_ge_10,700,1,0.9856024839670756,-24.2961916624146
moderate,tau_ge_10,701,1,0.9886537785946443,-39.01579096037649
moderate,tau_ge_10,702,1,0.988637944819024,-31.90548022954484
moderate,tau_ge_10,703,1,0.9862088863001318,-26.294031852208683
moderate,tau_ge_10,704,1,0.9738556594887956,-0.5223977632242875
moderate,tau_ge_10,705,1,0.9754780903098333,-3.644544300949894
moderate,tau_ge_10,706,1,0.9811942629077212,-18.35256865160425
moderate,tau_ge_10,707,1,0.9847062832485333,-37.83354904853254
moderate,tau_ge_10,708,1,0.9717574788162168,-9.574158103684526
moderate,tau_ge_10,709,1,0.9708974244418392,11.988522539161526
moderate,tau_ge_10,710,1,0.9985805132323795,-60.347643706590674
moderate,tau_ge_10,711,1,0.9798748750730196,-3.320923893015895
moderate,tau_ge_10,712,1,0.978678052862084,-12.461095132984262
moderate,tau_ge_10,713,1,0.9830636849528768,-15.828872342080361
moderate,tau_ge_10,714,1,0.9903572148145663,-40.340812719352925
moderate,tau_ge_10,715,1,0.984689769321822,-37.69720653111641
moderate,tau_ge_10,716,1,0.9769053531847969,-16.709130638114598
moderate,tau_ge_10,717,1,0.9798854520348369,-8.099181766953441
moderate,tau_ge_10,718,1,0.9911264011780803,-44.74118958860067
moderate,tau_ge_10,719,1,0.975628622913486,13.028109479416667
moderate,tau_ge_10,720,1,0.9753480285595294,-8.771391997052058
moderate,tau_ge_10,721,1,0.9777499090505404,-9.569362919523138
moderate,tau_ge_10,722,1,0.9791515357733301,1.6895711582333217
moderate,tau_ge_10,723,1,0.9773788426631197,-10.58664675589707
moderate,tau_ge_10,724,1,0.9772958252527049,-15.433343381314598
moderate,tau_ge_10,725,1,0.9804185908856757,-11.245001436549718
moderate,tau_ge_10,726,1,0.975280681174164,-1.7909344694060987
moderate,tau_ge_10,727,1,0.992181204985205,-34.808960511816224
moderate,tau_ge_10,728,1,0.9770707016223487,-3.0647301431016576
moderate,tau_ge_10,729,1,0.9788286674339128,-15.15137780154849
moderate,tau_ge_10,730,1,0.9777579070952713,4.443890193591441
moderate,tau_ge_10,731,1,0.9922905312904595,-37.743775250251375
moderate,tau_ge_10,732,1,0.9841717752830376,-23.345617740526716
moderate,tau_ge_10,733,1,0.9840868775193372,-9.003714783990516
moderate,tau_ge_10,734,1,0.9776077901388424,-4.012119430345132
moderate,tau_ge_10,735,1,0.9870065784912258,-29.59074837828301
moderate,tau_ge_10,736,1,0.982304842198524,-25.344911787773583
moderate,tau_ge_10,737,1,0.9886323900795569,-38.771718303562864
moderate,tau_ge_10,738,1,0.9751910578312364,9.362343178669622
moderate,tau_ge_10,739,1,0.9760014392020214,-7.361833599780319
moderate,tau_ge_10,740,1,0.9834360088915358,-26.840064671465534
moderate,tau_ge_10,741,1,0.9733447301122942,7.236257736727639
moderate,tau_ge_10,742,1,0.9826898933428905,-26.994867443113662
moderate,tau_ge_10,743,1,0.9794520127797898,-9.838594237040178
moderate,tau_ge_10,744,1,0.9886827989404622,-18.592636122155834
moderate,tau_ge_10,745,1,0.9715351682754876,-2.1406012479744536
moderate,tau_ge_10,746,1,0.9878890694264744,-38.31583630701526
moderate,tau_ge_10,747,1,0.978652395621844,-18.676312393931035
moderate,tau_ge_10,748,1,0.9743516221471858,14.939937410894675
moderate,tau_ge_10,749,1,0.987280468498929,-38.140029729649775
moderate,tau_ge_10,750,1,0.9778245090251623,-3.0787739455152145
moderate,tau_ge_10,751,1,0.9701244837843469,-0.243423040026825
moderate,tau_ge_10,752,1,0.9820910615102657,-27.944250483447245
moderate,tau_ge_10,753,1,0.9890069377567808,-29.625866897612656
moderate,tau_ge_10,754,1,0.9905456285282369,-38.86392346178104
moderate,tau_ge_10,755,1,0.9790751778859773,-12.300969137444584
moderate,tau_ge_10,756,1,0.9850009107202398,-28.019159674994174
moderate,tau_ge_10,757,1,0.9829171535472222,-14.918728525981686
moderate,tau_ge_10,758,1,0.9862995655675922,-28.576591342898435
moderate,tau_ge_10,759,1,0.9842925310212688,-23.656171829139115
moderate,tau_ge_10,760,1,0.9852380853461697,-31.348910953869645
moderate,tau_ge_10,761,1,0.9872891434882513,-31.447089254070608
moderate,tau_ge_10,762,1,0.9870504365857106,-44.856512639160044
moderate,tau_ge_10,763,1,0.977612718477561,-18.59243827705713
moderate,tau_ge_10,764,1,0.9771639030000294,-10.660805236169596
moderate,tau_ge_10,765,1,0.9792397478494944,-7.485518730695863
moderate,tau_ge_10,766,1,0.9874604225503846,-30.152999419145463
moderate,tau_ge_10,767,1,0.9951007470749565,-60.628758957506086
moderate,tau_ge_10,768,1,0.9820876349215903,-14.939830618108896
moderate,tau_ge_10,769,1,0.9898832437791639,-43.54235728008027
moderate,tau_ge_10,770,1,0.9929817548344042,-47.994971033482976
moderate,tau_ge_10,771,1,0.9896782074248549,-46.94693844652319
moderate,tau_ge_10,772,1,0.9779019431708924,-4.98411629713394
moderate,tau_ge_10,773,1,0.9883353451472392,-21.032007658548057
moderate,tau_ge_10,774,1,0.9876261745623443,-35.62069460412726
moderate,tau_ge_10,775,1,0.9787950669116856,-7.711098741476461
moderate,tau_ge_10,776,1,0.978129714203677,-27.275597986401465
moderate,tau_ge_10,777,1,0.9820926471244359,-24.885993666352164
moderate,tau_ge_10,778,1,0.9831335042016243,-26.789997616442353
moderate,tau_ge_10,779,1,0.9772524197350865,-22.608197914427315
moderate,tau_ge_10,780,1,0.9813479377595755,-10.574002484633517
moderate,tau_ge_10,781,1,0.9848238877745606,-23.028725153256076
moderate,tau_ge_10,782,1,0.9752823573758159,-2.197029524292991
moderate,tau_ge_10,783,1,0.9834428632493131,-28.947330296353236
moderate,tau_ge_10,784,1,0.9723945477206654,9.579977457031413
moderate,tau_ge_10,785,1,1.001968896917277,-65.14030579668452
moderate,tau_ge_10,786,1,0.9923519809955527,-33.51116087572138
moderate,tau_ge_10,787,1,0.9804414647520712,-12.357600352324289
moderate,tau_ge_10,788,1,0.9858352101561804,-28.00407801756114
moderate,tau_ge_10,789,1,0.9868944715336234,-32.39225214722012
moderate,tau_ge_10,790,1,0.9784967627641556,-10.394323261591685
moderate,tau_ge_10,791,1,0.9819018275915743,-19.451958881018616
moderate,tau_ge_10,792,1,0.9827137565433685,1.5582631298458212
moderate,tau_ge_10,793,1,0.973427529806475,-5.690161720297179
moderate,tau_ge_10,794,1,0.9834958494062256,-17.227791877862035
moderate,tau_ge_10,795,1,0.9826239557442521,-18.358840679015557
moderate,tau_ge_10,796,1,0.9803574919473816,-2.8180433059218437
moderate,tau_ge_10,797,1,0.9864600665193021,-39.909994961717274
moderate,tau_ge_10,798,1,0.9922726852979388,-39.203350840711245
moderate,tau_ge_10,799,1,0.9841527362463035,-17.92234860148552
moderate,tau_ge_10,800,1,0.9837025250182856,-34.849075053096755
moderate,tau_ge_10,801,1,0.9882408261217298,-29.192745594852052
moderate,tau_ge_10,802,1,0.9748065745701137,3.964206956924258
moderate,tau_ge_10,803,1,0.9911327526767696,-46.506420291046005
moderate,tau_ge_10,804,1,0.9888354798752516,-44.19848947667991
moderate,tau_ge_10,805,1,0.9881119593860775,-44.95875278919385
moderate,tau_ge_10,806,1,0.9699110890450177,7.353311700012951
moderate,tau_ge_10,807,1,0.9754212230160448,-8.138298390252734
moderate,tau_ge_10,808,1,0.982017526212358,-16.54321355597925
moderate,tau_ge_10,809,1,0.9883146212454259,-33.81334605124203
moderate,tau_ge_10,810,1,0.9783803471000133,-18.429891248051458
moderate,tau_ge_10,811,1,0.9785310307763523,-20.599080522416763
moderate,tau_ge_10,812,1,0.9884396727327254,-24.32906502501616
moderate,tau_ge_10,813,1,0.9797793258530683,-1.7217636688716111
moderate,tau_ge_10,814,1,0.9795630907886169,-6.767137146665981
moderate,tau_ge_10,815,1,0.981736486958485,-19.32511700503365
moderate,tau_ge_10,816,1,0.990377926641211,-43.60340155073294
moderate,tau_ge_10,817,1,0.988517607113977,-35.04869718838331
moderate,tau_ge_10,818,1,0.9804921392813237,-10.692150270104664
moderate,tau_ge_10,819,1,0.9833004341536674,-19.19455598095705
moderate,tau_ge_10,820,1,0.97391408881986,12.701065196621498
moderate,tau_ge_10,821,1,0.9871812307744245,-38.02636583750385
moderate,tau_ge_10,822,1,0.9865364584723922,-43.63386555292074
moderate,tau_ge_10,823,1,0.9818430891260864,-19.333016538616373
moderate,tau_ge_10,824,1,0.9871931997751907,-34.26475978539722
moderate,tau_ge_10,825,1,0.978375706663581,-22.441500905577705
moderate,tau_ge_10,826,1,0.9841270758394989,-20.135854118120015
moderate,tau_ge_10,827,1,0.9817035428211899,-14.407593426989045
moderate,tau_ge_10,828,1,0.9818509346247919,-22.098226868266703
moderate,tau_ge_10,829,1,0.9837653648603363,-29.968792633290246
moderate,tau_ge_10,830,1,0.9844928279936587,-25.214489037356575
moderate,tau_ge_10,831,1,0.9824742799185934,-12.805101941249815
moderate,tau_ge_10,832,1,0.9834405500078575,-25.708766380934517
moderate,tau_ge_10,833,1,0.991590000599299,-54.57562286095719
moderate,tau_ge_10,834,1,0.9904203696497772,-28.61796969206762
moderate,tau_ge_10,835,1,0.9819812192606875,-10.582831059793598
moderate,tau_ge_10,836,1,0.9753040070880521,-0.6065880082861728
moderate,tau_ge_10,837,1,0.9711221474019476,4.36473109461821
moderate,tau_ge_10,838,1,0.9839724946943251,-19.849496865883467
moderate,tau_ge_10,839,1,0.988595493294314,-40.068496502089154
moderate,tau_ge_10,840,1,0.9793967641508977,-15.133666096363397
moderate,tau_ge_10,841,1,0.9745730241984751,-10.516973370050616
moderate,tau_ge_10,842,1,0.9692883366908233,11.972505058789023
moderate,tau_ge_10,843,1,0.9843191224729015,-18.051624104510175
moderate,tau_ge_10,844,1,0.9962366325983623,-55.5556479896045
moderate,tau_ge_10,845,1,0.9816609262182887,-27.682457889765875
moderate,tau_ge_10,846,1,0.9688032688350268,16.578885560977803
moderate,tau_ge_10,847,1,0.9808896160760264,-6.5782436302718335
moderate,tau_ge_10,848,1,0.9926460567364493,-31.563822184303596
moderate,tau_ge_10,849,1,0.9860755210496087,-26.28103056362389
moderate,tau_ge_10,850,1,0.9816955956950675,-30.56953764664093
moderate,tau_ge_10,851,1,0.9715363581864241,-3.622075787092295
moderate,tau_ge_10,852,1,0.9841430530658629,-25.946030570413363
moderate,tau_ge_10,853,1,0.9844784636313866,-19.984580127518953
moderate,tau_ge_10,854,1,0.9975407463427337,-54.27922480246065
moderate,tau_ge_10,855,1,0.986157039277089,-10.416342135342228
moderate,tau_ge_10,856,1,0.9880464625274691,-39.59407048852947
moderate,tau_ge_10,857,1,0.9900987360553396,-42.71368928991582
moderate,tau_ge_10,858,1,0.9939226318007899,-33.2043739597735
moderate,tau_ge_10,859,1,0.9762282316256335,6.690930525889758
moderate,tau_ge_10,860,1,0.9811979934283421,-12.687369504889444
moderate,tau_ge_10,861,1,0.9914900239251263,-48.60936794432431
moderate,tau_ge_10,862,1,0.9823946169378414,-8.223686127031499
moderate,tau_ge_10,863,1,0.9962048255522304,-58.76266078201577
moderate,tau_ge_10,864,1,0.9898036906714901,-49.29705277070917
moderate,tau_ge_10,865,1,0.9801747163147952,-9.035879553035363
moderate,tau_ge_10,866,1,0.9793883610030291,-2.0050011499861675
moderate,tau_ge_10,867,1,0.9771978421947969,-17.193893236676765
moderate,tau_ge_10,868,1,0.9845526007844598,-33.54906455208914
moderate,tau_ge_10,869,1,0.978359652375572,-10.021719943920907
moderate,tau_ge_10,870,1,0.9751130359308667,4.845243910292784
moderate,tau_ge_10,871,1,0.9755662223935327,-2.2586384021672603
moderate,tau_ge_10,872,1,0.9823511980961146,-18.276900003771893
moderate,tau_ge_10,873,1,0.9826927777520165,-22.40865775637269
moderate,tau_ge_10,874,1,0.9802859926089581,-16.948617644887396
moderate,tau_ge_10,875,1,0.9799838770924326,-22.549549569407525
moderate,tau_ge_10,876,1,0.9828774145566191,-19.11739066479124
moderate,tau_ge_10,877,1,0.9837446100803096,-23.900519234110945
moderate,tau_ge_10,878,1,0.9806839809011163,-1.9878422614963198
moderate,tau_ge_10,879,1,0.9827242889496636,-25.06947351502333
moderate,tau_ge_10,880,1,0.9813309010461789,-20.46034616646524
moderate,tau_ge_10,881,1,0.986746748407593,-22.680945923094647
moderate,tau_ge_10,882,1,0.9711976821984506,6.970009743062975
moderate,tau_ge_10,883,1,0.9820542644678756,-37.04831269099317
moderate,tau_ge_10,884,1,0.9850470788357014,-20.753155136232998
moderate,tau_ge_10,885,1,0.9763555307178402,-13.001404340678224
moderate,tau_ge_10,886,1,0.9859509610707314,-41.20328254302567
moderate,tau_ge_10,887,1,0.9843568136706863,-20.193465477545
moderate,tau_ge_10,888,1,0.9814914161211864,-14.094534709072033
moderate,tau_ge_10,889,1,0.9819926282941759,-17.491781626196747
moderate,tau_ge_10,890,1,0.9786040051072816,-16.185118976030388
moderate,tau_ge_10,891,1,0.9760077558615251,-10.227939925744673
moderate,tau_ge_10,892,1,0.9801973519740372,-10.883025660997642
moderate,tau_ge_10,893,1,0.9726363767076636,11.82586815532314
moderate,tau_ge_10,894,1,0.9892287961966145,-39.65492624601488
moderate,tau_ge_10,895,1,0.9879866994839523,-38.13940404539869
moderate,tau_ge_10,896,1,0.9686005487345913,18.79713153844685
moderate,tau_ge_10,897,1,0.9879614230838196,-31.312803333234914
moderate,tau_ge_10,898,1,0.9768503002604063,-4.81647388421558
moderate,tau_ge_10,899,1,0.9834227428628637,-22.12103574151201
moderate,tau_ge_10,900,1,0.9681532529532556,26.004658089980257
moderate,tau_ge_10,901,1,0.9823562793527237,-21.058323989361874
moderate,tau_ge_10,902,1,0.9790071641512434,-18.078190596394016
moderate,tau_ge_10,903,1,0.9834326796387256,-21.62003682262414
moderate,tau_ge_10,904,1,0.9817174160670668,-15.008238811449099
moderate,tau_ge_10,905,1,0.9860368023528331,-20.937724638713988
moderate,tau_ge_10,906,1,0.985932217590462,-37.382060240791304
moderate,tau_ge_10,907,1,0.9805419282930581,-10.153860786295153
moderate,tau_ge_10,908,1,0.975583181186259,-10.408567924518445
moderate,tau_ge_10,909,1,0.9823885733453885,-14.79720814603567
moderate,tau_ge_10,910,1,0.9787306543267957,-15.946752819863152
moderate,tau_ge_10,911,1,0.9902058872730797,-27.804896118372834
moderate,tau_ge_10,912,1,0.9732274799805211,-2.2356681463292998
moderate,tau_ge_10,913,1,0.9729829049727103,3.5378149865950173
moderate,tau_ge_10,914,1,0.9792331415358861,-6.831679232377476
moderate,tau_ge_10,915,1,0.9920769961962326,-55.10106865639589
moderate,tau_ge_10,916,1,0.9830000323048799,-19.3724538300153
moderate,tau_ge_10,917,1,0.9740020942588673,11.023060296692087
moderate,tau_ge_10,918,1,0.9773853235508528,-17.264469445698843
moderate,tau_ge_10,919,1,0.9841419893408263,-33.980161101025814
moderate,tau_ge_10,920,1,0.9857615570628432,-35.07303573135173
moderate,tau_ge_10,921,1,0.9861997522554355,-19.133808697102513
moderate,tau_ge_10,922,1,0.9930536906143014,-53.57651458671001
moderate,tau_ge_10,923,1,0.9891518836047816,-34.797601605481816
moderate,tau_ge_10,924,1,0.9794118790621803,-19.994612274477635
moderate,tau_ge_10,925,1,0.9805477516237002,-6.372988248087462
moderate,tau_ge_10,926,1,0.9878856524385244,-28.207028280987455
moderate,tau_ge_10,927,1,0.9826640430071377,-18.320927187701344
moderate,tau_ge_10,928,1,0.9900315715479305,-47.588428640060386
moderate,tau_ge_10,929,1,0.9759456369750532,6.125558144621381
moderate,tau_ge_10,930,1,0.9813463814002663,-21.663168363229037
moderate,tau_ge_10,931,1,0.9795549931205466,-6.1666329287299435
moderate,tau_ge_10,932,1,0.9754868080994732,-4.6509649011012035
moderate,tau_ge_10,933,1,0.9681139660520531,10.014996338193416
moderate,tau_ge_10,934,1,0.9756426116760194,-1.4518998924840139
moderate,tau_ge_10,935,1,0.984241147633246,-20.757965093933475
moderate,tau_ge_10,936,1,0.9767130103308826,13.280598703824374
moderate,tau_ge_10,937,1,0.9831078109974076,-27.182780356320258
moderate,tau_ge_10,938,1,0.9847217305394359,-18.7069183317391
moderate,tau_ge_10,939,1,0.9816594088288464,-16.915779104436066
moderate,tau_ge_10,940,1,0.9828768383804419,-22.322811187577713
moderate,tau_ge_10,941,1,0.9760735492567943,14.094105000996208
moderate,tau_ge_10,942,1,0.9864730319091237,-30.796298685491138
moderate,tau_ge_10,943,1,0.9773601753419303,-23.36537475754182
moderate,tau_ge_10,944,1,0.9754705019933658,8.531654829720367
moderate,tau_ge_10,945,1,0.9889899230779354,-34.211841923817104
moderate,tau_ge_10,946,1,0.9822241690671871,-10.387253081295754
moderate,tau_ge_10,947,1,0.977121470166243,-1.7432388525543827
moderate,tau_ge_10,948,1,0.9883208728397209,-42.82574846313468
moderate,tau_ge_10,949,1,0.9889475662511122,-35.27505939745168
moderate,tau_ge_10,950,1,0.9736499174781843,4.530328905409699
moderate,tau_ge_10,951,1,0.9758939225683486,-0.29465618467584903
moderate,tau_ge_10,952,1,0.9991711874034713,-69.05272781756635
moderate,tau_ge_10,953,1,0.9827138639058837,-16.80323399209566
moderate,tau_ge_10,954,1,0.9885046621343366,-28.786476442696237
moderate,tau_ge_10,955,1,0.9845229210176684,-36.810429183909875
moderate,tau_ge_10,956,1,0.9887596594578449,-29.22720960664215
moderate,tau_ge_10,957,1,0.9732568599719332,4.247782146809708
moderate,tau_ge_10,958,1,0.9892380926402886,-32.659293531761406
moderate,tau_ge_10,959,1,0.9863285837898308,-16.49316727195812
moderate,tau_ge_10,960,1,0.9842770744577038,-29.87357706507675
moderate,tau_ge_10,961,1,0.9845168824441097,-27.138579800222406
moderate,tau_ge_10,962,1,0.990656944253971,-53.890701803690625
moderate,tau_ge_10,963,1,0.9861899470356166,-27.218682808254176
moderate,tau_ge_10,964,1,0.9816939826868069,-24.85910671153512
moderate,tau_ge_10,965,1,0.9925741726911033,-36.60457334521621
moderate,tau_ge_10,966,1,0.9846767316595889,-28.87129461340768
moderate,tau_ge_10,967,1,0.9877335350063222,-29.56192950224922
moderate,tau_ge_10,968,1,0.9884613574412341,-23.44223273308731
moderate,tau_ge_10,969,1,0.9796413105872285,-14.845608096829078
moderate,tau_ge_10,970,1,0.9877572438850412,-33.15866047441132
moderate,tau_ge_10,971,1,0.9819258193463904,-16.02652814889603
moderate,tau_ge_10,972,1,0.9944275317360942,-50.391590650334926
moderate,tau_ge_10,973,1,0.989845392115873,-34.1530249139262
moderate,tau_ge_10,974,1,0.9775954549236429,-0.49466704944416473
moderate,tau_ge_10,975,1,0.9779419422378985,-9.077559212382246
moderate,tau_ge_10,976,1,0.9824785805749215,-11.80349171368188
moderate,tau_ge_10,977,1,0.9840749078536125,-14.716159901863929
moderate,tau_ge_10,978,1,0.9805414291528864,-24.235187558448832
moderate,tau_ge_10,979,1,0.9788333784594824,-1.9247640476030783
moderate,tau_ge_10,980,1,0.9856568557165807,-21.804930183424243
moderate,tau_ge_10,981,1,0.9872924438457401,-40.57948243035732
moderate,tau_ge_10,982,1,0.982499638868995,-14.664931300553507
moderate,tau_ge_10,983,1,0.9871114441666948,-33.53780808655098
moderate,tau_ge_10,984,1,0.9960665302562572,-47.21623705831022
moderate,tau_ge_10,985,1,0.9784149091785677,-19.447106431199888
moderate,tau_ge_10,986,1,0.9821306246154469,-23.53630223978731
moderate,tau_ge_10,987,1,0.9927367119338716,-53.582875412489344
moderate,tau_ge_10,988,1,0.9868883765107178,-16.95777699928121
moderate,tau_ge_10,989,1,0.9940241137540637,-48.35212362278633
moderate,tau_ge_10,990,1,0.9985697328982264,-58.90061142505882
moderate,tau_ge_10,991,1,0.9807833220566583,-19.578548734375715
moderate,tau_ge_10,992,1,0.9904131106631209,-48.67721818020701
moderate,tau_ge_10,993,1,0.973587285600555,-9.774958955364498
moderate,tau_ge_10,994,1,0.9837519655039634,-13.74318135910171
moderate,tau_ge_10,995,1,0.9779461618611223,-11.886449290775982
moderate,tau_ge_10,996,1,0.9796056665130967,-8.153799249600445
moderate,tau_ge_10,997,1,0.9893741565604519,-31.654935639379453
moderate,tau_ge_10,998,1,0.9835679865960052,-21.52406883153419
moderate,tau_ge_10,999,1,0.9831657145139444,-15.492055377097989
