observable,lag_index,time,C,SE_C,SNR_C,C_discard_first_quarter,lambda_eff,lambda_ci_low,lambda_ci_high
cos_theta1,0,0.0,0.48380652260090123,0.000598526719918524,808.3290294320705,0.48410506578604723,nan,nan,nan
cos_theta1,1,0.01,0.4648796089346411,0.0006258699196592498,742.7735290229978,0.4651997235355647,nan,nan,nan
cos_theta1,2,0.02,0.44782169091016194,0.0006513957931452319,687.4801704626881,0.4481454682807864,-4.026803428843809,-4.066683021717652,-3.985888067189593
cos_theta1,3,0.03,0.4301331085612142,0.0006780571207942903,634.361170128775,0.43045607630297195,-4.187670434589094,-4.2281319314480195,-4.149317900611788
cos_theta1,4,0.04,0.41183094725614544,0.0007051071396093761,584.0686104586838,0.41217827941623103,-4.468667888204809,-4.512262404155888,-4.428437248954873
cos_theta1,5,0.05,0.39318162261223294,0.0007313786713050667,537.5896755515752,0.3935318700824741,-4.719615699486748,-4.76576832460653,-4.677377899972029
cos_theta1,6,0.06,0.3745212060414755,0.0007651339224811987,489.48451380506975,0.37490687213742313,-4.920671735338569,-4.96799350907848,-4.877767851720736
cos_theta1,7,0.07,0.3561350766215788,0.0007936953735927695,448.7049924576039,0.3565698802766154,-5.063971061289943,-5.110988910464131,-5.0196897033535075
cos_theta1,8,0.08,0.3382502727940259,0.000818365990815657,413.32396090518785,0.3386846343616972,-5.157589510177495,-5.205400040507503,-5.112062695283751
cos_theta1,9,0.09,0.32108722227818426,0.0008384823144985055,382.9385745246468,0.3215528786119819,-5.204291100592557,-5.25257012644491,-5.157871688095628
cos_theta1,10,0.1,0.30470522866615973,0.0008588660100268712,354.77621085112736,0.30522290771399996,-5.20759509037247,-5.257356843169982,-5.160215524301069
cos_theta1,11,0.11,0.2892057705493705,0.0008732643358293862,331.1778102957751,0.28976916564663924,-5.175216564358125,-5.227253845845344,-5.124923347484696
cos_theta1,12,0.12,0.274645800670255,0.0008896408741180258,308.7153576914213,0.2752623866468219,-5.1050743664809595,-5.159894816967017,-5.053246832199521
cos_theta1,13,0.13,0.26104795971494277,0.0009037425895049259,288.85211646155346,0.26169645841204436,-5.011213444426389,-5.0659127813570874,-4.95735105249066
cos_theta1,14,0.14,0.24842521913932594,0.0009161554278993673,271.1605602871717,0.24910523416159785,-4.899203775820892,-4.955463137879211,-4.842938284047802
cos_theta1,15,0.15,0.23667547661274824,0.0009232957384783157,256.3376681482504,0.23736846781701,-4.775499782351282,-4.832762042367053,-4.715838905034054
cos_theta1,16,0.16,0.22576939876159982,0.0009237224313653834,244.4125974378287,0.2265038617818884,-4.648552203518244,-4.708281929639403,-4.587216645468412
cos_theta1,17,0.17,0.21565591530698353,0.0009276877083950027,232.46606951394338,0.21641442208010242,-4.514308266486566,-4.5753074073367825,-4.449938559028971
cos_theta1,18,0.18,0.20627284507706745,0.0009342546683308605,220.78866937383845,0.20706866466901175,-4.375407383587592,-4.439939466212638,-4.308766765217474
cos_theta1,19,0.19,0.1975748648682694,0.0009400583794216797,210.17297350172728,0.1983893588684125,-4.2428370428253395,-4.308678692365281,-4.176697567126674
cos_theta1,20,0.2,0.18952061853652505,0.0009484588319074966,199.81955163554113,0.1903364370797771,-4.108860130285018,-4.17571772925615,-4.0425128731947595
cos_theta1,21,0.21,0.1819934452161017,0.0009504773227379844,191.47584151912625,0.18279716988486902,-3.9262390798935707,-3.9920440391398935,-3.859155746915921
cos_theta1,22,0.22,0.17501039600108217,0.000955233368856863,183.21218846292902,0.17581113280825916,-3.818954804974225,-3.886585870185406,-3.7500704136614122
cos_theta1,24,0.24,0.16235829996556891,0.000963233036973666,168.55557661900218,0.16315554499615575,-3.6741706809784263,-3.742456780021923,-3.6027315637991357
cos_theta1,25,0.25,0.15657734157871392,0.0009678400528543248,161.78018373691057,0.1573911487254646,-3.5930955399428464,-3.6625933144194356,-3.5236832583874143
cos_theta1,27,0.27,0.14598741659279496,0.0009766348475885869,149.48004052205704,0.14682654753417812,-3.462278370331266,-3.532489849742097,-3.395017294631026
cos_theta1,28,0.28,0.14107048308044867,0.000980687946503982,143.84849287007717,0.14190446918259153,-3.3876142868630845,-3.4580337217762533,-3.3194740432757857
cos_theta1,30,0.3,0.1319032789694229,0.0009825673281388901,134.24350188731066,0.13275921943219954,-3.3260553478032584,-3.397263674386331,-3.2557478201859342
cos_theta1,32,0.32,0.12352172891414631,0.0009930580085634687,124.38520997663525,0.12440102374795521,-3.272000012492599,-3.348037511187705,-3.197536811584618
cos_theta1,33,0.33,0.11957659273033466,0.0009985847168049336,119.74606732709799,0.12045104991743229,-3.2036276021407066,-3.2900218642893475,-3.124881300513241
cos_theta1,35,0.35000000000000003,0.1121928925256573,0.0010123381330797827,110.82551260253213,0.11300395403674833,-3.155733202563071,-3.2489767157647713,-3.0697744526448694
cos_theta1,38,0.38,0.102082234673761,0.0010227649468510579,99.81006387445827,0.10279657018314159,-3.115999475749087,-3.213701254933299,-3.02365861494226
cos_theta1,40,0.4,0.09596258990323453,0.0010328879714075626,92.9070650057644,0.09663938240327007,-3.0507846667493475,-3.1584829118832003,-2.94606215010021
cos_theta1,42,0.42,0.09033429307374609,0.001034928408770877,87.28554778105934,0.09100411210497587,-2.975091063422618,-3.097185811500909,-2.8577304059112163
cos_theta1,45,0.45,0.08269351458156242,0.001053575714252504,78.48844033030147,0.08329661597157376,-2.900183993292789,-3.0241384133684543,-2.7764757107013196
cos_theta1,47,0.47000000000000003,0.0781023788216278,0.001062605341618673,73.50083399981219,0.07863521945459512,-2.836474147697831,-2.9602872592628127,-2.7135093914367876
cos_theta1,50,0.5,0.07180398871768694,0.0010787671678816793,66.56115504394225,0.07226214259751103,-2.7465407650610483,-2.879323531652938,-2.6199097812191394
cos_theta1,53,0.53,0.0661222300925139,0.0010828328245273814,61.06411681911651,0.06654907390643298,-2.636862215950085,-2.78392656239176,-2.5012632873864895
cos_theta1,56,0.56,0.06113115840834943,0.0010821021469902801,56.49296471537131,0.06154441981408867,-2.5016590339140916,-2.659208223369001,-2.356429977368562
cos_theta1,60,0.6,0.05543595702410726,0.0010924125406006552,50.74635722657138,0.05585918327044179,-2.317170962381075,-2.4882770508233896,-2.1559977486225557
cos_theta1,63,0.63,0.051869157892725073,0.0011036444280422989,46.9980698264687,0.05229185001143593,-2.1123030804116887,-2.2850277730892006,-1.9474231832758218
cos_theta1,67,0.67,0.047803605504042494,0.0011061432427415525,43.2164693114811,0.048181549526840686,-1.8733771147099174,-2.042377827357027,-1.7122110750914654
cos_theta1,71,0.71,0.04453058389817485,0.0010899831529136126,40.85437814258048,0.044856360054035975,-1.7104566044086191,-1.8730722406252915,-1.554824898823651
cos_theta1,75,0.75,0.04185544348342148,0.0010643458066632188,39.32504193786467,0.04217256064341337,-1.5846220022133213,-1.732248968955677,-1.4366909592668846
cos_theta1,79,0.79,0.039450680489814705,0.0010293126070269347,38.327210043374485,0.03981857921154434,-1.5228010088959214,-1.6721569146985906,-1.363927928672057
cos_theta1,84,0.84,0.03651471482478102,0.0009871075604240222,36.99162714253323,0.03702125083080351,-1.500292750991804,-1.6589629813213669,-1.3243931370135995
cos_theta1,89,0.89,0.03385450406770277,0.0009695922531321665,34.91622788686618,0.03442408082183362,-1.5136480395842067,-1.6961533094861936,-1.3316091133426446
cos_theta1,94,0.9400000000000001,0.0314741393954531,0.0009599402598669024,32.78760221997258,0.03205513010128256,-1.539309766887053,-1.7578504138059072,-1.333749845286255
cos_theta1,100,1.0,0.028708269244625217,0.0009408336582759396,30.513650305870854,0.02924414502741097,-1.5643540382532866,-1.7930744578666047,-1.3463984556434663
cos_theta1,106,1.06,0.026025248852635467,0.0009358553465815436,27.809050776596504,0.026483825098997448,-1.5730132822549627,-1.7915239182840452,-1.3571856333017338
cos_theta1,112,1.12,0.023624176634330158,0.0009388140422821053,25.163850954874516,0.023971711474748254,-1.5766374297636745,-1.7950109972221238,-1.3564845268561319
cos_theta1,119,1.19,0.021240567543344784,0.0009182795434273805,23.130829490186212,0.02157660946996773,-1.5240081631092899,-1.7809284457043428,-1.274953059692365
cos_theta1,126,1.26,0.019053665095210535,0.0008581842469299167,22.202301153130517,0.019261215764935644,-1.4065921378955695,-1.7209528065141755,-1.1142298355693252
cos_theta1,133,1.33,0.017246081745312742,0.0008505854513402026,20.275542825402677,0.017283929152139388,-1.318468170952631,-1.637791157880157,-1.0218769316890457
cos_theta1,141,1.41,0.01571096539436705,0.0008554478970929035,18.3657770949676,0.015548993209159243,-1.2481455524432747,-1.5232552562474688,-0.9984767330262124
cos_theta1,150,1.5,0.01411429034122295,0.0008358871210294909,16.885402330208873,0.013649538118407899,-1.2593966407986459,-1.5524199581629157,-1.0001967072419304
cos_theta1,158,1.58,0.012779635146248131,0.000787915666735672,16.219546946177694,0.012282345911128603,-1.210771534633695,-1.6065129597740786,-0.8585202113930637
cos_theta1,168,1.68,0.011098346665799437,0.0007799971841813859,14.22870093748768,0.01059116457064562,-1.2676948309533822,-1.7779353737607717,-0.8169235138314358
cos_theta1,178,1.78,0.01003795525349264,0.0007628654514263721,13.158224998555268,0.009198004674935785,-1.528377331934178,-2.1140255022246124,-1.0521132802958677
cos_theta1,188,1.8800000000000001,0.008718644231165862,0.0008169442901392571,10.67226289038592,0.007598853128486004,-1.4654119994188337,-2.1464350242677726,-0.9305936619121443
cos_theta1,200,2.0,0.0067256893130884735,0.0008248906948489698,8.15343093950149,0.0055854816206537174,-1.3956325059972028,-2.1231153667225744,-0.8777791721461665
cos_theta1,211,2.11,0.005910136859626593,0.0008735985790629233,6.7652775557009,0.004755494927572532,-1.1967808327367049,-1.871957589854048,-0.6836542770024744
cos_theta1,224,2.24,0.005282410252379417,0.0008402581851734498,6.286651347869939,0.0041674864584937635,-1.0995983431465195,-2.057835490652564,-0.4514780148223049
cos_theta1,237,2.37,0.004850302818064467,0.0008319042468745208,5.830361891151706,0.004208894333986898,-1.455589269556358,-3.4049951616644107,-0.6439686419825865
cos_theta1,251,2.5100000000000002,0.003838721104090926,0.000876268220241967,4.380760382969186,0.0038020935745569128,-1.7195986154248213,-4.4090001711669515,-0.7494322858461866
cos_theta1,266,2.66,0.002654071537626136,0.0009108896906261697,2.9137134440523274,0.0026935615108829893,-1.7359255254439476,-4.612979485774672,-0.6755402486158851
cos_theta1,282,2.82,0.0019484131728963873,0.0009308028513105117,2.0932608555647896,0.0019064115384118492,-1.5359447023612727,-4.784562153475219,-0.21601150027257512
cos_theta1,299,2.99,0.001653290118857583,0.000926952630389395,1.783575626904546,0.001933106219000288,-1.0833463185927552,-4.224937537219695,0.7544079515849065
cos_theta1,316,3.16,0.001414498722740453,0.000869688875086351,1.6264422407381123,0.0011824933239078103,0.2933667575622404,-1.266348546619724,2.5469641119538156
cos_theta1,335,3.35,0.0012568215196201132,0.0008027911958768165,1.5655646525213824,0.001337391022546456,0.9141552737998969,-0.25518726249109114,3.515245864086751
cos_theta1,355,3.5500000000000003,0.002413729391650056,0.0008489638905542623,2.843147298142689,0.0020805144656251646,0.4743195627762344,-1.3112654336373764,2.8756018307749343
cos_theta1,376,3.7600000000000002,0.0033423256756941904,0.0009521070291666495,3.510451633383725,0.0033662134768653973,-0.6906076146852473,-3.228422602102741,1.9059542904885314
cos_theta1,398,3.98,0.0020869783415697566,0.0009749950562983772,2.140501460072101,0.002293160035608909,-1.251647600743392,-4.089783888991851,0.28543549272511864
cos_theta1,422,4.22,0.0006891869604002937,0.0009097044075038397,0.7575943951853227,0.0011462690372962274,-0.7883107760384475,-2.6807677402598076,0.1491300890350039
cos_theta1,447,4.47,0.0007631178711179208,0.0008382178450429368,0.9104051836057377,0.00155640639427481,-0.13238141471357145,-1.864157791812753,1.594918219089518
cos_theta1,473,4.73,0.0015558241761023724,0.0009341558125436053,1.6654868012500306,0.0015177206739386943,1.0709853224374954,-0.512179882748452,3.209143933621859
cos_theta1,501,5.01,0.001820961017103268,0.0009661780720846016,1.8847053868386894,0.0012996782742637917,0.849449673315039,-0.7152659819227759,3.0556636554533356
cos_theta1,531,5.3100000000000005,0.0022147317875938688,0.0009387532582754798,2.359226738304379,0.0026065382565302287,0.05781570365101227,-1.6266879041422606,1.699336786867242
cos_theta1,562,5.62,0.002026934085028775,0.0009200598972004832,2.203045792123142,0.001824446186990158,-0.27809079312806295,-2.038251681850127,1.0861269678561485
cos_theta1,596,5.96,0.0016704929082147983,0.0009075702904332993,1.84062096988351,0.0010685362552842349,-1.3333548887567686,-3.0075816150893138,0.3774633127172608
cos_theta1,631,6.3100000000000005,0.0012685142859032567,0.0009300467011814503,1.3639253644917473,0.0025140921782092697,nan,-3.3591035490226515,-0.23671617897982972
cos_theta1,668,6.68,0.00035644872065496104,0.0009482571488603721,0.3758987961054085,0.0011291491907909552,nan,-2.763796549130595,0.5697220207758267
cos_theta1,708,7.08,-0.0010717699745833944,0.0009513090977550128,-1.1266264320531112,-0.0008113615565651902,-1.1117305968558844,-1.9859523321240007,0.993760740757319
cos_theta1,750,7.5,-0.0005397143765348023,0.0010173130562364345,-0.5305292930491663,-0.00020539023098233443,0.4119384405803096,-1.4636537958288713,1.9127698070152088
cos_theta1,794,7.94,0.00020715778890807832,0.001008872601823987,0.20533592500534584,-2.0293456039485255e-05,nan,-1.5712193582323999,1.8901688409071409
cos_theta1,841,8.41,0.000726939961801896,0.0009580670195192754,0.758756900082678,0.0008934296269839884,nan,-1.719689262804762,1.7299988829399195
cos_theta1,891,8.91,-0.0001662926582053163,0.000976751378709407,-0.17025075349782534,-0.0010122934110096903,nan,-1.6621013250080077,0.8737307254403675
cos_theta1,944,9.44,-4.4050983067710014e-05,0.0008204705147904994,-0.053689903870534676,-0.0008054030781567079,nan,nan,nan
cos_theta1,1000,10.0,-0.001122947991676781,0.0008269592031899342,-1.3579242934174889,-0.0015466267685563509,nan,nan,nan
sin_theta1,0,0.0,0.4678071910426427,0.0006952329223782401,672.8783634733181,0.46750396302360764,nan,nan,nan
sin_theta1,1,0.01,0.44814140323097007,0.000696032789597184,643.8509937014943,0.44786175827985564,nan,nan,nan
sin_theta1,2,0.02,0.429443353766987,0.0007123872824431998,602.8228806867106,0.42916685220008927,-4.695157293603713,-4.740164542582303,-4.6519785013867905
sin_theta1,3,0.03,0.40928313621350865,0.0007405233453068857,552.6944407726871,0.4090234535859374,-5.124240372879502,-5.172440789795497,-5.078594260482812
sin_theta1,4,0.04,0.3877070134230198,0.0007764281330387826,499.3469413654719,0.3874533222639846,-5.704813850101835,-5.757564098969085,-5.654664060247215
sin_theta1,5,0.05,0.3650882845849165,0.0008127488540070071,449.20184480723844,0.36484258262838565,-6.289395461989315,-6.347756406732928,-6.235314307004316
sin_theta1,6,0.06,0.3418244461558731,0.0008450809536506812,404.48722063752496,0.34158212326508874,-6.856351313470457,-6.919458228568841,-6.798719375398259
sin_theta1,7,0.07,0.31824813035097155,0.0008736797908870527,364.261750896003,0.31799845499722246,-7.410271066994324,-7.477207609700271,-7.348998734831052
sin_theta1,8,0.08,0.2947111964699094,0.0008976017737867383,328.33178930407286,0.2944498245762713,-7.951969268059004,-8.02400542499922,-7.887816051583415
sin_theta1,9,0.09,0.2714365355667982,0.0009119387787413758,297.64776089621375,0.2711848360705402,-8.482600588614076,-8.561392383948302,-8.411329472994739
sin_theta1,10,0.1,0.2486928296858796,0.0009202582622856684,270.2424307152592,0.24842141242495533,-9.01402364795931,-9.09942829237456,-8.937384099290847
sin_theta1,11,0.11,0.22667728162289758,0.00092833029621156,244.17740382700964,0.2264151949676624,-9.560357032673492,-9.65576397109211,-9.475571284163085
sin_theta1,12,0.12,0.20549771936117817,0.0009240128082238403,222.39704637448787,0.20523524721289535,-10.134059936127347,-10.239267395024262,-10.038289735253176
sin_theta1,13,0.13,0.18517736137116672,0.0009145772744433287,202.47317153586363,0.18490942011509182,-10.754580559759916,-10.87212452774133,-10.649097878623179
sin_theta1,14,0.14,0.16581224960210167,0.0009062597880592299,182.96326482408682,0.16554520949836857,-11.431325272715224,-11.563370050458332,-11.311862878871812
sin_theta1,15,0.15,0.14742861856417394,0.0008929900542316579,165.09547655715355,0.14714365705416907,-12.18001940143368,-12.331208646645829,-12.0409646941341
sin_theta1,16,0.16,0.13008419894187245,0.000879104066684147,147.9736061653442,0.12977507283306217,-13.032776357817523,-13.208097887902273,-12.8758256817668
sin_theta1,17,0.17,0.11376254072276058,0.0008580422540375108,132.58384442893328,0.11344821172086927,-14.01914370968507,-14.233522607228442,-13.833701313638265
sin_theta1,18,0.18,0.0984496320312301,0.0008346839869935857,117.94838952863086,0.09813102377033596,-15.211991229182372,-15.479842000151264,-14.98307537762856
sin_theta1,19,0.19,0.08414810224368492,0.0008113604509604671,103.7123539162805,0.08384014581097679,-16.707819570446254,-17.05496364782599,-16.413814139184684
sin_theta1,20,0.2,0.0707889047465536,0.0007920174890885668,89.37795657519587,0.07050943498900555,-18.62897608686642,-19.09493204899716,-18.241401350947665
sin_theta1,21,0.21,0.058311569249016135,0.0007803464632026197,74.72523039279199,0.05807219615168368,-23.422122670555638,-24.280131805322824,-22.701231350068987
sin_theta1,22,0.22,0.04672998445154538,0.0007698566397691047,60.69959267424209,0.04652766653875229,-28.602881370396492,-30.050343180770923,-27.435415707534165
sin_theta1,24,0.24,0.026087916422065024,0.000747359701874824,34.9067742836829,0.025946325223962594,-70.87858680269262,-113.73409619643263,-54.931576645768054
sin_theta1,25,0.25,0.016937976096779914,0.0007372446271561684,22.9747026602501,0.01683163602786076,nan,nan,nan
sin_theta1,27,0.27,0.0008295144983256144,0.000716413035550975,1.1578718660355698,0.0008298500731729679,nan,nan,nan
sin_theta1,28,0.28,-0.006216919901623553,0.0007080729644260916,-8.780055465982239,-0.006142706381268986,nan,nan,nan
sin_theta1,30,0.3,-0.01844555743287936,0.0006954096739821756,-26.5247351640267,-0.01824913133637386,nan,nan,nan
sin_theta1,32,0.32,-0.02838727910714477,0.0006820151769450426,-41.62265015025061,-0.02809853747851017,nan,nan,nan
sin_theta1,33,0.33,-0.03265356721440422,0.0006768246576245873,-48.24523877278138,-0.03233623887687174,nan,nan,nan
sin_theta1,35,0.35000000000000003,-0.03976584016542135,0.0006873388413395226,-57.854783948952395,-0.03938072012835414,nan,nan,nan
sin_theta1,38,0.38,-0.047381705032142604,0.0007015229519973437,-67.54120431446984,-0.04687362366284533,nan,nan,nan
sin_theta1,40,0.4,-0.05079268981257549,0.0007197247770510161,-70.57237909842745,-0.050153834409943594,nan,nan,nan
sin_theta1,42,0.42,-0.053072066211051254,0.0007353593533330423,-72.17160694359872,-0.05235289137156169,nan,nan,nan
sin_theta1,45,0.45,-0.05492764438659942,0.0007647484910032408,-71.8244560568432,-0.0541264063940413,nan,nan,nan
sin_theta1,47,0.47000000000000003,-0.055240039549894725,0.0007907635016637641,-69.85658725228193,-0.054404579398997475,nan,nan,nan
sin_theta1,50,0.5,-0.05471249171831826,0.0008336804551715594,-65.62765311207785,-0.05392663528517951,nan,nan,nan
sin_theta1,53,0.53,-0.05320620794953496,0.0008425284032222333,-63.15064008055855,-0.052515929210763174,nan,nan,nan
sin_theta1,56,0.56,-0.05099089918183734,0.0008356735608891968,-61.01772458563913,-0.05040088799299779,nan,nan,nan
sin_theta1,60,0.6,-0.04742368159829883,0.0008191415564335553,-57.89436664009074,-0.04698843465372457,nan,nan,nan
sin_theta1,63,0.63,-0.04431012023844756,0.0008175851721288778,-54.19633543875336,-0.044022246219302584,nan,nan,nan
sin_theta1,67,0.67,-0.039531780717556586,0.000815236977801159,-48.49115262678702,-0.03941014047822589,nan,nan,nan
sin_theta1,71,0.71,-0.03443040894757192,0.0008082496708144789,-42.59872931698958,-0.03435671983068457,nan,nan,nan
sin_theta1,75,0.75,-0.029317058406336173,0.0007864450229559305,-37.277950207053436,-0.02925032900677322,nan,nan,nan
sin_theta1,79,0.79,-0.024653335751673944,0.000759264094485496,-32.47004030709487,-0.024598467578995375,nan,nan,nan
sin_theta1,84,0.84,-0.01965880314073316,0.0007003232914857687,-28.07104001785531,-0.019581163813157314,nan,nan,nan
sin_theta1,89,0.89,-0.015406964628927029,0.0006262057055329256,-24.603679737818897,-0.015264572490569355,nan,nan,nan
sin_theta1,94,0.9400000000000001,-0.011666975228219904,0.0005832521600515609,-20.00331250755851,-0.011508619891469752,nan,nan,nan
sin_theta1,100,1.0,-0.008135720259775124,0.0005655377297905006,-14.38581341476358,-0.007927235393155856,nan,nan,nan
sin_theta1,106,1.06,-0.005531673324604213,0.000627385718779023,-8.817021425622492,-0.005313416869354565,nan,nan,nan
sin_theta1,112,1.12,-0.003350384947594201,0.0007054810165595779,-4.749078811408756,-0.0031841452044489636,nan,nan,nan
sin_theta1,119,1.19,-0.0015717674530007898,0.0008246000363041936,-1.9060967545494594,-0.0015225454998584042,nan,nan,nan
sin_theta1,126,1.26,-0.0007816140608908009,0.000867361568982686,-0.9011398346914805,-0.0008925178828755502,nan,nan,nan
sin_theta1,133,1.33,-0.0005162561706613647,0.0007984382334193105,-0.6465824769569193,-0.0008676058815346391,nan,-8.499860626394778,9.82720092453479
sin_theta1,141,1.41,-0.0003461975626659896,0.0007324061671242062,-0.4726852096635598,-0.0008962507797731116,nan,-8.478740145220213,11.40352141201293
sin_theta1,150,1.5,0.0002126518622903768,0.0007137097787196382,0.2979528495067901,-0.0004918791016379826,nan,-8.283319342721615,10.669406574969086
sin_theta1,158,1.58,0.000586041621444622,0.0006863054352211971,0.8539078832382263,0.00029978768891686646,nan,-7.040630683975125,11.098266983586848
sin_theta1,168,1.68,0.0002241281492241518,0.000734102685537038,0.3053089896547501,0.000798540837704739,1.5106165430479281,-8.855259967656712,9.185036943740528
sin_theta1,178,1.78,0.0003239068007875201,0.0007442024405786205,0.4352401754228073,0.0011547378236379485,nan,-8.1586894706646,6.301023894610418
sin_theta1,188,1.8800000000000001,0.00037754533929019074,0.0007256000481212424,0.520321546653351,0.0010933864212916149,-0.625547438363521,-7.821974824718434,7.548809103204783
sin_theta1,200,2.0,-5.7253409003255094e-06,0.0007719539832607668,-0.0074166867772887494,0.00012723232332814542,nan,-9.103957904958715,6.323081010312071
sin_theta1,211,2.11,0.00017126851439013539,0.0007687668092395681,0.22278344009095166,-9.113241961340978e-05,nan,-7.06670913675424,6.894586563151009
sin_theta1,224,2.24,-0.000523520514761161,0.000715564272373914,-0.7316191360761487,-0.0006197619779005687,nan,-6.697446807471242,6.371489904069289
sin_theta1,237,2.37,-0.00041755607136349023,0.0008114237900975039,-0.5145967821738564,-0.00028443283527834393,-1.7478814795199964,-6.594156756985944,5.970983875986968
sin_theta1,251,2.5100000000000002,0.00022863331682811719,0.0006611992134436561,0.3457858269935769,0.0005714978934361526,nan,-4.2607890176945435,7.519160334213975
sin_theta1,266,2.66,6.549002040404316e-05,0.000744509502610691,0.0879639818892793,0.00039290380890831837,nan,-3.7578893681809884,5.902282919157142
sin_theta1,282,2.82,0.0008916789668420243,0.0007491947884186977,1.1901830880645385,0.001025404562276341,1.8544787417027608,-3.741036531011485,5.396004552206222
sin_theta1,299,2.99,0.0006217965398959475,0.0006371268402170788,0.9759383856503235,0.00023056997202009201,0.9386320737887136,-5.314522477078273,4.793511536697106
sin_theta1,316,3.16,0.0007632080484589446,0.0007538504773494542,1.0124130333410304,-0.00014040724408443,nan,-5.572624979500311,2.6490182153352073
sin_theta1,335,3.35,0.00012515511671542105,0.0006603002615879372,0.18954273380785747,-0.00016229627975829122,nan,-5.397153467329941,3.6188298554043046
sin_theta1,355,3.5500000000000003,-0.0002884247692903014,0.0005983124199473073,-0.4820638176217412,-7.211303902540081e-05,nan,-5.000905001963158,3.1783170669470064
sin_theta1,376,3.7600000000000002,-0.000568428468097934,0.0007030545237407782,-0.8085126386406953,0.00018174058051095306,nan,-2.0863437572147996,1.864590860638421
sin_theta1,398,3.98,-0.0002801177153096947,0.0007446899244459507,-0.3761534916940125,0.0004115429879410526,nan,-2.950543481362413,3.4817269741995247
sin_theta1,422,4.22,-0.0015683591300458097,0.0007792718151497722,-2.0125957330362048,-0.0015004529601185,nan,-2.2918185573582086,4.704451275081332
sin_theta1,447,4.47,-2.227255530050097e-05,0.0008161116926392768,-0.02729106260991348,4.139412633507377e-05,nan,-2.508033023337961,3.545830876705051
sin_theta1,473,4.73,0.0002869026190188719,0.0008223038694124532,0.34890097163700273,0.0002725047316821341,nan,-2.149236841040521,3.1730062739992926
sin_theta1,501,5.01,-0.00012733929445785675,0.0008650275036161148,-0.14720837652621951,-0.00043745754831327774,nan,-2.217247777774925,2.7541387391851404
sin_theta1,531,5.3100000000000005,-0.0002466535502061708,0.0007927894197648109,-0.3111211427106874,0.0005092476787958872,-0.5139342303700111,-2.7347672568338295,2.5450107440735867
sin_theta1,562,5.62,0.0002724880522697593,0.0007622550512100847,0.35747621722831857,-0.00023267788407293122,nan,-0.6409043045915901,3.254137931809503
sin_theta1,596,5.96,0.0001524754726869618,0.0007861094716767216,0.1939621365479051,-0.0002523846273067656,nan,-3.233891150126528,2.2321047039649646
sin_theta1,631,6.3100000000000005,0.0016785009998197906,0.0006265589326481082,2.678919591371432,0.001628979409097057,nan,-2.852653659769511,2.2179594659668567
sin_theta1,668,6.68,-0.0011316360501571086,0.0007467788333627404,-1.5153563539841624,-0.000652512647742517,nan,-1.8029017694436504,2.026685000183798
sin_theta1,708,7.08,-0.0006050143904800159,0.0006888243052325971,-0.8783290396173218,-0.0008898897831318085,nan,-2.9232039918606607,0.3835996995329864
sin_theta1,750,7.5,-0.0007909967343979645,0.0006965581456848355,-1.1355789022038925,-0.00101966952075741,nan,-0.9292170375698358,2.5906430208992055
sin_theta1,794,7.94,-0.000690664222603997,0.0006928325598620991,-0.9968703300281764,-0.000853241523875334,nan,-2.4906097054493794,1.431209576264679
sin_theta1,841,8.41,0.0012085033810994867,0.0006723396415008519,1.7974596565535925,0.0013856194249650719,nan,-1.678169994374906,1.988347111634904
sin_theta1,891,8.91,-0.0009563330730339586,0.0006981687236074519,-1.3697735815098766,-0.0007730992261836094,nan,-1.3726320850107963,1.3976698684688138
sin_theta1,944,9.44,-0.00019544184385537767,0.0007289797879987464,-0.26810324109523015,-0.0004459176565889508,nan,nan,nan
sin_theta1,1000,10.0,-0.00081292500384438,0.0007404856130671381,-1.0978268713111028,-0.0017472962926465437,nan,nan,nan
cos_theta3,0,0.0,0.4893388869198829,0.0005792618203725958,844.7628856414666,0.4893035703577683,nan,nan,nan
cos_theta3,1,0.01,0.45060878494375617,0.000624672471050748,721.3520778109477,0.4503593968309985,nan,nan,nan
cos_theta3,2,0.02,0.42164039173166323,0.0006558939404676631,642.8484328289826,0.42128611334714927,-6.945897342130857,-6.989692592809982,-6.899255497965616
cos_theta3,3,0.03,0.3953221161570151,0.0006819548686743526,579.6895576469437,0.394890447565096,-6.501614311843046,-6.542158482615158,-6.459484418975658
cos_theta3,4,0.04,0.37063560236011556,0.0006955832215827341,532.8414930952031,0.37016605296544963,-6.469522629663988,-6.511949713886595,-6.4261606003321585
cos_theta3,5,0.05,0.3474201837029008,0.000710824348096353,488.75672961023497,0.34691629084947406,-6.4847303460944685,-6.52606407985431,-6.441139748968614
cos_theta3,6,0.06,0.3255030700061449,0.0007329447470764461,444.1031487086911,0.3249916851198972,-6.494237396756719,-6.539977351719145,-6.445050549378145
cos_theta3,7,0.07,0.30499997744993906,0.0007505958533444436,406.3438081771237,0.3045004562553674,-6.4819999728929725,-6.534821814625805,-6.427364398736044
cos_theta3,8,0.08,0.2858450498262772,0.0007731419575440857,369.71871340972706,0.2853314366806401,-6.429803653525089,-6.486900115924076,-6.374175702518735
cos_theta3,9,0.09,0.26807182612200775,0.0007964568550155869,336.5804744272827,0.26757974747596935,-6.36619574024992,-6.424475049945699,-6.310567162884302
cos_theta3,10,0.1,0.2516853628081846,0.0008003941083926532,314.45179339665265,0.25122088244705204,-6.277331373945106,-6.337055513565055,-6.219799155958703
cos_theta3,11,0.11,0.23643276436260485,0.0007963400847055417,296.89923803098435,0.23600353581570646,-6.1754905140659,-6.236041430878445,-6.116556437832633
cos_theta3,12,0.12,0.22237310520272352,0.0007992310189148946,278.2338271913377,0.221912878582093,-6.060656604760388,-6.123308588605795,-5.994713159504214
cos_theta3,13,0.13,0.20939770363210192,0.0008057896621096355,259.8664558240651,0.20891835010617618,-5.9189079519273005,-5.984449402990615,-5.8504383799387805
cos_theta3,14,0.14,0.1975029424942451,0.0008078038150270654,244.49369861867734,0.19700713616232238,-5.782984875851575,-5.851533691395795,-5.714357047811373
cos_theta3,15,0.15,0.18658885407531475,0.0008052009014610475,231.72956430717707,0.18608559363814162,-5.636457790881298,-5.706405330282921,-5.566745478061531
cos_theta3,16,0.16,0.17644994354740998,0.0008042973651340328,219.3839631912823,0.17592501868077404,-5.493399090089854,-5.5671260601658545,-5.4221110576599365
cos_theta3,17,0.17,0.16713084695387234,0.0008022247608792534,208.3341914935333,0.1665916978732628,-5.357208463946999,-5.432431432038679,-5.283668201258047
cos_theta3,18,0.18,0.15854167925230644,0.000802371536241453,197.5913552404449,0.1579989900213927,-5.217079172084265,-5.29318787952017,-5.14294310937618
cos_theta3,19,0.19,0.15059878030487947,0.0007966642045557458,189.03671012664591,0.15005921393280008,-5.091369689624167,-5.169454135586229,-5.012841041648052
cos_theta3,20,0.2,0.14321601191183925,0.0007905448573465693,181.16114548203853,0.14266336159260262,-4.96922572026131,-5.04603643363463,-4.886899033225846
cos_theta3,21,0.21,0.1363359735034602,0.0007796458342201404,174.86911045940948,0.13577199039193527,-4.807209207232171,-4.892355667259468,-4.7207413410653105
cos_theta3,22,0.22,0.12996283052327204,0.0007712871873917725,168.50121802588416,0.12938031532154595,-4.705486863456888,-4.791359502691355,-4.617384581592719
cos_theta3,24,0.24,0.11842250211818169,0.0007655189251498169,154.69572106921544,0.11781609102018382,-4.557855923742217,-4.647491235144724,-4.466773015764483
cos_theta3,25,0.25,0.11319134668437762,0.0007656269409245938,147.84138414419482,0.11261795537833026,-4.464545954016047,-4.559704257210243,-4.365592923980937
cos_theta3,27,0.27,0.10371542777501692,0.0007751770331410517,133.7957954646275,0.10319497361172544,-4.2925264813103405,-4.393615855395071,-4.188431786819987
cos_theta3,28,0.28,0.09942223027546886,0.0007741652125004126,128.42508119727205,0.0989199001360916,-4.180613375768909,-4.287995379093362,-4.0710192345132965
cos_theta3,30,0.3,0.0915336960368829,0.0007757749183294749,117.99001730294167,0.09108192884637421,-4.063383610188587,-4.17547599956635,-3.951241024636205
cos_theta3,32,0.32,0.08447340776477996,0.0007877656564934081,107.23164569117876,0.0840943807513445,-3.9637838921098667,-4.076644713296155,-3.8452121002006807
cos_theta3,33,0.33,0.08127576354258328,0.0007925413388222198,102.55081919558368,0.08092787039260037,-3.732050739795844,-3.859207628742299,-3.6030051396520593
cos_theta3,35,0.35000000000000003,0.07533244065582502,0.0008001394615972385,94.14913808331163,0.07503917483255979,-3.4911436738671133,-3.6314895932843387,-3.3543753389339837
cos_theta3,38,0.38,0.06790727067576742,0.0008236606673066495,82.44568834131968,0.06775230661913541,-3.3072340526486146,-3.456324796161557,-3.160390936123957
cos_theta3,40,0.4,0.06388887780131519,0.0008391406007055931,76.13608225796023,0.06383058090073936,-2.9815704772249867,-3.1390868402453305,-2.8309097779348606
cos_theta3,42,0.42,0.06035216349095405,0.0008657778030249863,69.7086056954642,0.06035921275786096,-2.659082245067784,-2.8250812232389135,-2.4983996877122028
cos_theta3,45,0.45,0.055910590304892545,0.0009003996482612369,62.095304471588335,0.05603964311218945,-2.4008634914451448,-2.5687260115042703,-2.235529721952497
cos_theta3,47,0.47000000000000003,0.05345422637716737,0.0009081316395338442,58.86175973849575,0.05363046416462764,-2.152201808515789,-2.3165692151666972,-1.9922211223927404
cos_theta3,50,0.5,0.0502524318489402,0.0009088307473255371,55.29349881352564,0.050503092241760326,-1.8807277857035027,-2.044426247795482,-1.7234347190705075
cos_theta3,53,0.53,0.04762960858848517,0.0009065533720283766,52.53922169184131,0.047988339778346614,-1.6571714091201453,-1.812950855191732,-1.5011959799011871
cos_theta3,56,0.56,0.04546186109131466,0.0009152853047908327,49.669606682589446,0.04603058045916912,-1.458784503360718,-1.6208267071864415,-1.3011391571086777
cos_theta3,60,0.6,0.04309441570742092,0.0009083103314054275,47.44459488943716,0.043711907331973304,-1.2820314419018968,-1.4363284057327264,-1.1253643513207414
cos_theta3,63,0.63,0.04157158809040593,0.0009111826731808951,45.62376932089973,0.042276848220392675,-1.121501597007828,-1.2864715325017368,-0.9508108289717858
cos_theta3,67,0.67,0.03980411087053815,0.0008812027138559317,45.17020912970741,0.04060847119430633,-0.9787731111315995,-1.1612846098803027,-0.792925274995645
cos_theta3,71,0.71,0.038422703318273924,0.0008314994542174158,46.20893390054754,0.0392402589392121,-0.8999549905681579,-1.1063823082487287,-0.6928287076175349
cos_theta3,75,0.75,0.03720999679003957,0.0007866356185935042,47.30271031531808,0.03804617747440187,-0.8678416579275369,-1.0547230167548864,-0.6711482808549201
cos_theta3,79,0.79,0.03599658802366907,0.0007741425935899716,46.498653247769546,0.03682016394707652,-0.9017256188534314,-1.0769051902423996,-0.724511067721448
cos_theta3,84,0.84,0.03434433596808213,0.0007574879148338767,45.339780735134404,0.03510668938144432,-0.9213176458205878,-1.0906125685968782,-0.7548984228994537
cos_theta3,89,0.89,0.032666102052235635,0.0007300788422202281,44.74325259569967,0.03326642076640969,-0.9688417452475122,-1.1288630204746533,-0.8135133762154328
cos_theta3,94,0.9400000000000001,0.0312346202609534,0.0007050313979395683,44.30245284427839,0.031726491322365234,-1.02281494674984,-1.2102799153363497,-0.8428720586202225
cos_theta3,100,1.0,0.029369813358110047,0.000670291087362857,43.81650586114823,0.029683952694390385,-1.0609196610673046,-1.2742529710536237,-0.8567944501086289
cos_theta3,106,1.06,0.027423980326385787,0.0007270928480541418,37.717301717075486,0.027736610030625032,-1.1214951841618466,-1.3344005472402585,-0.9229893351016644
cos_theta3,112,1.12,0.025593192129872787,0.0008159607977820217,31.365712911013933,0.026019578562779866,-1.1107446023056569,-1.3409875468598935,-0.9045689132119579
cos_theta3,119,1.19,0.023597795752367815,0.0008655588944582346,27.263073493269346,0.024199110733182375,-1.1161951042011473,-1.3683902747777938,-0.8846956467732274
cos_theta3,126,1.26,0.022002889678218524,0.0008731506644212947,25.199419269527283,0.02291696735171047,-1.1248477475564926,-1.3779271589674476,-0.8816698596158943
cos_theta3,133,1.33,0.020288315859011592,0.0009334918472227588,21.73379009079894,0.02136170494677115,-1.0832518893056924,-1.3386694873231033,-0.8650418975888486
cos_theta3,141,1.41,0.01846949656434259,0.0009340914655631739,19.772685272536055,0.019467901814886803,-1.1046957359074014,-1.4021116890248433,-0.8178877370284221
cos_theta3,150,1.5,0.016866766754371,0.0009169380987593961,18.394662384725304,0.01775464837787163,-1.063551147292504,-1.4069383702449478,-0.7594856535855637
cos_theta3,158,1.58,0.015450960323181953,0.0009363704574812047,16.500905383905806,0.016286061215421473,-0.9862868077055318,-1.3011813191779247,-0.686824655296895
cos_theta3,168,1.68,0.01398243984221391,0.0009251114702326837,15.114329777682956,0.01443630253168088,-1.03056450026162,-1.372259633355492,-0.7061567893345162
cos_theta3,178,1.78,0.01282240995775477,0.0008754578529481938,14.646518863899608,0.013192599113666551,-1.0804197584903512,-1.460604573700572,-0.7203099732617504
cos_theta3,188,1.8800000000000001,0.011401337938746725,0.0008666190116932934,13.156113338051014,0.012071608270429956,-1.1425031520047326,-1.5449127802081601,-0.7745478060974456
cos_theta3,200,2.0,0.009814833460080528,0.0007960998359959247,12.328646504244187,0.010394139107471383,-1.0492224258683305,-1.4564409800148868,-0.6621987709172047
cos_theta3,211,2.11,0.00855508540187284,0.0006994937064788717,12.230396531996885,0.009089752832420936,-1.1310321916023365,-1.6687898745707745,-0.6570608941415719
cos_theta3,224,2.24,0.0079133570863239,0.0007681074935751751,10.302408390121267,0.008299045899146386,-1.3923104563939035,-2.130181460962643,-0.7878987737066235
cos_theta3,237,2.37,0.006550392278340147,0.0008042170856923885,8.145054855058948,0.006770275400939396,-1.1161219709998682,-1.8123995585319441,-0.5491855633725471
cos_theta3,251,2.5100000000000002,0.004825027947130222,0.0007873270043514854,6.128365876519829,0.0053056490389078075,-1.1814187159836431,-1.9611447710724148,-0.5719763970440642
cos_theta3,266,2.66,0.004630471996216903,0.0007675379786144959,6.032889739965046,0.005395316187120959,-0.993816982518686,-1.9269942602683476,-0.33153595062131797
cos_theta3,282,2.82,0.003988157109478894,0.0007899460923668386,5.048644645522034,0.00444672849936623,-1.0327019903970691,-2.456654719449654,-0.13597074129464293
cos_theta3,299,2.99,0.003537281196635382,0.0008349229108769052,4.236656043993614,0.0037276828377760768,-1.3122376457658311,-3.3213113886089682,-0.40535349253529673
cos_theta3,316,3.16,0.0024659083366003584,0.0008349050000798033,2.9535196655483653,0.002520925200257638,-2.3784486218705654,-5.620781967027637,-0.7513582302731829
cos_theta3,335,3.35,0.0018723883909828134,0.0007674680740085784,2.4396954797130554,0.0019887051764834844,-3.4104391577517985,-6.216062855968431,-0.8651511874398745
cos_theta3,355,3.5500000000000003,0.0007026205809062235,0.0008843708509882153,0.794486362956332,0.0010723184333834607,-1.659073686198349,-4.649919920777366,-0.10724496589848977
cos_theta3,376,3.7600000000000002,0.00025597391276578656,0.0007796534518229245,0.3283175520704596,0.00020682345778941125,-1.6685592167054772,-4.338183461569759,0.18689337984262164
cos_theta3,398,3.98,0.0006326232665672805,0.0007231180420828253,0.8748547674804391,0.0002001941114747049,nan,-3.8370531354892985,1.7727683581329008
cos_theta3,422,4.22,0.0004384841173736303,0.0008125181596205859,0.5396606982647443,0.00020541312821619454,0.8983921150208524,-2.3349852624124496,3.4347608904205145
cos_theta3,447,4.47,-0.00023014117848814704,0.0008746055598080786,-0.2631371089598935,0.0002788581856833529,0.5213623200112887,-1.9038396331259522,3.051281540519007
cos_theta3,473,4.73,0.0006118675806407869,0.0008453683196680129,0.7237881600307369,0.0014387045885528638,0.06238519331424201,-2.208362812505989,2.2866881647858435
cos_theta3,501,5.01,0.001082337441492939,0.0008096558448592227,1.3367870415128398,0.0015727182186759919,nan,-1.3765267773689183,3.026979307802023
cos_theta3,531,5.3100000000000005,0.00046933812218274176,0.0007697253573606737,0.6097475127908796,0.0007319756685707393,0.1469517872930937,-1.9358997106908773,2.373701021742665
cos_theta3,562,5.62,0.0007191027732912982,0.0008405166032186312,0.8555485644633346,0.0009090207500301651,-1.0422577377841098,-2.582321730639269,1.6105156883436478
cos_theta3,596,5.96,0.0007330886133883435,0.000894825041704617,0.8192535738515206,0.0004728966736834175,0.5910288490152896,-1.5058938277497527,2.400216401962938
cos_theta3,631,6.3100000000000005,0.0002792041458913984,0.0008476849449096424,0.3293725429099837,0.0006984854205280408,0.25570078296225757,-1.4326921130268875,2.008983278733831
cos_theta3,668,6.68,0.0010547224963375972,0.0007857651927617723,1.3422871184081162,0.001699546183087384,nan,-2.3125191983658624,1.0653091550504552
cos_theta3,708,7.08,0.0010445353557154333,0.0007410926478673661,1.4094531348020802,0.0015784997587125044,1.1435013818657422,-0.33969202323368886,2.2910093612767684
cos_theta3,750,7.5,-0.000207240759038354,0.0007700919343751863,-0.2691117122353693,0.0005072429943863193,-0.13910258192080194,-1.6101327351404244,1.2573402479500693
cos_theta3,794,7.94,0.0018005554370086507,0.0008058090240346648,2.234469189726018,0.002229983335323186,-1.2125765463752909,-2.30738522573062,0.8104317161406266
cos_theta3,841,8.41,0.0008291370888089189,0.0007846144734604636,1.056744575653942,0.0011955588921353903,nan,-0.9713090684062788,2.0272180809112488
cos_theta3,891,8.91,0.00011355784446639512,0.0008242708250509302,0.13776763778989579,0.0006921449840553745,-1.2601539482333934,-2.0274542796008905,0.4801431459530123
cos_theta3,944,9.44,0.0005275762180859317,0.0008592609564687382,0.6139883514015175,-0.00013693400710327285,nan,nan,nan
cos_theta3,1000,10.0,0.00013428082809760925,0.0007692144142274145,0.17456878812194201,0.0008604656079384147,nan,nan,nan
sin_theta3,0,0.0,0.47650963220827924,0.0006285877828921678,758.0637823023407,0.47658550030756874,nan,nan,nan
sin_theta3,1,0.01,0.43654857375691375,0.0005971652655308924,731.034772038881,0.4364388083506292,nan,nan,nan
sin_theta3,2,0.02,0.4049947561687137,0.0005943918571790816,681.3598660162914,0.40478961570632943,-8.050828422985779,-8.094924626889531,-8.006847141868693
sin_theta3,3,0.03,0.37483929756994433,0.0006181179446819408,606.4203454938068,0.3745558661550056,-8.054096813643923,-8.103228255171498,-8.007971265379382
sin_theta3,4,0.04,0.3453142252968563,0.0006396769319687622,539.8259778323838,0.3449776718735602,-8.52952740054687,-8.58675593809703,-8.478671995627433
sin_theta3,5,0.05,0.3163141219448984,0.000666709344634949,474.44081066254364,0.3158987264223651,-9.122550426379727,-9.184680143317433,-9.063988396230588
sin_theta3,6,0.06,0.2879229827222565,0.0006937374745946504,415.0316124849525,0.2874508562916331,-9.792142208161241,-9.866179128881102,-9.721431207266757
sin_theta3,7,0.07,0.2602376825958153,0.0007167532288424438,363.0784935787441,0.2597300452667225,-10.526223836994827,-10.61446855508337,-10.44323953750928
sin_theta3,8,0.08,0.23340359258803534,0.0007424341098468786,314.37617088494636,0.23285177153519204,-11.330079417820386,-11.435393098394071,-11.232334564050177
sin_theta3,9,0.09,0.20761529484065092,0.0007679294484863277,270.35725124213326,0.20708135274380615,-12.217981496422732,-12.343795421475964,-12.098437468526054
sin_theta3,10,0.1,0.18300067595109967,0.0007871063746499684,232.4980229419198,0.18248111710837478,-13.21510125995243,-13.366215730972089,-13.065659456353051
sin_theta3,11,0.11,0.15963279037578643,0.0008085015917424776,197.4427657362391,0.15910643361725088,-14.37772337167014,-14.563138082607013,-14.195235161845957
sin_theta3,12,0.12,0.13757442752384094,0.0008329132610413894,165.17257433484968,0.1370593417336532,-15.77132838561687,-16.002794092390552,-15.545200773786235
sin_theta3,13,0.13,0.11681341149907695,0.0008492753059542121,137.54481106433448,0.11631510982831453,-17.475461614093454,-17.766294694138,-17.188619331930987
sin_theta3,14,0.14,0.09738154449578235,0.0008608499227300839,113.12255705030242,0.09692142356384967,-19.637732402431002,-20.017667685602532,-19.259290888865113
sin_theta3,15,0.15,0.07934914348955391,0.000861603775736043,92.09470260476546,0.07890679402730155,-22.477721522471146,-23.007292088993772,-21.965417727106576
sin_theta3,16,0.16,0.06271845645499038,0.0008614082881395529,72.80920942895507,0.06229878387866488,-26.531616819673335,-27.322227451702904,-25.767835116746127
sin_theta3,17,0.17,0.04753513051088997,0.0008532386157683829,55.711414875523744,0.04715482751079492,-33.12215578820738,-34.5097276549959,-31.803747234391466
sin_theta3,18,0.18,0.03369576083989278,0.0008387937554638506,40.17168776043059,0.03332654011253952,-46.38786857988128,-49.84630828436137,-43.37726264352146
sin_theta3,19,0.19,0.02109363679501103,0.0008278239827792722,25.48082350090038,0.020735144221136776,nan,-192.69053942844135,-85.95009567831207
sin_theta3,20,0.2,0.00980743746120324,0.0008074642969581183,12.145970413985912,0.009478845057015812,nan,nan,nan
sin_theta3,21,0.21,-0.00026796855129818055,0.0007829554155410022,-0.3422526314771335,-0.0005920575703392518,nan,nan,nan
sin_theta3,22,0.22,-0.0091334403016188,0.0007584595252736091,-12.042093212981898,-0.0094801440739622,nan,nan,nan
sin_theta3,24,0.24,-0.02361393745064025,0.000711351600403496,-33.19587309179574,-0.023981268135083635,nan,nan,nan
sin_theta3,25,0.25,-0.029361123439358667,0.0006946116416295639,-42.26984069900882,-0.02972050687616192,nan,nan,nan
sin_theta3,27,0.27,-0.038214257404513285,0.0006598410417009468,-57.914338438245785,-0.03850890970864409,nan,nan,nan
sin_theta3,28,0.28,-0.0414925015170162,0.000648597783818691,-63.97262302181256,-0.04173903628212791,nan,nan,nan
sin_theta3,30,0.3,-0.04606504001772074,0.0006364192097861853,-72.3815989671289,-0.046177180309595355,nan,nan,nan
sin_theta3,32,0.32,-0.048466177516929575,0.0006267109062905612,-77.33418555581872,-0.048436177495078475,nan,nan,nan
sin_theta3,33,0.33,-0.048982131727372195,0.000636602381175297,-76.94305452791625,-0.04889224070323366,nan,nan,nan
sin_theta3,35,0.35000000000000003,-0.04892233489611819,0.0006551397381018636,-74.67465649063034,-0.04874121126725434,nan,nan,nan
sin_theta3,38,0.38,-0.0467009513862594,0.0007037990301315307,-66.35552108892735,-0.046479022988538864,nan,nan,nan
sin_theta3,40,0.4,-0.04438208004513323,0.0007367332198082862,-60.241725025895256,-0.044143743161406165,nan,nan,nan
sin_theta3,42,0.42,-0.04171651137437877,0.0007563873330440137,-55.152313572590344,-0.04151478503545926,nan,nan,nan
sin_theta3,45,0.45,-0.0374804369577861,0.0007623652557246142,-49.163359264269765,-0.037405179924900125,nan,nan,nan
sin_theta3,47,0.47000000000000003,-0.03473646773116839,0.0007468089324033892,-46.5131926306493,-0.034752341425775074,nan,nan,nan
sin_theta3,50,0.5,-0.030824630439150753,0.0007034873339546993,-43.81689470635968,-0.031063369799300026,nan,nan,nan
sin_theta3,53,0.53,-0.027585308200874514,0.0006397800484125971,-43.11686222369445,-0.028025715335890638,nan,nan,nan
sin_theta3,56,0.56,-0.024923561260707272,0.0006142701971314909,-40.57426418715236,-0.025466703345466617,nan,nan,nan
sin_theta3,60,0.6,-0.021935724409267745,0.0006080916241586375,-36.07305796987134,-0.022568415237865274,nan,nan,nan
sin_theta3,63,0.63,-0.020131766862759633,0.0006249091606375266,-32.2155092785348,-0.020764236484474317,nan,nan,nan
sin_theta3,67,0.67,-0.017959741740079062,0.000636565715652305,-28.213492022069175,-0.018464145725282977,nan,nan,nan
sin_theta3,71,0.71,-0.015988066306776013,0.000675909682374573,-23.654145995671367,-0.016305527597034814,nan,nan,nan
sin_theta3,75,0.75,-0.014193915762260706,0.0007089466662950353,-20.02113337585505,-0.014378423821033857,nan,nan,nan
sin_theta3,79,0.79,-0.012515482254604407,0.0007240298131063994,-17.28586589674754,-0.012598978207651879,nan,nan,nan
sin_theta3,84,0.84,-0.010508662547343511,0.0006951991741768111,-15.11604578614017,-0.010326167380210659,nan,nan,nan
sin_theta3,89,0.89,-0.008874815944842499,0.0006699134702397305,-13.247704873984128,-0.00862360172705806,nan,nan,nan
sin_theta3,94,0.9400000000000001,-0.00737535546980862,0.0006140376062197015,-12.011243928877105,-0.007012130059610038,nan,nan,nan
sin_theta3,100,1.0,-0.0055540179275488984,0.0006214866608294355,-8.936664738928606,-0.005195616531037554,nan,nan,nan
sin_theta3,106,1.06,-0.004523821431791413,0.0006587928022573687,-6.866834938527615,-0.004193485675455152,nan,nan,nan
sin_theta3,112,1.12,-0.003764312008920735,0.0006522434250225895,-5.771329942943255,-0.0035039066711396233,nan,nan,nan
sin_theta3,119,1.19,-0.0030682366513446607,0.0005545278925124259,-5.533060992555766,-0.0030897167934703512,nan,nan,nan
sin_theta3,126,1.26,-0.0027883140851430056,0.0005973003259724491,-4.6681944808977365,-0.0028417105203361287,nan,nan,nan
sin_theta3,133,1.33,-0.002804989013896451,0.0006621333873131166,-4.236289949490191,-0.0028204837965239067,nan,nan,nan
sin_theta3,141,1.41,-0.0017922383827712655,0.0006372042576313222,-2.812659145488997,-0.0019351093462004875,nan,nan,nan
sin_theta3,150,1.5,-0.0010127547465607308,0.0006321404411331313,-1.6021040273033893,-0.0011125245843466463,nan,nan,nan
sin_theta3,158,1.58,-0.0008174876461109068,0.0005977211718151432,-1.3676738999028306,-0.0006331851247881007,nan,3.052754823217098,3.052754823217098
sin_theta3,168,1.68,-0.00042188430024595936,0.0005843025920704615,-0.7220305129077434,-0.00022751687761550981,nan,-8.644397346064832,11.622343290611717
sin_theta3,178,1.78,0.0002549176586918228,0.0007132912757238747,0.35738227477004086,0.000390630002541125,nan,-4.313167664038303,9.911649506693523
sin_theta3,188,1.8800000000000001,0.00031180860884341417,0.000704486034865679,0.4426043859093179,0.0001568642774959573,nan,-7.429014552005026,8.977295334344428
sin_theta3,200,2.0,-2.0971861064299912e-05,0.000572516282946019,-0.036631029874616326,-6.624642703163808e-05,nan,-8.745214639509802,7.369512856781157
sin_theta3,211,2.11,-0.0002575595501781973,0.0005817887087282766,-0.4427029028136228,7.14679360812706e-05,nan,-8.60694872296367,5.64866811093308
sin_theta3,224,2.24,-0.00027562115079565676,0.0005762945826788079,-0.478264344451198,-0.0003037774392974936,nan,-5.0958484130955375,7.231185449535797
sin_theta3,237,2.37,-0.00041656571900656407,0.0006499107252076095,-0.6409583698953345,-0.0007062506922695842,nan,-4.912119611660691,6.161654446056413
sin_theta3,251,2.5100000000000002,0.0001918183058896124,0.0006133255082272085,0.31275122804537364,0.00041640280914660585,nan,-6.715985635959979,4.398540303551813
sin_theta3,266,2.66,-0.0005208371028943907,0.0006372280860383224,-0.8173480019257469,0.00022172301499500153,nan,-6.209295424350656,5.735973388809135
sin_theta3,282,2.82,-0.000650527843679579,0.0005090946846366258,-1.277813073503023,-0.0007568005549974806,nan,-6.074801407416517,4.814893270405769
sin_theta3,299,2.99,-0.0006193432246972362,0.0006305652621515444,-0.9822032101546196,-0.0011005508526088358,nan,-6.858158331167303,3.6482931354799213
sin_theta3,316,3.16,-0.0005072643218101693,0.0006143262875224919,-0.8257245898688605,-0.000431196068576882,nan,-3.5836850299276564,6.315663643282925
sin_theta3,335,3.35,-0.00040055338520202387,0.0005870899681023062,-0.6822691699140455,-0.0010539388686756812,nan,-2.719126020432808,0.28741512247250006
sin_theta3,355,3.5500000000000003,-4.246960875716909e-05,0.0006150310525559293,-0.06905278779124248,-0.00046613495846289574,nan,-3.2506387830960963,5.580225817409974
sin_theta3,376,3.7600000000000002,-0.0012069991399968724,0.0007068135182944448,-1.7076627834020288,-0.000477048644908357,nan,-4.581923177174785,3.066191752215344
sin_theta3,398,3.98,-3.79992234668806e-05,0.0006244174139858594,-0.060855483232472966,0.0005243798153030903,nan,-2.860848903523873,4.124465032965126
sin_theta3,422,4.22,-0.0006167983183934006,0.0006020702028339217,-1.0244624555245456,-0.0007808245143133695,nan,-3.3062232289255893,1.6365151123017025
sin_theta3,447,4.47,0.00046822422476004456,0.0005899769312001609,0.7936314116681803,0.0009602847649705906,nan,-2.297196772842019,3.322647241159217
sin_theta3,473,4.73,-0.00026633917142986595,0.0005987037709405515,-0.44485968580330215,0.00018438646131772226,nan,-2.0280331207894915,3.876077209546356
sin_theta3,501,5.01,0.0006197682729473045,0.0005502776082307986,1.1262829227958702,0.0003439681405625638,nan,-3.8406694251780733,1.624553304310492
sin_theta3,531,5.3100000000000005,0.00045346618610188274,0.0005784871989020154,0.7838828360637434,0.000419989314568918,nan,-1.482791088506056,3.257551120170821
sin_theta3,562,5.62,-0.0015836799765788182,0.000699007304499052,-2.265612914751688,-0.001619528933571505,-1.6616860703755498,-2.677279514232672,1.3302962945896488
sin_theta3,596,5.96,0.000674874670175146,0.0007433364687233614,0.9078993142018248,0.0003859402385641146,-1.740841205704473,-2.590735599231816,1.6422288469253166
sin_theta3,631,6.3100000000000005,7.146113699350419e-05,0.0005959859786093822,0.11990405740793585,-0.000145462246782999,nan,-0.49423268117162145,2.1456659509079103
sin_theta3,668,6.68,4.176122397502207e-05,0.0006549981390832596,0.06375777499684411,-0.00014703564093470505,nan,-2.914456033252736,0.8220685392087104
sin_theta3,708,7.08,-9.779006912050649e-05,0.0007059209993204611,-0.13852834696041327,0.00027180376521031746,nan,-1.9968794355093293,1.9475847144139335
sin_theta3,750,7.5,-0.0006444544600763929,0.0005927980812899929,-1.0871399223728764,-0.0013140756470388087,1.1072892533247793,-1.6709124476434323,1.9603517099341379
sin_theta3,794,7.94,-2.9767765094183878e-05,0.0005552951118596933,-0.053607108109579964,-1.673779204383548e-05,nan,-1.9858875385626062,1.5141224191719342
sin_theta3,841,8.41,0.0002836039325625403,0.0006048946930777638,0.4688484389233695,0.0005221727149991624,nan,-0.9247626653086407,2.256820279095075
sin_theta3,891,8.91,5.176262095497663e-05,0.0004955372566687857,0.10445757661683644,-0.0006167810196678812,nan,-1.7990957675202803,1.2687792154736452
sin_theta3,944,9.44,0.0003041630750499066,0.0007274585807629827,0.4181173789040886,0.00022681391035885183,nan,nan,nan
sin_theta3,1000,10.0,-0.0006942417108440348,0.0006320667436548544,-1.0983677243160441,-0.00012341582189451724,nan,nan,nan
cos_theta1_minus_theta3,0,0.0,0.49857363640098606,0.0003837096201015359,1299.3514112808932,0.49877418225614406,nan,nan,nan
cos_theta1_minus_theta3,1,0.01,0.4424297148048458,0.00042860454007964433,1032.2562489016855,0.44243762935530045,nan,nan,nan
cos_theta1_minus_theta3,2,0.02,0.40057042643936164,0.00046056726924091103,869.7327256875335,0.4004945022881815,-10.467623867272968,-10.518225117478197,-10.416455155386362
cos_theta1_minus_theta3,3,0.03,0.36289411124779825,0.0004852194287958897,747.8969095453342,0.362740633586378,-10.073924806414594,-10.128221446032684,-10.020792941334056
cos_theta1_minus_theta3,4,0.04,0.328010736064316,0.000509109247359314,644.2835948584055,0.3278023438845506,-10.258023358431844,-10.318816777061937,-10.197021359820349
cos_theta1_minus_theta3,5,0.05,0.2956938483560469,0.0005391568198754021,548.4375555601449,0.2954600976747334,-10.521197701057387,-10.589515309691212,-10.451719537163976
cos_theta1_minus_theta3,6,0.06,0.2657533606374107,0.0005658989885476398,469.6127153707369,0.2654958953636016,-10.803323036339018,-10.883273190329858,-10.723473381137595
cos_theta1_minus_theta3,7,0.07,0.23823633355780308,0.0005994487417052058,397.4256962824052,0.23798244400483984,-11.061694635509575,-11.153428134027447,-10.971256814603024
cos_theta1_minus_theta3,8,0.08,0.21291934207688612,0.0006344476110668204,335.5979884909068,0.21262975154323183,-11.283904464683424,-11.385633571209988,-11.18565786083459
cos_theta1_minus_theta3,9,0.09,0.18996822808189054,0.0006491180580366568,292.65589784464555,0.18971194962418453,-11.469573634169873,-11.578636580896967,-11.35934287225496
cos_theta1_minus_theta3,10,0.1,0.1692221729542379,0.0006570026682754185,257.5669493069687,0.16902168517614935,-11.608413699226412,-11.72564263651567,-11.49357258522865
cos_theta1_minus_theta3,11,0.11,0.1505778511375756,0.0006704384825302907,224.59607415326496,0.15046382306768832,-11.705367878711368,-11.827152297048263,-11.583425134546113
cos_theta1_minus_theta3,12,0.12,0.1338308742501368,0.0006663323669175663,200.8470260408247,0.13373447550591955,-11.724245356618482,-11.874288102555273,-11.580232162944576
cos_theta1_minus_theta3,13,0.13,0.118942730671212,0.0006568139236031957,181.09045255725954,0.11887738242931556,-11.652973906310589,-11.816034854364286,-11.496677602732225
cos_theta1_minus_theta3,14,0.14,0.10587325489562825,0.0006615854738657624,160.02959417623222,0.10586711430059599,-11.492033388308595,-11.678688584169173,-11.310080145956737
cos_theta1_minus_theta3,15,0.15,0.09447745905207512,0.0006624635705920714,142.61532746266587,0.09451363930272474,-11.22590477730264,-11.431468729123134,-11.022515215332508
cos_theta1_minus_theta3,16,0.16,0.08451216891279774,0.0006712119609976282,125.90980766669678,0.08457655010047527,-10.84358862579992,-11.04441731968223,-10.63952457666364
cos_theta1_minus_theta3,17,0.17,0.07591436519999833,0.0006651787672946485,114.12626038673781,0.0759516338348746,-10.38478879587612,-10.604005780602334,-10.16938651570897
cos_theta1_minus_theta3,18,0.18,0.06861417356453295,0.0006505308603263414,105.47412543981753,0.06863819203191623,-9.805241092606618,-10.050139968533944,-9.568449295559066
cos_theta1_minus_theta3,19,0.19,0.06236284876173283,0.0006478238076244219,96.26513880435822,0.062399937266063826,-9.14111258369657,-9.41113604838331,-8.890268772281503
cos_theta1_minus_theta3,20,0.2,0.05709324971902752,0.0006518970048282636,87.58016879379316,0.05709506063725918,-8.371894182164684,-8.672564486616512,-8.088145427811682
cos_theta1_minus_theta3,21,0.21,0.05266554401535439,0.0006604268533446324,79.74470412376128,0.05264585287262532,-7.072338327529792,-7.378835035309033,-6.785208244325746
cos_theta1_minus_theta3,22,0.22,0.04908842962433079,0.0006661944945958688,73.68483231628795,0.04901161802100602,-6.203005404312185,-6.531100386609104,-5.897043774095666
cos_theta1_minus_theta3,24,0.24,0.04378769357457149,0.0006778147328615395,64.60127148566453,0.04363415244765849,-4.966208696098989,-5.278444397179919,-4.652661151420766
cos_theta1_minus_theta3,25,0.25,0.04186857815436374,0.0006886852899384625,60.79493604125755,0.0417125339511114,-4.221700584331961,-4.534606279582965,-3.9017841455572144
cos_theta1_minus_theta3,27,0.27,0.03909477812184753,0.0007050027035347849,55.4533733357784,0.038920601723587744,-2.9253776637767035,-3.251813248660951,-2.5802444987847903
cos_theta1_minus_theta3,28,0.28,0.03810407846663431,0.000717994806713754,53.07013102369893,0.03791977803599399,-2.230619089162955,-2.540213886409525,-1.9068414912553668
cos_theta1_minus_theta3,30,0.3,0.036738679943488416,0.0007353197038741939,49.962866151855565,0.036635062084221404,-1.6578159059525754,-1.9782111998894314,-1.324441547664905
cos_theta1_minus_theta3,32,0.32,0.03581591274147672,0.0007405411956396369,48.36451091764178,0.035807122740379005,-1.3324659574874924,-1.6659215298536012,-1.00596010989622
cos_theta1_minus_theta3,33,0.33,0.03539320851390209,0.000743690918219833,47.591287787435306,0.0354395423849672,-1.0634825347418606,-1.4158373972342793,-0.7455887792098679
cos_theta1_minus_theta3,35,0.35000000000000003,0.03471072460915468,0.0007720178031113582,44.96104166155855,0.034837575436619944,-1.0181687335302778,-1.3590744946077837,-0.6958006537708639
cos_theta1_minus_theta3,38,0.38,0.033742276499833794,0.0007858459670613975,42.93751945563848,0.033894829544226276,-1.061408010213747,-1.377664718906255,-0.7732460963958697
cos_theta1_minus_theta3,40,0.4,0.0330142334767532,0.0007739901946216181,42.654588786997394,0.03315932086531635,-1.2628466830960907,-1.5500838237514212,-0.9948739853654137
cos_theta1_minus_theta3,42,0.42,0.03216867750800457,0.0007537365058235321,42.678943184338785,0.03238682241401227,-1.5238164964786456,-1.8282404682482845,-1.2260269859284663
cos_theta1_minus_theta3,45,0.45,0.030592780123360697,0.0007224403896536675,42.346442089189736,0.030835693163854365,-1.8073191849695607,-2.122410433105994,-1.4963414511561284
cos_theta1_minus_theta3,47,0.47000000000000003,0.029418039128909407,0.0006985137778862935,42.11518807535702,0.02959929106710392,-2.10600697135117,-2.433652665952192,-1.7747493621736596
cos_theta1_minus_theta3,50,0.5,0.02755562991783552,0.00067371929610502,40.900758041432326,0.027566876786471337,-2.4006534341852626,-2.7473557350765136,-2.0563034067653296
cos_theta1_minus_theta3,53,0.53,0.025516682758527014,0.00064701838877309,39.437337796400314,0.025434976873131874,-2.758855626845814,-3.087419104151645,-2.4190520782152483
cos_theta1_minus_theta3,56,0.56,0.02349275697183228,0.0006281770998499001,37.39830213079363,0.023293552721469924,-3.0769790885621022,-3.3952160470003894,-2.737305293280766
cos_theta1_minus_theta3,60,0.6,0.02055197062504054,0.0005726187084434541,35.89119657111245,0.02017942562907576,-3.1815983830379944,-3.523525536270903,-2.837183670893442
cos_theta1_minus_theta3,63,0.63,0.018470956618062785,0.0005335504669594078,34.618949400091225,0.01812129034046177,-3.071804404741099,-3.4616113848855217,-2.682254776334533
cos_theta1_minus_theta3,67,0.67,0.01634478180020222,0.0005185301706151228,31.521370840992155,0.016071540571358033,-2.6577577544012385,-3.1700207045946227,-2.1563617282972993
cos_theta1_minus_theta3,71,0.71,0.014819168311581076,0.0005562147276223814,26.64289091180255,0.014587482015686382,-2.354507704511388,-2.96863787663618,-1.787339635997374
cos_theta1_minus_theta3,75,0.75,0.013794820109928357,0.0006374819585177756,21.639545912802017,0.013639973680237057,-2.250871132818746,-2.8981596874294726,-1.6374673630016625
cos_theta1_minus_theta3,79,0.79,0.01267305838618433,0.0006927182865165321,18.294678562497975,0.01261967238196181,-2.3417678828124564,-2.9746705659355803,-1.734065356981092
cos_theta1_minus_theta3,84,0.84,0.011148005443038409,0.0006838309066734564,16.302283699443574,0.011214835628403176,-2.5038618567034043,-3.1258928212608375,-1.907137525973568
cos_theta1_minus_theta3,89,0.89,0.009722115900903048,0.0006730601442673463,14.44464656496036,0.009717158516270662,-2.417772838398346,-3.1464178642477947,-1.7291460927602054
cos_theta1_minus_theta3,94,0.9400000000000001,0.008572500079025406,0.0005934520789133287,14.445142891271908,0.008506725015373189,-2.1507761737570754,-3.121799507377523,-1.28862706956067
cos_theta1_minus_theta3,100,1.0,0.007627392602116206,0.000588243418717441,12.966388334180369,0.0076773624776031,-1.8651407750453957,-2.8355235122506848,-0.9451713371201881
cos_theta1_minus_theta3,106,1.06,0.006945471327577865,0.0006188605829053117,11.222998393227043,0.007194347254449503,-1.3107483736740242,-2.1499061384152376,-0.525445136058249
cos_theta1_minus_theta3,112,1.12,0.006330763859610833,0.0005826407478704136,10.865638702322398,0.006704124878438968,-1.4044025140789516,-2.371243569295875,-0.6001375076372251
cos_theta1_minus_theta3,119,1.19,0.006177244641477384,0.0005650594554521431,10.932025969788514,0.006295422873674344,-2.05186135514833,-3.45343538930403,-1.0257742520529158
cos_theta1_minus_theta3,126,1.26,0.005294144526543603,0.0005700649822699683,9.2869141083927,0.00542156385397167,-2.842062057602605,-5.084777085043985,-1.4674602165960722
cos_theta1_minus_theta3,133,1.33,0.003991181385847909,0.0006302477050373705,6.332718634193602,0.004184916489883188,-2.3413890961523594,-4.142766673836478,-1.2498486216288376
cos_theta1_minus_theta3,141,1.41,0.0027765881924688425,0.0007292884874209271,3.807256305783784,0.0027752973133441704,-1.7085715944253201,-3.117295252155973,-0.66592592932442
cos_theta1_minus_theta3,150,1.5,0.002989307338938853,0.0007232919353822434,4.132919493093853,0.0030130622962642934,-0.79162217564941,-2.5189549377822793,0.5679624082492845
cos_theta1_minus_theta3,158,1.58,0.0030644205365148044,0.0006613910468571141,4.633296067548427,0.0030621763160696143,0.06827780625656847,-1.6056018963140435,1.9391637392340655
cos_theta1_minus_theta3,168,1.68,0.00302532799068608,0.0007145639327397097,4.233810093222407,0.0031909572268962365,-0.8186421671435256,-3.1060306147947983,0.9406509826909619
cos_theta1_minus_theta3,178,1.78,0.0028476260817508338,0.0006850164863603646,4.157018317735482,0.0030275245389786254,-2.0320880910525014,-6.52427825587843,-0.3507570477210447
cos_theta1_minus_theta3,188,1.8800000000000001,0.002190122936920797,0.0006436802268714652,3.4025014991770703,0.0019008038042823657,-1.8047139694918108,-5.240541463759653,-0.33966227394390436
cos_theta1_minus_theta3,200,2.0,0.0013052329035956969,0.0006819232622493686,1.9140466029715728,0.0011190358053833418,-1.923755349336372,-6.2458521626775205,-0.11823426824583061
cos_theta1_minus_theta3,211,2.11,0.001392349357162953,0.0006335527728205608,2.1976848920797067,0.001504134332909214,-1.2482379267690613,-5.263403122831854,0.9328015583201817
cos_theta1_minus_theta3,224,2.24,0.0011753408994577372,0.0007208629606806381,1.6304637130308117,0.0013266859690793033,0.10233947759056779,-2.7279954874763783,3.4756350906872395
cos_theta1_minus_theta3,237,2.37,0.001188059250335182,0.0006686398052386016,1.7768299778551588,0.0012073946187310415,-0.42681522339573563,-3.6926071272690897,2.4951088688164598
cos_theta1_minus_theta3,251,2.5100000000000002,0.0013751662441000988,0.0006567695998953767,2.0938335823082594,0.0014730350402518998,0.6856672436824851,-1.294432410651869,4.010681182190087
cos_theta1_minus_theta3,266,2.66,0.0011010278278937714,0.0005587162999934715,1.9706384580271539,0.0013630245187840522,-0.16252778213773103,-3.152034004827746,2.94204099547926
cos_theta1_minus_theta3,282,2.82,0.0017493516508343206,0.0006367598363980865,2.7472707147010906,0.0019541822757591465,-0.88096534122374,-4.475510464067771,1.8112941660031414
cos_theta1_minus_theta3,299,2.99,0.0010741760137058733,0.0005843017888183727,1.8383924784453733,0.0016432116003676227,-0.4969574155473981,-4.014802038217362,2.4106060483897656
cos_theta1_minus_theta3,316,3.16,0.0007756508131039091,0.0005131140715017477,1.5116537553409644,0.000519696207132137,-1.1438460339672663,-4.5879577128547036,1.0236003795659108
cos_theta1_minus_theta3,335,3.35,0.0007814090737964383,0.0006225160414312434,1.255243273731356,0.0009281062367483051,nan,-5.6402494682123585,1.2232947419301132
cos_theta1_minus_theta3,355,3.5500000000000003,0.0007589932683386895,0.0005788574923414705,1.3111919226761188,0.00118787537206176,0.14332607866378852,-2.9591837938613725,2.784836322344009
cos_theta1_minus_theta3,376,3.7600000000000002,-2.507581283959207e-05,0.0005528658927507017,-0.045356049574393355,0.00021208348726474942,nan,-4.668255205737729,0.9304779924630912
cos_theta1_minus_theta3,398,3.98,0.0008723841102282073,0.0006534540804008923,1.3350350642741446,0.001138189605473638,-0.15897636451349972,-2.8101210442915763,2.609939013491996
cos_theta1_minus_theta3,422,4.22,-0.0005848529122072437,0.0006697936354357505,-0.8731837408797615,-0.000281533292972989,nan,-3.0772097435131296,3.3885379373164164
cos_theta1_minus_theta3,447,4.47,0.0006557205142988647,0.0005954225975901594,1.1012691102970356,0.0009374256631249941,nan,-4.093024398774841,1.3596508665265374
cos_theta1_minus_theta3,473,4.73,-1.0475382712617508e-05,0.0006332758067432023,-0.016541580463163577,-0.0002956228781744155,nan,-1.986106060826808,2.95829139355222
cos_theta1_minus_theta3,501,5.01,-0.0010286192012981552,0.0005537789515060607,-1.8574544924481438,-0.0007557518418726353,nan,-3.823667295383959,1.604616387814323
cos_theta1_minus_theta3,531,5.3100000000000005,7.392888668746592e-05,0.000651152584680878,0.1135354269133364,0.0005037781591825935,nan,-2.9875624605322724,1.9967845080104367
cos_theta1_minus_theta3,562,5.62,-0.00017325347747960466,0.000566153383136284,-0.30601862081940295,-0.0005048376748674199,nan,-1.2525576978874329,3.0067230933266584
cos_theta1_minus_theta3,596,5.96,-0.0007874713064449568,0.0005763788767135095,-1.3662390109351132,-0.0004884733295867853,nan,-2.8094868213388677,2.0473277652226494
cos_theta1_minus_theta3,631,6.3100000000000005,0.0005960521822038162,0.000633077225152855,0.9415157559330946,0.0006638166043275392,nan,-1.5692241901318618,2.592824124272513
cos_theta1_minus_theta3,668,6.68,-0.0009184703358042764,0.0006466771216045366,-1.4202919898037618,-0.0009289389921746262,nan,-1.4081087588970915,2.3818854411779973
cos_theta1_minus_theta3,708,7.08,0.0003820608477727893,0.0005917485076050299,0.6456473364319842,0.00024262952909722595,nan,-2.481938450018941,1.3040659879090999
cos_theta1_minus_theta3,750,7.5,-0.00010152236361975356,0.0007278082402840519,-0.13949053885420562,-0.000215219265049166,nan,-1.943241646868109,2.210060622912764
cos_theta1_minus_theta3,794,7.94,-9.141701948743232e-05,0.0005801808325972303,-0.15756642472691837,9.294105257358557e-05,0.23342740298743075,-1.2852665966921106,1.889102012507235
cos_theta1_minus_theta3,841,8.41,-0.00011814225068464663,0.0006416152521949285,-0.1841325471620085,-0.0002785953753791074,nan,-1.449496338136599,1.8369057692661268
cos_theta1_minus_theta3,891,8.91,0.0005856673877592515,0.0006306279040245735,0.928705158813318,0.0007925762166439888,nan,-1.848003090277332,1.7571923511272982
cos_theta1_minus_theta3,944,9.44,0.0005161296137996845,0.0005837355564132842,0.8841839564665224,0.00014790817870468542,nan,nan,nan
cos_theta1_minus_theta3,1000,10.0,8.763211511534116e-05,0.0005888165116488443,0.1488275436942957,-0.0004132854794232836,nan,nan,nan
I2,0,0.0,2.5473509677288475,0.020286875847719665,125.56644930693857,2.555958683610529,nan,nan,nan
I2,1,0.01,2.537706897299389,0.020193626081908098,125.66870788862309,2.5462757237177938,nan,nan,nan
I2,2,0.02,2.5094169302920393,0.019923197188026875,125.95452961737027,2.517869916882615,-1.4607914185460507,-1.4726466015713564,-1.4485795488865219
I2,3,0.03,2.4638385670412397,0.019495937406926334,126.37702489575649,2.472102783010938,-2.152646909316,-2.170331855224548,-2.13421610043638
I2,4,0.04,2.402770210956401,0.01893895316774681,126.86921973323943,2.4107776128048286,-2.807204268254249,-2.830597792838802,-2.7824945771965486
I2,5,0.05,2.3283386803851776,0.018283924743966812,127.34348412550017,2.33602722326332,-3.4197607797381897,-3.4488607106964655,-3.388944606623259
I2,6,0.06,2.2428833697273105,0.017565039456814095,127.69019820545962,2.2501983826281675,-3.9858952915485886,-4.021426355470824,-3.9484330833300123
I2,7,0.07,2.148844155985283,0.016816893486618755,127.77890028827997,2.155740513791883,-4.501314538360677,-4.543524034974459,-4.457038938719227
I2,8,0.08,2.0486612163546165,0.016072462716475555,127.4640515578596,2.0551058199248198,-4.961727989024247,-5.011876798172626,-4.910137901047393
I2,9,0.09,1.9446896843463786,0.01536151613271631,126.59490557736423,1.9506624558049477,-5.362728923934554,-5.420644591861245,-5.302273129286148
I2,10,0.1,1.8391309259326087,0.01470938395206415,125.0311319580808,1.8446236119357435,-5.699745603226827,-5.766276857894715,-5.627843970942038
I2,11,0.11,1.7339827648137627,0.01413567276783577,122.66715516782881,1.7389975350376359,-5.968103405775518,-6.04418620000146,-5.88625810085647
I2,12,0.12,1.6310054913408367,0.013653606659579095,119.45601861882818,1.6355534840692518,-6.163186811158419,-6.2506970089890705,-6.072203318606076
I2,13,0.13,1.5317000813319088,0.013269761764892312,115.4278508137436,1.5358001754461819,-6.280710039782337,-6.3793605515903655,-6.176614786232558
I2,14,0.14,1.4372990099266085,0.012984506977588092,110.69338346134039,1.4409777676479145,-6.317085491124311,-6.427376537725118,-6.203308143016182
I2,15,0.15,1.3487692866878984,0.01279272904092621,105.43249078229877,1.352060486037229,-6.26983888680578,-6.391870438742695,-6.145073871264297
I2,16,0.16,1.2668243673364257,0.012685050028337806,99.86751053455836,1.2697679881593977,-6.138097002378681,-6.273579352802408,-6.003991335787456
I2,17,0.17,1.1919429745012322,0.012649399569557957,94.22921364344928,1.194584379222315,-5.923115003959899,-6.066387391923839,-5.780559329007821
I2,18,0.18,1.1243912573594754,0.012672484903552838,88.72697548404598,1.1267808580486682,-5.628706576003422,-5.778629818785872,-5.478246984646807
I2,19,0.19,1.064247457807104,0.012741097729193204,83.52871003953084,1.066439133388404,-5.261577163980795,-5.41543217069018,-5.109949930815629
I2,20,0.2,1.0114298348583826,0.012843048824008354,78.75309427833447,1.0134788787770987,-4.831353308442835,-4.9869305178840815,-4.679206916121403
I2,21,0.21,0.9657228803744825,0.012967712790738257,74.47133476492607,0.9676834291890034,-4.084537445661824,-4.23771214955951,-3.938321149171835
I2,22,0.22,0.9268047625810107,0.01310636110466756,70.71411776156147,0.9287268384209888,-3.5613341897815585,-3.7079904830754145,-3.420868989517519
I2,24,0.24,0.8676568858435113,0.013400185442592982,64.74961779899195,0.8696229155727583,-2.7646432638282628,-2.9015567690531596,-2.6373667696328353
I2,25,0.25,0.8464520689067098,0.013546447925660038,62.48516759167087,0.8484821154963536,-2.2477865518882987,-2.3765438546422253,-2.1320388994441957
I2,27,0.27,0.8181112451798674,0.013823975035395116,59.18060782699354,0.8203019876909498,-1.300247943620033,-1.4063928082419621,-1.1977567549166495
I2,28,0.28,0.8098716174816185,0.013951909566149114,58.047367182380064,0.8121382469254209,-0.7344055142479765,-0.8280499870264129,-0.6420944193616546
I2,30,0.3,0.8025398146843772,0.01418108365339208,56.59227702901334,0.804905898458455,-0.22878557318412135,-0.3147935411059841,-0.13889462240518483
I2,32,0.32,0.8040369222322772,0.014370745028116916,55.94956424730576,0.8063998046417884,0.09377728192397032,0.009432451300718493,0.18074185588348843
I2,33,0.33,0.8069576507579304,0.014449325785625206,55.847425875103845,0.8092761621858983,0.40551012797800823,0.3295156163495389,0.4893371385105826
I2,35,0.35000000000000003,0.8152054341367526,0.014568982624469358,55.95486350347986,0.817357984518535,0.49458663664763175,0.4204618810370409,0.5726727088942676
I2,38,0.38,0.829001759297611,0.014634912435879575,56.64548817287044,0.8307836566653618,0.4620199072310709,0.395726345013101,0.5351059072462032
I2,40,0.4,0.8364879559956984,0.014590657787168643,57.330380041626704,0.8380056353635199,0.32145514297585115,0.26220711726492996,0.3858364062247196
I2,42,0.42,0.8412197998431421,0.01447237617593886,58.12589374519696,0.8424981556711086,0.11545075062610011,0.0618790363639018,0.17327446281268866
I2,45,0.45,0.8418363714820714,0.014166523668333018,59.4243436986493,0.8428623379175894,-0.1389783800951608,-0.19271853336595252,-0.0829949999980041
I2,47,0.47000000000000003,0.8376604646110246,0.013896162615391065,60.279984323388064,0.8386245800682108,-0.3913495300421895,-0.44915848893422067,-0.3319651164326065
I2,50,0.5,0.8249429927261435,0.013448798832565764,61.339529499733075,0.8260132671518745,-0.6685471448761476,-0.7346383851805821,-0.6031373045643078
I2,53,0.53,0.8057749884418534,0.013031534840104936,61.83270031723791,0.8071964611327306,-0.8771139194425037,-0.9421142571119823,-0.8105578620306644
I2,56,0.56,0.7821491695576464,0.0127107505636666,61.53445979763009,0.7841006481604395,-1.0344235876913632,-1.0978222230636205,-0.9721429378035743
I2,60,0.6,0.7473906712378948,0.012447180206366771,60.04497877001911,0.7500733910426085,-1.1281895910706556,-1.1932542623626767,-1.0661602064844806
I2,63,0.63,0.7211442724993745,0.012336821159862997,58.454626451550425,0.7242170118574935,-1.1516085204329571,-1.2138589938829494,-1.089720979358377
I2,67,0.67,0.6880475783451228,0.012260950563629523,56.11698495760388,0.6914421779891908,-1.129220113559318,-1.1968327998327588,-1.0616604146741542
I2,71,0.71,0.6580653208450511,0.012232389158242684,53.79695759610622,0.6617952502574688,-1.0895702965383425,-1.1638390083271792,-1.0159598253459134
I2,75,0.75,0.6309363705051194,0.01220875662802035,51.67900300814054,0.6351971009086178,-1.045721094316316,-1.1231807793887563,-0.9727160093129351
I2,79,0.79,0.6057746004181094,0.012163524693800266,49.80255441310297,0.6105878163920382,-1.0210803349233837,-1.1035075073019391,-0.9396845318404952
I2,84,0.84,0.575987180331852,0.012033742203928346,47.86434432207001,0.5810785138620045,-1.0116116204476053,-1.0957278403515418,-0.9235998178201252
I2,89,0.89,0.5475806396697288,0.011766747094044922,46.536280187993164,0.5525958214331768,-1.0063367240712044,-1.093070552760121,-0.9201235635171201
I2,94,0.9400000000000001,0.5206087554593454,0.011392754906907108,45.69647637585136,0.5258485914790848,-0.9901146686154364,-1.0788378378004189,-0.8993631025607948
I2,100,1.0,0.4903783609390912,0.01095202296193302,44.77513995757182,0.496475404001566,-0.9566840695474447,-1.039919380104636,-0.8692851555701492
I2,106,1.06,0.46324690171052985,0.010664832422946248,43.436866454067925,0.4700367244220815,-0.9174353904043726,-0.9977049795114985,-0.8374690042389835
I2,112,1.12,0.439427349971254,0.010544390147319699,41.674041251494565,0.4462035617165406,-0.893562555363493,-0.9766132530413982,-0.8175120375024925
I2,119,1.19,0.4139064420227109,0.010544621756076672,39.25284866516755,0.42051880662121083,-0.8884501908743409,-0.9740052892110872,-0.8101719924832649
I2,126,1.26,0.38871677512546626,0.010502929854310429,37.010318122417615,0.3956690069033135,-0.8913821781859841,-0.9687773513378414,-0.8162728797971189
I2,133,1.33,0.36444608496071473,0.010200243860511939,35.72915412067644,0.37172628192730106,-0.9034531920140424,-0.9829978492757694,-0.8282129201678624
I2,141,1.41,0.3393294859262069,0.009802463205785645,34.616756911255386,0.34690880674243246,-0.9120874714892828,-0.9962706871435628,-0.8334527184237017
I2,150,1.5,0.3128017093437046,0.009620219917009723,32.515026895656824,0.3216655457927777,-0.9190960422641972,-1.022121707114113,-0.8227161418520578
I2,158,1.58,0.29031977939881753,0.00955560005156347,30.38216101890074,0.3000737051110794,-0.9474686047120474,-1.055528331534265,-0.8463094639605404
I2,168,1.68,0.26419699304270877,0.009567212677807226,27.6148343242707,0.2728366555200904,-0.9605103976430209,-1.0691247446252017,-0.8629925125536632
I2,178,1.78,0.23898676802809113,0.009543690385702033,25.041337089699738,0.24726732909833746,-0.9671100286222467,-1.0777243134259267,-0.8673870958420073
I2,188,1.8800000000000001,0.2171472125121637,0.009473288392312375,22.92205235600975,0.22579355244566335,-0.993586759302007,-1.1054497830645544,-0.8901079939109632
I2,200,2.0,0.19340700275566303,0.009502959725449633,20.352291111758024,0.20006583976331196,-0.9951802291660649,-1.1055936310340093,-0.8950858307103526
I2,211,2.11,0.17233714509857467,0.00882762519069786,19.52248100431082,0.177647119456477,-0.9375646439328899,-1.063395039537722,-0.8222728071170757
I2,224,2.24,0.15120329881746858,0.008022160507498965,18.848201637966053,0.15867434741266534,-0.9085537096553578,-1.0600414878748223,-0.7775650903250523
I2,237,2.37,0.13716284185897815,0.007794279841731025,17.597885198399005,0.14475294225525326,-0.9258608791331852,-1.1229113381589015,-0.7660118340334676
I2,251,2.5100000000000002,0.12168483701639117,0.007444890851786628,16.344744260043676,0.12822731377784316,-0.9396015083106041,-1.159740137042628,-0.7554465600868279
I2,266,2.66,0.10356808480458866,0.007821809445339037,13.240936835440829,0.10955305986270442,-0.946530871617388,-1.1923574245412556,-0.7495900053859071
I2,282,2.82,0.08767671934437776,0.007703168579130341,11.381903231601889,0.09344124323606501,-0.9841318444829118,-1.2584047602661654,-0.7679284668409067
I2,299,2.99,0.0762730531568067,0.0076134911410644735,10.018144336625925,0.08335057176642814,-0.9047115661737809,-1.2276488488541486,-0.6826067853053495
I2,316,3.16,0.06418366250462676,0.007396056496163805,8.67809251293816,0.07244104074176054,-0.8767648799244305,-1.1940670584031612,-0.6416872263723133
I2,335,3.35,0.055477539212894805,0.007130649627871113,7.7801521752034075,0.06089735812714022,-0.9146238272138772,-1.3532900505980714,-0.6161597930731095
I2,355,3.5500000000000003,0.046229496369340047,0.006817254384990416,6.781248543566713,0.052344011794024495,-0.7056895245158835,-1.135935080689737,-0.3979302757311078
I2,376,3.7600000000000002,0.03771505529081464,0.006951457407804016,5.425488941135429,0.04580469388275204,-1.165504619607888,-2.258773205197445,-0.6940245460202668
I2,398,3.98,0.035984320074418444,0.007258108472291353,4.957809629298411,0.04323594959055298,-0.9846492427766609,-1.9832717714424577,-0.5604837082317399
I2,422,4.22,0.02012553125890218,0.007344593512751585,2.740183132526055,0.022118127549311275,-2.012103920248641,-4.3914070986212534,-0.841142328025814
I2,447,4.47,0.018685367680065387,0.0066345642242064086,2.816366990900662,0.02226773009856648,-1.1480991927190853,-2.9990903706498777,-0.44135473328225483
I2,473,4.73,0.005356541673514762,0.006857018245992961,0.7811765232861917,0.011942422358642525,-1.2401639591194926,-3.111143727766666,-0.26880802311626295
I2,501,5.01,0.01102914287348204,0.007507078301833267,1.4691658232455984,0.02140559941640851,-0.9599906203280617,-2.7942614647244164,-0.04396598924479354
I2,531,5.3100000000000005,0.005208076040310986,0.006752211155780023,0.7713141547495553,0.0201101873484115,0.20924245180013082,-1.509206079630036,1.973057130642942
I2,562,5.62,0.006195055830244487,0.006955956027470528,0.890611701077309,0.018742644186779435,-0.4206604439949454,-1.8501724378200737,0.7952995420880954
I2,596,5.96,0.006928800930949217,0.007235858506505984,0.9575644582766948,0.015854008858401006,nan,-2.725150193378877,0.8820157906435367
I2,631,6.3100000000000005,0.0063832830164861675,0.00608365166164946,1.0492518920380574,0.015162410557548618,nan,-2.656181128644791,0.7581187284867658
I2,668,6.68,-0.0005230610290214023,0.0061894563064530716,-0.08450839671912112,0.008030471520344416,-0.11328081581110007,-1.6945576927266788,1.3924371101047566
I2,708,7.08,-0.0008267497721662471,0.005812179340762211,-0.14224436716328628,0.008528841587244916,-0.38989043572590654,-1.7906826024137625,1.2357148508995823
I2,750,7.5,0.005819616208690262,0.005844279778532617,0.9957798786545179,0.01166430472617901,nan,-1.886524436424767,1.6015089310585005
I2,794,7.94,0.0033809648730588086,0.006359855733363311,0.531610309228011,0.007744551011713743,nan,-1.5452630529927278,1.6004925749249403
I2,841,8.41,-0.002474957596167905,0.006134978438190018,-0.4034174889289559,0.0018968034513663279,nan,-1.913484419900539,0.6983368162777744
I2,891,8.91,-0.001831946440114778,0.006548064372571353,-0.27976915556732573,0.002941157694903507,nan,-1.6469840709135823,1.038103221351835
I2,944,9.44,-0.001096644162691129,0.006210822642499805,-0.1765698725941623,-0.0009156700351565806,nan,nan,nan
I2,1000,10.0,-1.0566373752982794e-05,0.005745386316513743,-0.0018391058792012421,0.0005471485253439323,nan,nan,nan
I1_plus_I3,0,0.0,3.091356790394519,0.014389242907236265,214.83804327466692,3.098497250956425,nan,nan,nan
I1_plus_I3,1,0.01,3.019526263850995,0.014164903646103186,213.1695590235573,3.0266639269923346,nan,nan,nan
I1_plus_I3,2,0.02,2.931689008706908,0.013772919883914828,212.8589313970221,2.9387650168928916,-3.2346654806462536,-3.251613725673505,-3.218811852440641
I1_plus_I3,3,0.03,2.82979450024046,0.013236712555337194,213.78378418434826,2.83676260499105,-3.803687426529334,-3.827103707316726,-3.78187958460723
I1_plus_I3,4,0.04,2.716171809701719,0.01260751378088656,215.44071709201955,2.722940867447462,-4.346174014936771,-4.375117019069828,-4.317974268727971
I1_plus_I3,5,0.05,2.5933551335661504,0.01191497976015759,217.65501794959408,2.5999007541594157,-4.8552002379372565,-4.891048461408861,-4.820989395539849
I1_plus_I3,6,0.06,2.4638662186780493,0.011183384485955239,220.31489856870425,2.4702232704062035,-5.325087008505575,-5.366144852409822,-5.284749806113206
I1_plus_I3,7,0.07,2.330297833033832,0.010451602901269433,222.96080850438722,2.3364337283525582,-5.749996206004657,-5.796601818410696,-5.70278852209941
I1_plus_I3,8,0.08,2.1950832780949403,0.009755593326411014,225.0076653105516,2.2009782207491235,-6.123260611050726,-6.176573064794421,-6.06999656567757
I1_plus_I3,9,0.09,2.0605081095451316,0.009121116172748437,225.90525879950997,2.066157067163444,-6.43841433839727,-6.497068696805545,-6.380013428616852
I1_plus_I3,10,0.1,1.9286134506692134,0.00856106303759089,225.27733322378754,1.9340532147100382,-6.688965269076137,-6.753777259497892,-6.623601476080458
I1_plus_I3,11,0.11,1.8012115308940193,0.008094606235827487,222.51996927555143,1.8065030651882787,-6.870305069325575,-6.939270135795947,-6.798577043687057
I1_plus_I3,12,0.12,1.6797775517086002,0.007731950969740517,217.25144899166028,1.68491654166107,-6.9756155443212915,-7.051218885966754,-6.895647557595811
I1_plus_I3,13,0.13,1.5653984695788115,0.0074666203846115355,209.65288027834487,1.570369050968064,-6.999991292139624,-7.081744300936456,-6.912625934819868
I1_plus_I3,14,0.14,1.4590371087859897,0.0072901312126587865,200.13866228532035,1.4638596453724877,-6.939246027929529,-7.028622581213746,-6.84443482749096
I1_plus_I3,15,0.15,1.3613268641419647,0.007194308802926363,189.22274556636074,1.3659793932398085,-6.791919539626297,-6.887405895861343,-6.692187282698885
I1_plus_I3,16,0.16,1.2726375193682,0.007177492842106529,177.3094794190965,1.27715593016211,-6.558300265192371,-6.663496052112304,-6.452019417283659
I1_plus_I3,17,0.17,1.1929910287122167,0.007215128715185796,165.34577216915196,1.1973680077245683,-6.242974663990885,-6.351183761013284,-6.131147978377385
I1_plus_I3,18,0.18,1.1223724377871298,0.007290070515380578,153.95906465090434,1.1266262347184117,-5.85310474535231,-5.964698960801885,-5.738365698346257
I1_plus_I3,19,0.19,1.0605004008068715,0.007390315289337002,143.4986680929564,1.0646833850951654,-5.397329977693562,-5.511707972795313,-5.281653016087794
I1_plus_I3,20,0.2,1.0069916724296852,0.007514072281772015,134.0141050908563,1.0112284437521832,-4.886901651928403,-5.006196017845843,-4.769069849176885
I1_plus_I3,21,0.21,0.9613376528883599,0.007656789701510131,125.5536184699911,0.9656866298069688,-4.04803413069145,-4.169711465604212,-3.9322551809491233
I1_plus_I3,22,0.22,0.9230873858470778,0.007817265149009983,118.08316185411495,0.927589813201133,-3.4818731804458776,-3.6028345058798674,-3.3654526234860653
I1_plus_I3,24,0.24,0.8661814779237902,0.008144493702926966,106.35178926008649,0.8711247388741453,-2.6554020040005604,-2.7699261986616537,-2.5410924018997396
I1_plus_I3,25,0.25,0.8460927303815586,0.00831443262497322,101.7619323584673,0.8512957496075358,-2.1346960684279126,-2.2514795491904875,-2.020763553521055
I1_plus_I3,27,0.27,0.8197517764474263,0.008643712101706912,94.83793152776876,0.8254922413706901,-1.226833634119911,-1.338925070636031,-1.1149202758493102
I1_plus_I3,28,0.28,0.8121151510995938,0.008813501660314357,92.1444372962911,0.8181071854479872,-0.7230302108410318,-0.8348140927365086,-0.6126827871912132
I1_plus_I3,30,0.3,0.8047119822429881,0.009145367512111783,87.99121316636621,0.8111710155414263,-0.288423944529403,-0.39515750658705473,-0.1783976286603338
I1_plus_I3,32,0.32,0.8043358044612667,0.009442624154741184,85.18138509806155,0.8110416492606467,-0.04131359923416146,-0.14569871713043933,0.06539071951257001
I1_plus_I3,33,0.33,0.8056876578400872,0.009576170720000488,84.13463809258887,0.8124555243000672,0.1604253692582373,0.0674324742052836,0.2639776562872994
I1_plus_I3,35,0.35000000000000003,0.8097699458526046,0.009807663374891652,82.56502236054267,0.8165954975452834,0.1763561921557837,0.09182589232356235,0.270995239328509
I1_plus_I3,38,0.38,0.8151062370097604,0.009986157717884447,81.62360940384181,0.821732868121077,0.10348790992254378,0.02573237191838157,0.1896591462625953
I1_plus_I3,40,0.4,0.815764201613012,0.009955983951899287,81.93707478379271,0.8220304947318129,-0.08990955786869954,-0.1598056844135312,-0.016430050114116523
I1_plus_I3,42,0.42,0.8132268167282258,0.009840895111545784,82.63748444733562,0.8190782496507755,-0.3340059042429664,-0.4029906181871607,-0.26608547127877713
I1_plus_I3,45,0.45,0.802521972003597,0.009558555782898274,83.95849647489972,0.8078548809672453,-0.6022187548717977,-0.6718374489417004,-0.5325080331356428
I1_plus_I3,47,0.47000000000000003,0.7909683272186918,0.00933282789847923,84.75119608147696,0.7961218404550974,-0.8621134312089742,-0.9363764543090441,-0.7873227389559128
I1_plus_I3,50,0.5,0.7680873541835177,0.008980834796587732,85.52516236857541,0.7733410811984983,-1.1382556048732766,-1.2173879460547383,-1.0554933050883304
I1_plus_I3,53,0.53,0.739650354464353,0.008718083707957043,84.84093285193741,0.7454278703559476,-1.33344235740016,-1.4109491849784959,-1.2552307884328597
I1_plus_I3,56,0.56,0.7080757769359642,0.008541333514410193,82.89990968522193,0.7145400238219326,-1.4736194374831328,-1.5479168789810036,-1.3970500057556512
I1_plus_I3,60,0.6,0.6650820517010789,0.008371475481875154,79.44621627824502,0.6722246176004999,-1.5372455940845824,-1.6144364916193639,-1.4589936698509218
I1_plus_I3,63,0.63,0.634180073830785,0.008278567869480355,76.60504616610608,0.6411483992183493,-1.520516708759074,-1.6046031985205793,-1.435609482105056
I1_plus_I3,67,0.67,0.5964307836871569,0.00832467940851951,71.64609643426836,0.6028148107950342,-1.4561626455985603,-1.5504483878407593,-1.3619016075168142
I1_plus_I3,71,0.71,0.5636726139409285,0.008465433699068574,66.58520212649562,0.5695919988334082,-1.3858042036604257,-1.481348913603475,-1.2892167175996567
I1_plus_I3,75,0.75,0.5345824753061561,0.008619335434272134,62.02131003981507,0.5404247030703402,-1.314453863944277,-1.4102842872705932,-1.2135537033423813
I1_plus_I3,79,0.79,0.5080623974428604,0.00868627925282703,58.490221492419415,0.514355660911197,-1.267374945755534,-1.3654393170090338,-1.1631700963805975
I1_plus_I3,84,0.84,0.4769950152043106,0.00866863733928225,55.02537440836175,0.4839727595948064,-1.2338401387638365,-1.333017508614081,-1.1293267580706556
I1_plus_I3,89,0.89,0.44869623452775115,0.008544954025949101,52.51008175879726,0.45595848745808276,-1.1911582000600662,-1.2918331952571147,-1.0914126180179702
I1_plus_I3,94,0.9400000000000001,0.422866444798939,0.00834746017644298,50.65809669775878,0.4302458106052682,-1.1282611712842587,-1.2262423834860823,-1.025285489883986
I1_plus_I3,100,1.0,0.3956227270366249,0.008197702089434732,48.260198128754496,0.40342781746264467,-1.0609878712697185,-1.1585508140653566,-0.9600339926292084
I1_plus_I3,106,1.06,0.37214686801360997,0.008078061136798492,46.068835294938076,0.37968209821830606,-1.0103826869164303,-1.1084747430550137,-0.9114088682692111
I1_plus_I3,112,1.12,0.3515383856653712,0.007864528832581997,44.69923032248048,0.35793230387600034,-0.9916904542293492,-1.1096534276720098,-0.8781371206672551
I1_plus_I3,119,1.19,0.32847499756901544,0.007638306674631903,43.00364093260826,0.33434532171551484,-1.0019146294039893,-1.1290842339204268,-0.8826965603010962
I1_plus_I3,126,1.26,0.305705288850921,0.007524240049939343,40.62939071878568,0.31176241088970036,-1.0273156087840767,-1.147143551602907,-0.9137141209115888
I1_plus_I3,133,1.33,0.2839424659362671,0.007407564207255504,38.33142150265175,0.2887998860337781,-1.0501178305112415,-1.1689779999037078,-0.9472493600481767
I1_plus_I3,141,1.41,0.26096789290024325,0.007376742898993839,35.377116496202994,0.2639478985703034,-1.0677175781497417,-1.1842728677080856,-0.9613216952910979
I1_plus_I3,150,1.5,0.2372048696580621,0.007099324470126332,33.41231558808314,0.24130927522346768,-1.0502143753007394,-1.1811500126263774,-0.9342992266867494
I1_plus_I3,158,1.58,0.2172289582670116,0.006853772999526834,31.694799095623463,0.22240956409292387,-1.0142030438166476,-1.1528177336020944,-0.8776511657050323
I1_plus_I3,168,1.68,0.19660499249201233,0.007112198316438935,27.643350725694063,0.20119334841228306,-0.9969351399498853,-1.1517873800554776,-0.84564318436886
I1_plus_I3,178,1.78,0.17931468118737448,0.007234390981330615,24.78642385380079,0.1849089387658585,-0.9064751335902588,-1.0697865170779948,-0.7454927003719217
I1_plus_I3,188,1.8800000000000001,0.16240428997609271,0.007235808942047032,22.44452434783996,0.16967244692082364,-0.9261569103552363,-1.0838400069642304,-0.777804505461591
I1_plus_I3,200,2.0,0.1484476466719235,0.0072987924414181235,20.338658464862547,0.15545476021925836,-0.9338953020590006,-1.102788934705615,-0.7831893947239301
I1_plus_I3,211,2.11,0.13201943282191886,0.006605651975040474,19.9858293050793,0.13947345213459478,-0.8786222010308959,-1.0493383204422828,-0.713880589549989
I1_plus_I3,224,2.24,0.11669345093261724,0.006411891667027251,18.199535642922033,0.12372132549796841,-0.8833641264112303,-1.0681683126689268,-0.7085956913256939
I1_plus_I3,237,2.37,0.10559003116637788,0.006611744010833349,15.970072494241839,0.10998938606853348,-0.8316673637092522,-1.0557191378831035,-0.6305980602010031
I1_plus_I3,251,2.5100000000000002,0.0946055974481612,0.006308878138171543,14.995629234895963,0.09836733345807616,-0.8692188062159305,-1.1388913711200583,-0.6220596020242944
I1_plus_I3,266,2.66,0.08355725454511984,0.006398204656300068,13.059484501303688,0.08862522037771224,-0.8178916715068095,-1.102135756073536,-0.5629259218230368
I1_plus_I3,282,2.82,0.07048525304585672,0.006852198002582558,10.286517263408207,0.07631323675680438,-0.724185299602474,-0.9840027825857179,-0.4755261236394209
I1_plus_I3,299,2.99,0.06359094771229334,0.006445345041893192,9.866182073879285,0.06771950178969091,-0.6320670302001254,-0.9465335597971669,-0.37777242072502
I1_plus_I3,316,3.16,0.059086129368401505,0.006001167816953293,9.845771884846021,0.06563072722989986,-0.8576410560040388,-1.3289260450309488,-0.5165699972636713
I1_plus_I3,335,3.35,0.05402278106742846,0.006127792643159776,8.816026294188013,0.05913534076516982,-1.0188624061985714,-1.6720559278554088,-0.6129063395879792
I1_plus_I3,355,3.5500000000000003,0.03768738942175343,0.005988502877705197,6.293290692413476,0.04274567753285951,-1.025333130048211,-1.8763584698095506,-0.5597983322352016
I1_plus_I3,376,3.7600000000000002,0.029018892281870504,0.00621052930919426,4.67253125090482,0.03711860780656725,-1.8346845306316732,-4.10034781722526,-1.008188214821775
I1_plus_I3,398,3.98,0.025488389444343857,0.006747916467250672,3.7772236168075572,0.03292034029837091,-1.5303927580319798,-3.7974013148063914,-0.7122003187565746
I1_plus_I3,422,4.22,0.010948804668075053,0.006174633790049969,1.773190935747211,0.01877674915486305,-1.776022875179616,-4.504230101410984,-0.6111582030224871
I1_plus_I3,447,4.47,0.00921990010591961,0.006268900446011161,1.4707364051037275,0.017056484594109196,-0.47826284339745895,-1.527533973836614,0.22282849507717456
I1_plus_I3,473,4.73,0.005182071537025501,0.006157402086161054,0.8416003152810765,0.014468843986007571,-0.6469135735194661,-2.822121986731977,1.151784256404061
I1_plus_I3,501,5.01,0.015574147123824301,0.005939152400072526,2.62228447339289,0.024635715608354144,-1.5822161052729373,-2.992130537282059,0.7328587840886056
I1_plus_I3,531,5.3100000000000005,0.005409163676357684,0.006895618316793208,0.7844349016801736,0.011388164125286416,0.10181318533815156,-1.616764609563571,1.7874944655948353
I1_plus_I3,562,5.62,0.0014945358373517216,0.007239086837844784,0.2064536412988622,0.00746030637908004,-1.1276261960103042,-2.810360565708068,-0.02254297567846328
I1_plus_I3,596,5.96,0.005873408354352178,0.0072430694623289065,0.8109004593839235,0.009314574284241888,-0.424627724186396,-2.0421753462351484,1.3576044657312476
I1_plus_I3,631,6.3100000000000005,0.003595554599863068,0.006411000622125532,0.5608414055450492,0.008973261447762037,nan,-2.3953486418722942,1.8491989408017542
I1_plus_I3,668,6.68,0.003023316810379403,0.0070254146421078354,0.43033998196472534,0.009273792241763152,-0.6358750828293374,-2.2481895247612735,1.2995027285335572
I1_plus_I3,708,7.08,-0.0011125962117690567,0.006548473789394353,-0.16990160571016916,0.004620030787512758,nan,-1.9628615604379074,1.5678413096314632
I1_plus_I3,750,7.5,0.002206014463749443,0.007597910971515777,0.29034486874348636,0.009517302785868246,nan,-2.2546258874897127,1.0000044940812531
I1_plus_I3,794,7.94,-0.0004379407230366318,0.006930499179914584,-0.06319035781806835,0.0030899718169934685,nan,-1.7485312216687976,1.5213319494232165
I1_plus_I3,841,8.41,-0.0032774813369705526,0.006769569448778506,-0.4841491562749146,-0.002887107443169179,nan,-1.69885413648078,1.103426241742635
I1_plus_I3,891,8.91,-0.004262502279645789,0.007183256173054073,-0.593394162334812,-0.0023703770756794426,nan,-1.440747484756842,1.3812282106835352
I1_plus_I3,944,9.44,-0.0002388439613740758,0.006596567459839253,-0.03620730976044563,-0.0025400777219404787,nan,nan,nan
I1_plus_I3,1000,10.0,-0.001356300983650945,0.006771849073823246,-0.20028517600809514,9.198544618553703e-05,nan,nan,nan
I1_minus_I3,0,0.0,5.106234412399814,0.034905345163055455,146.2880366473029,5.119498608515604,nan,nan,nan
I1_minus_I3,1,0.01,5.034191935089707,0.034661372153959195,145.23925690906833,5.047449326188949,nan,nan,nan
I1_minus_I3,2,0.02,4.9454657719820405,0.03422934869083574,144.4802767546113,4.958693895934471,-1.9457614433229242,-1.9552459026411206,-1.9363297445990513
I1_minus_I3,3,0.03,4.841501080417529,0.033614969883628894,144.0281248853782,4.85462795781089,-2.2857722387680077,-2.296898686232299,-2.274786205714991
I1_minus_I3,4,0.04,4.723886015517569,0.03286258144889919,143.74665066599042,4.736772382092425,-2.6146829766351414,-2.628222505808874,-2.6011297855365774
I1_minus_I3,5,0.05,4.594326323032043,0.032004114612733135,143.55423915411637,4.606939625500686,-2.9331734259634805,-2.949024872114932,-2.9175948698762446
I1_minus_I3,6,0.06,4.454361961134471,0.03105321020540679,143.44288180417834,4.466663393551235,-3.2414778160379187,-3.2597014314445345,-3.222986351471545
I1_minus_I3,7,0.07,4.305519809799196,0.03002891750776736,143.37912143138422,4.31745904712035,-3.540465165404883,-3.561456256973574,-3.5185935354608744
I1_minus_I3,8,0.08,4.14943697596185,0.02896043960370775,143.2794885969412,4.160951373963544,-3.8317335723851977,-3.855932447659542,-3.8067780333077157
I1_minus_I3,9,0.09,3.9876557526291574,0.027862360196352395,143.11981198029312,3.9987264099922664,-4.115238893453999,-4.143364120847315,-4.0868840106999755
I1_minus_I3,10,0.1,3.8213909874175536,0.026747690237051733,142.86807397388068,3.8319592844449764,-4.393188402761773,-4.425840350662928,-4.36066509987314
I1_minus_I3,11,0.11,3.652048782710503,0.02564294749190514,142.4192278934926,3.6621226244357286,-4.668519072062043,-4.706152999640759,-4.631158303842962
I1_minus_I3,12,0.12,3.4807407157318697,0.02456274941065584,141.7081067570494,3.4902682042973447,-4.939975634659021,-4.982793464759541,-4.897441519960576
I1_minus_I3,13,0.13,3.308393634149967,0.023508769149452508,140.73019361913364,3.317332904038851,-5.211100065424796,-5.259600364166548,-5.162861946143631
I1_minus_I3,14,0.14,3.1362112521377536,0.022494312760898222,139.42240803148331,3.1445383713462243,-5.483506118134945,-5.538887458211624,-5.428558052006005
I1_minus_I3,15,0.15,2.964903002749132,0.02153815602936854,137.65816343359722,2.972606311286441,-5.7590785961775515,-5.821592545559439,-5.696520660417285
I1_minus_I3,16,0.16,2.7952033971829326,0.020636566270676015,135.44905487279823,2.802272363613985,-6.040850098772657,-6.111111031961813,-5.970929848152502
I1_minus_I3,17,0.17,2.6276755151634608,0.019796915599667318,132.73156123409538,2.6341276553370987,-6.330066273537118,-6.410964541767537,-6.25031135044113
I1_minus_I3,18,0.18,2.4630033021324373,0.019035152897566097,129.39235715029983,2.4688683790895807,-6.629253169318584,-6.720185699537415,-6.539884229606496
I1_minus_I3,19,0.19,2.301685468364976,0.01834648314793137,125.45649483914846,2.307062005781789,-6.9402317319371,-7.040893507101971,-6.838041925333024
I1_minus_I3,20,0.2,2.144131872444984,0.017720725624775863,120.99571529098169,2.1491435352617083,-7.266436833924896,-7.3806841849088425,-7.153510401069441
I1_minus_I3,21,0.21,1.9907079944359178,0.017162167085409585,115.99397584983997,1.9953664376213809,-7.799671569864642,-7.937313422261591,-7.664782202896249
I1_minus_I3,22,0.22,1.8417643286773266,0.016668562368499066,110.49329198047509,1.8460518578135547,-8.180781332385672,-8.335357210374044,-8.027533428550768
I1_minus_I3,24,0.24,1.5583975603149969,0.01588167946857693,98.12548876826288,1.5621144359392192,-8.824692773071863,-9.012654128348338,-8.6324580119101
I1_minus_I3,25,0.25,1.4243216743213842,0.015589497640888695,91.36418036881587,1.4278418957280758,-9.290612402919495,-9.508508940604735,-9.068748369583693
I1_minus_I3,27,0.27,1.1723482459225942,0.015149109582509982,77.38727081861623,1.1756209265300515,-10.37053216314758,-10.667217745774858,-10.076805030505199
I1_minus_I3,28,0.28,1.0547325654201214,0.0149978392339227,70.3256348444172,1.0579839332147716,-11.412855764899918,-11.794015707393045,-11.036856016141037
I1_minus_I3,30,0.3,0.8364622890586048,0.01481805459842298,56.448859970297704,0.8398351489795074,-12.580518219258439,-13.079777247139123,-12.097996870585387
I1_minus_I3,32,0.32,0.6406934195079862,0.014729582566992739,43.49705204434678,0.6442897458883448,-14.268275075861247,-14.99656242833765,-13.586299228594836
I1_minus_I3,33,0.33,0.5511091979989534,0.014708668622750012,37.468326476983,0.5548750950011477,-18.904993100360475,-20.62177582242899,-17.472235859108473
I1_minus_I3,35,0.35000000000000003,0.38848838253370915,0.014712996876912573,26.404435872838363,0.3927748584885713,-27.157025639790845,-33.01876066434439,-23.492672509760858
I1_minus_I3,38,0.38,0.1843400204612883,0.014750559796596844,12.497154209958735,0.18934769825116418,nan,-87.84994086383168,-37.12099352155019
I1_minus_I3,40,0.4,0.07296566635620831,0.014747076997009424,4.947805342781156,0.07828042309081165,nan,nan,nan
I1_minus_I3,42,0.42,-0.020206543930951743,0.014717950187483444,-1.3729183530010824,-0.014612965362932325,nan,nan,nan
I1_minus_I3,45,0.45,-0.12917655875839634,0.014616318743697936,-8.837831264051554,-0.12349152610694207,nan,nan,nan
I1_minus_I3,47,0.47000000000000003,-0.18341092926878808,0.014487934291358015,-12.659563853640048,-0.17784509290457462,nan,nan,nan
I1_minus_I3,50,0.5,-0.2409614054124742,0.01424843525582593,-16.91142929634673,-0.2361362561341217,nan,nan,nan
I1_minus_I3,53,0.53,-0.27443488477329286,0.013962494382179483,-19.65514737277587,-0.2709861558327677,nan,nan,nan
I1_minus_I3,56,0.56,-0.2877881587130466,0.013672460681851765,-21.0487464846064,-0.28595634491572036,nan,nan,nan
I1_minus_I3,60,0.6,-0.281257212253047,0.013405779365171623,-20.98029548239147,-0.2813388747053908,nan,nan,nan
I1_minus_I3,63,0.63,-0.26368102721197717,0.013241204073696874,-19.913674447157646,-0.2649983614296918,nan,nan,nan
I1_minus_I3,67,0.67,-0.22958131678082644,0.0130374469366416,-17.60937688924284,-0.2318193656206089,nan,nan,nan
I1_minus_I3,71,0.71,-0.18847439921835024,0.012896575980431094,-14.61429758598996,-0.1909812706295402,nan,nan,nan
I1_minus_I3,75,0.75,-0.14521830981721115,0.012762385454035187,-11.378618075768609,-0.14745489495846414,nan,nan,nan
I1_minus_I3,79,0.79,-0.10286656997736471,0.012482409545501493,-8.240922524003913,-0.10445782285968272,nan,nan,nan
I1_minus_I3,84,0.84,-0.05466053864064509,0.011927974733578333,-4.582549834446807,-0.05460891749363016,nan,nan,nan
I1_minus_I3,89,0.89,-0.0149207499248625,0.011288631826138026,-1.3217500716353032,-0.01326923069297421,nan,nan,nan
I1_minus_I3,94,0.9400000000000001,0.014369516579299677,0.010786578131370897,1.3321663649298032,0.018105950661979738,nan,nan,nan
I1_minus_I3,100,1.0,0.0372326688731323,0.010414869752742724,3.5749529045552575,0.043037827415583964,nan,5.391880148994512,22.855357643163835
I1_minus_I3,106,1.06,0.047411823065340475,0.01044375234758495,4.539730691364407,0.054449797247719985,4.588094889030678,0.7045273222747893,14.273314546842707
I1_minus_I3,112,1.12,0.048860887766471676,0.010944753587995003,4.464320495992329,0.05627558819471061,0.1579202834679904,-2.911678916954102,2.7397363436879765
I1_minus_I3,119,1.19,0.04524683761830374,0.011894484321420835,3.804018433722132,0.05313017860318548,-1.6100265814305788,-5.886286301680707,0.6028520967636367
I1_minus_I3,126,1.26,0.03879323381097236,0.012371953875854165,3.1355785998106187,0.04616272247940526,-2.8435824528972202,-8.643876150786499,-0.3270703590008366
I1_minus_I3,133,1.33,0.030696985339777397,0.012479508565870285,2.4597911991285755,0.036207290435033936,-3.713166293915936,-10.996527733199397,-0.6419140937332656
I1_minus_I3,141,1.41,0.0214202840075414,0.0122598863442551,1.7471845501715275,0.025145060052712834,-4.183003233838841,-11.561982396365908,-0.27293757956454195
I1_minus_I3,150,1.5,0.014311325684467113,0.012114544679758,1.1813341782774287,0.01761949374286999,-3.7329370559735318,-10.565050292998336,1.4422559246195041
I1_minus_I3,158,1.58,0.010172467543519512,0.01214931120495016,0.837287593668257,0.013872896647832967,-1.4829976834317382,-6.898383545907487,3.7219945102118657
I1_minus_I3,168,1.68,0.008311469952202905,0.012426818747929579,0.6688332807290419,0.011300595508150088,0.25605556352005515,-6.223875425897114,5.745963808028738
I1_minus_I3,178,1.78,0.01237439206330962,0.012852570744445931,0.9627950944099685,0.015393015765981729,0.9929746114329382,-5.088751968576343,7.05320294641661
I1_minus_I3,188,1.8800000000000001,0.01577383167438779,0.012357256898343015,1.2764832684269034,0.01756690972691368,1.4892226007157976,-4.058022784860992,7.2826717575020234
I1_minus_I3,200,2.0,0.015436489381517893,0.011146595995006676,1.3848612965279223,0.012943523117878913,1.0306081580893691,-3.83531217251702,5.82803090906591
I1_minus_I3,211,2.11,0.015768309548379014,0.01089644234989919,1.4471062244022146,0.009927717634237854,0.5615194481079515,-4.2940529149119495,5.747668334612685
I1_minus_I3,224,2.24,0.019879895283240627,0.011812981087209556,1.6828855592400365,0.012392703532757609,0.4139288697914955,-3.6946568820421364,5.01376665862592
I1_minus_I3,237,2.37,0.02076973488352497,0.011723693537410117,1.7716033617945643,0.014309650934188586,-0.47793098041965243,-5.0294804157469315,4.108919550160362
I1_minus_I3,251,2.5100000000000002,0.01906468881149508,0.010809410643577842,1.7637121430687728,0.01898148081951462,-2.614591734697182,-6.430479735036687,2.3127647386549812
I1_minus_I3,266,2.66,0.012123432642334755,0.010061578933752034,1.2049234739555774,0.01744876355275874,-2.7298498600047663,-6.191817317543372,2.232923425305713
I1_minus_I3,282,2.82,0.004363374507659508,0.009652363455902244,0.4520524457656414,0.00906325366509702,nan,-8.12241625721409,0.33712273604047144
I1_minus_I3,299,2.99,0.003822826078462748,0.010257411141641819,0.3726891732888909,-0.0007433607447434462,nan,-5.660974827317636,2.44885468772488
I1_minus_I3,316,3.16,-0.006549962473333511,0.00891695380085343,-0.7345515766501585,-0.02205129641933196,nan,-4.8097892240898,3.9940619820055034
I1_minus_I3,335,3.35,-0.006545789834356223,0.009650271480262044,-0.678301107667748,-0.023337150731447827,nan,-4.899455678785544,3.2423784972500234
I1_minus_I3,355,3.5500000000000003,-0.0005550408625092809,0.00942514158512672,-0.05888939253550943,-0.009251889668651163,nan,-2.9933363406413473,4.926003331456994
I1_minus_I3,376,3.7600000000000002,-0.0044297170349523966,0.010117668221267638,-0.4378199539732881,0.003712907721825483,nan,-5.341215191838055,2.212855963795452
I1_minus_I3,398,3.98,-0.00404825724001068,0.010050552250095487,-0.40278953228388215,0.009675782044328961,nan,-3.586976598112012,3.2118787943516094
I1_minus_I3,422,4.22,-0.017059129288677376,0.008828581710211045,-1.9322615850003366,-0.006766166558407321,nan,-2.835427824088052,3.727975499936673
I1_minus_I3,447,4.47,-0.005606165354785911,0.009821528132225773,-0.570803777101785,0.0034257284413860343,nan,-2.8099809533379854,3.0543745127659885
I1_minus_I3,473,4.73,0.0038322020553908935,0.009667314147003881,0.3964081436805878,0.013454079922485861,nan,-2.2665213721370803,4.268191236978041
I1_minus_I3,501,5.01,-0.0029783073654558933,0.010488875557156762,-0.283949156344384,0.00856073080623142,nan,-1.553880560534164,3.623030837150241
I1_minus_I3,531,5.3100000000000005,0.004291650113248241,0.009921957144870042,0.4325406823055224,0.004698180375530494,nan,-2.314507773169013,2.5203447088802484
I1_minus_I3,562,5.62,0.007089258792115861,0.009184529391992458,0.7718695743188148,0.0029632307826979315,nan,-3.2431671840071576,3.196791891546416
I1_minus_I3,596,5.96,-0.00018493206751093116,0.012593908308898916,-0.014684247572316948,-0.007720121882417277,nan,-2.4480362708420853,1.9365193452722202
I1_minus_I3,631,6.3100000000000005,-0.006751554042391545,0.00955915914443472,-0.7062916246479959,-0.011807185093616718,nan,-2.7094969915968594,1.6675464402255935
I1_minus_I3,668,6.68,-0.010375785878722626,0.010145729443626567,-1.0226751990947855,-0.01656317411786634,nan,-2.0530520549175524,2.125590879912509
I1_minus_I3,708,7.08,-0.007699339395813167,0.009095406812271193,-0.8465085239975739,-0.005193624195735994,nan,-1.3944872491386202,2.4777342875780293
I1_minus_I3,750,7.5,0.009012617585522516,0.011791384152298353,0.7643392386436494,0.001025318627772354,nan,-0.21625171900087434,2.727435867735751
I1_minus_I3,794,7.94,0.004984144615909582,0.011324908443064828,0.44010462786229265,0.0017610280772454687,nan,-2.084756554314107,1.4435308362996768
I1_minus_I3,841,8.41,0.024659347312634583,0.010101314470541056,2.441201824232857,0.02861080276836696,nan,-1.9227015188840557,1.1547220659476891
I1_minus_I3,891,8.91,-0.009533552705172985,0.009492458217641712,-1.0043291723375614,-0.007821925229899671,nan,-1.7295985301746533,1.0514168203441474
I1_minus_I3,944,9.44,-0.0068769452899366664,0.011479939458384011,-0.5990402052960573,-0.012028937137448355,nan,nan,nan
I1_minus_I3,1000,10.0,-0.0029900796436839214,0.009667797844833292,-0.30928239208910363,-0.0034159291690402807,nan,nan,nan
cos_even_sum,0,0.0,0.9995195767248324,0.0022262318845640673,448.97370469588554,1.000225099846565,nan,nan,nan
cos_even_sum,1,0.01,0.9418699275812309,0.002210422152121389,426.1040935901309,0.942373986654901,nan,nan,nan
cos_even_sum,2,0.02,0.8958997329929874,0.002193516804981972,408.4307587515157,0.8963057862210322,-5.28031516217654,-5.3111069261004955,-5.248963160596728
cos_even_sum,3,0.03,0.8519895569188791,0.0021960342518992943,387.9673352917947,0.8523003390109213,-5.109622624969447,-5.140519940747088,-5.078737165947894
cos_even_sum,4,0.04,0.8092129703548839,0.0021866361265967123,370.0720757844359,0.8095019038455648,-5.193849302709294,-5.227289481381706,-5.1593605573621835
cos_even_sum,5,0.05,0.767763911447874,0.0021685225929129687,354.0493024868786,0.7680158362151153,-5.276885423169261,-5.311526544450612,-5.241718266763682
cos_even_sum,6,0.06,0.7278351130375427,0.0021794775535484297,333.94935031679813,0.7281124042317878,-5.321591157184698,-5.3571029889602,-5.284272044615729
cos_even_sum,7,0.07,0.6898670188342045,0.002179714616071015,316.49419320668017,0.6902049992334676,-5.315215927749655,-5.35296269149924,-5.273003106768439
cos_even_sum,8,0.08,0.6540596056830169,0.002178280386470049,300.2641945204009,0.6543879262602661,-5.254445404049929,-5.2941873427201,-5.212231731658652
cos_even_sum,9,0.09,0.6207159946457237,0.0021813480559054223,284.556145437359,0.6211270676308099,-5.153479237223306,-5.195079006267083,-5.109038502135071
cos_even_sum,10,0.1,0.5898667791194798,0.002183730705668455,270.1188281083942,0.5903981549164874,-5.008627577643857,-5.053590175339378,-4.960970464380952
cos_even_sum,11,0.11,0.5613584687562749,0.002185674492443429,256.83534794273777,0.5620208219054788,-4.83311768097169,-4.878546957503332,-4.785834670532588
cos_even_sum,12,0.12,0.5353139431338322,0.0021903607204359615,244.39533549856813,0.5360438718347366,-4.624365321540876,-4.670951785205261,-4.574759418620244
cos_even_sum,13,0.13,0.5116030004742489,0.002193789327535364,233.2051642575063,0.5124017873378476,-4.38550286830064,-4.431029879910852,-4.33635524729232
cos_even_sum,14,0.14,0.4902532529974385,0.0021966251252060346,223.18476073674825,0.49114492840148427,-4.138981082901276,-4.18703237609032,-4.090411070935641
cos_even_sum,15,0.15,0.47103837603047916,0.0021898957603311824,215.0962546085952,0.47201491668295065,-3.8807466157053128,-3.9278918348205147,-3.832006980830669
cos_even_sum,16,0.16,0.4536355584884589,0.0021901522829955665,207.12512185134534,0.45469566853961596,-3.6278371729111347,-3.675559729507804,-3.5800222245656985
cos_even_sum,17,0.17,0.4380438720869925,0.0021885966837804152,200.14828466720917,0.43915137320731895,-3.380008279700935,-3.4283744302451393,-3.332711811752595
cos_even_sum,18,0.18,0.42403186831291934,0.0021906344827868005,193.56577815459661,0.4252293178039285,-3.132597912081583,-3.1793104644710697,-3.084425796827047
cos_even_sum,19,0.19,0.41147128536482636,0.002185859855245635,188.24229942161023,0.41276014759133695,-2.906805084088214,-2.9547306360693057,-2.8583237434905353
cos_even_sum,20,0.2,0.40021032626874103,0.002182127033701307,183.40377076485206,0.4015547308733053,-2.6941635273599824,-2.7440093311555795,-2.643202375249233
cos_even_sum,21,0.21,0.38996105165252043,0.002162708411048589,180.31143248915737,0.3913452607488129,-2.421560487090482,-2.4727379899488704,-2.367588799931342
cos_even_sum,22,0.22,0.38071157689755875,0.0021479509751795916,177.2440718139422,0.38211145780711964,-2.2656752837332776,-2.319705003266712,-2.209872065988117
cos_even_sum,24,0.24,0.3645490874136495,0.002094070369411674,174.08635962700194,0.36594323591639993,-2.0767608920539202,-2.131268424172414,-2.0240180866109116
cos_even_sum,25,0.25,0.35734670050782863,0.0020660110809582436,172.96456142049658,0.3587984579534543,-1.9740699986992138,-2.027878259070688,-1.9213448409109735
cos_even_sum,27,0.27,0.34427515714178814,0.002032786102070786,169.36123126337657,0.3457459383298134,-1.8272887505842366,-1.8792068229573289,-1.7748557217958445
cos_even_sum,28,0.28,0.33818661973410996,0.002015031146176425,167.83195653120697,0.3396348185015151,-1.7628093809609928,-1.8159169592134052,-1.7111401495354754
cos_even_sum,30,0.3,0.3266939787406894,0.001983050912430618,164.7431120869518,0.32811044632488606,-1.7143409420080156,-1.7659611280031007,-1.6643080779342299
cos_even_sum,32,0.32,0.31586338802456343,0.001971216697434591,160.2377802682165,0.31723746002004416,-1.6920433692000705,-1.7410910382540226,-1.6418707802099037
cos_even_sum,33,0.33,0.310623247981891,0.001962926568934346,158.24496590849313,0.31195647239058427,-1.6673467775612847,-1.7159973952123173,-1.6169922453726902
cos_even_sum,35,0.35000000000000003,0.30041199123779566,0.0019455530339445688,154.4095617011871,0.3015800777079136,-1.6516598997227014,-1.7067391396696,-1.594747452679688
cos_even_sum,38,0.38,0.28589829785888143,0.0019216633758619556,148.7764722219586,0.2869707182788289,-1.6401430294867778,-1.6990990683438396,-1.5811889209759413
cos_even_sum,40,0.4,0.2767672808556436,0.0019354295932625574,143.00043867216914,0.27777463646951,-1.62621218203777,-1.6926019604175024,-1.561456203907522
cos_even_sum,42,0.42,0.2679948821521805,0.001958637134316188,136.82722412272886,0.2690210109917155,-1.6166991314550272,-1.6855424979012485,-1.5487772338185124
cos_even_sum,45,0.45,0.25532407444716915,0.002028750997267845,125.85283989559025,0.2563186708878107,-1.6186093765374925,-1.6865243471617248,-1.5526981919331215
cos_even_sum,47,0.47000000000000003,0.24718405568706076,0.002068149444082739,119.51943627395421,0.24813839913948993,-1.6224694810195752,-1.6862097057702345,-1.5616159643895304
cos_even_sum,50,0.5,0.23540703368654223,0.0020874903314191135,112.77035881000143,0.23637200710277118,-1.6194994541559142,-1.6834112012192688,-1.5581104320433923
cos_even_sum,53,0.53,0.2241905233405478,0.002072343431912803,108.18212844847665,0.22525510654472386,-1.6038406600864759,-1.670337833576104,-1.5388509690682792
cos_even_sum,56,0.56,0.21366057944325562,0.002088722074249995,102.29248882715787,0.21503370232730057,-1.580192362703585,-1.6488196965329047,-1.5097848190250363
cos_even_sum,60,0.6,0.20066441548094566,0.0021168195769640206,94.79523794311372,0.20235434348986678,-1.539301185574926,-1.6088900614924762,-1.467081811929932
cos_even_sum,63,0.63,0.1916922203773331,0.00214973865076617,89.17001157746022,0.19369341896994194,-1.488732335348877,-1.5612891183976445,-1.4151619809653424
cos_even_sum,67,0.67,0.18072816923989884,0.0021896633781577687,82.53696483335764,0.18290355239777925,-1.4426630283906818,-1.5209421991017178,-1.3682398536446971
cos_even_sum,71,0.71,0.17090004068748668,0.0021902140810626833,78.02892062704969,0.1730619568935986,-1.4154022596334468,-1.5008951796712238,-1.3309597644088087
cos_even_sum,75,0.75,0.161617831555837,0.002170411767655582,74.46413347196881,0.16363870527283803,-1.396765847962235,-1.480120258563724,-1.3160957433712956
cos_even_sum,79,0.79,0.15284536215382685,0.0021891325696225213,69.82005762226746,0.15470450946089884,-1.3830478085340345,-1.4640741750144934,-1.2987536248457483
cos_even_sum,84,0.84,0.1425287709645861,0.0021678043732294254,65.74798571526908,0.14432324429705595,-1.3518479168140625,-1.4316433702462728,-1.2668464539714932
cos_even_sum,89,0.89,0.13323709664378255,0.0021285343671690617,62.59569904008039,0.13484062241918077,-1.3182262837404453,-1.404343524932896,-1.2307513557646397
cos_even_sum,94,0.9400000000000001,0.12500870558922433,0.0021220564254255145,58.909227903380376,0.12640908417879773,-1.3030984522888145,-1.4003049443763087,-1.2113343879972818
cos_even_sum,100,1.0,0.11588510032967032,0.0021576671118893878,53.708516800904526,0.11686834755290362,-1.3206021143662432,-1.4180730320254313,-1.2317050319500766
cos_even_sum,106,1.06,0.10700357245470064,0.002205906110624455,48.50776374358459,0.10768128722332632,-1.3245941005724446,-1.4182890150908125,-1.2333674031541921
cos_even_sum,112,1.12,0.09833615246131718,0.002169786874227247,45.3206504423799,0.0988476210303325,-1.3213166571042605,-1.4215939551464838,-1.2239457490462238
cos_even_sum,119,1.19,0.08976856465015658,0.002169844992109601,41.370957361742406,0.09013991934954303,-1.3060164767464986,-1.4343400391100525,-1.1882605849849013
cos_even_sum,126,1.26,0.08219190804786528,0.0022074656741767605,37.23360639730783,0.08253529833645913,-1.2559339995946839,-1.4031093775561523,-1.122307323165233
cos_even_sum,133,1.33,0.0752065082140165,0.002374726637795404,31.669543355876556,0.07549608657283212,-1.1921136243346966,-1.3353581884335832,-1.0656682401690993
cos_even_sum,141,1.41,0.06831783613464368,0.0024466988299428633,27.922454246744817,0.06849119748302195,-1.1469728052431334,-1.281757614135479,-1.0115999918181091
cos_even_sum,150,1.5,0.06203381446102121,0.002371092605941986,26.1625439282986,0.06191709230463505,-1.1363603645771918,-1.2735783081479557,-1.0139495751803655
cos_even_sum,158,1.58,0.05694156447353566,0.0023995775308454943,23.729828997637025,0.05692308285270155,-1.094259779609448,-1.2466943778797392,-0.951529818342133
cos_even_sum,168,1.68,0.05052719190886676,0.0022950015523944003,22.016190732486077,0.050374200931276224,-1.062183721101698,-1.2101501078721428,-0.9276335992636608
cos_even_sum,178,1.78,0.04557205765705078,0.00214627863857643,21.23305745952796,0.04513006306741124,-1.0960021377244238,-1.2774429810649393,-0.9284632743894456
cos_even_sum,188,1.8800000000000001,0.041431846194919915,0.002160128119459053,19.180272605911643,0.041012744507005434,-1.1403581575116397,-1.367337271199246,-0.9470393150664245
cos_even_sum,200,2.0,0.035934745169066765,0.0021555896726869832,16.67049421528979,0.035665484224863604,-1.149471989485495,-1.3921315120475222,-0.9639340430465572
cos_even_sum,211,2.11,0.03094333526835492,0.002162799675489134,14.307074122043618,0.03026250772109917,-1.2181788634096555,-1.4749083332605262,-0.9983877756458308
cos_even_sum,224,2.24,0.02685729941011351,0.0020890918615798014,12.85596861681498,0.02545828403429015,-1.3357017517636653,-1.6369403288528557,-1.089417725201687
cos_even_sum,237,2.37,0.022808703003671986,0.002028249674755356,11.245510494867025,0.021705445118429548,-1.2711644587340682,-1.5920084077848282,-0.9904375913237877
cos_even_sum,251,2.5100000000000002,0.018183175910784485,0.0019086734641248582,9.526603818071948,0.01759065329463524,-1.2703026150304797,-1.683943308201149,-0.9441389616284941
cos_even_sum,266,2.66,0.015379219037222086,0.0018559663984303752,8.286367172503,0.014928222498964241,-1.206936033044548,-1.6804207932923818,-0.8512572566264103
cos_even_sum,282,2.82,0.012855376469613445,0.001942890372498948,6.616624721382938,0.0123582744937272,-1.3505919615107862,-2.410026653336211,-0.7496667098640686
cos_even_sum,299,2.99,0.010792396229312577,0.001772548426093531,6.088632654791628,0.010887273144594107,-1.3585975770177172,-2.7866997795690653,-0.693050098643181
cos_even_sum,316,3.16,0.00755804070859701,0.0020396494608113705,3.7055586530003195,0.007350151073631005,-0.9437313594558541,-2.3087548692234274,-0.26180630113472536
cos_even_sum,335,3.35,0.006022996282428133,0.0020566648693794176,2.9285258731752077,0.0067846460624018026,-0.6806168886631868,-1.8306588271855309,-0.09972426241835489
cos_even_sum,355,3.5500000000000003,0.006454891617835812,0.0021866909265423292,2.951899392587003,0.0064540868663185685,-0.7879034062333662,-2.837538306072454,0.011479123978945557
cos_even_sum,376,3.7600000000000002,0.006390208066049845,0.0021101409153747815,3.028332382681126,0.006293127021527283,-0.7201251046442907,-2.82763488286232,0.3031495576208147
cos_even_sum,398,3.98,0.003961137367174808,0.0020570036766340907,1.9256831731368038,0.004020515891080823,-1.958654833598537,-4.023722836536936,-0.25352045354618924
cos_even_sum,422,4.22,0.00321901694317037,0.0023175885435507207,1.3889510077740514,0.0039001194785037276,-1.4914466756495768,-3.8297396795610266,-0.10430097565354698
cos_even_sum,447,4.47,0.0010648945570835191,0.0021855695170201047,0.4872389319079816,0.002782920753742382,0.04649666651855791,-1.4792208004772511,1.5426030974534213
cos_even_sum,473,4.73,0.0015039027366808688,0.0022142367853515863,0.6791968892532297,0.003061107907976828,0.40182245895595603,-0.8580707127512504,2.1446257139996288
cos_even_sum,501,5.01,0.0041554584720710115,0.0024715463093261604,1.681319284364917,0.004511148541345957,1.285412971111385,-0.18307557950855605,3.017857122072033
cos_even_sum,531,5.3100000000000005,0.004988137013441908,0.0024399036170194145,2.044399204397842,0.005593899445602633,0.9414764104659152,-0.2881945021435193,2.675086162912819
cos_even_sum,562,5.62,0.0046697274290389505,0.0023987931654428246,1.9466986551034735,0.004942748199025452,-0.07342393369507419,-1.2223995073795708,1.2532967624444986
cos_even_sum,596,5.96,0.004787840805734339,0.0022964879366113985,2.0848534535735803,0.005323279960663474,-0.4381641774715466,-1.8921868002380946,0.5729039070246758
cos_even_sum,631,6.3100000000000005,0.0037771571526877016,0.002038367877487002,1.8530301592783942,0.006909230214313221,-1.3588866999952471,-2.4422306644725897,0.4356568629807412
cos_even_sum,668,6.68,0.002736767755859083,0.002090289927673528,1.309276631737435,0.006347892460562654,-1.6936923839720615,-2.472816986052951,0.2831576707448519
cos_even_sum,708,7.08,0.0006421881957906442,0.002148064612972232,0.298961303078338,0.002607286767959227,-0.20140181085394462,-1.5468364690158258,0.7445818142418795
cos_even_sum,750,7.5,0.0003526755619013303,0.0022475615400938493,0.15691475210356373,0.0021283680979965144,-0.47893922708272085,-1.9568213980478717,0.9546203771450994
cos_even_sum,794,7.94,0.002720149110875045,0.002268006013444174,1.1993570981517154,0.0029054480234090158,0.22235306631576515,-1.474080252868431,1.618921831977411
cos_even_sum,841,8.41,0.0011950794996380958,0.0019004314956171237,0.6288463974598673,0.0020577783915288104,nan,-1.6408003709166117,1.6586640126389511
cos_even_sum,891,8.91,0.0009646713872053002,0.0023031523541493844,0.41884827352708026,0.00015506994183637503,nan,-2.530143603352253,0.16634126699453136
cos_even_sum,944,9.44,-0.00036264181495379263,0.002247654226110626,-0.1613423500559129,-0.001817834083508751,nan,nan,nan
cos_even_sum,1000,10.0,-0.0030628805957191776,0.0018662724793017489,-1.6411754605442879,-0.003145607131619117,nan,nan,nan
cos_odd_diff,0,0.0,0.9467712423058446,0.0017918494684350827,528.3765511467379,0.9465921724606179,nan,nan,nan
cos_odd_diff,1,0.01,0.8891068601708593,0.0018368083951072706,484.0498674435419,0.8887442541017198,nan,nan,nan
cos_odd_diff,2,0.02,0.8430244322848673,0.0018709084558719395,450.59630236797165,0.8425573770590744,-5.63465989704191,-5.668364954801998,-5.600524522683363
cos_odd_diff,3,0.03,0.7989208925136776,0.001867734616430943,427.74861347290164,0.7983927087493222,-5.502987723265442,-5.535794945996919,-5.470573163304249
cos_odd_diff,4,0.04,0.7557201288682402,0.001863788571692847,405.4752456078388,0.7551867609269086,-5.66050080995064,-5.69599210327422,-5.627189240761606
cos_odd_diff,5,0.05,0.7134397011737509,0.0018599584369430261,383.5783031508703,0.7128804856581428,-5.8433735591068325,-5.8808582250055315,-5.808615530436757
cos_odd_diff,6,0.06,0.6722134390506018,0.001852268325679126,362.91363930986495,0.6716847102877423,-6.014280184180177,-6.055068710382794,-5.977999654435295
cos_odd_diff,7,0.07,0.6324030893112726,0.0018484659746704846,342.12319727659985,0.6319356738440559,-6.161307314257266,-6.2048458585746085,-6.121894147085826
cos_odd_diff,8,0.08,0.5941310395653192,0.0018454298341767975,321.9472388286965,0.5936442158514136,-6.278953021358785,-6.325241082711337,-6.237718785031737
cos_odd_diff,9,0.09,0.5576021021614291,0.0018391318244163194,303.1876751621075,0.5571381845692133,-6.382193333389689,-6.43053290848261,-6.337978543956305
cos_odd_diff,10,0.1,0.5229144038343139,0.001808824668595015,289.09070785754045,0.5224894254234084,-6.466286617905579,-6.516886074807092,-6.419656770774371
cos_odd_diff,11,0.11,0.48991860107336543,0.0017830389104579784,274.7660739201303,0.4895245810323586,-6.537921178610996,-6.590982503344645,-6.4902044224661415
cos_odd_diff,12,0.12,0.458723868636206,0.0017546947340686947,261.42659445528795,0.45830665865006115,-6.5988393354476305,-6.654703292562302,-6.547042866402988
cos_odd_diff,13,0.13,0.42928832623866586,0.0017209118851729758,249.45398421460513,0.4288278297211626,-6.650166434342479,-6.7076998017557425,-6.5950924092779015
cos_odd_diff,14,0.14,0.40160307027521946,0.0016846987554998132,238.38271914439247,0.40107981225761064,-6.70558159243881,-6.768384037052121,-6.646726140126291
cos_odd_diff,15,0.15,0.375490285365719,0.0016509573407848881,227.43790895723913,0.37489320625840045,-6.763754737636791,-6.827690614451075,-6.699713229894168
cos_odd_diff,16,0.16,0.35080312615054865,0.0016159416645445495,217.0889790439446,0.35016209242272023,-6.829909569282425,-6.899611158217027,-6.760212290514504
cos_odd_diff,17,0.17,0.32752965244918214,0.0015732803804403785,208.18263325542964,0.3268608667287811,-6.904464606823603,-6.980646298293356,-6.828127963808021
cos_odd_diff,18,0.18,0.30559718036168,0.0015293588818799928,199.82045024384269,0.3049059916019133,-6.987590792525393,-7.0684588396529096,-6.9044106202811255
cos_odd_diff,19,0.19,0.2848760049935531,0.0014836116442937528,192.01521239688253,0.28413699803690845,-7.08536361501673,-7.1735937752023595,-6.995749944173953
cos_odd_diff,20,0.2,0.2652629346355429,0.0014460557133427873,183.4389451166757,0.26444486649113413,-7.188017316971234,-7.281407349536377,-7.0956353226279205
cos_odd_diff,21,0.21,0.2466977857960814,0.0014146201325807174,174.3915416685228,0.2457930598250482,-7.3757350352926005,-7.482084256619568,-7.267241611984569
cos_odd_diff,22,0.22,0.22923487615865168,0.0013844801377032965,165.57469472904657,0.22827143846062742,-7.513354622189358,-7.632920355129419,-7.3918293638719845
cos_odd_diff,24,0.24,0.19701251677242412,0.001355281450459733,145.36649690408908,0.19600003614546674,-7.731619105720056,-7.873615663954765,-7.589168687146302
cos_odd_diff,25,0.25,0.18219067602815053,0.0013521095702685863,134.74549698805825,0.1812197502785956,-7.888507377262055,-8.04574055657482,-7.7265009677639185
cos_odd_diff,27,0.27,0.15513053159823756,0.0013584908906132329,114.19328069856286,0.1542971039745512,-8.237948063452205,-8.436220367096855,-8.043477240493491
cos_odd_diff,28,0.28,0.14279880697732278,0.0013679674458601545,104.3875769189327,0.14201392013881953,-8.551651057155993,-8.792431151910929,-8.322454801734281
cos_odd_diff,30,0.3,0.12017997126767532,0.0013753980328872256,87.37832132520532,0.11957185023368083,-8.875209677451675,-9.169457749675509,-8.60707394866005
cos_odd_diff,32,0.32,0.10012688534626729,0.0014181852083267428,70.60212217584952,0.09975334899280394,-9.268255554558124,-9.632010059092647,-8.936924427675441
cos_odd_diff,33,0.33,0.09108146457996898,0.001444711052119945,63.044762097111075,0.09080136825446292,-9.981409582006732,-10.499241909215845,-9.51120333968738
cos_odd_diff,35,0.35000000000000003,0.0746386751526453,0.0014956715017455764,49.90312048169373,0.07450618005733314,-10.584195566252806,-11.246270114171974,-9.97646616230916
cos_odd_diff,38,0.38,0.05408071286200743,0.0015786878887939337,34.256747800430226,0.05412703535700803,-11.153959909518793,-11.987217703618033,-10.404498873355058
cos_odd_diff,40,0.4,0.04293565457962744,0.0016100961215141443,26.666516368755975,0.04316529017362221,-12.26896845692617,-13.614856558849205,-11.137200713539793
cos_odd_diff,42,0.42,0.03337803100942244,0.0016333986172721783,20.434712418922388,0.03370563877046146,-13.581406138097778,-15.646138436249775,-11.937736780162698
cos_odd_diff,45,0.45,0.021884135345447486,0.0016899443600720367,12.94961885284474,0.02235384731696302,-15.957122642570363,-20.17586038816603,-13.221320932566607
cos_odd_diff,47,0.47000000000000003,0.015929154727514938,0.001701537444941398,9.361624555998853,0.016392968135333922,-20.99997557465547,-39.56913983432699,-15.216184533964725
cos_odd_diff,50,0.5,0.008705807446731646,0.0017270142023996648,5.040958803138408,0.009158462601745517,nan,-57.539112653037314,-17.953608711572407
cos_odd_diff,53,0.53,0.0033131540343221376,0.0017260088852218676,1.9195463376170583,0.003819720862069906,nan,-55.686696167798765,-18.588677788848496
cos_odd_diff,56,0.56,-0.00047454042892451436,0.0017260230601606906,-0.27493284410715535,0.00011629825869047462,nan,-38.35548065719116,-21.18330188418152
cos_odd_diff,60,0.6,-0.0036036700126318563,0.0017218188160803233,-2.092943798137553,-0.003212162252725852,nan,-34.111270215420205,-25.681068047307782
cos_odd_diff,63,0.63,-0.004810728413931605,0.0017044732049762777,-2.8224136348324462,-0.004556022478351624,nan,-20.048566606311265,-14.583988801290943
cos_odd_diff,67,0.67,-0.005512736455800715,0.0016844680399974855,-3.2726868809033287,-0.005323510891882756,nan,-8.936892051013166,0.3359844456006137
cos_odd_diff,71,0.71,-0.004993466193838198,0.001594391947245963,-3.131893762047375,-0.004868718809841235,nan,1.650305116123035,19.677849104014655
cos_odd_diff,75,0.75,-0.00348695096331016,0.0015014692158871255,-2.322359277442752,-0.003201228953316316,nan,6.773519560953527,18.815391054482134
cos_odd_diff,79,0.79,-0.0019508250893686165,0.0014193905637616651,-1.3744103555250817,-0.001427023072380755,nan,-3.3896824268207997,11.456461906116193
cos_odd_diff,84,0.84,-0.000810669375983738,0.0013853005256376967,-0.5851938701969104,-6.736384756341192e-05,nan,-3.145570736417321,27.416829086861984
cos_odd_diff,89,0.89,-0.0001958844150230183,0.0014092043359698388,-0.13900355684628748,0.0005403807598911216,nan,-2.2594875517754973,23.43598053174843
cos_odd_diff,94,0.9400000000000001,0.000408813697261731,0.0014242890468021334,0.28703000853626914,0.0011541586590391843,nan,-10.964706115052943,14.12399694660421
cos_odd_diff,100,1.0,0.0002710648533804426,0.0014517882974591219,0.1867110059055115,0.0009878478744625978,nan,-10.561745804167515,13.161720928558161
cos_odd_diff,106,1.06,-0.00010511411615233025,0.0014807505487565947,-0.0709870519653671,0.0007595830144194619,nan,-11.917134777040037,8.42251718393614
cos_odd_diff,112,1.12,9.858505177754662e-05,0.0014779501112496777,0.0667039103871972,0.0011349590249969236,nan,-12.310169027283191,7.711270511511835
cos_odd_diff,119,1.19,-9.183804799085311e-05,0.0014558797692350105,-0.06308079137545076,0.0014115210565852389,nan,-10.65245918564045,10.528066689322925
cos_odd_diff,126,1.26,-7.879848453340929e-05,0.0014265525706795576,-0.05523700013093283,0.001821067922051314,-2.854066693952376,-10.50868697199534,10.047308861359978
cos_odd_diff,133,1.33,-0.00013771297900241075,0.0014954605161854471,-0.09208733865718018,0.001795181659953897,nan,-8.527830888631843,9.279859246233318
cos_odd_diff,141,1.41,4.3087817656701274e-05,0.0015789105884953887,0.027289586864929126,0.0015425926118157725,nan,-9.33051679345978,9.246059839343019
cos_odd_diff,150,1.5,-7.170025990057426e-05,0.001642858242113703,-0.04364360725872771,0.0008912807183140556,nan,-8.750992745963103,9.999049401590717
cos_odd_diff,158,1.58,-0.0004803735229428333,0.001575092965025072,-0.30498106055294766,0.00021373139760010103,3.347317271768095,-8.338002560826446,8.111258347409661
cos_odd_diff,168,1.68,-0.00036561890239305726,0.0014064522244040525,-0.2599582808779578,-0.0003192667444732311,nan,-11.060864072890757,6.336584091368802
cos_odd_diff,178,1.78,0.00014867276679049975,0.0014855329138045393,0.10008042595955671,-0.00034885548216260066,nan,-9.501142918881532,2.3742039934983614
cos_odd_diff,188,1.8800000000000001,-0.0011918818524486118,0.0014523238115181675,-0.8206722515984186,-0.0016718216999536076,nan,-9.174954325033294,4.371260953264346
cos_odd_diff,200,2.0,-0.0028536996034177523,0.0012930559853915717,-2.2069420316349073,-0.003706242747675091,nan,-6.915105336896512,5.638785447387328
cos_odd_diff,211,2.11,-0.0020128907424156184,0.0013710470249774095,-1.4681412859991323,-0.002572012204365636,nan,-5.814569150379709,8.902871582145824
cos_odd_diff,224,2.24,-0.00046576475223398893,0.0015667173694332269,-0.29728702912286165,-0.000525219332155291,nan,-0.8608738890280141,7.530947712335536
cos_odd_diff,237,2.37,-7.312793634140733e-06,0.0016670779038413905,-0.004386593822214375,0.00025289435558289476,nan,-3.0006623619650603,7.04346433533786
cos_odd_diff,251,2.5100000000000002,-0.0008556777650231404,0.001454505519565646,-0.5882946152577465,0.0006248319689941162,nan,-6.612378648891026,3.980147928507566
cos_odd_diff,266,2.66,-0.0008101319209649504,0.001474103893681234,-0.5495758639791888,0.0012495329520332053,nan,-5.364474087084368,5.069678154092346
cos_odd_diff,282,2.82,-0.0009822358801218655,0.0015043643054667643,-0.6529242129399658,0.00034800560394543053,nan,-4.019585249436378,5.450766231947078
cos_odd_diff,299,2.99,-0.00041125359461650614,0.0016591353247411718,-0.24787224314005998,0.00043430496519013533,nan,-3.709909586210997,5.267221561431649
cos_odd_diff,316,3.16,0.00020277337812136544,0.001341039047751207,0.1512061699183158,5.668595866522823e-05,nan,-4.776869430598893,4.706844206204719
cos_odd_diff,335,3.35,0.000235423531935727,0.001404446026683275,0.16762732597969662,-0.00013245365552970933,nan,-3.3905195297671,4.366945026330994
cos_odd_diff,355,3.5500000000000003,-0.00022219169625890478,0.0015584904817502311,-0.14256852952311708,-0.00014842108624706427,2.422439809543093,-2.30767584383899,4.821126367006395
cos_odd_diff,376,3.7600000000000002,0.0008063911467168308,0.001446373961571781,0.5575260396975911,0.0008529468843542946,nan,-4.038807649959985,3.337469752621637
cos_odd_diff,398,3.98,0.0014780658224611415,0.0012295867253292044,1.2020834252788557,0.0009661923624858022,nan,-3.4823269725741888,3.609849455399531
cos_odd_diff,422,4.22,-0.0009636748066846755,0.001276297083855033,-0.755055244484233,-0.001196755173523954,1.2948311148969545,-1.2689347925913237,3.6875596422149406
cos_odd_diff,447,4.47,1.0587934196557838e-06,0.001545675373710153,0.0006850037450712016,0.0008876083745238885,0.10750547777713199,-3.0281897782501237,2.550675085469231
cos_odd_diff,473,4.73,0.002831480786580039,0.0014999717808036896,1.887689370437971,0.0028517426274823525,nan,-2.573066226397733,3.48914999882508
cos_odd_diff,501,5.01,0.001651138414951455,0.001707375467880808,0.96706228126895,0.0012336444203547153,5.786983989631892,-2.2498059438086417,2.686489337954784
cos_odd_diff,531,5.3100000000000005,0.00038000278696032026,0.0015581843006064059,0.24387537906294704,0.001083128389779533,-4.0547129754453,-3.4299697969869776,0.5002524561877945
cos_odd_diff,562,5.62,0.0008223462742146389,0.0012846166851730018,0.640149146205346,0.0005241856544329319,nan,-3.1737023095932164,1.695386125267998
cos_odd_diff,596,5.96,1.932226658824741e-05,0.0014724023074518245,0.013122953210856481,-0.0022404140683314256,-1.0881673242694028,-2.2755985620177857,2.277660517131112
cos_odd_diff,631,6.3100000000000005,-0.0006817203059049856,0.0012626189193084138,-0.5399256224343532,-0.0004840750313587803,nan,-2.6048190070930306,1.8548083040228833
cos_odd_diff,668,6.68,8.557467208872201e-05,0.001705544732178431,0.05017439324468527,-0.0006905017225695299,nan,-2.2546701796658972,2.1508337690792803
cos_odd_diff,708,7.08,-0.0006966574093431296,0.0015530063152108863,-0.44858633382217056,-0.0010730103301365645,nan,-1.2339912773218897,2.577414104264374
cos_odd_diff,750,7.5,-0.0018465858177116477,0.0016013069023957187,-1.1531742072359563,-0.0015246625524629547,1.7972059521032315,-1.041237564383419,1.9588478758295231
cos_odd_diff,794,7.94,0.0012952773396989429,0.0017641871240333435,0.7342063220241833,0.0015139317532766013,nan,-2.041852439284524,2.1062340791304943
cos_odd_diff,841,8.41,0.0019170745854865323,0.00177317209571332,1.0811553994793284,0.002120198634590114,nan,-1.345618335083241,2.215096100611725
cos_odd_diff,891,8.91,-0.0010701410399633242,0.0016223886528217496,-0.6596083115485767,-0.0007953668316685788,-0.08574832591759018,-1.3910402578640808,1.2919692012033024
cos_odd_diff,944,9.44,0.0013296922994788301,0.001621180364439156,0.8202001015098862,-6.684008174773958e-05,nan,nan,nan
cos_odd_diff,1000,10.0,0.0010855462133514166,0.0015606464914356165,0.6955746988883037,0.0017732847643982838,nan,nan,nan
sin_even_sum,0,0.0,0.9470875838645536,0.002187237969885313,433.00619178361,0.9477532908402102,nan,nan,nan
sin_even_sum,1,0.01,0.886144630304579,0.0021841419070932904,405.71751653439134,0.8866367767128505,nan,nan,nan
sin_even_sum,2,0.02,0.8320620315331975,0.0021947434292269056,379.1158549344831,0.8324376087020895,-6.97244605955772,-7.02188692622089,-6.92505807911438
sin_even_sum,3,0.03,0.7756777245286891,0.0022186875900544203,349.61106196553936,0.7759456320191604,-7.541372809644713,-7.600905904681481,-7.4864165981587485
sin_even_sum,4,0.04,0.7165827496805829,0.0022371018585031783,320.31744417754896,0.7167527922798391,-8.469153077457529,-8.54002713102974,-8.402876035164377
sin_even_sum,5,0.05,0.6553865829549168,0.0022471724996986045,291.6494319162497,0.6554338130046271,-9.513586306559597,-9.598615260571082,-9.432894363497283
sin_even_sum,6,0.06,0.5929682593842666,0.0022590914211516023,262.4808601512873,0.592900122251513,-10.662174918319945,-10.76548085037668,-10.565021202839002
sin_even_sum,7,0.07,0.5301678625623019,0.0022733437312806933,233.21060307216746,0.5299980513369086,-11.93395060963046,-12.059470394079154,-11.81970394554699
sin_even_sum,8,0.08,0.4677840395190593,0.00228830439472749,204.4238697425422,0.46749113423234423,-13.367463892735646,-13.522816567518001,-13.229715401338748
sin_even_sum,9,0.09,0.40661518229608645,0.0022812440434107012,178.2427371024074,0.4062965753052141,-15.037509794687114,-15.229925991625088,-14.867809562824212
sin_even_sum,10,0.1,0.34738800190000874,0.002259676447622693,153.73351448853683,0.34699042862073654,-17.051079948781396,-17.29521000805563,-16.832453172196228
sin_even_sum,11,0.11,0.29052606196368025,0.0022379040982712655,129.8206041036815,0.2900875970083982,-19.617207199538186,-19.95117489616075,-19.32753888300509
sin_even_sum,12,0.12,0.2365036254575247,0.002209368380939043,107.04580888271973,0.2360290619492816,-23.10755737338087,-23.593892281155746,-22.682671375033742
sin_even_sum,13,0.13,0.18552301643215122,0.0021673600920031886,85.59861239332918,0.18501282991859966,-28.259903628071818,-29.048856235728724,-27.587093924352615
sin_even_sum,14,0.14,0.13784639995095677,0.0021337756771122158,64.60210481802554,0.1373302709635231,-37.14579357851388,-38.700876453663355,-35.84989759362223
sin_even_sum,15,0.15,0.09381240918129101,0.0020917215936017224,44.849376450599244,0.09324894729255967,-59.56725365024239,-65.6795428726283,-55.23165111723546
sin_even_sum,16,0.16,0.0535240879325814,0.002045333047287906,26.1688862865409,0.05292106548650623,nan,nan,nan
sin_even_sum,17,0.17,0.017124133873548258,0.0019867111077354112,8.619337661562437,0.016516377442808778,nan,nan,nan
sin_even_sum,18,0.18,-0.015547732589666362,0.0019360409850815254,-8.03068360095262,-0.0161679522534283,nan,nan,nan
sin_even_sum,19,0.19,-0.044588792941975146,0.0018917050348321565,-23.570689997096366,-0.04519079741223448,nan,nan,nan
sin_even_sum,20,0.2,-0.07002479261662434,0.0018435079966363428,-37.98453423819766,-0.07056847097208793,nan,nan,nan
sin_even_sum,21,0.21,-0.09206912083346831,0.0017981992905453667,-51.20073248696764,-0.09256809591754694,nan,nan,nan
sin_even_sum,22,0.22,-0.11078697075832149,0.001751386127348377,-63.25673649479827,-0.11126897893580255,nan,nan,nan
sin_even_sum,24,0.24,-0.13929413569450438,0.0016532800091208348,-84.25320267954905,-0.1397235671432258,nan,nan,nan
sin_even_sum,25,0.25,-0.1494629455725162,0.0016081484438064044,-92.94101309375714,-0.14982338318062183,nan,nan,nan
sin_even_sum,27,0.27,-0.16281744042829846,0.0015179362758261149,-107.26236866543519,-0.1629492995882789,nan,nan,nan
sin_even_sum,28,0.28,-0.1664525198001195,0.00147732403815483,-112.6716383820694,-0.16643070797323448,nan,nan,nan
sin_even_sum,30,0.3,-0.1686325793993696,0.0014325661308460945,-117.7136439068071,-0.16830639327896557,nan,nan,nan
sin_even_sum,32,0.32,-0.16525323188846094,0.0014394086144759847,-114.80633798250625,-0.16463412146210654,nan,nan,nan
sin_even_sum,33,0.33,-0.16199187378195362,0.001461622979696285,-110.83013611048617,-0.1612489558347422,nan,nan,nan
sin_even_sum,35,0.35000000000000003,-0.15303197514466535,0.0015325663752674523,-99.85340773117206,-0.1520492136807059,nan,nan,nan
sin_even_sum,38,0.38,-0.13519678681647268,0.0016571652217625887,-81.5831668689469,-0.13389941504513952,nan,nan,nan
sin_even_sum,40,0.4,-0.12196748770178745,0.0017401234856005187,-70.09128301012288,-0.12038404615981457,nan,nan,nan
sin_even_sum,42,0.42,-0.10861256517614404,0.0017931619488742096,-60.57041598743138,-0.10691032595424624,nan,nan,nan
sin_even_sum,45,0.45,-0.08938846201816744,0.0018127071706164437,-49.31213572006188,-0.08764321081468794,nan,nan,nan
sin_even_sum,47,0.47000000000000003,-0.07768038464452612,0.001803682407915097,-43.0676621913267,-0.07602359290658657,nan,nan,nan
sin_even_sum,50,0.5,-0.06218014674961168,0.0017534319219192137,-35.46196802528414,-0.06093452813326246,nan,nan,nan
sin_even_sum,53,0.53,-0.04987375355078559,0.0016706732918613009,-29.852487493363306,-0.04902861056152235,nan,nan,nan
sin_even_sum,56,0.56,-0.04046496998021657,0.0016270646045332695,-24.869922108485742,-0.03992016091211151,nan,nan,nan
sin_even_sum,60,0.6,-0.03168653319726901,0.001612607399807034,-19.649254493722804,-0.03155961790750959,nan,nan,nan
sin_even_sum,63,0.63,-0.02724038617919108,0.0015984309287272503,-17.041953887166848,-0.02738531268145247,nan,nan,nan
sin_even_sum,67,0.67,-0.022843513912368916,0.0015438950737825452,-14.796027463448196,-0.02308480653157701,nan,nan,nan
sin_even_sum,71,0.71,-0.019770241470351686,0.0014904594425675097,-13.26452830966999,-0.019747693951404986,nan,nan,nan
sin_even_sum,75,0.75,-0.017426521736208223,0.0014999323949597412,-11.61820479027387,-0.017283565952661506,nan,nan,nan
sin_even_sum,79,0.79,-0.01596340555780682,0.0015182051031070011,-10.51465676484539,-0.015882882718246966,nan,nan,nan
sin_even_sum,84,0.84,-0.014806792927249228,0.001408629151705622,-10.51149119647325,-0.014689512362638664,nan,nan,nan
sin_even_sum,89,0.89,-0.013858238661414302,0.0013480941706390341,-10.279874331661201,-0.013891110271010918,nan,nan,nan
sin_even_sum,94,0.9400000000000001,-0.012406482752923942,0.0012532259824936088,-9.89963735689402,-0.012356803138609642,nan,nan,nan
sin_even_sum,100,1.0,-0.010829560865976135,0.0011978765597226947,-9.040631756316486,-0.010472833931226465,nan,nan,nan
sin_even_sum,106,1.06,-0.009813176839800005,0.0012425916993495838,-7.897346203854868,-0.0090776114195729,nan,nan,nan
sin_even_sum,112,1.12,-0.008157367837464116,0.0012611812521198308,-6.46803766211476,-0.007220588146949766,nan,nan,nan
sin_even_sum,119,1.19,-0.006368067608893022,0.0012278739707433691,-5.186255072283778,-0.005641357436394816,nan,nan,nan
sin_even_sum,126,1.26,-0.00599684133411867,0.001259195206571307,-4.762439773295846,-0.005755219743269126,nan,nan,nan
sin_even_sum,133,1.33,-0.005752114577432483,0.0013567107101361382,-4.239750253652299,-0.006261554711772643,nan,nan,nan
sin_even_sum,141,1.41,-0.003498212452585296,0.0011914415016576099,-2.936117675704899,-0.004954225045730276,nan,nan,nan
sin_even_sum,150,1.5,-0.001081566300137423,0.0011071692421422328,-0.976875313158744,-0.003089640201029844,nan,nan,nan
sin_even_sum,158,1.58,-0.0004040368839006113,0.001372770406650232,-0.2943222566157458,-0.001825595690645677,nan,-9.273602143390338,1.629222573872414
sin_even_sum,168,1.68,-0.0003621636499194065,0.0014679294071829776,-0.24671734767846557,-0.0007835919270978858,nan,-9.378199033812576,11.510651227308259
sin_even_sum,178,1.78,5.827694704114053e-05,0.0014033791566782931,0.04152615974365635,0.0003027804729630537,nan,-5.51749621878542,4.660320171601329
sin_even_sum,188,1.8800000000000001,-0.0009751495335524997,0.001230003512730444,-0.7928022346763853,-0.000907722019976527,nan,-10.41228101200944,6.781186363434838
sin_even_sum,200,2.0,-0.0025217359025706313,0.001573683895917583,-1.6024411949009991,-0.00265380754017998,nan,-8.839853584752209,6.010089990546799
sin_even_sum,211,2.11,-0.002161461657966119,0.00158274805099225,-1.3656384897211304,-0.0019967397959113203,nan,-8.38959304482017,6.930286328675622
sin_even_sum,224,2.24,-0.001902348788460561,0.0013694003491293765,-1.3891838056489596,-0.0017459858773429453,nan,-10.403269595473947,3.3951773896843354
sin_even_sum,237,2.37,-0.000578029328002026,0.0014692377303483237,-0.3934212388249709,-0.0009928386672730086,nan,-3.3579975723698645,4.656837725361199
sin_even_sum,251,2.5100000000000002,7.485312720207821e-05,0.0011974386484877291,0.06251103327641197,0.0006072338646741254,nan,-5.040378658596744,9.183427733217453
sin_even_sum,266,2.66,-0.001256400311701686,0.0012589525718533841,-0.9979727114358717,4.691988618646616e-05,nan,-6.360512258768371,5.281662854945033
sin_even_sum,282,2.82,0.0003293893506725393,0.0013091400785270055,0.25160741472612747,-0.000435269019336053,2.4946453096244103,-4.517959397947854,4.9270541974670845
sin_even_sum,299,2.99,-0.0005572419905138172,0.0011750483921756246,-0.4742289715252263,-0.0016312685399205566,nan,-1.9418442287681776,6.295390348640189
sin_even_sum,316,3.16,0.00037881476573136476,0.0012008204432107264,0.31546328834850484,0.00032347051909119637,-0.8101763970019988,-4.392446936209386,4.272158465969505
sin_even_sum,335,3.35,0.001347558783791771,0.001130960637669865,1.1915169625780846,0.001267308472618848,nan,-3.7944836102438293,3.0094788143775464
sin_even_sum,355,3.5500000000000003,0.00018232881228586937,0.0012290515342066389,0.14834920034786325,0.0005769120128790931,1.5989932493659922,-2.3179584964415874,4.366064330772352
sin_even_sum,376,3.7600000000000002,-0.0009757461673295455,0.001074293032078013,-0.9082681709683552,0.0002174507206898082,nan,-6.492998271236967,-0.6435485066495219
sin_even_sum,398,3.98,0.0014056031885269164,0.0010859129732662517,1.2943976387896792,0.0022902610869676475,-1.2396746713329925,-3.159390097308397,4.14422165368405
sin_even_sum,422,4.22,-0.002742374915625134,0.0011552604602080483,-2.3738152651145574,-0.003983135362083523,nan,-3.83324294865826,3.7931532821881877
sin_even_sum,447,4.47,5.82830329110174e-05,0.0012589429769013013,0.04629521271445695,0.0003319347412159104,nan,-3.7815580061605223,1.902065080072098
sin_even_sum,473,4.73,-0.0010823993426117612,0.0012748575592823953,-0.8490355135996787,-0.0005114115636119086,nan,0.04894962528117325,5.132198222136392
sin_even_sum,501,5.01,-0.0001000720093311269,0.0013599130760689995,-0.07358706309406016,-0.0009717475905956325,nan,-2.757165934018764,1.995698748038191
sin_even_sum,531,5.3100000000000005,-7.157308747041328e-05,0.001276135550778051,-0.05608580328851089,0.0011460624806668067,nan,-0.2687759812861493,4.036019965400955
sin_even_sum,562,5.62,-0.0014825775611486231,0.0013099499347336905,-1.1317818504644053,-0.0016600214260633068,nan,-1.5881654518590063,3.1479011907502596
sin_even_sum,596,5.96,0.00314648501903361,0.00130859655359464,2.404472952637996,0.0031568913801829804,nan,-2.9864948409475374,2.0453686359427707
sin_even_sum,631,6.3100000000000005,0.001661656924236382,0.001232079628859182,1.3486603343770547,0.0013450899405102932,nan,-0.8888914621566506,2.5499965226544283
sin_even_sum,668,6.68,-0.0011784624736391825,0.0011287747637534792,-1.0440191537596732,-0.0008913135468645251,-3.070991840667681,-2.7911697213310145,0.21009584304258694
sin_even_sum,708,7.08,0.0006177418293541343,0.001255012652889927,0.4922196026722564,0.0008233932379312976,nan,-2.881181319135852,0.799652054323903
sin_even_sum,750,7.5,2.7791043907061843e-05,0.00123296273834043,0.022540051733005845,-7.586285966207018e-05,nan,-0.8063021016088543,2.5883270830036857
sin_even_sum,794,7.94,-0.0020028275502018134,0.0012692131555084082,-1.5780072413443758,-0.0020102009235147397,nan,-2.296098260014084,0.6489366558113074
sin_even_sum,841,8.41,0.0012879293028902356,0.0010774154890295592,1.195387773801441,0.0021159944626191712,nan,-2.2756127310291228,1.4482535328306612
sin_even_sum,891,8.91,-0.0017584754463112553,0.001096128444725865,-1.6042603900777697,-0.0022220623754835656,nan,-0.6096251608203503,1.7441646121245542
sin_even_sum,944,9.44,-0.0020043978341940604,0.0015607221786518059,-1.2842758702420143,-0.002263821416263085,nan,nan,nan
sin_even_sum,1000,10.0,-0.0017068139725500376,0.0013692166284819402,-1.2465624044037458,-0.0015017395238863562,nan,nan,nan
sin_odd_diff,0,0.0,0.9415460626104709,0.001764566078867856,533.5850404732738,0.940425635803794,nan,nan,nan
sin_odd_diff,1,0.01,0.8832353236423103,0.001778324309417067,496.66718211361234,0.8819643565266764,nan,nan,nan
sin_odd_diff,2,0.02,0.8368141882953376,0.0017782954925538968,470.57094380504105,0.8354753270759118,-5.704267192446173,-5.7364407271814075,-5.6717569577500955
sin_odd_diff,3,0.03,0.7925671430010217,0.001774615688052377,446.6133982343277,0.7912130074256504,-5.549240570410331,-5.583534063780339,-5.516812873488653
sin_odd_diff,4,0.04,0.7494597277230831,0.0017723236961311708,422.868423730433,0.7481091959535053,-5.688050056267508,-5.725722868739324,-5.651031877013104
sin_odd_diff,5,0.05,0.7074182300752792,0.001781483866084221,397.0949406520392,0.7060488050606666,-5.86609276802055,-5.9072130799938485,-5.8263034475169215
sin_odd_diff,6,0.06,0.6665265983578114,0.001781698188142922,374.096243007654,0.6651658368458713,-6.046705106503526,-6.0895464159939,-6.006043715429683
sin_odd_diff,7,0.07,0.6268037633120007,0.0017765407831297033,352.82261418607607,0.6254589491606724,-6.2250274929527585,-6.271396990417942,-6.1826688748284715
sin_odd_diff,8,0.08,0.5884455385799829,0.0017745354041693773,331.60540905376973,0.587112057964916,-6.399380018701777,-6.447587543417717,-6.353533173440067
sin_odd_diff,9,0.09,0.5514884784917371,0.0017743670254356488,310.80857037248745,0.5502358022867114,-6.562355715281551,-6.613010302763299,-6.513724050623476
sin_odd_diff,10,0.1,0.5159990093358747,0.0017698085121420728,291.5564061285589,0.514814630398083,-6.725890770782431,-6.780556706155549,-6.674502420618185
sin_odd_diff,11,0.11,0.48209408199302356,0.0017604190655366296,273.85188642345594,0.48095566011596386,-6.901078899565964,-6.959073621839268,-6.847128104477286
sin_odd_diff,12,0.12,0.44964066826594523,0.0017515182985000832,256.7147991836546,0.44856011590140293,-7.0926415714271895,-7.154800752834221,-7.035000751046316
sin_odd_diff,13,0.13,0.41845852926666655,0.0017385526271118702,240.69362223553793,0.4174362299183884,-7.318726971466928,-7.385654090494584,-7.2569062872422725
sin_odd_diff,14,0.14,0.3885411882038711,0.0017218368702805343,225.65505182878744,0.3876029951125577,-7.576729068157466,-7.6521138009729865,-7.508572424283184
sin_odd_diff,15,0.15,0.3597431148948484,0.0017004539130680127,211.55710962244692,0.3588519548320713,-7.868056518827947,-7.950716908651757,-7.7925297779692135
sin_odd_diff,16,0.16,0.33208122283565245,0.00168249210604664,197.3746097483603,0.33122664790828277,-8.204661656399491,-8.298579936435347,-8.118643782161694
sin_odd_diff,17,0.17,0.30547120856442184,0.0016577836259580845,184.26482429990256,0.3046897009996538,-8.596082156898458,-8.700297967930641,-8.501419701819225
sin_odd_diff,18,0.18,0.2798385183083905,0.0016318796928380438,171.48232160528707,0.2790830800162171,-9.050521488577832,-9.167585950851858,-8.943310189461268
sin_odd_diff,19,0.19,0.25507227100907076,0.0016106576047471173,158.36529766307385,0.254341377481316,-9.589154600232767,-9.72542982811281,-9.46941499382733
sin_odd_diff,20,0.2,0.2312174770105645,0.0015902953203448546,145.3927921767544,0.2305450310655532,-10.214331450536811,-10.372830576462265,-10.074012798472305
sin_odd_diff,21,0.21,0.2081563222085888,0.00157820860115985,131.89404876871885,0.20752837308677122,-11.401076544326825,-11.607112940331763,-11.218775812086788
sin_odd_diff,22,0.22,0.18598005903069617,0.0015665130270155136,118.72231882107059,0.18536402386159184,-12.362329890615296,-12.610174156488942,-12.141450305057642
sin_odd_diff,24,0.24,0.14424209360314905,0.0015442976097874669,93.40304141440735,0.14365368131738634,-14.34012903020013,-14.702362277187364,-14.02812025192923
sin_odd_diff,25,0.25,0.12461665087012365,0.001538299630790126,81.00934848831503,0.12404564150636947,-16.041422846403265,-16.51755590353047,-15.634908785258126
sin_odd_diff,27,0.27,0.08804795460070805,0.0015261448538068543,57.69305212482223,0.08759118032997602,-21.53960883162374,-22.545369189927516,-20.68747911556861
sin_odd_diff,28,0.28,0.07103367693893474,0.001530278218795741,46.41879892588094,0.07066722265352464,-33.98393688000971,-38.03030656601365,-31.176585731576946
sin_odd_diff,30,0.3,0.03961138447204475,0.0015326880681724205,25.844387579318354,0.039453770001585564,nan,-141.1465070329031,-62.003115952673916
sin_odd_diff,32,0.32,0.011546318602148484,0.0015242384114573953,7.575139502690075,0.011564691518080072,nan,nan,nan
sin_odd_diff,33,0.33,-0.001279524132760364,0.0015259364397824657,-0.8385173192028695,-0.0012080033161295477,nan,nan,nan
sin_odd_diff,35,0.35000000000000003,-0.02434437501204738,0.0015212857413880788,-16.00249995759156,-0.024194649115234678,nan,nan,nan
sin_odd_diff,38,0.38,-0.05296852604855454,0.0015218640062854012,-34.80503240091818,-0.052805878269914175,nan,nan,nan
sin_odd_diff,40,0.4,-0.06838205203046284,0.0015199164206098892,-44.990666001899974,-0.06821110898124545,nan,nan,nan
sin_odd_diff,42,0.42,-0.08096458998664517,0.0014894004064003761,-54.36052631563504,-0.08082502682505818,nan,nan,nan
sin_odd_diff,45,0.45,-0.09542770067016794,0.0014743613794913246,-64.72476965117727,-0.09541996180609139,nan,nan,nan
sin_odd_diff,47,0.47000000000000003,-0.10227262992395013,0.0014598459640483698,-70.05713783688036,-0.10229024872804564,nan,nan,nan
sin_odd_diff,50,0.5,-0.10889409758648397,0.0014275543874243187,-76.28017436376444,-0.10904548204093135,nan,nan,nan
sin_odd_diff,53,0.53,-0.11170927880154383,0.0013813592918482818,-80.86909717172492,-0.11205467856815808,nan,nan,nan
sin_odd_diff,56,0.56,-0.11136395094643861,0.00134333483827493,-82.90111130405047,-0.11181502179463716,nan,nan,nan
sin_odd_diff,60,0.6,-0.1070322788571519,0.001338561954994569,-79.96064616791396,-0.10755408190477188,nan,nan,nan
sin_odd_diff,63,0.63,-0.10164338806510065,0.0013690433931723685,-74.24409523614224,-0.10218765275694129,nan,nan,nan
sin_odd_diff,67,0.67,-0.09213953100928146,0.0014534572489531467,-63.39335475855585,-0.09266376587948999,nan,nan,nan
sin_odd_diff,71,0.71,-0.08106670905699069,0.0015060384118735302,-53.82778315470899,-0.08157680091107664,nan,nan,nan
sin_odd_diff,75,0.75,-0.06959542661140566,0.0015412781561971673,-45.154358628633354,-0.06997393970799055,nan,nan,nan
sin_odd_diff,79,0.79,-0.0583742304537216,0.0015244364186290326,-38.292335279039804,-0.05851200885459862,nan,nan,nan
sin_odd_diff,84,0.84,-0.04552813846609998,0.0014368947551627294,-31.68508918451991,-0.04512515004544188,nan,nan,nan
sin_odd_diff,89,0.89,-0.034705322472311076,0.0013625216285326675,-25.47139197319464,-0.03388523815832425,nan,nan,nan
sin_odd_diff,94,0.9400000000000001,-0.025678178640233768,0.0013606693681183332,-18.871725374213476,-0.024684696757328935,nan,nan,nan
sin_odd_diff,100,1.0,-0.01654991549757231,0.0013109506032079777,-12.624362395557574,-0.01577286989814313,nan,nan,nan
sin_odd_diff,106,1.06,-0.010297812645198526,0.0013910463816240986,-7.402925438888275,-0.009936193627191395,nan,nan,nan
sin_odd_diff,112,1.12,-0.006072026079026103,0.0014839772348205966,-4.091724547081864,-0.006155515600196101,nan,nan,nan
sin_odd_diff,119,1.19,-0.0029119406365080086,0.0015679496174718585,-1.8571646716577435,-0.0035831671852481883,nan,nan,nan
sin_odd_diff,126,1.26,-0.0011430149788514965,0.0016067271565435115,-0.711393327856871,-0.0017132370767148552,nan,nan,nan
sin_odd_diff,133,1.33,-0.0008903758086854942,0.0015688255720522303,-0.5675428961301068,-0.0011146246651922332,nan,-5.222026936059601,12.709438957271972
sin_odd_diff,141,1.41,-0.0007786594533295088,0.0016279580520106405,-0.4783043717667115,-0.00070849521412131,nan,-7.568821939438012,10.194795559273153
sin_odd_diff,150,1.5,-0.0005186394944898285,0.001662097461415418,-0.3120391592729843,-0.00011916718820053983,nan,-9.401258528601533,8.86410867396382
sin_odd_diff,158,1.58,-5.8855203675320226e-05,0.001646534539617688,-0.03574489466159995,0.0011588007895719811,nan,-6.068601309453389,10.350035265315228
sin_odd_diff,168,1.68,-3.3348653860290097e-05,0.0016742642298864946,-0.019918393563572067,0.0019256398720078685,nan,-4.6166242682437915,10.84629372414907
sin_odd_diff,178,1.78,0.001099371995180986,0.0016701461550917038,0.658248975294394,0.002787955217416838,nan,-5.261348609259723,9.543358566122029
sin_odd_diff,188,1.8800000000000001,0.002353857458473084,0.0014905643066595404,1.579172027638475,0.003408223472836586,nan,-5.3749605540765,8.565623677649294
sin_odd_diff,200,2.0,0.0024683415128450696,0.0014870714195944633,1.6598674954819632,0.002775779370237256,-2.794024873725988,-7.624079052900869,5.234338348273162
sin_odd_diff,211,2.11,0.0019888796041013044,0.001525715884547704,1.3035714081792527,0.0019574108418330786,nan,-8.784196648491198,3.816934231795994
sin_odd_diff,224,2.24,0.0003040654396865688,0.0014646602566437033,0.20760134529992677,-0.00010109296423750091,-2.294223845584224,-6.920462164354852,4.061011827770422
sin_odd_diff,237,2.37,-0.0010902142552817703,0.0013683542474678242,-0.7967339285855549,-0.0009885284029508986,-3.1813410821227657,-6.152413953162729,5.003328054559454
sin_odd_diff,251,2.5100000000000002,0.0007660501139865735,0.0014410552838054179,0.5315896777836675,0.0013685675401887626,-1.1851287834424955,-5.212744543143987,6.012251937318636
sin_odd_diff,266,2.66,0.00034570615491752996,0.0016189785811253463,0.2135334950986386,0.001182333780812517,nan,-4.485370714636577,5.637880640062297
sin_odd_diff,282,2.82,0.00015291286448233953,0.0014799763464494315,0.10332115432060003,0.0009724769704324244,-2.692849101763601,-5.223320858875857,4.704997421615519
sin_odd_diff,299,2.99,0.0005621486438377904,0.0013914683559452796,0.4039967142881238,-0.00010869321897970295,nan,-6.593519610735245,3.529900284303549
sin_odd_diff,316,3.16,0.0001330727105114837,0.001566954955059038,0.08492440071863451,-0.0014666771152339487,nan,-5.623386278756709,3.5874326174871936
sin_odd_diff,335,3.35,-0.0018983553042861126,0.0014663139269485974,-1.2946445296585256,-0.0036997787470381275,nan,-5.139922406195851,5.58855314735608
sin_odd_diff,355,3.5500000000000003,-0.0008441175619797194,0.0015283519407425976,-0.5523057480920124,-0.0016534080053006363,nan,-5.355066849020255,4.1100794512052685
sin_odd_diff,376,3.7600000000000002,-0.002575109059857679,0.0019408483026783527,-1.3267956368893192,-0.000808066859951876,nan,-2.8636192261934927,2.154258265677193
sin_odd_diff,398,3.98,-0.0020418370770352878,0.0016906222685360347,-1.2077429210744879,-0.0004184155185364748,nan,-2.014120607886816,4.066434175787799
sin_odd_diff,422,4.22,-0.0016279399161914538,0.0015449691236917894,-1.053703851570445,-0.0005794195100361742,nan,-1.5658848111549089,4.723331325088571
sin_odd_diff,447,4.47,0.0008336203202182616,0.0017564938098549965,0.4745933720580998,0.0016714230312924634,nan,-1.2930722855903711,4.520517762400141
sin_odd_diff,473,4.73,0.0011235261867759178,0.0015227681455632037,0.7378182883910904,0.0014251939117504544,nan,-1.449655207061377,3.522123113160776
sin_odd_diff,501,5.01,0.0010849299630486897,0.0015499462743051868,0.6999790773619198,0.0007847687930298433,nan,-3.8570381451799607,2.1286412489518787
sin_odd_diff,531,5.3100000000000005,0.0004851983924535261,0.0014489298247073012,0.334866730037489,0.0007124115189766685,nan,-3.118931269437419,1.4521156525347425
sin_odd_diff,562,5.62,-0.0011398062772889545,0.0017683544893562705,-0.644557572675304,-0.002044392193749168,0.4056215666750768,-1.8089497245663775,2.2243905199233964
sin_odd_diff,596,5.96,-0.0014917847120176214,0.0015392807019709016,-0.9691440359822181,-0.0028897801577907386,nan,-2.9455028725872396,2.5468377402127182
sin_odd_diff,631,6.3100000000000005,0.0018382673518876859,0.0013777548386857124,1.334248518148027,0.0016219443997481703,nan,-1.6325859252119501,1.9479347790063977
sin_odd_diff,668,6.68,-0.0010012872000179944,0.0015900918147797763,-0.6297040150204598,-0.0007077830916913119,nan,-2.1655851616441297,2.015380001644289
sin_odd_diff,708,7.08,-0.002023350772905659,0.0014688892110636194,-1.37746996687419,-0.0020595653096712467,-0.7270808319820824,-2.2487045352111634,1.497553755495685
sin_odd_diff,750,7.5,-0.0028986934275215676,0.0015662015855510652,-1.8507792702186976,-0.004591627485282453,nan,-1.0393615562918177,2.4367459017777495
sin_odd_diff,794,7.94,0.0005619635523115116,0.0016079163932510442,0.34949799297417333,0.00027024226439965795,nan,-0.8263093104967055,1.6011563745482404
sin_odd_diff,841,8.41,0.0016962852984767102,0.0012924423034648823,1.3124650082476976,0.0016995897915895238,nan,-0.050532695874539096,2.3041039308879934
sin_odd_diff,891,8.91,-5.066547222174278e-05,0.0014547776976840596,-0.03482695143209847,-0.0005576981254968304,nan,-1.9320519686602466,1.3993073668140734
sin_odd_diff,944,9.44,0.002221840323139306,0.0015180577926842452,1.4636072051055615,0.0018256139610484678,nan,nan,nan
sin_odd_diff,1000,10.0,-0.0013075194662885395,0.0016423093663448082,-0.7961468728626988,-0.002239684724053675,nan,nan,nan
