case,observable,time,C,SE_C,damped_fit,real_exponential_fit
driven_dt1e-3,I1_minus_I3,0.05,4.6160091539720645,0.02597089366701256,4.5611908858882915,5.738604137951557
driven_dt1e-3,I1_minus_I3,0.06,4.475162044437585,0.02521704846523087,4.435676188094145,5.310312988696732
driven_dt1e-3,I1_minus_I3,0.07,4.325474369699654,0.024396246526267807,4.299208264733824,4.913986635082175
driven_dt1e-3,I1_minus_I3,0.08,4.168528967837151,0.023529592489024493,4.153540450548339,4.547239437894697
driven_dt1e-3,I1_minus_I3,0.09,4.005917141983379,0.022643362978379353,4.000306061085891,4.2078638061251254
driven_dt1e-3,I1_minus_I3,0.1,3.8388971571683292,0.021742337805161313,3.841021415197329,3.8938169086375383
driven_dt1e-3,I1_minus_I3,0.11,3.6688550169881715,0.020844496369662534,3.6770891739820986,3.603208377590904
driven_dt1e-3,I1_minus_I3,0.12,3.4970341702596723,0.019964049056080343,3.5098019486531844,3.334288929595335
driven_dt1e-3,I1_minus_I3,0.13,3.3244853160171863,0.01913079787649879,3.3403461329421527,3.085439836109374
driven_dt1e-3,I1_minus_I3,0.14,3.152130961329857,0.018330002471939697,3.1698059187462926,2.8551631796966155
driven_dt1e-3,I1_minus_I3,0.15,2.98066884573759,0.01758415599461771,2.9991674567198663,2.6420728374903613
driven_dt1e-3,I1_minus_I3,0.16,2.8110070042424224,0.016913418893330482,2.8293231264228846,2.444886137592356
driven_dt1e-3,I1_minus_I3,0.17,2.643723560975536,0.016311195008642764,2.6610758834569843,2.26241613818229
driven_dt1e-3,I1_minus_I3,0.18,2.479390982824083,0.015778662684536145,2.4951436537334595,2.093564482863086
driven_dt1e-3,I1_minus_I3,0.19,2.318520174678715,0.015323394537124392,2.332163747628829,1.9373147892355715
driven_dt1e-3,I1_minus_I3,0.2,2.1614361633507664,0.014940211593777513,2.1726972692851323,1.7927265309058633
driven_dt1e-3,I1_minus_I3,0.21,2.0086054494987273,0.014629025570576158,2.0172334987027196,1.6589293760989172
driven_dt1e-3,I1_minus_I3,0.22,1.8603767844858674,0.014374722922359966,1.8661942265510842,1.5351179488002193
driven_dt1e-3,I1_minus_I3,0.23,1.71692660539647,0.014194581657251425,1.7199380237871225,1.4205469808909308
driven_dt1e-3,I1_minus_I3,0.24,1.57846019191321,0.0140749892154392,1.578764430219862,1.314526826095339
driven_dt1e-3,I1_minus_I3,0.25,1.445183680616358,0.01401761411217354,1.4429180480965031,1.216419308737357
driven_dt1e-3,I1_minus_I3,0.26,1.3172622121943007,0.014013917236968742,1.3125925286073745,1.1256338823181629
driven_dt1e-3,I1_minus_I3,0.27,1.1947788475680974,0.014045685667958612,1.187934440918541,1.0416240747919887
driven_dt1e-3,I1_minus_I3,0.28,1.0778376961241065,0.014102550231827991,1.0690470149421236,0.9638841991428208
driven_dt1e-3,I1_minus_I3,0.29,0.9664224490291148,0.014165858527547674,0.9559937505480842,0.8919463094617243
driven_dt1e-3,I1_minus_I3,0.3,0.8606570755950669,0.014238161040301605,0.8488018873099027,0.8253773842022574
driven_dt1e-3,I1_minus_I3,0.31,0.7604795806163698,0.014309122080951794,0.747465730163039,0.7637767196589261
driven_dt1e-3,I1_minus_I3,0.32,0.6658238047934741,0.014376964362136728,0.6519498275424376,0.706773517979019
driven_dt1e-3,I1_minus_I3,0.33,0.5765719214967966,0.014438390229511018,0.5621919996570169,0.6540246551891624
driven_dt1e-3,I1_minus_I3,0.34,0.4926677403730174,0.01448522918913806,0.4781062155584301,0.6052126158014889
driven_dt1e-3,I1_minus_I3,0.35000000000000003,0.41410710057318306,0.014518536421339528,0.3995853185722178,0.5600435815670305
driven_dt1e-3,I1_minus_I3,0.36,0.34079889542089015,0.014540275323777328,0.32650360048540533,0.5182456628718143
driven_dt1e-3,I1_minus_I3,0.37,0.2725936765103497,0.014549453321489084,0.25871922562956023,0.47956726212976053
driven_dt1e-3,I1_minus_I3,0.38,0.20936384847888612,0.014547271304953417,0.1960765066661643,0.44377555932102425
driven_dt1e-3,I1_minus_I3,0.39,0.15083175889831268,0.014538256541984616,0.13840803447578334,0.41065511055965526
driven_dt1e-3,I1_minus_I3,0.4,0.09689965657538091,0.014520050926098378,0.08553666507790009,0.38000655125482335
driven_dt1e-3,I1_minus_I3,0.41000000000000003,0.04745674616173387,0.014496532001765643,0.037277366968251686,0.3516453960594439
driven_dt1e-3,I1_minus_I3,0.42,0.0023056097805237083,0.014462752140972009,-0.0065610673409861936,0.32540092838263585
driven_dt1e-3,I1_minus_I3,0.43,-0.03863739851101208,0.014417085179281133,-0.04617444145202946,0.3011151727815648
driven_dt1e-3,I1_minus_I3,0.44,-0.07565221846946302,0.014377235282625425,-0.0817617024703122,0.2786419440471087
driven_dt1e-3,I1_minus_I3,0.45,-0.10887928585977048,0.01432793644096154,-0.11352361100168785,0.257845967259427
driven_dt1e-3,I1_minus_I3,0.46,-0.13851965894414253,0.01427388247304783,-0.14166152891844766,0.23860206351671598
driven_dt1e-3,I1_minus_I3,0.47000000000000003,-0.16466812446130813,0.014220272229931621,-0.16637631990787843,0.22079439643574095
driven_dt1e-3,I1_minus_I3,0.48,-0.1875232845007716,0.01416380673964889,-0.1878673577101725,0.20431577488854286
driven_dt1e-3,I1_minus_I3,0.49,-0.20733070801824174,0.014107447316704705,-0.2063316368821883,0.18906700777822946
driven_dt1e-3,I1_minus_I3,0.5,-0.2242981036902683,0.014049655191671392,-0.2219629808866733,0.17495630696999878
driven_dt1e-3,I1_minus_I3,0.51,-0.2385272542574129,0.013990904417316237,-0.2349513423001172,0.1618987347834098
driven_dt1e-3,I1_minus_I3,0.52,-0.2502177022480062,0.013921516189567749,-0.2454821899535165,0.1498156927201459
driven_dt1e-3,I1_minus_I3,0.53,-0.25959359791462633,0.013851759766631624,-0.2537359778662631,0.13863444834972952
driven_dt1e-3,I1_minus_I3,0.54,-0.26681263106255404,0.013777173655987235,-0.2598876909015002,0.1282876975053318
driven_dt1e-3,I1_minus_I3,0.55,-0.27191731103011724,0.013690835646964775,-0.26410646215915934,0.1187131591543685
driven_dt1e-3,I1_minus_I3,0.56,-0.27515524933103974,0.013592424041009597,-0.2665552572281407,0.10985320050525273
driven_dt1e-3,I1_minus_I3,0.5700000000000001,-0.27669719747834304,0.01349893507293479,-0.2673906205395375,0.1016544900936804
driven_dt1e-3,I1_minus_I3,0.58,-0.2766326094721032,0.013408816277042495,-0.2667624791963461,0.0940676767602421
driven_dt1e-3,I1_minus_I3,0.59,-0.27502196687159775,0.013295688692047041,-0.26481399979981357,0.08704709258700492
driven_dt1e-3,I1_minus_I3,0.6,-0.2721430024648077,0.013179565034314125,-0.26168149394661877,0.08055047800492861
driven_dt1e-3,I1_minus_I3,0.61,-0.2681339858195968,0.01305219380883801,-0.25749436823280436,0.07453872741742928
driven_dt1e-3,I1_minus_I3,0.62,-0.2629980443062638,0.012918366673983942,-0.25237511476816094,0.06897565380890562
driven_dt1e-3,I1_minus_I3,0.63,-0.2569847691923177,0.012784750821698209,-0.24643933837721,0.06382777092131472
driven_dt1e-3,I1_minus_I3,0.64,-0.25015172980325107,0.012640076676637867,-0.23979581683865936,0.05906409168763583
driven_dt1e-3,I1_minus_I3,0.65,-0.24253025101985876,0.012494164423884803,-0.23254659069302377,0.054655941708916474
driven_dt1e-3,I1_minus_I3,0.66,-0.23425167391817228,0.012347969364482327,-0.22478707932686814,0.05057678665214818
driven_dt1e-3,I1_minus_I3,0.67,-0.225353219943683,0.012205264617018752,-0.21660622022084716,0.04680207253001377
driven_dt1e-3,I1_minus_I3,0.68,-0.21605001522403203,0.012069730723748338,-0.20808662842644493,0.04330907790108952
driven_dt1e-3,I1_minus_I3,0.6900000000000001,-0.206429324379747,0.011929853838306836,-0.19930477351225243,0.04007677710083854
driven_dt1e-3,I1_minus_I3,0.7000000000000001,-0.1966179232856628,0.01180133314988415,-0.19033117139400416,0.03708571368013104
driven_dt1e-3,I1_minus_I3,0.71,-0.18647882892308587,0.011678386236490524,-0.18123058863279018,0.03431788328946948
driven_dt1e-3,I1_minus_I3,0.72,-0.17619245390616858,0.011563108185126878,-0.17206225695227875,0.03175662530395412
driven_dt1e-3,I1_minus_I3,0.73,-0.16580018289007198,0.011459781248986051,-0.16288009588793487,0.029386522536638933
driven_dt1e-3,I1_minus_I3,0.74,-0.15537535465528785,0.011363240550214078,-0.15373294163866463,0.027193308436613457
driven_dt1e-3,I1_minus_I3,0.75,-0.1449432364822864,0.011273401739450541,-0.14466478034369396,0.025163781213201314
driven_dt1e-3,I1_minus_I3,0.76,-0.13456716008588787,0.011203506836943027,-0.13571498415449967,0.023285724369355998
driven_dt1e-3,I1_minus_I3,0.77,-0.1242745428049763,0.0111472407866922,-0.12691854861299523,0.021547833165913875
driven_dt1e-3,I1_minus_I3,0.78,-0.11407896555630448,0.011109024715680068,-0.11830632998275092,0.01993964657406529
driven_dt1e-3,I1_minus_I3,0.79,-0.10398860987924877,0.011084371629574125,-0.10990528130964303,0.01845148430643937
driven_dt1e-3,I1_minus_I3,0.8,-0.09407408067875059,0.011073764554153247,-0.10173868611188193,0.017074388547768833
driven_dt1e-3,I1_minus_I3,0.81,-0.08432225555315592,0.011086519928614692,-0.09382638871680578,0.015800070034389425
driven_dt1e-3,I1_minus_I3,0.8200000000000001,-0.0747393763035564,0.01111372080744735,-0.0861850203731189,0.01462085815800603
driven_dt1e-3,I1_minus_I3,0.8300000000000001,-0.06537844999354663,0.01114637779544606,-0.0788282203724144,0.013529654793380941
driven_dt1e-3,I1_minus_I3,0.84,-0.05633847810484233,0.011188808258052987,-0.07176685151289607,0.012519891572015657
driven_dt1e-3,I1_minus_I3,0.85,-0.047665341666107246,0.011227749631091738,-0.06500920933126443,0.011585490344640098
driven_dt1e-3,I1_minus_I3,0.86,-0.03931957843664801,0.011289703446806002,-0.05856122461586091,0.010720826594518139
driven_dt1e-3,I1_minus_I3,0.87,-0.03132405174579345,0.011367544756458379,-0.05242665879547879,0.009920695581339924
driven_dt1e-3,I1_minus_I3,0.88,-0.02372665224908492,0.011463563108512863,-0.04660729187389372,0.009180281011908405
driven_dt1e-3,I1_minus_I3,0.89,-0.016645348312920628,0.011565923458720697,-0.04110310265028094,0.008495126049036893
driven_dt1e-3,I1_minus_I3,0.9,-0.00989965849139009,0.011666193798126884,-0.03591244103044742,0.007861106484149226
driven_dt1e-3,I1_minus_I3,0.91,-0.003535325310215582,0.011773799525822824,-0.03103219229338157,0.0072744059120981525
driven_dt1e-3,I1_minus_I3,0.92,0.0025669387557068074,0.011884337724294635,-0.02645793323220573,0.006731492758769758
driven_dt1e-3,I1_minus_I3,0.93,0.008215629170908505,0.011985969478374183,-0.022184080138400755,0.006229099023194341
driven_dt1e-3,I1_minus_I3,0.9400000000000001,0.013445202484059672,0.01208610060880949,-0.018204028643352764,0.005764200606204329
driven_dt1e-3,I1_minus_I3,0.9500000000000001,0.018336035609061024,0.01216735186135503,-0.01451028547206814,0.0053339991072300745
driven_dt1e-3,I1_minus_I3,0.96,0.022915019399994147,0.012244112108997835,-0.011094592200506773,0.00493590497966141
driven_dt1e-3,I1_minus_I3,0.97,0.027166656330871147,0.01230749173996843,-0.007948041140621417,0.004567521943380672
driven_dt1e-3,I1_minus_I3,0.98,0.031097081806795615,0.012362685749544947,-0.005061183506063066,0.004226632560640388
driven_dt1e-3,I1_minus_I3,0.99,0.034746815023512595,0.012421959424497796,-0.002424130036832726,0.003911184888461225
driven_dt1e-3,I1_minus_I3,1.0,0.038119289642612804,0.012475833782536487,-2.6644283137879578e-05,0.00361928012720597
driven_dt1e-3,cos_odd_diff,0.05,0.7173713075067629,0.0019026035023121635,0.7104194871541323,0.761687937183894
driven_dt1e-3,cos_odd_diff,0.06,0.6762981340702978,0.0019144840347416448,0.6720731423929891,0.7065740823514502
driven_dt1e-3,cos_odd_diff,0.07,0.6365999484649503,0.0019268685945164838,0.6348893708692135,0.6554481297112376
driven_dt1e-3,cos_odd_diff,0.08,0.5984090749931901,0.0019379321860905456,0.5989226199190268,0.6080215245261006
driven_dt1e-3,cos_odd_diff,0.09,0.5619117368418285,0.001935404364992422,0.5642140993888201,0.5640265911658231
driven_dt1e-3,cos_odd_diff,0.1,0.5271292029257126,0.001921744042441719,0.5307932011202348,0.5232150223466016
driven_dt1e-3,cos_odd_diff,0.11,0.4941224343355542,0.0019173168700876953,0.4986788057044045,0.48535647768541385
driven_dt1e-3,cos_odd_diff,0.12,0.46295275503103633,0.0018929169464669499,0.4678804834931799,0.4502372836595251
driven_dt1e-3,cos_odd_diff,0.13,0.4334758667550882,0.001877361319064037,0.4383995965540435,0.41765922763370933
driven_dt1e-3,cos_odd_diff,0.14,0.40565806478039407,0.001861355957712164,0.41023030795590004,0.3874384391486772
driven_dt1e-3,cos_odd_diff,0.15,0.37945404372557595,0.0018311520127861243,0.3833605044764271,0.3594043521567055
driven_dt1e-3,cos_odd_diff,0.16,0.3546351268671197,0.0017867382228044435,0.35777263852938346,0.3333987423473291
driven_dt1e-3,cos_odd_diff,0.17,0.3311614075981032,0.0017422071815764368,0.33344449482324423,0.30927483412976486
driven_dt1e-3,cos_odd_diff,0.18,0.30899480063199414,0.00170052645018384,0.3103498869816326,0.28689647223187814
driven_dt1e-3,cos_odd_diff,0.19,0.28803905400312646,0.0016666920779006493,0.28845928908200713,0.2661373532401978
driven_dt1e-3,cos_odd_diff,0.2,0.2682428660220545,0.0016432100387670284,0.2677404068025261,0.2468803127437959
driven_dt1e-3,cos_odd_diff,0.21,0.24945785042874874,0.0016201200280613597,0.24815869260846127,0.2290166640586719
driven_dt1e-3,cos_odd_diff,0.22,0.23164539462053643,0.0015995397061642394,0.22967780915935798,0.21244558480040493
driven_dt1e-3,cos_odd_diff,0.23,0.21478045428844422,0.0015873666017725033,0.21226004487662856,0.19707354784289127
driven_dt1e-3,cos_odd_diff,0.24,0.19881051083140916,0.0015693686730040813,0.19586668537864657,0.1828137934515
driven_dt1e-3,cos_odd_diff,0.25,0.18373489416685532,0.0015420463646367518,0.18045834426681504,0.16958583961136744
driven_dt1e-3,cos_odd_diff,0.26,0.16939299095087268,0.001521405402995403,0.1659952565315892,0.15731502778712494
driven_dt1e-3,cos_odd_diff,0.27,0.15585622682988742,0.0014988510737242117,0.15243753764206122,0.14593210155032907
driven_dt1e-3,cos_odd_diff,0.28,0.14303559896452328,0.0014736714887923807,0.13974541118642614,0.13537281569636847
driven_dt1e-3,cos_odd_diff,0.29,0.13097960747019075,0.0014503512479375148,0.12787940774337164,0.12557757364470465
driven_dt1e-3,cos_odd_diff,0.3,0.11968366423447661,0.0014393185766743742,0.11680053748604409,0.11649109107593336
driven_dt1e-3,cos_odd_diff,0.31,0.10908533393176334,0.0014181465036874432,0.10647043885060117,0.10806208390723782
driven_dt1e-3,cos_odd_diff,0.32,0.09915928701546455,0.00139161591876585,0.0968515054402805,0.10024297884516434
driven_dt1e-3,cos_odd_diff,0.33,0.08987002211835877,0.001365482887794449,0.08790699318319832,0.09298964488208457
driven_dt1e-3,cos_odd_diff,0.34,0.08115262242364096,0.0013443422963612603,0.07960110961752108,0.08626114422090841
driven_dt1e-3,cos_odd_diff,0.35000000000000003,0.0730462768558229,0.0013247461280600256,0.07189908704098542,0.0800195012222694
driven_dt1e-3,cos_odd_diff,0.36,0.06548899610668564,0.0013142446788034768,0.0647672411327326,0.07422948807011946
driven_dt1e-3,cos_odd_diff,0.37,0.058536721011977565,0.001302690422903693,0.05817301653380964,0.0688584259460314
driven_dt1e-3,cos_odd_diff,0.38,0.05204380347060822,0.0012993977548674833,0.05208502075820651,0.06387600059003692
driven_dt1e-3,cos_odd_diff,0.39,0.04609154019540139,0.00130487737423562,0.04647304769867086,0.05925409120702611
driven_dt1e-3,cos_odd_diff,0.4,0.0406081803145438,0.001321880406090631,0.04130809189049895,0.05496661175305651
driven_dt1e-3,cos_odd_diff,0.41000000000000003,0.03551910966613851,0.001327975217620252,0.03656235460176358,0.05098936370579243
driven_dt1e-3,cos_odd_diff,0.42,0.030821966353245786,0.0013363915425530512,0.03220924272973367,0.04729989948811079
driven_dt1e-3,cos_odd_diff,0.43,0.026580442603710862,0.0013455882712654244,0.028223361400290782,0.043877395774037216
driven_dt1e-3,cos_odd_diff,0.44,0.02267329754166672,0.0013537414660045966,0.024580501089687287,0.04070253596195102
driven_dt1e-3,cos_odd_diff,0.45,0.019147605353400893,0.0013536392874950098,0.021257620015748598,0.03775740115173845
driven_dt1e-3,cos_odd_diff,0.46,0.01591924910410418,0.0013480764144900945,0.0182328224783421,0.03502536901056925
driven_dt1e-3,cos_odd_diff,0.47000000000000003,0.013070902197330338,0.001343921694806611,0.015485333766358475,0.032491019956495636
driven_dt1e-3,cos_odd_diff,0.48,0.010488551460285298,0.0013325751289907561,0.012995472190331045,0.030140050130373783
driven_dt1e-3,cos_odd_diff,0.49,0.008173898945795382,0.0013230287542289286,0.010744618745912052,0.02795919066492192
driven_dt1e-3,cos_odd_diff,0.5,0.006060881726447763,0.0013201880152133901,0.00871518486349927,0.02593613279526959
driven_dt1e-3,cos_odd_diff,0.51,0.004180380617772646,0.0013193306780633512,0.006890578653132925,0.02405945838832231
driven_dt1e-3,cos_odd_diff,0.52,0.002568302188949878,0.0013140598340265586,0.005255170011145696,0.022318575498849587
driven_dt1e-3,cos_odd_diff,0.53,0.0011735904063942676,0.001318014773090071,0.003794254915735389,0.02070365858857487
driven_dt1e-3,cos_odd_diff,0.54,1.7940449950968012e-05,0.00133127285783701,0.0024940192024400436,0.019205593070864425
driven_dt1e-3,cos_odd_diff,0.55,-0.0008884025856247373,0.0013474535073540403,0.0013415020772339443,0.01781592386802518
driven_dt1e-3,cos_odd_diff,0.56,-0.001702169853292604,0.0013573125301108975,0.0003245595944463719,0.016526807690869342
driven_dt1e-3,cos_odd_diff,0.5700000000000001,-0.002360523983186353,0.0013578287698641355,-0.0005681717012453092,0.015330968771211645
driven_dt1e-3,cos_odd_diff,0.58,-0.002923417926852739,0.0013666918687504134,-0.0013473107950484954,0.014221657797453527
driven_dt1e-3,cos_odd_diff,0.59,-0.003367410355857095,0.0013685031598181141,-0.002022767734128662,0.013192613821486884
driven_dt1e-3,cos_odd_diff,0.6,-0.0037931933731913505,0.001372679320249133,-0.0026037785423670685,0.01223802892192009
driven_dt1e-3,cos_odd_diff,0.61,-0.004120449217578062,0.0013794640356676968,-0.003098939407936631,0.011352515424185503
driven_dt1e-3,cos_odd_diff,0.62,-0.004395939923783972,0.0013946235331409465,-0.003516240051316131,0.010531075492518869
driven_dt1e-3,cos_odd_diff,0.63,-0.004661314753949595,0.0014066458400966463,-0.003863096197177702,0.00976907292218794
driven_dt1e-3,cos_odd_diff,0.64,-0.004761953125070833,0.0014181124801413007,-0.004146381087846355,0.00906220697276561
driven_dt1e-3,cos_odd_diff,0.65,-0.004863081644647944,0.0014209483895359593,-0.004372455988860839,0.008406488094762715
driven_dt1e-3,cos_odd_diff,0.66,-0.004813515240405051,0.0014316311070403287,-0.00454719964867004,0.00779821541262155
driven_dt1e-3,cos_odd_diff,0.67,-0.00465874020649879,0.0014339403700933619,-0.00467603668478249,0.007233955836984361
driven_dt1e-3,cos_odd_diff,0.68,-0.004471486619417887,0.0014373526883658286,-0.004763964877843207,0.0067105246883463684
driven_dt1e-3,cos_odd_diff,0.6900000000000001,-0.004187953615560144,0.00143489046457344,-0.004815581363234707,0.006224967722733349
driven_dt1e-3,cos_odd_diff,0.7000000000000001,-0.0038784407904084808,0.001433230257114409,-0.004835107716970053,0.005774544457956683
driven_dt1e-3,cos_odd_diff,0.71,-0.003480469630774514,0.0014359051897297078,-0.004826413938946996,0.005356712706339385
driven_dt1e-3,cos_odd_diff,0.72,-0.0031247420145695355,0.0014458323970735832,-0.004793041342135909,0.004969114226615764
driven_dt1e-3,cos_odd_diff,0.73,-0.002724953293037886,0.0014504390497310166,-0.004738224361051184,0.004609561414024204
driven_dt1e-3,cos_odd_diff,0.74,-0.002387617423343016,0.0014527092694598966,-0.004664911296969252,0.004276024953471819
driven_dt1e-3,cos_odd_diff,0.75,-0.002100093221051944,0.0014645276795445701,-0.004575784020867866,0.0039666223660856205
driven_dt1e-3,cos_odd_diff,0.76,-0.0017872068691939223,0.0014698102443309487,-0.004473276658025395,0.003679607384506899
driven_dt1e-3,cos_odd_diff,0.77,-0.0014414605099822473,0.0014665077849600413,-0.004359593280688684,0.0034133600969630242
driven_dt1e-3,cos_odd_diff,0.78,-0.00117065751467184,0.001458377395296972,-0.00423672463724049,0.0031663778044898044
driven_dt1e-3,cos_odd_diff,0.79,-0.000884071400332854,0.0014607307796313893,-0.004106463947918338,0.002937266539702644
driven_dt1e-3,cos_odd_diff,0.8,-0.0005551513171218073,0.001458893187440233,-0.003970421798395843,0.002724733199248439
driven_dt1e-3,cos_odd_diff,0.81,-0.00022431036335757311,0.001457654242576761,-0.0038300401634741906,0.002527578245533762
driven_dt1e-3,cos_odd_diff,0.8200000000000001,4.3787776757186776e-05,0.001458787444543627,-0.0036866055937795923,0.0023446889365379728
driven_dt1e-3,cos_odd_diff,0.8300000000000001,0.00029864500684141914,0.0014633044182158432,-0.003541261598755254,0.002175033045500285
driven_dt1e-3,cos_odd_diff,0.84,0.0005578166797022125,0.001477872100012632,-0.0033950202594024543,0.0020176530350347545
driven_dt1e-3,cos_odd_diff,0.85,0.0008025378164629636,0.0014905763077121697,-0.0032487731041926675,0.0018716606527918707
driven_dt1e-3,cos_odd_diff,0.86,0.0010998928289858072,0.0015063962751779695,-0.0031033012813653726,0.0017362319181647348
driven_dt1e-3,cos_odd_diff,0.87,0.0013856223982051808,0.0015300487478601024,-0.0029592850604675566,0.001610602471744757
driven_dt1e-3,cos_odd_diff,0.88,0.0016718388745880835,0.0015549823450907447,-0.0028173126955012167,0.0014940632612792449
driven_dt1e-3,cos_odd_diff,0.89,0.001916367133467043,0.0015679803477500658,-0.002677888681443537,0.001385956539782418
driven_dt1e-3,cos_odd_diff,0.9,0.00213787059916507,0.0015745072199311947,-0.002541441435207595,0.0012856721532132208
driven_dt1e-3,cos_odd_diff,0.91,0.0023089323559639884,0.001578923344671217,-0.00240833043133538,0.0011926440967675765
driven_dt1e-3,cos_odd_diff,0.92,0.0024327091233740422,0.0015805389522706192,-0.0022788528218730337,0.0011063473203488242
driven_dt1e-3,cos_odd_diff,0.93,0.00248517064029569,0.0015833386622364134,-0.002153249568983727,0.001026294765186398
driven_dt1e-3,cos_odd_diff,0.9400000000000001,0.0025522800368445774,0.0015800878826159833,-0.0020317111179172288,0.0009520346148774614
driven_dt1e-3,cos_odd_diff,0.9500000000000001,0.0025797060130567685,0.0015811941149490645,-0.0019143826369876797,0.0008831477453363587
driven_dt1e-3,cos_odd_diff,0.96,0.002583618896294083,0.0015807059464911595,-0.0018013688502209245,0.0008192453592594263
driven_dt1e-3,cos_odd_diff,0.97,0.0026038097903341387,0.0015801267860472428,-0.0016927384873284869,0.0007599667917540618
driven_dt1e-3,cos_odd_diff,0.98,0.0025846329190367576,0.00158295077050869,-0.0015885283746536413,0.0007049774747470641
driven_dt1e-3,cos_odd_diff,0.99,0.0025777998144526793,0.0015980285098681794,-0.0014887471897225698,0.0006539670486833357
driven_dt1e-3,cos_odd_diff,1.0,0.002550049882219866,0.0016074843843890785,-0.001393378901025791,0.0006066476108574046
driven_dt1e-3,sin_odd_diff,0.05,0.7053192806207464,0.001988055199545147,0.6949793768587083,0.8259803596649004
driven_dt1e-3,sin_odd_diff,0.06,0.6644883118005314,0.0019757342685548566,0.6583434657013189,0.7448454565046077
driven_dt1e-3,sin_odd_diff,0.07,0.6249272283869769,0.0019534361301057823,0.6223593353276972,0.6716803221575839
driven_dt1e-3,sin_odd_diff,0.08,0.5867434642070635,0.0019323457468664856,0.5870799090540563,0.6057020973060402
driven_dt1e-3,sin_odd_diff,0.09,0.5500553157438292,0.0019004226649177022,0.5525527673900189,0.5462048218153138
driven_dt1e-3,sin_odd_diff,0.1,0.5148732724064589,0.0018690158974823236,0.5188203718255466,0.49255188103395003
driven_dt1e-3,sin_odd_diff,0.11,0.4811479641680929,0.0018384629823626239,0.4859202875541479,0.44416919408323063
driven_dt1e-3,sin_odd_diff,0.12,0.44878267199314936,0.0018095375495802953,0.4538854046100573,0.40053907125155863
driven_dt1e-3,sin_odd_diff,0.13,0.41787659694445756,0.001780605688404032,0.42274415693553513,0.3611946747684594
driven_dt1e-3,sin_odd_diff,0.14,0.38815537642871434,0.0017506992426863973,0.3925207389316639,0.32571502368905403
driven_dt1e-3,sin_odd_diff,0.15,0.35950139792952074,0.0017103375810112477,0.3632353190819818,0.29372048944179274
driven_dt1e-3,sin_odd_diff,0.16,0.33203064676937394,0.0016718538237298975,0.3349042502729996,0.2648687338422748
driven_dt1e-3,sin_odd_diff,0.17,0.3055258687258638,0.0016350745388827822,0.3075402764690756,0.23885104611032817
driven_dt1e-3,sin_odd_diff,0.18,0.27997510062155817,0.0016003638146775893,0.28115273543126573,0.21538903969681228
driven_dt1e-3,sin_odd_diff,0.19,0.25537935121937594,0.0015681141893729136,0.25574775720063225,0.19423167357653412
driven_dt1e-3,sin_odd_diff,0.2,0.23171523529659727,0.0015405114516693532,0.23132845809608116,0.1751525661354236
driven_dt1e-3,sin_odd_diff,0.21,0.20891297265474762,0.0015209438254994343,0.20789513000509868,0.15794757291083933
driven_dt1e-3,sin_odd_diff,0.22,0.18690808631610495,0.0014989170207249773,0.18544542477280743,0.14243260226707816
driven_dt1e-3,sin_odd_diff,0.23,0.16579708983004043,0.0014790538032156933,0.1639745335205449,0.12844164563404606
driven_dt1e-3,sin_odd_diff,0.24,0.14557579544314703,0.0014681464467538314,0.14347536074971015,0.11582500123284649
driven_dt1e-3,sin_odd_diff,0.25,0.12615813085493624,0.001459488111954618,0.12393869310994735,0.1044476722823369
driven_dt1e-3,sin_odd_diff,0.26,0.10763174551394758,0.0014515374350646314,0.10535336273284232,0.09418792254762962
driven_dt1e-3,sin_odd_diff,0.27,0.08992517169133221,0.0014446091551699816,0.08770640505323518,0.08493597377505659
driven_dt1e-3,sin_odd_diff,0.28,0.07306792909613001,0.0014366105263843806,0.07098321106001115,0.0765928310762881
driven_dt1e-3,sin_odd_diff,0.29,0.05713974390834248,0.0014250259120562982,0.05516767393685052,0.06906922369333722
driven_dt1e-3,sin_odd_diff,0.3,0.042053601357596136,0.001419102436652418,0.04024233007092219,0.062284649810746336
driven_dt1e-3,sin_odd_diff,0.31,0.027813344316580883,0.0014190781222680794,0.026188494423920905,0.05616651519454573
driven_dt1e-3,sin_odd_diff,0.32,0.01436293028146221,0.0014202932422839585,0.012986390275198595,0.050649356441510245
driven_dt1e-3,sin_odd_diff,0.33,0.0017162909725889513,0.0014305310228430207,0.0006152733610641075,0.045674140527562516
driven_dt1e-3,sin_odd_diff,0.34,-0.010048558398937809,0.0014406604014474394,-0.010946449552358396,0.04118763316056312
driven_dt1e-3,sin_odd_diff,0.35000000000000003,-0.02111845444200425,0.0014488522840439817,-0.021721107612975833,0.03714182917892886
driven_dt1e-3,sin_odd_diff,0.36,-0.03135242644209665,0.001457111883705564,-0.031731658282137476,0.033493438901403265
driven_dt1e-3,sin_odd_diff,0.37,-0.04083206692766797,0.0014563459340991081,-0.04100158511797725,0.030203424931975444
driven_dt1e-3,sin_odd_diff,0.38,-0.04962164597553938,0.0014620881182242445,-0.049554800861437216,0.0272365844638084
driven_dt1e-3,sin_odd_diff,0.39,-0.0576913919763533,0.0014512763037756368,-0.05741555573495497,0.024561172612871933
driven_dt1e-3,sin_odd_diff,0.4,-0.06504422847924116,0.00144716049109756,-0.064608350855841,0.022148562750989666
driven_dt1e-3,sin_odd_diff,0.41000000000000003,-0.07166672031598992,0.001439531321641456,-0.07115785665920059,0.01997294020389876
driven_dt1e-3,sin_odd_diff,0.42,-0.07774298033820737,0.0014381515221060389,-0.07708883621883039,0.01801102603692381
driven_dt1e-3,sin_odd_diff,0.43,-0.08313329821439391,0.0014333241770767627,-0.08242607334881585,0.01624182797280013
driven_dt1e-3,sin_odd_diff,0.44,-0.08792524562340262,0.001434524857265865,-0.0871943053635343,0.014646415776493312
driven_dt1e-3,sin_odd_diff,0.45,-0.0922248725769414,0.0014150349866967164,-0.09141816036940416,0.013207718703655799
driven_dt1e-3,sin_odd_diff,0.46,-0.09605031532353836,0.0014094538100359066,-0.09512209895797757,0.011910342845440174
driven_dt1e-3,sin_odd_diff,0.47000000000000003,-0.09931625878142486,0.0014063307044048282,-0.09833036016682314,0.010740406415277693
driven_dt1e-3,sin_odd_diff,0.48,-0.10211091119561666,0.001401545083195113,-0.10106691157205626,0.009685391215207709
driven_dt1e-3,sin_odd_diff,0.49,-0.10445205085135734,0.001401400987703156,-0.1033554033743173,0.008734008692463179
driven_dt1e-3,sin_odd_diff,0.5,-0.10628259846924873,0.0013920044370386907,-0.10521912633844255,0.007876079153131701
driven_dt1e-3,sin_odd_diff,0.51,-0.10769722205924534,0.0013927708978358484,-0.10668097344599102,0.007102422840490814
driven_dt1e-3,sin_odd_diff,0.52,-0.10871264994959465,0.0013940128206904748,-0.10776340511915337,0.006404761712567071
driven_dt1e-3,sin_odd_diff,0.53,-0.10935779794329181,0.0014057410903448406,-0.10848841787435205,0.005775630867949044
driven_dt1e-3,sin_odd_diff,0.54,-0.10969727798112137,0.0014171720685269243,-0.10887751626401104,0.0052082986721196465
driven_dt1e-3,sin_odd_diff,0.55,-0.10966616318553203,0.0014279097763825082,-0.10895168796551474,0.004696694729667859
driven_dt1e-3,sin_odd_diff,0.56,-0.10935109528253523,0.0014364179252456832,-0.10873138187724832,0.004235344931690027
driven_dt1e-3,sin_odd_diff,0.5700000000000001,-0.10881310195779956,0.0014468252707804162,-0.10823648908280674,0.0038193128833946904
driven_dt1e-3,sin_odd_diff,0.58,-0.10800781197007488,0.001458265506693867,-0.10748632654594024,0.0034441470851924155
driven_dt1e-3,sin_odd_diff,0.59,-0.10695629548585825,0.0014802653526765157,-0.10649962340055627,0.0031058333021137716
driven_dt1e-3,sin_odd_diff,0.6,-0.105691367624384,0.0014975788959108352,-0.10529450970209407,0.0028007516119132373
driven_dt1e-3,sin_odd_diff,0.61,-0.10420153989523483,0.0015135569498793422,-0.1038885075088098,0.0025256376722781536
driven_dt1e-3,sin_odd_diff,0.62,-0.10257384365557774,0.001510570264604646,-0.10229852416393466,0.0022775477927059443
driven_dt1e-3,sin_odd_diff,0.63,-0.1008142241481333,0.0015082645493750563,-0.10054084765227793,0.002053827437322306
driven_dt1e-3,sin_odd_diff,0.64,-0.0988504806559688,0.0015082973746202873,-0.09863114390762108,0.0018520828216238138
driven_dt1e-3,sin_odd_diff,0.65,-0.09666319861244006,0.001511864662717446,-0.09658445595016944,0.0016701552992330225
driven_dt1e-3,sin_odd_diff,0.66,-0.09437712314337232,0.0015141467697065863,-0.09441520473637938,0.0015060982646070461
driven_dt1e-3,sin_odd_diff,0.67,-0.0919312924050567,0.0015051623023821078,-0.09213719160664095,0.0013581563245609741
driven_dt1e-3,sin_odd_diff,0.68,-0.0894521561456284,0.0014993637458517,-0.08976360221955708,0.0012247465157436078
driven_dt1e-3,sin_odd_diff,0.6900000000000001,-0.08689968367707929,0.0015107040456933487,-0.0873070118649029,0.0011044413670944586
driven_dt1e-3,sin_odd_diff,0.7000000000000001,-0.08427421763817788,0.0015196874325156334,-0.08477939205075734,0.0009959536260520632
driven_dt1e-3,sin_odd_diff,0.71,-0.08160501231038896,0.0015054723262356857,-0.08219211826376574,0.0008981224850856375
driven_dt1e-3,sin_odd_diff,0.72,-0.07898058959126478,0.0014981844020132986,-0.0795559788049957,0.0008099011611753843
driven_dt1e-3,sin_odd_diff,0.73,-0.07628638264213905,0.0014936744786044854,-0.07688118460738513,0.0007303456953432033
driven_dt1e-3,sin_odd_diff,0.74,-0.0736751990167501,0.0014891438783676213,-0.07417737994433403,0.0006586048523899305
driven_dt1e-3,sin_odd_diff,0.75,-0.07098680655104604,0.0014828672073445108,-0.07145365394255275,0.0005939110127673578
driven_dt1e-3,sin_odd_diff,0.76,-0.06828765372250353,0.0014781347973882295,-0.06871855281583755,0.0005355719591290118
driven_dt1e-3,sin_odd_diff,0.77,-0.06550539285694226,0.0014635398193250367,-0.06598009273999046,0.0004829634696766358
driven_dt1e-3,sin_odd_diff,0.78,-0.06281093075542882,0.0014525523605259155,-0.06324577329262802,0.0004355226390519578
driven_dt1e-3,sin_odd_diff,0.79,-0.06016523776935777,0.0014439422296796244,-0.06052259138511865,0.000392741855307982
driven_dt1e-3,sin_odd_diff,0.8,-0.057486736635890684,0.0014446178821229361,-0.05781705561735313,0.0003541633685140166
driven_dt1e-3,sin_odd_diff,0.81,-0.05478299424284712,0.0014476792335105014,-0.055135200989469,0.0003193743928790931
driven_dt1e-3,sin_odd_diff,0.8200000000000001,-0.05213644425400281,0.001451032941599127,-0.05248260390802151,0.00028800268998698637
driven_dt1e-3,sin_odd_diff,0.8300000000000001,-0.04949007738860533,0.0014587585416653704,-0.0498643974274081,0.0002597125858839327
driven_dt1e-3,sin_odd_diff,0.84,-0.04688485148467826,0.0014592646157335148,-0.04728528667060907,0.0002342013794022789
driven_dt1e-3,sin_odd_diff,0.85,-0.04427845444610274,0.0014610976496330604,-0.04474956437649681,0.00021119610328951505
driven_dt1e-3,sin_odd_diff,0.86,-0.04174266445523528,0.001469390556229004,-0.04226112652408912,0.00019045060348710124
driven_dt1e-3,sin_odd_diff,0.87,-0.03927875756546338,0.0014780885277206892,-0.03982348798716895,0.0001717429053076744
driven_dt1e-3,sin_odd_diff,0.88,-0.03692619786878371,0.0014829431356786394,-0.03743979817566708,0.00015487283832901338
driven_dt1e-3,sin_odd_diff,0.89,-0.03467328024472899,0.0014826187753591298,-0.03511285662309801,0.00013965989459136552
driven_dt1e-3,sin_odd_diff,0.9,-0.03246182418460307,0.0014790574980942345,-0.03284512848215052,0.00012594129718107827
driven_dt1e-3,sin_odd_diff,0.91,-0.03036249501223528,0.0014771561573179975,-0.030638759893264235,0.00011357025853457333
driven_dt1e-3,sin_odd_diff,0.92,-0.028257350588886967,0.0014802182644533452,-0.028495593193666343,0.00010241440982670543
driven_dt1e-3,sin_odd_diff,0.93,-0.0261749908089466,0.0014813113177463424,-0.026417181936898525,9.235438463811684e-05
driven_dt1e-3,sin_odd_diff,0.9400000000000001,-0.024161846317825864,0.0014892121348624775,-0.02440480569533373,8.328254174698329e-05
driven_dt1e-3,sin_odd_diff,0.9500000000000001,-0.022241284291814108,0.0015034073948300844,-0.0224594846205611,7.510181337914904e-05
driven_dt1e-3,sin_odd_diff,0.96,-0.020315036232945335,0.0015147719103690692,-0.020581993738808816,6.772466659305395e-05
driven_dt1e-3,sin_odd_diff,0.97,-0.01852858399951581,0.0015296074037194217,-0.01877287696077473,6.107216668637365e-05
driven_dt1e-3,sin_odd_diff,0.98,-0.016781443091390714,0.0015491303021009843,-0.017032460787347624,5.507313260292584e-05
driven_dt1e-3,sin_odd_diff,0.99,-0.015156197116781928,0.0015728677291696302,-0.01536086769472256,4.9663375302782384e-05
driven_dt1e-3,sin_odd_diff,1.0,-0.013672730684102144,0.0015909160553768428,-0.013758029184348968,4.478501094622637e-05
driven_dt2p5e-4,I1_minus_I3,0.05,4.594326323032043,0.032004114612733135,4.523190401234349,5.843457649637272
driven_dt2p5e-4,I1_minus_I3,0.06,4.454361961134471,0.031053210205406793,4.402905882061831,5.3892584840657625
driven_dt2p5e-4,I1_minus_I3,0.07,4.305519809799196,0.030028917507767358,4.270925418387379,4.970363224909774
driven_dt2p5e-4,I1_minus_I3,0.08,4.14943697596185,0.028960439603707748,4.129056565766236,4.584027776841374
driven_dt2p5e-4,I1_minus_I3,0.09,3.9876557526291587,0.027862360196352395,3.9789867605769267,4.227721337052731
driven_dt2p5e-4,I1_minus_I3,0.1,3.821390987417555,0.026747690237051733,3.8222858853657184,3.899109816495649
driven_dt2p5e-4,I1_minus_I3,0.11,3.6520487827105024,0.025642947491905134,3.660409207986923,3.5960405497518506
driven_dt2p5e-4,I1_minus_I3,0.12,3.48074071573187,0.024562749410655838,3.4947006434944643,3.316528193371551
driven_dt2p5e-4,I1_minus_I3,0.13,3.3083936341499673,0.02350876914945251,3.3263962909035762,3.05874172030329
driven_dt2p5e-4,I1_minus_I3,0.14,3.1362112521377545,0.022494312760898222,3.1566282000553443,2.8209924252182548
driven_dt2p5e-4,I1_minus_I3,0.15,2.964903002749133,0.021538156029368538,2.986428326869606,2.6017228621544732
driven_dt2p5e-4,I1_minus_I3,0.16,2.7952033971829318,0.02063656627067602,2.816732638253127,2.3994966420136916
driven_dt2p5e-4,I1_minus_I3,0.17,2.627675515163461,0.019796915599667318,2.648385330831188,2.212989023076484
driven_dt2p5e-4,I1_minus_I3,0.18,2.463003302132438,0.019035152897566097,2.4821431304840327,2.0409782328960095
driven_dt2p5e-4,I1_minus_I3,0.19,2.301685468364976,0.01834648314793137,2.3186796423886844,1.8823374647219602
driven_dt2p5e-4,I1_minus_I3,0.2,2.1441318724449836,0.017720725624775863,2.1585897238861436,1.736027496024955
driven_dt2p5e-4,I1_minus_I3,0.21,1.9907079944359172,0.01716216708540958,2.0023938550095224,1.6010898807668592
driven_dt2p5e-4,I1_minus_I3,0.22,1.8417643286773266,0.01666856236849907,1.850542483917058,1.476640670821026
driven_dt2p5e-4,I1_minus_I3,0.23,1.6975985831648297,0.016235768020940143,1.7034203267726429,1.3618646254127913
driven_dt2p5e-4,I1_minus_I3,0.24,1.558397560314997,0.01588167946857693,1.5613506038038751,1.2560098706474785
driven_dt2p5e-4,I1_minus_I3,0.25,1.424321674321385,0.015589497640888694,1.4245991953428008,1.1583829741415927
driven_dt2p5e-4,I1_minus_I3,0.26,1.2955981824358138,0.0153476429090727,1.2933787036172384,1.068344402492149
driven_dt2p5e-4,I1_minus_I3,0.27,1.172348245922594,0.015149109582509979,1.1678524079112378,0.9853043318269588
driven_dt2p5e-4,I1_minus_I3,0.28,1.0547325654201218,0.014997839233922701,1.0481381024527727,0.9087187839916666
driven_dt2p5e-4,I1_minus_I3,0.29,0.9427477820042973,0.014890422095657184,0.9343118080166277,0.8380860630625108
driven_dt2p5e-4,I1_minus_I3,0.3,0.8364622890586048,0.014818054598422978,0.8264113497525023,0.7729434688411372
driven_dt2p5e-4,I1_minus_I3,0.31,0.7357899560375958,0.014766319662544125,0.7244397951648776,0.7128642658022676
driven_dt2p5e-4,I1_minus_I3,0.32,0.6406934195079863,0.014729582566992742,0.6283687474847249,0.6574548876384273
driven_dt2p5e-4,I1_minus_I3,0.33,0.5511091979989534,0.01470866862275001,0.5381414908867065,0.6063523590892865
driven_dt2p5e-4,I1_minus_I3,0.34,0.46707641793611787,0.01470387512056402,0.4536759851220955,0.5592219181665622
driven_dt2p5e-4,I1_minus_I3,0.35000000000000003,0.3884883825337091,0.014712996876912571,0.3748677081607465,0.5157548231981717
driven_dt2p5e-4,I1_minus_I3,0.36,0.31529152719068865,0.014722019956679244,0.3015923463684852,0.47566633032603967
driven_dt2p5e-4,I1_minus_I3,0.37,0.24726173604844637,0.014736668876680716,0.2337083325930035,0.43869382820857156
driven_dt2p5e-4,I1_minus_I3,0.38,0.1843400204612884,0.014750559796596844,0.17105923329546432,0.4045951177086206
driven_dt2p5e-4,I1_minus_I3,0.39,0.12629640619427318,0.014754370652486883,0.11347598655039955,0.37314682529753934
driven_dt2p5e-4,I1_minus_I3,0.4,0.0729656663562083,0.014747076997009426,0.060778993347048296,0.3441429397818601
driven_dt2p5e-4,I1_minus_I3,0.41000000000000003,0.024244653923000105,0.014735610787368032,0.012780065164874422,0.3173934627670057
driven_dt2p5e-4,I1_minus_I3,0.42,-0.020206543930951754,0.014717950187483444,-0.030715768731363245,0.29272316401750176
driven_dt2p5e-4,I1_minus_I3,0.43,-0.060431565774729926,0.014698755339716348,-0.06990859042214918,0.269970433560312
driven_dt2p5e-4,I1_minus_I3,0.44,-0.0966922688028095,0.014662838280523888,-0.10500205468425598,0.248986223011668
driven_dt2p5e-4,I1_minus_I3,0.45,-0.12917655875839631,0.014616318743697938,-0.1362019780624442,0.22963306919224716
driven_dt2p5e-4,I1_minus_I3,0.46,-0.15799832434806316,0.014556814076159065,-0.1637150509188868,0.2117841936346024
driven_dt2p5e-4,I1_minus_I3,0.47000000000000003,-0.1834109292687881,0.014487934291358015,-0.18774766752244276,0.1953226720839084
driven_dt2p5e-4,I1_minus_I3,0.48,-0.2055532736056071,0.014421110575473775,-0.20850486908943316,0.18014066855159647
driven_dt2p5e-4,I1_minus_I3,0.49,-0.2246772323520363,0.01433630490716271,-0.22618939457822457,0.1661387289043214
driven_dt2p5e-4,I1_minus_I3,0.5,-0.24096140541247418,0.014248435255825932,-0.24100083396828778,0.15322512936071248
driven_dt2p5e-4,I1_minus_I3,0.51,-0.25463637259213356,0.01415590605690593,-0.25313487871729823,0.1413152756280441
driven_dt2p5e-4,I1_minus_I3,0.52,-0.2657138075525993,0.014061427163516542,-0.262782664084179,0.13033114874269733
driven_dt2p5e-4,I1_minus_I3,0.53,-0.2744348847732929,0.013962494382179483,-0.27013019802878163,0.12020079398422934
driven_dt2p5e-4,I1_minus_I3,0.54,-0.28093510386378395,0.01385938667875914,-0.27535787144733925,0.11085784951503161
driven_dt2p5e-4,I1_minus_I3,0.55,-0.2853411600358939,0.013759854038346139,-0.2786400445742089,0.10224111165779648
driven_dt2p5e-4,I1_minus_I3,0.56,-0.2877881587130465,0.013672460681851763,-0.280144704472177,0.09429413396301381
driven_dt2p5e-4,I1_minus_I3,0.5700000000000001,-0.2883771531244145,0.013594602824650847,-0.2800331886433338,0.08696485744007242
driven_dt2p5e-4,I1_minus_I3,0.58,-0.2873954667756287,0.013516908953836972,-0.2784599699179095,0.08020526952968893
driven_dt2p5e-4,I1_minus_I3,0.59,-0.2849729909890354,0.013461611506906137,-0.2755724979173837,0.07397108958366264
driven_dt2p5e-4,I1_minus_I3,0.6,-0.2812572122530469,0.01340577936517162,-0.27151109253860545,0.0682214787916001
driven_dt2p5e-4,I1_minus_I3,0.61,-0.2763470101752406,0.013352387142278613,-0.26640888506568666,0.06291877265440017
driven_dt2p5e-4,I1_minus_I3,0.62,-0.2704404669150453,0.013302158061196596,-0.26039180268434103,0.05802823425198941
driven_dt2p5e-4,I1_minus_I3,0.63,-0.26368102721197717,0.013241204073696874,-0.2535785923474559,0.05351782668901553
driven_dt2p5e-4,I1_minus_I3,0.64,-0.2561518339680348,0.013179814833625913,-0.24608088011953683,0.04935800322783915
driven_dt2p5e-4,I1_minus_I3,0.65,-0.247912991523505,0.013123246418789092,-0.23800326230984006,0.04552151373402859
driven_dt2p5e-4,I1_minus_I3,0.66,-0.239018038025586,0.013079808317437693,-0.2294434248882375,0.04198322616642191
driven_dt2p5e-4,I1_minus_I3,0.67,-0.22958131678082644,0.0130374469366416,-0.22049228786298422,0.03871996194237596
driven_dt2p5e-4,I1_minus_I3,0.68,-0.2197270911041746,0.012990936600345945,-0.2112341714845169,0.03571034409971403
driven_dt2p5e-4,I1_minus_I3,0.6900000000000001,-0.20957474754063976,0.012954033839547055,-0.20174698132323884,0.0329346572607124
driven_dt2p5e-4,I1_minus_I3,0.7000000000000001,-0.19911450070909506,0.012923935823852784,-0.1921024094511015,0.030374718480779963
driven_dt2p5e-4,I1_minus_I3,0.71,-0.18847439921835024,0.012896575980431096,-0.18236614913589222,0.028013758135786965
driven_dt2p5e-4,I1_minus_I3,0.72,-0.1777114569413848,0.012874406762669746,-0.17259812063280178,0.025836310067760614
driven_dt2p5e-4,I1_minus_I3,0.73,-0.1668825578822385,0.012846995421440235,-0.16285270582949551,0.023828110269315566
driven_dt2p5e-4,I1_minus_I3,0.74,-0.15603816367453166,0.012812809269859768,-0.1531789896680002,0.021976003443121523
driven_dt2p5e-4,I1_minus_I3,0.75,-0.14521830981721118,0.012762385454035186,-0.14362100642882758,0.02026785682429868
driven_dt2p5e-4,I1_minus_I3,0.76,-0.13446738870328862,0.012708982702022932,-0.1342179891194914,0.018692480701209845
driven_dt2p5e-4,I1_minus_I3,0.77,-0.12379084540416843,0.012635818984472936,-0.12500462036062435,0.017239555113997274
driven_dt2p5e-4,I1_minus_I3,0.78,-0.11322584431166564,0.012557973679801411,-0.11601128330802553,0.015899562250681544
driven_dt2p5e-4,I1_minus_I3,0.79,-0.10286656997736474,0.012482409545501495,-0.10726431128795204,0.014663724097963848
driven_dt2p5e-4,I1_minus_I3,0.8,-0.09273161883261502,0.012396818779398841,-0.09878623495567576,0.013523944938294672
driven_dt2p5e-4,I1_minus_I3,0.81,-0.08279556481257161,0.012300767735734922,-0.09059602591365425,0.012472758316519493
driven_dt2p5e-4,I1_minus_I3,0.8200000000000001,-0.07310746329252975,0.012191087392488838,-0.08270933584555595,0.011503278128690992
driven_dt2p5e-4,I1_minus_I3,0.8300000000000001,-0.06373745016364428,0.012062076019885326,-0.07513873033581701,0.010609153512640638
driven_dt2p5e-4,I1_minus_I3,0.84,-0.054660538640645094,0.011927974733578333,-0.06789391665140954,0.009784527244807497
driven_dt2p5e-4,I1_minus_I3,0.85,-0.045933465908965146,0.011791658402552417,-0.060981964863116495,0.009023997370790337
driven_dt2p5e-4,I1_minus_I3,0.86,-0.037582111892277885,0.011657115735539916,-0.05440752177792246,0.008322581818272919
driven_dt2p5e-4,I1_minus_I3,0.87,-0.029571375525240636,0.011531477966471648,-0.04817301724223228,0.0076756857605090965
driven_dt2p5e-4,I1_minus_I3,0.88,-0.021999816068122114,0.011411571681077691,-0.04227886245766836,0.007079071516572761
driven_dt2p5e-4,I1_minus_I3,0.89,-0.014920749924862503,0.011288631826138026,-0.03672364002730262,0.006528830791195387
driven_dt2p5e-4,I1_minus_I3,0.9,-0.008251946270640492,0.011170255535407904,-0.031504285520520724,0.006021359072340264
driven_dt2p5e-4,I1_minus_I3,0.91,-0.0019916210069199566,0.011058992280808908,-0.02661626040947832,0.005553332018797206
driven_dt2p5e-4,I1_minus_I3,0.92,0.003856378045196682,0.010954136234578048,-0.022053716289472437,0.005121683683117764
driven_dt2p5e-4,I1_minus_I3,0.93,0.0092907289770673,0.010863085096265242,-0.017809650349727226,0.004723586427234046
driven_dt2p5e-4,I1_minus_I3,0.9400000000000001,0.014369516579299675,0.010786578131370897,-0.013876052110285465,0.004356432399192484
driven_dt2p5e-4,I1_minus_I3,0.9500000000000001,0.01910539387669295,0.010709257714229889,-0.010244041485121688,0.004017816449660492
driven_dt2p5e-4,I1_minus_I3,0.96,0.023432582145161373,0.010642751070399265,-0.0069039982714744295,0.003705520376295683
driven_dt2p5e-4,I1_minus_I3,0.97,0.027439803879001846,0.01058521026568485,-0.003845683200950289,0.003417498392765745
driven_dt2p5e-4,I1_minus_I3,0.98,0.031085708843126315,0.010527807858266595,-0.0010583507194123771,0.0031518637272295747
driven_dt2p5e-4,I1_minus_I3,0.99,0.034358883140137186,0.010467451020101269,0.0014691463097512164,0.002906876262489133
driven_dt2p5e-4,I1_minus_I3,1.0,0.0372326688731323,0.010414869752742724,0.0037482597604452483,0.0026809311368452163
driven_dt2p5e-4,cos_odd_diff,0.05,0.7134397011737509,0.001859958436943026,0.708851503424852,0.748966439247776
driven_dt2p5e-4,cos_odd_diff,0.06,0.672213439050602,0.001852268325679126,0.6690558699171444,0.6962790922496315
driven_dt2p5e-4,cos_odd_diff,0.07,0.6324030893112728,0.0018484659746704844,0.6307831797771718,0.6472981283258621
driven_dt2p5e-4,cos_odd_diff,0.08,0.5941310395653193,0.0018454298341767975,0.5940360415892414,0.6017628155118367
driven_dt2p5e-4,cos_odd_diff,0.09,0.5576021021614292,0.0018391318244163194,0.5588094208690053,0.5594307634865208
driven_dt2p5e-4,cos_odd_diff,0.1,0.5229144038343141,0.0018088246685950147,0.5250915743681928,0.520076633297651
driven_dt2p5e-4,cos_odd_diff,0.11,0.4899186010733655,0.0017830389104579784,0.4928649053711306,0.4834909378535392
driven_dt2p5e-4,cos_odd_diff,0.12,0.45872386863620596,0.0017546947340686947,0.46210674528012485,0.449478926796365
driven_dt2p5e-4,cos_odd_diff,0.13,0.4292883262386658,0.0017209118851729758,0.4327900665103101,0.4178595498209981
driven_dt2p5e-4,cos_odd_diff,0.14,0.4016030702752196,0.0016846987554998132,0.4048841314468928,0.3884644929209599
driven_dt2p5e-4,cos_odd_diff,0.15,0.37549028536571893,0.001650957340784888,0.3783550819590662,0.36113728243134036
driven_dt2p5e-4,cos_odd_diff,0.16,0.35080312615054854,0.0016159416645445495,0.3531664737154236,0.3357324520993738
driven_dt2p5e-4,cos_odd_diff,0.17,0.3275296524491821,0.0015732803804403789,0.3292797593055475,0.3121147687488842
driven_dt2p5e-4,cos_odd_diff,0.18,0.30559718036168,0.0015293588818799924,0.306654723941648,0.29015851241671253
driven_dt2p5e-4,cos_odd_diff,0.19,0.28487600499355326,0.0014836116442937528,0.2852498772926672,0.269746807129198
driven_dt2p5e-4,cos_odd_diff,0.2,0.26526293463554296,0.0014460557133427875,0.26502280479110535,0.25077099875635334
driven_dt2p5e-4,cos_odd_diff,0.21,0.24669778579608143,0.0014146201325807174,0.245930481549868,0.2331300766319693
driven_dt2p5e-4,cos_odd_diff,0.22,0.22923487615865162,0.0013844801377032965,0.2279295518325721,0.21673013586085949
driven_dt2p5e-4,cos_odd_diff,0.23,0.21265936768865618,0.0013594432253220615,0.21097657683581708,0.2014838774510371
driven_dt2p5e-4,cos_odd_diff,0.24,0.19701251677242407,0.001355281450459733,0.1950282533657626,0.1873101436099638
driven_dt2p5e-4,cos_odd_diff,0.25,0.18219067602815053,0.0013521095702685863,0.18004160582375384,0.17413348573119125
driven_dt2p5e-4,cos_odd_diff,0.26,0.1682264742855109,0.0013523696612154842,0.16597415375648453,0.16188376277173494
driven_dt2p5e-4,cos_odd_diff,0.27,0.15513053159823756,0.0013584908906132329,0.15278405707506038,0.15049576788228966
driven_dt2p5e-4,cos_odd_diff,0.28,0.14279880697732272,0.0013679674458601545,0.1404302409040793,0.13990888130279205
driven_dt2p5e-4,cos_odd_diff,0.29,0.1311657232306439,0.0013736064139568832,0.12887250188622895,0.13006674767564866
driven_dt2p5e-4,cos_odd_diff,0.3,0.1201799712676753,0.0013753980328872256,0.11807159763966137,0.12091697605892618
driven_dt2p5e-4,cos_odd_diff,0.31,0.10981206929507262,0.0013944652323020783,0.10798932094427734,0.11241086104263588
driven_dt2p5e-4,cos_odd_diff,0.32,0.1001268853462673,0.0014181852083267426,0.09858856011877039,0.10450312348357789
driven_dt2p5e-4,cos_odd_diff,0.33,0.09108146457996898,0.001444711052119945,0.08983334694258446,0.09715166947864391
driven_dt2p5e-4,cos_odd_diff,0.34,0.0825801578432365,0.0014642849685118488,0.08168889337555478,0.09031736629356223
driven_dt2p5e-4,cos_odd_diff,0.35000000000000003,0.0746386751526453,0.0014956715017455761,0.07412161823267033,0.08396383405432503
driven_dt2p5e-4,cos_odd_diff,0.36,0.06726853791952024,0.0015255262281715853,0.06709916488185225,0.07805725209244448
driven_dt2p5e-4,cos_odd_diff,0.37,0.06038704781351292,0.0015532808818774935,0.06059041094863009,0.07256617891318856
driven_dt2p5e-4,cos_odd_diff,0.38,0.05408071286200744,0.0015786878887939337,0.054565470932858434,0.06746138482846488
driven_dt2p5e-4,cos_odd_diff,0.39,0.04827208152258833,0.0015953232742465157,0.04899569256890287,0.06271569636343498
driven_dt2p5e-4,cos_odd_diff,0.4,0.042935654579627426,0.0016100961215141437,0.04385364769179441,0.05830385160861625
driven_dt2p5e-4,cos_odd_diff,0.41000000000000003,0.03792303098013891,0.0016234745585598513,0.03911311830745989,0.0542023657474918
driven_dt2p5e-4,cos_odd_diff,0.42,0.03337803100942244,0.001633398617272178,0.034749078505061995,0.0503894060438145
driven_dt2p5e-4,cos_odd_diff,0.43,0.029204113034721108,0.0016531298089314849,0.030737672793490246,0.046844675623146696
driven_dt2p5e-4,cos_odd_diff,0.44,0.025375345392396657,0.0016766304393890845,0.027056191391925864,0.04354930542998943
driven_dt2p5e-4,cos_odd_diff,0.45,0.021884135345447486,0.001689944360072037,0.023683042955941185,0.040485753785375674
driven_dt2p5e-4,cos_odd_diff,0.46,0.01880055952383188,0.0016982050699432918,0.02059772517559004,0.03763771301025911
driven_dt2p5e-4,cos_odd_diff,0.47000000000000003,0.01592915472751494,0.0017015374449413985,0.017780793640202443,0.034990022617643175
driven_dt2p5e-4,cos_odd_diff,0.48,0.013266485304377542,0.0017056323200674822,0.015213829325926487,0.03252858861136083
driven_dt2p5e-4,cos_odd_diff,0.49,0.010851333501099365,0.0017225022106179334,0.012879405026283956,0.030240308461921876
driven_dt2p5e-4,cos_odd_diff,0.5,0.008705807446731644,0.0017270142023996645,0.01076105101295059,0.02811300136006506
driven_dt2p5e-4,cos_odd_diff,0.51,0.006724074771342679,0.0017272312957471744,0.008843220183471532,0.026135343376745144
driven_dt2p5e-4,cos_odd_diff,0.52,0.004951643082208651,0.0017307202212132693,0.007111252924520605,0.024296807184403572
driven_dt2p5e-4,cos_odd_diff,0.53,0.0033131540343221376,0.0017260088852218676,0.005551341893457439,0.02258760601865123
driven_dt2p5e-4,cos_odd_diff,0.54,0.001915008111299151,0.001727492488017101,0.0041504968971859514,0.02099864158206404
driven_dt2p5e-4,cos_odd_diff,0.55,0.0006432456682419912,0.001729237069103758,0.0028965100255349224,0.019521455612776753
driven_dt2p5e-4,cos_odd_diff,0.56,-0.0004745404289245139,0.0017260230601606906,0.0017779211764370573,0.0181481848600682
driven_dt2p5e-4,cos_odd_diff,0.5700000000000001,-0.001438059906622232,0.0017249312199859568,0.0007839840919530896,0.016871519227267307
driven_dt2p5e-4,cos_odd_diff,0.58,-0.0022829530800717807,0.0017188236215871467,-9.536699244310511e-05,0.01568466285916934
driven_dt2p5e-4,cos_odd_diff,0.59,-0.00297497063316122,0.001719453324182378,-0.0008695499980456046,0.014581297966825234
driven_dt2p5e-4,cos_odd_diff,0.6,-0.0036036700126318554,0.001721818816080323,-0.0015473668790497894,0.01355555119713947
driven_dt2p5e-4,cos_odd_diff,0.61,-0.00409254660733698,0.001718210936148702,-0.0021370346635985788,0.012601962368256675
driven_dt2p5e-4,cos_odd_diff,0.62,-0.004508691689230092,0.0017086271479492762,-0.002646215609983935,0.01171545540431214
driven_dt2p5e-4,cos_odd_diff,0.63,-0.004810728413931603,0.0017044732049762779,-0.003082046438423993,0.010891311314827668
driven_dt2p5e-4,cos_odd_diff,0.64,-0.005050008822690193,0.001703808281882368,-0.0034511666079924956,0.010125143074918989
driven_dt2p5e-4,cos_odd_diff,0.65,-0.0052381724078400535,0.0016985162472778208,-0.0037597456164890956,0.009412872272598518
driven_dt2p5e-4,cos_odd_diff,0.66,-0.005432196529200625,0.0016917116087433173,-0.004013509308380217,0.008750707398864382
driven_dt2p5e-4,cos_odd_diff,0.67,-0.005512736455800713,0.0016844680399974855,-0.004217765182478473,0.008135123665010765
driven_dt2p5e-4,cos_odd_diff,0.68,-0.00547896983632631,0.0016660358761106814,-0.004377426696828462,0.007562844239724733
driven_dt2p5e-4,cos_odd_diff,0.6900000000000001,-0.005359451185530576,0.0016428972070970656,-0.0044970365733881,0.00703082280609215
driven_dt2p5e-4,cos_odd_diff,0.7000000000000001,-0.005174663557064949,0.0016204453906147713,-0.004580789109593824,0.006536227345661247
driven_dt2p5e-4,cos_odd_diff,0.71,-0.004993466193838199,0.0015943919472459628,-0.004632551507827212,0.006076425063244583
driven_dt2p5e-4,cos_odd_diff,0.72,-0.004757319303906055,0.0015668204457389785,-0.004655884237209063,0.005648968372211892
driven_dt2p5e-4,cos_odd_diff,0.73,-0.004381322634688684,0.0015351705140004151,-0.004654060445080188,0.005251581865672035
driven_dt2p5e-4,cos_odd_diff,0.74,-0.003946312840602253,0.001511436162130028,-0.00463008443802876,0.0048821502041896826
driven_dt2p5e-4,cos_odd_diff,0.75,-0.003486950963310159,0.001501469215887126,-0.0045867092544313445,0.00453870685556174
driven_dt2p5e-4,cos_odd_diff,0.76,-0.0030568559232169727,0.0014868303439012655,-0.004526453352225522,0.004219423626713712
driven_dt2p5e-4,cos_odd_diff,0.77,-0.0026666716615957845,0.0014675829861890714,-0.004451616437060421,0.003922600931993091
driven_dt2p5e-4,cos_odd_diff,0.78,-0.002312277731109619,0.0014416245017696266,-0.004364294457108825,0.0036466587460565135
driven_dt2p5e-4,cos_odd_diff,0.79,-0.0019508250893686158,0.0014193905637616651,-0.004266393791700069,0.003390128193191868
driven_dt2p5e-4,cos_odd_diff,0.8,-0.0017008227555968297,0.0014060803301436712,-0.004159644661573915,0.003151643728304112
driven_dt2p5e-4,cos_odd_diff,0.81,-0.0014021853420278791,0.0013972355900159807,-0.004045613788986343,0.002929935867943296
driven_dt2p5e-4,cos_odd_diff,0.8200000000000001,-0.0011737727652337505,0.0013944957974172196,-0.003925716336142166,0.002723824432681017
driven_dt2p5e-4,cos_odd_diff,0.8300000000000001,-0.0009600967681602175,0.001391199707974519,-0.0038012271505072945,0.0025322122648636916
driven_dt2p5e-4,cos_odd_diff,0.84,-0.0008106693759837385,0.0013853005256376965,-0.003673291345485068,0.002354079388301391
driven_dt2p5e-4,cos_odd_diff,0.85,-0.0006849719677399039,0.0013785295106893058,-0.0035429342447436496,0.002188477578803513
driven_dt2p5e-4,cos_odd_diff,0.86,-0.0005687270582323705,0.001379110126691061,-0.003411070718171787,0.0020345253166595832
driven_dt2p5e-4,cos_odd_diff,0.87,-0.0004842844290757261,0.0013864938865176986,-0.0032785139370329485,0.001891403094196566
driven_dt2p5e-4,cos_odd_diff,0.88,-0.00032619040370154904,0.001401081810321731,-0.003145983575396416,0.0017583490534342262
driven_dt2p5e-4,cos_odd_diff,0.89,-0.00019588441502301824,0.001409204335969839,-0.003014113484361006,0.0016346549306171954
driven_dt2p5e-4,cos_odd_diff,0.9,-0.00012005693360566793,0.001406857209200559,-0.0028834588649635966,0.00151966228603601
driven_dt2p5e-4,cos_odd_diff,0.91,4.627242479121477e-05,0.0014140471873972044,-0.0027545029649911554,0.0014127589990679203
driven_dt2p5e-4,cos_odd_diff,0.92,0.00022218301708477558,0.0014131043934822924,-0.0026276633242002224,0.0013133760097801751
driven_dt2p5e-4,cos_odd_diff,0.93,0.00031873546634638404,0.0014216688198213433,-0.0025032975917005846,0.0012209842897508687
driven_dt2p5e-4,cos_odd_diff,0.9400000000000001,0.0004088136972617306,0.0014242890468021334,-0.0023817089384873397,0.0011350920259826861
driven_dt2p5e-4,cos_odd_diff,0.9500000000000001,0.00041642029595394855,0.0014156618294269892,-0.0022631510873146023,0.0010552420029191132
driven_dt2p5e-4,cos_odd_diff,0.96,0.0004241361186933109,0.001424627811992177,-0.0021478329813006064,0.0009810091686272922
driven_dt2p5e-4,cos_odd_diff,0.97,0.0004003159108998389,0.0014317041525444166,-0.0020359231118433694,0.0009119983721919548
driven_dt2p5e-4,cos_odd_diff,0.98,0.00037347773567281963,0.0014378078185978015,-0.0019275535256130974,0.0008478422602763396
driven_dt2p5e-4,cos_odd_diff,0.99,0.00030372528621288816,0.001444035567109597,-0.0018228235295763224,0.0007881993216531674
driven_dt2p5e-4,cos_odd_diff,1.0,0.0002710648533804426,0.0014517882974591214,-0.0017218031122010723,0.0007327520692965049
driven_dt2p5e-4,sin_odd_diff,0.05,0.7074182300752789,0.001781483866084221,0.6990521108062271,0.8179211000146376
driven_dt2p5e-4,sin_odd_diff,0.06,0.6665265983578113,0.001781698188142922,0.6618793263311583,0.7378320161756617
driven_dt2p5e-4,sin_odd_diff,0.07,0.6268037633120006,0.0017765407831297035,0.6253825526290324,0.6655850840430688
driven_dt2p5e-4,sin_odd_diff,0.08,0.5884455385799832,0.0017745354041693775,0.5896147491248743,0.6004124169032394
driven_dt2p5e-4,sin_odd_diff,0.09,0.5514884784917374,0.0017743670254356488,0.5546234518470964,0.5416213178663457
driven_dt2p5e-4,sin_odd_diff,0.1,0.5159990093358746,0.0017698085121420728,0.5204510028551149,0.48858691743970534
driven_dt2p5e-4,sin_odd_diff,0.11,0.4820940819930235,0.0017604190655366296,0.48713477845293457,0.44074553201419786
driven_dt2p5e-4,sin_odd_diff,0.12,0.4496406682659453,0.001751518298500083,0.4547074156596328,0.39758867267347736
driven_dt2p5e-4,sin_odd_diff,0.13,0.41845852926666666,0.0017385526271118702,0.4231970364470749,0.358657640647768
driven_dt2p5e-4,sin_odd_diff,0.14,0.3885411882038712,0.001721836870280534,0.3926274692933157,0.3235386519692582
driven_dt2p5e-4,sin_odd_diff,0.15,0.35974311489484845,0.0017004539130680127,0.36301846763696405,0.29185843951080537
driven_dt2p5e-4,sin_odd_diff,0.16,0.33208122283565256,0.0016824921060466403,0.33438592485328783,0.26328028566360023
driven_dt2p5e-4,sin_odd_diff,0.17,0.3054712085644218,0.0016577836259580845,0.3067420854070428,0.23750044348654395
driven_dt2p5e-4,sin_odd_diff,0.18,0.27983851830839057,0.001631879692838044,0.2800957518698496,0.21424490828902024
driven_dt2p5e-4,sin_odd_diff,0.19,0.2550722710090707,0.0016106576047471173,0.25445248752149957,0.19326650533337328
driven_dt2p5e-4,sin_odd_diff,0.2,0.2312174770105645,0.0015902953203448544,0.22981481428477196,0.17434226270332817
driven_dt2p5e-4,sin_odd_diff,0.21,0.20815632220858882,0.00157820860115985,0.20618240577224908,0.1572710414155124
driven_dt2p5e-4,sin_odd_diff,0.22,0.18598005903069617,0.0015665130270155134,0.18355227525120224,0.1418713975853867
driven_dt2p5e-4,sin_odd_diff,0.23,0.1646776836184703,0.001551196252038505,0.1619189583589217,0.12797965392531316
driven_dt2p5e-4,sin_odd_diff,0.24,0.14424209360314905,0.0015442976097874666,0.14127469042587285,0.11544816007740523
driven_dt2p5e-4,sin_odd_diff,0.25,0.12461665087012369,0.0015382996307901258,0.12160957828782025,0.10414372329086266
driven_dt2p5e-4,sin_odd_diff,0.26,0.10583976311399124,0.0015284975835671041,0.10291176649056459,0.09394619276402365
driven_dt2p5e-4,sin_odd_diff,0.27,0.08804795460070808,0.0015261448538068545,0.08516759781223093,0.0847471826046136
driven_dt2p5e-4,sin_odd_diff,0.28,0.0710336769389347,0.0015302782187957408,0.06836176804813171,0.07644891983499388
driven_dt2p5e-4,sin_odd_diff,0.29,0.05489761418840909,0.0015342740604649904,0.0524774750221504,0.06896320519827112
driven_dt2p5e-4,sin_odd_diff,0.3,0.03961138447204475,0.0015326880681724201,0.03749656180635551,0.06221047572004883
driven_dt2p5e-4,sin_odd_diff,0.31,0.025168896947040234,0.0015290170201398112,0.023399654147214285,0.05611895906212619
driven_dt2p5e-4,sin_odd_diff,0.32,0.01154631860214848,0.001524238411457395,0.010166292112331578,0.050623910680072916
driven_dt2p5e-4,sin_odd_diff,0.33,-0.001279524132760364,0.0015259364397824657,-0.0022249440138535853,0.04566692567670202
driven_dt2p5e-4,sin_odd_diff,0.34,-0.013217950537849047,0.0015219662101150068,-0.01379631354350724,0.041195318037378095
driven_dt2p5e-4,sin_odd_diff,0.35000000000000003,-0.024344375012047375,0.001521285741388079,-0.024570800853592346,0.037161560649275734
driven_dt2p5e-4,sin_odd_diff,0.36,-0.03466045865889712,0.001517524647533124,-0.03457200644291566,0.033522780152753825
driven_dt2p5e-4,sin_odd_diff,0.37,-0.04418317962376828,0.0015178060165301254,-0.04382404350155113,0.030240301255802255
driven_dt2p5e-4,sin_odd_diff,0.38,-0.05296852604855453,0.0015218640062854014,-0.05235143990647987,0.02727923566824314
driven_dt2p5e-4,sin_odd_diff,0.39,-0.06102705946877726,0.0015253955098928002,-0.06017904554847062,0.024608111286615133
driven_dt2p5e-4,sin_odd_diff,0.4,-0.06838205203046284,0.0015199164206098892,-0.06733194488723925,0.022198537688480423
driven_dt2p5e-4,sin_odd_diff,0.41000000000000003,-0.0750038502148588,0.0015037064747643715,-0.07383537462474393,0.02002490438081351
driven_dt2p5e-4,sin_odd_diff,0.42,-0.08096458998664519,0.0014894004064003761,-0.07971464638005127,0.018064108595261898
driven_dt2p5e-4,sin_odd_diff,0.43,-0.08636233286024778,0.0014760031730226039,-0.08499507424352354,0.016295309737112372
driven_dt2p5e-4,sin_odd_diff,0.44,-0.09119923973349389,0.0014729485490299196,-0.08970190708309056,0.014699707878089148
driven_dt2p5e-4,sin_odd_diff,0.45,-0.09542770067016793,0.0014743613794913242,-0.09386026547105003,0.013260343938663122
driven_dt2p5e-4,sin_odd_diff,0.46,-0.09911125787849248,0.0014672137374306313,-0.09749508309615455,0.01196191943608183
driven_dt2p5e-4,sin_odd_diff,0.47000000000000003,-0.1022726299239501,0.0014598459640483702,-0.10063105252266259,0.01079063388228662
driven_dt2p5e-4,sin_odd_diff,0.48,-0.10490038334922326,0.0014483090051672174,-0.10329257515551869,0.009734038103477788
driven_dt2p5e-4,sin_odd_diff,0.49,-0.10709394105100234,0.0014362416106672338,-0.10550371526885949,0.00878090192231402
driven_dt2p5e-4,sin_odd_diff,0.5,-0.10889409758648397,0.0014275543874243187,-0.10728815795358149,0.007921094796387758
driven_dt2p5e-4,sin_odd_diff,0.51,-0.11026302161134444,0.001413348891187781,-0.10866917083872779,0.007145478144325569
driven_dt2p5e-4,sin_odd_diff,0.52,-0.11120079018732539,0.0013961698378765143,-0.1096695694409245,0.0064458082150864035
driven_dt2p5e-4,sin_odd_diff,0.53,-0.11170927880154383,0.0013813592918482818,-0.11031168599599256,0.005814648468090299
driven_dt2p5e-4,sin_odd_diff,0.54,-0.11192380158687518,0.0013649917748767895,-0.11061734162715506,0.005245290532897376
driven_dt2p5e-4,sin_odd_diff,0.55,-0.11179365546829668,0.0013494274741452745,-0.11060782170491862,0.004731682908345953
driven_dt2p5e-4,sin_odd_diff,0.56,-0.11136395094643861,0.0013433348382749304,-0.11030385425471576,0.004268366643318453
driven_dt2p5e-4,sin_odd_diff,0.5700000000000001,-0.11062819780516618,0.0013329986209752488,-0.10972559126971435,0.003850417315509081
driven_dt2p5e-4,sin_odd_diff,0.58,-0.10965412030500335,0.0013360663197867332,-0.10889259278781839,0.003473392691506435
driven_dt2p5e-4,sin_odd_diff,0.59,-0.10846523963351871,0.0013371818963714929,-0.10782381359376976,0.003133285511888784
driven_dt2p5e-4,sin_odd_diff,0.6,-0.10703227885715187,0.0013385619549945691,-0.10653759240939403,0.0028264808995018204
driven_dt2p5e-4,sin_odd_diff,0.61,-0.1053623719808408,0.001341245635303386,-0.10505164343739089,0.002549717938226687
driven_dt2p5e-4,sin_odd_diff,0.62,-0.10360528808710776,0.0013554682371772918,-0.10338305012663383,0.00230005501387283
driven_dt2p5e-4,sin_odd_diff,0.63,-0.10164338806510068,0.0013690433931723683,-0.10154826102969007,0.002074838548816457
driven_dt2p5e-4,sin_odd_diff,0.64,-0.09953965759889492,0.0013907939822126395,-0.0995630876261804,0.0018716747980762857
driven_dt2p5e-4,sin_odd_diff,0.65,-0.09717273346393823,0.0014096957569935203,-0.09744270398865935,0.0016884044070572162
driven_dt2p5e-4,sin_odd_diff,0.66,-0.09471193874985159,0.0014298596130499002,-0.095201648170878,0.0015230794605452826
driven_dt2p5e-4,sin_odd_diff,0.67,-0.09213953100928149,0.0014534572489531463,-0.09285382520158961,0.0013739427790159142
driven_dt2p5e-4,sin_odd_diff,0.68,-0.08945273262160464,0.0014707271048119846,-0.09041251157045052,0.001239409242203388
driven_dt2p5e-4,sin_odd_diff,0.6900000000000001,-0.08670737465307563,0.0014928295032974423,-0.08789036109603793,0.0011180489414263908
driven_dt2p5e-4,sin_odd_diff,0.7000000000000001,-0.08391960011348179,0.0014996850092584533,-0.08529941206954549,0.0010085719816018135
driven_dt2p5e-4,sin_odd_diff,0.71,-0.0810667090569907,0.0015060384118735302,-0.0826510955713047,0.0009098147714128319
driven_dt2p5e-4,sin_odd_diff,0.72,-0.07822784982824993,0.001518400921378177,-0.0799562448609072,0.0008207276559143846
driven_dt2p5e-4,sin_odd_diff,0.73,-0.07534741606106338,0.0015225635238832892,-0.07722510574535742,0.0007403637601274719
driven_dt2p5e-4,sin_odd_diff,0.74,-0.07247248278523052,0.0015370575270719099,-0.07446734783335324,0.0006678689250448123
driven_dt2p5e-4,sin_odd_diff,0.75,-0.06959542661140566,0.0015412781561971673,-0.07169207658746424,0.0006024726290812976
driven_dt2p5e-4,sin_odd_diff,0.76,-0.06674752656930358,0.001550224451843746,-0.06890784608964542,0.0005434797984765891
driven_dt2p5e-4,sin_odd_diff,0.77,-0.06391451501389141,0.0015371490880036502,-0.06612267243917494,0.0004902634196055681
driven_dt2p5e-4,sin_odd_diff,0.78,-0.06113719628249942,0.0015328424882202936,-0.06334404770573211,0.000442257874675537
driven_dt2p5e-4,sin_odd_diff,0.79,-0.058374230453721594,0.0015244364186290324,-0.06057895436392782,0.0003989529299776892
driven_dt2p5e-4,sin_odd_diff,0.8,-0.0556795689339018,0.0015141819546087812,-0.05783388013915481,0.0003598883127961344
driven_dt2p5e-4,sin_odd_diff,0.81,-0.0530365914351687,0.001502380546909789,-0.055114833198135135,0.0003246488193343792
driven_dt2p5e-4,sin_odd_diff,0.8200000000000001,-0.05045687503010317,0.001479380675528276,-0.05242735762099855,0.000292859901663188
driven_dt2p5e-4,sin_odd_diff,0.8300000000000001,-0.04794957008885396,0.0014542478363851247,-0.04977654909512378,0.00026418368678505637
driven_dt2p5e-4,sin_odd_diff,0.84,-0.045528138466099974,0.0014368947551627292,-0.04716707077430888,0.0002383153855033814
driven_dt2p5e-4,sin_odd_diff,0.85,-0.04320873450699555,0.0014225486907413398,-0.04460316925010235,0.00021498005292746819
driven_dt2p5e-4,sin_odd_diff,0.86,-0.0409830242120606,0.0014022594496322287,-0.04208869058532108,0.0001939296661819652
driven_dt2p5e-4,sin_odd_diff,0.87,-0.03878675321330642,0.001388357675077933,-0.03962709636289621,0.00017494048826072778
driven_dt2p5e-4,sin_odd_diff,0.88,-0.036679638389239946,0.001379840744127355,-0.037221479706226246,0.00015781069000647812
driven_dt2p5e-4,sin_odd_diff,0.89,-0.03470532247231108,0.0013625216285326675,-0.03487458123017137,0.0001423582049411223
driven_dt2p5e-4,sin_odd_diff,0.9,-0.032775401451940286,0.001362717082037822,-0.03258880488469082,0.0001284187941464973
driven_dt2p5e-4,sin_odd_diff,0.91,-0.03087322770981719,0.001362151224752901,-0.030366233655909305,0.0001158443006278498
driven_dt2p5e-4,sin_odd_diff,0.92,-0.029122840864184672,0.0013719155254944637,-0.02820864509209054,0.00010450107460631143
driven_dt2p5e-4,sin_odd_diff,0.93,-0.027389185273435965,0.0013667258544985768,-0.026117526624600006,9.426855300336206e-05
driven_dt2p5e-4,sin_odd_diff,0.9400000000000001,-0.025678178640233768,0.0013606693681183332,-0.02409409065645097,8.50379780191366e-05
driven_dt2p5e-4,sin_odd_diff,0.9500000000000001,-0.02403738182951238,0.0013538638440678907,-0.022139289393447822,7.671124118480174e-05
driven_dt2p5e-4,sin_odd_diff,0.96,-0.0224992498053147,0.0013398144302611558,-0.020253829395269016,6.919984060284891e-05
driven_dt2p5e-4,sin_odd_diff,0.97,-0.02094056631434163,0.0013277202839376756,-0.01843818582606696,6.242394029218788e-05
driven_dt2p5e-4,sin_odd_diff,0.98,-0.019399308992110995,0.0013174096645152294,-0.01669261638630598,5.631152164015561e-05
driven_dt2p5e-4,sin_odd_diff,0.99,-0.017944176484257522,0.0013129506373206951,-0.015017174909609273,5.079761794252749e-05
driven_dt2p5e-4,sin_odd_diff,1.0,-0.01654991549757232,0.0013109506032079775,-0.013411724610347104,4.582362389573432e-05
equilibrium_dt1e-3,I1_minus_I3,0.05,4.437591868219295,0.025442451698161322,4.5001411591436575,5.727711960442966
equilibrium_dt1e-3,I1_minus_I3,0.06,4.304629734823921,0.02470097285204977,4.3480754458069,5.262979596415502
equilibrium_dt1e-3,I1_minus_I3,0.07,4.1626206792513845,0.02389140644704622,4.190174361530483,4.83595446551466
equilibrium_dt1e-3,I1_minus_I3,0.08,4.013009652830881,0.02302360245292265,4.027552549695937,4.443577096224953
equilibrium_dt1e-3,I1_minus_I3,0.09,3.8570218528420197,0.022119860790637637,3.8612555173537597,4.083036254973012
equilibrium_dt1e-3,I1_minus_I3,0.1,3.6960454743606213,0.021197513044499853,3.692260820959151,3.751748804715702
equilibrium_dt1e-3,I1_minus_I3,0.11,3.5312084835818696,0.02027702767512228,3.5214794379413754,3.4473411977525377
equilibrium_dt1e-3,I1_minus_I3,0.12,3.3635876908896742,0.01937274975222733,3.3497573036829613,3.167632470165457
equilibrium_dt1e-3,I1_minus_I3,0.13,3.1943630378666614,0.018493841915727813,3.177876994426521,2.910618616047643
equilibrium_dt1e-3,I1_minus_I3,0.14,3.0243429522939587,0.017660773519807455,3.006559537573957,2.6744582295687187
equilibrium_dt1e-3,I1_minus_I3,0.15,2.8545440975275804,0.016869872365994156,2.8364663317909486,2.4574593120072206
equilibrium_dt1e-3,I1_minus_I3,0.16,2.685865588357852,0.016145287864882306,2.6682011602749003,2.258067149227775
equilibrium_dt1e-3,I1_minus_I3,0.17,2.5188639462678584,0.015487901212058867,2.5023122814832424,2.0748531727497705
equilibrium_dt1e-3,I1_minus_I3,0.18,2.3541703596373003,0.014900236054970607,2.3392945825478173,1.9065047246013223
equilibrium_dt1e-3,I1_minus_I3,0.19,2.1924470752189444,0.01439133795295342,2.1795917815169994,1.7518156526276365
equilibrium_dt1e-3,I1_minus_I3,0.2,2.034205710872288,0.013969501105966283,2.0235986654674334,1.6096776688727774
equilibrium_dt1e-3,I1_minus_I3,0.21,1.8797652942821408,0.013649478273015662,1.8716633524093533,1.4790724091209222
equilibrium_dt1e-3,I1_minus_I3,0.22,1.7296244301622465,0.013417066925400421,1.7240895657712112,1.3590641367067833
equilibrium_dt1e-3,I1_minus_I3,0.23,1.5841222494950151,0.013279791915998805,1.5811389110888352,1.2487930383207808
equilibrium_dt1e-3,I1_minus_I3,0.24,1.4435418704886436,0.013214555874214998,1.4430331453398384,1.1474690637759835
equilibrium_dt1e-3,I1_minus_I3,0.25,1.3080720368169305,0.013213660272157878,1.3099564301541315,1.054366265601099
equilibrium_dt1e-3,I1_minus_I3,0.26,1.1779715647595363,0.013272236130330147,1.1820575608948212,0.9688175979048779
equilibrium_dt1e-3,I1_minus_I3,0.27,1.0533298788620646,0.01337013194635408,1.0594521643395571,0.8902101372477739
equilibrium_dt1e-3,I1_minus_I3,0.28,0.9342549111521573,0.013495020850851485,0.9422248583996383,0.8179806912802473
equilibrium_dt1e-3,I1_minus_I3,0.29,0.8208573812993407,0.013633275558096283,0.8304313679922795,0.7516117636852768
equilibrium_dt1e-3,I1_minus_I3,0.3,0.7131232178489715,0.013785490312439945,0.7241005918298822,0.6906278465154448
equilibrium_dt1e-3,I1_minus_I3,0.31,0.6111629529830065,0.013946491033083378,0.6232366155086587,0.6345920133606124
equilibrium_dt1e-3,I1_minus_I3,0.32,0.5149775025738683,0.014107974710979632,0.5278206668672983,0.5831027889375293
equilibrium_dt1e-3,I1_minus_I3,0.33,0.4244851386478721,0.014249532977030892,0.4378130101446008,0.5357912726731906
equilibrium_dt1e-3,I1_minus_I3,0.34,0.3395605933032186,0.014381437846022764,0.3531547759931245,0.49231849567351776
equilibrium_dt1e-3,I1_minus_I3,0.35000000000000003,0.2601317455055318,0.014488048518037453,0.2737697249042154,0.4523729921410559
equilibrium_dt1e-3,I1_minus_I3,0.36,0.1861760689378877,0.014561994715553828,0.1995659420685421,0.41566856784182316
equilibrium_dt1e-3,I1_minus_I3,0.37,0.11756549903527205,0.014609431954683852,0.13043746213591625,0.3819422496332342
equilibrium_dt1e-3,I1_minus_I3,0.38,0.054084722069771496,0.01462261374523637,0.06626582274923336,0.3509524013622513
equilibrium_dt1e-3,I1_minus_I3,0.39,-0.004493918578657784,0.014613568137235293,0.006921546110360214,0.32247699263489266
equilibrium_dt1e-3,I1_minus_I3,0.4,-0.0581880285068178,0.014580232665443643,-0.04773445180856533,0.29631200805349445
equilibrium_dt1e-3,I1_minus_I3,0.41000000000000003,-0.10729710371523576,0.014519213418483005,-0.09784952446600585,0.27226998552452353
equilibrium_dt1e-3,I1_minus_I3,0.42,-0.1518575442873008,0.014420157217816079,-0.14357803011860837,0.2501786731644745
equilibrium_dt1e-3,I1_minus_I3,0.43,-0.19219214958641972,0.01428879865172079,-0.18508013883209373,0.2298797951810941
equilibrium_dt1e-3,I1_minus_I3,0.44,-0.22845581970295364,0.014127596006071724,-0.22252071035834683,0.2112279178879495
equilibrium_dt1e-3,I1_minus_I3,0.45,-0.26075223289178706,0.013937385900959557,-0.2560682418712722,0.19408940772776428
equilibrium_dt1e-3,I1_minus_I3,0.46,-0.289277209375366,0.01373356539321263,-0.2858938843461092,0.17834147383916174
equilibrium_dt1e-3,I1_minus_I3,0.47000000000000003,-0.31421952436213324,0.013513342318430453,-0.3121705261805679,0.16387128830717035
equilibrium_dt1e-3,I1_minus_I3,0.48,-0.33572238974254887,0.0132711285937019,-0.33507194249038186,0.150575177794426
equilibrium_dt1e-3,I1_minus_I3,0.49,-0.35402762336242444,0.01301614784805226,-0.3547720083657713,0.13835788076141542
equilibrium_dt1e-3,I1_minus_I3,0.5,-0.36937917165891,0.012760528919862723,-0.37144397424786324,0.12713186495403014
equilibrium_dt1e-3,I1_minus_I3,0.51,-0.3820368194472303,0.012502731006255985,-0.3852598014743932,0.11681670026849009
equilibrium_dt1e-3,I1_minus_I3,0.52,-0.39211202172910387,0.012238082558217497,-0.3963895559510498,0.10733848250045407
equilibrium_dt1e-3,I1_minus_I3,0.53,-0.3997797961472027,0.011967473956215755,-0.4050008578276786,0.09862930384970037
equilibrium_dt1e-3,I1_minus_I3,0.54,-0.4052229111169401,0.011703131295133212,-0.4112583849962816,0.09062676638674633
equilibrium_dt1e-3,I1_minus_I3,0.55,-0.4086825188558756,0.011453575967694576,-0.4153234281794215,0.08327353499558188
equilibrium_dt1e-3,I1_minus_I3,0.56,-0.4102602281515145,0.011207923914426663,-0.4173534953423538,0.07651692658952171
equilibrium_dt1e-3,I1_minus_I3,0.5700000000000001,-0.4101025554638475,0.010970417766385071,-0.4175019631390593,0.07030853265706666
equilibrium_dt1e-3,I1_minus_I3,0.58,-0.4083051601887419,0.010744411340654118,-0.4159177730904997,0.06460387243345908
equilibrium_dt1e-3,I1_minus_I3,0.59,-0.4049870663282078,0.010536790968536595,-0.41274517019196755,0.05936207421303877
equilibrium_dt1e-3,I1_minus_I3,0.6,-0.40033407065857407,0.010345552246761647,-0.40812348165458945,0.05454558251912585
equilibrium_dt1e-3,I1_minus_I3,0.61,-0.39455370422865504,0.010168788612923984,-0.40218693350301693,0.05011988903341358
equilibrium_dt1e-3,I1_minus_I3,0.62,-0.38775967061320726,0.010017592131613942,-0.39506450277635835,0.04605328535708432
equilibrium_dt1e-3,I1_minus_I3,0.63,-0.38001252548795494,0.00989456814435827,-0.38687980311173387,0.04231663583227583
equilibrium_dt1e-3,I1_minus_I3,0.64,-0.3714251083375689,0.009808298623595288,-0.3777510015287301,0.03888316879625157
equilibrium_dt1e-3,I1_minus_I3,0.65,-0.36210465554971205,0.009755986559779531,-0.36779076427783913,0.03572828477269055
equilibrium_dt1e-3,I1_minus_I3,0.66,-0.3521709818413799,0.009732712627075021,-0.35710622966601985,0.03282938022586086
equilibrium_dt1e-3,I1_minus_I3,0.67,-0.3416570344772152,0.009741623337297948,-0.3457990058271848,0.030165685614943163
equilibrium_dt1e-3,I1_minus_I3,0.68,-0.33064767920886534,0.009766978327058504,-0.33396519146413434,0.02771811658822525
equilibrium_dt1e-3,I1_minus_I3,0.6900000000000001,-0.3192639380129548,0.009803392973701114,-0.3216954176506177,0.025469137251031324
equilibrium_dt1e-3,I1_minus_I3,0.7000000000000001,-0.3074485196070075,0.009852731298109742,-0.309074908847325,0.023402634527752562
equilibrium_dt1e-3,I1_minus_I3,0.71,-0.29537605523664817,0.00989939345791875,-0.29618356135314583,0.02150380271783174
equilibrium_dt1e-3,I1_minus_I3,0.72,-0.2831099941609618,0.009951824925068317,-0.28309603748254575,0.019759037418589063
equilibrium_dt1e-3,I1_minus_I3,0.73,-0.27070190984923304,0.01000674207776359,-0.26988187383093654,0.0181558380548875
equilibrium_dt1e-3,I1_minus_I3,0.74,-0.2582402519384829,0.010067289380538073,-0.25660560206204563,0.016682718317299453
equilibrium_dt1e-3,I1_minus_I3,0.75,-0.24571285252121655,0.010130648261810848,-0.24332688072415357,0.015329123867098903
equilibrium_dt1e-3,I1_minus_I3,0.76,-0.2332194011944385,0.010200698258694197,-0.23010063667527864,0.014085356718466707
equilibrium_dt1e-3,I1_minus_I3,0.77,-0.2208404153920871,0.010269089257737375,-0.21697721477064727,0.012942505756136383
equilibrium_dt1e-3,I1_minus_I3,0.78,-0.20860933465330883,0.010331509522476615,-0.20400253453876208,0.011892382890666181
equilibrium_dt1e-3,I1_minus_I3,0.79,-0.1965748095380106,0.010398281296496253,-0.19121825264481426,0.010927464393914187
equilibrium_dt1e-3,I1_minus_I3,0.8,-0.18473940585250986,0.01046155550183927,-0.17866193001181063,0.010040836994407713
equilibrium_dt1e-3,I1_minus_I3,0.81,-0.17312047220399415,0.010515483289813124,-0.166367202540367,0.009226148346400941
equilibrium_dt1e-3,I1_minus_I3,0.8200000000000001,-0.16170900081763034,0.010565772725223218,-0.15436395443747214,0.00847756151775053
equilibrium_dt1e-3,I1_minus_I3,0.8300000000000001,-0.15058107740131488,0.010614173387231534,-0.14267849323242499,0.0077897131705323575
equilibrium_dt1e-3,I1_minus_I3,0.84,-0.1396707386244363,0.010652704956951321,-0.1313337256244696,0.007157675134779358
equilibrium_dt1e-3,I1_minus_I3,0.85,-0.12897772797613033,0.010689551233604148,-0.12034933337121101,0.006576919100031175
equilibrium_dt1e-3,I1_minus_I3,0.86,-0.11860637595182229,0.010723187405196363,-0.109741948489599,0.006043284171724046
equilibrium_dt1e-3,I1_minus_I3,0.87,-0.10852876195320904,0.010747305688612152,-0.09952532710197168,0.005552947059974827
equilibrium_dt1e-3,I1_minus_I3,0.88,-0.09882256322113772,0.010759448228245594,-0.08971052131829771,0.005102394687173267
equilibrium_dt1e-3,I1_minus_I3,0.89,-0.08947662978319852,0.010769896983414105,-0.08030604860223935,0.0046883990181264225
equilibrium_dt1e-3,I1_minus_I3,0.9,-0.08056316458961225,0.010774572057088073,-0.07131805812293644,0.004307993932422803
equilibrium_dt1e-3,I1_minus_I3,0.91,-0.07210669306362535,0.01077890597544196,-0.06275049364642367,0.003958453973315644
equilibrium_dt1e-3,I1_minus_I3,0.92,-0.06397602180204612,0.010770810611503982,-0.05460525257031398,0.003637274820869121
equilibrium_dt1e-3,I1_minus_I3,0.93,-0.056277387119724645,0.010766711803157369,-0.04688234075278164,0.0033421553494651602
equilibrium_dt1e-3,I1_minus_I3,0.9400000000000001,-0.04890541769377631,0.01075907369907314,-0.039580022831948065,0.0030709811411196945
equilibrium_dt1e-3,I1_minus_I3,0.9500000000000001,-0.04194099256319077,0.010738777549803546,-0.032694967774519156,0.002821809336487614
equilibrium_dt1e-3,I1_minus_I3,0.96,-0.03539290023016642,0.010723595734202474,-0.02622238943293981,0.002592854715019669
equilibrium_dt1e-3,I1_minus_I3,0.97,-0.02931782332817957,0.010708666948471944,-0.020156181928452147,0.002382476904540937
equilibrium_dt1e-3,I1_minus_I3,0.98,-0.02364511715028894,0.010705311842385516,-0.014489049713284989,0.002189168628612459
equilibrium_dt1e-3,I1_minus_I3,0.99,-0.018346050068714224,0.010699950173546384,-0.009212632198798063,0.002011544907472834
equilibrium_dt1e-3,I1_minus_I3,1.0,-0.01339185652108639,0.010697208986718849,-0.00431762286779829,0.0018483331351886413
equilibrium_dt1e-3,cos_odd_diff,0.05,0.7183489621482739,0.0021382778671897307,0.7100456895623036,0.7690213021353192
equilibrium_dt1e-3,cos_odd_diff,0.06,0.6763057501958883,0.002131860835531349,0.670760715976026,0.7121702139968007
equilibrium_dt1e-3,cos_odd_diff,0.07,0.6358018120499938,0.002094077494166599,0.6329071256973077,0.6595219304016143
equilibrium_dt1e-3,cos_odd_diff,0.08,0.5970133998879703,0.0020648677787216364,0.5964852707577276,0.6107657525292484
equilibrium_dt1e-3,cos_odd_diff,0.09,0.5600547819274857,0.002028397603768135,0.5614898625878263,0.5656139504496243
equilibrium_dt1e-3,cos_odd_diff,0.1,0.5249588390157462,0.001998339467406851,0.5279105752209178,0.5238000651123763
equilibrium_dt1e-3,cos_odd_diff,0.11,0.4917397769231181,0.0019640272628708593,0.49573260592217344,0.4850773358642007
equilibrium_dt1e-3,cos_odd_diff,0.12,0.46026325984187344,0.0019152876851728064,0.46493719544518175,0.44921724421441067
equilibrium_dt1e-3,cos_odd_diff,0.13,0.4306106816877393,0.0018681653030707946,0.4355021100487957,0.4160081652548761
equilibrium_dt1e-3,cos_odd_diff,0.14,0.4026191409642914,0.0018311673893067644,0.4074020873365106,0.38525411877582716
equilibrium_dt1e-3,cos_odd_diff,0.15,0.37622926740828977,0.0017834834144808953,0.38060924790925316,0.35677361270735175
equilibrium_dt1e-3,cos_odd_diff,0.16,0.3513249497598926,0.0017403050343290953,0.35509347475068465,0.33039857206126794
equilibrium_dt1e-3,cos_odd_diff,0.17,0.32777347704815296,0.0017044608097532537,0.3308227621922408,0.30597334705262363
equilibrium_dt1e-3,cos_odd_diff,0.18,0.3055359633845891,0.0016639921901177746,0.3077635362334415,0.28335379454734677
equilibrium_dt1e-3,cos_odd_diff,0.19,0.284575155068732,0.0016361635343327277,0.28588094792176927,0.2624064274152978
equilibrium_dt1e-3,cos_odd_diff,0.2,0.264646392056547,0.0016010912440313425,0.2651391414258689,0.243007626768712
equilibrium_dt1e-3,cos_odd_diff,0.21,0.24586751224394163,0.0015571737941817,0.24550149836615748,0.2250429124371326
equilibrium_dt1e-3,cos_odd_diff,0.22,0.22808442762637893,0.0015178909789056883,0.22693085989834913,0.2084062673736112
equilibrium_dt1e-3,cos_odd_diff,0.23,0.2111569221967446,0.0014849923233911054,0.2093897279780423,0.19299951200522475
equilibrium_dt1e-3,cos_odd_diff,0.24,0.19504197946710305,0.0014517921588348354,0.1928404471685196,0.17873172483569671
equilibrium_dt1e-3,cos_odd_diff,0.25,0.17966086901584513,0.0014233873875601011,0.17724536828940635,0.1655187058808646
equilibrium_dt1e-3,cos_odd_diff,0.26,0.16507695671961525,0.0013976104822454871,0.1625669951409054,0.1532824797705107
equilibrium_dt1e-3,cos_odd_diff,0.27,0.15138887382227964,0.0013799794432320172,0.14876811547706187,0.1419508355841568
equilibrium_dt1e-3,cos_odd_diff,0.28,0.13848419774102513,0.0013677859269701892,0.1358119173419872,0.13145690070520955
equilibrium_dt1e-3,cos_odd_diff,0.29,0.12634197818041926,0.0013602581996350564,0.12366209182522837,0.12173874617859638
equilibrium_dt1e-3,cos_odd_diff,0.3,0.11480852909319328,0.0013528967501452475,0.11228292323655578,0.11273902124294781
equilibrium_dt1e-3,cos_odd_diff,0.31,0.10393844472074304,0.0013565072953278061,0.10163936764639124,0.10440461488055379
equilibrium_dt1e-3,cos_odd_diff,0.32,0.09379562953080925,0.0013677043406405808,0.09169712068591974,0.09668634238776136
equilibrium_dt1e-3,cos_odd_diff,0.33,0.08424697296928697,0.001377237757967546,0.08242267545064445,0.08953865511614092
equilibrium_dt1e-3,cos_odd_diff,0.34,0.07523717114212265,0.0014014550761221804,0.07378337130274536,0.08291937167148487
equilibrium_dt1e-3,cos_odd_diff,0.35000000000000003,0.06691776829093041,0.001430186204260645,0.06574743432109226,0.07678942898433594
equilibrium_dt1e-3,cos_odd_diff,0.36,0.059154272891733015,0.00145233548067921,0.05828401010312177,0.07111265178301103
equilibrium_dt1e-3,cos_odd_diff,0.37,0.05196750298044882,0.001467288062188222,0.051363189580001696,0.06585553910868833
equilibrium_dt1e-3,cos_odd_diff,0.38,0.04528434924124258,0.0014861203463425738,0.04495602846555018,0.06098706661269638
equilibrium_dt1e-3,cos_odd_diff,0.39,0.03909313363582066,0.0015104641839626342,0.0390345609202198,0.05647850346928164
equilibrium_dt1e-3,cos_odd_diff,0.4,0.03337405637688541,0.0015277504695578024,0.03357180797407004,0.052303242823382445
equilibrium_dt1e-3,cos_odd_diff,0.41000000000000003,0.028104027946141176,0.0015505846013661997,0.02854178121699515,0.04843664477281346
equilibrium_dt1e-3,cos_odd_diff,0.42,0.023227836269654283,0.0015644193052790824,0.023919482230511803,0.044855890958234765
equilibrium_dt1e-3,cos_odd_diff,0.43,0.0187788214867041,0.0015894772318285478,0.01968089820309756,0.0415398499027821
equilibrium_dt1e-3,cos_odd_diff,0.44,0.01468675380554458,0.0016070056344164457,0.01580299414036742,0.038468952306673194
equilibrium_dt1e-3,cos_odd_diff,0.45,0.010831212622538446,0.001616862079086525,0.012263702052228693,0.03562507556085281
equilibrium_dt1e-3,cos_odd_diff,0.46,0.007417649266880286,0.001630923247124208,0.009041907471526184,0.03299143679814523
equilibrium_dt1e-3,cos_odd_diff,0.47000000000000003,0.0043418506342805295,0.0016387649449732045,0.006117433632523477,0.03055249385076549
equilibrium_dt1e-3,cos_odd_diff,0.48,0.00145321559991953,0.0016381426557131153,0.003471023612818291,0.028293853529699625
equilibrium_dt1e-3,cos_odd_diff,0.49,-0.0010645147943730844,0.0016441843058834906,0.0010843207189095096,0.026202186684673473
equilibrium_dt1e-3,cos_odd_diff,0.5,-0.003257746107781476,0.0016470710356053047,-0.001060152626429967,0.02426514954344462
equilibrium_dt1e-3,cos_odd_diff,0.51,-0.00520491601901566,0.0016422125057767476,-0.0029790172576154563,0.022471310866208655
equilibrium_dt1e-3,cos_odd_diff,0.52,-0.006911548033107926,0.0016380292830851365,-0.004688060682765134,0.020810084485228527
equilibrium_dt1e-3,cos_odd_diff,0.53,-0.008414053545823802,0.001635868283982736,-0.006202261343892235,0.01927166683157611
equilibrium_dt1e-3,cos_odd_diff,0.54,-0.009712634547311576,0.0016283434507881269,-0.007535813538686763,0.017846979080305848
equilibrium_dt1e-3,cos_odd_diff,0.55,-0.010858269572580546,0.00162352187282174,-0.008702152838013118,0.016527613572635907
equilibrium_dt1e-3,cos_odd_diff,0.56,-0.011863949097629764,0.0016135365979709517,-0.009713981848439562,0.015305784198952363
equilibrium_dt1e-3,cos_odd_diff,0.5700000000000001,-0.012581368912682382,0.0016067900653526019,-0.010583296183325784,0.014174280449826477
equilibrium_dt1e-3,cos_odd_diff,0.58,-0.013220389566542947,0.0016019110414158364,-0.01132141051927208,0.013126424863881523
equilibrium_dt1e-3,cos_odd_diff,0.59,-0.01364077068545249,0.001587748270364489,-0.011938984627122189,0.012156033621391771
equilibrium_dt1e-3,cos_odd_diff,0.6,-0.013989363735424629,0.0015683606995493071,-0.012446049278254101,0.01125738005106072
equilibrium_dt1e-3,cos_odd_diff,0.61,-0.014308748514261636,0.0015578389399220633,-0.01285203193763306,0.010425160834616911
equilibrium_dt1e-3,cos_odd_diff,0.62,-0.014566598001766524,0.0015605717596629393,-0.01316578216507699,0.009654464709787399
equilibrium_dt1e-3,cos_odd_diff,0.63,-0.014679602855409684,0.001556929499822519,-0.013395596655439195,0.008940743486952195
equilibrium_dt1e-3,cos_odd_diff,0.64,-0.014720540190899582,0.0015429387982223743,-0.013549243856982,0.008279785208437349
equilibrium_dt1e-3,cos_odd_diff,0.65,-0.014747843610547574,0.001538066817370328,-0.013633988115137932,0.007667689292048748
equilibrium_dt1e-3,cos_odd_diff,0.66,-0.014725563309094521,0.0015286100508514484,-0.01365661329616522,0.0071008435121585915
equilibrium_dt1e-3,cos_odd_diff,0.67,-0.014657959169223455,0.0015157817099812937,-0.013623445851938712,0.0065759026825006365
equilibrium_dt1e-3,cos_odd_diff,0.68,-0.01447399691313398,0.001501292058335969,-0.013540377293307352,0.006089768914872726
equilibrium_dt1e-3,cos_odd_diff,0.6900000000000001,-0.014185463811992222,0.0014820954263308904,-0.013412886045127649,0.005639573337245255
equilibrium_dt1e-3,cos_odd_diff,0.7000000000000001,-0.013900248641378576,0.0014568187789077809,-0.013246058661280164,0.005222659163386711
equilibrium_dt1e-3,cos_odd_diff,0.71,-0.013635961872190263,0.0014408424387835487,-0.01304461038272118,0.004836566014093311
equilibrium_dt1e-3,cos_odd_diff,0.72,-0.013406273210833878,0.001419745214900563,-0.012812905025943656,0.004479015397495958
equilibrium_dt1e-3,cos_odd_diff,0.73,-0.01304418894159943,0.0014003687311715594,-0.012554974193146403,0.004147897262757972
equilibrium_dt1e-3,cos_odd_diff,0.74,-0.012636865151403841,0.0013862040502961234,-0.012274535798963909,0.0038412575478114553
equilibrium_dt1e-3,cos_odd_diff,0.75,-0.01211415155760201,0.0013843247615514637,-0.011975011911816148,0.0035572866476465182
equilibrium_dt1e-3,cos_odd_diff,0.76,-0.011627989540937059,0.0013850899917047393,-0.0116595459108208,0.0032943087351000283
equilibrium_dt1e-3,cos_odd_diff,0.77,-0.011083656419716566,0.0014020814539419137,-0.011331018961792247,0.003050771871121574
equilibrium_dt1e-3,cos_odd_diff,0.78,-0.010528315256002913,0.0014204259915986267,-0.01099206581815276,0.002825238846153266
equilibrium_dt1e-3,cos_odd_diff,0.79,-0.00990139243489296,0.00143969695593687,-0.010645089954622457,0.002616378698574723
equilibrium_dt1e-3,cos_odd_diff,0.8,-0.009282130733198295,0.0014507989104726906,-0.010292278043353998,0.0024229588601601035
equilibrium_dt1e-3,cos_odd_diff,0.81,-0.008762194968847248,0.0014671851413661494,-0.009935613783753178,0.0022438378821943617
equilibrium_dt1e-3,cos_odd_diff,0.8200000000000001,-0.008258770350613662,0.0014719900761107137,-0.009576891098596328,0.0020779586993226085
equilibrium_dt1e-3,cos_odd_diff,0.8300000000000001,-0.007812380836321957,0.0014750646100312964,-0.009217726710232852,0.0019243423913798102
equilibrium_dt1e-3,cos_odd_diff,0.84,-0.00734280559992542,0.001470403771203995,-0.008859572111664386,0.0017820824063868724
equilibrium_dt1e-3,cos_odd_diff,0.85,-0.006833422279327536,0.0014680808500021467,-0.008503724948132969,0.0016503392106206568
equilibrium_dt1e-3,cos_odd_diff,0.86,-0.006324156566210264,0.0014528959673737085,-0.008151339825543755,0.0015283353341858546
equilibrium_dt1e-3,cos_odd_diff,0.87,-0.005866002786075524,0.0014236258784023877,-0.007803438562605337,0.0014153507828506002
equilibrium_dt1e-3,cos_odd_diff,0.88,-0.005418989582448019,0.00139869797644563,-0.007460919904004803,0.0013107187890692342
equilibrium_dt1e-3,cos_odd_diff,0.89,-0.005015062917467468,0.0013682610805398968,-0.007124568712256039,0.0012138218771172746
equilibrium_dt1e-3,cos_odd_diff,0.9,-0.0045462014606466195,0.001348073459365699,-0.006795064656078621,0.0011240882191173645
equilibrium_dt1e-3,cos_odd_diff,0.91,-0.004010979380754391,0.001328566632729245,-0.00647299041329159,0.0010409882604516336
equilibrium_dt1e-3,cos_odd_diff,0.92,-0.0034905741430265773,0.0013094257268456088,-0.006158839406249339,0.0009640315946456637
equilibrium_dt1e-3,cos_odd_diff,0.93,-0.0029944804024332524,0.0012868336774557235,-0.005853023087814896,0.000892764069281492
equilibrium_dt1e-3,cos_odd_diff,0.9400000000000001,-0.002569334026716519,0.001263932766469586,-0.005555877795766969,0.0008267651058604583
equilibrium_dt1e-3,cos_odd_diff,0.9500000000000001,-0.0022511795079642313,0.0012422650275067326,-0.005267671193378263,0.0007656452177993422
equilibrium_dt1e-3,cos_odd_diff,0.96,-0.0019110774368325271,0.0012237791365407485,-0.004988608313690487,0.0007090437119124664
equilibrium_dt1e-3,cos_odd_diff,0.97,-0.0015825620828470107,0.0012154268279035165,-0.00471883722475316,0.0006566265598152869
equilibrium_dt1e-3,cos_odd_diff,0.98,-0.0013183642622599655,0.0012092608674394555,-0.004458454332793604,0.0006080844266877674
equilibrium_dt1e-3,cos_odd_diff,0.99,-0.001001060181461131,0.0012016888788920815,-0.004207509339950613,0.0005631308457644608
equilibrium_dt1e-3,cos_odd_diff,1.0,-0.0006571695820654493,0.0011964760841878873,-0.0039660098728388085,0.0005215005277782361
equilibrium_dt1e-3,sin_odd_diff,0.05,0.7096505004571412,0.002221257121316,0.701790510893627,0.8314863419694798
equilibrium_dt1e-3,sin_odd_diff,0.06,0.6676144229551204,0.0021895634997299,0.6638972845242779,0.7476292583462738
equilibrium_dt1e-3,sin_odd_diff,0.07,0.6270887724806111,0.0021629509881727184,0.6265645381910555,0.6722293316465757
equilibrium_dt1e-3,sin_odd_diff,0.08,0.5879301614807189,0.0021325465252208784,0.5898677246214803,0.6044336404457601
equilibrium_dt1e-3,sin_odd_diff,0.09,0.550299045736064,0.0020907640933305986,0.5538752212165835,0.5434752821743751
equilibrium_dt1e-3,sin_odd_diff,0.1,0.514173779819427,0.0020566945404198764,0.518648603885632,0.48866469794217515
equilibrium_dt1e-3,sin_odd_diff,0.11,0.47952872058853696,0.002019049769076351,0.4842429229297762,0.4393818722712397
equilibrium_dt1e-3,sin_odd_diff,0.12,0.44623727128929946,0.0019723684953489536,0.45070697999533016,0.3950693195018251
equilibrium_dt1e-3,sin_odd_diff,0.13,0.41426190732081264,0.0019199491285327322,0.41808360518084686,0.35522577753340684
equilibrium_dt1e-3,sin_odd_diff,0.14,0.38350630523101065,0.001873329621915737,0.3864099334440661,0.3194005375647259
equilibrium_dt1e-3,sin_odd_diff,0.15,0.35384207568269693,0.0018291127373424752,0.3557176795151121,0.2871883456910496
equilibrium_dt1e-3,sin_odd_diff,0.16,0.3252366676245737,0.0017801652439252873,0.32603341058092505,0.2582248186856855
equilibrium_dt1e-3,sin_odd_diff,0.17,0.2975720108493033,0.0017494513333139931,0.29737881606276284,0.23218232210922632
equilibrium_dt1e-3,sin_odd_diff,0.18,0.27081588100371345,0.0017175912615121638,0.269770973863651,0.20876626411983584
equilibrium_dt1e-3,sin_odd_diff,0.19,0.24499149541737583,0.0016918073736065678,0.24322261251585134,0.18771176306028153
equilibrium_dt1e-3,sin_odd_diff,0.2,0.22007702652594557,0.0016639898589922873,0.21774236870972047,0.1687806511255731
equilibrium_dt1e-3,sin_odd_diff,0.21,0.1960863847555325,0.0016439849344625239,0.1933350397347151,0.15175878021679534
equilibrium_dt1e-3,sin_odd_diff,0.22,0.17297938344409308,0.0016291173277202867,0.17000183041075245,0.13645359950504451
equilibrium_dt1e-3,sin_odd_diff,0.23,0.15075397616194008,0.001609961577849391,0.14774059413363524,0.1226919773029543
equilibrium_dt1e-3,sin_odd_diff,0.24,0.12941241680233012,0.0016003355549361394,0.1265460677017973,0.11031824260489483
equilibrium_dt1e-3,sin_odd_diff,0.25,0.10893694004190645,0.0015867694538730511,0.10641009963322115,0.09919242414181374
equilibrium_dt1e-3,sin_odd_diff,0.26,0.08944858494377694,0.0015697735279140348,0.08732187172102576,0.08918866703096764
equilibrium_dt1e-3,sin_odd_diff,0.27,0.07103171780277451,0.0015610890724358354,0.06926811361393273,0.08019380910973838
equilibrium_dt1e-3,sin_odd_diff,0.28,0.05356055281836557,0.0015636280460383214,0.05223331024361532,0.07210610084907089
equilibrium_dt1e-3,sin_odd_diff,0.29,0.037073076728945886,0.0015699215250106423,0.03619990195482961,0.06483405436623668
equilibrium_dt1e-3,sin_odd_diff,0.3,0.02153114762894193,0.0015774279048326964,0.021148477226254184,0.05829540851699368
equilibrium_dt1e-3,sin_odd_diff,0.31,0.006989486086723128,0.0015941565132725343,0.0070579579001538864,0.052416198360300655
equilibrium_dt1e-3,sin_odd_diff,0.32,-0.006575206658173691,0.0016085683986936175,-0.006094223132643563,0.04712991846940186
equilibrium_dt1e-3,sin_odd_diff,0.33,-0.01922470492074665,0.0016209291257226943,-0.018331951819353296,0.04237677062468527
equilibrium_dt1e-3,sin_odd_diff,0.34,-0.030790891233236584,0.0016480149766749518,-0.029680270405443583,0.038102987378241894
equilibrium_dt1e-3,sin_odd_diff,0.35000000000000003,-0.041470223917078414,0.0016553993111592085,-0.04016522244728039,0.03426022383831056
equilibrium_dt1e-3,sin_odd_diff,0.36,-0.05122182702770018,0.0016735187945342428,-0.04981370533449118,0.03080501079349496
equilibrium_dt1e-3,sin_odd_diff,0.37,-0.06014235397826988,0.0016903630761838774,-0.05865333025938497,0.027698262990512184
equilibrium_dt1e-3,sin_odd_diff,0.38,-0.06823369040756827,0.0017100078594228596,-0.06671228955236594,0.02490483700312756
equilibrium_dt1e-3,sin_odd_diff,0.39,-0.07556835562118917,0.0017279310664480945,-0.07401923128538146,0.02239313369090376
equilibrium_dt1e-3,sin_odd_diff,0.4,-0.08217071822036412,0.0017448988233789225,-0.08060314102999482,0.020134740750791382
equilibrium_dt1e-3,sin_odd_diff,0.41000000000000003,-0.08808101607135248,0.0017604547281923494,-0.08649323064262066,0.018104111318116147
equilibrium_dt1e-3,sin_odd_diff,0.42,-0.09335706459042811,0.0017735802080240416,-0.09171883393675687,0.016278274981308568
equilibrium_dt1e-3,sin_odd_diff,0.43,-0.09799955242850192,0.0017846577365317777,-0.09630930909063,0.014636577941383849
equilibrium_dt1e-3,sin_odd_diff,0.44,-0.10200301777326878,0.001794873070869196,-0.10029394762849683,0.01316044937686528
equilibrium_dt1e-3,sin_odd_diff,0.45,-0.10534951841424325,0.001798662992206912,-0.10370188980485552,0.011833191371278867
equilibrium_dt1e-3,sin_odd_diff,0.46,-0.10817331774070268,0.0017999108006574213,-0.1065620462129601,0.010639790026885938
equilibrium_dt1e-3,sin_odd_diff,0.47000000000000003,-0.1103991560389472,0.0017977994436227428,-0.10890302543225484,0.009566745627979054
equilibrium_dt1e-3,sin_odd_diff,0.48,-0.11214175407416,0.0017985360604090767,-0.11075306752359097,0.008601919932553713
equilibrium_dt1e-3,sin_odd_diff,0.49,-0.11339340462057365,0.0017939933684744426,-0.11213998317630977,0.007734398864924729
equilibrium_dt1e-3,sin_odd_diff,0.5,-0.11416169661388263,0.001787675485522055,-0.11309109830741751,0.006954369056070662
equilibrium_dt1e-3,sin_odd_diff,0.51,-0.1145361425662339,0.0017792898356368697,-0.11363320391009252,0.006253006835134799
equilibrium_dt1e-3,sin_odd_diff,0.52,-0.11456729741224436,0.0017870543247653138,-0.11379251094659787,0.005622378416358407
equilibrium_dt1e-3,sin_odd_diff,0.53,-0.1142652462417451,0.0018048314473020869,-0.11359461007927815,0.005055350152364169
equilibrium_dt1e-3,sin_odd_diff,0.54,-0.1136053560003363,0.0018063309994673965,-0.11306443603264821,0.004545507838577912
equilibrium_dt1e-3,sin_odd_diff,0.55,-0.11254919070058075,0.0017964868483464958,-0.11222623637958452,0.004087084155963103
equilibrium_dt1e-3,sin_odd_diff,0.56,-0.11128435693856628,0.0017864021621258183,-0.11110354454526462,0.0036748934313026384
equilibrium_dt1e-3,sin_odd_diff,0.5700000000000001,-0.10972823276787448,0.0017812406245227474,-0.10971915682371884,0.003304272977038549
equilibrium_dt1e-3,sin_odd_diff,0.58,-0.10790874758388827,0.0017719907610840916,-0.1080951132036171,0.0029710303471077843
equilibrium_dt1e-3,sin_odd_diff,0.59,-0.10592727621968354,0.0017622204062514091,-0.1062526818021757,0.002671395912133934
equilibrium_dt1e-3,sin_odd_diff,0.6,-0.10374532328295971,0.0017574170857821514,-0.10421234670878328,0.002401980217507011
equilibrium_dt1e-3,sin_odd_diff,0.61,-0.101420890264394,0.0017441630429288354,-0.10199379904308385,0.002159735641987375
equilibrium_dt1e-3,sin_odd_diff,0.62,-0.0988679782063316,0.0017438073080481447,-0.09961593103577049,0.0019419219231171713
equilibrium_dt1e-3,sin_odd_diff,0.63,-0.09619066332783335,0.001744497650098506,-0.09709683294420443,0.0017460751594639565
equilibrium_dt1e-3,sin_odd_diff,0.64,-0.09338674952254414,0.0017425468891047945,-0.09445379261914523,0.0015699799390508885
equilibrium_dt1e-3,sin_odd_diff,0.65,-0.09055528307649832,0.00174581882603645,-0.0917032975433208,0.0014116442786912633
equilibrium_dt1e-3,sin_odd_diff,0.66,-0.08760872671041658,0.001743324938563573,-0.08886103916725563,0.0012692770907419776
equilibrium_dt1e-3,sin_odd_diff,0.67,-0.08462175249113035,0.001743460455260976,-0.08594191937267513,0.0011412679223805845
equilibrium_dt1e-3,sin_odd_diff,0.68,-0.08166183179300499,0.001744630868761484,-0.08296005889888575,0.0010261687382173601
equilibrium_dt1e-3,sin_odd_diff,0.6900000000000001,-0.07861676474503142,0.0017500738396451568,-0.07992880757276914,0.0009226775401678655
equilibrium_dt1e-3,sin_odd_diff,0.7000000000000001,-0.07557785822803813,0.0017550732853520309,-0.07686075618839401,0.0008296236392945902
equilibrium_dt1e-3,sin_odd_diff,0.71,-0.07248109459314411,0.0017528685545108922,-0.07376774988771741,0.0007459544130132182
equilibrium_dt1e-3,sin_odd_diff,0.72,-0.06937873267130436,0.0017474236317761888,-0.07066090289939683,0.0006707233978615047
equilibrium_dt1e-3,sin_odd_diff,0.73,-0.06627274629963054,0.0017387402696462959,-0.06755061449833998,0.0006030795831365506
equilibrium_dt1e-3,sin_odd_diff,0.74,-0.06313179475101821,0.0017330365804341648,-0.06444658605426012,0.0005422577842904716
equilibrium_dt1e-3,sin_odd_diff,0.75,-0.06002146884761651,0.001713215977945655,-0.06135783904316499,0.00048756998718862857
equilibrium_dt1e-3,sin_odd_diff,0.76,-0.05695374810258025,0.0016950820446395426,-0.0582927339013632,0.00043839756531697437
equilibrium_dt1e-3,sin_odd_diff,0.77,-0.053939171198530395,0.0016806420130654044,-0.05525898960721033,0.00039418428189981274
equilibrium_dt1e-3,sin_odd_diff,0.78,-0.05093029775578581,0.0016673964681249765,-0.05226370388142052,0.0003544299977681807
equilibrium_dt1e-3,sin_odd_diff,0.79,-0.04810020618500417,0.0016502590835958848,-0.04931337390232322,0.0003186850138024547
equilibrium_dt1e-3,sin_odd_diff,0.8,-0.045366252784986454,0.0016266583795148638,-0.04641391743793595,0.00028654498395109775
equilibrium_dt1e-3,sin_odd_diff,0.81,-0.04267682166924862,0.0016035158848608743,-0.0435706943021392,0.00025764634128177594
equilibrium_dt1e-3,sin_odd_diff,0.8200000000000001,-0.04010375836506909,0.0015927921200689001,-0.04078852804756945,0.00023166218532450102
equilibrium_dt1e-3,sin_odd_diff,0.8300000000000001,-0.03751532357953043,0.0015775107988554966,-0.03807172781307718,0.0002082985841845505
equilibrium_dt1e-3,sin_odd_diff,0.84,-0.034951043156530144,0.0015647296768054222,-0.0354241102487233,0.00018729124959480185
equilibrium_dt1e-3,sin_odd_diff,0.85,-0.03256119430569769,0.0015475016360492083,-0.03284902144629761,0.00016840254729577769
equilibrium_dt1e-3,sin_odd_diff,0.86,-0.030229824860999913,0.0015303212906102395,-0.030349358808232724,0.00015141880892493008
equilibrium_dt1e-3,sin_odd_diff,0.87,-0.027923118985492233,0.0015090520972332665,-0.027927592792545402,0.00013614791500733613
equilibrium_dt1e-3,sin_odd_diff,0.88,-0.025744544679934096,0.0014896644386281624,-0.025585788476064703,0.0001224171217066875
equilibrium_dt1e-3,sin_odd_diff,0.89,-0.023691428572316372,0.0014690174067579157,-0.023325626882691214,0.0001100711067528465
equilibrium_dt1e-3,sin_odd_diff,0.9,-0.02169881783540995,0.001455725076701931,-0.021148426027775485,9.897021244157095e-05
equilibrium_dt1e-3,sin_odd_diff,0.91,-0.0197615120989572,0.0014424298893475533,-0.019055161633898962,8.898886583128118e-05
equilibrium_dt1e-3,sin_odd_diff,0.92,-0.01795911218628981,0.0014389139073949122,-0.01704648747738743,8.001415826618452e-05
equilibrium_dt1e-3,sin_odd_diff,0.93,-0.016174545697076756,0.0014403619800411886,-0.015122755328780864,7.19445681573742e-05
equilibrium_dt1e-3,sin_odd_diff,0.9400000000000001,-0.014579852460659577,0.0014451757507646182,-0.013284034454224969,6.468881257404336e-05
equilibrium_dt1e-3,sin_odd_diff,0.9500000000000001,-0.013092130641216247,0.0014496582711539018,-0.011530130648336075,5.816481465405517e-05
equilibrium_dt1e-3,sin_odd_diff,0.96,-0.011676168320900489,0.001451392824447338,-0.009860604772523452,5.2298775153249564e-05
equilibrium_dt1e-3,sin_odd_diff,0.97,-0.010353030633222193,0.0014494504580102009,-0.008274790776030041,4.702433763088521e-05
equilibrium_dt1e-3,sin_odd_diff,0.98,-0.00912654088048341,0.0014461305045714347,-0.00677181318007685,4.2281837827823175e-05
equilibrium_dt1e-3,sin_odd_diff,0.99,-0.00802290124614963,0.0014502804552634675,-0.005350604008465275,3.801762874644213e-05
equilibrium_dt1e-3,sin_odd_diff,1.0,-0.006891781684885155,0.0014594233736428767,-0.004009919150811908,3.418347379761264e-05
equilibrium_dt2p5e-4,I1_minus_I3,0.05,4.479679028562633,0.02396954824543969,4.502890578620352,5.670075167483189
equilibrium_dt2p5e-4,I1_minus_I3,0.06,4.34573723538635,0.023289070795651717,4.360646197458008,5.226770422703736
equilibrium_dt2p5e-4,I1_minus_I3,0.07,4.202672473160343,0.022553898637161344,4.2109141881771315,4.818124671136749
equilibrium_dt2p5e-4,I1_minus_I3,0.08,4.0518045554841855,0.021776214734354607,4.054944906968403,4.441428161026472
equilibrium_dt2p5e-4,I1_minus_I3,0.09,3.894689640653655,0.020964529623110607,3.8939153719997575,4.094182997739851
equilibrium_dt2p5e-4,I1_minus_I3,0.1,3.7324761035364187,0.02013228079016555,3.7289300477512635,3.7740865800941106
equilibrium_dt2p5e-4,I1_minus_I3,0.11,3.5663958738774566,0.019294288568984786,3.5610218809686294,3.479016331685602
equilibrium_dt2p5e-4,I1_minus_I3,0.12,3.397611478887195,0.0184602206315424,3.391153563542765,3.2070156259725584
equilibrium_dt2p5e-4,I1_minus_I3,0.13,3.2270877368340316,0.017645849388770223,3.220218998621384,2.956280811780221
equilibrium_dt2p5e-4,I1_minus_I3,0.14,3.0558826276370006,0.01686508850030838,3.049044947279582,2.7251492531937864
equilibrium_dt2p5e-4,I1_minus_I3,0.15,2.8848278868867263,0.016116357748683766,2.878392834113761,2.512088304531051
equilibrium_dt2p5e-4,I1_minus_I3,0.16,2.7146964552167625,0.01541451485299524,2.7089606911710984,2.315685147287212
equilibrium_dt2p5e-4,I1_minus_I3,0.17,2.5462932041128177,0.014763042540160809,2.541385220679869,2.1346374216600768
equilibrium_dt2p5e-4,I1_minus_I3,0.18,2.380227817079916,0.014169305541762402,2.3762439580990575,1.9677445905328086
equilibrium_dt2p5e-4,I1_minus_I3,0.19,2.2170146089248393,0.013641090928161114,2.214057518054513,1.8138999786483259
equilibrium_dt2p5e-4,I1_minus_I3,0.2,2.0573338175655005,0.013178380467869916,2.055291906769062,1.672083434186698
equilibrium_dt2p5e-4,I1_minus_I3,0.21,1.9015038879671293,0.01280214911808237,1.9003608856217051,1.5413545640840631
equilibrium_dt2p5e-4,I1_minus_I3,0.22,1.7498524526766315,0.012492293440929335,1.7496283714828886,1.420846498236106
equilibrium_dt2p5e-4,I1_minus_I3,0.23,1.6028946263003905,0.012252385066004937,1.6034108604656916,1.3097601412362
equilibrium_dt2p5e-4,I1_minus_I3,0.24,1.4608697585588635,0.012083803597646053,1.4619798627038096,1.2073588735311835
equilibrium_dt2p5e-4,I1_minus_I3,0.25,1.3240035787576123,0.011983159826484102,1.3255643367140653,1.1129636668578433
equilibrium_dt2p5e-4,I1_minus_I3,0.26,1.1924120627545323,0.011952423757302636,1.1943531128215839,1.0259485815703193
equilibrium_dt2p5e-4,I1_minus_I3,0.27,1.0661772218373708,0.01198548018494374,1.0684972960179233,0.9457366160009545
equilibrium_dt2p5e-4,I1_minus_I3,0.28,0.9455290677113015,0.012062955907123578,0.9481126394847346,0.8717958803314868
equilibrium_dt2p5e-4,I1_minus_I3,0.29,0.8304615771917792,0.012168877988301609,0.8332818808465854,0.803636069603321
equilibrium_dt2p5e-4,I1_minus_I3,0.3,0.7210065063682213,0.012307497182242921,0.7240570340153484,0.7408052124792175
equilibrium_dt2p5e-4,I1_minus_I3,0.31,0.6172819417273602,0.012462467229178906,0.6204616302541318,0.6828866741972712
equilibrium_dt2p5e-4,I1_minus_I3,0.32,0.5192365316342722,0.01264199170993501,0.5224929028204714,0.6294963938436009
equilibrium_dt2p5e-4,I1_minus_I3,0.33,0.42682576223035684,0.012829726080306634,0.43012391024596136,0.5802803376239632
equilibrium_dt2p5e-4,I1_minus_I3,0.34,0.33998743529753284,0.01301904948291448,0.34330559397239896,0.5349121512467959
equilibrium_dt2p5e-4,I1_minus_I3,0.35000000000000003,0.2586740725079295,0.013210338954132397,0.26196876669273816,0.49309099585051824
equilibrium_dt2p5e-4,I1_minus_I3,0.36,0.1828556942875057,0.013394450964096544,0.1860260283387838,0.45453955312500915
equilibrium_dt2p5e-4,I1_minus_I3,0.37,0.1124693099074978,0.013569718585442299,0.11537360721678334,0.4190021863991127
equilibrium_dt2p5e-4,I1_minus_I3,0.38,0.047201507597190134,0.013740113125188573,0.04989312431724537,0.38624324550024997
equilibrium_dt2p5e-4,I1_minus_I3,0.39,-0.012998075817042666,0.013906185261964977,-0.010546720683129574,0.35604550414556563
equilibrium_dt2p5e-4,I1_minus_I3,0.4,-0.06821432822936935,0.014060209846783928,-0.06608854275098792,0.32820871950287067
equilibrium_dt2p5e-4,I1_minus_I3,0.41000000000000003,-0.11869845348909806,0.01419813844063681,-0.11688474475476729,0.30254830436975105
equilibrium_dt2p5e-4,I1_minus_I3,0.42,-0.16458875712415283,0.014318064234304963,-0.16309607085494923,0.27889410316599145
equilibrium_dt2p5e-4,I1_minus_I3,0.43,-0.20602706640052365,0.01442008329373153,-0.20489023986528643,0.2570892636228549
equilibrium_dt2p5e-4,I1_minus_I3,0.44,-0.24311721679403803,0.01450550594253279,-0.24244065809033874,0.23698919668733037
equilibrium_dt2p5e-4,I1_minus_I3,0.45,-0.2761456268155761,0.014582936045226157,-0.2759252108397624,0.21846061774441702
equilibrium_dt2p5e-4,I1_minus_I3,0.46,-0.30535202522788313,0.014640299360018564,-0.3055251315428481,0.201380662799739
equilibrium_dt2p5e-4,I1_minus_I3,0.47000000000000003,-0.3308831654748311,0.014678492064973007,-0.3314239471367546,0.18563607376185123
equilibrium_dt2p5e-4,I1_minus_I3,0.48,-0.3529037059387812,0.014710211054019184,-0.3538064981776842,0.17112244742179958
equilibrium_dt2p5e-4,I1_minus_I3,0.49,-0.37153980959427635,0.014715251689176393,-0.3728580319247334,0.15774354314987818
equilibrium_dt2p5e-4,I1_minus_I3,0.5,-0.3870101038957733,0.014703470189890128,-0.388763366470275,0.14541064471888557
equilibrium_dt2p5e-4,I1_minus_I3,0.51,-0.39953966200860813,0.014674143783411402,-0.4017061238373105,0.1340419720220942
equilibrium_dt2p5e-4,I1_minus_I3,0.52,-0.4093187627050742,0.014625375078954584,-0.4118680298321492,0.1235621387850041
equilibrium_dt2p5e-4,I1_minus_I3,0.53,-0.41651065486867284,0.014559907085830694,-0.41942827832888213,0.11390165267494023
equilibrium_dt2p5e-4,I1_minus_I3,0.54,-0.4213714054137635,0.014476817100322366,-0.42456295756928225,0.10499645449369015
equilibrium_dt2p5e-4,I1_minus_I3,0.55,-0.42414722525133236,0.014370435752682521,-0.4274445359868737,0.09678749339754775
equilibrium_dt2p5e-4,I1_minus_I3,0.56,-0.42488769306283647,0.014260237726439503,-0.42824140500581126,0.08922033532802108
equilibrium_dt2p5e-4,I1_minus_I3,0.5700000000000001,-0.4237128003327065,0.014144134835017736,-0.4271174762228564,0.08224480205669031
equilibrium_dt2p5e-4,I1_minus_I3,0.58,-0.420825491574316,0.014024616924291985,-0.4242318303529942,0.07581463845070038
equilibrium_dt2p5e-4,I1_minus_I3,0.59,-0.4163093373753872,0.013900073055411815,-0.4197384153051007,0.06988720575251055
equilibrium_dt2p5e-4,I1_minus_I3,0.6,-0.410433686978689,0.013778645106519829,-0.4137857907524682,0.06442319884002055
equilibrium_dt2p5e-4,I1_minus_I3,0.61,-0.4032558115570708,0.013654190743939934,-0.40651691657296934,0.059386385592211724
equilibrium_dt2p5e-4,I1_minus_I3,0.62,-0.39497017515787436,0.013522324906371761,-0.39806898255417505,0.05474336663202122
equilibrium_dt2p5e-4,I1_minus_I3,0.63,-0.3856523129098147,0.013376568597650351,-0.3885732767889435,0.05046335385329327
equilibrium_dt2p5e-4,I1_minus_I3,0.64,-0.37545550716761367,0.01322144189984673,-0.37815509022591237,0.04651796626320611
equilibrium_dt2p5e-4,I1_minus_I3,0.65,-0.36454042566641853,0.013059854249296302,-0.36693365488613733,0.04288104178639655
equilibrium_dt2p5e-4,I1_minus_I3,0.66,-0.35291862360835713,0.01290587948748088,-0.35502211331094347,0.039528463782843644
equilibrium_dt2p5e-4,I1_minus_I3,0.67,-0.34075606526314833,0.01275196651459407,-0.3425275168661214,0.03643800112914387
equilibrium_dt2p5e-4,I1_minus_I3,0.68,-0.32808460087931335,0.01260415082676189,-0.32955085059315403,0.03358916080274681
equilibrium_dt2p5e-4,I1_minus_I3,0.6900000000000001,-0.3150637226225891,0.012448938579324031,-0.3161870823684373,0.03096305199163081
equilibrium_dt2p5e-4,I1_minus_I3,0.7000000000000001,-0.30171499232722154,0.012287341376501865,-0.3025252342058321,0.02854226082832149
equilibrium_dt2p5e-4,I1_minus_I3,0.71,-0.28814207247871143,0.0121312807715381,-0.28864847361564533,0.026310734917608776
equilibrium_dt2p5e-4,I1_minus_I3,0.72,-0.2745087555375793,0.011987726534309318,-0.2746342230137283,0.024253676892258526
equilibrium_dt2p5e-4,I1_minus_I3,0.73,-0.2608590761548513,0.011845411214359412,-0.26055428525718205,0.02235744629088214
equilibrium_dt2p5e-4,I1_minus_I3,0.74,-0.24726636881069747,0.011703748936787568,-0.24647498346766578,0.020609469107309947
equilibrium_dt2p5e-4,I1_minus_I3,0.75,-0.23369347337742624,0.011568898586251647,-0.23245731338898984,0.018998154411686365
equilibrium_dt2p5e-4,I1_minus_I3,0.76,-0.2202408546066565,0.011442321855440737,-0.21855710661209593,0.01751281749039621
equilibrium_dt2p5e-4,I1_minus_I3,0.77,-0.20689611585786105,0.011320013109132653,-0.20482520308722352,0.016143608995159396
equilibrium_dt2p5e-4,I1_minus_I3,0.78,-0.19371108034407267,0.01120984082033461,-0.19130763142966017,0.014881449631477627
equilibrium_dt2p5e-4,I1_minus_I3,0.79,-0.18071182110293366,0.011106354138529702,-0.17804579561159187,0.013717969953348636
equilibrium_dt2p5e-4,I1_minus_I3,0.8,-0.16798527054535287,0.011007010785089004,-0.1650766667178745,0.012645454865023852
equilibrium_dt2p5e-4,I1_minus_I3,0.81,-0.15564453340566486,0.01090802557234375,-0.1524329785277431,0.011656792461797228
equilibrium_dt2p5e-4,I1_minus_I3,0.8200000000000001,-0.14362442904608932,0.01082226024639692,-0.14014342576727018,0.010745426870586243
equilibrium_dt2p5e-4,I1_minus_I3,0.8300000000000001,-0.13187714567890618,0.010738824284958802,-0.12823286395855327,0.00990531477758802
equilibrium_dt2p5e-4,I1_minus_I3,0.84,-0.12048179162318676,0.010662475309858659,-0.11672250987090738,0.009130885354743556
equilibrium_dt2p5e-4,I1_minus_I3,0.85,-0.10947340271124545,0.010602631378538157,-0.10563014165659035,0.008417003319279857
equilibrium_dt2p5e-4,I1_minus_I3,0.86,-0.0987908325721012,0.010546035644270922,-0.0949702978286174,0.007758934881376348
equilibrium_dt2p5e-4,I1_minus_I3,0.87,-0.08848658270148595,0.010505757093391745,-0.08475447431086773,0.007152316354152182
equilibrium_dt2p5e-4,I1_minus_I3,0.88,-0.0785707642997345,0.010484792276242357,-0.07499131886085418,0.006593125217826083
equilibrium_dt2p5e-4,I1_minus_I3,0.89,-0.06899026468145504,0.010464534935856052,-0.06568682223308352,0.006077653446173233
equilibrium_dt2p5e-4,I1_minus_I3,0.9,-0.05982217883917419,0.010449661812827462,-0.05684450551581081,0.00560248291840584
equilibrium_dt2p5e-4,I1_minus_I3,0.91,-0.05112603966362735,0.010439115008610465,-0.0484656031361228,0.005164462753431982
equilibrium_dt2p5e-4,I1_minus_I3,0.92,-0.04289127906618495,0.01043036212082741,-0.04054924108761368,0.00476068841619522
equilibrium_dt2p5e-4,I1_minus_I3,0.93,-0.035122157911432576,0.010424839794929582,-0.03309260999141391,0.004388482457547814
equilibrium_dt2p5e-4,I1_minus_I3,0.9400000000000001,-0.027805306307644495,0.010419874938548228,-0.026091132654989184,0.0040453767599427735
equilibrium_dt2p5e-4,I1_minus_I3,0.9500000000000001,-0.02092927719476577,0.010430491563269475,-0.019538625843921225,0.0037290961712148477
equilibrium_dt2p5e-4,I1_minus_I3,0.96,-0.014379787738024473,0.010450878818629723,-0.01342745602983879,0.0034375434179253015
equilibrium_dt2p5e-4,I1_minus_I3,0.97,-0.008268911643523953,0.010476067680318495,-0.00774868892280183,0.0031687851982299376
equilibrium_dt2p5e-4,I1_minus_I3,0.98,-0.0026094759555437023,0.010510193358001308,-0.0024922326387794326,0.002921039362051587
equilibrium_dt2p5e-4,I1_minus_I3,0.99,0.0026749104081392333,0.010553619768600584,0.0023530256075480556,0.002692663093547936
equilibrium_dt2p5e-4,I1_minus_I3,1.0,0.007571119101523885,0.01059680978037348,0.00679908935754525,0.0024821420175121563
equilibrium_dt2p5e-4,cos_odd_diff,0.05,0.71724406040783,0.0017123476507257679,0.7097527975740612,0.7589220098059579
equilibrium_dt2p5e-4,cos_odd_diff,0.06,0.6752987479090243,0.0017075239477659751,0.6704152368681044,0.7039243175670957
equilibrium_dt2p5e-4,cos_odd_diff,0.07,0.6348564352526186,0.0017004695397935656,0.6324911047528244,0.6529122076575349
equilibrium_dt2p5e-4,cos_odd_diff,0.08,0.5961336222500944,0.001694039657425486,0.5959860202269652,0.6055968522036506
equilibrium_dt2p5e-4,cos_odd_diff,0.09,0.5591764605098425,0.0016755867167412813,0.5608992248615671,0.5617103541604116
equilibrium_dt2p5e-4,cos_odd_diff,0.1,0.5239738489001171,0.0016443456264370914,0.5272242581341754,0.5210042304924535
equilibrium_dt2p5e-4,cos_odd_diff,0.11,0.4906479212442004,0.0016230570878320567,0.4949495848224488,0.4832480052762477
equilibrium_dt2p5e-4,cos_odd_diff,0.12,0.4591737317907853,0.001597035961657302,0.4640591769528285,0.448227904757589
equilibrium_dt2p5e-4,cos_odd_diff,0.13,0.4295040579488182,0.0015660850391251311,0.43453305272212983,0.4157456469758824
equilibrium_dt2p5e-4,cos_odd_diff,0.14,0.401584666482237,0.0015301373684900117,0.4063477747304673,0.38561731910214947
equilibrium_dt2p5e-4,cos_odd_diff,0.15,0.3752790107493159,0.0014960620056186818,0.3794769097833068,0.357672336134298
equilibrium_dt2p5e-4,cos_odd_diff,0.16,0.35046118477126753,0.0014651303016979863,0.3538914524391222,0.3317524750538444
equilibrium_dt2p5e-4,cos_odd_diff,0.17,0.32703421736301613,0.0014326318155739267,0.3295602143975133,0.3077109789755356
equilibrium_dt2p5e-4,cos_odd_diff,0.18,0.30493797050997723,0.0014054369908071242,0.306450181741081,0.28541172621761063
equilibrium_dt2p5e-4,cos_odd_diff,0.19,0.28409477830621976,0.0013866406367035857,0.284526841963192,0.2647284595880237
equilibrium_dt2p5e-4,cos_odd_diff,0.2,0.26436547610389816,0.0013789740981039926,0.2637544826332735,0.24554407152288799
equilibrium_dt2p5e-4,cos_odd_diff,0.21,0.24564313049022543,0.001368802228741594,0.24409646347172487,0.2277499410296298
equilibrium_dt2p5e-4,cos_odd_diff,0.22,0.22775375317017682,0.0013621737680627798,0.22551546352814245,0.2112453186806625
equilibrium_dt2p5e-4,cos_odd_diff,0.23,0.21069891261418677,0.001362334913538445,0.20797370507951818,0.19593675617544543
equilibrium_dt2p5e-4,cos_odd_diff,0.24,0.19461799661342186,0.001364581045390858,0.191433155789571,0.18173757724113915
equilibrium_dt2p5e-4,cos_odd_diff,0.25,0.17932818368384254,0.0013812061722070599,0.1758557105965367,0.16856738687612363
equilibrium_dt2p5e-4,cos_odd_diff,0.26,0.16479088437989925,0.0013900391261182034,0.1612033547247214,0.1563516161577429
equilibrium_dt2p5e-4,cos_odd_diff,0.27,0.15108213968410172,0.0014029553756477395,0.14743830914499056,0.145021100037001
equilibrium_dt2p5e-4,cos_odd_diff,0.28,0.1381629583864366,0.0014317461735768762,0.13452315974123868,0.1345116857297054
equilibrium_dt2p5e-4,cos_odd_diff,0.29,0.12582473351731477,0.0014593602714606318,0.12242097137380313,0.12476386948678952
equilibrium_dt2p5e-4,cos_odd_diff,0.3,0.11423648711973955,0.0014932786268969896,0.11109538796681866,0.115722459687226
equilibrium_dt2p5e-4,cos_odd_diff,0.31,0.10332704309313026,0.0015198369357517173,0.10051071968469197,0.10733626434598208
equilibrium_dt2p5e-4,cos_odd_diff,0.32,0.09307347461265783,0.0015413988210572112,0.09063201820322754,0.09955780126770235
equilibrium_dt2p5e-4,cos_odd_diff,0.33,0.08349293629852476,0.0015598164436498557,0.08142514102348078,0.09234302920502506
equilibrium_dt2p5e-4,cos_odd_diff,0.34,0.07457803641671544,0.001581699585971504,0.07285680572114746,0.08565109849936432
equilibrium_dt2p5e-4,cos_odd_diff,0.35000000000000003,0.06620654882822963,0.0016029775524574231,0.06489463497121851,0.07944411979229939
equilibrium_dt2p5e-4,cos_odd_diff,0.36,0.05841277910849762,0.0016139566311287015,0.057507193136720876,0.07368694949802725
equilibrium_dt2p5e-4,cos_odd_diff,0.37,0.05119024505399457,0.0016330564459618633,0.05066401516160682,0.06834699082223489
equilibrium_dt2p5e-4,cos_odd_diff,0.38,0.04441779594125449,0.001648437061481541,0.044335628461219315,0.06339400920077064
equilibrium_dt2p5e-4,cos_odd_diff,0.39,0.03815641735821821,0.0016602989782333998,0.038493568459213555,0.05879996111313772
equilibrium_dt2p5e-4,cos_odd_diff,0.4,0.03246774470818959,0.0016742816832674425,0.0331103883773189,0.05453883530156156
equilibrium_dt2p5e-4,cos_odd_diff,0.41000000000000003,0.027161494359695074,0.0016816101289879551,0.02815966384383691,0.050586505496621255
equilibrium_dt2p5e-4,cos_odd_diff,0.42,0.02222273235040898,0.0016842049984880276,0.023615992848242267,0.04692059381558566
equilibrium_dt2p5e-4,cos_odd_diff,0.43,0.017725062262443154,0.0016816402372617101,0.019454991532637498,0.04352034406002245
equilibrium_dt2p5e-4,cos_odd_diff,0.44,0.013560703124226813,0.0016878851055716962,0.015653286276054723,0.04036650419529841
equilibrium_dt2p5e-4,cos_odd_diff,0.45,0.009847434489665189,0.0016868306055959667,0.012188502494643802,0.03744121734657545
equilibrium_dt2p5e-4,cos_odd_diff,0.46,0.0065033945668471,0.0016642408523604762,0.00903925054958383,0.03472792069412785
equilibrium_dt2p5e-4,cos_odd_diff,0.47000000000000003,0.003544252554840378,0.001640467536030678,0.0061851091250416735,0.032211251695531275
equilibrium_dt2p5e-4,cos_odd_diff,0.48,0.0007883331897851746,0.001628091150244169,0.0036066064106231115,0.029876961103758475
equilibrium_dt2p5e-4,cos_odd_diff,0.49,-0.0017051196893608349,0.0016148320996612706,0.001285199396459194,0.027711832288694727
equilibrium_dt2p5e-4,cos_odd_diff,0.5,-0.003915164351973718,0.0016000838965883957,-0.0007967484357165126,0.02570360640527585
equilibrium_dt2p5e-4,cos_odd_diff,0.51,-0.005854729351173488,0.0015818791919051227,-0.002655990765473826,0.02384091298455446
equilibrium_dt2p5e-4,cos_odd_diff,0.52,-0.007595035571620064,0.0015815016850899216,-0.004308423192478345,0.02211320555470502
equilibrium_dt2p5e-4,cos_odd_diff,0.53,-0.009010496776253723,0.0015888290980457086,-0.0057691088836635245,0.020510701927457048
equilibrium_dt2p5e-4,cos_odd_diff,0.54,-0.010208621140334172,0.0015961296394595183,-0.007052304910581133,0.019024328811861498
equilibrium_dt2p5e-4,cos_odd_diff,0.55,-0.011222249830233264,0.0016005799098610036,-0.008171489096807098,0.01764567044179631
equilibrium_dt2p5e-4,cos_odd_diff,0.56,-0.012053838250194883,0.0016030941847242942,-0.009139387212187464,0.01636692092634289
equilibrium_dt2p5e-4,cos_odd_diff,0.5700000000000001,-0.012655036654337164,0.001608282217331686,-0.00996800036649935,0.015180840053243754
equilibrium_dt2p5e-4,cos_odd_diff,0.58,-0.013110907102387007,0.0016136660952170412,-0.010668632469829112,0.014080712295202904
equilibrium_dt2p5e-4,cos_odd_diff,0.59,-0.01348832693383515,0.0016205160000242887,-0.011251917640685347,0.013060308786924714
equilibrium_dt2p5e-4,cos_odd_diff,0.6,-0.013791414286421553,0.0016238314615010857,-0.011727847455619332,0.012113852057607498
equilibrium_dt2p5e-4,cos_odd_diff,0.61,-0.013991617178895271,0.0016292154938175806,-0.012105797945969207,0.011235983319208739
equilibrium_dt2p5e-4,cos_odd_diff,0.62,-0.014034732894674473,0.0016334198810187685,-0.01239455625832403,0.010421732125270073
equilibrium_dt2p5e-4,cos_odd_diff,0.63,-0.013998424913423627,0.0016286690747942336,-0.012602346905466045,0.009666488228511806
equilibrium_dt2p5e-4,cos_odd_diff,0.64,-0.013846890683305461,0.0016299955623343915,-0.012736857543939826,0.008965975477856165
equilibrium_dt2p5e-4,cos_odd_diff,0.65,-0.01362389883265635,0.0016237333691642127,-0.012805264223057139,0.008316227607085626
equilibrium_dt2p5e-4,cos_odd_diff,0.66,-0.013356136348655888,0.0016213930937864142,-0.012814256058118772,0.007713565778052933
equilibrium_dt2p5e-4,cos_odd_diff,0.67,-0.013102143913259591,0.0016225477681462252,-0.01277005928795948,0.007154577751293711
equilibrium_dt2p5e-4,cos_odd_diff,0.68,-0.012761285759470649,0.001629983401523513,-0.012678460683637167,0.006636098566106724
equilibrium_dt2p5e-4,cos_odd_diff,0.6900000000000001,-0.012447685861755233,0.0016392554777024746,-0.012544830281230109,0.006155192620713456
equilibrium_dt2p5e-4,cos_odd_diff,0.7000000000000001,-0.012067283319351516,0.001645734815305421,-0.01237414341731129,0.005709137051035791
equilibrium_dt2p5e-4,cos_odd_diff,0.71,-0.01163921302729291,0.0016566237283946212,-0.012171002050770974,0.005295406313983336
equilibrium_dt2p5e-4,cos_odd_diff,0.72,-0.011178314915675405,0.001650785930525091,-0.011939655359288882,0.004911657887961739
equilibrium_dt2p5e-4,cos_odd_diff,0.73,-0.010672469091750587,0.0016506607474508412,-0.011684019602948037,0.004555719009639094
equilibrium_dt2p5e-4,cos_odd_diff,0.74,-0.010170343396451408,0.0016482831153922747,-0.01140769725126104,0.004225574371874631
equilibrium_dt2p5e-4,cos_odd_diff,0.75,-0.009642876567234936,0.0016444173421165725,-0.01111399537327576,0.0039193547131560705
equilibrium_dt2p5e-4,cos_odd_diff,0.76,-0.009133100238828155,0.0016473183853361365,-0.010805943293466744,0.0036353262339396016
equilibrium_dt2p5e-4,cos_odd_diff,0.77,-0.008638579591876526,0.001652892947640863,-0.01048630951882653,0.0033718807799683927
equilibrium_dt2p5e-4,cos_odd_diff,0.78,-0.008064110296793556,0.0016622422460982678,-0.010157617944971616,0.0031275267369880715
equilibrium_dt2p5e-4,cos_odd_diff,0.79,-0.0074427371365654105,0.0016674887993080039,-0.009822163351193238,0.0029008805853055525
equilibrium_dt2p5e-4,cos_odd_diff,0.8,-0.006839819176474534,0.0016784254300660525,-0.009482026196235305,0.002690659066373565
equilibrium_dt2p5e-4,cos_odd_diff,0.81,-0.0062850342346631675,0.0016874333600994608,-0.009139086728190561,0.0024956719170484924
equilibrium_dt2p5e-4,cos_odd_diff,0.8200000000000001,-0.005875327390476549,0.0016953796506950058,-0.008795038423290729,0.002314815130383288
equilibrium_dt2p5e-4,cos_odd_diff,0.8300000000000001,-0.005444971063843958,0.0017073266113061631,-0.008451400769544799,0.0021470647047984077
equilibrium_dt2p5e-4,cos_odd_diff,0.84,-0.004993100728233436,0.0017181481341848857,-0.0081095314121688,0.0019914708462389265
equilibrium_dt2p5e-4,cos_odd_diff,0.85,-0.004486918375628077,0.0017267132039920383,-0.007770637678566303,0.0018471525904907252
equilibrium_dt2p5e-4,cos_odd_diff,0.86,-0.003994421891571906,0.001721904568305446,-0.007435787501276192,0.0017132928152076225
equilibrium_dt2p5e-4,cos_odd_diff,0.87,-0.00349786133733161,0.0017267452144455922,-0.0071059197578174915,0.0015891336134077763
equilibrium_dt2p5e-4,cos_odd_diff,0.88,-0.003038877908002038,0.0017396296526424767,-0.006781854046742683,0.00147397200224436
equilibrium_dt2p5e-4,cos_odd_diff,0.89,-0.00258435935958563,0.0017401951199382665,-0.006464299919473854,0.0013671559427537914
equilibrium_dt2p5e-4,cos_odd_diff,0.9,-0.0021030906862666847,0.0017375924518134704,-0.006153865587651333,0.0012680806480455387
equilibrium_dt2p5e-4,cos_odd_diff,0.91,-0.0016906966876154218,0.0017386232807212805,-0.005851066125782978,0.0011761851590306699
equilibrium_dt2p5e-4,cos_odd_diff,0.92,-0.0012620321163497893,0.001746931652471705,-0.005556331188953986,0.0010909491683011013
equilibrium_dt2p5e-4,cos_odd_diff,0.93,-0.000813226653292132,0.0017348200739980084,-0.00527001226525115,0.0010118900741765185
equilibrium_dt2p5e-4,cos_odd_diff,0.9400000000000001,-0.0005013152615050303,0.0017214796391737234,-0.004992389482380704,0.0009385602482391356
equilibrium_dt2p5e-4,cos_odd_diff,0.9500000000000001,-0.0001754832915351056,0.0017120814058948564,-0.0047236779877230135,0.0008705445008852221
equilibrium_dt2p5e-4,cos_odd_diff,0.96,0.00012468593117577698,0.001701235684077841,-0.004464033920777945,0.0008074577305434839
equilibrium_dt2p5e-4,cos_odd_diff,0.97,0.00046275474596734915,0.001692762026555137,-0.004213559996618579,0.0007489427432502899
equilibrium_dt2p5e-4,cos_odd_diff,0.98,0.000742539514291171,0.0016837997386779048,-0.003972310718594301,0.0006946682302363108
equilibrium_dt2p5e-4,cos_odd_diff,0.99,0.0009702386009635248,0.0016721571379259934,-0.0037402972381129036,0.0006443268920737503
equilibrium_dt2p5e-4,cos_odd_diff,1.0,0.0011673730014474392,0.0016672955078568732,-0.003517491878890807,0.0005976336987632081
equilibrium_dt2p5e-4,sin_odd_diff,0.05,0.7054829323178025,0.0019718558393228293,0.6948101663423989,0.8305693659733161
equilibrium_dt2p5e-4,sin_odd_diff,0.06,0.6637379468307179,0.0019526878668781535,0.6580158196576399,0.7462446353609209
equilibrium_dt2p5e-4,sin_odd_diff,0.07,0.6234334283916627,0.0019331847381107074,0.6216654832006745,0.6704810923918
equilibrium_dt2p5e-4,sin_odd_diff,0.08,0.5846341537620694,0.0019052935816219537,0.5858426329509945,0.6024095503714801
equilibrium_dt2p5e-4,sin_odd_diff,0.09,0.5473579145695905,0.0018703839087781473,0.5506234202078102,0.5412490680150417
equilibrium_dt2p5e-4,sin_odd_diff,0.1,0.511457717433314,0.0018329092891373195,0.5160769314587649,0.48629799020699654
equilibrium_dt2p5e-4,sin_odd_diff,0.11,0.47697683974472005,0.0017896538181551927,0.48226545267169746,0.43692589836070084
equilibrium_dt2p5e-4,sin_odd_diff,0.12,0.4439541777242177,0.0017611647726501155,0.4492447368823313,0.39256637802892336
equilibrium_dt2p5e-4,sin_odd_diff,0.13,0.4121696231072501,0.0017239036269221183,0.41706427401709845,0.3527105207929893
equilibrium_dt2p5e-4,sin_odd_diff,0.14,0.38164739526156866,0.001669770857352648,0.385767561955434,0.31690108588182736
equilibrium_dt2p5e-4,sin_odd_diff,0.15,0.35220182844944087,0.0016163049353989166,0.3553923778996968,0.2847272545409071
equilibrium_dt2p5e-4,sin_odd_diff,0.16,0.3238422613535219,0.0015739730578841673,0.325971049183258,0.25581991697129547
equilibrium_dt2p5e-4,sin_odd_diff,0.17,0.29642308871270695,0.0015316202183735122,0.29753072270817627,0.2298474377688987
equilibrium_dt2p5e-4,sin_odd_diff,0.18,0.2699142198959256,0.0014883720437173715,0.27009363226312866,0.20651185128347765
equilibrium_dt2p5e-4,sin_odd_diff,0.19,0.2443306082463142,0.00145165424565593,0.24367736302984405,0.18554544324922592
equilibrium_dt2p5e-4,sin_odd_diff,0.2,0.21963049815562508,0.0014275244708021257,0.21829511264210594,0.16670767947014242
equilibrium_dt2p5e-4,sin_odd_diff,0.21,0.19590226887227033,0.001409369808181797,0.19395594821540674,0.14978244632496898
equilibrium_dt2p5e-4,sin_odd_diff,0.22,0.17302858297330448,0.0013942502074318394,0.17066505881749733,0.13457557143377014
equilibrium_dt2p5e-4,sin_odd_diff,0.23,0.1511025685939513,0.0013758243763469125,0.14842400290034968,0.12091259604234879
equilibrium_dt2p5e-4,sin_odd_diff,0.24,0.1299986429677722,0.0013662244814972356,0.12723095026240155,0.10863677356848696
equilibrium_dt2p5e-4,sin_odd_diff,0.25,0.10986431803581632,0.0013633741377703135,0.10708091815636886,0.09760727134861245
equilibrium_dt2p5e-4,sin_odd_diff,0.26,0.090495167505746,0.0013709836761038622,0.08796600120237215,0.08769755495468136
equilibrium_dt2p5e-4,sin_odd_diff,0.27,0.07213427609528544,0.001372089778655948,0.06987559480862661,0.07879393654557569
equilibrium_dt2p5e-4,sin_odd_diff,0.28,0.05470686927524352,0.001370409475982023,0.05279661184248943,0.07079427059918042
equilibrium_dt2p5e-4,sin_odd_diff,0.29,0.038266579760801056,0.0013768172622472862,0.03671369233325008,0.06360678206210783
equilibrium_dt2p5e-4,sin_odd_diff,0.3,0.022812320609291968,0.0013885252246842706,0.021609406024700847,0.057149013473179515
equilibrium_dt2p5e-4,sin_odd_diff,0.31,0.008225523335275608,0.0013891064211048738,0.007464447630255737,0.051346878981688
equilibrium_dt2p5e-4,sin_odd_diff,0.32,-0.0054227886363626635,0.001405945275643208,-0.005742175323790306,0.04613381440779278
equilibrium_dt2p5e-4,sin_odd_diff,0.33,-0.01799109632371141,0.0014089950842523684,-0.018032962150310326,0.04145001359423815
equilibrium_dt2p5e-4,sin_odd_diff,0.34,-0.029665387425398884,0.0014144551571910512,-0.029431746203044555,0.0372417422885438
equilibrium_dt2p5e-4,sin_odd_diff,0.35000000000000003,-0.04047726121326013,0.0014202663690121573,-0.03996352965498903,0.03346072168427726
equilibrium_dt2p5e-4,sin_odd_diff,0.36,-0.050392122849761786,0.0014214133392723219,-0.04965432585498304,0.03006357454917132
equilibrium_dt2p5e-4,sin_odd_diff,0.37,-0.0594676788350058,0.001425490598552147,-0.0585310092402069,0.027011327585868338
equilibrium_dt2p5e-4,sin_odd_diff,0.38,-0.06776479809228,0.0014200142353439666,-0.06662117276018915,0.024268964316194498
equilibrium_dt2p5e-4,sin_odd_diff,0.39,-0.07520494395876776,0.001424836343132169,-0.07395299274745507,0.021805023359490965
equilibrium_dt2p5e-4,sin_odd_diff,0.4,-0.08190697414102519,0.0014189584046137658,-0.08055510115107278,0.019591237496306195
equilibrium_dt2p5e-4,sin_odd_diff,0.41000000000000003,-0.08786872783074723,0.0014207906384624404,-0.08645646503202378,0.017602209376657785
equilibrium_dt2p5e-4,sin_odd_diff,0.42,-0.0931115905629914,0.0014229915415433423,-0.09168627320349032,0.015815120152472117
equilibrium_dt2p5e-4,sin_odd_diff,0.43,-0.09769888288508925,0.0014243438629307935,-0.09627382988475842,0.014209467691527967
equilibrium_dt2p5e-4,sin_odd_diff,0.44,-0.10150362931338086,0.0014277277373775411,-0.10024845522443171,0.01276683136960019
equilibrium_dt2p5e-4,sin_odd_diff,0.45,-0.10475233679537369,0.0014315698863676112,-0.10363939253698234,0.011470660742413825
equilibrium_dt2p5e-4,sin_odd_diff,0.46,-0.10746412138376896,0.0014339711544835575,-0.10647572208627823,0.0103060856729773
equilibrium_dt2p5e-4,sin_odd_diff,0.47000000000000003,-0.10970158635113851,0.0014503860409470876,-0.10878628124056415,0.009259745736006884
equilibrium_dt2p5e-4,sin_odd_diff,0.48,-0.11143004272796056,0.0014721607908824658,-0.11059959081538466,0.008319636942308445
equilibrium_dt2p5e-4,sin_odd_diff,0.49,-0.11272114044250284,0.0014929411081714514,-0.11194378741406541,0.007474974024683295
equilibrium_dt2p5e-4,sin_odd_diff,0.5,-0.11350576789970636,0.0015061989898406429,-0.112846561569558,0.00671606670545245
equilibrium_dt2p5e-4,sin_odd_diff,0.51,-0.11382316567392423,0.001515846539045165,-0.11333510148665273,0.0060342085260955795
equilibrium_dt2p5e-4,sin_odd_diff,0.52,-0.11377005658916854,0.0015324374615360205,-0.11343604217971792,0.005421576963618261
equilibrium_dt2p5e-4,sin_odd_diff,0.53,-0.11341537646269143,0.001538613282736025,-0.11317541979817837,0.004871143687746434
equilibrium_dt2p5e-4,sin_odd_diff,0.54,-0.11269736781798359,0.001536968688820773,-0.1125786309298518,0.004376593929386234
equilibrium_dt2p5e-4,sin_odd_diff,0.55,-0.11169525848888293,0.0015327757149343208,-0.11167039667096655,0.003932254035315067
equilibrium_dt2p5e-4,sin_odd_diff,0.56,-0.11042843094012084,0.001532571964307708,-0.11047473125113574,0.0035330263779852393
equilibrium_dt2p5e-4,sin_odd_diff,0.5700000000000001,-0.10889315469904468,0.0015367158807402287,-0.10901491500171487,0.0031743308737019
equilibrium_dt2p5e-4,sin_odd_diff,0.58,-0.10712721419105169,0.0015388290608722435,-0.10731347145677318,0.002852052438250769
equilibrium_dt2p5e-4,sin_odd_diff,0.59,-0.10521094459634966,0.0015410261343835978,-0.10539214837731656,0.00256249377716761
equilibrium_dt2p5e-4,sin_odd_diff,0.6,-0.10310102901000073,0.0015499278861920303,-0.10327190249136593,0.0023023329690424763
equilibrium_dt2p5e-4,sin_odd_diff,0.61,-0.10085580363892682,0.0015570129599913665,-0.10097288774497627,0.0020685853552389827
equilibrium_dt2p5e-4,sin_odd_diff,0.62,-0.09843493862904938,0.0015571080982928346,-0.09851444686223557,0.001858569298813808
equilibrium_dt2p5e-4,sin_odd_diff,0.63,-0.09590849247104459,0.0015471672941242051,-0.09591510601566529,0.0016698754198103557
equilibrium_dt2p5e-4,sin_odd_diff,0.64,-0.09321003797121402,0.0015397371869436422,-0.09319257241222113,0.0015003389539827768
equilibrium_dt2p5e-4,sin_odd_diff,0.65,-0.09031753746482049,0.0015475721217974021,-0.09036373460421794,0.0013480149178396652
equilibrium_dt2p5e-4,sin_odd_diff,0.66,-0.0873672039082001,0.0015526556306657687,-0.08744466533894703,0.0012111557950918465
equilibrium_dt2p5e-4,sin_odd_diff,0.67,-0.08425558971751224,0.0015569028293032383,-0.08445062676547711,0.0010881914885151425
equilibrium_dt2p5e-4,sin_odd_diff,0.68,-0.08112775378068479,0.0015589883290223175,-0.08139607782209908,0.000977711307228648
equilibrium_dt2p5e-4,sin_odd_diff,0.6900000000000001,-0.07795799504563909,0.0015655737573362733,-0.07829468363305994,0.0008784477827400775
equilibrium_dt2p5e-4,sin_odd_diff,0.7000000000000001,-0.07473139417062344,0.001570351178828477,-0.07515932674859657,0.0007892621280900205
equilibrium_dt2p5e-4,sin_odd_diff,0.71,-0.07149505233366546,0.0015717087538821353,-0.07200212006780347,0.000709131173277157
equilibrium_dt2p5e-4,sin_odd_diff,0.72,-0.06822146791638117,0.0015637619906366603,-0.06883442128951418,0.0006371356270829224
equilibrium_dt2p5e-4,sin_odd_diff,0.73,-0.06500291189298663,0.0015666732520684277,-0.06566684874212551,0.000572449530631042
equilibrium_dt2p5e-4,sin_odd_diff,0.74,-0.061684910004487746,0.001576971098691555,-0.06250929844911632,0.0005143307816893604
equilibrium_dt2p5e-4,sin_odd_diff,0.75,-0.058443015767016604,0.0015873711094197866,-0.05937096229288686,0.00046211262100534186
equilibrium_dt2p5e-4,sin_odd_diff,0.76,-0.05524796122356955,0.0016008901703410585,-0.056260347145452194,0.00041519598300341086
equilibrium_dt2p5e-4,sin_odd_diff,0.77,-0.05209913329843715,0.001610534041979433,-0.053185294840435667,0.0003730426230885737
equilibrium_dt2p5e-4,sin_odd_diff,0.78,-0.04909333968169005,0.001614559532487651,-0.05015300286671508,0.00033516894271026814
equilibrium_dt2p5e-4,sin_odd_diff,0.79,-0.04617230973562776,0.0016066908125259675,-0.047170045669952594,0.00030114044134534686
equilibrium_dt2p5e-4,sin_odd_diff,0.8,-0.04329271393325955,0.0016041069544305232,-0.044242396454071825,0.00027056673175134287
equilibrium_dt2p5e-4,sin_odd_diff,0.81,-0.040439145477189166,0.0015927829387339155,-0.04137544938052259,0.00024309706130320205
equilibrium_dt2p5e-4,sin_odd_diff,0.8200000000000001,-0.03766231363996804,0.0015849119863296389,-0.03857404206887364,0.00021841628803264532
equilibrium_dt2p5e-4,sin_odd_diff,0.8300000000000001,-0.035024384469309756,0.0015825025653359048,-0.03584247830789135,0.0001962412652058296
equilibrium_dt2p5e-4,sin_odd_diff,0.84,-0.032514950871898235,0.0015635101254067962,-0.03318455089177815,0.00017631759296188047
equilibrium_dt2p5e-4,sin_odd_diff,0.85,-0.030047906276762956,0.0015450502844787093,-0.030603564501656286,0.00015841669974591975
equilibrium_dt2p5e-4,sin_odd_diff,0.86,-0.0276284547648786,0.0015289788382842257,-0.02810235855767314,0.00014233322005373884
equilibrium_dt2p5e-4,sin_odd_diff,0.87,-0.02530792855246635,0.0015142702814538774,-0.02568332997226899,0.00012788263840465364
equilibrium_dt2p5e-4,sin_odd_diff,0.88,-0.02306455175525926,0.001508561821731451,-0.02334845574018147,0.00011489917251335176
equilibrium_dt2p5e-4,sin_odd_diff,0.89,-0.020897808632101753,0.0015081684811004362,-0.02109931530564922,0.00010323387137571409
equilibrium_dt2p5e-4,sin_odd_diff,0.9,-0.018852168755429385,0.00151643002544525,-0.018937112652023847,9.275290644916579e-05
equilibrium_dt2p5e-4,sin_odd_diff,0.91,-0.016908739155878177,0.0015288104467648844,-0.016862698063590715,8.333603632336116e-05
equilibrium_dt2p5e-4,sin_odd_diff,0.92,-0.015111126641795678,0.001547801245036779,-0.014876589513837864,7.487522726735032e-05
equilibrium_dt2p5e-4,sin_odd_diff,0.93,-0.01333093072409205,0.001561461059664917,-0.012978993638691656,6.727341382764775e-05
equilibrium_dt2p5e-4,sin_odd_diff,0.9400000000000001,-0.01168985422869247,0.001580818476471715,-0.01116982625735484,6.0443385258336365e-05
equilibrium_dt2p5e-4,sin_odd_diff,0.9500000000000001,-0.010078595873512734,0.0015936556306896813,-0.009448732407338548,5.430678500793152e-05
equilibrium_dt2p5e-4,sin_odd_diff,0.96,-0.00864007836386021,0.0016011267606905195,-0.007815105864069647,4.879321178475759e-05
equilibrium_dt2p5e-4,sin_odd_diff,0.97,-0.007303244617252756,0.0016051193828475541,-0.006268108119080208,4.383941188793425e-05
equilibrium_dt2p5e-4,sin_odd_diff,0.98,-0.006127480464012727,0.0016085287531527877,-0.004806686794246511,3.938855353810359e-05
equilibrium_dt2p5e-4,sin_odd_diff,0.99,-0.004990333146259584,0.0016098821175991053,-0.0034295934728392893,3.5389574882756446e-05
equilibrium_dt2p5e-4,sin_odd_diff,1.0,-0.003945966949047287,0.0016089202225290462,-0.0021354009312799143,3.1796598196241495e-05
