observable,lag_index,time,C,SE_C,SNR_C,C_discard_first_quarter,lambda_eff,lambda_ci_low,lambda_ci_high
cos_theta1,0,0.0,0.4901155828129298,0.0006112791569427028,801.7868387075889,0.4904567637992296,nan,nan,nan
cos_theta1,1,0.01,0.45928358146101134,0.000645818065729575,711.1655833631144,0.4597715045392232,nan,nan,nan
cos_theta1,2,0.02,0.4348318444619201,0.0006689639017551945,650.0079351382485,0.4354280337398146,-5.7380755218261354,-5.781610861663557,-5.693259045750476
cos_theta1,3,0.03,0.41183319332191415,0.000696628681577757,591.1803579335482,0.4125150470115685,-5.534930210483016,-5.573172489256514,-5.495765654089748
cos_theta1,4,0.04,0.3895990859756484,0.0007259020976722614,536.7102357535122,0.3902986285889464,-5.616414230595541,-5.656734046088171,-5.5758623379477
cos_theta1,5,0.05,0.36806907906381026,0.0007531736618854245,488.69085270775474,0.3687945984733711,-5.723232567785121,-5.767481590291461,-5.679673379901623
cos_theta1,6,0.06,0.3473395468449841,0.0007791485662147214,445.7937316530499,0.3480703778970621,-5.8129963940571985,-5.860405705110133,-5.767858475215175
cos_theta1,7,0.07,0.32756584689206425,0.0008036078693451712,407.6190134362235,0.3283246202794144,-5.866347229776057,-5.914361559916374,-5.8196842416833
cos_theta1,8,0.08,0.30877052700068136,0.0008208436838301168,376.16239618234675,0.3095446833342354,-5.88494075789514,-5.935553786525963,-5.834133236820044
cos_theta1,9,0.09,0.2910854149330396,0.0008304705349024483,350.5066136599682,0.2918436174975639,-5.872840093299892,-5.9266424077498705,-5.818263561374848
cos_theta1,10,0.1,0.2744873544630032,0.000848582752729003,323.4656296987707,0.2752067201829203,-5.829144901834167,-5.884947371834574,-5.772819464986842
cos_theta1,11,0.11,0.2589863843773395,0.000865741326367085,299.14984590619633,0.25968392576606997,-5.75989550412012,-5.817441397258808,-5.701817043900697
cos_theta1,12,0.12,0.2445531270530152,0.0008794549908520935,278.073499606922,0.24524007339745574,-5.6623802552124785,-5.721077829337232,-5.602309716677695
cos_theta1,13,0.13,0.23118561732104567,0.0008856609270550154,261.03174506047156,0.23185706187551974,-5.5453593895204945,-5.606774494567363,-5.484796906411149
cos_theta1,14,0.14,0.2188551252015816,0.0008950900083002742,244.50627665610438,0.21955052328260494,-5.414915807535091,-5.477770084803261,-5.353610442253861
cos_theta1,15,0.15,0.20746468133824233,0.0008944552950338061,231.94527718727537,0.20818621335326906,-5.276323135894621,-5.344113943777951,-5.210057298376982
cos_theta1,16,0.16,0.1969275592501459,0.0009008982025429738,218.59024548420302,0.19764317450289356,-5.14181023678075,-5.21004467046481,-5.0776042043623955
cos_theta1,17,0.17,0.187198209733508,0.0009058652646066536,206.6512725982418,0.18791632884390036,-5.009154502024647,-5.080104769388223,-4.939961718446549
cos_theta1,18,0.18,0.17816989701470407,0.0009095980968792028,195.87760531381755,0.1789221248799086,-4.878921981350625,-4.95500992199604,-4.805407154163216
cos_theta1,19,0.19,0.16979552766392325,0.0009188679948615938,184.7877264345234,0.17055825373694053,-4.749825738186256,-4.829360398714268,-4.672739774194436
cos_theta1,20,0.2,0.16201340234193035,0.0009265635177184326,174.85407016765745,0.1627787847730416,-4.621447928758653,-4.705938231976508,-4.5396164212959285
cos_theta1,21,0.21,0.1548063484666114,0.0009326155175088934,165.9916070023306,0.1555501888500307,-4.464152442433714,-4.551308150679034,-4.379641335115389
cos_theta1,22,0.22,0.14809880546791962,0.0009392479706486808,157.67806808849093,0.14883344797095208,-4.379039616198478,-4.46568842594939,-4.294678390947093
cos_theta1,24,0.24,0.13582771926069095,0.0009543097227581655,142.33085550896297,0.1365555896845259,-4.278302021360853,-4.366212694459376,-4.192233033321092
cos_theta1,25,0.25,0.13015513452732227,0.0009552083130260982,136.2583771020491,0.13087428530561235,-4.219991292442169,-4.307700743781543,-4.131961814937361
cos_theta1,27,0.27,0.11975845626617344,0.0009522416119962176,125.76477939786686,0.12044660074851923,-4.122458031067459,-4.219434637441669,-4.034422458411494
cos_theta1,28,0.28,0.11497102935586842,0.0009474145429245484,121.35240082020216,0.11561519156336948,-4.0429754401989495,-4.142885978483297,-3.9499720781570953
cos_theta1,30,0.3,0.10606369720886685,0.0009381495274781798,113.05628165051094,0.10666127445948112,-3.9719959329204286,-4.080513477492013,-3.8752016890096233
cos_theta1,32,0.32,0.09807365722481172,0.0009257848500151731,105.93569037471757,0.09869920411707946,-3.917620283071908,-4.030774816536804,-3.8158061117036155
cos_theta1,33,0.33,0.09436375930977664,0.0009212516360474759,102.4299503169769,0.09502024974532136,-3.8054331575946168,-3.9259441336834713,-3.691967137174652
cos_theta1,35,0.35000000000000003,0.08739575906205631,0.0009224367752882695,94.74444363381369,0.08812713327563644,-3.71887418429666,-3.8468663998433517,-3.5970194672788245
cos_theta1,38,0.38,0.07822624289060025,0.0009242190804569035,84.64036779237209,0.07895365933283927,-3.632301310076047,-3.761489196544203,-3.5029427476268444
cos_theta1,40,0.4,0.07283589274753702,0.000922579342724968,78.94810708898592,0.07351680327171237,-3.4728691998029735,-3.608523360871388,-3.3404057964134832
cos_theta1,42,0.42,0.06805049314786987,0.0009171832266814449,74.19509119687064,0.06869721375898599,-3.2968020920867533,-3.4411780088288952,-3.1538052236601435
cos_theta1,45,0.45,0.06175406715432521,0.0009114094287423491,67.756669183837,0.06233981667629859,-3.0938723600789784,-3.24507178732121,-2.943947900741426
cos_theta1,47,0.47000000000000003,0.05814227300868316,0.0009096540712848999,63.91690516655011,0.05867006647332161,-2.8786075070669748,-3.0357282897214968,-2.7154887795949465
cos_theta1,50,0.5,0.05345400849780247,0.0008971716999548456,59.58057805489495,0.05387668655068191,-2.619511247797986,-2.7775754243688233,-2.454226569716637
cos_theta1,53,0.53,0.04958077462080731,0.0008999777487548156,55.091111629599624,0.0499257104346783,-2.346086205834103,-2.4977248162319023,-2.188441108209411
cos_theta1,56,0.56,0.0462940573058406,0.0009057224990067459,51.1128489759376,0.04659784735927517,-2.097015953031858,-2.241446792813808,-1.9536744364322474
cos_theta1,60,0.6,0.04285840533761417,0.0008893127914325535,48.192723359545425,0.043010756709556924,-1.8595408084988636,-2.0050474953358264,-1.7121192037515829
cos_theta1,63,0.63,0.04069924557542978,0.0008579730121589677,47.43651023826016,0.040686456337866495,-1.6328133420194548,-1.7832904575888149,-1.475439761675912
cos_theta1,67,0.67,0.038216502958824936,0.0008103492850895943,47.16053146711867,0.03806945992515365,-1.4452114195039227,-1.6036393661706212,-1.2819038217094259
cos_theta1,71,0.71,0.036237395106286874,0.0007783207563578744,46.558433409714695,0.03600002599770406,-1.3201048507177706,-1.5151329321060079,-1.1345951134104193
cos_theta1,75,0.75,0.034505546185573076,0.000745374954767276,46.29287040687668,0.03430775580497685,-1.211667579425591,-1.430039229510261,-0.9965141691994128
cos_theta1,79,0.79,0.032950050050533315,0.0007607913645106901,43.31023140848272,0.03291596849218166,-1.1361219601205048,-1.3632817485315059,-0.9267533469051983
cos_theta1,84,0.84,0.031102367710187487,0.0007881851048375765,39.460740274452206,0.03132666541098962,-1.0450982393378316,-1.237210129031224,-0.858966778423913
cos_theta1,89,0.89,0.029535403038685428,0.0008238646973706569,35.84982234697871,0.02987928136636933,-0.9734314212275771,-1.1464412832287625,-0.7964891234119391
cos_theta1,94,0.9400000000000001,0.028291217043064,0.000801307295388587,35.306326556460995,0.028677659915526,-0.9532054109545866,-1.135113259280562,-0.7576206785475722
cos_theta1,100,1.0,0.026858227040091394,0.000768662840540365,34.94149271117391,0.027239904514365795,-0.9883661102337777,-1.194574510254674,-0.7648899733849903
cos_theta1,106,1.06,0.025218522844832683,0.0007602883788897575,33.16968080145993,0.025779840364285617,-1.0663152049509876,-1.2818738032397579,-0.8498696421266365
cos_theta1,112,1.12,0.02352974678823315,0.0007695419211212912,30.576302787960152,0.024177413718695414,-1.172237589554453,-1.4059229182139505,-0.961763955225663
cos_theta1,119,1.19,0.02167094890367714,0.0007822559717454857,27.703142815671576,0.022179653735030093,-1.2657294304496804,-1.4998275702112827,-1.0544713040805105
cos_theta1,126,1.26,0.019802147832173114,0.0008284591163172389,23.902383886123296,0.02023935460713635,-1.3898464963163386,-1.637744908474365,-1.1864926881678066
cos_theta1,133,1.33,0.01791846619015318,0.0008189965756742522,21.878560573225244,0.018402490326435483,-1.373653330474444,-1.6512763446019976,-1.1382883268640231
cos_theta1,141,1.41,0.015724342000073867,0.0007510397640254152,20.93676360862,0.01622061369452729,-1.2537193978492287,-1.5415886759117834,-0.9808582960109941
cos_theta1,150,1.5,0.014156021354014526,0.0007554506082719076,18.738513410421906,0.01466795462394844,-1.1242333026935702,-1.4878873864386881,-0.794698844416292
cos_theta1,158,1.58,0.01325798749849119,0.0007789730809172526,17.01982754382181,0.013752762459126825,-1.0123411344187763,-1.4407529293793182,-0.647612236893025
cos_theta1,168,1.68,0.01208965533408657,0.0008701283097302068,13.894106419586675,0.0127509607752035,-0.8383603443205362,-1.2438887189636074,-0.4641926311396363
cos_theta1,178,1.78,0.010811860627400487,0.0009661085464954356,11.191144790738655,0.011807380131548074,-1.0123528890702598,-1.4467827116656797,-0.6171301284378211
cos_theta1,188,1.8800000000000001,0.010294019958929427,0.0009967467734224586,10.327618040421221,0.011219009335188691,-1.0943869764436394,-1.6418608266180115,-0.6229539132890384
cos_theta1,200,2.0,0.008666040419624684,0.0009762122981204273,8.877208816473674,0.009434072520977322,-1.1117569262408284,-1.706566405261229,-0.6228786365095116
cos_theta1,211,2.11,0.007551632431654031,0.0009923743999242724,7.609660660563486,0.00799040510825049,-0.9480771470142015,-1.4656103452047193,-0.5077966273009137
cos_theta1,224,2.24,0.006483338327553871,0.0009933086236010148,6.527013028488568,0.006794698705145897,-1.2590294387155092,-2.037754381022636,-0.6884248696112033
cos_theta1,237,2.37,0.006468895209643669,0.0009196700954496893,7.033930146962739,0.006738669174131794,-1.07902994401957,-1.9351881104127306,-0.4962026069214793
cos_theta1,251,2.5100000000000002,0.0045599286374579375,0.0009386738400596484,4.857841395865655,0.005070714416108425,-1.2433675568887093,-2.725168896276873,-0.4418865718820058
cos_theta1,266,2.66,0.004171590119689859,0.0009152380944436089,4.557928854814386,0.004423060699353578,-1.6060873138607599,-3.6621983482885874,-0.7369446989524024
cos_theta1,282,2.82,0.0031521424632863925,0.0010035727058739497,3.1409208768201657,0.0034891519769446244,-1.2069858078836502,-2.943924469053112,-0.32058125879181376
cos_theta1,299,2.99,0.00238985143634828,0.0009838577053603722,2.4290620720126532,0.0027048842429684785,-1.1234537393228126,-2.8361357508202096,-0.35637006811993927
cos_theta1,316,3.16,0.0020808286391773615,0.0008634517594938128,2.4098956499865376,0.0027073269768584122,-0.4852843657803535,-2.206279942296508,0.46762706602204185
cos_theta1,335,3.35,0.0019215155173980935,0.0008071550636077851,2.3806026921387207,0.0018987889593166452,-0.6682467969342551,-3.3942593374337084,0.7801966203705892
cos_theta1,355,3.5500000000000003,0.0022118400738408268,0.0009546934472742341,2.3168065939447886,0.0019036281247500615,-0.38576400613961337,-2.8497280141181998,1.2017424315875136
cos_theta1,376,3.7600000000000002,0.0014285803227555916,0.0009677493541781371,1.4761883504110587,0.0014086008907303286,-0.4080614265325321,-3.1513675290018828,1.4124999102062157
cos_theta1,398,3.98,0.0015165525710179029,0.0008852554696119219,1.7131242032119032,0.0017939683862247776,-1.918041741651584,-3.9894142008404767,0.6656435586069962
cos_theta1,422,4.22,0.0013472975422525193,0.000862700180218955,1.5617216422866314,0.0013568029080964132,nan,-5.246931547180053,0.7368895242740114
cos_theta1,447,4.47,0.00037878988505701805,0.0009116748863457284,0.41548790114787926,0.0003751602551104711,nan,-4.723975678313962,0.6367207893069777
cos_theta1,473,4.73,-0.0007611402905223625,0.0008549089612318256,-0.8903173613078599,-0.000935761757630773,-1.240836255679929,-3.2250489324567244,1.2742132628685976
cos_theta1,501,5.01,-0.0008648142882214349,0.0007968824099216655,-1.085247054589205,-0.0007188938918792621,nan,-3.4561568061400814,2.260709725490579
cos_theta1,531,5.3100000000000005,0.0003483976590694433,0.000731639598543755,0.47618753791195695,0.0008217201173102132,nan,-3.161720153018886,3.317737099288972
cos_theta1,562,5.62,-0.0008600136542429575,0.0008477191156302947,-1.014503080543986,-0.0004667090550204016,nan,-1.5567714568725541,3.1090443751845798
cos_theta1,596,5.96,-0.0006072993675879681,0.000755138125397027,-0.8042228926908834,-0.00021322438274186793,0.13039225640098384,-2.151287200312236,2.1183835297762372
cos_theta1,631,6.3100000000000005,0.0003029095724762296,0.0006894632677298293,0.43934113194109525,0.0005699565363996422,nan,-1.0782446310981317,3.2059329767597373
cos_theta1,668,6.68,0.00041653975912556726,0.0007699778700841194,0.5409762738766254,0.0003219131073183759,nan,-1.281523015761965,2.3791743722963745
cos_theta1,708,7.08,0.0010964089317048887,0.0008324999731866597,1.3170077681901096,0.0012961302855594714,nan,-2.475229331732911,2.1754592730918487
cos_theta1,750,7.5,-5.100888222451284e-06,0.0009846262039840707,-0.005180532675051381,-0.0003961280727365734,nan,-2.1596590197014276,1.6314161614902942
cos_theta1,794,7.94,-0.0005324043897287584,0.0009132838408798457,-0.5829561040035998,-0.0008476822228387087,nan,-2.6135549949227843,0.5751967888158391
cos_theta1,841,8.41,-0.00019264821770570667,0.0007167922761652112,-0.26876436048719893,-0.0006081813748232935,nan,-0.9669149100573493,1.8708335162230831
cos_theta1,891,8.91,-0.0004506751768092283,0.0006936320459533155,-0.6497323464774877,0.0002664759638966312,nan,-1.7388873673443581,1.654368678383494
cos_theta1,944,9.44,0.0012028728959022493,0.0008942753238001565,1.3450811667157831,0.0015310482029332788,nan,nan,nan
cos_theta1,1000,10.0,-0.00014061656387174263,0.0008018347492868215,-0.17536850828279976,0.0003338017177083574,nan,nan,nan
sin_theta1,0,0.0,0.47664956524415564,0.0006083621328714469,783.4964398497112,0.47642041772235727,nan,nan,nan
sin_theta1,1,0.01,0.44484708391683814,0.0006032507139575611,737.4165891963341,0.44469328104000005,nan,nan,nan
sin_theta1,2,0.02,0.4183711458723971,0.0006088050691727016,687.2004966070946,0.41828579806390576,-6.608344804736732,-6.6512141372920075,-6.568265685011005
sin_theta1,3,0.03,0.3922554592301221,0.0006226702922129531,629.9569196340763,0.3921918372692713,-6.756836005697722,-6.799275761207512,-6.7182737465178
sin_theta1,4,0.04,0.3659320881356511,0.0006404513335476034,571.3659554874705,0.3658768837122857,-7.244068040229721,-7.291768060028918,-7.199663665978825
sin_theta1,5,0.05,0.3394942978863955,0.0006577621287690796,516.135367236355,0.3394788513742533,-7.804025952726952,-7.857135591816436,-7.7556525604056805
sin_theta1,6,0.06,0.31312617544347554,0.0006737990007281896,464.71748266927244,0.31314467238268484,-8.399771144499985,-8.458808867947342,-8.347388188002501
sin_theta1,7,0.07,0.2870775163601403,0.0006889007835668696,416.7182317223689,0.28711500360423325,-9.021164463436106,-9.087775220897084,-8.960210895855113
sin_theta1,8,0.08,0.2615059192130131,0.000700246874844331,373.4481775033232,0.2615573078234056,-9.67114394300351,-9.74770971234147,-9.602576242656836
sin_theta1,9,0.09,0.23665670115820198,0.0007117003853432344,332.52293525746603,0.23671186714318385,-10.361204617050708,-10.447469866221267,-10.281846294613207
sin_theta1,10,0.1,0.21267399812473803,0.0007203942838479485,295.2188862309553,0.21277898442034998,-11.116801556140544,-11.214799309058584,-11.023293363538219
sin_theta1,11,0.11,0.18967348359851643,0.0007308316592818336,259.53101673907076,0.1898059860757308,-11.95464957645052,-12.066161845743677,-11.849514390002975
sin_theta1,12,0.12,0.1676343059627222,0.0007352132976380458,228.00771762598143,0.1677696678559857,-12.901910187307845,-13.027399822050791,-12.783604675530706
sin_theta1,13,0.13,0.1467051205782669,0.000729687578963826,201.05196361789757,0.14682768058465986,-13.994677955955162,-14.141642167750655,-13.852536752597823
sin_theta1,14,0.14,0.1269361317722208,0.0007170841258072528,177.0170712248347,0.12700048102597164,-15.280184505556596,-15.455973969045823,-15.10987943259106
sin_theta1,15,0.15,0.10836627975247264,0.0007136275596491673,151.85271124583184,0.10843885555683665,-16.867552588318738,-17.10340039710359,-16.6506901285476
sin_theta1,16,0.16,0.09097433887766163,0.0007026540349532357,129.472449245547,0.09106021468078367,-18.897961701783306,-19.22108689352465,-18.5986989082673
sin_theta1,17,0.17,0.07471810902414776,0.0007018701792014758,106.4557395915513,0.07480766174524464,-21.606620341062307,-22.056778536936875,-21.19202153344648
sin_theta1,18,0.18,0.059606557456656,0.0006994881621794799,85.21453353968514,0.05972600925595604,-25.454862731237455,-26.13694091458766,-24.846157951014728
sin_theta1,19,0.19,0.04566134760511753,0.0006903248328316955,66.1447269944148,0.045767745326753304,-31.48355211308788,-32.67291083107676,-30.439738124491083
sin_theta1,20,0.2,0.03286416870446041,0.0006797769409205712,48.345518546061484,0.03294611953870716,-42.97986548610628,-45.73744631537127,-40.72177046072477
sin_theta1,21,0.21,0.021208040986566094,0.0006784149004959527,31.26116624363945,0.021283719032317513,nan,nan,nan
sin_theta1,22,0.22,0.010682116339339876,0.0006748330234931049,15.829273268291708,0.010740811363933433,nan,nan,nan
sin_theta1,24,0.24,-0.007413132148816068,0.0006670904374171842,-11.112634409088452,-0.007361468196274182,nan,nan,nan
sin_theta1,25,0.25,-0.015044471058785458,0.0006634637444275166,-22.67564909935944,-0.014990581805096062,nan,nan,nan
sin_theta1,27,0.27,-0.027647097033047713,0.0006589994227246954,-41.9531430220958,-0.02759062953186369,nan,nan,nan
sin_theta1,28,0.28,-0.03274757856334337,0.0006612036927003714,-49.52721668810029,-0.03272895933620374,nan,nan,nan
sin_theta1,30,0.3,-0.0408035871901586,0.000664842511415671,-61.373312460531714,-0.040813380909124244,nan,nan,nan
sin_theta1,32,0.32,-0.046470504930494164,0.0006747876175972117,-68.8668607997975,-0.04656652250987341,nan,nan,nan
sin_theta1,33,0.33,-0.048527294645944345,0.0006784715096801796,-71.5244397938232,-0.04869584069070995,nan,nan,nan
sin_theta1,35,0.35000000000000003,-0.05122674176148388,0.0006957179111572262,-73.63148330661144,-0.05146598884535577,nan,nan,nan
sin_theta1,38,0.38,-0.05252891330095326,0.0007248972877951714,-72.46393963029413,-0.05288104132253165,nan,nan,nan
sin_theta1,40,0.4,-0.052122575217302,0.000747042231738534,-69.77192587358968,-0.05253457353169615,nan,nan,nan
sin_theta1,42,0.42,-0.050948098182000016,0.0007718425903737555,-66.00840484499437,-0.051388562904467666,nan,nan,nan
sin_theta1,45,0.45,-0.048268257566382346,0.0008030872373628306,-60.103380206719685,-0.048654073209973586,nan,nan,nan
sin_theta1,47,0.47000000000000003,-0.04607184194166678,0.0008148315644660892,-56.54155282000511,-0.04642623245253744,nan,nan,nan
sin_theta1,50,0.5,-0.04260770431677358,0.0008164536896168891,-52.18630873818052,-0.04297165396005899,nan,nan,nan
sin_theta1,53,0.53,-0.0391427218598267,0.0008165696913741549,-47.93555562165897,-0.03947047022936923,nan,nan,nan
sin_theta1,56,0.56,-0.03585754449628978,0.0007982106021410721,-44.922410702272884,-0.03614117487306974,nan,nan,nan
sin_theta1,60,0.6,-0.03161615822265442,0.00079742641486667,-39.6477438334428,-0.031855573020912534,nan,nan,nan
sin_theta1,63,0.63,-0.028550175170857325,0.0008057113084773858,-35.43474551053624,-0.028706947217587295,nan,nan,nan
sin_theta1,67,0.67,-0.024608674722489208,0.0008057878116408645,-30.539894457298104,-0.024652696177726193,nan,nan,nan
sin_theta1,71,0.71,-0.020949303688069836,0.0007979923174506208,-26.252513000372545,-0.02089700712517499,nan,nan,nan
sin_theta1,75,0.75,-0.017577515393574616,0.0007780943353648705,-22.590468269290277,-0.017404340560420544,nan,nan,nan
sin_theta1,79,0.79,-0.01449033560846294,0.0007405544004467038,-19.566875302776328,-0.014218457158406672,nan,nan,nan
sin_theta1,84,0.84,-0.01109402533955033,0.0006832615198695798,-16.23686541233574,-0.0108077444380405,nan,nan,nan
sin_theta1,89,0.89,-0.008012122442429707,0.0006436820744971564,-12.447328828737025,-0.0077559099320867715,nan,nan,nan
sin_theta1,94,0.9400000000000001,-0.005442846032185807,0.0006439249684148263,-8.452609075844132,-0.00547958910803493,nan,nan,nan
sin_theta1,100,1.0,-0.003399480637792968,0.0006755141751755289,-5.03243420008119,-0.0036189536095960722,nan,nan,nan
sin_theta1,106,1.06,-0.0023860617368873954,0.000768624045243401,-3.104328769901804,-0.0025294891045253057,nan,nan,nan
sin_theta1,112,1.12,-0.001612704123916209,0.0007686444733965109,-2.098114511628426,-0.0017795429521671267,nan,nan,nan
sin_theta1,119,1.19,-0.0007370350347387936,0.0006744413051604549,-1.0928082682650155,-0.0009803328496527436,nan,nan,nan
sin_theta1,126,1.26,-0.00011654356214109908,0.0006254518679701209,-0.1863349813301167,-0.0003866919529993,nan,-15.821207448752737,9.446398953824325
sin_theta1,133,1.33,0.00021148455020498738,0.0005985434076295875,0.3533320182115613,-5.635371823431014e-05,nan,-7.817554284481813,12.581474579764773
sin_theta1,141,1.41,-0.00022430223268873247,0.0006421122108597799,-0.3493193695668779,-0.0005091806617295683,nan,-9.260331596806108,8.074892710795314
sin_theta1,150,1.5,-0.0007783547626806918,0.0007295142050355652,-1.0669494264923127,-0.0008012572298246636,nan,-9.30439656455121,8.476029719854466
sin_theta1,158,1.58,-0.0009535739857763228,0.0007514039294194983,-1.2690564268315874,-0.0008507554535316353,nan,-5.89338661965437,11.16294686482964
sin_theta1,168,1.68,-0.0002325986872472305,0.0006775374365059165,-0.34330012588935277,-0.00017668613878960663,nan,-6.161602912999008,10.75802384385499
sin_theta1,178,1.78,0.0008495804452172053,0.0006554702125754617,1.296138907486046,0.0009406419821494076,nan,-5.234921219113322,14.956888094285345
sin_theta1,188,1.8800000000000001,0.0008960828197864106,0.0007033831656348827,1.2739611403374926,0.0009475285015644242,nan,-9.646215392470321,8.507137251389663
sin_theta1,200,2.0,4.543641644613244e-05,0.0007967009048341525,0.057030707722857225,-0.00010969791825591349,-3.1330550179614725,-8.333162913348728,5.68063126127785
sin_theta1,211,2.11,-0.0003685425746450587,0.0007189755896747965,-0.5125940017125701,-0.0006845009474545034,-0.09900580623125327,-6.190187232435562,5.907997915547974
sin_theta1,224,2.24,0.0002010467213353289,0.0007719579716751865,0.26043739259411713,0.0003035208230778776,nan,-6.639704166227439,5.175316132867347
sin_theta1,237,2.37,0.0008536489096592113,0.0007801193990807738,1.0942541752776285,0.0015286414388404248,nan,-7.5013417431916,3.453733676582735
sin_theta1,251,2.5100000000000002,-0.00011315212567684357,0.0006335945838461018,-0.17858758354589704,0.0005322189945937949,nan,-6.558148189612203,5.002571836889936
sin_theta1,266,2.66,-0.0010351258021145829,0.0006019521027149337,-1.7196148953478898,-0.0005234074935961673,nan,-7.182289516182151,3.5760038686197766
sin_theta1,282,2.82,-0.0007603021865527089,0.000687911107384172,-1.1052331884039621,-0.000779960075571375,nan,-4.443823451544917,6.3162462267961486
sin_theta1,299,2.99,-0.00031157281588729043,0.0006948095556833724,-0.44842908871747794,-0.0011766392783632681,nan,-1.0266598885264024,5.106148521579751
sin_theta1,316,3.16,-0.0007591713780665069,0.0008007380674060377,-0.9480895301079107,-0.0015323695951902706,nan,-4.49119229794321,5.434476082174344
sin_theta1,335,3.35,0.000256572994345737,0.0007253053659609978,0.3537447899696551,9.703174937744974e-05,nan,-3.9620832013744804,5.32656421007857
sin_theta1,355,3.5500000000000003,-0.0010094853526567628,0.0007865660405162447,-1.2834082590118054,-0.0008281778458612921,nan,-3.8053833700452424,3.886599560821126
sin_theta1,376,3.7600000000000002,0.00034687598044519396,0.0007067846375471184,0.4907803056515489,0.0002646984950366355,-2.3885024341425862,-4.3367110006039935,3.1467863893993173
sin_theta1,398,3.98,-0.00013037640318396226,0.0006606183533562414,-0.19735510302066375,-0.00023244970383622213,nan,-2.4375108041528155,4.683205808704873
sin_theta1,422,4.22,3.211798278888995e-05,0.0006618020759778968,0.04853110008975348,-0.00012002476940724031,0.800798531553663,-2.3552921393552317,3.3010408622551664
sin_theta1,447,4.47,0.0004457635810066519,0.0007338291354910703,0.6074487362897522,0.0010408498373905848,nan,-3.0688458644895737,2.6569553369872163
sin_theta1,473,4.73,0.0007542635830886825,0.0006995811874325089,1.0781644741718401,0.0010102667014921713,nan,-3.92771596431193,0.9339693174771773
sin_theta1,501,5.01,-0.0005245128924367514,0.0007180798150865861,-0.730438151048022,-0.00020826541256896617,-0.6761791232669242,-3.125850814848004,2.1473244308404142
sin_theta1,531,5.3100000000000005,-0.001395285951929892,0.0005996980754349913,-2.3266473732099615,-0.00201430799029442,0.5126845887822035,-1.3564750313260732,2.615854502604555
sin_theta1,562,5.62,0.00020483048452091834,0.0006541619136649609,0.3131189392750637,0.00011335417592600158,nan,-2.429552306110267,2.6280376578819045
sin_theta1,596,5.96,0.0014170661628670983,0.0007646404577510052,1.8532450755156702,0.0012865122685329616,nan,-0.12166078556862521,0.9252112102114977
sin_theta1,631,6.3100000000000005,-0.0005286451828903214,0.0008057629920302186,-0.6560802470690978,-0.00043672904756862017,nan,-2.380311696873216,1.8454876922046757
sin_theta1,668,6.68,-0.0005776795081975864,0.0007132139887261387,-0.8099665981445086,-0.0006226020412712554,-0.9205742511405062,-2.4511596202887804,1.048686886668277
sin_theta1,708,7.08,-8.217499965742885e-05,0.0006718780869548719,-0.12230641429290773,8.539739566041546e-06,nan,-1.7171335814245454,2.0572872300024234
sin_theta1,750,7.5,0.0003433188420550499,0.0005656971172753997,0.6068951592127544,0.000710057396131339,nan,-1.0758355152521903,2.217629477403206
sin_theta1,794,7.94,-5.3951755845680965e-05,0.0006576230392776851,-0.08204055001622217,4.574671092898307e-06,nan,-1.6815763134431785,1.7640648775678887
sin_theta1,841,8.41,0.0010146088078231473,0.0006931585893836307,1.463747003013201,0.0005638130443632004,nan,-1.747163533764026,1.2965661566197444
sin_theta1,891,8.91,-5.3062733318766755e-05,0.0006913780260083842,-0.07674923315847945,0.00015741248833058441,nan,-1.1343262294909928,1.5747651047974387
sin_theta1,944,9.44,-0.00036800004169843794,0.0006407002752000851,-0.5743715992372795,-0.00011432835350879147,nan,nan,nan
sin_theta1,1000,10.0,0.00027461068704673136,0.0006836812400775366,0.401664797787325,0.00019225016940208284,nan,nan,nan
cos_theta3,0,0.0,0.48962828714627743,0.0005780181560162687,847.0811548910871,0.48908239506239387,nan,nan,nan
cos_theta3,1,0.01,0.4587893537945126,0.0005791294718842003,792.2051563044088,0.45824370285821486,nan,nan,nan
cos_theta3,2,0.02,0.4343892100308885,0.0005824704947570859,745.7703247476022,0.43387191602290326,-5.738518016660738,-5.773336310530748,-5.703980284787566
cos_theta3,3,0.03,0.41141120328067976,0.0005877021660423507,700.0334983469039,0.41086491132725206,-5.534612475474685,-5.566948792287876,-5.50265138150278
cos_theta3,4,0.04,0.3892048395705435,0.0006067701033557649,641.4370738077429,0.38859515998492533,-5.612154383416638,-5.645500262068748,-5.578201315446497
cos_theta3,5,0.05,0.3676776787876981,0.0006181577858601283,594.795838858678,0.36706306562110647,-5.719156334777422,-5.751575912990721,-5.686482693066308
cos_theta3,6,0.06,0.3470451039926117,0.000622155842704622,557.8105679823643,0.3463998649293196,-5.8030231655080335,-5.8344416873565095,-5.771115462742663
cos_theta3,7,0.07,0.32728356145515153,0.0006208702343130255,527.1368208161583,0.32661977099308737,-5.854568323619681,-5.88676012773453,-5.823322737318894
cos_theta3,8,0.08,0.3085811507776836,0.0006187515530097236,498.7157596238539,0.307869817651264,-5.87510629701332,-5.909469621531564,-5.840353409543313
cos_theta3,9,0.09,0.2909129113194637,0.000620737108606795,468.6571936586798,0.2901503450439996,-5.856586040601709,-5.8957285878590335,-5.8178176872902085
cos_theta3,10,0.1,0.2743625761635553,0.000624685227814664,439.201319236182,0.2735748760603677,-5.812576640513945,-5.854944721880887,-5.769585820126251
cos_theta3,11,0.11,0.2589314911874572,0.000624821118381671,414.40899414236713,0.2581058147219265,-5.737708992334754,-5.784106205926533,-5.69004816264276
cos_theta3,12,0.12,0.24456516395684993,0.0006212086140666508,393.69248658005574,0.24374341012046977,-5.648974714224085,-5.699495098177481,-5.6004720591433825
cos_theta3,13,0.13,0.23125374916591665,0.000621671145349684,371.98726512525957,0.2304327688171186,-5.542413467981473,-5.594598127565559,-5.491345282396917
cos_theta3,14,0.14,0.21887296953492838,0.0006237074732077519,350.92247397526944,0.21805055502527304,-5.418810643920212,-5.475793243325004,-5.361357435717797
cos_theta3,15,0.15,0.2074451516227977,0.0006287283964663491,329.94398342544184,0.20661471145825347,-5.290190268671923,-5.350458115334118,-5.229032938871701
cos_theta3,16,0.16,0.1969065728786198,0.0006331617263061663,310.9893802762887,0.19605229131069798,-5.142614184903901,-5.207590245568584,-5.0756513197067425
cos_theta3,17,0.17,0.18714954031771255,0.0006392512448191686,292.76366973779363,0.1863046643142251,-4.9974012983817975,-5.068177266097506,-4.928589124410577
cos_theta3,18,0.18,0.17817869413235554,0.0006489208417670011,274.57693244553184,0.17733420371329897,-4.865001939457313,-4.934968962922736,-4.793742641848169
cos_theta3,19,0.19,0.16985938084677374,0.0006588447465435242,257.81397171018136,0.16902779006798752,-4.7285956360094055,-4.79867585071207,-4.6571039956507585
cos_theta3,20,0.2,0.16208636157365597,0.0006616083923165582,244.98836994211356,0.16125579326170256,-4.606132896173015,-4.672637377849316,-4.536196293060292
cos_theta3,21,0.21,0.15489758439367216,0.0006604878641137388,234.5199553386467,0.15409247625298061,-4.442229554917297,-4.511315400852467,-4.370929473459599
cos_theta3,22,0.22,0.14819687562613404,0.0006615056191608785,224.02965497726555,0.14739751703124596,-4.343470170170477,-4.411237852997762,-4.272556659591675
cos_theta3,24,0.24,0.13602782297621327,0.000673031025099713,202.1122621443195,0.13523189222411736,-4.2244166702076775,-4.2965352306307425,-4.152339424279268
cos_theta3,25,0.25,0.13044553467241948,0.0006730579493571246,193.81025778986094,0.1296740450226663,-4.150225106696443,-4.222805836208651,-4.076145994762883
cos_theta3,27,0.27,0.12021708528457327,0.0006717132140955387,178.97085059796757,0.11950318524141981,-4.026070949839053,-4.10394938825971,-3.9518992732575695
cos_theta3,28,0.28,0.11552975595447741,0.0006693116432110543,172.60981058123826,0.11481426570352098,-3.9589114865124775,-4.037287151776484,-3.882916212468319
cos_theta3,30,0.3,0.106836025656652,0.0006633947777582869,161.0444176507801,0.10615247966608371,-3.890982377543499,-3.97200481262819,-3.8102351536355052
cos_theta3,32,0.32,0.09887258260190823,0.0006583789149626496,150.17580356065528,0.09820519382359338,-3.838017079544688,-3.9221549738232167,-3.7526901684079066
cos_theta3,33,0.33,0.0951866984449317,0.0006547208287826812,145.38516915967347,0.09449139401859098,-3.7385144457044874,-3.8354891496370955,-3.6397410532547805
cos_theta3,35,0.35000000000000003,0.08831119899692016,0.0006571803124172484,134.37894795127517,0.08754289823582104,-3.6418594234136896,-3.7446465592869913,-3.5312198641160477
cos_theta3,38,0.38,0.07921883077523872,0.0006773546151420228,116.95326052901949,0.07843013081183117,-3.567222039642056,-3.675940198911501,-3.4489449015287033
cos_theta3,40,0.4,0.07388303413306331,0.0006996584618472643,105.59871446133099,0.07306178355276347,-3.4240586059902176,-3.5452380620438215,-3.2920262949105967
cos_theta3,42,0.42,0.06904719292563889,0.0007190098371252127,96.03094333410989,0.06822333760007587,-3.2594331843467623,-3.3955419849736903,-3.120937084864153
cos_theta3,45,0.45,0.06270624650313517,0.0007454890954813228,84.11423706023368,0.06194546141185054,-3.101901282823226,-3.2495632520933775,-2.961477800017674
cos_theta3,47,0.47000000000000003,0.05907838055778454,0.0007465262776600336,79.13771065496063,0.05839030163910327,-2.899005910835728,-3.057513218282278,-2.7474668560899738
cos_theta3,50,0.5,0.05417898456492353,0.0007634412680795621,70.96680102349046,0.053521436788040874,-2.6380520145147255,-2.8124696094718717,-2.472411659000516
cos_theta3,53,0.53,0.05019420471245133,0.0007919221834988518,63.382748656799194,0.04952866910138367,-2.3511587699661383,-2.5373849729530984,-2.177598696159083
cos_theta3,56,0.56,0.046912086321216566,0.0008121869994026094,57.760203445415854,0.046278707057600864,-2.0342791573119117,-2.2259228887025886,-1.8527196591337656
cos_theta3,60,0.6,0.04351973033518418,0.0008497272150192882,51.21611920385099,0.042942761410629804,-1.7438652424305818,-1.9236980804392079,-1.5691934774047887
cos_theta3,63,0.63,0.04158904553690597,0.000877890264838229,47.3738543445059,0.04112393160271099,-1.5305547994272553,-1.6971257107426514,-1.3752443550796878
cos_theta3,67,0.67,0.03932098878614951,0.0008963017078288108,43.87025980503835,0.03905206884131218,-1.3629937633745113,-1.5158450192487913,-1.2186913210559929
cos_theta3,71,0.71,0.037288766923040624,0.0008880571116159067,41.98915411553889,0.037228105396054784,-1.269226722726521,-1.4218794724751571,-1.1195420495788448
cos_theta3,75,0.75,0.0354727693536725,0.0008720118899924138,40.679226694926264,0.03555317080992635,-1.1838816836256223,-1.35405066580565,-1.0193343646421271
cos_theta3,79,0.79,0.03394564362911978,0.0008892579101237098,38.173001603547625,0.03407609606754798,-1.123349149803111,-1.3025186946545317,-0.9573048645004268
cos_theta3,84,0.84,0.0321527684019496,0.0008877204314554151,36.21947548197716,0.032222560041458646,-1.0549921871297823,-1.2303469139902026,-0.8942736776766124
cos_theta3,89,0.89,0.030462282513738774,0.0008587499742082386,35.4728191308824,0.03055587553160321,-1.0126553870974986,-1.2181896072394285,-0.8221721387022696
cos_theta3,94,0.9400000000000001,0.029029624008453957,0.0008206545074545558,35.37374588789606,0.029088425029219964,-1.033188411412115,-1.2514394946044187,-0.8088605450275497
cos_theta3,100,1.0,0.027442774169628044,0.000814871053809393,33.677443862237375,0.02743905569824753,-1.1068736118614726,-1.3558358788413856,-0.8596594920101542
cos_theta3,106,1.06,0.02561548638223703,0.0008534316115215289,30.014691319634633,0.025578908573897153,-1.2380772180088813,-1.5289271443276367,-0.9914121744209285
cos_theta3,112,1.12,0.023615619792651813,0.0009230602088272258,25.584051361780755,0.023713284004947145,-1.3208430532498563,-1.5775175153140981,-1.0817397119894607
cos_theta3,119,1.19,0.021301926648866033,0.0009619206069345632,22.14520252014431,0.021491400929549632,-1.2910797838164194,-1.5307442660733677,-1.0691786186353756
cos_theta3,126,1.26,0.019466279326927183,0.0008875139289852951,21.93349162326185,0.019513029036091045,-1.2128461110422069,-1.4611577832626943,-0.9737314879486932
cos_theta3,133,1.33,0.01807637005948616,0.0008046005385658794,22.466266417998543,0.017939265471312985,-1.111596065963768,-1.368199356439536,-0.8461598220837345
cos_theta3,141,1.41,0.016612957721895662,0.0007565515677899819,21.958790952512317,0.01643272264002353,-1.0215417480935878,-1.3050360957633553,-0.7244641963110899
cos_theta3,150,1.5,0.015092572587341199,0.0007586273201406918,19.894580891895895,0.015112449004724573,-0.8807658651422152,-1.1723589681905133,-0.5902768758164323
cos_theta3,158,1.58,0.014038314534467605,0.0007467743395053155,18.798603261819338,0.014244919640572515,-0.8499055925722235,-1.217497759175434,-0.5246372079612855
cos_theta3,168,1.68,0.01328104075337969,0.0007941546003003407,16.72349533498508,0.013318679098981212,-0.8813832429683387,-1.2924306544468984,-0.5156535120437965
cos_theta3,178,1.78,0.012130438923653423,0.0008903592199921913,13.624207680760367,0.011868459736682366,-0.9659948655335008,-1.3644446253295937,-0.6126745470532126
cos_theta3,188,1.8800000000000001,0.010797094917723293,0.0009606335214916759,11.239556684382112,0.010158021180446812,-1.1556872431045286,-1.5533222741712442,-0.7817826441143577
cos_theta3,200,2.0,0.009356511335678242,0.0008687517861200045,10.770062847831413,0.008421337598814922,-1.4736505525238268,-1.9615526602945594,-1.0571150708897046
cos_theta3,211,2.11,0.008080001001055336,0.0007828892068602842,10.32074644822292,0.0072423597341536115,-1.54722922490757,-2.195805315627704,-1.070745582042548
cos_theta3,224,2.24,0.006158533328095389,0.000764395113036031,8.056740843926741,0.005310936127670813,-1.8756442211523268,-3.0853434010110456,-1.1446040574649374
cos_theta3,237,2.37,0.005058827760838253,0.0008284054822781556,6.106704831221335,0.00483949106193681,-1.4408813779069838,-2.758926422734386,-0.730845613917415
cos_theta3,251,2.5100000000000002,0.00359482009813352,0.0009361418302143362,3.8400378896758203,0.003931616551428218,-1.3748882454232012,-3.4848851745887446,-0.5081240864097033
cos_theta3,266,2.66,0.0036579659390883557,0.000997858630873749,3.665815803873293,0.004237998678207527,-1.949835031793516,-5.337814226966383,-0.7310392041182672
cos_theta3,282,2.82,0.002774313892722095,0.0010211963238675491,2.7167292203080122,0.0032929526767615357,-0.8740322691081014,-2.9553591955571004,0.1484916816309256
cos_theta3,299,2.99,0.0015101924135936054,0.0009982128792002131,1.5128961417564557,0.0016371489384521638,-0.9722511413272358,-2.794253703714054,0.0402032474261546
cos_theta3,316,3.16,0.0020367857912019544,0.0009283288278973113,2.1940348398049068,0.0023707060780093644,-0.5919946267276321,-2.4259590162391262,0.891063869060875
cos_theta3,335,3.35,0.0018702160352423534,0.0008056074306608625,2.3214979952557817,0.002117348985510594,-0.075988439691956,-2.3379375410525385,2.2164358466751195
cos_theta3,355,3.5500000000000003,0.0018008295021009074,0.0007781343941763301,2.314291098785216,0.0019404035818400165,-0.4373144924351413,-2.54522484998946,1.2060470989356438
cos_theta3,376,3.7600000000000002,0.0014243648148280605,0.0009341171638265781,1.524824583024682,0.0012776527165527876,0.008722539456048888,-1.4286361638159404,1.3769109257055758
cos_theta3,398,3.98,0.0014230110565427092,0.0007966465903241122,1.7862513614271083,0.0012773416129422688,-0.49306674940553497,-2.652616846516871,0.882976061637475
cos_theta3,422,4.22,0.001884462360622428,0.0008639818698460321,2.18113646407679,0.0018488650356516514,-1.187575985999246,-3.4263275483797235,1.2134159681916206
cos_theta3,447,4.47,0.001144108789093665,0.0007926250802346471,1.443442577864134,0.0016030226308254038,-0.004373774893290007,-2.0165190534497692,1.8831926350479178
cos_theta3,473,4.73,0.0004501282503466952,0.0007597692140662133,0.5924539215502708,0.0005664401211930547,nan,-3.8582193321162466,0.5047108145543177
cos_theta3,501,5.01,0.001416614826896694,0.000827489336155454,1.711943302470022,0.0015133386934904946,nan,-3.5139093933533365,1.5236487789459838
cos_theta3,531,5.3100000000000005,-0.00015787400325930929,0.0008751565910831523,-0.1803951485572586,-0.0002008584966415945,0.9993898364513168,-0.9853382224764972,2.853340592280191
cos_theta3,562,5.62,-0.0004943545146693634,0.0008766881403582018,-0.5638886759291365,-0.00013219623746344418,-0.9200352793250135,-2.6367200740936347,1.199994979079277
cos_theta3,596,5.96,0.0015388367329589895,0.0009014989741023236,1.7069755786370153,0.0018953823869180837,nan,-1.8725470988947999,2.2706969519458005
cos_theta3,631,6.3100000000000005,0.000428366662397784,0.0008166432510670578,0.5245456468758708,0.0008068679356369936,nan,-1.5792525290735466,2.4984339369882242
cos_theta3,668,6.68,-4.5589352986107764e-05,0.0008288342090177086,-0.055004188401125365,-0.00037366438084540307,nan,-2.6202250562050606,0.6243574118997621
cos_theta3,708,7.08,-0.00014707183585840303,0.0009517025515147259,-0.15453550652388615,-0.0003573234335377452,nan,-2.173293349411716,1.578336871978105
cos_theta3,750,7.5,-5.248465302717183e-05,0.0008459628710811628,-0.062041319804136394,-0.0008248950051720504,nan,-1.766317031693401,2.0865912188751663
cos_theta3,794,7.94,-2.3264324219472734e-05,0.0007781664524661902,-0.029896334062902208,-0.0003613235053714837,nan,-1.5928068254733834,1.8989648358341058
cos_theta3,841,8.41,0.00031186885074582993,0.0008461731486049747,0.3685638704796836,-0.00015291376007461917,nan,-1.764811646199918,1.3233772631313883
cos_theta3,891,8.91,0.00023487347930883126,0.0007330910659714547,0.3203878620421993,-0.0003560467630313238,nan,-1.2927682605317354,1.740039979612058
cos_theta3,944,9.44,-0.0004008795515055358,0.0007362783399219527,-0.5444673974084718,-0.0008044385436646101,nan,nan,nan
cos_theta3,1000,10.0,0.0005361815735671846,0.0007599898986934594,0.7055114475718216,0.00022903813443207546,nan,nan,nan
sin_theta3,0,0.0,0.4773282066487972,0.0006084510137185514,784.4973479978338,0.4775680399320568,nan,nan,nan
sin_theta3,1,0.01,0.44546998524253145,0.0006078791064672746,732.8266105926992,0.4456713120208334,nan,nan,nan
sin_theta3,2,0.02,0.4189893338313256,0.0006187417407694364,677.1635178682003,0.41918863645821075,-6.596084120470444,-6.6361194278173805,-6.554721354037912
sin_theta3,3,0.03,0.39291448889861175,0.0006370763551505004,616.7463063446943,0.39307343001932504,-6.7377085280746565,-6.7783691783823175,-6.696762531790485
sin_theta3,4,0.04,0.36663285554446334,0.000654283918298613,560.3574309114126,0.3667652715931349,-7.219470677772989,-7.263903239163559,-7.174857482447346
sin_theta3,5,0.05,0.3402298880064693,0.000676077594883892,503.2408862253446,0.34037121531982556,-7.775711099101214,-7.827457393517291,-7.725882283523528
sin_theta3,6,0.06,0.3138975429226727,0.0006849791657771978,458.258526106433,0.31402703869539456,-8.366189972517201,-8.425560239112205,-8.309266320128682
sin_theta3,7,0.07,0.2878857093188943,0.0006946636429158423,414.42461003212645,0.2880248708060603,-8.985348825798585,-9.05212014183265,-8.920279137113402
sin_theta3,8,0.08,0.2623588845496736,0.0007069046035311751,371.1376092886108,0.2624945660436225,-9.632195133920277,-9.711749611442864,-9.554129990856385
sin_theta3,9,0.09,0.23750948922147966,0.000716091268222913,331.67488525714714,0.23763529248238063,-10.321207465719713,-10.417090923568082,-10.227682108045222
sin_theta3,10,0.1,0.2135303187707937,0.0007315235958392382,291.89806041160125,0.2136655461075964,-11.06268526150412,-11.178431137719807,-10.950078392591392
sin_theta3,11,0.11,0.19051201436322032,0.000755645684992934,252.11817938853417,0.19068410461561128,-11.881854719008025,-12.021531045480582,-11.748437821813301
sin_theta3,12,0.12,0.16854553393490002,0.0007771611196717529,216.87334796945072,0.16872244345195428,-12.81257019139763,-12.984294148467988,-12.651137326814151
sin_theta3,13,0.13,0.14766310899955126,0.0007940250195130839,185.96782893579598,0.14782284452561983,-13.900308920196277,-14.106819654734101,-13.698723924051336
sin_theta3,14,0.14,0.12790349359015216,0.0008192246995629564,156.1274869500232,0.12805604056470854,-15.180467881553364,-15.435205233935495,-14.934081996341082
sin_theta3,15,0.15,0.10925699979722507,0.0008326824865929248,131.21087756303174,0.10939084263589671,-16.74723692184592,-17.066045261300243,-16.44124500063362
sin_theta3,16,0.16,0.09183442516168196,0.0008414062336528103,109.1439800285288,0.09195495296003707,-18.72406894289511,-19.14214110654546,-18.324712433867603
sin_theta3,17,0.17,0.07556883113962433,0.0008500136821052778,88.90307618632521,0.07567202690683647,-21.32060472946413,-21.900085179160566,-20.76396786861996
sin_theta3,18,0.18,0.06048003227440974,0.0008535608980289654,70.85614209140748,0.060571031118412555,-24.983508469789435,-25.86390241287608,-24.165855883787696
sin_theta3,19,0.19,0.04656637499820998,0.0008590114770348439,54.209258249900095,0.04664077900463173,-30.660566014370943,-32.09413178643207,-29.31562082253793
sin_theta3,20,0.2,0.03380629035329123,0.0008560613901012949,39.4904976958382,0.033874480138657376,-41.48992941732652,-44.72551142032237,-38.75320687854117
sin_theta3,21,0.21,0.02216736741241746,0.000842430119175753,26.31359789712453,0.02222725248442484,nan,nan,nan
sin_theta3,22,0.22,0.011504244897884784,0.0008291166402039343,13.875303353042261,0.011574131402959672,nan,nan,nan
sin_theta3,24,0.24,-0.006783855281261326,0.0007834014597869122,-8.659487669459484,-0.0067257429506245485,nan,nan,nan
sin_theta3,25,0.25,-0.014542795367092683,0.000754181210497107,-19.282892711563342,-0.014463024905633838,nan,nan,nan
sin_theta3,27,0.27,-0.02737651670406142,0.0007040670668581708,-38.88339334806044,-0.027263290180882912,nan,nan,nan
sin_theta3,28,0.28,-0.03252691374713194,0.0006874164159616726,-47.31762726618606,-0.03242227920210625,nan,nan,nan
sin_theta3,30,0.3,-0.040800050556627776,0.0006740893952480425,-60.52617181674355,-0.04077919052092214,nan,nan,nan
sin_theta3,32,0.32,-0.0465552419690537,0.0006846104347274338,-68.00253050128997,-0.04663766027662413,nan,nan,nan
sin_theta3,33,0.33,-0.04864842673978085,0.0006926752597242777,-70.23266105843821,-0.0487694993904036,nan,nan,nan
sin_theta3,35,0.35000000000000003,-0.05145144721489255,0.0007033469382226626,-73.15230140179308,-0.051646775804748184,nan,nan,nan
sin_theta3,38,0.38,-0.05290346638555772,0.0007078033853293737,-74.74316665063603,-0.05313725451499811,nan,nan,nan
sin_theta3,40,0.4,-0.05253771651415536,0.0006897865979967243,-76.16517436948646,-0.05274656552325171,nan,nan,nan
sin_theta3,42,0.42,-0.0515253220144789,0.0006803550973826805,-75.73298445575894,-0.05171614734171634,nan,nan,nan
sin_theta3,45,0.45,-0.049031678847738396,0.0006640357031709345,-73.83891952435692,-0.04911357127552449,nan,nan,nan
sin_theta3,47,0.47000000000000003,-0.046991111191149806,0.0006476276299777625,-72.5588424829301,-0.04699140122945268,nan,nan,nan
sin_theta3,50,0.5,-0.043584607569102304,0.000648348930487441,-67.22399855944016,-0.04344459983942295,nan,nan,nan
sin_theta3,53,0.53,-0.04012192045331638,0.0006745758986939561,-59.477251605039974,-0.03986206876700245,nan,nan,nan
sin_theta3,56,0.56,-0.036675980337582764,0.0006911088536875575,-53.06831209279163,-0.03625068817662911,nan,nan,nan
sin_theta3,60,0.6,-0.03211517636000104,0.0007170286526859551,-44.7892510845963,-0.03152821292744892,nan,nan,nan
sin_theta3,63,0.63,-0.028842920188167757,0.0007388433729876786,-39.037935836840425,-0.02822892390354503,nan,nan,nan
sin_theta3,67,0.67,-0.024671039826524,0.0007539807235689315,-32.72104850339518,-0.02402634512874182,nan,nan,nan
sin_theta3,71,0.71,-0.02111165318679802,0.0007312373220140288,-28.871137387586725,-0.020537926643195797,nan,nan,nan
sin_theta3,75,0.75,-0.017768217504995014,0.0006746618276801826,-26.336479664324326,-0.017291355750107956,nan,nan,nan
sin_theta3,79,0.79,-0.014709116592865213,0.0006236710223116283,-23.584736289888973,-0.014375305022274423,nan,nan,nan
sin_theta3,84,0.84,-0.011173098274577175,0.0005851821951376226,-19.09336676237987,-0.011104394175570374,nan,nan,nan
sin_theta3,89,0.89,-0.008057965768004445,0.0005910217740798566,-13.633957531513355,-0.008224663304231588,nan,nan,nan
sin_theta3,94,0.9400000000000001,-0.005673484607846361,0.0006229060814752604,-9.108089929720316,-0.00597180984261479,nan,nan,nan
sin_theta3,100,1.0,-0.0036238424131628966,0.0006595943455099734,-5.494047118249746,-0.0038493896064492987,nan,nan,nan
sin_theta3,106,1.06,-0.0020976163999050597,0.0006542296778955725,-3.2062385287264195,-0.002122343798328482,nan,nan,nan
sin_theta3,112,1.12,-0.0011866050347835101,0.0006511121861529842,-1.8224279318045316,-0.0010513258268409556,nan,nan,nan
sin_theta3,119,1.19,-0.00045775774955474004,0.0007124748788644472,-0.6424896696488738,-0.00032234539986906964,nan,6.400039716171009,6.400039716171009
sin_theta3,126,1.26,0.00026484952549823417,0.0007274466563463466,0.3640810266809941,0.0001481070933028547,nan,-4.129278099081694,12.74165533665603
sin_theta3,133,1.33,0.000409942951594224,0.0007152667185470255,0.5731329879670225,7.865068674073424e-05,nan,-10.517630136650647,12.53265888897949
sin_theta3,141,1.41,0.0004066849263368364,0.0007297747240633971,0.5572746121877288,1.6243316875938954e-05,-3.7487666040994454,-11.171617051249143,8.632522096493926
sin_theta3,150,1.5,0.00011614983233308265,0.0006572811441485887,0.17671255803867267,-0.00027010338253672923,-3.469819934738159,-9.494552466410786,7.831427918037034
sin_theta3,158,1.58,7.980263493053685e-05,0.0006454538935739928,0.12363800997257215,-0.00010883813544076226,0.3891132213629352,-8.323869252248535,8.308933065748656
sin_theta3,168,1.68,0.00012170268113069741,0.0007127305409122727,0.17075552981765282,7.789125756188891e-05,3.9220692326161672,-7.264324061671651,9.450823755391895
sin_theta3,178,1.78,0.0004696607571479895,0.0007882958757714042,0.5957924829790497,0.0005975260013476383,0.36106850124818146,-7.436006750315925,8.03214172817326
sin_theta3,188,1.8800000000000001,0.0005155670299844179,0.0007232592386949977,0.7128384988412645,0.0009543205358764161,nan,-9.621636381527278,6.490939609847306
sin_theta3,200,2.0,9.287042978725275e-05,0.0006804790793822923,0.13647800880455616,0.0005823616519756075,nan,nan,nan
sin_theta3,211,2.11,-0.0005694705322763015,0.0006392325397650316,-0.8908659945340499,-0.0004975763909098045,nan,-7.55412082813301,5.4311936662378635
sin_theta3,224,2.24,-0.0020313158378712703,0.0006855966687841009,-2.9628437977590956,-0.0023376899977394752,3.0235682780894546,-5.6619470985264915,6.470445195406163
sin_theta3,237,2.37,-0.0005816840022952785,0.0006392021480735868,-0.9100157188900958,-0.0007413561264500905,nan,-3.4748064833078014,8.108886988392992
sin_theta3,251,2.5100000000000002,0.00043407837937816724,0.0007218621875150194,0.6013313716742306,0.0007521209137853081,nan,nan,nan
sin_theta3,266,2.66,0.0006008141559280941,0.0006671230613221855,0.90060468714322,0.0005146450032900431,nan,-1.1150184271956258,6.89297625908547
sin_theta3,282,2.82,0.0006506784286170173,0.000659129582837631,0.9871783114570121,0.0009338545450695304,-0.2975442258198728,-5.597340970344302,4.231792661859801
sin_theta3,299,2.99,0.001197206751621686,0.0005289077012647768,2.2635456975929937,0.0010113821419498463,-3.0678314134147127,-5.03177604103951,3.5655731593636304
sin_theta3,316,3.16,0.000357745331471911,0.0005750080611594733,0.6221570715905034,-2.9085899487924933e-05,nan,-5.186429344532999,4.014569567437898
sin_theta3,335,3.35,7.23475787491138e-05,0.0007755329642845446,0.09328756104630173,-0.00041552587638468046,nan,-3.257773933612725,-0.7895288547089913
sin_theta3,355,3.5500000000000003,-0.0008385250316807194,0.0007734956587092401,-1.084072059408835,-0.0017037719978247215,nan,-3.8878025350474115,3.635172149002822
sin_theta3,376,3.7600000000000002,-0.0015013165160615114,0.0006598563943746159,-2.275217045497295,-0.0017508685574271943,nan,-4.571231104950351,2.960590610424835
sin_theta3,398,3.98,-0.0003104086641485554,0.0007189295086587939,-0.43176509019311415,-7.977466939650067e-05,nan,-2.956841324280392,3.4818061191894865
sin_theta3,422,4.22,-0.0004669766195415365,0.0006159462887007941,-0.7581450332731495,-0.00041485433142955647,nan,1.5165722782061262,3.294595087110376
sin_theta3,447,4.47,-0.00030754346261871354,0.0005895638243504723,-0.5216457488000334,-5.2956395949742726e-05,nan,-2.7400254882551796,3.244576904898241
sin_theta3,473,4.73,0.0016855469761861259,0.0007325683283317868,2.300873394328244,0.0020354156606627793,nan,-2.4608440955243323,3.2037403741024137
sin_theta3,501,5.01,5.8866446304438165e-05,0.0006956107650587178,0.08462555391802934,-0.0001569834410229983,nan,-2.047169734353177,3.341065343840105
sin_theta3,531,5.3100000000000005,-0.0005660360798615603,0.000719495585659649,-0.7867123734228422,-0.0012943258389772905,-2.896840643352843,-3.27006410320996,0.6982559886735841
sin_theta3,562,5.62,-4.1746169209136296e-05,0.0006357968979050859,-0.06565959875974153,2.591989291442742e-05,nan,-2.690628762478555,2.3034725023416613
sin_theta3,596,5.96,4.778593807728553e-05,0.000810968385302489,0.05892453879008058,0.00023355265723048725,nan,-1.3094616321810015,3.0981292865614223
sin_theta3,631,6.3100000000000005,-0.0004322150788601116,0.0007034398779351914,-0.6144307316338014,-0.0003565808082289517,nan,-1.9380928840798548,2.559322032533693
sin_theta3,668,6.68,0.0003086247798864492,0.0006153907443425492,0.5015102724955143,0.0006471739584756351,1.9813729188433034,-1.3094791798790262,2.4530267630291855
sin_theta3,708,7.08,0.00020097489489764457,0.0006826892066459905,0.29438709875760555,-0.00010360817147334623,nan,-2.397224183121834,2.0934768313939585
sin_theta3,750,7.5,0.001010343558324838,0.0007337455872565571,1.3769671339387113,0.0008050230113721299,0.7076732359901212,-0.7872083867723555,2.2481654360253542
sin_theta3,794,7.94,-0.0003749588513576201,0.0007063133406584988,-0.5308675764329248,-0.00028901610742870575,nan,-2.1257345763417788,1.4500910998932663
sin_theta3,841,8.41,0.0010498482750109501,0.0006467962976840505,1.6231513364719103,0.0008451867188166017,nan,-2.0846563297620024,0.8036309467973685
sin_theta3,891,8.91,-0.0005584589477973809,0.0006674355134269399,-0.8367234535213446,-0.0008307730197050142,nan,-1.3852752858979163,1.407396034333203
sin_theta3,944,9.44,-8.925525777232779e-05,0.0007670692176836905,-0.11635880532639647,0.0002764426909885373,nan,nan,nan
sin_theta3,1000,10.0,-0.00023801970336420093,0.0006661969312149865,-0.35728129658314245,-0.0007454431638404187,nan,nan,nan
cos_theta1_minus_theta3,0,0.0,0.49977373383713586,0.00041575438226275433,1202.0889139330388,0.499702996142218,nan,nan,nan
cos_theta1_minus_theta3,1,0.01,0.4400267680218298,0.00046814080083274894,939.9453481497261,0.4400824989368133,nan,nan,nan
cos_theta1_minus_theta3,2,0.02,0.39615870363886296,0.0005069805552965498,781.4080826179547,0.39629513485664547,-10.967320685368092,-11.029575161106068,-10.903147640223063
cos_theta1_minus_theta3,3,0.03,0.35750495016134487,0.00054937891142276,650.7438540651161,0.35767467151979365,-10.42233659215266,-10.482336506031542,-10.363272760677436
cos_theta1_minus_theta3,4,0.04,0.32229350489429304,0.0005816940559817225,554.0601654427423,0.3224814373736832,-10.48950846493644,-10.554383155696101,-10.429650699218953
cos_theta1_minus_theta3,5,0.05,0.2900177412371093,0.0006029260048043615,481.0171379673942,0.29025166506828814,-10.669963502888217,-10.738214860476797,-10.603231171530686
cos_theta1_minus_theta3,6,0.06,0.2604040749798896,0.000612932147033838,424.84975904765776,0.26060190509932896,-10.854289187622683,-10.931336418038063,-10.780838459905677
cos_theta1_minus_theta3,7,0.07,0.23330594677624403,0.0006255569968282046,372.95713733390846,0.2335147254887175,-11.028266853492237,-11.112269277804424,-10.944306766795027
cos_theta1_minus_theta3,8,0.08,0.20878208838939719,0.000644745250894733,323.82105661059745,0.20893343583430918,-11.195179734727903,-11.290267052151073,-11.0982689956297
cos_theta1_minus_theta3,9,0.09,0.1865709179015444,0.0006510041050753673,286.5894645625083,0.18664113621527112,-11.30042868041149,-11.412750567494264,-11.19064065601044
cos_theta1_minus_theta3,10,0.1,0.16640546489204971,0.0006654524996897777,250.06362583298588,0.1664795081731524,-11.361209321103178,-11.48929722013308,-11.241038408718113
cos_theta1_minus_theta3,11,0.11,0.14846266630942057,0.0006810558119708895,217.98898665850655,0.1485496051520968,-11.375294328891819,-11.515931725110379,-11.241253111335999
cos_theta1_minus_theta3,12,0.12,0.1325344611695953,0.0006931518171881254,191.20553085648868,0.13262901445472433,-11.28118384992943,-11.440472037653208,-11.126111429802044
cos_theta1_minus_theta3,13,0.13,0.11836814616605565,0.0006881019701123009,172.02122840418187,0.11844019470646909,-11.119902126437054,-11.298787180862728,-10.948100495766745
cos_theta1_minus_theta3,14,0.14,0.10597254125075675,0.0007017798857633776,151.00538416754796,0.1060681066657283,-10.91502745863857,-11.106960112077319,-10.73592952203789
cos_theta1_minus_theta3,15,0.15,0.09515788279150177,0.000706201199304619,134.74613592443865,0.09530332231452035,-10.574558142742616,-10.79234587033705,-10.36848599109785
cos_theta1_minus_theta3,16,0.16,0.08564763376243938,0.0007043855814887033,121.59197464182189,0.08576299129805998,-10.138398536427989,-10.35830895437019,-9.931782265759763
cos_theta1_minus_theta3,17,0.17,0.07754181387885554,0.0007176556309018263,108.04877790955854,0.07759271253801622,-9.602514656125548,-9.837596312917082,-9.379373998634833
cos_theta1_minus_theta3,18,0.18,0.07064335675107186,0.0007201035057147853,98.10167037160892,0.07062947211435705,-8.93655645413992,-9.175740541887027,-8.701840040303608
cos_theta1_minus_theta3,19,0.19,0.0648085053410979,0.000725840301880346,89.28755426394265,0.064725877872703,-8.189707156948327,-8.4406092230013,-7.944639299117617
cos_theta1_minus_theta3,20,0.2,0.059906160089891594,0.0007204154796817237,83.15501509817344,0.05976560617855192,-7.395048432297811,-7.658792810944862,-7.143972169878126
cos_theta1_minus_theta3,21,0.21,0.05588125754422067,0.0007140295435166168,78.26182831175838,0.05563630639195699,-6.180294697897592,-6.40476265799231,-5.955874021234336
cos_theta1_minus_theta3,22,0.22,0.052554048591027594,0.0007137608284463951,73.62977414355895,0.05220243609710898,-5.402262718056577,-5.629384541981181,-5.183753279744006
cos_theta1_minus_theta3,24,0.24,0.04758045725737717,0.0006921302616209844,68.74494570710242,0.04712719332163451,-4.370581725098993,-4.5883348736517675,-4.1728154402501065
cos_theta1_minus_theta3,25,0.25,0.04572596065659135,0.0006769912432300778,67.54291301970537,0.04525691674943406,-3.7190248301490816,-3.951480200637889,-3.512742405094695
cos_theta1_minus_theta3,27,0.27,0.04299114374231935,0.0006384113260889193,67.34082242195598,0.04243074809107695,-2.6841819099167052,-2.9432567855303167,-2.448974977575513
cos_theta1_minus_theta3,28,0.28,0.04204332554526969,0.0006353396317139938,66.17456781634556,0.041452790023147175,-2.096659757513094,-2.371710469896252,-1.852417639365831
cos_theta1_minus_theta3,30,0.3,0.04050280376650914,0.0006200486688025112,65.32197520032011,0.03994948313613055,-1.616052712455233,-1.8810479701851552,-1.3598426686345673
cos_theta1_minus_theta3,32,0.32,0.039484177438080297,0.000609766776845089,64.75291691418478,0.03895827819151994,-1.4117357176110115,-1.6425342096419653,-1.17284415485462
cos_theta1_minus_theta3,33,0.33,0.039018308014679245,0.0006036546655767382,64.63680352308837,0.03853904524185152,-1.3313983126910898,-1.554880821928231,-1.0982393355472286
cos_theta1_minus_theta3,35,0.35000000000000003,0.038087233489265654,0.0006013130013703574,63.34011305670601,0.03765027735298054,-1.4977954685720327,-1.7495947177990323,-1.2454039053591215
cos_theta1_minus_theta3,38,0.38,0.03641057795203552,0.0006127381119195605,59.42274071702505,0.03613322119447826,-1.7023717975867318,-1.9532957711898282,-1.4490939705181836
cos_theta1_minus_theta3,40,0.4,0.035025500537457184,0.0006146975368029394,56.980056760314795,0.03490783978821956,-2.005230234648834,-2.2785277492298635,-1.7415397155130203
cos_theta1_minus_theta3,42,0.42,0.03347562327323527,0.000605800093646415,55.258531030821956,0.03348957148520373,-2.327151622605061,-2.6386476626463176,-2.0250661302070894
cos_theta1_minus_theta3,45,0.45,0.031166884081972122,0.0006098639451200159,51.104651014971466,0.031399324949638124,-2.602955201140347,-2.9109147109048075,-2.3012716807601423
cos_theta1_minus_theta3,47,0.47000000000000003,0.029530265585551333,0.0006257207221815965,47.19400291330142,0.029851954527475997,-2.9272731923574207,-3.2280709328130164,-2.6315230505237475
cos_theta1_minus_theta3,50,0.5,0.026998487957696025,0.0006331627838033782,42.64067416520822,0.027395269735081648,-3.1083463121685586,-3.4068202454706205,-2.808755765968013
cos_theta1_minus_theta3,53,0.53,0.02425972236516833,0.0006151616260623813,39.43633890243381,0.024693373326424163,-3.179301945159996,-3.4738201032978626,-2.8870938026793134
cos_theta1_minus_theta3,56,0.56,0.02214115356557082,0.00058790607546913,37.66103887921705,0.022521378090202507,-3.1188801320608235,-3.485679970834578,-2.7896894582690424
cos_theta1_minus_theta3,60,0.6,0.01953302136277734,0.000552010638320803,35.3852263104858,0.019758544440710072,-3.009998237383095,-3.409598633709534,-2.6210046318135283
cos_theta1_minus_theta3,63,0.63,0.017999184398973824,0.0005669178688622605,31.74919223325265,0.01804953949735158,-2.9636034456629354,-3.3778691035313657,-2.5661192717000807
cos_theta1_minus_theta3,67,0.67,0.01591747728841685,0.000569044560290023,27.972286177912398,0.0158635676546097,-2.763250855548887,-3.224474241730869,-2.3197787448305833
cos_theta1_minus_theta3,71,0.71,0.014195109619627763,0.0005522577373999791,25.703776802581565,0.014101136527326377,-2.6797381719509956,-3.155800803756461,-2.2064087363448586
cos_theta1_minus_theta3,75,0.75,0.012905051298709804,0.0005592410807227835,23.076007367038997,0.012903275206205626,-2.5827185379031996,-3.124411447324787,-2.046582291083057
cos_theta1_minus_theta3,79,0.79,0.01172318304551878,0.0005284714166484645,22.183192271526313,0.011571535854693112,-2.422317756214681,-3.0367607982291753,-1.8493855624350728
cos_theta1_minus_theta3,84,0.84,0.010261053908904891,0.0005327422633377122,19.260822005406162,0.010057588367646832,-2.2488627841724163,-2.842410894964303,-1.6833230059435944
cos_theta1_minus_theta3,89,0.89,0.009178651663107908,0.0005532724478981237,16.58975012758635,0.008913125841217857,-2.0526364234224133,-2.7106149532174952,-1.508364061762462
cos_theta1_minus_theta3,94,0.9400000000000001,0.00841768524781491,0.0005009592208581194,16.803134661132326,0.007959543295544616,-2.029695941421333,-2.8011682346926317,-1.3672868316351217
cos_theta1_minus_theta3,100,1.0,0.00761800625601222,0.0005217000737920281,14.602271762470716,0.007264981678683808,-1.53019784611896,-2.357133400968637,-0.823717972072944
cos_theta1_minus_theta3,106,1.06,0.006565459170620641,0.000586130393534981,11.201362773604071,0.006544763251696726,-1.3874755700441745,-2.271074643490615,-0.6519351842943782
cos_theta1_minus_theta3,112,1.12,0.0064555150474506235,0.0006420679620598654,10.054255046054955,0.006537907567363312,-1.0248989892804428,-1.781578123969511,-0.35862425525896413
cos_theta1_minus_theta3,119,1.19,0.00595044488149944,0.0006661269910335654,8.932898623829528,0.006136119271333245,-0.7413063475748409,-1.6230570335129202,0.05697132128545003
cos_theta1_minus_theta3,126,1.26,0.005835972695737588,0.0006598479988080896,8.84441978497979,0.0059433409631868515,-1.1344731560772088,-2.2886444712684675,-0.19175788623443343
cos_theta1_minus_theta3,133,1.33,0.005374522504392979,0.0006395862823357957,8.4031234765777,0.005165539517420364,-1.210829767955251,-2.2336568067394262,-0.31417240997309204
cos_theta1_minus_theta3,141,1.41,0.00464567926038325,0.0006611612348178978,7.026545138664701,0.004432613568795445,-1.362363991954024,-2.422239312838912,-0.44541629713942577
cos_theta1_minus_theta3,150,1.5,0.00408821628461035,0.0006062307291307502,6.743663902475347,0.003962614214934195,-1.4443222581494761,-2.466280451790487,-0.6195723227224529
cos_theta1_minus_theta3,158,1.58,0.0037738076353897683,0.0006264811014716597,6.023817201388453,0.003734634468548232,-1.713381910819623,-3.341871162726234,-0.42837716947785326
cos_theta1_minus_theta3,168,1.68,0.0032418914596885396,0.0005806348340300201,5.583356818583376,0.0031250497895979334,-2.0244179031502387,-4.826302725465932,-0.7410376219043409
cos_theta1_minus_theta3,178,1.78,0.0024644934497408833,0.0006125778012463417,4.02315174452398,0.0022380017045759166,-1.4190243759373344,-3.4565688266053023,-0.37500511492091765
cos_theta1_minus_theta3,188,1.8800000000000001,0.0018942632099199705,0.0006748580961414679,2.8069059566011094,0.0016843505943525375,-0.8584713616917237,-2.707054409310872,0.2842250044687469
cos_theta1_minus_theta3,200,2.0,0.0020794308713695713,0.0006895590101756259,3.015595243748544,0.0022310183568921014,-1.6895145851489757,-5.704765561657457,0.2300711131555108
cos_theta1_minus_theta3,211,2.11,0.0022412063226286256,0.0007182954796341501,3.1201732242142755,0.0020858071316309955,0.2964412268301541,-1.473864575083577,2.5568663359399824
cos_theta1_minus_theta3,224,2.24,0.0011329326996465658,0.0005750078016605482,1.9702910053999316,0.0011475660524248965,-0.728675254859746,-2.7874785072931663,1.070356679914643
cos_theta1_minus_theta3,237,2.37,0.002190404339392194,0.0006352738218966927,3.4479688346868387,0.0023468335903174876,-0.8703219393576584,-3.7672088776642885,0.8177800146070109
cos_theta1_minus_theta3,251,2.5100000000000002,0.0014340030323149596,0.0005162820468028466,2.7775574246581627,0.001712772782805636,0.5067514681342354,-2.103191293956062,3.868007330245976
cos_theta1_minus_theta3,266,2.66,0.0013886571362500364,0.0006617498598398757,2.0984623050559486,0.001610572766227583,-0.8712159590275311,-3.5999436232647355,0.8253520419706334
cos_theta1_minus_theta3,282,2.82,0.001520022947318122,0.0006848358356082197,2.2195435289512147,0.0018645891859310796,-0.5765332919029312,-3.962384436718564,1.5691054667703048
cos_theta1_minus_theta3,299,2.99,0.0012762578764676164,0.0006094138997304497,2.0942382131948727,0.0015363317855177307,-0.526645446615104,-3.413858658591843,2.2672171044800393
cos_theta1_minus_theta3,316,3.16,0.0009858246470176783,0.0006082658211335046,1.6207135314303738,0.0011006150871026915,-0.9594215898868703,-4.177730190839491,1.359835726347845
cos_theta1_minus_theta3,335,3.35,0.0009655589070467685,0.0005731597721808733,1.684624347191737,0.0011743490901232176,-0.5721273884917906,-3.4665329506310876,1.575880879129618
cos_theta1_minus_theta3,355,3.5500000000000003,0.0007545359692461936,0.0005931446219547356,1.2720944291117153,0.000496068170668678,-1.2928808114857622,-4.028029993350187,2.1370390243792334
cos_theta1_minus_theta3,376,3.7600000000000002,0.0008215143882178655,0.0007217347225794178,1.1382497786469852,0.0008860052253583921,-1.6020246062987393,-4.463982099616001,1.6603258238164955
cos_theta1_minus_theta3,398,3.98,0.0003414892605321783,0.0006957535381154597,0.49081929422471504,0.000114340693821918,-0.8802062784341591,-3.759335310157139,2.342271482371824
cos_theta1_minus_theta3,422,4.22,0.00023959397131948873,0.0005780434526318678,0.4144912812844821,0.0003428457568053918,0.3376548432361501,-1.6636386215889265,2.909674199732022
cos_theta1_minus_theta3,447,4.47,0.00033573198362335467,0.0006178442039054547,0.543392624712119,0.000727821661220204,0.7610920641369459,-2.402100429016377,3.0943121673035066
cos_theta1_minus_theta3,473,4.73,0.0011398758703832228,0.0006159286331277312,1.8506622505838846,0.0018732340883732314,0.4956691411884669,-3.0448394537837045,3.120747039466537
cos_theta1_minus_theta3,501,5.01,0.0007478788926531424,0.0006594020541469049,1.1341773777467279,0.0007983957517441483,1.0772834366025699,-0.8510041134534004,3.3967020551491984
cos_theta1_minus_theta3,531,5.3100000000000005,0.00041125977400814217,0.000536312610885602,0.7668284609773344,0.00047077396420083377,nan,-3.5579400534358485,0.5703809946534312
cos_theta1_minus_theta3,562,5.62,0.0011588566204289831,0.0006132639250052365,1.8896539861187627,0.0014688064166190964,-0.7837449074188267,-2.7198838128554317,1.7535927475233666
cos_theta1_minus_theta3,596,5.96,-0.0007239634160830865,0.0006695691014861246,-1.0812377908064044,-0.0003476930948087609,-0.16759553950528486,-2.3174886011175784,2.046859587866033
cos_theta1_minus_theta3,631,6.3100000000000005,0.0002699866941893165,0.0005259241184780656,0.5133567461606663,0.0002516530181824715,-1.3128966186827549,-2.4433133737279844,0.6873260975165522
cos_theta1_minus_theta3,668,6.68,0.00032688851474349105,0.0005298871273695478,0.6169021624779275,0.00028433139594610937,nan,-1.1348252099427165,2.458884555312767
cos_theta1_minus_theta3,708,7.08,0.0001704360345982528,0.0006267214709348745,0.2719486127450125,9.06729189907689e-07,nan,-2.530447989543759,1.624604121785632
cos_theta1_minus_theta3,750,7.5,0.000459088884891222,0.0005842076364123643,0.7858317082441781,0.00015042640861318238,nan,-2.1901483951356044,1.6918752927280334
cos_theta1_minus_theta3,794,7.94,-0.0005375527246239307,0.0006320739826991395,-0.8504585528555129,-0.0010156898847179067,0.6349792082071116,-1.422138899788928,1.6368946976294434
cos_theta1_minus_theta3,841,8.41,-0.00020351781536488033,0.0006379727270140851,-0.3190070778063011,-0.00031616058686448833,0.060837498030590735,-1.400185850650603,1.522335007002434
cos_theta1_minus_theta3,891,8.91,0.0005447745360270443,0.0006074827654880899,0.8967736485319681,0.0008760082271357477,nan,-0.1932002521791239,2.1817107448899673
cos_theta1_minus_theta3,944,9.44,0.0005165998480323617,0.0006306658942253903,0.8191339547017535,0.0009225144227522526,nan,nan,nan
cos_theta1_minus_theta3,1000,10.0,0.001149982371708704,0.0005760340787705998,1.9963790582721304,0.0012027979384206901,nan,nan,nan
I2,0,0.0,2.361632583242262,0.016475658752080194,143.34070757225933,2.352539054060915,nan,nan,nan
I2,1,0.01,2.3530478318349504,0.01640357190400704,143.44728365290678,2.343992584117467,nan,nan,nan
I2,2,0.02,2.3278407214040104,0.016192754097967037,143.75817154515212,2.3189004779388465,-1.406456868115713,-1.4184052343982416,-1.3934014258838188
I2,3,0.03,2.287137647049468,0.01585733979995549,144.2321143333189,2.2783838509520074,-2.0761320613741585,-2.0941139536451807,-2.0565275646002443
I2,4,0.04,2.2324393749199105,0.015416726727591892,144.80631423040214,2.2239362719938436,-2.7136090704748295,-2.737158580035191,-2.688085998062363
I2,5,0.05,2.1655322086581608,0.014894055839500655,145.39573585557093,2.1573358584730697,-3.3148843839188946,-3.343983641137847,-3.283273321671068
I2,6,0.06,2.0883969165097223,0.014314488318227899,145.89392719335854,2.080554432407844,-3.8761201719282656,-3.9107623075777944,-3.8381227388713435
I2,7,0.07,2.0031195184057577,0.01370359609876639,146.17473427913424,1.9956693962789176,-4.393488915075636,-4.433553538161273,-4.350003274623572
I2,8,0.08,1.9118092993699116,0.01308602902091767,146.09545006464035,1.9047819170401215,-4.863028111311714,-4.908565920993037,-4.813104483504001
I2,9,0.09,1.8165272946128244,0.012484210288787703,145.50598336558627,1.809946076954627,-5.280544808149176,-5.332164305075585,-5.223061998458403
I2,10,0.1,1.7192284620558076,0.011917239588049194,144.26398406723973,1.7131101417780956,-5.641558403156648,-5.700608315436821,-5.577085279595914
I2,11,0.11,1.6217145151438197,0.01140023941400617,142.25267174226224,1.6160696206063958,-5.9413131034371975,-6.0065668196370225,-5.869528031444084
I2,12,0.12,1.5255999380627103,0.01094380684897484,139.40303946479287,1.5204329568236585,-6.174872410273427,-6.246754484396105,-6.0956147263548335
I2,13,0.13,1.4322893015626268,0.01055399640867526,135.71061104259064,1.4275995232782281,-6.337296766558306,-6.4171455334599425,-6.249537305299393
I2,14,0.14,1.3429661671191078,0.010232508199416722,131.245061420587,1.3387481813110773,-6.423919593073298,-6.510596367518081,-6.327694131646087
I2,15,0.15,1.2585900187158674,0.009977378946861954,126.14435368436258,1.254834253495393,-6.430721024014624,-6.527638086436931,-6.327206252504582
I2,16,0.16,1.1799014888680903,0.009783843804744041,120.59692615860993,1.1765947915215413,-6.354805345907816,-6.458434831862496,-6.243058750197896
I2,17,0.17,1.1074335635850214,0.009645262898092059,114.81631711708803,1.1045594889460661,-6.194945258358738,-6.3028288280738645,-6.076415379720776
I2,18,0.18,1.0415276309970347,0.009554029957332667,109.0144824381326,1.0390670845686452,-5.952179198713237,-6.065514770646654,-5.831244576366825
I2,19,0.19,0.9823518369266308,0.00950243733110576,103.37893349856152,0.9802832161944895,-5.6303209838222745,-5.749468895332294,-5.504648336416892
I2,20,0.2,0.9299204659590746,0.009483189132309623,98.05988818579992,0.9282196966901165,-5.236292756928529,-5.360528935782025,-5.108121462812672
I2,21,0.21,0.8841154671303316,0.009489778421669799,93.16502744800282,0.8827566286276705,-4.517020022792482,-4.637599580047793,-4.3924943516299315
I2,22,0.22,0.8447089076960655,0.00951668735602504,88.76081309545995,0.8436638075471335,-3.999040862380977,-4.119140935341283,-3.87631704083289
I2,24,0.24,0.7837566126634737,0.009614746799735445,81.51609491006452,0.783242962900447,-3.1799077407718,-3.290036706133601,-3.065392075312252
I2,25,0.25,0.7613909964591422,0.009679924270689491,78.65671002867352,0.7610889295089756,-2.637398003627805,-2.7428040099044675,-2.526785442216881
I2,27,0.27,0.7305467369830997,0.009833386531316372,74.29248658704999,0.7305419545185393,-1.6100642708380146,-1.7142673875851162,-1.5058023460655015
I2,28,0.28,0.7210786384020879,0.009919147444832922,72.69562655586009,0.7211533118340424,-0.966823405285306,-1.0654281997295512,-0.8701531602557909
I2,30,0.3,0.7115848552351133,0.010101895648257017,70.44072518784039,0.7116727161103449,-0.38097962103298133,-0.4760485960020361,-0.28978606394508866
I2,32,0.32,0.7115668578135224,0.010288271627584073,69.16291516893153,0.711477779033945,0.01935954996598995,-0.06875695067297571,0.10649672592159003
I2,33,0.33,0.7140367498014317,0.010377854007513496,68.80389233501204,0.7137937769136045,0.44214362004260643,0.3620264208952803,0.5217040083913711
I2,35,0.35000000000000003,0.7220564838802007,0.01053926270530873,68.51110026097876,0.7213949973656094,0.6014131286629947,0.5229538137246588,0.6772260577900967
I2,38,0.38,0.7372051137376208,0.010713564114393725,68.8104449524115,0.7357186263454207,0.6055471826279545,0.529609814944743,0.6803212417899257
I2,40,0.4,0.7466394695592321,0.010775915101510453,69.28780178071152,0.7445422432740616,0.5081267890561221,0.43284364978026746,0.5816334431499955
I2,42,0.42,0.7540311481976639,0.010795538033161179,69.84655566785739,0.751330336273059,0.3293514091454464,0.2517430873902285,0.4040517390737823
I2,45,0.45,0.7596942481433865,0.010757854991097108,70.6176323042175,0.7561876084154598,0.08280950922701592,0.002948344588457553,0.15785880346368014
I2,47,0.47000000000000003,0.7593841602204701,0.010698665234368573,70.9793365420026,0.7554430775534894,-0.1727781455259833,-0.2522943974232893,-0.10221800557995515
I2,50,0.5,0.7528480252572947,0.010574438206153593,71.19508484329589,0.7484418810052202,-0.46600893895790224,-0.5414047597711314,-0.39678913789435954
I2,53,0.53,0.739835660962038,0.010425887528633646,70.96140821873958,0.7352206120817629,-0.7099823742793685,-0.781946009458093,-0.6423705787753273
I2,56,0.56,0.7217328553435106,0.010272804190820757,70.25665455479172,0.7171982842951068,-0.9137670623032441,-0.9827745254964206,-0.8468932152675082
I2,60,0.6,0.6924320293226992,0.010094515475532431,68.59487520733897,0.6884562771829372,-1.0762875149375255,-1.1464315417362825,-1.013325833005004
I2,63,0.63,0.668524913521514,0.00999631522522319,66.87713406982799,0.665228873693844,-1.1686967511408866,-1.2380410195831835,-1.1034374039774533
I2,67,0.67,0.6363494293371728,0.009906329212822782,64.23665271627357,0.634089746713731,-1.2073696697675516,-1.2799573148326668,-1.1390933024397816
I2,71,0.71,0.6056792474478734,0.009829211740154525,61.620327596926046,0.6044329871523699,-1.1861075496619413,-1.2564239261091594,-1.116445285619209
I2,75,0.75,0.5777288437728159,0.009726484181536984,59.39749995887238,0.5775077317643017,-1.1169328328909904,-1.1862528836482824,-1.0441550274428142
I2,79,0.79,0.552965966206192,0.00958499378334817,57.690800714638904,0.5538641316402116,-1.030216430465244,-1.0959864111107345,-0.963722174461772
I2,84,0.84,0.5262988714621011,0.009370385981909157,56.166189149325845,0.5284561190683995,-0.9560882904413888,-1.0224472744052424,-0.8907357932901305
I2,89,0.89,0.5031617021169656,0.009162081290455464,54.91783866195674,0.5057251383894081,-0.9132013305228056,-0.9833462518517865,-0.8440607135902868
I2,94,0.9400000000000001,0.4817608624760398,0.009016454248043435,53.43129895885421,0.483700377452264,-0.910449527026499,-0.9866260070522513,-0.8356639216854562
I2,100,1.0,0.45647054585960456,0.008878957278503014,51.41037754115258,0.4572237173850201,-0.9472465696427294,-1.0284009533905234,-0.8692422486611532
I2,106,1.06,0.4307682972345468,0.0086978086991934,49.526071696023216,0.4309073253485977,-0.997137265720089,-1.0789846588177792,-0.9135972148295972
I2,112,1.12,0.40465905894417914,0.00851572299689964,47.51904906858822,0.40500134412077143,-1.0139686087289819,-1.0992925045637387,-0.9284983381794952
I2,119,1.19,0.37546435448506854,0.008359614762766384,44.91407381083898,0.3764605425474974,-0.9782018618390321,-1.0733521045050136,-0.8928792224831931
I2,126,1.26,0.3506863863960588,0.008232974862419876,42.59534278390635,0.35186221995476247,-0.9116006887712821,-0.9986126450448782,-0.8292330620914518
I2,133,1.33,0.33078077653973587,0.00809075348603144,40.88380360504417,0.3313484294328471,-0.8750137790111047,-0.961899491343959,-0.7967580153577284
I2,141,1.41,0.3106542890337568,0.007953437327969127,39.05912327256383,0.3104828605574675,-0.8914084324882628,-0.9852720168154188,-0.8044314674178504
I2,150,1.5,0.2862625128909315,0.007931904987461323,36.090007803100576,0.2860607189268834,-0.9331729603565393,-1.0263255287599944,-0.8457269241256796
I2,158,1.58,0.2636550551800846,0.007812761276193559,33.74671845964036,0.26421520394816633,-0.9494699044743439,-1.0389450324373284,-0.8606463168164877
I2,168,1.68,0.23861355373348084,0.007672404038487662,31.10023306078585,0.24011057167164762,-0.9351829011991787,-1.0395987228215982,-0.8320986593410071
I2,178,1.78,0.21862912878598695,0.00770810326501298,28.36354434668031,0.22067689869334464,-0.9588490150202833,-1.0734944725509379,-0.8501183309049309
I2,188,1.8800000000000001,0.20064551911427655,0.007871201693282703,25.491091059895947,0.2012609414552117,-1.0510211228253086,-1.1827455859557316,-0.9286801695850526
I2,200,2.0,0.17625380908936616,0.00750479964798617,23.485478274781382,0.17393024173181695,-1.1000988924656865,-1.2472842623125053,-0.9729504942473062
I2,211,2.11,0.1518519799846485,0.006916668534105416,21.9544972027908,0.14981133960478718,-1.0269842845133674,-1.1662626659807374,-0.9026011424709485
I2,224,2.24,0.1318060241620574,0.00690455253990218,19.089727161946506,0.13196469834817662,-0.993931859636524,-1.1427216093551715,-0.8626980403544537
I2,237,2.37,0.12130614390984727,0.006762202002276954,17.938852443183645,0.12274124413039253,-0.9208375924190879,-1.1078341978414001,-0.7575391051187437
I2,251,2.5100000000000002,0.10616768784146516,0.006440058456148865,16.485516174173537,0.10583191554279059,-0.9439283166809483,-1.1631254033518659,-0.760684685396654
I2,266,2.66,0.09150975280723261,0.006954395000292778,13.158549780876708,0.08852399949917966,-1.1484535702662155,-1.4351779024833362,-0.9313513806626719
I2,282,2.82,0.0762374570455552,0.006942667192841295,10.981004119593255,0.07456732902383818,-1.0841528375884952,-1.4015700307291696,-0.8443098120918537
I2,299,2.99,0.05951784905225419,0.006752210047832631,8.814573099863596,0.05994768180605473,-1.0363188811739033,-1.3933607524459743,-0.7811785390295953
I2,316,3.16,0.05247413914206917,0.006529049129442352,8.037026234867833,0.05185338379683474,-1.1060525492086182,-1.6042815632336074,-0.7965838617090626
I2,335,3.35,0.0447631621015379,0.00650389917455875,6.882511690316111,0.04323959719491474,-0.7947195677803609,-1.2297282649808536,-0.5262105687024252
I2,355,3.5500000000000003,0.034002516727398194,0.0066018848484583,5.150425599340559,0.032043786540853915,-0.8523597669822534,-1.387393696480867,-0.5352260062772192
I2,376,3.7600000000000002,0.03227658950908544,0.006433945138924679,5.016609376075579,0.030652340368502753,-0.9037825147555605,-1.650519352507414,-0.4731790953301962
I2,398,3.98,0.02608565252616987,0.006075152149594085,4.293827032449352,0.025098567203172946,-0.8627043604365314,-1.9746986836443234,-0.3536236041269439
I2,422,4.22,0.0203910226702904,0.0059228965386941956,3.4427450381880136,0.02034051411828757,-0.7278858961192313,-1.6211625442322772,-0.2771647410488376
I2,447,4.47,0.015375057163996295,0.005963664768924203,2.57812230561877,0.01531037079188586,-1.445736597648026,-3.9799782180460195,-0.43944091291588117
I2,473,4.73,0.01593141371145007,0.005598959612009258,2.8454239386329276,0.01532400578047529,-1.2907738943316196,-3.7615202257011418,-0.2610461621792187
I2,501,5.01,0.005884235089467164,0.006173425004241795,0.9531556770227343,0.00456082106855553,-2.070544765849377,-3.7113614445838032,-0.07778040113222633
I2,531,5.3100000000000005,0.004993570545114478,0.005867895173796198,0.8509985944217062,0.0049679984407886,-2.4218521996314286,-3.505092594698428,-0.18464491330601393
I2,562,5.62,0.001421368373536249,0.005966012867662772,0.2382442688383071,0.002924854652271183,nan,-3.210528660885663,-0.09962660651614114
I2,596,5.96,0.0008101099171504654,0.005974236746800905,0.1356005715013327,-0.0009911153751786417,nan,-3.12546360356615,0.026304939529737704
I2,631,6.3100000000000005,-0.008656369872190327,0.005866065071262818,-1.4756689138340613,-0.010048957885498337,nan,-2.4310674365347533,0.6784790063459225
I2,668,6.68,-0.008591696797419232,0.00563353805645306,-1.5250978534843986,-0.010249909531971935,nan,-2.42775984257143,0.11820182090932739
I2,708,7.08,-0.009707598409575897,0.005986083186812035,-1.6216945382521157,-0.012173043903220283,nan,-2.5430863522291602,1.8111719414930976
I2,750,7.5,-0.007585265578950041,0.005183439567014718,-1.4633652965146073,-0.011711936086034182,nan,-1.0619571570608064,2.3318501004505396
I2,794,7.94,-0.005932674760966017,0.005189581419068506,-1.143189456314743,-0.011431839725232833,nan,-0.5098755411047426,2.00684658458814
I2,841,8.41,0.0036853501592045076,0.00543121563625228,0.678549777071183,-0.0013842846173050805,nan,-0.9829732508474809,2.063040449330159
I2,891,8.91,0.0026297959922715187,0.005813543609531808,0.45235680144546275,-0.0013761582785218975,nan,-0.12755722381997672,2.3653147181580287
I2,944,9.44,0.002979223222199749,0.0061741754342173214,0.4825297327459913,-0.00044051090477450637,nan,nan,nan
I2,1000,10.0,0.008909857989334954,0.006013349442011278,1.4816797319456767,0.00940979423358888,nan,nan,nan
I1_plus_I3,0,0.0,3.0014001927748226,0.013161479988641402,228.0442773430561,2.996946707833134,nan,nan,nan
I1_plus_I3,1,0.01,2.934459847574871,0.013006200061919944,225.6200760871345,2.9300493644012766,nan,nan,nan
I1_plus_I3,2,0.02,2.8528408208829266,0.01273057688834997,224.09360124863028,2.848525347961992,-3.091689331154168,-3.107972337185289,-3.0735308225733595
I1_plus_I3,3,0.03,2.758134865436199,0.012355643506919249,223.2287508045715,2.7539499000103196,-3.6349217599092154,-3.656875003581344,-3.6098819114739342
I1_plus_I3,4,0.04,2.652257959691727,0.01190358881293297,222.81162440776777,2.648273951715861,-4.158098742440808,-4.186705880696468,-4.126120467549225
I1_plus_I3,5,0.05,2.5373659810961993,0.011408738804153511,222.40547571940516,2.533622752788622,-4.654844778039854,-4.689330974303209,-4.615898830015975
I1_plus_I3,6,0.06,2.4157053802733057,0.010890881815907059,221.80989759203544,2.4122386887495666,-5.119617257111791,-5.160178762559992,-5.073883138130065
I1_plus_I3,7,0.07,2.2895628102307257,0.010380483648383032,220.56417482892243,2.2863684246519425,-5.547597600981963,-5.593935698389063,-5.496783003361517
I1_plus_I3,8,0.08,2.1611200893560376,0.009887374685594578,218.57370212789488,2.1581997659509105,-5.9328186150914055,-5.984989042070661,-5.876787651384567
I1_plus_I3,9,0.09,2.0324106962746913,0.009437681402320142,215.35063641532201,2.029759006574433,-6.268914286925912,-6.327267603684762,-6.20701615814918
I1_plus_I3,10,0.1,1.9053745106654696,0.009048387694949506,210.57613520793137,1.9030511254970226,-6.551857051405875,-6.616669516578907,-6.483283897656898
I1_plus_I3,11,0.11,1.781764767027275,0.008733131904265645,204.02357213418279,1.7797660222149192,-6.7718261060886435,-6.843294731290309,-6.698163627554609
I1_plus_I3,12,0.12,1.6628822054180181,0.008485888244602733,195.9585322698138,1.6611771093654844,-6.926833033812442,-7.003766670726263,-6.847636921354264
I1_plus_I3,13,0.13,1.5501467120057013,0.008308220494456562,186.57987147067115,1.548704473753901,-7.008543198268304,-7.094598651559313,-6.925353246381545
I1_plus_I3,14,0.14,1.4442718166444102,0.008188878973400643,176.36990622718156,1.4430621190879624,-7.012434089906093,-7.102604517441399,-6.922487970491363
I1_plus_I3,15,0.15,1.3461687399495572,0.008125756960746936,165.66687220064412,1.3452362357554122,-6.937198538889515,-7.034158790198307,-6.839539002114028
I1_plus_I3,16,0.16,1.2561544139406595,0.008105890046405136,154.96810427347813,1.2554923379025829,-6.777452450202322,-6.882548410875317,-6.6721476253904894
I1_plus_I3,17,0.17,1.1745224480646324,0.008110428591401882,144.8163231854085,1.174120863395091,-6.535251926994008,-6.643569431152704,-6.423411261629597
I1_plus_I3,18,0.18,1.1013174703165403,0.008138391300954876,135.32373040201728,1.1011795770061672,-6.209431281567101,-6.32269502453685,-6.0951192204587565
I1_plus_I3,19,0.19,1.036502961694975,0.00817162601220797,126.84170324810451,1.0366210711174642,-5.8054741804456675,-5.923438223132806,-5.691383491411439
I1_plus_I3,20,0.2,0.9798828554301863,0.008206929037481561,119.39701817269281,0.9801699825381625,-5.336347514582161,-5.453298200585567,-5.225401442979472
I1_plus_I3,21,0.21,0.9311291128543602,0.008250280120082377,112.86030283842813,0.9315328691982636,-4.534518730051492,-4.6448766160240815,-4.429630083477398
I1_plus_I3,22,0.22,0.889632576257304,0.008282656125150977,107.40909230263227,0.89011945185422,-3.9784392128457178,-4.0885754239214105,-3.8780054022081885
I1_plus_I3,24,0.24,0.8262371614993567,0.008338191040667327,99.09069694728784,0.8269285228851749,-3.1424563094414433,-3.242226605015757,-3.0515732892873317
I1_plus_I3,25,0.25,0.8031255626041307,0.008349624601548008,96.18702647484685,0.8039034509349863,-2.599834877541327,-2.6931695926131267,-2.5123529359574794
I1_plus_I3,27,0.27,0.7711250643667287,0.008294815663465955,92.96470176704533,0.7719869097817146,-1.6102410243304832,-1.6941932690361408,-1.5253876827990325
I1_plus_I3,28,0.28,0.7611408675201138,0.00824237998878582,92.34479222696417,0.7620400953939617,-1.0201348855662395,-1.106455291915626,-0.9362441432583782
I1_plus_I3,30,0.3,0.7501456527254672,0.008092123505511048,92.70071721156864,0.7510901453560289,-0.49535082226007854,-0.5900231499878726,-0.4029543066584466
I1_plus_I3,32,0.32,0.7477746231417316,0.007904877108599379,94.59661584469914,0.7487349236606757,-0.16914702534812165,-0.26117248146661565,-0.07633951849981693
I1_plus_I3,33,0.33,0.7485436521504111,0.007806405366308336,95.88839126661941,0.7494765558885467,0.14266076330222419,0.05572611049409463,0.23276021497035557
I1_plus_I3,35,0.35000000000000003,0.7521818807410052,0.007635490845922676,98.51126743772703,0.7530758942552207,0.2233726430861282,0.14505756426573538,0.31091847289482594
I1_plus_I3,38,0.38,0.7587560017360074,0.007469978812064922,101.57405005092176,0.7594433582383951,0.1846080437971015,0.11327680378367287,0.26573148151730297
I1_plus_I3,40,0.4,0.7612573225258003,0.007434526708820023,102.39486013584096,0.7617619488566225,0.04184727856757443,-0.026272382893177203,0.11382799972953951
I1_plus_I3,42,0.42,0.7610843902531214,0.007419135042559627,102.58397857529017,0.7614344654214138,-0.16445077459561533,-0.23303981949611818,-0.09844890964482102
I1_plus_I3,45,0.45,0.7553361524920037,0.007410886698473128,101.92250714717125,0.7555040367200397,-0.4197503843157975,-0.4863897665031009,-0.35285833876761585
I1_plus_I3,47,0.47000000000000003,0.7476086775021664,0.007392751073526768,101.1272623772403,0.7477106903460239,-0.6718697141701745,-0.7416606470293062,-0.6054960814477238
I1_plus_I3,50,0.5,0.7299648626499633,0.007336183753018955,99.50198730362654,0.7300328718382059,-0.961260794221127,-1.034899576630773,-0.8930468127853944
I1_plus_I3,53,0.53,0.706864206227004,0.007198120865027458,98.20121382809089,0.7068704623276444,-1.2060787513193278,-1.2767959775806363,-1.1370147921834872
I1_plus_I3,56,0.56,0.6795455037616711,0.0070137587226388525,96.8874936584644,0.6795214781159825,-1.4050861088462985,-1.4729354600381517,-1.3336914852471593
I1_plus_I3,60,0.6,0.639118219934723,0.006762198537810164,94.51337702688802,0.6386747357950107,-1.5567079669636028,-1.6294491081472449,-1.4813905410563908
I1_plus_I3,63,0.63,0.6080974845093668,0.006550702461982676,92.82935502543285,0.6074922847280467,-1.6273939135684532,-1.7067561749594515,-1.5493166740374702
I1_plus_I3,67,0.67,0.5684421003611724,0.006355281078595967,89.44405343071855,0.5679122754388742,-1.6358788582927457,-1.7270737816930413,-1.5487070914260836
I1_plus_I3,71,0.71,0.5323574226556197,0.00624851597170285,85.19741728539445,0.5324475588662371,-1.5717979583794468,-1.6648478732352427,-1.4804941729385348
I1_plus_I3,75,0.75,0.5000497613871234,0.0063006075228010695,79.3653246258411,0.5012289184711689,-1.444253223345564,-1.5434215105719746,-1.3470045646257525
I1_plus_I3,79,0.79,0.4728827784717883,0.0064617060154790835,73.18234183650459,0.4751404523503726,-1.3018782965955966,-1.3958960613478668,-1.206414268450776
I1_plus_I3,84,0.84,0.44468955687147654,0.006516596277540124,68.23954376368661,0.44782079670878444,-1.1735848579204835,-1.2626104169913703,-1.0821748197428693
I1_plus_I3,89,0.89,0.42114492631095374,0.00644538772309711,65.34051082788655,0.42421436397699475,-1.092844483314057,-1.1792023845265922,-1.004032375093053
I1_plus_I3,94,0.9400000000000001,0.40010479217695427,0.006341273893022494,63.09533367060558,0.4014195280526836,-1.0685408195695347,-1.1494210480140676,-0.9808523589891855
I1_plus_I3,100,1.0,0.3759101645000978,0.0061526415886835615,61.097361041069306,0.37518150278260176,-1.0933699661171015,-1.1648895142773386,-1.0154826034225242
I1_plus_I3,106,1.06,0.351530835687751,0.005754375156719679,61.08931484546162,0.34977073803180353,-1.1143136677530867,-1.2056186602721763,-1.0227314779769983
I1_plus_I3,112,1.12,0.32750454251578026,0.005280286799489383,62.02400645121223,0.3257518825422118,-1.102687388871892,-1.2187921626625182,-0.9873269111421534
I1_plus_I3,119,1.19,0.3028228788389332,0.0054775141231176,55.284728077812346,0.30138705281570605,-1.0650486940804311,-1.1926009722660842,-0.941279713325626
I1_plus_I3,126,1.26,0.28220999855577084,0.0061997490622537725,45.51958405445205,0.2807156419729266,-1.0178743129029542,-1.1501253570404932,-0.8956856220300431
I1_plus_I3,133,1.33,0.263679482996972,0.0067533088686853445,39.04448739485864,0.261885300437905,-1.017023011684097,-1.1543486354119512,-0.8891349021606839
I1_plus_I3,141,1.41,0.24379272449908293,0.006875920026960747,35.4560151286173,0.2416387046142888,-1.051821472210576,-1.1984569851130997,-0.9165003860291445
I1_plus_I3,150,1.5,0.22093553070186814,0.0064348442530665715,34.33424679961441,0.21978775431045042,-1.1176032278733294,-1.2658314055170947,-0.9731240653640753
I1_plus_I3,158,1.58,0.20155627008903446,0.005942314763551699,33.91881415055924,0.20243506982510856,-1.1174929598539942,-1.2743832720515273,-0.9630130116347717
I1_plus_I3,168,1.68,0.17831883506857363,0.0061619877852161975,28.93852459370255,0.18049941446089626,-1.0467203047580207,-1.2170147223627692,-0.8757940160152324
I1_plus_I3,178,1.78,0.16123226729553677,0.006959889485263641,23.165923487279237,0.16233432375421508,-1.0592179536824793,-1.2265366796615562,-0.8961443380920362
I1_plus_I3,188,1.8800000000000001,0.1484305581326444,0.007161610058178845,20.725864285661682,0.14758920403997686,-1.169234388106106,-1.3527001452623932,-1.0029677023360615
I1_plus_I3,200,2.0,0.1291787440246257,0.006593861810894013,19.590756938703773,0.12739275046858758,-1.2222705625387815,-1.4415411251718948,-1.0408938793459428
I1_plus_I3,211,2.11,0.1078565786754576,0.006296935892179969,17.128422541096917,0.1069650960626813,-1.0786884736867717,-1.3069090469524658,-0.8630536559695214
I1_plus_I3,224,2.24,0.09189085559984483,0.006632709130058197,13.854196497689408,0.09266030886349076,-1.0270664103703604,-1.2934011820008828,-0.7901165768509114
I1_plus_I3,237,2.37,0.08749309489506234,0.006530717296642681,13.397164648367323,0.08957954984124096,-0.8624880953477825,-1.143385632674183,-0.6219550170340798
I1_plus_I3,251,2.5100000000000002,0.07650783765503182,0.006458724282619328,11.845657796682437,0.07513099455224884,-0.8884733786398736,-1.2190858145874992,-0.6208138758481829
I1_plus_I3,266,2.66,0.06711676856902762,0.006308124181827713,10.639734829947695,0.06540670634572743,-1.1551568523598723,-1.5843881162165405,-0.8460970018547365
I1_plus_I3,282,2.82,0.054887572731566116,0.006631920994621726,8.276270597324391,0.05709027784449826,-1.0895782627452573,-1.5363086321316186,-0.7753991838299675
I1_plus_I3,299,2.99,0.04274971917269622,0.006898270596218633,6.197164720695354,0.045907550005302666,-1.0922395616423182,-1.70078474452978,-0.67416396083997
I1_plus_I3,316,3.16,0.03768142689698376,0.006403121514008029,5.884852694822139,0.037823542112170774,-1.232755087971477,-2.130864320881887,-0.7077826308246227
I1_plus_I3,335,3.35,0.03158835750700408,0.006092214211792327,5.185037230939849,0.031973134590443986,-1.0528262454912474,-2.312665583227185,-0.39465183763926215
I1_plus_I3,355,3.5500000000000003,0.022317603167322217,0.0060286970763970375,3.7018949342633096,0.02197169830668328,-1.2525823774717277,-3.0228892425006118,-0.5795500636956972
I1_plus_I3,376,3.7600000000000002,0.019004701905719665,0.0069249651872961004,2.7443750822869015,0.01803368806434331,-1.8562894513339654,-4.535423490794807,-0.7627097264215801
I1_plus_I3,398,3.98,0.013491363881779139,0.00639391097219554,2.1100331143876523,0.011079333258488637,-4.394531181214895,-4.832179061701135,-0.7974961423454302
I1_plus_I3,422,4.22,0.006282806632973408,0.005836664079628988,1.0764379356525824,0.0023020152291306295,nan,-5.008066240457065,-0.6124372588367425
I1_plus_I3,447,4.47,0.00039156923256172403,0.006105947292892802,0.06412915372156956,-0.00031487587818478384,nan,-5.0129946945836865,-0.3548034686139865
I1_plus_I3,473,4.73,-0.0017413269629007546,0.0058263698984469215,-0.2988699641890096,0.0003575022485085038,nan,-4.578111399081575,0.4881829578387947
I1_plus_I3,501,5.01,-0.0071539726594222,0.006497460679053837,-1.1010413164153177,-0.008338478288335689,1.1813521043656723,-1.9212253804743094,2.7186711733779285
I1_plus_I3,531,5.3100000000000005,-0.004939850900187509,0.006283519467199626,-0.7861598783888308,-0.005482507468752786,nan,-1.705119133728273,2.842620064116217
I1_plus_I3,562,5.62,0.0015234263567490266,0.006387756269651383,0.23849162247891603,0.003787426216256173,nan,-1.8689054341041667,2.8334149187973607
I1_plus_I3,596,5.96,0.002434385138531084,0.0064773778718951475,0.3758287978062384,0.001984313351367707,nan,-2.2503827820215925,2.964608854852357
I1_plus_I3,631,6.3100000000000005,-0.0024654897233778988,0.006439323541231871,-0.3828802369675992,-0.003113064463641443,-0.42272647248025863,-2.051976511850987,1.87316626995924
I1_plus_I3,668,6.68,0.0014096641152546291,0.006357642588880044,0.22172748712238544,0.0035400623320612505,nan,-2.1812873951666343,1.6309438824641795
I1_plus_I3,708,7.08,0.0008218325051213778,0.006323942046017588,0.12995573000845492,-0.0013567963730925377,nan,-2.0161814492599612,1.390301247419036
I1_plus_I3,750,7.5,-0.001042901602716566,0.006375877568581266,-0.16356989159511548,-0.004619787250028765,-0.3212325955670865,-1.7711592889371668,1.584758000827087
I1_plus_I3,794,7.94,-0.0069586938697637525,0.006155145150977458,-1.1305491095784619,-0.010777702329017345,nan,-1.922835188845601,1.5074541143383025
I1_plus_I3,841,8.41,0.0008086565969660574,0.005589490275092417,0.14467447963359897,-0.003001485688162557,nan,-1.0944973761236167,1.7021612769905219
I1_plus_I3,891,8.91,-0.0005466006505261253,0.005117141375031537,-0.10681757850060507,-0.0012439861981164758,nan,-0.40290249061797945,2.103137187447369
I1_plus_I3,944,9.44,0.0032413015660055743,0.006378512527039546,0.5081594732729885,0.0014770006953909011,nan,nan,nan
I1_plus_I3,1000,10.0,0.007877511416361851,0.00608212647907992,1.295190332436745,0.004988355467547595,nan,nan,nan
I1_minus_I3,0,0.0,4.918246170560778,0.027603629758873746,178.17389283667333,4.9046536628305315,nan,nan,nan
I1_minus_I3,1,0.01,4.8509652389915825,0.027424973716722,176.88130858750006,4.837426072762496,nan,nan,nan
I1_minus_I3,2,0.02,4.768096454650249,0.027109996921496463,175.87963836578155,4.754679992072553,-1.8902426161480579,-1.89979014717101,-1.8809021650823252
I1_minus_I3,3,0.03,4.6706896305681616,0.026663594737449507,175.17104038519204,4.657429425471506,-2.226646155302625,-2.237964495114019,-2.215562130278002
I1_minus_I3,4,0.04,4.560089693270704,0.026105146069848737,174.6816386726744,4.547019913403551,-2.556400828283079,-2.5700585123342403,-2.542323612089737
I1_minus_I3,5,0.05,4.437591868219296,0.02544245169816131,174.41683375741633,4.42479094935589,-2.8790471594546223,-2.8956317526327537,-2.861658115895281
I1_minus_I3,6,0.06,4.30462973482392,0.024700972852049766,174.26964357262992,4.292129174007786,-3.195019905941765,-3.2154083858820113,-3.1741629586935036
I1_minus_I3,7,0.07,4.1626206792513845,0.02389140644704622,174.23087621390428,4.150381430194515,-3.5054128078256093,-3.5295996364969784,-3.480999986990446
I1_minus_I3,8,0.08,4.013009652830882,0.023023602452922655,174.29981520209336,4.001060967702012,-3.8106917159262337,-3.839037472838081,-3.782698617266943
I1_minus_I3,9,0.09,3.8570218528420197,0.022119860790637637,174.3691738997981,3.845379224458333,-4.112617197922914,-4.144698985820345,-4.079669087660155
I1_minus_I3,10,0.1,3.696045474360621,0.021197513044499853,174.36222195507216,3.6847427317668053,-4.413333180174335,-4.449859602773186,-4.375975834699554
I1_minus_I3,11,0.11,3.5312084835818696,0.02027702767512228,174.14823021197927,3.52026293168144,-4.712690979683947,-4.754312906553923,-4.670133608753004
I1_minus_I3,12,0.12,3.3635876908896747,0.01937274975222733,173.6246910691114,3.3530134807982197,-5.014239883394676,-5.0610230906792975,-4.966931366113586
I1_minus_I3,13,0.13,3.194363037866662,0.018493841915727817,172.7257674431651,3.1840937652012693,-5.318200356360837,-5.371175976464421,-5.264162083254043
I1_minus_I3,14,0.14,3.024342952293958,0.01766077351980746,171.24634710376662,3.0143875968531213,-5.625127854516345,-5.684321120067797,-5.563918734183915
I1_minus_I3,15,0.15,2.8545440975275795,0.016869872365994156,169.20958473175494,2.844871819983409,-5.939493022038027,-6.005762969059342,-5.870958104924328
I1_minus_I3,16,0.16,2.6858655883578524,0.016145287864882302,166.35600497405142,2.676461507087594,-6.262637138456273,-6.337326173521813,-6.185306022014022
I1_minus_I3,17,0.17,2.518863946267858,0.015487901212058869,162.6342983326025,2.5097178664125264,-6.597345969129746,-6.681772894797243,-6.5104728768925755
I1_minus_I3,18,0.18,2.3541703596373,0.014900236054970609,157.9955076518379,2.3452903715101705,-6.947440666248441,-7.042649611935563,-6.849281977562779
I1_minus_I3,19,0.19,2.1924470752189444,0.014391337952953423,152.34490930490625,2.183835595306907,-7.316526483033054,-7.425151338029971,-7.204943792626402
I1_minus_I3,20,0.2,2.034205710872288,0.013969501105966283,145.61763483475386,2.0258999209610673,-7.707102098718778,-7.830841376352667,-7.580657021851918
I1_minus_I3,21,0.21,1.8797652942821406,0.013649478273015662,137.71700695684046,1.8717961753539643,-8.358371600698952,-8.513738235279023,-8.204699401229904
I1_minus_I3,22,0.22,1.7296244301622463,0.013417066925400421,128.91226076303016,1.7220013093901025,-8.83102206193951,-9.009302548142129,-8.654108498192054
I1_minus_I3,24,0.24,1.4435418704886442,0.013214555874214997,109.23877307941665,1.436585653229412,-9.653174436955242,-9.87851768804487,-9.426428630807592
I1_minus_I3,25,0.25,1.3080720368169305,0.01321366027215788,98.99392067564588,1.3014460222308373,-10.265170773241557,-10.529228578023044,-10.00250444191997
I1_minus_I3,27,0.27,1.0533298788620646,0.01337013194635408,78.78230993444299,1.0474127626868377,-11.753346389475187,-12.127523043906391,-11.386449544371764
I1_minus_I3,28,0.28,0.9342549111521572,0.013495020850851483,69.22960116013525,0.9287612311223754,-13.316948416181761,-13.83410473100257,-12.812006518016872
I1_minus_I3,30,0.3,0.7131232178489717,0.013785490312439946,51.729985781169745,0.7084009220829943,-15.147245704701263,-15.856281909738126,-14.457317281622078
I1_minus_I3,32,0.32,0.5149775025738683,0.014107974710979633,36.502581917238864,0.5109825069533054,-18.265158699645497,-19.458711973253777,-17.14990540485778
I1_minus_I3,33,0.33,0.424485138647872,0.01424953297703089,29.78940708668194,0.42085302610310205,-32.23878096548772,-40.60689189384047,-27.288851623687453
I1_minus_I3,35,0.35000000000000003,0.2601317455055318,0.014488048518037457,17.954919545007787,0.25725431946653865,nan,nan,nan
I1_minus_I3,38,0.38,0.0540847220697715,0.01462261374523637,3.6987041449679787,0.05219242531122549,nan,nan,nan
I1_minus_I3,40,0.4,-0.05818802850681782,0.014580232665443643,-3.990884771319751,-0.05953180348440085,nan,nan,nan
I1_minus_I3,42,0.42,-0.1518575442873008,0.01442015721781608,-10.530921542220154,-0.15270747443526092,nan,nan,nan
I1_minus_I3,45,0.45,-0.260752232891787,0.013937385900959557,-18.70883354631336,-0.2607771921340949,nan,nan,nan
I1_minus_I3,47,0.47000000000000003,-0.31421952436213313,0.013513342318430455,-23.252539376108178,-0.3136915968667051,nan,nan,nan
I1_minus_I3,50,0.5,-0.36937917165890977,0.012760528919862719,-28.947011050924655,-0.3681577440527775,nan,nan,nan
I1_minus_I3,53,0.53,-0.39977979614720266,0.011967473956215755,-33.405528820019875,-0.39826408791609624,nan,nan,nan
I1_minus_I3,56,0.56,-0.4102602281515146,0.011207923914426663,-36.604480123516375,-0.4087035082287432,nan,nan,nan
I1_minus_I3,60,0.6,-0.4003340706585741,0.010345552246761645,-38.69624947125334,-0.39904288330463494,nan,nan,nan
I1_minus_I3,63,0.63,-0.3800125254879549,0.009894568144358268,-38.406175989058426,-0.3791312137386447,nan,nan,nan
I1_minus_I3,67,0.67,-0.34165703447721524,0.009741623337297948,-35.07187895154046,-0.3417413490285615,nan,nan,nan
I1_minus_I3,71,0.71,-0.29537605523664817,0.00989939345791875,-29.837793243824464,-0.29661375731740725,nan,nan,nan
I1_minus_I3,75,0.75,-0.24571285252121655,0.010130648261810848,-24.254405658073406,-0.24827027974996022,nan,nan,nan
I1_minus_I3,79,0.79,-0.1965748095380106,0.010398281296496255,-18.904548158766133,-0.20096245880953334,nan,nan,nan
I1_minus_I3,84,0.84,-0.1396707386244363,0.010652704956951323,-13.1112932526396,-0.14669406843648528,nan,nan,nan
I1_minus_I3,89,0.89,-0.08947662978319852,0.010769896983414103,-8.308030236593224,-0.0995824818982189,nan,nan,nan
I1_minus_I3,94,0.9400000000000001,-0.0489054176937763,0.010759073699073142,-4.545504479441323,-0.061840914615153654,nan,nan,nan
I1_minus_I3,100,1.0,-0.013391856521086388,0.010697208986718849,-1.2519019248584455,-0.028543190278728297,nan,nan,nan
I1_minus_I3,106,1.06,0.00946360954090872,0.010711360566731732,0.8835114346072538,-0.006229252879321746,nan,nan,nan
I1_minus_I3,112,1.12,0.021516462127568258,0.010819614303521673,1.9886533404952218,0.00614518393147008,nan,1.1171611367514047,18.206619327545944
I1_minus_I3,119,1.19,0.024728722766992752,0.010976696883459144,2.25283826542178,0.011737612355749064,2.0847340872733136,-5.23225930745145,10.115416726832276
I1_minus_I3,126,1.26,0.0210214238219504,0.010900060369140855,1.9285603115982848,0.012634354070998981,-1.3902348658803245,-8.825671302077078,4.06701295808603
I1_minus_I3,133,1.33,0.016615434824921588,0.010331753303300387,1.6081912079350495,0.014063767435184947,-1.4501593463355442,-7.393319773077481,3.7899878235358018
I1_minus_I3,141,1.41,0.014377294788400784,0.009344644798109892,1.538559795371658,0.017690460699834716,-1.0374625515347762,-7.689759543781443,5.389500349128964
I1_minus_I3,150,1.5,0.01577483637149357,0.00917827380816203,1.718714945882892,0.022621551304100998,-0.5552061194766217,-7.1952329515106594,5.873574606701123
I1_minus_I3,158,1.58,0.015082785844214812,0.010084966869604046,1.4955711842419757,0.022956715677123964,-0.22809540441648754,-6.995536044225666,6.188704536300816
I1_minus_I3,168,1.68,0.013681026285789539,0.011278652846146658,1.2130018072560544,0.01839916183703633,-0.5917880375673936,-7.154222637367631,4.481915736911492
I1_minus_I3,178,1.78,0.013213709799365335,0.011939873150914423,1.106687619906025,0.01314552099568502,-0.7736340295309357,-6.922436772790441,4.2408699777086465
I1_minus_I3,188,1.8800000000000001,0.012597981232157756,0.011890035907501411,1.0595410585942557,0.007841241656530171,-0.8262657235985148,-6.4481364058222415,5.404401730643524
I1_minus_I3,200,2.0,0.010898528616321769,0.011054427628466045,0.9858971429924763,0.0035962255195799322,-1.492268870473217,-8.197419517756403,5.226072468890908
I1_minus_I3,211,2.11,0.009589949942525008,0.011226853570499098,0.8541974723643501,0.004544731870133776,-5.857365414190977,-7.708036085957789,5.188590109881622
I1_minus_I3,224,2.24,0.006651292730537217,0.011402414650393397,0.583323176228093,0.01029471000798269,-4.931249048241666,-7.062309297109228,4.360720009468747
I1_minus_I3,237,2.37,0.0007142141215298948,0.010805327998977855,0.06609832867613614,0.012665150013785174,0.35351306854626896,-4.35883634614641,5.394139205498627
I1_minus_I3,251,2.5100000000000002,0.0008813422726284117,0.010971422591626317,0.08033071967358871,0.016477144430440713,2.2249083558604696,-0.9976882729176979,6.76301454439986
I1_minus_I3,266,2.66,0.011648155680873417,0.00990784768263394,1.1756494502120594,0.027904828339980082,5.609727646096527,-0.9967965282784544,6.834667488157705
I1_minus_I3,282,2.82,0.024173526250004504,0.008673582048520596,2.787029178345946,0.04173948916225659,4.4893398619756715,-2.569642547144637,5.53669347316625
I1_minus_I3,299,2.99,0.02313759234605423,0.00916440351019778,2.5247243118777614,0.03593246345151703,-0.2033494267686982,-3.804678403134961,3.33410780657269
I1_minus_I3,316,3.16,0.016309727133421117,0.009087596039339431,1.794724046141322,0.021794020146391164,-2.3117274689156595,-5.313022833373995,0.6364079605853493
I1_minus_I3,335,3.35,0.010123270183819241,0.009074168403663783,1.115614096354204,0.003908965902443898,nan,-5.562793351269335,0.9233265325390484
I1_minus_I3,355,3.5500000000000003,0.004471379730033959,0.00914907717882878,0.4887246705471953,-0.00589947609800258,-2.74105830984897,-4.636330413376911,1.8386242161297572
I1_minus_I3,376,3.7600000000000002,-0.0008389559683505673,0.010660624616729113,-0.07869669916282779,-0.003817048600906121,nan,-4.175848724908503,3.280791300980778
I1_minus_I3,398,3.98,0.0017230463749174027,0.009916239026468482,0.17376006874362723,0.005269294538482437,0.6799029974872317,-2.8077292663035096,3.581855592202246
I1_minus_I3,422,4.22,-0.00010890900304066507,0.012517599769485152,-0.00870047014174064,-0.0025043221604430592,nan,-3.1465647021769247,3.1398322593657113
I1_minus_I3,447,4.47,0.008357904878962924,0.011912148627276273,0.7016286599904495,0.006416500058703017,-0.43126783422238113,-3.3592723728463136,3.126862836530321
I1_minus_I3,473,4.73,0.0030009562134288696,0.008441789923366753,0.3554881418124687,-0.0009017205011626916,nan,-3.540428698512683,2.5526759443347173
I1_minus_I3,501,5.01,0.001105047149345834,0.009498221528179068,0.11634253276441382,-0.002598626871272601,nan,-3.4126398753109792,1.5093952144177887
I1_minus_I3,531,5.3100000000000005,-0.005835198733763541,0.00890100826065815,-0.6555660395861805,-0.006563974482270962,nan,-2.267821499344287,2.774252041360659
I1_minus_I3,562,5.62,-0.009386483872444897,0.009921534391045324,-0.9460717972128044,-0.011382436504822803,nan,-2.593025033866822,2.7768178562523245
I1_minus_I3,596,5.96,-0.00041631876002697814,0.010658480289381333,-0.03905986113627679,0.0030260733879923993,nan,-2.224553200834921,1.039013581933126
I1_minus_I3,631,6.3100000000000005,-0.003693927922640421,0.009493533816803118,-0.38909935898709697,-0.0018917040149963255,nan,-1.3419816108918665,2.647546204158416
I1_minus_I3,668,6.68,-0.01691910147868472,0.008955263217394316,-1.8892913662014745,-0.015978137647794148,nan,-2.8770078994961654,1.5523078369211505
I1_minus_I3,708,7.08,0.006346053002478826,0.010480664506202164,0.6055010155819233,0.005801881889103119,nan,-2.54336236235098,1.6745415514755357
I1_minus_I3,750,7.5,-0.01475596548172136,0.010810394939693522,-1.3649793151904677,-0.019526458874167197,nan,0.3542668715459569,2.541707681919126
I1_minus_I3,794,7.94,-0.01174015757285891,0.009645958171483221,-1.2171064153654392,-0.005368119157500554,0.08691385240340796,-1.5324120521416438,1.5275748146110384
I1_minus_I3,841,8.41,0.02168581293263456,0.007551952103066904,2.871550645008433,0.016543615261630312,nan,-1.4628386620979388,1.2155524601727696
I1_minus_I3,891,8.91,0.007440108225166814,0.009646933076002605,0.7712407836304559,-0.0009261918884796937,nan,-0.3991802937640591,2.4917674308207487
I1_minus_I3,944,9.44,-0.0069560438268440866,0.008688328998977576,-0.8006192937287088,-0.013344591937600615,nan,nan,nan
I1_minus_I3,1000,10.0,0.010948561394956254,0.008548727327495278,1.2807241330229808,0.008840156932670776,nan,nan,nan
cos_even_sum,0,0.0,0.9964313591874714,0.002274183562564747,438.14904636094104,0.9962060823362661,nan,nan,nan
cos_even_sum,1,0.01,0.9347442071150224,0.002253981694097394,414.7079852346983,0.9346594580392096,nan,nan,nan
cos_even_sum,2,0.02,0.8859012171340526,0.002218214215687029,399.3758631916754,0.8859318692154246,-5.621734394478495,-5.653417035245362,-5.590085475850061
cos_even_sum,3,0.03,0.8400176011904021,0.0021891116407443665,383.72533659579364,0.8400809324403663,-5.400393426020726,-5.43139933929302,-5.369249173081926
cos_even_sum,4,0.04,0.7957705413098921,0.0021700791006328867,366.7011682098647,0.7957805858628235,-5.446917407866891,-5.4790932401339285,-5.413749295455024
cos_even_sum,5,0.05,0.7531445535344595,0.002156992300494909,349.1642289875838,0.7531487758445635,-5.508638957378639,-5.544707551278206,-5.471853519140327
cos_even_sum,6,0.06,0.7124635514665643,0.002154350501441248,330.7092095691626,0.7124450686546118,-5.536466932020368,-5.574929965516686,-5.497148180281752
cos_even_sum,7,0.07,0.6738970046347849,0.0021569979382079964,312.423573846644,0.6738896351120653,-5.5194806754194925,-5.560055862877496,-5.479663656371455
cos_even_sum,8,0.08,0.6376899556664211,0.0021495168882451144,296.6666413061016,0.6376588850499322,-5.457377715884303,-5.498944413606366,-5.416329229473331
cos_even_sum,9,0.09,0.6039418705695507,0.0021520609622392123,280.6341833091713,0.6038352464163638,-5.348790816614527,-5.393483000001349,-5.306542348481914
cos_even_sum,10,0.1,0.572741022230679,0.0021501561402864967,266.37182830562455,0.5725679340118214,-5.198211574564233,-5.244035767355898,-5.152667031442271
cos_even_sum,11,0.11,0.5440959741995817,0.002152614781282187,252.76049339189962,0.5438572702743748,-5.009999214633986,-5.057794362524308,-4.962832065400283
cos_even_sum,12,0.12,0.5179733221740244,0.002156967350151263,240.13962109241018,0.517732887738149,-4.792070589265475,-4.841651414956177,-4.744555172704845
cos_even_sum,13,0.13,0.49426805127297235,0.0021525316473949567,229.6217348865216,0.4939976117074481,-4.548276739975838,-4.597939902133719,-4.5018431702213375
cos_even_sum,14,0.14,0.4728370484992498,0.0021533873663849676,219.57825883089131,0.47259003288444335,-4.287359682303964,-4.336040782256066,-4.241760964733677
cos_even_sum,15,0.15,0.45359039849804966,0.0021523247620067886,210.7444036815012,0.45336031878346567,-4.015759646545743,-4.064831456406334,-3.970979225700693
cos_even_sum,16,0.16,0.4363433144872903,0.0021489681471520295,203.04782789152299,0.4360982778023995,-3.7385400145722967,-3.7876662009761297,-3.692939220770873
cos_even_sum,17,0.17,0.42092202303253706,0.002137518228553483,196.9209045376827,0.4206937218714981,-3.474519690865437,-3.525292570130199,-3.4258380450517563
cos_even_sum,18,0.18,0.40716121888612977,0.0021274616610562178,191.38357524336632,0.4069818801944638,-3.223779652287517,-3.2806065239776787,-3.171723497433977
cos_even_sum,19,0.19,0.3947346619262537,0.0021223061365364,185.99327172019588,0.3945598037350002,-2.9855389488462047,-3.0470465901792725,-2.9280326523160243
cos_even_sum,20,0.2,0.3835531357449126,0.002121984111255592,180.75212425505,0.38338233369738794,-2.7665911541551758,-2.829167169272412,-2.707700262799718
cos_even_sum,21,0.21,0.3735403534579046,0.0021279388520931246,175.54092453853906,0.37339171206025445,-2.4818089610230114,-2.5410639367941505,-2.4245732039291905
cos_even_sum,22,0.22,0.36450693453051153,0.0021226211416428393,171.7249147195411,0.3643355449566425,-2.3202397851760552,-2.377491779005858,-2.2651609441900025
cos_even_sum,24,0.24,0.3486691049760312,0.002147009483300765,162.39756167261777,0.3484456973869396,-2.1383307745256275,-2.1932868995779007,-2.0864867056882255
cos_even_sum,25,0.25,0.34154046935727117,0.0021502520626014566,158.83741041227628,0.341328996514225,-2.039809533082011,-2.096044883409073,-1.9885582187707491
cos_even_sum,27,0.27,0.3285622092460524,0.002149963281347742,152.82224217340467,0.3284164651701819,-1.90599407488448,-1.964993583126184,-1.8542871010695379
cos_even_sum,28,0.28,0.3225173728405294,0.0021403510144515554,150.68433666389595,0.32233001176861803,-1.8480131504442021,-1.9083535046279192,-1.7940132582177628
cos_even_sum,30,0.3,0.3109909165998719,0.0021149119228387695,147.04674612758345,0.3108160963755349,-1.8041011689097664,-1.8675066139883676,-1.7455497542179972
cos_even_sum,32,0.32,0.3000968500825447,0.0020855414137363575,143.89397789272638,0.30002300288577455,-1.7919612978082404,-1.852452542019768,-1.7372103957533913
cos_even_sum,33,0.33,0.294853942486586,0.0020732991686646714,142.21485588907535,0.2948013015410243,-1.7850352471941329,-1.8396863097981833,-1.731643715961896
cos_even_sum,35,0.35000000000000003,0.2844961477950619,0.0020607238144189637,138.05641775206917,0.28454056094747926,-1.7897285104274514,-1.8450614496964977,-1.7377275981976188
cos_even_sum,38,0.38,0.2696057980434553,0.0020533656355225887,131.29945947246736,0.2697690118505713,-1.7906281340352899,-1.849143759994307,-1.7352396222781041
cos_even_sum,40,0.4,0.260063797347843,0.002054244316430391,126.59828009150799,0.26024979712140506,-1.7807341835954364,-1.8445352070391208,-1.717284106055534
cos_even_sum,42,0.42,0.25096753583254083,0.0020539521977782135,122.18762252793208,0.2512005537727958,-1.7605472239903863,-1.825036663526864,-1.6927938425217044
cos_even_sum,45,0.45,0.2380894146328737,0.002071863547095454,114.91558648572745,0.2383989138741646,-1.740323525076029,-1.8082092367575642,-1.6713986506206335
cos_even_sum,47,0.47000000000000003,0.23009945643595198,0.0020863365910762494,110.28875082771461,0.23043927569626424,-1.708714045283089,-1.7789430842666318,-1.6372597907519475
cos_even_sum,50,0.5,0.21852373219959215,0.002120425833727358,103.05653172290566,0.2188321985246973,-1.6635009394456475,-1.731199635179711,-1.590903979765835
cos_even_sum,53,0.53,0.20796401220214367,0.002173360233244641,95.68777831720568,0.208260296539755,-1.6058783394391183,-1.6698943591740314,-1.5381604916013525
cos_even_sum,56,0.56,0.19827623635621525,0.002207319402344523,89.82670842543878,0.19861841101512906,-1.5236818372017,-1.5845108837117174,-1.4606281192069603
cos_even_sum,60,0.6,0.18674563506924438,0.0021850108085295175,85.46668709383715,0.1868649101574863,-1.4509912167259005,-1.515456744195378,-1.3887011114490044
cos_even_sum,63,0.63,0.17925618503965257,0.0021265355616036886,84.29493880858016,0.17912113223595894,-1.4012987707811995,-1.4682184805648841,-1.3343376749481732
cos_even_sum,67,0.67,0.16973294262737942,0.002032034258386036,83.52858320518256,0.16954951795497417,-1.3693424199659308,-1.4412355689546967,-1.297936198180464
cos_even_sum,71,0.71,0.16068828590350817,0.002019451309318716,79.57026998473073,0.16072103337796848,-1.3821152325045782,-1.4592693038718176,-1.3054633852570148
cos_even_sum,75,0.75,0.152070782625604,0.002008384942141497,75.71794601459929,0.15225646912532598,-1.3969618351178243,-1.478775027628149,-1.317694698612415
cos_even_sum,79,0.79,0.14369277978828643,0.0020128399781446362,71.38807920574853,0.144025037458417,-1.3948287220394202,-1.4781671437312187,-1.3146828953195406
cos_even_sum,84,0.84,0.13385307780838515,0.001954115762582669,68.49802881251897,0.13436545410711875,-1.370369582301936,-1.4496522737821405,-1.2918566185766815
cos_even_sum,89,0.89,0.1250104340137217,0.0019165598755535934,65.22646936747162,0.1257545325608064,-1.3045464868540664,-1.3916640673776892,-1.220895011076147
cos_even_sum,94,0.9400000000000001,0.11721101612710738,0.0019300491164425226,60.72955093658517,0.11812829256383346,-1.2692493966971692,-1.3567264807997872,-1.1792012903805762
cos_even_sum,100,1.0,0.10925917198490807,0.0020268998367246635,53.90457387448592,0.11049229818784698,-1.248933625739938,-1.3487981814291,-1.1468704614995955
cos_even_sum,106,1.06,0.10124141344287343,0.002075794419398494,48.772369988454976,0.10279921961740696,-1.2494945113235159,-1.3596268743874005,-1.1418454249540368
cos_even_sum,112,1.12,0.09379790040393361,0.002102332051469271,44.61612062584521,0.0956049871698357,-1.2590043779486666,-1.3743917944342863,-1.1471794793504169
cos_even_sum,119,1.19,0.08576424881266867,0.0021565146167212244,39.769843500094176,0.08741544799839397,-1.2667726622629456,-1.384031367030609,-1.1527359338238605
cos_even_sum,126,1.26,0.0787581406959905,0.0021232474638482528,37.093246094473756,0.08014706403705733,-1.281962962846371,-1.41464046403679,-1.1588918535191288
cos_even_sum,133,1.33,0.0719145981416221,0.002097407748812724,34.28737124783232,0.07303029886728936,-1.2475783758760663,-1.398586977521216,-1.1086757524464792
cos_even_sum,141,1.41,0.06467490199874175,0.002043093929846054,31.65537377109968,0.06574961472711643,-1.2005379294500016,-1.3378619911173868,-1.0744955279868955
cos_even_sum,150,1.5,0.05825634086843378,0.0021015038352488807,27.721263169398163,0.05969037772476826,-1.1035605202126741,-1.258329620200484,-0.9687696432576041
cos_even_sum,158,1.58,0.05363541131803919,0.0019657957036529005,27.28432624935148,0.05498538665684926,-1.0679288748460702,-1.252858129195976,-0.9002267406329381
cos_even_sum,168,1.68,0.0488733909489285,0.002081346844887593,23.481617717381457,0.049543535229327126,-1.0155624160884642,-1.228086951741751,-0.8310042684395672
cos_even_sum,178,1.78,0.04356436628226526,0.0022632494215266688,19.24859269504597,0.043910036823139105,-1.0367131534595244,-1.2462403019846693,-0.8441433611321895
cos_even_sum,188,1.8800000000000001,0.039604360447861295,0.00231990630931494,17.071534436042082,0.039532487732068355,-1.1222915492022403,-1.3497335550182166,-0.9096798749807797
cos_even_sum,200,2.0,0.03470174536542752,0.002275561134566992,15.249753055758173,0.034773305963121656,-1.1927746416987384,-1.4415429113106375,-0.9599693734602989
cos_even_sum,211,2.11,0.030163956850585084,0.0021867492819471783,13.793971306909844,0.029912137000808674,-1.161535981918124,-1.4214638592214164,-0.9274745756848329
cos_even_sum,224,2.24,0.025167744485503855,0.0021280146176993215,11.826866355229116,0.0244774388460636,-1.380491580135058,-1.7342899845347337,-1.0878033619894025
cos_even_sum,237,2.37,0.022416260111924914,0.002087687491878161,10.737363805230455,0.022645635822346796,-1.2259222415304374,-1.6633882062970886,-0.8848247324859644
cos_even_sum,251,2.5100000000000002,0.01716271466028823,0.001971081335307227,8.707258474249175,0.018357632011970722,-1.2918743939030626,-1.8368468693695266,-0.883901167175339
cos_even_sum,266,2.66,0.015369584085025215,0.002005513168495897,7.6636665001567446,0.016224245817044056,-1.3583672520021677,-2.077456607576212,-0.9136616449717966
cos_even_sum,282,2.82,0.01189687838889519,0.0020865343933516496,5.70174085162572,0.013020353814969285,-0.8658197577715727,-1.4421051923265127,-0.4938460599440077
cos_even_sum,299,2.99,0.00965618745704793,0.0021347519182328863,4.523330029393378,0.010579289719951614,-0.9834397755932255,-1.7270938313201063,-0.5376436505665669
cos_even_sum,316,3.16,0.00977625450733406,0.0020385143396341606,4.795774215200538,0.010691851363252639,-0.9084687990829429,-2.013137581277497,-0.3547111682863131
cos_even_sum,335,3.35,0.007797608248334103,0.0019228515043160693,4.055231634284521,0.008173390074737158,-0.8704321689233354,-2.526075667513887,-0.06334537761161671
cos_even_sum,355,3.5500000000000003,0.006129381343597493,0.002011495807914661,3.047175797970908,0.005490653573939496,-0.8841559707662741,-2.380229477337199,-0.16835733043741
cos_even_sum,376,3.7600000000000002,0.004940003931580709,0.00217106552124782,2.2753822412238587,0.005091788376333567,-0.875639618106958,-3.417442328835925,-0.018661751301098074
cos_even_sum,398,3.98,0.004734842863661427,0.0019507146107081894,2.4272350438501533,0.005305130274580351,-1.0853666436106058,-3.6430146787320448,0.08576655781305235
cos_even_sum,422,4.22,0.0036400979262090514,0.002227237402662866,1.6343556020821943,0.004092970986819976,-0.5399081308361667,-2.516777741977817,0.6040620704669031
cos_even_sum,447,4.47,0.002258173972651679,0.0023372769916220042,0.9661559073854442,0.0029632236886282994,-0.6309439975793708,-2.6452659607173463,0.4547974334007227
cos_even_sum,473,4.73,0.002926055411816582,0.0020262347421969645,1.4440851056793047,0.0031264492403804056,-1.816586225738724,-3.2152919642573417,0.830596107115591
cos_even_sum,501,5.01,0.002472120346940583,0.0018397176837023589,1.3437498420766054,0.0025473475603317924,nan,-3.7544679028002244,1.325821402695058
cos_even_sum,531,5.3100000000000005,0.0005025458487268112,0.0018717144795610834,0.26849493029762644,0.0006130952220033156,-3.5980438307366542,-3.043157558277712,0.9231665978334604
cos_even_sum,562,5.62,-0.0006572095391279472,0.0017927724495492548,-0.36658837505740627,0.0012698735423454866,-0.6152857906998184,-2.3960194328831395,1.2797708622433268
cos_even_sum,596,5.96,3.5016402946922646e-05,0.0018800514020805542,0.0186252370058456,0.0017607285915290734,0.7460863907062825,-2.018307351339957,2.1109227609710013
cos_even_sum,631,6.3100000000000005,0.001110937990021952,0.0018465461047098759,0.6016302475136408,0.0017000326850378717,nan,-1.7190645427867135,2.5532825147481515
cos_even_sum,668,6.68,0.0013966408397984224,0.001777569318745087,0.7857026024641395,0.0008250330543825901,0.7447756605768079,-1.7587674824587993,1.89767562166384
cos_even_sum,708,7.08,0.000606246463802195,0.0020744238699721635,0.29224811408014223,0.0003276587002568099,nan,-2.561739456755973,1.53197807460334
cos_even_sum,750,7.5,0.0001102522723081486,0.0019920326630307053,0.05534661873486016,-0.0009170911590149945,nan,-2.111137258639121,1.4592382288686414
cos_even_sum,794,7.94,-0.0006621721407272129,0.001839991452466372,-0.3598778352147345,-0.0010952244978314624,nan,-2.2959104347523,0.9926547451550392
cos_even_sum,841,8.41,-0.0001942724877551208,0.001876840457599746,-0.10351039001129166,-0.0029113448217700203,nan,-1.737398923658752,1.3967887543608917
cos_even_sum,891,8.91,-0.0011852378504676089,0.0017620141849200854,-0.6726607882111711,-0.0018389523052757379,nan,-1.5105508506273986,1.3584886547073634
cos_even_sum,944,9.44,-0.0007370147205420323,0.00211757983734241,-0.34804577732804415,-0.0022406442082430755,nan,nan,nan
cos_even_sum,1000,10.0,-0.0015432454667350637,0.0019457197845658952,-0.7931488793898314,-0.001828509323773497,nan,nan,nan
cos_odd_diff,0,0.0,0.9630563807221232,0.0019900366341669778,483.93902111518423,0.9628722353453276,nan,nan,nan
cos_odd_diff,1,0.01,0.9014016633744423,0.002031163532878966,443.7858640051487,0.9013709567062003,nan,nan,nan
cos_odd_diff,2,0.02,0.8525408918164272,0.0020716567497258472,411.52613333712173,0.8526680302471155,-5.859473210295839,-5.903053505458125,-5.818646882711477
cos_odd_diff,3,0.03,0.8064711919955632,0.002106319838453039,382.88163899546527,0.8066789841955767,-5.674887122353711,-5.716248959266955,-5.637025798719071
cos_odd_diff,4,0.04,0.7618373097544499,0.0021314867897737947,357.42061053791485,0.7620069912324895,-5.789397699224262,-5.832086420582358,-5.750020588007057
cos_odd_diff,5,0.05,0.7183489621482739,0.002138277867189731,335.94743376003635,0.7185665523053416,-5.9445319660223594,-5.986484076507863,-5.905320518690137
cos_odd_diff,6,0.06,0.6763057501958886,0.002131860835531349,317.2372881587859,0.6764954169680973,-6.094836752948051,-6.1361999615363985,-6.055197864493782
cos_odd_diff,7,0.07,0.6358018120499939,0.002094077494166599,303.61904648759446,0.6359991474034185,-6.223021671721355,-6.262897847223874,-6.18369906872294
cos_odd_diff,8,0.08,0.5970133998879703,0.002064867778721636,289.1291181160193,0.5971701169045655,-6.333135233378695,-6.374847084697379,-6.292481687645394
cos_odd_diff,9,0.09,0.5600547819274857,0.002028397603768135,276.1070023387315,0.5601526786488505,-6.423430765654286,-6.468351482256518,-6.379584170969708
cos_odd_diff,10,0.1,0.5249588390157464,0.001998339467406851,262.697528411907,0.5249952584600995,-6.50352321826151,-6.551839602833158,-6.456638740960714
cos_odd_diff,11,0.11,0.49173977692311793,0.0019640272628708593,250.37319298935378,0.4917222106833681,-6.570755316801271,-6.622815683309844,-6.520391008366574
cos_odd_diff,12,0.12,0.4602632598418735,0.0019152876851728064,240.31024864045233,0.4602340792768316,-6.633220054724008,-6.688538286958593,-6.580009383086349
cos_odd_diff,13,0.13,0.4306106816877392,0.0018681653030707946,230.499239537274,0.4305820496466601,-6.693773914171287,-6.752426968542923,-6.638872631658526
cos_odd_diff,14,0.14,0.40261914096429136,0.0018311673893067644,219.87020046087278,0.4026121237048423,-6.752176294968361,-6.8151504055263885,-6.695588790085733
cos_odd_diff,15,0.15,0.37622926740828966,0.0017834834144808953,210.9519294396106,0.3762415308155559,-6.822041002539716,-6.891101155885001,-6.757890747730141
cos_odd_diff,16,0.16,0.35132494975989254,0.0017403050343290953,201.8755004609475,0.3512926538105516,-6.898089100448197,-6.971185226579523,-6.82934270563439
cos_odd_diff,17,0.17,0.32777347704815296,0.001704460809753254,192.30332265345723,0.32774826441717175,-6.980033179663199,-7.060742535726607,-6.903489064771842
cos_odd_diff,18,0.18,0.30553596338458905,0.001663992190117775,183.61622440244966,0.30553077695746217,-7.082925316514609,-7.170106316709663,-7.000202852083517
cos_odd_diff,19,0.19,0.2845751550687322,0.0016361635343327277,173.9283079577921,0.284612283837166,-7.1882482075779945,-7.281287538407674,-7.100945721507896
cos_odd_diff,20,0.2,0.264646392056547,0.0016010912440313422,165.29126184601532,0.264686822323031,-7.308790860447033,-7.409831268280928,-7.217737790723156
cos_odd_diff,21,0.21,0.2458675122439417,0.0015571737941817,157.89343049736198,0.2458936181020658,-7.555651388231601,-7.6610038836876875,-7.454643424432718
cos_odd_diff,22,0.22,0.22808442762637898,0.0015178909789056883,150.26403792900507,0.22812638499148283,-7.746471050653707,-7.859011145066023,-7.637456492896508
cos_odd_diff,24,0.24,0.19504197946710308,0.0014517921588348354,134.34566255243993,0.1951292663754876,-8.08234955099645,-8.21049025079388,-7.9590299645096225
cos_odd_diff,25,0.25,0.17966086901584513,0.0014233873875601011,126.22064139813037,0.17976766408774217,-8.315993893886464,-8.458293179262654,-8.179809034493763
cos_odd_diff,27,0.27,0.15138887382227964,0.0013799794432320174,109.7037166493693,0.15148310673912707,-8.832483972506166,-9.021884574084293,-8.656134699591151
cos_odd_diff,28,0.28,0.13848419774102516,0.0013677859269701892,101.2469824483312,0.13852890269166387,-9.285039305046197,-9.52580734367152,-9.061863934627329
cos_odd_diff,30,0.3,0.11480852909319328,0.0013528967501452475,84.8612646019494,0.11481141180152166,-9.768320170659061,-10.061655193840696,-9.496339461455566
cos_odd_diff,32,0.32,0.09379562953080928,0.0013677043406405806,68.57887830265932,0.09378579291488459,-10.389881381899407,-10.770261603935637,-10.042304158024814
cos_odd_diff,33,0.33,0.08424697296928696,0.001377237757967546,61.1709724641983,0.0842219859052285,-11.628803686659854,-12.209385629410356,-11.102021419507
cos_odd_diff,35,0.35000000000000003,0.06691776829093043,0.0014301862042606452,46.78954956464883,0.06679950201958909,-12.9167427308691,-13.753899290622133,-12.16219176781156
cos_odd_diff,38,0.38,0.04528434924124257,0.001486120346342574,30.471522277916392,0.04499856837370818,-14.3155693421043,-15.557266804707057,-13.27432818365552
cos_odd_diff,40,0.4,0.0333740563768854,0.0015277504695578024,21.845227373122853,0.03290737648191895,-18.210325030673804,-21.18553637496514,-16.03793261719065
cos_odd_diff,42,0.42,0.02322783626965429,0.001564419305279082,14.847577111374624,0.02264054889275625,-26.05178678641289,-39.738732642380455,-20.615782623633837
cos_odd_diff,45,0.45,0.010831212622538446,0.0016168620790865252,6.698909426249721,0.01017164223144017,nan,-83.90767040817778,-29.89933446478184
cos_odd_diff,47,0.47000000000000003,0.00434185063428053,0.0016387649449732047,2.649465164359812,0.0036814604515550842,nan,nan,nan
cos_odd_diff,50,0.5,-0.0032577461077814758,0.001647071035605305,-1.9779026146156724,-0.004035951900250863,nan,nan,nan
cos_odd_diff,53,0.53,-0.008414053545823804,0.001635868283982736,-5.143478621236355,-0.009351537499607963,nan,nan,nan
cos_odd_diff,56,0.56,-0.011863949097629766,0.0016135365979709519,-7.352761079326537,-0.012865302187730639,nan,nan,nan
cos_odd_diff,60,0.6,-0.01398936373542463,0.0015683606995493074,-8.919736218488955,-0.014957873929907408,nan,nan,nan
cos_odd_diff,63,0.63,-0.014679602855409682,0.001556929499822519,-9.428559775560212,-0.015500356388493917,nan,nan,nan
cos_odd_diff,67,0.67,-0.014657959169223456,0.0015157817099812933,-9.670230926196064,-0.015306460440791295,nan,nan,nan
cos_odd_diff,71,0.71,-0.013635961872190266,0.0014408424387835487,-9.463881341323217,-0.014264770599287198,nan,nan,nan
cos_odd_diff,75,0.75,-0.012114151557602008,0.0013843247615514637,-8.75094623318392,-0.012534615877484757,nan,nan,nan
cos_odd_diff,79,0.79,-0.00990139243489296,0.0014396969559368697,-6.877414301713043,-0.010040908312301922,nan,nan,nan
cos_odd_diff,84,0.84,-0.007342805599925421,0.001470403771203995,-4.993734199901425,-0.00726700319716533,nan,nan,nan
cos_odd_diff,89,0.89,-0.00501506291746747,0.0013682610805398968,-3.6652821517722303,-0.0048842187606724635,nan,nan,nan
cos_odd_diff,94,0.9400000000000001,-0.0025693340267165183,0.0012639327664695863,-2.032809097823435,-0.0025961226674819818,nan,nan,nan
cos_odd_diff,100,1.0,-0.0006571695820654499,0.0011964760841878873,-0.5492542565207279,-0.0011343777603767837,nan,nan,nan
cos_odd_diff,106,1.06,0.0004266049720244692,0.0011629502690244022,0.3668299353697623,-8.172177119190698e-05,nan,-8.458371784847795,17.515044843461634
cos_odd_diff,112,1.12,0.0004928327082159266,0.0012526101521086077,0.3934446063576175,0.00017640823464664312,nan,-11.312831932940945,12.86273125917676
cos_odd_diff,119,1.19,0.00018150226596861318,0.0013064688768241227,0.1389258245552887,-7.333869511455448e-05,-6.434739112660193,-10.365726465722933,8.872636291599182
cos_odd_diff,126,1.26,-0.00022128637804703683,0.001342392381683027,-0.16484478090496804,-0.00064229673867372,nan,-9.568258253840888,8.242306193278687
cos_odd_diff,133,1.33,7.507434585073594e-05,0.0013961251138789191,0.05377336536992262,-0.0003467872812737303,0.9125606785798744,-9.4802271774461,10.215926072914648
cos_odd_diff,141,1.41,-3.0256780335936184e-07,0.0015348434904208564,-0.000197132675251727,-0.0004429420855706608,nan,-5.098001834167929,11.71522783973148
cos_odd_diff,150,1.5,0.00024084701723237252,0.0015533868284694828,0.15504638820046754,-0.00012957048079520483,9.18327246981528,-3.568375247589303,10.68636836720309
cos_odd_diff,158,1.58,0.0009571927150051661,0.0016420068271341647,0.582940764427745,0.0010099775048244583,nan,-2.3818041578611147,10.415883717636953
cos_odd_diff,168,1.68,0.0018680012071040104,0.0017610508463236259,1.0607309896836052,0.0025957444969196128,6.238306655358729,-2.3779493604973974,11.055350031644092
cos_odd_diff,178,1.78,0.002320232792724418,0.001815041640828316,1.2783358467002177,0.0034416428887803353,0.8069596624372689,-5.887731700850179,7.131295865641135
cos_odd_diff,188,1.8800000000000001,0.002577869283760307,0.0017880754157568195,1.4417005351360976,0.0032215732789163494,-1.232991418136163,-6.7942356885881,4.764038527908589
cos_odd_diff,200,2.0,0.0013433581008965817,0.001492179084633834,0.900266003410863,0.0009375142337303452,-6.5127026663088925,-8.576172409663606,2.214012585085669
cos_odd_diff,211,2.11,0.0010993099625684704,0.0014322526177496556,0.7675391540185821,0.000553392635120109,-2.8459659136137043,-7.023977592787929,2.0705113756157267
cos_odd_diff,224,2.24,0.00011599876851684669,0.0014866132803362548,0.07802887950160724,-0.00026616926230523273,nan,-6.837768707014124,4.0680818760733946
cos_odd_diff,237,2.37,0.0006391858006977838,0.0014767806750956413,0.4328237845178926,0.0005106846143891168,-2.4257924212668223,-5.85468640211579,4.84153467468915
cos_odd_diff,251,2.5100000000000002,-0.0008532171942678603,0.0016309898268202865,-0.5231284587048951,-0.0003529700907455075,nan,-5.888678149347039,5.321271993061796
cos_odd_diff,266,2.66,0.0002895280326235272,0.001698802672064563,0.17043064352592666,0.0010978729423156324,nan,-7.534634767088196,3.635484717042496
cos_odd_diff,282,2.82,-4.3965670347000765e-05,0.0015950491007028376,-0.027563835074185406,0.0005438554782634284,nan,-3.635557545390336,4.1026015383588605
cos_odd_diff,299,2.99,-0.0018560997443493503,0.001631533940770173,-1.137640902201011,-0.0018952233432586374,nan,-6.02105560292223,3.3183884977552824
cos_odd_diff,316,3.16,-0.0015410256274297964,0.0016143292494088873,-0.9545919012457141,-0.0005357852493379266,nan,-2.0769331915081146,5.2737247740779205
cos_odd_diff,335,3.35,-0.00021414514405977664,0.001317733323041161,-0.16251022897831624,-0.0001411141675607032,nan,-2.3482580250701766,6.852935406504682
cos_odd_diff,355,3.5500000000000003,0.001895957829688783,0.0012915419658696048,1.4679800422994544,0.002197409858036385,nan,-2.2043488268866818,4.694342220094047
cos_odd_diff,376,3.7600000000000002,0.0007658863181044847,0.0017831551216212812,0.42951188531939116,0.0002807188125893045,nan,-1.2633639092165412,5.084789001264288
cos_odd_diff,398,3.98,0.001144284401032601,0.0014217498003219141,0.804842315274819,0.0008374897263748336,-0.9548472063045099,-3.5254190841101263,2.6445099542043966
cos_odd_diff,422,4.22,0.0028234218713238325,0.0017555840489640285,1.6082521785214077,0.002318364894548088,nan,-2.635834759927221,-0.5384962139890224
cos_odd_diff,447,4.47,0.0007876233639312358,0.001725111524410901,0.4565637367706978,0.0009931420714020566,nan,-4.021909192071064,2.0258687391748897
cos_odd_diff,473,4.73,-0.003548079488663286,0.0015859720706313967,-2.2371639162918853,-0.0038650925274969945,nan,-3.521136843084381,0.7003995987624716
cos_odd_diff,501,5.01,-0.0013685192501287251,0.0015771499921923857,-0.8677166134505416,-0.0009584579528579275,nan,-3.3389358669885487,1.6125357110694254
cos_odd_diff,531,5.3100000000000005,-0.00012149853410454813,0.0017411490214493583,-0.0697806635777855,0.0006286280186625483,nan,-0.5772840970205492,2.540086550877499
cos_odd_diff,562,5.62,-0.0020515267763787075,0.001381281815131696,-1.4852340441353804,-0.002467684135418192,nan,-2.0787374771592315,3.2303354811507314
cos_odd_diff,596,5.96,0.0018280583120479784,0.001406370547391592,1.2998411517067778,0.0016035873885456024,nan,-2.5495254444715076,1.9532262675129366
cos_odd_diff,631,6.3100000000000005,0.0003516144827392866,0.0016886022522854803,0.20822812611044747,0.0010536162592538314,nan,-0.9550519014211271,2.603217638329837
cos_odd_diff,668,6.68,-0.0006547400233502949,0.0013940460682289452,-0.46966885691382076,-0.0009285355956613292,nan,-2.5251336385212175,1.3305381189572647
cos_odd_diff,708,7.08,0.0012924277672456944,0.0015913351578561825,0.8121656590474814,0.0015499550502340734,nan,-2.1853939242092775,1.891150688594616
cos_odd_diff,750,7.5,-0.00022542334670089048,0.001543492228084744,-0.1460476072371346,-0.0015249549833385558,nan,-1.3706695142298018,2.2902471720969424
cos_odd_diff,794,7.94,-0.00044916526026064866,0.0017827509911195756,-0.2519506439755621,-0.0013227869344611591,-0.2947378919870592,-1.8335150151393032,1.3335447864946948
cos_odd_diff,841,8.41,0.0004327137750234353,0.0015388566244243158,0.2811917420736405,0.0013891545658185653,nan,-0.7722280862386572,2.096804228688118
cos_odd_diff,891,8.91,0.0007536344049958624,0.0015171685416825763,0.49673743179519375,0.0016598106529342822,nan,-0.8443669012097966,2.146480404648119
cos_odd_diff,944,9.44,0.002341001420822291,0.0015833858843657747,1.4784781422754565,0.003693863511022266,nan,nan,nan
cos_odd_diff,1000,10.0,0.0023343755113348036,0.0015280764560341015,1.5276562256533506,0.0029541890497952203,nan,nan,nan
sin_even_sum,0,0.0,0.9527518958157392,0.0015894307216544731,599.4296466246726,0.9517367123180419,nan,nan,nan
sin_even_sum,1,0.01,0.8877457672888172,0.0015431627202009532,575.2768361156453,0.8867812887842871,nan,nan,nan
sin_even_sum,2,0.02,0.830937912400118,0.0015064510406189017,551.5864040684258,0.830030310627767,-7.276454446462613,-7.309325562912533,-7.242693464845295
sin_even_sum,3,0.03,0.7727287485858229,0.0014775628898911794,522.9752004956847,0.7718412474397905,-7.8006014157856125,-7.839509547708631,-7.759601432568898
sin_even_sum,4,0.04,0.71215554649388,0.0014628367271132402,486.8318748731765,0.7113072306917338,-8.712415744076297,-8.76202121880144,-8.660385056530192
sin_even_sum,5,0.05,0.649797871282367,0.0014708142806431573,441.7946438473684,0.6490380587492849,-9.766425731804178,-9.826494664277213,-9.702813920532185
sin_even_sum,6,0.06,0.586433013729774,0.00148628257101806,394.56360800092307,0.5857291501560795,-10.93764860713261,-11.013287664315394,-10.860126552346012
sin_even_sum,7,0.07,0.5228376788168652,0.001500674767773466,348.4017257067589,0.5221835691900952,-12.253139731339735,-12.345673418947573,-12.157605129612723
sin_even_sum,8,0.08,0.45979944599401057,0.001526117669940088,301.2870206869836,0.45918649914684856,-13.757948991748654,-13.873404589073472,-13.641819814393891
sin_even_sum,9,0.09,0.39803333498382776,0.0015542519264473867,256.0931906924689,0.39745322560741836,-15.536945911213229,-15.684553455551423,-15.387378565221391
sin_even_sum,10,0.1,0.3382348539304251,0.001558364060342797,217.04482446548644,0.33775606235474703,-17.742848111147236,-17.93760929599519,-17.540706219756935
sin_even_sum,11,0.11,0.28084227530273886,0.001578537806596066,177.9129230413193,0.2804530819229133,-20.618921551511505,-20.88942239284945,-20.339319021290063
sin_even_sum,12,0.12,0.22612240846005993,0.001599054679221,141.4100539515124,0.22577800667857928,-24.652173491256537,-25.058047022386585,-24.24304223605654
sin_even_sum,13,0.13,0.1744745517837533,0.0016066182330072422,108.59739308272049,0.17409757118324642,-30.959071603771147,-31.635988717012225,-30.277927633051316
sin_even_sum,14,0.14,0.12617294543787036,0.0016081942960337397,78.45628214765368,0.12572313979036578,-43.068014056031714,-44.6333061197717,-41.59224384437824
sin_even_sum,15,0.15,0.0814044833695111,0.0015948930469365658,51.040716194650784,0.08095828984806082,-101.56359124831893,-145.8747654659251,-84.76696193895262
sin_even_sum,16,0.16,0.040380860421029965,0.0015742552811581936,25.650770179612426,0.0399561958082912,nan,nan,nan
sin_even_sum,17,0.17,0.0030018694543042725,0.0015639696499122127,1.9193911176427052,0.0025963606317820557,nan,nan,nan
sin_even_sum,18,0.18,-0.030642701552509758,0.0015515683633789902,-19.749501392111647,-0.03098442750853652,nan,nan,nan
sin_even_sum,19,0.19,-0.060536050230355486,0.0015286747194595113,-39.60034758196238,-0.06088001957368718,nan,nan,nan
sin_even_sum,20,0.2,-0.08673610842257824,0.0014977718818935358,-57.91009263234626,-0.08706869979689712,nan,nan,nan
sin_even_sum,21,0.21,-0.10933556796813845,0.0014690790805634924,-74.42456258120616,-0.10961173213475343,nan,nan,nan
sin_even_sum,22,0.22,-0.12860666098373214,0.0014374381584794271,-89.46935228140653,-0.12883771411810424,nan,nan,nan
sin_even_sum,24,0.24,-0.15780639167229882,0.0013363404494131283,-118.08846446397817,-0.15799042636596128,nan,nan,nan
sin_even_sum,25,0.25,-0.16811147289942366,0.0012747013156765292,-131.88303081824384,-0.16823676185567046,nan,nan,nan
sin_even_sum,27,0.27,-0.18107894527443605,0.001186229863893117,-152.65080637925317,-0.1811012767581397,nan,nan,nan
sin_even_sum,28,0.28,-0.184109537438153,0.0011742594999985644,-156.7877776917096,-0.18415493218080792,nan,nan,nan
sin_even_sum,30,0.3,-0.18473842311121028,0.001207925139454813,-152.93863591132015,-0.18487676003199222,nan,nan,nan
sin_even_sum,32,0.32,-0.17947628714646674,0.0012609170385680115,-142.33790301564406,-0.1797456385939049,nan,nan,nan
sin_even_sum,33,0.33,-0.17512673786379276,0.0012879121223784945,-135.97724163071905,-0.1754789971084145,nan,nan,nan
sin_even_sum,35,0.35000000000000003,-0.16388615405080928,0.0013671707289994405,-119.87248598479638,-0.16433526563369943,nan,nan,nan
sin_even_sum,38,0.38,-0.1426310689807027,0.0014286440738171707,-99.83667142482109,-0.14307065106692637,nan,nan,nan
sin_even_sum,40,0.4,-0.12714986524743227,0.0014372258105467268,-88.46895478384424,-0.1275880194980379,nan,nan,nan
sin_even_sum,42,0.42,-0.11158977581686803,0.00141681875116599,-78.76079824962349,-0.11199523413406264,nan,nan,nan
sin_even_sum,45,0.45,-0.08925035443271821,0.0013313549766708365,-67.03723349267536,-0.08942051443252363,nan,nan,nan
sin_even_sum,47,0.47000000000000003,-0.07572675024489967,0.0012412072367599487,-61.01056133267239,-0.07574121742899695,nan,nan,nan
sin_even_sum,50,0.5,-0.05822292717288141,0.0011433790541855995,-50.92180669196547,-0.057946671426095886,nan,nan,nan
sin_even_sum,53,0.53,-0.04426403840182361,0.001122037605618493,-39.449692399056666,-0.043770746689029215,nan,nan,nan
sin_even_sum,56,0.56,-0.03378269270757806,0.0011775902591707923,-28.687985863067823,-0.03298139335318783,nan,nan,nan
sin_even_sum,60,0.6,-0.023717345858672228,0.001285932114213453,-18.443699785178058,-0.022698915741301937,nan,nan,nan
sin_even_sum,63,0.63,-0.018595527380652413,0.0013561372281030578,-13.712128090948088,-0.017526432942745262,nan,nan,nan
sin_even_sum,67,0.67,-0.013937676576497618,0.001400548781032288,-9.95158238346023,-0.012779763860517032,nan,nan,nan
sin_even_sum,71,0.71,-0.0116408191260527,0.0013667199331212684,-8.51734056403772,-0.01062909764891339,nan,nan,nan
sin_even_sum,75,0.75,-0.010669996907488283,0.0013210314519415726,-8.077019583300734,-0.009808871559322268,nan,nan,nan
sin_even_sum,79,0.79,-0.010298698172190398,0.0012749978967062153,-8.077423655988525,-0.009514110529664183,nan,nan,nan
sin_even_sum,84,0.84,-0.009583204017350709,0.0011869332370272876,-8.073920013691883,-0.00898534391832975,nan,nan,nan
sin_even_sum,89,0.89,-0.008448747783115591,0.0012013915140694352,-7.032468337068086,-0.007863674409270232,nan,nan,nan
sin_even_sum,94,0.9400000000000001,-0.00765280877180701,0.0011767882281816155,-6.503131649806018,-0.00742135848350925,nan,nan,nan
sin_even_sum,100,1.0,-0.007154864424491801,0.0012023598245427488,-5.950684876894284,-0.006874803893977908,nan,nan,nan
sin_even_sum,106,1.06,-0.007400653589965421,0.0013738803784447459,-5.3866797328768,-0.006653761632593618,nan,nan,nan
sin_even_sum,112,1.12,-0.0074873824140459806,0.0014556649934157543,-5.143616455649353,-0.006592890877416126,nan,nan,nan
sin_even_sum,119,1.19,-0.0066792318929544655,0.0014120308572892518,-4.730230829216389,-0.006084558443685166,nan,nan,nan
sin_even_sum,126,1.26,-0.005807766466559821,0.0014260219654371798,-4.072704774066588,-0.006166288080829665,nan,nan,nan
sin_even_sum,133,1.33,-0.004592675612110152,0.0014454555168232721,-3.177320615305848,-0.006093446543727165,nan,nan,nan
sin_even_sum,141,1.41,-0.0038308803299060934,0.0013018047513386646,-2.942745696669753,-0.005959960007617995,nan,nan,nan
sin_even_sum,150,1.5,-0.004190374893684452,0.0011904643528927064,-3.5199499115637276,-0.005557615959631796,nan,nan,nan
sin_even_sum,158,1.58,-0.004170531910642596,0.0014240089579671512,-2.928725895514206,-0.004712321239626572,nan,10.730924648439423,10.730924648439423
sin_even_sum,168,1.68,-0.0017456074322522925,0.001293707631533823,-1.3493059712283648,-0.0021237752574594752,nan,nan,nan
sin_even_sum,178,1.78,0.0013243144191777687,0.0011588362160714822,1.1427968860580373,0.0014534879672383448,nan,nan,nan
sin_even_sum,188,1.8800000000000001,0.001989037105727916,0.0014336193471766404,1.3874234535444232,0.00341899687957508,nan,nan,nan
sin_even_sum,200,2.0,-0.00023583274068664814,0.0015260182105889125,-0.15454123617282187,0.0011300567035117497,nan,nan,nan
sin_even_sum,211,2.11,-0.003216609345280513,0.0013054630812258698,-2.4639604072602483,-0.0033261990867891732,nan,-8.05641198741571,4.959539183821234
sin_even_sum,224,2.24,-0.004634362829801912,0.0015141872632875007,-3.060627269932318,-0.00537947969333526,nan,-6.973573529903674,6.553526116496781
sin_even_sum,237,2.37,-0.0012153813897209352,0.0012168297138499234,-0.9988097561125411,-0.0013409502314896946,nan,-2.655683898930422,2.417305158859325
sin_even_sum,251,2.5100000000000002,4.247200365480917e-05,0.001275983160123136,0.033285708606617115,0.00043193607059538474,nan,nan,nan
sin_even_sum,266,2.66,-0.0009317689435899025,0.0011017098885003748,-0.845748007997103,-0.0007117505710726216,nan,-4.376407482996924,6.113900306552133
sin_even_sum,282,2.82,-0.0014021151471834744,0.0012660216994637198,-1.1074969313538647,-0.0008096731998329611,nan,-5.337118796625294,4.353362290335702
sin_even_sum,299,2.99,0.0004915911442496051,0.0012904719805696201,0.3809390297901815,0.0003938447247452668,nan,-2.997575535432321,5.735898213388711
sin_even_sum,316,3.16,-0.0005622333014141988,0.0013971049187969568,-0.40242740101318686,-0.0009444458507659263,nan,-2.4725544008042384,4.479825715805496
sin_even_sum,335,3.35,0.0004487477687246098,0.001304337551848606,0.34404266601740513,0.0006582446481313756,nan,-4.264182489190245,3.321189997722632
sin_even_sum,355,3.5500000000000003,-0.0021327672584419313,0.001295676834557912,-1.6460642048675944,-0.002635679748217603,nan,-2.108261259914675,6.154448056205791
sin_even_sum,376,3.7600000000000002,-0.00033245496240720605,0.001419010819986989,-0.23428641820381213,-0.0011849503380949448,nan,-4.659693934041724,2.363089118393243
sin_even_sum,398,3.98,0.002391119767744721,0.0013808333494612943,1.7316497814001743,0.002241875978325235,nan,-1.0001623702641855,2.864976386012268
sin_even_sum,422,4.22,-0.0010238891888173824,0.0012637199636505478,-0.8102184172667822,-0.0013091276490171156,nan,-0.6513092785493518,4.503811329459764
sin_even_sum,447,4.47,-0.0014456644009002528,0.0013530848229420637,-1.06842111919997,-6.297647809219515e-05,nan,-4.368871381869971,1.4442869685738078
sin_even_sum,473,4.73,0.0027810787011220404,0.0012185320552999084,2.2823188680395887,0.0027243619167141037,nan,-2.7532681939230312,4.1921099044366255
sin_even_sum,501,5.01,-0.000189561596137796,0.0013337619004089756,-0.14212551436629742,-0.0003503353651516491,nan,-1.4214613746067586,3.256675787041289
sin_even_sum,531,5.3100000000000005,-0.00023750493735325378,0.0012945588549320936,-0.18346399350511736,-0.0013578729309998234,nan,-3.987341217836674,0.4101467316929987
sin_even_sum,562,5.62,-0.0018516591118017513,0.001279186905701825,-1.4475281943148408,-0.0017394782828229747,nan,-2.2645920250747213,2.1274186290828183
sin_even_sum,596,5.96,-0.0005099337965170398,0.0012514145417272934,-0.40748591255236016,-0.0012022488917212465,nan,-2.37673965848581,2.479076615757572
sin_even_sum,631,6.3100000000000005,-0.0016095062981429005,0.001236368924461611,-1.3018009966918052,-0.0017513154676803999,nan,-0.9536842037398231,2.3435922747430333
sin_even_sum,668,6.68,-0.0006598550322074727,0.0013457024416155233,-0.4903424500109497,-0.0004464099172032294,nan,-0.522610295230248,3.267042827793774
sin_even_sum,708,7.08,0.0005737668826868638,0.0012928102658917155,0.4438136808042039,-0.0007619098544697193,nan,-1.5187556654582146,1.4752985002210774
sin_even_sum,750,7.5,0.0023072197350324486,0.00117634882601456,1.961339769300617,0.002205124168520732,nan,-0.3013572989180727,2.5168365871840237
sin_even_sum,794,7.94,-0.0006173592991996209,0.0013391218246326217,-0.4610180252786104,-0.0013375025667019002,nan,-2.050583023627513,1.0288516080370624
sin_even_sum,841,8.41,0.0027587954098772204,0.0013062544091255268,2.1119893572065327,0.0025974913037165037,nan,-1.9023415685041625,0.6501854420558904
sin_even_sum,891,8.91,-0.0027394938806973275,0.0014524282931427884,-1.8861474219629564,-0.0027522909781886465,nan,-1.6951581840224774,1.7802228469458283
sin_even_sum,944,9.44,-7.287952127121347e-05,0.0014070120922712044,-0.051797366683303384,0.0007825581620570384,nan,nan,nan
sin_even_sum,1000,10.0,-0.0002649421800904053,0.0012656489708800464,-0.20933306642376717,-0.0009133724023101348,nan,nan,nan
sin_odd_diff,0,0.0,0.955203647933402,0.0021388482602979937,446.59720171094267,0.9562402029648049,nan,nan,nan
sin_odd_diff,1,0.01,0.8928883710142446,0.0021683172299939526,411.78862514353347,0.8939478973320242,nan,nan,nan
sin_odd_diff,2,0.02,0.8437830469853148,0.002192701934348902,384.8142940758916,0.8449185584029802,-5.947335259272554,-5.990235306884431,-5.906742763758707
sin_odd_diff,3,0.03,0.7976111476416243,0.0022080783526738693,361.2241144775312,0.7986892871054343,-5.742224315939609,-5.78289178166685,-5.704369465997186
sin_odd_diff,4,0.04,0.7529743408221521,0.0022257697537643555,338.29839746392304,0.7539770798727262,-5.85461531190047,-5.895027880491206,-5.818731011434159
sin_odd_diff,5,0.05,0.7096505004571415,0.002221257121316,319.48147454298487,0.7106620745920792,-6.013327037918499,-6.054367090369324,-5.975411612617438
sin_odd_diff,6,0.06,0.6676144229551204,0.0021895634997299,304.9075411777169,0.6686142719557728,-6.185574585832929,-6.228030231467383,-6.146952313212158
sin_odd_diff,7,0.07,0.6270887724806111,0.002162950988172718,289.92278415443053,0.6280961795658853,-6.357768649428522,-6.402322304436171,-6.317467475365204
sin_odd_diff,8,0.08,0.5879301614807187,0.0021325465252208784,275.69394361505147,0.5889172485205031,-6.528737359815827,-6.57756409051723,-6.485649721937446
sin_odd_diff,9,0.09,0.5502990457360639,0.002090764093330599,263.20475250722063,0.5512410935938223,-6.707108100821021,-6.758912323433463,-6.659133394577591
sin_odd_diff,10,0.1,0.514173779819427,0.0020566945404198764,250.0000703626402,0.5151329986476916,-6.893933972174996,-6.950339932800169,-6.843153671773912
sin_odd_diff,11,0.11,0.47952872058853696,0.002019049769076351,237.50217945737197,0.4805270994266654,-7.099086245108897,-7.160295988468184,-7.043096108262717
sin_odd_diff,12,0.12,0.4462372712892994,0.0019723684953489536,226.2443718511893,0.44720621590356274,-7.330130984900092,-7.396871373589279,-7.268908279138677
sin_odd_diff,13,0.13,0.4142619073208126,0.0019199491285327324,215.76712693288945,0.41520347898693427,-7.598827244429295,-7.674342053600346,-7.530398039554417
sin_odd_diff,14,0.14,0.38350630523101065,0.0018733296219157372,204.71907385888807,0.38438990333722056,-7.9074420893771045,-7.989505037464823,-7.832771913760028
sin_odd_diff,15,0.15,0.3538420756826967,0.0018291127373424752,193.45011844201315,0.35470110649785686,-8.271053780247263,-8.36158608695492,-8.186189776298644
sin_odd_diff,16,0.16,0.32523666762457365,0.001780165243925287,182.70026826690687,0.32607413944584684,-8.697921946598049,-8.802541980354551,-8.598429309067498
sin_odd_diff,17,0.17,0.2975720108493034,0.001749451333313993,170.09447772726065,0.29836301665973924,-9.19068005861473,-9.314579489263028,-9.077069629601326
sin_odd_diff,18,0.18,0.2708158810037135,0.001717591261512164,157.67190196652942,0.27157850825529206,-9.764387993589027,-9.908642300470213,-9.630450036492718
sin_odd_diff,19,0.19,0.24499149541737575,0.0016918073736065676,144.81051403334817,0.24569706821422313,-10.427523707201003,-10.597260854063327,-10.271643824540813
sin_odd_diff,20,0.2,0.22007702652594557,0.0016639898589922873,132.25863447222224,0.2207098991355802,-11.20666918838991,-11.404121188711471,-11.02398279938042
sin_odd_diff,21,0.21,0.19608638475553244,0.0016439849344625234,119.27504969480756,0.1966336751610967,-12.764383263109996,-13.026996084028417,-12.518389458690812
sin_odd_diff,22,0.22,0.17297938344409303,0.0016291173277202867,106.17981928051344,0.17346759964322297,-14.064168451149465,-14.392531542953112,-13.754368433833067
sin_odd_diff,24,0.24,0.1294124168023301,0.0016003355549361392,80.86580117723764,0.12981600408051597,-16.923813229642594,-17.45613667575992,-16.43855248595811
sin_odd_diff,25,0.25,0.10893694004190645,0.0015867694538730516,68.65328783334512,0.10932954844232677,-19.53932623841997,-20.28887725102837,-18.852845350419617
sin_odd_diff,27,0.27,0.07103171780277451,0.0015610890724358356,45.50138685676699,0.07139343735444315,-29.891728675597744,-32.1765407503926,-27.960309501720122
sin_odd_diff,28,0.28,0.05356055281836557,0.0015636280460383214,34.25402412937591,0.05385245512455429,nan,nan,nan
sin_odd_diff,30,0.3,0.021531147628941927,0.0015774279048326964,13.649528807610096,0.021691617193046492,nan,nan,nan
sin_odd_diff,32,0.32,-0.00657520665817369,0.0016085683986936175,-4.087613969983296,-0.006662726977464011,nan,nan,nan
sin_odd_diff,33,0.33,-0.019224704920746655,0.001620929125722694,-11.860299513203753,-0.019451683052907565,nan,nan,nan
sin_odd_diff,35,0.35000000000000003,-0.041470223917078414,0.0016553993111592083,-25.05149279543829,-0.041890263673365284,nan,nan,nan
sin_odd_diff,38,0.38,-0.06823369040756826,0.0017100078594228596,-39.9025595301051,-0.06896594063237375,nan,nan,nan
sin_odd_diff,40,0.4,-0.0821707182203641,0.0017448988233789223,-47.09196723581027,-0.08297425862128392,nan,nan,nan
sin_odd_diff,42,0.42,-0.09335706459042807,0.0017735802080240412,-52.637633284393644,-0.09421418638513741,nan,nan,nan
sin_odd_diff,45,0.45,-0.10534951841424327,0.0017986629922069123,-58.57101573262603,-0.10611477455659929,nan,nan,nan
sin_odd_diff,47,0.47000000000000003,-0.11039915603894719,0.001797799443622743,-61.407937593128864,-0.11109404995314329,nan,nan,nan
sin_odd_diff,50,0.5,-0.11416169661388263,0.001787675485522055,-63.86041400603756,-0.11488583619115028,nan,nan,nan
sin_odd_diff,53,0.53,-0.11426524624174512,0.0018048314473020867,-63.310757584899164,-0.11489433131985177,nan,nan,nan
sin_odd_diff,56,0.56,-0.1112843569385663,0.001786402162125818,-62.29524308576627,-0.1118023327117856,nan,nan,nan
sin_odd_diff,60,0.6,-0.10374532328295973,0.0017574170857821514,-59.032840935871015,-0.10406865612694781,nan,nan,nan
sin_odd_diff,63,0.63,-0.09619066332783333,0.001744497650098506,-55.139462826104555,-0.09634530929136861,nan,nan,nan
sin_odd_diff,67,0.67,-0.08462175249113035,0.0017434604552609761,-48.53666295428734,-0.0845783187040897,nan,nan,nan
sin_odd_diff,71,0.71,-0.07248109459314409,0.0017528685545108922,-41.34998851261194,-0.07224076985189527,nan,nan,nan
sin_odd_diff,75,0.75,-0.060021468847616506,0.0017132159779456545,-35.03438540165218,-0.05958252102003798,nan,nan,nan
sin_odd_diff,79,0.79,-0.04810020618500419,0.0016502590835958853,-29.147063429697777,-0.0476734137887937,nan,nan,nan
sin_odd_diff,84,0.84,-0.03495104315653014,0.0015647296768054222,-22.33679316921167,-0.03483893326403919,nan,nan,nan
sin_odd_diff,89,0.89,-0.02369142857231638,0.001469017406757916,-16.127398125664662,-0.024097471988536436,nan,nan,nan
sin_odd_diff,94,0.9400000000000001,-0.014579852460659579,0.0014451757507646182,-10.088636245761544,-0.01548143937874823,nan,nan,nan
sin_odd_diff,100,1.0,-0.006891781684885157,0.0014594233736428765,-4.722263470183114,-0.00806188254829621,nan,nan,nan
sin_odd_diff,106,1.06,-0.0015667026965218993,0.001559348070831443,-1.004716474678123,-0.0026499041907142866,nan,nan,nan
sin_odd_diff,112,1.12,0.0018887640761337103,0.0015283658988234738,1.2358062147210094,0.0009311532811915808,nan,nan,nan
sin_odd_diff,119,1.19,0.004289646335580197,0.0015084448400177377,2.843754190925374,0.003479201940979289,nan,3.443344077878991,20.909572076324856
sin_odd_diff,126,1.26,0.00610437839531228,0.0014001138889886858,4.359915606380795,0.005689118352993682,2.752153674389147,-1.7494211472034211,10.594504770786086
sin_odd_diff,133,1.33,0.005835530634535889,0.0013157830256543444,4.435025016099334,0.006138040493982461,-1.300965022904189,-7.332576781870547,3.039059189551957
sin_odd_diff,141,1.41,0.004195645714094218,0.001353805289928562,3.0991500367941502,0.004974085312789114,-2.887513467250274,-9.876200849007326,0.07189605422565983
sin_odd_diff,150,1.5,0.0028659650458370284,0.0014717809068393905,1.9472769571332533,0.003414894754541332,-3.836422529793717,-11.396541795121399,-0.05409025551666355
sin_odd_diff,158,1.58,0.0024229891742409953,0.0015096250842507862,1.6050271021056224,0.002793134033844514,-3.137414885535506,-9.562465676998933,1.5714821703027033
sin_odd_diff,168,1.68,0.001523815392068029,0.0015958797085341586,0.9548435160364801,0.0019261854802193692,-3.2476636023845624,-10.134675748254542,3.7672773422406767
sin_odd_diff,178,1.78,0.0013141679728617007,0.0016335055503754361,0.8045078099426471,0.0016228479990461906,-3.698954791151825,-8.403396159582842,4.340033314359435
sin_odd_diff,188,1.8800000000000001,0.000834262618649881,0.0015273282160602106,0.5462235358958316,0.0003847012215060313,-0.2979363669088857,-7.742453249621443,6.866210271834896
sin_odd_diff,200,2.0,0.0005124464617139767,0.0015058955200073928,0.34029350303894984,-0.00018472920839158417,-0.65158224193051,-7.64458448094174,6.485726497824367
sin_odd_diff,211,2.11,0.0013405831131057281,0.001632350995686772,0.8212591021465395,0.0009620443888547942,1.5227130782053158,-4.780100673401965,7.553127224496118
sin_odd_diff,224,2.24,0.000973824587850911,0.001628735836499028,0.5979021066695196,0.0013111413291884628,0.3072556300155071,-6.387574582966154,6.297127280911159
sin_odd_diff,237,2.37,0.0017593112066609947,0.0016017783139660546,1.098348748588613,0.00291552085719747,-5.555301452197058,-6.484959843906671,5.080963613611318
sin_odd_diff,251,2.5100000000000002,0.0005993804940628096,0.0015857994524564095,0.37796739879961927,0.0021367437343811917,0.3352858678058015,-5.131326199400928,5.667774640481866
sin_odd_diff,266,2.66,6.3145662364109e-05,0.0016096869927265712,0.03922853489494228,0.000694225608214684,-0.5134110786612486,-5.038575745183878,4.112976049672259
sin_odd_diff,282,2.82,0.0011828676677515504,0.001621018321561068,0.7297065381793025,0.0011174621897562615,nan,-5.0631976512923815,4.912172710648752
sin_odd_diff,299,2.99,0.0012796767459708836,0.0014669134753355758,0.8723600726880913,-0.0007243589743382102,1.7352707440972412,-5.356066019593867,4.864081762430894
sin_odd_diff,316,3.16,-0.00024061876393846775,0.001538679648147082,-0.15638002636106035,-0.0021784650991072303,nan,-5.561767285628136,3.172344105551062
sin_odd_diff,335,3.35,0.00020909338535346207,0.001614952633963333,0.12947338575516976,-0.001295232895368523,nan,-4.813933595200448,2.091227676987204
sin_odd_diff,355,3.5500000000000003,-0.0015632534975782654,0.0017578568053320343,-0.889295130773174,-0.00242821994415374,nan,-4.55566657795742,-0.790739029147537
sin_odd_diff,376,3.7600000000000002,-0.001976426085273902,0.0014298552853879154,-1.38225602651649,-0.0017873897622250785,-0.350244592053865,-4.187968351612637,4.34146355372219
sin_odd_diff,398,3.98,-0.003272689933006068,0.0012391951516335154,-2.6409802593981957,-0.002866324753723864,nan,-2.676528820319144,4.3186206595289
sin_odd_diff,422,4.22,0.0001541718943422821,0.0015632138179349402,0.09862495621101183,0.00023936942101420269,nan,-1.0732622880412037,4.69118502476554
sin_odd_diff,447,4.47,0.0017221046225533033,0.0013123800284669269,1.3121996565011746,0.0020387633349700164,nan,0.03096027103591923,2.57295834378076
sin_odd_diff,473,4.73,0.0020985424644049916,0.0015090939605591233,1.3905976163521827,0.0033670028542631793,nan,-3.4045886199573867,1.2515694958316521
sin_odd_diff,501,5.01,-0.0007417312383516365,0.001768480922859232,-0.41941715557351084,-0.000380162305599527,0.20415719031434043,-1.5843240324178525,2.127057595463335
sin_odd_diff,531,5.3100000000000005,-0.003685139143364368,0.0015725538624755588,-2.343410442910437,-0.005259394752559328,0.4017261769809495,-1.3104223872149192,2.3116105895768357
sin_odd_diff,562,5.62,0.0021778277377491775,0.001301031801765416,1.6739235234634589,0.0020180264078015256,nan,-2.721798413708768,2.2405195749372258
sin_odd_diff,596,5.96,0.003439638012323326,0.0018622710558310507,1.8470125503767576,0.00424237878035075,nan,-0.8064195554771413,2.321053673249851
sin_odd_diff,631,6.3100000000000005,-0.0003122142351144409,0.0015166578498225069,-0.2058567363436513,0.00016469575234220212,nan,-2.830004456833159,0.7503758210678144
sin_odd_diff,668,6.68,0.00012174558680614691,0.001598751592633644,0.07615040846063761,0.0004955537494345774,-1.397009292117541,-2.7100913989886553,0.8031276787021366
sin_odd_diff,708,7.08,-0.0003361671333046344,0.001392368232459601,-0.24143550927673735,0.0005717729539385361,nan,-1.9200106324795818,1.9606830799128756
sin_odd_diff,750,7.5,0.00040010507735343187,0.001507721258214106,0.265370720996105,0.0008250366541085347,1.3992596483390218,-1.2778127281541984,2.0164728425733016
sin_odd_diff,794,7.94,-0.0002404619310035428,0.0014839498260686827,-0.16204182026866812,0.0007686196760709981,nan,-1.1048925833124805,2.099063084656147
sin_odd_diff,841,8.41,0.0013701187651200082,0.0014657160125967816,0.9347777832436956,0.00022050822060009782,nan,-1.8478117338805655,1.199149265781171
sin_odd_diff,891,8.91,0.001516450530024133,0.0014475361579208111,1.0476080488395592,0.0014055699267651696,nan,-1.4466676873805355,1.6825522140852713
sin_odd_diff,944,9.44,-0.0008416310730330253,0.0016418655910477005,-0.5126065602580581,-0.00045832946543155695,nan,nan,nan
sin_odd_diff,1000,10.0,0.0003381241353556318,0.001590754227258957,0.21255586159167814,-0.0001930136164604731,nan,nan,nan
