observable,lag_index,time,C,SE_C,SNR_C,C_discard_first_quarter,lambda_eff,lambda_ci_low,lambda_ci_high
cos_theta1,0,0.0,0.4891178555678169,0.0006397819634566764,764.5071032092922,0.4895064410524549,nan,nan,nan
cos_theta1,1,0.01,0.458503447130236,0.0006545379870824133,700.499369294063,0.45871513827423893,nan,nan,nan
cos_theta1,2,0.02,0.43425040190419417,0.0006741516577182389,644.1434904632226,0.43439287614227257,-5.707294536691509,-5.745175958766546,-5.667937806232416
cos_theta1,3,0.03,0.4114131614017922,0.0006962447209633773,590.9030963028769,0.4114759659414819,-5.509621090116787,-5.546242217680258,-5.473456114417203
cos_theta1,4,0.04,0.38928498801831257,0.000713617879156788,545.5090173445378,0.3893269597056112,-5.597248493467453,-5.635402027714461,-5.557837907078953
cos_theta1,5,0.05,0.36781605635450687,0.0007326984082221782,502.00198639297844,0.3678144417366678,-5.708988111899117,-5.749460713084502,-5.668330916500769
cos_theta1,6,0.06,0.3471411226882451,0.0007527021186544287,461.1932318043869,0.3471111567240736,-5.800448368861091,-5.846254056636809,-5.755623511758262
cos_theta1,7,0.07,0.32741826256506956,0.0007689582350188643,425.79459800835247,0.32733673525254736,-5.857321016963169,-5.903906072204346,-5.811227811384675
cos_theta1,8,0.08,0.30867648602398634,0.0007886553325011741,391.39592836459616,0.3085935286091347,-5.8844023328275865,-5.9322003969434745,-5.836026237110688
cos_theta1,9,0.09,0.2909903559807114,0.0008005952326900795,363.4675102960017,0.2908777673742312,-5.883422316173088,-5.934656249055048,-5.834183097719762
cos_theta1,10,0.1,0.27433645679342405,0.0008157678971360538,336.29229313453874,0.2742138299671861,-5.851620986058727,-5.9067979341927135,-5.798663815144354
cos_theta1,11,0.11,0.2587601449440283,0.000827292537232091,312.7794985432523,0.258623258139832,-5.793564019205309,-5.850799968228188,-5.736905476152195
cos_theta1,12,0.12,0.2442589463768757,0.0008370319776482132,291.81554934515606,0.24411801706304648,-5.697032684348273,-5.758356058084436,-5.637522498010985
cos_theta1,13,0.13,0.23079908378592057,0.0008468789675830643,272.52900664732016,0.23068199924809488,-5.578698711264774,-5.641374234734884,-5.516324300757379
cos_theta1,14,0.14,0.21843183331989308,0.0008618606035660854,253.44218359221503,0.21833052640069858,-5.446358286460206,-5.513414889696368,-5.381048919187377
cos_theta1,15,0.15,0.207007205714306,0.0008754945861591384,236.44601461496458,0.20690932905479517,-5.302251181036009,-5.372960654787114,-5.232055591519275
cos_theta1,16,0.16,0.1964434466825998,0.0008829004541325824,222.4978430615922,0.19634697238330392,-5.159134059403017,-5.23364088016396,-5.087644606165673
cos_theta1,17,0.17,0.1866914992020817,0.0008841908721476218,211.14388881738225,0.18662464020180228,-5.009332516095859,-5.0847951621489775,-4.934803899766222
cos_theta1,18,0.18,0.17770211334033262,0.0008844589223125142,200.91618599506134,0.17767226620383636,-4.863372820873851,-4.9421307774681855,-4.785766127239017
cos_theta1,19,0.19,0.16941990905982535,0.0008816291929938495,192.1668547345928,0.16940399243159074,-4.726228055716488,-4.804951635035294,-4.6472442537589576
cos_theta1,20,0.2,0.16171567067391038,0.0008872219335377601,182.27194860825404,0.16170977712085316,-4.606975606944429,-4.684204521469041,-4.528490157689103
cos_theta1,21,0.21,0.15453311275674683,0.0008890958946022752,173.80927489927853,0.15454055729411625,-4.4589601938687204,-4.5380106763056,-4.378375029823278
cos_theta1,22,0.22,0.14779550621529625,0.000889114732638721,166.22771031660636,0.14784676339315858,-4.372768884743624,-4.453582935516288,-4.292983397664415
cos_theta1,24,0.24,0.13556243275412777,0.0009084879683131405,149.21764237102332,0.13567175501771125,-4.259090518869592,-4.342262385870287,-4.178400875068193
cos_theta1,25,0.25,0.12995668851466854,0.0009223804275395287,140.892721305168,0.13007826134375686,-4.184808096902413,-4.271996037592082,-4.100559089844536
cos_theta1,27,0.27,0.11968496084670098,0.000935893802796007,127.88305733956038,0.11977490330713891,-4.064527425684664,-4.151462303202261,-3.97686971315925
cos_theta1,28,0.28,0.1149780358761308,0.0009391307553632579,122.43027418653438,0.11505503405074297,-3.986903323886689,-4.069996607155553,-3.902477489729103
cos_theta1,30,0.3,0.1062251233266933,0.0009328427164852719,113.8724904525429,0.1062589375684673,-3.9147525524282654,-3.999479462864054,-3.8285380858747957
cos_theta1,32,0.32,0.09830923766995835,0.0009201718821723331,106.83790667225217,0.09829402893275607,-3.847786899073968,-3.934954469428286,-3.765213299466094
cos_theta1,33,0.33,0.09463030855356404,0.0009073539724939984,104.29260401368879,0.09457795762183234,-3.7347558769052815,-3.831146144340413,-3.639346415675521
cos_theta1,35,0.35000000000000003,0.08782937701314676,0.0008839882679393559,99.35581749052365,0.08773812612848127,-3.633839274508243,-3.7406569728722645,-3.5243153825145628
cos_theta1,38,0.38,0.07878953447737132,0.0008617513589114536,91.42954480152676,0.07879367066815522,-3.544915461653163,-3.657633450381297,-3.4287161670963955
cos_theta1,40,0.4,0.07350922106667358,0.000856971193159679,85.77793705718723,0.07354836708106624,-3.4090024154740792,-3.529828848081262,-3.2834137093389693
cos_theta1,42,0.42,0.06878154169301741,0.0008577924541289006,80.18436320107986,0.06887671365546692,-3.2332644727387967,-3.3573027548969896,-3.1021506099363987
cos_theta1,45,0.45,0.062458091339187845,0.0008618410423667756,72.47054650317688,0.06262005870429703,-3.05264953528107,-3.1748702446943016,-2.921351587545349
cos_theta1,47,0.47000000000000003,0.05889677729449,0.0008554080137603385,68.85226271797734,0.05907894821522126,-2.870525018906148,-2.9970906661681163,-2.733397546126004
cos_theta1,50,0.5,0.05417101037966487,0.0008362958856732146,64.7749334986354,0.054405135291341895,-2.610431638149841,-2.7551664860532523,-2.4681753696594653
cos_theta1,53,0.53,0.05015798216364148,0.0008259601783766192,60.72687700540761,0.0503997005488322,-2.3399692866439596,-2.496452396412564,-2.1896009419982625
cos_theta1,56,0.56,0.046868617408202314,0.0008207758452206381,57.1028225076522,0.047090415688621136,-2.1048782038859097,-2.2820223689623247,-1.9366368755837724
cos_theta1,60,0.6,0.04344910994982088,0.0008337416777448165,52.11339568311632,0.04364233083402852,-1.8485924783265857,-2.0285553630880804,-1.6681520324353336
cos_theta1,63,0.63,0.041203027431622526,0.0008574792698936705,48.0513394064113,0.041428686612797846,-1.5967854036374538,-1.7826012871520698,-1.4210848180759406
cos_theta1,67,0.67,0.038720714705924794,0.0008873365080014887,43.63701296719309,0.03892329210791788,-1.3561023854535006,-1.5367501350345982,-1.1851137426529552
cos_theta1,71,0.71,0.036885941987777636,0.0008936625997354685,41.2750203473841,0.036954012216124994,-1.1758131601583008,-1.3399573680495167,-1.0246420147763178
cos_theta1,75,0.75,0.0354518348060615,0.0008790935464092215,40.32771591927775,0.03538609323608532,-0.9921437735406909,-1.1657685994217049,-0.8269798126044223
cos_theta1,79,0.79,0.03413699280861877,0.0008578570710450727,39.79333383244349,0.0340244793423159,-0.8903671335964971,-1.077592430114811,-0.7075896224047663
cos_theta1,84,0.84,0.032710962914797415,0.0008414565670387007,38.87421430426956,0.03263995508062814,-0.8629020159379635,-1.0526150896246598,-0.682947196034041
cos_theta1,89,0.89,0.03142376389026197,0.0008334148742897851,37.70482728309895,0.03153951753052336,-0.8717793645470964,-1.0649874363231926,-0.683925120132957
cos_theta1,94,0.9400000000000001,0.030090924846743004,0.0008524895670704453,35.2977045222378,0.030377386991614044,-0.9641930792608673,-1.1738121008116928,-0.7680315098693975
cos_theta1,100,1.0,0.028426106413182637,0.0008389888185048671,33.88138886503853,0.02869039294261869,-1.0530551442232448,-1.2747848258861323,-0.8496364329290462
cos_theta1,106,1.06,0.026458773420254607,0.0008378899816394091,31.57786105579825,0.02647121191225573,-1.1680857818088435,-1.4090157676962283,-0.9364772840738967
cos_theta1,112,1.12,0.024664420394388115,0.0008598062882482104,28.686020015787495,0.02474352187230008,-1.231511905873387,-1.4800334667955422,-1.0015246895487144
cos_theta1,119,1.19,0.022470473999243075,0.0008855590935591468,25.374336012893377,0.022855416512640354,-1.2491167025349703,-1.5121853248094925,-1.0081014638643448
cos_theta1,126,1.26,0.02063760438581987,0.000853286317502407,24.186025209248303,0.02123514262937486,-1.2662640988257825,-1.5376395925499078,-0.9984273652764792
cos_theta1,133,1.33,0.01888421318729474,0.0008625887344758258,21.89248761609461,0.01940838266182514,-1.3042709456003647,-1.598801822809371,-1.0131454786851453
cos_theta1,141,1.41,0.017084047726925282,0.0008837455361826669,19.33141048804582,0.017618940809215777,-1.3977248606707346,-1.7250326985332836,-1.1033559955135834
cos_theta1,150,1.5,0.014997420019339043,0.0008866703284297325,16.91431362759036,0.015216259924002247,-1.3307583762181128,-1.6480273000301582,-1.0415705662224708
cos_theta1,158,1.58,0.013195065208910298,0.0008849237525798951,14.910962860293418,0.013272022736268698,-1.2983085674285797,-1.6504894336859368,-0.9959555514329996
cos_theta1,168,1.68,0.011852761284818034,0.0008256559960056603,14.355568592923749,0.011804722164688794,-1.092553155788939,-1.4879089366577511,-0.7360591158580387
cos_theta1,178,1.78,0.010567370266030966,0.0007619367726275561,13.869090777164033,0.010792579540385008,-0.8462222673529903,-1.3042267519840047,-0.43204495152665
cos_theta1,188,1.8800000000000001,0.009901715138004339,0.0007576886582703504,13.068316425123674,0.010227183556710063,-0.7687576503922848,-1.2600727468231636,-0.34144196728562937
cos_theta1,200,2.0,0.009248205748701178,0.0008433082866554118,10.966577579096091,0.009107437401251523,-0.5877838803679968,-0.9768090611094901,-0.251675847393432
cos_theta1,211,2.11,0.008516411533313761,0.0009039050326153598,9.421799001021563,0.008398614384320843,-0.4917646799351676,-0.8644112271169755,-0.15851223741126352
cos_theta1,224,2.24,0.008063844208175259,0.0008152855286192068,9.890822202906556,0.00814693472963428,-0.5706925812772419,-1.032419340500069,-0.15220894691514172
cos_theta1,237,2.37,0.007781454661744065,0.0007451631084505228,10.442619305086996,0.00791083799167397,-0.8308472240973471,-1.4766322045881972,-0.24174668968081983
cos_theta1,251,2.5100000000000002,0.006912810905636931,0.0007849956921340395,8.806176868110196,0.006753600622073534,-1.0840773409649993,-1.917598782841456,-0.4415343566849702
cos_theta1,266,2.66,0.005392607840555962,0.0008260104863454156,6.528498039310505,0.005310541408742417,-1.2793522318579458,-2.0403717356248428,-0.7417071829664237
cos_theta1,282,2.82,0.004300045198657539,0.0008819442264668228,4.875643005095742,0.004332421588984772,-1.2755826628000644,-2.270640789693691,-0.6453038330829126
cos_theta1,299,2.99,0.0035202954173713303,0.0007600844046389643,4.631453291090021,0.0037718710524119073,-0.9084560582751513,-2.1744613009528626,-0.15161242693206928
cos_theta1,316,3.16,0.003016953695883953,0.0007998857840821096,3.7717306094469327,0.0032985568505305217,-0.31598384075868735,-1.247758911762902,0.4630891283765209
cos_theta1,335,3.35,0.0028811641093656904,0.0009116339973667246,3.1604395159548657,0.0034509722515311276,-0.025104312623437704,-0.8043371736384451,0.6977324314630112
cos_theta1,355,3.5500000000000003,0.003414248226740554,0.0008027985233784817,4.252932868351698,0.004027776838279943,0.015531361442989697,-0.8676765940663304,0.8299754866749249
cos_theta1,376,3.7600000000000002,0.003452900459559823,0.0007306368572218889,4.725877739988148,0.004167656501189925,-0.6630457840072942,-2.6955365638735014,0.4568462782343545
cos_theta1,398,3.98,0.0030556224771449555,0.0008085882873453586,3.7789596077093055,0.003936692550488058,-1.5512375296947092,-4.071178252932622,-0.2898213033511802
cos_theta1,422,4.22,0.0016182488131600292,0.000803149871624753,2.014877758601082,0.002416677264156891,-1.0907584114405773,-3.14565576485538,-0.21394901293837776
cos_theta1,447,4.47,0.0008194014067113796,0.0008564308146832186,0.9567631064448147,0.0010111141774060727,-1.7660192573893196,-3.864287479370204,-0.3161380827937917
cos_theta1,473,4.73,0.001198629632897067,0.0007007857808167587,1.7104080386734966,0.0011367025002399875,-1.2519694218696242,-3.558928062763006,0.9371471357046508
cos_theta1,501,5.01,0.0004955849453000848,0.0007681265508747588,0.6451865838196872,0.0009096844429651415,-0.18545639778807602,-2.2674219033077594,2.0976039251898793
cos_theta1,531,5.3100000000000005,0.00041341552219237385,0.0007600766956924977,0.5439129031784291,0.00021943342235455736,-1.0484402710820346,-2.8307174221454114,1.1449740623094047
cos_theta1,562,5.62,0.000662022288906226,0.0007387249463520656,0.8961688544232752,0.0007122256684350402,0.3995915254889757,-1.7087387617994092,2.201048294149603
cos_theta1,596,5.96,0.0003300858186648649,0.0007428625476249575,0.4443430614724064,0.000995565004303599,0.41330514750006897,-1.8720438240394477,2.4523134916050497
cos_theta1,631,6.3100000000000005,0.0008331450492122265,0.0007886614356250229,1.0564039416380868,0.001666791254694243,-0.01811812476489856,-1.8406534475147924,1.9397391527722536
cos_theta1,668,6.68,0.0007282768368080876,0.0008941332734430754,0.8145059114103675,0.0016301092270902253,0.479083668143205,-1.6237295404037888,2.1250041770359553
cos_theta1,708,7.08,0.0006447397598359957,0.000944566601676282,0.682577341493764,0.001227634691616106,nan,-2.3864214882920396,1.0338374899841305
cos_theta1,750,7.5,0.0006903105205579598,0.0009291692501192672,0.7429330237406718,0.0005206427590666498,nan,-2.9915997663440677,1.0911460701518831
cos_theta1,794,7.94,-0.00035655906794514376,0.0008136180049111985,-0.4382389103889853,-0.0011703333336595667,nan,-2.5015896257359596,0.9981150575789168
cos_theta1,841,8.41,-0.0011754774708737437,0.0007250709380984217,-1.6211896093319678,-0.0015103431128477022,nan,-1.184888292156821,-0.7946291942105157
cos_theta1,891,8.91,-0.0015567004537622453,0.0008412286981084955,-1.8505080214958067,-0.0011887986453658148,nan,-1.6896638771149866,1.3656492309727077
cos_theta1,944,9.44,-0.0019529204738809019,0.000762174232004467,-2.562301888302957,-0.002278742378586882,nan,nan,nan
cos_theta1,1000,10.0,-0.0005090917664617345,0.0008127291270836391,-0.626397836002921,-0.0011395771855895742,nan,nan,nan
sin_theta1,0,0.0,0.4771210934959255,0.0007194400477735901,663.1839511470689,0.47729893504627746,nan,nan,nan
sin_theta1,1,0.01,0.4454940347612934,0.0007174357589883733,620.9532061650596,0.4455345243860486,nan,nan,nan
sin_theta1,2,0.02,0.4190304826700905,0.0007338341576624152,571.0152332032172,0.4189762649198282,-6.609706953558622,-6.647248369232605,-6.573806423937174
sin_theta1,3,0.03,0.3927310762633574,0.0007367266709870587,533.0756869941744,0.3925896466508766,-6.77511262556297,-6.812740720372817,-6.7387268770745425
sin_theta1,4,0.04,0.3662741311644043,0.0007382032695093647,496.1697492993261,0.3660524177295403,-7.27029667156331,-7.311904589139663,-7.2316446735211395
sin_theta1,5,0.05,0.33973956942115563,0.0007451610874897965,455.9276847985003,0.33944252559430593,-7.8329945339491545,-7.880476268938022,-7.788033127983213
sin_theta1,6,0.06,0.31329079019870887,0.0007438599129593739,421.16907329003936,0.31291761322700523,-8.435334696956287,-8.489687168848691,-8.384631507601497
sin_theta1,7,0.07,0.28709274359262116,0.0007474234213255122,384.1099106627924,0.28667360847480566,-9.063373001406507,-9.12364067952298,-9.007751603808233
sin_theta1,8,0.08,0.2613782671222065,0.0007386891391642479,353.8406797451085,0.2609178010438181,-9.734515295644734,-9.802381440283991,-9.672245944511088
sin_theta1,9,0.09,0.2364281678455135,0.0007287429838362369,324.43285642478804,0.2359373208261831,-10.446656703575476,-10.523895604261336,-10.376492945895563
sin_theta1,10,0.1,0.21224710586336346,0.0007177352594600986,295.71781944086445,0.21171453026480694,-11.217207600462766,-11.307190231350207,-11.133764019587318
sin_theta1,11,0.11,0.1890362969209526,0.0007047778425375151,268.2211124009482,0.1885073325038627,-12.070170297831481,-12.176487621637254,-11.972836802209113
sin_theta1,12,0.12,0.16688089483797375,0.0006981608758187319,239.02928482245994,0.16636103572895575,-13.012747878069678,-13.137440240518096,-12.895314381210065
sin_theta1,13,0.13,0.1458877688862042,0.0006876205686698666,212.1631834958188,0.14537916552122684,-14.112305976738684,-14.265396210789579,-13.965051264064124
sin_theta1,14,0.14,0.12612093830987403,0.0006774825796701692,186.16115320821345,0.12563316229631477,-15.41749932567981,-15.608545421096874,-15.237603325121169
sin_theta1,15,0.15,0.10749526550159291,0.0006704062732001667,160.34346604256413,0.10703279006993312,-17.009945463861545,-17.262463983194873,-16.777339911771435
sin_theta1,16,0.16,0.09006939064063811,0.0006650240108495009,135.43780250217367,0.08962624139478059,-19.030542475281408,-19.361431227393272,-18.72440692828511
sin_theta1,17,0.17,0.07387982608356729,0.0006589964608532098,112.10959462197154,0.07347378656325415,-21.714039143943992,-22.16614708437073,-21.29582674137491
sin_theta1,18,0.18,0.05891051369287732,0.0006593409992345909,89.34756637500892,0.05857888239970799,-25.543679441084706,-26.244414658636803,-24.92162875641674
sin_theta1,19,0.19,0.045100134961311836,0.000653891806822892,68.97186123258355,0.04485348611633145,-31.54373658450546,-32.740448156277026,-30.5014089976189
sin_theta1,20,0.2,0.032421870247817536,0.0006511718743415094,49.79003474405863,0.032243088588182804,-43.20581689708683,-45.992123141666305,-40.96820129635356
sin_theta1,21,0.21,0.02091967989950201,0.0006464721044388382,32.35975652446918,0.020808089677212593,nan,nan,nan
sin_theta1,22,0.22,0.01046238976513921,0.0006449262960080206,16.222613079819425,0.010403049514807793,nan,nan,nan
sin_theta1,24,0.24,-0.007415156321546548,0.0006338520225997091,-11.698560637439783,-0.007379027302096532,nan,nan,nan
sin_theta1,25,0.25,-0.01492254541065395,0.0006323480374390963,-23.598626906612633,-0.01482770378461546,nan,nan,nan
sin_theta1,27,0.27,-0.02750130523398774,0.0006296041186400506,-43.680313422013114,-0.027278249551289116,nan,nan,nan
sin_theta1,28,0.28,-0.03262994359305505,0.0006253035040010926,-52.182569559050535,-0.03238608291275221,nan,nan,nan
sin_theta1,30,0.3,-0.04073009700438462,0.0006154283096072601,-66.18170852487566,-0.040468562973327835,nan,nan,nan
sin_theta1,32,0.32,-0.04652123237185286,0.0006257959152519372,-74.33930333841188,-0.04625543739991631,nan,nan,nan
sin_theta1,33,0.33,-0.048543254537899976,0.000625854123024967,-77.56320962347236,-0.04829422239334069,nan,nan,nan
sin_theta1,35,0.35000000000000003,-0.051273109689880116,0.0006304599749382657,-81.32651037030661,-0.051045691043232075,nan,nan,nan
sin_theta1,38,0.38,-0.052661729862198844,0.0006555115884689379,-80.33684039850392,-0.05246729165324935,nan,nan,nan
sin_theta1,40,0.4,-0.05232291502341198,0.0006573634590061794,-79.59510725240985,-0.05216622714210687,nan,nan,nan
sin_theta1,42,0.42,-0.0512528080000773,0.0006561797507489437,-78.10787812574054,-0.051174578442784675,nan,nan,nan
sin_theta1,45,0.45,-0.0486710348424911,0.0006663566836089465,-73.0405142466521,-0.04871735201019838,nan,nan,nan
sin_theta1,47,0.47000000000000003,-0.04661465628969228,0.0006836591176448855,-68.18406291467824,-0.04671106265907847,nan,nan,nan
sin_theta1,50,0.5,-0.043278914447121244,0.0007097036199699539,-60.9816735173952,-0.04344135601313055,nan,nan,nan
sin_theta1,53,0.53,-0.03975115404764319,0.0007231037559336154,-54.97296027223588,-0.03996022798805915,nan,nan,nan
sin_theta1,56,0.56,-0.03635246540770806,0.0007083465075564153,-51.32017313548033,-0.03654806678436978,nan,nan,nan
sin_theta1,60,0.6,-0.032169132897619086,0.000700420633686999,-45.9283055787227,-0.03234784455118223,nan,nan,nan
sin_theta1,63,0.63,-0.029262493689765186,0.0006954337818788399,-42.07804459931078,-0.02944954545252377,nan,nan,nan
sin_theta1,67,0.67,-0.02536141745043119,0.0007136161263368061,-35.539299792198555,-0.02555495012563251,nan,nan,nan
sin_theta1,71,0.71,-0.021674285569220304,0.0007240736033650292,-29.933815386297944,-0.02169344789075981,nan,nan,nan
sin_theta1,75,0.75,-0.018125468139237814,0.0006950879774127548,-26.076509345916378,-0.0179151372171645,nan,nan,nan
sin_theta1,79,0.79,-0.014758923941900282,0.0006466584000148824,-22.823370022813616,-0.014353432884024499,nan,nan,nan
sin_theta1,84,0.84,-0.010941124541291782,0.0006005205180171283,-18.219401690750747,-0.01038503446311503,nan,nan,nan
sin_theta1,89,0.89,-0.007834092153766497,0.0006380407459548964,-12.278357147930949,-0.007351614163402736,nan,nan,nan
sin_theta1,94,0.9400000000000001,-0.005320744742194168,0.0006693817811421395,-7.948744486465695,-0.005056949256309099,nan,nan,nan
sin_theta1,100,1.0,-0.003153904164759375,0.0006780463792095036,-4.651457866991835,-0.0032038749324795296,nan,nan,nan
sin_theta1,106,1.06,-0.0016127974644111304,0.0006891359252443763,-2.340318368744471,-0.0018067071587805426,nan,nan,nan
sin_theta1,112,1.12,-0.0006797331690579662,0.0006973056952381403,-0.9747993938667417,-0.0009997634380179506,nan,nan,nan
sin_theta1,119,1.19,-0.0001315910199831728,0.0006973102522596001,-0.18871229779966447,-0.0005060148915031639,nan,-5.825683836663144,15.008153360321842
sin_theta1,126,1.26,2.636520755064732e-05,0.0006739387654998175,0.03912107286348771,-0.00026250952853690464,nan,-9.582815607028177,11.125814250130905
sin_theta1,133,1.33,5.215323517524861e-05,0.0005977690369567257,0.08724646468937824,0.0001823996184061766,nan,-11.839361410584333,7.773518678030353
sin_theta1,141,1.41,-0.00017610597841496834,0.0005568060629122639,-0.31627884490675423,0.0001761585992814827,nan,-10.08320723970799,9.87667323880852
sin_theta1,150,1.5,-0.0002757352218990788,0.0006199594671613563,-0.4447633055135094,0.00018501680460776435,0.04674094528268266,-8.768549851595894,10.10482429339292
sin_theta1,158,1.58,-0.0003306233622230435,0.0007365932372416632,-0.44885473488887306,0.0001435340117214835,nan,-7.855921970179625,10.028784557670704
sin_theta1,168,1.68,5.3013444242122474e-05,0.0008167695956643855,0.06490624102994395,0.0005106321418103116,nan,-5.547670390143674,9.784266316907331
sin_theta1,178,1.78,6.383901036106175e-05,0.0008078933758912916,0.07901910359226882,0.00020170756220114282,nan,-7.916494476075404,6.35137189916739
sin_theta1,188,1.8800000000000001,-0.0006005942081950156,0.0006643649072428018,-0.9040125413721163,-0.0005555604465276185,nan,-5.6924458203114,4.318240468701621
sin_theta1,200,2.0,-0.000524036666070186,0.0007096606919195466,-0.7384327074009552,-0.0003192029274373156,nan,-8.422253991833292,11.605306313613415
sin_theta1,211,2.11,-0.0007565809338755853,0.0007358709932703058,-1.0281434392640507,-0.0009359457374993849,nan,-5.78089688694729,7.050602834828362
sin_theta1,224,2.24,-0.0005299172796599613,0.0007934069966060574,-0.6679009410388095,-0.0010355298299464782,nan,-5.006256722054253,7.781488328482096
sin_theta1,237,2.37,-6.584267177195445e-05,0.0007532910638848953,-0.0874066810674597,-0.00032365865835753656,nan,-5.529365575133055,4.529793618981963
sin_theta1,251,2.5100000000000002,4.48838837812432e-05,0.0007024192790276913,0.06389899184340832,0.000310125811845991,nan,-7.417099835710267,7.940462226352144
sin_theta1,266,2.66,-0.0005010602083725688,0.0006959967781305984,-0.71991742507542,9.335982375372803e-05,nan,-5.146421305570953,5.617741416106464
sin_theta1,282,2.82,-0.0005826008999503063,0.0006948227717484281,-0.8384884946765194,-0.0004433653184133633,0.849925752086665,-4.748494042359427,4.722612330227434
sin_theta1,299,2.99,0.00039160840387751823,0.0006007887898497695,0.6518237531952653,-7.2112247563376e-05,nan,-3.7825455845747222,4.993702324279689
sin_theta1,316,3.16,7.798609435855729e-05,0.0006363118576650464,0.12255954909394294,-0.00016782291252618925,nan,-2.9832752113787406,5.482813756223504
sin_theta1,335,3.35,-0.00028417408438938805,0.0006792519146298424,-0.41836331745085825,-0.0004189245568535913,nan,-5.186588431280369,3.0514169932396484
sin_theta1,355,3.5500000000000003,0.000410515442184423,0.000643681856241162,0.637761400611266,0.0003292355053304519,0.9003866773164705,-3.6096131064852273,3.832039465458491
sin_theta1,376,3.7600000000000002,-3.849816300795145e-05,0.0005633600161009563,-0.06833669750721612,-5.531976996301559e-05,nan,-3.305251001422881,4.1312427507308875
sin_theta1,398,3.98,0.00016317897568004833,0.0007169065483865929,0.2276154068438692,0.0003564728713075848,nan,-4.866602195675779,2.633874198572514
sin_theta1,422,4.22,-0.0005927408487685827,0.0007124451326376595,-0.8319810489463237,-0.00025484645380090016,nan,-3.7471590750882746,2.9758297599317847
sin_theta1,447,4.47,-0.0003411053551672652,0.0005580990760172065,-0.6111913992073134,0.0002474632313330346,0.21204504767103002,-3.1356655585067585,3.0797284332916064
sin_theta1,473,4.73,-0.0005462658525049918,0.0006517617351887048,-0.8381373483775192,-7.632585768856511e-05,nan,-2.058263558897344,3.6312884522145312
sin_theta1,501,5.01,0.00020300975008069556,0.0006594904932109917,0.3078281676090005,-3.359635457551373e-05,nan,-3.074961280923257,3.8473043219183594
sin_theta1,531,5.3100000000000005,0.00041241115631314906,0.0007790081312723324,0.5294054577319615,0.00010010757141030942,nan,-1.7828462846775315,3.260831432442051
sin_theta1,562,5.62,-9.404214735973267e-05,0.0006999139995797494,-0.13436243226481906,0.0001703433277561356,1.2881645874947547,-1.4521227081828978,2.8745950429898413
sin_theta1,596,5.96,0.00027828877739033143,0.0007740290440687877,0.3595327326833488,0.00046692132175096465,nan,-3.047483499102894,1.7183843338057156
sin_theta1,631,6.3100000000000005,0.0010834091529939838,0.000722787704826922,1.4989313539214337,0.0012530927824437822,nan,-2.7457465968287273,1.756010071653631
sin_theta1,668,6.68,-0.00047981156512434393,0.0007678142084525057,-0.6249058168529886,-0.0009863330578029849,nan,-2.63897214047309,1.3823376656087394
sin_theta1,708,7.08,-0.0001047716988026397,0.0005660119995196588,-0.18510508415290364,0.0001906351001113903,-0.21181139273870095,-1.678217717766107,1.3361555175468465
sin_theta1,750,7.5,-0.0009303007886451636,0.000644547732730151,-1.4433388582481403,-0.0013514263137907035,nan,-1.7806435161501823,2.304423850823342
sin_theta1,794,7.94,0.0007670986425843053,0.0007728378826668566,0.9925738111300307,0.0008069068214009171,nan,-1.598329655110211,2.04741270510816
sin_theta1,841,8.41,-0.001089583531076451,0.0006753226836868517,-1.6134265254174294,-0.001104225566813973,nan,-1.0500791947736174,2.304917061281436
sin_theta1,891,8.91,0.00045843983181486595,0.000666623382353401,0.687704397941191,0.0012314046097000079,-0.04072631556513012,-1.3585054692623857,1.1698308096522823
sin_theta1,944,9.44,-0.00036212678864960726,0.0007623763861921813,-0.4749973834555805,-0.0007703718972806423,nan,nan,nan
sin_theta1,1000,10.0,0.0007053676747667523,0.0008097109338964868,0.8711351733542557,0.0007817598431314414,nan,nan,nan
cos_theta3,0,0.0,0.48885030626490267,0.0006841525697524559,714.5340496810256,0.4888723013290795,nan,nan,nan
cos_theta3,1,0.01,0.4581582537293406,0.0006769913193691375,676.7564673595532,0.4583367731207683,nan,nan,nan
cos_theta3,2,0.02,0.4338029933378378,0.0006866558065904578,631.7619237676831,0.4340486589067492,-5.732716131528212,-5.771035029048674,-5.69450229670367
cos_theta3,3,0.03,0.4108725907288031,0.000698607275867191,588.1309927938858,0.41116399006823917,-5.533616491370907,-5.5664787163339176,-5.500787831344627
cos_theta3,4,0.04,0.3886766154747626,0.0007097383393089948,547.6336756066755,0.3890343206689283,-5.616341924631974,-5.65090544604352,-5.583274587279863
cos_theta3,5,0.05,0.36718653803038065,0.0007158144742394454,512.9632764418702,0.3675799954877116,-5.730661696097537,-5.769460749755273,-5.694654573047785
cos_theta3,6,0.06,0.3465187125535538,0.0007299410832423065,474.72148164939733,0.3469856070012371,-5.822550469016144,-5.863895460452133,-5.783380877835402
cos_theta3,7,0.07,0.32670469855450734,0.0007478972577242359,436.83098872247723,0.3272171154688507,-5.878374146934202,-5.923156995609104,-5.835626415408893
cos_theta3,8,0.08,0.3079217389692514,0.0007620741656852017,404.0574432704861,0.3085047462505909,-5.90109729138018,-5.947104619941608,-5.8565530183515015
cos_theta3,9,0.09,0.29024779715065036,0.000777600775204575,373.2606838956539,0.2908982972832883,-5.880891402200473,-5.926467049917715,-5.835249804594503
cos_theta3,10,0.1,0.2736617705991889,0.0007860075962508492,348.16682676416724,0.2743517299122755,-5.829420537921188,-5.876947032558089,-5.78228793634553
cos_theta3,11,0.11,0.25822235227396445,0.0007934330218617633,325.4494647425369,0.2589412828389661,-5.74925543183508,-5.800690135275342,-5.697607793688516
cos_theta3,12,0.12,0.24387817916799315,0.0008083504318119684,301.6985821623486,0.24462979397322732,-5.649037878480355,-5.702723517341407,-5.594121440349164
cos_theta3,13,0.13,0.2306184962341051,0.0008223034788977953,280.45423879663394,0.23138818937429592,-5.53261034744213,-5.589192110741851,-5.474456954029701
cos_theta3,14,0.14,0.21831334973805636,0.0008295514996540164,263.170339429329,0.21910961121979272,-5.402998644279549,-5.462563115413313,-5.343931659178742
cos_theta3,15,0.15,0.20695815651257257,0.0008335729402432097,248.27840075061562,0.20773958799778885,-5.2729026605557605,-5.33255086143027,-5.212646346136822
cos_theta3,16,0.16,0.19647769023078512,0.0008400250200977888,233.8950454212814,0.1972463853675361,-5.130904488423702,-5.191991200950065,-5.068854328265341
cos_theta3,17,0.17,0.18676454528222142,0.0008468050071842464,220.55200866518436,0.1875060775211293,-4.991048231131606,-5.0542377185046305,-4.927473413526597
cos_theta3,18,0.18,0.1778063853116656,0.0008518669602991793,208.72553297432646,0.17853908574296795,-4.850317924483337,-4.913947628743429,-4.787869358683087
cos_theta3,19,0.19,0.16950369078652716,0.0008495056059142379,199.53216271493264,0.17021006856246604,-4.7105294144577226,-4.77727835005863,-4.6456812237938365
cos_theta3,20,0.2,0.16182834459021975,0.0008416341377336605,192.27873173727082,0.1625467193579459,-4.590032039925256,-4.65574244185531,-4.524279716637687
cos_theta3,21,0.21,0.15469068319563387,0.0008324773673685808,185.81968622715036,0.15540998767696151,-4.432821025047225,-4.502573434740849,-4.364285862330169
cos_theta3,22,0.22,0.14798248967043134,0.0008232547013036023,179.75298463052195,0.1487124715285326,-4.339258090507628,-4.410397474755409,-4.2676455191092915
cos_theta3,24,0.24,0.13580684921289063,0.0008210935028907317,165.39754453636607,0.1365082892291904,-4.226398430354219,-4.299487689981012,-4.151579384335753
cos_theta3,25,0.25,0.13026531660780444,0.0008171262714461165,159.4188330002733,0.13097614512837685,-4.152191982636672,-4.228437522740496,-4.071021716866696
cos_theta3,27,0.27,0.12004223329202153,0.0008134697480639901,147.5681592065531,0.12076528315218676,-4.042378664207528,-4.128660970062362,-3.95197606976896
cos_theta3,28,0.28,0.11534901377890158,0.000818687576888038,140.89503375312177,0.11610088741480357,-3.97444160961981,-4.061669811841299,-3.886670643287421
cos_theta3,30,0.3,0.10655815900418013,0.0008149772573116108,130.7498559600137,0.10734937096545885,-3.9074025951867375,-4.001460522357207,-3.8144737406839835
cos_theta3,32,0.32,0.09862870598273582,0.0008102023397270014,121.73342527740525,0.09941846920295007,-3.8514487557916737,-3.9529377817146045,-3.7522477626072255
cos_theta3,33,0.33,0.09495465570205673,0.0008083952808916149,117.46067542270539,0.09573257205584933,-3.7425984215073087,-3.8547242748507315,-3.632894140854725
cos_theta3,35,0.35000000000000003,0.08809017642168664,0.0008056517847859815,109.34026099760639,0.0888383901973954,-3.6383243135966516,-3.7563735519911043,-3.5210640474261514
cos_theta3,38,0.38,0.07898698217625484,0.0007937185910611548,99.51509649113034,0.07965011775497616,-3.558645547761351,-3.680273291093699,-3.4395577062869056
cos_theta3,40,0.4,0.07372164228426131,0.0008003782817894415,92.10849914547724,0.0742741086251561,-3.3892705891233774,-3.5157305601957445,-3.268775456516599
cos_theta3,42,0.42,0.06893205918058565,0.000803146424154258,85.82751178052443,0.06935379788220652,-3.1875644636766944,-3.317768070991974,-3.0597134623881366
cos_theta3,45,0.45,0.06276728278452864,0.000801212144385953,78.34040363009392,0.06299177443641055,-2.9806523581567395,-3.1140864475584777,-2.8519539442545
cos_theta3,47,0.47000000000000003,0.059287723121528524,0.0007870934668367616,75.32488277383254,0.059438457025437354,-2.7514836972721057,-2.8976565269916055,-2.615314004896398
cos_theta3,50,0.5,0.054720104008955536,0.0007755754900477536,70.55419454473261,0.05483744099130523,-2.4761895200329462,-2.629157206785924,-2.337933013096649
cos_theta3,53,0.53,0.050930306719629635,0.0007705071965183342,66.09971581026986,0.050985318761198065,-2.2120051908894527,-2.3745809585413324,-2.061939970825502
cos_theta3,56,0.56,0.047801313382791415,0.0007584955301896893,63.02121961198237,0.047866603860432705,-1.9475927739363839,-2.124889733183764,-1.7816837040260562
cos_theta3,60,0.6,0.044471190710894275,0.0007657611390056118,58.07449404998909,0.04455627588050251,-1.672772833905275,-1.84384377593982,-1.506190040356731
cos_theta3,63,0.63,0.04248045608962819,0.0007719116203598963,55.032797757108625,0.04260405383843605,-1.4877513638028164,-1.6567764666836227,-1.3176904554348534
cos_theta3,67,0.67,0.04029671558532814,0.0007738804292009212,52.07098417896025,0.040469043651912215,-1.32881006272318,-1.5045277289005432,-1.146422723184134
cos_theta3,71,0.71,0.038240318272605385,0.0008137857422740017,46.99064666056765,0.038391085055603034,-1.24531212197968,-1.4363503994986018,-1.0531556494754837
cos_theta3,75,0.75,0.036434643639481575,0.0008552931088760785,42.59901460840661,0.036581833085709274,-1.1687269295476763,-1.3744426618651724,-0.9696157885396595
cos_theta3,79,0.79,0.03480615273673729,0.0008912076162583251,39.05504407925571,0.03502150793933845,-1.0699131406948148,-1.2708440954276816,-0.8645524878586747
cos_theta3,84,0.84,0.03303562050233412,0.0009326158001066532,35.422540019755395,0.03319599728067343,-1.0237127274221223,-1.2411123528325385,-0.8110864669932134
cos_theta3,89,0.89,0.031541560143143216,0.0009433681802359054,33.43504774059234,0.03165572654067413,-1.0073491686015237,-1.223041347162494,-0.8018291517675543
cos_theta3,94,0.9400000000000001,0.02999451861529447,0.0009676948733602695,30.99584325701766,0.0301386535400949,-1.0257725452896156,-1.2518802013882748,-0.8049901594480593
cos_theta3,100,1.0,0.028169810321827252,0.0009858605152607888,28.573829548671515,0.028307670023233977,-1.0606303054457467,-1.2949057314949854,-0.8405370035925184
cos_theta3,106,1.06,0.026361811492099964,0.0010232847211663807,25.76195163165509,0.02669458283187333,-1.137129489643558,-1.3831910306009787,-0.9259964938429543
cos_theta3,112,1.12,0.024713782293290545,0.0010258661113512076,24.090650836237366,0.02538540436896316,-1.2216454438478408,-1.4874425372642495,-0.9908812627569668
cos_theta3,119,1.19,0.02257249838683896,0.0009984007804837419,22.608654588493216,0.0235937504773728,-1.2298469308944053,-1.5299516754893299,-0.9650519642438818
cos_theta3,126,1.26,0.02050406241558198,0.0009365606935021894,21.89293503116042,0.021666696095501342,-1.1556150530303018,-1.4520817178991936,-0.8828178641365387
cos_theta3,133,1.33,0.018913155860280917,0.0009094693744325711,20.795813902014086,0.020037729547620606,-1.023840540429507,-1.2930829994985056,-0.7652620181739841
cos_theta3,141,1.41,0.017676440543590733,0.0009048254443460998,19.53574653989219,0.018811644121979387,-0.9033763491141779,-1.202085945205166,-0.6189327311631034
cos_theta3,150,1.5,0.016433825023065,0.000932257525992714,17.627988581336954,0.017468906895782545,-0.8343143416010552,-1.1397953114784167,-0.5303383482738285
cos_theta3,158,1.58,0.015356557805630519,0.0009233075752063122,16.632115037287665,0.016063098063697146,-0.9659518820387646,-1.3290488042197885,-0.6224657560644682
cos_theta3,168,1.68,0.014123608199363967,0.0008244767029422555,17.13039088789529,0.014579877194007222,-0.9984402385894898,-1.387590816854709,-0.6404985540664411
cos_theta3,178,1.78,0.012364512988011144,0.000840468933866553,14.711445586844668,0.012665621924102127,-1.0029038279892941,-1.4026136705028989,-0.6386108611930423
cos_theta3,188,1.8800000000000001,0.011245121852889143,0.0008676030026642335,12.961137546040812,0.011419310189352905,-1.0172988280605852,-1.4337054202182515,-0.6406258291365485
cos_theta3,200,2.0,0.010077679155804766,0.0008630225727836818,11.6771906942123,0.010322136810780567,-0.9707182435184324,-1.4673297455610006,-0.5439548512579842
cos_theta3,211,2.11,0.009119447686424526,0.0008779469530456504,10.387242252836138,0.00946383936388675,-0.9257298093977179,-1.4412322993884936,-0.5021771039310492
cos_theta3,224,2.24,0.007911363327413953,0.0009003726975007028,8.786765024500065,0.008602933403336345,-1.0659889233339228,-1.6946560672500242,-0.5861788328193267
cos_theta3,237,2.37,0.007144385581783028,0.0009534952265293082,7.492838331019612,0.008114731874770622,-1.1043157770343963,-1.7514356335073047,-0.6155389496257014
cos_theta3,251,2.5100000000000002,0.005851327992540344,0.0009263363465741397,6.316634356603032,0.006966259936291686,-0.9325682864958207,-1.6238889205273939,-0.41348852592016944
cos_theta3,266,2.66,0.0049680905155649,0.0008393011736858719,5.919317965143612,0.006205823157772107,-1.2443097492684794,-2.5594501292007177,-0.5286220616286538
cos_theta3,282,2.82,0.004606233595904697,0.0008096071215492972,5.689467734782299,0.0057494545847606325,-1.1900175158552353,-2.6318234229075865,-0.42882599760452206
cos_theta3,299,2.99,0.003303078030916345,0.0009213170680322305,3.585169694045865,0.004131522039328886,-1.5566371511872994,-3.4789244605955547,-0.6919244381823539
cos_theta3,316,3.16,0.0026997448200398143,0.0008500527463745431,3.1759732928976097,0.0032733424150777723,-2.371399575539094,-6.06989341094435,-0.8861259193481639
cos_theta3,335,3.35,0.0016971594297999478,0.0006843983568385522,2.47978302817624,0.002011554510439222,-1.5809726131879724,-4.542070105158471,-0.014309064934134755
cos_theta3,355,3.5500000000000003,0.0008156979315605444,0.0008024749574889946,1.0164777404555096,0.0006656274681471699,-2.01142762997001,-4.9657631753816025,-0.0279688944191837
cos_theta3,376,3.7600000000000002,0.0009777569651022288,0.0008453278815300714,1.1566600208814317,0.0015937153208458493,-3.4005781121590406,-4.65027573066842,0.6950360441702624
cos_theta3,398,3.98,0.0005188121542836671,0.0008467844325100916,0.6126850404485726,0.00117430231685629,-1.0792086388875248,-3.5278094189001377,2.7680259512813574
cos_theta3,422,4.22,8.807671986098232e-05,0.0009459932583543329,0.0931050185433691,0.00019256743116981149,-1.5879657904702549,-3.505191340508344,1.899610454728749
cos_theta3,447,4.47,0.00030222511594991106,0.0009411516860277201,0.32112264201055635,0.0003056242818297323,nan,-3.218496024331644,1.975460228335027
cos_theta3,473,4.73,0.00020954412138465603,0.0009271107918174187,0.2260184254504102,-6.447321161558964e-05,nan,-3.044531937914418,2.3792521580691024
cos_theta3,501,5.01,-0.0003737618857683846,0.000952324299997987,-0.39247332633345033,-0.0002074261002250023,nan,-3.456640487007269,1.673225171880851
cos_theta3,531,5.3100000000000005,-0.00029052576245198715,0.000786773432984905,-0.3692622936564778,-0.00033792401766633695,nan,-2.7290931142445034,2.4052513421440658
cos_theta3,562,5.62,-0.0007568723635911379,0.000758774408747285,-0.9974932665964745,-0.0008296691253462706,nan,-1.655478576561945,2.38388663883972
cos_theta3,596,5.96,-1.6187634616989926e-05,0.0008396445268686455,-0.01927915218760466,-0.0001675396382496216,nan,-2.3680595872334105,2.5873061676589626
cos_theta3,631,6.3100000000000005,0.000517291283718376,0.0007908415923255863,0.6541022737527052,0.00036196621678910037,nan,-2.1710279023728605,1.4670435456627444
cos_theta3,668,6.68,-0.0007106758044720644,0.0008838899245499745,-0.8040320233697644,-0.0003810199022408698,nan,-2.1309063625638887,1.6375496804932748
cos_theta3,708,7.08,-0.0010129598934467976,0.0008806913787835576,-1.150187134619092,-0.0010842539199753941,nan,-2.328809475260464,1.2409703025070353
cos_theta3,750,7.5,-0.00047380101692544947,0.0008698069052668707,-0.5447197694758238,-0.0009603683908206739,nan,-2.134365627465459,1.320469738813168
cos_theta3,794,7.94,-0.0007437973555337628,0.0008634019485863285,-0.8614728710672966,-0.0008586131114156249,nan,-1.381624537166075,1.8229116559880743
cos_theta3,841,8.41,-0.0008630906109889793,0.00106851471613807,-0.8077479869518741,-0.0012851375351470504,nan,-1.4414871147129675,1.7660003644573654
cos_theta3,891,8.91,-0.0005333488120397385,0.0008894914032005393,-0.5996109800731744,-0.0004251052407076145,nan,-0.8065067965260441,2.067350734635491
cos_theta3,944,9.44,-0.0001690321844452369,0.0008648565081560592,-0.19544535174468022,-0.0006412608531411854,nan,nan,nan
cos_theta3,1000,10.0,0.0005509051844162878,0.0010315730631076407,0.5340437862507494,9.04115715800026e-05,nan,nan,nan
sin_theta3,0,0.0,0.4768029058982792,0.0006312420918481986,755.340798808678,0.4767875478526991,nan,nan,nan
sin_theta3,1,0.01,0.44503968632442703,0.0006430995675427398,692.0229911285862,0.4451715494125576,nan,nan,nan
sin_theta3,2,0.02,0.41857210849242155,0.0006636293963572694,630.7317168136422,0.4187162682369836,-6.610917281044309,-6.658464364966234,-6.564744463504935
sin_theta3,3,0.03,0.3923866345185262,0.0006729260833837693,583.1051050145553,0.3925455398055643,-6.759441934842888,-6.801764265306456,-6.715858766486656
sin_theta3,4,0.04,0.3660121461584953,0.0006913708427663012,529.40061037867,0.366133860589835,-7.250065711218877,-7.294696488290737,-7.202348260298484
sin_theta3,5,0.05,0.3396058850168517,0.0007008580180139116,484.5573230070555,0.3397160671482369,-7.803956556576093,-7.855443005953236,-7.7473246781876375
sin_theta3,6,0.06,0.3132014359544153,0.0007148362015882949,438.1443402817497,0.31329562856238563,-8.389629268036675,-8.449407700881334,-8.326297519504976
sin_theta3,7,0.07,0.2871743159374976,0.0007347918318154435,390.82404499241454,0.28726542262680915,-9.012107086048106,-9.08319829261487,-8.9395884051893
sin_theta3,8,0.08,0.26166926221409703,0.0007518843156014311,348.0179820013777,0.26174689159950254,-9.666239476577907,-9.744670984564252,-9.582535333307025
sin_theta3,9,0.09,0.23682027025979327,0.0007634243321171125,310.2079149128614,0.2368996359210896,-10.369899706144377,-10.459415971149497,-10.274016597020825
sin_theta3,10,0.1,0.21276685097232506,0.0007765398612073947,273.9934697511945,0.21284058466245778,-11.124440181474256,-11.231538655444167,-11.01444301128932
sin_theta3,11,0.11,0.18967145965776966,0.0007833504188185564,242.12849715945876,0.18977303735642148,-11.969912276159853,-12.096541987145741,-11.838650673258014
sin_theta3,12,0.12,0.1676877704650357,0.0007887751362746907,212.59261702518788,0.16778802913982152,-12.915699989312904,-13.063779150002516,-12.760749477464357
sin_theta3,13,0.13,0.14671691899319664,0.0007964186137849497,184.220856285528,0.14683200529751175,-14.01362132213809,-14.18903238286212,-13.829479789344841
sin_theta3,14,0.14,0.12692152349840527,0.0008014262527876971,158.3695605889112,0.12707557945407774,-15.324216525403648,-15.547999148133526,-15.09369996760974
sin_theta3,15,0.15,0.10828304250616597,0.000799710990593411,135.40271895702784,0.10845638806034236,-16.927469624355137,-17.221054081088717,-16.634288216487338
sin_theta3,16,0.16,0.09084321241738265,0.0008049471309790492,112.85612299392999,0.09101087249799897,-18.974559457988747,-19.36274989644032,-18.58770133986421
sin_theta3,17,0.17,0.07454524258507769,0.0008077601584600827,92.28635728604274,0.07468284585207972,-21.68512716170528,-22.2283025011703,-21.14070704478054
sin_theta3,18,0.18,0.05941736905358706,0.0008060018862111246,73.71864764845381,0.059537707976776315,-25.554958265123467,-26.362813026077347,-24.757354516445584
sin_theta3,19,0.19,0.045483220439396704,0.0008102999218750328,56.13134002795977,0.045599833377474364,-31.655886116668256,-33.064146199343256,-30.2732174638859
sin_theta3,20,0.2,0.032685669801280404,0.0008145741105217711,40.12608475899605,0.03280108517542093,-43.62664492451747,-46.94732863144881,-40.565616535318625
sin_theta3,21,0.21,0.021013619590188326,0.0008207138093474036,25.60407702521474,0.02110259449306647,nan,nan,nan
sin_theta3,22,0.22,0.010376263013562233,0.0008207033712211845,12.643134386206594,0.010482847182179096,nan,nan,nan
sin_theta3,24,0.24,-0.007779043547731582,0.0008156067824572517,-9.537737688123386,-0.0077222207748878675,nan,nan,nan
sin_theta3,25,0.25,-0.015405563292081894,0.0008106006777313384,-19.005120172361664,-0.015406403574857331,nan,nan,nan
sin_theta3,27,0.27,-0.028202662426212357,0.0007986711065539818,-35.31198536516251,-0.028312070156395575,nan,nan,nan
sin_theta3,28,0.28,-0.03334617949927192,0.0007943670635493724,-41.978300749624864,-0.03348733084166391,nan,nan,nan
sin_theta3,30,0.3,-0.041556912468404615,0.0007739504245517636,-53.694540567598324,-0.04175957450154526,nan,nan,nan
sin_theta3,32,0.32,-0.04731332279668318,0.0007526071878194593,-62.8658928089231,-0.047567107641832716,nan,nan,nan
sin_theta3,33,0.33,-0.04936468845753487,0.000744709841131994,-66.28714397341416,-0.04966532999946481,nan,nan,nan
sin_theta3,35,0.35000000000000003,-0.05212366308408431,0.0007333577519575764,-71.07535571138216,-0.05253363196321728,nan,nan,nan
sin_theta3,38,0.38,-0.05368447974174344,0.0007242209289905893,-74.12721393811172,-0.054247315593010145,nan,nan,nan
sin_theta3,40,0.4,-0.05330134395989259,0.0007036355389322612,-75.75135281082483,-0.05400937033544897,nan,nan,nan
sin_theta3,42,0.42,-0.052032889409983525,0.0006659263069835864,-78.13610735048799,-0.05290369009882082,nan,nan,nan
sin_theta3,45,0.45,-0.04909897647919472,0.0006162457855755373,-79.67434038244848,-0.05018481044068537,nan,nan,nan
sin_theta3,47,0.47000000000000003,-0.046827867610615866,0.0005980771039710922,-78.29737553852132,-0.04797504908998829,nan,nan,nan
sin_theta3,50,0.5,-0.043186616674704664,0.0005909442818021744,-73.08069136907547,-0.04426843609759605,nan,nan,nan
sin_theta3,53,0.53,-0.039441453430472936,0.0006176046945049095,-63.8619715513827,-0.040357223244337576,nan,nan,nan
sin_theta3,56,0.56,-0.03571080919920556,0.0006473081453706046,-55.16817524173124,-0.0364031658488127,nan,nan,nan
sin_theta3,60,0.6,-0.03104382581505674,0.0006979321380580452,-44.47971962064155,-0.03142502974047634,nan,nan,nan
sin_theta3,63,0.63,-0.02793315808281896,0.0007310766384195476,-38.208248786618704,-0.028073136744364884,nan,nan,nan
sin_theta3,67,0.67,-0.023967708882574247,0.0007489480242156512,-32.001832046589406,-0.02383292639478183,nan,nan,nan
sin_theta3,71,0.71,-0.020252313790903885,0.0007406671199771394,-27.34334121856114,-0.019866451737258026,nan,nan,nan
sin_theta3,75,0.75,-0.016805038941661306,0.0007151078830230981,-23.50000516092549,-0.016071742491716643,nan,nan,nan
sin_theta3,79,0.79,-0.013518857146153298,0.0006769345689936726,-19.970699924883967,-0.012515946804952842,nan,nan,nan
sin_theta3,84,0.84,-0.010023205004152415,0.0006538860432823935,-15.32867249136819,-0.008914284693233122,nan,nan,nan
sin_theta3,89,0.89,-0.006981071110682396,0.0006725335475477205,-10.38025706842088,-0.006010264939828996,nan,nan,nan
sin_theta3,94,0.9400000000000001,-0.004550041707311938,0.0007030112489719758,-6.472217498604089,-0.003791023080511347,nan,nan,nan
sin_theta3,100,1.0,-0.0027389146676984823,0.0007398153827014284,-3.70215966272202,-0.0021424384338763233,nan,nan,nan
sin_theta3,106,1.06,-0.001530265664359257,0.0007157715035393145,-2.1379248220870326,-0.0008658302908791756,nan,nan,nan
sin_theta3,112,1.12,-0.0010653418464624336,0.0007070343746245031,-1.5067751791109492,-0.0005409725949316572,nan,nan,nan
sin_theta3,119,1.19,-0.000538977969554778,0.0007353178768338812,-0.7329863539772756,-0.0002026600595446177,nan,-7.794556496318667,12.315605592214418
sin_theta3,126,1.26,-3.0286918936206833e-06,0.0006969838561885373,-0.004345426176989397,0.00012584092519081803,nan,-12.298389599184226,7.4569129940140995
sin_theta3,133,1.33,-0.0003049280740113406,0.0006518795060451185,-0.46776754167546364,-0.00034788842034201415,nan,-13.081581933336146,11.709301719216207
sin_theta3,141,1.41,-0.0005013275370791686,0.0005638690845165498,-0.8890849859395942,-0.0005768232694583639,nan,-10.266365542185197,9.452181203392184
sin_theta3,150,1.5,-0.0007170499717687815,0.0005855877405997842,-1.224496214750582,-0.0006161626463764143,nan,-13.489692206535302,10.974731164829578
sin_theta3,158,1.58,-0.000489561393045311,0.000666160572522226,-0.7348999824347563,-0.0003574091201186085,nan,1.1781176634160428,1.1781176634160428
sin_theta3,168,1.68,-0.0008573319179742726,0.0007067103143691367,-1.2131306145426677,-0.0010090703033894769,nan,-3.5431604879250163,0.5382785790796155
sin_theta3,178,1.78,-0.0011128457982781798,0.0007149685181450083,-1.556496223309898,-0.0013968484477577669,nan,-5.801836624964828,8.035653797169616
sin_theta3,188,1.8800000000000001,-0.000980030268497228,0.0006520861821747083,-1.5029152515221618,-0.0013568870814418103,nan,-3.902986179633187,13.182623373334208
sin_theta3,200,2.0,8.215459437843385e-05,0.0007094720835158723,0.11579679636062226,-0.00014731472944114145,nan,-1.9469034820624962,9.63342461060417
sin_theta3,211,2.11,0.0007062988491470621,0.0007025281695058926,1.005367300280388,0.0004916655886555409,nan,-3.570277446231805,8.473748439591786
sin_theta3,224,2.24,0.0014919130833459925,0.0005972878464362447,2.497812557626252,0.0016112767804754317,nan,-6.830769758527715,6.368888055602929
sin_theta3,237,2.37,0.0006165203308098778,0.0006367487136481832,0.9682317648944918,0.0010963185454209757,nan,-3.4007112903780152,1.6869035214097556
sin_theta3,251,2.5100000000000002,-0.001022622680891984,0.0007509719862061257,-1.3617321280627586,-0.0009795517928124554,nan,-10.000904566754633,1.319705536861686
sin_theta3,266,2.66,-0.0016545025290051571,0.0006119618459888974,-2.7036040561181887,-0.0017577945549851017,nan,-6.197702399637716,2.732146613521446
sin_theta3,282,2.82,-0.0010864212326391807,0.0006386873107142271,-1.7010221033266881,-0.0013947718590920635,nan,-4.841184108876519,8.477074676231314
sin_theta3,299,2.99,-0.0007292523210739665,0.0006680560003992996,-1.0916035790982934,-0.0008419418562723596,nan,-0.40335134266538314,2.843999551718194
sin_theta3,316,3.16,-0.00019826086727750187,0.0006748383242963084,-0.2937901718670758,-0.0004697771964627996,nan,-3.1829908633519794,4.723466818169764
sin_theta3,335,3.35,5.6471297414150947e-05,0.0007719150914463811,0.07315739521083527,0.00038512092532066165,nan,-3.615022246089301,4.193672394949459
sin_theta3,355,3.5500000000000003,-0.00038356728018741924,0.0006421301388469305,-0.5973357376998203,1.9056051007786037e-05,nan,-2.5971895691391387,4.97857909260298
sin_theta3,376,3.7600000000000002,-0.00029061635674408376,0.0008100981865917568,-0.35874213960009493,-5.194242670338474e-05,3.5271539835335655,-1.4652951497719469,4.6735040397706005
sin_theta3,398,3.98,0.0009418362434567926,0.0006939240104857725,1.3572613560344633,0.0010907285185339129,nan,-1.5004818082961406,4.403260198239994
sin_theta3,422,4.22,0.0012148263993546863,0.000744884758245191,1.6308917398398508,0.0017029240481303187,nan,-3.7294493416964243,3.1445642916216445
sin_theta3,447,4.47,0.000707384711233522,0.0005195273377686232,1.3615928552898655,0.0007198910232153851,-1.7631313656876646,-3.6741420485454825,1.9457589286627892
sin_theta3,473,4.73,-0.0003873443069406055,0.0005482393714989776,-0.7065240606152414,-0.000613769778806506,-0.450535613236396,-2.7145349122664206,1.3973664302601174
sin_theta3,501,5.01,0.00015320947667548732,0.0006496252669060779,0.2358428535348798,-3.544130000324744e-05,nan,-3.265148205192297,1.5952464212610735
sin_theta3,531,5.3100000000000005,0.0007434285382507271,0.0006915636994966122,1.0749964736319548,0.0015442148856132127,nan,-1.7059284032852202,3.1937543862839712
sin_theta3,562,5.62,-0.00025514834046876133,0.000584031850849799,-0.43687401654123187,-7.368732972182625e-05,nan,-2.4778945044699445,2.2773939127680096
sin_theta3,596,5.96,0.0004109291428006072,0.0007034746471064231,0.584142078880692,0.00036093087686116357,0.08655462090901939,-1.621684702943428,1.9376310627123756
sin_theta3,631,6.3100000000000005,-8.666687359855897e-05,0.0006511333095773458,-0.13310158200141062,0.0003343763062279491,nan,nan,nan
sin_theta3,668,6.68,0.0008370237762474189,0.0006295091302385827,1.3296451727875471,0.0009062604160131919,nan,-2.4794429949584744,1.2114203975276334
sin_theta3,708,7.08,-0.002159914553269381,0.0007436965399672872,-2.9042955522751104,-0.002127586584972251,nan,-2.25100355705343,2.198393983292368
sin_theta3,750,7.5,-0.00037262813533702534,0.0007229316317287997,-0.515440352839358,0.000118465733897123,-0.07247449292904383,-1.5537844387420399,1.3377625437638117
sin_theta3,794,7.94,-0.0003106650249929568,0.0006938547074725969,-0.44773786449409686,8.96041347664832e-05,nan,0.0734981975298587,0.302935540075475
sin_theta3,841,8.41,0.0007383896038725778,0.0006493209257263339,1.1371720433106498,0.00020163856360658726,nan,-1.008730277147224,2.098124466113023
sin_theta3,891,8.91,-0.000903443117878016,0.0007461212616264218,-1.2108529328177278,-0.0009023263647399116,nan,-0.5914850985584181,2.0890775742261365
sin_theta3,944,9.44,0.0006864478824314159,0.0007538014236916287,0.9106481639018947,0.0007844559300673511,nan,nan,nan
sin_theta3,1000,10.0,0.001192538200078285,0.0006688135147891712,1.783065344387077,0.0008689915669047733,nan,nan,nan
cos_theta1_minus_theta3,0,0.0,0.4998236585223042,0.0004124443922530763,1211.8570840347659,0.4996654823779599,nan,nan,nan
cos_theta1_minus_theta3,1,0.01,0.440403786479836,0.00043853892895829655,1004.2524332468482,0.44022147522032434,nan,nan,nan
cos_theta1_minus_theta3,2,0.02,0.39668263400269954,0.000466180279630103,850.9210949837963,0.3964058039566071,-10.934369081683116,-10.98185317428705,-10.888198699679535
cos_theta1_minus_theta3,3,0.03,0.3580682736635155,0.0004877781643599774,734.0801614876373,0.3576710630555666,-10.40888907378925,-10.460145721365617,-10.36001970455314
cos_theta1_minus_theta3,4,0.04,0.32275082632673613,0.0005056627764437984,638.2728596250709,0.32230890424114667,-10.48450512448233,-10.54414636857156,-10.426112296954846
cos_theta1_minus_theta3,5,0.05,0.2904224071785646,0.0005360367165141846,541.795735686101,0.2899811681685105,-10.681018506171023,-10.752736664018656,-10.610707361805195
cos_theta1_minus_theta3,6,0.06,0.26080065601292807,0.0005788166866910709,450.57556564903246,0.2603002894180249,-10.882574235354852,-10.967769400747928,-10.799308038011173
cos_theta1_minus_theta3,7,0.07,0.23357026124333624,0.000622680240503951,375.1046621526032,0.2329987492399868,-11.070564154931919,-11.165092572409883,-10.978176419063734
cos_theta1_minus_theta3,8,0.08,0.20884192385039052,0.0006581582535002952,317.3126261650639,0.20827383510125524,-11.230365753994212,-11.333975740034246,-11.1313446101231
cos_theta1_minus_theta3,9,0.09,0.18651541195211593,0.0006733200270261451,277.0085612571175,0.1859474454263457,-11.331227751814833,-11.448249023320656,-11.220538759067143
cos_theta1_minus_theta3,10,0.1,0.16642449370093634,0.0006861282320835633,242.5559624555247,0.16583066814180622,-11.378805136989191,-11.50792837001569,-11.256190440812789
cos_theta1_minus_theta3,11,0.11,0.1484478660831413,0.0007066476059484809,210.07340127317167,0.1478515988688483,-11.38203905895052,-11.532031920530969,-11.240349612368437
cos_theta1_minus_theta3,12,0.12,0.13247916861926873,0.0007218245345324471,183.53375686389,0.13186401400618414,-11.316054982899452,-11.493038204088512,-11.147953543967738
cos_theta1_minus_theta3,13,0.13,0.11830101030289338,0.0007372453251190401,160.46356114064443,0.11768276162708059,-11.131233907784711,-11.320704821323051,-10.945699241800742
cos_theta1_minus_theta3,14,0.14,0.10583693027744391,0.0007557558815166706,140.04115993784606,0.10526405022428505,-10.838954686118916,-11.037817187724379,-10.635718249926954
cos_theta1_minus_theta3,15,0.15,0.09510527825289204,0.0007547260124830744,126.01298574563823,0.09457365038782951,-10.440331148812819,-10.65351792076294,-10.225603493815074
cos_theta1_minus_theta3,16,0.16,0.0858728082498929,0.0007585030777316654,113.21352644566593,0.08534157864582279,-9.917249169549141,-10.12784638283765,-9.707054392523665
cos_theta1_minus_theta3,17,0.17,0.07791504490043258,0.0007587086794960049,102.69428438882497,0.07740189383843639,-9.295022159100684,-9.522401045761386,-9.080327589584277
cos_theta1_minus_theta3,18,0.18,0.07117983408648718,0.0007476784227668077,95.20113449721332,0.07068458740267171,-8.60230591199389,-8.843786442809918,-8.368091610655894
cos_theta1_minus_theta3,19,0.19,0.06557428248408889,0.0007468677689930006,87.79905253175203,0.06515544124762923,-7.877482693588548,-8.11915211615256,-7.635768966593119
cos_theta1_minus_theta3,20,0.2,0.0608721030137557,0.0007464664429512475,81.54700534573303,0.06048798302331679,-7.128218221272385,-7.383945389747654,-6.874954015234731
cos_theta1_minus_theta3,21,0.21,0.05685588639635815,0.0007425662553282432,76.56675210917797,0.05649710699849801,-5.972537079348817,-6.245560129391769,-5.715032274358805
cos_theta1_minus_theta3,22,0.22,0.05352135966652541,0.000739047537322249,72.41937353643915,0.053225121908624926,-5.207582507995046,-5.491763760607929,-4.9449144896648285
cos_theta1_minus_theta3,24,0.24,0.04864537463535285,0.0007422209475225856,65.54028796643817,0.04847744334202367,-4.227198870792828,-4.482632896971536,-3.9970914856855524
cos_theta1_minus_theta3,25,0.25,0.046917740480527284,0.0007542071639113592,62.20802814601938,0.04684474835853662,-3.6069777258363342,-3.849987186838302,-3.363644611653958
cos_theta1_minus_theta3,27,0.27,0.044118880724897794,0.0007473507333568716,59.03370232438154,0.044068854603476974,-2.69316176543933,-2.929103914184166,-2.456222441053283
cos_theta1_minus_theta3,28,0.28,0.043105998199027856,0.0007416316951065365,58.123187673142276,0.04303833660225384,-2.1950728490159666,-2.4349756469578803,-1.9624722331654194
cos_theta1_minus_theta3,30,0.3,0.04138700836136324,0.0007390433132625193,56.00078861232041,0.04132059899203196,-1.8067286115523922,-2.0542724055310564,-1.5465142598560189
cos_theta1_minus_theta3,32,0.32,0.04023514093319091,0.0007446521655137788,54.032127745751396,0.040169785180923366,-1.649470741347939,-1.8800120702599115,-1.412942220692293
cos_theta1_minus_theta3,33,0.33,0.03958633996955797,0.0007453236165831026,53.11295535091117,0.03950981407533624,-1.4867534990720908,-1.697563692758995,-1.277973030778927
cos_theta1_minus_theta3,35,0.35000000000000003,0.038405443404896336,0.0007247720761028759,52.989684165819014,0.03831025900588958,-1.5541692118399617,-1.766642482225475,-1.3340037677669094
cos_theta1_minus_theta3,38,0.38,0.03674590327596414,0.0007034491915898287,52.236755284225495,0.03655980898699508,-1.5653771431108248,-1.7858309068373732,-1.3447949191299908
cos_theta1_minus_theta3,40,0.4,0.035531059497761905,0.0006985913292265876,50.861008448384894,0.035247275523497164,-1.7389124564751417,-1.9947697394090125,-1.4979565814222302
cos_theta1_minus_theta3,42,0.42,0.03438430346446894,0.0007079051555439561,48.57190711946144,0.0340684137954702,-1.9162310565643492,-2.229243024067402,-1.6303811850443728
cos_theta1_minus_theta3,45,0.45,0.032275484854925034,0.0007107170514131625,45.41256578936681,0.03181246562427988,-2.107408399916873,-2.414243319312446,-1.8200804820425949
cos_theta1_minus_theta3,47,0.47000000000000003,0.03092503187106413,0.0007215893777101544,42.85682803313936,0.030322160248829458,-2.329323410499997,-2.634057113849187,-2.058100504266502
cos_theta1_minus_theta3,50,0.5,0.028779588102003664,0.0006975659638118211,41.2571564483146,0.028075037628091028,-2.619544085335705,-2.962108618215009,-2.3185702364240397
cos_theta1_minus_theta3,53,0.53,0.026612328622256466,0.000646144366591223,41.18635091202846,0.02587024485024366,-2.8947589423702973,-3.2962053048263478,-2.5293263530128343
cos_theta1_minus_theta3,56,0.56,0.02419529299362976,0.0005998299941771367,40.33691750747064,0.02351564544634926,-3.0586456648745624,-3.515953517837654,-2.6382781339270425
cos_theta1_minus_theta3,60,0.6,0.021226433885577305,0.000612491761205185,34.65586842149611,0.020719707564970255,-3.195239897994249,-3.652284578942081,-2.763196991376259
cos_theta1_minus_theta3,63,0.63,0.01933742723450335,0.0006270060690584865,30.840893236552667,0.01903375072794948,-3.2563291745127394,-3.7718077102742327,-2.7708434242420155
cos_theta1_minus_theta3,67,0.67,0.017014076055810103,0.0006092546869621885,27.92604869507722,0.016931246023693256,-3.0851014731901745,-3.649043144516924,-2.543725706677597
cos_theta1_minus_theta3,71,0.71,0.01484567732534746,0.0006669590952413409,22.258752345187695,0.014732892720190736,-3.0614032048206083,-3.694676752408948,-2.4713391447018034
cos_theta1_minus_theta3,75,0.75,0.013362898061874394,0.0006866165615683563,19.46195126920784,0.013199814753825576,-2.8736334011275857,-3.572766723897648,-2.19266748832223
cos_theta1_minus_theta3,79,0.79,0.011848697432119214,0.0006994863468213393,16.939140393465856,0.011803447944058324,-2.2983337693617583,-3.0318386387575744,-1.5824011493590269
cos_theta1_minus_theta3,84,0.84,0.010438734165018665,0.0007333663545069554,14.233996556927758,0.010596805946175153,-1.949553093508302,-2.6278113589632306,-1.320386665292394
cos_theta1_minus_theta3,89,0.89,0.009815950407515157,0.0007336314422012319,13.379947808756382,0.009930341992400726,-1.830027429792087,-2.5137827039410494,-1.2258037630148952
cos_theta1_minus_theta3,94,0.9400000000000001,0.00922638189493677,0.0007039306363760707,13.106947500446095,0.009261656525965953,-1.6885002483415505,-2.3905275305230735,-1.0142197099426489
cos_theta1_minus_theta3,100,1.0,0.008068052925050598,0.00061823415828861,13.050157156286067,0.008094763882786984,-1.8078489315727215,-2.6145617849947214,-1.0594536342269296
cos_theta1_minus_theta3,106,1.06,0.007199800173142934,0.000588585880220525,12.232369846258273,0.007232852681597386,-1.537462279727191,-2.2539804903458385,-0.8522003337164675
cos_theta1_minus_theta3,112,1.12,0.006476649997067743,0.0005973417567596105,10.842453124659347,0.006418752671781431,-1.0524171413512713,-1.8871363830744738,-0.2741331556176748
cos_theta1_minus_theta3,119,1.19,0.0062820817077961725,0.0005607255418717211,11.20348769350932,0.006200275716679159,-1.0570348695701597,-2.0604412798919642,-0.16970909615856483
cos_theta1_minus_theta3,126,1.26,0.006136679041971052,0.0006104059464433113,10.053439154267757,0.006038769769860523,-0.985181497033233,-2.0217858545822143,-0.10460962457002987
cos_theta1_minus_theta3,133,1.33,0.0054121902179014,0.0006954103702080433,7.78272865888131,0.005282381060291485,-1.15279772496976,-2.106839449976532,-0.3887365380892846
cos_theta1_minus_theta3,141,1.41,0.004867112117182305,0.00070577091123101,6.896164236484411,0.004931913624240468,-1.501017470804483,-2.5745141338750073,-0.6909708708675653
cos_theta1_minus_theta3,150,1.5,0.004394413666158308,0.0006269687110359367,7.008984003200804,0.004671272669373043,-1.4218486295697634,-2.4331822363101083,-0.582601374400929
cos_theta1_minus_theta3,158,1.58,0.003796038915980699,0.0005755866336229253,6.595078297922283,0.003868156440086329,-1.6910114444430562,-3.386053267214322,-0.5553395508875024
cos_theta1_minus_theta3,168,1.68,0.003290392428269487,0.0005296325653404309,6.212594624264708,0.0029613126209369492,-2.102459347378542,-4.307119744383837,-0.6367635128166136
cos_theta1_minus_theta3,178,1.78,0.002603421476293289,0.0006336315888778795,4.108730565191328,0.0023609624569395048,-1.1503827975864833,-2.7087665609922675,-0.017200845488075794
cos_theta1_minus_theta3,188,1.8800000000000001,0.0019766422284954784,0.000556794850831735,3.5500368323140714,0.0018389295174415707,-0.25860075283665795,-1.3430507180596085,0.5439473102375282
cos_theta1_minus_theta3,200,2.0,0.002341513130949445,0.0005920233834489944,3.955102444279006,0.0024205477648662757,-0.39578662718531454,-2.051026175321167,1.0435986137407463
cos_theta1_minus_theta3,211,2.11,0.002944115737353362,0.000669366905978368,4.39835867453015,0.0028335938641378374,0.39964279425032545,-0.9430937223971914,1.9498399032404004
cos_theta1_minus_theta3,224,2.24,0.0021700814118629907,0.0006543605716804929,3.3163388898721493,0.002156161816747441,0.3885251278438451,-0.6290056081947291,1.640505976634194
cos_theta1_minus_theta3,237,2.37,0.0024042176041827097,0.0006143101474391911,3.91368694494941,0.0027158390971980086,-0.4113192755541608,-1.6199390352716727,0.7214580775201354
cos_theta1_minus_theta3,251,2.5100000000000002,0.0028546383790264626,0.0005694949219901128,5.012579162340667,0.003262113864085257,-0.26720053078483463,-1.9426803840331373,1.33490303427414
cos_theta1_minus_theta3,266,2.66,0.0023480446348076284,0.0005665456157036092,4.1444935230705555,0.002593362033945887,0.1753040067707912,-0.9547333941523638,1.3644850936610773
cos_theta1_minus_theta3,282,2.82,0.001858534689645899,0.0006056486470719344,3.068668110844729,0.002019292828643471,-1.333162194513435,-3.6143092567681077,-0.181382759129451
cos_theta1_minus_theta3,299,2.99,0.0026802578814664434,0.0006110218625382109,4.386517153956714,0.0030694079284538517,-1.7322598785439831,-4.979002412608189,-0.06011848335969198
cos_theta1_minus_theta3,316,3.16,0.0012000818302144822,0.0005237842884754594,2.291175693160772,0.0009323685188717126,-0.3386153410953417,-2.305032561935019,1.232073064092132
cos_theta1_minus_theta3,335,3.35,0.0007105781072477274,0.0005172125520454328,1.373860909673571,0.0008049945603905505,-0.8955049689636096,-2.6656196371033065,0.1122930188748093
cos_theta1_minus_theta3,355,3.5500000000000003,0.0014515024276340754,0.0006322534740135453,2.29576030388562,0.00164503833220555,-0.21738812749762382,-2.5310593146563405,1.4625983484530698
cos_theta1_minus_theta3,376,3.7600000000000002,0.0013449733358618877,0.0005308935670282002,2.5334142649169547,0.0014798896277132742,0.35550043838603773,-2.3891684611952937,3.27102246569512
cos_theta1_minus_theta3,398,3.98,0.0010041400281027646,0.0005604189050562578,1.791766871251361,0.001426994224316807,-3.055757332476672,-4.814010543616065,0.8567330318590399
cos_theta1_minus_theta3,422,4.22,0.0009681279474710372,0.0005799552433578347,1.6693149317277547,0.0012626241723615117,nan,-4.610684186600724,0.524765928986931
cos_theta1_minus_theta3,447,4.47,8.727444642462347e-05,0.0005853196103217425,0.14910562517570503,0.0004667349654424778,-0.8635357052281697,-3.2286125290723504,1.4204674941349658
cos_theta1_minus_theta3,473,4.73,-0.00015972665673998906,0.0005144709240753005,-0.3104678015129397,0.000507062863908228,-0.46471222894433234,-2.747363603135056,1.4318336360081978
cos_theta1_minus_theta3,501,5.01,0.0004125861301586065,0.0006068739809700257,0.6798547031117235,0.000681850186421056,nan,-2.7210184246822755,2.7680257702138724
cos_theta1_minus_theta3,531,5.3100000000000005,0.0005833736709928443,0.0005496854911881204,1.0612862816006083,0.00020240852735987143,nan,-0.6092721649914293,3.6091070630786435
cos_theta1_minus_theta3,562,5.62,-4.338032551349976e-05,0.0006433531659459125,-0.0674284791149171,-0.00024393264841298558,-3.1175750554895822,-2.6562041833449586,1.9102646105496972
cos_theta1_minus_theta3,596,5.96,0.0009963399160904769,0.0005381495844057436,1.8514181650640762,0.0007075608406471072,0.2732144482067741,-1.647583688132431,2.3116212185313953
cos_theta1_minus_theta3,631,6.3100000000000005,7.167790242690937e-06,0.0005309750284915619,0.013499298193087898,-0.00020356540254400852,nan,-1.9473793317287769,2.186343134380849
cos_theta1_minus_theta3,668,6.68,0.0008482129462898368,0.0005961747238682826,1.422758987140889,0.0010000028491253434,nan,-2.6509254254039085,0.7411253530764841
cos_theta1_minus_theta3,708,7.08,0.00014330602804959883,0.000616813182594973,0.23233295281838998,0.00019443005501755574,2.6688998379898674,-1.4523084791876366,2.219990222738445
cos_theta1_minus_theta3,750,7.5,-0.00011244950567650309,0.0006118468331746482,-0.18378701920061263,-0.00027062682319804754,nan,-2.4929750574582097,0.8024101907888959
cos_theta1_minus_theta3,794,7.94,0.0005555197423046445,0.0006320881162072161,0.8788643989037276,9.850744037516728e-05,0.9838980501262581,-0.8926606368935303,1.9990016333520813
cos_theta1_minus_theta3,841,8.41,-0.00024645427319052604,0.0005542484049652575,-0.44466392863318166,-0.0009300673341702314,nan,-0.8498868386760341,2.0357462759891733
cos_theta1_minus_theta3,891,8.91,0.0008674135317380561,0.0005069031775533225,1.71120160643856,0.0005063084733798669,nan,-1.8897955495900995,0.8059603780450425
cos_theta1_minus_theta3,944,9.44,0.0007443006685431856,0.0005933982067833362,1.2543021870218551,0.001063533567287671,nan,nan,nan
cos_theta1_minus_theta3,1000,10.0,-0.00045529600497889967,0.0006345117151512988,-0.7175533470967274,-0.0006197537963259855,nan,nan,nan
I2,0,0.0,2.41164119122832,0.016324341011306236,147.7328358650446,2.4026992986337032,nan,nan,nan
I2,1,0.01,2.402813764837727,0.016255238565262925,147.8178099442038,2.3938728147225063,nan,nan,nan
I2,2,0.02,2.3768961592483633,0.01605712224434886,148.02753090360807,2.3679422949128965,-1.4160495485717266,-1.4261269136234789,-1.4052949758151347
I2,3,0.03,2.335052500453565,0.015744403773696413,148.3099985249775,2.3260708265263332,-2.090011017834098,-2.1049896255412346,-2.074148996841198
I2,4,0.04,2.278837685685254,0.015336596254783829,148.58822960632048,2.2698127591654935,-2.731170829909613,-2.7511690278304637,-2.7102332061924916
I2,5,0.05,2.2101049695369173,0.01485681021484636,148.76039591112007,2.2010220742173265,-3.335316527632786,-3.3605936740079496,-3.309484978310603
I2,6,0.06,2.130909041222996,0.01433024337213239,148.70012922229313,2.121755553297678,-3.898400734416227,-3.929675728976647,-3.8673090137570676
I2,7,0.07,2.0434135410883716,0.013782623896191558,148.26012495726678,2.0341804274522994,-4.416381638109441,-4.453116435588531,-4.379452571341909
I2,8,0.08,1.9498052516197493,0.013238616602090912,147.2816465816977,1.9404883730981164,-4.885081217109837,-4.9292159897314045,-4.8404451199988285
I2,9,0.09,1.8522196790836742,0.01272061214706267,145.6077473057279,1.842820346910916,-5.300109076285024,-5.351971302622053,-5.249109315700627
I2,10,0.1,1.7526789043006008,0.012247817848925955,143.10132024492003,1.7432042093439202,-5.65681443599251,-5.717211585721694,-5.598514639812573
I2,11,0.11,1.6530422049460032,0.011835302400683477,139.67046628656837,1.6435043999513885,-5.950308253417933,-6.019974240552102,-5.883571286037963
I2,12,0.12,1.5549710361448021,0.011493519308584181,135.291114444245,1.545385916290874,-6.175563447367636,-6.256374531826887,-6.096694288334599
I2,13,0.13,1.459906534592449,0.01122805064874257,130.02315185993072,1.4502912436062383,-6.327599682378453,-6.420150521173904,-6.239324441608895
I2,14,0.14,1.3690579588113492,0.01103986641875367,124.01037357532692,1.3594286092686716,-6.401781720777944,-6.504791441614197,-6.301904321723902
I2,15,0.15,1.2834007151315434,0.01092587846943084,117.4643044696432,1.2737707218688328,-6.394235961882839,-6.511753935363352,-6.282555349329513
I2,16,0.16,1.2036825512306237,0.01087971239166461,110.63551203364658,1.1940603925937927,-6.302408659075275,-6.432915552331784,-6.178728413725778
I2,17,0.17,1.130435523836117,0.010892695313610676,103.77922922562715,1.1208231528610157,-6.125642037843078,-6.26637201912646,-5.98903650016935
I2,18,0.18,1.063990578036592,0.010954792066473679,97.12558408962005,1.0543835440266214,-5.865760473129823,-6.01440305418322,-5.7200333234596235
I2,19,0.19,1.00449776676188,0.011055442659046996,90.86002232030661,0.9948862711624753,-5.527538310373557,-5.683284431193943,-5.375089105496866
I2,20,0.2,0.9519480942041267,0.011184278537498173,85.11484142785568,0.9423180274516166,-5.118936072977935,-5.277704994001347,-4.9623928631528225
I2,21,0.21,0.9061970024108574,0.011331640497456538,79.97050406022494,0.8965316557185515,-4.384936231522316,-4.5394119584939645,-4.229995537924301
I2,22,0.22,0.8669873375002081,0.011488960857388467,75.46264177083124,0.8572691602930645,-3.861360363835208,-4.01218440828878,-3.71089379203187
I2,24,0.24,0.8067357355846655,0.01180581706552188,68.33374861793214,0.7968672690749036,-3.0449081891176637,-3.1820407950228926,-2.909077628519556
I2,25,0.25,0.7848106607698659,0.011955138549213842,65.64630410088174,0.7748531935197275,-2.5084255969230362,-2.6334833578157677,-2.3827789808933546
I2,27,0.27,0.7548825943716054,0.012220105845102152,61.773817996360826,0.7447500938068276,-1.504957175120233,-1.6107416128618355,-1.4007214286220688
I2,28,0.28,0.7458457697739366,0.01233310247980194,60.47511329735698,0.7356407616147406,-0.8870825918815736,-0.9808635877014247,-0.7967069885360801
I2,30,0.3,0.7370816838383035,0.012520460423798384,58.87017401031743,0.7267947762366039,-0.32778678165862424,-0.4109850250729188,-0.24737548096855969
I2,32,0.32,0.7375594615442818,0.012663927036434512,58.24097528533608,0.7273101881569921,0.047211492975741357,-0.03566043081065369,0.12483026931240283
I2,33,0.33,0.7401812037196644,0.012723158332280743,58.17590132802978,0.7300049044124522,0.4350713531202795,0.3474158760129499,0.5179323213839458
I2,35,0.35000000000000003,0.7483147216909941,0.012823830565746272,58.353447345898125,0.7383999619835814,0.5732215681599948,0.4820051765030747,0.6583110682366319
I2,38,0.38,0.7631880232354245,0.012938574819822017,58.98547822022974,0.7539210619880998,0.5668576182432922,0.47752386097801025,0.6519883480649131
I2,40,0.4,0.7721697708221701,0.01298377469749081,59.471901570457504,0.7634408171299961,0.45733931484897056,0.37304756251156995,0.5366613860460789
I2,42,0.42,0.778923012029046,0.012989648404885784,59.96490341771456,0.7707427372377368,0.27144446135131756,0.19275306651156285,0.3463540856404835
I2,45,0.45,0.78333274851429,0.012898523876682588,60.73041814733283,0.7758536739530665,0.024872516730911627,-0.04911499064235373,0.09142965321663493
I2,47,0.47000000000000003,0.7820623186253266,0.01276425179530673,61.269734502799615,0.7748924287928073,-0.22432991510639097,-0.29142103192064583,-0.1606533072571959
I2,50,0.5,0.7740927418416418,0.01246781599441998,62.08727672818479,0.7670667672996322,-0.5018657732662878,-0.5685731584125515,-0.43882199160740365
I2,53,0.53,0.7599372933255042,0.012097366627100523,62.81840641442515,0.7526587050418525,-0.7191332801083494,-0.7809850227566729,-0.6564906067321221
I2,56,0.56,0.7412606640854653,0.011701054344147307,63.3499035457632,0.7334085718157903,-0.892785850106298,-0.9551856282947512,-0.8308982508988834
I2,60,0.6,0.7122629124365795,0.011207395231589805,63.55293961873982,0.703463905587069,-1.0201299541221178,-1.0856544433458906,-0.9590829594630529
I2,63,0.63,0.6892675605869959,0.010900492252706144,63.23270037790074,0.6799556818103744,-1.086731854274774,-1.1536660174392068,-1.020723602248208
I2,67,0.67,0.65879850400757,0.010608023786510393,62.103792116805565,0.6494862168690227,-1.113041506444368,-1.1809032970504165,-1.0403305218570693
I2,71,0.71,0.6297623705898602,0.010442442731775605,60.30795540525575,0.6213528941508115,-1.1021838311219974,-1.1693532006901477,-1.0280246783779656
I2,75,0.75,0.6027429835877198,0.010329945446369402,58.34909649010412,0.5958021598563952,-1.0683853891997348,-1.1357799279947325,-0.9951654532216818
I2,79,0.79,0.5778302349774802,0.010171914874418196,56.80643636044294,0.5723353917589931,-1.0250123245120342,-1.092432519985721,-0.9522109752778163
I2,84,0.84,0.5493810117960609,0.009867663039061477,55.67488569697989,0.5449867924835802,-0.9807580496500239,-1.0499172292173637,-0.9132232084944686
I2,89,0.89,0.5236588068514302,0.009549485948692548,54.83633461161604,0.5195571471110918,-0.9402604100976456,-1.0097394724680233,-0.8804199018366117
I2,94,0.9400000000000001,0.5002694468107228,0.009333479420113268,53.599458925538805,0.49613759089681203,-0.9037376464602823,-0.9782129330999118,-0.8356650589406436
I2,100,1.0,0.47429307309598984,0.009238196683218807,51.340438979562286,0.4698128665303421,-0.8735213167358399,-0.9558366743383406,-0.7963991634334844
I2,106,1.06,0.4503251732950784,0.00922152867632306,48.83411298728819,0.4448145514559027,-0.8630466626061913,-0.9416689024143209,-0.7911764662311437
I2,112,1.12,0.42834563899956407,0.00910943302403237,47.02220630740783,0.4213316237622627,-0.8746484259055702,-0.9447284642511822,-0.809403899600783
I2,119,1.19,0.40318083413544503,0.0087245247464791,46.212354924909135,0.3952228697242991,-0.9005126871327743,-0.9697574790834441,-0.8331883159214347
I2,126,1.26,0.377819601715414,0.008331440764299118,45.3486512602239,0.3709018117620826,-0.9271025889526642,-0.9982579440400478,-0.8613427323385757
I2,133,1.33,0.35312831999276983,0.008062754332590771,43.797479797366044,0.3482534445342988,-0.905110644258382,-0.979826238452536,-0.8343035184325213
I2,141,1.41,0.32736334035620795,0.0077206390606746,42.401067811037414,0.32361895629980886,-0.8550312895616233,-0.9491772780272948,-0.7685089755101503
I2,150,1.5,0.30453952495097725,0.007657864098782596,39.768207038225086,0.3002486781080059,-0.8293178520837651,-0.9191130881231163,-0.7394501020843283
I2,158,1.58,0.2873804147190846,0.007853878986787173,36.59088906291448,0.28346769556031476,-0.8280438543364772,-0.9091426941211344,-0.7503360641232675
I2,168,1.68,0.26416403512892134,0.0075889534261528125,34.80902046632248,0.26067065696097036,-0.8385085149702485,-0.9186422257909814,-0.7614101184336863
I2,178,1.78,0.24097530528168457,0.0070993243236966005,33.94341409045661,0.23680142613967628,-0.867847041114432,-0.9526666129523838,-0.7841586022317445
I2,188,1.8800000000000001,0.22144353717860385,0.006928631515729732,31.960645717104665,0.21834794563622256,-0.8921407481936616,-0.9911248895912559,-0.7992938167648325
I2,200,2.0,0.19959914247195823,0.006943232543948571,28.747293311660783,0.19851026942915728,-0.8445171365991019,-0.9575944412392828,-0.7429907933819716
I2,211,2.11,0.17999871890192476,0.007007152016379042,25.68785698971312,0.17766521839289737,-0.8438488503074821,-0.9700888984072864,-0.7328847949474969
I2,224,2.24,0.163402515606178,0.007299620953269583,22.385068574415246,0.15912449341442395,-0.8803951659921019,-1.0264643755760234,-0.7509518728196111
I2,237,2.37,0.14644965377911612,0.007084288510307907,20.672457589216805,0.14473682679476366,-0.8467696525891903,-0.9886649211436459,-0.7227953913478053
I2,251,2.5100000000000002,0.12739717045722002,0.006840566617303529,18.62377454741293,0.1260941577873432,-0.9123910288920424,-1.0431458073730444,-0.8022902123107439
I2,266,2.66,0.11298176395155014,0.006724313695864665,16.801976984064847,0.1125123258602067,-0.8831311936370164,-1.033799972032734,-0.749549505907978
I2,282,2.82,0.09625777806200314,0.006376154418265726,15.096525546221738,0.09829323923525521,-0.8161983996138117,-1.013812471010141,-0.6562901175362634
I2,299,2.99,0.08470209783057343,0.006441608036651796,13.14921636781236,0.0875971828316011,-0.7748134810420845,-0.9933639927240375,-0.6092786198852607
I2,316,3.16,0.07494695324563644,0.006697065067454059,11.191014644587902,0.07662117649655678,-0.7701400202365781,-1.0636899534888842,-0.5409437206530949
I2,335,3.35,0.0661950126710905,0.006716051403597143,9.856239729737059,0.06969952762038549,-0.8572504470161126,-1.2072970819269357,-0.5969260262648068
I2,355,3.5500000000000003,0.05486236345561496,0.006993106614163343,7.845206212715334,0.060195837119031766,-1.0283656394354497,-1.5529604315355798,-0.7114357579438858
I2,376,3.7600000000000002,0.04377476566221071,0.006854915615834624,6.385894169301293,0.04723900686357073,-1.0197959333960591,-1.5790714324388395,-0.6964855002309628
I2,398,3.98,0.03225008725738411,0.006959447333714668,4.634001194484266,0.03505872493150989,-0.931954415212968,-1.6166210369399545,-0.5917496115105157
I2,422,4.22,0.027258970531563214,0.00669199438521416,4.073370203625905,0.029501870305646594,-0.959864130333574,-1.9670292327844705,-0.5533630352501384
I2,447,4.47,0.023276156354113075,0.006595896383227654,3.5288844763087464,0.026198390594213056,-0.7038405402969069,-1.8195864608914871,-0.2848950043514975
I2,473,4.73,0.017253056539915455,0.0063955952927249385,2.697646700619253,0.01926550312158057,-0.47940660481136965,-1.6486687764671761,0.0681605601980623
I2,501,5.01,0.01562020068667571,0.006537647313508573,2.389269401914675,0.019067493101864355,-0.7944051607903787,-2.5411636975456084,-0.15215566099889832
I2,531,5.3100000000000005,0.016164693681549814,0.006768569186949893,2.3881995197324826,0.015267836354139197,-0.9726416154229018,-2.90928351137862,-0.03596692225361701
I2,562,5.62,0.009335866255987839,0.006223800337829473,1.5000266315168598,0.010078175474278861,-0.5721078276785414,-2.1667811261354575,0.35480292786309703
I2,596,5.96,0.005215526966273316,0.006366828331961059,0.819171916429993,0.003320116180608725,-0.33793027828759253,-1.5249976620967463,0.44134445752862494
I2,631,6.3100000000000005,0.0074247930808802,0.006004396217147794,1.2365594828129318,0.00571099045041811,-0.5568300089014194,-2.135985013994722,0.6520205809226357
I2,668,6.68,0.010174300481895462,0.0059679183564285716,1.704832384467161,0.008571940729022155,0.14034588724988095,-1.396829030129572,1.5240000589160396
I2,708,7.08,0.00414081138878348,0.005818875066134171,0.7116171668443244,0.005055176885075483,-0.025601564897698534,-1.3668411503752333,1.382236213460321
I2,750,7.5,0.006473861732317678,0.0063564567162812296,1.0184701983002151,0.0023804450062673865,-0.9548343098843686,-2.0813044578942175,0.4901325817761688
I2,794,7.94,0.007121328290098443,0.005229744586473707,1.3616971483688052,0.004934517595047863,nan,-1.7697458695293453,1.0810685276127747
I2,841,8.41,0.001950335919514783,0.00547872157886997,0.3559837621675704,-0.004541540822527366,nan,-2.0153333930588326,0.5715038937763316
I2,891,8.91,-0.0006337304156027845,0.006155724988971836,-0.10294976087108039,-0.0069962687083270254,nan,-1.6641331591887756,0.5766769370839747
I2,944,9.44,-0.003595767256126389,0.006408072554237364,-0.5611308588802842,-0.011135739603575239,nan,nan,nan
I2,1000,10.0,-0.0016857639075974094,0.0066610666384341434,-0.2530771720358726,-0.009243621189498046,nan,nan,nan
I1_plus_I3,0,0.0,3.0232932900583784,0.01180997904218552,255.99480568586145,3.0158119418759712,nan,nan,nan
I1_plus_I3,1,0.01,2.9558904993122197,0.0116599021371861,253.50903159686112,2.9484311476930944,nan,nan,nan
I1_plus_I3,2,0.02,2.873360927942076,0.01138864876586565,252.3004253633835,2.865897674254649,-3.1073837058418374,-3.123423916689536,-3.091831536031735
I1_plus_I3,3,0.03,2.7772902729839264,0.011025369722910908,251.89996732832182,2.7698258781828264,-3.660237484644746,-3.6814731231705693,-3.6395061337308183
I1_plus_I3,4,0.04,2.669927670630968,0.010591217695995234,252.08882937422058,2.6624747406800022,-4.191683903071711,-4.218331056934849,-4.165149247188029
I1_plus_I3,5,0.05,2.5533097518646763,0.010117034093078668,252.37730034056753,2.54588768445158,-4.696275848674121,-4.728344957434208,-4.663930223426621
I1_plus_I3,6,0.06,2.429814807470205,0.009619361021164681,252.59627974499398,2.42242597285825,-5.169785739089402,-5.2081866529188785,-5.131754317005223
I1_plus_I3,7,0.07,2.3016464080931263,0.009123518035749604,252.27619423498177,2.294374346877872,-5.605033346433589,-5.649790853276584,-5.561911642592047
I1_plus_I3,8,0.08,2.1711564520961426,0.008660594532649134,250.69369590173176,2.1639885607068616,-5.997555000172624,-6.048034174235471,-5.947889558875503
I1_plus_I3,9,0.09,2.040488266666032,0.008245045937533191,247.48052128821965,2.0334433473073528,-6.338394572272971,-6.394949607836456,-6.283848647319301
I1_plus_I3,10,0.1,1.911546964926576,0.007894660647034892,242.13161912722902,1.9046410495520896,-6.622983054931557,-6.684904210064359,-6.563140550724818
I1_plus_I3,11,0.11,1.786197240856191,0.007629519673039595,234.11660463607814,1.7794462949920267,-6.845096460150205,-6.91353440652251,-6.7794409360047325
I1_plus_I3,12,0.12,1.665858540762056,0.007441734898984403,223.8535184838956,1.6592686365541736,-6.999304920371295,-7.074215323384969,-6.9264123109757385
I1_plus_I3,13,0.13,1.5517530118016796,0.00732753150305401,211.7702272798051,1.5453632997388131,-7.08084590568252,-7.162590334134837,-6.998778838126891
I1_plus_I3,14,0.14,1.444756285388635,0.007281841166419026,198.4053555097137,1.4386431906699115,-7.08339573043812,-7.174856975574092,-6.994141221285622
I1_plus_I3,15,0.15,1.345620274445504,0.007288452655977568,184.6235871947256,1.3397855576046995,-7.003939624983204,-7.1030082344663095,-6.906818378381635
I1_plus_I3,16,0.16,1.2548358929143726,0.007341442346852442,170.92498090002286,1.2493005663214027,-6.838200703567007,-6.944641730125548,-6.734421375516908
I1_plus_I3,17,0.17,1.1726048975722354,0.00741540356186043,158.13096182698436,1.167390254190341,-6.587669684984399,-6.701624669516262,-6.476177852600729
I1_plus_I3,18,0.18,1.099013125594433,0.007502693573533842,146.48247523679515,1.0940892410805154,-6.254961666017528,-6.375188234978005,-6.1391155498080785
I1_plus_I3,19,0.19,1.0339105771911474,0.007588827616531506,136.24114677988945,1.0292615121730317,-5.846897848811933,-5.973530518069701,-5.725587745467215
I1_plus_I3,20,0.2,0.977073240339844,0.007676130865584399,127.2872046411441,0.9726854434465413,-5.372877993101145,-5.502921377956047,-5.249838979932292
I1_plus_I3,21,0.21,0.928069894451235,0.0077680494311820935,119.47270710274138,0.9239105667231766,-4.557623269722729,-4.685863362098074,-4.436773744387595
I1_plus_I3,22,0.22,0.8864748701290373,0.007852615024384522,112.88912895593248,0.8824875091641406,-3.98918649913446,-4.116200154825719,-3.8709832434676077
I1_plus_I3,24,0.24,0.8232191156796341,0.00800625759277427,102.82196221398095,0.8194967002954471,-3.130128613263722,-3.2480497725755693,-3.017511056592207
I1_plus_I3,25,0.25,0.8003925451816934,0.008064670174083357,99.24677983159644,0.796779297221319,-2.5774636145349072,-2.69007285823391,-2.469519089044361
I1_plus_I3,27,0.27,0.7691602462607467,0.008145997312881412,94.42186348925746,0.7657276072571876,-1.5702307366258106,-1.6672001496917328,-1.4701179296972626
I1_plus_I3,28,0.28,0.7594579544208446,0.008166326130217708,92.9987294544405,0.7561027394014022,-0.9790881445298647,-1.070876629319612,-0.884185022783183
I1_plus_I3,30,0.3,0.749201940930922,0.00818009071252272,91.58846365651975,0.7460339200218518,-0.45598843185407356,-0.5483564330411744,-0.3624801411120857
I1_plus_I3,32,0.32,0.7473742911017668,0.008171696279121784,91.45889244700214,0.744427973789819,-0.12491483207998721,-0.21603306030880604,-0.030176115763256947
I1_plus_I3,33,0.33,0.7484018187186734,0.008169147459485366,91.6132096317699,0.7456004992007617,0.18350657372892817,0.08873004845863633,0.280420781786252
I1_plus_I3,35,0.35000000000000003,0.75284617397901,0.008185150174650522,91.97707530285527,0.7503825353512518,0.25429437228879076,0.1583023705480772,0.3509475944563772
I1_plus_I3,38,0.38,0.7602817491428807,0.008266916216123354,91.96679018713986,0.7581626481916202,0.20143512996385746,0.10952014041863797,0.2957016185552216
I1_plus_I3,40,0.4,0.7627342454619082,0.008274664317700197,92.17706195408508,0.7608865382671745,0.0160687325485448,-0.06608087783462473,0.10348395815291901
I1_plus_I3,42,0.42,0.762093450208617,0.008227922336587585,92.62282980233921,0.760464238037733,-0.235543017683138,-0.3155173939142927,-0.15743907439298668
I1_plus_I3,45,0.45,0.7540568748218918,0.008005408234152564,94.19343183586123,0.7526978959677305,-0.5221185818903918,-0.5998985897917398,-0.44701261069940273
I1_plus_I3,47,0.47000000000000003,0.7443342655166187,0.007789586376566332,95.55504355864439,0.7430034047129921,-0.795781803226495,-0.8776829621346007,-0.7131478590852238
I1_plus_I3,50,0.5,0.7239322497236103,0.007416857356456606,97.60633310460051,0.7224509451235714,-1.0887497931787158,-1.1796269347583457,-0.9928243745206659
I1_plus_I3,53,0.53,0.6982192658453131,0.007040573767175877,99.170790468883,0.6963286712197331,-1.2980768797353426,-1.394358993587291,-1.196897402454414
I1_plus_I3,56,0.56,0.6689473240663272,0.006735231729377046,99.32061003166098,0.6664669768938597,-1.4484405608108741,-1.5439214762374778,-1.3544028836734117
I1_plus_I3,60,0.6,0.6287540867406162,0.006421381046889254,97.91571036657403,0.6258292393915763,-1.5308773540701477,-1.6285325638719124,-1.4379123599961028
I1_plus_I3,63,0.63,0.5996826132682969,0.0062520882119281255,95.91717086207849,0.596639247300369,-1.5410714206432932,-1.6361824730219665,-1.448662179694522
I1_plus_I3,67,0.67,0.5635242450142269,0.0061495282808299075,91.63698730696409,0.5607586657279698,-1.5007050313906116,-1.5894487784543718,-1.4114958884148316
I1_plus_I3,71,0.71,0.5308845648514168,0.006125819326810177,86.6634382323283,0.5288499390549257,-1.4350347694480414,-1.5183740629856317,-1.3433631975149252
I1_plus_I3,75,0.75,0.5020172423790523,0.006092300683453653,82.40191488619446,0.5008122000996663,-1.3453313196495407,-1.42974858945181,-1.2507891601677243
I1_plus_I3,79,0.79,0.47665596069830546,0.0060286846612616594,79.06466957230978,0.47630494854284,-1.261493386837355,-1.3554461614538809,-1.158603044473376
I1_plus_I3,84,0.84,0.448318552297465,0.005861939747084579,76.47955653594616,0.44835477224206477,-1.1996415868042012,-1.3008602391919577,-1.0966496942671768
I1_plus_I3,89,0.89,0.42304383223574565,0.005729976182810843,73.82994601353147,0.42297749589439737,-1.1524101434599743,-1.250549006671394,-1.056129309090159
I1_plus_I3,94,0.9400000000000001,0.399695323241753,0.005793843068831134,68.98621838619951,0.3996373852302522,-1.1194939063930442,-1.223216225877967,-1.020966985774966
I1_plus_I3,100,1.0,0.3741994126163049,0.0060543359065839235,61.80684692591525,0.37432185968210185,-1.0797530901087777,-1.1973723720683223,-0.9716302282695178
I1_plus_I3,106,1.06,0.35044906486688215,0.00658321027095637,53.233764446653616,0.35032285733530383,-1.045061195277305,-1.1604105274116818,-0.945554759531577
I1_plus_I3,112,1.12,0.330013177426774,0.007063340926838732,46.721966395932505,0.3281710502725116,-1.0317333556622978,-1.1338686144087469,-0.9396096818651023
I1_plus_I3,119,1.19,0.30779601240098786,0.006965796614463425,44.186764190314705,0.3039758766764141,-1.014267436292971,-1.1283080321281735,-0.9142686118836069
I1_plus_I3,126,1.26,0.2861563018953934,0.006555976240283822,43.64816030556649,0.2823487653919105,-1.0250169030515515,-1.1366269663470474,-0.922303455159329
I1_plus_I3,133,1.33,0.26649704803839225,0.0062774287624362286,42.45321741173635,0.26398960070933625,-1.002731208546312,-1.109195950005076,-0.9010650627943342
I1_plus_I3,141,1.41,0.24515181786198817,0.0058675921368733916,41.780650758152376,0.24477799998509786,-0.9753656121524635,-1.1033882114978524,-0.8526800607792584
I1_plus_I3,150,1.5,0.22556099079027414,0.005555322997424323,40.60267798917426,0.22509888312808787,-0.9732326300662256,-1.1103143672773372,-0.8468801454504947
I1_plus_I3,158,1.58,0.20943662251631218,0.005809332501096541,36.05175336009429,0.20823203930620815,-0.9796589388026471,-1.1362889911071563,-0.8375463215610319
I1_plus_I3,168,1.68,0.1895649568963502,0.006084585022441775,31.154952424393407,0.18812933907964255,-0.9775985666052566,-1.149651467331763,-0.8146890995271518
I1_plus_I3,178,1.78,0.17061403088473467,0.006249477174479716,27.300528687655973,0.16806217723481903,-0.9436446488476594,-1.1460475052835162,-0.7652335625291102
I1_plus_I3,188,1.8800000000000001,0.15557114268140246,0.006724158801379763,23.136149409422046,0.1542032799966399,-0.9223220080514498,-1.1147058225600077,-0.7545210121441175
I1_plus_I3,200,2.0,0.14090563672592807,0.007211732683419616,19.53838874947238,0.14186013826906543,-0.7821584379733693,-0.9565313612807127,-0.6132132041024293
I1_plus_I3,211,2.11,0.12750215708642032,0.006624357256260746,19.247475966957662,0.12788672239166657,-0.7802061336054472,-0.9868359657570993,-0.5884723858498255
I1_plus_I3,224,2.24,0.11905802681409297,0.006824350873536796,17.44605882967882,0.11520190986815929,-0.8582871315917515,-1.1038654341066496,-0.6345204502553864
I1_plus_I3,237,2.37,0.1061445803935516,0.0072653147465975955,14.60977040853735,0.10428691967683076,-0.8664195445823825,-1.1459342724044048,-0.6141361584281179
I1_plus_I3,251,2.5100000000000002,0.09095491881638253,0.007486224365024524,12.14963837329294,0.09035283328774958,-1.019560362286255,-1.3108535362932037,-0.7717010585788437
I1_plus_I3,266,2.66,0.07917040329907007,0.00756570113564001,10.464384183260863,0.07773523984049684,-1.0785950733786551,-1.4385514983101428,-0.7855203117003123
I1_plus_I3,282,2.82,0.06590840561415157,0.0073100029006330286,9.016194180777145,0.0655808703466524,-0.9217525639733167,-1.2481368822334369,-0.6335397246772132
I1_plus_I3,299,2.99,0.054384173609440783,0.007374879127997875,7.374246094824464,0.05623729262448633,-0.8554815762690029,-1.2035614030381092,-0.5764391269584606
I1_plus_I3,316,3.16,0.049960106629976776,0.006817389316376568,7.328334104370981,0.05045602180963532,-0.8850920129902503,-1.2919404079135854,-0.582740839762371
I1_plus_I3,335,3.35,0.04387392787694264,0.006673507074179379,6.574343503237791,0.04671389347122143,-0.7727351741329158,-1.2947110148203718,-0.4084485737723122
I1_plus_I3,355,3.5500000000000003,0.03454106185268497,0.006310529927240392,5.4735596298471005,0.035703714590846564,-0.9145955485911051,-1.6875421614825006,-0.4587200763105706
I1_plus_I3,376,3.7600000000000002,0.02999609183937671,0.006884247625576594,4.357206984817658,0.030380537772233943,-1.0042087825901203,-2.1082202729513186,-0.46132213983060644
I1_plus_I3,398,3.98,0.023600230282508624,0.006975210575283853,3.383443414043199,0.026221407545780936,-1.411764970193201,-3.542781236249492,-0.6266631040291774
I1_plus_I3,422,4.22,0.018313868324559897,0.006642703267903298,2.7569902772942143,0.02116306533174183,-1.5233203375798476,-3.9860396548268233,-0.4228802474493934
I1_plus_I3,447,4.47,0.009424616495402452,0.006291231136676668,1.498055991053762,0.01343949955850754,-1.331684952408803,-3.632341683027788,-0.2040802437855182
I1_plus_I3,473,4.73,0.0068445065957012255,0.0066971317647580835,1.0220056639349198,0.009377054832253342,-0.41406293239934405,-1.8272749320247808,0.4905923585089117
I1_plus_I3,501,5.01,0.005987182706828047,0.00638649260239696,0.9374758697099179,0.00503341654630999,0.03184756884849247,-1.5189658715104095,1.4787926892560854
I1_plus_I3,531,5.3100000000000005,0.0116619337094813,0.006103459865018689,1.9107086746519615,0.00651609195361744,0.17886676988677502,-1.5844230120207465,2.0514876946906946
I1_plus_I3,562,5.62,0.009776189109846076,0.006353739651400672,1.5386511953933981,0.012232468388804534,-0.037633572397291246,-2.2465074098366067,1.799321603570795
I1_plus_I3,596,5.96,0.008528832656917852,0.007375268594232557,1.1564097697523015,0.009513569617748924,-4.261255207836424,-2.88143281367141,0.32615071518750244
I1_plus_I3,631,6.3100000000000005,0.00570131770603001,0.006195942959273571,0.9201694953464271,0.007802817939153266,nan,-3.518033382165493,0.12522496517805573
I1_plus_I3,668,6.68,3.3993375000787866e-05,0.006352819422017397,0.005350911578404814,0.0030836105668394787,nan,-2.8091199621242544,0.3987464551884587
I1_plus_I3,708,7.08,-0.005046038431565419,0.00546287935798057,-0.923695747407235,-0.0015991753290927006,0.23418072224359104,-1.1353818915152283,1.8973330086752689
I1_plus_I3,750,7.5,-0.0064431031105176865,0.005970959286289126,-1.0790733618486943,-0.005380670972919114,nan,-1.9352591630606926,1.519477278887079
I1_plus_I3,794,7.94,0.008351255625565341,0.006335281003561603,1.3182139230872927,0.010241158035798364,nan,-1.4731339465956081,1.920137523952714
I1_plus_I3,841,8.41,-0.003072639719002269,0.006420876028843607,-0.478539019473274,-0.0050198073994052956,nan,-0.771386981860784,1.755063879279953
I1_plus_I3,891,8.91,-0.0024290122738820034,0.005817654703993442,-0.41752431133711737,-0.0027544072927560117,-0.04683481926004322,-1.184885933842373,1.0844478138712805
I1_plus_I3,944,9.44,0.001955539316352669,0.006704110457296381,0.29169258603494047,0.001859173306968116,nan,nan,nan
I1_plus_I3,1000,10.0,0.00758317649245388,0.005977350065227752,1.2686518958572894,0.00619696592367033,nan,nan,nan
I1_minus_I3,0,0.0,4.96377508789631,0.026032343042494778,190.6772310042751,4.950943710236028,nan,nan,nan
I1_minus_I3,1,0.01,4.896101692546839,0.025854994876819373,189.36773013776545,4.883361481462604,nan,nan,nan
I1_minus_I3,2,0.02,4.8126935626231075,0.025549930198020394,188.3642548266529,4.800140017900466,-1.8858929836700733,-1.8939465960159783,-1.87749776443439
I1_minus_I3,3,0.03,4.714513147818099,0.0251226732800757,187.65969271100965,4.702155153134896,-2.222197927018388,-2.2317030004921157,-2.2125297571826184
I1_minus_I3,4,0.04,4.603103906951925,0.024587872063836395,187.2103407322558,4.591015771050994,-2.55153752145883,-2.5632297732161216,-2.539299134501754
I1_minus_I3,5,0.05,4.479679028562634,0.02396954824543969,186.890423744841,4.467854798269875,-2.87312571640802,-2.88766965316134,-2.858468541348987
I1_minus_I3,6,0.06,4.345737235386351,0.02328907079565171,186.59985507870675,4.334198939609229,-3.189212179720613,-3.206387661037051,-3.171982421321582
I1_minus_I3,7,0.07,4.202672473160343,0.02255389863716134,186.3390689464097,4.191477268469893,-3.498435094436287,-3.518316673184201,-3.4784546070963884
I1_minus_I3,8,0.08,4.0518045554841855,0.021776214734354604,186.0656043720939,4.040967481775265,-3.803089265208475,-3.825776541725116,-3.779742500022004
I1_minus_I3,9,0.09,3.8946896406536555,0.020964529623110607,185.7751979496014,3.8841867846588523,-4.104127484055587,-4.129397274764827,-4.078406216318183
I1_minus_I3,10,0.1,3.732476103536419,0.02013228079016555,185.39757826940811,3.7223413304077626,-4.402241814948633,-4.4307942025684035,-4.3737323547723586
I1_minus_I3,11,0.11,3.5663958738774575,0.019294288568984786,184.84205111404694,3.556617539329317,-4.700847340339397,-4.733041402636199,-4.668908409509675
I1_minus_I3,12,0.12,3.3976114788871947,0.018460220631542398,184.05042641157837,3.388158165347153,-5.000084619083083,-5.036489379447659,-4.96417163720643
I1_minus_I3,13,0.13,3.227087736834032,0.01764584938877022,182.88083875904232,3.218000841500155,-5.302257161248259,-5.343624243017467,-5.260576205552453
I1_minus_I3,14,0.14,3.0558826276370006,0.016865088500308382,181.1957658912447,3.0471342443942286,-5.6098133567653745,-5.6565101610230135,-5.56295691799244
I1_minus_I3,15,0.15,2.884827886886726,0.016116357748683766,178.99999068476447,2.876393822350374,-5.923536122556371,-5.975946543777293,-5.869633452317985
I1_minus_I3,16,0.16,2.714696455216762,0.015414514852995238,176.1130000591139,2.706524951307831,-6.246806470383188,-6.306004230756371,-6.1864242580324875
I1_minus_I3,17,0.17,2.5462932041128186,0.014763042540160807,172.4775361979742,2.53834403224108,-6.582593003540254,-6.65111742021489,-6.515111264296245
I1_minus_I3,18,0.18,2.3802278170799167,0.014169305541762402,167.98479008476937,2.3724770444273915,-6.931731576677945,-7.011299826419947,-6.854783364182742
I1_minus_I3,19,0.19,2.2170146089248384,0.013641090928161114,162.52472918774853,2.209396625410611,-7.299839077211971,-7.39078999783491,-7.212619432583549
I1_minus_I3,20,0.2,2.0573338175655,0.013178380467869918,156.11431333170762,2.0498242339250234,-7.691618323495862,-7.795867529805531,-7.593052622909618
I1_minus_I3,21,0.21,1.9015038879671293,0.012802149118082374,148.53005307377285,1.894096966831851,-8.342590734542576,-8.472442014775392,-8.219677092781993
I1_minus_I3,22,0.22,1.7498524526766315,0.012492293440929335,140.07455564111817,1.7425003383348612,-8.815014414026475,-8.963866931944873,-8.672902627452688
I1_minus_I3,24,0.24,1.460869758558863,0.012083803597646055,120.89486118786662,1.453508751979917,-9.642758862736645,-9.835827097841687,-9.463240044141827
I1_minus_I3,25,0.25,1.3240035787576123,0.011983159826484104,110.48868561624444,1.3166427596058443,-10.259035329404542,-10.486655740376507,-10.045201725365827
I1_minus_I3,27,0.27,1.0661772218373704,0.01198548018494374,88.9557368904344,1.058723295137852,-11.768985017261217,-12.098348725316116,-11.465761595919593
I1_minus_I3,28,0.28,0.9455290677113019,0.012062955907123578,78.38286693503832,0.9379850655068249,-13.372227359666784,-13.848283178195947,-12.945331950163304
I1_minus_I3,30,0.3,0.7210065063682214,0.01230749718224292,58.58270740930814,0.7130835040657858,-15.257649355264874,-15.92201360868072,-14.664189852217383
I1_minus_I3,32,0.32,0.5192365316342721,0.01264199170993501,41.07236767337996,0.5107880162737505,-18.516796698681095,-19.669250797224578,-17.547380663819578
I1_minus_I3,33,0.33,0.42682576223035695,0.012829726080306633,33.26850156883129,0.41808145696417454,-34.07777910791813,-44.08244557405054,-29.102618443715528
I1_minus_I3,35,0.35000000000000003,0.25867407250792956,0.013210338954132395,19.58118360218247,0.2492476524443739,nan,nan,nan
I1_minus_I3,38,0.38,0.04720150759719013,0.013740113125188573,3.4353070580372185,0.03667182717454927,nan,nan,nan
I1_minus_I3,40,0.4,-0.06821432822936935,0.01406020984678393,-4.851586780902306,-0.07926585037399679,nan,nan,nan
I1_minus_I3,42,0.42,-0.16458875712415283,0.014318064234304964,-11.495182199966042,-0.1760353197823065,nan,nan,nan
I1_minus_I3,45,0.45,-0.27614562681557603,0.014582936045226156,-18.936215996501925,-0.28801266346678145,nan,nan,nan
I1_minus_I3,47,0.47000000000000003,-0.330883165474831,0.01467849206497301,-22.54204069533892,-0.34287066333170046,nan,nan,nan
I1_minus_I3,50,0.5,-0.38701010389577334,0.014703470189890128,-26.32100442260735,-0.3989058440474281,nan,nan,nan
I1_minus_I3,53,0.53,-0.4165106548686729,0.014559907085830694,-28.606683573826494,-0.4281388079484363,nan,nan,nan
I1_minus_I3,56,0.56,-0.42488769306283647,0.014260237726439504,-29.795274189227868,-0.43584140586311937,nan,nan,nan
I1_minus_I3,60,0.6,-0.41043368697868904,0.013778645106519829,-29.78766662510805,-0.42011760666931075,nan,nan,nan
I1_minus_I3,63,0.63,-0.38565231290981483,0.013376568597650351,-28.830436602220708,-0.3941998836142349,nan,nan,nan
I1_minus_I3,67,0.67,-0.34075606526314833,0.012751966514594072,-26.721844420871697,-0.3476495378265949,nan,nan,nan
I1_minus_I3,71,0.71,-0.28814207247871154,0.012131280771538102,-23.75199106385686,-0.29332489506248294,nan,nan,nan
I1_minus_I3,75,0.75,-0.2336934733774262,0.011568898586251649,-20.200148841752743,-0.23753663334613712,nan,nan,nan
I1_minus_I3,79,0.79,-0.18071182110293366,0.0111063541385297,-16.27102997517572,-0.1834731470753026,nan,nan,nan
I1_minus_I3,84,0.84,-0.12048179162318674,0.010662475309858659,-11.29960802927138,-0.1219662926735986,nan,nan,nan
I1_minus_I3,89,0.89,-0.06899026468145505,0.010464534935856052,-6.5927693016786035,-0.06937008195501561,nan,nan,nan
I1_minus_I3,94,0.9400000000000001,-0.027805306307644505,0.01041987493854823,-2.6684875271179154,-0.02755014242539034,nan,nan,nan
I1_minus_I3,100,1.0,0.007571119101523884,0.01059680978037348,0.7144715493097248,0.007524413457630046,nan,nan,nan
I1_minus_I3,106,1.06,0.029808993513712974,0.011040487802111238,2.6999706940496497,0.027245328925414456,nan,8.095449102826075,15.376597355467151
I1_minus_I3,112,1.12,0.041568437176306615,0.011538881991566387,3.6024666173627935,0.03639073780272201,6.805033300790991,2.0539058835185378,15.828357766546555
I1_minus_I3,119,1.19,0.046175912650399296,0.01214788950811884,3.8011469086493084,0.03929063855048159,0.7245844464381684,-2.48245229857913,4.205203632251446
I1_minus_I3,126,1.26,0.044418211243381175,0.012463048199465183,3.563992574889284,0.037363413373751216,-1.8100366340325755,-7.431679381526146,0.6788611720207942
I1_minus_I3,133,1.33,0.03625031040935329,0.012683728096448934,2.858016991037698,0.02974896382514129,-4.276140398136164,-11.638692467028186,-0.9815912197231391
I1_minus_I3,141,1.41,0.02459222986011612,0.012621111035507738,1.9484996044270038,0.019096416173476148,-11.8929379143493,-15.772100468817818,-2.317336276611592
I1_minus_I3,150,1.5,0.012266288994007214,0.011637819713576799,1.0540023213881924,0.006270063783908949,nan,-16.560254611654212,-2.4911811799580548
I1_minus_I3,158,1.58,0.0009879822133205753,0.010444757355345074,0.09459120779047857,-0.006296495138454984,nan,-13.822316465730236,-0.21486807749686204
I1_minus_I3,168,1.68,-0.010839944678830463,0.010037925325058308,-1.0798989161405717,-0.01836226093492217,nan,-16.45493072292558,-0.10058773813798026
I1_minus_I3,178,1.78,-0.01855690317488018,0.01081225142809455,-1.716284836538478,-0.025591342040989864,nan,-8.922252878372529,6.003320664753432
I1_minus_I3,188,1.8800000000000001,-0.018987354397967265,0.011185075847532106,-1.6975615236580328,-0.023747016801794717,nan,-5.542878764324958,10.311380162055222
I1_minus_I3,200,2.0,-0.0132407372951189,0.010933527444172442,-1.211021544760122,-0.013617630655371131,nan,-2.6667038301112616,9.947518046666174
I1_minus_I3,211,2.11,-0.005508319035714372,0.010589964002235986,-0.5201452086665578,-0.0033269979272638928,nan,-5.299935826708266,4.05019461176288
I1_minus_I3,224,2.24,-0.00016462283546348042,0.010770934798283328,-0.01528398774540145,0.0054757706161319055,nan,-11.796456544938595,5.6134718824514085
I1_minus_I3,237,2.37,-0.008118393455545823,0.010247828425045428,-0.7922062234867905,-0.0006564998874584434,nan,-6.4114560774386575,3.5021073732896992
I1_minus_I3,251,2.5100000000000002,-0.016305363659158432,0.008820115343236092,-1.8486565112396829,-0.011099236462842409,nan,-5.7493923923811145,5.991774095397037
I1_minus_I3,266,2.66,-0.019728962292654178,0.009117014697592503,-2.1639717546867545,-0.01942650931757964,nan,-5.352839120850003,5.644015830208134
I1_minus_I3,282,2.82,-0.01656263140022956,0.010359137288043439,-1.5988427356152737,-0.021260459288761663,nan,-1.5935706228032558,5.34265199717642
I1_minus_I3,299,2.99,-0.0034224633690535912,0.010480028213433492,-0.3265700529953359,-0.006516821656886892,nan,1.1471074764697036,7.797185536524679
I1_minus_I3,316,3.16,0.007316078621123729,0.01121582288241785,0.6522997641655488,0.005211308915543767,nan,-0.7572753213511868,6.924780393620373
I1_minus_I3,335,3.35,0.012234320062795814,0.012173358103387384,1.0050078178010278,0.018115575290234796,nan,-3.871720479134702,4.856087187001655
I1_minus_I3,355,3.5500000000000003,0.014135940649777728,0.011084905843087101,1.2752422844072553,0.020079889536553132,nan,-4.503914513152911,2.5726906634041002
I1_minus_I3,376,3.7600000000000002,0.006947342360588142,0.009753351169800008,0.712303108914984,0.009204803746898029,nan,-5.176310607996256,2.131668605209311
I1_minus_I3,398,3.98,-0.002893587498231524,0.0095573192118131,-0.30276141605220985,0.006399000769155511,nan,-4.4646308466973865,1.1976664188024062
I1_minus_I3,422,4.22,-0.0070426531560373205,0.011017652151960716,-0.6392154207540488,0.005860174816691153,-0.5524365193529716,-3.2097107660243744,3.0705968705649704
I1_minus_I3,447,4.47,-0.0008761413449019025,0.009081115358614764,-0.09647948630789659,0.0030538326256935797,nan,-3.235200245179829,2.7632563772509604
I1_minus_I3,473,4.73,0.004065333447386868,0.011264820755306274,0.36088753968605314,0.004974864201465118,nan,-2.2721960504626084,3.6461079287220928
I1_minus_I3,501,5.01,-0.004657274206043279,0.010047343872983765,-0.46353287644172225,-0.011064501843592728,nan,-2.748292154343515,2.8048337805984676
I1_minus_I3,531,5.3100000000000005,0.0020098779924783636,0.01003848595372783,0.20021724408868527,0.0027880373185821153,0.13404159167269436,-2.4522017939818967,2.4873072207733204
I1_minus_I3,562,5.62,-0.0020343882774787364,0.009638431254953068,-0.211070476477517,-0.0009381315278725574,nan,-0.820243173523008,3.475716192668821
I1_minus_I3,596,5.96,0.004794008582505825,0.009839523850897956,0.48721957029133306,0.0051762102566279425,1.2736919605407984,-1.747055309535635,2.547465050830554
I1_minus_I3,631,6.3100000000000005,0.01734658940969158,0.010565685496764624,1.6417855154787042,0.020342091107907835,nan,-1.5854069025201727,2.320200076301782
I1_minus_I3,668,6.68,0.011507879859647168,0.011526088404368636,0.9984202320785109,0.014012641050714992,-0.6390559349972028,-1.9547431456867639,1.8157811081048045
I1_minus_I3,708,7.08,0.009222757111809473,0.010336504802269764,0.8922510353581293,0.007671999154345941,nan,-2.6027988959742125,0.740904620032038
I1_minus_I3,750,7.5,0.0017918001526495923,0.01181373661975109,0.15167090737861266,0.007655944797695763,-0.3053094101722119,-1.9901534559019718,1.334626732646156
I1_minus_I3,794,7.94,-0.004414496216740065,0.01039466736140654,-0.42468855070151307,0.00032034749935401545,nan,-2.006145911083823,1.5047006412996091
I1_minus_I3,841,8.41,0.006785898617578415,0.01068760089983627,0.6349318880051342,-3.074154306306352e-05,0.6132227242453226,-1.5358731267901125,1.638672773891453
I1_minus_I3,891,8.91,-0.0021796497627385473,0.009483176225216078,-0.2298438530481788,-0.011569511013649395,nan,-1.3337366623348947,1.573284479414033
I1_minus_I3,944,9.44,0.00588774381859977,0.009775565024661422,0.6022919190600641,-1.3986164539747371e-05,nan,nan,nan
I1_minus_I3,1000,10.0,-0.00031650230618835654,0.009831220783753886,-0.03219359153355373,0.0028369815409055735,nan,nan,nan
cos_even_sum,0,0.0,0.9952780221998075,0.002332929661908067,426.6215301946931,0.9973154308428505,nan,nan,nan
cos_even_sum,1,0.01,0.9339298156453596,0.0023134255651167924,403.699963261282,0.9359705497487407,nan,nan,nan
cos_even_sum,2,0.02,0.885280787629594,0.0023022894861986394,384.5219260811986,0.8873075348862217,-5.604915096380436,-5.636393639275685,-5.572409668308702
cos_even_sum,3,0.03,0.8395434207740341,0.002290525470900747,366.52874261375683,0.8415919766568584,-5.391333516678828,-5.423487851891388,-5.359543428139714
cos_even_sum,4,0.04,0.7953843950380367,0.002287292413170658,347.7405820340523,0.7975144358244376,-5.444939304705722,-5.479413382744855,-5.410708006420049
cos_even_sum,5,0.05,0.7527611283827753,0.00228852398283704,328.92866058130255,0.7549049287345063,-5.513357563926908,-5.549920725702882,-5.476748202387501
cos_even_sum,6,0.06,0.7120209226016014,0.002284286668813367,311.70383836783475,0.7142204950308245,-5.548930804078095,-5.588095854450233,-5.510877326973746
cos_even_sum,7,0.07,0.6733894870155895,0.002268610884651917,296.8289941529178,0.6755974313536771,-5.533340526859583,-5.575332411964804,-5.4933953293817535
cos_even_sum,8,0.08,0.6370628277544753,0.002251467599793518,282.9544728127113,0.6393660134891258,-5.4732196300513865,-5.51498230713551,-5.433319546268641
cos_even_sum,9,0.09,0.6032998457775347,0.0022439884901056173,268.8515776429581,0.6056679917500171,-5.365770417214655,-5.4101392049111015,-5.324120924728304
cos_even_sum,10,0.1,0.5720226059294643,0.0022333174868831864,256.1313424038863,0.5744469849294367,-5.215774941762785,-5.263434026274069,-5.171210743158655
cos_even_sum,11,0.11,0.5433170732325665,0.0022312840959864137,243.49972924105614,0.5457695430537304,-5.03084436116912,-5.080746327017509,-4.984992524456522
cos_even_sum,12,0.12,0.5171005193411407,0.002232550961374439,231.61868565938352,0.519564938825908,-4.809983366601399,-4.860426083484896,-4.7642707844642125
cos_even_sum,13,0.13,0.49333110212905545,0.0022304188387084925,221.18316684175568,0.49582502481278584,-4.564252303909056,-4.612521489308267,-4.5175633554754775
cos_even_sum,14,0.14,0.4719056996700748,0.0022199240248057025,212.57741003608356,0.47444158541168235,-4.300389231632389,-4.348564905079973,-4.2531674789955645
cos_even_sum,15,0.15,0.45265171375481583,0.002210351278924631,204.78722910280473,0.45518133465941996,-4.030416703603062,-4.078523717970663,-3.9830079139805137
cos_even_sum,16,0.16,0.4353810891034056,0.002201071925074963,197.80411723191537,0.43790882093737793,-3.7557847187301086,-3.803747249469835,-3.707742405396524
cos_even_sum,17,0.17,0.419877871657494,0.0021864476940847703,192.0365498765117,0.4223993752097307,-3.485016154368264,-3.5333727139803908,-3.4364454829316298
cos_even_sum,18,0.18,0.4060790268366563,0.0021644546942105403,187.61262498255658,0.4086248321688475,-3.22278471730788,-3.272269931953245,-3.1739800635568987
cos_even_sum,19,0.19,0.39375242143139494,0.0021359901657062607,184.34186999227197,0.39626081255056045,-2.9727459270880177,-3.0257546633952863,-2.921839861970939
cos_even_sum,20,0.2,0.3827225544562887,0.0021159386346984907,180.8760179431312,0.3851997886085064,-2.748434213219261,-2.80623211020754,-2.69293257936401
cos_even_sum,21,0.21,0.37280446144708496,0.002098171534008907,177.6806402166651,0.3752225570937427,-2.463469241877237,-2.521302552019395,-2.4078826440218037
cos_even_sum,22,0.22,0.36380223862418454,0.0020884930787581166,174.1936529856794,0.3662134601905597,-2.3017647742452567,-2.3586606824081526,-2.248787019449001
cos_even_sum,24,0.24,0.3481205673569673,0.0020970463401175665,166.0051858164711,0.3504970258025461,-2.1151030153772963,-2.1702243742910117,-2.064313248830645
cos_even_sum,25,0.25,0.3411158266025875,0.0020919312779784983,163.06263508436993,0.3434927067884598,-2.008912558362788,-2.062652917104016,-1.9579854660165261
cos_even_sum,27,0.27,0.3283722486271697,0.002090250072456748,157.09711146725218,0.3306779438597745,-1.861586426204509,-1.9148365678759396,-1.8133319893091209
cos_even_sum,28,0.28,0.322491140974102,0.00208877436282475,154.39252162113942,0.3247940850741893,-1.7966924851312507,-1.846168589364738,-1.750131803378668
cos_even_sum,30,0.3,0.31133007760104675,0.002058674571423787,151.22840779333555,0.31360316063962984,-1.7480042194804333,-1.7979705044681056,-1.7003694262541507
cos_even_sum,32,0.32,0.3008024127357957,0.002029181899768596,148.23826921090645,0.3029970698282481,-1.7338491887282472,-1.7827570662409842,-1.6851763510139064
cos_even_sum,33,0.33,0.2956769922388902,0.0020128798837837536,146.89251684660147,0.2978351929576689,-1.7279495601451196,-1.7794433153229345,-1.6773576749694843
cos_even_sum,35,0.35000000000000003,0.28563255806634624,0.0019854435277559665,143.8633504671777,0.2877626298636559,-1.7266509881107086,-1.7811466999284409,-1.6728159227815735
cos_even_sum,38,0.38,0.27113523737526535,0.0019591246125374782,138.3961161225412,0.27324696779204855,-1.7230030467382924,-1.7738304908899691,-1.6696513142733334
cos_even_sum,40,0.4,0.26199398200685486,0.0019709969321077456,132.924601626185,0.2639833855470417,-1.7155664639949468,-1.7683139292801933,-1.6617733809911797
cos_even_sum,42,0.42,0.253204469417698,0.0019803108143879,127.8609739330044,0.255098872586255,-1.69257455572321,-1.747171500861204,-1.6386358808576638
cos_even_sum,45,0.45,0.2406033137728705,0.001986139100219939,121.14122004155037,0.24237577026722032,-1.6700817607996092,-1.7252386503468744,-1.6137479879860985
cos_even_sum,47,0.47000000000000003,0.2328247482900987,0.0019783456268027675,117.686588802165,0.23457714771037638,-1.6495726544268667,-1.7135288629273946,-1.588265541262378
cos_even_sum,50,0.5,0.22169739312385955,0.001962886052000821,112.94460669170155,0.22349660537737218,-1.6171625328800832,-1.6905994791198875,-1.5485424379016899
cos_even_sum,53,0.53,0.2111870745381698,0.001962917644103017,107.58835204962189,0.2129443273492218,-1.5784660246667042,-1.650909138931519,-1.5062381855405325
cos_even_sum,56,0.56,0.20139369980284913,0.0019469930486059573,103.43832503513383,0.20320970819571005,-1.5446124739822678,-1.616609180383188,-1.4713428942064781
cos_even_sum,60,0.6,0.18963201557587364,0.0019462780127425534,97.43315925799213,0.1915205233665005,-1.5019994171837254,-1.5675785714102515,-1.433298208521814
cos_even_sum,63,0.63,0.1813653919421286,0.0019392503673053097,93.5234537014142,0.1834064260941033,-1.4555593163985974,-1.518982903710759,-1.3937384818746403
cos_even_sum,67,0.67,0.1711370044704338,0.0019305804765523274,88.64536161478955,0.1732289864279949,-1.412888891885712,-1.4752779358860737,-1.34944801192908
cos_even_sum,71,0.71,0.16189173353878114,0.001911992948617912,84.67172102062662,0.16378900693103882,-1.3844587789489435,-1.4545799894106302,-1.3143878663977686
cos_even_sum,75,0.75,0.1534158334416159,0.0018910067183898357,81.12918476156828,0.15514376726042167,-1.330826035153578,-1.4058599507410372,-1.250924952990577
cos_even_sum,79,0.79,0.1453290281946544,0.0019361341212867896,75.06144672357001,0.1472123237152391,-1.2826784093675654,-1.363627247846208,-1.2004038593441357
cos_even_sum,84,0.84,0.13648626754171878,0.0019670310782523804,69.38694006958993,0.13858687771990622,-1.2635489675502574,-1.3552249461416017,-1.1754385910572456
cos_even_sum,89,0.89,0.1285150074021243,0.001987893778889826,64.64883021762648,0.1308020233999171,-1.2394432740460795,-1.3317557957798125,-1.1479829557443872
cos_even_sum,94,0.9400000000000001,0.12067220217344853,0.0020115544015656514,59.989529529763566,0.1230324172555544,-1.248368707884956,-1.3469028135085785,-1.152590531919154
cos_even_sum,100,1.0,0.11202446043360834,0.0020176986169104408,55.52090857114403,0.11405488267671203,-1.243680599369464,-1.3558146769334063,-1.1380968393887836
cos_even_sum,106,1.06,0.103708376654364,0.002044520395008352,50.725038941927664,0.10550202439162132,-1.2238961569981286,-1.3372295665700162,-1.1185935461412118
cos_even_sum,112,1.12,0.09654402759285052,0.002096632350546069,46.047189707678406,0.09855531085277226,-1.2149438771215224,-1.3239646594045968,-1.1151178789173024
cos_even_sum,119,1.19,0.08886370195927598,0.0021031367884966875,42.25293497090855,0.09109645153990076,-1.1952172044271072,-1.3135679878206608,-1.0830747218715469
cos_even_sum,126,1.26,0.08168185107524063,0.0020115530084852825,40.60636271114118,0.08386572515711868,-1.1417113271778205,-1.2533206250815903,-1.0341041116389138
cos_even_sum,133,1.33,0.07510403190985547,0.002040522913457228,36.806267361442075,0.07709326989037134,-1.100186629270404,-1.2166938178702527,-0.9873564726318196
cos_even_sum,141,1.41,0.06933174373705614,0.002065311738441712,33.569626534620525,0.07119227675021515,-1.0719957470085095,-1.1980409366977987,-0.9519608391471999
cos_even_sum,150,1.5,0.06318367129262886,0.0020974207007830713,30.124462521533832,0.06456424719936353,-0.9988582518556557,-1.1233066018983784,-0.884380904660439
cos_even_sum,158,1.58,0.05796232306201523,0.0020646471399843507,28.073718719051705,0.05883002200484529,-1.0337710509669726,-1.170606864487436,-0.906638762656387
cos_even_sum,168,1.68,0.05294607042700433,0.0018432205335930892,28.724761612650713,0.05346090460515531,-1.0273001523148295,-1.160175216813544,-0.9058190072333864
cos_even_sum,178,1.78,0.047295141572028535,0.0017693008025643307,26.73097842010893,0.048122644835104623,-0.9995669537040655,-1.1561761265992998,-0.8463788171076726
cos_even_sum,188,1.8800000000000001,0.042762940197915975,0.0017213276117744349,24.842999034816906,0.044190898006264745,-0.9686204651878325,-1.170452597866308,-0.7704392035417152
cos_even_sum,200,2.0,0.03809088735642742,0.0017479509304689858,21.791737223542885,0.03929330862324246,-0.8159702419569809,-1.0218253977622433,-0.6214797675776887
cos_even_sum,211,2.11,0.034909781298154675,0.001918984068994745,18.191803601810033,0.0359099327832604,-0.6844250690695721,-0.8683576027711432,-0.5056019282153307
cos_even_sum,224,2.24,0.032494188687858985,0.0019520502270104927,16.64618473348551,0.03440214986058803,-0.7693790841622397,-1.0254760171600237,-0.5416796527319468
cos_even_sum,237,2.37,0.030578696094246727,0.001989090080427797,15.373208280074532,0.032774393817726385,-0.8894279819344695,-1.1442173312973574,-0.6705467180963119
cos_even_sum,251,2.5100000000000002,0.02572830489428322,0.0020814304623107197,12.360876503037579,0.027363861707862914,-0.919790507920476,-1.1758281310581695,-0.7090399194120696
cos_even_sum,266,2.66,0.02140408231674962,0.0019381158953113737,11.043757686797614,0.023305142782739405,-0.8692728812825967,-1.1583227639919047,-0.6269432017924458
cos_even_sum,282,2.82,0.019059826000588094,0.0017340378803401438,10.99158571832893,0.021090257633805922,-0.7373735966169406,-1.0407323857035709,-0.4671600799820364
cos_even_sum,299,2.99,0.01783841671454577,0.0018426424784323743,9.680888682063696,0.019962509620403416,-0.5733275499991437,-0.8694234053134425,-0.30424472348648934
cos_even_sum,316,3.16,0.01593150994695143,0.0018715478118386064,8.512478199154492,0.01801976485181296,-0.5714986655797566,-0.964353642422243,-0.2585572649078207
cos_even_sum,335,3.35,0.014410911415052035,0.001768428083874359,8.148994887866689,0.01691189167346433,-0.7651816390538531,-1.2751079133890266,-0.39775389777750575
cos_even_sum,355,3.5500000000000003,0.012558387176442205,0.0019186941157533048,6.545278412714377,0.015295596525523713,-1.1734823126552767,-2.0921213575431907,-0.6512768899807868
cos_even_sum,376,3.7600000000000002,0.009896335251155557,0.0018064995906773827,5.478182946858422,0.013160282374249507,-1.39833075003181,-2.5963772523465276,-0.7901281751526142
cos_even_sum,398,3.98,0.006086318658842588,0.0017727604803172796,3.4332436482075064,0.010057012017880066,-2.073746144925635,-4.542664805515434,-0.9804355919907604
cos_even_sum,422,4.22,0.004269248874999842,0.0016566976125382063,2.5769632567158576,0.006755371004276385,-1.5072399368523186,-4.002233495626584,-0.541400284212559
cos_even_sum,447,4.47,0.0018636599883557318,0.0017699158397924835,1.0529653142006117,0.003331665232513831,-1.3948234232249817,-3.771766336009443,-0.2130088191261892
cos_even_sum,473,4.73,0.002293643894473341,0.0018402754856035736,1.2463589894102576,0.003548905813364791,nan,-3.897794544952315,-0.3394030490556192
cos_even_sum,501,5.01,0.0014468304734157127,0.001937967558760867,0.7465710490741204,0.0030780285878690672,nan,-3.416360083390428,0.9383823233501575
cos_even_sum,531,5.3100000000000005,-0.0007117892672913827,0.0019071068212225826,-0.37322988904998955,-0.0002117958090981191,-0.3657809844376048,-2.2673714910723852,1.6597597442616816
cos_even_sum,562,5.62,-0.0008467736655628047,0.0018572521481027978,-0.45592821977769293,-1.035702130912689e-06,0.0984080849644309,-1.8500943884675856,2.098161153595006
cos_even_sum,596,5.96,0.0014626226536520006,0.001799670840673386,0.8127167594184771,0.002816163879673226,nan,-1.9630247947442954,2.1741115117532526
cos_even_sum,631,6.3100000000000005,0.0016442852543479725,0.002010620989720784,0.8177997060382401,0.0033872350328260944,nan,-1.7844943513725757,2.841460268243512
cos_even_sum,668,6.68,-0.00046219070616486174,0.002008928486056512,-0.23006827240134028,0.001099683364380729,nan,-2.116445398518067,1.1722190901946972
cos_even_sum,708,7.08,-0.0005871698392251976,0.002119361621566143,-0.27705033121780187,-0.00019175964721740424,nan,-2.1839149321001536,1.26821867045506
cos_even_sum,750,7.5,-0.00018430286399002144,0.0021313688931384124,-0.08647159324852392,-0.0016475375865011744,nan,-1.7448270270854747,1.3828503717204172
cos_even_sum,794,7.94,-0.0014692769156793549,0.002160112050928254,-0.6801855093803907,-0.0032740901708412313,nan,-2.0992977917032447,0.6167179288360873
cos_even_sum,841,8.41,-0.0018506219740643086,0.002243941237268365,-0.8247194460034708,-0.004857708599233855,nan,-2.2550570787349042,1.3369788892377739
cos_even_sum,891,8.91,-0.004276834907420979,0.0019936701788365713,-2.1452068415432555,-0.006093039042463395,nan,-1.6779264904285134,1.409080003663888
cos_even_sum,944,9.44,-0.0032565088774819373,0.0017533053804322353,-1.8573540661120445,-0.004077223364229266,nan,nan,nan
cos_even_sum,1000,10.0,-0.0019247337606387975,0.002033912658467783,-0.9463207540528147,-0.0028103186574595443,nan,nan,nan
cos_odd_diff,0,0.0,0.9606583014878812,0.0017086617718133597,562.228474549623,0.9594420539401874,nan,nan,nan
cos_odd_diff,1,0.01,0.8993935860929326,0.0017294979336905819,520.0316048795232,0.8981332730596671,nan,nan,nan
cos_odd_diff,2,0.02,0.8508260028745416,0.0017371886831622377,489.771785368626,0.8495755352337884,-5.839790874477628,-5.871662709714967,-5.81024757223841
cos_odd_diff,3,0.03,0.8050280835166009,0.0017421831517382765,462.080053244332,0.8036879353902038,-5.657614230725036,-5.687208085250655,-5.630438214427296
cos_odd_diff,4,0.04,0.7605388119626036,0.001731437377612032,439.25285534237764,0.7592081249296385,-5.7763115814394626,-5.80812667933638,-5.7482760769932435
cos_odd_diff,5,0.05,0.7172440604078298,0.0017123476507257677,418.8659120149057,0.7158839457284697,-5.9369569012768295,-5.971717905923621,-5.905249364480534
cos_odd_diff,6,0.06,0.6752987479090244,0.0017075239477659754,395.4842031893877,0.673973032433838,-6.089057621264954,-6.128630471428117,-6.053114091534189
cos_odd_diff,7,0.07,0.6348564352526185,0.001700469539793566,373.34184494106785,0.6335102701087206,-6.223776966761358,-6.266695615844077,-6.185146932732351
cos_odd_diff,8,0.08,0.5961336222500944,0.0016940396574254865,351.900629738543,0.5948305362400343,-6.342835151426072,-6.388168570192106,-6.301425340594647
cos_odd_diff,9,0.09,0.5591764605098426,0.0016755867167412815,333.7197979208987,0.5578841375820041,-6.441802030252116,-6.489944225276636,-6.398760973719064
cos_odd_diff,10,0.1,0.5239738489001172,0.0016443456264370914,318.65189439244887,0.5226841348609104,-6.525905031551802,-6.57595767091546,-6.479240717431565
cos_odd_diff,11,0.11,0.4906479212442006,0.0016230570878320565,302.298622101806,0.48935953892541245,-6.595847640950393,-6.648563646114707,-6.546649830811855
cos_odd_diff,12,0.12,0.4591737317907853,0.001597035961657302,287.51621304399686,0.4579306832762213,-6.650584745450507,-6.705865212816689,-6.598023385224759
cos_odd_diff,13,0.13,0.42950405794881824,0.0015660850391251311,274.25334334893716,0.4283153524606018,-6.701425698044365,-6.759242646660701,-6.646225315770895
cos_odd_diff,14,0.14,0.40158466648223684,0.0015301373684900117,262.45007458286796,0.40043868986020176,-6.7544670297136085,-6.815243464496123,-6.696760166553365
cos_odd_diff,15,0.15,0.37527901074931586,0.0014960620056186813,250.84455680306044,0.37411649949680076,-6.814159594484303,-6.879978835377457,-6.75053841502887
cos_odd_diff,16,0.16,0.35046118477126736,0.0014651303016979859,239.20137639983747,0.34927789461662434,-6.882750150794129,-6.959183157829635,-6.814403074040469
cos_odd_diff,17,0.17,0.327034217363016,0.0014326318155739267,228.27513238773273,0.32586206030025183,-6.959046726646605,-7.043966217882898,-6.882035241211125
cos_odd_diff,18,0.18,0.30493797050997723,0.001405436990807124,216.9702181631461,0.3037978717763298,-7.047935823346567,-7.143097123738543,-6.960810494380968
cos_odd_diff,19,0.19,0.28409477830621965,0.0013866406367035857,204.87988797269685,0.2829673094859626,-7.154625301915594,-7.257722320780214,-7.062053504397589
cos_odd_diff,20,0.2,0.2643654761038981,0.0013789740981039929,191.71170543912672,0.2633132043864743,-7.296084130006679,-7.407522644116228,-7.192355695282905
cos_odd_diff,21,0.21,0.24564313049022543,0.001368802228741594,179.45845304186642,0.24467853289147304,-7.565385268270519,-7.694647253874184,-7.450199816117099
cos_odd_diff,22,0.22,0.22775375317017682,0.0013621737680627798,167.19875137081638,0.22690500968242985,-7.76229938789186,-7.908918687986375,-7.632316679045634
cos_odd_diff,24,0.24,0.19461799661342188,0.001364581045390858,142.6210610727612,0.19386306273229556,-8.100935554434892,-8.27333111025854,-7.9459051256541
cos_odd_diff,25,0.25,0.17932818368384248,0.0013812061722070603,129.83447894479792,0.17861610620372623,-8.330519483013026,-8.527066981936194,-8.156347630011085
cos_odd_diff,27,0.27,0.1510821396841018,0.0014029553756477395,107.6884855402815,0.15040242909656748,-8.879464956459145,-9.12688883779506,-8.650747103682997
cos_odd_diff,28,0.28,0.13816295838643655,0.001431746173576876,96.49961769499225,0.13751775791601206,-9.368976067670657,-9.660104452505147,-9.094283989013919
cos_odd_diff,30,0.3,0.11423648711973954,0.0014932786268969894,76.50045012505218,0.11361345649136967,-9.884360454713581,-10.240101587037824,-9.555397910196477
cos_odd_diff,32,0.32,0.09307347461265783,0.0015413988210572112,60.38247424428469,0.09242792649327936,-10.509349477395952,-10.950368613810703,-10.103494657799612
cos_odd_diff,33,0.33,0.08349293629852475,0.0015598164436498557,53.52741127869984,0.08278586643467212,-11.807881868662198,-12.474724582249507,-11.190170522536512
cos_odd_diff,35,0.35000000000000003,0.06620654882822961,0.001602977552457423,41.302230793396056,0.06539040281408016,-13.16427631041677,-14.155869614890847,-12.3048518678812
cos_odd_diff,38,0.38,0.04441779594125451,0.001648437061481541,26.945399966519677,0.04364060906034966,-14.707180981493797,-16.155931850790907,-13.544215198631417
cos_odd_diff,40,0.4,0.03246774470818959,0.0016742816832674425,19.39204438098325,0.03166156588310368,-19.055684195910096,-22.748850482152676,-16.574785147492687
cos_odd_diff,42,0.42,0.022222732350408985,0.0016842049984880276,13.19479064030753,0.02136215051264869,-28.092365619633075,-44.92924633806013,-21.71631880751456
cos_odd_diff,45,0.45,0.009847434489665192,0.0016868306055959669,5.837832475292347,0.00884789601798966,nan,-69.67311278051076,-36.346618186865726
cos_odd_diff,47,0.47000000000000003,0.003544252554840379,0.0016404675360306784,2.160513681005936,0.0024576627761837217,nan,nan,nan
cos_odd_diff,50,0.5,-0.003915164351973718,0.0016000838965883955,-2.446849418534491,-0.005011452833635949,nan,nan,nan
cos_odd_diff,53,0.53,-0.009010496776253726,0.0015888290980457086,-5.671155435998004,-0.010174288748475443,nan,nan,nan
cos_odd_diff,56,0.56,-0.01205383825019488,0.0016030941847242945,-7.519107963246675,-0.013295669131033142,nan,nan,nan
cos_odd_diff,60,0.6,-0.013791414286421557,0.0016238314615010863,-8.493131592408385,-0.015123309963609851,nan,nan,nan
cos_odd_diff,63,0.63,-0.013998424913423629,0.0016286690747942336,-8.595008728333712,-0.015340945205555788,nan,nan,nan
cos_odd_diff,67,0.67,-0.013102143913259593,0.0016225477681462255,-8.075043564497891,-0.014444314929945393,nan,nan,nan
cos_odd_diff,71,0.71,-0.011639213027292903,0.0016566237283946212,-7.0258640074967875,-0.013098812394171057,nan,nan,nan
cos_odd_diff,75,0.75,-0.009642876567234936,0.0016444173421165727,-5.864008071590474,-0.011207914639767325,nan,nan,nan
cos_odd_diff,79,0.79,-0.00744273713656541,0.001667488799308004,-4.463440557834087,-0.009120349171466457,nan,nan,nan
cos_odd_diff,84,0.84,-0.004993100728233436,0.001718148134184886,-2.9060944332382808,-0.006914973008126575,nan,nan,nan
cos_odd_diff,89,0.89,-0.00258435935958563,0.0017401951199382665,-1.485097464057542,-0.004411535283860232,nan,nan,nan
cos_odd_diff,94,0.9400000000000001,-0.00050131526150503,0.0017214796391737236,-0.29121184479745077,-0.0020003361957499394,nan,10.884516498112568,15.914250769757775
cos_odd_diff,100,1.0,0.0011673730014474392,0.0016672955078568734,0.7001596273404286,-5.875677349318794e-05,nan,2.745020718660382,24.70128308064378
cos_odd_diff,106,1.06,0.0019327931323659554,0.0016999665803833655,1.1369594877153903,0.0008295650537770923,nan,-6.297107880228432,14.698795410629673
cos_odd_diff,112,1.12,0.0022123777252976715,0.0016880826784380991,1.3105861185334104,0.0017025415712729442,-2.550437530997112,-11.209225042085647,8.0048097974283
cos_odd_diff,119,1.19,0.001222242780555112,0.0017016732734998772,0.718259374222463,0.001801882395115549,-5.077318247534921,-12.97371104381045,5.843400470279524
cos_odd_diff,126,1.26,0.000601482503791678,0.0016773592441996672,0.35858895813262026,0.0019379522564813565,-8.478776041376667,-13.742378283243852,4.6218559361502525
cos_odd_diff,133,1.33,0.0004907061753016827,0.0016521515867017873,0.29701038285553816,0.0017989545102049891,nan,-13.40089170715335,6.343871645547169
cos_odd_diff,141,1.41,0.00018923281037731466,0.0016496553430772345,0.11471051281798264,0.0016688931076782798,nan,-10.991809310904465,5.714590580596853
cos_odd_diff,150,1.5,-0.00032118120603544866,0.0016010305993322236,-0.2006090365602073,0.0008060864342420014,nan,-12.67723789829771,6.588688682071702
cos_odd_diff,158,1.58,-0.000859077026135879,0.0014661461198366334,-0.5859422976419311,-0.00015978041397343533,nan,-9.596526426044889,8.092079090862253
cos_odd_diff,168,1.68,-0.0009933314648653243,0.001344699208098041,-0.7387016061906547,-0.000691705899237015,nan,-9.673873835789125,10.378417060601947
cos_odd_diff,178,1.78,-0.0014313750911914256,0.0013776571653535132,-1.0389922305700259,-0.001206241948479842,nan,-6.530959569837724,8.525210468967966
cos_odd_diff,188,1.8800000000000001,-0.0004692662191884015,0.0014358742285282596,-0.3268156847340239,-0.0008979105270639435,nan,-5.625381958786919,9.027781211932089
cos_odd_diff,200,2.0,0.0005608824568602809,0.0016609348584836075,0.33769082152466395,-0.0004341601971932416,nan,-7.071155275249788,6.084346251504891
cos_odd_diff,211,2.11,0.0003619371341660668,0.0016879883648367724,0.21441921147428403,-0.00018502528848205239,nan,-7.166056864825687,6.660897959021512
cos_odd_diff,224,2.24,-0.0005437735742923736,0.0017010500082219274,-0.31966936401873863,-0.0009024135297155896,nan,-7.578555184087135,5.360165650908616
cos_odd_diff,237,2.37,-0.0007270155643499813,0.0015331693947614315,-0.47419128429908974,-0.0007232540326674683,nan,-6.744767522101757,5.82692843245149
cos_odd_diff,251,2.5100000000000002,-0.00020002708096963177,0.0014770859455700762,-0.13542006920418703,7.585942307821377e-05,nan,-6.315725633267891,4.503778880158127
cos_odd_diff,266,2.66,-0.0006826855958120406,0.0014752385029050121,-0.4627628647623478,-0.00027241363879779927,nan,-1.4453977052913356,1.8490509089036073
cos_odd_diff,282,2.82,-0.0012472684361119384,0.0016704586805042468,-0.7466622495178608,-0.0009265053324720579,nan,nan,nan
cos_odd_diff,299,2.99,-0.00419166986432351,0.0016340915224718955,-2.565137758001925,-0.004155723483993586,nan,nan,nan
cos_odd_diff,316,3.16,-0.004498112929750213,0.0013937325751312744,-3.227385949077455,-0.0048759663550289436,nan,-2.6464870422493694,-2.6464870422493694
cos_odd_diff,335,3.35,-0.005254264309636459,0.001500668719076758,-3.501281957065774,-0.0059868381243606645,nan,-2.8880670843134117,1.707196664916354
cos_odd_diff,355,3.5500000000000003,-0.004098494833138348,0.001632525062280809,-2.5105249088257913,-0.005908787902445728,nan,4.0556943184068865,4.0556943184068865
cos_odd_diff,376,3.7600000000000002,-0.001035020393238314,0.0015545788254071736,-0.6657882999063895,-0.0016375387162616167,nan,nan,nan
cos_odd_diff,398,3.98,0.001062550592090993,0.001494912644082857,0.710777714200737,0.00016497769806980757,nan,-0.6409215021333817,1.7195732116744784
cos_odd_diff,422,4.22,-0.0008565977758978064,0.0015046720486898075,-0.5692920106036983,-0.0015368815602897613,nan,-3.522426461657684,4.6892900477708
cos_odd_diff,447,4.47,0.000379593057536334,0.001503442632424658,0.2524825685727364,-0.0006981883079408642,nan,-3.642835017172528,3.159617189699742
cos_odd_diff,473,4.73,0.0005227036795410337,0.001503626356159224,0.3476287027025768,-0.0014044471591329552,nan,-2.36424307216366,4.116015569533163
cos_odd_diff,501,5.01,-0.001203184321166312,0.001567375803842278,-0.7676425259448411,-0.0016735118726945394,0.4771270106121427,-2.4070042355020926,2.605146357668132
cos_odd_diff,531,5.3100000000000005,0.0009575687469479991,0.001424170249082232,0.6723695762954452,-2.5185441567894063e-05,nan,-2.7629082725903453,2.7195973498402513
cos_odd_diff,562,5.62,0.0006570734707643653,0.0014347983549427756,0.45795527190339685,-0.00023385124558326155,nan,-2.452095851719438,2.8762454452782
cos_odd_diff,596,5.96,-0.0008348262502407725,0.0016470174194367138,-0.5068715366266656,-0.0011601131358636788,-0.47811493759307794,-2.3735216727093347,2.242678694491358
cos_odd_diff,631,6.3100000000000005,0.0010565874530602294,0.0014752764537589698,0.716196242655449,0.000670279951290781,nan,-2.2330114736775837,2.2086098299507366
cos_odd_diff,668,6.68,0.0004973927981899332,0.0016757350372689748,0.2968206710056967,0.001398495296540483,nan,-1.5407650290865003,2.3346827617339985
cos_odd_diff,708,7.08,-0.00014927039710651695,0.0015929261144963438,-0.09370829930408525,0.00047852120976359975,nan,-2.55085830044034,1.4763617084134841
cos_odd_diff,750,7.5,0.0006173218676681219,0.0013567301653192143,0.4550071071227912,0.0007680863080847836,nan,-2.102152928556065,0.6511975769036148
cos_odd_diff,794,7.94,-0.0007314359044215556,0.001569595801028645,-0.4660027148022467,-0.0007838027098325857,nan,-1.6964328016144055,1.7070036775922472
cos_odd_diff,841,8.41,-0.0022265142177203454,0.0014963870925369775,-1.487926639319983,-0.0007332527362519411,nan,-2.740700666805423,1.2316186733782148
cos_odd_diff,891,8.91,9.673639599756921e-05,0.0016135169630655713,0.05995375209057407,0.002865231289491526,nan,-0.7262461312026823,2.0217170384171173
cos_odd_diff,944,9.44,-0.0009873964022086412,0.0014848925405817875,-0.6649615209338817,-0.00176278307320477,nan,nan,nan
cos_odd_diff,1000,10.0,0.0020083606052211716,0.0018052648321949176,1.1125019273650403,0.0007119874261495283,nan,nan,nan
sin_even_sum,0,0.0,0.9577332005852647,0.002202047416113058,434.928509521292,0.9567419084973511,nan,nan,nan
sin_even_sum,1,0.01,0.8929709339214262,0.0021841439178800054,408.8425339609352,0.891999641033134,nan,nan,nan
sin_even_sum,2,0.02,0.835999544261183,0.002171783608570515,384.9368514257479,0.8349465870752656,-7.271126483382603,-7.315000343117136,-7.23178005136542
sin_even_sum,3,0.03,0.7771641751800722,0.002165264612303602,358.92341784187545,0.7760274982985893,-7.816461473516329,-7.866888354081828,-7.771147625292825
sin_even_sum,4,0.04,0.7160315166007551,0.002149074101646461,333.18139939994853,0.7147856332882762,-8.74458641268224,-8.805662588387138,-8.68857687343013
sin_even_sum,5,0.05,0.6532079766067853,0.0021234987626376034,307.60930408804853,0.6518620595602205,-9.801539641847324,-9.874090847510342,-9.735082169451468
sin_even_sum,6,0.06,0.589246505533297,0.0020976019436813697,280.91435904142395,0.5878218200565873,-10.983171156101447,-11.070574865138056,-10.902149058848616
sin_even_sum,7,0.07,0.5251006907162719,0.0020641542244141417,254.39024105154184,0.523654607542231,-12.314648535230695,-12.42140113298526,-12.215267546803263
sin_even_sum,8,0.08,0.46146090494685615,0.0020329545839525526,226.99026755908397,0.45996649263349837,-13.852829149789711,-13.98218700915171,-13.729338859872414
sin_even_sum,9,0.09,0.39913896170124985,0.0019810424583131168,201.4792565531997,0.39762350340127656,-15.680874197694338,-15.841530562547714,-15.5187931476279
sin_even_sum,10,0.1,0.3385701962988361,0.0019249503318849663,175.88515957567515,0.337002743683509,-17.937081331488113,-18.144059776340605,-17.724247252134095
sin_even_sum,11,0.11,0.28043867346469886,0.0018645447098892998,150.40597952802582,0.2789276294576391,-20.89470696684456,-21.18250370894607,-20.60294039625437
sin_even_sum,12,0.12,0.2251831529276157,0.0018097665463283194,124.426630265915,0.22373258426385156,-25.023190886606102,-25.452933317957665,-24.584885278537946
sin_even_sum,13,0.13,0.17303975270492555,0.0017712011034062597,97.69627648274759,0.1716363992424289,-31.560657191968005,-32.30416125776846,-30.80810852299549
sin_even_sum,14,0.14,0.12443752839102737,0.0017208554774972384,72.31143464296353,0.12313705796932235,-44.494421156097935,-46.27540859423949,-42.79398699803149
sin_even_sum,15,0.15,0.07935478760634283,0.0016776321137311082,47.30166223979536,0.07816538595077661,-150.10946659439128,-195.0841331017103,-94.42404083373657
sin_even_sum,16,0.16,0.03798294479695305,0.0016402142037089016,23.157307570599546,0.0368890791539461,nan,nan,nan
sin_even_sum,17,0.17,0.00042704866134436894,0.0016121774783971494,0.2648893605491543,-0.0005434754896263282,nan,nan,nan
sin_even_sum,18,0.18,-0.033258454373726404,0.0015908021376897956,-20.906719689241303,-0.034063369031408205,nan,nan,nan
sin_even_sum,19,0.19,-0.06316389741828418,0.0015804661420760016,-39.96535941941536,-0.06378092623190679,nan,nan,nan
sin_even_sum,20,0.2,-0.08941541803283268,0.0015837495272124805,-56.458055075293764,-0.08986535837723922,nan,nan,nan
sin_even_sum,21,0.21,-0.11203566986682278,0.0015978352454891697,-70.11716019102056,-0.11230231531227249,nan,nan,nan
sin_even_sum,22,0.22,-0.13135127739135027,0.0016276828892814025,-80.69832167943959,-0.1314237390711423,nan,nan,nan
sin_even_sum,24,0.24,-0.16038704269087495,0.0016681847009838513,-96.14465508302702,-0.16011049140928488,nan,nan,nan
sin_even_sum,25,0.25,-0.17052053543833692,0.0016891514520242525,-100.95041225225116,-0.17011103442595013,nan,nan,nan
sin_even_sum,27,0.27,-0.18354221143775193,0.0017318064541244488,-105.98309701446722,-0.1828593225396651,nan,nan,nan
sin_even_sum,28,0.28,-0.1866591154802493,0.0017519604108449584,-106.54299853169907,-0.18587075876267334,nan,nan,nan
sin_even_sum,30,0.3,-0.187386339574669,0.0017541195175938475,-106.82643781976138,-0.18641546372826154,nan,nan,nan
sin_even_sum,32,0.32,-0.18224632170693025,0.0017576592600441162,-103.68694652589033,-0.18115848133955043,nan,nan,nan
sin_even_sum,33,0.33,-0.17782478966886817,0.0017467573788962295,-101.80279861261275,-0.17674337973032123,nan,nan,nan
sin_even_sum,35,0.35000000000000003,-0.1663162843433072,0.0017022289636129083,-97.7050020288152,-0.16535759869329775,nan,nan,nan
sin_even_sum,38,0.38,-0.14492762112112098,0.0016413391578204105,-88.29839977349668,-0.14419975391870582,nan,nan,nan
sin_even_sum,40,0.4,-0.12934154382569585,0.0015862681916407773,-81.53825721734339,-0.1289122772987235,nan,nan,nan
sin_even_sum,42,0.42,-0.1134598042394634,0.001514685459081661,-74.90651181681838,-0.11340043104556799,nan,nan,nan
sin_even_sum,45,0.45,-0.09078768585115972,0.00142880360011776,-63.541053398575656,-0.09125881086465738,nan,nan,nan
sin_even_sum,47,0.47000000000000003,-0.07718346146701816,0.0014102598497811871,-54.72995737558137,-0.07794193981155914,nan,nan,nan
sin_even_sum,50,0.5,-0.05942529436740604,0.0014371129936513942,-41.35046765976222,-0.06048596413466973,nan,nan,nan
sin_even_sum,53,0.53,-0.04496983849850625,0.0015294232281300385,-29.403135555544672,-0.046141314797860204,nan,nan,nan
sin_even_sum,56,0.56,-0.03369811829138742,0.0015988585340517573,-21.076360149256686,-0.0347653124934429,nan,nan,nan
sin_even_sum,60,0.6,-0.023324888427611115,0.0016539053508365003,-14.102916116580687,-0.02423983350390925,nan,nan,nan
sin_even_sum,63,0.63,-0.018482811078682618,0.0016645211399328756,-11.103980980036075,-0.019220274575877137,nan,nan,nan
sin_even_sum,67,0.67,-0.014402662971106808,0.001692473932952042,-8.5098285360209,-0.01490712141755447,nan,nan,nan
sin_even_sum,71,0.71,-0.012358146396845378,0.0016716785800940184,-7.392657023906074,-0.01222335789112035,nan,nan,nan
sin_even_sum,75,0.75,-0.011417998393600495,0.0015755912915759898,-7.246802171760932,-0.010460098975265052,nan,nan,nan
sin_even_sum,79,0.79,-0.010383252441249526,0.0014007716694338858,-7.412523159785106,-0.008741239939138718,nan,nan,nan
sin_even_sum,84,0.84,-0.009413708214179606,0.0012958289739931337,-7.264622417857349,-0.007560236947483874,nan,nan,nan
sin_even_sum,89,0.89,-0.008732517879968857,0.0013827796392994719,-6.315191250858182,-0.007271700798969436,nan,nan,nan
sin_even_sum,94,0.9400000000000001,-0.008051718669666193,0.0014357482731805152,-5.608029499370227,-0.007191452022241391,nan,nan,nan
sin_even_sum,100,1.0,-0.007839670735265484,0.0014108542460797783,-5.556683659597662,-0.0073420956424071464,nan,nan,nan
sin_even_sum,106,1.06,-0.00780653496448766,0.0012891156643887627,-6.055728884645233,-0.007007461652091102,nan,nan,nan
sin_even_sum,112,1.12,-0.007345730756882222,0.0013271655122349226,-5.534901780646895,-0.006689720969421792,nan,nan,nan
sin_even_sum,119,1.19,-0.0063337117554581514,0.0013837886940568024,-4.57708014428839,-0.006377718708925109,nan,nan,nan
sin_even_sum,126,1.26,-0.004861175082271272,0.001413940758459976,-3.438033066934095,-0.005133925642063815,nan,nan,nan
sin_even_sum,133,1.33,-0.00433849181625039,0.0012776794177406837,-3.3956028061578474,-0.004560148305909618,nan,nan,nan
sin_even_sum,141,1.41,-0.004068785926321256,0.0010900306435707892,-3.7327261855616074,-0.004003763479451778,nan,nan,nan
sin_even_sum,150,1.5,-0.003616137312755636,0.0010777400925879581,-3.3552962700610585,-0.0030741584427655,nan,nan,nan
sin_even_sum,158,1.58,-0.0018425153368613794,0.0015278836864035525,-1.2059264414285555,-0.0012757048435128695,nan,nan,nan
sin_even_sum,168,1.68,-0.000935503181316014,0.0015253633789889887,-0.6132985714761723,-0.0004826595683492907,nan,nan,nan
sin_even_sum,178,1.78,-0.0007921789606007774,0.0015099305898929752,-0.5246459445906897,-0.0007858673010478361,nan,-7.8979573166773775,6.929150429187883
sin_even_sum,188,1.8800000000000001,-0.001606864998466997,0.0012527358632495786,-1.2826845990493259,-0.001773231741640408,nan,-6.405045350385378,8.56188235103915
sin_even_sum,200,2.0,-0.0005207867583564884,0.001212482338729942,-0.42952110865549187,-0.0002691862065846191,nan,-6.398462102557144,8.467210122006799
sin_even_sum,211,2.11,-0.001384656869682034,0.0014397960392568874,-0.9617034857219694,-0.0015275224105316047,nan,-4.940799936866799,8.901413014839212
sin_even_sum,224,2.24,-4.496516086606594e-05,0.0015789305219936873,-0.028478239061012788,-0.0001834406416698297,nan,-4.565399903566558,5.774515491419185
sin_even_sum,237,2.37,-7.173228814145327e-05,0.0013123129801684201,-0.05466096062865069,0.00010773159878078485,nan,nan,nan
sin_even_sum,251,2.5100000000000002,-0.0024385094425914454,0.0013995381299232166,-1.742367278500108,-0.002597075912670965,nan,-6.246625783184566,5.079223020945622
sin_even_sum,266,2.66,-0.0030867868248425933,0.001224259845354664,-2.5213493986224482,-0.0022651964580401216,nan,-4.830985197400613,4.9488727341268035
sin_even_sum,282,2.82,-0.0013997648363901808,0.0013123693228046394,-1.0665936882757745,-0.0015235913535680994,nan,-2.7439640472860907,3.99078936348016
sin_even_sum,299,2.99,-0.00014910845769229423,0.0012492936859488952,-0.11935420739682967,-0.0008661082751274544,nan,-1.0741205308703028,4.6367865235124555
sin_even_sum,316,3.16,-0.0012894803545006345,0.0013462576232585398,-0.9578258516223075,-0.001796113065968672,nan,-2.7772816566491056,5.317636678853494
sin_even_sum,335,3.35,0.0005065453737737311,0.0012869394368816985,0.39360467109556385,0.0009718703776205628,nan,-4.645244178640868,3.2520016663557394
sin_even_sum,355,3.5500000000000003,0.0006925134325837933,0.0012698033639869952,0.5453706079415346,0.0007113163601758054,nan,-4.340756242379471,3.15771145348675
sin_even_sum,376,3.7600000000000002,-0.001761083851715181,0.0011908433538563349,-1.478854331270543,-0.0018523246207018383,nan,-4.573953939604561,2.8746607416164807
sin_even_sum,398,3.98,-0.0003119328926327244,0.0011946503940799581,-0.2611080983846783,-0.0001352847725169131,0.4870668252752786,-2.8658270264743675,3.200974414260841
sin_even_sum,422,4.22,-0.001183111377564998,0.0011845752770563702,-0.9987641988485444,-0.0007732010839034029,nan,-2.0304381790970076,4.286212694697336
sin_even_sum,447,4.47,0.0010840172708157668,0.0011820133650926226,0.9170939202796774,0.0009868395663675783,nan,-2.34104234786421,3.5155344016697847
sin_even_sum,473,4.73,-0.00011871423832295565,0.001156088136497034,-0.10268614872449236,-0.0004044663382428649,nan,-1.6080222319971789,4.772027333596048
sin_even_sum,501,5.01,0.00010104566898821237,0.0014375071276264782,0.07029229076244836,0.00041835987775124255,nan,-3.281306722161645,1.4536722571155556
sin_even_sum,531,5.3100000000000005,0.0018023116591594727,0.0014705699924035184,1.2255871318397782,0.0024352523112592802,nan,-2.6821425676303297,2.7041256360909336
sin_even_sum,562,5.62,-0.0007461147481386258,0.0012230908301943944,-0.610023989812793,-0.0013118471624171289,1.3203401081623287,-2.4165182661801237,2.6881047762252943
sin_even_sum,596,5.96,-0.00042991018330937087,0.001409509814886877,-0.3050068745664422,-0.0008152459268639908,-0.17036221377575103,-2.0708107635396904,1.767060297060259
sin_even_sum,631,6.3100000000000005,0.0005622883088682324,0.001650415717028751,0.3406949552568016,0.0014446783086776225,nan,-1.5887175353121914,2.112657775280262
sin_even_sum,668,6.68,0.00142714202877599,0.0013166629903195027,1.0839083647590628,0.0013795473122292545,nan,-2.212972146499201,1.443291918527886
sin_even_sum,708,7.08,-0.002424163827410652,0.0012057268102254179,-2.0105415313419464,-0.0012300922636415768,-0.19985244725363552,-1.9955349668770208,1.838908916732214
sin_even_sum,750,7.5,-0.0010358849993446586,0.001176034465643267,-0.880828776372681,-0.0011404943643542446,-0.11347627630190267,-1.7267968569730303,1.4877668096218588
sin_even_sum,794,7.94,0.000405960244327559,0.0012994196911312909,0.3124165711034631,0.0008629780532024812,nan,-0.5877172433809714,-0.1174528374818112
sin_even_sum,841,8.41,0.0011727599530999646,0.001255835703418564,0.9338482334174325,0.0006376036597809306,nan,-0.5386753020210112,2.299994766342901
sin_even_sum,891,8.91,-0.0018656643462922461,0.0012194093848265706,-1.5299737475430275,-0.0008024888461115471,0.8416475273972254,-0.6733273445503728,1.7651281748098622
sin_even_sum,944,9.44,0.0014264950326320284,0.0012743755477160554,1.1193678623139016,0.000369419647218223,nan,nan,nan
sin_even_sum,1000,10.0,0.0022985853348302366,0.0011945954431085127,1.9241537778253868,0.0017515507437477129,nan,nan,nan
sin_odd_diff,0,0.0,0.9501147982826103,0.0019604491876739115,484.6413792595813,0.95143105736731,nan,nan,nan
sin_odd_diff,1,0.01,0.8880965083223616,0.0019766916696420597,449.28428745955034,0.8894125066351365,nan,nan,nan
sin_odd_diff,2,0.02,0.8392056381154105,0.0020018542369543667,419.21415786605075,0.8404384792889772,-5.961419703351174,-5.993737965337567,-5.928710015052583
sin_odd_diff,3,0.03,0.7930712464297514,0.0019804220100169165,400.4556818791249,0.7942428746600657,-5.754945973761453,-5.786963587656634,-5.723622521148816
sin_odd_diff,4,0.04,0.7485410380848672,0.0019804760243240663,377.9601615426489,0.7495869233904797,-5.864209057733638,-5.897613465746821,-5.832012788198977
sin_odd_diff,5,0.05,0.7054829323178025,0.0019718558393228293,357.77612046937367,0.7064551259802022,-6.01677682941115,-6.05395063822525,-5.980871102653837
sin_odd_diff,6,0.06,0.6637379468307181,0.0019526878668781535,339.9099047467656,0.6646046635853552,-6.178493901014163,-6.2177210964999,-6.1407884736732
sin_odd_diff,7,0.07,0.6234334283916625,0.0019331847381107077,322.4903528883334,0.6242234547153893,-6.344491685928205,-6.385204795267969,-6.304588806865287
sin_odd_diff,8,0.08,0.5846341537620695,0.0019052935816219537,306.8472803358616,0.585362892691812,-6.515562377012416,-6.558142278274343,-6.474051941079522
sin_odd_diff,9,0.09,0.5473579145695907,0.0018703839087781473,292.6446875428689,0.5480504101575547,-6.694351322027616,-6.7386060977117515,-6.651839342316301
sin_odd_diff,10,0.1,0.511457717433314,0.0018329092891373195,279.04147819232105,0.5121074862299303,-6.881622990857401,-6.930078516451409,-6.835516104392633
sin_odd_diff,11,0.11,0.4769768397447201,0.0017896538181551925,266.5190524033282,0.47763311030941835,-7.091698501246389,-7.142443881134951,-7.04207672535172
sin_odd_diff,12,0.12,0.4439541777242175,0.0017611647726501155,252.07986476823334,0.44456554550909844,-7.319194620734211,-7.373616741627956,-7.266322173400939
sin_odd_diff,13,0.13,0.41216962310725,0.0017239036269221188,239.09087298757143,0.4127859424277516,-7.581588703942817,-7.640525057959853,-7.524859018115086
sin_odd_diff,14,0.14,0.3816473952615685,0.001669770857352648,228.56273576762175,0.3822804255387443,-7.886620105333853,-7.951027716423055,-7.825523176316243
sin_odd_diff,15,0.15,0.35220182844944087,0.001616304935398917,217.90555775449306,0.35281297032323355,-8.241179591578316,-8.313950950574558,-8.172178103875954
sin_odd_diff,16,0.16,0.32384226135352184,0.0015739730578841669,205.74828757796584,0.3243851486446292,-8.659823221260098,-8.7408967706929,-8.58409179924259
sin_odd_diff,17,0.17,0.29642308871270684,0.0015316202183735122,193.53563315290404,0.2968567403352553,-9.142053188851937,-9.235703951913314,-9.0544153677554
sin_odd_diff,18,0.18,0.2699142198959257,0.0014883720437173713,181.34862250018182,0.27029654979572,-9.707749227168431,-9.819021207992053,-9.60512982138648
sin_odd_diff,19,0.19,0.2443306082463143,0.00145165424565593,168.311847657576,0.2446875652298229,-10.354297021451524,-10.489927763071057,-10.233166310832804
sin_odd_diff,20,0.2,0.21963049815562513,0.0014275244708021257,153.8541038334809,0.21995370591683946,-11.1161851020291,-11.27850401174171,-10.96861217681915
sin_odd_diff,21,0.21,0.1959022688722703,0.001409369808181797,138.9999045921101,0.19612368366763727,-12.619964966236326,-12.848425479991084,-12.417972879520194
sin_odd_diff,22,0.22,0.17302858297330448,0.001394250207431839,124.10152930299161,0.17319553248417463,-13.854008968898842,-14.136550595706813,-13.594612135739128
sin_odd_diff,24,0.24,0.1299986429677722,0.0013662244814972352,95.15174462787232,0.12990799525245467,-16.65144297899656,-17.086062451691006,-16.24958856384377
sin_odd_diff,25,0.25,0.10986431803581635,0.0013633741377703135,80.58266252247562,0.10964281969300516,-19.191125298430816,-19.809547783515473,-18.63119662372106
sin_odd_diff,27,0.27,0.07213427609528544,0.001372089778655948,52.572562828903,0.07167868308943831,-29.00372073470221,-30.867891328387483,-27.446259674635186
sin_odd_diff,28,0.28,0.05470686927524349,0.001370409475982023,39.92008974984724,0.05412393121561871,nan,nan,nan
sin_odd_diff,30,0.3,0.022812320609291968,0.0013885252246842706,16.429172624126537,0.021959188735645396,nan,nan,nan
sin_odd_diff,32,0.32,-0.0054227886363626635,0.001405945275643208,-3.857041045841407,-0.006486608759666694,nan,nan,nan
sin_odd_diff,33,0.33,-0.017991096323711403,0.0014089950842523684,-12.768743145230857,-0.019175725065085483,nan,nan,nan
sin_odd_diff,35,0.35000000000000003,-0.04047726121326014,0.0014202663690121573,-28.499767435465944,-0.04180104734231874,nan,nan,nan
sin_odd_diff,38,0.38,-0.06776479809228,0.0014200142353439668,-47.72121039748978,-0.06922946059662981,nan,nan,nan
sin_odd_diff,40,0.4,-0.08190697414102517,0.0014189584046137658,-57.723308783896236,-0.08343891767215268,nan,nan,nan
sin_odd_diff,42,0.42,-0.09311159056299143,0.0014229915415433423,-65.43369222139215,-0.09475610603798032,nan,nan,nan
sin_odd_diff,45,0.45,-0.1047523367953737,0.0014315698863676112,-73.17305134237398,-0.10654551405532842,nan,nan,nan
sin_odd_diff,47,0.47000000000000003,-0.10970158635113851,0.0014503860409470874,-75.63612945385525,-0.1114302837248244,nan,nan,nan
sin_odd_diff,50,0.5,-0.11350576789970637,0.0015061989898406433,-75.35907849182354,-0.11493362011990685,nan,nan,nan
sin_odd_diff,53,0.53,-0.11341537646269144,0.0015386132827360252,-73.71272413625051,-0.11449358768875156,nan,nan,nan
sin_odd_diff,56,0.56,-0.11042843094012078,0.001532571964307708,-72.05432013106373,-0.11113715280723155,nan,nan,nan
sin_odd_diff,60,0.6,-0.10310102901000072,0.0015499278861920303,-66.51988774994328,-0.10330591511115142,nan,nan,nan
sin_odd_diff,63,0.63,-0.09590849247104462,0.0015471672941242054,-61.989736232974664,-0.09582508982609661,nan,nan,nan
sin_odd_diff,67,0.67,-0.08425558971751225,0.0015569028293032387,-54.11743631760191,-0.0838686316435498,nan,nan,nan
sin_odd_diff,71,0.71,-0.07149505233366546,0.0015717087538821353,-45.48874093694014,-0.07089644139501956,nan,nan,nan
sin_odd_diff,75,0.75,-0.058443015767016604,0.0015873711094197866,-36.81748736650411,-0.057513660460361445,nan,nan,nan
sin_odd_diff,79,0.79,-0.046172309735627776,0.0016066908125259673,-28.737520234548263,-0.04499751945141105,nan,nan,nan
sin_odd_diff,84,0.84,-0.03251495087189824,0.0015635101254067962,-20.796124274179842,-0.031038401359768875,nan,nan,nan
sin_odd_diff,89,0.89,-0.02089780863210175,0.0015081684811004365,-13.85641517773508,-0.01945205739338759,nan,nan,nan
sin_odd_diff,94,0.9400000000000001,-0.011689854228692467,0.001580818476471715,-7.394811233977647,-0.010504492659162553,nan,nan,nan
sin_odd_diff,100,1.0,-0.003945966949047286,0.001608920222529046,-2.4525560023384245,-0.0033505311331470033,nan,nan,nan
sin_odd_diff,106,1.06,0.0015204086884309804,0.0015273747202141973,0.9954392123353725,0.0016623867184945285,nan,nan,nan
sin_odd_diff,112,1.12,0.0038555807125427548,0.0014095068269258577,2.7354111657279434,0.0036082488763120725,nan,7.521006238125995,16.271122905461574
sin_odd_diff,119,1.19,0.004992573735778653,0.0013571532713334657,3.678710313149243,0.004960368772530181,3.4246426550496434,-2.7166978028589366,12.050152762842254
sin_odd_diff,126,1.26,0.004907848108767487,0.0013786459883291086,3.559904536998436,0.0048605884362729135,-1.210786052624727,-8.168271855011632,3.478357762828038
sin_odd_diff,133,1.33,0.0038329421342137896,0.0014611001983494314,2.6233259967685782,0.004229170715329992,-3.609754082635092,-11.738556785991186,-4.559803240480702e-05
sin_odd_diff,141,1.41,0.0027139189008895874,0.0015378099864907496,1.7647946916268205,0.003202434145945377,-9.967503818272315,-15.34335102351146,-1.6594930514070074
sin_odd_diff,150,1.5,0.0016305669719524913,0.0013365191645409522,1.2200101691115923,0.0022118668278386026,nan,-15.00807945260389,1.354842440538681
sin_odd_diff,158,1.58,0.00020214588421414882,0.001184953963895833,0.1705938714695241,0.0008479546946650609,nan,-12.400054279832737,4.064144072994013
sin_odd_diff,168,1.68,-0.0006731337470104176,0.001318599928525849,-0.5104912661135654,-0.0005142167242240085,nan,-10.074153536760786,4.6952091785959835
sin_odd_diff,178,1.78,-0.0013058345846301276,0.001508768935224848,-0.8654967332261002,-0.0016044144455318093,nan,-7.958934422752797,6.562270734302467
sin_odd_diff,188,1.8800000000000001,-0.0015543839431416237,0.0014682941814419875,-1.0586325021155425,-0.002051663313041802,nan,-5.710773462372106,10.42989679311002
sin_odd_diff,200,2.0,-0.0003629774269829676,0.0014622193114609211,-0.248237336313328,-0.0006638491507877011,nan,-5.458332208903262,9.052786782574934
sin_odd_diff,211,2.11,0.0012840926985398815,0.0014268928542380387,0.8999222995097186,0.0006389621144778843,nan,-4.384905551168586,7.939315997092858
sin_odd_diff,224,2.24,0.001968956754886213,0.0013929884999925365,1.4134766761511401,0.0013349345591404924,nan,-6.060015859211676,6.715149654655782
sin_odd_diff,237,2.37,0.0011730876200419706,0.0015465239290913103,0.7585318261006415,0.0014375882036516384,nan,-6.39685761184223,4.11923780689345
sin_odd_diff,251,2.5100000000000002,0.00048303184559279254,0.0014715714780315563,0.32824219061307086,0.001258223935142275,nan,-5.760303011156122,4.799206844309791
sin_odd_diff,266,2.66,-0.0012243386519411516,0.0014079285518363504,-0.8696028291664774,-0.0010636729954517986,nan,-6.01580823253194,4.548570478665385
sin_odd_diff,282,2.82,-0.001938279411979698,0.0016429091549983415,-1.1797848992944802,-0.002152682978198519,1.1929908982654467,-4.4744922477460385,4.884808427538833
sin_odd_diff,299,2.99,-0.0005261793696003723,0.001477027983922636,-0.35624197735439295,-0.0009619999054300324,nan,-5.89443321049311,5.998491680108551
sin_odd_diff,316,3.16,0.001048930831073323,0.0013940682296133958,0.7524243138115366,0.0005209128689862036,nan,-5.880455048013524,3.3252708386325995
sin_odd_diff,335,3.35,-0.0009619509535603498,0.001681743477458356,-0.5719962446437792,-0.0010394776445605447,nan,-2.9855617280674993,5.057257695465493
sin_odd_diff,355,3.5500000000000003,-0.0006386171081850248,0.0011757220433223016,-0.5431701411163898,-1.4733245397071271e-05,1.0698369596871655,-2.3997231431895605,4.4981120785420305
sin_odd_diff,376,3.7600000000000002,0.0011028548147279686,0.0014665251695395608,0.7520190158578919,0.0016378002415255901,nan,-1.6064477121823022,5.075637437583581
sin_odd_diff,398,3.98,0.002521963327043924,0.001643715352301084,1.5343066082052197,0.0030296875468278266,nan,-3.3403434102648677,3.055648587726403
sin_odd_diff,422,4.22,0.0024272824690186505,0.0016029959466541102,1.5142162237434544,0.0036693562599778846,nan,-4.561606984593018,0.9995948590077917
sin_odd_diff,447,4.47,-0.00035145853238371016,0.0011034995677513032,-0.31849449030587995,0.0009478689548632158,-1.3757799531063961,-3.407850215050611,1.5977807877211798
sin_odd_diff,473,4.73,-0.001748506057102537,0.0013583599687547931,-1.287218482082765,-0.0009757248986196017,-1.4324380110183723,-3.296462961234675,1.3985539944461731
sin_odd_diff,501,5.01,0.0006113927941084286,0.0015082764431201207,0.4053585779299589,-0.0005564351868978232,nan,-2.4571857354902495,3.2671425793709816
sin_odd_diff,531,5.3100000000000005,0.0005093677002145338,0.001496938569308972,0.34027294817426734,0.0008533925971219961,nan,-0.6428520485560278,3.4917053619028264
sin_odd_diff,562,5.62,4.773380363610165e-05,0.001366253187921472,0.0349377436467107,0.0015051592169180842,0.6542509752033067,-2.162983390900939,2.2967377570185277
sin_odd_diff,596,5.96,0.001808346008142435,0.00166461570967683,1.0863444323095504,0.0024709503179439706,nan,-2.610235425181631,1.9840985214131897
sin_odd_diff,631,6.3100000000000005,0.0014311962203054662,0.001435299739673789,0.9971410018026928,0.0017302598311426708,nan,-2.5268259131548647,1.412013035142055
sin_odd_diff,668,6.68,-0.0007127176237979192,0.0015389703600561951,-0.4631132881414912,-0.0015396925958580906,nan,-2.8568759640472488,1.6002701644537676
sin_odd_diff,708,7.08,-0.0021052086870446372,0.0015543562041239489,-1.3543926941966011,-0.0026438107523973427,-0.636771973302616,-2.113305206378684,1.6632642573571825
sin_odd_diff,750,7.5,-0.0015699728441748394,0.001539068618888867,-1.0200798228920318,-0.001325426784803663,nan,-2.454960816861467,1.7758485649987357
sin_odd_diff,794,7.94,0.0005069070101219536,0.001507982418262859,0.33614915133154677,0.0009300438755114528,nan,-1.1413459877187981,1.9612218624770485
sin_odd_diff,841,8.41,-0.0018751478397365366,0.0012703700682889368,-1.4760642481620931,-0.002442777684305308,nan,-1.2278926346590038,1.610546217337428
sin_odd_diff,891,8.91,0.0009756577639969403,0.0013471080477840014,0.7242609570939031,0.001460645331338507,0.5257485720169838,-1.1591347548431423,1.6259343186513644
sin_odd_diff,944,9.44,-0.0007778528748636716,0.0015782763873797058,-0.49284959281123286,-0.00034125158926233526,nan,nan,nan
sin_odd_diff,1000,10.0,0.0014972264364519028,0.0017682039541755655,0.8467498519705509,0.001549952096840813,nan,nan,nan
