0.00019722
0
0
0.000382569
0
0
0.000474126
0.000237366
0.0003186
0.000267426
0.00044156
5.64687e-05
0
0.00054018
0
0.000222569
0
0
0
2.24481e-05
0.000243056
0
0
0
0
0.000363088
0.000637639
0
0.000627528
0
0
0
3.56503e-05
0
0
5.86422e-05
0
2.02738e-05
0
0
0
0
0
0.00020412
0.000287826
0.000182797
0
0
0.00016888
0
0
0.000482404
0
9.30324e-05
0
0.000103415
0
0
0
0
8.55576e-06
0
0
0
0
0
0
5.66992e-05
9.97616e-05
3.913e-06
9.01313e-05
0
0
0.00042078
0
6.16327e-05
0
0
0
0.000122875
0
0
0
0
5.54885e-05
0
1.97086e-05
0.000346138
0.000325554
0
0
0.000596047
0.000405501
0
0
0
0
0
0.000622939
0.000313019
0
8.46376e-05
0.000259312
0
0
0
0
8.90749e-05
0
0
0
0
0.000383433
0.000129279
0
0.000546525
0.000165778
0
0
0.000162443
0
0.0007828
0.000665931
0.000131682
0.000358438
0.000180711
0.000333008
0.000144425
0.000180123
0
0.000142702
7.59656e-05
0
0
1.51756e-05
5.74561e-05
4.10517e-05
0
0.000221359
0
0
0.000413128
0
0.000505257
0.000318109
0.000643737
0.000279155
2.16382e-05
0
4.26094e-06
0
1.27444e-05
0
0
0
7.07253e-06
7.52696e-05
0.00012627
0.000300621
0
0
0
0.000158974
0
0.000427381
0
5.86854e-05
0
0
0.000661647
0
0
0
0.00057942
0.000599599
0.00060237
0
0
0
0.000603479
0
0.000427184
0.000240128
0
2.99023e-05
5.29389e-05
0
0.00045257
0
0
0.000135571
0
1.56552e-05
0
0
0
0.000147686
4.59022e-06
0
0.000176255
0
0
0.000116207
0
0.000314836
0.000117486
0
0.000125272
0.000259173
0
0
0
0.000215478
0.000269129
0
0.000542803
0
0
0
0.000619322
0
0
0
0.000593299
0
0
0
0
0
0
0
0
0.000371917
0.000629394
0
0.000413586
0
0.000308323
1.28525e-05
8.66045e-05
5.06735e-05
0
0.00032158
0
0.000248392
0
3.56492e-05
0
0.000430852
0
0
0
0
0
0
0
0
0.000302255
0.000205302
0
0.000464831
0
0
0.000646496
0.000340249
0.000444914
0
0.000674978
0.000371093
0.000256319
0.000124573
0
0
8.68267e-06
0
0.000174316
0
0.000461269
0.000707772
0
0
0.000589162
0
0
0.000236134
0
0
0
0
0.000552665
0.000807172
6.30176e-05
0
7.16631e-05
0
0.000119439
0
0
0
0.0001689
0
0
0.000347373
0
0.000519576
0.000536429
0
0.000153706
5.72775e-05
3.13133e-05
3.98858e-05
0
1.06202e-06
0
0
0
3.24669e-05
9.3536e-05
0.00019549
2.96032e-06
8.0971e-05
0.000314744
0
0.000181864
0
0
0
0
0
0
0
0
0
0
0.000120672
0
0.000149919
0
0
0
0.00042057
0
0
0.00057285
0.000430286
0.000197187
0.000277993
0
0.000246899
0.000553046
0
0
0.000395641
0
0
0
0.00079402
0.00063226
0.000674948
0.000661551
0.00054139
0
0.000360611
0
0
0.000164596
0.000379405
0
0.000577242
0
0
0
0.000184401
0
0.000405773
0
0.000434403
0.000570124
0
0.000738181
0.000439102
0
0
0.00035451
0.000152566
0
0.000291655
0.000285974
5.25917e-05
2.04538e-05
0
0
0
0
0.000403095
0
0
0.000190163
0.000158012
0.000611417
0.000205979
0.00037427
0
0
0
6.12582e-05
0
0.0001017
0
0
0.000140923
0
6.08314e-07
4.92811e-05
0
0
0.000104545
0.000440253
0
0.000575384
0.000639247
0
0.000640021
0.000539999
0
0.000589409
0.000462567
4.75443e-05
0
0
0
0
0
0.000113839
0
8.42618e-05
0
0.000476487
0
0.000560466
0.000562699
0
0.00067634
0.000407448
0
3.91573e-05
0
9.31489e-05
0
0
2.76966e-05
0.000239459
0
5.32772e-05
0.000251626
0.00039028
0.000105804
0.000351117
0.000426043
0
0
0
0.000329243
0
0
7.44165e-05
0
1.05651e-05
0
0
0
0
0
0
0
8.02372e-05
0.000118554
5.54507e-05
0
5.42655e-05
0.000172015
0
0
4.30107e-05
0.000117053
9.40214e-05
0
0.0006909
0.000258169
3.04322e-05
0
0.000128277
2.35316e-05
0
4.02153e-05
2.27496e-06
0
0
0
0
0.000132149
0.00020624
2.96574e-05
5.94265e-05
8.93204e-05
0
0
0
6.91043e-05
7.33839e-05
0.00030331
0
0
0
0.000161156
2.69024e-05
0.000345126
0
0.000721237
0
0
0
0
0.000147944
0
0
0.000240411
0
0
0.000146625
0
1.45136e-05
1.09182e-05
3.78816e-05
0
0
0
1.6563e-05
0.000258961
0.000187183
0.000487424
0
0.00024923
0.00033889
0.000300082
0
0.000212121
0
0
0
0
0.000125893
0
0.000630745
0
0
0.000554892
0.000435538
0.000326859
0.000350122
0.000297837
0.000125223
0.000306475
0
0.000587035
0.000719629
0.000594234
0
0
0
0.000407208
0.000394553
0
0
0
0.000521034
0
0.000302547
0
0
0
0.00013296
7.89789e-05
0.00036545
0.000449693
3.09706e-05
0
0.000198008
0
0.000100266
0
0
0
0
0
0.000192182
0.000113173
0.000121265
0.000411866
0.000599008
0
0.000601285
0.000451407
0
0
0
0.000611882
0.000299052
1.40052e-05
0
0.000117818
0
0
3.14745e-05
0
0.000317312
0
0.000260066
0
0.000132128
0.000215627
0
0
0
7.98323e-05
0
0
0
0.000199977
0.000212108
0.000407192
0.000575955
0
0.000446287
0
0
0.00045543
3.05622e-05
0
0
3.17967e-05
0.000424673
0
0.000554871
0.000654698
0
0
0.000164191
0
0
0.000157564
0.000765219
0
0
0
0
0.000703247
3.45702e-05
0
0
2.43441e-05
0
0.000564369
0
0.000252107
5.69406e-05
2.93656e-05
0
0
0
4.07451e-05
0
0
0
0
0
7.54615e-05
0
0
0.000301354
0.000574443
0.000448401
0.000228751
0.00036803
0
0.000278154
0
0
0.000246997
0
0.000142393
0
0
0.000121597
0
0.00013571
0
0.00011645
0
0.000401734
0.00031452
0.00021762
0
0
0.000388722
0.000341295
0.000708502
0
0.00058045
0.000197722
0.000451948
0
0.000480609
0
0
0
1.02523e-06
0.000178094
0
0.000523086
0.000746865
0.000234019
0
0
0
0
0
0
0.000588817
0
0.000335068
0
0.000300772
0
0
0.000280216
0.000134166
0
0.000315689
0
0
0
0
0
5.65984e-05
0.000463854
0.000232293
0
0
0
0.000532177
0.000464232
0.000348052
7.13512e-05
0
0
0
7.13114e-05
0
0
0
0
8.56973e-06
1.47601e-05
0.000182512
0
0.000151652
0
0
0
0.000130306
0.000273478
0
0
0
0.000258408
0
0
0.000357366
0
0
0.000281479
0.000416286
0
0.000187394
0
4.13746e-05
0
0.000219677
4.78718e-05
0
6.73611e-05
0
4.30898e-05
0
0.000299579
0.000106096
4.54156e-05
0.000317973
0
0.00033368
0.00040437
0.000179505
0
0
4.34065e-05
0
0
0
2.13701e-05
0.000177157
2.27754e-05
0.000163373
0
0
5.73016e-05
5.65066e-06
0
2.20616e-06
2.71729e-05
0
0
0
2.27619e-05
0.000393714
0.000153284
0
0
0
0.000226016
0
0
0
0
0
0
0.000450792
0.000681128
0.00017827
0.000201497
0
0.000514039
0.000461507
0
0.000486477
0
0
0.00036907
0.000557029
0.000594932
0.000212899
0.000509764
0
0.000425572
8.48639e-05
1.3425e-05
0
0.00062262
0.00041522
0
6.75659e-05
0.00030346
0.000324988
0
0
3.9655e-05
0
5.43045e-05
0
0
0
0
0.000209484
0
0
0.000132334
6.48937e-05
0
0
2.82202e-05
0
0
7.42358e-06
0.000176377
0
0.000215933
4.93507e-05
0
0.000531747
0
0
0.000732501
0
0
0
0
0.000352005
8.57246e-05
2.0297e-05
1.49697e-05
0.000271648
0
0.000187762
0
2.48439e-06
4.28305e-05
2.52233e-05
0.000448713
0
6.62397e-05
0.000179859
0
0
0
0
5.39359e-05
0
0
0
0
0.000461301
0.00030643
2.50244e-05
0.000336542
0.000151792
0
0
0.000241591
0.000496233
0
0.000435363
0
0.000405702
6.46422e-05
0
0.00019273
0
0
0
0
5.24535e-05
0
0
0
0
2.3436e-06
0
0
0
0
0
0
0.000182822
0.000521225
0.000390441
0
0.000109911
0
0
0.000132341
0
0.000239671
0.000455099
0
0.000123435
0
0.000281727
0
0.000429476
0
0
0.000228011
0
0.000244899
0
0
0.000194394
0.000152386
0
0
0.000248474
0.000141348
0.000152453
0
0
0
0.000368519
0.000128285
1.44119e-05
1.46849e-05
0
0
0
8.98886e-05
0
0.000627405
0
0.000640688
0
0
0.00068417
0.000496213
8.37928e-05
0.000346591
0
8.17476e-07
0.000185945
0.000129057
0
0
0.000303526
0.000439657
0
0
0.000526608
0
0.00019013
0.000506203
9.5789e-05
0.000391658
0.000380192
0
0.00026825
0
0.00077676
0
0.000628366
0.000628811
0
0.000333405
0.000262642
6.15965e-05
1.615e-05
0.000410871
0
0
7.5951e-05
7.52091e-05
0
6.81185e-05
8.78024e-06
0
0
0
1.50835e-05
0
0.000298604
0
0
0
7.70758e-05
0.000553404
0.000235894
0
0
0.000348137
0.000697269
0
0.000586225
0
0
0
0
0.000593503
0.000644619
0
0.000604618
0
0
0.000270868
0.000416059
0.00015417
8.29961e-05
0.00014624
0.000601739
0.000362616
0.000459132
0
0.000177781
0
0
0.000262291
0.00062335
0.000573231
0.000466385
0.000546839
0.000428962
0.000303875
0.000493681
0
0
0.000616099
0.000306429
0
0.000462531
0.000441446
0.000158986
0
0
0.000325339
0
0.000179908
0
0
0.000234405
0.000495364
0.000185964
0.000440836
0.000168951
0.000213938
0.0002348
0.000182095
0.000693448
0.000402332
0.000235355
0.000434818
0.000612996
0
0.000291766
0
0.000532732
0
0.000283396
0.000131023
3.93433e-05
0
0
6.51333e-05
0
0
0
0.000228443
0.000113663
0.000235619
0.000530231
0.000307675
0.000166685
0.000591703
0
0
0
0
0
0.000501553
7.11545e-05
0
0.000440866
0
0
4.77671e-05
0
0
0.000191782
0
0.000505267
0
0.000264231
0
0.00046388
0
0
0
1.84504e-05
0.000430763
0
0.000449393
0
0.000447326
0.00034351
0
0.000221245
7.11162e-05
0.000244952
0
9.14313e-05
0
0.000215305
0.000335585
0.000103962
0.000540579
0.000697259
0.000494182
0
3.63611e-05
0
0
0.000656617
0
0
0
0
7.27709e-05
0.00014506
0
0
0
0.000231333
4.45243e-05
0
0
0
6.64539e-05
1.68774e-05
0
0.000105686
6.80618e-05
0
0
6.14886e-05
3.74949e-05
0
0
0
0.000105343
1.69981e-05
0
0
7.9429e-06
0.000155875
0.00022916
0.000215302
0
0.000297057
0
0.000277496
0.000139907
9.99557e-05
0
0
0.00026017
0
8.24673e-06
0
0
0.00048025
0
0
0
0.000742307
0
0.000765782
0
0
0
0
0
0.000423238
0
0.000272121
5.60492e-05
9.42681e-05
0
0
0
0
0
0
0
0
0
0
0
0
0
0
0.000285083
0
9.09959e-05
8.40154e-05
0.000385433
0
0.000494366
0
0
1.14978e-05
0
6.79652e-06
7.25693e-05
0.000123673
0
0
0.000143625
3.91086e-05
6.35651e-05
0
0
0
0.000130587
0
0
0
0
0.0004142
0
0.000560767
0
0
0
0
0
0
0
0.000629314
0.00016623
0
0.000177465
0
0
0.000561621
0
0
0.000222454
0.000333403
0
0
0
0
0
0
0.000643355
0
0
0
0.000544407
0
0.000695942
0.000585622
0.000783678
0.000346978
0
0.000204188
0
0
0.000257618
0.000334728
0
0
0
0
0
0
9.38382e-05
0.000442583
0.000329721
0
0.000282196
0
0
0
0
0.000121503
0
6.03198e-05
5.25131e-05
0.000202661
0
0.000704692
0
0
0
0.000529481
0
0.000335596
0
8.51087e-05
0.000357844
0
4.15354e-05
0
0
0
0
0
0
0.000239887
8.75442e-05
0
0
3.38944e-05
0
0
0
2.97723e-05
0
0
0
0
0.00024125
0
0
0
8.46782e-05
0
0
0
0
0.000219171
0.000401476
0
0
0
0
0.000138546
0
0.000328455
0
0
0
0.000403307
0
0.00070929
0
0
0.000654067
0.000430166
0.000460545
0.000489158
0
0
0.0002833
0.00020586
9.38597e-05
0.000271275
0
0
0.000441644
9.71679e-05
0
0
0
0.000214547
0.00023416
0.000527281
0
0
0
0.000461555
8.42659e-05
0
0.000139519
0.000465881
0
0.000103042
0
0.000342981
6.57536e-05
0.000167542
3.45822e-05
0
0.000321462
0
0
0.000362466
0
0
9.16872e-06
0.000193938
0.000339579
0.000182984
0.000182116
0.000687749
0.000702577
0.000477834
0.000451195
0.000260504
0
0.000388337
0.000359551
0
0
0
0
0.000264278
3.09887e-05
0
0
0.000306954
0.000697379
0.000665906
0
0
0
0
0.000176948
0
0.00060727
0
0
0
0
0
0.000596534
0
0.000229832
0.000360624
0.000537246
0.00054444
0
0.000247587
0.000465372
3.01076e-05
0
0
0.000260841
0
0.000759217
0.000519073
0
0.000147502
0.000474995
0
0.000453388
0.000110426
0
0
0.000181446
0
0
0
0.000363298
0.000498638
0.000237399
0.000528017
0.000219417
0.000389816
0
0.000482257
0
0
0
0.000597728
0.00011336
0
0
0.000139998
0
0.000370083
0
0
8.13517e-05
0.000169514
0.000359671
0
0.000429608
0
0.000597629
0.000652127
0.000281846
0.000307434
0.00034644
0
0.000121998
0
0.000134949
0
1.30201e-05
0
0
7.74475e-05
0
1.42753e-05
5.62939e-06
0.000285491
0.000433557
6.22588e-05
0.000373947
0.000279376
8.12288e-05
4.93842e-05
0
0.000447013
0
9.93944e-05
0
0
0
0
0
3.38314e-06
8.20014e-06
0.000117143
0
8.49026e-05
9.6322e-05
0
0
0
0
0.000104569
0
0
0
0
0
0
0
0.000145656
0
0.000442525
0
0.000192763
0.000129224
0
0
9.75334e-05
0
0.000249945
0.000153953
0
0.000363241
0
0.000454393
0.00060342
0.000421451
0.000162298
0.000215229
0
0.000242228
0
0
0.000358518
0
0
0
0
1.84701e-06
0
7.43863e-06
0
0
0
1.75089e-05
0
0.000136333
0
0.000240655
0
0.000504829
0
0.000542627
0
0.000574341
0
0
0
0
0
0
0
0.000489267
8.7361e-05
0
0.000229736
7.17111e-05
0
0.000240326
0
0
0
0
0.00023821
0
0.000316207
0
0
0
7.5636e-05
0.000372145
0.000352409
0.000260674
0.000462859
0
0.000152834
0
0
7.56214e-05
0
9.65218e-05
0
0
0
0
0
0.000286231
0.000513703
0.000598463
0.000699434
0.000639208
0
0.000655547
0
0.000162046
9.93099e-05
0.00017064
0.000127888
0.000112207
0
0
0
0
0.00031022
0.000465208
0.000377595
0
0.000123744
0.000200118
0.000334997
0.000603691
0.000242178
0
0
7.12298e-05
0
0
0.000489413
0
0
9.91783e-05
0
0
0.000208453
0.000589615
0
0
0
0
0.000285679
0
0.000621238
0.000530417
0.000201701
0.000653288
0
0.00077677
1.6913e-05
4.20357e-05
0.000368323
0
0
7.68897e-05
4.14312e-05
0.000147116
0
0
0
3.20591e-05
0
0
5.71592e-05
0.000141304
0
0
3.56168e-05
0
0
2.63411e-06
0
0
0.000429351
0.000601213
0.000606494
9.3616e-05
0.000150682
0
0
0.000410646
0
0.00011389
0
0
0
0.0001003
0.000137126
8.64685e-05
0.000355493
0.000238787
0.000110619
0
0
0
0
5.46117e-05
0.000614128
0.000585429
0.000552023
0.000653019
0
0.000408868
0
0
0.000247861
0
0.000276087
0.000240971
0
1.63724e-06
9.24168e-06
0
0.000262367
0.000273618
0
0
0.00034456
0.000121593
0.000284656
0.00010247
0
0
0
0.000118212
4.43494e-05
2.241e-05
0
0
0.000138047
5.51257e-05
0
1.03628e-05
0.000366688
0
0
0
0
0
8.68394e-05
0
0
0
0
0.000308018
0
0.000541913
0.000308594
0.000467455
0.000427365
0.000656809
0
0
0.00055718
0.000268544
0.000144561
0
0.000199392
0.000127478
0
0.000633914
0.000436651
0.000507457
0.000152565
0.00035091
0.000108508
8.53883e-05
0
0
0.000132479
0.000216522
0.00021326
0
0
0
0
0.000316501
0
0
0
0.000325793
0
0
0
0
0.000102004
0
0.000193786
0
0
0
0
0
0
1.34385e-05
0
0
0
0.000262503
0
0.000119455
0.000438159
0.000518018
0
0
0
0
0.000566732
0.00072082
0
0
0.000666226
6.28221e-05
1.60611e-05
1.25925e-05
0
0
0
5.71587e-05
4.97715e-05
0
0
0
0
0
0
0
4.45933e-05
6.07025e-05
0.000237548
0
0
0.00029403
0
0.000119187
0.000130661
6.61313e-05
0
0
0
9.15712e-05
0
0
0
0
0
0
0.000440913
0.000464678
0
0
0.000453032
0
0
0.000297907
0.000502457
0
0
0
0.000659909
0
0
0
0.000362053
0
0.000157095
0
0.000128096
0
0
0.000201885
0
0.000351708
0
0
0
0.000565431
0.000210831
0
0
0
0.000122853
0
0.000298622
0
0.000199489
5.0034e-05
0
0.000300584
0.000266183
6.19273e-05
0.000125956
0
0
0.000336067
0
0
0
0.000175006
0.000511345
0
0
0.000629331
0
0
0
0.000478583
0.000602783
0
0
0.000519559
0
0.000517578
0
0.000657444
0.00068617
4.18968e-05
0.00012952
0
0.000275515
0
0
0.00021155
0
0.000339124
0
0.000201938
0
0
0.000490212
0
0
0.00028425
7.67382e-05
0.000184579
0.000159854
0
5.19401e-05
0
0
0.000549808
0
0
0.000372906
0.000583489
0
0.000602574
0.000360692
0
0.000578108
0.000178507
0.000215555
0
0
0.000218613
3.0683e-05
0
6.97258e-05
0.00037852
0.000469012
0.000725925
0
0
0.00061905
0.000339391
0.000241126
2.67653e-05
0.000182886
0
0.000451751
0
0
0.000637357
0
0
0
0.000763542
0
0
0
0.000163061
0.000455583
0.000291919
0
1.85485e-05
0
0.000132774
0.000164722
0
0
9.29546e-05
0
0
0.000124509
0
0.000438134
0
6.9225e-05
0
0
0
0.000136003
0
0
0
0
0
0
0
0
0.000110945
0
0.000117154
0
0
0
0.000265338
0.000140402
0.000127985
1.75642e-05
0
0
0.000668168
0
0
0
0.000114321
9.2925e-05
0
0
0.000316765
0.000327568
0
0.000463276
0
0.000475113
0.000215295
0.0002477
0
0.000534759
0
0
0
0.000252731
0.000106903
9.65908e-05
0
0.000249352
0.000426114
7.16598e-05
0
0
0
0.000268429
0.000582934
0
0
0.000554522
0.000309652
0.000235599
0.000689469
0.000510605
0.000594582
0.000462164
0
6.70109e-05
0
0
3.64871e-05
8.78943e-05
0.000111253
0
0.000100599
0.000178917
6.97853e-06
0.000264341
0.000598871
0
0
0.000159078
0.000491927
3.17815e-06
1.00949e-05
9.06756e-05
0.000103163
0.000663371
0.000617752
0
3.25277e-06
0.000128816
0.000207626
0
0.000612077
0
0
0
0
0
0
0
0.000543805
0.000527771
0.00047297
0.000701187
0.000490797
0
0.000235594
0.000115019
0
0
0
7.39904e-05
0
7.31354e-05
0
9.79533e-05
0.000263676
0.000129973
0.000238753
0.000254921
0.000405046
0
0
0
0
0.000427335
0.000175396
0.000260933
2.38538e-05
0
0
0.000165961
0.000246152
0
0.000181399
0
0
0
0
0
0
2.30195e-05
6.32392e-06
0.000415402
0.000367906
0
0.000291527
0.000139986
0
0
0.00055042
9.02053e-05
0
0
0.000112925
0
0
0.000361535
0
7.40448e-05
0.000540369
0
0.000120024
0
0
0
4.12167e-05
0
0
0.000293016
0
0
0
0
0.000283658
0
0.000124398
0
0
0
0
0.000170634
0.00040025
0
0
4.49329e-05
0
0
3.64822e-05
0.000153517
0.00041688
2.25111e-06
5.97926e-05
0
0
0
0
0
0
0
0.000144882
0
0
0.000153818
0
4.63734e-05
0
0
0
1.07829e-05
0
0
0
0.000220523
0
0
0.000397065
0
0.000202645
8.63471e-05
0
0
0
5.66935e-05
0.000112673
5.2341e-05
0
0
0
0
0.000201058
0.000488151
0.000592097
0.000384978
0
0.000708082
0.00051845
0.000157898
0.000146153
0
0
5.88635e-06
8.56537e-06
1.20581e-06
0
0
0
0
0.000579016
0.000152758
6.71382e-05
0
0
0
0
0.000455457
0
0.000302534
4.63257e-05
0
8.79272e-06
9.86643e-07
0
6.55741e-05
0
0
0.000493971
0.000420636
0.000332954
0
0.000386316
0
0
0
0
0.000490746
0
0
0
0.000239372
0
0
0
0.00035002
0
4.83493e-05
0
0
0
0
0
0.000554217
0.000621184
0
0
0
0
0
0
0.000668805
0.000626294
0
0
0
0.000675277
0
0.000712686
0
0.000104556
4.9663e-06
0.000402631
0.000517195
0.00016479
0.000179034
0
0
0.000111812
0
0
0.00051365
3.73074e-05
0
0.000132221
0.000552986
0
0.000511686
8.51116e-05
0
0.000176232
0
0
0
7.57133e-05
5.55679e-05
0
0.000217392
0
0
0.000241895
5.61879e-05
0.000535103
0.000603242
0
0.000550145
0.000276481
0
0.000804712
0.000763551
0.000407365
0.000246288
0.000240153
0
0
5.96622e-05
0.000500314
0.000473089
0
6.78865e-05
0.000161554
0
4.74326e-05
0.000635018
4.30614e-05
0
0
0.000129499
0.000195133
0
3.64782e-05
0.000285712
0
0.000343947
0.000404699
0.000154448
0
0.000117311
0
0.000499488
0.000207155
0
0.000430495
0.000409732
0
0.000177573
0
0.000153668
0.000274174
0
0
0.000194248
2.51954e-05
0
0.00021414
0
0
0.000174992
0
0.000121686
0
0.000409673
0
0.000285433
0
5.48004e-05
0
0
4.91944e-05
0.000279257
0
9.12539e-05
0.000561602
0.000166234
0
0
0
0
0.000386959
0
0
0
0
3.96142e-05
0
0
0
0
0
0.000135719
0
0
0
0
0.0001116
0.00012428
0
0.000308534
5.58586e-05
0.000109211
9.83996e-05
0.000179023
0.000416277
0
0
0.000356809
5.95223e-05
0
0.000222135
0
0.000206303
0.000185375
0
0
0
0
0
0.000482655
0.000572987
0.00058571
0.000529669
8.674e-05
0
0
0
0
6.34594e-05
9.13819e-05
0
4.08538e-05
0.000342602
0
5.29875e-06
0
0
0
0.000101163
0
3.75718e-05
0.000340231
0.000347102
0.000211208
0
3.2284e-05
0
0.000281154
0
0
0
0.000134945
0.000273016
0
0
4.09523e-05
0.000194123
0
0.000348962
0
0.00019894
0
0.000297475
0.000503346
0
0.000194271
0
0.000633593
0.000713656
0
0.000618224
0
0.000161036
0.00023084
0.000376425
0
0.000716782
0.000586241
5.7781e-05
5.97192e-07
0.000213503
7.27032e-05
0.000207998
0
0
0
0
7.59538e-06
2.23843e-05
0
0
7.73829e-05
0
0
0
0
0.000245462
3.48518e-06
0.000135954
6.4805e-05
0.000186096
8.37499e-05
2.91633e-05
0.000306486
0
0.000518117
0.000117962
0.000134888
0
0
0
0
9.91468e-05
2.38478e-05
0
0.000346385
0
0.000362372
0.000541341
0.00018966
0
0
0
0
0
0
0
0.000459766
0
0
0
0.000308543
7.34027e-05
0.000181311
5.75128e-05
0
0
0
0
0
0
0
0.000669561
0.000534039
0.000364637
0
0.00013247
0.000277035
0.000630238
0
0
0
0
0
0
0.000504857
0
0.00067139
0
1.71184e-06
0
0
0.000666259
0
0
0.000309229
0
0.000102899
0.000229392
5.87958e-05
0
0
0
0
0.000288562
0
0.000224294
0.000313004
0.000122418
0
0
0
0.000509195
0
0.000724577
0.000366693
0.00013629
0
5.65066e-05
0
0
0.000431705
0.00016654
0
0
4.31687e-05
9.27638e-05
0.000178183
0
0.000195201
0
0.000257242
5.64179e-06
0.000246893
0.000178157
0.000174988
0
0.000204004
0.000444602
0
0
0.000111393
0
0
0.000483551
0
0
0.000637338
0.000560477
0.000119362
0
1.67984e-05
0
0
0.0001583
0
0
0
0.000362005
0.000404045
0
0
0.000348397
0.000122915
0
0.000191562
0
0
0.000204696
0.000640548
0.000216456
0.000272861
0.000227017
0.000226368
6.39542e-06
0
0.000101611
0.000381589
0
0
0
0.000683326
0.000578892
0.000736372
0
0.000380363
0
0.000507512
0.000326488
0
0
4.28834e-05
3.70663e-05
0
0
0.000142744
0
0.000256833
0.000110749
0.000510082
0.000231748
0.000326426
0.000540803
0
0
0.000218339
0
0.000343284
0.000461614
0.000408102
0.000651927
0
0.000396814
0.000442307
0.000243959
0.000490852
0.000258155
0
0.000131978
0
0.000421221
0
0
0
0.000284893
0
2.76687e-05
0.000115844
0
0
0
0
0
9.9596e-06
0
7.13752e-06
0
0
0
0
0
0
1.53739e-05
0.000447933
0
0.000437127
0.000246671
0.000242624
0.000284798
0.000425092
0.000593516
8.40275e-06
0.000211083
0
2.88718e-05
0
8.66233e-06
4.02689e-06
0
0
4.27029e-05
0
3.19576e-05
9.99291e-05
3.33585e-05
0
0
7.33862e-05
0
0.000156039
0
0.000264202
0
0
0
0
0.000205047
4.08462e-05
0.000123533
0
0.000332198
0.000640415
0
0
0.000642702
0.000239884
0.000177971
0.000354185
0
0
0.000666024
0
0
0.00051383
0
0.000473872
0.000598989
0.000846711
0.000551225
0
0
0
0.000182826
4.13708e-06
0
8.61536e-05
0
0.000433306
0.000609239
0.000118179
0
0
0
0.000140476
0.000256609
0.000258211
0
0
0
0
0
0
0.000127909
0
0
7.76878e-05
0.000278695
0
0.00067583
0
0
0
0.000779479
0
0.000407336
0.000618891
0.000338498
0.000559917
0.000295501
0
0
0
0.000107682
0.000237602
0
0.000352725
0.000362916
0.000235209
0
0.000423445
0
0
0.000351442
0
0
0
0.00047251
0.000234292
6.04087e-05
0.000198629
0.000193561
0.000150913
0
0
7.74238e-05
3.21368e-05
0
0
3.7564e-05
0
0
0.000150485
7.54099e-05
0
0
0.000307031
0
0
0.000156295
0.000253342
0.000166665
0.00043206
0.000479364
0.000446045
0
0
0.000325627
0
0
0.000495494
0
5.1134e-05
0
0
0
0
0
0
4.23737e-05
0
0
0
0
0
0
0
1.9912e-05
0.00021247
8.26115e-05
0.000333063
0
0.000383092
0
0.00046707
0
0.000301863
0
7.33757e-05
0
0
0.000477424
0
0.000300127
5.58202e-05
0.000482588
0.000547249
3.4807e-05
0
0
2.68463e-05
0.000237663
0.000191524
0.00052421
0
0
0
0
0
0
0
0
0
0.000246829
6.91437e-05
0
0.000184548
0
8.71323e-07
8.23038e-05
0
6.4206e-05
0
0
0
7.64605e-05
0
0.000160753
0.000128109
0.000162542
0
0
0
0.000308642
0
0.000620148
0.000237464
0.000314043
6.91156e-05
0
0
0
0
0
0
0
0
0
9.50989e-05
0.000337184
8.86349e-05
2.12995e-05
0
5.69839e-05
0
0
7.80725e-05
0
0.000273426
0
0.000509068
0
0.000696551
0
0.000162025
0.000428123
0.000687564
0.000393622
0
0.000320355
0
0.000264272
0.000256241
0.000313877
0
0
0.000445056
0
0
0.00018975
0.000366853
0.000370761
0.000284299
0
0.000387514
0.000504655
0.000504644
0
0
0
0
0
0
0.0004716
0.000581021
0.000218883
1.4493e-06
1.74127e-05
0.000351961
0
1.35034e-05
0.000154592
7.67909e-06
0
0
6.03453e-06
0
0
0
0.000312825
4.46068e-06
0
0
0.000490774
0.000429676
0.00057045
0
1.22486e-05
0
0
0
0.000385928
0.000295017
0
0
0.000382918
0
0.000317537
0
0
0.000147393
0
0
0.000161554
0
0.000559855
0.000256546
0.000274156
0
0.000226933
0.000348123
0
0
0.000308614
0.000724688
0.000142064
0
4.15755e-05
0
6.27001e-05
0
4.39462e-05
0.000177256
0
0.000634496
0
0
7.64109e-05
0.000256864
1.72888e-05
0
6.31955e-05
0
0
0.000473661
0.000405597
0.000165334
0
0.000126877
4.72129e-06
7.10328e-06
0
0
0
4.7614e-05
1.8422e-05
0
0.000265796
0.000370382
0.000527415
0.000466877
0
0.000354527
0.000520893
0
0
0.000373208
0
0.000317691
0.00019872
0.00045351
0
0
9.18756e-05
0
0.000229664
0
0.000480552
0
0.000670133
0
0.000243838
0
0
0
0
0
6.15449e-05
0
0.000250903
0.000513595
0.00049037
0
0.000384362
0.00050044
0
0.000451318
0
0.000377802
5.86689e-05
0
1.00312e-05
0
0
0
0
0
0
7.51221e-05
0
0
0.000391122
0
0.000350729
0.000385771
9.13837e-05
4.12062e-05
0.000445017
0
0.00035089
0
0
0.000215162
0
0
0.000517489
0
0.000597451
0
0
0
0
0
0.0006035
0.000755047
0
0.000405125
0.000151577
0
0
0
0
0
0
0.000212244
0
0.000391311
0
0
0
0
0
0.00010228
0
0
0
0
0
0
0.000146563
0.000260298
0
0.00017576
0.000485556
0.000524281
0
0.000214409
0
0
0
0
0
0
0.000552756
0
0
0.00060169
5.62512e-05
3.4338e-05
0
0
0.000337911
0
0
0
0.000303671
0
0.000374532
0
0
0.000311196
0
0
0.000187128
0.000715124
0.000326834
0
0
0
0.000730085
0.000390463
0
5.63888e-05
0.000369491
0
0
0
0
0.000230411
5.5883e-05
0
0.000143039
0.000506719
0.000271775
3.2909e-05
0.000253831
0
0
0
0
0
6.6693e-05
0.000396173
0
3.09011e-05
0.000340361
0
0.00030852
0.000279344
0
0
0.000257613
0
0.000111013
0.000560923
0.000525395
8.75374e-05
0
0
0
2.76861e-05
0
0.000319186
0
0.000292399
0
0
0
0
0
0
0
0.000204084
0.000279648
0.000477445
0
0
0.000461546
0.000204215
0
0.000401268
0
0.000538225
0
0
0
0.00067047
0.000245405
0
0
0
0.00074071
0
6.62392e-05
0
0.000120163
0
0
0
0
0.000221971
0.000215665
0
0
7.76401e-05
0
0.000104701
0.000119012
5.44239e-07
0
0.000261203
0
0.000145952
0.000314307
0
0
0.000140622
0
0
0.000545225
0.000588473
0.000184635
0.000164289
0
0.000534404
0.00061461
0
0
0
0
0.000589979
0
0.000267328
9.59847e-05
0.000185953
0
0.000200723
0
0
0
0.000129508
0.000101956
4.72904e-05
0.000142675
0
0.00017
0
2.22776e-06
0
0
5.16685e-07
2.64784e-06
0
1.90839e-05
0
6.29131e-05
0
0
0
0.000335433
0
0
0
0.000289484
0
0
0
0.000457872
0
4.42161e-05
4.63618e-05
0
0
0.000138535
0
0
0.00030067
0
0
0
0.000305336
0
9.13106e-05
0
0.000420309
0
0.000364675
0.000218386
0
7.18982e-05
0
0
0.000181887
0.000125236
0
3.87628e-05
0.000229096
0
0.00014243
0
0.000317428
0.000339898
0.000528757
0
0
0
0
0
0.000476547
0
0.000109235
0
0
0
0.000568875
0.000224756
0.000318916
7.20373e-05
8.26011e-05
0
3.30077e-05
0
0
0
1.04418e-05
0.000390556
0
7.40388e-05
0
0.000201993
8.89235e-05
0
0
0.000141
0.000448544
0.000273025
0.00037573
0.000593804
0
0.000599886
0
0.000124994
0
0.00051024
0
0
0
0
0
0.000277865
0
0
0
0.000387566
0.000154771
0.000287229
0
5.33615e-05
0
0
0
2.15091e-06
2.14232e-05
0
0
3.72304e-05
0.000213644
0.000624729
0.00057329
0
0
0
0.000607997
0
0.000658071
0
0
0
0.000195449
0.000110638
0
0
0.000164133
0
0
0
0.000276015
0
0
0
7.14124e-05
0
0
0.000278581
0
0
0
3.97496e-06
0
0
5.66768e-05
8.80271e-05
0
0
0.000191219
0.000147545
0
0.00032187
0.000398534
0
0
0.000118494
0.000454845
0
5.32928e-05
0
0
0
0.000133084
6.03972e-05
0
7.34051e-05
8.44885e-06
0
0
5.90199e-05
0.00039998
2.35505e-05
9.55091e-06
0
0
0
0
0
9.88244e-06
3.52685e-05
0.000115306
0.000219796
0
0
0.000542201
0
0
0.000552174
0
0.000517517
0
4.39034e-05
0
0
0
0.000372256
0
0
0
0
0
0.000443163
0
0
0
0
0.000226937
0.000185114
0
0
0
0
0.000307599
0
0
0.000185035
0
0
0
0
0.000202524
3.24243e-05
0.000342832
0.00048994
0.000495311
0
0
0.000620518
0
3.01974e-05
0
8.79302e-06
0
0
7.09092e-05
0.000222537
0.000479097
0.000378862
0.000132788
0
0
8.44428e-06
0
0
0.000279353
0.000152963
0
0
0
0
0
3.31138e-05
0
0
0.000601282
0.000370507
0
0
0.000128528
0
0.000670109
0
0
0
0
0
0.000195224
7.60501e-05
0
4.46083e-05
0
0
0
0.000339526
0.000424276
0
0
1.80356e-05
0
0.000163094
0.00025151
0
0
0
0.000179824
0.000203134
0
0
0.000454427
0
0.000306415
0
0
0
0
8.27194e-06
0
0
2.16877e-05
0
0
1.6514e-05
0
0
0
0.000155867
0.000188158
0
0
0
0
0.000115878
0
0
3.59345e-05
4.56066e-05
0
0.000148452
3.83596e-05
0
0
0
0.000239588
0.000645518
0
0
0
0
0
0.000511744
0.000155694
0.000120234
8.53214e-06
0
2.05745e-05
0
0.00040731
0.000583841
0
1.49278e-05
0.000375011
7.32485e-06
1.43946e-05
0.000138764
0
0
0
0
8.98562e-05
0.000254239
0.00020422
0.000216616
3.02208e-07
0
0
0.000199223
0.000119554
0
0
0
0
0.000272176
0.000151692
1.33181e-05
0.000290913
0
0.000448973
0.000682192
0
0.000225918
0
0.000463112
0
0
0
0.000242278
4.57877e-05
0.000193716
0
1.58364e-05
0.000132955
8.22078e-05
0
1.75044e-05
7.02711e-05
0
0.000102145
0
0
0.000390593
0
0
0
0
0.000163549
9.12016e-05
1.60068e-05
4.88139e-05
0
0
0.000172662
0
0
5.96101e-05
0.000276681
0
8.113e-05
0
0
0
0.000105337
0
0
0
0.000303791
0
2.52846e-05
0
0
4.5062e-05
0
0
0.000250592
0.000184046
0.000468141
5.45901e-05
0.00030788
0.000280824
0.000116395
0.000343385
0.000539312
0.000557091
0
0.000477067
0.000288159
0.00052084
7.10487e-05
0
0
9.82198e-05
0.00044452
0
6.69447e-05
0.000479595
0
0.000597415
0
0.000448942
0.000559342
0
0.000710892
0.00072205
0.00064469
0
0
0
0.000495913
0
0
0.000612301
0.000312892
0.000770519
0.000600245
0
0
0
0
0.00070203
0
0
0
0.000312657
0
0.000283795
0.000509467
0
0
0
0
0
0
0.000410311
0.000604802
0.000145492
0
0.000230904
0.000578228
0.000281315
0.000183901
0
0
0
0
7.18284e-06
0
0.000453997
8.21672e-05
0
0
0.000464194
9.61453e-05
8.95644e-05
0
0
0
0.000220811
0
0.000122702
0
1.45571e-05
0.000390982
0
0
0.000372627
0.000267181
9.05331e-05
0.000139477
0
0
0
0
0.000358173
0.000345609
0
0.000697534
0.000106699
0
0
0
0
6.24805e-05
0
0
4.29632e-05
0
0.000168454
3.7407e-05
0
0
0
0.000269586
0.000216887
0
0
0
0
0.000768047
0.000495062
0.000795838
0.000501611
0
0
0
0.000466517
0.000447296
0.000278812
1.57131e-05
0
0.000371757
0
0
0.000204385
0
9.93919e-05
5.47083e-06
0.000184319
0
7.1673e-05
0
7.01729e-05
0.000151134
7.96037e-05
0.000236401
0
0.000131422
0.000371268
0.000527955
0
0.000373075
0
4.83816e-06
0.000171185
0.000172227
0
4.81245e-05
0
0.000149066
0
0.000548836
0.000564853
0
0.000630818
0.000307316
0.000184267
0
0.000368491
0
0
0
3.79815e-05
0
3.03135e-05
0
0
0
8.80925e-05
0.000230089
0.000301148
0.000305662
0.000318052
0
0.000569155
0
0.000711677
0
0
0.000690515
0.000256817
0
0
0
0
0
0
0.000210746
1.87938e-05
0.000104055
8.37675e-05
0.000135704
0
0
5.27508e-05
0.000256823
0.000517509
0
0
0
3.80121e-05
0
0
0.000312304
0.000508161
0.000583711
0.000436521
0.000461814
0
0.000172031
1.95305e-05
4.96862e-05
0
0
7.93029e-06
6.49781e-05
0
0
0.000357591
0
1.64166e-05
3.47892e-05
0
0.000148972
1.54098e-05
9.77131e-05
0
0
0
0
0
1.27783e-05
3.76486e-05
0
0
0
0
4.28436e-05
0
0.000144961
0.000483532
2.9473e-05
0
0
0
0.000106178
0
0
0
9.65911e-05
0.00019392
6.42996e-05
0.000125621
8.84196e-05
0.000331049
0
0
0
0.000400416
3.24486e-05
3.47108e-05
8.35075e-05
0
0
0.000331192
4.18774e-05
0
0.000462475
0.000295683
0.000128818
0.000299501
0
0.000381389
0.000420287
0.000398402
0
0
0
0.000600866
0
0
0.000122336
0.000191165
0
8.15998e-05
0.000121011
0.000133411
0
5.41397e-05
0.000698016
0
0.00053226
0
0
0
0.000240364
0.000321066
0
0.000115106
0.000140687
5.45596e-05
0
0.000670272
0
9.00684e-05
0
5.76396e-05
0.00030738
0
1.85631e-05
0
0.000162071
0.000240557
0
8.28788e-05
8.46355e-05
0
0
0.000196759
0
0.000328309
0
0.000392988
0.000446351
0.000489927
0.000124075
0
0
7.04441e-05
0.000122479
1.62093e-05
0
4.26721e-05
0.000149021
0
9.42478e-05
0.000439944
0
0.000267389
0
0.000439119
0
0.000741902
0.000253558
0.000120969
5.62017e-05
0.000263814
2.94822e-06
0
0
0
0
0
0.000117498
0.000588443
0
0
0.000355264
0
0.000115854
0.000372864
0.000718923
0.000521625
0
0.000364909
0.000640148
0
0.000581276
0.000353619
0
0
0
0.000595158
0.000337241
0
0
0
0
0.000179787
0.000126222
0
0.000378706
0.00023519
0
0.000455804
0
0.000168078
0
6.69971e-05
0
0
0
7.98971e-05
0.000247864
0
1.30292e-05
9.27738e-06
0
0
0
5.41038e-05
0
0
0
7.85154e-05
0.000215609
0
0
1.11344e-06
9.75626e-05
4.76764e-05
0
0
0
0.000168094
0
0
0.000502612
0
0.000582599
0.000158121
0.000195971
0
0
0.000383218
0.000311643
0.000344791
0.000128321
0
0
0
0.000333659
0.00033876
0.000360429
0
0
0
0
0
0
0
0
0
0.000318964
0.000501921
0
0.000476189
0
0.00023552
0.000102199
0
5.31215e-05
0
0.000482424
0.000405606
0.000326103
0
0.000143121
0
0.00020843
0
0
0
0
0.000160662
0
0
0
0
0.000569191
0
0.000366562
0
0
0
0
0.000729584
0
0
0.000635619
0.000557407
0.000132213
0.000264873
0
0.000124222
0
0.000134331
0.000313368
0.000499577
0.000218021
0
0.000162904
0.000124964
0.00022397
0
0
0.00039926
0
0
0.000473462
0.000624987
0
0.000595445
0
0.000238544
8.28651e-05
0.000531671
0
6.62763e-05
0.00027285
0.000180293
0
0
0
0
0
0
0
0.000348133
0
0
0
0.000143712
0
0.000129604
0
0
0.000457852
9.14927e-05
0
7.95502e-05
0
0
5.12612e-05
0
0.000334276
0
3.72664e-05
3.83151e-05
0
0
0.000652015
0.000420885
0
0
0
0
0
0.000477446
0.000293818
0.000588852
0
0.000308715
0
0.000499466
0
0
0
0.000400127
0.000639143
0.000620875
0
0
0.000181429
0.000114911
0
0
0.000256786
0
0
0.000416245
0.000333428
0
0
0
0.000347483
0
5.94572e-05
0
0
3.72401e-05
0.000206619
0.000308988
0.000388414
0.000101589
0
0
2.6329e-05
0
7.47835e-06
9.38541e-05
0.000298771
0
0.000106921
3.36867e-05
2.08281e-05
0
0
3.15293e-06
0
0
5.69984e-05
8.64116e-05
0.00045376
0
0
0.000187668
0
0.000713669
0.000765606
0.000709307
0
0.000421525
0
0
0
0
0
0
0
0.000545754
0.000477637
0.000586161
0
0.000539251
0.000585647
0
0
0
0
0
0.000615275
0
0
0.000289285
0.000230472
0.000486876
0
0
0.000105263
0
0.000339378
0.000390046
0.000100186
0
0.000375933
0
0
0.000460168
0
9.92239e-05
0
0.000141305
0
0.000237546
0.000213242
4.66581e-05
0
0
0.000109892
0.000405864
0.000547142
7.36546e-05
7.25185e-05
0
0
0
0
0
0
5.98629e-05
3.46405e-06
0
0
0.000274479
0
0
0.000493169
0
0
0.000322299
0
0
0.000203627
0.000447034
0.000425289
0.000623148
0.000836773
0
0
0.000644652
0
0
0
0
0.000617765
0
0.000777968
0
0.000429223
8.86238e-05
0.000417633
0
0
0.000159039
0
0
0
0.000100876
0.000436398
0.000430707
0
0.00079977
0.000323234
0.00026569
0.000209507
0
0
0
0
0
6.51023e-05
3.60805e-05
0
0.000370946
0
6.35678e-05
0
6.76156e-05
0
0
0
0.000275185
0.000419634
0.000153969
0
1.75313e-05
0.000494144
0.000129768
0
0
0
0
0
4.34153e-05
0
4.38667e-07
0
0.0002237
1.78716e-05
0
0
0.000126914
8.97362e-05
0.000301951
8.18945e-05
0.000247532
0.000180008
0
0
0.000135849
0.000133805
0
0
0
3.68058e-05
3.61961e-05
0
0
0.000197918
0
0
0.000147913
0.000130404
0
0
0
0.000107321
1.00635e-05
0
0
0
4.71724e-05
0
0
6.19353e-06
6.1412e-05
5.06372e-05
0.000126703
0
0.000146331
2.90395e-05
0
0
0.000179877
4.26688e-05
0
0
5.99697e-06
0
4.58222e-05
0
0
0
0
2.05334e-05
0.000238265
0
0
0
0
6.26001e-05
0
0
0
0.000241887
0.000361638
0
0
0
0.000644424
0.000391399
0.000447882
0
0.000416432
0
0.000327128
0.000345612
0.000388634
0
0
0.000228343
0.000104144
0.000558452
0.000223633
0.000210396
0.00021852
0.000192105
0.000661381
0
0
0
0.000129807
1.74047e-05
5.23809e-05
0
0
0.000302301
0.000514586
5.18473e-05
0
0.000172021
1.52391e-06
1.38163e-05
4.87676e-05
0.000116948
0
0.000316367
0
0
0.000841803
0.000300155
0
0.000469468
5.02405e-05
7.99341e-05
0.000317288
0.000380118
0
0.000381178
0
0.000309937
0.000143138
0.000159595
0
0.000663119
0.000566718
0.000681786
0.000608475
0.000319364
0.000474458
0.000640099
0
0
0.000155212
0
0.000615766
0.000684762
0.000167907
0.000127816
0
0.000478395
0
0.000177758
0.000645357
0
0.000252814
0
0.000421666
0.000149348
0.000386587
0.000177502
0
0.000441588
0
0
2.9082e-05
3.20866e-06
0
0.000217327
0.000431802
0
0.000690633
0.000415912
0.00046697
0
0.000243154
0.000317942
0
0
0
0
0
0
0
0
5.69968e-05
0.000369479
0
0
0.00032874
0
0.000616793
0.000460147
0.00021847
0
0
0
0
0
0
0
0
0
0
0
0.000167072
0.00068891
0
0.000448466
5.61994e-05
0.000113371
0.00020438
0.000113506
0
0
0.000240987
0
5.28793e-06
0.000159099
0
0
5.22319e-05
0
0.000243707
0
0
0
0
0
0.00012011
0.000179289
0
0.000329445
0.000389832
0
2.10172e-05
0
6.70911e-05
0
0
0
0
0.000115805
0.000222726
0.000245002
0
0
0
0.000222205
5.00755e-05
0
0
0
0.000136749
0
0.000385777
0.000248802
0
0.000352911
0.000360775
0
2.63164e-05
0
0
0
0.000188149
0
0
0
0
0
0.000181939
0
0
0
0.000108403
0
3.67979e-05
0
0.000198359
3.34693e-05
0
3.99241e-05
0
0.000125346
0.000293771
4.55187e-05
0
0
0.000176381
0.000428885
0.000402486
0
0
0.000577961
0.000774534
0
0.000233399
0.000257919
0.000477921
0
0.000158399
0.000193169
0.000190729
0
0.000215027
6.85604e-05
0
3.94456e-05
0
0
2.94847e-05
0
0
0.00036067
0
0.000226619
0
0
0
0
0.000261337
0.000477733
0
0
0.000307171
0
3.64836e-05
0
0.000117247
0
5.38762e-05
0
0.000283146
8.54434e-05
0
0.000122935
3.84699e-06
0
0
5.57015e-05
0
7.53338e-05
0
0
0
0
0
0
0.000627526
0
0.000156907
0
0.000247189
0
7.58374e-05
0
0
9.12967e-06
0.000154301
0
0
0
0
0
0.000196478
2.21794e-05
0.00021013
0
0.000328823
0.000223232
1.67437e-05
0
0.000114914
0
0
3.82782e-07
8.82651e-06
0
0.000124146
0.000204396
0
0
0
9.62525e-05
6.54833e-05
0
0
0
0.000310452
0.00019157
0.000208778
0.000207934
0.000529625
0.00027558
0
0
0.000574563
0
0.000510021
0
0.000302438
0.000237703
0
0
7.11829e-06
0
2.48657e-05
1.06525e-05
0.000108621
0
6.43783e-06
0
0
0.000130782
0
0.000120009
0.000140603
0.000154866
9.43435e-05
0
0
0.000507183
0
0
0
0
0
2.29471e-05
0
0
0
0
0
0
0
0.000313012
0.000325097
0
0
0.000516412
0.000761246
0.000332726
0.000592084
0
0.000261143
0.000113764
4.77655e-05
0
0.000221039
0.000140026
0.000231755
0.000529597
0
0
0
0
0.000526657
4.22097e-05
0.00062774
0.000164622
0
0
0.000434985
0.000124915
0
0.00033911
0.000583749
0.000691262
0.000678833
0
0
0.000237818
0
0
0.000605422
0.000449019
0
0.000610741
0.000721545
0
0.000407193
0.00016151
0
0
1.8205e-06
0
0
0.00034921
0.000375494
0
0
0
0
0.000121683
0.000319255
0.000184891
0.000596663
0
0.00046067
0.000364125
0.000137548
0.000215084
0
0
0.000124977
0.000557763
0.000399417
0
0.000246516
0
0.000158261
0.000782066
0.000494575
8.9285e-05
0
0
0
0
0
0
0.000589777
0.000199639
0.000254296
0
0.00032568
0
0
0
0
0.00033757
0
0.000123586
0.000375276
0.000362002
5.39781e-05
1.78951e-05
0
0
0
0
5.67116e-06
0
0.000631232
0.000543947
0.000255343
0
0
0
0.000454492
0.000214832
0
0.000542892
0
0.000339361
7.18438e-05
0
0.000193472
0
0.000244332
0
0.000325708
0
9.1549e-05
0.000423604
0
0
0.000676361
3.22101e-05
8.36619e-05
2.22122e-05
0
0
0
3.12433e-05
1.9789e-05
3.42273e-05
2.59442e-05
0
0
0
0
4.55541e-05
0
0.000245663
0.000191884
0
0
0.000419424
0.000712922
0.000248523
0.000516056
1.61412e-05
0
0
9.17444e-05
0
0
0.000646319
0
0
0
0.000289201
0.000316213
0.000501855
0.000290171
0
0
0
0
0
0
0.000373562
9.81891e-05
0.000140588
6.99064e-05
0
0
9.69438e-05
0
0.000238098
0
0
0.000130442
5.03714e-05
0
1.60751e-05
0
8.68798e-05
0.000267237
9.27077e-05
0.000461883
0
0.000483692
0
0.000164182
0.000134191
0.000414754
0
0
0
0
0
0
0.000271811
0
1.12035e-05
0.000158265
0
0
0.000369317
0.000207309
0
0.000471819
0
0
0
0
0.00069015
0
0.000426405
0.000782616
0.000493368
0.000236887
0.000276006
2.34252e-05
0.000425437
0
0.000137165
0.000574465
0
0.000719798
0
0.000418218
0.000146987
7.96182e-05
0
0
0.000143378
0
0
1.72246e-05
0.000546485
0
0
0.000221406
0.000308717
0
8.76983e-05
0
0
6.80737e-05
5.1277e-07
0.000139357
0
0
2.1e-05
0.000116153
0
0
0.00011032
0
0
0
0
0
0
0.000586413
0.000520777
0
0
0
5.76814e-05
0
0
0.000184672
0
0.000447072
0.000380073
0
0
0.00052082
0
0.00015094
0
0.000129673
0
0
0.00016457
0
0.000338149
0
0.000111708
0.000102459
0
0.000253673
0
9.2482e-05
0.000678115
0
0
0
0
0.000243188
0
0
0
0.000125571
0
0
5.08449e-05
0.000468424
0.000257781
0.000508494
0.000275043
0
0
0.000414365
0
0
0.00015509
4.74064e-05
3.46682e-05
0
6.43928e-06
1.35003e-05
4.06557e-05
0.000120932
0.000312545
0.000435958
3.64152e-05
0.000379959
0
0.000413297
0.000301556
0.00050679
0.000665261
0
0
0.000542608
0
0.000311474
0
0
0.000553425
0
0.00042945
0.000153956
0.000528657
3.93973e-05
0
3.90737e-05
0
0
0.000135438
0
0.000409001
0.000699225
0
0
0.000654597
0.000106103
0
9.41847e-05
0
0.000381566
3.61843e-05
0
2.63764e-05
0.000122736
0.000234043
0
0
0
0
0
0.000458998
2.6872e-05
0
0
0
0.000154372
0
0.000513784
0
0.000484471
0
0
0
5.3664e-05
0.000202053
0.000505219
2.47392e-05
9.75031e-05
0.000463206
0
0.00013075
0.000548392
0
0
0
0.000408892
0
0
0
0.000392156
0
0
0
0
0
0.00045083
0.000130653
1.7228e-05
2.602e-06
0
0.000166607
0.0001627
0.000255885
0
0
0
0.000498088
0
0.000428559
0.000355465
0
0
0
0.00042464
0.000224266
0.000256125
0.00018494
0.000633259
0.000473037
0
0
0.000212262
0
5.87236e-05
7.41439e-05
0.000154181
8.3122e-05
0.000106438
1.57236e-06
5.16294e-05
0
0
0
0.000103433
0.000320276
0.000262472
0.000184849
0
0.000510449
0.000636198
0.000333673
0.00033952
0.000407959
0
0
0.000362807
0
0.000362697
0.000450379
0
0.000215628
0.000344722
0
0
0.000376905
7.90697e-06
0.00039887
5.60127e-05
0.000152097
0
0.000410786
0
8.96866e-06
0
0.00054744
0.000531952
3.74915e-05
3.91175e-05
0
0.000110765
0
0
0
0
0
0.000118939
0
0
0
0.000146226
0
0
0
5.56935e-05
0
0.000177262
4.23276e-05
0.000796867
0
0.000622479
0.000623376
0
0
0.000691468
0.000127467
0
0.000101828
0.00023824
0
0.000139693
0.000346318
0.000146332
1.08481e-05
0
3.28611e-05
2.01562e-05
0.000230943
0
0
0
0.000160327
0.000259891
0.000353365
0.000294102
0
0
0
0.0004701
0
0
9.71481e-05
4.68033e-05
0.000157464
0.000455546
0
0
0.000279853
0.000203491
0
0.000318616
0.000138184
0
0
0
0.000192748
0.000182114
0
0
0.000195464
0
0.000459721
0.000149403
0.000137802
0
0.000105955
0.000226235
8.42026e-05
0
0.000600976
0.000580128
0
0.000158991
0
0.000346174
0.00047187
0.000106895
0
0
0.000173509
0
0.00030068
0
0.000125887
0
1.78333e-05
0.000423847
0
0
0.000832244
0.000202549
8.21648e-05
0
0
2.33839e-05
6.01463e-06
0.000208224
0
0.000471591
0.000380348
0.000250726
6.06932e-05
1.58353e-06
0
0.00059553
0.000819691
0
0.000838068
0.000715192
0.000149815
0.000363204
0
0
0.000173239
0
0
0
3.18923e-05
0.000235158
4.05495e-05
0
0
0.000167366
0
7.70052e-05
4.58688e-05
0.000381675
0.000400501
0.000190876
0
0
3.28653e-05
0
0
0
0.000239564
0
0
3.57281e-05
0
0.00014749
9.49477e-05
0.000150087
0
0.000203728
0.000521041
0
5.28777e-05
0.000482307
0
0.000134989
0
0.000538367
0
0
0.000268365
4.15347e-05
0
0.000284413
0
0.000158667
7.62188e-05
0
5.32242e-05
0
0
3.81772e-05
0.000342982
0
0.000470989
0
0.000423935
0
0
0.000152669
0.000245969
0.000651323
0
0
0.000280683
0.000380365
7.41913e-05
0.000125598
0
0
0
0.000232454
0
0.000163541
0.000435462
0
0.000466726
0.000124261
0.000483836
0.000460538
0
0
4.02136e-05
5.48127e-05
0.000506029
0
0
0
0.000115797
0.000243537
0
0.000109303
0.000256309
0.000276003
0
0
0
7.26141e-05
0.000245238
5.40596e-05
0
0
0.00051242
0.000230276
0
0.000269664
0
0.000187497
0
0.000449592
0.000136535
9.24366e-05
0.000195243
0
0
0
0.000203964
0.000416208
0
0
0
0
0.000323177
0
0
0.000132656
0.000213673
0.000257698
0.000611519
0.000149875
3.08903e-06
0.00016478
0.000691707
0.000529558
0.000685555
0.000639347
7.77235e-06
0
0.00010355
0
0
0
0
0
0.000325596
0
0
0.00024083
0
0
0.000464914
0.000584692
0
0
0
0
0
0
0
0
0.000826648
0
0
0
0
0
0
0.000686201
0
0.000622046
0
0
0.000295177
0
0
0
0
0.000715168
0.000701858
9.97045e-05
0
0.000177725
0
4.50245e-05
1.78293e-05
2.03477e-05
0.00073296
0
0.000624979
0.000165928
0
0.000302019
7.80787e-05
0.000264986
0.000601291
0
9.46899e-05
0
0.000145515
0.000316555
0.000177487
2.39389e-05
8.14952e-05
0
0
0
0
2.91892e-05
0.000296021
0.000336668
0.000186575
5.81117e-05
9.42974e-05
0
0
0
0
0.000199718
0
0.000301058
8.54703e-05
0
0.000304312
0.000661148
0
0.000355067
0.000521593
0.000116499
0.000387902
0.000111525
0.00051045
0
0.000307065
0.000213707
2.92938e-05
0.000532852
0.000638507
0.000724269
0.000294094
0
0.000539629
5.33215e-05
0.000200023
0.00022529
0.000291511
0
0
0
0.00039747
0
0
0.000389181
0.000328427
0
0
0
0
0
0.000188873
0
0
0
2.87222e-05
0
0
0
0.000255091
0
0.000585067
0
0
0
0
0.000167827
0.000106295
0.000123692
4.81573e-05
0
0.000222113
0.000297648
0.000546126
0
0
0.000218138
0.000331257
0.000507644
0.000334019
4.28664e-05
0
7.67464e-05
0
0
0.000144429
0
0.000122451
0.000561128
0.000474052
0.000621332
0.000194059
0.000326145
0.00052569
0.000635921
0
0.000375922
0
0
0
0.000289942
0.000194075
0.000176997
0.000378717
0.00026614
0.00056855
0.000257856
5.61199e-05
0.000424862
7.01769e-05
4.91815e-05
0
0.000109271
5.72969e-05
0.000170894
0.000225467
7.55428e-05
0.000720847
0
0
0.00070855
0.000425051
0
0
0.000267957
0.000481924
0
0.000295542
0
0
0
0
0
1.4085e-05
0.00040774
0
0
0
0
1.12767e-05
0
0.00023463
0.000456872
0.000308
0.000646037
0.000202192
0.00021971
0
0
4.29737e-05
0.000203506
0.000524371
0.000175695
0.000387722
0
0
0.000124004
0
0
0
8.16883e-05
7.35469e-05
0
0
0
0
0
0
0
0
0.000123215
4.13906e-05
2.38591e-05
0
0
0.000417385
0.000162223
2.53874e-05
6.00882e-06
0.000218418
0
0
0.000445722
0
0
0.000333252
0.000369888
0.000398572
0
0.000467582
0
0
0
0
0.000492115
0
0.000232353
0.000427374
0.000482079
0
0
0
0
0
0
0.000204062
0.000212809
0.000144435
0
0
9.1214e-05
0
0.000210334
0
7.39367e-05
2.83043e-06
0
0
0.000301186
0
0.000291077
0
0
3.38743e-05
0.000121602
0
2.3527e-05
0
0
0.000496558
0.000467106
0.00035932
6.3634e-05
0
0
4.41938e-05
0
0
0.00021472
0.00022223
0.000156403
0
0
0
0.000129533
5.31151e-05
0.000163281
0.000605426
0.000695345
0
0.000385718
0.000286279
0
0
0.000455016
0.000361177
0.000401579
0
0.00037268
0
0
0
0
0.000715418
0
0.000608265
0.000519073
0.000331501
0.000584713
0.000531301
0.000776906
0
0
0
0.000841338
0
0
0.000659289
0.000656772
0
0.000515598
0
0.00019016
0.000488555
0.000592798
0
0
0.00043645
0.000350179
0.000427363
0
0.000440249
0.000136585
1.27974e-05
0
0
3.72977e-05
0.000507014
0
7.48498e-05
0
0
0
0
0
8.57767e-05
0
0.000173286
0.00064877
0.000492594
0.000160542
0
0
0
0.000165401
0.000252219
0
0
0
0
1.3938e-05
9.14066e-06
6.7362e-06
7.61417e-05
0
3.37369e-05
0
0
0
0
8.57204e-05
0
0
0
0.000167469
0.000101674
0.000285471
0
0.000384148
0
0
0
0.000750093
0.000339642
0.00032152
0
0
0
6.67829e-06
0
0.000234998
0
0.000234125
0.000177351
3.74643e-05
0.000132015
9.01506e-05
0
0
0
3.37136e-05
0
3.30468e-05
0
3.28159e-05
0
5.96572e-06
0
0
0
0
0
1.26815e-05
0
0
0
6.53798e-05
0
0.000687112
0.000597728
0
0.0006305
0
0.000652732
0
0
0.000742464
0.000307555
0
0.000369177
0
0.000433605
0.000471782
0
0
0
0
0.000625767
0.000679894
0
0.000495711
0.000169443
0
9.03272e-05
0.000281085
0.000418496
0
0.000432634
5.61963e-05
0
4.50639e-05
0.000206859
0
0
0.000657228
0
0
0
0.000104325
0
0
0
0.00032418
0
7.20315e-05
4.33119e-06
1.90917e-05
0
0
0
0
0.000178534
0
0
9.90381e-05
0.000204119
0
0.000401325
0
0
0
0
0.000554042
0.000398771
0
0
0.000333425
0.00042984
0
0
0.00046833
0.000689221
0.000660652
0.000584295
0
0
0.00024084
0.000729935
0
0
0.000461981
0.000145436
0.000453659
0.000237285
0
0
0
0
0.00044626
0.000608049
3.71047e-05
0.000230937
0.000704828
0.000473522
0.000504262
0
0.000646139
0.000479991
0
0.000510791
0
0.000572877
0.000413606
0
0.000583345
0.000441138
0.000445792
0
0.000239836
1.32501e-05
0
0
1.93406e-05
0
0
0
8.59426e-05
0
0.000204085
0.00011397
0
0
0
0.000426776
0
2.08018e-05
7.57023e-05
0
0.000174139
0.00029357
0
0
0
0
0.000497654
0.000225485
0.000346361
0
0.000172077
0
0
0.00031232
0.00028277
0.000314182
0.000456156
4.04353e-05
0.000138534
0
0
0.000314268
0.000470509
0
0
0
0.000303755
0.000331406
5.55724e-05
0.000102468
4.77717e-05
0.000115598
0
0
7.00176e-05
0
0.00032538
0
0
0
0.000139203
1.7996e-07
0
7.93201e-06
2.59744e-05
0
4.63936e-05
0
0.000156634
0
0.000114065
0.000161622
0.000587346
0
0.000471965
0.000255625
4.46878e-05
0
4.07104e-05
8.4763e-06
0.000200345
0.000107781
0.000258384
0
0
0
0
0.000390498
0.000181355
0
2.16228e-05
0
0
3.21711e-05
0
0
0
0
0
0
0
0
4.40729e-05
0
4.0025e-05
0
0
0
3.22491e-05
0.00019528
0.000207692
0.000127732
8.37031e-05
0
0
0.000468207
1.87183e-05
0.000376199
0.000626661
0
0.000358583
0
7.16204e-05
0
0.000106505
0.00030293
0.000247463
0
0
0
0
0.000389489
9.70894e-05
0
0
0
0.000128823
0
0
0
0
0.000510812
0
0.000407047
0.000353588
0
0.000300652
0.000254154
0.000272232
0.000263269
0.000681778
0
0
0.000195086
0
0.000445918
0.000124732
0.000263442
0
0
0.000645792
0
0
0
0
0
0.00060708
0
0.000533406
0.000473809
0.000387085
0
0.000301888
0
0
0.000251866
7.9322e-06
0
0
3.48593e-05
0
0
0
0
0
9.03942e-05
0.000164469
4.20286e-06
0
0.000226019
0
0.000121167
0
0
0
0
0
0
0.000310872
0.000584133
0.00021276
0.000309602
0.000267149
0.000494533
0.000297567
0
0
0
0
0
2.20443e-05
0.000158773
0
0.000299834
0
0
0
0
0
0.000419538
0.000513838
0.000774057
0
0.000654281
0.000740197
0.000422893
0
0.00052528
5.21319e-05
0
0
0
0
8.3347e-05
0.000297292
1.50602e-05
0
0.000182097
0
0.000373493
0.000654914
0.000380407
0
0
9.22851e-05
0.000117723
8.55202e-06
0.000135684
0.000285788
0
0
0
0.000164546
2.94585e-05
0.000250188
0
0.000330435
0.000341931
0
0
7.1805e-05
0
0.000304194
0
0
0
0
0.000314193
0.00017761
7.79835e-05
0
0.000233056
0.00041145
0
0.000568796
0.000106765
0
0
0.000211003
1.30223e-05
7.83682e-05
0
2.65003e-05
9.18416e-05
0
0
0
0
0
2.43846e-05
0
0
0
0
0
0
0
0.000156705
0
9.31694e-05
0
0.000163532
0
0
0
0.000262868
6.74634e-06
0.0006052
0.000596797
0
0
0.000127911
0.000314657
0
4.74462e-06
0
0.000149907
0
6.56989e-05
0.000273766
0
0.000196913
0.000248807
0.000102408
0.000288017
0.00063393
0
0.000192067
0.000121922
0.000686647
0.000294634
0
9.65683e-05
0.000302589
0
0
0.000362177
0.000522838
0
0.000252725
0
0.00032068
0.000581261
0.000548792
0.000370393
0.000285193
0.000303475
4.74233e-06
0
0
0
0
0
0
0
0.000109459
0
4.48542e-05
0
7.79675e-05
0.000328075
0.000536229
0
0.000432104
0
0.000215337
0
0
0
0
0
0
5.84445e-05
0.00069452
0
0
0
0.000578852
0
0.000217982
0.000162135
0.000186845
0
0
0
0.000156398
0
0
0
0
0
0
0
0
4.32601e-05
0
0.000155488
0.000145333
0
9.73912e-05
0
0.000359594
0.000660843
0
0.000610553
0.000205665
0
0
0.000297422
0.000352064
0
0.000145771
0
9.01922e-06
0
0
0
0.000156958
0
0
0
0
0.00037015
0
0
0
0
0
0.00021923
0.000278532
0
0.000162191
0
0
0
0.000305125
0
0
0
0.000149589
0.000345854
0
1.58926e-05
0
0
0
0
0
0
0
9.91907e-06
0
2.38057e-05
7.88624e-05
0
0
0
0
0.000114902
0
3.78099e-05
0.00010339
0
0.000656168
0.000578324
0.000239855
0
0.000305722
0.000210764
0.000579288
0
0
0
0.000498603
6.9359e-05
0.000610962
0
0
0.0001206
9.10038e-05
0
0.000105738
3.30324e-05
0
0.000391662
0
0
4.61453e-06
0.000164995
0.000438746
0.000164116
0
4.87564e-05
0
2.15275e-05
0.000521973
0
4.74316e-05
0
0.000392685
0
0
0
0
0
0.000582872
0
0.000530759
0.000451521
0.000576556
0.000386676
0
0
0.000590397
9.20424e-05
0
0
0.000277241
0
0.000580905
0
0.00010464
0.000290497
0
0
9.42286e-05
0
0.000310798
0.000317382
0.000287029
0
0.000658677
0
0
0.000471508
0.000157994
0.000514866
0.000161073
0.000303106
0.000102435
0
0
0
0.000585674
0
0.000138398
0
0
7.34408e-05
0
0.000535904
0.000208624
0.000534121
0.000507077
0.000422573
0
0
0.000345902
0
0
0
2.08608e-05
2.88485e-05
0.000105602
7.93598e-05
0.000102986
0
0.00013597
0
0
2.05434e-05
0
0
0
0
0.000257031
0
0
0
0
0
0.00026149
0.000766802
0
0
0.000150782
0
0
0.000210355
0.000260158
0
0.000436814
0
0
0.000197448
0
0.000434313
0
0.00047837
0
0
3.28507e-05
8.61706e-05
2.99887e-05
0
0.000474754
0.000126843
0
1.8162e-05
0.000733573
0.000586922
0
0
0
0
0.000486896
0
0
0.000367331
0
0.000357145
0
0
0.000514146
0.000111863
0
0.000297634
0
0
0
0.00014833
0.000284091
0
0.000708875
0
0
0.000323566
6.71962e-05
0
0
0.000390515
0.000653163
0.000134253
7.84284e-05
0.000202227
0.000724649
0
0
0
0
0.000314265
0
0
5.9853e-05
0.000183137
0
4.52225e-05
7.87761e-05
0
0.000200301
0.000254334
0.000513771
0.000698475
0.000396383
0.000723649
0.000588915
0.00076268
0.00068123
0.000475526
0.00024654
0.000316085
0.000553493
0
0.000101554
0
0.000341472
0
0.00013739
1.7147e-05
0
0
0
0.00048494
0
0.00035441
0
0
0
1.97158e-05
0
0.000244649
0
0
1.77198e-05
3.55353e-05
1.64924e-05
6.54583e-05
6.68582e-05
0
6.56195e-05
1.71301e-05
0
0
2.00635e-05
0.000341486
0.00041972
0.000479553
0.00071141
0.000563627
0.000223266
0
0
0.000414771
7.02653e-05
0
0
6.32088e-05
0.000275289
0.000442123
0
0
0
0
0
0
0.00015609
0
0.000647429
0.000803463
0
0
7.06241e-05
0
0
0
0.000142136
0
4.67776e-05
1.76402e-05
0
0
0.000192374
0
0
1.01562e-05
1.29059e-06
0
0
0
0.000295613
0.000135864
0
0
0
0
0.000136934
0.000185157
0
0.000199509
2.12427e-05
0
0
0
0.000106068
0
0.000136375
0.000477758
0.0004373
0.000195538
9.88143e-05
0
0.000170101
0
0
0
0
0.000241567
0.000304874
0
0.000397381
0.000337208
0
0
0.000226158
0.000247906
0.000300798
0.000347073
0
0
0
0
0.000467982
0.000270225
0.000415024
0
0.000217415
0.000283917
0
0
0
0
0.000319425
0.000329979
0.0005257
0.000311668
0.000113231
0
0
0.000610098
0.00021307
0
0.000388786
0
0.00047616
0.000319201
0
0
8.80012e-05
7.93579e-05
0
0
0.000178149
0.000291271
5.34563e-05
0
0
0.000315611
6.12857e-05
0
0
0.000293264
0.000391494
5.82066e-05
0
0.000418968
0.000447207
0
0
0.000534746
0.000558928
0.00012051
5.3038e-05
0
0
0.00050297
0.000603225
0
0
0.00017942
0.000632208
3.12104e-05
1.22105e-06
5.89164e-05
0
0.000294683
1.71851e-05
7.82178e-05
0.000202243
0.000329028
0.000379349
0
0
0.000171506
0
0
0.000130028
0
0
0
0
0
0.000175391
0
0.000335079
0
4.33356e-05
0.000162776
0
0
0.000222211
0.000573527
0.000540432
0.000209649
0
0
0
0.000234203
0
0
0.000550221
0
0
0.000439823
0.000734235
0
0.0007163
0.000160973
0
0
0.000825119
0.00072374
0.000317887
0
3.95597e-05
0
0
1.77689e-05
0
5.54398e-05
0
3.75455e-05
0
0
0
0.000165448
0.000264415
0
0
0
0
0.000467414
0
0.000425027
0
0.000562501
0
9.77762e-05
0.000301985
3.15643e-05
0
0.000309379
0
0.000445442
0.000174939
0.00038824
0
0.000657032
4.71095e-05
0
0
0
5.92098e-05
0.000225066
0
0
6.66609e-05
0.00068505
0
0.000580848
0
0.000450335
0
0.000559
0.000534234
0
0.000585021
0.000494924
0.000742645
0
0.000502788
0.00042172
0
0.000563035
0
0
0
0.000298064
0.000171163
0.000114024
0.000435246
0
2.4073e-05
0
0.000333289
0
3.44413e-06
0
9.76831e-05
0.000377263
0
0
0
0.000394953
0
0.000293679
0
9.65482e-05
8.98879e-06
0
0
0.000667385
0.000140069
7.23233e-05
0
0
0.00029805
0.000304088
0.000302566
0
0
0.000494319
0.000164741
0
1.83919e-05
0
0
2.48121e-05
0
0
0
0
0
0
5.06615e-05
0
7.35857e-07
1.75827e-05
0
0
1.04285e-05
0
0.000231903
0
0.000203552
0
0
0.000244866
0.000292245
0
0
0
0.000210337
0
0.000736489
0.000708614
0.000746298
0
0.000568527
0
0.000475856
0.000545824
0
0.000449189
0.000497923
0.000266602
0.000254759
6.78343e-05
0.000145833
0.000660988
0.00044898
0
0
0.000649405
0
0.000305959
0.000404665
0.000454768
0.000234935
0
0.000599893
0
0.000528513
0
0
0.000448919
0.000675187
0.000112749
0.000215911
0
0
0.000291243
0.000161766
0.00011102
0
0
3.31135e-05
6.23688e-05
0.000455559
0.000139798
0
0
3.37459e-05
0
0
0
0
3.74596e-05
0
0
0.000213545
0.000231767
0
6.76888e-05
0
0.000621538
0
3.55758e-05
0
0.000229881
0.000646525
0
0.000172196
0
0
0
0.00021677
0
0.000443705
0.000449728
0.000249129
0
0.000142645
0.000221941
0.000443536
0.000218235
0.000402269
0
0
0.000160156
1.23363e-05
5.34085e-05
0
0.000571642
0
0.000430611
0.000403642
0.000309086
0
0
6.18247e-05
0.000255063
0.000227744
0
6.34937e-06
4.21554e-06
0
0.000334142
2.93419e-05
0
4.45625e-05
9.32416e-05
0
0
0.000129378
0.000221562
0.000395742
0.000220412
0
0
0.000386597
0
0
0.000338162
0.000297851
1.86555e-05
0
0
0.000172509
0.000327574
0.000593022
0
0
0
0
0
0.000784498
0
0
0
0.000369108
0.000354846
0.00077771
0
0
0
0.00066672
0.000522629
0.00010081
0
0
0.00028731
0.000198254
5.35161e-05
0.000105987
3.46962e-05
3.50857e-07
0
7.28715e-06
0.000122304
0
8.72334e-05
4.9556e-05
0
2.98248e-05
0
4.67793e-05
0
0
0
0.000191684
0
0.000183535
9.23807e-05
0.000558423
0
0
0.000555699
0
0
0.000315976
0.000154741
0.000433669
0
0.00053437
0
0
0.000443142
0
0
0.00061836
0.000236118
0.000286889
0
0.000124738
0
0
7.29093e-05
0.000209161
0
0.000497295
0
0
0
0.000117025
0
0
0.000208638
0.000517666
0
0
0
0
0
0
0
0.000709449
0
0
0
0.000709232
0.000319588
0.000317907
0
0
0.000448241
0
0
0
0
0.000181951
0.000218833
0.000478264
0.000527891
0
0
0
0
0.000424562
0.000462484
0
0
0.000425571
0.000121638
0
0
0.000529809
0
0.000292662
0
0
0.00060562
0
0.000411403
0
0
0
0.000771035
0
0
0
0
0.000413623
0.000517248
0.000351629
0
0
7.65106e-05
0.000104907
0.000509209
0
0
0.000693062
0
0
0
0.000585052
0
0
0
0
0.00035305
0
0
0.000823423
0.000130209
0
0.000242821
0.000224534
0.000256847
0
5.66366e-05
0.000308105
0
0
0
0
0
0
0.000460662
6.07623e-06
0
0.000158449
0.000379567
7.20582e-05
5.85431e-05
0.000242765
0.000216045
0.000133826
6.23731e-05
0.000111322
0
1.5983e-05
0
1.72406e-05
7.22863e-05
0.000260364
0
0.000454191
0
6.76643e-05
0
0
9.1981e-05
1.88837e-05
0
0.000162911
7.0179e-05
0
0.000233178
0.000354007
0
0.00049331
0
0
0.000219491
0
0
0.000419458
0
0.000498277
0.000131771
0.00021497
0
0.000467122
0.000373932
0.000507572
0.000276969
0
0.000231363
0.000651601
0
0.000268705
0.000131178
0
0.000117954
0.000118135
0
0.000313072
0
0
0
0
0.000176054
0
0
0
0.000692288
0
1.1827e-05
0
0
0.000163459
0
0
2.64251e-05
0.000425283
0
0.000321107
0
0
7.60445e-05
0.000351174
0.000141144
0
0
0
0
0.000152701
0.000139876
0
8.80282e-05
0
0.000190265
0
0.000155231
5.15723e-05
0
0.000135098
0
0.000127448
0.000127739
0.00018277
0.00072327
3.20128e-05
0
0
0
2.64192e-05
0.000391298
0
0
1.62766e-06
0
0.000288288
0
0
0
0.000462042
0
0.000119022
0.00014914
0
0
0
0.000489173
0
0
0.000267832
1.90404e-05
0.000194241
0.000207106
0.000343134
5.26171e-05
0.000115404
0.000288178
0
0
0.000270938
0
0
0.000244492
0
0
0
0
0.00017022
0
0.000207325
0
0.000374824
0
0
0
0
0
0
0
0.000431134
0
0
8.42917e-05
0
0
0
0.000201769
0.000209035
0.000264915
0.000306779
0
0.000591881
0
0.00050325
0
0.000369454
0.000623775
0
0
7.66427e-05
0
9.35151e-05
3.61108e-05
0
0
0
0
0
6.56231e-05
5.30481e-05
3.79045e-05
0.000214752
0
0.000307564
0.000322685
0
0
0.000443539
0.000332073
0
0
0
0
0.000290305
0.000447984
0
0
0
0.000195852
0.000614327
0.000496121
0
0.000707128
0.000238808
0
0
6.39811e-05
0
2.63343e-05
0
0
0
0
0
0
0.000272559
0.000169673
0
0.00023426
0.000527725
0
0
0
0
0.000496008
0
0
0
0
0
0
0.000315324
7.99754e-05
0
0.00048793
0
0.0003837
0.000571141
0.000772146
0.000740698
0
0
0
0.000741667
0.000722403
0
0
0.000613275
0
0
0.000160499
0.000242497
0
0
0.000469622
3.92734e-05
0
5.02408e-05
0
0
0.000161941
0.000385599
7.86985e-05
3.21248e-05
0.000303583
0.00061722
0.000125524
4.36272e-05
0
0
0
0.000148512
0
0.00010187
0
0.000517205
0
0.00026475
0
0.000635006
0.000632907
8.91593e-05
0.000145867
0.000138527
4.76026e-05
0
0
4.31514e-05
0
0.000174815
0.000234449
0.000288566
3.18079e-05
0.000107242
0
0
0.000249229
0
0
0
0
0.000538032
0
0.000166276
0.00016332
0
0
0.000309412
0.000143023
0
5.36229e-05
0
0.000361597
0.000313072
0
0.00010697
0
0.000160368
0
0
0
5.93885e-05
0.000154735
6.93798e-05
0
0.000234482
4.53493e-05
0
0
0
9.592e-05
3.64847e-05
1.77197e-05
0
0
0.000635991
0.000351493
0
0.000455946
0
0
0.000492505
0
0
0.000614772
0
0
0.000329492
0.000619601
0
0
0.000134411
6.81938e-05
0
0
0.000338774
0
0.000304285
0
0
0
0
0
0.000679043
0
0
0.000371648
5.21756e-05
0.00013639
0.000172799
0
0
0.000234904
0
0
0.000458251
0
0
3.0935e-05
0.000322167
7.77861e-05
8.66312e-05
0
0
0.000261852
0
0.000528358
0
0.000366086
9.98987e-05
0
0.00055951
0.00032145
0
0
0
0.000258271
0
0
0
0.00021531
0
0.000681306
0.000367075
0.000282063
1.64377e-05
0.000254674
0.000497466
0
0
0.000205573
0.000180523
0
0.00051196
0.000420101
0.00034668
0
0
3.88927e-05
0
0
0
4.50332e-05
0.000125567
0
0
0.000168483
0
0.000103533
0
0.000239077
0
0.000152769
0.000371183
4.85353e-06
2.48275e-05
0
0
3.60772e-05
0.000165223
0.000403772
0
0
0.00032171
0.000149275
0.000208603
0.000149338
0
0
0
0
0.000251317
0.000387163
0.000550771
0
7.83659e-06
0
0
0
0
8.51198e-05
4.02662e-05
0
0.00026627
0
0
2.86461e-06
0
0.000395231
0.000420528
0
0
0
0
0
8.54787e-07
0
0
0.000341072
0
0.000307472
0
0.000136092
0.000171274
0
0
0.00050298
0
3.97487e-05
0
0.000268184
0
0.000264976
0
0
0
0
0
6.4912e-05
0
1.29512e-05
0
0.000209114
0
0.000365551
0.000473756
0
0.00017899
0
0.000443838
0
0
0
0
0.00018695
0
3.19798e-05
0
5.42698e-05
0
0
0
0.00069611
0
0.00058837
0.000453916
0.000364437
0
0.000481771
0.000130789
0
0
0
0
0
1.73555e-05
6.91044e-05
0
0.000364025
0
0.000112838
0
0.00029006
2.18354e-05
8.24633e-05
0.000196624
0
0
0
0.000291668
0.000124654
0.000267249
0.000238238
0
0
0
0
0
2.842e-06
0
0
0
0
0
0
6.76724e-06
5.92806e-06
5.817e-06
0
9.9446e-06
0
0
0.000351482
0
0
0
0
0.000685923
0.000378006
0.00056201
0.00013395
0
0.000123977
0.000150535
2.54182e-05
7.56926e-05
0
0
9.13202e-06
0
0.000105852
0
0
0
0
0.000345659
0.000195501
0
4.87171e-05
0.000141944
0.000186688
0.000180186
0
2.66346e-05
5.47735e-05
0
4.5495e-05
0
5.63189e-05
0
0
0.000119201
1.66822e-05
0
0
0
2.78935e-06
0
0.000229528
0
0.000515771
0
0
0
0
0
0
0.000461783
0.000172458
0
0
3.06823e-05
0.000143436
0.000123259
0.000320624
3.17936e-05
0.000278318
0
0
0.000174849
0
0.000274126
0
3.78514e-05
0
0.000126527
0.000379318
0
0
0.000474337
0
0.000732637
0.000469248
0
0
0.000314799
4.58631e-05
0
0.000208477
0
0.000218756
0.000100129
0
3.05129e-05
0
0
7.76915e-05
0
0.000153769
0.000327297
0.000236444
5.26247e-05
0
0
0.000567521
0
0
0
0
0.000442839
0.000339533
0.000448565
0.000449718
8.66555e-05
0.000585739
0.000146621
0
0
0
7.86354e-05
0.000272755
0
0
0.000162621
0
0
0.000301649
0
0
9.52286e-05
1.01471e-05
0
4.85462e-05
1.4629e-05
3.1907e-05
0
0
0.00028741
0
0.000224183
0
0.000215565
0.00030853
0
0.000240858
0
0.00041501
0
0
0
0.000583879
0
0
0.000432676
0
0.000463287
0
0.000535547
0.000503077
0.00032989
0
0.000282471
0.000195165
0
0.000556257
0.000441032
0.000146475
0
0
0.000640985
0
0
0
0
0
0.000577231
0
5.4694e-05
0
6.63053e-06
1.06492e-06
0
0
0
0
0
2.32661e-05
0.00021327
0.000297457
0.000541934
0.000582088
0.000540214
0.00065564
0.000560714
0.000755788
0
0.000609712
0
0.000110863
0.000351533
0
0
0.000143577
0.000432693
0
0.000367973
0
0
0.000125466
0
0.000319055
0
0
0.000259406
0
1.53671e-05
0
5.37998e-05
0
0
0
2.00778e-05
0
0
0
7.96606e-06
0
0.000354999
0
7.67785e-05
6.29783e-05
0
7.30172e-05
0
0
0.00023499
0
0
0.000304995
0.000219895
0.000256186
0
0.000590754
0.000314126
0
0.000105152
0
0
0
0
0.000304735
0
0
0.000120524
9.52632e-05
0
1.6278e-05
0.000236211
0.000149507
0
3.78054e-06
0
0.000429503
0.000364494
0
0
0.000282532
0
0
0.000139695
0.00015449
0
3.71251e-05
0
0
1.39065e-05
0.000282819
0
1.90067e-05
0
0
3.02595e-06
0
0
0
0.000243735
0
0
0
2.0661e-05
0
0
0
0
0
0.000230747
0.000520884
0.000466652
0
0.000578178
0
0
0.000529505
0.00031532
0
4.33474e-05
0
0
0
0.00023371
0
0.000376937
0
0
0
0
3.00932e-05
6.84163e-05
0.000139088
0
0.000164175
0.000201574
0
0
0.000292971
0
0.000344336
0
0.000498272
0
0.000406127
9.2618e-05
0.000627852
0
0
0.000528264
0.000452023
0.000163519
8.08891e-05
0.000480849
0
0.000770082
0.000249544
0.000366621
0.000493247
0
0.000220854
0
0
0.000391084
0
3.44762e-05
0
0
0
0
0
1.94004e-05
3.92437e-05
0
0
0
5.44383e-05
8.0872e-05
4.91415e-05
0
0
4.77775e-05
0
0
0
0.000290564
0
3.17769e-05
0
6.67923e-05
0
0.000503068
0
9.63287e-06
0
0
1.20366e-05
1.39838e-06
0.000227344
0
0
0.000235674
0
2.51842e-05
0
0.000113096
2.76313e-05
0
0.000277474
0.0002054
0
0
0
2.63011e-05
0.000173186
0
0
0
0
0.000237666
0.00076634
0.00019811
0.000520275
0
0
0
7.17172e-05
0.000112638
0
0
0
0
5.34827e-05
0
0
0
0
0.000162972
8.42333e-06
0
0
0.000137024
0.000392371
0.000186357
0
0
4.66375e-05
0
0.00011491
2.74467e-05
0
0.000208721
6.76219e-05
0
7.67634e-05
0.000160977
0
0
0
0
0
0
6.18034e-05
0
0
0
0.000227442
0.000320429
0.000498898
0
0.000435284
0.000563286
0.000330184
0.000103062
8.17833e-05
0
0
0.000106626
0
1.63911e-05
0.000179223
0
0
0.000115322
9.13426e-06
0.000141859
0
0
0
0.000134491
1.96855e-05
0.000438164
0
4.76264e-05
0
3.74204e-06
3.65335e-05
0.000116505
0
7.63448e-05
0
0
0
4.1655e-07
0
0
0
0
0.000362417
0.000189178
0
0
9.8179e-05
6.35982e-05
0
0.000207725
0.000597575
0
0
0.000527058
0.000651831
0.000326237
6.81038e-05
2.11082e-05
8.48999e-05
0
0.000261653
4.13989e-06
0
0
0
0.000185154
1.73011e-06
0
3.68503e-05
0
6.80459e-05
0.000128381
4.93252e-05
3.08771e-05
2.7753e-05
5.44024e-05
0
7.47452e-05
4.63413e-05
5.14388e-05
0.000257255
0
0.000624187
0.00078029
0.000759697
0
0
0.000606623
0
0.000281999
0
0
0.000607997
0
0
0.000537956
0.000164971
4.00633e-05
0.000631679
0
0
0
0
0
0
0
0.000515048
0
0
0.000524937
8.46349e-05
0.00034441
0.00042772
0.000157819
5.33061e-05
0
8.81724e-05
0.000273657
0
0.000423371
6.81771e-05
0
2.40499e-05
0
0
0.000483188
8.06793e-05
0.000241771
0.000529962
0.000579225
0.00025042
0
0
0.000589317
0
0.000203255
1.75659e-05
0
0
0
7.96018e-06
0
0
8.01668e-05
0
8.59931e-05
4.9106e-05
0.000170218
0
1.89199e-05
0.000165426
0
0.000225305
9.64305e-05
0
0
5.02579e-06
0
4.9062e-05
0
0
0
0
0
3.45562e-05
0.000109159
9.09083e-05
0.000257357
0.000453931
0
0
0
0
0.000255217
0.000417292
0.000590464
0
0
0.000570648
0
0
0
0
0
0
0.000588607
0
0.000188008
0.000296063
0
0
0
0
0.000357704
0.000363058
5.27433e-05
0.00037688
0.000123072
0.000290519
0.000585119
0
0
0.000344112
0.000161068
0
0.000569759
0
0
0.000247107
0.000261666
0
0
0
0.000276299
0
0
0
0
0.000177244
0
0.000597586
0.000577229
0.00013585
0
0
5.67272e-06
0.000381093
0
0.000371951
6.64885e-05
0
0
9.48354e-05
0.000220776
0
4.65311e-05
5.07301e-05
0
0
0
1.60197e-05
0
6.94944e-05
0.000222279
0.000154699
0.000206087
0.000524937
0.00033203
0
0
0.000240944
0
0
0
0
0
0
0.000388732
0
0
0
0
0.000150303
2.73274e-05
0.000369711
0.000675375
0
0
0
0
0
0
0.00045136
0.000571038
0.000837478
0
0.000685535
0
0.00068887
0.000576319
0
0.000640521
0.000705032
0
0.00063445
3.77586e-05
0
0
0.000165265
0
4.18602e-05
0.000364839
0.00012829
0
0.000215984
0
0
0
7.12306e-05
0.000100942
0
0.000616742
0.000677522
0
0
0.000373787
0
0.000229271
0
9.86593e-06
0
0
2.93837e-06
0
6.88334e-05
0
0
0
0.000171484
0
0
3.64893e-05
0
0
0
0
8.23129e-06
0
0
1.80654e-05
0
0
2.45675e-05
0
9.13116e-05
0.000188526
0.00015101
0.000256725
0.000323296
0
0
2.27453e-05
2.7637e-07
9.16842e-05
8.40353e-05
0
0
0
4.11508e-05
4.5252e-05
7.74477e-06
0.000408179
0
0
0
0
0.000226279
0
0.000257225
0.000321391
0
0.000673025
0.000734327
0
0.000133045
0
9.15279e-05
0
0.000370818
0.000527235
0.000560442
0.00028248
4.40164e-05
1.21652e-05
0.000215825
0.000162289
0.00015899
0
0
0
0
0.000144135
0.000284973
0
0.000630544
0.000551243
0
0.000171579
0
0
0
0.000174239
0.000131404
5.60525e-07
9.68566e-05
0
0.000369884
0
0
0
0
0
0.000290371
0
0
0
0.000261728
0
0
0
0.000576403
0
0.000251109
0
0.000145828
0
0
0
0
0.000419873
0
0
0
0.000146804
0
0.00018879
0
0.000249685
0
0.000526949
0.000357893
0.000256077
0
0
0.000113637
0
0
0
8.3492e-05
0.00045948
0.000512648
0.000372995
0
2.92798e-05
0
0
0
0
0.000125935
0
0
0.0002544
0.000511921
0
0.000549199
0
0
0.000534294
0
0.00026007
0
0.000145367
0.000149439
0
0.000219878
0.000331042
0
0
0.000465485
0.000205552
0.00035874
0
0.000261929
3.15755e-05
0
1.26412e-05
0
0
0.000166391
1.02644e-05
0
5.72586e-05
0
0
0
2.61263e-06
1.28424e-05
0.000135388
0
0.000106224
0
6.69875e-05
0
0
0
0.000152881
0
0
5.5912e-05
0
1.31698e-05
1.85343e-05
0
6.52593e-05
0
0
0
0
1.91149e-05
6.73805e-05
0.000347154
0.000148415
0
0.000190868
0.000534025
0
0
0
0.000207165
0
0.000646133
0
0.000461702
0.000415191
0
0
0.000589727
0
0
0
0.000171513
0
8.74365e-05
0
0.000104268
0.0004034
0.000114696
8.06149e-05
0.000583231
0.000487008
0.000466537
0.00038728
0.000190511
0
0.000119918
0.000409792
0
0.000188569
0
0.000540309
0.000461203
0
0.000240303
0
0
0
0
0.000101065
0
0
0.00049266
0
0.00015954
5.80407e-05
0
0
0.000341284
0
0
0
0
0.000143183
0.00015469
0
0
0
6.22172e-06
0
0
0.000219642
0
0.000158907
0.000317653
8.85423e-05
0
0
0.000725329
0.000655959
0
0
0
3.23851e-05
0
0
0.000120079
0
0
2.27811e-05
0
0.000170254
0
0.000669056
0
0
0.00029821
0
9.96388e-05
0
0
0
0.000306522
0
0.000251245
0
0
9.28666e-05
0
0
2.29149e-05
1.1569e-05
7.00272e-06
0
0
1.84804e-05
0.000241489
0
0
0
0
0
9.37409e-05
0
0
0
0.000111805
4.47313e-05
0.000252109
0
0
0
5.12531e-05
0.000136379
0.000251332
0
0
0.000549456
0
9.24929e-06
0.000112298
0
0
0
0.000195415
0
0
8.79876e-05
7.24291e-06
1.24406e-05
0.000309853
8.63555e-05
2.85567e-05
0.00024763
0
7.87874e-05
0.000560007
0.000290749
0
0.000157344
0.000345616
1.80792e-05
0
0
0.000789012
0.000237188
6.71782e-05
0
0
0
0
0.000231397
0
0.000153935
0.000110015
0
0.000722493
2.61384e-05
6.24154e-05
0.000164724
0
0
0
0
0
0.000573198
0.000349161
0
0
0
0
0
0
0.000504598
0.000118906
0
0
0
0.000129737
0.000362396
2.73018e-05
0
0
0
0
0
0
3.69436e-05
0
0
0.000118829
0.000200547
0
0
0
0
0
0
0.000260078
0
0
0.00016246
0
0
0.000352368
0.000209121
0.000648851
0
0
0
0.000575359
0
0
0.000113805
0
0.000200226
0.000543529
0.000581418
0.000696148
0
0.000407333
0.000651339
0.000364216
0
0.000166091
0
0
0
3.58289e-07
0.000247593
0.000101538
0.000238561
0.000228851
0
0.00030467
0
0
0
0
0
0.000189991
9.50817e-05
0.000150796
6.24191e-05
0
0
0
5.05475e-05
0
3.28577e-05
0
0
0.000142809
3.25912e-05
0
0.00048114
0.000363374
0
0
0.000283366
0
0
0
0.000229199
0
0
7.14701e-06
0
0
0
0.000210662
0.000335818
0.000580239
0
0
0.00049502
0
2.86877e-05
0
0
0
0
0
0
0
0.000163801
2.87064e-05
9.51376e-05
0
0
0.000126473
0
2.67108e-05
0.00011634
0
4.24556e-05
0
1.98446e-06
0.000136859
0
0
0
0
0.000282006
0.000174042
0.00018881
0
0.000190618
0.000151116
0
0
0
0.0002284
0
0.000558163
0
0.000288417
0
0
0.000279724
0.000190587
0
0
0.000546951
0
0
0.000624648
0
0
0
0.00014239
0
5.66995e-05
0
0.000160778
0
0.000212261
0
0
0
8.01636e-05
0.00010208
0
0
1.85261e-05
0.000280078
0.000267907
0.000177407
0
0
0
0
0.000368602
0.000112099
0
0.000132741
0.000486807
0.00056978
0
0.000418649
0.000526775
0
0
0
0.000546215
0.000454022
0.000509897
0
0
0
0
0.000358438
0
0
8.43962e-05
3.92605e-05
0
0.000365551
0.000581013
0
0.000390576
2.80382e-05
0.000121209
0
0
0
8.34295e-05
0
4.88156e-05
0
1.78059e-05
0.00013409
0
0
0
0
0.000114477
0
6.5519e-05
0.000344552
0
6.9348e-05
0
3.39958e-05
0
0
0
0
4.3347e-05
0
1.976e-05
0
6.34546e-05
3.29974e-05
0
6.9702e-06
0
0
5.18879e-05
0
9.23879e-07
0.000183995
0
0
0.000371672
0
0
0.000346339
0
0.000458901
0.000453791
0
0
0.000678325
0
0.000131503
0.000407775
0
0
0.000263173
0
0.000187923
0
0.000275479
3.06934e-05
0
6.09494e-05
0
0
0.000168198
0
0
0
0
0.000126137
0
0.000330489
0.000232999
0
0
3.95136e-05
0
0
0
0.000155326
0
0.000134212
0
0
0
0
0
0.000114762
0
0.000100123
0
0
3.2154e-05
0
0.00026636
0
0.000576365
0.00033536
0.000227546
0.000446478
0
0.000160102
0
0
0
0.000308179
0
3.13638e-05
0
0.000219268
0
0
4.36545e-05
0
0
0
1.0304e-05
0
5.38476e-05
0.000119549
0
0
0
0
0
0.000370474
0.000359282
5.22476e-05
5.29806e-05
0
0.00022708
0
0.000496631
0.000289608
0.000221377
0
0.000107712
0
0.00064476
0
0.000539869
0
0.000367746
0.000515781
0
0
0
0.000630203
0.000233922
5.10931e-05
0.000254507
0
0
0
0
0
0
4.45652e-05
0.000303817
0.000448307
0
0
0.000268706
0.000308936
0
0
0.000356701
5.13092e-05
0
0
0
0.000174345
0
0
0
7.02718e-05
0
0
5.83762e-05
2.31338e-05
0
0
4.63686e-05
0.000514614
0
0.000525533
0.000352549
0
0.000608904
0.000665432
0
0.000355856
7.8278e-05
0
0
0.000172303
0.0002429
0
0
0
0.000491059
0.000337967
0
0.00058169
0.000597939
0
0
0.000127319
0
0.000308991
0
0
0
0.000188743
0
0
0
0.000641443
0
0.000538337
0
0.000251132
0.00029788
0.000562602
0.000418029
0.000382156
0.000481731
0
0
0
0.000303039
0.000371865
0.000167305
0.000110875
0.000158477
0.000339752
0
0
0
0.000825628
0
0
0
0
0.000144399
0
0
0
0
0
0
0
0.000105622
5.78898e-05
0
0.000615354
0.000274237
0
0
0
0.00018244
0
0.000155069
0.000348838
0
0.000238291
0
0.00021518
0.000505701
0.000208179
0
0
0
0
0
0
4.39617e-05
0
0.000103986
7.6264e-05
0
2.71691e-05
6.48051e-05
0
0
0
0.000109495
0
0
0.000419541
0.000695242
0.000467467
0
3.72195e-05
0.000101327
0
0.000190936
0
0
0
0
0
0.00039839
0.000670217
0.000551334
0
0
0
0.000293767
0.000352016
0
0.000235572
0
0
0.000271747
0
0
0.00020119
0
0.000159558
5.18647e-07
7.98622e-05
0
0
3.72644e-06
0
0.000242574
1.45011e-05
4.98676e-05
0
0
0.000653985
0.000190428
0
0.000297645
3.07638e-05
0.000515994
0
0
0.000274786
0.000131931
0
0
8.26256e-05
0
0.000134605
0
0
5.87845e-05
0
3.13168e-05
0
0
0.000256485
0.000138052
0.000621918
0
0.000159134
0.000128188
0.000279373
0.000218692
0.000529633
0
0.000612089
0.000243875
0.000300781
0
3.81839e-05
0
9.62565e-05
0
0.000240083
0
0
0
0
6.3485e-05
0
2.1358e-05
0.000120371
0
0
0.000285858
0.00029864
3.69237e-06
0.00026422
0
0
0
5.79648e-05
0.000306905
0
0.00012337
0.000107721
0.000164095
0
6.13884e-05
2.58996e-05
0.000107718
0
0
0
0
0.00014943
0
0
0
0
0
0
0
0
0.000396873
0.000458994
0
3.33261e-06
0
0
0
8.82768e-06
0
0
0
0
0.000396511
0.000307162
0.000524512
0.000274215
0.000166798
0
0
0.000102543
0
0
0
0.000486351
0
0.000635398
0.00057095
0.000201066
0
0.000220984
0.000204949
0
5.09515e-05
0
3.0063e-05
0
9.73067e-05
0
0.000240891
0
0
0
0.000151288
0
0.000397749
0.000617149
0
0.00039603
0
1.85335e-05
0.000151238
0.000425891
0.000148853
0
0
0
0
0
0.000334439
0.00054574
8.28153e-05
0
0
0
0.000264529
1.16019e-05
0.000332566
0.000487375
0.000136167
0
7.48996e-05
0.000177368
0
0
0
0.000498003
0.00065787
0.000326806
0
0.000249061
0
0
0.000433315
0
0.000201129
0.000493786
5.87741e-05
0
0
7.23211e-05
0
0
0.000230624
0
0
0.000414934
0.000434677
0
7.64801e-05
0
6.74094e-05
0.000578301
0.00054491
0.00044628
0
0.00014595
0
0
0.000390144
0
0.000381662
0.00041916
0.000328634
0.000596489
0.000357701
0
0
0
0
0.000142456
0
0
0
0
2.84956e-05
0.000187834
0.000312485
0
0.000376862
0
0
2.83205e-07
0
0.000423958
0.000541195
0
0
0
0
0
0
0
0.000645008
0.000337421
0.00027127
3.76269e-05
0
0
0.000206699
0
0
0
0
2.13596e-05
0
0
0.000443828
2.36108e-05
5.63955e-05
0.000231609
0
0
0
0.000190539
0
0
0.000158288
0
0.000410732
0
0.00046901
0.000134842
0.000115195
0
0
0.000314152
0
0
0.00043694
0.00010317
2.85147e-05
0
1.8765e-05
0
0.000242909
0.000176704
0
0.000207535
2.96894e-05
2.07361e-05
0.00046161
0
0.000331559
0
7.2536e-07
0
0.000215374
0.000381943
0.000616576
0
0.000233883
0.000194146
0
0.000799972
0.000529416
0
0.000580587
0
0.000641023
0.00030886
9.5463e-05
0.000580961
0
0.000331383
0.000223719
0.000681113
0
0
0
0.000366707
0
0.00011692
0
0.000315409
0.000499033
0.000431407
0
0
0
0
0
0.000435217
0.000460565
0
0
0
0
0.000355258
0.000663057
0
0.00045876
0.000160924
0
0.000485075
0.000185044
0
0
0
0
0
0
4.68495e-07
0
0
8.85391e-06
0
0
0
1.04186e-05
0.00031287
2.15703e-05
0
0
0
1.8175e-05
5.96231e-05
0
0
0
9.90752e-06
0
0
0.000288262
0
0.000407398
0
7.92256e-05
0.000532216
0.000147541
0.000365241
0
7.77446e-05
2.02072e-05
0
1.43205e-05
0
0.000169981
0
0
0.00031513
0
0.000618571
0.000455352
0
0
0
0
0
0
0.000806195
0.000681892
0
0
0.000494612
0
0.000565457
0.000487789
0
0.000560999
0.000453575
0
0
0
0
0.000383518
0.000109782
0
0
0.000261976
0
0
7.09704e-06
0
1.3672e-05
0.000269726
0
0
0
1.95592e-05
0.000112836
0.000102027
0.000521125
0
0
0
0.000152269
0.000130684
0.000189134
0.000379291
0.000494019
0.000420371
0
0
0
0.000213334
0.000247238
7.16986e-05
0.000365488
0.000230118
0
0.000152168
0
0
0
0
1.80778e-05
0.000345927
7.18179e-05
0.000162198
0
0.00049709
0
0.000283227
0
0
0
2.76032e-05
0.000141902
0
0
0
0
0.000297212
0
0.000399275
0.000144554
0.00023863
0
0.000401358
0.000528472
0.000504267
0
0.000579248
0.000269712
0
0
0
0.000285856
0.000187523
0
0
0.000436899
0.00056961
0
0.000479214
0
0
0
0
0
0.000617756
0
0.000694471
0
0.000576183
0.000646214
6.56788e-05
0
1.63004e-06
0
2.76377e-05
0.000103133
0.000420428
0.000532615
0
0
0.000227349
0
0
0
0
0
0.000495586
0.000225161
0
0.000178031
0
0.000667644
0
0
0.000280651
0
0
7.69654e-06
0
0.000121854
0
0
0
0
0.000188876
0
0.000640245
0
0.000467187
0
0
0.000485635
0.000216294
4.03561e-05
9.99446e-05
8.68864e-05
0.000725231
0
0
0
0.000567641
0
0
0
0
0
0
0
0
0.000441467
0
0.000381155
0
0
0
0.000791598
0.000440867
0
0.00032254
0
4.36467e-05
0
0
0
0.000105721
0
0.00053857
0.00040551
0.000776585
0.000349504
0
0
0.000743504
0
0
0
0
0.000406802
0
0
0
5.81893e-05
5.4918e-05
0
2.86246e-05
4.19137e-05
0
0.000211224
0
0
0.000149619
3.27328e-06
1.24755e-05
0.000235407
0.000356949
0.000523814
0
0.000304022
0
0.000268465
0
0
0.000159957
0.00030173
0.000235721
0
0
0.00025313
0.000477404
0.000736924
0
0
0
0
0.000503914
0.000265252
0
0
0
0
0.000485285
0.000455227
0
0
0
0.000611806
0
0
0.000459309
0.00031396
0
0.00023313
8.35611e-05
8.88187e-05
3.04816e-05
0
0
1.71036e-05
0
1.40109e-05
1.42947e-05
0
0
0.000382028
0
0.000408827
0.000507332
0
0
4.15333e-05
0
7.93873e-06
0.000112274
4.0209e-05
5.01622e-05
0
0.000203566
0
5.16436e-05
0
0
0
0.000139866
0
0.000393143
0
0.000413174
0.000529947
0.000368136
0
0
0
0
6.9111e-05
0.000436607
0.000356265
0
0
0.000100436
0
0.000244516
0
0
0.000350525
0.000245513
0
0.000343149
0.000128497
0
0.000787296
0.000406997
0.000259384
0.000268885
0.000149876
0
5.81207e-05
0
0.000498706
0
0
0.000159369
0
0.000518535
0.000589202
0
0
0.000439767
0.00034507
0.000554066
0
0
0
0
0.000492493
0.000452938
0
7.59574e-05
0
0.000107634
0
0
0
0
0.000247417
0
0.000338276
0
0
4.85459e-05
0
0.00033318
0.000506946
0.000565737
0.000422178
0.000414334
0
0.000182336
0.000200906
1.35069e-05
0
0
2.87466e-05
0
8.11846e-06
0.000253228
0.000264267
0.000304653
0.00047134
0.00043677
0
0
0.000378337
0.000419206
0
0.000372807
0.000573443
0
0
0
0
0
0.000357541
0
0.000463672
0
0
7.00722e-05
0
0
0
0
0.000179206
4.44512e-05
0.000161335
0
0
0
0
0
0
0.000397092
3.28303e-05
0
0.000228884
0.000134095
8.26333e-05
0.000221106
0
0.000241773
6.62703e-05
0.000334441
2.99218e-05
0
5.07998e-06
2.1372e-05
0
0
0.000140827
0
2.22942e-06
0
1.05839e-07
1.18418e-05
0
0
0
0
5.04839e-05
4.62834e-05
0
0.000183855
0.000505147
0.00023173
0
0
0
0.000480723
0.000559744
0
0.000502504
0.000238029
0
0
0
0
0
0.00027075
0
0.000416397
0.000216019
0
0
0.000402292
0.0004166
0.000147518
0
0.000196236
0.000122834
0.000190802
0
0
0.000281326
0.000446952
0.000499912
0
0
0
0.00030192
0.000626643
0
0
8.30418e-05
0.000102892
0
0
0
0
0
0
0.000284111
0.000288883
0.000453047
0
9.1691e-05
0
0.000129817
0.000126067
0.000246356
5.08497e-05
5.26351e-05
0
0.000142865
1.97998e-05
0
0.000589303
0
0
0.000237305
0
0.000617975
0.000582082
0
0
0
0.000719884
0
0
0.00020994
0
0
0.00014889
7.12345e-05
0.000241062
4.95803e-05
0.000437155
0
0
0
0
5.35366e-05
0
0
0
0
0
0.000121558
0.000239295
0.000524533
0
0.000645474
0
0
0.000412503
0.00022187
0.000392002
0
0
0.00023859
0
0.000438295
0
0
0
6.745e-05
0.00010908
0
0
0
0.000549424
0.00049618
0
0.000168995
0.000431502
0
0
0
0.000447165
0
0.000189918
0.000281818
0
0
0.000197507
0.000236551
0.00011583
0.000353146
0.000400217
0
0.000136201
0
0.000231612
0
0
0
0.000654508
0.000460505
0
0.000398775
0
0.000232688
0
0.000268888
0
1.61465e-05
9.22684e-05
0
0
0.000139118
0.000244913
0
0
0
0
0.000395454
0.000552441
0
0
0.000458705
0
0
0
0.000115115
0.00015527
0
0
0
0.000557876
0.000118486
0
0
0.000151471
0.000216941
0
0
0.000397556
0
0.000282888
0
0.000362093
0
0.000493874
0
0.000320857
0
1.81605e-05
0.000124906
6.46506e-06
0.000324592
0
0
0.000297347
0.000435012
0.000399911
0
0.000424407
0.000271129
0
0
0
0.000465825
0
0
0.000458901
0
0
0.000244248
0
8.114e-05
0.00032478
0.000463082
0
0
0.000614101
0.000164382
0.000511258
0.000442032
0
0
0
0.000169684
0.000165268
0
0
0
0
0.000303004
0
0.000527997
0
9.83785e-05
0
0.000141134
8.11015e-05
2.86151e-06
0
7.0985e-05
0
0.00044802
0
0.000557492
9.42636e-05
0.000194917
0.000104615
0
0.000235527
0
0.000599891
0
0
0
4.81489e-05
0
0
7.08359e-05
4.05795e-06
1.90895e-05
0.000258244
1.6018e-05
2.2192e-05
0.000292095
0.000567766
0
0.000482217
0.0007141
0.000366419
0
0.000174061
0.000293274
0.000158721
0
0.000445066
0
0
0
0.000320403
0.000103141
0.000367521
0.000396025
0
0
0
0
0
0
0
0.000146034
0.000187002
0.000230316
0
0
0
0.000121389
0.000188854
0.000229293
0.000494522
0
0.00020834
0.000115388
0
0.000435373
0.000508195
0
0
0
0.000387801
0.000487646
0.000220184
0.000262383
0
7.32752e-05
0
0.000387396
0.00039692
0.000626775
0.000197238
0
0
0.000324415
0
0.000250889
0.000118262
0.000165024
0
0.000543164
3.89063e-05
0
0.000213251
0.000143289
0
0
0
0.000657795
0
0
0.000360852
0
0.000719121
0.000707165
0.000280644
0
0.000122728
0
0
2.14201e-06
3.21307e-07
0.000212012
0
0.000409206
5.03088e-05
5.79373e-05
0
0
7.46055e-05
0
2.73608e-06
0
6.67464e-07
0.000468148
0.000343443
0.000692688
0
0.000176848
0
0.00061039
9.96196e-05
0.000504349
0
0
2.00052e-05
0.000200365
0
0
0
0.000144343
0
0
0
3.62488e-05
0
0
0
3.9275e-05
9.94243e-05
2.12161e-05
0.000261828
0.000633534
1.5156e-05
0
0
0
8.88387e-05
8.60145e-05
0
7.55789e-05
6.50394e-05
0.000384094
0
0.000385694
0.000555057
0.000614144
0.000353725
0.000431492
0
0
0
0.000633125
0
0
0
0.00050038
0
0.000139964
0
0.000575473
0.000479246
0
0.000228028
0
1.06508e-05
3.49347e-06
0
0
9.32838e-06
1.29805e-06
0
2.56871e-06
0
0.000194781
0.000639687
0.000248822
0
0.00018589
0.000327882
0.000170127
4.52481e-05
0.000260931
0.000364375
0
0
0
0
0
0.000346688
0.000215168
0.000235092
0
0
0
0.000115727
2.06e-05
0.000165748
2.59721e-05
6.80425e-05
0
0
2.94426e-05
0
0
0
0.000311584
0
0.00036221
0
0
0
0
0.000432782
0.000303981
0
0.000274954
0
0.000442415
0
0.000758259
0
0
0
0.000214261
0.000170524
0
0
0.00021789
0.000410319
0
0
0
0
0
0.000187647
0.000184134
0
0.000501389
0.000665668
0
0
0
0
0.000559847
0
0.000320524
0
0
0.000139487
0.000389168
0.00028249
0
0.000157995
0.000291392
0
7.20748e-05
0
0
0.000185291
0.000622296
0.000538853
0
0.000379327
0.000140634
0
0
0
0
0
0
0
5.48224e-06
0
0.000183193
8.15877e-05
4.39181e-05
1.07078e-05
2.73873e-05
0
3.08586e-05
1.35763e-05
0
0
0
0.000290435
0.000686272
0
0.000409517
0
0.000345223
0.000163902
0
0
0
0.000171694
0
0.000271113
0
0
0.000199259
0
0
0
0
6.06043e-06
0
0
0.000168494
0.000284037
0
2.26056e-05
0
0
0.000271583
8.63143e-05
0.000159468
0
0
1.07507e-05
0
0.000310322
0
0
0
5.98311e-06
9.6886e-05
0
0.000410567
0.000107479
0.000211731
0
0
0.000309645
0
0.000353082
0.00033942
0
0
0.000275434
0
0
0
0
0
0.000329065
0.00017291
8.51022e-05
0.000331959
0
0.000256358
0
0
0.000105807
0.000175548
8.5172e-05
0.000588655
7.61985e-05
3.06511e-05
0
0.000515766
0.000326076
0
0.000399121
1.63514e-05
0
0
0.000569176
0.00034158
0
1.07234e-05
0
0.0001596
7.29489e-06
0.000158134
3.99689e-07
0
6.6229e-05
0
0
0.000131884
0.000109834
0
0
0.000283966
0.000202135
0.000147844
0.000421845
0
0.000273433
0
0.000430874
0
0
0
0
0
0
0
0.000309364
0
0.000385318
0
0.000175835
0.000563877
0
0.000664319
0
0.00028323
0
0.000244551
0
0.00062317
0.000595185
0
0.00052752
0.000140775
4.83776e-05
0
0
0
7.92552e-05
0
0.000446113
0
0
0
0
0
0.000654462
0.000113747
3.17528e-05
0
0
0
0
0
0.000145084
0
0.000116693
0
0
7.31808e-05
0
0
0.000324393
0
0
0
0
0.00036516
0
0.000386039
0
0
0.000261336
0
0.000264428
0.000186449
0.000302351
0
0
0
0
0
0.000111671
0.000294871
0.000259355
0.000288165
0
0
0.000283579
0
0.000174097
0
0
1.36755e-05
0
0
0.000109181
0
0
0
0
0
0
5.59189e-05
1.89787e-05
0
6.82613e-05
0.000401615
0
0
7.89738e-05
0.000324314
0
0
0
0.000492675
0.000384355
0.000441535
0
0.000319759
0
0
0.00035445
0.000192734
0
0.000194165
0.000237454
0
0.000145917
0.000265833
0
0.000779171
0.000673264
0
0
0.000706812
0
0
0
0
0.000282278
0.000149503
0.000227653
0.000232157
0
0
0.000224637
0.000303363
0
0
0.000123439
0
0
0
0
0.000525056
0.000447461
0
0.000431301
0
0.000226448
0
0
0
7.96524e-06
0
9.44977e-06
0
0
0.000254782
0
0
0
0
0.000115195
0
0.000211748
0.000366551
0
0
0.000313358
0.000344664
0.000122174
0
0
0.000324213
0
0
0
0
0.000256836
2.02467e-05
0
0
0
0
0.000460123
0.000294577
0
0.000591968
0
0
0.000418383
0.000364666
0
0
0.000278012
0.000287194
0
0.000365641
7.04225e-05
0
0.000224633
0
0.000485354
0
0
0
0.00063988
0
4.52955e-05
0
0
0
0.000376064
0
0
0
0.000489615
0
0
0.000845201
0.000668212
0.00059165
0
0
0
0
0.000273212
0.000220974
0
0
0.000237891
0.000629136
0
0.000182488
0.000185679
0
0
0.000145699
0.000298572
0.000480904
0
0
0
0.000148688
0.00024666
0
0
0.00048722
0
0.000232214
0
0
0.000556038
0
0
0
0.000585408
0
0.000692862
0.000474093
0.000250855
0.000168675
4.93563e-05
0
5.84534e-05
0
0
0.000296946
0
0
0
0
0.000539687
0.000606224
0
0
0.000509473
0.000126301
0.000169029
0
0
0
0
0
0
0.000130241
0
0.000119485
6.09747e-05
0.000321744
0
0
0.00045719
0
9.00151e-06
0
3.70959e-06
3.73639e-05
0.000133018
0.000223003
0
0
9.35825e-06
0
0.000117472
0
0
1.72944e-05
0.000539723
0
0.000184665
0
0.000355069
0
0
0
0
0.000411516
0.000510808
0
0
1.25125e-05
1.40166e-05
0
5.50848e-05
0
0
0
0.000218036
0
0
0.000342666
8.86576e-05
0
7.35397e-05
0.000358608
5.71619e-06
2.08244e-05
0.000245596
4.90059e-05
0.000206592
0.000216815
0
0.000128162
0.000217591
4.84139e-05
0
0.000265693
0.000423636
0.000362062
0
0
0
0
0
0
0.00043693
0.000826396
1.27271e-05
0
4.30641e-05
0
0
0.000228033
0.000194607
0.000592118
0.000560991
0
0.000246818
0
0
0.00033793
0
0.000126705
0.000502159
0
0.000323962
0.000525981
0.000631331
0.000559035
0
0
0
1.01086e-05
0
7.93533e-06
0
0
0.000167
0.000223904
0
0
0.000363449
0.000379565
0.000307088
0
9.41925e-05
0
0
0.000223523
0.000130466
0
0.000282294
0.000291544
0.000354404
0
0.000286799
0
0
0
0.000601302
0.000319406
0
0.000163744
7.28607e-05
0.000241152
2.4996e-05
0
0.000100057
0.000196217
0.000148914
0.000167501
0
0
8.16829e-05
0
0.000421147
0
0
0.000523867
0
0
0.000212143
0
0
4.18837e-05
0.000165681
0.000234948
0
0
0
0.000253103
0
0
0
0.00043287
0
0
0
0
3.46319e-05
1.52622e-05
0
0.000172726
0
0
0
0
4.35875e-05
0
0
0
1.44571e-05
0.00022681
0
0
8.80512e-05
0.000153714
0.000587226
0.000664843
0
0
0
0.000113153
0
4.24047e-05
0
0.000162303
0
0.00012366
3.36811e-05
0.000291362
0
7.16759e-05
0
0
8.47938e-05
1.94269e-05
0
0
0
9.93038e-05
0.000288173
0
0
0.000462277
0
0.000292589
0
0
0.000296599
0.000241759
0
0.00016691
0
0
0.000109006
0
0.000304088
0
0.000471311
0.000155779
0.000183476
0.000170524
0
0.000270029
0.000508196
3.55233e-05
0
0
0
0
0
0.000299616
0.000149292
0
0
0.000294033
0
0.000487348
0
0.000559912
0.000546825
0
9.41345e-05
0
0
0.000169153
0
0
0.000125165
0
1.18292e-05
0
0
0
3.11348e-05
9.67888e-05
0
5.71863e-05
0.000246751
0.000449324
1.80457e-05
0
0
0
0
0
0
0.000148082
0.000169337
0.000247644
0
0.000257863
0
0
0
0
0.000209718
0.000557999
0
0.00056655
0.000568245
0.000487098
0
0.000169876
6.72617e-05
0
0.000331017
0.000379075
8.02889e-05
0
2.37261e-05
4.60069e-05
0
0
0
0
0.000242585
0.000118125
0.000811527
9.32367e-05
0
5.44563e-06
6.27703e-06
0.000126146
0
0
0.000279568
0
0
0.000651065
0.000571624
0.000698305
0
0.000443342
0.000309364
0.000178194
0.000289879
0
0
7.18719e-05
0.000539679
0
0
0.000476786
0
0
0
0
0.000168383
0.000348658
0.000603232
0.000547095
0.00060244
0.000619256
0.000475648
0.000193909
0
0
3.81211e-05
2.00093e-05
2.94811e-05
0.000277408
0
0
0
0.000316215
0
0.000506766
0.000708978
0
0
0.000679295
2.32099e-05
0
0
0
7.49906e-06
6.13008e-06
0
0
0
3.69955e-05
0.000482196
0.000250938
0
0
0
0
0.000420104
0.000289996
0.000233907
0
0
0.000118313
0
0
0
0
0
0
0
0
0.000206692
0
0.000102722
8.88129e-05
0.000238867
0
0.000715422
0.000528338
0
0.000360222
0.000437964
8.91705e-05
0
0
0.000171494
0.000558099
0.000412413
0.000344892
0
0
0.000720699
0.000283044
0.000238127
0.000589473
0
0.000659387
0.000381806
0.000158359
0
0
0.000163703
0
0.000755599
0
0.000752838
0.000639656
9.92075e-05
0
0
0
0
0
0.000168009
0
0.000377022
0
0.00038054
0
0.000510585
0.000465528
0
0.000278812
0
0
0
0.000216064
0
0
0
4.88058e-05
0
0
0.000319797
0
0
4.68358e-05
0
0
0
0.000148997
8.30924e-05
0
0
0
2.10715e-05
0.000540787
0.000267735
0
0.000175357
0
0
5.1542e-05
0
0
1.72205e-05
0
0.000227664
3.78655e-05
0.00014718
0.00013431
0
0.000490812
0.000219723
0.000525983
0
0
0
0
0
0
0
0.000624828
0
0.000360419
2.71998e-05
0.000330492
0
0.000501199
0.000584464
0
0.000496278
0
0.000377525
0
0.000365034
0
0
0
0.000634235
0.000606119
0.000680944
0
0.000502548
0.000431826
0.000268688
7.563e-05
0
0
0
6.19894e-05
0
0
0.000107603
6.43984e-05
0
0
8.66161e-05
6.23458e-05
5.48665e-05
0.00026488
9.56194e-05
0
0
0
4.90867e-05
9.84994e-05
0
0.000169892
0.000185028
0
2.37364e-05
0
0
3.26316e-05
1.81674e-05
0
7.43798e-06
0.000162095
0
0
0
0
0
0
0.000146419
0
0.000117106
0
0
0.000163582
0.000514968
0
0
0
0.000299168
0.000274517
0
0
0.0001985
5.79022e-05
0
0.000380473
0
0
0
0
0.00059269
0
0
0.000562164
0.000700218
0
0.000525134
0
0.00025226
0.000317917
0.000338286
0.000384474
0
0.000616489
0
0
0
0.000622659
0.000517188
0
0
0
0.00056563
0
0
0.000487662
0
0
0
0
0
0.00064563
0.000629916
7.83145e-06
7.39218e-05
4.42652e-05
7.83478e-05
0
9.66623e-05
0
0
0.000277859
0.000517324
0.000688676
0.000393771
0
0
0.000162831
0.000281056
0.000116901
0.000112488
0.000194631
1.69459e-05
2.89612e-05
0.000144107
0
0
0.000270181
0.0003834
0
0
0
0.000134827
0
0
0.000125296
0
0.000376887
0.000419951
0.000368475
0
9.68162e-05
0
1.13556e-05
2.76703e-05
0.00014562
0
0.000143153
0.000213668
0.000349384
0
7.88777e-05
6.72806e-05
0.000198829
1.47715e-05
0
0
0.000207243
0
0.000427272
0
0.000531894
0.000105808
1.22933e-05
0
0.000166187
0
0.000448452
0.000444978
0
0
0.00027677
1.55614e-05
0.00022594
0
0.000614236
0
0.000683208
0
0.000596573
0.000471428
0.000432566
0
0.000595425
0.000432123
1.83383e-05
0.000123916
0.000528331
0
0.000292641
0.000402013
0.000605068
0
0
0.000161636
0.000673441
0
0
0
0.000474514
3.93392e-05
0.000514891
0
0
7.48065e-05
0.000542418
0.000102273
0
0.000475411
0.000450411
0
0
5.37778e-05
0
1.76537e-06
1.21416e-05
9.10061e-08
0.000108469
0
5.8874e-05
0
8.50382e-05
0
0
0
0
3.99824e-05
0
0
0
0.000294071
0
0.000421037
0
0
0
0
0
4.95054e-05
0
0
5.55672e-06
0
0
0
0
0
0
3.778e-07
0.000239245
2.8788e-06
0
1.29836e-05
0
0.000206401
4.44995e-05
0
0
0.000373464
0.000294088
0.000306686
0
0.000128341
0.000348771
0
0
0
0
0
0.000139543
0
6.09403e-05
0.000283883
0
0
0.00017937
0.000184151
0.000697237
0.000347768
8.71007e-05
6.30904e-05
0.000342926
0.000111123
0.000140443
0.000266781
0
0.000143173
0.000497226
0.000639524
0.000508148
0.00032884
0.000298117
0.000216259
7.86892e-05
0
0
2.4543e-05
0
0
0
0
0
0.000236243
0
0
3.81695e-05
0
0.000240457
0.00028483
0.000310623
0.000389917
0.000239703
0
0.000378124
0.000281008
0.000374816
0
0.000695983
0.000629186
0.000255392
0
0
0
0
0.00032279
0.000274416
0.000210514
0.000117381
0
0.000430965
0.000554635
0
0.000380097
0
0
0.000450734
0.000126004
0
8.8107e-06
0.000229836
0
0
1.9247e-05
0
0.000461077
0.000128573
0.000130657
0
0.00071004
0
0.0005373
0
0.00049032
0
9.34428e-05
0.000143665
0.000395253
0
0.000339474
0
0.000147978
0.000124648
0
0.000338532
0
0.000172392
0.00010373
0.000118812
0.000292316
0.000167657
0
4.56749e-05
0
0.000123604
0
0
7.34211e-05
0.000369596
0.000300233
0.000181486
0.000133492
0
7.58825e-05
0.000316877
0.000230442
0
0.000545628
0
0
0
0
0.000399793
0
0
0
8.50244e-05
1.48736e-05
0
0
0.000109419
0.000645254
5.70015e-05
0.00012111
0.00015384
6.79073e-05
0
0
0
0.000320665
0.00020468
0
0.000206541
0
0.000228318
0
0
0
0
0
1.70173e-05
0
0
0
0.000216166
0
0.000157245
0
0
5.51314e-05
0
0
0
0.000607409
0
0.000511076
0
0
0.000717581
0
0.00039999
0
0
0.000418039
0
0
0.000353425
0.000251927
0
0.000657693
0
0.000657297
0.000115301
8.25607e-05
0
0
0.000171922
0
0
1.68195e-05
0.000113067
0.000263997
0.000210976
0.000376949
0.000108876
0.000300511
0
0.000187917
0
0
0
6.89354e-06
4.46598e-05
0
0.000255081
0
0.000255726
0
0
0
0
0.000640199
0
3.10721e-06
0
0
1.30302e-05
0
0
2.19222e-05
0
0
0
0.000285194
0.000290735
0.000274315
0
0
0.00028606
0.000452753
0.000381581
0
0
0.000429875
0.000323171
0.00061759
7.18297e-05
0.000312395
0.000350639
0
0
0
0
0.000374465
9.4943e-05
0.000384843
0
0.000512626
0
0
8.00544e-05
0
0
7.27736e-05
0.000379938
0
3.15103e-05
0.000356306
0
0.000534649
0.000490559
0.000225305
0.000231535
0.00045239
5.83622e-05
0.00022859
0
0
0
0
0.000234486
0.00010856
1.48918e-05
0
0
0.000181111
0
0.000580631
0.000678956
0
0.000457417
0.000448018
0.000346269
0.000167809
1.26123e-05
0
0.000138193
0.000565725
0.000126258
0.000456121
0
0
0
0
0
0.000459776
8.77973e-05
8.94315e-05
0.000261473
0
0
0.000583649
0
0.000473556
0.000318975
4.27708e-05
0.000502076
0.000248295
0
0.000211345
0
3.84233e-05
0
0
0
0
0.000312111
0
8.48566e-05
0
0
0.000136586
0
0
0.000545963
0.000523714
0
0.000336457
0
0.00018011
2.96362e-06
0
0.000128689
0
0.00051752
0.000108924
0.000361853
0
0.000296169
0
0.000786175
0
0.000537142
0
0
0
0
0.000618233
0.000550016
0.000334517
0
0.000661493
0.000686591
0.000460634
0.000498271
0.000853441
0
0.000219886
0
0
0.000165005
0.000249442
0
7.71483e-05
0
0
0.000174257
0
5.13856e-05
0
0
0
0
0.000181328
4.02054e-05
0
0.000207117
0.000491818
0.000133057
0
0
0.000196722
7.66019e-06
0
0.000125548
0.000185731
7.18027e-06
0.000276435
0
0
0
0
0
0
0
0
0.000430013
0
0
0
0.000384987
0
0.000182039
2.86166e-05
0.000284049
0.000126347
0
0
0
0.000543023
0
0
9.12669e-05
0
8.68273e-05
0.000178978
1.54937e-05
0
0.00011575
0
0.000186714
0.000114512
0
0
0.000248832
0
0.00038434
0
0
0.000509377
0
0.000480626
0.000478895
0
0.000706198
0.000193613
0
0
0
0.000358992
0
0.000489531
0
0
0.000140354
0.000107316
0
0
0
2.09461e-05
0
0
2.21115e-05
0
0
0
5.25012e-05
0.000304318
0.000345083
0.000611854
0
0
0
0
0
0.000382999
0
0.000219403
0.000405803
0.000363318
0
0
0
0
0.000156321
0
0.000147879
6.04931e-05
1.75219e-05
0
0
0
0.00023105
0
0.000411978
0.000135708
3.45853e-05
2.42068e-05
0.000175775
0
0
0.000480544
0.000149262
0
0
0
0.000444566
0
0
0
3.94e-05
0
8.57842e-05
0.000101672
0.000218333
0.000172143
0
0
0
0.000334961
0.000136708
0
0.000378688
0
0.000511476
0.000524635
0
0.000633187
0.000383469
0
0.000359087
0.000603049
0.000365664
0
0
0
0
0.000271554
0
0.000223083
0
7.59801e-05
0
0.000127791
0
0
0
0
0
0
0
0.000367892
8.63944e-05
0.000203681
0
0.000137448
0.000108367
0.000304373
6.90882e-05
0
0.00025894
0
0.000332232
0.000574859
0
0.000548387
0
5.34374e-05
0
0
8.11877e-05
0.00042866
0.000284849
0.000287338
0
0
0.000482858
0
0.000111551
0
0.000149844
0
0
0
0.000156815
3.81188e-05
0
9.83317e-06
0
0
0
0.000479272
0.000381253
0
0
0
3.68993e-06
5.6799e-05
4.31232e-05
0
0
0
0
0.000248886
0.000643597
0.000272853
0.000429588
0
7.07167e-06
5.69511e-05
0.000196404
0
0
0
0.000437507
0
0
0
0.000654854
2.50237e-05
0
2.82567e-05
6.52877e-05
0.000132969
5.01984e-05
0
0.00026997
0
0.000159247
6.32825e-05
0
4.68477e-05
4.99559e-05
0
0.00011154
0
8.35412e-05
6.85379e-06
2.56658e-05
1.9374e-05
0
0
0.00010328
0.000158595
0.000380413
0.000733371
0.00067302
0
0.000233214
4.85539e-05
0.000198769
0
0
0
0
0
0
0
0
0.000216827
0
0
0
0
0.000487192
0
0
0.000690393
0.000716444
0.000839777
0.000224904
0.000113021
0
0
0.000396763
0.000239728
0
0
0.000297126
0
0
0
0
0.000449634
0.000172852
9.19438e-06
9.54997e-05
0
0
0
0.000612832
0.000287353
0
0
3.71179e-05
0
6.33562e-05
0
0
5.80821e-05
0
0.000438881
0.000399027
0
0
8.36482e-05
0.000283753
0
0.000312788
0.000102464
0
2.53312e-05
0.000752784
0
0
0.000437504
0.000619302
0.000566939
0
0.000448676
0.000143137
2.28565e-05
8.21335e-05
0
0
0
0
6.05991e-05
0
0.000444366
0.000751687
0.000498591
0.000405451
0
0
4.70435e-05
0
0.000236442
0
0
0
0
0
0.000388796
0.00050356
0.00014814
0
0.000317704
0.000303203
0.000133053
0
0
0.000195954
0
0
0
0
0
0.000237309
0.000162197
0
0
0.000349338
0
0
0
0.000650044
0
0.000672836
0
0.000201813
0
0.000494256
0
0.000272196
0
0.000360931
7.62457e-05
0
0.000138853
0
0
0.000448285
0
0.000537679
0.000558792
0
0.00032312
0
0.000304762
0
0.000447704
0
0
0.000491958
0
0
0
0.000471598
0.00053031
0
0
0.000616259
0
0.000504151
0
0
0.000615404
9.33166e-05
5.92023e-05
0
0
0
0
0.000468026
0.0005297
0.000304149
0.000413822
5.8988e-06
4.59936e-05
1.78443e-05
0.00014235
0.000325422
0.000368978
0.000333074
0.00074926
0
0
0
0
0
0
0
0
0
0.000774967
0.0004791
0
4.63011e-05
0
0
0
0
5.14482e-05
0.000525027
0.000635438
0.000698457
0.000595846
0
0.000711107
0.00050669
0.000329172
0
0
0
0
0
0
0.000616804
0.000437281
0.000593582
0.00064802
0
0.000477837
0
0
0.000116387
0
0.000585692
0
0.000491713
0.000533667
0
0.000321222
0
0
0
0.000162824
0.000543258
0
0.000485348
0
0.000167871
0
0.000647467
0.000255104
0.000308417
0.000451733
0
0
7.88381e-05
0
0.000477533
0.000408183
8.38793e-05
0
0
0.000180163
3.93503e-05
0.000265953
0
0.000105768
0
0.000385758
0
0.000165793
0
0.000394294
0.000619942
0
0.000412741
0
0
0.000545993
0.000198843
0.000311041
0
0.0001539
4.6996e-05
1.00212e-06
0.000478026
0.0005523
0.000675376
0.00047961
0.000556078
0
2.30615e-05
0
0.000237253
7.94148e-05
4.44256e-05
0
0
0.000400181
0.000519201
0
0
0
0.000588952
0.000632632
4.71185e-05
0
0.000153625
0
0
0
0.000378105
0.000601443
0
0.000552938
0
0.000337853
0.000225688
0
0
0.000268544
0.000700225
0.000404514
0
0
0.000520031
0
0.000556942
0.000588229
0
9.80939e-05
0
2.88341e-05
0
0
0.000248186
0.000113927
0
0
0
0.000266527
0
0
0.000660675
0.000291312
0
0.000505646
0
0.000544036
0
0.000619779
0
0.000120343
8.58433e-05
0.000153337
0.000272334
0.000368851
0
0
0.000576369
0
0.000261153
0.000105831
0.000636825
0.000675443
0.000246304
0
0.000161675
0
0
0
0.000318442
0
0.000472039
0
0
0.000202957
0.000299718
0
0
0
0
0
0.000302032
0
0.000582368
8.48188e-05
0
0.000377649
0.000361011
0
0
0
0
0
0
0.000225197
0.000198881
0.000185744
0.000368759
0
0
0
0
0
0.000479408
0
0.000717441
0
0
0.000173815
0.00045551
0
1.68983e-05
0
0
0.000147976
3.78492e-05
9.56649e-05
0
0
0
7.68138e-06
0
0
6.57619e-05
0.000222165
0
0
0
0.000481563
0
0.000175983
0
0.000408263
0
0.000535395
0.00051376
0
0
0
0.000363858
0
0
0.000241603
0
0.000396129
0
0
0
0
0.000310437
1.43048e-05
0
0
0
0.000257478
1.40596e-05
0
5.91939e-05
0.000275164
0
0.00010622
0
0
0
0
0.000241624
2.73024e-05
2.71661e-05
0.000161445
0
0
0
0
0
0
0
0.00065795
0
0
0
0
0
0.00029227
0.000478692
0.000423593
0
0
0
0
0
0
0.000249781
0
1.34982e-05
0
0
0.000491742
0.000580743
0
0.000611244
0
0
0.000505582
0
0
0.000192612
0
0
0.000398495
2.59121e-05
0
8.08926e-05
0.000465641
0.000222073
0
0.000331101
0.000635218
0
0.000462293
0
0
0.000478194
0.000347985
0.000262593
5.2553e-05
0.000341943
0.000194482
5.43924e-06
0.000530515
0.00060984
0.000328095
0
0
0
0.0002931
0
0.000616446
0.000421407
0.000472208
0.000456013
0
0.000288541
0
0
0
3.25963e-05
0.000178984
0
0
0
0.000194786
0.000147437
0
0
0.000348626
0.000106815
0.000264426
0
0.000477527
0
0.000290984
0
0.00030773
0
0
6.65911e-05
0
5.70365e-06
0
0
0
0
0.000203326
0.000110907
0.0005888
0.00026739
0
0
0
0.000572711
0
0
0.000217006
0.000318386
0
0
0
0
0
0.000104835
0.000194097
1.9603e-05
0
0
7.75204e-05
2.06356e-05
0
0
0
2.05125e-05
0
4.94837e-06
0
2.52812e-06
0
8.59612e-05
0.000380451
1.95539e-05
0
0
0
0
0
0
0
0.000113521
0
8.12874e-05
0.000111102
0
0
0.000513882
0
0
0
0
0
0
0.000665192
0
0
0
0
0.000225805
0
0.000826135
0
0
0
0.000465654
6.75916e-05
0.000212217
0
0
0.000104109
0
0
0
0
0.000300011
0
0
0.000464627
0
0
0
0
0.000115678
0
0.000502552
0
0
0
0
0.000354978
0.000179337
8.70937e-05
0.000202565
0
0.000246249
0.000499046
0.00041371
0
0
0
0
0.000196988
0
0
0
0
0.000209326
0
0.000149005
6.21169e-05
0
8.0975e-06
0.000503407
0.000337089
0.00047763
0
0
0
0.000421988
0.000436112
0
0.000641656
0
0
0.000336719
0
0.000151938
0
3.05665e-05
7.92583e-05
0
4.74071e-05
0.000255062
0.000125145
0
0.000200814
0
0
0
0.000264399
0
0.000172693
0.00046158
0
0.000354794
0.000131803
0.000347395
0
0
0.000181284
0.000400047
0.00024624
7.7426e-07
3.41222e-05
0
0.000165526
2.68768e-05
0
2.54353e-05
0
0
0
0
9.43938e-05
8.66454e-05
9.15415e-05
0.00015716
0.000285119
0
0
0
0.000180906
0
1.98631e-06
0.000144202
0
0.000400225
1.65325e-05
0
0
0.000406733
0
0
1.10421e-06
0.000307934
0
0.000223786
2.04471e-05
0.000419687
0
0
0
0
0.000694417
0
0
0
0
0
0.000296836
0.000260582
0.000563982
0.000362561
1.18348e-05
8.8084e-05
0.000147725
0
0
0
0.000108927
0
0
0.0002504
0
0.000292212
0
0
0
0
0
0.000149234
0
0
0
0
0.000331584
0.000509715
0.000313308
0
0.000251194
0.000371713
3.84093e-05
0
0
0.000262292
0.000169105
0.000187384
0
2.48791e-05
0
0
0
0
0
0
0.000162462
0
0
5.37322e-05
0
9.36478e-06
6.61733e-05
0.000364764
7.16696e-05
0.000254546
0.000434631
0
0
9.71863e-05
6.01428e-05
0.000152915
0
0
0
0.000333975
0
0
0
0
0.000293541
0.00044105
0
0
9.26667e-05
0
0.000331566
0.000166038
0
0
0
0.000198153
0
0
0
0.000114997
0
0
0
8.51272e-06
0
0
9.18161e-05
0
0.00032659
0.000440902
0
0
0.000386323
7.01593e-06
0
0
0
0.000552647
0
0
0
0.000227384
0.000335844
0.000589557
0.00042603
0
0.000562487
0
0
0
0.000575696
0.000666986
0.000651055
0
0.000706145
0.000573353
8.26442e-05
0
0
0.000414629
0
0.00016905
0
0
0.000118385
0.000146128
0.000209256
0.000310139
0.000472573
0.00023449
0
8.34787e-05
0
0.000536762
0
0.000592247
0.000669952
0
0.000542569
0
0
0
5.05859e-06
0
0.000186503
0.000621791
0
0
0
0.000750568
0.000726535
0
0.000724365
0
0
0
0
0
0.000469116
0.000100678
0
0
0.00027017
0
0
0.00033348
0
0
0
0
0.000542628
0
0
0
0.000624504
0
0
0.000321374
0
0.000492011
3.75787e-05
8.22332e-06
0
0
0.000402881
0
0.000213348
0.00024066
9.99839e-05
0.000136382
0
0.000333907
0
6.32449e-05
0.000123193
0
0
0
0
0.000615284
0.00020526
0
0.0002007
0
0
0.000285172
0
0
8.23424e-05
5.34402e-06
7.62543e-05
0
0.000491638
0.00037165
0
0.000166302
0.000293348
0
0
0.000490608
0
0.000171668
0.000238196
0
0
0.000152861
0.000135257
0
0.000296816
0.000158219
0.000186518
0
0
0
0.000131382
1.48935e-05
0.000152712
0
0.000429964
0.000480621
0.000594578
0.000453319
0.000282981
0
0.000278047
0
0
0
0
8.61069e-05
0.000265732
0
0.000255305
0.000225336
0
0
0.000272967
0
0.000451599
0
0
0.000801638
0.000435621
0
0.000349381
0.000178194
0.000107671
0
0.000252912
0.000216854
0
0
0.000199986
0.000584463
0.00018073
0
8.80423e-05
0.000201362
0
0.000445799
0
0
0.000417102
0.000389437
0.000117702
0.000616846
0
0.000407013
0
0.000406022
0
0
0.000731265
0.000788912
0.000658063
0
0
0
0
0
0.000324052
0.000588031
0
0
0.000542212
0
0
0.000510284
0
0
0
0
0
0.00060019
0.000675633
0.000381357
0
0.00013814
8.77186e-05
0.000265652
0
0
0
0
0
0
0.000511382
0.000499035
0
0
0.000709648
0.000336268
0.000604634
0.000563138
0.000244604
0
0.000185805
0.000296262
0
0
0
0
0.000418133
0
0.000100691
0
6.08027e-07
0
0.000770819
0.000567024
0
0.000247365
0.000464044
0
0
0.000485142
0
0
0.000154689
6.20618e-05
0
0
6.1539e-06
0.000103102
6.78765e-05
0
0
8.40234e-05
0
0.000283461
9.1276e-05
0.00018547
0
0
0.00039758
0.000284918
0
0
0
0.000258956
0.000379188
0
0
0
0
0
0.000581754
0.00045071
0
0
0.000183059
0.000257546
0.00023781
0.000280794
0.000313995
0
0.000372213
0
0
0
0.00011337
0
0
0.000374339
0
0.000529548
0
0.000154087
0
0.00019153
0
0.000401954
0.000184347
0.00039592
0.000171404
0
0
0.000190751
1.4651e-05
0
5.05822e-06
0
0
0.000210891
9.96408e-05
8.31979e-05
0
0.000552728
0.0005011
0
0
0
0.000531954
0.000572419
0.0003893
0.000350826
0
0.000233009
7.5618e-05
3.85105e-05
3.55472e-05
0.000709424
0.000658739
0.000131639
0
0.000224278
8.10647e-05
0.000448367
0
0
0
0.000132722
0
0.000110575
0
0
0
0
0.000480835
0
0
0.000498684
0
0.000633943
0.000640916
0.000288905
0.000647129
0.000372837
0
0
0
0
0.000316763
0.000314198
0
0.000325427
0.000143282
7.55612e-05
0
0
0
0.000110571
0
0
0.000406396
0.000231296
0
0
0
0
0.000529492
3.02819e-05
7.41239e-05
0.000176343
0
0.000394726
0
0.000513263
0.000150766
0.000509272
0
0
0.000165022
0
0
0
0
0.000441323
0
0.000358806
0
0
1.60192e-06
0
0
0.00015851
0.00015071
5.37506e-05
4.6187e-05
0.000223245
0.000401537
0
0.00016629
0
0.000613963
0.000115775
0
0
0
0.000153201
0
0
0
0
0
6.0717e-05
0
0
0.000136659
0
4.71204e-05
0
0
0
0
0
0
0
0
0
0
0
0.00014097
0
0.000304118
0
0
0
6.10975e-05
0
0
0
0
0
0.000129357
0.00021841
0.000106105
1.90021e-05
9.19992e-05
4.48904e-05
1.39856e-05
0.000169193
0
0.000176353
0.000287244
0
0.000532869
0.000369663
0.000443889
0
0.000399842
0
0
0.000362256
4.71259e-06
0
0.000145121
8.07528e-05
0
0
0
8.8017e-06
3.63288e-05
1.86857e-06
2.30452e-05
0.000286055
0.00055795
0
5.7005e-05
5.2653e-05
0
8.02908e-05
0.000785102
0.000580946
0
0
0
0.000262635
0
0
0
0.000300222
5.33835e-05
0.000291751
0
0
0
0.000333833
0
0
0.000216936
0.000661134
0.000556993
0.000520825
0.00013045
0
0
9.16185e-05
0
4.03315e-05
0.000149009
0
7.47271e-05
0.000372598
0
0.000538055
0.000296437
3.06463e-05
0.00018188
6.73646e-06
0
0.000493675
0.000520607
0
0
0
0.000785176
0
0.000161138
2.06825e-05
6.84957e-05
0.000131941
0
1.9723e-05
0.000120828
0
0
0
0
0.000245176
0.000310658
0.000146063
0
0
0.000315756
0
0.000428933
0
0.000442673
0
0
0
0.00058168
0.00027159
0.000792083
0
8.56868e-05
0.000172925
0
0
0
6.80397e-05
0
0
5.77695e-06
4.79318e-06
0.0003079
0
0
0
0
0.000279304
0
0
0.000290306
1.59415e-05
0.000138747
0.000466908
0.000349544
0
7.24129e-05
0.000318615
0
0.000167406
0
0
6.5885e-05
0.000113383
0.000383454
0
0
0.000241626
0
0
1.19159e-05
3.59879e-05
3.88052e-05
7.69907e-05
0
0
0
2.20174e-05
0.000560198
0.000769947
0.000428917
0.000165807
0
0
0
0.000539961
0
0
0.000126718
0.000733339
0.000336662
0.000658604
0.000390901
0.0001621
0.000166576
0
0
0
3.31733e-05
8.43414e-06
9.94991e-05
0.000148904
0
0.000102544
3.01282e-05
0
0.000416734
0
0
0.000485336
0
0.000345183
7.62186e-05
0
0.00028317
0.000564382
0.000145782
0.000398326
0.000242923
0.000203263
0
0
0
0.000192287
0
0.000160969
0
0.000162351
0.000106216
0
0
0
0
0.00034679
7.77527e-05
7.52134e-05
1.61343e-05
0.000153613
0
0
0
0
0.000184977
3.45407e-05
0.000211101
0
0
0
0.000190178
0.000514899
0
0
0.000210359
7.49968e-05
0
1.30567e-05
0.000286463
0.000564324
0
0
0
0.000351261
0
8.07999e-06
0.000155215
0.000265773
0.000568778
0
0
0
0.000480973
0
3.86143e-05
0
5.07205e-05
0
0
0
0
0
0
0
2.16191e-06
0.000420413
0
0
0.000117653
0
0.000258427
0
0
0.000278094
0.000395363
0.000598887
0.000533888
0
0.000429085
0
0.000310018
0.00068574
0
0
0.00053793
0
0
0.000519324
0.000283849
0.000619058
0
2.71981e-05
0.000234261
0
0
0
7.77128e-06
0
0
4.59175e-05
0
0
0.000106329
0.000163233
0
0
0
0.000226178
0.000378388
0
0
0.000309551
0
0
0
0
0
1.37639e-05
0
0
0.000287685
0
1.10086e-05
0
0
2.01375e-05
0
0
2.82771e-06
0.000551478
0
0.000543727
0.00036027
0
0
0.000229928
0
0
0
0.000478599
0
0.000532518
0.00042334
0
0.000573087
0.000604467
0
0
0.000457635
0
0
0
0.000457947
0.000459407
0
0.000107677
0.000382607
0
0.000622025
0
0
0.000405733
0
0.000544656
4.71834e-07
4.12029e-05
0.000449772
0
0
0.00051466
0
0.000337213
0.000121488
0.000122453
0
0.000369077
0
0
0.00047986
0.000661113
0.000181406
0.000191017
0
0
0.000408681
0.000593059
9.79692e-05
1.1622e-05
0.000374642
0
0
0
0
0
0
0.000428766
0.000301235
0.000172593
0
0.000218672
0.000188994
0
0
5.82084e-05
0.000191467
0.000268311
0
0.000214956
0.000142108
0
3.55236e-06
0
0.000311325
0
0.000479494
0.000399253
0
0
0
0
0
0
0
0
0.000622265
0.000636656
0
0
0
0.000563958
0
0
0.000719889
0.000280385
0.000182373
0
0
0
0
0
1.24709e-05
0
0.000127002
0
6.90122e-05
0
0
0
4.7095e-05
0
0
0
0
0.000102914
0.000485592
0.000273858
0
0.000269687
0
0.0001453
0
0
0
0.000175979
3.80429e-05
0
4.45603e-05
0
0.00031225
0.000630481
0
0
0.000587726
0.000319678
0.00059192
0.000452835
0.000576109
0.000695092
0
0
0.000348691
0.000150676
0
0
0
0.000362784
0
0.000209334
0.00042504
8.34416e-05
0.000387344
0.000190531
7.41548e-05
8.6051e-05
8.91817e-05
5.02151e-05
0
0
0
2.62225e-05
7.42831e-05
0
0.000127898
0
9.90334e-06
0
0
0
5.68735e-05
0
0
0.000142014
0
0
0.000289708
0.0002114
0.000199433
1.56635e-05
0.000247776
0.000246558
0.000354466
0
0
0
0.000356832
0.000342151
0.000191436
0
1.53168e-06
0.000487843
0
0.000514801
0
0
0
0
0
0.000225639
0
0.000293126
0
0.000159432
0
0
0
0
0
0
0
0.000292389
0.000115568
0
0
0.000147874
0.000301144
0.000145935
0
0
0.000220098
0
0.000533716
0
0.000460152
0
6.3417e-05
2.56819e-06
0
8.8905e-06
7.34445e-05
0.000115201
0
0
0
0.000597216
0
0
0.000644789
0.000298564
0
0
0.000235772
0
0
0
0.000569721
0.000673375
0
0.000702093
0.000224949
0.000402066
0.000475291
0
0
0.000326977
0
0.000431584
0.000197301
0
0.000335628
0
0
4.34387e-05
0
0.000131278
0
0.000178163
0.000144043
5.38085e-05
0
0.000563775
0.000698126
0
0
0
0.000306659
0.000151287
0
0.000323023
0.000480415
0.000229166
0
6.17297e-05
0
0
0.000183741
0.000155069
0
0
0
0
0
0
5.762e-05
0
0
0
0.000338522
0.000477074
0
0.000149219
0
0
0
0.000217175
0
0
0.000347679
0.000284019
0.000138256
0.000580284
0.00016829
0.000204109
0
0
0
0
2.45458e-05
0
0.000635736
0.000634939
0.000452889
0.000268748
0
0
0
0
8.09276e-05
0
6.21887e-06
0
0
0
3.42962e-05
0
0.000156149
0.000105153
8.37721e-05
0.000220873
0.0002294
0
0
0.000155875
0
0.000232806
0
0.000242374
0
0.000138678
0
0
5.51047e-05
0
0.000201332
0.000176396
0
0.00042742
9.96318e-05
0.000208398
0.000381446
0
0
5.74789e-05
0
0
0
0.000223505
0
0.000532842
0.000241934
0
0.000329733
0
0
0.000482772
0.000533238
0.000495589
0.000341576
0
1.01545e-05
5.60469e-05
0
0.000115481
9.53761e-05
0.000393128
0
0
0
0.000557631
0
0
0
0
0
0.000145696
0
0
0
0
0.000554238
0
0
0
0.000762024
0
0.000550708
0
0.000397531
0
0.000210443
0.000489608
0
0
0.000521632
0
0.000165328
0
0.000122516
0.000290646
0
0.000220637
0.000207182
0.000185308
0
0.000229685
0
7.98489e-05
0
0
5.61476e-05
7.48489e-05
0.000252913
0.00011982
0.000306035
0.000322471
0
0
0.000483758
0
0.000234702
0.000499078
0.0007011
8.0871e-05
1.1033e-05
0
8.19684e-05
4.6014e-05
0
0
0
0.000136427
0.000164379
0
0.000187734
0.000492928
0.000346719
0.000679019
0
0.000679285
0.000239581
0
0
0
4.15588e-05
8.16991e-05
6.2098e-05
0
9.94716e-05
0
0
0
0
7.51006e-05
0
0
0
0.000210498
0
0
0
0
0.000179061
0
6.1013e-06
0
0
0
0
6.87321e-05
0.0005523
0
0
0.000581573
0
0.000191884
0
0.000151219
0
0
0
0.000309736
0
0.000506229
0.000724049
0.000522378
0
0
0.000501394
0
0
0.000662175
0
0.000378943
0
0
0
0
2.62151e-05
3.86927e-05
0
0.000148682
0
0.000159807
0.000253595
0
0.000244753
0
0.000170692
0
0.000640487
0.000785632
0.000649192
0.000712843
0.000619498
0.000573058
0
0.000225888
0
1.79132e-05
0
2.70653e-05
0
8.85509e-05
0.000106842
0
0.000334501
0.00022855
0
0.00028335
0
0.000583955
0.000475761
0.000197023
0
0
0
0.000199381
4.8483e-05
0
0
0.000139075
7.08706e-05
0
0.000149932
0
0.000260206
2.30408e-05
0
0.000396299
2.00983e-05
0
0.00060921
9.6122e-05
0.000403397
0.000204255
6.02141e-06
0
3.44692e-05
9.44356e-05
0
0
0
0
0.000146183
4.94348e-05
0.000155908
0
2.6371e-05
0
0
0
8.3685e-05
0.000105082
0
0.000135256
0.000538133
0.000135116
0
1.28813e-05
5.72172e-06
0
0
0
0.00016549
0
9.70246e-05
0.000119364
0
0.000351429
0.000310316
0
0.000142652
0
2.33908e-05
0
1.73417e-05
0.000616325
0
0
0
0.000155918
0.000409502
0
0.00050995
3.24314e-05
0.000102326
0
2.13883e-06
1.49986e-05
0.000459684
0
0.000368318
0
0.000164213
0.000150993
0.000317116
0.000249043
0
3.29434e-06
0.000226618
0
0.000104026
0
5.43556e-05
0.000244612
0.000617757
0.000274407
0.000536183
0
0
0.000321532
0.000445624
0
0.000196034
1.59187e-05
0
6.00108e-05
0
0
0
0
0
8.98561e-05
0.000367983
0
0.000424126
0.000215181
0
0.00018217
0.000237554
0.000126555
0
0
0
0
0.000134342
0
8.51558e-05
0
3.44055e-05
0.000135654
0
9.55879e-05
0
0.000343131
0
0.000275342
5.45763e-05
0
0.000408646
0.000106046
0.000727187
0.000618115
0.000544185
0.000468604
0.000390386
0
0
0.000504361
0.00043974
0
4.78573e-05
0.00013934
0
0
0
0
0
0.000123229
0
0.000332861
6.41715e-05
0
6.17522e-05
0.000540875
0
0
0
0.000479469
0
0.000517662
0
0
0.000430177
0.000699188
0.000227254
6.99543e-05
0
0
0
0
0.000125126
0
0
7.95363e-06
7.43237e-05
0
0.000218277
0
0.000148483
7.72982e-05
0.000304879
0.000158315
0
0.000137902
0
0.000101671
0
0
0.000189378
0.000498268
0
0.0001358
0.000208323
0.000620813
0.000337829
0.000303579
0
0
0
0.000133762
0
0
0.000399019
0.000416265
0.000538715
0
0
0
0.000289178
0
0.00026045
0.000214055
0.00029702
0
0.000457103
0
0
0.000227284
0
0
3.07583e-05
8.05146e-06
0
0
0
0
0
0
0
0
1.88759e-05
0
2.84564e-06
6.98913e-05
5.89086e-05
0
0
0
4.94634e-05
0.000201602
8.35067e-05
0
0
1.7492e-05
0
0.000102831
0.000180461
0
8.94834e-05
0
0.000472702
0.000143045
0.000342373
0
0
0.0006057
0.00036352
0
0.000213112
0.000271227
0
0
0.000324992
0
0
0
0
0
0
0
0.000424074
0.000563104
0
0.000265342
0
0.000626392
0
0.000347045
0.000319637
0.000286027
0.000411883
0.000464741
0
0.000420052
0
0
0
0.000260732
0.000309404
0.000107989
0.000421071
0.000303192
0
8.39826e-05
0.000191804
1.70699e-05
0.000293635
0
0.000364277
0.000678191
0.000622269
0.000311518
0
0
0
0.000469899
0.000217188
0
0
0
0
0
0
0.000252422
0.000108109
0
0
0
0
0
6.45219e-05
0.000175071
0
0
0
0
0
0
0
0.00060572
0.000490599
0.000704285
0.000415029
0
0.000614419
0.000710908
0.000292398
0.000462032
0.000165331
0.000598679
0
0.000752247
0
0.000184465
0
0
0
1.38451e-05
0.000258248
0.000140357
0.000147184
0.00019152
0
0.000196445
0
0.000324384
0
0
0
0
0.000423415
0.000104211
0
0
0.000595521
0.000348753
0
0.000346303
0
3.8974e-05
0
0
0
0.000134524
0.000171413
0
0
4.64404e-05
0.000166105
0
0
0.000419727
0
9.24144e-05
0
0
9.88705e-05
0.000311126
0
0.000240448
0.000523417
0
0.000794065
0
0
0
0
0.000416961
2.66427e-05
2.76637e-06
0
0
0
0.000411047
0.000230176
4.70074e-07
0
0.000127474
0
0
0
0
0
0.000118365
0.000234618
2.18228e-05
0
0
8.69092e-05
9.90304e-05
0
0
0
0.000244777
0
0
1.72994e-05
0.000233878
0
0
4.31559e-05
0
0.000181376
0.000105584
4.16881e-05
0.000109339
0
0
0
0.000195548
0.000597322
0.000176907
0.000108329
3.52202e-06
0
0.000176259
0
0
9.76652e-06
0.000130629
0.000139673
0
0.000145624
0
0.000255926
0
0.000351611
0.000112386
0.000319874
0.000370835
0.000290255
0.000557628
0
0.000217155
9.47105e-06
4.92898e-05
0
0.000564183
0
0.000559251
3.85304e-05
0
0.000242985
0
0
0
0
0.000124945
0
2.75678e-05
0
0
0.000280334
0.000259032
0
8.42953e-05
0
0
0
0
0.000181224
0
0
0.000369068
0.000136737
0.000315557
0
0
0
5.77663e-05
0
0.000146645
0.000503442
0
0
0.000364155
0
8.44189e-05
0
0
0
0.00037136
5.23839e-05
0
0
0.000164809
9.10158e-05
0.000565238
0
0.000307198
1.5731e-05
0
0.000246677
0.000434692
0
0
0.000333443
3.35745e-06
0
9.59733e-05
0.000111674
0
0
6.70267e-05
0
0
0.00041274
0.000145373
0.000111209
0
0
0.000269623
0
0
0
0
0.000353646
0.000359558
0.000115039
0.00042643
0
0.000338693
0.000605005
5.10121e-06
0
0.000146305
0
0.000118454
0
0
0
0
4.49228e-05
0
0.000318489
0
6.23338e-05
0.000176774
8.10214e-07
0
0.000331083
0
1.4188e-05
0.000240761
0.000307068
0.000206187
0
0
0
0.000264005
0.000344141
0
0
0.000165241
0
0.000155347
0
0
0
0
0.000364911
0
0.000713825
0.0007911
0.000690871
0
0
0.000421695
0
0
0.000313601
0.000782456
0
0
0
0.000763362
0
0
0.00058087
0.000555804
0.000431322
0.000401895
0
0
0.000230902
0.000159602
0
0.000360761
9.46756e-05
0.000535232
0
0
0.000213056
0
0
0
0
0.000333834
0.000369178
0.000506551
0.000516295
0
0.000543352
0.000438858
0.000517279
0.000756528
0
0.000744235
0.000396669
0
3.57391e-05
0.000396255
0
0
0
0
0
0.00023054
9.16648e-05
3.29981e-05
0
5.00358e-06
0
0
3.14213e-05
5.50624e-06
0
0
0
0.000246719
0.000302946
0
0
0.000434747
0
0
0.000531697
0
0
0.000197398
0.000508609
0
0.00026971
0
0
0.000250522
0
0
0.000425478
0.000214038
0
0.000214164
0
0.000400077
0.000717057
0
0
0.000443961
5.59325e-05
0
0.000487055
0.000347591
0
0
0.000282593
0
0
0.000149782
0
3.67355e-05
0.000278964
0.000251589
0.000117231
0
0
3.6882e-05
0
0
1.53602e-05
2.68826e-05
0
0
0
0.00010019
8.44123e-05
0.00031783
0
2.40755e-05
0.000281765
2.58996e-07
0
0
0
0
0
0
0
0
0.000221924
0
2.81325e-07
7.86345e-06
0
0
0
0
0
0
1.86205e-05
4.57807e-06
1.26316e-05
0
0
0
9.94795e-05
5.50424e-05
3.48963e-05
0
0.000467723
0
0
0
0.000617703
0.000587596
0
0.000451712
0
0
0.000467175
0
9.18347e-06
0
0
0
5.5569e-05
0.000123841
0
0
0
0
0
0.000102702
0
0
0.000138326
0
0
0
0.00034249
0
0
0.000271911
0.00025013
0
0
0.000148246
0
0
0.000130108
0.000248086
0
0
0.000254553
5.26424e-06
3.34084e-05
0
9.55824e-05
0
0.00044845
0.000536948
0
0
0
0
6.3119e-05
0
0
0.00020118
0
0.000127618
0.000252191
0.000129525
0.00037011
0.000254328
0.000305487
0
0.000127962
0
5.92591e-05
0.000168232
0
0.000453824
0.000327947
0.000324425
0
0.000478112
0
0.000754571
0
0
0
0.000500936
0
0.000140351
0
2.78118e-05
0.000244784
0.000604925
0.000471408
0.000638353
0.000426155
0.000182473
0.000181289
0.00049568
0.000323671
0.000400732
0
0.000496941
3.25699e-06
3.16546e-06
3.58746e-05
5.42258e-05
0
0.000248779
0.000177995
0
0.000133793
0.000438878
0.000358637
0
0.000451336
0
0
0
0
0
9.95358e-05
0.000127603
0
0.000275274
0.000223328
0
0
0
0
0
6.98256e-05
0.000162305
0.000588535
0
0.000190944
0
0.000274598
0
0
0
0
0.000374011
0
0
0.000200808
0
0.000336463
0.000504111
0
0.000714065
4.88304e-06
0.000643127
0
0.000324999
0.000730976
0.000446786
0.000190786
3.38434e-05
0
0
0
0.000200274
0.000171436
0.000192024
0
0.000178072
0
0
0.000323317
2.32211e-05
1.33513e-06
4.1696e-05
0
0.000126082
0
0.000470003
0
0.000587137
0
0.000554425
0.00038001
0
0
0.000363959
0
0.000208015
0.000127208
1.6958e-05
3.41913e-05
0
0.000279471
0.000217756
0
0
0.000180107
0
0.00021974
0
0.000198746
0
0.000108069
0
0
0
4.86008e-05
0.000114472
0
0
0
0.000744764
0.000482212
0.000678694
0
0
0
0.000450487
0
0
0
0.000251005
8.08081e-05
0.000278128
0.000179463
0
0
0
0.000323972
7.51939e-05
0
0
0.000555709
0
0
0.000488339
0.000335915
0
0
0.00010279
0.000232662
0.000142493
0
0
0.000136048
0
5.246e-05
0
0.000405102
0
0.000222445
0.000233509
0
0.000446291
0.000154774
9.13467e-05
0
0
0
0
0.000210428
0.000359327
0.000283434
0
0.000106331
0
7.72632e-05
0
0.000189227
1.71429e-05
9.63288e-05
0
0
0.000595839
0.000178667
0
0
0
0.000475032
0.000343134
0
0
0
0.000353228
0.000451502
0.000589015
0.000316724
7.06317e-05
0
0.000474947
0
0
0
0.000477505
0
0.000158086
0
6.31816e-06
0.000210312
5.54309e-05
0.000339782
0.000140917
0
0.000414223
0
2.80754e-05
0.000248033
0
0
0
0
0.000546965
0.000573396
0
0
8.08209e-05
0
0
2.13317e-05
0
0
3.0735e-05
0.000217826
0.000422107
0
0
0
0
0
0
0.000213636
0
4.57418e-05
0.000182793
0.000354199
0
5.65124e-05
0.000464556
0
0
0
0
0
0.000181628
0.000114666
0
0
1.57213e-05
0
0.00016983
0
0.000529919
0
0
0
0
0
0.000147006
0.000170499
0
6.98078e-05
0.000509121
0
0.000362913
0.000480154
0
0
6.04047e-05
4.38452e-05
0
0.000158307
3.41306e-06
0
0
0
0
0
9.82398e-05
0.000698242
0.000727564
0.000560139
0.000399503
0
0.000455689
0
0.000262115
0.000229523
0
0.000234104
0
9.35328e-05
0
0.000482308
0
0.0002002
0
0.00019401
0.000216363
7.74644e-05
0.000139373
0.000565461
0
0
0.000466512
0
0
0.000333338
0
0.000369399
0.000251441
0.000502471
0
0
0
0
0.000228538
0.000224726
2.38037e-05
0
0
0.000338282
0.000236052
0
0
0.000200888
0
0
0.000547531
0.000521757
0.00030956
6.83239e-05
0
0.000121211
0.000446006
0.000263766
0.000209193
0.000560303
0.00018898
0.000363121
5.8814e-06
0
0.000293089
0.000450995
0.000670202
0
0
0.000314236
0
0.000105418
0
0.000280449
0.000286815
7.25914e-05
0
3.09786e-05
0
0
0
0
0
0
4.8428e-05
3.98986e-05
0.000118894
0
0
0.000262959
0.000171083
0.00031985
0
0.000491007
0.000602477
0.000231143
0.000203777
0
0.000134876
0
0.000360851
0.000356516
0
0.000601109
0.00056258
8.47396e-05
0
0.000235008
0
0
0.000310517
0
0.000437966
0
0.000446329
0
0.000230626
0.000471704
0
0.000208462
5.9064e-05
0.00011749
0
0.000214593
0
0.000365097
0.000128598
0.000103661
0
0.000513701
0.000323101
0
0
8.25789e-05
0
0.000391047
0.000556308
0.000611026
0.000526932
0.000363909
0.000130868
0.000327675
0
0
0
0.00016893
0
0.000115203
0
0.000245777
0
0.000241035
0
0
0.000149931
0
0
0
0.000294986
0.000468437
0.000406604
0.000194793
0
0
0
0
0
0.000173007
0
0.000413277
0.000294102
4.21289e-05
2.36448e-05
1.16622e-05
0
7.46586e-05
0
2.72283e-06
6.06818e-05
0.000559849
0.000432001
0.000322629
0.000596373
0
0
0
0
0
0
0.000682921
0
0
0.000265758
0.000527775
0.000316839
0
2.19148e-05
0
0
0.000187127
0
0.000128928
0.000227387
5.21092e-05
0
0
0
0
0
0.000170284
0.000381739
0
0.00021603
0
0
0
0
0
0
0
0
0
0
0
0.000181278
0
0
0
8.55552e-05
0
0.000116365
6.51211e-05
3.09719e-05
3.90359e-06
0
7.08918e-06
0
0
0
0
0
4.73761e-05
5.10238e-06
0
0
3.78936e-05
0
0.000495017
0.000214923
0
0
0.000581707
0.000245784
0
0
0
0
0
0
0.000290978
0
0.000390554
0.000109276
0
1.12907e-06
9.95247e-05
5.89187e-05
0.000102533
5.98082e-05
0.000163787
0
4.72001e-05
0
0
0
0
0
0.000511306
0.000514618
0
0.00062946
0.000238413
6.83351e-05
0.000157099
0
0
0.000171857
0
0.000277681
0
6.90037e-05
0
0.000145861
0
2.82364e-05
0
0
0.000141523
0
5.38134e-05
0.000118573
0
0
0
0
0
0
3.82772e-05
0.000216272
0
0.000754212
0.000702759
0.00067689
0
0
0
0.000173243
0
0.000300176
0
0.000455419
0.000444151
0
0
0
0
0
0
0.000639746
0
0.000412354
0
0.000624486
0.000205525
0
0.000136471
0.000130842
0
0
2.44676e-05
1.13783e-05
0
0
0.000121002
0.000298777
0
0
0
1.87872e-05
0.0005441
0.000213268
0.000543071
0.000177446
1.88709e-05
0
1.60562e-05
0.00038464
0
0
2.64752e-05
0
0.000279877
2.9978e-06
0
0.000137018
0
0.000232782
0
0.000676949
0
0
0
0.000379406
0.000319201
0.000456947
0.000324576
5.39231e-05
3.77346e-05
3.72362e-05
0.000260115
4.63014e-05
0
0.000373301
0
0.000367901
0.000661994
0
0
0
0
0
0.000658395
0.000267461
0
0.000182215
0
0.000149669
0
0
0
0
0.000406442
0
0.000424568
0
0
0
0
0
0.000579424
0
0.000434627
0
0
0.000298867
0
0
0
0
0
0
0.000284884
0.000506404
0
0.0001901
0
0
0
0.000454694
0
0
0
0
0.000269692
0
0
0.000232978
0
0
0
0
0
0
2.13917e-05
0.000185192
0
0
0
0
0
0
0
0.000364983
0
0
0
0
0
0
0
0
0
0
6.17209e-05
0
0.00010658
0
0.000498994
0
0.000192287
6.40791e-05
0
0
0
0
0
1.13846e-05
0
0.000109662
0.00029135
0
0
0.000254138
0.000647259
0.000131911
0
0.000178069
0
0.000163113
0
0.000192876
0
0.000426595
0
0
0
0.000122688
0
0.000347247
0.000752335
0
0.000436349
0.000451345
0
0
0
0
0.000183188
0
0.000199338
0.000133472
0
0
0
0.000185968
0
0
0
0.000722349
0
0
0
0
0
0
0
0
0.000662309
0.000452276
0.000592474
0
0
0.000622379
0.000486889
0.000560731
0
0.000140617
0
2.75756e-05
0
0.000393275
0.000347779
0.000545367
0
0.000159502
0.000154117
0
0
2.14862e-05
0.000303371
0
0.000284628
0.000387739
0
2.67512e-05
6.29073e-05
0
0.000146672
0
1.97047e-07
0
9.8878e-05
0.000161508
0
0
0.000124747
0
4.98037e-05
0
0
0
0
0
0.000512906
0.000672642
0
0.000257206
0.000517316
0
0
0.000693599
0
0.000565745
0.000147205
0.000132872
0.00030543
0
0.000298095
7.39908e-05
0.000447072
0
0.000466381
0
8.61479e-05
0.000571491
0
0.000341657
5.9299e-05
0
3.26173e-05
0.000268583
0.000364543
0
2.07955e-05
0.000221427
0
0
0
0
0
0
0
0.000113165
0
0.000153505
0
0.000504978
0
0
0.000775821
0
0
0.000467742
0
0.000307495
1.15979e-05
0
0
0.000159151
0
4.32356e-05
0.000312231
2.27005e-06
3.91214e-05
3.91021e-05
0
4.10233e-05
9.91563e-05
0
0
8.52818e-05
0
0
0.000125021
2.60361e-05
0
0
0
0.000124474
0
0
0
0.000467905
0.000400665
0
0
0
0.000448233
0
0.000136667
0
0.000412524
0
0
0
0.000500555
0
0
0.000158524
8.10363e-05
0
0
0
0
0
0.000206913
0.000107085
0
0
0.000100568
0
0
0
3.19568e-05
0
0
9.28723e-06
0
0.000617025
0
0
0
0
0.000720588
0.000172917
4.05292e-05
0.000658883
0
0
0.000141113
0.000627011
0
0
0.000173542
0
0
0.000174031
0
0.000513911
0
1.12641e-05
4.31631e-05
0.000193932
0.000113107
0.000293164
1.57796e-06
0
0
0.000501713
0
0
0.000370378
0.000169231
1.53282e-05
0.00018415
0
0.000301961
0
0
0
0
0.000419324
0.000628102
0
3.78992e-05
2.41186e-05
0
0
0.000114658
0.000426498
0
0
0.000330994
0.000217629
5.87501e-05
0
0
0
0
0.000282593
0
0.000362134
0
0.000292019
0
0
0
5.07224e-05
7.77779e-07
0
0
0.000120236
0
0
0
0
0.00016196
0
0
5.52244e-05
0
0.000436537
0.000658814
0.000264411
0.00015378
0
0.000402973
0.000532494
0
0
0
0
0
0
0.000442575
0
0.000160776
0
0
0
0
8.89751e-05
5.44328e-05
0.000165488
0
0
0
0
0.000343185
0
0.000538084
0
0.000356516
0
0.000375418
0
0.000341439
0
0.000734839
0
0.000742614
0.000643307
0
0
0
0
0.000319993
0
5.96117e-05
6.40094e-05
0.000385385
0.00027689
0
0
0.000493728
0
0.00040293
0
0
0
0
0.000521228
0
0
0
0.000477789
0.000419779
0.000285265
0
0
0
0.000189232
0
0.000234957
2.25469e-05
0.000197971
0.000174336
5.80636e-05
0.000320298
0.000509455
0.000448747
0.000502377
0
5.47337e-05
0
0
0
0.000105321
8.0554e-05
0
0
8.78937e-05
1.92732e-05
3.57229e-05
7.15849e-05
2.3705e-05
0
0.000122719
0.000454729
0.00036603
0.000236172
0
0.000653956
0
0.000422731
0
0.000420798
0.000516868
0.000198791
0.000352549
0
0
0.000114712
0
9.07027e-05
0.000114355
0.000437711
0
0
0
0
0.000390523
0.000431869
0
0.000639585
0
0.000497186
0.000182882
8.60901e-06
0
0
0
0
9.34307e-05
0
0
4.84838e-05
0
0
6.15526e-07
0
1.79012e-06
0.000464009
0.000358282
0
2.52821e-05
0
0
8.60791e-05
0
0
0
0
0.000101878
0
0.000335029
0
0
0.000612297
0.000218856
0
0
0.000298612
0
0
0.000334874
0.000217602
0.000214036
0
0.000341291
0
0.00012523
0
0.000401804
0
0.000248731
0.000565331
0.000385087
0
0.000184451
0
0.00050479
0
0
0.000290167
0.000323541
0
0
0.000468167
0
0.000701189
1.16544e-05
0
0
0
0
0
0
0
0.000467064
0
0.000499729
0
0.000339841
0.000834135
0
0
0.000177861
0
0
0
0.000514307
0
0.00083125
0.000236393
0
4.36833e-06
0
9.24319e-06
0.000142691
0
0
0
0.000320552
6.63536e-05
0
0
0
0.00016385
0
0
0
0
0.000517319
0.000553262
0.000314139
0
0.000291091
0.000493441
0.000344381
0
0.000161906
0.00037515
0.000458344
0
0
0.000451345
0
0
0.000125516
0.000521014
0
0.000280704
0
0
0.000208227
9.37702e-05
0
0
0.000106652
0.000228773
9.03174e-05
0
0
0.0004331
0
0
0
0.0006902
0
0
0
0
0
0
0
0
0.000344783
0.000413966
0
0
0
0.000227861
0
0
0
0
0.000193529
0
0
0.000172945
9.35578e-05
0
0.000242988
0.000393181
0.00040819
0
0
0
0
0
0.000373164
0.000208102
0
0.000107103
0.000629726
0
0
0
0
0.000108532
4.51534e-06
0
6.76236e-05
0
0
0.000470065
5.34064e-05
0
3.8493e-05
0
0.00017061
0
0.00032169
0.000474839
0.000265626
0.000179029
0
0
0
0
0
9.91553e-05
0.000204934
0
0.000263622
0.000456394
0.000675583
0.000460054
0.000546875
0
0.000412302
0
0
0.000125594
0.000548894
0
0.000765321
0
0.000478303
0
6.28149e-05
3.18781e-05
2.90387e-06
0
0
0
0
0
0.000152763
0.000125426
0
8.46626e-06
0
0
0
0
0.000367153
0
0
7.43803e-06
0.000348133
0.000164084
0.000160463
0
0
0.000613383
0
0.000565001
0
0.000578047
0
0.000226262
0
0.000471906
0
0
0.000389039
0
0
0.000553896
0.000377118
0.000652691
0.000505007
0.000856566
0.000628511
3.99939e-05
0
5.7802e-05
0
0
0.000174719
0.000167619
0
0
5.54676e-05
0
0
0
0
0
0
4.47196e-06
0
0
0
1.08324e-05
0.000214745
0
2.96137e-05
0
0
0
1.13214e-05
5.59824e-05
1.85206e-05
1.14155e-05
0
0
0
0
7.18302e-05
0
0
0
0
0.000104592
6.42264e-05
0.000297532
2.52411e-05
0
0
0
0
0
0
0.00033455
0.000111975
0.00039971
0.000645925
0
0
0
0
0
0
0.000621331
0
0
0.00037466
0.000665502
0.000395632
0.000569941
0
0
0
0.000302139
0
0
0
0
0
0.000116318
0
0
0
0.000363924
0
0.000115579
5.08388e-05
0.000416012
0.000538214
0
0
0.000683238
0
0
0.000166136
0
0
0
0
0
0
0
0
0
0
0
0.000518852
0
0.000571122
0
0.000287439
0
0.000296685
8.79029e-05
4.10628e-05
8.00635e-05
0
0
0.000397926
0
0
0.000499439
0.000597634
0
0
0
0
0
0
0.000366401
6.94077e-05
5.13024e-05
0
0
0
0.000157994
0
0
0
0
0
0.000533338
0.000514843
0
0.000389243
0
0
0
0
0.000166049
0
0
0.000122705
0
0
0
0
5.78733e-05
6.63266e-05
6.00358e-05
0.000203905
0.000111531
0
0
0
0
0
0.000487578
0.000375786
0.000484863
0
0.000681678
0.0005806
0
0.000311289
0.000250684
0.000266691
0
6.88051e-05
0
0
7.98551e-05
0.000270706
0.000390002
0.00067378
0.000447603
6.72002e-05
0
0.000400419
0.000324713
0
0.000379342
0.000218976
0.000405759
0
0
0.000577485
0
0.000345904
8.30179e-05
2.2424e-05
0.000353807
0
0
0.000111599
0.000150178
6.4378e-05
0.000350206
0
0
0
0
8.80499e-05
5.99371e-05
2.59025e-05
0
0
0.000450149
0.000572624
1.273e-06
0
0
0
0
4.27043e-05
0
0.000141288
4.91737e-06
1.13914e-05
0
0
5.4271e-05
1.38482e-07
0
0
0
5.37881e-06
0
0.000322568
2.2546e-06
0.000106712
0.000338607
1.812e-05
0.000341052
0
0.000166544
0.000309672
0
0
0
0.000176406
0
0
0
0
0.000122762
0.000428418
0
0.000135384
0
0.000351929
0
0.000668841
0
0
0.000595425
0.000520936
0.000272296
0.000535405
0.00013685
0
0
0
0.000375623
0.000474503
0
0.000583758
0.000479916
0.000530495
0
0
0.000274144
0.000577402
0
0
0.000543567
0.000134179
0.000456064
0.000652872
0
0.000127395
0.000325493
0.000221643
0
4.16321e-05
0.000412453
0
0.000186077
0.000284618
0.000180477
0
0.000446285
0.000666081
0.00053789
0.000149631
0
0
0
0.000113595
0.000289107
0.000511287
0.000219193
0.000216319
0.000131076
0.000239368
0
7.78349e-06
0
0
0
0
1.45476e-07
3.64103e-05
7.47461e-05
9.43016e-05
8.02962e-05
4.30267e-05
0
7.09985e-06
0
0.000430854
0
0.000603988
0.000167306
0.000562692
0.000201076
3.91108e-05
0
0
5.28586e-05
0
0
8.97549e-05
0.000570607
0.000246173
0
0.000315503
0
0.000326982
0
0.000293737
0
3.56249e-05
0
0
8.27416e-07
6.14037e-05
0
1.49941e-05
1.34493e-05
0
0
0
0
9.19803e-05
0
0
0
5.22542e-05
5.64551e-05
0
0.000290537
6.57079e-05
0.000155769
0
3.60434e-05
0.000131725
0.000209087
0
0
0.000141456
3.52213e-06
0
9.99729e-06
0
3.61819e-07
0
0
0.000152673
0
0
0
0
0.000132701
0
0.000394559
8.26188e-05
0
0
0
0
0.000391026
0
0.000151168
0
0.000188629
0.000230773
0.000295021
0.000225454
0.000507758
0.000500077
0.000290574
0
0.000115404
0.000124177
0.000218627
0.000400863
0
0
0.000571236
0.000487702
0.000286933
0
0
0
0.000122746
0.000150677
9.62591e-06
0
0
0
0.00020757
0.000250321
2.2287e-05
0.000121803
0.000224336
0
0
0.000112289
0
0.000547421
0.000525851
0.00057987
0
0.00039748
0.000475193
0
0.000247999
0
0
5.37719e-05
1.03671e-05
1.21603e-05
0
2.13011e-06
2.95169e-05
0
9.87402e-05
9.95581e-05
0.000127432
0
0
0
0.000608877
0.000342213
0.000272545
0
0
0
0.000351851
0
0.000242837
0.000203549
4.85624e-05
0
0
0.000269398
0.000558954
0
0.000637994
0.000600409
0.000293174
0.000256207
6.95982e-05
0.000628467
0
0
0
0.000611984
2.028e-05
0.000160409
0
0
0
0.000161894
0.000506143
0.00021924
0
0
0
0.000367775
0.00037814
8.67135e-05
0
4.4631e-05
0
0
0
0.000327315
0.000610599
0
0.000316109
0
7.63349e-05
0
2.4798e-05
0
0
0
0
0
0
6.7899e-06
0
0.000113214
0
0
0
0.000227193
3.19775e-05
0
3.82471e-06
0
1.30975e-05
8.44065e-05
0
0.000107364
0.000214126
0
0.000586701
0.00042472
0.000180712
0.000412167
0
0
1.11826e-05
0
0
0
0.00018658
0
0
0
0
0
0
2.59212e-05
2.75087e-05
0
2.26346e-05
0
0.000277326
0
0.000188532
0
0
0
0
0
0
0.000513477
0
0
0
0.000128061
0
4.16916e-05
0.00019673
0
0.00020975
0
0
0.000176868
0.000148828
8.26583e-05
0
0
0
0
0.00012486
0.000819956
0
0.000158542
0
0
0
0
0.000185986
0.000222478
0
0.00013477
0.00018466
0
4.07363e-05
1.88781e-05
0.000245422
0
0.000384991
0.000228576
0.000274872
5.13965e-05
0.00010229
0.00050282
0.000391783
0.000261084
0.000193901
0.000272338
0
0
0
0
0
0
0
0
0
0.000309258
0.000230412
0
0.000234648
0
0.000230757
0.000463934
0
0.000298564
0.000168707
0
0
0
0.000474629
0
0.000314421
9.83344e-05
4.34635e-05
0.000386208
4.17803e-05
0
0
0.000251027
3.3537e-05
9.76488e-06
1.89074e-05
0
0.000107175
0.000367506
0
0.000398632
0.000620166
0.000239395
0
0.000100115
0
5.64881e-05
0
2.69218e-05
7.06805e-06
9.52252e-06
2.82677e-05
0
0
9.31762e-05
0.000103736
0
0.000111812
0
0
0.000451397
0.000150348
0
0
0
0.000263204
0
3.38705e-06
0
3.32662e-05
0.000331105
0
0
0
0
0.000701649
0.000597409
0
0
0.000491952
0.000264323
0.000173916
0
0
0
0
0
0.000318961
0
0.000285014
0.000495763
0
0.000332067
0.00037789
0.000423885
0
0
0
0.000677394
0.000474883
3.32263e-05
0
0.000154323
0.000415602
0
0
0
0
0.000365196
0.000100282
0.000319983
0.000405166
6.94082e-05
0
0.000467074
0
0
0
0.000177627
0
0
0
0.000100272
1.69813e-07
0.000482642
0
0
0
0.000584039
0
0
0.000401584
0
0
0
0
0.000183718
0.000392584
0.000198032
2.949e-05
5.32374e-06
0
3.8541e-05
0
0.000165226
0.000695064
0.000599963
0
0
0.000748054
0
0
0.000775775
0.000465111
0
0
0
0.000396819
0
0
0
0.000490344
0
0.000433452
0.000435523
0
0
0.000463931
0.000306616
0
0
0.00045389
0
0.000538533
0.000306364
3.77449e-07
0
0
0
2.74917e-05
0
0
0
0
0.000279731
0
0.000273097
0
4.18504e-05
0
0
0.000469845
0.000387341
0
0.000188049
0
0.000647358
0
0.000495608
0.000684206
0
0.000515778
0
0
0
0.000559747
0.000591543
0.000523309
0.000185304
0
0
0
5.31444e-05
0
0
0
0.00010871
0
0.000438342
0
6.30301e-06
0.000168585
0.000448035
1.13314e-05
0.000106953
0
0.000108953
0
0.000175695
0.000345791
0
0.000346991
0
0.00030656
5.33808e-06
0.000117796
0.0004592
6.87487e-05
0
0
0
0
0.000230442
0
0.000537544
0.000236665
0.000223439
0
0.000370465
0.000360014
0
0
0
0.000280927
0.000190403
0.000214437
0.000275251
0
0.000505777
0
9.30162e-05
0
8.05205e-05
0.000308265
0
4.52412e-05
2.20648e-06
0.000460506
0.000222478
0.000277112
0.000635514
0.000160559
0.000286391
0.000444238
0
0.000468613
0.000653483
0
0
0.000622577
0
0.000412547
0
0.000232392
2.77937e-05
0
0.000491295
0
0.000331811
0.000299649
0
0
0.00046402
0.000332661
0
0
0
0
0
0.000654179
0.000372392
0
0.000233637
9.27557e-05
0
3.2026e-05
0.000115531
0
0
0.000250049
0
0
4.73838e-05
0
0
0
0
0
0
2.43427e-05
0
0
0
0
0.000321809
1.70545e-05
0.000232129
0.000319415
0.000243954
0
0
0
0
0
0
0.000478032
0.000320804
0.000258051
0
0.000122054
0.000546876
0
0
0
9.48298e-05
0
2.3727e-05
0
0
8.39765e-05
0.000425857
0.000191014
0
0.000603378
0.000256055
0
0.00033686
9.11132e-06
0
0
0.000213358
0.000273237
0.000262305
0.000121875
0.000435967
2.14484e-06
5.52459e-05
0
0
9.67708e-05
0
0.000300888
0
0
0.000556501
0.000603314
0
0.000260427
0
0.000129904
0
0.000217676
0
1.93293e-05
0
0.000292929
0.000608373
0
0
0
0.000700146
0
0
0
0
0.000491623
0.000224037
0
0
0
0
0.00049823
0
0
0
0
0.000614929
0.000506773
0
0.00017085
0
0.000117529
0.000197023
0.00012795
0.000381697
0
0
0
0.000179461
0.000285495
0
0.000407477
0.000569652
0.000644592
0
0
0.00057239
0
0.000248629
7.21069e-05
0
0
0.00018052
0
0
0.000537511
0.000298608
0
0
0
0
0
0.000164568
0
0
0
0
8.07405e-05
0
0.000233138
1.34835e-05
0
0
2.42791e-05
0.000278194
0
0
0
0.0002031
0.000281704
0
0
0.000742943
0.000508783
0.00029889
0
0
0.000645656
0
0
0.000571459
0
0
2.46611e-05
0.000472744
0.00011079
0
0.000481437
0.000232345
0.000504151
0.000587286
0.000404909
5.99254e-05
0
0
0
0.000250265
0.000525927
0.000523673
0
0.000606473
0
0
0.000413424
0.00046642
0
0
0
0
0
0.000169568
2.72856e-05
0
0
8.55795e-05
0.000220178
0
0
0
0.000570223
0.000595109
0
0
0.000160583
2.64512e-06
4.73912e-05
0.000167683
0
0.000274198
0.000157461
0.000447968
0
0
0
0
0.00047652
0.000270284
0.000404197
0.000310385
0
0.000476132
0.000409156
0.00027679
0.000238859
0
0.000619773
0.000361244
0.000332414
0
0
0
0
0.000516571
0
0
0.000453621
0.000128982
0
7.48043e-05
2.28963e-05
9.85194e-05
3.08747e-05
0
0.000140862
1.15543e-05
0
0.000236316
0.00025279
0.000202261
4.14968e-05
6.00528e-05
0
0.00023214
0
0
0
0.000394321
0
0.000654218
0
0
0.000569012
0.000431776
0
0
0.00039416
0.000496341
0.000201997
0
0
0
0.000642042
0.000115063
0
0.000531557
0.000544175
0
0
0.000394697
0.000610121
0
0
0.00065254
0.000414563
0.000222018
0
0.000510805
0.000131922
0.000175516
0.000432833
0.000374093
0
0
0
0.000326448
0
0
0.000396467
3.54898e-05
0
0.000124563
0
0.000204986
1.09063e-05
0
3.64471e-07
0
0.000344158
4.29859e-06
0
0
0.000142438
0.000801424
0.000438274
0
0
0.000693119
0
0.000572874
0
3.4537e-05
0.00010367
0
0.000316013
0.000139376
0
0.000242719
7.40985e-05
0
0.00057718
0.000674985
0
0
0.000255753
0.000267509
0.000549492
0.000784402
0.000203981
0.000118764
0
0.000494077
0
0
0.000544253
0
0
0
0
0.000404396
0
0.00023345
0.000183875
0.000264429
0.000538642
0
0.000335717
0
0
0
0.00032679
0.000319029
0.000100186
0.000262635
0
0.000142708
6.37055e-05
0.000137237
0
0
0.000324389
0.00011711
0
0.00036774
0.000194407
0
0.000196126
0
0
0
0.000257528
0
0.000233385
0
2.6025e-05
4.95736e-05
0
1.78617e-05
0
0
1.38123e-05
0
8.89162e-05
0.000423028
0
0.000190333
4.7347e-05
0.000101674
0.000163535
0
0
0
0.000486193
0.000372572
0
0.000249475
0
0.000187813
0.000465853
0.00063412
0
0
0.000189006
0.000472941
0
0.000416566
0.000617834
0.000595054
0
0.000501349
0
0
0.000137532
0
0
0.000618359
0.000330515
0
0.000100227
0.00052009
0
0.000633317
0
0.000753367
0.000751926
0
0
0
0.000247928
0.000275833
0.000108247
0
0
0
0
0.000440444
0
0.000141272
3.39236e-05
0
0
0
0
0.000453245
0.000436238
0.000145851
0
0
0.000202384
0.000163115
0
0.000614815
0.000298447
0
0
0.000202388
0.00038081
0.0001386
4.7762e-06
0
3.78313e-05
0
6.39521e-06
0.000374938
0
0
0
0
0.000108818
0
0.000318707
0
0
0
0
0
0
0.00032272
0
0
0.000263262
3.31939e-05
9.86783e-05
0.00027362
0.00018378
0
8.38514e-05
0.000474096
0.000481656
0
0.000299145
0
0
0.00050214
0
0
0.00040612
0
0.000460554
0.000414727
0.000542463
0
0.000759166
0
0.000504513
0.00037101
0
0
0
0.000257576
0.000459223
0
0
0
0.000117837
8.92988e-05
0
0.000106754
1.27376e-05
0
0
0.000121836
0.000163923
0.000217599
0.000556369
0
0
0
0
0.000373876
0.000244799
0.00025437
0.000114916
0.000278565
0.000413055
7.38935e-05
0
0
0.000630123
0.000296444
0.000433409
0.000347154
2.16445e-05
0.000237765
8.27717e-05
9.06221e-05
0
0
0
0
0.000102406
0
1.41381e-05
3.0481e-05
1.04687e-05
0
0
0.000196036
0
0
0.000129118
0.000234031
0
0.000296627
0
0.000624327
0
0
0.000617107
0
0.000653081
0
0
0.000390875
9.78914e-05
0.000198742
0.000686957
0
0.000247977
0.000464818
0
0
9.68207e-05
0.000460215
0
5.33921e-05
1.1421e-05
0.00015834
0
0
0.000198667
0
0.000334269
0
0.000264378
0.00050162
0
0
0.000571894
0
0.00039133
0.000239107
0
0
0
0
0
4.47366e-05
0
0
0.000546798
0
0.000194372
0.000305918
0.000185149
0
0.000195066
0
0
0
2.2231e-05
0
0.000223636
0
0
0
9.57927e-06
6.01505e-05
0
0.000316134
0.00033241
0
0
8.56635e-05
0
0.000653908
5.1226e-05
0.000193494
0.00020516
0
0
0.000405182
0
0
0
0.000264743
7.56594e-05
0.00028184
0.000714513
0
0.00014713
0
0
7.3131e-05
3.17157e-05
0
3.01687e-05
0
0.000206433
0
0.000611551
0.000368779
0
0
0
1.06184e-05
8.5901e-05
0.000300892
0
0
0.000257822
0
0
0
0
0
0.000479603
0.000607022
0.000573814
4.16982e-05
9.6955e-05
0
0
0
0
0
0
0
0
0
0.000331826
0.000154014
0.000381953
0
0
9.24819e-05
0.000128062
0.000538983
0
0.000203679
0
5.53744e-05
0
0.00048875
0
0
0
0
0.000650351
0
0
0.000257316
0
0.000249032
0
2.62202e-05
0.000341007
0
0
0
0
4.98244e-05
0.000125691
0.000415137
0
0
0.000193515
0
0.000311359
0
0.0001143
4.78768e-05
0.000234531
0
0
4.30856e-05
0
0.000124423
0
0
0
0
0
0.000415205
0
0
0.00012562
9.91952e-05
0
0
0
0
0.000181121
0
0
0.000107793
0
0.000290019
0.000383102
0.000282763
0
0
0
0
0
0.00014265
0
0
0.000125412
2.85979e-05
0.000290004
0
0
0
0
0
0
0
0
0
0
0
0
0.000171282
0
0
0.000432093
0.000388453
0.000373504
0.000437951
0.000337373
0.000515753
0
0.000381783
0
0.000252
0.000623411
0.000444886
0
0
0
0
0.000577641
0
0.00028598
0.000174094
0
0
1.64056e-05
0
0
8.78358e-05
0
0
0
0
0
3.68754e-06
0
0
1.17421e-05
0
0
0
0.000240761
0
2.46049e-05
6.38893e-06
0
0
0
7.50445e-05
0.000399766
0
0
0
0
0.000357301
7.41588e-05
0
0.000265285
0
0.000366994
0
0.000124808
0
5.52166e-05
8.82182e-05
0
0
0.00041979
0.000158033
0
2.36553e-05
0
0
0
0
0
5.13766e-07
1.01178e-05
0
5.54721e-07
0
6.36781e-05
0
1.53867e-06
1.73546e-05
3.21628e-05
0
0
0
0.000541005
0
0.000494793
0
0.000367567
0.000152946
0.000223166
0.000276116
4.29294e-05
0.000153334
0.000168758
5.56198e-05
0
0.000746294
0
0
0.000510901
0
0
0.00060073
0
0
0
0.000501766
0.000365932
0
0
0.000635817
0
0
0
0.000326366
0.000356003
0
0.0006281
0.000768484
0.000573941
0.000700881
0
0
0
0
0
0
0
0
0.000675708
0.000730912
0
0
7.85201e-05
0
0.00028997
0.000384723
0
0
0
0
0
0.000234043
0.000212431
0.000628808
0
0
0.000369826
0
0.000685415
0
0.000120105
0
6.67588e-05
1.1168e-06
0
4.84898e-05
0
0
0.000185779
0.000318463
0
0
8.20414e-05
0.000570827
8.20315e-05
0
0
0
5.31396e-05
0
0.000356568
0.000318909
6.02846e-05
0
0.00029041
0
0
0.000438944
0
0
5.26579e-05
0.000514445
0.000388813
0
0
0.000468293
0
0
0
0
0.000459373
0.000228205
0.000351657
0.000364362
5.24515e-05
0.000647594
0
0.000526933
0
0.000355031
0
0.000431531
0
0
0
0
0
0.000634735
0
0.000254977
0
0
0
0
0.000448095
0
0.000355459
0.000338316
0.000514165
0.000339534
0
0.000573506
0.000424012
0.000341965
0
3.76957e-07
0
0
0
0
0
9.6673e-05
0
0
0
0
4.7062e-05
0
6.75998e-05
0
0
0
0.000368436
0
0
0.000656644
0.000623852
0
0
0
0
0
0
0
0
0
9.99888e-05
8.57123e-05
0
0
0
0
0.000428866
0.000225464
0
0
0
1.23946e-05
0
0.000330276
0
0.000125593
0.000373176
0
0.000590195
0
0.000622923
0.000811289
0.000755082
0.000611253
0
0.000100353
0
6.42101e-05
0
0.0005054
6.75928e-05
0
0
0.00016952
7.84207e-05
0
0
0
0
0.000230349
0
0
0
0
0
0
0.000456658
0.000268741
0.000522019
0
0.000422447
0
0.000223657
0
4.01345e-05
0
0
1.52805e-06
5.70137e-06
9.63249e-05
0
0
0.000282577
0
0.000381007
0
0.000334546
0.000607033
0.000469512
0
0.000212452
0
0
0.000288738
0.000371119
0.000546804
0
0.000540181
0.000339402
5.00111e-05
0
0
0.000350356
0
0
0.000537964
0.000138659
0
6.54787e-05
0
0
0.000235776
0.000260473
8.17847e-05
5.55706e-05
0
0
0
0
0.000290414
0
2.98397e-05
0.000161823
0.00042078
7.94835e-05
0
0
0
0
0.00061637
0.000578698
0
0
0
0
0.000673596
0
0
0.000219406
0.000132555
0
0
0
0
1.96963e-05
0.00032792
0
0.000649426
0.000686594
0
0.000142512
0
0
0
1.20622e-05
0
0.000218735
0.000161262
0
0
0
0
0.00010256
5.24634e-05
1.54571e-05
0
0
0
0
0
0.000175426
0.000107174
0
0.000577993
0
0.000382426
0.000391522
0
0
0.000185239
0
0
0.000699526
0
0.000320818
0
1.42108e-05
0.000380713
0.000201946
0
0
6.41014e-05
0
0
0.000179833
0
0
0.000322715
0.000476714
0.000644774
0.000295024
0
0
0
0
0.000251071
0.000613646
0.000369331
0.000114859
0
0.000127739
0
0.000333841
4.39102e-05
0.00055957
0
0.000748583
0.000288332
6.37196e-05
0.000125154
0.000175696
0
0
0
0
0
4.03976e-05
0
3.87565e-05
0
0.000173649
0
0.00022585
0.00052368
0.000274278
0
1.32717e-05
0.000131272
0
0.000451375
0
0.000710362
6.64124e-05
0.000120345
0.000309652
0
0.000527773
0
0.000473969
6.68921e-06
0.000105887
0
0
0
0
0.000118156
0
0
2.02172e-05
3.10501e-05
0
0.00039116
0
8.04284e-05
0
0
0
0
0
0.000216272
0
0
0
0
0
0.000706232
0
0.000682039
0.000569476
0.00031913
0
6.63803e-05
8.55416e-05
0
0.000325265
0.000691166
0.000561281
0.000396681
0.000109028
0.000302759
0.00017503
0.000177343
0.000553174
0.000750149
0.000489893
0
0
0
0.000461473
0
0
0
0.00010269
0
0.000598452
0
0.000564823
0.000299351
0
4.51924e-05
0.00026469
0.000482905
0
0.00021903
0.00057569
0
0
0
6.85508e-05
8.60923e-05
1.55637e-05
0
0
0
0.000190224
0.00025055
0
0.000469983
0
0.000459815
0.00062724
0
0
0.00011561
0
0.000565502
9.64587e-05
0
0
6.5469e-05
0.000300865
0
0.000113498
0.000194892
0
0.000229456
0.000243935
0.000703391
0.000755823
0
0
0.000599915
0.000271242
0
4.56425e-05
0
4.49945e-05
0
0
0
0
0.000388919
0
0.000510378
0
0.000190575
0
0
0.000574789
0
0.000256802
0.000578997
0
0.000567733
0
5.29697e-05
0.000120252
0.000383821
0.00020113
0
0.000187875
0.000309965
9.06246e-05
0.000573605
0.000188674
0.000111142
0
0
0.000233467
0.000190857
0.000146402
0
0
0
0.000109773
0
0.000239745
7.50093e-06
0
3.65296e-05
8.78709e-05
0.000485016
0
0
0.000742099
0.000556622
0.00037018
0
6.6825e-05
0.000159152
0.000419363
0.000171617
0.000308489
0.000361278
5.34079e-05
0.000252197
0
0
0
0.000102849
0.000541687
0
0.000570498
0
7.95942e-05
0
0
0.000107798
0
0.000142005
0
0
0
0.000603713
0.000261879
0
0
0.00017402
0.000116162
0.00017711
0
0.000291888
1.57162e-05
0
0
0
0
0
0
0
0.000219668
0
0
0
0.000563177
0
4.50539e-05
1.17238e-05
0
0
5.70048e-07
8.72277e-06
0
0
0.000245242
0
0
0.000104914
0.000352269
0
0.000718036
0
0.000397101
0.000760538
0
0.000585357
0
0.000424747
0
0
0.000473152
0
0
0
0.000221521
4.62078e-05
1.5104e-05
0.000122594
0
5.13066e-05
0
0
2.25814e-06
0
9.06753e-05
0
0.000194631
0
0.00042106
0
0
7.83991e-05
0
4.72776e-05
0.00027431
0.000217856
0
0
0.00042534
0
0
0
0.000633315
0
0
0
0.00049071
9.45209e-05
3.97809e-05
0
0
1.93686e-05
0.000458194
9.8613e-05
0
7.55886e-05
0
0
0
0.000396225
0
0
0
0
0
0
0
0
0
0
0
0.000321478
0
0.000158248
9.0062e-05
0.000327742
0
0
0.000202078
0.000254418
0
0.000327278
0
0.000466686
0.000252088
2.21335e-06
6.11383e-05
0.000305211
3.85353e-05
0
0
0
0
0
0
0
0
0
0
0.000225406
0
0.00018375
0
0.000384668
0
0
0
0
0
0.000763241
0
0
0.000214242
0
0
2.60168e-05
0
2.99264e-05
0
0.000174266
0
0.000272446
0
0.0001788
0.000294436
0.000264745
0
3.5052e-05
1.81918e-05
0.000518377
0.000153121
0
0.000386069
1.67789e-05
0
1.62869e-05
0
0
0.000356019
0.000451475
1.82349e-05
0
0
0
9.90898e-05
0.000217543
0
0.000114394
0.000223799
0.000331314
0
0.000116431
0.000311675
0
0.00019241
0
0
8.48814e-05
5.30616e-05
0.000329239
0
4.86999e-05
0
0
0
0.000423659
0
0.000348616
8.2755e-05
0
0
0.000167869
0
0
0
0
0.000153338
6.30017e-05
0.000155099
0.000460416
0.000430256
0.000209269
0.000255872
0
0
0
0
0
0.000328501
0
0
0.000271411
0
0
0.000267407
4.70813e-05
0
0.000173593
0
0.00026938
9.18349e-05
8.22108e-05
0
0
0
7.96944e-05
0
0.000314219
0
7.25376e-05
0
6.7423e-06
0.000484838
0.000646799
0.000772243
0
9.36431e-05
0
0
0.000239643
0
0
7.66069e-05
0.000390101
0
0.000378652
0.000143146
0
0
0.000129344
0.000115876
0
0
0.000191659
0.000236715
0.000495745
0
0
0
0.000508005
8.29512e-05
0.000240881
0.000331162
0
0.000465886
0
0.000667504
0.000360126
0
0
0
0
0.000426055
0.000110702
0
0
0
0.000167112
0
0.000259308
0
0.000232957
0
0
0
0.000347701
0
0
0
0.000201195
2.14213e-06
8.42041e-05
0
0.000271085
0
0
0.000160637
0.000499743
0.000321753
0
0
0.000345495
5.60074e-05
0.000270358
0.000354519
5.28285e-05
0.000190116
0
0
0
3.51497e-05
0
0
0
0
0
5.5654e-05
0
0
0.000111733
0
0.000467516
0.000504325
0
0
0
0
0
0.000514674
0
0.000534478
0.000207244
0.000443498
0
0
2.88903e-05
0
8.59438e-05
8.39376e-05
0
0
0
0
0
4.21799e-05
0
0
0
2.34001e-07
0
0.000223717
0.000315498
0
0
0
0
0.000648748
0
0.000541109
0
0
0
0
0
0.00061876
0
0
0
0.000222247
0.000348855
0.000120128
9.3412e-05
0
0.000204235
0
0
0
0
0
0.000356405
0
0
0.000493092
0
0
0.000546435
0
0
0
0
0
0
0.000337548
0
0
0.00011095
0.000108842
0
0.000376539
0.000141364
0
0
0.000148766
0.000195311
0.000576936
0
0
0
0.000700251
0.000254581
0
0
0.000218273
0
0
0
3.02263e-05
0.000515408
0
0.000430226
0
0
4.51397e-05
0.000458619
0.000403086
0
0
0.000350644
0
0
0
0.000519495
0
0.000203194
0
0
0
0
0.000173176
0
0.000536816
0
0
0
0
0.000125316
0.000275103
0.000543364
0
0.00020091
0
5.55116e-05
0
0
0.000196957
0.000736216
0
0
0.000239235
8.09055e-06
0.000125875
3.36857e-05
1.60818e-05
5.16221e-05
0.000192322
0.000125598
0
0.00016416
0
0.000434643
0.000680104
7.33135e-06
0
0
0
0
0
9.94086e-05
0
0.000163942
4.10734e-05
0
0.000132357
0
0
0.000203658
0.000260829
0
0
0
0.000432762
3.32954e-05
0
0.000274069
0.000542695
0.000719403
0.000159388
0.000301974
0
0
0
0.000358848
0
0.00033747
0
0.000334724
8.05202e-05
0
0
0.000417805
0
0.000623773
0.00052665
0
0.000361325
0.000620882
0
0
0.000464541
0
0.000153388
0
0.000293228
2.20989e-05
0
0
2.8837e-06
6.91266e-06
0
7.72318e-06
0
0.000290046
0
0.000230336
1.47342e-05
2.78347e-05
0
0
6.95286e-05
0
0
0
0
0.00015757
0.000169519
0
0.000181143
0
0
0
0.000334691
0
0
0.000257689
0.000643526
0
0.000809158
0.000797439
0
0.000631032
0.000196454
0.000265447
0.000585715
0.00041231
0
0
0
1.51941e-05
0
0.000230918
0.000283635
0
7.78399e-05
6.15161e-05
0.000145705
0.000367817
9.49289e-05
7.65451e-05
8.80937e-05
0.000225682
4.61395e-05
3.45143e-05
0.000307935
7.63619e-05
0
0.000452513
0
0
0
0.000363942
0
0
0
0.00041254
0.000376732
0
0
0.000639454
0
0.000300781
9.47173e-05
0
0
0
0
0
0.000521894
0.000165414
0
0
0
0
0.000249914
0
0
0.000279615
0
0
0.000393311
0
0
0.000190871
0.000435964
0
5.84671e-05
6.02719e-06
0
4.63705e-05
1.99791e-05
5.63003e-06
1.05625e-05
6.54823e-05
1.18017e-05
0.000183586
0.000338295
0
0
0
0
0
0.000301373
0
0
0.0001432
0.000199894
0
0
0
0
0
6.79448e-05
0
8.08534e-05
0.000147155
0.000163176
0
0.000478028
0
0
0.000241297
0
0
0
0
0
0.000405241
0.000734017
0.000697759
0
0
0.0004687
0
0
0
4.96224e-05
0
0.000180803
0
0
0
0
0
2.65098e-05
0
1.08978e-05
0
0
0.000151373
0.000356405
0
0.000268331
0
0.000100977
4.31921e-05
0.00012869
0
0.00021858
6.00973e-05
4.93197e-05
0
0
0.000164066
0.000204397
0
0.000169043
0.000164046
0.000325298
0.000156371
0
0
0
0
0
6.7745e-05
0
1.81146e-05
0.000384372
0
0.000411308
0.000215718
6.49837e-05
0
0
0.00054983
0.00025097
0
0.000483517
0.000107741
0
1.09883e-05
0
0.00065602
0.00017888
0
1.74206e-05
0.000325146
0
0
0
0.00032026
0.000493028
0.000443961
0.000456845
0.000394828
0
0
7.29699e-05
0.000121808
0.000220878
0
0.000572744
0.000510226
0.000275058
0
0
0.000347642
0
0.000248982
0.000296472
0.000188064
0
3.42312e-05
3.47247e-05
0
1.14237e-05
3.43395e-05
0
0
0.000448825
0.000336471
0
0
0
0.000476735
0
0.000663285
0.00029213
0.000506403
0.000273495
0
0
0.000464499
0
0
0.000317187
0.000470163
0
0
0
0.000422025
0.000160608
0
0.000230765
0
0.000264898
0.000197535
0.000299681
0.000438544
0
0
0
0.000577919
0.000474489
0
0
0
0
0
0.000222992
0.00046043
0.000455109
0
4.60036e-05
0
0
0.000383858
0
0.000321733
0
0.000361108
0
4.52583e-05
0.000383195
0.00073812
0
0
0
0
0.000762231
0.00068355
0
0.000432177
0.00066056
0
0
0
0.000767784
0.000431785
0.000580684
0.000523167
0.000125387
0
0.000131771
0.000378931
0
0.000521911
0
0.000164278
0.000106507
0
0
0
0
0
0.000222834
0.000178756
2.07375e-05
6.79187e-05
0.000479973
0
6.46519e-05
0
0.000335421
0
0.000374223
0
0
0.000374663
0.000171356
0
0
0
0.000511448
0
0.000551373
0.000249381
0.000367194
3.36908e-07
0
0.000444219
0
0
0.000410241
0.000190797
0.000147588
0.000114244
3.05953e-05
0
0
4.2413e-05
0.00015727
0
0
0
0
0
0
0.000205613
4.27038e-06
0.000190019
0
3.75205e-06
0
0
0
0
0
6.52607e-05
0
0
9.42563e-05
0
0.00049653
0.000396437
0.000192437
0.000482769
1.45331e-05
0.000304753
0
3.66715e-05
0.000140727
0
0
0
0
0.000145815
0.000508762
0.000102128
0
0.000391432
0.00023261
0.000530281
0.000117714
0
0
0
0.000299499
0
0
0
0.000281352
8.17593e-05
2.71837e-05
0
0
0.000359086
0.000188533
0.000178369
0.000164904
0
0
0.000161431
0.000180067
0
0.000107902
0
5.63001e-05
6.84967e-05
0
0
0
0
1.19958e-06
0
0
7.8141e-05
0.000253398
0.000176616
0
0.000133217
0.000195591
9.39297e-05
0
6.041e-05
8.32779e-05
0
0
4.44922e-05
0.000206064
0
0.000124499
0
0
0
4.36836e-05
0
0
0
0.000219323
3.19626e-05
0
0
0
0.00013984
0.000205937
0
0.000303083
0.000259266
0.000134603
0.00014222
0
1.17771e-05
0
2.17953e-05
0
0
0.000145388
0.000203742
2.73081e-05
0.000506379
0
0.000392498
0
0
0
0
0.000188675
0.000419863
0.000372967
0
1.14597e-05
7.99226e-07
1.28975e-06
0
0
0
0.000519984
0
0
0
0
0.000378703
0.000347775
0
0.000457733
0.000481314
0
0.000801313
0
0.000602852
0
0
0
0.00078739
0
0
0
0
0.000170654
0.000151601
0
7.4524e-05
0.000296219
0.000228251
0.000140479
2.25838e-05
0
0.000203113
0
0.000425025
4.50934e-05
0
0.000129576
0.000199522
0.000175312
0.000591492
0.000607588
6.86187e-05
6.66894e-06
0.000444655
0
0.000124308
0
0
0.000124709
0
0
0
2.10534e-05
0
0.000334033
0
0
0.000541981
0
0
0
0
0
0
0.000585082
0
0
0.000262164
0.00012087
0
0
0
0.000114367
2.86358e-05
0
0
5.57964e-06
1.15927e-05
0.000210518
0.000408911
0
3.82989e-05
0
0
0
0
0
4.5073e-05
0.000210788
0.000415242
0.000702385
0.000362757
8.88474e-06
0
0.000219402
0.000151154
8.60695e-05
0
0
0
0
1.80131e-06
0
0.000400387
0.000347774
0.000188446
0
0
0
0
0
0.000302923
0.000356751
0.000517676
0.000355166
0.000378898
0
0
0
0.000119389
0
0.000598843
0.000730184
0
0
0.00012583
7.47723e-05
9.96355e-05
0
0
0.000498372
0.00063043
0
0
0
0
0.000473904
0
0
0.000659529
0.000177393
0.000232248
0
0
6.95706e-05
0
0
0.000172339
0
0
9.87797e-05
0.000205088
0
0.000192722
0
0.000271733
0
0.000183694
0
0
0
7.63538e-06
0
1.41514e-05
2.85227e-06
0.000234426
0
0.00024025
0
0
0.000114632
0.000100355
0.000366005
0
0.000283262
0.000361143
0.000237936
0
0
0.000538724
0
9.62316e-05
0.000275064
0
0
0.000249447
8.40372e-05
6.52125e-05
0.000109539
0.000550493
0
0
0.000538219
0.0007778
0.000647947
0
0.000102879
0.000416321
0
0
0.000130664
0
0.000372722
0.00015686
0.000138212
0.000438612
0.00069469
0
0
0.000484134
0.000248912
0
0.000108895
0.000111455
0
2.12296e-05
0.000518691
0.000728235
0
0.000331672
0.000109011
0.000115228
6.56087e-05
0
2.92071e-06
2.62386e-07
8.18173e-05
1.78893e-06
0
0
0
0
0.000243427
0
7.71666e-05
0
1.79854e-06
8.26393e-05
0
0.00025669
0.00058299
0
0
0
1.53532e-05
3.42392e-05
0
0.000290245
0
0
0.000352572
0
0
0
0
0
0.000332174
0
0.00042662
0.000529074
0
0.000280164
8.25854e-05
0
0.000320912
0.000359107
0
0
0
7.70442e-05
0
0.000210263
0
0
0.000633398
0
0
0.000624901
0
0
0
0
0.000537228
0
0
0
0.000242954
0.000593143
0
0.000335791
0.000334523
0.000396964
0
0.000443175
0
0.000523537
0
0
0.000755166
0.000112748
0
0.000164363
0.000119323
0
0
0.000136389
8.80222e-05
0
0
8.36985e-05
0.000208511
0.000168774
0
0.000451111
0
0
0
0.000605116
0
0.000254052
9.47832e-05
0.000338847
0.000369378
0
0
0.000448231
0.000125432
0
0
0.000233129
0
0
0
0
0.000230085
0.000180751
0
0.000203419
0
0
0.000552776
0.000184111
0
0.000285877
0
0
0
0.00010494
0
0
0
1.46605e-05
0.000141602
0
0
0.000562955
0.000478418
0
0
3.18512e-05
9.16996e-05
0
0
0
2.44189e-05
0.000223251
0.00056199
0
0.000620252
0
0
0
0
0.000361086
4.60479e-05
0
0
0
0.000201844
0
0.000206163
0
0
0.000501369
0
0.000707679
0
0.000803893
0.000610266
0
0.000555304
0.000222413
0.000159647
0.000127219
0
0
0.000297347
0
0
0.000113785
0
0
6.47875e-05
0.000624612
0.000356208
9.05628e-05
4.92397e-05
0
0
8.84073e-05
0.000441505
0.000596183
0
0.000161994
0
0.000295552
0.000566234
0.000620388
0.000316801
0.000382634
0.000256908
0.000129029
2.86895e-06
0
0.000331138
8.92986e-05
0.000133547
3.39803e-05
3.47305e-05
0
0.000208313
0.000204442
0.000126399
0
0.00040811
6.27984e-06
3.09195e-05
8.10612e-05
9.09871e-05
0
0.000269673
0.000161834
0.000547043
0.000182533
0
0
0.000376415
0.000115124
0
0
0.000358477
6.77716e-05
0.000333431
0
0
0
0.000118142
0
0
0.000186005
0
0.000270163
0
0
0.000590925
0
0.000551008
0
0.00053036
8.0728e-05
0
0
4.17702e-05
0
0.000100234
0.000155659
0
0
9.64394e-05
0.000218441
5.35507e-05
7.2412e-05
0
0
0.000137839
0
0
0
0.000220105
9.38421e-06
0
0.000257439
0.000319999
5.23746e-05
0
0.000407646
0.000483146
0
4.26875e-05
0
0
0
0
0
0
0
0
0.000411658
0.000524942
0.0002112
0.00028584
0
0
0
0.000347985
0
0.000317871
0
0
0.000427398
0
0.000454949
0
0.000653827
0.000327227
0
0
0
2.6813e-05
0
0
0.000137902
0.000423799
0
0.000825909
0
0
0.000311273
4.39549e-05
0.000205671
0
0
0.000131928
0
0
0.000208766
4.74069e-05
0.00015116
4.50923e-05
8.35889e-05
0.000411785
0
0
0
0
0
0
0
0.000540847
0
0
0
0
0
0
0.000481601
0.000462704
0
0.000305006
0
0
0
0
0.000400503
0
0
0
0
0.000199481
0
0.0001148
0
0.000323685
0.000380312
0
0
0
0
0.000216049
0.000340398
0.000419853
0
0
0.000498339
0.000656754
0
0.000596096
0.000660332
0
0
0
0.000363679
0.000608874
0.000227218
0.00041605
0
0
0
0
0.000359129
0.000418548
0.000310294
0.000476233
0
0
0.00034412
0.000234668
0.000178678
0
4.8224e-05
0
0.000281637
0
0
0
0
5.78534e-05
0.000269343
0.000237232
4.76228e-05
0
0
0
0
0
3.48735e-06
0
0.00025645
0
0
0
0.000575223
0.000270326
0
0.000209337
0.000202934
0
0.000351532
8.72481e-05
0.00038295
0.000431755
0
0.000488594
0
0.000534627
0
0
0
0.00040191
0
0
0.0004023
7.95181e-05
0
0
0
0
0.000394843
2.62317e-05
0.000286474
0
1.42415e-05
0.000139314
0
0.000289439
0
5.23703e-05
0.000117145
0
4.28558e-05
0.000160627
0
0
0
0.00026148
0
0
0
0
6.78331e-05
0.000138064
0.000321125
0
2.66782e-05
0
0.000209059
0
0.000600375
0.000184454
0
0.00074127
0.000388501
0
0.00036487
0.00045044
0.000184804
0
0.000328079
0.000526427
0.000452609
0
0.000618284
1.68207e-05
0.000312327
8.15863e-05
0
0.000420217
0
0
0.000387421
5.93769e-05
0
0
0
0
0.00018628
0
0
0.000250881
0
0.000716787
0.000344032
0
0.000523703
0.000324138
5.54581e-05
0
0.000138916
0
0
0.00049346
0
0.000335659
2.54868e-06
1.5653e-05
0
0.000466737
0
0
0
0
0
0.000432639
0
0.000598953
0
0
0
0
3.7826e-05
0
0
0
0
0
7.88127e-05
0
0
0
0
1.12548e-05
2.83328e-05
0.000133365
0.000129479
6.80571e-05
0
0
0.000695625
0
0
0.000203954
0
0.000376268
0.000152989
0
0
0
0
0.000260468
0
0
0
1.2835e-06
9.94793e-06
0
2.36766e-05
0
0.000101865
0
0
0
0.000632073
0
0.000605003
0
0
0
0.000286644
0.000432935
0
0.00077359
0.000434957
0.000123526
6.20025e-05
0
0
0
0
0
0
0.000134768
0.00040639
0
0
0
0.000231165
0.000160906
9.69019e-05
0
0
0
0
0
0.000307074
0.000195873
6.49136e-05
0.000560194
0.00049781
0
0.000638807
0.000196258
0.000130874
0.000105429
4.70786e-05
0.000169496
0.000636922
0.000439808
0.000372284
0
0
0.000312777
0.000141236
0
0
0.000153578
0
0
0.000276162
0
0.000315058
0
0
0.000421597
8.97936e-05
0
0
0
0
9.404e-05
0
0
0
5.7107e-05
0
0
5.37175e-05
0
0.000253031
0.000417657
0
0
0.000266678
0
0
0
0.000134239
0.00050689
0
0.000491463
0.000240157
0
0.000444259
0.000440709
0.000232152
0
0
0
0
3.77973e-05
0.000196605
0.000134696
7.29811e-05
0
0.000523098
0
0.000522596
0
0
0.000187634
0.000112501
9.303e-05
0.000388567
0
0
0
0
0
0
0
0.000375433
0
0
0.000677885
0
0.000628544
0.000555705
0.000651466
0.000270322
0
4.7351e-05
0.000187732
0.000527139
0.000291412
4.8205e-05
0
0.000110378
0.000391184
0
0
0
0.000237702
0
0.000484448
0
0.00042615
0
0
0.000285423
0.000199732
0.00012353
8.09558e-05
0.000114436
0
0.000435083
0
0
0
0.000292992
0.000238969
0.000308134
0.000345219
0.000236332
0
6.32424e-05
2.09673e-05
0
0
0
0.00021308
0
0.000293922
0.000276169
2.48384e-05
0
0.000334335
0.000226798
5.73888e-05
0.000523636
0.00050439
0
0
0.000369164
0
7.54925e-05
0
4.64886e-05
7.81706e-05
0
0
0
0
0.000249918
0
0.000101478
6.54744e-05
0
0.00010944
0.000108259
0
0
0
7.3244e-05
0
0
0.000155381
0
0
0.000162862
0
0.000364486
0
0.00017384
0.000116206
0.000168655
0.000134114
3.71053e-05
1.1229e-05
0
0.000361854
0
5.45475e-05
0
4.29659e-05
0
0
5.78124e-05
0
0
0
1.1715e-05
0.00017024
0.000193503
0.000171329
5.59514e-06
0
7.69795e-05
2.15589e-05
0.000316015
0.000144011
0.000602157
0.000136861
0
0.000113691
0
0.000185277
0.000325007
0
8.60932e-05
3.57426e-06
0
5.57197e-05
0
0
0
0
0
0
0
0
5.32434e-05
0
4.97908e-05
0
0
0.000120023
0.00029548
8.83822e-05
0.000352545
0.000105784
0.000370317
0.000233419
0
0
0
0
0.000151264
0
0
0
9.33773e-05
0
4.45903e-05
0
6.52003e-06
7.10753e-05
2.42485e-05
0
0
4.04595e-05
0
0
0
0
0.000131
8.88447e-05
0.000188809
0
0
0
0.00021668
0
0
0.000374085
0.000412305
0
0
0.000470262
0
0
0.000521076
0.000310437
0
3.14947e-05
0
0
0.000416445
0
0.000230873
3.63025e-05
0
3.8176e-05
0
5.7707e-05
0.000253432
1.24655e-05
0.000648939
0.000616216
0
0.000455981
0
0.000286638
0
5.53006e-05
0
0
0
0.000344299
0
0
0
0
0.000137228
0.000291248
6.72605e-05
0.00025246
0.000203711
0.000169495
3.48348e-05
0.000337234
0
3.57141e-05
0
1.75063e-05
0.000250938
0
0
0.000472292
0.000350854
0.000516007
0
0.000417647
0.000111315
1.11669e-05
3.72963e-05
0
0
0.000403729
0.00023373
0
0
0.000404586
0
7.5546e-05
0
0.000251375
0
0.000564906
0
0.00059635
0
2.71844e-06
0.000234974
0.00063369
0
0
0.00051905
0
0.000351062
0
3.8475e-05
6.21409e-05
6.12633e-05
0.00023917
0.000600613
0.00032214
0
0
0
0.000318385
0
0.000461437
0
0.000427102
0
0
3.1673e-05
0
0.000202801
0
0
0
0
0.000461532
0.000144268
0.000463558
0.000382145
0.000149296
6.53145e-05
0
0.000108443
0
1.89691e-05
0.000229063
0
0
8.11403e-05
0.00036829
0.000744624
0
0
0
0.000264789
0
0.000462415
0.000106125
0.000134075
0
0
0
0.000213702
0
0
0.00024057
0.000450213
0
0
0.000420061
0.000230415
0
0
4.69961e-05
0
8.98128e-05
8.28841e-05
2.01616e-06
6.92824e-05
0
5.59097e-05
0
0
0.000536804
0.000400111
0.00016622
0.000271269
0.000472101
5.06126e-05
0.000151508
0.000323176
0
0
0.000116106
0
0
0.000157702
0
0
0
0
5.84988e-05
0
0
0
4.73585e-06
0.000669448
0
0.00063888
0
0.000280627
0.000104735
8.38567e-06
0
0
0
1.12407e-05
0
4.32279e-05
0
0.000150883
0.000254493
0.00015588
3.60121e-05
1.35015e-05
0.000341781
0.000619577
0
0.000347441
0.000113659
0
5.42911e-05
0
0
0.000411392
0.000483241
0
0
0
0
0
0.000501233
0
0
0
0
0.000336419
0
8.5101e-05
0
0.000259954
0
0
0
0
0
1.36898e-05
0
2.17163e-05
0.000103119
4.87987e-05
0
0.000351088
0
0.000261671
0
0
0
0
0
0
0
0
0.000512563
0.000363233
0.00047988
0
0
0.000272244
0
0
0.000202959
0.000130886
1.01205e-05
3.11052e-06
2.50235e-07
0
0
9.71035e-05
0.000130158
0
0
7.93263e-06
0
0.000401135
0
0.000439168
0
0.000357875
0.000372605
0.000543151
0
0
0
0
0
0.000321945
0.000444018
9.07941e-05
0
0.000267936
0
0
7.01151e-05
0.000105944
0.000122963
0
0.000172103
0
0
8.81886e-05
9.54195e-05
8.21656e-05
8.71318e-05
0
0.000210608
0.000120602
0.000231956
0.00048991
0.000370222
3.04979e-05
5.36011e-05
0.000178797
0.000601899
0
0
0.00025995
0.000631843
0
0.000681922
0
0
0.00046581
0
0.000104021
6.34908e-05
0
0
0.000507437
0.00013048
8.33554e-05
0
0
0.00011554
0.000495936
0.000166805
0.000282942
0
0
0.00048778
0
0.00030563
0.000104437
0.000144184
0
0
0
0.000196361
0
0.000276473
0
0
0
5.83707e-05
0
0.000105733
0
0.000436625
0
0.000420358
0.000488552
0
0
0.000117223
8.32684e-06
0
0.000117608
0
1.02359e-05
0
0.000367437
0
4.63335e-05
0
0.000236654
0
0.000526231
0.000449145
0
0.00061749
0.000288839
2.34866e-06
6.33736e-05
3.02388e-05
0
5.4722e-06
0.000193543
0.000183808
0.000334214
0
4.44099e-05
0.000314441
0
0
0.000292791
0
0.000211418
0.000381953
0.000497475
0.000298996
0
0.00022588
0
0
1.8665e-05
0.000294365
0.000107518
2.44426e-05
0.000216483
0.000185573
0.000235261
0
0
0.000435565
0.000147544
0.000395511
0
0
0
1.71101e-05
1.56537e-05
0
0
0.000647346
0
0.000180327
0
0
0.000313931
0.000102826
0
0
0
0
4.93372e-07
7.05679e-05
6.8137e-05
3.39924e-05
6.32535e-05
9.06544e-05
0.000621865
0
0
0
0.000392071
0
0
0
0
0.000239593
1.47943e-05
0
5.33459e-05
0
0
0.000236661
0.000219081
0
0.000332406
2.50665e-05
0
0.000234563
0
0
0
0.000443618
8.46778e-05
0
0
0
9.95093e-05
0.000223061
0.000363323
0
0
0
0.000122871
0.000144061
0.000348692
0.000350954
0
0
0
0.000516373
0.000117896
3.89203e-05
0
2.43168e-05
7.56325e-05
0
0
4.35521e-05
0
0
0.000254898
0.000436335
1.12094e-05
5.06607e-05
0
0.000150886
0.000536412
0.000258271
7.34877e-05
0
0
0
0.000243586
0.000247738
0.000467768
0.000145716
0.000175845
0.000391291
0
0
0
0.00052935
2.61728e-05
8.25627e-05
0.000159627
0.000295473
0
0.000352785
0
0
8.50457e-05
0.00015118
0.000589169
0.00027304
0.00019261
0.000320775
0
0
0
3.08238e-05
0.000392876
0
0
6.21365e-05
0
0
0
0
0
0.000119561
0
0.000198037
0
0.000106094
0
0
0
0
0.000364423
0
0
0.000389936
0.000302905
0
0
0
0
0
0
8.56831e-05
0.00059515
0.000526507
2.83455e-05
0.000416345
3.40661e-05
0
0
0
0.000197317
0.000284201
0
0
0
0.000255928
0.000655894
0
0.000724186
0.000542517
0.000650775
0.000633404
0
0
0
0.000334912
0.000530771
0
0
0
0.000151008
0
0.000347585
0.000157179
7.9654e-05
0
0
0
0
0
0.000102538
5.82232e-05
0
0.000198775
6.4583e-05
0
0
0
0.000301975
0.000552235
0
0.000454654
0
0.000387634
0
0.000658496
0.000110592
0
0
6.58063e-05
0
0
0
0
0
4.57787e-05
0.000219232
0.000122762
0.000500284
0.000570052
0.00056388
0
0
0
0.000456881
0
0.000670193
0
0.00061677
0
0
0
0
0.00075021
0.000563337
0.000271276
0
0
0.000222737
9.27227e-05
0
0.000629345
0.000561685
0.000269718
0.000750266
0.000388222
0
5.44601e-05
0
0.000280682
0
0
0
0.000351616
0.000323792
0
0.000294481
0
0.00030408
0.000350653
0.000220618
0
0.000134002
0
0
0.000239802
0
0
0
0
0.000294626
0
0.000213288
0
0
0
0.00010038
0.000218119
0.000139173
5.5566e-05
0
0.000248223
0
0
0.000477427
0.000348218
0.000449206
0
0
0.000605587
0.000688283
0.000474404
0
0
0.000421197
0
0
4.69863e-06
0
0
0.000132428
0.000523957
0
0
0
0.000524246
0.000504452
0
0
0.000217289
4.00054e-05
0
5.08971e-05
0
0
0.000214098
0.000531569
4.44672e-06
0.000370355
0
0.000539686
0.000771626
8.74785e-06
0
0
2.42453e-05
2.00685e-05
0
6.21979e-05
0.000100274
0
0.000136381
0
0.00014089
6.20328e-06
0
5.48709e-06
0
0
7.54176e-05
0.000154862
0
7.84273e-05
0
0.000156924
3.34727e-05
0
0.000225426
0.000127601
0.000132399
6.38408e-05
0.000347857
0
0
0
0.000653853
0
0
0
0.000489621
0.000423008
0.000240426
0.000240248
0.000283112
0.000607313
0.000628749
0.000549956
3.81614e-05
0
0
0
0.000146068
0
0
0.000485517
0.000249597
0
0
0.000131016
0
4.49403e-05
0.000257383
0
0
0.000169888
1.36793e-05
3.29681e-05
0
0
0.00014068
0.000643027
0
0.000314304
0
0
0.000145339
0
0.000308969
0
0
0
1.08888e-05
0.000266526
0
0.00027258
0
0
0.000100996
0
0
0
0.000340339
0.000661793
0
0.000319561
5.10775e-05
0.000397079
0
0
0
0
0.000227377
7.55965e-05
8.19307e-05
0.00028397
0.000403064
0
0.000268479
7.40595e-05
0
0.000144721
0
0
0
0
0.000209251
4.67304e-05
0.000239357
0.000691495
0
0
0
0
0.000626231
0.000385254
0
0
0.000448886
0.000136747
3.53869e-05
1.0704e-05
0
4.47915e-05
0
0.000199699
0.000517341
0
0.000148521
0.000185826
0
0
0
0
0.00067439
0
0
0
0
0
0.000298614
0.000510662
0.00010978
0
0.000105007
0
0.000255017
0
0
0.000644957
8.03531e-05
0.000288113
0.000439918
0
0
0
0.000582999
0.00056225
0
0.000369089
0.000539126
0.000250872
0
0
0.000670834
0
0
0
0
0.000414686
0.000352229
0
0.000256373
0.000412548
0
0.000490268
0
0
0.00054804
0
0.000503254
0
0
0.000198555
0.000360773
0
0
0.000600047
0
0
0.000183231
0
0.00043982
9.07924e-05
0
0
0
0.000132565
2.14379e-06
1.86849e-06
0
3.74574e-05
0
0
0
0
0
0.000156124
3.83748e-05
0.000252425
0
6.96801e-05
0.000383738
0.000175666
0
0
0.000253704
0.000151951
0
0
0.000597928
0
0
0
0
0.000315552
0
0.000212675
0.00018456
0
0
9.39097e-05
0
0
0.000136902
0
0.000346651
2.97601e-06
0
0
0
0
0
1.90399e-05
0.000181195
4.64003e-05
0
0
0
0.000329921
0.00032011
0
0.000432342
9.35729e-05
0
0.000102892
4.58452e-06
0
0
0
0.000395252
0
0.000198207
0
0
0
0.000354292
0
0.000294409
0
0
0
0.000175985
0
0.000171858
0
0
0
0
0
0
0.000492512
0
3.01411e-05
0
0.000196479
5.83247e-05
0.000596151
0
0.000177338
0
3.01974e-05
1.53224e-05
0.000127682
0
2.37084e-05
0.000297403
0.000409131
0.000347392
0.000477069
0
0
0
0
9.67373e-05
0
0.000130204
0
0.000273658
0
0
0.000121072
0.000150988
0
0
0
0.000229664
0
0.000785067
0.00060054
0.00024791
0
0.00040484
0
0.000135423
0.000161185
0
0
0
4.67552e-05
0
0
0.00011541
9.0306e-06
0.00057597
0
0.000625252
0.000729869
0
0
0
0.000613928
0
0.000441294
0.000325664
0
0
0.000340544
0
0.000623513
0.000541586
0
0
0
0
0
0.000358934
0
0.000429527
6.53989e-05
0.000319298
0.000312533
0
0
0.000601359
0
0
1.68782e-05
7.95744e-05
0
7.77418e-05
0
0
0.000176684
0
0.000373798
0
0.000207877
0
0.000190725
0
0.000348583
0
0
0
0
0.000448887
0.000316903
0
0
0
0.000379995
0.000565693
0
0
5.36497e-06
0
0
3.33034e-05
0
0
0
0
2.99442e-06
0
0.000297136
0
4.18276e-05
0.000205202
0
0
0
3.68983e-05
0.000360131
0
0
0
0.00010083
0
0
0
5.3844e-05
0.00015332
0.000254851
0
0.000239636
0
0
0
0.000334312
0.000528135
0
0.00025601
0
0
0
0
0
0
0.000541051
0
0.000238681
0
0
7.24921e-05
0
7.8274e-06
0
0
0
0
8.66971e-05
0
0
0.000501899
0.000301048
0.000122215
0
0
0
0
0.000191438
0
0.00031023
1.95747e-05
1.93686e-05
4.16917e-05
0
1.50822e-05
0
8.78787e-05
0
8.54761e-05
0.000240328
0
0
0.000673196
0
0.000307614
0.000317881
0
0.00040976
0.000383135
0.000286532
0
0.000443314
0
8.10891e-06
5.45193e-06
4.21465e-05
0.000288964
0.000576894
0
0.000311096
0
0
0
7.57166e-05
0
0.000156664
0
0.000228366
6.07154e-06
0
0
0
0.000378455
0
0
0.00047687
0
0.000162589
0
0
1.08861e-05
0.000136588
0
0
0.000508084
0
0
0.000194633
0
0
0.000372242
0.00038045
0.000541015
0
0.000569585
0.000240597
0
0.000208924
0
1.69256e-05
0
0.00012073
0
0
0
0.000225858
0.000219771
0.000116966
0
0.0001285
0
0
1.34566e-05
2.87626e-07
0
0.000105278
0
0
0
1.70355e-05
0
0
0.000140722
0
0.000470701
0
0.000125341
0.000319298
0
0
0
0
0
0
0.000381354
2.39863e-05
0.000127435
0
0.000135286
0
0
0
0
5.03469e-05
0
0.000204935
0
0.000461955
0.000364152
0
0.000226698
0.000615075
0.000279279
0
0
0
0
0
0
0.000127134
0.000622129
0.000386107
0.000676155
0
0
0.000448235
0
0.000163329
0
0
1.1282e-06
3.83673e-05
0.000137447
0
0.000339816
0.000526106
0
0.000258796
0
0
0.000276592
0
0.000225227
0
0.000220823
0
0
0.00020927
0
0.000635277
0.000351583
0.000545288
0
0
0.000323403
0.000745398
0
0.000530864
0
0.000421657
0.000500926
0
0
0.000151572
0.000152764
0.000208133
0
0.000288556
0.000388946
0
0.000466966
0
0
0
0.000136077
0
0.00060469
0.000484311
0.000475936
0.000284609
0
0.000150158
0.000321494
0
0
0.000266225
0
0.000283696
9.50925e-05
0
0.000530482
0
0.000390179
0
0
0
0.000605698
0
7.90268e-05
0.000117138
0.000232217
0.000486386
0.000136815
0.000443511
0.000341809
0
0
0
0.000622421
0
0.000596523
0.000290182
0
0
0.000167023
0.000100942
2.69141e-05
0
0
0
4.45478e-05
0.000100044
6.37898e-06
8.28048e-05
0
0.00040748
2.09477e-05
0.000214212
0
0.000414018
0
0
0
0.000190962
0
0
0
0
0
0
0
0
0
0.000325174
0.000446326
0
0
0.000277018
0.000471526
0
0.000286012
0.000616117
0.00046293
0.000513957
0
0
0.000674242
0
0
0.000644775
0
0
0.000626772
0
0
0.000708483
0.000748548
0.000361535
0
0
0.000196371
0.000354739
0.000336879
0
0.000176069
0.000127767
0.00047208
0.000321873
0
0.000387657
0
0.000613829
9.68193e-05
0
0.000147905
0
6.12335e-05
0
0.000149409
0.000150078
0
0
0
0
0
0
0.00021317
0.000294357
0
3.19689e-05
0
0.000354114
8.16811e-05
0.000156469
0.000322089
0.000423926
0.000477928
0.000149055
0.000572925
0.000600112
0.000639126
0
0
0
0.00032999
0.000231852
0
0.000128013
7.94044e-05
0
0
0
0
9.51501e-05
0.000536853
0.000673348
0.000781815
0
0
0.000324127
7.50813e-05
0
0
4.69579e-05
0
0
4.27944e-06
0
0
0.000105169
3.78075e-05
4.4229e-05
0
0
0
0.000159187
0
0.000252032
0.00017966
7.27613e-05
0
0.000192867
0
0
0.000162394
0.000331208
0
0.000501112
0
0
3.83822e-05
0
0
0
0
0
0
0.00027853
0.000673762
0.000483257
0.000546082
0
0.000498974
0.000195422
6.78409e-05
0.000215679
7.72641e-05
0
0
0
0
0
0.000182248
0
0
5.82262e-05
0.000130484
3.53779e-07
7.12685e-05
1.77173e-05
9.40289e-05
0.000236377
0
0
0.000407285
0
0.000304772
0.00022031
0
0
0
0
0.00011767
0.000262558
0.000108275
0.000149105
0
0
0
0
0.000451958
0.000276309
1.74509e-06
0
0.000428503
0
0
0
0
0.000689535
0.000399378
0
0.000479508
3.37462e-05
0
0
0.000587307
0
0.000633715
0.000508973
0
0.000386549
0
0
0
0.000411719
2.2948e-05
0.000106956
0
0.000446337
0.000142677
0.000224261
0.000167304
0
0.000317793
3.1237e-05
0
0.000223475
0.000344668
7.05184e-05
0
0.000170155
0
6.65657e-06
0.000136876
0
0
0.000469093
0.000317578
0.000653613
0
0.000213378
0.000139067
2.20824e-05
0
0
0
0.000335083
0
8.25801e-05
0
8.33468e-05
1.84735e-05
0
3.48662e-05
0
1.57197e-05
0
0
0.000106585
0
0
7.88655e-05
2.5627e-05
0
0
7.66519e-05
1.87977e-05
0
0.000102747
5.73754e-05
7.53278e-06
9.69777e-06
0.000196427
0.000384606
0.000462468
4.47767e-05
0
0
0.000109516
0
0.000446227
0
0
0.000658104
0.0004454
0
0
0.000195077
0.000548353
0.000639199
0.000175836
0.000229559
0
0
0
5.46031e-05
0
0.000197503
0
0
0
0.000241026
0.000690687
0
0.000370006
0
0.000207994
0
0.000437134
0.000680762
0
0
0.000367113
0
0.000289478
0
0
0.000126835
0
8.48853e-05
0.00011061
0
0.000109418
0.000511068
0.000540019
0
0
0
0.000511213
0.000647466
0.000483098
0.000406386
0.000512717
0
0
0
0
3.60042e-05
4.10744e-05
9.94654e-05
0.000136606
0
0
2.52399e-05
4.62839e-05
0
0.00019841
0
0
0.00045671
0.000505277
0
0
2.37188e-05
0
9.3484e-05
0.000271797
0
0
0
0.000623978
0
0
0
8.2533e-05
0.000194813
0
0
0
0
1.86485e-06
0.00022004
0.000251768
0
1.17083e-05
0
0
0.000169476
0.00017112
0
0
0.000335309
0.000464274
0
0.000647799
0.000177601
0
0
0.000150769
0
0
0
0
0.00023462
0
0
0.00010755
0
9.32782e-05
0
0
0
9.68592e-05
0.000132544
0.000389092
0
0.000371901
0
5.64014e-05
9.61016e-05
6.94087e-05
0.000472753
0
0
0
0
0.000681092
0
0
0.000732012
0.000703288
0
0
0
0.00013133
0.000177286
6.92055e-05
0
0.000709223
0
0
0
0
0.000421555
0
3.85197e-06
4.12802e-05
4.80787e-05
7.32842e-05
0.000220923
0.0005306
0.00032251
0
0
0.000283186
0
0
0.000159309
0
0.000320292
0
2.70392e-05
0
0.000108269
0.000236371
0.000235121
0
0
3.00306e-07
6.54408e-05
0.000192691
0.000366833
0.000403226
0.000282399
0.000125439
4.08147e-05
0
0.000328146
0
0
0.000262936
5.08857e-05
0.000156374
0
0.000243112
0
0.000357915
0.000334549
0
0
0.000213662
2.49654e-05
0.000535214
0
0.00049399
0.000450062
0.000278526
0.000159854
0
0
0.000148329
0
0.000275986
0.000260327
0.000155083
0
0.000197344
0.000238432
0
0
0
0
5.63019e-05
0
1.07307e-05
0
0
6.86649e-05
2.31914e-05
1.94848e-05
0
0
0
0
0
6.54391e-06
0
0
0.000385725
0
0
0
3.56989e-05
0.000214578
0.000291377
0.000363184
0.000248005
0.000593787
0.000417881
0
0.000252182
0
0
0
0
0
0.000108825
0.000278994
0
0.000150127
0
0
0
0
1.63572e-05
0
0
0
0
0.000102056
0.000194812
0.000190856
0
0.000167971
0
0.000301133
0.000161603
0
0.000258053
0.000321251
0
0
0.000480624
0
0.000203914
0.000161292
0.000166119
0.000213796
0.00045546
0.000390821
0.000385859
0.000374215
0
0
2.06308e-05
0
2.30932e-05
0
0
0
0.000140756
0
0.000112807
0
0
0
0
6.71309e-05
2.04178e-05
0
4.15243e-05
0.000190186
0
3.34722e-05
0
0.000408915
0.000164022
1.63622e-05
0.000362912
0.000441763
0.000539936
2.28668e-05
0.000381663
0
6.14818e-05
0
2.10607e-05
0
5.06364e-05
9.38787e-05
0.000297311
0
0.000430233
0.000463604
0.000618446
0.000463823
0
0
0
0
0
0.00054273
0
0.000468135
0.000399235
0
0
0
0
0.000107395
0
0
0
0.000110174
0
0
0
0.000136702
3.23878e-05
0
0
0.000123126
0.000455588
0
0
1.14868e-06
0.000540506
0
0
0
0
0
0
0.000325249
0
0
0.000222793
0
0
0
0
0
0
0
0.00040948
0.00024198
0
3.53904e-05
0
0.00011491
0
0
0
0
0.000724383
0
0.00069176
0
0
0.000784265
1.53588e-05
5.52143e-05
0
0.000401722
0.000321058
0
0.000126779
0.00033693
0.00011074
1.07998e-05
0
0
0.000168182
0.000247929
0
0.000469833
0
0.000735494
0
0.000726049
0.000570306
0
0
0.000431253
0
0.000533619
0.000651615
0.000478302
0.000252583
0
0
0
0.000516152
0.000665288
0
0
0
0.000164766
0
0
5.98678e-05
0.000516856
0.000367155
0
0.000304888
0.000226927
0
0.000149125
0
0
0.000352218
0
0
0
0.000218885
0
1.24926e-06
6.15912e-05
0.000128451
0
0
3.70306e-05
0.000321304
0
0.000156214
0.000212702
0.000415923
0
0.000475579
0.000520284
0.000732331
0
0
0.000567376
0
0.000629312
0.000500555
0.000123419
0
0
0.000179646
0.000121096
0.000224587
0
0.000407568
0
0.000234212
6.3035e-05
0.000188141
0
0
0.000316673
0
0.000141261
0.000306749
0
0.000119609
0.000139093
0
0
0.000535475
0
0
0.000589691
0.000408526
0.000440948
0.000408422
0
0.000461136
0
0.00063952
0.000517154
0
0.000440299
0.000614528
0.000363413
0
0
0.000198252
0
0
0
0.000180719
0
0
0
0
0.000409234
0
0
0.000230312
0
0
0.000164065
0
0
0
0.000484493
0.000196892
0
7.49767e-06
2.91397e-05
0
0
0
0
0
0.000134523
0.000360373
0
0
0.000356606
0
0.000555663
0
0.000311441
0.000637976
0.000353807
0.000581261
0.000316947
0
0
0
0.000655404
0
3.07666e-05
0
0
0
0.000136949
0
0
0
0.000132461
0
0
0
0
0
0
0
1.12038e-05
0
5.21012e-05
0.000528176
0.000354426
0
0.000209774
0.000482926
0
0
0
0
0
0
0
0
0.000232754
0
0.000284802
0.000131679
2.22089e-06
0.000160897
0
0
0
0
0.000102602
0
0.000235433
0.000546874
0.000131472
0.000352957
0
0.000131517
0
0
0.000214314
0.000119254
0
0.000598048
0
0
0
0
0.000429627
0
0.000428687
0
0.000434154
0
0
0
0
0.000296347
0
8.77153e-05
0
4.00513e-05
0.000117939
0.000401535
0
0.0004547
0
0.000372094
0.00026572
0
0.000295834
0
0.000246357
7.64171e-05
0.000135661
0.000154281
0
0.000278242
0
0.000312132
0
0
0
0.00022808
0
0
0.000291427
8.36595e-05
0
0.000325849
0.000101955
0
0.00022844
4.99169e-05
0
0
0
0
2.47445e-05
0.00010989
0
3.39368e-06
0
0
3.10918e-05
0.000479066
0
9.27967e-05
0.000258996
1.4379e-05
0
0.000476445
0.000287618
0
0.000422104
0.000674544
0
0
0.00076794
0
0
0.000623211
0.000326778
0
0
0
3.7748e-05
9.23799e-05
0
0
0
0
5.92563e-05
0
0
0
0
0.000129368
0
0.00026667
1.88496e-05
0.000431251
0
0.000552081
0
0.000508236
0.000629394
0
0
0
0.000553254
0
0.000304611
0.000101536
0
0
0.000207107
0.000647248
0
0.000263581
0.000131345
0
0
0
0
0
4.27843e-05
2.18518e-05
2.6424e-05
0.000109845
0.000245424
0.000188216
0
0
0
0
0.00011378
0
4.90006e-05
0
0
0
0
6.36175e-05
0.000365607
0
0.00021186
0
0
0.000285689
0.000485987
0
9.61341e-05
0
0.000415221
0.000119571
0.000389187
0.000142727
0
6.41207e-05
0
0.000231821
0
0.000354089
0.000408414
0
0
0
0
0
0.000193066
3.07432e-05
0.000265714
0.000307305
0.000188069
0
1.98415e-05
9.81143e-05
0
1.51987e-05
0.000169823
0.000360191
0
0.000235293
0
0
0
0.000544761
0
0
0.000693109
0.000219786
2.42603e-05
7.0655e-05
0.000460897
0
0.000528431
0.000347783
0
0.000178881
0
0
0
0.000460325
0
0.00031519
0
6.889e-05
0
0
0
0
0.000296529
0
0.000451753
0
0
0
0
0.000121767
0
0
0.000389386
0
0
0.000209911
0
0
0.000578055
0
9.85018e-05
0.000292808
0
0
0
0
0.000322474
0.000101561
0
0
2.22577e-05
0
0
0.000176525
0
0
0.000148255
0.000586875
0
0.000574817
0.000187922
0
0.000447652
0
0
0.000211613
0.000184218
0
0
0
0.000307372
0.000532378
0
0
0.000532008
0.000554755
0.000218911
0.000574539
0
0.000299819
0.000262396
0
0
0
0.000239146
0.000386921
0
0.000261664
1.66187e-05
0
0.00030524
0.000681223
0.000492132
9.62519e-05
7.36045e-05
0
0
0
0
0
0.000252793
0.000124624
0
0.000196087
0.000213212
0
1.57783e-05
0
6.83565e-05
0
8.83512e-05
2.58509e-05
1.7919e-05
1.08304e-06
0
0
0
0.000329549
0
2.64282e-05
6.40376e-05
1.00309e-05
0
0
9.65577e-06
0
0
0
4.27196e-05
0
0
0
0
0
0.000374035
0.000346457
0.00016407
0
0
0.000319555
0
0.000605186
0
0.000340955
0
0.000269937
0.000370244
0.000199815
0
0
0
0
0.00010473
0
0
0.000256161
5.35011e-05
0
0.00012435
0
7.75175e-06
0
0.000445643
0.000329354
0.000291463
0.000465338
0
0.000105011
0
0.000481419
0.000147327
0
2.05393e-05
0.000268404
0
0.000143466
0.000302902
5.90236e-05
0
0
0
0
2.80618e-05
0
0
0.000522759
0.000199753
0
0.000349629
0
0.000669185
0
0.000774647
0.000525594
0.000468945
0.000745413
0
0.000482451
0.000440145
2.96175e-05
0
0
0.000326082
0
0
0
0
0.000666415
0.00029421
0
0.000480868
0.000582167
0
0.000522809
0.000550349
0.000351558
0.000531287
0.000658457
0
0
0
0.000308841
0.000250596
0.000347835
0.000522065
9.08738e-05
9.01057e-05
0.000474147
0.00043774
0.000541259
0.000437526
0.000112739
0
0.000121604
0
1.76907e-05
0
6.41014e-05
0
0
1.14337e-05
6.12618e-05
0
0.000194828
0.00029548
0
0.000492095
4.81084e-05
0
4.51191e-05
0
0
5.04038e-05
0.000121882
0
4.5023e-05
0
0
0
0
0
3.63184e-05
0
0
4.92282e-05
0
8.65975e-05
0
0
0
0.000108255
0
0.00075562
0.000202972
0.000450201
0.000467287
0
0.000534067
0
0.000571295
0.000401646
0
0
0
0
0.000535856
0.000304923
0
0
0
0.000591366
0.000657008
0
0
0
0
0.000460067
0
0.000772157
0.00072377
0
0.000416103
0
0
0.000213448
6.46172e-05
0.000126939
0
0.000470017
0.000563914
0
0
0
0
0.000205116
0
0.000332822
0.000440335
0
0.00013705
0.000119265
0.000502574
0.000194919
0
0
0
0
0.000122135
0.000332353
0
0.000294038
0.000195387
0.000252377
0.000457198
0.000730903
0
0.000631192
0
1.9449e-05
0
0
0
0
0
0
1.84089e-05
0
0
2.10776e-05
0
8.93975e-05
0.000105994
0
0
0
0
2.11171e-05
7.3365e-06
0
0.000154298
0.000172659
0.000411148
0
0
0
0.000158881
0
0.000145344
0.000355781
0.00051102
0
0.000241911
0
2.96276e-05
0.0003949
0
0
0
0.000159284
4.97979e-05
0
0.000374378
0
0
0
0.000218068
0.00039437
0
0
0
0
0
0.0002613
0
0
7.0553e-05
0
0
0
0
0.000366717
0
0
0
0.000142176
0
0
8.22932e-05
0.000507115
0
0.000623266
0.000286163
0.000329273
0.000623434
0
0
0.00039982
0.000336183
0
0
0
7.46567e-05
0.000497009
0.000407531
0
0
0
0
0.000451389
0
0.000211029
0
0
0.000519701
0.000229262
5.76676e-07
0
3.18501e-05
0.000644216
0
0.000326432
0.000693011
0.000719541
0
0
0
0
0
0
0
0
0
0
0.000348072
0
9.63395e-05
0
0
8.17968e-06
0
0
0
0
2.22905e-05
5.48959e-07
0
4.99765e-05
0
0
0.000151407
0
0
0
0
0
0
0
1.14946e-05
4.42352e-05
4.32466e-05
0
0
0
7.73262e-05
0.000134405
0.000136083
0
6.11761e-05
0
0.000427771
0.000440482
0.000246625
0
0
0.0001438
0
0.00016188
0.000280726
0.000518849
0.000157417
2.61029e-05
0.000131296
0
0
0
0.000640556
0.000474084
0
0
0.000656799
0
0
0
0
0.000561752
0
0.000745255
0
0
0
0.000757453
0.00076519
0.000451218
2.31766e-05
0.000627136
0.000260702
0.000175237
0.000121984
0
0.000215642
5.33135e-05
0
0.000491497
0
0
0
0.000193335
0
0
0.000787861
0.000177069
0.000653857
0.000158997
0
0
0
3.58358e-06
9.32834e-05
0.000499799
0
0.000600441
0.000555257
0
0
0.000279342
0.000313558
0
0.00021547
0
0
0
1.04464e-05
0
0
0.000345398
0.000363511
0.000370067
0.000634604
0.000138612
0
0
0
0
0
0.000201444
0.000711884
0.000457533
0
0
0
0
0.000584466
0
0.000425131
0
0
0.000728038
0
0
0
0.000122082
8.48029e-05
4.16034e-05
0
0
0
2.70598e-05
7.83512e-06
0.000120191
4.70185e-05
0
0.000253275
0.000260657
4.21167e-05
0
7.8055e-05
0
0
7.03584e-05
0.000631428
0
4.31987e-05
0
0
0
0
0.000349235
0
0
0
8.11831e-05
0.000144202
0
0
0
5.93492e-05
0.000103083
0
0.000178181
0
2.01914e-05
0.000102703
0
0
0
0
0.000153962
0.000324182
0
0.000374292
0.000225592
0
0.00012129
0.000102361
0.000649774
0
3.38749e-05
4.06171e-05
0
0.000336109
0
8.15712e-05
0
0.000131357
0.000203104
0
0.000395531
0
9.0223e-05
0
0
0
0
9.97304e-06
0
0
0
8.44866e-05
0
0
9.09647e-05
0
0.000282414
0
0
0
0
0
0
0.000226931
0
0
0.000494325
0.000176488
0.000391842
0.000130439
0
0.000373015
0
0.000215515
0
0.000231048
0.000353648
0.000175075
0.000176637
0.000264421
0
0
0.00010711
2.84712e-05
0
2.05592e-06
6.73023e-06
0
0
0
3.16698e-05
0
4.35268e-05
2.24657e-05
7.47218e-05
0.000323966
0.000229061
0.000445035
3.50243e-05
0
2.29263e-05
0
0.000142438
3.1361e-06
0.00017649
1.87134e-05
0
0.000334197
0
0.000443842
0
0
0.000603935
0.000298206
5.88601e-05
0
0.000420071
0.000572316
0.0007118
0.000248852
4.62177e-06
0.000232446
0.000456601
0.000357501
0.000107612
0.000357784
0.000490798
0.000218207
0
0
0.000390487
0.000308483
0
1.92363e-05
0
9.91798e-05
0.000203405
0.000143328
0
0
0
4.55794e-05
0
0.000363499
0.000396147
0
0.000546567
0
0
0.000403251
0
0
0
0
0
6.88967e-05
0
0
1.48662e-05
0
0
0
0
0
0.0003171
0
0
0.000354168
0.000100152
0
0
0
0.000324495
0
0
0.000245175
7.99633e-05
0
0.000357842
0
0
0
0.000479275
0
0
0
0
7.26372e-05
0.000110412
0
0
0
0
4.56052e-05
0.000327724
0.000200564
0.000273594
0.000346257
0
0
0.000168415
0
0
3.12885e-06
0
0
0.000173583
0
0
6.65653e-05
0.000299824
0
0.000321187
0.000573252
0.000534635
0.000143097
0.00017511
0
0.00060548
0.000213511
0.000189487
0
0
0
0
0
0
0.000231943
0
8.04814e-06
0
0
0.000153354
0
0
0
0.000473498
0
0.000639094
0
0
0
0.000290387
0.000657021
0
0
0
0
0
0
0
0
0.000770877
0.000575332
0.000638744
0
0
0
0.000567492
0
0
0.000706059
0.000451132
0
0.000424735
0
0
0
6.52959e-05
0
0.000227031
2.68902e-05
0.000146621
0
0.000188319
0
5.0675e-05
0
0
0
1.65255e-05
0.000336792
5.07956e-05
2.94498e-05
2.19283e-05
0
0
0
6.02079e-05
0
0
5.03751e-06
0
2.43708e-05
7.21833e-06
0.000120369
3.65004e-05
7.45113e-05
0
0.000205171
2.7556e-05
0
0.000212095
0
0
0.000184584
0
0
0
0
6.3297e-05
0
0
0
0
0
0.000389323
0
0.000380859
0.000427507
0
0
0
0.000374897
0
0
0.000239754
0
0.000133797
0
0
3.69045e-05
0.000229559
0.000530213
0.000141241
1.35442e-05
0.000211842
0
0
0
0.000312624
0
0
0
0
0.00023019
0
0.000386017
0
0.00065757
0
0
3.14518e-05
0
4.17069e-05
0.000338514
0
0
0
0.00012764
0
0.000142495
0
0.000158174
0.000212081
0.000687692
0
0
0
0
0
0
0
0
0.000480378
0
0
0
0
0
0.000276192
0.000134056
0
0
0
0.000130861
7.18675e-05
0
0.000631669
0
0
0
0
7.73902e-06
1.66112e-05
6.30874e-05
0
0.000152389
0.000323388
0
0
0
0
0
0
1.72048e-05
0
0
0
1.81818e-05
4.60453e-05
6.85265e-05
0
0
7.59038e-05
0
0
6.05543e-05
0.00012002
0
0.000384217
0.000171665
0.000154691
0
0
0
0.000469486
0
0.000544323
7.77597e-05
0.000282198
5.73738e-05
0
0.000120644
0
1.52612e-05
4.36908e-05
0
0.000243797
0
0
0.000270452
0
0
0
0
0.00047415
0.000553394
0.000595397
0
0
0.000192975
0.000179249
0.000171627
7.68263e-05
9.45474e-05
0
0.000227928
0.00020759
0
0
9.88752e-05
0
0
0.000327502
0.000235034
0.000453072
0
0
0
0
5.39346e-06
0
0.000111435
0
0.000351419
0.000309537
0
0.00011092
0
0
0
0.000231436
0
0.000514846
0
0.000588847
0
0.000626315
0.00061362
0.000380449
0.000570658
0
0.000230686
0
0
0
0
0.000195054
0.000422636
0
0.000339564
0.000627826
0
0
0.000547972
0
0
0.000127082
0.00011981
0
0
0
0
0
0.000528808
0.000287889
0.000415942
0
0.000474353
0.000563074
0
0
0.000283405
0.000235668
0.000130097
6.60192e-05
3.76094e-05
0
6.33397e-05
0.000131016
0.000200017
0.00064387
0
0.000625761
0
0.000422568
0
0
0
0.000199913
0.000147638
0
6.98921e-05
0
0.000375927
0.000412901
0.00044956
0.000404229
0
0
0
0.000210132
0.000103125
0.000424188
0.000314126
0
0
0.000265786
0.000342222
0
0
0
0
0.000366741
0.000339467
0
0.000269448
7.20036e-05
2.79173e-05
0.000541268
0.00013703
0.000209876
0
0
0.000306468
0.000508555
0.000292283
0
0
0
0.000254595
0
0.000291283
0
0
1.41085e-05
0
0
0
0.000526705
0
0.000416818
0.0001242
2.83212e-06
0
0
0.000388679
0
0.000325001
0
0.000101562
0.000490549
0
0
0.000284253
0
0
0
0
0
0
0.000411384
0
0
0.000349827
6.18561e-05
0
0
0
0.000338196
0.000241396
0
0
0.000591644
0
0
0
0.000336078
0.000545102
0.000466062
0.000351517
0
0
0.000253575
0.000315733
0
0.00052447
6.86253e-05
0.000227597
0
4.18797e-05
0.00052114
0.000303979
0.000600681
0
0
0
0.000528319
0.000545005
0
0
0.000168902
0
0.000248475
0.000223598
0
0
0
0.000244128
0
0
0.00016366
0
0.000124755
0
0.000401613
0.000644283
0
0.000275317
3.94633e-05
2.39486e-05
1.3882e-05
0
0
5.11402e-05
0
9.71418e-06
2.94066e-05
0
0.000104041
0
9.32812e-05
0
0
0.000106004
9.31806e-05
0.000316763
0
2.948e-05
0.000226543
4.4578e-05
0.000494695
0
0.000584536
0
0
0.000265206
0.000170211
0.000689228
0.000370971
0.000146062
0.000294507
0.000256792
0.000515328
0
0.000630737
0.000693792
0.000296534
0.000300123
0
0.000103411
0
0
0
0
0
0.000432821
0
0
0.000376012
0
0.000396427
1.46618e-05
0.000173242
0
0.000213172
0
0.000181263
0.000263502
0.000398255
0
0
0.000510081
0.000517238
4.81248e-05
0
0
0.000411027
0.000399493
0
0.000573315
0.00041706
0.000450563
0
0.000373899
0
0.000284585
1.60616e-05
1.12367e-05
0
0
7.94933e-05
0
0
0.000356682
0
0.000244408
0.000223567
1.95075e-05
0.000254283
0.000529456
0
0
9.48029e-05
0.000195196
0
3.15696e-06
0
7.5824e-05
0
0
0.000161968
0
0
0
0
0
0.000384537
0
0.000441197
0.000271835
0
0.000311523
0.000437903
0
0.000203131
0
0
0
7.23187e-05
0
0.000348892
0.000370004
9.29044e-05
0
0
0
5.44584e-05
0
0
0
0
0.000664839
0.000624719
3.32524e-05
0.000381826
0.000681701
0
0
0.000191622
0.00046264
0
0.000328075
0
0.000173679
0
0
0.000156432
0.00035488
0
0
0.000281718
0
0.000215551
0.000607466
0
0.000157092
0.000532821
0
0
0.000213998
0.000467321
0
0
0
0.000312845
0.000232641
0
0
2.47865e-05
0
0.000218568
0
0
0
0.000650046
0
0.000711592
0
0
0.000371686
0.000437167
0
0
0
0
0
0
0
0
0
0.000178496
0.000743818
0
0.000521225
0.000113372
0
3.84656e-05
0
0.000288145
6.06247e-05
0
0
0.000392578
0.00061055
0
0.00063969
0
0.000408274
2.0746e-05
0
0
8.50893e-07
2.47087e-05
7.65602e-05
5.57409e-05
0
0
1.46534e-05
0
0.000257009
0
2.07312e-06
0
0
0
0.000217395
0
0.00019175
0
0.000379845
0
0
0.000190449
7.87532e-05
0
0.000235596
0
0
0
8.54157e-06
0.000187122
0.000163248
0
0.000221463
0.000594456
0
0.000520398
0
0.000289152
0
0
0
0
0
0.000195084
2.83982e-05
0
2.40155e-05
1.69587e-05
0
0
0
0
0.000349515
0.000409449
0
0
4.02199e-05
6.87909e-05
5.08925e-05
0.000274322
0
0.000492249
8.43228e-05
0.000504914
0
0
0.00036444
3.99094e-05
0.000166897
0.000272344
0.000474229
0.000401886
0
0
5.00099e-05
0
0
0
0.000263409
0
0
0.000262866
0
0
0.000217997
2.31867e-06
1.18968e-05
3.13286e-05
0
7.19652e-05
0.000344503
0
0.000438159
0.000157057
1.71393e-05
0.000229661
0.000500362
0
0.000322694
0.000478389
0.000309424
8.20712e-05
0.000144691
0
0.00024915
0.00050071
0
0
0.000528117
0.00021229
0
0.00047649
0.000411614
0.000276032
0
0
0
0
1.73707e-05
7.51592e-05
0
0
0.000558236
0.000706665
0.000468262
0.000107573
0.000197659
0.000165003
0.000287088
0.000185699
0
0
0
0
0.000112242
6.02999e-05
3.93084e-05
0.000113507
6.99996e-05
0
2.30887e-05
0
0
7.26128e-07
0
0.000398159
0.000228565
0
0.000415802
0
0.000393665
6.47012e-05
0.000122268
0.000260064
0
4.44819e-05
9.58042e-05
0.000226749
0
0.000252893
0.000173784
0.000137946
0
0
0.000123348
0.000509816
0
0
0.000208943
0
0.000380972
0
0.00039184
6.78688e-05
0
7.15639e-05
0
5.70606e-05
0
0.000304755
0.000265217
0.000510939
0
0
0
0
0
0
0.000577689
0
0
0.00045656
0.000390439
0
0
0.00052741
0
0
0.00042822
0
0
0
0.000546136
0
0.000593971
0
7.08711e-05
1.00915e-05
0
0.00020593
1.42709e-05
0
0
0
0.000155146
0
0
0.000223542
0
0
0.000207529
0
0.00016502
0
0.000135441
0
0
3.23819e-05
1.90496e-05
1.55197e-05
8.37939e-05
8.46591e-05
0
0
4.16218e-05
0.000286869
0
0.000205199
0
0.000488882
0
0
0.000273874
0
0
0
0.000418659
0.000379109
0
0
0
0.00043552
0.000770771
0.000557984
0.0006014
0
0
2.30577e-05
0.000153283
0.000372705
0
0.000646755
3.163e-05
0.000102616
0.000113859
0
0
0
0.00031846
8.01945e-05
0
0.000505399
0.000310266
0
6.71582e-05
0
0
0
0
4.31227e-05
0
0
0
0
0
0
0
0
1.44186e-05
0.000296428
0.000348503
0.000433839
0.00024266
0
0.000189104
2.14235e-05
3.218e-05
0
8.59795e-05
0.000100927
0.000114575
2.208e-05
0.000393107
0
0.00040259
0.000104368
0
0
6.58639e-06
0
9.34324e-06
0
1.32721e-05
0
7.1639e-05
0
0
0
0
0
0
0
0.000265202
0
0
0
0
0
0
0
1.41937e-05
0.000111075
4.99638e-05
0.000168181
0.000401401
0.000425411
0.000572405
0
0
0
0
4.78477e-05
0.00027834
0
0
0
0
0.00061398
0
0
0.000683211
3.64918e-05
0.00028907
0.000333113
0.000158345
0.000279084
9.26542e-06
0.000219818
0.000236106
0.000241084
0
0.000222312
0.000220848
0
0.000147838
1.21004e-05
0
0.000200683
0
0.000418004
5.74333e-06
0
0
7.9329e-05
0
0
0.000176042
0
0
0.000320694
0.000115922
0
4.92102e-05
0
0
0
0.000361887
0.000263794
0.000337489
3.0097e-05
0
0.000326716
0
0.00059407
0.000777222
0
0.00063044
0
0
0
0
0.000369105
0.000296602
0
0
0
0.00063084
0
0
0
0.000410657
0.000508617
0.000536735
0.000616302
0
0
0
0
0
0.000722544
0.000404529
0.000310621
0
0.000319816
0
0.00055861
0
0
0.000536664
0
0
0
0.000578507
0.000114532
0
0
0
0
0
0
0.000124966
0
0
3.46495e-05
0
6.65737e-05
0
0
0
0
4.60392e-06
0
1.34034e-05
0.000424942
0
0.000235935
0
0
0.000388553
0
0
0
0.000167219
0
0.000594476
0.000323708
0.000366807
0
0
0.000392721
0.000496708
0.000265195
0
0.000322283
0.000265341
6.16236e-05
0.000160359
0.00013519
0.000329522
0
0.000672682
0.000488846
0.000263974
0
0.000347678
0
0
0
0
0
0
0
0.000132619
0
0
0
0
0
0.000370575
0
0
0.000425535
7.22256e-05
0.000107313
4.93845e-05
0
0
0
0
0
0
0
0
0.000130377
0
0.000444513
0
0
0
0
2.0171e-05
0
0.00010734
0
0.000226055
0.000447238
0.000559812
0
0
3.17072e-06
0
0
8.12302e-06
0.000123296
0
0
0
0
2.30003e-05
7.41926e-05
0
0
0
0.000237553
0.000198285
0
0.000338494
0.000592325
6.31968e-05
0
0.00050577
3.27169e-05
0.000135725
0
0
0.000426028
0.000346393
0
2.1498e-05
3.30984e-05
1.73745e-06
0.000123838
0.000122407
0.000385835
0
0
0
0.000464628
0
0.000467177
0
0
0
0
0
0
0.000500758
0
0
0.000749986
0.000647496
0.000351568
2.76516e-05
0
0
0
4.63109e-06
1.1263e-05
0
0.000283351
0.000306607
0.000305333
0
0.000306799
0
0
9.28379e-05
0
0.000219646
0
0
0
0
0.000133796
0
0
0.000136407
0.000185001
0
0
0.000218833
0
0
0.000354332
1.97424e-05
8.89722e-05
0
0.000528302
0
0.000110868
0.000166814
0.000486134
0.00015949
2.79368e-05
5.34152e-05
0
0
0
0
0
0
0.000352698
0
0
0
4.38871e-07
0.00012766
0.000141692
0.000404838
0
3.85779e-05
0
0.000453998
0.000428452
0.000371344
0
0.000310685
0.000128845
0.000488556
0.000627572
0.000698187
0.000199786
0.000210285
9.6772e-05
0
0
5.45174e-05
0
0.000331358
0.000194357
0
0
0.000590821
0.000571128
0.000579291
0.000506282
0.000664409
0.000284856
0
0
0.000669015
0.000178977
0
0.000162782
0
1.00361e-05
0
0
0.000234635
0
0
0.000135544
0.000303109
0.000432395
0
0
0
0.000140555
0
0.00015112
0
4.31259e-05
0
0.000339239
1.85973e-05
0
0.000112746
0.000172074
5.14131e-06
0.000171165
0
0
0.000162703
0
0
0
0
0.000165976
0
0.000283776
0
0
0
0.000388332
0
0.00014893
0.000410682
0.000249161
0
0
0.000681227
0.00074214
0.000366456
0.000208622
0.00033658
0.000504958
0.000463896
0.000285723
0
0
0
0
0
0
0
0
0
0
0
0.00030322
0.000203123
0.000247204
1.00441e-05
0.000311657
0
0
0
0
0
0
0.000326694
0
0.000616682
0
0.00023545
0
0
0
0
0
0.000656874
0
0.000229362
0
0
0
0.000114924
0
0.000308035
0
0
0.000162455
0.000107495
0.000680429
0
0
0
0
0.000563279
0.000560194
2.90779e-06
0.00020254
0.00011034
0.000232402
0
0
0.000441601
0
0
0
3.45329e-05
0
0.000261327
0
0
0
0.000226492
0.000496332
0
0
0
0.000440527
0
0
5.51362e-05
0.000241084
0.000478883
0.000662522
0
0.000728964
0.000596944
0.000636601
0.000285374
0
0.000169036
1.16469e-05
0
0.000244877
0
0.000429124
0.000579191
0
0
0.000689201
0.000661832
0.000466592
0.000259051
0
0.000446868
0.000354302
0.000331869
0
9.22234e-06
0.000111053
0.00034424
0
0.000533216
0.000243525
7.91725e-05
0
0
0
0
0
0
6.34016e-05
0.000274282
0.000449072
6.81003e-05
0
0
0
0
0
0.000478541
0.000168735
0.000256024
0.000212841
0
6.35425e-07
7.09038e-05
0
0.000142795
0
0
0.000137593
0.00052894
0.000241408
0
0
0
0.00011866
0
0.000125717
0
0
6.18624e-05
0
0.0002463
0
0.000132247
0
0.000157185
4.36578e-05
5.09311e-05
0
0
0
8.25609e-05
0.000190973
5.87771e-05
0.000106763
0
0
0
0
0.000394963
7.44716e-05
1.41728e-05
0.000607014
0
0.000363562
0
0.000510472
0
0.000792475
0
0
0.000795092
0
0.000645607
9.95315e-05
4.82886e-06
0
0
0
0
6.70786e-05
0
0.000117511
0.000245674
3.53377e-05
0
0
1.01719e-05
7.3196e-05
0
0.000143517
0
0
0
3.28402e-05
0
0
0
0
4.95604e-05
2.30523e-05
9.46781e-05
0.000333537
0.000161249
9.0969e-05
4.77579e-05
0.000130988
0.000454466
0
0.000587181
0.000289078
0
0
0
0
0
0.000164261
0.000200443
0
0.000559668
0
0
0.00038542
0
0.000408339
0
0
0.000399274
0
0.000385908
0.000308387
0
0
0
0.00032078
0.000544866
0.000459398
7.50763e-05
0.000564492
0
0
0.000243987
0.000154203
1.75221e-05
0.000169729
0.000234656
0.00012949
0
0.000221497
0
7.71372e-05
5.27003e-05
0
0
0
0
0
6.69109e-05
0.000282138
0
0
0
0.00041932
0.000199453
0.000336731
0.000356048
0
0.000361195
0
0.000369256
0.000593047
0.000708669
0
0
0
0.000664933
0.000789567
0.000410715
0.000486862
0.000271362
0.000510189
3.31305e-05
0
0.000291861
1.37881e-05
8.57697e-05
0.000541242
0.000519823
0.000194814
0
0.000315349
0.000242434
0
0.000154246
0
0.000347894
0.000372121
5.27159e-05
0.000705936
0
0
0.000676869
0.00029221
0
0
0.00011826
0.000282224
0
0
0.000189389
2.43493e-05
0
0.000157486
0
4.89637e-05
0.000276016
0
0.000496797
0
0
0.000108154
0
6.30159e-05
0
1.65693e-05
0.000394285
0
0
0
0
0.000372003
0.000228868
0
0.000467673
0
7.71443e-05
1.89361e-06
2.64669e-05
0
0.000203703
0
8.01197e-06
0
0
0.000237096
0.000329645
0
0
8.1523e-05
0
0.00031662
0
0
0
0
0.000168728
9.48285e-05
0
0
0
0
0
0.000336237
0.00046699
0.000253137
0.000764666
0
0.000404465
0.000120953
0.0003314
0
0
0.000180812
0.000530847
0.000361743
0
0
0
1.8271e-05
0.000145431
0
0.000269473
0.00037187
0
0.000424731
0.000696437
0
0.000664601
0.000347302
0
8.27363e-05
0
0.000657545
0
0
0
0
0
0
0
0
0.000527155
0
0
0.000403746
0
0
0
0
0
0
0
0
0
0
0
0.000325036
0
0
0
0.000273187
0
0.00039544
0
4.77092e-06
0
0.000188084
8.83835e-05
8.09469e-05
4.08703e-06
0
0
0
5.06506e-05
0
0
0.000295904
0
0
0
0
0
0
0
0
0
0
8.46686e-05
0.000209943
0
0.000368752
0
0
1.3653e-05
0
0.000575607
0.000399056
0
0.000339761
0
0.000684231
0
0.000191351
0
0
0
0
2.24025e-05
0.000207212
0.000351146
0
0.000197795
0.000479459
0.000448715
0.000165824
2.01945e-05
9.15304e-05
0.000168684
0
5.71029e-05
6.46926e-05
0
0
0.000229212
0.00047723
0.000345846
0.000555637
0.000186047
0.000568047
0
0.000554709
0
0.000342988
0.00065171
0
0.000108806
0
0
6.12352e-06
3.65081e-06
0.00019168
0.00011516
0
0
0.000441215
0
0
0.000452837
0.00041977
9.01824e-05
0.000179967
0.000226309
0
0.000208426
0.000201764
0
0.000296195
0.000655891
0
0.000118488
0
0
0
0
0
0.000274932
0.000355761
0.000572258
0
0
0
0
0.000143985
0.000420443
0
0.000642518
0.000434067
0
9.70811e-05
0
0
0.000440265
0.000206135
0
0.000597049
4.30026e-05
0
0.000100397
7.1063e-05
0.000453451
0
0
0
0
0.000115402
0.000561766
0
0.000634062
0
0.000821219
0
0
0
0
0
0.000704393
9.5879e-05
0.000405193
0
0.000614993
0.000556116
0.000603861
0.00020946
0.000740586
0
0
0
0.000704793
0
0.000693543
0
0
0.000664362
0
0.000659089
0.000392919
0
0
0
0.000182984
0
0
0.000187332
1.98945e-05
0
8.47015e-05
0.000120745
0
0
0
3.61125e-05
0
0.000110631
0.000107218
0
4.08552e-06
0
5.27937e-05
0
8.17743e-05
0
0
7.75972e-05
0.000285108
6.44716e-05
0
0
5.13487e-05
0
5.00853e-05
0
0
0.000277871
0
0
0
0.000150285
0
0
1.30044e-05
0
0
0
5.93581e-05
0.000109772
0
0
0.000590996
0.000473975
0
0.000320877
0.000150709
0
0
0
3.48186e-05
0
0
6.25594e-05
0
0
0
0.000106138
0.000150128
8.8582e-05
0
8.90511e-05
0.000123102
0.00021787
0.000331016
0
0
0.000231201
0.000577059
0
0
0
0.000332027
0.00050786
8.09567e-05
0.000264372
0
0.000354689
0
0
7.51958e-05
0.000300137
4.19637e-05
0
0
0.000291332
0.000439825
3.73125e-05
0
0
5.29092e-05
0.000354135
0.000375346
0.000139753
2.48815e-05
0.000470449
0
0.00032477
0
1.28644e-05
0.000257421
0
0.000211562
0.00014931
0
0
9.19129e-05
7.71471e-05
0
0
0
0
0
0.00025495
0.000160135
0
0
0
7.80428e-05
0
0
0
0.000112036
0.000106421
0
0
0.000166108
0.000688195
0
0.00048749
0.000248358
0
0.000200938
0
0
0
5.72556e-07
0.000353969
0.000356734
0.000558065
0
0
0
0
0
0
0.000299791
0.000109017
0
0.000434782
0.00045177
0.00039269
0
0
0
0.000525384
0.000630595
0
0
0
0.000433085
0.000385816
0.000712395
0
0
0.000611492
0
0
0
0
0
0.000345888
0
0
0
0
0
0
0.00044529
0.00037287
0
0
0
0.000328558
0.00017898
0.000361703
0
0.000106251
0.000110531
9.86628e-05
0.000397356
0.000307038
0.000126452
0
0
0.000332974
0
0.000284522
0
4.41577e-06
0
0
0
0
0.000116055
1.82533e-05
2.77194e-05
0
5.40212e-05
3.07037e-05
3.58601e-05
0
5.04576e-05
7.17647e-06
0.000121404
0
0
2.90276e-05
0
0
0
0
0
0
0
0
0
0
0
6.08757e-05
0
0.000164319
0.000213428
2.40277e-06
0
6.48075e-06
0
2.498e-06
0.000100491
2.54267e-05
0.000323399
0.00067447
0
0
0.000484428
0
0
0
0
0.000459222
0
0.000629084
0.000611779
0.00064107
0.000792465
6.35707e-06
0
0
0
7.58712e-05
0.000199362
1.36478e-05
0.000318031
0.000388051
0.0001674
0.000392497
9.04656e-05
0.000130032
0
0
0
0
6.26184e-05
0
0
0.000146712
7.31873e-05
0
0
0
0
0
0
0
0
0.000739704
0.000142071
7.42771e-05
1.01123e-06
1.30559e-05
0
0
0
6.56543e-05
0
0
0
0
0.000253447
0
0.000259564
0.000518854
0
0
0
4.36047e-05
0
0.000627385
0
0.000744101
0.000786101
0.000674178
0
9.22783e-06
0
4.41444e-05
0
0.000211012
0.000431526
0
0
5.62351e-05
0
0.000395755
0
0
0.000391238
0.000134265
0
0
0.000439051
0
0.000317159
0
0.000185887
4.24041e-05
0
0
0
8.73426e-05
3.87453e-05
0
0.000117851
0
0.000613648
0
0
0
0.000297519
0
0
0
0
0
0.000221808
0.00044753
0.000124123
0.00070481
0
0.000636433
0.000460565
0
0.00062673
0.000210542
0
0.000507948
0.000501812
0.000548707
0
0.000494384
0
0
0.000564135
0.000756095
0.00029932
0.000365844
0
0
0
0
0
0
0.000191437
0
0
0.000109245
0.000112958
0
2.42009e-05
0
0
0
0
0.00040331
0
0
0.000222705
0
0
0
0
0
0.000181031
0
0.000251944
0
0
0.000371313
0
0.000327087
0
0
0
0
0.000244385
0
0.000341471
0
0.000423804
0
0
0.000192813
0.00012044
0
0
0
0.000120272
0
0.00011395
0
3.14329e-05
0
0
0.000294726
0.000223684
0
6.01367e-05
5.1267e-05
0.000240529
0.000118723
0.00016069
0
0
0
9.33209e-05
1.11163e-05
0
0
0.000218519
0
0.00056457
0
0.00068443
0
0.000365323
0
0
0.000123668
0
0
0
0.000508161
0.000561444
8.13894e-05
0
0
0
0
0
0.00038634
0
0.000221098
0.000584292
0.000513816
0
0
0
0.000429651
7.89131e-05
7.26052e-06
0.000191134
0.000284245
0.000197669
0.000271707
0
0
0.00065754
0
0.000551135
0.000276526
0
7.09737e-05
0
2.53656e-05
0
0
0
0
1.82717e-05
5.96332e-06
0
0
0
8.43574e-05
0
0
0
0
0.000116214
0
0.000229138
0
0.000289572
0
0
0
0.000173238
2.67553e-06
0
0.000134768
0
0
0.000257981
0
0
0.000186125
0
0
0.000196014
6.82813e-05
0.000326086
0
0
0.000405281
0
0.00011028
0
0
0
0.000192338
0
0
0.00022223
8.1537e-05
7.29561e-06
0.00041555
0.000357441
0.000361202
0.000576121
0.000197307
9.85851e-06
7.03478e-05
0
0.000376577
0.000407827
0
0.000131258
0
0
7.91171e-05
0.000650823
0
0
0
0
0.000355972
0.000271657
0
0.000522302
0.000491735
0
8.69769e-05
0
0.00029375
0.000662033
0.000322252
0.000235251
0
0.00051384
0
0
0
0
0.000228376
0
0.000258118
0.000159431
8.69454e-05
0.00021386
0
7.96294e-05
0
0
0
0.000433348
0
0
0.000533068
0.000369718
0
0.000589327
0.000200638
0
0
0
0
0.000551087
0
0
0.000178313
0.000640904
0
0.000692577
0
0
0.000674496
0
0
0.000582823
0
0.000311348
0
0.000168467
0
9.27264e-05
0
0
1.82136e-05
0
0
0.00026212
0.000465596
0.000488914
0
0
0.000175773
0
0.000685316
0
0
0.0005996
0
0
0
6.19586e-05
0
0
8.28345e-05
0
0
0.000250956
0
0.000290886
0
0.000723742
3.81712e-05
7.41253e-05
0
0
0
0.000155222
0.00018823
1.07856e-05
6.51231e-05
0
0
0.000336612
0.000145301
0.00042389
0
0.000164598
0
0.000568324
0.00068889
0.000394393
0.000292395
9.46674e-06
0.000240813
0.000464123
0.000347321
0
8.38949e-05
0
0
0
0
6.48227e-05
0.000652055
0
0.000561212
0
0
7.15304e-05
0
0.000581418
0
0
0.000337019
0
0.000131223
0
0.000460908
0
0
1.50257e-05
0.000206085
0.000331973
0
6.74826e-05
0
0.000305989
0.000335554
0.000313612
0.00050422
6.34526e-05
0.000109472
0
0
0
0.000677303
0
0.000671377
0.000513086
0
0
0.000665331
0
0
0.000528123
0
0.000416391
0.000463562
0
0.000404587
0
1.88647e-05
0
0
0.000124501
0
0
2.51195e-05
0.000138769
0.000298157
0
0.000415267
0
0.000107051
0
0
0
0
0
2.67022e-05
0
0
0
0.000275795
0
0.000189751
0.000252986
0.000556148
0
0
0.000144245
0.000613021
0
0
0.000587579
0.000409823
0.000540314
0
0.000130223
0
0
0.000437075
0
0.000158707
0
0
8.532e-05
0.000312114
3.61756e-05
0
7.84817e-06
0
0.000105065
0
0.00038658
0
5.35858e-05
1.49784e-05
0
8.25248e-05
0
0
0
0
8.09063e-06
7.52808e-05
2.90997e-05
0.00016292
0
0
0.000451577
0
7.91574e-05
0.00016998
0
0.000313786
0.000530958
0.000259326
5.48125e-05
0.000251482
2.53028e-05
3.19644e-05
3.44852e-06
0.000251789
0.000142694
0.000260815
0
0.000667855
0.000435068
0.000548137
0
0
0.000352142
0
0
0
0.000509099
0.00083099
0
0
0.000159028
0
0
0
0
0.000649347
0
0
0
0
0
0.000444699
0.000621184
0.000487354
0.00015679
0
0
0
0
0.000256769
7.54578e-05
0
0.000107042
0.000266066
0
0
0
0.000583536
0
0
0.000439423
0.000450002
0.00010709
0
0
0
0.000448318
0.000445054
0.000368174
0
0.0005138
0.000200558
0.000152579
1.12263e-05
6.79421e-05
4.02546e-05
0.000505826
0
0.000185219
0
0.00011549
0
0.0001759
6.8105e-05
0.000253439
0.000561348
9.61575e-05
0
0.000111771
0
0
0
0
0.000113891
0
9.96612e-05
2.50813e-05
0
0
7.23256e-05
0
0
0.000183583
0.000127807
0
0
0
0
0.00020088
0
0
0.000210485
0
0
0.000475379
0
0.00017784
8.37486e-05
2.04109e-06
0
0
0
0
0
0
9.93553e-05
4.04283e-05
0.000271074
0.00060174
0.000200222
0
0
0.000365661
0.000125146
0
0.000174695
0.000156541
0.000121298
0
5.83985e-05
0
0.000423134
0.000442995
0
0.000165479
0
0.000179605
1.81256e-05
0
0
0
7.98972e-06
4.19503e-05
0.000368254
0
0.000251017
0
0
0.000212857
0.000507393
0
0.000113025
0
0
0
0
0.000601801
0
0.000391944
0
0
0
0.00037329
0.000362488
0.000481353
0
0
0
0
0
0
0
0.000323326
0.000448508
0.000115691
0.000154751
0
0.000188036
0.000240855
0.000394729
0.000485239
0.000455247
0
0.000249426
0
0
0.000322894
0.000545436
0
0.000165023
0.000241983
0
0
0
0
0
0.000385734
0.000120904
0.000406541
0.000179522
0
0
0.000157452
0
0.000149304
4.42272e-05
0
1.55602e-06
0
2.68082e-05
0
0.000290714
0.000270628
0
0.000128406
0.000175816
0.000505614
4.38402e-05
0.000311395
0
0
0.000183846
0.000115863
0
0
0
0
0.000367153
0.000100778
0
0
2.23698e-05
0.000143475
0
3.31745e-05
0.000109381
0
0
0
0.000174454
0
0
0
0.000336231
0.000109967
0.000243655
0.000517056
0.000660194
0
0.000158768
0
0
0
0.000339855
0
8.27123e-05
0.000107565
0
6.93623e-05
0.000329792
0.000101743
0
0
0
0.000228028
0
0.000599657
0.000104693
0
0.000402192
0.000304863
0
0
0.000232468
0.000246759
0
0.000486729
5.85013e-05
0
0.000414171
0
0.000438153
0.000570872
0
0.000594652
0
0.000792916
0.000612696
0.000228847
0
0.000182596
0
0
0
0.000140217
3.88417e-05
0.000175252
0
0
0
0
0
1.01014e-05
2.73546e-05
0
2.4967e-05
0
8.94068e-05
0
0
0
0
0
1.75967e-05
0
0.000150579
0.000541987
0
0
0.000660113
0
0
0
0
0
0
0.000333434
0.000433173
0.000322489
0
0
0.000361778
0
0.000526793
0
0.000384068
0.000725705
0
0.000616141
6.30016e-05
0
0.000273237
0.000216301
0.00023824
3.90317e-05
0
0.000124546
0
1.6532e-06
4.89942e-05
0
0
0
3.65637e-05
4.0753e-05
0
0
0.000556128
0
0.000293329
0.000703003
0.000344454
8.90011e-05
0.000195184
0
0
0
0.000189799
1.67273e-06
0.000221977
0.000157673
0
0
0
0.000154178
2.35422e-05
0
0
0
5.26925e-05
0
0
0.000279414
0.000278311
0
0
0.000499459
0.00035486
0.000350426
0
0.000108365
4.09324e-05
0.000319645
0.000159975
0
0
0
5.03681e-05
0
0
0.000819597
0.000472773
0.00053579
0.000663052
0.000662238
0
0
0
0.000285926
0
0.00055148
0
0.000237954
0
0
6.84132e-05
0.000243613
0.00039485
0
0.000150844
1.89676e-05
0.000438953
0.000315493
0.000302891
0
0
0
0.000322981
0
0.000297433
0
0.000122291
0
9.37322e-05
0
0
0
0.000399465
0
2.5458e-05
0
0
0
0
6.84915e-05
4.35182e-06
6.11896e-05
0
0.000215431
0.000259034
0
0
0.000108794
0
0.00018512
0.000158107
0.000500037
0.000486127
0
0
0.000266749
0
0
0
0
0.000689546
0.000487361
0.000216486
0
0.000232142
0
0.000439731
0
0.000790481
0.000316359
0.000171824
0
0
0
0
0
0.000257519
3.39977e-05
0
0
0
0
0
0.000108805
7.339e-05
0
0.000263276
0
0
0.0004007
0.000491802
0.000273633
0
0.000214181
0
0
0
0.000411704
0.000396937
0.00023045
0
0
0
0
0
0
0.000358839
0
0
0
0
0.000514223
0
0
0
0.000211501
0.000277521
0.000551316
0.000306962
0.000450942
0.000280475
0
0
0
0
0.000157454
1.91699e-05
0.000199003
0.000275376
0
0
0.000446913
0.000409532
0
0.000736269
0.000655922
0.000647534
0.000525376
0.000363181
0
0
0
0
0.000537621
0
0
0.00059759
0
0.000467239
0
0.000616693
0.000283711
0.000231976
2.71139e-05
0
0
0
0
0
0
0.000252129
0
0.000142257
0
0.000200785
0
0
0
0.000243649
0
0
0
1.08484e-05
9.30865e-05
4.4566e-05
2.41887e-06
6.89228e-05
6.43781e-05
0
0.000283677
0.000395956
0
5.76939e-05
0.000160153
0.000130434
0
0
0
0.00024623
0
0.000417091
0.00063941
5.72611e-05
0
0
5.70382e-05
0
0.000595942
2.29144e-05
0.000144317
0
0
0
0
1.1837e-05
0
0
0.000513588
0
0
0
0
0.000739965
0.000446787
0.000387701
0
0
0
0
0.000480024
0.000598891
0
0
0.000286619
0
0
0
0
0.000130332
0.000193863
0.000197179
0
3.89076e-05
0
0.000238241
0.000184845
0.000250208
0
0.00024534
0
0
0
0
0
0
0.000388645
0
0.000551795
0.000290653
0.000213869
0.000158113
0.000302166
0
3.05166e-05
0.000175111
1.03935e-06
0
0
0
0
0.000679016
0
0.000475073
0
0
0
0.000458642
0
0
2.2323e-05
0
8.82584e-05
0
3.292e-05
1.64032e-06
0.000117483
0
0
0
0.000240168
0.000429226
0
0.000328787
0
0
0
6.74044e-05
0
0.000235719
0
5.10284e-05
0
9.21504e-05
0
1.6446e-06
0
0
0
0
0
0
0.000141164
0
0
1.56386e-05
0.00027309
0.000141365
0
0
0
0
6.7724e-05
3.43692e-06
0
6.65832e-05
0
0.000262249
0
0.000305183
0
0
0
0.000489267
0.00040936
0
0
0
0.000449566
0.000427781
0
0.00015852
0.000189873
0
0
0.000302599
3.0831e-07
0
0
0.00059424
9.69472e-05
0.000241713
0.000539109
0.000222135
0
0.000445366
0
0.000278329
0
0
0
0
0.000112571
0.000415964
0
0.000385604
9.68045e-05
0
0
0
0
3.04374e-05
0.000223746
0.000338114
0
0
0
0
0
0
0
0.000138335
0
1.5152e-05
0.000171872
0
0
0.00011882
0
4.81294e-05
0.000199312
0
0
0
0
0.000641702
0.000395479
0
0
0.000569264
0
0.000258743
8.05072e-05
2.08429e-06
0
6.44217e-07
3.92081e-07
0
0
0.000148567
0.000382664
0.000527901
0.000328507
0.000183048
0
0
0.000296087
0
9.98842e-06
0.000499156
0
0
0
0
0.000115627
0.000547156
0
0
0.000529811
0.00024142
0
0.000328676
0.000109719
0
0.00058498
0
0
0
0
0.000392038
0
0.000174696
0.00045589
0
0
0
0
0.000421483
0.000131661
0
0
0
0
0
0.000104823
0.000371765
0
0
0
0.000272236
0.000463718
0
0.000541056
0
0
0.000415998
0.000122116
0.000531991
0
0
0
0.00039067
0.000379885
0.000362345
8.19415e-07
0
0.000322713
0
0
0
0
0.000526663
0
0
0.000272685
0.000477446
0.000462173
0
0
0
0
0
0
0.000260519
0.000713205
0
0
0.000185245
0
0
1.51902e-05
4.52068e-05
0
0
0.000365845
0.00014895
0.000285423
0.000252395
7.30017e-07
0
4.44773e-05
0
0
0
0
0
0.000331055
0.000145739
0
0
0
0
0
0
0
0
5.89147e-06
4.30886e-05
0.000109075
0.000171749
4.33466e-05
0
0.000173821
0
0.000139955
0.000730805
0.00054272
0.000398186
0.000193997
0.00047807
0.000251298
0
0
0.000456689
0
0
0.00043629
0.000579069
0
0.000483826
0.000764905
0
0
0.000796292
0.00056616
0.000256895
2.69117e-05
0
0.000128975
0.000243784
0.000118106
0.000646305
0.000727172
0.000578607
0
0.000189906
0.000204756
0.000531502
0.000104475
0.000402508
0
3.74995e-05
0
0.000177546
0
0.000136602
0
0.000194561
0.000136026
0
0
0
0.000117338
0
0
0
0
7.1265e-05
0.000723485
0
0.000824923
0.000719782
0.000438882
0.000253567
0
0.000509123
0.000320863
0
0.000157994
0
6.51303e-05
0
0
0
0.000408629
0.000167844
0.000101221
0
0.000215969
0.00057148
0
0
0
9.13158e-05
0
0
0
0.000189344
7.2623e-05
4.8575e-05
0
0
0
8.40303e-05
3.1226e-05
0
0
8.88225e-05
0
0.000103054
0
0.000297381
0.000164203
0
1.78863e-05
3.18851e-05
0
0.000160122
0.000124768
0
0
0
0
0
0.000548528
9.33001e-05
0
4.89188e-05
0
0
0
4.94711e-05
9.13443e-05
0.000529997
0.000473484
0
0
0.000293855
0
0.000403487
0
2.04434e-05
0
0
4.20803e-05
0.0005825
2.05059e-05
0
0
0
0
0
0.000140853
0
0
0
0.000114805
0.000136264
0
0.00026754
0.000644992
0.000579028
0
0.000114196
8.97707e-05
3.29199e-05
0.000176854
0
0.000680383
8.48887e-05
0
0.000277555
0
0.000729101
0
0
9.92551e-05
0
0.000375115
0
0
0
0
0
0.000447548
0
0
0.000198718
0.000307466
0
0.000153328
0
0.000236337
7.84662e-05
0.0001326
0.000173761
0.000443399
0
0.000155778
0.000443037
8.30939e-05
0
0
0
0
4.60679e-05
0.000460273
0
0.000375634
0
0
0.000318979
0.000440326
0
0.00025611
0
0.000184642
0
9.94409e-05
0.000319099
0
0.000307204
0
0
0
0
0
0
0.000260386
0.000341258
0
7.01132e-05
0
5.92256e-06
0
0
0
0
0
0.000586689
0.000254394
0
0.000469505
0
0.000426815
0.00014351
0.000150727
0
0
0
0
0
0
0
0.000298751
0
0
0.000207375
0
8.67135e-05
4.57958e-06
0
0.000212872
0
0
9.7712e-05
0
0
3.74182e-05
0
0
0
0
0.000333499
0
0.000377572
0
0
0.000591378
0
6.38795e-05
0.000234914
0.0005745
0
0.000405403
0
0
0.000401775
0.000338373
0.000311193
0.000166088
0
0
0
0
1.50611e-05
3.17247e-05
0
0
5.24851e-05
0
0.000124494
0
0.000591876
0
0.000658036
0.000608385
0
0
0.000480753
0.000767569
0
0.000391806
0
0.000615919
0.000519886
0.000556378
0.000452424
9.14481e-05
0
0
0
0
0.000176962
0
0.000466673
0.000693325
0
0
0
0.000499641
0.00014386
0.000274764
0.000247926
0
6.03829e-05
8.25537e-06
0
0
0
1.8344e-05
7.28639e-06
8.24587e-06
8.41442e-06
0
0
6.56084e-06
5.06269e-05
0
0
0.000399956
0.000490511
0.000220368
0.000444608
0.000526035
0
0.000275825
0
0.000168581
0.000100933
0
0
0.000408879
0
5.99495e-05
6.71772e-05
0.000297073
0.000220483
7.77161e-05
0
0.00040057
0.000405474
0
0.000217609
0
0
0
0
0
0.000117997
0
7.70075e-05
0.000162858
0
0
0.000132723
2.8397e-05
2.92173e-05
2.08471e-05
0
0
0
4.36091e-05
0
0
0.000208374
0
4.65412e-05
0
6.5841e-05
0.000177943
0
0.000483091
0.000790626
0.000284293
0.00064439
0
0.000190125
0
0
0
5.90542e-05
0
0.000214877
0
0.000437879
0
0.000328996
0
0
0
0.000285428
0
0.000429894
0
0
0
0
0
0.000118101
0.00061154
0
0
0.00070954
0
0.000689806
0.000430493
0.000200319
0
0.000252158
0
0
0.000196844
0
0.000559427
0
0
0
0
0
0.000332334
0.000173762
0.000248829
0
0
0
0
0
0.000684376
0.000468879
4.15511e-05
0
7.73797e-05
0
0.00011853
0
0
0.000245627
0
0
0
0
0.00053212
0
3.61475e-05
0
0.000355904
0.000149133
0
0
0
0.000167506
0.000378936
0
2.29488e-05
0
9.1561e-06
4.04943e-06
2.87371e-06
0
3.65417e-05
0
1.97026e-06
0
0
0
4.93723e-05
3.30241e-05
0
1.20794e-05
0
6.13107e-05
6.34657e-06
0
0
0
0
0
0
0
5.8965e-05
0
7.58836e-05
0.000128928
0.000247882
0
8.0002e-05
0.000464553
0
0
0
0
0.000639927
0
0.000290726
8.79783e-05
0.000311834
0.000299516
0
0
0.00064014
0.000166426
8.66711e-05
7.59431e-05
0.000260918
0
0.000410386
0.000696249
0
0.00069364
0
0.000768926
0.000750861
0
0.000622713
0.000496865
0.000414066
0
0
0.000437734
0
0
0.000480292
0.000506245
0
0
0.000386003
0
0.000454866
0
0
0
0
0
0.000191605
0
0.000609103
0.000537984
0.000585735
0
0
0
0.000759115
0
0
0
0.000600283
0
0
0.000719879
0
0
0
0
0
0
0.000747447
0
0
0
0.000266753
0.000310598
0
0.000186728
0.000191623
0.000188142
3.09809e-05
6.36795e-05
0
0
0
3.28412e-05
0.000143652
0
0.000546845
0.000280287
0.000375682
0
3.87245e-05
0
0
0.000417162
0.000143092
1.35375e-05
0
9.41611e-05
2.41604e-06
8.23671e-06
8.39466e-05
0.000270359
0
0
0
0.000214299
0
0
3.26587e-05
0
0
0.000490555
0.000374796
0
0
0.000442329
0
0.00059335
0.000684986
0
0.000664136
0.00012379
0.000165119
0
3.28499e-06
0
3.54207e-05
0
0
0
0
0
5.07342e-05
0
0.000196637
0.000218964
0.000468211
0
0.000225559
4.73632e-05
0
0.000169343
0.000311781
0
0
0
0.000426539
0.000352171
0
0
0
0.000352621
0.000167152
0.000311997
0.000316175
0
7.0457e-05
0
0
0
0
5.8508e-05
7.30041e-05
0.000571304
0
0.000343557
0
0
5.75359e-05
3.58461e-05
4.18837e-05
0
0
0
7.08502e-05
0
0
0
0
0
0
0
6.86412e-06
1.09725e-05
0
0
0
0
0
0
0
7.90046e-05
5.44239e-05
5.11065e-06
0
0
0
4.81469e-06
4.93157e-06
5.183e-06
7.69911e-05
0.000192537
2.31702e-05
0
0
0
2.49545e-07
0
6.09882e-05
0
2.42974e-05
0
8.52672e-06
4.52225e-06
0
0
6.19654e-05
0
0
0
0
0
8.40136e-05
0.000338487
0
0.00040872
0
0
0.000155831
7.84908e-05
0
0.000200499
0
0
0.0001524
3.30231e-05
0.000198515
0
0.000377622
0
0
0
0
0.000328192
0
0
0
0
0.000433953
0
0.000192618
0.000517317
0
0.000431783
0.000134814
0.000445839
0
0.000103047
9.64075e-05
0
0.000144727
0.000558156
0
0
0.00067947
0.000394975
0.000563425
0.000394273
0.00041772
0.000240305
0.000612123
0
0
4.31089e-05
0.00015211
0.000579704
0.000713745
0.000428519
0
0
0.000382714
0
6.60834e-05
0
0
0.00046606
0.00019476
0
0
0
0.000231426
0
0
1.24672e-05
0.000110965
0.000144829
0
0
0
3.3471e-05
0.000159761
0
0
6.0702e-06
0
0
0
0
0.000417154
0.000216439
0
0.000153374
0
0
0
0.000267081
0
0
0
0.000105758
0
0.000370791
0
0
0.000205687
0
0.000588385
0.00051888
0.000636394
0
0
0.000113596
0
0
0.000171615
0
0
0.000151825
0.000129889
0.000626515
0
0
0.000736867
0.000591463
0
0
0.000457639
0.000577845
0.000546833
0.000409744
0.000353908
0.000181096
0.000619142
0.000192572
0.000164613
0.00062798
0.000820412
0.000305501
0
0
0
0
0
0
0
0
0
0
0.000742232
0.000279322
1.60747e-05
0
6.80309e-05
0.000352086
0
0
0
0
0
0.000116808
9.41916e-05
0
0.00037208
0
0.000214951
0
0.000385759
0
0
0
6.54593e-05
0.000118834
0
0
0
0.000264564
6.58601e-05
0
0.000172425
0
0
0
0
0
0.000276052
0
0.000343903
0
0.000367419
0
0
0.000432448
0.000317668
0.000318233
0.000267745
0.00019854
0
0.000261375
0.000158666
0
0
0
0.000273312
0.000331427
0.000177471
3.68178e-05
0
0.000234106
0.000554271
0.000492458
0.000275069
0.000107072
0
0.000458499
0.000534978
0
0
0.000296457
0
0
0
0.00074294
0.000399462
0.000555626
0
0.00023115
0
0
9.33379e-05
0
0.000282521
0.000639629
0.000356878
0
0.000370944
0.000217321
3.69396e-05
0.000286168
0.000214224
0
0
0
0
6.86045e-05
0.00023456
0.00018649
0.000142377
0
1.04989e-05
6.95003e-06
0.000334526
0
0
0
0
0
0.000198605
0
0
2.52165e-05
0.000193682
0
0
0
0
2.32056e-05
0.000475383
0
0
0.000396443
0.000466459
0
0.000539515
0.000322811
0
0.00010206
0
0
0.000264471
0.000204375
4.49211e-05
0.000256175
3.42109e-05
0.000159731
7.34839e-06
8.4193e-05
0.000114409
0
0
3.19523e-05
0.000265914
0.000133941
2.98077e-05
0
0
0.000642889
0
0.000485773
0.00018758
0.000487916
8.21181e-05
0
0
0
0.000327535
0.000682908
0.000138178
0
0
0.000484141
0
0
0.000361108
0
0.000146651
0.000645866
0.000631296
0
0
0.000481836
0.000324689
0
0
0.000344302
0.000121542
0
0
0.000381187
0
0
0
0.000457954
0
0
0.000525202
0.000325613
0.000274374
0
0.000542871
0.000530161
0
0.000380569
5.36465e-05
0
0
0
0
0.000447105
0.000139699
0.000271598
0
0
0
0.000439466
0.000453173
0.000221141
0
0.00059964
0
0
0.000533315
0
0
4.10439e-05
0
0.000631119
0
0.000235284
0
0
0.000198758
0.000141526
0
0
0.00023718
0.000320918
6.2501e-05
0
0
4.1489e-05
0
0
9.47442e-06
9.23931e-05
0.000448654
6.76265e-05
0.00010172
7.76724e-05
0
0
0
2.97309e-05
1.96102e-05
0
0
0
0
0
1.05037e-06
0
7.05935e-05
8.02518e-05
0.000107263
0.000188966
0.000327279
0.000255432
0.000596348
0.000576329
0
0
0
0.000632116
0
0
0
0.000595534
0.000863296
0.00034377
4.0792e-05
3.79491e-05
0.000133539
0
0
0
0
0
0.000333426
0.000440183
0
6.04012e-05
0.000136632
0
6.28912e-05
0
0.000149631
0
0.000168686
0.000106791
0.000150094
4.64649e-05
0
0
0
0
0
0.000166674
0
2.69256e-05
6.80902e-05
0.000262462
0
3.27067e-05
3.03288e-05
0
4.84875e-05
0
3.74081e-05
2.83949e-05
0
0
7.91629e-05
0
0.000279786
0.000246289
0
0.000183223
0
0
5.30019e-05
0
0
0.00031837
0
0.000456209
8.01241e-05
0.000660706
0.000193351
0.000318237
0
0
0
9.17618e-05
0
0
0.000170958
0.000236211
0.000466455
0
0
0
1.86591e-05
2.27609e-05
0.000107512
0
0.000215782
0
0
0
0
0
0
0
0
0.00023781
7.48906e-05
5.9749e-05
0
0.000162407
0.000331548
0.000506835
0
0.000636076
0.000249526
4.18565e-05
0.000255042
0
0
0.000427697
0
0
0
0.000141443
0.000251488
0
2.97186e-06
2.1378e-05
0
8.34345e-05
0.000127217
0
1.85843e-05
0
0
0
0
0
0
0
0.000512676
0
0
0
4.13841e-05
0
0
4.38278e-05
0
0
1.81091e-05
0
7.82385e-06
2.28215e-05
1.44405e-06
0
0
0
0.000109054
0
0
0.000204367
0
7.39645e-05
5.05299e-05
0.000424979
0.000341966
0.000531417
0
3.59268e-05
0.000124093
0.000462358
0
0
0.000247679
0.000375694
4.1033e-05
7.56008e-05
0
0.000216168
0
0
0.000192619
0
0
0.00024214
0
0.00059239
0
1.1101e-05
0
0.000170007
0.000494293
0.000604296
0
0
0.000579758
0
0.000436998
0
0
0
0
0
0
0.000286536
0
0.000274948
0
4.63044e-05
0
3.16334e-05
7.24947e-05
0
0.000352761
0
0
0
0
0.000139868
0
0
0.00037328
0
0.000114169
5.65873e-05
0.000281874
0
9.13771e-06
8.55596e-05
0
0
0.000114031
0.000306278
0.000410813
0.0003217
0.000487739
0.000753618
0
0
0
0.000663487
0
0.000146399
2.45707e-05
0
0
0.000230969
0.000197254
0.00032881
9.83623e-05
0.000253226
0.000588545
0
0
0.000244093
0
0.00022324
7.36713e-05
4.51037e-07
0
0.000243656
0
0
0
0
0
0.000410161
0.000200579
0
2.66215e-05
0.000466409
0.000137427
0
7.98466e-05
0.000342384
0.000690748
0
0.000692135
0.000433379
0
0
0
0.000284929
0.000299768
0.00010653
0
0.000333698
0.000366346
0
0.00020818
0.000587369
0.000623522
0
0.000378028
0.000418567
2.23508e-06
0.000430431
0
6.68198e-05
0
0
4.88909e-05
0
0
0.000215454
0
0.000431049
0
0
0
0
0
0
0
0
0.000372264
5.14691e-05
0
0.000204686
0.000132558
0
0.000546975
0
0.000668585
0.000476549
0.000298706
0
1.67295e-05
0
0
0.000155502
0
0.000102982
3.21013e-05
0.000299194
0
2.98901e-05
0.000629727
0.000639939
0
0
0.000798144
0
0.000489555
0
0.000497584
0
0.000455768
0.000394636
0
0.000718004
0.000676045
0
0
0.000143044
0
3.94103e-05
5.33789e-05
0.000142025
8.12344e-05
0
0.000308784
9.65845e-05
0
0
0
2.81853e-05
0
0
0.000225374
0.000114672
0
0.000314901
0
0
0
0
0
0
0.000101819
0.000224351
0
8.91551e-06
0
6.88083e-06
0
0
0.000482929
0.000667129
0.000438523
0
0.000149786
0
9.44748e-05
0
0
0
0.00013923
0.000434691
1.92465e-05
0
0
0
0.000126582
0.000428516
0
0
0
0
0
0
0
0
6.86646e-05
0.000294604
0
0.000171978
5.99306e-06
9.25497e-06
0
0
0
2.22181e-06
0.000125698
6.47144e-05
0.000460972
0
0
0
6.69145e-05
0.00032342
0.00035748
0
0.000668449
0.000259036
0
0
0.000207904
0
0
0
0
0
0.000331025
0
0.000637596
0.000613808
0
0.000216732
0
0
0.00013909
0
0
0.000623637
0.000506923
7.63595e-05
0.000103398
0.000356609
0
0.00028014
0
7.75601e-05
0
0
0
0
0.000138087
0
0.000154274
4.14721e-05
1.54937e-05
0
0.000248378
0
0
0.000170529
0.000533484
0.00015218
8.34634e-05
7.30456e-05
0
7.88634e-05
0
0
0.000304745
0
3.55732e-05
0
0
0
0.000562407
0.000284688
0
0
0.000262362
0
0
0.000220622
0
0
5.35485e-05
0.000536763
0.000218368
0.000479319
0.00071065
0.000677638
0.00059647
7.91147e-05
4.73455e-05
0.000353023
0
0
0.000615594
0.000200363
0.000201099
0
0.000465624
0.000592345
0.000682396
0
0.000349703
0
0.000637851
0
0.000672202
0
0
0
0
0
0.000424456
0
0
0
0
0.000500939
0.000498677
0
0.00031192
0.000645808
0.000368339
0
0.000424419
0.000437645
0
0
7.59488e-05
0
0.00051752
0
9.15712e-05
7.30812e-05
0.000141745
0
0
0.000376178
8.25813e-05
1.19964e-06
0
1.26171e-06
0.000341094
0
0
0
1.25858e-05
0
0
0
0
0
0.000162288
0.000365879
0.000547101
0
0.000194189
0.000421305
0
0.000571136
0.000458187
0.00062545
0.000533907
0.000598986
0.00048887
0
0
0
3.13779e-05
0
0
0.000180685
9.23851e-05
0
0.000293804
0
0
0
0
0.000261859
0.000331668
0
0
0
0
0.000206449
0
0.000743714
0
0
0.000749311
0
0
0
0
0.000478911
0
0
0
0
0.000113484
0.000230362
0.000602815
0.000438853
0
0.000610544
0
0
0
0.000594033
0.000301169
0.000610332
0
0.000333168
0
0
0.000174568
0
4.33169e-05
0
7.7213e-06
0
0
5.8372e-07
4.0536e-06
1.53695e-05
4.584e-05
0
0.000325277
0
0
0
0
0.000105181
3.06078e-05
0
0
0.000155603
0
0.000247781
0.000285032
0.000463283
0.000567157
0
0
0
0.000562581
0.000756421
0
0.000530265
0.000529917
0
0
0
0.000466098
0
0.000670219
0.000712696
0.000207221
0
0
0
9.6697e-05
0
0
0
6.25111e-05
2.49438e-05
0
0
0
0.000433145
0
0
0
4.31729e-05
9.35984e-05
0.000361972
0
0
0.000129103
0.000117589
0
0
0
0
6.4516e-05
8.64981e-06
0
0
0
0
0
0
4.42298e-06
1.90235e-05
0.000169815
0.000173231
0
0
0.000177179
0
0
0
0
0.000264579
0
0.00021316
0.00022315
0.000223797
6.36962e-05
0.000241901
0
1.81099e-05
0
0.000228741
0
0.000130763
0
0.000106436
0
0.000177831
0
0.000396484
0.000206223
0.000509226
0
0.000162393
0
0.000215537
0.000153973
0
1.79383e-05
4.06524e-05
0
0
0
0
0.000413933
0
9.37881e-05
0
4.78563e-05
0
3.83005e-05
1.92958e-05
4.5989e-05
4.72223e-05
0.000124848
0
0.000246747
0.00017398
0
4.36705e-05
0.000328186
0.000384836
0.000693113
0.000298967
0.000170845
0.000145015
3.32984e-05
0.000116326
0
0
0.000136086
4.11219e-05
9.44724e-06
3.00964e-06
0
0.000545799
0
0
0.000232499
0.000434023
0.000185052
0
0
0
0
0
0
0
0.00050276
0
0.000542372
8.45035e-05
8.49519e-05
0.000360579
0
0
0
0.000240325
0
0.000482604
0.000608727
0.000497736
0
6.12524e-05
4.91079e-05
0
0
0
0.000519923
0
0
0.000393179
0.000189068
0.000321347
4.52025e-05
0.000241478
0.000260752
0.00013312
0.000312507
0
0.000107337
0
4.31414e-05
0
0
0
1.24648e-05
0
0.000230515
0
0
0
0.000685761
0.000723396
0
0.000353991
0.00046058
3.25461e-05
0.000109437
0
0.000583548
0.000585325
0
0.000622057
0.000690071
0.000102809
0
0.000122652
0.000111158
0
5.28161e-06
9.54233e-05
0
0.000120138
0.000373168
0.000244687
0
3.74367e-05
0.000260597
0
8.10802e-05
0.000226768
0
0.000181214
0
0
0.000217082
0.000338319
0
0.000498805
0.000392876
0
0.000342085
0.000339759
0.000187934
0
0.000208813
0
0
0.000378154
0.000452207
0
0.000310945
0
0.000108071
0
0
0
0.000260887
0.000368046
0.000629623
9.50664e-05
0.000134258
0
0
0
6.22378e-05
0
0
5.33764e-05
0.000173917
3.12398e-05
0.000288803
0
0.000234564
1.89443e-07
2.57276e-05
0
0
4.49394e-05
1.06771e-05
0
0
4.2523e-05
0
0
6.49248e-05
0
0
0
0
8.29292e-05
0.000270421
0
0
0
0
0
0
8.70196e-05
0.00014243
0
0
0.000362457
0
0
0
0.000488081
0.000201661
0
0
0.000127529
0.000194215
0
0.000261796
0.000458664
0
0.000361894
0
0.000261969
0.000178639
0
1.27805e-05
4.1576e-05
0.000306567
3.40371e-06
0.000509293
0.000233423
0
0
0.000113086
0.000587127
0
0
0
0
0.000238953
0
0
0
0.000330452
0.000656852
0.000709429
0
0
0
0
0
0
0
0.000580919
0
0
0
0
0
0
0
0
0
5.36238e-05
0.000468215
0.000437125
0
1.93949e-05
0.000346261
0.000609152
0.000430218
2.89083e-05
0.000177464
0.000204673
0
0
0
0
0.000341872
0.000428778
0.000241215
0
0
8.3687e-05
0
0.000105879
0.000177247
0
4.07156e-05
0.000354581
0
0.000556843
0
0.000425153
0
0
0
0.00030909
0
0
0.000113336
7.45783e-05
0
0.000506642
0.000241145
0
0.00023652
0
0.000400716
0
0.000226286
0
0.000599639
0.000544821
0.000491509
0.000499124
0
0.00057142
0
1.86262e-05
0.000249691
0.000290132
0
0.000275634
0.000178987
0.0003301
0
0
0.000397078
0.000502497
0
0.000324612
0.000117778
8.79647e-05
6.09406e-05
0.000294299
0.00033395
0
1.09241e-06
5.92928e-05
2.4947e-05
0.000100723
0
1.03966e-05
0.00014999
0
0
0.000214071
0.000362194
6.94456e-05
0.000185641
0
0
7.68279e-05
0
4.22591e-05
0
0
0
0
0
1.57006e-05
0
0
1.74121e-05
0
0.000220199
0
0
0
4.77799e-05
5.26708e-05
0
0
0
0
0
0
3.39727e-05
0
1.45097e-05
0.000632675
0
0.000174766
0
0.000110047
0.00029366
5.1762e-05
0
0.000100819
8.79745e-05
0
0.000534439
0.0002988
0
0
0
0
0.000426061
0
0
0
0
0.000175732
0
0
0
7.0327e-05
0.00015064
8.49134e-05
0
0
0
5.6129e-06
0
0
0
0.000144048
0.000137802
0
0.000311437
0
0.000289292
0
0.000574178
0
0.000166101
0
0
2.21338e-05
0.000242602
3.43395e-05
0
0
0
0
4.99902e-05
0
0
0
0
0
8.15661e-06
7.68301e-05
0.00061065
0.000270649
0
0
0.000440874
0
0
0.00057229
0
0.000206385
0.000445284
0
0.000536009
0
2.36782e-05
0.000103105
0
0
0
0.000233272
0
0.000127602
1.27428e-05
0
0
5.96796e-05
0.000512127
0
0.000340945
0
0
0.000654748
0
7.63815e-05
0.000271234
0
0
0
0.000165027
0
0.000583347
0
0.000633327
0.000617328
0
0
0.000419117
3.475e-05
0.000112192
2.79127e-05
0.000337398
0
0
0.000196829
0.000283477
0
5.03462e-05
0
0.000245578
0
0
0.000266999
0.000291118
0.000264929
0
0
0
0.000275863
0
0.000266455
6.69671e-05
0
0
0.000314998
0
0.000295008
0
1.87506e-05
4.67534e-05
0
0.000240146
0
0
0
0
0
0
0.000408173
0.000478909
0.000601026
0
0.000510907
0.000725607
0.000490112
0.000631187
0.000179182
0.000489728
0
0
0
0.000634063
0.000426498
0
0
0.000207785
0.000131692
0
0.000444616
0.000401424
0.00018831
8.81938e-05
0
0
9.36156e-05
1.65236e-07
0
0.000394387
0
7.43047e-05
0
0.000437318
0
0
0
0.000148093
0.000188466
0
0
0
0.000219623
0.000304973
0
0
0.000377715
0
0
0.000559392
0
0.000676052
0
0
0.000489585
0
0
0.000606804
0
0
0.000318382
0
0
0.000364711
0
0.000216895
0
0
0.000234313
0
0
0
0
0
0.000433985
0
0.000123569
0
0.000251477
2.88821e-05
0.000114477
0
0.000266742
0
0
0.00019548
0.000207406
0.0006293
0.000240752
0.000166982
0
4.43899e-06
0
0
0.000467952
0.000546775
0
0
0
0
0
0.000314905
0.00018106
0
0.00034379
0.000283013
0
0
0
0.000318781
0
0.000116957
0
0.000291283
8.37002e-05
3.86672e-05
0
0
0
0
0
0
0
0.000251206
0.000363412
0
0
0.000110423
4.2733e-07
2.34742e-05
0
0
0.00028846
0
0
0.000142034
0
0.000243141
0.000229091
0
0.000408977
0.000351024
0.000515354
0
0.000391013
0
0
0.0001573
0
0.000145006
0
0
0.000185349
4.33537e-05
0.000120638
0
0
0
0
0
2.00632e-05
4.74252e-05
0
3.62274e-05
0.000150055
0.000152678
0
0
0.000357271
0.000519218
0.000341336
0.000233873
0.000599219
0.000239392
5.77331e-05
0
0
0
0
0
0
0
0
5.0672e-05
0
0.000238521
8.25899e-05
8.99816e-05
0.000252298
0.000261325
0
0.000145199
0
0.000186104
0
6.72509e-05
0.000383539
2.70271e-05
3.45651e-05
0
0.000587418
8.63595e-05
0
0
0
0
0.000126079
0
0
0.000416048
0
0
0.000712368
0
0.000695343
0.000223967
0
0.000406669
0.000390882
0
0
0
0
0.000121619
0
0
0
0.00020114
0
1.57466e-06
0
0.000305835
0
0.000426526
0.000273607
0.000109201
0
0.000407485
0
0
0.000328697
0
0.000479364
0
0
0
0.000263571
0.000478855
0.000308758
0.000529884
0
0
0
0
0.000312484
0
0.000102875
0
0
0
0.00026602
0
0
0.000186772
0.000102762
0
0
0
0
0.000503999
0
0
0
0.000335389
0
0
0
0
0
0.00010106
0
0
0
0
0.00044876
0.000265461
8.14577e-05
0
0
0.000113444
0
3.3761e-05
0.000126296
0
0
0
0.00037811
0.000130717
0.000171519
0.00045013
0.000781727
0.000268509
0
0
0.000406381
0.000629699
0
0.00027915
0
0
0.000498231
0
0
0
0.00065552
0.000648655
0
0
0.00041095
0.000120309
0.000356725
0
0
0
0.000529968
0.000152015
0.000667544
0
0.000667406
0.000500429
3.13787e-05
0
3.93323e-05
0
0
0
0
0.000305757
0.000311324
0.000222555
0
0
0
0
0.000109901
0
2.10587e-05
0
3.18739e-05
0
1.45639e-05
0.000266181
0
0
0.000567437
0.000297513
0.000274238
0
0
0.000105889
0
0
0
0
0.000349415
0
0
0.000111786
1.79e-05
0
7.53882e-05
0
0
0.000181527
0.000100806
0.000407531
0.000378132
0.000196842
0
0.000383407
0.000441626
0.000598621
0.000573225
0
0
0.000521087
0
0
0.00031199
0.000661955
0
0
0
0
0
0
0.000159097
0
0.000218538
0
0
6.65292e-05
0.000293508
0.000466429
0
0
0.00020295
0
0
0
5.37366e-05
0.000134443
0.000417918
0.000543058
0
0.000343261
0
0.000579378
0
0
0.000399369
0
0.000287228
0.000265001
0.000786306
0
0
0.000407281
0
0.000103423
2.92332e-05
0.000414444
0.00016331
0.000181887
0
0
0
0
0
0
5.77037e-05
0.000285674
0.000173904
0
6.90721e-06
2.4763e-06
0
0
7.86011e-05
0.000197144
0.000643952
0
0
0.000178976
3.34773e-05
1.25468e-05
0
8.07074e-05
1.84599e-05
0.000410549
0
0
0
0.00030508
0
0.000257421
0.000385547
0.000156155
0.000550414
0.000508473
0.000336034
0
0
0
6.77155e-06
0
0
0
0.000225276
0.000146716
0.00031976
0
0.000148675
0.000251442
0.000389672
0
0.000487474
0
0
1.40875e-05
0
2.83359e-05
0.00033101
0
0.000197683
0.000310085
0.000239074
0
0
0
2.3536e-05
2.26908e-05
0.000203948
0
0.000506288
0
7.03844e-05
0.000360916
0.000334692
0.000376408
0
8.19601e-05
0.000110011
0.000186268
0
0
0
0.000128431
0.000491603
0.000481353
0
6.3126e-05
0
4.80615e-05
0.000317732
0
0.000517897
0
0
0
2.51061e-05
4.35228e-05
0.00021892
0.000355686
6.17945e-05
0.000313618
3.44806e-05
0.000274907
0
0
0
0.000267709
0.000629107
0
0.000280115
0
0.000206823
0.000569665
0.000687294
0
0.000686128
0.000755633
0
0.000355881
0
0.0001135
4.40405e-05
0
6.953e-05
0
0
0.000420494
0
0
2.5222e-05
0.000336021
0.000171747
0
0.000194432
8.30889e-05
0.000348802
0.000705609
0
0
0.000263362
0.000171138
0
0
0.000380208
0
0
0.00040318
0
0.000286361
0.000114377
0
0.000171402
0
0.000520393
0
0.000247832
0.000307689
0
0.000348828
0
0
0
0.000157913
0
0.000568217
0
0
0
0
0.000254755
0.000160378
0.000180887
0
0
0
0.000183937
4.74706e-05
0
0
2.24007e-05
0.000302615
0
0
9.15963e-05
0
0
0
0.000220136
0.000615774
0
0
0
0
0
0.000180089
0
0.000233009
0
0
0
3.17897e-06
1.63706e-05
0
0
0.000184578
0
0.000266005
0
0.000131142
0
0.000260044
0
0
0.000615456
7.33712e-05
9.70173e-05
0.000209579
0
0
0
0
0
0
0
0.000172179
0
4.69037e-05
0.000148387
0
0
0
0
0
0
4.0667e-05
0
0.00023376
0
0
0
0
0.000194185
0.000116903
8.68355e-05
0.000429861
4.70129e-05
0
0.000288073
0.000323295
0
2.50786e-05
0.000311507
0
1.79616e-05
0.000130654
0.000308802
0.000190669
0.000422795
0
0.000502678
0
0.000483074
0
0
0.000103012
0
0.00022059
0.000628741
9.26448e-06
0.000150739
0.000277447
6.76493e-05
0.000160575
0
4.74451e-05
4.90595e-05
0
0.00041406
0.000272887
0
8.21054e-05
0
0
0
2.08632e-05
0
0
0
0
2.64336e-05
0
0
0
4.28893e-05
4.806e-05
0.000108879
0
0
0.000177234
0
0.000153663
0
0
0
0
0
6.60331e-05
2.46005e-05
0
0.000259401
0.000173903
0.00038526
0.000100314
0
3.52379e-05
0.000207371
0
0.000169117
8.30584e-06
0
0
0
0.000462098
0.000118929
0.000260404
3.52379e-05
0
4.14268e-05
0
0.000660218
0.000512061
0
0.000402486
0.000152976
0.000593981
1.94719e-05
0
0
0.000320169
0.000158249
0
0
4.84671e-05
0.000157
0
0.000397649
0
0.000562545
0
0.000306032
0
0.000310472
0.000512519
0.000594101
0.000238347
0.000349588
0.000544304
0
0.000825582
0
0.000419211
0.000207855
0
0.000207506
0.000105449
0
2.4219e-05
5.62761e-05
0
0
0
0.000134131
0
0.000466522
0
2.53041e-05
4.61894e-05
0.000211818
0.000109387
0
4.24799e-05
3.30277e-05
1.17891e-05
0
0
0
2.76324e-05
0.000144998
0
0
0
0
0.000338143
0
0
0.000482844
4.3229e-05
0
0
0
0
0
7.06109e-05
0
0
0
0
0
0.000161866
0
0
0.000179598
0.00010909
0.000118594
6.33148e-05
0.000105752
0
0
0
0
3.32948e-06
8.89025e-05
3.1722e-05
0
0
3.08722e-05
0
0
0
0
2.94802e-05
0.000196395
0
0
0.000474509
0.000279733
0.000303445
0
0.000553069
0.000319616
0.00054821
0
0
0.000458848
0.000704179
0.000462262
0.000627945
0.00061414
0
0.000221311
0
0.000515674
0.000209896
0.000274809
7.32694e-05
0.000191356
0
0
0
1.89594e-05
0
0
0
0.000314219
0
0
0.00029637
0.00021934
0.000103049
0
4.27191e-06
0
0
0.00022892
5.9647e-05
0.000126011
0.000336972
0
0.000518775
0
6.21038e-06
0
0.000122797
4.30007e-06
0
0
0.000510116
0.000566205
0.000644366
0.000359493
0
0
0.00044037
0.000288993
5.95293e-05
0.000523375
0.000148947
0.000421233
0
0.000559474
0
0.000265643
0
0
5.57979e-05
9.56638e-05
0
2.6912e-05
0.00037072
0.000125506
0
0.000100291
0
0
3.80303e-05
0
0
5.79992e-05
0.000236109
0.000429948
0.00043058
0.000490969
0.000227695
0.000475612
0
0.000669625
0.000309932
0
0
0.000258179
3.96952e-05
0.0005044
0
0
0
0.000187415
0
0
0
6.96077e-05
0
0
0
0
0.000490115
0.000140398
0.000194471
0.000365137
0.000282725
0.000219239
0.00051168
0.000134832
0.000220363
0
0
0.000395123
0.000642447
0
0
0.000266315
0.000132892
0
0
0
0.000152871
3.59168e-06
0
0
0
5.63618e-05
0
0
0
3.31772e-06
3.85838e-05
0
1.50202e-07
0
1.77506e-05
0
0
0
5.29092e-05
0
0.000115153
0
0
0
0
0
0
0
0
8.18329e-05
0.000154796
0
0
0.000320665
0.000560742
0
0.000518451
0
0.000487142
0
0.000195022
0
0
0
0
3.15871e-05
0.000195718
0.000571377
0.000240309
0.000465355
0.000201255
0
0
0
0
0.000125194
0.000307081
0.000312029
6.69767e-05
9.8641e-05
0
0.000550341
0
0.000167946
0.00054686
7.53769e-05
0.000254885
0
0
0
0
0
0
0.000126277
7.53225e-05
0
0.000369777
0.00066742
0
0
0
0.000373095
0.000238195
0.000694258
0
0.000140974
0
0
0
6.47563e-06
0
2.58132e-05
0
1.03979e-05
0
0.000174497
0
0
0
0
0
0
0
0.000657047
0
9.34998e-05
0.000183587
0.000545056
0.000390387
0.000273775
0
0.00044327
0
0
0
0
0
0
0.000602291
7.93911e-05
0
0
0
0.000423584
0
0.000615603
0.000376269
0
0.000642788
0
0.000512692
0.000477533
0
0
0
0.000499119
0
0.000615866
0.000303849
0
0.000103593
0
0
0
2.69979e-05
0
0.000290224
0
0.000216742
0
0
2.69517e-05
0.000590713
0.000630705
0
0
0.000405429
0
0
0
0.000430682
0
0
0
0
0.00045146
0
0
0
0.000514855
0
0.000415138
6.43823e-05
0
0.000233626
0
0.000206696
0
0
2.53744e-05
0.000301155
0
0.000325531
0.000359323
0.000476386
0
0
0.000427895
1.1022e-05
0.000562868
0.000165654
0
2.24856e-05
7.50535e-05
0
0
0
0
0
0
1.7499e-05
0
0.000282542
1.74292e-05
0
0
3.68257e-06
0.000225024
3.13555e-05
0
0
0
0
0
0
0
1.88588e-05
0.000135764
0
0.000169216
0
0
0
0
0
0.000191518
0.000492536
0.000739534
0.000677981
0
0.000139459
0.000165948
0
0
0.000118189
0.00050872
2.88539e-05
0
0.000237525
0.000411102
0
0
0.000633044
0
0
0
0.000373632
0
0
0.000518485
0.000556274
0.00037686
0
0
0
0
0
0.000303543
0.000441944
0.000296113
0
0
0
0
0
0.00051465
0.000233369
9.05398e-06
5.02695e-05
0
0
0.000174068
0.000116687
0
0
0
0.000134184
0.000203296
0
0.000629812
0.000631439
0.000102801
0
4.03605e-05
0.00021304
0
0
0.000238695
3.57176e-05
0
4.76537e-05
0.000455216
8.73369e-07
0
1.24537e-07
2.77421e-06
0
0.00017576
0
3.97405e-05
0
0.000280428
0
0.000717435
0
0.000396719
0
0
0
0.000469905
0.000486756
0.000168213
0
4.35292e-05
0
0
0
1.56876e-05
0
4.48526e-05
0
0.000500066
0
0
0.000694149
0.000693686
0.000379383
0.000243986
0
0
0.000189107
0
0
0
0.000248102
0
0
0
0
0
7.63661e-05
0
0
0
0
0.000115113
0
0.000521663
0.000217497
0
0
0
0.000546898
3.53354e-05
0.000297655
0
0
0
0
0
0.00053469
0
0.000721559
0.000807712
0
0.000710177
0
1.02995e-05
9.89332e-06
0
0
0.000176312
0
1.3097e-05
0
0
6.72218e-05
6.2918e-05
4.59847e-05
0
0.000201176
0
0
2.05872e-05
0
0
0.00024342
0
0.000139806
0.000533801
0.00043058
0.000396896
0
0
0.000279233
0
8.58306e-05
0.000158524
0
4.51166e-05
2.95989e-05
0.000237641
0
5.97593e-05
0.00035541
0.000299103
4.21339e-05
0.000520696
0.000535325
0
0.000177854
0
0
0
8.83928e-05
0.000187361
0.000216373
0
1.29377e-06
0
0
3.33241e-05
0
0
8.7995e-05
0
0
0
0
0.000166359
0
0
0
0
1.00838e-05
6.99195e-05
0.000648128
0
8.16468e-05
0
0.000399696
0.000268335
0.000324061
0.000187438
0.000445886
0
0.000643154
0.000237783
0.000557185
0
0
0.000182775
3.18407e-05
4.64026e-05
0.000159718
0
0
6.69964e-05
1.14303e-05
0
0
0.000197486
3.01542e-05
3.94795e-05
0
4.80932e-05
0.000194616
0
2.53291e-06
0.000121262
0.000601862
0
0
0
0
0
0
0.000220031
3.56222e-05
0.000187411
0
0.000258748
0.00011259
0
0.000474751
0
0
0
0.000626551
0
0.000412669
0
0.000333323
0
0
0.000584527
0.000455605
0
0
0
0.000499662
0
0.000529004
0.000579257
0.000402531
0.000117599
0
0.000523006
0
0.000417683
0
0.000506958
0.00040537
0
0.000189319
0
0
0
0.000700934
0.000340344
0.00033984
0
0
8.91702e-06
5.43712e-05
0
4.125e-05
0
0
0
5.15249e-05
0
0.000538647
0.000142493
0
0
0
2.91492e-05
0.000353916
0
0.000278959
0.000251963
0.000374336
0
0.000121308
0
0
0.000124941
0.000218061
2.64155e-05
0.000113421
0
0.000256191
0.000313465
0.000484218
0.000141058
0
0
0.000319656
0
0.00024657
0
0.000688949
0
0
0
0
0
0.000350234
0
0
0
0
0
0.000503145
0
0.000371963
0.000458729
0.000292537
0
0
0.000469934
0
0
0
0.000365386
0
0.000223966
0
1.48769e-05
0.000150734
0
0
0.000146505
9.65505e-05
0.000118926
0
5.05443e-05
4.6342e-05
5.3436e-05
0
0.000285129
0
3.80372e-06
0
5.82588e-05
0
0.000106117
0
0
0.000104766
0
0
8.06638e-05
0
0.000486989
0.000333833
0.000105316
0.000154124
0
0
0
0.000647771
0
0
0
0
0
0
0.000459397
0
0.000687387
0.000253973
0.000295048
0.000233897
0.000136212
0
0
0
0.000665294
0.000703932
0.000373659
0
0
0.000512179
0.000412209
0
0
0
0.00044015
0
0
0
0
0.000516491
0
0.000627818
0
0
0
0.000579413
0
0
0
0
0
0.000210262
7.89414e-05
0
0.000374687
0
0.000256851
0
0.000147603
0.000273727
0.000347608
0
0.000140935
0
0
4.8103e-06
0.000213768
9.15453e-05
0.000622795
0
0
0.00031118
0.000329901
0
0.000239325
0.000296913
0.000362902
0
0
0
0
0.000613059
0
0.000358412
0
0.000418833
0
0
0
1.83736e-05
4.43629e-05
1.95004e-05
6.55034e-05
0
0
0
0
0
0.000125852
0.000152924
0.00023871
0.000418812
0.000285108
0
0
0.000209928
0.000260859
0
0
0.000233177
0.00065654
0
0
0
0.000611693
0
0.000524427
0.000429943
0
0
3.8846e-06
0
7.37795e-05
0.00015828
0.000475509
0.000615522
0.000594413
0.000711912
0.000617358
0
0
0.000590034
5.86254e-05
0
0
0
0
1.67163e-05
0.000152271
0
7.23839e-05
0
0
2.03672e-05
9.05981e-05
0
0
0.000488343
0
0
0
0
0
0
0
0
0
0
0
0.000118061
0
4.65326e-05
0.00015379
0.000342024
0.000411533
0
0
0.000471003
0.000319081
0
0
0.000106491
0.00037627
0
0.000336996
0.000603048
0
0.000530608
2.68489e-05
7.62374e-05
6.80869e-06
0
0
0
0
5.27722e-05
3.30236e-05
0
0
0
0
0.000228588
0
0
0.000140735
0
0
0.000561367
0.000165628
0
0
0
0
0.000120006
0
0.000216614
0
0.000198746
0.000222041
0
0
0.00013914
8.89124e-05
0
0.000268178
5.34749e-06
0
0.000386029
0
0.000647877
0
0.000411968
4.881e-05
0
0
0
0
8.66343e-05
0.000161163
0
7.43616e-05
0.000141558
0.000158193
0
0
0
0
0
0
0
0
0
0.000190225
0
0
0
4.72097e-05
0
0
0.000288075
0
0
0
0
0.000293234
0
0.000218283
0
0.000734302
0
0.000260479
0.000204037
0
0.000582353
0
0
0
0.000251765
0
0.000304866
0.000225045
0
0
0.000379162
0.000119222
0.000100733
1.79473e-05
0
0
0
0
2.28969e-05
0
8.32223e-05
0
0.000151909
0
0
0
0
0
0.000123154
0
0.000174688
0
0
0
0
0.000253399
0.000140104
0
0
0
0
0
0.000104759
6.52235e-05
0
0
4.14521e-05
0
9.99519e-05
0.000236454
0
0
0.000309725
0.000307153
0
0
0
0
5.59906e-05
0
0
0
1.0394e-06
0.000137598
2.74019e-05
0
0.000109438
0.000137338
0
0
0.000619872
0.000692312
0.000602681
0.00044117
0.000485604
0
0
0.000283839
0
0
0
0
0.00023007
0
0.000342011
0
0.000175377
0.000352386
0.000192772
0.000300726
0
0.000359593
0.000163595
0
0
0.0002466
0.000198375
0.000375827
0.000348814
0.000583817
0.00024846
0
7.60583e-05
0
3.55925e-05
5.46226e-05
0
0
0
0
0
0
0.000203846
0.00030207
0.000137276
8.30386e-05
0.000230291
5.17444e-05
0
0
4.25492e-06
0
0
0.00023314
0.000383881
5.29798e-05
0.000441299
0.000392813
0
0.000483423
0
0.0002677
0
0
0
0.000174912
0.000173923
0
0
0
0.000610183
0.000322108
0.000759555
0
0.000208159
4.48609e-05
2.43257e-05
0
7.72673e-05
0
0.000189587
0.00019425
0
0.000173718
0
0
0.00026244
0.000393646
0.000352497
4.88398e-05
0
0.000135864
0
0.000156429
0
0
1.6488e-05
1.13735e-05
0.000223055
0
0
0
1.73611e-05
0
6.42105e-05
3.41208e-05
0
0
3.55475e-05
0
0.00037963
4.60994e-05
8.75161e-05
0
0
0
0
0
2.94307e-05
0
5.05416e-05
0
0.00022885
0
0
0.000235267
0.000153725
0
0
0
0.000255765
0
0
0
0.000312506
0.000200461
2.93349e-05
0
0
8.62741e-07
0
1.9963e-05
0.000400953
9.0223e-05
6.14301e-06
0
9.44182e-05
0.000269952
0
0.000282878
0
0
0
0
0
0
0
0
0
0
0
0.000435179
0
0
0
0
0.00011031
6.31696e-05
0
0
0
0
0.00035452
0.000594142
0.000480696
0
0.000302993
0
0
0
4.99821e-05
0
0.000206278
0.000203683
4.1332e-05
0.000139207
3.84705e-05
4.81447e-05
0
0.000172181
0.000207711
0
0
0
0.000230285
5.16912e-05
0
0.000277114
0
0
0
0
0.000255152
0.000119956
0.00015489
0
0.000573553
0.000377559
0
0.000522465
3.86209e-05
0
0
0.000297724
0.000441967
0.000424477
0.000275215
2.55557e-05
3.28132e-06
9.33991e-05
0
0
0
0.000287022
0
0
8.90456e-05
0
0
0
0
0
0.000163851
0.000310242
0
0
0.000423184
0
0.00038499
0.000545161
0
0
0
0.000588691
0
0.000162363
1.81145e-05
0
2.70077e-06
0
0
0
0
6.87477e-05
0.000191208
0
0
0.000304121
0.00010986
0.000269649
0.000296674
0.000274334
0.000246241
0.000215674
0.000166969
0.000419437
0.000154483
0
0.000155019
0
0.000241135
8.52258e-05
3.87984e-06
0.000401654
0.000122939
0.000168431
0
0.00027645
0
0
6.72446e-05
7.90918e-05
0
0
0.000477959
0.000444418
0
0
0
0
0.000457034
0
0
0.000336256
0.000374342
0
0
0.000110489
0
0.000226649
0
0
0
0
0.000496334
0
0.00032215
0
0
0
0
0
0.000180269
0
6.61182e-05
0
3.09777e-05
1.95694e-05
0.000113519
0.000178819
0
0.00010241
0.000257913
0
0
0
0.000178576
0
0
7.33097e-05
0
0.0004568
0.000166056
0.00044321
0.000115035
0
0.000165011
0
0.000379233
0
0.00010172
0
0
0
0.000226153
9.83831e-05
2.2804e-05
0.000213034
6.30464e-05
0.000514038
3.94167e-05
0
0.00035192
0.00016558
0.000104758
0.000340166
0
0
0
0
2.93552e-06
1.3499e-05
0
0
0.000242868
0
0
0
0
0.000605038
0
0
0.000574763
0
0
0.000115223
0
0
0.000140766
0
0
0
0.000494358
0
0
0.000520544
0.000108949
0.000284658
0.000276774
0.000319306
0.000571722
0.000429595
0
0.000369732
0
0.000735894
0.000592013
0.000621217
0
0.000243207
0
0
0
0
0
2.34615e-05
0.000329021
0.000463971
0.000429956
0.000570459
0.000321288
0.000267367
0.00011112
1.89606e-05
0
0
3.13964e-05
0
0
9.25467e-05
6.24244e-05
0
4.1668e-05
0.000180956
0
0
7.24872e-05
9.18198e-05
0
0
0
0
1.95206e-05
6.72282e-05
9.52342e-05
0.000220384
0.000387662
0.000193944
0.000533431
0
0.0004892
0.000435163
0
0
0.000307345
0
0
0.00031043
0
0.000544501
0.000627977
0.00061948
0
0.000657039
0
0
0.000445263
0.000139394
0
0
0
0
0
0
0.000175319
0.000273651
0.000294789
0.00058082
0.000693254
0
0
0.00031011
0
0
0
0
0.000262133
0.000291913
0
0
0.000205133
9.8789e-05
0
0
0
0
0.000279913
0
0
0.000520795
8.90049e-05
0
0
0
0.000304743
0.000220147
0
0.000457533
0
0
0
0.000442604
0
0.000527674
0
0.000830271
0
0
0.000801002
0
0
0.000524809
0
0.000591083
0
0
0
3.1706e-05
0
0
0
0
0
0
0.000484708
2.49563e-05
5.2144e-05
0.000164132
0
2.74332e-05
0.000172418
0
0
0
0.000646613
0
0
0.000515428
0
0.000451261
0
0
0
0.000491138
0.000700099
0
0.000548243
0.000124245
0
0
0
0.000522112
0
0
0
0
0.000352117
0.000122512
0.000319329
0
0
0
0.000392478
0
0
0
0
0
0.000118624
0
0.00015971
0
0
9.68365e-05
0.000172869
0.000147066
0.000455091
0.000287721
0
0
0.000395869
0
0
0.000159839
0.000499311
0.000221483
0
0
0.000133729
0.00046018
0
0.000291229
0.000334106
0.000192637
0
0.000226047
0
0.000316757
0
1.58891e-06
2.34328e-05
0
0.000185652
0.000246867
6.83694e-06
0
0.000118716
0.000598861
0
0
0.000559147
0
0
0
0
9.40311e-05
0.000322194
0
0
0
0.000693116
0
7.11631e-05
0.000431806
0
0.000576011
0
0.000795206
0.000268471
0
0.000467912
0.000488365
0
0.000628486
0
0
0.000233525
0
0
0
0
0
0
0.000468172
0.000543916
0.000409632
0
0
0.000295378
0
0
0.000173357
0.000316497
0
8.20507e-05
0.000276425
0.000614994
0.000388686
3.33205e-05
3.38427e-05
0
0.000207772
0.000298359
1.00979e-05
0
0
0
0.000132435
5.26635e-05
0.000378867
9.02624e-05
0
8.85539e-05
0
0.000274523
0.000492528
0.00016935
0
0
4.86478e-05
2.37646e-05
0
0
0
0
0
0
0
0
0
9.36803e-06
0.000123972
7.67036e-06
2.09969e-05
0.000170127
0.000127101
0
6.89158e-05
0
0
0
0.000339867
0
0
0
0
0.000371619
0.00021576
0.000304063
0
0.00034179
0
7.89843e-05
0.000302688
0
0.000407057
0
0.000249864
0.000358369
0
0
0
0.000644168
0
0
0.000500931
0
0.000719431
0
0.000338938
0
0
0.000469572
0
0
0.000207972
0.000222794
0.000388298
0.000607166
0
0
0
0.000733774
0
0.000800467
0
0
0.000216247
0.000326338
0
0
0
0
0
0
0.000139885
0.000195475
0
0.000223283
0
0.000303219
0
0.00040238
0
0.000149108
0.000688923
0.000719192
0
0
0.000428439
0.000436239
0
0.000221517
0.000517062
0.000287106
0.000281478
0.000454186
2.62337e-05
0.000125287
0.00013648
0
0
0
0
0.000669299
0
0.000152722
7.15773e-05
0
0.000327443
0
0
0
0
0
0.000476301
6.21208e-05
0.000420556
0
0
0
0.000611686
0
0
0.000650655
0
0
0
0
0
0.000335287
8.41055e-05
0
0.000163858
0
0
0.000337767
0
0
0
0
0
0
0
0
0
0
0
0
0.000143312
0.000385881
0
0.000231687
0.00023658
0.000229773
0.000503482
0.000102838
0.000364351
0.00072646
0
0.000464723
0.000525823
0.000446394
0
8.38457e-05
5.98518e-06
0.000188989
0
0.000608377
0
0
0.0003144
0
0.000495634
0
0.000606604
0.000398829
0
0.000258224
0
0.000338087
0
0
0
0
0.000496739
0.000297588
0
0
0
0
7.73502e-05
0.0001224
0
0
0.00041431
0
0
0.000260446
0.000316889
2.51767e-05
0
0
0.000285427
0
0
0
0.000380885
0
0
0
0.000221485
0.000288398
6.69804e-05
0
0
0
0
0.000303865
0.000100808
0
4.24275e-06
1.13897e-05
0
4.1673e-05
0
0
0.000292704
0.000244718
0
0
0.000233605
0.000448626
0
0.000191693
0.00059115
0.000523522
0
0.000691906
0
0
0
0
6.78001e-05
3.56195e-05
2.51032e-05
0.000103586
1.44087e-05
0
0
1.86789e-05
0.000292231
0
0
0
0.000115679
0
0.000104034
2.87957e-07
4.07049e-05
0.000102553
0
0.000564392
0
0
0
0
0
2.57565e-05
0.000182728
4.12527e-06
0
3.9692e-06
0
0.000184646
0.000388064
0
0.000310139
0.000361316
0
0.000335975
3.1938e-05
0.000423438
0
0
0.000150901
0.000601926
0
0
0.000476017
2.59964e-05
0.000328872
0.000178097
0.00011541
0.000157632
4.22562e-06
0
0
0
0
0
0
0
0.000696396
0.000718388
0.000258358
5.45075e-05
0
0
1.75383e-05
4.0238e-05
1.30597e-06
0
5.54416e-05
0
0.000442221
0.000459271
0
0
0
0.000119901
1.33406e-06
1.82424e-05
0.000222317
0.000137138
0.000197119
0.000108925
0
0
0.00025572
0
0.000269223
0
0.0005195
0
0.000404337
0.000430798
0.000141294
0
0
0.000384458
0
0.000523348
0.000637346
0
0.000622447
0.000162303
0
0
2.28831e-06
5.7121e-05
0.000154099
0
0.000222812
0.000149424
6.09042e-05
5.68188e-05
1.71092e-05
0
0
0
0.000144483
0
0
0
0.000315344
0.000322761
0
0
0
0
0.000542948
0.000541808
0
0
0.000296984
0.000184265
0
0
0.000322777
0.000160641
0.000361611
0.000369288
0
0
0
0
0.000479352
0.000380724
3.24466e-05
0.000222422
0.000296729
0.000129174
0.000114305
0
0
0
0
2.93997e-06
0.000398217
0
0
0.000371728
0
0.000134631
0
0.000173681
0
0
0
0
0.000111815
0
0.000466202
0
0.000101227
9.91851e-05
0
0
0
9.42254e-05
0.000342921
0
1.12222e-05
0.000141164
0.000231904
0.000189405
4.30258e-05
0
6.09414e-05
0.000505581
0.000163421
0
0.000169218
0
0
0.00031457
0
0.000231357
0
0
7.64273e-06
0
0
0.000182119
0.000623459
0
0.000108525
0.000249161
0
0
0.000243879
0.000464502
0
0.000646786
0.000374368
0
0.000195933
0
0.000129197
0.000470611
0
0.000563185
0.000723341
0.000207092
0.000233993
0
0
0
0.000336084
0.000297982
0
0
0
0
0.000134787
0
0.000443445
0
0.000143242
0
0
5.84055e-05
0.000399291
0.00015559
2.43589e-05
0.000129362
0
0
0
2.82536e-05
5.29115e-05
0
0.000185347
0
0.000184193
0
5.26005e-05
0.000471728
0
0.000474974
0.000424984
0.000358361
0
0
0
0
0.00012941
3.27008e-05
0
0
0.00014773
0
0.000166352
0
0
0.000499132
9.61609e-05
0.000396016
0.000412614
0
0.000460902
0.000249648
0.00070427
0
0.000547801
0.000508021
0.000756863
0
0.00058469
0
0
0.000536363
0.000237059
0
0
1.94878e-05
1.86391e-05
0
0
0
0.000186771
0
0
0.000133332
7.71654e-05
0.000277796
0
0
0
7.32604e-05
2.84341e-05
0
0
0.000258367
0.000248897
0
0
0
0
0.000184581
0.000635698
0
2.5128e-05
0
0
0
0.000263096
0.000252164
0.000405016
0
0.000141525
0
0
0.000211278
0.000177244
3.2192e-05
0
0
0.000420547
0.00046593
0
0
0
5.6403e-05
2.31342e-05
0.000114686
1.91682e-05
1.46976e-05
0
1.44524e-05
0
6.71506e-05
0
0.0001569
4.03361e-05
0
0
8.09379e-05
0
2.76267e-05
0
0.000329557
0
0.000414916
9.34306e-06
0
0.000430222
0.000319666
0
0.000288192
0
0
0
0
0.00023787
0.000457563
0
0
0.000516133
0
0
0.000546526
3.48246e-05
0
0.000354563
0
0
0
0
6.26798e-05
6.23942e-05
0
0.000119064
3.27439e-06
0
6.06234e-05
0.000104379
0
0.000228564
0
0
0
0
0
0
0.000102242
4.28655e-05
0
0
0
0.000107147
6.7985e-05
0
6.08271e-05
0
0.000437968
0
0
0.000199149
0
9.53831e-05
0
0.000512241
0.000119567
0
0.000350841
0.000478699
0
2.26058e-05
9.51086e-05
0.000467091
0
0
0.000216011
0
0
0.000312453
0.000366915
0
0.000277912
0
0.000100584
0.000553426
0.000455947
0
0.000307346
9.17841e-05
0
0.000146362
0
0
0.00017385
9.99398e-06
0
6.26253e-05
0
0
0.000145282
0.000441438
0.000345516
0
0.000408454
0
0
0
0.00011321
0.000617305
0
0
0.000475874
0
0
0.000344503
0.000220767
9.1124e-05
8.84263e-05
0
0.000422251
3.1997e-05
0
0
0.00047234
0.000284856
0.000289476
0.000486767
0
0
0.000546768
0
0.000383182
0
0
0.000415905
0
0
2.66958e-05
3.51651e-05
0
0.000435216
0
0.000355879
0.000352097
0
0.000173201
9.06164e-05
0
0.00019814
0
0.000220997
0.000180663
0.000476779
0.000234704
0
0.000368047
0
0
4.84084e-05
0.000565953
0.000468894
0
0.00040809
0
0.000407691
3.56251e-05
0.000454886
0
0.000241011
0.000145728
0
0.000192161
0
4.81605e-07
0
0
0
1.82316e-05
0
0
0
0
0
0
0.000152277
0.00017139
4.59599e-05
9.27009e-05
0.000345015
0.000327358
0.000131983
5.42538e-05
0
0
0
9.53567e-06
0.000103537
0
0
0
0.000107932
0.000436911
0
0
0.000458354
0.000254228
0
0
0.000351962
0.000243713
0.000345804
0.000564933
0
1.95699e-05
0
0.000148806
0.000597052
0.000188126
0
0
0
0
0
0
0
0.000380818
0.00028455
0
0
0
0.000282474
0
0
0.000340193
0.000287037
4.35354e-06
0
0
0
0.000137954
9.08785e-05
0.000258778
0
0.000234527
0.00011421
0
1.47222e-05
1.8371e-05
0
0
0
0.000158974
0
0
8.25931e-06
0.000189651
0.000577551
0.000732319
0.000605374
0.000442773
0.000351752
0
7.21728e-05
0.000187056
0.000151641
0
0
0
0
0
0
0
4.85096e-05
0
0
0.000345725
0.00050588
0.000567709
0.000469178
0
0.000409354
0.000423193
0
0
0
0.000397057
0
0
0
0.000249939
0.000115786
0
0
0.000166336
0.000319086
7.45025e-05
3.34508e-05
9.03619e-05
0.000162518
0
0
0
0
1.66827e-05
0.000238562
0
0.000535636
0
0
0.000105664
0.0001293
0.00019136
0
0
0
0
0.000338614
0
0.000194586
0
8.6531e-05
0
0.000474977
0.000136853
0
1.02951e-05
0.000170778
0.000162209
0
0
3.57818e-05
5.88249e-05
0
0
0.000227464
0.000155853
2.58815e-05
0
9.23381e-05
0
6.4019e-05
0
4.44988e-06
0
4.76483e-05
0.000424356
0
0
0.000431323
0
0.000573524
0.00028439
9.29368e-05
0
0.000575329
0
0
0
0
0.000672859
0.000586913
0
0
3.47183e-05
3.22782e-05
0
0.000135151
0
0.000363174
0
0
0.000301658
0.000381464
0
0.000587926
0
0
0.000227792
0
0.00022887
0.00040709
0
0
0
0
0.000306213
0.000327143
0
0
0
0.000205437
0.000259275
0.000656171
0.000298786
0
0.000255545
0.000442891
0
0.000438978
0
0.000258185
0
0.000625479
0.000421887
0
8.65241e-05
0
0.0002496
0.000260463
0
0
0
0
7.09848e-05
0
0.000554315
0
0
0
0.000268711
7.63284e-05
4.74064e-05
0
0
3.26144e-05
3.68371e-05
6.88269e-07
0
0.000210072
0.000242172
0
0.0001977
0
0.000426555
0.000550258
0.000168988
0.000111405
0.00027055
6.05301e-05
0
0
0
0.000128861
0
0.000192542
7.96989e-05
0.000426441
0
0.000267258
0.000127219
8.3691e-05
0
0.000140453
0.000209949
0.000150326
0
0.00031767
0.000379093
8.05353e-06
0
0.000240976
0
0.000425907
0
0
2.71263e-05
0
0
0.000127572
0.000181255
0
0.000201267
0
0.000109146
0
0.000254679
0.000257469
0
0.000533608
0.000440742
0
0
0
0
0
0.000635862
0.000152064
0
0.000320671
0
0
0.000256548
0.000117027
0.00031422
0
0
0.000676109
6.50351e-05
0.000200881
0
7.79261e-05
0.000244668
0
0
0.000309282
0
6.97002e-05
0
0
0
4.10941e-05
0
0
0
0
0
0
0
0.000126302
0
0
0.000338371
4.63731e-06
0.00015737
7.57003e-05
0.000119403
3.64558e-06
0
0
0
0
0
0
0.00013263
0.000401791
1.29636e-05
0
0.000268461
0.00026825
0
0.000177555
0.000380642
0
0
0
0.00013498
2.06164e-05
4.37451e-05
0.000199582
0.000297866
0.000267691
0
0.000134891
0
0
0
0
0
0
0.000270512
0
0
0
0.000196243
9.85787e-05
0
4.2165e-06
0.000140425
0.000369385
0
0
0
0
0.000143339
0
0.000370886
0.000206665
0.000188418
0
0
0
0.00015746
0
3.09381e-05
0
0.000485079
0
0
0.000486012
0
0.00015297
0
0.000109491
1.19724e-05
0.000197813
0
0
0
0
0.0001473
0.000228818
0
0
0
0
0
0
0
0.000598573
0
0
0.000661878
0
0.000707758
0.000475254
0
0
0
0
9.54207e-05
0
0
0
0
6.33235e-05
0
0
0
0
0
1.08573e-06
0.00021167
0.000289602
0
0.00047343
0
0.000137934
0
0.00015612
0
0
1.82021e-05
0.000144734
0
3.1548e-05
0
0.00015999
2.50606e-05
0
0
0
0
0
0.000166132
0
0.000255418
0.000405267
0.000107528
0.00042722
0.000423743
0.000537643
0
0
0.000717117
0
0.000688655
0
0.000631877
0.000276009
0
0
0
0.00016409
0
0
0.000381032
0
0
2.82944e-05
0.000197534
0
0.000299547
0.00025901
7.15398e-05
0
2.59583e-05
0
0
3.35042e-05
0
1.89934e-05
0
0.000180435
0
0
0.000202051
0.000342393
0
0.000293658
0
0
0
0
0.000369072
0
0
0
0.000539752
0.000179351
4.00755e-05
0
0
0.000240748
0
0.000620505
0
0
0.000505886
0.000222391
0.000136845
0
0
0
0
0
0.000287925
0
0
0
6.23394e-05
0
0
0.00017222
0
7.59761e-05
0
0
1.65212e-06
0
0
0
0.000125028
0
0
0.000416076
0.000516656
0.000628702
0
0
0.000603215
0
0.000680192
0.000171388
0.000357712
0
0
0.000313713
0.000592594
0.00059614
0.000141139
0
0
0
0
1.86556e-05
0.000110604
0
8.08912e-05
4.05075e-05
0
0.000100466
0
0
0
6.01694e-05
0.000187039
0.000456403
0.000364325
0
0.000105143
2.72818e-05
0
7.15242e-05
0
0
0
0
7.59597e-05
0
0
4.97494e-05
0.000159562
0.000221234
0
0
0.000652242
0.000476473
0.000586349
0
0
0.000462564
0.000451283
0
0
0
0.000144888
0.000172847
0
0.000585179
0.000213054
0
0.000239872
0.000266032
0.000275484
0
0.000495306
0.000308244
0
2.48932e-05
0.000196607
0.000296751
0.000463041
0.000146445
0
0
0
0.000181105
0.000252674
0
0
0.000319627
0.000330143
0.00010765
0.000378809
0
0
0.000292417
0.000326719
0.000136553
0
2.76907e-05
0
0
0.000346425
0
0.000170613
0.000427258
0
0.000780313
0
0
0
0
0.000572959
0.000698533
0
0
2.10659e-07
6.43964e-05
0.000114069
0
0.000191651
0.000195494
8.34733e-05
0
0
0.000178965
0
0.000258577
0
0
0
0.000188041
8.37523e-05
0.000103256
0
0.000104535
0.000393861
0.000167028
0
0.000145477
0
0
0.000222615
0
0
0
0.000485118
0.000145262
0
0
0.000264596
0.000434619
0
0
0.000281502
0.000456434
0
0
0
0
0.000123535
0.000151121
0
0.000390233
0
0
0
0
0
0.000250323
9.66381e-06
0
2.40796e-05
8.13709e-06
0
0
0
0.000184045
0
0
0
0.000286113
0
0
0.000616033
0
0.000730932
0.000151599
0.000132557
0
4.05457e-05
0
0
7.85486e-05
0
0
0.000112296
0.000291362
0
0
4.51599e-06
0
9.25463e-05
0.000106183
0
0.000334589
0
0
0.000230968
7.75243e-05
0
0
0
8.8741e-05
0
1.44973e-05
1.57601e-05
1.98414e-05
8.44694e-06
0
0
2.87393e-05
1.71861e-05
0
9.15352e-05
0
0
0
0
0
0
0
5.42772e-05
0
0.000591145
0
0
0
0.000372691
0
0.000195193
0
5.48253e-05
0
0
0
0.000311766
0
0
0
0.000145713
0.000307977
0.000190753
0
0.000237118
3.10137e-05
0
0.000143664
0.000205578
0.000207931
4.27566e-05
0.000120123
0.000465429
0
0.000181445
0
0
0
1.22368e-05
8.96498e-05
9.31369e-05
0
0
0.000325107
0.000493347
0.000511059
0.000364408
0
0
0.000257309
0.000230938
0
0
0
0.000482537
0
0
0
0.000532924
0.000199331
0
0
0.000337005
1.44844e-05
0.000144876
0.000502208
0
0.000402344
0
0.000145819
0
1.33608e-05
0
0
7.87395e-05
0
0
0
0
0
0
0
3.93553e-05
0.000460395
0
0.00030956
0
0.000348733
0.000109442
0.000593061
0.000385792
0.000478475
0
0.000501944
0
0
0.000764395
0
0.000640406
0
0.000646535
0.000558141
0
0
0.000552883
0
0
0
0
4.8869e-05
0
0
0.000109487
0
0
0
0
0
0
0
1.4053e-05
1.9994e-05
0.000214773
0
0
0
0
0
0
0
0.000114884
0.000143889
0
0.000171364
0
0.000570025
0.000552632
0
0
0
0.000652757
0.000164998
0.00021097
0
0
4.34567e-05
0.000211946
6.035e-05
1.19354e-06
0
1.03056e-05
2.69294e-05
8.33846e-06
1.72982e-06
3.76343e-05
0
0.000434835
0
0.00022016
0.000325635
0
0.000425757
0
0.000346947
0
0.000335166
0
0.000448257
0
0.000212427
0.000153666
0
0.000351111
0
0
0
0
0
0
0
3.4665e-05
0
0
0.000243713
3.98416e-05
0
4.9045e-05
0
0
0
0.000392614
0.000601691
0
0
0
0
0
0
0.00044257
0.000629983
0.000278787
0.000446889
0.000661595
0
0.000402315
0.000457056
0
0
0
0.000286625
0.00024747
0.000227048
0
0.000131307
0
1.90621e-05
0
1.22718e-05
0
2.42728e-05
0
1.38079e-05
4.4304e-05
0
0.00037776
0
0.000127651
0
0.00023862
0
0.000362249
0
0.000103339
4.30323e-05
8.18648e-05
0.000200688
0
0
0.000106196
0.000141451
0
3.13445e-05
0.000121881
0
8.79096e-07
0.000117423
1.25422e-05
0
0
0.000292297
0
1.06823e-05
0
0
4.95302e-05
0.000204277
0.000177878
9.41203e-05
0.000128105
0
0.000247998
0.000425971
0
0.000471554
0.000700072
0.000790502
0
0
0
0.000554814
0.000170227
0.000210048
0.000433551
0
0
0
0.000653843
0.000465097
0.000657232
0
0.000250168
0.000421822
0
0.00062033
0.000172903
0
0
0
7.49488e-05
0
0
9.69176e-05
0
0.000418066
0.000550422
0
0.000531612
0.000273825
0
0
0
0.000202784
0
0
0
0
0.000655713
0.000728448
0
0.000808493
0.000466949
0
0
0.000680522
0
0.000560814
0
0
0
0.000687022
0.000238548
0.000588945
0.000324554
0.000265199
0
0.000160548
2.24945e-05
0
0
0
0.000309616
0.000194866
0
0.000173086
0.00058174
0.000177391
0
2.26251e-05
6.39075e-05
0
6.2653e-05
0
0
0
0
0
0
0
0
0.00038809
9.78142e-05
0
0
0
0
0.000146001
0.000161086
6.63508e-05
0.000206969
0
0
0
0.000262864
0
0
0.000114936
0
0
0
0
5.55751e-06
0.000180699
0.000203347
0
0
0.000221904
0
0
0
0
0
0.000527703
0.000448366
0
0
0.000303298
0
0
0
0
7.87416e-05
2.12729e-05
7.45242e-05
0.000204246
0.000175792
8.67835e-05
0.000173111
0
0
3.57501e-05
0
0
0.000229667
7.78773e-05
4.04654e-05
0.000100438
8.85003e-05
0.000647654
0
0.000720992
0
0
0.000171706
0.000396625
0.000439718
0.000134471
0
0
0
0.000294013
0.000119554
0.000304227
0.000570831
0
0
0.000590839
0.000334586
0
0
0
0
0.000119009
0.00034076
0
0
0
0
0
0
0
0.000222975
0.000694043
0.000859616
0.000418185
5.87858e-05
0
0.000316668
0
0.000509968
0.000563566
0
0.000384684
0.000398609
0
4.77675e-06
0
0
1.17664e-05
0
4.98659e-05
0
0
0
0.000366967
0.000160069
0.000163123
0
7.25983e-05
0
0.000506891
0
0
0
0
0.000491581
0
0
0
0
0.000128275
0
0.000125361
0
0.000513438
0.000383489
0.00037854
0.000549846
0.000313276
0
0
0
0
0
0
0.00038626
2.17382e-05
0.000442855
0.000119305
0.000161157
0.000483677
0
0.000227631
0.000121392
0.000284735
0.000141026
0
0
0
0.000101772
0
0.000243232
0
0.000261429
0.000218903
0
0
0
0
0
0
6.83262e-06
0
0
0.000239084
0
0.000403286
0.000561421
2.97027e-05
0
0.000479582
0
0.000130678
0
0
0.0001144
0
6.7559e-05
0
0.00056961
0
0
0
0.000457781
0.000371589
0.000127582
0.000194591
0.000162794
0
0
0
0
0.000198666
0
0.000235912
0
0.000534563
0
0
0
4.33918e-05
0
0
0
0.000189194
0.000267159
0
0
0
3.14275e-05
0.000247772
0.000213993
0
0
0.000188793
0
0
0
0.000387908
0.000423548
0
3.62341e-05
0.000483005
0.000572147
0
3.17635e-05
0
0
0.000169183
0
0
0.000100294
0
6.64487e-05
0.000457414
0.000320728
0
0
0
0
0.000283654
0.000598286
0.000308097
0
0
0.000453458
0.000298346
0
0.000296635
8.64794e-05
0.000638937
0.000834369
0.000218646
0
0.000130192
1.6122e-05
0
0.000217255
0.000100849
7.96554e-05
6.20224e-05
5.48917e-05
0
4.07667e-05
0
0.000258284
0
5.68362e-05
0
0.000364987
0.000147558
0
4.99422e-05
0.000209417
0
0
0
0
0
8.59864e-05
0
0
0
0
0
3.44037e-05
0.000101559
0
0
0.00032391
4.89146e-06
0
0.000132696
0
0.000111508
0.000166525
0.000379328
0
0
0
5.62729e-05
5.51827e-05
0.000273201
0
0.000320119
0
0.000686889
0
0.00073654
0
0
0.000676882
0
0.000487516
0
0
0
0
9.89528e-05
0
0
0.000670705
0.000283662
0.0004472
0.000343014
0
0.000271804
0
0
0.000139338
0.000442411
1.79881e-05
0
5.12273e-07
0
0.000411025
5.42019e-05
0.000141703
0.000341285
0.000408692
0.000685461
0.000179688
0.000626375
0
0
0
0
0
0
0
0.000409479
0
0.000579887
0
0
0.000403886
0
0
0
0
0
0
0
3.19577e-05
0
4.09249e-05
0.000151507
0.000186939
0
0
0.000402912
0
0
0.000430617
0.000129591
0
9.05108e-05
0.000441492
0.000439808
0.000421991
0.000626881
0
0
0.000432091
0.000544805
0.000680984
0
0
0.000623269
0
0
0.000107526
0
0
0
0
0
0
0.000482856
0
0
0
0
0.000319092
0
0.000549524
0
0.000503535
0
0.000288731
0
0
0
0
0
0.000549673
4.10576e-05
0.000232547
0
0
0.000138881
5.79186e-05
0.000104584
0.000353325
4.93469e-05
0.000319256
0
0
0.000194648
0
0
0
0
6.10511e-05
8.80994e-05
0.000590937
0
0
0.000675365
0.000558543
1.0101e-05
0
6.46998e-05
0.000620301
0
0
0.000630084
0
0
0
0.000643311
0.00061844
0.000414957
0
6.17798e-05
0.000559959
0.000282451
0.000439371
0
0.000311399
0
0.000322686
0
0
0
0.000666304
0
0
0.000454812
0
0.000655127
0
0
0
0.000665054
0.000552511
0.000285337
0
0.000118828
0
0
5.86987e-05
0
0
0
9.51298e-05
1.18629e-05
0
0
0
0.000317439
5.44289e-05
0
6.34583e-05
0
0
0.000274418
0
0.000103724
0.000116464
0
0
0.000207044
0.000112662
8.15976e-06
0
0.000143957
6.23747e-05
0
0
0
0
0.000118953
0
0.000125819
0
0
0
0
0
0
0
0
0.000115722
0.000118259
0
6.06961e-05
0.000121932
0.000430051
0
0
9.57499e-05
0.000294531
0
0
0
3.00271e-05
0
0
0.0002285
0.000399801
0.000225311
0
0.000348489
6.16686e-05
0
0
0.000166823
0
0.000142703
0
0.000164331
0
0
0.000114795
0
0
0.000221082
0
3.36664e-05
0.000228903
4.65127e-06
0
0.000187998
0.000334522
0
0.000211958
0
0.000462673
0
0
0
0
0.000274169
0
0.000303471
0
0
0
0.00011919
0
0
8.52956e-05
0.000191065
0.000798672
1.49379e-05
8.01178e-05
0
0
0
8.83907e-05
0
0
0
0
0
0
0.000410976
0
0.000705248
0
0.00039218
0
0
0
0
0.000417755
0
1.38056e-05
0
0
0.000313321
0
0.000502747
0
0
4.02511e-05
0
0
0
0
0.000109333
5.13305e-05
0
0.000106746
0.000411425
0.000611474
0.000235818
0
0.000195892
0
0.000211567
0.000297594
0
0.000584236
0
0.000452954
0
7.48734e-05
0.000342723
0
0.000299519
0
0
0
0
0
0.000544639
0
0.000341961
0.000216039
9.26731e-05
1.34345e-05
0.000523286
0
1.62666e-05
0
0.000100276
0
0.00037646
0
0.000232266
0
0
0
0
1.24072e-05
2.86096e-05
1.40107e-05
0
6.80108e-05
0
0
0.000186356
0
0
0
0
0.000106154
0
0
0
0
7.19281e-06
0
0.000471999
0
0.000163431
0
4.01983e-05
0
5.7445e-05
0
0.000164948
0.00072649
0.000565425
0
0
6.12103e-05
0.000186655
0.000270418
0.000476678
0
0
0.000144653
0.000441249
0
0
0
0
0
0.000447888
0.000295866
9.2763e-05
3.66579e-05
1.6147e-05
0.000148786
0
0
0.000292248
0
0
0
0.000193993
0
0.000663879
0.000242586
0
0
0
0
0.000489472
0.000508049
0
0.000223192
0
0.000148724
0.000296716
0
0
0
0.00031768
0
0
0
0
0
4.38463e-05
0.00023843
0.000537516
0
0.000763002
0
0.000144383
0.000224237
0.00059457
0
0.000574505
0
0
0.000521484
0.000251967
0.000594971
0.000427098
0.000242266
0
0
0
6.10337e-05
2.01255e-05
0
1.45458e-05
0.000192005
0
5.56449e-05
0
7.37571e-05
0.000106363
0
3.21683e-06
0
0
0
0.000278678
0
0.000220253
0.000368631
0
0
0
0
0
0.000586238
0.000541356
0.000398281
0.000286891
0
0.000704972
3.51901e-05
8.50049e-05
0
0.00036414
0.000357683
0.000286517
0
0.000371514
0
0
0
0
0
0
0.000347545
0
0
0.000138316
0
0.000178097
0.000482804
0
0
0.000227786
0.000451233
0
0
0.0004039
0.000237623
0.000503257
0.000486383
0
0.000183338
0
0
0
0
8.17977e-05
0.000438283
0
0
0.000338997
0.000101116
0
0
0
0.00075257
0.000214093
0.000604318
0
0.000218865
0
0.000299335
0
0.000558056
0.000426435
0
0.000266341
0
0.000572047
0.000342092
0.00061405
0
0
0
0.000131851
0
0
0
0
0
3.23392e-06
1.17048e-05
0
2.38454e-05
0
4.02857e-05
0.00029413
0.000257264
0.000414474
0
8.90714e-05
0
0
0
0
0.000141357
0
0.000609104
0.000102032
0
0
0.000216956
0.000238358
0
0.000324804
0
0.000605891
0.000712156
0.000375645
0
0
0.000618571
0.000458701
0
0
0
0.000246366
0
0
0
0
0
0.000363983
0
0.000524765
0
0
0.000606305
0
0.000152178
0
0
0.000303167
0
0
0
0
0.000239535
0
0
0.000334393
0.000513197
8.68669e-06
0.000100728
0.000109356
0
0
0
0
0
0.000271112
0.000640889
0.000483814
0.00060979
0
0
0.000262852
0
0
0
0
0
0.00013225
6.54244e-05
0
0
0.000161655
0.000399599
0
3.86814e-05
0.000552321
0
0
0
0.000252536
0.000440258
0
0.000103969
1.95883e-05
7.13223e-05
0
0.000458231
0.000820124
0.000768803
0.000831625
0.000366666
0.000230229
0
0.000285981
9.02693e-06
0.000198582
1.37585e-06
0
0
0.000168317
0
0
0
1.53828e-05
0
0
0.000106677
0
0
0.000242276
0
0
0
6.76552e-06
0
0
0
0
0
3.47993e-05
7.47015e-05
0
0
0
0
0.000252114
3.87419e-05
0
3.58255e-06
5.01656e-05
0
0
0
0.000106654
1.35837e-05
0.000107111
0.000230186
0
0
0.000366607
0
0.000104486
0
0
0.000326748
0.000125683
4.54628e-05
0
0.00013124
7.50103e-05
0
0.000115588
0
0
0
0
0
0
0
0.000183374
0.000374082
5.6885e-05
0
0
0
0
0
0
0.000227666
0.000106798
0
0
0
0
9.70961e-05
0
0
0
0.000409607
0
0
0
0
0.000330595
0.00043296
9.55726e-05
5.41162e-05
0
0
0
0
0
7.16952e-05
0.000561121
0
0.000384899
0.000289112
6.79857e-05
0
0.000222221
0.000506982
0.000655067
0.000577668
0
0.000319016
0.000319065
0
0
0
0
4.54975e-05
0.000154705
0
7.86672e-05
0
0.000117755
0.000362205
0
0.000607443
0.000371273
0
0
0.000329571
0.000638099
0
0.000671913
0.000652905
0
0
0.000199742
0
0
0
0.000116597
0
0
0
0
0.000402612
0.000533712
0
0.000439293
0
0
0.000760288
0.00063175
0.000159586
0
0
0
0.00015022
0
0
9.76556e-06
1.36298e-05
9.97756e-05
2.79822e-05
0.000172117
0
0.000127428
0.000203122
0.000326463
4.73083e-05
0.000217106
0
0
0
0.000374675
7.69189e-05
0.000144217
0
0.000469114
0
0.000561931
0
0.000174032
1.23625e-05
0
4.13072e-05
0.000473085
0.000349722
0.000246594
0
0
0.00065121
0.000400284
0.000275209
0.000450571
0
0.000568833
0.00066509
0
0
0.000539963
0.000374803
0.000114528
0.000168732
0.000462857
0
0
0.000134934
5.66504e-05
0.000414701
0.000738556
0
0.000467234
0.000272488
3.86341e-05
0
0
0.000261602
7.33869e-05
0
9.39561e-05
0.000638202
0
0
0.000359447
0.000108753
1.88696e-05
1.76813e-05
5.45941e-05
0.000129517
0
0
0.000616442
0
0.000704762
0.00027758
0
0
3.89807e-05
9.96278e-05
3.79868e-05
0
0.00011938
0.000579704
0
0
0.00043974
0.000235098
0
2.69071e-05
5.25882e-05
0.000625765
0.000159059
0.000504608
4.89822e-05
0.000611765
0.000598938
0.000284381
0.000657647
0.00058305
0.000714567
0
0
0.000635803
0
0
0
0.000390695
0
0
0.000102101
0
0
0
0
0.000146002
7.66236e-05
0.000347127
0
2.44794e-05
5.3738e-05
0.000324079
0.00047794
0.000551886
0.0007021
0
0
0
0.000210391
1.70887e-05
0
0.000397608
7.32458e-05
8.35512e-06
0.000731556
0.000624815
0.000222948
0
0.000478748
0.000285042
0
0.000553592
0
0
0.0006417
0.000740669
0.000845303
0.0008079
0
0
0
0
0.000219645
0
0
0.000281478
0
0.000660464
0
0
0.00039584
0
0
6.78636e-06
5.788e-05
0.00049735
0
0
0
0
0
0
0.000331308
0
0.0003075
0
0
0.00046959
0.000186473
9.31533e-05
0.00026164
0
0
0
0
0.000536023
0.000378075
0
0.000190593
0.000471539
0.000523722
0
0.000172001
0.000148734
0
0.000452327
0
0.000254094
0
0.000183869
0.000204376
0.000214813
0
0
0
0
5.86275e-05
0
0
0.00033904
0
0
0.000256295
0
0.000239508
0
5.09237e-05
0
8.33874e-05
0
0
0.00016052
0
0.000473494
0
0
0.000415355
1.69719e-05
0
0
0
3.81855e-05
0
4.08063e-05
0
0.000439693
0.000385578
0.000595419
0.000619144
9.84219e-05
0
1.46072e-05
0.000111146
7.83517e-05
0.000102865
0
0.000340181
0.000112265
0
0.000577779
0
0.000471234
0
0.000752833
0
0
0
0
0
0
8.45736e-05
0.000438995
4.86112e-05
0
0.000112356
0.000262965
0.000117598
0.000570695
0.000427054
0.000461477
0
0
0
0
0
0
0
0.000106629
0.000126594
0.000220977
0
0
0.000185788
0.000345492
0
0.000568891
0.000723517
0
0
0.000791091
0
0.000514249
0
0.000233462
0
0.000330495
0.000685266
0
0.000566051
0
0
0.000390305
0.00020199
0
0.000362165
0.000524377
0
0.000568999
0
0
0.000438425
0
0
0
0
0.000143274
0
0
0
7.81804e-05
0.000318727
0
0
0.000432999
0
0.000119596
0
0
0.000129982
3.57827e-05
0
9.85864e-05
7.91697e-05
0
1.67807e-05
0
7.92725e-05
0
0.000183224
0
0
0
0.000172835
9.82902e-06
0.000129993
0
0
0.000217124
0
0
6.811e-05
0
0
0
0
0
0
0
5.68939e-05
0.000162387
0.000205957
0.000203293
0.000608356
0.000128794
0
0
0
0.000413763
0
0.000162546
6.18254e-05
0
0
0
0
0
0
0
8.57029e-05
0.000410716
0.000304672
0.000578531
0.000632454
0
0.000512062
0.000294669
0.000146623
0
0.000292707
0.000449634
0
0
0.000249972
0
0.000374582
0.000119293
0
0
0.00018886
4.39947e-05
0.000139594
0
0
0.00028858
8.20108e-05
0.000330457
0.000541576
0.000492026
0.000550946
0
0.000178545
0.000111346
0
0.00015187
0
0.000292791
0
0
2.92199e-05
0
0.000161322
0.00036501
0.000770416
0.00064083
0
0.000580513
0
1.87626e-05
0
0.000217594
0.000502139
0
0.000148356
0.000466733
0
0
0
0.000567688
0
0
0
0.000415675
0
0
0.000337521
0.000349945
7.9885e-05
0
0
2.44702e-05
0
0
0
0
0
3.02672e-05
0
7.04714e-05
3.84569e-05
5.23478e-05
0.00015676
0.000127124
0.000173195
9.00975e-05
0
0
0
0.000354169
0
0.000656876
0
0.00067556
0
0.000492156
0.000341012
0.000258863
0
0
2.72264e-05
1.29904e-05
0.000243287
0
0
0.000434148
0
7.52154e-05
0.00015706
0
0.00064194
0.000469061
0
0.000471913
0
0
0
0
0
0.000662947
0.000174501
0
0
0.000619444
0
0.000636098
0
0
0.000367595
3.95787e-05
0.000244372
4.35975e-05
0.000114237
0
0
0
0
0.000130674
0
0
0.000622529
0.000733354
0
0.000634281
0
0
0.000634243
0.000588747
0
0
0
0
0
0
0
0
0.000270398
0
0
0
6.85152e-05
9.33216e-05
0
0.0002914
0
0.000288831
0.000599764
0
5.40326e-05
0.000340548
0
0
0
0
0
0.000236121
0.00031873
0.000483023
0
0.000131411
9.63189e-05
0.000203006
0.00032013
0.000185178
0
0
0.000346453
0
7.54626e-07
0
6.90056e-05
0.000613789
0
0.000472694
0.000221329
0
0
0
0.000341098
0.000441277
0
0.000133561
0
0
0
0.000437126
0.000846802
0.000685693
0.000581483
0.000454742
0
0.000173429
0
0
0
0
0
0
0
0.000515699
0.000119141
0
0.000210991
0
0.000145575
0
0.000355877
0
0.000306993
0
0
0.000132653
0.000210478
0
8.09425e-05
0.000198834
0
0.000366953
0
0.000129907
0.000383598
0
0.000285718
0
0.000464207
0
0
0.000312816
0
2.95278e-05
1.9975e-07
0
2.73685e-05
1.03583e-05
7.58558e-07
0
1.49555e-06
4.40604e-05
0
0
0.000172949
0
0.000112934
0.000287301
0
0
0.000296008
0.000563871
0.000543256
0.000625171
0.000187487
0
0
9.62885e-05
0.000105948
0.000121617
0
2.55369e-05
0.000158077
0
0
0.000166884
0
0
0
0
0
0.000325764
0.000433
0
0
6.5385e-05
1.10889e-05
0.000230218
0
0
0
0.000221266
0
0
0
0
0
0
0.00011898
0
8.16187e-05
4.24943e-06
5.96717e-06
0
2.82187e-05
0.000168697
0.000397769
0.000280618
0.000346578
0
0
0.00063358
0
0.000321816
0
0.000462048
0
0.000622714
0.000680097
0.000436172
0.000447553
0
0.000593538
0
0.000487937
0
2.39455e-05
9.15456e-05
0.00012269
0
0
0
0
0.00012957
0
0.000606167
0
0
0.000535982
0.000267663
0
0
0
0
0
0
0.000488371
0.000643117
0.000558137
0.000630523
0.000513494
0.00049863
0
0
0
0.00032897
0.000499318
8.47224e-05
0
0
0.000259012
0
0
0
0
0
0
0
0
0
0.000319272
0.000369158
0.000199861
0.000785659
0.000123662
0.000127904
0.000340569
0
7.27911e-05
0
0
0
3.25686e-05
0
9.51964e-05
1.7303e-05
9.37583e-05
0.000101722
0
0.00016221
0.000371429
0.000682509
0
0.000716048
0
0
0.000684776
0
0
0
0
0
0.000323629
0
0
5.10267e-05
0
0.000233979
0.000129613
0.00021892
0
0
0
0.000662968
7.29535e-05
0.000249497
0.000350577
5.76411e-05
0.000129887
0.000191748
1.79568e-05
0
7.32466e-05
0.000365664
0
0.00061006
0
0
0
0.000418738
0
1.48878e-05
0
0.000347937
0
5.72903e-06
0.000127069
0
0.000133008
0
0.000446075
0
0.000220551
0
0.000348958
0.000433296
0
0
0
0.000524621
0
0
0.00020662
0
0
0
0
0
1.13262e-06
2.2665e-05
0.000305537
0
0.000188062
0
0.000449318
0
0
0
0.000466127
5.25148e-05
1.07194e-05
0
0
2.91468e-06
6.88906e-05
0
0
0
0
0
0
0.000386552
0
0
0.000332101
0
0.000242891
0
0.000176976
0.000101861
0
0.000409726
0
0.000448879
0.000359468
0
0
0.000381074
0.000474122
0
0.000710907
0.00058234
0
0.000635837
0
0
9.26337e-05
0
0.000287601
0
0.000416779
0.000288047
0.000222553
0
3.68407e-06
0
0.000147391
9.8342e-05
0
0.000419613
0
0
0.000366518
0.000771881
0
0.000399919
0.000220712
0.00065431
0.000404522
0.000500645
0
0.000433564
0.000575954
0
0
0.000426773
0.000429819
0
0.000526661
0.000660803
0.000690403
0
0.000640057
0.000339229
0.000469071
0.000254102
8.66625e-05
6.00454e-05
0.000223063
0.000336743
0.000379439
0
0
0.000183938
0
0
0
0.000601571
0
0
0.000266292
0
0
5.87167e-05
0.000585722
0
0.000334267
0
0.000174101
0
0.000285449
0
0
0.000521806
0.000131204
0
5.55406e-05
0.000499427
0
0
5.36794e-05
7.36698e-05
0.000589907
0.000224012
0.000347109
0.000273946
0
0.000624785
0
0.000439023
0.00047141
0
0
0.000164678
0
0.000295721
0.000606139
0
0
0.000299008
0
0
0.000197337
0
0.000260687
0
0.000374032
0
8.6987e-05
0
0
0.000182983
0
0.000174965
0
5.51972e-05
0.000120503
0.000195774
0
0
0.000520853
0.000589201
0
0.000583105
0
0
0
0
0.000278211
0
0
0.000182396
0.000561835
0
0
0
0
0
0
5.82097e-05
0
8.33391e-05
0
0.000459788
0
0
0
0
0.000111409
0
0
6.64275e-05
0
0
0
0
0
0
0
0
0
0.000129852
0
0
0
0.000665088
0.000293131
0.000233862
3.46567e-05
0
0
0.000200106
0
0.000545852
0
9.40634e-05
0.000420906
0
0
0
0
0
0
0.000448397
0.000221348
0.000640741
0.000319052
0.000133423
0.00017596
0.000432401
0
0.000365768
0
0.000516641
0.000402958
0
0
8.54362e-05
3.96012e-05
0
0
0
0
0.000246738
0.000114077
0.000389975
0
0
0.000406959
0
0
0.00041316
0
0.000434988
0
0.000607459
0.000131584
0
8.87402e-05
0
0.000277019
0.000120991
0
0.000480178
0.00046441
0.000312558
0.000107566
0
0
0.000395859
0
0
0.000322898
0
0
0
0
0.000404215
0.000264345
0
0.000294988
6.64362e-05
3.01413e-05
5.76586e-05
0
0
0
0.000395214
0.000397922
0
0
0
0
0.000431137
0
0
0.00011336
0
0
0
0
0.000462818
0
0
0
0
0
0.000346737
0
0
0
0.000697633
0.00023507
0.000692378
0.000233638
0.000236184
0
0.000293004
0
0.000478696
0
0.000596668
0
0.000635659
0
0
0
0
0.000118578
0
0
0
0
0
0.000739139
0
0.000212005
0
0.000163814
4.00876e-05
3.79069e-05
0
0
0
0
0
0
6.44471e-05
3.1121e-05
9.07496e-06
0
5.05074e-05
0
0.000609461
0
0
0.000339346
0
0.000566718
3.42003e-06
0
0
2.99592e-06
0
0
7.50592e-06
0
0.000227638
0.00055047
0
0
0
0
8.66533e-05
0
0.00030329
0.000365369
0.000174111
0
4.49594e-05
0
0
0
0.000484057
0.000427124
0
0.0002892
0.000183734
0
0
0.000270548
0
0.000101558
0.000440906
0.000490965
0.000287041
0
0
0.000372331
0.000170359
0
8.55483e-05
0
2.17032e-05
0.000703235
0
0
0
0
0.000511627
0
0.000592375
9.47971e-05
0.000103054
0.000227035
0
0.000319029
0
0
0.000215948
0.000115458
0
0.000205208
0
0
6.95314e-06
7.29425e-05
0.000134143
3.55868e-05
0.000138341
0.000395479
0.000164514
0
7.53192e-05
0
0
0.000465244
0.000497882
3.99061e-05
0
0.000212456
0
0
0
0
0.000271505
0.000272174
0
0
0.000209297
0
0
0.000253241
0.000302709
0
0
0.000158415
0.00011592
0
4.11947e-05
0.000391063
0
0.00042934
0.000591952
0.000750328
0.000383456
0
0
0
0
0
0.000385874
0.000108995
8.40356e-05
0.000360924
0.000527912
0.000288049
0.000157672
0.000652783
0.000577264
0.000525033
0
7.54382e-05
0
0
0
9.02219e-05
0
0.000201949
0.000407646
0.00058129
0.000510807
0.000447302
0
0.000111516
2.03098e-05
0
0
0.000780676
0.000627844
0
0
3.22626e-05
9.68136e-05
6.66392e-05
0
0
0
0.00015097
0
0
0.000539554
0.000360985
0.0001728
0.000238485
0.000415882
5.58822e-06
0
0.000227917
0.000110082
0
0
0.000333572
0
5.05294e-05
0
9.029e-05
5.158e-05
0
0
0.000272479
8.36868e-05
0.00024591
0
0.000250164
0
0
0
0.000292471
0
0
0.000245096
0
0.000542415
0.00013362
5.72815e-05
0
0.00023867
0.00044209
0
0.000359593
0.000355616
0
0
0.00017411
8.55132e-05
0
0
0
0.000446932
0
8.53351e-05
0
0.000256162
0.000514822
0.000393053
0.000274486
0.000341329
0
0
0
0.000174733
4.03787e-05
1.11142e-05
0
0
6.38737e-05
0
0.000189862
0.000261795
0.000315491
0.000319456
0
0.000105835
0
0.000459484
0.000560528
0
0.000270902
0.000300991
0
0.000502296
0
0
0
0
0
0
0.000449661
1.17006e-05
8.11849e-05
0
0
0.000194016
0
3.00615e-05
8.34202e-05
0.000111131
0.000431875
0
0.000374771
0.000220932
0.00012882
0
0
0.000215239
0
0
0.000226194
0
0.000594242
0
0
0.000497386
0
0.0003255
0
0
0
0
0
0.000169982
0
5.11166e-05
0
0.000124775
0
0
5.8539e-05
0
0.000165645
0
0
0
0
0
0
0.000121053
3.46163e-05
0
0
1.17121e-05
6.64164e-05
0
2.46766e-06
0
0.000206989
8.70637e-05
0.000157796
0
2.40252e-05
0
0
0.000356962
7.43459e-05
0
0
0.000698549
0
0
0.000680319
0
0.000659113
0
0.000537167
0.000504438
0
0.000285308
0.000361114
0
0
0
0.000661035
0
0
0
0.000637852
5.98152e-05
0
0
6.6047e-05
0.000653673
0
0
0
0
0
0.000767571
0.000479051
8.47167e-06
0.000180387
0
1.29661e-05
0
0
0
0
4.42256e-05
0.000414745
0.000332022
0.000608193
0
0
0.000576062
0.000626462
0
0.000222518
0
0
1.3833e-05
0
0
6.89151e-05
0
0
0
0
0
0
1.44562e-05
0.000152686
0
0.000240427
0
0
0
0
0
0
0
0.00014945
0.000124071
0
0
0.000300554
0.000400658
0
0
0.000577168
8.5737e-05
0.00013827
0.00029296
0
0
0.000252821
0.000325849
0
0
0
0
0.000655202
0
0.000300532
9.64668e-05
0.000338093
0.000576671
0.000380391
0.000437172
0.000421673
0.000513557
0
0.000282319
0
0
0.000250822
0
0.000504957
0.000321269
0
0
0
0.000212425
0.000189028
0
1.93761e-06
0
1.51333e-05
0
0
7.13862e-05
0.000138696
0.000415043
0
0
7.81077e-05
0
0.00045461
0
0
0
0.000480619
0
0
0
0.000159169
0.000310048
0.000459913
0.000540265
0.000506645
0.000120351
0.000297122
0.000369583
0
0.000570702
0
0
0
0.000547715
0
0
0.000434063
0.000351811
0
0
0.000421045
0.000503526
0.000414605
0.000533505
0
0
0.000230836
0
0.000368118
0.000289827
0.000169318
0
0
0.000233536
0
0
0
0.000547787
0.000610373
0.000613802
0
0.000464906
0.000493647
0
0.000321722
0
2.44691e-05
8.70094e-06
0.000262396
0.000572453
0.000583872
0.000386591
0
0.000142796
0.000751576
0
0
0.000408904
0
0.000259883
0.000388507
0
0.000121905
0
0.0005457
0
0
0
0.000437728
0
0
0.000241599
0
0.000584229
9.60076e-05
0.000181307
9.41195e-05
0.000314731
0
0.000238211
5.51164e-05
0
6.15218e-05
0.000244277
0.000199962
0.000106039
0.00018947
0
0
0
0.000362022
0
0.0002623
0.000378058
0.000414928
0
0.000294951
0
0.000137893
2.96608e-05
0
0
1.61347e-05
0
0
0
4.11328e-05
0
0.000604401
0
0
0
0.000578795
0.000399872
0.000389162
0
0
0
0.0002854
0.00033666
0
0
0.000510498
0
0
0
0
0
0.000534934
2.33009e-05
0.000264633
0.000255661
0.000186768
1.16564e-05
4.36017e-05
4.26358e-05
0.000151772
0
0.000412833
0
1.96866e-05
0.0002153
0
0.000332838
0.000635741
0.000701873
0.00022583
0
0.00014461
0
0.000153262
0
0
0.000581888
0
0.000286842
0
0
0
0.000459941
0
0
0.00037797
0
0.000580721
0
0.00034302
0.000217778
0.000236212
0
0.000410103
0
0.000133516
0
0.000239751
0.00031879
6.99948e-05
0.000123298
0.00024654
0.000302674
0.000335365
0
0.000208759
0.000321424
0
0.000532146
1.77025e-05
3.78252e-05
0
0
0.000241319
0.000231283
0.000298498
0
0.000228245
0
0.000416547
0
0
3.70459e-05
0
1.14258e-05
0
7.99102e-05
0
0.000146025
0.000218052
0
0.000441206
0.000377541
0
0.000176375
0.000164228
0
9.69165e-05
1.937e-05
0
0.000444067
0.000528017
0.000153535
0
0
0
8.67461e-06
0
0
0.000385027
0
9.20955e-05
4.17009e-05
0.000157036
7.86122e-05
0.000361579
0.000101642
0
0.000427757
0
0
0.00052295
0.000455351
0
0
0
0
0.000330131
0
0
0
0
0.000677414
0.000341774
0
6.80882e-05
0.000135622
0.000579427
1.97193e-06
0.000120117
0.000159651
0
0.000633644
0
0
0
0.000576671
0.00072297
0.00039134
0.000499323
0
0.000316853
0.000321833
0
5.9893e-05
0
0
0
0
0
0.000127633
0.000247769
0.000374684
0.000489848
0
0.000476819
0
0.000168673
0.000126648
0.000475321
0
0
0.000101458
0.000234431
1.31113e-06
0.000139219
0
0.000445576
0.000458803
0
1.30386e-05
0.000184837
0
0.00041572
0.000227637
0
0
0.00039787
0.00033462
0
0.000474989
0.000593901
0.000690315
0
0
0.000456231
0.000368063
0
0
0.000197962
6.05647e-05
0
0
0.000490225
0.000437147
0
0
0.00012025
0
0
0.000313031
8.75482e-05
0.00010676
0
0
0
3.98024e-05
0.000111158
0
0.000196509
8.96895e-05
0.000112201
1.06332e-05
5.77379e-05
0
0
2.03773e-05
0
4.53646e-05
8.00773e-05
0
0.000402896
0
0
6.38308e-06
0
6.05588e-05
0.000172689
0.000599017
0.000484017
0
7.97241e-05
0.000121056
0
0.000123124
0.000435212
0.000103756
0
5.19148e-05
0
0
3.83368e-05
0.000451189
1.257e-05
0
0
1.77032e-05
0.000149348
0.000323422
0
0.000327665
0.000726468
0.000143006
2.46436e-05
0
0
0
0.000161478
0
0
0.000178421
0.000558797
0.000151365
0.00014096
0.000349696
0
0.000177129
0.000152949
0
0.000226615
0
2.23373e-05
0.00013135
0
0
0.00012207
0.000359887
4.75768e-05
2.35521e-05
0
0
0
0
0
0
0.000514513
0.000352696
0.000202004
0.00019551
0.00021073
0
0
0
0
0
0.000178697
0
0.000472448
0
0.000572345
0
0.000630511
0
0
0.000228779
0
0
0
7.24252e-05
0
0.000178908
0
0
0.00025393
0.000419631
0.000432221
0.000120774
0
0.000599986
0.00037915
0.000154052
0.000165051
0
0
0
0
0.000299312
0.000242811
0.000526173
0
0
0.000363754
0.000165352
0.000559083
0.000743028
0
0
8.54345e-05
0
0
0
6.54175e-05
6.52149e-05
0.000554174
0.00015909
1.80793e-05
0.000276863
0.000137593
0
0
1.6485e-05
0
5.14316e-05
0
0.000184585
0
0.000178994
0
0
0.000254112
0
0
0
0.000554661
0.000236191
0
0
0.000566839
0.000446017
0.000255153
0.000120114
0.000451189
0
0.000352464
0
0.000305896
0.000587825
0.000696283
0.000573695
0.000326409
0.000466014
9.97705e-06
0
9.50262e-05
0
0.00059723
0.00016102
5.78342e-05
1.81424e-05
0.000545032
0
0
0.000136143
0
0
3.09049e-05
4.27762e-06
1.66351e-05
0
2.43861e-07
3.42153e-05
0
2.85582e-05
0
0
3.3065e-05
0
0
1.58493e-06
0
1.29911e-06
0
0
0
0
2.10974e-05
7.48499e-05
1.46855e-05
8.67013e-05
0
0.000177396
0
0.000488475
0
0.00014411
0.000108784
0
7.58772e-05
0.000145452
0.000359835
0.000453768
0.000432409
0
0.000225379
9.907e-05
0.000240327
0.000182421
0
6.98779e-05
3.2675e-05
0.000119506
0.000366914
0.00033066
9.08225e-05
0
4.25898e-06
1.82612e-05
0.000388539
0
0.000149721
0.000134236
0.000404767
0
0.000256622
0.000136511
0
0.000402089
0
0.000362031
0
0.000326805
0.000189687
0.000607021
0.000665951
0.000198463
0.000381606
0
0.000252856
0
0.000165445
0
0
0.000325436
0
0
0.000199222
0.000248744
8.38042e-05
0.000460051
0
0
0
0
4.96772e-05
0
7.42464e-05
0.000149863
0
0.000161936
0.000210723
0
0.000245013
0.000338956
0
0.000533941
0.000221512
0.000160696
0.000230418
0
0
0
0
0
0
0
0
1.65353e-05
0
0.000221169
0
0.000562277
0.00023692
0.000651075
0
0.000364953
0.000407403
0
0.000672329
0.000713241
0.000658792
0
5.25403e-05
0
0
0.000421527
0
0
0
0
5.40991e-05
0.000450184
0
0.000537314
0.000514818
0
0
0
0
0.000650131
0.000523713
0
0
0.000296719
0
0.000193052
0
0.00025441
0
0.000185885
1.59981e-05
0.000207269
0.000221302
0
0
0
0.000517024
0.000514071
0
0
0
0.000159377
0
0
0.000159337
0.000206495
0
0.000141827
0
0.000122578
0.000181338
0
2.13508e-05
0.000317666
0
0.000181255
0.000584523
0
0.000731776
0.000359086
0.000195883
0.000361578
0
0
0.000257252
0
0.000237518
0.000169255
3.97393e-05
0
0.000267693
0
0.000388995
0.000366521
0
0
0.000228056
0
0
0.000541199
0
0.000387225
0
0.00012955
0.000603506
0.000227241
0.000527771
0.000499033
0.000441766
0.000711815
0
0
0.000346234
0
0
0.000532965
0
0
0.000137655
0.000260063
0
0
4.28283e-05
0
0.000158819
0
0.000516629
0
0
0.000195508
0
0
0.000138155
0
0
0
0
0.000213553
1.99156e-07
0
0
0
0
0
0.000100447
0
0.000163509
0
0.000117804
0
0.000310519
0
0.000422472
0.000109046
2.1579e-05
0
3.74586e-05
3.75913e-06
0
2.1585e-05
6.97956e-05
6.49979e-05
0
5.11432e-05
0.00023307
0
0
0
0.000119792
0
0.00017433
0
0
0
0.000509478
0
0
0.0003424
0
0
5.28442e-05
0.000236082
8.81813e-05
0.000166407
0.000379253
0.00033724
0
0
0.0003342
0
0
0
2.4663e-05
0
0
0
0.0001064
0
0
0.000238383
0
0
2.79928e-06
0.00010319
0
7.02436e-06
0.000578367
0.000251055
0
0.000425857
0.00019395
0
0
0.000209478
0
0
0.000120605
0
2.847e-05
0
0
0
0
0.000449239
0.00050908
0
0
0
0
0.000472789
0
0.000325617
0
0.000356551
0.000441378
0.0003298
0.000332565
0.00032973
0.000520262
0.000466299
0.000299732
0.000306656
0.000266553
0.000455047
0.000371412
0
2.2683e-05
0
0.000205825
0
0
0
0
0.000484526
0
0.000555264
9.99874e-05
0
0
0.000781353
0
0.000365384
0.000507406
0
0
0
5.48877e-05
0
0
0.000272453
0
0.000684933
0.000481654
0
0.000382572
0
0.000193309
0.000453063
3.87397e-05
1.70912e-06
9.58469e-05
0.000185938
0
0
0
0
0.000297894
0.000501224
0
0.000315516
0
0.000123305
0
0
0
0.000118196
6.93467e-05
0
0.000242691
0
0
0.000747191
0.000677704
0
0
0.000630145
0.000765684
0.000727463
0.000672235
0
0
0.000697233
0
0.000438008
0
0.0005638
0
0
0.000544089
0
0
0
5.22606e-05
0
0
0.000209919
0
0.000189263
0
0
0
0
4.676e-05
0.000310719
0.000466373
0
5.12345e-05
8.82553e-05
0
0.00022954
0.000133992
0
0.000552343
0
0.000618748
0
0.000263257
0
0
0.000548153
0
0
0
3.05885e-05
0.00042681
0.000477362
0.000445017
0
0
0
0
0
0
0.000599051
0.000544828
0.000585833
0
0.000124432
0.000161708
0.000444581
1.36605e-05
0
0.000155092
0.000399315
0
0.000185633
0
0
0.000398655
0
7.32387e-05
0
0
0
0
0
0.000384286
0.000347484
3.20829e-05
3.04659e-06
0
8.43954e-05
0
2.83777e-05
0
0
9.34273e-05
0
0.000102845
0
0.000431165
0
0.000151112
0
0
0.000188227
0.000257875
0.000321752
0
0.000578262
0.000324558
0
0
0.000427484
0
0
0
0
6.83528e-05
0
0
0
4.17254e-05
4.14571e-05
0
0
9.14487e-05
0
0
0.000116252
6.35057e-05
3.1956e-05
0
0.000231393
0
8.24541e-05
3.88778e-05
2.19075e-05
0.000512204
0.000420095
0
0.000171622
0.000665825
0
9.4698e-05
0.000167779
0
0.000163239
2.2633e-05
0
0.000219738
0
0.000156837
0
0.000413535
0.000396397
0
0.000170111
0.000343463
0.000288676
0.00038156
0
0
0.000323141
0.000604079
0
0
0
0.000577333
0.000445635
0.000662621
0
0.000535786
0.000323097
0
0
0.000333933
0
0
0
0.000309062
0
0
0
0
0
0.000226993
0
0
0.000148343
0.000229287
0
1.02371e-05
0
1.76017e-06
4.35003e-06
0
2.35385e-05
3.72291e-05
0
0
0
0.000264331
0
0.000112923
0.000263994
0.000297287
0
0.000229427
0
0.000182371
0.000419113
0
0.000200984
0.000244714
0.000166078
2.44398e-05
0
0
0
0.000155891
1.85578e-05
0
0
0.000155979
1.89945e-05
7.50813e-05
0
0.000249779
0
0.000206537
0.000124272
0.000223372
3.53907e-05
0.000171436
0.000224593
4.25382e-05
0
0
0.000228299
0.000452577
0.000542839
0.00074081
0.000539127
0
0.000454448
0
0.000210231
0
0
0.000139789
0
0.000530335
0
0.000272737
0.000498032
0.000413997
0.000465961
0
0.00020916
0
0
0
0
0.000495335
0.000539335
0
0.000700068
4.66893e-05
0.000224191
0
0
0
8.15086e-05
0.000376985
0
0.000359712
0
0.00025377
0
0
0.000222852
0.000280766
0.000545678
0
9.39926e-05
1.60483e-05
6.5846e-05
4.45987e-05
0
0
0.000173192
0
0
0
0.00043887
0.000291882
4.80174e-05
0
8.93911e-06
0
0
0
0
4.46964e-06
0.000340683
0.000703836
0.000719236
0.00064024
0
0.000664691
0.000427492
0
0.0002615
0
0
0
0
1.24394e-05
0
0
0
0
5.72771e-06
0
0
1.63935e-06
0
6.45738e-06
0
9.43952e-05
0
3.92965e-05
0
5.87988e-05
0.000218975
0
0.000433272
6.46397e-05
0
0
0
0
0
0.00017442
0
0
0.000545137
0
0
0.000385815
0
0.000217621
0.000506659
0
0
0.000731506
0
0.000692377
0
0
0.000553098
0.000284142
0.000524015
0
0
0
0.000572198
0
0
0.000676176
0
5.05332e-05
5.25374e-05
7.39347e-05
7.97158e-05
0
3.79171e-05
0.000489224
0.000184411
0.000416017
0
0
0
0
4.75783e-05
0
0.000155239
2.99493e-05
0.000207128
0
1.63559e-05
7.28668e-06
4.48751e-05
0
0
0
6.22444e-05
0
2.83757e-05
0
0
6.42762e-06
1.91117e-05
0
0
0
5.43373e-06
0.000135636
2.8036e-05
0
0.000308943
0.000287647
0
0
0.00029711
0
0.000282476
0
0.000113235
0
0
0
0
0
0
0
0
0
0
0.000133598
5.24564e-05
0
0.000532628
0
0
0.000589927
0
0.000590485
7.67334e-05
0
2.40052e-05
0.000104853
6.6229e-06
0
2.11771e-05
0
5.2057e-05
0.000135605
0
0
0
0
0
4.1932e-05
0
0
0
0.000494861
0
0.000736932
0
0
0
0
0.000147252
0
0
0.000127627
3.57499e-05
0
0
0.000487924
0
0
0.000307924
0
0.000473382
0
3.66517e-05
0
6.57285e-05
8.48658e-05
0
0
0
0.000384235
0
0
0.000625658
0.000509817
0
0
0
0.000251792
0.000243673
0.000514848
0.000386984
0
0
8.41716e-06
1.47898e-05
0
6.84106e-05
0
0
0
0
0
0.000356555
0
0
0
0.000415548
0.000371972
0.000212308
0.00026125
0
0
0.00031159
0
0.000486064
1.08288e-05
0.000394172
0
0
0.000578928
0.00033958
0
0
0.000542848
0
0.000442696
0.000483483
0.00041774
0
0
0
0.000303848
0.000413311
0
4.64368e-05
0
0
0
0.000104648
0.000412557
0
0.000328777
0
0.000500751
0.000215573
0.000139571
0.000453864
0
0.000257506
0
6.13518e-05
0
2.57691e-05
0
0
0
7.31599e-05
0.000106607
0
0
0
0
4.39401e-05
7.6989e-05
0
0.000148255
9.08995e-05
0
0
0
0
7.62671e-05
0
0.000193353
0
0
6.47167e-05
0.000594721
0
0
0.000549545
0.000443244
0.000404792
0
0
0.00025395
0.000560898
0.000809041
0.000322094
6.85008e-05
0.000546082
0.000538914
0
0.000599161
0.000436821
0
0
4.2902e-06
0
0.000273495
0
6.8257e-05
0.000196457
8.07778e-05
0.000276323
0
0
0
0
0
0.000274562
0
0
0
1.28793e-05
9.1652e-05
0
0
0
0
0.000407344
0.000322712
0.000748654
0
0.000666419
0.00038813
0
0.000429582
0
0.000185825
0.000119819
0
0.000129362
0.000323214
0
0
2.50054e-05
0
0
0.000445151
0.000161468
0
0
0.000697061
0.000497287
0
0
0
2.38718e-05
0
4.90797e-06
0
0.000229615
0
0
0.000718429
0.000267936
0
3.13622e-05
0.000105165
0
5.12183e-05
0
0
0
0
0
1.23369e-05
0
0
0
0.000164607
0
0.00057223
0
0.000578775
0.000733567
0
0
0.000366953
0
0
0.000374307
0
0
0
0.000378701
0
0.000755796
0.000442169
0
0.000482373
0
2.41003e-05
2.68403e-05
0.000768884
0.000531571
0.000788491
0.000244623
0.000153766
0
0
0
0
0
0
0
0
8.82053e-05
0.000447181
0.000646535
0
0
0
0.000685781
0.000794021
0
0.000697237
1.70452e-05
0
0.000309128
0
0
0.000475724
0.000482165
0
0
0
0
0
0.000167714
0
0
0
0
0
8.92043e-05
0.000221078
0.000350381
0.000586287
0
0
0
0
0
8.23477e-05
0.000323002
0
0.000398521
0
0
0.000579805
5.91892e-05
0
3.62762e-05
0
0
1.33792e-05
0
0
0.000131279
7.52193e-05
6.70391e-05
0.000306407
0
0
0
0
0
2.47088e-05
0
0
0.000543731
0
0
0
0
3.38242e-05
0
7.09787e-07
0
0.000101671
0
5.65338e-05
0.000209312
0
0
0.000333802
0.000247976
0.000365216
0.000226663
0
0
0
9.50636e-05
0.000184703
0
0.000273053
0.000299759
0.000449572
0
0.00035601
0.000589099
0.000562741
0.000640396
0.000234039
0
0.000382668
0
0.000519448
0
0
0.000517296
0.000359217
0.000119452
0
0.000194227
0
0
0
0
0.000201885
0
0.000638877
0.000229883
0
0
9.11917e-05
0.000144082
0.000407182
2.80186e-05
0.00034074
1.59687e-05
0
0
0
0.000131973
0
0.000407779
0
0
0
0
0.000410664
0.000119843
0
0
0.000168496
0.000165164
0
0.000333749
0.000138689
0
0
0.000256317
0.000120566
0.000406972
0.000435489
0.000170946
0
0
7.36141e-05
0
0
0
0
0
0.00024551
0.000299751
0.000427713
0
0.000283637
0
0.000566634
0
0.00062536
0.000415007
0.000547074
0.000476012
0
0
0
0
0
0
0.000545205
0
0
0.000668387
0.000662126
0
0.000804765
0
0.000710748
0.000302834
0.00043265
0.000386199
0
0
4.43451e-05
0
0
0.000285009
0
0
0
0.000492358
0
0
0
0
0
0
0.000118112
0
0.000101636
3.12536e-05
0
1.89754e-05
5.54388e-05
0.000263879
0.000310569
0
0
0
7.13174e-05
0
0
0
0.000369441
0
0.000389539
0
0.000543784
0
0.000374872
0
0
0
0
0
0
0
0
0.000314419
0
9.64022e-05
0.000466569
0
0
0.000150876
0.000436374
0
0.000202942
8.28205e-05
0.000530324
0
0.000495014
0.000152309
2.00374e-05
0
0
0
0
0.000194925
0.000417501
0.000536666
0.000684126
0.000665382
0
0.000686903
0.000383178
0.000437743
0.00060847
0.000582367
0
0.000113291
9.38843e-05
0.000416222
0
0.000696572
0
0
0
0
0.000239378
0
0.00038369
0
0.000184641
0
8.57368e-05
0
0
0
0.000296428
2.99855e-06
0
0
0
0.000254401
0.00023859
6.44547e-05
0
8.70944e-05
0
2.449e-05
5.85279e-05
0.000100861
1.57144e-05
1.60301e-05
0
2.07202e-05
0
4.83172e-06
0
0
0
0
0
0
0.000209706
0
1.57314e-05
0
0.000131425
0
0.000181941
0
0
3.4315e-06
7.20315e-05
0.00016367
0
0
0.000209244
0.00015796
0.000458817
0.000138175
0
0
0.000338255
0.000423187
0.00024438
6.1189e-05
0
0.000122404
0.000157304
9.09406e-06
8.09227e-05
0
0
0.00030525
0
0.000582014
9.02839e-05
0.000388156
0.000279494
0.000368938
0
0
0.000464854
0
0.000284386
0
0.000249402
6.86182e-05
0
0
0
0
0.000267077
6.52926e-05
0
0
6.22985e-05
0
0.000152274
5.34937e-05
3.32916e-05
0
0
0.000232062
0
0
0
0.000744329
0.000116528
0
0
4.0475e-05
0
0
8.48667e-05
0
0.000144918
0
0
0
0.000106197
0
0
0.000375251
0.000189775
0
0
0.000135455
0
0.000524799
2.29136e-06
2.35244e-05
4.49849e-05
0
0
0.000392099
0.000597158
0
0
0
0
0
0.000398197
0.000558344
0
0
0
0.000361018
0
9.80953e-05
2.28882e-05
0
0
0
4.83285e-05
0
0.000409068
1.26628e-05
0
0
7.99058e-05
5.65397e-06
0
0
0.000180945
0
0.000582038
0
0
0.00049725
0
0.00022329
0.000178054
0
8.6275e-05
6.12754e-05
0
0
1.05457e-05
4.97299e-06
0
0
0
0
8.71281e-05
0
0
0.000124988
0
2.57941e-06
0.000220516
0
0.000166435
0.000737769
3.70823e-05
0
0
0.000179769
0.000399255
0
0
0.00066361
0
8.59215e-05
0.000150113
0
8.49868e-05
0
4.27899e-05
0
8.06859e-05
0
0
0
0
0
0
3.25058e-05
6.19943e-06
0.000235272
0
0.000283935
0.000377725
0.000195866
0.0001329
0
0
0
0.000186782
0.000462995
0
0.000488116
0.000497724
0.000321624
0.000400826
0.000322576
3.44739e-05
0
0.000297042
0
0
0
0
0
0
0.000269159
4.37598e-05
9.31224e-05
0
0.000309351
0.000112231
0
0
2.03244e-05
0
3.52269e-05
0.000163166
0
9.53062e-05
0.000121338
0.000153163
0
0
3.77313e-05
0.000186313
0
2.41814e-06
0
1.07208e-05
0
0
0
0
0
0.000681299
0
0
0
0
0.000123272
0
0
0
0.000291254
0
0
0
0
0
0
0
0
0.00022256
0
0
8.02342e-05
0.000330408
0.000130761
0.00045716
0.000632567
0.000468763
0
0
0.000414409
0.000730849
0
0
0
0
0.000519144
0
0.000119545
0
0
0
0.000331304
0
1.28445e-05
0
0
0
0
0
0
0
0
0
0
0
0.000173113
0
0
0.000236205
0.000268237
9.38903e-05
0
0
0.000500063
0
0
0
0.000503568
0.000644417
0
0
0
0
0.000588949
0.000276264
0
0.000631475
0.000632538
0
0.000125501
0.00034434
0
0
0
9.35653e-05
0.000305076
0.000234843
0
0
0.000432617
0.000463903
0
0
0
0
0.000457638
0.00075093
0
0
0.000642107
0.000334471
0
0
0.000454396
0
6.7843e-05
0
0
0
0
3.20285e-05
0
0
0.000142775
0
0
0
0
0
0
0.000486446
0
0
0
0
4.87637e-05
0
0.000172585
0.000369124
4.7778e-05
0.000106305
0
8.6149e-05
0.000129597
7.29585e-05
0
0
0
9.84483e-05
0
0
0.000125969
9.06443e-06
0
0.000276546
0.000184112
0
0.000180006
0
0.000172347
0
0.000263661
0.000175391
0
0.000123644
0.000544305
0
0
0
1.24392e-05
0
6.56811e-05
8.27861e-05
9.89165e-05
7.25443e-05
0
0.000419375
0
0
0.00018818
2.18051e-05
0
0
0.000172779
2.6198e-05
0.000178957
0
0
0
2.91481e-06
0.000233638
0
0
0.000563485
4.07937e-05
0
0
0.000402047
0
0.000112704
0.000604319
0.000458643
0
0.000207473
0
0.000522046
0.000280775
0.000237344
0.000111257
0.000342565
0
0.000317308
0.000194642
0
0
9.99522e-05
0
0
0
0.000472216
0
0.000254366
0
0.000129798
0
0.000481553
0
0.000346528
0.000350456
0
0.0005962
0.000430054
0.000354687
0
8.01656e-06
0
9.97468e-05
0
0.000260802
0
0.000204164
0
0
0.000383842
0.00061717
0
0
0
0.000245692
0
6.9371e-05
5.48517e-05
0
0.00029532
0.000266789
0
0.000176142
0.000325364
0.000234156
0.000157784
0
0
0
0
0
0
4.49183e-05
3.33077e-05
7.06043e-05
0
0.000272865
0
0.000172659
0.000141174
9.32115e-05
0
0
0
0
0.00023902
0
0.000445824
0.000144497
0.000218685
9.69649e-05
1.27746e-05
8.66986e-05
0.000525606
0
0.000584139
0.00053833
0.000381049
3.26573e-05
0.000150875
0
0
8.55253e-05
0
0.000128707
4.89728e-05
0.000127102
0
0
0
0.000236052
0
0
4.27431e-05
0
0.000217198
0.000236073
0.000202375
3.83014e-06
0
0
1.59247e-05
1.02231e-05
0.000133605
0.000535929
0.000223745
0
0
0.000294439
0
0.000297399
0
0
0.000138578
0.000205525
0
0.000171326
0
5.66456e-06
0
8.92923e-05
0
5.70328e-05
0.000118346
0
0
4.93014e-06
7.27996e-05
5.90948e-06
0.000328085
0
0
0.000117375
0.000175345
0
0
0.000473689
4.99367e-05
3.5158e-05
8.98473e-05
3.85884e-06
9.10482e-06
6.13155e-05
0.000180747
0
0
0.000574807
0
0.000262982
0.000379183
0.000405307
0.000695464
0
0
0.0005909
0.000657441
0
0
0
0
0
0
0.000586852
0
0
0
0.000343994
6.70992e-05
8.43482e-05
2.32114e-05
0.000180571
0
0
0.000522019
0
0.000251746
0
0.000495716
0
0
1.25123e-05
0.00023405
0
0
0
7.05258e-05
2.37583e-05
0.000228198
0.000385639
0
0
0
0
0
0
0.00010525
0.00023696
0.000132587
0.000466407
0.000426391
0
0.00067066
0.00053075
0.000267119
0
0
0.000299106
0.000315517
0
0
0.000148455
0
0.000181478
0
0.000428526
0.000666366
0.000253511
0
0.000380425
0.000456263
0.000461649
0.000396016
0
0
0.000493877
0
0
0
0.000351435
0.000133397
0.000225795
0.000325207
9.02652e-05
0
0.000193518
0
0
0
0
0
0.000267771
0
0
0
0.000405761
0
0
6.27699e-05
0
0
0
0.000592767
0
0.000702795
0.000588179
0.000285424
0
0
0.00034676
0
0.000565775
0.000450334
0
0
0.000105958
0
2.9408e-05
0
0
0
0.00012116
0
0.000306307
0
0.000180431
0.000285922
0.000424188
0
0.000237621
0
0
0.000293469
0
9.31702e-05
0
0
0
0.000250666
8.22936e-05
5.84784e-06
0
4.78844e-05
0
0
0.000181303
0.00012895
0
2.46149e-05
0
9.38767e-05
0.000217015
0
7.20915e-05
2.5661e-05
2.14857e-05
0.000492151
0
0
0.000459882
0
0
0
0
0.000461398
0
0.000672291
0
0.000478972
0.000294916
0
0.000263337
0
0.000347474
0.000562309
0
0
0.000137524
0
0.000122056
0
0
5.12446e-05
0
0
0
0
0.000143758
0.00051437
0.000216722
8.62912e-05
0
0.000713814
0
0.000391772
0
0
0.000334659
0.00028176
0
0
0.00066402
0
0
0.000673218
0
0
0
0
0.000537642
0.000447501
2.74046e-06
0
0.000240809
0.00018126
0
0
0
0
0.000399188
0
0.000527751
0.000613714
0.000642309
0
0
0
0.000424077
0
0
0
0
0
0.000497176
0
0.000410764
0.000472331
0.000466396
0
6.10119e-05
0.000117972
0.000274023
0
0
0.000493114
0
0.000325287
0
0
0
0.000364521
0.000331383
0.000573837
0.000552567
0
0.000616323
0.000554982
0
0
0.000679164
0.000687283
0
0.00074913
0.000308197
0
0
0.000133097
0
0
0
0
0.000143382
0.000108856
0
0.000728642
0
0
0.000375022
0.000151549
0
0
5.54114e-05
5.7923e-05
0
0.000475103
0
0
0
0.000369369
0
0.000405764
0.000542356
0.000492065
0.000244355
6.55784e-05
0
5.0641e-05
0
0.000660802
0
0.000587335
3.89683e-05
0
0
0.000189985
0.000470819
0.000611726
0.000753775
0.000730533
0.000379601
0
0
0.000577497
0
0.000416318
0
0.000242468
0
0
6.98527e-05
0.000265232
0.000347654
8.16406e-05
0
0
0
7.3551e-06
0.000152942
0
0
0
0
0
0
0
0.000208855
0
0
0
0.000226853
4.27568e-05
0.00014736
0.000542632
0.000748644
0
0.000589611
0.000422246
7.59116e-06
0.000131346
0
0
0
6.66127e-05
0.000478963
0
0.000472903
0
0.000540434
0
0
0.000289141
0
0
0.000265531
0.000583504
0
0.000705167
0
0
0.000565583
0
0.000472923
0.00023736
0
2.53538e-06
0
0
0.000123932
0
3.90463e-05
0
0.000315373
7.2665e-05
0.000323844
7.41229e-05
0.000183797
0.000210423
0
0
0
0
0
0
0
0.000119717
1.68771e-05
0
0.000228332
0
0.000368185
0
0
0.000203402
0.00041582
0
0.00022108
3.46285e-05
0.000424677
0
0.000204638
4.95489e-05
0.000131091
0.000522696
0
0
0.000241689
0.000257073
0
0
5.66532e-05
0.00015498
0
0.000231316
0
0.000280216
0.000233667
0
0
0.000300483
0.000280862
0
0
0
0
0.000115859
0
0.000301776
0
0.000665099
0.000682204
0.000323286
0
0.000500823
0.000561664
0.000364328
7.56471e-05
0
0.000147809
0.000500029
0
0.000106088
0
0
0
0.000287797
0
0
0.00024172
0
0.000193212
9.6781e-05
0
0
0
0
0
0
4.97593e-05
0
0.000697438
0.000477287
0.00013476
0.000672139
0.000650947
0
0.000422946
0
0.000326922
0
0.000345149
0.000635048
0
0.000555624
0
0
0
0.000395218
0
0
0
0
0
0.00034634
4.15019e-05
1.91096e-05
7.12656e-05
0
5.04075e-06
0
0
0
5.77369e-05
0
0
0
0.000251419
0
0.000222811
0.000352026
0
0
0.000187145
2.71217e-05
0
4.5834e-05
0
9.74437e-05
6.80893e-06
5.73487e-05
0
0.000227527
0.00022565
0
2.21688e-05
0
0
1.65374e-05
0.000450878
0.000283231
0.000185491
0.000212281
0.000284267
0
0
5.28894e-05
0
3.75766e-05
0
0
0
4.26177e-05
0.000112749
0
0.000160864
2.55362e-05
2.08225e-05
0.000251988
8.35936e-05
6.83952e-05
0
0
0.000185913
0
0
0.000220714
0.000238621
0.000385237
0
0.000168416
0
0.00019883
0.000163644
0
1.47141e-05
0.000288447
0.000316299
0.000546537
9.16808e-05
5.17274e-05
0.000458388
0
0.000151883
0.000174892
0
0.000236329
0
0
0
0.000681893
0.00018686
0
0
0
0.000302717
0.000106248
0.00014613
0
0
0
0
6.74897e-05
0
0.000166548
0
2.78891e-05
0
0
0.00029296
2.80574e-05
4.36844e-05
0.00010438
2.09179e-05
7.60689e-05
0
3.61325e-05
0
0
0
0
0
0
0
0.000102367
0.000225943
4.20749e-05
0.000203134
9.16631e-05
0
0
0
9.31044e-05
8.486e-05
0.000102236
0.00011607
0
0.000535743
0
0.000374059
0.000252148
0
0.000393951
0
0
0
0
0.000284596
0
0
0.000285518
0.000437016
0.000330927
0
0.00064991
0
0.000688033
0
0
0
0.000161837
0.000483576
0.000169106
0
0
0
0.000327612
0.000432438
0.000175997
3.80931e-05
0
0
0
0.000164751
0
0
0.000309079
0
0
4.44303e-05
4.20858e-05
0
0
0
1.14355e-06
0.000100481
0
2.48424e-05
0
0
0
8.33295e-05
3.72177e-05
0
0
0
0.000300279
0
0
0
0
0
0
0.000363998
0
0
0
0.000286954
0
0.000124894
0.000497726
0
0
0
0
0
0.00021078
0.000258905
0
0.00059239
0
0
0.000310388
0
0
0
0.000453675
0
0
0.000308198
0
0.000632491
0.000114462
0.000503835
0.000279868
0.000297362
5.48265e-05
0.000290538
0
0
0.000617245
0
0
0.000532428
0
0.000413567
0.000644386
0.000443026
0
0.000153593
2.13453e-06
0
0
6.73919e-05
0.000221187
0.000407321
0
0.000115008
2.18804e-05
0
0.000216878
0
0
0.000608038
0.000539377
0.000141175
0.000399332
0
0
0
0.000174694
0.000484946
5.83521e-07
0
0.00045714
0
0
0.000439159
0
0
0
0
0
0
0
0.000680928
0.00059472
0
4.29374e-05
0
0.000108361
0.000122103
2.02238e-05
5.31427e-06
1.47556e-05
0
0.000160979
0
0
7.37547e-05
8.00935e-06
0.000116846
0.000180421
0
0
0
0
0
0
6.83279e-06
0.000102147
3.90895e-07
0
0
0
1.38321e-05
0
0
0.000229957
0
0
0
8.66772e-05
0
0
0
0
0.000277183
0
0.000257408
0
0
0
0.00018226
2.33047e-05
0
0
0
0.000193103
0
0
0
0.000351906
0.000397377
0.000650204
0
0.000242302
0.000697718
0.000765921
0
0
0
0.000812624
0.000261279
0.000242802
0
0.000143986
0
0
0.000248165
0
0.000258949
0
0
0
0.000174845
0.000480245
0
0
0.000481639
0
0.000230974
0.000282232
0
0
0
0
0.000186078
0.00013268
0
0.000295557
0
0
0
0
0.000114691
0.000285537
2.82256e-05
0
0.00012246
0
0
0.000414892
0
0
0
0
0
0
0.000635407
0
0
0.000623172
0
0
0.000595415
0
0.000286248
0.000127474
0.000337097
0.000692516
0.000432311
0.000139315
9.62139e-05
0
0.000401807
0
0.000407632
6.29084e-05
6.79454e-06
0.000340421
0
0
1.90745e-05
1.98363e-05
0
0
0
2.9316e-05
0
0
0
0
0
8.04871e-05
0
0
0.000553791
0
0.000443606
0
0.000246772
0
0.000268267
0
0
0
0.000237288
0.000530227
0.00075242
0
0
0.000142032
0.000116008
0.000126748
0
0
0.000203584
0
0
0.000182936
0
0
0
0
0.000145228
0.000241555
0
0.000273924
0
0.000251475
0.000284033
0
1.201e-05
0.000199633
0
0
0
6.50313e-05
0
0.000345097
0
5.53298e-07
2.12858e-05
9.33723e-05
0
5.43864e-05
0
0
2.33065e-05
0
0
0.000100568
0
8.12113e-05
0
9.8491e-05
0
0.000151522
0
0
3.29082e-05
0.000258366
1.46653e-05
0
0.000235043
0.000898761
0.000799849
0
0
0
0.000313698
0.000405138
0.000172984
0.00063018
0
0.000561837
0
0.000610277
0
0.000436405
0.000704541
0.000405432
4.01407e-05
0
0
0
0.000122206
0
0
0.000432193
0.00018108
0.000486263
0.000496023
5.81495e-05
0
0.000147878
0
9.82314e-05
6.30315e-06
0
1.70791e-05
0
0
2.15133e-06
0.000376191
0.000329006
0.000500202
0
0
0
0
0.000530848
0
0.000169193
8.06873e-05
0
0.000167132
0
0
0
6.68942e-05
0
6.58623e-05
0.000299282
0
0.000426178
0
0
0.00021298
0
0.000421148
0
0
0.000504455
0
9.70669e-05
0
0
8.70101e-05
0.000236388
0
0.000292639
0.000201797
0.000165136
0.00019614
0.00052088
0
0
0
0.000645778
0
0
0.000720293
0.000491358
0
0
0
0
0
0.000552195
0.000190406
0
0
0.000369129
0
0.000170639
3.55285e-05
9.04739e-05
0
0
0.00019075
0.000185771
0
0
0
0
0
0
0
0
0
0
0
1.40172e-05
0.000473284
0
0.000297148
0
0
0.00046271
0.000678268
0.000591823
0
0.000613638
0.000250381
0
0
0.000323449
0.000305988
0.000117334
0
0
0
0
4.90515e-05
6.70968e-06
0
1.0321e-05
5.2465e-05
1.12735e-05
0
7.06974e-05
0.000561667
0
0
0
0
0.000613047
0.000147645
0.000450453
0
0
0.000700812
0
0.000260377
0
0.000193889
0.000172251
0.000386645
0.000183135
0.000259448
0
8.93167e-06
0
0
0
7.77324e-05
0
0.00028027
0
0
0
0
0
0
8.81204e-05
0
1.67556e-06
0.000228969
0.000121206
0
0
0
0
0.000149992
0
0.000392372
0.000361599
4.56356e-05
0.000175551
0
0.000344963
5.72874e-05
0
0.000382276
0.000106723
9.32034e-05
0.000188605
0.000339488
0.000113529
0
9.03665e-05
0
6.69656e-05
3.28163e-05
6.36056e-05
0.000356261
0
0
0
0
0
0.000170498
0.000110604
4.24391e-05
0
2.98565e-05
0
0
0
0
4.47165e-05
0
8.84014e-05
0
0
0
0.000280108
0
0
0
0
7.62176e-05
0
0.000191255
0.000263853
0.000560286
0.000268717
0
0
0.000212042
0
0
8.02898e-05
0
0
3.55202e-05
0
0
0
0.000411687
0
0
0
0
0
0.000556806
0.000327974
0.000307105
0.000165064
0.00028262
0
0.000243791
0
0
2.74573e-05
2.67443e-05
0
0
0.000315383
0.000332049
0.000264081
0
0
0
0.000339376
0
0
0
0.000137656
0.000486407
0
0.000101212
6.13001e-05
0.000124317
0.000206621
0
1.62075e-05
7.42751e-05
0
0
0.000136781
7.41526e-05
0.000360602
0
0
0.000124091
0
0.000187779
0.000391401
0.000342301
0.000261377
7.97405e-05
0
0
0.000300778
0.000438422
0.000745526
0
0
0.000384259
0
0
0
9.79043e-05
0.000393198
0
0
0
0
0
0
4.19342e-05
0
5.18399e-05
0
0.000237843
5.29276e-05
0
0
0
0.000184769
0
9.53121e-05
5.13213e-05
0
7.91289e-05
0
6.59928e-05
0
0
0.000358801
0.000425838
0.000308656
0
0.000427072
1.88132e-05
0
0.000189527
3.98744e-05
9.99938e-05
0
0
0.000154835
0.000121111
0
5.68039e-05
0
0
0
4.12284e-05
0.000105998
0
0
0
0
0.000250244
0.000152296
0.000289345
7.48048e-05
0
0.00053074
0
0
0.000265214
0.000241654
0.000243266
0.000420535
0.000506993
0
0.000780594
0.000182603
0
0.000451236
0
0
0.000630228
0
0
0.00043338
0
0
0
0.000558779
0
0
0.000377436
0
0
4.4343e-05
0
0
0
0
0.000424752
0.000499556
0.000484858
0
0.000590497
0
0.000531458
0.000346995
0
0.000724059
0.000287286
0.000296235
0
0
0
0
9.98597e-05
0
0
0.000379963
0
0.000467304
7.46781e-05
0.000497939
0
0.000353852
0.000472622
0.000355742
0
0.000216141
0
0
0
0
0.000441638
0.000470589
9.49642e-05
0
0.000393397
0
0
0
0
0.000585493
6.52685e-05
0
0
0.000230488
0.000409671
0
0
0.000207871
0
0
0
0.000193886
0.00038637
0
0.000494233
0
0
0.000199191
0
3.50785e-05
0
0
0
0
0
4.76167e-05
0.000302554
0.000362601
0.000147096
3.55004e-05
0
0.000482007
0
0.000434655
0.000280965
0.000565139
0
0.000367498
0.000405108
0.000167945
5.24248e-05
0
1.6115e-05
0
0
0.000245714
0
0
0
0
0.000556109
0.000396015
0
0.000614899
9.29649e-05
0.000434589
0
4.55069e-05
0
4.04541e-05
0
0.000509394
0.000832294
0.000704741
0.000454098
0
0.000238679
0
0.00044942
0
5.15592e-05
0.000350283
0
0.000316871
0.000298101
7.82963e-05
5.95771e-05
0
0
1.54361e-05
0
0
0
0
1.39029e-05
0
0
0
1.7284e-06
0
0.000106698
0
0.000266955
0
0
2.2015e-05
0.000126453
0
0
0
0.000689097
0.000280734
0.000114738
0.000100765
9.204e-05
0
0
0
6.68545e-05
0
0
3.54694e-06
0
0
4.9793e-05
0
0.00022784
0.000242572
0.000403642
0.000697815
0.00052653
0.000783513
0.000658329
0
0
0
0
0.000628633
0
0.000670476
1.7028e-06
6.93869e-06
0
0
0
0
0
0
4.35129e-05
0.000134917
0
0.000176402
0
0.000102811
0.000248905
0.000106506
0.00030731
0
0
0
0.000274039
0
0.000120252
0.000242875
0
0.000457763
0.000144099
0
0
0
4.91148e-05
0
0
0
0.000203213
7.88582e-05
0
0
8.80837e-05
0.000266411
0.000393155
4.59354e-05
3.11651e-05
0
0.000467595
0.000281914
0
0
0
0
6.90059e-05
0
0.000587131
0
0.000572733
0
0
0.000149422
0
0
0
0.000266837
0
0
0
0
0.000621653
4.75328e-05
0
0
8.59138e-05
0.000261789
0
0.000401673
0
8.60879e-07
0
0.000227559
0
0
0
0
0
0.000143602
0
0
0.000119957
0.000169182
0.000494451
0.000191988
0.000298628
0
0.000487768
0.000260926
1.26882e-05
0.000117361
0
0
0.000272967
0
0.000615286
0.000472049
0.000481752
0.000136473
7.07818e-05
0
0.000425583
2.44673e-05
0.000189187
0
0.00010247
0
7.99611e-05
0.000430596
0
0
0
0.000455021
0
0
0
0
0.000308042
0.000125135
0.000103153
0
2.67263e-05
3.94646e-05
0.00035696
0.000166124
0
0.000350695
0
0
0
0
0
0
0
0
0.000408759
0
9.02507e-06
0
0.000170494
0
0
0.000221095
0
0
1.22422e-05
0
3.91383e-05
0.000123144
0
0.000354379
0.000228662
0.000405352
0.000396569
0
0
0
0
0.000266565
0
0
0
0
0
0
0
0.000485481
0
0.000784691
0.000740588
0
0
0.000192086
0
0
6.18261e-05
0
1.57264e-05
0
0
0.000208323
0
0.000588296
0.000250596
0
0
0
0.000370976
0
0.000427766
0.00045733
0
0
0
0
0.00073289
0.000384031
0.000576375
0
0
0
0.000377412
0.000276263
0.000197748
0
0.00022198
0.000135731
0
0.000379846
2.41875e-05
6.08366e-05
0
0.00022286
0.000128651
1.02506e-05
0.000343803
0.000109992
0
0
0
0
0.000298875
0
0
0
0.000664995
0
0
0
0.000492548
0.000647177
0.00029202
0.000637413
0.000499811
0
1.70369e-05
3.7142e-05
6.21547e-05
0
0.000418692
0
0.00049379
0.000365655
0.000535152
7.29742e-05
0
0
0
0
0.000297728
9.70442e-05
0
2.99283e-05
0.000672478
0.000131725
0
0
0
0
0
0.000451706
0.000362373
0
0.000105963
0.000677097
0
0.000104495
2.07548e-05
0
0
0.000237099
0.00016584
0.00010635
0.000241744
0.000338805
0.000229082
0
0
0
0.00041953
0
5.29316e-05
0
0
1.05747e-05
0
0
7.56953e-05
0
0.000150124
0.000568519
0.000712881
0
0
0
0.000706103
0
0
0.000598601
0
0.00066894
0
0.000346829
0
0.000320071
8.0398e-05
0
0
0.000158716
0.00026047
0
0.000156987
0.000348587
0.000499449
0.000297722
0
0.000414408
0
0
0.000484292
0.000195066
5.01126e-06
8.98334e-05
0.000132363
0.000368952
0
0
0
0
0
0
0
0
0.000196194
5.43571e-05
0.000539752
8.21719e-05
0.000162323
0
0
0.00019437
0
0.000611543
0
0
0
0.000608184
0
0
0.000521256
0
0.000142968
0.000554045
0
0
0.0007103
0.000544417
0
0
0.000221234
0
0
0
0
2.9664e-05
0
0.000411173
0.000786158
0
0
0.000742261
0.000467912
0.000425837
0
0
0
0
0.000338239
4.20741e-05
7.79223e-05
0
0
0
0.000313261
0.000444063
0.000613481
2.16451e-06
0
0
9.42567e-05
0
0
0.000278782
0
0.000183915
0
0.000568482
0
0.000179802
0.000583265
0.000139076
0
0.000123547
0.000112958
0.000192693
0
0.000615511
0.000761292
0.000680987
0.000288854
0.0003115
0.000350027
0
0.000108668
0.000174236
0.000791221
0
0
0.000577283
0.000561149
7.34087e-05
0
0
0.000141446
0
0
0
0
0.000374944
0.000165792
0.000387914
0
0.000231756
0
0
0
0.000471959
4.181e-05
0
6.34672e-05
0
0
9.80767e-05
0.000688668
0.000584261
0
0.000174943
0
0.000521091
0.000584482
0.000512226
0.000158083
0
0
0.000238939
0.000395438
0
0
0.000510229
0.000193824
0
0
0.000533194
0.000435589
0
0.000212743
0
0.000536636
0
0
0
0
0.000547042
8.48987e-05
2.78164e-06
3.36371e-05
0.000168864
0
0
0
0
0
0.000486363
0.000339175
0.00050091
0
0.000403183
0
0
0.000563761
0.000331721
0
4.49078e-05
0
1.50038e-05
0.000546716
0
0.000524574
0.000444873
0
0.000488874
0
0
0
0.000653854
0
1.81792e-05
0
5.13744e-05
9.90225e-05
0
0
0.000317164
7.33071e-05
0.000200713
0
0
0.000219179
0.00040267
0
0.000132176
0.000106706
2.1933e-05
0
0.000723432
0.000339484
0
0
9.22096e-06
9.89105e-05
0
0
0
0
2.50252e-05
7.48392e-05
0
1.5335e-05
0.00022776
3.20462e-05
0
0
4.44999e-05
0.000120555
0
0.000311581
0
0.000440014
0.00013325
4.63419e-05
0.000136834
8.74516e-05
0.000769339
0.000116534
0.000700749
0.000682739
0
0
0
0
0
0.000429068
0
0
0
0
0.000403223
0.000605449
0.000209741
0
0
0.000354999
0
0.000531858
0.000686185
3.08009e-05
3.30139e-06
0
0
0
0
0.000142815
0
0.000223719
0
0.000355707
0.000122115
0
0
0
0
0.000298725
0
0
0.000236009
0.000529921
0
0
0
0.000707399
0.000367646
0.000314933
0
0
0.000699849
0.000565875
0.000337888
0
0
0.000110154
0
0
0.000688264
0.000346202
0
0
0.000549605
0.000377982
0.000265491
0
0
0
0
0.000326397
0.000264441
0
0
3.96839e-07
0.000169817
0
0.000113375
0.000185086
0
0
0.000350048
0.000534729
0
0
0.00047765
0
7.08852e-05
0.00018475
0
0
0.000310336
0
0.00059295
0.000576298
0.000491224
0
0
0
0
0.000343524
0.000413467
0
0.000620634
0
0.000266578
0.000438261
0.000108203
0
0
8.20821e-05
0
0.000174661
6.43489e-05
0
0.00022841
0.000331683
0.000189837
0
0.000282938
0
0.000153936
4.9138e-05
0
2.84086e-05
3.15219e-05
0.000319944
0
3.57278e-05
0.000179346
0
0.000416554
0
0
0
0
0
0.00039783
0
0
0.000458799
0.000289577
0.00019526
0.000120485
0
0
0
0.00015065
0
0
0
0
0
0
0.000116126
0
0.000256347
4.66406e-05
2.60781e-05
0
0.000118328
0
0.000331782
0
0.000699875
0
0
0
0.00018178
0
0.000109777
0.000117763
0
0
0
0.000294384
0
0.000282826
7.83222e-05
0.000116323
0.000305838
0
0
0.000436443
0
0
3.3436e-05
7.28633e-05
0.000475883
0
0
0
0
0
0.000230683
0.000239396
0.000291946
0.000476247
0.000163439
0.000672947
0.000738951
0.000391987
0
0
0.000632955
0
0.000279693
9.78801e-05
0.000451654
0
0.000437265
0
0.000126362
0.000463551
0
0
0.000379
0.000406823
0
0.000476964
0.000400939
0
0.000133805
0
0
0.000496449
0
0.000638027
0
0
0
0.000517024
0
0
0.000313947
0
0
0.000333966
0.000170758
0
0.000102001
0.000197068
0.000221245
0.000268693
3.60663e-05
0.000206903
0.000346531
0
0.000242674
0.000204984
0.000140372
0
0.000264658
1.54254e-06
6.86423e-05
0.00023228
0.000284846
0
0
0.000251704
0.000161682
0
0.000382637
0.000241746
0.000209594
0
0
0.000160039
0.000118008
0
4.63647e-05
1.22481e-06
0
0
0
9.10726e-05
2.368e-05
0
0.000194481
0.000396912
0
0
0
0
0
7.47529e-05
0.000318874
0.000316898
0
0.000454422
0.000172394
0
0.000240449
0
0
0.000582899
0.000451964
0
0.000555898
0.000270322
0.000132369
0.000694962
0
3.78012e-05
0.000274566
0.000194962
1.05473e-05
0
0.000395414
0.000507028
0.00029579
0.000313237
0
0.000159262
0
0
0
0.000406088
0.000498258
0.000628769
0.000462351
0
0.000298517
0
0.000164765
0.000519567
0
0
0.00030092
0.000346319
0.000173229
2.99791e-05
1.2626e-05
6.07085e-05
0
0
0.000164234
0
3.3826e-05
0
4.83821e-05
0
0.000430162
0
0.000542329
0.00043783
0.000538944
0.000663705
0.000603542
0
0
0.000144562
0.000460823
0.000613447
0.000657663
0
0
0
0
0
9.95624e-05
0
0
0
4.96356e-05
0
0.000196671
3.90894e-05
0
3.10737e-05
0
0
0
0
0
0
0.000193326
0
0
0
0
0
3.21387e-05
0
0
0.000171207
0
0
1.65302e-05
0.000318808
0
0.000245336
0
0
0
0
0.000290487
0
0
0.000136931
0
0.000229698
0.000367101
0.000448122
0.000128831
0
0
0
0
0
0.000519304
0.000541326
0.000136465
0.000649089
0
0
0
0.000590499
0.000786891
0.000781967
0
0
0.000394508
0
0
6.62693e-05
0
0
0
0
0.000515832
0
0.000367217
0
0
0.000638841
0.000576174
0.000173485
0
0
0.000374197
0
0
0
0
0
0
0.000165374
0
0.000441096
0
0
2.19344e-05
0.000135723
2.39229e-05
0
0
0
0
0.00023666
0
1.20817e-06
5.24628e-05
7.15611e-05
0.000323651
0
0
0
2.21217e-05
0
0
1.93754e-05
1.37522e-05
0
9.24286e-05
6.18962e-05
0.000115456
0
0
0.000631675
0.000689898
0.000394266
0
7.36414e-05
0.000398595
0
0
0
0
0
0.000178141
0
0
0.000237513
0
0.000145256
0.000348255
7.22626e-05
0
0.000333545
0
0.000259725
0
0
0
0.000677417
8.48733e-05
0.000215183
0.000105576
9.12761e-06
0
0
0
0.000559016
0
0.000305049
0
0
0
9.56714e-05
0
0
0.000117839
0
0.000551604
0
0
0
2.59224e-05
0
0
0
3.86125e-05
7.02358e-05
0.00033194
0
0
0.000179125
0
0
0
0
0
0
0.000111656
0.000128877
0
0
0.000538562
0.000336707
0
0
0
0
0
7.58596e-05
0
6.44604e-05
0
9.5364e-05
0.000389887
0.00048288
0.000555178
0.000634194
0
0
0.000228957
0
7.25629e-05
0
0.000199789
0
0.000271052
0
0.000378804
0.000436054
0
0
0
0
0
0
0.000231553
0
0
0
7.83396e-05
0.000349
0
0.000222742
0
0.000135259
0.000249631
4.80825e-05
0
0
0
4.99398e-05
0
0.000163631
6.82633e-07
0
0
0
0
0
1.4307e-05
6.03701e-05
0
0
9.21139e-05
0.000149859
6.11549e-05
0
0
0
0
7.28898e-05
0
0
0.000218598
0.00028451
0.00058693
0
0.000106861
7.74328e-05
0
0
5.50092e-05
0.000106722
3.7841e-05
0.000483549
0.000320609
0.000367725
0.000526262
0
0.000631559
0.00020924
0
0
0.000248234
0.000618505
0.000722833
0.000523077
0.000162046
0
5.27529e-05
3.35035e-06
4.61287e-05
0
3.97221e-06
0
0.000105384
4.39379e-05
0.000215992
0
0.000115943
0.000567985
0
0
0.000606269
6.62846e-05
2.24589e-05
0.000486525
0
0
9.94204e-05
0.000233207
0
0.000203486
0
0
0.000184755
1.61395e-05
0
0
0.000175373
0.000348313
0
0
0.000104581
0.000258199
0
0
0
0
0
5.62785e-05
0.000303228
0
0
0
0
0
0
0.000387508
0.000538982
0
0
0.000675065
0.000292612
0.000466384
0.00049217
0
0
0
0
0.000149208
0
0.000653712
0
0.000512705
0
0
0.000132824
0
5.22567e-05
0
0
0.00012111
0
0
0
2.94275e-05
8.80791e-05
0.00034447
0
0
0.000539957
0
0.000274914
0
0
0.000443575
0.000499144
0.00018091
0.000332144
3.93071e-05
0
0
0.000153523
6.48245e-05
0.000503659
0.000801548
0
0.000556912
0.000346368
0
0
0
0.000183369
0.000423659
0.000322239
0.000433725
0.000283584
7.49538e-05
0.000206132
0
9.49573e-05
0.000229419
5.86578e-05
0
0
0.000164576
0
0
1.43636e-05
0.000510999
0
0
0.000153965
1.44464e-05
1.95132e-05
0
0
0
0
0
0
0
0.000120623
0
0
0.000292384
0
0
0
0.00012642
0.000191007
0
0
0
0
0.000215748
0
0
0.000447638
1.38347e-05
0
2.92216e-05
0
0
0.00018959
0
0
0
0
0.000319199
0.000364866
0
0
7.94946e-05
0.000356156
0.000148389
0.000423075
0
0
0.000372737
0
7.89501e-05
0.000223007
0
5.8441e-05
0.000648116
0.00044429
0.000181936
0
0.00033344
7.3295e-05
0.000418534
0
0
0
0
0.000519992
0.000322687
0.000324429
0.00048171
0.000340977
0.000284129
0
0.00054015
0
0.000117778
0.000627955
0.000236655
7.25395e-05
0
0.000289233
3.53723e-05
0
0
1.50392e-05
0
0
0
0.000360223
0
0.000256162
0
1.741e-05
0
0
1.74103e-05
0
0
0.000121804
0.000197538
2.9804e-05
6.92172e-05
0
0.000533984
0
0
0
0.000650621
0
0
0.000160706
3.46816e-05
0
0.00011776
5.83301e-06
0
0
1.68141e-05
0
0
0
6.23868e-05
0
0.000154652
1.08237e-05
0
0
8.7124e-07
0
3.90126e-06
0
1.22891e-05
0
0
0.000283879
0.00024689
0.000229702
0.000476276
0
0
0
0.000529947
0
0
0
0
0.00043422
0
0.000439613
0
0
0
0
0
0
0
0.000178693
0
0
0
0.000287494
0
2.67526e-05
5.13171e-06
0
5.07967e-05
0
0.000502817
0.000485897
0.00020684
0
0.000106483
0.000271025
0
0.000257616
0
0
0
0.000268272
0.000286844
0
0
0
0
0
0
0
0
0
0
0
0
0
0
0.000503089
9.91286e-05
0
0.000311897
0.000225477
0.000204606
1.19239e-05
0
0.000157189
0.000110422
0.000226948
0
0
0
0.000145159
0
0
2.09027e-05
0.00034459
0.000596936
0.00054994
0
0
0.000477084
0.000127253
1.27563e-05
0
4.51215e-05
0.00010193
5.3319e-05
0
0.00019291
0
0
6.34589e-05
0.000366674
0.000275759
0.000581102
0.000309035
0.000558192
0.000529139
0.000210096
0
8.13742e-06
4.50459e-05
0
0
0
0
0
0.000380988
0.000183485
0.000108802
0
0
0
0
0
0
4.89633e-05
0
0
0
0
0
0
0
6.04978e-05
0
0.00025106
0
8.65451e-05
0
3.34183e-05
0
0
0.000200905
1.64145e-07
0
2.74512e-05
3.30755e-05
0
0.000279977
0
0.000168087
0
0
0
0.000215175
0.000190747
0
0.000187357
4.26825e-05
5.48565e-05
0
0
0
1.64035e-05
6.31112e-05
3.65998e-05
0.000691437
0.000353627
0.000513521
0
0.000353015
0.000411655
0.000520354
0.000180775
8.53165e-05
0
0
0.00018781
0.00015047
0.000248105
0.000360536
0
0.000454322
0
0.000551588
0
0.000548728
0
0
0
0.000214562
0
0
0
0
0.000508617
0.00025497
0
0
0
0
0
0.000572829
0.000793414
0
0.000309839
0.000119445
0
0
0.000126621
6.35979e-05
8.24663e-05
0
0
0
9.49942e-05
0.000279581
0
0
0.000410281
0.000139712
0
0
0.000135749
0.000238373
0.000211322
0.000591708
0
0
0.000727259
0.000448949
0
0
0.000174613
0
0.000220948
0.000107053
0
0
0
0
3.70402e-05
9.65152e-05
0
0.000224231
8.46966e-05
0
0.000171403
0
3.31944e-05
0
0
2.021e-05
7.50234e-05
0.000109406
0.000264202
0.000108926
0
0.000596986
0
0.000520783
0.000492022
0
0
0.000574312
0.00058733
0.000529519
0
0
0
0
0.000287151
0
0
0.000370235
0
0.000340189
0
0
0
0
0.000158616
0
2.51628e-05
0.000132267
0.000347832
0
0
0
0.000162837
3.04938e-05
0.000172084
0.00011244
3.06007e-06
8.39764e-05
0.000315286
0
0
0
0
0
0.000192054
0
0
0.000557791
0.00018596
0
0.000488219
0
0.000296185
0
0
7.74707e-05
0
0.000331077
0.000399105
0
6.2921e-05
0.000157274
0
9.84318e-06
0
0.000206834
0
0.000532213
0.000103138
0.000226804
0
0
3.94554e-05
0
0
0.000131515
0.000104701
0.000540648
0
0.000649589
0
0.000655912
0.000689635
0.000249474
0
0.000570892
0.000398877
0.000146888
0
0.000511877
0
0.000379144
0
0.000149128
0
0
0.000180941
0
0.000435222
0
0
0.000534066
0.000253693
0.000313923
0.000186453
7.56627e-05
0
0
0.000209168
0
0.000624
0.000495671
4.60589e-05
0
0.000105942
5.43486e-05
1.69166e-05
0
0
0.000128053
0
3.05317e-05
0.000169436
0
0.000415761
0.000223652
0
3.00145e-05
5.51967e-05
0
0.000247692
0
6.51984e-05
0
6.53172e-05
0.000160609
0
0
0
0
0
0.000414285
0.000511896
0.000121676
0
2.63817e-05
0
0
0.000645675
0.000640886
0
0.000647339
0.00057172
0
0.000589802
0
0
0
0.00030813
0
0.000156674
0
0.000219429
0.000272218
0.000234967
0
0
0
0
0
0.00016525
4.01234e-05
7.1047e-05
0
0.000106873
7.57992e-05
0
0
0
0
0
0.000499198
0.000398764
0
0
0
3.82985e-05
0
0
6.60889e-05
1.78899e-05
0
0
0
0
0.000608461
0.000325668
0.000163272
0.00017847
9.80195e-05
0
0.000180158
0
0
0.000140191
0.000320184
0
0
0
0.000204948
0
0.000174744
0
0.000423652
4.75358e-05
4.85333e-05
0
0.000154516
0.000104779
0.000266306
0.000209201
0
0.000527056
0
0.000513297
0
0
0.000368077
0.000503446
0
0.000292175
0
0.00012329
0
0.000254727
0
0.000128436
0
0
0
0
0
0.000386654
0.000532631
0
0
0
0.000219519
0
0.000265506
0.000340718
0
0
0
0
0.000152937
0
0
0.000593964
0
0
0
0.000442551
0
0
0.000473731
0.000333146
0.000312622
0
8.76645e-05
0
0
0.000476281
0
0.000163203
0.000119109
0
0
9.58978e-05
0.000267992
0
0.000151063
0
0
8.31026e-05
0
3.06002e-05
0.000132822
1.57225e-05
0
0
3.90198e-06
0
0
0
2.86737e-05
0.000341403
0.000300151
0.000399923
0
0
0.000160403
0.000316181
0
0.000126804
0.000371132
0
0
0
0.000638386
0
0
0
0
0
0
0.000561261
0.00033155
0
0.00065252
0.000222328
8.10869e-05
0.000541774
0.000104562
0
0.00027832
0
0.000243102
0.000112658
0.000217021
0.000436792
0
0
0.000348756
0
0
1.44468e-05
0
0
0
0
0
0
0
0.000335461
0
0.000728835
0.000465454
0.000466272
0
0
0
0.000625334
0.000807123
0.000705655
0.000624508
0.000297605
0.000250693
0
0
0.00029977
0.000643628
0
0
0
0.000482515
0.000260266
5.84913e-05
0
0
0
0
0
0.000276452
0.000367378
0.000469361
0
0.000607609
0.00061649
0.000466501
0
0.000189904
0.000331927
0
0
0.000691051
8.06116e-05
0
0.000385937
0.000260374
0
0.000532603
0
0
0.00041216
0
0
0
0
0.000214619
0.000154885
0
0.000485152
0
0
0
0.000351883
0
0.00054043
0.000167614
0.000293444
0.00014868
0
0.000342231
0
0.000639005
0.000434473
0.000519928
0.000327924
0
0.000472146
0.000495513
0
0.000355392
0.000432571
0
0
0
0.00014033
0
0.000337021
0.000570313
0.000420856
0
0.000156979
0
0
0
3.81173e-05
0
0.000129234
8.97686e-05
0
8.5465e-05
0
7.97472e-05
0
0.000563892
0.000263068
0
0.000677083
0.000633679
0
0
3.19236e-05
0
0.000213559
0
0.000307382
0.000709392
0.000604023
0
0
0
0
0.000161992
0.000206878
0.00010238
0.000235101
0
0
0
0
0
0.000169809
0
0.000402895
0.000509456
0
0
0.000677647
0
0
0.000242967
0
0.000209993
0
0
0.000592652
0.000261824
0.000395258
0
0
0
0.000273286
0
0
0
0
0
4.13826e-05
4.42891e-07
0.0002426
8.61579e-05
0.000454294
0.000541535
0
0.000749491
0
0
0
0
0.000377398
0
0
3.38778e-05
0
0
8.24062e-05
8.22877e-05
8.63506e-07
0.000243868
0
3.07546e-05
7.38582e-05
0.000240873
0.000100197
0.000237642
0.000172662
0
9.30591e-06
0
8.24856e-05
0.00038044
0.000586821
0
0.000269999
0
0.000578731
0
0.000262326
0.000448942
0
3.28113e-05
0.000580712
0.00059246
0.000367239
0.00023515
0
0.000466077
0
0.000540496
0
0
0.000466682
0.000426655
5.84244e-05
0
0.000258224
0
0.000495348
5.58935e-05
0.000654435
0.000568236
0
0
0
0.000199173
0
0
0.000222254
0.000496635
4.51428e-05
0
0
0.000396214
0.000460367
0
0
0
0
2.39692e-05
0.000198278
0
0.000479796
0
4.84731e-05
0.000197668
0.000338746
0
0.000222008
0.000103931
0
0
0
0.000212882
0.000213139
5.10127e-05
0.000207494
0
0.000569115
0.000216328
6.59129e-06
4.5833e-05
0
0
0
2.29515e-05
0.00014478
7.16116e-05
0
9.15497e-05
0
0
0
0
8.16445e-05
0.00035396
1.3715e-06
0
0.000447604
0.000217155
0
0
1.75743e-05
0
4.1327e-05
0
0
0
0
0.000162541
0.000168916
9.96844e-05
2.34453e-07
6.02704e-06
0
0.000130378
3.88939e-05
0
0
0
0.000229179
0
0.000249942
4.89532e-05
0
0
0.000714416
0.000579439
0.000444243
0.000342176
0
0.000259682
0
0.00054503
0
0
0
0
0.0004978
0
0
0
0
0
0
0
2.02883e-05
7.44084e-05
2.47994e-05
0.000189738
0
0
0
0.000604866
0
0
0.000653324
0
0.000376867
0
0.000307855
4.37362e-05
0.00012096
0.000293102
0.00012896
0
0
0
0
0
0
0.000342462
0.000458178
0
0.000341294
9.78848e-05
0
0
0
0.000342972
0
0
0.00011802
0.000100345
0
0.000134264
7.26304e-05
0.000441394
1.93203e-05
0
0
0
0
0
0
0.000244517
0
0.000225073
0
0
0
0
3.42007e-05
0
0.000272829
0
0.000487438
0
0
0
0
0
0.000526973
0
0
0.000648249
0
0
0.000811555
0
0.000253003
0
0
0
0.000597651
0
0
0.000515034
0
0
0
0
0
0
0
0
0
9.48035e-05
0.000524325
0.000539346
0.00021605
0
0
4.61233e-05
8.30847e-05
0
0
0
0.000481937
0
0.000533945
0
0
0
0.000490083
0.000307537
0.00037411
0
0.000191372
0.000255538
0
0
0
0.000372726
0.000719649
0
0.000398278
0.000134633
0.000493295
2.85715e-06
0.000168243
0.000338981
0
0
0
0
0
0.000366608
0.000387237
5.49196e-06
0.000292243
0
0.000368546
0
0
0.000545451
0
0.000633139
0
0
0.000246933
0
3.82666e-05
7.30842e-06
0
0
0
1.19726e-05
0
0.000436051
0
0.000463325
0.000765469
0
0
0
0
0
0.000195683
0
0.000434561
0
0.000150554
3.85221e-05
0
0
1.80534e-05
0
0.000285904
0.000277867
0
0
0.000198977
0.000573727
0
0
1.1521e-05
0.00018101
0
0
0.000104244
7.15743e-05
0.000231725
0
0
0
0
0.000267288
0
0.000378278
0
0.000337398
0
0.000400089
0
0
6.71146e-05
0
0
0
0
0
0.000474636
0
0
0
0.000386755
0
0
9.53368e-05
0.000576601
0.000169559
0.000313749
0.000382699
0.000414393
0
0
0
0
0.000541276
0
0
0
0
0
0
0
0
0
0
0.000664647
0.000425076
0.000562253
0.00031522
0.000386605
0
0
0
0
0.000485057
0
0
0
0
0.000546838
0
0
0
0
0.000368937
0
0.000253838
0
0
0
0
0.000411361
0.000600275
0.000431955
0.000508582
0.00024041
0
0.000124243
0
4.84956e-05
0.000225768
0
0
0
0.00039147
0
0
2.8538e-05
0
0.000246715
0
4.17087e-05
0
0
5.36614e-05
0
0
0
4.8804e-05
0
0
0
0.000274679
0
0
0
0.000287453
0
9.70854e-05
0.000429877
0.000466102
0
0
0
0
0
0.000416205
0
0
0
0
0
0
0
0.000197221
0.00035155
0.0001874
0
0
0
0.000121561
0.000427843
0
0.000245651
0
0
0.000289071
0
7.39087e-05
0.000334561
0
0
0
0
0.000148673
0
6.5365e-05
0.000491418
0
0.00026635
0.000158412
0
2.2646e-05
0
1.76143e-05
0.000181644
0.00015899
0.000312462
0
0
0
0.00025614
0.000297199
0.000305646
7.90486e-05
4.7728e-05
0
0
0.000108424
0
0.000265898
0.000215219
0
0.000405806
0
0.000494184
0.000444031
0
0
3.70445e-06
0
0
7.87286e-05
0.000476295
0.000230903
0
1.47245e-05
8.48496e-07
2.76897e-05
4.18633e-05
0.000466147
0.00070196
0.000357525
0
0
0
0.00029185
0
0.000158199
0
0.000486347
0
0
0.00064036
0.000568595
0
9.08404e-05
0
0
0.000224756
5.34887e-05
0
0
0.000328012
0
0
0.000181347
0
0
0
0
0
0.000439408
0
0
0.00034395
0
0.000254566
0.000380968
0
0.000195399
0.000329539
0
5.62413e-06
0.000276625
0.000583917
0.000601502
0.000679966
0
0.000470208
0
0.000365732
0.000571644
0.000160187
7.13032e-05
0
0
0
0
2.25319e-06
0
0.000100511
0
2.54397e-05
0.000521187
0.000656287
6.7728e-05
0.000153567
0
0
0
0.000167705
6.24589e-05
0
2.64334e-05
2.90392e-05
0
0
0
0.000128988
0
7.01812e-05
0
0
0
0
4.39564e-05
0.000232274
0
0
7.25327e-05
0
0
0
0.000105595
0
0.000617171
0
0
0
0.000140146
0.0006843
0
0.000366637
0.000169265
0
3.47328e-05
0.000120546
0
0.000359477
0
0
0.000358552
0.000118752
0
0.000106698
0.000191607
0.000164453
0
0
0.000700988
0
0
0.000304988
0
0.000157951
0
0.000153511
0
7.05134e-05
0.000130601
0.000499014
0.000331218
4.79993e-05
0
0
0.000173366
0
0.000252447
0.000597439
0.000777383
0
0.000268226
0.000474201
0.000369025
0
0.000336266
0.000104804
5.78783e-05
4.40254e-05
0
0
0
0
0
0
0
0
6.38554e-06
5.18331e-05
0.000429012
0.000575659
0.000454075
0.000343206
4.36727e-05
0
0.00035888
0.000132632
5.78144e-05
0.00022817
0
0.000389196
0.000327111
0
0.000439152
0
0.000643526
0
0.000523097
0
0.000172607
0.000383353
0.000175197
0.000740322
6.49343e-05
0
0
0
0
0
0
0.000150204
0
0
3.32299e-05
5.69415e-05
0
0.00030671
0
0
0.000225932
0
0.000259168
0
0
0.000588207
0
0.000169014
0
0.000425177
4.6096e-05
0.000319554
0.000335115
0
4.25535e-06
0
0
4.98011e-05
0.00017865
0
0
0.00029388
0
0
0.000329007
0
0.000636165
5.24674e-05
3.70166e-05
1.79038e-05
6.6224e-05
0
0.000340062
0
8.21267e-05
0
0.000265144
0
0
0
8.66058e-05
3.4995e-05
0
6.5517e-05
0
5.24097e-06
0
8.55758e-06
0
0
0
0
0
0
4.65897e-05
0
0.000103313
7.29869e-05
0
0
0
0.000209531
0.000399829
0
0.000309456
0
0
0
0
0
0.00050679
0
0.000263432
0
0.00055545
0
0.000602354
0.000263844
0
0.000244212
0
0
1.2687e-05
0
9.06873e-05
0
0.000550006
0
0.000247873
0
0
0
0.000396625
0
0
0
0
0.000232444
0
0
0
0.000409553
0
0
0
0
0.000252281
0.000782701
0.000612925
0.000468817
0.00035034
0.000370953
0
0.000309643
0
0.000114179
0
0.000195512
0.000281828
0
0
0.000268406
0.000151042
0
0.000200317
0.000386551
0
0.000228283
0.000221468
0
5.68033e-05
0
2.22054e-05
5.26581e-07
4.31406e-05
0
0.000415682
0
0
0
0.000138131
0.000137915
0
7.1192e-05
0
0.000109895
0
1.26396e-05
0
0.000251849
0.00011276
0
1.63383e-05
0
0
0
0.00020056
0.000252999
0.000400196
0.000382965
0
0
0
0.000319914
0.000146182
0
0.000127695
0
0
0
0
0
0
0
0
0
0
0.000190607
0
0
3.73375e-05
7.49141e-06
0.000202272
0
0.000598811
0.000363953
0
0.000132663
0.000226374
0
0
0
0.000227058
0.000206236
0
0
0.000186385
0
8.38326e-05
0
0
0
0.000160233
0
0
0.000338715
0.000137315
0
0.000299908
0
0
0
0.000139838
0.000202661
0.00028437
0.000253886
0.000210509
0
0
0
0.000210628
0.000178864
0.000293735
0
0
0
2.67857e-05
1.63109e-05
0
0
3.92042e-05
0.000308621
0
0
3.77314e-05
0
0
0
0
0.000155909
0.000447082
0
0.000474268
0
0.000346422
0
0.00014498
0.000516179
0.00048185
0.000311482
0
0
0
5.2239e-05
0
0
0.000196675
0
0.000241116
0.000110017
7.53721e-05
0.000141536
0.000136873
5.29654e-05
0.000240083
0.000164102
0.000156614
0
0
0.000175962
0.000298551
0.000158039
0.000355059
1.93914e-05
0.000504814
0.000668233
0
0.0003968
0
0
0.00019362
0
9.34791e-05
0.000375831
0.000272524
0
0
0.000124823
0.00018331
0.000693062
0.000640642
0
0
0
0
0.000563893
0.000629828
0
0.000483647
0.000617047
0
0
0
0
0
0.000224865
0
0.000472207
0.000151377
0.000473687
0
0
0.000335309
0.000482342
8.92178e-05
0.000155098
0.000102555
0
0.000320695
0.000362342
0.000220788
0.000101062
0
0
0
7.54957e-06
0.000284937
5.68958e-05
0.000324976
0.000391335
0
0
0
0
0
0
0
0.000313187
0.00014894
4.38148e-06
0
0
0
2.29858e-05
0
0
3.28004e-05
0
0.000240995
7.17525e-05
0
0
0
0.000166717
8.28234e-05
0.000669856
0.000639613
0
0
0
0
0
0
0
0.000418016
0.000280188
0
3.03624e-05
0.000274363
0
0.000149602
0
0
0.000290164
0
0
0
5.49028e-05
0
7.1761e-06
0
0
0.000448637
0
0
0.000376688
0
0.000809676
0.000175916
0.000138148
0.000543871
0
0.000104873
0.000133911
0
9.81771e-05
3.17553e-05
0
0
0
7.29821e-05
5.93887e-05
9.2199e-06
8.97255e-05
0.000262897
7.45387e-05
1.19239e-06
6.09462e-06
0.000185427
9.49407e-05
0
0
6.16463e-05
0
0
0
0
0
9.65941e-05
0
0
1.76698e-05
0
0
0
0.000241382
6.99852e-05
0
0.000112508
0
0
1.25007e-05
0
0.000323145
0
0
0.000146126
0.00015854
0
0
0
0
0.000381771
0.000372387
0
0
0
0.000741069
0.000273918
0.000297873
0
0.00032622
0.000104797
0.000257547
6.79537e-05
2.29296e-05
0
0
0
0.000361672
0.000581901
0.000242735
0.000286293
0.000796614
0
0
0
0
0
0.000136291
0.000528527
0.000336988
0.000492697
0
0
0
0.00016959
0.00023944
0.00034127
0
0
0.000281529
0
0.000225717
8.99929e-05
0.000378636
0
0
0
3.03176e-05
6.94441e-05
0
0.000270023
0
0
0.000265803
0
0
0.000124513
0
4.95076e-05
0
0
1.13895e-05
0.000146466
0.000475823
0.000236986
0.000256717
0.00027681
0.000188632
5.75663e-05
0.000154006
0.000300633
0.000442935
9.59059e-05
0
1.71997e-05
0.000358874
0
0.000415838
0
0
0
0
0
0
0.000630285
0.000536906
0.000556709
0
0.000150044
0
2.04406e-05
0
0.000277514
0
0
0
0.000404566
0.00036501
8.25823e-05
3.06648e-05
0.000542615
0.000253117
0.000534005
0
0.000302846
0.000261378
0.000358923
0.000309755
0.000695683
0
0.000580252
0.000307201
0.000395185
9.8179e-05
0.000127829
0
0
0
0
0.000135049
0
0.000419579
0
7.72103e-05
0
0.000165229
0
0.000262188
0
0.000288184
0
0.000639768
0
0
0.000220494
0.000249236
0.000216816
0
5.98288e-05
0
0
0
0
1.11909e-05
0.000607075
0.000265838
0.000168051
0
0
0.000372045
0.000262129
0
0
0.000485695
0.000600133
0.000699997
0
0
0
0
0
0
0.000238569
0.00043479
0
0
0.000230897
0
0
5.37342e-05
0
3.72516e-05
0
0.000103674
0
0
0.000239142
6.45798e-05
1.00732e-07
0
0
0.000123735
0
6.37776e-05
0.000420872
9.33464e-05
0.000139901
9.48863e-05
0.000109979
6.45477e-06
0.000380453
7.19339e-05
3.8119e-05
0
0
3.35232e-05
0
2.89095e-05
0
0.000229637
0
0.000161664
0
0
0.000115508
0
0
2.53595e-05
0.000165267
7.58795e-05
0
0.000319615
0.000111913
6.84099e-05
5.28644e-05
0
0.000143668
0.000414313
0
0.000402459
0.00067855
0
0
0.000757152
0.000379996
0
0.0006694
0.000336507
0
0
0
8.67973e-05
0
0
0
0
0.000575272
0
4.57044e-05
4.80554e-05
0
0.000550211
0
0.000379497
0
0
0.00012229
0.000693617
0.000532424
0
0.000337788
0.000314987
0
0.000150244
7.52031e-05
1.38501e-05
4.41575e-05
0
0
0
0
0
0.000127962
0
0
1.6333e-05
2.97231e-05
4.47103e-05
1.453e-05
8.45486e-05
0
1.56083e-06
1.04669e-05
1.72179e-05
0.000224345
0
8.33401e-05
0
0.000376638
0
0
0
0.000440889
0
0.000245508
0.000532101
0.000175983
0
0
0.000721798
0
1.05485e-05
0
0
0
0.000433056
0
0
0
0
0.000351542
0.000481152
0.000451434
0
0
0
0
4.26888e-06
0.000124821
0.000443659
0
6.27078e-06
9.09258e-05
0
0.00030205
0
0
0
0.000507179
0.000457537
0.000553
0.000453016
0
0
6.43595e-05
0.000125568
0
0
0.00030212
0.000139714
0
0
2.50406e-05
0
2.58768e-05
0
7.66284e-05
1.18165e-05
0
9.81545e-05
0.00050507
0.000218654
3.27201e-05
0.000197402
0.000141283
0
0
0.000290333
0
0.000391307
0.000163007
0
6.61776e-05
0
0
0
0.000449142
0
0.000199542
0
0
0.000362355
7.36451e-05
9.32369e-05
6.13737e-05
0
0.000131992
0.000175679
0.000102614
0
0.000131999
2.91465e-05
0.000420903
0.000181604
0
0.000168342
8.94793e-05
0
0
0
0
0
0
1.00042e-05
0.00036471
0.000304595
0.000213787
0
0
0.000167978
0
0
0
8.57e-05
9.15528e-05
0.000209385
0.000229628
0
2.73637e-05
9.27356e-05
7.26173e-06
0
2.35316e-05
0
0
0.000265154
8.03173e-05
0.000183596
0.000172364
9.30731e-05
0
4.68806e-06
0
3.55548e-05
0
9.03627e-05
0
6.68181e-05
0
4.45636e-05
0.000295058
0.000293338
0
0
0
0.000292625
0
0.000508908
0
0.000177887
0.000352312
0
0.000464513
0
0.00043254
0
0.000586993
0
0.000427179
0
0
0
0
0
0.000511882
0.000140169
9.41439e-05
0.000347724
0.000175649
7.90152e-06
0.00043208
9.00825e-05
0
0
4.71198e-05
0
0
0
0
0.000171477
0.000131973
0
1.32709e-05
0
3.46351e-05
0.000177407
0.00012087
3.27578e-05
0.000267475
0.000326066
0
0.000762874
0
0
0
0.000321924
0
0.000790798
0.00070332
6.91878e-05
0
0
0
0.000384641
0
0
0.000299533
0
0.000105515
0
0.000370912
0
0.000216188
0.000256402
9.29371e-05
9.10865e-05
3.43992e-05
0
1.99747e-05
9.61181e-05
0
0
8.35092e-05
0.000408479
0
0
0.000463296
0.000714625
0
0
0.000528448
0
0
0.000239831
6.57532e-05
0.00017355
0.000338514
0.000623958
0.000267366
0.000131469
0
0
7.18094e-05
0
0
0
0
0
0
0
0
0
0
0
0.000413262
0.000162574
3.89185e-05
0.000336354
0.000286319
9.75627e-05
0
0
0
1.36427e-05
0
0
0
0.000480289
0.000272985
0
0
0.00061612
0.000176213
0
0.000394587
0
0
0
0
0
0.000237621
0.000133032
0
9.28197e-05
0.000695669
0.000350937
0.000150741
0.000400234
0
0
0
0.000174926
0.000237365
1.6846e-05
0
0
0
6.07303e-05
0
3.6952e-05
2.60899e-05
0
0.000114267
0
0
0
0
0
0
7.98316e-05
0.000319999
0
0.000395038
0.000358764
0.000252975
0.00043908
0.000601005
0.000171224
0
0.000102027
0.000121888
4.58963e-05
0.000392305
0
0
0
0
0.000291189
0
0.00010962
3.62453e-05
0
0
6.49437e-05
8.88203e-05
0.000251187
0.000166745
0.000198146
0.000204106
0.000109401
0
0.000324698
0
0
0
0.000686122
0
0.000501347
0
0
0.000710813
0
0.000679539
0.000447989
0.000103059
0
0
4.26629e-06
0
0
0
8.0915e-05
0
0.000149359
0.000313222
0
0
0.000100164
0
0
0.000257516
0
0.000196608
0.000181735
0
0.000301856
0
0
0
0.000141116
0.00011502
0
0.00052736
0
0.000531156
6.01129e-05
0
0
2.308e-05
7.76382e-05
0
0.000197254
0
0.000304304
0.000292415
0
0.000693951
0.000245393
0.000224303
0
0
0.000758656
0
0.000223704
0
0.000138437
0.000197629
0.000152144
0
0
0
0
4.68406e-05
4.36705e-05
0
0
1.52926e-06
0
1.16606e-05
6.32493e-05
0
0
0
0.000433243
0
0
0
0
0.000583018
0.000263478
0.000358385
4.69463e-05
0
0.000365285
0
0
0.000377559
0
0
3.36887e-06
0
3.31332e-05
0
0
2.952e-05
0
0
0
2.94383e-05
0.000132123
0
0
0.000640129
0.000319964
0.000141992
1.13732e-05
9.66054e-06
0.000120338
0
0.000511565
0
0.000651282
0.000178293
0
0.000497082
0
0.00016137
0
0.000243569
0
3.38824e-05
0
0
0
0
0.000560905
0
0
0
0.000752384
0.000526804
0.000453714
0
7.70315e-05
0
0
0
0
0
0
0
0.000525154
0.000685743
0
0.000256778
0
0.000148628
0.000394791
0
0.000805507
0
0.000653634
5.26103e-06
0.000192991
0
0.000256718
0
0.000198502
0.000490852
0.00049952
0
0.000329123
0
0
0
0.000415252
0.00061009
0.000160378
0
0
0
0.000511715
0.000172067
0.000334684
0
0
0.000305511
0
0
0.000228272
3.37966e-05
0.000379958
9.86395e-05
2.61155e-05
0.000132106
1.94798e-05
0.000471823
0
0
6.89466e-05
0
8.88422e-05
0
0.000182695
0.000294715
0
0.000110123
0.000331413
0.000344019
0
0
0
0.000234366
0.000244075
4.70448e-05
0.000458011
0.000180443
0
0.000135805
1.26221e-05
0.000224804
5.23274e-05
0
0.000452405
0
0
0
0
5.14866e-05
0
0.000363015
0
0
0
3.82097e-05
2.67003e-05
0
0.000441964
0.0004076
0
0
0.000251722
0.000549035
0.000438183
0
0
0
0.000589303
0
0.000630336
0
0
0
0.000611755
0.000221531
0
0
0
0
0
0
0
0
0
0
4.06816e-05
9.50453e-05
0.000560264
0
0
0.000503088
0.00021507
0
0
2.14195e-05
0
3.33125e-05
0
7.41916e-06
0
0
5.23404e-05
1.17488e-05
0.000225505
0.0003953
6.85599e-05
3.93231e-06
0.000349271
0
0.000245715
0.000161814
0
0
0.000132834
0.000773659
0
0
0.000449659
0
0.000476572
0
0
0
0.000422777
0.000139524
0.000426467
0.000340607
0.000274581
0.000464271
0
0
5.99794e-05
0.000323452
5.88772e-05
0.000208125
0.000551286
0
0
0.000243466
0
0
0.000274692
0.000357913
0.000373508
0
0.000317757
2.40338e-05
1.71399e-05
2.07638e-05
8.56748e-05
0.000271245
4.70945e-05
0.000318043
0
0
0.000612387
0
0.000144719
0.00039525
0.000213482
0.000162933
0
0.000150171
0.000623441
0.000695566
0.000280373
0.000121919
0.000113813
0.000208024
0.000468092
0
0
0
9.59453e-05
0
0.000164775
8.89918e-05
0
0
0
0
0.000158379
0
0.000516989
0.000631886
0.000299609
0
0.000124205
0
0
0
9.30004e-05
0.000139022
1.80094e-05
0
0
0
0
0
0
0.000399377
0
0
0.000570533
0
0.000107681
0
0
0
0
0
0
8.19123e-05
0
0
0
0
3.97312e-05
2.10587e-05
8.16535e-05
0.00010109
0.000471972
0.000133502
0
0
0
0.000470047
0
0.000262841
0
0
0
0
0
0
0
2.40669e-05
0.000139463
0
0
0
0
5.35902e-05
0
0
0
0
4.60235e-05
3.5036e-05
0
0.000151977
0
1.01331e-05
0.000323641
0.000436728
0
0.000375173
0
0.000171373
0
0
0.000122898
0
3.36093e-05
0
0
0
0
0.000528614
0.000438035
0.000303596
0
0.000560497
0
0
0
0.000181886
0.000278125
0
0.000342971
0
0.000300668
0
0.00021954
0
0
0
0
0.000220685
0.000469202
0
0
0
0
0
0.000394935
0
0
0
0.000341182
0
0
0.000470214
0
8.75184e-05
0
0
0
0
0.000172308
0.000174484
0
0.000181407
0
0.000215317
0.000392702
0.000620246
0.00039993
5.50887e-05
0.00039265
0.000315879
0.000116842
4.95174e-05
4.12711e-06
0
0
0
0
0
0.000260307
5.18771e-05
0.000180272
6.29305e-05
6.16198e-05
0.00011682
0
0.000456448
0
0
0
0
0
0.000413331
0
0
0
0.000483905
0.00048737
0
7.88208e-05
0
0.00017521
3.84458e-05
0.00026158
0
0.000384913
0
0.00043355
0.000140605
3.34224e-05
0.000363787
0
0
0
0
0.000183167
0
0
0
0.000522021
0.000540772
0
0
0.000614713
0.000100555
0.000157137
0.000319831
0
0.000193278
0.000278225
0.000369805
0
0
0
0
0.000472688
0.000195835
0.000441251
0
0.000631955
0
0.000291367
0
7.01087e-07
4.9791e-05
0
0.000292791
0
0
0.000543949
0.000123392
0
0.000328418
0.000265764
0.000584006
0.000270307
0.00014345
0
0
0
0.000405529
0.000420795
0.000583599
0
0
0.000621283
0.000664791
0.000399735
0
0.000381517
0
0.000129605
0
0
0.000127897
0.000106766
0
6.34339e-05
0
6.31324e-05
0.000108535
0.000156604
0.000250261
0.000109702
0
9.21589e-05
0
0.000187091
0
0
0
0
0
0.000109686
0.000158355
0
6.21777e-05
0.000133432
0.000169364
8.7379e-05
0
4.86868e-06
5.76078e-05
0
0
0
2.75965e-05
0
0
0
0
0.00016572
0
0.000100953
1.94201e-05
0
0
4.34845e-05
3.71801e-05
0
0.000169142
0
9.85031e-05
0.000209763
0.000276647
0.000301339
0
0
0
0
0.000173802
0.000259014
0.000119091
0
0
0
0.00033552
0.000679416
0
0
0.00045106
1.34069e-05
0
5.83103e-05
5.60939e-05
0.000363104
0
0
0
0.000136816
0.000264655
0
0.000161597
0.000247867
0
0
0
0.000278352
0.000275755
0
0.000254109
0
0
0.000280005
0.000128812
0
0
0.000234924
0.000296699
0
0.000315415
0
0.000583696
0.000606379
2.79549e-05
0.000209798
0.000281002
0.000242866
0
0
0
0
0
0
0
1.53047e-05
0
0
0
4.93312e-05
0
0.000292603
0.000121322
0.000343522
0.000397084
0
0
0
0
0
0.000105885
0.000240533
0.000137833
0
4.96378e-05
0
0
0.000263533
0
4.72168e-05
0.000250548
0.000441893
0
0
0.000657401
0.00066095
0.000411279
0
0
0
0.000144067
0
0.000230049
0.000285463
0.000104353
0.000467037
0
0.000351332
0.000332071
2.49032e-05
0.000119738
0.000124808
0
0.000147342
6.75606e-05
7.40049e-05
0.000342848
0.000101316
0
0
0
5.07835e-05
5.03448e-05
0.000147476
0
0
0.000541776
0.000636568
0
0.000310807
0
0
0
0.000301169
0
0
0
0.000522802
0
0.000425625
0.000444116
6.82116e-05
0.000302842
0
0
0.000181883
0
0.000106313
4.90592e-05
1.69485e-05
0
5.77091e-05
0.000190919
0
0
2.39358e-05
0
0
0
5.5342e-05
0
6.38477e-05
3.65083e-05
0
0
0.000122091
0.000178519
0.000295674
0
0
0
0.000372622
0.000314733
0.00022252
0
0.000414927
0
0
0
0.000214925
0.000153371
0.000129446
0.000137644
0
0.00028552
0.000661387
0.000375042
0.000107374
0
0.000436952
0
0
0
0
0
0.000137667
0.000355233
0
4.89718e-06
0
0
0
0
0
0
0
6.89382e-05
0
0
0
0
4.07153e-05
0.000135947
0.000452915
0.000113575
0
0
0
0
5.61058e-06
4.63138e-05
0
0.000254635
0
2.46407e-05
1.25887e-05
0
5.6232e-05
6.51337e-05
2.73531e-05
7.92365e-07
6.63676e-06
0
1.37339e-05
3.37602e-05
3.47972e-05
0.00069257
0.000196212
0
0
0
0.000335102
0.000361128
0.000646933
0.000534724
0
0
0.000557184
0.000206499
6.56031e-05
0
0.000162698
4.63178e-07
0
0
0
0
0.000114487
0.000276967
0
0
0
0
0
0.000502272
0.000256073
0.000106634
5.31348e-06
0.000296748
7.45036e-05
0
0
7.36237e-05
0
0
3.97045e-05
0.00010488
0
0
0
9.84248e-05
0
0
0
3.59456e-05
0
0
0.000141426
0
0.000130132
0
0
2.23859e-05
0
0
0
3.72324e-05
0
0.000217803
0.000149402
0
0
0
0
6.74165e-05
6.03418e-05
0
5.03007e-05
0
8.3428e-06
0
4.32531e-05
6.73202e-06
1.37367e-05
0
0
0
4.14672e-05
0
0.000321938
0
0
0.000326958
0.000509064
0.000600351
0
0
0.000750624
0
2.19668e-05
0
0
0
0.000164656
0
8.22104e-05
0
0.000110407
0
0
0
0
0.000459204
0.000160833
0.000111894
0
8.27654e-05
6.87043e-05
0.000272693
0.000195935
0.00074752
0
0.000475367
0
0.000524617
0
0
0
0.000491789
0
0
0
0
0.000444473
0.00035941
0
0.000189879
0
0
0.000133329
0.000273996
0.000125217
0
0.000204154
0
0
0
0
0.00036212
0.000393048
0
0
0
0.000229341
0.000334363
0.000265418
0
0
0.000154232
0
0.000230949
0
0.000543812
0.000317601
0.000546344
0
0.000270142
0
0.00066987
0.000127726
0.000120864
0
0
0
0
0
0
0
0
0
0
3.26549e-05
3.00411e-05
0
0
0
0
2.53153e-05
5.48934e-05
0
0
0
0.000444406
0.000424038
3.38862e-05
0.000336528
0
0.000675355
0.000681686
5.95576e-05
0
0.000111215
0
0
0.000520631
0.000180191
0
2.16644e-06
0.000166433
0
0
0.000297602
0
0.000216902
0.0002462
0
0
0.000161421
0
0
3.84886e-05
0.000704518
0
0.000156884
0
4.88929e-05
0
0
0.0001279
0
0.000345014
0.00030846
0
0
0.000452472
0.000567827
0.00032246
0.000409007
0
0.000206484
0
0.000741517
0.000235987
0
0.000139184
0.000142151
0.000588292
0.000325738
0
0.000242211
0
0
0.00072228
0
0
0.000469486
0
0.000715932
0.000425021
7.79767e-06
0
0
0.000200016
0.000199805
0
0.00049054
0
0.000539575
0.000109697
0
0.000391184
5.88762e-05
0
0.000329117
0.000248999
0
0.000175001
0
0.000505137
0.000379716
0
9.83222e-06
9.35725e-05
0
0.00026784
0.000312479
0.000624039
0
0.000449308
0
0
0.000100598
5.4645e-05
0
0
0
0
0
0.000170441
0
3.32008e-05
0
3.08318e-05
0
0.000148611
0.000116358
0.000443774
0
0
0
0.000339602
6.42227e-05
7.08046e-05
0.0001138
0
0
0.000173946
4.92763e-05
0
9.84531e-05
0.000200335
0
0.000478458
0.000146897
7.25686e-05
7.77216e-06
1.49435e-05
0
0
0
0.000179712
0.000370938
0
0
5.97434e-05
0.000160972
0.000297732
0.000536642
0.000336224
0
0.000242769
0.000301394
0
0
0.000457013
0.000301541
0.000261661
0
0
0
0.000381983
0.00038243
0
0
0.000551987
0.000102197
0
0
0.000706145
0.000511067
0
0
0.000238217
2.43548e-05
0.000235392
0.000511473
0
0.000538613
0.00069272
0
0.000172
6.19468e-07
2.59348e-05
0.000438525
0
0
2.89474e-06
0.000421897
0
0
0.000495474
0.000249532
0
4.60049e-05
5.43463e-05
8.31321e-05
0.000147688
0
0
0.000287949
0.00013929
9.44428e-06
0.000333238
0
0.000187045
0
5.77941e-05
0
0.000222345
0
0
5.29085e-05
0.000332038
0
0.000223462
0.000628164
0
0.000481932
0
0
0
0
0.000748422
0
0.000365518
0.000198245
0
0
0
0.000130019
0
0.000132476
0
0
0
0
6.06812e-05
0
0
7.73487e-06
3.65985e-05
0
9.41374e-05
0
0
7.10758e-06
1.53243e-05
0
0.00025188
1.02949e-05
0
0.000116357
7.79643e-05
0
0
0
0.000528728
0.000265468
0.000104673
0
0.000469562
0
0.000336977
0
0.000465828
0
0
0
0
0.000602804
0
0.000432155
0
0
0.000660082
0
0.000106253
0.00069519
0
0
0
0
0
0
0.000562709
0.0001381
0.000464065
0.000493413
0
0
0
0
0
0
0
0.000174034
5.76785e-05
0
0
7.96839e-06
0
0
3.34588e-06
7.94272e-05
0
0
9.40003e-05
0
0.000393646
0
0.00030817
0
0
9.02738e-05
0
8.8004e-05
0
0.000167558
0.000468797
0.000426076
0
0.000558024
0.000134327
0
0
0
0
0
0
0
0
0.000444699
0.000208907
0
0.000428867
0
0
0
0
0.000573988
0.000155583
0.000208035
0
0
0.000468137
0
0
0
0
0
0.000228248
0
2.90689e-05
0.000588521
0
0
0.000288863
0
0.000142567
9.29486e-05
0.000147127
3.59703e-05
0.000422992
0
0.000305478
0
0
0
0
0
0.000133107
0
0
0.000291877
0
0.000138774
0
0.000104129
0
0
6.7838e-05
0.000217705
0
0.000346209
0
0
0.000117705
0.000122712
0
0
0
0.000477813
0
0.000393341
0
0.000628568
0.000342306
0
0.000468264
0.000285201
0
0
0
0.000797798
0
0
0
0
0.000615213
3.61306e-05
8.19763e-05
0
0.000191075
0.000503383
0
0.000719283
0
0
3.98145e-05
0.000371469
0.000514842
0.000498625
0.000197615
0
0
0
1.34651e-05
0
0
0
4.457e-05
0.000496567
0
0.000166463
3.62323e-05
0
0.000278221
0
0
0.000219397
0.000176698
0.00029324
0
0.000336
0.000189346
0
0.000336314
0.000145469
0
7.63137e-06
0
0
1.11409e-05
0
0
0
0.000246408
6.42404e-05
2.72685e-05
0.00015837
0.00042978
0.000190425
0.000193802
2.91737e-05
0.000441707
0.000384427
0.000375221
9.2063e-05
0.000529693
0.00041091
0
0
0
0
0
0.000541682
0
0.000545897
0
0.000251256
0.000479098
0.000576706
0
0.000706348
0
0
0.000442387
0
0.00052642
0
0
0.000479194
0
0
2.9931e-06
0.000541239
0.000540951
0.000389086
0.00042128
0
0
0.000168653
0.000457919
0.000387041
0
0.000523091
0.000792992
0.000547156
0.000317898
0
0
0.000525103
0.000619854
0.000608432
0.000507617
0.000202181
0.000175929
0.000283869
0.000331383
0
0
0.000273709
0
0
0.000225233
0
0.000170571
0
3.034e-05
0
0.000259741
0
0
0.000422329
0
0
0
0.000233426
0
0.000106236
0.000250749
0.000477095
0
0.000502531
0
0.00065604
0
0.000119681
2.84085e-05
8.94884e-05
0
0
5.16878e-06
0
3.94657e-05
0
0.00011622
0
0.00011034
0
0
0
5.24524e-05
0
0
0
0
6.84412e-05
0
0
0.000240671
7.74077e-05
6.52008e-05
0
9.31931e-05
0.000207051
0
0
0.000254056
0
0
0.000321906
0.000330945
0.000299365
0
0
0
0.000418072
0
9.83886e-05
0
0
0.000361841
0
0
4.165e-07
0
0
0.000131209
0.00020498
0
0
6.4969e-05
4.84633e-05
0
0.000180061
2.97853e-05
6.27635e-05
0
0
0.00015649
8.26418e-05
0
7.78165e-05
0
0
6.56881e-05
0
0
0
7.83504e-05
9.93898e-05
0
0.000158187
0
0
2.00529e-05
0
0.000105645
0
0
0.000318166
0
0
0.000166963
0
0
0
0
0
0
0.000362908
0
0
0
0.000408986
0
0
0.000416511
1.57692e-05
0
3.33e-05
5.72493e-05
0
0
0
2.02073e-05
0.000185038
0
0
0
0
0.000452836
0
0
0
0
0
0.000369568
0.000233323
0.00045529
0.000221849
2.29672e-06
3.00266e-05
3.64207e-05
0.000204403
0
0
0
0.000193239
2.04923e-05
0.000113668
0.000355896
0.000447185
0
0.000604775
3.58999e-05
5.35461e-05
4.11102e-05
0
0.000163267
5.33287e-05
0
0
5.10369e-05
0
0
0
0
0.000142682
0
0
9.92893e-05
0.000365257
0
0
0
0.000208704
3.55383e-05
0
0
0
0.000257466
0
0
0
0
0.000414047
0.000202163
0.000472066
0.000107531
8.84413e-05
0
0.000129963
0.00025138
0
0.000282937
0.000258546
0
0
0
0
0
0.000465605
0.000765037
0.000819268
0.000807079
0.000685304
0
0.000169253
2.82765e-05
5.33476e-05
0
0
0
0.000124647
4.44154e-05
4.00737e-05
0.000446081
0
0.000496561
0
0.000340748
9.06704e-05
0
9.73154e-05
0
0.000239865
3.62709e-05
0
0
5.10065e-05
6.35522e-05
5.16815e-05
0
0.000407749
0.000244758
0
0
0
4.04328e-06
4.52846e-06
3.11897e-05
0
9.2507e-05
0.000294504
0
0
0.000500799
0
0.000200195
0
0
0.000278357
9.4234e-06
2.13268e-05
3.82225e-05
0
0
0.000355943
0
0
4.06518e-05
0
0
0
9.81672e-05
0
0.00014922
0.000140493
0
0.000210873
1.53557e-05
8.22879e-05
1.06743e-05
6.88167e-05
0.000285996
0
0
0.000138023
0.000643418
0
0
0.000508266
0.000528935
0.000355501
0
0
0.000230463
8.62373e-05
0.000483733
0
0
0.000419326
0
0
0.000320283
0.000202673
0
0.000378572
0.000129481
0
0
0.000302825
0
0.000285817
0
0
0
1.25917e-05
0.000178023
0
0
0
0.000110554
0
0.000249471
0
0
0.000621696
0.000472492
0.000177324
0.000145684
0.000257392
1.99668e-05
0
3.18164e-05
0.000336045
0
0.000570938
0
3.18406e-05
4.65496e-05
0
0.000164569
0
0.000446919
0.000643985
0
0
0
0
0.00055628
5.46206e-06
4.05818e-05
0.000244089
0.000188307
0
0
0.000306039
0
0
0.000659703
0.000232985
0.000359503
0.00068158
0.000634272
0.000456784
0
0.000149509
0
1.40978e-05
3.03073e-05
0
0
0
0
0
0
0.000536179
0.000437257
0
0
0.000628305
0.000566138
0
0.000339593
0
0.000179459
0
0.000148009
0.00042892
0.000519144
0
0
0.000438781
0
0
0
0.000190149
0.000223945
0.000132147
3.2014e-05
0
0.000374812
0
0
0
0
0.000521094
0.000400905
0.000541398
0
0.000212501
0
0.000560112
6.84426e-05
0
0
0
0.000391288
0.000365515
0.000118052
0
0
0.000440756
0
0.000576527
0.000564612
0
0.000546962
0
0.000602632
0.000660379
0.000547605
0
2.63766e-05
0.000293812
0.000248554
0
3.10257e-05
0
0.000128541
0.000136799
0.000399053
0.000150272
5.48447e-05
0.000262322
0.000426095
0
0.000326711
0
0
0
9.40569e-05
0.000111365
0
0.000218299
0.000575235
0.000506939
0
0
4.58703e-05
1.28481e-05
0
0
0
0
0
0
0.000163513
0
5.19899e-05
0
0
0.000226633
0.000348394
0
0.000375279
0.000734111
0.000776552
0
0
0.00058827
0
0
0
0.000646976
0
0.000554688
0.000436074
4.09235e-05
0.000527886
0
0
0
0
0.000678497
0
0
5.34325e-05
0
0
0.000363717
0
0
0.000430223
0
0.000324486
0
0.000153787
0.000297741
0
0
0.000160179
0.000213722
0.00010392
0.000199396
0
0
0
0.000214435
0
0
0
0.000454844
0
0.00045349
0
0.00034014
0
0
0.000365457
0.000464278
0
0.00035131
0.00012698
4.00265e-05
2.1051e-05
0.000128022
7.92217e-05
0.000238563
0
0
0
0
9.24726e-05
0
3.99022e-05
8.27423e-06
0
6.34933e-05
0
0
0.000390605
0.000488297
5.26495e-05
0
0
5.58847e-05
0
0
0
0
0.00010924
0
0.000318953
0
0.00024664
0
0.000196821
0
0
0
0
0
0.00030664
0
0.000114558
0
0.000139853
0
0
0
0.000451415
6.54471e-05
0.000252975
0
0
0
0.000174971
0.000551285
0
0
0
0.00064358
0.000410344
0.000458118
0
0
0.000457264
0.000520438
0
0
0.000325035
0.0004449
0.000173256
0.000240411
0
0.00055293
0
0.000733746
0
0.000451679
0.00061657
0
0
0
0
0
3.97268e-05
0
0.00015528
0
0
0.000167714
0.000246174
8.20057e-05
0.000531213
0.000631368
0.000332003
0.000145178
0
0
6.32026e-05
8.63177e-05
0
0
0
0
0
0.000108227
0.000294056
0.000159642
0.00032687
0.000134354
0
0.000128488
0.000176961
0
0.000327866
0.000458654
0
0
0.000214827
0
0
0.000593716
0
0
0.00032728
0
0.00056583
0
0
0
0.000512028
0
0
0.000352011
0.000334606
0
0
0
2.51275e-05
0
6.99527e-05
5.20293e-05
0.000200416
0.000104243
0.000382999
0
0.00048922
0.00028701
0.000216957
0.000591456
0.000243591
0
0
0
0.000269483
0
0.000288898
6.97234e-05
0
0
0
0
1.25979e-05
0
0
0
0
0
0
0.000242377
0
0
0
0.000109111
0.00010884
0
0.000190087
0.000492065
9.25512e-05
0
0.000192059
0.000152765
0
0.000113887
0
0
0
0
0.000277341
0.000384915
0.000229973
0
0
0.000240051
0.000216482
0.00054154
0.000361736
0
0
1.21933e-05
1.6515e-06
0
0.000140628
0.000237677
0
0.00026596
0.00021423
0
0
0.000357558
0.000324473
0.000327811
0.00054805
0.000724036
0.00055965
0.00016024
0
0
0
0.000127862
0
0.000739364
0.000562235
0
0.000621211
0.000408073
0
0
0
4.20297e-05
0
6.41221e-05
0
0
0.000432296
8.06392e-05
0
0
0
7.4181e-05
0
0
3.52657e-05
0.000614908
0
0
0
0
0.000458113
5.41278e-05
4.58829e-05
2.35175e-05
0
0
0
0.000184154
0
0
0
0.000344863
0
0
0
0
0
0
0
0
0
0.000617198
0
0.000422819
0.000176679
0
7.70993e-05
0.000181178
1.6624e-05
6.02257e-06
9.79402e-05
0
0.00011934
1.78865e-05
5.45735e-05
1.23026e-05
4.58871e-05
9.68982e-05
0
0.000328658
0
0.000162483
0
0
0
0
0
0
0.000510365
0
0.000241304
1.69015e-05
2.22478e-06
1.25928e-05
0
0
0
0
0
4.16723e-05
0.000198642
0.000214543
0.000165341
2.2749e-05
0.000224385
0
0.000473476
0
0.000238963
0.000625828
0
0
0.000776186
0.000322238
0
0
0
0
0
0.000280341
0
0
0
0
0.00012529
0
0.000327105
0.000625277
0.00057853
0.000349137
0.000230702
0
0.000234892
0
0.000297792
0
0.000174771
0
0
0
0.000180161
0
0
0.000334465
0
0
0
0.000109952
0.000240156
7.67902e-05
0
0.000123761
0.000305794
0.000469977
0.000360691
0.000474251
1.18407e-05
6.88227e-06
4.45349e-05
0
0.000129756
4.11917e-05
0
0
0.000177791
0
0.000330654
0
0.000146252
0
0
0
0
0.000135278
0
0
0.000268264
0.000243089
0
0
0.000172334
0
0
0
0
0
0
0
0
5.27257e-05
0
0
0
0.000493391
0
0.00029306
1.96342e-05
0
0
0
8.86192e-05
0.000105886
0
3.95667e-05
0.000692655
0.000669027
0
0
0
0
0.000732547
0.000426283
0.000168615
0.000510919
0.000121532
0
0
0
0
0.0003301
0
0
0.000404178
0
0.000535102
0.000575035
0
0
0.000695376
0.000687897
3.01395e-05
3.27575e-05
0
0
0
0.000332124
0
0
0.000104295
0
0.000425565
2.0472e-05
0
0
0
0
0
0.000190119
0
0.000133102
0
0
0.000142053
0.000240485
2.77371e-05
0
9.31506e-05
4.44801e-05
1.27549e-05
0.00012974
0.000110029
0.000567846
0
0
0.000854862
0.000764271
0
0.000309451
0
0
0
0
0
0
0
9.88315e-05
0.0002138
0
0
0
0
0
4.61578e-05
0
0
0
2.28027e-05
0.000100869
0
7.25198e-05
0
8.7032e-05
0
8.64374e-05
0
0
4.231e-05
0.000379339
0
0
0.000384446
0.000213743
0
0.000396732
0.000661615
0.000485973
0
0.000534421
0
0
0
0.000316984
0
0.000609993
0.000149169
0
0.000411002
0
0.000330737
0.000325152
0
0
0.000232129
2.19077e-05
0.00029249
0.000350088
0.000214035
0.000204679
0.000139256
0
0
0.000290015
9.67397e-05
5.11856e-05
5.97417e-05
0.00023517
8.32772e-05
0.000799243
0.000801323
0
0.000512503
0.000195367
1.0747e-05
1.00363e-06
0.000276002
0
0.000146987
0
0
0
0
0.000132975
0
0
0
0
0.000132419
0.000440439
0.000144533
0
0
0
0
0
0
0
0.000108319
0
0
0.00062071
0.000505405
0.000396189
0
0.000451767
0.000662207
0.000509395
0
0
0.000295
0
0
0
0
0
0
0
0
0
0
0
0
0.000483518
0
0.000178383
0.000171644
0
0.000586681
0
0
0
1.26626e-05
0
0
0.000174978
0.000219871
0
0.000596261
0
0.000183297
0
0
0.000290147
0
0
0.000274134
0.00051092
0
0
0
0
0
0.000632526
0
0.000736278
0
0.000371994
0
0
0.000132779
0.00025174
9.76993e-05
0
0
0
0
0.000126797
0.00050596
0
0
0
0.000322934
0
0
0
0.000683296
0.000564102
0.000543859
0.000752217
0
0
0
0.000299828
0.000458212
0
0.000405977
0
0.000455502
0
0.000217824
0
2.2374e-05
0
0
0
4.27657e-05
0.000786434
0
0.00051705
0
0.000535177
0.000565695
0
0.000660091
0
0
0
0.00030471
0.000524435
0
0
0
0
0
0
0
