0.000213151
0
0
0.000208184
0
0
0.00076307
0.000232069
0.000377177
0.000795148
0.000929841
0.000126032
0
0.000511588
2.5889e-06
0.000122875
0.000330947
6.20633e-07
0
5.53798e-05
0.000488969
1.05436e-07
0
0
3.57109e-10
0.00104691
0.000252178
0
0.0002229
6.809e-09
0
0
0.000422442
8.61314e-07
5.64683e-05
0.000351197
2.41033e-06
8.31054e-05
0
0
0
0
6.09106e-05
0.000424124
0.000595839
0.000220786
0.000426755
6.38006e-05
0.000259976
0
0
0.000840272
1.83725e-05
2.82691e-05
9.32083e-08
0.000466765
0.000316256
0
0.000101557
0
7.75956e-06
0
0
0
0
7.82231e-06
5.78341e-05
0.000957549
0.000187355
6.85759e-06
0.000634385
9.37152e-10
0
0.000376735
0
0.00013006
0.000143547
0
0
0.000176698
0
0
0
8.75111e-09
0.000474271
3.99149e-09
0.000652041
0.000368975
0.00109397
0
0.000227388
0.000607022
5.84916e-05
0
0
2.75875e-05
0
0
0.000947296
0.000111396
0
0.000323615
0.000448364
0
1.45887e-05
0
0
0.000142774
1.47833e-05
0
0
8.34102e-08
0.00106764
0.000833805
0
0.000449421
0.00106648
0
0
0.000366965
0.000186625
0.00111107
0.000632647
0.000465411
0.00106
0.000483543
0.000848747
0.000209551
0.000519765
0
0.000214548
0.000266132
0
0
0.000182534
0.000188682
0.000540041
8.34305e-08
0.000887127
0
0
0.000702243
4.1692e-10
0.00062306
0.000975813
0.00112267
0.000171846
0.000375866
3.16908e-05
0.000755473
1.12404e-05
0.00040435
0.000132987
7.34263e-08
0
0.000488505
0.000193811
0.000627966
0.000711035
0
1.44026e-07
8.07459e-07
0.000200484
1.65113e-06
0.000617717
4.9509e-08
2.38607e-05
4.72931e-07
0
0.000964606
0
7.33512e-10
3.42795e-08
0.000630084
0.000636288
6.34425e-05
0.000313608
0
0
0.000104987
0
0.000426615
0.000496118
0
0.000376179
4.12989e-06
0
0.000235909
2.22798e-09
0
0.000490666
0
0.000447896
0
4.64824e-08
0
3.02414e-05
0.000157836
0
0.0008152
3.46859e-08
0
0.000669535
0
9.1868e-05
0.00066718
4.25061e-07
0.000824302
0.000166985
1.63495e-05
1.32744e-07
9.12045e-08
0.0002083
0.00129436
8.29367e-06
0.0009322
0
0
1.78847e-05
0.00115218
5.5456e-06
2.58142e-08
0
0.000625133
0
3.59067e-07
7.10428e-09
1.64052e-07
0
1.51578e-07
0
8.21787e-07
0.000700269
0.000846584
0
0.000571196
7.43099e-06
0.00036345
3.9514e-05
0.000224677
0.000134018
0.000104533
0.00123718
5.72664e-10
4.37957e-05
0.000671075
6.12221e-05
0
0.000954155
0
2.36601e-05
1.52848e-09
0
0
1.97074e-08
0
0
0.000670887
0.000886943
9.13392e-08
0.000777496
0
4.23712e-07
0.000198073
0.000278162
0.000524606
0
0.000651248
0.000402411
0.00064224
0.000213926
0
0
0.000451258
0
0.000867272
5.07883e-08
0.00115313
0.0011196
7.64674e-06
0
0.00067173
0
3.94724e-05
0.000117587
0
0.000234223
1.16134e-05
0
0.000587773
0.000888673
2.60867e-05
9.06311e-05
0.000367602
0
0.00063968
0
0
0
0.000805
0
0
0.000355626
4.16192e-10
0.000885136
0.000729554
0
1.79389e-05
0.000213298
0.000948733
0.00010473
0
0.000108841
5.33456e-05
0
0
0.000380399
0.000690584
0.000842077
6.10932e-05
8.24699e-05
0.000455229
0
0.000184432
0
1.08503e-09
0
0
1.84444e-09
0
3.47086e-08
6.15886e-06
2.08862e-08
0
6.56186e-06
0
0.00025238
0.000357993
1.12843e-05
0
0.0006603
0
1.67614e-08
0.000688362
0.000673707
0.000436282
0.000793476
0
0.00092717
0.000801036
1.14817e-07
2.33355e-07
0.000600843
3.52948e-09
8.18146e-06
0
0.00104669
0.00102015
0.000412989
0.000139936
0.000845985
1.20577e-05
0.000630017
0
0
1.67387e-05
0.00087899
0.000231125
0.000124993
1.32997e-05
9.37437e-07
0
4.02758e-05
0
0.000760906
7.41546e-08
0.00103781
0.000107459
1.26897e-07
0.00114238
5.83331e-06
0
1.44822e-09
0.000141465
0.000508109
0
0.000303644
0.000149176
0.000193201
0.000208905
5.7731e-08
1.75381e-09
1.96728e-07
0
0.000626031
9.10985e-05
9.22263e-08
1.49114e-05
2.76683e-05
0.000326208
5.89482e-05
0.000275668
0
0
0
7.41761e-06
6.69295e-10
0.000553996
0
0
0.000864012
0
0.000181443
0.000299645
0
0.000358047
0.000175645
0.000572392
1.19194e-05
0.000335541
0.000200675
3.83726e-06
0.000929739
0.000744109
0
0.000103435
0.000828415
0.000225795
3.25577e-09
4.80304e-09
2.998e-07
0
1.27816e-08
0.000275029
0
0.000526125
1.28261e-08
0.000935696
0
0.000780832
0.000492444
8.68908e-07
0.00111302
0.000610117
0
5.3887e-06
0
5.50403e-05
2.08373e-06
0
4.54209e-05
0.000657004
0.000465268
1.84145e-05
0.000992156
0.000838562
0.000171956
0.000778204
0.000242825
0
1.58499e-08
1.77248e-06
0.000681929
0
8.61103e-08
6.02798e-05
1.53155e-05
0.000182497
0
0
9.99253e-07
5.64921e-06
2.13636e-08
0
0
0.000247488
0.000258446
0.000119307
0
0.000154268
0.000148108
0
0
3.80414e-05
0.00106491
0.000224826
1.5821e-05
0.00101442
0.000735773
0.000173324
4.44027e-08
0.00103718
0.000103785
2.32308e-06
0.000792706
0.00014187
0
8.48651e-05
0
0
0.00103238
0.000174352
2.10464e-05
0.000591846
0.000340778
0
0.000239957
0
0.000275976
0.00029198
0.000257456
9.81949e-05
1.25718e-09
1.755e-10
0.000912787
0.000112287
0.000255784
0
0.00111904
1.1406e-08
0
7.31444e-08
0
0.000317071
1.08319e-05
0
0.000473421
0
1.08344e-08
0.000108091
0
0.000166712
3.77824e-05
0.000282151
0.000490989
0
0
0.00106343
0.00109193
0.000116813
0.00120712
0
0.00101749
0.000850784
6.37294e-05
0
0.000210334
0
0
0
6.03148e-09
0.000821621
2.13732e-07
0.000421401
0
3.91709e-05
0.000379351
0.000581622
0.00132806
0.000697966
0.000287746
0.00068074
0.000585127
7.44569e-09
0.00110013
0.000190039
0.000793035
0
0
0
0.000829872
0.000494405
0
3.78608e-09
1.49336e-07
0.000573602
0
0.000361338
1.16734e-07
0
3.05985e-07
3.87268e-05
0.000414056
0.000508421
0.000321095
0.000371726
7.82709e-09
0.000465088
7.434e-07
0.000460819
0
5.14811e-09
3.1617e-07
0
6.29634e-07
0.00029737
0.000196481
4.41178e-05
0.000237684
0.000622813
0
0.000688895
0.000306772
0
7.83013e-09
2.9708e-08
0.000724098
0.000327708
0.00023323
0
0.000158501
1.02029e-09
0
0.000261129
8.05943e-06
0.00041001
1.06553e-05
0.000602685
0
0.000626731
2.05559e-05
4.8537e-05
1.79946e-06
5.74247e-08
0.000124084
1.95376e-07
0.000106782
0
0.000899534
0.000124369
0.000548351
0.00101663
1.99415e-08
0.00099725
0
0
0.000180923
0.000115098
1.14681e-06
2.20136e-07
0.000206667
0.000998173
0
0.000432936
8.56705e-05
0
0
6.36007e-05
1.69585e-07
0
0.000390908
0.00108293
1.53573e-06
5.6075e-09
0
0
0.000245514
0.000244633
0
3.55087e-07
0.000325141
0
0.00055202
0
0.000520821
0.00041918
0.000845955
0
6.9148e-07
5.5289e-07
0.00104507
0
8.20511e-08
0
0
0
0.00063135
4.78855e-06
0
0.000145139
0.000837344
0.000305057
0.000218445
0.000170579
3.1268e-08
4.65222e-05
0
0
0.000288642
1.11639e-09
0.000259207
0
0
0.000257536
0
0.00047318
6.98106e-06
0.00014246
0.00024677
0.000905133
0.000843096
0.000189255
0
0
0.000418832
0.000410147
0.00124725
9.84056e-06
0.000354164
0.00060871
0.000513239
8.94324e-05
2.70312e-05
0
0
0
0.000242
0.000613175
2.25116e-10
0.000531995
0.00072869
0.000599064
0
0
0
0
1.74953e-06
0
0.000235439
6.20738e-06
0.000402454
3.31733e-07
7.13711e-06
0
0
0.000223194
0.000221416
0.000110634
3.26836e-05
6.54855e-08
3.61515e-06
1.29272e-05
2.61302e-10
1.92861e-09
0.000338864
0.001036
1.26648e-05
4.57105e-10
0
1.97377e-08
8.14399e-05
7.95944e-05
0.000306778
0.000168433
0
0
0
1.60291e-05
0.000242703
0
0
0
8.22032e-05
0.000729588
0.000170299
9.7594e-09
0.000215442
0.000116896
0
0
0.000287064
0.000185693
0
1.88373e-08
0
0.000120554
0
0
0.000144431
2.37977e-05
2.26475e-08
0.000229596
0.000102171
0
0.000325217
8.30281e-09
0.0005723
9.32344e-09
0.000232976
0.000960223
4.01716e-07
0.000161079
9.39922e-09
0.000403206
3.28445e-07
0.00109553
1.63957e-05
8.95608e-05
0.000838804
0
5.18325e-05
0.000470371
0.00034129
0
0
0.000345728
0
4.18762e-08
0
0.00035927
0.000201804
0.000311104
0.000669823
0
0
0.000553101
3.44541e-06
5.43205e-07
0.000518592
0.000718904
0
0
0
0.000205782
6.76854e-05
0.000202102
0
7.36519e-07
0
0.000144575
0
0
0
0
0
2.64012e-05
0.000550069
0.00108322
0.000200682
1.65575e-05
0
0.00104225
6.43885e-06
5.92171e-07
0.000924656
2.25416e-07
2.04345e-07
0.000191597
0.00112106
0.000603553
0.000332697
0.000631163
1.69296e-06
0.00065223
0.000182748
0.000427247
0
0.00125212
0.000331382
4.28572e-07
0.000454308
0.00086416
0.000234491
2.6751e-08
0
0.00026773
1.59804e-09
0.00101394
0
0
1.03315e-08
0
0.000489918
0
0
0.000694189
3.82784e-05
6.06462e-08
3.25504e-10
3.16193e-05
0.000157574
4.26784e-05
0.000277264
0.000302311
0
0.000173396
7.72919e-05
0
0.000694296
6.83538e-11
3.54814e-09
0.00125569
3.65567e-09
4.61693e-06
0
0
0.0010413
4.26431e-05
0.000215934
0.000283138
0.000468107
0
0.000520987
1.289e-05
0.000978949
0.000394642
0.0002057
0.000665716
1.81525e-08
0.000472692
0.000222648
0
0
0
0
0.000717929
5.1447e-07
3.83556e-09
3.96804e-06
0
0.00088426
0.000446765
0.000118919
0.000524894
0.0010244
2.8443e-10
0
0.000585285
0.00106714
4.65295e-07
8.27419e-05
2.62963e-05
4.99149e-05
4.98319e-05
0
0.000580282
1.86443e-06
0
0
8.43513e-10
0.000440451
7.89484e-07
0
2.06027e-08
0
7.54124e-05
0
1.77982e-06
0
0
0
5.93306e-09
0.000944189
0.000676137
0.000162735
8.7267e-08
4.30538e-05
3.87145e-05
1.28966e-09
0.000467278
4.67504e-09
0.00059745
0.000299711
8.08839e-06
0.000442631
0
0.000705455
0
0.000252087
0
0
0.000726598
0
0.000302042
2.18327e-07
9.68142e-06
0.00041401
0.000137076
0
1.61607e-07
0.000292542
0.000491415
7.67602e-05
0
0
0
3.01389e-05
0.000783986
1.3621e-05
3.63459e-05
0
0
0
0.000794421
0
0.000778755
0
0.000585058
2.94802e-06
0
0.000972155
0.000212881
0.000157982
0.00097455
2.28501e-06
1.12556e-05
0.000338205
0.00118299
0
0.000235618
0.000463017
0.000157691
8.1698e-09
3.70015e-05
0.00103969
8.01561e-06
0.000513633
0.000865684
4.39615e-05
0.00109494
0.00024521
1.12587e-08
0.000537513
3.89488e-08
0.000243661
3.54629e-08
9.58275e-06
0.000111718
5.47703e-08
0.000324686
0.000553794
0.000648214
0.000397516
0.00100649
0
1.1094e-06
5.12374e-05
0.000231595
0.000250134
0.000556056
2.91911e-05
0
0
7.01007e-10
0.00085499
1.45514e-08
0.00112897
0
0
3.38588e-08
0.000244916
0.000562545
0.000563687
7.90966e-09
0
0.000925263
0.000524523
3.2019e-06
0.0012983
0
0
0
0
0.000275758
0.000891846
8.67133e-10
8.95996e-05
0
0
0.000698533
0.00024097
0.000148048
0.000407071
0.000478238
0
0.000665992
0
0
6.50491e-06
0.000763324
0.00050926
0
0.00101691
0.000168387
0
0.000110874
0.000891847
0
0
0.000879081
0.00021173
6.99003e-06
0
0.000599402
0.000102699
0.000377775
4.28156e-05
0.00013396
9.83553e-06
0.000146559
0
0
0
0
4.63774e-05
0.000141661
0
0
0.000531791
0
0.000397455
0.00126888
0
0
1.71067e-05
0
0
0
0.00022731
1.3824e-07
0
0.000992017
0
8.46053e-06
8.35107e-05
6.52776e-05
4.60297e-06
0.000210013
0
3.83085e-08
0.000620366
0.000436356
0.000618483
0
0.00106868
0.000467992
5.37728e-05
4.80518e-06
0
0.000179823
1.95379e-08
0.00030285
6.73438e-08
3.46468e-08
0.00089548
0
0.000199909
0
0.000497902
6.44781e-06
0.000813999
0.000414954
3.2347e-08
0.000438167
0.000208238
4.66839e-05
0
0
6.84862e-09
2.93888e-05
0.000290019
0.000576986
1.59691e-08
2.31454e-05
1.05347e-07
0.00115193
0.000405211
0
0.000125939
0
0.000691178
0
0.000102694
0
0.000153931
3.91433e-08
1.543e-06
2.11766e-05
5.95663e-07
0.00121376
0
0
4.39873e-05
3.62244e-06
9.61252e-05
0.000170814
0
0.000267774
2.21687e-08
0.0001803
7.00119e-05
0
3.28226e-07
8.72044e-05
0
1.21154e-05
0.000240263
9.65179e-05
0.000107173
0
0.000999356
0.000551484
0.000246252
0
5.48399e-07
0.000772357
0.000454918
0.000666375
0
0.000179817
1.55242e-06
0
0
6.80129e-08
0.00102334
0.000384955
0.000303669
2.19863e-06
0.000317504
0.000240135
0.000545824
0.000713616
0.00055103
7.62255e-08
0.000670016
7.55807e-05
1.88545e-08
0
1.57025e-06
0
0
3.62559e-08
5.98543e-06
0.000101739
8.73805e-08
0
2.76035e-09
2.01983e-05
7.81028e-10
0
0.000611444
4.08874e-08
2.38277e-05
0
0.000433111
0.000269819
0.000968489
3.13408e-05
0.000349714
0.000229628
0
0
0
0.00013104
0.000561367
4.29525e-05
0
0
0
0
0
0.000517435
0.000349159
0
2.12788e-07
0.000134424
0
0.00072426
7.83153e-05
1.34175e-06
0.000527439
0
0.000112093
0.00117771
0.000558182
2.3501e-09
0.000746669
0
0.00068454
3.29357e-05
1.74842e-08
0.000333402
6.28112e-05
1.23489e-07
0.000105469
0.000391587
0.000711191
1.68803e-08
0
8.79326e-05
2.07957e-06
0.000344069
0.000828211
0.000873688
3.31124e-07
0
3.43856e-05
0
0.000326219
0.000697752
0.000836248
0.000747191
0
0.000114059
2.25029e-08
0.000323099
1.60964e-06
8.33329e-10
0.000991199
0.00018418
0.000292708
0.000227787
0
0
0.000315814
0
0.000606057
0.000209459
0.000595832
0.000524446
7.93862e-05
0.000227854
0
0
0.000150378
9.831e-07
0.000550272
0
0.000949623
0.00116878
2.24439e-08
6.07592e-05
0.000343773
0.000142361
0.000214096
4.24247e-09
0
0
4.97392e-07
1.02913e-05
0
0
0
0.000190373
0.000248515
0.000174225
0.000205789
0
0
0.00048723
0.000140352
0.00066806
0.000219424
0.00024194
2.25909e-09
0.000645453
0.00012525
0.00110311
4.93125e-05
3.75344e-05
0.000786482
0.000929759
0.00130719
0.000587505
0.000863284
0
1.44228e-09
0.000167071
0.00049848
5.59848e-05
1.68948e-07
0.000347674
0.00066268
0.000724674
0.000285474
1.15478e-07
0
0.000377715
0
0.000162548
9.25451e-05
7.18388e-10
8.22069e-05
0.000587175
3.61218e-05
0.000240816
1.46332e-05
0.000140297
0.000594873
0.000422308
0.000154617
0
0.000551407
0
0
0
0
0
0.00053811
0
0
0.000580878
0.000262789
9.76831e-05
0
0
0
6.55636e-05
0
0
6.79884e-07
0.000890859
0.000147012
0.000540626
0
0.000543391
8.49697e-05
1.18955e-05
0.000541363
4.56183e-05
5.25457e-05
0.000496109
0.000329155
5.06737e-05
1.99017e-06
0.000582624
0.000528351
0
0.00068243
2.78154e-05
0.000492834
0.00089762
1.44137e-06
0.000661122
0.00090571
0.00112301
2.43508e-09
1.00876e-05
1.19823e-07
1.25788e-06
0
0
0.000770109
0
0
0
0.00106428
0.000124422
0.00034093
3.95414e-09
0
1.73833e-06
0.000609387
0
0.000232398
0.000516064
4.01593e-06
0
0
2.7649e-05
0.00027379
0.00126333
0.000148146
0
1.92637e-07
0.000976858
0
0
0.000337635
3.60488e-06
0
3.53972e-05
8.81163e-05
0
0.000938299
0
0
0.00023175
2.01503e-08
0.000152473
0
0
0.000704673
0
0
2.01399e-09
0.000123907
2.60076e-07
0.00109241
0
0
5.7306e-05
7.13619e-07
0.000953041
0.000937243
0.000980669
0
0.000254985
2.25553e-05
1.30602e-05
0.000274427
0.000383792
2.24005e-08
0
4.18757e-05
0
0.000169446
0.000110227
0.000842983
0.000689724
0
4.17016e-08
0
0
0.000410977
0
0.000613873
0.000451617
0.000266571
0
0
0.000874008
0.000121918
0
0.000253445
0.000465614
8.27622e-06
0
0
9.43324e-06
0.00119462
0
0
3.22436e-05
0.00049419
0.000264307
0
0.000178716
3.85992e-05
0
5.14844e-07
0
4.05261e-05
0
6.97749e-05
0.000175515
8.24095e-08
6.37092e-05
0.00107662
0.00082647
0.000423251
0
5.67362e-07
3.82101e-05
0.000355105
0
0.000923053
0.000629712
0.000209676
0.000109139
0
0.0005881
9.08305e-06
0
8.76171e-07
0.000369056
0.00034652
0
8.57461e-05
0.000596676
1.28573e-09
8.59348e-05
0.000205344
0
0
0
0
0.000601137
0.000171452
0
0
9.69164e-05
6.76583e-06
0.000193961
1.30051e-09
0.00118071
2.70782e-08
0.000607233
0
5.35528e-09
0
0.000180621
6.98762e-09
0.000438875
0
0
0.000339054
4.58458e-05
1.03873e-10
0
0.000697379
0
1.4898e-05
3.86647e-06
0.000110364
0.000252017
4.46691e-07
0.000142939
0
9.85011e-08
0.000725121
0.000646466
0
0.000322131
0
0.000644513
0.000323047
0.000614463
0
0.000502013
0.000248343
0
0.000628922
0
0.000713667
0.000164369
0.000734696
0.000115701
1.06074e-05
0.000961639
0
0.00099989
0.000264485
0.00101943
0
0.000861746
2.59684e-05
0
0.000123986
3.42618e-05
0.000692154
0
1.72924e-07
0.00053667
0.000904298
0.000463068
0.000657645
0
0
0
0.000212587
0.000669087
0.00102759
0
0
4.31221e-05
0.000119131
0.000147672
0
6.39076e-05
0.000477421
0
0.000925714
0
4.30679e-06
0
0.000881589
0.000763415
0
0.000516253
0
0.000556065
0.000887759
0.000317422
5.10827e-06
1.89962e-05
0.000153011
0
8.41e-08
0.000747537
3.04735e-06
9.76079e-06
0.000579005
0.000419333
1.77598e-05
0.000386387
6.14466e-05
0.000292659
0.000259473
0.000433358
0.000353251
0
0
0
0.00067643
0
0
0
3.46779e-07
8.91243e-05
2.26214e-07
0.000281821
0.000694197
0
4.35242e-06
0
0
8.37214e-05
0.000537567
0
0.000977147
2.45867e-05
0.00051093
0.000394497
0
0.000129234
0.000141903
0
3.67907e-06
1.99948e-08
0
0
0.00117722
0.000316612
0.000493206
0
0
4.79449e-07
3.85779e-10
0
0.000434205
0.000689905
0.000308642
2.41626e-06
0.00099689
1.32544e-06
3.95215e-07
4.69277e-06
2.557e-10
6.54156e-06
0
0.000356607
0.000236731
0
0.000590477
0.000202806
0
0
3.6866e-08
2.77925e-07
0
0.000632405
0.00102633
0
0
0.001085
0
5.11853e-07
0
0.000759256
0.000434896
0
0
0
0
0
9.68792e-05
0
0.000997955
0
0
2.49046e-05
3.55339e-09
0.000566776
0.00016653
2.41642e-06
0.000258698
0
0.000512436
0
3.86938e-05
0.000601175
5.97246e-05
0.0006406
0
0.00071993
0
0.000629955
1.7992e-06
0.00130504
0.00120222
0
3.63165e-08
3.57951e-07
0
0
0.00077752
0
0.000229754
4.61996e-10
0.000760941
1.68579e-05
0.000193299
0
0.000437578
0
0
8.43014e-05
0
0
0.000522368
0
0.000145561
1.09331e-05
0
0.000365651
5.32106e-09
0
0.000915771
0.00061006
2.02503e-08
0
0
0.000681572
5.81555e-07
5.05284e-08
2.68193e-05
0
4.90845e-05
2.77874e-09
0.00085276
0.000949966
0.00058297
0
0.000665425
0.000125664
0.000199523
2.03194e-05
0
4.24347e-09
0.000795477
0
0
0.000151046
0.000230919
0
0
0.000817024
0.00062482
6.1437e-05
0.000286554
0
0.000790948
0.000766912
0.000316438
0.0004705
0
0.000251291
0.000703405
0
0.000868752
1.88394e-05
0
0.000485688
0
0
1.95505e-09
0
0
0
0.000351198
0
7.83184e-05
1.43175e-09
0
0.000520874
0.000322087
0.00107222
0.000987125
0.000943387
0.000165687
0.000731228
0.000425121
0.000118206
8.23568e-09
2.18857e-07
0
0.000712038
0.000385602
0
8.29733e-05
0
0.000144903
0.000113056
0
0.000816525
0.00124648
0.000810057
0
2.13339e-07
0
0.000129969
0.000239773
6.31548e-11
6.50583e-06
0.000242735
0.000261224
0.000163355
0.000696427
4.82662e-07
0.000642739
0.000497844
0
0
0
0
4.02767e-05
0.0011353
0
0.000151539
0.000393858
0
0
0.000593996
7.61963e-05
0.000217527
0
1.07231e-06
0.000304593
6.96318e-06
0.000213135
0.00061547
0.000126552
0
0.000248528
0.000642282
3.42841e-05
2.27716e-08
0
6.94162e-06
0
9.63937e-09
0
0
0.00027751
1.37785e-06
0.000610287
0
0
1.60094e-05
0.000386705
3.93011e-10
0
0.00108349
0.000148545
0.000402133
0.000101277
3.59069e-05
0
0
0.00105301
0
5.77312e-08
1.47012e-06
0
1.85111e-08
3.58818e-06
8.51399e-05
3.83323e-06
0.00113215
0
1.40701e-08
0
0.000451972
0
1.04517e-08
0
4.29776e-10
8.48864e-08
0
0
0.000179505
0
0.00107594
0.000372953
0
0.000753358
0.000134561
0
0
0.00081217
0.000759281
0
0.00032887
0
6.37001e-06
2.02147e-06
0.000377453
0
0
0.00118382
0.000710089
0.000113946
9.9421e-06
1.42905e-09
0.000470064
0.000176513
0
0.00104084
0
0
0
2.9779e-06
0
0
4.62946e-06
0.000244215
4.52939e-05
0
1.30109e-08
5.00581e-09
0.000150576
0.000801945
0.000354475
2.17897e-08
0.000298033
0.000774515
0
0.000366737
6.44198e-10
8.67945e-05
0.000721021
0.000564925
0
0.000416966
0.000715305
0.000156007
0.000350024
0.000596494
0.000164208
0.000871704
3.27905e-05
2.9532e-07
0.000408986
0.000715763
0
0.000642168
0
0.000387656
0.000415555
0.000868202
0
0.000482737
0
2.03636e-07
2.71887e-07
0
0.000155044
0.000474359
4.35149e-05
0.000326695
4.25318e-05
6.49854e-05
8.75644e-05
9.5975e-10
0.000227644
0.000618538
4.16484e-08
1.0524e-05
0.000250004
2.18659e-06
4.76911e-06
0
0
0.00118636
0.00014359
0.000488664
6.72092e-05
7.25097e-05
0.000803974
2.53688e-09
0.000107072
1.01394e-07
0.000348866
0
0
6.97601e-08
0.000175323
0.000125349
0
0
0.000504682
5.38454e-05
0.000261564
0.000166283
0
0.00131923
3.36379e-05
0
0.000113902
0.000658251
0
0.000285044
0
5.88989e-09
0.000839066
0
0
1.32102e-05
0
0.000673557
0.000212111
0
0.000153515
0.000340623
0.000134432
0
0.00116644
0.000557897
0.000362875
0
0.00029458
0.000885709
0
0
0.000446359
0
2.86804e-06
0
0
1.22318e-07
3.76923e-09
0
0.000461366
1.42661e-05
7.35184e-05
0.00105065
0.000351521
0
1.74518e-05
0
0
0.000646912
0.000484521
0
0.000205091
2.34179e-07
0.000272243
0.000119954
2.09279e-05
0
0
0.00098641
3.52741e-06
0.000127156
0
8.10731e-09
0.000406386
9.15116e-10
0.000753942
0.00100503
9.01733e-06
0
0
0
0.000409275
0
0.0009059
0
0.000222634
0.000110941
0.000386167
5.00793e-08
0.000258394
0.000387474
2.69968e-06
4.57864e-08
1.13056e-08
0.000150961
8.07193e-06
0
0.000246469
5.3871e-10
0.000424643
0
0
0
0.000382492
4.44265e-09
6.92999e-07
0.000233508
0.000142848
0
0.00031676
0
0
0.00120706
0
2.90225e-05
7.3996e-05
0
0.000455671
8.91664e-05
9.05825e-06
0.000370821
0
0
0.000545813
0.000563915
0.000798451
1.16137e-10
0.000613939
0.000401113
0.000582676
3.17251e-08
0.00011077
0.000554223
0
0.000118927
0.000275032
0.000595628
0.000361522
2.56344e-05
0
0.000198599
0.00061645
0.000422462
0.000619787
0.000732617
0.00101201
7.75357e-10
0
0.000322883
0
0
0.000540987
4.83373e-06
0
0.000429368
0.000667866
0
0
0.00089791
0
0.000575115
0
0
0
7.69887e-05
0
0
0
0
0
0.000574975
0
0.000783778
0.000459543
5.2466e-05
3.24508e-05
0.000496628
0
9.74973e-05
0.000128116
0.000506554
0.000476924
0.000192438
2.27426e-06
0.000284761
0
0
0.000351826
0.00100543
0.0010384
2.14931e-09
2.0426e-08
0.000972428
0
0.000309844
7.07605e-05
0
0.000138094
2.73951e-05
0
4.24237e-05
0.00114239
1.33619e-07
0.000386479
0
0.00081147
3.03687e-07
0.00100323
0
0.000789619
0
0.000944962
1.44215e-08
0
5.2127e-05
0.00037955
3.96146e-06
0.000997426
0
0.000253734
0
0.000115281
1.8379e-06
0.000490305
0.000520026
0.000735122
0.000120502
0
0
0.000275976
0
0
9.19753e-05
0
1.59348e-06
0
1.71454e-09
0
0.000812945
1.18544e-06
0
0.000371569
0.000897337
0
0.000506964
0
0.00069939
7.57761e-05
8.21923e-07
7.67061e-05
5.65177e-08
0.000750132
0.000548654
0
0.000287483
3.92979e-10
0
0.000448956
0.000415031
1.61712e-05
0
0.000148004
0.000621367
0
0
0.000544781
0.000287397
0
9.38805e-05
0
0
0.000112428
3.1946e-09
0.000414476
0.000235934
0
0.000470222
0.000154253
0.000804678
0
0
0.00126952
0
3.19012e-06
0.000300419
0
0
6.66685e-05
0.000779819
0.000295757
0.000289554
0
0
0.000497017
0.000600683
1.73769e-06
1.46436e-05
0.000120579
1.85177e-08
0.000987584
0.000530731
0.000459516
4.7248e-06
0.00084398
1.18152e-05
0
0.000230362
0.000949761
0.000203834
5.87284e-07
1.19221e-07
0
0
4.99883e-05
0.000474011
0
0.000190794
2.50628e-06
0.000333605
1.51264e-07
4.94054e-06
0.000179295
0
0
0.000174998
0.00071323
0
0.000397924
0
1.53199e-05
0.000205943
0
7.62578e-05
0.000755968
0
2.9358e-05
0.000132983
0.000837631
0
7.69715e-05
0.000409376
1.3049e-09
0.000248908
0.000141846
0.000782336
0
0.000698188
0
0.000745705
0
8.66236e-10
0
0
0.000270592
0.000928043
0
0
0.000720796
6.73682e-05
0.000892008
0.000759128
0.000840011
2.4454e-06
0
0.00119385
5.32802e-05
0
0
0.000665488
2.3656e-05
0.000132653
9.01224e-07
0.000325594
0.000113167
0
0.000457547
0.000923427
6.77518e-08
0
3.74977e-07
1.38077e-07
3.46837e-05
5.08211e-07
0.000125894
0
0.000306305
0.000171927
8.96115e-07
0
4.67823e-07
0.000532491
0
0
0
0
0.000365693
0.000253164
3.36959e-08
0.000505043
0
3.69366e-06
0.000262611
0
6.46502e-05
3.07905e-05
3.10407e-08
2.02941e-09
0.000138373
0
0.000836634
0.000925254
1.26753e-05
0.000412325
0.000376026
3.4353e-06
0.00067953
0
7.00634e-08
0.000597903
0.000479859
0.000794056
0.000402201
0
1.88808e-06
0.000629746
0.000393778
0.000470418
0
0.000531543
0.000223758
0
0.00060274
2.61262e-05
3.05061e-06
0.000719098
8.933e-05
1.3158e-08
0
0.000132665
5.1785e-06
0.000973644
4.50179e-05
0
0
0.00122434
3.90861e-05
0
3.69256e-05
0.000689796
0.000375923
3.43774e-08
0
0
0.000165274
0.00044158
1.27851e-06
0
0.000647135
4.65309e-07
0
5.15032e-05
0
0.000203096
0.000159555
1.37758e-08
0
1.19271e-08
1.93953e-05
0.000187243
0
6.26818e-10
0.000967047
0
0
1.18699e-06
0.000522159
5.01616e-10
0.000832584
0.000768245
0
0.00118195
0.000154036
2.12135e-05
6.18162e-06
0.000588959
0
0.000445927
0
9.25655e-08
0
3.00814e-07
0
7.58408e-09
0.00080263
0.00111581
0.000313548
7.51511e-08
3.59298e-08
0
2.95016e-05
0
0.000467239
6.90914e-05
0
4.38909e-09
4.95691e-08
1.88867e-09
0.00069136
0.000145388
0.000235046
8.19788e-05
0.000766675
7.15636e-06
2.4444e-05
9.17608e-05
3.75095e-05
8.37126e-05
8.04468e-05
0
0.000249087
2.19974e-09
0.000854197
0
6.33553e-06
0.000503183
0.000214308
0.00010976
0.00037036
0.000788946
5.93394e-07
0.000303855
6.12651e-08
0.000634648
4.66821e-08
0.000371048
0
0.000807953
6.52198e-09
0.000179232
0.000169547
0
0
0.000172643
0
0
8.27377e-05
0
2.3581e-07
3.26033e-09
0.000154602
0
0.000698422
0
0
0.00107763
0
0.000220549
0.000937916
0.000725678
0.000313597
0.00029762
0
0.000159175
0.000708484
0
0.000953097
1.93929e-05
0.00081949
0
0
0.000383304
0.000572756
1.10986e-05
0.000607288
2.23914e-07
0.000311582
0
6.34588e-05
0
2.64419e-05
0.000269236
5.9608e-05
0.000121125
6.23854e-07
0.000298473
0.000110866
1.17512e-06
0.000287267
0.000219773
0.000721203
0
0.000937976
0.000349828
5.9599e-09
3.831e-05
0.000775068
0.00076762
5.98932e-05
0
0.000636751
0
9.89279e-10
0.000772796
1.27638e-06
6.91549e-08
0
0.000484705
0
0
0.00119125
0.000734435
0
0.000780364
3.76329e-06
0
0.000227418
0.000151571
0.000206372
5.67413e-06
5.7211e-05
2.13895e-09
0.000476954
0
0
0.000235745
0.000201771
0.000624075
0.000750447
0
0.000181541
0
0
4.13792e-09
0
0.000934703
0.000154991
4.74339e-05
0.000323892
0.000124212
0.000673214
0.000913294
0.000264924
0.00109817
3.60615e-06
0
0.000346548
9.62952e-05
0
0
0.000980141
0
0.000961551
0
0.00017403
0.000939005
0.000544221
0.000470338
0
0.00069326
0.000356483
1.35547e-10
0
0
0
0.000300514
0.00109968
0.000335765
0.00118465
0.00107604
0
0
0.000169276
0
0
0.000194176
0.000387462
0.000243444
4.46817e-07
0.000260587
2.73566e-06
5.63068e-07
0.000264257
0.000607187
0
0
0.000449282
1.62876e-08
2.14903e-05
0
0.000545048
4.69313e-05
9.96096e-06
0.000306247
3.2894e-09
1.47013e-07
0.000420947
4.78556e-08
0
0.000834556
9.7074e-05
0.000952553
0.000778199
0
0.000356159
0
0.000417433
0.000621723
0.000374897
0.000352113
0
0.000860762
0.000613506
0.000863824
0.000954095
0
0.000316375
0.00038779
0.000737303
0.000208793
0
3.76908e-05
0.000370857
0.000116059
0
0.000844467
0.000150896
1.22096e-06
0
0.000190653
0.000313414
5.267e-06
0.000391063
6.77561e-07
0.000289911
1.10024e-08
0.000945768
0.000816118
0
0.00013661
0.000385041
6.43056e-07
0.000151578
9.65987e-06
0
0
4.17985e-05
0.000131236
0
7.0278e-07
0.0006709
0.000213519
0.0011705
0
0
0.000903051
1.45932e-06
0.000322637
0
0.000137763
3.6329e-06
0
2.64891e-08
0.000123389
0
3.17823e-09
1.39222e-06
0
8.80992e-10
0.000438054
0.00104742
0
2.42666e-08
0
0.000870585
0.000363601
0
0.000837927
0
0.000153754
0.0010502
0
0.000222861
0.00037719
0
0
0
0
1.36257e-05
0.000371004
3.40119e-08
0.000201034
0.000284029
0.000106919
0.000100565
0
7.9959e-07
0
0.000556078
0
0
0.000318386
0.000149098
1.4424e-05
0
0.000138164
0
6.52366e-08
0.000739695
0
2.32666e-06
5.32591e-08
0.000445327
0.000289161
0.000131485
3.63061e-05
0.000317245
0.000375196
5.6588e-08
0.000130395
0
0
0
0.000627978
6.40535e-05
0.000211783
0.000829762
3.63128e-05
0
0.000362966
4.65761e-05
0.000208151
0.000752453
0
0
1.36837e-08
0
4.99117e-06
0.000228929
3.54534e-06
4.83927e-07
4.96595e-05
0.000280635
0
0.000977313
0
0
0
6.94847e-07
1.48604e-08
0
2.87165e-05
0.000532991
0
1.87477e-06
0.000235446
1.65416e-07
0.000312198
0.000262053
3.53129e-11
7.4848e-05
0.000478442
0.000339925
9.2603e-09
0.000815523
6.25613e-09
0.000820344
0.000109079
0
0.000646102
0
9.9213e-05
0.000578141
0.00028276
0.00010516
2.70994e-09
0
1.14492e-07
4.95256e-05
0
8.16107e-09
7.08518e-08
0.00080295
8.59902e-05
0
0.000128658
2.73945e-07
6.32296e-06
2.30015e-05
7.68995e-06
5.60238e-06
0
6.38411e-07
0.000650264
0.000103919
3.03965e-06
0.000588928
0.000103191
7.41954e-05
0
0.000211736
0.000396009
0.000211407
1.42777e-05
0
0
0.000614066
0
0.00112599
0
0.000882088
0.000208391
0.000209711
0
0
0.00013313
0.00017242
4.54063e-07
0
0.000438951
4.19204e-05
7.36645e-05
0.000848626
0
0.00116248
0.000339538
0
0.000529431
0.00119714
0
0
0.000939809
1.20822e-05
0
0
0
0.000320313
0
3.30108e-06
0.00116991
0
0
0.000192552
0.000495313
9.09286e-05
0
0.00030593
0
0
0
0
2.57357e-05
0.000131129
3.92006e-05
0
0.000483975
1.3318e-08
4.62483e-07
0.000324573
0.000443081
0.000535661
0.000537488
0.000101211
0.000208163
0
0.000431751
0
2.52205e-06
7.03964e-05
0.000224987
0
0
7.26306e-05
0.000171754
0.000139021
0
0.000768256
0.000374703
2.11805e-05
0
4.15222e-06
8.75476e-08
0.000460757
0.000234427
3.86428e-05
5.65886e-05
0.000529882
0.000268188
0.000401831
9.26269e-07
0.000411239
0
0.000683981
0
3.90204e-05
0.00120085
0
0
0
0
0.000959382
0.000843127
0.000213751
0
0
0.00025825
9.31691e-09
1.29575e-05
1.58986e-05
0
0.000458328
0.000663745
2.59137e-07
1.07408e-08
0
1.87155e-07
1.75328e-07
0.000878119
0.000218588
0.000381475
0.000159166
0
0.00014325
0.000276496
0.000846482
1.05262e-05
0
5.65757e-06
7.69641e-05
0
0.00087143
0.000458233
8.68966e-05
0
0
0
0.00125419
1.24514e-06
0.000551798
0.00043558
0.000473145
0
1.88293e-08
4.19226e-08
5.19973e-05
2.09871e-05
2.00541e-06
0.000300843
0.000319393
0
0
0.000151971
0.000146397
0
4.61416e-09
0
0
0
0
3.61677e-06
0
1.22382e-06
0
0
0
6.7981e-05
5.65342e-09
0.000283295
0
0.000409166
1.13475e-07
1.69758e-06
0.000428047
0.00112939
0
0
0.000469235
0.000182323
1.3175e-06
0.00010305
0.000462553
3.16535e-09
0
0.000872836
5.07905e-05
0
0.000563125
0.000845952
5.70288e-05
7.73127e-05
0.000453116
0
6.65468e-05
0.0010435
0
2.07857e-08
0.000579044
0.000265557
0.00102675
0
0.00095479
0.00050658
0
0
1.03284e-07
0.000536545
0
0
1.08671e-05
1.57874e-05
0.000106015
0
5.64488e-05
0.000900425
0.000101939
0.000116376
1.24022e-05
0
0.000875126
0.000734778
0.000938775
0
0.000202567
0
6.60191e-05
0
0
0.00016853
6.28646e-05
3.0619e-10
2.12615e-08
5.54466e-05
0
8.30396e-10
0
0
0
7.08562e-09
1.63239e-05
0.000255223
0.000275198
1.38872e-05
0.000610212
0.00108931
0
0
1.37441e-05
0.000531977
0.000246167
0.000426757
0.000580045
0
0.000297731
0.00100032
0
0.00102656
0.000906312
0.000701336
0.000196488
0.000165494
0
0.000194983
0.000470295
0.000252024
0
0.001084
3.16158e-09
0.000285917
0.000102293
0.00098094
0
0
0
0
0
1.14289e-07
0.00096746
0.000742877
0.000519834
0.000544286
3.0982e-05
0.000476065
0
0
0
1.50018e-05
0
0.000688026
1.28455e-05
1.03577e-08
0
0
0
0.00117278
0.000199176
2.50617e-05
0.000118638
0
0.000831011
8.31426e-05
0
0.000488205
0.00113031
0
1.74935e-05
0
9.05379e-08
0.000448101
0
0.000759863
0
0
0.00122318
5.83824e-05
0
5.738e-06
0.00112188
0
0
0.00077218
2.32704e-07
6.5709e-05
0
1.66903e-08
0.000886498
0
5.80469e-09
0.000336426
0.000487782
1.23325e-06
0
3.15808e-05
2.78493e-05
0
0
0.000271625
0.00108423
0.000858415
0.000448183
1.85916e-06
0
0
0.00108324
0.000418555
0
0.000376162
0.000673548
6.19477e-09
5.99305e-08
0.000822464
0
0.000114746
1.57274e-06
0
0.000181179
0.000478539
5.0248e-05
0.000765683
5.43142e-07
0.00025122
0.000348132
0
2.89633e-05
1.85848e-09
0.000834696
0
1.94172e-06
6.34048e-08
0
7.38282e-05
0
0.000451993
0.000386125
4.96068e-05
0
0.000940721
0
0
0
6.0518e-05
0
0.000729948
1.89592e-05
0
6.49701e-05
3.84748e-08
0.000213721
0.000352498
0.000213762
0.000568555
1.16401e-09
0
0.000133702
0
0.000533427
0.00105893
0.000748888
0
0.000299293
0
0
0
0
0
0.000168642
0.000533943
0.00114605
1.08856e-07
0
0
0.000565961
0.000103495
0
0.000437541
0
6.37215e-05
6.30984e-05
8.15524e-05
0
0
2.77258e-08
0.000239196
0.000362349
0.000442207
7.26563e-08
1.90514e-05
9.26901e-06
0.000221193
0
4.71419e-09
0.000798074
0.000951601
9.13439e-07
0
0
0.00014267
0
0.000968233
0
0.000534368
4.72093e-07
0
4.52603e-07
0.000235144
0.000554068
0.000607543
0.000852588
0.000925496
0.000804077
0.000148436
0.00112529
0.000600259
0.000470809
0.000789596
5.51342e-05
5.06701e-09
0.000672168
0.000259245
0.000386988
4.98569e-07
0
7.06926e-09
6.79374e-06
0
0.000519257
0
0.00110834
0.00021095
0
0.000522463
0.00021427
0
0
6.46672e-06
0
0.000139673
1.51357e-05
1.13081e-05
0.000193456
1.08557e-08
0
0
2.56024e-06
0
6.58806e-10
0
0
0.000606141
6.06148e-05
1.27681e-05
0.000610705
2.65166e-09
1.14577e-08
0.000439286
1.23462e-08
0.000834418
2.17502e-09
0.000313817
0.000895683
0
0.000374331
0
0.000111308
0.000922602
0
0.000928594
0.000654177
8.71851e-05
0
1.7491e-05
0.000460236
0
0
4.25359e-07
0.000275809
6.80372e-05
0.000969921
0
0
2.48255e-07
4.16075e-06
0
9.0872e-06
0
0
4.84653e-10
7.57241e-09
0
1.69537e-05
0.000583691
0.00018397
0
0.000232009
0.000420572
0
0
1.16433e-07
6.78973e-05
0
1.245e-06
0.000853327
0.00020904
0
0.0010207
0
2.34221e-07
3.14851e-06
0.00074094
0
0.000855465
0.00044864
0
2.21125e-06
3.85884e-06
5.97663e-10
0
0
0
0.000687818
0.000294158
0.000297376
0
0
1.33099e-09
9.26478e-06
0.00048427
1.48407e-07
0.00116822
2.0843e-05
0
0.000236466
0.000402253
0.001263
0.000104658
0.000449839
1.00545e-06
0
1.31784e-07
0.000194261
0.000519892
0.000900934
0.000398717
0.000911707
2.41581e-05
0.000209217
0.000613135
0.00101521
0
3.46682e-05
0.000267944
0.000104612
1.10647e-08
2.2375e-05
3.84974e-09
0.00122041
0.000490247
2.42079e-05
2.53511e-05
5.71494e-07
0.000459408
0
0.000158753
0
0.000683124
0
1.22115e-07
3.49446e-05
3.35446e-07
4.92628e-09
4.34873e-07
0.000622911
0.000631828
1.45932e-06
0.000398761
0
3.44735e-06
0
3.65633e-06
0
8.06904e-09
3.11334e-05
0
0.00087749
5.08208e-05
2.29353e-05
0.000886298
9.94767e-08
8.45531e-05
0.000831456
0
8.85768e-06
0.000474712
7.23779e-05
0
0
0.000119977
0
0.000435904
0.000199988
0
0.000362107
0.000751539
8.92195e-05
1.68358e-06
3.83112e-08
4.14947e-07
0.000933223
0
0.000299616
0.00024517
0
2.84515e-07
0
0.000607685
4.14363e-05
0
0.000614054
0
2.78486e-06
0
0
0.000373368
0.00037328
0
2.06945e-07
1.50133e-10
6.23339e-06
0
0
0
0.000658022
0
5.59737e-05
0.000313368
0.000383078
0
0
0.00102878
0.000170412
0.000258048
0.00108267
0
0.000989559
0.000377914
0.000120972
8.7148e-05
0
0
0
4.71074e-08
0
0.000111623
1.63959e-05
0.00013339
0.000191624
0
0
0.00015094
0.000956817
0.0005859
4.87774e-05
0.000324775
0
0
3.85557e-08
0.000911552
0.000279247
3.40378e-05
0.000363691
0
0.000301111
0
0.00022888
4.76263e-06
0.000777691
0
3.5047e-05
4.95276e-05
0
0.000240209
0.000407687
5.65444e-06
0
0
0.00105005
0.000100981
0.000461286
0.000289933
0
0.000157085
1.09384e-06
1.6245e-06
0
3.55268e-05
0.000123734
0
0.000580968
0
0.00094625
0.000446329
0
2.52085e-05
2.23427e-05
0
0.000688259
1.23077e-08
0
9.43877e-10
1.17556e-08
7.9526e-05
0.000769983
0.000717972
0.00014105
0.000972055
0.000661876
0
9.64545e-05
2.85562e-05
0.000274798
0.000448555
0.000425037
0
1.38119e-05
3.94042e-07
7.71176e-09
0
3.76978e-09
0.000455759
0.000965218
5.92893e-05
0
0.00106432
0.000228178
0
0
4.47423e-05
0
8.8706e-05
0.000754412
0.000101971
8.55504e-05
0
0
1.5805e-06
0
1.06478e-05
0.000114959
0
0
6.32556e-05
2.40849e-07
0.000404142
0.000343928
0.000282787
0.000631064
5.82291e-07
0
0
0.000113255
0.000248739
0
0.000318532
0.000122485
0
0
6.98283e-09
0.000543866
0.000170063
0.000107591
4.34827e-05
0.000519259
8.11839e-05
0
0
9.10843e-10
3.38234e-06
0.000592028
2.3884e-05
0
0.000301776
0
0
0
3.55401e-10
0
7.00055e-05
0.000435458
0.000237375
2.23382e-05
0.00105867
0.000489295
0.000643035
3.80155e-09
0
0.000575001
0.0003988
0
0.000622794
1.20295e-08
4.83426e-08
0.000424785
0
0.000844476
0
0.000456089
1.79276e-10
0
0.000320378
0
1.4212e-06
0.00102946
0.00100428
0
0.000351741
2.85282e-05
0.000100353
0.000994304
6.39992e-09
0.000230731
2.40991e-06
3.97694e-09
0.00101629
0.000409324
0.0003315
0
0
0.000266368
0.000802431
4.93163e-07
0.000283896
0
0.000529148
1.56023e-07
0.00036418
0.000811691
0.000682886
1.37507e-06
0.000371898
0
0
2.83036e-05
0.000479232
0
0.000755501
8.07701e-09
0
0
0
0
0
2.33207e-06
0.000710127
0
0
4.82824e-07
0
0.00040999
3.14223e-08
0.000143491
0
0.000352643
0.00113416
0.000113175
5.08631e-06
0.000388949
0.00067335
0
9.23839e-08
3.51285e-06
0.000540217
1.96188e-05
0
0
0.00042981
0
0.000895566
1.56965e-06
0
7.5354e-07
0
0
1.59128e-08
7.30391e-10
7.15317e-05
0
0.000750557
0
0.000404096
0.000307254
2.87372e-08
1.53584e-10
0
0.000963973
0.00111689
0.000516552
2.29337e-06
0
4.75548e-09
4.33958e-07
0
0
0.000354112
0
0.000448429
1.74537e-06
0.000304617
0.000865666
1.35272e-05
0.000324263
0.000765458
0
5.16442e-06
0
0.000626552
0
0.000832797
0.000289546
2.86748e-07
0
0.000756432
0.000205682
0
0
0
0.00078972
0
0.000130555
6.32399e-05
3.84766e-06
0.000974973
5.03228e-05
0.000782391
0
4.02292e-08
9.69451e-07
0.000162696
0.00045107
9.66925e-05
8.85754e-05
0.000404457
0.000946141
0.000782802
0
0
0
1.41701e-06
0.00047769
0
0
0
0
0.000204834
0.000219824
0.0012063
1.28318e-06
0.000147819
4.23581e-09
0.000127118
0.000905232
0.000737515
0
0.00099938
0
0
0
0
0.000360931
0
0
0.000124225
9.50144e-10
2.81822e-08
0.000256597
6.20044e-07
0.00105777
0.000147735
8.82799e-06
0.000111298
0.000434161
3.83165e-05
0
0.000385201
0
0
0
0.000113208
4.20789e-06
3.61118e-06
0.000820916
0
0
1.20451e-06
0
0
0
0
0.000218719
0
7.74129e-06
0.000741677
0.000594325
0
0
7.12309e-05
0.000298073
0.000777932
0
0.000525905
0
0
7.68967e-05
0.000551358
0
1.77947e-05
2.61502e-05
0
0.000982626
2.21449e-09
0.000412673
1.16484e-06
0.000403058
0
0.00052686
2.17498e-05
0
7.35786e-07
0
9.10529e-05
0
2.01609e-05
0.000372524
0
4.21004e-07
0.00128109
0.000722789
0.000137416
0.000477723
0.00087386
0.000611438
0.000771419
0
0.000547497
0
4.86636e-05
0
0.000278265
0.000817442
1.47502e-08
2.37429e-05
0.000270368
0.000562635
0
0.000714626
0.000251348
0.000616912
5.77642e-05
4.19766e-06
6.82292e-08
0.000896591
0.00116977
5.18648e-06
3.55193e-05
0
0.000621567
0.000242144
2.93351e-09
0
1.25725e-05
0.000543361
0.000178939
0
0.000483174
4.067e-05
1.14216e-06
1.83984e-05
0
0
0
7.78238e-07
0
5.78776e-08
0.00100602
0.000322595
1.2124e-05
0
0
0.000162355
0.000438951
5.73605e-05
0
0.000584562
0.000352605
0
0.00105519
0
2.76616e-05
3.71079e-05
0.000456522
0.000213592
0.000983105
0
0.000194309
0.000169096
0.000816728
0.000331785
2.64818e-06
5.04881e-08
0
0.00057544
2.28195e-05
4.41788e-07
0.000471286
0
0.000325865
6.50788e-10
0.000225556
0.000127637
0
0.000373318
0.000325637
0
0
0
0.000479375
3.51041e-08
0
0
0.000148608
0.000844644
0.00013697
1.15078e-06
0
1.07184e-05
0
0
0.000108366
0
0.000236553
0.000650337
0
0
0.000406931
2.46249e-06
0
4.86507e-05
0.000380235
3.23607e-08
9.47701e-08
0
0
0
0
0.000124657
0.000222553
1.87374e-06
2.09067e-09
0
2.72274e-06
0
6.80626e-06
3.42072e-08
0.000589682
0
0.000411956
0.00113561
0.000726775
0.000159773
7.79362e-05
0
0
0
0
0.00104041
0.000260056
0
0.00102526
8.62888e-08
1.21645e-07
2.0801e-08
0
0.000259008
0.000336017
0.000414536
0.000582642
0.000337149
0.000321113
0.000206936
0.000105051
0.000282637
8.15454e-05
0.000202917
0
0
0.000721326
2.33109e-05
0
0.000615969
0.000370673
0
0.000794924
0
0.00020284
0.000875954
0.00011603
7.64909e-08
2.26441e-05
0
0
0.00033849
1.83517e-09
0.000132209
0.000110156
0.000371818
1.42265e-06
0.00106612
0.000485369
0.000725838
5.38768e-06
0.000388026
0.000219025
5.57821e-09
6.36721e-09
8.15127e-08
0.0011341
0
0.00066187
0.00054651
0.000449236
0.000269099
1.98365e-06
5.63793e-05
0
4.28612e-08
0.000453669
0.000344126
0.000381648
0
0.000189162
0.000433494
2.05972e-06
0.000116492
0
0
0
2.59671e-08
0.000668818
0
0
0
0.000263928
0
9.97327e-06
3.42882e-07
0
0.000192473
0
6.41901e-07
5.59119e-05
0.000217471
1.59951e-05
8.57621e-06
0.000404143
0.000855681
0
0.000385775
1.17358e-08
0.000133758
0.000362762
0.000976444
4.52953e-06
0.000200981
0
0.00113616
0.00029499
1.73673e-07
0
0.000582894
0.000367401
0
0
0
0
0
0
0
0
3.37661e-05
1.25289e-07
0
2.08295e-06
7.01861e-05
0
0
0.000475818
0
4.2745e-06
0
0
0.000721693
0.00042458
0.00012461
0.000153781
0.000951609
6.90892e-09
0.00126125
0.000649647
8.44384e-07
5.08044e-05
1.29131e-06
0
7.55108e-07
0
0
0.000225611
0.00122244
5.46895e-10
0
0
0.000155531
0.00094993
0
7.27575e-06
0.000660644
9.97829e-07
1.9984e-08
0.00069692
3.45831e-05
0
0.000305428
0.000570118
0
0.00100076
0.000668724
0.000180115
0.00103108
5.68026e-07
0
0.000997931
1.69883e-05
6.48341e-07
2.66728e-09
0
0.000297452
0.000671663
0
0
0
4.03075e-06
0.000225091
2.87569e-05
0
0.000362939
0.000841537
1.17979e-07
6.17618e-05
0.000258523
0
0
0.000939942
8.81051e-06
0.000657379
0.000569252
0
0
0
2.79304e-05
0.000253374
0
0.000402823
0
6.95971e-05
0
0.00077692
0.000378457
4.50167e-10
0.000562335
0.00072559
0.000569133
0.000332056
9.98461e-08
0.00100074
0
8.2048e-05
1.08744e-09
0.000842029
8.9273e-05
0.00047917
1.95234e-07
0.0002055
0.000578659
3.91623e-05
0.000565055
0.000825405
0
3.64382e-05
0
0.00107307
0.000487452
0.000353208
0.000323601
2.90287e-07
0
0
0.00100568
1.1442e-08
0.000134672
0
3.22954e-05
0
0
5.487e-06
4.08396e-05
0
0.00119462
0.000833405
0
0
0.00032627
0.000630644
0.0001442
0.00101052
0.000848295
4.40007e-05
0
0.000397032
0
5.58053e-09
0
0.000650037
0.000917164
0
0
1.26177e-05
1.53803e-10
0.000357102
0.000107167
0
0.000200793
0.000662014
0.000235208
0.000354752
0
2.16059e-08
0
0
0
0
0
0
0.000123711
0.00125052
0.000916893
0.000626484
0
0.000839383
0.00110561
2.18532e-05
0.000876901
0.000110879
0.000384885
0
0.000970881
2.85687e-05
0
0.000433878
0.000845919
0
6.37499e-08
0
0
0
0.000203654
0.000321643
1.51419e-08
0.000286517
1.02621e-07
0.000182021
0
0.000840125
0
0
0.000152926
2.28947e-06
0
2.10573e-06
0.000562287
0.000367567
0
5.70702e-05
0.000612257
0.000803027
0
0.000535597
0
0
0.000268417
0.000936492
0.000819317
5.24771e-09
0.00042277
0.000944943
0.000243344
7.34067e-07
0.000791384
5.88935e-06
0.000128235
0
0.000133931
0.000283523
0.000114892
0
0
7.34101e-05
1.01415e-06
0.000871599
0
0
0.000842967
1.69262e-05
0.00024668
0
0
0.00092408
0.000830057
0.000853262
0.000494032
5.54767e-08
0.000250591
0.00117961
0.000987256
0.000189552
0.000743888
7.17475e-05
0
5.07011e-09
1.18369e-06
0.000375986
0
0
2.14284e-06
0.00040435
0.000509178
0.000128514
0
0
0.000230759
1.55742e-06
0
0
7.5199e-09
0
4.74086e-09
0.000835661
7.96507e-05
0.000882675
2.6442e-09
8.49421e-05
0.0002453
0.000375509
0.000329346
5.29989e-05
0
2.32406e-06
0.000427248
0.00010843
0.000171647
3.14715e-07
0
1.78908e-08
0.000213166
1.77259e-07
0.00109924
0.000545932
0.000890855
0.000373092
8.44752e-06
0
0
0
0.000128922
0.000461572
0.000318214
0
0.000924692
0
0
1.45425e-09
0.000715385
2.83563e-06
0
0.000670978
0.000721366
0.000285699
0.000413509
0.00070705
0.00101264
0.000444033
0
0.000558893
0.000247933
0
0.000116093
5.26306e-05
0.000150678
0
0.000746334
0.0006396
0
2.46961e-08
0.000697938
0.000747406
2.63286e-08
0.00034053
2.0212e-06
0.000713438
0.00101552
3.6564e-05
0.000776448
0.000222181
8.31728e-09
7.79192e-08
2.10381e-08
0.000156702
0.000579896
0.000351215
0.000290121
0.000875858
0
0.000661985
0
0
0.000245076
0
3.37495e-05
0
0.000505706
0.000263014
0.000278726
3.85901e-06
0
0
0.000529113
6.34166e-05
0.000806599
0
0
6.63886e-05
3.95618e-08
0.00108476
0.000463063
0
0.000470926
0.000786866
0
0
0.000933652
0
0
1.2538e-05
4.4444e-06
0
4.0414e-09
1.74513e-05
0.00039554
0.000634916
5.61998e-09
0.000859451
7.38007e-07
8.25317e-05
0.000425832
0.000750369
0.000258172
7.61958e-08
5.843e-05
0
0.000183107
0.000128309
4.1819e-05
0.00042288
2.14749e-06
0
0.000175467
0
2.19425e-06
0
0.000830349
0.000363546
7.47615e-06
2.4492e-07
0.000634882
0
0.000178143
0.000678635
0.000524536
0.000341723
6.31334e-07
0.00103013
0.000697391
3.12085e-09
1.11316e-09
0
0
2.85525e-07
0
5.46549e-08
0.000352268
0
0.000315266
0
0
6.51071e-07
0.000666803
1.63507e-07
0
0.000289385
0.00109852
0
0.000357907
0
0
1.2365e-08
0.000338797
1.21916e-05
0.000406694
0
0.000246758
1.14345e-07
0
3.37445e-05
2.28785e-08
0
6.85592e-05
0.000340147
0.00092874
0.000744754
8.40684e-06
0.000842295
0
0.000630385
1.20138e-06
0.000785447
0
0
0.000141585
0.000123607
0.000745828
0.000402688
0.000397094
1.21334e-06
0
1.16171e-07
0.000177092
4.81631e-05
0.000847564
0
0.000179261
1.46777e-07
0.00101167
1.01684e-05
0
0.00100739
9.69715e-09
0.000633211
5.26246e-07
4.45734e-07
0.000844032
0.000439989
0.000729613
0
0.00101565
0
0.000896249
0.000161539
0
0
1.48501e-06
0.00124741
0
3.54054e-05
0
0.000379854
0.000325666
0.000503459
0.000126128
0.00027087
0
0.000273086
0.000782443
1.06602e-05
0
0.00038974
1.17532e-06
6.7981e-05
0.00029267
0
0.00034721
0.000733162
0.000754738
1.31155e-09
0.00015047
0.000661996
0
0.000804237
1.08616e-08
0.000143193
0
0.000868841
0.00118829
0
1.84842e-08
3.37227e-05
0.000225105
2.21867e-05
0
5.51601e-07
3.18777e-05
8.32431e-09
0
0
0.000290825
9.98167e-05
0.00113825
0.000181193
0
0.000365872
0.000928254
0
0
0
0.000280522
0
0.000825606
0
0
1.14487e-07
1.71893e-06
0.000898396
0.00114955
6.36367e-10
0
0
0.000236481
0.000704955
0.000284564
0.000324595
0.000528917
0.000344947
0
0
0.00112648
0.000393526
0
0
0
0.000134505
0.00114259
6.79694e-05
5.36179e-05
0
0
0.00117775
1.09229e-07
0.0010867
0
0.00104818
9.9721e-07
5.45143e-08
5.86023e-05
0.000448949
5.80762e-05
0
0.000839259
0.000557425
0.000800885
0
7.72836e-07
4.03024e-06
0.000685699
0.000156815
2.61409e-05
0
0.000103188
0.00034673
0
0.00072036
0
7.25786e-07
0.000300106
0.000103502
0
0.000865599
2.92876e-09
0
0.00036713
0.000930427
0
0.00128043
0.000863371
0.000700988
1.28145e-07
0
0
0
0
0.000116351
0.000204627
0
3.67141e-06
0.000199652
0.00128922
0
0.000499302
0.000434159
0.000108769
7.77221e-07
0
1.88996e-06
2.55239e-06
0.000728661
0.00100927
0.00092845
0.00012565
0
4.68996e-07
0
0
0.000271975
0.000133777
0
8.17985e-07
0
0.000843006
2.3486e-09
0
1.53346e-05
5.27259e-06
0
0.000339657
0
0.000547158
0.00114253
0
0
0.000172115
0.000642785
2.2323e-05
0
0.000270323
0.00080904
2.30753e-09
0.000512378
0.000746249
0.000516584
0
0.000431867
0
1.85925e-06
0
0.000219909
0.000175956
8.78459e-10
0.000660972
0
0.00017328
2.8608e-05
1.36899e-05
0
4.21002e-07
0
0.000498903
1.43418e-05
0.000367408
0.00100514
5.24019e-05
6.07948e-05
0.00102817
0.000110403
0
0.000234845
1.9415e-05
0
4.1174e-05
0.000214139
0.000195398
3.30571e-09
0
4.37979e-08
0
0.000800444
3.14106e-07
8.05769e-05
0.000550177
0.000530427
0.000322399
0.00123691
0.000442888
0
0.000574702
0
0
0.000259053
0.000359274
0
2.5337e-06
0
0.00078053
0.00108583
0.000959077
0.000413664
9.45173e-05
0.000319007
3.63926e-08
0.000217244
0.000105061
2.40479e-06
0
0
0
0
0.000560935
0.000916671
8.20381e-05
0.000669646
6.21157e-06
9.23429e-06
9.10661e-05
6.74797e-08
0
0.000148269
1.28173e-05
0
2.54964e-07
0.0010113
0
0.000417989
0
0.000280032
3.3374e-06
3.46493e-05
6.12457e-05
0
1.26856e-05
2.93883e-10
1.61304e-07
0
0
0.00075559
0
0.00016073
0.000516528
0.000698732
0
0.000560858
0.000962571
0.000155219
3.62645e-09
0.000145312
0.00114321
0.000846574
0.000391675
0.000850603
0.000860671
0.000112815
0
0
5.6814e-06
0.000212088
3.35691e-05
0.000629597
0
1.92376e-09
0.00025762
0.000900291
0.000681421
0.00101164
0
0.000803923
0.000471699
0
0
0.0001182
0
2.54784e-06
0.000118691
0.000638669
0.000169421
0.00101909
0
1.42659e-07
5.38851e-08
0.000504406
4.11192e-05
0.000577402
0
0
8.10512e-05
0
1.15651e-05
0.00117004
0.000402518
6.36729e-08
0.000775993
0.0011559
0.000306083
0.000506072
0
1.2441e-07
0.000353471
1.58204e-09
7.91164e-05
0.000366411
0.00011759
7.9186e-08
3.62173e-07
0.000382981
0.000105764
7.78655e-08
0.000446437
2.48221e-05
2.77408e-05
0
8.73124e-08
2.66879e-05
7.889e-08
0.00071706
0
0.00074325
9.17768e-05
0
0
0.000447702
0.000323333
0.000414744
0.000633625
0.000447416
8.05431e-10
0
0.000259037
6.48506e-05
3.73465e-09
0
1.21564e-08
0.00106465
6.75403e-05
0.000958986
0.00011928
4.25451e-05
9.94589e-05
0.000579228
0.000125438
0.000297023
0.000399118
8.49359e-05
0
0
0.000415287
0.000296635
0
1.14454e-07
0
0
0.000460455
0
0.000571358
5.01535e-05
0.000223979
0
8.57764e-07
7.74899e-09
4.57553e-06
6.67028e-09
3.72864e-06
0
0.000209455
1.73353e-08
0.00032796
1.36212e-06
0
0.000426455
0.000326425
0
0
0
9.6302e-06
0.000907029
0
0
0.000765623
0.000191908
0
0.0006772
0
0.00104794
9.87077e-09
0.000753337
0
1.71513e-05
0.000794035
0
0
0.000549198
6.98633e-07
0
0
0
0.000657258
0.000426473
0
0.000442595
1.99381e-07
7.5598e-08
0.000385269
0.000410422
0.000892573
0.000408997
0
0
0.000728499
3.84483e-09
0.000435183
5.88335e-06
1.05696e-06
0.0003022
2.64532e-09
6.32823e-05
0.000868134
0.000504205
0.000857473
1.51156e-05
0
1.00842e-08
0.00086752
3.10158e-07
0
1.8424e-07
0
3.54275e-08
1.60253e-07
0.00128198
0
2.91411e-08
0
0.000473812
8.55923e-09
7.13297e-05
1.34266e-05
6.32522e-05
0.00037113
1.09529e-06
3.30526e-05
8.05253e-05
0.00015122
0
1.75005e-07
0.000902272
0
6.6741e-06
1.31865e-05
0
0.000164547
0
0
0
0
0
0
0
0.000967732
0.000281066
0
0.00100413
0.00100534
0
0.00047124
0
0.000234875
0
0
0.000220393
1.88817e-09
0.000687488
0
3.16119e-09
0.000675857
0.000236841
2.78525e-05
3.82383e-05
0.000323554
0
1.83661e-09
0.000236583
0.000600414
1.19859e-08
5.14061e-05
0
1.56782e-05
0.000231483
3.64968e-07
0
0
0.000349946
0
0
0
0.000470481
0
0.000234524
0.00027141
0.000100714
0
0
0.000644818
0.000905856
0
0.000567913
0.000303912
0.000181212
0.000175148
0.000479475
0.000769314
0.000871604
0.00021666
0
1.19247e-08
0
0.00102699
0.000148509
0
0.00110629
2.97298e-06
0.000652893
0
0.000161178
0
0.000112109
0.000327759
4.0998e-06
0
0.000342881
1.94404e-08
0
4.25919e-08
6.70393e-08
1.92845e-05
0
0.000380098
0
0
0.000968374
0.00051729
0.000409816
0.000263856
0.000123517
0.000314871
0.000388851
0
0
0.000203268
0.000392904
7.33404e-05
9.64837e-05
0.000174104
0
0.000157014
0
8.59576e-05
0
5.63751e-06
4.28121e-08
0
0
0.000378597
0
4.51715e-07
0
0
6.52404e-05
6.32302e-08
0
2.29597e-07
4.0552e-10
0.000611701
0
0.000743277
0.000318491
0
1.00974e-05
0.000493591
2.12546e-07
2.75074e-06
0
0.000220308
0
0
0
0
0
0.000413824
0.000855564
0.000349847
0.000566239
3.50319e-05
0.00024273
0.00103558
0.00061165
0.000598019
0
0.000330402
0.000208049
0.000374799
0
0.000552192
0
0
0.00092762
9.33202e-05
0.00065033
0.000205833
0.000811663
0
0.000691642
8.82128e-06
0.00032082
8.64229e-06
0
0.000286032
0.000174909
0.000100041
0.000156576
0
0
7.80179e-08
0.000719398
0.00068314
0.000988311
0
0.000536872
0
0.000570699
3.49575e-05
9.00113e-05
0.000725335
4.2853e-10
0.000402118
0.00114059
0
0
0
0.000705207
4.87158e-09
0
3.38763e-09
0.000458375
3.04872e-05
0
0
0.000632326
0
0
0.00012334
2.29712e-05
0.000636812
0
0
0.000427036
3.4988e-09
9.73691e-05
0.000880321
0.000535125
0.000193819
3.05315e-06
0
0.000305452
0
0
0
0.000229686
1.9755e-05
0
0
3.33263e-10
0.000747849
0
0.000305061
0
6.02944e-05
6.51932e-07
0
0.000838973
0.000524368
0.000172535
3.89998e-05
8.34657e-06
0.000189905
3.34054e-09
0
1.4733e-05
8.74181e-05
0
0.000697343
0.000238836
0.000757435
4.11072e-05
0.000638398
2.02586e-07
0
2.77488e-05
5.44603e-05
5.24216e-05
0
0
0.000380148
1.97423e-08
0
0
4.94633e-07
0
0
0.000555499
0.000306452
0
0
0.000486156
0
3.03328e-08
0
6.23745e-05
1.54474e-08
5.58064e-08
4.69171e-09
2.23687e-06
0.000504455
0.000136715
0
1.03335e-07
0.000194416
7.86497e-08
0.000401902
0
0
0
0.000427939
0.0012418
0.000650006
0.000296259
0
0.000347553
0
0
0.000221572
0.00026232
7.60451e-05
0
0.000511335
0.000182527
2.96008e-06
0.000823841
0.00055528
0
0.000112063
0.0011468
5.97215e-07
0
0
6.03746e-09
0.000834663
0.000259362
0.000354451
1.08483e-05
0
0.000737391
1.82964e-06
5.58323e-10
1.045e-05
0
0
3.29081e-05
9.02504e-06
0
0.000317574
3.9876e-08
0.000625242
0.000138316
0
0
0.000650335
0.00118736
2.66946e-06
3.96276e-05
0.000703921
0
5.04149e-05
7.20266e-05
0
0
0.000398009
6.42311e-08
0
1.68152e-06
0
0.000623092
0.000113583
0
4.1926e-06
2.82383e-09
0
0.000442759
0.000555105
0.00040424
0.000341384
2.2028e-05
3.32201e-06
0.000473332
0.000471526
5.43971e-05
0
0
0
1.50465e-05
0
8.1226e-05
0.000174096
7.43091e-08
0.000338477
7.28691e-09
0.000188415
0.000967498
0.00115718
0.000336316
0
0.000323549
0
0
0.000836438
0.000990541
0
3.46626e-06
0
5.19939e-08
8.01678e-06
2.44284e-08
0.000382093
0
0
0.00108122
0
3.47742e-07
0
0
0.000781851
0.000801655
0
0
0
1.78312e-05
2.69597e-05
2.63903e-10
0
0.00121081
0.000431804
4.68399e-09
0.000612562
3.51791e-08
0
0
0
0.00022578
0.000376552
0.000915682
0.000146442
0
0
0
0.000594351
0.00101587
0
0
0
0
0
8.93911e-06
0.000768212
4.42658e-05
9.96949e-05
6.41157e-07
0.000178272
0.000330122
0.000159995
0.000391678
8.78658e-05
0
7.95659e-08
0
0.000246408
0
0.000781328
0.000667728
9.14145e-05
0
7.17598e-05
4.32108e-05
0
1.25391e-08
0
0
0
1.20059e-06
0
1.71475e-08
9.51405e-07
0
0.000570044
0
9.1857e-08
0
0
0.000368629
1.66248e-05
0.000209202
0.000245286
0.000551442
0
4.68147e-07
0.000237693
0.00110757
0
7.76988e-05
0
2.43995e-07
0.000273484
0.000120388
4.1131e-07
0
0
0
0.000272312
0.000282098
9.76043e-07
0
9.12169e-05
0.00018339
0.000273988
0
2.34396e-08
2.60064e-09
0.000751182
0.000406677
7.4302e-05
1.33453e-06
0.000709339
1.61928e-05
0.000609474
5.27418e-07
0
0
0.000474212
9.42747e-05
0
3.01841e-06
0.00132403
0.000374488
2.81353e-09
0.000533222
6.31334e-09
1.36197e-07
0.000103929
0.000822029
7.70459e-05
0
0.000435973
0
5.59507e-09
0
0.000220182
0.00021528
6.96281e-05
0.000195175
0.000123624
1.78645e-05
9.65115e-05
0.0011807
0
0
2.18159e-06
8.17625e-05
0.00102365
0.000385793
1.6627e-08
5.65058e-05
0
0.000832409
7.11128e-05
0
0
0
0
0.000561043
0
0.000713849
0
0
0
1.30791e-06
3.76976e-06
0.000622615
0
0
0.000502347
1.24718e-08
9.32152e-09
0
0
3.846e-05
1.42375e-05
0.000895018
0.00027187
9.28151e-05
0
3.67109e-08
0.00121865
0
6.03711e-05
0
0.000158973
1.64927e-07
0.000604979
0.000158292
6.90784e-11
0.000430901
3.20315e-06
0.000782066
0
1.18336e-05
0.000302938
7.69566e-05
0
0
0.00108187
0.000380481
0.000622497
0.000413629
0.000997187
0.000209725
1.6573e-06
0
0.00046871
0
0.000191245
0.000116911
0.000788224
0.000682584
9.56815e-05
1.12097e-08
0.000465969
4.00709e-08
0.00108076
0.000223197
0
0
0.000449192
0.000872855
0.000535437
0
0
1.21883e-06
0
0
0.000137971
8.05716e-10
0.000348211
0.000213988
0.00109282
0.000585118
0
7.50522e-07
0
0
0.000147229
0
0.000404489
0
0.00114782
0.000775197
5.72584e-05
0
0.000734254
0.00066558
0.000403119
0
0.000716205
8.21293e-09
0
0.000296971
0
0
2.5838e-05
0
0
3.56215e-06
0
0
8.60645e-05
4.23513e-06
0
0.000790841
0
0.000219282
0
0.000124692
0
0.000257155
0.000123281
9.49895e-08
0.000485582
0.000564322
5.98046e-08
8.2322e-05
0.00084135
1.74434e-05
6.95441e-06
0.000958492
0
4.15831e-07
0
0.00032021
0
3.74715e-05
0
0.000788578
0.000696283
6.5986e-10
0
0
0
0.000425303
0
0.000444776
0.000764204
4.92534e-05
2.42879e-05
0.000555401
0.000817926
1.24954e-07
0.000771976
3.57014e-05
0
0.00116626
0.00093152
1.91098e-05
6.49897e-05
4.61289e-05
0.000409209
0.000264538
0.000760276
0
0.00123687
0
5.12959e-07
8.39384e-05
0
2.97819e-05
0.000341225
0
0
1.53448e-06
0.000885714
0.000107772
0
0.000427682
0
0
1.74782e-06
0.000461224
0
8.12002e-05
0
8.93169e-05
0
0.000353899
1.8419e-09
0.000700262
0.000703542
1.87512e-06
0.000276747
0.000785148
0.000317842
2.05167e-06
0
0.00097937
0.000915402
7.24376e-05
0.000212252
0
0
0.000752798
0
0
8.1837e-05
1.26802e-09
0
0.000114178
0
2.73719e-05
0.00109219
0
0.000335765
0
7.98282e-06
0
0
0
0.000495417
0.000484663
0
0.000124375
1.92886e-05
0.000224011
0.00036212
4.69163e-05
0.000134008
0
0
4.98637e-07
0.000788346
1.29239e-08
0
0.000270971
0.000448597
0
0.000857926
0.000458725
0.00010127
0
0
0.00111989
0.000653931
0.00116148
0.000759665
0
0.00101005
5.44892e-07
6.89259e-09
0
1.07948e-05
6.84708e-09
0.000226304
0.000362602
2.3495e-05
0.000730272
0.000168919
7.98353e-05
0.000123166
0.000137407
0.000903651
0
1.84908e-08
1.05378e-07
0.000704292
1.58128e-05
0.000362401
4.47451e-08
0
1.74306e-05
0
1.06934e-06
0.000327989
0.000778059
0
0
2.01254e-05
0.000423862
0.000782795
0.000594286
0
0.000330123
0
0.000106933
0.000526909
9.31651e-10
0.000976934
0.000191235
0.000370035
0
0.00085601
0
2.47888e-09
0.000661963
0.000842644
2.37354e-05
3.34575e-07
3.40638e-08
0.000258217
0
0
1.16975e-07
0
6.61416e-08
7.80338e-06
1.17294e-07
0
4.54651e-06
8.55273e-06
0.000914302
0.000581949
3.83053e-09
0
0
0
0
2.01656e-07
0
0.000247137
0
0
0
7.57065e-05
9.62441e-05
2.23812e-06
2.61582e-06
0.000168928
0.000637906
0
0.000750771
0
1.12993e-08
4.59281e-05
1.65535e-08
7.44893e-05
0
3.52448e-05
0
1.35013e-06
0.000130234
0.000288685
0.000464674
4.67709e-05
0.000203985
7.13373e-05
0.000974166
0
0
0.000385594
4.20124e-09
0.000349058
0.000180638
1.54591e-05
0
0.000830761
2.65225e-05
0.00048205
0
0.000806002
0.000115255
0
0
0.00049161
0
0.00102644
0.000598282
0
0
0.00026435
3.21935e-05
0.000139522
0
0.00020642
1.59694e-05
0.000140536
0
2.88394e-08
0.000261177
0
1.46961e-05
0.000123876
0
1.34176e-08
2.2546e-05
4.78564e-09
0
0.000309416
0.0006443
0
0.000253472
0.000225711
0.000236623
5.55467e-05
0.000607931
0.000688359
0.00025708
0.000541509
9.59248e-07
8.87366e-06
0.000540329
0
0
0.0003692
0.00103191
7.89842e-06
0.000416148
0
0.00044522
0.000165195
0
2.06431e-07
0
4.57975e-07
4.5626e-10
1.60701e-07
0
0
0
2.74448e-09
0.000526194
4.09188e-06
0.000483368
0.000164601
0.000504067
0.000520712
0.00070293
0.000678857
1.28781e-09
0
0.000346603
0.000305681
0
8.36555e-05
0.000427568
0.000105739
4.63442e-07
0.000982755
0
1.36597e-05
0
0.000649294
0.000358686
0
0
0.000221138
0
0.000395395
1.47455e-08
0.000237251
7.24221e-05
0.000611975
0
0
0
0.000873977
0
0
0.000876948
0.000737821
0.00061477
0
0
4.3062e-05
0.000481006
1.6055e-07
1.36365e-08
1.44048e-05
1.21036e-06
0.000323058
3.12391e-06
0.00041776
0.00020223
8.55424e-06
0.000409224
0.000194705
0.000663099
0.000753513
0.000402142
0.000995356
0
0.000666067
9.70308e-05
0.00019805
0
2.76963e-06
0.000545102
0.000779302
0
1.77256e-07
0
0.000321337
0
5.61809e-05
0.000323549
0.000639121
0
0.00046498
0.00123304
0.000544856
0
2.12902e-07
4.87497e-06
0.000212837
0
0
0
0.000713514
0
1.1776e-06
0.000444213
0.0010102
0
1.11044e-05
0.000655122
0.00085741
3.36334e-09
0
1.74409e-06
0
0.000805949
0.000551692
0.000693078
0.000455813
0
8.02579e-07
0.000599457
0
0
8.47452e-06
0.00102287
0
0
0
0.000446179
0.000102608
0.000106325
0
0.000408626
1.88655e-05
0.000269372
0.000501058
0.000844924
0.000482424
0.000335947
0.000505523
0.00068559
0.00045781
0.00114141
0.00013722
0.000112372
0.000542211
0
1.37775e-08
3.82704e-05
0
0.000784738
1.16102e-07
0.000457514
0.000429843
0.00061465
0.000309423
5.17777e-05
0
0
0.000231175
1.87011e-05
0
0
0.000703103
0
0.000320201
0
3.8548e-05
1.96413e-05
0.000392051
1.21123e-09
9.62805e-05
5.47525e-08
5.16954e-05
0
0
0.000200909
0
0.000205436
0
0.000334919
0
0.000240799
1.23399e-06
8.1452e-06
0
0.000186253
0.000415055
1.5051e-08
0.00063301
0.000717256
0.000197131
0.000172345
0
9.69141e-05
1.29972e-06
0.000264263
0
1.5627e-06
0
0
0.000207271
0
0.000446305
7.74962e-09
6.58481e-05
5.09739e-05
9.33376e-09
0.000558407
1.09142e-06
2.72013e-06
0
2.80868e-07
0.000424555
0.000293735
5.61054e-05
0.000752137
0.000291423
0
0.000227485
0.000299849
5.33393e-05
1.83276e-05
3.05197e-05
0
0
0
0.000659437
5.19474e-10
8.01862e-05
0.000860989
0
0.000726702
6.24905e-05
9.18754e-08
0.000618874
0.000124866
1.30309e-06
0.000521016
5.22119e-08
0.000227666
0.000292244
1.04197e-09
0
6.65643e-05
0
8.35246e-05
8.06482e-05
0.000370784
0
5.86645e-09
0.000160853
0.000549779
0
0.00079846
0.000305688
0.00011978
0.000528302
0.00109096
0.000203093
0.000163599
0.000257979
0
9.19511e-05
0.000766414
0
0.000510269
0
0
0.000153997
8.66845e-05
0
2.43291e-08
4.54671e-07
8.12105e-09
3.27296e-05
6.12255e-05
0
0.00062424
0.0012322
1.61643e-05
0.000226828
0.000382763
0
0
0
0.000672826
4.68862e-05
0.00010393
0
0
0
0
0
6.31704e-05
6.02382e-08
0.000150497
0.0001047
0
0.000865246
0.000595395
0
0.000182357
0
4.45487e-08
0
9.63171e-05
3.80883e-07
4.69854e-08
0.000396223
0.000389197
0.000255336
0.000166637
7.18595e-09
0
0.000804427
0
0.000134368
4.54587e-07
6.5434e-06
0.000711819
0.000416687
5.5952e-06
0.0003176
0
0.000899732
0.000730718
0
0.00062408
4.15944e-09
9.0091e-06
0.000151127
0.000922034
0.00025721
0
0.000232217
7.59567e-09
0.000209316
0.000336239
2.39002e-05
0.000540505
0.000324494
0.000690689
0
0
0
0.000649147
0.00101374
0
0
0.00115843
0
0
3.52752e-08
0.00100444
0.000195378
6.05848e-07
7.00328e-05
0
0
0.000613681
0
0
0.000416919
3.58597e-05
0.000344209
0.000556664
8.48099e-06
0.000701347
0.00061918
0.000271978
0
0.000242453
0.000459697
0.000626346
0.000686736
0.000206677
0
0
9.63308e-05
4.70608e-05
0
0
0.000370378
0.00113995
0.000181909
0.000932131
0
0.000276167
1.95574e-08
0
4.43568e-06
0.00110433
0
0.000181436
5.7639e-05
0
0.000443483
0.000235276
4.21978e-08
5.15008e-07
0
0.000288114
1.51769e-07
0.000301432
0.00019988
4.87091e-06
0
0
0
3.20453e-09
4.08434e-10
9.73333e-09
0.000134715
0
0.000184068
0
2.78771e-05
0
1.47857e-08
0.000402955
4.18432e-08
3.21361e-07
0.000764248
0
4.40192e-05
0.000441973
9.57452e-06
2.69407e-07
0
0
1.17641e-08
0
0
3.41801e-06
0.000404158
0
0.000161823
0
0.000323547
3.17053e-08
0.000765799
0.00123995
0
7.4449e-06
0
4.74103e-09
0
6.44798e-05
7.35885e-05
3.61549e-08
8.61885e-05
0
0
9.38469e-05
0.000102933
0.000181037
5.78388e-08
0.00118846
0.00044397
0.000215567
3.28799e-09
0.000544534
0.000277066
0.000809663
4.03463e-08
0.00030561
0.000643372
4.9963e-05
0
1.51691e-07
0.000301157
0
0
0
0.000259453
0
0.000904376
2.50944e-08
3.01776e-10
0
0.000311375
0.000806379
0.000573334
0.0010717
0
0.000984473
0
0.000921878
0
0
0.000335967
0.000755328
0.000718309
0.000149625
0.00079475
4.38236e-07
1.77682e-05
0
0.000115095
8.35506e-05
2.79189e-08
0
0.000295565
3.70349e-06
0.000372852
0.000310595
9.40225e-06
0.000337369
0
0
0
0
0.000545891
0
0.000549831
0
2.40078e-08
0.000368063
3.82087e-05
0.00019045
0.00100291
0
0
0.000817126
0.000658026
0.00113755
0
6.41717e-05
0.000253819
0.000552761
0.000142284
4.96872e-05
0
0.000533266
0
0.000241946
7.42889e-05
3.79698e-05
0
0.000236311
3.08177e-06
5.08656e-09
0
0.00030948
0
0.000844926
0.000281678
0.000104213
0
1.07165e-06
0.000610296
0
0.000925116
0.00097174
0.000954487
1.65081e-05
1.07675e-05
0
0.000569823
8.05077e-10
0.000870323
0
0.000182225
0.000120112
0.000764235
0.000466374
9.35501e-06
2.52107e-06
0
0
1.51057e-09
0.000364025
0.00113624
0.000804172
0.00109298
0.000354167
0
0
0.000627111
0
2.13652e-05
0.00108145
1.04813e-05
8.79217e-09
0
0.000205151
0
0
0.000134033
0
0.000474755
0.00113292
0
2.12008e-05
0.00113891
0.00101587
5.94309e-09
0.000734626
0.000129831
1.38973e-08
0
6.18933e-08
6.90769e-06
0.000640273
0.000734946
0.000914675
0.000290297
0.000590806
0
0.000225797
0.000401765
0
0
0.000761056
0.000674897
0.000106442
0
0.000843435
0
0.000816228
0
2.32212e-09
0.000869771
0.000112723
0.000356364
0
0
0.000107948
0
7.14519e-06
7.1968e-10
0.00019897
0.000815992
0
6.46259e-06
0.000206233
0.00108469
6.54586e-05
0.000299931
4.93634e-08
0.000919693
0.000874704
2.75061e-05
0
5.14898e-05
4.23898e-06
2.1023e-05
0
0
0.000610439
0
0
7.32089e-08
0
0.000857014
1.01545e-05
3.24096e-06
0.000871058
0.000287709
0.000685019
1.75583e-06
0.000482261
0.000671889
0.000241443
3.9937e-07
0.000757619
0.000609099
0.000330556
5.11741e-05
0
0.000421855
0.000122164
0
1.84707e-08
2.45813e-06
0
0.000644377
0
0.000434878
1.93092e-05
0.000712367
0.00113387
1.51975e-08
0.000506137
0
0
0.00105073
0.000266563
4.30764e-07
0.000720401
0
3.8982e-06
0.00053262
0
5.80941e-05
0.00027031
9.30883e-05
0.000451791
0.000750551
0.000297219
0.000742751
0
2.4515e-06
1.82505e-06
0
0.000630224
0.000319082
0.000460977
0
1.41176e-08
0.000165824
0
0.00129086
0.00116919
7.41462e-09
0
0.000277007
2.1071e-07
6.05288e-06
6.72319e-05
8.89263e-06
0
0
0.0011585
0.000259771
0.000616951
4.13329e-05
3.46817e-09
0.000287334
0.000692266
0.000683708
8.92232e-05
0.000138728
0
7.3126e-05
4.73448e-06
0
7.53398e-05
8.33806e-05
2.48825e-07
9.25444e-05
0
0
1.66082e-06
0.000726915
5.07641e-08
0.000328443
1.45591e-05
0
0.000230343
0.000602091
0
0
0
0
0.000112616
0
0
1.41253e-06
0.000681333
8.65e-07
0.000281135
0.000123448
2.27967e-05
0.000328308
0
0
0.000199204
0
5.5736e-09
0.000320258
0
7.07403e-08
7.35187e-06
0.000953558
9.80791e-08
0.000876836
6.34766e-06
9.66207e-05
0.00132222
1.76583e-08
0
3.96553e-05
0.000738848
5.09791e-07
1.62348e-09
0.000586876
4.47278e-09
3.81548e-08
1.24051e-09
0
0
0
8.51271e-07
7.69225e-08
0
0
0.000113088
0
9.82183e-08
1.33744e-06
2.56563e-08
5.16596e-05
2.04494e-08
0.000145411
0
0
0.000986758
0.000204175
0
0
0.000383956
0
0.00011432
0
0.000238961
5.02002e-05
3.29207e-07
9.28278e-05
1.69956e-09
0.000201008
0.000579277
0.00070179
0.000159045
5.61201e-06
4.57449e-06
0
7.213e-08
3.28593e-05
0
0.00025557
0.000967136
0.00113217
0.000307928
0.000397417
4.0573e-06
0
0.000501219
0.00044596
0
0.00066055
3.39262e-06
1.15281e-05
0
0.000694305
0.000299458
2.1791e-08
3.36518e-05
0.00119033
0
0.000653246
0
0
0.000687384
0.00024263
2.75784e-05
0
2.21757e-09
0.000100008
4.08398e-05
0.000507331
0.000154037
4.97866e-06
0
0
0.000479189
0
8.18957e-05
0.000537003
0.000247916
0
0
9.57863e-06
0.000867651
1.40062e-06
2.05761e-06
8.72396e-06
5.68347e-07
1.16931e-05
0.000399721
0
2.57661e-06
0
0.000206075
9.58335e-09
1.97772e-09
7.16833e-06
0
5.75269e-07
1.46803e-08
0
0.00070727
1.38196e-06
0
0.000295671
0
0.000494233
0.000162011
0.000159511
8.97721e-05
0.000333734
0
2.16871e-07
8.46739e-09
0.000102276
0
0.000631766
0
0
2.55892e-05
0.000753947
0
0.00027888
0.000346318
1.58113e-05
0.000121949
0.000225058
0.000204574
0.0011272
6.09902e-07
9.67528e-10
0.000275229
0.000131495
8.53683e-09
0.000510854
2.29674e-08
0.000824304
0
2.0741e-05
0.000469052
0.000289461
2.37764e-08
0
2.31256e-09
0
0
0.00059509
5.40413e-05
0
6.75762e-05
0.000374216
0
0
0.000386052
0.000149316
0
0
0.000270558
8.48805e-05
4.74679e-08
0.000543588
0.000473377
0
0
0.000438022
0.000350155
1.98023e-05
0
0.000938814
0
0.000267662
0
0.00023381
0.000980361
2.54573e-05
0.000122959
6.1443e-07
0.00121993
0.00101354
4.18609e-05
0
0
0
0.000385711
4.2219e-06
1.05639e-05
0.000478092
1.57562e-06
7.39648e-05
1.11882e-07
7.98971e-05
0
0.000236091
0
0.000326508
4.85043e-05
1.84603e-08
1.1353e-06
0.00128475
0
6.30675e-09
2.6788e-06
0.000566299
0
0.00070599
9.64753e-06
0.000309196
0.000600312
1.09904e-08
0
9.97253e-05
0.0001715
0.000381397
0.000131939
0
0.000533946
0.000127801
0
0.000531175
0
0.000603955
0
4.40091e-07
0
0.000348387
0
0.000158799
0
0
0
0.000315579
1.12723e-05
0
0.000382988
0.000648689
5.80718e-05
0.000427399
5.62919e-06
0
0.00114606
0.000950001
1.25789e-09
0.000328847
0
0
0
0
0.00043468
1.41629e-07
0.00111412
0
0.000421938
8.53142e-07
7.70628e-06
0
0.00114787
0
0.00052532
9.42233e-07
0.000623652
0.00023751
0.000658098
0.00014136
0.000144345
0
4.43824e-05
2.21145e-06
0.000290601
0.00086086
0.000484541
8.19046e-09
9.05773e-05
0
6.48654e-05
0
1.73962e-05
0
0.000920528
0.00107369
0
6.51901e-05
3.40747e-05
2.82832e-07
0.000252989
0.000221731
2.70813e-07
0.000142983
0.000760314
0.000687918
0.000914881
0.00064957
0
0.000240208
0.000469527
0.000856535
0
0.000555868
0.000488975
0
0.00102382
8.6831e-09
0
0.0011698
5.36762e-09
0
0
5.70495e-09
0
0.00048341
0.000546175
2.57532e-07
0.000348892
1.32167e-05
0
0.000322213
0.000896579
2.29304e-08
0
0
0
0.000271893
0.000520512
0
2.71501e-08
0.000528885
9.16316e-06
0
9.66596e-09
0.00038137
0.000542842
0.000386339
0.0006608
0
0.000868119
0.000766395
0
6.17906e-05
4.53872e-06
0
0.000212721
1.55835e-10
1.2571e-06
0
7.34532e-07
0.000890337
0
0
6.90036e-05
6.95678e-06
0.000626829
0.000755297
5.97911e-09
0.000958519
0.000717296
4.86905e-09
0
0.000443686
8.36419e-05
2.22587e-05
9.82588e-05
0.000306895
0.000795305
0
1.53074e-08
0.000657927
0.000976908
0
0
0
0.000407425
1.50807e-05
6.78168e-05
0
0.000223456
2.11774e-06
4.01042e-06
9.9134e-07
0.00126714
0
0.000946801
4.86696e-05
0
0
9.85473e-05
5.26844e-06
0.000835973
9.20968e-05
8.9863e-07
0
6.70624e-10
1.10415e-05
1.99279e-05
0
0.000112767
0.000375725
0.000595398
0.000362914
0
2.35843e-05
0.000487086
0
0.000823801
0.000707668
4.02343e-08
1.96839e-06
0.000479173
6.4621e-06
0.000235442
0.000180953
1.03755e-08
0
0
0.000131581
0.000239489
0.000245895
0
0.000196162
0.000120908
0
0
0
0.000489289
0
6.28239e-06
0.000326753
0.000472971
0
5.26853e-06
4.01719e-06
3.7333e-09
0.000224748
0.000359737
0.000493713
2.9535e-08
0.000334634
0.000746763
0.000606351
3.42691e-06
0.000352829
0.000844483
2.66652e-07
6.49634e-05
3.20253e-09
0.000216249
0.00126497
0.00102495
0
5.52385e-05
0
0.00113984
1.35966e-05
0.000909056
0
1.03274e-06
9.51834e-06
0.000247799
0.000272042
6.68705e-09
0.000402184
0.000872448
3.82224e-09
0.000317844
0.000371894
0
0
0.000979924
0
0
3.94597e-05
1.60205e-08
9.05829e-06
0
0.000778432
3.26053e-08
0.00121069
0
0.000450242
0
0.000213461
0.000124245
0.000294856
0.000331226
0
5.13444e-09
8.99364e-05
0
1.10266e-07
1.51981e-05
2.26758e-07
0.000144843
6.92723e-08
0.000444224
4.26456e-05
0
0
0.000414231
0.000790757
0.00018896
0.000246675
0
0
0.000244053
0.000685465
0
2.07452e-06
0.000423095
0.000588143
1.80781e-06
0.000819237
0
0.000501642
2.84242e-05
6.6235e-09
0.000120285
7.25088e-10
0
0.00117285
0.000118436
0
0
0.000890028
0.000329505
0.000244347
0.000380788
8.21895e-05
0.00103378
0
0
0.000474343
0.00122269
0
0
0
0.000340129
1.99653e-08
0.000482365
1.66273e-06
0.00115072
1.02713e-09
0.000269467
0.000608645
0.000582045
0.000788807
0
1.92872e-08
0.000249969
0
0
0.000374283
0.000812429
2.43068e-06
0.000206528
0
0.00046153
0
0.000832259
1.40834e-06
0
9.25769e-06
0
0
6.4018e-05
0
3.84991e-07
0.0003979
0
0.00062739
0.000143272
0.000712751
0.000701616
0.00106737
0
1.03293e-05
0.000620211
0.00100566
0.000370429
0.000795567
6.67254e-09
0.000137958
5.83713e-11
3.41703e-05
0.000855356
3.44534e-07
0.000488575
0.000672443
0.000148953
1.37388e-08
4.28129e-09
1.17089e-06
0.000250031
0
5.31142e-06
2.4491e-07
0.000135293
7.03124e-06
0.000724559
3.87232e-05
0
2.47076e-07
5.64586e-05
2.25799e-06
0
6.79552e-07
0
0
8.98016e-05
0.000970098
5.97769e-05
0
8.1836e-05
0
4.37434e-06
0
0.000764527
0.000144517
0
0
0.000817225
0
0
4.71246e-05
0.000148579
0.000461569
5.85382e-08
8.30792e-09
0.000878223
0.000114224
0.000104645
0.000285524
0.00110878
0.000453529
0.00058689
0
0
0
0.000528463
5.58671e-09
3.60837e-05
3.15454e-08
7.02848e-09
0
0
0
1.11003e-09
0.000917709
0.000284691
5.72468e-05
7.44086e-05
0
0
1.63121e-09
0
0
0.000577045
0.000676991
0
0.000255793
0.000914314
0.00012764
4.00834e-07
0
0.000383172
0
0.000962407
0.000254222
0.00100362
0
2.27427e-05
8.99317e-05
2.30969e-06
3.25072e-08
0
0.000419203
0.00041051
1.03024e-05
6.23539e-05
9.33678e-05
0.000386014
0.00102169
0.000883403
0
0
0.000287731
0.000509134
0.000524687
0.000147842
0
1.48323e-06
0
6.77123e-08
0.000366544
0.000396511
5.59555e-09
7.31705e-05
0
0.000706551
0.000248096
0
0.000352019
0.000199353
5.06741e-09
0.000935376
0.000111323
0
0
0.000606264
0.000780575
2.82962e-05
8.48053e-06
0
0.000243808
4.81486e-07
0.000114903
0.000399805
0.000429957
0
0
0.000460837
0
0
0.000233097
0.000720139
0.00070162
0.000598408
3.86825e-10
1.07363e-08
0
0.000289748
4.90742e-05
0.00040382
0.000766055
0.000248581
0
1.28214e-08
0
0.000284599
0
0.000227848
5.51572e-07
0.000797225
9.73918e-05
0.000163367
0
0
0
0.000131129
0.000216041
0.000252686
0
7.67004e-07
0
0.000591168
7.60717e-05
0.000131672
0
0
0
0.000136615
0.000275969
0.000260631
0.000304294
9.82232e-07
0.000181929
2.91928e-05
5.23969e-09
0.000142219
0
2.82743e-08
0.000115327
0
6.51531e-06
2.56866e-05
0.000869367
0.000642689
0.000475633
3.12458e-05
0.00110283
0.000192154
0.000569941
0.000604408
0
0.00112452
0
0.000119246
0
0.000245494
0
0.000517249
0.00015167
1.42843e-05
0.000112403
0.000594027
0.000422069
7.19579e-10
0.00115707
0.000341276
4.61027e-07
0.000448959
0
0.000162319
0
0.00011032
4.03075e-08
0
0.000439261
0.000685008
0
0.000674467
4.19843e-07
0.000412808
0
0.000399769
0.00115275
0.000125765
0
0
8.15056e-09
1.26952e-08
0.000266086
0.000163872
0.000305879
0
0
0.000674381
2.60396e-06
0.000510849
2.39389e-05
2.44091e-09
0
0.000104917
2.71028e-06
0
4.19904e-08
1.21661e-09
9.75573e-07
0.000769021
0.00111652
0.000578138
3.47555e-06
0.000895025
0.000186117
9.81803e-08
0.000491996
0.000449236
0.000236971
0
0
3.11295e-06
0
0.000276606
0.000509793
5.67258e-09
0.00014009
0.00120466
8.04082e-09
0.00025925
0
8.45123e-05
0
2.98338e-05
0.000517695
0.000432267
0
0.000942104
0.000290758
0.00109228
0
0.000325773
0.000549951
4.56578e-06
0.000156537
0.00107079
0
6.22061e-05
5.42417e-05
8.06202e-10
4.42421e-05
0
0.000166575
0.000393247
0
0.000193935
0
8.20339e-05
0.000487603
0.000962862
0
0
0.00013813
0
0.00108864
8.53525e-05
0
0
0.000147973
3.6775e-09
0.000103973
7.46882e-06
0.000528193
0.000646925
1.65349e-05
0.000289159
0.000524146
0.000153342
0
0.000338724
0.000140337
9.8553e-05
1.02689e-05
1.24152e-08
0.000704723
0.000215677
3.84443e-06
0.00047008
0.000611601
0.000166298
2.76257e-05
5.58628e-10
0
0.000328467
0.000658835
0.000182667
0
0.0008912
0.000158454
0.000594249
0.000288831
0.000589607
0
0
0
0
0
0.000962281
0.000129213
0.000663756
0
0
2.78745e-09
0.00080109
0.00095353
0.000813429
0.000792825
1.30806e-07
1.33307e-06
0.000678602
7.00923e-05
0.000609179
0
0.000173481
0.000227912
6.11037e-09
0
3.67068e-07
0
9.88864e-06
0
0.000161741
0
2.44146e-08
1.77535e-05
0.000715116
0.000544342
0.00043482
7.19648e-05
5.34832e-05
0.00011105
0.00068831
2.12273e-05
0.00088549
0
0.00044094
2.33668e-07
2.23326e-09
0.000341456
0
0
0.00131629
0.000921789
1.20772e-08
8.44105e-10
0.000111134
4.42135e-07
0.0013194
0
3.18533e-06
5.88054e-06
0.000272725
0
0
1.20879e-10
0.00120822
0
0.000197112
0.000944033
4.95284e-08
0.000658437
0
0
5.6566e-05
0
0.000530236
0
0.000105599
0
9.61633e-05
0.000454117
3.60849e-05
0.000609687
8.69676e-05
0
0.000790795
0.000914905
8.44137e-07
3.17904e-08
0
0
0
0
1.29405e-07
0
0
0.000311156
7.11358e-09
0
0.000220626
0.000359414
0.000201638
0
0.000949234
0
6.30123e-09
0.000906476
4.51691e-09
0.000175383
0.000479344
0
0.000817592
0.00061731
0.00104587
0.000102556
0.000477212
0
2.31958e-09
0.000284364
3.06106e-05
1.6439e-07
0.000102342
2.31144e-05
4.03208e-06
0.000954696
0.000473431
0
8.379e-05
2.44444e-06
0.00102357
0.000624689
0.000657084
0.00111444
9.00087e-06
5.94546e-05
0
3.54171e-06
3.55044e-08
0
0.000428954
0.000584293
8.5119e-05
0
0.000159023
0.00025543
5.837e-07
0
0
0.000905351
9.75247e-05
0.000265807
0
0
0.000932968
7.70049e-05
9.3589e-05
0.000288551
0.000419309
0
0
0
7.75167e-06
0
0
0
0.000317605
0.000100969
5.88569e-07
0.000123424
0.000797655
0
0
6.18838e-06
2.65134e-07
6.09782e-05
0
0.000683535
0
0
0
7.36391e-05
3.76583e-07
0.00100085
0
0.000394489
0
8.70019e-05
0.000438496
2.6713e-07
0
0.000542717
0.000934455
0
0.000339384
0
2.71882e-05
0.000231177
0.000706033
0.000313648
0.000635678
5.50211e-09
0.000291086
0.000547573
0.000113424
0.000101332
7.25061e-05
0
0.00013584
1.19386e-05
4.26586e-05
0.00117547
0.000134737
0.00107012
9.87892e-05
0
1.3368e-09
1.18003e-07
0
7.19738e-07
5.3154e-05
1.08702e-09
0.000910789
1.74474e-06
0
4.55893e-06
0.000163488
0
0.000470846
0.000458479
2.41347e-05
0
0.000917204
0.000412995
0.000196061
0
0.00118598
6.36903e-05
0.000288401
1.59969e-07
1.64938e-08
0.000405058
0.000663976
0
9.14272e-05
0.000324846
0
0.000673618
0.000111764
0
0
1.54777e-08
0.00103508
0
0.000403599
0.000668062
0
0
2.06514e-05
0
0.0005505
0
0
2.03406e-05
0.000238223
3.12556e-05
6.05906e-11
0.000237928
0
0.000210348
0.000232676
0
0.0010471
7.97565e-06
0.000247102
0.000530741
0
0.000609382
0.000349977
0.000495345
7.90545e-05
4.7435e-09
0
0.000938845
1.033e-06
0.000259533
0.00018283
8.22822e-05
0
4.01582e-09
0.000197804
9.37509e-08
0.00015171
0.000583723
0
0
7.40891e-08
0.000534896
5.63526e-05
8.219e-05
0.000422121
0.00013169
1.73854e-05
2.90498e-06
0.0003472
0.000201666
2.92863e-08
0
0.000521065
0.000134792
2.56979e-07
0
5.49766e-05
8.56444e-09
0
4.80224e-09
0.000508671
0.000146353
7.54374e-05
0
0.0010164
0
0.00013493
0.000313414
0.000427066
0
0
0.000414687
0
2.09352e-08
0.000102421
0.000357006
0
0.000345198
0
0.000530349
0.000568902
0.000585157
6.72446e-08
0.000420903
0.000503686
0
1.51448e-06
0.000242486
6.90991e-09
0.00028186
0.000383596
1.50872e-06
0.000113583
0.000414116
0.00109756
0
0
0.000595501
0
0.000167865
9.14714e-05
3.65699e-05
0.000744039
6.07333e-09
0.000782728
0.000237825
0
0
0.000163932
0
0
6.4832e-09
0.000963692
0.000984682
0.0009955
0.000764386
0.000292827
0.000102299
0.000347451
7.4251e-05
3.88037e-09
0.00010396
5.93797e-08
5.95354e-07
1.20533e-09
1.96757e-10
1.5116e-07
9.98525e-05
0
0
0.000772625
0.000248668
1.30397e-05
0.00108786
0
0.000327713
2.02692e-06
0.000565845
0
0.000197257
1.75056e-07
0.00016134
0
4.64558e-06
0
6.53685e-09
0.000519101
0
7.45074e-05
3.74325e-05
0.000355875
4.27598e-08
0
0.000100583
4.30562e-08
7.75986e-05
0.00017146
0.000507202
1.04844e-07
0.00106811
0.000477926
0.000148571
0
0.00022002
7.87175e-06
0.000203167
0.000361782
6.34033e-05
0.000347709
2.93801e-09
6.12461e-05
2.96667e-05
1.13881e-09
0
0
0.000478358
3.88882e-09
3.76304e-08
1.94471e-08
0.000190821
0.0011778
5.46883e-06
0
0
1.50291e-06
0.000570252
3.13853e-07
0.00073982
6.80518e-05
0
0.000291465
1.44275e-07
0.000686861
0
0.000209262
0
3.38157e-05
0
1.00972e-05
1.11218e-07
1.33661e-08
0.00126824
0
0.000125761
0
0
1.81205e-06
6.90972e-05
8.49843e-06
0
0
6.2023e-06
0.00111881
0.000582954
3.26466e-05
0.000360356
0
0.000137625
0.000250322
0
0
0.000586407
1.98566e-09
0.0001928
0
4.80493e-06
4.93282e-05
0.00105346
4.13918e-05
0.000180011
0.000168685
2.64021e-05
0.000460655
0.000468458
1.60073e-07
0
0
0.000330364
0
2.01872e-08
0
0.000634293
3.07199e-09
0.000239155
0.00078169
0
0.000113711
0.000338597
0.000765949
6.31659e-05
0.000403845
0
7.91562e-08
8.08314e-05
2.09876e-05
4.67597e-09
8.57387e-08
8.50668e-06
0
0
0
0.000568621
3.16371e-10
0.000886888
0.000968698
3.3703e-07
0.000736936
0.000834494
0
5.51741e-06
0.000917803
9.40552e-09
0
0.00028729
0
0.000252932
5.45962e-05
0.000183238
6.17018e-05
0.000458304
0.00100788
0
0.000417021
5.58341e-05
0.000342075
0.000345564
0.000928077
0
0.000207251
2.47075e-06
0.000613772
1.40471e-06
0.000117555
3.47681e-09
0
0.000117665
0
0.00038324
0
0.000900978
0
0.000494145
0.00065268
0
0.000206288
2.32088e-07
0
0.000107569
0
6.90187e-09
0.000571959
0
4.73283e-05
0
0.00109012
0
0
0.000355802
0.000362013
0.000939857
1.13977e-05
0.000705217
0.000676923
5.51317e-08
0.00042119
0
2.97818e-05
0.000915278
6.28593e-05
0
2.05895e-05
0.000279027
0.000157649
0.000429283
1.41648e-06
0.000167815
0.000208231
3.33399e-08
0.000997967
8.14999e-05
0
0.000839624
0.000305567
0.000464631
0.000166209
0.000972309
7.47586e-05
0
0.000605377
1.96545e-05
0.000523828
0
0.000239567
0
0.000848073
0.000157009
0.000208433
2.07221e-08
0
1.13759e-09
6.32227e-08
7.31302e-09
0
0
3.22092e-05
0
0.000280642
0
0
0.000759236
0
2.31976e-09
0.000767641
0
0
0
8.86096e-07
8.66755e-05
4.17824e-05
0
0.000171085
0.00070924
3.82147e-05
0.000102032
0.000618188
0.000309251
0.000584987
0.000554295
0.000363562
0.000263666
3.63595e-05
0
0
3.82781e-09
0
0.000195334
3.91562e-07
0.00095804
4.58146e-08
0
8.89959e-05
0.000289085
5.23004e-05
9.60028e-05
0
0.000918962
0
0.000231147
4.43448e-08
0.00100247
0
0
0.000121371
0.000977687
0
8.29918e-09
9.31699e-06
0
0
0
0.000115082
0
0.000212464
0
0
3.11516e-05
0.00118844
0.00107945
0
0.00023272
0
3.70882e-06
2.33806e-05
7.37007e-05
0
3.35156e-05
0.000198636
0.000657682
0.000116399
7.23611e-08
0.00037809
0
2.30843e-06
0.00031345
1.38862e-05
0
0
0
0
0
0
0
0.000218001
0.0011274
0.00119224
0.00077244
0
0.000292665
0.000585939
0.000103547
0.000291858
0
0.000585633
3.81474e-06
0.00054148
0
0.000587638
0.000597302
6.01084e-05
0.000578736
0
0.000609869
0
6.93546e-07
3.36229e-05
5.87957e-10
0.00107549
0.000649334
3.19834e-06
0
0
0.000261309
0
3.68669e-05
0.000541724
2.29996e-08
0
8.29311e-10
0.000810507
9.70034e-06
0
0.000257936
0
0.00065383
0.000579716
0
3.71119e-07
1.24264e-05
0
0
0.000993442
2.91101e-07
0.000625774
0
4.63845e-05
0.000869381
0.000712863
3.62141e-06
2.45444e-07
0
0.0002468
0.000854334
0
4.10416e-05
0
0.000530933
0.000359461
3.24518e-10
0
0.000647678
0.000134623
0
0
0
0.0010695
1.86786e-08
0.000455169
1.40011e-09
8.96897e-06
0.000134814
0
0
0.000663438
0.000144363
0.00037254
0
0
5.66661e-05
0.000901036
0.000565654
6.24224e-07
0.000733367
0.000456054
0.000514886
0.000618893
0
7.97756e-09
0.000141993
1.27498e-09
0.000412882
0.000261881
0.000654044
0.00035452
0
0
2.07165e-05
0
2.1485e-05
1.24283e-08
0.000123571
0.000702521
1.00461e-05
0.000279381
0.000263362
1.17608e-05
0
2.32316e-07
0
7.18007e-05
9.27545e-05
0.000410556
0.000318719
0
2.2729e-07
6.33424e-05
0.000295617
2.26239e-08
0
0.000303413
0.000181984
0.000280471
0.000138434
8.78692e-06
0
0
0.000406419
0.000218848
0.000791764
0
0.000265191
0
0.000493739
9.94985e-08
4.88154e-05
0.000419975
3.58088e-05
0.000741622
0.000718177
0.000187345
2.37024e-06
0.000584655
4.90946e-05
0.00107313
3.05751e-08
9.53565e-05
0.000889096
4.84753e-05
5.74481e-10
0
5.78154e-05
9.68865e-06
0.00126542
0
7.79271e-06
0.000530086
8.62759e-10
0
0
0
0
5.16109e-05
5.07158e-05
5.36567e-08
0
0
8.57622e-07
0
0
0.000586512
0
7.09954e-05
0.000258597
0.000227947
1.52353e-06
8.53415e-05
8.28322e-06
0
0
7.21972e-05
0.000144887
0.000203595
0.00025834
0
7.78865e-05
0.000581178
0.000118935
0
0
2.29803e-05
0.000281727
2.02417e-05
1.96309e-05
0
0.000528452
0.000180659
0.000712599
0.00112357
8.3809e-08
0.000225271
0.000480738
8.94546e-07
0
5.09786e-07
0
6.10916e-05
0
0.000352173
0.000192766
2.95091e-05
9.16441e-05
0.000470263
0.000607005
0.000512168
0
3.4127e-07
0
0
0.000264503
8.29193e-09
3.99984e-06
0.00015364
2.02515e-05
0.000206233
0
1.41446e-09
0
0
0.00101492
9.84057e-08
0
0.000567118
0
0.000247865
9.77992e-07
0.000982117
1.82905e-05
0
0.000667465
0.000277427
1.65384e-07
0
0.000158812
1.49227e-05
0.000848644
0.000388385
0.000739592
0
0.00114796
0.000350959
0
0.000513482
1.42923e-07
0.000256355
0.000400021
8.33192e-06
0.00106764
0.000510102
2.92968e-06
0.00024191
0.000761616
0
0.000654919
0.000764869
0
0
6.01631e-08
0.000715764
0
9.59188e-06
0
0
0
0.000712365
3.76014e-06
0.000948674
0
5.29282e-06
0
1.71245e-07
0
0
0
9.38793e-06
0
0.00103119
0
2.37488e-05
0
7.3027e-06
0.000214404
3.95426e-10
0.000155307
5.21329e-09
0.000163471
0.000216846
0.000862504
8.04733e-06
0.00045902
0
0.000394268
0
2.28742e-07
3.82223e-09
0
5.45332e-06
5.36096e-06
0.000619265
0.000177926
0.000256328
0.000654764
0.000840439
0
0
0.000624013
5.6247e-07
0.000166955
0
0.000573148
0.000369506
2.90329e-08
0
1.11954e-05
6.66793e-06
0
0.000212626
0.000208287
0
0
0
0
1.73388e-10
2.25764e-09
2.32159e-05
1.21094e-06
8.24558e-08
0.000719352
0
0.000650685
3.80465e-05
2.89708e-05
0.00100748
0.00105687
0
0
7.42587e-09
0.000669993
0.000527022
0.000124537
0.00024651
0
0
0.000815015
0.000403094
8.71757e-09
0
9.02189e-05
0.000875774
0.000123343
0
0.000598558
0.000144731
0
0.000120003
0
5.38259e-09
0.000635018
0.000687382
0
0
0.00014527
0
0.000135077
1.21974e-08
0
0.000441885
0
0
0.000632108
0.000619627
7.00901e-05
0
4.90947e-08
0.000186578
2.3989e-06
0.000355594
0
0
0
0
0.000478905
0
0.000885373
0
0
0
0.000832402
4.18473e-09
0.000316719
0
0.000156001
1.38421e-05
0.000991391
0
0
0.00113531
0
7.33047e-05
2.11924e-08
2.12177e-07
5.67634e-10
0
0.000312963
6.3766e-06
0
0
0.000142276
3.27819e-05
0.000218737
0.000124415
0
0.000144222
3.29059e-08
0.000229431
5.87355e-07
0.000336587
0.000229987
0.000809454
0
0.000529461
0.00110584
0
0.000295439
4.29966e-08
3.74131e-05
4.61169e-07
0
0.000706134
1.73759e-09
0.000186252
0.000514538
2.39652e-08
4.01035e-09
0.000716965
0
0
0.000532655
0
0.000372084
0.000255032
0.000351773
7.07234e-08
0.000174509
0.000564595
3.80417e-08
0.000155077
0
0.000130707
0
0.000850642
0
6.42715e-06
0
2.45562e-05
0.000180817
0
0.000390332
2.17582e-05
0.000148895
0.000892968
8.29733e-07
0.000831341
0
3.22402e-07
0
0.00122516
0
0
0
0
0.000400829
0
0
0.000940932
0
0.000232795
0.000285464
1.14982e-07
0.000148314
2.91642e-07
0.000654007
0.000610792
0
0
0.000592544
0.000347798
0
0.000826154
5.59825e-06
0.000372955
0.000754742
2.96374e-06
8.64084e-05
0.000421192
0.000141067
0.000202922
0
0
0.000228221
0
0.000546442
0.000489335
0.000741593
0.000349797
0
1.94717e-07
0
8.82955e-05
2.02096e-06
0
0.000678188
0
6.38198e-05
0.00115614
0
0.00040123
0.000725099
5.54941e-05
5.41138e-08
0.00108027
0
0
0
0
0.000177321
0.000398961
0.000263938
3.50244e-06
0
0.000331654
0.00023289
0
4.01187e-09
0
0
9.35474e-05
0.000476294
0.000840473
0.000221124
0
0.00076036
3.70256e-07
9.85157e-07
0.000527588
0.000780086
2.05994e-05
0.000517225
0
0.000649561
0
2.74303e-05
0
1.37264e-07
0.000827456
0.000459792
0.000354129
0.000212494
0
3.33374e-08
2.57812e-09
0.000160965
0.000586144
0.000540959
0
0.00110755
1.31979e-05
0.00048551
0.000201785
8.63996e-05
7.44319e-05
1.92795e-05
2.10606e-06
0.000509434
2.56591e-05
2.48077e-09
0
0.000359142
1.6807e-08
0
0.000208061
1.04823e-06
0
8.72631e-05
0.000354449
0.00015251
0
0
6.10652e-05
3.91415e-07
0.000143135
2.02547e-09
0.000408012
1.3594e-07
1.05164e-05
0.000549781
0
1.32357e-05
0.000139172
3.66101e-07
0
0.000415579
0.000277423
0
0.00043941
0.000633047
0.00122653
0.000894235
0
0.000929321
0
0.000199619
0
0
0
0.00100239
0
0.000467085
0.0002175
0.000763419
0.000301476
0.000362209
5.7662e-05
0.000182896
0.000403409
0
0
0.000976602
0
0.00087565
0.00067213
3.09803e-06
0
1.51187e-08
0
0.00100791
0.00102819
0
2.44958e-09
0
0
0
0.000561264
0.000740106
0.000147812
5.98953e-05
0.00100688
4.24412e-05
0
0
0.000481043
2.36258e-07
0.00107925
0
5.08269e-05
0
0.000689102
0
0
0
0
0.00102271
0
1.73064e-05
0.000501842
3.30006e-05
0.000368966
2.13688e-06
0
0.000121446
7.51296e-05
0.000546652
0
0
3.63905e-05
0
0.00086374
0
0
0
8.75399e-08
0.000721911
2.26519e-05
0
0.000151406
0.00078438
1.43957e-08
0.00119106
0
1.9558e-06
0.000149167
0.000225229
0
0
1.47829e-08
0.000238189
1.07983e-05
0.000760158
1.09123e-08
0.000159414
1.49696e-06
0
1.66506e-06
0
1.6551e-05
0.00109916
0.000362168
6.43484e-08
0
0.000130257
0
6.66942e-05
0.000726477
0.000121833
1.85364e-07
0.000252654
0
0.00063042
0
0
0
2.78549e-07
0
6.45225e-05
0.000207319
8.72608e-05
3.48429e-06
0.000398917
9.6213e-06
0.000131442
0.000216565
0.00021545
0.00100268
0.00109365
0.000296911
2.16314e-08
7.62213e-06
0
0
1.30877e-08
0.000138698
0
2.66499e-07
0
0
0.000752535
0.000284679
1.19341e-10
0.000404109
0
1.75768e-08
0
9.85893e-05
0.000884245
0
0.000767461
0
2.31324e-07
0.000776432
0
0
8.97932e-05
0.000154974
0.000215071
3.34112e-09
0
0.000245815
1.04586e-08
0.00093906
0.000769369
0.00097072
3.42993e-08
0.000374046
0
0.00100726
0.000115921
2.05821e-09
6.62903e-08
1.40918e-07
0
0.000107128
0
0.000460291
5.52406e-10
2.25721e-05
3.24143e-08
0.00100541
0
0.000935375
0.000705448
1.83932e-08
0
0
0.000281781
0
0.000488588
0
0.000180034
0
6.31835e-07
0
0.000354868
3.68344e-05
0.000560995
0.000832085
0.000251345
0.000319415
0.000599945
0.000151319
0.000628309
0.000905562
0
0.00051286
0.000720646
0.000608879
3.16031e-08
0.000483478
0.000502263
0.000287197
0
7.36714e-10
0.00048277
1.61998e-05
0.00057794
1.13495e-07
0.000875738
5.2342e-06
2.85031e-05
1.00481e-06
0.000293253
0.00034884
0.000273529
1.26456e-07
3.44881e-05
0.000270988
0.000192818
0.000105593
0
1.00752e-05
0
0.000381009
0
3.26487e-06
0.000157315
6.02939e-05
3.21035e-07
3.3049e-06
0
0.000704651
2.47516e-07
0.000397648
0
2.30361e-05
6.8269e-05
0
0.000968607
1.2544e-07
0.000514556
4.85865e-06
0
1.67438e-09
0.000401431
4.16764e-07
0
0
6.46433e-05
0.000761124
7.67659e-05
0
0.000306115
0.000203725
4.68603e-09
0.000165298
1.22508e-06
0
9.97288e-05
0
5.73156e-05
0.000216788
7.24424e-09
0.000514669
0
0
1.13725e-09
0.000756599
0.00109848
5.92349e-05
3.82583e-08
3.90353e-05
2.73148e-05
0.000847062
7.95097e-09
0.000566105
2.46403e-06
1.124e-10
3.67839e-09
0
0.000296045
0
7.3535e-05
5.93624e-06
0.000746641
0.000107652
0
0.000432998
0.000294747
0.000122178
7.25689e-05
1.54036e-06
0.000312974
0
0.000402455
0.000418277
0.00100732
0
0
0.000704222
0.000321947
0
0.000413397
0.00094173
0
0
0.000294765
1.44508e-05
0
0.000516567
0
0
4.46915e-09
0
9.46402e-08
0.000176295
0
0
0
0
0.000144303
2.8719e-05
0.000773698
0.000741162
0.000865822
0
1.60346e-09
0
0
0
0.000237965
0
2.74444e-06
0
7.79652e-05
0.000105436
3.60835e-05
0
0
3.65522e-05
0.000292362
1.0414e-06
0.00108673
9.86278e-07
6.54732e-05
0
0.00120683
0.000131526
1.26941e-07
0.00018553
0.000930666
5.51017e-07
0
0.000332031
0.000341689
0
0.000620957
2.89179e-06
0.000112934
0.000231051
9.96513e-05
0.000464206
1.21529e-09
4.91028e-08
0
0.000253556
0.000124437
3.28643e-09
0
0
0.000470501
0.000485275
0
8.26483e-08
3.13645e-07
0.0007141
0.000599999
0
0
1.99701e-06
0.000745309
0.000153993
1.56908e-05
0.000385094
0.00112252
0
0.000525629
0.000940228
2.0514e-09
0.000347557
8.64442e-05
0.000794953
0
1.85761e-06
0
1.16467e-05
0.00107971
0.000296056
8.01648e-05
1.18353e-07
4.10306e-05
3.51003e-06
0.000266627
2.33384e-07
0.00089984
2.33899e-05
0.000156824
0.000149822
0.000625423
4.48004e-10
0
0
0.00081469
0.000406904
0.000730543
1.15213e-05
5.96973e-05
1.79387e-09
0.000290556
9.69583e-05
0.000279422
3.23556e-06
0.000676703
0.00106492
0.000397185
1.86645e-08
0.000776042
5.12735e-08
1.74598e-06
0
0
0
0
0.00102055
0.000283603
7.44467e-08
5.03002e-05
0.000129714
6.05068e-07
0
9.01061e-05
0.000149412
0.000528269
0
0.000325564
0
5.8226e-09
3.8108e-06
0.000392774
1.11189e-07
7.87425e-05
2.06654e-08
6.59385e-07
8.46153e-10
7.1749e-05
0.000294603
0.000647955
0.000639152
0.000183536
1.74726e-05
1.5526e-05
0.00112276
0.000362158
1.66358e-06
0
4.77448e-05
0.00050733
0
0.000100619
0
0.000311096
0
0.000608679
0
0.00112436
0.000374484
1.52406e-07
0.000402693
0.00031298
0.000142855
0.000816597
7.44211e-05
6.90681e-05
1.21516e-08
0
6.5509e-05
3.16411e-08
0
0
0.000544998
0.0011325
0.000622621
0.000202475
0.000239453
7.99503e-08
0
0
0.00022424
0.000694348
0
0.000447141
0.000667426
0
1.23288e-05
6.63082e-06
0.000125617
1.17453e-07
5.23271e-08
0
0
0.000677158
0
0.000541426
0.000200517
6.92188e-09
0
0
0.00124807
0.000467078
5.35877e-05
0.000387341
0.000518033
0.000468006
0.000818741
1.76435e-08
0.00032646
0.000282398
0.000102846
0.000225875
0.000543991
3.01957e-06
0
0
0.000713845
0.00118713
0
0
0
6.43276e-05
1.96707e-05
0.000443647
0.000674066
0
0.000160028
0.000200796
5.09117e-05
0.000216014
0.000254565
0.000558883
0.000363125
0.000634996
0
0.000174682
0.000598506
0.00045094
3.65202e-08
0.000613151
0.00083189
0.000144921
0
0.000901207
0.000106015
5.90952e-07
0
0
0
0
0.000142513
0
0.000131113
6.41909e-05
0
8.44876e-05
0.000314254
4.67492e-10
0.000363283
2.17119e-05
0
0
6.93988e-05
0
0
9.52878e-05
0.00111839
0
4.60294e-08
4.0276e-05
1.19376e-05
3.38567e-06
1.80294e-08
7.05289e-05
0.000261972
0.00027802
0.000589478
0.000601031
0
0
8.76746e-09
0.000841633
0.000421923
0
0.000212668
5.87103e-09
0
9.38427e-08
1.06619e-05
3.86828e-05
0
0
7.28986e-10
0.000697414
2.59654e-05
0.000582123
3.53597e-05
5.97592e-07
9.76859e-05
8.03007e-05
0.00022776
0.000636302
6.83663e-06
0
0.000549872
0.00085348
0.000357384
1.12277e-05
2.90756e-05
7.05276e-06
0
0.00023985
0
0
0.000172591
3.97014e-05
0.00061607
0.000994387
0
0.000749538
0
0
9.75384e-05
0.000871469
0
0.000565083
0
0.000938704
3.66297e-07
1.59371e-07
4.15831e-05
0
0.000201522
0.000501533
0.000347121
0.000496238
0
1.8636e-05
0.000743849
1.03165e-08
0.000811478
0
0.000240288
5.54761e-09
0.00027088
0
2.88656e-08
3.29062e-05
0
0.000361904
0
0.000614681
0.000787597
2.76758e-06
0.000248722
2.64533e-09
0
9.50143e-05
0.00055912
5.74032e-06
3.59463e-06
0.000451882
0.00100156
1.00018e-07
0.000747157
0.00108222
0.000458838
3.01864e-05
0.000270143
0.000717041
0
4.286e-05
0.0010602
0.00044543
0
0
0.000621522
0
0
8.07103e-05
0
0.000505013
1.435e-05
0.000362886
0.00076571
0.000516052
0.000439814
0
0
0
9.07442e-05
1.83893e-09
3.47637e-05
1.2111e-06
0
2.24569e-07
0.000346222
0.00123078
0.000543935
3.48467e-05
0
0.000731012
0
0.00106494
0.000263684
1.54477e-05
1.4825e-08
4.15592e-09
0.000251813
1.54663e-05
0
6.8958e-09
0
1.7781e-09
0
0.000473816
0.000617436
0
0.000100225
1.13914e-09
0.000316554
0
3.32743e-05
4.89064e-05
0.000721891
0
0.000619369
0.00029911
8.4527e-05
1.75869e-06
5.36666e-05
0.000492
1.30011e-10
0
0.000107748
0.000182742
0
0.000325095
3.6219e-05
0.000163984
4.08218e-05
0.000152641
0
0.00110509
0
0.000375985
0.00035251
0.00076394
0.000653935
0
0.000119415
0.000205561
4.71774e-08
0
0.000533851
3.79854e-05
0
0
0
0
0
5.09543e-07
0
0
0.000271257
0.000139124
0.000200184
0.00116672
0
3.69056e-05
0.000489174
0.000617158
0.000342673
0.000607772
0.000224668
0.000861188
0
0.000608531
0.00104009
0
0.000571548
0.000288919
0.000708111
4.5566e-08
1.08777e-08
3.68857e-10
4.55532e-06
0.000560391
0
0
0.000550115
0.000361859
0.00108577
0.000807823
0
0.000210818
8.36009e-06
0.00101464
0.000651212
5.75398e-05
0.000377414
2.25075e-09
0
0
0.000521999
0
0
0
0.000452956
5.65094e-05
0
0.000146991
0.000211823
0.000102069
0
0
0
0
0
3.73307e-06
2.50264e-09
0.000772781
0
5.92359e-06
3.54101e-08
0.000889394
0
0.000428109
0
0.000409378
0
0.000336059
0
0.000605695
0.000577101
1.43543e-07
8.31008e-05
0.000351567
0.000578906
0
6.88677e-05
0.000111743
0
0.000307322
0.000138123
1.55563e-08
0.000819144
0.000493714
7.20268e-05
0.000323821
1.67108e-05
0.00069957
5.3165e-08
0.000599446
0.000140714
0
0.000274043
0
0.000786497
0
0
0.000262095
0.000977588
0.000256757
0.000418839
1.27634e-08
0.000358362
0.000873421
0.000375094
0.000445852
0
3.31529e-07
0.000603877
0
0
1.60554e-09
1.65004e-05
6.48146e-09
0.000452045
8.20007e-05
0.000417636
0.00047127
1.01323e-06
4.48268e-05
3.28118e-08
0.00034109
0
0
8.16809e-05
0
0
8.19805e-05
0.000565372
0.000958584
2.19472e-05
0
0
0
0
0.000152994
0.00041405
0.00079879
0.000161107
1.60415e-08
0.00064102
0.000441367
0.00118591
1.16035e-07
0.000560582
0.000711332
0.000569036
1.03369e-07
0.000818285
0
0.0003154
0.000563563
6.38325e-05
0.000644084
0
0
1.42897e-05
0
0.000346327
0
0
0
0
0
1.05167e-06
0
0
0.000530873
0
0.000569301
0
0.000237347
4.04831e-06
0.00102434
4.24832e-05
0.000354472
0.000316651
2.86715e-06
0.000664423
0.000152737
0.000250788
0.000539119
0
0.000659463
0
0.000613187
0.000164512
0.00035772
0.000276212
1.64244e-10
0.000449223
0.000342956
0.000128782
1.95719e-05
2.86672e-09
0.000202622
0.00102023
0.000217897
1.31945e-07
3.86498e-05
0.000668896
0
4.11892e-06
0.000387011
0.000170816
0
0.000233591
0
7.25508e-06
0
0
0
0.000911202
0.00108968
0.0002899
0.000956038
0
2.33276e-07
0.000164302
8.80391e-05
0
2.9093e-05
8.72734e-06
8.4416e-08
0.000269873
0.000535206
0
0
1.94955e-08
0
2.2906e-09
0.000628672
0
0.000846887
0.00116451
5.61749e-10
0.000319187
0.000353346
0
8.76096e-05
0.000668593
2.35229e-06
0.000905967
0.000157917
3.0857e-09
0
0
8.6611e-05
2.97735e-05
0.000366056
0.000117434
0
4.05538e-05
4.42779e-06
0
0.00047374
0
0
0.000494325
0.000105918
0.000968877
0
0
5.41043e-05
0.000207769
0.000378547
3.19656e-09
0.000170098
2.91401e-07
0.000436788
0
0
0
0.000703652
0
1.77228e-05
1.40445e-05
0.000863471
0
0.000317248
0.00117445
0
0.000184196
0.000509228
0.000333159
0
0
0.00012887
0.000227551
7.08479e-09
0.000686021
0
5.74802e-07
0.0007387
1.51008e-06
0.000302448
6.63668e-07
0.000759041
1.09688e-05
0
0
1.36447e-05
0.000225207
7.30454e-05
0
0
0.00089054
5.76655e-07
0.00042383
0
0.000331564
0.000187921
0.000388964
4.17652e-09
0.000252502
0
0.000769807
0
0
0.000590783
1.28599e-06
0
0.000753279
0.000483559
0.000341458
1.42271e-05
0.000204426
0
1.23382e-06
7.65403e-07
0.000173
1.5704e-07
2.14837e-05
0.00025256
0
0
1.57134e-07
0.000474217
9.47371e-08
0
1.26562e-09
4.04117e-07
0.000337245
0
9.30536e-05
0
0.000754706
0
1.34095e-05
0
0
0.000250883
0.000925272
1.69465e-08
0
0.00106033
4.19036e-07
0.000713291
0.000120673
0.000350366
0.000190671
1.78735e-05
0
0
0
0.000152576
7.8038e-07
1.17091e-06
4.68996e-05
0.000960592
0
0.000493914
0
0.000129885
2.10666e-07
0.000487125
1.4884e-06
8.30961e-05
0.000322376
0.000814252
0.0011073
0.000515328
0
0
1.32341e-08
0
2.18567e-07
0.000682619
7.19791e-07
8.96676e-07
0.000228207
8.26986e-06
1.27208e-08
0.000396746
0
7.87413e-06
2.86872e-05
0.000170976
0
0.00124695
0.000232583
0.000704804
0
0
0.000429183
1.61255e-07
0
9.38934e-08
0.000520775
0.000602985
0.000271593
0
6.24442e-08
0
0
0.000134764
0.000771527
0.00062242
0.000136921
7.90388e-05
0.000144065
1.88876e-07
0.000283366
1.14117e-05
0
0
1.68694e-08
0.000682998
3.57874e-07
0.000223679
0
0
0
0.00100107
0
0
0
0
0.000397479
0.000100311
0.000373187
3.0277e-06
5.70564e-08
0
0.0011412
0
1.15607e-06
0.000400918
8.8868e-05
0
0
0.000593966
0.000123472
0.000725151
0.000219464
0.000606902
0
0
0
0
0
0.000598769
0.00111533
0.000637409
0
1.00478e-05
0.000163406
1.38772e-05
2.78968e-05
0
7.2988e-05
1.66563e-08
3.17798e-09
1.96507e-09
0.000467497
0
0.000673021
0.000302285
0.000291962
0
0
0.000225437
5.91343e-05
0
0
2.63578e-09
0.000236936
0.000623824
0.000385582
0.00122383
8.03534e-08
0.00096848
2.29204e-08
0.000212115
0
0
0.000714233
0.000144238
1.27531e-07
0.000536111
0.000237228
1.12701e-07
0
0
0.000401278
2.2108e-07
2.43006e-05
0.000913939
0.000326861
0
0.000337981
0
0.00118737
0
0.000207259
0.000291274
0
3.43565e-10
0
0.000194735
0
0.000592456
0.00101489
0
1.31472e-09
0
0.000145213
8.92077e-09
0
0
0
0.000403799
0.00017219
0
0.000213182
0
2.5061e-05
0.00052602
0.000119118
0.000382406
0.00107288
0
0
0.000110347
0.00024058
4.01311e-07
0
8.78177e-05
9.63796e-05
0
0
1.38695e-06
2.09084e-10
1.49432e-06
9.97856e-05
1.05555e-06
0
3.03699e-08
0
0
0
0.00102236
0
0
2.84783e-07
0.000943895
6.12955e-09
0
0.000682161
0
0.00052618
0
2.62107e-05
3.80487e-09
1.3973e-09
1.0776e-06
0.000267351
0.000382446
1.13093e-08
1.239e-08
2.1276e-06
3.49288e-05
0
0.000607296
4.89182e-07
0.000201524
0
0
1.50182e-07
0
0.000496441
0.000238318
0
0
3.29286e-06
0.000404475
2.2477e-05
0.000269646
0
0
0
0.000898958
0
1.88629e-09
0.000164531
2.56791e-07
0
1.37738e-05
0.000733673
4.78956e-05
0
0
0.000179846
0
0
0.000569708
0
0
0
0.00110197
0.000553654
0.00103194
0
1.08551e-06
0.000913036
6.47245e-05
0.00108072
0.0002793
0
0
0
0.00066315
4.1425e-06
0
0.000168261
1.15618e-09
0
0.000480367
0
0
8.01641e-05
0
0.00106343
0
0.000810204
0.000581309
0.000989844
0.000286362
8.51433e-06
0.000559633
0.000129215
0
4.78591e-07
0.000131235
6.9059e-06
0
0
0.000117811
8.02795e-10
6.17452e-05
0
0.00027834
0.000560781
0.000603718
0
0.00025352
3.37448e-06
0
0
0
0
0.00054179
3.06498e-05
0.000744726
0.000407744
5.0158e-05
0.000420446
0.000126982
1.79858e-08
0.000767658
0.000632474
0.000118147
0.000108445
0.000815947
0.000167984
0.000384063
0.000105836
0.00110391
0
0
0.000932343
6.91121e-07
8.74723e-05
1.05052e-05
0
0
0.000846702
0.000576049
0.000140742
0.000962445
2.71734e-09
0.000589118
0
0.00069048
0
0.000229183
0.00119581
0.000470542
0.000410234
3.90102e-05
0
0.000680144
0
0.000115732
0
0
0
0.000544639
0
0.00015903
3.45094e-08
0.00025325
0.000528387
0.00103912
0.000503659
0.000805471
3.08721e-05
2.29665e-08
0.00069675
0
0
0.00057628
0.000926953
1.87102e-05
0
0.000361308
0.000249873
0.000254088
0
0
0
0.000453092
0
0.000149008
8.02635e-06
0.000366354
0.000802517
0
0.00020957
0.000794881
2.24401e-05
0.000462002
5.02291e-09
0
0
1.26e-05
1.88323e-07
0.000440966
6.68675e-06
5.61205e-07
0
0.000195987
0.000494563
0
0
0.000154079
0
0.000611902
0
0
0
0.000664084
2.18674e-09
0.000341321
0.00118725
0
0
0.000527755
0
0.000138981
0
0.000303901
0
0.000753356
0
0.000509568
8.91821e-05
2.62945e-05
0.000215164
0.000519631
1.2336e-07
0
4.64327e-05
0.000211927
0.000168526
0
1.4117e-07
0.000582238
4.80529e-05
0
0
0.00101317
2.37262e-05
0.0011538
0
1.02554e-05
0.000367003
6.95142e-05
0.000123781
8.10523e-06
0.00111477
0
2.25893e-09
0
0.000365503
0.000261452
0.00098951
0
1.34029e-08
1.02356e-06
0
0
0.00032312
0.000595465
0
4.25484e-05
0.00121078
0
0.000446121
6.51454e-05
0.000328549
0.000654627
0.000777606
7.47618e-06
1.45728e-08
0.000834164
0.000392465
0
0.000667023
3.20554e-05
0
0.000629057
0
0.000871826
0.00104715
1.90038e-08
0.000239285
2.17564e-05
0.000456004
1.74199e-06
2.96732e-06
0.000250405
0
0.00020509
5.91621e-05
2.37631e-06
0
0.000574392
1.31508e-05
2.58626e-07
0.000494334
0
0
0.000480557
0
0.000228126
0.00110691
5.20449e-08
0.000596151
0
0
0
4.40467e-05
0
0.000503605
0.000697405
3.05393e-07
0.000205194
3.78657e-06
0.000691874
0
0
0
0.0010478
0.000410305
1.43126e-05
0
3.03106e-05
0.000288785
0.000238906
0.000746748
0.000745934
0.000716632
0.000286901
0
0
3.98489e-08
0
0.000538826
0
0.000134491
0
0
3.83618e-08
1.29394e-06
0
0.00120577
9.1065e-05
0.000708949
0.000309722
0.00078161
0.000120657
7.66027e-05
0.000622676
0
0.000436307
2.00103e-08
0.00089652
0
0
0.00068654
2.42427e-09
3.86308e-09
1.50388e-06
0.000278715
0.000318669
1.0181e-07
0.000533928
2.12908e-08
0.000370666
4.8451e-08
0
0
0.000934233
1.70408e-08
0.000501555
0.000344244
0
0.000422837
0.000302075
0.0001925
0.000268214
0
0
9.09345e-05
0
0.000444614
0
1.01818e-07
0
0
0.000444528
0.000225756
0
0
0
1.35328e-07
0.000848426
0
0.000571315
2.92245e-08
0.00040075
3.1602e-05
0.000244706
4.42857e-05
7.56374e-05
0.000706068
0
0.000242456
1.51692e-05
0.000662788
0.000675093
0.000218591
0.000788266
0.000472587
0
0
0
0.000645807
1.12969e-08
0.000169732
0.000267903
0.00018534
0.000288407
0.000281699
4.83636e-09
5.93356e-07
0
0
3.37035e-08
0
9.2581e-10
0.000202977
0
7.91631e-05
0
8.76918e-05
0.000841759
0.000227729
0.00119945
0
0.000210866
0.000466836
0.000486151
0
0
0.000334363
0.000776429
0.000266031
0.00111449
0
1.4071e-05
0
0
0
9.05778e-09
0
0
0
0.00050514
0
0.000733276
1.07482e-05
0
0
0
3.60356e-08
0
0.000199105
0.000198176
0
0.000334602
6.89075e-05
0
0.000670526
0
4.59704e-08
0.000390787
0.00111408
0
0.000123972
0.000718327
0.00102928
0.00104502
3.50882e-05
0.00035739
0.000620513
0.000653157
0.00120283
3.02363e-06
6.76168e-08
0.000723713
0.000670717
0.000192685
0
2.17186e-08
9.15455e-05
0
0.000281227
0.000466983
0.000182531
0.000474185
0
0.000138076
2.52396e-05
0
0.000577499
0.000407079
0
0.000117336
0
0
4.59134e-08
0
2.6536e-07
0
0.000589033
0.000558325
0.000961852
0
0
1.73256e-06
1.66137e-06
0
0.000242323
0.000342181
0
2.90291e-10
6.86778e-08
0
0.000754945
0.000608268
0.000513785
6.0078e-05
0.000639134
3.04103e-08
1.19561e-05
3.27842e-07
2.93018e-05
0
7.50003e-09
0.000223204
0.000113262
2.18745e-08
4.75265e-05
0.000816591
1.11163e-06
4.54145e-06
2.07378e-05
0.000118814
0.000629127
0
1.20716e-05
0.000379245
0
0
0
2.23376e-06
0.000324093
0
0.000524338
0
0.000653128
0
0
0.0004048
0.00124995
0
0
0.000849
0.000603806
0
0.00100558
7.49584e-07
0.000977401
0.000471048
0
0
0.000587163
0.00068446
0
0
0.000793445
0.000696758
0
0.000229117
0
0
0
4.36248e-07
0.000233804
0
7.86358e-07
0
1.18418e-09
0.000592644
0
0
0
0.000354087
0.000500213
0
0.000149919
0.000173921
0.00120733
0.000200449
4.39749e-05
0.000844837
0
0.000154925
0
0
0.00078086
0.000123002
2.49367e-05
0.000459691
0.000953558
3.99202e-08
0.000921141
0.00114264
0.00102834
1.91796e-07
0.000508456
7.62875e-05
7.07944e-07
0.000101854
0.000858601
0.000936532
0
0
0.00034621
6.64185e-08
2.52523e-05
0.000301589
0
0
0.000740976
1.19656e-08
3.08208e-07
0
0.000186185
0.000188153
0.000188212
0.00093456
0.00093433
0
0
0.000560415
5.0286e-05
0.000509062
0
1.05668e-09
0
0
0.000755445
0.000723554
0
0.000248291
0.000206294
1.42794e-05
0.000396375
0.000913822
2.40176e-05
3.06422e-05
0
0
2.58598e-07
0
0.000299264
0.000143062
0
0
0
0
0.000278029
0.000115521
1.16296e-07
1.1976e-07
0.000575685
0.000281634
0.000411488
0.00066265
0.000373327
0.000443288
0.000240851
5.45462e-06
0
4.33792e-07
0.000818848
0.000517377
0.000891298
9.65398e-09
2.29791e-06
0
0.000357503
0.000250427
6.09141e-06
0
0.00017431
0.000487921
0
0
0
1.37187e-08
0
0.000224156
0.000209314
0.000244367
1.59136e-05
0
8.75165e-09
0.000826918
0
1.15477e-09
0.000925765
0.000286919
5.83372e-05
6.95133e-05
0.00040962
0.000181855
4.64047e-08
0
4.09732e-09
1.40392e-08
0.000416836
9.11304e-05
0
0.000186368
7.57611e-05
1.60556e-05
0
0.000454296
0.000164584
0
9.3971e-05
1.10389e-05
0.00113358
0.000504177
0
0
0
0.000323935
0.000210815
0.000276385
0
2.42532e-07
0
0
1.83757e-05
0
0
0.00105661
0
0.000599723
8.17431e-05
0.000508132
2.753e-09
0
0.000702571
6.68452e-05
0
8.61218e-06
0.0005258
0.000274466
3.66441e-07
0.000498059
2.37816e-09
0.00024348
4.11444e-09
0
1.21019e-08
0.00087753
0
0.00032145
0.000787018
0
0.0002777
0.000243701
0
0.000932199
6.41674e-06
0
0.000605769
0
0
0.000451599
0
0.000889096
0
0
1.38544e-06
0.00019494
1.08917e-06
0
4.69227e-05
0.000830577
0
0
0.00088984
0
0.000699291
0.000340046
6.97221e-05
0
0.000523563
2.31488e-08
0
9.0115e-05
0.000396087
0
0.000268396
0.000225643
0.000252099
0.000909283
0.000115393
4.95241e-09
0
0
0.000418358
0.000240043
3.12501e-07
0.00108446
0.000294235
8.9742e-07
0.000383908
0
0.000175001
0.000610679
0.000203485
0.000438552
0.00126933
0.000190378
0.000705037
0
0
0.000585986
0.000702029
0.000402523
5.86062e-05
0.000392845
1.8417e-08
2.50229e-08
0.000149729
2.2254e-10
8.98452e-05
0.00039069
3.38458e-07
0.0011419
0.00106085
0
0.000272037
0.000190573
0.000209456
0.000736783
0
0
8.00921e-05
1.29726e-05
3.02283e-07
0.000606154
0.000324246
0.000342963
4.85303e-08
0.000518422
5.87877e-06
0.000158718
0
0.000518711
0.000306754
5.73263e-09
0.000167
1.97858e-05
8.92323e-10
0
0.00087652
0
0.000585901
0.000453287
0
1.19159e-06
7.49193e-07
0.000171615
3.64306e-06
3.34047e-07
9.80489e-08
0.000198702
8.0154e-05
0.000388393
0.000629909
0.00013289
0.000107774
0.000111268
0
8.20887e-07
0.000253164
0.000404471
4.10431e-09
9.00899e-08
0.000117757
0.000647073
0.000781079
6.21383e-05
0.0004176
0.000681905
0
0.00111998
0.000221373
5.90835e-05
0
0.000149736
0
0
1.12251e-06
0.000296595
2.78553e-06
1.47609e-09
0.000760172
0.000259498
0
0
0
2.0442e-05
0
4.05812e-06
0.000384941
0.000728601
0
0.000813753
1.69979e-09
0.00041585
0
2.64042e-06
0.000435947
0.000670045
0
0.000600368
0.000464818
7.48295e-05
0
0
8.54575e-06
0.000575739
0.000413445
0.00077474
0.000798601
1.92153e-06
0.000738331
0.000348248
0.000393181
0
0
0
4.30682e-05
0.000740313
0.0004767
0.000730403
0
0.0005209
0.000193766
0
0
0
0.000196795
0.00108653
3.83646e-09
0.000897637
0
1.22751e-06
0
0.000219394
0.00090017
0
2.28685e-05
0
0
0.000413924
0.000394228
0.00103679
0.000731722
6.09379e-05
9.91608e-06
4.25982e-05
0.000992639
0
1.67781e-08
0.000949272
0.00031972
0.00070384
0
0.000868843
0
0
0.000163426
4.67438e-05
4.30654e-08
0.000379442
1.52521e-08
0.000772788
1.97957e-05
6.41447e-05
5.65102e-06
0.000158511
1.6129e-06
0.000894659
0
0
0.000336746
8.30215e-06
0.000244121
2.82268e-08
0.000598185
8.36097e-08
0
0.000641219
0.000276573
0.000493929
0.000503853
0.000393465
6.97681e-05
0
2.14598e-07
0
0.00028501
0.000177111
3.03868e-09
2.30959e-05
0.00101097
0
0.000587342
0.000539021
0.000845398
1.67449e-07
0.000830422
0
0
0.00103306
0
0.000455588
0.000545801
0.000260991
0
0.000339804
0
0.000509491
0.000534227
9.87858e-05
0
8.73551e-05
1.29114e-09
0.000676767
0.000674881
0.000271633
0.000504866
9.55605e-05
0.00033553
0.000531664
0.00110859
0.000406027
3.74033e-05
0
0
0.000156541
3.13821e-06
0.000987752
0.000689835
6.05038e-05
0.000512904
0
0.000240956
0.000418943
3.56203e-05
3.52433e-05
2.328e-05
0
0.000448233
8.92772e-05
0.000993359
7.08059e-05
2.80007e-07
0
8.37107e-09
0.000683032
0
0.00075838
5.01401e-05
9.12378e-05
2.51714e-07
0.000513387
0.000276712
0.00103799
0.000250536
0.000152679
0.000255494
1.57925e-05
0.000834973
5.97892e-07
0.000397384
0.00113274
0.000710942
0
0.000574847
0
0.000129833
0.000804662
2.53524e-09
0
1.6258e-05
0.000285672
0
0.00127916
0
0.000686763
0.000497178
2.85125e-10
6.85862e-08
0.000366889
1.92562e-06
0.00037009
0
0.000367447
0
0
3.03631e-08
0.000113917
0
0.00092792
0
0
0
5.39049e-10
0.0010331
0.000789956
6.49046e-05
0
0
0.000161364
4.46826e-08
0.00120645
0.000248529
0
0.000535037
2.24991e-10
0
0.00013965
4.9687e-05
0
1.08071e-05
0.00131656
1.71738e-05
2.44936e-05
0.000192017
0
4.22875e-07
0.000683814
0.000378421
0
0.00021914
0
0.00028864
6.63567e-06
0.000396472
0
0
0.00032309
2.06629e-07
0.000462813
0.000740809
0
0.00103187
0.000786612
0.000309871
4.55501e-05
0.00062145
0.000358058
3.77429e-09
0.00116598
0
0
0.000181965
0.00100386
1.00968e-07
0.000269339
0.000996767
0.000243567
0
0.000627449
0.000171688
0.00115102
0.000721948
6.89663e-06
0
0
0.000748927
0
0.000896058
4.15916e-05
2.94057e-09
0.00023082
0
0.00131317
3.7303e-05
0.00010921
8.91114e-05
0.000476591
0.000193857
0
0
1.52012e-06
0.000384602
0
0.000828795
0
0.000127021
0
9.80288e-09
0
1.62788e-08
0
0.00058172
6.13875e-09
0.000584575
0
0.000664944
7.46456e-06
0.000339715
0
0
1.53324e-07
0.000128654
0
1.92086e-05
0.00120928
0.000168917
0.000412
0
0.000110742
0.000595566
0.000688664
7.07139e-05
0.000272833
0.00109725
0
0
1.66961e-08
0.000648333
0
1.19167e-09
0.00111139
5.37668e-09
0
7.99788e-05
1.72252e-08
0.000923649
1.77087e-06
0.000725049
0.000948128
0.000429345
0
7.55213e-06
0
5.1314e-05
0.000575347
0
0.000757932
0
3.46265e-05
0
0.00107864
0.000269951
3.45301e-05
0.001043
0
0
5.86705e-09
0.000310885
0
0.000655008
8.54028e-08
0
0.00111489
0.000151438
0
0
0
0.000708558
0
0.000179639
0
0.000119187
0.000482828
0.000300989
0
0
0
0.000747774
0
0
0.000674249
0
0.000197967
0
0.000935605
0.000357415
2.12627e-08
0
0
0.000893663
0.000309138
0.00120326
0.000186697
0.00011007
0.000520634
0.000826686
0
0.000392695
0.000243563
0.000787339
0.000478901
6.78069e-09
0.000306105
0
0.000458357
0.000722623
0.000338076
0.00089895
0
7.81477e-09
0.000610312
0
6.56338e-05
0
0.000418301
7.78505e-05
0
0.000188554
0.000809022
1.00268e-05
0
6.83781e-08
0
5.63256e-08
0.000773913
0
0
0.00017725
1.07723e-08
0
0.000767902
0.000380471
0.000329426
0
0.000440609
0.000537622
1.52066e-05
0
0
0
0.000378523
0.00110503
0
0
0
4.0404e-06
0.000203794
0.00108777
6.07428e-06
5.68817e-05
0.00077851
0.00019393
7.38469e-07
0
0
5.66224e-06
0.000305178
2.0043e-05
0.000769449
3.22777e-08
8.50669e-05
0
0
0
0.000481177
0
1.02971e-08
7.80778e-07
5.25153e-05
0
0.00019174
0.000418383
6.05532e-05
2.09031e-09
8.37148e-07
1.88657e-05
7.15863e-05
0
0
0.000736353
0
0.000281583
0
5.95243e-06
0
3.65624e-09
0
8.20498e-07
1.68702e-07
6.3755e-08
5.11434e-05
0.000297973
0
0
0.000641256
0.000499287
0.000877142
0
0.000275726
0.000278173
0
0.000384564
7.77444e-09
3.94354e-07
0.000369036
0
0.000967623
0
0.000781804
0.000407911
1.03103e-07
6.62301e-10
0.000608169
1.07413e-05
1.36592e-05
1.24397e-07
3.83012e-09
1.91462e-10
0
0.000225434
2.4295e-09
0.000452658
0.000146312
9.25392e-08
0
0.000303045
0
0.00019174
0
0.00070837
8.57972e-05
0
0.00108435
0.00115304
3.3555e-09
2.71811e-06
0.000685499
0
0
0
1.78521e-05
0
0.000758973
0
8.6048e-06
0.000359734
3.64952e-07
5.73062e-10
0.000347585
0.00010774
0
0
0
0
0
4.88017e-07
5.04708e-05
0.00116108
0
0.0002385
6.11021e-05
0
0
0
0
2.48919e-05
5.71555e-05
0.000754507
0
3.43608e-06
0
0
0.000450206
0.00019244
0.000228032
2.12325e-08
0.000845339
0.000197615
1.37791e-05
0.000117813
5.81851e-09
0.000248906
0.000463147
0.000743748
0
0.0011343
0.000545398
0
0.00130511
1.36599e-05
0
9.82917e-09
0.00015529
6.26173e-09
0
9.25071e-05
2.80278e-07
1.38251e-08
0.000568373
0.000371881
0.000390951
0.000888543
0
0.000519966
1.00352e-10
0
0.0011291
0
6.59843e-05
1.17958e-05
0
6.15185e-06
0.000272418
0
0.00086025
0.00131623
0.000216418
4.29998e-05
0
0
0
0.000249312
0
0.000140374
0.00107258
0.000304542
0
0.000262108
9.31986e-05
1.91694e-05
0.000314669
4.70215e-05
0.00073038
0
2.49479e-07
0.000224977
0
0.000278874
0
0.000631728
0.000680073
0.000145704
0
0
0
0.000957184
3.20542e-06
0.000233605
0
0.000128952
0.000644829
0
1.00144e-06
0.000389664
0
0.000863647
0.000293488
0
0
5.45669e-05
3.61256e-08
0.00011642
5.07478e-05
0
0.000200058
0.00111523
0.000406569
0.00123976
0.000768641
1.59353e-05
0
1.90331e-07
0
0
0.000443626
3.10206e-08
0.000742715
0
0.000675669
1.56069e-07
0
0
0.000367569
0.00111306
0
0
0.0010663
5.86912e-06
0.000780048
0
0.00108074
1.13008e-09
0
0.000279516
1.7678e-05
0.000194569
5.71734e-09
3.8549e-07
0.00087312
0.00102091
4.20775e-05
0
0
0
0.000649329
0.000385406
0
7.30633e-07
0.00017933
0
0
0.00075172
0
4.67916e-05
0
1.98584e-07
0.00110528
0.000407061
0.000213406
3.93951e-07
1.88661e-06
0.000133869
0.000603385
0
0.000871135
0.000179957
0
0.000934971
0
4.77146e-05
0
0
2.22757e-05
0.000481537
6.25633e-07
0.00107833
1.86116e-05
0.000186952
0.000562844
0.000830998
2.54114e-05
0
0
2.44765e-07
8.46209e-09
0.00015637
4.45475e-07
3.99448e-07
0
0.000748447
0
4.74211e-08
0.000167276
0
2.19142e-05
6.21947e-07
0.000579184
9.72495e-10
4.22013e-08
2.38389e-05
0
1.55812e-07
0
0.000810725
9.4186e-08
0.000109899
0
0.000853221
0
3.02824e-09
0
0.000626662
0.000465431
0
2.4574e-09
0.000876465
1.95074e-05
5.45389e-05
0.00049067
1.4145e-05
0
0
2.96746e-09
0
0.000259027
0.000218188
4.1581e-05
0.000509864
0.000727442
2.9946e-09
0.000273803
1.01315e-09
0.000179363
0
0.000929142
0
0
0.00040776
3.18161e-08
0.000165695
0.000677694
0.000832049
0.000393448
0.000182999
0
0.000311035
2.11003e-06
0
0.000616402
0.000355846
4.07858e-07
7.54281e-07
0.000127716
0.000167483
0.000522793
0.00105766
6.17639e-05
2.18308e-07
0.000397938
4.98455e-06
1.52817e-09
9.91553e-05
0
0
0.000767687
0.000651778
0
9.91814e-05
0.000234781
0
0
0
0.000236389
0.000240635
0
7.70616e-08
3.68025e-05
0
0
0.00019628
0.000345072
5.17156e-05
0.000185067
0.000206691
0.000374623
0.000421099
0.000993879
0.000976294
3.31076e-05
0.00035192
0.000737339
0.000103869
0
1.24152e-07
0.000235139
0.000268394
0.000594599
0.000737138
0.000525022
0.00123946
7.12308e-05
0.00115366
0.000190476
0.000349753
0.000553097
0
0.000259509
4.07454e-05
1.67953e-05
0.0010469
0.000904763
0.00100672
5.99404e-09
2.98048e-07
6.68586e-05
0.000447592
4.64773e-05
0.000942879
0.000698528
2.1655e-10
3.25342e-05
0.000443656
0.000454348
0
6.73002e-07
0.000688843
0
0
0.000211876
6.32895e-05
6.55945e-05
0.000730253
0.000266717
0.000964051
0.000277157
0.000771703
0.000697229
0.000550116
0.000204272
7.79497e-05
0
0
0.000162352
0
2.33291e-05
0.000785249
0.000868006
0.000411348
4.70477e-08
0.00015528
2.87575e-07
0.000440661
0.000204196
0.000611771
4.67142e-05
5.25316e-05
0
0
0.00011986
0.000330733
0
0.000220411
0.000552093
0
0
0
0.000284357
0.000286312
0.000355373
0.000494834
0.00073261
0.000490517
0
0.000958093
2.10848e-07
9.32648e-07
0
0.000916147
0.000126989
0
0.000303451
0.000160139
1.06911e-08
0.000109696
3.00326e-06
0
0.000267075
0.000247236
0.00108117
6.6203e-09
3.59263e-06
0.000593246
0
9.01231e-08
0
0.000960948
4.76265e-08
2.15277e-09
7.91766e-05
9.31454e-08
0.000421839
4.26921e-06
0.000965122
0
1.63111e-08
0
0
0.000506122
0.000192094
1.94783e-08
0
0.000949598
0.000272325
0.000998881
0
6.98752e-06
0
0
0
0.000654772
0
9.3621e-05
0.000754744
0.000894231
7.79983e-05
1.84456e-08
0.000176921
0.000174182
0.000449063
0
0.000510993
0.000329843
0
0.000350079
0.000461316
2.11128e-08
0.000687283
5.64821e-06
0.000953943
0
0.00011351
0.000289356
4.15141e-08
0.000321592
0.000104012
0.00077004
0.000134276
0
0
0.000590178
0
0.000178507
3.6282e-06
2.17155e-08
0
0.000222918
0.000579552
0
5.11624e-08
0.00059561
2.51798e-06
0
0
0
0
0.000168247
0.000915617
0.000213319
0.00010719
8.30783e-05
0
0.000788115
0
0.000282725
7.76218e-09
1.22451e-06
5.67832e-05
0.0010367
0.000533852
7.21836e-06
0.000726129
4.84977e-10
0
0
3.10872e-09
8.51344e-09
0.000301477
0.000398051
0.000230938
2.12765e-08
9.06444e-10
2.69341e-10
0.000319453
0.000703491
0.000885951
0.000478396
0
2.55467e-09
0
0
1.15938e-09
3.10993e-08
0
0.000579792
0
7.23547e-05
0
9.6762e-05
0
0.000159739
0
0.000224287
0
3.51027e-05
0.000630833
0.000248379
0
0
0.000901767
2.75061e-05
0
0
0.000321877
5.05628e-05
0
0.000519683
0.000252198
0
0.000261178
0
3.81217e-09
0.000653849
5.87934e-05
0.000483921
3.16107e-05
5.36816e-07
0.000198868
2.30627e-05
0.00085951
5.44669e-05
1.63057e-05
0.000201751
2.25449e-05
0
0.000303682
0.0010186
8.03325e-05
0.000974916
3.13494e-10
3.80869e-05
0
0.00120708
3.96546e-10
7.70451e-05
3.36578e-08
5.32221e-07
5.22521e-06
7.67601e-09
0
0
2.7671e-06
0
0.000119465
7.07697e-07
0.000239194
0.000250294
1.63135e-08
0.00084622
7.74747e-08
3.08207e-09
4.83645e-05
0.000904036
0.000231488
1.52869e-06
3.40567e-06
0.000680894
0
0
0
4.03035e-08
3.37566e-05
0.000643741
4.1206e-08
0.000547194
0
0.000670994
1.14178e-08
0
0
0.000287043
0
8.7899e-06
0
3.14174e-08
0.000200204
1.42132e-06
0.000525666
1.39799e-07
0.00103436
0.000239001
0
0.000275161
0
0
9.34757e-06
0.000678994
0
0
0.000814466
0.000261937
0.000422054
0
5.67623e-05
0.000780989
0
0
0
0
3.18238e-05
1.64794e-06
0.000696162
0
2.44894e-08
0
0.000440548
0.000219217
0.000632891
0
0
0
0
1.64203e-09
0.000169054
0
0.000527149
0
0.000415964
6.98106e-05
0.000167299
8.41715e-08
1.12498e-06
0
0
0.000232584
0
0.000871648
0
0.000152717
0.000176526
0
0.000746722
0
0
5.07671e-05
0
0.00076298
4.37823e-05
9.55238e-05
0
1.38476e-05
0.000208991
0.000564241
0
0
1.84822e-09
0.00111479
0.000436028
0.000865559
1.01424e-09
0.00025598
7.45234e-05
0.00013435
0.00022072
0
0.000479873
0
0
0.000678958
0
0
4.47694e-06
0.000247984
0
0.000220194
5.41652e-09
0.00061022
0
1.07829e-05
0.00100848
0
0
1.289e-07
0.000129364
0.000921883
9.84796e-05
7.79268e-05
9.37745e-09
3.35044e-08
0
6.50035e-10
7.75606e-05
3.80884e-05
0.000114307
4.39391e-08
0
0
0.00106661
0.000386129
0.000612456
0
0.000539013
0.000231573
5.35584e-05
2.30785e-05
3.86728e-10
0
0
0.0001362
0.000970513
8.39038e-08
2.57116e-09
0
2.04115e-05
0.000144102
4.94897e-09
9.96971e-10
0
0.000611606
5.27087e-05
1.84429e-08
0.000400087
1.01836e-08
0.000128775
8.64636e-10
0.000278456
0.000472735
9.18108e-09
0
0
7.07918e-06
0.000924902
0
0.000422958
1.90158e-07
0
1.41625e-06
0.000435214
0.00119592
0.00111852
1.1534e-05
0.000357791
0.000802988
0.000404026
6.38154e-05
0.000735674
0.000560641
0.000695614
0.000301313
0.000373133
0.000995071
0.000199158
6.83671e-07
7.80324e-10
0.00047748
0.00121785
0
8.38075e-05
0.000242979
2.76635e-08
0.000939444
0
0.000485604
0.000714121
0
0
1.96418e-05
0
8.38086e-09
0
0
0.000472272
1.78765e-06
0
0.000337636
0
1.77558e-05
0.000448328
1.46141e-06
0.000530345
2.84366e-07
0
0
0.000430307
0.000620561
0.00107428
2.95366e-05
0
8.49802e-05
0
0.000758625
0
0.0010953
8.74212e-07
0.00108234
0.000201157
0.000375993
3.32847e-07
0.000507514
4.50505e-05
0.000465699
0.000986382
0
0.000941434
2.43862e-07
9.56298e-05
0
0.000116278
1.54471e-09
0
0
0
2.08243e-05
0
2.64608e-05
0
0.000287319
0
0.00123296
0.00104581
0.00101307
0.00060342
0
0.000309333
0
8.95786e-05
1.66496e-07
0.000309869
0.000523613
0
6.6497e-05
0.000404012
2.5074e-05
0.000251905
2.95479e-09
2.03302e-09
0.000647527
0
0
0
0.000460656
2.66293e-07
0.000297488
1.08844e-05
0.000972855
0.00015673
9.76079e-05
0
0
0
9.1022e-05
1.72352e-08
0
3.15881e-09
0
1.43754e-05
7.70483e-06
0.000418225
0.0010308
1.4486e-06
0.00049232
0.000960382
0.000190495
0
0
0.000136957
0.000101017
3.0355e-06
6.52159e-08
0
0.000186185
0
0
7.60667e-05
0.00110052
0.000343981
0
2.14237e-05
0.000102574
0.00010174
0.00110351
7.95824e-06
1.92536e-05
0.000328152
0
0.000359598
0
0.00095065
0.000695947
0.000154103
0.000190463
3.83464e-05
0.00106757
0
0
0.000953926
0
0
0.000276547
0.000332208
1.6134e-09
6.79431e-06
0
0.000165359
0.000788183
0
0.000354091
0
0
0
1.29907e-07
3.44173e-06
0
0
0.000436345
0.000277113
0.00044256
0
0
0.000128328
0.000730736
0.000482174
0
0.000458283
0.00035434
0.000512188
0
0
0
0.000837464
2.44163e-05
3.10567e-09
4.16853e-07
8.45513e-05
0
0.000271903
2.00108e-07
0.000203679
0.000336608
2.56917e-09
0.000759923
0.00108959
0
0.00058988
8.12878e-05
0.000282629
1.58126e-05
0.000221959
0.000252413
0.000390454
6.32343e-05
0.00036888
0.000232555
9.79005e-05
0
1.4241e-06
2.70748e-07
0.000322802
1.93687e-05
0.000284051
0
0
1.95969e-06
0
3.25057e-08
0
0
0
0.000912605
8.69977e-05
0.000169593
0.00101219
2.14344e-07
0.000265039
0
0.000379444
5.11449e-08
0
0.000518873
0
0.000468871
0.000145864
0.000567234
0
0.000800401
0.000349404
1.23926e-06
0.00024056
0.00111851
0.000374866
0.000276473
2.45318e-08
0.000600091
0.000147051
0
0
0.000454701
0
0.000152907
0.000180795
0.000854881
0.000282613
6.89712e-05
0.000359671
0
0.00102122
0
0.000813784
0.000408174
0.000304946
0
0.000138322
0.00011282
1.37664e-07
0.000188117
0
0
0
0.00104629
3.02768e-07
0.000313993
0
0.000744723
4.69525e-05
0.000541387
0.00047464
3.43003e-09
0.000233243
0.000133039
0.000198315
0.000951128
0
0
0
0.000166435
0.000110449
0
0
9.45123e-05
0.00110666
5.3339e-05
1.365e-08
0
0.000648613
0.00013829
0.00052496
0.000386905
0.00100788
0
0.000896565
0.000286477
0.00115857
1.52496e-07
3.23643e-05
6.34626e-06
0
4.77977e-05
0.000469489
0
7.23792e-05
0
4.5053e-05
0.000111645
0.000204439
0.000444203
0
0.000192271
0.000650266
6.31927e-09
0.000946042
0.000286819
9.70227e-08
0
5.29773e-06
0.00022033
0
0
0.000193396
0
0
1.05105e-05
2.56448e-05
8.92906e-05
0
0.000892711
0
0.000384644
0
0.000896766
0.000613014
0.00106781
0.00105108
0.000706116
0
0.000165579
0.000181592
0.000161042
8.69019e-05
0
1.23253e-06
0.000209942
0.000533766
0.000404052
0.00104387
0
0.000144955
5.47915e-08
4.59943e-09
0.000288453
1.23171e-06
0
0
0.000252974
0.000512758
0
6.00292e-07
0
4.01756e-06
0.000389152
0
0
0.000136632
0.000233112
1.40017e-07
0.000444322
0.000871275
1.33574e-08
7.89307e-05
0.00105919
0.000457647
0
0.00117638
4.33602e-05
0.000663014
0.000939307
0.000934744
0.000474584
0.000222549
0.00020463
1.33844e-08
0.000129172
0.000833859
2.79297e-05
0
0
0.000467244
0.000289831
0.000871365
6.48006e-05
0.000632473
0.000156285
0
0
9.50064e-05
8.05498e-10
0.000646243
0.000458272
0
0.000451031
0
0.000663808
0.000673429
0
0.00109243
0.000620239
0.000832187
0.000109602
0.000832041
9.21268e-07
0.000766772
1.05781e-05
0.00013323
0
3.57601e-08
0
0.000512694
0
0.00097224
0
0.000511837
0.00118762
0
2.15404e-06
0
2.42037e-07
0.00087966
0.000969462
0.000720409
1.36e-06
2.42484e-06
2.16385e-08
0
2.21932e-09
0
0.00079285
0
0
1.19963e-05
0.000439597
0.000207371
0
0.000481986
0
8.90907e-08
0.0010112
0
0.000388577
5.22225e-05
1.75029e-06
0
0.000725787
0.00121794
0.000908288
0
3.65227e-05
0.000735383
3.31757e-08
2.19848e-06
0
1.16889e-07
0
0.000587762
0
0.000716355
0.000329151
0
0.00113778
0.000363883
2.1507e-06
0
0
2.06346e-06
0.00019392
0.000513027
0.000981432
5.36585e-07
7.52516e-05
0.000133845
0.000656516
0
0.000994737
0
0
9.42469e-07
7.92873e-05
0.000673106
0
0.000288338
0.000627882
5.73224e-05
0.000141522
0
0.000661409
8.58201e-05
0.000680308
0.000120434
1.45828e-05
0
0.000304252
0.000967894
0.000252152
7.02689e-06
0.000732487
0
0.000281011
0
0.000472794
8.00144e-08
1.12813e-09
1.64288e-09
0
0
0
0
0
1.99819e-07
6.19674e-05
0.00110346
6.56586e-05
0
1.8477e-08
0.000332723
7.98053e-05
0.000213511
2.87058e-10
0
6.62748e-05
0
0
3.85165e-05
0
0.000442065
0.000700963
0.000642045
9.9236e-06
0
1.46692e-05
0.000818597
0.000124404
0.00063401
8.90472e-05
0.00012716
0
0
8.60586e-05
0
0
0
1.19936e-07
0
9.11621e-05
2.93607e-05
0
0
0.000719896
0.000248295
0.00080054
0.000394231
0.000141831
1.77532e-06
0
8.75619e-06
0.000105969
0
0.000391577
0.000845988
0
0.00107449
0
0.000420126
0
0.00031673
0.000416829
0.000432906
0.000260328
0
2.78369e-09
2.39506e-08
0.00097849
0.000955217
0
1.26872e-05
0.000702617
2.58378e-05
0
0.00123843
0.000167209
0
0.000276444
0.000996373
0.000198146
0
0
0.000748085
0
3.12525e-05
6.47781e-08
0.000167098
4.65829e-05
0
0
4.56481e-09
0.000628243
1.38388e-09
0.000255543
0.000440416
0.000597462
2.55839e-08
0.000693653
1.4208e-06
7.35119e-05
2.83695e-05
0.000120811
0
0.000484438
0
0.000616325
1.58678e-05
0.00122368
7.94745e-06
0.000231254
5.62082e-06
0.000369719
0.000519111
3.33192e-07
2.66248e-08
0
7.19279e-05
0.00058792
0
0
0
9.45252e-05
0.000931806
0.000934871
0.000155585
0
0
0.00124753
0.000133843
0
1.01207e-09
2.57036e-06
5.55544e-10
0.000295131
0
5.96249e-07
0.000867739
0.0011349
0.000808955
0
0
0.000916984
0.000683378
0.000177647
0.000877562
0.00083869
4.85391e-09
0
0.000152271
0
3.38431e-05
0.000367499
0
0.000770371
0.000264481
7.49118e-05
0.000494056
2.77063e-06
5.44539e-05
0.000665843
0
0.00110432
0
0
0.000144349
0.000662166
0.000570165
0
0.00044634
0.000456081
0.000833669
0.000612778
0
0
0.000959256
2.28824e-05
2.20571e-09
0.000918411
0
0.000509211
5.27335e-07
2.19193e-07
0.000564814
2.25201e-07
0.00113619
0.00083538
0
0.000276017
4.29299e-08
0
0.000299326
1.86992e-05
7.53175e-07
1.19528e-09
8.47456e-05
0.000235046
0.000684355
0
3.44691e-05
0
4.94762e-05
0.00111565
0.000913213
1.38166e-06
2.87257e-07
0
3.51212e-05
6.19817e-05
0.000202651
1.6123e-09
5.08227e-05
0.00108774
0.0005473
3.18765e-10
1.00143e-05
0
0
0.000359521
0
0.0007477
3.29203e-06
0.000484271
0.000492938
0.000187856
0.000683466
1.13448e-09
0.000412599
0.00128792
3.13398e-05
0.000351433
0.000151818
0
4.72784e-06
0.000488374
0.00105893
7.28447e-08
0.000397807
0.000822469
0.000101671
4.09023e-05
3.71004e-09
1.66267e-09
5.68399e-06
0
0.000245627
0.000466758
0.000449573
6.60621e-06
8.39352e-05
0
0.00110662
4.99499e-05
3.43002e-07
0
1.83945e-05
3.02502e-06
8.59284e-07
8.73077e-08
0.000406966
0
0.000938699
0
1.03549e-09
0.000998257
0.000725516
0.000958488
6.53638e-10
0.000518718
0.000895031
0
7.35308e-09
0.00104629
1.84526e-05
0.00101071
0
0.000392247
0.000552326
6.00834e-10
0.000832328
0.000734573
1.62715e-05
1.00606e-09
1.95307e-09
0.000102289
0.000893073
0.000164859
1.8685e-05
0
1.63783e-06
0.000266853
8.00181e-05
0
0
2.15894e-05
6.28188e-10
0.000361312
1.14918e-05
0
0.000298477
0.000472851
0
0.000574985
0.000650287
8.18414e-07
0.000756988
0
9.44073e-05
0.00120238
0.000195995
0.000451645
0
0
0.000263166
0.000679307
0
0.000660122
0
0.000709068
0
8.40718e-05
0
0
0.000741639
9.94174e-08
8.32833e-07
2.55128e-05
4.71491e-07
0
7.16224e-09
0.000436614
0.000463446
1.65066e-08
0.000118578
0.000411391
0
4.55244e-10
0.000864956
0.000769585
0.000362954
0.000529442
1.07003e-05
0
0
0.000477085
0.000155849
0.000210453
0
2.53866e-09
0.000170125
2.1344e-09
0
5.70465e-06
0
4.35294e-07
0
0
0.000445172
0.000205095
0.000437001
0.000598312
0.000454339
1.92982e-05
8.05119e-06
0.0001566
0
0.00042261
8.8068e-05
0.000340828
0
0.00102857
0.000429465
7.47563e-09
0
0.000485883
0.000227832
0
0.000608211
9.36611e-05
0.0010893
0.000905845
4.3911e-05
0
0.000186289
0
0
6.81257e-08
0.000795576
0
5.03129e-10
0
0.000776165
0.000642063
0
4.55927e-09
3.00746e-06
0
8.91117e-05
0.000893985
0.000255193
0.000723811
0
0
0
0.000411404
0.000405906
0.000132694
0.000201706
0
0.00102106
6.39747e-07
6.15586e-07
9.92401e-06
0
0.00016188
0
0.000186174
1.24259e-06
0.000871014
0.000990927
6.57263e-08
0.000123794
0
0.000413913
5.01242e-05
0.000923471
1.47938e-05
6.82143e-08
6.23441e-07
0.000679926
0
3.98544e-05
5.30635e-05
0.000448907
0.000465174
0
0.00114472
0
0.000706744
0
4.55898e-06
0.00053704
0.000991725
0
1.81361e-07
0.000869541
0
0
0.000422949
0
6.21179e-07
0.000399426
0.000132039
3.34327e-05
0
1.24125e-07
1.87434e-09
0.000495815
3.0191e-05
8.71026e-05
4.24424e-06
3.62269e-05
5.17452e-08
0
3.49778e-07
0
0
0.000550372
1.97591e-05
0.000535912
0.00123511
0.000526546
0.000347185
0.000118884
0
0.000316232
6.00684e-06
0.000776712
0.000622545
0.000730551
0.00093213
0.000695405
0
0
1.19866e-09
1.0186e-08
1.82317e-09
0
0
0.000599161
0.000166603
0.0012536
0.000198377
0.000172597
0.000141182
0.000408726
0
0.000755052
0.00105022
0.000418385
0
0
0.00018786
0.000305545
0.000128856
0.00103702
0.000418922
0
5.14095e-07
0
0.000443235
0.000156369
2.54554e-08
0
2.34596e-06
0
0.000950434
1.85595e-07
6.93928e-05
0
0.000674989
3.32074e-09
1.87724e-06
0
0.00039281
0.000160386
5.80863e-05
6.20448e-07
7.15681e-05
0.000183008
0.000210477
7.8453e-08
0.000859156
0
0.00103589
0.000257372
0.000118576
0.000135284
0.000597114
2.0994e-09
0
0
9.59862e-05
3.588e-08
5.42457e-05
0
0
0
3.68151e-06
0.000232681
0.000555209
6.3705e-05
7.59242e-05
0.000257733
0.000471428
0.00050381
0
0.000591331
0.000427957
0.000227728
4.49462e-05
0
0
5.19971e-05
0
0
0.000363749
0.000252164
0.000428133
3.79203e-05
6.55815e-06
0
0.000579696
0.000521799
6.41373e-06
0.00070489
8.59982e-09
0.00041186
1.47761e-05
0.000540571
0
0
0
1.7491e-05
0
1.58927e-05
0.000623573
0
0.00104494
0.000821478
1.09637e-07
0
0
0.00126419
0.00031907
0
2.29299e-06
0.00107093
1.01466e-05
0
0.000893696
0.000392737
0.000663064
0
0
5.33766e-05
0.000305896
0.000782903
1.34849e-05
0.000451437
0
0.000201973
0
0.00100234
0.00090829
0
0
0.000695896
0
0.000103187
0.000158891
0.000112728
3.19692e-05
0
0.000221581
1.58053e-08
0.000591439
0
4.73976e-10
4.22253e-09
0
6.2278e-06
0
0
8.79057e-05
2.72573e-05
0
0
0
8.93813e-10
0.000183299
0.00101801
0.000529528
5.63268e-09
0.000269922
0.000970251
0.000190755
0
0.000315836
0
0.000696558
0
5.66318e-06
7.22725e-07
0.000206674
0.000374639
0.000423102
1.73787e-09
3.03388e-09
5.27165e-06
2.77776e-06
0.000115112
0.000679296
0
8.27694e-08
3.5515e-05
0.00109258
0.00101714
0
3.18488e-08
1.75462e-08
0.000330013
6.99738e-08
0
4.69431e-10
2.01829e-05
4.50413e-05
0.000656554
5.62659e-11
2.45562e-05
0
0
0
2.37548e-08
0
1.39967e-08
7.8962e-07
0
0.00126338
0.000562642
0.000784269
0.000955278
3.76184e-08
0.000817925
0
0.000267571
0.000662465
0
4.0689e-08
0
0
0
0.000688324
1.66057e-05
0.000148
0
0.000436396
0.000305555
0.000338789
0.000488928
0
1.3568e-08
0.000235735
0
0.0003224
0.000761016
0.000126122
3.71697e-07
0.000317526
9.31983e-05
2.32225e-05
0
3.78576e-05
0
0
3.49739e-05
0
0
0.000113132
0
0.000776324
0.000250234
0
4.26047e-06
0
0.000174659
0.000514837
0.000463664
0
2.73177e-05
0
0
7.4114e-06
0
0.000670462
0
0.00101839
0.000987712
0.00124245
3.2846e-07
0.000509979
0.000170599
0
0
0.00106574
0.000876565
0.000583226
0.00124237
1.29047e-08
0
1.52748e-07
0.000619852
0.000522333
8.69206e-08
0.000418179
1.51576e-08
0.000226398
0
1.92715e-09
0.000268809
0.000146841
3.60612e-07
3.04976e-08
0
1.9089e-08
0.000266628
0
0.000572289
0.000202476
0.00100227
0
0
9.44248e-07
0
0
0
2.86538e-05
6.74013e-05
0.000107518
1.40422e-06
0
2.94186e-05
4.27069e-07
2.79027e-08
0
0.00115332
0
0.000517283
1.16407e-06
1.50142e-08
0
0
2.11223e-07
0
0
0
6.36632e-05
0
0
2.39533e-05
9.40826e-06
0
0
0
0
0.000228226
2.66607e-09
0.000444225
0
0
0
0.000585078
0.000180131
0.000987687
0.000849951
1.05062e-05
0.000555808
3.07929e-06
0
0.000806703
0
0.000562436
0
1.59639e-07
0
0.000843576
0.000146418
0.000176718
0.000871624
5.44616e-05
0
1.47766e-07
0
0
0.000219246
0
0.000572425
0.000245511
0.000390772
0.000347385
2.14706e-07
7.75894e-08
0
0.000537378
0.000204064
0
0.000755569
0.000595056
4.89095e-06
0
0
0
7.87564e-10
0
1.41112e-05
0
0.000217794
1.03127e-08
0.000165832
0.000167503
0
0.000472583
0.000433758
0
0
3.05093e-05
4.70251e-10
1.16627e-09
7.04689e-05
0.000265226
0
0
0.000208975
0
0.000605262
3.36778e-05
0
0.000514193
0
0
0.000589929
0.000983953
0
0.000281071
0
0.000307584
2.46066e-08
0.000893686
0.000920703
0.00076626
0
7.63589e-05
9.95864e-09
5.19915e-09
4.43574e-06
0
0
0.000177728
0
6.80729e-05
0.000424274
0
0
0
8.65637e-10
1.56519e-05
0.000109113
0.00024863
7.52924e-05
4.14787e-05
0.000852324
0
0.000765875
0.000217586
2.24268e-08
0.0006953
0
0.000414488
0
0
0
0.00102985
0.000943619
0
1.09064e-06
0.000362419
0.000354935
0
0.000128377
0.000409747
0.000188205
0.000391344
0
0.000402378
0
2.91107e-07
4.56723e-08
0.000721985
0.000241066
8.01668e-05
0
0
5.19814e-05
1.22756e-07
0.000331475
4.06901e-09
0.000770783
9.95179e-06
1.52732e-09
0
0
0
2.1664e-06
0.000432017
0.000638589
3.29757e-10
1.48828e-05
0.000952464
0.00103099
0
0.000306232
0.00013888
3.83763e-09
3.6755e-09
0.000553466
0.000782298
7.15571e-05
0.000292265
5.67247e-05
0
0.000147786
0
0.000249228
0
0.000872949
0
0
0.000455799
0.000722025
0
1.28751e-08
5.17967e-06
0
3.7505e-08
2.77335e-06
0.000301357
9.73464e-05
0
7.21515e-06
0.000242005
3.56915e-08
0.000159965
3.51517e-05
0
0
0.000614333
0
0.000745005
0.000113506
0
1.02225e-06
0.000270134
4.49497e-08
0.000217316
3.3435e-07
4.59476e-07
0.000684367
1.20888e-09
0.000437636
0.000901602
0
0.000510258
6.73807e-06
0.00120273
0
7.69878e-05
0.00011984
2.11824e-05
2.7058e-05
0
1.60727e-08
0.00121107
0.000532077
0.000251183
1.19103e-08
8.64309e-05
0.000121302
0
0.000860809
0.000565616
0
0.0009718
0
0.000189071
0
8.47485e-05
0
0.000165563
0
0.0008161
0.000210098
0.00058558
4.56084e-05
0.000210775
2.4013e-09
0
0
0.000625231
0.00056913
0
3.80247e-05
0
0
0.000323736
0
0.000222713
0.000437017
0.00035731
0.000409179
0.000117032
3.19051e-07
3.92818e-06
0
8.1294e-09
0.000232095
0
2.56966e-05
0.000452016
0
9.53078e-05
0.00103744
2.45398e-05
0
0.000526589
0.000330853
1.45545e-09
0.000477304
0
0.000173827
0.000615789
0.000879122
0.000108368
0
0.000579517
0
0
0.000163421
0.000840735
2.03744e-09
0.000424638
3.44867e-05
0
0.000378717
0
0.000551082
0
0.000285694
0
0.00023695
0.000100752
0
0
0.000317954
0.00025117
0
1.85154e-08
1.08162e-06
0
4.99512e-06
0.000418693
0.000535961
0
0.000898512
0.000826115
0.000104125
0
0
0.00017292
1.98201e-05
0
0
3.90194e-05
5.69842e-06
0
0.000610767
0.00080916
0.000575006
0.000122097
0
0.00108816
0.000311509
0.000613051
0.000524585
0.000571923
0.000424238
1.28407e-05
7.31106e-05
6.48814e-08
2.45843e-05
0.000253855
0
4.88582e-08
1.42583e-05
0.000341399
0
0
0.000115642
7.15934e-05
0
7.63701e-08
0
0
0
0
0
0.000135692
0
0
0
0
7.56467e-06
0
0.000730421
4.02757e-10
0
0
1.66212e-05
0
1.47256e-07
0
1.23772e-05
0
0
0
0.000135755
0
0
7.31026e-05
1.20966e-08
0
0
0.000200484
3.08037e-07
0
0.000501468
0.000797804
0
2.97627e-07
0.000560327
0
0
0
0.000187276
7.61294e-05
3.03893e-06
1.17715e-06
1.78809e-07
0
3.28023e-09
0.000870408
5.72951e-07
0
0.00014648
0.000498202
0
0
0
0
3.94851e-08
0.000190882
0
0
0.000119128
0
0
0.000632159
0.000102265
0.000777207
0.00023726
0.000676109
1.03079e-07
0
0.000801591
0.000373172
0.000468003
0.00106888
0
0.00083933
0.000336235
2.89948e-05
0.000961708
0.00123726
0.00060137
3.84143e-06
0
0
0.000166919
0.000209511
0.000876059
0.00042144
0.000773147
1.20671e-07
2.02348e-06
1.27626e-09
0.000402359
0.000405337
0.000920296
9.96769e-05
0
1.66573e-05
0.000430216
4.48102e-09
0
2.63414e-09
0.000370771
0
2.47954e-09
5.38062e-07
0.000886019
0
6.83781e-05
6.80747e-05
0.000119236
1.39451e-06
0.000126965
0
0.000953115
0.000376923
0.000865878
0.000592211
4.19284e-06
0.000273976
0
0.000781397
7.61817e-05
0.000241296
1.05158e-08
0.000719446
0.000134881
0
0
0.000346943
0
0.000608509
0.000427993
0.000484525
0
5.98065e-06
0
3.57948e-05
1.68059e-05
0.00113614
0.000359685
0.000315627
4.54068e-05
1.08172e-07
0
0.000338396
0
0.000583726
0.000552465
0.000696025
0
8.65766e-06
0
3.11539e-09
0.00102126
0.000202483
0.000845095
1.86933e-07
0.00112066
0.000395751
0
0.0001624
0
0
0.000158205
0.00021556
0.000606107
2.23629e-07
0
0.000145688
0.000915975
0.000977928
0.000251278
0.000440275
4.2812e-05
0.00131669
0
0
0.00101965
0
0
4.61263e-08
0.000182675
0.000123708
9.01106e-05
0.000684372
0
0.000354815
0.000949104
8.2787e-05
0.000319215
5.13882e-05
6.62007e-05
5.06524e-05
1.33694e-05
0.000402612
0.000418688
0.000484232
0.000221584
0.000274813
7.71565e-06
0.000174988
2.75829e-06
0
0
9.08102e-05
0
0.000868485
0.000565253
0
0
4.2506e-07
0.000610984
0.000705206
0.00065342
0.00052405
0.000212457
0.000298382
0.000329896
2.82375e-07
4.62234e-08
0
0.000822457
0.000818071
0.000570147
0
0.000176156
0.000719557
7.87658e-05
5.89096e-08
0
0.000715112
0
0.000449605
0
7.63897e-08
2.48976e-09
5.68332e-05
0
0.000679833
3.57247e-08
0
0
0
0.000244113
0.000847192
0.000103182
0
0.000350497
0
0
7.14429e-05
0
0.000865135
0.000248599
0.00104277
0.000294345
0.000415492
0.00105217
2.59087e-05
0.000155507
7.48598e-07
0.000659836
0.000104587
1.55887e-07
0
0
1.66422e-07
4.55527e-07
0
2.63306e-05
7.25445e-05
0.000341046
0.000471017
6.12964e-05
4.85019e-05
0.00110573
0.000558589
0
0.000504647
0.000259946
0
6.93093e-06
0.00117257
1.63373e-09
1.12762e-08
7.35543e-06
0
0.000192916
0
0.000254333
0.000153713
0.000290568
3.59685e-06
0.000117593
4.75336e-07
0.00035775
7.02631e-05
0
0.000153002
0.000486538
0.000506825
0.000733998
5.32828e-05
0
0.00114813
1.7173e-06
3.76908e-08
0
0.00109895
0.000588615
0
0.000200746
0.000772253
0.000685064
0
0.000443519
0.00100427
3.7117e-05
5.96094e-07
0.000788349
1.62356e-07
0
0.000854807
0.000751091
2.10094e-06
0.000663938
0.000774071
0
0.000279855
7.15473e-05
1.18972e-08
0.000693075
1.88491e-08
0
7.19987e-05
0.000682063
0
0
1.40614e-06
0.000257608
0
1.06786e-05
0
0
0
0.000384468
0
0
2.4217e-09
0
0
0.000266476
0.000417938
0.000469971
0
0
4.50642e-05
0.000402175
0.000469223
0
0.00103405
0.00117018
0.000826058
0
0.000706397
0.000113061
2.32989e-06
0
0.000435818
0.000221279
0
2.09643e-10
0.000401722
0.000362226
5.72894e-05
0
0
0
0.000490493
0
0
0
0.000941742
7.42209e-06
0.000325194
7.48014e-09
0.000250336
7.68145e-08
0
9.91482e-07
8.32899e-07
4.68889e-05
0.000173204
0
0
0
0.000314585
1.74049e-08
0.000654226
0
0.000740848
1.61412e-08
0
0
0
4.30458e-09
4.09608e-06
0.000422504
0.000573202
0.000746814
0
0.00025995
0.000603459
0.000427551
0.00071295
0
0.000278145
0
0
0
1.48894e-07
0
0.000188319
0.000483175
0.000419714
0.000741347
0.00028929
3.61655e-06
0.00114159
0.000931464
0
0
4.07987e-05
8.0747e-09
0
0.00010429
0.00018803
0.00013955
0.000481456
8.09028e-07
9.01446e-05
0.000836314
8.73152e-06
4.69124e-08
0.000782702
4.64417e-07
0.000862903
0.000658794
2.80304e-08
0
0.000373822
4.03291e-09
0.000591097
0
3.57332e-09
0
0.000507411
0.000251771
0.00039988
0.000444938
0.000136134
0.000119966
0
0
0
0
2.83477e-05
0
0
0.00012037
0.000131796
0.000161794
0.0011902
0.000719457
0.000919278
2.3589e-05
0.00034846
0
0.000754705
3.00694e-05
0
0
0.000945311
0.00111506
0.000691502
3.56552e-07
0.000224957
5.02289e-05
0.000141264
0.00032516
0.000336395
6.81185e-05
0
0.000592662
0.000264385
0.000207756
1.35534e-05
0
0.00101362
5.54414e-09
0
0
0
0.000156482
0
0.000574894
0.000157425
9.67383e-08
0.00012865
0
0
0.000268733
0.000734155
0.000476232
0
0.000332142
0
0.000177587
4.37474e-06
0
0.000141654
0.00108609
5.6743e-08
1.60473e-05
9.45593e-06
1.38373e-05
0.000121151
0.000497821
5.3659e-05
0.000210253
0.000523401
6.47984e-06
0
2.08168e-05
8.26511e-05
0.000320816
0.000248899
3.77192e-09
0
0.00071943
0.000517791
2.15862e-05
0.000215205
4.20186e-10
0.000466339
4.21258e-05
0.00106949
0
0.000503737
0
0
5.22616e-05
0
6.0662e-06
0.000513864
3.91885e-05
0.00100649
1.73341e-06
3.59425e-09
6.43542e-08
1.19995e-07
0.00110131
0.000619749
0.000652705
5.89582e-05
5.39029e-05
0.000310977
0.000975432
0
0
7.56842e-08
2.04373e-05
5.36762e-05
4.49819e-09
5.15974e-07
7.59046e-09
0.000209593
9.53058e-05
8.36806e-09
0
0.00011057
2.53835e-08
0
0.000349089
2.47575e-07
2.37029e-07
0
3.0701e-06
0.00028334
0.000699796
0.000367254
0.00120717
0.000148692
0.000441842
0.000881659
2.02445e-08
0.000656369
0
5.79159e-06
0.000629039
6.52903e-05
0
0.000449362
1.59882e-05
0.000112736
0.000726945
0.000276223
0.000819354
6.13446e-05
2.63151e-08
0.000726499
0.000302318
0.000271239
0
8.95088e-07
7.5783e-10
0.000728076
5.56692e-09
0.000285936
0.000885304
0.0011842
0
0.000409594
0.000469916
0.000293755
0.000523015
0.000108402
5.81655e-05
0
1.21951e-05
0.000810433
0.000760313
0
0
0.00020173
0
0
0.00022964
1.76166e-09
0.000352456
0.000779749
1.90597e-06
0
0.000279667
0
0.000665369
7.04829e-05
0
0.000165001
0.000927829
0
0
0
0
0
5.17044e-05
0
0
0.000394757
0.000452042
1.0829e-09
9.30613e-07
4.28632e-05
4.5205e-05
0
1.54864e-05
0
0.000434043
0
0
0.000258826
0
0.000914196
0
0
0.000196069
0.000396247
0.00112029
0.000645907
9.67681e-08
6.20095e-05
1.98592e-06
0.000448443
2.35238e-09
0.000249179
1.58366e-07
0.00071683
0.000826577
0.000240002
0
0
0.000339267
0.000230643
1.30232e-05
0.000283794
0.000353009
0.000564383
0
0.000708153
0.000745164
6.49305e-06
4.95844e-06
0.000610444
6.81371e-07
0
0.000148061
1.7198e-05
2.67732e-06
0.000802078
0.000251117
0.00106115
0.000159381
7.48764e-08
0
0.000363119
1.20065e-06
0
0
0
0.0007542
0
0.000573724
0.000680275
0
0.000549823
0.000630499
3.00478e-05
0.00113112
7.2984e-08
0.000685997
0
0
0
0.000606863
0.00101206
0.000751182
0
4.59198e-06
1.19993e-09
0.00048958
0.000155751
2.83409e-08
0.000209026
0.000131615
0
0
0.000686129
0
0.000492108
0.000538944
2.19667e-05
1.97677e-06
9.08669e-09
6.24106e-07
0
0.00117182
1.6618e-05
9.99525e-08
0.000193614
0
0.000175026
0
2.18997e-09
0.000643711
4.48714e-07
0
0.000857054
0.000668287
0.00097034
0.000332073
0.000230673
0
0
0
0
2.83641e-09
0
0.000342077
4.24805e-08
0
0.000471011
0.000162041
0.000425441
0
0.000252859
0.000235765
0
0.00109116
0.000981234
0.000127559
0.000741405
0.000417438
0
0.000976905
1.60542e-09
0
0
1.97828e-05
0.000362269
0
0.000384769
8.93307e-06
0
0
6.47019e-06
7.6723e-06
0.000451771
0
6.69581e-09
8.48872e-05
1.28114e-06
9.97688e-05
0.000592515
0.000214154
2.62183e-08
1.47213e-05
0.000546161
0.000565581
0
0
6.16006e-05
0.000394473
0
1.08812e-07
2.0299e-05
0
0.000391
0.000475758
0.000677048
0
0.000920086
0.000824245
0.000928031
1.40178e-05
0
0.000112034
0.000452274
0
0.000352896
0
0.000463539
9.6992e-05
6.7151e-09
0
0
0
6.80388e-10
0.000134517
0.00013017
3.78514e-08
1.56686e-08
0.000332876
0
0
9.7059e-09
0.000227906
7.52604e-05
0
0.000828631
0.000411521
0.000336215
0
0.000807055
0
0.000786665
0.000714439
0
4.47091e-08
2.06616e-08
0
0.000577132
6.36012e-05
0
0
0
2.38378e-05
0.00102646
0.000426054
0
2.76788e-05
5.45354e-05
1.29013e-05
0.000343238
5.4038e-08
1.53517e-05
5.3078e-06
8.17006e-09
6.58843e-05
0
0.0008037
6.64071e-06
0.000833839
0.000444275
0.00104195
0.000629104
0.000451031
8.54244e-09
0.000628662
0.000103296
0
9.16059e-08
0.000388625
0.000207976
9.34887e-06
0.000492257
6.63369e-05
1.97989e-08
1.06897e-05
1.95433e-07
3.03773e-05
0
0.000420832
0.000355855
0.000601822
0.000413605
0.000245956
1.67763e-05
0.000245335
1.60614e-05
0
0.000373247
8.95092e-08
6.02676e-05
0.000327346
0
0.00082135
7.79788e-09
0
0.000457108
9.26464e-05
0.000195971
0.000204827
0
0.000216857
0
3.99486e-06
0.000936628
9.56671e-08
0
0
0
0.000237332
0.00034369
0.000385722
0.000397075
0
1.34482e-08
0.000298731
6.35555e-05
7.57749e-05
0.000495688
0
3.15115e-08
0
0.000754677
0.000169592
0.00027267
1.22892e-07
0.000528892
1.01915e-05
0
8.46219e-09
0.000697495
0.000884845
0
9.51999e-05
0.000114628
0.000286019
0.000842441
1.85001e-08
0.00066972
0.000277072
2.8705e-05
9.87976e-05
0.000142773
0
1.76345e-09
0
0.000389022
9.55298e-05
0.000135007
1.43153e-08
0.000254081
8.43552e-05
2.8853e-08
0.000463721
0.000636017
0.000404365
7.90133e-05
0
0.000183946
0
0.000325567
0.000409367
0
0.000637897
0.000104228
0
0.000420727
0
5.28959e-07
3.61779e-06
0.000462019
0
0
0.00072165
0.00116182
0.000193925
3.44069e-06
0.000249241
0.000920433
0.000512477
0.000593435
0.000281863
6.64066e-05
1.99847e-09
4.04271e-08
0.0011073
0.000906135
0
2.66807e-05
0.000281335
0.000383479
0.000511817
0.000344296
1.13686e-05
0.000425278
0.00012384
0
1.95256e-10
0.000361199
7.20684e-09
0.000989084
0
0
0.000532392
0.000570789
0.0004252
8.0224e-05
0
0.000133079
0.000115405
0
5.74499e-09
0.000555004
7.86797e-05
0.000217572
0
0.00087172
0
0.000326984
3.77319e-05
0.00106686
3.61043e-06
0
0.000648972
1.08081e-08
2.96316e-05
6.44161e-07
0.00066188
0
0.00035575
0.000110239
0.000171346
0
0.000443535
0.000835043
0.000845633
4.45998e-06
1.41647e-07
4.40315e-05
0
0.00037168
3.16846e-07
0
0.000461462
0
0.000320949
0.000172144
0
0
0.000178084
0.000141897
0.000397732
0.000569221
0
4.91473e-06
0.00119914
7.30093e-05
0
3.44691e-05
0.000300345
0
0.000151316
0.00113328
8.23503e-05
0.000118807
0
0
0.00062318
1.26978e-06
3.60708e-06
0
0.000815696
0.000884947
0.00053699
0.000312189
0.00035111
0.000325519
0
0
0
0
0.000153263
0
0
1.23397e-06
0.00111247
0.000122519
0.000640785
0.000355155
0.000498242
0.000365674
5.26554e-05
4.65988e-09
0.000127555
0.000623962
0.00106124
0.000384194
2.04696e-05
0
0
1.32481e-06
0.000240533
0.000548626
0.000510976
3.79281e-09
0
0.000868738
0.000446895
0.000812707
0
0.000196474
0.00010195
2.77016e-07
0
6.20895e-05
9.42087e-07
0.000641111
0.000765479
0
0
0
0
0.000262347
0.000640119
0.000655983
0.000164733
0
5.07165e-08
0.000200396
7.27115e-09
0.000602188
0
0.000942875
0.000631975
0.000558639
0
0.000775798
0
6.07414e-05
0
4.68412e-09
7.07361e-09
0
0.00102314
4.79875e-05
0
0.000372347
0.000350289
0
0
0.000164278
4.19612e-07
0
0.000845159
0.00061425
1.58396e-08
0.000544519
0.000246161
0.000299142
0.000167196
0.000821651
0.000119425
0.000483581
6.03545e-09
3.71376e-06
0
0.00106797
9.39788e-06
0
7.55129e-06
6.62638e-05
0.000282275
0
0.00108801
0.000151134
0.00074526
0
5.86301e-07
0.000282669
9.85261e-07
1.74822e-08
3.69125e-05
0
3.22769e-05
0
0
8.74698e-05
0.000766099
8.38563e-08
2.41324e-06
0.000196266
0.000164481
0.000132462
5.43889e-06
0
2.27476e-07
0
1.65773e-06
0
0.000130004
0.000684016
3.56845e-05
0
0.000390603
6.60891e-07
0.000749774
5.6348e-05
0.000331282
0.00126692
0.000287108
0
0.000239268
7.53426e-10
0
4.24444e-07
0.00012062
9.80204e-05
0.000517568
8.11719e-06
6.33599e-06
0
0.000317435
6.61409e-05
0.000583316
6.13416e-05
0
0
0.000340525
0
0
0
0
0.000878807
0.000746036
0.000441768
0
0.000687569
0.000686511
0.000487416
2.53296e-05
0.000394188
0.000152864
0
0
0
0.000621122
0
9.64427e-08
0.000131499
0
3.64228e-07
1.71737e-05
6.82038e-07
0
0.000682616
1.68342e-07
0.00104377
7.51964e-05
0
0.000195401
0
0
0
1.63378e-08
0
0
0.00054043
2.08635e-08
0.00100652
0.000313147
1.40614e-08
0.000979398
0
0.00118124
0
0.000379361
3.17571e-06
0.000260207
6.38017e-06
0
0.000494405
0.00036471
0.000490795
0.000908503
0.000903928
0.000780231
0
0.000649338
0.000258935
7.07581e-06
8.19183e-05
0
2.3284e-09
0.00058338
0
0
0.000179745
0.000648809
0.000491393
0.000117156
0.000285175
0.000137089
0
0.000774545
0.000218408
0
0.00043225
2.14691e-07
0.000737167
0
0.00090042
1.43733e-05
0.000303332
0
0.000116563
0
0
0
0
0
0
0
0
3.57793e-07
0.000786377
3.48752e-05
4.72878e-08
0.000504731
0.00104197
0.000283463
0
0
1.46834e-05
0.000253393
0.000497996
4.37796e-06
0.00014132
8.60799e-05
0.000621569
0.001106
0
4.76813e-05
0.000204826
0.000444526
0.00045842
2.41506e-05
0.000300319
0.000306156
1.02096e-06
0.000637251
0
0.000560952
0
0.000225458
3.67644e-05
2.63102e-09
0
0
0.000841153
2.53827e-07
0.000540359
0
3.27778e-06
3.71932e-06
0.000499037
8.87417e-08
0.000870649
0.00044093
5.97386e-05
0
0
0
0
0.000760081
0
0.000708818
7.56944e-05
0.000213623
0.000274701
0.00036735
0.00109106
0
0
0.000433321
0
0
0
0.000332479
0.000376336
0
0
0
0
2.16514e-05
0.000325035
0.000853061
1.02353e-06
0.000182831
0
5.33503e-06
6.98617e-06
1.81735e-10
3.58831e-09
4.0871e-05
1.21923e-05
6.09211e-08
0.000154763
2.4746e-06
0.000249326
8.28389e-05
0
1.01964e-05
3.29674e-09
0
0.00103858
0.000430881
0
0.000749164
9.26782e-05
3.90853e-07
6.3043e-06
7.00474e-10
0
0.000676035
2.13617e-10
0.000635947
0.000320809
0
0
0.000196475
0.00107997
0.000435465
7.25105e-05
0.000695525
2.92122e-05
1.41447e-05
0.000308293
1.81064e-09
0.000451793
0.000370544
0.000256589
0
0.000358473
1.36057e-05
0
0
6.55165e-07
0.000565615
0.000999817
0.000674279
0.000108648
5.45156e-05
0.000926623
0
0.00063054
0
0
0.000394928
0.000981863
9.54358e-05
7.85153e-10
0.000666728
1.0363e-07
2.61513e-08
2.11648e-05
0
2.16631e-09
0
0
0.000164164
0.000611358
0
0
0
0.000679493
0
0
0.000100976
0.000575261
3.32089e-07
6.59063e-05
0
9.12613e-05
0
0.000970972
0
0.000779763
0.000964134
0.00110061
0
0
3.75463e-09
0.000138733
0
0.000965605
0.000978686
0.000614314
2.19835e-05
0
0
0.000901676
0.000213191
1.21339e-08
0.000870305
0.000564526
0
0.000358483
0.000529331
4.76043e-07
0
3.9151e-06
0.000857888
0.000253376
0
2.53592e-09
8.76546e-06
0.000736016
0.000340152
0.000107958
0
0
0.000631604
0.000181658
0
0.000944384
4.96642e-05
1.93349e-07
0.000301665
0.00020854
0.000463349
0.000461227
0
0.000501296
0.000349847
0
0.000379569
0.000494597
0
5.69377e-09
8.91259e-05
0.000430245
1.04071e-05
0.000179003
0.000344896
0
0.000226644
0.000100449
1.07747e-07
0
0.000770573
3.6175e-09
0.000112463
0
0.000425181
5.47097e-05
0.000494564
0
0.000844798
0
0
0
1.5487e-05
0.000244621
0.0010555
1.28566e-06
4.20137e-09
1.84956e-07
0
0.00075579
1.2609e-06
0.000213233
0.000751901
0
1.47453e-07
0.000450219
0
0
2.47741e-07
0.000696777
0
0.00085137
0
5.65454e-09
0
0.000317764
0.000150498
0
0.000355428
0
0.000144783
1.57559e-05
0.0002011
4.96324e-06
0.000427302
0
0
0
0.00117644
1.82336e-07
0.000283858
0
0.000434628
3.00395e-08
6.97122e-05
0.000343225
0.000851372
0.000272937
0.000582809
0
0.000120517
0
0.000188408
3.23008e-05
5.47153e-05
9.12914e-09
0
0
0.000263956
0.000690397
0.00102854
1.14051e-09
0
0
5.87537e-05
0
0
0.000712702
1.41819e-05
0
0
0
0.000347576
0.000618674
0
1.39223e-08
0
0.000434214
0.000448322
0
0
8.96203e-08
1.1841e-05
0.000560833
3.03951e-05
0.000172164
0.000226499
0
0.00118082
0.000902602
0
0.000406037
0
0.0011855
0.000564483
2.73443e-09
0.000266741
0.000237409
0.000363719
0.000359535
0.000162283
0.000419407
0.000114229
7.40156e-05
0.00121365
2.9105e-10
0.00074098
4.41044e-06
0.000480002
1.42687e-07
0.000571041
0
0
7.40104e-09
0
0
0
1.62823e-06
0
4.10777e-09
0.00018932
0.000199398
8.78276e-06
0.000192627
0.000295946
0
0
6.0903e-05
3.35795e-06
0
0.000301359
0.00044931
0.000351112
0.000653502
0.000150742
1.93233e-05
1.23721e-05
7.6848e-10
0.000171522
2.09882e-06
1.43369e-05
0.000612551
0
4.16314e-07
0.000901583
0
0.00100528
0
4.21133e-09
0.00012492
1.6949e-05
0.000260049
0.000547421
0
5.487e-06
0
1.66612e-08
0
0
0.000528533
0.000585935
0.000523752
0.000128973
0.000360651
0.000251283
0.000461373
0.00070168
5.60733e-07
0.00095583
0
6.73195e-05
9.19399e-05
0
1.21871e-05
5.06011e-09
0
0
0.000601804
0.00013985
0.000819475
0.000418376
0.000556327
3.62712e-09
0.000310443
2.72058e-09
0.00099475
0.000705414
4.66451e-07
4.66824e-08
0
0
0
0.00026182
0.000986351
2.19837e-07
0.000263594
0
0
0.000579094
7.13452e-07
0
0.000553517
0.00106372
1.27687e-07
0.000186897
4.38272e-06
0
0.00115493
0
0
0
0.000220634
5.55199e-08
4.29182e-05
0.000177012
0.000497417
0.000296694
1.33919e-06
0.000424268
0.000278385
0.000531753
0.00014644
0
7.64175e-05
0
0.00114559
0.000687948
0
0.000134457
0.000159551
9.77729e-05
0.000219371
0.000448013
0.000396017
0.000278029
0.000114017
0.000555658
0.000985428
0
0
5.54023e-06
1.12481e-06
7.77448e-06
1.64842e-05
0
0.000906094
0
0
0
0.000758954
0.000323512
0.000923915
0
0.00096619
0.00095126
3.77944e-06
0.000541366
0
2.83911e-05
0
1.23338e-07
6.7829e-07
4.68561e-09
7.6546e-07
3.75228e-05
0.000101986
3.43536e-05
0.000983285
0.000331703
4.26746e-08
2.49417e-05
0.000234933
0.000142776
0.000249718
0.000514805
0
0
0.000675877
8.42906e-09
8.82342e-06
4.71313e-08
0
0.00120421
0.000321464
8.72503e-05
0.000867673
1.12156e-06
2.92297e-07
5.25556e-06
2.21285e-06
0.000692014
0.000741412
0.00043909
0.000445275
3.75069e-08
8.6588e-05
0.000125628
0.000283314
0.000702729
3.42495e-05
0
4.88179e-05
0.00011077
0
3.49005e-06
0
1.04802e-06
0.000183784
1.81453e-07
0
1.21268e-05
0
0.000308488
0.000787165
0.000157908
0.000381264
5.90328e-05
0.000251191
0.000584482
0.000693815
4.84713e-09
5.40724e-05
1.23095e-07
2.38124e-08
0
0
0
0.000213789
3.07678e-08
2.44298e-07
0
0.000914365
0.000215347
0.000144378
5.6332e-08
8.41155e-05
7.9978e-06
0.00105533
0.000157193
0.000639898
0.000328972
0
0
0.000787568
8.62879e-07
0.000323179
0.00101262
0.000336851
0.000907958
1.3635e-09
0.000645948
0
0
0
0.000148078
5.24737e-05
0.000661317
0
0.000876441
0
0
0
2.71648e-05
0.000162154
9.60219e-05
0.00025087
0.000186856
0.000187748
1.33173e-07
0
5.22452e-09
0.000753157
0.00050736
0.00085486
0.000173025
0
8.44782e-07
4.46473e-05
0.000895072
6.80974e-06
1.89254e-07
0.000345524
0.000313337
1.46332e-07
0.00090238
0.000101809
0.000508953
0
0.000387067
0.000228306
0.000404949
4.47908e-08
0.000202622
0.000184961
0.00077421
5.53167e-06
5.4982e-05
0.000266377
0.00063126
0
0.00122918
3.68898e-08
0
0
0.000352406
0.000530994
0.000504913
1.46715e-10
0
0.000292494
8.7664e-06
0
2.7515e-06
0.000263436
6.27397e-08
0.00102646
0
0
0
0.000522856
0.000638014
0
0
0.000358444
0.000635412
0.000800436
7.6567e-07
0.000101773
4.17986e-07
0
0
0
0.000371494
0.000353194
0
0.000555145
0
0.00106605
0.000318464
0.000800249
3.89382e-08
0
0.0005444
0
0.00014178
0.000266153
2.29929e-05
0
0
0.000124816
0.000243993
0
0
0.000362958
0.000791024
0.00018099
0
5.85734e-09
0.000552613
1.63888e-09
7.10239e-05
0.000755379
0
0
0.00014648
6.25223e-05
0.000130721
0.000253044
0.000940771
0.000726254
0.000141439
0.000242563
0.00110067
0.000851429
5.03243e-09
0.000443497
0
2.65409e-06
0
3.9967e-06
2.06543e-07
9.57423e-08
5.17659e-06
0.000493014
0.000246842
0
0.000306065
0.000825583
0
0.000249808
0.000166888
0.000129994
0
0.000758966
0.0003936
0
0.000489581
0.000631189
0
0
0.000418899
0
0.000543726
7.91157e-05
1.49366e-08
0.000875829
9.0256e-08
3.33405e-08
0.000332478
0
9.60059e-09
0
2.08827e-05
0
0.000356654
0
9.3656e-05
9.63502e-05
1.80554e-09
9.06097e-06
3.68171e-05
0.000273641
9.11332e-07
0
0.00065862
0
0
5.87541e-06
6.6682e-06
4.33691e-05
0.000168879
5.64533e-08
0.000914864
0
0
0
3.0522e-05
0.000858767
0.0005136
0
0.000554816
0
4.34899e-05
0.00033481
0
0.000244972
8.25202e-05
0
0.000934358
0.000162676
0.000896597
0
0.000423476
6.21479e-06
0
0
0.000542029
0
0.000362547
0.000480585
0.00129951
0
0.000269957
5.73423e-05
7.43397e-05
0.000671183
0
0.000771555
6.9592e-10
0
0.00110246
0
0.00110118
6.49697e-07
8.12224e-11
0
9.86168e-10
0.000162228
2.63457e-09
0
2.8624e-09
0
0.000113059
0.000395169
0.000253183
4.30763e-05
0
0.000115691
0.000497193
0
0
0.000611158
8.72566e-08
0.000139335
4.28117e-10
0
0
0.000497298
0
0.000858537
2.07041e-08
0.00111855
5.18295e-07
0.000733899
0.00126745
0.000654396
1.85238e-06
2.12328e-09
7.19123e-05
3.2051e-05
2.95358e-06
1.17642e-05
0.000441284
0.000932965
0
0.000449999
0
0
0
8.13851e-07
1.0552e-05
0
0.000259531
0.000818148
0.000267214
0.000266495
0
1.58868e-08
0.00019156
0.000164425
1.20428e-06
0
0.000619041
0
0
0.000488351
1.00908e-08
9.6279e-05
0.000261203
0.000111929
0.000794536
0.000417357
1.49792e-08
3.56457e-06
0.000509653
1.79571e-06
5.66258e-05
7.53015e-05
0.000626327
0.000168994
0.000849708
0.000912089
3.29195e-07
0.000420227
0.000336659
4.80613e-10
0.000320266
4.22467e-09
0.000386478
0
1.06052e-06
0.000921136
0.000379673
0
5.35511e-05
0
0.00120807
0
0.000416643
0.000820943
0.000983479
0
0.000277394
0.000896941
5.11561e-07
9.08163e-05
1.54408e-05
0.000544591
0
0.000613234
0.00106379
0.000394316
0
3.61477e-06
4.78497e-08
0.000103353
1.04561e-06
8.53978e-05
0.000359736
0
0.00101378
0
3.05967e-09
0.000112673
0
9.14286e-06
0.000609674
0
0.000690005
0.00068224
0
0.000602106
0.000494487
0
0.000122305
0
0
0
0.000143659
1.77829e-08
7.74314e-06
0.000737386
0.000252276
1.11047e-05
0
0.000397635
0
0.0001276
0
0.000180833
5.63279e-08
1.70756e-05
0
0.000566294
0.000290024
1.08745e-05
0
0.000282741
4.92047e-06
0.000396467
0.000124258
0.000485189
0.000246387
1.71561e-05
0.000503239
1.47286e-07
0
0.000472489
0.000162167
0.000354395
0.000293889
3.05218e-05
0.000863047
0.00056786
0.000166209
0.000490397
0.000207614
0
5.07271e-05
0.000186953
0
0
0.000959984
0.000891399
0
0
0.000977373
0.000837857
0.000147535
1.51668e-09
0
2.25448e-07
0
8.08937e-05
0.000380365
0.000646985
0
0
0.000358179
0
8.61513e-07
0.000588818
4.02933e-07
0
1.74782e-09
0
0.000546632
0
0
4.37182e-05
0
0
5.61727e-09
0.00131175
0.00052653
0.000681429
0
0
0
0.000167184
0.000574386
1.11536e-06
0
0.000175318
6.83888e-10
4.90706e-05
0.00086394
0.000166316
0
6.72855e-09
0.000153745
5.58594e-08
0.000177751
2.60092e-08
0
0
0
2.38964e-05
5.03832e-09
0.000321606
0.000187448
0.00067452
0
0
0
0.000591988
1.31872e-07
0
0
0
1.30652e-10
0
0
7.03522e-05
0.000362458
0
0
0
0.000879133
0.00124311
0
0.000878457
2.27983e-05
2.88308e-07
3.98052e-05
2.08763e-05
5.0902e-09
0.000163254
0.000117374
0.000319775
2.50476e-07
0.000623236
0.000664235
0.000152418
8.82112e-05
4.06059e-05
1.56789e-09
0.000502709
0
3.14742e-05
0.000749903
0.000809661
0.000831341
0.000906719
0.000132141
0
0.00115173
0.00117141
9.17541e-05
4.95189e-05
0
0.000373448
0.000554853
0.000458113
2.72042e-05
0.000343888
0.000468002
0
9.88121e-05
0
5.55192e-05
9.57512e-05
0
0
0.000857422
0.000808723
0.000689404
0
0.00082178
0
0.000976284
0.00107236
0
0.000151343
0
0.000537397
0.000515964
0.000920842
1.0155e-06
0
3.23957e-07
0.000418869
0
0
0.000922703
0.000380126
0.00095893
0
0
8.90813e-06
0
0.00113218
1.814e-09
0.00113607
0
0
0
6.47844e-09
0.000210245
9.6173e-05
0.00119669
0
0.00114694
0.000911928
0
0.000484325
1.5202e-06
4.98578e-05
0.000200296
5.4795e-05
3.47032e-06
0.00029918
0.000128096
0.000465655
3.11528e-05
3.57021e-06
0
0
0
0
7.78979e-05
0
0.00110663
0
0.000345382
0
0
0
0.000210843
0.000252667
0.000124169
2.36535e-08
0.000682234
0.000967127
0.000171883
0.000495709
8.72747e-09
1.22807e-08
0.000757038
0
0.000689168
8.71846e-05
5.10625e-07
0.00109548
0.000353448
0.000783511
0.000100558
0
0
0.000288339
8.79612e-08
2.92445e-05
0.000307201
3.38325e-05
0.000179202
1.40753e-08
0
0
0.000644772
0.000208098
0
0.00119569
5.33041e-05
0.000963012
4.88908e-05
0.000227934
0.000262396
0
0.000159247
0.000288241
0
8.1706e-07
0
4.53295e-06
0
2.26227e-05
0
0.000387154
9.51123e-05
8.85158e-08
0.000707134
0.000963266
0
0.000275686
0.000267597
0
0
0
0
0.000696021
0.000364114
0
0
4.69584e-05
0
0.000950715
0
2.01953e-07
5.33751e-05
1.39215e-09
0.000320879
0
0.000645092
0
0
0.000398181
0
9.84369e-06
0
1.99781e-07
0.000200451
0.000694695
0
5.02163e-06
0.000950742
0.000120058
2.82364e-08
0.000501961
1.45654e-09
0
2.78722e-05
5.10384e-09
3.58943e-05
0.000105539
1.21162e-05
1.7898e-05
6.08347e-09
0
0
1.28945e-08
0.000895145
0.000888895
0.000726863
0.000141041
0
0
0.000310066
0
2.92054e-08
3.89657e-05
0.000599795
0.000123485
0.000807018
0.000621785
0
2.8326e-07
0.00015281
0.000327562
0
0
0
0.000242835
4.57575e-05
0.00038534
0.000317217
0.00091707
0.000466206
0.000932366
0.000152257
0
0.000580373
4.37402e-06
0
0.000586406
0
0
0
0.00109291
7.72878e-07
0.000124413
1.22356e-05
0
0.000183626
0.000103357
0.000504569
0
4.10033e-08
0.000217729
0.00021185
0
8.45293e-05
0.000173141
0.000642073
6.84259e-05
0.000448357
0
1.1322e-05
0.000892406
0
0
0
0.000576368
0.00016212
2.22498e-10
0
0.000799916
0.000608078
2.12309e-05
1.39524e-09
0.000493805
0.000611613
1.14062e-08
0.000366866
0.000589068
0.000422986
0
4.15325e-10
4.91328e-09
7.69819e-07
0
0
0.000677817
7.1424e-06
0.000890032
3.6401e-05
0
0.000302009
0.0012483
0.000181998
0.000296393
3.54137e-05
0
4.3694e-08
0.000282401
0.000607448
0
0
0
0.000490005
0
7.1414e-05
0.000904898
0.000118443
2.29648e-05
0.000139633
0.000274435
0
0
0.000966444
0.000486988
0
5.71661e-10
3.46522e-08
3.00275e-06
0.00038779
0
0.0012606
0.00118666
0
0
0
1.27539e-05
0.000436022
0.000285916
0.000812583
3.70889e-05
0
0.000628139
8.12492e-05
0.00070605
1.14534e-05
0.000380941
2.90374e-05
0
5.16871e-06
9.50769e-05
7.68219e-06
0.000585582
0
0.000700857
0
0
5.86292e-05
0.000735896
0.000414274
0
0.000222735
2.07403e-06
0.000721849
0.000531671
0.000167044
0.000377645
0
0.000284237
0
0.000212654
0
1.67123e-06
0
0
0.000709126
2.17092e-07
0.000102316
6.46016e-05
0
1.35991e-07
0.000158426
6.86338e-07
1.53114e-09
0.000252234
0.000633431
0.000562885
0.000406344
3.41961e-07
0
4.00193e-05
1.19884e-06
0.00016406
0.000115432
0
0.00102499
0
0.000277848
0
0.000655313
5.13569e-05
1.19222e-07
0.000149654
0.000485682
0.000601375
0
0
0
0
0.000251445
0.00034514
0.000179369
0
0
0.000331256
0
1.42856e-07
0.000387638
0.000633905
0.000432223
0.000980276
0
0.000251358
1.63472e-05
0.000970416
3.11795e-05
0.000160709
0
8.27191e-05
0.000312622
0
1.5661e-07
3.3783e-06
0
0.000766644
6.84823e-05
3.09315e-09
0.000142766
0
0
2.70626e-06
7.76441e-06
0.000119019
0.000201571
0.000610831
0.00032913
0.000394398
0.000353731
9.18713e-05
0.000854695
0.000977415
0.000276846
5.80511e-05
3.1349e-10
0.00127303
6.43286e-05
0
0.000671151
5.53086e-06
3.52719e-05
0
0.000709807
1.23866e-06
0
0.000147378
0.000162235
6.43765e-06
0
0
0
8.14666e-05
0
8.75159e-07
0
0.000644689
4.10808e-05
1.24347e-05
0.000402619
1.56943e-05
9.21568e-06
0.000613382
0
0.000199137
0.000512314
0
0
0
1.19645e-07
0
0.000333631
0.000664769
8.11094e-07
0.000151793
0.000610279
1.83815e-10
0.000153123
8.10263e-07
0
0.000802232
0.000532206
0.000468175
0.000331501
8.1424e-07
0.000348695
0
0.000109826
0.000642141
6.33222e-05
0.000460919
2.30753e-05
7.04676e-06
0
0
9.22032e-08
0.000650586
0.000493772
0
9.68295e-05
9.19729e-05
0
0.000700813
8.11313e-07
1.46956e-09
0.000260782
0
0.000452311
0
0.000956458
0
4.92131e-10
0.000225222
4.95982e-06
0.000647999
0
0.000620707
9.21921e-07
0
0.000488036
0.00100708
0.000323268
0.000793524
0.000176543
0
4.21377e-05
0.00066185
0.000238657
0.000283337
0.000885964
4.08981e-06
0.0004728
0.000864506
8.76705e-05
1.93542e-10
0.00118284
0
0
0
0.000158088
0.000843571
0.000144539
2.86487e-06
0.00091704
0
0.000151078
0.000212956
0.000579062
9.88027e-08
8.9465e-05
0
4.23268e-08
0.000859498
0.000506265
0.000330815
0
0
0.00119505
0.000173213
0
0.000177028
0.00066844
0.000489555
0.000643502
1.90719e-05
0.00049646
0.000205023
3.86756e-06
0
0.00037259
0.000335596
6.59047e-07
7.35502e-07
0
0.000127069
1.29224e-09
9.35442e-05
0.000390121
0.000147346
0.000110945
0.000463722
0
0
0.000289139
0
0.000514722
0.000129723
0
3.05277e-05
0.000280815
2.58287e-09
0.000221528
0.000246515
0
2.64049e-08
0
0.00112681
0.000452799
0
0.000929831
0
0.000931685
3.43878e-06
0
0.00023116
0
0
0
1.86727e-06
0
0.0001042
0
8.47158e-05
9.0835e-05
0.000349643
5.34615e-10
0.000706244
0.000694674
0.000194169
0.000251628
0.000154205
0.000393266
0
6.32183e-06
0.000377007
0
0.000460204
0
5.74067e-05
0.000282982
2.54657e-09
1.66732e-07
0.000330752
0
0.000177805
0.000373228
0
0
0.000579599
9.40278e-09
0
0.000426214
0
0.00117482
0.000168727
0
3.86034e-09
0.00116162
0.000150437
0.000676167
0
0.000885044
0
2.82044e-07
0
0
0.000793293
0.000334251
0.000284706
0.000533745
0.000845713
0.000681086
0
0.000208509
0.000667497
0.000815866
0.00016084
0
0.000684773
5.38894e-07
0.00118176
0
0
4.04529e-05
4.84946e-07
0
0
0.00123254
0
0.000814186
0
0.000588945
8.13489e-08
0.000764144
0
0.000151139
1.77744e-10
0.000258182
0.00113951
0
8.23251e-05
0.000552375
0.000623379
1.12763e-05
0.000204776
8.69731e-06
0.000648939
1.05784e-07
0.000785651
9.45676e-05
0
0.000378138
0.000368416
0.000734774
0.000579314
0.000852704
0
0.000684818
0.000807976
0.000304189
3.64149e-06
0
0
0
0.00102439
0.000365447
0.000162358
0.000171576
0
0.000107833
0
0.000422231
6.47763e-07
0
0.000265913
2.18444e-05
0.000240934
0.00102063
0.000547174
2.00277e-06
0
0.0007452
0
0.000167835
0
5.81336e-09
2.53516e-09
0.000376452
0.000191004
0.000942647
0
0
0
0
0.000267823
0.000391669
0
3.97854e-05
3.01592e-06
0.000508643
2.01825e-09
0.000898674
0
1.23172e-05
0.000742064
0.000270896
0.00022832
0
0.000977371
0
8.17173e-10
0.000573796
1.37838e-09
0
6.31131e-05
0
9.61582e-08
5.95417e-05
3.96411e-05
6.11137e-06
0
0
8.14423e-07
6.54932e-09
0.00103812
0.000138537
0.000385991
0.000249079
0.000915894
0
1.0176e-06
0
0.000578221
0.000964107
4.3295e-07
1.69998e-05
0.000459878
3.39088e-05
0.000321359
7.33201e-08
0.000136938
0
0.000184614
0.000590915
0
0.00117968
0
0.000712739
0.000223225
0.00068028
3.0277e-07
4.73674e-05
2.56973e-08
8.30828e-07
0.000886452
0.000548369
0
0.000651306
0
5.96868e-06
0.000111295
3.42621e-05
0.000454215
0.000310913
5.37483e-05
0
0.000589556
0
0
1.13465e-06
0.000276704
0.000745478
0
0.000111181
0.000245951
6.59854e-07
3.19561e-07
2.45349e-06
4.05766e-09
0.000436775
0.00014497
3.81431e-07
6.49488e-05
0.000571893
0.000553802
1.24853e-06
0
0.000942835
1.01101e-07
0.00082494
3.67759e-05
0.000351768
3.72242e-08
3.69334e-05
0.00119002
0.00065533
6.80503e-05
0
0.000270104
6.53482e-05
0
2.34414e-05
0.000243618
0.000469801
0.000261875
0.00120903
0.000285055
0
0
0.000460454
8.67687e-05
1.57571e-09
0.00030633
0.000168371
3.59142e-08
0.00046699
0
0.000481585
0.00019047
0.000664121
0
0.000553575
0
0.000109268
0.000570472
0.000473286
8.6948e-08
0
0
0.00082419
1.28919e-08
2.11988e-06
0
0
3.46342e-05
0
0.000944519
0.000709005
1.67467e-06
7.95627e-05
0.000504486
0
0
0.000624425
1.44416e-08
6.36019e-05
5.53839e-05
5.37639e-05
6.35741e-07
0.000974345
0.000132733
0.000556608
0.000446561
0.000241154
0.000102324
0
0.000624004
4.25397e-08
0
5.06818e-07
0
0
0.000697224
1.07583e-07
0.000617546
7.10525e-07
0
0.000509262
0.000189683
0.00102625
0
0
0
0
8.82512e-07
1.89427e-08
8.12048e-09
1.9796e-08
1.05027e-05
3.51121e-08
0
0.000838746
0.000615769
1.52216e-06
0
0.000411278
0
0.000803988
0.0010052
0
0
0.000816157
5.14088e-08
2.85144e-09
0
0
0.00112972
6.06316e-07
0.000580549
0.000163492
0
0.000584419
2.98583e-05
0.000339064
0.000818129
0.000719725
0.00100244
1.24794e-05
0.000308574
0.000144419
0.000256768
0
3.27216e-06
0
1.6982e-09
7.35319e-07
0.00103834
0.00117091
0.000403462
0.00049549
2.91754e-05
0.000744677
0.000536367
0
0.000207054
0.000231322
0
9.74806e-05
0.00111876
0
0.000235878
0.000460961
0.000188363
0.000880321
0.000142759
0.000628701
0.000481543
0.00109948
0.000406071
5.16094e-05
0
7.37002e-08
0
7.07394e-06
0
0.000783029
0
1.30413e-07
1.57265e-06
0
1.11126e-05
0.000354077
0
0.00093929
2.7646e-08
1.71842e-09
0.000180455
0.000101691
0.000459647
0.00106398
0.000528772
0.000960064
0.0009032
0
8.09309e-05
0.000989395
0.000832604
0
0.000749657
1.43536e-09
0.000461378
1.07282e-06
0
0.000140985
1.05888e-08
0
4.38587e-05
0
0
0
0.00042724
0
0.000272978
0
0.00086321
0
0.000593589
0.00109475
0.00047544
8.6421e-06
0.000241718
6.36707e-05
0
0.000623237
0
0.000268485
0
7.35549e-06
1.2773e-07
6.4645e-05
0.000246904
0
0.000174462
0
0
0
0
0
0
0.00082529
0.000145949
0.00038997
0.000452332
8.23101e-05
0
0
0
8.46013e-06
0
0.000224317
0.000173891
8.70798e-07
0
0
0
0.0008661
1.27408e-06
0.000208866
0.000202393
0
0.000340872
0
0
0.000123927
0
0.000451829
0.000959285
0.000678636
0.000319954
0
0
0
0.000189475
0.000194623
0.000128573
0.000915968
8.31781e-07
2.1265e-07
3.54678e-07
5.47829e-05
0
9.05629e-06
0.000983803
0
0
0
2.76457e-05
0.000397656
0
0.000243832
0.000469539
4.4618e-07
0
0.0011997
0
0.000596082
0.000885151
0.0007623
0.000129478
0.000724334
0.000429478
0
0
0
0
0.000645931
0
7.89486e-05
0
0.00094232
0.000596787
0.000226022
0.000266374
0.000520626
0.000194859
0
5.52067e-06
0.000529841
0.000493649
0.000520775
0.00103854
0.000158236
0.000937503
0
0
0.000199989
4.82935e-05
1.51469e-05
0
0.000108829
4.90324e-06
3.34141e-06
0
2.28695e-06
0.000154875
0
0
3.39247e-05
3.37044e-08
0
1.22709e-06
1.96001e-05
0.000639844
5.78625e-10
6.96228e-09
0.000250207
0.000423419
0
0
0.000174903
0.000176375
0
6.07596e-05
1.92518e-05
1.33027e-06
0
0
0.000971654
0.00026236
0
0
9.50582e-07
3.40343e-07
1.78995e-07
0.000576458
1.59438e-06
0.000221703
0.000298835
9.94142e-06
8.58492e-06
6.99598e-07
0.000182624
0
0.000211096
0.000286663
0
0
1.22353e-05
0.000104184
0.000861202
0
0
0.000554263
8.3128e-07
0
0.000857569
5.91515e-05
1.71856e-05
0.00120606
2.01467e-05
0
0.000557497
0.000381893
1.09972e-05
0.000807544
0
1.40245e-07
0.000169275
4.1627e-09
5.78444e-05
9.07307e-09
0.000659048
0.000168829
0
0.000814822
0.000665711
1.51078e-05
9.79968e-10
2.32869e-05
4.24511e-10
2.74214e-06
5.66166e-05
0.000184876
0.00017636
0
0.000165566
0
0.00012531
0.000116238
0
0
0
0.00120061
0.000354521
0
0
2.18036e-08
7.65265e-07
0.000196416
0.000158524
0
1.26343e-07
9.49122e-09
4.72331e-07
0
9.29357e-05
0.000727965
0
0.000332893
6.98992e-05
0.000178066
0
0.000716176
0.000553029
0
0
0.00117479
0.000727174
0.000588496
5.5115e-06
0.000239727
7.37441e-06
0.000111083
4.50489e-08
0.000136703
0.000301209
2.65635e-09
2.44809e-06
5.60053e-07
2.53784e-07
0.000138635
0
0
0
0
0
0.00128582
6.47931e-07
0.000216876
4.02099e-05
0.000980014
0.000374848
0.000911786
0
0.000493604
1.76754e-08
0
5.24564e-07
0.000351693
0
0.000682787
0.000694815
1.03747e-06
0.0011538
5.34077e-05
0.000677141
0
3.49018e-07
1.30163e-09
0
4.26861e-05
0
6.68275e-07
1.05839e-06
1.38383e-05
0
0.000565627
0.000265284
0.000626104
0
0.00078272
0
0
0.000212712
0
0.000375309
0.000155496
6.95699e-06
1.88017e-06
5.35862e-05
0
0
0.000377577
2.8438e-07
7.34582e-05
0.00110689
0.000141872
0.000102826
0.00035107
2.19912e-06
1.07987e-07
5.11523e-05
0
0.000585348
2.72182e-07
0
1.58911e-10
0.00120985
9.98457e-05
0
0.000505873
0.00031196
6.22053e-08
9.1917e-05
0
1.52545e-05
3.59966e-05
0
0
0
0
0
0
0.000699652
1.40275e-05
0
0.000707966
5.69144e-08
2.73272e-05
0
0.0005478
2.21365e-08
0
6.17226e-05
0
6.55951e-05
2.49176e-08
2.17265e-05
0.000220804
0.000387908
0
0.00123576
0
0.000661379
0
0.000652983
3.06939e-05
0.000150213
0.000582751
0
0
0
0.00035195
0
0.000526987
6.07323e-05
0.000950867
2.01283e-08
0
5.00024e-05
0
0.00121713
0.0007716
2.41521e-09
0.000156993
0.000155205
0.000432307
0
0
0.000365548
0.000733258
0
0.000693775
0
0.000416609
4.78321e-05
0.000714967
1.08202e-08
0
0.000436928
0.00108918
0
0
0.00019127
0
0.000657184
7.74397e-06
3.93391e-09
0.000650091
2.0613e-05
2.90798e-05
0.000125181
4.51216e-09
0.000467967
0
0.000350086
0.000206632
0
0
0.000192539
0.000948552
0.000111774
0.000743181
0.00103066
0
0
0
0
0
0
0
0
0.000191832
6.15288e-10
3.40544e-06
6.08155e-06
0.000871015
0.000975138
0
0
0
0.00070006
0.000428492
2.01819e-09
9.86517e-05
0.000620674
2.94296e-07
0.000267492
4.74688e-05
0.00033138
0
9.27581e-06
0
0.000354481
0.000148733
0.00057918
0.00011668
7.50979e-06
0.000285223
0.000305131
0
0.0011498
0.000799633
0.000174422
2.31293e-05
0.000719568
0.000322923
1.8875e-05
2.06825e-08
8.28848e-05
0.000145603
0
1.09253e-09
0
0
0
0.000601996
0
0
1.42606e-05
0
3.66082e-07
0
0.000256227
0
3.55027e-06
0.000661574
0.000241578
0.000673935
0.000178824
2.89026e-08
0.000251768
1.23829e-05
0.000177563
2.29347e-08
0
0.000315668
0
0.00082433
0.00112814
0.000148595
4.07811e-05
0
0.000895625
0
0.000273001
0.000249957
0.000100894
0.000139013
0.000367063
0.000262358
8.94757e-05
0
0.000996079
0
5.00938e-06
0.000470038
0
1.37057e-09
1.13438e-05
0
2.07103e-05
0
2.1911e-05
0.000149334
1.90588e-07
0
0.00101833
0
5.78012e-05
0
0
0.000313734
0.0006584
7.89776e-08
6.7355e-06
0
0.000238919
0.000823722
0.000677679
0
0.000971638
0.000573239
0
0.000608731
0.000413339
0.000869712
0.000188259
0.000442627
0.000525073
0.000898597
0
0.0010241
0
0.000516711
1.75907e-09
9.4755e-08
8.52935e-06
7.17449e-08
0.000228072
0
0.000640172
0.000581722
0.000191813
0.000270686
7.91819e-05
0.000369099
0
0
0.000679111
2.26801e-05
0.000919184
0
0
0
7.48704e-05
0.000468256
0.000883567
2.3813e-06
2.30916e-08
0.000272647
0
0.000865932
5.91392e-09
0.000139877
0
0.000667379
0
2.4965e-05
0.000719921
0
0
0.00012316
6.32634e-09
0.000248922
0.00102221
4.13395e-05
0
0
2.43118e-05
0.000859257
0
0.000992827
0
1.71439e-08
3.82754e-05
0
0.000401171
0
0.000210901
2.03885e-08
6.26211e-06
0.000936658
0.000630212
7.04985e-07
0.000541472
0
3.1258e-06
0.000765085
0
0
0.000380643
2.93693e-05
3.50214e-05
0
0.000402811
0.000725053
9.11025e-05
0.00102609
0.000699264
0.000984871
0
0
1.62551e-05
0
0
0.000281822
0.00113677
3.45141e-08
4.6031e-05
4.99438e-07
5.52873e-06
0.000297087
4.41084e-07
0
0
0
0.000190752
3.1389e-06
0.00121438
7.79207e-05
0
0.000569734
5.98044e-06
0
0
0.000242691
0.000236216
0.000284091
2.17554e-05
7.97287e-10
6.62933e-05
7.13198e-06
1.97962e-09
0.00042756
0.000927422
0.000886366
0.00062361
0
0
2.13721e-05
0
0
0.000481368
0.000739804
0.000227996
0.000736609
1.08334e-06
3.02475e-05
0.000656477
3.55543e-05
0.00077879
0
1.9694e-05
2.3546e-05
3.97398e-06
8.81594e-08
9.41043e-07
4.18376e-05
0.000116644
0
0
7.3379e-09
6.2248e-05
1.89137e-09
0.000345481
0.000156278
1.62699e-08
0.00070945
1.26773e-06
0.000178677
6.95465e-05
0
0.00116607
9.33737e-08
2.3992e-05
0.00058573
3.01013e-06
0.000544616
0.000151168
0
0
0
0
0.000792758
0.00013858
0
0
0.000429869
0.000106271
0.000138094
0
2.25208e-05
0
4.71133e-05
0.000189288
0.00044561
0.000280198
0
0.000172964
0.000693042
6.15933e-05
0.000964736
0
6.00295e-05
2.38028e-08
0.000620931
0.000154065
0.000897343
3.4446e-07
0.000770833
0.00110642
0.000395158
0.00093
0
0
0.000163003
0.000817569
0.00104326
0.00086472
0
0.000119177
0.000683188
0.000103724
3.80863e-08
4.42873e-08
0.000622303
0
0.000639952
0.000109172
7.40819e-09
0.000662378
0.000789633
0.00125104
0.000462275
3.19481e-05
0.000414096
0.0010533
8.02931e-06
0.000129248
8.77591e-07
7.45727e-10
0.000623942
0
0.000490296
0.000504186
0.00107717
3.68587e-05
6.27752e-05
0.000586105
0
1.27097e-05
5.90332e-05
0
0
0.000129845
5.5482e-08
4.14954e-08
0.00012316
0
0.000370864
0
0
0
1.7044e-09
0.00053958
2.66084e-07
0
9.59807e-05
2.6295e-06
0.0010458
0.000265731
0
0
1.07055e-06
0
0.000664906
0.000750842
7.4969e-06
0
0.000538633
0.000957231
0.000424058
0.000711556
0.000893989
5.84566e-06
4.30654e-05
0
0.000291214
0.00029256
2.50178e-05
0.000378816
0
0.00107261
0.000104685
2.59406e-05
0.00027591
0.000428058
0.000255323
0.000161939
0.000138637
0.000290444
0.000876059
0
0.00115003
0
0.000353255
0
0
0.000416574
4.31221e-07
1.34005e-05
0
3.49613e-09
0
0
1.79433e-06
0.000203655
0.00031609
0
0
3.67443e-05
4.23263e-05
0.000600972
0
0.000620328
0.000685965
0.000504448
0
0.000102284
0
0.000171756
0.000187629
0.000460196
0.000777833
0.000756164
0.000453581
6.98566e-06
0.000471456
3.45097e-06
0
0.000815499
0.000503495
0.000580147
1.02861e-09
0.000745336
8.00095e-05
0.00108792
3.33973e-06
1.04937e-06
6.08806e-05
0.000108599
1.47267e-08
0.000514966
2.92458e-05
0.000659193
0.00100858
0
0.000146331
0.000100498
0.000812605
0.000303753
0.000137631
0
0.000212957
5.40589e-10
0.000106776
5.29108e-05
0
0.000512169
9.84078e-09
0
0.000299959
0.000169829
0.000333982
0.000608395
0
0.0001902
2.08282e-05
0
0.000498191
0
8.17566e-05
7.8932e-09
0.000518157
0.000292599
0
0.000287834
0
5.69627e-08
3.37051e-06
2.34572e-05
0.000258367
1.08564e-05
0.000273634
0
0
0.000940287
0.000249623
0.000243696
0.000428397
0.000378961
3.41878e-10
0.000243074
0.000387122
0
1.83531e-08
0.00126091
0.000832269
0.00013506
2.07801e-05
0.000493014
0.000740745
0.000589726
0.000580796
7.5771e-05
7.98121e-07
3.53512e-06
0
0
3.66963e-06
0
0.000206685
0.000215678
0
0.000328228
0
6.88633e-08
0.000981967
6.01174e-09
3.0426e-09
2.74312e-07
0
5.91305e-07
2.12665e-05
0.000291402
2.45738e-09
0
0
0
0.000375573
7.7982e-06
0.000246086
0.000998259
0
6.34785e-07
0
5.10015e-10
0.000360444
0.000917711
4.7807e-05
0.000136359
0.000388343
0
9.88869e-05
0
5.44071e-10
0
0
0.0011299
0.00108333
0
0
0.000367958
0
0.000508092
0.000136507
0.00041877
0
0
0.00068255
0.000542677
7.24058e-09
9.85862e-05
5.48826e-05
0.000340644
0
6.84974e-06
0.000548023
0.00118189
0
0.000536891
2.18465e-08
5.19243e-05
0
0.000304746
4.66218e-09
5.41427e-07
0.000793043
6.63557e-05
0.000177874
0
0
0.000244086
1.73154e-05
1.98952e-07
0
2.8962e-05
0.000145791
0.000474584
7.76456e-08
8.45104e-05
4.7225e-06
0.000321924
1.85027e-08
0
0.000448374
0.000607635
0.000134866
0
0.000580595
3.59775e-07
0
0.000263969
2.52325e-05
0.000762219
1.42969e-07
0
0
0.000259909
0.000385135
0.000471252
1.83718e-09
0.000957143
1.7234e-09
2.35052e-05
0.000474452
1.00556e-05
0.0007289
0.000986303
1.99425e-10
0.000208138
0.00054434
0.000496117
0.00037277
0
1.34926e-07
0
0
0
0.000584066
0
0.000524884
1.7882e-09
4.56619e-06
0.000731696
2.0413e-07
0
0.000819654
5.23916e-05
0
0
0.000307223
3.21021e-05
0.000114864
5.04524e-09
0
1.3244e-05
0.000586697
0
6.58537e-05
5.55179e-05
0.000103848
4.78552e-07
0.000239271
0.000243019
2.30712e-07
0
0.000443135
0
0
0
0
0.000438052
0.000402341
0
0
0.00036965
0.000550229
0.00064949
0
0
1.3509e-08
1.74371e-08
0
0.000362745
0
0.000162109
0
0
4.63906e-05
3.73844e-05
0
8.84598e-05
0.000873313
0
0
0.000419357
0
0
6.2845e-05
0
0
2.10398e-08
0
0.000572644
0
1.16963e-08
0.000444881
1.79955e-06
1.27552e-07
0.00109243
6.52006e-08
0.000856243
0.000690151
0.00063416
9.25569e-05
0
0
6.24274e-09
0
0
0.00025664
7.25298e-08
0.000224351
1.14796e-07
6.72537e-05
0.000975057
0
7.54883e-08
0.000142572
7.72941e-05
0.000741764
0.000724578
0.000387972
0.000285246
0.000150458
0.00028866
0
2.71206e-08
0.000419167
0
4.5909e-07
2.72671e-05
0
0
0.000512346
0.000158155
0.000588247
0.000669041
0.000997945
0
0
0.000137657
0.000240444
5.98268e-05
0.000883921
0.00082657
2.81318e-05
0
0.00087612
9.61129e-09
0
0.000703445
8.08788e-06
0
0.000323258
0
0.000759483
8.19898e-05
0
0
0.000105518
0
2.70226e-10
0
0.000412822
0.000377631
9.89491e-05
0.00014458
0.000291736
0.000425318
0.00052502
0.0006287
0.000608783
4.8805e-07
0.000951502
0.000254473
0
0.00034837
0.000520799
0
1.20059e-08
0.000722959
0
0
0.000153481
0
0.00100358
0.000396898
2.57733e-05
3.51676e-05
0
0.000715249
6.48402e-06
7.91144e-09
0.000139384
0
0
0
7.43536e-05
9.54751e-05
3.82818e-07
0.000342644
6.67922e-05
0
0.000389792
0.000952147
0.000303565
0.000869136
0.00039123
7.07383e-05
0.000593202
0
0.000218028
0.000738005
0.000541797
0
1.97501e-10
9.77601e-10
0.000612929
0
0.000487476
0.000689337
0.000112233
0
0
9.75332e-05
0
0.000305403
0.000767041
0
0.000406896
0
0.000311628
0.000565933
0
1.92612e-05
1.32889e-05
0.000906674
0.00016299
0
0.00102539
0.000650539
0.000347668
0.00132147
0
7.01772e-07
0.00122645
0
1.63613e-07
0.00106319
0.000397189
0
0
0.000307506
0.00035044
0.000189485
0
0.000314506
1.03789e-06
0.000118147
0.000442525
7.5879e-09
0
4.94865e-05
0.000108346
0.000231269
0.000174579
1.45962e-05
2.50806e-06
0.000315298
6.64025e-06
5.50425e-05
8.28362e-05
0.000294849
0.000214202
8.41977e-07
0
0
0.000492665
0.000740198
0
8.26458e-08
0.000854774
0
0.00122899
7.5039e-05
0
0.000538221
0.000215927
0.000546076
0
0.000838457
0.000953619
1.01336e-07
0.000272394
0.000211407
7.2109e-05
0.000294592
0.000301395
2.12525e-05
0
1.80549e-08
0.000112588
4.31043e-05
0.0005118
2.17184e-05
0.000539206
0.000174876
0
0.000623438
3.25602e-06
0.000718423
0.000405028
0.000167868
0.000213068
0
1.25556e-05
1.42914e-07
0.000126976
7.95238e-05
0
0
4.12306e-07
0.000101897
0.000680766
6.97167e-09
4.22034e-07
2.62835e-05
0
1.13969e-05
0.000434172
0.000402215
8.83577e-05
7.14006e-05
0
0.000757222
0.000523098
0.00021964
0.000181464
0.00029123
0.000175823
0
0
0.00050487
0.000312124
0
0
6.76993e-09
0
0
2.3994e-07
9.86923e-06
0
9.41385e-09
6.0436e-07
0.00029412
8.70489e-05
0.000531554
0.000795528
0
4.38177e-09
1.55143e-07
0.000135456
9.66335e-05
8.48225e-11
0
4.46347e-05
0
0
0.00092447
0.000463927
4.19585e-05
0.000790739
0
0.000594746
0.0010253
2.56924e-09
4.79297e-07
4.32414e-10
0
7.3428e-09
0.000547612
0
0
0.000174675
0.000494162
3.98018e-05
0.00105081
0.000503012
0.000530694
0
0.000113864
0.000845917
6.01539e-05
0
0.000617588
2.31989e-08
0.000108213
0
0
0
0
0
0.000717202
0
2.78476e-07
9.66431e-07
0.00048019
0.000538464
0.000421314
0
0.000989404
0
8.84145e-05
0.00123735
0
0
0
8.82627e-09
0.000598095
0.000155159
0
0
0.00119932
0.00040897
6.06394e-07
0.000375923
5.19856e-05
0
0.000806106
5.17217e-06
0.000343148
0
0
0.000935709
6.45826e-09
2.34447e-05
1.43599e-10
0
0.000615649
1.75136e-09
0
3.13859e-05
0.00108437
2.71464e-07
0
6.84282e-05
0.000278372
0.000825745
8.9625e-05
1.04891e-05
0.000123375
0.000584298
0
0
0.000380233
3.3362e-06
7.11892e-06
0
0.000561632
0.000714986
1.1335e-07
0.000692656
0
0.000984105
0.000119093
1.57093e-09
0.000302416
0.000325207
0.00068711
2.05536e-09
0.000143894
0.000526974
1.41165e-06
0
8.0009e-05
0.000285207
0.00103423
0
0.000226292
0.00104816
0.000424458
0.000674395
0.00101341
0
0
6.54381e-05
0
0
0.0010782
0.000655306
4.62175e-07
0
0
0.00090096
0.000233503
0
0
0.000154055
0.000617726
2.44034e-05
7.54497e-07
0.00107151
0
0.000508377
0
0
0.000813558
0
1.12862e-07
0
7.39778e-05
0.000183516
0
0.000772229
0
0.000474886
0
0
0.000451345
0
3.32423e-06
0
0
9.17951e-06
3.58746e-10
0.000732173
0.000227503
1.48967e-06
0.000731961
0.00081967
0.000924341
6.04835e-07
0.000185522
0.000199796
0
0.000400052
8.58584e-05
8.12909e-05
7.26927e-10
5.45768e-05
0.000202734
0.000678174
0
0
0.000400813
0.000392934
2.88407e-08
0
7.43165e-09
0
1.02961e-09
0.000477592
2.57334e-08
2.9268e-05
1.07914e-06
0
9.82481e-05
4.37315e-07
0
4.55401e-10
0.000147016
1.00086e-08
4.45922e-06
1.86294e-05
1.26776e-07
0.000787504
0
1.59709e-08
5.79535e-05
0.00103813
5.71274e-05
0
0
0
0.00024879
5.14934e-07
0.000489956
0.000830669
0.000694911
0
0
7.65518e-06
4.82945e-05
6.68361e-07
7.95557e-05
0.000147877
0
0
3.41542e-06
0
0.0005302
1.54707e-06
0.000158794
0
1.42188e-07
0.000171488
0.000861494
0.000348961
9.74777e-06
0.000329172
0
8.66332e-05
0.000503097
0.000482004
0
0.000461756
0.000905494
0.000779594
0.000622226
0
0
0
6.52941e-08
0.000213448
0.000125376
8.26101e-05
0
1.88987e-07
0
0.000275589
0.000122075
0
8.70044e-06
0
0.000163114
0
0.000530036
8.72247e-05
0.000634202
0
0.00036489
0
0
0.000134846
7.73933e-07
0.000896147
2.01998e-08
0
1.10544e-06
1.44513e-06
0.000193479
0
6.05947e-08
0.000279747
0.000223827
0
3.98254e-08
0
0.00112328
0.00022087
0.000693664
6.33166e-05
2.82063e-06
0.00100065
0
0.000327119
4.50361e-09
9.82801e-05
0.001312
0.000424565
0.000659905
1.21289e-07
6.31456e-08
3.17866e-07
0
0
8.61749e-05
0.00029721
0
0
0.00064915
0.000702231
0.00026026
0
0.000484584
0.000176706
0
0.000232936
0.000710171
0.00120791
0.000333955
0
0
5.19186e-05
6.81461e-05
0
0.000155719
0
5.51003e-08
0.000129606
0.0010064
0.000108677
0
0.000490572
1.58966e-08
0.000334271
0.000147334
0.00103158
0
1.76568e-05
0.000220013
0.000481304
0.000213396
0.000201486
1.37941e-08
1.39179e-08
0.000146122
0
0.000853095
0.00106887
6.37474e-05
0
9.17611e-05
0.000144942
0.000501244
9.78355e-05
0.000665318
0.00085776
0
0.00104718
0.00106213
4.92756e-07
0.00107355
0.000882475
4.23175e-05
0.000147807
6.66431e-06
0
0
0
6.44616e-05
1.70115e-06
1.78847e-08
6.129e-05
1.34264e-08
0
5.89832e-06
0.000154061
0.000654524
0.000400698
0.000240124
7.24042e-05
0
0
3.88355e-10
0.000521791
0
0.000779436
0
0
0
5.22315e-08
0
0
0.0011677
3.41966e-05
0.000178741
1.6861e-09
0
0
0
0
8.44396e-05
0.00102478
0.000533075
0
0.000316287
2.21275e-06
0.00011579
0.000248817
0.000166007
0.000513997
2.10217e-06
3.13419e-08
0.000822256
0
0.000957121
1.46077e-05
0
0.000113987
0
2.19301e-05
0
0
0.000911489
0.000631501
0.000259677
0.000701128
0
7.55775e-05
5.52733e-06
3.01616e-05
0
0.000602565
0
0
0
8.10744e-05
0
0.000103571
0
0
0
0.000321571
0
1.32293e-08
1.16767e-07
0.000775553
0.000311046
0
0.00013688
0
1.10839e-08
0.000346529
0
0
0.000462078
0.000667708
5.04768e-05
8.9413e-05
0.000433748
6.19593e-07
0.000499863
0.000854031
0
0.000321463
0
0.000910733
0
0.000261891
0.000297598
5.23369e-10
0
0.00121625
0.00089123
9.19058e-07
0.000421286
0.000698514
5.66472e-08
5.82655e-05
0.000691025
0
0
0.00013259
0.000330366
0
2.75674e-10
0.000451581
0
0.000512874
7.13736e-10
0.000112674
0.000111522
0.000433129
0
4.13289e-06
0.000598047
5.5244e-05
0.000228779
0.000485418
2.35239e-06
5.27904e-07
0.000571419
3.22043e-05
0.000141771
0.000471647
0
2.23196e-09
0.000747923
0
0
0
3.09593e-07
0.000357995
0.00119124
0.000132373
0
0.000423218
5.0146e-07
0
5.14884e-09
0.000878215
9.68755e-06
0
0
0.000825042
2.96536e-05
4.17e-09
0.000680681
0
0.000887734
1.81229e-10
0.000142846
4.41335e-05
0
0.00109564
0.00094232
0.000222089
0.000497267
1.54513e-05
0
8.0448e-05
4.93617e-05
0
1.09984e-07
0.000250269
0
0.00077806
0.00067147
0.000250799
0.000216954
8.9668e-08
0.000519528
0.00102571
0.000228801
0.000214453
0
0.000765389
0.000154017
0.000270513
1.63984e-06
0.000575701
0
0.000648044
1.91341e-05
0
0
3.123e-07
0
0.000517386
0.000144768
0
1.38354e-06
2.02542e-08
0
0
0
0.000462388
1.72986e-05
0.000224428
0.000143397
0.000600291
0.000104111
0
0
0.000540357
0.00107581
0.000119608
0.000356379
3.66717e-05
0.000449132
0.000180049
6.09329e-05
0
0
2.59851e-06
0.000454402
0
7.00104e-05
0.000486374
0
1.32585e-05
8.61485e-05
0
0.000324751
0.000317634
1.22657e-05
9.75927e-05
0.000215356
0
0.000374165
0.000518867
0
0.000104806
5.07769e-07
4.06945e-08
0
0.00048537
0.000201095
0.000210768
0
0.000555364
0.00110428
0.000755689
8.69105e-06
0.000200014
0.000599285
0.000424149
0.000459971
0.000639792
4.72205e-06
0.000343135
0
0
8.37983e-05
0.000229033
1.0483e-05
0.000297438
0
0.00028037
3.13353e-05
0
0
0.000329575
0
0.000172903
0.000847766
5.79793e-05
9.75583e-05
0
2.51035e-09
0.000513415
3.66315e-07
0.00104528
0
1.52961e-06
5.62795e-07
3.01774e-05
0
0.000183265
0.000658752
3.99141e-10
9.10169e-05
5.55429e-09
0.000818459
3.12044e-08
0.00116562
6.54306e-05
2.32719e-06
3.42267e-05
3.93282e-09
0.000950415
0.000422557
0.00062244
2.17701e-06
4.26831e-07
0.00046747
2.41638e-09
0
1.90549e-07
0
0
0.000505017
1.84447e-06
0.00104269
0
7.1475e-05
5.65738e-05
5.60343e-06
0.000248568
0
2.68724e-05
5.18954e-08
0.000540019
3.18981e-08
1.3627e-05
0
0.000438435
0.000180403
0.000493772
0.00027007
0.000307653
0
0
0
3.50832e-05
0
0
0.000430939
0
0.000329678
0.000647304
0.00027184
0.000584339
0.00102363
0.000548547
2.12581e-05
0.000105958
0.000145397
0.000102224
7.45906e-06
0.000595253
0.000179374
0
0.000728465
2.95217e-05
1.62491e-05
0
3.66679e-06
0
1.08592e-09
7.27945e-06
0.000589127
4.6876e-06
0.000886078
0.000101771
0
0.000370992
0.00034891
3.804e-06
0
0.000765367
0.000673354
0.000104367
0
8.22841e-05
0.000203135
3.14166e-05
0.000801849
0.000378344
0.000339618
0.000713269
0
0.000130016
0.000100849
1.6417e-09
0
1.00656e-08
0.000340595
0.000336014
0.00025675
0.000561247
1.99516e-05
0.00012101
0.00103257
0
0
0
0.000494799
0.000102671
0
0.000730915
0
0.00063265
0.000445874
0
0.000869873
0.000195592
6.61859e-08
0.000307511
0.000412506
0
0.000545188
1.36158e-09
0.0010018
3.9773e-08
1.56061e-05
5.94958e-06
0.000104572
0
7.7659e-05
0
2.11703e-08
1.06673e-06
0.00085385
0
0
0.000370072
0.000637544
0.000564046
0.000593697
0
2.26392e-07
1.18839e-07
0.000387907
0.00132786
0
0.000410579
0.000199857
0.000374274
0.000435753
0.000466096
7.54699e-05
1.96783e-05
0
0
0
0.000602327
5.27789e-09
0
0.000521973
7.24585e-05
0.000110116
0.000127696
0
0
0.000843453
4.56821e-09
0
0.00096681
0
1.08755e-07
6.58094e-05
6.00909e-08
0.000196595
0.000519001
0.000311867
0
0.000580661
0.00035614
0
7.14569e-05
4.08132e-07
3.17254e-05
0
0.000785524
2.85437e-06
0
0.000817408
1.21078e-05
0.000260932
0.000148628
3.26054e-05
0
0.000606243
0.000667297
1.47553e-08
0.000652748
9.83771e-08
0.00053197
0.000686335
9.91979e-06
7.45511e-05
1.49858e-08
1.62194e-07
5.63277e-06
0.000972203
0.000175043
2.06597e-08
0.00053272
0
3.78388e-08
4.54076e-08
0.000938447
0
0
0.000764401
0.000414838
0
0.000148637
0.0010051
2.91665e-08
0.000434111
0.00056969
9.986e-05
0
0.000416841
0.000430445
2.37172e-05
0.000205712
0.000714203
0
0.000383974
0.000879424
0.000104129
0.000639394
0
0
0.000380451
0.000631031
0
0.000203003
0.000154935
0.000481323
0.000408738
6.14991e-05
0.000374069
3.3399e-05
3.64548e-05
1.75627e-08
0
0.000263516
0.000775591
6.98849e-05
0
0.000639397
0.000218911
0.00118123
0.000536133
4.31841e-09
0.000194759
0.000689816
0.000406915
0.000467993
0.000425882
0
1.95137e-08
0.000520322
0
4.27868e-07
8.08696e-05
0
0.00120195
0
0.000213972
0.000648173
0.00114355
0
0.000249955
8.771e-05
0
0.000285676
0.000608186
0.000311204
0
0
0
9.69945e-05
5.71855e-06
6.5409e-08
0.000506423
0
0.00122714
0
0.000449849
2.02275e-05
0.000520866
0.00110287
0.00116014
0.000552481
0.00056247
0.000926343
1.13157e-05
0
1.13529e-05
0
0
0
0
0.000300649
1.12937e-07
0
0.000251983
0
0
0
0
0.000104591
0.000673903
2.10345e-05
0
3.16158e-06
4.87608e-05
2.6791e-05
0
0
8.07099e-05
0
0.00075155
1.09175e-05
0.000753815
8.83931e-05
2.60335e-05
1.3339e-07
0.00122248
0
0.000430328
0.000183814
0
0
0.000169338
0
0
0.000427187
0.00010289
0.0010452
0
0.000478668
3.98235e-09
5.5073e-05
0.000827935
2.86349e-08
0.000277026
0.000326656
0.000284366
0.000424658
0.000134489
0
0.000409975
0.00023788
0.000137039
0.000742053
0.000193686
0
0
8.25841e-05
4.05417e-05
0
0.000165993
0.000256438
0
0.000154178
2.07763e-08
0
3.29316e-08
0.000372535
0
0
0.000730228
0.00117626
0.000472579
5.23632e-10
0.000729509
0
3.75742e-07
0.000477588
0.000280639
0.000878843
7.50014e-07
0
0.00105264
0
0
0.00120484
0.000270345
0
0.000318468
0
0.000977998
3.32955e-08
0
0
0.00114334
0.000281224
0.000299634
0.000931653
0.000199173
0
0.000261849
4.91801e-05
7.2672e-08
0.000168387
0.000168694
0.000640543
0.000276936
0.000883648
0
0
0
0.000496943
0
0
0
0.000392976
0
0
0.000694629
0.000736535
0
0.000235333
0.000106452
0
0.000406036
0
0.000878666
0.000558407
0
0
0.000584741
0
0
0.000233432
1.54597e-08
0.000547009
0.00075021
7.56435e-10
2.23438e-05
0.000986568
0.000595014
0.000805875
1.89671e-09
0.000241961
0.000198238
0
9.3899e-07
0
5.95992e-09
4.41244e-07
0
0
1.47795e-08
0
9.25206e-05
0.000768175
2.52715e-06
8.45054e-05
0.000230036
1.90391e-05
8.36044e-05
0.000352702
0.000763889
0
0.000706424
0
6.01177e-07
6.93613e-06
0
0.000402383
6.00188e-05
0
2.37948e-09
3.65487e-06
2.64435e-06
0.000350075
2.71424e-05
0.000809223
0.00055401
1.46172e-06
0.00016418
0.000312994
9.7848e-09
0.000848268
0.000364187
7.0479e-06
5.2938e-05
6.56898e-05
1.43225e-06
0
0.000114391
0
0.000920055
0.000369251
0
0
0
0.000357564
0.000827217
0
3.26635e-05
0
0
0.000133884
0.000506673
6.34419e-06
0
0.000335661
1.26779e-06
0.000686452
0.000639132
0
9.01975e-05
0
0.000518879
5.76119e-05
3.84128e-10
0.000422761
2.60917e-07
1.69839e-07
0
0.00021592
0
3.33961e-05
0.000187652
0.000150341
0
1.85127e-06
0
0.000987195
0.000380536
0.000591421
0.000148183
5.76534e-08
0.000202191
1.91653e-07
0
0.000556644
0.000155604
0.000968272
0
0.000174843
5.74097e-08
5.32157e-06
8.93828e-05
0
0.000138654
1.54883e-07
0
0.000737418
0.00071415
0.001013
0.000124572
0
0.000557737
0.00113059
1.59575e-06
0.000214213
1.76979e-05
0.000344794
0
0.00042324
5.42354e-06
6.07046e-05
1.344e-07
7.95637e-06
0
0.000206902
0
0
0.00118098
0
0.000373736
6.37489e-05
0.000602679
1.44456e-05
0.000265021
0.000537306
0.000501905
0
9.3699e-05
0
0.000150272
0.000200011
6.32779e-07
0
0
0.00043473
0
0.00114933
0
0
0
0.000446282
0.000528037
4.10745e-06
0
5.00057e-07
2.63303e-09
0
4.79614e-05
0.000357136
0
0.000553497
0.00098689
0.000260201
0.000564001
0
0.00110421
0
0.000977157
4.76856e-09
0
0
0.00122564
0.000267552
0
0.00126844
0.000740233
0
0
0
0.00118645
0.000310685
0
0
0.000910511
0.000573885
0.000839593
0.00119998
0.000625341
0
0.000353843
0.000532381
0
0.000177599
0
1.35473e-07
0.00120491
6.36348e-05
0.000212053
0.000983251
0.000598309
0
0.000339235
0
0
1.82914e-08
0
0
5.79093e-07
2.20276e-08
0
1.10812e-09
0.000893207
2.45015e-08
1.71486e-05
0.000609949
1.2667e-05
0.000576097
0
0.000486378
0.00073752
0
0.000129357
0
0
0
0.00100917
4.47187e-05
7.56831e-08
0.000569892
0
1.43084e-06
0
2.54425e-05
1.70443e-05
0
0.000223048
1.77298e-07
0
0.000542698
0.000202248
0.000558996
0
8.24842e-06
0.000651722
4.28943e-05
1.36775e-05
0.000594008
0.00019795
0
0.00013257
0.000121977
0.000144171
0.000584879
0
0.000653739
0
0.00014966
0.000802415
0.00101791
0.000318565
0
1.56433e-05
0.00104495
4.73929e-05
0
0.000282683
0
0
4.4468e-08
0
0
7.83926e-05
0.000201675
0.000407446
0
0.000462691
0.000363898
0.000764352
0.000749143
0.000155467
0
7.43446e-05
0
0.00024736
0.000628302
0
0
2.58389e-07
0.000565645
1.17628e-05
0.000153222
0.00050205
1.82403e-07
0.00109078
0.000177593
0
0.000678021
0.000606136
1.52962e-09
2.77134e-08
3.00752e-05
0.000400937
0.00047269
9.63589e-05
0.000524837
0.000552311
0
0
6.47691e-07
0
4.33386e-09
0.000939544
6.27466e-07
0.000348628
0.00081406
0.000737555
0.000585329
0.000556377
0.000118529
0.000369607
0
0
0.000122245
0.000128939
0.000169832
1.11971e-09
0.000733737
0
0
3.93037e-05
4.16168e-08
0
3.12599e-05
0.000974639
3.44183e-06
0
0.00121529
0
0
3.59454e-05
0.000333955
0
0.000412069
0.000394953
0.00011991
8.58751e-08
0
0
0
0.000155358
0.000305916
2.58209e-08
0.00107692
5.45094e-09
0
4.32216e-05
0.00029742
0.000673404
2.08228e-09
2.70996e-09
0.000126268
1.24965e-07
0.000799291
7.61525e-06
0.00026746
0.000640589
0.000341091
0
0.000255937
0.00020681
4.36066e-09
5.42847e-05
0
0.000985904
0
2.12236e-08
0
3.25161e-07
0.000818968
0.000235158
0.000641862
5.98973e-05
0
2.36675e-09
0.000214103
0.000309281
0.000956536
0.000564228
4.82767e-05
0.000472202
0
0.00027133
0.000882451
0.000856071
2.70378e-07
0.000177268
1.08254e-06
3.03896e-06
0.00100298
0
0.00102707
1.37596e-07
0.000303624
3.07722e-06
4.70806e-09
0.000171478
0
0
0.000966704
0
0.000225306
0.00115148
0
0
0.000689722
0.000270956
0.000334369
8.87734e-08
0
0
0
9.41768e-05
0.000568136
7.21175e-06
8.31317e-08
5.35953e-05
0.000327292
0.000129236
2.99436e-09
0.000552006
0
8.3684e-06
0
0.000434642
1.3578e-08
7.08444e-05
3.73541e-09
0.000772282
2.47501e-09
7.17503e-05
0.000594386
0
0.000531013
1.08142e-08
1.09539e-07
0.000410727
0
1.56799e-09
0.000990087
7.04974e-08
0.000144468
0.000204742
0.000174383
0
0
2.61376e-07
0.000326984
0.000412387
8.37885e-05
2.18558e-09
0.000534477
0.000109284
0
0.000542134
6.77418e-09
0
0
8.49335e-05
0.000245496
0
0.000675631
0.000162298
2.78399e-05
0.00124304
0.000296085
4.70759e-09
0.00022747
2.11587e-08
3.12626e-07
0.000394637
2.48083e-05
0
2.20768e-09
0.000516894
0.000498467
0
0
0.000451757
0.000368307
0
0.000771129
0.0010319
1.64492e-07
2.80444e-09
0
0
0.000194678
6.28838e-06
0
0.000364846
1.13524e-05
0
0.00132899
0
0.00044344
0
5.0207e-05
4.86193e-05
0
0.000422254
0.000226028
0
0.000237682
0.00117031
0.000277665
0.000633732
0.000866907
0.000759449
0.00101504
0.000133526
0
0
3.38902e-05
0
4.50156e-05
0
0
0.000241759
0.000130067
2.97258e-10
0
1.91031e-05
1.64057e-05
0
6.55477e-05
0.000207765
0
0.00039324
0.000682002
0
0.000911707
0
0.00089562
0
1.79559e-07
2.25921e-09
8.12087e-05
0
0
0.000311814
0.000337296
0.00107821
0.000119177
0
6.5105e-05
0.000974674
3.14056e-06
0.000297661
5.00235e-06
5.24316e-07
0.000655805
0
1.81461e-09
0.000209351
0
6.02341e-05
0
0.000154822
0
0.000203716
1.00899e-09
0.000435736
0
1.93897e-08
0.000225386
8.58168e-08
6.66228e-05
0.000877155
0.0013221
0.000493821
2.58829e-08
3.23402e-05
0
0.000808507
6.46536e-05
0
0.000104712
0
0.000464987
0.000565359
0.000733386
0.000588692
0.000254711
0
0.000217286
0.000735565
0
0
7.93194e-05
0
0.000541778
1.87573e-05
5.67015e-08
0.00051571
0.000101718
2.39161e-05
0
0
0.000185828
2.78242e-09
0
1.94599e-08
0
3.23731e-07
6.7629e-08
0.000402553
0.000198972
0
0.000286057
0
0
0
1.08949e-08
0.000756515
9.82438e-09
0.000439264
0.000373452
0.000962474
1.31498e-06
0.000132062
0.000511463
0
0.000817429
7.95309e-10
0.000734101
0.000107891
8.97408e-09
5.38712e-10
0
0.000693492
0.00073527
8.03237e-05
0.00106814
0
0
5.09027e-07
0.000505747
0
0.000320831
0.000775832
1.29148e-07
0
8.61295e-05
2.9502e-05
0
0.000321032
0.000589147
0.00115353
0.000109708
0
0
0
0.000300146
0
0
5.50703e-06
2.70377e-05
4.9569e-08
0
1.07248e-05
2.2818e-10
0.000453763
0.00108747
0
0.001123
1.93398e-06
0
0
0
0.00093777
0
0
0
0.000839537
0.000507846
8.7006e-09
1.13119e-08
0.000187366
0.000376272
0.00043306
2.93268e-08
0.000926694
0
0.000446682
0
0
0.000535169
1.25599e-05
0.000983985
0
1.03099e-06
0.00041441
0
2.21141e-06
3.25866e-07
0
8.617e-05
0.000661367
0
0.000375221
4.29497e-09
0.000298808
0
0
0.000508105
1.12901e-05
0
1.60221e-05
0.000190765
0.000189751
0.000908861
0.00051431
4.76341e-10
0
0
0.000779994
0
0.000465927
0
0.000632812
0
0
0
0.000155691
0
0.000606056
0.000569439
0
0.000273167
1.26255e-09
0
0.00079285
0.000204734
0.00110008
0
4.05556e-08
8.65953e-05
0
0.000423933
0.00129107
0.000370087
0
0
6.2357e-09
1.36936e-10
0.000298699
1.6555e-09
8.87722e-07
8.07567e-06
5.25654e-09
0.000981147
0
0.000697021
0.000320456
7.96283e-08
0.0010153
0
5.46315e-05
0.000189557
9.71589e-05
0
0.00123974
0.00058967
0
0.000491281
0.000440585
0.000266767
0
0.000447136
0
0
0.00020638
0
0.000706391
0
1.33814e-05
2.35284e-08
0
0.000525836
2.1406e-07
0
0
0.000645897
1.05619e-05
7.74546e-09
0.000567435
0
0
0.000247369
0
0
6.9631e-06
0.000159699
0
0
0.000556904
1.34931e-06
0.000546508
3.0016e-05
0.000710257
0
0.000382017
0
0.000717957
0
0.000792294
0.000225427
0.0006812
0.000388897
0.000100355
0
0
0.000225526
0.000417717
0.000189018
4.82467e-06
0.000924871
0.000939553
0
0
0.000321654
0.000383356
0
8.4707e-05
0.0010809
0
0
0.000778408
3.03716e-05
0
0
5.67733e-10
0
0.00024989
0.000121312
1.00571e-08
0
0
0.000875327
2.42417e-05
1.9894e-06
0.000996586
0.00115822
0
0.000928497
0.000470819
0.000278333
0.000171393
4.60637e-05
0
3.44519e-05
0.000424486
0
0.000940259
0
0.00035293
0
0.000642955
0.000326414
0
1.89796e-07
0.000469309
0.000847766
0.000481677
0.000878449
0
2.51507e-07
0.000641763
0
0.000524138
0.000835838
0
0
0.000897772
4.85901e-08
0
0
0.000733541
0
0.000564165
0.000790335
3.80945e-09
0
5.18319e-08
0.000126075
6.76955e-05
0
0.000443962
7.38532e-06
8.28987e-08
0
2.82084e-09
0.000803192
0
0.000181949
0.000215761
0.000196275
0.000252609
0.000679698
0.000175765
0.000547883
0.000607352
0.000735461
0
0
0.00036896
0.000155843
0.000351093
0.000696045
6.54194e-07
3.73249e-06
0.000947954
0
0
1.40905e-06
0.00084719
0
6.25157e-10
8.49247e-09
0.000249267
0.000190706
0.00113356
0.00126772
3.40171e-08
0.0010168
2.21294e-05
8.50536e-05
0.000345045
0
3.18888e-06
0.000381538
0
0
0
0
0.000165367
0
3.59481e-09
0.000578336
0
2.449e-05
0.000907733
0.000471046
0
0
1.32515e-05
0
0.000866279
0.000162091
0.000179311
0
0
0.000200043
0
0
0.0013091
1.32408e-07
0
0.000400502
0.000565942
0.000801289
0
2.72482e-06
0
0.000336928
0.000317003
0.00077539
0.00132719
0
0
0.000400165
0.00050983
0
2.18642e-05
3.9972e-06
0.000283956
0.000373052
0.000112216
0
0.000616324
9.30364e-05
0
5.65745e-05
0
0.0010784
0.00012246
9.12881e-09
0.000829903
0.00130943
0
2.27469e-07
0
0
0.000623947
0.000812762
0
0
0.000129367
0.00113677
7.00759e-07
0.000601753
0
0
0.000121397
8.10437e-08
0.0010128
0.0011432
0.000120777
0
0.000694417
2.00001e-06
0.000203708
0.000343193
0.000698534
0
0
0
0
0.000264098
0
0
0.0005103
3.68912e-05
0
4.46179e-06
0.000592055
0.000460606
0.000335466
3.51047e-05
0.000286992
8.43456e-07
0.000260465
0
1.25714e-07
8.58687e-08
2.30466e-09
0.000998616
0.000516544
0.000188811
0
0.000848828
1.86369e-07
1.55526e-07
0
5.23207e-06
1.62017e-05
0.000597507
3.77403e-05
0.000203564
0.000745526
0
0.000112364
0
2.65457e-07
9.44343e-09
0.000467277
0.000283217
2.84494e-05
0
0.000646557
0
0
7.94196e-05
0.000345277
0
0.000183724
0.000394303
0
3.49183e-05
3.62763e-09
0.000560939
0
0
0.00109268
0
2.53826e-08
0.000135953
0.000314219
0.000666771
5.6455e-09
0
0
0.000538477
4.59508e-09
0.000270436
5.00836e-06
0
0.00104572
7.37171e-05
1.69478e-07
0
0
0.000754155
5.40495e-08
0
0
0.00012888
3.71181e-05
6.87534e-10
0.000253994
0.00046267
0
0.000194533
1.61505e-09
0.000898317
0.00099415
0
0.000299019
0.000342731
0
6.28847e-05
0.00022437
0
0.000595761
0.000494774
0
0.00078126
1.48846e-05
0.00100733
0.000206484
0.00017274
0.00107869
9.86812e-05
0.00128083
0.000500512
0
0.000535269
0
8.03421e-05
0.000822324
0.000104118
6.49419e-05
2.89879e-05
0.000242399
0.000636421
0
0.00108809
0.00117683
0
4.57996e-05
0.000135956
4.05539e-05
0.000625896
0
0
0
0
0.00022373
3.47835e-05
5.37343e-05
0.000734261
0
4.98822e-05
5.31884e-06
0
0.000605179
0.000622909
0.000523348
1.35297e-07
0.000446734
0.000126728
0.000142607
0
0.000225849
0
0
0.000152779
0.000247787
0
0.000152189
4.02944e-08
8.64338e-05
0
0.000128617
1.77043e-09
0
1.44647e-06
0.000219767
0.00046124
0.000928254
0
0
2.45339e-07
0
0
0
0
0
0
0
2.02004e-07
0.000348407
0.00020648
0
2.3539e-06
0.00035682
0.00038261
0
0
0
0.000415717
8.71968e-09
0.000817143
1.38526e-07
0.000635218
0.000217269
5.13423e-07
0.000344239
0.000139963
0.000579572
0.000969946
0.00022504
0
2.22786e-08
0.000145741
0.000418855
0.000986256
2.21698e-08
0.000132699
1.97092e-09
0
9.71091e-05
0.000843065
0
8.4589e-08
6.11784e-09
0.00058869
0.000142055
0.00115639
0.000177207
0.00100097
0
0
0.000915161
1.99223e-08
7.86437e-05
0
2.84407e-09
0
0.000131602
0
0.000354517
0.000562872
5.06927e-05
0
1.47131e-06
0.000259323
4.88681e-09
0
0.000288783
7.6421e-06
0.00105701
0.000570379
0.000419087
0
0
0.000250041
0.000561214
0.000173653
0.000266695
5.83168e-05
3.74469e-09
0.000907213
0.000200581
0.000631453
3.80478e-07
0.000189926
0
0.000652708
0.000540368
0.00105583
1.72103e-08
0.00101207
5.75429e-07
0.000214713
0.000849872
9.21745e-06
0
0
9.57977e-05
6.97841e-05
3.91315e-08
0.00103114
5.87451e-05
0
0
0
9.82631e-09
2.60108e-08
0.000294982
0.000259383
0
0
0
2.95392e-05
0.000266421
0.00041602
0.000881887
0.000125897
0.000477423
5.48585e-06
8.59433e-06
0.000321346
0
0
0.000113413
0.000535576
9.73655e-08
6.4898e-07
8.96628e-05
0
0
0.000734391
0.000118576
0.000354146
0.000400197
0
0.000725648
0
0.000106799
0.00112668
3.31142e-08
0
0.000355196
0
0
0
0.000426871
0
3.36409e-05
0.000521896
2.04034e-05
0
3.85963e-06
7.52692e-05
1.93113e-06
0
0.00026082
0.000136085
0.000144481
0.000525255
0.000139824
0.000573206
0
0.000183984
0
0
0.000506895
0.000655138
0
0.000234775
0.000398595
0.000806334
0
0.00112475
0.000599984
0.000182633
0.000512634
1.77877e-07
0.000370191
0.000853016
1.0044e-09
0.000616922
1.22903e-05
3.98479e-05
0.000336907
0.000683598
7.28985e-08
1.25827e-05
0
0
0.000267902
0
0.000943589
0.00074871
0.000216315
0.000171029
0.000221481
5.59069e-05
0
1.29935e-05
0.000278413
0.000140252
6.83679e-05
0.000286018
0.000211489
0
0
3.00948e-05
0
0.000169291
1.44585e-06
3.73417e-05
1.4327e-07
0
0.000412515
0.000632504
0
0
1.39819e-07
2.39169e-08
0
0.00120411
0.000360446
3.26564e-09
0.000207684
0.00058182
0.000771843
0.000108106
0.000876914
0.000804085
0.000369579
0
0
0.000991088
0.000456888
0.000673701
0.00102828
0
0
0.000606155
0
1.5359e-06
0.000431556
0.00119055
0
1.94009e-05
0.000135968
0.000212904
0.000676615
1.39577e-08
0
0.000417795
0
0.000645803
0.000589248
2.50706e-09
4.25968e-09
0
3.20249e-09
0
0
0
0
8.79975e-05
0.000391789
0
9.38527e-05
0.000606183
0.000423219
8.45272e-05
0
1.82722e-05
0
0.000400188
0.000955008
0
0
0.00075186
0
7.41885e-05
0
0.000568594
0
0.000477381
0.000949652
1.28063e-08
3.04302e-05
0.000892811
0.000610505
0
3.89142e-05
0
0.000631855
0
0
4.62819e-06
5.7353e-05
2.62834e-07
0.000745629
0.000205016
0.00118647
0.000237139
0.000637123
0
0
0
0
0.0008333
1.64974e-07
0.000640046
8.06965e-05
0.000399711
4.70864e-10
0.000635135
0.000379842
2.72952e-09
0
0
0
7.63399e-09
0.000145184
0.000209903
0.000148151
0.000897323
0
0
0.000826536
0.000113153
0.000424049
0.00113521
0.000190736
0.000437085
4.58254e-09
2.1225e-08
4.52855e-05
0
6.44133e-06
0
0
0
2.38341e-05
0.000373799
1.94539e-07
0
4.60986e-05
0.000155131
0.000368111
0
0.00066724
0
0.000149595
0
0
0
0.000636963
0
0.000655149
4.06327e-08
1.9006e-07
3.61676e-09
0.00115403
0
0
0.00044128
1.69573e-05
1.26207e-07
5.48361e-05
0.000247017
2.83383e-06
0
0.00087726
0.000371515
0.000126826
9.79704e-06
0.00082284
1.51342e-05
9.25033e-07
0
8.22188e-10
0
0
0.000363048
3.62081e-07
3.5851e-09
0.000338661
7.56909e-06
0.000763395
0.00107829
5.43303e-05
7.87087e-05
0
0.000294984
0.000822475
0.00058599
0
0.000221258
0.000419379
0.000815393
4.35535e-10
9.90262e-05
1.65461e-09
0
5.41535e-05
6.49779e-05
0
0.000928572
0
0
0.000767425
0
0.000147383
0.000376726
0.000330912
0.000315958
0
2.97145e-09
0.00103197
0.000538958
0
0.000489592
0.000101273
0
0.00064961
0
0.000456387
0.000889179
0.000195455
0.00064896
0
4.64247e-05
0
0
1.76328e-05
0.000209873
0.000489763
0.000666606
0
3.09495e-09
9.82748e-06
0
0
0.000869848
0.000360185
4.57757e-06
0
0.00038397
0.000710884
0
0.000663084
1.08288e-06
0.00105165
0.000845514
1.57918e-08
3.40849e-05
0.000241305
0.00017071
0.000814189
0.000393247
1.1982e-06
0
0
0
0.000677067
5.5262e-08
0
0.000774767
0.000298325
1.32018e-05
1.77409e-08
0
0.000358266
0.000333374
0
1.2736e-06
3.53946e-06
0.00116571
2.89453e-07
0.000209405
2.80141e-05
0.000619603
5.61962e-05
0.000280679
0.00031662
0.00026726
0
0.000150464
0.000548123
3.98293e-05
0.000421455
0.000803814
0
1.71528e-08
0.000495731
0
0.000709012
0
0.000512165
2.25219e-09
0.000674161
0
0.00011627
3.43413e-07
0.000278488
0.000805433
0
0.000776994
0.00057936
7.62336e-05
0
0.00044143
0.000674545
2.01818e-09
9.1185e-05
0.000113868
0
0.000203464
0
4.46894e-05
5.47897e-06
0.000139414
0.000574014
0
0.000901047
0.000366034
0
0
0.000885375
5.70198e-05
0.000111963
0.000531417
0
5.61303e-07
0.000391427
0
0.000278024
0
9.67596e-05
0
0.00058948
0
0.000235013
0.000696983
0
0.000480805
0.000727151
0.000626318
0
2.00664e-06
0.000170217
0.000553512
1.59287e-05
0
0.00089306
1.6756e-05
0
0.000323497
4.87827e-09
8.1983e-09
0
0.000263843
0.000662745
0
0.000387945
0.00030824
0
0.000747885
0.000342277
0.000157973
0
0.000267793
0
0.000210791
0.000822839
0
0.000506157
0.00105035
0.000439074
0.000908665
0.00106525
1.07089e-09
0
0
4.52335e-09
0.000732094
2.36835e-05
6.45882e-06
3.17653e-08
0
0.000854971
0.000704555
0.00100065
0.000785735
2.13485e-05
0.000186431
0.000807774
0.000863463
0
0.000526395
0
0.00125035
1.0131e-09
0.000662586
0
0.000915279
0
4.45327e-06
1.00972e-09
0.000109919
0
0.000750641
0.000185815
3.80614e-06
0
0.000285125
0.00086974
0
0.0010355
2.18419e-07
0.000134125
0
4.00725e-05
1.80855e-06
0.000221668
0
0.000449679
0
1.41829e-09
0
0.000296764
0.000540946
0.000233903
8.01262e-06
0
0.000270482
0.000620206
0.000604865
0.00101719
0.000318421
0
9.61777e-05
6.65601e-09
0.00058389
0.000513768
5.20856e-07
0.000978765
0.00106309
0.0011708
3.12644e-05
0
0
0.000261401
0
0
4.73124e-05
0
0.00050353
1.07869e-06
0
0.000618695
0.000691096
0.000843785
0.000669076
0
0
0
0.00122872
5.03099e-06
0.00028114
0.000495966
0
0.000102075
1.34468e-07
6.1311e-05
1.48771e-08
6.34852e-07
0.000676373
4.35001e-09
1.30057e-07
0.0011166
7.93036e-06
0.000194631
9.57925e-05
0
0
0.000782925
0.00102406
0.00107507
0.000391592
0
6.76101e-08
3.11299e-06
6.10389e-05
0.000184948
0.000670007
0
5.04162e-10
0.000337538
0
0
1.34802e-08
0.000151362
2.52396e-05
0
0.00106119
0.000476926
0.000420702
0
0.00026516
0.000730654
0
0.000862957
0.000276894
0.00117788
0
1.82999e-06
0.00103293
3.41434e-05
0.000210184
0.00019933
0
0.000712444
0
3.58994e-09
0
0.000919518
0.000112423
0
1.97904e-09
0
0
0.000282555
3.4317e-06
0.000831597
0.000779389
0.00027427
0
8.66245e-05
0
0
0.00109164
0.000400503
0
0
0
1.09785e-07
7.86721e-09
3.78126e-05
7.10557e-08
0.000177604
0.000922194
9.05133e-08
0
0
1.79872e-05
0.000156381
1.91549e-08
0
6.71025e-05
0
0.000293916
0.000341782
6.10956e-07
6.63733e-05
1.25919e-07
0.000210392
0
0.00048693
0
0
0.000100992
0
0
0
0.000577027
0
0
0.000314442
0
6.8205e-10
6.1504e-05
0.000253388
0
1.28447e-08
9.03269e-09
0.000524033
0
0.000792714
0
0.000761662
0.000515229
0.000868487
0.000993575
9.43506e-05
0
0.000221325
0
1.74582e-05
0.000487023
0.000231952
1.99409e-06
0.000338885
0
2.90329e-08
0.00112152
2.33981e-06
0
0.000405454
0
8.82514e-09
6.4752e-05
0.000756861
0
1.5597e-09
0
0
0
0
0.000244041
5.78628e-06
0
0.000316869
0
0.000225735
0
1.87978e-05
0.000624633
0
0
5.71882e-05
0
0
0.000127768
0.00088287
0.000585419
0
0.00011592
0
0
0
1.19698e-05
0
0.00103099
1.52275e-05
0.000493085
0.000226275
0
4.79262e-05
0
0
0
2.09549e-06
0.000396857
0
4.34563e-05
2.01613e-05
1.05874e-06
0
8.99733e-09
0
0.000762529
0.00017988
2.9496e-05
7.89917e-07
0
0
0.000495794
0
0.000103076
0
0.000491762
0.000339561
0.000944623
4.75544e-07
4.09242e-06
3.25294e-07
0.000347279
0
6.5252e-05
0
0
9.05847e-05
0.00058505
0.000857425
0.00101606
0.000496727
0.000111769
0.000488841
5.27037e-05
2.33062e-05
0.000382349
0
0
0
0
0.000642484
0
0.00014492
0.000293066
0.000133195
0.000341002
2.97934e-05
0
0.000409737
0.000148566
0.000691768
7.72129e-06
0.000755488
0.000146183
0.00075208
0.00090107
3.59376e-10
0
0.000276544
0.000563446
0
0
0.000383965
0
0
0
0
0.000148225
0
0
2.13665e-07
0.000278178
0.000556812
0
8.6683e-05
0.000270183
0
0
0
0.000181155
3.96987e-08
0.000838046
5.21639e-10
0.000391046
0
0
0.000362689
0
0.000995704
0
0.000600479
0.000230932
0.000297497
0.000729295
6.90851e-08
0
5.34227e-05
4.41554e-05
9.16662e-09
0.000797523
0
0
4.27109e-05
0
0.000163631
0.00035191
4.37325e-05
0
0
0
1.69715e-10
0.000489806
8.85523e-05
0
0
0.000961001
0
6.02213e-07
0
0.00103596
3.03712e-09
6.62403e-06
0.000125258
0.000626227
0.000174592
0
0.000123258
0
0.000102891
0.000851677
0.000867703
1.48163e-09
2.51552e-05
0
0.00124451
0
0.000498338
0
3.49672e-06
0
0.000228684
0
0.000142183
0.000753461
0
0
0
0.000273801
0
0.000694114
0.000167481
3.41095e-07
0
0.000296243
0
0
0.00102807
0
0.000126491
0
2.00912e-05
8.79008e-05
2.10361e-07
0
0
0
0
2.29366e-05
2.98544e-09
0.00021333
1.38677e-05
0
0.000190598
0.000869194
0
0
0
0.000674063
0.000185816
4.07189e-05
0.000336143
0.000613237
7.51067e-08
0.000215952
0.000543248
0.000844202
0.000519964
0
0.000787301
8.83313e-05
7.33512e-06
0.000774215
0.000357847
4.01516e-05
0
0.000702511
0
0
1.10808e-05
7.45431e-05
0.000637182
0.000170217
0
0.000205695
0.00106358
0
5.05527e-09
0
0
8.78944e-05
0.000219175
4.67815e-08
0.000932067
0.000326531
0
0.000582663
0.000241819
0
3.9437e-07
0
0
0.00096627
0.000178249
0.000434715
0
0
0.000472322
0
0.000140978
8.07307e-10
0
0
0.000738428
2.59965e-07
1.06716e-07
0.000547013
0.000220169
0
0.000104778
0.000265375
0
8.35836e-05
0
0
0.000783177
1.20072e-08
0.000708289
0.000160562
0
0
0.00025431
0.000537897
1.2289e-09
0
0.000947046
2.56248e-07
0
7.08048e-07
0.000653176
0.000604687
0
0
0
0.000939699
0.000973288
7.27001e-07
2.73735e-08
0
0.000457806
0
3.11842e-05
1.12305e-09
0
0.000150607
0.000179413
0.00108217
0
0.000645885
0.000282549
0.000684341
0.000285788
0.000200818
0.000101545
0
1.29405e-08
8.11632e-05
0
0.000614106
0
0.000703396
0.000381525
0.000759421
9.39378e-05
2.78722e-08
0.000218314
0
4.81322e-06
0
0
0.000155776
0
1.2791e-06
2.18838e-05
4.90592e-09
0.000558679
0.000722589
0
1.75391e-06
5.20694e-05
0
0
0
2.99772e-05
0
0
0.000139304
0.000386575
0
0
0
6.4345e-05
9.83997e-05
0
0.000975396
0.000111271
0.000665661
0
0.000113697
0
0
0.000602004
1.11215e-06
0.000329564
0.00114869
0.000192974
0.000239472
1.60765e-07
0.000281338
0
7.47878e-09
0.000480178
0.000201003
0
0.00062261
6.19266e-05
5.20484e-06
0.000516395
0.00108856
2.33506e-08
0.000596373
0.00101584
5.2404e-05
5.62261e-06
0.000434896
0.000488467
0
0.000850523
0.000389256
0
2.29486e-08
0.000583937
0.00117498
1.82043e-09
0.000768334
0.000226153
9.97775e-05
0
0.000142559
0.000459136
0
0
1.09734e-09
0.000132538
0.000536303
0
0
0
0.00130301
0.00101327
1.15079e-07
3.51094e-10
0.000137436
5.75358e-08
0
0.000705533
0.00113604
5.57733e-05
4.52631e-08
0.000291931
0.000527083
0.00032254
0.000104619
0
0
0.000778806
0.000542352
0
0.000650096
1.66766e-08
0
0.000682809
0
0.000624456
0.000914691
0
0
0.000972946
0
7.0358e-05
4.66017e-06
0.00118136
0.00016723
9.54159e-05
0
0.000274391
0.000934994
0
5.28697e-05
0
0
0.000568975
1.47621e-07
0
0
0
3.83407e-05
0
0
0.000193789
0.00064301
0.000184289
0
0.000209133
4.56943e-05
0
0.000148946
1.90264e-07
0.000648699
0.00074724
0
0
0.000492583
2.11069e-05
0
0
4.4367e-07
0.00119639
2.82758e-05
0.00118358
0.000252086
0
3.41917e-08
9.31981e-08
0.00034595
0
0.000293792
0.000696509
0
0.00106166
0.000693774
1.41542e-09
0.00059494
0.00025351
0.000603069
0.000716009
0
4.2763e-05
0.000196912
4.7053e-07
0.000482223
0
0.000210225
0
1.30021e-07
0.000486662
0
6.85381e-05
0.000195621
3.63474e-05
0.000694258
0.000537014
0.000137199
0
0
0
0
0
0
0
0.000434145
0
0
1.53448e-09
1.72666e-06
0.000774088
0
0.000659806
0.000143692
0.000220363
0.000489893
0
5.29392e-05
0
4.67219e-05
9.78872e-05
0.000334105
2.763e-07
0
3.73896e-05
0
3.01651e-07
0.000648142
8.91017e-08
0
0.000766146
0
0
9.73077e-09
0
0
0.000882847
0.00099997
0.00116213
4.40054e-09
0.000583713
7.98374e-05
0.000132856
3.23247e-06
0.0003902
0.00103668
7.84616e-10
7.15202e-06
0
6.23785e-05
0.000406809
0
1.89825e-06
6.35744e-05
0.000255098
1.40311e-09
3.235e-07
0
8.7617e-10
0.00042494
0.000177065
1.57072e-07
0.000354182
0.000575857
0
0.000494032
2.36837e-05
0.00103148
8.42953e-05
0.000476369
0
0
0.000424715
2.06552e-07
0.000334547
6.08763e-05
0.000712409
1.08268e-05
0
1.88857e-08
0.00123594
0.000433795
3.11689e-09
0.000399802
2.95813e-05
5.01578e-05
0.000222344
0
0.00111459
0.00052058
0.000596635
1.4816e-05
0.000255473
0
0.000137381
3.52581e-08
3.05449e-05
0
1.99047e-06
5.82759e-05
0
0.00063206
0.000228205
0
0
0
0
0
0.000127823
7.64525e-05
0.000142507
0
0.00109024
0
0
0.000449933
0
0
0.000118924
0
7.01755e-08
0.000434933
3.81907e-06
0
0.000501519
5.75422e-09
0.000711132
0.000409575
0.000845882
0.000703559
0.000215373
0
7.18732e-05
0.000249428
1.54724e-07
0.000409941
0.000742505
0
0.000225921
0.000511113
7.79652e-08
1.47542e-08
0.00077989
0.000470952
0.000575822
0.000265898
0.000131338
0
0
0
0.000211732
0
0.000427888
0
1.07482e-08
6.34141e-09
0.00113036
8.20716e-08
0
2.24245e-07
0
3.77204e-05
0.000377772
1.03652e-05
2.21423e-08
0.000745218
0
0
9.96487e-05
0
3.83083e-05
0.000241286
0.000368751
4.82882e-05
0.000573524
0.000131274
0
5.46549e-06
3.64018e-06
0
0.000648358
0.000573166
0
1.73116e-05
0
2.0019e-05
0.000925887
0.000957344
3.6801e-06
0.000829323
0.00117055
0.000661435
0
6.09829e-07
0
0.000121562
0.000252689
0.000141479
0
0.000102678
0
0
0
0
0.000996318
1.89761e-06
0
0
0.000760093
0
0.0008149
0.00111892
0.000354949
0.000107314
0.00108247
0
0
3.60535e-08
0.000581508
0
0
0.000161745
0.000631317
0.000681582
0
0.000402968
0
0
3.53506e-05
2.52281e-07
2.74852e-07
0
0.00125825
0.00055607
0
0.00091785
0.000922542
0.000487449
2.27246e-08
0.000313943
3.53762e-08
0.000149263
0.000566047
0.000712109
0.00117813
8.46749e-05
0.000956406
7.53463e-05
0.000606808
0
0
0
0
0
0
0
0.00083284
4.8377e-10
0
0.000166177
0
0.000156085
0
0.000148528
0.000427808
0.000390387
0
1.06042e-08
1.60169e-07
0
2.83486e-09
0.000888239
0.000227769
0.000115269
0.000667852
0
2.96324e-06
0
0.000221549
0
2.2713e-06
0.00124716
0.00125412
0.000717434
0.000244275
0
6.60866e-09
4.45968e-06
0
2.56729e-06
4.24385e-08
0.000131226
0
6.82817e-08
0
0.000413743
1.92673e-06
0.000613108
0.000399841
0
0.000378696
8.40447e-06
0.000243333
0.000951795
3.60138e-08
1.68423e-05
0
0.00103249
0.000189987
0.000378462
4.50644e-05
0.000451574
0
0.000337076
0.000904955
0.000405108
0.000330945
0.00077597
0.000448714
2.90796e-05
0
0.000162007
9.80787e-06
7.00315e-10
0
0
0
5.33351e-08
0
0.000373581
0.000562245
0.000340421
0.000362517
0.000162874
0.000628549
0
0.000296522
0.000476081
0
5.88621e-09
0.000447463
0.000482641
9.31067e-05
0.000657212
0
6.87376e-09
0
3.00785e-08
0
0.000823582
1.18063e-07
1.84639e-08
1.71426e-07
0.000113228
0
0.000308246
4.56928e-08
0
0.000185803
4.10213e-05
0.00043929
0
0.000353038
9.44235e-05
0.000948775
0.000291859
2.31075e-06
0.000977279
0
0
0.000512547
0.000499649
0.000660017
2.84646e-09
6.28274e-05
0.000253583
3.88431e-05
0.000128322
4.83369e-05
0
0
1.37934e-08
0
0.000508514
0.000532679
5.46358e-07
0.000508182
0
5.30403e-05
0.000309353
0.000500884
0.000243429
0.000107603
0.000230595
0
0.000799388
0
1.76926e-07
1.65714e-07
0.000303424
1.46096e-09
0
0.000577904
5.94927e-10
0.000145321
0
0
9.09461e-07
7.33928e-09
1.19738e-08
0
2.56942e-05
0.000311819
0.000606063
7.01197e-05
0.00088116
0.000398882
3.44977e-05
0
0.000151097
0.000307126
0.000132418
2.45786e-05
0.000536863
6.92745e-05
0.000965177
0
0.000645441
0.00104472
0.000638576
0.000112348
0.000418935
0
0
1.01842e-07
0.000848925
7.04978e-05
0
0.000103249
0
0.000280725
0.000486778
0.000299844
0.000719475
3.97722e-07
0.00013023
0.000133153
0
0
3.6923e-06
7.74086e-05
0.000573635
0.000300525
0.000637367
0.00114272
1.60471e-06
0.000747203
0.00109281
0
0.000317998
1.98595e-05
7.87794e-08
1.32509e-07
0
0
0.000161358
0.00010746
3.34716e-09
0.000996728
1.78009e-05
1.27849e-09
0.000577291
6.5661e-05
0.000692109
2.20378e-09
0.000122547
0.000839455
0
0.000262704
0
0.000239046
0
1.04351e-09
0.000212067
0
0.000506578
0.000408599
0
9.61089e-06
0.000305835
0.000975955
2.21472e-05
0
0
0
8.93515e-05
3.08895e-05
0.000265321
0
0.00044511
0.000402304
0.000140022
0
8.29346e-08
2.6614e-08
0.000995347
0.000135393
6.81972e-05
0.000192995
0.000407691
4.29394e-08
0.000707879
0.000363369
6.52134e-05
1.88076e-08
0.000579152
0.000338605
0.000939574
0
6.3866e-06
0.000749886
0
2.40356e-05
0.000953783
0
0
0.00020155
0.000834566
2.66566e-05
0
0
0
0.000492466
0
0.000558843
2.49233e-08
0
2.99814e-05
0.000307961
7.02693e-05
3.39407e-05
0.000575744
0.000120193
0
0.000174955
3.99115e-09
0.000873445
0
3.54126e-07
0
1.13504e-06
1.73527e-06
5.16866e-07
0.000547152
0.000895983
4.78316e-08
0.000232487
0
2.26968e-06
0
3.50787e-05
7.41183e-08
0.000387031
9.19888e-06
0
0
0
1.29418e-05
0.000165788
0
0.000295393
7.38887e-09
0
0.000237716
0
0.000274664
0.000697529
0.00053701
5.88844e-05
0.000194808
3.80877e-07
9.81917e-05
0
0.000375293
8.40141e-07
0
0.000172546
0
0
0
0.000113032
0
0.000443289
0.000231587
6.57939e-05
2.94515e-06
0
7.99476e-09
0.000989562
0.000346539
0.000104548
0.000270654
0.000236947
0.000680986
0.00111131
0.000416776
0
0
0
0.000522623
0.000464442
8.17328e-05
0
0.000412898
3.94146e-06
2.2862e-06
8.35165e-09
0
0
9.84369e-09
0.000938492
0.000384727
0
0.000227358
0.000544337
5.89726e-05
0.000480096
1.23412e-09
3.55585e-08
8.09286e-05
5.15915e-05
5.11558e-05
0.000660501
0
0.000275249
0.000332252
0.000714783
0.000435028
1.99999e-07
0
0
0
0.00108815
0.000161984
0
0
2.52024e-06
0.000127301
9.47417e-05
4.93784e-05
0.000549764
9.30913e-05
2.84166e-08
0.000874002
2.93691e-08
0.000198024
1.69143e-08
4.94012e-08
1.47475e-06
0.000500516
0.00017847
0.000175903
8.81489e-06
1.28874e-06
0.000768036
0.000233202
0.000188949
0
0.000581779
0.00082287
0.000142343
6.91999e-09
0.000886102
0
3.84802e-09
0
0.000451444
0
0
0.00037509
0.00101466
0.000566558
0
0
3.53072e-09
0
0.00111152
0
1.9257e-06
0
7.222e-09
7.68435e-05
2.91967e-05
1.7724e-07
0.000119448
1.70664e-08
0
0.00048782
1.30753e-05
0
1.02142e-06
8.51887e-05
0
0
0.0010415
4.03572e-10
0
0.000698227
0.000481417
0
9.21533e-05
0.000763899
0.000779403
0.00016369
0.000330319
0.000167983
0.000920342
5.89501e-09
0
0.000761034
0.00107541
0
0.00028923
0.00102801
5.59126e-05
0
0.000490435
7.87076e-10
2.01606e-06
0
3.97481e-06
0.000182364
0
0
0.000178475
0
1.31354e-07
0
5.62205e-05
0.000231797
0.000553861
5.01696e-05
0
0.000190441
0
0
0
1.07751e-05
1.05916e-05
0
0
0.000327369
0
8.12927e-05
1.89575e-08
1.97936e-07
0.000511217
0
0
0.000114737
0.000473317
0
0
0.00030686
0
0.000482947
0
1.74008e-09
2.92214e-09
0.000365034
0.000174036
2.02517e-05
0.000353326
0.000244336
0.000293217
0
0
0.00035106
0
0
0.000405437
0.000564211
2.38128e-06
0
0.000245268
0.000919494
0
4.90699e-06
0.000268682
8.00628e-07
0
5.50978e-05
0.000278138
0
0.000374527
0
6.24252e-06
0
1.48367e-05
0
0
0.000204136
0.000735536
2.21777e-08
0
0.000280393
4.49362e-06
0.000878966
0.00130933
0.000332475
0.000833991
0.000442196
0.000497073
0
0.000199523
0.000530005
0.000451771
2.80725e-05
4.94789e-09
0
0
0
8.13551e-05
0
0
0
7.77969e-08
0.000820386
0
7.5236e-06
8.30804e-08
0.000126641
0
0.000769058
3.96047e-05
7.82828e-07
0.000172643
9.51398e-05
1.1801e-08
0
0
2.29954e-05
0
0
0
0
1.43124e-07
2.866e-08
0
0.000651824
0.000881072
4.34287e-05
9.03764e-09
2.53789e-06
0.000626604
0.00011823
0
0.00103682
0.000584937
0
0
4.07804e-07
8.48543e-06
7.57249e-07
2.62017e-05
0.000160945
3.661e-05
4.06955e-09
5.45284e-09
0
0
0.000329632
1.23974e-06
0
0.000190442
0.00110156
0.000484839
2.42814e-07
3.1052e-07
0
0.000802527
0.000287992
0
0
0.000412177
0.000292186
0.000670794
0.000406027
0
2.73643e-08
0
0.000768133
0.000101469
0.00103379
0.000339604
0
0.000932003
0.00041196
0.000365763
0
3.67716e-07
0
1.18478e-09
0
0.000459455
3.01174e-09
0.000268737
0.000381231
0
5.34721e-07
0.00045679
0.000431792
0.000903703
2.42864e-05
0.000231149
3.73313e-05
0
0
0
0.000208038
0.00132428
0
0.000501407
7.90262e-05
0
0
8.69287e-05
0.000155581
0
1.85373e-05
0.000163603
0.00014559
0.00102249
0
0.00132834
0
6.22377e-06
2.65177e-07
0
0
7.21275e-05
3.97661e-06
8.74289e-05
0
0
0
0
0.00042172
4.54324e-07
7.26979e-06
4.34226e-06
0.000109923
0.000996498
0
1.00415e-07
0
0.000255601
0.00101535
0.000707708
0
0.00041777
0.000167406
0
0.000425325
0.00117433
3.93613e-07
0.000597866
4.41864e-07
0.000787884
0
0.000474231
0
0.000244433
0
0
0.000926601
0.000462026
0
0
0
2.38295e-08
0.00102308
1.03707e-07
0
0.000105588
0
2.0677e-06
0.000110538
6.99668e-05
0.00046348
0.000969775
0
0.000170334
8.02039e-05
0
0.000976127
0.00127018
7.2722e-05
4.82748e-07
0.000296076
0.000722256
0.000668722
0.000153029
8.27806e-06
0.000167919
0
0.000834546
6.1121e-08
0.000566208
2.01383e-08
0.00055478
0.000186343
1.38404e-05
0.00016699
0
0.000888838
5.18247e-07
0.000221183
0.00104369
0
3.41579e-08
0
0.000747572
0
0.000586421
0.000262041
0.000659926
3.2045e-09
0.000287543
0
0
0
0.00111535
0.000339478
0.00111334
0.000350792
0
2.75475e-05
5.74944e-07
0
0.00103126
0
0.000233608
0
7.15731e-07
0.0003268
0.000719808
0
0
8.85064e-06
0.000107729
0
0.000335277
0.000273735
0
0
1.30339e-05
0.000875065
0.000121268
2.50494e-05
0.000340498
0.00032873
0.000883837
8.67397e-10
8.87434e-05
0
3.16795e-06
0.000305516
0.00104321
0.000627192
0.000823729
0
0.00101908
6.16842e-05
0.00045707
0
0
0
0
0.000116327
0.000553361
0.000471727
0
0
2.30486e-09
0.000673547
0.000987783
0
5.74116e-05
2.32219e-05
0.00017797
0.000146705
0.000803368
7.10992e-06
4.61717e-09
0.000500844
0
0
0.000952669
0.000564032
7.75988e-09
1.05049e-06
0.000813748
3.36667e-09
2.83483e-07
0.000121974
1.03808e-07
0.000994526
8.51293e-05
0.000655263
8.21668e-10
8.19112e-06
7.35918e-05
0
0.000670357
0
0.000262036
0
0
0
0.000188178
0.000738173
4.64216e-06
4.73485e-05
0.000437935
2.24767e-06
0
0.000750617
3.46989e-06
0
0.000319367
2.29399e-09
4.55872e-06
0.000109137
0.000301738
4.71893e-07
0.000607119
0.00107742
1.27559e-07
3.70562e-07
0.00100213
0.000420932
0
0
0
0
0.000497085
0.000421442
7.40957e-05
0
0
6.09898e-05
0.000238665
5.96609e-05
0
0.000779356
0.000133552
0.0001167
0.00128954
0.000812476
0.00095512
0.000101849
7.50082e-09
0.000793501
2.34524e-06
0.0007059
0
0.000186197
0.000599444
0.000484728
0
0
0
0
5.5878e-05
2.47631e-09
0.000595315
0
1.65329e-06
0.000677777
0.000398854
0.000295095
0.000623073
7.16282e-09
2.90117e-06
3.13456e-05
0
0.000476752
0.000921904
0.000991975
0.000646727
0
4.76969e-07
0.000232818
1.05793e-08
0.00104095
0
5.97445e-05
0.000374659
0
0.000635142
0
0
0.000236858
0.000752535
0.000155229
0
0.00102118
1.94214e-09
0
0.00102989
0.000626502
0
0.000179794
8.0785e-10
0.000248539
0.000209629
8.4843e-10
7.33681e-10
0
0.000120798
0.000564649
0
0
0.000740704
0.00121539
0
0
0
0.000614203
0.000729183
0.00105974
0.000442133
8.2209e-09
0.000651535
0.000102039
1.10888e-07
0.000500041
0.000131699
0.000926767
1.60718e-05
0.000266036
0.000581457
1.75107e-08
0
0.000390684
0
0.0010132
1.03147e-06
0.000342141
0.000590689
0
0.00010944
7.65493e-06
0.000429091
0
1.05566e-06
0.000728559
0.00090254
0
0
7.47026e-05
0
0.000261499
0
0.000431582
0.000397031
0.000281558
0
5.32283e-05
0
0.000514078
0.000836213
0
0.000100892
0
0
0.000892787
0.000755853
0.000745076
0.000479479
0.00110742
0.000258972
0.000201306
0.0006792
2.49365e-05
0.000660603
2.65278e-07
2.68765e-06
6.1618e-05
0.000408006
2.39074e-07
2.02718e-05
8.04224e-05
0.000624862
0.000651948
0
0
0.000515209
0
2.04257e-06
2.07096e-08
0
1.86947e-08
0.000456877
1.36804e-07
0.000975341
3.94532e-08
0.00131996
0.000723666
0
8.89043e-05
0.000105572
0.00111704
0.000138998
0.000405576
0
5.55599e-06
0.000242856
0.000143757
0
0
0.000454469
0.000741894
3.39322e-08
0
0.000403087
0.000213881
6.61741e-05
0.00105487
0.000815673
0.000716874
0
5.50005e-08
0
0
1.68721e-09
0.000114307
0.000232701
0
0
0
0
6.02479e-05
0.000343189
0.00048001
0.000820523
2.77418e-09
0
2.66733e-05
0
1.90856e-07
0.000895939
0.00091259
0
5.67573e-09
0.000376354
2.22209e-08
1.37322e-09
0.000705381
0
0
0
9.93241e-05
0.000889172
0.000577736
8.61932e-09
0
0
0
0.0005759
0.00115739
1.73023e-06
0
0
5.46707e-09
0.000918677
1.65063e-09
0
0.000445971
1.04432e-05
0.000110845
0.000387028
0.000523629
0.00046288
0.000232498
0
0
0.000677308
7.84676e-08
0.000398091
0.00018913
0
0.000487108
9.07304e-05
0.000155785
0
0
0.000105953
3.47309e-09
0.000236776
0.000481802
0.000981066
0.00104319
1.05679e-05
0
1.20753e-09
2.68731e-06
0
0
1.68823e-08
2.1628e-09
0
6.63013e-07
9.39345e-05
0.000429652
5.34513e-05
0
0.000455723
0.00113292
0.000124397
0
0.000846855
1.93178e-05
0
0.000194755
1.10625e-08
8.20071e-10
0
0.00022004
0.000428159
0
2.40104e-05
6.4892e-06
0
0
0
5.58013e-05
0.000356411
0
0
0.000885095
0
0.000327372
0
0.000403002
0
0.000667029
0.000781905
0.000940599
0.000383115
0.000899709
0.000345445
0.000430941
0.000677184
0.000179049
0.000237501
0.000337766
0
0.000433808
1.05573e-06
1.33845e-08
0
2.87317e-06
0
0.000250615
0.000635798
0.00049906
0.00065866
0.000137634
0.000719218
0.000168814
0
0
1.21826e-05
0.000124352
1.21512e-05
0.000105543
0
8.99134e-05
6.92794e-05
0.000582134
2.43352e-08
7.64943e-09
1.34575e-08
2.59234e-08
6.62827e-05
0.000169093
0
0
1.8462e-07
0.00109713
1.78624e-05
0.000424759
8.08784e-05
7.44689e-08
0.000259707
1.2728e-07
0.000877768
7.75517e-08
0.000105874
0.000880662
0
0.000268055
0.00050579
0.00018826
0.000121924
0.000761169
5.05e-05
0
0
0.000109153
6.70755e-07
0.00119075
0.000919308
1.10424e-08
0
1.73236e-05
0.000261059
0
0
8.5503e-09
5.98082e-08
0.000488771
0.00064085
0
0.000638719
0.000551529
0
9.00748e-05
0.000132539
1.68331e-06
0.000246422
3.87698e-06
0.000342699
0
0
0.000412766
0.000625738
0
0.000131176
6.05082e-10
0
0.000501079
0.000764418
0
0.000427289
0.000215341
0
1.25233e-05
8.72215e-10
1.86254e-05
1.38717e-05
0.000442952
0.00109257
0.000892777
0
0.00030223
0
0.000326779
6.10256e-09
7.11371e-08
2.83204e-07
0.000166366
0
0.00045158
0.000824339
0.000224521
1.05747e-05
0.000971447
0.00038885
0
0
0.000347057
0
0.000736173
0.00024629
0
0.000490592
0
0.00102884
3.0019e-06
2.38532e-05
5.91741e-07
0.000238175
0.000535007
6.75655e-05
0.000363475
0
0.000211715
0.0012797
0
0.000547419
0
0.000520893
4.00568e-06
0
0.000107286
2.61606e-06
0.000421561
0.000785526
0
0.000801632
1.67338e-07
0.000936555
0.000559743
0.000109364
0.000751842
3.51574e-10
1.609e-07
3.59879e-09
0.000887554
0
0.000597008
2.715e-06
0
3.08028e-07
0
0.000539056
0.00028639
6.82895e-06
8.02329e-05
0.00085889
0.000626827
0.000342524
0
0.000113588
2.9522e-06
7.08961e-05
7.81102e-05
0.000157511
7.50374e-05
0
0
0.00061413
0.000812675
0.000562886
0.000706952
0
0.000813098
0.000916287
0.00076349
0.000350229
0.00108244
0.000971328
2.5175e-06
0
1.32788e-05
0.0003909
0
0.000168368
0.000315324
0.000355391
8.37577e-06
0.000157586
0.000237908
5.20338e-08
9.84784e-05
7.67789e-05
3.61682e-08
0.000481373
1.74356e-10
9.31629e-08
2.24009e-09
0.000554838
0.00103968
0
0.000691751
0.00105139
0
6.00961e-05
4.8568e-08
0.000719943
0
0
0
0
0
0.000243654
0.000266793
6.2229e-05
0
0
0.000331736
0.00110001
0.000629105
0
0.000695414
2.70542e-09
0
2.35939e-07
0.000700073
0
0
0
0
0
7.77048e-06
0
5.00322e-05
4.81439e-09
0
0
0.00057104
0
0.00063267
0.00053344
0.00020918
0
0.000162518
0.00118039
0
0
0
8.95316e-05
0.000576845
5.73173e-07
0
0.000323512
0
0.000311446
0
2.1205e-08
9.01484e-09
3.22033e-06
3.73379e-08
0.000719958
0.00116761
3.04433e-06
0
0.00109471
0.000529218
3.57802e-05
6.45573e-09
0.000227897
4.58038e-05
0.000684702
0
0.000639032
0
9.87344e-09
0
0.000398712
0.000285064
7.22852e-08
3.22574e-08
0.000101254
0.000603229
2.35595e-05
0
0
0.000121519
0.000250411
0.000318086
7.62918e-05
0
1.65173e-08
0.000171423
9.53333e-05
3.56374e-06
0
7.53411e-05
0
1.53668e-06
0.000318331
0
0.00101058
0
1.14183e-05
0.000246677
0
0.000439684
0.00103601
0.000685765
0.000356916
5.8378e-08
3.81245e-06
3.69624e-05
0
3.21888e-09
2.26969e-07
0.000697013
0
1.25257e-09
4.75825e-09
0
1.55222e-05
0.000153887
0.000148785
0.000383521
0
0.000190258
0.000208266
0.000863708
0
7.3879e-06
0.00053287
0
7.47252e-05
0.000284705
0.00010094
0
1.15281e-05
0
0.000173774
0
0.000853724
0
0
0.000481137
0.000954015
9.78134e-05
7.42566e-05
3.29374e-05
5.52677e-05
3.45759e-06
3.11653e-06
7.29729e-08
3.9213e-09
0.000116143
0.00104758
0.000586171
0.000461735
0
0.000627655
0
0.000721925
0
0.000200394
0
0.000438611
0
0
0.000206841
0
0
0.000451688
0.000810099
0.000664685
0.000880485
8.05863e-05
0.000430537
9.98728e-09
5.86446e-05
0
0
1.51088e-06
0.000500345
6.03039e-07
5.67867e-06
0.00110351
0
0.00057056
0.0003368
0.000485399
0
1.70016e-05
0.000540697
0.000398331
0.000801986
0.000116679
1.49001e-06
0.000222877
4.18378e-08
2.17588e-08
0
2.44404e-07
7.37456e-05
0
0
0.000149185
4.25198e-06
4.32102e-09
0.000791942
2.872e-06
2.20324e-05
0
0.000447767
0
0.00118206
0.000159694
0
9.67653e-05
1.02751e-09
0
0.00036963
0
0.00047568
7.5271e-09
0
7.80522e-05
0.000742424
3.02719e-06
0
5.30191e-05
0.00132137
6.71527e-05
0
0
0.000166045
0
1.8654e-06
0.000401723
0.000122192
0
0
7.40632e-09
0.000888102
1.85875e-07
0
0.000478641
9.24919e-05
0.000863215
0.000943833
0.000253854
0.000456947
0.000773926
2.72489e-09
0
5.66206e-07
0
0.000130011
0
0.00081723
0.00080977
0
3.40861e-07
1.01302e-06
7.52442e-05
0
0.000499587
0
0
0.00100372
0.00120846
0.000501963
0.000176079
6.57439e-05
0
1.18328e-10
0.000953267
0
0
4.48118e-08
1.78651e-05
0
6.60272e-06
7.8189e-07
0.000481852
0.000707809
0
0.000983429
0.000388837
0
7.06364e-08
0.000409181
0.000485603
0.000370731
0.000737628
0
0.000135056
0
8.54949e-05
2.08031e-08
3.84291e-05
2.60307e-09
0
3.33083e-05
6.07945e-05
0.000827741
0.00102114
0.000982543
0.000325856
0.00039826
0
9.18077e-05
8.62494e-05
0.0002301
0
8.11695e-06
0.000281824
0
0
0
8.12513e-06
1.36868e-09
0.00058059
0.000198173
2.29481e-05
0.00109711
0
0.000431683
2.04335e-05
9.22882e-07
2.35115e-06
0.000384312
4.55853e-08
0.000160708
0
0.000978755
0
0.000394241
0.000256502
0.000258526
4.34966e-08
3.37104e-05
0
4.12143e-05
0
0.000316423
0
0
0
0
1.24555e-05
0
0.000766426
5.01658e-08
0.000620516
0.000466868
8.45149e-09
0
0.000875839
2.58912e-09
0.000818301
7.31254e-07
0.000369185
0
4.73614e-06
0.000273759
0.000223872
0
0.000622442
0.000620516
0.00086364
0.00104302
1.77047e-08
0.000407661
1.04956e-05
0
0
1.47708e-07
0.000857497
0
0.000865206
0
8.52308e-08
0.000121574
0
0
2.82205e-08
0
0.000379345
0
0.000773391
4.62177e-06
0.000288262
0.00025408
0
0
0
0.000949419
0.000941662
3.00821e-06
0.000118179
0
0.000520447
1.87258e-07
1.28034e-08
0.000205893
0.000219937
0.000187581
0
0.000213618
2.57287e-07
0.000431597
0
0.000779057
0.000384958
0.000778252
5.15834e-05
0
0
0.0010292
0.000671031
0
2.2079e-05
0.000851784
0
0
2.03281e-07
0.000229165
1.75979e-07
0
0.000319674
0
1.55099e-07
0
3.28635e-09
2.35378e-08
0.000751025
0
0
0.00102714
0.000425778
0.000922589
0
0
0.000229543
0
0.000106275
0.00118748
0.00107992
0
0.000114961
0.000599028
0.000541452
0.000587233
0
0
0.000182196
0.000164233
0
0.00040391
0
0.000197863
0.000421915
0
0
2.5284e-06
0
0.000547675
0
0.000193738
0
0.000910298
1.09687e-06
0
0.000151599
0
0.00018593
0.000570711
0.000107688
0.000957512
0.000557601
3.17616e-08
0.000224746
0.00049777
0.000372853
0
0.000347136
9.10469e-07
1.08816e-06
0.000269601
0.000291725
0
0.000285482
0.000310827
0.00124861
3.04515e-05
0.000752147
0.000776351
0
0.000982214
2.7066e-07
0
0.000824521
0.00015703
5.67649e-07
2.34228e-07
1.29908e-08
0
0
0
0
0.000129693
0
8.70297e-10
0.00063476
0.000484509
6.99732e-05
0.000227203
0
4.939e-09
0.000608472
0
1.82743e-07
3.65772e-05
5.83318e-05
0
3.4458e-05
0.000898073
0.000710034
0
0.00081168
0
0
0.00091325
0.000225758
3.69566e-07
0
0
0.000456102
0
3.7181e-06
6.40055e-05
2.20294e-05
0
4.40764e-09
0.000653481
1.21334e-08
0
9.56682e-05
0
0.000786825
0
0
0.000617967
0
0
0.00061736
5.66486e-06
0
0.000316765
0
0
0.000709623
0.00036369
1.04686e-05
8.48873e-05
0.000640078
0
0.000139092
0.000137781
0.00120492
0
0
5.2646e-06
0.000205927
0
0.000584464
0.000285763
0
1.42472e-09
0
0
4.28453e-06
0.000697055
0.000364704
0
6.53424e-05
8.7421e-09
0.000445048
0.000901671
0.000286854
5.00912e-05
0.000244467
0
9.10258e-05
0.000307295
0
2.87149e-07
0.000388192
0.000185538
0.000272144
0.00121584
0
5.30321e-05
2.67447e-06
0.00102075
0.000804193
2.29311e-05
7.05669e-05
5.35908e-08
0.000490778
0.000168978
1.83709e-05
0.000263239
0
0.000204417
7.87832e-05
0
3.37055e-07
0.000225569
7.78731e-06
5.45279e-06
3.40873e-05
0.000908848
0.000643182
0.00100388
0
1.73516e-06
1.81626e-05
0
0
1.31227e-05
0
0
0.000314395
0.000437448
0.000386188
0
0
2.1784e-10
0
0
0.000160116
0.000185086
0.000683254
0
0.000459985
0.000325087
1.89682e-08
0.0007807
3.65889e-07
6.80884e-07
7.58707e-05
0.000452695
0
0.000522403
2.33479e-05
0.000560105
0
0
0.00100823
4.17764e-09
5.50824e-08
1.07443e-08
1.14656e-05
3.52375e-08
0.000222209
0.000882623
0
0.000307199
0
1.86353e-06
0.000941399
0.000481377
5.07218e-05
0.00078561
1.86768e-09
0.00025312
1.12052e-06
0.000517645
0.000153657
0.000325345
1.09087e-06
0
0
6.70018e-06
3.75296e-05
0.000651161
0.000435031
5.47882e-05
1.0211e-08
5.93239e-05
0.000440386
0.000827348
0
0
4.31904e-07
0.000123193
0.000148439
0
1.70137e-07
1.94616e-05
1.6222e-05
0.000122563
0.00049387
0
0.000490225
0
2.91642e-05
0.000506059
0
1.62683e-08
0.000212371
1.90708e-05
0
0.000172986
0
0.000635385
0.000518235
7.19751e-10
0
0.000249341
0
0.000399256
0
0
0
0
0.000128907
0
0
0.00113427
0
4.46018e-06
0
0.000866229
0.000442874
0.000902509
0.000326487
0
0.000565902
1.89243e-05
0
0
8.64192e-06
0
0
0.000208273
0
3.80389e-07
0
8.40341e-05
3.03768e-05
0
4.35295e-08
0.000116467
0
0.000940812
0
3.30823e-07
0.000363467
0.00024627
0
0
9.63087e-05
0
0
0.000420468
0.000600881
0.000517956
0.000655423
0.000496383
0
4.52395e-07
0.000193771
1.29566e-08
0.000315589
0
0.00101025
0.000842277
0
9.2572e-06
0.00103787
0.000451907
0
0.000508783
0.000784153
7.76566e-09
0
0.000330661
2.88196e-09
0
0
0.00105275
6.717e-06
0
0.000539947
0
0
0.000587588
0.000216338
5.25048e-05
3.51446e-08
0
2.06873e-09
0
0
0.00117538
0.000633156
0.00011583
0
0.000307383
0
0
0.000291318
1.01715e-08
3.82019e-06
0
0.000119538
0
0
0
9.02209e-07
0.000182998
0.00108397
0.000436631
1.11737e-06
0.00011885
7.59141e-05
0.000428452
0.000579578
0.000914827
0.000159335
1.05149e-05
0.000205026
0
0.00048781
7.57361e-05
0.000293625
0.00101856
0.000302628
4.80539e-09
0
0
0
0
0
0.00104751
0
2.35762e-07
1.36055e-09
1.63287e-05
1.29224e-05
1.33683e-08
2.53673e-09
0
0.000521687
0
0.000746559
0
0
0.000219719
0.00131142
0
3.88415e-09
0.00049386
0
0.000100062
0
0
3.15822e-07
0
3.19259e-07
0
0
0
0.00084391
0
0.00119869
0.000390514
8.59723e-05
0
0.000953881
0
9.73824e-05
0
0
0
0.000716793
0.000379164
0.000452768
0.000433196
0
0.000926637
0.000340527
5.00234e-07
0.00121325
7.69607e-06
0.000442434
4.58236e-08
2.81173e-09
0
1.94227e-06
0.000478086
0.000657616
0.00073166
8.31389e-05
0
8.80239e-05
0
1.56656e-07
0.000572691
0
0.000125455
0.000140006
0
4.33204e-05
0.000804696
3.71486e-05
4.10357e-05
0.00024704
0.000835293
0
0.000264829
0
0
0
0.000216673
0
0.000879703
0.00120446
5.73899e-06
3.63516e-09
0.000248619
8.13453e-05
2.91369e-07
2.89908e-10
0.000334593
0
0
1.21398e-09
0.000312213
0
1.75322e-06
4.46213e-05
0.000757111
0
8.69092e-09
0.000401443
9.35168e-09
0.000226727
0
0
0.000608084
0
0.00022087
0
0.000322525
0
1.43662e-05
0.000711392
8.99549e-05
0.000385843
1.83811e-05
0
0
0
0.000218231
0.000660041
0.000927956
0
0.000352178
0.000224205
0.000351338
0
5.28758e-06
0.000381136
0
4.98479e-05
0
7.40674e-06
0.000393044
1.04317e-07
0
8.8034e-05
0.000172659
0
3.66583e-05
0.00060004
0.000332311
0.000453571
5.43032e-05
0.000368815
5.80122e-05
0.000714819
0.00085153
3.92895e-05
0.000118393
4.63308e-05
2.65554e-07
0.000272397
0.000834577
2.09264e-08
3.64512e-05
4.90637e-06
2.42853e-07
1.01031e-08
0
4.43066e-06
0
6.23184e-05
7.87349e-05
4.02436e-05
0.00031645
0
0.000857975
0
9.74708e-05
0.000801904
0.000916206
0.000340359
0
0.000223987
2.02717e-07
4.58647e-06
5.89429e-05
0.000323429
1.34353e-06
0.000162014
9.47159e-05
5.91192e-05
0.000833144
9.29235e-09
7.27882e-06
5.07062e-08
0
0.00109945
0.000178867
0.000318992
0
0.000141865
0.000762005
0.000663809
0.000498536
0
1.90863e-06
0
0
1.82671e-05
0
0.000165341
0
0.000674019
0
3.9686e-07
0
1.92642e-07
0
0.000798816
4.84039e-08
1.07649e-06
2.62723e-08
3.57148e-06
1.2203e-06
0
2.66797e-08
3.44156e-08
0.00034321
0
6.22166e-05
0.000108036
0.000252029
0.000413631
0.000334167
0
5.7049e-06
3.85085e-05
0
4.30963e-05
0
0.000624258
7.16303e-05
4.57583e-05
0.000423243
0
0.000751996
0.00103184
0.000140663
2.68936e-05
0.000379587
0.000284331
1.29822e-05
1.36127e-05
0
0.000264216
0
0.000134019
0
4.07574e-07
7.65425e-07
0
1.14478e-06
0.000453397
3.75882e-07
3.2278e-06
0.000203049
0.000665124
1.10105e-07
0
7.16576e-07
0.000625262
1.14766e-10
3.42893e-09
0
0
0.000182154
0.00019256
3.28186e-05
8.73434e-09
0
0.000803619
0.00120842
0
0
2.05519e-05
1.32242e-06
0
0.000153124
0.000159754
0.00063188
4.14767e-07
0
0
8.34773e-05
0
0.000249798
7.41644e-06
7.55862e-05
0.000947001
0.000234515
0
4.03878e-09
0.00119776
0
0.000222308
0.000592287
4.80636e-07
0.000196238
0.000495568
0
3.62491e-05
0.000438926
0
1.92969e-09
0.000892384
0
0.000315188
0
3.73754e-05
4.43593e-08
0
0
1.26593e-08
6.03276e-05
0.000815227
0.000500447
0.0004087
0
8.31644e-06
0.000390644
0.000113994
0.000665861
3.50004e-08
4.74512e-05
1.93993e-06
0.00015036
0.000240458
0.000455406
4.30758e-06
1.4912e-06
8.11301e-06
6.59697e-10
0.000622939
6.34277e-09
0.000384968
0.00096059
0.000587572
0
0.00101071
0.00106919
9.12475e-11
0
5.78874e-05
0
0.000567742
0.000353015
0.000676116
0.000567256
0
0.000288469
0.00032332
0
3.41613e-05
0.000125195
0.000663209
2.19281e-08
0.000767871
0.00084903
2.04986e-06
0.00085005
0
0.000594546
4.86716e-09
9.45574e-05
0.00116606
0.000652182
3.43596e-07
0.000766942
0
1.98073e-08
0
0.000636507
0.000515739
2.09943e-05
0
0
0.000330962
0
0.000256596
2.82051e-05
8.44872e-07
0.00070205
0
0.000510651
0.000874368
0.000297331
3.87735e-05
0
0
5.18097e-08
0
0.000441739
2.33805e-07
0.000177904
8.32586e-05
0.000957645
0.00111998
2.70829e-05
0.000310043
1.24711e-07
0.000125555
8.1226e-09
2.24633e-07
0
0.000618672
1.35568e-06
0.000978781
1.96141e-05
0
0
0.000556069
0.000558197
4.71296e-05
1.02124e-07
3.13935e-07
0.000350005
6.71922e-10
0.000519201
2.06071e-07
0.000383272
0.000173238
0
0.0012048
0
0.000539217
3.98563e-05
0.000101076
0.000281646
0.000302211
1.10575e-07
4.08754e-06
3.81845e-07
0
0.000682737
0.000397767
0.000328024
0.000222838
0.000963446
0.000710675
6.45674e-05
0
0.000219668
0.000134932
6.63661e-06
0.000215216
0
0.000245855
2.16543e-06
0
0.000200766
0
6.04002e-07
1.58947e-06
0
0.000410371
0.000588348
2.21787e-08
1.79186e-05
0.000461723
3.16606e-09
8.9594e-07
0
0.00066974
0.000251515
0.00051197
4.9851e-07
1.22224e-05
2.9232e-06
9.57013e-08
0.000645364
6.56e-06
0.000625817
1.26839e-06
0.000603447
0
0.00114045
0.000762117
0.000261196
0
0
0.000695888
0.00038501
0.000201526
0.000105832
0.000803504
6.00406e-06
8.33963e-07
7.60952e-06
0
0.000174582
0.00064835
2.49783e-05
7.11772e-05
0.000801629
0.000521737
0.000391295
0.000678696
3.04078e-08
0.000128308
0.000472886
0
0
2.45996e-06
0
0
2.52826e-09
0.000244926
8.33311e-05
1.56508e-09
0.000288036
0
0
0
0
6.2997e-06
0.000824456
3.38474e-05
5.40187e-06
0.00113064
0.00031927
2.71494e-06
0.00103581
0.00046322
0.000284469
3.27775e-09
5.68506e-05
4.27718e-07
0
1.70236e-05
3.32139e-06
9.35983e-06
0.000863036
0.000252341
4.37954e-05
0.000337364
2.23963e-05
0
0.000898676
0.00023256
7.94052e-06
0
0
0.000178396
7.46915e-05
0
9.45771e-05
0
0.000400979
7.09671e-06
9.12728e-05
3.33024e-05
6.07456e-06
1.37772e-05
3.53391e-07
0.000638269
0
0
0
0
0.00107593
1.25884e-09
0.000141524
0.000172097
0
1.20466e-09
2.11718e-05
0.000801947
1.83229e-05
0.00086932
6.91266e-05
0.000886734
3.02762e-06
0
7.09475e-06
0
0
0
0.000373434
0.000681417
7.60465e-08
0
1.37195e-05
4.80175e-05
0.000171571
8.43735e-05
0.000239733
0.00104088
0
0.000263756
5.46154e-07
0
1.29721e-05
0
6.47602e-06
3.29384e-08
0.000711984
4.65517e-06
0
0.00128533
0.00011113
0
0
0
0
2.49703e-09
1.98254e-09
0.000226491
1.53138e-09
0.000527459
4.77124e-05
0
0.000224743
0
0.000122458
6.366e-05
0.000206621
3.59868e-05
0
0
0
0.000115491
0.000143009
0
0
0
8.19706e-08
0.000524773
0.00076798
0.000573301
0
1.13179e-09
0
3.78806e-09
5.78614e-06
0.00021347
0.000103745
0.000157499
0.000522088
0.00064059
0.000674429
0.000227998
0.0009668
1.63092e-08
0.000445937
0.000320426
8.62904e-08
0.000812795
4.14422e-05
4.52669e-06
0.000645516
7.90923e-06
7.23875e-05
3.4618e-06
0.000330595
7.17284e-08
2.72491e-08
0.00119959
0.000488422
3.86335e-08
0.000291854
3.14883e-06
0
0.000429383
2.44018e-05
0.00027126
3.53642e-05
0.000918969
0
4.69566e-07
7.77167e-06
0.000998011
0.000608979
0.000375819
0.000823193
5.43338e-05
0.000181236
0.000204804
6.23991e-06
0
0.000226304
0.00106421
0
0.000720153
0
0.000906109
0.000303154
0.000565022
0.000735379
0.000151035
0.000110982
0.000440034
0
0
0.000376336
1.43567e-06
0.000470085
0.00108279
0.000871694
1.15957e-09
4.01204e-06
0
0
0
0
0
0.000477832
0.000395346
0.000406168
0.00123719
0
0.000582834
1.02478e-06
8.03186e-06
0
0
2.58155e-06
0
0.000239159
3.15967e-05
0.00105997
8.71564e-05
9.19459e-10
0
3.64358e-05
6.25596e-05
0.000803704
0
0
1.45505e-08
0
0
0.000333364
0.000153786
0.000574844
0
0
1.08938e-08
3.96599e-05
8.16884e-08
0.000286933
0
0.000165029
0
0
0
2.254e-07
0
0.00015588
0
0.000802236
0.000519884
0.000629956
0
0
0.000102326
0
0
0
0.00128485
0
0.000392996
0
0
0
0
0.000139732
7.45438e-06
0.000959743
4.00279e-10
0.000461964
0
4.25999e-05
0.000716751
1.17221e-05
9.50971e-05
0.000239424
0.000360643
9.8541e-06
0
0.00091076
7.47821e-07
2.56341e-10
0.000310743
1.70537e-07
0.000142108
0.000266558
1.07452e-06
8.86542e-05
0
0.000621253
0
8.16119e-05
0
3.49282e-09
0
0.000487242
0.00114221
6.64063e-05
0
0.000876353
0.000746643
0
0
0.000721493
5.48492e-06
3.3249e-05
0.000443623
0.000601459
0.000253545
0
2.60238e-09
0.000195227
0.000210294
0.000567393
4.28015e-05
0.000316754
8.62585e-08
0.000256131
0.000149945
0.000380009
0.000999811
0
0.000710268
0.000742428
0.000929277
0.000396276
0.000926881
8.05188e-05
0.000252643
0
0.00019688
0.000444913
0
0.000249562
1.52566e-07
2.16462e-05
0.000493076
5.84808e-05
1.17008e-07
0.000117644
0.000500478
0.000267846
0.000588207
9.76996e-05
0.000678847
0
2.01553e-08
3.45586e-09
0.000137691
6.35685e-08
0.000370124
0.000185502
0
3.44272e-08
0
0
0
2.18709e-05
1.33488e-05
0.000258544
5.70733e-08
0
0.000828822
0.000885633
0
0
0.0005689
5.61722e-05
0.000172022
0
0.00047497
0
0
0.000322822
0
0
0.000384338
0
1.37364e-05
2.50265e-10
0.00033258
0.000317846
3.87879e-07
6.19499e-07
4.47219e-05
0
0
3.66321e-05
0.000273957
4.34138e-08
0.00026429
0
6.09003e-08
1.88924e-07
0
0.00052517
0
0
0.000760128
5.30409e-05
0.000457949
0.000149282
0.000370321
3.52524e-06
0
0.000996689
0.000710724
0
1.29711e-06
0.000965234
1.43706e-08
0.000623745
0
0
0.00111834
0.000625855
1.24465e-05
0.000109244
0.000859563
2.34103e-08
0
5.46683e-06
0
5.8005e-06
0.000214972
0
6.1102e-09
0.000160491
0.000980257
1.39855e-05
0
0.000699518
0
0.000230161
0
5.10959e-05
0.000117646
0.000298469
1.40826e-06
1.59507e-09
1.61399e-06
7.28034e-09
1.78368e-09
0.000140604
0
6.76303e-07
2.40024e-05
0.000197504
0.00110939
0.000103726
8.51975e-06
5.27713e-07
0.000905797
0
0
0.000228454
0.000596617
0.000286034
0.00055772
0.00107617
0.000390872
0.000471703
0
0.00122879
7.1765e-05
0
7.72664e-05
0.000194886
0.000755806
3.0114e-05
1.39512e-06
0.000608406
0.000779153
4.99146e-05
0.000424493
7.33606e-05
0.000286127
0
0
0.000548491
0
0
0.00010022
5.25087e-07
0.000373203
3.71632e-06
0.00011538
0.000483126
0
2.29722e-06
0.000260423
0
0.000388652
0.00033271
0.000176985
0
0.00054655
2.88876e-07
0
0.000275342
0.000557558
0
2.88443e-05
0.000440777
0
0
0
0
0.000208081
0
0.000250635
0
0
0.000895755
0
0.000904025
3.41666e-09
3.61396e-07
8.06767e-08
0.00108718
6.18296e-07
0
0
0
0.000827383
0
0
0.000530957
0.000678799
0
0
5.07771e-05
0
0
0.000441453
0
9.92617e-05
4.7431e-05
0.000132466
0.000886348
4.61334e-07
3.4119e-06
0
0
0.000997706
0
0.000205862
0.000744802
0
4.56432e-09
0.000117688
0.000604266
0.000153654
0.000408333
0
0
0.000211321
5.70029e-05
0
0.000701758
0.0012251
0.000216479
4.16306e-06
0.000261218
1.15543e-05
0.000432999
0
0.000286284
0.000106727
0
2.91364e-08
7.58769e-06
0.000173349
0.00105729
0.0010102
0.000185506
5.55059e-05
0.000697938
1.51666e-07
2.36282e-07
4.9776e-06
0.000530616
0.000549232
0
0.000791654
3.83218e-10
0.000314729
3.65556e-05
0.00011459
0.000303574
0
0
0
0
0.000249919
7.4588e-06
2.11119e-06
0
1.0096e-09
0.00105919
1.1917e-06
0
0
0.000399573
9.41469e-08
0
2.83859e-08
6.11483e-08
0.000971713
0.000737558
1.03713e-05
0
0.000229778
3.65753e-05
0.000222572
0
0.000405425
0
0.000108528
0.000543166
0.000598528
0.000291818
0
3.45716e-06
4.61223e-05
0.000423427
1.27748e-05
9.54837e-05
0.000814637
0.000213751
0.000499181
0.000372311
5.6017e-08
1.25005e-08
0.000665388
0.00081726
0
0.000397631
0
0.00109479
0
0.000958943
0.00118404
4.99576e-05
0
5.63764e-06
1.66017e-09
0
0.000335706
1.36958e-07
0
8.932e-05
0.00106854
0.000149409
1.30301e-08
0.000822656
0.000715001
0.000493355
0.000530329
0
0
0
0
0
0.000203116
0.000313143
0.000223524
0.00044639
0.000190378
9.71644e-05
0
0
0
1.57433e-05
0.000789464
0.000638406
0.000666994
0.000843624
0.000476618
1.52992e-06
0
0.000250301
0.000177954
0.000433265
0.000255315
2.85386e-09
0.000961067
0
1.37155e-08
0.000974954
2.85913e-05
0.000666052
0
0.000376543
0.000157102
1.51969e-08
0.000528492
0.00016321
2.52794e-06
4.23044e-06
0.000621762
0.000385683
0
3.65293e-05
0
4.69137e-06
0
1.64181e-06
0
0
0.000541903
0.000207972
7.33666e-08
0.000910667
3.43119e-05
0.000319313
0.000406795
0.000247425
0
0
0
2.08026e-08
7.86739e-05
0
0.000142299
2.26822e-07
0.00053703
0
0
0.000705741
8.74251e-06
8.33992e-05
3.65169e-06
0.000174189
0
0
0.000187003
4.12062e-06
0
0.000224407
1.17388e-08
0
0.00114108
5.43356e-05
0.000181671
0
2.47899e-05
0.000330942
0
0.00061572
4.31399e-07
7.18038e-09
0
0
0.000760616
0
0.000234483
2.26234e-09
0
4.5364e-05
0
0
1.82312e-05
9.89536e-07
0.000653119
0.000104937
0.000787384
0
0
0
0
0.000184291
0.000556485
0
0.000279718
0.000283425
7.4256e-07
3.58534e-05
0.000844573
0
0.000401011
8.08399e-05
1.15026e-07
8.5621e-10
7.40293e-07
0.000566736
0
0.000865709
0
0.00049942
4.72484e-05
0.00070806
0.000654984
3.23297e-07
6.00154e-09
0.000383375
3.84147e-07
0
0.000130696
0.000325146
0.000815386
2.7717e-05
0
1.01205e-06
0.000321736
2.79097e-07
0
0
0
2.13111e-07
1.86963e-05
0.00103109
0.000464984
0
0
7.40602e-07
0
0.000547013
4.62868e-08
0.000500341
0.000567615
0.000744727
8.71635e-08
0.00012846
0
0
0.000654798
0.000203918
0.000467601
0.000740277
0.000304756
0.00104264
0.000799879
0
6.52116e-05
1.13181e-07
0
0.00108835
0.000285155
0.000933331
0.00061125
0.000205217
0.000743398
4.62159e-09
0
0.000305593
3.54704e-09
1.97638e-06
0
1.47119e-05
0.000348568
0
0.000140341
4.11607e-05
0
0
1.4395e-05
0.000819176
7.42283e-05
0
0.000942411
0
9.06963e-05
0.000636948
2.36609e-06
0.000270674
0
0.00101736
0.000385999
0
0
0.00120175
0.000463173
0.000933871
0.000453804
0.000340891
0.000444205
0
7.56963e-09
0
0.000195346
0.000140005
0.000510206
2.76202e-09
0.000720998
6.76485e-10
0
0
0.000157237
9.42117e-08
0.000161139
0.000748286
0.000130677
0.000175008
0.000573723
0.00107973
0
0
1.28555e-07
0
2.85461e-06
0
4.85659e-07
0.000268813
0.000364392
5.64618e-06
4.42972e-06
0.000606041
4.78065e-09
0
0.000277052
0.000156621
0
0.000999752
0
0
0.000738008
0.00113632
0.000351276
0
0
0.000152649
0.000504074
0
9.75382e-05
0
1.64012e-08
0
0
0.000842372
0.00021542
0
0
0.000583616
0
0
0
0
0
2.42201e-06
0.000785905
0.000239145
3.04203e-08
0.000184778
2.14794e-08
0
5.91813e-05
1.78733e-05
0.000328962
0.000446025
0.000495845
4.15381e-05
3.68723e-09
2.89427e-05
0
2.72384e-09
0
0
0
6.92809e-05
0.000685616
0
0.00036189
0.000125699
0
0.000478641
1.19968e-07
0.000125533
9.44689e-09
0
4.26388e-06
0
9.95936e-10
0
0
8.95777e-08
0.000203826
6.78797e-08
0.000473193
0
0.000522383
0.00108674
7.9246e-05
0.000261157
0
0.00012506
6.62837e-05
1.66384e-05
0.000118439
2.59502e-06
0.00080874
4.86642e-07
2.29638e-06
1.68129e-06
0
0.000639909
0.000717915
9.53322e-05
0.000574692
0.000175551
1.80088e-08
0
0.000528795
0
0
0.000147321
0
0
1.93638e-05
1.35002e-05
7.7155e-08
0.000596922
1.30882e-06
0.000142427
0.000294854
4.82271e-08
9.0846e-05
0.000787107
3.17386e-05
0.000451048
0.000938711
0.000219674
0.00057415
0.000270429
0.000773342
1.54901e-07
2.6521e-07
0
0
0.000379624
0.000251406
0.000353801
0.000444826
3.13108e-08
6.18614e-06
0
5.61735e-05
0.00104596
0.000290835
0
0.000205069
0.000366012
0
0
0
0.000335505
0.000228146
2.44713e-05
0.000440034
1.30976e-06
0.00056783
0
4.8278e-05
4.62236e-05
0.000320322
0.000517947
0
0.000760507
0.00044564
1.29884e-06
0
0
0.000552532
0.000452229
0
7.81421e-05
0
0
3.05695e-10
0.000237688
3.93274e-10
0
0
0
0.00064851
0.000242728
0.000182935
0.000375505
1.27138e-07
0.000474
0.000763882
0
7.353e-10
0.000175265
7.99515e-05
0
0.000239502
0.000456841
0.00107246
0.000415354
0.000672131
2.27992e-08
1.40301e-05
0.000210415
0.000221895
0.000726224
4.24945e-05
0
3.01503e-07
0.00100548
0
0.000262056
0
3.22872e-07
0.00113005
0
0.000547666
8.19557e-05
0.000352945
0.0004912
0.0001784
6.58851e-05
0.000860686
7.31848e-05
0
0
1.8086e-07
0.0011161
0.000705274
6.51181e-06
0.000278902
0.000698892
7.87953e-05
3.00401e-09
0.000138894
0.000728294
0
5.39699e-06
0
0.00113837
0.000258693
0
0.000586008
0
0.000137184
0.000910966
0.000959956
9.18404e-05
4.16419e-06
0.000312319
0
0
0.00068344
0
0
0
1.69208e-07
0.000265022
0
8.47565e-05
0.000481952
0.00061604
9.154e-08
0
7.54456e-08
0.000725111
0.000365462
0.00101126
0.000179205
0
7.09501e-05
0.000839313
1.24403e-08
0
0.00113141
0.000386496
6.76528e-07
0
0.000263991
3.73979e-06
0
1.99875e-07
0.000897306
0
0
0.000317749
3.15204e-08
0.000306926
0
3.16043e-09
0.000968385
1.78632e-07
1.39944e-07
3.43844e-05
1.01252e-08
0.000346749
0.000129076
0
0.000146679
0
0.000394277
0.000160712
0
0.000182928
0
0
2.58415e-09
7.42275e-06
0.00012609
0.000415343
8.6515e-05
3.59913e-05
0.000326969
0.000498997
0.000714414
1.56392e-09
7.70184e-05
0.000335952
0.000631474
0
0.000127602
2.72234e-05
7.97886e-05
2.42631e-05
0.000883976
4.78965e-07
0.000499422
0.000324678
0.000704477
0.000203144
0.000493552
1.50654e-05
0.000742191
6.84698e-08
0
0.000518736
0
7.56848e-05
0.000248801
0
0.000301157
0.000554743
4.69785e-09
0
0.00072477
0.000871567
0.00023981
8.74855e-05
0.000374985
0.000922817
0
0.000275552
4.30324e-05
5.64999e-05
0.000240517
2.70625e-06
0.0003284
0
0
0.000979622
0
0.000486693
0
4.93905e-06
0.000146725
0.000661986
9.19883e-05
2.76535e-05
0
8.44893e-09
0.000302597
9.42565e-05
0
0.000175311
0
1.71922e-05
0
3.10719e-05
0
0
2.56999e-05
0.00026131
5.11252e-05
0.000698674
0.00096936
1.67058e-10
0.000479743
0
0
0
0.00108732
0.000363547
0.000188331
0
4.4779e-05
0
0.00105885
0
1.17733e-05
2.5207e-06
9.89481e-09
0.000174228
0.00100788
0.000568228
9.1529e-08
1.68713e-08
4.54921e-05
0
0.000119485
0.000787075
0
2.13658e-05
0
2.3711e-09
1.6798e-06
0.000999609
5.47079e-07
3.66384e-05
0
0
0.000635317
0.000994777
0
0.00132406
0.000122725
0.000316898
2.75846e-09
0.000488736
0.000494457
6.05839e-08
0
0.000800759
3.30748e-05
0.00083066
0
0
4.33339e-10
0
0.000192022
5.48594e-07
0.000322731
0
0.000190067
8.86871e-05
0
5.39282e-06
3.23919e-05
0.000400574
0
2.88119e-09
0.000209381
0
0.000717722
1.62786e-05
0.000245985
0.00053424
2.44994e-07
0.000239624
0.000208717
0.000337651
0.000841519
0
0.00118104
0.000954245
0
0.000506024
0.000263065
0.000419561
3.86448e-06
1.29248e-07
0
1.00634e-06
0
0
1.15722e-09
0
0.000520901
0.0012605
0.000299025
0.000361264
0.000540193
0
0.00105567
0
0
0.000139724
1.9854e-05
8.98431e-09
0
0.000108864
0.000175215
9.25907e-06
1.26596e-08
0
5.76577e-05
0
0
0
0.000239891
0.000827422
0
3.11743e-05
0.000584884
0
0.000310156
0
0.000357215
0
0
3.55532e-07
5.53221e-09
0.000370411
0.000959801
0.000417002
0.00093401
0.00098699
5.95797e-05
7.50359e-06
1.18594e-05
0
0
0
0.000788287
4.68319e-05
0.000276111
0.000258532
0.000972762
1.45083e-06
0
0
0.000226567
0
7.54138e-07
0.000717935
0
0
2.98281e-05
0.000158346
0
0.000539254
7.85442e-05
9.87285e-05
3.00157e-07
2.07852e-05
0.000141098
0
0.000325028
0.00056411
0
0
5.69242e-08
2.72516e-05
0
7.97093e-07
0.000335415
0.000299394
0
0.000283146
0.000108767
0
2.11358e-06
0.00053379
0
0.000570406
1.68143e-05
0
0.000104178
1.14065e-06
0.000315091
0
0
0
9.64292e-09
0.00128319
0.000143419
7.75282e-05
0.000497532
0.00108421
0.000799548
0
6.66218e-05
0.000794203
0.000411259
0.00110692
0
0.00015996
0.000403392
0.000303681
7.96143e-10
0.000434577
1.12329e-07
0
0.000250935
2.46143e-06
0.000356682
0.000235214
0.001064
0
3.02053e-07
6.79772e-07
0.000860725
0.000224052
0.00101159
8.23899e-05
0
9.50869e-05
0.000188718
0.000421188
0.000476921
0
9.17743e-05
2.63816e-05
0
0.000765396
0
0.000499982
5.52359e-05
0
0.00120367
1.1214e-05
0.00101025
1.30298e-08
0
1.3945e-09
1.16146e-05
0.000804201
0.000221287
2.309e-07
0.000326215
0.000857059
0.000571221
0
0
0.000453062
0
0
5.83993e-05
0
0
0.000835269
0
7.37972e-05
0.000847927
0.00117857
0
0
0.001066
0.00107173
0
0.000256431
0.000798503
0
0
1.31746e-05
0
0.00127996
9.61838e-05
0
0.000595056
3.0454e-08
0.000198715
0.00088758
1.62419e-06
8.77555e-05
0.000749999
0.00118826
0
0.000476762
0
3.44496e-06
0.000358617
0
0.000806391
1.03247e-06
0
5.02604e-07
2.86376e-06
0.00109421
0
0.000769883
1.31681e-09
0.0011579
0
2.10014e-09
0.000507135
1.66578e-06
0.000165075
1.12682e-05
0.0009095
0
0.000265359
0
0.000904905
0
0.000659691
0.000159401
0
0.000158793
6.99234e-07
0
0.00014057
0
5.55379e-10
0
0
0.000250062
0
2.93708e-05
3.24854e-05
0.000358867
0
0.000209637
0
0.000480925
0
0.00016089
0.000391363
0
1.63092e-06
0
0
0
0
0.000548172
0.000559561
0
0.000341101
0.000737456
0.00124368
0.000159494
1.62251e-07
4.09778e-05
2.49974e-05
0.000696851
0
0.000547907
0.000138782
1.98366e-05
0.000429478
0.000917471
0.000561168
0.00118388
5.84831e-06
0.000155471
0
0
6.61871e-05
0.000169402
2.71941e-06
5.871e-07
3.1029e-10
0.000108571
0.000146642
0.000202975
0.000649176
8.96417e-05
1.50193e-05
0.000250949
0.000446197
5.23087e-05
6.16987e-06
0
2.54843e-08
0
0.000450817
1.84647e-09
0
2.3088e-06
0
0
0
0.000674808
0
0.000172409
0.000239147
3.50846e-05
0.000209485
2.5961e-09
6.61325e-05
6.71789e-05
0
0.000301297
0.000724893
0.000316431
0.000389856
0
0
0.00110108
0.000536237
5.59263e-05
0
0
0
0
5.52312e-06
0.000563911
0.000276519
0.000481919
0
0.00100899
5.17084e-10
0
0.000108862
0
0.000605479
0.000797106
0.000659259
0.000139986
0.000104931
5.73486e-10
0.00108977
0
0.000128189
0.000604272
0.000239311
0
0.00059856
0
0.000289943
1.99357e-05
0.00083376
0.000181496
0
0.000387627
0
2.01174e-08
3.12802e-05
0
1.05417e-05
0
0
0.00063303
0.000723045
0
0.000554508
0
0
0
0.00011179
0.00079502
0.000334068
6.30697e-08
2.32741e-08
2.02957e-07
7.0021e-05
0
0.00014237
0.000550613
2.84881e-07
0.000183491
0
0.000757021
0.000468507
0.000177009
0.000850666
0.000380657
0.000639442
0.000428931
0.000327197
0.000633713
0.000734268
0.000620057
1.65476e-07
0
0
0.000465784
0.000316551
1.43477e-05
4.08389e-05
1.54195e-08
4.44538e-05
0.00045168
7.33068e-08
9.00911e-10
0
0
0
0.000494839
0.000397463
0
0.000745875
9.43498e-06
0.000478923
0
1.2688e-05
1.75516e-06
0
0.00108009
0.000941389
3.26677e-05
0.000365826
0.000911935
5.22879e-08
0
0.000999363
0.000384989
1.91798e-05
6.11157e-08
1.14601e-08
4.51927e-08
0
8.10502e-05
0
2.16701e-06
0.000147537
0.000357958
9.59928e-05
0
0
0.000202962
0.000444895
0
1.09873e-09
0
1.419e-05
0
0
2.669e-05
0
4.52916e-06
0.000195418
0.000395499
0.00116385
0.000786623
0.000970924
0.000701291
3.62996e-08
8.47171e-07
0
0
0.000489404
0
1.09693e-05
9.27171e-10
0
9.8355e-05
0.00048536
0
0.000411792
0.000195544
2.88894e-09
0.000335767
6.44007e-09
3.51565e-07
0
0.000343458
5.23115e-06
0
8.30062e-11
5.41839e-07
0
0.000550993
0.000825485
0.00070378
3.85517e-05
2.08553e-10
0
0
3.4628e-08
0
0.000333977
0.000326801
0
0
4.59904e-09
6.58436e-05
0
0
5.08721e-05
9.63612e-08
6.03892e-05
0.000185883
0.000637252
0.000441314
0
5.24723e-05
0
0.000256979
0.000369935
0.000148779
3.15715e-06
0
0
0.000859444
0.000238312
0
0
0
0.00026376
0.00083061
6.19383e-07
1.68659e-07
0
2.17288e-05
1.62318e-08
0.000220617
0.000453547
0
0.000530345
3.72036e-07
1.36009e-09
0.000130335
0
0.00036729
0.000385472
0.000236797
0.000322808
0
0
0
0.000720567
0.00107858
1.05513e-05
5.45804e-05
0.00028692
0
1.74696e-06
0.00057082
0.0010048
0.000110828
6.00825e-06
5.57036e-05
4.78922e-07
2.39341e-07
0
0
0.000766668
0
0
0.000811067
8.78802e-05
7.39414e-10
0
0.000190391
0
1.04662e-08
0
0.000752972
0.00015942
3.97041e-07
0
7.2731e-07
0
1.04595e-05
0
8.33927e-10
8.65518e-09
6.90831e-08
9.29656e-05
0.000314704
0
0
0
0.000279652
0
3.53045e-10
1.46686e-06
0
4.26532e-06
0.000364735
0
0.000535242
0
0.000727912
4.797e-06
0.000332926
0.000333743
0.000352182
0.000297838
3.83961e-06
0.000687543
1.78752e-05
0.000976698
0.000142343
0
1.28658e-08
3.61993e-08
0
0.000875522
8.52836e-07
0
0.000540793
3.70603e-07
5.55159e-07
1.35643e-08
0.00102716
0.00036646
0
5.46356e-08
0
0.000534249
0.00102994
0
0.000475126
0.000239135
0.000991609
0.000115717
0.000503818
0.000205046
0
0
3.81191e-07
0.000332531
0.000384159
0
0.00071596
0.000523025
0
0.000473257
0.0002964
0.000305429
0
1.2233e-06
0.000688167
1.34031e-09
0
0
0.000617103
0
0.000281143
0.000927795
0
0
6.5786e-10
0.00116991
0.000652128
0
0.00125963
0.00113631
0.000475564
0.00022246
2.09193e-05
0
0.000651417
0.00102599
0.000482865
1.39792e-06
0.000638337
3.06686e-07
0
5.20183e-05
0
6.70386e-05
8.70183e-08
0.000361834
1.43212e-05
0
0
0.000442736
0.000171122
4.37125e-07
0.000518222
6.69994e-05
5.28034e-07
0.000105316
3.47396e-07
0
0.000912225
9.57659e-10
0
0.00105748
0
0.000378525
2.03796e-07
0.000762625
0.00089367
0.000273718
0
0
2.19663e-05
1.85634e-07
0.000373162
1.07742e-05
1.89325e-06
0
0.000300361
0
0.000389435
6.34677e-05
0.000271609
0
0
9.19267e-05
8.67829e-05
1.9278e-06
0.00109626
2.64984e-06
0.000537403
4.04892e-06
3.55248e-08
0.00066884
0.00114141
6.16938e-05
0.000106055
0.000205768
0.000182543
0.000776207
9.26325e-06
3.4284e-05
0.000332096
0.000315215
0
0.000593336
0.000862003
0.000558686
0
0.000698615
0
0.000705463
0.000897432
2.19847e-09
0
0.000848607
0.000179739
0.000454052
0
0.000232781
0.000856691
0.000992295
4.53615e-07
0
1.53021e-08
2.15085e-05
0.000440773
4.00367e-07
0.000924269
0.000543519
0.000551018
0
0
0.00116527
0
0.000881424
0
2.54057e-06
0
8.75324e-09
0.000516906
0
8.24613e-05
0.000766215
1.34164e-08
0
0.000129546
0.000612133
0
3.82841e-09
0
0
0
0.000205354
0
0.000132889
0.000277652
9.60535e-06
0.0012058
0.000485435
0
0.000174836
5.6325e-10
0.00125809
0.000130859
0
1.31578e-05
0
2.13297e-05
0.000824117
0.000842055
0.00104016
0.000233087
8.51495e-05
0.000183552
0
1.66981e-05
0.000191779
0
0.000692171
0.000745807
0
0.000164724
0.000181534
0
0.00100412
0.00015869
0.0012654
0
2.98094e-05
5.41228e-05
1.00557e-05
0.000128365
0.000321327
0
0
0.000629691
9.01405e-08
0.000735954
0.000124607
0.00047609
0
2.3203e-05
0
0.000301258
0
0.000172537
0.000398229
0.000824759
9.42612e-09
0
0
0.000265934
0.000933434
0.000126728
0.000489255
0.00017603
2.97178e-06
0.00026192
0.000164487
9.68546e-05
0
9.68795e-05
5.39611e-08
7.64743e-10
0
5.01941e-07
0.000867212
0
0.000154427
0.000200387
0
0
2.50016e-05
0.000270727
0.000300663
0.000168952
0
1.49954e-09
0.000905334
0.000119883
4.03848e-05
6.34375e-05
2.9746e-08
1.20769e-10
1.28939e-05
5.16474e-06
0
0.000177193
6.57475e-07
0
7.48192e-06
0.000325376
0.00017831
0
0
1.47443e-08
0.00070868
1.84368e-06
0.00018705
0.000330173
0
0
0
0
0.000728115
0.000858319
1.7915e-05
0
0.000490928
0.00121866
0.000385132
5.13717e-05
0.000520867
0.000118813
0.00086855
4.07511e-06
0
0
0
0
0
0
0.000835859
0
0.00113543
0
0.000639352
0.000699395
1.20335e-05
0.000546634
0.000250279
0.000465142
0
0.000185673
0.000212742
0.000736264
0.000401195
0
0
2.29829e-06
0
0.000880692
0.000472105
5.952e-10
6.31128e-06
0.000437833
5.80023e-10
0
0.000353041
0
0
0.000587057
6.52283e-07
0.000424584
0.000177558
0.000246746
0
0.000514929
0.000175121
0.000606955
0.000207841
6.32364e-06
5.75591e-05
0.000216512
2.14915e-05
1.24568e-07
0.000487546
0.000224518
7.08773e-06
8.56142e-10
0.000161246
0.000264085
1.63948e-07
0.000907412
0.000912528
1.16742e-08
0.000567537
0
0.000460032
0
1.41979e-05
0.00103448
0.000768933
0
1.60636e-06
0
0.000364205
0.0010269
0.000195092
0.000686956
0
0
0.000573679
0
0
2.26756e-05
2.41882e-07
0
0
2.87768e-05
0
0
5.99163e-05
0.000285601
0.000394139
4.1831e-06
1.42809e-07
0.00124311
9.69407e-09
0.000292652
0.000137057
0.000852934
0.000875592
0.000328682
0
5.51921e-05
8.43047e-09
0
0
0
0.000690095
0.000989846
0.000590941
0.000660733
0.000525951
0.000890953
0.000193098
4.51472e-05
1.7695e-05
0
2.46608e-08
0
7.21636e-05
0
2.54579e-05
0.000839679
0.000931198
0.000475402
0
0.000143952
0
1.30296e-06
9.72305e-09
0
7.49751e-05
0
3.86174e-06
0.000429086
0
0.000907093
1.59589e-08
0
3.31251e-05
0
0
0.000395412
0.000139932
0.000784362
0
8.77608e-11
0
0
0
0.000830521
0.000215732
0
0
0.000475728
0
0.000412852
4.63946e-05
0
0.0011355
0.000393357
2.41836e-08
0
9.95192e-05
0.000393292
0
0
0
0.00108527
0.000584328
0
0.000752906
3.82862e-06
0
0
0.000927874
0
0.00053756
0
1.8841e-08
0
0.000500047
1.91865e-05
0.000766227
1.21537e-09
0.000123559
9.4638e-09
0.000250932
9.55122e-10
0
0
4.90263e-05
1.79906e-05
8.54755e-09
0.000542903
0.000402354
0
0
0.000646962
0.00101437
0
9.12532e-05
0.000295843
0.000546418
0.000272779
0
0.00089408
0.000180505
3.85632e-07
0
0
0.000202428
0.000943395
0.000232794
0
0
4.01877e-07
0.000404801
0.000202269
0.000268768
4.70665e-07
0
1.4824e-07
3.30994e-05
0
0.000162203
7.81803e-06
0.000354559
3.33994e-05
0
0
0
0.000487783
0.000283743
0
0.000544345
0.000583116
0
0
0
0
0
0.000250118
3.9022e-05
0.000195715
0.000685721
1.63501e-09
7.73865e-05
0.000245002
3.20646e-05
0.000371278
0
0.000225645
3.59319e-07
0.000107693
4.33944e-07
0.000400643
0
9.16491e-08
4.85731e-06
0
0.000761478
6.58129e-05
0.000461764
0.000733022
0
0
2.07039e-08
2.38347e-05
0
0
0.000589287
0
0.000485479
0
0
0.000202688
4.48861e-05
0.000582686
4.55438e-07
0
0.000512543
0.000842827
4.30953e-10
0.000150438
1.51387e-05
0
0.000288048
0
0
0.000184484
0
0.000567836
0
0
0
2.91108e-09
0.000508842
0
0.000429286
9.52594e-05
4.53139e-10
3.5989e-07
0.000497902
0.000849739
0.000685158
2.32615e-05
0
0.000777237
0.00019564
0
0
0.000102388
7.79515e-05
0
0.000768259
0
0.000381261
0.000487664
0
0.000255095
0
0.00106701
0
0.00101535
0.000493454
0.000479173
1.26867e-06
0
5.89535e-05
0.000884563
0.00067577
0
1.9577e-05
0.000373963
2.24788e-09
0
0.00112916
0
0.000509565
0
0
0
0
0.000707201
0.000145322
4.93328e-05
0.000593961
0
0
6.27988e-05
2.68718e-08
0.000129936
0.000661758
5.59585e-10
0.00017404
0.00021048
5.19824e-10
0.0006202
0.000472958
0.000702103
0.000145434
2.80617e-06
2.90113e-08
7.97324e-07
0.00118344
0.00081659
0.000336214
0.000417832
0.000310643
0.000531822
1.13425e-08
0.000615482
0
9.10447e-08
0.000337765
5.43821e-05
0
0
7.87677e-09
0
0.00124023
0.000577313
0
0
0.000415841
0
0.000512564
0
0.000509039
0.000936212
0.00124542
2.6033e-08
0.000266008
0.000200151
0
0
0
0.000654883
0.000979715
0.000102638
0
2.16548e-09
0.000337641
0
3.40552e-08
0
0
7.45621e-05
0.000208873
2.9656e-05
0
0.00029542
2.53996e-09
0
0.00046239
6.80732e-09
1.89491e-05
0.000885573
0
0.00038432
0.00041747
3.79199e-09
0.000412628
0
0.000223906
0.000519273
0
0.000568981
0.000175585
0
0.000363203
0
6.53917e-05
0.000959983
0
0.000435465
0.000432671
8.7503e-10
0.000598877
0.000505248
0.000341314
0
0
0.000527783
0
0.000295352
0.00050562
0
0.00111214
0
0.000606916
0
0.000261252
3.60436e-10
1.2958e-06
0.000293153
3.24487e-08
0.000195828
0
0
0.000604552
5.967e-06
0.000270828
1.01185e-09
0
0
0
0
9.77214e-05
0.000169958
0.000164089
9.552e-08
4.74181e-06
5.84712e-05
8.44216e-05
4.51919e-09
0
1.01317e-07
0.000422734
0
0.000234063
0.000299272
0.000829509
0.000835242
0.000390663
0
0.000917835
0.000132105
0.000710714
0.000398761
1.14398e-05
0.000546219
0
0.000363605
0.000221884
0.000915073
0.00087611
0
1.04423e-09
6.95246e-06
0.000601941
0
0.000231314
0.000205465
0.000687541
0
0.000557082
0.000590024
0.000743592
0
0.000458335
0.000312137
1.04527e-07
0
0.000382907
0
0.00046139
0.00104721
0.000101189
0.000527352
0.000141618
0.000245964
0.000587996
3.43073e-10
4.3739e-06
0.000483609
0.000636857
0
0.000430943
0.000417198
0
5.68333e-05
2.85366e-06
0.00079628
0.00044328
0.000667415
0.000634544
0
0.000502792
0.000322238
0
0
0
4.84978e-05
0.000718671
0
0.00108346
0.000203922
0.000268507
0.000200023
0.000383649
3.57169e-08
0.000394983
7.75399e-07
0
0.000420894
0.000526529
0.00033332
0.000435813
9.48264e-05
0.000222879
0
0.000616025
0
0
0.000455462
8.0681e-05
5.5282e-05
8.39983e-06
0
0.000920396
0
0.000104024
0
5.78333e-05
0
0.000389959
0.000581809
0.000123199
0
5.37067e-08
0.000126465
0.00014798
0.000156666
0
0.000945285
6.84809e-06
2.55257e-07
1.01741e-07
0.000352038
0
0.000619862
0.000431631
0
0
8.83961e-06
2.09686e-09
0.00127039
0
0.000739242
0.000500485
0.00115502
0.000156031
0.000279916
0.000686778
0.000148975
0.000135595
0.000345934
6.73009e-08
0.000118787
4.31256e-07
0.000165426
0.00127858
0.000366898
0
5.3116e-05
0.000363532
0.00095249
0.00112338
0
0
0.000231241
0.000523271
0.000401332
5.15988e-05
0.000975881
7.65845e-05
0
9.93012e-05
0
5.72257e-05
0.000997628
0.000742451
0
0.000863112
8.49753e-05
1.20939e-08
1.93301e-10
6.72605e-07
0
1.9095e-06
8.25348e-05
6.42674e-05
0.000618296
0.000838459
0
0
1.026e-06
0.000211991
2.85609e-05
0.000120236
1.47321e-07
0
0.000107268
0.0011483
1.89139e-06
0.000574824
0
0
0.0012367
8.62884e-09
1.18892e-07
0
2.12677e-05
4.49253e-05
0.000960583
0.000905099
0.000513116
8.57897e-09
0.00102189
0
0.000749265
0.000102884
0.000184719
0
0.000162764
0
0.000216184
0.000308253
0.00024404
4.48101e-10
0.00130457
0
5.89371e-09
6.28884e-08
0
0
0
0.000107788
0.000939769
0.000164191
0
0.00108958
0.000606608
0.000119429
0
0.000755125
3.38717e-05
0
0
0.000210381
0
0
0
0.000215597
1.05804e-05
0
0.000404407
0.000959083
4.65211e-07
0.000532772
0.000415891
0.000213843
0
0
3.65768e-06
0.000246267
0
0.000551683
7.2503e-11
0.000805389
0.000126803
8.25804e-05
0.000750223
0.000372453
7.99384e-07
4.45362e-05
0.000497517
0
1.05543e-08
0
0
0.000315256
0.000893639
0.000281423
0.000947749
0.00084817
0.000405412
0
0.000573573
0.000516046
0
0
0.000629134
2.61926e-07
4.37468e-09
2.2249e-06
0
0.000493899
7.69869e-10
0.000706487
0.000222663
0
0.00105353
0.00121597
0.000191428
0.000244637
0.000523736
2.11924e-06
5.33362e-05
0
0.000390738
0
0
0
0.000192684
1.19628e-05
0.000575285
9.69794e-05
0.000976546
0
0.000661271
0
0
0
0
0.000170572
0.000136621
0.000946474
0.0012559
0
0.000200686
0
0.000697434
8.10669e-06
0.000851618
0.000149534
7.20748e-05
0
0.000498561
0
0.000330576
0
9.56456e-06
0.000892133
0.000311669
0
0.000285124
0
4.2162e-07
0
9.54611e-05
0.00025956
2.29204e-08
0.000101602
6.60827e-08
0
4.03916e-09
0
0.000354313
6.21684e-05
0
0.000262553
5.19758e-05
0
0
8.77583e-05
0.000277608
0
0.000200014
0.000185805
1.26247e-08
0.000268115
0
0.000219215
0.000161091
0.000511639
1.23205e-08
2.8414e-08
0
0
0.000201453
5.0772e-05
0.000951853
0
1.61643e-05
4.36799e-06
0
0.000685856
0
0
0.000202626
6.91628e-05
1.57177e-05
0
0.000237276
0
3.5017e-06
0.00102352
9.0555e-05
0
0
0.000637588
5.73388e-05
2.94508e-07
0.000867802
1.97314e-06
6.03473e-05
0.000120272
0
0
4.38108e-05
0.00096043
0
1.21338e-09
0.000854084
1.57609e-10
0
0.000347849
0.000121098
0.000906538
0.000616706
0.000352409
3.64741e-09
0.000743689
0.0010674
0
0.000883684
0
8.87808e-06
6.17368e-05
0.00011077
0.000601043
0
0
0.000485846
0
0.000145584
0
0.000308052
0.000169284
0.000470594
0.000615058
2.84393e-07
0.000911852
3.19138e-05
0
0
0.000822702
0
1.51774e-08
4.75245e-09
0.00101863
0.000437102
6.6671e-05
0
0
0
0.000344288
0
0
0.000251617
0
8.53761e-05
0.000213759
0.00054612
4.26292e-05
0.000446475
0
0.000556682
0
3.28652e-09
0.00112714
1.42264e-05
5.16935e-06
0.000194158
0
5.82026e-05
0
2.211e-06
7.44951e-07
0
0.000950038
5.53182e-09
4.64306e-06
0.000242396
0
7.72469e-06
0.000501591
0.00102315
0
0.000198329
0.000218426
0.00013416
0.00104381
0.000200269
0
0.000111555
2.20031e-05
0.000436509
0
0
0.00087304
2.09866e-05
0.000140058
0.000875547
5.59854e-07
4.42892e-05
7.97899e-05
0.000136422
8.70615e-06
0
0.000417433
0.000142005
0.000209296
0.000270341
0
0.000687933
0.00106149
0
0.000114152
0.000539778
0.000201971
0.000675538
0.000779666
4.80778e-05
0
0.000484645
1.23307e-06
0
0.000558441
0
0.00022445
0
0.00124575
6.46324e-09
0.000189378
0.000435228
0
0
6.99172e-09
0.00110285
0.000493445
2.53101e-05
0.000176551
0.000600697
0.000143075
0.000649054
0.000654214
0.000399068
0.000383178
0.000455129
0.00122759
0.00086365
1.26306e-07
1.4836e-08
8.4874e-05
0
0
6.65319e-09
3.53742e-07
0
0.000135157
0.000141879
0.000104449
6.18796e-06
0
7.68218e-06
4.90269e-06
1.32412e-09
9.98164e-08
6.64275e-05
0.000616767
0.000610915
0
0.000182728
0
0.000276425
2.04313e-08
0.000483551
2.49239e-07
0.00041466
7.01106e-10
0.000147117
0
0.000333908
0.000654968
0
0.000439142
0
2.93708e-06
0.000914641
0
0.000360557
0
0
6.41964e-08
0.000668177
0.000803199
0
0.000693129
0.000390751
0
4.5735e-08
0.000979543
4.53137e-08
0.000218674
0.00112572
5.31121e-05
9.40722e-05
0.000781431
0
0.000223582
0
0
0
0
0
0.000718567
0.000578889
0.000455603
0.000130786
0.000334733
0.000847618
0.000441612
2.27725e-07
1.85439e-06
0.000727937
0
0.000869712
0.000593002
3.02243e-05
0
7.76566e-05
0
0.000686441
0.000160074
0.000412693
0
0.000343875
0.000314068
1.95612e-05
0.000445928
6.72417e-05
4.15986e-05
0.000296434
8.13895e-08
0
0
0
0.000546828
0.000722622
0.000109761
0.000149029
0
0.000624204
5.61557e-05
0.00100057
0
0.000143947
6.42426e-08
0.000474642
0.000892902
0.000242886
0
0.000687602
0.000281616
2.71267e-05
2.64498e-08
2.00524e-08
0.00014755
0
0.000688804
3.83324e-06
0
0.000477184
1.21245e-08
0.00083088
2.8381e-05
0
0.000236347
0.000176783
0.000314151
7.34151e-05
0.000326667
0
0
4.62973e-09
0
0
0
0.000247545
0.00123244
0
0
2.05597e-08
0.000326905
0.000823587
0.000159481
0.000569016
0
0.000164399
0.000788447
1.65461e-05
7.162e-05
7.33655e-07
2.15259e-05
0
4.63698e-07
0.00123921
0
0.000356885
0.000583137
0
0.000428676
1.35362e-06
3.81658e-05
7.01004e-10
0.000322836
0.00086884
0.000633392
0.000406652
3.10119e-09
0
0.000246982
1.49974e-05
0
0
0
0.00031567
4.74685e-05
1.81487e-08
0.000326397
3.95419e-06
0.00108368
5.70721e-06
0.000962428
0.000514134
0
0
2.62652e-07
6.10492e-07
0.000326965
0.000148618
0.00115128
0
0
0.000390597
5.40519e-05
0
0
0.000800799
0.000596077
0.000560664
1.95548e-07
0
0.000159348
0.000264534
0.00108989
0.000130827
0.000690904
0.000478967
0.00109074
0.000669718
5.82514e-05
0
0.000465577
0.000500737
0.000189413
0
0
1.96706e-05
0
0
1.06949e-06
0
0
0.000643323
0
3.11158e-05
0
0.000551944
1.06198e-06
0
0
0.000227767
0
0
0
0.00109951
0.000386051
0.000266877
4.91289e-07
0
0.000230946
1.86807e-08
0
0
0
3.2593e-06
9.66154e-06
0
0.0001639
0
0.000681267
4.83334e-05
0
4.57483e-05
1.32636e-09
0.00108896
0.000193295
0
1.00233e-06
0
3.99884e-05
0
0
2.42952e-05
2.21396e-06
6.0927e-08
2.17034e-07
0.000839389
0.000544573
0
0
0.000681846
0
1.00891e-08
6.99108e-05
0.000141857
0.000878432
0.00113499
0.000326751
0.000741617
1.11158e-05
1.83411e-07
1.46913e-05
0.000373889
0.000637169
6.82483e-05
1.46469e-09
0.000355775
0.000226095
0.000288428
0
0
1.32438e-08
7.82947e-08
5.57464e-05
0.000540083
0.000288828
0
0.000300345
0.000169991
0
0.000514156
0
0.000526086
0
0.000901678
1.11809e-06
3.55608e-05
7.06471e-06
0.000410626
0
0.000144331
0
0
0.00032414
1.7655e-07
2.80957e-05
0.000142866
5.6748e-07
0
9.41443e-06
0.000851775
0.000493172
0
0
5.42019e-10
0.000394931
1.84671e-08
0.000160531
1.13308e-06
1.69829e-05
0.00117671
0
0.000200315
3.65791e-07
0.000149469
2.08849e-05
1.70687e-07
0
7.75504e-07
0.000147601
0.000976168
9.75952e-05
0
0.000642399
0
4.95416e-07
1.15503e-08
0.000559538
0.00117467
0
8.12562e-08
0.000836107
0
0
6.88797e-07
5.43043e-09
7.24937e-06
0
0.000163304
0
0.000151026
0
8.82909e-07
0.000107748
0
0.000909133
0.000595713
0.00109278
2.97155e-05
0.000444648
5.04428e-05
0.000352118
0.000166804
0.000300669
0
2.15197e-05
0.00100086
4.34731e-07
2.05165e-05
0.000588512
0.000858343
1.20019e-09
1.33629e-07
4.36083e-05
0
0
0.000415054
0
8.02611e-05
0
0.000741457
0.00080675
0
0.000159704
4.60728e-06
0.000258213
0
9.81802e-07
0.000116558
0
8.23872e-07
0.000407498
0.000370773
0.000207778
0
0
4.18403e-07
0
0.000400558
0
1.44624e-05
0.000841852
0
6.2372e-07
3.55065e-07
8.73115e-05
0.000572528
0.000807015
0
0
3.37614e-05
1.16003e-09
1.33117e-09
1.81421e-07
0.000531969
0.000105468
0
8.9682e-05
0
0
0.000819
2.81925e-06
1.22696e-05
0.000804134
0.00128683
8.07826e-06
8.1528e-07
0.000362596
0
0
0.000260292
0.000448064
0.000502191
0
8.94671e-08
0.000739858
0.00026498
0.000168663
0
0.000768523
5.94645e-06
0.0001014
0.000773489
0
0.000817753
2.7267e-06
0
0.000159135
0.00066095
0
0.000447276
0
0.00049994
0.000768794
4.87165e-09
0
0.000547836
0
0.000869601
0
0.000244005
0.000429058
1.9536e-08
0
0.000465338
0.000599501
0.000213231
0.000149289
0
0
0.000903066
0
8.18676e-05
3.42415e-07
0.000158993
1.19754e-07
0
0
0
0.000145215
4.21985e-06
2.75759e-07
0
0
0
0
0.00046008
4.24284e-09
1.44592e-05
3.95604e-05
0.000525764
7.50152e-05
0.000747899
0.00106947
0.000593383
0.000633141
1.87227e-07
0
0.000692719
0.000744376
2.01428e-09
0
0
0
2.56487e-05
0.000488624
0.000171577
8.16586e-06
0.000379946
0.000347376
0.000901971
0
0
0.00059055
2.15634e-05
0
0
0.000678715
0
0
4.46645e-05
0
2.40847e-07
1.84588e-07
1.53541e-09
0
0
0.000639936
0.000397862
0
0.000304892
0
1.15841e-08
0
0.000373219
0.000713999
1.80814e-07
0
0.000614744
0
0.00122188
0
0.000441771
0.000332106
0
0.000947882
4.72175e-07
0.000183193
0.000806884
0.000261564
0
0
1.18082e-08
1.12101e-05
0
0.000135372
0
0.000481761
0
0
0.000804385
0.000373743
0.000921121
0
7.43652e-05
0
0.00038819
0.000429829
0.000688461
0.00018501
0.000599258
7.05023e-08
0.000186848
4.67445e-05
8.46894e-05
0
2.65536e-10
0.000337941
0.000831557
0.00058038
5.45686e-05
0.000180606
0.000317272
5.70558e-05
5.9614e-05
0.000792146
2.69858e-09
0
0.000188316
0.000367362
8.97402e-07
0.00100431
0
5.39146e-09
6.96835e-08
4.33928e-09
0.000792799
0
0
4.29935e-07
4.7605e-07
0
0.000279925
0
0.000254903
0
1.02066e-08
0.00106891
0
0.000547164
0.000396598
0
0.000369723
1.66618e-07
1.56894e-05
0.000224475
0.000986107
0.000507461
0
0
2.10245e-09
0
0.000173276
0
2.17526e-09
8.80918e-08
0.000114154
0.000913002
0.000523401
0
0.000144494
0.000482439
0
0
0.000751384
0
5.5553e-09
2.35879e-05
4.31207e-06
0
0
0.00073525
0.000227218
0
0
2.62527e-06
0.00122481
7.83602e-05
0.000182589
0
0.000959301
0.000301207
4.5713e-07
0.000280995
0.000798394
0.000923652
0
3.33123e-05
1.24435e-06
0
0.000104168
0.000476748
0.00097649
0
0
0
0.000410279
0.000737752
0.00101666
0
0.000351349
1.1573e-05
0.000457291
5.08154e-05
6.74165e-05
0.000115112
0
0.000315098
0
0.000464122
0
0.000934013
0
1.81837e-05
6.61912e-05
0.00121722
0
0.000671662
0
0.000143344
0.00069546
0
0
6.20146e-07
0.000993839
0
0.000393549
0.000601015
0
0
0
0.00076307
0.000968261
2.51522e-08
0
0.00108288
3.34082e-08
0
0.000387961
0
1.01002e-07
7.59418e-08
4.91045e-05
0
0
0
0
0.00106819
0
3.32375e-08
0.000893839
9.26858e-05
0.000801023
0
0.000267749
1.58778e-05
5.34091e-05
0
0.000381699
0
3.40515e-07
0.000762232
0.000939697
0.00102097
3.75368e-05
9.62232e-06
7.56926e-05
0.000117692
9.84963e-10
0.000300468
0.000302739
0.00103223
0.00103855
2.34062e-07
0
4.76089e-05
0.000310449
0.000227998
0
0.000580703
0
0.000150077
0
0.00043086
3.90057e-05
0
0.000765729
0
0
6.98616e-05
9.11336e-07
0.00114401
0.000551161
8.2892e-06
0.00104263
0
7.26802e-08
0
1.70414e-08
0
0.000988369
0
1.84355e-05
0
0.000461657
4.87044e-07
0
0.000330643
1.85383e-05
3.3267e-07
0
0.000242769
2.5365e-07
0.000150577
0.000344248
0.000360239
0.000556284
9.64304e-05
0.00021388
1.9307e-09
0
9.00214e-07
3.99515e-05
6.72318e-09
0
0
0.000722577
0
0
0.000356326
0.000879991
4.1188e-08
0.000470665
0.000204845
0.000603402
9.00633e-05
1.35516e-09
0.000715781
0.000353067
0.000459244
0.000343009
0
6.06081e-06
0
0
1.22299e-07
0
0
1.17152e-07
0.000566697
0.000355125
0.000449641
0
9.10332e-05
0.000397586
0
0.000422691
0
1.04113e-07
1.71298e-06
0
0.000840614
1.12749e-07
0.000443404
0.000579892
0.000415853
5.27572e-06
0.000242056
0
9.76132e-10
9.54126e-05
0.000173953
0.000618635
1.30552e-05
0.00098326
0
0
0
0.000723469
0.000510886
6.87235e-06
1.35551e-07
2.06252e-07
7.21567e-05
0.000231734
0.00065602
0.000551009
0
0.000935571
0.000400067
0.000491271
3.3174e-05
8.17892e-06
0.000447938
1.93994e-07
0
0.000739907
0
4.49831e-07
0
0.000397298
1.00689e-06
0.000871426
0
1.85874e-06
0
0
0
9.24505e-09
0.00113982
0.000223718
0.000445353
1.82328e-08
0.000516109
0.000905628
0
0.000409718
0
4.8245e-09
2.89687e-06
0.00116889
1.11756e-05
1.96193e-09
0.000198446
0
0.000142935
0.000804366
0.000864697
0.00014176
0.000373723
0
0.000886132
5.90409e-06
0.000749003
0.000765289
0
0
0
0.000190674
5.31082e-06
3.54801e-07
0
0.000608818
0
3.1034e-05
0
0.00022958
0
0.000788143
1.86299e-07
0.000264547
0.000159316
0
8.84552e-05
0
0
1.14807e-08
0.00031168
2.11069e-05
0.000121067
8.90068e-06
0.000218147
0.00062713
0
8.85256e-05
8.62316e-07
0.000370465
0.00112869
0.000106138
0
9.90384e-05
7.92401e-06
5.3965e-06
0.00096253
0.000639223
0.000951555
0
0.000183958
0.000322976
0.000896139
0.000595038
0.000323947
0
0
0.000685488
0.000358318
0.000574635
0
0.000819113
0.000252875
1.13922e-05
8.80132e-05
0.000840306
0
0.000490258
0.000395919
0.000979728
0.000169297
6.03204e-06
0
0.000664188
2.34423e-09
0
0.00031585
2.77377e-05
0.000123212
0.000961661
1.77225e-06
0.000152456
0.00105452
0.000627015
0
8.25824e-06
0
0.000185021
0.000402139
0
0
0
0.000722829
0.00120015
0.0011326
0
0.000454621
0.000333679
0.00096724
0.00016754
5.63922e-05
0
0
2.6113e-06
0.000181843
0.00114553
2.71269e-05
0
0.000712794
0.000551434
0.000523705
0.000142519
1.42298e-08
4.66835e-05
0
1.08365e-05
0
0
5.68075e-06
0.00119589
8.13405e-07
0.000481218
0.000821486
1.70074e-08
2.23637e-05
0
0.000250132
0.000188235
0
0
5.83332e-08
0
4.85038e-07
0.00015708
1.20944e-06
0.000418683
0.00040484
0.000349439
9.60678e-05
0.00114304
0
0.000770637
0.00054856
0.00026945
0.000265536
9.76271e-05
0.000243943
6.99096e-05
0
0
0.00102175
0.000578204
9.58602e-05
0.000202555
2.16577e-09
0.000369455
0
0
0.00112511
0
0.000373147
0
0.000344126
0.00058025
0
0.000340025
0
2.40871e-10
1.25933e-06
0.000422807
1.55379e-05
0
0
0
0
0.00111613
1.48857e-08
0
0.000804549
0.000376146
2.12561e-05
0.000505331
0
0
0.000147854
0.000191998
0.00017557
0.000142294
0.000119191
0.000516221
0.000772245
0.000590119
0
0
0.00131772
0
1.17936e-09
0.000335027
6.24694e-09
0.000212253
4.42635e-11
6.60045e-05
0.000248784
0.00123566
0
0.000598965
0.000136564
0
0
0.0010063
0
0.000407729
0
0.00083357
0
1.58097e-08
6.69847e-05
0.00107727
8.80146e-09
0.000250719
0
0
0.000808793
0
8.21679e-10
0.000761993
4.69486e-05
1.43481e-05
0.000365713
0
0
0
1.27636e-09
8.3832e-08
0
0.00104575
3.58788e-05
0
0.000639888
0
0
0.000985176
2.68885e-06
4.30641e-06
0.000264523
0
2.36857e-08
0
0
0
0
0.00111663
0.000923228
0.000352578
0
0.00120925
0
0
0.000187872
0.000416341
4.43058e-05
0.000620181
5.32704e-07
0
0
0.000543482
2.52541e-06
0.000925211
8.07342e-07
0
0.000148349
0
0
0.00014469
0.000371611
0.000318494
0.000647374
0
0.00029505
0.000753603
0.000479905
1.50216e-07
0.000322075
0
0
0.000777144
0
8.8213e-08
7.15414e-07
0.000563608
0.000159747
0.000134193
0.000281345
0
0.000796465
3.6571e-08
0
0.000444625
0
1.17392e-08
0
3.99598e-05
0.000638944
0
0
0.000442117
0.000117253
1.26488e-08
0
0
2.66172e-06
0.00045804
1.47114e-05
6.72701e-09
4.56508e-05
0.00010928
0
0.000195337
4.29536e-05
0
0.000584064
0.000301923
0.000352967
0
0.000409518
0.000309701
2.52839e-08
0.000180589
0.000382593
0.000579284
0.00123003
0.000617163
4.19842e-05
3.67535e-07
0
0
1.1494e-06
2.8988e-08
0
2.90706e-05
0
0.000392749
0.00019235
7.49187e-06
8.10303e-06
0.00087568
1.52345e-05
0
0.000585881
0
0.000470223
9.39016e-05
0
0
0.000592185
0.000552846
0.00100613
0.000222086
0.000455254
0.000292463
0.000187525
8.68351e-05
0.000294307
4.46697e-09
0
0
0
0
4.24096e-08
0.00021364
0
0
0.000262183
4.44144e-06
0.000652004
4.23269e-09
0
0.000341676
4.83547e-07
0.000809761
5.24337e-08
9.59526e-05
1.48148e-07
0
0.000298445
0.000449782
2.76769e-08
8.5889e-05
0.000182493
5.84265e-09
0
0.000647367
0
0
0.000286133
6.66913e-07
7.25728e-05
0.000306711
1.47872e-07
0
8.37356e-07
7.57174e-07
0.00105998
0
1.93387e-06
0.000561356
0.000866714
0.000157911
0.000353476
1.13695e-09
0.000595004
0.000159728
0.000780753
0
0
0.000574963
0
0
0.000331288
0.000959485
0.000968441
0
1.35833e-06
5.82623e-08
2.37531e-07
1.18857e-06
3.44026e-08
0.000176552
0.000168512
0
0
0.000484989
0.000545556
0.000580192
0.00103188
0.000739683
6.49371e-05
2.58175e-05
0.001024
0
3.1912e-08
3.4498e-05
0.000365256
1.2195e-05
0
0.000200228
0
7.51737e-08
0.000192259
1.17827e-08
0.00025063
0.000319196
0.000962752
0
0
0.000456021
0.000732947
0.000100632
5.17253e-05
3.12397e-06
0.000486584
0
1.53306e-09
0.000804842
0
0.000378827
0.000677838
0.00087768
0.000553866
0
0
0
0.000583164
1.65179e-08
6.01464e-09
0.00114394
0
8.89568e-07
0.000101027
5.38976e-09
1.49617e-07
2.46686e-05
7.61601e-05
0.000122463
0.000525621
0
8.66644e-10
0
9.42144e-10
0
0
0
4.21475e-08
0.000184974
0
0.000559975
0.000459272
0.00033586
0.00062982
1.65179e-05
0
0.000107256
0
0.000741814
7.55603e-06
1.6857e-05
0
0
0.000154224
0.000106049
0
0
0.000774169
0.000435737
0.000631379
1.30936e-08
0.000959267
0.00121114
0.00028966
0.000713073
1.47487e-06
0.0007741
0
0.000856566
6.8022e-08
0
0.00030997
0.000266982
0.000127706
0.000232402
0.000607996
0
0.000355091
4.60981e-05
0
0.000738079
0.000288256
0.0012582
0
0.00114455
0.000544648
0
4.47303e-08
0
0
0.00122722
0.000965808
0
0.000613955
0.000910727
0.000724412
0
1.40203e-05
0.000216593
2.28568e-05
0
0.000605258
0.000576751
0
2.08076e-06
0
0
5.52711e-05
0
0
4.6908e-08
1.47919e-08
0.000163114
0
0
0
1.35081e-08
0.000270545
0.000200355
5.14057e-06
0.000437991
0.000855266
0.000336265
0.000295028
0.000349169
0
0.00104502
0
0.000944558
0.000368075
3.01259e-05
0
1.17749e-05
0
9.84754e-09
0.000125174
0.000880875
0.000133528
8.13638e-06
0
0.000723567
1.44728e-09
7.73918e-05
0.000215729
1.81697e-08
0
0.000604959
0
0.00108214
0.000309896
0
0.000190086
0
0
0.000119773
0
0
0
6.83907e-07
3.50683e-05
9.72977e-05
0.000910621
0
0.000109374
0.000964624
0
0.000193997
0.00045131
0.000302739
0.000252734
1.66019e-07
0
1.61076e-05
0.000469873
0
5.16079e-05
0.000268471
0.000596281
0.000187905
1.66393e-08
0.000469156
0
0
0.000854493
0.000396872
0.000221673
1.11882e-05
5.85544e-05
0
0.000577791
0
0.000174245
0.000434626
0.00117252
0.000468012
0.000445307
1.54798e-06
0.000580805
0.000750605
2.36509e-08
0
1.28725e-08
0.00033191
0.000933841
0.000146424
0
0
0.000869498
0
0
0.000171029
0
0.000235364
0.000250528
0.000366636
0.000101869
3.71161e-05
0
0.000499477
3.63538e-05
0.000254528
0
0.000164494
0.000220459
0.000397765
0.000101678
0.000479213
0.000327104
0.000301787
0.00102042
1.62945e-05
0.001049
0.00106233
4.77973e-08
0.000323675
2.22815e-07
0.000255398
0
0.00117037
0
0
0
1.29619e-05
0.000562202
0.000243129
5.09639e-05
3.86719e-08
0
0.000700662
0
0
2.52955e-08
0.000489423
0
0
0.000363214
0
5.76956e-06
0
0.000374623
2.47367e-06
0
0.000918213
0.000147548
3.68432e-06
1.9559e-05
0.00132834
0.000185038
0.000401237
0.000603054
0
8.48866e-08
0
0
0.000639878
0
0.000277353
0.000127512
0.000229622
0.000248671
0.000982021
0
2.89129e-08
0
1.63625e-06
0.000695415
0.000475025
0
0
1.01671e-08
0.0010009
3.24628e-05
0.00068453
0.000242404
9.53499e-09
7.21554e-07
0
0
1.38195e-05
0.000439706
6.71998e-05
0
0
0.000221457
0.000293359
0.000177097
0.00101426
4.81831e-06
0
4.60269e-05
0.000174809
0
1.05798e-07
0
2.30156e-06
0.000439834
0
2.80336e-05
0.000815617
3.32158e-08
0.000114952
1.02241e-06
5.39111e-05
0
0.000429561
2.87219e-07
1.67241e-05
0
0.000265622
0.00091234
0
0
2.07598e-06
0.00097074
5.68692e-05
8.15855e-05
0
5.1873e-05
0
0.000536931
0.000986169
0.000118038
0.000922894
0
0.000584522
8.13259e-08
2.34019e-09
1.79778e-06
0
0.000174699
0.000267857
0.000748086
0.00085765
0.000580685
3.86476e-05
0
0
0
0
0.00115283
9.77576e-05
6.04229e-09
0.000791413
2.26391e-07
7.42965e-07
0.000369727
0.000678581
0.00103236
1.63747e-09
0.000196013
0.000188781
0
0.000632
0.000336329
0.00047289
0
0
0.000129453
0.000631406
1.76184e-07
0.000573123
1.31684e-05
5.92007e-06
1.6355e-05
0.000618704
0.000177966
9.50935e-05
0.000693211
0
0.000545177
6.80194e-09
1.60116e-06
0
0.00110727
0.000501956
4.28308e-05
0
0.000144244
0
0.00109848
1.01165e-07
0.000300322
0
0.000505085
0
0.000616712
1.29786e-06
0.00109852
0.000519902
1.24141e-08
4.60363e-09
0
0.000181101
0
0
1.79123e-05
0
1.78442e-06
6.57177e-07
8.45317e-09
0.000742824
0
0.000207094
9.27496e-10
0.000988771
0
0
0.000179855
1.40187e-05
0
0.000565217
0
1.03909e-06
0.00103064
0
0
5.35465e-10
3.64253e-07
1.32713e-05
0
0.000547853
0.000599285
0.000153851
0.00113534
0
0
1.37415e-06
0.000303131
0
0
0
0.000270642
0.000297431
0.000267204
1.46279e-05
0.000469055
0
3.69764e-08
1.69783e-08
0.000236495
0
0.000305903
0
0
0.000139626
2.97225e-07
2.1266e-05
0.000179657
0
1.47598e-05
0
0.000791837
0
8.83835e-05
0.000116676
5.5417e-06
0.000323275
0
1.46983e-08
5.18867e-05
0.000343163
0.000674372
5.28407e-05
0.00121667
1.03143e-06
1.80545e-05
0
2.10459e-05
0.000332792
0.000675588
0.000256271
6.89659e-06
1.71614e-07
7.52287e-07
3.44416e-05
0.000188161
0.000628313
0.000701374
0.000971303
0.000413223
5.68362e-06
0
0
6.0402e-09
0
0
3.25886e-09
0
0.000399932
0.000769423
0
0
0.000368291
2.64323e-05
0.000429071
0.000322085
0.000547808
0
0.000993586
0
0.000764716
4.26528e-10
0.000526932
0
0.000277083
0.00011457
0.000159497
0.000347765
2.17431e-05
2.82184e-06
0
0.000821026
0.000684557
0
0
0.00125824
5.40538e-06
4.06454e-06
5.18903e-09
0
0
0.000313524
0
0.000874651
0.000822449
0.000338181
0
0
0.000786307
6.89799e-07
0.00119439
0.000741845
6.17484e-06
0
0
0
0
0.000113692
6.02514e-10
0.00039144
0.000340562
4.76588e-05
0.000128435
0
9.62717e-10
0
0
0.000890269
0.00121359
0
0
0
0.000360814
0
0
1.72602e-08
0
5.18554e-08
0.000247819
0.000564826
5.74841e-06
0
0.000369384
0.00117637
6.13814e-07
0
0
8.83308e-05
0.000255867
2.91641e-05
0
1.04961e-05
1.28117e-09
3.67729e-08
0
0
6.2245e-06
0.000326329
0.000450634
0.000816345
0.000458262
0.000821678
0.000624999
0.000876551
0.00111134
0
0.000300243
0.00026053
0
0
0.000345884
4.23708e-09
0.000216683
0
0.000867021
0.000871974
0.00072315
0.000454074
0.000331629
0
0.000754908
2.80594e-07
0.000114084
0.0008745
0.000367921
0.000314943
0.000657765
0
0.000156074
2.69525e-08
0
0
4.181e-05
0.000355475
0.000656175
0.0010568
0.000485636
0
0.000307487
0
0.00104475
0
3.12818e-05
0
0.000529939
8.15031e-05
0.000117076
0
0
0
0.000381438
0.00111273
0
0
0.000278758
0
0
0
2.02563e-06
0.000530994
2.80049e-08
0
1.31788e-08
0
0.000689456
2.55423e-06
0.000996844
0.000268037
0.000290279
0.000398932
0.000594694
0.00055919
0.000316454
0
0
0
0.00110118
0
0.00012386
0
0.000649831
0.000807633
0.00102991
0
0.000523308
0.000972906
0.000788813
0.0006351
0.000292658
0.000138286
9.59935e-06
0.000696933
0
0
5.13702e-05
0
0.000229308
6.48237e-05
0
3.01545e-10
0.000166312
0
0.000403957
9.06585e-05
0
0
3.75525e-05
0
0.000394907
0.000666543
0
0
0
6.21704e-10
3.94015e-05
0.000305792
0.000515082
0.000600654
9.82649e-08
0
0.000677238
4.95633e-07
0
0
0.000674884
0.000779913
0
0
0.000492674
0.000609944
0
2.92824e-10
3.11715e-06
0.000289255
0
0
0.000201257
0
0.00100104
0
0
1.90113e-08
9.90016e-08
0.000910537
4.18345e-06
0
0.000749098
0
0.000108042
1.48762e-05
0.00113614
0.000419511
0
0.000174293
0.000495417
0
8.29165e-08
0.00121728
0
0
7.54004e-06
1.61777e-09
0.000131366
0.000877447
0.000819278
0.000483964
0.000499902
1.56058e-05
0
0
1.70258e-05
3.37457e-06
4.21776e-05
8.62542e-10
0
0.000757004
0
0.000677685
2.21462e-05
0
0
0
1.81282e-09
8.78514e-05
0.000635977
0
6.80976e-05
0
0.000616393
0.000341548
0.000231157
0.00031158
0.00012946
7.67286e-05
0.00101436
8.52718e-05
0
1.60484e-07
0
3.33823e-05
0
8.0911e-05
2.62999e-05
0.000616851
0.000412524
0.000799182
0
0.000839563
0.000485202
0.000655587
0.000243406
3.81072e-06
0.000634443
0
0
4.18514e-10
0
7.73787e-05
0.000631642
0
0.000107278
0.000229618
4.96999e-05
1.11555e-05
0
0.000870849
0.000166299
0
0.000677975
0.000220552
0.000968167
0.000775744
0
0.000691448
7.15048e-06
0.000666149
0
0.000667654
0.000834558
0
0
7.47738e-05
0
0
0.000443946
0.00022448
3.46188e-05
1.22774e-07
0.000718674
0
0
0
1.15283e-06
0.000669796
0.000283933
0.0002741
1.22383e-07
0.000471877
0
0
0
0
1.197e-07
4.70812e-06
0.000103541
0
0.000774718
0.000111455
3.36969e-05
0.000944092
0
4.85456e-08
0.000704923
0.000161468
0.000195641
0.00017786
0.000422032
0.000107255
0.000353051
7.73544e-05
0
0.000935592
0.000595093
0.000579588
0
0.000419338
0.000873242
0.000946345
0.000701475
0
0
0
0.000586145
0
8.61516e-08
0.000785704
0.000987818
0
3.00474e-08
0.000648599
2.17107e-05
0.00113951
0.000449265
0.00109831
0
0.000142204
9.72675e-07
0.000996361
0
0.000792677
7.38244e-07
0.000537442
1.01418e-09
0.0010188
0.000650474
0
0.000206213
0
0
0
0
4.58171e-09
0.000108933
0.000443247
0.000750626
0.000840268
3.57296e-07
0.000191742
0.000537422
0
0.000111559
0
0.000133844
1.3174e-05
4.59325e-06
0.00105154
0
0
0.000101231
0
0.000796068
1.47474e-06
0
0
0
5.90413e-05
0.000617097
0
0
0.00124681
9.42616e-05
0
1.17963e-06
0.000880263
0.000650333
0.000450908
0.000380027
0.000253014
0
0.000219691
6.72879e-05
6.27966e-09
0
8.44284e-05
0
0
0.000797522
0
7.17116e-05
9.68525e-09
0.000381034
0.00107353
0
0.000391954
0
1.22243e-08
2.01758e-09
0
0
0.000573156
0
2.58136e-06
0.000885836
2.83329e-06
0.000303184
0.000243256
1.33698e-09
0.000812897
0
4.32966e-10
7.60713e-08
0
0.000433298
0
5.00854e-06
0.000334946
1.33798e-05
1.00178e-07
0.000213082
0.000743896
7.82502e-05
5.65218e-06
0
0
3.05322e-05
0.000159684
1.07209e-08
0
0.000152106
0.000133718
1.7764e-08
4.51651e-05
0
0.000162564
1.94298e-07
0
7.60791e-09
0
0.00022761
6.71344e-06
0.000588472
0
0.000179432
0.000586375
0.000339202
0
0
0.000845091
0.000491257
0.000412272
0.000417653
0.000390554
0
0.000992622
0.000314838
0
0
2.05083e-05
0
0
5.17198e-05
5.10668e-09
0.000416542
0
0
0.00121929
0.000877789
0.000340844
0.00105306
0
0.000713486
0
0.000331047
4.45647e-08
1.85694e-05
0.000342614
0
6.27391e-09
0.0010606
7.01274e-05
0.000414746
3.66861e-06
0.00073934
0.000871024
0
0.000242344
0.000327887
0.00104619
0.000310231
7.9951e-05
4.82343e-05
2.99154e-09
0
0
0.000139419
0.00041725
0.000909778
0.000190895
0.000405462
0.000604541
0.000222908
0
7.40729e-06
0.000138749
0.000681389
0
3.55961e-06
0.000344555
0.000251746
0.000431645
0
0
0.000695066
3.31706e-08
0.000294871
0
0.000122558
0.000882586
0
1.46444e-06
0
0
0
0
0.000485897
5.34953e-06
0.000824704
6.44053e-05
0.00111608
0.000942616
0
0.000246101
0
0.000340297
2.61709e-05
0
0
3.01482e-07
0.000299863
0.000143378
0
0.00044536
0
0.000337152
0.000330957
1.81613e-05
0
0.000820524
0
0.000231427
2.06721e-07
0.000798516
1.66023e-08
0
4.21276e-08
0.000856488
1.14936e-08
0.000762467
0.00118704
0
0
0
0.00099608
1.46768e-06
2.55585e-05
0.000616665
0
0.000371703
1.22716e-05
0
0.000576732
0
0
0
0
0.000684345
0
0
0
7.45194e-05
0
0
0
3.93775e-05
0
8.0912e-09
0.000262126
0.000481601
0
0.00110316
0
0.000379711
0
0
5.85657e-05
0.000160627
0
0.000719327
0.000498889
0.000951836
0
0
3.91866e-09
0.000361268
0.000284095
2.53308e-05
1.58975e-05
0.000767392
0
8.12778e-06
0.000740673
0
1.74837e-05
0.000763247
7.05246e-10
1.55723e-10
0
5.71867e-07
0
0
1.98526e-06
1.4085e-05
1.86611e-08
0.000117726
0.000426449
0.000373387
1.10726e-06
0.000540399
0
0.00029316
0.000263786
0
0
0.000497679
0.000384127
0.000528566
0
0.00064149
0
7.4495e-08
5.5614e-07
0
0.000574889
0.000276763
0
0.00031746
0.000142492
0.000451739
9.26063e-05
0
0.000733212
8.84734e-05
0
1.36913e-06
0
0.0011522
0.0010302
8.3622e-06
0.00069417
1.09572e-06
0.00063788
9.10378e-06
3.69582e-05
0
0
0.000821244
8.15483e-05
0.00049603
0.00054366
7.84911e-05
0
0.000425955
0.000992695
0.000249961
0
0.000103143
0
0.000241785
3.32683e-07
0.000705555
0
0
0.00020862
0.000170836
1.20358e-08
0
0
0.00114408
0.000648011
2.20966e-05
0
0
0.000746684
0.000917363
0.000101199
0
0.000499452
7.21439e-05
0
0.00100917
0.00105661
0.000381425
0.000116769
2.76601e-08
0
2.74691e-05
4.23223e-05
0
0.000647403
0
0.000247591
2.32378e-05
0
2.53903e-07
0.000346186
0
0.000524723
0.00128692
1.12024e-05
0
0
0.000618176
0
0.000414748
0
0.00075295
0.00108483
0
0.000123206
0.000727831
0.000133702
0.000281823
2.60765e-08
0
0.000927582
8.91483e-08
0
6.61621e-05
0.000228375
0.000593536
0.000253802
0
0.000870115
8.65219e-10
0
0.000720225
1.43598e-05
8.73256e-05
0
3.39314e-05
0.000322113
0.000484753
0.000230687
0.000344742
0
0.00103096
2.40017e-09
0.000515378
0
3.49438e-05
0
0.0008774
4.46943e-05
1.99557e-05
0
0.000962132
0.000325317
5.42354e-05
0
0.000855747
1.73405e-07
0
0.000155966
8.05295e-10
0
0.000177879
1.50806e-05
0
0
0.000694724
0.000103386
4.52444e-08
0
0.000402411
0
0.00106482
0.00046253
0.000395256
0.000468557
0
3.7715e-09
0
0.00020409
6.84439e-05
0.000468656
0.000758246
0.000376597
0.000122713
0.000201517
0
0.000493538
1.72382e-05
6.60221e-09
0
8.86194e-05
0
7.20829e-09
0.00023465
0.00011877
0
1.68905e-09
0.000338681
1.95484e-09
3.31115e-06
1.05956e-05
1.98041e-07
0
0
0
1.22984e-05
0.000712779
1.5802e-06
0.000771095
1.09103e-08
0.000427652
0
0
0.00104592
0
0.00063856
3.79413e-08
0.000131156
0.000126091
0.000321446
0
0
7.39477e-05
6.52311e-06
7.73698e-05
0.000389044
0.000128947
0
0
0.000875474
5.03982e-06
0.000922291
5.63378e-05
0.000869434
0
0.000668733
0
0
0
0.000194872
0.000933473
6.8817e-07
0.000654933
0.000990993
0.000566383
0
7.5682e-05
0.000786048
1.60637e-07
0
1.17094e-05
7.68604e-05
0
0.000753774
0.000169776
0
0.000658442
9.13766e-08
0.000252751
0.000443774
0
0
7.78675e-08
0
9.55939e-05
0
0
7.60179e-05
1.56207e-09
0
0.000529866
0
4.36699e-05
0
0.00109973
0
0
5.94977e-08
0
0.000245659
4.82226e-06
2.07893e-10
0.000434204
0.000100207
0
4.29431e-05
5.23854e-06
0.00034432
0.000135758
0
0.000690252
0.000176274
5.941e-09
0
1.4561e-06
1.35661e-05
1.50374e-05
2.05516e-09
0
0.000805891
0
0
0.000970953
0.000746173
0
0
0.000964619
8.97448e-06
0
0
9.57944e-05
0.000299383
3.77072e-06
0.000592361
0.000477148
0.0007766
3.27773e-05
0.000387648
0.000562181
0.00104337
0.000487792
0
0
2.82262e-10
0.000846844
0
0.00080929
0.000192565
0
2.19634e-09
0
1.35729e-05
5.85134e-06
0.000217681
0.000190548
0
0.000344187
0.000169285
1.90173e-06
0.000129889
0.000681406
0.000201108
0
2.02582e-07
4.28926e-09
0.000159201
0
0
0.000341526
0.000407631
0.000378296
8.99745e-07
0.000639633
0
0.000216676
0
1.73968e-06
0.000610189
0
0.000795541
4.55038e-09
2.44183e-05
3.87735e-08
0
9.21742e-05
1.16032e-05
0.000125068
0.000959694
0.000290606
0.000343457
0.00113203
0.0003201
0.000517745
0.000956904
0
0.000691318
0.00118445
3.98038e-09
0.000637979
0.000398032
0
0
0
0
0.000125652
2.3423e-06
1.77972e-06
0
0
0.000605842
0.000630839
0.00072653
0.000443764
3.41707e-07
0.0012932
0.000115309
0.00114372
1.75531e-09
0
0
1.50521e-07
0.000136161
0.000667741
0
0.000610842
5.62188e-09
1.31172e-06
0.000735712
0.00048498
0.000491915
0.000829358
0
1.21581e-07
4.98601e-05
0.000102228
0
0.000334344
0
0
4.05659e-05
0.000713872
0.000701511
0.00104429
0.000881178
7.34153e-06
0.000668423
3.94205e-05
5.03688e-05
0
4.46925e-05
0
7.44911e-05
0.000715254
0.000596993
8.64558e-05
0.000178554
4.96415e-05
0.00042767
0.000368268
8.50506e-06
0.000401502
0.00040986
1.25362e-07
0
0
0
8.426e-08
0.000819427
1.74632e-05
0.000694406
0
0.000139557
0.00026609
1.34898e-08
0.000878313
8.85452e-09
0.000701942
1.43748e-09
0.000756845
1.06462e-08
0.00119529
0.000167339
2.56266e-09
0
7.97024e-10
0.000746615
1.84783e-05
6.62983e-05
0
6.3426e-07
0
0
0
0
0.000245224
7.84543e-10
0.000332489
0.000138358
0.00120578
0.000820855
0
0.000550394
0.000912533
0
9.82779e-05
1.7535e-06
1.16883e-07
2.42468e-09
0
0.00103383
0.00107558
0
4.27461e-07
0
1.2439e-06
1.96661e-07
2.46443e-07
6.19345e-09
0.000344799
4.85962e-06
0.000935389
0
0
3.62079e-07
0
0
0.000280033
0.00019692
0.000475713
0.000182538
0.000382647
0
0
6.93272e-10
0
0.00050748
1.14397e-06
4.77513e-09
0.000579566
0.00106065
0.00100863
7.43885e-05
0.000546349
0.000351475
0.000776093
0
0
0
1.97538e-05
0
1.02847e-06
1.02155e-07
0
0
0.00103626
0
0.000539436
0
0.000424407
0.000213578
6.24104e-07
0
0
4.21864e-08
0.000386822
0.000306668
0.000411295
2.62877e-05
1.09854e-06
0.000307843
0.000765503
0
0
0
0
0
4.4973e-09
0.000234505
7.50366e-06
0.00072913
0.000695243
0.000330912
5.70476e-08
0
0.000189377
6.80788e-05
0.000389645
0
0
0.000310233
0.000197691
2.89756e-07
1.98328e-08
0.00040566
0.000139937
0.000542598
0
0.000292959
0.000669393
0.000743999
0.000174724
1.95763e-06
0.00066094
0.000901188
0.000198883
0
5.77258e-05
2.27405e-08
0.000139231
0
0
7.91316e-06
0.00014656
0.000488799
5.93843e-05
0.000575754
0.000126834
0.000550537
1.88504e-05
0.000413019
0
7.21583e-07
0.000804831
0
0
0.000262216
0.000572601
0
0.00092953
8.91583e-08
0
0.000808352
0.00105704
0.00056493
0.000547816
0.00103545
0.000113352
0
0
0.000469078
0.000502936
7.32177e-07
3.7889e-05
1.6278e-08
0
2.4324e-07
0.000639582
0
0
5.63245e-05
0.000718873
0.000954962
0.000317496
4.64728e-06
0
0.000848064
0.000959065
2.90297e-10
0.00103479
1.11078e-05
0.00116002
0
0.000127206
0.000383623
0.000175376
0
0.000722199
0
0.00096846
6.47754e-10
0
7.74694e-07
0.000246282
4.39367e-05
4.75769e-05
0
1.90895e-09
0.000511541
0.00039609
2.73464e-09
0.000573047
2.39273e-05
0.000789479
1.74186e-05
0.000257475
0
0
0.000143367
0
3.43424e-05
0.000405258
0
1.32966e-05
0.000265891
8.31891e-06
1.20407e-05
6.00783e-05
0
3.44842e-09
3.52777e-08
3.46009e-09
1.35908e-07
0.000154512
0.000654146
0
0.000274001
0
0.000199425
0
0.0005038
0
0.000485863
0
0.000576616
0.000869458
0
1.93724e-05
0.000649416
0
0.000527707
0.000204701
0.000723125
0
5.63928e-07
3.15475e-07
0.00128604
0.00059561
0
0
0.000822201
0.000788524
4.3342e-05
0.000243174
0
0.000423504
1.1904e-05
0
0.000171313
0.000256504
8.07138e-05
0
2.90799e-05
0
3.68009e-08
0.000191455
8.69118e-07
0.000169401
0
7.02799e-05
0
0
0
0.000195337
0
0
2.37764e-06
0
0.000746362
0.00045432
7.9668e-09
0
0
0.000523163
0
0.000118097
0.000466116
0.000202514
0.000465345
0.000653926
0
0
1.42552e-05
0.000267077
3.04364e-08
9.80581e-05
0.000193045
0.000481367
0.000208717
0.000198735
0.000158157
9.26026e-05
5.97136e-07
0.00011883
0
0
0.000345014
0.000688047
0.000465354
5.899e-07
7.02074e-06
2.39253e-05
0.000872647
0.000555009
0
0
1.49467e-06
0.000603444
0.000315141
0.00025234
0.000274403
0.000357321
1.90772e-05
0.000641321
0.000755583
0.000656843
0.000202435
0.000335494
0.000132599
0.000542124
0.00032088
0
0.000384624
0.000544356
0
0.000504795
0.000900944
0.000794658
0
0.000282138
9.1286e-07
0
0.000530068
0.000107987
0
3.20152e-05
0.000429976
0.000874229
0
4.54608e-07
0.000710309
0.000447267
0
4.50236e-05
0.00102797
0
0.0002007
0
0.000673788
0.000163632
0.000370084
0.000265904
0.000144125
1.90928e-06
0
0.000116753
0
0.000168898
0
0.00014598
6.71732e-05
0.000565402
0
0.00115358
0.000254999
0.00010642
0.000382884
0
0.000218308
0.000375781
0
0.000356105
4.65311e-06
0.000143067
0.000882242
2.52954e-08
0.000630572
0.0006835
4.95298e-05
0.000563823
4.44409e-05
7.99597e-08
0
4.17154e-09
0.000923818
0.000274572
0.000469483
0.000916702
0.00067545
0
0.00101083
7.35375e-10
0
0.000298295
1.62216e-08
0
0.000303433
0.000815649
0.000397791
0.00120294
0.000836975
1.72124e-08
0.000349245
0
0
0.000448226
0.00104881
0.000244053
0.000553308
0.000997262
0
1.93194e-07
0.000990281
6.68908e-05
4.56778e-05
0.000399499
5.54329e-09
0
0.000143748
0.00117373
0.000289395
0
0.00099303
0.000312905
0
0.000106152
0.000315241
0.000616122
0.000718901
0.000668577
3.7436e-06
9.7856e-05
0
0
4.48066e-09
0.00033539
0.000872875
0.000366508
0
1.85976e-07
0.000335905
0
0.000119753
0.000278435
2.56746e-06
7.50842e-07
0
4.44396e-08
0
0.000501973
0
4.21714e-09
0
0.000472468
2.41554e-06
0.000439577
0.000389369
0
9.9863e-05
0.000733088
0.00053539
0.000930806
0
0
0
0
0
0.000140219
1.10823e-05
0.000290004
4.94636e-05
0.000177938
0.00036366
0
0.000117307
0
0
0.000705391
1.29673e-08
0.000111796
9.8839e-05
0.000148956
1.97738e-06
0.000407361
0.00034666
0.000113283
1.56418e-08
0
0
0.000207383
0.000107038
0.000491458
4.47064e-05
0.000416837
0.000244519
0
4.2449e-05
1.02619e-05
0
0.00089425
0.000722841
0.000349742
0
0
0
0.000582814
0.000321059
0.000187501
0.000490811
2.25717e-05
0.000526458
0.000469918
0
0.00116848
6.52998e-08
0.000517139
0
0
0
0.00113376
2.51072e-06
0
0.00100558
0.000187052
0
0.000360246
0.000187929
0.000550435
0.00102676
0.000314634
0.000229431
0
0
0.000295237
5.20303e-05
0.00102011
4.84556e-05
0
0.000570842
8.30474e-08
0.000151017
3.29786e-05
0.000704076
0.000203636
9.4323e-07
0.000113646
0.000793046
0.000764321
3.43639e-05
3.35814e-06
5.04398e-05
0.000602686
0.000300185
0.000865145
0.000937754
0.000681051
5.37366e-06
0.000186143
2.85612e-07
0
0
3.04761e-08
1.39408e-05
7.07418e-09
0
0.00122731
0.000111691
0.000878368
7.23577e-05
0.000231101
0
0.000336989
0.000373869
0.0010831
0.000331787
0.000130577
1.89493e-05
0
0.000649996
0.000786834
0.000527267
0
0
0
0.000683743
0
0.000514453
0
0.000954865
0.000768785
3.22918e-05
3.49406e-05
0
0
0.000112158
0
1.37198e-05
4.10793e-06
0
0.00100236
0.000115129
0.000461215
0
0
6.90788e-05
0
0
2.995e-09
0
0
0.000142171
0.000646657
0
0.00044107
0.000625161
0.000901795
0
0.000160733
5.29461e-08
0
3.94215e-06
0.000145919
0.000703213
0.000777972
0
0
5.43055e-06
0
0.000121321
0
0
0.000700637
1.00023e-08
5.73408e-07
7.28791e-06
0.00052424
4.79575e-06
3.02714e-05
0.000171388
0.000128413
1.91605e-07
0.000334041
0.000123298
0
0.000200194
0.000686715
2.53086e-06
1.19145e-07
7.92774e-05
0
0
0.000202189
0.000857494
0.00074192
0.000373353
0.000116944
5.60338e-11
0
5.94473e-06
0.000430543
3.46076e-07
0
0.000434763
0.000130268
0.000582155
0.000647977
0.000302849
0.000368493
3.23143e-05
0
0.00131865
2.89782e-08
0
0.000412003
0
0.000230606
0.000405267
0.000156488
0
0
0.000165665
0.000835212
5.58819e-07
3.13045e-08
0.000583147
0.000194865
6.48489e-05
0
0
0.000516663
0
0.000484806
0.00104216
6.07202e-05
0
8.21109e-05
9.75845e-05
0.000158551
0.000392918
0
0
0.000837657
0.000730193
2.19667e-05
0
2.94049e-09
2.11279e-09
0.000768189
3.38199e-09
0
0.00104201
0.000363817
0.000721498
3.85731e-05
0.000740338
3.38388e-08
0
0.000383606
0
0.000499249
0.000393941
0
0
0.000252629
0.000217646
0.000726576
0
4.54168e-09
0.00027274
0.000138938
1.13668e-06
5.42767e-06
0.00103763
0.000448952
0
2.75032e-09
0.000122075
0
0
0
0.000451462
0.000434595
0.000611506
0.000227607
0
0
0.000570585
3.83081e-07
0
3.03437e-07
0
0.000457291
0.000297129
8.67997e-08
4.24232e-07
0.000775293
0
0
3.19385e-06
4.8606e-08
0
0.000553197
0.000310668
0
0.000267739
0
0.000617396
0
0.000807936
0.000122398
0
0
0.000183504
0.000137647
0
6.21549e-05
0
0
0
0
0
0
2.42535e-08
0.00132507
0
0
0.000775622
0
1.73423e-10
3.61148e-05
3.93243e-05
9.90928e-07
3.65842e-07
0.000263591
0
0.000246213
0.00109678
1.02114e-07
0
0.000117547
0.000371983
2.73077e-06
0.000227319
0
0.000827682
0.00045846
0
0.000783772
0.000504333
3.75062e-09
0
0
3.01868e-07
0.000122871
0
0.000212916
0.000976659
0.000117311
0.000257713
0.000936512
0.000907178
0.00033317
0
0.000220438
0.000234687
0
0
3.98129e-05
0
0
0
0.000222402
0.000258233
0
0
0
0
3.58649e-05
0.000792232
0
3.99917e-10
0.000292388
4.40838e-05
0.000161468
2.89364e-07
0.00086386
0
0
8.386e-05
0.000935789
0.000910359
0
6.09981e-06
0.000128306
4.44738e-06
0.000962922
0
1.10257e-07
0
1.49312e-07
0
5.65576e-09
0
0
0.00117158
0.000272553
7.63072e-05
2.73592e-06
0
0.000304094
6.01104e-07
0.000354141
7.99872e-05
3.8157e-05
0.000574202
0.000699886
0
6.98979e-09
0.000136263
0.000671137
0.000141038
1.35831e-06
0
9.06199e-10
0.000795632
0
0
1.31217e-07
0.000737724
6.77326e-10
0
0
0
0
0.000162902
0.00045104
0
0
6.03738e-05
0.00104907
0
0.00115553
0
0.000375277
0
0.000320918
0.000959912
0
0.000254953
0.000162837
0.000115281
0.000114965
0.000565648
0
0.000481816
3.66639e-08
3.28796e-05
0.000529742
0
0.00060474
0.0004905
7.22755e-10
0.000512588
0.000411198
0.000579415
0.000850724
0.00059107
0
9.95284e-05
0.00095167
0
0.000509134
5.38601e-05
0
0.000143465
0.000396214
0.000205516
0.000234565
0
0
0.000243604
0.000218748
0.000597611
0.000403131
0
0.000680367
0.000881965
0.000707034
0
0.00109965
0
7.81474e-05
0.000780237
0.000647973
0
3.17933e-05
0
2.22018e-05
4.86748e-05
7.19939e-08
0.00020453
0
0
3.73989e-09
0.000304525
0
0.000321051
1.26715e-07
0
1.52805e-05
0.000922886
0
1.40435e-05
0.000592015
7.97366e-09
0.0010695
0.000271
9.73983e-08
9.65088e-05
2.84788e-05
0.000993746
0.000797968
7.72741e-07
3.83832e-05
0.000729216
0.000576565
0.00112685
0.00108565
0.000644009
0
0
2.74889e-05
5.46199e-05
0.000283935
0
0
6.50845e-05
0.000602546
1.00171e-08
0.000102807
0.00118368
0.00042754
0.000385818
0.000188683
0.00088444
0.000940259
1.70528e-05
0.000338466
0.000384652
0
0.000824179
0
2.90287e-05
0.000615624
2.8478e-05
0.000107091
0.000260501
0.000742818
0.00051519
1.8185e-07
0.000876478
0.00109604
9.5416e-07
0.00090454
0.000868562
0
4.02572e-06
0.000367512
0
0
3.21223e-05
1.33008e-09
0.00059665
4.79841e-05
4.80037e-09
0.000712809
0.000651439
0
2.51062e-08
0.000600195
1.42201e-10
4.66241e-09
3.93486e-05
0.000299573
0
0.000504524
5.18976e-07
0
0
0
3.24622e-05
0.000527348
0
0
0.000323827
7.66485e-05
0.000588674
4.20207e-05
6.73036e-05
0
0.000517545
0.000145995
0.000137621
0
0.000397055
0.000992149
5.45056e-06
0.000369196
8.37004e-05
0.000188458
0.000111597
5.86802e-05
0
5.79803e-05
0.000158816
0.00013872
0.000461513
0.000885489
0
0
9.24479e-05
0
5.09907e-05
2.34964e-05
0.000233495
8.01271e-08
0.000139737
0
0.000736605
0.000691132
0
0
3.62455e-07
0
3.0737e-07
0.000571709
0
8.69312e-05
9.78923e-07
6.31047e-05
0.000995259
0
0
0.00112231
0
0.000106519
4.18248e-09
3.44392e-09
0.00118633
1.45368e-05
0.000373024
0.000849028
0
0.000179317
3.60908e-05
0.000124693
8.8168e-06
0.00109825
0
0.000179672
6.96926e-10
4.83914e-09
8.66377e-10
0
2.54857e-06
0.000127766
0
0.000235119
4.2836e-05
0.000730597
0.000443101
0.00117952
1.47517e-05
0.000331778
5.12052e-09
0.000203753
0
0
4.0883e-07
1.24852e-09
4.20343e-06
3.68051e-08
0.0001046
0.000193198
0.000252431
0.000402251
9.01717e-06
0.000252192
0.000753583
7.37735e-05
0
1.20042e-06
0.000617042
0.000234876
4.16806e-05
0
0.000163772
0
1.53137e-08
0.000820233
0.000937796
7.49524e-05
0
0.000790979
0
0.000313532
0.000542415
0
0.000805861
0.000868354
0
0.000672845
0.000505546
0.00039824
0
0.000808938
0
6.97364e-05
0.00043193
7.30269e-05
0
0.000844867
0.000158791
6.29623e-08
0.000369819
0
0.00109355
0
0
9.70876e-05
0.000781555
0.00033303
0.000338021
0.00113669
0.000179314
0.000121465
0
0.00122375
0
3.23468e-05
1.15407e-09
0
5.54334e-08
7.45981e-10
0.000133499
0
2.28623e-05
0
1.78155e-07
0.000238821
0.000717295
0.000724367
0.000768203
1.21045e-07
0.000874868
2.11264e-09
0.000183962
0
6.78886e-07
0
0.000200579
0.000346065
0.000706798
0
0
1.37635e-06
0.000608333
0.00120081
0
0.000662443
0
0.000243342
0.000730473
9.9956e-06
6.42089e-05
0
0.000117318
2.75944e-06
0.000281136
0.000308851
0.00119059
0.000211032
0
0
0.0012993
1.37243e-06
1.17685e-09
0
0
3.59943e-08
0.000131015
0
0
0.000427173
7.69861e-05
1.30442e-09
0.00105871
9.50113e-10
0.000282121
0.0001041
0
0
1.51796e-06
0.00115772
0.000300719
0.000460377
2.65096e-08
1.82727e-07
0.000671281
4.44734e-09
0.00054907
0
0
0.000695589
0
8.5327e-08
0.000554014
0.000357813
0
0.000675695
0.000157011
0.00109022
0
2.09503e-05
8.32011e-06
2.26383e-07
0.00121198
0.000225603
0
0.000751343
0
0.000127467
0
4.99933e-09
0.00109671
0
0.000837929
0.00020766
3.79278e-08
0.00107002
0
0.000158839
2.35927e-05
0.000290119
0.000155505
8.06185e-05
7.48921e-05
3.42076e-05
2.09158e-08
0
0.000869423
1.93835e-05
0
0
0.00127578
0.000324656
0
0.000164346
0
1.88421e-06
0.000570415
0.000274189
0.000543753
0.000837571
3.46431e-05
0.000451962
0
0.000267722
0
0
1.95084e-07
0
0
0.000235336
1.45748e-06
0
3.82313e-05
0
7.43703e-05
0
0
1.16339e-07
7.38488e-07
0.000745612
0.000184181
0.000207344
0
0
0.000607411
1.44216e-07
0.000125263
0.000444843
3.94492e-07
0.000127363
0.000159039
0.000488849
1.49859e-07
0
0
0
0.000243026
0.000295568
0
9.2227e-09
0
0.00109989
0
9.14728e-05
0
8.27564e-09
0.000599997
0
1.22409e-06
0.000949967
0.000751259
0.00126537
2.13816e-07
0
0.000613389
0
7.35974e-06
0.000171655
0
0.000666041
0
0.000430873
0.000341386
0
6.69464e-09
2.64988e-06
0.000116123
0.000504197
0
0
0.000838924
6.18971e-07
0
0.00061579
0
0.000184937
0
0.000594448
6.80516e-08
0.000447383
9.16278e-05
0
9.33763e-06
4.0943e-05
0
1.47715e-08
0
0.000285745
0.000630263
0
2.26694e-06
0
0.000839467
0.000127716
6.8581e-10
0
0.000577059
6.48115e-09
0.000555473
0.000848516
0
2.63847e-08
0
0.000589836
0.00114886
0.000266013
0.000418606
0
2.29271e-06
0.000342534
4.94438e-06
0.000865997
0
0.000408461
0.000414151
5.92717e-06
9.09435e-06
0.000664837
0
0
0
3.26298e-05
2.36441e-05
0.0008676
1.62209e-05
1.89724e-06
3.30202e-08
0.000823129
3.66637e-07
0
0.000780414
3.4415e-08
0.000277354
0.000885904
0
0.000139528
3.27321e-05
0.000312252
0
2.61113e-05
0.000482424
0
0
1.36558e-08
0.000600069
0.00013818
0.000161512
0.00101838
8.23568e-05
0.000358718
0.000221306
0
0.00116547
0.000438542
1.09174e-06
2.21537e-05
0.000992005
0.00117366
0
0.000366455
0.000187607
0
5.30121e-05
0.000215539
0.0011598
0
0.000516418
0
4.92569e-05
0
0
6.73601e-06
0.00128691
5.04464e-08
0.00103003
0.000469392
0
0.000797914
0.000783341
0.000269536
4.09061e-09
0.000170287
0.000729868
0
0
8.82712e-09
0
0.00018433
0
0
0.00076356
0.000484963
0
0.000215668
7.55066e-07
0
0.000256143
0
0.000734332
0.000646119
0.000515067
0.00073465
0
0.000151104
4.16635e-06
0
0
5.17805e-05
1.05962e-05
0.00055665
0.000480033
3.61698e-07
0.000628388
0.0011318
0
0
9.37373e-05
0
0
0.000577983
0.00106775
1.62598e-05
2.96893e-05
0.000390706
1.11031e-08
0
0.000123458
2.21239e-05
0
0
0.00040124
0.000526546
0.000538821
1.18711e-08
1.23288e-09
7.88212e-05
0
1.41233e-06
4.52514e-08
5.51713e-05
0.000223083
8.30361e-06
0
0.000628887
0.000265817
9.47248e-10
1.88159e-09
0.000711097
2.75478e-08
0.000998604
0.0012344
0.000199812
0.000441684
9.13601e-06
0
3.8644e-08
0.000613933
3.61485e-05
0.000594007
0
0
0
1.91006e-05
9.68257e-05
0.000371531
0
0.000327621
0.00016973
0.000700877
0
0
1.01913e-08
6.12169e-07
0.000596648
0
0.00114428
0
7.2869e-05
6.21028e-05
7.87577e-08
0.000843413
0.000216991
5.12034e-09
0.0004759
7.65565e-06
0
0
0.000311778
0
0.000627021
0.000368462
0
0.000603846
0.000327319
0
8.85499e-08
0.000695509
0.000679764
0.000318487
0.000148835
0.000251874
0.000582525
0.00043142
0.000342414
0
0.000147847
0
0
0
0.000178302
3.78637e-09
0.000480522
1.1273e-06
0.000386355
4.65017e-08
0
0
0.000346305
0.000834982
0.000951951
0.000125993
9.78154e-05
0.000503611
0.000167159
0.000139414
0
3.28919e-09
0.000368172
0.000744568
0
2.00513e-07
0.000443166
4.04532e-08
2.94853e-06
0.000339011
4.9435e-06
0.000333338
0
3.1161e-06
0
1.20716e-09
0
0.00066258
0.000280986
0
0
0
0.000112339
2.08777e-06
0
1.4599e-07
0
0
0.000172673
1.33359e-09
0.000211244
0.000422914
0
0.000481584
0.000259673
0.00103229
1.10627e-06
0.000466043
0.000313763
0.00020164
0.000683093
3.12749e-10
0.000943063
0
0.000120065
0.000889427
0.00049735
0
1.88448e-07
0.00012772
0.000944799
0
3.8561e-07
0.000261573
0
0
2.68716e-05
0.000253474
0.00011263
9.71144e-05
7.58654e-05
0.000315747
0.000148235
0
3.50132e-07
2.36886e-08
0
7.65991e-05
0.00045946
0.000702112
0.000415078
0.00105752
0.000129534
0
4.26034e-09
8.6942e-05
0.000189808
0.00023912
0
1.27271e-09
0.000479282
0.000710498
0
0.000678305
0
0.000341766
0
7.24337e-06
0.000806287
0.000537577
0.000330598
0
0.000243546
1.67364e-05
0
0
0
0
0.00097739
0.000900597
0
0
9.62951e-05
0
0.000120223
1.08183e-06
0
0
0.00108297
0.000110241
0
0.000608404
2.83344e-07
0
0
0.000412518
1.41888e-09
0.000864086
0.000799756
0.000108383
1.10418e-07
0
0.000194325
0
0.000506202
0
0.000482829
0
0.00112928
0.000788348
0
8.91121e-08
0.000248343
0.000895893
0
7.99338e-07
3.29758e-09
0.000458642
0
0
0
0
0
3.17571e-05
0
0.000567923
0
0.000176109
0.00011631
1.7857e-05
0.00114043
0.000155605
0
0
0
8.85154e-06
0.000769766
0
0.000672678
0.000268366
0.00128482
2.6143e-09
0.000504652
0
0
0.000360966
7.41899e-07
1.58443e-06
0.000664134
9.35792e-06
0
0
0.000230345
0
0.000713417
0.000816452
0.000520367
0
5.7256e-06
3.67686e-07
0.000884327
1.58441e-06
0.00071215
0
0.000401235
0
0.000561254
0.00065897
0.000827599
0.000410669
0.000396358
1.14399e-09
0.00120391
2.30369e-08
0
0
0
0.00103308
8.27888e-09
0.000147314
0.000164034
0.00114501
6.61669e-06
0.000137721
8.43176e-06
0.000392066
0.000142005
0.000248703
0
2.85776e-08
0.000337467
9.45205e-05
0
7.30384e-09
0.000127328
0.00085348
0.000343941
0
0.000563905
5.19461e-06
0.000393681
0.000137212
7.76633e-05
0.000127402
0
0.000612402
0
0.000132626
4.72885e-07
2.0342e-08
0.000376579
0.000338258
0.000213087
0.000111166
5.13865e-08
0.000486373
0.000219481
0.000232542
0.000653646
0.000125342
2.34155e-06
7.19621e-06
0
0.000160509
0.000432024
0.000249118
2.49001e-06
0
7.40633e-05
0
0.000596799
0
0
6.48076e-07
4.84536e-05
0.00109565
0
0.000231098
4.36426e-05
0
7.14873e-05
7.5376e-05
0
0.000934558
0.000889837
7.77232e-07
0.000413258
0
0
0.000438017
0.000218851
0.000111049
0
0
0.000914124
5.49656e-06
1.49074e-08
6.9357e-05
0.000201155
0.000485373
0
0.000781231
6.0499e-05
0
0.000846346
0
7.99524e-11
6.66559e-05
2.50306e-07
8.87867e-10
0.000119352
0
0.000114387
8.97538e-09
4.45638e-05
0.00111327
0
0.000861673
0.00015081
0.00100249
0
0.000327877
9.36904e-05
5.55212e-09
0
0.000256226
0.000308079
0.000187278
0.000261333
0.000438359
1.1156e-06
0
9.60157e-05
0
0.000669491
0
0
0
9.53924e-05
1.95081e-07
0
8.954e-05
0
0
0.000126685
0.000551636
0.000697486
0
0.000156819
0.000415958
3.19683e-07
0.000351267
2.28798e-05
0
2.33477e-06
1.90737e-07
0
0.000906423
0.00056298
0
0
0.000798077
1.4048e-05
0.000796348
0
0.000326407
0.000357388
0.000425979
1.29627e-10
0
0
5.17895e-05
0.000403869
0
0
0
0
0
9.63273e-08
1.82153e-05
8.67539e-05
0
0
0.000214143
5.42997e-06
0
0.000342884
0
0
0.000458158
2.14596e-09
0.00106374
0.000823303
4.31567e-05
5.98948e-07
2.07329e-09
5.36632e-07
0
0.000458991
0.00116724
5.80689e-05
1.76961e-07
0.00115992
0.000106982
0.000888325
1.23127e-06
6.05411e-07
1.91198e-05
0.000635901
0.000591409
1.44604e-07
1.1359e-08
9.62706e-07
0
0
0.000803969
0.000357376
5.36304e-05
0.000271341
5.31806e-05
0.000598748
0.000411013
0
7.0875e-07
0.000199547
0
0.000308176
9.50529e-07
0
1.34507e-05
0.000425811
0
0
8.22511e-11
7.68234e-05
4.6107e-05
0.000234916
3.36312e-07
0
0.00026407
6.52796e-05
0
4.50455e-05
0.000392229
0.000123614
0.000904009
1.00292e-05
0.000538327
0.000737357
0
0.000197787
0.00028189
0
0
0
0.00104445
0
0.00095204
1.38625e-09
0.000270196
2.61193e-06
4.48582e-05
6.91934e-06
0
0
0.000681768
0
0
0.000226146
0.000898145
0.000237116
9.82691e-10
5.73407e-10
0
0
0
1.70374e-06
4.37942e-07
0
0
0.000585191
0.000202922
2.00261e-07
0.000747443
0
0.000874092
2.13755e-05
0.000396661
1.87892e-08
0.0004587
0
0.000762769
0
0.00112395
0
0.00127346
0.00109286
0
0.000516593
0.000294102
2.05719e-05
0.000313497
0
0.000539967
0
0
0.000338421
0.000442328
0
0.000246008
0
5.65787e-07
0.000589495
0
1.3645e-05
0
1.57054e-08
0
0.000974517
0.000229844
0.000223368
0.00101709
0.000292598
0
0
1.48888e-07
0
0.000331967
0.000551288
7.69005e-05
1.19184e-09
0
0.00035485
5.69724e-05
6.88519e-05
0.000258945
3.90273e-06
0.000254386
0.000132275
0.000856697
0.000260562
0
0
0
0.000485938
0.000255562
0.000912312
0
0.000100628
7.22184e-05
3.395e-08
0.000378106
0.000392817
0.000113556
4.88126e-05
2.86814e-05
0.0006406
1.27583e-05
1.95007e-05
5.48033e-05
0.000552615
6.85537e-10
0.000156329
0
0.000491885
0
5.17613e-10
2.29467e-08
2.08184e-06
0
5.46212e-05
0
3.36912e-09
3.33226e-06
0.00037283
0
0.000627377
0.000134448
0
0.000534899
0.000764207
1.44244e-07
0.000416507
3.77478e-08
2.28293e-07
7.07801e-06
0.00036711
0.00014635
0
0
1.41616e-07
0
0.000493536
0
0.000821901
1.37072e-06
0
0
5.48846e-08
2.22821e-07
3.35945e-05
0.000252797
0.000647088
0
0.000171224
0.000729867
2.07601e-05
0.000363097
1.02088e-09
0.000185752
0.000376307
0.000687093
0
0.000244763
0.000228734
0.000154108
0.000957374
0.000660517
0
0.000910926
0
0
0.000479038
0.000383527
0.000875737
0.000555631
0.000212152
0
0
0.000558208
0
0.000772684
0.000509194
0.000404789
0.000602467
0.000708812
0
3.81815e-08
0
0
0
0.000140686
0
0
0
7.31311e-08
0
0
0
0
2.67917e-08
0
3.50964e-07
0
5.358e-08
0
0.000633048
0.000119616
0
5.38439e-07
0.000691569
0.00074633
0.000592349
5.49177e-06
6.61583e-05
0.000339328
0.000421138
0.000327398
0.000236474
0.000831913
0
0.00023627
0
0.000317339
0.000325224
0
0
2.53277e-07
0.000924518
0
0
0.000269216
0.000189053
8.35662e-06
2.45256e-07
0.000728084
0.000415855
4.13998e-05
0
5.1702e-05
1.06372e-07
0.000219749
3.11602e-08
0.000266314
0
3.70777e-05
0.000275112
0
0
0.000662472
0
0
0.000161426
0.000670665
0
0
0.00111133
7.77355e-05
0
0
0
0
0.000549105
0
1.50193e-09
2.31649e-08
0.000822951
0.000448574
3.89063e-05
8.01321e-09
0.000723683
0
0
7.46693e-07
0.000811671
0
0.000339619
0.000204319
4.51435e-05
0.000239028
0
0
0
0.00029191
1.19414e-07
2.3893e-05
3.82027e-05
6.68669e-07
0.000254249
5.84247e-05
0
0.000142985
0.000792603
7.40654e-05
7.66255e-06
3.76348e-06
0.00038208
0
0
0.000302181
1.92163e-08
0
5.71642e-06
0
0
0.000110945
0.000244065
1.05385e-05
0.000107377
0.000517215
0.00101573
6.67214e-05
2.4836e-06
0.00116267
8.85053e-07
6.6241e-05
1.71273e-06
6.2568e-07
4.57731e-06
0.000251854
0
3.17923e-05
2.94569e-05
0
0.000757503
0.000200124
7.45615e-05
0.000125702
0
0.000151501
0
0.000902606
0
0.000160244
0
7.9242e-08
0.00116783
0.000331894
0
0.00102058
0.000622164
3.83988e-05
7.37282e-06
0
0.000103364
5.73195e-06
0.00114699
0.000343536
0.000210688
0
0
3.16448e-06
0.000848885
3.08457e-05
3.1571e-10
7.03842e-05
5.54368e-06
0
0.000529995
0
0
1.35595e-09
2.38995e-05
0.000326299
5.32909e-05
0.000565632
3.51623e-10
1.11222e-05
0.000469964
0.00041491
0.00114525
0
0
0.000272541
0.000444995
0
0.000327834
4.54322e-05
0
0.00034694
0.000218883
0
0
5.36704e-05
2.06667e-07
0
0.00111763
0.000389592
0.000227551
0.000716633
0.000584955
0.000498451
0
0.000474647
0.00109895
9.62792e-06
0.000387528
0
0.000509241
0
0.000573093
2.03455e-05
0
8.55569e-09
6.39524e-09
0.000971822
0
0.000499241
0
0.000440786
0.000727805
0.000307087
0
0.000104993
0
0.000278332
0.000342344
0.00103802
0.00118535
0
0.000891019
0.000426936
2.086e-08
5.79243e-05
0.00109099
0
0.000257877
0.00031041
0.000607236
0.000525573
0
0.000506814
0.000109155
0.000337225
0.000363491
0
0
0.000126381
1.61387e-05
0
9.79758e-07
3.9928e-05
0
0.000897467
2.79381e-07
1.89773e-07
1.30212e-06
2.86851e-08
7.80984e-05
0.00021595
0.000183186
5.48212e-05
0.000631424
0.000452129
0
0
0.00111547
0
0
0.000284984
0.000190222
3.42204e-09
0.00020069
2.61073e-05
0.000160504
2.89921e-06
0
0.000595868
0.000184629
0
0.000114807
0.000167182
0
0
2.02729e-05
0.000497186
0.000412173
0.000969385
5.71275e-06
2.5885e-05
0
0.000114411
0
0
0
0.00015497
0
0.000247399
0.000458231
0
0.000616684
0.000460422
0.000126314
4.61089e-05
9.87606e-05
0
0
0
0.000299286
0
0
0
0.000355066
0.000180514
0.000100586
0.000197038
5.77591e-05
0.000629344
0.000760477
0
0.000488179
0.00107253
2.51055e-07
1.81506e-09
3.1664e-08
0
0
0
0
6.67822e-10
4.54989e-09
0.00118592
0
0
0.00112027
4.37118e-07
1.43092e-07
3.23588e-08
0.000888148
0
0
0.000646347
0
0.000579727
0.00071937
0
0.000118187
0
8.77047e-05
0.00024484
5.56031e-05
0.00100076
0.0010377
0
0
0.000349831
0.000831262
0.00019853
4.07747e-07
0
0.000238233
0.000698278
0.00106275
2.86141e-09
0
0.000474218
0
0.000258527
0.000580028
4.19978e-10
0.000274912
7.75825e-09
0.00114469
1.14288e-09
4.40882e-06
0.000391059
0.00116269
0
0.000129366
0
0.000423654
0.000656905
0.000734678
0.000972235
0
0.00020829
0.000707567
0
0
0.000502118
1.27158e-08
9.68454e-05
0
0
0.000375801
0.000444035
0.000829482
3.45851e-05
0.000113567
6.00898e-05
0.000592843
0.000716344
0
2.26174e-05
7.44703e-05
0.0010567
5.07061e-05
0.000922652
0.000373353
0
0.000477107
0.000197728
0.000222295
1.48294e-07
0
5.84936e-05
0
0.000419752
0
0.000649401
0.000157699
0
0
0.00079395
0.00011336
0
0
0.000643283
0.00011613
0
0.000824128
0
0
1.09592e-08
0
0.000189033
0.000183599
0.000105626
9.75684e-10
0.000970282
0.000590063
0.000527231
0
0.000376758
1.06611e-06
0.000407088
5.77596e-09
0
0
0.000310319
0.000139688
0.000158532
0
0
0
2.69819e-05
0
0.000764252
0.000310182
0.000489678
1.62546e-08
8.06076e-05
2.20447e-05
0.000995163
5.85784e-08
2.92457e-07
0
3.98323e-10
0.000607699
0.000548662
0
0
0
1.24705e-06
0.000433171
0
0
0.000473896
0.000633669
2.20679e-07
3.22018e-05
3.80215e-10
0
0
0.000230862
0.000324923
3.2632e-06
0.000115373
0
0.000282725
1.15421e-07
0
0.000128123
0
0.000376842
5.64172e-05
0.000665811
2.18926e-05
0.000855188
3.39373e-07
0
0.000175282
0.000221962
0.000437189
1.19229e-05
0.000541953
3.05934e-06
0.000204636
0
0
0
7.33955e-05
6.325e-06
0.000432619
0.000538646
5.54327e-05
0
0.000594584
0.000582473
0.000508209
0.000113189
0.00045297
0
0.000219108
0.000582247
4.68151e-05
0
0
0
8.16708e-07
0
0
0.000468449
0.000415923
1.65884e-05
1.62912e-09
0
0.000404242
0
0.000601273
0.000686186
8.54062e-05
0.00039324
0
0.000357447
0.001014
0.000219965
7.47904e-05
0.00120776
3.27348e-06
0
2.82599e-05
0.000972196
1.22145e-06
4.26464e-05
0.000499989
0.000333597
4.81691e-08
0.000469371
1.87349e-08
0.000879404
0.000108439
1.61319e-08
0
7.27935e-07
8.75527e-05
0
0.000475008
4.48399e-08
6.14112e-08
0
0.000779372
0.000922344
0.000723509
0
3.99343e-07
0.000192607
5.99338e-05
0.000855958
0
9.36827e-05
0.000797623
3.847e-09
0.000839614
2.28411e-06
0.000304726
0.000392121
0
0
0.000158656
0.000661492
0.000191264
0
0.00070787
0
0.000110771
0.000148026
0
0.000746814
2.60933e-07
0.000738824
0.00109939
0
4.86334e-05
0.00127334
6.19232e-05
2.64177e-05
0.000196174
0.00111645
0.000305579
0
0.000328798
1.88554e-05
4.45851e-06
0
1.69847e-05
0
0.000881596
0.00045281
0.00034298
0.000668395
3.47396e-08
0
0.000952365
5.82602e-05
1.61247e-05
4.20277e-05
0
0.000290069
0.000845019
1.69646e-07
0
0.000969898
8.5206e-09
0
4.03897e-06
0
0.00077727
0
0.000550898
6.02055e-07
0
0
0
0
0.000386651
8.36313e-08
0
4.86994e-06
0
4.70176e-07
1.09962e-09
1.40185e-05
0.000183015
0.000852714
5.73275e-10
0.000465976
0
1.37275e-08
0
0.00123635
5.79643e-05
0.000245419
0
0.000318753
0.000671198
0
0
3.35226e-09
0.000780837
0.000411923
0.000607475
2.05618e-09
4.36408e-07
0.00108087
0.000507406
0.000310995
1.305e-06
0
0
7.1996e-05
7.89338e-05
0.000515947
0.000350242
0.000711524
1.23464e-05
0.000596266
0.000276399
0
2.38674e-07
0
4.70413e-05
8.24309e-06
0
1.2598e-05
0
0
9.0093e-10
2.91235e-05
9.06187e-05
0
8.06351e-05
0
0.00033504
1.67492e-06
0.000339596
1.07595e-05
0
8.20592e-11
0.00124863
0.000110127
2.34581e-05
2.72184e-08
0.00027899
3.97816e-05
0.000160365
9.51297e-10
0.00078388
0
0
0
0.000309863
0
0.000415573
0
0.000843428
0.000505703
0.000172238
0.000213721
4.33598e-10
0.000369057
0
0.000726457
0.000332081
1.24392e-09
0
9.78436e-06
2.94296e-08
1.01196e-07
2.0371e-09
0
0.000379698
0.000745338
4.51975e-10
0.00111986
0.000628067
0
0
1.21574e-09
2.43619e-05
0.000327212
0
0.000524043
0
0.000371594
0
0.000214692
0.000112762
0.000258458
5.10606e-06
0
0.000757029
0
0.000130667
2.02326e-06
0
6.28382e-10
1.40992e-06
0
0.000888219
0.000162622
0
1.83151e-05
2.41636e-05
0.000219766
1.02806e-09
0
0
0.000381266
0.00062986
0.000485427
0.000692764
0
0
0.0009223
4.52819e-05
0
0
1.56259e-07
0.000546662
0.00031824
0.000929783
1.56489e-05
0
0
0
0.000599098
4.84824e-08
0.000198338
0
0.000377318
0
0
0.000142442
0
5.9468e-05
8.40075e-06
7.19566e-06
1.63507e-05
0.000607627
0.00100268
0.000342666
0
1.83015e-08
0.000323233
1.48406e-05
0
0.000798005
0.00014306
0
0
0.000213837
0.000249802
2.7838e-08
5.03532e-08
2.90759e-07
7.472e-05
7.94942e-09
0
0
0
0.000213333
0
0
0.000809658
0.000508763
0.000462232
0.000472379
0
0
3.43215e-06
0
0.00132052
0
0.000244986
8.31558e-08
0
0.00030995
0.00100362
6.7021e-05
8.64359e-05
0
9.5462e-05
0
0.000363116
0.000755946
0
0
0
0.00019051
5.9943e-05
0
0.000638931
0
0.000599615
0
0.000187056
0
0.00121139
0
0.000227984
0.000887761
1.6025e-06
4.37566e-08
0.00109537
0.000529068
0.000954014
3.22618e-07
3.9845e-10
0.000645607
0.000101296
0
0.000259778
0.000128364
0.000197962
0.00109099
1.62802e-06
3.74625e-05
0.000316315
0.000730105
0.000251442
1.75087e-05
0.00102196
0
0.00030119
3.36306e-06
0.00102682
0.000599526
1.0415e-05
0
0.000122532
4.9373e-07
0.000202213
0.000101178
0
0
0.000860013
0.000115538
0.000616913
0
0
6.48324e-08
0.000141928
0
5.13323e-09
5.28067e-08
0
0.000426145
0.000827042
6.32572e-09
0
0
0.00021066
2.84364e-09
1.35142e-08
2.8163e-05
0.000255064
0.000349007
0
0.000509398
4.77586e-06
4.23483e-05
0
0.000651522
0.000844888
0.000629142
0.000287188
3.81995e-09
0.000252235
0
0
0
0
4.71191e-05
0.000210223
6.85968e-06
0.000155981
0.000195687
3.81286e-08
0.000145059
0.000186725
2.7237e-06
0.000557166
0.00013829
0.000252771
3.91527e-08
1.93791e-08
0
0.000808517
0.000237175
0.00054688
0.000628895
4.57062e-06
0.0012371
5.77089e-05
4.19971e-05
0.000482179
1.18246e-07
0
0.000413268
0.000458349
0.000147107
0.000342178
6.09373e-06
0.000814591
0
0
1.82739e-08
0.0011206
0.000330463
0.000384684
9.08061e-09
0.000193494
0.00106287
0.00106421
8.11452e-06
0.000931935
0.000186617
0.00070185
0.00086882
0.000394024
0
4.56654e-05
2.8581e-06
2.94132e-05
3.20507e-07
0.000569898
0
0.000443481
0
0.00078904
2.24273e-07
0.000339378
6.24309e-05
0.000423933
0.000918401
0.000167835
0.000673598
0.000535486
0
0
0
0.000429914
0.00101062
0.000723046
0
0
0.000556339
8.25346e-05
0
3.23102e-06
1.79185e-07
0
0.000111378
3.37246e-06
0
0
0.000259434
0
0.000600179
1.44573e-06
0.000105214
0.00026663
2.634e-05
0.000888866
0
0
0
0
0
0
0.000315382
9.24806e-06
0.000718678
0.000947142
0
0.000635044
4.8823e-07
0
0.000950719
0
1.63611e-09
0.000160796
0
0.00046033
0.000771562
0
0
0.000119238
0
0.000657548
0
0
0.000940578
0.000883447
0
0
0.00097021
0.000758684
0.000975951
0.000123347
0.000488436
0.000222528
1.54669e-07
8.81371e-05
0.000448381
6.8463e-05
6.73581e-06
0
0.000182171
0.000144335
0
0.000318142
0.000227435
0.000991212
0.000408787
0.000415323
2.21363e-05
0.000112628
3.47953e-08
0.000316156
3.3675e-07
0.000494518
0
5.82658e-09
1.03458e-10
9.20947e-07
0.000341961
2.11787e-09
0.000380995
1.33644e-05
0.000800222
0
2.76886e-06
0.000145702
0.000100465
0
2.49189e-09
3.0657e-05
0.00030676
0
0
0
1.74679e-06
0
0
0.0005215
0
0.000432078
0.000451622
0
7.29215e-05
0.000959986
0
0.000144075
0
9.91752e-10
9.12206e-10
0
0
3.19122e-08
0
0.000147973
1.69533e-09
0.00010988
2.90722e-08
0.000638104
0
0
1.31433e-06
0.000135742
0.00104321
0
3.59801e-09
0.000447123
0
7.38323e-05
4.01472e-05
0.0011345
0
3.77994e-05
0
0
7.62875e-08
0.000541169
0.000212033
2.47034e-09
2.47827e-07
4.0825e-08
0.000998514
4.59196e-05
0.00078147
0.00010693
1.49447e-08
1.84313e-06
8.02635e-08
6.85075e-07
0.000309638
0.000643712
0
0
0
0
0.000104581
0.000239712
0.000149641
0.000824647
0
0.000218753
0
0
5.64868e-06
0.000623986
0.000531047
0.000107607
0.000196496
0.000185085
0
2.02961e-05
0
0
0.000920532
0
0.000904198
0.00126017
4.87371e-05
1.92049e-09
1.87624e-08
6.13604e-08
0.000106151
4.13713e-09
0.000194895
1.65213e-05
0.00112264
0
0
0
0
0
0
0
0
2.58935e-09
0.000265338
0.000844004
0.00108855
8.67641e-06
0
0
0.000203872
0.000695166
0
0.000281413
0.000290645
3.48778e-05
3.65338e-05
0
0
9.74255e-05
6.77824e-05
0.0010042
0.000306964
2.34065e-05
0.00040441
1.15226e-05
0.000668569
1.45171e-07
0.000366258
0
0.000640368
0.000333153
0.000388715
0.000336223
0
0.000865416
0
0.000149052
2.66443e-06
0.000509261
0.00124258
0
4.10059e-05
0
0
3.87116e-05
1.51599e-08
0
0
0.000567019
0.000188925
0.000278322
0.00086986
9.29641e-05
0.00131698
0.000147228
0
0
0.000902136
7.88422e-05
0.000202213
2.39706e-05
0.000959126
0.00104668
0
6.74968e-10
0.000578192
0
7.60599e-05
1.88252e-06
0
0.00026194
1.03892e-06
0.00115678
1.12509e-05
0
0.000676684
3.1675e-05
3.12658e-08
0
0.000914044
0.000811534
1.88061e-07
2.92631e-08
0.000289806
0.000801977
0
0.000787291
0
0.000840947
1.22094e-08
0
0
0.000644034
6.71304e-07
0.00121697
0
7.06919e-08
2.83877e-07
0
0.000384671
0
0.000746269
9.48942e-09
0
0.000182096
6.18467e-05
0.00103859
5.14477e-07
0
5.02666e-05
0
0.000885071
0.00033629
0.000201418
9.78238e-06
0.00124491
2.57899e-05
0.000369565
8.24733e-08
0
0
0
0.000396264
0
0.00130566
0.000416136
0
0.000168792
0.000996065
0
0
0.00027047
0.000403755
0.000565546
0
0
0.000219257
0.000722934
2.66337e-06
7.22838e-08
0.000164422
1.32763e-07
0
0.000178201
0.000160777
2.13401e-07
5.15595e-05
0.000243356
0.000415381
0
0.000303796
0
0.000446864
0
0.000690774
0
4.23967e-09
0.000145868
0.000333637
0
0.00121412
0.000496289
0
0.000571701
0.000186694
1.19096e-05
2.58109e-06
0
0
0.000440294
3.52792e-05
0.000615685
0.000668883
4.32866e-10
0.000334007
4.91047e-08
0.000560858
7.5112e-05
0
0.000381944
0
0
2.71438e-07
0
9.19585e-05
1.50133e-07
0.000321317
6.30672e-05
5.67889e-06
0.000192431
0.000397962
0
3.99645e-05
0
0.000365179
0.000173864
0.000566017
0.000925911
0.000168267
0.000270862
6.91272e-05
0
1.17993e-05
0.000648906
9.11615e-08
0.000107456
1.72101e-05
0.000294422
5.15968e-05
0.000736142
4.01295e-07
0.000432018
0.000242993
1.84124e-08
0.000390834
0.000898641
0
0.000827804
0.000638879
0
1.94508e-09
0.000751251
0.00100165
0.000226138
4.84852e-07
0.000263975
0.000115961
8.84425e-05
0
0.000732428
0.000516376
8.34064e-05
1.05249e-07
0.000865294
0
9.12545e-06
0.000503998
3.88992e-05
0.000735339
7.79463e-07
0
2.62327e-06
0
0
2.32301e-05
0
0
1.92555e-05
0
0
7.63938e-09
4.46066e-10
0
0.000231557
0.000603707
0.00112972
0.000327457
0
2.13456e-08
0.000223564
0.000102816
0
0.000309707
0
0.000441985
0.000596294
0
1.40724e-08
1.88867e-09
7.14795e-05
2.6502e-08
0.000300966
5.72288e-05
0.000320498
0
3.96923e-07
0.00107141
8.46004e-05
0
0
0.000273708
0
8.60723e-08
0.000497024
0
0.000477628
0.000562568
0
0.00103137
1.3937e-09
4.22975e-06
4.42809e-05
0.000276036
0.000254862
0.00012552
0.000520218
1.22939e-09
0.00112115
0.000129813
0.000854403
0
0.00014603
0.00062609
0.000346965
0
0
0.000230591
0
0.000509112
1.43502e-06
0
2.93295e-08
1.78552e-05
2.32859e-05
6.08814e-05
0
0
1.02972e-08
1.64902e-08
3.44124e-08
0.000729696
3.38318e-06
7.9572e-05
0.000774935
2.48947e-05
0.000824703
3.94658e-10
0.000350005
0
0.000905808
2.06954e-05
4.94815e-05
0.000827576
0.000381705
0.000624297
4.09384e-05
0
0.000284184
0
0.000904431
0
7.90788e-05
1.23012e-05
0.000439101
0.000408276
0
0
1.10639e-05
2.45816e-07
0
0
6.46702e-07
7.1429e-05
0.000364231
0
0.000909719
3.14185e-07
5.76868e-05
8.39501e-10
0.000276243
5.71483e-08
0.000980865
8.65753e-05
0.000409485
7.63591e-07
3.5832e-05
0.000796622
0.000686581
0.000406873
0
3.85835e-06
0.000472199
0
0.000583164
1.48931e-07
0
0
6.97123e-06
2.34098e-05
1.81071e-05
0.000330293
0.000224105
0
0.000104406
2.69821e-08
5.20619e-09
0
0
4.03218e-06
0.000433146
0.000454311
0.000580089
0
0.000398863
0.000279475
8.04447e-05
1.24296e-07
2.27432e-05
0
0.000519753
1.16096e-07
0
4.40362e-08
0.000148002
0
2.29922e-07
0
0.000236637
0.000374617
0
3.44339e-06
0.000926608
4.28607e-05
0
8.89168e-07
0.000142333
7.2329e-05
1.06701e-05
0
0
0
0.000284415
0
0
0
5.07467e-07
0
0.000383232
0.000857878
0.000321046
0
1.35675e-10
0
0.000764267
0
0.00097527
0
0.000224682
0
0.00025594
1.59655e-05
1.16704e-05
0
0
0.000789281
0.000523877
0
9.80106e-05
0.000253451
0.000991356
0.000687958
1.20095e-09
0.000226607
2.78655e-05
3.58886e-09
0.0001459
6.04213e-05
0
0
0
9.44475e-05
6.50601e-05
0
0.00029597
0.000170822
2.87042e-07
0
0
0
0
0.000833053
0
0
0.000460448
0.000129977
0
0.000276316
0.0010913
0
8.85345e-07
0
2.75185e-05
1.4133e-06
0.000900757
0
0
0
2.7584e-08
0.000202692
0.000520234
2.46468e-05
0
1.10045e-06
0.000400583
0.000170768
0.000324444
0.0008785
9.21844e-05
1.81771e-06
0.000209033
3.24572e-06
0
6.64457e-08
0
0.00113005
1.12833e-05
1.88957e-05
0
0.00115671
0
0.000135714
0
0.00018157
0
6.64862e-07
2.35542e-08
0
0
2.28871e-08
0.000101536
0.000482507
0
0.000792184
0.000595235
0.000496398
0.000621123
0
0
3.24101e-05
0.000185613
0
0
0
0
2.7334e-06
6.56461e-05
3.45723e-05
0
1.67849e-07
3.21252e-08
0
0.000785914
9.00069e-05
2.87543e-09
0
0
1.38238e-05
5.94853e-06
0.000313173
2.09954e-06
0.000278166
0.000596151
0
0.000671318
0
0.000393131
0
0.000275835
0
7.09637e-05
3.40033e-10
0.000619565
0
0
0.00017819
6.45948e-05
0
0.000350982
0
0
7.74745e-05
0.00073919
0
0.000329064
0
0
1.8331e-08
0
3.19697e-05
0.000671645
1.04786e-05
9.87938e-10
0.000498602
0.000533092
0.000315553
0
0.000124188
8.17123e-07
5.91652e-07
1.55277e-05
0.000215022
0
1.066e-09
1.38887e-07
0.000113651
0.000663574
0.000464546
0
0.000551677
0.000138002
0.0010282
2.89745e-05
0
0.00111102
3.71498e-09
0
0.000299654
1.63783e-08
0.000135867
0
0
0
1.68173e-05
0.000385556
0.000222348
0
0.000427455
0.000473988
0.000191297
0.000906298
0.000592575
0
1.18676e-06
0
0.000201698
1.65784e-07
0.000483043
8.8217e-11
1.33148e-05
0.000408408
0
0
0.000713258
0.000333272
0.000572672
0.000526231
0.000551679
0
0.000589999
0
0.00113756
4.65527e-05
0.000811244
0
0.00062718
0.000755026
2.14324e-09
0.000253786
4.5465e-09
0.00106811
0.000821135
0.000132128
2.38849e-07
0.000613896
0
6.06724e-07
0.000406703
0.00039631
0.000447804
5.36816e-05
0.000106702
0
0
0.00120251
0
0.000110125
0.000850988
0.000288048
0
0
0
1.07007e-08
0.000863216
0.000179892
0
1.03376e-05
0
2.11218e-05
2.22831e-06
0
5.8572e-10
3.3859e-05
1.23213e-08
0
1.4054e-05
0.00108136
0.000263094
0
0
0
0
8.20743e-05
0.000112787
0
0
0
0
0
3.74167e-08
0.000612902
0
0.000919949
0
0
0
7.18308e-05
0
3.72133e-05
0
0.000960546
0.000176809
7.00513e-06
3.14043e-05
0.00101823
0.000705916
0.000595278
0.00107803
0.000158529
0
0
0.000586411
0.000269197
0
0.000599264
1.6856e-06
8.65221e-07
0.000428155
0
0
4.5737e-05
0
0.000787872
0.000197528
9.05394e-05
0.00011302
0.000668966
0
0.000201758
3.18003e-08
9.94029e-10
0.000402343
0.000102013
0.000618711
0.000179308
2.69889e-07
7.25466e-08
0.00117713
2.27673e-05
0
0.000137949
0.000497813
0.00017613
0.00110496
0.000238743
0
0
0.000989823
0
0.000306453
0.000538018
0
0.000191149
1.51181e-05
0
0.000186957
0
0.000517073
6.61006e-05
0
0
0.000160408
6.60207e-06
3.75258e-07
0.000547733
3.53592e-07
0
0.000125826
0
0.000157889
2.20916e-07
0.000149639
0.000400772
0.0001817
8.57156e-05
0.000652976
0
4.56835e-09
6.81024e-10
0.000264294
0.00100488
0.00110891
0.000375748
0.000267765
0.000803753
0.000534647
0.000298864
0
0
0.000180162
0.000163391
0
0.000471357
0
0
4.1019e-08
0
3.10785e-10
1.86896e-05
0.00080683
0
0.00112286
0
8.63614e-08
0.000310811
0
0.000978958
0
0
1.39373e-09
0.000485137
0.000182161
0.000587704
9.10105e-07
0.00110301
0
3.43174e-06
1.95104e-06
0.0008112
0.000219519
0
1.53711e-09
1.17233e-05
0.000561346
0
0.000411193
0.000389516
0.000409669
0
0
0.000512021
0.000484341
0.000352619
0.00050264
7.93547e-05
0
0.000289551
0
0.000445695
0.0011197
0.000148768
0
0.000608574
0
0.000196452
7.15936e-08
0.000458423
0.000207573
0
0.000953923
0.000747898
0.000225133
0.00104172
0.000162661
0.000192733
0
0
0.00113552
8.80958e-06
5.50072e-08
0.000127045
0.000413668
0
5.03841e-08
0.000957383
0.000263675
2.97646e-05
0
3.27724e-06
0.000193415
0.000419654
0.000865019
0
0.000818294
6.35852e-05
0
0
0
0.000153088
0.000197623
1.77264e-09
0
6.46805e-05
8.24753e-07
0.000650089
0.00029603
0.000610809
0.000506686
0.00101142
0.000791354
0.000103046
8.58672e-09
0
0.00107303
0
0
0.000111327
0
6.35103e-05
5.56358e-05
3.82853e-06
0.000201485
0.000185922
7.14157e-08
0.00107757
0.000778112
0
8.76305e-10
0.00104305
0.000192257
0
0
0.000857494
2.66182e-05
0.000254608
4.64947e-08
0.000208169
7.19243e-05
3.72918e-05
0
2.94476e-08
8.20181e-05
6.12306e-09
2.61348e-07
0.000893747
0.000231779
0.000126937
3.31961e-10
0.000636582
0.000425209
0.000116767
4.99161e-08
0
0
0.000623389
5.50421e-07
0.000851314
0
0.000298949
0
8.33523e-09
0.00070937
0.000587044
0
0.000214299
0.000723862
0.000827206
1.3409e-07
0.000409339
0
0.000613901
1.95975e-07
2.15164e-05
0.000114732
0.000295148
1.92004e-07
0.00110888
0.00062648
0.000191576
6.13274e-07
0.000401274
0.0011073
0
5.83888e-05
0
0.000195042
8.77374e-05
0
0
0.00100469
0.000213311
2.81176e-05
0.000387195
0
0.000210865
0.000799908
0
9.61896e-11
0
0.000262605
0.000113363
3.35342e-09
0.000191835
2.6004e-05
1.86496e-07
2.75485e-05
0
2.90115e-08
1.08773e-08
0.000614774
0.000593075
0.000236418
0.000127928
0.000663316
0.000118382
1.59644e-08
0.000714481
0.000271493
0.000958301
0
0.000131826
0
0
0
0.000545065
0.000912311
0.000303954
0
0.000266704
0
1.09688e-07
0
0.000111986
2.88535e-05
0
9.52154e-07
0.00028519
3.98633e-06
6.97621e-07
0
0
0.000408644
0.000680737
1.45028e-06
0.000290599
0.000463573
0.000104365
1.71007e-07
0.00019607
0.000242396
0.000525721
0.000216595
4.06119e-10
0
0.000962067
0.000656181
0.000194494
7.28605e-06
1.56812e-05
0
0.000128199
0.000957066
7.40374e-05
0
0.000816573
0.000360117
3.6142e-09
0
0
0
1.02576e-07
7.08213e-07
0
0
0.000520998
0
5.97773e-06
6.60319e-05
3.46934e-09
0.000750969
3.83224e-08
0.000702662
0
2.53047e-05
1.13313e-07
0.000266044
3.70171e-05
0.000739655
0
1.43412e-07
0.000771411
0
1.99649e-08
0
7.22815e-06
0
0.000135539
1.76061e-07
0
0
5.30285e-05
0.000895272
0
0.000454539
0
0
0.000300475
0.000105227
0.000349347
0.000175412
0.000560829
0
7.62431e-05
0.000959357
0
0
0
0.000248762
0
0.000533786
0.000976496
6.90186e-06
3.27124e-06
0.000180333
0.000104274
5.9358e-07
7.14844e-05
6.61992e-07
0.00106944
0
0.000208495
0
0.000273811
0.000404117
1.35076e-08
3.37404e-05
1.46221e-08
0.00028376
0.000364719
0.000580877
0.000286182
0.000478651
0.000904602
0
0
0
0.000402764
0.00050027
5.91873e-06
6.7865e-05
0.000376933
0.000332668
2.61293e-05
0
2.98927e-06
1.51389e-07
5.94726e-07
0
2.34255e-05
0
7.09863e-05
0
0.000283924
0
0
0.000670202
0
0.000774097
1.56766e-07
0.00100052
0.000525916
2.64213e-08
2.19019e-05
5.11148e-05
0
0
0.000818553
8.96054e-09
0.000174035
0.000846319
0.000168332
2.44535e-06
0.000717698
3.70439e-09
1.09082e-05
0
0
1.79494e-05
0.000189735
0.00067444
0.000317193
0
5.5787e-05
0.000263014
0
4.7375e-06
0.000257193
0.000768862
0
0
0
0
0.000882415
0.000126634
4.62056e-05
0.000597151
0
9.45228e-10
0.00084008
0
2.46613e-05
0
0.000888736
0
0
0.000157607
0
0
5.74875e-09
0
1.05156e-05
0
0.000258935
2.41232e-06
0
0.000158781
0
0.000179437
2.15997e-07
0
0.000537763
0.000444856
9.17176e-08
7.7679e-05
0.000221306
0.000339321
0
0.000109644
0.000397766
0.000216272
0
0
9.65744e-05
9.97241e-09
3.73669e-10
0.00057705
0.00043156
0
0
0.000398885
0.000710362
1.02959e-10
0.000790543
4.4414e-05
0.00132152
0.000110803
0.000425177
0.000665168
0
6.87924e-06
9.83552e-05
0
4.25471e-07
0
0
9.14151e-07
4.30342e-05
0.00056839
0
0.000646197
0
0.00103847
0
0
0
1.01107e-08
3.40612e-05
0.000294651
1.02493e-07
0
1.67448e-07
7.5175e-09
5.47487e-05
0
0.00039316
9.17663e-05
0.000207938
0
5.19742e-09
0
0.000690491
0.000582638
8.33512e-07
0
0
0
0.001028
0
1.43893e-05
0.000282464
0.000513504
0.000113825
0
0
0
0.000373316
5.22158e-11
0.000576219
0
0.000274795
8.37314e-05
2.3877e-08
0
0.000746193
0.00014422
0
4.53265e-05
0.000112803
0
8.22423e-05
0.00036888
1.22782e-06
0
0
1.70066e-08
0.000243246
6.41495e-05
0
0
0
0
0.00026086
0.000199795
4.92795e-05
5.11161e-05
1.25354e-08
0.000106297
0.000803212
0
0
7.21049e-05
1.62796e-05
4.3755e-05
0
0
0
0
0.00108625
2.12337e-06
0.000225211
0.000990002
0
1.4668e-05
0.000798558
0.000406281
0.000888425
0.000442306
0.000454333
0.000395173
0.00106648
0.000362903
0.00109186
0
0
0
6.69511e-05
0
0
0.000166127
0
0
0.000603025
0.000179113
0
0.000708058
0.000325543
1.82821e-05
0.000593527
0
0.000359319
8.49706e-08
0.000912846
1.43403e-09
0.0001847
0.00037912
0.000597785
0.000238258
0
0
0
9.96291e-08
0
6.85252e-05
0.00066941
0.000687277
0
0.000343012
0.000592821
0
0.000588252
0
8.99196e-07
0.000305654
0
0.000272522
0
0
1.37571e-06
0.000842955
0.000412369
0
7.16344e-05
0.000100765
0
0.00048748
0.000622927
0.000991535
0.000760969
0.000189504
1.92237e-05
0.00056363
4.66279e-05
0.000202222
0.000118343
0.000228975
0.000466576
0
4.5882e-06
0.000507714
0.000311645
0.000749382
0.000335884
5.42055e-08
0.000276862
2.40312e-08
0
7.26057e-05
0
4.82933e-09
6.72718e-05
5.28704e-05
0.000247132
0.00085597
0.000355219
0
0.000640219
3.7479e-08
0.000517545
0.000165619
6.79708e-05
0
3.43721e-07
0.000539682
0.000726171
2.02792e-06
0
2.67005e-08
3.59509e-05
0.000184608
0.000547055
0
0
0
0.000695577
3.55494e-08
0.000660535
0.000354217
0
0.000402682
0.000324286
0.000115354
0
0.000223615
2.59283e-05
0
0.000600031
0
0.000882581
0
0.000250882
0.000315496
0.0003361
0
0.000762613
6.16712e-09
0.000371819
9.46372e-08
1.68352e-05
0.000373368
3.13033e-08
0.000186787
0
3.41938e-05
1.56674e-05
0.000997093
0.000826155
2.358e-09
0.00025833
0
0.000226229
1.4023e-05
0.000368035
0.000207342
1.59813e-08
0.000696171
0.000246166
0.000215381
0
1.20715e-09
0
0
0.000294413
0.000133259
5.62245e-09
0
0.000550929
0
0.000149832
0
0
0.000492293
0.000714359
4.02553e-05
0
3.22782e-06
0.000306373
0.000865181
6.1296e-05
0.000354186
2.85121e-09
0
0.000794465
0
6.60747e-06
1.88288e-07
0
5.84846e-08
0
6.63528e-06
0.000839145
0
0.000915242
0
0
0
0.000712395
0
0.000263066
3.26199e-07
0.000461671
0.000673643
8.20242e-09
0
0.000138149
5.33631e-07
9.99688e-08
8.37447e-05
0.000678402
0
0.000254079
0
0
0
0.000369748
0
4.63733e-09
0.000736933
9.44802e-05
0
2.13011e-06
0
0
0
0
6.13144e-09
0.000495883
3.4046e-08
9.24165e-05
0.0011136
0
0.000930376
0.000891521
0.000537879
0.000813481
0.000436559
4.26149e-09
0
0.000417049
0
0.000524973
3.28693e-07
4.34746e-05
0
0.00031854
0
0.000160717
0.000810054
0.000332488
0.000476278
0.000161806
3.55838e-05
0.000576804
6.83337e-05
0.000861837
2.26933e-06
0
0.000224104
1.18019e-09
0
0.000107607
0
0.000162219
0
3.22221e-05
2.7766e-05
0.000211522
0.000944689
0.000310445
0
0
0.000217906
0
0.000285948
0.000523793
0.000162639
8.9317e-08
0.000216051
0
7.57424e-05
0.000629034
0.000718216
0.000221152
0
0.000655598
1.3042e-07
0
1.66104e-05
0
2.42889e-07
0
0.000304568
0
0.000254408
0.000237461
0.000138124
0.00084937
0
0.000174409
0
0
0.000173498
0
0
0
0.00068254
6.93158e-09
1.25813e-05
0
1.26013e-05
0
0.000399078
1.3273e-09
0
0.000670046
0.000237714
0.00033048
0
0
0
0
0
0.000269464
0
0
0.000206107
7.04631e-05
0.00026286
0
0
0
8.35878e-10
0.000864097
9.38485e-06
0
4.22623e-05
0.000362639
2.18496e-05
0.000353687
0.000209513
1.08653e-06
3.52994e-05
0.000334383
1.29606e-08
0.000104637
0.000382127
6.0014e-07
0.000759469
0
0.00086123
0.000418021
0
0.000128898
0.00044659
0.000806912
5.82267e-05
0.000400128
0
0
0
0.000681592
0
0
0
3.14531e-06
0
0.000849241
0.000136389
0
0
0
0.000141475
0.000395039
1.48154e-07
0.000147753
0
1.04612e-07
0.000511745
0.00121509
0.000258001
3.38269e-05
0.000222248
0
0.00077876
0.000116062
2.5666e-05
2.75119e-05
0
0
6.6458e-05
7.84072e-05
0
0
0.000700781
0
4.49435e-07
0.000483627
0.000412001
3.02012e-07
1.80439e-07
0
8.74914e-08
0.00014239
0.00026971
1.49892e-05
7.44255e-05
0
4.12989e-05
0.000162973
7.85938e-05
0.000252589
4.89497e-05
0
0
2.35478e-07
6.73711e-05
7.84671e-10
0.000432067
2.90625e-05
9.44518e-09
7.06123e-09
0
1.33968e-05
0
1.53259e-05
8.30203e-09
0.000800998
4.27197e-09
1.31934e-05
0.000638055
0.000392984
0.000157821
0
0
9.6565e-09
0.000166343
0.000629425
0
0.000179534
2.03338e-06
0
0
0
1.22218e-05
3.88652e-05
0
5.95822e-05
9.06451e-05
0.000367131
3.58596e-06
1.81592e-07
0.000501369
0.000270155
0
0.000561351
4.6247e-06
0.000445215
2.70256e-06
0
0.0001894
0.000194524
0.000165589
1.18253e-05
0.000367332
0
0
5.07374e-07
7.31239e-05
0
0.000103082
0
0.000309069
0.00010233
0
0.000775393
0.000783094
0.000316081
0.00046451
5.3189e-08
0.000229843
0.000586723
0.000584824
0.000624407
0
0.000859665
2.05407e-06
0.00037291
0.0004556
8.62334e-05
0
0
7.35406e-07
0
0.000157353
0
0.00076593
0.000963188
5.40946e-06
3.48238e-05
0.000277565
3.90681e-07
2.32987e-06
0.000225164
3.72704e-05
2.67735e-08
0.00069004
3.42608e-07
6.04759e-08
0.000422921
0.000139825
0.0004229
8.42427e-08
2.36243e-08
0.000476167
0
0
0
0.000101446
0
5.77842e-05
0.000697491
0.000539669
0.000441237
0.000222603
1.30532e-07
0.000439679
0
3.85347e-05
0
2.20766e-05
0
0.000363922
1.07287e-05
3.67481e-05
0
3.86073e-05
5.91747e-05
0.000526447
0.000644942
0.000502065
0.00011387
9.86281e-05
0
0.000286754
2.87042e-09
0
9.31694e-06
0.00100535
8.20776e-07
4.00722e-07
0.000382663
0.000478522
0
0
0.000858012
1.50232e-06
0
0.000458757
8.65475e-05
0.00103907
0
0.000415952
0.000542575
0
0
0.000237521
0
0.00101027
0
0.000966824
0.000735226
0
0.000258597
9.5136e-10
0
0.000100093
0.000134191
0.000691567
0.000356803
0.000164048
0
0
0.000856709
2.25281e-06
0.000635807
0.000158608
1.39506e-05
0
0.000136004
0
0.000701524
0.000704027
4.7841e-10
0.000382302
5.74083e-06
0.000373713
4.30918e-07
8.53222e-09
0
0
0
0.000643102
0.00025292
0
0
0.000697772
6.66416e-09
0
0
0
4.22388e-06
0.000495211
0
0.000177476
0.000204056
2.43958e-06
0
2.35769e-08
5.23762e-08
0
0.000353982
0.000236383
0
8.7761e-06
0.00064326
8.88542e-08
2.95913e-05
7.1477e-06
0
0.000156738
0
0.000759477
3.97183e-05
0.000585276
0.000968121
0.00113031
0
0
0.000691667
3.53746e-08
0.000514883
9.74327e-08
0.000519066
1.41447e-09
0
0.00119525
0.000635005
0
6.10732e-05
0.000408742
0.000889619
0
0.000581903
0.00124919
0
5.65447e-05
7.37739e-10
0
0.000221981
0
0
2.26542e-05
0
0.000245581
0
0.000741056
0.000157532
0.000118814
3.17086e-05
0.000162427
0
0.000620891
0.000955899
0.00118732
0.000591341
7.86438e-06
0.00067371
2.83614e-06
0
0.000338141
0
0
0
2.13724e-08
2.21e-09
0.000463963
0.000602525
4.78622e-06
0.000333052
0.000654935
0
0.000672109
1.00689e-06
0.000196988
0
0.000706731
0.000201751
0.000593641
0.00018675
0.00073874
0
0.00113337
0
0
2.53265e-10
0.000149988
0.000524368
0.000471112
0
0.00053547
1.37822e-07
0.000108759
4.64953e-05
0
0
0.000395635
0.00118159
0.000671892
1.39845e-05
0.000230011
0.00102166
0.000217832
4.02641e-06
0.000285129
3.43496e-06
0.000798581
0
0.000284101
0.000901962
0.00021053
0
0.000638751
0.000264627
1.27518e-07
0
4.1637e-05
0.00042072
0
0
0.000922279
0
1.77958e-05
0.000531354
0.000750674
0
0.00088515
0.000284264
0.00022461
0
0.000574408
0
0.000270933
0.000891233
2.52365e-05
0.000210457
2.16595e-05
0.000461206
6.65814e-07
0.000924096
2.60186e-06
0
0.000244702
2.14603e-06
0.00107339
5.26813e-05
0
0
7.39e-05
0
6.63378e-06
1.46917e-08
8.88333e-05
1.7799e-07
0.000660065
6.95929e-06
0
6.5255e-08
0.000646479
1.57678e-08
0.000228344
0
0.00035598
0.000936305
1.28801e-05
0.00055421
0.000280184
0
0
2.86068e-07
0.000186871
0.000836765
6.48431e-10
9.40937e-10
0.000169603
0.000438171
5.0283e-08
0
7.86059e-07
0
8.04694e-07
0
0.000392948
0
0.000468199
5.96989e-05
0.000364728
3.77925e-05
4.3088e-09
0
0.000439911
1.69062e-06
0
4.1985e-08
0.00100009
2.33712e-08
0.000123637
0.000585922
0
0.000926405
0.000599762
0.000864924
6.67562e-06
0.000421938
0.000478142
0.000960668
0.000528166
0
0.000130355
0
0
0.000200892
1.99153e-05
0.00037425
0
0.000292189
0.000388485
0.000523094
7.35198e-05
0.000590789
0
0.000120432
3.15588e-05
0.000193404
0.000517692
0
2.5418e-06
0.000939641
0
7.71794e-05
0.000490757
0
0
0.000614532
0.000366434
0.000901338
1.4291e-05
0.00015415
0.00039136
0.000420466
0
0.000235746
3.62711e-09
0
0.000907731
0.000157246
0.000518652
8.72159e-10
0
0.000788676
0.000784191
0
0
0.000661791
2.44065e-08
0.000359874
5.37732e-05
3.1901e-05
0
0.000349802
0.000405079
3.84931e-05
0.000168245
0
2.6472e-08
1.81542e-08
0
0.000420539
0
0.000401728
0
0.000463838
0
0.000144063
0
5.54738e-09
0.00029734
0
1.88108e-10
1.27956e-08
2.74455e-05
0
0
0.000461295
0.000112082
3.46929e-05
0
1.74694e-07
0.000629896
0
0.000686417
0
0.000373842
0.000412692
8.52358e-05
0.000613793
0.000347925
8.83786e-06
2.83164e-08
9.02559e-06
0
0
0.00037319
2.12597e-10
0.00100074
0
0
0.00035346
0
0
0
1.43655e-07
0
0
0.00052024
3.34558e-08
0.000684244
1.91362e-07
0
0.000633935
2.18174e-08
0.000309216
0.000261597
2.20475e-07
8.41115e-09
0.000341591
3.76466e-08
0.000435415
4.94967e-05
0
0.000492812
0
0.000562737
2.04162e-07
0.000606867
1.64356e-05
0.00077798
6.45675e-10
0.000724481
0.000742767
4.51985e-09
0.000772041
0.000255135
0.000389486
6.18544e-07
3.03224e-07
1.26949e-09
8.26617e-07
2.51549e-07
0
0.00114036
0
0
0
5.26555e-05
5.25626e-05
0.00090486
0.000451569
0
0
0
0.00106531
0.00081319
5.28633e-06
0.000674529
1.68624e-07
0
0.000340166
9.7556e-08
0
0
0.000599854
0.000211138
0.000865016
0.000133666
0
0.000261794
0.000341416
1.19364e-09
0
0.000590909
0.00081961
0
0.000240428
9.30534e-06
0
1.34436e-05
0.000385118
4.30504e-06
0.000163983
0
0.000803464
0.000518669
0.000441421
0
0.000633551
0.000357697
8.33833e-05
0.000220523
0
7.03559e-06
0
2.76037e-08
0.000226317
0
0.000427679
0
0.00109982
0.000663806
0
8.30421e-06
0
0.000115037
0.000240237
0.000619186
0.000323349
0.00030207
0.000775654
0
0.000423969
2.40725e-06
0.0002128
0
0
0.000184138
0.000986134
0.000705309
0.000439208
0.000689698
0.000667054
0.000536023
3.00806e-07
0.0010731
0.000512578
0
0.000209361
0.000262635
0.00026603
0
6.32833e-05
0.00026097
0.000234085
0.000109512
0
2.4341e-09
0.00075681
5.75856e-08
0.00044069
0.00109828
0
0
0.000283516
0.000525575
0.000856428
0.000130868
0
0.000613875
0
0.000283659
1.94583e-09
0.000208761
0
1.77058e-07
5.56316e-07
0
0
0
0.00014019
0.000683362
2.10159e-05
0.000396197
0.000419725
0
0.000980208
0
0.00055241
0
0.000668269
0.00108113
0
0
1.29122e-06
0.000162207
0
0
0
0.000794584
0
0
7.67718e-06
0.000106626
3.89178e-05
0.00089096
6.22564e-07
0
0.000148738
1.75891e-05
0
0.000566334
2.26975e-06
0.000427666
0
3.11162e-08
3.7311e-10
0
0.000475412
6.60251e-06
2.27431e-07
0.00018082
0.00103123
0
0.00111782
5.76458e-07
0.000681671
0.000256466
5.72709e-05
3.21078e-05
3.71201e-09
0
0
0.000307968
0
0
0
0.000168603
0.000113554
0.000976649
0.00043432
0.000406785
7.95382e-05
0
0.000182176
1.06663e-06
4.25939e-05
0.000626021
0.000718354
3.97246e-05
4.17338e-06
0.000534845
0.00122563
9.57591e-05
3.09622e-05
0
0
0
0
0.00059475
0.000434732
0.000884434
0.00133567
0.000310615
0.000827937
0.00053518
0.000960086
0
1.52995e-07
3.63484e-09
0
0
0.000353718
0.00128318
0
0
4.00888e-07
0.000394516
9.55212e-06
0.000165524
0.000105104
0.000871642
0.000639954
8.39974e-05
0
0.00121467
0
0.000116187
0.00110757
0
0
0.000378543
0.000823596
0
0
0.00090056
3.96706e-05
0.000440532
1.74409e-05
0.000230442
0.00111476
4.33795e-09
6.64267e-06
0
0.000598094
0.000269966
0.000212309
0
9.18568e-05
0.000796312
0.000228564
0
4.49272e-05
0
0
0
0.000323631
0.000405329
1.02795e-05
0.000593061
0.00105935
0.000367156
0
0
0
9.08871e-06
0
0.000392829
0.00101145
1.6319e-05
0
0
1.425e-07
3.42986e-06
0.000807888
0
1.09205e-05
8.11692e-05
1.15389e-05
0
5.72581e-05
0.000203827
0.000101532
0.000512854
0.000634239
2.25833e-05
0.000356986
5.80824e-09
3.97465e-08
0
0.000625369
1.99e-06
0.000512407
0
0.000359819
0
0
1.00381e-06
5.22445e-06
0
0.000870623
0.000618686
0.000286403
0.000793654
1.36545e-07
0
0
0.000358406
4.40925e-08
3.79713e-08
0.000992193
3.52243e-07
0.00050441
3.95225e-08
8.28492e-07
0.000585366
0.000195742
0
0.000110444
0
0.000653995
2.6971e-08
1.87751e-09
0.000163503
0.000678917
0.000534102
1.48692e-09
0
0.000436098
2.54826e-05
0
0.00120271
0
0
0.000281787
0
0.000448289
7.89479e-09
3.87425e-05
0.0011837
0
0.000166695
0.000292377
0.00121423
0.00026024
0
4.75467e-08
0
0.0004032
0
0.000291604
0
0.000757676
0
0
8.3445e-05
5.3476e-10
0.000166325
0.000107199
0
1.13508e-07
0.000699483
5.38638e-07
0.000598928
0
0.000100213
2.59016e-05
0.000211495
2.20082e-05
0.000335021
0.000250305
6.21648e-07
0
6.05775e-05
0.000144013
0.000136865
4.10499e-05
0
0
0
2.73947e-07
2.22559e-05
0
0.00025036
0.000194676
1.01248e-06
0
6.066e-05
0
0.000371847
0
0.000449537
6.15175e-07
1.98348e-10
0
0
0.000237831
4.98725e-05
0.000412425
0
1.92047e-07
0
0
0
0
0.000761496
5.22956e-05
1.26514e-05
0
0.00108079
0.000850744
0
0.000120918
0
0.000360289
0.000967565
4.24934e-05
1.6209e-06
0.000841632
7.38162e-05
0
0.000138823
0
0.000169011
0.000823842
1.36567e-07
0.000105992
0
0
0.000387594
7.28557e-07
0.000430642
9.65286e-06
0.000188172
5.47995e-05
0.000298816
0.000109272
6.85321e-08
2.11802e-06
9.26342e-06
0
9.6128e-05
0.000931674
0.000669401
0
0.000460074
1.09457e-05
0
1.18254e-05
5.28253e-10
0
0
0
0
5.05356e-05
0.000282017
0.00108732
0
0.000370487
0
0.000312854
1.21254e-05
3.02165e-05
0.000304413
0.000676171
0.000215389
0.000118354
4.2353e-05
3.90606e-07
1.80399e-09
0
0
0.000168806
0.00021136
0
3.81163e-05
0.000956011
0.000947574
0
0.000232679
0.000785864
0.000196756
0.000141772
4.92547e-07
0
0
0.000211721
4.00109e-05
0
0.000325305
0.000925144
0.000207705
2.76927e-05
1.91296e-05
1.91656e-06
7.12553e-05
0
0.000256082
0
6.04514e-06
9.68357e-05
0.000138527
0.000150828
3.7412e-09
0.000207085
0
0.000708912
2.01134e-05
0.00124848
1.83855e-05
0
0.000582987
4.53457e-09
6.69238e-05
0
8.63705e-05
0.000506494
4.07361e-06
0.000844228
0
0.00029155
0
0.000107199
0
2.21705e-05
0.000344827
0
9.03772e-09
3.23304e-06
0
0
0
0
0.000577242
0.000519569
5.18743e-06
2.61977e-08
0.000344028
0.00058651
0.000873709
3.29341e-06
0.000639023
0.000465853
2.01029e-05
0.000597153
0.00114923
4.74935e-06
1.35064e-09
2.83889e-07
0.00104669
0.000848916
0.000241412
0
0.000634122
0.000841668
0
1.61403e-06
0.00107489
0
0
0.000405905
0
2.26166e-07
0.000312615
0.000343173
0.000631372
0
0
0
0.00108617
2.53232e-05
0.000692982
0.000314299
0.000803895
0
0
0
0
2.17327e-06
0
0.000350162
0
0
1.10887e-08
2.20317e-06
0.000764095
0
0.000721843
0.000194507
0
0.000223012
0.000776734
0.000411288
1.09289e-05
1.33407e-07
0.00073201
1.69974e-08
0
0
0
0.000689015
7.93908e-10
0.000440777
0.000302378
0.00101487
2.64491e-05
0.000541007
0.000716764
0
0
0.000905713
0.000528281
0.000372964
5.72848e-07
0
5.01297e-05
6.67945e-05
0
0.000358225
0.000535213
0.00101826
3.38e-08
0.000885608
0.00018648
0.0006015
0.000451252
0.000125462
3.58994e-07
2.26114e-05
2.8499e-08
4.81664e-09
5.69157e-05
0
0
0
0
0.000551563
0.000620727
0.000359619
0.000563031
0
2.97105e-10
0.000354705
0
0.000966704
0
0.000641394
8.03962e-05
1.5711e-08
0
9.99622e-05
0.000105623
0
1.67494e-07
0
0.000464653
0.0010575
1.08434e-06
6.89333e-08
2.79592e-10
0.000237023
0.000167015
5.04312e-06
2.22174e-06
0.000121122
0
7.01036e-05
0.000229183
2.18035e-09
1.51534e-06
1.02335e-08
4.7788e-05
0
0
0
0.000808005
0
0
0
0
0.000311495
0
2.27968e-05
0.000491973
0
0.00042574
3.68851e-09
0
1.66663e-05
0
8.77708e-09
0.000381971
0
1.82731e-05
3.15723e-07
0
0.000341608
3.29854e-05
0
0
0
0.000387195
0.000645259
0.000398141
1.93543e-10
0.000854909
2.97375e-05
0
0
0
0
0.000546484
0
0
0.000478483
0
0
3.21995e-05
7.82314e-08
5.40404e-09
0.000716851
0.000488826
9.13765e-06
0
0.00118331
0.000151073
8.60689e-08
7.15425e-08
0.000131439
1.35479e-06
0
0.000206359
4.84814e-07
3.78861e-05
7.20065e-05
1.18171e-05
0
0.000275897
0.00043985
6.02864e-05
3.74525e-05
0
0.000181497
3.1154e-07
0.000869826
0
0
0.000197175
0.00020474
2.68287e-05
0
3.98539e-05
4.05807e-06
0
0.0008123
0
1.4884e-05
0.000167161
0.000100803
0.00106612
0
6.64601e-06
0.000763762
0
4.47004e-05
3.74746e-05
0.00053023
0.00022644
0.00110708
0.00039272
0.0011576
5.11711e-05
0.000188251
0
0.000295721
0.000337227
1.16375e-09
0.000745512
0.00104295
0.00109152
0.000285009
0
0
0.000117798
0
0.000652021
0
0.000577725
7.40471e-05
0.000196674
1.97912e-05
0.000630616
0.00086738
0.000225016
0.000441403
0.000653449
0.000268854
0.000870455
0.000794115
0.000299839
0.000977599
0
0.000719314
0.000491573
0.000186541
0
6.31967e-05
1.89751e-05
0
0
1.95569e-05
9.45443e-06
2.30742e-05
4.70923e-06
0
0.000356376
1.80423e-06
0
0.00061352
1.17405e-06
0.000704497
0.000467106
2.31192e-07
0
0.000166643
0.000131935
0.000622068
0.000510066
0.000221241
0.000693944
0.000944763
0.000631819
0.000239592
4.40938e-08
0
1.66787e-05
6.42085e-10
0.000383597
4.52168e-05
0.00068921
5.0296e-09
0
0
0.000449374
0.000225919
6.21479e-06
0
0.000410548
0.000576732
3.69189e-09
3.04401e-08
0
0
0.000762313
7.31602e-07
1.16707e-08
8.93634e-09
0
0.000598013
0
0
9.16429e-07
0.00042756
0.000812787
0
0.000814551
0.000111746
0
0.00104203
0.000251902
7.85815e-09
7.31141e-06
0.000403189
3.15954e-06
0.0011276
4.68185e-05
0
0.000516122
4.88126e-07
0.000494527
0
0
0.000698272
6.55701e-07
9.40363e-08
0
0.000353978
0
0.000163053
0
0
0.000990786
0.000246333
0.000810367
0
6.93319e-05
6.52118e-05
0.000854434
5.48543e-07
6.30761e-05
0.00090545
5.35599e-05
0.000181229
0.000256585
3.10466e-06
0.00032228
0
0.000874565
0.00021709
0.000163689
0.000125221
0.000556052
0.000153081
3.08351e-05
0
1.30241e-06
0
0.000744131
0
0.000378242
0.000886621
0.00111349
2.14019e-05
0.000132607
0.000808589
2.79484e-05
0.000724177
2.23836e-08
0
0.000535876
8.77048e-05
0.000492475
0
0
2.90255e-07
0.00101505
0.000896721
0
0
0.000495739
0
0
0.000452779
0
0.000479687
0.000437277
0.000178344
0.000224748
0.000164028
0.00029909
6.98115e-05
0.000296005
0
0.000565693
3.12968e-05
3.77526e-05
0.000291728
0.000279391
0.000327797
0
0.000721859
0.000787341
0.000838968
9.75869e-05
0.000138217
8.43576e-09
1.63236e-09
0.000607137
0.000313736
0
0.000158534
8.12292e-07
0.000273972
0.000766901
1.13451e-05
0.000313114
0
0.000109025
0.000244591
3.97837e-05
0.000380255
0.000343569
5.82295e-05
3.71617e-05
1.24044e-08
2.01319e-05
0.000764117
1.04474e-05
0
0
6.12597e-09
5.11223e-05
5.45379e-05
2.61385e-10
0.000329399
0
0
0
7.57672e-05
0
0
2.8141e-06
0
0.000594888
0
0
0.000335768
2.39343e-06
0.00090367
1.69318e-08
0
0
0.000899148
2.74705e-05
0
0
0.000253167
0.00049869
1.32373e-05
0.000148544
5.09605e-05
0
0.00041845
0.000718296
0.000598126
0.00106923
2.73029e-10
0
3.74118e-06
0
0
0.000216569
0.00121695
0
0.000289471
0.00012189
0.000172193
0
0.000524235
0.000918646
0
2.21729e-07
0
0.00112182
8.7107e-05
0
0.000568957
0
0.000806249
0.000191607
0.00075048
0
2.66665e-06
0.00126373
0.000930656
0
0.000777703
0
7.38203e-05
0.00010899
0
1.12857e-06
0.000204278
4.50376e-08
2.61688e-05
0.000184751
0
0.000536068
0.000469981
5.31994e-06
0.000668509
2.24573e-08
0.00017712
0
0.000240129
2.2579e-10
0
6.68326e-05
1.17468e-06
3.0257e-08
0.0001387
0
0
0
8.5431e-08
8.80316e-09
0
0.000326549
0.000224413
2.99621e-05
0
0.000137047
3.46222e-05
4.007e-07
0
0.000326769
2.14879e-05
0
1.69869e-06
0.000792337
0.00121142
0
0
2.34421e-07
0.000220771
0.000338591
9.89745e-05
0.000407941
0.000974527
0
0.000449618
0
0.000363735
0
0.000713196
0.000877756
8.34227e-06
0
0
0
0.000469323
0.000166269
0.000574125
0.00037956
0.000188885
0.000299835
2.9227e-05
0.000734424
0.00094373
7.79827e-08
0.000475873
1.27682e-07
0.000233543
0.000615685
8.23644e-05
4.36479e-05
0
0.000762458
0.000773962
0
0.000138603
0.00105913
0
0
0.000113905
0.000587247
0
0
0.000301494
4.45358e-07
0.000159285
2.38398e-06
0.000320224
4.33741e-06
0.00102537
0.00013663
1.74987e-06
0
0.000194454
0.000667322
5.3568e-06
0
0.000644646
7.27056e-05
0.000349075
0
0.000148954
0
4.19575e-05
0.000139603
0.000723422
0.000103931
0
6.67004e-09
0.000224119
0
0.000677419
3.11494e-05
0.00111279
0.000567196
0.00074473
0.00094634
0.0001123
0.000345002
6.61441e-06
0.000809977
0.000249563
0
0.000652734
0
2.73962e-08
1.79727e-09
0
0.000674264
0.000809453
0
0.000889006
0
0.000556686
0.000241795
0.00118201
0
0.000276433
0.000187934
0.000388626
1.32214e-07
0.000112092
0
0.000432106
0
0.000365145
0.000578992
0.000368828
2.23603e-05
0
2.61354e-07
4.13981e-06
0
0
6.0225e-05
0.000725334
2.41985e-06
0.000609917
0
9.30103e-10
0.000436944
0.000483863
0.000266534
0
4.27675e-05
0.000358416
0
0
0
0.000199847
7.68829e-07
0
0
0.00101666
3.67965e-06
0
0
0.000771369
0.000999102
0.000813972
1.97219e-05
0
0.000403502
5.36158e-09
1.11262e-09
0.000964168
7.95975e-05
0
0.000232232
8.5195e-06
0.000525645
0.000352098
2.71624e-06
0.000519441
0.000173218
0
0
0
0
0
0
0.000829404
7.3341e-05
4.99007e-08
0.00121121
0.000159632
0.0010717
0.000167303
7.93845e-05
0.000207263
0
0.000108807
0.000157902
0
0
2.73624e-09
0
0
4.1495e-05
0
1.1121e-05
0.0001249
0.00108504
0.00017912
9.32266e-05
0.000341957
0.000307203
7.96997e-05
0.000534644
4.22564e-05
6.40597e-05
0.000741031
0.000265299
9.55927e-09
0
0.000418769
0.000738797
0
8.65549e-09
0.000145985
0.000322321
0.00028007
0.000542948
0.000128523
8.18852e-05
6.00623e-09
5.95329e-05
5.63926e-05
0
0.000728426
0.00062807
1.55139e-07
2.15767e-06
0.000403659
0.000203719
0
0.00112072
0.000328386
0.000530303
0.000952189
0
8.37454e-08
1.07767e-06
2.53095e-05
0.000469072
0.000292328
0.000498776
0.00012923
0.000915275
0.000229113
0.00105185
0
0.000628021
0.00079692
0
1.06539e-07
0.000937207
0.000363191
9.56048e-05
5.3249e-09
5.23789e-07
0
0
0.000167882
2.58139e-07
0.000497709
0
0
0.000169359
0
0.00033765
1.18635e-09
0
0
0.000497598
0.00066997
0
0
0
0
0
0
0
7.76548e-05
0
3.71575e-05
0.00118495
0
0
0
0.00101514
0.000537879
3.59734e-09
0.000283232
4.26254e-08
0.000659911
9.64753e-05
0.000592514
6.94142e-06
6.61148e-06
0.000138633
0
0.000357777
0.000457936
7.63471e-05
0
0
0.000481623
0.000149609
2.69879e-09
0
5.61297e-08
0
0.000138393
0
0.000309264
0.000197069
2.67099e-05
0
0.000507353
3.58022e-09
0.000460585
0.000333144
1.75949e-05
0.00112133
0
0
0.000459425
0.000210835
0.000107314
0.000132613
0
0
1.01131e-05
0.000780694
0.000650433
0.000636234
8.0691e-05
0.000696827
0
0.000160367
0
0.000124815
0.000299159
0.000475192
0.000482123
0.000117239
4.64031e-05
0.000311025
6.74976e-10
0.000700772
0.000701669
1.54856e-07
1.49779e-07
0.000474337
0.00102001
0
0.000278175
0
8.66744e-08
3.3105e-05
7.29032e-09
4.23137e-09
0.00131706
0.00113138
0.000521711
0.000394804
0
0.000109257
0.000231042
0.00067762
0
1.19816e-07
2.50932e-05
0.000215603
0
0.000252299
0.000120232
0
0
0.000149314
0.000397916
1.37929e-05
0.000385003
0.000444403
0.00115964
0
0
3.77187e-05
0.00104361
0
1.7539e-05
0.00117733
0.000729613
0
0.000614427
0
0.000285197
3.2872e-05
0.000683743
0.000141529
0
0.000770787
0
0
0
1.08346e-08
0.000270364
1.61208e-05
0.000263792
0
3.67727e-08
0.000622562
0.000113184
0
0.000369124
3.40152e-05
0.000329409
0.00101695
0.000907039
1.71414e-06
0.000638892
3.34354e-05
3.94867e-07
1.27506e-05
0
5.68194e-09
0
3.04122e-08
1.84593e-05
0
0.000769604
4.99157e-08
0.000302063
0.000735282
3.85021e-09
0.00102807
0.000802398
0
0.000779776
0
0.000238035
0.000419002
0
9.49412e-05
0
0.000749499
2.52627e-09
0
0
0.00114471
0.00111538
9.91997e-07
0.000167965
4.49627e-05
0
0
0.000980989
5.37578e-09
0
6.19837e-08
0.00116403
7.03859e-05
1.75635e-08
1.629e-09
0
0.000229138
0
0.000243327
0.00026633
0.000175249
0.000586631
1.98227e-05
0.000253958
0.000578711
0.000607344
0.000195102
2.28815e-09
4.66506e-08
0.000167391
3.93557e-06
0
0.000858845
0.000387842
1.60708e-05
0
0
0.000325103
0.00077704
0.000657258
0.000477686
0.000247086
0
0
0.000680612
0
6.93064e-05
2.81225e-07
0
0.000996767
0.000526404
0
0.000749283
3.6026e-08
0.000389173
1.89541e-08
1.92987e-05
0
0
0
1.84267e-05
0
0.000149762
6.52882e-09
0
0
0
0
1.18592e-07
1.52164e-07
0.000568118
6.72967e-07
0.000743624
1.85967e-05
0.000173443
0.000137968
0.000252895
0.000902049
0
2.05962e-08
0.000408625
0
0
0.00091737
0.000497358
0
9.23397e-08
0.000648218
0.000498544
1.32517e-09
0
0.000436942
0
4.12475e-05
8.70265e-07
0.000666381
3.62028e-07
1.68948e-05
0.00108481
0
0.000518019
0.000686552
0.0012388
0
8.43773e-05
0.000331038
2.74134e-08
0.000359641
0.000113457
0.000245489
0.000803981
0
0.000268398
2.1581e-05
6.17024e-05
0.000246596
6.21733e-09
0.00034679
9.57178e-09
0.00110923
0
0
0
0.000700438
7.97686e-08
0.000295245
0.000494357
1.05158e-05
0.00126726
0.000483809
0.000757428
9.37592e-05
0.000176384
3.71682e-05
0
0.00131545
0
0.000546852
0.000813993
4.06219e-08
0
3.29276e-08
0
1.12015e-06
0
1.29616e-07
0
0.000232461
0
5.45822e-05
0.00024138
0.00113743
0
3.41312e-05
5.17112e-09
0.00035639
0.000248277
0
0.000298738
0.000442644
9.87694e-09
0.000208293
0.000505897
0.000493875
0
0
7.08909e-09
0
0
0
6.74945e-05
7.71508e-07
3.95226e-05
0.00104757
0
0.00100969
0.000194832
0.000674677
0.000480011
0
9.73396e-05
0.000154305
9.55982e-07
3.32958e-05
0
0.00011298
0.00125473
0
2.70202e-05
0
0
0.000166727
0
0.000317427
1.83599e-05
0.000344388
0.000306445
0.000267576
0.000264027
0.000696713
4.05518e-06
0.000225667
0
9.8929e-07
7.0489e-07
0.000144594
7.47566e-05
0.000600669
4.35761e-07
0.000861754
4.17654e-09
2.11519e-07
7.2937e-06
3.00248e-07
0
0
0
0.000143101
0.000543937
6.44762e-08
0.000295521
0
0
0
2.97751e-08
9.21044e-05
0.000650224
0
8.84537e-09
8.13447e-05
0.000196654
0.00118848
0.000928194
9.57261e-05
0.000671871
0.000106012
0
0
1.39254e-07
0.000157501
0.000175544
0
1.73343e-05
0.00107458
0.000484077
0.000915878
0
0.00013542
0.000284945
0.000508741
0.000969143
0
0.00113232
8.87147e-05
0.000108171
0.000341336
2.00627e-07
0.000231596
5.33111e-05
0
6.41634e-05
0.000161892
0.000233471
1.26411e-07
1.38474e-05
0.00016816
4.75397e-07
7.29774e-05
0.000949084
8.95545e-05
0.000404563
0.000208965
0
0.000451497
0
0
0
4.49624e-05
0.000132666
2.28681e-09
0
0
2.54903e-05
0
0
0
0
0
1.55745e-07
0.000238659
0
0.000201889
0
0.000404556
0.000146995
0.000303558
0.000205612
0
9.80004e-10
1.4493e-08
0.000244137
5.06234e-06
5.53935e-05
9.10435e-09
0.000366635
2.0709e-05
0.00113319
0.000411963
0
0.000218931
2.47978e-06
3.19891e-05
0.000912
1.1052e-08
9.82826e-10
0.000275447
6.28995e-10
0.000638133
0
0
0
0.00036434
0
0.000146861
0
0.000425374
0.000358167
0.000308125
0.00100024
0.000353771
0.000157987
0
0.000421342
5.75387e-06
0
0.00051594
0
7.62649e-06
0.000613333
0.000523644
6.52487e-06
0.000686167
0
0.000457643
0.000363138
0
0.000418032
0.000445366
0.000131602
0
0
5.05003e-09
0
0.000330707
0
0.000672588
4.29689e-06
0
0.000151919
0
1.21358e-07
0.000179808
0.000155233
0
0
0.000196801
0
8.73127e-06
0
0
0.000633709
8.86324e-05
0.000331899
0.000228898
0.000907196
0.000827259
6.38388e-06
4.32377e-06
0.00048468
1.1099e-05
0
0.000695338
1.12796e-05
0.000187387
0.0010738
0
5.065e-07
3.36951e-09
0
0.000740294
0.000644641
0.000647944
2.73794e-05
0.000642653
6.06409e-06
0.00120818
6.45254e-05
0.000553084
0
0.000682468
0
0.000181174
0.000453926
9.53605e-07
0
8.48591e-06
0.000451263
1.81714e-05
0
7.95891e-05
0.000103721
6.27158e-07
0
3.12293e-07
0.000158417
0
0
0
1.94495e-05
0.000848461
0.000575709
5.11006e-05
0.000607136
3.56342e-05
0.000126512
8.27542e-07
0
0.000142565
4.51117e-08
0.000279042
0.000234948
0
0.000194054
3.95569e-06
0
0.000173276
0.000218918
0.000232303
2.69846e-08
0
7.07401e-05
7.45973e-09
0.000436494
0.000399572
0.00088443
0.000487582
0.000460391
0
0.000426339
0.000241239
0.000486474
0.000127226
1.90434e-09
0
0.000432366
0.00112855
0
0
0.00010137
0
0
0.000634684
0.000110414
0.000153926
2.47697e-05
0
0
0.000121582
0
0.000616897
0
0
0
0
9.09732e-09
0
0
0.000292746
2.62723e-06
0.000600597
0.000568028
1.23854e-09
2.7522e-08
3.01436e-06
0
0.000416313
0
0.000752008
0.000849959
0.000157181
0.000214719
0
7.59496e-05
0
2.66292e-05
0
0.000211102
4.43132e-05
0.000500258
0.000785404
1.07968e-05
0.000632106
0
2.20066e-07
3.82932e-09
0.000242099
0
1.36688e-06
0.000639109
2.17792e-06
6.24034e-07
0
7.70963e-08
0.000416025
0.000707994
0.000840499
0.00037451
0.000311885
4.23847e-08
0.000316529
8.86494e-05
0.000113883
0.000257353
0.000134436
0.00016078
7.24158e-05
0
0.00047375
0.000629433
2.1421e-08
0.000378621
0
1.46337e-08
0.00055017
0
0
0
0
0.00061035
0.000782121
0
0.000470716
1.87834e-07
0
3.16481e-05
1.45654e-10
0
2.75648e-07
1.41811e-05
0.000274421
0.00115994
0
0
0
0
0.000550836
0
1.26059e-05
0.000590576
0.00078277
0.00084127
4.51048e-05
8.02381e-06
1.20642e-05
0.000478968
1.29118e-08
0.000820931
0.000304137
0.000160696
0.000549091
0
0
0.000404297
0
5.23353e-06
2.53746e-10
1.1411e-05
0
0
0
1.84443e-05
1.89634e-06
1.37226e-05
0
0.000410569
0.0012034
2.4003e-05
0.000106728
0.00074926
0.000540587
2.25224e-05
2.07627e-06
0
0.00047362
0
0
3.99379e-05
0
0
2.09164e-09
0.000232402
0.000509847
0.000269091
0
3.56857e-05
3.12479e-06
0
9.46232e-05
0.000207532
0
0.000817073
6.52776e-05
1.0849e-08
0.000100403
0.000329647
0.000212875
0.000585118
0
0.000597068
8.25225e-05
0
1.05864e-08
4.37856e-07
0
0
0.000858185
0.000442847
0
0.000414114
0.000288114
0.000508892
0.000309756
8.19247e-05
0.000885775
0
0
0.000605238
6.97024e-05
0
6.21694e-05
6.11563e-07
0
0
0
0.000493641
9.25976e-06
0
0
0
1.51198e-09
0
1.87722e-08
0
0.000191612
1.24036e-08
0.000570813
0.00116194
2.04035e-06
1.31181e-05
7.54639e-07
0
0
0.000472305
0.000162479
0
0.000726073
2.32527e-05
0
0
0
0.000425434
0
0.000362287
7.88241e-05
0.000136717
0.000451109
5.91616e-09
8.13406e-08
0
0.000500154
0.00046167
0.00036186
1.44386e-05
6.63519e-07
0
0
0
7.7137e-05
0.000153159
1.46106e-07
0.00107315
0.000349176
0.000145373
0
0.000209249
0.000139269
0.000612793
0
0
0
0.00071228
0
0.000386456
0.000284077
0.000146248
0.000559778
0
0
0.00121501
0.000276454
9.78071e-08
0
0
0.000146408
0
3.07753e-06
0.000861282
0.0012451
0
0
0.00027445
7.54936e-09
1.21679e-09
1.17638e-06
0
9.16538e-08
4.3791e-05
0.000431642
0.000531679
0
0
0.00057966
3.99702e-07
0.000293698
0.00074848
8.24954e-05
0
0.000511659
0.000213948
0.000277635
0.000876178
0.0010266
0
0
0.000642882
0.000618257
0.000490766
0
9.38086e-05
0
0
0.000330215
0
0.000619599
0.00031289
0.000865424
0.000504849
2.19153e-05
0
0.00084052
0.000147401
0
0.000609068
2.34381e-08
0.000349446
0
4.78974e-07
0.00108999
0
0.00117598
0.00113204
0
1.84975e-05
9.43921e-05
0.000673068
0
0.000702587
6.89366e-08
0
4.32424e-05
0
0.00121747
4.96144e-10
1.24048e-06
1.89057e-08
0
0.000330349
0.000822042
8.30572e-07
5.06889e-05
0.000329274
0.000353664
0.00111685
2.74619e-05
0
0.000218189
0.00034206
0.000284874
0
0.000411069
0
0.000152697
0
9.09024e-05
0.000387372
0
4.57745e-07
4.97431e-05
0.000171805
0
0.000531911
4.19874e-07
0.000153772
5.05937e-05
4.70673e-05
0.000484938
0.000139849
0.000631264
0.00110751
1.31068e-06
1.16284e-07
0.000601929
0
0.000328408
0.000128436
1.54668e-09
0.000377744
0.000482587
9.27521e-07
0.000331165
0
3.51207e-06
0
0.000172549
0.000380666
0.000232137
4.52517e-07
0.000912317
3.38148e-05
0.000732491
4.62158e-05
0.000716588
0
0.000358411
0.000410102
1.05552e-07
2.30174e-06
0.00113689
0
0.000261245
0.000280771
3.28463e-07
0
0.000336966
5.00034e-06
1.69754e-08
1.40225e-07
0
0
0.00125967
0
0.000333659
1.43782e-05
0
0.00111066
3.72545e-07
6.22913e-09
0
0.000163761
0
0
0.000191334
0.000201842
0.00066148
0.000430494
1.2723e-06
5.30288e-05
0
8.04302e-05
1.64264e-08
6.01802e-06
0
1.66196e-08
0.000506346
0
0
2.59068e-08
1.36156e-06
0.000486534
0.000339415
2.80906e-06
0.000191965
2.29316e-09
0
9.09799e-06
0
5.33985e-07
0.000718895
4.01023e-05
0
2.68999e-08
6.94853e-05
0
0.00049912
4.27681e-05
4.07738e-05
2.71062e-06
0
3.7654e-05
0
0.0011897
0.000540116
4.90028e-09
0.0011476
0.000131876
0.000308195
3.50353e-08
0
0.0004874
0.000344354
5.91203e-08
0
0
0
0
0.00102222
1.84779e-05
2.07069e-06
0
6.65169e-07
7.95935e-06
0.000168881
0.000860188
2.09935e-05
0.000198512
0.00042301
0
4.73293e-05
0.000238269
0.000196529
1.04499e-07
0
0.000828642
0.000769896
0.000698246
0.000356742
0.000876885
0.000619631
0
0
0.000294683
0.000122452
0.000390398
0.000990367
0
8.09129e-05
3.18288e-10
0
0
8.54998e-05
0.000137237
0.000402256
0.000182837
1.67589e-09
0.00059438
0
1.30049e-05
3.33437e-06
0
0.000751326
7.88931e-08
0.00113367
0
0
0.000597219
0.000400229
0
0
0.000701736
0.00105707
3.20345e-05
8.94622e-06
0.000242899
0.000353651
2.10246e-05
0
0
0.00126151
0
0
0
0.000603835
1.86448e-09
0.00074117
8.30415e-05
7.40349e-09
7.36033e-05
2.96174e-06
0
0
5.19399e-06
0.000207875
5.2481e-06
5.11354e-05
0.00011629
0
0
0
3.7114e-07
4.39074e-07
0.000499861
3.0874e-05
0.000103262
9.25385e-07
0.000544639
4.09379e-05
0
2.94268e-05
0
0.000547528
0.000354949
0
0
5.86764e-06
0.000218913
0.00105334
0
1.66641e-06
0.000969406
0
0.00074133
0.000860093
1.38721e-08
6.11195e-05
0.000876811
2.51286e-05
0
0.000878367
0.000374068
9.92107e-05
0.00109972
0
0.00114928
0.000377554
2.75464e-07
0
0.000115811
0.000541309
5.05306e-05
0.000905004
6.13771e-05
1.81043e-09
0.000670971
0.000106773
0
0.000154391
0
0.000936123
0.000164606
0.000916824
0.000265199
0.000178111
1.3727e-05
0
0.000746922
0.000269458
0.00106785
0.000333436
0.000496856
7.04812e-05
0.000400555
0.000574885
0
0.000218408
0.000178677
0
0.000211711
0.000104902
0
0
8.93996e-08
0.00101389
0
0
0.000721268
0
0.000169908
2.04864e-09
0.000273464
0.000622895
0.000263037
2.48361e-06
0.000214878
6.68498e-05
0
0.000108127
0.000482538
6.50087e-05
0
0.000148993
0
0.000453471
0.000674773
0
0.000190803
1.74557e-05
0
0
0.000590253
7.72305e-05
0.000475636
4.00586e-05
0
4.83045e-05
0.000710264
8.27503e-05
0
0.00112846
3.62128e-05
0
5.80923e-06
4.88265e-05
0.000776923
0.000426271
0.000191007
0.000495798
0.000446734
0.00105042
0.000348908
0.0003156
0.000159972
2.23038e-08
3.06312e-05
0
0
1.89625e-05
0.000265667
0
0
1.59361e-06
0.000839797
1.07046e-08
0.000269258
0.000489319
0.000659348
0.000239474
1.82792e-08
0
4.18873e-05
4.27016e-06
0.000581871
4.22784e-06
0.000454568
0.00103251
0
2.91703e-09
0.000788442
0
0
0.000411358
0
0
0.000563206
0
9.85767e-08
0
0.000384173
0.00117005
0.000598281
4.88887e-05
3.82273e-09
2.21347e-05
0.000859243
0.00105659
0.000963097
1.79257e-05
0.000313265
3.23069e-07
0
1.26382e-06
1.9256e-08
0
0
0.000349349
0
0
0.00076837
0.000327296
0
5.35455e-05
0.000366957
0
8.15649e-05
0.000232243
0.000345991
9.55758e-05
0.000762767
0.000972393
0
0
0.000704897
0
0.000686673
0
0.000242728
0
0.000546432
0
0
1.26571e-05
0.000335791
0
5.4078e-07
4.85788e-06
0
0.000202854
4.07093e-08
0
2.22132e-05
1.56792e-09
0
0.000616205
0.000223113
0.00119023
0.000371702
0
0
5.89625e-08
3.49253e-06
6.8893e-09
0.000914199
0.000389109
0.000471569
0
0.000653458
0.00125067
0.000485701
0
5.31009e-07
0
0
0
0
6.50677e-07
0.000189567
0
6.0643e-05
0
0.000240542
0.000138186
0
5.98963e-05
0.00019476
0
8.14837e-05
0
0
0
0.000383488
7.87717e-07
0
0
0.000426877
1.07905e-10
1.43903e-07
0.00113984
9.45066e-08
5.14324e-05
0
0
0
8.04135e-08
0.000144437
3.42372e-05
0.000561511
0.000346184
0
0.00101052
0.000991475
4.00819e-08
2.15168e-06
9.37918e-05
0.00110106
0.000519172
0.00117574
0.000513512
0
0
1.28643e-05
3.82023e-05
0.000845955
5.25412e-05
7.76527e-06
0
2.30023e-06
0
0
0.00051677
0.000560809
0.00031169
0
0.00082501
5.05529e-08
0.00062321
0
0.000297313
0.000397833
0.000125976
0
1.29163e-06
0.000474557
7.1527e-05
0.000169221
0.00114311
0.000628981
0.000394981
0
0.000795916
4.1394e-05
0
0.000653735
1.78024e-05
1.01963e-06
0
0
9.72404e-05
0.000728741
0.000664346
9.03907e-08
0.000552705
0.000901924
1.344e-05
0.0012032
0
0.000218095
0
0
0
0.000747735
7.31388e-09
0.000629063
3.2196e-05
3.33732e-09
1.26785e-05
1.33596e-07
0
0
0.000877615
0
0.000407975
4.14082e-05
0
0.000779597
0.000444641
1.05788e-06
0
3.29254e-10
0.000235012
2.04705e-06
0
0
0
0.000592989
0
0.00112282
0
0
0.000728565
0.000104288
0.000181906
3.61202e-05
0.00115036
0.000192558
0.000141851
0.000214047
0
0.000547516
0.000279256
5.75018e-08
0.000160106
0.000915174
0.000453991
0
6.92922e-08
0.000822961
0.000207967
0.00080759
6.79422e-07
0.000476868
0
0
0.000872908
0.000173702
0.000376202
0.000446512
8.24918e-05
0
0.000278916
0.00120282
0.000214923
0
3.12125e-05
1.12848e-06
1.06069e-08
0
0
0.000485233
0.000866349
0.000197682
0
1.50594e-06
0.000628357
0
0.000327713
0
0.000157126
0.000370009
0.00054348
0
5.74828e-05
7.56867e-07
0
2.22674e-05
0
0
0.000501928
5.42769e-09
0.000323789
9.80836e-05
0.00088117
3.70022e-09
7.67069e-05
1.2876e-05
0
0.00115756
0.000418238
7.30223e-05
0.000229265
0.00113193
0.000544695
0
1.55347e-07
2.95524e-07
0
0
3.06935e-05
0
5.69563e-05
0
6.92759e-05
0
0.000696739
0
9.20766e-10
0
3.58266e-09
0.000870556
4.90086e-07
0
0
0.000150054
8.05444e-07
1.75669e-06
0
1.96304e-05
2.9992e-09
3.73149e-05
7.0523e-05
0
4.58175e-05
0.000225802
0
0
0
0.000679587
0
0
0
0
0.000859017
2.03583e-08
0.000627084
0.000355145
1.43365e-09
0.000283789
2.60551e-08
0
0.000139304
0.00112056
0.00047412
3.37891e-05
6.30756e-06
0.00015736
0.000536909
0
0
0.00025682
0.00031595
0.000386487
0.00020536
0.000505257
4.57692e-09
4.53198e-09
1.01214e-07
0.000390951
2.57002e-09
0
0
0
4.55973e-08
0.00111891
3.88394e-09
2.78748e-06
1.43344e-05
0
0.000374555
0.000226109
0.000774889
0
0
0.000492658
0
0.00117344
0.000420382
3.22736e-06
4.1927e-09
0.000400255
0.00102471
0.0005841
0.000255032
0
0.000888811
0.000294018
0
2.45791e-09
1.92395e-09
5.23728e-07
6.28699e-06
1.07404e-06
0
0.000598496
0
5.11412e-10
0.000268438
7.799e-06
0
0.00012987
0
0.000718854
0.000115998
0
1.73505e-08
0
3.71967e-05
0
0.000233966
3.01385e-10
1.27826e-05
0.000287123
0.000479058
0
4.90606e-07
0.00120064
0.000438751
4.56186e-06
1.52265e-05
0
0.000476221
2.53128e-07
0.000141825
0.000138697
2.90093e-05
0
0.000126583
1.26614e-09
5.67339e-05
0
0.000905623
0
0.00127141
0.000265221
0.000772741
0
3.5004e-05
0
0.000334163
0.00026757
0
2.36173e-05
1.94164e-09
0.000127608
0.000991486
0
0
0.0003165
8.58299e-05
5.7728e-05
6.9275e-05
0.00108316
0.000938672
0
0
0.000388568
3.03178e-06
0
0.00036787
2.39857e-08
0
0.000941568
0.000312978
0.000454807
0
0.000464918
0.000838359
2.80087e-08
7.11611e-05
3.49784e-08
0.000589462
0.00023771
5.66042e-05
0
0.000436117
0
0.0011641
0.000124552
0
0
0
0
0.00030078
0
0.000484617
0
0.000465862
9.88308e-05
0.000507937
1.01913e-06
0.00059946
0
0.000630086
0
0
0.00046018
4.12305e-05
0
0
2.98628e-05
0.000391026
1.70057e-07
0.00104702
0
0
6.08322e-07
1.41996e-06
0
1.10891e-05
4.92677e-08
8.41541e-05
0
2.10801e-05
0.000970539
0.00101955
0.000960664
0.000102609
0
0.000191972
0
0.000360169
0.000530222
0
3.24339e-06
0
4.00497e-07
0
0.000853873
0.00112312
0.000219672
2.18541e-07
0.00083182
0.000594318
4.5622e-06
4.8222e-06
0.000443597
0.000739449
0.000764829
8.22414e-05
0.000995421
0.000210068
8.94484e-08
0
2.34003e-10
1.05914e-06
0
8.04743e-09
0.000473063
0
0.000266604
0.000174225
0.000160874
2.97392e-05
0.000558291
0
0
3.0326e-06
6.51922e-05
0.00022496
0.00112942
0.00116833
1.57946e-06
0.00059209
1.2171e-05
3.87873e-10
8.64916e-05
0
0.000996292
5.25186e-09
1.08347e-08
0.000354393
1.75043e-09
0
0
2.91471e-05
6.47121e-05
0
0
0
0
0.00025705
3.35701e-10
0.000479032
0
0.00122906
0.000902142
0.000715979
0.000605634
0
0
0
0
0
0.000128655
0
5.19461e-07
0.00064776
0
0
7.7408e-10
0.000830759
0
0.00059733
0
0
4.66479e-05
0.000503086
0.000395021
0.000872422
0.000800537
0.0011034
0.000215053
0.000169266
9.71877e-08
2.90528e-10
0
0.000690581
3.23339e-07
0
0.000651657
1.83249e-08
0
0.000178452
1.76048e-07
0.000510673
0
0
0.000154816
0
0.000564744
0.000344774
4.85805e-05
0.000404355
0.000447412
0
0.00118127
0
4.16943e-08
1.17543e-05
0
4.08807e-06
0.000803717
0
0
0.000571077
0.000850172
0
0.00106765
0.000663665
0.000205832
6.20039e-05
7.23762e-05
0.00104366
2.47463e-05
0.000209458
0
8.64942e-10
0
3.52011e-05
0.000274508
0
0
0.000581407
4.49783e-05
0.00118712
0
0
0
0.000352195
0
1.45303e-06
0
0
0
2.20919e-09
0.000210327
0
0.000108632
0
0
0.000249307
0.00037194
0.000171324
0.000858134
0.000759872
0
0.000350227
0.00024237
0.000402665
0
1.68217e-07
0
0.000255545
0
0.000293171
0.000503057
0
0.000390378
0.000185728
0.000708772
0
9.6861e-10
5.01964e-06
0
4.95084e-08
3.03619e-08
1.14821e-08
0.000217185
0.00041711
2.35446e-05
5.67468e-05
0
0
0.000402025
2.87432e-05
3.03298e-09
5.56305e-09
0.000572628
9.85619e-05
4.54798e-08
0
0.000645193
0.000151558
0
3.53432e-05
0.000232996
0
0.000578688
1.0112e-07
1.62471e-08
0.00048616
1.45844e-08
2.25233e-07
1.86185e-09
0
0.00029227
0
1.03967e-08
5.20335e-05
0
0.00106388
1.3586e-05
0
6.26122e-05
0.00011777
6.46313e-05
0.000218093
4.53835e-05
5.88442e-09
0.000653029
0
0
0.000579084
0
0
0
0
1.95175e-08
0.000988296
0.000276241
0
0.000597198
0.00118789
0
0.000328151
0.000586786
0.000141892
0.00070612
0
0
0
0
6.35427e-08
0.000721182
0
1.43299e-07
0.000274171
0.000266519
6.95969e-05
0
1.40778e-06
0.000467803
0.000107233
0.00030811
0.000514687
0
5.93768e-08
0.00117092
0
0.000487984
0.000336374
0.00022861
6.80261e-09
0.000280013
1.58481e-07
0
0.000797577
3.37356e-07
0
0
0.000289772
0.000291422
1.84921e-08
0.000882697
0.000327659
0.000136722
0
1.26066e-07
3.35137e-07
0
3.25047e-09
0.000330535
3.86903e-10
0.00013953
9.58772e-09
1.05342e-06
6.43924e-08
5.61471e-08
0.000516126
0
0.000750611
5.2756e-10
0.00100238
0.000184636
0
0
7.00679e-07
3.12165e-05
0
0.000455632
0.000479252
0.000276391
4.85024e-05
0.000128423
6.42069e-07
6.63075e-07
2.72151e-05
0
0.000686982
2.6952e-08
0
0.00062107
0.000189579
0.000476647
0.000465644
2.25504e-05
0.000840104
7.44408e-05
0.000227601
0.000449132
0
0.00103656
0.00077829
0
3.44162e-06
0.000774258
0
0
1.21796e-09
0.000219481
0.000193365
0.000614319
0
0
0
0
0.00104865
0.000694886
0
6.75504e-06
1.32147e-05
0.000608191
0.000590892
0.000580535
0.000359713
0.000339857
0.000622642
0.000474081
0.000208535
0.000213374
0.00039246
0
0.000374825
4.30571e-09
0.000726457
0.0011235
0.000855895
6.78259e-07
0.000755194
0
0.000632812
0
0.00107982
0
0.00119046
0.000269801
0
0.000607052
9.18975e-05
0
0.00099174
1.57052e-11
0.000135183
0.000190181
8.9544e-08
0.000555703
2.37297e-09
0
0
0
0
4.05486e-08
0
0.00118212
0
0.000874527
0.000232306
0
2.69164e-05
0
0.00031096
6.24014e-05
1.42767e-05
9.65365e-09
3.23229e-06
0
6.253e-05
0
0
0.000252167
0.000315183
0.00117701
0.000156424
0.000174849
0.000829559
0.00105052
0
0
2.32242e-08
0.000893354
0
0.000868647
0.00057489
0
6.62665e-05
0
3.31806e-05
0.000258862
0
0
0.000794383
6.8674e-08
0.000447414
0.000478702
0
0
0
1.11112e-09
9.93511e-08
0.000718793
0
3.37111e-09
0
1.05526e-08
0.000509299
6.43558e-06
0.000680512
1.00673e-09
0.00105552
2.25281e-05
7.11728e-08
5.15565e-06
0
0.000875469
0.000920223
0
0.000500789
0.000748875
0.000452655
0
0.000576119
0.000266572
9.56818e-05
0
0
0
0
0.000254353
0.000109313
0.000170314
0
3.79549e-05
0.00013486
0.000170086
0.000134875
2.81922e-05
3.53847e-06
0
1.12858e-05
4.97776e-05
3.56061e-06
1.37716e-07
0
0.000851156
0.000628474
0
0.000934459
0
0.000255663
0.000387208
7.43237e-05
4.66186e-09
3.89548e-07
0.000185689
0.00022043
6.32009e-06
5.54544e-06
2.22495e-07
1.28893e-06
0.000356305
0.000686297
0
0
0.000862957
3.78758e-05
8.60569e-05
0
1.7213e-05
0
0.000872169
0
0.000216498
0
6.19474e-05
0.000252494
0
0.000152194
0.000714409
0
3.64996e-05
8.43123e-09
0.000429469
0
0
0
0
0
0.00119439
0.000121042
1.46524e-07
1.512e-06
0.000597373
0.000143356
2.71885e-09
0.000566024
0.000782624
2.4908e-09
8.02864e-07
3.75432e-05
1.38344e-05
0
0
0
0.00104121
0
5.71453e-07
0.000241112
0
0.000548462
6.83018e-06
0
0
0.000660661
5.96487e-05
0
8.79641e-05
0.000301973
0
0.000834507
0.00101464
0
0.000479357
7.27552e-05
4.05837e-05
0.000377535
8.70531e-06
0
0.000169774
0.000673836
0.000596578
6.77729e-06
0.000248896
0.000261156
1.41163e-06
8.69839e-09
0.00040399
0.000481346
9.28865e-05
1.40855e-05
0.000760742
6.06274e-05
0.000639634
9.06476e-05
0.00011187
0
0
0.00124141
0.000624026
0.000267306
0
9.61247e-09
0.000184682
2.7924e-08
0.000396968
3.37327e-05
0.000256826
6.04089e-05
0.000141673
0.0005074
0.000400822
0.000641748
0.00097757
2.62075e-06
0.000463176
0.000140244
0.000295189
0.000671772
0
0.000215541
0.000405141
0
0
3.15972e-05
0.00052382
0.00102096
0.000686794
3.68109e-09
1.82983e-05
0
0
0
3.95288e-05
0.000688864
5.85694e-05
6.58189e-08
0.000392391
0.000243688
0
0.000563877
0.000332495
0.000975278
0
0
4.12116e-06
0
2.009e-08
4.42133e-08
0
5.1243e-05
0.000293881
0.000715112
0
0
0
0.000447387
3.59905e-09
3.96464e-05
0.000132845
0.000554394
0
0.000656512
4.35474e-09
0
0.000142331
0
0.000452339
2.7605e-06
7.68662e-05
0.000150041
0.000304527
6.88727e-06
0.000375278
0
0.000370774
0
1.44168e-07
0.000376048
9.98343e-05
1.85993e-09
0
6.26884e-09
0.000929464
2.82772e-06
0.000456408
0
0
0
0.000388011
0
0.000739796
4.35357e-05
3.7906e-10
0.000513673
0.000179848
0.000609033
0.000717599
0.000687428
4.5679e-05
0
7.77995e-05
2.36839e-09
0.000430256
1.33685e-08
0.000280822
0.000341634
0.000269069
0.00127709
0
7.00805e-05
0.000313442
0.000207822
0.000287522
4.01637e-05
8.32147e-07
0.000350456
0
0
0.000206318
8.09223e-05
1.60535e-07
1.70469e-10
3.27144e-05
1.82163e-06
1.35669e-08
0
3.47273e-05
0
6.75478e-05
0.000165612
2.84829e-07
0
8.14263e-05
0
0
0
0.000778082
0.00122148
0
0.00069361
0
0.000413141
0
0
0.000682059
0.000507227
0.000130432
2.93404e-07
0
0
0.00115843
3.02172e-10
0
2.32981e-09
0.000102688
0.00124845
0
0
3.99281e-08
0
0
0.00028234
0.000358741
7.38934e-05
0.000577181
0.00122936
9.78038e-05
4.14374e-05
0
1.5387e-07
4.83075e-09
3.29998e-06
0.000847227
0.000258889
0.000831311
0.000572294
0
0.000285615
0
0
5.01593e-08
0.000209888
6.15534e-05
0.000791022
4.85221e-05
0
0
0.00025888
0.000219532
0.000436604
3.1125e-07
0.000127984
1.02258e-07
6.8715e-05
0.000270832
0.000523245
0.000304186
3.04508e-05
0
0
0.000828445
1.91893e-05
0.00039676
4.10231e-07
0.000192222
0
0
1.55776e-05
0.000707952
0.000560237
0.000410075
0
0
0.000178261
0.000108006
2.7971e-06
1.90224e-08
0.000893488
1.97926e-07
0.000704586
0
0
0
0.000149069
0
0.000909902
2.74129e-05
0
5.49483e-07
8.59123e-07
0
0.000851433
0
0
0
4.13284e-05
0.000155419
0.000147689
6.47312e-05
1.8861e-08
0.000471705
0.000736081
0.000683309
0
0
2.61149e-05
5.80865e-07
0.000722213
0.0010763
0.000318021
1.54548e-05
0
0.000287273
8.41129e-06
4.54309e-06
0
0.00103395
0
0.000476891
0
0.000305006
0
7.79619e-05
8.57419e-09
0
4.9223e-05
9.24086e-05
7.33182e-08
0
0
2.40909e-06
0
4.09836e-06
0
0.000435199
0
0
0.000622876
5.16878e-05
0.00118585
0
0
0.00011311
0.00111466
0.000292184
2.50567e-09
0
4.30304e-08
4.58871e-05
0.00110252
0
0
0
0.00131474
0.000368262
0
0.000452507
0.000343452
0.000209609
0.00042218
0
0
5.37556e-07
0.000821476
0.00084798
2.58329e-08
0.000169534
0.000513047
0.000335601
0.000538385
0.00111567
0.000162559
3.94418e-06
0.000400549
0.000514608
0.000227917
0.000365177
0.000356794
0
0.000170877
8.92459e-05
0
7.51965e-05
4.17742e-08
4.67672e-08
0.000620484
0.000263349
0.000385039
0.000514244
0.000121886
4.33863e-09
5.30684e-05
3.08232e-08
0.0004659
0.000405685
0.000452586
0.000903474
0
0
2.21199e-08
0.00105277
1.66403e-10
0.000133041
0.000899394
0
0.000973639
0.000216367
7.15413e-05
0.000313515
0
0.000679986
0
0
0.000968214
0.000480094
5.07767e-05
1.05964e-07
0.000689298
0
0.000578027
0
0.000831166
0
0
0
4.41058e-07
0.000285593
0.00015698
0.000442477
0.000417672
4.16796e-05
0
0.000212636
0.000429192
0.000915208
4.20869e-07
0.000205039
0.000342374
0.000168609
0.000792941
1.43118e-05
0
9.00478e-08
0
0.000749966
0.000492976
0.000368498
8.4686e-06
0
0.000139357
0
9.02146e-05
0
1.03013e-07
0.000183582
0.000288431
2.91927e-06
0
1.38579e-06
3.77888e-08
0
4.88145e-05
0.000440808
0
7.18712e-09
0
0
2.96994e-07
0.000288612
5.45079e-05
0.000160884
8.66074e-09
0.000572023
2.34569e-06
0.000906047
0
0.00046805
0.000275853
0.000881898
1.02747e-10
0.000505818
0.000875957
0
0
0.000220129
1.03444e-05
0.000261099
8.35735e-05
0
4.55238e-08
0.000844681
0
0
0.000147063
0.000785502
0
0
0.000727456
0.000112312
0.000994406
1.00268e-05
2.0445e-07
0
0.000347584
0.0010165
0.000373101
2.7248e-06
1.80905e-08
0.000137979
2.73221e-06
0.000412564
0.000393296
0
0
0.000354168
7.2904e-05
0
0
0
0.000595691
0.000540045
0.000490665
0.000187031
0
0.000164964
2.00939e-09
2.25417e-05
0
1.47143e-05
0.000232665
0
0.000159831
0
0
0
0.000833428
0.000165086
7.36481e-07
0.000278205
0.00052269
0.000132595
0
0.000581808
0
0
0.000109378
0.00107993
0
0
4.77773e-05
0.000402393
0.000591492
0.000286718
0.000314456
2.30184e-09
0.00110951
0.000404593
0
4.33264e-08
1.48907e-07
0
0
1.13703e-08
0.000783807
0.000673432
0.000108774
0.000678055
0
0
0
0.000244054
8.54876e-05
5.93547e-05
0.00110522
0.000327202
0
0.0011005
1.76062e-07
0
0
0
0
0
0.000735837
0.000307378
0.000324796
0
0.000839577
7.46828e-08
0.000567159
0
0.000556637
0.000946933
0
0
0.000425382
7.66964e-05
1.32858e-07
0.000393861
0
0.000120507
0.000748565
0.000353191
0
0.000106281
0.000692577
5.0269e-09
0.000723643
0.000855777
0.000316907
0.00011514
0.000149128
2.53696e-05
1.37432e-05
0
0.000731932
1.0111e-05
0
0
0
0
0.000258979
4.12808e-05
0.000709571
0.000440025
0.000419058
0
1.70944e-10
0.000525244
0.000762627
0
0
0.000126513
0.000358963
0.000858997
0
0.000262234
0.000272421
0
0
0.000778881
3.17892e-07
0
0.000232495
0.000725941
0.000337994
5.54601e-05
0.000948223
4.62875e-07
1.44812e-05
0
0
3.30549e-05
0.0006747
5.0299e-08
0
0
0.000284519
9.63581e-09
0.000763692
8.92821e-05
0.000433953
0.00107684
0
0.000465913
0.000738137
7.5342e-05
0.00116075
0
7.78667e-05
0
0.000268749
0
0
2.21931e-08
0
2.87279e-09
1.33163e-06
0.00047506
0.00011495
0
0
0
0.00113069
0.000138148
0
3.26275e-05
7.57177e-05
0
1.38387e-07
0.000213848
2.07529e-06
0
0.00113387
0.000903374
0.000204138
0.000203281
1.39272e-06
0.000153064
0
4.36692e-06
0.000636526
0.000617409
2.82532e-05
0
0.00129713
0.00036737
0
0.000556804
0.000316599
5.85729e-05
0
0.00091218
0.000798136
0.000241035
0.000806894
0
2.43761e-09
0
0.000499542
0.00069565
0
5.43756e-05
9.66072e-05
0
1.09978e-08
0
0.000150613
6.04747e-08
0.000569847
0.00106088
0.000199374
5.24923e-06
0
0
0
0.00017822
0.000601698
6.4299e-06
0.00123817
1.87732e-08
0.000195677
0
0.000119815
0
0.00120176
0.00101937
0.000203113
0.00102258
0
1.00293e-09
0
0
3.09044e-05
0
1.94132e-08
0.000133504
0.000210682
2.53748e-09
0.00063379
0.000200493
0.000350361
0.00018641
0.0002634
0.000582729
9.04028e-05
0.00124326
0.000759409
0.00110162
5.41949e-06
0.000495062
0
0.000784665
0
0.000432523
4.80946e-08
0
6.22172e-08
2.50897e-07
0.000140221
0.00076883
0.000337174
9.1042e-05
0.000332994
0
1.24706e-05
0.000297674
0
0
9.62794e-07
0
0
2.51044e-07
3.96221e-06
0
0.000456017
9.65515e-06
5.26243e-09
0
0.000109582
0
0.000201441
1.90565e-07
0.000857684
0.000800089
0.000524754
8.07009e-06
0
2.73631e-08
0.000105107
0.000329074
1.21155e-07
6.41433e-07
0.000485399
0.000318902
3.86384e-09
1.66005e-07
2.9325e-05
0.00012185
0
0
0
0
0.00104329
4.75482e-09
0.000735634
8.12959e-08
0
0
9.10786e-09
0.000283322
0.000514858
0.000262317
0
0
0.000570142
0
0.000551821
0.000618745
2.70296e-07
0.000142822
0
0
3.85708e-07
0
0.000297073
0
0.00016116
0.000166888
0
0.000679729
4.9842e-05
0
0.000164546
0.000343237
0
0.000120746
0.000397508
0.000138738
2.74487e-06
0
1.805e-09
0.000572819
0.000952579
0.00113421
0.000865764
0
0.00106385
0.000222937
0.000601868
0.000505687
3.65737e-05
0
2.25841e-08
9.0578e-05
0.000123055
0.000666914
0.00063978
0.000749924
0.00084409
0
3.33047e-06
1.02082e-06
0.000443243
0
2.84646e-05
0.000793674
0
0.00114978
0.000336708
0.000320839
0
2.97705e-05
2.31836e-05
1.02901e-09
4.50957e-06
0.000469495
0.000140766
0
0.00034315
0
9.38724e-05
0.000189213
0.000605051
8.42077e-05
0.000146664
0.000181483
0
7.98527e-05
1.36594e-07
0.00014315
0.000292523
0.000242932
0.0004577
0
4.24723e-07
0.000235697
0.000293483
0
0
0.000443722
3.80191e-08
0.000360728
0.000209779
0.000325252
0.000772818
2.45878e-07
0.00102669
0.00014965
0.000993164
0.000583201
2.26979e-05
9.04094e-05
0.000544951
0.000414628
0
0.00103944
0
0.00082334
0
0
0.000266645
0
0.000362916
0.000768817
4.68631e-05
0.00038055
0.0001177
0
0.000101715
0
0
0
0.000158689
0
0
0
0
0.000466679
0
6.62295e-08
0
0
0
6.4844e-09
0.000811682
0.000726394
0.000472565
0
0
1.6156e-08
0
0
0
0.000587248
0
0
0
0
0.000532926
0
5.58323e-07
0
2.983e-05
0
0
6.70989e-05
0
0
0
1.30232e-07
2.1424e-08
0
0.000827564
3.47484e-05
0.000848747
0
1.06683e-07
5.97525e-06
0.00132357
1.00579e-05
0.000922782
0.00073299
0.000657751
0.000981955
0
0
0.000171982
0.000837524
0.000571739
0.000397584
7.19405e-05
6.41564e-05
0.000319718
0.000408199
0
0.000270258
0
0.000322034
0
0.000363351
0.000956051
4.51218e-09
1.08244e-07
0
6.99298e-06
0.000290084
0.00053408
0.000481145
0.000190592
2.56926e-07
0
0.000155123
1.01291e-08
0
0
0
0.00089491
0
9.13602e-10
0.00109541
3.094e-07
0
0.000220103
2.47108e-08
0.000153069
1.76792e-07
0.000231733
0.000181558
0.000709445
0
0.00075055
3.64457e-05
0
0
0.000369142
0.000810851
1.02125e-09
5.13433e-07
0
0
8.06483e-05
0.000956495
0.000511577
0
0
0.000759016
5.47973e-09
0.000350654
0.000192082
0.00021625
0.000201489
2.12964e-05
0.000198686
0.00132258
6.00896e-05
3.94457e-09
0
0
9.86363e-09
0.000785756
0.00104346
7.12605e-05
0
5.44723e-06
0.000903346
0.000785128
2.66064e-09
0
3.49096e-08
0
0
1.62305e-05
0
2.69905e-05
0.000272191
1.86369e-05
7.64094e-05
0.00110249
0.000592673
4.57001e-08
5.04758e-06
0.000174588
9.49548e-05
0.000116569
0
6.85786e-06
0.000173568
0.000197997
0
0
0
1.41979e-08
0.000236459
3.12412e-05
0.000825141
0.00046925
0.000159412
0.000262302
0.000218487
0.000659836
0.000659396
6.51e-08
1.69088e-09
8.17409e-08
2.92529e-05
8.55085e-08
0
0.000540545
0
0.000541358
0
0.000525481
0
0.000391889
5.38882e-10
0.000819109
2.58019e-10
0
0.000296834
0.000917553
0
2.83364e-09
0
2.87392e-07
0.000219416
0
0
0.000320148
0.00119585
5.95042e-06
0.000521843
0.00101569
0.00118616
4.9108e-08
0
0
0.000632123
0
9.88684e-05
0.000634157
0
1.8045e-09
0
0
0.000564592
0
4.16586e-06
2.54391e-05
2.41903e-10
0.000598892
3.66588e-05
0
7.2001e-07
0.000277532
0
0
5.35762e-07
0
0.00100061
0.000738731
0
0.000263176
0.000247628
0
0.000411924
0.000298858
0
0
0.00088554
0.000860576
0
0.000142449
3.57305e-07
0.00122086
0.000574141
0
0.000920227
1.25972e-07
6.99094e-05
0
0.000209145
0.000275415
0.000894162
6.85871e-09
0.000141014
0.000158121
0
0.000899544
7.87298e-08
0
0.000615199
0
0
0
0
3.37112e-06
0
0
0.000419381
0.00033397
4.42215e-05
0.000277988
0
8.54065e-05
3.07155e-05
1.91988e-08
0.000918435
0.000832685
0.00065838
6.52353e-05
0
0.00132389
0.000220527
0
2.57616e-09
0.000281819
0
3.32384e-05
3.15262e-05
0
0
0
0
0.000530612
5.37448e-05
0
0.000988887
0.000358857
0.000303336
0.000334116
0.00101607
1.67615e-05
0.000695215
0
0.000582893
7.65331e-09
0.00103615
0
0
1.16145e-08
0.00034675
4.73693e-08
0.000107873
0.000513622
0
0.000573592
0.00100786
0.000944921
0.000676354
0.000454644
0.00101334
0.00122712
0.000783419
3.28355e-05
0
0.000213719
0
8.25814e-07
0.00028004
1.77291e-06
0.000608227
0
0
6.28789e-05
0
0.000584711
0
0.000296302
6.02608e-07
0.000468403
0.00079639
5.81748e-05
0.000236972
0
0.000825509
0.000811035
0.000719852
0.000902159
0.000232805
4.62494e-06
0
6.41969e-08
0.000632526
3.52469e-06
0.000659973
0.000365591
0
0.000328636
0.000170993
0.000514419
5.27022e-09
0.000643256
0.000205648
0.000696368
0.000941122
9.93919e-05
2.16249e-09
1.28057e-06
2.1749e-05
0.000153102
0.000860485
0
1.62677e-05
4.39901e-07
0.000693631
0
7.44733e-05
0
0.000378575
0.000511691
0.000776085
2.44136e-05
5.46119e-10
0
0.00039265
0.000999936
0.000721348
4.58857e-07
7.68087e-07
0.000287765
0.000567352
4.52921e-07
6.76101e-07
1.43445e-07
0.00120421
0
0
0
8.50682e-09
0.000657872
2.53671e-05
0.000660242
0
0.000499106
2.66212e-06
0
0
0.00058969
0
0.000937325
0.000792497
8.91991e-05
1.34379e-09
0.000443443
0.000157319
0.000153196
0.000125366
0
0
0.000247917
7.91064e-07
0.000427355
1.13214e-06
0
0
2.97205e-05
3.63855e-05
0.00068856
9.34911e-05
0.000290597
0
7.34225e-08
4.74933e-05
0
0.000364431
0.000236884
9.86889e-08
0
0.000182313
0
0.00089806
0.000336583
3.02554e-06
1.03933e-05
0.00106966
0
0.000574308
0.00103033
0.000902942
0
0.000552758
0.00037259
0.000180717
0.00104136
0
0
2.81685e-06
0.000325989
6.42828e-05
0.000608733
0
2.28665e-05
0.000707203
0
0
0
0.00038456
0.000419607
0
3.41241e-08
0
0
0.000622728
0.000204256
1.28173e-08
3.99395e-06
0.000848554
0
0.000153775
0
0.000568863
0
0.000131181
3.87324e-08
0
0
0.000211857
0.000169274
0
0
0
0.0002593
0.000662969
0.00126004
0.000734225
0.00120429
1.51033e-06
0.000509208
0
0.000509855
3.0334e-05
0.000560611
0
4.04302e-06
1.3607e-05
0
0.000402669
0.000640568
4.21365e-05
0
0
0.000341021
0
0.000427054
1.58969e-06
0.000326615
0
3.757e-09
6.94305e-05
0
0.000478349
1.47933e-07
0
8.75866e-05
2.43116e-07
0.000638921
0.000198488
0.000255881
0.000879821
0.000255562
0
0
0.000393058
9.73011e-05
0
2.11339e-06
0.00124546
0.000241952
4.74481e-05
0
0.00041684
0
0.000181923
2.43807e-05
0
0
1.57382e-05
9.34606e-05
1.11477e-07
6.01654e-05
0.000455503
0.000233677
0.000174355
6.66467e-08
0
0.0010906
0.000257112
0
0
0
0
0.000139077
0.000476757
0.000110373
0.000485067
0.000797357
0.000755905
2.69157e-06
0.00054964
2.43719e-08
0
0
5.71682e-09
0
2.67913e-08
4.66029e-07
7.18345e-05
0.000926595
0
0.00131712
0.000149556
0
0.000379731
0.000259716
0
0.000727567
6.09987e-09
0.00068726
0.000841754
5.12177e-06
0
0.000173057
0.000425554
0
0
0.00014964
0
1.00082e-07
0.000177409
0
0
0.0010045
0.000148928
0
0.000694168
8.88572e-05
0
0
0
0.00060193
0.000456971
0
0
0.000504736
0.000649517
0.000982868
0.000361082
0.000188861
0.000822779
0.000210056
0
0.000458349
0.000302803
0
0.000802648
0.000884803
0.000737275
0.000343131
0
0.000112964
2.41654e-10
2.1436e-05
0.000201679
1.42346e-06
0.000171118
8.94558e-05
0.000285496
9.23871e-05
2.2838e-09
0.00042925
0
0
6.1452e-05
3.21979e-05
0.000320977
2.63949e-05
8.86213e-07
0.000533449
0
0.000356027
0
1.10604e-09
0.000664713
2.0372e-07
0.00116522
0.000753075
0
4.2899e-05
1.7273e-08
0.00104502
0.000204917
0
0.00108341
0.000477298
0.000641128
8.54991e-08
0
0
0.000502192
0
8.20777e-09
3.635e-10
5.94861e-05
8.99908e-05
4.48887e-05
0.000181474
9.90593e-09
0
0.000881951
0
0.000906113
0
0.000552063
0
0.000434151
3.16197e-05
0.000598705
0.000829271
0
0.000144359
0
0.000269425
1.46852e-05
0
0.00102164
0
0
3.18424e-08
0
0
1.96405e-09
0
0.000343258
0.000144293
0.000300674
0.00118486
0.000356776
0.000753796
2.0707e-06
0.000275853
0
9.20663e-10
3.88396e-05
0
0
7.99596e-05
0.000726063
0
0.000196395
0.00024168
0.000926158
0.00027751
0.000423349
3.23864e-07
0.000907455
0.000248689
1.11518e-05
0.00101575
0.000112844
8.98129e-06
1.96375e-06
4.94125e-07
0.000293811
0.00106581
9.39076e-08
0.000132987
8.8699e-10
0
0.00082402
0
2.50406e-06
0.000447749
0.000216851
0.000594605
0.000875885
0.000379864
0.000885257
0
1.76853e-06
7.09515e-09
0
0.000363486
0.000207853
0
0.000733951
0
0.000428285
0.000117106
0.000955918
0
1.11849e-07
0.000320266
0.000639592
3.24945e-05
0.000186724
9.19175e-05
0
0.000777898
0.000878706
0.000218966
0
0.00102193
1.19153e-08
0.000142024
0.000774575
0.000264392
6.13454e-05
0.00123003
0
0.000341956
0.000181741
2.71387e-05
0.000246659
3.65293e-08
0.00115905
0.000630777
0.000277791
0
0.000203165
2.284e-06
0.00014231
7.29574e-06
0
0
0
0
0
0.000112548
0.000426583
0
0.000541963
0
0
0
0.000347109
0
0
0
0
4.64571e-05
0
0.0001044
4.2076e-06
0.00102528
0
0.000446043
0.000279818
0
0.000285844
0.000323508
5.49733e-05
0.000138561
1.49101e-05
0.000779638
0.000702179
0.000588022
0.000474957
0.00049178
0.000112321
0
0
0
0.000670114
0
0.000620864
0
0
0.000759613
0
0.000925539
0.000172872
0.000156942
0
0.000387956
0
0
0.000546178
0.001092
0.000824576
4.14718e-07
0
0
1.30113e-06
0.00026233
0.000180817
7.36176e-06
0.000954596
0.000909872
0.00071195
7.37457e-06
0
0
0
0.000224078
7.53331e-05
1.52649e-07
0.000828828
0.000371341
1.73251e-08
0
0
0.0004801
0
0.000390977
1.46961e-06
0.000169534
0.000660962
0
0
6.09088e-05
1.90493e-10
0
0.000348267
1.10732e-06
0
0.000372511
0
0
0.000243513
0
0
0.000543533
0.000729107
0.000194506
0.000761079
1.3551e-05
0
0
0.000606536
0
0.00088817
0.000925882
1.95073e-08
0.00048346
1.94572e-05
0.000367838
0.000507991
0
1.57317e-07
0.00123537
0.00086331
0
0
9.38853e-08
0.000300351
1.20526e-07
0
0.000508496
0.000768327
0.000249888
0
0.000568139
0.000326226
0.000726113
0.000877972
0.000133921
3.21579e-08
0.000319132
0
0.00040349
2.61917e-07
4.35146e-07
0.000153043
1.05784e-05
0.000183751
0
0.000271467
0.000341035
0
0
8.17606e-07
0.00102776
0
0.000681286
0.000862706
0
0
0.00020691
0
0.00049021
0.000846145
0.000170431
0.00014999
0.000216355
0
0
0
0
0.000492996
3.89331e-05
2.70744e-07
0
7.51198e-07
0
0.000321897
6.38826e-09
4.76694e-05
0.000321242
0
4.87093e-05
0
0.000176083
0.000109142
1.55773e-08
0
5.13524e-05
6.36982e-09
0.000453997
0.000585527
1.74841e-08
2.21525e-06
0
3.52101e-08
0.000935905
0
0.000270733
0.00048912
0
5.53134e-08
0.000205445
0.000215346
7.13135e-05
0
0
1.13777e-05
5.16994e-05
1.00958e-08
9.47716e-05
4.10408e-05
0
9.58384e-05
0
1.49174e-06
1.55455e-07
0.00132558
0.000965261
0.000490809
0
0.000234032
0.000522
0
0.000467032
7.03807e-06
0.000121327
0
5.57831e-06
1.06098e-09
0.000211755
0
0
0.000845516
0
1.39948e-08
0
8.14225e-08
0
5.7661e-06
0.000615899
5.4685e-06
0.000531968
0
0.000661139
4.78525e-05
0
0.000193016
0.000396156
0
0.000890198
0.000502608
0.0007671
0
2.98046e-06
0.000427682
0
9.72169e-06
0.000673788
0.000514939
0.000144496
0.000683322
3.06458e-07
2.00471e-07
0.000348737
0.000200204
0
0
0.000487708
1.461e-06
9.61749e-08
0.00032625
0
0
0
0
0
0.000338501
0
2.07568e-09
0.00078684
0.000250733
0
0.000599684
0.000543971
0.000234017
0.00114372
0.000623867
0.000448486
0
1.38872e-06
0
4.77627e-05
1.03684e-05
3.56516e-06
5.54662e-05
0.000518621
1.68203e-06
0.000420535
0.000457968
0.000626961
7.50974e-05
0
1.34373e-06
0
0.00041811
0.000663496
0
4.3466e-05
2.61467e-08
0.000654118
1.04625e-07
0.000274169
0.000493252
0
3.18455e-06
4.40298e-08
0.00016426
0.00104202
0.000860277
0
0.000421301
0
7.85122e-05
1.3156e-07
0
0.000865976
0.000784908
0.000646645
0.00106922
0.00055583
0
0.00123656
0
0.000102821
0.000449245
0
0.000999169
0.000612432
0
0.000255713
0.000803908
0.00126218
0.000871457
0.000666038
0
3.28967e-09
3.05964e-07
0
2.59643e-06
1.77711e-08
0.000220152
0
0
9.98258e-07
0.000777306
0.000916244
0.000409704
6.28806e-05
0.000837429
0.00113968
0
1.68764e-06
0.00077432
0
2.81316e-07
2.07635e-07
0
0.000237146
0
0.000533148
0
3.88006e-07
0.000896258
0.000621643
0.000212163
0
0
0
0.000261898
0.00010201
0
1.94808e-05
0
0.000944102
0.000394692
4.69036e-05
3.9166e-07
0
1.35686e-06
0
0
1.35297e-05
2.37991e-07
3.19204e-05
5.7366e-05
0
0.000385974
0.000427401
7.02051e-08
1.11849e-09
0
0.000505195
0.000215568
5.91814e-06
0.000384309
0
1.6379e-05
0.000219508
0
2.00785e-09
0.00060513
0
4.5329e-05
0.000477551
0
6.05057e-05
0
7.76474e-05
0
0
0
0
0.000234923
3.85566e-05
2.0307e-06
6.94778e-06
0
0
0
0.000174335
5.82189e-05
6.39169e-05
0.000119067
0
0
0
0.000310621
0.000969149
0.000216079
9.13853e-05
7.32863e-05
0.000938686
0.000623217
0
0.0004442
0
2.15099e-05
0.000118137
0.000644047
0
0.000665623
0
0
6.01432e-08
0
0.000752133
0.00115364
0
0.000467244
0.000574437
0
0
0.000974839
0.000714259
0.000499066
0.000745332
0
0.000186988
0
0
0
0.00104408
5.14287e-07
5.05845e-10
0
1.17301e-05
0.000279706
4.95799e-05
0.000122086
0.000515944
0.000565813
2.93951e-09
1.61669e-08
9.54932e-09
0
0.000510773
0.000665103
2.56535e-05
0
4.51833e-08
1.41265e-08
0.000615943
0
0
1.19116e-07
4.14997e-08
0.000114868
0.000419883
0
0.000291584
0
2.29327e-06
0.000122529
5.13183e-08
6.93939e-08
0.00082109
1.21083e-07
0.000310157
4.75199e-07
9.02632e-05
0.000811281
1.52134e-08
0.00023134
0.00106787
0.000171756
0.000831657
0.000867949
1.06787e-05
2.16379e-06
6.30097e-05
0
7.56999e-05
4.02349e-05
0.0006819
0.000477498
0.00028496
1.8194e-05
0.000319088
0.000236757
0.000582033
0.000395708
0
0.000551963
0
0
0
1.49372e-07
3.99066e-05
3.73962e-07
0.000261603
3.16915e-07
0.00118296
0.000190682
7.29616e-10
0
0.000468014
0.000596688
0
0
2.37701e-05
0
5.94432e-07
0
0.000800342
0.00104027
1.18753e-07
0
0
0
1.09169e-09
3.72779e-08
1.4906e-05
0
2.89547e-05
6.57976e-05
0.000161689
0.000124011
0
0
0
0.000217805
0.000195275
0
0.000332869
0.0011164
0.000436163
0.000458764
0.000117738
0
4.60355e-09
0
0
0.000907803
0
0.000534188
0.000701371
0
0.00104068
0
6.22938e-08
0.000152084
0
0
1.53053e-06
0.000654512
0
0.000441987
0.000300663
0
6.13879e-08
3.53582e-07
0.000377986
0.000477836
3.69543e-08
0.000915682
0.000447917
6.75651e-07
0
0.000100307
8.78974e-05
0.000717393
3.47997e-08
0.000405061
0.000156107
3.52547e-08
4.57763e-05
0.000221091
0.00126689
0
0.000577799
1.63173e-05
0.000243321
0
0.000544648
3.29215e-06
0.00107732
2.08845e-07
0.00121037
0.000866954
0
0
0.000134975
8.68358e-06
0.000553064
3.74737e-07
0
0.000293268
0
0.000603679
0
0
5.38895e-09
0
0
0.000336129
0
0.000110404
0.000432444
8.48831e-05
0.000731601
0
0
8.19547e-08
0
0
0
0.000183974
0
0
0.00030237
0
1.52841e-05
0.000425426
0
0
0.000119046
0.000745135
0
5.64245e-07
4.19733e-10
0.000409037
0.000865439
0
2.31065e-09
4.03019e-07
0.000523968
0.0012358
0
0.000417056
3.52239e-05
0.000854339
0.000207961
0.000706836
7.16914e-08
8.82589e-06
0.000221144
0
0
0.000323428
4.49268e-09
0.000475151
0
6.31809e-06
0.00019142
0.00102018
0
0
4.26822e-10
0.000230108
0
0.000397958
2.2997e-05
0.000633952
1.39048e-05
2.37508e-05
0
0
0.000112879
4.32662e-05
5.16699e-05
2.9311e-06
0.00131732
1.54092e-08
0
0.000816946
0.000391457
0.000194446
0.000307981
0.000639552
0.00040844
7.3957e-05
0
0
0.000748072
0.000380217
0.00118846
0.000155057
0
0.000426062
3.94767e-05
0.000243005
0.00109844
0.000404265
0.000761016
3.81658e-05
0.00100437
0.00036368
0
0
0.000701806
0.000548068
2.07942e-07
0.000104501
0.000884485
0.000791606
0.000272426
0
1.82206e-09
0.000172976
0.000269539
0
0
1.05383e-05
3.71449e-09
0
3.77655e-06
0
2.32657e-08
0.000565647
0.00106265
0.000290908
6.29498e-05
1.30678e-07
0
0.000101509
0
0
0
0.000243953
0
2.23992e-05
0.000815248
8.96679e-06
0
0.000810697
0
2.24306e-06
0
0
0.000172865
5.62547e-09
0.000185602
0.00041967
0.000621188
0.000242734
0.000742835
0
0
0.000827922
0
0
0
0.000265337
0.000521547
0.000592495
0.000227728
0.000315038
7.20888e-08
0
0
0.000964919
0.000902517
2.56245e-08
2.16996e-07
0.00043918
8.38831e-06
0
0.00111272
8.35003e-05
4.00529e-05
0
3.90564e-05
3.12479e-05
0
8.53372e-05
0.000857304
3.91025e-05
0.000488131
0.00064182
0.00125856
0.000116819
0
9.85522e-05
0.000103473
0
7.0882e-06
0.000127681
0.000807821
0.000159383
0.000721972
0
1.1242e-09
6.72655e-07
0
0
0
0.00120372
0
0.00108853
0
4.7279e-09
2.36378e-07
0
4.65999e-08
0.000225935
4.96871e-07
0
0.00047917
0
2.03308e-08
0.000428475
0.0010429
1.16819e-05
0.000227767
8.72022e-05
1.97514e-06
3.1254e-05
0
4.30213e-05
5.31841e-05
0
0
0
9.36191e-05
0.000887581
0
0.000104449
0.000652554
0
0.00049741
0.00010218
1.19839e-06
0.00054257
0.000393296
0.000592053
1.99175e-05
0.000515729
0
0.000150641
4.60436e-07
0.00105849
6.25484e-05
0.000629942
3.62307e-06
0.00114366
9.65682e-05
0.000818024
0.000245062
0.000306413
0
0
0
0
6.63865e-08
0
0
0
0.000290021
0.000897715
9.58777e-05
0
5.31693e-05
0
0
0
0.000964703
9.84305e-09
0
0
0.000763955
0
1.08054e-07
0
4.23035e-07
0.00025922
0.000196416
0
1.89265e-05
0.000793349
0
0.000673254
0.000209672
0.000323467
6.38891e-05
0
0
8.33199e-05
0
0.000504264
0
0
0
0.000425856
0
0.000835271
0.000707403
0.000381885
1.13644e-06
3.6881e-05
0.0007105
0.000650253
0
0
0.000342438
0
0.000657809
0
0.000225913
0
0
5.17362e-05
0.000363711
5.91695e-07
0.000992916
0.000604142
7.35005e-05
6.23392e-06
6.9086e-05
0
0.00091023
8.48882e-05
0.000248124
0.000416499
0.000910767
0
2.65992e-09
1.8252e-09
0.000196095
0
8.77627e-05
0
0.000141388
0.000443947
0.000422767
0
8.38464e-05
0.000628348
0
0.000259074
0.000317419
0.000317894
0.000898898
0.000535785
0.000262528
0.00112446
0.000257169
0
0.000663404
0
0.00102863
0.000587062
5.64975e-05
0.000593233
0
5.61833e-05
0
0
1.8451e-05
7.12091e-05
0.000260843
0
0.000848365
0.000607977
0
0
0
0.000724526
0
0
0
3.28088e-08
0.000425986
0.000154412
0
0
0.00043457
0
0
1.54159e-07
4.53339e-05
7.1735e-05
0.000350604
3.06054e-06
0.000656699
2.39624e-05
7.08792e-05
4.16613e-05
0.000910072
0.000153002
0.000272007
9.24634e-05
0
0.000604084
0.00086415
0.000268132
0
0.000417086
0
0.00101141
4.48107e-05
7.06755e-05
0.000398383
0
0.000125458
8.90509e-05
0.00103556
0
7.21344e-05
5.82856e-09
0.000385708
0.000186953
0.000405081
2.68754e-07
0.000224472
0.000223327
0
1.89704e-05
5.38972e-05
0.000291778
0
0.000182174
0
0.000121043
0
2.14058e-10
0
0.000612498
0
0.000886754
7.44794e-07
1.14355e-06
0
3.23714e-06
0
0
9.01768e-05
0
0.00123624
0
2.92361e-07
0.000617525
0.000729702
0.000796427
0.000975099
5.07404e-07
9.44231e-05
0
0
3.26832e-05
0
0
0
0
0
0
0.000726725
0.00110683
6.41625e-08
0
3.73261e-05
8.12124e-06
0.000808461
1.60281e-05
0.000412652
0.000625047
0
0
0
0.00100095
0.000716395
0.000895587
0.000328753
0.000930833
0.000595907
0
0.00087943
0.000547189
0.000128403
0
0
0
0
1.07189e-09
1.52716e-06
5.71417e-06
4.52051e-08
0
0.000933114
0.000300067
0
1.30192e-09
4.80077e-08
0.00019369
0
0.000460527
2.37194e-05
0.000625999
1.02378e-07
2.68624e-05
0.000101333
0.00072018
0.000267954
0
0
0.000424796
0.000133602
0
5.67009e-05
0.00013057
0
0.000178471
0.000973723
0
8.83676e-06
0
0.000216419
2.44643e-07
0.000141645
0
0
0
0
1.46658e-09
3.04655e-05
3.59847e-05
1.56641e-09
0
0
0
7.85279e-09
0.000346255
0.000362905
8.87114e-07
0
4.90662e-05
0.000442943
0.000731232
0.000693161
0.000503163
0
0.000624318
5.48916e-05
0
0.000208155
0.000852829
0
1.91478e-06
0.000670384
0
0.000422886
0
0
0
0.000554776
0
0
0
0.000111283
0.000202158
0.000512449
0.000902338
0.00021436
0
0.000872253
0.000634593
0
2.35409e-07
0
0
0.00106741
0.000152907
4.79445e-08
0
0
0.00040836
0.00104291
0
5.68603e-08
0.00109943
7.68362e-10
0.000797284
9.29776e-08
1.93439e-09
0
0
0.000757886
0.000671564
0
0
2.64443e-05
3.9506e-09
3.39128e-09
0
0.00106382
0
3.69237e-05
0.000131482
0.000169375
0.000158806
0
8.39885e-05
0.000141642
0.000503446
8.28895e-06
0.000281415
0.000731632
0.000106108
0.000620142
5.61898e-07
0.000250583
5.37551e-08
0
0.000112593
0
0.000955288
1.24447e-05
0.00043057
0.000576243
0
0.000970052
0
0.000204937
0.000122807
9.18597e-09
0.00014756
5.22563e-06
5.75695e-07
0.000124984
3.19629e-08
0.00111038
5.82568e-05
0.000600861
0
2.68527e-08
0
0
0
0
0
0
5.62425e-05
0.000126965
0
8.45553e-05
0.000355992
0.000153298
0.000938492
0
0.000342275
0.000644513
0.000392347
0
0.000163855
7.87854e-06
0.000111409
0
4.96683e-06
0
0.000816397
9.02665e-06
5.04268e-08
5.77502e-07
2.04172e-08
0.000563593
3.45036e-05
0.0002917
0
0.000438209
0.00104603
0.0001895
0.00027151
0.00106087
0
0.000131757
0
0
7.42867e-08
0
7.31844e-05
0.000874184
0.000572625
0
0
0.000186402
3.35837e-05
0
0
0
0.000143103
0.000690049
0.000985763
0.000862228
0.000872781
0.000215416
0.000145577
0
3.71987e-09
0.000858153
0.000237138
0.000101608
0.000150195
0
2.43673e-05
7.12351e-05
1.15176e-05
2.818e-08
1.7809e-07
5.22352e-05
0
0.00042743
0.000824517
0.000150131
0
3.59675e-09
0.000630926
4.52662e-05
9.46555e-05
1.28301e-09
0.00120623
0.000130608
0
5.13909e-10
2.66756e-07
3.84824e-06
1.29982e-08
0.000474306
8.46765e-06
2.19916e-06
0.000296824
0.000489354
0
0.00057627
0
3.70759e-07
0.000370827
0.000917128
0
3.47297e-05
0
3.09543e-07
0
0.000365461
0.000209305
0.000775015
9.16216e-09
0.000486899
0
0.000846858
0.000241049
0.000969644
0
0.000584863
0
0.000571094
1.12935e-07
0
0
3.09531e-05
0
0.000915951
0.000294484
0.000455039
0.00021735
0.0012866
0
3.30753e-05
0
0.00053019
0
0.000922676
0
1.1737e-06
0
0
0.000943841
0
2.65171e-07
5.55362e-09
0
6.12786e-09
0
4.86991e-05
0
0.000736097
0.000873616
0
1.65524e-05
7.16391e-10
5.89582e-06
0.000126487
5.51694e-09
0.000447214
0.000229833
0
0.000325109
2.94289e-09
0.000453258
9.76573e-05
0
0
0
0
0.000165117
0
0
0.000129466
1.21475e-09
0.000916513
9.03203e-05
0
0
0.00052813
0.000143813
0.000514485
0
1.5725e-07
0.000308754
0.000145467
0
0.000578164
1.20544e-08
0.000207098
1.85639e-07
0.000125694
0
3.7164e-06
5.16272e-05
2.42248e-05
0
0
0
0
0
0
0.00124873
0.0007725
0.00075075
5.7466e-06
0.000216784
0.000322012
2.88954e-05
0.000323166
0
0
0
0
0.000784127
0.000373974
7.75189e-08
0.000393627
7.17395e-05
0.000883693
5.90416e-09
0.000480005
0.00113543
0.00062056
0
0
0.00045164
1.9508e-05
0
4.22087e-06
2.15599e-05
0.000971243
0
0.000960122
0
2.81111e-08
8.93424e-09
9.07482e-10
2.03907e-05
0.000789826
0.000969771
0.000717379
0.000529958
0.000745717
0.000196048
0.000190941
2.29887e-10
6.23211e-09
0.000914018
0.000655491
0.000232943
0.000135513
6.57252e-06
0.00123928
0.000528365
0
0.000947252
0.00099917
0
0.000433156
0.000801629
3.60886e-07
2.89364e-07
0
6.88157e-08
0.00042081
0
0
0
0.000349531
0.00104777
0
0.000144046
0
0
0.00024678
0.00037141
0
3.07118e-05
0.000250602
0.000267536
0.000770807
0
0.000122284
3.65273e-09
0
8.99646e-07
8.28609e-05
1.00205e-09
6.6239e-05
5.7892e-05
4.50878e-07
0.000436286
0.00105651
0
0
0.000260085
8.92456e-07
0.000704556
0.000375468
1.00232e-05
0.000692429
0
0.00032764
0
0.000896919
0
7.37399e-05
3.09983e-05
0
8.15971e-09
0.000226724
0.000440575
0
0.000816265
0.000390448
3.85047e-09
0.000794369
0
0.00116903
0
0
0
7.24749e-07
5.93576e-07
6.49315e-08
0.000142531
0
0.000222048
1.60423e-08
0.00046277
0.00131058
7.64448e-05
0.000776789
0
3.43316e-05
0
0
6.47678e-05
0.000436363
0.000848152
0
0.000151187
0
0
1.85354e-09
0
0.00119828
8.39012e-05
0.000427301
6.1842e-10
0.000675798
0
0
1.96535e-09
0
0.000840699
0.000815211
0
7.25483e-09
0.000695018
0.000727031
0.000349233
2.43732e-09
0.000856495
0.0001691
0.0010455
8.48162e-06
1.74779e-07
5.25271e-08
0.000469785
9.53768e-05
0.000109449
0.000286141
0.000867897
0
0.000677145
0
0
4.10654e-05
1.38166e-06
0.000652645
0
0
0.00049295
0.000657744
0
3.1749e-06
1.36437e-05
0.000666496
0
0.000830997
0
0.000374739
1.17506e-09
0.000234718
0
0.000245207
0.000133961
0.000368077
1.73184e-07
0.00071809
0.000176075
0.000229868
7.42916e-08
0.000251658
0.000430597
0
1.8853e-09
0
0.000881275
1.57007e-05
4.77466e-07
0.000189331
3.02082e-05
0.000125434
1.29265e-05
9.81493e-05
0
0.00042634
6.36049e-09
0.000290948
0
0.000140469
0.000106749
0.000603788
0.000491109
0
4.135e-06
1.29682e-08
0.000575942
0.000588174
0.000398534
0.000412451
0
0
0
0.000789918
0
7.35901e-05
0.000399297
8.59287e-05
0.000432422
0
0.000964739
2.58661e-09
0
0
0
2.3223e-05
0
1.34243e-06
0
0
0
4.32441e-06
0
0
0
0.000443721
8.50886e-07
0.000719092
0.000247129
0
0.000172644
7.85085e-05
0.000319438
0.000216924
6.51495e-05
7.31946e-05
0
1.37458e-09
0
0
0
0.000943457
0
0
6.68688e-07
0.00022238
0.000208646
0
0
4.34115e-10
0.000200529
5.4701e-07
0.000820891
0
0
1.82242e-05
0.000202342
5.24868e-06
4.8065e-05
0.000439242
0.000354724
0.000699968
0
0.000658073
0
0.00035227
1.03879e-05
0.000346971
0.000101606
0.00016946
0.000280103
0
0
0.000308556
0
7.59573e-05
0.000376586
0
0
2.71684e-09
0.000520158
6.58584e-05
3.15478e-08
0.000860564
3.72394e-05
0
0
0
0.000345775
0.00108788
3.33328e-08
0
0.000267476
0
1.25985e-08
0
1.88262e-06
0.000524592
0.000434373
0.000277104
0
7.54972e-05
0.000453648
0
0.000714445
0
0
0.000279947
0
5.91263e-08
0
0.000821973
0
0.000551843
8.07204e-08
0
1.40308e-05
0.00104988
0
0
0.000811571
0.000320323
0
1.26914e-09
0
2.10468e-05
0
0
0.000687853
0.00107516
1.69862e-09
0.00058676
0
0.000609747
0.000134647
0
0.000134914
0
4.79904e-07
0.000420944
0.000211646
0.000786736
0.000347838
2.4981e-05
2.94222e-09
3.56228e-05
0.000281679
0
0.00014441
0.000989665
0
0.000654751
0.000302548
0.000256809
0.000218444
0
0
0
0.000835798
0
0.00093546
6.52943e-05
0.000985327
1.44604e-05
0
6.32743e-06
0
7.76014e-05
0
0.000659794
0
0
0.000297096
0.000142771
0.000344089
0
0.000324862
0
0.000367296
0.000768818
1.64162e-05
0
0.00102964
0.000454568
0.000761444
0.000302193
0.000696103
0
0.00014376
0.000445263
0
0.00109785
0
0.00123945
0.000590569
7.34317e-05
1.57757e-09
0.000150045
8.76959e-05
1.19373e-08
0
0.000596512
0.00020255
0.00025033
8.96599e-09
0.00070326
0.000766479
3.70434e-05
0
0.000135891
1.46404e-08
0.000695684
5.26874e-05
0
0.000793181
0.00130656
0
0
0
0
0
1.86018e-09
0
0.000706285
7.66525e-05
0
0.000303248
0
0.000472972
0.000412402
0.000229297
0
0.000500416
0
0
0
3.76781e-06
0
0.000518238
0.000656673
0
0.00108779
0.00101609
3.55854e-05
7.16134e-05
0
0.000336038
2.27269e-05
0.000203726
0
9.21418e-06
6.62098e-08
0.000772816
5.25964e-08
1.16819e-08
3.0649e-05
0
0
0
0.000131307
0.000415824
0.00113753
0
0
0.000337833
0.000687184
0
0
3.46692e-06
0.000964796
0
1.01804e-05
0.000741516
0
0.000192712
1.886e-05
0.000452986
2.05007e-06
0.000332413
0.000959006
0.000999146
0
0
2.60795e-07
0
0.00103326
1.66396e-06
1.16944e-05
0.000118974
0.000315584
1.82938e-07
0
0.000729575
0.000109336
0.0011176
7.35342e-05
0
0
6.03527e-08
0
0.000981718
0.0006675
2.12533e-06
0.000197521
0.000635329
0.00036745
9.41357e-09
8.67662e-05
0.000795978
0.000801387
0.000186211
8.52402e-05
0
0
3.58805e-08
1.83799e-05
0.000392551
0
2.88194e-08
0.000246163
0
0
0.000201307
0.000409616
2.73424e-09
7.06573e-05
0
0.000278945
0
1.0417e-06
4.24909e-09
0.00112379
0
0.000261298
0
0.000129481
0.000264113
0
0.000446852
7.33024e-05
0.000684133
0
0.000389767
0
1.67231e-05
6.57072e-05
0
0.000276161
0.000769918
0.000629725
2.42314e-05
0
0.00108536
0
5.33011e-09
0
0
0.000800871
0.000601214
0.000275248
0.000126519
0.000584812
0.000415825
0
0
0
8.04895e-06
0
0.000801008
0
7.01339e-07
0
1.60616e-05
0.000889903
0
0
0
0.000493194
0.000331955
0.000440389
0.000175285
0.000114923
1.26278e-06
0
0.00105981
0
0.000219287
0
5.0759e-06
0
0.000299679
0
0
0.000897733
0.000121913
2.38221e-08
4.16686e-06
0.000228557
3.89854e-08
0.000269264
0.000342302
0.000259612
2.66451e-07
1.25768e-09
0
0
0.000477656
0
0
0.000279728
0.000284305
0.000130821
0.000847405
0.000643183
0
0
7.38787e-05
0
4.69709e-06
0.000347067
0.000240062
0.000695801
4.77735e-10
0.000455256
0.000157468
1.99903e-07
0.000329973
2.11211e-06
0.000568574
1.59511e-07
0.000121822
4.76808e-10
1.76056e-08
0.000295391
0
7.23874e-05
1.92834e-07
8.85414e-06
0.000181114
0.000378017
0
0
0.000616922
9.65948e-08
0.00011045
0.000587902
0.000211024
3.77389e-06
3.98136e-08
0
0.000556109
0
0.00106805
0.000230203
0
0
0.000257911
0.000226043
0
0.000422424
0
0.000269219
0.000102514
0.00040978
3.60269e-05
0.000757017
0
0.000375044
2.82024e-07
0.000165205
0.000340267
0.00090992
0.000555567
0.000941978
1.23955e-08
3.88878e-09
0.000379431
0.000504573
8.9488e-05
0.000786283
1.96264e-06
0.000198031
6.72242e-07
0
6.58239e-05
2.13838e-06
0.00105543
7.80378e-11
0.000352949
6.46591e-06
0.000189862
0.000667244
0.000742827
0
0.000216477
0.000497625
5.4509e-09
9.13548e-09
0.000242303
4.76504e-07
2.09624e-06
0.000286589
0.000131569
5.3519e-05
0
0.000291677
3.00915e-10
0
0
0.000537411
0.00102793
0.000226994
0.000789998
0
0.000452127
0
0
0.000322418
0
0
0
0.000269027
0
0
0.000524294
0
0
0.000360418
0.000323857
0
0
6.44847e-08
0.000166337
0
0
1.65375e-08
0
4.98471e-05
0.000698643
0.000183323
0
0.000221545
0.000373579
0.000815869
1.10643e-06
3.13332e-05
1.05872e-08
0
0.000443784
0.000135306
0
7.71227e-07
0.00113922
4.13285e-08
2.34316e-05
0
0
0
0.00018554
0.000154972
0
0
9.03602e-05
0
0.000462736
0.000355609
7.71075e-10
0.000576321
0
0.0004743
1.38678e-05
0.00100734
0.000262074
0
0.000332938
0.000251378
0.000234058
0
0.000940648
5.69352e-06
9.55092e-05
1.06028e-07
0
0.00101947
0
0
0
9.62719e-06
2.16489e-09
0
5.38235e-07
0
0.00107619
0.000453132
2.46389e-05
0.000741766
0
0
0.000424277
0.000884947
0.0006249
5.66447e-08
0.000177594
0.000294887
0
0.000698449
0
2.80203e-08
0.000256807
0.000311574
0
0
1.33413e-05
1.16984e-05
1.34947e-05
0.000151479
4.80197e-06
0.00052558
0
0.000642587
3.29213e-06
3.17467e-09
0.00087658
0
0.000101716
0.000888202
2.10658e-07
2.83293e-07
0.000488439
2.4226e-08
0
0
0.00041088
2.57661e-08
0
0
1.49293e-08
0
0.000137142
0.000273683
0.00108219
0.000144787
6.34891e-05
0
0
0.000710333
0
7.00055e-07
0
0
0
0
0
0.000251768
0.000445716
4.91235e-06
3.77638e-05
2.04976e-06
0.000662027
0.00112484
4.28453e-06
0
0.000686
1.06534e-05
4.81215e-06
1.60686e-09
0
0
0.000363945
0
0.000681827
0.000191014
0.00110754
0.000672738
7.63985e-09
8.22017e-09
0
0.000352501
0.000223188
0
8.18912e-09
0
0
0.000588504
0
0
0
0
7.38697e-07
0
1.10018e-08
0
0.000501938
0.000645041
0
0.000533469
0
1.07851e-09
0.000602056
0.000553295
0
0.000809558
2.68922e-08
0.000201129
3.32034e-09
0.000452185
0.000835263
0.000751908
4.12365e-06
0
0
1.91085e-08
0.000908597
0.000694546
2.36494e-08
9.77149e-06
0.00038778
9.35078e-05
0
0
0
0.000359204
0.000920438
0
0
2.24663e-05
0
0.000703157
0.00129712
4.705e-05
0.000287448
1.17141e-06
0.000108313
0.000349574
0
1.08069e-08
0
0.000153258
0
1.28541e-05
0.000852006
0
0.000604887
0.000324626
6.4271e-06
0.000303037
0.000108922
0
0.000737389
0
5.67302e-05
0.000177468
1.10896e-07
2.6732e-05
0.000706705
5.13043e-05
0.0006312
0
1.43511e-05
0.000492668
0.000833854
0.000751298
0.000570418
0.000903154
5.6406e-09
0.000426294
0
0.000171993
0
0.000190693
0
6.65975e-05
0.000599714
0.000783542
0.000939709
2.08387e-07
0.000411275
0.000276168
6.63703e-06
0
1.35917e-07
8.89201e-06
0.000136338
0.000895774
0
0.000411329
0.000393539
0.000196348
0.000282974
5.34168e-06
0.000664381
0
0.00100614
0.000325571
0
0.000120265
0
0.0012686
0.000327399
0
0.00012213
0.000226234
4.92778e-09
0.000633531
0.000460329
0
0.000466798
0
0
1.10402e-07
0.000877578
0
2.92279e-07
0.000958237
3.38949e-07
0.000216521
0.000559393
1.10617e-05
9.86747e-05
1.48282e-06
0.000210642
0
0.000179706
6.80231e-10
1.78824e-05
0
0
3.38616e-05
2.23993e-07
0.00112657
0.000281055
9.74633e-05
0.000130665
0.000284654
1.60178e-05
0
6.73822e-06
0.00018253
0.000277876
2.91193e-05
0.00085935
3.72075e-06
0
8.42312e-10
7.2297e-05
0
0.000164519
0
0.000930318
1.74572e-07
0.000711015
0.000284128
0
2.67245e-07
0.00124887
0
0
0.000462542
0
7.4952e-06
0.000167643
0.0010352
2.04375e-10
3.25436e-07
0.000367815
4.18873e-07
0.000491647
0.000123317
6.87349e-05
0.000207836
0
0.000278202
1.16844e-06
0
0
0.00118392
0.001084
0.00096264
0.000314264
0.000151641
0
0
0
5.08546e-08
1.36372e-08
1.10923e-08
2.12293e-07
0.000535048
0
0
0.000283182
6.29366e-07
0.00107812
0.000385564
0.000628977
0
0.000424876
0.000631286
0.000171161
0.000183936
0
7.64625e-05
5.1933e-08
0.000441594
0
0.000596638
0.000415234
0.000573091
0
3.94971e-08
0
2.39186e-05
0
0.000558334
0.00093764
0.0010278
0
0
0
2.89065e-09
0.000329428
0
0.000367758
0.00103525
1.27402e-07
0.00108955
1.4867e-05
0.000428769
0.000348418
0
0.000863972
0.000875482
0.000404072
8.52036e-06
9.29496e-06
0
2.3799e-05
0.000301527
0.000403051
0
0.000116573
0.000809338
0
0.000247089
0.000169924
0
3.74409e-07
5.18238e-06
8.35118e-05
0.000147579
0
5.19175e-05
6.93005e-05
0
0.000749877
0.000399384
1.01164e-08
0.000903806
0.00065621
0
0.000266868
0.000803105
0
6.95831e-09
5.54006e-05
0.00120204
3.72805e-06
0.000481628
7.53698e-06
7.93232e-06
0
3.85211e-09
1.81175e-06
2.12771e-07
0.00039553
0.000796144
0.000298297
0
0
0.000174243
0
0
0
8.26165e-05
0.000634425
0
4.31488e-09
0
0.000269947
1.63581e-07
6.81054e-06
0.000116368
0.000689006
0.00013412
0.000909207
8.38404e-05
8.23573e-05
8.02051e-05
8.65664e-07
0.000948653
0.000868911
0
0.000172285
0
0.000302056
7.87708e-05
1.98394e-06
2.55984e-05
0.000967114
0.00072972
0.000944561
0
0.000275568
0
0.000549483
1.52023e-08
2.84806e-05
2.26606e-08
0.000221257
0.000557146
0.000126339
0
8.35113e-05
8.29287e-06
5.11596e-06
0.000703027
0.000386343
0
0
0
0.000934316
1.09545e-07
0.000907212
0.000610816
1.16007e-05
8.38833e-08
2.17905e-08
0
0.000383493
3.60066e-05
0
4.14738e-05
4.26382e-09
0.000307797
0.000253257
0
1.0975e-05
0
3.66421e-09
5.88512e-08
2.22997e-06
5.07639e-08
0
0
0.00107298
0.000193413
3.05605e-08
4.90031e-05
0
1.38175e-07
0
1.91547e-05
0.000595404
0
3.90767e-05
0.00031351
3.39947e-05
0
0
0.000372383
0.000970052
0.000409254
0.00013477
1.20794e-06
0
0.000256697
0
0
0
0.000437523
0
9.32105e-06
2.44312e-07
5.79015e-09
0.000484649
0
0
0.000291729
0
0.000520481
2.62198e-06
3.34473e-05
0.00109988
0
2.49622e-09
0.000421171
0.000449383
0
0.000813648
0
1.06657e-05
0.000226861
0.0010822
1.56336e-08
2.01835e-05
0.000429733
0.000473888
3.21061e-05
0.000189924
0.000785309
0
0.000446427
0.000407668
0.00038694
0
8.93441e-08
0
0
0
0
4.76276e-07
0.000165962
1.0028e-05
5.21603e-06
5.50122e-09
0.000562202
0
0
0.00034237
0.00014599
0.000372136
0.00033724
0.000222239
0.000246527
5.50574e-07
0
0
0.000768429
8.24598e-05
3.22666e-08
0
0.000108592
0
0.000413337
0.000455669
0
0.000115423
0.00052651
0
0.000282198
0
1.84319e-06
0
9.15256e-05
0.000201686
0.000645966
0.00103918
0
0.000329542
7.87234e-06
0.000315901
0
1.94737e-05
0
0
0.000435571
0
0
1.01357e-05
9.091e-08
0.000478508
0
0
0.000125251
0
0
0.000418686
6.29911e-05
0.000360193
0
0
0.000259477
6.02309e-05
7.45817e-05
0.000192524
0
0
0
0.000688634
4.89888e-06
0.000172731
2.59463e-05
0
0.000160651
0
8.75434e-07
0.000667835
0
0
0.000327537
0
0.000269292
0.000395425
0
0
6.66316e-05
0.000423624
1.06884e-05
0.000209081
0
0
1.94205e-06
0.000267895
0.000771305
0
0.000277439
0
0.000220108
2.2432e-08
1.93631e-09
4.03847e-05
0
8.58856e-09
0.000341509
6.90993e-09
2.68579e-05
0
0.000599951
0.000462092
0.000880308
7.80854e-09
0.000766539
2.33562e-05
0.000650749
7.81668e-05
1.49345e-07
0.000397258
0
0.000723924
0.000460933
0.000769138
0.000212433
0
0
0
0
0.000395149
1.66741e-05
8.94223e-09
0
0.000694577
0.000989789
0.000173376
0
0.00104303
0.00078699
0
0
0.000211639
0
0.0012176
0.000176211
8.73686e-05
0.000580644
2.7986e-07
0.00116295
1.06794e-05
0.000591943
0.000659923
0.000414362
0.000541285
0
0.0001719
4.02049e-05
1.91922e-05
3.43066e-09
9.03265e-08
1.00251e-05
5.90611e-06
5.83465e-05
0.000138588
0
0.000560963
5.47941e-05
0.000183336
4.65223e-05
8.11848e-06
9.56108e-06
0.000452028
2.82436e-07
0.000271786
0.00092062
0.000869917
0.00075233
0
0.000335787
2.28782e-08
0
0.000291847
0
0.000842508
2.14716e-07
0.000246224
0
0
0.000155501
0
2.84874e-09
0
0
0.00121218
0.00107937
0.000207715
0
0.000399226
8.35772e-08
1.84983e-06
0.000645641
0.00071295
0
0.000381384
0
0.000506333
0
6.5362e-08
0.000346243
0.000611715
0.000713192
0
5.11314e-05
0
0
0.000830833
0
0
0.000767608
0
0.000290481
0.000737758
0.000691403
0.00055526
0.000213637
0.000193715
0.000186363
0
0
5.31213e-05
0
0.000259714
1.4146e-06
7.30571e-05
1.32252e-09
6.71247e-05
0
0.000694822
0
0.000165898
4.53732e-05
6.77315e-06
0.000647467
0.00060616
3.17273e-07
0.00122125
0
0
0.00077581
0.00057874
0.000312171
0.000221675
1.30642e-07
0
0
2.9713e-09
0
0.00058335
0.00116917
0.000505945
0.000690574
0.000269465
0.000735441
5.32203e-05
0.000581295
0
0
0
0.000660346
0.000299337
0.0010492
0
0
0.000469762
2.56181e-08
0.000317626
4.84428e-05
0
9.92911e-08
0
0.00112158
0.00100969
0.000390213
0
0.000279464
1.12033e-06
7.75953e-06
6.02294e-05
0.000142715
0
4.91113e-06
7.6042e-05
0.000701631
0
5.56368e-05
0.000674255
0
0.000209378
0.000195954
0.000136054
0.000118873
0
0.000500121
0.000492726
0.000434983
0.000586355
3.49598e-07
2.00012e-06
1.50573e-08
0
0.000840239
0.000369798
0.000272243
1.70448e-05
0
0.000423388
7.4955e-05
0
0.000143141
1.66272e-05
0.000427025
0.00107694
1.4357e-07
0
0
0.00104517
0
0.000895683
0
0
0
0
0.000138307
9.15065e-06
0
0.000349716
0
8.79317e-08
0.000473258
0
3.82171e-05
0.000273983
0.000621146
1.81493e-06
3.27537e-05
0.000286435
8.87947e-05
0.000982693
0.000381928
0.00100846
0
0.000680842
0
7.10944e-05
0
0
2.3716e-05
0.000611857
0.000308273
0.000760622
0.000450193
0
0
0.000401877
0.00123147
0.000455149
0
1.78864e-09
0.000617233
0.00042348
0.000132803
0.000315877
0
9.78085e-05
0
0
0.000549378
0
0
0.000713418
0.000390428
0.000251648
0
0.000902204
0.000177177
0.00079542
2.77559e-09
0.000683916
0
2.40267e-06
0
0
0
0.000701687
9.91334e-05
0
0.000666069
7.38541e-08
0
0.000647944
0.00118847
7.21924e-05
0.000236005
1.54528e-05
6.44907e-05
0
2.91839e-06
3.71919e-08
0.000158682
0
1.25271e-09
0.000659701
0.000463872
0
0.00076031
0.000216294
2.48759e-09
0.000608126
0.000689826
0.000717682
0.000601536
4.24161e-06
0
1.62022e-09
0
0.000238191
0.000651024
0.000368443
0.000451212
1.56449e-07
0
0.000302555
0.000638406
0
8.98536e-05
0.000754824
0.000538478
0
0
0.000754627
0.000969679
0.000413346
0.000242273
0.000406977
0.000479919
0
0
0.000172939
0
0
0.000208136
8.02947e-05
9.36379e-05
0
0.000473017
5.74666e-06
3.0197e-05
0
0
0.000684855
8.59533e-05
0
0
0
0
0.000291335
0
0.000993813
0
0
0.000560327
9.44911e-10
0.00102396
0.000204839
0.000718203
0
0.000644685
1.49739e-08
0.00115042
0.00090318
6.39383e-05
0.000192452
0.000968826
0.000640275
0.000150653
0
0.000110602
0.000168999
0.000564267
0
0.00092325
3.3519e-06
0
0
0.000717097
3.59004e-09
0.000153672
0.00112958
4.47749e-05
0
5.51701e-09
0
0
0.000398633
1.81795e-05
9.06929e-05
0
0.000377782
0
0
0.000616296
5.87222e-05
0
0.000217297
0.000598288
0.000801616
0
0
0
6.70286e-06
0
0
2.46199e-09
0
0.000403823
0
1.05328e-07
1.1451e-08
8.83969e-07
0
0
3.02575e-08
0.000299958
0.000845735
1.80624e-07
2.40228e-07
0.000520276
0.000843045
0
0.000395362
0.000728949
0.000298505
0.000562988
0.000673273
2.89167e-05
2.61369e-05
0
6.58213e-05
0.00060015
0.000701722
0
0.000709565
0.000579328
9.18202e-06
0.000729573
0.000442308
0.000388287
4.7306e-10
0
9.2422e-05
0.00115906
9.40456e-07
0.000666441
0.000144788
0.000254483
0
0.000536139
0.000703924
0
0
0.000113569
9.09345e-09
0.000456401
0.000447323
0.000394547
0
0
0.000536173
0
0.000193562
0.000237702
0
0
0.00110018
0
0.000151976
0.000781342
0.000104695
0
3.38369e-05
0
0
1.86102e-08
0.000289268
0.000184636
7.58954e-06
0.00044096
0.000425983
0.000599079
0
0
0
5.05085e-05
0.0007411
0.000219312
0
0
5.3201e-08
4.10953e-07
0.000451336
0
0.000567889
4.05241e-06
7.35273e-08
4.47402e-06
0
0
0
0.000298543
1.19322e-07
0
0
0
7.64121e-05
0.000654461
0
0.000507378
0.000470471
0.000986205
3.89613e-06
8.6018e-05
3.57993e-09
9.41325e-09
0.000301853
0.000192011
0
0.000132107
0
1.16427e-05
0
0
0
0.000283595
3.05939e-05
0
1.4782e-05
0.000197775
0
1.95726e-05
3.64741e-05
0.000499307
0.000374723
0.000791681
5.34162e-09
0.000260934
2.35062e-05
0.000257134
0.000752468
0
0
6.33747e-08
0.000329786
0.00030405
0.000267719
3.70551e-05
3.31125e-06
3.93976e-08
1.31716e-09
0
0.000181599
0.000142759
0.000186893
0.000406803
0.000230066
0.000810092
0.000160925
0.000945679
0.00088592
0
0.000812416
0
0.000101709
0
0.000658957
0
0.000361731
0.000948396
4.967e-07
0.000914341
0.000248655
0.000254299
0.000591067
0
0
0
2.26272e-07
0.000207131
6.09314e-05
0.00018246
0
2.977e-06
0.000512514
2.649e-05
0.000685375
0
4.35834e-05
5.38483e-06
0.00126378
0
4.0165e-05
1.95886e-06
0
0
0.000751236
0
3.08683e-05
7.83356e-09
2.27826e-10
0.000331817
0.00024482
0.000312161
0.000351428
0
0.000745572
0
0.000121975
0.000111863
0
0
0.000956786
7.81537e-07
5.83373e-05
0.000118278
0.000256827
0
7.18368e-05
0
0
1.72335e-05
0.000548317
0.000468048
7.72994e-05
0
0
0.000874181
0
0.00018427
2.32433e-05
0.000418333
0.000341693
1.33821e-05
0.000929279
2.62337e-08
0
0
2.67791e-05
0
4.09037e-05
0.00012053
0
0.000434092
0.000209945
0.000516078
3.22575e-05
0.000540335
2.59691e-08
0.000411762
0
0.0003088
2.10594e-07
0.000461149
0.000249085
0.000445108
0.000334615
0
0.000649475
1.17666e-05
0.00030283
0
0
0.000690587
0.000313055
0.000659057
0.00125145
1.11261e-05
0
0.000874637
0.000211158
0
0.000408733
0.000257235
0
0
0.000479454
1.61828e-07
9.65774e-09
0
0.00111569
0
9.60321e-06
0
0
0.00103251
0.000519653
0.000761283
0.00094714
0.000151136
2.73025e-07
0.000366008
0.000288614
0
0
7.92308e-06
1.818e-09
6.89284e-07
4.22807e-06
0
0.000982378
0.000623832
0.000586534
0.000650644
5.56135e-05
1.8027e-07
9.08766e-05
0
0.000424757
0
3.9415e-07
0
0.000143251
1.02686e-06
1.51568e-08
0
9.53332e-08
0.000145534
0.000855995
6.01642e-09
0.000498458
0.000522586
8.11316e-06
2.2798e-08
6.83502e-05
0.000257824
1.15729e-06
0
1.8032e-09
0.000415363
0
0
3.0034e-09
0
0
0.000150072
0
0.000144177
0.000375585
0
3.17383e-05
6.28753e-08
0.000226284
0
3.97477e-07
0
1.19238e-08
0.000124552
0.000547507
0
9.10476e-07
0.000491853
0.00104407
8.30469e-05
3.7161e-09
0.000305045
7.6965e-06
0.00087548
8.20006e-07
0.000765851
0
0.000462577
0.00118376
0.000544623
4.93523e-05
0
0.000917629
3.17398e-08
0
0.000433874
0.000226195
0
7.04728e-07
0.00013531
0.00123179
0.000279336
0.000118492
4.31357e-05
0
0.000528212
0
5.11791e-09
0.000940743
0.00074425
0.000592932
0
0
0.000494441
1.89873e-05
3.89052e-08
1.45999e-08
0
0.000716288
0
0
1.46286e-08
0.000939318
3.9889e-05
0.000109662
8.89213e-08
0.000497851
0
0
6.64677e-10
0
3.91367e-09
0
5.83632e-09
0.00022707
0.000331955
1.59626e-08
0.000350621
0
0.00122087
0
0.000884296
0
0.000412292
2.25295e-05
0.000292869
0
1.75819e-09
1.26613e-06
0
0.000144043
0.000884508
0.000154176
0
0.000967702
0.000555973
0.000215182
2.77171e-08
0.000694141
0.0012191
0.000167391
6.67794e-10
9.40587e-05
0
0.000158647
0.000600528
5.95622e-05
0.000370909
1.38616e-05
0
8.28073e-05
1.80323e-05
0.000268656
0.000543267
0.000167735
0.00043094
1.07863e-05
4.28838e-05
1.4112e-08
0.000340008
0.000111961
3.49741e-08
0.000343123
7.56888e-07
0.000535104
0
0
0.00106075
2.65024e-09
1.16361e-06
1.18367e-06
0
0
0.00125929
5.54636e-09
0
0.000143249
4.08757e-06
0
2.28702e-08
0
0.000291307
0
1.96293e-07
0
0
0.000159716
0
4.36755e-08
3.01694e-09
0
4.92367e-09
0.000453451
0.00076575
0.00107899
0.00020538
0.000714735
0.000149775
0.000344086
0
0.00114394
8.81718e-06
4.36965e-05
0.00026418
0
3.35771e-06
0
1.2836e-06
0.000689416
0.00077696
2.20892e-07
0.000387772
0.000596331
0
0.000170672
0.000459609
0.000844619
0.000125058
0
0
0
0
2.84644e-09
0
3.28783e-09
0
2.98948e-09
7.86994e-07
4.06918e-06
0.000290653
0.000696634
0
1.87476e-08
0.000774325
6.56038e-05
0.0004022
0.00013079
0.00115447
0
5.28578e-05
0.000495864
0.000219301
0
0.000441024
0
0.000187009
0.00048525
7.40183e-05
8.4891e-05
3.28841e-05
0.000126328
0.000149363
0.000148769
0.000550035
7.0189e-05
0
0
0.00066558
0.000748736
6.63308e-05
0.000544348
6.67549e-08
1.65266e-06
0
0.00085228
0.000982826
3.40087e-10
0
0
0.000859408
0
3.54153e-06
0.00101143
0.000448527
0
0
1.25972e-09
0.000637868
0
0.00010745
0
4.87981e-05
0.000111773
0.000774791
0
0.000514908
0.000350731
1.05056e-08
0
0
0
0.000859085
0.000538845
0.000258087
4.53131e-08
0.000281363
0
0
1.75102e-05
0.00071076
0
0.00106729
0.000407779
0.00103285
0
0.00122952
0
0.000500729
0
0.00012715
0.000740858
0
0
0.000324016
0.000187527
0.000223719
4.65372e-07
6.18872e-05
0
0.000553784
6.51004e-05
0
2.49623e-05
0.000309317
0
0
0.000289018
0.000447824
0
0
0.000501853
8.6406e-05
7.32761e-05
1.8635e-08
0.000118471
0
4.54935e-05
0.000649608
0.000530545
0.000679347
0.000574083
2.27968e-05
0
0.000855109
0.000746062
0
0.00104921
0
6.5714e-05
5.80679e-05
0
4.46662e-05
0.000397673
0.0010503
0.00019119
0.000832241
0.000151566
0.000872962
0
0
0
0
1.77006e-07
0
0.000930429
0
0.000148361
0.000495296
0
4.29406e-08
0
0.000659674
8.92971e-08
0
3.12364e-10
0
1.06318e-08
0
0
0.00100572
0.000538998
0.000397197
0
0
0.000361229
0.00103332
9.64575e-05
0.000457656
0
0.000568091
0
0
0.00075995
2.08331e-05
7.46089e-09
0.000781439
0.000305907
4.55189e-05
2.23749e-06
2.78565e-08
0
0
0
0.000706347
5.52792e-09
3.20281e-08
3.54236e-06
0
2.97346e-06
0.00109408
1.25044e-05
1.31367e-06
0.000809678
1.91546e-05
0
7.28063e-05
4.85036e-07
9.97495e-05
1.39859e-05
0.000929445
0.000464013
0.000241725
4.29108e-08
0
0
6.30009e-05
0.000835127
0
6.16136e-05
0
1.95154e-07
0.000666684
0
0
0
0.000287212
4.4185e-06
5.01537e-08
3.77712e-05
0.000133474
0.000979335
1.1632e-05
0.000448389
0
0.000752465
2.00048e-05
1.00576e-06
0
0.000786395
5.36635e-06
8.9759e-05
0.00113053
0.000541399
0.00040271
0
0.000180758
0.00124691
0.000197979
0
0.000315069
5.93102e-07
0.000198224
0.000839801
0.000428972
0
0.001006
0
0
0.000138721
4.25854e-05
0
0.000277231
0.00103738
2.36709e-05
0.000407217
0
0.00080873
0.000240309
0
3.12072e-06
0
0
0.000958997
0.000534123
0.000933749
0
0.000295793
0.00107999
0.00010239
0.000658322
0
0
0.000263934
0.00051296
6.43841e-06
2.95513e-05
1.30375e-05
2.49093e-09
0.000407987
0.000604043
9.41743e-05
0
7.00205e-07
0
0
0.000310797
5.78355e-05
0
0
0
0.000212571
0.000601452
0
0
0.000817177
0.000793824
0
0.00036121
0
0.000461966
0
0.000321817
1.21694e-07
3.52043e-06
0
0.000437804
0
0.000462313
4.26961e-09
8.58735e-10
0
1.70798e-07
1.07452e-05
2.41839e-05
0
0.000848662
0
0.000177754
0.00104645
0.00116746
0
0.001025
0.00024584
5.41316e-05
0.000351557
0
0
0.000912407
0
0.000903095
0
0.00120712
0.000347359
0.000881071
3.70077e-07
0.00102899
0
5.18527e-08
0
0.000474591
0
0
4.10493e-06
0.000474269
0
0.000296166
4.871e-09
2.8933e-07
2.85164e-05
0.00010001
0.000678527
0
2.64643e-06
3.31777e-10
1.33012e-09
0.000682458
0.000972216
0
1.28982e-05
6.24298e-08
3.76683e-05
0.00103601
7.01976e-06
3.53836e-06
0.000137031
0.000220483
0
0
0.00016422
0.000124684
0.000203277
0.00118116
2.25986e-08
0
4.24043e-05
0.000354744
0.000133496
0
0
0.000282933
4.88328e-07
1.30809e-07
0
0
6.16277e-07
0.000709744
5.72896e-08
9.10492e-06
0
0
0
1.06275e-06
0.000611387
0.000547858
0.000195292
0.000136143
4.39174e-05
0
5.5569e-05
0.000191705
0
0.00107278
0.000698027
0
0.000661379
0
0.00066198
0.00125912
0.00120423
0.000138703
0
1.89253e-08
0
0.000517564
0
0.000138933
0
0
1.53441e-05
0.00025707
3.02027e-11
0.000349113
0.000227249
5.93101e-05
0.000472142
0.000251646
0
2.49898e-08
8.26888e-05
0.000756669
0
0
5.25203e-06
4.71629e-09
0.000206141
0.000133408
0.000220999
3.70342e-07
0.000312441
0.000618105
0
0
0.000633886
1.60586e-08
8.43729e-05
0
0.000142085
0.000490155
0
0.000203814
0.000482077
0
0.000923142
0
0.00101115
1.86351e-05
0.00051777
0.000672049
0
7.52066e-08
0.00080817
0
1.62852e-08
0.00104799
0.000103145
0.000345621
1.71716e-05
0
0.000444888
0
0.000894978
7.30093e-05
0.000950106
0.000145191
2.07479e-06
0.000555464
0.000124643
0.000440809
0
0
0.000883799
0
0.000129376
6.765e-06
0
0.000375079
0
0
2.70729e-05
0
0
1.23717e-05
0.000399982
0
0.000237078
0.000666032
0.000291148
0.00012144
0.000110647
0.00105142
0
0.000587182
0.000632961
8.39748e-05
0
0
0
0.00080596
0.000106062
1.36341e-08
0
0
2.49435e-05
0.000108327
0.00040607
2.12868e-06
0.000136168
0.000857436
0.000293675
0.000922306
0.000643153
1.31286e-08
3.68815e-05
0.00118263
0.00035967
3.41312e-06
0.000295453
0.000428871
3.73064e-05
0
0
0.00021144
0.000419049
0
3.57492e-05
0
6.63004e-05
0.000125341
5.78122e-05
1.30677e-05
0.00106949
0.000744085
0.000970805
0.000204901
0.000907528
0.000441204
0.000241819
0
0
0
0
0
9.18112e-05
2.0556e-08
0.000331202
0.00116135
0.000506952
0.000268345
0.000637875
1.44157e-07
0.000347979
0
0
0.000184948
0.000440915
0.000300284
0
4.11748e-05
0
2.45246e-06
0
0.00118213
0
0.000471193
0.000188431
6.51216e-09
0.000443845
0
0.000596654
0.000618471
0.000458217
0
0.000913214
3.39894e-05
0
0
3.10583e-10
2.62009e-07
1.90645e-05
0.000122178
0
0.000214266
6.91819e-07
8.29832e-07
0
0
0
0.000155433
0
0.000392608
2.42587e-09
0
0
2.36135e-06
2.08276e-09
2.9638e-09
0.00073996
0
0.000282455
0.000300354
0.000493583
2.37263e-06
5.2479e-08
5.6459e-05
0
0.00022876
0
0
0.00125416
7.13663e-08
0.00105514
9.65062e-07
2.9659e-09
0
0
0.000470866
0.00119938
0.000148731
0
4.63414e-06
0
5.74148e-07
7.86556e-08
2.80738e-08
0.000235468
0.000583548
0.000919262
0
4.10533e-05
0.000398249
1.72691e-10
0.000798223
1.15343e-08
7.02329e-05
0
2.52946e-07
0
0.000221452
0.000260282
0.000745223
0.000688682
0.000372596
0
0
0.0013189
5.18956e-07
0.000165562
9.99499e-05
0.000548603
0.000363129
0.000786405
0.000547168
7.73164e-08
0.000534914
0.000909779
0
0.000355374
9.34556e-06
0.000470366
0.000376833
4.15599e-05
0.000324141
0
6.64469e-05
0.000629054
0.000404324
0.000261279
0.000179994
3.73695e-05
0.00038186
5.02106e-05
0.000167742
0
0.00112149
0
4.08316e-05
0.00050217
0.00103373
2.29502e-07
6.34283e-08
0.000768862
0
6.9737e-05
0.00040684
0.00120033
0.000108107
5.94654e-08
0
0.000274645
0
4.45324e-06
0
0.000294621
0.000230924
0.000939202
0.000183395
0.00024721
6.13368e-05
6.82087e-06
0
0
0
0.000997842
0.00048747
0
0.00029917
0.000263628
0.000165694
4.73915e-09
0.000743755
0.000506952
0
0.000356686
0.000736082
0.000742157
9.79103e-06
5.41005e-06
0.000739883
0.000347773
0.000672358
2.75825e-06
3.59452e-05
0
1.90684e-07
0
1.37834e-08
0.000579205
0
4.64583e-07
9.21557e-06
0
0
0
0.000565064
0
1.08776e-07
3.07226e-08
0.000641164
0.000202948
9.85952e-05
0.000452823
0.000110216
0.000869149
2.7599e-09
0.00117119
2.14304e-08
4.21823e-08
0.00047594
0
0
0.000702082
2.9407e-07
0
0.000126262
0
0
0
0
9.12959e-07
0
0.000338599
0
0.000200606
0.00071429
0
0
0.000130532
0
0.000195272
0
0.000466805
4.21725e-05
8.77586e-05
0
0.000436401
0.000549641
7.31343e-05
2.36223e-07
0.000271893
1.94087e-06
5.56053e-05
4.59832e-07
0
1.00387e-07
5.47461e-08
0.000391405
5.86136e-07
0.000152269
3.78738e-06
3.15359e-05
3.48883e-06
0
0
0.000305778
0
0
0
0
1.40289e-05
0.00014688
0
0
0.000357926
1.12673e-06
1.9458e-09
0
0.000483283
0.000471925
5.90564e-05
1.4937e-07
8.36114e-05
0.000703944
3.03934e-06
0
0
6.28146e-05
1.41048e-06
2.81812e-07
0.000523717
0.000284364
3.30468e-05
0.000207572
0
0.00111792
0
0.000140232
0.000170646
0
0
0
0.000203121
1.55931e-06
0
2.99993e-06
0
0.000846696
0.000499496
3.82452e-05
0.00114766
0.000165381
2.69821e-05
0.00021044
0
7.24071e-09
0
0.00057187
0.000665412
5.99745e-05
0.000616856
0.000423692
9.54128e-08
0.000643236
1.37794e-05
1.1298e-05
0.000308987
0.000293675
2.13776e-07
0
1.85457e-06
0
1.20083e-07
0
0.000204405
0.000253472
0
0.000532921
0.000309384
0
0.000225406
1.27911e-07
0
0.000564437
0.00121162
1.61739e-05
0
0.00028021
0.00102736
0.000413283
0.000430525
0
4.4533e-09
0
0.000678886
1.21317e-05
5.18022e-05
9.06599e-08
0.000268335
0.000423784
2.60854e-06
0.000671443
2.13913e-06
0
0.000292204
0.000304638
0
3.51681e-05
4.94632e-05
0.000993513
0.000658671
7.00487e-08
3.59528e-05
0.000864588
0
0.00102812
1.38725e-09
0.000658004
0
0.000734733
0.000127064
3.11368e-05
0.000115478
0.000953119
0.000513209
0.000696919
0
0.000431906
0
0
0.000132229
0.000298394
0.00129158
0.000598814
7.09923e-07
0
3.26386e-08
1.19385e-08
0.000474493
0.000503943
3.16819e-06
2.60405e-08
0.000573003
0.000923431
0
0
0.000645277
0.00103103
1.13719e-08
0.000371016
0.000407467
0.000393523
7.79906e-05
1.19506e-07
0.000855351
0.00076615
0.000159715
6.80639e-06
0
0
0
0
0
0.000394227
0
1.63822e-08
0.000459861
0.00094305
0
0
0.000422258
4.02901e-07
0.000481196
0.000945961
0.000632087
0
0.000168391
0.000484534
0
0.000817644
0.000144582
0
0
0
0
0
0
0.000500573
0.000143224
1.37285e-07
0
9.24237e-05
0.000641754
5.83058e-08
0.000160639
1.31831e-05
0.000669744
0.000758311
0.000144609
0.000954078
0.000484312
9.985e-09
0.000159834
4.84635e-06
4.75644e-05
0
0
0
0
1.95547e-08
0.000524698
0.00107626
6.07961e-05
0
0
0.000282043
0.00107637
0
0
1.73798e-05
3.58115e-08
1.32179e-08
0.000158212
0.000140317
3.76866e-07
7.49672e-07
1.67221e-06
0.000392748
0
0.000159878
2.23392e-06
0.000348535
0.00034631
1.45126e-06
0.000463651
0.000355909
0
0
4.27436e-09
0
0.000156837
0.000856763
0.000418145
0.000355856
0.000995335
0.00047564
0.000840794
0
0.000471223
0
2.55359e-09
1.11211e-05
0.000883229
0.00103405
0
0
2.21184e-07
8.02101e-05
4.08675e-06
0.000517212
5.42233e-10
0.000365096
0.00059736
5.47649e-05
0
0.000679465
6.47715e-05
0.000205246
4.43733e-05
0
0.000539847
0
0
7.11408e-06
0
0
2.76982e-05
0
0
0
9.54281e-06
1.32524e-09
1.72845e-07
5.98756e-05
0
3.50561e-06
0
0
0
0.000106076
0
1.97491e-06
0
0
0
0.000444055
0.000648627
0.000320932
0
6.54185e-09
0
7.81446e-05
3.01543e-05
0
0.000439187
0
6.12329e-06
0.000737071
0.000481213
0
2.23356e-05
0
0.000885255
0
0
0
0
0
0
0
0.000498226
3.32514e-09
8.37981e-05
0.000159536
0.000182767
0.000503715
0.000699648
3.06627e-09
7.5822e-10
0.000259054
0
6.38887e-07
0.00024076
0
1.27869e-06
0.000205027
1.22964e-05
0.000530607
0
0.000536706
0
0.000770502
0.000811275
1.83128e-05
0
0.000426034
0.00083501
0.000255827
0.000174022
0
0.000553282
0
0
0
0
4.48644e-09
3.1022e-07
0.00064303
7.29363e-08
0
0
0
3.81927e-05
2.59365e-08
0.00129661
0
0.000774095
2.28086e-08
3.23212e-05
0.000609763
9.99532e-05
0.000289407
1.03707e-05
4.10522e-08
1.86301e-05
0.000606892
1.29704e-09
0.000407422
0.000849628
3.27436e-06
0
0.00108848
0.000370022
7.15779e-05
0
0
0.000562983
9.23379e-06
0.000116451
0
0.000708256
0
0
8.95311e-09
0.000159537
1.12187e-06
0.00108616
4.51122e-06
6.49578e-10
0
0.000940406
0
0.000376988
0.000338684
0
2.18577e-05
0
0.00114488
1.47522e-08
0
0
0
5.20815e-06
0
1.21612e-09
0.000256754
4.94854e-05
0
0.00123156
0
1.67194e-05
0.000437913
0
5.81496e-07
0
0.00102297
0.00014922
0
0
3.63711e-08
0
0.0004312
0.00112554
0
0.000942379
0.000230854
1.36028e-07
0.000844691
0
0
0.000335926
0.000650163
0
0.000475449
9.25388e-09
0.000331021
0
0.000725994
4.72632e-05
1.29871e-05
0.00101611
1.11647e-09
9.69668e-11
0
2.9453e-09
0
0
0.000106148
0.000730698
0
0
0.000267956
0
7.76839e-05
0
0
0
4.50941e-06
0.000570151
0.000850052
0.00011605
0
2.37687e-05
0.000170687
0
0.000400789
0
0
6.88713e-09
0.00106173
0.000594154
0
0
0
1.31235e-05
0
0.000112206
0
0
0.000446167
9.525e-05
4.99232e-08
0.00101515
1.54652e-05
0.000507917
0.00056703
0.000149613
0.000316805
2.97861e-05
0.000569548
0.0001483
0.000622347
0
0.000242945
0.000882846
0.000674411
0.000357777
0.000679515
0.000265195
0
0
6.1873e-08
0.000839593
0.000322176
0
2.58334e-05
0
0
0.000780091
0
8.61172e-05
4.17473e-09
4.37034e-09
0.000310826
0
0.00045339
5.26159e-05
0.000855952
0
0
1.39962e-05
2.19316e-08
0.0011596
0
0
0.000258739
8.64208e-06
0.000838739
0
0
0
1.10446e-06
2.05363e-05
1.99029e-06
0
0
0
7.64073e-10
0
2.26563e-05
9.23178e-06
0.000522679
0.0010074
5.44761e-07
0
0
3.37996e-05
0.000757645
8.96921e-07
0
0.000616853
0.000400647
0.000705738
6.9724e-05
0.000379085
0.000609852
0
0
3.46919e-05
0.000779281
5.27133e-05
0.000300924
7.07107e-05
0.000416225
0
0
3.80545e-06
0.000259646
0.000675693
0.000949384
0.00100696
0.000179027
0
3.11348e-05
0
0
0
0
0.000166309
0
0.000985672
3.72385e-05
0.000110122
0.000336973
0
0.000113644
0.000194073
1.00483e-06
2.832e-05
0.00117063
7.55209e-08
0.0004188
0.000252596
0
0
0.000472804
7.5051e-06
0
0.000602713
0.000396334
0.000552526
0
0
0.000141084
0.000394134
8.11405e-07
0.000569904
0.00111797
0
0
6.43181e-06
0.000487527
0
0.000226752
0
0
0.000174423
0
0
0
0.000698178
0
0
0.00112728
0
5.87611e-06
0.000393345
0
0
0.00016999
0.000717555
0.000431747
0
0
0
0.000107587
0.000112641
0
0.000133212
0
0.000806082
9.43816e-05
0.000389633
0
0.000792293
1.49015e-08
0.00109865
0.000782244
0.000374836
0
0
0.000447256
6.36323e-05
0
0.000810392
0.00033247
0
0
0
0
4.89183e-06
0
1.67394e-05
0.000400805
0
0.000455012
0
0
5.19662e-07
0.000815208
0.000102433
6.59132e-09
0.000112523
0
0.000262653
0.000745353
0
0
3.93346e-08
9.88309e-05
0.000211118
2.22847e-08
0.000203186
9.45212e-07
4.07995e-05
0.000457394
0
0
0.000302436
0.00018436
0.000506745
0
0
0
2.05322e-05
0.000438571
0
0.00105117
0
0.000130188
0.000414931
0
8.00957e-08
0.000145848
3.868e-07
7.78541e-07
3.55783e-05
0
0
5.38993e-05
0.000461919
0
0.000544122
0
0.00110499
0.000749917
0.000209162
1.00218e-05
1.4255e-07
1.27624e-06
0.000147469
0.000333244
0.000408356
1.73464e-05
0.00100608
3.02384e-06
0
0.00010691
0
8.53584e-05
0
0.000220421
0.00103613
0.00077914
9.63481e-08
2.40076e-08
0.000115732
3.21056e-07
3.02259e-10
0
0.00014508
0
4.17307e-05
0.000348061
0
7.92723e-08
1.02315e-05
0
2.06571e-07
0.000517716
0.000759033
6.14749e-07
0
0.000663535
0.000919477
0
0
1.0891e-05
2.70524e-06
0.00104822
0.000586295
0
0.000166781
0
0.00068996
5.73527e-05
0.000536114
5.11211e-05
0
0.000742438
2.16546e-09
4.15197e-08
0.0003752
4.4583e-08
0
6.92409e-07
0
0.000363835
8.74023e-10
0
0
4.94799e-05
0.000466983
6.03654e-09
0
0.000947797
0.00076144
0.000744737
9.35308e-05
0
0
0.000392472
0
0.0011766
4.84303e-05
0.000357151
0.000466179
0
4.01159e-07
0.000259002
0
2.46497e-05
0
0.000122059
3.02548e-08
0.00086819
0.000354643
0
1.29299e-05
4.72642e-09
0.000601473
2.27906e-06
0.000615122
2.07155e-09
0.000878255
0
0
3.34429e-06
0.000575604
0
0
1.38864e-08
0
1.81165e-08
0
8.91672e-09
0.000452057
0.000377454
1.77563e-08
5.91705e-05
1.90481e-07
4.48758e-05
0.00078584
0
0
1.00259e-08
0.000863492
0.000886994
0
0.000354149
0.000554109
0
0.00042108
0.00105209
0
0.000459759
0.000839053
0
1.21501e-06
0
3.70852e-05
6.98795e-05
0
9.53867e-07
9.16538e-09
0.000357494
0
0.000620477
8.24933e-05
0
2.33601e-05
0.000240713
5.70078e-09
9.86839e-05
0.00104857
0.000217791
4.74378e-05
0.000208554
0.000224522
0.000157592
1.77604e-06
0.00079793
0.000367111
0.000834566
7.47552e-05
0
0
0
2.76689e-05
0.000902871
0
0.000221226
2.53149e-05
4.53428e-05
0.000480781
3.33157e-05
5.33001e-07
1.74969e-05
0.000113195
0.000359047
1.75174e-07
0.000319581
1.80703e-09
0.000983888
0.000463017
4.93027e-06
0.000553355
0.000172738
0.00093372
0
0
0
2.16117e-05
0.00119093
0.00116854
0
0
0.000288714
0
7.30505e-05
0.000861145
7.62521e-07
0
0
0.000711968
1.92111e-09
0.00015052
0.000232589
0
0
0
0.00106486
0.000295794
3.33002e-06
0.000967291
0.000586107
0.000466852
0.00128386
0.000199666
2.54695e-08
0
0
0
0.000200219
5.63759e-08
0.00114435
1.1917e-09
0.000265071
0.000944213
0
0.000232643
0.00113971
0.000106647
0.000200697
0
4.50097e-05
0
1.8612e-09
6.09764e-05
0
2.29448e-09
0
5.97418e-06
0
0.000727109
0
0
0
0
2.90337e-06
0.000275792
0.000244995
0
9.9817e-05
0.000933751
0
0.000729769
0
0
0
8.56169e-08
0.000521807
5.19149e-06
1.31505e-05
3.02022e-08
1.25735e-07
0.000566489
0.000103114
0
0.000491279
0
0
0.00117238
0.000436467
0.000451319
5.08242e-05
0
0.000281224
0.00125073
0
0
1.6366e-08
0.000633155
3.71311e-08
4.50544e-05
0
0
0.000623658
0.000434961
0.000291427
0
0.000567431
0
0.00067885
4.17878e-08
1.38183e-07
0.000270255
3.86471e-06
0
0.000615056
0
0
2.20324e-06
0
0.00110412
0.000276372
0
0
0.000707475
0
0.000446487
2.85764e-08
2.26282e-05
0
0.000443769
0.00046741
0.000581077
0.000144606
8.84917e-05
0.000438807
0.000584931
0
7.63688e-08
0.00108727
1.1828e-08
0
3.14393e-06
1.0755e-08
1.43598e-09
0
0
1.19205e-05
0
1.36819e-09
0.000136478
0.000340987
0
0
9.83944e-09
0
0.000282433
0.000795001
3.05134e-07
8.30286e-08
0
0.000780223
0.000549802
0
0.000264599
1.14188e-05
0.000178234
0.000316801
0.000930497
0
0.000415918
0.000656822
0.000401616
0
0.000831579
9.04007e-05
0.00079383
0.00034974
0.000817407
0.000881561
1.00466e-07
3.63575e-05
3.40099e-10
0.000329691
0.000691084
0.000990504
0.00036306
0.000102559
0
6.00031e-06
0.000665362
0.000368178
0.000519373
0.000170663
0.000249686
5.96293e-06
0.000258891
3.24846e-10
6.35392e-06
0.00046148
0.00117138
7.29451e-08
4.39787e-07
0
0
0.000926829
0.000213523
0.000103168
0
1.74161e-09
8.10137e-10
0.000741692
0.000567665
0
1.72383e-09
2.24264e-08
0
0.00105342
0.000420858
0.000705938
0
2.56095e-05
0.000265017
0
0.000394854
1.53632e-07
0.000534455
0
0.00081186
0.000126083
0
0.000162337
7.35026e-05
7.14804e-06
0
0
8.42882e-05
0.000718059
0.000657222
5.25996e-06
0
0.000220799
7.70412e-06
0.00106122
0.000252341
0
0.000765817
0.000711378
0
0.000129259
0.000299327
6.27708e-05
0
4.43454e-06
0
0.00129083
0.000591564
0.000220149
0.000422545
1.42815e-05
0.000298863
8.64299e-05
0.000980397
0
0.000208825
1.29638e-08
0.000585835
1.03257e-05
0
0
0.000867604
0.000413091
9.76371e-09
0.000168523
0
1.33438e-05
0.000354803
2.37647e-07
0
0.00111653
0.000124719
8.42415e-05
7.61392e-05
0.000596234
4.80533e-05
0
9.17431e-05
0.000566931
0.000188946
0
6.44095e-07
0.00117638
0.000282762
0
0.00130412
0
0.000798505
0
0.00018246
0
0.000796462
0
0.00103235
0
8.54272e-05
0.000398297
2.06762e-05
0.000250021
0
0
0.000364071
0.000210218
0.000185897
0
7.6813e-05
1.4901e-06
0
0
0.000590475
0.000221862
0
0.000903481
0.00020786
0.000705867
0.000969091
0
0.000445279
0.00045575
0.000499583
3.3002e-06
4.75022e-05
0
6.43184e-05
0.00100262
0.000719726
0.000813493
5.70245e-05
0
0.000436585
0.000959491
3.32882e-05
1.31817e-08
0
2.24318e-09
0.000215522
0.000373125
0.000286855
0.00026983
0
0.00104601
0
4.45918e-08
0.000232884
0.000285473
0.000717215
0.000206847
2.36687e-08
0.000655682
0.000596571
0
0.000631709
5.22866e-08
0.000833887
7.21967e-07
2.22491e-06
0.000364305
0.000698321
0
0.000280079
0.00031933
8.74043e-06
0.000513588
5.49085e-05
0.000524714
0.00105003
0.000125487
0.000325945
8.67262e-06
0.000340636
0.000729227
4.81999e-08
9.78102e-06
0.000392655
9.9485e-05
6.11702e-10
0.000809915
0
3.52655e-05
0.0008437
0.000281919
0
0
0
0.000631481
0
0
0.000149065
0.000117369
3.39821e-05
0.000649901
0
0
0.000510467
3.43148e-09
0.000757306
0.000106195
4.43134e-06
0
0
0.000256942
3.06154e-07
0
2.14355e-05
0
0.000378308
0.000885773
3.54696e-06
0.000218746
8.75875e-07
0.000411372
3.85783e-06
2.85546e-07
1.26199e-09
0.000668526
0.000154674
0.000137933
0.000245324
6.32834e-08
0.000147122
0
0
0.00115462
3.90171e-05
0.000189907
0.00014624
0.00110887
0.000964504
0.000465443
0.000526053
0.000401396
0.00100952
0.000615571
8.49426e-05
0.000139344
0
0.000466067
0.000733328
0
0
0.000580428
0.00085755
0
0.000172233
0
0
0
3.40059e-09
8.19698e-09
0
0
0.000247226
0
0.000572577
0.000804879
0
4.88477e-08
3.70549e-05
0
0.000608744
7.40337e-05
0
2.37149e-05
0
1.9229e-06
0.00024285
0
0.000229654
0.000553064
0.00016735
0.000421842
0
0.000171967
1.3985e-08
0
0
8.71254e-06
0.00131882
3.45717e-05
0
3.99745e-05
0
0
0
0.000448084
0.000751135
1.49724e-06
0.000362495
0.000302382
0
4.68426e-07
0
0
0
0
2.04607e-09
0.000672399
2.44685e-05
0.000205291
0.00076909
0.000485294
0.000900983
0.000244767
0.000406204
0.000198541
4.16586e-05
0.000376501
0.00019077
0
9.40615e-07
0.00048011
0
0
0
4.65198e-05
0.000483834
0.000243627
0.000418967
8.60201e-06
0.000832424
0.00022385
2.49145e-05
0
0.000385083
1.0179e-09
1.67995e-05
0.000662572
0
0
0
0.00026995
0
1.34098e-06
0
0
0
0.000259544
0.000599164
0.000204961
2.06212e-06
0.00074505
0.000991171
0.000974566
0.000559752
2.01005e-08
1.85177e-05
0.000851248
0
0.000225113
1.92197e-06
0.00036346
0
0
0
0
0.000346554
0.000487697
0
3.86348e-05
0.000408862
7.78911e-05
8.98258e-06
8.33342e-05
0.000522775
0
0
0.000286158
0
0
4.41517e-06
0.000341676
3.94463e-08
1.40985e-07
0.000638762
0
0
0.000447198
0
0
0.000643549
0.000832866
1.3201e-07
0.000123493
0.00104757
0.000348598
0
0
0
1.08115e-05
0.000720353
0
4.99965e-06
0
0
0.000853209
0.000745554
0.00123508
0.000628629
0
0.000753651
5.97815e-07
0
0
1.9333e-07
5.93495e-07
1.48613e-09
8.70625e-05
0
6.54836e-05
0.000614681
3.10579e-06
0.00113517
0.000353918
0
9.38217e-06
0.000485526
0
0
0
0.000346561
0.000175892
2.29708e-05
0.00106029
6.26078e-06
0
0
0.000434868
0.000383594
9.92752e-05
0.000670564
5.13459e-05
0
0.00103921
0.000615896
0.000332735
0.000305514
0
0
0.00124961
8.72266e-05
0.000519136
0
0.000629223
0.000278618
0
0.000874407
0.000167949
4.41663e-07
0.000876696
0.000975716
0.00042537
0.000234443
0.000106835
0
0
0.00105477
0.000474132
0.000521043
0
6.57973e-08
5.69017e-09
8.17221e-05
0
1.40188e-07
1.0436e-05
0.000582568
0.000484219
0
0
6.01182e-05
0.000813808
0
0.000701959
0.000555479
1.44684e-08
0.000105265
0.000248536
2.55059e-05
0
0
3.13401e-05
0.000315168
0.000170346
0
1.30215e-09
0
0.000684264
0
3.48571e-06
1.30718e-09
2.83432e-05
0
5.45987e-05
0.000236998
0.00064638
0.000440541
4.36241e-06
0
0
2.44911e-07
1.35322e-09
1.31912e-09
0.000241368
0.000103531
1.67592e-08
1.1888e-09
0.000555633
0
0
0.000437253
0
0.000711264
0.000305486
0.000145372
0.00105051
1.40754e-06
0.00024684
1.44629e-08
2.29114e-08
0
1.1163e-06
0.000620723
1.26479e-06
1.72677e-09
0.0010996
0
0.000745862
3.40376e-09
0
1.80008e-08
2.71505e-05
0.000210112
0
0
0
0
0
0
0.000491142
0
3.85328e-09
0.000672887
0.000501862
0
0.000135104
0.00018583
0.000558928
0
0
3.47214e-06
0
0.000817311
0.0003479
0.000649884
0.000398613
0
2.98983e-09
0.000123435
0.000592245
0
0.000129239
0
0
0
0.000318982
6.95679e-05
1.18069e-05
6.97865e-06
2.68714e-08
0
0
0.000355868
0
9.15736e-05
0.000357872
3.39792e-06
0
0.000487691
3.74263e-06
0.000518017
4.62681e-07
5.23398e-05
0.000165677
0
7.29519e-05
0.000630123
6.89688e-07
0.000488661
0
0
6.10826e-06
0.000412577
0
6.27034e-05
0.000394767
0.000743273
2.81316e-09
0
0.000802334
0.000578
2.19657e-09
8.5377e-06
0.000106229
0
0.000258579
0
0
0
0
0.000449994
0.000604506
4.81361e-08
3.32018e-05
1.32127e-08
0
0.000134945
8.28227e-08
0.000135201
0
0.000842401
0
0
0.000808908
4.59147e-07
1.4868e-05
0
0
1.76504e-06
0.000353213
0.000492346
0.000938404
0
0.000456176
0.000859847
0
0.000208567
0.00106146
6.58974e-06
1.95165e-08
0.00117621
0
